timestamp,open,high,low,close,volume
2024-12-06T07:00:00Z,1.05742,1.05845,1.05701,1.05836,7003
2024-12-06T08:00:00Z,1.05837,1.05940,1.05765,1.05820,17331
2024-12-06T09:00:00Z,1.05819,1.05834,1.05713,1.05772,13481
2024-12-06T10:00:00Z,1.05773,1.05849,1.05715,1.05825,9881
2024-12-06T11:00:00Z,1.05826,1.05888,1.05766,1.05869,10923
2024-12-06T12:00:00Z,1.05869,1.05884,1.05805,1.05812,12677
2024-12-06T13:00:00Z,1.05812,1.06298,1.05791,1.06042,44476
2024-12-06T14:00:00Z,1.06043,1.06072,1.05680,1.05788,46065
2024-12-06T15:00:00Z,1.05788,1.05788,1.05441,1.05633,35187
2024-12-06T16:00:00Z,1.05633,1.05754,1.05539,1.05624,20991
2024-12-06T17:00:00Z,1.05624,1.05624,1.05471,1.05510,18722
2024-12-06T18:00:00Z,1.05510,1.05611,1.05461,1.05494,8018
2024-12-06T19:00:00Z,1.05495,1.05550,1.05423,1.05543,8006
2024-12-06T20:00:00Z,1.05544,1.05639,1.05540,1.05634,5349
2024-12-06T21:00:00Z,1.05635,1.05694,1.05616,1.05673,5977
2024-12-08T22:00:00Z,1.05544,1.05635,1.05544,1.05624,1372
2024-12-08T23:00:00Z,1.05623,1.05692,1.05596,1.05656,4479
2024-12-09T00:00:00Z,1.05657,1.05659,1.05555,1.05592,6875
2024-12-09T01:00:00Z,1.05593,1.05610,1.05511,1.05518,10541
2024-12-09T02:00:00Z,1.05519,1.05561,1.05505,1.05548,7282
2024-12-09T03:00:00Z,1.05547,1.05563,1.05366,1.05372,8603
2024-12-09T04:00:00Z,1.05373,1.05399,1.05320,1.05346,7478
2024-12-09T05:00:00Z,1.05347,1.05382,1.05337,1.05370,7008
2024-12-09T06:00:00Z,1.05371,1.05449,1.05365,1.05443,8570
2024-12-09T07:00:00Z,1.05442,1.05664,1.05411,1.05642,19486
2024-12-09T08:00:00Z,1.05641,1.05704,1.05566,1.05674,25922
2024-12-09T09:00:00Z,1.05673,1.05751,1.05615,1.05661,17019
2024-12-09T10:00:00Z,1.05662,1.05853,1.05662,1.05803,16671
2024-12-09T11:00:00Z,1.05803,1.05850,1.05675,1.05688,11139
2024-12-09T12:00:00Z,1.05688,1.05711,1.05578,1.05657,12327
2024-12-09T13:00:00Z,1.05656,1.05776,1.05581,1.05761,22528
2024-12-09T14:00:00Z,1.05762,1.05847,1.05716,1.05781,19798
2024-12-09T15:00:00Z,1.05781,1.05928,1.05717,1.05911,18214
2024-12-09T16:00:00Z,1.05912,1.05944,1.05681,1.05703,12106
2024-12-09T17:00:00Z,1.05702,1.05743,1.05666,1.05669,7041
2024-12-09T18:00:00Z,1.05668,1.05676,1.05604,1.05636,6527
2024-12-09T19:00:00Z,1.05636,1.05645,1.05516,1.05552,6998
2024-12-09T20:00:00Z,1.05552,1.05576,1.05471,1.05500,6139
2024-12-09T21:00:00Z,1.05501,1.05549,1.05501,1.05531,3535
2024-12-09T22:00:00Z,1.05529,1.05557,1.05479,1.05537,1927
2024-12-09T23:00:00Z,1.05537,1.05571,1.05527,1.05541,2964
2024-12-10T00:00:00Z,1.05542,1.05545,1.05490,1.05530,7891
2024-12-10T01:00:00Z,1.05530,1.05536,1.05452,1.05529,12173
2024-12-10T02:00:00Z,1.05530,1.05614,1.05515,1.05532,11365
2024-12-10T03:00:00Z,1.05533,1.05576,1.05489,1.05564,9166
2024-12-10T04:00:00Z,1.05566,1.05599,1.05562,1.05575,5673
2024-12-10T05:00:00Z,1.05574,1.05625,1.05541,1.05619,6815
2024-12-10T06:00:00Z,1.05620,1.05680,1.05609,1.05665,8559
2024-12-10T07:00:00Z,1.05664,1.05664,1.05469,1.05488,13859
2024-12-10T08:00:00Z,1.05487,1.05515,1.05377,1.05377,15058
2024-12-10T09:00:00Z,1.05376,1.05381,1.05230,1.05311,16277
2024-12-10T10:00:00Z,1.05311,1.05378,1.05259,1.05280,13085
2024-12-10T11:00:00Z,1.05280,1.05328,1.05240,1.05312,12327
2024-12-10T12:00:00Z,1.05313,1.05337,1.05203,1.05306,15872
2024-12-10T13:00:00Z,1.05307,1.05318,1.05158,1.05230,16261
2024-12-10T14:00:00Z,1.05231,1.05311,1.05193,1.05196,15708
2024-12-10T15:00:00Z,1.05197,1.05257,1.04984,1.05037,22422
2024-12-10T16:00:00Z,1.05039,1.05125,1.04997,1.05116,13305
2024-12-10T17:00:00Z,1.05117,1.05166,1.05046,1.05096,9975
2024-12-10T18:00:00Z,1.05095,1.05268,1.05086,1.05254,9985
2024-12-10T19:00:00Z,1.05254,1.05312,1.05242,1.05268,7467
2024-12-10T20:00:00Z,1.05267,1.05305,1.05238,1.05263,6709
2024-12-10T21:00:00Z,1.05264,1.05287,1.05236,1.05268,2470
2024-12-10T22:00:00Z,1.05261,1.05283,1.05260,1.05281,263
2024-12-10T23:00:00Z,1.05282,1.05318,1.05280,1.05311,1919
2024-12-11T00:00:00Z,1.05312,1.05323,1.05276,1.05288,5100
2024-12-11T01:00:00Z,1.05288,1.05355,1.05281,1.05346,9931
2024-12-11T02:00:00Z,1.05345,1.05393,1.05330,1.05368,7915
2024-12-11T03:00:00Z,1.05369,1.05376,1.05277,1.05282,7994
2024-12-11T04:00:00Z,1.05281,1.05303,1.05204,1.05245,6262
2024-12-11T05:00:00Z,1.05245,1.05269,1.05209,1.05239,6630
2024-12-11T06:00:00Z,1.05239,1.05279,1.05224,1.05259,7361
2024-12-11T07:00:00Z,1.05260,1.05284,1.04880,1.04899,29242
2024-12-11T08:00:00Z,1.04900,1.05124,1.04896,1.05055,14925
2024-12-11T09:00:00Z,1.05055,1.05097,1.04964,1.05005,22493
2024-12-11T10:00:00Z,1.05004,1.05014,1.04870,1.04950,16368
2024-12-11T11:00:00Z,1.04949,1.05052,1.04901,1.05033,12977
2024-12-11T12:00:00Z,1.05033,1.05181,1.05000,1.05030,15604
2024-12-11T13:00:00Z,1.05032,1.05373,1.05027,1.05241,36556
2024-12-11T14:00:00Z,1.05238,1.05291,1.04940,1.05007,34426
2024-12-11T15:00:00Z,1.05007,1.05081,1.04802,1.04906,28834
2024-12-11T16:00:00Z,1.04907,1.05119,1.04852,1.05078,17426
2024-12-11T17:00:00Z,1.05079,1.05116,1.04861,1.04876,13088
2024-12-11T18:00:00Z,1.04876,1.04999,1.04832,1.04845,16333
2024-12-11T19:00:00Z,1.04844,1.04941,1.04816,1.04911,10382
2024-12-11T20:00:00Z,1.04912,1.04953,1.04882,1.04926,6290
2024-12-11T21:00:00Z,1.04926,1.04972,1.04925,1.04933,2644
2024-12-11T22:00:00Z,1.04935,1.04971,1.04904,1.04962,1633
2024-12-11T23:00:00Z,1.04962,1.05064,1.04962,1.05061,1209
2024-12-12T00:00:00Z,1.05059,1.05085,1.05024,1.05040,598
2024-12-12T01:00:00Z,1.05065,1.05087,1.05032,1.05060,2699
2024-12-12T02:00:00Z,1.05061,1.05072,1.05019,1.05033,3078
2024-12-12T03:00:00Z,1.05033,1.05085,1.05009,1.05053,2107
2024-12-12T04:00:00Z,1.05052,1.05090,1.05043,1.05089,1743
2024-12-12T05:00:00Z,1.05090,1.05095,1.05034,1.05064,3268
2024-12-12T06:00:00Z,1.05065,1.05141,1.05044,1.05140,2894
2024-12-12T07:00:00Z,1.05140,1.05308,1.05126,1.05163,10339
2024-12-12T08:00:00Z,1.05162,1.05207,1.05046,1.05091,12154
2024-12-12T09:00:00Z,1.05090,1.05171,1.05054,1.05100,5040
2024-12-12T10:00:00Z,1.05100,1.05141,1.04952,1.04965,6497
2024-12-12T11:00:00Z,1.04965,1.05076,1.04942,1.05025,7307
2024-12-12T12:00:00Z,1.05025,1.05040,1.04889,1.04890,6214
2024-12-12T13:00:00Z,1.04892,1.05019,1.04694,1.04846,21964
2024-12-12T14:00:00Z,1.04850,1.05203,1.04720,1.05193,32446
2024-12-12T15:00:00Z,1.05195,1.05209,1.04637,1.04728,40355
2024-12-12T16:00:00Z,1.04727,1.05157,1.04718,1.05132,25269
2024-12-12T17:00:00Z,1.05132,1.05174,1.04951,1.05006,17123
2024-12-12T18:00:00Z,1.05007,1.05024,1.04820,1.04823,15763
2024-12-12T19:00:00Z,1.04822,1.04851,1.04724,1.04726,10451
2024-12-12T20:00:00Z,1.04725,1.04746,1.04646,1.04671,7820
2024-12-12T21:00:00Z,1.04672,1.04720,1.04641,1.04663,3131
2024-12-12T22:00:00Z,1.04653,1.04712,1.04653,1.04702,1564
2024-12-12T23:00:00Z,1.04701,1.04739,1.04645,1.04736,2686
2024-12-13T00:00:00Z,1.04736,1.04805,1.04700,1.04793,8482
2024-12-13T01:00:00Z,1.04794,1.04808,1.04633,1.04651,5911
2024-12-13T02:00:00Z,1.04652,1.04667,1.04601,1.04606,4735
2024-12-13T03:00:00Z,1.04606,1.04650,1.04595,1.04602,2624
2024-12-13T04:00:00Z,1.04602,1.04635,1.04562,1.04634,2063
2024-12-13T05:00:00Z,1.04636,1.04657,1.04603,1.04652,2471
2024-12-13T06:00:00Z,1.04653,1.04661,1.04566,1.04656,2915
2024-12-13T07:00:00Z,1.04655,1.04655,1.04531,1.04592,8159
2024-12-13T08:00:00Z,1.04592,1.04717,1.04562,1.04687,7959
2024-12-13T09:00:00Z,1.04686,1.04940,1.04663,1.04871,7081
2024-12-13T10:00:00Z,1.04873,1.04958,1.04834,1.04870,20798
2024-12-13T11:00:00Z,1.04870,1.04944,1.04863,1.04887,5768
2024-12-13T12:00:00Z,1.04887,1.05193,1.04879,1.05159,9202
2024-12-13T13:00:00Z,1.05161,1.05241,1.05089,1.05102,16758
2024-12-13T14:00:00Z,1.05102,1.05103,1.04885,1.04906,10192
2024-12-13T15:00:00Z,1.04904,1.04954,1.04822,1.04890,12864
2024-12-13T16:00:00Z,1.04890,1.05060,1.04868,1.04977,13836
2024-12-13T17:00:00Z,1.04978,1.05042,1.04912,1.04963,10971
2024-12-13T18:00:00Z,1.04964,1.04986,1.04891,1.04958,9669
2024-12-13T19:00:00Z,1.04958,1.05024,1.04919,1.04946,6505
2024-12-13T20:00:00Z,1.04949,1.04975,1.04927,1.04970,5234
2024-12-13T21:00:00Z,1.04971,1.05045,1.04958,1.05017,3265
2024-12-15T22:00:00Z,1.04854,1.05008,1.04847,1.04931,3484
2024-12-15T23:00:00Z,1.04953,1.05107,1.04953,1.05096,4620
2024-12-16T00:00:00Z,1.05095,1.05189,1.05091,1.05143,6499
2024-12-16T01:00:00Z,1.05143,1.05213,1.05123,1.05188,9747
2024-12-16T02:00:00Z,1.05189,1.05228,1.05097,1.05124,7795
2024-12-16T03:00:00Z,1.05125,1.05152,1.05097,1.05117,6023
2024-12-16T04:00:00Z,1.05119,1.05164,1.05118,1.05159,4641
2024-12-16T05:00:00Z,1.05159,1.05214,1.05157,1.05196,4796
2024-12-16T06:00:00Z,1.05196,1.05206,1.05116,1.05135,6675
2024-12-16T07:00:00Z,1.05136,1.05208,1.05043,1.05048,12917
2024-12-16T08:00:00Z,1.05048,1.05247,1.05002,1.05083,24505
2024-12-16T09:00:00Z,1.05090,1.05210,1.05035,1.05050,17989
2024-12-16T10:00:00Z,1.05051,1.05062,1.04884,1.04890,7977
2024-12-16T11:00:00Z,1.04890,1.04924,1.04833,1.04906,3821
2024-12-16T12:00:00Z,1.04906,1.04999,1.04898,1.04906,7941
2024-12-16T13:00:00Z,1.04906,1.05081,1.04904,1.05075,13319
2024-12-16T14:00:00Z,1.05075,1.05081,1.04745,1.04825,15401
2024-12-16T15:00:00Z,1.04827,1.05127,1.04826,1.05065,16640
2024-12-16T16:00:00Z,1.05066,1.05131,1.04951,1.05113,14200
2024-12-16T17:00:00Z,1.05113,1.05205,1.05055,1.05111,8337
2024-12-16T18:00:00Z,1.05112,1.05216,1.05058,1.05206,4842
2024-12-16T19:00:00Z,1.05205,1.05226,1.05065,1.05099,4291
2024-12-16T20:00:00Z,1.05099,1.05111,1.05066,1.05081,3366
2024-12-16T21:00:00Z,1.05082,1.05155,1.05068,1.05094,1658
2024-12-16T22:00:00Z,1.05094,1.05113,1.05073,1.05085,1371
2024-12-16T23:00:00Z,1.05086,1.05185,1.05086,1.05170,1183
2024-12-17T00:00:00Z,1.05170,1.05343,1.05149,1.05287,4022
2024-12-17T01:00:00Z,1.05291,1.05299,1.05188,1.05214,3495
2024-12-17T02:00:00Z,1.05212,1.05267,1.05167,1.05172,4290
2024-12-17T03:00:00Z,1.05171,1.05194,1.05113,1.05122,2638
2024-12-17T04:00:00Z,1.05123,1.05125,1.05078,1.05081,1964
2024-12-17T05:00:00Z,1.05081,1.05100,1.05026,1.05046,3567
2024-12-17T06:00:00Z,1.05046,1.05077,1.04975,1.05028,4367
2024-12-17T07:00:00Z,1.05028,1.05091,1.04956,1.04975,6400
2024-12-17T08:00:00Z,1.04974,1.05003,1.04851,1.04891,9375
2024-12-17T09:00:00Z,1.04890,1.04890,1.04804,1.04852,13591
2024-12-17T10:00:00Z,1.04854,1.04896,1.04790,1.04880,11775
2024-12-17T11:00:00Z,1.04880,1.04940,1.04839,1.04913,7064
2024-12-17T12:00:00Z,1.04913,1.05016,1.04882,1.05012,5345
2024-12-17T13:00:00Z,1.05013,1.05066,1.04919,1.05047,11378
2024-12-17T14:00:00Z,1.05046,1.05115,1.04977,1.05049,12196
2024-12-17T15:00:00Z,1.05050,1.05093,1.04957,1.04989,14135
2024-12-17T16:00:00Z,1.04989,1.05061,1.04945,1.05051,7729
2024-12-17T17:00:00Z,1.05051,1.05159,1.04980,1.04996,9382
2024-12-17T18:00:00Z,1.04996,1.05041,1.04901,1.04934,5975
2024-12-17T19:00:00Z,1.04934,1.04952,1.04879,1.04883,3687
2024-12-17T20:00:00Z,1.04883,1.04906,1.04851,1.04881,3275
2024-12-17T21:00:00Z,1.04880,1.04928,1.04866,1.04903,1520
2024-12-17T22:00:00Z,1.04904,1.04944,1.04900,1.04918,794
2024-12-17T23:00:00Z,1.04920,1.04952,1.04917,1.04944,1011
2024-12-18T00:00:00Z,1.04943,1.05027,1.04928,1.04992,2483
2024-12-18T01:00:00Z,1.04991,1.05027,1.04955,1.05021,3011
2024-12-18T02:00:00Z,1.05025,1.05037,1.04962,1.05009,3049
2024-12-18T03:00:00Z,1.05008,1.05027,1.04987,1.04990,3058
2024-12-18T04:00:00Z,1.04989,1.05056,1.04960,1.05030,2740
2024-12-18T05:00:00Z,1.05029,1.05046,1.05002,1.05022,2137
2024-12-18T06:00:00Z,1.05022,1.05118,1.05014,1.05111,2746
2024-12-18T07:00:00Z,1.05113,1.05127,1.04935,1.04968,6341
2024-12-18T08:00:00Z,1.04967,1.04989,1.04874,1.04932,6910
2024-12-18T09:00:00Z,1.04931,1.04984,1.04911,1.04941,6091
2024-12-18T10:00:00Z,1.04942,1.05002,1.04890,1.04985,5318
2024-12-18T11:00:00Z,1.04986,1.05034,1.04946,1.04966,5289
2024-12-18T12:00:00Z,1.04966,1.05019,1.04857,1.04905,6241
2024-12-18T13:00:00Z,1.04905,1.04985,1.04825,1.04919,11502
2024-12-18T14:00:00Z,1.04919,1.05032,1.04873,1.04964,13345
2024-12-18T15:00:00Z,1.04964,1.04987,1.04700,1.04738,17781
2024-12-18T16:00:00Z,1.04738,1.04809,1.04671,1.04690,11233
2024-12-18T17:00:00Z,1.04691,1.04800,1.04688,1.04753,8216
2024-12-18T18:00:00Z,1.04754,1.04924,1.04736,1.04864,5909
2024-12-18T19:00:00Z,1.04857,1.04857,1.03732,1.03774,33245
2024-12-18T20:00:00Z,1.03774,1.03803,1.03439,1.03649,27293
2024-12-18T21:00:00Z,1.03650,1.03758,1.03483,1.03513,6197
2024-12-18T22:00:00Z,1.03507,1.03535,1.03472,1.03504,1638
2024-12-18T23:00:00Z,1.03503,1.03605,1.03473,1.03506,3313
2024-12-19T00:00:00Z,1.03506,1.03799,1.03504,1.03729,6482
2024-12-19T01:00:00Z,1.03732,1.03798,1.03710,1.03781,5739
2024-12-19T02:00:00Z,1.03783,1.03905,1.03724,1.03900,5491
2024-12-19T03:00:00Z,1.03900,1.03909,1.03744,1.03782,4433
2024-12-19T04:00:00Z,1.03781,1.03821,1.03749,1.03789,3364
2024-12-19T05:00:00Z,1.03789,1.03855,1.03760,1.03820,4565
2024-12-19T06:00:00Z,1.03819,1.03880,1.03772,1.03851,6328
2024-12-19T07:00:00Z,1.03851,1.04094,1.03849,1.03949,10479
2024-12-19T08:00:00Z,1.03949,1.04092,1.03904,1.04083,14847
2024-12-19T09:00:00Z,1.04083,1.04222,1.04080,1.04124,16756
2024-12-19T10:00:00Z,1.04123,1.04158,1.04041,1.04052,10447
2024-12-19T11:00:00Z,1.04051,1.04152,1.03999,1.04034,10930
2024-12-19T12:00:00Z,1.04035,1.04102,1.03907,1.03935,24636
2024-12-19T13:00:00Z,1.03934,1.04139,1.03858,1.03989,24233
2024-12-19T14:00:00Z,1.03988,1.04072,1.03939,1.03955,17916
2024-12-19T15:00:00Z,1.03955,1.04018,1.03767,1.03799,24198
2024-12-19T16:00:00Z,1.03798,1.03843,1.03561,1.03566,19396
2024-12-19T17:00:00Z,1.03567,1.03762,1.03545,1.03615,19628
2024-12-19T18:00:00Z,1.03616,1.03754,1.03552,1.03740,18196
2024-12-19T19:00:00Z,1.03740,1.03772,1.03612,1.03613,9765
2024-12-19T20:00:00Z,1.03614,1.03691,1.03586,1.03681,9108
2024-12-19T21:00:00Z,1.03679,1.03681,1.03605,1.03605,2190
2024-12-19T22:00:00Z,1.03599,1.03654,1.03599,1.03647,851
2024-12-19T23:00:00Z,1.03649,1.03653,1.03608,1.03643,1646
2024-12-20T00:00:00Z,1.03644,1.03692,1.03616,1.03651,3336
2024-12-20T01:00:00Z,1.03650,1.03675,1.03587,1.03633,4912
2024-12-20T02:00:00Z,1.03632,1.03647,1.03600,1.03634,3340
2024-12-20T03:00:00Z,1.03634,1.03656,1.03590,1.03618,3069
2024-12-20T04:00:00Z,1.03619,1.03629,1.03583,1.03587,2349
2024-12-20T05:00:00Z,1.03587,1.03666,1.03566,1.03662,2838
2024-12-20T06:00:00Z,1.03662,1.03773,1.03429,1.03747,8701
2024-12-20T07:00:00Z,1.03748,1.03853,1.03724,1.03828,9052
2024-12-20T08:00:00Z,1.03828,1.03983,1.03780,1.03921,10085
2024-12-20T09:00:00Z,1.03921,1.03922,1.03759,1.03828,11794
2024-12-20T10:00:00Z,1.03828,1.03931,1.03813,1.03917,12045
2024-12-20T11:00:00Z,1.03917,1.03974,1.03796,1.03915,17111
2024-12-20T12:00:00Z,1.03916,1.04002,1.03879,1.03895,17002
2024-12-20T13:00:00Z,1.03895,1.04190,1.03877,1.04073,24200
2024-12-20T14:00:00Z,1.04072,1.04088,1.03860,1.03934,22788
2024-12-20T15:00:00Z,1.03944,1.04073,1.03910,1.03967,26131
2024-12-20T16:00:00Z,1.03967,1.04354,1.03959,1.04281,20971
2024-12-20T17:00:00Z,1.04282,1.04448,1.04256,1.04285,32366
2024-12-20T18:00:00Z,1.04284,1.04429,1.04222,1.04368,15362
2024-12-20T19:00:00Z,1.04367,1.04474,1.04339,1.04447,11386
2024-12-20T20:00:00Z,1.04446,1.04471,1.04285,1.04287,10266
2024-12-20T21:00:00Z,1.04287,1.04336,1.04219,1.04254,6265
2024-12-22T22:00:00Z,1.04308,1.04451,1.04279,1.04318,1577
2024-12-22T23:00:00Z,1.04325,1.04432,1.04302,1.04336,5967
2024-12-23T00:00:00Z,1.04335,1.04365,1.04306,1.04318,5500
2024-12-23T01:00:00Z,1.04319,1.04381,1.04268,1.04358,3471
2024-12-23T02:00:00Z,1.04359,1.04431,1.04358,1.04406,3027
2024-12-23T03:00:00Z,1.04406,1.04425,1.04383,1.04392,1971
2024-12-23T04:00:00Z,1.04391,1.04452,1.04387,1.04429,2774
2024-12-23T05:00:00Z,1.04429,1.04443,1.04394,1.04401,3244
2024-12-23T06:00:00Z,1.04401,1.04421,1.04332,1.04339,7271
2024-12-23T07:00:00Z,1.04340,1.04367,1.04112,1.04127,14143
2024-12-23T08:00:00Z,1.04126,1.04187,1.04072,1.04180,14924
2024-12-23T09:00:00Z,1.04179,1.04195,1.04072,1.04077,11813
2024-12-23T10:00:00Z,1.04077,1.04096,1.03867,1.03898,14914
2024-12-23T11:00:00Z,1.03897,1.04011,1.03874,1.03999,8529
2024-12-23T12:00:00Z,1.03999,1.04013,1.03856,1.03954,15114
2024-12-23T13:00:00Z,1.03954,1.04028,1.03882,1.03994,20868
2024-12-23T14:00:00Z,1.03996,1.04084,1.03915,1.03932,19925
2024-12-23T15:00:00Z,1.03935,1.03966,1.03842,1.03908,22751
2024-12-23T16:00:00Z,1.03908,1.04101,1.03893,1.04077,13761
2024-12-23T17:00:00Z,1.04078,1.04179,1.03964,1.03976,8957
2024-12-23T18:00:00Z,1.03977,1.04123,1.03976,1.04088,5360
2024-12-23T19:00:00Z,1.04086,1.04124,1.03992,1.04114,3933
2024-12-23T20:00:00Z,1.04113,1.04141,1.04032,1.04058,3647
2024-12-23T21:00:00Z,1.04059,1.04079,1.04040,1.04044,1993
2024-12-23T22:00:00Z,1.04043,1.04064,1.04030,1.04034,898
2024-12-23T23:00:00Z,1.04035,1.04081,1.04034,1.04040,1388
2024-12-24T00:00:00Z,1.04041,1.04045,1.03979,1.04003,1860
2024-12-24T01:00:00Z,1.04003,1.04047,1.03997,1.04027,1828
2024-12-24T02:00:00Z,1.04027,1.04086,1.03965,1.03997,2181
2024-12-24T03:00:00Z,1.03998,1.04003,1.03887,1.03908,2082
2024-12-24T04:00:00Z,1.03909,1.03970,1.03908,1.03963,1606
2024-12-24T05:00:00Z,1.03967,1.03976,1.03936,1.03969,3074
2024-12-24T06:00:00Z,1.03969,1.03984,1.03924,1.03960,4648
2024-12-24T07:00:00Z,1.03959,1.03985,1.03903,1.03904,8003
2024-12-24T08:00:00Z,1.03906,1.04055,1.03901,1.03953,11281
2024-12-24T09:00:00Z,1.03952,1.03987,1.03902,1.03920,10007
2024-12-24T10:00:00Z,1.03919,1.03974,1.03891,1.03966,6394
2024-12-24T11:00:00Z,1.03965,1.04036,1.03915,1.03947,8576
2024-12-24T12:00:00Z,1.03949,1.04034,1.03890,1.03912,11499
2024-12-24T13:00:00Z,1.03912,1.04031,1.03894,1.04023,9042
2024-12-24T14:00:00Z,1.04023,1.04098,1.03954,1.04048,12074
2024-12-24T15:00:00Z,1.04048,1.04078,1.03906,1.03917,15749
2024-12-24T16:00:00Z,1.03916,1.03962,1.03874,1.03875,9841
2024-12-24T17:00:00Z,1.03875,1.03938,1.03835,1.03883,10125
2024-12-24T18:00:00Z,1.03882,1.03930,1.03867,1.03916,3243
2024-12-24T19:00:00Z,1.03916,1.03977,1.03900,1.03930,3475
2024-12-24T20:00:00Z,1.03934,1.04015,1.03886,1.03995,5326
2024-12-24T21:00:00Z,1.03993,1.04031,1.03900,1.03912,3406
2024-12-24T22:00:00Z,1.03860,1.03894,1.03860,1.03872,15
2024-12-24T23:00:00Z,1.03861,1.03962,1.03861,1.03952,19
2024-12-25T00:00:00Z,1.03952,1.04106,1.03952,1.04043,194
2024-12-25T01:00:00Z,1.04043,1.04043,1.04008,1.04039,59
2024-12-25T02:00:00Z,1.04045,1.04055,1.04017,1.04053,58
2024-12-25T03:00:00Z,1.04053,1.04074,1.04027,1.04050,68
2024-12-25T04:00:00Z,1.04051,1.04059,1.04051,1.04058,17
2024-12-25T05:00:00Z,1.04037,1.04053,1.04008,1.04009,78
2024-12-25T06:00:00Z,1.04009,1.04057,1.04000,1.04024,118
2024-12-25T07:00:00Z,1.04016,1.04083,1.03970,1.04004,376
2024-12-25T22:00:00Z,1.04012,1.04055,1.03975,1.03999,1699
2024-12-25T23:00:00Z,1.04001,1.04031,1.03951,1.03991,3222
2024-12-26T00:00:00Z,1.03990,1.04013,1.03930,1.03965,2389
2024-12-26T01:00:00Z,1.03964,1.04000,1.03941,1.03970,4886
2024-12-26T02:00:00Z,1.03970,1.03999,1.03965,1.03987,2540
2024-12-26T03:00:00Z,1.03988,1.04042,1.03983,1.04009,2323
2024-12-26T04:00:00Z,1.04007,1.04013,1.03977,1.03977,1790
2024-12-26T05:00:00Z,1.03976,1.04027,1.03972,1.03977,2495
2024-12-26T06:00:00Z,1.03975,1.04003,1.03967,1.03982,3600
2024-12-26T07:00:00Z,1.03981,1.04000,1.03905,1.03976,7106
2024-12-26T08:00:00Z,1.03975,1.03986,1.03925,1.03948,5735
2024-12-26T09:00:00Z,1.03947,1.04001,1.03914,1.03991,3301
2024-12-26T10:00:00Z,1.03992,1.04030,1.03981,1.04017,3342
2024-12-26T11:00:00Z,1.04016,1.04021,1.03992,1.04012,3518
2024-12-26T12:00:00Z,1.04011,1.04013,1.03926,1.03995,9853
2024-12-26T13:00:00Z,1.03997,1.04057,1.03973,1.04026,11292
2024-12-26T14:00:00Z,1.04027,1.04044,1.03951,1.04022,10590
2024-12-26T15:00:00Z,1.04022,1.04151,1.03979,1.04089,15864
2024-12-26T16:00:00Z,1.04089,1.04228,1.04083,1.04220,11853
2024-12-26T17:00:00Z,1.04219,1.04225,1.04063,1.04119,11804
2024-12-26T18:00:00Z,1.04117,1.04301,1.04117,1.04209,7038
2024-12-26T19:00:00Z,1.04209,1.04233,1.04142,1.04175,5406
2024-12-26T20:00:00Z,1.04175,1.04213,1.04154,1.04199,8448
2024-12-26T21:00:00Z,1.04199,1.04231,1.04188,1.04222,4175
2024-12-26T22:00:00Z,1.04174,1.04241,1.04146,1.04234,2442
2024-12-26T23:00:00Z,1.04235,1.04240,1.04208,1.04216,1820
2024-12-27T00:00:00Z,1.04216,1.04237,1.04177,1.04180,2838
2024-12-27T01:00:00Z,1.04180,1.04181,1.04121,1.04131,4345
2024-12-27T02:00:00Z,1.04130,1.04139,1.04079,1.04095,3656
2024-12-27T03:00:00Z,1.04095,1.04127,1.04065,1.04125,2710
2024-12-27T04:00:00Z,1.04126,1.04132,1.04078,1.04090,1800
2024-12-27T05:00:00Z,1.04090,1.04112,1.04072,1.04092,4479
2024-12-27T06:00:00Z,1.04093,1.04123,1.04075,1.04120,7163
2024-12-27T07:00:00Z,1.04119,1.04248,1.04049,1.04218,13373
2024-12-27T08:00:00Z,1.04217,1.04257,1.04103,1.04123,16444
2024-12-27T09:00:00Z,1.04123,1.04179,1.04090,1.04167,11873
2024-12-27T10:00:00Z,1.04167,1.04213,1.04116,1.04187,9975
2024-12-27T11:00:00Z,1.04185,1.04407,1.04185,1.04386,11208
2024-12-27T12:00:00Z,1.04387,1.04440,1.04281,1.04325,11636
2024-12-27T13:00:00Z,1.04325,1.04384,1.04286,1.04384,16875
2024-12-27T14:00:00Z,1.04386,1.04396,1.04245,1.04264,23966
2024-12-27T15:00:00Z,1.04265,1.04357,1.04157,1.04219,23323
2024-12-27T16:00:00Z,1.04219,1.04324,1.04207,1.04221,19452
2024-12-27T17:00:00Z,1.04220,1.04226,1.04144,1.04212,16696
2024-12-27T18:00:00Z,1.04210,1.04288,1.04207,1.04262,6422
2024-12-27T19:00:00Z,1.04261,1.04303,1.04237,1.04282,4308
2024-12-27T20:00:00Z,1.04283,1.04283,1.04227,1.04257,8517
2024-12-27T21:00:00Z,1.04255,1.04263,1.04216,1.04225,2321
2024-12-29T22:00:00Z,1.04247,1.04309,1.04247,1.04307,1230
2024-12-29T23:00:00Z,1.04311,1.04346,1.04270,1.04292,1917
2024-12-30T00:00:00Z,1.04297,1.04311,1.04257,1.04274,2354
2024-12-30T01:00:00Z,1.04275,1.04308,1.04250,1.04254,2177
2024-12-30T02:00:00Z,1.04254,1.04275,1.04240,1.04255,1661
2024-12-30T03:00:00Z,1.04256,1.04256,1.04208,1.04245,2055
2024-12-30T04:00:00Z,1.04245,1.04260,1.04243,1.04253,1399
2024-12-30T05:00:00Z,1.04252,1.04267,1.04228,1.04251,3807
2024-12-30T06:00:00Z,1.04251,1.04314,1.04251,1.04288,6152
2024-12-30T07:00:00Z,1.04287,1.04294,1.04209,1.04267,11695
2024-12-30T08:00:00Z,1.04266,1.04297,1.04093,1.04128,15185
2024-12-30T09:00:00Z,1.04127,1.04393,1.04109,1.04338,13587
2024-12-30T10:00:00Z,1.04337,1.04440,1.04327,1.04383,16861
2024-12-30T11:00:00Z,1.04383,1.04521,1.04368,1.04479,11938
2024-12-30T12:00:00Z,1.04480,1.04583,1.04390,1.04493,13869
2024-12-30T13:00:00Z,1.04495,1.04518,1.03851,1.03878,23861
2024-12-30T14:00:00Z,1.03880,1.04088,1.03799,1.04052,22526
2024-12-30T15:00:00Z,1.04052,1.04056,1.03717,1.03804,25960
2024-12-30T16:00:00Z,1.03803,1.03914,1.03747,1.03857,15091
2024-12-30T17:00:00Z,1.03858,1.03953,1.03845,1.03941,10490
2024-12-30T18:00:00Z,1.03942,1.04070,1.03937,1.04044,4836
2024-12-30T19:00:00Z,1.04044,1.04053,1.03960,1.03965,4692
2024-12-30T20:00:00Z,1.03966,1.04051,1.03951,1.03987,4835
2024-12-30T21:00:00Z,1.03993,1.04069,1.03982,1.04069,1846
2024-12-30T22:00:00Z,1.04069,1.04071,1.03991,1.04043,1073
2024-12-30T23:00:00Z,1.04045,1.04059,1.03987,1.04056,1304
2024-12-31T00:00:00Z,1.04057,1.04058,1.03969,1.04034,1894
2024-12-31T01:00:00Z,1.04035,1.04131,1.04022,1.04119,4567
2024-12-31T02:00:00Z,1.04119,1.04148,1.04079,1.04125,3555
2024-12-31T03:00:00Z,1.04125,1.04134,1.04072,1.04085,2381
2024-12-31T04:00:00Z,1.04084,1.04091,1.04037,1.04041,2156
2024-12-31T05:00:00Z,1.04042,1.04075,1.04025,1.04038,1956
2024-12-31T06:00:00Z,1.04038,1.04059,1.03996,1.04038,3143
2024-12-31T07:00:00Z,1.04039,1.04129,1.04023,1.04118,4998
2024-12-31T08:00:00Z,1.04120,1.04200,1.04058,1.04183,7293
2024-12-31T09:00:00Z,1.04182,1.04243,1.04117,1.04185,8446
2024-12-31T10:00:00Z,1.04184,1.04199,1.04051,1.04128,9522
2024-12-31T11:00:00Z,1.04129,1.04193,1.04053,1.04103,8436
2024-12-31T12:00:00Z,1.04103,1.04143,1.03912,1.03927,13089
2024-12-31T13:00:00Z,1.03927,1.03973,1.03834,1.03927,21798
2024-12-31T14:00:00Z,1.03929,1.03942,1.03747,1.03758,23462
2024-12-31T15:00:00Z,1.03758,1.03891,1.03525,1.03547,18189
2024-12-31T16:00:00Z,1.03548,1.03611,1.03467,1.03502,10363
2024-12-31T17:00:00Z,1.03503,1.03549,1.03440,1.03485,10215
2024-12-31T18:00:00Z,1.03485,1.03566,1.03454,1.03529,5255
2024-12-31T19:00:00Z,1.03529,1.03646,1.03516,1.03547,4352
2024-12-31T20:00:00Z,1.03547,1.03630,1.03544,1.03583,2690
2024-12-31T21:00:00Z,1.03584,1.03609,1.03526,1.03526,1809
2025-01-01T22:00:00Z,1.03503,1.03577,1.03483,1.03550,1441
2025-01-01T23:00:00Z,1.03550,1.03563,1.03462,1.03507,4444
2025-01-02T00:00:00Z,1.03508,1.03564,1.03472,1.03520,3679
2025-01-02T01:00:00Z,1.03521,1.03606,1.03442,1.03578,5010
2025-01-02T02:00:00Z,1.03577,1.03712,1.03577,1.03709,2792
2025-01-02T03:00:00Z,1.03711,1.03740,1.03682,1.03715,2844
2025-01-02T04:00:00Z,1.03716,1.03756,1.03664,1.03692,3262
2025-01-02T05:00:00Z,1.03693,1.03706,1.03617,1.03638,3270
2025-01-02T06:00:00Z,1.03637,1.03650,1.03599,1.03637,4088
2025-01-02T07:00:00Z,1.03637,1.03723,1.03623,1.03627,7887
2025-01-02T08:00:00Z,1.03628,1.03709,1.03461,1.03627,10539
2025-01-02T09:00:00Z,1.03626,1.03701,1.03493,1.03515,8304
2025-01-02T10:00:00Z,1.03514,1.03568,1.03135,1.03168,11752
2025-01-02T11:00:00Z,1.03166,1.03340,1.03150,1.03321,8416
2025-01-02T12:00:00Z,1.03321,1.03342,1.03148,1.03182,7463
2025-01-02T13:00:00Z,1.03181,1.03296,1.03112,1.03133,13738
2025-01-02T14:00:00Z,1.03134,1.03239,1.03021,1.03038,21392
2025-01-02T15:00:00Z,1.03037,1.03087,1.02725,1.02741,37011
2025-01-02T16:00:00Z,1.02740,1.02762,1.02237,1.02611,30636
2025-01-02T17:00:00Z,1.02611,1.02679,1.02513,1.02648,9296
2025-01-02T18:00:00Z,1.02651,1.02662,1.02557,1.02563,5042
2025-01-02T19:00:00Z,1.02563,1.02595,1.02477,1.02510,4391
2025-01-02T20:00:00Z,1.02511,1.02645,1.02506,1.02613,3245
2025-01-02T21:00:00Z,1.02613,1.02687,1.02612,1.02640,1656
2025-01-02T22:00:00Z,1.02640,1.02666,1.02612,1.02651,2024
2025-01-02T23:00:00Z,1.02650,1.02680,1.02646,1.02678,1485
2025-01-03T00:00:00Z,1.02679,1.02734,1.02659,1.02729,1833
2025-01-03T01:00:00Z,1.02728,1.02728,1.02665,1.02674,2176
2025-01-03T02:00:00Z,1.02674,1.02745,1.02668,1.02722,2350
2025-01-03T03:00:00Z,1.02723,1.02743,1.02687,1.02707,1720
2025-01-03T04:00:00Z,1.02706,1.02709,1.02670,1.02695,1498
2025-01-03T05:00:00Z,1.02696,1.02736,1.02646,1.02717,1849
2025-01-03T06:00:00Z,1.02717,1.02793,1.02715,1.02790,1732
2025-01-03T07:00:00Z,1.02790,1.02847,1.02687,1.02807,7475
2025-01-03T08:00:00Z,1.02806,1.02880,1.02729,1.02803,8553
2025-01-03T09:00:00Z,1.02803,1.02999,1.02802,1.02901,14084
2025-01-03T10:00:00Z,1.02901,1.02938,1.02791,1.02813,9738
2025-01-03T11:00:00Z,1.02813,1.03028,1.02813,1.02972,5907
2025-01-03T12:00:00Z,1.02971,1.03009,1.02942,1.02956,7085
2025-01-03T13:00:00Z,1.02958,1.03001,1.02915,1.02931,8746
2025-01-03T14:00:00Z,1.02931,1.03023,1.02880,1.03002,9046
2025-01-03T15:00:00Z,1.03001,1.03057,1.02729,1.02891,16281
2025-01-03T16:00:00Z,1.02891,1.02997,1.02835,1.02907,6983
2025-01-03T17:00:00Z,1.02908,1.03057,1.02908,1.02979,7007
2025-01-03T18:00:00Z,1.02979,1.03021,1.02924,1.02973,7055
2025-01-03T19:00:00Z,1.02971,1.03059,1.02937,1.03012,2718
2025-01-03T20:00:00Z,1.03011,1.03075,1.02987,1.03059,2877
2025-01-03T21:00:00Z,1.03058,1.03099,1.03047,1.03066,2173
2025-01-05T22:00:00Z,1.03015,1.03062,1.02932,1.03009,942
2025-01-05T23:00:00Z,1.03009,1.03080,1.03009,1.03051,1314
2025-01-06T00:00:00Z,1.03051,1.03053,1.02955,1.03031,3090
2025-01-06T01:00:00Z,1.03031,1.03136,1.03012,1.03123,3214
2025-01-06T02:00:00Z,1.03123,1.03177,1.03107,1.03160,2907
2025-01-06T03:00:00Z,1.03160,1.03182,1.03130,1.03163,1955
2025-01-06T04:00:00Z,1.03162,1.03175,1.03128,1.03151,1551
2025-01-06T05:00:00Z,1.03151,1.03181,1.03084,1.03088,2980
2025-01-06T06:00:00Z,1.03087,1.03165,1.03076,1.03125,3478
2025-01-06T07:00:00Z,1.03127,1.03284,1.03099,1.03272,5220
2025-01-06T08:00:00Z,1.03274,1.03525,1.03267,1.03500,10587
2025-01-06T09:00:00Z,1.03499,1.03688,1.03401,1.03554,12554
2025-01-06T10:00:00Z,1.03556,1.03580,1.03350,1.03350,6601
2025-01-06T11:00:00Z,1.03349,1.04325,1.03287,1.04217,27467
2025-01-06T12:00:00Z,1.04218,1.04305,1.03920,1.04108,15151
2025-01-06T13:00:00Z,1.04112,1.04367,1.04043,1.04167,16759
2025-01-06T14:00:00Z,1.04168,1.04237,1.03527,1.03925,39132
2025-01-06T15:00:00Z,1.03925,1.03987,1.03712,1.03935,31924
2025-01-06T16:00:00Z,1.03936,1.04027,1.03854,1.03967,20433
2025-01-06T17:00:00Z,1.03968,1.03968,1.03793,1.03873,15085
2025-01-06T18:00:00Z,1.03873,1.03892,1.03770,1.03818,5133
2025-01-06T19:00:00Z,1.03819,1.03917,1.03788,1.03882,4897
2025-01-06T20:00:00Z,1.03883,1.03919,1.03859,1.03877,3986
2025-01-06T21:00:00Z,1.03879,1.03921,1.03860,1.03895,2117
2025-01-06T22:00:00Z,1.03893,1.03909,1.03850,1.03890,1156
2025-01-06T23:00:00Z,1.03890,1.03901,1.03816,1.03831,1878
2025-01-07T00:00:00Z,1.03831,1.03853,1.03771,1.03842,2281
2025-01-07T01:00:00Z,1.03841,1.03846,1.03761,1.03811,3322
2025-01-07T02:00:00Z,1.03811,1.03853,1.03799,1.03822,2796
2025-01-07T03:00:00Z,1.03821,1.03929,1.03800,1.03927,2259
2025-01-07T04:00:00Z,1.03927,1.03943,1.03905,1.03917,1379
2025-01-07T05:00:00Z,1.03918,1.04031,1.03909,1.03967,2901
2025-01-07T06:00:00Z,1.03967,1.04041,1.03963,1.03974,3074
2025-01-07T07:00:00Z,1.03975,1.04244,1.03975,1.04145,8477
2025-01-07T08:00:00Z,1.04147,1.04253,1.04031,1.04250,11938
2025-01-07T09:00:00Z,1.04252,1.04342,1.04240,1.04274,7878
2025-01-07T10:00:00Z,1.04274,1.04343,1.04166,1.04278,10948
2025-01-07T11:00:00Z,1.04278,1.04282,1.04051,1.04133,12060
2025-01-07T12:00:00Z,1.04134,1.04168,1.03871,1.03892,25224
2025-01-07T13:00:00Z,1.03891,1.04052,1.03866,1.03965,17976
2025-01-07T14:00:00Z,1.03965,1.03975,1.03892,1.03925,24473
2025-01-07T15:00:00Z,1.03929,1.03929,1.03551,1.03727,54209
2025-01-07T16:00:00Z,1.03727,1.03811,1.03625,1.03681,26774
2025-01-07T17:00:00Z,1.03681,1.03738,1.03537,1.03667,11030
2025-01-07T18:00:00Z,1.03666,1.03692,1.03493,1.03543,9843
2025-01-07T19:00:00Z,1.03543,1.03596,1.03520,1.03551,7711
2025-01-07T20:00:00Z,1.03550,1.03560,1.03440,1.03443,10006
2025-01-07T21:00:00Z,1.03443,1.03443,1.03394,1.03394,2764
2025-01-07T22:00:00Z,1.03395,1.03426,1.03388,1.03421,1001
2025-01-07T23:00:00Z,1.03421,1.03449,1.03391,1.03415,3227
2025-01-08T00:00:00Z,1.03416,1.03492,1.03416,1.03467,7368
2025-01-08T01:00:00Z,1.03468,1.03529,1.03452,1.03528,7336
2025-01-08T02:00:00Z,1.03529,1.03547,1.03514,1.03541,4807
2025-01-08T03:00:00Z,1.03541,1.03541,1.03462,1.03477,4052
2025-01-08T04:00:00Z,1.03476,1.03520,1.03474,1.03512,3365
2025-01-08T05:00:00Z,1.03512,1.03557,1.03495,1.03549,3715
2025-01-08T06:00:00Z,1.03549,1.03575,1.03461,1.03512,7156
2025-01-08T07:00:00Z,1.03512,1.03513,1.03285,1.03324,20823
2025-01-08T08:00:00Z,1.03324,1.03397,1.03179,1.03187,21107
2025-01-08T09:00:00Z,1.03187,1.03263,1.03154,1.03194,18802
2025-01-08T10:00:00Z,1.03193,1.03211,1.03100,1.03191,11658
2025-01-08T11:00:00Z,1.03189,1.03198,1.02731,1.02976,29995
2025-01-08T12:00:00Z,1.02975,1.03001,1.02808,1.02827,26656
2025-01-08T13:00:00Z,1.02825,1.03042,1.02808,1.03033,39096
2025-01-08T14:00:00Z,1.03033,1.03075,1.02890,1.02914,23386
2025-01-08T15:00:00Z,1.02913,1.03098,1.02913,1.03016,25302
2025-01-08T16:00:00Z,1.03017,1.03144,1.02944,1.03125,20950
2025-01-08T17:00:00Z,1.03127,1.03133,1.02982,1.03053,17048
2025-01-08T18:00:00Z,1.03053,1.03158,1.03053,1.03124,6284
2025-01-08T19:00:00Z,1.03126,1.03242,1.03081,1.03090,6517
2025-01-08T20:00:00Z,1.03091,1.03167,1.03079,1.03160,3778
2025-01-08T21:00:00Z,1.03161,1.03196,1.03146,1.03178,1392
2025-01-08T22:00:00Z,1.03178,1.03181,1.03156,1.03178,587
2025-01-08T23:00:00Z,1.03178,1.03186,1.03132,1.03132,1014
2025-01-09T00:00:00Z,1.03133,1.03147,1.03049,1.03131,6156
2025-01-09T01:00:00Z,1.03131,1.03173,1.03114,1.03143,6890
2025-01-09T02:00:00Z,1.03144,1.03200,1.03141,1.03165,4782
2025-01-09T03:00:00Z,1.03165,1.03214,1.03108,1.03110,4884
2025-01-09T04:00:00Z,1.03109,1.03123,1.03056,1.03090,4976
2025-01-09T05:00:00Z,1.03089,1.03125,1.03053,1.03066,6679
2025-01-09T06:00:00Z,1.03065,1.03082,1.02970,1.03002,9650
2025-01-09T07:00:00Z,1.03001,1.03082,1.02877,1.02909,13919
2025-01-09T08:00:00Z,1.02910,1.03076,1.02836,1.03076,22987
2025-01-09T09:00:00Z,1.03077,1.03175,1.03031,1.03056,14936
2025-01-09T10:00:00Z,1.03057,1.03124,1.02996,1.03029,14579
2025-01-09T11:00:00Z,1.03030,1.03044,1.02968,1.03011,15651
2025-01-09T12:00:00Z,1.03011,1.03049,1.02959,1.03034,10194
2025-01-09T13:00:00Z,1.03034,1.03190,1.03008,1.03078,11695
2025-01-09T14:00:00Z,1.03078,1.03145,1.03052,1.03073,14996
2025-01-09T15:00:00Z,1.03073,1.03095,1.02947,1.02992,11431
2025-01-09T16:00:00Z,1.02993,1.03010,1.02910,1.02972,10411
2025-01-09T17:00:00Z,1.02973,1.03017,1.02937,1.02974,7670
2025-01-09T18:00:00Z,1.02972,1.03024,1.02939,1.03001,4985
2025-01-09T19:00:00Z,1.03002,1.03020,1.02977,1.02979,3087
2025-01-09T20:00:00Z,1.02980,1.03035,1.02980,1.03011,2237
2025-01-09T21:00:00Z,1.03010,1.03010,1.02990,1.02990,2269
2025-01-09T22:00:00Z,1.02990,1.03015,1.02959,1.03006,1453
2025-01-09T23:00:00Z,1.03007,1.03013,1.02956,1.02964,1736
2025-01-10T00:00:00Z,1.02965,1.03002,1.02920,1.02954,2592
2025-01-10T01:00:00Z,1.02953,1.03044,1.02935,1.03018,2322
2025-01-10T02:00:00Z,1.03018,1.03037,1.02983,1.03016,1505
2025-01-10T03:00:00Z,1.03015,1.03032,1.02977,1.02985,1366
2025-01-10T04:00:00Z,1.02983,1.02998,1.02935,1.02950,1358
2025-01-10T05:00:00Z,1.02950,1.02974,1.02847,1.02857,4542
2025-01-10T06:00:00Z,1.02858,1.02882,1.02812,1.02817,8059
2025-01-10T07:00:00Z,1.02817,1.02972,1.02811,1.02970,9769
2025-01-10T08:00:00Z,1.02971,1.03118,1.02927,1.03027,17726
2025-01-10T09:00:00Z,1.03027,1.03058,1.02990,1.02998,12429
2025-01-10T10:00:00Z,1.02999,1.03057,1.02997,1.03021,10268
2025-01-10T11:00:00Z,1.03021,1.03052,1.02988,1.03016,10372
2025-01-10T12:00:00Z,1.03016,1.03093,1.02992,1.03055,7454
2025-01-10T13:00:00Z,1.03054,1.03118,1.02127,1.02563,45836
2025-01-10T14:00:00Z,1.02563,1.02727,1.02442,1.02522,50313
2025-01-10T15:00:00Z,1.02522,1.02787,1.02361,1.02503,25158
2025-01-10T16:00:00Z,1.02503,1.02511,1.02275,1.02373,13976
2025-01-10T17:00:00Z,1.02373,1.02506,1.02329,1.02445,10350
2025-01-10T18:00:00Z,1.02444,1.02460,1.02359,1.02415,11505
2025-01-10T19:00:00Z,1.02417,1.02489,1.02348,1.02454,11226
2025-01-10T20:00:00Z,1.02454,1.02458,1.02370,1.02446,8370
2025-01-10T21:00:00Z,1.02445,1.02488,1.02400,1.02400,3813
2025-01-12T22:00:00Z,1.02357,1.02464,1.02357,1.02462,1283
2025-01-12T23:00:00Z,1.02461,1.02468,1.02387,1.02429,4563
2025-01-13T00:00:00Z,1.02430,1.02452,1.02364,1.02424,8107
2025-01-13T01:00:00Z,1.02424,1.02499,1.02392,1.02417,10547
2025-01-13T02:00:00Z,1.02417,1.02451,1.02384,1.02401,6704
2025-01-13T03:00:00Z,1.02402,1.02404,1.02128,1.02153,11442
2025-01-13T04:00:00Z,1.02154,1.02198,1.02076,1.02117,8624
2025-01-13T05:00:00Z,1.02116,1.02203,1.02102,1.02194,7580
2025-01-13T06:00:00Z,1.02193,1.02248,1.02143,1.02173,9908
2025-01-13T07:00:00Z,1.02166,1.02235,1.02074,1.02152,18904
2025-01-13T08:00:00Z,1.02151,1.02312,1.02136,1.02215,29643
2025-01-13T09:00:00Z,1.02214,1.02239,1.01772,1.01932,26618
2025-01-13T10:00:00Z,1.01931,1.02074,1.01926,1.02019,9147
2025-01-13T11:00:00Z,1.02018,1.02040,1.01860,1.01958,8691
2025-01-13T12:00:00Z,1.01958,1.02061,1.01878,1.02027,8593
2025-01-13T13:00:00Z,1.02027,1.02207,1.01964,1.02083,11347
2025-01-13T14:00:00Z,1.02083,1.02126,1.02003,1.02080,18607
2025-01-13T15:00:00Z,1.02082,1.02088,1.01957,1.01968,13649
2025-01-13T16:00:00Z,1.01969,1.02174,1.01916,1.02080,8828
2025-01-13T17:00:00Z,1.02081,1.02195,1.02070,1.02178,7059
2025-01-13T18:00:00Z,1.02179,1.02213,1.02122,1.02161,5352
2025-01-13T19:00:00Z,1.02159,1.02161,1.02071,1.02071,4653
2025-01-13T20:00:00Z,1.02071,1.02175,1.02069,1.02165,3029
2025-01-13T21:00:00Z,1.02167,1.02466,1.02163,1.02441,2956
2025-01-13T22:00:00Z,1.02441,1.02727,1.02371,1.02581,4010
2025-01-13T23:00:00Z,1.02581,1.02774,1.02507,1.02639,4518
2025-01-14T00:00:00Z,1.02637,1.02637,1.02457,1.02478,5256
2025-01-14T01:00:00Z,1.02480,1.02499,1.02411,1.02490,5680
2025-01-14T02:00:00Z,1.02490,1.02502,1.02384,1.02446,5029
2025-01-14T03:00:00Z,1.02445,1.02552,1.02438,1.02486,3255
2025-01-14T04:00:00Z,1.02485,1.02550,1.02451,1.02502,2183
2025-01-14T05:00:00Z,1.02501,1.02516,1.02422,1.02447,3351
2025-01-14T06:00:00Z,1.02452,1.02532,1.02451,1.02526,4204
2025-01-14T07:00:00Z,1.02527,1.02660,1.02499,1.02543,9185
2025-01-14T08:00:00Z,1.02544,1.02748,1.02529,1.02614,12000
2025-01-14T09:00:00Z,1.02613,1.02664,1.02535,1.02595,10293
2025-01-14T10:00:00Z,1.02595,1.02635,1.02519,1.02599,7640
2025-01-14T11:00:00Z,1.02598,1.02631,1.02524,1.02540,6040
2025-01-14T12:00:00Z,1.02540,1.02551,1.02394,1.02479,9285
2025-01-14T13:00:00Z,1.02478,1.02731,1.02421,1.02531,30385
2025-01-14T14:00:00Z,1.02531,1.02748,1.02435,1.02680,27563
2025-01-14T15:00:00Z,1.02682,1.02958,1.02630,1.02949,17811
2025-01-14T16:00:00Z,1.02948,1.03043,1.02828,1.02914,12345
2025-01-14T17:00:00Z,1.02913,1.02913,1.02790,1.02882,7003
2025-01-14T18:00:00Z,1.02881,1.03003,1.02867,1.02992,4730
2025-01-14T19:00:00Z,1.02992,1.03054,1.02963,1.02981,3229
2025-01-14T20:00:00Z,1.02981,1.03086,1.02965,1.03018,3948
2025-01-14T21:00:00Z,1.03019,1.03082,1.03007,1.03076,2249
2025-01-14T22:00:00Z,1.03074,1.03074,1.03017,1.03069,1039
2025-01-14T23:00:00Z,1.03068,1.03081,1.03023,1.03062,1544
2025-01-15T00:00:00Z,1.03061,1.03061,1.02997,1.03011,2531
2025-01-15T01:00:00Z,1.03012,1.03048,1.02978,1.03000,3485
2025-01-15T02:00:00Z,1.03000,1.03014,1.02953,1.02970,3032
2025-01-15T03:00:00Z,1.02970,1.03021,1.02963,1.03019,2231
2025-01-15T04:00:00Z,1.03019,1.03025,1.02975,1.03023,2044
2025-01-15T05:00:00Z,1.03022,1.03052,1.02925,1.02932,3162
2025-01-15T06:00:00Z,1.02930,1.02986,1.02919,1.02961,2792
2025-01-15T07:00:00Z,1.02963,1.03081,1.02866,1.03058,12305
2025-01-15T08:00:00Z,1.03058,1.03171,1.02942,1.02964,12449
2025-01-15T09:00:00Z,1.02964,1.03131,1.02960,1.03098,8294
2025-01-15T10:00:00Z,1.03098,1.03140,1.03007,1.03075,8716
2025-01-15T11:00:00Z,1.03075,1.03122,1.02995,1.03011,11449
2025-01-15T12:00:00Z,1.03010,1.03066,1.02934,1.02997,8426
2025-01-15T13:00:00Z,1.02996,1.03544,1.02961,1.03444,37384
2025-01-15T14:00:00Z,1.03444,1.03456,1.03251,1.03271,36927
2025-01-15T15:00:00Z,1.03271,1.03309,1.02988,1.03061,24702
2025-01-15T16:00:00Z,1.03060,1.03077,1.02590,1.02811,27047
2025-01-15T17:00:00Z,1.02813,1.02931,1.02809,1.02855,8848
2025-01-15T18:00:00Z,1.02860,1.02929,1.02843,1.02921,5385
2025-01-15T19:00:00Z,1.02923,1.02946,1.02892,1.02932,3082
2025-01-15T20:00:00Z,1.02931,1.02988,1.02902,1.02958,3067
2025-01-15T21:00:00Z,1.02959,1.02962,1.02880,1.02880,2107
2025-01-15T22:00:00Z,1.02892,1.02939,1.02880,1.02921,992
2025-01-15T23:00:00Z,1.02923,1.02954,1.02906,1.02950,2565
2025-01-16T00:00:00Z,1.02950,1.02998,1.02848,1.02988,3909
2025-01-16T01:00:00Z,1.02990,1.02995,1.02875,1.02895,4764
2025-01-16T02:00:00Z,1.02895,1.02930,1.02848,1.02869,4464
2025-01-16T03:00:00Z,1.02869,1.02889,1.02845,1.02888,2213
2025-01-16T04:00:00Z,1.02888,1.02937,1.02853,1.02869,2095
2025-01-16T05:00:00Z,1.02870,1.02871,1.02809,1.02824,4860
2025-01-16T06:00:00Z,1.02823,1.02895,1.02822,1.02888,6970
2025-01-16T07:00:00Z,1.02888,1.03014,1.02859,1.02975,10258
2025-01-16T08:00:00Z,1.02976,1.02999,1.02879,1.02959,16179
2025-01-16T09:00:00Z,1.02960,1.02988,1.02816,1.02860,13702
2025-01-16T10:00:00Z,1.02861,1.02961,1.02827,1.02855,11932
2025-01-16T11:00:00Z,1.02854,1.02919,1.02839,1.02901,10101
2025-01-16T12:00:00Z,1.02900,1.02901,1.02640,1.02717,19280
2025-01-16T13:00:00Z,1.02718,1.02851,1.02604,1.02814,33809
2025-01-16T14:00:00Z,1.02814,1.02838,1.02678,1.02791,19344
2025-01-16T15:00:00Z,1.02791,1.03056,1.02741,1.03008,22614
2025-01-16T16:00:00Z,1.03009,1.03115,1.02861,1.03022,26537
2025-01-16T17:00:00Z,1.03024,1.03149,1.02943,1.02964,12773
2025-01-16T18:00:00Z,1.02962,1.03027,1.02934,1.03002,9415
2025-01-16T19:00:00Z,1.03000,1.03077,1.02976,1.03019,4499
2025-01-16T20:00:00Z,1.03017,1.03037,1.02971,1.03000,3282
2025-01-16T21:00:00Z,1.02999,1.03034,1.02966,1.02990,3041
2025-01-16T22:00:00Z,1.02996,1.03021,1.02979,1.03008,1996
2025-01-16T23:00:00Z,1.03012,1.03042,1.02999,1.03014,1525
2025-01-17T00:00:00Z,1.03012,1.03067,1.02979,1.03047,3033
2025-01-17T01:00:00Z,1.03048,1.03093,1.03014,1.03049,3268
2025-01-17T02:00:00Z,1.03050,1.03090,1.03029,1.03033,3725
2025-01-17T03:00:00Z,1.03032,1.03049,1.02999,1.03005,2852
2025-01-17T04:00:00Z,1.03005,1.03009,1.02918,1.02936,1876
2025-01-17T05:00:00Z,1.02937,1.02951,1.02874,1.02932,2917
2025-01-17T06:00:00Z,1.02933,1.02938,1.02851,1.02904,5819
2025-01-17T07:00:00Z,1.02903,1.02909,1.02776,1.02844,15046
2025-01-17T08:00:00Z,1.02844,1.02986,1.02844,1.02969,7527
2025-01-17T09:00:00Z,1.02969,1.03040,1.02892,1.02964,14694
2025-01-17T10:00:00Z,1.02968,1.03060,1.02965,1.03036,10738
2025-01-17T11:00:00Z,1.03037,1.03100,1.02989,1.03045,10258
2025-01-17T12:00:00Z,1.03045,1.03064,1.02902,1.02929,17061
2025-01-17T13:00:00Z,1.02930,1.02995,1.02854,1.02901,19251
2025-01-17T14:00:00Z,1.02902,1.03023,1.02652,1.02985,30634
2025-01-17T15:00:00Z,1.02984,1.03306,1.02954,1.02989,25586
2025-01-17T16:00:00Z,1.02988,1.03003,1.02818,1.02861,20790
2025-01-17T17:00:00Z,1.02861,1.02910,1.02789,1.02807,12594
2025-01-17T18:00:00Z,1.02806,1.02920,1.02790,1.02810,8519
2025-01-17T19:00:00Z,1.02809,1.02841,1.02727,1.02761,8146
2025-01-17T20:00:00Z,1.02762,1.02815,1.02737,1.02753,6154
2025-01-17T21:00:00Z,1.02753,1.02753,1.02681,1.02710,4325
2025-01-19T22:00:00Z,1.02792,1.02812,1.02733,1.02773,2315
2025-01-19T23:00:00Z,1.02775,1.02807,1.02663,1.02804,4981
2025-01-20T00:00:00Z,1.02805,1.02901,1.02782,1.02865,8612
2025-01-20T01:00:00Z,1.02864,1.02929,1.02791,1.02906,9325
2025-01-20T02:00:00Z,1.02905,1.02922,1.02868,1.02909,7771
2025-01-20T03:00:00Z,1.02908,1.03064,1.02908,1.03062,7947
2025-01-20T04:00:00Z,1.03063,1.03071,1.03018,1.03042,5692
2025-01-20T05:00:00Z,1.03043,1.03063,1.03017,1.03024,5401
2025-01-20T06:00:00Z,1.03024,1.03188,1.02994,1.03103,7118
2025-01-20T07:00:00Z,1.03103,1.03184,1.03057,1.03167,6798
2025-01-20T08:00:00Z,1.03167,1.03175,1.03068,1.03098,9203
2025-01-20T09:00:00Z,1.03097,1.03168,1.03050,1.03061,17866
2025-01-20T10:00:00Z,1.03062,1.03223,1.03062,1.03149,12124
2025-01-20T11:00:00Z,1.03150,1.03263,1.03130,1.03260,9787
2025-01-20T12:00:00Z,1.03261,1.03264,1.03149,1.03202,10970
2025-01-20T13:00:00Z,1.03200,1.03999,1.03077,1.03980,27186
2025-01-20T14:00:00Z,1.03980,1.04300,1.03793,1.04148,27016
2025-01-20T15:00:00Z,1.04147,1.04298,1.03848,1.04003,17617
2025-01-20T16:00:00Z,1.04005,1.04056,1.03906,1.03983,7825
2025-01-20T17:00:00Z,1.03982,1.04021,1.03534,1.03854,13389
2025-01-20T18:00:00Z,1.03853,1.03966,1.03832,1.03965,2923
2025-01-20T19:00:00Z,1.03964,1.04230,1.03904,1.04207,3358
2025-01-20T20:00:00Z,1.04206,1.04342,1.04118,1.04159,5889
2025-01-20T21:00:00Z,1.04160,1.04191,1.04097,1.04155,3103
2025-01-20T22:00:00Z,1.04156,1.04172,1.04106,1.04125,1120
2025-01-20T23:00:00Z,1.04136,1.04255,1.04108,1.04208,5198
2025-01-21T00:00:00Z,1.04209,1.04343,1.03528,1.03621,21971
2025-01-21T01:00:00Z,1.03620,1.03976,1.03556,1.03700,18605
2025-01-21T02:00:00Z,1.03700,1.03902,1.03690,1.03876,8644
2025-01-21T03:00:00Z,1.03877,1.04008,1.03852,1.03874,5347
2025-01-21T04:00:00Z,1.03874,1.03989,1.03849,1.03897,3549
2025-01-21T05:00:00Z,1.03897,1.03920,1.03773,1.03787,3450
2025-01-21T06:00:00Z,1.03789,1.03814,1.03665,1.03690,5007
2025-01-21T07:00:00Z,1.03687,1.03861,1.03651,1.03734,7553
2025-01-21T08:00:00Z,1.03734,1.03734,1.03501,1.03607,9983
2025-01-21T09:00:00Z,1.03606,1.03637,1.03420,1.03533,11185
2025-01-21T10:00:00Z,1.03532,1.03595,1.03430,1.03528,12339
2025-01-21T11:00:00Z,1.03528,1.03579,1.03428,1.03533,7863
2025-01-21T12:00:00Z,1.03532,1.03581,1.03456,1.03540,10170
2025-01-21T13:00:00Z,1.03541,1.03778,1.03527,1.03777,12122
2025-01-21T14:00:00Z,1.03780,1.03984,1.03728,1.03868,14857
2025-01-21T15:00:00Z,1.03867,1.04104,1.03786,1.04006,15113
2025-01-21T16:00:00Z,1.04005,1.04227,1.03984,1.04223,10285
2025-01-21T17:00:00Z,1.04223,1.04299,1.04211,1.04211,7418
2025-01-21T18:00:00Z,1.04211,1.04353,1.04197,1.04289,4901
2025-01-21T19:00:00Z,1.04289,1.04305,1.04160,1.04179,3991
2025-01-21T20:00:00Z,1.04178,1.04215,1.04157,1.04199,4946
2025-01-21T21:00:00Z,1.04199,1.04296,1.04188,1.04253,2253
2025-01-21T22:00:00Z,1.04228,1.04334,1.04214,1.04261,2519
2025-01-21T23:00:00Z,1.04260,1.04273,1.03921,1.04057,8016
2025-01-22T00:00:00Z,1.04057,1.04245,1.04057,1.04230,4152
2025-01-22T01:00:00Z,1.04230,1.04231,1.04075,1.04095,5060
2025-01-22T02:00:00Z,1.04095,1.04162,1.04061,1.04136,3914
2025-01-22T03:00:00Z,1.04136,1.04156,1.04100,1.04119,2623
2025-01-22T04:00:00Z,1.04119,1.04213,1.04113,1.04171,2396
2025-01-22T05:00:00Z,1.04170,1.04179,1.04082,1.04156,2351
2025-01-22T06:00:00Z,1.04156,1.04185,1.03998,1.04036,5372
2025-01-22T07:00:00Z,1.04037,1.04196,1.04033,1.04117,7596
2025-01-22T08:00:00Z,1.04117,1.04239,1.04095,1.04230,12336
2025-01-22T09:00:00Z,1.04232,1.04473,1.04199,1.04463,14114
2025-01-22T10:00:00Z,1.04464,1.04573,1.04426,1.04499,11302
2025-01-22T11:00:00Z,1.04498,1.04562,1.04404,1.04427,7415
2025-01-22T12:00:00Z,1.04426,1.04427,1.04310,1.04380,8155
2025-01-22T13:00:00Z,1.04382,1.04457,1.04221,1.04316,11069
2025-01-22T14:00:00Z,1.04314,1.04319,1.04141,1.04244,19772
2025-01-22T15:00:00Z,1.04244,1.04249,1.04147,1.04199,16271
2025-01-22T16:00:00Z,1.04198,1.04226,1.04121,1.04194,8995
2025-01-22T17:00:00Z,1.04195,1.04203,1.04119,1.04169,7225
2025-01-22T18:00:00Z,1.04170,1.04210,1.04117,1.04160,6163
2025-01-22T19:00:00Z,1.04161,1.04227,1.04155,1.04201,3926
2025-01-22T20:00:00Z,1.04200,1.04228,1.04110,1.04121,6482
2025-01-22T21:00:00Z,1.04123,1.04131,1.04077,1.04077,4370
2025-01-22T22:00:00Z,1.04072,1.04109,1.04061,1.04071,542
2025-01-22T23:00:00Z,1.04071,1.04090,1.04052,1.04077,2005
2025-01-23T00:00:00Z,1.04076,1.04116,1.04067,1.04103,3260
2025-01-23T01:00:00Z,1.04102,1.04158,1.04019,1.04035,5696
2025-01-23T02:00:00Z,1.04035,1.04061,1.03967,1.04035,5496
2025-01-23T03:00:00Z,1.04035,1.04090,1.04029,1.04088,3380
2025-01-23T04:00:00Z,1.04086,1.04127,1.04086,1.04107,2680
2025-01-23T05:00:00Z,1.04107,1.04115,1.04041,1.04051,3217
2025-01-23T06:00:00Z,1.04050,1.04120,1.04028,1.04033,4633
2025-01-23T07:00:00Z,1.04033,1.04054,1.03899,1.04000,9358
2025-01-23T08:00:00Z,1.03999,1.04022,1.03902,1.03939,9188
2025-01-23T09:00:00Z,1.03939,1.04147,1.03933,1.04115,9219
2025-01-23T10:00:00Z,1.04116,1.04203,1.04098,1.04112,7558
2025-01-23T11:00:00Z,1.04111,1.04140,1.04011,1.04031,8002
2025-01-23T12:00:00Z,1.04032,1.04060,1.03940,1.04035,8658
2025-01-23T13:00:00Z,1.04036,1.04149,1.03972,1.04107,16352
2025-01-23T14:00:00Z,1.04107,1.04179,1.04057,1.04086,10707
2025-01-23T15:00:00Z,1.04088,1.04097,1.03869,1.03972,16706
2025-01-23T16:00:00Z,1.03973,1.04290,1.03719,1.04193,24434
2025-01-23T17:00:00Z,1.04190,1.04378,1.04136,1.04351,9952
2025-01-23T18:00:00Z,1.04352,1.04369,1.04217,1.04238,8846
2025-01-23T19:00:00Z,1.04237,1.04264,1.04197,1.04227,4557
2025-01-23T20:00:00Z,1.04227,1.04289,1.04158,1.04172,5801
2025-01-23T21:00:00Z,1.04172,1.04191,1.04126,1.04148,2958
2025-01-23T22:00:00Z,1.04140,1.04179,1.04131,1.04163,1339
2025-01-23T23:00:00Z,1.04166,1.04175,1.04143,1.04156,1446
2025-01-24T00:00:00Z,1.04155,1.04230,1.04133,1.04190,3533
2025-01-24T01:00:00Z,1.04192,1.04201,1.04115,1.04157,5309
2025-01-24T02:00:00Z,1.04158,1.04489,1.04158,1.04486,10258
2025-01-24T03:00:00Z,1.04485,1.04537,1.04364,1.04460,10751
2025-01-24T04:00:00Z,1.04459,1.04513,1.04434,1.04472,5606
2025-01-24T05:00:00Z,1.04471,1.04537,1.04436,1.04513,4810
2025-01-24T06:00:00Z,1.04512,1.04708,1.04492,1.04572,8940
2025-01-24T07:00:00Z,1.04572,1.04647,1.04471,1.04608,11110
2025-01-24T08:00:00Z,1.04608,1.04952,1.04577,1.04931,16656
2025-01-24T09:00:00Z,1.04931,1.05150,1.04907,1.04942,16016
2025-01-24T10:00:00Z,1.04944,1.04977,1.04860,1.04890,8854
2025-01-24T11:00:00Z,1.04891,1.04930,1.04811,1.04859,6512
2025-01-24T12:00:00Z,1.04858,1.04875,1.04732,1.04736,8066
2025-01-24T13:00:00Z,1.04737,1.04797,1.04636,1.04685,10091
2025-01-24T14:00:00Z,1.04683,1.04940,1.04671,1.04916,14793
2025-01-24T15:00:00Z,1.04916,1.05206,1.04894,1.05162,19518
2025-01-24T16:00:00Z,1.05162,1.05203,1.05054,1.05145,13869
2025-01-24T17:00:00Z,1.05143,1.05213,1.05097,1.05109,8214
2025-01-24T18:00:00Z,1.05109,1.05118,1.04939,1.04950,5035
2025-01-24T19:00:00Z,1.04952,1.04985,1.04920,1.04952,4098
2025-01-24T20:00:00Z,1.04952,1.04961,1.04881,1.04945,3310
2025-01-24T21:00:00Z,1.04948,1.04972,1.04891,1.04919,2614
2025-01-26T22:00:00Z,1.04763,1.04846,1.04753,1.04820,1157
2025-01-26T23:00:00Z,1.04826,1.04851,1.04651,1.04673,3775
2025-01-27T00:00:00Z,1.04673,1.04762,1.04652,1.04727,4934
2025-01-27T01:00:00Z,1.04726,1.04787,1.04610,1.04628,7386
2025-01-27T02:00:00Z,1.04627,1.04665,1.04588,1.04659,4525
2025-01-27T03:00:00Z,1.04659,1.04774,1.04632,1.04684,5442
2025-01-27T04:00:00Z,1.04685,1.04688,1.04598,1.04632,4248
2025-01-27T05:00:00Z,1.04632,1.04645,1.04558,1.04628,6016
2025-01-27T06:00:00Z,1.04628,1.04653,1.04569,1.04591,5356
2025-01-27T07:00:00Z,1.04593,1.04711,1.04539,1.04570,10765
2025-01-27T08:00:00Z,1.04568,1.04886,1.04543,1.04873,15706
2025-01-27T09:00:00Z,1.04874,1.04936,1.04751,1.04886,17304
2025-01-27T10:00:00Z,1.04886,1.05089,1.04886,1.05055,16210
2025-01-27T11:00:00Z,1.05053,1.05180,1.05044,1.05129,13288
2025-01-27T12:00:00Z,1.05129,1.05278,1.05088,1.05213,9859
2025-01-27T13:00:00Z,1.05211,1.05330,1.05096,1.05198,21525
2025-01-27T14:00:00Z,1.05197,1.05243,1.05077,1.05092,15466
2025-01-27T15:00:00Z,1.05092,1.05097,1.04938,1.04989,19735
2025-01-27T16:00:00Z,1.04989,1.05076,1.04890,1.04906,16919
2025-01-27T17:00:00Z,1.04906,1.04946,1.04846,1.04885,9327
2025-01-27T18:00:00Z,1.04884,1.04941,1.04816,1.04846,9250
2025-01-27T19:00:00Z,1.04848,1.04927,1.04791,1.04925,7180
2025-01-27T20:00:00Z,1.04926,1.04942,1.04872,1.04879,11817
2025-01-27T21:00:00Z,1.04878,1.04922,1.04858,1.04911,2218
2025-01-27T22:00:00Z,1.04911,1.04932,1.04871,1.04883,1448
2025-01-27T23:00:00Z,1.04883,1.04888,1.04283,1.04369,13965
2025-01-28T00:00:00Z,1.04369,1.04517,1.04322,1.04451,9906
2025-01-28T01:00:00Z,1.04452,1.04564,1.04298,1.04377,7202
2025-01-28T02:00:00Z,1.04370,1.04414,1.04244,1.04336,7150
2025-01-28T03:00:00Z,1.04335,1.04393,1.04290,1.04292,5177
2025-01-28T04:00:00Z,1.04291,1.04344,1.04254,1.04335,4372
2025-01-28T05:00:00Z,1.04335,1.04389,1.04332,1.04363,3208
2025-01-28T06:00:00Z,1.04362,1.04442,1.04336,1.04374,4809
2025-01-28T07:00:00Z,1.04375,1.04428,1.04279,1.04341,7903
2025-01-28T08:00:00Z,1.04341,1.04357,1.04194,1.04251,12009
2025-01-28T09:00:00Z,1.04254,1.04441,1.04224,1.04351,11437
2025-01-28T10:00:00Z,1.04351,1.04373,1.04247,1.04247,6485
2025-01-28T11:00:00Z,1.04247,1.04325,1.04226,1.04232,5907
2025-01-28T12:00:00Z,1.04235,1.04255,1.04137,1.04200,10205
2025-01-28T13:00:00Z,1.04200,1.04311,1.04171,1.04247,12624
2025-01-28T14:00:00Z,1.04245,1.04409,1.04240,1.04315,13134
2025-01-28T15:00:00Z,1.04312,1.04394,1.04209,1.04240,12023
2025-01-28T16:00:00Z,1.04241,1.04328,1.04224,1.04260,13842
2025-01-28T17:00:00Z,1.04260,1.04346,1.04246,1.04278,6222
2025-01-28T18:00:00Z,1.04280,1.04381,1.04231,1.04263,9162
2025-01-28T19:00:00Z,1.04262,1.04365,1.04225,1.04348,8573
2025-01-28T20:00:00Z,1.04349,1.04354,1.04294,1.04313,5639
2025-01-28T21:00:00Z,1.04313,1.04339,1.04298,1.04298,4530
2025-01-28T22:00:00Z,1.04298,1.04298,1.04237,1.04284,498
2025-01-28T23:00:00Z,1.04283,1.04299,1.04263,1.04271,1442
2025-01-29T00:00:00Z,1.04272,1.04342,1.04267,1.04301,4103
2025-01-29T01:00:00Z,1.04300,1.04340,1.04270,1.04271,3592
2025-01-29T02:00:00Z,1.04270,1.04355,1.04256,1.04337,3328
2025-01-29T03:00:00Z,1.04338,1.04390,1.04311,1.04372,5005
2025-01-29T04:00:00Z,1.04373,1.04424,1.04372,1.04384,3729
2025-01-29T05:00:00Z,1.04383,1.04408,1.04354,1.04402,2599
2025-01-29T06:00:00Z,1.04403,1.04434,1.04364,1.04371,4788
2025-01-29T07:00:00Z,1.04369,1.04377,1.04131,1.04158,8560
2025-01-29T08:00:00Z,1.04168,1.04303,1.04167,1.04241,8569
2025-01-29T09:00:00Z,1.04240,1.04246,1.04020,1.04035,8620
2025-01-29T10:00:00Z,1.04037,1.04082,1.03947,1.04035,9801
2025-01-29T11:00:00Z,1.04036,1.04081,1.03972,1.04014,7032
2025-01-29T12:00:00Z,1.04014,1.04047,1.03935,1.04040,8955
2025-01-29T13:00:00Z,1.04040,1.04056,1.03822,1.03876,14872
2025-01-29T14:00:00Z,1.03876,1.04016,1.03862,1.04012,10799
2025-01-29T15:00:00Z,1.04011,1.04270,1.03945,1.04193,13612
2025-01-29T16:00:00Z,1.04193,1.04238,1.04113,1.04156,14250
2025-01-29T17:00:00Z,1.04156,1.04283,1.04152,1.04212,9556
2025-01-29T18:00:00Z,1.04213,1.04244,1.04149,1.04196,7729
2025-01-29T19:00:00Z,1.04196,1.04288,1.03883,1.04160,29959
2025-01-29T20:00:00Z,1.04157,1.04254,1.04048,1.04103,19279
2025-01-29T21:00:00Z,1.04102,1.04213,1.04087,1.04207,5220
2025-01-29T22:00:00Z,1.04203,1.04211,1.04149,1.04207,1773
2025-01-29T23:00:00Z,1.04211,1.04271,1.04180,1.04245,2446
2025-01-30T00:00:00Z,1.04244,1.04288,1.04238,1.04260,1774
2025-01-30T01:00:00Z,1.04258,1.04260,1.04188,1.04198,2614
2025-01-30T02:00:00Z,1.04201,1.04266,1.04196,1.04230,3041
2025-01-30T03:00:00Z,1.04229,1.04264,1.04222,1.04252,3068
2025-01-30T04:00:00Z,1.04251,1.04276,1.04175,1.04189,3186
2025-01-30T05:00:00Z,1.04188,1.04219,1.04175,1.04217,2704
2025-01-30T06:00:00Z,1.04219,1.04225,1.04106,1.04138,4746
2025-01-30T07:00:00Z,1.04138,1.04237,1.04093,1.04236,5407
2025-01-30T08:00:00Z,1.04237,1.04288,1.04159,1.04214,10914
2025-01-30T09:00:00Z,1.04214,1.04224,1.04019,1.04074,9512
2025-01-30T10:00:00Z,1.04070,1.04121,1.03958,1.04006,9220
2025-01-30T11:00:00Z,1.04005,1.04006,1.03911,1.03917,8697
2025-01-30T12:00:00Z,1.03917,1.04057,1.03901,1.04033,8320
2025-01-30T13:00:00Z,1.04035,1.04597,1.04012,1.04564,18265
2025-01-30T14:00:00Z,1.04560,1.04677,1.04191,1.04280,20280
2025-01-30T15:00:00Z,1.04285,1.04422,1.04268,1.04311,14657
2025-01-30T16:00:00Z,1.04313,1.04346,1.04170,1.04194,7978
2025-01-30T17:00:00Z,1.04194,1.04233,1.04093,1.04168,7028
2025-01-30T18:00:00Z,1.04171,1.04253,1.04156,1.04248,4103
2025-01-30T19:00:00Z,1.04249,1.04300,1.04229,1.04280,6541
2025-01-30T20:00:00Z,1.04281,1.04322,1.03861,1.04073,24653
2025-01-30T21:00:00Z,1.04071,1.04140,1.03868,1.03879,8051
2025-01-30T22:00:00Z,1.03879,1.03932,1.03856,1.03867,2031
2025-01-30T23:00:00Z,1.03872,1.03980,1.03850,1.03966,2686
2025-01-31T00:00:00Z,1.03968,1.04022,1.03850,1.03866,3525
2025-01-31T01:00:00Z,1.03865,1.03924,1.03768,1.03884,6785
2025-01-31T02:00:00Z,1.03885,1.03948,1.03866,1.03894,5049
2025-01-31T03:00:00Z,1.03894,1.03913,1.03835,1.03848,3799
2025-01-31T04:00:00Z,1.03848,1.03898,1.03826,1.03873,3287
2025-01-31T05:00:00Z,1.03872,1.03907,1.03845,1.03887,3382
2025-01-31T06:00:00Z,1.03888,1.03953,1.03873,1.03944,3751
2025-01-31T07:00:00Z,1.03944,1.04125,1.03911,1.04040,8806
2025-01-31T08:00:00Z,1.04039,1.04066,1.03807,1.03841,9909
2025-01-31T09:00:00Z,1.03841,1.03850,1.03652,1.03834,15530
2025-01-31T10:00:00Z,1.03833,1.03839,1.03736,1.03762,8967
2025-01-31T11:00:00Z,1.03764,1.03800,1.03718,1.03757,6432
2025-01-31T12:00:00Z,1.03758,1.03856,1.03744,1.03824,5530
2025-01-31T13:00:00Z,1.03825,1.03952,1.03766,1.03820,13104
2025-01-31T14:00:00Z,1.03823,1.03825,1.03667,1.03684,20949
2025-01-31T15:00:00Z,1.03686,1.04006,1.03601,1.03962,21628
2025-01-31T16:00:00Z,1.03964,1.04073,1.03859,1.03996,12265
2025-01-31T17:00:00Z,1.03995,1.04340,1.03901,1.04197,20382
2025-01-31T18:00:00Z,1.04198,1.04217,1.03614,1.03696,21948
2025-01-31T19:00:00Z,1.03696,1.03789,1.03643,1.03763,15093
2025-01-31T20:00:00Z,1.03763,1.03817,1.03626,1.03734,10169
2025-01-31T21:00:00Z,1.03735,1.03870,1.03496,1.03602,13041
2025-02-02T22:00:00Z,1.02327,1.02572,1.02324,1.02508,4202
2025-02-02T23:00:00Z,1.02509,1.02698,1.02344,1.02467,17057
2025-02-03T00:00:00Z,1.02467,1.02671,1.02103,1.02316,16657
2025-02-03T01:00:00Z,1.02317,1.02520,1.02217,1.02375,12856
2025-02-03T02:00:00Z,1.02376,1.02377,1.02207,1.02234,10124
2025-02-03T03:00:00Z,1.02235,1.02247,1.02120,1.02211,7233
2025-02-03T04:00:00Z,1.02211,1.02394,1.02203,1.02264,7910
2025-02-03T05:00:00Z,1.02266,1.02432,1.02255,1.02402,6277
2025-02-03T06:00:00Z,1.02400,1.02515,1.02394,1.02428,6929
2025-02-03T07:00:00Z,1.02428,1.02491,1.02217,1.02247,11001
2025-02-03T08:00:00Z,1.02248,1.02510,1.02126,1.02433,13250
2025-02-03T09:00:00Z,1.02433,1.02543,1.02255,1.02303,8135
2025-02-03T10:00:00Z,1.02304,1.02442,1.02298,1.02435,7000
2025-02-03T11:00:00Z,1.02434,1.02557,1.02362,1.02522,6689
2025-02-03T12:00:00Z,1.02521,1.02778,1.02514,1.02576,13421
2025-02-03T13:00:00Z,1.02574,1.02874,1.02574,1.02638,16712
2025-02-03T14:00:00Z,1.02636,1.02657,1.02471,1.02503,13141
2025-02-03T15:00:00Z,1.02501,1.03351,1.02434,1.03161,37927
2025-02-03T16:00:00Z,1.03162,1.03212,1.02726,1.02757,24453
2025-02-03T17:00:00Z,1.02759,1.03027,1.02714,1.02792,15818
2025-02-03T18:00:00Z,1.02793,1.02873,1.02699,1.02783,12795
2025-02-03T19:00:00Z,1.02782,1.02968,1.02782,1.02851,6091
2025-02-03T20:00:00Z,1.02844,1.02991,1.02826,1.02951,4182
2025-02-03T21:00:00Z,1.02952,1.03497,1.02926,1.03425,9382
2025-02-03T22:00:00Z,1.03423,1.03459,1.03296,1.03410,2481
2025-02-03T23:00:00Z,1.03413,1.03503,1.03262,1.03279,3794
2025-02-04T00:00:00Z,1.03279,1.03309,1.03160,1.03177,3316
2025-02-04T01:00:00Z,1.03175,1.03224,1.03083,1.03218,6751
2025-02-04T02:00:00Z,1.03216,1.03238,1.03164,1.03218,6345
2025-02-04T03:00:00Z,1.03218,1.03238,1.03115,1.03146,5890
2025-02-04T04:00:00Z,1.03148,1.03150,1.03057,1.03057,4829
2025-02-04T05:00:00Z,1.03056,1.03057,1.02721,1.02929,13480
2025-02-04T06:00:00Z,1.02930,1.03074,1.02920,1.03065,5502
2025-02-04T07:00:00Z,1.03064,1.03171,1.02997,1.03110,6276
2025-02-04T08:00:00Z,1.03111,1.03351,1.03087,1.03342,11208
2025-02-04T09:00:00Z,1.03341,1.03494,1.03320,1.03385,9175
2025-02-04T10:00:00Z,1.03383,1.03432,1.03251,1.03348,7066
2025-02-04T11:00:00Z,1.03349,1.03351,1.03219,1.03221,5832
2025-02-04T12:00:00Z,1.03220,1.03283,1.03201,1.03251,7988
2025-02-04T13:00:00Z,1.03250,1.03403,1.03236,1.03403,8202
2025-02-04T14:00:00Z,1.03404,1.03661,1.03399,1.03594,11159
2025-02-04T15:00:00Z,1.03592,1.03857,1.03576,1.03799,19803
2025-02-04T16:00:00Z,1.03800,1.03872,1.03731,1.03781,12538
2025-02-04T17:00:00Z,1.03782,1.03787,1.03656,1.03765,10265
2025-02-04T18:00:00Z,1.03765,1.03860,1.03742,1.03808,5204
2025-02-04T19:00:00Z,1.03812,1.03852,1.03769,1.03816,4735
2025-02-04T20:00:00Z,1.03817,1.03857,1.03790,1.03852,4003
2025-02-04T21:00:00Z,1.03851,1.03874,1.03777,1.03783,3021
2025-02-04T22:00:00Z,1.03783,1.03798,1.03727,1.03780,1262
2025-02-04T23:00:00Z,1.03780,1.03802,1.03707,1.03712,1765
2025-02-05T00:00:00Z,1.03712,1.03817,1.03696,1.03786,3340
2025-02-05T01:00:00Z,1.03787,1.03864,1.03720,1.03732,6445
2025-02-05T02:00:00Z,1.03733,1.03848,1.03728,1.03843,6532
2025-02-05T03:00:00Z,1.03843,1.03860,1.03791,1.03794,5205
2025-02-05T04:00:00Z,1.03795,1.03822,1.03760,1.03784,3410
2025-02-05T05:00:00Z,1.03784,1.03785,1.03732,1.03777,4100
2025-02-05T06:00:00Z,1.03775,1.03937,1.03740,1.03848,5520
2025-02-05T07:00:00Z,1.03847,1.04096,1.03819,1.04025,8311
2025-02-05T08:00:00Z,1.04024,1.04082,1.03899,1.04037,10894
2025-02-05T09:00:00Z,1.04036,1.04174,1.04014,1.04037,9330
2025-02-05T10:00:00Z,1.04038,1.04304,1.04017,1.04250,9442
2025-02-05T11:00:00Z,1.04249,1.04252,1.04114,1.04147,6551
2025-02-05T12:00:00Z,1.04144,1.04218,1.04106,1.04188,7138
2025-02-05T13:00:00Z,1.04189,1.04256,1.04013,1.04076,12551
2025-02-05T14:00:00Z,1.04079,1.04261,1.04060,1.04232,12379
2025-02-05T15:00:00Z,1.04269,1.04424,1.04149,1.04221,17841
2025-02-05T16:00:00Z,1.04220,1.04245,1.04102,1.04179,10074
2025-02-05T17:00:00Z,1.04181,1.04241,1.04102,1.04198,5245
2025-02-05T18:00:00Z,1.04196,1.04215,1.04140,1.04153,3471
2025-02-05T19:00:00Z,1.04154,1.04166,1.04044,1.04069,4943
2025-02-05T20:00:00Z,1.04068,1.04069,1.04009,1.04045,3502
2025-02-05T21:00:00Z,1.04045,1.04066,1.03967,1.04021,3018
2025-02-05T22:00:00Z,1.04020,1.04046,1.03959,1.04041,649
2025-02-05T23:00:00Z,1.04039,1.04058,1.03969,1.03985,1910
2025-02-06T00:00:00Z,1.03985,1.04021,1.03948,1.03973,2961
2025-02-06T01:00:00Z,1.03973,1.04043,1.03951,1.04023,5276
2025-02-06T02:00:00Z,1.04022,1.04053,1.03908,1.03949,4399
2025-02-06T03:00:00Z,1.03949,1.03961,1.03895,1.03918,2828
2025-02-06T04:00:00Z,1.03918,1.03937,1.03852,1.03869,2753
2025-02-06T05:00:00Z,1.03868,1.03901,1.03858,1.03861,3496
2025-02-06T06:00:00Z,1.03864,1.03923,1.03854,1.03899,4448
2025-02-06T07:00:00Z,1.03900,1.03912,1.03779,1.03799,5832
2025-02-06T08:00:00Z,1.03798,1.03808,1.03559,1.03647,10423
2025-02-06T09:00:00Z,1.03649,1.03677,1.03561,1.03592,6121
2025-02-06T10:00:00Z,1.03592,1.03662,1.03557,1.03623,5507
2025-02-06T11:00:00Z,1.03622,1.03676,1.03578,1.03617,6457
2025-02-06T12:00:00Z,1.03619,1.03639,1.03523,1.03617,11955
2025-02-06T13:00:00Z,1.03616,1.03673,1.03532,1.03601,11065
2025-02-06T14:00:00Z,1.03601,1.03746,1.03595,1.03620,9662
2025-02-06T15:00:00Z,1.03621,1.03762,1.03610,1.03692,11132
2025-02-06T16:00:00Z,1.03692,1.03762,1.03666,1.03666,8648
2025-02-06T17:00:00Z,1.03666,1.03803,1.03657,1.03791,5148
2025-02-06T18:00:00Z,1.03789,1.03964,1.03736,1.03893,8237
2025-02-06T19:00:00Z,1.03891,1.03912,1.03801,1.03845,4230
2025-02-06T20:00:00Z,1.03844,1.03906,1.03838,1.03888,3553
2025-02-06T21:00:00Z,1.03883,1.03891,1.03820,1.03827,1674
2025-02-06T22:00:00Z,1.03826,1.03853,1.03815,1.03827,649
2025-02-06T23:00:00Z,1.03822,1.03866,1.03822,1.03850,861
2025-02-07T00:00:00Z,1.03849,1.03909,1.03773,1.03775,3597
2025-02-07T01:00:00Z,1.03780,1.03867,1.03741,1.03837,5538
2025-02-07T02:00:00Z,1.03836,1.03860,1.03807,1.03838,6077
2025-02-07T03:00:00Z,1.03841,1.03848,1.03770,1.03796,3514
2025-02-07T04:00:00Z,1.03796,1.03833,1.03755,1.03810,2880
2025-02-07T05:00:00Z,1.03809,1.03813,1.03738,1.03749,5293
2025-02-07T06:00:00Z,1.03748,1.03772,1.03724,1.03756,4126
2025-02-07T07:00:00Z,1.03756,1.03899,1.03739,1.03891,5652
2025-02-07T08:00:00Z,1.03890,1.03997,1.03852,1.03977,6193
2025-02-07T09:00:00Z,1.03977,1.03991,1.03896,1.03910,6717
2025-02-07T10:00:00Z,1.03909,1.03914,1.03789,1.03812,6227
2025-02-07T11:00:00Z,1.03811,1.03840,1.03773,1.03822,5468
2025-02-07T12:00:00Z,1.03822,1.03822,1.03681,1.03742,7145
2025-02-07T13:00:00Z,1.03741,1.04124,1.03489,1.03634,21493
2025-02-07T14:00:00Z,1.03633,1.03886,1.03606,1.03852,14019
2025-02-07T15:00:00Z,1.03851,1.03876,1.03271,1.03551,21764
2025-02-07T16:00:00Z,1.03550,1.03550,1.03221,1.03276,23103
2025-02-07T17:00:00Z,1.03276,1.03608,1.03049,1.03217,19583
2025-02-07T18:00:00Z,1.03214,1.03357,1.03206,1.03249,5588
2025-02-07T19:00:00Z,1.03249,1.03367,1.03236,1.03322,5726
2025-02-07T20:00:00Z,1.03322,1.03381,1.03214,1.03277,5226
2025-02-07T21:00:00Z,1.03280,1.03321,1.03248,1.03260,3312
2025-02-09T22:00:00Z,1.02918,1.03016,1.02839,1.02904,3843
2025-02-09T23:00:00Z,1.02904,1.03134,1.02904,1.03095,4912
2025-02-10T00:00:00Z,1.03096,1.03183,1.03092,1.03099,6012
2025-02-10T01:00:00Z,1.03102,1.03144,1.02999,1.03027,6652
2025-02-10T02:00:00Z,1.03028,1.03065,1.02985,1.02995,3578
2025-02-10T03:00:00Z,1.02996,1.03115,1.02995,1.03114,4224
2025-02-10T04:00:00Z,1.03114,1.03158,1.03110,1.03132,2769
2025-02-10T05:00:00Z,1.03134,1.03214,1.03131,1.03160,3058
2025-02-10T06:00:00Z,1.03160,1.03199,1.03120,1.03187,3284
2025-02-10T07:00:00Z,1.03187,1.03253,1.03098,1.03128,6210
2025-02-10T08:00:00Z,1.03129,1.03228,1.03064,1.03220,9318
2025-02-10T09:00:00Z,1.03221,1.03346,1.03209,1.03266,9000
2025-02-10T10:00:00Z,1.03266,1.03336,1.03232,1.03297,7209
2025-02-10T11:00:00Z,1.03299,1.03363,1.03198,1.03205,7565
2025-02-10T12:00:00Z,1.03205,1.03220,1.03083,1.03135,7016
2025-02-10T13:00:00Z,1.03137,1.03262,1.03137,1.03213,6738
2025-02-10T14:00:00Z,1.03212,1.03233,1.03041,1.03112,8369
2025-02-10T15:00:00Z,1.03114,1.03197,1.03105,1.03150,8218
2025-02-10T16:00:00Z,1.03150,1.03181,1.03043,1.03112,7080
2025-02-10T17:00:00Z,1.03113,1.03146,1.03065,1.03123,4239
2025-02-10T18:00:00Z,1.03121,1.03159,1.03058,1.03070,3166
2025-02-10T19:00:00Z,1.03069,1.03107,1.03051,1.03066,2507
2025-02-10T20:00:00Z,1.03067,1.03083,1.03048,1.03067,2272
2025-02-10T21:00:00Z,1.03066,1.03081,1.03049,1.03062,1123
2025-02-10T22:00:00Z,1.03061,1.03089,1.03025,1.03049,1612
2025-02-10T23:00:00Z,1.03042,1.03075,1.02982,1.03005,3120
2025-02-11T00:00:00Z,1.03006,1.03065,1.02993,1.03045,1440
2025-02-11T01:00:00Z,1.03045,1.03045,1.02999,1.03018,5349
2025-02-11T02:00:00Z,1.03018,1.03027,1.02920,1.02928,6791
2025-02-11T03:00:00Z,1.02927,1.03004,1.02919,1.02981,4486
2025-02-11T04:00:00Z,1.02979,1.03041,1.02974,1.03040,4085
2025-02-11T05:00:00Z,1.03041,1.03058,1.03019,1.03046,4559
2025-02-11T06:00:00Z,1.03045,1.03103,1.03040,1.03050,4668
2025-02-11T07:00:00Z,1.03050,1.03077,1.03008,1.03030,8116
2025-02-11T08:00:00Z,1.03030,1.03196,1.02998,1.03180,7869
2025-02-11T09:00:00Z,1.03180,1.03218,1.03125,1.03177,9389
2025-02-11T10:00:00Z,1.03178,1.03251,1.03143,1.03159,7233
2025-02-11T11:00:00Z,1.03158,1.03226,1.03155,1.03218,4371
2025-02-11T12:00:00Z,1.03216,1.03285,1.03204,1.03219,6948
2025-02-11T13:00:00Z,1.03219,1.03259,1.03164,1.03222,6570
2025-02-11T14:00:00Z,1.03222,1.03371,1.03216,1.03321,7933
2025-02-11T15:00:00Z,1.03327,1.03432,1.03280,1.03398,10282
2025-02-11T16:00:00Z,1.03397,1.03512,1.03388,1.03457,8590
2025-02-11T17:00:00Z,1.03456,1.03485,1.03433,1.03453,3906
2025-02-11T18:00:00Z,1.03451,1.03513,1.03443,1.03453,3540
2025-02-11T19:00:00Z,1.03451,1.03813,1.03418,1.03578,6619
2025-02-11T20:00:00Z,1.03580,1.03674,1.03574,1.03628,5877
2025-02-11T21:00:00Z,1.03627,1.03638,1.03587,1.03609,2667
2025-02-11T22:00:00Z,1.03603,1.03636,1.03583,1.03607,1106
2025-02-11T23:00:00Z,1.03607,1.03674,1.03600,1.03630,1474
2025-02-12T00:00:00Z,1.03638,1.03641,1.03562,1.03572,2279
2025-02-12T01:00:00Z,1.03571,1.03639,1.03537,1.03602,4721
2025-02-12T02:00:00Z,1.03603,1.03677,1.03602,1.03623,4937
2025-02-12T03:00:00Z,1.03623,1.03652,1.03584,1.03621,4132
2025-02-12T04:00:00Z,1.03619,1.03632,1.03559,1.03561,3415
2025-02-12T05:00:00Z,1.03561,1.03592,1.03547,1.03583,3972
2025-02-12T06:00:00Z,1.03584,1.03600,1.03569,1.03587,4114
2025-02-12T07:00:00Z,1.03588,1.03791,1.03587,1.03757,7573
2025-02-12T08:00:00Z,1.03758,1.03797,1.03679,1.03710,10809
2025-02-12T09:00:00Z,1.03709,1.03739,1.03646,1.03733,6269
2025-02-12T10:00:00Z,1.03736,1.03771,1.03699,1.03753,6902
2025-02-12T11:00:00Z,1.03754,1.03856,1.03735,1.03750,6260
2025-02-12T12:00:00Z,1.03750,1.03786,1.03719,1.03727,7094
2025-02-12T13:00:00Z,1.03727,1.03760,1.03168,1.03329,22019
2025-02-12T14:00:00Z,1.03329,1.03534,1.03254,1.03500,17113
2025-02-12T15:00:00Z,1.03500,1.03825,1.03379,1.03743,17739
2025-02-12T16:00:00Z,1.03743,1.03954,1.03501,1.03910,13795
2025-02-12T17:00:00Z,1.03910,1.04273,1.03905,1.04260,17576
2025-02-12T18:00:00Z,1.04260,1.04298,1.03872,1.03891,10759
2025-02-12T19:00:00Z,1.03891,1.03931,1.03844,1.03910,7849
2025-02-12T20:00:00Z,1.03908,1.03973,1.03879,1.03915,4955
2025-02-12T21:00:00Z,1.03917,1.03920,1.03804,1.03821,5062
2025-02-12T22:00:00Z,1.03818,1.03869,1.03811,1.03828,1960
2025-02-12T23:00:00Z,1.03829,1.03920,1.03825,1.03920,1627
2025-02-13T00:00:00Z,1.03920,1.04003,1.03879,1.03895,2964
2025-02-13T01:00:00Z,1.03895,1.04017,1.03871,1.03996,5322
2025-02-13T02:00:00Z,1.03998,1.04076,1.03964,1.04038,5550
2025-02-13T03:00:00Z,1.04039,1.04217,1.04034,1.04189,5137
2025-02-13T04:00:00Z,1.04189,1.04353,1.04186,1.04344,8421
2025-02-13T05:00:00Z,1.04345,1.04382,1.04303,1.04346,7157
2025-02-13T06:00:00Z,1.04347,1.04398,1.04283,1.04304,8340
2025-02-13T07:00:00Z,1.04307,1.04364,1.04222,1.04253,11373
2025-02-13T08:00:00Z,1.04256,1.04264,1.04101,1.04134,9170
2025-02-13T09:00:00Z,1.04134,1.04261,1.04108,1.04229,7733
2025-02-13T10:00:00Z,1.04229,1.04289,1.04131,1.04158,6386
2025-02-13T11:00:00Z,1.04157,1.04272,1.03924,1.04029,9031
2025-02-13T12:00:00Z,1.04029,1.04033,1.03855,1.03899,9297
2025-02-13T13:00:00Z,1.03897,1.04068,1.03756,1.03923,16400
2025-02-13T14:00:00Z,1.03924,1.04014,1.03818,1.03995,11674
2025-02-13T15:00:00Z,1.03995,1.04380,1.03995,1.04332,21680
2025-02-13T16:00:00Z,1.04332,1.04451,1.04242,1.04273,10207
2025-02-13T17:00:00Z,1.04270,1.04388,1.04248,1.04255,6361
2025-02-13T18:00:00Z,1.04252,1.04315,1.03727,1.04090,15515
2025-02-13T19:00:00Z,1.04091,1.04425,1.04082,1.04370,8204
2025-02-13T20:00:00Z,1.04370,1.04656,1.04353,1.04614,6366
2025-02-13T21:00:00Z,1.04616,1.04668,1.04568,1.04626,2878
2025-02-13T22:00:00Z,1.04625,1.04685,1.04619,1.04660,1471
2025-02-13T23:00:00Z,1.04661,1.04670,1.04559,1.04614,2870
2025-02-14T00:00:00Z,1.04614,1.04668,1.04575,1.04606,3687
2025-02-14T01:00:00Z,1.04607,1.04667,1.04582,1.04591,5288
2025-02-14T02:00:00Z,1.04590,1.04609,1.04550,1.04564,5163
2025-02-14T03:00:00Z,1.04567,1.04615,1.04536,1.04586,3395
2025-02-14T04:00:00Z,1.04587,1.04638,1.04546,1.04547,2565
2025-02-14T05:00:00Z,1.04548,1.04557,1.04470,1.04525,4404
2025-02-14T06:00:00Z,1.04524,1.04609,1.04515,1.04584,6156
2025-02-14T07:00:00Z,1.04584,1.04720,1.04582,1.04645,6962
2025-02-14T08:00:00Z,1.04645,1.04862,1.04633,1.04766,10002
2025-02-14T09:00:00Z,1.04765,1.04875,1.04757,1.04809,7273
2025-02-14T10:00:00Z,1.04809,1.04827,1.04641,1.04668,5228
2025-02-14T11:00:00Z,1.04669,1.04691,1.04628,1.04674,3465
2025-02-14T12:00:00Z,1.04674,1.04747,1.04567,1.04715,3579
2025-02-14T13:00:00Z,1.04715,1.04976,1.04711,1.04880,9252
2025-02-14T14:00:00Z,1.04882,1.05140,1.04871,1.05085,8712
2025-02-14T15:00:00Z,1.05085,1.05126,1.04907,1.05083,8127
2025-02-14T16:00:00Z,1.05081,1.05100,1.04968,1.04974,3860
2025-02-14T17:00:00Z,1.04974,1.05088,1.04940,1.05071,2879
2025-02-14T18:00:00Z,1.05071,1.05079,1.04994,1.05042,1646
2025-02-14T19:00:00Z,1.05043,1.05050,1.04947,1.04984,2559
2025-02-14T20:00:00Z,1.04981,1.04981,1.04910,1.04918,1568
2025-02-14T21:00:00Z,1.04917,1.04948,1.04882,1.04913,2060
2025-02-16T22:00:00Z,1.04858,1.04893,1.04850,1.04878,1031
2025-02-16T23:00:00Z,1.04880,1.04938,1.04847,1.04883,1530
2025-02-17T00:00:00Z,1.04886,1.04933,1.04853,1.04922,1484
2025-02-17T01:00:00Z,1.04927,1.05062,1.04895,1.05051,3292
2025-02-17T02:00:00Z,1.05051,1.05052,1.04956,1.05012,1499
2025-02-17T03:00:00Z,1.05010,1.05035,1.04942,1.04945,1365
2025-02-17T04:00:00Z,1.04944,1.04972,1.04890,1.04954,1869
2025-02-17T05:00:00Z,1.04956,1.04981,1.04846,1.04897,1913
2025-02-17T06:00:00Z,1.04896,1.04933,1.04878,1.04916,1562
2025-02-17T07:00:00Z,1.04917,1.04953,1.04803,1.04824,4160
2025-02-17T08:00:00Z,1.04825,1.04847,1.04708,1.04743,4968
2025-02-17T09:00:00Z,1.04743,1.04812,1.04711,1.04741,3091
2025-02-17T10:00:00Z,1.04739,1.04891,1.04731,1.04888,4024
2025-02-17T11:00:00Z,1.04888,1.04890,1.04777,1.04818,5065
2025-02-17T12:00:00Z,1.04819,1.04848,1.04683,1.04721,3568
2025-02-17T13:00:00Z,1.04723,1.04763,1.04667,1.04741,3387
2025-02-17T14:00:00Z,1.04742,1.04793,1.04712,1.04782,2484
2025-02-17T15:00:00Z,1.04783,1.04841,1.04739,1.04796,2563
2025-02-17T16:00:00Z,1.04796,1.04830,1.04767,1.04786,1857
2025-02-17T17:00:00Z,1.04788,1.04847,1.04778,1.04824,1041
2025-02-17T18:00:00Z,1.04825,1.04825,1.04791,1.04819,296
2025-02-17T19:00:00Z,1.04820,1.04837,1.04794,1.04815,621
2025-02-17T20:00:00Z,1.04815,1.04836,1.04805,1.04831,886
2025-02-17T21:00:00Z,1.04833,1.04849,1.04824,1.04840,739
2025-02-17T22:00:00Z,1.04835,1.04836,1.04698,1.04795,1267
2025-02-17T23:00:00Z,1.04805,1.04856,1.04770,1.04848,782
2025-02-18T00:00:00Z,1.04847,1.04862,1.04726,1.04750,1594
2025-02-18T01:00:00Z,1.04749,1.04753,1.04624,1.04659,3328
2025-02-18T02:00:00Z,1.04659,1.04705,1.04653,1.04673,4525
2025-02-18T03:00:00Z,1.04672,1.04723,1.04619,1.04630,2031
2025-02-18T04:00:00Z,1.04628,1.04638,1.04552,1.04570,2071
2025-02-18T05:00:00Z,1.04570,1.04590,1.04521,1.04550,1122
2025-02-18T06:00:00Z,1.04549,1.04632,1.04546,1.04610,2285
2025-02-18T07:00:00Z,1.04611,1.04691,1.04583,1.04635,5700
2025-02-18T08:00:00Z,1.04634,1.04691,1.04547,1.04568,2311
2025-02-18T09:00:00Z,1.04568,1.04650,1.04555,1.04635,2301
2025-02-18T10:00:00Z,1.04635,1.04670,1.04588,1.04620,4691
2025-02-18T11:00:00Z,1.04620,1.04649,1.04611,1.04626,1681
2025-02-18T12:00:00Z,1.04628,1.04669,1.04528,1.04552,4181
2025-02-18T13:00:00Z,1.04551,1.04566,1.04415,1.04446,5493
2025-02-18T14:00:00Z,1.04446,1.04548,1.04414,1.04523,3899
2025-02-18T15:00:00Z,1.04524,1.04669,1.04513,1.04662,6970
2025-02-18T16:00:00Z,1.04662,1.04692,1.04539,1.04566,3910
2025-02-18T17:00:00Z,1.04566,1.04566,1.04390,1.04457,3843
2025-02-18T18:00:00Z,1.04457,1.04478,1.04350,1.04439,3927
2025-02-18T19:00:00Z,1.04438,1.04496,1.04403,1.04451,1393
2025-02-18T20:00:00Z,1.04449,1.04476,1.04410,1.04475,1872
2025-02-18T21:00:00Z,1.04475,1.04492,1.04444,1.04459,2674
2025-02-18T22:00:00Z,1.04453,1.04517,1.04442,1.04505,2502
2025-02-18T23:00:00Z,1.04509,1.04509,1.04447,1.04479,886
2025-02-19T00:00:00Z,1.04480,1.04493,1.04435,1.04456,1661
2025-02-19T01:00:00Z,1.04458,1.04479,1.04409,1.04463,2614
2025-02-19T02:00:00Z,1.04462,1.04521,1.04446,1.04516,1631
2025-02-19T03:00:00Z,1.04517,1.04520,1.04476,1.04510,2642
2025-02-19T04:00:00Z,1.04510,1.04530,1.04480,1.04523,1291
2025-02-19T05:00:00Z,1.04522,1.04562,1.04487,1.04561,1553
2025-02-19T06:00:00Z,1.04560,1.04613,1.04542,1.04549,4087
2025-02-19T07:00:00Z,1.04551,1.04593,1.04486,1.04511,3150
2025-02-19T08:00:00Z,1.04514,1.04560,1.04385,1.04404,3818
2025-02-19T09:00:00Z,1.04403,1.04436,1.04281,1.04287,4598
2025-02-19T10:00:00Z,1.04288,1.04296,1.04188,1.04237,3486
2025-02-19T11:00:00Z,1.04239,1.04330,1.04199,1.04244,7824
2025-02-19T12:00:00Z,1.04243,1.04318,1.04216,1.04280,9154
2025-02-19T13:00:00Z,1.04282,1.04352,1.04250,1.04338,7843
2025-02-19T14:00:00Z,1.04339,1.04378,1.04273,1.04341,9765
2025-02-19T15:00:00Z,1.04341,1.04412,1.04215,1.04240,13940
2025-02-19T16:00:00Z,1.04239,1.04247,1.04040,1.04044,9545
2025-02-19T17:00:00Z,1.04044,1.04130,1.04009,1.04096,5359
2025-02-19T18:00:00Z,1.04097,1.04218,1.04083,1.04190,4378
2025-02-19T19:00:00Z,1.04190,1.04324,1.04177,1.04256,6225
2025-02-19T20:00:00Z,1.04255,1.04264,1.04207,1.04250,3300
2025-02-19T21:00:00Z,1.04250,1.04262,1.04218,1.04220,1251
2025-02-19T22:00:00Z,1.04220,1.04257,1.04163,1.04238,1090
2025-02-19T23:00:00Z,1.04242,1.04254,1.04197,1.04206,1172
2025-02-20T00:00:00Z,1.04205,1.04299,1.04195,1.04290,3764
2025-02-20T01:00:00Z,1.04292,1.04325,1.04185,1.04212,6006
2025-02-20T02:00:00Z,1.04212,1.04375,1.04200,1.04354,11209
2025-02-20T03:00:00Z,1.04355,1.04360,1.04266,1.04311,8898
2025-02-20T04:00:00Z,1.04309,1.04316,1.04240,1.04302,5299
2025-02-20T05:00:00Z,1.04300,1.04340,1.04267,1.04276,5778
2025-02-20T06:00:00Z,1.04276,1.04343,1.04242,1.04247,6353
2025-02-20T07:00:00Z,1.04254,1.04332,1.04233,1.04313,6536
2025-02-20T08:00:00Z,1.04313,1.04418,1.04292,1.04333,8114
2025-02-20T09:00:00Z,1.04332,1.04382,1.04284,1.04369,6546
2025-02-20T10:00:00Z,1.04369,1.04439,1.04341,1.04421,6312
2025-02-20T11:00:00Z,1.04424,1.04461,1.04307,1.04383,5328
2025-02-20T12:00:00Z,1.04384,1.04436,1.04331,1.04356,7976
2025-02-20T13:00:00Z,1.04356,1.04546,1.04349,1.04479,11166
2025-02-20T14:00:00Z,1.04480,1.04605,1.04419,1.04464,10982
2025-02-20T15:00:00Z,1.04462,1.04752,1.04417,1.04739,11774
2025-02-20T16:00:00Z,1.04736,1.04781,1.04640,1.04748,8257
2025-02-20T17:00:00Z,1.04747,1.04946,1.04709,1.04891,6022
2025-02-20T18:00:00Z,1.04889,1.04985,1.04852,1.04977,5080
2025-02-20T19:00:00Z,1.04980,1.05031,1.04891,1.05014,4595
2025-02-20T20:00:00Z,1.05015,1.05032,1.04951,1.05027,4041
2025-02-20T21:00:00Z,1.05026,1.05033,1.05001,1.05002,2456
2025-02-20T22:00:00Z,1.05001,1.05007,1.04960,1.04977,1390
2025-02-20T23:00:00Z,1.04976,1.05054,1.04975,1.05001,1625
2025-02-21T00:00:00Z,1.04999,1.05001,1.04890,1.04898,2897
2025-02-21T01:00:00Z,1.04899,1.04930,1.04843,1.04866,5321
2025-02-21T02:00:00Z,1.04866,1.05030,1.04862,1.05026,6239
2025-02-21T03:00:00Z,1.05027,1.05045,1.04993,1.05023,4089
2025-02-21T04:00:00Z,1.05023,1.05047,1.04970,1.04988,3136
2025-02-21T05:00:00Z,1.04988,1.05005,1.04914,1.04929,4713
2025-02-21T06:00:00Z,1.04928,1.04940,1.04876,1.04884,4842
2025-02-21T07:00:00Z,1.04885,1.04994,1.04885,1.04919,7226
2025-02-21T08:00:00Z,1.04920,1.04939,1.04677,1.04762,12349
2025-02-21T09:00:00Z,1.04766,1.04810,1.04665,1.04691,7565
2025-02-21T10:00:00Z,1.04690,1.04720,1.04645,1.04651,6314
2025-02-21T11:00:00Z,1.04651,1.04739,1.04629,1.04690,5874
2025-02-21T12:00:00Z,1.04690,1.04709,1.04592,1.04619,6971
2025-02-21T13:00:00Z,1.04616,1.04779,1.04612,1.04749,7051
2025-02-21T14:00:00Z,1.04749,1.04923,1.04699,1.04807,11901
2025-02-21T15:00:00Z,1.04807,1.04859,1.04525,1.04539,15276
2025-02-21T16:00:00Z,1.04538,1.04576,1.04492,1.04544,9799
2025-02-21T17:00:00Z,1.04549,1.04643,1.04518,1.04629,7128
2025-02-21T18:00:00Z,1.04627,1.04678,1.04506,1.04596,8750
2025-02-21T19:00:00Z,1.04596,1.04663,1.04570,1.04620,6462
2025-02-21T20:00:00Z,1.04619,1.04643,1.04572,1.04605,5067
2025-02-21T21:00:00Z,1.04605,1.04619,1.04550,1.04570,3206
2025-02-23T22:00:00Z,1.04706,1.04810,1.04618,1.04727,3905
2025-02-23T23:00:00Z,1.04727,1.04846,1.04705,1.04736,2909
2025-02-24T00:00:00Z,1.04738,1.05071,1.04716,1.05040,5196
2025-02-24T01:00:00Z,1.05041,1.05208,1.05021,1.05178,10251
2025-02-24T02:00:00Z,1.05179,1.05282,1.05154,1.05227,10642
2025-02-24T03:00:00Z,1.05228,1.05254,1.05162,1.05192,5771
2025-02-24T04:00:00Z,1.05194,1.05206,1.05110,1.05154,4269
2025-02-24T05:00:00Z,1.05152,1.05196,1.05098,1.05163,5748
2025-02-24T06:00:00Z,1.05162,1.05162,1.05009,1.05087,6300
2025-02-24T07:00:00Z,1.05088,1.05147,1.04865,1.04909,8962
2025-02-24T08:00:00Z,1.04912,1.04925,1.04695,1.04795,10298
2025-02-24T09:00:00Z,1.04794,1.04846,1.04686,1.04717,7020
2025-02-24T10:00:00Z,1.04716,1.04805,1.04668,1.04801,6456
2025-02-24T11:00:00Z,1.04802,1.04811,1.04637,1.04683,4712
2025-02-24T12:00:00Z,1.04683,1.04724,1.04599,1.04687,5896
2025-02-24T13:00:00Z,1.04688,1.04753,1.04646,1.04667,6995
2025-02-24T14:00:00Z,1.04668,1.04695,1.04527,1.04603,10034
2025-02-24T15:00:00Z,1.04603,1.04704,1.04599,1.04689,12969
2025-02-24T16:00:00Z,1.04688,1.04799,1.04655,1.04775,9855
2025-02-24T17:00:00Z,1.04777,1.04835,1.04679,1.04723,7302
2025-02-24T18:00:00Z,1.04721,1.04856,1.04704,1.04803,4717
2025-02-24T19:00:00Z,1.04804,1.04839,1.04725,1.04749,5475
2025-02-24T20:00:00Z,1.04750,1.04792,1.04644,1.04650,7160
2025-02-24T21:00:00Z,1.04651,1.04680,1.04616,1.04671,3364
2025-02-24T22:00:00Z,1.04671,1.04702,1.04634,1.04689,1230
2025-02-24T23:00:00Z,1.04687,1.04687,1.04602,1.04611,1432
2025-02-25T00:00:00Z,1.04611,1.04641,1.04596,1.04631,2093
2025-02-25T01:00:00Z,1.04633,1.04656,1.04605,1.04649,6750
2025-02-25T02:00:00Z,1.04651,1.04747,1.04651,1.04743,7216
2025-02-25T03:00:00Z,1.04744,1.04761,1.04712,1.04730,5322
2025-02-25T04:00:00Z,1.04731,1.04771,1.04723,1.04730,3973
2025-02-25T05:00:00Z,1.04731,1.04780,1.04722,1.04767,3580
2025-02-25T06:00:00Z,1.04767,1.04799,1.04724,1.04767,4531
2025-02-25T07:00:00Z,1.04767,1.04774,1.04633,1.04640,8336
2025-02-25T08:00:00Z,1.04642,1.04787,1.04560,1.04700,10915
2025-02-25T09:00:00Z,1.04702,1.04784,1.04683,1.04729,9711
2025-02-25T10:00:00Z,1.04729,1.04739,1.04651,1.04725,8026
2025-02-25T11:00:00Z,1.04724,1.04896,1.04714,1.04891,6113
2025-02-25T12:00:00Z,1.04893,1.04999,1.04882,1.04934,11147
2025-02-25T13:00:00Z,1.04934,1.05096,1.04933,1.04999,10938
2025-02-25T14:00:00Z,1.05000,1.05047,1.04918,1.05023,9438
2025-02-25T15:00:00Z,1.05027,1.05191,1.04949,1.04984,14598
2025-02-25T16:00:00Z,1.04983,1.05059,1.04944,1.04975,10898
2025-02-25T17:00:00Z,1.04975,1.05021,1.04837,1.05020,6661
2025-02-25T18:00:00Z,1.05020,1.05179,1.05020,1.05083,6360
2025-02-25T19:00:00Z,1.05082,1.05126,1.05044,1.05104,5108
2025-02-25T20:00:00Z,1.05103,1.05188,1.05090,1.05162,4474
2025-02-25T21:00:00Z,1.05161,1.05175,1.05123,1.05124,2384
2025-02-25T22:00:00Z,1.05116,1.05141,1.05106,1.05122,1146
2025-02-25T23:00:00Z,1.05136,1.05227,1.05119,1.05204,3204
2025-02-26T00:00:00Z,1.05205,1.05250,1.05195,1.05227,2860
2025-02-26T01:00:00Z,1.05226,1.05235,1.05138,1.05150,5887
2025-02-26T02:00:00Z,1.05151,1.05167,1.05040,1.05061,7165
2025-02-26T03:00:00Z,1.05062,1.05085,1.05011,1.05043,5164
2025-02-26T04:00:00Z,1.05043,1.05054,1.04966,1.04971,3212
2025-02-26T05:00:00Z,1.04970,1.04979,1.04903,1.04912,5613
2025-02-26T06:00:00Z,1.04913,1.04962,1.04868,1.04942,6954
2025-02-26T07:00:00Z,1.04943,1.05013,1.04923,1.04938,8422
2025-02-26T08:00:00Z,1.04938,1.05113,1.04913,1.05024,11447
2025-02-26T09:00:00Z,1.05024,1.05030,1.04947,1.04968,9210
2025-02-26T10:00:00Z,1.04968,1.05007,1.04910,1.04976,8198
2025-02-26T11:00:00Z,1.04975,1.05020,1.04865,1.04914,6595
2025-02-26T12:00:00Z,1.04914,1.04947,1.04747,1.04765,8738
2025-02-26T13:00:00Z,1.04765,1.04944,1.04763,1.04839,9801
2025-02-26T14:00:00Z,1.04840,1.04924,1.04820,1.04895,10840
2025-02-26T15:00:00Z,1.04895,1.05090,1.04791,1.05058,14872
2025-02-26T16:00:00Z,1.05061,1.05153,1.05017,1.05135,11719
2025-02-26T17:00:00Z,1.05133,1.05287,1.04830,1.04921,19767
2025-02-26T18:00:00Z,1.04922,1.05002,1.04848,1.04879,14784
2025-02-26T19:00:00Z,1.04880,1.04932,1.04819,1.04908,8730
2025-02-26T20:00:00Z,1.04908,1.04909,1.04806,1.04860,5409
2025-02-26T21:00:00Z,1.04860,1.04878,1.04784,1.04844,2837
2025-02-26T22:00:00Z,1.04843,1.04873,1.04782,1.04865,1571
2025-02-26T23:00:00Z,1.04869,1.04922,1.04856,1.04876,1416
2025-02-27T00:00:00Z,1.04877,1.04878,1.04766,1.04771,3900
2025-02-27T01:00:00Z,1.04773,1.04831,1.04726,1.04780,5906
2025-02-27T02:00:00Z,1.04782,1.04804,1.04701,1.04707,8303
2025-02-27T03:00:00Z,1.04710,1.04743,1.04647,1.04656,4882
2025-02-27T04:00:00Z,1.04656,1.04694,1.04589,1.04626,5857
2025-02-27T05:00:00Z,1.04628,1.04653,1.04613,1.04649,5060
2025-02-27T06:00:00Z,1.04648,1.04729,1.04639,1.04715,5863
2025-02-27T07:00:00Z,1.04716,1.04800,1.04683,1.04750,6128
2025-02-27T08:00:00Z,1.04752,1.04802,1.04702,1.04782,9841
2025-02-27T09:00:00Z,1.04784,1.04851,1.04750,1.04841,7067
2025-02-27T10:00:00Z,1.04840,1.04842,1.04737,1.04814,6729
2025-02-27T11:00:00Z,1.04814,1.04871,1.04757,1.04757,6830
2025-02-27T12:00:00Z,1.04756,1.04839,1.04729,1.04763,9535
2025-02-27T13:00:00Z,1.04763,1.04893,1.04190,1.04232,19516
2025-02-27T14:00:00Z,1.04231,1.04416,1.04139,1.04198,16856
2025-02-27T15:00:00Z,1.04197,1.04276,1.04093,1.04148,19212
2025-02-27T16:00:00Z,1.04149,1.04160,1.04031,1.04134,15244
2025-02-27T17:00:00Z,1.04136,1.04179,1.04001,1.04071,8396
2025-02-27T18:00:00Z,1.04072,1.04174,1.04072,1.04171,5675
2025-02-27T19:00:00Z,1.04171,1.04176,1.04031,1.04042,6758
2025-02-27T20:00:00Z,1.04043,1.04082,1.04013,1.04051,4988
2025-02-27T21:00:00Z,1.04050,1.04052,1.03966,1.03978,3272
2025-02-27T22:00:00Z,1.03974,1.03990,1.03882,1.03940,1243
2025-02-27T23:00:00Z,1.03941,1.04001,1.03921,1.03936,1765
2025-02-28T00:00:00Z,1.03936,1.04027,1.03936,1.04023,4458
2025-02-28T01:00:00Z,1.04024,1.04042,1.03843,1.03848,9050
2025-02-28T02:00:00Z,1.03848,1.03915,1.03802,1.03822,7135
2025-02-28T03:00:00Z,1.03823,1.03894,1.03811,1.03882,5229
2025-02-28T04:00:00Z,1.03882,1.03907,1.03859,1.03864,3534
2025-02-28T05:00:00Z,1.03866,1.03900,1.03841,1.03886,5041
2025-02-28T06:00:00Z,1.03885,1.03890,1.03825,1.03874,6543
2025-02-28T07:00:00Z,1.03873,1.04005,1.03854,1.03959,9122
2025-02-28T08:00:00Z,1.03959,1.04042,1.03949,1.04009,9275
2025-02-28T09:00:00Z,1.04014,1.04078,1.03943,1.03952,8411
2025-02-28T10:00:00Z,1.03951,1.04058,1.03922,1.03992,6240
2025-02-28T11:00:00Z,1.03992,1.04011,1.03933,1.03986,6512
2025-02-28T12:00:00Z,1.03985,1.04078,1.03977,1.04067,6064
2025-02-28T13:00:00Z,1.04066,1.04161,1.04052,1.04066,12077
2025-02-28T14:00:00Z,1.04071,1.04141,1.04007,1.04098,11096
2025-02-28T15:00:00Z,1.04099,1.04198,1.03932,1.03998,14875
2025-02-28T16:00:00Z,1.03998,1.04114,1.03979,1.04013,14463
2025-02-28T17:00:00Z,1.04014,1.04099,1.03898,1.03963,11415
2025-02-28T18:00:00Z,1.03962,1.03980,1.03625,1.03634,16821
2025-02-28T19:00:00Z,1.03634,1.03736,1.03597,1.03677,8236
2025-02-28T20:00:00Z,1.03676,1.03769,1.03620,1.03747,7757
2025-02-28T21:00:00Z,1.03746,1.03767,1.03681,1.03747,5076
2025-03-02T22:00:00Z,1.04032,1.04042,1.03992,1.04032,1470
2025-03-02T23:00:00Z,1.04033,1.04208,1.03997,1.04119,7223
2025-03-03T00:00:00Z,1.04119,1.04199,1.04021,1.04091,8262
2025-03-03T01:00:00Z,1.04092,1.04228,1.04074,1.04195,8673
2025-03-03T02:00:00Z,1.04195,1.04231,1.04147,1.04197,5002
2025-03-03T03:00:00Z,1.04196,1.04198,1.04099,1.04168,5770
2025-03-03T04:00:00Z,1.04167,1.04203,1.04165,1.04177,4218
2025-03-03T05:00:00Z,1.04175,1.04193,1.04123,1.04142,5742
2025-03-03T06:00:00Z,1.04141,1.04162,1.04065,1.04081,5912
2025-03-03T07:00:00Z,1.04081,1.04100,1.04018,1.04054,8656
2025-03-03T08:00:00Z,1.04053,1.04065,1.03883,1.04009,13067
2025-03-03T09:00:00Z,1.04015,1.04288,1.04012,1.04269,7933
2025-03-03T10:00:00Z,1.04270,1.04441,1.04270,1.04418,6959
2025-03-03T11:00:00Z,1.04419,1.04579,1.04403,1.04524,11603
2025-03-03T12:00:00Z,1.04525,1.04759,1.04525,1.04702,11142
2025-03-03T13:00:00Z,1.04703,1.04762,1.04592,1.04717,11451
2025-03-03T14:00:00Z,1.04719,1.04906,1.04686,1.04823,11492
2025-03-03T15:00:00Z,1.04795,1.05036,1.04764,1.04845,16324
2025-03-03T16:00:00Z,1.04844,1.05011,1.04838,1.04960,9706
2025-03-03T17:00:00Z,1.04959,1.04967,1.04866,1.04902,5416
2025-03-03T18:00:00Z,1.04904,1.05032,1.04821,1.04868,7907
2025-03-03T19:00:00Z,1.04867,1.04936,1.04721,1.04728,8901
2025-03-03T20:00:00Z,1.04727,1.04850,1.04665,1.04819,15906
2025-03-03T21:00:00Z,1.04820,1.04925,1.04803,1.04856,3946
2025-03-03T22:00:00Z,1.04849,1.04882,1.04795,1.04867,1474
2025-03-03T23:00:00Z,1.04865,1.04922,1.04763,1.04851,2873
2025-03-04T00:00:00Z,1.04851,1.04886,1.04764,1.04880,6817
2025-03-04T01:00:00Z,1.04880,1.04959,1.04823,1.04881,8712
2025-03-04T02:00:00Z,1.04882,1.04900,1.04800,1.04806,8539
2025-03-04T03:00:00Z,1.04806,1.04837,1.04747,1.04771,7690
2025-03-04T04:00:00Z,1.04770,1.04803,1.04710,1.04778,6469
2025-03-04T05:00:00Z,1.04778,1.04862,1.04708,1.04833,8361
2025-03-04T06:00:00Z,1.04833,1.04894,1.04789,1.04856,5280
2025-03-04T07:00:00Z,1.04860,1.05003,1.04809,1.04927,12898
2025-03-04T08:00:00Z,1.04928,1.05238,1.04861,1.05187,14710
2025-03-04T09:00:00Z,1.05187,1.05270,1.05093,1.05118,11895
2025-03-04T10:00:00Z,1.05119,1.05194,1.05024,1.05113,8653
2025-03-04T11:00:00Z,1.05112,1.05443,1.05096,1.05439,7851
2025-03-04T12:00:00Z,1.05440,1.05569,1.05358,1.05529,10829
2025-03-04T13:00:00Z,1.05531,1.05596,1.05305,1.05388,14006
2025-03-04T14:00:00Z,1.05389,1.05483,1.05204,1.05212,16524
2025-03-04T15:00:00Z,1.05211,1.05279,1.04962,1.05263,17222
2025-03-04T16:00:00Z,1.05260,1.05394,1.05151,1.05335,14226
2025-03-04T17:00:00Z,1.05334,1.05439,1.05304,1.05415,11993
2025-03-04T18:00:00Z,1.05414,1.05911,1.05376,1.05904,15123
2025-03-04T19:00:00Z,1.05903,1.06019,1.05863,1.06006,10322
2025-03-04T20:00:00Z,1.06005,1.06236,1.06004,1.06082,12389
2025-03-04T21:00:00Z,1.06085,1.06272,1.06082,1.06253,8613
2025-03-04T22:00:00Z,1.06254,1.06254,1.06168,1.06191,3331
2025-03-04T23:00:00Z,1.06191,1.06369,1.06191,1.06230,4013
2025-03-05T00:00:00Z,1.06230,1.06273,1.06105,1.06207,7120
2025-03-05T01:00:00Z,1.06209,1.06274,1.06084,1.06125,10928
2025-03-05T02:00:00Z,1.06126,1.06155,1.06036,1.06040,13506
2025-03-05T03:00:00Z,1.06040,1.06202,1.06018,1.06180,11073
2025-03-05T04:00:00Z,1.06181,1.06256,1.06152,1.06189,6288
2025-03-05T05:00:00Z,1.06188,1.06323,1.06186,1.06312,6473
2025-03-05T06:00:00Z,1.06313,1.06388,1.06241,1.06322,10100
2025-03-05T07:00:00Z,1.06321,1.06763,1.06294,1.06745,17656
2025-03-05T08:00:00Z,1.06743,1.06996,1.06585,1.06977,19050
2025-03-05T09:00:00Z,1.06981,1.07220,1.06954,1.07116,14819
2025-03-05T10:00:00Z,1.07115,1.07150,1.06834,1.06969,11241
2025-03-05T11:00:00Z,1.06970,1.06984,1.06764,1.06787,9405
2025-03-05T12:00:00Z,1.06787,1.07140,1.06784,1.06955,11187
2025-03-05T13:00:00Z,1.06959,1.07225,1.06867,1.07157,18570
2025-03-05T14:00:00Z,1.07157,1.07769,1.07137,1.07691,21820
2025-03-05T15:00:00Z,1.07684,1.07705,1.07408,1.07649,24798
2025-03-05T16:00:00Z,1.07651,1.07866,1.07610,1.07668,17001
2025-03-05T17:00:00Z,1.07666,1.07877,1.07622,1.07851,15066
2025-03-05T18:00:00Z,1.07852,1.07887,1.07637,1.07734,15034
2025-03-05T19:00:00Z,1.07736,1.07907,1.07697,1.07900,10924
2025-03-05T20:00:00Z,1.07900,1.07965,1.07876,1.07920,5462
2025-03-05T21:00:00Z,1.07921,1.07928,1.07854,1.07857,4874
2025-03-05T22:00:00Z,1.07854,1.07922,1.07853,1.07901,1259
2025-03-05T23:00:00Z,1.07904,1.07950,1.07869,1.07941,3082
2025-03-06T00:00:00Z,1.07942,1.08028,1.07871,1.07942,5885
2025-03-06T01:00:00Z,1.07942,1.08200,1.07893,1.08151,7255
2025-03-06T02:00:00Z,1.08150,1.08191,1.07976,1.08050,8916
2025-03-06T03:00:00Z,1.08050,1.08051,1.07879,1.07893,8185
2025-03-06T04:00:00Z,1.07894,1.08040,1.07840,1.08033,6554
2025-03-06T05:00:00Z,1.08035,1.08116,1.07999,1.08102,6531
2025-03-06T06:00:00Z,1.08102,1.08199,1.07988,1.08025,7901
2025-03-06T07:00:00Z,1.08024,1.08221,1.07917,1.07989,15731
2025-03-06T08:00:00Z,1.07989,1.08167,1.07928,1.08012,18220
2025-03-06T09:00:00Z,1.08009,1.08065,1.07802,1.07995,15340
2025-03-06T10:00:00Z,1.07996,1.08034,1.07826,1.07916,13758
2025-03-06T11:00:00Z,1.07916,1.08007,1.07830,1.07990,10181
2025-03-06T12:00:00Z,1.07990,1.08067,1.07880,1.08000,8369
2025-03-06T13:00:00Z,1.08000,1.08452,1.07905,1.08257,21434
2025-03-06T14:00:00Z,1.08258,1.08409,1.08111,1.08369,23690
2025-03-06T15:00:00Z,1.08369,1.08534,1.08112,1.08170,24219
2025-03-06T16:00:00Z,1.08172,1.08381,1.08153,1.08174,17368
2025-03-06T17:00:00Z,1.08172,1.08222,1.07913,1.07969,15101
2025-03-06T18:00:00Z,1.07968,1.08017,1.07655,1.07836,13081
2025-03-06T19:00:00Z,1.07835,1.08113,1.07825,1.08014,9172
2025-03-06T20:00:00Z,1.08013,1.08032,1.07853,1.07863,8321
2025-03-06T21:00:00Z,1.07864,1.07902,1.07748,1.07818,3875
2025-03-06T22:00:00Z,1.07820,1.07908,1.07757,1.07877,1868
2025-03-06T23:00:00Z,1.07877,1.07961,1.07843,1.07871,2741
2025-03-07T00:00:00Z,1.07872,1.07952,1.07868,1.07875,4716
2025-03-07T01:00:00Z,1.07877,1.07928,1.07810,1.07898,6645
2025-03-07T02:00:00Z,1.07901,1.07992,1.07845,1.07990,6461
2025-03-07T03:00:00Z,1.07990,1.08146,1.07963,1.08057,5852
2025-03-07T04:00:00Z,1.08055,1.08130,1.08027,1.08128,4236
2025-03-07T05:00:00Z,1.08128,1.08174,1.08075,1.08131,5662
2025-03-07T06:00:00Z,1.08131,1.08250,1.08079,1.08232,6300
2025-03-07T07:00:00Z,1.08231,1.08406,1.08198,1.08295,10444
2025-03-07T08:00:00Z,1.08298,1.08550,1.08259,1.08507,11294
2025-03-07T09:00:00Z,1.08508,1.08714,1.08445,1.08610,10963
2025-03-07T10:00:00Z,1.08611,1.08670,1.08571,1.08605,9050
2025-03-07T11:00:00Z,1.08604,1.08604,1.08444,1.08492,10534
2025-03-07T12:00:00Z,1.08491,1.08570,1.08409,1.08542,10748
2025-03-07T13:00:00Z,1.08544,1.08884,1.08430,1.08447,24215
2025-03-07T14:00:00Z,1.08444,1.08818,1.08440,1.08534,22387
2025-03-07T15:00:00Z,1.08534,1.08862,1.08352,1.08699,23016
2025-03-07T16:00:00Z,1.08699,1.08725,1.08374,1.08585,13866
2025-03-07T17:00:00Z,1.08583,1.08642,1.08317,1.08430,15106
2025-03-07T18:00:00Z,1.08428,1.08440,1.08254,1.08398,9611
2025-03-07T19:00:00Z,1.08397,1.08440,1.08330,1.08425,7612
2025-03-07T20:00:00Z,1.08424,1.08491,1.08399,1.08472,4411
2025-03-07T21:00:00Z,1.08471,1.08511,1.08292,1.08292,4296
2025-03-09T21:00:00Z,1.08312,1.08399,1.08269,1.08388,543
2025-03-09T22:00:00Z,1.08388,1.08594,1.08381,1.08490,6578
2025-03-09T23:00:00Z,1.08491,1.08653,1.08480,1.08600,5869
2025-03-10T00:00:00Z,1.08602,1.08671,1.08527,1.08641,5832
2025-03-10T01:00:00Z,1.08640,1.08711,1.08524,1.08528,6627
2025-03-10T02:00:00Z,1.08526,1.08557,1.08355,1.08368,8761
2025-03-10T03:00:00Z,1.08368,1.08384,1.08301,1.08314,6292
2025-03-10T04:00:00Z,1.08313,1.08376,1.08300,1.08306,4318
2025-03-10T05:00:00Z,1.08303,1.08355,1.08278,1.08350,7362
2025-03-10T06:00:00Z,1.08351,1.08446,1.08342,1.08367,8447
2025-03-10T07:00:00Z,1.08374,1.08438,1.08107,1.08224,9727
2025-03-10T08:00:00Z,1.08227,1.08241,1.08051,1.08099,16028
2025-03-10T09:00:00Z,1.08099,1.08566,1.08085,1.08510,14742
2025-03-10T10:00:00Z,1.08517,1.08744,1.08504,1.08609,13547
2025-03-10T11:00:00Z,1.08609,1.08643,1.08122,1.08505,19103
2025-03-10T12:00:00Z,1.08505,1.08599,1.08418,1.08437,12167
2025-03-10T13:00:00Z,1.08438,1.08507,1.08332,1.08349,11623
2025-03-10T14:00:00Z,1.08349,1.08466,1.08313,1.08450,14176
2025-03-10T15:00:00Z,1.08451,1.08477,1.08206,1.08369,15211
2025-03-10T16:00:00Z,1.08368,1.08416,1.08278,1.08302,11253
2025-03-10T17:00:00Z,1.08301,1.08456,1.08256,1.08297,9026
2025-03-10T18:00:00Z,1.08295,1.08352,1.08175,1.08296,8098
2025-03-10T19:00:00Z,1.08296,1.08326,1.08175,1.08315,7320
2025-03-10T20:00:00Z,1.08316,1.08362,1.08254,1.08324,3402
2025-03-10T21:00:00Z,1.08320,1.08359,1.08293,1.08342,990
2025-03-10T22:00:00Z,1.08341,1.08413,1.08329,1.08344,2238
2025-03-10T23:00:00Z,1.08349,1.08432,1.08347,1.08390,2523
2025-03-11T00:00:00Z,1.08390,1.08533,1.08389,1.08513,4997
2025-03-11T01:00:00Z,1.08515,1.08584,1.08435,1.08579,7369
2025-03-11T02:00:00Z,1.08579,1.08604,1.08500,1.08558,8479
2025-03-11T03:00:00Z,1.08559,1.08596,1.08487,1.08542,5994
2025-03-11T04:00:00Z,1.08540,1.08615,1.08503,1.08543,3891
2025-03-11T05:00:00Z,1.08543,1.08554,1.08354,1.08381,4622
2025-03-11T06:00:00Z,1.08383,1.08758,1.08363,1.08563,10111
2025-03-11T07:00:00Z,1.08562,1.09014,1.08551,1.08906,13118
2025-03-11T08:00:00Z,1.08906,1.09191,1.08846,1.09170,13977
2025-03-11T09:00:00Z,1.09167,1.09207,1.08959,1.09082,10498
2025-03-11T10:00:00Z,1.09083,1.09083,1.08821,1.08905,9820
2025-03-11T11:00:00Z,1.08903,1.09047,1.08810,1.09044,6961
2025-03-11T12:00:00Z,1.09044,1.09203,1.09020,1.09178,11069
2025-03-11T13:00:00Z,1.09179,1.09306,1.09112,1.09197,14487
2025-03-11T14:00:00Z,1.09195,1.09202,1.08949,1.09190,18011
2025-03-11T15:00:00Z,1.09190,1.09285,1.09121,1.09270,12827
2025-03-11T16:00:00Z,1.09269,1.09295,1.09177,1.09249,8844
2025-03-11T17:00:00Z,1.09250,1.09350,1.09237,1.09341,6586
2025-03-11T18:00:00Z,1.09343,1.09471,1.09251,1.09306,11573
2025-03-11T19:00:00Z,1.09305,1.09338,1.09195,1.09196,7214
2025-03-11T20:00:00Z,1.09199,1.09207,1.09098,1.09181,3341
2025-03-11T21:00:00Z,1.09174,1.09209,1.09068,1.09110,2630
2025-03-11T22:00:00Z,1.09110,1.09185,1.09104,1.09155,1878
2025-03-11T23:00:00Z,1.09154,1.09173,1.09129,1.09136,1401
2025-03-12T00:00:00Z,1.09137,1.09157,1.09054,1.09088,4368
2025-03-12T01:00:00Z,1.09088,1.09151,1.09058,1.09062,6653
2025-03-12T02:00:00Z,1.09062,1.09114,1.09033,1.09035,7964
2025-03-12T03:00:00Z,1.09035,1.09046,1.08959,1.08970,4997
2025-03-12T04:00:00Z,1.08970,1.09025,1.08957,1.08988,5117
2025-03-12T05:00:00Z,1.08987,1.09041,1.08949,1.09034,5427
2025-03-12T06:00:00Z,1.09033,1.09086,1.08917,1.08921,7341
2025-03-12T07:00:00Z,1.08919,1.09030,1.08872,1.09013,11287
2025-03-12T08:00:00Z,1.09012,1.09216,1.08975,1.09212,13794
2025-03-12T09:00:00Z,1.09214,1.09263,1.09132,1.09142,10774
2025-03-12T10:00:00Z,1.09142,1.09208,1.09044,1.09060,8805
2025-03-12T11:00:00Z,1.09060,1.09128,1.08992,1.09007,9826
2025-03-12T12:00:00Z,1.09007,1.09314,1.08761,1.08780,21722
2025-03-12T13:00:00Z,1.08780,1.08962,1.08755,1.08819,17734
2025-03-12T14:00:00Z,1.08819,1.09134,1.08809,1.09128,12983
2025-03-12T15:00:00Z,1.09127,1.09241,1.09098,1.09241,13102
2025-03-12T16:00:00Z,1.09242,1.09277,1.09055,1.09055,11699
2025-03-12T17:00:00Z,1.09055,1.09140,1.09031,1.09066,8874
2025-03-12T18:00:00Z,1.09067,1.09094,1.08795,1.08844,5964
2025-03-12T19:00:00Z,1.08846,1.08975,1.08829,1.08900,5884
2025-03-12T20:00:00Z,1.08901,1.08934,1.08860,1.08874,3492
2025-03-12T21:00:00Z,1.08868,1.08899,1.08853,1.08859,890
2025-03-12T22:00:00Z,1.08858,1.08897,1.08846,1.08889,941
2025-03-12T23:00:00Z,1.08889,1.08897,1.08831,1.08852,1866
2025-03-13T00:00:00Z,1.08852,1.08916,1.08823,1.08913,3734
2025-03-13T01:00:00Z,1.08914,1.08929,1.08862,1.08889,6686
2025-03-13T02:00:00Z,1.08888,1.08970,1.08886,1.08951,5572
2025-03-13T03:00:00Z,1.08953,1.08955,1.08848,1.08849,4031
2025-03-13T04:00:00Z,1.08848,1.08933,1.08816,1.08933,4561
2025-03-13T05:00:00Z,1.08933,1.08933,1.08790,1.08850,4868
2025-03-13T06:00:00Z,1.08851,1.08854,1.08694,1.08745,7152
2025-03-13T07:00:00Z,1.08743,1.08850,1.08596,1.08652,11301
2025-03-13T08:00:00Z,1.08654,1.08837,1.08591,1.08731,14274
2025-03-13T09:00:00Z,1.08731,1.08852,1.08685,1.08792,8472
2025-03-13T10:00:00Z,1.08793,1.08827,1.08621,1.08698,7887
2025-03-13T11:00:00Z,1.08700,1.08749,1.08451,1.08560,11225
2025-03-13T12:00:00Z,1.08559,1.08773,1.08259,1.08344,17101
2025-03-13T13:00:00Z,1.08346,1.08530,1.08222,1.08473,11319
2025-03-13T14:00:00Z,1.08471,1.08696,1.08459,1.08649,11614
2025-03-13T15:00:00Z,1.08649,1.08714,1.08539,1.08585,13228
2025-03-13T16:00:00Z,1.08584,1.08781,1.08550,1.08724,10053
2025-03-13T17:00:00Z,1.08724,1.08733,1.08542,1.08545,8664
2025-03-13T18:00:00Z,1.08545,1.08578,1.08518,1.08536,5846
2025-03-13T19:00:00Z,1.08536,1.08567,1.08475,1.08482,5031
2025-03-13T20:00:00Z,1.08482,1.08556,1.08462,1.08507,3063
2025-03-13T21:00:00Z,1.08506,1.08548,1.08440,1.08514,1853
2025-03-13T22:00:00Z,1.08514,1.08552,1.08508,1.08521,1403
2025-03-13T23:00:00Z,1.08522,1.08550,1.08499,1.08548,1336
2025-03-14T00:00:00Z,1.08543,1.08583,1.08482,1.08489,3330
2025-03-14T01:00:00Z,1.08489,1.08493,1.08403,1.08407,7915
2025-03-14T02:00:00Z,1.08407,1.08428,1.08341,1.08401,6816
2025-03-14T03:00:00Z,1.08402,1.08456,1.08374,1.08454,6512
2025-03-14T04:00:00Z,1.08452,1.08461,1.08374,1.08407,6324
2025-03-14T05:00:00Z,1.08408,1.08513,1.08406,1.08506,6794
2025-03-14T06:00:00Z,1.08506,1.08506,1.08348,1.08380,8059
2025-03-14T07:00:00Z,1.08380,1.08470,1.08304,1.08388,8903
2025-03-14T08:00:00Z,1.08390,1.08567,1.08351,1.08537,9071
2025-03-14T09:00:00Z,1.08537,1.08620,1.08468,1.08520,6672
2025-03-14T10:00:00Z,1.08519,1.09125,1.08514,1.08948,16573
2025-03-14T11:00:00Z,1.08947,1.09092,1.08872,1.08964,13632
2025-03-14T12:00:00Z,1.08963,1.09112,1.08898,1.08945,9772
2025-03-14T13:00:00Z,1.08948,1.08979,1.08699,1.08737,10648
2025-03-14T14:00:00Z,1.08736,1.08863,1.08652,1.08776,12038
2025-03-14T15:00:00Z,1.08776,1.08865,1.08666,1.08715,10034
2025-03-14T16:00:00Z,1.08716,1.08898,1.08703,1.08829,6507
2025-03-14T17:00:00Z,1.08830,1.08878,1.08789,1.08819,4263
2025-03-14T18:00:00Z,1.08821,1.08862,1.08732,1.08803,4319
2025-03-14T19:00:00Z,1.08801,1.08844,1.08781,1.08829,3266
2025-03-14T20:00:00Z,1.08828,1.08855,1.08742,1.08765,2886
2025-03-16T21:00:00Z,1.08766,1.08809,1.08759,1.08801,383
2025-03-16T22:00:00Z,1.08809,1.08850,1.08744,1.08812,3223
2025-03-16T23:00:00Z,1.08812,1.08849,1.08790,1.08792,2951
2025-03-17T00:00:00Z,1.08794,1.08826,1.08754,1.08793,3536
2025-03-17T01:00:00Z,1.08793,1.08901,1.08741,1.08824,4009
2025-03-17T02:00:00Z,1.08824,1.08855,1.08793,1.08811,3260
2025-03-17T03:00:00Z,1.08813,1.08861,1.08766,1.08833,3866
2025-03-17T04:00:00Z,1.08831,1.08936,1.08775,1.08818,3753
2025-03-17T05:00:00Z,1.08820,1.08821,1.08737,1.08775,3274
2025-03-17T06:00:00Z,1.08775,1.08841,1.08732,1.08776,4120
2025-03-17T07:00:00Z,1.08775,1.08842,1.08685,1.08760,8921
2025-03-17T08:00:00Z,1.08762,1.08867,1.08703,1.08835,20051
2025-03-17T09:00:00Z,1.08838,1.09003,1.08769,1.08996,9388
2025-03-17T10:00:00Z,1.08998,1.09096,1.08963,1.09075,6597
2025-03-17T11:00:00Z,1.09077,1.09119,1.08960,1.09019,5849
2025-03-17T12:00:00Z,1.09019,1.09087,1.08870,1.09016,11078
2025-03-17T13:00:00Z,1.09017,1.09063,1.08968,1.09047,8232
2025-03-17T14:00:00Z,1.09048,1.09184,1.09019,1.09158,9181
2025-03-17T15:00:00Z,1.09159,1.09297,1.09156,1.09214,8255
2025-03-17T16:00:00Z,1.09214,1.09259,1.09143,1.09210,5941
2025-03-17T17:00:00Z,1.09209,1.09237,1.09114,1.09139,4444
2025-03-17T18:00:00Z,1.09138,1.09264,1.09125,1.09254,3813
2025-03-17T19:00:00Z,1.09254,1.09254,1.09183,1.09204,2323
2025-03-17T20:00:00Z,1.09208,1.09276,1.09202,1.09213,2252
2025-03-17T21:00:00Z,1.09210,1.09220,1.09125,1.09212,1304
2025-03-17T22:00:00Z,1.09211,1.09226,1.09188,1.09209,1160
2025-03-17T23:00:00Z,1.09209,1.09216,1.09179,1.09180,750
2025-03-18T00:00:00Z,1.09180,1.09209,1.09147,1.09158,4051
2025-03-18T01:00:00Z,1.09157,1.09189,1.09120,1.09131,5367
2025-03-18T02:00:00Z,1.09131,1.09160,1.09078,1.09084,7096
2025-03-18T03:00:00Z,1.09085,1.09109,1.09062,1.09081,2747
2025-03-18T04:00:00Z,1.09082,1.09115,1.09078,1.09108,3222
2025-03-18T05:00:00Z,1.09106,1.09132,1.09070,1.09075,2982
2025-03-18T06:00:00Z,1.09076,1.09212,1.09033,1.09205,6236
2025-03-18T07:00:00Z,1.09206,1.09366,1.09161,1.09349,9792
2025-03-18T08:00:00Z,1.09351,1.09545,1.09327,1.09512,10220
2025-03-18T09:00:00Z,1.09515,1.09530,1.09393,1.09497,8556
2025-03-18T10:00:00Z,1.09498,1.09518,1.09316,1.09339,10108
2025-03-18T11:00:00Z,1.09343,1.09370,1.09140,1.09162,9919
2025-03-18T12:00:00Z,1.09162,1.09236,1.08924,1.09113,11510
2025-03-18T13:00:00Z,1.09114,1.09208,1.09013,1.09123,11995
2025-03-18T14:00:00Z,1.09124,1.09194,1.09068,1.09166,18880
2025-03-18T15:00:00Z,1.09171,1.09341,1.08964,1.09264,13761
2025-03-18T16:00:00Z,1.09264,1.09398,1.09234,1.09385,8988
2025-03-18T17:00:00Z,1.09385,1.09517,1.09385,1.09497,7580
2025-03-18T18:00:00Z,1.09499,1.09511,1.09404,1.09440,6002
2025-03-18T19:00:00Z,1.09439,1.09494,1.09415,1.09461,3959
2025-03-18T20:00:00Z,1.09461,1.09485,1.09426,1.09449,3178
2025-03-18T21:00:00Z,1.09434,1.09465,1.09395,1.09440,1091
2025-03-18T22:00:00Z,1.09437,1.09458,1.09401,1.09415,1603
2025-03-18T23:00:00Z,1.09417,1.09434,1.09375,1.09385,750
2025-03-19T00:00:00Z,1.09386,1.09388,1.09316,1.09346,2837
2025-03-19T01:00:00Z,1.09346,1.09372,1.09333,1.09368,2323
2025-03-19T02:00:00Z,1.09370,1.09449,1.09354,1.09408,2622
2025-03-19T03:00:00Z,1.09411,1.09436,1.09326,1.09381,2302
2025-03-19T04:00:00Z,1.09378,1.09378,1.09279,1.09298,2512
2025-03-19T05:00:00Z,1.09296,1.09360,1.09295,1.09311,2362
2025-03-19T06:00:00Z,1.09312,1.09324,1.09203,1.09206,5581
2025-03-19T07:00:00Z,1.09206,1.09230,1.08731,1.08924,16777
2025-03-19T08:00:00Z,1.08928,1.09105,1.08921,1.09070,13429
2025-03-19T09:00:00Z,1.09070,1.09101,1.08954,1.09021,10463
2025-03-19T10:00:00Z,1.09021,1.09040,1.08912,1.08997,7723
2025-03-19T11:00:00Z,1.08997,1.09129,1.08935,1.09082,6251
2025-03-19T12:00:00Z,1.09085,1.09174,1.08990,1.09009,13217
2025-03-19T13:00:00Z,1.09012,1.09036,1.08925,1.08943,10536
2025-03-19T14:00:00Z,1.08942,1.09004,1.08817,1.08838,7013
2025-03-19T15:00:00Z,1.08837,1.08877,1.08753,1.08766,9714
2025-03-19T16:00:00Z,1.08769,1.08861,1.08758,1.08850,9699
2025-03-19T17:00:00Z,1.08848,1.08852,1.08603,1.08691,7407
2025-03-19T18:00:00Z,1.08692,1.09130,1.08632,1.09077,18619
2025-03-19T19:00:00Z,1.09073,1.09127,1.08848,1.08986,10504
2025-03-19T20:00:00Z,1.08986,1.09059,1.08955,1.09009,6704
2025-03-19T21:00:00Z,1.09004,1.09050,1.09001,1.09040,1518
2025-03-19T22:00:00Z,1.09041,1.09129,1.09032,1.09083,1465
2025-03-19T23:00:00Z,1.09083,1.09118,1.09048,1.09115,1261
2025-03-20T00:00:00Z,1.09116,1.09163,1.09035,1.09122,4457
2025-03-20T01:00:00Z,1.09120,1.09129,1.09034,1.09057,3874
2025-03-20T02:00:00Z,1.09055,1.09171,1.09053,1.09090,4787
2025-03-20T03:00:00Z,1.09089,1.09140,1.09069,1.09096,3660
2025-03-20T04:00:00Z,1.09095,1.09104,1.09003,1.09031,4054
2025-03-20T05:00:00Z,1.09032,1.09032,1.08906,1.08953,2723
2025-03-20T06:00:00Z,1.08953,1.08988,1.08895,1.08933,5685
2025-03-20T07:00:00Z,1.08932,1.08941,1.08647,1.08791,9761
2025-03-20T08:00:00Z,1.08795,1.08857,1.08629,1.08652,11035
2025-03-20T09:00:00Z,1.08651,1.08684,1.08381,1.08519,13632
2025-03-20T10:00:00Z,1.08524,1.08545,1.08332,1.08456,18613
2025-03-20T11:00:00Z,1.08455,1.08517,1.08392,1.08493,5541
2025-03-20T12:00:00Z,1.08494,1.08559,1.08307,1.08336,10250
2025-03-20T13:00:00Z,1.08335,1.08390,1.08145,1.08251,11707
2025-03-20T14:00:00Z,1.08250,1.08385,1.08224,1.08292,10702
2025-03-20T15:00:00Z,1.08292,1.08492,1.08231,1.08472,14017
2025-03-20T16:00:00Z,1.08470,1.08520,1.08420,1.08486,7025
2025-03-20T17:00:00Z,1.08483,1.08517,1.08389,1.08444,5753
2025-03-20T18:00:00Z,1.08444,1.08495,1.08417,1.08483,4777
2025-03-20T19:00:00Z,1.08481,1.08541,1.08470,1.08529,3463
2025-03-20T20:00:00Z,1.08529,1.08589,1.08493,1.08501,2117
2025-03-20T21:00:00Z,1.08494,1.08546,1.08400,1.08539,1554
2025-03-20T22:00:00Z,1.08545,1.08585,1.08529,1.08568,2502
2025-03-20T23:00:00Z,1.08569,1.08574,1.08531,1.08532,1057
2025-03-21T00:00:00Z,1.08535,1.08586,1.08504,1.08529,5069
2025-03-21T01:00:00Z,1.08529,1.08555,1.08483,1.08522,5431
2025-03-21T02:00:00Z,1.08525,1.08549,1.08422,1.08441,6188
2025-03-21T03:00:00Z,1.08441,1.08462,1.08331,1.08345,10919
2025-03-21T04:00:00Z,1.08345,1.08364,1.08274,1.08301,6327
2025-03-21T05:00:00Z,1.08300,1.08301,1.08197,1.08284,4667
2025-03-21T06:00:00Z,1.08284,1.08373,1.08240,1.08340,4897
2025-03-21T07:00:00Z,1.08338,1.08416,1.08270,1.08386,7525
2025-03-21T08:00:00Z,1.08386,1.08453,1.08239,1.08358,9424
2025-03-21T09:00:00Z,1.08357,1.08387,1.08246,1.08255,6184
2025-03-21T10:00:00Z,1.08258,1.08387,1.08257,1.08368,7055
2025-03-21T11:00:00Z,1.08367,1.08512,1.08350,1.08506,6040
2025-03-21T12:00:00Z,1.08505,1.08611,1.08295,1.08321,15239
2025-03-21T13:00:00Z,1.08319,1.08359,1.08250,1.08319,8908
2025-03-21T14:00:00Z,1.08320,1.08355,1.08186,1.08235,9647
2025-03-21T15:00:00Z,1.08237,1.08290,1.07970,1.08062,12866
2025-03-21T16:00:00Z,1.08060,1.08249,1.08042,1.08179,10144
2025-03-21T17:00:00Z,1.08180,1.08254,1.08050,1.08224,6688
2025-03-21T18:00:00Z,1.08225,1.08266,1.08146,1.08207,4834
2025-03-21T19:00:00Z,1.08209,1.08242,1.08151,1.08175,4341
2025-03-21T20:00:00Z,1.08174,1.08174,1.08115,1.08121,2902
2025-03-23T21:00:00Z,1.08130,1.08173,1.08115,1.08170,170
2025-03-23T22:00:00Z,1.08167,1.08296,1.08160,1.08195,3417
2025-03-23T23:00:00Z,1.08197,1.08367,1.08186,1.08358,2093
2025-03-24T00:00:00Z,1.08358,1.08398,1.08324,1.08370,6044
2025-03-24T01:00:00Z,1.08370,1.08374,1.08226,1.08259,8218
2025-03-24T02:00:00Z,1.08260,1.08319,1.08243,1.08248,4740
2025-03-24T03:00:00Z,1.08248,1.08292,1.08199,1.08202,5461
2025-03-24T04:00:00Z,1.08201,1.08242,1.08169,1.08227,3657
2025-03-24T05:00:00Z,1.08225,1.08307,1.08180,1.08289,4360
2025-03-24T06:00:00Z,1.08290,1.08444,1.08279,1.08396,5797
2025-03-24T07:00:00Z,1.08394,1.08499,1.08329,1.08379,7890
2025-03-24T08:00:00Z,1.08381,1.08579,1.08371,1.08427,11163
2025-03-24T09:00:00Z,1.08432,1.08450,1.08283,1.08390,8929
2025-03-24T10:00:00Z,1.08394,1.08547,1.08364,1.08478,7945
2025-03-24T11:00:00Z,1.08478,1.08492,1.08321,1.08323,6223
2025-03-24T12:00:00Z,1.08323,1.08344,1.08215,1.08296,8766
2025-03-24T13:00:00Z,1.08297,1.08303,1.07923,1.07933,10154
2025-03-24T14:00:00Z,1.07931,1.08201,1.07903,1.07991,16437
2025-03-24T15:00:00Z,1.07994,1.08051,1.07904,1.07936,12386
2025-03-24T16:00:00Z,1.07939,1.08069,1.07813,1.07917,10479
2025-03-24T17:00:00Z,1.07919,1.07962,1.07845,1.07874,5635
2025-03-24T18:00:00Z,1.07875,1.08130,1.07838,1.08048,6250
2025-03-24T19:00:00Z,1.08053,1.08070,1.07970,1.08021,2740
2025-03-24T20:00:00Z,1.08020,1.08060,1.07995,1.08004,2236
2025-03-24T21:00:00Z,1.08003,1.08014,1.07952,1.07995,2467
2025-03-24T22:00:00Z,1.07994,1.08024,1.07946,1.08021,1254
2025-03-24T23:00:00Z,1.08022,1.08033,1.08004,1.08022,1085
2025-03-25T00:00:00Z,1.08022,1.08025,1.07959,1.08001,2369
2025-03-25T01:00:00Z,1.08000,1.08084,1.07998,1.08022,2992
2025-03-25T02:00:00Z,1.08021,1.08049,1.07940,1.07964,2899
2025-03-25T03:00:00Z,1.07964,1.08034,1.07957,1.08029,2885
2025-03-25T04:00:00Z,1.08031,1.08087,1.08025,1.08032,2656
2025-03-25T05:00:00Z,1.08031,1.08070,1.08009,1.08028,2213
2025-03-25T06:00:00Z,1.08029,1.08044,1.07927,1.07943,4671
2025-03-25T07:00:00Z,1.07944,1.08018,1.07849,1.07871,10453
2025-03-25T08:00:00Z,1.07873,1.07922,1.07767,1.07901,10731
2025-03-25T09:00:00Z,1.07900,1.08039,1.07873,1.08005,8789
2025-03-25T10:00:00Z,1.08004,1.08243,1.07997,1.08199,19470
2025-03-25T11:00:00Z,1.08199,1.08275,1.08107,1.08176,11783
2025-03-25T12:00:00Z,1.08178,1.08300,1.08156,1.08249,8634
2025-03-25T13:00:00Z,1.08248,1.08275,1.08136,1.08167,13879
2025-03-25T14:00:00Z,1.08167,1.08216,1.08017,1.08124,19022
2025-03-25T15:00:00Z,1.08125,1.08194,1.07970,1.08030,13564
2025-03-25T16:00:00Z,1.08030,1.08130,1.08018,1.08064,23731
2025-03-25T17:00:00Z,1.08065,1.08167,1.08058,1.08096,5408
2025-03-25T18:00:00Z,1.08093,1.08093,1.07969,1.07983,3173
2025-03-25T19:00:00Z,1.07985,1.08017,1.07906,1.07952,4485
2025-03-25T20:00:00Z,1.07951,1.07956,1.07898,1.07905,1844
2025-03-25T21:00:00Z,1.07905,1.07939,1.07885,1.07908,857
2025-03-25T22:00:00Z,1.07910,1.07940,1.07878,1.07883,2156
2025-03-25T23:00:00Z,1.07884,1.07889,1.07852,1.07888,938
2025-03-26T00:00:00Z,1.07889,1.07922,1.07835,1.07841,2786
2025-03-26T01:00:00Z,1.07840,1.07952,1.07777,1.07934,4893
2025-03-26T02:00:00Z,1.07934,1.07970,1.07902,1.07951,2423
2025-03-26T03:00:00Z,1.07950,1.07960,1.07837,1.07857,2334
2025-03-26T04:00:00Z,1.07858,1.07878,1.07809,1.07841,1894
2025-03-26T05:00:00Z,1.07839,1.07868,1.07777,1.07850,3454
2025-03-26T06:00:00Z,1.07850,1.07881,1.07821,1.07868,3930
2025-03-26T07:00:00Z,1.07868,1.07913,1.07811,1.07860,7016
2025-03-26T08:00:00Z,1.07859,1.07996,1.07851,1.07990,8467
2025-03-26T09:00:00Z,1.07990,1.08025,1.07928,1.07958,5728
2025-03-26T10:00:00Z,1.07957,1.08014,1.07865,1.07916,4878
2025-03-26T11:00:00Z,1.07915,1.07976,1.07886,1.07922,4887
2025-03-26T12:00:00Z,1.07922,1.07935,1.07817,1.07841,8345
2025-03-26T13:00:00Z,1.07843,1.07906,1.07675,1.07747,11984
2025-03-26T14:00:00Z,1.07745,1.07951,1.07729,1.07906,10819
2025-03-26T15:00:00Z,1.07905,1.07943,1.07673,1.07807,10690
2025-03-26T16:00:00Z,1.07807,1.07915,1.07767,1.07874,9996
2025-03-26T17:00:00Z,1.07875,1.07891,1.07516,1.07565,14201
2025-03-26T18:00:00Z,1.07563,1.07614,1.07530,1.07551,5834
2025-03-26T19:00:00Z,1.07552,1.07558,1.07437,1.07512,4630
2025-03-26T20:00:00Z,1.07512,1.07565,1.07503,1.07528,3128
2025-03-26T21:00:00Z,1.07524,1.07556,1.07344,1.07362,2804
2025-03-26T22:00:00Z,1.07363,1.07444,1.07328,1.07370,5019
2025-03-26T23:00:00Z,1.07368,1.07443,1.07354,1.07409,2002
2025-03-27T00:00:00Z,1.07411,1.07574,1.07407,1.07554,4032
2025-03-27T01:00:00Z,1.07555,1.07688,1.07550,1.07649,4565
2025-03-27T02:00:00Z,1.07649,1.07798,1.07649,1.07758,4206
2025-03-27T03:00:00Z,1.07758,1.07797,1.07727,1.07780,2387
2025-03-27T04:00:00Z,1.07782,1.07869,1.07769,1.07803,2611
2025-03-27T05:00:00Z,1.07802,1.07811,1.07636,1.07691,3492
2025-03-27T06:00:00Z,1.07690,1.07824,1.07680,1.07729,5411
2025-03-27T07:00:00Z,1.07729,1.07743,1.07540,1.07644,10579
2025-03-27T08:00:00Z,1.07646,1.07766,1.07554,1.07758,12038
2025-03-27T09:00:00Z,1.07756,1.07790,1.07610,1.07707,7203
2025-03-27T10:00:00Z,1.07706,1.07816,1.07665,1.07816,7308
2025-03-27T11:00:00Z,1.07815,1.07995,1.07786,1.07868,7088
2025-03-27T12:00:00Z,1.07868,1.07981,1.07830,1.07868,7459
2025-03-27T13:00:00Z,1.07870,1.07971,1.07762,1.07797,8796
2025-03-27T14:00:00Z,1.07800,1.07945,1.07771,1.07891,9093
2025-03-27T15:00:00Z,1.07892,1.08210,1.07853,1.07995,12405
2025-03-27T16:00:00Z,1.07995,1.07998,1.07914,1.07989,8497
2025-03-27T17:00:00Z,1.07989,1.08085,1.07893,1.07895,5589
2025-03-27T18:00:00Z,1.07896,1.07981,1.07889,1.07908,3369
2025-03-27T19:00:00Z,1.07907,1.07996,1.07881,1.07947,2897
2025-03-27T20:00:00Z,1.07945,1.08020,1.07936,1.08007,1400
2025-03-27T21:00:00Z,1.08004,1.08004,1.07941,1.07969,1650
2025-03-27T22:00:00Z,1.07971,1.07987,1.07951,1.07963,1212
2025-03-27T23:00:00Z,1.07963,1.08012,1.07960,1.08006,958
2025-03-28T00:00:00Z,1.08005,1.08005,1.07879,1.07948,3836
2025-03-28T01:00:00Z,1.07949,1.07987,1.07913,1.07934,3665
2025-03-28T02:00:00Z,1.07936,1.07967,1.07901,1.07944,3002
2025-03-28T03:00:00Z,1.07944,1.07967,1.07907,1.07917,2065
2025-03-28T04:00:00Z,1.07917,1.07928,1.07845,1.07884,2821
2025-03-28T05:00:00Z,1.07884,1.07931,1.07861,1.07907,3011
2025-03-28T06:00:00Z,1.07906,1.07920,1.07824,1.07848,3001
2025-03-28T07:00:00Z,1.07848,1.07998,1.07815,1.07870,6527
2025-03-28T08:00:00Z,1.07867,1.07964,1.07751,1.07782,8264
2025-03-28T09:00:00Z,1.07782,1.07804,1.07687,1.07734,7449
2025-03-28T10:00:00Z,1.07735,1.07784,1.07674,1.07685,6668
2025-03-28T11:00:00Z,1.07686,1.07747,1.07644,1.07716,4795
2025-03-28T12:00:00Z,1.07717,1.07918,1.07651,1.07888,8378
2025-03-28T13:00:00Z,1.07887,1.08168,1.07847,1.08103,12747
2025-03-28T14:00:00Z,1.08103,1.08314,1.08090,1.08229,10658
2025-03-28T15:00:00Z,1.08229,1.08447,1.08189,1.08248,11615
2025-03-28T16:00:00Z,1.08249,1.08330,1.08199,1.08215,6994
2025-03-28T17:00:00Z,1.08215,1.08286,1.08120,1.08195,5775
2025-03-28T18:00:00Z,1.08193,1.08277,1.08135,1.08243,4601
2025-03-28T19:00:00Z,1.08244,1.08285,1.08229,1.08255,3889
2025-03-28T20:00:00Z,1.08254,1.08359,1.08237,1.08237,3431
2025-03-30T21:00:00Z,1.08228,1.08280,1.08139,1.08150,514
2025-03-30T22:00:00Z,1.08149,1.08221,1.08049,1.08205,5649
2025-03-30T23:00:00Z,1.08206,1.08290,1.08106,1.08234,5623
2025-03-31T00:00:00Z,1.08235,1.08415,1.08230,1.08415,5513
2025-03-31T01:00:00Z,1.08415,1.08454,1.08310,1.08324,7231
2025-03-31T02:00:00Z,1.08323,1.08458,1.08288,1.08404,4163
2025-03-31T03:00:00Z,1.08404,1.08414,1.08323,1.08327,4542
2025-03-31T04:00:00Z,1.08328,1.08358,1.08310,1.08341,3731
2025-03-31T05:00:00Z,1.08341,1.08427,1.08311,1.08342,4687
2025-03-31T06:00:00Z,1.08342,1.08447,1.08247,1.08371,10287
2025-03-31T07:00:00Z,1.08371,1.08492,1.08206,1.08313,12870
2025-03-31T08:00:00Z,1.08313,1.08340,1.08115,1.08273,9808
2025-03-31T09:00:00Z,1.08272,1.08303,1.08145,1.08160,6416
2025-03-31T10:00:00Z,1.08159,1.08208,1.08054,1.08182,8493
2025-03-31T11:00:00Z,1.08183,1.08291,1.08150,1.08190,8495
2025-03-31T12:00:00Z,1.08192,1.08208,1.08008,1.08034,8511
2025-03-31T13:00:00Z,1.08035,1.08212,1.08026,1.08078,10605
2025-03-31T14:00:00Z,1.08077,1.08085,1.07838,1.08020,14736
2025-03-31T15:00:00Z,1.08018,1.08163,1.07904,1.07940,15226
2025-03-31T16:00:00Z,1.07943,1.08158,1.07852,1.08117,8537
2025-03-31T17:00:00Z,1.08116,1.08174,1.08077,1.08146,4925
2025-03-31T18:00:00Z,1.08146,1.08177,1.08069,1.08145,4426
2025-03-31T19:00:00Z,1.08146,1.08197,1.08116,1.08140,4377
2025-03-31T20:00:00Z,1.08141,1.08186,1.08093,1.08151,3157
2025-03-31T21:00:00Z,1.08139,1.08191,1.08129,1.08184,1137
2025-03-31T22:00:00Z,1.08190,1.08193,1.08158,1.08179,1828
2025-03-31T23:00:00Z,1.08179,1.08195,1.08137,1.08173,1058
2025-04-01T00:00:00Z,1.08174,1.08264,1.08173,1.08253,3649
2025-04-01T01:00:00Z,1.08252,1.08267,1.08168,1.08204,4223
2025-04-01T02:00:00Z,1.08204,1.08281,1.08198,1.08239,3724
2025-04-01T03:00:00Z,1.08240,1.08278,1.08212,1.08265,2086
2025-04-01T04:00:00Z,1.08266,1.08299,1.08247,1.08249,1977
2025-04-01T05:00:00Z,1.08250,1.08251,1.08064,1.08069,4528
2025-04-01T06:00:00Z,1.08070,1.08104,1.07986,1.08080,6320
2025-04-01T07:00:00Z,1.08079,1.08123,1.07991,1.08016,9314
2025-04-01T08:00:00Z,1.08013,1.08178,1.08003,1.08176,7142
2025-04-01T09:00:00Z,1.08174,1.08291,1.08145,1.08172,6819
2025-04-01T10:00:00Z,1.08171,1.08184,1.07900,1.07980,10189
2025-04-01T11:00:00Z,1.07979,1.07983,1.07782,1.07810,9226
2025-04-01T12:00:00Z,1.07811,1.07951,1.07809,1.07869,7861
2025-04-01T13:00:00Z,1.07870,1.07953,1.07791,1.07869,9500
2025-04-01T14:00:00Z,1.07861,1.08122,1.07836,1.08073,14376
2025-04-01T15:00:00Z,1.08074,1.08122,1.07984,1.07991,11212
2025-04-01T16:00:00Z,1.07991,1.08030,1.07924,1.07994,7442
2025-04-01T17:00:00Z,1.07997,1.08046,1.07910,1.07928,3300
2025-04-01T18:00:00Z,1.07928,1.07946,1.07851,1.07869,4111
2025-04-01T19:00:00Z,1.07871,1.07907,1.07853,1.07896,3357
2025-04-01T20:00:00Z,1.07895,1.08017,1.07884,1.07929,3412
2025-04-01T21:00:00Z,1.07911,1.07944,1.07850,1.07932,1217
2025-04-01T22:00:00Z,1.07931,1.08079,1.07920,1.07986,3575
2025-04-01T23:00:00Z,1.07988,1.07994,1.07940,1.07940,1686
2025-04-02T00:00:00Z,1.07947,1.07950,1.07887,1.07902,3108
2025-04-02T01:00:00Z,1.07903,1.07948,1.07869,1.07946,3259
2025-04-02T02:00:00Z,1.07946,1.08017,1.07940,1.07942,2612
2025-04-02T03:00:00Z,1.07944,1.07997,1.07935,1.07955,2097
2025-04-02T04:00:00Z,1.07955,1.07972,1.07923,1.07925,1522
2025-04-02T05:00:00Z,1.07926,1.07926,1.07860,1.07894,2976
2025-04-02T06:00:00Z,1.07895,1.07961,1.07874,1.07925,5799
2025-04-02T07:00:00Z,1.07925,1.07946,1.07800,1.07915,6786
2025-04-02T08:00:00Z,1.07915,1.08017,1.07903,1.07974,6154
2025-04-02T09:00:00Z,1.07974,1.08081,1.07957,1.08058,5987
2025-04-02T10:00:00Z,1.08060,1.08065,1.07857,1.07946,7711
2025-04-02T11:00:00Z,1.07946,1.08061,1.07909,1.08022,6607
2025-04-02T12:00:00Z,1.08023,1.08195,1.07961,1.08190,7820
2025-04-02T13:00:00Z,1.08189,1.08291,1.08147,1.08262,9544
2025-04-02T14:00:00Z,1.08264,1.08614,1.08187,1.08582,14405
2025-04-02T15:00:00Z,1.08583,1.08730,1.08508,1.08673,12211
2025-04-02T16:00:00Z,1.08673,1.08675,1.08468,1.08519,9368
2025-04-02T17:00:00Z,1.08519,1.08594,1.08498,1.08515,5297
2025-04-02T18:00:00Z,1.08515,1.08590,1.08478,1.08538,4931
2025-04-02T19:00:00Z,1.08538,1.08559,1.08467,1.08496,4497
2025-04-02T20:00:00Z,1.08496,1.09242,1.08106,1.08490,21438
2025-04-02T21:00:00Z,1.08382,1.08549,1.08105,1.08262,4955
2025-04-02T22:00:00Z,1.08272,1.08391,1.08047,1.08384,10946
2025-04-02T23:00:00Z,1.08386,1.09108,1.08373,1.09041,13612
2025-04-03T00:00:00Z,1.09038,1.09072,1.08795,1.08905,13640
2025-04-03T01:00:00Z,1.08906,1.09230,1.08863,1.09128,12907
2025-04-03T02:00:00Z,1.09127,1.09244,1.09088,1.09122,10272
2025-04-03T03:00:00Z,1.09122,1.09209,1.09074,1.09147,6962
2025-04-03T04:00:00Z,1.09148,1.09162,1.09053,1.09066,5466
2025-04-03T05:00:00Z,1.09065,1.09517,1.09063,1.09441,9269
2025-04-03T06:00:00Z,1.09443,1.09898,1.09346,1.09892,17780
2025-04-03T07:00:00Z,1.09895,1.09900,1.09426,1.09705,17576
2025-04-03T08:00:00Z,1.09704,1.10203,1.09702,1.10090,13282
2025-04-03T09:00:00Z,1.10094,1.10470,1.10035,1.10305,15682
2025-04-03T10:00:00Z,1.10307,1.11462,1.10277,1.10524,29534
2025-04-03T11:00:00Z,1.10526,1.11010,1.10386,1.10875,15956
2025-04-03T12:00:00Z,1.10876,1.11093,1.10727,1.10816,19471
2025-04-03T13:00:00Z,1.10818,1.11349,1.10701,1.10810,23011
2025-04-03T14:00:00Z,1.10860,1.11275,1.10797,1.11182,19996
2025-04-03T15:00:00Z,1.11183,1.11190,1.10409,1.10504,17430
2025-04-03T16:00:00Z,1.10508,1.10556,1.10326,1.10384,13301
2025-04-03T17:00:00Z,1.10382,1.10393,1.10178,1.10243,10360
2025-04-03T18:00:00Z,1.10242,1.10405,1.10196,1.10372,6163
2025-04-03T19:00:00Z,1.10370,1.10372,1.10157,1.10273,6217
2025-04-03T20:00:00Z,1.10272,1.10527,1.10219,1.10510,3321
2025-04-03T21:00:00Z,1.10510,1.10510,1.10476,1.10504,1694
2025-04-03T22:00:00Z,1.10509,1.10714,1.10486,1.10639,4014
2025-04-03T23:00:00Z,1.10639,1.10645,1.10417,1.10450,4894
2025-04-04T00:00:00Z,1.10448,1.10640,1.10364,1.10605,6760
2025-04-04T01:00:00Z,1.10602,1.10731,1.10570,1.10676,7795
2025-04-04T02:00:00Z,1.10676,1.10794,1.10604,1.10631,8341
2025-04-04T03:00:00Z,1.10633,1.10984,1.10572,1.10933,10552
2025-04-04T04:00:00Z,1.10932,1.10981,1.10818,1.10871,9552
2025-04-04T05:00:00Z,1.10872,1.11076,1.10783,1.10838,11870
2025-04-04T06:00:00Z,1.10838,1.10861,1.10497,1.10505,11882
2025-04-04T07:00:00Z,1.10504,1.10669,1.09995,1.10039,17724
2025-04-04T08:00:00Z,1.10039,1.10095,1.09749,1.09961,19420
2025-04-04T09:00:00Z,1.09961,1.09973,1.09712,1.09842,16216
2025-04-04T10:00:00Z,1.09841,1.10498,1.09642,1.10305,33457
2025-04-04T11:00:00Z,1.10303,1.10797,1.10217,1.10600,34346
2025-04-04T12:00:00Z,1.10603,1.10898,1.10075,1.10194,38018
2025-04-04T13:00:00Z,1.10194,1.10478,1.10051,1.10057,32229
2025-04-04T14:00:00Z,1.10056,1.10145,1.09599,1.09859,31367
2025-04-04T15:00:00Z,1.09861,1.10097,1.09663,1.10082,33331
2025-04-04T16:00:00Z,1.10136,1.10196,1.09616,1.09710,21461
2025-04-04T17:00:00Z,1.09715,1.09765,1.09242,1.09473,26180
2025-04-04T18:00:00Z,1.09470,1.09670,1.09390,1.09443,16105
2025-04-04T19:00:00Z,1.09442,1.09643,1.09272,1.09430,15280
2025-04-04T20:00:00Z,1.09430,1.09660,1.09322,1.09573,7765
2025-04-06T21:00:00Z,1.08894,1.09204,1.08792,1.09148,1068
2025-04-06T22:00:00Z,1.09155,1.09943,1.09154,1.09821,9915
2025-04-06T23:00:00Z,1.09822,1.10006,1.09810,1.09832,16789
2025-04-07T00:00:00Z,1.09833,1.09837,1.09457,1.09665,16638
2025-04-07T01:00:00Z,1.09665,1.09801,1.09541,1.09676,20276
2025-04-07T02:00:00Z,1.09678,1.09678,1.09198,1.09347,12174
2025-04-07T03:00:00Z,1.09348,1.09543,1.09297,1.09502,7645
2025-04-07T04:00:00Z,1.09501,1.09873,1.09479,1.09847,5734
2025-04-07T05:00:00Z,1.09847,1.10203,1.09777,1.10180,11929
2025-04-07T06:00:00Z,1.10180,1.10229,1.09934,1.10027,22860
2025-04-07T07:00:00Z,1.10026,1.10498,1.09977,1.10003,30844
2025-04-07T08:00:00Z,1.10008,1.10216,1.09675,1.09917,25725
2025-04-07T09:00:00Z,1.09916,1.09963,1.09498,1.09624,20976
2025-04-07T10:00:00Z,1.09624,1.09906,1.09574,1.09587,17322
2025-04-07T11:00:00Z,1.09587,1.09693,1.09349,1.09692,20229
2025-04-07T12:00:00Z,1.09693,1.09912,1.09390,1.09735,23684
2025-04-07T13:00:00Z,1.09737,1.09768,1.09372,1.09412,22573
2025-04-07T14:00:00Z,1.09412,1.09823,1.09167,1.09219,49586
2025-04-07T15:00:00Z,1.09220,1.09361,1.09007,1.09112,33218
2025-04-07T16:00:00Z,1.09112,1.09325,1.09039,1.09318,18788
2025-04-07T17:00:00Z,1.09320,1.09499,1.09291,1.09387,16291
2025-04-07T18:00:00Z,1.09387,1.09524,1.09233,1.09334,13845
2025-04-07T19:00:00Z,1.09334,1.09478,1.09135,1.09158,13267
2025-04-07T20:00:00Z,1.09160,1.09195,1.09014,1.09054,4951
2025-04-07T21:00:00Z,1.09017,1.09115,1.09013,1.09099,1258
2025-04-07T22:00:00Z,1.09099,1.09203,1.09077,1.09166,4251
2025-04-07T23:00:00Z,1.09164,1.09189,1.09074,1.09146,3035
2025-04-08T00:00:00Z,1.09147,1.09499,1.09146,1.09397,9399
2025-04-08T01:00:00Z,1.09397,1.09615,1.09375,1.09594,11995
2025-04-08T02:00:00Z,1.09595,1.09802,1.09594,1.09709,9042
2025-04-08T03:00:00Z,1.09710,1.09717,1.09607,1.09633,4668
2025-04-08T04:00:00Z,1.09632,1.09794,1.09619,1.09758,5040
2025-04-08T05:00:00Z,1.09756,1.09756,1.09538,1.09681,6069
2025-04-08T06:00:00Z,1.09679,1.09916,1.09611,1.09765,13066
2025-04-08T07:00:00Z,1.09769,1.09803,1.09211,1.09233,23665
2025-04-08T08:00:00Z,1.09233,1.09486,1.09226,1.09362,15180
2025-04-08T09:00:00Z,1.09362,1.09370,1.09110,1.09193,14101
2025-04-08T10:00:00Z,1.09193,1.09391,1.09133,1.09273,13678
2025-04-08T11:00:00Z,1.09271,1.09445,1.09245,1.09339,14910
2025-04-08T12:00:00Z,1.09342,1.09684,1.09341,1.09483,14357
2025-04-08T13:00:00Z,1.09480,1.09556,1.09267,1.09357,19032
2025-04-08T14:00:00Z,1.09355,1.09357,1.08886,1.09099,22196
2025-04-08T15:00:00Z,1.09100,1.09194,1.08956,1.09113,16677
2025-04-08T16:00:00Z,1.09115,1.09323,1.08984,1.09294,15661
2025-04-08T17:00:00Z,1.09293,1.09485,1.09259,1.09335,19798
2025-04-08T18:00:00Z,1.09335,1.09693,1.09294,1.09520,15835
2025-04-08T19:00:00Z,1.09518,1.09778,1.09507,1.09540,13644
2025-04-08T20:00:00Z,1.09539,1.09627,1.09388,1.09534,5043
2025-04-08T21:00:00Z,1.09514,1.09571,1.09458,1.09564,1808
2025-04-08T22:00:00Z,1.09565,1.09774,1.09546,1.09677,6084
2025-04-08T23:00:00Z,1.09678,1.09849,1.09662,1.09773,7007
2025-04-09T00:00:00Z,1.09771,1.10166,1.09709,1.10147,15292
2025-04-09T01:00:00Z,1.10146,1.10397,1.10137,1.10200,20411
2025-04-09T02:00:00Z,1.10200,1.10285,1.10093,1.10196,16693
2025-04-09T03:00:00Z,1.10197,1.10355,1.10125,1.10193,13803
2025-04-09T04:00:00Z,1.10192,1.10689,1.10186,1.10683,23230
2025-04-09T05:00:00Z,1.10683,1.10683,1.10289,1.10614,20057
2025-04-09T06:00:00Z,1.10615,1.10897,1.10425,1.10734,31157
2025-04-09T07:00:00Z,1.10727,1.10795,1.10091,1.10150,31959
2025-04-09T08:00:00Z,1.10150,1.10348,1.09976,1.10271,26042
2025-04-09T09:00:00Z,1.10273,1.10500,1.10090,1.10438,17096
2025-04-09T10:00:00Z,1.10438,1.10577,1.10252,1.10330,18297
2025-04-09T11:00:00Z,1.10329,1.10567,1.10213,1.10350,34113
2025-04-09T12:00:00Z,1.10351,1.10948,1.10343,1.10753,27062
2025-04-09T13:00:00Z,1.10753,1.10816,1.10326,1.10448,27783
2025-04-09T14:00:00Z,1.10447,1.10512,1.10258,1.10404,19740
2025-04-09T15:00:00Z,1.10404,1.10691,1.10365,1.10381,15926
2025-04-09T16:00:00Z,1.10386,1.10423,1.10132,1.10200,10399
2025-04-09T17:00:00Z,1.10201,1.10632,1.09454,1.09762,45180
2025-04-09T18:00:00Z,1.09763,1.09829,1.09132,1.09636,28830
2025-04-09T19:00:00Z,1.09637,1.09765,1.09322,1.09340,21447
2025-04-09T20:00:00Z,1.09346,1.09620,1.09285,1.09451,10423
2025-04-09T21:00:00Z,1.09451,1.09539,1.09449,1.09503,1710
2025-04-09T22:00:00Z,1.09515,1.09626,1.09466,1.09599,7217
2025-04-09T23:00:00Z,1.09601,1.09607,1.09427,1.09507,5492
2025-04-10T00:00:00Z,1.09504,1.09863,1.09499,1.09860,12862
2025-04-10T01:00:00Z,1.09861,1.09875,1.09691,1.09716,10924
2025-04-10T02:00:00Z,1.09715,1.09789,1.09612,1.09715,8648
2025-04-10T03:00:00Z,1.09716,1.09891,1.09702,1.09814,7791
2025-04-10T04:00:00Z,1.09813,1.09847,1.09773,1.09826,6022
2025-04-10T05:00:00Z,1.09826,1.09954,1.09777,1.09856,6647
2025-04-10T06:00:00Z,1.09851,1.09885,1.09624,1.09829,14659
2025-04-10T07:00:00Z,1.09830,1.10306,1.09672,1.10261,22217
2025-04-10T08:00:00Z,1.10264,1.10477,1.10159,1.10373,18339
2025-04-10T09:00:00Z,1.10373,1.10596,1.10334,1.10591,13399
2025-04-10T10:00:00Z,1.10590,1.10808,1.10547,1.10796,13002
2025-04-10T11:00:00Z,1.10794,1.10883,1.10669,1.10700,12946
2025-04-10T12:00:00Z,1.10700,1.11314,1.10677,1.10969,20826
2025-04-10T13:00:00Z,1.10969,1.11342,1.10907,1.11267,17331
2025-04-10T14:00:00Z,1.11268,1.11863,1.11243,1.11852,19466
2025-04-10T15:00:00Z,1.11854,1.12287,1.11534,1.11901,26016
2025-04-10T16:00:00Z,1.11907,1.12100,1.11772,1.11965,23292
2025-04-10T17:00:00Z,1.11964,1.12108,1.11741,1.12097,17965
2025-04-10T18:00:00Z,1.12098,1.12414,1.12010,1.12153,14975
2025-04-10T19:00:00Z,1.12153,1.12194,1.11584,1.12069,18498
2025-04-10T20:00:00Z,1.12050,1.12050,1.11809,1.11969,7846
2025-04-10T21:00:00Z,1.11976,1.11995,1.11888,1.11888,2414
2025-04-10T22:00:00Z,1.11903,1.12346,1.11903,1.12340,8758
2025-04-10T23:00:00Z,1.12346,1.12623,1.12130,1.12576,12542
2025-04-11T00:00:00Z,1.12574,1.13852,1.12510,1.13098,26424
2025-04-11T01:00:00Z,1.13099,1.13227,1.12759,1.13054,25144
2025-04-11T02:00:00Z,1.13056,1.13227,1.12949,1.13022,18358
2025-04-11T03:00:00Z,1.13021,1.13541,1.13020,1.13407,13610
2025-04-11T04:00:00Z,1.13406,1.13408,1.13098,1.13221,10137
2025-04-11T05:00:00Z,1.13220,1.13232,1.12707,1.12849,11890
2025-04-11T06:00:00Z,1.12847,1.12902,1.12466,1.12868,16918
2025-04-11T07:00:00Z,1.12864,1.13688,1.12839,1.13642,23441
2025-04-11T08:00:00Z,1.13639,1.14736,1.13488,1.14269,35220
2025-04-11T09:00:00Z,1.14270,1.14270,1.13847,1.13853,24284
2025-04-11T10:00:00Z,1.13856,1.13856,1.13199,1.13365,25662
2025-04-11T11:00:00Z,1.13364,1.13711,1.13231,1.13289,19656
2025-04-11T12:00:00Z,1.13285,1.13988,1.13244,1.13952,27062
2025-04-11T13:00:00Z,1.13951,1.14121,1.13240,1.13604,35005
2025-04-11T14:00:00Z,1.13607,1.13816,1.13269,1.13401,41086
2025-04-11T15:00:00Z,1.13401,1.13497,1.13124,1.13247,23017
2025-04-11T16:00:00Z,1.13247,1.13267,1.12763,1.13056,22842
2025-04-11T17:00:00Z,1.13056,1.13267,1.12820,1.12851,16353
2025-04-11T18:00:00Z,1.12851,1.13211,1.12841,1.13123,14166
2025-04-11T19:00:00Z,1.13124,1.13435,1.13090,1.13415,9211
2025-04-11T20:00:00Z,1.13415,1.13617,1.13365,1.13554,7334
2025-04-13T21:00:00Z,1.13108,1.13225,1.13108,1.13178,430
2025-04-13T22:00:00Z,1.13177,1.13546,1.13174,1.13338,13476
2025-04-13T23:00:00Z,1.13339,1.13489,1.13236,1.13420,8084
2025-04-14T00:00:00Z,1.13419,1.13705,1.13407,1.13653,11947
2025-04-14T01:00:00Z,1.13654,1.14087,1.13642,1.13853,15092
2025-04-14T02:00:00Z,1.13852,1.14010,1.13708,1.13719,11846
2025-04-14T03:00:00Z,1.13720,1.13835,1.13575,1.13714,8391
2025-04-14T04:00:00Z,1.13721,1.13851,1.13654,1.13675,6260
2025-04-14T05:00:00Z,1.13680,1.13878,1.13526,1.13850,7312
2025-04-14T06:00:00Z,1.13854,1.14236,1.13763,1.14165,15432
2025-04-14T07:00:00Z,1.14166,1.14244,1.13832,1.13897,17464
2025-04-14T08:00:00Z,1.13899,1.14094,1.13787,1.13873,15251
2025-04-14T09:00:00Z,1.13873,1.14075,1.13864,1.13866,13045
2025-04-14T10:00:00Z,1.13865,1.13921,1.13714,1.13871,10716
2025-04-14T11:00:00Z,1.13871,1.14057,1.13722,1.13837,8207
2025-04-14T12:00:00Z,1.13837,1.13885,1.13343,1.13387,16526
2025-04-14T13:00:00Z,1.13386,1.13412,1.12956,1.13270,20987
2025-04-14T14:00:00Z,1.13268,1.13680,1.13198,1.13674,15688
2025-04-14T15:00:00Z,1.13673,1.13816,1.13526,1.13570,15554
2025-04-14T16:00:00Z,1.13570,1.13704,1.13299,1.13304,14634
2025-04-14T17:00:00Z,1.13307,1.13476,1.13282,1.13382,9975
2025-04-14T18:00:00Z,1.13382,1.13568,1.13375,1.13542,6408
2025-04-14T19:00:00Z,1.13540,1.13695,1.13497,1.13546,5713
2025-04-14T20:00:00Z,1.13545,1.13581,1.13431,1.13496,3221
2025-04-14T21:00:00Z,1.13495,1.13545,1.13423,1.13522,1354
2025-04-14T22:00:00Z,1.13528,1.13610,1.13450,1.13534,3517
2025-04-14T23:00:00Z,1.13533,1.13540,1.13333,1.13360,3170
2025-04-15T00:00:00Z,1.13360,1.13387,1.13170,1.13284,7887
2025-04-15T01:00:00Z,1.13284,1.13350,1.13157,1.13241,5606
2025-04-15T02:00:00Z,1.13240,1.13522,1.13240,1.13493,6935
2025-04-15T03:00:00Z,1.13492,1.13528,1.13431,1.13474,5001
2025-04-15T04:00:00Z,1.13470,1.13630,1.13447,1.13565,5055
2025-04-15T05:00:00Z,1.13564,1.13677,1.13487,1.13504,5602
2025-04-15T06:00:00Z,1.13508,1.13643,1.13277,1.13318,16684
2025-04-15T07:00:00Z,1.13320,1.13597,1.13203,1.13571,17522
2025-04-15T08:00:00Z,1.13569,1.13789,1.13434,1.13465,15132
2025-04-15T09:00:00Z,1.13461,1.13558,1.13328,1.13386,14403
2025-04-15T10:00:00Z,1.13384,1.13490,1.13320,1.13441,10388
2025-04-15T11:00:00Z,1.13440,1.13441,1.13139,1.13263,11202
2025-04-15T12:00:00Z,1.13265,1.13413,1.13085,1.13125,14551
2025-04-15T13:00:00Z,1.13124,1.13284,1.13051,1.13174,13748
2025-04-15T14:00:00Z,1.13173,1.13293,1.12853,1.13288,22335
2025-04-15T15:00:00Z,1.13288,1.13289,1.12821,1.12885,13572
2025-04-15T16:00:00Z,1.12888,1.12918,1.12639,1.12742,9146
2025-04-15T17:00:00Z,1.12743,1.12828,1.12667,1.12725,9051
2025-04-15T18:00:00Z,1.12726,1.12765,1.12662,1.12733,8371
2025-04-15T19:00:00Z,1.12732,1.12873,1.12714,1.12822,4314
2025-04-15T20:00:00Z,1.12826,1.12895,1.12793,1.12814,2258
2025-04-15T21:00:00Z,1.12814,1.12851,1.12790,1.12804,960
2025-04-15T22:00:00Z,1.12808,1.12990,1.12803,1.12953,4355
2025-04-15T23:00:00Z,1.12954,1.12983,1.12831,1.12932,4805
2025-04-16T00:00:00Z,1.12930,1.13215,1.12925,1.13170,10506
2025-04-16T01:00:00Z,1.13171,1.13304,1.13161,1.13233,10976
2025-04-16T02:00:00Z,1.13237,1.13317,1.13176,1.13275,10496
2025-04-16T03:00:00Z,1.13281,1.13433,1.13243,1.13430,6830
2025-04-16T04:00:00Z,1.13431,1.13477,1.13326,1.13459,6447
2025-04-16T05:00:00Z,1.13459,1.13853,1.13409,1.13804,10044
2025-04-16T06:00:00Z,1.13804,1.13827,1.13603,1.13605,12629
2025-04-16T07:00:00Z,1.13605,1.13920,1.13591,1.13868,13280
2025-04-16T08:00:00Z,1.13870,1.13880,1.13379,1.13694,23040
2025-04-16T09:00:00Z,1.13695,1.13775,1.13556,1.13598,16829
2025-04-16T10:00:00Z,1.13598,1.13741,1.13521,1.13579,10695
2025-04-16T11:00:00Z,1.13575,1.13737,1.13547,1.13631,8398
2025-04-16T12:00:00Z,1.13632,1.13653,1.13403,1.13513,13785
2025-04-16T13:00:00Z,1.13515,1.13737,1.13496,1.13664,14956
2025-04-16T14:00:00Z,1.13671,1.13841,1.13539,1.13837,14176
2025-04-16T15:00:00Z,1.13837,1.13865,1.13570,1.13813,15548
2025-04-16T16:00:00Z,1.13815,1.13868,1.13700,1.13748,9316
2025-04-16T17:00:00Z,1.13747,1.13898,1.13590,1.13750,11487
2025-04-16T18:00:00Z,1.13749,1.13882,1.13648,1.13863,9200
2025-04-16T19:00:00Z,1.13861,1.14127,1.13846,1.13864,8815
2025-04-16T20:00:00Z,1.13864,1.13993,1.13816,1.13985,5226
2025-04-16T21:00:00Z,1.13978,1.14001,1.13908,1.13951,4315
2025-04-16T22:00:00Z,1.13953,1.13998,1.13946,1.13991,2742
2025-04-16T23:00:00Z,1.13991,1.14090,1.13938,1.13953,3598
2025-04-17T00:00:00Z,1.13955,1.13967,1.13648,1.13680,9307
2025-04-17T01:00:00Z,1.13677,1.13690,1.13551,1.13652,9324
2025-04-17T02:00:00Z,1.13654,1.13815,1.13648,1.13780,5147
2025-04-17T03:00:00Z,1.13781,1.13806,1.13637,1.13640,3346
2025-04-17T04:00:00Z,1.13639,1.13698,1.13601,1.13620,3017
2025-04-17T05:00:00Z,1.13619,1.13710,1.13440,1.13521,5335
2025-04-17T06:00:00Z,1.13520,1.13708,1.13433,1.13586,7891
2025-04-17T07:00:00Z,1.13587,1.13788,1.13528,1.13766,9937
2025-04-17T08:00:00Z,1.13769,1.13884,1.13680,1.13785,8105
2025-04-17T09:00:00Z,1.13784,1.13807,1.13699,1.13724,6872
2025-04-17T10:00:00Z,1.13725,1.13766,1.13573,1.13595,8728
2025-04-17T11:00:00Z,1.13598,1.13699,1.13556,1.13564,6823
2025-04-17T12:00:00Z,1.13562,1.13675,1.13349,1.13562,20658
2025-04-17T13:00:00Z,1.13565,1.13775,1.13509,1.13610,18511
2025-04-17T14:00:00Z,1.13612,1.13855,1.13383,1.13494,14872
2025-04-17T15:00:00Z,1.13493,1.13765,1.13477,1.13631,10254
2025-04-17T16:00:00Z,1.13633,1.13710,1.13399,1.13506,14212
2025-04-17T17:00:00Z,1.13505,1.13535,1.13408,1.13509,7244
2025-04-17T18:00:00Z,1.13514,1.13751,1.13430,1.13733,6239
2025-04-17T19:00:00Z,1.13732,1.13760,1.13682,1.13731,5283
2025-04-17T20:00:00Z,1.13731,1.13765,1.13617,1.13639,3944
2025-04-17T21:00:00Z,1.13615,1.13694,1.13580,1.13670,1879
2025-04-17T22:00:00Z,1.13671,1.13710,1.13648,1.13665,7058
2025-04-17T23:00:00Z,1.13665,1.13741,1.13662,1.13715,8041
2025-04-18T00:00:00Z,1.13717,1.13853,1.13637,1.13741,14409
2025-04-18T01:00:00Z,1.13738,1.13765,1.13674,1.13709,18704
2025-04-18T02:00:00Z,1.13709,1.13781,1.13694,1.13724,15226
2025-04-18T03:00:00Z,1.13724,1.13756,1.13693,1.13733,15007
2025-04-18T04:00:00Z,1.13731,1.13737,1.13688,1.13692,13400
2025-04-18T05:00:00Z,1.13691,1.13740,1.13647,1.13704,13900
2025-04-18T06:00:00Z,1.13703,1.13763,1.13614,1.13615,23597
2025-04-18T07:00:00Z,1.13615,1.13756,1.13578,1.13694,27544
2025-04-18T08:00:00Z,1.13693,1.13715,1.13668,1.13707,29590
2025-04-18T09:00:00Z,1.13707,1.13729,1.13673,1.13688,38242
2025-04-18T10:00:00Z,1.13688,1.13748,1.13683,1.13741,23391
2025-04-18T11:00:00Z,1.13741,1.13826,1.13715,1.13807,40246
2025-04-18T12:00:00Z,1.13807,1.13865,1.13801,1.13823,17485
2025-04-18T13:00:00Z,1.13822,1.13825,1.13769,1.13790,21578
2025-04-18T14:00:00Z,1.13791,1.13972,1.13783,1.13960,25323
2025-04-18T15:00:00Z,1.13960,1.13963,1.13873,1.13916,23823
2025-04-18T16:00:00Z,1.13914,1.13945,1.13868,1.13939,22902
2025-04-18T17:00:00Z,1.13940,1.13944,1.13900,1.13920,12626
2025-04-18T18:00:00Z,1.13918,1.13950,1.13903,1.13939,5934
2025-04-18T19:00:00Z,1.13936,1.13965,1.13929,1.13935,2864
2025-04-18T20:00:00Z,1.13932,1.13940,1.13898,1.13901,2749
2025-04-20T21:00:00Z,1.13946,1.14245,1.13941,1.14245,1187
2025-04-20T22:00:00Z,1.14072,1.14381,1.13925,1.14323,10291
2025-04-20T23:00:00Z,1.14326,1.14582,1.14324,1.14488,10629
2025-04-21T00:00:00Z,1.14491,1.14859,1.14488,1.14660,15586
2025-04-21T01:00:00Z,1.14661,1.14786,1.14648,1.14766,7925
2025-04-21T02:00:00Z,1.14763,1.15319,1.14718,1.15045,12133
2025-04-21T03:00:00Z,1.15043,1.15248,1.15043,1.15148,5624
2025-04-21T04:00:00Z,1.15149,1.15173,1.14987,1.15171,6613
2025-04-21T05:00:00Z,1.15169,1.15344,1.15146,1.15312,7667
2025-04-21T06:00:00Z,1.15309,1.15342,1.15044,1.15155,7739
2025-04-21T07:00:00Z,1.15154,1.15672,1.15093,1.15552,12102
2025-04-21T08:00:00Z,1.15552,1.15643,1.15374,1.15578,14129
2025-04-21T09:00:00Z,1.15578,1.15729,1.15448,1.15470,11862
2025-04-21T10:00:00Z,1.15468,1.15482,1.15212,1.15233,8100
2025-04-21T11:00:00Z,1.15233,1.15474,1.15129,1.15428,8610
2025-04-21T12:00:00Z,1.15427,1.15498,1.15211,1.15424,11113
2025-04-21T13:00:00Z,1.15421,1.15427,1.15012,1.15189,13690
2025-04-21T14:00:00Z,1.15188,1.15246,1.14896,1.14975,13979
2025-04-21T15:00:00Z,1.14977,1.15077,1.14815,1.15069,10654
2025-04-21T16:00:00Z,1.15070,1.15131,1.15001,1.15092,6807
2025-04-21T17:00:00Z,1.15092,1.15144,1.14934,1.15137,6092
2025-04-21T18:00:00Z,1.15136,1.15252,1.15118,1.15220,4971
2025-04-21T19:00:00Z,1.15220,1.15267,1.15124,1.15126,5127
2025-04-21T20:00:00Z,1.15129,1.15159,1.15046,1.15128,3216
2025-04-21T21:00:00Z,1.15129,1.15140,1.15043,1.15090,1787
2025-04-21T22:00:00Z,1.15096,1.15249,1.15062,1.15228,2541
2025-04-21T23:00:00Z,1.15233,1.15235,1.15074,1.15137,3025
2025-04-22T00:00:00Z,1.15139,1.15140,1.14818,1.14902,8413
2025-04-22T01:00:00Z,1.14904,1.14982,1.14855,1.14944,10553
2025-04-22T02:00:00Z,1.14945,1.15203,1.14937,1.15203,6749
2025-04-22T03:00:00Z,1.15203,1.15406,1.15189,1.15346,11634
2025-04-22T04:00:00Z,1.15348,1.15399,1.15270,1.15300,7212
2025-04-22T05:00:00Z,1.15298,1.15470,1.15181,1.15422,13262
2025-04-22T06:00:00Z,1.15422,1.15456,1.14959,1.15006,24298
2025-04-22T07:00:00Z,1.15007,1.15090,1.14831,1.15053,22125
2025-04-22T08:00:00Z,1.15054,1.15151,1.14944,1.14995,14823
2025-04-22T09:00:00Z,1.14995,1.15075,1.14876,1.14903,10009
2025-04-22T10:00:00Z,1.14904,1.15003,1.14879,1.14883,7553
2025-04-22T11:00:00Z,1.14882,1.15006,1.14837,1.14856,7533
2025-04-22T12:00:00Z,1.14856,1.14901,1.14613,1.14700,12869
2025-04-22T13:00:00Z,1.14700,1.14850,1.14558,1.14741,11789
2025-04-22T14:00:00Z,1.14741,1.14920,1.14610,1.14780,12822
2025-04-22T15:00:00Z,1.14779,1.14855,1.14635,1.14647,11940
2025-04-22T16:00:00Z,1.14652,1.14686,1.14330,1.14338,14380
2025-04-22T17:00:00Z,1.14338,1.14539,1.14306,1.14502,12007
2025-04-22T18:00:00Z,1.14501,1.14501,1.14226,1.14268,5828
2025-04-22T19:00:00Z,1.14269,1.14339,1.14196,1.14208,5741
2025-04-22T20:00:00Z,1.14209,1.14298,1.14172,1.14195,2931
2025-04-22T21:00:00Z,1.14195,1.14263,1.13618,1.13623,4956
2025-04-22T22:00:00Z,1.13664,1.13698,1.13077,1.13368,18452
2025-04-22T23:00:00Z,1.13372,1.13623,1.13290,1.13504,13153
2025-04-23T00:00:00Z,1.13502,1.13979,1.13490,1.13971,14756
2025-04-23T01:00:00Z,1.13974,1.14152,1.13841,1.14070,11354
2025-04-23T02:00:00Z,1.14068,1.14107,1.13901,1.14045,7726
2025-04-23T03:00:00Z,1.14044,1.14049,1.13730,1.13789,8201
2025-04-23T04:00:00Z,1.13788,1.13916,1.13705,1.13899,5317
2025-04-23T05:00:00Z,1.13900,1.13996,1.13709,1.13764,7110
2025-04-23T06:00:00Z,1.13765,1.13962,1.13746,1.13848,13245
2025-04-23T07:00:00Z,1.13849,1.14087,1.13784,1.13853,14924
2025-04-23T08:00:00Z,1.13853,1.14151,1.13796,1.14128,10077
2025-04-23T09:00:00Z,1.14126,1.14399,1.14126,1.14179,10928
2025-04-23T10:00:00Z,1.14178,1.14193,1.13900,1.14018,8603
2025-04-23T11:00:00Z,1.14018,1.14159,1.13860,1.14107,8703
2025-04-23T12:00:00Z,1.14106,1.14195,1.14018,1.14053,8947
2025-04-23T13:00:00Z,1.14051,1.14122,1.13329,1.13336,22411
2025-04-23T14:00:00Z,1.13336,1.13815,1.13277,1.13530,26376
2025-04-23T15:00:00Z,1.13532,1.13831,1.13437,1.13487,21288
2025-04-23T16:00:00Z,1.13489,1.13656,1.13365,1.13397,12370
2025-04-23T17:00:00Z,1.13397,1.13438,1.13247,1.13295,8133
2025-04-23T18:00:00Z,1.13294,1.13299,1.13151,1.13236,7695
2025-04-23T19:00:00Z,1.13233,1.13320,1.13179,1.13273,6036
2025-04-23T20:00:00Z,1.13273,1.13283,1.13102,1.13123,3897
2025-04-23T21:00:00Z,1.13122,1.13213,1.13109,1.13186,1172
2025-04-23T22:00:00Z,1.13184,1.13468,1.13183,1.13319,4618
2025-04-23T23:00:00Z,1.13318,1.13384,1.13259,1.13292,3817
2025-04-24T00:00:00Z,1.13293,1.13464,1.13212,1.13436,5977
2025-04-24T01:00:00Z,1.13434,1.13574,1.13397,1.13494,9059
2025-04-24T02:00:00Z,1.13496,1.13571,1.13461,1.13550,5995
2025-04-24T03:00:00Z,1.13551,1.13558,1.13361,1.13379,4138
2025-04-24T04:00:00Z,1.13380,1.13421,1.13321,1.13389,3599
2025-04-24T05:00:00Z,1.13391,1.13455,1.13304,1.13362,5693
2025-04-24T06:00:00Z,1.13361,1.13541,1.13356,1.13520,7055
2025-04-24T07:00:00Z,1.13520,1.13803,1.13515,1.13794,9165
2025-04-24T08:00:00Z,1.13797,1.13928,1.13630,1.13804,10761
2025-04-24T09:00:00Z,1.13802,1.13911,1.13749,1.13843,6754
2025-04-24T10:00:00Z,1.13843,1.13944,1.13759,1.13791,8194
2025-04-24T11:00:00Z,1.13790,1.13902,1.13683,1.13727,7480
2025-04-24T12:00:00Z,1.13726,1.13784,1.13577,1.13764,10334
2025-04-24T13:00:00Z,1.13765,1.13838,1.13632,1.13757,10289
2025-04-24T14:00:00Z,1.13756,1.13874,1.13628,1.13726,13348
2025-04-24T15:00:00Z,1.13725,1.13757,1.13475,1.13606,12243
2025-04-24T16:00:00Z,1.13609,1.13805,1.13576,1.13797,7817
2025-04-24T17:00:00Z,1.13798,1.13855,1.13674,1.13692,5277
2025-04-24T18:00:00Z,1.13693,1.13791,1.13636,1.13777,4759
2025-04-24T19:00:00Z,1.13778,1.13973,1.13774,1.13845,4591
2025-04-24T20:00:00Z,1.13845,1.13975,1.13818,1.13854,2798
2025-04-24T21:00:00Z,1.13854,1.13924,1.13813,1.13859,3629
2025-04-24T22:00:00Z,1.13869,1.13911,1.13829,1.13860,2036
2025-04-24T23:00:00Z,1.13865,1.13879,1.13703,1.13725,2083
2025-04-25T00:00:00Z,1.13725,1.13725,1.13467,1.13471,6288
2025-04-25T01:00:00Z,1.13472,1.13548,1.13424,1.13435,10358
2025-04-25T02:00:00Z,1.13438,1.13515,1.13410,1.13479,6929
2025-04-25T03:00:00Z,1.13478,1.13593,1.13249,1.13258,10301
2025-04-25T04:00:00Z,1.13260,1.13359,1.13155,1.13348,9012
2025-04-25T05:00:00Z,1.13348,1.13415,1.13251,1.13311,9546
2025-04-25T06:00:00Z,1.13311,1.13573,1.13214,1.13416,13423
2025-04-25T07:00:00Z,1.13416,1.13680,1.13416,1.13597,10787
2025-04-25T08:00:00Z,1.13597,1.13643,1.13397,1.13503,7282
2025-04-25T09:00:00Z,1.13502,1.13607,1.13447,1.13459,7377
2025-04-25T10:00:00Z,1.13467,1.13593,1.13339,1.13558,11085
2025-04-25T11:00:00Z,1.13559,1.13665,1.13457,1.13492,6060
2025-04-25T12:00:00Z,1.13492,1.13602,1.13491,1.13522,6210
2025-04-25T13:00:00Z,1.13525,1.13552,1.13327,1.13529,10566
2025-04-25T14:00:00Z,1.13532,1.13805,1.13523,1.13683,12460
2025-04-25T15:00:00Z,1.13684,1.13821,1.13577,1.13800,6734
2025-04-25T16:00:00Z,1.13799,1.13885,1.13680,1.13687,4715
2025-04-25T17:00:00Z,1.13685,1.13824,1.13647,1.13765,5089
2025-04-25T18:00:00Z,1.13764,1.13807,1.13690,1.13794,3854
2025-04-25T19:00:00Z,1.13794,1.13809,1.13585,1.13592,4164
2025-04-25T20:00:00Z,1.13592,1.13641,1.13568,1.13628,2941
2025-04-27T21:00:00Z,1.13636,1.13636,1.13575,1.13583,180
2025-04-27T22:00:00Z,1.13597,1.13644,1.13398,1.13498,3766
2025-04-27T23:00:00Z,1.13498,1.13549,1.13410,1.13448,2671
2025-04-28T00:00:00Z,1.13449,1.13644,1.13445,1.13638,4134
2025-04-28T01:00:00Z,1.13635,1.13664,1.13495,1.13510,4499
2025-04-28T02:00:00Z,1.13511,1.13570,1.13432,1.13532,4020
2025-04-28T03:00:00Z,1.13531,1.13602,1.13512,1.13561,2081
2025-04-28T04:00:00Z,1.13556,1.13724,1.13523,1.13719,3458
2025-04-28T05:00:00Z,1.13719,1.13805,1.13714,1.13742,4770
2025-04-28T06:00:00Z,1.13741,1.13742,1.13292,1.13315,9329
2025-04-28T07:00:00Z,1.13314,1.13617,1.13307,1.13483,8779
2025-04-28T08:00:00Z,1.13481,1.13515,1.13352,1.13438,6050
2025-04-28T09:00:00Z,1.13435,1.13587,1.13420,1.13497,5868
2025-04-28T10:00:00Z,1.13497,1.13602,1.13458,1.13504,4417
2025-04-28T11:00:00Z,1.13505,1.13559,1.13407,1.13513,4519
2025-04-28T12:00:00Z,1.13517,1.13727,1.13501,1.13509,7414
2025-04-28T13:00:00Z,1.13511,1.13741,1.13393,1.13648,10604
2025-04-28T14:00:00Z,1.13648,1.14137,1.13572,1.13784,14908
2025-04-28T15:00:00Z,1.13784,1.13922,1.13708,1.13862,9602
2025-04-28T16:00:00Z,1.13859,1.14221,1.13849,1.14114,7589
2025-04-28T17:00:00Z,1.14116,1.14192,1.14002,1.14009,6586
2025-04-28T18:00:00Z,1.14009,1.14138,1.14001,1.14132,4260
2025-04-28T19:00:00Z,1.14134,1.14248,1.14128,1.14216,3096
2025-04-28T20:00:00Z,1.14219,1.14246,1.14179,1.14179,2499
2025-04-28T21:00:00Z,1.14179,1.14212,1.14169,1.14198,674
2025-04-28T22:00:00Z,1.14202,1.14218,1.14117,1.14124,2311
2025-04-28T23:00:00Z,1.14128,1.14217,1.14006,1.14075,2668
2025-04-29T00:00:00Z,1.14076,1.14160,1.13992,1.13996,4323
2025-04-29T01:00:00Z,1.13996,1.14085,1.13872,1.13922,5953
2025-04-29T02:00:00Z,1.13922,1.14199,1.13919,1.13980,6042
2025-04-29T03:00:00Z,1.13982,1.13998,1.13863,1.13903,4538
2025-04-29T04:00:00Z,1.13904,1.13936,1.13738,1.13778,3700
2025-04-29T05:00:00Z,1.13779,1.13881,1.13758,1.13866,4875
2025-04-29T06:00:00Z,1.13866,1.13992,1.13829,1.13893,6951
2025-04-29T07:00:00Z,1.13899,1.14120,1.13873,1.14035,8962
2025-04-29T08:00:00Z,1.14036,1.14081,1.13814,1.13852,8428
2025-04-29T09:00:00Z,1.13851,1.13973,1.13802,1.13802,5675
2025-04-29T10:00:00Z,1.13804,1.13851,1.13729,1.13776,6143
2025-04-29T11:00:00Z,1.13777,1.13868,1.13709,1.13744,7371
2025-04-29T12:00:00Z,1.13743,1.14144,1.13700,1.14104,10808
2025-04-29T13:00:00Z,1.14103,1.14169,1.13899,1.14010,12402
2025-04-29T14:00:00Z,1.13976,1.14173,1.13787,1.13827,16609
2025-04-29T15:00:00Z,1.13829,1.14043,1.13821,1.13958,9304
2025-04-29T16:00:00Z,1.13960,1.14186,1.13951,1.14030,8603
2025-04-29T17:00:00Z,1.14031,1.14044,1.13835,1.13858,5035
2025-04-29T18:00:00Z,1.13856,1.13931,1.13758,1.13822,3959
2025-04-29T19:00:00Z,1.13820,1.13882,1.13759,1.13814,3632
2025-04-29T20:00:00Z,1.13813,1.13917,1.13804,1.13855,2386
2025-04-29T21:00:00Z,1.13823,1.13895,1.13783,1.13833,1899
2025-04-29T22:00:00Z,1.13832,1.13955,1.13832,1.13914,2050
2025-04-29T23:00:00Z,1.13921,1.13931,1.13856,1.13902,1602
2025-04-30T00:00:00Z,1.13904,1.13951,1.13766,1.13823,4991
2025-04-30T01:00:00Z,1.13824,1.13863,1.13568,1.13584,5276
2025-04-30T02:00:00Z,1.13583,1.13722,1.13547,1.13702,6652
2025-04-30T03:00:00Z,1.13704,1.13796,1.13665,1.13685,5432
2025-04-30T04:00:00Z,1.13685,1.13779,1.13662,1.13729,5032
2025-04-30T05:00:00Z,1.13729,1.13842,1.13714,1.13824,3395
2025-04-30T06:00:00Z,1.13825,1.13994,1.13657,1.13898,8558
2025-04-30T07:00:00Z,1.13897,1.13903,1.13733,1.13773,8158
2025-04-30T08:00:00Z,1.13779,1.13850,1.13622,1.13708,9550
2025-04-30T09:00:00Z,1.13709,1.13792,1.13599,1.13622,6523
2025-04-30T10:00:00Z,1.13623,1.13696,1.13607,1.13618,6359
2025-04-30T11:00:00Z,1.13617,1.13804,1.13558,1.13730,7404
2025-04-30T12:00:00Z,1.13730,1.13884,1.13647,1.13734,13446
2025-04-30T13:00:00Z,1.13734,1.13776,1.13610,1.13687,12730
2025-04-30T14:00:00Z,1.13686,1.13789,1.13497,1.13668,17544
2025-04-30T15:00:00Z,1.13668,1.13749,1.13230,1.13479,16231
2025-04-30T16:00:00Z,1.13482,1.13589,1.13449,1.13551,7016
2025-04-30T17:00:00Z,1.13552,1.13646,1.13449,1.13455,4896
2025-04-30T18:00:00Z,1.13455,1.13582,1.13429,1.13487,5859
2025-04-30T19:00:00Z,1.13486,1.13533,1.13281,1.13298,4244
2025-04-30T20:00:00Z,1.13295,1.13311,1.13170,1.13274,4959
2025-04-30T21:00:00Z,1.13272,1.13310,1.13234,1.13271,1114
2025-04-30T22:00:00Z,1.13255,1.13295,1.13218,1.13252,2925
2025-04-30T23:00:00Z,1.13254,1.13262,1.13186,1.13219,1770
2025-05-01T00:00:00Z,1.13221,1.13291,1.13205,1.13217,2662
2025-05-01T01:00:00Z,1.13215,1.13221,1.13027,1.13079,5471
2025-05-01T02:00:00Z,1.13080,1.13158,1.13056,1.13150,2924
2025-05-01T03:00:00Z,1.13150,1.13184,1.12997,1.13118,6242
2025-05-01T04:00:00Z,1.13119,1.13140,1.13023,1.13026,4569
2025-05-01T05:00:00Z,1.13025,1.13063,1.12878,1.12998,6150
2025-05-01T06:00:00Z,1.12997,1.13124,1.12979,1.13023,6891
2025-05-01T07:00:00Z,1.13022,1.13105,1.12874,1.13099,6892
2025-05-01T08:00:00Z,1.13098,1.13309,1.13097,1.13196,5599
2025-05-01T09:00:00Z,1.13195,1.13248,1.13133,1.13141,4838
2025-05-01T10:00:00Z,1.13141,1.13340,1.13117,1.13320,5620
2025-05-01T11:00:00Z,1.13321,1.13409,1.13162,1.13199,6065
2025-05-01T12:00:00Z,1.13199,1.13388,1.13078,1.13150,10193
2025-05-01T13:00:00Z,1.13151,1.13274,1.13109,1.13209,8735
2025-05-01T14:00:00Z,1.13190,1.13204,1.12702,1.12815,15799
2025-05-01T15:00:00Z,1.12815,1.12900,1.12657,1.12789,10069
2025-05-01T16:00:00Z,1.12788,1.12920,1.12727,1.12906,9093
2025-05-01T17:00:00Z,1.12906,1.12912,1.12795,1.12828,3795
2025-05-01T18:00:00Z,1.12828,1.12933,1.12748,1.12853,4643
2025-05-01T19:00:00Z,1.12853,1.12921,1.12809,1.12883,4478
2025-05-01T20:00:00Z,1.12882,1.12936,1.12845,1.12878,2834
2025-05-01T21:00:00Z,1.12878,1.12889,1.12839,1.12857,931
2025-05-01T22:00:00Z,1.12858,1.12988,1.12858,1.12946,1869
2025-05-01T23:00:00Z,1.12948,1.12974,1.12908,1.12955,2736
2025-05-02T00:00:00Z,1.12955,1.12992,1.12740,1.12818,5396
2025-05-02T01:00:00Z,1.12820,1.12954,1.12783,1.12953,8248
2025-05-02T02:00:00Z,1.12955,1.13033,1.12927,1.12939,6490
2025-05-02T03:00:00Z,1.12938,1.13153,1.12938,1.13126,4031
2025-05-02T04:00:00Z,1.13127,1.13138,1.13009,1.13040,5698
2025-05-02T05:00:00Z,1.13041,1.13138,1.13021,1.13075,4797
2025-05-02T06:00:00Z,1.13076,1.13290,1.13057,1.13257,7612
2025-05-02T07:00:00Z,1.13257,1.13379,1.13175,1.13279,9248
2025-05-02T08:00:00Z,1.13278,1.13346,1.13159,1.13319,8353
2025-05-02T09:00:00Z,1.13319,1.13550,1.13253,1.13503,9750
2025-05-02T10:00:00Z,1.13503,1.13517,1.13274,1.13309,6093
2025-05-02T11:00:00Z,1.13307,1.13503,1.13239,1.13462,8529
2025-05-02T12:00:00Z,1.13464,1.13472,1.13040,1.13185,21647
2025-05-02T13:00:00Z,1.13184,1.13797,1.13144,1.13724,19911
2025-05-02T14:00:00Z,1.13726,1.13808,1.13574,1.13682,15720
2025-05-02T15:00:00Z,1.13683,1.13683,1.13203,1.13287,11684
2025-05-02T16:00:00Z,1.13291,1.13389,1.13170,1.13197,12077
2025-05-02T17:00:00Z,1.13197,1.13200,1.12981,1.13038,8259
2025-05-02T18:00:00Z,1.13039,1.13084,1.12922,1.12995,6059
2025-05-02T19:00:00Z,1.12994,1.13087,1.12994,1.13043,4865
2025-05-02T20:00:00Z,1.13042,1.13050,1.12934,1.12946,2394
2025-05-04T21:00:00Z,1.12987,1.13069,1.12905,1.12980,480
2025-05-04T22:00:00Z,1.12980,1.13145,1.12974,1.13054,4019
2025-05-04T23:00:00Z,1.13058,1.13278,1.13017,1.13210,4334
2025-05-05T00:00:00Z,1.13212,1.13237,1.13140,1.13222,5728
2025-05-05T01:00:00Z,1.13221,1.13398,1.13221,1.13348,9336
2025-05-05T02:00:00Z,1.13348,1.13466,1.13314,1.13420,6392
2025-05-05T03:00:00Z,1.13422,1.13424,1.13281,1.13321,5077
2025-05-05T04:00:00Z,1.13321,1.13390,1.13284,1.13371,3863
2025-05-05T05:00:00Z,1.13371,1.13473,1.13299,1.13333,8179
2025-05-05T06:00:00Z,1.13329,1.13369,1.13178,1.13260,11006
2025-05-05T07:00:00Z,1.13259,1.13308,1.13130,1.13131,10385
2025-05-05T08:00:00Z,1.13127,1.13327,1.13111,1.13257,11752
2025-05-05T09:00:00Z,1.13262,1.13438,1.13261,1.13409,11333
2025-05-05T10:00:00Z,1.13409,1.13453,1.13327,1.13444,8098
2025-05-05T11:00:00Z,1.13441,1.13574,1.13399,1.13423,8383
2025-05-05T12:00:00Z,1.13422,1.13631,1.13399,1.13597,10771
2025-05-05T13:00:00Z,1.13596,1.13646,1.13519,1.13533,8869
2025-05-05T14:00:00Z,1.13531,1.13531,1.13304,1.13382,14361
2025-05-05T15:00:00Z,1.13382,1.13409,1.13123,1.13141,9597
2025-05-05T16:00:00Z,1.13141,1.13141,1.12990,1.13020,10596
2025-05-05T17:00:00Z,1.13020,1.13110,1.12973,1.12997,6206
2025-05-05T18:00:00Z,1.12995,1.13153,1.12969,1.13129,5950
2025-05-05T19:00:00Z,1.13129,1.13208,1.13105,1.13146,4110
2025-05-05T20:00:00Z,1.13147,1.13200,1.13116,1.13130,2071
2025-05-05T21:00:00Z,1.13125,1.13167,1.13122,1.13143,1025
2025-05-05T22:00:00Z,1.13144,1.13194,1.13129,1.13141,1548
2025-05-05T23:00:00Z,1.13142,1.13161,1.13097,1.13120,1036
2025-05-06T00:00:00Z,1.13121,1.13121,1.12806,1.12858,6930
2025-05-06T01:00:00Z,1.12858,1.12964,1.12797,1.12933,10179
2025-05-06T02:00:00Z,1.12933,1.13136,1.12927,1.13070,7690
2025-05-06T03:00:00Z,1.13071,1.13172,1.13032,1.13149,6304
2025-05-06T04:00:00Z,1.13148,1.13271,1.13145,1.13242,4351
2025-05-06T05:00:00Z,1.13239,1.13253,1.13133,1.13181,4774
2025-05-06T06:00:00Z,1.13181,1.13352,1.13137,1.13259,8935
2025-05-06T07:00:00Z,1.13259,1.13477,1.13220,1.13387,12361
2025-05-06T08:00:00Z,1.13387,1.13494,1.13223,1.13272,9492
2025-05-06T09:00:00Z,1.13270,1.13296,1.13051,1.13116,7923
2025-05-06T10:00:00Z,1.13114,1.13272,1.13093,1.13256,6973
2025-05-06T11:00:00Z,1.13255,1.13348,1.13222,1.13270,6716
2025-05-06T12:00:00Z,1.13273,1.13436,1.13167,1.13402,7778
2025-05-06T13:00:00Z,1.13402,1.13574,1.13261,1.13530,10248
2025-05-06T14:00:00Z,1.13531,1.13694,1.13407,1.13410,13572
2025-05-06T15:00:00Z,1.13410,1.13497,1.13353,1.13433,7137
2025-05-06T16:00:00Z,1.13434,1.13555,1.13306,1.13486,6604
2025-05-06T17:00:00Z,1.13487,1.13702,1.13487,1.13642,6110
2025-05-06T18:00:00Z,1.13642,1.13721,1.13546,1.13713,3965
2025-05-06T19:00:00Z,1.13712,1.13808,1.13666,1.13724,3715
2025-05-06T20:00:00Z,1.13724,1.13794,1.13654,1.13670,3666
2025-05-06T21:00:00Z,1.13671,1.13720,1.13633,1.13715,703
2025-05-06T22:00:00Z,1.13717,1.13737,1.13258,1.13423,12465
2025-05-06T23:00:00Z,1.13423,1.13453,1.13330,1.13397,6990
2025-05-07T00:00:00Z,1.13396,1.13512,1.13248,1.13407,11241
2025-05-07T01:00:00Z,1.13406,1.13514,1.13263,1.13444,12883
2025-05-07T02:00:00Z,1.13446,1.13493,1.13354,1.13406,9515
2025-05-07T03:00:00Z,1.13409,1.13472,1.13363,1.13455,4336
2025-05-07T04:00:00Z,1.13456,1.13513,1.13427,1.13434,3991
2025-05-07T05:00:00Z,1.13434,1.13669,1.13428,1.13650,6743
2025-05-07T06:00:00Z,1.13651,1.13780,1.13594,1.13737,7628
2025-05-07T07:00:00Z,1.13737,1.13737,1.13548,1.13620,8088
2025-05-07T08:00:00Z,1.13621,1.13737,1.13540,1.13578,7443
2025-05-07T09:00:00Z,1.13579,1.13617,1.13469,1.13567,7357
2025-05-07T10:00:00Z,1.13565,1.13667,1.13559,1.13655,4993
2025-05-07T11:00:00Z,1.13658,1.13727,1.13559,1.13572,5500
2025-05-07T12:00:00Z,1.13573,1.13664,1.13556,1.13590,6594
2025-05-07T13:00:00Z,1.13589,1.13681,1.13527,1.13666,9063
2025-05-07T14:00:00Z,1.13666,1.13708,1.13542,1.13671,9708
2025-05-07T15:00:00Z,1.13668,1.13695,1.13413,1.13468,9978
2025-05-07T16:00:00Z,1.13470,1.13540,1.13368,1.13487,6828
2025-05-07T17:00:00Z,1.13488,1.13494,1.13347,1.13407,6615
2025-05-07T18:00:00Z,1.13407,1.13650,1.13200,1.13336,20824
2025-05-07T19:00:00Z,1.13338,1.13344,1.13005,1.13065,14342
2025-05-07T20:00:00Z,1.13067,1.13081,1.12917,1.12998,3881
2025-05-07T21:00:00Z,1.12999,1.13141,1.12998,1.13114,1169
2025-05-07T22:00:00Z,1.13113,1.13116,1.12995,1.13008,4486
2025-05-07T23:00:00Z,1.13010,1.13100,1.13010,1.13027,1931
2025-05-08T00:00:00Z,1.13032,1.13223,1.13019,1.13099,4614
2025-05-08T01:00:00Z,1.13100,1.13326,1.13078,1.13315,10452
2025-05-08T02:00:00Z,1.13315,1.13352,1.13222,1.13225,6877
2025-05-08T03:00:00Z,1.13227,1.13361,1.13223,1.13270,4883
2025-05-08T04:00:00Z,1.13271,1.13308,1.13177,1.13178,3632
2025-05-08T05:00:00Z,1.13178,1.13181,1.12967,1.13035,7352
2025-05-08T06:00:00Z,1.13033,1.13074,1.12766,1.12821,13930
2025-05-08T07:00:00Z,1.12823,1.12975,1.12701,1.12971,12314
2025-05-08T08:00:00Z,1.12971,1.13029,1.12832,1.12877,8201
2025-05-08T09:00:00Z,1.12876,1.12979,1.12828,1.12846,6992
2025-05-08T10:00:00Z,1.12845,1.12994,1.12750,1.12870,6737
2025-05-08T11:00:00Z,1.12871,1.13048,1.12850,1.12957,7756
2025-05-08T12:00:00Z,1.12957,1.13202,1.12927,1.12995,10469
2025-05-08T13:00:00Z,1.12997,1.13115,1.12949,1.13062,11322
2025-05-08T14:00:00Z,1.13062,1.13162,1.12758,1.12780,11663
2025-05-08T15:00:00Z,1.12783,1.12895,1.12343,1.12477,23722
2025-05-08T16:00:00Z,1.12477,1.12495,1.12202,1.12259,14690
2025-05-08T17:00:00Z,1.12258,1.12295,1.12123,1.12265,10288
2025-05-08T18:00:00Z,1.12265,1.12305,1.12194,1.12245,5300
2025-05-08T19:00:00Z,1.12243,1.12282,1.12118,1.12259,6274
2025-05-08T20:00:00Z,1.12258,1.12297,1.12197,1.12254,2958
2025-05-08T21:00:00Z,1.12254,1.12271,1.12206,1.12261,813
2025-05-08T22:00:00Z,1.12261,1.12328,1.12254,1.12315,1884
2025-05-08T23:00:00Z,1.12317,1.12320,1.12219,1.12267,2578
2025-05-09T00:00:00Z,1.12268,1.12332,1.12128,1.12267,5282
2025-05-09T01:00:00Z,1.12266,1.12290,1.12106,1.12120,7082
2025-05-09T02:00:00Z,1.12118,1.12190,1.11964,1.12180,9655
2025-05-09T03:00:00Z,1.12180,1.12275,1.12179,1.12223,8591
2025-05-09T04:00:00Z,1.12226,1.12296,1.12226,1.12277,5815
2025-05-09T05:00:00Z,1.12276,1.12364,1.12180,1.12357,6468
2025-05-09T06:00:00Z,1.12356,1.12474,1.12320,1.12400,6623
2025-05-09T07:00:00Z,1.12399,1.12581,1.12368,1.12515,8717
2025-05-09T08:00:00Z,1.12511,1.12590,1.12420,1.12563,6949
2025-05-09T09:00:00Z,1.12561,1.12596,1.12448,1.12459,7229
2025-05-09T10:00:00Z,1.12461,1.12511,1.12421,1.12454,6503
2025-05-09T11:00:00Z,1.12452,1.12605,1.12435,1.12542,10813
2025-05-09T12:00:00Z,1.12542,1.12566,1.12470,1.12538,7049
2025-05-09T13:00:00Z,1.12537,1.12681,1.12531,1.12582,7137
2025-05-09T14:00:00Z,1.12582,1.12928,1.12556,1.12675,10846
2025-05-09T15:00:00Z,1.12675,1.12729,1.12599,1.12695,6999
2025-05-09T16:00:00Z,1.12695,1.12752,1.12573,1.12585,3981
2025-05-09T17:00:00Z,1.12582,1.12650,1.12526,1.12619,3656
2025-05-09T18:00:00Z,1.12616,1.12661,1.12545,1.12589,3883
2025-05-09T19:00:00Z,1.12588,1.12599,1.12484,1.12570,4211
2025-05-09T20:00:00Z,1.12565,1.12574,1.12456,1.12460,2254
2025-05-11T21:00:00Z,1.11900,1.12242,1.11900,1.12107,1069
2025-05-11T22:00:00Z,1.12103,1.12312,1.12083,1.12250,5618
2025-05-11T23:00:00Z,1.12249,1.12363,1.12227,1.12276,4005
2025-05-12T00:00:00Z,1.12281,1.12389,1.12249,1.12386,7083
2025-05-12T01:00:00Z,1.12383,1.12426,1.12223,1.12256,7884
2025-05-12T02:00:00Z,1.12256,1.12375,1.12248,1.12282,4607
2025-05-12T03:00:00Z,1.12281,1.12340,1.12249,1.12328,4011
2025-05-12T04:00:00Z,1.12327,1.12344,1.12260,1.12272,2748
2025-05-12T05:00:00Z,1.12274,1.12298,1.12136,1.12219,5043
2025-05-12T06:00:00Z,1.12219,1.12355,1.12160,1.12179,8298
2025-05-12T07:00:00Z,1.12179,1.12190,1.10977,1.11048,33297
2025-05-12T08:00:00Z,1.11047,1.11452,1.10822,1.11375,28750
2025-05-12T09:00:00Z,1.11372,1.11416,1.11146,1.11184,12741
2025-05-12T10:00:00Z,1.11183,1.11184,1.10718,1.10794,15926
2025-05-12T11:00:00Z,1.10794,1.11174,1.10768,1.11111,15166
2025-05-12T12:00:00Z,1.11110,1.11263,1.11004,1.11132,10968
2025-05-12T13:00:00Z,1.11133,1.11346,1.11098,1.11186,12012
2025-05-12T14:00:00Z,1.11186,1.11342,1.11072,1.11114,15950
2025-05-12T15:00:00Z,1.11114,1.11237,1.11003,1.11049,9239
2025-05-12T16:00:00Z,1.11051,1.11108,1.10835,1.10844,7648
2025-05-12T17:00:00Z,1.10846,1.10883,1.10723,1.10789,7043
2025-05-12T18:00:00Z,1.10788,1.10912,1.10651,1.10892,8209
2025-05-12T19:00:00Z,1.10891,1.10965,1.10822,1.10919,4694
2025-05-12T20:00:00Z,1.10919,1.10945,1.10844,1.10844,2593
2025-05-12T21:00:00Z,1.10845,1.10904,1.10833,1.10880,1296
2025-05-12T22:00:00Z,1.10880,1.10944,1.10875,1.10933,3901
2025-05-12T23:00:00Z,1.10939,1.10999,1.10892,1.10953,2949
2025-05-13T00:00:00Z,1.10954,1.11065,1.10948,1.11043,5695
2025-05-13T01:00:00Z,1.11043,1.11091,1.10995,1.11063,10271
2025-05-13T02:00:00Z,1.11065,1.11112,1.10992,1.11024,5584
2025-05-13T03:00:00Z,1.11025,1.11168,1.10988,1.11161,4459
2025-05-13T04:00:00Z,1.11163,1.11170,1.11088,1.11166,3208
2025-05-13T05:00:00Z,1.11167,1.11195,1.11085,1.11103,4287
2025-05-13T06:00:00Z,1.11104,1.11183,1.11012,1.11113,12121
2025-05-13T07:00:00Z,1.11111,1.11242,1.11026,1.11156,13937
2025-05-13T08:00:00Z,1.11156,1.11175,1.11025,1.11119,9262
2025-05-13T09:00:00Z,1.11118,1.11149,1.11026,1.11068,8792
2025-05-13T10:00:00Z,1.11067,1.11095,1.10968,1.11045,6611
2025-05-13T11:00:00Z,1.11045,1.11120,1.11030,1.11068,5854
2025-05-13T12:00:00Z,1.11069,1.11310,1.11064,1.11304,11207
2025-05-13T13:00:00Z,1.11305,1.11484,1.11272,1.11354,14868
2025-05-13T14:00:00Z,1.11353,1.11641,1.11300,1.11612,13275
2025-05-13T15:00:00Z,1.11614,1.11776,1.11567,1.11749,10626
2025-05-13T16:00:00Z,1.11750,1.11825,1.11645,1.11757,6829
2025-05-13T17:00:00Z,1.11759,1.11796,1.11674,1.11769,4651
2025-05-13T18:00:00Z,1.11769,1.11859,1.11750,1.11847,3603
2025-05-13T19:00:00Z,1.11849,1.11917,1.11825,1.11897,3570
2025-05-13T20:00:00Z,1.11896,1.11946,1.11835,1.11844,2739
2025-05-13T21:00:00Z,1.11844,1.11877,1.11813,1.11856,532
2025-05-13T22:00:00Z,1.11855,1.11971,1.11855,1.11970,2803
2025-05-13T23:00:00Z,1.11969,1.11969,1.11846,1.11856,1719
2025-05-14T00:00:00Z,1.11858,1.11964,1.11820,1.11921,5215
2025-05-14T01:00:00Z,1.11921,1.11976,1.11833,1.11880,10330
2025-05-14T02:00:00Z,1.11883,1.11923,1.11827,1.11885,8635
2025-05-14T03:00:00Z,1.11886,1.11959,1.11841,1.11952,4446
2025-05-14T04:00:00Z,1.11952,1.12006,1.11879,1.11885,4998
2025-05-14T05:00:00Z,1.11885,1.11924,1.11844,1.11861,4665
2025-05-14T06:00:00Z,1.11860,1.11984,1.11798,1.11879,7103
2025-05-14T07:00:00Z,1.11879,1.12164,1.11814,1.12148,9784
2025-05-14T08:00:00Z,1.12147,1.12520,1.12125,1.12384,20585
2025-05-14T09:00:00Z,1.12390,1.12655,1.12309,1.12520,15115
2025-05-14T10:00:00Z,1.12521,1.12528,1.12270,1.12308,8636
2025-05-14T11:00:00Z,1.12306,1.12345,1.12133,1.12172,7311
2025-05-14T12:00:00Z,1.12172,1.12352,1.12095,1.12250,12831
2025-05-14T13:00:00Z,1.12251,1.12347,1.12100,1.12198,15387
2025-05-14T14:00:00Z,1.12196,1.12235,1.12025,1.12119,13789
2025-05-14T15:00:00Z,1.12118,1.12147,1.11973,1.12048,13102
2025-05-14T16:00:00Z,1.12049,1.12130,1.11755,1.11890,13316
2025-05-14T17:00:00Z,1.11887,1.11968,1.11813,1.11891,5255
2025-05-14T18:00:00Z,1.11892,1.11899,1.11719,1.11781,4682
2025-05-14T19:00:00Z,1.11780,1.11780,1.11654,1.11672,4646
2025-05-14T20:00:00Z,1.11672,1.11749,1.11645,1.11730,1807
2025-05-14T21:00:00Z,1.11694,1.11773,1.11669,1.11762,1187
2025-05-14T22:00:00Z,1.11765,1.11841,1.11762,1.11824,1844
2025-05-14T23:00:00Z,1.11827,1.11880,1.11802,1.11812,2306
2025-05-15T00:00:00Z,1.11811,1.11941,1.11758,1.11911,5966
2025-05-15T01:00:00Z,1.11912,1.11994,1.11905,1.11932,7846
2025-05-15T02:00:00Z,1.11933,1.11962,1.11885,1.11945,6058
2025-05-15T03:00:00Z,1.11944,1.12012,1.11921,1.11965,5987
2025-05-15T04:00:00Z,1.11965,1.11996,1.11915,1.11927,3778
2025-05-15T05:00:00Z,1.11925,1.11990,1.11853,1.11929,6194
2025-05-15T06:00:00Z,1.11929,1.12279,1.11892,1.12269,9308
2025-05-15T07:00:00Z,1.12270,1.12278,1.11913,1.11971,8330
2025-05-15T08:00:00Z,1.11970,1.12112,1.11922,1.12096,7411
2025-05-15T09:00:00Z,1.12096,1.12130,1.12007,1.12022,7184
2025-05-15T10:00:00Z,1.12023,1.12113,1.11979,1.12002,4839
2025-05-15T11:00:00Z,1.12001,1.12029,1.11790,1.11825,6794
2025-05-15T12:00:00Z,1.11828,1.12135,1.11818,1.12096,12561
2025-05-15T13:00:00Z,1.12099,1.12236,1.11949,1.12007,12578
2025-05-15T14:00:00Z,1.12007,1.12106,1.11756,1.11860,11469
2025-05-15T15:00:00Z,1.11860,1.11969,1.11727,1.11879,8990
2025-05-15T16:00:00Z,1.11879,1.11906,1.11724,1.11807,5586
2025-05-15T17:00:00Z,1.11805,1.11888,1.11700,1.11710,5417
2025-05-15T18:00:00Z,1.11709,1.11794,1.11707,1.11767,3706
2025-05-15T19:00:00Z,1.11769,1.11861,1.11724,1.11836,3556
2025-05-15T20:00:00Z,1.11835,1.11874,1.11819,1.11854,2050
2025-05-15T21:00:00Z,1.11862,1.11890,1.11796,1.11877,681
2025-05-15T22:00:00Z,1.11879,1.11928,1.11850,1.11915,2551
2025-05-15T23:00:00Z,1.11916,1.11937,1.11893,1.11918,1801
2025-05-16T00:00:00Z,1.11915,1.12080,1.11902,1.12046,7078
2025-05-16T01:00:00Z,1.12048,1.12086,1.11981,1.12030,5805
2025-05-16T02:00:00Z,1.12033,1.12083,1.11991,1.12020,5582
2025-05-16T03:00:00Z,1.12018,1.12056,1.11987,1.12002,4008
2025-05-16T04:00:00Z,1.12004,1.12041,1.11961,1.12030,3146
2025-05-16T05:00:00Z,1.12030,1.12185,1.12009,1.12153,7175
2025-05-16T06:00:00Z,1.12153,1.12195,1.12071,1.12121,7275
2025-05-16T07:00:00Z,1.12120,1.12169,1.12059,1.12084,8384
2025-05-16T08:00:00Z,1.12084,1.12090,1.11968,1.11987,6814
2025-05-16T09:00:00Z,1.11987,1.12087,1.11916,1.11944,6048
2025-05-16T10:00:00Z,1.11943,1.11999,1.11878,1.11996,6376
2025-05-16T11:00:00Z,1.11995,1.12078,1.11901,1.11944,5582
2025-05-16T12:00:00Z,1.11942,1.11987,1.11908,1.11969,6402
2025-05-16T13:00:00Z,1.11968,1.12058,1.11879,1.11998,7943
2025-05-16T14:00:00Z,1.12000,1.12021,1.11514,1.11544,14307
2025-05-16T15:00:00Z,1.11544,1.11585,1.11399,1.11403,9571
2025-05-16T16:00:00Z,1.11401,1.11476,1.11308,1.11446,7120
2025-05-16T17:00:00Z,1.11447,1.11475,1.11392,1.11448,4204
2025-05-16T18:00:00Z,1.11450,1.11550,1.11429,1.11523,4849
2025-05-16T19:00:00Z,1.11524,1.11584,1.11476,1.11489,3445
2025-05-16T20:00:00Z,1.11488,1.11657,1.11446,1.11612,3907
2025-05-18T21:00:00Z,1.11749,1.11835,1.11713,1.11731,711
2025-05-18T22:00:00Z,1.11736,1.11938,1.11711,1.11901,3905
2025-05-18T23:00:00Z,1.11899,1.11939,1.11815,1.11884,3252
2025-05-19T00:00:00Z,1.11885,1.11985,1.11799,1.11972,8164
2025-05-19T01:00:00Z,1.11970,1.11988,1.11729,1.11759,6361
2025-05-19T02:00:00Z,1.11759,1.11880,1.11721,1.11820,5736
2025-05-19T03:00:00Z,1.11821,1.11852,1.11784,1.11810,3448
2025-05-19T04:00:00Z,1.11809,1.11872,1.11770,1.11836,3006
2025-05-19T05:00:00Z,1.11837,1.11881,1.11761,1.11849,4958
2025-05-19T06:00:00Z,1.11847,1.12123,1.11816,1.12091,9184
2025-05-19T07:00:00Z,1.12091,1.12448,1.12055,1.12383,12844
2025-05-19T08:00:00Z,1.12386,1.12591,1.12357,1.12569,10530
2025-05-19T09:00:00Z,1.12570,1.12803,1.12548,1.12796,12398
2025-05-19T10:00:00Z,1.12798,1.12879,1.12683,1.12781,9102
2025-05-19T11:00:00Z,1.12782,1.12799,1.12617,1.12727,8112
2025-05-19T12:00:00Z,1.12728,1.12733,1.12564,1.12567,7374
2025-05-19T13:00:00Z,1.12566,1.12648,1.12470,1.12513,13984
2025-05-19T14:00:00Z,1.12516,1.12576,1.12413,1.12534,11462
2025-05-19T15:00:00Z,1.12536,1.12596,1.12333,1.12360,7973
2025-05-19T16:00:00Z,1.12360,1.12397,1.12294,1.12350,5240
2025-05-19T17:00:00Z,1.12349,1.12386,1.12239,1.12301,3854
2025-05-19T18:00:00Z,1.12301,1.12366,1.12244,1.12347,3961
2025-05-19T19:00:00Z,1.12347,1.12418,1.12327,1.12400,2137
2025-05-19T20:00:00Z,1.12399,1.12447,1.12388,1.12406,1786
2025-05-19T21:00:00Z,1.12373,1.12434,1.12348,1.12430,319
2025-05-19T22:00:00Z,1.12430,1.12437,1.12349,1.12351,872
2025-05-19T23:00:00Z,1.12352,1.12360,1.12314,1.12321,906
2025-05-20T00:00:00Z,1.12320,1.12322,1.12178,1.12276,5613
2025-05-20T01:00:00Z,1.12275,1.12512,1.12275,1.12381,7571
2025-05-20T02:00:00Z,1.12385,1.12461,1.12259,1.12319,4482
2025-05-20T03:00:00Z,1.12316,1.12473,1.12291,1.12449,4204
2025-05-20T04:00:00Z,1.12448,1.12504,1.12403,1.12420,3410
2025-05-20T05:00:00Z,1.12420,1.12583,1.12417,1.12544,6135
2025-05-20T06:00:00Z,1.12543,1.12622,1.12505,1.12574,8936
2025-05-20T07:00:00Z,1.12573,1.12778,1.12529,1.12762,10491
2025-05-20T08:00:00Z,1.12760,1.12762,1.12473,1.12582,7663
2025-05-20T09:00:00Z,1.12582,1.12669,1.12497,1.12550,6914
2025-05-20T10:00:00Z,1.12551,1.12577,1.12429,1.12443,7783
2025-05-20T11:00:00Z,1.12446,1.12516,1.12436,1.12457,6967
2025-05-20T12:00:00Z,1.12458,1.12471,1.12235,1.12342,5932
2025-05-20T13:00:00Z,1.12342,1.12495,1.12246,1.12456,8047
2025-05-20T14:00:00Z,1.12459,1.12692,1.12455,1.12684,9378
2025-05-20T15:00:00Z,1.12684,1.12697,1.12494,1.12528,6605
2025-05-20T16:00:00Z,1.12528,1.12577,1.12450,1.12564,5741
2025-05-20T17:00:00Z,1.12565,1.12774,1.12547,1.12737,4385
2025-05-20T18:00:00Z,1.12736,1.12801,1.12711,1.12723,5272
2025-05-20T19:00:00Z,1.12724,1.12825,1.12718,1.12804,3886
2025-05-20T20:00:00Z,1.12806,1.12858,1.12782,1.12818,2188
2025-05-20T21:00:00Z,1.12814,1.12844,1.12798,1.12824,776
2025-05-20T22:00:00Z,1.12824,1.12870,1.12801,1.12809,1511
2025-05-20T23:00:00Z,1.12808,1.12900,1.12804,1.12881,1267
2025-05-21T00:00:00Z,1.12881,1.13012,1.12875,1.12951,4583
2025-05-21T01:00:00Z,1.12952,1.13026,1.12866,1.12985,4301
2025-05-21T02:00:00Z,1.12985,1.13259,1.12969,1.13219,6905
2025-05-21T03:00:00Z,1.13218,1.13398,1.13187,1.13340,5300
2025-05-21T04:00:00Z,1.13339,1.13365,1.13253,1.13287,3304
2025-05-21T05:00:00Z,1.13289,1.13378,1.13265,1.13316,4543
2025-05-21T06:00:00Z,1.13316,1.13530,1.13221,1.13326,8607
2025-05-21T07:00:00Z,1.13324,1.13338,1.13140,1.13233,8782
2025-05-21T08:00:00Z,1.13231,1.13337,1.13121,1.13225,6671
2025-05-21T09:00:00Z,1.13227,1.13348,1.13145,1.13347,6255
2025-05-21T10:00:00Z,1.13346,1.13620,1.13314,1.13386,7524
2025-05-21T11:00:00Z,1.13385,1.13445,1.13188,1.13235,6497
2025-05-21T12:00:00Z,1.13235,1.13347,1.13172,1.13344,7891
2025-05-21T13:00:00Z,1.13345,1.13389,1.13235,1.13368,8067
2025-05-21T14:00:00Z,1.13367,1.13543,1.13322,1.13406,10344
2025-05-21T15:00:00Z,1.13407,1.13483,1.13326,1.13424,8395
2025-05-21T16:00:00Z,1.13426,1.13521,1.13389,1.13403,6001
2025-05-21T17:00:00Z,1.13403,1.13628,1.13374,1.13479,17284
2025-05-21T18:00:00Z,1.13480,1.13487,1.13315,1.13330,8325
2025-05-21T19:00:00Z,1.13330,1.13391,1.13181,1.13188,9214
2025-05-21T20:00:00Z,1.13187,1.13317,1.13154,1.13279,3621
2025-05-21T21:00:00Z,1.13274,1.13292,1.13250,1.13281,1474
2025-05-21T22:00:00Z,1.13282,1.13298,1.13150,1.13150,4568
2025-05-21T23:00:00Z,1.13149,1.13322,1.13107,1.13318,2415
2025-05-22T00:00:00Z,1.13318,1.13434,1.13258,1.13272,6909
2025-05-22T01:00:00Z,1.13270,1.13405,1.13172,1.13376,8681
2025-05-22T02:00:00Z,1.13376,1.13448,1.13282,1.13385,6660
2025-05-22T03:00:00Z,1.13387,1.13419,1.13304,1.13330,5813
2025-05-22T04:00:00Z,1.13330,1.13343,1.13245,1.13331,4497
2025-05-22T05:00:00Z,1.13330,1.13352,1.13249,1.13332,5157
2025-05-22T06:00:00Z,1.13332,1.13417,1.13173,1.13225,10394
2025-05-22T07:00:00Z,1.13224,1.13246,1.12953,1.13210,12864
2025-05-22T08:00:00Z,1.13209,1.13347,1.13013,1.13018,10571
2025-05-22T09:00:00Z,1.13017,1.13033,1.12908,1.12942,9272
2025-05-22T10:00:00Z,1.12943,1.12996,1.12902,1.12920,6253
2025-05-22T11:00:00Z,1.12921,1.13129,1.12918,1.13085,8163
2025-05-22T12:00:00Z,1.13086,1.13148,1.12847,1.12948,8836
2025-05-22T13:00:00Z,1.12952,1.13089,1.12815,1.12831,10555
2025-05-22T14:00:00Z,1.12830,1.12977,1.12749,1.12773,10462
2025-05-22T15:00:00Z,1.12774,1.12883,1.12657,1.12803,11139
2025-05-22T16:00:00Z,1.12801,1.12878,1.12682,1.12691,8104
2025-05-22T17:00:00Z,1.12694,1.12707,1.12558,1.12679,6572
2025-05-22T18:00:00Z,1.12678,1.12806,1.12672,1.12779,3647
2025-05-22T19:00:00Z,1.12781,1.12856,1.12777,1.12784,3749
2025-05-22T20:00:00Z,1.12786,1.12832,1.12773,1.12782,1950
2025-05-22T21:00:00Z,1.12780,1.12808,1.12768,1.12791,818
2025-05-22T22:00:00Z,1.12793,1.12871,1.12791,1.12861,1348
2025-05-22T23:00:00Z,1.12862,1.12888,1.12808,1.12819,962
2025-05-23T00:00:00Z,1.12818,1.13002,1.12787,1.12968,4413
2025-05-23T01:00:00Z,1.12969,1.13186,1.12951,1.13139,6376
2025-05-23T02:00:00Z,1.13142,1.13178,1.13080,1.13148,4975
2025-05-23T03:00:00Z,1.13146,1.13173,1.13109,1.13112,2798
2025-05-23T04:00:00Z,1.13112,1.13207,1.13077,1.13178,3828
2025-05-23T05:00:00Z,1.13178,1.13256,1.13080,1.13229,5205
2025-05-23T06:00:00Z,1.13222,1.13266,1.13100,1.13119,7610
2025-05-23T07:00:00Z,1.13121,1.13439,1.13094,1.13395,8014
2025-05-23T08:00:00Z,1.13394,1.13446,1.13327,1.13418,4746
2025-05-23T09:00:00Z,1.13418,1.13539,1.13383,1.13489,5716
2025-05-23T10:00:00Z,1.13492,1.13576,1.13443,1.13486,5210
2025-05-23T11:00:00Z,1.13488,1.13754,1.12984,1.13212,17646
2025-05-23T12:00:00Z,1.13213,1.13499,1.12973,1.13332,16210
2025-05-23T13:00:00Z,1.13333,1.13378,1.13131,1.13145,11644
2025-05-23T14:00:00Z,1.13142,1.13461,1.13106,1.13449,10263
2025-05-23T15:00:00Z,1.13447,1.13593,1.13315,1.13491,9036
2025-05-23T16:00:00Z,1.13495,1.13597,1.13410,1.13582,5526
2025-05-23T17:00:00Z,1.13580,1.13671,1.13515,1.13605,4624
2025-05-23T18:00:00Z,1.13604,1.13691,1.13554,1.13592,5101
2025-05-23T19:00:00Z,1.13593,1.13654,1.13552,1.13633,3448
2025-05-23T20:00:00Z,1.13633,1.13681,1.13590,1.13592,2331
2025-05-25T21:00:00Z,1.13617,1.13679,1.13585,1.13670,365
2025-05-25T22:00:00Z,1.13668,1.13793,1.13621,1.13738,9158
2025-05-25T23:00:00Z,1.13741,1.13816,1.13696,1.13744,3207
2025-05-26T00:00:00Z,1.13747,1.13977,1.13743,1.13968,11927
2025-05-26T01:00:00Z,1.13967,1.14156,1.13878,1.14124,10701
2025-05-26T02:00:00Z,1.14122,1.14185,1.14079,1.14094,7147
2025-05-26T03:00:00Z,1.14095,1.14124,1.14049,1.14114,4965
2025-05-26T04:00:00Z,1.14114,1.14131,1.14031,1.14091,3747
2025-05-26T05:00:00Z,1.14092,1.14183,1.14004,1.14168,6477
2025-05-26T06:00:00Z,1.14166,1.14183,1.14077,1.14090,6889
2025-05-26T07:00:00Z,1.14087,1.14121,1.13883,1.13889,7942
2025-05-26T08:00:00Z,1.13893,1.13952,1.13827,1.13844,5679
2025-05-26T09:00:00Z,1.13845,1.13856,1.13757,1.13788,4011
2025-05-26T10:00:00Z,1.13790,1.13861,1.13762,1.13840,6149
2025-05-26T11:00:00Z,1.13841,1.13868,1.13739,1.13768,3879
2025-05-26T12:00:00Z,1.13769,1.13821,1.13688,1.13750,4236
2025-05-26T13:00:00Z,1.13750,1.13832,1.13730,1.13815,4213
2025-05-26T14:00:00Z,1.13816,1.13848,1.13764,1.13840,4746
2025-05-26T15:00:00Z,1.13840,1.13854,1.13769,1.13809,4213
2025-05-26T16:00:00Z,1.13810,1.13831,1.13757,1.13831,2672
2025-05-26T17:00:00Z,1.13832,1.13837,1.13782,1.13805,1134
2025-05-26T18:00:00Z,1.13803,1.13830,1.13798,1.13806,745
2025-05-26T19:00:00Z,1.13807,1.13853,1.13802,1.13852,816
2025-05-26T20:00:00Z,1.13852,1.13881,1.13838,1.13838,1362
2025-05-26T21:00:00Z,1.13837,1.13849,1.13786,1.13843,824
2025-05-26T22:00:00Z,1.13849,1.13946,1.13848,1.13900,2239
2025-05-26T23:00:00Z,1.13898,1.13913,1.13868,1.13883,1494
2025-05-27T00:00:00Z,1.13885,1.14030,1.13878,1.13999,4645
2025-05-27T01:00:00Z,1.14001,1.14071,1.13910,1.13950,5900
2025-05-27T02:00:00Z,1.13951,1.14029,1.13905,1.13924,4822
2025-05-27T03:00:00Z,1.13924,1.14009,1.13900,1.13934,3688
2025-05-27T04:00:00Z,1.13935,1.13977,1.13775,1.13782,3712
2025-05-27T05:00:00Z,1.13783,1.13790,1.13667,1.13784,8369
2025-05-27T06:00:00Z,1.13783,1.13927,1.13639,1.13650,11202
2025-05-27T07:00:00Z,1.13650,1.13709,1.13370,1.13406,10526
2025-05-27T08:00:00Z,1.13407,1.13576,1.13387,1.13484,6662
2025-05-27T09:00:00Z,1.13483,1.13578,1.13446,1.13483,6479
2025-05-27T10:00:00Z,1.13483,1.13517,1.13405,1.13437,6511
2025-05-27T11:00:00Z,1.13436,1.13542,1.13410,1.13509,6410
2025-05-27T12:00:00Z,1.13511,1.13678,1.13509,1.13665,6283
2025-05-27T13:00:00Z,1.13662,1.13753,1.13554,1.13580,7377
2025-05-27T14:00:00Z,1.13582,1.13612,1.13380,1.13411,10123
2025-05-27T15:00:00Z,1.13411,1.13412,1.13230,1.13251,8333
2025-05-27T16:00:00Z,1.13252,1.13352,1.13232,1.13315,7479
2025-05-27T17:00:00Z,1.13315,1.13367,1.13301,1.13327,5573
2025-05-27T18:00:00Z,1.13328,1.13386,1.13283,1.13370,6236
2025-05-27T19:00:00Z,1.13369,1.13386,1.13298,1.13307,6539
2025-05-27T20:00:00Z,1.13306,1.13325,1.13260,1.13291,4441
2025-05-27T21:00:00Z,1.13242,1.13313,1.13242,1.13300,1507
2025-05-27T22:00:00Z,1.13300,1.13367,1.13283,1.13362,1142
2025-05-27T23:00:00Z,1.13362,1.13378,1.13311,1.13366,1495
2025-05-28T00:00:00Z,1.13367,1.13454,1.13340,1.13344,5183
2025-05-28T01:00:00Z,1.13343,1.13387,1.13150,1.13171,10025
2025-05-28T02:00:00Z,1.13172,1.13256,1.13005,1.13052,8731
2025-05-28T03:00:00Z,1.13053,1.13129,1.13004,1.13072,6402
2025-05-28T04:00:00Z,1.13072,1.13104,1.13025,1.13059,4540
2025-05-28T05:00:00Z,1.13058,1.13147,1.12953,1.13147,6603
2025-05-28T06:00:00Z,1.13146,1.13167,1.13034,1.13044,8334
2025-05-28T07:00:00Z,1.13043,1.13309,1.13029,1.13264,7555
2025-05-28T08:00:00Z,1.13264,1.13343,1.13179,1.13320,6463
2025-05-28T09:00:00Z,1.13322,1.13403,1.13279,1.13334,6757
2025-05-28T10:00:00Z,1.13334,1.13406,1.13238,1.13257,5901
2025-05-28T11:00:00Z,1.13256,1.13286,1.13164,1.13177,6849
2025-05-28T12:00:00Z,1.13177,1.13245,1.13073,1.13109,8223
2025-05-28T13:00:00Z,1.13110,1.13135,1.12969,1.13087,12312
2025-05-28T14:00:00Z,1.13086,1.13246,1.13007,1.13021,10400
2025-05-28T15:00:00Z,1.13022,1.13086,1.12837,1.12844,12222
2025-05-28T16:00:00Z,1.12848,1.12966,1.12839,1.12940,7077
2025-05-28T17:00:00Z,1.12940,1.13007,1.12905,1.12911,5020
2025-05-28T18:00:00Z,1.12910,1.12979,1.12841,1.12934,6619
2025-05-28T19:00:00Z,1.12933,1.12956,1.12875,1.12892,5481
2025-05-28T20:00:00Z,1.12893,1.12957,1.12889,1.12915,4867
2025-05-28T21:00:00Z,1.12914,1.12946,1.12898,1.12940,953
2025-05-28T22:00:00Z,1.12936,1.12969,1.12901,1.12912,2687
2025-05-28T23:00:00Z,1.12916,1.12919,1.12103,1.12296,13237
2025-05-29T00:00:00Z,1.12294,1.12505,1.12230,1.12344,19009
2025-05-29T01:00:00Z,1.12343,1.12531,1.12233,1.12515,11176
2025-05-29T02:00:00Z,1.12516,1.12568,1.12415,1.12457,6970
2025-05-29T03:00:00Z,1.12456,1.12561,1.12424,1.12484,5761
2025-05-29T04:00:00Z,1.12484,1.12547,1.12439,1.12475,3634
2025-05-29T05:00:00Z,1.12476,1.12504,1.12309,1.12434,6568
2025-05-29T06:00:00Z,1.12435,1.12737,1.12422,1.12711,10030
2025-05-29T07:00:00Z,1.12711,1.12826,1.12709,1.12755,9354
2025-05-29T08:00:00Z,1.12755,1.12789,1.12619,1.12718,6496
2025-05-29T09:00:00Z,1.12719,1.12839,1.12714,1.12778,5111
2025-05-29T10:00:00Z,1.12778,1.12911,1.12763,1.12863,5526
2025-05-29T11:00:00Z,1.12862,1.12905,1.12679,1.12709,6050
2025-05-29T12:00:00Z,1.12708,1.13498,1.12708,1.13494,14273
2025-05-29T13:00:00Z,1.13496,1.13600,1.13391,1.13511,10263
2025-05-29T14:00:00Z,1.13517,1.13692,1.13429,1.13499,9155
2025-05-29T15:00:00Z,1.13499,1.13705,1.13486,1.13694,9526
2025-05-29T16:00:00Z,1.13694,1.13797,1.13668,1.13711,9155
2025-05-29T17:00:00Z,1.13711,1.13843,1.13615,1.13769,6474
2025-05-29T18:00:00Z,1.13769,1.13843,1.13740,1.13749,4437
2025-05-29T19:00:00Z,1.13748,1.13781,1.13658,1.13665,4643
2025-05-29T20:00:00Z,1.13667,1.13700,1.13606,1.13649,1927
2025-05-29T21:00:00Z,1.13647,1.13709,1.13647,1.13670,1397
2025-05-29T22:00:00Z,1.13680,1.13771,1.13666,1.13706,4476
2025-05-29T23:00:00Z,1.13711,1.13791,1.13690,1.13765,2869
2025-05-30T00:00:00Z,1.13768,1.13845,1.13644,1.13722,8760
2025-05-30T01:00:00Z,1.13723,1.13897,1.13521,1.13545,10318
2025-05-30T02:00:00Z,1.13547,1.13588,1.13482,1.13492,6516
2025-05-30T03:00:00Z,1.13490,1.13568,1.13456,1.13494,6464
2025-05-30T04:00:00Z,1.13496,1.13533,1.13453,1.13457,4504
2025-05-30T05:00:00Z,1.13458,1.13544,1.13429,1.13509,4979
2025-05-30T06:00:00Z,1.13512,1.13519,1.13360,1.13463,8062
2025-05-30T07:00:00Z,1.13462,1.13478,1.13276,1.13375,9965
2025-05-30T08:00:00Z,1.13379,1.13445,1.13231,1.13238,6913
2025-05-30T09:00:00Z,1.13237,1.13319,1.13233,1.13254,6038
2025-05-30T10:00:00Z,1.13254,1.13346,1.13245,1.13273,5431
2025-05-30T11:00:00Z,1.13274,1.13385,1.13233,1.13380,5756
2025-05-30T12:00:00Z,1.13378,1.13584,1.13346,1.13460,12919
2025-05-30T13:00:00Z,1.13463,1.13478,1.13123,1.13172,10315
2025-05-30T14:00:00Z,1.13172,1.13545,1.13134,1.13520,10969
2025-05-30T15:00:00Z,1.13521,1.13584,1.13433,1.13461,11292
2025-05-30T16:00:00Z,1.13461,1.13548,1.13433,1.13502,8825
2025-05-30T17:00:00Z,1.13504,1.13669,1.13496,1.13571,6184
2025-05-30T18:00:00Z,1.13569,1.13648,1.13546,1.13585,5361
2025-05-30T19:00:00Z,1.13584,1.13604,1.13492,1.13563,7286
2025-05-30T20:00:00Z,1.13562,1.13562,1.13447,1.13453,3768
2025-06-01T21:00:00Z,1.13439,1.13509,1.13435,1.13468,530
2025-06-01T22:00:00Z,1.13477,1.13572,1.13446,1.13547,5012
2025-06-01T23:00:00Z,1.13551,1.13602,1.13506,1.13526,3727
2025-06-02T00:00:00Z,1.13527,1.13746,1.13524,1.13685,7056
2025-06-02T01:00:00Z,1.13684,1.13819,1.13675,1.13700,8213
2025-06-02T02:00:00Z,1.13698,1.13734,1.13618,1.13642,4710
2025-06-02T03:00:00Z,1.13641,1.13656,1.13541,1.13616,3415
2025-06-02T04:00:00Z,1.13617,1.13666,1.13596,1.13654,3804
2025-06-02T05:00:00Z,1.13655,1.13803,1.13635,1.13792,6415
2025-06-02T06:00:00Z,1.13793,1.14067,1.13782,1.14012,7275
2025-06-02T07:00:00Z,1.14011,1.14367,1.13985,1.14236,7447
2025-06-02T08:00:00Z,1.14237,1.14276,1.14127,1.14200,7160
2025-06-02T09:00:00Z,1.14200,1.14368,1.14191,1.14231,7004
2025-06-02T10:00:00Z,1.14233,1.14280,1.14130,1.14151,5161
2025-06-02T11:00:00Z,1.14152,1.14263,1.14092,1.14141,5825
2025-06-02T12:00:00Z,1.14140,1.14288,1.14111,1.14181,5766
2025-06-02T13:00:00Z,1.14182,1.14228,1.14042,1.14191,7662
2025-06-02T14:00:00Z,1.14202,1.14498,1.14202,1.14347,9297
2025-06-02T15:00:00Z,1.14347,1.14385,1.14239,1.14304,9076
2025-06-02T16:00:00Z,1.14305,1.14317,1.14116,1.14184,6589
2025-06-02T17:00:00Z,1.14183,1.14257,1.14159,1.14225,5242
2025-06-02T18:00:00Z,1.14225,1.14424,1.14189,1.14414,5018
2025-06-02T19:00:00Z,1.14414,1.14455,1.14335,1.14451,6696
2025-06-02T20:00:00Z,1.14451,1.14463,1.14400,1.14419,2786
2025-06-02T21:00:00Z,1.14383,1.14415,1.14367,1.14386,3133
2025-06-02T22:00:00Z,1.14398,1.14457,1.14377,1.14447,1677
2025-06-02T23:00:00Z,1.14448,1.14538,1.14446,1.14531,3077
2025-06-03T00:00:00Z,1.14530,1.14544,1.14387,1.14432,5911
2025-06-03T01:00:00Z,1.14430,1.14432,1.14267,1.14277,8404
2025-06-03T02:00:00Z,1.14276,1.14304,1.14186,1.14255,5185
2025-06-03T03:00:00Z,1.14253,1.14271,1.14158,1.14196,4657
2025-06-03T04:00:00Z,1.14196,1.14254,1.14167,1.14251,3404
2025-06-03T05:00:00Z,1.14252,1.14273,1.14119,1.14218,4879
2025-06-03T06:00:00Z,1.14217,1.14312,1.14152,1.14286,6342
2025-06-03T07:00:00Z,1.14285,1.14322,1.14141,1.14157,7405
2025-06-03T08:00:00Z,1.14157,1.14184,1.14053,1.14113,6312
2025-06-03T09:00:00Z,1.14114,1.14180,1.14016,1.14117,4935
2025-06-03T10:00:00Z,1.14116,1.14125,1.13962,1.13976,4633
2025-06-03T11:00:00Z,1.13977,1.13991,1.13862,1.13904,5476
2025-06-03T12:00:00Z,1.13906,1.13939,1.13771,1.13817,6092
2025-06-03T13:00:00Z,1.13819,1.13950,1.13769,1.13876,8183
2025-06-03T14:00:00Z,1.13875,1.13932,1.13639,1.13918,11159
2025-06-03T15:00:00Z,1.13916,1.13930,1.13706,1.13718,7229
2025-06-03T16:00:00Z,1.13720,1.13833,1.13674,1.13732,5128
2025-06-03T17:00:00Z,1.13734,1.13817,1.13727,1.13781,4362
2025-06-03T18:00:00Z,1.13779,1.13779,1.13691,1.13746,3082
2025-06-03T19:00:00Z,1.13746,1.13761,1.13675,1.13684,2606
2025-06-03T20:00:00Z,1.13684,1.13741,1.13681,1.13699,1392
2025-06-03T21:00:00Z,1.13693,1.13765,1.13690,1.13741,1382
2025-06-03T22:00:00Z,1.13741,1.13749,1.13706,1.13740,1515
2025-06-03T23:00:00Z,1.13741,1.13859,1.13739,1.13840,2928
2025-06-04T00:00:00Z,1.13838,1.13890,1.13783,1.13826,9371
2025-06-04T01:00:00Z,1.13825,1.13931,1.13714,1.13857,13063
2025-06-04T02:00:00Z,1.13855,1.13878,1.13734,1.13759,6564
2025-06-04T03:00:00Z,1.13757,1.13808,1.13654,1.13676,5970
2025-06-04T04:00:00Z,1.13677,1.13791,1.13647,1.13664,6777
2025-06-04T05:00:00Z,1.13667,1.13715,1.13568,1.13622,7657
2025-06-04T06:00:00Z,1.13624,1.13781,1.13572,1.13777,9850
2025-06-04T07:00:00Z,1.13777,1.13969,1.13756,1.13865,7246
2025-06-04T08:00:00Z,1.13864,1.14039,1.13828,1.13995,5883
2025-06-04T09:00:00Z,1.13994,1.13995,1.13813,1.13827,4901
2025-06-04T10:00:00Z,1.13828,1.13855,1.13747,1.13819,4774
2025-06-04T11:00:00Z,1.13819,1.13872,1.13769,1.13791,4441
2025-06-04T12:00:00Z,1.13792,1.14109,1.13792,1.14091,10633
2025-06-04T13:00:00Z,1.14091,1.14134,1.13928,1.13987,8155
2025-06-04T14:00:00Z,1.14004,1.14344,1.14004,1.14326,10895
2025-06-04T15:00:00Z,1.14325,1.14337,1.14168,1.14233,9124
2025-06-04T16:00:00Z,1.14234,1.14343,1.14197,1.14329,4373
2025-06-04T17:00:00Z,1.14332,1.14334,1.14233,1.14247,2953
2025-06-04T18:00:00Z,1.14247,1.14281,1.14201,1.14203,3080
2025-06-04T19:00:00Z,1.14202,1.14216,1.14121,1.14122,3269
2025-06-04T20:00:00Z,1.14122,1.14226,1.14101,1.14144,2708
2025-06-04T21:00:00Z,1.14143,1.14184,1.14123,1.14173,1050
2025-06-04T22:00:00Z,1.14173,1.14228,1.14170,1.14196,916
2025-06-04T23:00:00Z,1.14197,1.14285,1.14186,1.14205,1616
2025-06-05T00:00:00Z,1.14209,1.14293,1.14164,1.14288,4290
2025-06-05T01:00:00Z,1.14290,1.14347,1.14132,1.14164,6977
2025-06-05T02:00:00Z,1.14164,1.14195,1.14102,1.14176,4563
2025-06-05T03:00:00Z,1.14176,1.14225,1.14087,1.14104,6238
2025-06-05T04:00:00Z,1.14103,1.14143,1.14076,1.14102,4519
2025-06-05T05:00:00Z,1.14103,1.14136,1.14045,1.14059,5124
2025-06-05T06:00:00Z,1.14061,1.14170,1.14050,1.14089,7422
2025-06-05T07:00:00Z,1.14090,1.14250,1.14068,1.14118,7458
2025-06-05T08:00:00Z,1.14120,1.14192,1.14089,1.14127,5840
2025-06-05T09:00:00Z,1.14127,1.14216,1.14094,1.14185,5198
2025-06-05T10:00:00Z,1.14185,1.14326,1.14175,1.14240,4351
2025-06-05T11:00:00Z,1.14242,1.14283,1.14159,1.14260,4645
2025-06-05T12:00:00Z,1.14260,1.14485,1.14129,1.14293,14080
2025-06-05T13:00:00Z,1.14292,1.14948,1.14181,1.14803,18156
2025-06-05T14:00:00Z,1.14807,1.14821,1.14542,1.14578,14292
2025-06-05T15:00:00Z,1.14577,1.14589,1.14349,1.14389,9437
2025-06-05T16:00:00Z,1.14391,1.14478,1.14316,1.14478,6712
2025-06-05T17:00:00Z,1.14477,1.14481,1.14319,1.14429,4078
2025-06-05T18:00:00Z,1.14428,1.14441,1.14310,1.14420,5049
2025-06-05T19:00:00Z,1.14419,1.14480,1.14336,1.14379,8621
2025-06-05T20:00:00Z,1.14380,1.14451,1.14352,1.14444,4055
2025-06-05T21:00:00Z,1.14438,1.14495,1.14409,1.14422,1681
2025-06-05T22:00:00Z,1.14423,1.14517,1.14423,1.14514,2482
2025-06-05T23:00:00Z,1.14515,1.14536,1.14464,1.14533,2141
2025-06-06T00:00:00Z,1.14532,1.14572,1.14497,1.14500,4598
2025-06-06T01:00:00Z,1.14500,1.14521,1.14412,1.14423,7472
2025-06-06T02:00:00Z,1.14422,1.14434,1.14328,1.14376,6829
2025-06-06T03:00:00Z,1.14375,1.14437,1.14359,1.14401,3583
2025-06-06T04:00:00Z,1.14400,1.14421,1.14370,1.14396,2363
2025-06-06T05:00:00Z,1.14396,1.14401,1.14306,1.14355,3906
2025-06-06T06:00:00Z,1.14355,1.14424,1.14245,1.14354,5578
2025-06-06T07:00:00Z,1.14353,1.14367,1.14214,1.14267,9054
2025-06-06T08:00:00Z,1.14266,1.14292,1.14115,1.14142,6058
2025-06-06T09:00:00Z,1.14141,1.14211,1.14108,1.14192,4703
2025-06-06T10:00:00Z,1.14195,1.14243,1.14173,1.14226,5456
2025-06-06T11:00:00Z,1.14227,1.14288,1.14169,1.14178,5543
2025-06-06T12:00:00Z,1.14178,1.14312,1.13849,1.13967,17023
2025-06-06T13:00:00Z,1.13966,1.14022,1.13715,1.13902,16165
2025-06-06T14:00:00Z,1.13904,1.14163,1.13806,1.13893,13586
2025-06-06T15:00:00Z,1.13893,1.14022,1.13810,1.13965,10544
2025-06-06T16:00:00Z,1.13963,1.14014,1.13858,1.13870,7175
2025-06-06T17:00:00Z,1.13870,1.13977,1.13844,1.13930,5207
2025-06-06T18:00:00Z,1.13932,1.13994,1.13925,1.13969,3445
2025-06-06T19:00:00Z,1.13970,1.14019,1.13924,1.13960,2883
2025-06-06T20:00:00Z,1.13958,1.13976,1.13907,1.13935,1748
2025-06-08T21:00:00Z,1.13952,1.13953,1.13903,1.13930,301
2025-06-08T22:00:00Z,1.13925,1.14067,1.13925,1.14063,2124
2025-06-08T23:00:00Z,1.14065,1.14111,1.14034,1.14061,2363
2025-06-09T00:00:00Z,1.14063,1.14088,1.13927,1.13936,4881
2025-06-09T01:00:00Z,1.13939,1.14171,1.13938,1.14149,6132
2025-06-09T02:00:00Z,1.14151,1.14253,1.14141,1.14171,5097
2025-06-09T03:00:00Z,1.14169,1.14209,1.14118,1.14119,3783
2025-06-09T04:00:00Z,1.14118,1.14187,1.14108,1.14180,2798
2025-06-09T05:00:00Z,1.14181,1.14240,1.14119,1.14217,3991
2025-06-09T06:00:00Z,1.14220,1.14295,1.14176,1.14271,6011
2025-06-09T07:00:00Z,1.14270,1.14285,1.14193,1.14222,7018
2025-06-09T08:00:00Z,1.14222,1.14359,1.14183,1.14282,6726
2025-06-09T09:00:00Z,1.14282,1.14391,1.14257,1.14260,5339
2025-06-09T10:00:00Z,1.14259,1.14289,1.14159,1.14194,3172
2025-06-09T11:00:00Z,1.14193,1.14230,1.14055,1.14172,5219
2025-06-09T12:00:00Z,1.14174,1.14180,1.13943,1.14001,6370
2025-06-09T13:00:00Z,1.14002,1.14043,1.13864,1.14017,7575
2025-06-09T14:00:00Z,1.14016,1.14088,1.13935,1.14078,5873
2025-06-09T15:00:00Z,1.14079,1.14254,1.14076,1.14242,4744
2025-06-09T16:00:00Z,1.14243,1.14255,1.14152,1.14245,2993
2025-06-09T17:00:00Z,1.14245,1.14260,1.14193,1.14221,2334
2025-06-09T18:00:00Z,1.14219,1.14307,1.14191,1.14278,2807
2025-06-09T19:00:00Z,1.14277,1.14292,1.14224,1.14228,2768
2025-06-09T20:00:00Z,1.14226,1.14268,1.14183,1.14183,1232
2025-06-09T21:00:00Z,1.14183,1.14228,1.14171,1.14202,664
2025-06-09T22:00:00Z,1.14201,1.14234,1.14198,1.14228,586
2025-06-09T23:00:00Z,1.14226,1.14283,1.14199,1.14261,756
2025-06-10T00:00:00Z,1.14260,1.14355,1.14216,1.14241,2838
2025-06-10T01:00:00Z,1.14242,1.14280,1.13950,1.13967,5387
2025-06-10T02:00:00Z,1.13963,1.14005,1.13859,1.13989,5731
2025-06-10T03:00:00Z,1.13988,1.14049,1.13914,1.14029,4580
2025-06-10T04:00:00Z,1.14029,1.14039,1.13913,1.13994,3102
2025-06-10T05:00:00Z,1.13995,1.14136,1.13975,1.14050,7104
2025-06-10T06:00:00Z,1.14052,1.14146,1.13919,1.13944,7520
2025-06-10T07:00:00Z,1.13944,1.13996,1.13729,1.13920,8639
2025-06-10T08:00:00Z,1.13920,1.14113,1.13912,1.14081,7322
2025-06-10T09:00:00Z,1.14080,1.14185,1.14035,1.14167,5757
2025-06-10T10:00:00Z,1.14169,1.14250,1.14114,1.14235,4543
2025-06-10T11:00:00Z,1.14234,1.14341,1.14192,1.14290,5151
2025-06-10T12:00:00Z,1.14291,1.14404,1.14247,1.14321,4952
2025-06-10T13:00:00Z,1.14318,1.14475,1.14304,1.14427,6661
2025-06-10T14:00:00Z,1.14427,1.14447,1.14202,1.14257,6456
2025-06-10T15:00:00Z,1.14257,1.14277,1.14156,1.14223,5900
2025-06-10T16:00:00Z,1.14223,1.14264,1.14159,1.14234,3319
2025-06-10T17:00:00Z,1.14235,1.14287,1.14170,1.14229,2411
2025-06-10T18:00:00Z,1.14226,1.14250,1.14163,1.14201,3614
2025-06-10T19:00:00Z,1.14201,1.14364,1.14189,1.14258,3650
2025-06-10T20:00:00Z,1.14257,1.14296,1.14191,1.14217,2909
2025-06-10T21:00:00Z,1.14207,1.14274,1.14207,1.14247,3069
2025-06-10T22:00:00Z,1.14253,1.14291,1.14221,1.14283,1223
2025-06-10T23:00:00Z,1.14284,1.14393,1.14219,1.14372,2784
2025-06-11T00:00:00Z,1.14375,1.14387,1.14202,1.14209,4120
2025-06-11T01:00:00Z,1.14209,1.14269,1.14061,1.14083,3306
2025-06-11T02:00:00Z,1.14085,1.14179,1.14071,1.14152,3037
2025-06-11T03:00:00Z,1.14152,1.14174,1.14114,1.14161,1952
2025-06-11T04:00:00Z,1.14162,1.14177,1.14119,1.14156,3078
2025-06-11T05:00:00Z,1.14155,1.14229,1.14134,1.14221,3109
2025-06-11T06:00:00Z,1.14219,1.14233,1.14070,1.14098,4614
2025-06-11T07:00:00Z,1.14101,1.14236,1.14052,1.14195,6105
2025-06-11T08:00:00Z,1.14195,1.14384,1.14182,1.14307,4065
2025-06-11T09:00:00Z,1.14307,1.14457,1.14297,1.14347,3948
2025-06-11T10:00:00Z,1.14351,1.14424,1.14330,1.14382,3297
2025-06-11T11:00:00Z,1.14383,1.14404,1.14264,1.14325,4043
2025-06-11T12:00:00Z,1.14327,1.14893,1.14281,1.14606,13428
2025-06-11T13:00:00Z,1.14606,1.14735,1.14527,1.14701,8963
2025-06-11T14:00:00Z,1.14702,1.14866,1.14671,1.14816,7411
2025-06-11T15:00:00Z,1.14816,1.14903,1.14745,1.14892,7524
2025-06-11T16:00:00Z,1.14891,1.14961,1.14820,1.14896,4838
2025-06-11T17:00:00Z,1.14897,1.14988,1.14881,1.14973,3083
2025-06-11T18:00:00Z,1.14975,1.14994,1.14835,1.14862,5161
2025-06-11T19:00:00Z,1.14860,1.14867,1.14792,1.14827,2591
2025-06-11T20:00:00Z,1.14828,1.14893,1.14800,1.14872,2497
2025-06-11T21:00:00Z,1.14854,1.14880,1.14837,1.14877,1053
2025-06-11T22:00:00Z,1.14879,1.15084,1.14866,1.15055,2339
2025-06-11T23:00:00Z,1.15057,1.15129,1.15042,1.15099,3532
2025-06-12T00:00:00Z,1.15102,1.15264,1.15017,1.15211,4875
2025-06-12T01:00:00Z,1.15211,1.15291,1.15146,1.15186,4891
2025-06-12T02:00:00Z,1.15186,1.15191,1.15065,1.15112,3690
2025-06-12T03:00:00Z,1.15111,1.15220,1.15103,1.15196,2976
2025-06-12T04:00:00Z,1.15196,1.15196,1.15119,1.15154,2989
2025-06-12T05:00:00Z,1.15151,1.15326,1.15106,1.15278,4474
2025-06-12T06:00:00Z,1.15277,1.15313,1.15112,1.15222,6727
2025-06-12T07:00:00Z,1.15223,1.15278,1.15056,1.15263,7480
2025-06-12T08:00:00Z,1.15262,1.15471,1.15230,1.15443,6877
2025-06-12T09:00:00Z,1.15442,1.15885,1.15400,1.15720,7637
2025-06-12T10:00:00Z,1.15719,1.16105,1.15666,1.15929,11214
2025-06-12T11:00:00Z,1.15928,1.16065,1.15837,1.15894,7703
2025-06-12T12:00:00Z,1.15894,1.16311,1.15879,1.16098,11528
2025-06-12T13:00:00Z,1.16097,1.16171,1.15793,1.15848,10075
2025-06-12T14:00:00Z,1.15848,1.15901,1.15788,1.15819,7823
2025-06-12T15:00:00Z,1.15818,1.15849,1.15673,1.15768,8826
2025-06-12T16:00:00Z,1.15769,1.15793,1.15667,1.15759,6898
2025-06-12T17:00:00Z,1.15759,1.15779,1.15636,1.15750,3948
2025-06-12T18:00:00Z,1.15749,1.15805,1.15699,1.15775,2677
2025-06-12T19:00:00Z,1.15777,1.15806,1.15746,1.15760,2920
2025-06-12T20:00:00Z,1.15759,1.15876,1.15755,1.15834,2272
2025-06-12T21:00:00Z,1.15807,1.15880,1.15762,1.15880,942
2025-06-12T22:00:00Z,1.15882,1.15926,1.15867,1.15895,1402
2025-06-12T23:00:00Z,1.15898,1.16093,1.15865,1.16084,2527
2025-06-13T00:00:00Z,1.16083,1.16143,1.15392,1.15585,21144
2025-06-13T01:00:00Z,1.15585,1.15603,1.15374,1.15482,12005
2025-06-13T02:00:00Z,1.15481,1.15584,1.15369,1.15449,7191
2025-06-13T03:00:00Z,1.15448,1.15460,1.15275,1.15370,7586
2025-06-13T04:00:00Z,1.15371,1.15409,1.15141,1.15250,5626
2025-06-13T05:00:00Z,1.15252,1.15368,1.15117,1.15293,7169
2025-06-13T06:00:00Z,1.15296,1.15462,1.15237,1.15419,14109
2025-06-13T07:00:00Z,1.15418,1.15603,1.15351,1.15355,10175
2025-06-13T08:00:00Z,1.15354,1.15468,1.15253,1.15283,6537
2025-06-13T09:00:00Z,1.15283,1.15357,1.15183,1.15234,6795
2025-06-13T10:00:00Z,1.15233,1.15294,1.14890,1.15046,8324
2025-06-13T11:00:00Z,1.15047,1.15107,1.14907,1.15100,9201
2025-06-13T12:00:00Z,1.15098,1.15226,1.15064,1.15162,6887
2025-06-13T13:00:00Z,1.15162,1.15275,1.15011,1.15227,7958
2025-06-13T14:00:00Z,1.15229,1.15462,1.15207,1.15444,8335
2025-06-13T15:00:00Z,1.15442,1.15694,1.15380,1.15560,8211
2025-06-13T16:00:00Z,1.15560,1.15659,1.15522,1.15542,5374
2025-06-13T17:00:00Z,1.15543,1.15553,1.15370,1.15490,4300
2025-06-13T18:00:00Z,1.15492,1.15508,1.15334,1.15412,6176
2025-06-13T19:00:00Z,1.15408,1.15516,1.15366,1.15499,3707
2025-06-13T20:00:00Z,1.15497,1.15529,1.15377,1.15457,3950
2025-06-15T21:00:00Z,1.15309,1.15355,1.15258,1.15309,607
2025-06-15T22:00:00Z,1.15310,1.15469,1.15256,1.15404,8973
2025-06-15T23:00:00Z,1.15405,1.15415,1.15273,1.15376,4057
2025-06-16T00:00:00Z,1.15376,1.15463,1.15306,1.15345,6125
2025-06-16T01:00:00Z,1.15345,1.15437,1.15317,1.15322,6896
2025-06-16T02:00:00Z,1.15325,1.15361,1.15261,1.15303,6210
2025-06-16T03:00:00Z,1.15302,1.15348,1.15238,1.15272,5729
2025-06-16T04:00:00Z,1.15273,1.15371,1.15273,1.15358,3187
2025-06-16T05:00:00Z,1.15362,1.15622,1.15360,1.15568,6642
2025-06-16T06:00:00Z,1.15570,1.15758,1.15397,1.15734,11148
2025-06-16T07:00:00Z,1.15735,1.15865,1.15669,1.15786,7996
2025-06-16T08:00:00Z,1.15789,1.15846,1.15752,1.15785,6914
2025-06-16T09:00:00Z,1.15784,1.15845,1.15761,1.15839,7058
2025-06-16T10:00:00Z,1.15841,1.15858,1.15722,1.15751,4862
2025-06-16T11:00:00Z,1.15751,1.15837,1.15696,1.15728,4147
2025-06-16T12:00:00Z,1.15729,1.15846,1.15707,1.15838,6318
2025-06-16T13:00:00Z,1.15838,1.16049,1.15838,1.16010,8793
2025-06-16T14:00:00Z,1.16012,1.16147,1.15894,1.15911,9215
2025-06-16T15:00:00Z,1.15914,1.15949,1.15789,1.15799,7281
2025-06-16T16:00:00Z,1.15801,1.15859,1.15783,1.15838,4305
2025-06-16T17:00:00Z,1.15840,1.15850,1.15723,1.15778,3630
2025-06-16T18:00:00Z,1.15778,1.15812,1.15736,1.15796,5732
2025-06-16T19:00:00Z,1.15795,1.15797,1.15547,1.15554,3863
2025-06-16T20:00:00Z,1.15552,1.15634,1.15543,1.15589,1881
2025-06-16T21:00:00Z,1.15589,1.15635,1.15565,1.15623,1593
2025-06-16T22:00:00Z,1.15623,1.15636,1.15532,1.15556,3366
2025-06-16T23:00:00Z,1.15556,1.15618,1.15489,1.15534,3047
2025-06-17T00:00:00Z,1.15536,1.15543,1.15423,1.15495,8386
2025-06-17T01:00:00Z,1.15497,1.15601,1.15494,1.15542,5413
2025-06-17T02:00:00Z,1.15542,1.15606,1.15455,1.15586,4929
2025-06-17T03:00:00Z,1.15583,1.15638,1.15548,1.15619,6953
2025-06-17T04:00:00Z,1.15620,1.15671,1.15592,1.15607,4669
2025-06-17T05:00:00Z,1.15608,1.15654,1.15523,1.15580,5708
2025-06-17T06:00:00Z,1.15579,1.15723,1.15526,1.15622,7586
2025-06-17T07:00:00Z,1.15620,1.15636,1.15453,1.15578,9337
2025-06-17T08:00:00Z,1.15578,1.15597,1.15499,1.15516,4778
2025-06-17T09:00:00Z,1.15514,1.15609,1.15500,1.15567,5304
2025-06-17T10:00:00Z,1.15566,1.15686,1.15550,1.15680,4142
2025-06-17T11:00:00Z,1.15674,1.15735,1.15574,1.15617,4742
2025-06-17T12:00:00Z,1.15618,1.15796,1.15476,1.15503,8930
2025-06-17T13:00:00Z,1.15504,1.15694,1.15504,1.15586,7440
2025-06-17T14:00:00Z,1.15588,1.15608,1.15105,1.15265,9287
2025-06-17T15:00:00Z,1.15267,1.15353,1.15184,1.15341,8384
2025-06-17T16:00:00Z,1.15339,1.15391,1.14986,1.15026,6835
2025-06-17T17:00:00Z,1.15026,1.15084,1.14781,1.14863,11920
2025-06-17T18:00:00Z,1.14864,1.14903,1.14749,1.14795,6783
2025-06-17T19:00:00Z,1.14792,1.14886,1.14770,1.14843,5590
2025-06-17T20:00:00Z,1.14844,1.14855,1.14745,1.14794,2825
2025-06-17T21:00:00Z,1.14794,1.14858,1.14763,1.14813,1006
2025-06-17T22:00:00Z,1.14815,1.14835,1.14743,1.14745,1518
2025-06-17T23:00:00Z,1.14750,1.14825,1.14749,1.14816,1480
2025-06-18T00:00:00Z,1.14817,1.14967,1.14807,1.14920,6798
2025-06-18T01:00:00Z,1.14920,1.15006,1.14893,1.14966,9573
2025-06-18T02:00:00Z,1.14966,1.15011,1.14931,1.14975,3842
2025-06-18T03:00:00Z,1.14975,1.15049,1.14959,1.14997,2965
2025-06-18T04:00:00Z,1.15000,1.15079,1.14965,1.15056,3169
2025-06-18T05:00:00Z,1.15054,1.15071,1.15003,1.15041,3000
2025-06-18T06:00:00Z,1.15042,1.15151,1.15005,1.15102,8712
2025-06-18T07:00:00Z,1.15104,1.15234,1.15091,1.15132,6082
2025-06-18T08:00:00Z,1.15131,1.15161,1.14983,1.15018,4693
2025-06-18T09:00:00Z,1.15018,1.15105,1.14967,1.15035,4308
2025-06-18T10:00:00Z,1.15036,1.15108,1.14917,1.14935,3511
2025-06-18T11:00:00Z,1.14933,1.15085,1.14920,1.15074,4232
2025-06-18T12:00:00Z,1.15072,1.15168,1.15011,1.15059,5542
2025-06-18T13:00:00Z,1.15057,1.15087,1.14879,1.14886,6905
2025-06-18T14:00:00Z,1.14885,1.15230,1.14840,1.15072,13471
2025-06-18T15:00:00Z,1.15073,1.15300,1.15056,1.15203,7044
2025-06-18T16:00:00Z,1.15202,1.15249,1.15014,1.15030,4164
2025-06-18T17:00:00Z,1.15030,1.15090,1.14878,1.14969,4857
2025-06-18T18:00:00Z,1.14968,1.15289,1.14737,1.14749,23027
2025-06-18T19:00:00Z,1.14750,1.14875,1.14608,1.14742,18230
2025-06-18T20:00:00Z,1.14741,1.14840,1.14719,1.14776,3772
2025-06-18T21:00:00Z,1.14777,1.14824,1.14738,1.14818,1089
2025-06-18T22:00:00Z,1.14819,1.14887,1.14747,1.14800,1739
2025-06-18T23:00:00Z,1.14802,1.14816,1.14707,1.14758,2301
2025-06-19T00:00:00Z,1.14758,1.14835,1.14739,1.14808,6867
2025-06-19T01:00:00Z,1.14808,1.14818,1.14518,1.14529,9401
2025-06-19T02:00:00Z,1.14528,1.14579,1.14502,1.14550,5100
2025-06-19T03:00:00Z,1.14550,1.14682,1.14531,1.14657,3313
2025-06-19T04:00:00Z,1.14660,1.14692,1.14630,1.14690,2331
2025-06-19T05:00:00Z,1.14690,1.14691,1.14507,1.14563,4253
2025-06-19T06:00:00Z,1.14564,1.14676,1.14461,1.14666,5541
2025-06-19T07:00:00Z,1.14667,1.14768,1.14600,1.14614,6591
2025-06-19T08:00:00Z,1.14613,1.14792,1.14564,1.14765,8582
2025-06-19T09:00:00Z,1.14767,1.14797,1.14693,1.14754,4733
2025-06-19T10:00:00Z,1.14753,1.14790,1.14693,1.14733,4297
2025-06-19T11:00:00Z,1.14735,1.14874,1.14675,1.14810,5144
2025-06-19T12:00:00Z,1.14807,1.14860,1.14695,1.14775,5743
2025-06-19T13:00:00Z,1.14774,1.14844,1.14713,1.14726,5238
2025-06-19T14:00:00Z,1.14725,1.14806,1.14617,1.14684,5366
2025-06-19T15:00:00Z,1.14685,1.14722,1.14583,1.14597,3780
2025-06-19T16:00:00Z,1.14596,1.14613,1.14545,1.14563,2008
2025-06-19T17:00:00Z,1.14562,1.14829,1.14552,1.14789,1791
2025-06-19T18:00:00Z,1.14787,1.14868,1.14772,1.14848,1284
2025-06-19T19:00:00Z,1.14849,1.14999,1.14841,1.14974,2305
2025-06-19T20:00:00Z,1.14974,1.14992,1.14920,1.14942,2217
2025-06-19T21:00:00Z,1.14942,1.14972,1.14917,1.14939,709
2025-06-19T22:00:00Z,1.14940,1.15001,1.14914,1.14972,2607
2025-06-19T23:00:00Z,1.14978,1.15125,1.14966,1.15113,2594
2025-06-20T00:00:00Z,1.15112,1.15238,1.15105,1.15225,4980
2025-06-20T01:00:00Z,1.15227,1.15230,1.15129,1.15131,6416
2025-06-20T02:00:00Z,1.15131,1.15215,1.15108,1.15179,4875
2025-06-20T03:00:00Z,1.15180,1.15302,1.15151,1.15293,5260
2025-06-20T04:00:00Z,1.15292,1.15323,1.15240,1.15267,4030
2025-06-20T05:00:00Z,1.15267,1.15289,1.15190,1.15271,4796
2025-06-20T06:00:00Z,1.15271,1.15295,1.15138,1.15164,7787
2025-06-20T07:00:00Z,1.15165,1.15193,1.15099,1.15163,6245
2025-06-20T08:00:00Z,1.15162,1.15266,1.15114,1.15226,4054
2025-06-20T09:00:00Z,1.15224,1.15283,1.15194,1.15268,3433
2025-06-20T10:00:00Z,1.15267,1.15349,1.15225,1.15240,3093
2025-06-20T11:00:00Z,1.15240,1.15259,1.15117,1.15211,4862
2025-06-20T12:00:00Z,1.15210,1.15267,1.15055,1.15125,7991
2025-06-20T13:00:00Z,1.15127,1.15213,1.15089,1.15182,6119
2025-06-20T14:00:00Z,1.15181,1.15191,1.14950,1.15135,6902
2025-06-20T15:00:00Z,1.15136,1.15287,1.15110,1.15195,6397
2025-06-20T16:00:00Z,1.15196,1.15370,1.15191,1.15358,3982
2025-06-20T17:00:00Z,1.15360,1.15439,1.15317,1.15321,3797
2025-06-20T18:00:00Z,1.15320,1.15369,1.15269,1.15286,2840
2025-06-20T19:00:00Z,1.15285,1.15316,1.15153,1.15156,2600
2025-06-20T20:00:00Z,1.15155,1.15227,1.15137,1.15189,2021
2025-06-22T21:00:00Z,1.14602,1.14742,1.14544,1.14711,887
2025-06-22T22:00:00Z,1.14702,1.14943,1.14702,1.14885,7021
2025-06-22T23:00:00Z,1.14892,1.15073,1.14857,1.14995,2504
2025-06-23T00:00:00Z,1.14995,1.15056,1.14808,1.14892,6507
2025-06-23T01:00:00Z,1.14893,1.14925,1.14720,1.14918,6845
2025-06-23T02:00:00Z,1.14920,1.15066,1.14920,1.14994,6799
2025-06-23T03:00:00Z,1.14996,1.15034,1.14919,1.14939,4282
2025-06-23T04:00:00Z,1.14937,1.14963,1.14850,1.14905,3393
2025-06-23T05:00:00Z,1.14906,1.15142,1.14905,1.15130,5604
2025-06-23T06:00:00Z,1.15129,1.15211,1.15034,1.15071,6857
2025-06-23T07:00:00Z,1.15070,1.15160,1.14905,1.14986,8521
2025-06-23T08:00:00Z,1.14985,1.15019,1.14802,1.14815,6656
2025-06-23T09:00:00Z,1.14815,1.14828,1.14533,1.14720,9420
2025-06-23T10:00:00Z,1.14718,1.14819,1.14593,1.14624,7370
2025-06-23T11:00:00Z,1.14622,1.14744,1.14603,1.14727,5676
2025-06-23T12:00:00Z,1.14726,1.14779,1.14570,1.14674,5369
2025-06-23T13:00:00Z,1.14673,1.14938,1.14645,1.14895,9986
2025-06-23T14:00:00Z,1.14893,1.15404,1.14892,1.15307,18913
2025-06-23T15:00:00Z,1.15308,1.15519,1.15286,1.15371,10293
2025-06-23T16:00:00Z,1.15371,1.15573,1.15177,1.15447,9247
2025-06-23T17:00:00Z,1.15447,1.15734,1.15405,1.15691,9214
2025-06-23T18:00:00Z,1.15690,1.15778,1.15659,1.15741,6115
2025-06-23T19:00:00Z,1.15739,1.15787,1.15702,1.15782,3368
2025-06-23T20:00:00Z,1.15783,1.15814,1.15741,1.15741,2124
2025-06-23T21:00:00Z,1.15740,1.15779,1.15740,1.15757,1856
2025-06-23T22:00:00Z,1.15757,1.16023,1.15740,1.15921,6200
2025-06-23T23:00:00Z,1.15928,1.16082,1.15864,1.15979,5883
2025-06-24T00:00:00Z,1.15977,1.16088,1.15894,1.15989,7698
2025-06-24T01:00:00Z,1.15989,1.16055,1.15897,1.15906,6957
2025-06-24T02:00:00Z,1.15907,1.16013,1.15865,1.16000,3461
2025-06-24T03:00:00Z,1.16004,1.16096,1.15998,1.16056,3355
2025-06-24T04:00:00Z,1.16056,1.16140,1.16019,1.16063,4081
2025-06-24T05:00:00Z,1.16062,1.16138,1.16012,1.16107,5356
2025-06-24T06:00:00Z,1.16105,1.16221,1.16012,1.16051,10083
2025-06-24T07:00:00Z,1.16050,1.16104,1.15798,1.15918,11377
2025-06-24T08:00:00Z,1.15909,1.15995,1.15853,1.15924,6220
2025-06-24T09:00:00Z,1.15924,1.16178,1.15918,1.16095,5664
2025-06-24T10:00:00Z,1.16094,1.16095,1.15941,1.15966,3564
2025-06-24T11:00:00Z,1.15967,1.16150,1.15963,1.16084,4275
2025-06-24T12:00:00Z,1.16082,1.16111,1.15938,1.16003,5450
2025-06-24T13:00:00Z,1.16004,1.16029,1.15820,1.15915,7121
2025-06-24T14:00:00Z,1.15916,1.16417,1.15905,1.16167,12460
2025-06-24T15:00:00Z,1.16165,1.16365,1.16065,1.16071,9928
2025-06-24T16:00:00Z,1.16072,1.16248,1.16049,1.16238,5647
2025-06-24T17:00:00Z,1.16238,1.16324,1.16223,1.16259,5055
2025-06-24T18:00:00Z,1.16259,1.16288,1.16197,1.16234,3115
2025-06-24T19:00:00Z,1.16234,1.16248,1.16118,1.16124,2286
2025-06-24T20:00:00Z,1.16125,1.16156,1.16079,1.16089,2289
2025-06-24T21:00:00Z,1.16081,1.16135,1.16050,1.16079,1738
2025-06-24T22:00:00Z,1.16080,1.16111,1.16042,1.16074,1432
2025-06-24T23:00:00Z,1.16077,1.16153,1.16073,1.16121,1053
2025-06-25T00:00:00Z,1.16120,1.16267,1.16110,1.16250,3343
2025-06-25T01:00:00Z,1.16252,1.16314,1.16173,1.16283,6056
2025-06-25T02:00:00Z,1.16287,1.16292,1.16173,1.16205,5048
2025-06-25T03:00:00Z,1.16203,1.16231,1.16109,1.16116,3550
2025-06-25T04:00:00Z,1.16117,1.16177,1.16113,1.16136,2185
2025-06-25T05:00:00Z,1.16135,1.16203,1.16092,1.16189,6913
2025-06-25T06:00:00Z,1.16190,1.16224,1.16034,1.16071,4851
2025-06-25T07:00:00Z,1.16071,1.16090,1.15898,1.15987,4738
2025-06-25T08:00:00Z,1.15988,1.16112,1.15929,1.16099,4640
2025-06-25T09:00:00Z,1.16098,1.16110,1.15920,1.16005,3875
2025-06-25T10:00:00Z,1.16007,1.16081,1.15971,1.16035,3107
2025-06-25T11:00:00Z,1.16035,1.16132,1.15967,1.15993,3325
2025-06-25T12:00:00Z,1.15991,1.16051,1.15901,1.15928,4720
2025-06-25T13:00:00Z,1.15926,1.16075,1.15902,1.16008,4442
2025-06-25T14:00:00Z,1.16006,1.16234,1.16006,1.16210,7329
2025-06-25T15:00:00Z,1.16209,1.16296,1.16166,1.16198,5462
2025-06-25T16:00:00Z,1.16196,1.16357,1.16195,1.16306,5253
2025-06-25T17:00:00Z,1.16308,1.16442,1.16268,1.16425,3040
2025-06-25T18:00:00Z,1.16424,1.16611,1.16418,1.16608,4607
2025-06-25T19:00:00Z,1.16610,1.16650,1.16564,1.16582,2423
2025-06-25T20:00:00Z,1.16583,1.16610,1.16509,1.16583,3040
2025-06-25T21:00:00Z,1.16574,1.16579,1.16533,1.16553,1288
2025-06-25T22:00:00Z,1.16555,1.16602,1.16553,1.16590,1073
2025-06-25T23:00:00Z,1.16594,1.16845,1.16591,1.16831,2466
2025-06-26T00:00:00Z,1.16832,1.16887,1.16801,1.16819,2969
2025-06-26T01:00:00Z,1.16820,1.16877,1.16673,1.16863,3516
2025-06-26T02:00:00Z,1.16864,1.16950,1.16821,1.16902,3675
2025-06-26T03:00:00Z,1.16905,1.17174,1.16887,1.16945,4323
2025-06-26T04:00:00Z,1.16945,1.16947,1.16785,1.16797,3430
2025-06-26T05:00:00Z,1.16795,1.16859,1.16753,1.16849,3492
2025-06-26T06:00:00Z,1.16849,1.17003,1.16716,1.16993,7270
2025-06-26T07:00:00Z,1.16993,1.17132,1.16913,1.17101,6724
2025-06-26T08:00:00Z,1.17101,1.17449,1.17068,1.17275,7509
2025-06-26T09:00:00Z,1.17276,1.17288,1.17126,1.17251,5040
2025-06-26T10:00:00Z,1.17249,1.17309,1.17134,1.17148,3796
2025-06-26T11:00:00Z,1.17148,1.17155,1.16938,1.16946,5078
2025-06-26T12:00:00Z,1.16949,1.17127,1.16898,1.17066,10045
2025-06-26T13:00:00Z,1.17068,1.17209,1.16943,1.17169,8372
2025-06-26T14:00:00Z,1.17169,1.17189,1.17059,1.17081,8509
2025-06-26T15:00:00Z,1.17082,1.17173,1.16903,1.17167,6683
2025-06-26T16:00:00Z,1.17168,1.17401,1.17100,1.17292,4557
2025-06-26T17:00:00Z,1.17291,1.17320,1.17205,1.17248,4063
2025-06-26T18:00:00Z,1.17247,1.17287,1.17178,1.17204,2088
2025-06-26T19:00:00Z,1.17205,1.17205,1.17040,1.17044,2843
2025-06-26T20:00:00Z,1.17044,1.17084,1.16939,1.16999,2250
2025-06-26T21:00:00Z,1.17000,1.17020,1.16902,1.16956,2552
2025-06-26T22:00:00Z,1.16951,1.16980,1.16806,1.16829,2025
2025-06-26T23:00:00Z,1.16828,1.16980,1.16828,1.16930,1907
2025-06-27T00:00:00Z,1.16931,1.16980,1.16880,1.16917,5250
2025-06-27T01:00:00Z,1.16916,1.17041,1.16859,1.17011,4662
2025-06-27T02:00:00Z,1.17012,1.17055,1.16859,1.16996,4090
2025-06-27T03:00:00Z,1.16999,1.17093,1.16952,1.16959,3642
2025-06-27T04:00:00Z,1.16958,1.16980,1.16847,1.16849,2337
2025-06-27T05:00:00Z,1.16850,1.16935,1.16848,1.16889,2126
2025-06-27T06:00:00Z,1.16888,1.17188,1.16837,1.17186,4849
2025-06-27T07:00:00Z,1.17184,1.17269,1.17068,1.17145,4542
2025-06-27T08:00:00Z,1.17147,1.17260,1.17085,1.17094,3970
2025-06-27T09:00:00Z,1.17096,1.17111,1.17014,1.17091,3323
2025-06-27T10:00:00Z,1.17091,1.17153,1.17011,1.17137,3396
2025-06-27T11:00:00Z,1.17138,1.17201,1.17106,1.17140,3384
2025-06-27T12:00:00Z,1.17141,1.17494,1.17029,1.17468,9272
2025-06-27T13:00:00Z,1.17469,1.17539,1.17155,1.17278,7985
2025-06-27T14:00:00Z,1.17276,1.17383,1.17054,1.17182,7847
2025-06-27T15:00:00Z,1.17183,1.17302,1.17113,1.17235,4960
2025-06-27T16:00:00Z,1.17233,1.17321,1.17172,1.17222,3856
2025-06-27T17:00:00Z,1.17223,1.17239,1.16952,1.17020,6024
2025-06-27T18:00:00Z,1.17018,1.17056,1.16879,1.16995,4999
2025-06-27T19:00:00Z,1.16995,1.17089,1.16989,1.17066,3058
2025-06-27T20:00:00Z,1.17063,1.17205,1.17058,1.17162,2954
2025-06-29T21:00:00Z,1.17287,1.17312,1.17218,1.17309,356
2025-06-29T22:00:00Z,1.17304,1.17325,1.17215,1.17296,3094
2025-06-29T23:00:00Z,1.17297,1.17385,1.17259,1.17263,2947
2025-06-30T00:00:00Z,1.17264,1.17281,1.17158,1.17179,4295
2025-06-30T01:00:00Z,1.17180,1.17347,1.17149,1.17203,5005
2025-06-30T02:00:00Z,1.17200,1.17314,1.17179,1.17191,4362
2025-06-30T03:00:00Z,1.17189,1.17219,1.17115,1.17121,2255
2025-06-30T04:00:00Z,1.17123,1.17317,1.17120,1.17302,2254
2025-06-30T05:00:00Z,1.17301,1.17384,1.17232,1.17260,3935
2025-06-30T06:00:00Z,1.17262,1.17506,1.17207,1.17432,5339
2025-06-30T07:00:00Z,1.17431,1.17431,1.17245,1.17246,6116
2025-06-30T08:00:00Z,1.17243,1.17303,1.17135,1.17294,5372
2025-06-30T09:00:00Z,1.17291,1.17328,1.17172,1.17195,4142
2025-06-30T10:00:00Z,1.17194,1.17247,1.17165,1.17245,3381
2025-06-30T11:00:00Z,1.17245,1.17316,1.17224,1.17224,3096
2025-06-30T12:00:00Z,1.17227,1.17251,1.17075,1.17133,9120
2025-06-30T13:00:00Z,1.17133,1.17214,1.17119,1.17213,6824
2025-06-30T14:00:00Z,1.17211,1.17509,1.17107,1.17385,9953
2025-06-30T15:00:00Z,1.17385,1.17716,1.17334,1.17697,8125
2025-06-30T16:00:00Z,1.17694,1.17698,1.17488,1.17624,5990
2025-06-30T17:00:00Z,1.17622,1.17705,1.17603,1.17657,3071
2025-06-30T18:00:00Z,1.17657,1.17800,1.17646,1.17757,2689
2025-06-30T19:00:00Z,1.17755,1.17805,1.17723,1.17795,2180
2025-06-30T20:00:00Z,1.17796,1.17881,1.17774,1.17869,2346
2025-06-30T21:00:00Z,1.17865,1.17866,1.17778,1.17796,1492
2025-06-30T22:00:00Z,1.17800,1.17907,1.17775,1.17857,2451
2025-06-30T23:00:00Z,1.17855,1.17874,1.17832,1.17863,1601
2025-07-01T00:00:00Z,1.17862,1.17978,1.17861,1.17973,5061
2025-07-01T01:00:00Z,1.17974,1.18076,1.17793,1.17801,5180
2025-07-01T02:00:00Z,1.17799,1.17895,1.17776,1.17879,3274
2025-07-01T03:00:00Z,1.17878,1.17938,1.17866,1.17892,2737
2025-07-01T04:00:00Z,1.17894,1.17937,1.17826,1.17862,3325
2025-07-01T05:00:00Z,1.17862,1.17894,1.17801,1.17865,2114
2025-07-01T06:00:00Z,1.17864,1.17865,1.17758,1.17793,4335
2025-07-01T07:00:00Z,1.17793,1.17878,1.17673,1.17858,5219
2025-07-01T08:00:00Z,1.17856,1.18172,1.17743,1.18043,8356
2025-07-01T09:00:00Z,1.18041,1.18298,1.17966,1.18136,8140
2025-07-01T10:00:00Z,1.18137,1.18232,1.18109,1.18112,3959
2025-07-01T11:00:00Z,1.18113,1.18192,1.18058,1.18139,3896
2025-07-01T12:00:00Z,1.18137,1.18174,1.18023,1.18036,4752
2025-07-01T13:00:00Z,1.18037,1.18118,1.17931,1.18016,7534
2025-07-01T14:00:00Z,1.18017,1.18028,1.17751,1.17796,12612
2025-07-01T15:00:00Z,1.17794,1.17795,1.17689,1.17758,6766
2025-07-01T16:00:00Z,1.17757,1.17758,1.17611,1.17652,4927
2025-07-01T17:00:00Z,1.17654,1.17836,1.17654,1.17827,5370
2025-07-01T18:00:00Z,1.17826,1.17835,1.17749,1.17807,2182
2025-07-01T19:00:00Z,1.17806,1.17913,1.17792,1.17909,6145
2025-07-01T20:00:00Z,1.17908,1.18068,1.17906,1.18059,3445
2025-07-01T21:00:00Z,1.18053,1.18053,1.17993,1.18034,3749
2025-07-01T22:00:00Z,1.18033,1.18064,1.18020,1.18025,1157
2025-07-01T23:00:00Z,1.18026,1.18068,1.17992,1.18050,940
2025-07-02T00:00:00Z,1.18048,1.18081,1.17991,1.18076,2179
2025-07-02T01:00:00Z,1.18077,1.18098,1.17918,1.17934,5897
2025-07-02T02:00:00Z,1.17936,1.18015,1.17880,1.18002,5873
2025-07-02T03:00:00Z,1.18001,1.18027,1.17962,1.18002,1880
2025-07-02T04:00:00Z,1.18001,1.18011,1.17957,1.17963,870
2025-07-02T05:00:00Z,1.17962,1.17981,1.17846,1.17871,2068
2025-07-02T06:00:00Z,1.17875,1.17934,1.17734,1.17813,6481
2025-07-02T07:00:00Z,1.17812,1.17834,1.17708,1.17738,4775
2025-07-02T08:00:00Z,1.17737,1.17814,1.17698,1.17755,5092
2025-07-02T09:00:00Z,1.17756,1.17775,1.17670,1.17701,3895
2025-07-02T10:00:00Z,1.17702,1.17808,1.17645,1.17673,3535
2025-07-02T11:00:00Z,1.17673,1.17711,1.17467,1.17494,4328
2025-07-02T12:00:00Z,1.17494,1.17883,1.17470,1.17562,16330
2025-07-02T13:00:00Z,1.17561,1.17774,1.17546,1.17596,8724
2025-07-02T14:00:00Z,1.17596,1.17706,1.17508,1.17674,9409
2025-07-02T15:00:00Z,1.17672,1.17898,1.17658,1.17891,9390
2025-07-02T16:00:00Z,1.17891,1.17938,1.17855,1.17884,5985
2025-07-02T17:00:00Z,1.17885,1.18000,1.17884,1.17953,3398
2025-07-02T18:00:00Z,1.17951,1.18000,1.17931,1.17994,2284
2025-07-02T19:00:00Z,1.17992,1.18031,1.17952,1.18021,2200
2025-07-02T20:00:00Z,1.18021,1.18023,1.17954,1.17983,1470
2025-07-02T21:00:00Z,1.17981,1.17985,1.17869,1.17938,1587
2025-07-02T22:00:00Z,1.17932,1.17999,1.17932,1.17979,1260
2025-07-02T23:00:00Z,1.17980,1.18020,1.17969,1.17985,814
2025-07-03T00:00:00Z,1.17985,1.18087,1.17977,1.18064,4749
2025-07-03T01:00:00Z,1.18067,1.18100,1.18038,1.18042,2380
2025-07-03T02:00:00Z,1.18044,1.18047,1.17945,1.17977,1746
2025-07-03T03:00:00Z,1.17977,1.17991,1.17890,1.17916,1815
2025-07-03T04:00:00Z,1.17914,1.17931,1.17876,1.17891,1204
2025-07-03T05:00:00Z,1.17891,1.17960,1.17868,1.17959,2899
2025-07-03T06:00:00Z,1.17960,1.18027,1.17913,1.18021,5579
2025-07-03T07:00:00Z,1.18021,1.18099,1.17942,1.18012,6569
2025-07-03T08:00:00Z,1.18013,1.18082,1.17953,1.17977,4777
2025-07-03T09:00:00Z,1.17980,1.17980,1.17884,1.17921,4818
2025-07-03T10:00:00Z,1.17921,1.18000,1.17869,1.17930,3836
2025-07-03T11:00:00Z,1.17930,1.17967,1.17830,1.17847,3423
2025-07-03T12:00:00Z,1.17848,1.17897,1.17169,1.17382,20295
2025-07-03T13:00:00Z,1.17382,1.17794,1.17339,1.17735,13805
2025-07-03T14:00:00Z,1.17737,1.17897,1.17510,1.17532,11514
2025-07-03T15:00:00Z,1.17531,1.17661,1.17491,1.17568,6803
2025-07-03T16:00:00Z,1.17570,1.17579,1.17399,1.17522,3986
2025-07-03T17:00:00Z,1.17519,1.17582,1.17503,1.17539,1312
2025-07-03T18:00:00Z,1.17537,1.17562,1.17478,1.17486,1070
2025-07-03T19:00:00Z,1.17486,1.17522,1.17442,1.17476,553
2025-07-03T20:00:00Z,1.17475,1.17595,1.17464,1.17564,1321
2025-07-03T21:00:00Z,1.17560,1.17582,1.17524,1.17567,722
2025-07-03T22:00:00Z,1.17567,1.17593,1.17535,1.17593,1318
2025-07-03T23:00:00Z,1.17593,1.17712,1.17557,1.17688,2099
2025-07-04T00:00:00Z,1.17690,1.17705,1.17633,1.17669,4211
2025-07-04T01:00:00Z,1.17671,1.17694,1.17561,1.17594,4439
2025-07-04T02:00:00Z,1.17594,1.17706,1.17594,1.17652,1742
2025-07-04T03:00:00Z,1.17652,1.17725,1.17645,1.17701,1537
2025-07-04T04:00:00Z,1.17700,1.17800,1.17693,1.17799,2271
2025-07-04T05:00:00Z,1.17800,1.17854,1.17797,1.17839,1902
2025-07-04T06:00:00Z,1.17839,1.17847,1.17741,1.17810,4671
2025-07-04T07:00:00Z,1.17810,1.17826,1.17675,1.17696,5070
2025-07-04T08:00:00Z,1.17698,1.17774,1.17679,1.17744,3923
2025-07-04T09:00:00Z,1.17742,1.17819,1.17720,1.17782,3604
2025-07-04T10:00:00Z,1.17780,1.17808,1.17748,1.17776,2742
2025-07-04T11:00:00Z,1.17777,1.17820,1.17683,1.17687,2903
2025-07-04T12:00:00Z,1.17689,1.17716,1.17636,1.17666,2818
2025-07-04T13:00:00Z,1.17663,1.17808,1.17663,1.17793,1862
2025-07-04T14:00:00Z,1.17794,1.17873,1.17751,1.17784,2742
2025-07-04T15:00:00Z,1.17782,1.17843,1.17758,1.17783,1868
2025-07-04T16:00:00Z,1.17783,1.17815,1.17735,1.17742,2177
2025-07-04T17:00:00Z,1.17742,1.17776,1.17718,1.17755,8497
2025-07-04T18:00:00Z,1.17755,1.17792,1.17739,1.17788,3294
2025-07-04T19:00:00Z,1.17788,1.17797,1.17725,1.17748,6162
2025-07-04T20:00:00Z,1.17747,1.17829,1.17719,1.17719,15668
2025-07-06T21:00:00Z,1.17793,1.17825,1.17775,1.17789,507
2025-07-06T22:00:00Z,1.17792,1.17816,1.17732,1.17796,1198
2025-07-06T23:00:00Z,1.17800,1.17821,1.17750,1.17800,930
2025-07-07T00:00:00Z,1.17805,1.17901,1.17787,1.17799,2878
2025-07-07T01:00:00Z,1.17797,1.17805,1.17698,1.17718,2665
2025-07-07T02:00:00Z,1.17720,1.17753,1.17644,1.17673,2528
2025-07-07T03:00:00Z,1.17671,1.17741,1.17663,1.17689,2300
2025-07-07T04:00:00Z,1.17689,1.17723,1.17639,1.17659,2186
2025-07-07T05:00:00Z,1.17660,1.17737,1.17633,1.17712,2022
2025-07-07T06:00:00Z,1.17711,1.17733,1.17499,1.17557,4805
2025-07-07T07:00:00Z,1.17559,1.17585,1.17452,1.17456,7315
2025-07-07T08:00:00Z,1.17455,1.17473,1.17232,1.17241,6688
2025-07-07T09:00:00Z,1.17240,1.17345,1.17220,1.17339,3320
2025-07-07T10:00:00Z,1.17340,1.17359,1.17230,1.17275,4353
2025-07-07T11:00:00Z,1.17274,1.17341,1.17247,1.17294,3833
2025-07-07T12:00:00Z,1.17293,1.17310,1.17179,1.17223,3406
2025-07-07T13:00:00Z,1.17223,1.17408,1.17219,1.17351,5844
2025-07-07T14:00:00Z,1.17351,1.17453,1.17329,1.17386,4661
2025-07-07T15:00:00Z,1.17387,1.17403,1.17302,1.17327,3670
2025-07-07T16:00:00Z,1.17330,1.17396,1.16873,1.16939,8231
2025-07-07T17:00:00Z,1.16942,1.17134,1.16868,1.17067,8826
2025-07-07T18:00:00Z,1.17066,1.17198,1.17000,1.17187,10901
2025-07-07T19:00:00Z,1.17186,1.17237,1.17162,1.17193,7951
2025-07-07T20:00:00Z,1.17193,1.17212,1.17065,1.17077,4198
2025-07-07T21:00:00Z,1.17075,1.17101,1.17063,1.17088,741
2025-07-07T22:00:00Z,1.17088,1.17374,1.17088,1.17350,1831
2025-07-07T23:00:00Z,1.17352,1.17386,1.17315,1.17363,1694
2025-07-08T00:00:00Z,1.17365,1.17478,1.17364,1.17434,6026
2025-07-08T01:00:00Z,1.17434,1.17445,1.17305,1.17381,3377
2025-07-08T02:00:00Z,1.17380,1.17484,1.17361,1.17381,4155
2025-07-08T03:00:00Z,1.17382,1.17487,1.17367,1.17467,2618
2025-07-08T04:00:00Z,1.17467,1.17500,1.17405,1.17413,2857
2025-07-08T05:00:00Z,1.17413,1.17446,1.17335,1.17346,4016
2025-07-08T06:00:00Z,1.17346,1.17446,1.17315,1.17417,4064
2025-07-08T07:00:00Z,1.17419,1.17650,1.17417,1.17599,4508
2025-07-08T08:00:00Z,1.17598,1.17605,1.17474,1.17487,4388
2025-07-08T09:00:00Z,1.17487,1.17504,1.17387,1.17418,2734
2025-07-08T10:00:00Z,1.17420,1.17422,1.17232,1.17278,3232
2025-07-08T11:00:00Z,1.17278,1.17383,1.17212,1.17218,3930
2025-07-08T12:00:00Z,1.17217,1.17244,1.17138,1.17208,6977
2025-07-08T13:00:00Z,1.17207,1.17220,1.16936,1.17049,9312
2025-07-08T14:00:00Z,1.17049,1.17064,1.16825,1.16920,16454
2025-07-08T15:00:00Z,1.16920,1.17125,1.16895,1.17067,5611
2025-07-08T16:00:00Z,1.17067,1.17129,1.16962,1.17085,6427
2025-07-08T17:00:00Z,1.17084,1.17258,1.17074,1.17242,5013
2025-07-08T18:00:00Z,1.17244,1.17285,1.17182,1.17252,2799
2025-07-08T19:00:00Z,1.17255,1.17296,1.17194,1.17243,2456
2025-07-08T20:00:00Z,1.17242,1.17287,1.17224,1.17246,2313
2025-07-08T21:00:00Z,1.17241,1.17243,1.17135,1.17202,3854
2025-07-08T22:00:00Z,1.17201,1.17291,1.17201,1.17284,957
2025-07-08T23:00:00Z,1.17288,1.17288,1.17217,1.17233,874
2025-07-09T00:00:00Z,1.17233,1.17258,1.17173,1.17242,5688
2025-07-09T01:00:00Z,1.17243,1.17254,1.17168,1.17204,5981
2025-07-09T02:00:00Z,1.17203,1.17253,1.17047,1.17111,5530
2025-07-09T03:00:00Z,1.17111,1.17116,1.17027,1.17038,4064
2025-07-09T04:00:00Z,1.17035,1.17136,1.17015,1.17122,2458
2025-07-09T05:00:00Z,1.17121,1.17213,1.17107,1.17166,1995
2025-07-09T06:00:00Z,1.17167,1.17284,1.17124,1.17258,3712
2025-07-09T07:00:00Z,1.17260,1.17283,1.17042,1.17076,5664
2025-07-09T08:00:00Z,1.17073,1.17199,1.17021,1.17133,5350
2025-07-09T09:00:00Z,1.17133,1.17197,1.17073,1.17133,3781
2025-07-09T10:00:00Z,1.17133,1.17175,1.17015,1.17018,4076
2025-07-09T11:00:00Z,1.17017,1.17064,1.16895,1.16909,3109
2025-07-09T12:00:00Z,1.16911,1.17168,1.16911,1.17152,6872
2025-07-09T13:00:00Z,1.17153,1.17224,1.17005,1.17033,6004
2025-07-09T14:00:00Z,1.17034,1.17245,1.17027,1.17147,6568
2025-07-09T15:00:00Z,1.17146,1.17163,1.17049,1.17060,3423
2025-07-09T16:00:00Z,1.17062,1.17089,1.17007,1.17048,1908
2025-07-09T17:00:00Z,1.17048,1.17108,1.17037,1.17089,1904
2025-07-09T18:00:00Z,1.17090,1.17178,1.17050,1.17132,2862
2025-07-09T19:00:00Z,1.17133,1.17232,1.17128,1.17190,1723
2025-07-09T20:00:00Z,1.17188,1.17237,1.17117,1.17200,1481
2025-07-09T21:00:00Z,1.17200,1.17215,1.17123,1.17214,1278
2025-07-09T22:00:00Z,1.17212,1.17249,1.17211,1.17243,527
2025-07-09T23:00:00Z,1.17244,1.17396,1.17228,1.17378,998
2025-07-10T00:00:00Z,1.17375,1.17494,1.17354,1.17436,4514
2025-07-10T01:00:00Z,1.17436,1.17443,1.17378,1.17406,2959
2025-07-10T02:00:00Z,1.17406,1.17445,1.17372,1.17389,3614
2025-07-10T03:00:00Z,1.17390,1.17399,1.17336,1.17338,2363
2025-07-10T04:00:00Z,1.17339,1.17359,1.17302,1.17349,1485
2025-07-10T05:00:00Z,1.17348,1.17408,1.17345,1.17391,1844
2025-07-10T06:00:00Z,1.17392,1.17433,1.17292,1.17327,3820
2025-07-10T07:00:00Z,1.17325,1.17378,1.17260,1.17331,4535
2025-07-10T08:00:00Z,1.17329,1.17341,1.17259,1.17276,9429
2025-07-10T09:00:00Z,1.17277,1.17343,1.17277,1.17308,8359
2025-07-10T10:00:00Z,1.17311,1.17340,1.17273,1.17282,3919
2025-07-10T11:00:00Z,1.17282,1.17293,1.17079,1.17114,4341
2025-07-10T12:00:00Z,1.17117,1.17140,1.17015,1.17063,6913
2025-07-10T13:00:00Z,1.17065,1.17146,1.16866,1.16925,6886
2025-07-10T14:00:00Z,1.16925,1.16938,1.16623,1.16796,12273
2025-07-10T15:00:00Z,1.16796,1.16884,1.16739,1.16872,9695
2025-07-10T16:00:00Z,1.16873,1.16902,1.16822,1.16854,8633
2025-07-10T17:00:00Z,1.16854,1.16913,1.16815,1.16891,3419
2025-07-10T18:00:00Z,1.16890,1.16947,1.16877,1.16920,1816
2025-07-10T19:00:00Z,1.16919,1.16989,1.16897,1.16955,1870
2025-07-10T20:00:00Z,1.16955,1.17005,1.16944,1.17002,1386
2025-07-10T21:00:00Z,1.16997,1.17033,1.16954,1.17031,1472
2025-07-10T22:00:00Z,1.17031,1.17071,1.17021,1.17055,1031
2025-07-10T23:00:00Z,1.17055,1.17060,1.16996,1.17018,1178
2025-07-11T00:00:00Z,1.17016,1.17047,1.16645,1.16746,9521
2025-07-11T01:00:00Z,1.16746,1.16858,1.16685,1.16750,4991
2025-07-11T02:00:00Z,1.16750,1.16779,1.16708,1.16710,2277
2025-07-11T03:00:00Z,1.16711,1.16843,1.16702,1.16817,1511
2025-07-11T04:00:00Z,1.16815,1.16826,1.16691,1.16761,1952
2025-07-11T05:00:00Z,1.16761,1.16841,1.16749,1.16780,2976
2025-07-11T06:00:00Z,1.16783,1.16846,1.16700,1.16747,4465
2025-07-11T07:00:00Z,1.16745,1.16958,1.16745,1.16889,4281
2025-07-11T08:00:00Z,1.16890,1.16922,1.16794,1.16821,4686
2025-07-11T09:00:00Z,1.16820,1.16954,1.16812,1.16950,3375
2025-07-11T10:00:00Z,1.16948,1.16967,1.16873,1.16924,4288
2025-07-11T11:00:00Z,1.16924,1.17011,1.16862,1.16878,4817
2025-07-11T12:00:00Z,1.16876,1.17000,1.16823,1.16885,5389
2025-07-11T13:00:00Z,1.16885,1.17138,1.16864,1.16886,7008
2025-07-11T14:00:00Z,1.16886,1.16943,1.16741,1.16919,5842
2025-07-11T15:00:00Z,1.16919,1.17040,1.16892,1.16961,4239
2025-07-11T16:00:00Z,1.16958,1.16978,1.16887,1.16913,3720
2025-07-11T17:00:00Z,1.16914,1.16947,1.16863,1.16932,2297
2025-07-11T18:00:00Z,1.16935,1.16958,1.16883,1.16883,2629
2025-07-11T19:00:00Z,1.16885,1.16919,1.16856,1.16878,2738
2025-07-11T20:00:00Z,1.16880,1.16936,1.16787,1.16852,2600
2025-07-13T21:00:00Z,1.16658,1.16736,1.16611,1.16677,857
2025-07-13T22:00:00Z,1.16676,1.16843,1.16629,1.16644,3111
2025-07-13T23:00:00Z,1.16643,1.16826,1.16630,1.16822,2033
2025-07-14T00:00:00Z,1.16822,1.16939,1.16817,1.16932,3423
2025-07-14T01:00:00Z,1.16932,1.16978,1.16838,1.16846,3091
2025-07-14T02:00:00Z,1.16846,1.16901,1.16725,1.16744,3176
2025-07-14T03:00:00Z,1.16745,1.16847,1.16732,1.16809,2399
2025-07-14T04:00:00Z,1.16808,1.16816,1.16747,1.16748,1554
2025-07-14T05:00:00Z,1.16747,1.16783,1.16648,1.16693,2772
2025-07-14T06:00:00Z,1.16694,1.16700,1.16541,1.16635,3649
2025-07-14T07:00:00Z,1.16635,1.16874,1.16628,1.16857,4276
2025-07-14T08:00:00Z,1.16855,1.16887,1.16800,1.16823,4629
2025-07-14T09:00:00Z,1.16823,1.16919,1.16793,1.16909,3731
2025-07-14T10:00:00Z,1.16911,1.16950,1.16878,1.16946,3146
2025-07-14T11:00:00Z,1.16948,1.16970,1.16863,1.16887,3895
2025-07-14T12:00:00Z,1.16885,1.16917,1.16800,1.16855,3483
2025-07-14T13:00:00Z,1.16855,1.16865,1.16746,1.16818,3623
2025-07-14T14:00:00Z,1.16817,1.16942,1.16783,1.16833,4241
2025-07-14T15:00:00Z,1.16835,1.16958,1.16668,1.16710,5049
2025-07-14T16:00:00Z,1.16710,1.16756,1.16602,1.16623,4335
2025-07-14T17:00:00Z,1.16621,1.16667,1.16590,1.16627,1956
2025-07-14T18:00:00Z,1.16626,1.16729,1.16626,1.16701,8526
2025-07-14T19:00:00Z,1.16698,1.16718,1.16645,1.16678,8380
2025-07-14T20:00:00Z,1.16679,1.16689,1.16628,1.16640,1375
2025-07-14T21:00:00Z,1.16635,1.16646,1.16600,1.16631,1384
2025-07-14T22:00:00Z,1.16631,1.16676,1.16631,1.16663,544
2025-07-14T23:00:00Z,1.16663,1.16669,1.16602,1.16650,1121
2025-07-15T00:00:00Z,1.16650,1.16772,1.16646,1.16720,3441
2025-07-15T01:00:00Z,1.16721,1.16743,1.16658,1.16687,3715
2025-07-15T02:00:00Z,1.16691,1.16748,1.16649,1.16742,5543
2025-07-15T03:00:00Z,1.16743,1.16775,1.16729,1.16756,3026
2025-07-15T04:00:00Z,1.16758,1.16799,1.16738,1.16758,978
2025-07-15T05:00:00Z,1.16760,1.16861,1.16758,1.16855,1947
2025-07-15T06:00:00Z,1.16855,1.16879,1.16742,1.16777,4225
2025-07-15T07:00:00Z,1.16775,1.16925,1.16716,1.16903,4462
2025-07-15T08:00:00Z,1.16902,1.16912,1.16816,1.16863,2966
2025-07-15T09:00:00Z,1.16867,1.16910,1.16811,1.16849,2752
2025-07-15T10:00:00Z,1.16850,1.16873,1.16762,1.16838,2426
2025-07-15T11:00:00Z,1.16837,1.16841,1.16675,1.16695,2815
2025-07-15T12:00:00Z,1.16694,1.16910,1.16621,1.16778,13065
2025-07-15T13:00:00Z,1.16778,1.16790,1.16390,1.16429,13824
2025-07-15T14:00:00Z,1.16430,1.16441,1.16151,1.16183,24843
2025-07-15T15:00:00Z,1.16185,1.16186,1.16007,1.16178,7392
2025-07-15T16:00:00Z,1.16179,1.16203,1.15937,1.15960,5972
2025-07-15T17:00:00Z,1.15961,1.16010,1.15927,1.15967,2391
2025-07-15T18:00:00Z,1.15964,1.16052,1.15954,1.16030,7693
2025-07-15T19:00:00Z,1.16030,1.16034,1.15991,1.16008,2272
2025-07-15T20:00:00Z,1.16007,1.16038,1.15992,1.16005,907
2025-07-15T21:00:00Z,1.15999,1.16002,1.15970,1.15988,775
2025-07-15T22:00:00Z,1.15991,1.16042,1.15979,1.16042,1057
2025-07-15T23:00:00Z,1.16039,1.16077,1.16028,1.16070,631
2025-07-16T00:00:00Z,1.16073,1.16132,1.16023,1.16077,3878
2025-07-16T01:00:00Z,1.16078,1.16152,1.16062,1.16134,2550
2025-07-16T02:00:00Z,1.16134,1.16136,1.16070,1.16101,1681
2025-07-16T03:00:00Z,1.16105,1.16152,1.16058,1.16108,2229
2025-07-16T04:00:00Z,1.16109,1.16197,1.16100,1.16195,3310
2025-07-16T05:00:00Z,1.16195,1.16206,1.16144,1.16204,2478
2025-07-16T06:00:00Z,1.16202,1.16277,1.16185,1.16274,4518
2025-07-16T07:00:00Z,1.16274,1.16281,1.16127,1.16184,4532
2025-07-16T08:00:00Z,1.16182,1.16256,1.16178,1.16253,3301
2025-07-16T09:00:00Z,1.16252,1.16264,1.16130,1.16154,2879
2025-07-16T10:00:00Z,1.16156,1.16188,1.16090,1.16169,2545
2025-07-16T11:00:00Z,1.16170,1.16209,1.16008,1.16034,5575
2025-07-16T12:00:00Z,1.16036,1.16127,1.15928,1.15984,10992
2025-07-16T13:00:00Z,1.15983,1.16028,1.15631,1.15723,10089
2025-07-16T14:00:00Z,1.15725,1.16058,1.15623,1.15925,15631
2025-07-16T15:00:00Z,1.15923,1.17212,1.15921,1.16286,35514
2025-07-16T16:00:00Z,1.16281,1.16561,1.16155,1.16390,15395
2025-07-16T17:00:00Z,1.16391,1.16584,1.16361,1.16413,6565
2025-07-16T18:00:00Z,1.16414,1.16444,1.16272,1.16279,3759
2025-07-16T19:00:00Z,1.16282,1.16369,1.16203,1.16357,3314
2025-07-16T20:00:00Z,1.16356,1.16425,1.16333,1.16377,1898
2025-07-16T21:00:00Z,1.16390,1.16394,1.16328,1.16349,2127
2025-07-16T22:00:00Z,1.16345,1.16424,1.16334,1.16362,1418
2025-07-16T23:00:00Z,1.16363,1.16398,1.16332,1.16353,3001
2025-07-17T00:00:00Z,1.16353,1.16361,1.16172,1.16237,11044
2025-07-17T01:00:00Z,1.16238,1.16288,1.16136,1.16276,10136
2025-07-17T02:00:00Z,1.16276,1.16277,1.16166,1.16180,5841
2025-07-17T03:00:00Z,1.16182,1.16194,1.16138,1.16188,3467
2025-07-17T04:00:00Z,1.16189,1.16243,1.16159,1.16242,2587
2025-07-17T05:00:00Z,1.16241,1.16271,1.16166,1.16168,3106
2025-07-17T06:00:00Z,1.16168,1.16176,1.15733,1.15829,8313
2025-07-17T07:00:00Z,1.15833,1.15965,1.15739,1.15905,5345
2025-07-17T08:00:00Z,1.15905,1.16052,1.15895,1.16010,3910
2025-07-17T09:00:00Z,1.16012,1.16044,1.15887,1.15907,2935
2025-07-17T10:00:00Z,1.15905,1.15912,1.15834,1.15858,2092
2025-07-17T11:00:00Z,1.15859,1.15898,1.15700,1.15744,2609
2025-07-17T12:00:00Z,1.15743,1.15924,1.15566,1.15870,12759
2025-07-17T13:00:00Z,1.15872,1.15983,1.15802,1.15863,6519
2025-07-17T14:00:00Z,1.15864,1.15926,1.15777,1.15878,5230
2025-07-17T15:00:00Z,1.15877,1.16024,1.15853,1.15962,4691
2025-07-17T16:00:00Z,1.15962,1.16018,1.15833,1.15860,3571
2025-07-17T17:00:00Z,1.15859,1.15906,1.15821,1.15849,2592
2025-07-17T18:00:00Z,1.15849,1.15878,1.15799,1.15843,2283
2025-07-17T19:00:00Z,1.15842,1.15996,1.15842,1.15975,2429
2025-07-17T20:00:00Z,1.15974,1.16001,1.15940,1.15955,1129
2025-07-17T21:00:00Z,1.15956,1.15987,1.15901,1.15975,698
2025-07-17T22:00:00Z,1.15976,1.16191,1.15973,1.16167,1945
2025-07-17T23:00:00Z,1.16170,1.16196,1.16143,1.16150,1946
2025-07-18T00:00:00Z,1.16151,1.16275,1.16143,1.16244,3234
2025-07-18T01:00:00Z,1.16247,1.16340,1.16200,1.16288,3259
2025-07-18T02:00:00Z,1.16288,1.16311,1.16240,1.16291,2374
2025-07-18T03:00:00Z,1.16291,1.16317,1.16220,1.16237,1205
2025-07-18T04:00:00Z,1.16237,1.16239,1.16180,1.16192,1184
2025-07-18T05:00:00Z,1.16190,1.16205,1.16121,1.16167,1716
2025-07-18T06:00:00Z,1.16168,1.16223,1.16119,1.16203,3365
2025-07-18T07:00:00Z,1.16204,1.16312,1.16199,1.16288,3703
2025-07-18T08:00:00Z,1.16287,1.16456,1.16281,1.16355,4222
2025-07-18T09:00:00Z,1.16356,1.16428,1.16332,1.16335,3352
2025-07-18T10:00:00Z,1.16333,1.16419,1.16319,1.16400,2930
2025-07-18T11:00:00Z,1.16399,1.16478,1.16395,1.16442,3686
2025-07-18T12:00:00Z,1.16442,1.16584,1.16431,1.16560,5892
2025-07-18T13:00:00Z,1.16561,1.16677,1.16478,1.16659,7058
2025-07-18T14:00:00Z,1.16661,1.16716,1.16442,1.16478,11001
2025-07-18T15:00:00Z,1.16478,1.16576,1.16427,1.16445,4985
2025-07-18T16:00:00Z,1.16446,1.16487,1.16262,1.16284,4646
2025-07-18T17:00:00Z,1.16283,1.16296,1.16177,1.16267,2654
2025-07-18T18:00:00Z,1.16269,1.16280,1.16193,1.16216,1800
2025-07-18T19:00:00Z,1.16217,1.16230,1.16170,1.16223,1465
2025-07-18T20:00:00Z,1.16219,1.16280,1.16189,1.16207,1900
2025-07-20T21:00:00Z,1.16236,1.16338,1.16231,1.16328,987
2025-07-20T22:00:00Z,1.16336,1.16340,1.16221,1.16259,2892
2025-07-20T23:00:00Z,1.16260,1.16316,1.16244,1.16294,933
2025-07-21T00:00:00Z,1.16296,1.16362,1.16188,1.16191,1973
2025-07-21T01:00:00Z,1.16187,1.16252,1.16156,1.16173,2518
2025-07-21T02:00:00Z,1.16171,1.16241,1.16145,1.16215,2602
2025-07-21T03:00:00Z,1.16216,1.16255,1.16199,1.16253,2603
2025-07-21T04:00:00Z,1.16251,1.16300,1.16230,1.16290,3233
2025-07-21T05:00:00Z,1.16289,1.16351,1.16276,1.16333,2703
2025-07-21T06:00:00Z,1.16334,1.16427,1.16291,1.16411,3264
2025-07-21T07:00:00Z,1.16413,1.16472,1.16354,1.16434,10296
2025-07-21T08:00:00Z,1.16433,1.16522,1.16363,1.16422,10020
2025-07-21T09:00:00Z,1.16424,1.16485,1.16383,1.16446,3037
2025-07-21T10:00:00Z,1.16449,1.16460,1.16336,1.16456,2891
2025-07-21T11:00:00Z,1.16455,1.16698,1.16444,1.16676,3815
2025-07-21T12:00:00Z,1.16674,1.16733,1.16624,1.16650,4793
2025-07-21T13:00:00Z,1.16648,1.16654,1.16577,1.16648,3422
2025-07-21T14:00:00Z,1.16645,1.16984,1.16639,1.16965,7324
2025-07-21T15:00:00Z,1.16963,1.17166,1.16954,1.17045,6407
2025-07-21T16:00:00Z,1.17045,1.17055,1.16954,1.16999,3496
2025-07-21T17:00:00Z,1.16998,1.17015,1.16858,1.16908,2492
2025-07-21T18:00:00Z,1.16907,1.16950,1.16868,1.16935,1939
2025-07-21T19:00:00Z,1.16936,1.16960,1.16891,1.16894,1797
2025-07-21T20:00:00Z,1.16893,1.16966,1.16881,1.16908,1332
2025-07-21T21:00:00Z,1.16908,1.16942,1.16890,1.16900,1069
2025-07-21T22:00:00Z,1.16899,1.16946,1.16899,1.16942,886
2025-07-21T23:00:00Z,1.16942,1.16957,1.16904,1.16945,697
2025-07-22T00:00:00Z,1.16950,1.16953,1.16832,1.16884,3149
2025-07-22T01:00:00Z,1.16885,1.16902,1.16823,1.16879,2061
2025-07-22T02:00:00Z,1.16880,1.16955,1.16878,1.16906,1961
2025-07-22T03:00:00Z,1.16910,1.16910,1.16851,1.16871,1123
2025-07-22T04:00:00Z,1.16873,1.16944,1.16858,1.16882,1434
2025-07-22T05:00:00Z,1.16883,1.16921,1.16830,1.16871,1767
2025-07-22T06:00:00Z,1.16867,1.16922,1.16839,1.16907,2834
2025-07-22T07:00:00Z,1.16907,1.16921,1.16815,1.16857,4342
2025-07-22T08:00:00Z,1.16857,1.17033,1.16837,1.16984,4252
2025-07-22T09:00:00Z,1.16984,1.17068,1.16932,1.17051,3235
2025-07-22T10:00:00Z,1.17052,1.17092,1.16995,1.17017,2698
2025-07-22T11:00:00Z,1.17019,1.17037,1.16942,1.17014,3872
2025-07-22T12:00:00Z,1.17013,1.17047,1.16829,1.16905,4855
2025-07-22T13:00:00Z,1.16906,1.17044,1.16788,1.17040,7221
2025-07-22T14:00:00Z,1.17040,1.17265,1.16907,1.17224,8998
2025-07-22T15:00:00Z,1.17222,1.17488,1.17144,1.17477,7268
2025-07-22T16:00:00Z,1.17480,1.17607,1.17446,1.17548,4400
2025-07-22T17:00:00Z,1.17549,1.17554,1.17431,1.17458,2342
2025-07-22T18:00:00Z,1.17458,1.17481,1.17417,1.17477,1957
2025-07-22T19:00:00Z,1.17477,1.17525,1.17448,1.17514,1591
2025-07-22T20:00:00Z,1.17513,1.17547,1.17450,1.17538,1597
2025-07-22T21:00:00Z,1.17537,1.17540,1.17481,1.17485,751
2025-07-22T22:00:00Z,1.17485,1.17509,1.17463,1.17479,1086
2025-07-22T23:00:00Z,1.17482,1.17559,1.17361,1.17378,2360
2025-07-23T00:00:00Z,1.17377,1.17479,1.17335,1.17470,4827
2025-07-23T01:00:00Z,1.17472,1.17488,1.17303,1.17370,3004
2025-07-23T02:00:00Z,1.17369,1.17419,1.17328,1.17347,3975
2025-07-23T03:00:00Z,1.17346,1.17460,1.17338,1.17387,2517
2025-07-23T04:00:00Z,1.17389,1.17397,1.17319,1.17347,1993
2025-07-23T05:00:00Z,1.17350,1.17375,1.17273,1.17303,2395
2025-07-23T06:00:00Z,1.17302,1.17424,1.17300,1.17422,4395
2025-07-23T07:00:00Z,1.17421,1.17527,1.17339,1.17419,5128
2025-07-23T08:00:00Z,1.17419,1.17479,1.17308,1.17327,3906
2025-07-23T09:00:00Z,1.17325,1.17393,1.17300,1.17357,4367
2025-07-23T10:00:00Z,1.17356,1.17363,1.17229,1.17259,4049
2025-07-23T11:00:00Z,1.17257,1.17312,1.17232,1.17257,4571
2025-07-23T12:00:00Z,1.17257,1.17328,1.17198,1.17250,4508
2025-07-23T13:00:00Z,1.17249,1.17302,1.17109,1.17260,6038
2025-07-23T14:00:00Z,1.17260,1.17376,1.17233,1.17335,5513
2025-07-23T15:00:00Z,1.17335,1.17579,1.17214,1.17466,7253
2025-07-23T16:00:00Z,1.17467,1.17606,1.17429,1.17509,10993
2025-07-23T17:00:00Z,1.17512,1.17647,1.17452,1.17596,4975
2025-07-23T18:00:00Z,1.17596,1.17737,1.17596,1.17712,3305
2025-07-23T19:00:00Z,1.17714,1.17749,1.17680,1.17732,1747
2025-07-23T20:00:00Z,1.17733,1.17751,1.17662,1.17678,2182
2025-07-23T21:00:00Z,1.17679,1.17740,1.17672,1.17686,2237
2025-07-23T22:00:00Z,1.17686,1.17747,1.17676,1.17731,1397
2025-07-23T23:00:00Z,1.17734,1.17789,1.17728,1.17733,832
2025-07-24T00:00:00Z,1.17732,1.17736,1.17621,1.17670,3130
2025-07-24T01:00:00Z,1.17668,1.17793,1.17668,1.17748,5862
2025-07-24T02:00:00Z,1.17751,1.17783,1.17707,1.17765,3870
2025-07-24T03:00:00Z,1.17765,1.17800,1.17737,1.17750,2373
2025-07-24T04:00:00Z,1.17748,1.17777,1.17728,1.17740,1389
2025-07-24T05:00:00Z,1.17740,1.17781,1.17703,1.17706,1637
2025-07-24T06:00:00Z,1.17707,1.17728,1.17570,1.17570,4061
2025-07-24T07:00:00Z,1.17570,1.17693,1.17550,1.17612,5629
2025-07-24T08:00:00Z,1.17617,1.17679,1.17554,1.17579,4055
2025-07-24T09:00:00Z,1.17578,1.17592,1.17464,1.17522,3426
2025-07-24T10:00:00Z,1.17522,1.17545,1.17433,1.17490,2446
2025-07-24T11:00:00Z,1.17491,1.17563,1.17454,1.17558,3421
2025-07-24T12:00:00Z,1.17558,1.17584,1.17320,1.17360,6389
2025-07-24T13:00:00Z,1.17361,1.17767,1.17303,1.17711,10782
2025-07-24T14:00:00Z,1.17710,1.17887,1.17615,1.17658,8465
2025-07-24T15:00:00Z,1.17662,1.17782,1.17552,1.17645,6554
2025-07-24T16:00:00Z,1.17647,1.17723,1.17568,1.17624,3618
2025-07-24T17:00:00Z,1.17625,1.17779,1.17603,1.17697,3088
2025-07-24T18:00:00Z,1.17695,1.17709,1.17622,1.17658,1772
2025-07-24T19:00:00Z,1.17659,1.17700,1.17579,1.17581,1576
2025-07-24T20:00:00Z,1.17580,1.17599,1.17450,1.17465,2487
2025-07-24T21:00:00Z,1.17465,1.17498,1.17350,1.17466,1679
2025-07-24T22:00:00Z,1.17467,1.17528,1.17442,1.17517,1135
2025-07-24T23:00:00Z,1.17517,1.17572,1.17497,1.17545,870
2025-07-25T00:00:00Z,1.17548,1.17585,1.17487,1.17543,2560
2025-07-25T01:00:00Z,1.17544,1.17583,1.17391,1.17430,3527
2025-07-25T02:00:00Z,1.17429,1.17436,1.17339,1.17391,2032
2025-07-25T03:00:00Z,1.17389,1.17451,1.17365,1.17425,2518
2025-07-25T04:00:00Z,1.17423,1.17461,1.17344,1.17399,1531
2025-07-25T05:00:00Z,1.17399,1.17491,1.17371,1.17468,2982
2025-07-25T06:00:00Z,1.17464,1.17609,1.17415,1.17476,4390
2025-07-25T07:00:00Z,1.17476,1.17592,1.17475,1.17524,5844
2025-07-25T08:00:00Z,1.17524,1.17578,1.17413,1.17430,6634
2025-07-25T09:00:00Z,1.17430,1.17434,1.17327,1.17349,3919
2025-07-25T10:00:00Z,1.17348,1.17373,1.17244,1.17283,3575
2025-07-25T11:00:00Z,1.17279,1.17307,1.17112,1.17208,6407
2025-07-25T12:00:00Z,1.17211,1.17271,1.17114,1.17181,4566
2025-07-25T13:00:00Z,1.17182,1.17301,1.17028,1.17214,12851
2025-07-25T14:00:00Z,1.17218,1.17353,1.17214,1.17294,5937
2025-07-25T15:00:00Z,1.17292,1.17386,1.17219,1.17287,4002
2025-07-25T16:00:00Z,1.17292,1.17305,1.17202,1.17287,3258
2025-07-25T17:00:00Z,1.17286,1.17393,1.17286,1.17361,2196
2025-07-25T18:00:00Z,1.17363,1.17466,1.17355,1.17454,2480
2025-07-25T19:00:00Z,1.17453,1.17469,1.17412,1.17436,1276
2025-07-25T20:00:00Z,1.17436,1.17437,1.17374,1.17396,1937
2025-07-27T21:00:00Z,1.17552,1.17639,1.17515,1.17608,629
2025-07-27T22:00:00Z,1.17608,1.17686,1.17507,1.17549,2391
2025-07-27T23:00:00Z,1.17550,1.17603,1.17537,1.17554,1374
2025-07-28T00:00:00Z,1.17554,1.17700,1.17546,1.17637,3201
2025-07-28T01:00:00Z,1.17639,1.17697,1.17473,1.17523,3172
2025-07-28T02:00:00Z,1.17523,1.17570,1.17463,1.17548,1764
2025-07-28T03:00:00Z,1.17547,1.17569,1.17508,1.17562,1376
2025-07-28T04:00:00Z,1.17563,1.17579,1.17455,1.17470,1736
2025-07-28T05:00:00Z,1.17470,1.17476,1.17397,1.17405,1645
2025-07-28T06:00:00Z,1.17405,1.17444,1.17110,1.17211,6572
2025-07-28T07:00:00Z,1.17212,1.17238,1.16703,1.16745,8364
2025-07-28T08:00:00Z,1.16745,1.16902,1.16710,1.16790,5017
2025-07-28T09:00:00Z,1.16789,1.16841,1.16580,1.16668,5213
2025-07-28T10:00:00Z,1.16668,1.16719,1.16549,1.16579,4309
2025-07-28T11:00:00Z,1.16580,1.16582,1.16435,1.16510,8615
2025-07-28T12:00:00Z,1.16511,1.16649,1.16481,1.16577,7220
2025-07-28T13:00:00Z,1.16578,1.16620,1.16256,1.16330,6877
2025-07-28T14:00:00Z,1.16329,1.16472,1.16307,1.16371,7545
2025-07-28T15:00:00Z,1.16370,1.16389,1.16078,1.16086,6099
2025-07-28T16:00:00Z,1.16088,1.16107,1.15983,1.15991,3446
2025-07-28T17:00:00Z,1.15989,1.16014,1.15892,1.15921,3300
2025-07-28T18:00:00Z,1.15920,1.15947,1.15851,1.15947,3171
2025-07-28T19:00:00Z,1.15945,1.15960,1.15889,1.15915,1495
2025-07-28T20:00:00Z,1.15915,1.15941,1.15850,1.15876,1595
2025-07-28T21:00:00Z,1.15867,1.15903,1.15861,1.15886,1111
2025-07-28T22:00:00Z,1.15888,1.15940,1.15868,1.15935,904
2025-07-28T23:00:00Z,1.15936,1.15965,1.15893,1.15963,627
2025-07-29T00:00:00Z,1.15960,1.15974,1.15841,1.15848,1881
2025-07-29T01:00:00Z,1.15848,1.15982,1.15848,1.15909,4626
2025-07-29T02:00:00Z,1.15910,1.15989,1.15910,1.15971,3914
2025-07-29T03:00:00Z,1.15969,1.15983,1.15814,1.15829,1955
2025-07-29T04:00:00Z,1.15827,1.15889,1.15746,1.15885,1873
2025-07-29T05:00:00Z,1.15880,1.15902,1.15768,1.15785,2026
2025-07-29T06:00:00Z,1.15788,1.15857,1.15314,1.15336,8796
2025-07-29T07:00:00Z,1.15338,1.15548,1.15265,1.15547,8700
2025-07-29T08:00:00Z,1.15545,1.15693,1.15523,1.15690,4931
2025-07-29T09:00:00Z,1.15692,1.15846,1.15631,1.15766,3998
2025-07-29T10:00:00Z,1.15765,1.15884,1.15726,1.15740,3543
2025-07-29T11:00:00Z,1.15741,1.15749,1.15372,1.15399,6940
2025-07-29T12:00:00Z,1.15399,1.15420,1.15248,1.15248,5772
2025-07-29T13:00:00Z,1.15247,1.15468,1.15188,1.15457,7204
2025-07-29T14:00:00Z,1.15457,1.15515,1.15215,1.15228,13555
2025-07-29T15:00:00Z,1.15229,1.15409,1.15217,1.15333,6506
2025-07-29T16:00:00Z,1.15335,1.15493,1.15335,1.15413,3544
2025-07-29T17:00:00Z,1.15413,1.15605,1.15399,1.15416,4005
2025-07-29T18:00:00Z,1.15417,1.15503,1.15375,1.15503,3148
2025-07-29T19:00:00Z,1.15503,1.15574,1.15489,1.15498,5089
2025-07-29T20:00:00Z,1.15500,1.15524,1.15438,1.15453,1601
2025-07-29T21:00:00Z,1.15444,1.15477,1.15441,1.15476,1379
2025-07-29T22:00:00Z,1.15479,1.15507,1.15460,1.15495,825
2025-07-29T23:00:00Z,1.15494,1.15509,1.15465,1.15506,564
2025-07-30T00:00:00Z,1.15506,1.15677,1.15504,1.15671,6804
2025-07-30T01:00:00Z,1.15672,1.15725,1.15602,1.15641,11157
2025-07-30T02:00:00Z,1.15641,1.15682,1.15606,1.15638,5256
2025-07-30T03:00:00Z,1.15639,1.15705,1.15579,1.15616,4775
2025-07-30T04:00:00Z,1.15615,1.15618,1.15503,1.15512,3609
2025-07-30T05:00:00Z,1.15510,1.15594,1.15483,1.15499,4037
2025-07-30T06:00:00Z,1.15500,1.15604,1.15399,1.15562,5068
2025-07-30T07:00:00Z,1.15564,1.15685,1.15510,1.15530,4972
2025-07-30T08:00:00Z,1.15531,1.15592,1.15485,1.15564,3214
2025-07-30T09:00:00Z,1.15565,1.15605,1.15448,1.15516,4060
2025-07-30T10:00:00Z,1.15519,1.15549,1.15321,1.15393,4211
2025-07-30T11:00:00Z,1.15393,1.15406,1.15218,1.15308,10311
2025-07-30T12:00:00Z,1.15311,1.15345,1.14689,1.14728,17078
2025-07-30T13:00:00Z,1.14728,1.14808,1.14580,1.14692,11860
2025-07-30T14:00:00Z,1.14692,1.14819,1.14649,1.14804,6588
2025-07-30T15:00:00Z,1.14802,1.14849,1.14634,1.14686,5022
2025-07-30T16:00:00Z,1.14688,1.14741,1.14645,1.14737,3490
2025-07-30T17:00:00Z,1.14739,1.14821,1.14739,1.14806,2987
2025-07-30T18:00:00Z,1.14802,1.15031,1.14240,1.14242,15657
2025-07-30T19:00:00Z,1.14239,1.14359,1.14141,1.14238,11822
2025-07-30T20:00:00Z,1.14238,1.14294,1.14008,1.14040,6662
2025-07-30T21:00:00Z,1.14040,1.14092,1.14014,1.14064,2314
2025-07-30T22:00:00Z,1.14065,1.14244,1.14038,1.14226,1763
2025-07-30T23:00:00Z,1.14227,1.14305,1.14193,1.14278,1366
2025-07-31T00:00:00Z,1.14278,1.14375,1.14277,1.14342,2873
2025-07-31T01:00:00Z,1.14340,1.14379,1.14233,1.14306,2864
2025-07-31T02:00:00Z,1.14307,1.14316,1.14212,1.14289,2195
2025-07-31T03:00:00Z,1.14291,1.14342,1.14073,1.14233,3437
2025-07-31T04:00:00Z,1.14232,1.14363,1.14193,1.14355,1981
2025-07-31T05:00:00Z,1.14353,1.14426,1.14308,1.14362,2558
2025-07-31T06:00:00Z,1.14362,1.14606,1.14352,1.14583,5002
2025-07-31T07:00:00Z,1.14582,1.14582,1.14330,1.14484,5687
2025-07-31T08:00:00Z,1.14484,1.14548,1.14381,1.14499,5205
2025-07-31T09:00:00Z,1.14500,1.14509,1.14325,1.14330,3414
2025-07-31T10:00:00Z,1.14328,1.14415,1.14207,1.14395,3910
2025-07-31T11:00:00Z,1.14398,1.14506,1.14360,1.14486,4160
2025-07-31T12:00:00Z,1.14489,1.14510,1.14247,1.14285,8864
2025-07-31T13:00:00Z,1.14288,1.14296,1.14058,1.14113,7374
2025-07-31T14:00:00Z,1.14112,1.14495,1.14073,1.14449,8826
2025-07-31T15:00:00Z,1.14445,1.14497,1.14278,1.14301,7095
2025-07-31T16:00:00Z,1.14299,1.14328,1.14215,1.14225,3923
2025-07-31T17:00:00Z,1.14223,1.14245,1.14151,1.14195,2750
2025-07-31T18:00:00Z,1.14195,1.14330,1.14154,1.14265,2285
2025-07-31T19:00:00Z,1.14262,1.14317,1.14121,1.14121,2747
2025-07-31T20:00:00Z,1.14122,1.14181,1.14093,1.14139,2912
2025-07-31T21:00:00Z,1.14126,1.14182,1.14123,1.14162,826
2025-07-31T22:00:00Z,1.14161,1.14227,1.14147,1.14176,1118
2025-07-31T23:00:00Z,1.14173,1.14259,1.14112,1.14217,4419
2025-08-01T00:00:00Z,1.14217,1.14288,1.14153,1.14243,2706
2025-08-01T01:00:00Z,1.14242,1.14285,1.14047,1.14071,3408
2025-08-01T02:00:00Z,1.14070,1.14148,1.14059,1.14110,2756
2025-08-01T03:00:00Z,1.14109,1.14222,1.14102,1.14181,1497
2025-08-01T04:00:00Z,1.14182,1.14214,1.14154,1.14189,1482
2025-08-01T05:00:00Z,1.14187,1.14344,1.14159,1.14307,1620
2025-08-01T06:00:00Z,1.14305,1.14380,1.14260,1.14292,2940
2025-08-01T07:00:00Z,1.14293,1.14340,1.14124,1.14185,4149
2025-08-01T08:00:00Z,1.14184,1.14204,1.14052,1.14062,3387
2025-08-01T09:00:00Z,1.14063,1.14125,1.13929,1.14005,3274
2025-08-01T10:00:00Z,1.14008,1.14174,1.14008,1.14119,3437
2025-08-01T11:00:00Z,1.14119,1.14223,1.14043,1.14045,4425
2025-08-01T12:00:00Z,1.14045,1.15584,1.13915,1.15451,26419
2025-08-01T13:00:00Z,1.15453,1.15831,1.15367,1.15606,25289
2025-08-01T14:00:00Z,1.15615,1.15879,1.15509,1.15559,23794
2025-08-01T15:00:00Z,1.15557,1.15649,1.15358,1.15544,7824
2025-08-01T16:00:00Z,1.15541,1.15648,1.15379,1.15390,5101
2025-08-01T17:00:00Z,1.15391,1.15391,1.15163,1.15265,5270
2025-08-01T18:00:00Z,1.15264,1.15479,1.15215,1.15256,4502
2025-08-01T19:00:00Z,1.15258,1.15820,1.15236,1.15687,8478
2025-08-01T20:00:00Z,1.15687,1.15969,1.15686,1.15830,5849
2025-08-03T21:00:00Z,1.15910,1.15957,1.15891,1.15900,1459
2025-08-03T22:00:00Z,1.15901,1.15963,1.15781,1.15834,3114
2025-08-03T23:00:00Z,1.15836,1.15899,1.15779,1.15876,1869
2025-08-04T00:00:00Z,1.15876,1.15887,1.15559,1.15579,4336
2025-08-04T01:00:00Z,1.15579,1.15720,1.15501,1.15711,4423
2025-08-04T02:00:00Z,1.15710,1.15781,1.15676,1.15755,2323
2025-08-04T03:00:00Z,1.15759,1.15858,1.15759,1.15792,2185
2025-08-04T04:00:00Z,1.15790,1.15853,1.15744,1.15744,2378
2025-08-04T05:00:00Z,1.15747,1.15821,1.15670,1.15702,2340
2025-08-04T06:00:00Z,1.15703,1.15831,1.15632,1.15716,6288
2025-08-04T07:00:00Z,1.15716,1.15785,1.15505,1.15636,6976
2025-08-04T08:00:00Z,1.15638,1.15650,1.15497,1.15579,7664
2025-08-04T09:00:00Z,1.15579,1.15772,1.15555,1.15641,5509
2025-08-04T10:00:00Z,1.15642,1.15771,1.15548,1.15739,4178
2025-08-04T11:00:00Z,1.15737,1.15863,1.15647,1.15666,5699
2025-08-04T12:00:00Z,1.15668,1.15882,1.15603,1.15751,6618
2025-08-04T13:00:00Z,1.15752,1.15885,1.15728,1.15757,6387
2025-08-04T14:00:00Z,1.15756,1.15871,1.15568,1.15639,10775
2025-08-04T15:00:00Z,1.15638,1.15765,1.15610,1.15667,7464
2025-08-04T16:00:00Z,1.15669,1.15751,1.15567,1.15720,3329
2025-08-04T17:00:00Z,1.15722,1.15739,1.15642,1.15730,2393
2025-08-04T18:00:00Z,1.15730,1.15776,1.15639,1.15652,3017
2025-08-04T19:00:00Z,1.15650,1.15725,1.15627,1.15678,2016
2025-08-04T20:00:00Z,1.15679,1.15760,1.15653,1.15691,1436
2025-08-04T21:00:00Z,1.15690,1.15713,1.15670,1.15675,907
2025-08-04T22:00:00Z,1.15675,1.15813,1.15670,1.15792,1595
2025-08-04T23:00:00Z,1.15793,1.15854,1.15777,1.15838,933
2025-08-05T00:00:00Z,1.15840,1.15876,1.15705,1.15717,5185
2025-08-05T01:00:00Z,1.15717,1.15739,1.15593,1.15636,5223
2025-08-05T02:00:00Z,1.15637,1.15641,1.15556,1.15602,3345
2025-08-05T03:00:00Z,1.15602,1.15613,1.15539,1.15552,2101
2025-08-05T04:00:00Z,1.15550,1.15601,1.15539,1.15583,2154
2025-08-05T05:00:00Z,1.15583,1.15583,1.15445,1.15481,3991
2025-08-05T06:00:00Z,1.15479,1.15611,1.15428,1.15509,3706
2025-08-05T07:00:00Z,1.15509,1.15621,1.15333,1.15459,6058
2025-08-05T08:00:00Z,1.15457,1.15489,1.15312,1.15365,5773
2025-08-05T09:00:00Z,1.15367,1.15463,1.15298,1.15420,3977
2025-08-05T10:00:00Z,1.15419,1.15455,1.15341,1.15442,5237
2025-08-05T11:00:00Z,1.15440,1.15478,1.15277,1.15391,3394
2025-08-05T12:00:00Z,1.15392,1.15483,1.15300,1.15372,6057
2025-08-05T13:00:00Z,1.15373,1.15543,1.15320,1.15366,7436
2025-08-05T14:00:00Z,1.15417,1.15662,1.15337,1.15650,12765
2025-08-05T15:00:00Z,1.15651,1.15846,1.15629,1.15793,5961
2025-08-05T16:00:00Z,1.15792,1.15860,1.15771,1.15827,3364
2025-08-05T17:00:00Z,1.15827,1.15830,1.15754,1.15782,1957
2025-08-05T18:00:00Z,1.15780,1.15796,1.15702,1.15735,2931
2025-08-05T19:00:00Z,1.15735,1.15749,1.15661,1.15725,1765
2025-08-05T20:00:00Z,1.15724,1.15774,1.15713,1.15748,1373
2025-08-05T21:00:00Z,1.15741,1.15752,1.15708,1.15733,1045
2025-08-05T22:00:00Z,1.15729,1.15775,1.15708,1.15760,792
2025-08-05T23:00:00Z,1.15758,1.15813,1.15730,1.15784,782
2025-08-06T00:00:00Z,1.15781,1.15852,1.15729,1.15738,1606
2025-08-06T01:00:00Z,1.15736,1.15736,1.15645,1.15670,2350
2025-08-06T02:00:00Z,1.15669,1.15718,1.15642,1.15691,2822
2025-08-06T03:00:00Z,1.15692,1.15817,1.15692,1.15799,2902
2025-08-06T04:00:00Z,1.15799,1.15860,1.15777,1.15829,1453
2025-08-06T05:00:00Z,1.15826,1.15835,1.15743,1.15784,2728
2025-08-06T06:00:00Z,1.15783,1.15882,1.15765,1.15785,5199
2025-08-06T07:00:00Z,1.15784,1.15820,1.15711,1.15809,3412
2025-08-06T08:00:00Z,1.15808,1.15833,1.15705,1.15747,3419
2025-08-06T09:00:00Z,1.15747,1.15879,1.15740,1.15848,2742
2025-08-06T10:00:00Z,1.15848,1.16107,1.15841,1.16069,4991
2025-08-06T11:00:00Z,1.16070,1.16148,1.15977,1.16040,3471
2025-08-06T12:00:00Z,1.16039,1.16284,1.16001,1.16234,4923
2025-08-06T13:00:00Z,1.16235,1.16359,1.16173,1.16357,7674
2025-08-06T14:00:00Z,1.16360,1.16375,1.16221,1.16272,6970
2025-08-06T15:00:00Z,1.16271,1.16469,1.16224,1.16462,9318
2025-08-06T16:00:00Z,1.16461,1.16483,1.16306,1.16344,4093
2025-08-06T17:00:00Z,1.16344,1.16550,1.16327,1.16490,3461
2025-08-06T18:00:00Z,1.16490,1.16683,1.16480,1.16622,3458
2025-08-06T19:00:00Z,1.16623,1.16639,1.16524,1.16564,1668
2025-08-06T20:00:00Z,1.16564,1.16601,1.16500,1.16594,3221
2025-08-06T21:00:00Z,1.16583,1.16599,1.16530,1.16555,2101
2025-08-06T22:00:00Z,1.16564,1.16658,1.16563,1.16635,2172
2025-08-06T23:00:00Z,1.16633,1.16638,1.16592,1.16630,624
2025-08-07T00:00:00Z,1.16628,1.16638,1.16509,1.16525,5281
2025-08-07T01:00:00Z,1.16525,1.16626,1.16495,1.16577,3155
2025-08-07T02:00:00Z,1.16577,1.16651,1.16558,1.16572,1825
2025-08-07T03:00:00Z,1.16573,1.16651,1.16531,1.16643,4773
2025-08-07T04:00:00Z,1.16643,1.16763,1.16628,1.16712,2680
2025-08-07T05:00:00Z,1.16712,1.16763,1.16681,1.16747,1622
2025-08-07T06:00:00Z,1.16751,1.16796,1.16678,1.16758,4239
2025-08-07T07:00:00Z,1.16761,1.16911,1.16732,1.16897,3908
2025-08-07T08:00:00Z,1.16893,1.16986,1.16755,1.16824,6778
2025-08-07T09:00:00Z,1.16828,1.16846,1.16703,1.16705,3066
2025-08-07T10:00:00Z,1.16707,1.16717,1.16615,1.16700,4008
2025-08-07T11:00:00Z,1.16702,1.16766,1.16341,1.16445,10745
2025-08-07T12:00:00Z,1.16442,1.16625,1.16374,1.16511,9741
2025-08-07T13:00:00Z,1.16510,1.16585,1.16376,1.16427,10580
2025-08-07T14:00:00Z,1.16425,1.16495,1.16140,1.16241,18533
2025-08-07T15:00:00Z,1.16242,1.16418,1.16108,1.16396,16077
2025-08-07T16:00:00Z,1.16396,1.16446,1.16350,1.16382,3084
2025-08-07T17:00:00Z,1.16382,1.16396,1.16318,1.16331,3386
2025-08-07T18:00:00Z,1.16332,1.16371,1.16213,1.16219,2863
2025-08-07T19:00:00Z,1.16222,1.16564,1.16189,1.16543,6625
2025-08-07T20:00:00Z,1.16546,1.16713,1.16544,1.16646,2457
2025-08-07T21:00:00Z,1.16639,1.16697,1.16597,1.16652,1768
2025-08-07T22:00:00Z,1.16652,1.16745,1.16641,1.16724,2467
2025-08-07T23:00:00Z,1.16729,1.16781,1.16703,1.16768,1627
2025-08-08T00:00:00Z,1.16768,1.16792,1.16673,1.16726,8142
2025-08-08T01:00:00Z,1.16730,1.16737,1.16549,1.16573,6503
2025-08-08T02:00:00Z,1.16572,1.16650,1.16571,1.16607,2511
2025-08-08T03:00:00Z,1.16605,1.16610,1.16548,1.16597,1595
2025-08-08T04:00:00Z,1.16596,1.16634,1.16576,1.16582,1074
2025-08-08T05:00:00Z,1.16581,1.16599,1.16388,1.16410,2724
2025-08-08T06:00:00Z,1.16412,1.16526,1.16407,1.16500,3375
2025-08-08T07:00:00Z,1.16501,1.16644,1.16485,1.16590,4365
2025-08-08T08:00:00Z,1.16592,1.16627,1.16344,1.16369,4336
2025-08-08T09:00:00Z,1.16367,1.16436,1.16295,1.16415,4829
2025-08-08T10:00:00Z,1.16416,1.16473,1.16287,1.16356,2966
2025-08-08T11:00:00Z,1.16356,1.16491,1.16350,1.16437,3790
2025-08-08T12:00:00Z,1.16434,1.16539,1.16375,1.16417,4606
2025-08-08T13:00:00Z,1.16417,1.16551,1.16413,1.16488,4466
2025-08-08T14:00:00Z,1.16484,1.16627,1.16461,1.16559,6188
2025-08-08T15:00:00Z,1.16558,1.16677,1.16543,1.16598,3409
2025-08-08T16:00:00Z,1.16598,1.16630,1.16496,1.16562,2568
2025-08-08T17:00:00Z,1.16561,1.16667,1.16534,1.16589,2681
2025-08-08T18:00:00Z,1.16590,1.16628,1.16479,1.16559,4151
2025-08-08T19:00:00Z,1.16557,1.16560,1.16363,1.16425,2220
2025-08-08T20:00:00Z,1.16425,1.16433,1.16368,1.16368,2489
2025-08-10T21:00:00Z,1.16444,1.16494,1.16427,1.16453,648
2025-08-10T22:00:00Z,1.16452,1.16508,1.16426,1.16466,1300
2025-08-10T23:00:00Z,1.16466,1.16507,1.16444,1.16475,1021
2025-08-11T00:00:00Z,1.16474,1.16483,1.16417,1.16473,1834
2025-08-11T01:00:00Z,1.16472,1.16586,1.16453,1.16586,1949
2025-08-11T02:00:00Z,1.16588,1.16682,1.16588,1.16656,3821
2025-08-11T03:00:00Z,1.16656,1.16754,1.16647,1.16713,2407
2025-08-11T04:00:00Z,1.16712,1.16753,1.16709,1.16718,1204
2025-08-11T05:00:00Z,1.16717,1.16725,1.16671,1.16691,3098
2025-08-11T06:00:00Z,1.16691,1.16737,1.16629,1.16642,3421
2025-08-11T07:00:00Z,1.16639,1.16657,1.16460,1.16470,5607
2025-08-11T08:00:00Z,1.16469,1.16604,1.16439,1.16551,3933
2025-08-11T09:00:00Z,1.16548,1.16580,1.16383,1.16410,3533
2025-08-11T10:00:00Z,1.16411,1.16476,1.16406,1.16468,2985
2025-08-11T11:00:00Z,1.16467,1.16469,1.16230,1.16285,4727
2025-08-11T12:00:00Z,1.16286,1.16310,1.16140,1.16202,19346
2025-08-11T13:00:00Z,1.16202,1.16275,1.16159,1.16194,18157
2025-08-11T14:00:00Z,1.16195,1.16201,1.15901,1.15957,6850
2025-08-11T15:00:00Z,1.15959,1.16069,1.15900,1.16064,14787
2025-08-11T16:00:00Z,1.16064,1.16117,1.16018,1.16073,4412
2025-08-11T17:00:00Z,1.16075,1.16123,1.15986,1.16108,4005
2025-08-11T18:00:00Z,1.16110,1.16141,1.16070,1.16122,4364
2025-08-11T19:00:00Z,1.16124,1.16126,1.16020,1.16048,2876
2025-08-11T20:00:00Z,1.16047,1.16194,1.16041,1.16149,2785
2025-08-11T21:00:00Z,1.16145,1.16164,1.16078,1.16151,1454
2025-08-11T22:00:00Z,1.16151,1.16183,1.16102,1.16127,905
2025-08-11T23:00:00Z,1.16130,1.16175,1.16123,1.16160,664
2025-08-12T00:00:00Z,1.16162,1.16196,1.16116,1.16151,5775
2025-08-12T01:00:00Z,1.16152,1.16253,1.16142,1.16190,2124
2025-08-12T02:00:00Z,1.16190,1.16254,1.16175,1.16228,1684
2025-08-12T03:00:00Z,1.16230,1.16242,1.16183,1.16207,1119
2025-08-12T04:00:00Z,1.16205,1.16278,1.16156,1.16275,1727
2025-08-12T05:00:00Z,1.16274,1.16290,1.16128,1.16137,9320
2025-08-12T06:00:00Z,1.16136,1.16183,1.16079,1.16092,7242
2025-08-12T07:00:00Z,1.16092,1.16239,1.16078,1.16203,4415
2025-08-12T08:00:00Z,1.16203,1.16222,1.16116,1.16144,3215
2025-08-12T09:00:00Z,1.16144,1.16182,1.16003,1.16064,3140
2025-08-12T10:00:00Z,1.16062,1.16129,1.16056,1.16100,3118
2025-08-12T11:00:00Z,1.16101,1.16109,1.15986,1.16051,3594
2025-08-12T12:00:00Z,1.16053,1.16556,1.16011,1.16422,16598
2025-08-12T13:00:00Z,1.16420,1.16675,1.16176,1.16521,18333
2025-08-12T14:00:00Z,1.16522,1.16625,1.16417,1.16579,9033
2025-08-12T15:00:00Z,1.16577,1.16971,1.16559,1.16721,10248
2025-08-12T16:00:00Z,1.16721,1.16858,1.16655,1.16795,4776
2025-08-12T17:00:00Z,1.16794,1.16803,1.16708,1.16731,4103
2025-08-12T18:00:00Z,1.16733,1.16785,1.16646,1.16686,2409
2025-08-12T19:00:00Z,1.16686,1.16756,1.16644,1.16745,4033
2025-08-12T20:00:00Z,1.16744,1.16770,1.16716,1.16739,1863
2025-08-12T21:00:00Z,1.16739,1.16743,1.16689,1.16729,1067
2025-08-12T22:00:00Z,1.16730,1.16776,1.16729,1.16763,1277
2025-08-12T23:00:00Z,1.16763,1.16791,1.16749,1.16775,647
2025-08-13T00:00:00Z,1.16774,1.16807,1.16706,1.16798,3953
2025-08-13T01:00:00Z,1.16798,1.16862,1.16762,1.16772,3763
2025-08-13T02:00:00Z,1.16771,1.16858,1.16703,1.16816,4110
2025-08-13T03:00:00Z,1.16816,1.16875,1.16795,1.16838,1539
2025-08-13T04:00:00Z,1.16836,1.16859,1.16812,1.16838,1674
2025-08-13T05:00:00Z,1.16838,1.16850,1.16766,1.16788,4574
2025-08-13T06:00:00Z,1.16793,1.16969,1.16786,1.16920,4537
2025-08-13T07:00:00Z,1.16920,1.17126,1.16918,1.17079,8268
2025-08-13T08:00:00Z,1.17079,1.17206,1.17070,1.17140,6239
2025-08-13T09:00:00Z,1.17139,1.17301,1.17139,1.17292,3550
2025-08-13T10:00:00Z,1.17292,1.17299,1.17162,1.17164,3441
2025-08-13T11:00:00Z,1.17164,1.17190,1.17078,1.17187,3327
2025-08-13T12:00:00Z,1.17188,1.17215,1.16972,1.16987,5028
2025-08-13T13:00:00Z,1.16986,1.17069,1.16928,1.17045,4845
2025-08-13T14:00:00Z,1.17043,1.17234,1.17025,1.17198,7327
2025-08-13T15:00:00Z,1.17198,1.17225,1.17084,1.17134,4085
2025-08-13T16:00:00Z,1.17136,1.17149,1.17063,1.17066,3175
2025-08-13T17:00:00Z,1.17067,1.17107,1.17028,1.17039,2064
2025-08-13T18:00:00Z,1.17040,1.17044,1.16957,1.17004,1967
2025-08-13T19:00:00Z,1.17002,1.17038,1.16973,1.16993,1510
2025-08-13T20:00:00Z,1.16992,1.17068,1.16990,1.17051,1611
2025-08-13T21:00:00Z,1.17051,1.17069,1.16993,1.17046,2082
2025-08-13T22:00:00Z,1.17045,1.17081,1.17038,1.17081,1047
2025-08-13T23:00:00Z,1.17080,1.17123,1.17073,1.17120,1000
2025-08-14T00:00:00Z,1.17120,1.17148,1.17091,1.17112,3278
2025-08-14T01:00:00Z,1.17111,1.17150,1.17091,1.17128,4858
2025-08-14T02:00:00Z,1.17128,1.17128,1.16988,1.17047,7080
2025-08-14T03:00:00Z,1.17047,1.17051,1.16996,1.17033,3572
2025-08-14T04:00:00Z,1.17033,1.17064,1.17014,1.17036,2253
2025-08-14T05:00:00Z,1.17036,1.17037,1.16969,1.17013,2229
2025-08-14T06:00:00Z,1.17013,1.17063,1.16847,1.16848,7397
2025-08-14T07:00:00Z,1.16850,1.16926,1.16777,1.16798,6407
2025-08-14T08:00:00Z,1.16796,1.16851,1.16678,1.16682,4725
2025-08-14T09:00:00Z,1.16683,1.16867,1.16683,1.16817,5735
2025-08-14T10:00:00Z,1.16815,1.16972,1.16813,1.16952,5361
2025-08-14T11:00:00Z,1.16951,1.16963,1.16826,1.16879,6001
2025-08-14T12:00:00Z,1.16880,1.16922,1.16492,1.16637,32190
2025-08-14T13:00:00Z,1.16638,1.16713,1.16491,1.16500,9779
2025-08-14T14:00:00Z,1.16502,1.16661,1.16376,1.16607,7023
2025-08-14T15:00:00Z,1.16609,1.16620,1.16373,1.16430,6423
2025-08-14T16:00:00Z,1.16430,1.16450,1.16309,1.16342,4397
2025-08-14T17:00:00Z,1.16343,1.16436,1.16312,1.16367,3551
2025-08-14T18:00:00Z,1.16370,1.16424,1.16329,1.16413,1988
2025-08-14T19:00:00Z,1.16416,1.16503,1.16415,1.16480,2170
2025-08-14T20:00:00Z,1.16481,1.16502,1.16446,1.16473,1433
2025-08-14T21:00:00Z,1.16470,1.16508,1.16465,1.16508,792
2025-08-14T22:00:00Z,1.16507,1.16528,1.16482,1.16499,793
2025-08-14T23:00:00Z,1.16499,1.16527,1.16458,1.16504,999
2025-08-15T00:00:00Z,1.16506,1.16530,1.16467,1.16520,1606
2025-08-15T01:00:00Z,1.16523,1.16579,1.16480,1.16527,3769
2025-08-15T02:00:00Z,1.16528,1.16576,1.16492,1.16566,3689
2025-08-15T03:00:00Z,1.16568,1.16644,1.16564,1.16599,1376
2025-08-15T04:00:00Z,1.16600,1.16635,1.16589,1.16629,933
2025-08-15T05:00:00Z,1.16628,1.16712,1.16611,1.16709,1497
2025-08-15T06:00:00Z,1.16710,1.16746,1.16651,1.16717,3607
2025-08-15T07:00:00Z,1.16715,1.16840,1.16715,1.16826,3512
2025-08-15T08:00:00Z,1.16825,1.16849,1.16763,1.16822,3639
2025-08-15T09:00:00Z,1.16820,1.16898,1.16801,1.16874,3575
2025-08-15T10:00:00Z,1.16876,1.16912,1.16804,1.16856,2836
2025-08-15T11:00:00Z,1.16856,1.16918,1.16814,1.16874,2479
2025-08-15T12:00:00Z,1.16874,1.16998,1.16732,1.16939,8457
2025-08-15T13:00:00Z,1.16940,1.17080,1.16815,1.17027,9261
2025-08-15T14:00:00Z,1.17025,1.17151,1.17004,1.17117,10395
2025-08-15T15:00:00Z,1.17114,1.17150,1.17031,1.17066,4552
2025-08-15T16:00:00Z,1.17066,1.17081,1.16997,1.17037,1878
2025-08-15T17:00:00Z,1.17039,1.17059,1.16992,1.17042,1927
2025-08-15T18:00:00Z,1.17040,1.17065,1.16984,1.17024,1556
2025-08-15T19:00:00Z,1.17023,1.17035,1.16998,1.17009,1948
2025-08-15T20:00:00Z,1.17010,1.17079,1.17000,1.17026,3103
2025-08-17T21:00:00Z,1.17101,1.17144,1.17092,1.17134,465
2025-08-17T22:00:00Z,1.17134,1.17157,1.17097,1.17131,1341
2025-08-17T23:00:00Z,1.17135,1.17143,1.17038,1.17059,1017
2025-08-18T00:00:00Z,1.17061,1.17106,1.17001,1.17012,4008
2025-08-18T01:00:00Z,1.17012,1.17045,1.16935,1.17030,3221
2025-08-18T02:00:00Z,1.17031,1.17052,1.16974,1.17012,1437
2025-08-18T03:00:00Z,1.17012,1.17044,1.16997,1.17033,1432
2025-08-18T04:00:00Z,1.17034,1.17102,1.17025,1.17082,2411
2025-08-18T05:00:00Z,1.17082,1.17089,1.17012,1.17059,2223
2025-08-18T06:00:00Z,1.17056,1.17076,1.16933,1.16964,4075
2025-08-18T07:00:00Z,1.16967,1.17033,1.16802,1.16813,3729
2025-08-18T08:00:00Z,1.16809,1.16872,1.16710,1.16818,5114
2025-08-18T09:00:00Z,1.16821,1.16858,1.16729,1.16801,2844
2025-08-18T10:00:00Z,1.16798,1.16829,1.16773,1.16808,1920
2025-08-18T11:00:00Z,1.16807,1.16882,1.16714,1.16747,4251
2025-08-18T12:00:00Z,1.16750,1.16788,1.16662,1.16763,3219
2025-08-18T13:00:00Z,1.16763,1.16777,1.16695,1.16777,4059
2025-08-18T14:00:00Z,1.16775,1.16843,1.16604,1.16641,5224
2025-08-18T15:00:00Z,1.16639,1.16744,1.16608,1.16673,3382
2025-08-18T16:00:00Z,1.16673,1.16673,1.16561,1.16577,3016
2025-08-18T17:00:00Z,1.16578,1.16664,1.16566,1.16626,2652
2025-08-18T18:00:00Z,1.16625,1.16678,1.16585,1.16599,1621
2025-08-18T19:00:00Z,1.16598,1.16703,1.16598,1.16672,1873
2025-08-18T20:00:00Z,1.16669,1.16693,1.16596,1.16602,1967
2025-08-18T21:00:00Z,1.16598,1.16617,1.16575,1.16613,901
2025-08-18T22:00:00Z,1.16613,1.16746,1.16599,1.16694,1425
2025-08-18T23:00:00Z,1.16695,1.16695,1.16618,1.16679,1110
2025-08-19T00:00:00Z,1.16678,1.16699,1.16556,1.16583,3723
2025-08-19T01:00:00Z,1.16585,1.16622,1.16390,1.16490,4891
2025-08-19T02:00:00Z,1.16491,1.16559,1.16467,1.16528,2733
2025-08-19T03:00:00Z,1.16530,1.16586,1.16504,1.16549,1578
2025-08-19T04:00:00Z,1.16549,1.16616,1.16534,1.16604,1913
2025-08-19T05:00:00Z,1.16605,1.16656,1.16537,1.16551,1615
2025-08-19T06:00:00Z,1.16550,1.16745,1.16511,1.16742,4082
2025-08-19T07:00:00Z,1.16743,1.16840,1.16735,1.16834,4792
2025-08-19T08:00:00Z,1.16835,1.16842,1.16715,1.16749,2929
2025-08-19T09:00:00Z,1.16750,1.16821,1.16724,1.16802,2252
2025-08-19T10:00:00Z,1.16800,1.16919,1.16792,1.16887,2219
2025-08-19T11:00:00Z,1.16886,1.16928,1.16798,1.16855,2900
2025-08-19T12:00:00Z,1.16856,1.16879,1.16729,1.16754,4145
2025-08-19T13:00:00Z,1.16752,1.16781,1.16680,1.16762,4340
2025-08-19T14:00:00Z,1.16760,1.16775,1.16637,1.16719,5190
2025-08-19T15:00:00Z,1.16719,1.16753,1.16575,1.16586,4408
2025-08-19T16:00:00Z,1.16586,1.16630,1.16544,1.16563,2796
2025-08-19T17:00:00Z,1.16565,1.16607,1.16529,1.16544,1935
2025-08-19T18:00:00Z,1.16545,1.16546,1.16421,1.16472,2082
2025-08-19T19:00:00Z,1.16473,1.16481,1.16424,1.16463,1203
2025-08-19T20:00:00Z,1.16463,1.16480,1.16446,1.16464,1672
2025-08-19T21:00:00Z,1.16459,1.16493,1.16426,1.16449,2330
2025-08-19T22:00:00Z,1.16445,1.16489,1.16443,1.16484,695
2025-08-19T23:00:00Z,1.16485,1.16485,1.16408,1.16415,846
2025-08-20T00:00:00Z,1.16413,1.16423,1.16312,1.16387,2752
2025-08-20T01:00:00Z,1.16385,1.16421,1.16271,1.16274,2841
2025-08-20T02:00:00Z,1.16272,1.16294,1.16221,1.16262,4231
2025-08-20T03:00:00Z,1.16262,1.16362,1.16262,1.16329,1764
2025-08-20T04:00:00Z,1.16329,1.16381,1.16322,1.16343,1241
2025-08-20T05:00:00Z,1.16344,1.16401,1.16322,1.16391,1755
2025-08-20T06:00:00Z,1.16391,1.16424,1.16231,1.16335,6310
2025-08-20T07:00:00Z,1.16336,1.16467,1.16334,1.16445,4580
2025-08-20T08:00:00Z,1.16447,1.16465,1.16314,1.16375,4771
2025-08-20T09:00:00Z,1.16374,1.16461,1.16349,1.16450,2546
2025-08-20T10:00:00Z,1.16448,1.16575,1.16435,1.16467,4013
2025-08-20T11:00:00Z,1.16469,1.16500,1.16400,1.16417,2111
2025-08-20T12:00:00Z,1.16419,1.16736,1.16419,1.16710,4899
2025-08-20T13:00:00Z,1.16708,1.16718,1.16559,1.16587,4457
2025-08-20T14:00:00Z,1.16587,1.16689,1.16484,1.16630,5854
2025-08-20T15:00:00Z,1.16631,1.16631,1.16462,1.16479,4101
2025-08-20T16:00:00Z,1.16479,1.16617,1.16477,1.16598,2394
2025-08-20T17:00:00Z,1.16597,1.16723,1.16591,1.16713,2306
2025-08-20T18:00:00Z,1.16714,1.16714,1.16546,1.16547,3013
2025-08-20T19:00:00Z,1.16547,1.16583,1.16523,1.16527,2013
2025-08-20T20:00:00Z,1.16528,1.16528,1.16469,1.16506,1300
2025-08-20T21:00:00Z,1.16505,1.16529,1.16480,1.16497,1549
2025-08-20T22:00:00Z,1.16498,1.16551,1.16494,1.16525,540
2025-08-20T23:00:00Z,1.16522,1.16534,1.16481,1.16507,924
2025-08-21T00:00:00Z,1.16507,1.16516,1.16409,1.16467,3041
2025-08-21T01:00:00Z,1.16468,1.16505,1.16410,1.16460,2928
2025-08-21T02:00:00Z,1.16458,1.16493,1.16431,1.16465,3055
2025-08-21T03:00:00Z,1.16465,1.16485,1.16415,1.16460,935
2025-08-21T04:00:00Z,1.16461,1.16480,1.16428,1.16453,1076
2025-08-21T05:00:00Z,1.16455,1.16496,1.16415,1.16492,2276
2025-08-21T06:00:00Z,1.16495,1.16497,1.16258,1.16297,3767
2025-08-21T07:00:00Z,1.16298,1.16613,1.16249,1.16579,5155
2025-08-21T08:00:00Z,1.16580,1.16593,1.16499,1.16547,4131
2025-08-21T09:00:00Z,1.16548,1.16626,1.16537,1.16548,2787
2025-08-21T10:00:00Z,1.16546,1.16565,1.16481,1.16491,2914
2025-08-21T11:00:00Z,1.16492,1.16572,1.16394,1.16403,4914
2025-08-21T12:00:00Z,1.16404,1.16562,1.16368,1.16466,6615
2025-08-21T13:00:00Z,1.16465,1.16498,1.16154,1.16205,10137
2025-08-21T14:00:00Z,1.16206,1.16293,1.16061,1.16156,10714
2025-08-21T15:00:00Z,1.16154,1.16256,1.16010,1.16042,9163
2025-08-21T16:00:00Z,1.16041,1.16117,1.16013,1.16108,3428
2025-08-21T17:00:00Z,1.16109,1.16185,1.16109,1.16148,2434
2025-08-21T18:00:00Z,1.16147,1.16168,1.16070,1.16096,2426
2025-08-21T19:00:00Z,1.16097,1.16101,1.16036,1.16048,1513
2025-08-21T20:00:00Z,1.16047,1.16084,1.16032,1.16052,1552
2025-08-21T21:00:00Z,1.16047,1.16106,1.16032,1.16065,2658
2025-08-21T22:00:00Z,1.16065,1.16134,1.16056,1.16129,643
2025-08-21T23:00:00Z,1.16132,1.16145,1.16090,1.16122,1404
2025-08-22T00:00:00Z,1.16122,1.16164,1.16104,1.16147,2150
2025-08-22T01:00:00Z,1.16148,1.16157,1.16038,1.16080,1977
2025-08-22T02:00:00Z,1.16079,1.16142,1.16049,1.16087,1456
2025-08-22T03:00:00Z,1.16086,1.16087,1.15888,1.15895,3205
2025-08-22T04:00:00Z,1.15897,1.15938,1.15828,1.15845,1949
2025-08-22T05:00:00Z,1.15842,1.15888,1.15832,1.15867,1840
2025-08-22T06:00:00Z,1.15864,1.15950,1.15833,1.15884,3154
2025-08-22T07:00:00Z,1.15886,1.15988,1.15882,1.15946,5366
2025-08-22T08:00:00Z,1.15944,1.15995,1.15914,1.15994,2687
2025-08-22T09:00:00Z,1.15992,1.16023,1.15951,1.15964,2856
2025-08-22T10:00:00Z,1.15963,1.15999,1.15932,1.15959,2068
2025-08-22T11:00:00Z,1.15961,1.16062,1.15948,1.16043,3447
2025-08-22T12:00:00Z,1.16045,1.16136,1.16045,1.16085,3043
2025-08-22T13:00:00Z,1.16083,1.16189,1.15973,1.15996,4883
2025-08-22T14:00:00Z,1.15996,1.17199,1.15996,1.17180,28428
2025-08-22T15:00:00Z,1.17180,1.17321,1.17122,1.17122,11008
2025-08-22T16:00:00Z,1.17120,1.17264,1.17118,1.17218,6606
2025-08-22T17:00:00Z,1.17221,1.17425,1.17221,1.17367,6792
2025-08-22T18:00:00Z,1.17367,1.17391,1.17210,1.17212,3433
2025-08-22T19:00:00Z,1.17214,1.17225,1.17149,1.17199,1899
2025-08-22T20:00:00Z,1.17199,1.17268,1.17147,1.17148,2519
2025-08-24T21:00:00Z,1.17203,1.17259,1.17203,1.17218,456
2025-08-24T22:00:00Z,1.17218,1.17229,1.17107,1.17127,1522
2025-08-24T23:00:00Z,1.17125,1.17142,1.17074,1.17083,815
2025-08-25T00:00:00Z,1.17077,1.17082,1.16954,1.16978,2511
2025-08-25T01:00:00Z,1.16978,1.17033,1.16935,1.16962,2561
2025-08-25T02:00:00Z,1.16964,1.17000,1.16938,1.16971,1792
2025-08-25T03:00:00Z,1.16970,1.17076,1.16970,1.17066,1683
2025-08-25T04:00:00Z,1.17068,1.17078,1.17035,1.17057,1307
2025-08-25T05:00:00Z,1.17057,1.17057,1.16980,1.17005,1453
2025-08-25T06:00:00Z,1.17007,1.17204,1.17007,1.17147,4173
2025-08-25T07:00:00Z,1.17148,1.17179,1.16945,1.16975,3221
2025-08-25T08:00:00Z,1.16973,1.17108,1.16971,1.17040,3319
2025-08-25T09:00:00Z,1.17039,1.17044,1.16897,1.16930,2425
2025-08-25T10:00:00Z,1.16933,1.16970,1.16851,1.16876,2580
2025-08-25T11:00:00Z,1.16878,1.17028,1.16873,1.17024,2843
2025-08-25T12:00:00Z,1.17025,1.17033,1.16937,1.16998,2705
2025-08-25T13:00:00Z,1.16996,1.17089,1.16946,1.17028,3526
2025-08-25T14:00:00Z,1.17026,1.17055,1.16892,1.16900,5230
2025-08-25T15:00:00Z,1.16901,1.16915,1.16652,1.16692,6686
2025-08-25T16:00:00Z,1.16692,1.16693,1.16510,1.16546,4035
2025-08-25T17:00:00Z,1.16548,1.16558,1.16409,1.16465,3119
2025-08-25T18:00:00Z,1.16467,1.16483,1.16189,1.16204,3634
2025-08-25T19:00:00Z,1.16204,1.16213,1.16028,1.16096,3968
2025-08-25T20:00:00Z,1.16094,1.16255,1.16091,1.16161,4208
2025-08-25T21:00:00Z,1.16160,1.16196,1.16145,1.16187,2208
2025-08-25T22:00:00Z,1.16190,1.16226,1.16180,1.16204,1013
2025-08-25T23:00:00Z,1.16204,1.16212,1.16123,1.16144,1166
2025-08-26T00:00:00Z,1.16145,1.16600,1.16100,1.16479,11413
2025-08-26T01:00:00Z,1.16478,1.16501,1.16347,1.16417,4903
2025-08-26T02:00:00Z,1.16415,1.16472,1.16323,1.16364,3194
2025-08-26T03:00:00Z,1.16364,1.16364,1.16238,1.16256,2418
2025-08-26T04:00:00Z,1.16254,1.16320,1.16236,1.16315,2914
2025-08-26T05:00:00Z,1.16316,1.16443,1.16294,1.16410,3411
2025-08-26T06:00:00Z,1.16409,1.16410,1.16132,1.16223,6892
2025-08-26T07:00:00Z,1.16221,1.16286,1.16021,1.16215,9703
2025-08-26T08:00:00Z,1.16215,1.16249,1.16057,1.16178,7825
2025-08-26T09:00:00Z,1.16178,1.16435,1.16176,1.16422,6251
2025-08-26T10:00:00Z,1.16423,1.16474,1.16368,1.16449,4092
2025-08-26T11:00:00Z,1.16449,1.16605,1.16412,1.16537,5340
2025-08-26T12:00:00Z,1.16539,1.16599,1.16447,1.16461,9730
2025-08-26T13:00:00Z,1.16458,1.16565,1.16370,1.16505,7688
2025-08-26T14:00:00Z,1.16505,1.16652,1.16435,1.16545,7393
2025-08-26T15:00:00Z,1.16545,1.16636,1.16486,1.16553,6238
2025-08-26T16:00:00Z,1.16556,1.16615,1.16484,1.16488,2736
2025-08-26T17:00:00Z,1.16490,1.16527,1.16374,1.16377,2664
2025-08-26T18:00:00Z,1.16377,1.16473,1.16333,1.16435,2659
2025-08-26T19:00:00Z,1.16436,1.16485,1.16397,1.16405,2350
2025-08-26T20:00:00Z,1.16403,1.16430,1.16333,1.16419,2109
2025-08-26T21:00:00Z,1.16417,1.16470,1.16405,1.16446,2493
2025-08-26T22:00:00Z,1.16450,1.16475,1.16408,1.16428,1076
2025-08-26T23:00:00Z,1.16428,1.16436,1.16366,1.16368,1496
2025-08-27T00:00:00Z,1.16370,1.16415,1.16336,1.16367,1960
2025-08-27T01:00:00Z,1.16366,1.16406,1.16307,1.16337,3462
2025-08-27T02:00:00Z,1.16336,1.16340,1.16247,1.16311,2279
2025-08-27T03:00:00Z,1.16312,1.16328,1.16215,1.16251,2190
2025-08-27T04:00:00Z,1.16251,1.16253,1.16119,1.16140,2074
2025-08-27T05:00:00Z,1.16139,1.16203,1.16133,1.16202,2031
2025-08-27T06:00:00Z,1.16199,1.16239,1.16143,1.16207,4520
2025-08-27T07:00:00Z,1.16208,1.16219,1.15961,1.16035,5435
2025-08-27T08:00:00Z,1.16032,1.16034,1.15771,1.15886,6132
2025-08-27T09:00:00Z,1.15888,1.15951,1.15862,1.15900,3157
2025-08-27T10:00:00Z,1.15900,1.15923,1.15787,1.15794,3223
2025-08-27T11:00:00Z,1.15792,1.15897,1.15740,1.15859,3845
2025-08-27T12:00:00Z,1.15859,1.15982,1.15842,1.15861,5636
2025-08-27T13:00:00Z,1.15862,1.16037,1.15841,1.15978,9749
2025-08-27T14:00:00Z,1.15976,1.16027,1.15822,1.15922,8666
2025-08-27T15:00:00Z,1.15922,1.16122,1.15920,1.16105,5910
2025-08-27T16:00:00Z,1.16105,1.16406,1.16105,1.16381,5808
2025-08-27T17:00:00Z,1.16381,1.16428,1.16324,1.16377,3174
2025-08-27T18:00:00Z,1.16377,1.16381,1.16278,1.16305,3660
2025-08-27T19:00:00Z,1.16304,1.16350,1.16290,1.16336,5812
2025-08-27T20:00:00Z,1.16337,1.16390,1.16314,1.16381,2719
2025-08-27T21:00:00Z,1.16380,1.16384,1.16321,1.16368,907
2025-08-27T22:00:00Z,1.16368,1.16438,1.16368,1.16431,1090
2025-08-27T23:00:00Z,1.16432,1.16477,1.16424,1.16473,775
2025-08-28T00:00:00Z,1.16474,1.16493,1.16426,1.16455,1903
2025-08-28T01:00:00Z,1.16456,1.16503,1.16414,1.16450,1946
2025-08-28T02:00:00Z,1.16451,1.16546,1.16446,1.16525,3553
2025-08-28T03:00:00Z,1.16527,1.16542,1.16420,1.16428,1556
2025-08-28T04:00:00Z,1.16429,1.16440,1.16387,1.16397,1234
2025-08-28T05:00:00Z,1.16397,1.16407,1.16358,1.16373,1718
2025-08-28T06:00:00Z,1.16370,1.16449,1.16337,1.16428,4148
2025-08-28T07:00:00Z,1.16429,1.16494,1.16337,1.16437,4857
2025-08-28T08:00:00Z,1.16434,1.16454,1.16289,1.16422,4165
2025-08-28T09:00:00Z,1.16425,1.16544,1.16424,1.16485,3274
2025-08-28T10:00:00Z,1.16485,1.16746,1.16480,1.16714,4113
2025-08-28T11:00:00Z,1.16712,1.16735,1.16592,1.16663,3678
2025-08-28T12:00:00Z,1.16665,1.16869,1.16621,1.16694,11079
2025-08-28T13:00:00Z,1.16695,1.16771,1.16584,1.16720,8819
2025-08-28T14:00:00Z,1.16719,1.16860,1.16660,1.16703,10143
2025-08-28T15:00:00Z,1.16704,1.16752,1.16613,1.16720,5848
2025-08-28T16:00:00Z,1.16720,1.16899,1.16716,1.16893,3050
2025-08-28T17:00:00Z,1.16893,1.16972,1.16868,1.16878,3071
2025-08-28T18:00:00Z,1.16879,1.16901,1.16847,1.16889,1804
2025-08-28T19:00:00Z,1.16891,1.16901,1.16821,1.16825,1397
2025-08-28T20:00:00Z,1.16824,1.16834,1.16777,1.16827,1412
2025-08-28T21:00:00Z,1.16817,1.16817,1.16772,1.16782,1504
2025-08-28T22:00:00Z,1.16777,1.16806,1.16732,1.16738,1796
2025-08-28T23:00:00Z,1.16737,1.16818,1.16737,1.16785,861
2025-08-29T00:00:00Z,1.16786,1.16821,1.16725,1.16747,1656
2025-08-29T01:00:00Z,1.16748,1.16762,1.16560,1.16587,4123
2025-08-29T02:00:00Z,1.16588,1.16649,1.16587,1.16617,3456
2025-08-29T03:00:00Z,1.16619,1.16648,1.16597,1.16624,1729
2025-08-29T04:00:00Z,1.16623,1.16647,1.16583,1.16646,1597
2025-08-29T05:00:00Z,1.16645,1.16701,1.16614,1.16698,1816
2025-08-29T06:00:00Z,1.16696,1.16704,1.16611,1.16672,3108
2025-08-29T07:00:00Z,1.16673,1.16768,1.16627,1.16757,3904
2025-08-29T08:00:00Z,1.16757,1.16901,1.16695,1.16756,5295
2025-08-29T09:00:00Z,1.16755,1.16826,1.16688,1.16729,5331
2025-08-29T10:00:00Z,1.16728,1.16744,1.16649,1.16677,4820
2025-08-29T11:00:00Z,1.16676,1.16679,1.16610,1.16627,3250
2025-08-29T12:00:00Z,1.16628,1.16639,1.16507,1.16585,7095
2025-08-29T13:00:00Z,1.16584,1.16730,1.16535,1.16686,7655
2025-08-29T14:00:00Z,1.16686,1.17050,1.16686,1.17044,11420
2025-08-29T15:00:00Z,1.17044,1.17089,1.16943,1.16943,6756
2025-08-29T16:00:00Z,1.16944,1.17069,1.16936,1.17015,4249
2025-08-29T17:00:00Z,1.17013,1.17029,1.16961,1.16963,2252
2025-08-29T18:00:00Z,1.16964,1.16993,1.16932,1.16984,2528
2025-08-29T19:00:00Z,1.16983,1.16994,1.16928,1.16982,2905
2025-08-29T20:00:00Z,1.16983,1.17005,1.16805,1.16826,3985
2025-08-31T21:00:00Z,1.16935,1.16959,1.16865,1.16878,556
2025-08-31T22:00:00Z,1.16881,1.16905,1.16845,1.16885,1003
2025-08-31T23:00:00Z,1.16886,1.16903,1.16867,1.16900,674
2025-09-01T00:00:00Z,1.16899,1.16979,1.16898,1.16970,1268
2025-09-01T01:00:00Z,1.16971,1.16972,1.16879,1.16946,1968
2025-09-01T02:00:00Z,1.16946,1.17136,1.16946,1.17116,2402
2025-09-01T03:00:00Z,1.17117,1.17142,1.17043,1.17080,1420
2025-09-01T04:00:00Z,1.17081,1.17099,1.17046,1.17083,1024
2025-09-01T05:00:00Z,1.17082,1.17154,1.17080,1.17143,1594
2025-09-01T06:00:00Z,1.17142,1.17333,1.17133,1.17251,4121
2025-09-01T07:00:00Z,1.17250,1.17278,1.17151,1.17251,4362
2025-09-01T08:00:00Z,1.17250,1.17362,1.17158,1.17353,5658
2025-09-01T09:00:00Z,1.17351,1.17362,1.17186,1.17194,3525
2025-09-01T10:00:00Z,1.17193,1.17261,1.17179,1.17195,2781
2025-09-01T11:00:00Z,1.17196,1.17290,1.17129,1.17143,2833
2025-09-01T12:00:00Z,1.17142,1.17178,1.17063,1.17075,3428
2025-09-01T13:00:00Z,1.17074,1.17161,1.17051,1.17078,3642
2025-09-01T14:00:00Z,1.17076,1.17142,1.17053,1.17109,4110
2025-09-01T15:00:00Z,1.17108,1.17113,1.16994,1.16995,3189
2025-09-01T16:00:00Z,1.16996,1.17046,1.16964,1.17046,1412
2025-09-01T17:00:00Z,1.17046,1.17050,1.17011,1.17041,558
2025-09-01T18:00:00Z,1.17041,1.17074,1.17037,1.17073,622
2025-09-01T19:00:00Z,1.17073,1.17136,1.17073,1.17127,552
2025-09-01T20:00:00Z,1.17126,1.17134,1.17105,1.17106,620
2025-09-01T21:00:00Z,1.17106,1.17106,1.17060,1.17084,1238
2025-09-01T22:00:00Z,1.17073,1.17133,1.17069,1.17107,1333
2025-09-01T23:00:00Z,1.17108,1.17180,1.17105,1.17147,706
2025-09-02T00:00:00Z,1.17148,1.17156,1.17029,1.17044,6191
2025-09-02T01:00:00Z,1.17044,1.17068,1.16992,1.17036,5734
2025-09-02T02:00:00Z,1.17034,1.17039,1.16920,1.16982,4193
2025-09-02T03:00:00Z,1.16983,1.16992,1.16930,1.16951,2187
2025-09-02T04:00:00Z,1.16951,1.16961,1.16899,1.16931,1728
2025-09-02T05:00:00Z,1.16932,1.16970,1.16870,1.16943,2863
2025-09-02T06:00:00Z,1.16944,1.17061,1.16944,1.17031,2993
2025-09-02T07:00:00Z,1.17031,1.17064,1.16426,1.16458,12516
2025-09-02T08:00:00Z,1.16459,1.16555,1.16336,1.16446,11684
2025-09-02T09:00:00Z,1.16444,1.16481,1.16237,1.16375,10862
2025-09-02T10:00:00Z,1.16377,1.16419,1.16267,1.16318,9638
2025-09-02T11:00:00Z,1.16316,1.16495,1.16279,1.16463,19847
2025-09-02T12:00:00Z,1.16467,1.16531,1.16127,1.16172,11539
2025-09-02T13:00:00Z,1.16172,1.16513,1.16150,1.16495,10652
2025-09-02T14:00:00Z,1.16500,1.16825,1.16500,1.16623,15809
2025-09-02T15:00:00Z,1.16622,1.16684,1.16492,1.16525,7781
2025-09-02T16:00:00Z,1.16526,1.16548,1.16428,1.16439,3967
2025-09-02T17:00:00Z,1.16442,1.16482,1.16413,1.16422,2564
2025-09-02T18:00:00Z,1.16420,1.16434,1.16294,1.16334,3368
2025-09-02T19:00:00Z,1.16335,1.16413,1.16319,1.16412,5042
2025-09-02T20:00:00Z,1.16413,1.16432,1.16374,1.16395,2729
2025-09-02T21:00:00Z,1.16395,1.16422,1.16373,1.16412,2311
2025-09-02T22:00:00Z,1.16411,1.16438,1.16365,1.16370,1475
2025-09-02T23:00:00Z,1.16372,1.16378,1.16325,1.16327,4554
2025-09-03T00:00:00Z,1.16327,1.16361,1.16288,1.16330,3547
2025-09-03T01:00:00Z,1.16330,1.16353,1.16262,1.16301,8726
2025-09-03T02:00:00Z,1.16303,1.16353,1.16247,1.16272,6212
2025-09-03T03:00:00Z,1.16274,1.16301,1.16230,1.16234,4155
2025-09-03T04:00:00Z,1.16234,1.16317,1.16218,1.16317,5476
2025-09-03T05:00:00Z,1.16316,1.16344,1.16260,1.16300,4498
2025-09-03T06:00:00Z,1.16300,1.16429,1.16284,1.16330,4460
2025-09-03T07:00:00Z,1.16328,1.16360,1.16081,1.16356,11931
2025-09-03T08:00:00Z,1.16357,1.16575,1.16354,1.16562,7482
2025-09-03T09:00:00Z,1.16564,1.16646,1.16518,1.16562,5101
2025-09-03T10:00:00Z,1.16563,1.16577,1.16394,1.16433,3766
2025-09-03T11:00:00Z,1.16432,1.16542,1.16398,1.16516,3809
2025-09-03T12:00:00Z,1.16517,1.16588,1.16446,1.16483,5301
2025-09-03T13:00:00Z,1.16482,1.16538,1.16384,1.16492,9261
2025-09-03T14:00:00Z,1.16488,1.16801,1.16488,1.16636,12424
2025-09-03T15:00:00Z,1.16636,1.16820,1.16629,1.16750,5821
2025-09-03T16:00:00Z,1.16749,1.16774,1.16666,1.16751,3648
2025-09-03T17:00:00Z,1.16754,1.16770,1.16587,1.16610,3083
2025-09-03T18:00:00Z,1.16607,1.16678,1.16580,1.16617,3779
2025-09-03T19:00:00Z,1.16616,1.16626,1.16556,1.16582,2193
2025-09-03T20:00:00Z,1.16580,1.16643,1.16556,1.16612,1611
2025-09-03T21:00:00Z,1.16612,1.16625,1.16582,1.16602,2441
2025-09-03T22:00:00Z,1.16605,1.16630,1.16590,1.16600,855
2025-09-03T23:00:00Z,1.16601,1.16621,1.16566,1.16608,1181
2025-09-04T00:00:00Z,1.16611,1.16621,1.16545,1.16585,4432
2025-09-04T01:00:00Z,1.16588,1.16694,1.16522,1.16582,4809
2025-09-04T02:00:00Z,1.16582,1.16588,1.16509,1.16528,2246
2025-09-04T03:00:00Z,1.16529,1.16556,1.16502,1.16531,1575
2025-09-04T04:00:00Z,1.16531,1.16548,1.16502,1.16514,1063
2025-09-04T05:00:00Z,1.16516,1.16552,1.16485,1.16551,1372
2025-09-04T06:00:00Z,1.16551,1.16612,1.16498,1.16518,3144
2025-09-04T07:00:00Z,1.16517,1.16583,1.16439,1.16505,4099
2025-09-04T08:00:00Z,1.16504,1.16593,1.16480,1.16572,3938
2025-09-04T09:00:00Z,1.16571,1.16594,1.16395,1.16427,3325
2025-09-04T10:00:00Z,1.16428,1.16596,1.16428,1.16527,3545
2025-09-04T11:00:00Z,1.16525,1.16528,1.16391,1.16427,2737
2025-09-04T12:00:00Z,1.16429,1.16582,1.16298,1.16457,9164
2025-09-04T13:00:00Z,1.16458,1.16557,1.16374,1.16495,9345
2025-09-04T14:00:00Z,1.16492,1.16515,1.16315,1.16346,13067
2025-09-04T15:00:00Z,1.16347,1.16499,1.16311,1.16473,4609
2025-09-04T16:00:00Z,1.16475,1.16481,1.16338,1.16394,3009
2025-09-04T17:00:00Z,1.16394,1.16400,1.16343,1.16374,1959
2025-09-04T18:00:00Z,1.16375,1.16477,1.16365,1.16438,1749
2025-09-04T19:00:00Z,1.16438,1.16519,1.16437,1.16508,1992
2025-09-04T20:00:00Z,1.16507,1.16522,1.16483,1.16494,1073
2025-09-04T21:00:00Z,1.16493,1.16500,1.16461,1.16479,1235
2025-09-04T22:00:00Z,1.16479,1.16531,1.16476,1.16488,1682
2025-09-04T23:00:00Z,1.16493,1.16577,1.16485,1.16567,1299
2025-09-05T00:00:00Z,1.16566,1.16607,1.16522,1.16594,3992
2025-09-05T01:00:00Z,1.16595,1.16718,1.16595,1.16704,2716
2025-09-05T02:00:00Z,1.16705,1.16745,1.16683,1.16683,1526
2025-09-05T03:00:00Z,1.16679,1.16731,1.16660,1.16713,2116
2025-09-05T04:00:00Z,1.16713,1.16717,1.16648,1.16668,1541
2025-09-05T05:00:00Z,1.16670,1.16775,1.16663,1.16765,1054
2025-09-05T06:00:00Z,1.16766,1.16775,1.16649,1.16690,4598
2025-09-05T07:00:00Z,1.16691,1.16786,1.16663,1.16777,4453
2025-09-05T08:00:00Z,1.16775,1.16843,1.16749,1.16828,3228
2025-09-05T09:00:00Z,1.16830,1.16923,1.16814,1.16877,2841
2025-09-05T10:00:00Z,1.16877,1.16963,1.16867,1.16914,2936
2025-09-05T11:00:00Z,1.16913,1.16916,1.16775,1.16870,4621
2025-09-05T12:00:00Z,1.16870,1.17500,1.16862,1.17341,19341
2025-09-05T13:00:00Z,1.17341,1.17502,1.17136,1.17487,15292
2025-09-05T14:00:00Z,1.17489,1.17592,1.17227,1.17365,12116
2025-09-05T15:00:00Z,1.17363,1.17592,1.17346,1.17583,7180
2025-09-05T16:00:00Z,1.17582,1.17593,1.17364,1.17389,4498
2025-09-05T17:00:00Z,1.17387,1.17391,1.17246,1.17257,3998
2025-09-05T18:00:00Z,1.17256,1.17263,1.17144,1.17169,2651
2025-09-05T19:00:00Z,1.17169,1.17230,1.17129,1.17176,2737
2025-09-05T20:00:00Z,1.17178,1.17219,1.17139,1.17141,1837
2025-09-07T21:00:00Z,1.17111,1.17186,1.17102,1.17170,395
2025-09-07T22:00:00Z,1.17168,1.17197,1.17036,1.17057,2703
2025-09-07T23:00:00Z,1.17059,1.17158,1.17057,1.17121,2152
2025-09-08T00:00:00Z,1.17122,1.17130,1.17046,1.17128,2960
2025-09-08T01:00:00Z,1.17129,1.17173,1.17074,1.17127,3214
2025-09-08T02:00:00Z,1.17128,1.17162,1.17101,1.17150,3062
2025-09-08T03:00:00Z,1.17149,1.17157,1.17079,1.17092,1658
2025-09-08T04:00:00Z,1.17092,1.17142,1.17059,1.17130,1661
2025-09-08T05:00:00Z,1.17129,1.17208,1.17122,1.17147,2405
2025-09-08T06:00:00Z,1.17150,1.17277,1.17118,1.17267,5038
2025-09-08T07:00:00Z,1.17268,1.17338,1.17202,1.17328,5175
2025-09-08T08:00:00Z,1.17326,1.17427,1.17258,1.17310,4025
2025-09-08T09:00:00Z,1.17311,1.17313,1.17207,1.17236,3193
2025-09-08T10:00:00Z,1.17236,1.17288,1.17198,1.17257,3472
2025-09-08T11:00:00Z,1.17256,1.17317,1.17245,1.17289,2563
2025-09-08T12:00:00Z,1.17290,1.17415,1.17228,1.17377,4515
2025-09-08T13:00:00Z,1.17377,1.17561,1.17363,1.17510,5440
2025-09-08T14:00:00Z,1.17510,1.17543,1.17397,1.17452,6606
2025-09-08T15:00:00Z,1.17454,1.17522,1.17431,1.17503,4111
2025-09-08T16:00:00Z,1.17503,1.17518,1.17349,1.17403,3767
2025-09-08T17:00:00Z,1.17402,1.17469,1.17348,1.17395,2200
2025-09-08T18:00:00Z,1.17394,1.17624,1.17394,1.17611,2187
2025-09-08T19:00:00Z,1.17610,1.17654,1.17594,1.17624,2441
2025-09-08T20:00:00Z,1.17623,1.17636,1.17595,1.17629,1346
2025-09-08T21:00:00Z,1.17620,1.17629,1.17585,1.17609,823
2025-09-08T22:00:00Z,1.17611,1.17649,1.17611,1.17619,1094
2025-09-08T23:00:00Z,1.17622,1.17728,1.17622,1.17684,1005
2025-09-09T00:00:00Z,1.17685,1.17742,1.17653,1.17714,3044
2025-09-09T01:00:00Z,1.17714,1.17779,1.17659,1.17749,3571
2025-09-09T02:00:00Z,1.17750,1.17768,1.17677,1.17685,3084
2025-09-09T03:00:00Z,1.17687,1.17699,1.17634,1.17638,993
2025-09-09T04:00:00Z,1.17639,1.17757,1.17635,1.17726,1301
2025-09-09T05:00:00Z,1.17726,1.17799,1.17711,1.17786,2378
2025-09-09T06:00:00Z,1.17789,1.17798,1.17560,1.17647,4695
2025-09-09T07:00:00Z,1.17648,1.17681,1.17479,1.17527,5078
2025-09-09T08:00:00Z,1.17525,1.17621,1.17441,1.17593,6869
2025-09-09T09:00:00Z,1.17595,1.17722,1.17593,1.17675,5132
2025-09-09T10:00:00Z,1.17675,1.17712,1.17524,1.17538,5108
2025-09-09T11:00:00Z,1.17542,1.17544,1.17410,1.17420,4110
2025-09-09T12:00:00Z,1.17422,1.17449,1.17275,1.17371,6151
2025-09-09T13:00:00Z,1.17372,1.17489,1.17339,1.17414,6793
2025-09-09T14:00:00Z,1.17416,1.17626,1.17227,1.17307,20942
2025-09-09T15:00:00Z,1.17308,1.17315,1.17156,1.17220,11206
2025-09-09T16:00:00Z,1.17220,1.17297,1.17186,1.17190,6810
2025-09-09T17:00:00Z,1.17190,1.17235,1.17083,1.17094,7557
2025-09-09T18:00:00Z,1.17093,1.17145,1.17041,1.17062,7451
2025-09-09T19:00:00Z,1.17063,1.17089,1.17036,1.17065,2251
2025-09-09T20:00:00Z,1.17063,1.17117,1.17044,1.17078,1870
2025-09-09T21:00:00Z,1.17073,1.17119,1.17060,1.17094,2841
2025-09-09T22:00:00Z,1.17093,1.17134,1.17084,1.17118,1345
2025-09-09T23:00:00Z,1.17115,1.17119,1.16972,1.17020,2064
2025-09-10T00:00:00Z,1.17020,1.17023,1.16959,1.16969,2241
2025-09-10T01:00:00Z,1.16971,1.17026,1.16891,1.16991,4211
2025-09-10T02:00:00Z,1.16994,1.17080,1.16992,1.17069,2731
2025-09-10T03:00:00Z,1.17072,1.17100,1.17065,1.17080,1478
2025-09-10T04:00:00Z,1.17080,1.17154,1.17073,1.17149,2313
2025-09-10T05:00:00Z,1.17147,1.17157,1.17049,1.17083,2549
2025-09-10T06:00:00Z,1.17085,1.17184,1.16916,1.16976,5521
2025-09-10T07:00:00Z,1.16977,1.17077,1.16824,1.17028,6521
2025-09-10T08:00:00Z,1.17028,1.17035,1.16910,1.16997,4292
2025-09-10T09:00:00Z,1.16996,1.17170,1.16981,1.17133,3700
2025-09-10T10:00:00Z,1.17131,1.17145,1.16963,1.17002,3170
2025-09-10T11:00:00Z,1.17001,1.17068,1.16950,1.17046,3378
2025-09-10T12:00:00Z,1.17045,1.17272,1.16910,1.17002,12721
2025-09-10T13:00:00Z,1.17001,1.17246,1.16956,1.17200,10347
2025-09-10T14:00:00Z,1.17198,1.17306,1.17151,1.17277,7764
2025-09-10T15:00:00Z,1.17276,1.17300,1.17131,1.17146,4230
2025-09-10T16:00:00Z,1.17145,1.17161,1.17023,1.17053,4224
2025-09-10T17:00:00Z,1.17053,1.17113,1.17015,1.17058,2555
2025-09-10T18:00:00Z,1.17055,1.17121,1.17025,1.17047,1893
2025-09-10T19:00:00Z,1.17044,1.17046,1.16933,1.17002,2426
2025-09-10T20:00:00Z,1.17001,1.17013,1.16932,1.16946,1459
2025-09-10T21:00:00Z,1.16945,1.16993,1.16937,1.16986,3152
2025-09-10T22:00:00Z,1.16987,1.17032,1.16979,1.17028,591
2025-09-10T23:00:00Z,1.17028,1.17067,1.17011,1.17024,847
2025-09-11T00:00:00Z,1.17023,1.17023,1.16936,1.16939,1907
2025-09-11T01:00:00Z,1.16937,1.17025,1.16927,1.16973,2077
2025-09-11T02:00:00Z,1.16971,1.16988,1.16937,1.16964,1338
2025-09-11T03:00:00Z,1.16963,1.17001,1.16946,1.16956,1276
2025-09-11T04:00:00Z,1.16955,1.16993,1.16937,1.16993,1271
2025-09-11T05:00:00Z,1.16992,1.16994,1.16891,1.16899,1684
2025-09-11T06:00:00Z,1.16897,1.16966,1.16836,1.16905,4223
2025-09-11T07:00:00Z,1.16906,1.16963,1.16864,1.16926,5172
2025-09-11T08:00:00Z,1.16927,1.16951,1.16886,1.16920,3592
2025-09-11T09:00:00Z,1.16918,1.16931,1.16772,1.16858,3638
2025-09-11T10:00:00Z,1.16859,1.16882,1.16798,1.16830,2985
2025-09-11T11:00:00Z,1.16827,1.16910,1.16781,1.16835,5729
2025-09-11T12:00:00Z,1.16836,1.17208,1.16589,1.17149,18659
2025-09-11T13:00:00Z,1.17147,1.17409,1.17137,1.17392,15424
2025-09-11T14:00:00Z,1.17390,1.17442,1.17255,1.17278,8053
2025-09-11T15:00:00Z,1.17277,1.17460,1.17260,1.17315,6203
2025-09-11T16:00:00Z,1.17316,1.17396,1.17305,1.17363,3929
2025-09-11T17:00:00Z,1.17363,1.17390,1.17277,1.17316,3184
2025-09-11T18:00:00Z,1.17315,1.17383,1.17306,1.17355,2447
2025-09-11T19:00:00Z,1.17355,1.17389,1.17336,1.17366,3610
2025-09-11T20:00:00Z,1.17368,1.17397,1.17331,1.17337,2652
2025-09-11T21:00:00Z,1.17326,1.17358,1.17306,1.17347,2533
2025-09-11T22:00:00Z,1.17350,1.17405,1.17345,1.17386,927
2025-09-11T23:00:00Z,1.17389,1.17398,1.17327,1.17329,863
2025-09-12T00:00:00Z,1.17329,1.17343,1.17268,1.17330,3528
2025-09-12T01:00:00Z,1.17329,1.17344,1.17253,1.17254,3031
2025-09-12T02:00:00Z,1.17257,1.17290,1.17237,1.17266,2077
2025-09-12T03:00:00Z,1.17266,1.17270,1.17227,1.17249,1635
2025-09-12T04:00:00Z,1.17250,1.17270,1.17206,1.17254,1868
2025-09-12T05:00:00Z,1.17255,1.17334,1.17238,1.17304,1781
2025-09-12T06:00:00Z,1.17307,1.17404,1.17218,1.17392,5329
2025-09-12T07:00:00Z,1.17394,1.17475,1.17368,1.17407,5497
2025-09-12T08:00:00Z,1.17406,1.17409,1.17154,1.17172,5981
2025-09-12T09:00:00Z,1.17172,1.17251,1.17125,1.17219,7306
2025-09-12T10:00:00Z,1.17221,1.17347,1.17217,1.17337,4198
2025-09-12T11:00:00Z,1.17337,1.17354,1.17204,1.17211,5916
2025-09-12T12:00:00Z,1.17213,1.17227,1.17013,1.17121,8581
2025-09-12T13:00:00Z,1.17122,1.17164,1.17033,1.17123,6269
2025-09-12T14:00:00Z,1.17123,1.17280,1.17117,1.17250,8667
2025-09-12T15:00:00Z,1.17252,1.17278,1.17133,1.17140,4955
2025-09-12T16:00:00Z,1.17140,1.17317,1.17099,1.17269,2997
2025-09-12T17:00:00Z,1.17268,1.17378,1.17268,1.17320,2266
2025-09-12T18:00:00Z,1.17320,1.17416,1.17320,1.17409,2344
2025-09-12T19:00:00Z,1.17411,1.17414,1.17338,1.17363,1826
2025-09-12T20:00:00Z,1.17363,1.17365,1.17286,1.17301,2576
2025-09-14T21:00:00Z,1.17303,1.17339,1.17279,1.17288,331
2025-09-14T22:00:00Z,1.17290,1.17344,1.17276,1.17280,1221
2025-09-14T23:00:00Z,1.17280,1.17310,1.17249,1.17253,633
2025-09-15T00:00:00Z,1.17256,1.17276,1.17218,1.17268,1008
2025-09-15T01:00:00Z,1.17267,1.17294,1.17225,1.17276,1789
2025-09-15T02:00:00Z,1.17275,1.17292,1.17244,1.17274,1201
2025-09-15T03:00:00Z,1.17275,1.17342,1.17269,1.17312,1196
2025-09-15T04:00:00Z,1.17312,1.17353,1.17308,1.17340,917
2025-09-15T05:00:00Z,1.17341,1.17343,1.17278,1.17284,1024
2025-09-15T06:00:00Z,1.17284,1.17298,1.17160,1.17250,3201
2025-09-15T07:00:00Z,1.17249,1.17441,1.17241,1.17335,4137
2025-09-15T08:00:00Z,1.17333,1.17435,1.17298,1.17369,4439
2025-09-15T09:00:00Z,1.17369,1.17516,1.17359,1.17463,4052
2025-09-15T10:00:00Z,1.17461,1.17626,1.17461,1.17528,3360
2025-09-15T11:00:00Z,1.17527,1.17630,1.17527,1.17608,3612
2025-09-15T12:00:00Z,1.17610,1.17708,1.17610,1.17693,5178
2025-09-15T13:00:00Z,1.17692,1.17731,1.17575,1.17588,6559
2025-09-15T14:00:00Z,1.17588,1.17603,1.17508,1.17577,6092
2025-09-15T15:00:00Z,1.17578,1.17720,1.17563,1.17712,4570
2025-09-15T16:00:00Z,1.17712,1.17744,1.17564,1.17581,3069
2025-09-15T17:00:00Z,1.17580,1.17728,1.17579,1.17709,2943
2025-09-15T18:00:00Z,1.17711,1.17721,1.17662,1.17693,6333
2025-09-15T19:00:00Z,1.17694,1.17719,1.17642,1.17657,5568
2025-09-15T20:00:00Z,1.17656,1.17686,1.17598,1.17609,3917
2025-09-15T21:00:00Z,1.17606,1.17656,1.17602,1.17651,1193
2025-09-15T22:00:00Z,1.17651,1.17653,1.17615,1.17627,1153
2025-09-15T23:00:00Z,1.17630,1.17657,1.17626,1.17628,705
2025-09-16T00:00:00Z,1.17627,1.17661,1.17572,1.17619,2007
2025-09-16T01:00:00Z,1.17618,1.17691,1.17580,1.17674,2502
2025-09-16T02:00:00Z,1.17673,1.17773,1.17673,1.17764,2442
2025-09-16T03:00:00Z,1.17765,1.17866,1.17739,1.17802,3383
2025-09-16T04:00:00Z,1.17802,1.17802,1.17739,1.17769,2024
2025-09-16T05:00:00Z,1.17767,1.17802,1.17735,1.17782,1748
2025-09-16T06:00:00Z,1.17780,1.17912,1.17778,1.17871,6569
2025-09-16T07:00:00Z,1.17871,1.18017,1.17862,1.17944,7021
2025-09-16T08:00:00Z,1.17943,1.18037,1.17900,1.17946,6439
2025-09-16T09:00:00Z,1.17950,1.18179,1.17947,1.18140,6181
2025-09-16T10:00:00Z,1.18140,1.18153,1.18038,1.18082,5398
2025-09-16T11:00:00Z,1.18083,1.18213,1.18011,1.18141,6244
2025-09-16T12:00:00Z,1.18142,1.18153,1.17902,1.18046,8683
2025-09-16T13:00:00Z,1.18044,1.18270,1.18040,1.18239,9382
2025-09-16T14:00:00Z,1.18238,1.18531,1.18212,1.18516,12383
2025-09-16T15:00:00Z,1.18516,1.18532,1.18349,1.18470,7688
2025-09-16T16:00:00Z,1.18469,1.18717,1.18463,1.18644,4791
2025-09-16T17:00:00Z,1.18642,1.18783,1.18633,1.18660,4953
2025-09-16T18:00:00Z,1.18660,1.18708,1.18613,1.18665,2666
2025-09-16T19:00:00Z,1.18664,1.18688,1.18578,1.18604,2989
2025-09-16T20:00:00Z,1.18602,1.18685,1.18583,1.18668,3503
2025-09-16T21:00:00Z,1.18657,1.18657,1.18568,1.18631,2378
2025-09-16T22:00:00Z,1.18627,1.18680,1.18622,1.18657,1413
2025-09-16T23:00:00Z,1.18660,1.18727,1.18655,1.18709,991
2025-09-17T00:00:00Z,1.18711,1.18727,1.18576,1.18583,4076
2025-09-17T01:00:00Z,1.18582,1.18592,1.18519,1.18559,2929
2025-09-17T02:00:00Z,1.18559,1.18577,1.18511,1.18553,1708
2025-09-17T03:00:00Z,1.18554,1.18577,1.18512,1.18518,1615
2025-09-17T04:00:00Z,1.18517,1.18551,1.18511,1.18537,2719
2025-09-17T05:00:00Z,1.18536,1.18596,1.18536,1.18578,1913
2025-09-17T06:00:00Z,1.18581,1.18598,1.18513,1.18560,6350
2025-09-17T07:00:00Z,1.18559,1.18560,1.18378,1.18403,6672
2025-09-17T08:00:00Z,1.18404,1.18512,1.18396,1.18479,4149
2025-09-17T09:00:00Z,1.18478,1.18495,1.18409,1.18454,3817
2025-09-17T10:00:00Z,1.18454,1.18467,1.18326,1.18363,4383
2025-09-17T11:00:00Z,1.18363,1.18459,1.18348,1.18392,2766
2025-09-17T12:00:00Z,1.18389,1.18449,1.18338,1.18433,4333
2025-09-17T13:00:00Z,1.18434,1.18528,1.18422,1.18496,5739
2025-09-17T14:00:00Z,1.18497,1.18590,1.18458,1.18494,6511
2025-09-17T15:00:00Z,1.18493,1.18525,1.18434,1.18446,4278
2025-09-17T16:00:00Z,1.18444,1.18562,1.18422,1.18532,3206
2025-09-17T17:00:00Z,1.18531,1.18551,1.18465,1.18517,4362
2025-09-17T18:00:00Z,1.18517,1.19186,1.18187,1.18341,31670
2025-09-17T19:00:00Z,1.18344,1.18566,1.18204,1.18244,18881
2025-09-17T20:00:00Z,1.18245,1.18274,1.18077,1.18122,3493
2025-09-17T21:00:00Z,1.18120,1.18158,1.18101,1.18149,2345
2025-09-17T22:00:00Z,1.18153,1.18219,1.18119,1.18189,1550
2025-09-17T23:00:00Z,1.18193,1.18287,1.18177,1.18251,1800
2025-09-18T00:00:00Z,1.18253,1.18282,1.18149,1.18253,4622
2025-09-18T01:00:00Z,1.18251,1.18287,1.18074,1.18135,7095
2025-09-18T02:00:00Z,1.18136,1.18223,1.18124,1.18194,3010
2025-09-18T03:00:00Z,1.18192,1.18226,1.18114,1.18121,1645
2025-09-18T04:00:00Z,1.18120,1.18137,1.17936,1.17949,2736
2025-09-18T05:00:00Z,1.17950,1.18001,1.17851,1.17906,3636
2025-09-18T06:00:00Z,1.17905,1.17994,1.17802,1.17943,5746
2025-09-18T07:00:00Z,1.17942,1.18385,1.17935,1.18315,8868
2025-09-18T08:00:00Z,1.18314,1.18342,1.18208,1.18276,6761
2025-09-18T09:00:00Z,1.18277,1.18482,1.18268,1.18380,5250
2025-09-18T10:00:00Z,1.18380,1.18399,1.18309,1.18365,5435
2025-09-18T11:00:00Z,1.18366,1.18369,1.18199,1.18253,5874
2025-09-18T12:00:00Z,1.18252,1.18260,1.17950,1.17955,10102
2025-09-18T13:00:00Z,1.17955,1.17959,1.17500,1.17669,13406
2025-09-18T14:00:00Z,1.17670,1.17816,1.17626,1.17754,29459
2025-09-18T15:00:00Z,1.17754,1.17875,1.17693,1.17794,10116
2025-09-18T16:00:00Z,1.17792,1.17878,1.17720,1.17869,5543
2025-09-18T17:00:00Z,1.17868,1.17937,1.17855,1.17877,6156
2025-09-18T18:00:00Z,1.17877,1.17894,1.17819,1.17877,4146
2025-09-18T19:00:00Z,1.17876,1.17911,1.17824,1.17848,2345
2025-09-18T20:00:00Z,1.17851,1.17867,1.17811,1.17856,1843
2025-09-18T21:00:00Z,1.17841,1.17882,1.17828,1.17864,2028
2025-09-18T22:00:00Z,1.17867,1.17896,1.17840,1.17866,2203
2025-09-18T23:00:00Z,1.17866,1.17906,1.17862,1.17889,1047
2025-09-19T00:00:00Z,1.17890,1.17906,1.17751,1.17863,4542
2025-09-19T01:00:00Z,1.17862,1.17866,1.17741,1.17752,4888
2025-09-19T02:00:00Z,1.17750,1.17807,1.17719,1.17795,2233
2025-09-19T03:00:00Z,1.17796,1.17925,1.17796,1.17816,4553
2025-09-19T04:00:00Z,1.17818,1.17896,1.17703,1.17737,6661
2025-09-19T05:00:00Z,1.17737,1.17778,1.17707,1.17730,2761
2025-09-19T06:00:00Z,1.17729,1.17775,1.17632,1.17663,6496
2025-09-19T07:00:00Z,1.17665,1.17781,1.17573,1.17697,7610
2025-09-19T08:00:00Z,1.17697,1.17706,1.17509,1.17610,4631
2025-09-19T09:00:00Z,1.17608,1.17687,1.17563,1.17595,3806
2025-09-19T10:00:00Z,1.17595,1.17650,1.17583,1.17610,3130
2025-09-19T11:00:00Z,1.17612,1.17621,1.17349,1.17368,4446
2025-09-19T12:00:00Z,1.17367,1.17432,1.17286,1.17360,6024
2025-09-19T13:00:00Z,1.17360,1.17637,1.17352,1.17582,7809
2025-09-19T14:00:00Z,1.17580,1.17679,1.17558,1.17570,6758
2025-09-19T15:00:00Z,1.17570,1.17589,1.17371,1.17521,6025
2025-09-19T16:00:00Z,1.17520,1.17550,1.17411,1.17529,2817
2025-09-19T17:00:00Z,1.17528,1.17549,1.17485,1.17507,2375
2025-09-19T18:00:00Z,1.17507,1.17513,1.17466,1.17482,1593
2025-09-19T19:00:00Z,1.17482,1.17508,1.17450,1.17476,1114
2025-09-19T20:00:00Z,1.17476,1.17477,1.17405,1.17405,1749
2025-09-21T21:00:00Z,1.17449,1.17454,1.17376,1.17448,394
2025-09-21T22:00:00Z,1.17445,1.17477,1.17389,1.17405,1165
2025-09-21T23:00:00Z,1.17405,1.17415,1.17357,1.17365,1258
2025-09-22T00:00:00Z,1.17363,1.17380,1.17262,1.17345,2379
2025-09-22T01:00:00Z,1.17346,1.17407,1.17316,1.17321,4673
2025-09-22T02:00:00Z,1.17322,1.17335,1.17270,1.17280,3132
2025-09-22T03:00:00Z,1.17278,1.17347,1.17276,1.17324,2690
2025-09-22T04:00:00Z,1.17324,1.17324,1.17263,1.17305,1850
2025-09-22T05:00:00Z,1.17305,1.17385,1.17296,1.17382,1986
2025-09-22T06:00:00Z,1.17381,1.17484,1.17360,1.17432,3783
2025-09-22T07:00:00Z,1.17434,1.17544,1.17390,1.17483,5218
2025-09-22T08:00:00Z,1.17482,1.17690,1.17468,1.17623,5281
2025-09-22T09:00:00Z,1.17626,1.17761,1.17616,1.17758,3187
2025-09-22T10:00:00Z,1.17756,1.17858,1.17736,1.17739,3084
2025-09-22T11:00:00Z,1.17739,1.17821,1.17692,1.17781,3107
2025-09-22T12:00:00Z,1.17784,1.17873,1.17731,1.17832,5302
2025-09-22T13:00:00Z,1.17830,1.17877,1.17685,1.17765,10198
2025-09-22T14:00:00Z,1.17766,1.17771,1.17626,1.17696,5379
2025-09-22T15:00:00Z,1.17695,1.17755,1.17641,1.17724,3848
2025-09-22T16:00:00Z,1.17724,1.17900,1.17713,1.17880,3718
2025-09-22T17:00:00Z,1.17882,1.17970,1.17855,1.17964,1894
2025-09-22T18:00:00Z,1.17964,1.17990,1.17921,1.17962,2141
2025-09-22T19:00:00Z,1.17964,1.18019,1.17952,1.17997,2002
2025-09-22T20:00:00Z,1.17998,1.18034,1.17979,1.18025,1886
2025-09-22T21:00:00Z,1.18026,1.18026,1.17932,1.17983,3361
2025-09-22T22:00:00Z,1.17978,1.18037,1.17975,1.18008,676
2025-09-22T23:00:00Z,1.18010,1.18026,1.17996,1.18004,426
2025-09-23T00:00:00Z,1.18002,1.18073,1.17966,1.18062,1698
2025-09-23T01:00:00Z,1.18060,1.18199,1.18039,1.18147,4822
2025-09-23T02:00:00Z,1.18146,1.18165,1.18013,1.18042,2825
2025-09-23T03:00:00Z,1.18041,1.18062,1.17963,1.18054,2545
2025-09-23T04:00:00Z,1.18056,1.18079,1.17974,1.17976,1201
2025-09-23T05:00:00Z,1.17974,1.18048,1.17949,1.17984,2099
2025-09-23T06:00:00Z,1.17984,1.18044,1.17899,1.17948,4421
2025-09-23T07:00:00Z,1.17947,1.17997,1.17787,1.17904,8406
2025-09-23T08:00:00Z,1.17903,1.18054,1.17838,1.18027,11754
2025-09-23T09:00:00Z,1.18026,1.18124,1.18004,1.18021,4459
2025-09-23T10:00:00Z,1.18023,1.18064,1.17905,1.17959,3821
2025-09-23T11:00:00Z,1.17961,1.17999,1.17913,1.17916,3110
2025-09-23T12:00:00Z,1.17918,1.17983,1.17842,1.17967,5198
2025-09-23T13:00:00Z,1.17968,1.18044,1.17841,1.17995,9646
2025-09-23T14:00:00Z,1.17992,1.18052,1.17923,1.17952,8082
2025-09-23T15:00:00Z,1.17953,1.17990,1.17880,1.17981,3791
2025-09-23T16:00:00Z,1.17983,1.18093,1.17913,1.18049,4797
2025-09-23T17:00:00Z,1.18048,1.18177,1.18028,1.18115,4397
2025-09-23T18:00:00Z,1.18116,1.18167,1.18082,1.18109,3030
2025-09-23T19:00:00Z,1.18109,1.18179,1.18068,1.18160,2598
2025-09-23T20:00:00Z,1.18161,1.18183,1.18114,1.18149,1333
2025-09-23T21:00:00Z,1.18138,1.18149,1.18108,1.18144,1374
2025-09-23T22:00:00Z,1.18144,1.18190,1.18138,1.18143,2410
2025-09-23T23:00:00Z,1.18143,1.18173,1.18125,1.18153,938
2025-09-24T00:00:00Z,1.18153,1.18163,1.18031,1.18036,3374
2025-09-24T01:00:00Z,1.18039,1.18050,1.17973,1.17997,5805
2025-09-24T02:00:00Z,1.17999,1.18037,1.17960,1.17967,3406
2025-09-24T03:00:00Z,1.17964,1.17999,1.17947,1.17974,1739
2025-09-24T04:00:00Z,1.17971,1.18044,1.17954,1.18028,1870
2025-09-24T05:00:00Z,1.18027,1.18049,1.17921,1.17980,2621
2025-09-24T06:00:00Z,1.17979,1.18027,1.17860,1.17873,5089
2025-09-24T07:00:00Z,1.17875,1.17946,1.17841,1.17882,5409
2025-09-24T08:00:00Z,1.17883,1.17883,1.17661,1.17717,6912
2025-09-24T09:00:00Z,1.17717,1.17747,1.17623,1.17676,3939
2025-09-24T10:00:00Z,1.17675,1.17698,1.17507,1.17517,3539
2025-09-24T11:00:00Z,1.17518,1.17554,1.17464,1.17492,4693
2025-09-24T12:00:00Z,1.17492,1.17580,1.17395,1.17425,9865
2025-09-24T13:00:00Z,1.17427,1.17435,1.17301,1.17384,10591
2025-09-24T14:00:00Z,1.17383,1.17461,1.17280,1.17428,10037
2025-09-24T15:00:00Z,1.17430,1.17458,1.17368,1.17416,9594
2025-09-24T16:00:00Z,1.17417,1.17436,1.17299,1.17325,5307
2025-09-24T17:00:00Z,1.17324,1.17407,1.17317,1.17375,3074
2025-09-24T18:00:00Z,1.17376,1.17387,1.17324,1.17365,2662
2025-09-24T19:00:00Z,1.17366,1.17391,1.17319,1.17378,2409
2025-09-24T20:00:00Z,1.17377,1.17392,1.17351,1.17374,1919
2025-09-24T21:00:00Z,1.17367,1.17406,1.17363,1.17387,964
2025-09-24T22:00:00Z,1.17388,1.17449,1.17384,1.17445,1167
2025-09-24T23:00:00Z,1.17444,1.17460,1.17419,1.17423,1354
2025-09-25T00:00:00Z,1.17422,1.17481,1.17406,1.17473,2387
2025-09-25T01:00:00Z,1.17473,1.17493,1.17405,1.17440,2941
2025-09-25T02:00:00Z,1.17442,1.17517,1.17432,1.17495,3073
2025-09-25T03:00:00Z,1.17496,1.17535,1.17474,1.17524,1746
2025-09-25T04:00:00Z,1.17525,1.17534,1.17487,1.17520,1453
2025-09-25T05:00:00Z,1.17522,1.17522,1.17404,1.17420,1715
2025-09-25T06:00:00Z,1.17420,1.17521,1.17381,1.17458,5449
2025-09-25T07:00:00Z,1.17457,1.17479,1.17313,1.17332,5453
2025-09-25T08:00:00Z,1.17333,1.17444,1.17305,1.17427,8130
2025-09-25T09:00:00Z,1.17428,1.17517,1.17389,1.17448,3573
2025-09-25T10:00:00Z,1.17447,1.17538,1.17443,1.17468,3187
2025-09-25T11:00:00Z,1.17468,1.17471,1.17345,1.17401,4664
2025-09-25T12:00:00Z,1.17400,1.17455,1.16876,1.16980,11867
2025-09-25T13:00:00Z,1.16981,1.17101,1.16829,1.16857,10577
2025-09-25T14:00:00Z,1.16856,1.16945,1.16736,1.16761,11366
2025-09-25T15:00:00Z,1.16761,1.16807,1.16665,1.16723,6781
2025-09-25T16:00:00Z,1.16722,1.16831,1.16687,1.16705,4703
2025-09-25T17:00:00Z,1.16705,1.16720,1.16521,1.16574,4192
2025-09-25T18:00:00Z,1.16576,1.16599,1.16454,1.16522,3770
2025-09-25T19:00:00Z,1.16522,1.16628,1.16517,1.16604,2535
2025-09-25T20:00:00Z,1.16604,1.16688,1.16593,1.16654,2486
2025-09-25T21:00:00Z,1.16653,1.16653,1.16568,1.16586,4970
2025-09-25T22:00:00Z,1.16586,1.16685,1.16586,1.16680,1102
2025-09-25T23:00:00Z,1.16681,1.16681,1.16598,1.16616,1536
2025-09-26T00:00:00Z,1.16615,1.16713,1.16579,1.16712,3503
2025-09-26T01:00:00Z,1.16710,1.16735,1.16655,1.16676,2989
2025-09-26T02:00:00Z,1.16677,1.16793,1.16673,1.16770,2079
2025-09-26T03:00:00Z,1.16769,1.16787,1.16748,1.16782,1251
2025-09-26T04:00:00Z,1.16780,1.16817,1.16742,1.16799,1860
2025-09-26T05:00:00Z,1.16799,1.16818,1.16764,1.16769,1924
2025-09-26T06:00:00Z,1.16771,1.16837,1.16718,1.16796,4476
2025-09-26T07:00:00Z,1.16795,1.16831,1.16684,1.16729,5276
2025-09-26T08:00:00Z,1.16729,1.16877,1.16706,1.16806,4651
2025-09-26T09:00:00Z,1.16803,1.16843,1.16757,1.16785,4414
2025-09-26T10:00:00Z,1.16784,1.16811,1.16615,1.16630,3604
2025-09-26T11:00:00Z,1.16631,1.16758,1.16624,1.16677,4575
2025-09-26T12:00:00Z,1.16678,1.16860,1.16667,1.16829,11239
2025-09-26T13:00:00Z,1.16828,1.16943,1.16780,1.16836,9786
2025-09-26T14:00:00Z,1.16837,1.17044,1.16834,1.16912,10739
2025-09-26T15:00:00Z,1.16909,1.16998,1.16869,1.16912,6430
2025-09-26T16:00:00Z,1.16911,1.16968,1.16864,1.16927,3354
2025-09-26T17:00:00Z,1.16928,1.17016,1.16908,1.16997,2393
2025-09-26T18:00:00Z,1.16997,1.17056,1.16959,1.17038,2293
2025-09-26T19:00:00Z,1.17038,1.17058,1.16983,1.17057,1555
2025-09-26T20:00:00Z,1.17055,1.17072,1.16987,1.17005,1849
2025-09-28T21:00:00Z,1.16986,1.17044,1.16986,1.17038,1843
2025-09-28T22:00:00Z,1.17038,1.17057,1.17013,1.17042,1152
2025-09-28T23:00:00Z,1.17041,1.17097,1.17037,1.17048,586
2025-09-29T00:00:00Z,1.17047,1.17231,1.17044,1.17215,2471
2025-09-29T01:00:00Z,1.17214,1.17251,1.17142,1.17229,3837
2025-09-29T02:00:00Z,1.17230,1.17282,1.17222,1.17260,2825
2025-09-29T03:00:00Z,1.17259,1.17292,1.17249,1.17251,1308
2025-09-29T04:00:00Z,1.17249,1.17328,1.17225,1.17270,1631
2025-09-29T05:00:00Z,1.17268,1.17332,1.17237,1.17283,3089
2025-09-29T06:00:00Z,1.17283,1.17286,1.17179,1.17195,4723
2025-09-29T07:00:00Z,1.17196,1.17329,1.17174,1.17268,5593
2025-09-29T08:00:00Z,1.17266,1.17288,1.17075,1.17234,4277
2025-09-29T09:00:00Z,1.17236,1.17260,1.17166,1.17176,3421
2025-09-29T10:00:00Z,1.17174,1.17216,1.17154,1.17198,2479
2025-09-29T11:00:00Z,1.17199,1.17308,1.17091,1.17289,3737
2025-09-29T12:00:00Z,1.17291,1.17511,1.17184,1.17497,11894
2025-09-29T13:00:00Z,1.17500,1.17544,1.17372,1.17407,9305
2025-09-29T14:00:00Z,1.17406,1.17444,1.17294,1.17301,6502
2025-09-29T15:00:00Z,1.17299,1.17340,1.17225,1.17290,6136
2025-09-29T16:00:00Z,1.17293,1.17329,1.17254,1.17292,2598
2025-09-29T17:00:00Z,1.17296,1.17315,1.17212,1.17214,1863
2025-09-29T18:00:00Z,1.17214,1.17328,1.17199,1.17314,2135
2025-09-29T19:00:00Z,1.17311,1.17315,1.17258,1.17274,1863
2025-09-29T20:00:00Z,1.17273,1.17277,1.17234,1.17260,1755
2025-09-29T21:00:00Z,1.17254,1.17295,1.17228,1.17260,2727
2025-09-29T22:00:00Z,1.17260,1.17279,1.17243,1.17272,615
2025-09-29T23:00:00Z,1.17273,1.17322,1.17270,1.17305,833
2025-09-30T00:00:00Z,1.17307,1.17313,1.17124,1.17207,5397
2025-09-30T01:00:00Z,1.17208,1.17257,1.17134,1.17139,6066
2025-09-30T02:00:00Z,1.17139,1.17238,1.17119,1.17223,2481
2025-09-30T03:00:00Z,1.17222,1.17263,1.17203,1.17236,2092
2025-09-30T04:00:00Z,1.17234,1.17285,1.17185,1.17285,3227
2025-09-30T05:00:00Z,1.17283,1.17370,1.17279,1.17331,2242
2025-09-30T06:00:00Z,1.17332,1.17437,1.17308,1.17374,4422
2025-09-30T07:00:00Z,1.17372,1.17483,1.17362,1.17415,4340
2025-09-30T08:00:00Z,1.17419,1.17615,1.17419,1.17555,5296
2025-09-30T09:00:00Z,1.17555,1.17583,1.17451,1.17480,3612
2025-09-30T10:00:00Z,1.17482,1.17514,1.17403,1.17456,3677
2025-09-30T11:00:00Z,1.17457,1.17486,1.17363,1.17420,4754
2025-09-30T12:00:00Z,1.17420,1.17474,1.17329,1.17370,4471
2025-09-30T13:00:00Z,1.17371,1.17390,1.17164,1.17302,7061
2025-09-30T14:00:00Z,1.17301,1.17522,1.17231,1.17497,11074
2025-09-30T15:00:00Z,1.17496,1.17503,1.17255,1.17340,7154
2025-09-30T16:00:00Z,1.17340,1.17591,1.17337,1.17565,3969
2025-09-30T17:00:00Z,1.17565,1.17614,1.17469,1.17491,3513
2025-09-30T18:00:00Z,1.17491,1.17494,1.17355,1.17406,2372
2025-09-30T19:00:00Z,1.17404,1.17412,1.17364,1.17396,2190
2025-09-30T20:00:00Z,1.17399,1.17402,1.17327,1.17328,2409
2025-09-30T21:00:00Z,1.17325,1.17369,1.17325,1.17361,2949
2025-09-30T22:00:00Z,1.17360,1.17421,1.17329,1.17340,1600
2025-09-30T23:00:00Z,1.17340,1.17424,1.17335,1.17344,1665
2025-10-01T00:00:00Z,1.17342,1.17382,1.17296,1.17357,2219
2025-10-01T01:00:00Z,1.17360,1.17406,1.17302,1.17389,1911
2025-10-01T02:00:00Z,1.17393,1.17395,1.17322,1.17378,1396
2025-10-01T03:00:00Z,1.17378,1.17390,1.17338,1.17378,1323
2025-10-01T04:00:00Z,1.17381,1.17585,1.17379,1.17579,1981
2025-10-01T05:00:00Z,1.17578,1.17669,1.17520,1.17521,3803
2025-10-01T06:00:00Z,1.17523,1.17748,1.17505,1.17678,5548
2025-10-01T07:00:00Z,1.17676,1.17785,1.17418,1.17498,9792
2025-10-01T08:00:00Z,1.17497,1.17659,1.17492,1.17492,6948
2025-10-01T09:00:00Z,1.17493,1.17540,1.17306,1.17326,4770
2025-10-01T10:00:00Z,1.17326,1.17333,1.17157,1.17251,6194
2025-10-01T11:00:00Z,1.17252,1.17402,1.17251,1.17343,4115
2025-10-01T12:00:00Z,1.17343,1.17688,1.17222,1.17489,19009
2025-10-01T13:00:00Z,1.17490,1.17614,1.17459,1.17539,11468
2025-10-01T14:00:00Z,1.17539,1.17634,1.17309,1.17465,16294
2025-10-01T15:00:00Z,1.17463,1.17492,1.17212,1.17229,10774
2025-10-01T16:00:00Z,1.17228,1.17267,1.17154,1.17227,9281
2025-10-01T17:00:00Z,1.17228,1.17325,1.17227,1.17237,4898
2025-10-01T18:00:00Z,1.17238,1.17419,1.17215,1.17347,4202
2025-10-01T19:00:00Z,1.17347,1.17369,1.17296,1.17304,3282
2025-10-01T20:00:00Z,1.17303,1.17310,1.17261,1.17294,3040
2025-10-01T21:00:00Z,1.17268,1.17341,1.17268,1.17303,6453
2025-10-01T22:00:00Z,1.17310,1.17372,1.17309,1.17335,1165
2025-10-01T23:00:00Z,1.17336,1.17369,1.17327,1.17327,504
2025-10-02T00:00:00Z,1.17325,1.17348,1.17243,1.17298,2423
2025-10-02T01:00:00Z,1.17295,1.17389,1.17237,1.17386,1892
2025-10-02T02:00:00Z,1.17389,1.17418,1.17368,1.17371,1179
2025-10-02T03:00:00Z,1.17373,1.17386,1.17323,1.17346,1371
2025-10-02T04:00:00Z,1.17345,1.17357,1.17299,1.17341,1173
2025-10-02T05:00:00Z,1.17342,1.17370,1.17293,1.17354,1302
2025-10-02T06:00:00Z,1.17354,1.17448,1.17339,1.17426,5084
2025-10-02T07:00:00Z,1.17427,1.17566,1.17407,1.17498,5042
2025-10-02T08:00:00Z,1.17498,1.17567,1.17450,1.17535,4436
2025-10-02T09:00:00Z,1.17534,1.17582,1.17505,1.17547,3031
2025-10-02T10:00:00Z,1.17548,1.17548,1.17461,1.17519,2864
2025-10-02T11:00:00Z,1.17519,1.17566,1.17471,1.17502,3149
2025-10-02T12:00:00Z,1.17502,1.17583,1.17343,1.17375,4810
2025-10-02T13:00:00Z,1.17380,1.17437,1.17132,1.17222,8670
2025-10-02T14:00:00Z,1.17219,1.17219,1.17050,1.17134,10041
2025-10-02T15:00:00Z,1.17131,1.17133,1.16829,1.16965,7384
2025-10-02T16:00:00Z,1.16964,1.17149,1.16949,1.17148,10291
2025-10-02T17:00:00Z,1.17147,1.17203,1.17121,1.17134,3991
2025-10-02T18:00:00Z,1.17134,1.17222,1.17125,1.17209,3036
2025-10-02T19:00:00Z,1.17209,1.17265,1.17172,1.17187,2321
2025-10-02T20:00:00Z,1.17188,1.17241,1.17143,1.17154,2611
2025-10-02T21:00:00Z,1.17154,1.17186,1.17130,1.17169,1474
2025-10-02T22:00:00Z,1.17174,1.17208,1.17162,1.17188,668
2025-10-02T23:00:00Z,1.17190,1.17257,1.17184,1.17244,573
2025-10-03T00:00:00Z,1.17245,1.17245,1.17189,1.17241,1257
2025-10-03T01:00:00Z,1.17244,1.17292,1.17161,1.17268,2983
2025-10-03T02:00:00Z,1.17267,1.17277,1.17204,1.17246,1680
2025-10-03T03:00:00Z,1.17243,1.17268,1.17198,1.17262,1123
2025-10-03T04:00:00Z,1.17262,1.17280,1.17179,1.17179,1480
2025-10-03T05:00:00Z,1.17179,1.17213,1.17146,1.17169,2933
2025-10-03T06:00:00Z,1.17169,1.17289,1.17160,1.17203,2717
2025-10-03T07:00:00Z,1.17204,1.17342,1.17204,1.17320,4424
2025-10-03T08:00:00Z,1.17320,1.17444,1.17309,1.17399,4446
2025-10-03T09:00:00Z,1.17399,1.17406,1.17311,1.17371,4863
2025-10-03T10:00:00Z,1.17371,1.17397,1.17336,1.17362,3420
2025-10-03T11:00:00Z,1.17362,1.17428,1.17309,1.17336,4347
2025-10-03T12:00:00Z,1.17338,1.17407,1.17268,1.17393,4764
2025-10-03T13:00:00Z,1.17395,1.17444,1.17326,1.17377,5673
2025-10-03T14:00:00Z,1.17379,1.17591,1.17340,1.17407,17642
2025-10-03T15:00:00Z,1.17408,1.17487,1.17365,1.17459,4119
2025-10-03T16:00:00Z,1.17462,1.17483,1.17376,1.17396,2335
2025-10-03T17:00:00Z,1.17396,1.17415,1.17319,1.17337,2321
2025-10-03T18:00:00Z,1.17337,1.17401,1.17265,1.17396,2589
2025-10-03T19:00:00Z,1.17395,1.17422,1.17370,1.17409,1600
2025-10-03T20:00:00Z,1.17408,1.17443,1.17382,1.17382,2159
2025-10-05T21:00:00Z,1.17209,1.17275,1.17187,1.17256,535
2025-10-05T22:00:00Z,1.17256,1.17272,1.17156,1.17160,4296
2025-10-05T23:00:00Z,1.17160,1.17164,1.17060,1.17116,5413
2025-10-06T00:00:00Z,1.17121,1.17189,1.17100,1.17160,4114
2025-10-06T01:00:00Z,1.17163,1.17249,1.17101,1.17239,2808
2025-10-06T02:00:00Z,1.17239,1.17307,1.17236,1.17269,1808
2025-10-06T03:00:00Z,1.17269,1.17300,1.17233,1.17242,1635
2025-10-06T04:00:00Z,1.17243,1.17273,1.17194,1.17201,2532
2025-10-06T05:00:00Z,1.17200,1.17253,1.17140,1.17170,2054
2025-10-06T06:00:00Z,1.17172,1.17196,1.16901,1.16936,5781
2025-10-06T07:00:00Z,1.16936,1.17119,1.16621,1.16625,12242
2025-10-06T08:00:00Z,1.16626,1.16796,1.16516,1.16677,12881
2025-10-06T09:00:00Z,1.16675,1.16696,1.16570,1.16661,14911
2025-10-06T10:00:00Z,1.16662,1.16668,1.16525,1.16632,9740
2025-10-06T11:00:00Z,1.16632,1.16788,1.16574,1.16753,6923
2025-10-06T12:00:00Z,1.16751,1.16895,1.16728,1.16889,14122
2025-10-06T13:00:00Z,1.16891,1.17027,1.16836,1.16994,6701
2025-10-06T14:00:00Z,1.16993,1.17177,1.16950,1.17164,7003
2025-10-06T15:00:00Z,1.17164,1.17211,1.17029,1.17063,4705
2025-10-06T16:00:00Z,1.17066,1.17121,1.17029,1.17118,2589
2025-10-06T17:00:00Z,1.17118,1.17158,1.17096,1.17103,1882
2025-10-06T18:00:00Z,1.17101,1.17157,1.17093,1.17125,1680
2025-10-06T19:00:00Z,1.17126,1.17168,1.17100,1.17106,1564
2025-10-06T20:00:00Z,1.17105,1.17138,1.17082,1.17104,1949
2025-10-06T21:00:00Z,1.17104,1.17144,1.17060,1.17085,1184
2025-10-06T22:00:00Z,1.17084,1.17144,1.17083,1.17095,2444
2025-10-06T23:00:00Z,1.17097,1.17142,1.17082,1.17092,1144
2025-10-07T00:00:00Z,1.17093,1.17110,1.17040,1.17085,2472
2025-10-07T01:00:00Z,1.17087,1.17087,1.16963,1.16967,1895
2025-10-07T02:00:00Z,1.16966,1.17057,1.16966,1.17014,1310
2025-10-07T03:00:00Z,1.17016,1.17069,1.16994,1.17030,1469
2025-10-07T04:00:00Z,1.17030,1.17072,1.16943,1.16983,2083
2025-10-07T05:00:00Z,1.16983,1.16996,1.16873,1.16915,1765
2025-10-07T06:00:00Z,1.16915,1.16916,1.16829,1.16866,5542
2025-10-07T07:00:00Z,1.16864,1.16878,1.16701,1.16761,4417
2025-10-07T08:00:00Z,1.16761,1.16828,1.16648,1.16657,3568
2025-10-07T09:00:00Z,1.16657,1.16708,1.16604,1.16663,3816
2025-10-07T10:00:00Z,1.16662,1.16758,1.16629,1.16741,4173
2025-10-07T11:00:00Z,1.16739,1.16742,1.16538,1.16625,4073
2025-10-07T12:00:00Z,1.16623,1.16668,1.16539,1.16666,6505
2025-10-07T13:00:00Z,1.16668,1.16700,1.16593,1.16602,5741
2025-10-07T14:00:00Z,1.16601,1.16661,1.16547,1.16629,7784
2025-10-07T15:00:00Z,1.16631,1.16798,1.16614,1.16728,6556
2025-10-07T16:00:00Z,1.16730,1.16810,1.16697,1.16699,4067
2025-10-07T17:00:00Z,1.16698,1.16792,1.16664,1.16672,4089
2025-10-07T18:00:00Z,1.16673,1.16679,1.16567,1.16576,2557
2025-10-07T19:00:00Z,1.16577,1.16582,1.16474,1.16500,2945
2025-10-07T20:00:00Z,1.16502,1.16583,1.16488,1.16563,1545
2025-10-07T21:00:00Z,1.16559,1.16583,1.16529,1.16563,2142
2025-10-07T22:00:00Z,1.16561,1.16610,1.16561,1.16590,756
2025-10-07T23:00:00Z,1.16591,1.16591,1.16526,1.16526,1506
2025-10-08T00:00:00Z,1.16527,1.16530,1.16454,1.16473,2426
2025-10-08T01:00:00Z,1.16472,1.16472,1.16259,1.16265,6296
2025-10-08T02:00:00Z,1.16266,1.16271,1.16168,1.16238,3409
2025-10-08T03:00:00Z,1.16236,1.16245,1.16174,1.16237,1849
2025-10-08T04:00:00Z,1.16236,1.16251,1.16159,1.16191,1854
2025-10-08T05:00:00Z,1.16189,1.16191,1.16119,1.16168,2531
2025-10-08T06:00:00Z,1.16170,1.16202,1.16068,1.16163,4762
2025-10-08T07:00:00Z,1.16166,1.16341,1.16116,1.16310,7373
2025-10-08T08:00:00Z,1.16311,1.16353,1.16105,1.16144,4732
2025-10-08T09:00:00Z,1.16147,1.16202,1.16059,1.16112,4643
2025-10-08T10:00:00Z,1.16112,1.16361,1.16091,1.16336,4131
2025-10-08T11:00:00Z,1.16335,1.16345,1.16251,1.16259,4044
2025-10-08T12:00:00Z,1.16260,1.16378,1.16245,1.16324,3962
2025-10-08T13:00:00Z,1.16322,1.16447,1.16273,1.16317,5279
2025-10-08T14:00:00Z,1.16317,1.16361,1.16203,1.16215,5964
2025-10-08T15:00:00Z,1.16216,1.16219,1.16030,1.16056,7547
2025-10-08T16:00:00Z,1.16057,1.16069,1.15983,1.16051,3987
2025-10-08T17:00:00Z,1.16052,1.16091,1.16023,1.16069,2329
2025-10-08T18:00:00Z,1.16070,1.16220,1.15996,1.16198,5717
2025-10-08T19:00:00Z,1.16201,1.16283,1.16201,1.16278,2076
2025-10-08T20:00:00Z,1.16280,1.16323,1.16263,1.16274,2168
2025-10-08T21:00:00Z,1.16275,1.16287,1.16230,1.16280,4140
2025-10-08T22:00:00Z,1.16282,1.16348,1.16275,1.16333,1594
2025-10-08T23:00:00Z,1.16333,1.16334,1.16280,1.16290,1488
2025-10-09T00:00:00Z,1.16289,1.16409,1.16280,1.16368,2155
2025-10-09T01:00:00Z,1.16366,1.16455,1.16363,1.16400,3089
2025-10-09T02:00:00Z,1.16399,1.16476,1.16387,1.16439,2014
2025-10-09T03:00:00Z,1.16437,1.16464,1.16403,1.16447,1213
2025-10-09T04:00:00Z,1.16445,1.16470,1.16418,1.16454,922
2025-10-09T05:00:00Z,1.16455,1.16480,1.16382,1.16384,1993
2025-10-09T06:00:00Z,1.16383,1.16385,1.16113,1.16153,6863
2025-10-09T07:00:00Z,1.16156,1.16231,1.16064,1.16111,9200
2025-10-09T08:00:00Z,1.16108,1.16143,1.16030,1.16123,6120
2025-10-09T09:00:00Z,1.16124,1.16271,1.16107,1.16256,6552
2025-10-09T10:00:00Z,1.16258,1.16271,1.16129,1.16184,3042
2025-10-09T11:00:00Z,1.16184,1.16220,1.16093,1.16121,5134
2025-10-09T12:00:00Z,1.16119,1.16162,1.16048,1.16150,7842
2025-10-09T13:00:00Z,1.16151,1.16231,1.15914,1.16025,13407
2025-10-09T14:00:00Z,1.16025,1.16027,1.15763,1.15808,11301
2025-10-09T15:00:00Z,1.15808,1.15817,1.15470,1.15587,9604
2025-10-09T16:00:00Z,1.15587,1.15632,1.15524,1.15578,4997
2025-10-09T17:00:00Z,1.15577,1.15662,1.15540,1.15598,3866
2025-10-09T18:00:00Z,1.15596,1.15602,1.15420,1.15463,2940
2025-10-09T19:00:00Z,1.15463,1.15615,1.15463,1.15594,2361
2025-10-09T20:00:00Z,1.15593,1.15667,1.15585,1.15635,2338
2025-10-09T21:00:00Z,1.15634,1.15648,1.15551,1.15628,979
2025-10-09T22:00:00Z,1.15633,1.15666,1.15617,1.15646,822
2025-10-09T23:00:00Z,1.15645,1.15663,1.15567,1.15652,1221
2025-10-10T00:00:00Z,1.15650,1.15706,1.15606,1.15673,1815
2025-10-10T01:00:00Z,1.15674,1.15714,1.15623,1.15626,1948
2025-10-10T02:00:00Z,1.15628,1.15729,1.15625,1.15695,2013
2025-10-10T03:00:00Z,1.15693,1.15740,1.15673,1.15729,1367
2025-10-10T04:00:00Z,1.15727,1.15735,1.15674,1.15734,1080
2025-10-10T05:00:00Z,1.15732,1.15778,1.15693,1.15697,1662
2025-10-10T06:00:00Z,1.15697,1.15746,1.15609,1.15701,5773
2025-10-10T07:00:00Z,1.15701,1.15798,1.15638,1.15780,6838
2025-10-10T08:00:00Z,1.15778,1.15895,1.15751,1.15787,4314
2025-10-10T09:00:00Z,1.15786,1.15799,1.15686,1.15743,2924
2025-10-10T10:00:00Z,1.15744,1.15833,1.15704,1.15714,3075
2025-10-10T11:00:00Z,1.15715,1.15747,1.15601,1.15610,3919
2025-10-10T12:00:00Z,1.15609,1.15760,1.15590,1.15719,5646
2025-10-10T13:00:00Z,1.15718,1.15734,1.15618,1.15683,5108
2025-10-10T14:00:00Z,1.15684,1.15822,1.15646,1.15782,10390
2025-10-10T15:00:00Z,1.15784,1.16305,1.15777,1.16124,26459
2025-10-10T16:00:00Z,1.16124,1.16254,1.16040,1.16059,6690
2025-10-10T17:00:00Z,1.16056,1.16090,1.15969,1.16009,4191
2025-10-10T18:00:00Z,1.16012,1.16129,1.15997,1.16085,2659
2025-10-10T19:00:00Z,1.16084,1.16150,1.16036,1.16126,2773
2025-10-10T20:00:00Z,1.16129,1.16285,1.16037,1.16149,4789
2025-10-12T21:00:00Z,1.16138,1.16150,1.16078,1.16117,961
2025-10-12T22:00:00Z,1.16116,1.16135,1.15918,1.16030,4017
2025-10-12T23:00:00Z,1.16032,1.16101,1.16001,1.16015,2616
2025-10-13T00:00:00Z,1.16012,1.16158,1.16000,1.16157,3458
2025-10-13T01:00:00Z,1.16159,1.16209,1.16098,1.16197,3192
2025-10-13T02:00:00Z,1.16198,1.16275,1.16167,1.16194,1915
2025-10-13T03:00:00Z,1.16195,1.16216,1.16161,1.16205,1337
2025-10-13T04:00:00Z,1.16204,1.16250,1.16178,1.16201,1345
2025-10-13T05:00:00Z,1.16202,1.16238,1.16128,1.16145,1810
2025-10-13T06:00:00Z,1.16146,1.16297,1.16106,1.16139,4710
2025-10-13T07:00:00Z,1.16140,1.16158,1.15973,1.15997,6775
2025-10-13T08:00:00Z,1.15997,1.16047,1.15815,1.15853,6329
2025-10-13T09:00:00Z,1.15853,1.15980,1.15842,1.15942,2982
2025-10-13T10:00:00Z,1.15941,1.15956,1.15814,1.15833,2746
2025-10-13T11:00:00Z,1.15834,1.15941,1.15653,1.15681,5960
2025-10-13T12:00:00Z,1.15686,1.15765,1.15616,1.15685,5486
2025-10-13T13:00:00Z,1.15685,1.15775,1.15644,1.15749,5860
2025-10-13T14:00:00Z,1.15748,1.15748,1.15574,1.15612,5412
2025-10-13T15:00:00Z,1.15612,1.15752,1.15600,1.15737,3901
2025-10-13T16:00:00Z,1.15738,1.15792,1.15695,1.15754,4446
2025-10-13T17:00:00Z,1.15753,1.15770,1.15696,1.15731,1675
2025-10-13T18:00:00Z,1.15733,1.15776,1.15659,1.15683,2091
2025-10-13T19:00:00Z,1.15684,1.15737,1.15658,1.15660,1474
2025-10-13T20:00:00Z,1.15661,1.15707,1.15650,1.15691,1450
2025-10-13T21:00:00Z,1.15690,1.15727,1.15674,1.15713,1343
2025-10-13T22:00:00Z,1.15715,1.15738,1.15675,1.15677,1639
2025-10-13T23:00:00Z,1.15679,1.15697,1.15635,1.15658,1218
2025-10-14T00:00:00Z,1.15657,1.15672,1.15549,1.15611,4937
2025-10-14T01:00:00Z,1.15612,1.15732,1.15605,1.15707,2953
2025-10-14T02:00:00Z,1.15707,1.15761,1.15704,1.15737,1921
2025-10-14T03:00:00Z,1.15737,1.15818,1.15711,1.15787,2279
2025-10-14T04:00:00Z,1.15787,1.15925,1.15783,1.15917,4051
2025-10-14T05:00:00Z,1.15917,1.15935,1.15823,1.15844,4652
2025-10-14T06:00:00Z,1.15843,1.15894,1.15629,1.15700,6852
2025-10-14T07:00:00Z,1.15699,1.15744,1.15423,1.15495,9298
2025-10-14T08:00:00Z,1.15494,1.15606,1.15455,1.15587,8545
2025-10-14T09:00:00Z,1.15587,1.15631,1.15515,1.15549,4195
2025-10-14T10:00:00Z,1.15546,1.15594,1.15511,1.15533,3778
2025-10-14T11:00:00Z,1.15533,1.15582,1.15463,1.15518,4095
2025-10-14T12:00:00Z,1.15520,1.15650,1.15479,1.15555,6004
2025-10-14T13:00:00Z,1.15554,1.15829,1.15542,1.15739,9073
2025-10-14T14:00:00Z,1.15740,1.15972,1.15689,1.15941,7589
2025-10-14T15:00:00Z,1.15942,1.16081,1.15865,1.16071,6869
2025-10-14T16:00:00Z,1.16073,1.16148,1.16011,1.16094,6448
2025-10-14T17:00:00Z,1.16091,1.16120,1.16017,1.16093,3326
2025-10-14T18:00:00Z,1.16093,1.16117,1.16034,1.16049,2862
2025-10-14T19:00:00Z,1.16049,1.16113,1.16042,1.16053,3537
2025-10-14T20:00:00Z,1.16055,1.16078,1.15997,1.16059,1644
2025-10-14T21:00:00Z,1.16060,1.16083,1.16049,1.16073,723
2025-10-14T22:00:00Z,1.16072,1.16097,1.16034,1.16034,884
2025-10-14T23:00:00Z,1.16035,1.16055,1.16018,1.16032,1080
2025-10-15T00:00:00Z,1.16030,1.16138,1.16017,1.16104,4188
2025-10-15T01:00:00Z,1.16106,1.16228,1.16068,1.16190,5202
2025-10-15T02:00:00Z,1.16192,1.16258,1.16179,1.16229,2568
2025-10-15T03:00:00Z,1.16229,1.16240,1.16184,1.16221,1709
2025-10-15T04:00:00Z,1.16223,1.16242,1.16168,1.16183,1184
2025-10-15T05:00:00Z,1.16185,1.16267,1.16183,1.16195,2088
2025-10-15T06:00:00Z,1.16195,1.16384,1.16175,1.16339,6344
2025-10-15T07:00:00Z,1.16341,1.16445,1.16292,1.16356,6144
2025-10-15T08:00:00Z,1.16355,1.16453,1.16314,1.16326,4360
2025-10-15T09:00:00Z,1.16325,1.16390,1.16279,1.16346,4001
2025-10-15T10:00:00Z,1.16346,1.16350,1.16204,1.16242,4011
2025-10-15T11:00:00Z,1.16243,1.16321,1.16195,1.16199,3871
2025-10-15T12:00:00Z,1.16201,1.16274,1.16137,1.16175,5552
2025-10-15T13:00:00Z,1.16176,1.16320,1.16103,1.16272,8927
2025-10-15T14:00:00Z,1.16273,1.16298,1.16195,1.16245,5598
2025-10-15T15:00:00Z,1.16246,1.16472,1.16183,1.16369,5862
2025-10-15T16:00:00Z,1.16371,1.16407,1.16284,1.16398,4453
2025-10-15T17:00:00Z,1.16397,1.16402,1.16269,1.16291,5148
2025-10-15T18:00:00Z,1.16292,1.16372,1.16277,1.16332,2812
2025-10-15T19:00:00Z,1.16331,1.16448,1.16329,1.16441,2332
2025-10-15T20:00:00Z,1.16442,1.16476,1.16426,1.16466,1776
2025-10-15T21:00:00Z,1.16461,1.16461,1.16418,1.16434,844
2025-10-15T22:00:00Z,1.16436,1.16519,1.16435,1.16460,1707
2025-10-15T23:00:00Z,1.16463,1.16468,1.16445,1.16456,1227
2025-10-16T00:00:00Z,1.16455,1.16667,1.16425,1.16632,6651
2025-10-16T01:00:00Z,1.16632,1.16754,1.16610,1.16696,4446
2025-10-16T02:00:00Z,1.16698,1.16747,1.16641,1.16659,3353
2025-10-16T03:00:00Z,1.16658,1.16671,1.16615,1.16621,3365
2025-10-16T04:00:00Z,1.16619,1.16621,1.16557,1.16561,1431
2025-10-16T05:00:00Z,1.16559,1.16614,1.16537,1.16600,3043
2025-10-16T06:00:00Z,1.16609,1.16678,1.16521,1.16538,6689
2025-10-16T07:00:00Z,1.16538,1.16567,1.16429,1.16518,8042
2025-10-16T08:00:00Z,1.16517,1.16599,1.16485,1.16587,4930
2025-10-16T09:00:00Z,1.16586,1.16637,1.16523,1.16581,3546
2025-10-16T10:00:00Z,1.16583,1.16628,1.16529,1.16552,4374
2025-10-16T11:00:00Z,1.16556,1.16563,1.16462,1.16539,4524
2025-10-16T12:00:00Z,1.16540,1.16616,1.16489,1.16603,6022
2025-10-16T13:00:00Z,1.16602,1.16641,1.16500,1.16574,7147
2025-10-16T14:00:00Z,1.16575,1.16779,1.16534,1.16769,6915
2025-10-16T15:00:00Z,1.16769,1.16780,1.16611,1.16643,5508
2025-10-16T16:00:00Z,1.16642,1.16789,1.16640,1.16767,7843
2025-10-16T17:00:00Z,1.16770,1.16935,1.16767,1.16881,6417
2025-10-16T18:00:00Z,1.16879,1.16932,1.16803,1.16892,6306
2025-10-16T19:00:00Z,1.16892,1.16941,1.16870,1.16888,3572
2025-10-16T20:00:00Z,1.16888,1.16914,1.16847,1.16867,1795
2025-10-16T21:00:00Z,1.16864,1.16897,1.16816,1.16876,1086
2025-10-16T22:00:00Z,1.16884,1.16957,1.16860,1.16942,2476
2025-10-16T23:00:00Z,1.16943,1.16994,1.16928,1.16988,1776
2025-10-17T00:00:00Z,1.16989,1.17112,1.16951,1.17065,2924
2025-10-17T01:00:00Z,1.17065,1.17097,1.16997,1.17009,6635
2025-10-17T02:00:00Z,1.17009,1.17114,1.16951,1.17050,4212
2025-10-17T03:00:00Z,1.17052,1.17122,1.17045,1.17091,2794
2025-10-17T04:00:00Z,1.17091,1.17121,1.17061,1.17097,3018
2025-10-17T05:00:00Z,1.17097,1.17283,1.17096,1.17229,2669
2025-10-17T06:00:00Z,1.17230,1.17265,1.17082,1.17105,12422
2025-10-17T07:00:00Z,1.17103,1.17146,1.16936,1.17114,19606
2025-10-17T08:00:00Z,1.17114,1.17160,1.16915,1.16968,8940
2025-10-17T09:00:00Z,1.16968,1.17076,1.16963,1.17011,7202
2025-10-17T10:00:00Z,1.17010,1.17026,1.16873,1.16894,7120
2025-10-17T11:00:00Z,1.16894,1.16968,1.16802,1.16848,10874
2025-10-17T12:00:00Z,1.16849,1.16862,1.16668,1.16762,7668
2025-10-17T13:00:00Z,1.16762,1.16811,1.16690,1.16704,10635
2025-10-17T14:00:00Z,1.16702,1.16730,1.16563,1.16668,9100
2025-10-17T15:00:00Z,1.16668,1.16733,1.16607,1.16733,6120
2025-10-17T16:00:00Z,1.16730,1.16793,1.16697,1.16708,3516
2025-10-17T17:00:00Z,1.16707,1.16756,1.16669,1.16677,3530
2025-10-17T18:00:00Z,1.16677,1.16743,1.16639,1.16678,2845
2025-10-17T19:00:00Z,1.16678,1.16710,1.16658,1.16705,1892
2025-10-17T20:00:00Z,1.16692,1.16699,1.16496,1.16509,2776
2025-10-19T21:00:00Z,1.16646,1.16655,1.16540,1.16540,628
2025-10-19T22:00:00Z,1.16538,1.16574,1.16515,1.16560,2991
2025-10-19T23:00:00Z,1.16560,1.16615,1.16543,1.16578,2724
2025-10-20T00:00:00Z,1.16579,1.16664,1.16577,1.16662,5721
2025-10-20T01:00:00Z,1.16665,1.16674,1.16564,1.16598,2526
2025-10-20T02:00:00Z,1.16597,1.16706,1.16597,1.16658,2559
2025-10-20T03:00:00Z,1.16656,1.16686,1.16649,1.16681,1439
2025-10-20T04:00:00Z,1.16679,1.16736,1.16654,1.16714,2138
2025-10-20T05:00:00Z,1.16713,1.16753,1.16698,1.16736,1884
2025-10-20T06:00:00Z,1.16735,1.16735,1.16566,1.16583,5224
2025-10-20T07:00:00Z,1.16584,1.16680,1.16535,1.16622,4434
2025-10-20T08:00:00Z,1.16624,1.16664,1.16578,1.16633,3830
2025-10-20T09:00:00Z,1.16634,1.16675,1.16591,1.16617,4863
2025-10-20T10:00:00Z,1.16617,1.16628,1.16512,1.16532,2806
2025-10-20T11:00:00Z,1.16533,1.16563,1.16443,1.16563,3798
2025-10-20T12:00:00Z,1.16565,1.16603,1.16503,1.16534,5057
2025-10-20T13:00:00Z,1.16534,1.16544,1.16463,1.16489,5130
2025-10-20T14:00:00Z,1.16489,1.16643,1.16473,1.16535,6391
2025-10-20T15:00:00Z,1.16535,1.16644,1.16524,1.16549,4630
2025-10-20T16:00:00Z,1.16549,1.16581,1.16492,1.16498,4100
2025-10-20T17:00:00Z,1.16495,1.16528,1.16413,1.16433,2134
2025-10-20T18:00:00Z,1.16432,1.16483,1.16382,1.16462,1992
2025-10-20T19:00:00Z,1.16466,1.16491,1.16398,1.16407,1727
2025-10-20T20:00:00Z,1.16409,1.16442,1.16401,1.16412,1661
2025-10-20T21:00:00Z,1.16413,1.16447,1.16390,1.16441,1389
2025-10-20T22:00:00Z,1.16436,1.16451,1.16425,1.16428,495
2025-10-20T23:00:00Z,1.16430,1.16450,1.16424,1.16439,488
2025-10-21T00:00:00Z,1.16438,1.16550,1.16430,1.16528,4522
2025-10-21T01:00:00Z,1.16529,1.16529,1.16420,1.16447,3164
2025-10-21T02:00:00Z,1.16450,1.16452,1.16326,1.16340,5170
2025-10-21T03:00:00Z,1.16340,1.16358,1.16327,1.16346,1403
2025-10-21T04:00:00Z,1.16344,1.16366,1.16318,1.16359,1686
2025-10-21T05:00:00Z,1.16360,1.16374,1.16242,1.16252,4367
2025-10-21T06:00:00Z,1.16251,1.16339,1.16185,1.16317,6127
2025-10-21T07:00:00Z,1.16319,1.16353,1.16215,1.16252,10420
2025-10-21T08:00:00Z,1.16251,1.16274,1.16127,1.16210,7584
2025-10-21T09:00:00Z,1.16213,1.16270,1.16159,1.16204,4757
2025-10-21T10:00:00Z,1.16206,1.16233,1.16063,1.16178,6743
2025-10-21T11:00:00Z,1.16179,1.16257,1.16090,1.16128,4317
2025-10-21T12:00:00Z,1.16128,1.16167,1.16018,1.16110,8308
2025-10-21T13:00:00Z,1.16108,1.16168,1.16025,1.16124,10501
2025-10-21T14:00:00Z,1.16125,1.16181,1.15975,1.16044,8651
2025-10-21T15:00:00Z,1.16045,1.16165,1.16040,1.16149,8800
2025-10-21T16:00:00Z,1.16152,1.16244,1.16078,1.16088,5843
2025-10-21T17:00:00Z,1.16087,1.16098,1.16014,1.16037,4757
2025-10-21T18:00:00Z,1.16038,1.16084,1.16034,1.16049,1768
2025-10-21T19:00:00Z,1.16048,1.16075,1.15998,1.16006,1995
2025-10-21T20:00:00Z,1.16007,1.16028,1.15989,1.15994,1689
2025-10-21T21:00:00Z,1.15988,1.16042,1.15980,1.16031,908
2025-10-21T22:00:00Z,1.16032,1.16032,1.15992,1.16000,991
2025-10-21T23:00:00Z,1.16000,1.16015,1.15987,1.15993,725
2025-10-22T00:00:00Z,1.15996,1.16077,1.15996,1.16047,3673
2025-10-22T01:00:00Z,1.16045,1.16089,1.16014,1.16046,1725
2025-10-22T02:00:00Z,1.16046,1.16107,1.16046,1.16083,1815
2025-10-22T03:00:00Z,1.16081,1.16088,1.16045,1.16069,1255
2025-10-22T04:00:00Z,1.16068,1.16094,1.16050,1.16091,1055
2025-10-22T05:00:00Z,1.16088,1.16156,1.16088,1.16133,2094
2025-10-22T06:00:00Z,1.16134,1.16147,1.16041,1.16093,4620
2025-10-22T07:00:00Z,1.16095,1.16127,1.15995,1.16006,5833
2025-10-22T08:00:00Z,1.16006,1.16006,1.15897,1.15974,6104
2025-10-22T09:00:00Z,1.15973,1.16019,1.15924,1.15947,2984
2025-10-22T10:00:00Z,1.15945,1.15968,1.15827,1.15857,3918
2025-10-22T11:00:00Z,1.15857,1.15892,1.15823,1.15826,3638
2025-10-22T12:00:00Z,1.15824,1.15914,1.15767,1.15829,5879
2025-10-22T13:00:00Z,1.15830,1.15974,1.15817,1.15947,5953
2025-10-22T14:00:00Z,1.15948,1.16114,1.15922,1.16110,7805
2025-10-22T15:00:00Z,1.16110,1.16168,1.16084,1.16112,5956
2025-10-22T16:00:00Z,1.16113,1.16224,1.16101,1.16196,6922
2025-10-22T17:00:00Z,1.16194,1.16205,1.16124,1.16147,3869
2025-10-22T18:00:00Z,1.16144,1.16155,1.16073,1.16090,2682
2025-10-22T19:00:00Z,1.16089,1.16111,1.16047,1.16056,1900
2025-10-22T20:00:00Z,1.16056,1.16107,1.16056,1.16100,1461
2025-10-22T21:00:00Z,1.16100,1.16120,1.16071,1.16114,831
2025-10-22T22:00:00Z,1.16115,1.16143,1.16106,1.16121,451
2025-10-22T23:00:00Z,1.16126,1.16126,1.16065,1.16071,792
2025-10-23T00:00:00Z,1.16071,1.16072,1.15975,1.16040,3069
2025-10-23T01:00:00Z,1.16041,1.16055,1.15976,1.15977,2223
2025-10-23T02:00:00Z,1.15976,1.15994,1.15950,1.15965,1212
2025-10-23T03:00:00Z,1.15964,1.15985,1.15920,1.15929,1057
2025-10-23T04:00:00Z,1.15927,1.15991,1.15906,1.15988,1457
2025-10-23T05:00:00Z,1.15986,1.16041,1.15968,1.16013,1820
2025-10-23T06:00:00Z,1.16012,1.16038,1.15905,1.15944,3855
2025-10-23T07:00:00Z,1.15943,1.16013,1.15908,1.16000,4326
2025-10-23T08:00:00Z,1.15998,1.16061,1.15928,1.15961,4203
2025-10-23T09:00:00Z,1.15960,1.16002,1.15928,1.15936,2991
2025-10-23T10:00:00Z,1.15935,1.15948,1.15856,1.15878,2397
2025-10-23T11:00:00Z,1.15877,1.15928,1.15853,1.15870,3014
2025-10-23T12:00:00Z,1.15871,1.16059,1.15865,1.16006,5058
2025-10-23T13:00:00Z,1.16009,1.16104,1.15981,1.16065,7186
2025-10-23T14:00:00Z,1.16066,1.16197,1.16055,1.16129,6961
2025-10-23T15:00:00Z,1.16130,1.16159,1.16063,1.16115,5117
2025-10-23T16:00:00Z,1.16117,1.16160,1.16063,1.16067,2908
2025-10-23T17:00:00Z,1.16066,1.16121,1.16043,1.16116,2170
2025-10-23T18:00:00Z,1.16116,1.16179,1.16097,1.16174,2111
2025-10-23T19:00:00Z,1.16174,1.16200,1.16152,1.16163,1314
2025-10-23T20:00:00Z,1.16163,1.16193,1.16135,1.16179,1218
2025-10-23T21:00:00Z,1.16177,1.16181,1.16140,1.16165,2061
2025-10-23T22:00:00Z,1.16164,1.16213,1.16164,1.16179,721
2025-10-23T23:00:00Z,1.16179,1.16188,1.16149,1.16171,655
2025-10-24T00:00:00Z,1.16170,1.16215,1.16167,1.16179,2006
2025-10-24T01:00:00Z,1.16179,1.16187,1.16088,1.16094,1537
2025-10-24T02:00:00Z,1.16094,1.16124,1.16076,1.16079,1421
2025-10-24T03:00:00Z,1.16078,1.16116,1.16070,1.16091,1386
2025-10-24T04:00:00Z,1.16089,1.16090,1.16055,1.16075,1411
2025-10-24T05:00:00Z,1.16074,1.16080,1.16016,1.16054,1478
2025-10-24T06:00:00Z,1.16053,1.16139,1.16008,1.16134,4280
2025-10-24T07:00:00Z,1.16133,1.16278,1.16017,1.16181,7050
2025-10-24T08:00:00Z,1.16179,1.16237,1.16063,1.16102,4205
2025-10-24T09:00:00Z,1.16099,1.16127,1.16051,1.16116,4383
2025-10-24T10:00:00Z,1.16117,1.16166,1.16110,1.16127,3778
2025-10-24T11:00:00Z,1.16125,1.16156,1.16069,1.16149,3165
2025-10-24T12:00:00Z,1.16151,1.16490,1.16086,1.16340,14033
2025-10-24T13:00:00Z,1.16343,1.16433,1.16206,1.16264,10898
2025-10-24T14:00:00Z,1.16266,1.16357,1.16181,1.16259,7802
2025-10-24T15:00:00Z,1.16257,1.16354,1.16212,1.16252,5381
2025-10-24T16:00:00Z,1.16251,1.16275,1.16210,1.16256,2443
2025-10-24T17:00:00Z,1.16254,1.16318,1.16243,1.16273,1931
2025-10-24T18:00:00Z,1.16274,1.16279,1.16247,1.16259,1553
2025-10-24T19:00:00Z,1.16260,1.16332,1.16259,1.16314,1332
2025-10-24T20:00:00Z,1.16315,1.16357,1.16207,1.16266,2933
2025-10-26T21:00:00Z,1.16346,1.16362,1.16259,1.16287,808
2025-10-26T22:00:00Z,1.16295,1.16353,1.16253,1.16283,2213
2025-10-26T23:00:00Z,1.16282,1.16328,1.16256,1.16310,1584
2025-10-27T00:00:00Z,1.16308,1.16375,1.16278,1.16349,1981
2025-10-27T01:00:00Z,1.16348,1.16475,1.16334,1.16388,2858
2025-10-27T02:00:00Z,1.16389,1.16396,1.16302,1.16307,1050
2025-10-27T03:00:00Z,1.16308,1.16322,1.16270,1.16278,1108
2025-10-27T04:00:00Z,1.16276,1.16278,1.16207,1.16242,1205
2025-10-27T05:00:00Z,1.16244,1.16270,1.16207,1.16260,1583
2025-10-27T06:00:00Z,1.16261,1.16321,1.16247,1.16262,2592
2025-10-27T07:00:00Z,1.16263,1.16276,1.16197,1.16197,3249
2025-10-27T08:00:00Z,1.16198,1.16330,1.16176,1.16283,3588
2025-10-27T09:00:00Z,1.16281,1.16398,1.16259,1.16378,3957
2025-10-27T10:00:00Z,1.16375,1.16445,1.16353,1.16414,2707
2025-10-27T11:00:00Z,1.16415,1.16472,1.16359,1.16459,3098
2025-10-27T12:00:00Z,1.16461,1.16514,1.16377,1.16411,4648
2025-10-27T13:00:00Z,1.16410,1.16428,1.16313,1.16357,5277
2025-10-27T14:00:00Z,1.16358,1.16423,1.16323,1.16407,3849
2025-10-27T15:00:00Z,1.16405,1.16417,1.16326,1.16346,3404
2025-10-27T16:00:00Z,1.16351,1.16409,1.16324,1.16386,3117
2025-10-27T17:00:00Z,1.16385,1.16415,1.16354,1.16380,2481
2025-10-27T18:00:00Z,1.16380,1.16520,1.16350,1.16502,2389
2025-10-27T19:00:00Z,1.16503,1.16504,1.16440,1.16475,1698
2025-10-27T20:00:00Z,1.16473,1.16488,1.16433,1.16441,1369
2025-10-27T21:00:00Z,1.16440,1.16458,1.16436,1.16447,1551
2025-10-27T22:00:00Z,1.16448,1.16504,1.16446,1.16495,1301
2025-10-27T23:00:00Z,1.16499,1.16547,1.16494,1.16508,910
2025-10-28T00:00:00Z,1.16508,1.16587,1.16462,1.16554,3467
2025-10-28T01:00:00Z,1.16556,1.16639,1.16549,1.16574,2626
2025-10-28T02:00:00Z,1.16574,1.16630,1.16537,1.16545,1700
2025-10-28T03:00:00Z,1.16543,1.16629,1.16541,1.16598,1687
2025-10-28T04:00:00Z,1.16600,1.16673,1.16588,1.16659,2317
2025-10-28T05:00:00Z,1.16659,1.16679,1.16627,1.16637,2154
2025-10-28T06:00:00Z,1.16635,1.16669,1.16548,1.16555,2193
2025-10-28T07:00:00Z,1.16555,1.16614,1.16509,1.16550,3572
2025-10-28T08:00:00Z,1.16549,1.16627,1.16486,1.16520,7133
2025-10-28T09:00:00Z,1.16519,1.16587,1.16451,1.16568,4070
2025-10-28T10:00:00Z,1.16570,1.16648,1.16546,1.16640,2917
2025-10-28T11:00:00Z,1.16640,1.16641,1.16549,1.16592,3302
2025-10-28T12:00:00Z,1.16592,1.16598,1.16347,1.16402,6069
2025-10-28T13:00:00Z,1.16403,1.16404,1.16255,1.16392,7322
2025-10-28T14:00:00Z,1.16393,1.16635,1.16370,1.16604,7722
2025-10-28T15:00:00Z,1.16605,1.16672,1.16548,1.16587,4971
2025-10-28T16:00:00Z,1.16588,1.16678,1.16529,1.16678,5418
2025-10-28T17:00:00Z,1.16677,1.16686,1.16592,1.16629,3120
2025-10-28T18:00:00Z,1.16631,1.16637,1.16561,1.16621,2272
2025-10-28T19:00:00Z,1.16620,1.16650,1.16517,1.16522,2985
2025-10-28T20:00:00Z,1.16523,1.16574,1.16504,1.16505,1238
2025-10-28T21:00:00Z,1.16504,1.16525,1.16502,1.16515,1340
2025-10-28T22:00:00Z,1.16521,1.16538,1.16496,1.16504,1196
2025-10-28T23:00:00Z,1.16504,1.16569,1.16483,1.16568,1344
2025-10-29T00:00:00Z,1.16568,1.16606,1.16528,1.16543,5931
2025-10-29T01:00:00Z,1.16544,1.16559,1.16463,1.16471,2168
2025-10-29T02:00:00Z,1.16470,1.16479,1.16415,1.16464,1558
2025-10-29T03:00:00Z,1.16465,1.16465,1.16369,1.16369,1544
2025-10-29T04:00:00Z,1.16369,1.16372,1.16314,1.16341,1521
2025-10-29T05:00:00Z,1.16340,1.16352,1.16271,1.16312,2068
2025-10-29T06:00:00Z,1.16313,1.16324,1.16248,1.16296,2481
2025-10-29T07:00:00Z,1.16295,1.16377,1.16282,1.16323,4772
2025-10-29T08:00:00Z,1.16323,1.16341,1.16231,1.16231,4051
2025-10-29T09:00:00Z,1.16231,1.16472,1.16185,1.16412,6373
2025-10-29T10:00:00Z,1.16411,1.16487,1.16369,1.16473,3103
2025-10-29T11:00:00Z,1.16474,1.16485,1.16329,1.16395,5118
2025-10-29T12:00:00Z,1.16397,1.16449,1.16273,1.16337,6437
2025-10-29T13:00:00Z,1.16340,1.16457,1.16334,1.16365,10177
2025-10-29T14:00:00Z,1.16364,1.16513,1.16316,1.16503,6905
2025-10-29T15:00:00Z,1.16504,1.16645,1.16448,1.16637,5895
2025-10-29T16:00:00Z,1.16636,1.16660,1.16554,1.16570,3847
2025-10-29T17:00:00Z,1.16570,1.16589,1.16456,1.16472,2897
2025-10-29T18:00:00Z,1.16472,1.16511,1.15839,1.15941,21359
2025-10-29T19:00:00Z,1.15944,1.15998,1.15773,1.15992,19146
2025-10-29T20:00:00Z,1.15993,1.16072,1.15907,1.16005,4199
2025-10-29T21:00:00Z,1.16007,1.16041,1.15986,1.16024,1923
2025-10-29T22:00:00Z,1.16022,1.16055,1.16010,1.16038,1092
2025-10-29T23:00:00Z,1.16039,1.16053,1.16013,1.16028,762
2025-10-30T00:00:00Z,1.16027,1.16153,1.15967,1.16120,6692
2025-10-30T01:00:00Z,1.16119,1.16152,1.16084,1.16136,4731
2025-10-30T02:00:00Z,1.16136,1.16197,1.16122,1.16173,3214
2025-10-30T03:00:00Z,1.16174,1.16198,1.16067,1.16153,3687
2025-10-30T04:00:00Z,1.16154,1.16374,1.16135,1.16319,9904
2025-10-30T05:00:00Z,1.16318,1.16338,1.16234,1.16239,2065
2025-10-30T06:00:00Z,1.16237,1.16296,1.16179,1.16192,5206
2025-10-30T07:00:00Z,1.16191,1.16227,1.16095,1.16182,6052
2025-10-30T08:00:00Z,1.16187,1.16202,1.16066,1.16168,5636
2025-10-30T09:00:00Z,1.16166,1.16283,1.16142,1.16161,4389
2025-10-30T10:00:00Z,1.16165,1.16199,1.16058,1.16066,3286
2025-10-30T11:00:00Z,1.16065,1.16111,1.15962,1.15979,3785
2025-10-30T12:00:00Z,1.15980,1.15990,1.15531,1.15548,7205
2025-10-30T13:00:00Z,1.15548,1.15794,1.15470,1.15794,11463
2025-10-30T14:00:00Z,1.15794,1.15861,1.15677,1.15729,11026
2025-10-30T15:00:00Z,1.15731,1.15771,1.15605,1.15635,4627
2025-10-30T16:00:00Z,1.15637,1.15712,1.15592,1.15691,3100
2025-10-30T17:00:00Z,1.15691,1.15698,1.15602,1.15663,2618
2025-10-30T18:00:00Z,1.15662,1.15703,1.15642,1.15678,2064
2025-10-30T19:00:00Z,1.15676,1.15715,1.15617,1.15641,2098
2025-10-30T20:00:00Z,1.15644,1.15721,1.15635,1.15642,1840
2025-10-30T21:00:00Z,1.15632,1.15694,1.15631,1.15678,1531
2025-10-30T22:00:00Z,1.15678,1.15694,1.15656,1.15676,1221
2025-10-30T23:00:00Z,1.15677,1.15731,1.15657,1.15714,1135
2025-10-31T00:00:00Z,1.15714,1.15769,1.15698,1.15736,3421
2025-10-31T01:00:00Z,1.15737,1.15775,1.15664,1.15676,2645
2025-10-31T02:00:00Z,1.15677,1.15744,1.15649,1.15681,1463
2025-10-31T03:00:00Z,1.15680,1.15709,1.15660,1.15671,954
2025-10-31T04:00:00Z,1.15674,1.15733,1.15664,1.15719,858
2025-10-31T05:00:00Z,1.15718,1.15720,1.15661,1.15679,1325
2025-10-31T06:00:00Z,1.15679,1.15733,1.15605,1.15610,2212
2025-10-31T07:00:00Z,1.15611,1.15658,1.15548,1.15648,3711
2025-10-31T08:00:00Z,1.15648,1.15712,1.15596,1.15706,4336
2025-10-31T09:00:00Z,1.15704,1.15767,1.15654,1.15757,3365
2025-10-31T10:00:00Z,1.15757,1.15759,1.15672,1.15709,2480
2025-10-31T11:00:00Z,1.15711,1.15742,1.15578,1.15667,3998
2025-10-31T12:00:00Z,1.15666,1.15666,1.15531,1.15559,5315
2025-10-31T13:00:00Z,1.15554,1.15562,1.15299,1.15389,6743
2025-10-31T14:00:00Z,1.15389,1.15425,1.15220,1.15339,6730
2025-10-31T15:00:00Z,1.15339,1.15429,1.15236,1.15409,8156
2025-10-31T16:00:00Z,1.15406,1.15433,1.15281,1.15301,5316
2025-10-31T17:00:00Z,1.15302,1.15311,1.15219,1.15240,3036
2025-10-31T18:00:00Z,1.15239,1.15269,1.15214,1.15249,2073
2025-10-31T19:00:00Z,1.15250,1.15315,1.15228,1.15254,2105
2025-10-31T20:00:00Z,1.15253,1.15395,1.15252,1.15370,3141
2025-11-02T22:00:00Z,1.15294,1.15340,1.15289,1.15329,6229
2025-11-02T23:00:00Z,1.15327,1.15383,1.15250,1.15274,5512
2025-11-03T00:00:00Z,1.15273,1.15309,1.15241,1.15256,1811
2025-11-03T01:00:00Z,1.15258,1.15288,1.15215,1.15269,2116
2025-11-03T02:00:00Z,1.15272,1.15340,1.15263,1.15314,1682
2025-11-03T03:00:00Z,1.15313,1.15343,1.15299,1.15336,1149
2025-11-03T04:00:00Z,1.15336,1.15369,1.15318,1.15338,1412
2025-11-03T05:00:00Z,1.15338,1.15375,1.15322,1.15349,1181
2025-11-03T06:00:00Z,1.15348,1.15413,1.15343,1.15376,1456
2025-11-03T07:00:00Z,1.15376,1.15410,1.15335,1.15399,3784
2025-11-03T08:00:00Z,1.15398,1.15400,1.15093,1.15133,5079
2025-11-03T09:00:00Z,1.15132,1.15207,1.15110,1.15143,3294
2025-11-03T10:00:00Z,1.15143,1.15199,1.15078,1.15154,3817
2025-11-03T11:00:00Z,1.15153,1.15198,1.15125,1.15152,2284
2025-11-03T12:00:00Z,1.15152,1.15220,1.15140,1.15172,2849
2025-11-03T13:00:00Z,1.15169,1.15176,1.15057,1.15110,5408
2025-11-03T14:00:00Z,1.15108,1.15128,1.15050,1.15099,6917
2025-11-03T15:00:00Z,1.15105,1.15252,1.15059,1.15252,10732
2025-11-03T16:00:00Z,1.15251,1.15317,1.15214,1.15306,5069
2025-11-03T17:00:00Z,1.15306,1.15378,1.15264,1.15270,3357
2025-11-03T18:00:00Z,1.15272,1.15309,1.15204,1.15231,3875
2025-11-03T19:00:00Z,1.15231,1.15249,1.15165,1.15194,2805
2025-11-03T20:00:00Z,1.15195,1.15232,1.15179,1.15195,1627
2025-11-03T21:00:00Z,1.15194,1.15202,1.15159,1.15196,1357
2025-11-03T22:00:00Z,1.15190,1.15208,1.15168,1.15205,1007
2025-11-03T23:00:00Z,1.15205,1.15206,1.15184,1.15184,973
2025-11-04T00:00:00Z,1.15183,1.15183,1.15055,1.15082,3018
2025-11-04T01:00:00Z,1.15082,1.15100,1.14980,1.15099,3684
2025-11-04T02:00:00Z,1.15097,1.15110,1.15048,1.15108,2909
2025-11-04T03:00:00Z,1.15109,1.15176,1.15103,1.15132,3350
2025-11-04T04:00:00Z,1.15132,1.15174,1.15092,1.15094,2456
2025-11-04T05:00:00Z,1.15094,1.15139,1.15073,1.15124,3589
2025-11-04T06:00:00Z,1.15124,1.15265,1.15113,1.15232,3439
2025-11-04T07:00:00Z,1.15233,1.15334,1.15223,1.15271,5489
2025-11-04T08:00:00Z,1.15269,1.15287,1.15134,1.15138,5490
2025-11-04T09:00:00Z,1.15139,1.15170,1.14998,1.15010,4750
2025-11-04T10:00:00Z,1.15007,1.15099,1.14989,1.15038,3258
2025-11-04T11:00:00Z,1.15039,1.15056,1.14891,1.14898,3189
2025-11-04T12:00:00Z,1.14899,1.14928,1.14768,1.14891,4499
2025-11-04T13:00:00Z,1.14892,1.14967,1.14882,1.14922,3945
2025-11-04T14:00:00Z,1.14921,1.14946,1.14729,1.14808,6341
2025-11-04T15:00:00Z,1.14807,1.14927,1.14747,1.14916,6188
2025-11-04T16:00:00Z,1.14916,1.14966,1.14874,1.14895,4106
2025-11-04T17:00:00Z,1.14898,1.14901,1.14834,1.14838,2254
2025-11-04T18:00:00Z,1.14837,1.14864,1.14809,1.14840,2066
2025-11-04T19:00:00Z,1.14837,1.14871,1.14788,1.14789,2122
2025-11-04T20:00:00Z,1.14790,1.14833,1.14750,1.14795,2563
2025-11-04T21:00:00Z,1.14795,1.14825,1.14789,1.14818,2105
2025-11-04T22:00:00Z,1.14816,1.14849,1.14799,1.14834,1632
2025-11-04T23:00:00Z,1.14834,1.14857,1.14822,1.14850,710
2025-11-05T00:00:00Z,1.14849,1.14853,1.14806,1.14837,3666
2025-11-05T01:00:00Z,1.14835,1.14978,1.14797,1.14892,4931
2025-11-05T02:00:00Z,1.14892,1.14920,1.14851,1.14884,2873
2025-11-05T03:00:00Z,1.14882,1.14923,1.14858,1.14885,2297
2025-11-05T04:00:00Z,1.14885,1.14918,1.14875,1.14906,1299
2025-11-05T05:00:00Z,1.14908,1.14940,1.14893,1.14916,1410
2025-11-05T06:00:00Z,1.14915,1.14941,1.14869,1.14879,1875
2025-11-05T07:00:00Z,1.14878,1.14909,1.14833,1.14869,2849
2025-11-05T08:00:00Z,1.14870,1.14952,1.14855,1.14886,5073
2025-11-05T09:00:00Z,1.14885,1.14925,1.14812,1.14844,3556
2025-11-05T10:00:00Z,1.14845,1.14850,1.14758,1.14831,3017
2025-11-05T11:00:00Z,1.14833,1.14891,1.14787,1.14881,3575
2025-11-05T12:00:00Z,1.14882,1.14924,1.14869,1.14909,3365
2025-11-05T13:00:00Z,1.14909,1.14934,1.14728,1.14736,5843
2025-11-05T14:00:00Z,1.14734,1.14930,1.14687,1.14868,5835
2025-11-05T15:00:00Z,1.14867,1.14872,1.14697,1.14791,13030
2025-11-05T16:00:00Z,1.14791,1.14857,1.14698,1.14839,5088
2025-11-05T17:00:00Z,1.14841,1.14857,1.14763,1.14804,2990
2025-11-05T18:00:00Z,1.14806,1.14837,1.14787,1.14815,2245
2025-11-05T19:00:00Z,1.14815,1.14875,1.14802,1.14858,2068
2025-11-05T20:00:00Z,1.14859,1.14918,1.14859,1.14883,1666
2025-11-05T21:00:00Z,1.14883,1.14940,1.14873,1.14917,2115
2025-11-05T22:00:00Z,1.14917,1.14931,1.14905,1.14919,1793
2025-11-05T23:00:00Z,1.14920,1.14969,1.14910,1.14957,1284
2025-11-06T00:00:00Z,1.14956,1.15018,1.14930,1.15005,1779
2025-11-06T01:00:00Z,1.15008,1.15087,1.15007,1.15072,3318
2025-11-06T02:00:00Z,1.15071,1.15089,1.15031,1.15050,1609
2025-11-06T03:00:00Z,1.15052,1.15078,1.15032,1.15068,1443
2025-11-06T04:00:00Z,1.15069,1.15082,1.15038,1.15069,1097
2025-11-06T05:00:00Z,1.15070,1.15108,1.15035,1.15100,1339
2025-11-06T06:00:00Z,1.15099,1.15137,1.15051,1.15069,1904
2025-11-06T07:00:00Z,1.15070,1.15132,1.15065,1.15080,3739
2025-11-06T08:00:00Z,1.15082,1.15233,1.15058,1.15210,6050
2025-11-06T09:00:00Z,1.15208,1.15237,1.15110,1.15134,4616
2025-11-06T10:00:00Z,1.15134,1.15172,1.15099,1.15101,3758
2025-11-06T11:00:00Z,1.15102,1.15210,1.15101,1.15202,2693
2025-11-06T12:00:00Z,1.15201,1.15326,1.15140,1.15308,8701
2025-11-06T13:00:00Z,1.15308,1.15438,1.15290,1.15356,6131
2025-11-06T14:00:00Z,1.15356,1.15374,1.15199,1.15203,5972
2025-11-06T15:00:00Z,1.15203,1.15428,1.15188,1.15395,8823
2025-11-06T16:00:00Z,1.15392,1.15416,1.15313,1.15377,6269
2025-11-06T17:00:00Z,1.15379,1.15426,1.15297,1.15406,6199
2025-11-06T18:00:00Z,1.15407,1.15501,1.15391,1.15471,3538
2025-11-06T19:00:00Z,1.15471,1.15522,1.15418,1.15441,2796
2025-11-06T20:00:00Z,1.15443,1.15489,1.15430,1.15475,2470
2025-11-06T21:00:00Z,1.15476,1.15488,1.15445,1.15466,1936
2025-11-06T22:00:00Z,1.15463,1.15480,1.15416,1.15429,8562
2025-11-06T23:00:00Z,1.15434,1.15514,1.15434,1.15485,760
2025-11-07T00:00:00Z,1.15485,1.15489,1.15376,1.15394,2406
2025-11-07T01:00:00Z,1.15395,1.15410,1.15360,1.15377,3078
2025-11-07T02:00:00Z,1.15378,1.15428,1.15378,1.15398,3208
2025-11-07T03:00:00Z,1.15398,1.15408,1.15347,1.15377,2022
2025-11-07T04:00:00Z,1.15378,1.15378,1.15323,1.15364,1348
2025-11-07T05:00:00Z,1.15364,1.15384,1.15323,1.15339,1670
2025-11-07T06:00:00Z,1.15341,1.15357,1.15294,1.15306,2456
2025-11-07T07:00:00Z,1.15307,1.15364,1.15305,1.15325,2414
2025-11-07T08:00:00Z,1.15325,1.15401,1.15294,1.15348,4045
2025-11-07T09:00:00Z,1.15348,1.15422,1.15343,1.15381,2670
2025-11-07T10:00:00Z,1.15381,1.15517,1.15374,1.15501,3272
2025-11-07T11:00:00Z,1.15498,1.15609,1.15493,1.15578,5427
2025-11-07T12:00:00Z,1.15582,1.15650,1.15538,1.15556,5129
2025-11-07T13:00:00Z,1.15559,1.15696,1.15556,1.15673,7876
2025-11-07T14:00:00Z,1.15673,1.15787,1.15652,1.15727,6336
2025-11-07T15:00:00Z,1.15733,1.15910,1.15713,1.15716,8609
2025-11-07T16:00:00Z,1.15717,1.15821,1.15712,1.15776,4780
2025-11-07T17:00:00Z,1.15775,1.15820,1.15713,1.15803,3885
2025-11-07T18:00:00Z,1.15803,1.15834,1.15676,1.15682,2569
2025-11-07T19:00:00Z,1.15680,1.15726,1.15555,1.15595,3292
2025-11-07T20:00:00Z,1.15594,1.15666,1.15575,1.15642,2939
2025-11-07T21:00:00Z,1.15642,1.15666,1.15588,1.15656,1753
2025-11-09T22:00:00Z,1.15562,1.15578,1.15548,1.15569,799
2025-11-09T23:00:00Z,1.15571,1.15582,1.15413,1.15433,4897
2025-11-10T00:00:00Z,1.15434,1.15597,1.15429,1.15541,3611
2025-11-10T01:00:00Z,1.15543,1.15602,1.15464,1.15579,2565
2025-11-10T02:00:00Z,1.15579,1.15606,1.15546,1.15578,1739
2025-11-10T03:00:00Z,1.15577,1.15585,1.15512,1.15545,1568
2025-11-10T04:00:00Z,1.15547,1.15624,1.15547,1.15609,1357
2025-11-10T05:00:00Z,1.15610,1.15665,1.15578,1.15619,1277
2025-11-10T06:00:00Z,1.15622,1.15647,1.15513,1.15537,1929
2025-11-10T07:00:00Z,1.15536,1.15718,1.15534,1.15675,3227
2025-11-10T08:00:00Z,1.15675,1.15829,1.15650,1.15721,3782
2025-11-10T09:00:00Z,1.15723,1.15738,1.15640,1.15682,3323
2025-11-10T10:00:00Z,1.15681,1.15714,1.15609,1.15625,2819
2025-11-10T11:00:00Z,1.15623,1.15640,1.15538,1.15632,2440
2025-11-10T12:00:00Z,1.15629,1.15755,1.15626,1.15681,2739
2025-11-10T13:00:00Z,1.15682,1.15778,1.15669,1.15678,3663
2025-11-10T14:00:00Z,1.15677,1.15684,1.15592,1.15645,4755
2025-11-10T15:00:00Z,1.15646,1.15668,1.15450,1.15455,4787
2025-11-10T16:00:00Z,1.15454,1.15548,1.15428,1.15447,5078
2025-11-10T17:00:00Z,1.15448,1.15611,1.15409,1.15604,4148
2025-11-10T18:00:00Z,1.15604,1.15647,1.15579,1.15582,2242
2025-11-10T19:00:00Z,1.15583,1.15630,1.15578,1.15608,1656
2025-11-10T20:00:00Z,1.15607,1.15646,1.15605,1.15637,2458
2025-11-10T21:00:00Z,1.15637,1.15637,1.15550,1.15568,2535
2025-11-10T22:00:00Z,1.15563,1.15585,1.15534,1.15568,3059
2025-11-10T23:00:00Z,1.15572,1.15601,1.15562,1.15565,1250
2025-11-11T00:00:00Z,1.15566,1.15593,1.15516,1.15521,2085
2025-11-11T01:00:00Z,1.15521,1.15547,1.15468,1.15546,2517
2025-11-11T02:00:00Z,1.15546,1.15568,1.15519,1.15530,1597
2025-11-11T03:00:00Z,1.15532,1.15580,1.15530,1.15563,1844
2025-11-11T04:00:00Z,1.15563,1.15592,1.15552,1.15579,1395
2025-11-11T05:00:00Z,1.15580,1.15650,1.15577,1.15614,1488
2025-11-11T06:00:00Z,1.15613,1.15629,1.15503,1.15521,1950
2025-11-11T07:00:00Z,1.15523,1.15607,1.15495,1.15599,3885
2025-11-11T08:00:00Z,1.15600,1.15682,1.15545,1.15545,4546
2025-11-11T09:00:00Z,1.15546,1.15684,1.15533,1.15646,3561
2025-11-11T10:00:00Z,1.15647,1.15746,1.15624,1.15728,2575
2025-11-11T11:00:00Z,1.15730,1.15777,1.15698,1.15720,2921
2025-11-11T12:00:00Z,1.15717,1.15770,1.15684,1.15704,2829
2025-11-11T13:00:00Z,1.15705,1.16057,1.15705,1.16007,8219
2025-11-11T14:00:00Z,1.16009,1.16049,1.15934,1.16004,6867
2025-11-11T15:00:00Z,1.16003,1.16030,1.15913,1.15948,5722
2025-11-11T16:00:00Z,1.15948,1.15996,1.15906,1.15932,4290
2025-11-11T17:00:00Z,1.15933,1.15990,1.15906,1.15948,1747
2025-11-11T18:00:00Z,1.15946,1.15955,1.15911,1.15926,1436
2025-11-11T19:00:00Z,1.15924,1.15928,1.15834,1.15843,1998
2025-11-11T20:00:00Z,1.15844,1.15890,1.15831,1.15832,1452
2025-11-11T21:00:00Z,1.15832,1.15853,1.15808,1.15820,1752
2025-11-11T22:00:00Z,1.15818,1.15858,1.15805,1.15857,1330
2025-11-11T23:00:00Z,1.15856,1.15871,1.15820,1.15867,676
2025-11-12T00:00:00Z,1.15865,1.15866,1.15789,1.15790,2047
2025-11-12T01:00:00Z,1.15793,1.15821,1.15744,1.15752,2443
2025-11-12T02:00:00Z,1.15752,1.15796,1.15750,1.15787,1516
2025-11-12T03:00:00Z,1.15789,1.15814,1.15753,1.15775,1702
2025-11-12T04:00:00Z,1.15773,1.15783,1.15700,1.15719,1419
2025-11-12T05:00:00Z,1.15718,1.15786,1.15709,1.15760,2699
2025-11-12T06:00:00Z,1.15761,1.15822,1.15751,1.15819,1602
2025-11-12T07:00:00Z,1.15819,1.15882,1.15812,1.15837,2812
2025-11-12T08:00:00Z,1.15837,1.15876,1.15769,1.15773,4269
2025-11-12T09:00:00Z,1.15774,1.15803,1.15681,1.15699,4476
2025-11-12T10:00:00Z,1.15699,1.15754,1.15648,1.15700,3859
2025-11-12T11:00:00Z,1.15701,1.15779,1.15654,1.15779,3127
2025-11-12T12:00:00Z,1.15779,1.15803,1.15715,1.15768,3717
2025-11-12T13:00:00Z,1.15766,1.15798,1.15658,1.15718,3977
2025-11-12T14:00:00Z,1.15719,1.15757,1.15627,1.15752,6163
2025-11-12T15:00:00Z,1.15751,1.15957,1.15728,1.15939,7480
2025-11-12T16:00:00Z,1.15938,1.15977,1.15882,1.15910,4318
2025-11-12T17:00:00Z,1.15910,1.15968,1.15910,1.15929,2650
2025-11-12T18:00:00Z,1.15930,1.15942,1.15888,1.15893,1859
2025-11-12T19:00:00Z,1.15893,1.15902,1.15838,1.15866,2280
2025-11-12T20:00:00Z,1.15866,1.15905,1.15852,1.15895,1499
2025-11-12T21:00:00Z,1.15896,1.15932,1.15849,1.15932,1345
2025-11-12T22:00:00Z,1.15933,1.15933,1.15882,1.15895,2177
2025-11-12T23:00:00Z,1.15894,1.15945,1.15890,1.15915,1152
2025-11-13T00:00:00Z,1.15915,1.15920,1.15802,1.15804,2832
2025-11-13T01:00:00Z,1.15804,1.15895,1.15789,1.15892,2256
2025-11-13T02:00:00Z,1.15893,1.15928,1.15852,1.15891,1554
2025-11-13T03:00:00Z,1.15893,1.15912,1.15868,1.15897,1517
2025-11-13T04:00:00Z,1.15897,1.15916,1.15872,1.15901,923
2025-11-13T05:00:00Z,1.15903,1.15908,1.15800,1.15816,1264
2025-11-13T06:00:00Z,1.15816,1.15856,1.15811,1.15855,1889
2025-11-13T07:00:00Z,1.15854,1.16121,1.15830,1.16111,4128
2025-11-13T08:00:00Z,1.16113,1.16294,1.16100,1.16278,5774
2025-11-13T09:00:00Z,1.16277,1.16347,1.16105,1.16164,6451
2025-11-13T10:00:00Z,1.16165,1.16234,1.16113,1.16158,3615
2025-11-13T11:00:00Z,1.16157,1.16202,1.16046,1.16063,4345
2025-11-13T12:00:00Z,1.16063,1.16229,1.16056,1.16227,5567
2025-11-13T13:00:00Z,1.16229,1.16249,1.16116,1.16204,5117
2025-11-13T14:00:00Z,1.16207,1.16310,1.16167,1.16278,9610
2025-11-13T15:00:00Z,1.16278,1.16430,1.16229,1.16391,11090
2025-11-13T16:00:00Z,1.16390,1.16488,1.16365,1.16487,7025
2025-11-13T17:00:00Z,1.16486,1.16559,1.16458,1.16512,6172
2025-11-13T18:00:00Z,1.16511,1.16518,1.16365,1.16381,5114
2025-11-13T19:00:00Z,1.16379,1.16412,1.16350,1.16355,3451
2025-11-13T20:00:00Z,1.16354,1.16393,1.16324,1.16329,2345
2025-11-13T21:00:00Z,1.16329,1.16376,1.16305,1.16324,2075
2025-11-13T22:00:00Z,1.16323,1.16377,1.16300,1.16362,1179
2025-11-13T23:00:00Z,1.16363,1.16369,1.16233,1.16300,2108
2025-11-14T00:00:00Z,1.16300,1.16337,1.16269,1.16329,2870
2025-11-14T01:00:00Z,1.16328,1.16391,1.16298,1.16331,3945
2025-11-14T02:00:00Z,1.16331,1.16374,1.16297,1.16357,2154
2025-11-14T03:00:00Z,1.16356,1.16448,1.16353,1.16383,2299
2025-11-14T04:00:00Z,1.16382,1.16427,1.16375,1.16417,3200
2025-11-14T05:00:00Z,1.16417,1.16482,1.16392,1.16476,2470
2025-11-14T06:00:00Z,1.16475,1.16485,1.16332,1.16376,2444
2025-11-14T07:00:00Z,1.16376,1.16463,1.16316,1.16327,5058
2025-11-14T08:00:00Z,1.16327,1.16371,1.16202,1.16293,8368
2025-11-14T09:00:00Z,1.16292,1.16311,1.16203,1.16216,6793
2025-11-14T10:00:00Z,1.16213,1.16217,1.16122,1.16134,4045
2025-11-14T11:00:00Z,1.16135,1.16196,1.16088,1.16193,4049
2025-11-14T12:00:00Z,1.16193,1.16526,1.16168,1.16524,6296
2025-11-14T13:00:00Z,1.16524,1.16536,1.16336,1.16376,7597
2025-11-14T14:00:00Z,1.16377,1.16383,1.16208,1.16233,11857
2025-11-14T15:00:00Z,1.16234,1.16254,1.16060,1.16130,9997
2025-11-14T16:00:00Z,1.16130,1.16225,1.16098,1.16167,5030
2025-11-14T17:00:00Z,1.16167,1.16180,1.16078,1.16139,3786
2025-11-14T18:00:00Z,1.16141,1.16179,1.16095,1.16163,2385
2025-11-14T19:00:00Z,1.16164,1.16200,1.16158,1.16178,2649
2025-11-14T20:00:00Z,1.16179,1.16229,1.16167,1.16202,2703
2025-11-14T21:00:00Z,1.16204,1.16235,1.16161,1.16172,2276
2025-11-16T22:00:00Z,1.16143,1.16236,1.16142,1.16218,1460
2025-11-16T23:00:00Z,1.16219,1.16244,1.16114,1.16147,1269
2025-11-17T00:00:00Z,1.16147,1.16147,1.16050,1.16062,2744
2025-11-17T01:00:00Z,1.16061,1.16097,1.16052,1.16064,2979
2025-11-17T02:00:00Z,1.16065,1.16065,1.16014,1.16020,1561
2025-11-17T03:00:00Z,1.16020,1.16020,1.15961,1.15984,3015
2025-11-17T04:00:00Z,1.15983,1.16032,1.15973,1.16028,1062
2025-11-17T05:00:00Z,1.16029,1.16049,1.15990,1.16002,1765
2025-11-17T06:00:00Z,1.16003,1.16083,1.15949,1.16073,2265
2025-11-17T07:00:00Z,1.16073,1.16149,1.16066,1.16133,2545
2025-11-17T08:00:00Z,1.16132,1.16149,1.15990,1.16031,4000
2025-11-17T09:00:00Z,1.16029,1.16045,1.15969,1.16013,3342
2025-11-17T10:00:00Z,1.16014,1.16080,1.15959,1.15967,3346
2025-11-17T11:00:00Z,1.15966,1.16030,1.15948,1.16011,3081
2025-11-17T12:00:00Z,1.16012,1.16046,1.15956,1.15988,3250
2025-11-17T13:00:00Z,1.15987,1.15994,1.15884,1.15911,5973
2025-11-17T14:00:00Z,1.15910,1.15955,1.15830,1.15857,5191
2025-11-17T15:00:00Z,1.15856,1.15982,1.15818,1.15975,5310
2025-11-17T16:00:00Z,1.15974,1.16018,1.15936,1.15973,3792
2025-11-17T17:00:00Z,1.15975,1.15992,1.15911,1.15938,2816
2025-11-17T18:00:00Z,1.15938,1.15947,1.15880,1.15908,2936
2025-11-17T19:00:00Z,1.15909,1.15953,1.15827,1.15839,3684
2025-11-17T20:00:00Z,1.15837,1.15907,1.15824,1.15884,4325
2025-11-17T21:00:00Z,1.15883,1.15922,1.15870,1.15912,1586
2025-11-17T22:00:00Z,1.15906,1.15920,1.15878,1.15886,1211
2025-11-17T23:00:00Z,1.15886,1.15941,1.15886,1.15899,703
2025-11-18T00:00:00Z,1.15898,1.15899,1.15848,1.15869,2393
2025-11-18T01:00:00Z,1.15867,1.15931,1.15845,1.15908,1459
2025-11-18T02:00:00Z,1.15907,1.15938,1.15880,1.15929,1311
2025-11-18T03:00:00Z,1.15930,1.15958,1.15910,1.15923,1793
2025-11-18T04:00:00Z,1.15922,1.16036,1.15888,1.15994,4243
2025-11-18T05:00:00Z,1.15992,1.16004,1.15949,1.15977,1943
2025-11-18T06:00:00Z,1.15977,1.16009,1.15929,1.15942,2992
2025-11-18T07:00:00Z,1.15939,1.15998,1.15908,1.15910,4186
2025-11-18T08:00:00Z,1.15908,1.16062,1.15898,1.15920,7371
2025-11-18T09:00:00Z,1.15917,1.15955,1.15872,1.15892,5081
2025-11-18T10:00:00Z,1.15893,1.15908,1.15793,1.15819,3054
2025-11-18T11:00:00Z,1.15818,1.15885,1.15800,1.15847,2683
2025-11-18T12:00:00Z,1.15847,1.15927,1.15831,1.15919,3302
2025-11-18T13:00:00Z,1.15919,1.16018,1.15881,1.15967,8009
2025-11-18T14:00:00Z,1.15975,1.16022,1.15929,1.15998,7247
2025-11-18T15:00:00Z,1.15998,1.16076,1.15815,1.15820,10091
2025-11-18T16:00:00Z,1.15819,1.15840,1.15724,1.15788,8061
2025-11-18T17:00:00Z,1.15787,1.15806,1.15713,1.15753,4834
2025-11-18T18:00:00Z,1.15754,1.15856,1.15749,1.15819,3495
2025-11-18T19:00:00Z,1.15819,1.15869,1.15803,1.15854,2903
2025-11-18T20:00:00Z,1.15855,1.15868,1.15786,1.15804,2444
2025-11-18T21:00:00Z,1.15804,1.15834,1.15776,1.15803,1618
2025-11-18T22:00:00Z,1.15804,1.15829,1.15752,1.15762,1626
2025-11-18T23:00:00Z,1.15762,1.15815,1.15762,1.15800,1188
2025-11-19T00:00:00Z,1.15800,1.15840,1.15783,1.15822,2102
2025-11-19T01:00:00Z,1.15821,1.15849,1.15757,1.15766,2452
2025-11-19T02:00:00Z,1.15767,1.15817,1.15723,1.15787,1975
2025-11-19T03:00:00Z,1.15787,1.15839,1.15769,1.15836,1740
2025-11-19T04:00:00Z,1.15839,1.15842,1.15774,1.15840,1789
2025-11-19T05:00:00Z,1.15841,1.15906,1.15832,1.15888,3464
2025-11-19T06:00:00Z,1.15888,1.15915,1.15865,1.15866,1538
2025-11-19T07:00:00Z,1.15868,1.15971,1.15772,1.15812,5249
2025-11-19T08:00:00Z,1.15814,1.15889,1.15710,1.15734,7863
2025-11-19T09:00:00Z,1.15734,1.15804,1.15657,1.15729,5067
2025-11-19T10:00:00Z,1.15729,1.15775,1.15675,1.15693,4867
2025-11-19T11:00:00Z,1.15691,1.15872,1.15683,1.15862,4044
2025-11-19T12:00:00Z,1.15864,1.15892,1.15759,1.15781,3352
2025-11-19T13:00:00Z,1.15781,1.15909,1.15708,1.15727,4262
2025-11-19T14:00:00Z,1.15724,1.15737,1.15547,1.15553,8538
2025-11-19T15:00:00Z,1.15552,1.15563,1.15402,1.15467,7568
2025-11-19T16:00:00Z,1.15464,1.15476,1.15347,1.15396,7462
2025-11-19T17:00:00Z,1.15396,1.15424,1.15259,1.15329,7969
2025-11-19T18:00:00Z,1.15330,1.15373,1.15291,1.15294,3747
2025-11-19T19:00:00Z,1.15294,1.15311,1.15178,1.15209,5921
2025-11-19T20:00:00Z,1.15210,1.15285,1.15201,1.15261,3820
2025-11-19T21:00:00Z,1.15262,1.15388,1.15229,1.15369,2954
2025-11-19T22:00:00Z,1.15367,1.15386,1.15362,1.15380,316
2025-11-19T23:00:00Z,1.15380,1.15420,1.15363,1.15392,1137
2025-11-20T00:00:00Z,1.15392,1.15393,1.15287,1.15342,4063
2025-11-20T01:00:00Z,1.15341,1.15353,1.15222,1.15228,3892
2025-11-20T02:00:00Z,1.15226,1.15235,1.15151,1.15199,2994
2025-11-20T03:00:00Z,1.15198,1.15222,1.15101,1.15140,2371
2025-11-20T04:00:00Z,1.15140,1.15203,1.15130,1.15194,1901
2025-11-20T05:00:00Z,1.15193,1.15195,1.15139,1.15155,1848
2025-11-20T06:00:00Z,1.15155,1.15231,1.15135,1.15198,2484
2025-11-20T07:00:00Z,1.15198,1.15226,1.15150,1.15197,3814
2025-11-20T08:00:00Z,1.15196,1.15229,1.15113,1.15208,4941
2025-11-20T09:00:00Z,1.15207,1.15277,1.15172,1.15274,3762
2025-11-20T10:00:00Z,1.15275,1.15295,1.15242,1.15272,3255
2025-11-20T11:00:00Z,1.15272,1.15272,1.15129,1.15142,3176
2025-11-20T12:00:00Z,1.15141,1.15166,1.15070,1.15108,3303
2025-11-20T13:00:00Z,1.15107,1.15396,1.15013,1.15276,13188
2025-11-20T14:00:00Z,1.15276,1.15499,1.15230,1.15349,11061
2025-11-20T15:00:00Z,1.15347,1.15368,1.15200,1.15274,6717
2025-11-20T16:00:00Z,1.15275,1.15411,1.15275,1.15336,7361
2025-11-20T17:00:00Z,1.15337,1.15380,1.15248,1.15286,6881
2025-11-20T18:00:00Z,1.15286,1.15367,1.15268,1.15363,3755
2025-11-20T19:00:00Z,1.15363,1.15406,1.15353,1.15379,2528
2025-11-20T20:00:00Z,1.15380,1.15385,1.15257,1.15260,2332
2025-11-20T21:00:00Z,1.15260,1.15286,1.15239,1.15274,2198
2025-11-20T22:00:00Z,1.15273,1.15295,1.15248,1.15275,2418
2025-11-20T23:00:00Z,1.15273,1.15343,1.15233,1.15334,1490
2025-11-21T00:00:00Z,1.15338,1.15359,1.15280,1.15351,2379
2025-11-21T01:00:00Z,1.15350,1.15381,1.15322,1.15323,3868
2025-11-21T02:00:00Z,1.15325,1.15389,1.15322,1.15355,2292
2025-11-21T03:00:00Z,1.15354,1.15378,1.15335,1.15361,2067
2025-11-21T04:00:00Z,1.15362,1.15420,1.15359,1.15386,2036
2025-11-21T05:00:00Z,1.15387,1.15418,1.15345,1.15352,2184
2025-11-21T06:00:00Z,1.15352,1.15465,1.15349,1.15414,2502
2025-11-21T07:00:00Z,1.15403,1.15477,1.15388,1.15411,5833
2025-11-21T08:00:00Z,1.15412,1.15524,1.15339,1.15404,10758
2025-11-21T09:00:00Z,1.15406,1.15427,1.15249,1.15253,5982
2025-11-21T10:00:00Z,1.15250,1.15268,1.15123,1.15199,5784
2025-11-21T11:00:00Z,1.15199,1.15228,1.15043,1.15058,5275
2025-11-21T12:00:00Z,1.15056,1.15258,1.14965,1.15246,10132
2025-11-21T13:00:00Z,1.15245,1.15268,1.15154,1.15206,7726
2025-11-21T14:00:00Z,1.15205,1.15234,1.15053,1.15135,8365
2025-11-21T15:00:00Z,1.15138,1.15233,1.14989,1.15029,13578
2025-11-21T16:00:00Z,1.15028,1.15052,1.14909,1.15047,7252
2025-11-21T17:00:00Z,1.15049,1.15128,1.15005,1.15072,5725
2025-11-21T18:00:00Z,1.15073,1.15082,1.15018,1.15041,4221
2025-11-21T19:00:00Z,1.15041,1.15177,1.15039,1.15131,3524
2025-11-21T20:00:00Z,1.15131,1.15178,1.15090,1.15173,2456
2025-11-21T21:00:00Z,1.15174,1.15208,1.15114,1.15155,1685
2025-11-23T22:00:00Z,1.15128,1.15137,1.15091,1.15114,1037
2025-11-23T23:00:00Z,1.15114,1.15143,1.15058,1.15073,1671
2025-11-24T00:00:00Z,1.15074,1.15082,1.15018,1.15068,1113
2025-11-24T01:00:00Z,1.15068,1.15128,1.15049,1.15102,1937
2025-11-24T02:00:00Z,1.15102,1.15182,1.15102,1.15158,2346
2025-11-24T03:00:00Z,1.15161,1.15189,1.15132,1.15160,931
2025-11-24T04:00:00Z,1.15160,1.15215,1.15156,1.15206,805
2025-11-24T05:00:00Z,1.15208,1.15281,1.15207,1.15224,2875
2025-11-24T06:00:00Z,1.15224,1.15268,1.15198,1.15207,2584
2025-11-24T07:00:00Z,1.15207,1.15223,1.15111,1.15118,3527
2025-11-24T08:00:00Z,1.15120,1.15342,1.15097,1.15278,4946
2025-11-24T09:00:00Z,1.15277,1.15344,1.15245,1.15297,3786
2025-11-24T10:00:00Z,1.15299,1.15419,1.15298,1.15408,3789
2025-11-24T11:00:00Z,1.15409,1.15470,1.15360,1.15453,2859
2025-11-24T12:00:00Z,1.15452,1.15503,1.15362,1.15472,4420
2025-11-24T13:00:00Z,1.15473,1.15497,1.15373,1.15384,3841
2025-11-24T14:00:00Z,1.15384,1.15409,1.15262,1.15268,6219
2025-11-24T15:00:00Z,1.15268,1.15300,1.15167,1.15290,6335
2025-11-24T16:00:00Z,1.15289,1.15308,1.15172,1.15177,3556
2025-11-24T17:00:00Z,1.15177,1.15196,1.15114,1.15179,3494
2025-11-24T18:00:00Z,1.15179,1.15281,1.15171,1.15276,2030
2025-11-24T19:00:00Z,1.15277,1.15290,1.15229,1.15274,2914
2025-11-24T20:00:00Z,1.15276,1.15283,1.15217,1.15222,3257
2025-11-24T21:00:00Z,1.15223,1.15233,1.15191,1.15205,1716
2025-11-24T22:00:00Z,1.15203,1.15256,1.15190,1.15244,914
2025-11-24T23:00:00Z,1.15245,1.15245,1.15184,1.15200,987
2025-11-25T00:00:00Z,1.15201,1.15234,1.15187,1.15231,3362
2025-11-25T01:00:00Z,1.15231,1.15300,1.15221,1.15255,2630
2025-11-25T02:00:00Z,1.15257,1.15283,1.15220,1.15282,1534
2025-11-25T03:00:00Z,1.15283,1.15301,1.15169,1.15178,3103
2025-11-25T04:00:00Z,1.15177,1.15177,1.15143,1.15149,1178
2025-11-25T05:00:00Z,1.15148,1.15182,1.15114,1.15168,1268
2025-11-25T06:00:00Z,1.15166,1.15216,1.15147,1.15183,2015
2025-11-25T07:00:00Z,1.15185,1.15302,1.15176,1.15226,4078
2025-11-25T08:00:00Z,1.15228,1.15334,1.15205,1.15286,5190
2025-11-25T09:00:00Z,1.15287,1.15366,1.15270,1.15338,4952
2025-11-25T10:00:00Z,1.15339,1.15410,1.15322,1.15390,3942
2025-11-25T11:00:00Z,1.15388,1.15389,1.15246,1.15265,2906
2025-11-25T12:00:00Z,1.15264,1.15569,1.15252,1.15445,7202
2025-11-25T13:00:00Z,1.15447,1.15623,1.15424,1.15581,13663
2025-11-25T14:00:00Z,1.15582,1.15719,1.15521,1.15665,10665
2025-11-25T15:00:00Z,1.15663,1.15839,1.15615,1.15623,8768
2025-11-25T16:00:00Z,1.15623,1.15717,1.15500,1.15528,5947
2025-11-25T17:00:00Z,1.15528,1.15838,1.15521,1.15822,10854
2025-11-25T18:00:00Z,1.15822,1.15859,1.15764,1.15794,4601
2025-11-25T19:00:00Z,1.15793,1.15853,1.15738,1.15837,2819
2025-11-25T20:00:00Z,1.15838,1.15843,1.15580,1.15648,4437
2025-11-25T21:00:00Z,1.15648,1.15722,1.15643,1.15697,1961
2025-11-25T22:00:00Z,1.15696,1.15696,1.15663,1.15691,557
2025-11-25T23:00:00Z,1.15691,1.15729,1.15640,1.15648,954
2025-11-26T00:00:00Z,1.15648,1.15723,1.15632,1.15681,3293
2025-11-26T01:00:00Z,1.15682,1.15829,1.15652,1.15772,4596
2025-11-26T02:00:00Z,1.15771,1.15866,1.15746,1.15817,3722
2025-11-26T03:00:00Z,1.15818,1.15915,1.15807,1.15906,2757
2025-11-26T04:00:00Z,1.15903,1.15915,1.15820,1.15834,2398
2025-11-26T05:00:00Z,1.15836,1.15912,1.15824,1.15908,2490
2025-11-26T06:00:00Z,1.15906,1.15958,1.15836,1.15860,3324
2025-11-26T07:00:00Z,1.15862,1.15921,1.15750,1.15792,4298
2025-11-26T08:00:00Z,1.15792,1.15808,1.15656,1.15719,4635
2025-11-26T09:00:00Z,1.15719,1.15797,1.15682,1.15719,5191
2025-11-26T10:00:00Z,1.15720,1.15778,1.15684,1.15734,3505
2025-11-26T11:00:00Z,1.15731,1.15809,1.15681,1.15741,7062
2025-11-26T12:00:00Z,1.15739,1.15800,1.15690,1.15721,9459
2025-11-26T13:00:00Z,1.15722,1.15839,1.15482,1.15521,14089
2025-11-26T14:00:00Z,1.15521,1.15818,1.15470,1.15786,7904
2025-11-26T15:00:00Z,1.15786,1.15948,1.15780,1.15894,8259
2025-11-26T16:00:00Z,1.15894,1.16008,1.15886,1.15902,5888
2025-11-26T17:00:00Z,1.15900,1.15938,1.15850,1.15928,4491
2025-11-26T18:00:00Z,1.15927,1.15964,1.15890,1.15933,2372
2025-11-26T19:00:00Z,1.15932,1.15961,1.15903,1.15936,1835
2025-11-26T20:00:00Z,1.15936,1.15973,1.15920,1.15940,1759
2025-11-26T21:00:00Z,1.15940,1.15972,1.15935,1.15945,1302
2025-11-26T22:00:00Z,1.15945,1.15965,1.15882,1.15944,1262
2025-11-26T23:00:00Z,1.15945,1.16021,1.15939,1.16017,2114
2025-11-27T00:00:00Z,1.16018,1.16049,1.15997,1.16020,2578
2025-11-27T01:00:00Z,1.16019,1.16125,1.16006,1.16092,3863
2025-11-27T02:00:00Z,1.16091,1.16132,1.16002,1.16038,3001
2025-11-27T03:00:00Z,1.16037,1.16064,1.15998,1.16019,2201
2025-11-27T04:00:00Z,1.16021,1.16053,1.16001,1.16008,1236
2025-11-27T05:00:00Z,1.16006,1.16062,1.16006,1.16021,1904
2025-11-27T06:00:00Z,1.16021,1.16053,1.15910,1.15922,3729
2025-11-27T07:00:00Z,1.15921,1.15936,1.15858,1.15916,2295
2025-11-27T08:00:00Z,1.15919,1.15954,1.15867,1.15925,3873
2025-11-27T09:00:00Z,1.15926,1.15936,1.15763,1.15774,3795
2025-11-27T10:00:00Z,1.15775,1.15849,1.15769,1.15837,2638
2025-11-27T11:00:00Z,1.15838,1.15875,1.15786,1.15859,3033
2025-11-27T12:00:00Z,1.15860,1.15904,1.15818,1.15831,2535
2025-11-27T13:00:00Z,1.15829,1.15968,1.15829,1.15949,3384
2025-11-27T14:00:00Z,1.15950,1.15978,1.15901,1.15947,3321
2025-11-27T15:00:00Z,1.15946,1.15994,1.15922,1.15940,2540
2025-11-27T16:00:00Z,1.15941,1.16002,1.15921,1.15993,1825
2025-11-27T17:00:00Z,1.15994,1.16015,1.15916,1.15948,1148
2025-11-27T18:00:00Z,1.15949,1.15953,1.15911,1.15918,529
2025-11-27T19:00:00Z,1.15919,1.15959,1.15919,1.15952,462
2025-11-27T20:00:00Z,1.15952,1.15963,1.15942,1.15949,235
2025-11-27T21:00:00Z,1.15950,1.15968,1.15948,1.15949,711
2025-11-27T22:00:00Z,1.15949,1.15961,1.15927,1.15957,301
2025-11-27T23:00:00Z,1.15955,1.16015,1.15955,1.15996,505
2025-11-28T00:00:00Z,1.15995,1.16018,1.15920,1.15939,3375
2025-11-28T01:00:00Z,1.15941,1.15986,1.15814,1.15829,2512
2025-11-28T02:00:00Z,1.15829,1.15879,1.15800,1.15837,5677
2025-11-28T03:00:00Z,1.15839,1.15903,1.15813,1.15869,8152
2025-11-28T04:00:00Z,1.15869,1.15913,1.15850,1.15889,4737
2025-11-28T05:00:00Z,1.15889,1.15931,1.15817,1.15890,11929
2025-11-28T06:00:00Z,1.15890,1.15897,1.15807,1.15830,12984
2025-11-28T07:00:00Z,1.15833,1.15894,1.15773,1.15787,14275
2025-11-28T08:00:00Z,1.15794,1.15813,1.15660,1.15693,17776
2025-11-28T09:00:00Z,1.15695,1.15795,1.15668,1.15678,21554
2025-11-28T10:00:00Z,1.15681,1.15701,1.15550,1.15587,12803
2025-11-28T11:00:00Z,1.15587,1.15687,1.15550,1.15675,9874
2025-11-28T12:00:00Z,1.15676,1.15728,1.15608,1.15656,8893
2025-11-28T13:00:00Z,1.15657,1.15784,1.15623,1.15744,13229
2025-11-28T14:00:00Z,1.15744,1.15849,1.15710,1.15844,5641
2025-11-28T15:00:00Z,1.15844,1.16075,1.15792,1.16074,8169
2025-11-28T16:00:00Z,1.16072,1.16074,1.15927,1.15990,7062
2025-11-28T17:00:00Z,1.15989,1.16042,1.15933,1.16026,2675
2025-11-28T18:00:00Z,1.16024,1.16044,1.15958,1.16014,1794
2025-11-28T19:00:00Z,1.16015,1.16038,1.16007,1.16021,1536
2025-11-28T20:00:00Z,1.16021,1.16042,1.16004,1.16004,1537
2025-11-28T21:00:00Z,1.16004,1.16026,1.15954,1.15973,1473
2025-11-30T22:00:00Z,1.15940,1.15997,1.15912,1.15987,1399
2025-11-30T23:00:00Z,1.15990,1.16078,1.15956,1.16010,1907
2025-12-01T00:00:00Z,1.16011,1.16070,1.15975,1.16031,3369
2025-12-01T01:00:00Z,1.16030,1.16158,1.16003,1.16050,4771
2025-12-01T02:00:00Z,1.16049,1.16057,1.15928,1.15949,3215
2025-12-01T03:00:00Z,1.15948,1.15974,1.15893,1.15968,1770
2025-12-01T04:00:00Z,1.15969,1.16023,1.15944,1.15986,1632
2025-12-01T05:00:00Z,1.15985,1.16014,1.15947,1.15978,1995
2025-12-01T06:00:00Z,1.15976,1.15989,1.15903,1.15962,2550
2025-12-01T07:00:00Z,1.15963,1.16128,1.15954,1.16068,4013
2025-12-01T08:00:00Z,1.16067,1.16218,1.16040,1.16132,6500
2025-12-01T09:00:00Z,1.16134,1.16235,1.16134,1.16221,6230
2025-12-01T10:00:00Z,1.16220,1.16285,1.16188,1.16274,4199
2025-12-01T11:00:00Z,1.16274,1.16321,1.16241,1.16277,5570
2025-12-01T12:00:00Z,1.16276,1.16488,1.16266,1.16487,5555
2025-12-01T13:00:00Z,1.16488,1.16522,1.16394,1.16448,6756
2025-12-01T14:00:00Z,1.16448,1.16450,1.16300,1.16319,7980
2025-12-01T15:00:00Z,1.16326,1.16406,1.16226,1.16287,8910
2025-12-01T16:00:00Z,1.16289,1.16342,1.16208,1.16227,5158
2025-12-01T17:00:00Z,1.16226,1.16287,1.16178,1.16206,3222
2025-12-01T18:00:00Z,1.16206,1.16234,1.16116,1.16119,3386
2025-12-01T19:00:00Z,1.16117,1.16122,1.16070,1.16083,2514
2025-12-01T20:00:00Z,1.16085,1.16100,1.16063,1.16092,1976
2025-12-01T21:00:00Z,1.16095,1.16108,1.16077,1.16092,929
2025-12-01T22:00:00Z,1.16089,1.16089,1.16066,1.16079,357
2025-12-01T23:00:00Z,1.16078,1.16101,1.16065,1.16066,488
2025-12-02T00:00:00Z,1.16069,1.16093,1.16037,1.16056,1614
2025-12-02T01:00:00Z,1.16055,1.16110,1.16037,1.16091,2244
2025-12-02T02:00:00Z,1.16089,1.16120,1.16085,1.16117,1375
2025-12-02T03:00:00Z,1.16118,1.16127,1.16087,1.16120,2179
2025-12-02T04:00:00Z,1.16120,1.16140,1.16088,1.16089,1303
2025-12-02T05:00:00Z,1.16088,1.16110,1.16069,1.16098,1250
2025-12-02T06:00:00Z,1.16099,1.16109,1.16047,1.16094,1672
2025-12-02T07:00:00Z,1.16094,1.16162,1.16085,1.16125,3628
2025-12-02T08:00:00Z,1.16125,1.16161,1.16089,1.16104,3793
2025-12-02T09:00:00Z,1.16105,1.16140,1.16024,1.16098,4750
2025-12-02T10:00:00Z,1.16099,1.16121,1.15983,1.16065,3782
2025-12-02T11:00:00Z,1.16065,1.16128,1.16034,1.16116,2902
2025-12-02T12:00:00Z,1.16117,1.16193,1.16072,1.16176,3283
2025-12-02T13:00:00Z,1.16177,1.16194,1.16110,1.16174,3269
2025-12-02T14:00:00Z,1.16175,1.16230,1.16131,1.16177,6103
2025-12-02T15:00:00Z,1.16178,1.16185,1.15932,1.16061,8720
2025-12-02T16:00:00Z,1.16061,1.16096,1.15910,1.15953,6947
2025-12-02T17:00:00Z,1.15952,1.16078,1.15928,1.16071,4031
2025-12-02T18:00:00Z,1.16071,1.16131,1.16056,1.16087,2398
2025-12-02T19:00:00Z,1.16088,1.16248,1.16086,1.16206,3072
2025-12-02T20:00:00Z,1.16204,1.16258,1.16196,1.16243,2896
2025-12-02T21:00:00Z,1.16243,1.16257,1.16210,1.16233,1516
2025-12-02T22:00:00Z,1.16233,1.16247,1.16204,1.16234,812
2025-12-02T23:00:00Z,1.16237,1.16290,1.16234,1.16280,515
2025-12-03T00:00:00Z,1.16280,1.16329,1.16277,1.16306,3437
2025-12-03T01:00:00Z,1.16306,1.16375,1.16304,1.16368,1684
2025-12-03T02:00:00Z,1.16369,1.16385,1.16353,1.16380,967
2025-12-03T03:00:00Z,1.16378,1.16389,1.16368,1.16376,773
2025-12-03T04:00:00Z,1.16378,1.16419,1.16361,1.16410,821
2025-12-03T05:00:00Z,1.16411,1.16436,1.16407,1.16426,1124
2025-12-03T06:00:00Z,1.16426,1.16477,1.16415,1.16429,1898
2025-12-03T07:00:00Z,1.16429,1.16526,1.16391,1.16412,5050
2025-12-03T08:00:00Z,1.16412,1.16455,1.16356,1.16438,5070
2025-12-03T09:00:00Z,1.16439,1.16478,1.16398,1.16455,5694
2025-12-03T10:00:00Z,1.16456,1.16636,1.16447,1.16605,4273
2025-12-03T11:00:00Z,1.16606,1.16657,1.16549,1.16655,2572
2025-12-03T12:00:00Z,1.16654,1.16694,1.16622,1.16628,3204
2025-12-03T13:00:00Z,1.16628,1.16752,1.16617,1.16662,6850
2025-12-03T14:00:00Z,1.16664,1.16669,1.16555,1.16623,10547
2025-12-03T15:00:00Z,1.16621,1.16680,1.16543,1.16595,15152
2025-12-03T16:00:00Z,1.16595,1.16662,1.16584,1.16594,9585
2025-12-03T17:00:00Z,1.16595,1.16707,1.16574,1.16684,6676
2025-12-03T18:00:00Z,1.16686,1.16755,1.16682,1.16717,4065
2025-12-03T19:00:00Z,1.16718,1.16775,1.16710,1.16727,1898
2025-12-03T20:00:00Z,1.16725,1.16728,1.16652,1.16654,1444
2025-12-03T21:00:00Z,1.16654,1.16717,1.16642,1.16706,1329
2025-12-03T22:00:00Z,1.16705,1.16743,1.16638,1.16702,639
2025-12-03T23:00:00Z,1.16702,1.16719,1.16633,1.16661,911
2025-12-04T00:00:00Z,1.16662,1.16673,1.16594,1.16627,1822
2025-12-04T01:00:00Z,1.16626,1.16647,1.16587,1.16630,2746
2025-12-04T02:00:00Z,1.16630,1.16639,1.16590,1.16602,1477
2025-12-04T03:00:00Z,1.16601,1.16601,1.16533,1.16558,1885
2025-12-04T04:00:00Z,1.16556,1.16583,1.16551,1.16570,1418
2025-12-04T05:00:00Z,1.16572,1.16619,1.16561,1.16594,3017
2025-12-04T06:00:00Z,1.16595,1.16597,1.16529,1.16580,2895
2025-12-04T07:00:00Z,1.16578,1.16652,1.16553,1.16652,2782
2025-12-04T08:00:00Z,1.16652,1.16819,1.16632,1.16767,7055
2025-12-04T09:00:00Z,1.16766,1.16802,1.16733,1.16773,4792
2025-12-04T10:00:00Z,1.16772,1.16797,1.16635,1.16664,3344
2025-12-04T11:00:00Z,1.16664,1.16804,1.16651,1.16802,4477
2025-12-04T12:00:00Z,1.16801,1.16808,1.16653,1.16699,4125
2025-12-04T13:00:00Z,1.16700,1.16711,1.16517,1.16647,7332
2025-12-04T14:00:00Z,1.16647,1.16768,1.16642,1.16700,6944
2025-12-04T15:00:00Z,1.16698,1.16746,1.16579,1.16731,5878
2025-12-04T16:00:00Z,1.16731,1.16734,1.16534,1.16587,4899
2025-12-04T17:00:00Z,1.16587,1.16597,1.16529,1.16560,2714
2025-12-04T18:00:00Z,1.16559,1.16597,1.16536,1.16543,2357
2025-12-04T19:00:00Z,1.16542,1.16555,1.16500,1.16525,2454
2025-12-04T20:00:00Z,1.16524,1.16524,1.16411,1.16440,2500
2025-12-04T21:00:00Z,1.16440,1.16459,1.16409,1.16440,1502
2025-12-04T22:00:00Z,1.16439,1.16442,1.16414,1.16439,402
2025-12-04T23:00:00Z,1.16439,1.16447,1.16409,1.16431,684
2025-12-05T00:00:00Z,1.16433,1.16502,1.16433,1.16497,1792
2025-12-05T01:00:00Z,1.16498,1.16537,1.16495,1.16534,2016
2025-12-05T02:00:00Z,1.16534,1.16543,1.16510,1.16517,1667
2025-12-05T03:00:00Z,1.16516,1.16516,1.16462,1.16489,1023
2025-12-05T04:00:00Z,1.16489,1.16540,1.16486,1.16535,1977
2025-12-05T05:00:00Z,1.16534,1.16590,1.16530,1.16590,1617
2025-12-05T06:00:00Z,1.16590,1.16614,1.16551,1.16590,2107
2025-12-05T07:00:00Z,1.16590,1.16717,1.16584,1.16627,5010
2025-12-05T08:00:00Z,1.16630,1.16640,1.16521,1.16537,5050
2025-12-05T09:00:00Z,1.16535,1.16551,1.16481,1.16543,3778
2025-12-05T10:00:00Z,1.16545,1.16569,1.16476,1.16509,2826
2025-12-05T11:00:00Z,1.16509,1.16523,1.16415,1.16464,3274
2025-12-05T12:00:00Z,1.16464,1.16533,1.16435,1.16515,4159
2025-12-05T13:00:00Z,1.16521,1.16538,1.16433,1.16517,4264
2025-12-05T14:00:00Z,1.16518,1.16600,1.16455,1.16498,6602
2025-12-05T15:00:00Z,1.16496,1.16588,1.16437,1.16481,7116
2025-12-05T16:00:00Z,1.16481,1.16490,1.16279,1.16341,7955
2025-12-05T17:00:00Z,1.16340,1.16441,1.16324,1.16441,3942
2025-12-05T18:00:00Z,1.16441,1.16485,1.16420,1.16425,2455
2025-12-05T19:00:00Z,1.16426,1.16440,1.16399,1.16430,2233
2025-12-05T20:00:00Z,1.16429,1.16445,1.16397,1.16440,2523
2025-12-05T21:00:00Z,1.16439,1.16471,1.16388,1.16388,1797
2025-12-07T22:00:00Z,1.16373,1.16451,1.16341,1.16446,725
2025-12-07T23:00:00Z,1.16446,1.16461,1.16391,1.16404,2632
2025-12-08T00:00:00Z,1.16406,1.16513,1.16394,1.16511,1846
2025-12-08T01:00:00Z,1.16510,1.16531,1.16455,1.16516,2544
2025-12-08T02:00:00Z,1.16518,1.16542,1.16487,1.16537,1456
2025-12-08T03:00:00Z,1.16538,1.16554,1.16498,1.16500,1482
2025-12-08T04:00:00Z,1.16501,1.16553,1.16496,1.16543,1120
2025-12-08T05:00:00Z,1.16543,1.16562,1.16523,1.16559,1795
2025-12-08T06:00:00Z,1.16561,1.16718,1.16559,1.16605,3084
2025-12-08T07:00:00Z,1.16605,1.16678,1.16548,1.16579,3240
2025-12-08T08:00:00Z,1.16581,1.16623,1.16480,1.16558,4184
2025-12-08T09:00:00Z,1.16558,1.16575,1.16479,1.16486,3527
2025-12-08T10:00:00Z,1.16483,1.16554,1.16477,1.16506,3159
2025-12-08T11:00:00Z,1.16507,1.16534,1.16467,1.16502,2910
2025-12-08T12:00:00Z,1.16502,1.16538,1.16475,1.16531,3197
2025-12-08T13:00:00Z,1.16533,1.16573,1.16455,1.16482,4366
2025-12-08T14:00:00Z,1.16483,1.16547,1.16377,1.16399,6491
2025-12-08T15:00:00Z,1.16399,1.16399,1.16169,1.16249,7666
2025-12-08T16:00:00Z,1.16248,1.16285,1.16163,1.16248,5432
2025-12-08T17:00:00Z,1.16248,1.16390,1.16200,1.16389,4673
2025-12-08T18:00:00Z,1.16391,1.16419,1.16341,1.16371,3354
2025-12-08T19:00:00Z,1.16372,1.16417,1.16361,1.16393,3088
2025-12-08T20:00:00Z,1.16394,1.16418,1.16373,1.16379,2538
2025-12-08T21:00:00Z,1.16380,1.16386,1.16350,1.16369,1831
2025-12-08T22:00:00Z,1.16370,1.16374,1.16315,1.16354,2108
2025-12-08T23:00:00Z,1.16355,1.16407,1.16355,1.16407,916
2025-12-09T00:00:00Z,1.16405,1.16429,1.16367,1.16386,1767
2025-12-09T01:00:00Z,1.16384,1.16474,1.16358,1.16471,2931
2025-12-09T02:00:00Z,1.16470,1.16482,1.16438,1.16457,1445
2025-12-09T03:00:00Z,1.16458,1.16486,1.16435,1.16454,2926
2025-12-09T04:00:00Z,1.16453,1.16469,1.16436,1.16466,1343
2025-12-09T05:00:00Z,1.16466,1.16502,1.16439,1.16486,2270
2025-12-09T06:00:00Z,1.16487,1.16491,1.16418,1.16437,2047
2025-12-09T07:00:00Z,1.16437,1.16461,1.16379,1.16398,2988
2025-12-09T08:00:00Z,1.16399,1.16495,1.16334,1.16448,4842
2025-12-09T09:00:00Z,1.16448,1.16571,1.16436,1.16522,4571
2025-12-09T10:00:00Z,1.16522,1.16541,1.16402,1.16444,3047
2025-12-09T11:00:00Z,1.16446,1.16476,1.16378,1.16434,3307
2025-12-09T12:00:00Z,1.16434,1.16442,1.16342,1.16375,4016
2025-12-09T13:00:00Z,1.16375,1.16398,1.16290,1.16344,5382
2025-12-09T14:00:00Z,1.16343,1.16385,1.16279,1.16376,7462
2025-12-09T15:00:00Z,1.16374,1.16375,1.16149,1.16287,9548
2025-12-09T16:00:00Z,1.16288,1.16410,1.16287,1.16381,4053
2025-12-09T17:00:00Z,1.16383,1.16396,1.16219,1.16238,4216
2025-12-09T18:00:00Z,1.16239,1.16248,1.16168,1.16241,2788
2025-12-09T19:00:00Z,1.16243,1.16299,1.16219,1.16287,1997
2025-12-09T20:00:00Z,1.16286,1.16320,1.16263,1.16267,2134
2025-12-09T21:00:00Z,1.16267,1.16292,1.16234,1.16273,2023
2025-12-09T22:00:00Z,1.16266,1.16286,1.16240,1.16254,1229
2025-12-09T23:00:00Z,1.16257,1.16284,1.16246,1.16278,521
2025-12-10T00:00:00Z,1.16280,1.16288,1.16242,1.16260,1853
2025-12-10T01:00:00Z,1.16259,1.16284,1.16223,1.16237,2114
2025-12-10T02:00:00Z,1.16234,1.16282,1.16231,1.16236,1123
2025-12-10T03:00:00Z,1.16235,1.16272,1.16214,1.16263,1099
2025-12-10T04:00:00Z,1.16264,1.16289,1.16249,1.16273,656
2025-12-10T05:00:00Z,1.16272,1.16309,1.16264,1.16296,837
2025-12-10T06:00:00Z,1.16297,1.16354,1.16286,1.16350,1028
2025-12-10T07:00:00Z,1.16352,1.16493,1.16343,1.16480,4089
2025-12-10T08:00:00Z,1.16482,1.16576,1.16434,1.16525,4910
2025-12-10T09:00:00Z,1.16525,1.16528,1.16356,1.16365,4539
2025-12-10T10:00:00Z,1.16363,1.16394,1.16274,1.16343,4382
2025-12-10T11:00:00Z,1.16342,1.16383,1.16298,1.16350,3549
2025-12-10T12:00:00Z,1.16350,1.16421,1.16328,1.16392,3159
2025-12-10T13:00:00Z,1.16392,1.16417,1.16276,1.16399,5964
2025-12-10T14:00:00Z,1.16400,1.16449,1.16337,1.16430,9023
2025-12-10T15:00:00Z,1.16431,1.16512,1.16345,1.16418,6976
2025-12-10T16:00:00Z,1.16419,1.16499,1.16372,1.16498,4453
2025-12-10T17:00:00Z,1.16499,1.16601,1.16456,1.16587,3287
2025-12-10T18:00:00Z,1.16586,1.16609,1.16535,1.16552,3237
2025-12-10T19:00:00Z,1.16549,1.16810,1.16467,1.16782,24034
2025-12-10T20:00:00Z,1.16781,1.16997,1.16737,1.16938,13531
2025-12-10T21:00:00Z,1.16937,1.16955,1.16892,1.16948,2796
2025-12-10T22:00:00Z,1.16948,1.16955,1.16880,1.16951,2396
2025-12-10T23:00:00Z,1.16952,1.17027,1.16945,1.17013,2457
2025-12-11T00:00:00Z,1.17013,1.17047,1.16970,1.17021,4876
2025-12-11T01:00:00Z,1.17021,1.17072,1.17003,1.17017,4421
2025-12-11T02:00:00Z,1.17018,1.17061,1.16933,1.16938,4744
2025-12-11T03:00:00Z,1.16937,1.16974,1.16899,1.16906,2021
2025-12-11T04:00:00Z,1.16907,1.16915,1.16854,1.16902,2632
2025-12-11T05:00:00Z,1.16900,1.16920,1.16847,1.16853,1284
2025-12-11T06:00:00Z,1.16855,1.16897,1.16821,1.16889,1883
2025-12-11T07:00:00Z,1.16888,1.17010,1.16873,1.16934,3677
2025-12-11T08:00:00Z,1.16935,1.17065,1.16935,1.16972,5275
2025-12-11T09:00:00Z,1.16971,1.17032,1.16870,1.17021,5927
2025-12-11T10:00:00Z,1.17021,1.17075,1.16988,1.17071,4068
2025-12-11T11:00:00Z,1.17069,1.17178,1.17061,1.17130,3630
2025-12-11T12:00:00Z,1.17128,1.17191,1.17098,1.17168,4152
2025-12-11T13:00:00Z,1.17169,1.17364,1.17132,1.17310,8970
2025-12-11T14:00:00Z,1.17309,1.17484,1.17302,1.17376,8434
2025-12-11T15:00:00Z,1.17376,1.17570,1.17315,1.17563,8138
2025-12-11T16:00:00Z,1.17564,1.17594,1.17461,1.17552,6893
2025-12-11T17:00:00Z,1.17551,1.17627,1.17496,1.17551,5448
2025-12-11T18:00:00Z,1.17550,1.17592,1.17510,1.17534,4637
2025-12-11T19:00:00Z,1.17536,1.17536,1.17405,1.17409,3983
2025-12-11T20:00:00Z,1.17409,1.17457,1.17365,1.17408,2373
2025-12-11T21:00:00Z,1.17407,1.17431,1.17366,1.17376,1783
2025-12-11T22:00:00Z,1.17377,1.17397,1.17360,1.17386,1801
2025-12-11T23:00:00Z,1.17386,1.17416,1.17371,1.17407,930
2025-12-12T00:00:00Z,1.17407,1.17444,1.17389,1.17403,3420
2025-12-12T01:00:00Z,1.17405,1.17461,1.17324,1.17348,4172
2025-12-12T02:00:00Z,1.17348,1.17376,1.17311,1.17360,2207
2025-12-12T03:00:00Z,1.17360,1.17374,1.17330,1.17342,1827
2025-12-12T04:00:00Z,1.17342,1.17355,1.17310,1.17317,2461
2025-12-12T05:00:00Z,1.17317,1.17393,1.17315,1.17386,1139
2025-12-12T06:00:00Z,1.17386,1.17419,1.17337,1.17387,2132
2025-12-12T07:00:00Z,1.17388,1.17432,1.17356,1.17377,5302
2025-12-12T08:00:00Z,1.17377,1.17421,1.17280,1.17280,6037
2025-12-12T09:00:00Z,1.17279,1.17346,1.17267,1.17328,3795
2025-12-12T10:00:00Z,1.17326,1.17330,1.17245,1.17272,3620
2025-12-12T11:00:00Z,1.17271,1.17290,1.17221,1.17268,2397
2025-12-12T12:00:00Z,1.17266,1.17278,1.17195,1.17250,3200
2025-12-12T13:00:00Z,1.17250,1.17350,1.17238,1.17273,4485
2025-12-12T14:00:00Z,1.17271,1.17434,1.17231,1.17421,7244
2025-12-12T15:00:00Z,1.17420,1.17449,1.17296,1.17381,6825
2025-12-12T16:00:00Z,1.17380,1.17432,1.17261,1.17309,7833
2025-12-12T17:00:00Z,1.17308,1.17479,1.17302,1.17477,5880
2025-12-12T18:00:00Z,1.17475,1.17497,1.17404,1.17413,4896
2025-12-12T19:00:00Z,1.17413,1.17413,1.17353,1.17404,5574
2025-12-12T20:00:00Z,1.17402,1.17465,1.17368,1.17390,3867
2025-12-12T21:00:00Z,1.17391,1.17450,1.17381,1.17396,2605
2025-12-14T22:00:00Z,1.17358,1.17378,1.17277,1.17361,1968
2025-12-14T23:00:00Z,1.17367,1.17406,1.17353,1.17369,2102
2025-12-15T00:00:00Z,1.17370,1.17371,1.17283,1.17332,3161
2025-12-15T01:00:00Z,1.17330,1.17423,1.17294,1.17412,3057
2025-12-15T02:00:00Z,1.17412,1.17447,1.17369,1.17413,3207
2025-12-15T03:00:00Z,1.17415,1.17446,1.17317,1.17341,2734
2025-12-15T04:00:00Z,1.17340,1.17356,1.17318,1.17321,2236
2025-12-15T05:00:00Z,1.17321,1.17356,1.17320,1.17343,2230
2025-12-15T06:00:00Z,1.17342,1.17363,1.17287,1.17351,3050
2025-12-15T07:00:00Z,1.17351,1.17380,1.17277,1.17282,4069
2025-12-15T08:00:00Z,1.17283,1.17387,1.17264,1.17310,5002
2025-12-15T09:00:00Z,1.17310,1.17434,1.17304,1.17431,4572
2025-12-15T10:00:00Z,1.17430,1.17466,1.17390,1.17426,2739
2025-12-15T11:00:00Z,1.17426,1.17500,1.17411,1.17486,2089
2025-12-15T12:00:00Z,1.17486,1.17591,1.17483,1.17527,3213
2025-12-15T13:00:00Z,1.17529,1.17597,1.17470,1.17475,6777
2025-12-15T14:00:00Z,1.17473,1.17640,1.17439,1.17635,10400
2025-12-15T15:00:00Z,1.17636,1.17688,1.17546,1.17628,12236
2025-12-15T16:00:00Z,1.17629,1.17647,1.17521,1.17554,6226
2025-12-15T17:00:00Z,1.17552,1.17557,1.17448,1.17456,4404
2025-12-15T18:00:00Z,1.17456,1.17481,1.17392,1.17432,3103
2025-12-15T19:00:00Z,1.17431,1.17499,1.17382,1.17487,2672
2025-12-15T20:00:00Z,1.17488,1.17518,1.17474,1.17509,1913
2025-12-15T21:00:00Z,1.17507,1.17537,1.17487,1.17521,1827
2025-12-15T22:00:00Z,1.17518,1.17529,1.17488,1.17507,2015
2025-12-15T23:00:00Z,1.17508,1.17557,1.17506,1.17533,620
2025-12-16T00:00:00Z,1.17535,1.17579,1.17481,1.17498,1461
2025-12-16T01:00:00Z,1.17497,1.17552,1.17467,1.17518,2835
2025-12-16T02:00:00Z,1.17519,1.17564,1.17500,1.17557,1677
2025-12-16T03:00:00Z,1.17554,1.17590,1.17498,1.17517,1844
2025-12-16T04:00:00Z,1.17519,1.17537,1.17498,1.17510,1453
2025-12-16T05:00:00Z,1.17509,1.17541,1.17491,1.17504,1215
2025-12-16T06:00:00Z,1.17504,1.17536,1.17463,1.17525,1796
2025-12-16T07:00:00Z,1.17524,1.17540,1.17442,1.17521,3713
2025-12-16T08:00:00Z,1.17523,1.17639,1.17464,1.17539,7413
2025-12-16T09:00:00Z,1.17539,1.17620,1.17500,1.17557,5814
2025-12-16T10:00:00Z,1.17564,1.17617,1.17537,1.17572,5415
2025-12-16T11:00:00Z,1.17572,1.17630,1.17515,1.17630,4481
2025-12-16T12:00:00Z,1.17630,1.17783,1.17605,1.17778,3699
2025-12-16T13:00:00Z,1.17777,1.17946,1.17568,1.17755,16518
2025-12-16T14:00:00Z,1.17756,1.17999,1.17689,1.17997,12290
2025-12-16T15:00:00Z,1.17996,1.18040,1.17672,1.17700,13008
2025-12-16T16:00:00Z,1.17702,1.17757,1.17611,1.17690,7011
2025-12-16T17:00:00Z,1.17690,1.17778,1.17622,1.17638,4419
2025-12-16T18:00:00Z,1.17638,1.17638,1.17451,1.17529,4157
2025-12-16T19:00:00Z,1.17528,1.17622,1.17350,1.17576,5979
2025-12-16T20:00:00Z,1.17574,1.17629,1.17463,1.17476,3630
2025-12-16T21:00:00Z,1.17475,1.17512,1.17455,1.17463,1538
2025-12-16T22:00:00Z,1.17460,1.17491,1.17450,1.17478,1510
2025-12-16T23:00:00Z,1.17479,1.17513,1.17479,1.17492,1205
2025-12-17T00:00:00Z,1.17490,1.17515,1.17452,1.17500,2409
2025-12-17T01:00:00Z,1.17502,1.17523,1.17450,1.17472,3139
2025-12-17T02:00:00Z,1.17470,1.17479,1.17371,1.17397,4738
2025-12-17T03:00:00Z,1.17398,1.17405,1.17369,1.17389,1907
2025-12-17T04:00:00Z,1.17390,1.17397,1.17275,1.17296,4237
2025-12-17T05:00:00Z,1.17295,1.17306,1.17247,1.17291,2898
2025-12-17T06:00:00Z,1.17292,1.17304,1.17062,1.17098,4831
2025-12-17T07:00:00Z,1.17098,1.17133,1.17030,1.17128,6996
2025-12-17T08:00:00Z,1.17128,1.17209,1.17059,1.17183,5876
2025-12-17T09:00:00Z,1.17181,1.17206,1.17114,1.17158,6101
2025-12-17T10:00:00Z,1.17156,1.17251,1.17126,1.17251,5401
2025-12-17T11:00:00Z,1.17252,1.17273,1.17077,1.17090,3972
2025-12-17T12:00:00Z,1.17090,1.17275,1.17083,1.17267,5072
2025-12-17T13:00:00Z,1.17266,1.17333,1.17197,1.17316,10013
2025-12-17T14:00:00Z,1.17317,1.17442,1.17279,1.17410,9283
2025-12-17T15:00:00Z,1.17410,1.17580,1.17401,1.17527,9210
2025-12-17T16:00:00Z,1.17526,1.17561,1.17453,1.17470,7309
2025-12-17T17:00:00Z,1.17472,1.17546,1.17454,1.17492,4512
2025-12-17T18:00:00Z,1.17495,1.17555,1.17424,1.17439,4491
2025-12-17T19:00:00Z,1.17440,1.17471,1.17413,1.17449,2429
2025-12-17T20:00:00Z,1.17449,1.17461,1.17383,1.17394,1695
2025-12-17T21:00:00Z,1.17395,1.17414,1.17384,1.17401,1509
2025-12-17T22:00:00Z,1.17400,1.17437,1.17385,1.17387,976
2025-12-17T23:00:00Z,1.17388,1.17433,1.17388,1.17414,572
2025-12-18T00:00:00Z,1.17415,1.17456,1.17402,1.17439,1139
2025-12-18T01:00:00Z,1.17438,1.17454,1.17350,1.17382,2025
2025-12-18T02:00:00Z,1.17383,1.17424,1.17367,1.17407,2527
2025-12-18T03:00:00Z,1.17408,1.17419,1.17374,1.17392,1524
2025-12-18T04:00:00Z,1.17391,1.17427,1.17382,1.17427,1735
2025-12-18T05:00:00Z,1.17426,1.17467,1.17409,1.17457,2342
2025-12-18T06:00:00Z,1.17457,1.17472,1.17386,1.17442,2606
2025-12-18T07:00:00Z,1.17440,1.17496,1.17333,1.17337,4193
2025-12-18T08:00:00Z,1.17336,1.17369,1.17279,1.17321,5064
2025-12-18T09:00:00Z,1.17320,1.17326,1.17171,1.17219,5598
2025-12-18T10:00:00Z,1.17218,1.17267,1.17176,1.17246,3177
2025-12-18T11:00:00Z,1.17248,1.17273,1.17202,1.17206,3478
2025-12-18T12:00:00Z,1.17204,1.17232,1.17123,1.17138,6163
2025-12-18T13:00:00Z,1.17138,1.17627,1.17130,1.17468,14281
2025-12-18T14:00:00Z,1.17467,1.17556,1.17325,1.17346,11459
2025-12-18T15:00:00Z,1.17347,1.17402,1.17159,1.17270,10100
2025-12-18T16:00:00Z,1.17269,1.17459,1.17254,1.17279,8148
2025-12-18T17:00:00Z,1.17282,1.17287,1.17150,1.17188,5589
2025-12-18T18:00:00Z,1.17190,1.17249,1.17153,1.17196,2949
2025-12-18T19:00:00Z,1.17196,1.17276,1.17177,1.17250,3252
2025-12-18T20:00:00Z,1.17250,1.17277,1.17202,1.17219,3028
2025-12-18T21:00:00Z,1.17218,1.17251,1.17210,1.17217,2125
2025-12-18T22:00:00Z,1.17212,1.17251,1.17159,1.17231,4305
2025-12-18T23:00:00Z,1.17238,1.17276,1.17236,1.17246,576
2025-12-19T00:00:00Z,1.17247,1.17266,1.17216,1.17263,1309
2025-12-19T01:00:00Z,1.17266,1.17285,1.17203,1.17243,1742
2025-12-19T02:00:00Z,1.17243,1.17285,1.17210,1.17226,1534
2025-12-19T03:00:00Z,1.17227,1.17257,1.17182,1.17210,2577
2025-12-19T04:00:00Z,1.17209,1.17225,1.17154,1.17177,1504
2025-12-19T05:00:00Z,1.17178,1.17206,1.17178,1.17198,1468
2025-12-19T06:00:00Z,1.17196,1.17216,1.17117,1.17196,3334
2025-12-19T07:00:00Z,1.17196,1.17203,1.17031,1.17075,6494
2025-12-19T08:00:00Z,1.17077,1.17162,1.17062,1.17124,4913
2025-12-19T09:00:00Z,1.17123,1.17177,1.17087,1.17121,4986
2025-12-19T10:00:00Z,1.17121,1.17177,1.17087,1.17162,4896
2025-12-19T11:00:00Z,1.17164,1.17176,1.17074,1.17113,4826
2025-12-19T12:00:00Z,1.17111,1.17152,1.17076,1.17101,3126
2025-12-19T13:00:00Z,1.17101,1.17193,1.17021,1.17191,7715
2025-12-19T14:00:00Z,1.17192,1.17377,1.17188,1.17264,6980
2025-12-19T15:00:00Z,1.17263,1.17284,1.17093,1.17094,8282
2025-12-19T16:00:00Z,1.17096,1.17210,1.17082,1.17208,5664
2025-12-19T17:00:00Z,1.17208,1.17208,1.17133,1.17191,2840
2025-12-19T18:00:00Z,1.17191,1.17271,1.17179,1.17200,3744
2025-12-19T19:00:00Z,1.17198,1.17251,1.17161,1.17235,2182
2025-12-19T20:00:00Z,1.17235,1.17255,1.17063,1.17097,2177
2025-12-19T21:00:00Z,1.17095,1.17137,1.17059,1.17103,1977
2025-12-21T22:00:00Z,1.17149,1.17169,1.17100,1.17119,2659
2025-12-21T23:00:00Z,1.17121,1.17158,1.17058,1.17103,2870
2025-12-22T00:00:00Z,1.17098,1.17159,1.17093,1.17156,3793
2025-12-22T01:00:00Z,1.17158,1.17193,1.17133,1.17172,2261
2025-12-22T02:00:00Z,1.17173,1.17192,1.17149,1.17162,1869
2025-12-22T03:00:00Z,1.17161,1.17181,1.17134,1.17174,2157
2025-12-22T04:00:00Z,1.17173,1.17216,1.17160,1.17199,1493
2025-12-22T05:00:00Z,1.17199,1.17221,1.17154,1.17171,1871
2025-12-22T06:00:00Z,1.17171,1.17191,1.17127,1.17158,2063
2025-12-22T07:00:00Z,1.17157,1.17310,1.17147,1.17289,4139
2025-12-22T08:00:00Z,1.17288,1.17381,1.17231,1.17358,3160
2025-12-22T09:00:00Z,1.17358,1.17364,1.17273,1.17299,3567
2025-12-22T10:00:00Z,1.17299,1.17379,1.17290,1.17329,4474
2025-12-22T11:00:00Z,1.17330,1.17364,1.17287,1.17333,2379
2025-12-22T12:00:00Z,1.17332,1.17431,1.17332,1.17418,3614
2025-12-22T13:00:00Z,1.17418,1.17542,1.17418,1.17504,6152
2025-12-22T14:00:00Z,1.17505,1.17664,1.17449,1.17599,6141
2025-12-22T15:00:00Z,1.17599,1.17693,1.17575,1.17637,5936
2025-12-22T16:00:00Z,1.17638,1.17639,1.17481,1.17495,5533
2025-12-22T17:00:00Z,1.17494,1.17643,1.17489,1.17581,4037
2025-12-22T18:00:00Z,1.17581,1.17581,1.17492,1.17530,2270
2025-12-22T19:00:00Z,1.17530,1.17560,1.17488,1.17553,1570
2025-12-22T20:00:00Z,1.17553,1.17587,1.17520,1.17550,1727
2025-12-22T21:00:00Z,1.17551,1.17621,1.17544,1.17612,1229
2025-12-22T22:00:00Z,1.17610,1.17610,1.17536,1.17589,2953
2025-12-22T23:00:00Z,1.17589,1.17654,1.17588,1.17634,1686
2025-12-23T00:00:00Z,1.17635,1.17703,1.17628,1.17689,1101
2025-12-23T01:00:00Z,1.17685,1.17759,1.17657,1.17727,1822
2025-12-23T02:00:00Z,1.17730,1.17803,1.17723,1.17775,2541
2025-12-23T03:00:00Z,1.17777,1.17790,1.17729,1.17763,1981
2025-12-23T04:00:00Z,1.17766,1.17790,1.17735,1.17751,1679
2025-12-23T05:00:00Z,1.17750,1.17797,1.17741,1.17748,2520
2025-12-23T06:00:00Z,1.17750,1.17763,1.17684,1.17711,1559
2025-12-23T07:00:00Z,1.17711,1.17813,1.17691,1.17786,3151
2025-12-23T08:00:00Z,1.17783,1.17843,1.17751,1.17842,4329
2025-12-23T09:00:00Z,1.17844,1.17928,1.17817,1.17924,6892
2025-12-23T10:00:00Z,1.17925,1.18003,1.17916,1.17988,4748
2025-12-23T11:00:00Z,1.17987,1.17998,1.17922,1.17955,4643
2025-12-23T12:00:00Z,1.17958,1.18021,1.17886,1.17895,4527
2025-12-23T13:00:00Z,1.17895,1.17939,1.17741,1.17747,9865
2025-12-23T14:00:00Z,1.17748,1.17793,1.17684,1.17694,8301
2025-12-23T15:00:00Z,1.17693,1.17789,1.17637,1.17742,9192
2025-12-23T16:00:00Z,1.17742,1.17803,1.17732,1.17756,4847
2025-12-23T17:00:00Z,1.17753,1.17787,1.17689,1.17706,5341
2025-12-23T18:00:00Z,1.17708,1.17830,1.17694,1.17826,4092
2025-12-23T19:00:00Z,1.17828,1.17912,1.17819,1.17899,4430
2025-12-23T20:00:00Z,1.17900,1.17934,1.17868,1.17892,1883
2025-12-23T21:00:00Z,1.17893,1.17969,1.17882,1.17940,2051
2025-12-23T22:00:00Z,1.17936,1.17946,1.17879,1.17938,1773
2025-12-23T23:00:00Z,1.17937,1.17970,1.17932,1.17946,1203
2025-12-24T00:00:00Z,1.17946,1.17990,1.17901,1.17989,1828
2025-12-24T01:00:00Z,1.17988,1.18062,1.17968,1.18050,2503
2025-12-24T02:00:00Z,1.18054,1.18079,1.17981,1.17982,2151
2025-12-24T03:00:00Z,1.17983,1.17983,1.17868,1.17875,1959
2025-12-24T04:00:00Z,1.17874,1.17933,1.17857,1.17911,3067
2025-12-24T05:00:00Z,1.17910,1.18019,1.17906,1.17990,2607
2025-12-24T06:00:00Z,1.17988,1.18038,1.17976,1.17997,2078
2025-12-24T07:00:00Z,1.17999,1.18017,1.17864,1.17889,5607
2025-12-24T08:00:00Z,1.17889,1.17995,1.17797,1.17993,9182
2025-12-24T09:00:00Z,1.17993,1.18008,1.17943,1.17995,5267
2025-12-24T10:00:00Z,1.17995,1.17999,1.17907,1.17963,4015
2025-12-24T11:00:00Z,1.17963,1.17984,1.17909,1.17927,3623
2025-12-24T12:00:00Z,1.17928,1.17930,1.17838,1.17841,3229
2025-12-24T13:00:00Z,1.17842,1.17909,1.17836,1.17852,4374
2025-12-24T14:00:00Z,1.17851,1.17868,1.17770,1.17803,6806
2025-12-24T15:00:00Z,1.17801,1.17822,1.17753,1.17780,5356
2025-12-24T16:00:00Z,1.17781,1.17808,1.17730,1.17791,5737
2025-12-24T17:00:00Z,1.17792,1.17830,1.17726,1.17766,4764
2025-12-24T18:00:00Z,1.17765,1.17797,1.17741,1.17788,3289
2025-12-24T19:00:00Z,1.17788,1.17823,1.17785,1.17816,1172
2025-12-24T20:00:00Z,1.17815,1.17822,1.17793,1.17793,2515
2025-12-24T21:00:00Z,1.17796,1.17797,1.17764,1.17780,3671
2025-12-24T22:00:00Z,1.17777,1.17777,1.17695,1.17714,31
2025-12-24T23:00:00Z,1.17713,1.17737,1.17707,1.17714,24
2025-12-25T00:00:00Z,1.17708,1.17798,1.17707,1.17749,101
2025-12-25T01:00:00Z,1.17748,1.17835,1.17710,1.17726,262
2025-12-25T02:00:00Z,1.17737,1.17780,1.17726,1.17767,181
2025-12-25T03:00:00Z,1.17759,1.17767,1.17730,1.17750,22
2025-12-25T04:00:00Z,1.17743,1.17755,1.17732,1.17751,10
2025-12-25T05:00:00Z,1.17750,1.17770,1.17747,1.17751,15
2025-12-25T06:00:00Z,1.17752,1.17769,1.17729,1.17758,82
2025-12-25T07:00:00Z,1.17759,1.17819,1.17663,1.17752,170
2025-12-25T22:00:00Z,1.17755,1.17824,1.17755,1.17784,3528
2025-12-25T23:00:00Z,1.17785,1.17843,1.17773,1.17833,5393
2025-12-26T00:00:00Z,1.17839,1.17920,1.17767,1.17861,5411
2025-12-26T01:00:00Z,1.17860,1.17915,1.17827,1.17872,2527
2025-12-26T02:00:00Z,1.17872,1.17934,1.17836,1.17920,1561
2025-12-26T03:00:00Z,1.17921,1.17926,1.17834,1.17843,2117
2025-12-26T04:00:00Z,1.17839,1.17869,1.17797,1.17831,1470
2025-12-26T05:00:00Z,1.17831,1.17869,1.17799,1.17860,1783
2025-12-26T06:00:00Z,1.17861,1.17877,1.17714,1.17765,2571
2025-12-26T07:00:00Z,1.17767,1.17778,1.17700,1.17728,3524
2025-12-26T08:00:00Z,1.17728,1.17776,1.17662,1.17767,2785
2025-12-26T09:00:00Z,1.17767,1.17778,1.17682,1.17701,2378
2025-12-26T10:00:00Z,1.17699,1.17796,1.17689,1.17728,2776
2025-12-26T11:00:00Z,1.17729,1.17822,1.17729,1.17773,2373
2025-12-26T12:00:00Z,1.17774,1.17822,1.17726,1.17815,3312
2025-12-26T13:00:00Z,1.17818,1.17966,1.17817,1.17911,7842
2025-12-26T14:00:00Z,1.17912,1.17944,1.17809,1.17837,6740
2025-12-26T15:00:00Z,1.17837,1.17925,1.17713,1.17770,7549
2025-12-26T16:00:00Z,1.17771,1.17796,1.17620,1.17650,9692
2025-12-26T17:00:00Z,1.17651,1.17702,1.17615,1.17700,3376
2025-12-26T18:00:00Z,1.17702,1.17736,1.17689,1.17718,2167
2025-12-26T19:00:00Z,1.17718,1.17764,1.17691,1.17763,3385
2025-12-26T20:00:00Z,1.17765,1.17814,1.17722,1.17747,3291
2025-12-26T21:00:00Z,1.17748,1.17764,1.17655,1.17680,4637
2025-12-28T22:00:00Z,1.17631,1.17726,1.17631,1.17688,519
2025-12-28T23:00:00Z,1.17688,1.17777,1.17678,1.17722,2529
2025-12-29T00:00:00Z,1.17723,1.17838,1.17714,1.17795,2865
2025-12-29T01:00:00Z,1.17796,1.17862,1.17785,1.17840,1954
2025-12-29T02:00:00Z,1.17839,1.17851,1.17754,1.17757,1562
2025-12-29T03:00:00Z,1.17755,1.17759,1.17709,1.17732,1278
2025-12-29T04:00:00Z,1.17734,1.17734,1.17637,1.17640,1119
2025-12-29T05:00:00Z,1.17640,1.17640,1.17537,1.17559,2139
2025-12-29T06:00:00Z,1.17561,1.17695,1.17541,1.17693,2263
2025-12-29T07:00:00Z,1.17695,1.17789,1.17652,1.17769,4940
2025-12-29T08:00:00Z,1.17769,1.17885,1.17710,1.17839,4486
2025-12-29T09:00:00Z,1.17840,1.17890,1.17715,1.17761,6728
2025-12-29T10:00:00Z,1.17761,1.17800,1.17650,1.17657,5069
2025-12-29T11:00:00Z,1.17657,1.17712,1.17576,1.17656,7725
2025-12-29T12:00:00Z,1.17658,1.17689,1.17555,1.17617,6801
2025-12-29T13:00:00Z,1.17616,1.17737,1.17603,1.17695,8056
2025-12-29T14:00:00Z,1.17696,1.17886,1.17670,1.17829,6606
2025-12-29T15:00:00Z,1.17827,1.17863,1.17662,1.17677,9800
2025-12-29T16:00:00Z,1.17677,1.17678,1.17523,1.17560,8040
2025-12-29T17:00:00Z,1.17559,1.17569,1.17493,1.17519,3450
2025-12-29T18:00:00Z,1.17518,1.17588,1.17506,1.17573,3365
2025-12-29T19:00:00Z,1.17574,1.17681,1.17567,1.17672,1757
2025-12-29T20:00:00Z,1.17670,1.17704,1.17644,1.17702,1971
2025-12-29T21:00:00Z,1.17703,1.17745,1.17701,1.17718,1025
2025-12-29T22:00:00Z,1.17713,1.17716,1.17646,1.17666,1870
2025-12-29T23:00:00Z,1.17662,1.17744,1.17662,1.17722,1681
2025-12-30T00:00:00Z,1.17721,1.17749,1.17713,1.17728,1257
2025-12-30T01:00:00Z,1.17729,1.17750,1.17695,1.17750,1284
2025-12-30T02:00:00Z,1.17749,1.17763,1.17716,1.17731,1161
2025-12-30T03:00:00Z,1.17733,1.17757,1.17703,1.17723,982
2025-12-30T04:00:00Z,1.17724,1.17777,1.17714,1.17768,1305
2025-12-30T05:00:00Z,1.17771,1.17788,1.17726,1.17749,1509
2025-12-30T06:00:00Z,1.17749,1.17797,1.17737,1.17784,2665
2025-12-30T07:00:00Z,1.17785,1.17785,1.17662,1.17702,2684
2025-12-30T08:00:00Z,1.17703,1.17751,1.17659,1.17670,3881
2025-12-30T09:00:00Z,1.17671,1.17777,1.17641,1.17688,3886
2025-12-30T10:00:00Z,1.17687,1.17773,1.17687,1.17738,2477
2025-12-30T11:00:00Z,1.17736,1.17766,1.17659,1.17665,2761
2025-12-30T12:00:00Z,1.17666,1.17678,1.17607,1.17615,2544
2025-12-30T13:00:00Z,1.17614,1.17677,1.17551,1.17632,8338
2025-12-30T14:00:00Z,1.17633,1.17641,1.17562,1.17632,5923
2025-12-30T15:00:00Z,1.17631,1.17662,1.17453,1.17597,6174
2025-12-30T16:00:00Z,1.17597,1.17664,1.17542,1.17649,5056
2025-12-30T17:00:00Z,1.17647,1.17665,1.17549,1.17557,2527
2025-12-30T18:00:00Z,1.17559,1.17592,1.17481,1.17497,2859
2025-12-30T19:00:00Z,1.17496,1.17527,1.17450,1.17466,3441
2025-12-30T20:00:00Z,1.17469,1.17501,1.17431,1.17437,2117
2025-12-30T21:00:00Z,1.17437,1.17486,1.17437,1.17475,1225
2025-12-30T22:00:00Z,1.17476,1.17483,1.17436,1.17451,681
2025-12-30T23:00:00Z,1.17452,1.17489,1.17447,1.17456,429
2025-12-31T00:00:00Z,1.17455,1.17477,1.17440,1.17470,994
2025-12-31T01:00:00Z,1.17472,1.17489,1.17416,1.17424,1338
2025-12-31T02:00:00Z,1.17423,1.17424,1.17388,1.17400,1721
2025-12-31T03:00:00Z,1.17399,1.17436,1.17394,1.17426,953
2025-12-31T04:00:00Z,1.17424,1.17427,1.17330,1.17343,1387
2025-12-31T05:00:00Z,1.17344,1.17392,1.17342,1.17382,1627
2025-12-31T06:00:00Z,1.17384,1.17395,1.17331,1.17374,1883
2025-12-31T07:00:00Z,1.17372,1.17386,1.17297,1.17369,3150
2025-12-31T08:00:00Z,1.17370,1.17397,1.17200,1.17229,5143
2025-12-31T09:00:00Z,1.17228,1.17388,1.17199,1.17348,5229
2025-12-31T10:00:00Z,1.17350,1.17436,1.17285,1.17389,5521
2025-12-31T11:00:00Z,1.17390,1.17478,1.17362,1.17471,4804
2025-12-31T12:00:00Z,1.17472,1.17592,1.17472,1.17549,4308
2025-12-31T13:00:00Z,1.17551,1.17591,1.17412,1.17417,5808
2025-12-31T14:00:00Z,1.17416,1.17424,1.17271,1.17300,10481
2025-12-31T15:00:00Z,1.17300,1.17461,1.17202,1.17439,11186
2025-12-31T16:00:00Z,1.17441,1.17488,1.17285,1.17347,6794
2025-12-31T17:00:00Z,1.17346,1.17390,1.17312,1.17358,3661
2025-12-31T18:00:00Z,1.17357,1.17386,1.17302,1.17357,3944
2025-12-31T19:00:00Z,1.17356,1.17432,1.17356,1.17407,3321
2025-12-31T20:00:00Z,1.17405,1.17528,1.17400,1.17519,1777
2025-12-31T21:00:00Z,1.17519,1.17527,1.17450,1.17455,1529
2026-01-01T22:00:00Z,1.17387,1.17485,1.17387,1.17466,2233
2026-01-01T23:00:00Z,1.17464,1.17507,1.17455,1.17506,1421
2026-01-02T00:00:00Z,1.17509,1.17563,1.17498,1.17560,865
2026-01-02T01:00:00Z,1.17562,1.17626,1.17561,1.17608,1480
2026-01-02T02:00:00Z,1.17607,1.17636,1.17581,1.17592,980
2026-01-02T03:00:00Z,1.17594,1.17649,1.17594,1.17644,1258
2026-01-02T04:00:00Z,1.17645,1.17647,1.17549,1.17553,2161
2026-01-02T05:00:00Z,1.17553,1.17577,1.17508,1.17513,1075
2026-01-02T06:00:00Z,1.17510,1.17513,1.17413,1.17437,1617
2026-01-02T07:00:00Z,1.17434,1.17468,1.17320,1.17347,4823
2026-01-02T08:00:00Z,1.17344,1.17382,1.17240,1.17285,6147
2026-01-02T09:00:00Z,1.17285,1.17374,1.17204,1.17213,8061
2026-01-02T10:00:00Z,1.17214,1.17236,1.17132,1.17209,7381
2026-01-02T11:00:00Z,1.17210,1.17224,1.17151,1.17219,7074
2026-01-02T12:00:00Z,1.17218,1.17271,1.17206,1.17235,5445
2026-01-02T13:00:00Z,1.17235,1.17289,1.17182,1.17214,6095
2026-01-02T14:00:00Z,1.17214,1.17305,1.17158,1.17285,5436
2026-01-02T15:00:00Z,1.17283,1.17520,1.17282,1.17504,8289
2026-01-02T16:00:00Z,1.17505,1.17542,1.17339,1.17374,7079
2026-01-02T17:00:00Z,1.17372,1.17376,1.17285,1.17306,3610
2026-01-02T18:00:00Z,1.17307,1.17312,1.17152,1.17188,3032
2026-01-02T19:00:00Z,1.17190,1.17242,1.17141,1.17231,2629
2026-01-02T20:00:00Z,1.17234,1.17236,1.17152,1.17174,2702
2026-01-02T21:00:00Z,1.17173,1.17231,1.17171,1.17199,1588
2026-01-04T22:00:00Z,1.17203,1.17219,1.17097,1.17109,957
2026-01-04T23:00:00Z,1.17107,1.17126,1.16999,1.17050,3293
2026-01-05T00:00:00Z,1.17050,1.17110,1.17034,1.17049,3558
2026-01-05T01:00:00Z,1.17049,1.17073,1.16995,1.17003,3383
2026-01-05T02:00:00Z,1.17002,1.17016,1.16839,1.16885,4129
2026-01-05T03:00:00Z,1.16884,1.16907,1.16721,1.16752,2895
2026-01-05T04:00:00Z,1.16750,1.16828,1.16731,1.16819,2708
2026-01-05T05:00:00Z,1.16819,1.16859,1.16802,1.16853,2708
2026-01-05T06:00:00Z,1.16853,1.16918,1.16781,1.16910,2683
2026-01-05T07:00:00Z,1.16910,1.16920,1.16834,1.16862,4618
2026-01-05T08:00:00Z,1.16860,1.16948,1.16810,1.16832,10240
2026-01-05T09:00:00Z,1.16829,1.16874,1.16736,1.16823,4352
2026-01-05T10:00:00Z,1.16824,1.16899,1.16797,1.16898,4986
2026-01-05T11:00:00Z,1.16897,1.16909,1.16799,1.16813,6055
2026-01-05T12:00:00Z,1.16814,1.16851,1.16698,1.16707,4543
2026-01-05T13:00:00Z,1.16708,1.16752,1.16588,1.16744,9874
2026-01-05T14:00:00Z,1.16744,1.16872,1.16732,1.16851,8529
2026-01-05T15:00:00Z,1.16851,1.17045,1.16848,1.17045,11544
2026-01-05T16:00:00Z,1.17045,1.17185,1.17040,1.17148,6011
2026-01-05T17:00:00Z,1.17147,1.17196,1.17100,1.17143,4205
2026-01-05T18:00:00Z,1.17142,1.17254,1.17133,1.17250,2787
2026-01-05T19:00:00Z,1.17250,1.17286,1.17220,1.17271,3450
2026-01-05T20:00:00Z,1.17269,1.17286,1.17236,1.17246,1721
2026-01-05T21:00:00Z,1.17247,1.17263,1.17194,1.17210,1311
2026-01-05T22:00:00Z,1.17210,1.17220,1.17165,1.17184,1089
2026-01-05T23:00:00Z,1.17185,1.17213,1.17128,1.17144,765
2026-01-06T00:00:00Z,1.17144,1.17168,1.17106,1.17166,1425
2026-01-06T01:00:00Z,1.17166,1.17253,1.17120,1.17253,2945
2026-01-06T02:00:00Z,1.17253,1.17376,1.17222,1.17371,2507
2026-01-06T03:00:00Z,1.17371,1.17382,1.17324,1.17343,2501
2026-01-06T04:00:00Z,1.17343,1.17355,1.17314,1.17336,1862
2026-01-06T05:00:00Z,1.17334,1.17369,1.17271,1.17287,2793
2026-01-06T06:00:00Z,1.17288,1.17370,1.17285,1.17361,3267
2026-01-06T07:00:00Z,1.17361,1.17428,1.17257,1.17289,5859
2026-01-06T08:00:00Z,1.17288,1.17388,1.17259,1.17281,5964
2026-01-06T09:00:00Z,1.17282,1.17287,1.17080,1.17132,6427
2026-01-06T10:00:00Z,1.17132,1.17171,1.17082,1.17126,4189
2026-01-06T11:00:00Z,1.17126,1.17130,1.17049,1.17061,2413
2026-01-06T12:00:00Z,1.17063,1.17121,1.16969,1.17009,4192
2026-01-06T13:00:00Z,1.17011,1.17135,1.16972,1.17108,6568
2026-01-06T14:00:00Z,1.17109,1.17174,1.16990,1.17090,6939
2026-01-06T15:00:00Z,1.17089,1.17089,1.16838,1.16952,13303
2026-01-06T16:00:00Z,1.16952,1.16982,1.16856,1.16880,6419
2026-01-06T17:00:00Z,1.16878,1.17006,1.16868,1.17005,4526
2026-01-06T18:00:00Z,1.17005,1.17020,1.16868,1.16882,4477
2026-01-06T19:00:00Z,1.16882,1.16909,1.16837,1.16896,3305
2026-01-06T20:00:00Z,1.16897,1.16931,1.16864,1.16867,4613
2026-01-06T21:00:00Z,1.16869,1.16887,1.16844,1.16885,2924
2026-01-06T22:00:00Z,1.16881,1.16881,1.16847,1.16879,980
2026-01-06T23:00:00Z,1.16880,1.16903,1.16866,1.16868,833
2026-01-07T00:00:00Z,1.16870,1.16941,1.16851,1.16916,3827
2026-01-07T01:00:00Z,1.16916,1.17005,1.16897,1.16957,3652
2026-01-07T02:00:00Z,1.16956,1.17025,1.16951,1.16960,1939
2026-01-07T03:00:00Z,1.16958,1.17001,1.16958,1.16983,1458
2026-01-07T04:00:00Z,1.16985,1.17019,1.16908,1.16909,2032
2026-01-07T05:00:00Z,1.16907,1.16942,1.16907,1.16929,1597
2026-01-07T06:00:00Z,1.16928,1.16995,1.16919,1.16973,2006
2026-01-07T07:00:00Z,1.16974,1.16987,1.16784,1.16827,4749
2026-01-07T08:00:00Z,1.16825,1.16873,1.16728,1.16857,5453
2026-01-07T09:00:00Z,1.16856,1.16868,1.16811,1.16840,3693
2026-01-07T10:00:00Z,1.16841,1.16939,1.16832,1.16882,3562
2026-01-07T11:00:00Z,1.16883,1.16924,1.16850,1.16892,2649
2026-01-07T12:00:00Z,1.16892,1.16911,1.16810,1.16876,3502
2026-01-07T13:00:00Z,1.16876,1.16946,1.16820,1.16914,5741
2026-01-07T14:00:00Z,1.16914,1.16983,1.16869,1.16963,6096
2026-01-07T15:00:00Z,1.16964,1.16985,1.16797,1.16901,12356
2026-01-07T16:00:00Z,1.16900,1.16931,1.16822,1.16893,5928
2026-01-07T17:00:00Z,1.16892,1.16948,1.16861,1.16879,5936
2026-01-07T18:00:00Z,1.16880,1.16904,1.16824,1.16828,4919
2026-01-07T19:00:00Z,1.16830,1.16852,1.16786,1.16823,5096
2026-01-07T20:00:00Z,1.16825,1.16838,1.16788,1.16788,2281
2026-01-07T21:00:00Z,1.16788,1.16791,1.16732,1.16732,1112
2026-01-07T22:00:00Z,1.16728,1.16775,1.16727,1.16768,589
2026-01-07T23:00:00Z,1.16771,1.16775,1.16749,1.16767,692
2026-01-08T00:00:00Z,1.16768,1.16780,1.16757,1.16757,778
2026-01-08T01:00:00Z,1.16755,1.16778,1.16728,1.16746,1569
2026-01-08T02:00:00Z,1.16744,1.16805,1.16724,1.16800,1791
2026-01-08T03:00:00Z,1.16800,1.16828,1.16787,1.16799,1569
2026-01-08T04:00:00Z,1.16797,1.16809,1.16777,1.16803,1053
2026-01-08T05:00:00Z,1.16801,1.16828,1.16773,1.16824,1650
2026-01-08T06:00:00Z,1.16822,1.16828,1.16747,1.16815,2417
2026-01-08T07:00:00Z,1.16812,1.16828,1.16769,1.16778,3717
2026-01-08T08:00:00Z,1.16779,1.16787,1.16687,1.16712,4014
2026-01-08T09:00:00Z,1.16709,1.16769,1.16693,1.16767,3080
2026-01-08T10:00:00Z,1.16767,1.16817,1.16756,1.16797,2958
2026-01-08T11:00:00Z,1.16797,1.16802,1.16750,1.16775,1945
2026-01-08T12:00:00Z,1.16774,1.16777,1.16697,1.16732,2207
2026-01-08T13:00:00Z,1.16733,1.16777,1.16581,1.16626,5550
2026-01-08T14:00:00Z,1.16625,1.16664,1.16561,1.16644,5777
2026-01-08T15:00:00Z,1.16644,1.16737,1.16607,1.16664,6092
2026-01-08T16:00:00Z,1.16662,1.16673,1.16524,1.16544,4889
2026-01-08T17:00:00Z,1.16541,1.16555,1.16436,1.16507,3965
2026-01-08T18:00:00Z,1.16505,1.16532,1.16447,1.16452,2181
2026-01-08T19:00:00Z,1.16451,1.16506,1.16425,1.16501,2111
2026-01-08T20:00:00Z,1.16500,1.16545,1.16496,1.16510,1907
2026-01-08T21:00:00Z,1.16510,1.16624,1.16504,1.16590,2449
2026-01-08T22:00:00Z,1.16586,1.16598,1.16543,1.16583,951
2026-01-08T23:00:00Z,1.16583,1.16621,1.16563,1.16578,837
2026-01-09T00:00:00Z,1.16579,1.16579,1.16533,1.16534,951
2026-01-09T01:00:00Z,1.16534,1.16570,1.16483,1.16489,2565
2026-01-09T02:00:00Z,1.16491,1.16546,1.16459,1.16543,2005
2026-01-09T03:00:00Z,1.16541,1.16590,1.16537,1.16561,1283
2026-01-09T04:00:00Z,1.16559,1.16569,1.16517,1.16542,1111
2026-01-09T05:00:00Z,1.16540,1.16562,1.16499,1.16511,1240
2026-01-09T06:00:00Z,1.16510,1.16525,1.16482,1.16487,1611
2026-01-09T07:00:00Z,1.16486,1.16507,1.16399,1.16506,3065
2026-01-09T08:00:00Z,1.16508,1.16529,1.16411,1.16487,4170
2026-01-09T09:00:00Z,1.16489,1.16501,1.16421,1.16421,2480
2026-01-09T10:00:00Z,1.16423,1.16467,1.16367,1.16467,2593
2026-01-09T11:00:00Z,1.16465,1.16469,1.16415,1.16460,2127
2026-01-09T12:00:00Z,1.16460,1.16460,1.16396,1.16413,2981
2026-01-09T13:00:00Z,1.16412,1.16604,1.16254,1.16450,12153
2026-01-09T14:00:00Z,1.16452,1.16523,1.16298,1.16362,14213
2026-01-09T15:00:00Z,1.16362,1.16407,1.16179,1.16405,11104
2026-01-09T16:00:00Z,1.16405,1.16431,1.16281,1.16332,5890
2026-01-09T17:00:00Z,1.16332,1.16345,1.16276,1.16317,4324
2026-01-09T18:00:00Z,1.16317,1.16397,1.16311,1.16339,2564
2026-01-09T19:00:00Z,1.16340,1.16387,1.16330,1.16346,1910
2026-01-09T20:00:00Z,1.16348,1.16377,1.16339,1.16345,1399
2026-01-09T21:00:00Z,1.16344,1.16368,1.16292,1.16298,1395
2026-01-11T22:00:00Z,1.16296,1.16348,1.16264,1.16294,751
2026-01-11T23:00:00Z,1.16294,1.16331,1.16230,1.16235,928
2026-01-12T00:00:00Z,1.16237,1.16650,1.16216,1.16645,5553
2026-01-12T01:00:00Z,1.16647,1.16713,1.16555,1.16560,5001
2026-01-12T02:00:00Z,1.16560,1.16643,1.16539,1.16546,2735
2026-01-12T03:00:00Z,1.16544,1.16592,1.16544,1.16551,1622
2026-01-12T04:00:00Z,1.16549,1.16582,1.16528,1.16556,1090
2026-01-12T05:00:00Z,1.16556,1.16710,1.16555,1.16691,1917
2026-01-12T06:00:00Z,1.16690,1.16729,1.16639,1.16697,2722
2026-01-12T07:00:00Z,1.16694,1.16876,1.16684,1.16849,4954
2026-01-12T08:00:00Z,1.16847,1.16917,1.16759,1.16880,5599
2026-01-12T09:00:00Z,1.16879,1.16957,1.16811,1.16818,4376
2026-01-12T10:00:00Z,1.16817,1.16854,1.16758,1.16854,3558
2026-01-12T11:00:00Z,1.16854,1.16893,1.16755,1.16784,4283
2026-01-12T12:00:00Z,1.16785,1.16875,1.16769,1.16813,3763
2026-01-12T13:00:00Z,1.16812,1.16984,1.16778,1.16927,5855
2026-01-12T14:00:00Z,1.16927,1.16927,1.16739,1.16769,8245
2026-01-12T15:00:00Z,1.16766,1.16858,1.16728,1.16811,6467
2026-01-12T16:00:00Z,1.16812,1.16820,1.16713,1.16719,4144
2026-01-12T17:00:00Z,1.16718,1.16756,1.16659,1.16683,4009
2026-01-12T18:00:00Z,1.16685,1.16715,1.16651,1.16687,2537
2026-01-12T19:00:00Z,1.16687,1.16737,1.16676,1.16720,1662
2026-01-12T20:00:00Z,1.16720,1.16730,1.16628,1.16650,2221
2026-01-12T21:00:00Z,1.16648,1.16687,1.16641,1.16663,1022
2026-01-12T22:00:00Z,1.16662,1.16691,1.16648,1.16681,1888
2026-01-12T23:00:00Z,1.16676,1.16705,1.16651,1.16673,1433
2026-01-13T00:00:00Z,1.16673,1.16673,1.16607,1.16636,1536
2026-01-13T01:00:00Z,1.16637,1.16644,1.16561,1.16584,2031
2026-01-13T02:00:00Z,1.16582,1.16612,1.16568,1.16589,1321
2026-01-13T03:00:00Z,1.16589,1.16634,1.16564,1.16586,1255
2026-01-13T04:00:00Z,1.16584,1.16657,1.16583,1.16653,1647
2026-01-13T05:00:00Z,1.16652,1.16674,1.16616,1.16625,1443
2026-01-13T06:00:00Z,1.16626,1.16629,1.16537,1.16588,2200
2026-01-13T07:00:00Z,1.16587,1.16649,1.16558,1.16640,4255
2026-01-13T08:00:00Z,1.16639,1.16690,1.16586,1.16690,5207
2026-01-13T09:00:00Z,1.16688,1.16726,1.16635,1.16716,4317
2026-01-13T10:00:00Z,1.16718,1.16742,1.16650,1.16662,3361
2026-01-13T11:00:00Z,1.16662,1.16703,1.16646,1.16685,2424
2026-01-13T12:00:00Z,1.16685,1.16690,1.16529,1.16551,4495
2026-01-13T13:00:00Z,1.16550,1.16776,1.16501,1.16684,11762
2026-01-13T14:00:00Z,1.16681,1.16732,1.16572,1.16638,8771
2026-01-13T15:00:00Z,1.16636,1.16648,1.16440,1.16518,8502
2026-01-13T16:00:00Z,1.16519,1.16545,1.16340,1.16457,6580
2026-01-13T17:00:00Z,1.16458,1.16486,1.16413,1.16459,3365
2026-01-13T18:00:00Z,1.16459,1.16544,1.16414,1.16531,2573
2026-01-13T19:00:00Z,1.16531,1.16533,1.16459,1.16490,2175
2026-01-13T20:00:00Z,1.16489,1.16498,1.16450,1.16453,1922
2026-01-13T21:00:00Z,1.16455,1.16464,1.16418,1.16418,1296
2026-01-13T22:00:00Z,1.16416,1.16445,1.16408,1.16436,1422
2026-01-13T23:00:00Z,1.16437,1.16456,1.16420,1.16420,726
2026-01-14T00:00:00Z,1.16421,1.16435,1.16378,1.16428,1595
2026-01-14T01:00:00Z,1.16429,1.16432,1.16367,1.16380,1770
2026-01-14T02:00:00Z,1.16382,1.16444,1.16359,1.16436,1555
2026-01-14T03:00:00Z,1.16437,1.16487,1.16436,1.16469,1325
2026-01-14T04:00:00Z,1.16467,1.16479,1.16433,1.16439,1051
2026-01-14T05:00:00Z,1.16437,1.16450,1.16415,1.16417,1098
2026-01-14T06:00:00Z,1.16417,1.16500,1.16413,1.16489,1666
2026-01-14T07:00:00Z,1.16490,1.16519,1.16444,1.16459,2559
2026-01-14T08:00:00Z,1.16461,1.16503,1.16410,1.16475,5640
2026-01-14T09:00:00Z,1.16474,1.16538,1.16458,1.16518,3686
2026-01-14T10:00:00Z,1.16520,1.16578,1.16468,1.16550,3932
2026-01-14T11:00:00Z,1.16549,1.16549,1.16438,1.16467,4051
2026-01-14T12:00:00Z,1.16469,1.16599,1.16448,1.16596,6099
2026-01-14T13:00:00Z,1.16597,1.16597,1.16447,1.16500,6954
2026-01-14T14:00:00Z,1.16498,1.16597,1.16487,1.16558,9637
2026-01-14T15:00:00Z,1.16558,1.16606,1.16493,1.16599,9378
2026-01-14T16:00:00Z,1.16599,1.16615,1.16526,1.16544,4756
2026-01-14T17:00:00Z,1.16544,1.16556,1.16453,1.16467,3988
2026-01-14T18:00:00Z,1.16466,1.16477,1.16379,1.16379,2810
2026-01-14T19:00:00Z,1.16379,1.16393,1.16354,1.16362,2173
2026-01-14T20:00:00Z,1.16362,1.16472,1.16362,1.16430,4210
2026-01-14T21:00:00Z,1.16431,1.16463,1.16421,1.16436,1678
2026-01-14T22:00:00Z,1.16437,1.16464,1.16387,1.16438,1705
2026-01-14T23:00:00Z,1.16437,1.16468,1.16435,1.16449,1494
2026-01-15T00:00:00Z,1.16450,1.16455,1.16355,1.16377,2755
2026-01-15T01:00:00Z,1.16376,1.16416,1.16329,1.16386,4442
2026-01-15T02:00:00Z,1.16386,1.16408,1.16361,1.16400,1687
2026-01-15T03:00:00Z,1.16402,1.16414,1.16367,1.16387,2436
2026-01-15T04:00:00Z,1.16390,1.16393,1.16342,1.16345,1748
2026-01-15T05:00:00Z,1.16345,1.16378,1.16335,1.16351,1540
2026-01-15T06:00:00Z,1.16352,1.16383,1.16298,1.16330,3102
2026-01-15T07:00:00Z,1.16329,1.16366,1.16259,1.16287,4821
2026-01-15T08:00:00Z,1.16287,1.16353,1.16267,1.16308,3873
2026-01-15T09:00:00Z,1.16307,1.16398,1.16302,1.16357,3874
2026-01-15T10:00:00Z,1.16356,1.16409,1.16327,1.16357,3477
2026-01-15T11:00:00Z,1.16358,1.16380,1.16300,1.16308,2899
2026-01-15T12:00:00Z,1.16307,1.16349,1.16202,1.16226,3307
2026-01-15T13:00:00Z,1.16226,1.16250,1.15987,1.16012,8593
2026-01-15T14:00:00Z,1.16013,1.16108,1.15930,1.16008,8370
2026-01-15T15:00:00Z,1.16010,1.16094,1.15971,1.16021,7308
2026-01-15T16:00:00Z,1.16021,1.16110,1.15981,1.16046,4741
2026-01-15T17:00:00Z,1.16048,1.16137,1.16034,1.16088,3024
2026-01-15T18:00:00Z,1.16089,1.16151,1.16088,1.16147,2833
2026-01-15T19:00:00Z,1.16145,1.16174,1.16111,1.16136,2381
2026-01-15T20:00:00Z,1.16137,1.16155,1.16027,1.16040,2778
2026-01-15T21:00:00Z,1.16039,1.16111,1.16031,1.16078,1546
2026-01-15T22:00:00Z,1.16077,1.16087,1.16025,1.16061,695
2026-01-15T23:00:00Z,1.16061,1.16102,1.16058,1.16088,1005
2026-01-16T00:00:00Z,1.16087,1.16095,1.16025,1.16037,2272
2026-01-16T01:00:00Z,1.16037,1.16086,1.16023,1.16068,1947
2026-01-16T02:00:00Z,1.16070,1.16141,1.16062,1.16094,2854
2026-01-16T03:00:00Z,1.16097,1.16125,1.16068,1.16120,2418
2026-01-16T04:00:00Z,1.16120,1.16135,1.16099,1.16107,1604
2026-01-16T05:00:00Z,1.16108,1.16111,1.16059,1.16066,1630
2026-01-16T06:00:00Z,1.16065,1.16096,1.16042,1.16093,1427
2026-01-16T07:00:00Z,1.16093,1.16147,1.16080,1.16120,4346
2026-01-16T08:00:00Z,1.16121,1.16147,1.16083,1.16092,4351
2026-01-16T09:00:00Z,1.16090,1.16151,1.16079,1.16083,3721
2026-01-16T10:00:00Z,1.16085,1.16175,1.16080,1.16130,3500
2026-01-16T11:00:00Z,1.16130,1.16233,1.16126,1.16191,4585
2026-01-16T12:00:00Z,1.16190,1.16221,1.16135,1.16191,6156
2026-01-16T13:00:00Z,1.16190,1.16211,1.16114,1.16184,8459
2026-01-16T14:00:00Z,1.16186,1.16206,1.16125,1.16182,7722
2026-01-16T15:00:00Z,1.16181,1.16273,1.15843,1.15935,16903
2026-01-16T16:00:00Z,1.15933,1.16058,1.15933,1.15982,9620
2026-01-16T17:00:00Z,1.15984,1.16028,1.15948,1.15957,4039
2026-01-16T18:00:00Z,1.15955,1.15993,1.15893,1.15954,3211
2026-01-16T19:00:00Z,1.15954,1.15973,1.15913,1.15963,2935
2026-01-16T20:00:00Z,1.15964,1.16022,1.15954,1.15993,1866
2026-01-16T21:00:00Z,1.15994,1.16022,1.15950,1.15950,1948
2026-01-18T22:00:00Z,1.15815,1.15868,1.15777,1.15839,1148
2026-01-18T23:00:00Z,1.15842,1.16268,1.15794,1.16241,7865
2026-01-19T00:00:00Z,1.16240,1.16378,1.16043,1.16318,10878
2026-01-19T01:00:00Z,1.16319,1.16342,1.16219,1.16224,5346
2026-01-19T02:00:00Z,1.16226,1.16236,1.16154,1.16175,4144
2026-01-19T03:00:00Z,1.16177,1.16261,1.16158,1.16245,2019
2026-01-19T04:00:00Z,1.16244,1.16337,1.16244,1.16329,1679
2026-01-19T05:00:00Z,1.16332,1.16376,1.16265,1.16272,3620
2026-01-19T06:00:00Z,1.16273,1.16325,1.16248,1.16277,3487
2026-01-19T07:00:00Z,1.16277,1.16412,1.16229,1.16259,6289
2026-01-19T08:00:00Z,1.16260,1.16278,1.16182,1.16250,6317
2026-01-19T09:00:00Z,1.16250,1.16297,1.16110,1.16240,5853
2026-01-19T10:00:00Z,1.16240,1.16286,1.16218,1.16237,3717
2026-01-19T11:00:00Z,1.16238,1.16289,1.16199,1.16277,3519
2026-01-19T12:00:00Z,1.16277,1.16332,1.16250,1.16255,3716
2026-01-19T13:00:00Z,1.16257,1.16354,1.16257,1.16317,4135
2026-01-19T14:00:00Z,1.16315,1.16426,1.16300,1.16397,4311
2026-01-19T15:00:00Z,1.16396,1.16433,1.16316,1.16398,6621
2026-01-19T16:00:00Z,1.16398,1.16472,1.16376,1.16418,3419
2026-01-19T17:00:00Z,1.16420,1.16466,1.16396,1.16459,1698
2026-01-19T18:00:00Z,1.16457,1.16487,1.16431,1.16431,841
2026-01-19T19:00:00Z,1.16429,1.16467,1.16425,1.16431,613
2026-01-19T20:00:00Z,1.16431,1.16452,1.16417,1.16450,1236
2026-01-19T21:00:00Z,1.16450,1.16463,1.16427,1.16452,813
2026-01-19T22:00:00Z,1.16452,1.16473,1.16415,1.16450,424
2026-01-19T23:00:00Z,1.16450,1.16464,1.16383,1.16393,1044
2026-01-20T00:00:00Z,1.16395,1.16410,1.16324,1.16403,1671
2026-01-20T01:00:00Z,1.16404,1.16439,1.16388,1.16436,3034
2026-01-20T02:00:00Z,1.16437,1.16464,1.16403,1.16442,2093
2026-01-20T03:00:00Z,1.16443,1.16586,1.16440,1.16565,2693
2026-01-20T04:00:00Z,1.16566,1.16666,1.16559,1.16655,2855
2026-01-20T05:00:00Z,1.16653,1.16723,1.16629,1.16630,3293
2026-01-20T06:00:00Z,1.16630,1.16690,1.16619,1.16684,3517
2026-01-20T07:00:00Z,1.16682,1.16936,1.16638,1.16885,10296
2026-01-20T08:00:00Z,1.16885,1.17219,1.16873,1.17162,13421
2026-01-20T09:00:00Z,1.17161,1.17328,1.17154,1.17258,13023
2026-01-20T10:00:00Z,1.17257,1.17320,1.17152,1.17310,9606
2026-01-20T11:00:00Z,1.17309,1.17388,1.17222,1.17348,6070
2026-01-20T12:00:00Z,1.17347,1.17436,1.17255,1.17256,9173
2026-01-20T13:00:00Z,1.17256,1.17688,1.17183,1.17334,16398
2026-01-20T14:00:00Z,1.17334,1.17368,1.17151,1.17190,19157
2026-01-20T15:00:00Z,1.17191,1.17371,1.17160,1.17269,12822
2026-01-20T16:00:00Z,1.17268,1.17392,1.17268,1.17388,9256
2026-01-20T17:00:00Z,1.17385,1.17426,1.17295,1.17314,6357
2026-01-20T18:00:00Z,1.17313,1.17340,1.17264,1.17266,3922
2026-01-20T19:00:00Z,1.17265,1.17280,1.17114,1.17122,5433
2026-01-20T20:00:00Z,1.17122,1.17203,1.17106,1.17195,5155
2026-01-20T21:00:00Z,1.17194,1.17268,1.17173,1.17240,2058
2026-01-20T22:00:00Z,1.17241,1.17257,1.17199,1.17218,1111
2026-01-20T23:00:00Z,1.17218,1.17289,1.17216,1.17270,1634
2026-01-21T00:00:00Z,1.17270,1.17270,1.17166,1.17236,2557
2026-01-21T01:00:00Z,1.17236,1.17342,1.17225,1.17288,4219
2026-01-21T02:00:00Z,1.17287,1.17316,1.17241,1.17263,2818
2026-01-21T03:00:00Z,1.17262,1.17288,1.17104,1.17188,3706
2026-01-21T04:00:00Z,1.17188,1.17203,1.17141,1.17181,2074
2026-01-21T05:00:00Z,1.17181,1.17215,1.17155,1.17173,3288
2026-01-21T06:00:00Z,1.17174,1.17249,1.17153,1.17237,2913
2026-01-21T07:00:00Z,1.17234,1.17253,1.17097,1.17170,7550
2026-01-21T08:00:00Z,1.17167,1.17187,1.17049,1.17103,7725
2026-01-21T09:00:00Z,1.17100,1.17127,1.17012,1.17034,4675
2026-01-21T10:00:00Z,1.17033,1.17084,1.17014,1.17068,5601
2026-01-21T11:00:00Z,1.17066,1.17202,1.17039,1.17141,5034
2026-01-21T12:00:00Z,1.17141,1.17357,1.17119,1.17346,4962
2026-01-21T13:00:00Z,1.17349,1.17430,1.17286,1.17394,7063
2026-01-21T14:00:00Z,1.17392,1.17406,1.17151,1.17245,14782
2026-01-21T15:00:00Z,1.17246,1.17285,1.17005,1.17019,11573
2026-01-21T16:00:00Z,1.17018,1.17106,1.16944,1.17033,9282
2026-01-21T17:00:00Z,1.17034,1.17115,1.16971,1.17027,6459
2026-01-21T18:00:00Z,1.17026,1.17032,1.16935,1.16967,3720
2026-01-21T19:00:00Z,1.16966,1.17054,1.16768,1.16914,10095
2026-01-21T20:00:00Z,1.16915,1.16919,1.16763,1.16868,4444
2026-01-21T21:00:00Z,1.16868,1.16893,1.16826,1.16826,2045
2026-01-21T22:00:00Z,1.16828,1.16865,1.16807,1.16846,1535
2026-01-21T23:00:00Z,1.16851,1.16852,1.16697,1.16728,1565
2026-01-22T00:00:00Z,1.16727,1.16897,1.16727,1.16873,2972
2026-01-22T01:00:00Z,1.16871,1.16902,1.16811,1.16886,3139
2026-01-22T02:00:00Z,1.16885,1.16935,1.16832,1.16857,2093
2026-01-22T03:00:00Z,1.16856,1.16903,1.16851,1.16888,1219
2026-01-22T04:00:00Z,1.16890,1.16972,1.16889,1.16914,1583
2026-01-22T05:00:00Z,1.16913,1.16919,1.16843,1.16882,1986
2026-01-22T06:00:00Z,1.16885,1.16918,1.16841,1.16885,2634
2026-01-22T07:00:00Z,1.16885,1.16960,1.16848,1.16905,4336
2026-01-22T08:00:00Z,1.16903,1.16950,1.16841,1.16888,5414
2026-01-22T09:00:00Z,1.16891,1.16974,1.16876,1.16925,4594
2026-01-22T10:00:00Z,1.16927,1.16955,1.16865,1.16953,3515
2026-01-22T11:00:00Z,1.16952,1.17041,1.16903,1.17022,6031
2026-01-22T12:00:00Z,1.17022,1.17091,1.16999,1.17038,4348
2026-01-22T13:00:00Z,1.17037,1.17186,1.17028,1.17137,7151
2026-01-22T14:00:00Z,1.17140,1.17255,1.17106,1.17194,7965
2026-01-22T15:00:00Z,1.17195,1.17340,1.17184,1.17338,7367
2026-01-22T16:00:00Z,1.17338,1.17505,1.17334,1.17386,8105
2026-01-22T17:00:00Z,1.17386,1.17478,1.17266,1.17464,5472
2026-01-22T18:00:00Z,1.17464,1.17486,1.17431,1.17474,2907
2026-01-22T19:00:00Z,1.17474,1.17479,1.17411,1.17439,2210
2026-01-22T20:00:00Z,1.17440,1.17527,1.17419,1.17487,2205
2026-01-22T21:00:00Z,1.17488,1.17563,1.17469,1.17543,1941
2026-01-22T22:00:00Z,1.17536,1.17561,1.17490,1.17550,653
2026-01-22T23:00:00Z,1.17552,1.17591,1.17532,1.17538,956
2026-01-23T00:00:00Z,1.17537,1.17537,1.17479,1.17479,1819
2026-01-23T01:00:00Z,1.17480,1.17537,1.17470,1.17494,3367
2026-01-23T02:00:00Z,1.17489,1.17498,1.17438,1.17453,2438
2026-01-23T03:00:00Z,1.17453,1.17487,1.17435,1.17435,2226
2026-01-23T04:00:00Z,1.17436,1.17509,1.17429,1.17498,1754
2026-01-23T05:00:00Z,1.17499,1.17539,1.17496,1.17507,1721
2026-01-23T06:00:00Z,1.17507,1.17527,1.17414,1.17420,5538
2026-01-23T07:00:00Z,1.17420,1.17473,1.17350,1.17358,8422
2026-01-23T08:00:00Z,1.17360,1.17452,1.17283,1.17398,7062
2026-01-23T09:00:00Z,1.17397,1.17449,1.17349,1.17352,5569
2026-01-23T10:00:00Z,1.17355,1.17360,1.17300,1.17344,3469
2026-01-23T11:00:00Z,1.17344,1.17404,1.17306,1.17374,4074
2026-01-23T12:00:00Z,1.17373,1.17443,1.17365,1.17424,3382
2026-01-23T13:00:00Z,1.17424,1.17472,1.17327,1.17340,4355
2026-01-23T14:00:00Z,1.17339,1.17480,1.17318,1.17462,5045
2026-01-23T15:00:00Z,1.17461,1.17612,1.17458,1.17579,5384
2026-01-23T16:00:00Z,1.17579,1.17753,1.17463,1.17706,9650
2026-01-23T17:00:00Z,1.17706,1.17988,1.17689,1.17943,13442
2026-01-23T18:00:00Z,1.17942,1.17955,1.17772,1.17921,9144
2026-01-23T19:00:00Z,1.17921,1.18148,1.17915,1.18116,6411
2026-01-23T20:00:00Z,1.18117,1.18265,1.18100,1.18212,6159
2026-01-23T21:00:00Z,1.18211,1.18336,1.18209,1.18280,3443
2026-01-25T22:00:00Z,1.18661,1.18926,1.18506,1.18892,3207
2026-01-25T23:00:00Z,1.18891,1.18976,1.18543,1.18602,6852
2026-01-26T00:00:00Z,1.18601,1.18630,1.18443,1.18611,8097
2026-01-26T01:00:00Z,1.18611,1.18690,1.18546,1.18577,7057
2026-01-26T02:00:00Z,1.18575,1.18764,1.18558,1.18674,5627
2026-01-26T03:00:00Z,1.18676,1.18676,1.18580,1.18623,3576
2026-01-26T04:00:00Z,1.18624,1.18692,1.18554,1.18589,3777
2026-01-26T05:00:00Z,1.18591,1.18697,1.18578,1.18649,3103
2026-01-26T06:00:00Z,1.18648,1.18655,1.18505,1.18516,5360
2026-01-26T07:00:00Z,1.18517,1.18627,1.18364,1.18386,9233
2026-01-26T08:00:00Z,1.18386,1.18596,1.18381,1.18533,10810
2026-01-26T09:00:00Z,1.18534,1.18674,1.18417,1.18635,9313
2026-01-26T10:00:00Z,1.18637,1.18652,1.18533,1.18606,6060
2026-01-26T11:00:00Z,1.18605,1.18605,1.18486,1.18557,6163
2026-01-26T12:00:00Z,1.18557,1.18572,1.18400,1.18421,5883
2026-01-26T13:00:00Z,1.18420,1.18567,1.18347,1.18558,7645
2026-01-26T14:00:00Z,1.18559,1.18796,1.18524,1.18789,9105
2026-01-26T15:00:00Z,1.18789,1.18969,1.18705,1.18953,10041
2026-01-26T16:00:00Z,1.18952,1.19069,1.18800,1.18859,9670
2026-01-26T17:00:00Z,1.18858,1.18914,1.18746,1.18788,6830
2026-01-26T18:00:00Z,1.18788,1.18902,1.18781,1.18788,5290
2026-01-26T19:00:00Z,1.18788,1.18816,1.18705,1.18792,6626
2026-01-26T20:00:00Z,1.18790,1.18836,1.18773,1.18825,5006
2026-01-26T21:00:00Z,1.18824,1.18862,1.18739,1.18799,2650
2026-01-26T22:00:00Z,1.18797,1.18797,1.18738,1.18753,1044
2026-01-26T23:00:00Z,1.18756,1.18819,1.18716,1.18738,1522
2026-01-27T00:00:00Z,1.18736,1.18825,1.18724,1.18769,4373
2026-01-27T01:00:00Z,1.18769,1.18814,1.18733,1.18785,5223
2026-01-27T02:00:00Z,1.18784,1.18993,1.18760,1.18932,3880
2026-01-27T03:00:00Z,1.18933,1.18933,1.18791,1.18795,2945
2026-01-27T04:00:00Z,1.18797,1.18823,1.18700,1.18733,2575
2026-01-27T05:00:00Z,1.18733,1.18785,1.18717,1.18766,2555
2026-01-27T06:00:00Z,1.18766,1.18813,1.18708,1.18717,3726
2026-01-27T07:00:00Z,1.18719,1.18755,1.18608,1.18637,6551
2026-01-27T08:00:00Z,1.18634,1.18672,1.18502,1.18604,7391
2026-01-27T09:00:00Z,1.18603,1.18898,1.18588,1.18890,6901
2026-01-27T10:00:00Z,1.18889,1.18898,1.18740,1.18888,9496
2026-01-27T11:00:00Z,1.18887,1.18971,1.18853,1.18954,6684
2026-01-27T12:00:00Z,1.18953,1.19342,1.18941,1.19280,13051
2026-01-27T13:00:00Z,1.19282,1.19385,1.19141,1.19232,13957
2026-01-27T14:00:00Z,1.19230,1.19554,1.19183,1.19436,15959
2026-01-27T15:00:00Z,1.19434,1.19724,1.19434,1.19508,16918
2026-01-27T16:00:00Z,1.19506,1.19900,1.19495,1.19790,12122
2026-01-27T17:00:00Z,1.19792,1.19836,1.19586,1.19798,11357
2026-01-27T18:00:00Z,1.19800,1.19874,1.19716,1.19778,8300
2026-01-27T19:00:00Z,1.19776,1.19807,1.19711,1.19771,4981
2026-01-27T20:00:00Z,1.19770,1.20822,1.19716,1.20292,17639
2026-01-27T21:00:00Z,1.20291,1.20497,1.20229,1.20375,14597
2026-01-27T22:00:00Z,1.20371,1.20438,1.20357,1.20402,946
2026-01-27T23:00:00Z,1.20410,1.20450,1.20162,1.20227,3797
2026-01-28T00:00:00Z,1.20227,1.20235,1.20081,1.20149,6567
2026-01-28T01:00:00Z,1.20151,1.20160,1.19928,1.19928,6454
2026-01-28T02:00:00Z,1.19928,1.20000,1.19870,1.19975,4219
2026-01-28T03:00:00Z,1.19975,1.20048,1.19950,1.19969,2885
2026-01-28T04:00:00Z,1.19970,1.20017,1.19914,1.20000,2255
2026-01-28T05:00:00Z,1.20000,1.20007,1.19748,1.19970,5792
2026-01-28T06:00:00Z,1.19970,1.20070,1.19899,1.19950,4622
2026-01-28T07:00:00Z,1.19954,1.20257,1.19842,1.19912,9546
2026-01-28T08:00:00Z,1.19913,1.20047,1.19705,1.19803,11647
2026-01-28T09:00:00Z,1.19804,1.19927,1.19749,1.19869,9084
2026-01-28T10:00:00Z,1.19867,1.19950,1.19725,1.19888,7823
2026-01-28T11:00:00Z,1.19890,1.19896,1.19617,1.19679,7060
2026-01-28T12:00:00Z,1.19678,1.19834,1.19659,1.19797,6969
2026-01-28T13:00:00Z,1.19799,1.19807,1.19517,1.19576,9153
2026-01-28T14:00:00Z,1.19576,1.19774,1.19525,1.19623,10242
2026-01-28T15:00:00Z,1.19624,1.19701,1.19231,1.19434,26175
2026-01-28T16:00:00Z,1.19432,1.19526,1.19186,1.19405,13525
2026-01-28T17:00:00Z,1.19406,1.19431,1.19279,1.19410,5370
2026-01-28T18:00:00Z,1.19411,1.19421,1.19142,1.19208,6188
2026-01-28T19:00:00Z,1.19207,1.19418,1.18957,1.19403,17318
2026-01-28T20:00:00Z,1.19402,1.19502,1.19293,1.19452,8470
2026-01-28T21:00:00Z,1.19452,1.19541,1.19416,1.19541,2991
2026-01-28T22:00:00Z,1.19541,1.19568,1.19523,1.19555,633
2026-01-28T23:00:00Z,1.19556,1.19808,1.19520,1.19808,4152
2026-01-29T00:00:00Z,1.19807,1.19851,1.19690,1.19734,5325
2026-01-29T01:00:00Z,1.19734,1.19734,1.19567,1.19612,5870
2026-01-29T02:00:00Z,1.19612,1.19755,1.19532,1.19730,4489
2026-01-29T03:00:00Z,1.19728,1.19868,1.19706,1.19864,5134
2026-01-29T04:00:00Z,1.19863,1.19906,1.19753,1.19900,4439
2026-01-29T05:00:00Z,1.19898,1.19934,1.19804,1.19809,3033
2026-01-29T06:00:00Z,1.19808,1.19891,1.19752,1.19844,4885
2026-01-29T07:00:00Z,1.19842,1.19964,1.19671,1.19740,8227
2026-01-29T08:00:00Z,1.19738,1.19856,1.19612,1.19684,9505
2026-01-29T09:00:00Z,1.19684,1.19741,1.19515,1.19556,7352
2026-01-29T10:00:00Z,1.19555,1.19578,1.19388,1.19421,7209
2026-01-29T11:00:00Z,1.19422,1.19530,1.19379,1.19468,5803
2026-01-29T12:00:00Z,1.19471,1.19622,1.19420,1.19610,7089
2026-01-29T13:00:00Z,1.19610,1.19708,1.19401,1.19560,12538
2026-01-29T14:00:00Z,1.19563,1.19714,1.19520,1.19702,12810
2026-01-29T15:00:00Z,1.19702,1.19725,1.19059,1.19294,29836
2026-01-29T16:00:00Z,1.19292,1.19528,1.19273,1.19426,17105
2026-01-29T17:00:00Z,1.19426,1.19614,1.19425,1.19555,11994
2026-01-29T18:00:00Z,1.19555,1.19648,1.19482,1.19577,7246
2026-01-29T19:00:00Z,1.19577,1.19604,1.19500,1.19513,5344
2026-01-29T20:00:00Z,1.19512,1.19682,1.19457,1.19648,3672
2026-01-29T21:00:00Z,1.19647,1.19714,1.19617,1.19703,2566
2026-01-29T22:00:00Z,1.19697,1.19699,1.19541,1.19679,718
2026-01-29T23:00:00Z,1.19694,1.19745,1.19648,1.19674,1628
2026-01-30T00:00:00Z,1.19673,1.19729,1.19300,1.19318,8767
2026-01-30T01:00:00Z,1.19320,1.19397,1.19141,1.19170,9756
2026-01-30T02:00:00Z,1.19171,1.19264,1.18948,1.19185,12210
2026-01-30T03:00:00Z,1.19185,1.19231,1.19130,1.19197,5297
2026-01-30T04:00:00Z,1.19197,1.19344,1.19188,1.19241,3414
2026-01-30T05:00:00Z,1.19243,1.19350,1.19144,1.19245,5072
2026-01-30T06:00:00Z,1.19246,1.19330,1.19138,1.19188,8327
2026-01-30T07:00:00Z,1.19188,1.19423,1.19145,1.19377,12417
2026-01-30T08:00:00Z,1.19377,1.19431,1.19233,1.19328,9314
2026-01-30T09:00:00Z,1.19325,1.19377,1.18981,1.19084,12421
2026-01-30T10:00:00Z,1.19084,1.19251,1.19048,1.19211,8706
2026-01-30T11:00:00Z,1.19213,1.19505,1.19206,1.19490,7941
2026-01-30T12:00:00Z,1.19489,1.19546,1.19150,1.19192,8804
2026-01-30T13:00:00Z,1.19192,1.19244,1.19018,1.19123,13849
2026-01-30T14:00:00Z,1.19124,1.19211,1.19010,1.19065,13648
2026-01-30T15:00:00Z,1.19062,1.19062,1.18831,1.18951,20164
2026-01-30T16:00:00Z,1.18954,1.18975,1.18715,1.18860,15928
2026-01-30T17:00:00Z,1.18859,1.18875,1.18664,1.18723,12727
2026-01-30T18:00:00Z,1.18723,1.18842,1.18544,1.18782,15871
2026-01-30T19:00:00Z,1.18781,1.18849,1.18644,1.18693,10831
2026-01-30T20:00:00Z,1.18693,1.18693,1.18526,1.18526,8113
2026-01-30T21:00:00Z,1.18527,1.18564,1.18489,1.18490,3617
2026-02-01T22:00:00Z,1.18492,1.18530,1.18450,1.18487,3206
2026-02-01T23:00:00Z,1.18487,1.18569,1.18395,1.18461,7189
2026-02-02T00:00:00Z,1.18464,1.18747,1.18463,1.18667,8806
2026-02-02T01:00:00Z,1.18666,1.18725,1.18527,1.18706,10237
2026-02-02T02:00:00Z,1.18707,1.18747,1.18629,1.18631,6834
2026-02-02T03:00:00Z,1.18630,1.18718,1.18629,1.18641,5026
2026-02-02T04:00:00Z,1.18641,1.18725,1.18580,1.18631,4695
2026-02-02T05:00:00Z,1.18630,1.18638,1.18409,1.18506,6585
2026-02-02T06:00:00Z,1.18507,1.18544,1.18432,1.18537,9726
2026-02-02T07:00:00Z,1.18536,1.18633,1.18516,1.18532,8221
2026-02-02T08:00:00Z,1.18533,1.18665,1.18435,1.18507,10269
2026-02-02T09:00:00Z,1.18507,1.18650,1.18446,1.18623,8280
2026-02-02T10:00:00Z,1.18621,1.18701,1.18586,1.18646,6883
2026-02-02T11:00:00Z,1.18647,1.18712,1.18605,1.18646,5720
2026-02-02T12:00:00Z,1.18645,1.18698,1.18430,1.18498,7039
2026-02-02T13:00:00Z,1.18498,1.18501,1.18178,1.18208,12190
2026-02-02T14:00:00Z,1.18206,1.18298,1.18053,1.18211,13100
2026-02-02T15:00:00Z,1.18212,1.18212,1.17902,1.17923,17965
2026-02-02T16:00:00Z,1.17922,1.18077,1.17903,1.18062,11320
2026-02-02T17:00:00Z,1.18064,1.18124,1.17948,1.17999,8784
2026-02-02T18:00:00Z,1.18003,1.18010,1.17776,1.17797,8440
2026-02-02T19:00:00Z,1.17796,1.17914,1.17758,1.17886,7719
2026-02-02T20:00:00Z,1.17888,1.17922,1.17802,1.17912,4764
2026-02-02T21:00:00Z,1.17914,1.17945,1.17883,1.17904,2384
2026-02-02T22:00:00Z,1.17903,1.17921,1.17850,1.17882,2778
2026-02-02T23:00:00Z,1.17883,1.17989,1.17869,1.17987,1307
2026-02-03T00:00:00Z,1.17986,1.18069,1.17979,1.18063,3139
2026-02-03T01:00:00Z,1.18064,1.18149,1.18015,1.18139,3841
2026-02-03T02:00:00Z,1.18139,1.18143,1.18007,1.18013,2290
2026-02-03T03:00:00Z,1.18011,1.18126,1.18008,1.18093,3673
2026-02-03T04:00:00Z,1.18092,1.18165,1.18088,1.18092,2227
2026-02-03T05:00:00Z,1.18093,1.18131,1.18048,1.18088,1864
2026-02-03T06:00:00Z,1.18089,1.18162,1.18076,1.18137,3259
2026-02-03T07:00:00Z,1.18137,1.18243,1.18098,1.18149,7061
2026-02-03T08:00:00Z,1.18150,1.18193,1.18036,1.18126,7441
2026-02-03T09:00:00Z,1.18129,1.18160,1.17919,1.17920,8167
2026-02-03T10:00:00Z,1.17925,1.17998,1.17866,1.17870,4028
2026-02-03T11:00:00Z,1.17871,1.17946,1.17825,1.17871,4365
2026-02-03T12:00:00Z,1.17872,1.17999,1.17866,1.17965,4440
2026-02-03T13:00:00Z,1.17965,1.18066,1.17926,1.17960,7351
2026-02-03T14:00:00Z,1.17960,1.18011,1.17800,1.17909,10944
2026-02-03T15:00:00Z,1.17908,1.18135,1.17861,1.18129,10637
2026-02-03T16:00:00Z,1.18131,1.18212,1.18101,1.18177,8857
2026-02-03T17:00:00Z,1.18176,1.18288,1.18136,1.18162,8235
2026-02-03T18:00:00Z,1.18162,1.18222,1.18088,1.18088,7191
2026-02-03T19:00:00Z,1.18089,1.18171,1.18058,1.18133,5453
2026-02-03T20:00:00Z,1.18135,1.18216,1.18094,1.18210,3439
2026-02-03T21:00:00Z,1.18210,1.18253,1.18166,1.18167,2001
2026-02-03T22:00:00Z,1.18162,1.18199,1.18123,1.18164,2579
2026-02-03T23:00:00Z,1.18164,1.18203,1.18120,1.18155,945
2026-02-04T00:00:00Z,1.18155,1.18173,1.18086,1.18141,2611
2026-02-04T01:00:00Z,1.18139,1.18317,1.18122,1.18258,4566
2026-02-04T02:00:00Z,1.18259,1.18314,1.18188,1.18221,3202
2026-02-04T03:00:00Z,1.18221,1.18280,1.18207,1.18268,2477
2026-02-04T04:00:00Z,1.18268,1.18356,1.18252,1.18354,1891
2026-02-04T05:00:00Z,1.18354,1.18360,1.18305,1.18328,1671
2026-02-04T06:00:00Z,1.18327,1.18361,1.18288,1.18295,2956
2026-02-04T07:00:00Z,1.18296,1.18338,1.18241,1.18320,4627
2026-02-04T08:00:00Z,1.18317,1.18379,1.18236,1.18283,6844
2026-02-04T09:00:00Z,1.18286,1.18326,1.18110,1.18136,5268
2026-02-04T10:00:00Z,1.18138,1.18178,1.18046,1.18135,4619
2026-02-04T11:00:00Z,1.18133,1.18152,1.18059,1.18103,4952
2026-02-04T12:00:00Z,1.18102,1.18248,1.18094,1.18215,4304
2026-02-04T13:00:00Z,1.18215,1.18268,1.18113,1.18223,8154
2026-02-04T14:00:00Z,1.18225,1.18255,1.18023,1.18146,11153
2026-02-04T15:00:00Z,1.18147,1.18221,1.17933,1.17961,12761
2026-02-04T16:00:00Z,1.17962,1.18056,1.17903,1.18024,9713
2026-02-04T17:00:00Z,1.18026,1.18150,1.17942,1.17976,10235
2026-02-04T18:00:00Z,1.17974,1.18016,1.17948,1.18009,6119
2026-02-04T19:00:00Z,1.18008,1.18094,1.17943,1.18091,7785
2026-02-04T20:00:00Z,1.18088,1.18096,1.18015,1.18035,2924
2026-02-04T21:00:00Z,1.18036,1.18079,1.18023,1.18066,2656
2026-02-04T22:00:00Z,1.18066,1.18074,1.18005,1.18047,926
2026-02-04T23:00:00Z,1.18046,1.18076,1.18002,1.18015,1055
2026-02-05T00:00:00Z,1.18014,1.18045,1.17995,1.18042,1755
2026-02-05T01:00:00Z,1.18041,1.18082,1.18019,1.18037,3503
2026-02-05T02:00:00Z,1.18037,1.18053,1.17847,1.17855,5821
2026-02-05T03:00:00Z,1.17856,1.17909,1.17826,1.17892,4246
2026-02-05T04:00:00Z,1.17893,1.17908,1.17866,1.17875,1529
2026-02-05T05:00:00Z,1.17875,1.17902,1.17841,1.17900,1654
2026-02-05T06:00:00Z,1.17898,1.17914,1.17846,1.17904,3454
2026-02-05T07:00:00Z,1.17903,1.18033,1.17902,1.17989,5174
2026-02-05T08:00:00Z,1.17987,1.18088,1.17955,1.18029,6714
2026-02-05T09:00:00Z,1.18028,1.18028,1.17802,1.17806,6978
2026-02-05T10:00:00Z,1.17805,1.17919,1.17802,1.17877,3735
2026-02-05T11:00:00Z,1.17875,1.17953,1.17859,1.17935,3199
2026-02-05T12:00:00Z,1.17935,1.18035,1.17854,1.17997,11884
2026-02-05T13:00:00Z,1.17997,1.18153,1.17909,1.18118,12583
2026-02-05T14:00:00Z,1.18118,1.18218,1.17955,1.17979,14732
2026-02-05T15:00:00Z,1.17978,1.18116,1.17818,1.17911,13524
2026-02-05T16:00:00Z,1.17913,1.18035,1.17850,1.18011,10090
2026-02-05T17:00:00Z,1.18013,1.18041,1.17962,1.18008,5962
2026-02-05T18:00:00Z,1.18009,1.18028,1.17919,1.17934,4215
2026-02-05T19:00:00Z,1.17935,1.17974,1.17924,1.17941,3489
2026-02-05T20:00:00Z,1.17939,1.17947,1.17797,1.17808,3699
2026-02-05T21:00:00Z,1.17805,1.17843,1.17749,1.17769,2680
2026-02-05T22:00:00Z,1.17768,1.17824,1.17755,1.17803,822
2026-02-05T23:00:00Z,1.17804,1.17805,1.17749,1.17764,1814
2026-02-06T00:00:00Z,1.17763,1.17832,1.17654,1.17829,4696
2026-02-06T01:00:00Z,1.17828,1.17882,1.17784,1.17853,4842
2026-02-06T02:00:00Z,1.17852,1.17916,1.17847,1.17875,2834
2026-02-06T03:00:00Z,1.17876,1.17904,1.17856,1.17874,1796
2026-02-06T04:00:00Z,1.17878,1.17963,1.17872,1.17952,2010
2026-02-06T05:00:00Z,1.17952,1.18012,1.17947,1.17982,2333
2026-02-06T06:00:00Z,1.17981,1.18016,1.17942,1.17970,3152
2026-02-06T07:00:00Z,1.17967,1.17977,1.17886,1.17913,4048
2026-02-06T08:00:00Z,1.17913,1.17957,1.17855,1.17920,6939
2026-02-06T09:00:00Z,1.17921,1.17981,1.17901,1.17919,5160
2026-02-06T10:00:00Z,1.17919,1.17997,1.17897,1.17920,3784
2026-02-06T11:00:00Z,1.17918,1.17931,1.17856,1.17900,4143
2026-02-06T12:00:00Z,1.17899,1.17930,1.17881,1.17926,3877
2026-02-06T13:00:00Z,1.17927,1.18110,1.17922,1.18103,5492
2026-02-06T14:00:00Z,1.18103,1.18260,1.18097,1.18208,9926
2026-02-06T15:00:00Z,1.18206,1.18240,1.18051,1.18193,8629
2026-02-06T16:00:00Z,1.18192,1.18215,1.18099,1.18122,7244
2026-02-06T17:00:00Z,1.18119,1.18206,1.18101,1.18179,3898
2026-02-06T18:00:00Z,1.18179,1.18228,1.18175,1.18190,2593
2026-02-06T19:00:00Z,1.18188,1.18212,1.18146,1.18190,2260
2026-02-06T20:00:00Z,1.18191,1.18227,1.18182,1.18220,2199
2026-02-06T21:00:00Z,1.18221,1.18239,1.18113,1.18115,2064
2026-02-08T22:00:00Z,1.18106,1.18146,1.18106,1.18140,1047
2026-02-08T23:00:00Z,1.18141,1.18277,1.18097,1.18266,3983
2026-02-09T00:00:00Z,1.18267,1.18335,1.18240,1.18306,5728
2026-02-09T01:00:00Z,1.18306,1.18335,1.18246,1.18255,4192
2026-02-09T02:00:00Z,1.18253,1.18257,1.18159,1.18195,2903
2026-02-09T03:00:00Z,1.18195,1.18249,1.18182,1.18187,2290
2026-02-09T04:00:00Z,1.18188,1.18267,1.18188,1.18263,1269
2026-02-09T05:00:00Z,1.18264,1.18362,1.18257,1.18331,2050
2026-02-09T06:00:00Z,1.18330,1.18577,1.18328,1.18517,6568
2026-02-09T07:00:00Z,1.18517,1.18598,1.18468,1.18558,6568
2026-02-09T08:00:00Z,1.18558,1.18647,1.18517,1.18641,6165
2026-02-09T09:00:00Z,1.18641,1.18698,1.18600,1.18622,4691
2026-02-09T10:00:00Z,1.18620,1.18696,1.18548,1.18600,6522
2026-02-09T11:00:00Z,1.18600,1.18720,1.18556,1.18691,9669
2026-02-09T12:00:00Z,1.18691,1.18829,1.18691,1.18812,6049
2026-02-09T13:00:00Z,1.18815,1.19056,1.18815,1.19036,13523
2026-02-09T14:00:00Z,1.19037,1.19184,1.19026,1.19183,12495
2026-02-09T15:00:00Z,1.19185,1.19266,1.19031,1.19120,12084
2026-02-09T16:00:00Z,1.19122,1.19175,1.18929,1.18973,7932
2026-02-09T17:00:00Z,1.18973,1.19109,1.18972,1.19086,4147
2026-02-09T18:00:00Z,1.19085,1.19172,1.19034,1.19158,4205
2026-02-09T19:00:00Z,1.19159,1.19222,1.19124,1.19202,3292
2026-02-09T20:00:00Z,1.19201,1.19210,1.19138,1.19144,2526
2026-02-09T21:00:00Z,1.19144,1.19160,1.19106,1.19133,2378
2026-02-09T22:00:00Z,1.19133,1.19144,1.19091,1.19113,601
2026-02-09T23:00:00Z,1.19120,1.19143,1.19016,1.19036,1484
2026-02-10T00:00:00Z,1.19035,1.19055,1.18983,1.19017,2325
2026-02-10T01:00:00Z,1.19019,1.19103,1.18965,1.19056,3519
2026-02-10T02:00:00Z,1.19059,1.19141,1.19055,1.19135,2402
2026-02-10T03:00:00Z,1.19135,1.19169,1.19098,1.19114,2916
2026-02-10T04:00:00Z,1.19113,1.19125,1.19057,1.19067,1641
2026-02-10T05:00:00Z,1.19068,1.19105,1.19036,1.19071,1961
2026-02-10T06:00:00Z,1.19072,1.19131,1.19010,1.19030,3305
2026-02-10T07:00:00Z,1.19031,1.19104,1.18993,1.19086,4179
2026-02-10T08:00:00Z,1.19084,1.19151,1.18996,1.19090,5821
2026-02-10T09:00:00Z,1.19089,1.19198,1.19080,1.19145,5440
2026-02-10T10:00:00Z,1.19145,1.19173,1.19091,1.19099,4162
2026-02-10T11:00:00Z,1.19099,1.19106,1.19006,1.19037,3076
2026-02-10T12:00:00Z,1.19039,1.19084,1.18910,1.18928,5914
2026-02-10T13:00:00Z,1.18927,1.19133,1.18885,1.19054,9946
2026-02-10T14:00:00Z,1.19055,1.19285,1.19028,1.19146,12694
2026-02-10T15:00:00Z,1.19145,1.19190,1.18965,1.19139,15259
2026-02-10T16:00:00Z,1.19140,1.19149,1.18964,1.18978,7924
2026-02-10T17:00:00Z,1.18976,1.19053,1.18931,1.18957,4950
2026-02-10T18:00:00Z,1.18957,1.18980,1.18904,1.18921,3473
2026-02-10T19:00:00Z,1.18921,1.19023,1.18866,1.19022,2555
2026-02-10T20:00:00Z,1.19021,1.19033,1.18946,1.18951,2343
2026-02-10T21:00:00Z,1.18953,1.18966,1.18922,1.18947,1616
2026-02-10T22:00:00Z,1.18939,1.18956,1.18890,1.18907,1299
2026-02-10T23:00:00Z,1.18914,1.18924,1.18866,1.18876,909
2026-02-11T00:00:00Z,1.18877,1.19004,1.18862,1.18967,2276
2026-02-11T01:00:00Z,1.18969,1.19019,1.18937,1.18976,3305
2026-02-11T02:00:00Z,1.18977,1.19127,1.18975,1.19082,4178
2026-02-11T03:00:00Z,1.19083,1.19137,1.19033,1.19115,2999
2026-02-11T04:00:00Z,1.19114,1.19148,1.19074,1.19080,2013
2026-02-11T05:00:00Z,1.19079,1.19190,1.19066,1.19184,4747
2026-02-11T06:00:00Z,1.19185,1.19256,1.19124,1.19151,4763
2026-02-11T07:00:00Z,1.19150,1.19182,1.19100,1.19178,4573
2026-02-11T08:00:00Z,1.19175,1.19199,1.19130,1.19185,4563
2026-02-11T09:00:00Z,1.19185,1.19196,1.19101,1.19179,4676
2026-02-11T10:00:00Z,1.19178,1.19272,1.19160,1.19215,3797
2026-02-11T11:00:00Z,1.19214,1.19215,1.19049,1.19081,3936
2026-02-11T12:00:00Z,1.19081,1.19092,1.18985,1.19001,5370
2026-02-11T13:00:00Z,1.19004,1.19044,1.18331,1.18619,22227
2026-02-11T14:00:00Z,1.18617,1.18825,1.18527,1.18601,20168
2026-02-11T15:00:00Z,1.18601,1.18716,1.18510,1.18591,18034
2026-02-11T16:00:00Z,1.18590,1.18831,1.18531,1.18829,9692
2026-02-11T17:00:00Z,1.18830,1.18934,1.18771,1.18857,7406
2026-02-11T18:00:00Z,1.18856,1.18908,1.18787,1.18821,4728
2026-02-11T19:00:00Z,1.18820,1.18845,1.18776,1.18798,3526
2026-02-11T20:00:00Z,1.18796,1.18809,1.18696,1.18707,2944
2026-02-11T21:00:00Z,1.18706,1.18742,1.18685,1.18715,1711
2026-02-11T22:00:00Z,1.18715,1.18746,1.18692,1.18723,1284
2026-02-11T23:00:00Z,1.18720,1.18761,1.18696,1.18746,1286
2026-02-12T00:00:00Z,1.18747,1.18780,1.18668,1.18767,3442
2026-02-12T01:00:00Z,1.18766,1.18823,1.18736,1.18807,3968
2026-02-12T02:00:00Z,1.18805,1.18846,1.18748,1.18789,3232
2026-02-12T03:00:00Z,1.18788,1.18810,1.18652,1.18695,3411
2026-02-12T04:00:00Z,1.18695,1.18725,1.18601,1.18618,2795
2026-02-12T05:00:00Z,1.18619,1.18656,1.18583,1.18646,2928
2026-02-12T06:00:00Z,1.18645,1.18675,1.18522,1.18604,6517
2026-02-12T07:00:00Z,1.18605,1.18751,1.18596,1.18728,4658
2026-02-12T08:00:00Z,1.18730,1.18809,1.18712,1.18797,4745
2026-02-12T09:00:00Z,1.18799,1.18878,1.18797,1.18870,4704
2026-02-12T10:00:00Z,1.18870,1.18872,1.18746,1.18771,3963
2026-02-12T11:00:00Z,1.18772,1.18845,1.18751,1.18844,2907
2026-02-12T12:00:00Z,1.18844,1.18861,1.18669,1.18731,5182
2026-02-12T13:00:00Z,1.18730,1.18851,1.18713,1.18849,6686
2026-02-12T14:00:00Z,1.18849,1.18876,1.18745,1.18831,9498
2026-02-12T15:00:00Z,1.18830,1.18883,1.18781,1.18856,9890
2026-02-12T16:00:00Z,1.18858,1.18899,1.18620,1.18703,18702
2026-02-12T17:00:00Z,1.18704,1.18769,1.18599,1.18652,9756
2026-02-12T18:00:00Z,1.18652,1.18695,1.18561,1.18634,6942
2026-02-12T19:00:00Z,1.18634,1.18716,1.18607,1.18699,6644
2026-02-12T20:00:00Z,1.18699,1.18705,1.18636,1.18696,2860
2026-02-12T21:00:00Z,1.18696,1.18725,1.18684,1.18704,2018
2026-02-12T22:00:00Z,1.18704,1.18713,1.18646,1.18711,821
2026-02-12T23:00:00Z,1.18713,1.18715,1.18669,1.18691,1218
2026-02-13T00:00:00Z,1.18689,1.18725,1.18663,1.18725,2426
2026-02-13T01:00:00Z,1.18723,1.18734,1.18631,1.18667,2963
2026-02-13T02:00:00Z,1.18668,1.18710,1.18628,1.18692,1832
2026-02-13T03:00:00Z,1.18692,1.18701,1.18658,1.18667,1640
2026-02-13T04:00:00Z,1.18670,1.18677,1.18599,1.18631,1435
2026-02-13T05:00:00Z,1.18631,1.18647,1.18579,1.18593,2502
2026-02-13T06:00:00Z,1.18592,1.18617,1.18533,1.18561,3908
2026-02-13T07:00:00Z,1.18559,1.18599,1.18469,1.18585,5537
2026-02-13T08:00:00Z,1.18584,1.18628,1.18559,1.18624,3992
2026-02-13T09:00:00Z,1.18625,1.18666,1.18603,1.18604,4173
2026-02-13T10:00:00Z,1.18602,1.18609,1.18529,1.18572,3658
2026-02-13T11:00:00Z,1.18575,1.18611,1.18549,1.18585,3518
2026-02-13T12:00:00Z,1.18587,1.18637,1.18554,1.18618,3728
2026-02-13T13:00:00Z,1.18621,1.18846,1.18566,1.18740,12451
2026-02-13T14:00:00Z,1.18740,1.18746,1.18570,1.18591,13690
2026-02-13T15:00:00Z,1.18593,1.18708,1.18475,1.18483,10197
2026-02-13T16:00:00Z,1.18483,1.18746,1.18482,1.18687,8869
2026-02-13T17:00:00Z,1.18687,1.18827,1.18682,1.18746,4642
2026-02-13T18:00:00Z,1.18748,1.18805,1.18722,1.18735,3077
2026-02-13T19:00:00Z,1.18734,1.18749,1.18660,1.18665,2631
2026-02-13T20:00:00Z,1.18663,1.18745,1.18643,1.18741,2788
2026-02-13T21:00:00Z,1.18741,1.18764,1.18655,1.18655,1687
2026-02-15T22:00:00Z,1.18751,1.18755,1.18676,1.18696,899
2026-02-15T23:00:00Z,1.18698,1.18715,1.18631,1.18667,1806
2026-02-16T00:00:00Z,1.18667,1.18671,1.18606,1.18613,2275
2026-02-16T01:00:00Z,1.18609,1.18663,1.18589,1.18652,2508
2026-02-16T02:00:00Z,1.18652,1.18670,1.18617,1.18652,2357
2026-02-16T03:00:00Z,1.18653,1.18690,1.18637,1.18671,1916
2026-02-16T04:00:00Z,1.18671,1.18680,1.18610,1.18624,1357
2026-02-16T05:00:00Z,1.18625,1.18663,1.18607,1.18648,1333
2026-02-16T06:00:00Z,1.18645,1.18701,1.18637,1.18661,1306
2026-02-16T07:00:00Z,1.18660,1.18663,1.18602,1.18626,2041
2026-02-16T08:00:00Z,1.18626,1.18703,1.18571,1.18650,4543
2026-02-16T09:00:00Z,1.18651,1.18692,1.18620,1.18643,3082
2026-02-16T10:00:00Z,1.18642,1.18676,1.18619,1.18671,2606
2026-02-16T11:00:00Z,1.18670,1.18670,1.18601,1.18611,2416
2026-02-16T12:00:00Z,1.18610,1.18630,1.18499,1.18530,2927
2026-02-16T13:00:00Z,1.18531,1.18575,1.18489,1.18545,3007
2026-02-16T14:00:00Z,1.18545,1.18634,1.18529,1.18562,3712
2026-02-16T15:00:00Z,1.18562,1.18569,1.18504,1.18538,2887
2026-02-16T16:00:00Z,1.18539,1.18567,1.18463,1.18518,2683
2026-02-16T17:00:00Z,1.18519,1.18535,1.18462,1.18480,1201
2026-02-16T18:00:00Z,1.18480,1.18511,1.18480,1.18493,793
2026-02-16T19:00:00Z,1.18494,1.18541,1.18489,1.18541,503
2026-02-16T20:00:00Z,1.18540,1.18550,1.18525,1.18534,405
2026-02-16T21:00:00Z,1.18533,1.18540,1.18501,1.18504,950
2026-02-16T22:00:00Z,1.18505,1.18514,1.18471,1.18495,441
2026-02-16T23:00:00Z,1.18497,1.18512,1.18465,1.18503,1049
2026-02-17T00:00:00Z,1.18505,1.18519,1.18421,1.18436,2401
2026-02-17T01:00:00Z,1.18436,1.18445,1.18408,1.18443,2157
2026-02-17T02:00:00Z,1.18442,1.18473,1.18402,1.18419,1508
2026-02-17T03:00:00Z,1.18421,1.18423,1.18378,1.18416,1443
2026-02-17T04:00:00Z,1.18414,1.18424,1.18393,1.18409,1121
2026-02-17T05:00:00Z,1.18409,1.18418,1.18357,1.18413,1915
2026-02-17T06:00:00Z,1.18416,1.18457,1.18414,1.18438,1878
2026-02-17T07:00:00Z,1.18437,1.18444,1.18286,1.18327,4551
2026-02-17T08:00:00Z,1.18326,1.18440,1.18299,1.18407,4569
2026-02-17T09:00:00Z,1.18407,1.18497,1.18397,1.18465,4312
2026-02-17T10:00:00Z,1.18464,1.18470,1.18410,1.18427,3308
2026-02-17T11:00:00Z,1.18427,1.18444,1.18240,1.18308,3399
2026-02-17T12:00:00Z,1.18307,1.18358,1.18268,1.18277,3741
2026-02-17T13:00:00Z,1.18274,1.18303,1.18158,1.18221,7534
2026-02-17T14:00:00Z,1.18223,1.18282,1.18163,1.18237,11602
2026-02-17T15:00:00Z,1.18238,1.18239,1.18049,1.18105,9692
2026-02-17T16:00:00Z,1.18106,1.18353,1.18106,1.18307,7766
2026-02-17T17:00:00Z,1.18305,1.18422,1.18293,1.18394,4757
2026-02-17T18:00:00Z,1.18394,1.18531,1.18387,1.18482,3624
2026-02-17T19:00:00Z,1.18481,1.18504,1.18431,1.18480,2653
2026-02-17T20:00:00Z,1.18478,1.18526,1.18468,1.18508,2234
2026-02-17T21:00:00Z,1.18510,1.18551,1.18499,1.18549,948
2026-02-17T22:00:00Z,1.18548,1.18548,1.18486,1.18517,1205
2026-02-17T23:00:00Z,1.18517,1.18573,1.18504,1.18507,1224
2026-02-18T00:00:00Z,1.18507,1.18535,1.18469,1.18471,2669
2026-02-18T01:00:00Z,1.18471,1.18478,1.18424,1.18462,1623
2026-02-18T02:00:00Z,1.18461,1.18473,1.18415,1.18445,1381
2026-02-18T03:00:00Z,1.18447,1.18467,1.18410,1.18411,950
2026-02-18T04:00:00Z,1.18411,1.18438,1.18392,1.18419,1390
2026-02-18T05:00:00Z,1.18418,1.18459,1.18415,1.18457,1406
2026-02-18T06:00:00Z,1.18458,1.18464,1.18402,1.18446,1478
2026-02-18T07:00:00Z,1.18444,1.18463,1.18329,1.18347,3524
2026-02-18T08:00:00Z,1.18346,1.18381,1.18284,1.18311,4476
2026-02-18T09:00:00Z,1.18308,1.18385,1.18285,1.18359,3461
2026-02-18T10:00:00Z,1.18359,1.18408,1.18308,1.18322,2693
2026-02-18T11:00:00Z,1.18320,1.18378,1.18305,1.18345,2222
2026-02-18T12:00:00Z,1.18347,1.18472,1.18334,1.18397,3612
2026-02-18T13:00:00Z,1.18398,1.18485,1.18235,1.18237,5926
2026-02-18T14:00:00Z,1.18236,1.18277,1.18118,1.18151,9038
2026-02-18T15:00:00Z,1.18153,1.18267,1.18134,1.18226,8308
2026-02-18T16:00:00Z,1.18226,1.18260,1.18092,1.18094,5612
2026-02-18T17:00:00Z,1.18095,1.18141,1.18022,1.18060,4590
2026-02-18T18:00:00Z,1.18060,1.18073,1.17875,1.17904,5729
2026-02-18T19:00:00Z,1.17903,1.17952,1.17836,1.17873,8425
2026-02-18T20:00:00Z,1.17872,1.17904,1.17820,1.17835,2308
2026-02-18T21:00:00Z,1.17834,1.17872,1.17818,1.17826,1641
2026-02-18T22:00:00Z,1.17826,1.17854,1.17820,1.17838,686
2026-02-18T23:00:00Z,1.17839,1.17896,1.17839,1.17885,1101
2026-02-19T00:00:00Z,1.17884,1.17917,1.17852,1.17900,3111
2026-02-19T01:00:00Z,1.17898,1.17950,1.17894,1.17945,2088
2026-02-19T02:00:00Z,1.17944,1.17955,1.17904,1.17909,1771
2026-02-19T03:00:00Z,1.17908,1.17929,1.17876,1.17906,2198
2026-02-19T04:00:00Z,1.17906,1.17916,1.17847,1.17893,1785
2026-02-19T05:00:00Z,1.17892,1.17928,1.17864,1.17915,1806
2026-02-19T06:00:00Z,1.17915,1.18008,1.17897,1.17981,1899
2026-02-19T07:00:00Z,1.17981,1.18035,1.17924,1.18006,3327
2026-02-19T08:00:00Z,1.18006,1.18051,1.17973,1.18010,4565
2026-02-19T09:00:00Z,1.18013,1.18075,1.17986,1.17998,3712
2026-02-19T10:00:00Z,1.17998,1.18031,1.17874,1.17890,3909
2026-02-19T11:00:00Z,1.17889,1.17903,1.17765,1.17807,4199
2026-02-19T12:00:00Z,1.17805,1.17807,1.17668,1.17695,4605
2026-02-19T13:00:00Z,1.17693,1.17698,1.17513,1.17654,8807
2026-02-19T14:00:00Z,1.17654,1.17663,1.17418,1.17516,11316
2026-02-19T15:00:00Z,1.17516,1.17754,1.17481,1.17629,14040
2026-02-19T16:00:00Z,1.17630,1.17706,1.17579,1.17611,7489
2026-02-19T17:00:00Z,1.17612,1.17679,1.17560,1.17657,4890
2026-02-19T18:00:00Z,1.17659,1.17741,1.17646,1.17682,3264
2026-02-19T19:00:00Z,1.17684,1.17718,1.17591,1.17637,3196
2026-02-19T20:00:00Z,1.17638,1.17689,1.17632,1.17689,2249
2026-02-19T21:00:00Z,1.17687,1.17780,1.17678,1.17728,2128
2026-02-19T22:00:00Z,1.17716,1.17735,1.17673,1.17704,532
2026-02-19T23:00:00Z,1.17702,1.17757,1.17680,1.17682,1014
2026-02-20T00:00:00Z,1.17683,1.17722,1.17667,1.17705,1897
2026-02-20T01:00:00Z,1.17702,1.17716,1.17551,1.17588,4628
2026-02-20T02:00:00Z,1.17589,1.17597,1.17536,1.17544,2963
2026-02-20T03:00:00Z,1.17545,1.17588,1.17545,1.17566,1664
2026-02-20T04:00:00Z,1.17568,1.17597,1.17524,1.17531,1519
2026-02-20T05:00:00Z,1.17532,1.17568,1.17501,1.17552,2309
2026-02-20T06:00:00Z,1.17553,1.17566,1.17515,1.17550,2796
2026-02-20T07:00:00Z,1.17548,1.17625,1.17496,1.17512,4629
2026-02-20T08:00:00Z,1.17510,1.17635,1.17432,1.17608,5795
2026-02-20T09:00:00Z,1.17608,1.17680,1.17583,1.17667,4079
2026-02-20T10:00:00Z,1.17670,1.17687,1.17572,1.17635,3740
2026-02-20T11:00:00Z,1.17635,1.17690,1.17597,1.17673,2919
2026-02-20T12:00:00Z,1.17672,1.17707,1.17631,1.17656,3819
2026-02-20T13:00:00Z,1.17655,1.17821,1.17571,1.17692,9972
2026-02-20T14:00:00Z,1.17691,1.17704,1.17559,1.17677,9285
2026-02-20T15:00:00Z,1.17679,1.18074,1.17551,1.17880,27530
2026-02-20T16:00:00Z,1.17881,1.17981,1.17736,1.17798,10127
2026-02-20T17:00:00Z,1.17800,1.17848,1.17654,1.17800,7372
2026-02-20T18:00:00Z,1.17801,1.17990,1.17767,1.17857,9383
2026-02-20T19:00:00Z,1.17857,1.17895,1.17784,1.17806,3883
2026-02-20T20:00:00Z,1.17806,1.17874,1.17772,1.17861,2971
2026-02-20T21:00:00Z,1.17860,1.17914,1.17794,1.17814,2300
2026-02-22T22:00:00Z,1.17906,1.17960,1.17901,1.17922,540
2026-02-22T23:00:00Z,1.17923,1.18346,1.17922,1.18333,5204
2026-02-23T00:00:00Z,1.18333,1.18344,1.18225,1.18309,6629
2026-02-23T01:00:00Z,1.18309,1.18334,1.18205,1.18261,5655
2026-02-23T02:00:00Z,1.18262,1.18311,1.18234,1.18277,4570
2026-02-23T03:00:00Z,1.18275,1.18280,1.18165,1.18233,2347
2026-02-23T04:00:00Z,1.18235,1.18239,1.18179,1.18208,1477
2026-02-23T05:00:00Z,1.18205,1.18215,1.18150,1.18197,1522
2026-02-23T06:00:00Z,1.18195,1.18338,1.18165,1.18244,3394
2026-02-23T07:00:00Z,1.18242,1.18275,1.18186,1.18232,4207
2026-02-23T08:00:00Z,1.18233,1.18249,1.18070,1.18100,5990
2026-02-23T09:00:00Z,1.18101,1.18124,1.18002,1.18008,4006
2026-02-23T10:00:00Z,1.18007,1.18013,1.17951,1.17985,3477
2026-02-23T11:00:00Z,1.17983,1.17988,1.17809,1.17859,5377
2026-02-23T12:00:00Z,1.17858,1.17864,1.17744,1.17817,5429
2026-02-23T13:00:00Z,1.17816,1.17978,1.17781,1.17959,6625
2026-02-23T14:00:00Z,1.17960,1.18090,1.17939,1.18053,8846
2026-02-23T15:00:00Z,1.18053,1.18098,1.17920,1.17947,9288
2026-02-23T16:00:00Z,1.17945,1.18062,1.17880,1.18037,8167
2026-02-23T17:00:00Z,1.18037,1.18087,1.17904,1.17986,5427
2026-02-23T18:00:00Z,1.17985,1.18009,1.17947,1.17980,2953
2026-02-23T19:00:00Z,1.17980,1.18005,1.17882,1.17915,3045
2026-02-23T20:00:00Z,1.17917,1.17938,1.17875,1.17886,2318
2026-02-23T21:00:00Z,1.17886,1.17924,1.17840,1.17846,1876
2026-02-23T22:00:00Z,1.17842,1.17875,1.17842,1.17860,1561
2026-02-23T23:00:00Z,1.17860,1.17953,1.17854,1.17929,1193
2026-02-24T00:00:00Z,1.17928,1.17963,1.17873,1.17880,2630
2026-02-24T01:00:00Z,1.17878,1.17879,1.17715,1.17818,4653
2026-02-24T02:00:00Z,1.17816,1.17845,1.17782,1.17837,2604
2026-02-24T03:00:00Z,1.17837,1.17853,1.17748,1.17750,1439
2026-02-24T04:00:00Z,1.17752,1.17767,1.17679,1.17695,1589
2026-02-24T05:00:00Z,1.17695,1.17806,1.17684,1.17798,2320
2026-02-24T06:00:00Z,1.17797,1.17823,1.17770,1.17803,2614
2026-02-24T07:00:00Z,1.17801,1.17823,1.17714,1.17791,7374
2026-02-24T08:00:00Z,1.17792,1.17897,1.17733,1.17837,6227
2026-02-24T09:00:00Z,1.17837,1.17930,1.17829,1.17875,4178
2026-02-24T10:00:00Z,1.17876,1.17910,1.17823,1.17855,2583
2026-02-24T11:00:00Z,1.17855,1.17859,1.17791,1.17804,3233
2026-02-24T12:00:00Z,1.17803,1.17835,1.17726,1.17811,4305
2026-02-24T13:00:00Z,1.17811,1.17812,1.17680,1.17721,5413
2026-02-24T14:00:00Z,1.17720,1.17786,1.17674,1.17732,6937
2026-02-24T15:00:00Z,1.17732,1.17809,1.17660,1.17727,8798
2026-02-24T16:00:00Z,1.17727,1.17900,1.17720,1.17879,4886
2026-02-24T17:00:00Z,1.17879,1.17888,1.17816,1.17854,2958
2026-02-24T18:00:00Z,1.17854,1.17866,1.17771,1.17785,2405
2026-02-24T19:00:00Z,1.17784,1.17841,1.17764,1.17788,2093
2026-02-24T20:00:00Z,1.17786,1.17833,1.17749,1.17750,3083
2026-02-24T21:00:00Z,1.17752,1.17771,1.17717,1.17721,1722
2026-02-24T22:00:00Z,1.17718,1.17767,1.17715,1.17736,972
2026-02-24T23:00:00Z,1.17737,1.17759,1.17724,1.17738,559
2026-02-25T00:00:00Z,1.17738,1.17797,1.17732,1.17777,2349
2026-02-25T01:00:00Z,1.17777,1.17819,1.17759,1.17782,2325
2026-02-25T02:00:00Z,1.17783,1.17934,1.17780,1.17922,3665
2026-02-25T03:00:00Z,1.17923,1.17943,1.17857,1.17894,3522
2026-02-25T04:00:00Z,1.17894,1.17961,1.17876,1.17946,1590
2026-02-25T05:00:00Z,1.17946,1.18055,1.17939,1.18008,2053
2026-02-25T06:00:00Z,1.18009,1.18063,1.17969,1.18052,2735
2026-02-25T07:00:00Z,1.18052,1.18078,1.17969,1.17969,3753
2026-02-25T08:00:00Z,1.17969,1.17999,1.17895,1.17899,4723
2026-02-25T09:00:00Z,1.17898,1.17930,1.17855,1.17876,4466
2026-02-25T10:00:00Z,1.17876,1.17882,1.17792,1.17797,3579
2026-02-25T11:00:00Z,1.17794,1.17810,1.17709,1.17749,3130
2026-02-25T12:00:00Z,1.17748,1.17868,1.17740,1.17858,3204
2026-02-25T13:00:00Z,1.17859,1.17901,1.17729,1.17735,4679
2026-02-25T14:00:00Z,1.17733,1.17891,1.17730,1.17860,5899
2026-02-25T15:00:00Z,1.17862,1.18024,1.17845,1.18010,9003
2026-02-25T16:00:00Z,1.18011,1.18070,1.17986,1.18039,5791
2026-02-25T17:00:00Z,1.18039,1.18142,1.18025,1.18073,3578
2026-02-25T18:00:00Z,1.18073,1.18109,1.18040,1.18046,2189
2026-02-25T19:00:00Z,1.18047,1.18093,1.18027,1.18054,1776
2026-02-25T20:00:00Z,1.18054,1.18087,1.18047,1.18059,2271
2026-02-25T21:00:00Z,1.18058,1.18128,1.18031,1.18099,2124
2026-02-25T22:00:00Z,1.18098,1.18122,1.18053,1.18094,998
2026-02-25T23:00:00Z,1.18096,1.18163,1.18095,1.18150,1125
2026-02-26T00:00:00Z,1.18149,1.18192,1.18117,1.18189,2121
2026-02-26T01:00:00Z,1.18188,1.18288,1.18178,1.18272,3625
2026-02-26T02:00:00Z,1.18272,1.18288,1.18131,1.18174,2196
2026-02-26T03:00:00Z,1.18174,1.18221,1.18158,1.18168,1694
2026-02-26T04:00:00Z,1.18169,1.18186,1.18124,1.18181,1558
2026-02-26T05:00:00Z,1.18181,1.18226,1.18160,1.18196,2376
2026-02-26T06:00:00Z,1.18197,1.18221,1.18148,1.18186,2596
2026-02-26T07:00:00Z,1.18185,1.18186,1.18087,1.18157,4203
2026-02-26T08:00:00Z,1.18158,1.18158,1.18021,1.18024,5210
2026-02-26T09:00:00Z,1.18022,1.18059,1.17967,1.17971,4116
2026-02-26T10:00:00Z,1.17969,1.17996,1.17931,1.17984,2697
2026-02-26T11:00:00Z,1.17983,1.18047,1.17980,1.18003,2993
2026-02-26T12:00:00Z,1.18004,1.18096,1.17997,1.18089,2827
2026-02-26T13:00:00Z,1.18090,1.18167,1.18025,1.18067,5452
2026-02-26T14:00:00Z,1.18069,1.18157,1.18022,1.18128,7123
2026-02-26T15:00:00Z,1.18128,1.18142,1.17809,1.17988,12001
2026-02-26T16:00:00Z,1.17989,1.17993,1.17859,1.17919,6518
2026-02-26T17:00:00Z,1.17918,1.17933,1.17737,1.17760,5568
2026-02-26T18:00:00Z,1.17760,1.17873,1.17738,1.17842,5124
2026-02-26T19:00:00Z,1.17845,1.17979,1.17822,1.17967,2905
2026-02-26T20:00:00Z,1.17968,1.18032,1.17957,1.18011,2355
2026-02-26T21:00:00Z,1.18014,1.18036,1.17965,1.17967,1812
2026-02-26T22:00:00Z,1.17965,1.17983,1.17887,1.17967,935
2026-02-26T23:00:00Z,1.17968,1.18031,1.17957,1.18031,858
2026-02-27T00:00:00Z,1.18030,1.18056,1.17959,1.17961,3309
2026-02-27T01:00:00Z,1.17962,1.18023,1.17887,1.17900,4286
2026-02-27T02:00:00Z,1.17902,1.18012,1.17902,1.18003,2342
2026-02-27T03:00:00Z,1.18002,1.18057,1.18001,1.18035,1820
2026-02-27T04:00:00Z,1.18034,1.18131,1.18018,1.18109,2070
2026-02-27T05:00:00Z,1.18109,1.18118,1.18061,1.18084,3025
2026-02-27T06:00:00Z,1.18082,1.18109,1.18019,1.18042,3035
2026-02-27T07:00:00Z,1.18041,1.18193,1.17970,1.18148,4937
2026-02-27T08:00:00Z,1.18151,1.18216,1.18080,1.18095,4790
2026-02-27T09:00:00Z,1.18094,1.18114,1.17927,1.17950,4785
2026-02-27T10:00:00Z,1.17953,1.18036,1.17946,1.17986,3136
2026-02-27T11:00:00Z,1.17988,1.18040,1.17961,1.18002,2766
2026-02-27T12:00:00Z,1.18002,1.18082,1.17986,1.18022,3570
2026-02-27T13:00:00Z,1.18021,1.18065,1.17903,1.17925,9433
2026-02-27T14:00:00Z,1.17926,1.18155,1.17907,1.17970,9215
2026-02-27T15:00:00Z,1.17968,1.18171,1.17963,1.18070,11430
2026-02-27T16:00:00Z,1.18071,1.18250,1.18056,1.18219,8540
2026-02-27T17:00:00Z,1.18219,1.18268,1.18155,1.18165,4879
2026-02-27T18:00:00Z,1.18165,1.18190,1.18111,1.18178,3200
2026-02-27T19:00:00Z,1.18179,1.18228,1.18165,1.18191,2286
2026-02-27T20:00:00Z,1.18195,1.18259,1.18150,1.18161,2984
2026-02-27T21:00:00Z,1.18159,1.18183,1.18101,1.18122,2521
2026-03-01T22:00:00Z,1.17751,1.17774,1.17570,1.17756,1241
2026-03-01T23:00:00Z,1.17755,1.17876,1.17568,1.17590,8428
2026-03-02T00:00:00Z,1.17590,1.17780,1.17559,1.17774,6972
2026-03-02T01:00:00Z,1.17772,1.17942,1.17750,1.17919,6877
2026-03-02T02:00:00Z,1.17917,1.17934,1.17808,1.17886,3868
2026-03-02T03:00:00Z,1.17887,1.17958,1.17882,1.17886,2469
2026-03-02T04:00:00Z,1.17888,1.17901,1.17816,1.17863,2190
2026-03-02T05:00:00Z,1.17863,1.17863,1.17659,1.17660,3654
2026-03-02T06:00:00Z,1.17661,1.17664,1.17300,1.17321,9026
2026-03-02T07:00:00Z,1.17321,1.17341,1.17034,1.17161,11423
2026-03-02T08:00:00Z,1.17161,1.17237,1.16980,1.17223,10224
2026-03-02T09:00:00Z,1.17222,1.17435,1.17210,1.17329,8135
2026-03-02T10:00:00Z,1.17328,1.17472,1.17328,1.17385,6162
2026-03-02T11:00:00Z,1.17384,1.17411,1.17261,1.17331,5365
2026-03-02T12:00:00Z,1.17330,1.17338,1.17019,1.17036,8464
2026-03-02T13:00:00Z,1.17041,1.17182,1.16953,1.16983,10975
2026-03-02T14:00:00Z,1.16983,1.17237,1.16949,1.17167,13595
2026-03-02T15:00:00Z,1.17166,1.17166,1.16797,1.16799,13015
2026-03-02T16:00:00Z,1.16800,1.16942,1.16717,1.16894,11596
2026-03-02T17:00:00Z,1.16896,1.17077,1.16866,1.17070,7885
2026-03-02T18:00:00Z,1.17071,1.17072,1.16867,1.16945,7052
2026-03-02T19:00:00Z,1.16944,1.17134,1.16939,1.17111,6266
2026-03-02T20:00:00Z,1.17112,1.17131,1.16784,1.16900,10397
2026-03-02T21:00:00Z,1.16900,1.16951,1.16870,1.16870,1855
2026-03-02T22:00:00Z,1.16863,1.16907,1.16818,1.16852,742
2026-03-02T23:00:00Z,1.16852,1.16980,1.16852,1.16944,1546
2026-03-03T00:00:00Z,1.16945,1.16956,1.16862,1.16951,3286
2026-03-03T01:00:00Z,1.16952,1.17067,1.16921,1.16969,5972
2026-03-03T02:00:00Z,1.16967,1.16989,1.16858,1.16941,6146
2026-03-03T03:00:00Z,1.16943,1.16975,1.16863,1.16902,3011
2026-03-03T04:00:00Z,1.16902,1.16935,1.16791,1.16809,3382
2026-03-03T05:00:00Z,1.16810,1.16848,1.16649,1.16665,5946
2026-03-03T06:00:00Z,1.16664,1.16715,1.16618,1.16692,5931
2026-03-03T07:00:00Z,1.16689,1.16691,1.16426,1.16437,8778
2026-03-03T08:00:00Z,1.16438,1.16461,1.16177,1.16227,13773
2026-03-03T09:00:00Z,1.16227,1.16289,1.15982,1.16050,13459
2026-03-03T10:00:00Z,1.16052,1.16127,1.15891,1.15916,10248
2026-03-03T11:00:00Z,1.15917,1.16035,1.15818,1.15972,12737
2026-03-03T12:00:00Z,1.15971,1.16153,1.15901,1.16128,11052
2026-03-03T13:00:00Z,1.16127,1.16150,1.15900,1.15903,12072
2026-03-03T14:00:00Z,1.15903,1.15993,1.15648,1.15673,16156
2026-03-03T15:00:00Z,1.15674,1.15849,1.15300,1.15726,26439
2026-03-03T16:00:00Z,1.15727,1.16060,1.15692,1.16029,20125
2026-03-03T17:00:00Z,1.16033,1.16034,1.15867,1.15903,13170
2026-03-03T18:00:00Z,1.15904,1.16221,1.15898,1.16157,10253
2026-03-03T19:00:00Z,1.16155,1.16257,1.15997,1.16124,11764
2026-03-03T20:00:00Z,1.16126,1.16244,1.16110,1.16175,7687
2026-03-03T21:00:00Z,1.16173,1.16182,1.16095,1.16132,2597
2026-03-03T22:00:00Z,1.16133,1.16151,1.16083,1.16105,1443
2026-03-03T23:00:00Z,1.16102,1.16202,1.16086,1.16104,2377
2026-03-04T00:00:00Z,1.16106,1.16110,1.15919,1.15926,7004
2026-03-04T01:00:00Z,1.15928,1.15974,1.15745,1.15935,7599
2026-03-04T02:00:00Z,1.15935,1.16042,1.15913,1.15978,6698
2026-03-04T03:00:00Z,1.15980,1.16091,1.15951,1.16082,4323
2026-03-04T04:00:00Z,1.16084,1.16102,1.15900,1.15928,3878
2026-03-04T05:00:00Z,1.15930,1.15988,1.15870,1.15950,4682
2026-03-04T06:00:00Z,1.15950,1.16175,1.15895,1.16106,5943
2026-03-04T07:00:00Z,1.16108,1.16280,1.16105,1.16158,7389
2026-03-04T08:00:00Z,1.16157,1.16169,1.15948,1.15993,9327
2026-03-04T09:00:00Z,1.15994,1.16199,1.15921,1.16084,8365
2026-03-04T10:00:00Z,1.16087,1.16471,1.16087,1.16342,14419
2026-03-04T11:00:00Z,1.16341,1.16546,1.16308,1.16350,7706
2026-03-04T12:00:00Z,1.16350,1.16485,1.16260,1.16304,7390
2026-03-04T13:00:00Z,1.16303,1.16521,1.16302,1.16310,9561
2026-03-04T14:00:00Z,1.16309,1.16411,1.16206,1.16245,15718
2026-03-04T15:00:00Z,1.16245,1.16404,1.16167,1.16400,12490
2026-03-04T16:00:00Z,1.16401,1.16460,1.16284,1.16371,8457
2026-03-04T17:00:00Z,1.16371,1.16436,1.16264,1.16328,5705
2026-03-04T18:00:00Z,1.16330,1.16334,1.16233,1.16242,3880
2026-03-04T19:00:00Z,1.16243,1.16410,1.16243,1.16395,3835
2026-03-04T20:00:00Z,1.16396,1.16437,1.16382,1.16401,2878
2026-03-04T21:00:00Z,1.16402,1.16416,1.16325,1.16330,1961
2026-03-04T22:00:00Z,1.16331,1.16339,1.16255,1.16339,868
2026-03-04T23:00:00Z,1.16339,1.16392,1.16333,1.16346,1883
2026-03-05T00:00:00Z,1.16346,1.16453,1.16319,1.16449,2979
2026-03-05T01:00:00Z,1.16449,1.16473,1.16270,1.16279,6904
2026-03-05T02:00:00Z,1.16278,1.16316,1.16222,1.16256,4225
2026-03-05T03:00:00Z,1.16256,1.16276,1.16097,1.16129,4829
2026-03-05T04:00:00Z,1.16129,1.16145,1.16055,1.16083,3399
2026-03-05T05:00:00Z,1.16081,1.16138,1.15938,1.15942,4120
2026-03-05T06:00:00Z,1.15945,1.16160,1.15875,1.16066,8876
2026-03-05T07:00:00Z,1.16068,1.16161,1.15990,1.16048,8066
2026-03-05T08:00:00Z,1.16048,1.16049,1.15815,1.15985,10048
2026-03-05T09:00:00Z,1.15986,1.16445,1.15963,1.16225,19051
2026-03-05T10:00:00Z,1.16223,1.16315,1.16063,1.16107,7005
2026-03-05T11:00:00Z,1.16109,1.16172,1.16037,1.16112,5347
2026-03-05T12:00:00Z,1.16113,1.16247,1.16074,1.16204,6731
2026-03-05T13:00:00Z,1.16202,1.16243,1.15897,1.15972,9426
2026-03-05T14:00:00Z,1.15973,1.16087,1.15923,1.16027,11912
2026-03-05T15:00:00Z,1.16027,1.16090,1.15691,1.15828,14290
2026-03-05T16:00:00Z,1.15829,1.15867,1.15587,1.15836,15291
2026-03-05T17:00:00Z,1.15838,1.15918,1.15724,1.15878,15919
2026-03-05T18:00:00Z,1.15876,1.15914,1.15709,1.15860,11301
2026-03-05T19:00:00Z,1.15859,1.15880,1.15700,1.15728,7323
2026-03-05T20:00:00Z,1.15728,1.16104,1.15701,1.16047,12372
2026-03-05T21:00:00Z,1.16043,1.16104,1.16017,1.16084,2743
2026-03-05T22:00:00Z,1.16085,1.16093,1.16058,1.16063,324
2026-03-05T23:00:00Z,1.16062,1.16102,1.16027,1.16064,1635
2026-03-06T00:00:00Z,1.16064,1.16142,1.16051,1.16109,2671
2026-03-06T01:00:00Z,1.16108,1.16201,1.16068,1.16149,4628
2026-03-06T02:00:00Z,1.16149,1.16203,1.16140,1.16164,2819
2026-03-06T03:00:00Z,1.16163,1.16205,1.16161,1.16200,1962
2026-03-06T04:00:00Z,1.16200,1.16211,1.16128,1.16135,1848
2026-03-06T05:00:00Z,1.16133,1.16165,1.16054,1.16063,3310
2026-03-06T06:00:00Z,1.16064,1.16119,1.16017,1.16115,3367
2026-03-06T07:00:00Z,1.16115,1.16180,1.16063,1.16144,4194
2026-03-06T08:00:00Z,1.16145,1.16145,1.16014,1.16029,6303
2026-03-06T09:00:00Z,1.16027,1.16027,1.15716,1.15740,10262
2026-03-06T10:00:00Z,1.15738,1.15851,1.15727,1.15784,7312
2026-03-06T11:00:00Z,1.15784,1.15812,1.15610,1.15624,8251
2026-03-06T12:00:00Z,1.15625,1.15686,1.15522,1.15547,7769
2026-03-06T13:00:00Z,1.15545,1.15928,1.15504,1.15550,22213
2026-03-06T14:00:00Z,1.15549,1.15745,1.15457,1.15720,22164
2026-03-06T15:00:00Z,1.15717,1.15927,1.15705,1.15796,20263
2026-03-06T16:00:00Z,1.15794,1.16129,1.15788,1.16055,15012
2026-03-06T17:00:00Z,1.16054,1.16095,1.15946,1.15957,11997
2026-03-06T18:00:00Z,1.15959,1.16213,1.15927,1.15984,10940
2026-03-06T19:00:00Z,1.15985,1.16094,1.15965,1.16012,7454
2026-03-06T20:00:00Z,1.16013,1.16098,1.15957,1.16058,5732
2026-03-06T21:00:00Z,1.16057,1.16182,1.16050,1.16170,4124
2026-03-08T21:00:00Z,1.15442,1.15573,1.15442,1.15466,1023
2026-03-08T22:00:00Z,1.15468,1.15518,1.15256,1.15356,8394
2026-03-08T23:00:00Z,1.15355,1.15399,1.15210,1.15243,7610
2026-03-09T00:00:00Z,1.15241,1.15313,1.15158,1.15173,7780
2026-03-09T01:00:00Z,1.15171,1.15238,1.15069,1.15091,9737
2026-03-09T02:00:00Z,1.15091,1.15281,1.15082,1.15247,11660
2026-03-09T03:00:00Z,1.15247,1.15288,1.15125,1.15164,6656
2026-03-09T04:00:00Z,1.15168,1.15293,1.15157,1.15256,4112
2026-03-09T05:00:00Z,1.15258,1.15713,1.15237,1.15674,12068
2026-03-09T06:00:00Z,1.15675,1.15691,1.15444,1.15446,10155
2026-03-09T07:00:00Z,1.15446,1.15650,1.15352,1.15633,13203
2026-03-09T08:00:00Z,1.15634,1.15651,1.15152,1.15346,16483
2026-03-09T09:00:00Z,1.15347,1.15732,1.15309,1.15538,15761
2026-03-09T10:00:00Z,1.15538,1.15648,1.15468,1.15601,13102
2026-03-09T11:00:00Z,1.15600,1.15677,1.15550,1.15612,10257
2026-03-09T12:00:00Z,1.15612,1.15684,1.15501,1.15532,10413
2026-03-09T13:00:00Z,1.15532,1.15877,1.15521,1.15758,16751
2026-03-09T14:00:00Z,1.15758,1.15780,1.15476,1.15728,20898
2026-03-09T15:00:00Z,1.15729,1.15937,1.15725,1.15914,13745
2026-03-09T16:00:00Z,1.15914,1.15991,1.15851,1.15874,9708
2026-03-09T17:00:00Z,1.15875,1.15892,1.15783,1.15785,6238
2026-03-09T18:00:00Z,1.15787,1.15842,1.15757,1.15764,5492
2026-03-09T19:00:00Z,1.15765,1.16335,1.15753,1.16087,21764
2026-03-09T20:00:00Z,1.16087,1.16373,1.16084,1.16343,5549
2026-03-09T21:00:00Z,1.16341,1.16368,1.16305,1.16365,811
2026-03-09T22:00:00Z,1.16367,1.16454,1.16224,1.16295,5531
2026-03-09T23:00:00Z,1.16295,1.16312,1.16145,1.16163,3769
2026-03-10T00:00:00Z,1.16163,1.16355,1.16114,1.16260,8733
2026-03-10T01:00:00Z,1.16260,1.16297,1.16117,1.16196,9181
2026-03-10T02:00:00Z,1.16198,1.16267,1.16117,1.16131,6942
2026-03-10T03:00:00Z,1.16133,1.16155,1.16078,1.16095,6285
2026-03-10T04:00:00Z,1.16095,1.16143,1.16069,1.16117,4484
2026-03-10T05:00:00Z,1.16116,1.16201,1.16114,1.16201,5465
2026-03-10T06:00:00Z,1.16202,1.16374,1.16202,1.16323,5198
2026-03-10T07:00:00Z,1.16322,1.16635,1.16277,1.16604,8812
2026-03-10T08:00:00Z,1.16603,1.16618,1.16429,1.16458,9438
2026-03-10T09:00:00Z,1.16458,1.16589,1.16437,1.16512,7023
2026-03-10T10:00:00Z,1.16513,1.16516,1.16203,1.16394,8910
2026-03-10T11:00:00Z,1.16395,1.16529,1.16361,1.16384,9899
2026-03-10T12:00:00Z,1.16386,1.16407,1.16212,1.16343,10901
2026-03-10T13:00:00Z,1.16344,1.16488,1.16290,1.16319,12764
2026-03-10T14:00:00Z,1.16319,1.16504,1.16270,1.16483,11638
2026-03-10T15:00:00Z,1.16483,1.16550,1.16396,1.16475,12553
2026-03-10T16:00:00Z,1.16476,1.16545,1.16390,1.16516,7174
2026-03-10T17:00:00Z,1.16514,1.16672,1.16414,1.16450,11258
2026-03-10T18:00:00Z,1.16453,1.16459,1.16139,1.16242,18121
2026-03-10T19:00:00Z,1.16243,1.16285,1.16057,1.16142,10711
2026-03-10T20:00:00Z,1.16144,1.16153,1.16078,1.16102,2826
2026-03-10T21:00:00Z,1.16101,1.16118,1.16051,1.16108,836
2026-03-10T22:00:00Z,1.16108,1.16128,1.16027,1.16048,1537
2026-03-10T23:00:00Z,1.16048,1.16119,1.16048,1.16111,1568
2026-03-11T00:00:00Z,1.16115,1.16248,1.16055,1.16179,5725
2026-03-11T01:00:00Z,1.16179,1.16280,1.16122,1.16268,5190
2026-03-11T02:00:00Z,1.16269,1.16291,1.16186,1.16257,3479
2026-03-11T03:00:00Z,1.16255,1.16317,1.16249,1.16302,3514
2026-03-11T04:00:00Z,1.16301,1.16351,1.16279,1.16335,2608
2026-03-11T05:00:00Z,1.16337,1.16359,1.16298,1.16328,3303
2026-03-11T06:00:00Z,1.16329,1.16408,1.16298,1.16331,4371
2026-03-11T07:00:00Z,1.16331,1.16453,1.16133,1.16167,10544
2026-03-11T08:00:00Z,1.16168,1.16212,1.16036,1.16125,9348
2026-03-11T09:00:00Z,1.16123,1.16138,1.15900,1.15920,13577
2026-03-11T10:00:00Z,1.15921,1.16116,1.15909,1.16071,7095
2026-03-11T11:00:00Z,1.16069,1.16105,1.15944,1.15944,7248
2026-03-11T12:00:00Z,1.15943,1.16055,1.15772,1.15824,13387
2026-03-11T13:00:00Z,1.15824,1.15932,1.15778,1.15915,12350
2026-03-11T14:00:00Z,1.15915,1.16126,1.15810,1.15819,19762
2026-03-11T15:00:00Z,1.15818,1.15840,1.15654,1.15661,9974
2026-03-11T16:00:00Z,1.15661,1.15766,1.15629,1.15708,8432
2026-03-11T17:00:00Z,1.15710,1.15764,1.15607,1.15711,8197
2026-03-11T18:00:00Z,1.15711,1.15743,1.15640,1.15716,5309
2026-03-11T19:00:00Z,1.15716,1.15762,1.15680,1.15729,2692
2026-03-11T20:00:00Z,1.15730,1.15734,1.15647,1.15667,1861
2026-03-11T21:00:00Z,1.15663,1.15737,1.15652,1.15736,1659
2026-03-11T22:00:00Z,1.15736,1.15738,1.15493,1.15500,3101
2026-03-11T23:00:00Z,1.15499,1.15535,1.15396,1.15425,3192
2026-03-12T00:00:00Z,1.15424,1.15500,1.15339,1.15458,4083
2026-03-12T01:00:00Z,1.15457,1.15554,1.15453,1.15506,4561
2026-03-12T02:00:00Z,1.15508,1.15542,1.15322,1.15386,4676
2026-03-12T03:00:00Z,1.15386,1.15403,1.15330,1.15381,3426
2026-03-12T04:00:00Z,1.15381,1.15398,1.15317,1.15330,2400
2026-03-12T05:00:00Z,1.15329,1.15450,1.15326,1.15394,4878
2026-03-12T06:00:00Z,1.15393,1.15513,1.15392,1.15477,4563
2026-03-12T07:00:00Z,1.15477,1.15527,1.15414,1.15511,4893
2026-03-12T08:00:00Z,1.15511,1.15560,1.15432,1.15472,5805
2026-03-12T09:00:00Z,1.15474,1.15611,1.15445,1.15594,4622
2026-03-12T10:00:00Z,1.15592,1.15628,1.15492,1.15577,4873
2026-03-12T11:00:00Z,1.15576,1.15662,1.15524,1.15562,4833
2026-03-12T12:00:00Z,1.15565,1.15572,1.15326,1.15391,7677
2026-03-12T13:00:00Z,1.15394,1.15502,1.15200,1.15261,15171
2026-03-12T14:00:00Z,1.15260,1.15331,1.15155,1.15205,14029
2026-03-12T15:00:00Z,1.15204,1.15284,1.15108,1.15217,16359
2026-03-12T16:00:00Z,1.15217,1.15325,1.15134,1.15219,12831
2026-03-12T17:00:00Z,1.15218,1.15318,1.15192,1.15218,7683
2026-03-12T18:00:00Z,1.15219,1.15242,1.15112,1.15121,5363
2026-03-12T19:00:00Z,1.15120,1.15184,1.15105,1.15150,4285
2026-03-12T20:00:00Z,1.15151,1.15162,1.15096,1.15113,1970
2026-03-12T21:00:00Z,1.15108,1.15120,1.15105,1.15108,901
2026-03-12T22:00:00Z,1.15108,1.15211,1.15104,1.15186,3208
2026-03-12T23:00:00Z,1.15188,1.15230,1.15150,1.15207,1845
2026-03-13T00:00:00Z,1.15208,1.15281,1.15201,1.15232,3018
2026-03-13T01:00:00Z,1.15232,1.15296,1.15143,1.15162,3397
2026-03-13T02:00:00Z,1.15163,1.15222,1.15108,1.15136,2833
2026-03-13T03:00:00Z,1.15136,1.15155,1.15048,1.15091,2872
2026-03-13T04:00:00Z,1.15090,1.15091,1.14999,1.15032,2360
2026-03-13T05:00:00Z,1.15032,1.15065,1.14999,1.15006,2291
2026-03-13T06:00:00Z,1.15008,1.15033,1.14820,1.14827,4822
2026-03-13T07:00:00Z,1.14829,1.14836,1.14541,1.14577,7491
2026-03-13T08:00:00Z,1.14576,1.14589,1.14328,1.14449,11015
2026-03-13T09:00:00Z,1.14452,1.14615,1.14452,1.14532,9186
2026-03-13T10:00:00Z,1.14532,1.14720,1.14519,1.14583,6991
2026-03-13T11:00:00Z,1.14582,1.14708,1.14553,1.14684,9125
2026-03-13T12:00:00Z,1.14683,1.14884,1.14609,1.14778,11587
2026-03-13T13:00:00Z,1.14779,1.14901,1.14736,1.14785,11020
2026-03-13T14:00:00Z,1.14786,1.14848,1.14553,1.14569,14287
2026-03-13T15:00:00Z,1.14569,1.14610,1.14344,1.14430,12903
2026-03-13T16:00:00Z,1.14429,1.14505,1.14359,1.14420,10707
2026-03-13T17:00:00Z,1.14419,1.14460,1.14339,1.14421,6398
2026-03-13T18:00:00Z,1.14421,1.14426,1.14316,1.14359,5089
2026-03-13T19:00:00Z,1.14360,1.14368,1.14197,1.14222,3742
2026-03-13T20:00:00Z,1.14223,1.14226,1.14108,1.14161,3234
2026-03-15T21:00:00Z,1.14218,1.14282,1.14156,1.14240,827
2026-03-15T22:00:00Z,1.14239,1.14391,1.14188,1.14296,4749
2026-03-15T23:00:00Z,1.14297,1.14356,1.14256,1.14353,4646
2026-03-16T00:00:00Z,1.14354,1.14554,1.14350,1.14546,4749
2026-03-16T01:00:00Z,1.14547,1.14564,1.14396,1.14492,4832
2026-03-16T02:00:00Z,1.14493,1.14514,1.14447,1.14479,3201
2026-03-16T03:00:00Z,1.14480,1.14538,1.14456,1.14504,2163
2026-03-16T04:00:00Z,1.14504,1.14514,1.14413,1.14413,1778
2026-03-16T05:00:00Z,1.14414,1.14434,1.14330,1.14344,2576
2026-03-16T06:00:00Z,1.14343,1.14365,1.14239,1.14316,3609
2026-03-16T07:00:00Z,1.14312,1.14347,1.14139,1.14258,5590
2026-03-16T08:00:00Z,1.14260,1.14452,1.14258,1.14447,7918
2026-03-16T09:00:00Z,1.14448,1.14525,1.14408,1.14499,5634
2026-03-16T10:00:00Z,1.14499,1.14777,1.14475,1.14753,6866
2026-03-16T11:00:00Z,1.14752,1.14871,1.14708,1.14793,6859
2026-03-16T12:00:00Z,1.14793,1.14878,1.14721,1.14737,7618
2026-03-16T13:00:00Z,1.14738,1.15007,1.14738,1.15002,8843
2026-03-16T14:00:00Z,1.15000,1.15021,1.14802,1.14886,9683
2026-03-16T15:00:00Z,1.14887,1.15002,1.14802,1.14867,7415
2026-03-16T16:00:00Z,1.14867,1.14992,1.14775,1.14934,8888
2026-03-16T17:00:00Z,1.14937,1.15038,1.14904,1.14921,7563
2026-03-16T18:00:00Z,1.14921,1.15237,1.14920,1.15186,6194
2026-03-16T19:00:00Z,1.15187,1.15248,1.15059,1.15079,7371
2026-03-16T20:00:00Z,1.15076,1.15104,1.15030,1.15041,2924
2026-03-16T21:00:00Z,1.15040,1.15078,1.15034,1.15055,1062
2026-03-16T22:00:00Z,1.15057,1.15062,1.14978,1.14986,1495
2026-03-16T23:00:00Z,1.14986,1.14997,1.14947,1.14983,1422
2026-03-17T00:00:00Z,1.14984,1.14984,1.14890,1.14925,3405
2026-03-17T01:00:00Z,1.14922,1.14957,1.14863,1.14929,3846
2026-03-17T02:00:00Z,1.14928,1.14984,1.14909,1.14951,1898
2026-03-17T03:00:00Z,1.14949,1.15028,1.14917,1.14919,2575
2026-03-17T04:00:00Z,1.14918,1.14999,1.14894,1.14969,1175
2026-03-17T05:00:00Z,1.14969,1.14991,1.14779,1.14793,2867
2026-03-17T06:00:00Z,1.14794,1.14815,1.14658,1.14815,4323
2026-03-17T07:00:00Z,1.14817,1.15001,1.14796,1.14947,4673
2026-03-17T08:00:00Z,1.14949,1.15180,1.14876,1.15102,7807
2026-03-17T09:00:00Z,1.15104,1.15247,1.15080,1.15162,6288
2026-03-17T10:00:00Z,1.15165,1.15165,1.15037,1.15060,5691
2026-03-17T11:00:00Z,1.15060,1.15186,1.15045,1.15074,5067
2026-03-17T12:00:00Z,1.15074,1.15246,1.15043,1.15239,6978
2026-03-17T13:00:00Z,1.15241,1.15435,1.15241,1.15304,12095
2026-03-17T14:00:00Z,1.15305,1.15388,1.15206,1.15330,8960
2026-03-17T15:00:00Z,1.15331,1.15388,1.15205,1.15249,11255
2026-03-17T16:00:00Z,1.15248,1.15330,1.15181,1.15279,8516
2026-03-17T17:00:00Z,1.15279,1.15400,1.15263,1.15396,4229
2026-03-17T18:00:00Z,1.15396,1.15471,1.15384,1.15391,3120
2026-03-17T19:00:00Z,1.15391,1.15412,1.15338,1.15356,2156
2026-03-17T20:00:00Z,1.15358,1.15421,1.15349,1.15395,1990
2026-03-17T21:00:00Z,1.15395,1.15395,1.15340,1.15350,1638
2026-03-17T22:00:00Z,1.15350,1.15445,1.15350,1.15396,3131
2026-03-17T23:00:00Z,1.15398,1.15411,1.15368,1.15387,6419
2026-03-18T00:00:00Z,1.15389,1.15439,1.15319,1.15326,6235
2026-03-18T01:00:00Z,1.15325,1.15401,1.15321,1.15338,2577
2026-03-18T02:00:00Z,1.15339,1.15380,1.15319,1.15323,1693
2026-03-18T03:00:00Z,1.15325,1.15368,1.15320,1.15359,1252
2026-03-18T04:00:00Z,1.15360,1.15424,1.15360,1.15415,1581
2026-03-18T05:00:00Z,1.15414,1.15467,1.15399,1.15452,1926
2026-03-18T06:00:00Z,1.15455,1.15492,1.15392,1.15423,2228
2026-03-18T07:00:00Z,1.15422,1.15457,1.15233,1.15263,3413
2026-03-18T08:00:00Z,1.15261,1.15342,1.15176,1.15322,4922
2026-03-18T09:00:00Z,1.15321,1.15395,1.15251,1.15385,3040
2026-03-18T10:00:00Z,1.15385,1.15438,1.15336,1.15398,4239
2026-03-18T11:00:00Z,1.15397,1.15551,1.15299,1.15466,7630
2026-03-18T12:00:00Z,1.15466,1.15481,1.15055,1.15073,14855
2026-03-18T13:00:00Z,1.15073,1.15155,1.14905,1.15147,14143
2026-03-18T14:00:00Z,1.15146,1.15273,1.15041,1.15164,12176
2026-03-18T15:00:00Z,1.15163,1.15295,1.15113,1.15128,10693
2026-03-18T16:00:00Z,1.15127,1.15221,1.15066,1.15106,7354
2026-03-18T17:00:00Z,1.15107,1.15166,1.15026,1.15159,5858
2026-03-18T18:00:00Z,1.15160,1.15249,1.14770,1.14770,13634
2026-03-18T19:00:00Z,1.14769,1.14824,1.14685,1.14692,7297
2026-03-18T20:00:00Z,1.14691,1.14703,1.14496,1.14517,4430
2026-03-18T21:00:00Z,1.14514,1.14707,1.14504,1.14638,1583
2026-03-18T22:00:00Z,1.14635,1.14651,1.14510,1.14566,2956
2026-03-18T23:00:00Z,1.14564,1.14658,1.14550,1.14632,3678
2026-03-19T00:00:00Z,1.14631,1.14743,1.14620,1.14741,5068
2026-03-19T01:00:00Z,1.14741,1.14836,1.14734,1.14761,4547
2026-03-19T02:00:00Z,1.14760,1.14912,1.14716,1.14820,5754
2026-03-19T03:00:00Z,1.14821,1.14834,1.14745,1.14747,2637
2026-03-19T04:00:00Z,1.14743,1.14748,1.14668,1.14687,2159
2026-03-19T05:00:00Z,1.14687,1.14709,1.14635,1.14658,2007
2026-03-19T06:00:00Z,1.14660,1.14767,1.14610,1.14652,4848
2026-03-19T07:00:00Z,1.14654,1.14752,1.14506,1.14524,10067
2026-03-19T08:00:00Z,1.14522,1.14591,1.14429,1.14509,11657
2026-03-19T09:00:00Z,1.14509,1.14881,1.14509,1.14802,16033
2026-03-19T10:00:00Z,1.14800,1.14800,1.14665,1.14737,7721
2026-03-19T11:00:00Z,1.14736,1.14813,1.14656,1.14795,6739
2026-03-19T12:00:00Z,1.14796,1.14898,1.14625,1.14870,15221
2026-03-19T13:00:00Z,1.14870,1.15271,1.14693,1.15175,26803
2026-03-19T14:00:00Z,1.15174,1.15282,1.15007,1.15163,23426
2026-03-19T15:00:00Z,1.15161,1.15388,1.14984,1.15140,16674
2026-03-19T16:00:00Z,1.15140,1.15378,1.15117,1.15357,16492
2026-03-19T17:00:00Z,1.15360,1.15675,1.15357,1.15601,10156
2026-03-19T18:00:00Z,1.15600,1.15842,1.15509,1.15836,8707
2026-03-19T19:00:00Z,1.15837,1.16161,1.15770,1.15846,18536
2026-03-19T20:00:00Z,1.15847,1.15898,1.15804,1.15881,2943
2026-03-19T21:00:00Z,1.15881,1.15884,1.15794,1.15806,925
2026-03-19T22:00:00Z,1.15809,1.15948,1.15775,1.15782,2339
2026-03-19T23:00:00Z,1.15782,1.15816,1.15743,1.15763,1991
2026-03-20T00:00:00Z,1.15760,1.15800,1.15710,1.15735,3655
2026-03-20T01:00:00Z,1.15738,1.15769,1.15632,1.15651,4576
2026-03-20T02:00:00Z,1.15651,1.15679,1.15616,1.15636,2584
2026-03-20T03:00:00Z,1.15636,1.15636,1.15560,1.15565,1973
2026-03-20T04:00:00Z,1.15566,1.15596,1.15549,1.15555,1277
2026-03-20T05:00:00Z,1.15555,1.15610,1.15523,1.15523,2322
2026-03-20T06:00:00Z,1.15524,1.15661,1.15523,1.15589,2901
2026-03-20T07:00:00Z,1.15590,1.15751,1.15556,1.15729,6234
2026-03-20T08:00:00Z,1.15732,1.15805,1.15675,1.15676,6737
2026-03-20T09:00:00Z,1.15676,1.15728,1.15477,1.15485,7978
2026-03-20T10:00:00Z,1.15488,1.15625,1.15350,1.15595,8453
2026-03-20T11:00:00Z,1.15596,1.15799,1.15573,1.15714,7080
2026-03-20T12:00:00Z,1.15714,1.15797,1.15620,1.15644,11566
2026-03-20T13:00:00Z,1.15644,1.15658,1.15398,1.15410,13214
2026-03-20T14:00:00Z,1.15409,1.15437,1.15245,1.15347,16739
2026-03-20T15:00:00Z,1.15349,1.15576,1.15347,1.15420,16075
2026-03-20T16:00:00Z,1.15420,1.15664,1.15412,1.15591,10459
2026-03-20T17:00:00Z,1.15593,1.15704,1.15495,1.15576,10809
2026-03-20T18:00:00Z,1.15577,1.15716,1.15476,1.15505,9612
2026-03-20T19:00:00Z,1.15504,1.15618,1.15467,1.15583,8239
2026-03-20T20:00:00Z,1.15581,1.15718,1.15572,1.15694,3869
2026-03-22T21:00:00Z,1.15385,1.15426,1.15350,1.15400,273
2026-03-22T22:00:00Z,1.15400,1.15624,1.15396,1.15580,3411
2026-03-22T23:00:00Z,1.15583,1.15647,1.15569,1.15618,4022
2026-03-23T00:00:00Z,1.15620,1.15642,1.15384,1.15443,8371
2026-03-23T01:00:00Z,1.15443,1.15616,1.15442,1.15541,8035
2026-03-23T02:00:00Z,1.15545,1.15572,1.15428,1.15465,5400
2026-03-23T03:00:00Z,1.15465,1.15503,1.15425,1.15470,3045
2026-03-23T04:00:00Z,1.15472,1.15514,1.15456,1.15505,2375
2026-03-23T05:00:00Z,1.15503,1.15523,1.15339,1.15339,3798
2026-03-23T06:00:00Z,1.15341,1.15342,1.15203,1.15305,7291
2026-03-23T07:00:00Z,1.15303,1.15401,1.15234,1.15270,10027
2026-03-23T08:00:00Z,1.15271,1.15461,1.15258,1.15295,12596
2026-03-23T09:00:00Z,1.15294,1.15338,1.14909,1.14948,10417
2026-03-23T10:00:00Z,1.14947,1.15013,1.14843,1.14854,10439
2026-03-23T11:00:00Z,1.14856,1.16196,1.14856,1.15563,43091
2026-03-23T12:00:00Z,1.15561,1.16144,1.15462,1.16123,28059
2026-03-23T13:00:00Z,1.16123,1.16152,1.15800,1.15996,27620
2026-03-23T14:00:00Z,1.15997,1.16397,1.15931,1.16151,26768
2026-03-23T15:00:00Z,1.16149,1.16310,1.15820,1.15859,23844
2026-03-23T16:00:00Z,1.15859,1.16005,1.15763,1.15910,18955
2026-03-23T17:00:00Z,1.15910,1.16095,1.15866,1.16017,12258
2026-03-23T18:00:00Z,1.16018,1.16372,1.15918,1.16350,11586
2026-03-23T19:00:00Z,1.16350,1.16353,1.16125,1.16132,6061
2026-03-23T20:00:00Z,1.16132,1.16152,1.16092,1.16112,2057
2026-03-23T21:00:00Z,1.16108,1.16147,1.16094,1.16144,614
2026-03-23T22:00:00Z,1.16143,1.16175,1.16078,1.16144,1863
2026-03-23T23:00:00Z,1.16145,1.16157,1.16059,1.16080,2098
2026-03-24T00:00:00Z,1.16079,1.16085,1.15808,1.15883,8779
2026-03-24T01:00:00Z,1.15882,1.15959,1.15783,1.15845,8307
2026-03-24T02:00:00Z,1.15845,1.15922,1.15827,1.15858,6303
2026-03-24T03:00:00Z,1.15858,1.15891,1.15813,1.15828,3980
2026-03-24T04:00:00Z,1.15830,1.15833,1.15756,1.15801,2779
2026-03-24T05:00:00Z,1.15802,1.15891,1.15757,1.15836,5844
2026-03-24T06:00:00Z,1.15835,1.15923,1.15789,1.15918,7029
2026-03-24T07:00:00Z,1.15915,1.16176,1.15891,1.16085,10392
2026-03-24T08:00:00Z,1.16085,1.16092,1.15816,1.15881,11723
2026-03-24T09:00:00Z,1.15883,1.15968,1.15786,1.15948,9221
2026-03-24T10:00:00Z,1.15947,1.15963,1.15832,1.15922,7394
2026-03-24T11:00:00Z,1.15918,1.16004,1.15788,1.15891,7944
2026-03-24T12:00:00Z,1.15892,1.15992,1.15811,1.15844,9474
2026-03-24T13:00:00Z,1.15846,1.15906,1.15671,1.15774,18212
2026-03-24T14:00:00Z,1.15773,1.16069,1.15773,1.15893,18886
2026-03-24T15:00:00Z,1.15893,1.15973,1.15759,1.15777,15906
2026-03-24T16:00:00Z,1.15776,1.15923,1.15741,1.15827,9322
2026-03-24T17:00:00Z,1.15824,1.15837,1.15569,1.15758,17427
2026-03-24T18:00:00Z,1.15757,1.15924,1.15675,1.15822,11923
2026-03-24T19:00:00Z,1.15821,1.15928,1.15820,1.15854,5600
2026-03-24T20:00:00Z,1.15854,1.16282,1.15827,1.16070,13078
2026-03-24T21:00:00Z,1.16069,1.16127,1.15992,1.16099,2122
2026-03-24T22:00:00Z,1.16113,1.16189,1.16042,1.16140,2853
2026-03-24T23:00:00Z,1.16139,1.16183,1.16084,1.16136,2911
2026-03-25T00:00:00Z,1.16137,1.16305,1.16124,1.16231,7166
2026-03-25T01:00:00Z,1.16231,1.16243,1.16118,1.16119,6160
2026-03-25T02:00:00Z,1.16120,1.16129,1.16010,1.16040,3962
2026-03-25T03:00:00Z,1.16039,1.16054,1.16005,1.16035,2760
2026-03-25T04:00:00Z,1.16036,1.16040,1.15971,1.15978,2336
2026-03-25T05:00:00Z,1.15977,1.15982,1.15888,1.15920,3329
2026-03-25T06:00:00Z,1.15920,1.15997,1.15867,1.15962,3991
2026-03-25T07:00:00Z,1.15962,1.16050,1.15883,1.15975,6573
2026-03-25T08:00:00Z,1.15977,1.16165,1.15906,1.16026,10980
2026-03-25T09:00:00Z,1.16026,1.16092,1.15912,1.15989,8562
2026-03-25T10:00:00Z,1.15990,1.16056,1.15958,1.16042,7064
2026-03-25T11:00:00Z,1.16043,1.16114,1.15942,1.16053,7294
2026-03-25T12:00:00Z,1.16053,1.16135,1.15863,1.15911,12781
2026-03-25T13:00:00Z,1.15914,1.15988,1.15716,1.15728,12637
2026-03-25T14:00:00Z,1.15729,1.15876,1.15663,1.15858,13689
2026-03-25T15:00:00Z,1.15858,1.15892,1.15629,1.15696,13252
2026-03-25T16:00:00Z,1.15695,1.15765,1.15552,1.15676,10374
2026-03-25T17:00:00Z,1.15674,1.15836,1.15646,1.15782,7285
2026-03-25T18:00:00Z,1.15783,1.15810,1.15610,1.15663,6180
2026-03-25T19:00:00Z,1.15663,1.15663,1.15590,1.15631,4937
2026-03-25T20:00:00Z,1.15630,1.15634,1.15559,1.15583,1834
2026-03-25T21:00:00Z,1.15584,1.15613,1.15580,1.15593,907
2026-03-25T22:00:00Z,1.15592,1.15623,1.15558,1.15601,1369
2026-03-25T23:00:00Z,1.15603,1.15619,1.15588,1.15614,1402
2026-03-26T00:00:00Z,1.15613,1.15646,1.15539,1.15581,3413
2026-03-26T01:00:00Z,1.15583,1.15669,1.15581,1.15643,3370
2026-03-26T02:00:00Z,1.15642,1.15657,1.15545,1.15589,2452
2026-03-26T03:00:00Z,1.15588,1.15695,1.15578,1.15685,2610
2026-03-26T04:00:00Z,1.15685,1.15722,1.15673,1.15691,1625
2026-03-26T05:00:00Z,1.15693,1.15698,1.15575,1.15577,3268
2026-03-26T06:00:00Z,1.15576,1.15669,1.15516,1.15664,4293
2026-03-26T07:00:00Z,1.15664,1.15665,1.15505,1.15535,5161
2026-03-26T08:00:00Z,1.15536,1.15610,1.15474,1.15595,6488
2026-03-26T09:00:00Z,1.15595,1.15648,1.15523,1.15594,7118
2026-03-26T10:00:00Z,1.15595,1.15649,1.15543,1.15570,5643
2026-03-26T11:00:00Z,1.15572,1.15586,1.15232,1.15241,5131
2026-03-26T12:00:00Z,1.15241,1.15353,1.15223,1.15348,8188
2026-03-26T13:00:00Z,1.15349,1.15526,1.15347,1.15422,11870
2026-03-26T14:00:00Z,1.15423,1.15550,1.15369,1.15476,16202
2026-03-26T15:00:00Z,1.15476,1.15511,1.15313,1.15414,13468
2026-03-26T16:00:00Z,1.15413,1.15431,1.15308,1.15354,9229
2026-03-26T17:00:00Z,1.15355,1.15375,1.15254,1.15257,6441
2026-03-26T18:00:00Z,1.15257,1.15341,1.15250,1.15338,4317
2026-03-26T19:00:00Z,1.15337,1.15344,1.15216,1.15218,5191
2026-03-26T20:00:00Z,1.15217,1.15588,1.15196,1.15254,8828
2026-03-26T21:00:00Z,1.15253,1.15355,1.15252,1.15328,1807
2026-03-26T22:00:00Z,1.15328,1.15402,1.15302,1.15378,1339
2026-03-26T23:00:00Z,1.15379,1.15397,1.15339,1.15343,1263
2026-03-27T00:00:00Z,1.15341,1.15380,1.15242,1.15302,5649
2026-03-27T01:00:00Z,1.15303,1.15408,1.15296,1.15397,3833
2026-03-27T02:00:00Z,1.15401,1.15425,1.15359,1.15383,2511
2026-03-27T03:00:00Z,1.15382,1.15401,1.15337,1.15390,2090
2026-03-27T04:00:00Z,1.15389,1.15437,1.15369,1.15426,1622
2026-03-27T05:00:00Z,1.15428,1.15460,1.15372,1.15409,3146
2026-03-27T06:00:00Z,1.15408,1.15438,1.15338,1.15342,3248
2026-03-27T07:00:00Z,1.15342,1.15348,1.15167,1.15187,4908
2026-03-27T08:00:00Z,1.15185,1.15250,1.15158,1.15207,7021
2026-03-27T09:00:00Z,1.15205,1.15259,1.15143,1.15192,6094
2026-03-27T10:00:00Z,1.15190,1.15260,1.15100,1.15109,6099
2026-03-27T11:00:00Z,1.15109,1.15139,1.15046,1.15075,5311
2026-03-27T12:00:00Z,1.15073,1.15180,1.15018,1.15149,6830
2026-03-27T13:00:00Z,1.15148,1.15329,1.15140,1.15238,11866
2026-03-27T14:00:00Z,1.15237,1.15356,1.15231,1.15286,11887
2026-03-27T15:00:00Z,1.15288,1.15476,1.15179,1.15193,14935
2026-03-27T16:00:00Z,1.15193,1.15272,1.15147,1.15189,9977
2026-03-27T17:00:00Z,1.15189,1.15290,1.15063,1.15123,6695
2026-03-27T18:00:00Z,1.15122,1.15197,1.15070,1.15134,4793
2026-03-27T19:00:00Z,1.15134,1.15178,1.15097,1.15171,4219
2026-03-27T20:00:00Z,1.15171,1.15207,1.15052,1.15059,4628
2026-03-29T21:00:00Z,1.15047,1.15047,1.14988,1.14998,156
2026-03-29T22:00:00Z,1.14998,1.15017,1.14877,1.14882,3477
2026-03-29T23:00:00Z,1.14882,1.14944,1.14873,1.14916,3762
2026-03-30T00:00:00Z,1.14917,1.15127,1.14895,1.15065,7428
2026-03-30T01:00:00Z,1.15066,1.15109,1.15028,1.15049,4934
2026-03-30T02:00:00Z,1.15047,1.15150,1.15013,1.15111,3771
2026-03-30T03:00:00Z,1.15112,1.15186,1.15100,1.15156,2641
2026-03-30T04:00:00Z,1.15156,1.15211,1.15136,1.15136,1771
2026-03-30T05:00:00Z,1.15136,1.15180,1.15094,1.15157,3385
2026-03-30T06:00:00Z,1.15157,1.15199,1.15115,1.15125,3973
2026-03-30T07:00:00Z,1.15124,1.15127,1.14939,1.14977,5340
2026-03-30T08:00:00Z,1.14977,1.14986,1.14905,1.14960,4676
2026-03-30T09:00:00Z,1.14960,1.14981,1.14839,1.14944,5080
2026-03-30T10:00:00Z,1.14943,1.14973,1.14880,1.14890,3784
2026-03-30T11:00:00Z,1.14891,1.15004,1.14838,1.14845,8776
2026-03-30T12:00:00Z,1.14847,1.14887,1.14728,1.14827,8855
2026-03-30T13:00:00Z,1.14826,1.14878,1.14620,1.14639,10057
2026-03-30T14:00:00Z,1.14639,1.14703,1.14546,1.14649,12281
2026-03-30T15:00:00Z,1.14650,1.14657,1.14430,1.14537,9140
2026-03-30T16:00:00Z,1.14534,1.14610,1.14474,1.14599,5480
2026-03-30T17:00:00Z,1.14598,1.14649,1.14556,1.14575,5237
2026-03-30T18:00:00Z,1.14575,1.14660,1.14566,1.14609,3639
2026-03-30T19:00:00Z,1.14608,1.14622,1.14538,1.14597,3076
2026-03-30T20:00:00Z,1.14596,1.14648,1.14570,1.14647,2143
2026-03-30T21:00:00Z,1.14649,1.14674,1.14552,1.14612,1558
2026-03-30T22:00:00Z,1.14624,1.14654,1.14591,1.14593,1232
2026-03-30T23:00:00Z,1.14592,1.14592,1.14520,1.14564,2111
2026-03-31T00:00:00Z,1.14565,1.14760,1.14471,1.14745,8711
2026-03-31T01:00:00Z,1.14744,1.14906,1.14732,1.14758,7771
2026-03-31T02:00:00Z,1.14759,1.14795,1.14730,1.14757,4292
2026-03-31T03:00:00Z,1.14756,1.14762,1.14661,1.14696,2627
2026-03-31T04:00:00Z,1.14696,1.14728,1.14688,1.14689,1676
2026-03-31T05:00:00Z,1.14691,1.14712,1.14621,1.14642,4027
2026-03-31T06:00:00Z,1.14644,1.14742,1.14607,1.14719,5151
2026-03-31T07:00:00Z,1.14718,1.14741,1.14628,1.14722,6309
2026-03-31T08:00:00Z,1.14723,1.14757,1.14642,1.14668,5656
2026-03-31T09:00:00Z,1.14668,1.14732,1.14618,1.14681,5423
2026-03-31T10:00:00Z,1.14682,1.14699,1.14580,1.14589,4055
2026-03-31T11:00:00Z,1.14586,1.14911,1.14574,1.14910,10776
2026-03-31T12:00:00Z,1.14911,1.15097,1.14869,1.15028,11782
2026-03-31T13:00:00Z,1.15028,1.15325,1.15004,1.15322,10713
2026-03-31T14:00:00Z,1.15320,1.15405,1.15109,1.15199,21380
2026-03-31T15:00:00Z,1.15202,1.15328,1.15116,1.15173,15754
2026-03-31T16:00:00Z,1.15172,1.15595,1.15138,1.15404,19273
2026-03-31T17:00:00Z,1.15403,1.15566,1.15388,1.15397,16886
2026-03-31T18:00:00Z,1.15397,1.15507,1.15382,1.15446,8728
2026-03-31T19:00:00Z,1.15444,1.15597,1.15386,1.15590,5267
2026-03-31T20:00:00Z,1.15590,1.15634,1.15513,1.15526,3876
2026-03-31T21:00:00Z,1.15518,1.15548,1.15493,1.15535,1983
2026-03-31T22:00:00Z,1.15534,1.15595,1.15522,1.15584,1612
2026-03-31T23:00:00Z,1.15586,1.15744,1.15568,1.15736,2197
2026-04-01T00:00:00Z,1.15737,1.15787,1.15692,1.15743,5369
2026-04-01T01:00:00Z,1.15747,1.15756,1.15547,1.15617,7317
2026-04-01T02:00:00Z,1.15618,1.15709,1.15605,1.15687,3123
2026-04-01T03:00:00Z,1.15685,1.15685,1.15590,1.15607,2904
2026-04-01T04:00:00Z,1.15607,1.15663,1.15594,1.15652,1956
2026-04-01T05:00:00Z,1.15652,1.15763,1.15646,1.15676,3982
2026-04-01T06:00:00Z,1.15679,1.15927,1.15620,1.15911,11039
2026-04-01T07:00:00Z,1.15912,1.15985,1.15769,1.15819,13980
2026-04-01T08:00:00Z,1.15819,1.16106,1.15774,1.15961,10584
2026-04-01T09:00:00Z,1.15962,1.16026,1.15807,1.15953,9310
2026-04-01T10:00:00Z,1.15953,1.16035,1.15934,1.15995,6810
2026-04-01T11:00:00Z,1.15997,1.16098,1.15978,1.16072,6401
2026-04-01T12:00:00Z,1.16074,1.16235,1.15938,1.16046,13701
2026-04-01T13:00:00Z,1.16046,1.16237,1.15986,1.16115,16806
2026-04-01T14:00:00Z,1.16115,1.16268,1.16046,1.16226,17098
2026-04-01T15:00:00Z,1.16227,1.16271,1.16052,1.16137,10058
2026-04-01T16:00:00Z,1.16137,1.16190,1.16044,1.16188,8124
2026-04-01T17:00:00Z,1.16191,1.16234,1.15935,1.15940,6172
2026-04-01T18:00:00Z,1.15938,1.15942,1.15772,1.15787,7532
2026-04-01T19:00:00Z,1.15788,1.15870,1.15763,1.15836,6652
2026-04-01T20:00:00Z,1.15836,1.15918,1.15834,1.15883,3020
2026-04-01T21:00:00Z,1.15884,1.15908,1.15804,1.15898,1405
2026-04-01T22:00:00Z,1.15899,1.15942,1.15895,1.15907,1495
2026-04-01T23:00:00Z,1.15909,1.15945,1.15888,1.15896,1570
2026-04-02T00:00:00Z,1.15895,1.15978,1.15867,1.15956,5247
2026-04-02T01:00:00Z,1.15954,1.16055,1.15455,1.15525,21229
2026-04-02T02:00:00Z,1.15524,1.15603,1.15438,1.15467,8925
2026-04-02T03:00:00Z,1.15466,1.15489,1.15375,1.15397,4444
2026-04-02T04:00:00Z,1.15397,1.15418,1.15321,1.15368,4013
2026-04-02T05:00:00Z,1.15368,1.15389,1.15248,1.15253,5258
2026-04-02T06:00:00Z,1.15254,1.15353,1.15150,1.15344,8286
2026-04-02T07:00:00Z,1.15347,1.15377,1.15186,1.15324,7805
2026-04-02T08:00:00Z,1.15325,1.15357,1.15242,1.15252,5248
2026-04-02T09:00:00Z,1.15253,1.15317,1.15215,1.15261,4572
2026-04-02T10:00:00Z,1.15263,1.15268,1.15110,1.15122,5390
2026-04-02T11:00:00Z,1.15125,1.15194,1.15090,1.15176,5889
2026-04-02T12:00:00Z,1.15177,1.15313,1.15168,1.15245,8974
2026-04-02T13:00:00Z,1.15245,1.15324,1.15200,1.15311,14118
2026-04-02T14:00:00Z,1.15312,1.15638,1.15266,1.15511,23272
2026-04-02T15:00:00Z,1.15512,1.15585,1.15415,1.15450,14616
2026-04-02T16:00:00Z,1.15450,1.15478,1.15390,1.15391,9166
2026-04-02T17:00:00Z,1.15391,1.15492,1.15362,1.15374,5145
2026-04-02T18:00:00Z,1.15376,1.15400,1.15330,1.15360,4244
2026-04-02T19:00:00Z,1.15363,1.15437,1.15333,1.15344,3988
2026-04-02T20:00:00Z,1.15345,1.15394,1.15321,1.15382,1662
2026-04-02T21:00:00Z,1.15381,1.15409,1.15315,1.15399,1235
2026-04-02T22:00:00Z,1.15402,1.15406,1.15366,1.15398,660
2026-04-02T23:00:00Z,1.15398,1.15429,1.15392,1.15414,494
2026-04-03T00:00:00Z,1.15414,1.15449,1.15378,1.15380,1753
2026-04-03T01:00:00Z,1.15381,1.15398,1.15336,1.15348,1435
2026-04-03T02:00:00Z,1.15348,1.15382,1.15320,1.15360,1411
2026-04-03T03:00:00Z,1.15360,1.15374,1.15341,1.15361,526
2026-04-03T04:00:00Z,1.15361,1.15362,1.15337,1.15338,1658
2026-04-03T05:00:00Z,1.15338,1.15381,1.15293,1.15379,1864
2026-04-03T06:00:00Z,1.15378,1.15405,1.15350,1.15395,837
2026-04-03T07:00:00Z,1.15394,1.15461,1.15394,1.15428,1275
2026-04-03T08:00:00Z,1.15427,1.15453,1.15400,1.15429,1006
2026-04-03T09:00:00Z,1.15430,1.15455,1.15405,1.15430,1314
2026-04-03T10:00:00Z,1.15431,1.15489,1.15418,1.15447,1059
2026-04-03T11:00:00Z,1.15447,1.15465,1.15408,1.15443,1202
2026-04-03T12:00:00Z,1.15442,1.15459,1.15177,1.15308,6301
2026-04-03T13:00:00Z,1.15309,1.15386,1.15279,1.15349,2858
2026-04-03T14:00:00Z,1.15349,1.15365,1.15208,1.15209,2463
2026-04-03T15:00:00Z,1.15208,1.15277,1.15198,1.15220,4991
2026-04-03T16:00:00Z,1.15219,1.15220,1.15185,1.15187,3186
2026-04-03T17:00:00Z,1.15187,1.15217,1.15181,1.15199,3245
2026-04-03T18:00:00Z,1.15199,1.15211,1.15140,1.15143,1749
2026-04-03T19:00:00Z,1.15143,1.15157,1.15138,1.15143,460
2026-04-03T20:00:00Z,1.15144,1.15298,1.15105,1.15105,2238
2026-04-05T21:00:00Z,1.15216,1.15233,1.15189,1.15206,383
2026-04-05T22:00:00Z,1.15205,1.15205,1.15048,1.15148,5254
2026-04-05T23:00:00Z,1.15146,1.15169,1.15084,1.15096,2146
2026-04-06T00:00:00Z,1.15096,1.15183,1.15092,1.15116,3130
2026-04-06T01:00:00Z,1.15118,1.15142,1.15062,1.15068,2538
2026-04-06T02:00:00Z,1.15068,1.15286,1.15068,1.15206,5413
2026-04-06T03:00:00Z,1.15205,1.15231,1.15173,1.15189,4840
2026-04-06T04:00:00Z,1.15191,1.15250,1.15184,1.15241,2277
2026-04-06T05:00:00Z,1.15240,1.15295,1.15228,1.15251,2366
2026-04-06T06:00:00Z,1.15253,1.15374,1.15218,1.15329,4009
2026-04-06T07:00:00Z,1.15328,1.15686,1.15252,1.15642,5761
2026-04-06T08:00:00Z,1.15643,1.15685,1.15536,1.15551,5896
2026-04-06T09:00:00Z,1.15553,1.15603,1.15471,1.15502,5867
2026-04-06T10:00:00Z,1.15504,1.15543,1.15376,1.15479,5714
2026-04-06T11:00:00Z,1.15481,1.15498,1.15402,1.15455,4208
2026-04-06T12:00:00Z,1.15455,1.15545,1.15426,1.15531,4121
2026-04-06T13:00:00Z,1.15534,1.15612,1.15492,1.15598,6750
2026-04-06T14:00:00Z,1.15601,1.15713,1.15424,1.15430,13659
2026-04-06T15:00:00Z,1.15430,1.15443,1.15353,1.15442,8966
2026-04-06T16:00:00Z,1.15441,1.15482,1.15423,1.15450,5142
2026-04-06T17:00:00Z,1.15450,1.15486,1.15341,1.15413,6249
2026-04-06T18:00:00Z,1.15412,1.15524,1.15394,1.15456,5770
2026-04-06T19:00:00Z,1.15458,1.15467,1.15405,1.15426,1779
2026-04-06T20:00:00Z,1.15428,1.15444,1.15401,1.15403,2559
2026-04-06T21:00:00Z,1.15401,1.15442,1.15368,1.15424,1195
2026-04-06T22:00:00Z,1.15425,1.15474,1.15419,1.15422,1101
2026-04-06T23:00:00Z,1.15423,1.15432,1.15386,1.15407,1052
2026-04-07T00:00:00Z,1.15407,1.15438,1.15366,1.15373,3523
2026-04-07T01:00:00Z,1.15373,1.15401,1.15271,1.15299,4111
2026-04-07T02:00:00Z,1.15301,1.15319,1.15239,1.15297,2640
2026-04-07T03:00:00Z,1.15296,1.15347,1.15286,1.15343,1659
2026-04-07T04:00:00Z,1.15344,1.15387,1.15328,1.15382,1877
2026-04-07T05:00:00Z,1.15381,1.15397,1.15299,1.15353,3260
2026-04-07T06:00:00Z,1.15355,1.15454,1.15324,1.15445,4513
2026-04-07T07:00:00Z,1.15446,1.15460,1.15366,1.15426,4700
2026-04-07T08:00:00Z,1.15424,1.15756,1.15419,1.15734,13251
2026-04-07T09:00:00Z,1.15735,1.15752,1.15621,1.15628,6297
2026-04-07T10:00:00Z,1.15627,1.15636,1.15456,1.15541,12288
2026-04-07T11:00:00Z,1.15541,1.15620,1.15480,1.15599,6670
2026-04-07T12:00:00Z,1.15600,1.15696,1.15538,1.15603,9852
2026-04-07T13:00:00Z,1.15604,1.15649,1.15558,1.15636,10544
2026-04-07T14:00:00Z,1.15635,1.15835,1.15584,1.15718,11997
2026-04-07T15:00:00Z,1.15718,1.15784,1.15658,1.15711,10900
2026-04-07T16:00:00Z,1.15711,1.15795,1.15696,1.15713,10499
2026-04-07T17:00:00Z,1.15713,1.15794,1.15663,1.15774,7915
2026-04-07T18:00:00Z,1.15774,1.15830,1.15712,1.15747,4807
2026-04-07T19:00:00Z,1.15746,1.16015,1.15728,1.15948,11867
2026-04-07T20:00:00Z,1.15949,1.16050,1.15923,1.15934,6044
2026-04-07T21:00:00Z,1.15935,1.16002,1.15910,1.15959,750
2026-04-07T22:00:00Z,1.15968,1.16693,1.15877,1.16680,12672
2026-04-07T23:00:00Z,1.16678,1.16902,1.16611,1.16862,15826
2026-04-08T00:00:00Z,1.16865,1.16968,1.16659,1.16717,16170
2026-04-08T01:00:00Z,1.16717,1.16881,1.16709,1.16753,10835
2026-04-08T02:00:00Z,1.16752,1.16822,1.16686,1.16736,7547
2026-04-08T03:00:00Z,1.16736,1.16758,1.16658,1.16705,5321
2026-04-08T04:00:00Z,1.16707,1.16810,1.16707,1.16762,5147
2026-04-08T05:00:00Z,1.16762,1.17085,1.16719,1.16913,8073
2026-04-08T06:00:00Z,1.16913,1.17080,1.16844,1.16961,11283
2026-04-08T07:00:00Z,1.16961,1.16999,1.16788,1.16954,11990
2026-04-08T08:00:00Z,1.16953,1.16991,1.16688,1.16810,11042
2026-04-08T09:00:00Z,1.16811,1.16893,1.16779,1.16794,8295
2026-04-08T10:00:00Z,1.16794,1.16924,1.16773,1.16902,6316
2026-04-08T11:00:00Z,1.16899,1.17102,1.16853,1.17001,9124
2026-04-08T12:00:00Z,1.17003,1.17179,1.16882,1.17141,12904
2026-04-08T13:00:00Z,1.17141,1.17217,1.16869,1.16943,16005
2026-04-08T14:00:00Z,1.16941,1.17034,1.16895,1.16942,16581
2026-04-08T15:00:00Z,1.16941,1.16964,1.16842,1.16861,11593
2026-04-08T16:00:00Z,1.16861,1.16885,1.16770,1.16817,9316
2026-04-08T17:00:00Z,1.16816,1.16853,1.16688,1.16746,6744
2026-04-08T18:00:00Z,1.16746,1.16800,1.16498,1.16502,10156
2026-04-08T19:00:00Z,1.16500,1.16703,1.16433,1.16678,8406
2026-04-08T20:00:00Z,1.16678,1.16693,1.16603,1.16624,3714
2026-04-08T21:00:00Z,1.16616,1.16666,1.16488,1.16655,780
2026-04-08T22:00:00Z,1.16651,1.16675,1.16597,1.16621,1624
2026-04-08T23:00:00Z,1.16621,1.16631,1.16574,1.16589,1245
2026-04-09T00:00:00Z,1.16591,1.16608,1.16528,1.16570,4655
2026-04-09T01:00:00Z,1.16570,1.16635,1.16503,1.16616,4481
2026-04-09T02:00:00Z,1.16619,1.16673,1.16590,1.16652,3288
2026-04-09T03:00:00Z,1.16651,1.16667,1.16603,1.16623,2656
2026-04-09T04:00:00Z,1.16623,1.16710,1.16618,1.16663,1763
2026-04-09T05:00:00Z,1.16664,1.16677,1.16590,1.16604,2899
2026-04-09T06:00:00Z,1.16606,1.16643,1.16541,1.16642,4587
2026-04-09T07:00:00Z,1.16642,1.16692,1.16554,1.16629,5438
2026-04-09T08:00:00Z,1.16630,1.16749,1.16595,1.16720,4003
2026-04-09T09:00:00Z,1.16719,1.16792,1.16684,1.16744,5111
2026-04-09T10:00:00Z,1.16744,1.16795,1.16710,1.16710,4184
2026-04-09T11:00:00Z,1.16708,1.16894,1.16693,1.16883,4631
2026-04-09T12:00:00Z,1.16884,1.16899,1.16789,1.16859,6656
2026-04-09T13:00:00Z,1.16860,1.16952,1.16810,1.16817,8505
2026-04-09T14:00:00Z,1.16816,1.16880,1.16742,1.16846,9411
2026-04-09T15:00:00Z,1.16845,1.17071,1.16775,1.17053,15543
2026-04-09T16:00:00Z,1.17053,1.17140,1.17021,1.17105,8601
2026-04-09T17:00:00Z,1.17108,1.17234,1.17100,1.17140,6029
2026-04-09T18:00:00Z,1.17140,1.17148,1.16973,1.16991,6560
2026-04-09T19:00:00Z,1.16991,1.17084,1.16979,1.17005,4533
2026-04-09T20:00:00Z,1.17007,1.17007,1.16953,1.16986,1779
2026-04-09T21:00:00Z,1.16988,1.17012,1.16945,1.17012,1573
2026-04-09T22:00:00Z,1.17011,1.17024,1.16923,1.16939,2217
2026-04-09T23:00:00Z,1.16937,1.16960,1.16900,1.16913,1190
2026-04-10T00:00:00Z,1.16913,1.16914,1.16853,1.16877,3163
2026-04-10T01:00:00Z,1.16879,1.16945,1.16860,1.16923,2823
2026-04-10T02:00:00Z,1.16923,1.16941,1.16867,1.16908,2013
2026-04-10T03:00:00Z,1.16905,1.16965,1.16897,1.16955,1517
2026-04-10T04:00:00Z,1.16957,1.16966,1.16910,1.16919,1452
2026-04-10T05:00:00Z,1.16919,1.16926,1.16875,1.16899,1807
2026-04-10T06:00:00Z,1.16898,1.16936,1.16831,1.16842,3535
2026-04-10T07:00:00Z,1.16843,1.16896,1.16787,1.16797,4260
2026-04-10T08:00:00Z,1.16797,1.16897,1.16773,1.16857,3560
2026-04-10T09:00:00Z,1.16863,1.17109,1.16846,1.17102,8986
2026-04-10T10:00:00Z,1.17103,1.17158,1.17057,1.17127,4477
2026-04-10T11:00:00Z,1.17128,1.17187,1.17107,1.17138,3751
2026-04-10T12:00:00Z,1.17139,1.17256,1.17095,1.17207,8422
2026-04-10T13:00:00Z,1.17208,1.17347,1.17185,1.17275,8871
2026-04-10T14:00:00Z,1.17272,1.17381,1.17202,1.17277,11930
2026-04-10T15:00:00Z,1.17276,1.17392,1.17216,1.17222,8868
2026-04-10T16:00:00Z,1.17222,1.17253,1.17136,1.17203,6780
2026-04-10T17:00:00Z,1.17204,1.17259,1.17189,1.17233,3985
2026-04-10T18:00:00Z,1.17230,1.17354,1.17188,1.17315,4000
2026-04-10T19:00:00Z,1.17315,1.17325,1.17272,1.17273,2903
2026-04-10T20:00:00Z,1.17272,1.17307,1.17216,1.17216,2854
