timestamp,open,high,low,close,volume
2024-12-05T20:00:00Z,1.27558,1.27614,1.27494,1.27598,6492
2024-12-06T00:00:00Z,1.27600,1.27603,1.27394,1.27504,20851
2024-12-06T04:00:00Z,1.27506,1.27650,1.27407,1.27634,17309
2024-12-06T08:00:00Z,1.27635,1.27741,1.27493,1.27702,17838
2024-12-06T12:00:00Z,1.27703,1.28110,1.27277,1.27434,57842
2024-12-06T16:00:00Z,1.27435,1.27554,1.27206,1.27351,23336
2024-12-06T20:00:00Z,1.27357,1.27428,1.27342,1.27369,7486
2024-12-08T20:00:00Z,1.27282,1.27508,1.27282,1.27478,5046
2024-12-09T00:00:00Z,1.27476,1.27480,1.27225,1.27231,25421
2024-12-09T04:00:00Z,1.27231,1.27628,1.27167,1.27622,23184
2024-12-09T08:00:00Z,1.27625,1.27830,1.27554,1.27648,25581
2024-12-09T12:00:00Z,1.27648,1.27980,1.27511,1.27952,33770
2024-12-09T16:00:00Z,1.27953,1.27986,1.27482,1.27534,20424
2024-12-09T20:00:00Z,1.27534,1.27561,1.27414,1.27481,10872
2024-12-10T00:00:00Z,1.27482,1.27534,1.27350,1.27471,21212
2024-12-10T04:00:00Z,1.27473,1.27631,1.27398,1.27406,20923
2024-12-10T08:00:00Z,1.27407,1.27656,1.27366,1.27588,25633
2024-12-10T12:00:00Z,1.27589,1.27623,1.27237,1.27380,34892
2024-12-10T16:00:00Z,1.27381,1.27774,1.27358,1.27731,23357
2024-12-10T20:00:00Z,1.27730,1.27792,1.27667,1.27791,10782
2024-12-11T00:00:00Z,1.27791,1.27813,1.27710,1.27730,20321
2024-12-11T04:00:00Z,1.27730,1.27741,1.27303,1.27329,24721
2024-12-11T08:00:00Z,1.27329,1.27559,1.27128,1.27358,29604
2024-12-11T12:00:00Z,1.27358,1.27812,1.27323,1.27432,51179
2024-12-11T16:00:00Z,1.27432,1.27659,1.27324,1.27448,23010
2024-12-11T20:00:00Z,1.27449,1.27649,1.27420,1.27649,11556
2024-12-12T00:00:00Z,1.27661,1.27712,1.27607,1.27654,20828
2024-12-12T04:00:00Z,1.27654,1.27876,1.27606,1.27625,22338
2024-12-12T08:00:00Z,1.27624,1.27677,1.27360,1.27397,23870
2024-12-12T12:00:00Z,1.27398,1.27435,1.26708,1.26891,54381
2024-12-12T16:00:00Z,1.26891,1.27193,1.26697,1.26702,35738
2024-12-12T20:00:00Z,1.26702,1.26779,1.26662,1.26764,15794
2024-12-13T00:00:00Z,1.26762,1.26790,1.26593,1.26608,22267
2024-12-13T04:00:00Z,1.26606,1.26650,1.26183,1.26264,19628
2024-12-13T08:00:00Z,1.26262,1.26540,1.26202,1.26442,17012
2024-12-13T12:00:00Z,1.26441,1.26678,1.26079,1.26140,33074
2024-12-13T16:00:00Z,1.26140,1.26349,1.26120,1.26163,22439
2024-12-13T20:00:00Z,1.26166,1.26240,1.26131,1.26143,6102
2024-12-15T20:00:00Z,1.26107,1.26269,1.26082,1.26260,6487
2024-12-16T00:00:00Z,1.26259,1.26392,1.26259,1.26324,12547
2024-12-16T04:00:00Z,1.26323,1.26413,1.26308,1.26323,14143
2024-12-16T08:00:00Z,1.26322,1.26714,1.26293,1.26480,18354
2024-12-16T12:00:00Z,1.26479,1.26919,1.26351,1.26903,26503
2024-12-16T16:00:00Z,1.26902,1.26986,1.26772,1.26836,22020
2024-12-16T20:00:00Z,1.26836,1.26917,1.26784,1.26897,8313
2024-12-17T00:00:00Z,1.26896,1.26980,1.26819,1.26826,12237
2024-12-17T04:00:00Z,1.26826,1.27065,1.26657,1.26984,17342
2024-12-17T08:00:00Z,1.26983,1.27060,1.26704,1.26990,23158
2024-12-17T12:00:00Z,1.26988,1.27157,1.26836,1.27099,27966
2024-12-17T16:00:00Z,1.27095,1.27284,1.27023,1.27099,18335
2024-12-17T20:00:00Z,1.27099,1.27147,1.27025,1.27098,8139
2024-12-18T00:00:00Z,1.27099,1.27131,1.26961,1.26968,12287
2024-12-18T04:00:00Z,1.26968,1.27258,1.26845,1.26913,15785
2024-12-18T08:00:00Z,1.26915,1.27220,1.26794,1.27067,22801
2024-12-18T12:00:00Z,1.27067,1.27205,1.26848,1.26924,29487
2024-12-18T16:00:00Z,1.26920,1.27181,1.25918,1.25939,52210
2024-12-18T20:00:00Z,1.25938,1.26002,1.25618,1.25667,40388
2024-12-19T00:00:00Z,1.25668,1.25965,1.25668,1.25872,37426
2024-12-19T04:00:00Z,1.25872,1.26146,1.25812,1.26133,24252
2024-12-19T08:00:00Z,1.26130,1.26666,1.26054,1.26293,33002
2024-12-19T12:00:00Z,1.26285,1.26295,1.25447,1.25502,46195
2024-12-19T16:00:00Z,1.25500,1.25629,1.25029,1.25042,35749
2024-12-19T20:00:00Z,1.25041,1.25115,1.24947,1.24967,11840
2024-12-20T00:00:00Z,1.24966,1.25017,1.24748,1.24801,19275
2024-12-20T04:00:00Z,1.24803,1.25109,1.24770,1.25029,24297
2024-12-20T08:00:00Z,1.25031,1.25202,1.24914,1.25057,24966
2024-12-20T12:00:00Z,1.25057,1.25604,1.25024,1.25402,37767
2024-12-20T16:00:00Z,1.25401,1.26140,1.25375,1.25981,34523
2024-12-20T20:00:00Z,1.25981,1.26031,1.25624,1.25636,12514
2024-12-22T20:00:00Z,1.25603,1.25742,1.25574,1.25701,9291
2024-12-23T00:00:00Z,1.25701,1.25877,1.25697,1.25779,15499
2024-12-23T04:00:00Z,1.25777,1.25841,1.25552,1.25583,12689
2024-12-23T08:00:00Z,1.25584,1.25829,1.25290,1.25324,19118
2024-12-23T12:00:00Z,1.25325,1.25382,1.25121,1.25177,30277
2024-12-23T16:00:00Z,1.25176,1.25365,1.25094,1.25348,24084
2024-12-23T20:00:00Z,1.25347,1.25386,1.25285,1.25321,10740
2024-12-24T00:00:00Z,1.25322,1.25416,1.25252,1.25310,14380
2024-12-24T04:00:00Z,1.25310,1.25402,1.25306,1.25319,10976
2024-12-24T08:00:00Z,1.25319,1.25447,1.25262,1.25331,12573
2024-12-24T12:00:00Z,1.25331,1.25745,1.25309,1.25391,28578
2024-12-24T16:00:00Z,1.25392,1.25432,1.25184,1.25282,20188
2024-12-24T20:00:00Z,1.25291,1.25492,1.25145,1.25184,3508
2024-12-25T00:00:00Z,1.25185,1.25504,1.25184,1.25348,178
2024-12-25T04:00:00Z,1.25364,1.25559,1.25298,1.25390,128
2024-12-25T20:00:00Z,1.25482,1.25527,1.25239,1.25428,6395
2024-12-26T00:00:00Z,1.25426,1.25480,1.25371,1.25459,16546
2024-12-26T04:00:00Z,1.25459,1.25473,1.25216,1.25303,13158
2024-12-26T08:00:00Z,1.25302,1.25344,1.25235,1.25306,9996
2024-12-26T12:00:00Z,1.25305,1.25305,1.25005,1.25099,34146
2024-12-26T16:00:00Z,1.25101,1.25363,1.25085,1.25247,25839
2024-12-26T20:00:00Z,1.25247,1.25318,1.25160,1.25273,12628
2024-12-27T00:00:00Z,1.25273,1.25303,1.25181,1.25256,19483
2024-12-27T04:00:00Z,1.25260,1.25320,1.25177,1.25297,15607
2024-12-27T08:00:00Z,1.25295,1.25558,1.25046,1.25516,31370
2024-12-27T12:00:00Z,1.25517,1.25922,1.25484,1.25765,41745
2024-12-27T16:00:00Z,1.25767,1.25913,1.25549,1.25812,35435
2024-12-27T20:00:00Z,1.25810,1.25814,1.25714,1.25714,13075
2024-12-29T20:00:00Z,1.25706,1.25876,1.25615,1.25775,4430
2024-12-30T00:00:00Z,1.25775,1.25835,1.25722,1.25793,12722
2024-12-30T04:00:00Z,1.25793,1.25886,1.25705,1.25796,13805
2024-12-30T08:00:00Z,1.25798,1.26071,1.25613,1.25980,17052
2024-12-30T12:00:00Z,1.25981,1.26058,1.25057,1.25121,35221
2024-12-30T16:00:00Z,1.25121,1.25585,1.25072,1.25434,24027
2024-12-30T20:00:00Z,1.25433,1.25538,1.25251,1.25477,10044
2024-12-31T00:00:00Z,1.25478,1.25597,1.25375,1.25513,12535
2024-12-31T04:00:00Z,1.25514,1.25651,1.25412,1.25614,10045
2024-12-31T08:00:00Z,1.25615,1.25690,1.25320,1.25388,18461
2024-12-31T12:00:00Z,1.25391,1.25539,1.25187,1.25275,38563
2024-12-31T16:00:00Z,1.25275,1.25331,1.25052,1.25094,23519
2024-12-31T20:00:00Z,1.25094,1.25272,1.25092,1.25107,4562
2025-01-01T20:00:00Z,1.25134,1.25194,1.25059,1.25193,9415
2025-01-02T00:00:00Z,1.25190,1.25364,1.25089,1.25362,22226
2025-01-02T04:00:00Z,1.25363,1.25402,1.25201,1.25213,10862
2025-01-02T08:00:00Z,1.25213,1.25236,1.24348,1.24531,29665
2025-01-02T12:00:00Z,1.24533,1.24568,1.23699,1.23746,39927
2025-01-02T16:00:00Z,1.23747,1.23802,1.23521,1.23685,31598
2025-01-02T20:00:00Z,1.23686,1.23848,1.23685,1.23793,10812
2025-01-03T00:00:00Z,1.23792,1.23957,1.23779,1.23936,11537
2025-01-03T04:00:00Z,1.23935,1.24063,1.23856,1.23994,15170
2025-01-03T08:00:00Z,1.23995,1.24166,1.23861,1.24065,16818
2025-01-03T12:00:00Z,1.24065,1.24169,1.23877,1.24043,28840
2025-01-03T16:00:00Z,1.24043,1.24338,1.24022,1.24273,18671
2025-01-03T20:00:00Z,1.24272,1.24338,1.24168,1.24168,5567
2025-01-05T20:00:00Z,1.24110,1.24335,1.24110,1.24241,5165
2025-01-06T00:00:00Z,1.24242,1.24423,1.24172,1.24353,19216
2025-01-06T04:00:00Z,1.24353,1.24565,1.24316,1.24523,12838
2025-01-06T08:00:00Z,1.24523,1.25474,1.24521,1.25432,43604
2025-01-06T12:00:00Z,1.25431,1.25507,1.24680,1.25078,62668
2025-01-06T16:00:00Z,1.25078,1.25347,1.25010,1.25122,22579
2025-01-06T20:00:00Z,1.25120,1.25232,1.25090,1.25095,6807
2025-01-07T00:00:00Z,1.25098,1.25328,1.25035,1.25324,12539
2025-01-07T04:00:00Z,1.25326,1.25625,1.25288,1.25520,13397
2025-01-07T08:00:00Z,1.25522,1.25756,1.25314,1.25394,29554
2025-01-07T12:00:00Z,1.25392,1.25478,1.24796,1.24968,80780
2025-01-07T16:00:00Z,1.24970,1.25068,1.24831,1.24900,54387
2025-01-07T20:00:00Z,1.24900,1.24902,1.24723,1.24754,7532
2025-01-08T00:00:00Z,1.24756,1.24879,1.24753,1.24782,12832
2025-01-08T04:00:00Z,1.24781,1.24939,1.24631,1.24683,13897
2025-01-08T08:00:00Z,1.24682,1.24712,1.23243,1.23717,41398
2025-01-08T12:00:00Z,1.23720,1.23734,1.23205,1.23428,57496
2025-01-08T16:00:00Z,1.23428,1.23770,1.23336,1.23569,28236
2025-01-08T20:00:00Z,1.23569,1.23662,1.23510,1.23582,8709
2025-01-09T00:00:00Z,1.23582,1.23649,1.23427,1.23438,12511
2025-01-09T04:00:00Z,1.23437,1.23445,1.22517,1.22584,29790
2025-01-09T08:00:00Z,1.22585,1.23040,1.22379,1.22883,48413
2025-01-09T12:00:00Z,1.22882,1.23229,1.22700,1.23026,32850
2025-01-09T16:00:00Z,1.23026,1.23130,1.22866,1.23085,13923
2025-01-09T20:00:00Z,1.23085,1.23149,1.22976,1.22980,10572
2025-01-10T00:00:00Z,1.22980,1.23081,1.22938,1.23005,16977
2025-01-10T04:00:00Z,1.23004,1.23033,1.22666,1.22902,19309
2025-01-10T08:00:00Z,1.22903,1.23079,1.22833,1.23023,23854
2025-01-10T12:00:00Z,1.23021,1.23214,1.21912,1.22293,78801
2025-01-10T16:00:00Z,1.22294,1.22314,1.21946,1.22098,36376
2025-01-10T20:00:00Z,1.22099,1.22137,1.22018,1.22044,6743
2025-01-12T20:00:00Z,1.21974,1.22100,1.21974,1.22034,3969
2025-01-13T00:00:00Z,1.22034,1.22068,1.21373,1.21422,21465
2025-01-13T04:00:00Z,1.21431,1.21598,1.21227,1.21379,21390
2025-01-13T08:00:00Z,1.21379,1.21711,1.21012,1.21099,39991
2025-01-13T12:00:00Z,1.21097,1.21596,1.20992,1.21510,41437
2025-01-13T16:00:00Z,1.21512,1.21830,1.21423,1.21667,23279
2025-01-13T20:00:00Z,1.21668,1.22498,1.21651,1.22315,13822
2025-01-14T00:00:00Z,1.22315,1.22315,1.21915,1.22087,22309
2025-01-14T04:00:00Z,1.22088,1.22286,1.21969,1.22100,21651
2025-01-14T08:00:00Z,1.22097,1.22457,1.21699,1.21764,31636
2025-01-14T12:00:00Z,1.21762,1.22021,1.21381,1.21999,48023
2025-01-14T16:00:00Z,1.21998,1.22124,1.21678,1.21991,24334
2025-01-14T20:00:00Z,1.21992,1.22162,1.21943,1.22104,8731
2025-01-15T00:00:00Z,1.22103,1.22103,1.21919,1.22031,15154
2025-01-15T04:00:00Z,1.22030,1.22407,1.21592,1.22336,22545
2025-01-15T08:00:00Z,1.22342,1.22398,1.22001,1.22243,23357
2025-01-15T12:00:00Z,1.22239,1.23059,1.22010,1.22575,54233
2025-01-15T16:00:00Z,1.22576,1.22587,1.21929,1.22302,28572
2025-01-15T20:00:00Z,1.22302,1.22446,1.22288,1.22419,6240
2025-01-16T00:00:00Z,1.22418,1.22478,1.22191,1.22259,22895
2025-01-16T04:00:00Z,1.22257,1.22308,1.21995,1.22185,19474
2025-01-16T08:00:00Z,1.22185,1.22229,1.21893,1.22094,24821
2025-01-16T12:00:00Z,1.22095,1.22381,1.21743,1.22340,48205
2025-01-16T16:00:00Z,1.22342,1.22599,1.22165,1.22349,30655
2025-01-16T20:00:00Z,1.22344,1.22415,1.22270,1.22337,10270
2025-01-17T00:00:00Z,1.22337,1.22440,1.22288,1.22326,13426
2025-01-17T04:00:00Z,1.22327,1.22340,1.21604,1.21739,21828
2025-01-17T08:00:00Z,1.21742,1.22164,1.21742,1.21958,22943
2025-01-17T12:00:00Z,1.21958,1.22276,1.21607,1.21976,40995
2025-01-17T16:00:00Z,1.21975,1.21984,1.21644,1.21678,21333
2025-01-17T20:00:00Z,1.21678,1.21745,1.21583,1.21583,6812
2025-01-19T20:00:00Z,1.21706,1.21761,1.21603,1.21747,4308
2025-01-20T00:00:00Z,1.21748,1.22052,1.21745,1.22045,16677
2025-01-20T04:00:00Z,1.22044,1.22215,1.22002,1.22153,12683
2025-01-20T08:00:00Z,1.22151,1.22192,1.21651,1.22058,24440
2025-01-20T12:00:00Z,1.22059,1.23260,1.21829,1.22921,54609
2025-01-20T16:00:00Z,1.22923,1.23376,1.22557,1.23349,22914
2025-01-20T20:00:00Z,1.23348,1.23442,1.23166,1.23312,13050
2025-01-21T00:00:00Z,1.23319,1.23446,1.22472,1.22945,50528
2025-01-21T04:00:00Z,1.22945,1.23086,1.22528,1.22668,20814
2025-01-21T08:00:00Z,1.22665,1.22690,1.22288,1.22356,32064
2025-01-21T12:00:00Z,1.22357,1.23128,1.22326,1.22992,45705
2025-01-21T16:00:00Z,1.22991,1.23394,1.22964,1.23273,23499
2025-01-21T20:00:00Z,1.23273,1.23598,1.23217,1.23377,11053
2025-01-22T00:00:00Z,1.23376,1.23534,1.23281,1.23318,14610
2025-01-22T04:00:00Z,1.23320,1.23476,1.23111,1.23184,16706
2025-01-22T08:00:00Z,1.23184,1.23756,1.23161,1.23557,32464
2025-01-22T12:00:00Z,1.23556,1.23686,1.23117,1.23181,33882
2025-01-22T16:00:00Z,1.23178,1.23309,1.23070,1.23253,36172
2025-01-22T20:00:00Z,1.23250,1.23291,1.23065,1.23134,7493
2025-01-23T00:00:00Z,1.23134,1.23230,1.23016,1.23145,27089
2025-01-23T04:00:00Z,1.23145,1.23208,1.22946,1.23048,25376
2025-01-23T08:00:00Z,1.23047,1.23304,1.22930,1.23079,35161
2025-01-23T12:00:00Z,1.23078,1.23359,1.22997,1.23229,51116
2025-01-23T16:00:00Z,1.23231,1.23751,1.22996,1.23592,52099
2025-01-23T20:00:00Z,1.23590,1.23655,1.23464,1.23538,12424
2025-01-24T00:00:00Z,1.23537,1.24037,1.23480,1.23930,36768
2025-01-24T04:00:00Z,1.23930,1.24183,1.23762,1.23864,40524
2025-01-24T08:00:00Z,1.23865,1.24474,1.23833,1.24147,39034
2025-01-24T12:00:00Z,1.24147,1.24856,1.24000,1.24832,41163
2025-01-24T16:00:00Z,1.24830,1.25016,1.24785,1.24827,31550
2025-01-24T20:00:00Z,1.24824,1.24890,1.24756,1.24757,6396
2025-01-26T20:00:00Z,1.24668,1.24725,1.24557,1.24574,5830
2025-01-27T00:00:00Z,1.24574,1.24646,1.24417,1.24550,36368
2025-01-27T04:00:00Z,1.24552,1.24603,1.24288,1.24289,34688
2025-01-27T08:00:00Z,1.24286,1.25145,1.24255,1.24964,38616
2025-01-27T12:00:00Z,1.24964,1.25229,1.24689,1.24731,54586
2025-01-27T16:00:00Z,1.24732,1.24900,1.24668,1.24895,31456
2025-01-27T20:00:00Z,1.24896,1.25000,1.24359,1.24506,28087
2025-01-28T00:00:00Z,1.24506,1.24650,1.24385,1.24404,42783
2025-01-28T04:00:00Z,1.24406,1.24529,1.24257,1.24368,22033
2025-01-28T08:00:00Z,1.24371,1.24554,1.24248,1.24256,34016
2025-01-28T12:00:00Z,1.24257,1.24468,1.24141,1.24319,41452
2025-01-28T16:00:00Z,1.24320,1.24445,1.24215,1.24434,25836
2025-01-28T20:00:00Z,1.24436,1.24451,1.24350,1.24406,10961
2025-01-29T00:00:00Z,1.24406,1.24503,1.24339,1.24476,24857
2025-01-29T04:00:00Z,1.24473,1.24631,1.24456,1.24481,22728
2025-01-29T08:00:00Z,1.24488,1.24571,1.24100,1.24188,27872
2025-01-29T12:00:00Z,1.24190,1.24454,1.23929,1.24333,40026
2025-01-29T16:00:00Z,1.24335,1.24577,1.24119,1.24442,55258
2025-01-29T20:00:00Z,1.24437,1.24585,1.24303,1.24542,24413
2025-01-30T00:00:00Z,1.24541,1.24595,1.24445,1.24511,20035
2025-01-30T04:00:00Z,1.24513,1.24539,1.24315,1.24517,22939
2025-01-30T08:00:00Z,1.24518,1.24623,1.24247,1.24271,39286
2025-01-30T12:00:00Z,1.24272,1.24765,1.24243,1.24667,55358
2025-01-30T16:00:00Z,1.24667,1.24713,1.24350,1.24588,17435
2025-01-30T20:00:00Z,1.24588,1.24640,1.24074,1.24216,21996
2025-01-31T00:00:00Z,1.24218,1.24307,1.24065,1.24168,23924
2025-01-31T04:00:00Z,1.24168,1.24393,1.24136,1.24349,26246
2025-01-31T08:00:00Z,1.24348,1.24380,1.24005,1.24088,39198
2025-01-31T12:00:00Z,1.24088,1.24312,1.23873,1.24250,42420
2025-01-31T16:00:00Z,1.24249,1.24715,1.23856,1.24002,55047
2025-01-31T20:00:00Z,1.24001,1.24107,1.23860,1.23919,19486
2025-02-02T20:00:00Z,1.22855,1.23232,1.22825,1.22895,14532
2025-02-03T00:00:00Z,1.22896,1.23123,1.22491,1.22623,46804
2025-02-03T04:00:00Z,1.22623,1.22998,1.22488,1.22837,32279
2025-02-03T08:00:00Z,1.22837,1.23226,1.22725,1.23190,32544
2025-02-03T12:00:00Z,1.23192,1.24348,1.23167,1.24120,81378
2025-02-03T16:00:00Z,1.24121,1.24361,1.23807,1.23932,68438
2025-02-03T20:00:00Z,1.23948,1.24547,1.23924,1.24333,16521
2025-02-04T00:00:00Z,1.24331,1.24368,1.24088,1.24136,26727
2025-02-04T04:00:00Z,1.24136,1.24207,1.23785,1.24149,28142
2025-02-04T08:00:00Z,1.24148,1.24366,1.24022,1.24038,32849
2025-02-04T12:00:00Z,1.24038,1.24853,1.23954,1.24760,45073
2025-02-04T16:00:00Z,1.24760,1.24929,1.24705,1.24817,28643
2025-02-04T20:00:00Z,1.24820,1.24903,1.24745,1.24748,10903
2025-02-05T00:00:00Z,1.24750,1.24895,1.24682,1.24743,24316
2025-02-05T04:00:00Z,1.24743,1.25060,1.24630,1.25010,24737
2025-02-05T08:00:00Z,1.25007,1.25496,1.24878,1.25314,37436
2025-02-05T12:00:00Z,1.25312,1.25444,1.25014,1.25178,37178
2025-02-05T16:00:00Z,1.25178,1.25233,1.25028,1.25051,20512
2025-02-05T20:00:00Z,1.25052,1.25066,1.24975,1.25008,7567
2025-02-06T00:00:00Z,1.25007,1.25090,1.24891,1.24944,16037
2025-02-06T04:00:00Z,1.24942,1.24964,1.24708,1.24734,20271
2025-02-06T08:00:00Z,1.24734,1.24747,1.24066,1.24213,32492
2025-02-06T12:00:00Z,1.24211,1.24295,1.23598,1.24135,43367
2025-02-06T16:00:00Z,1.24137,1.24553,1.24135,1.24354,23947
2025-02-06T20:00:00Z,1.24354,1.24408,1.24293,1.24339,7628
2025-02-07T00:00:00Z,1.24338,1.24427,1.24221,1.24279,13846
2025-02-07T04:00:00Z,1.24281,1.24454,1.24189,1.24410,18863
2025-02-07T08:00:00Z,1.24410,1.24683,1.24393,1.24531,22139
2025-02-07T12:00:00Z,1.24531,1.24932,1.23913,1.24239,54820
2025-02-07T16:00:00Z,1.24241,1.24251,1.23758,1.24132,46944
2025-02-07T20:00:00Z,1.24132,1.24164,1.23965,1.23965,6845
2025-02-09T20:00:00Z,1.23694,1.23942,1.23623,1.23889,6403
2025-02-10T00:00:00Z,1.23890,1.24001,1.23794,1.23961,22068
2025-02-10T04:00:00Z,1.23962,1.24142,1.23948,1.24042,20831
2025-02-10T08:00:00Z,1.24040,1.24219,1.23908,1.24017,25322
2025-02-10T12:00:00Z,1.24017,1.24036,1.23712,1.23890,31290
2025-02-10T16:00:00Z,1.23890,1.23936,1.23638,1.23666,17579
2025-02-10T20:00:00Z,1.23666,1.23700,1.23539,1.23595,10741
2025-02-11T00:00:00Z,1.23596,1.23649,1.23447,1.23531,16590
2025-02-11T04:00:00Z,1.23531,1.23657,1.23384,1.23391,22239
2025-02-11T08:00:00Z,1.23392,1.23776,1.23321,1.23660,22364
2025-02-11T12:00:00Z,1.23661,1.24168,1.23587,1.24048,25779
2025-02-11T16:00:00Z,1.24049,1.24544,1.24041,1.24381,16728
2025-02-11T20:00:00Z,1.24381,1.24515,1.24291,1.24510,7880
2025-02-12T00:00:00Z,1.24510,1.24583,1.24376,1.24504,19106
2025-02-12T04:00:00Z,1.24501,1.24604,1.24403,1.24569,19182
2025-02-12T08:00:00Z,1.24568,1.24652,1.24348,1.24560,24128
2025-02-12T12:00:00Z,1.24561,1.24589,1.23734,1.24339,45155
2025-02-12T16:00:00Z,1.24338,1.24831,1.24019,1.24458,30864
2025-02-12T20:00:00Z,1.24460,1.24519,1.24327,1.24502,6580
2025-02-13T00:00:00Z,1.24507,1.24796,1.24420,1.24766,23613
2025-02-13T04:00:00Z,1.24767,1.25170,1.24759,1.25092,29406
2025-02-13T08:00:00Z,1.25089,1.25105,1.24693,1.24750,30235
2025-02-13T12:00:00Z,1.24751,1.25255,1.24525,1.25230,44108
2025-02-13T16:00:00Z,1.25231,1.25437,1.24765,1.25366,36690
2025-02-13T20:00:00Z,1.25367,1.25692,1.25342,1.25644,13358
2025-02-14T00:00:00Z,1.25648,1.25718,1.25550,1.25579,18788
2025-02-14T04:00:00Z,1.25581,1.25747,1.25493,1.25628,25823
2025-02-14T08:00:00Z,1.25626,1.25957,1.25626,1.25813,24272
2025-02-14T12:00:00Z,1.25814,1.26299,1.25717,1.26173,22355
2025-02-14T16:00:00Z,1.26172,1.26215,1.25931,1.25949,8306
2025-02-14T20:00:00Z,1.25948,1.25948,1.25819,1.25832,2221
2025-02-16T20:00:00Z,1.25837,1.25880,1.25778,1.25838,2569
2025-02-17T00:00:00Z,1.25839,1.26002,1.25789,1.25911,7900
2025-02-17T04:00:00Z,1.25912,1.25989,1.25830,1.25950,7157
2025-02-17T08:00:00Z,1.25952,1.26065,1.25831,1.26017,7816
2025-02-17T12:00:00Z,1.26019,1.26078,1.25850,1.26061,5936
2025-02-17T16:00:00Z,1.26062,1.26346,1.26032,1.26272,2723
2025-02-17T20:00:00Z,1.26271,1.26289,1.26160,1.26204,2472
2025-02-18T00:00:00Z,1.26207,1.26218,1.25996,1.26028,7930
2025-02-18T04:00:00Z,1.26027,1.26218,1.25927,1.26143,6705
2025-02-18T08:00:00Z,1.26140,1.26228,1.25912,1.26003,7660
2025-02-18T12:00:00Z,1.26004,1.26204,1.25817,1.26150,14310
2025-02-18T16:00:00Z,1.26147,1.26189,1.25926,1.25976,7620
2025-02-18T20:00:00Z,1.25974,1.26398,1.25937,1.26243,7906
2025-02-19T00:00:00Z,1.26242,1.26275,1.26068,1.26154,12388
2025-02-19T04:00:00Z,1.26155,1.26359,1.26100,1.26178,7431
2025-02-19T08:00:00Z,1.26180,1.26293,1.25749,1.25839,11334
2025-02-19T12:00:00Z,1.25838,1.26063,1.25773,1.25892,34828
2025-02-19T16:00:00Z,1.25891,1.25901,1.25631,1.25838,17558
2025-02-19T20:00:00Z,1.25837,1.25877,1.25773,1.25830,6900
2025-02-20T00:00:00Z,1.25829,1.25947,1.25800,1.25920,23614
2025-02-20T04:00:00Z,1.25920,1.26020,1.25886,1.25949,21355
2025-02-20T08:00:00Z,1.25949,1.26194,1.25947,1.26086,19913
2025-02-20T12:00:00Z,1.26087,1.26432,1.25969,1.26402,28671
2025-02-20T16:00:00Z,1.26400,1.26704,1.26315,1.26695,20226
2025-02-20T20:00:00Z,1.26692,1.26738,1.26587,1.26687,7453
2025-02-21T00:00:00Z,1.26691,1.26741,1.26535,1.26696,21781
2025-02-21T04:00:00Z,1.26698,1.26784,1.26564,1.26692,21896
2025-02-21T08:00:00Z,1.26690,1.26706,1.26419,1.26447,15585
2025-02-21T12:00:00Z,1.26450,1.26671,1.26297,1.26379,30015
2025-02-21T16:00:00Z,1.26379,1.26494,1.26246,1.26311,25440
2025-02-21T20:00:00Z,1.26309,1.26362,1.26265,1.26274,5928
2025-02-23T20:00:00Z,1.26260,1.26576,1.26260,1.26484,2497
2025-02-24T00:00:00Z,1.26483,1.26902,1.26437,1.26807,30921
2025-02-24T04:00:00Z,1.26807,1.26820,1.26379,1.26440,21132
2025-02-24T08:00:00Z,1.26442,1.26573,1.26254,1.26394,23536
2025-02-24T12:00:00Z,1.26393,1.26503,1.26117,1.26200,27998
2025-02-24T16:00:00Z,1.26200,1.26505,1.26173,1.26323,21829
2025-02-24T20:00:00Z,1.26322,1.26365,1.26152,1.26165,12526
2025-02-25T00:00:00Z,1.26166,1.26359,1.26164,1.26320,22650
2025-02-25T04:00:00Z,1.26320,1.26387,1.26107,1.26124,18194
2025-02-25T08:00:00Z,1.26125,1.26533,1.26054,1.26533,22766
2025-02-25T12:00:00Z,1.26529,1.26776,1.26471,1.26539,30534
2025-02-25T16:00:00Z,1.26539,1.26746,1.26402,1.26692,28597
2025-02-25T20:00:00Z,1.26693,1.26771,1.26582,1.26714,9344
2025-02-26T00:00:00Z,1.26712,1.26773,1.26482,1.26494,21273
2025-02-26T04:00:00Z,1.26493,1.26569,1.26350,1.26478,23275
2025-02-26T08:00:00Z,1.26479,1.26642,1.26395,1.26481,23758
2025-02-26T12:00:00Z,1.26480,1.26985,1.26409,1.26944,29459
2025-02-26T16:00:00Z,1.26945,1.27153,1.26720,1.26837,39707
2025-02-26T20:00:00Z,1.26839,1.26841,1.26678,1.26803,10450
2025-02-27T00:00:00Z,1.26801,1.26801,1.26559,1.26562,29725
2025-02-27T04:00:00Z,1.26565,1.26709,1.26499,1.26661,25634
2025-02-27T08:00:00Z,1.26662,1.26885,1.26636,1.26722,18768
2025-02-27T12:00:00Z,1.26723,1.26876,1.26218,1.26274,46703
2025-02-27T16:00:00Z,1.26276,1.26339,1.26048,1.26078,29087
2025-02-27T20:00:00Z,1.26076,1.26124,1.25955,1.25959,11065
2025-02-28T00:00:00Z,1.25961,1.26100,1.25815,1.25841,23419
2025-02-28T04:00:00Z,1.25842,1.25955,1.25724,1.25879,22385
2025-02-28T08:00:00Z,1.25879,1.26066,1.25833,1.25949,14476
2025-02-28T12:00:00Z,1.25949,1.26214,1.25824,1.25918,27726
2025-02-28T16:00:00Z,1.25922,1.26043,1.25589,1.25713,25899
2025-02-28T20:00:00Z,1.25719,1.25834,1.25681,1.25744,8878
2025-03-02T20:00:00Z,1.25800,1.26082,1.25779,1.26021,7653
2025-03-03T00:00:00Z,1.26021,1.26135,1.25941,1.26020,32933
2025-03-03T04:00:00Z,1.26019,1.26074,1.25904,1.26008,24674
2025-03-03T08:00:00Z,1.26010,1.26627,1.25819,1.26602,22419
2025-03-03T12:00:00Z,1.26602,1.27139,1.26597,1.26987,34816
2025-03-03T16:00:00Z,1.26988,1.27235,1.26868,1.26904,24221
2025-03-03T20:00:00Z,1.26905,1.27091,1.26794,1.27011,14998
2025-03-04T00:00:00Z,1.27012,1.27085,1.26842,1.26872,25596
2025-03-04T04:00:00Z,1.26874,1.27087,1.26783,1.27037,24815
2025-03-04T08:00:00Z,1.27036,1.27413,1.26924,1.27404,29843
2025-03-04T12:00:00Z,1.27404,1.27535,1.26992,1.27159,42054
2025-03-04T16:00:00Z,1.27156,1.27885,1.27038,1.27872,35897
2025-03-04T20:00:00Z,1.27870,1.27993,1.27830,1.27950,15734
2025-03-05T00:00:00Z,1.27950,1.27955,1.27671,1.27863,41422
2025-03-05T04:00:00Z,1.27862,1.28214,1.27851,1.28205,33195
2025-03-05T08:00:00Z,1.28203,1.28542,1.28151,1.28233,25736
2025-03-05T12:00:00Z,1.28233,1.28729,1.28035,1.28667,42630
2025-03-05T16:00:00Z,1.28666,1.28976,1.28545,1.28966,38828
2025-03-05T20:00:00Z,1.28966,1.29004,1.28842,1.28895,13685
2025-03-06T00:00:00Z,1.28893,1.29081,1.28859,1.28863,24392
2025-03-06T04:00:00Z,1.28862,1.29234,1.28831,1.29084,25730
2025-03-06T08:00:00Z,1.29084,1.29141,1.28655,1.28792,37367
2025-03-06T12:00:00Z,1.28792,1.29183,1.28750,1.28898,38662
2025-03-06T16:00:00Z,1.28903,1.29133,1.28765,1.28938,24846
2025-03-06T20:00:00Z,1.28938,1.28951,1.28703,1.28828,10456
2025-03-07T00:00:00Z,1.28825,1.28923,1.28757,1.28871,17060
2025-03-07T04:00:00Z,1.28869,1.29107,1.28794,1.29040,16257
2025-03-07T08:00:00Z,1.29040,1.29443,1.29017,1.29195,18534
2025-03-07T12:00:00Z,1.29195,1.29407,1.29002,1.29232,41648
2025-03-07T16:00:00Z,1.29233,1.29295,1.28944,1.29202,25898
2025-03-07T20:00:00Z,1.29203,1.29292,1.29166,1.29167,6414
2025-03-09T20:00:00Z,1.29108,1.29381,1.28999,1.29315,11322
2025-03-10T00:00:00Z,1.29317,1.29453,1.29094,1.29109,20988
2025-03-10T04:00:00Z,1.29110,1.29224,1.28882,1.28953,17621
2025-03-10T08:00:00Z,1.28955,1.29335,1.28738,1.29223,32047
2025-03-10T12:00:00Z,1.29224,1.29462,1.28984,1.29044,28042
2025-03-10T16:00:00Z,1.29044,1.29093,1.28612,1.28769,19638
2025-03-10T20:00:00Z,1.28769,1.28809,1.28642,1.28750,5719
2025-03-11T00:00:00Z,1.28749,1.28947,1.28739,1.28897,26191
2025-03-11T04:00:00Z,1.28894,1.29174,1.28730,1.29085,26914
2025-03-11T08:00:00Z,1.29087,1.29413,1.29057,1.29241,23220
2025-03-11T12:00:00Z,1.29240,1.29561,1.29177,1.29456,45550
2025-03-11T16:00:00Z,1.29456,1.29657,1.29334,1.29517,34476
2025-03-11T20:00:00Z,1.29519,1.29520,1.29298,1.29433,7864
2025-03-12T00:00:00Z,1.29435,1.29457,1.29219,1.29219,16776
2025-03-12T04:00:00Z,1.29225,1.29323,1.29132,1.29285,19570
2025-03-12T08:00:00Z,1.29284,1.29610,1.29233,1.29440,35739
2025-03-12T12:00:00Z,1.29440,1.29887,1.29243,1.29677,41028
2025-03-12T16:00:00Z,1.29675,1.29821,1.29627,1.29669,21060
2025-03-12T20:00:00Z,1.29669,1.29702,1.29533,1.29640,3226
2025-03-13T00:00:00Z,1.29639,1.29732,1.29571,1.29577,13329
2025-03-13T04:00:00Z,1.29576,1.29621,1.29413,1.29525,15633
2025-03-13T08:00:00Z,1.29527,1.29658,1.29262,1.29317,20694
2025-03-13T12:00:00Z,1.29318,1.29652,1.29205,1.29430,29269
2025-03-13T16:00:00Z,1.29430,1.29584,1.29360,1.29437,14080
2025-03-13T20:00:00Z,1.29436,1.29571,1.29420,1.29562,3619
2025-03-14T00:00:00Z,1.29564,1.29586,1.29356,1.29436,23686
2025-03-14T04:00:00Z,1.29437,1.29494,1.29168,1.29251,35650
2025-03-14T08:00:00Z,1.29251,1.29537,1.29197,1.29387,22798
2025-03-14T12:00:00Z,1.29385,1.29522,1.29106,1.29148,27329
2025-03-14T16:00:00Z,1.29149,1.29360,1.29121,1.29348,14550
2025-03-14T20:00:00Z,1.29349,1.29386,1.29274,1.29274,1403
2025-03-16T20:00:00Z,1.29137,1.29353,1.29137,1.29267,7411
2025-03-17T00:00:00Z,1.29267,1.29443,1.29267,1.29355,14999
2025-03-17T04:00:00Z,1.29353,1.29446,1.29278,1.29356,13004
2025-03-17T08:00:00Z,1.29356,1.29772,1.29300,1.29709,15992
2025-03-17T12:00:00Z,1.29710,1.29947,1.29586,1.29844,18500
2025-03-17T16:00:00Z,1.29845,1.29984,1.29813,1.29913,8212
2025-03-17T20:00:00Z,1.29913,1.29979,1.29832,1.29832,3059
2025-03-18T00:00:00Z,1.29832,1.29871,1.29706,1.29735,12140
2025-03-18T04:00:00Z,1.29737,1.29886,1.29677,1.29865,18376
2025-03-18T08:00:00Z,1.29863,1.30047,1.29644,1.29647,19902
2025-03-18T12:00:00Z,1.29648,1.29925,1.29512,1.29842,40720
2025-03-18T16:00:00Z,1.29842,1.30096,1.29770,1.30056,36701
2025-03-18T20:00:00Z,1.30056,1.30064,1.29963,1.30000,6992
2025-03-19T00:00:00Z,1.30000,1.30025,1.29887,1.29940,7910
2025-03-19T04:00:00Z,1.29939,1.29941,1.29572,1.29708,16438
2025-03-19T08:00:00Z,1.29710,1.29821,1.29568,1.29767,19307
2025-03-19T12:00:00Z,1.29767,1.29822,1.29548,1.29665,22847
2025-03-19T16:00:00Z,1.29667,1.30108,1.29555,1.29972,22871
2025-03-19T20:00:00Z,1.29971,1.30113,1.29865,1.30100,4928
2025-03-20T00:00:00Z,1.30099,1.30144,1.29983,1.30074,12230
2025-03-20T04:00:00Z,1.30076,1.30078,1.29621,1.29712,12036
2025-03-20T08:00:00Z,1.29714,1.29793,1.29357,1.29537,20226
2025-03-20T12:00:00Z,1.29535,1.29792,1.29358,1.29728,28333
2025-03-20T16:00:00Z,1.29727,1.29730,1.29561,1.29660,10710
2025-03-20T20:00:00Z,1.29658,1.29693,1.29553,1.29648,6876
2025-03-21T00:00:00Z,1.29648,1.29701,1.29443,1.29454,7892
2025-03-21T04:00:00Z,1.29455,1.29469,1.29245,1.29350,11735
2025-03-21T08:00:00Z,1.29349,1.29472,1.29222,1.29453,15473
2025-03-21T12:00:00Z,1.29455,1.29552,1.28930,1.28931,27009
2025-03-21T16:00:00Z,1.28931,1.29291,1.28873,1.29185,13364
2025-03-21T20:00:00Z,1.29183,1.29205,1.29096,1.29117,1170
2025-03-23T20:00:00Z,1.28962,1.29257,1.28874,1.29250,5733
2025-03-24T00:00:00Z,1.29248,1.29347,1.29124,1.29135,15999
2025-03-24T04:00:00Z,1.29134,1.29519,1.29107,1.29473,13907
2025-03-24T08:00:00Z,1.29472,1.29740,1.29392,1.29442,20055
2025-03-24T12:00:00Z,1.29441,1.29497,1.29074,1.29113,24232
2025-03-24T16:00:00Z,1.29111,1.29300,1.28953,1.29209,13464
2025-03-24T20:00:00Z,1.29209,1.29271,1.29161,1.29224,3726
2025-03-25T00:00:00Z,1.29225,1.29253,1.29114,1.29245,7977
2025-03-25T04:00:00Z,1.29245,1.29287,1.29027,1.29055,11223
2025-03-25T08:00:00Z,1.29057,1.29575,1.29017,1.29425,19652
2025-03-25T12:00:00Z,1.29425,1.29604,1.29327,1.29473,20914
2025-03-25T16:00:00Z,1.29475,1.29666,1.29392,1.29466,8385
2025-03-25T20:00:00Z,1.29465,1.29485,1.29395,1.29448,2949
2025-03-26T00:00:00Z,1.29445,1.29459,1.29268,1.29356,8503
2025-03-26T04:00:00Z,1.29358,1.29428,1.29029,1.29108,11983
2025-03-26T08:00:00Z,1.29108,1.29134,1.28859,1.28966,16307
2025-03-26T12:00:00Z,1.28965,1.29089,1.28738,1.28857,31772
2025-03-26T16:00:00Z,1.28858,1.29022,1.28792,1.28879,17185
2025-03-26T20:00:00Z,1.28877,1.28933,1.28704,1.28768,6653
2025-03-27T00:00:00Z,1.28766,1.29163,1.28761,1.29108,12492
2025-03-27T04:00:00Z,1.29109,1.29290,1.29024,1.29123,16483
2025-03-27T08:00:00Z,1.29123,1.29416,1.29011,1.29306,16468
2025-03-27T12:00:00Z,1.29306,1.29919,1.29223,1.29624,27578
2025-03-27T16:00:00Z,1.29624,1.29722,1.29454,1.29489,16537
2025-03-27T20:00:00Z,1.29489,1.29525,1.29422,1.29508,4033
2025-03-28T00:00:00Z,1.29508,1.29527,1.29405,1.29455,8701
2025-03-28T04:00:00Z,1.29455,1.29680,1.29373,1.29505,11824
2025-03-28T08:00:00Z,1.29507,1.29596,1.29223,1.29290,18085
2025-03-28T12:00:00Z,1.29288,1.29677,1.29213,1.29410,26565
2025-03-28T16:00:00Z,1.29410,1.29491,1.29290,1.29444,10026
2025-03-28T20:00:00Z,1.29444,1.29473,1.29374,1.29378,1370
2025-03-30T20:00:00Z,1.29319,1.29410,1.29218,1.29372,5989
2025-03-31T00:00:00Z,1.29370,1.29715,1.29367,1.29568,19177
2025-03-31T04:00:00Z,1.29568,1.29725,1.29485,1.29563,18194
2025-03-31T08:00:00Z,1.29563,1.29611,1.29177,1.29523,20008
2025-03-31T12:00:00Z,1.29522,1.29584,1.28898,1.28906,36912
2025-03-31T16:00:00Z,1.28912,1.29240,1.28860,1.29182,15796
2025-03-31T20:00:00Z,1.29183,1.29209,1.29069,1.29190,8905
2025-04-01T00:00:00Z,1.29192,1.29360,1.29172,1.29329,20032
2025-04-01T04:00:00Z,1.29330,1.29404,1.29021,1.29085,19430
2025-04-01T08:00:00Z,1.29084,1.29379,1.28897,1.28903,23231
2025-04-01T12:00:00Z,1.28904,1.29294,1.28790,1.29207,31598
2025-04-01T16:00:00Z,1.29208,1.29326,1.29081,1.29206,12368
2025-04-01T20:00:00Z,1.29205,1.29327,1.29126,1.29212,9008
2025-04-02T00:00:00Z,1.29213,1.29302,1.29062,1.29210,12478
2025-04-02T04:00:00Z,1.29207,1.29216,1.29002,1.29129,13835
2025-04-02T08:00:00Z,1.29128,1.29496,1.29100,1.29477,19766
2025-04-02T12:00:00Z,1.29481,1.29787,1.29336,1.29729,34375
2025-04-02T16:00:00Z,1.29729,1.29866,1.29632,1.29809,18005
2025-04-02T20:00:00Z,1.29810,1.30520,1.29533,1.30453,33427
2025-04-03T00:00:00Z,1.30453,1.30768,1.30255,1.30707,42479
2025-04-03T04:00:00Z,1.30706,1.31391,1.30556,1.31363,35753
2025-04-03T08:00:00Z,1.31364,1.32073,1.31313,1.31740,43836
2025-04-03T12:00:00Z,1.31744,1.31962,1.31051,1.31101,48837
2025-04-03T16:00:00Z,1.31103,1.31211,1.30796,1.30815,22288
2025-04-03T20:00:00Z,1.30814,1.31082,1.30798,1.30889,8349
2025-04-04T00:00:00Z,1.30888,1.31093,1.30803,1.31040,23764
2025-04-04T04:00:00Z,1.31040,1.31132,1.30045,1.30075,37028
2025-04-04T08:00:00Z,1.30073,1.30319,1.29620,1.30202,71453
2025-04-04T12:00:00Z,1.30203,1.30503,1.29065,1.29259,88128
2025-04-04T16:00:00Z,1.29259,1.29286,1.28561,1.28731,45333
2025-04-04T20:00:00Z,1.28732,1.29012,1.28527,1.28915,4302
2025-04-06T20:00:00Z,1.28344,1.29327,1.28236,1.29083,28440
2025-04-07T00:00:00Z,1.29083,1.29165,1.28493,1.28858,50269
2025-04-07T04:00:00Z,1.28858,1.29337,1.28826,1.28942,53172
2025-04-07T08:00:00Z,1.28945,1.29128,1.28034,1.28241,51953
2025-04-07T12:00:00Z,1.28242,1.28529,1.27246,1.27249,82246
2025-04-07T16:00:00Z,1.27251,1.27782,1.27101,1.27155,40161
2025-04-07T20:00:00Z,1.27164,1.27379,1.27079,1.27326,8267
2025-04-08T00:00:00Z,1.27327,1.27916,1.27327,1.27765,28440
2025-04-08T04:00:00Z,1.27764,1.27961,1.27489,1.27499,30191
2025-04-08T08:00:00Z,1.27497,1.27829,1.27241,1.27787,38812
2025-04-08T12:00:00Z,1.27788,1.27956,1.27434,1.27677,48186
2025-04-08T16:00:00Z,1.27679,1.28143,1.27548,1.27731,44168
2025-04-08T20:00:00Z,1.27732,1.27912,1.27492,1.27862,14595
2025-04-09T00:00:00Z,1.27863,1.28454,1.27742,1.28177,44915
2025-04-09T04:00:00Z,1.28176,1.28638,1.27919,1.27994,68768
2025-04-09T08:00:00Z,1.27995,1.28367,1.27723,1.27734,48555
2025-04-09T12:00:00Z,1.27735,1.28145,1.27511,1.27690,53138
2025-04-09T16:00:00Z,1.27693,1.28370,1.27427,1.28027,71638
2025-04-09T20:00:00Z,1.28037,1.28330,1.27927,1.28248,14121
2025-04-10T00:00:00Z,1.28247,1.28523,1.28217,1.28461,38217
2025-04-10T04:00:00Z,1.28461,1.28813,1.28405,1.28764,38697
2025-04-10T08:00:00Z,1.28765,1.29379,1.28599,1.29313,37911
2025-04-10T12:00:00Z,1.29315,1.29785,1.28917,1.29379,56731
2025-04-10T16:00:00Z,1.29379,1.29957,1.29248,1.29692,45768
2025-04-10T20:00:00Z,1.29692,1.29975,1.29527,1.29913,16559
2025-04-11T00:00:00Z,1.29911,1.30473,1.29874,1.30356,73289
2025-04-11T04:00:00Z,1.30357,1.30748,1.29847,1.30671,53092
2025-04-11T08:00:00Z,1.30670,1.31448,1.30544,1.30879,56862
2025-04-11T12:00:00Z,1.30875,1.31342,1.30388,1.30467,77524
2025-04-11T16:00:00Z,1.30468,1.30833,1.30301,1.30742,41075
2025-04-11T20:00:00Z,1.30741,1.31023,1.30636,1.30850,5206
2025-04-13T20:00:00Z,1.30827,1.30933,1.30627,1.30835,11046
2025-04-14T00:00:00Z,1.30836,1.31278,1.30833,1.31062,46342
2025-04-14T04:00:00Z,1.31065,1.31737,1.30959,1.31657,29666
2025-04-14T08:00:00Z,1.31658,1.32008,1.31610,1.31753,24396
2025-04-14T12:00:00Z,1.31756,1.31920,1.31225,1.31733,42762
2025-04-14T16:00:00Z,1.31734,1.31994,1.31657,1.31897,22384
2025-04-14T20:00:00Z,1.31896,1.31966,1.31672,1.31719,7443
2025-04-15T00:00:00Z,1.31720,1.31991,1.31638,1.31976,14078
2025-04-15T04:00:00Z,1.31978,1.32272,1.31838,1.32233,19496
2025-04-15T08:00:00Z,1.32235,1.32518,1.32179,1.32312,21429
2025-04-15T12:00:00Z,1.32314,1.32462,1.32052,1.32201,35511
2025-04-15T16:00:00Z,1.32202,1.32293,1.32060,1.32260,15409
2025-04-15T20:00:00Z,1.32262,1.32375,1.32181,1.32302,6013
2025-04-16T00:00:00Z,1.32304,1.32631,1.32292,1.32628,20959
2025-04-16T04:00:00Z,1.32638,1.32885,1.32568,1.32834,24700
2025-04-16T08:00:00Z,1.32835,1.32917,1.32581,1.32718,28121
2025-04-16T12:00:00Z,1.32722,1.32725,1.32262,1.32445,34918
2025-04-16T16:00:00Z,1.32443,1.32493,1.32117,1.32375,28391
2025-04-16T20:00:00Z,1.32376,1.32487,1.32267,1.32323,6356
2025-04-17T00:00:00Z,1.32325,1.32333,1.32021,1.32134,16226
2025-04-17T04:00:00Z,1.32141,1.32453,1.32034,1.32422,15262
2025-04-17T08:00:00Z,1.32423,1.32476,1.32195,1.32271,19760
2025-04-17T12:00:00Z,1.32271,1.32730,1.32191,1.32572,32607
2025-04-17T16:00:00Z,1.32574,1.32724,1.32465,1.32659,15617
2025-04-17T20:00:00Z,1.32658,1.32706,1.32454,1.32675,7786
2025-04-18T00:00:00Z,1.32674,1.32840,1.32638,1.32693,117992
2025-04-18T04:00:00Z,1.32691,1.32790,1.32637,1.32654,107038
2025-04-18T08:00:00Z,1.32648,1.32796,1.32567,1.32739,96535
2025-04-18T12:00:00Z,1.32737,1.32851,1.32708,1.32759,113076
2025-04-18T16:00:00Z,1.32758,1.32901,1.32742,1.32889,79852
2025-04-18T20:00:00Z,1.32884,1.32983,1.32831,1.32892,11500
2025-04-20T20:00:00Z,1.32698,1.33198,1.32698,1.33140,10569
2025-04-21T00:00:00Z,1.33141,1.33864,1.33141,1.33812,21936
2025-04-21T04:00:00Z,1.33811,1.34139,1.33662,1.34109,19795
2025-04-21T08:00:00Z,1.34106,1.34216,1.33789,1.33961,19744
2025-04-21T12:00:00Z,1.33963,1.34088,1.33778,1.33807,27650
2025-04-21T16:00:00Z,1.33805,1.33841,1.33626,1.33747,11609
2025-04-21T20:00:00Z,1.33748,1.33845,1.33705,1.33793,4522
2025-04-22T00:00:00Z,1.33795,1.34097,1.33614,1.34041,20940
2025-04-22T04:00:00Z,1.34039,1.34235,1.33706,1.33770,38678
2025-04-22T08:00:00Z,1.33770,1.33901,1.33618,1.33773,23486
2025-04-22T12:00:00Z,1.33772,1.33904,1.33548,1.33736,28292
2025-04-22T16:00:00Z,1.33738,1.33769,1.33297,1.33313,20813
2025-04-22T20:00:00Z,1.33314,1.33391,1.32331,1.32719,19326
2025-04-23T00:00:00Z,1.32716,1.33171,1.32702,1.32923,24850
2025-04-23T04:00:00Z,1.32921,1.33279,1.32876,1.33053,21307
2025-04-23T08:00:00Z,1.33057,1.33387,1.32798,1.32989,27414
2025-04-23T12:00:00Z,1.32989,1.33193,1.32541,1.32549,44400
2025-04-23T16:00:00Z,1.32549,1.32772,1.32499,1.32658,19218
2025-04-23T20:00:00Z,1.32656,1.32731,1.32440,1.32646,6823
2025-04-24T00:00:00Z,1.32646,1.32867,1.32585,1.32696,12647
2025-04-24T04:00:00Z,1.32702,1.32964,1.32644,1.32942,16179
2025-04-24T08:00:00Z,1.32944,1.33207,1.32905,1.33081,20333
2025-04-24T12:00:00Z,1.33082,1.33321,1.32902,1.33046,23773
2025-04-24T16:00:00Z,1.33048,1.33444,1.33022,1.33372,11877
2025-04-24T20:00:00Z,1.33372,1.33486,1.33239,1.33271,4108
2025-04-25T00:00:00Z,1.33269,1.33269,1.32859,1.32867,16746
2025-04-25T04:00:00Z,1.32867,1.33137,1.32735,1.32978,24940
2025-04-25T08:00:00Z,1.32978,1.33177,1.32867,1.33062,11455
2025-04-25T12:00:00Z,1.33062,1.33297,1.32976,1.33286,17640
2025-04-25T16:00:00Z,1.33287,1.33321,1.33159,1.33186,8150
2025-04-25T20:00:00Z,1.33188,1.33224,1.33043,1.33065,1539
2025-04-27T20:00:00Z,1.33006,1.33108,1.32881,1.32895,7499
2025-04-28T00:00:00Z,1.32897,1.33050,1.32797,1.32950,10683
2025-04-28T04:00:00Z,1.32950,1.33272,1.32878,1.33054,12504
2025-04-28T08:00:00Z,1.33053,1.33545,1.33044,1.33381,13851
2025-04-28T12:00:00Z,1.33386,1.34200,1.33377,1.33930,24069
2025-04-28T16:00:00Z,1.33927,1.34423,1.33926,1.34387,12568
2025-04-28T20:00:00Z,1.34386,1.34438,1.34294,1.34346,5077
2025-04-29T00:00:00Z,1.34346,1.34421,1.34083,1.34124,14350
2025-04-29T04:00:00Z,1.34125,1.34226,1.33936,1.34216,14517
2025-04-29T08:00:00Z,1.34218,1.34258,1.33801,1.33833,14271
2025-04-29T12:00:00Z,1.33837,1.34206,1.33822,1.33958,23411
2025-04-29T16:00:00Z,1.33957,1.34197,1.33930,1.34033,10728
2025-04-29T20:00:00Z,1.34030,1.34140,1.33951,1.34118,6258
2025-04-30T00:00:00Z,1.34119,1.34141,1.33824,1.33838,11966
2025-04-30T04:00:00Z,1.33841,1.34059,1.33805,1.33856,14660
2025-04-30T08:00:00Z,1.33851,1.33882,1.33543,1.33568,15356
2025-04-30T12:00:00Z,1.33571,1.33667,1.33089,1.33415,36748
2025-04-30T16:00:00Z,1.33414,1.33578,1.33261,1.33283,12230
2025-04-30T20:00:00Z,1.33287,1.33317,1.33181,1.33207,6658
2025-05-01T00:00:00Z,1.33206,1.33260,1.32928,1.33006,10796
2025-05-01T04:00:00Z,1.33008,1.33070,1.32745,1.33056,16097
2025-05-01T08:00:00Z,1.33055,1.33452,1.33054,1.33237,13158
2025-05-01T12:00:00Z,1.33238,1.33400,1.32645,1.32725,26565
2025-05-01T16:00:00Z,1.32723,1.32864,1.32601,1.32784,10922
2025-05-01T20:00:00Z,1.32785,1.32860,1.32658,1.32855,4146
2025-05-02T00:00:00Z,1.32857,1.33100,1.32736,1.33099,12800
2025-05-02T04:00:00Z,1.33100,1.33216,1.32982,1.32990,19853
2025-05-02T08:00:00Z,1.32987,1.33155,1.32819,1.32938,16455
2025-05-02T12:00:00Z,1.32940,1.33305,1.32605,1.32803,38011
2025-05-02T16:00:00Z,1.32808,1.32967,1.32671,1.32772,15567
2025-05-02T20:00:00Z,1.32769,1.32785,1.32596,1.32596,979
2025-05-04T20:00:00Z,1.32612,1.32764,1.32593,1.32693,4696
2025-05-05T00:00:00Z,1.32693,1.33003,1.32612,1.32885,14806
2025-05-05T04:00:00Z,1.32885,1.33065,1.32751,1.32804,15799
2025-05-05T08:00:00Z,1.32802,1.33252,1.32765,1.33162,18151
2025-05-05T12:00:00Z,1.33161,1.33362,1.32801,1.32812,21147
2025-05-05T16:00:00Z,1.32813,1.32993,1.32698,1.32927,11955
2025-05-05T20:00:00Z,1.32927,1.32984,1.32845,1.32903,2448
2025-05-06T00:00:00Z,1.32903,1.32964,1.32599,1.32943,16332
2025-05-06T04:00:00Z,1.32943,1.33283,1.32851,1.33193,19341
2025-05-06T08:00:00Z,1.33197,1.33742,1.33074,1.33695,19321
2025-05-06T12:00:00Z,1.33697,1.34024,1.33562,1.33667,22058
2025-05-06T16:00:00Z,1.33667,1.33863,1.33515,1.33785,11414
2025-05-06T20:00:00Z,1.33784,1.33814,1.33430,1.33514,9853
2025-05-07T00:00:00Z,1.33516,1.33615,1.33329,1.33456,21551
2025-05-07T04:00:00Z,1.33451,1.33671,1.33406,1.33513,16941
2025-05-07T08:00:00Z,1.33515,1.33577,1.33225,1.33478,14698
2025-05-07T12:00:00Z,1.33480,1.33770,1.33382,1.33426,24832
2025-05-07T16:00:00Z,1.33427,1.33531,1.32892,1.32967,27594
2025-05-07T20:00:00Z,1.32967,1.32974,1.32797,1.32899,5598
2025-05-08T00:00:00Z,1.32903,1.33559,1.32897,1.33446,15486
2025-05-08T04:00:00Z,1.33446,1.33471,1.32666,1.32901,24187
2025-05-08T08:00:00Z,1.32900,1.33324,1.32415,1.33256,22268
2025-05-08T12:00:00Z,1.33255,1.33447,1.32726,1.32839,29243
2025-05-08T16:00:00Z,1.32837,1.32853,1.32361,1.32437,15048
2025-05-08T20:00:00Z,1.32436,1.32512,1.32327,1.32389,3889
2025-05-09T00:00:00Z,1.32390,1.32429,1.32117,1.32310,20728
2025-05-09T04:00:00Z,1.32314,1.32691,1.32231,1.32621,18977
2025-05-09T08:00:00Z,1.32620,1.32857,1.32537,1.32761,11533
2025-05-09T12:00:00Z,1.32761,1.33172,1.32725,1.33153,14160
2025-05-09T16:00:00Z,1.33158,1.33223,1.33018,1.33113,7198
2025-05-09T20:00:00Z,1.33114,1.33114,1.32963,1.32964,1580
2025-05-11T20:00:00Z,1.32578,1.32949,1.32578,1.32844,6645
2025-05-12T00:00:00Z,1.32845,1.32940,1.32743,1.32907,18185
2025-05-12T04:00:00Z,1.32907,1.32990,1.31628,1.31684,26485
2025-05-12T08:00:00Z,1.31686,1.32040,1.31394,1.31767,31936
2025-05-12T12:00:00Z,1.31766,1.32149,1.31720,1.31910,24545
2025-05-12T16:00:00Z,1.31913,1.31968,1.31618,1.31781,13984
2025-05-12T20:00:00Z,1.31780,1.31817,1.31621,1.31774,4642
2025-05-13T00:00:00Z,1.31774,1.31996,1.31729,1.31981,15978
2025-05-13T04:00:00Z,1.31980,1.32115,1.31891,1.32111,18533
2025-05-13T08:00:00Z,1.32113,1.32199,1.32000,1.32132,15465
2025-05-13T12:00:00Z,1.32132,1.32799,1.32121,1.32769,29134
2025-05-13T16:00:00Z,1.32769,1.33078,1.32709,1.33054,9638
2025-05-13T20:00:00Z,1.33054,1.33159,1.33017,1.33033,4349
2025-05-14T00:00:00Z,1.33033,1.33197,1.32980,1.33086,14525
2025-05-14T04:00:00Z,1.33086,1.33303,1.32906,1.33285,14883
2025-05-14T08:00:00Z,1.33285,1.33600,1.33266,1.33332,25093
2025-05-14T12:00:00Z,1.33331,1.33385,1.32868,1.33001,27668
2025-05-14T16:00:00Z,1.33002,1.33095,1.32530,1.32598,15532
2025-05-14T20:00:00Z,1.32596,1.32685,1.32543,1.32631,2967
2025-05-15T00:00:00Z,1.32631,1.32862,1.32590,1.32804,17650
2025-05-15T04:00:00Z,1.32804,1.33048,1.32622,1.32674,17487
2025-05-15T08:00:00Z,1.32672,1.32992,1.32630,1.32701,14028
2025-05-15T12:00:00Z,1.32703,1.33194,1.32633,1.32893,28340
2025-05-15T16:00:00Z,1.32891,1.33073,1.32819,1.33054,14145
2025-05-15T20:00:00Z,1.33052,1.33095,1.32914,1.33028,4920
2025-05-16T00:00:00Z,1.33027,1.33184,1.33013,1.33118,15122
2025-05-16T04:00:00Z,1.33118,1.33323,1.33085,1.33144,13866
2025-05-16T08:00:00Z,1.33144,1.33166,1.32817,1.32822,16444
2025-05-16T12:00:00Z,1.32823,1.32988,1.32531,1.32554,24159
2025-05-16T16:00:00Z,1.32554,1.32834,1.32503,1.32756,13339
2025-05-16T20:00:00Z,1.32755,1.32872,1.32693,1.32756,3569
2025-05-18T20:00:00Z,1.32676,1.33046,1.32676,1.33046,4462
2025-05-19T00:00:00Z,1.33049,1.33134,1.32898,1.32968,21134
2025-05-19T04:00:00Z,1.32969,1.33722,1.32912,1.33673,19055
2025-05-19T08:00:00Z,1.33673,1.34035,1.33477,1.33817,18624
2025-05-19T12:00:00Z,1.33815,1.33831,1.33530,1.33544,19286
2025-05-19T16:00:00Z,1.33545,1.33609,1.33446,1.33594,8044
2025-05-19T20:00:00Z,1.33593,1.33641,1.33533,1.33585,2802
2025-05-20T00:00:00Z,1.33586,1.33735,1.33442,1.33668,12971
2025-05-20T04:00:00Z,1.33667,1.33945,1.33612,1.33916,16578
2025-05-20T08:00:00Z,1.33915,1.33932,1.33535,1.33616,17248
2025-05-20T12:00:00Z,1.33614,1.33739,1.33345,1.33690,27277
2025-05-20T16:00:00Z,1.33690,1.33906,1.33586,1.33873,10579
2025-05-20T20:00:00Z,1.33876,1.33977,1.33677,1.33967,2649
2025-05-21T00:00:00Z,1.33970,1.34353,1.33942,1.34301,13771
2025-05-21T04:00:00Z,1.34301,1.34687,1.34096,1.34121,20186
2025-05-21T08:00:00Z,1.34124,1.34376,1.33883,1.34141,20435
2025-05-21T12:00:00Z,1.34142,1.34495,1.34001,1.34448,25213
2025-05-21T16:00:00Z,1.34449,1.34522,1.34155,1.34159,20147
2025-05-21T20:00:00Z,1.34162,1.34233,1.34041,1.34201,5444
2025-05-22T00:00:00Z,1.34204,1.34405,1.34159,1.34248,17023
2025-05-22T04:00:00Z,1.34245,1.34326,1.34094,1.34323,19887
2025-05-22T08:00:00Z,1.34321,1.34401,1.33905,1.34197,25211
2025-05-22T12:00:00Z,1.34197,1.34364,1.34013,1.34247,29423
2025-05-22T16:00:00Z,1.34245,1.34362,1.34032,1.34182,13907
2025-05-22T20:00:00Z,1.34181,1.34258,1.34062,1.34192,3416
2025-05-23T00:00:00Z,1.34193,1.34481,1.34181,1.34475,11043
2025-05-23T04:00:00Z,1.34474,1.34846,1.34434,1.34796,17800
2025-05-23T08:00:00Z,1.34795,1.35155,1.34735,1.34881,23534
2025-05-23T12:00:00Z,1.34881,1.35331,1.34765,1.35082,32278
2025-05-23T16:00:00Z,1.35082,1.35391,1.35047,1.35339,13152
2025-05-23T20:00:00Z,1.35340,1.35419,1.35318,1.35344,1150
2025-05-25T20:00:00Z,1.35218,1.35418,1.35218,1.35373,9167
2025-05-26T00:00:00Z,1.35374,1.35929,1.35357,1.35786,22114
2025-05-26T04:00:00Z,1.35785,1.35924,1.35653,1.35663,16649
2025-05-26T08:00:00Z,1.35666,1.35711,1.35539,1.35595,11276
2025-05-26T12:00:00Z,1.35595,1.35679,1.35508,1.35630,10432
2025-05-26T16:00:00Z,1.35631,1.35646,1.35571,1.35636,6748
2025-05-26T20:00:00Z,1.35636,1.35679,1.35521,1.35649,5095
2025-05-27T00:00:00Z,1.35648,1.35865,1.35648,1.35689,12657
2025-05-27T04:00:00Z,1.35689,1.35749,1.35215,1.35247,22581
2025-05-27T08:00:00Z,1.35251,1.35533,1.35225,1.35479,19095
2025-05-27T12:00:00Z,1.35481,1.35648,1.34999,1.35020,26250
2025-05-27T16:00:00Z,1.35020,1.35148,1.35007,1.35047,10715
2025-05-27T20:00:00Z,1.35046,1.35142,1.35029,1.35134,3481
2025-05-28T00:00:00Z,1.35137,1.35218,1.34759,1.34822,19226
2025-05-28T04:00:00Z,1.34822,1.35039,1.34609,1.34980,16648
2025-05-28T08:00:00Z,1.34984,1.35191,1.34760,1.34789,13885
2025-05-28T12:00:00Z,1.34790,1.34888,1.34496,1.34592,25820
2025-05-28T16:00:00Z,1.34591,1.34793,1.34591,1.34639,10338
2025-05-28T20:00:00Z,1.34639,1.34708,1.34148,1.34282,10279
2025-05-29T00:00:00Z,1.34281,1.34465,1.34184,1.34359,27784
2025-05-29T04:00:00Z,1.34359,1.34704,1.34260,1.34644,21207
2025-05-29T08:00:00Z,1.34645,1.34840,1.34541,1.34604,17005
2025-05-29T12:00:00Z,1.34603,1.35071,1.34603,1.34879,30262
2025-05-29T16:00:00Z,1.34880,1.35050,1.34867,1.34940,12223
2025-05-29T20:00:00Z,1.34941,1.35006,1.34803,1.34987,3793
2025-05-30T00:00:00Z,1.34984,1.35104,1.34678,1.34705,16723
2025-05-30T04:00:00Z,1.34710,1.34851,1.34549,1.34777,17057
2025-05-30T08:00:00Z,1.34778,1.34845,1.34622,1.34750,17211
2025-05-30T12:00:00Z,1.34752,1.34990,1.34478,1.34669,36418
2025-05-30T16:00:00Z,1.34668,1.34763,1.34545,1.34726,19552
2025-05-30T20:00:00Z,1.34729,1.34750,1.34508,1.34532,3132
2025-06-01T20:00:00Z,1.34625,1.34731,1.34514,1.34679,4373
2025-06-02T00:00:00Z,1.34678,1.35056,1.34672,1.34823,17291
2025-06-02T04:00:00Z,1.34825,1.35570,1.34809,1.35478,15712
2025-06-02T08:00:00Z,1.35479,1.35552,1.35268,1.35356,19260
2025-06-02T12:00:00Z,1.35357,1.35595,1.35181,1.35471,25194
2025-06-02T16:00:00Z,1.35474,1.35486,1.35169,1.35461,13676
2025-06-02T20:00:00Z,1.35461,1.35591,1.35337,1.35567,4795
2025-06-03T00:00:00Z,1.35564,1.35571,1.35145,1.35179,16783
2025-06-03T04:00:00Z,1.35179,1.35371,1.35117,1.35191,16928
2025-06-03T08:00:00Z,1.35190,1.35261,1.34947,1.35032,15430
2025-06-03T12:00:00Z,1.35035,1.35330,1.34914,1.35195,23051
2025-06-03T16:00:00Z,1.35196,1.35289,1.35099,1.35153,10460
2025-06-03T20:00:00Z,1.35151,1.35312,1.35096,1.35300,4064
2025-06-04T00:00:00Z,1.35299,1.35441,1.35138,1.35162,14664
2025-06-04T04:00:00Z,1.35163,1.35410,1.35008,1.35283,17378
2025-06-04T08:00:00Z,1.35284,1.35453,1.35128,1.35136,12573
2025-06-04T12:00:00Z,1.35133,1.35797,1.35109,1.35676,26624
2025-06-04T16:00:00Z,1.35678,1.35740,1.35455,1.35461,10897
2025-06-04T20:00:00Z,1.35460,1.35593,1.35448,1.35502,2954
2025-06-05T00:00:00Z,1.35502,1.35654,1.35404,1.35446,15655
2025-06-05T04:00:00Z,1.35445,1.35739,1.35421,1.35599,15752
2025-06-05T08:00:00Z,1.35601,1.35845,1.35601,1.35704,12951
2025-06-05T12:00:00Z,1.35703,1.36161,1.35656,1.35815,35096
2025-06-05T16:00:00Z,1.35814,1.35893,1.35665,1.35737,14511
2025-06-05T20:00:00Z,1.35737,1.35807,1.35665,1.35786,6405
2025-06-06T00:00:00Z,1.35786,1.35844,1.35651,1.35718,12264
2025-06-06T04:00:00Z,1.35717,1.35763,1.35347,1.35453,12746
2025-06-06T08:00:00Z,1.35452,1.35548,1.35295,1.35510,13405
2025-06-06T12:00:00Z,1.35510,1.35635,1.35072,1.35304,36328
2025-06-06T16:00:00Z,1.35306,1.35354,1.35154,1.35318,15532
2025-06-06T20:00:00Z,1.35320,1.35323,1.35194,1.35194,904
2025-06-08T20:00:00Z,1.35209,1.35395,1.35209,1.35368,2422
2025-06-09T00:00:00Z,1.35369,1.35654,1.35277,1.35513,12455
2025-06-09T04:00:00Z,1.35513,1.35719,1.35486,1.35643,10977
2025-06-09T08:00:00Z,1.35644,1.35810,1.35556,1.35615,14035
2025-06-09T12:00:00Z,1.35620,1.35642,1.35242,1.35620,29005
2025-06-09T16:00:00Z,1.35622,1.35656,1.35513,1.35577,9475
2025-06-09T20:00:00Z,1.35576,1.35576,1.35353,1.35542,4189
2025-06-10T00:00:00Z,1.35541,1.35639,1.35191,1.35431,13266
2025-06-10T04:00:00Z,1.35432,1.35457,1.34560,1.34720,18391
2025-06-10T08:00:00Z,1.34719,1.35083,1.34719,1.35053,13069
2025-06-10T12:00:00Z,1.35053,1.35365,1.34979,1.35070,18129
2025-06-10T16:00:00Z,1.35073,1.35093,1.34900,1.35019,6810
2025-06-10T20:00:00Z,1.35020,1.35098,1.34904,1.35071,4007
2025-06-11T00:00:00Z,1.35073,1.35094,1.34745,1.34819,8470
2025-06-11T04:00:00Z,1.34818,1.34912,1.34639,1.34830,12134
2025-06-11T08:00:00Z,1.34831,1.35053,1.34798,1.34949,11726
2025-06-11T12:00:00Z,1.34952,1.35578,1.34880,1.35547,28778
2025-06-11T16:00:00Z,1.35544,1.35671,1.35358,1.35379,9282
2025-06-11T20:00:00Z,1.35382,1.35724,1.35374,1.35673,5339
2025-06-12T00:00:00Z,1.35672,1.35931,1.35621,1.35832,16126
2025-06-12T04:00:00Z,1.35831,1.35895,1.35226,1.35426,17219
2025-06-12T08:00:00Z,1.35426,1.35989,1.35377,1.35922,21085
2025-06-12T12:00:00Z,1.35922,1.36233,1.35796,1.35860,23872
2025-06-12T16:00:00Z,1.35864,1.36045,1.35819,1.36023,10239
2025-06-12T20:00:00Z,1.36022,1.36302,1.36006,1.36282,3667
2025-06-13T00:00:00Z,1.36280,1.36320,1.35401,1.35526,29168
2025-06-13T04:00:00Z,1.35527,1.35701,1.35212,1.35591,22621
2025-06-13T08:00:00Z,1.35590,1.35690,1.35227,1.35389,21021
2025-06-13T12:00:00Z,1.35389,1.36029,1.35163,1.35919,24787
2025-06-13T16:00:00Z,1.35916,1.36009,1.35581,1.35701,12536
2025-06-13T20:00:00Z,1.35699,1.35752,1.35591,1.35671,2397
2025-06-15T20:00:00Z,1.35577,1.35607,1.35373,1.35484,5405
2025-06-16T00:00:00Z,1.35487,1.35581,1.35342,1.35359,13009
2025-06-16T04:00:00Z,1.35358,1.35926,1.35357,1.35842,16619
2025-06-16T08:00:00Z,1.35841,1.35908,1.35756,1.35777,11548
2025-06-16T12:00:00Z,1.35777,1.36220,1.35734,1.35971,24707
2025-06-16T16:00:00Z,1.35971,1.36107,1.35732,1.35742,10993
2025-06-16T20:00:00Z,1.35740,1.35830,1.35593,1.35681,7067
2025-06-17T00:00:00Z,1.35682,1.35761,1.35574,1.35738,13375
2025-06-17T04:00:00Z,1.35738,1.35792,1.35534,1.35650,14806
2025-06-17T08:00:00Z,1.35650,1.35713,1.35413,1.35616,16199
2025-06-17T12:00:00Z,1.35619,1.35735,1.34955,1.35138,25372
2025-06-17T16:00:00Z,1.35142,1.35165,1.34226,1.34258,17997
2025-06-17T20:00:00Z,1.34257,1.34358,1.34094,1.34284,5702
2025-06-18T00:00:00Z,1.34285,1.34461,1.34265,1.34380,13893
2025-06-18T04:00:00Z,1.34380,1.34763,1.34353,1.34587,13893
2025-06-18T08:00:00Z,1.34584,1.34680,1.34378,1.34506,13200
2025-06-18T12:00:00Z,1.34510,1.34733,1.34350,1.34687,24063
2025-06-18T16:00:00Z,1.34688,1.34761,1.34004,1.34092,33277
2025-06-18T20:00:00Z,1.34091,1.34263,1.34072,1.34138,8177
2025-06-19T00:00:00Z,1.34137,1.34171,1.33870,1.34070,12900
2025-06-19T04:00:00Z,1.34070,1.34172,1.33824,1.34020,13897
2025-06-19T08:00:00Z,1.34020,1.34490,1.33975,1.34471,19365
2025-06-19T12:00:00Z,1.34471,1.34485,1.34169,1.34296,14821
2025-06-19T16:00:00Z,1.34293,1.34699,1.34216,1.34685,7171
2025-06-19T20:00:00Z,1.34683,1.34797,1.34462,1.34760,5479
2025-06-20T00:00:00Z,1.34761,1.34995,1.34757,1.34971,12516
2025-06-20T04:00:00Z,1.34972,1.35009,1.34621,1.34761,11954
2025-06-20T08:00:00Z,1.34761,1.35002,1.34710,1.34973,11618
2025-06-20T12:00:00Z,1.34972,1.35110,1.34535,1.34642,21425
2025-06-20T16:00:00Z,1.34642,1.34797,1.34453,1.34457,12624
2025-06-20T20:00:00Z,1.34456,1.34524,1.34405,1.34420,2245
2025-06-22T20:00:00Z,1.34067,1.34412,1.33964,1.34348,6923
2025-06-23T00:00:00Z,1.34349,1.34383,1.34027,1.34170,15158
2025-06-23T04:00:00Z,1.34168,1.34485,1.34052,1.34394,16643
2025-06-23T08:00:00Z,1.34391,1.34458,1.33701,1.33942,17207
2025-06-23T12:00:00Z,1.33945,1.35057,1.33736,1.34890,30556
2025-06-23T16:00:00Z,1.34890,1.35309,1.34699,1.35267,20574
2025-06-23T20:00:00Z,1.35269,1.35546,1.35092,1.35451,8717
2025-06-24T00:00:00Z,1.35451,1.35663,1.35350,1.35634,16554
2025-06-24T04:00:00Z,1.35637,1.35940,1.35574,1.35794,19568
2025-06-24T08:00:00Z,1.35789,1.36261,1.35780,1.36132,13570
2025-06-24T12:00:00Z,1.36132,1.36480,1.35906,1.36138,22753
2025-06-24T16:00:00Z,1.36137,1.36387,1.36099,1.36198,9342
2025-06-24T20:00:00Z,1.36196,1.36241,1.36084,1.36147,3696
2025-06-25T00:00:00Z,1.36146,1.36289,1.36114,1.36120,12021
2025-06-25T04:00:00Z,1.36120,1.36334,1.36059,1.36139,10555
2025-06-25T08:00:00Z,1.36141,1.36239,1.36015,1.36067,12630
2025-06-25T12:00:00Z,1.36065,1.36273,1.35903,1.36246,15699
2025-06-25T16:00:00Z,1.36246,1.36714,1.36246,1.36653,8482
2025-06-25T20:00:00Z,1.36653,1.36915,1.36453,1.36891,4543
2025-06-26T00:00:00Z,1.36895,1.37246,1.36766,1.37106,15206
2025-06-26T04:00:00Z,1.37106,1.37402,1.36962,1.37363,17215
2025-06-26T08:00:00Z,1.37361,1.37645,1.36992,1.37073,19729
2025-06-26T12:00:00Z,1.37071,1.37535,1.36994,1.37517,28068
2025-06-26T16:00:00Z,1.37519,1.37703,1.37279,1.37321,14770
2025-06-26T20:00:00Z,1.37322,1.37360,1.37164,1.37250,6535
2025-06-27T00:00:00Z,1.37254,1.37493,1.37235,1.37357,17912
2025-06-27T04:00:00Z,1.37359,1.37492,1.37201,1.37392,15172
2025-06-27T08:00:00Z,1.37392,1.37499,1.37209,1.37370,15525
2025-06-27T12:00:00Z,1.37372,1.37522,1.37030,1.37173,32203
2025-06-27T16:00:00Z,1.37173,1.37245,1.36827,1.37066,16998
2025-06-27T20:00:00Z,1.37067,1.37215,1.37058,1.37136,3037
2025-06-29T20:00:00Z,1.37011,1.37280,1.36984,1.37184,5431
2025-06-30T00:00:00Z,1.37182,1.37293,1.37070,1.37122,13534
2025-06-30T04:00:00Z,1.37121,1.37405,1.37018,1.37026,18520
2025-06-30T08:00:00Z,1.37023,1.37115,1.36903,1.37052,17745
2025-06-30T12:00:00Z,1.37052,1.37226,1.36740,1.37196,32792
2025-06-30T16:00:00Z,1.37195,1.37275,1.36981,1.37256,13915
2025-06-30T20:00:00Z,1.37260,1.37365,1.37190,1.37303,5148
2025-07-01T00:00:00Z,1.37305,1.37487,1.37238,1.37377,13177
2025-07-01T04:00:00Z,1.37380,1.37682,1.37322,1.37672,15437
2025-07-01T08:00:00Z,1.37672,1.37885,1.37538,1.37540,16595
2025-07-01T12:00:00Z,1.37541,1.37598,1.37030,1.37239,23593
2025-07-01T16:00:00Z,1.37240,1.37424,1.37116,1.37397,12451
2025-07-01T20:00:00Z,1.37401,1.37499,1.37372,1.37454,4277
2025-07-02T00:00:00Z,1.37453,1.37523,1.37317,1.37454,10568
2025-07-02T04:00:00Z,1.37455,1.37462,1.37050,1.37053,11781
2025-07-02T08:00:00Z,1.37052,1.37128,1.36549,1.36623,12242
2025-07-02T12:00:00Z,1.36621,1.36672,1.35622,1.36206,30712
2025-07-02T16:00:00Z,1.36205,1.36442,1.36134,1.36346,11252
2025-07-02T20:00:00Z,1.36347,1.36651,1.36266,1.36490,3907
2025-07-03T00:00:00Z,1.36488,1.36534,1.36245,1.36276,11143
2025-07-03T04:00:00Z,1.36273,1.36748,1.36232,1.36547,13600
2025-07-03T08:00:00Z,1.36549,1.36757,1.36457,1.36571,13257
2025-07-03T12:00:00Z,1.36570,1.36736,1.35853,1.36526,33846
2025-07-03T16:00:00Z,1.36529,1.36544,1.36353,1.36460,6861
2025-07-03T20:00:00Z,1.36462,1.36685,1.36433,1.36654,4200
2025-07-04T00:00:00Z,1.36654,1.36674,1.36449,1.36575,13597
2025-07-04T04:00:00Z,1.36575,1.36811,1.36565,1.36582,14247
2025-07-04T08:00:00Z,1.36581,1.36667,1.36414,1.36474,9999
2025-07-04T12:00:00Z,1.36474,1.36531,1.36345,1.36442,14191
2025-07-04T16:00:00Z,1.36443,1.36542,1.36415,1.36495,23965
2025-07-04T20:00:00Z,1.36486,1.36576,1.36379,1.36382,25694
2025-07-06T20:00:00Z,1.36392,1.36548,1.36392,1.36507,2806
2025-07-07T00:00:00Z,1.36508,1.36574,1.36252,1.36276,13923
2025-07-07T04:00:00Z,1.36277,1.36295,1.36027,1.36041,19525
2025-07-07T08:00:00Z,1.36040,1.36210,1.35749,1.36150,19486
2025-07-07T12:00:00Z,1.36151,1.36474,1.36111,1.36359,15161
2025-07-07T16:00:00Z,1.36361,1.36405,1.35887,1.36093,20296
2025-07-07T20:00:00Z,1.36092,1.36247,1.35965,1.36235,5529
2025-07-08T00:00:00Z,1.36234,1.36386,1.36172,1.36328,13946
2025-07-08T04:00:00Z,1.36328,1.36462,1.36234,1.36406,16206
2025-07-08T08:00:00Z,1.36406,1.36407,1.35727,1.35733,14623
2025-07-08T12:00:00Z,1.35733,1.35843,1.35256,1.35724,55988
2025-07-08T16:00:00Z,1.35725,1.35972,1.35631,1.35891,18966
2025-07-08T20:00:00Z,1.35884,1.35953,1.35658,1.35843,4823
2025-07-09T00:00:00Z,1.35844,1.35931,1.35639,1.35686,14202
2025-07-09T04:00:00Z,1.35687,1.36059,1.35664,1.35855,15687
2025-07-09T08:00:00Z,1.35855,1.36081,1.35737,1.35769,11086
2025-07-09T12:00:00Z,1.35775,1.36193,1.35762,1.35828,19381
2025-07-09T16:00:00Z,1.35831,1.36005,1.35787,1.35949,9727
2025-07-09T20:00:00Z,1.35948,1.35984,1.35759,1.35978,4095
2025-07-10T00:00:00Z,1.35977,1.36129,1.35947,1.36038,11145
2025-07-10T04:00:00Z,1.36040,1.36192,1.35997,1.36119,10747
2025-07-10T08:00:00Z,1.36117,1.36160,1.35720,1.35803,8885
2025-07-10T12:00:00Z,1.35803,1.35862,1.35329,1.35669,23465
2025-07-10T16:00:00Z,1.35670,1.35824,1.35597,1.35754,12981
2025-07-10T20:00:00Z,1.35754,1.35852,1.35549,1.35799,4905
2025-07-11T00:00:00Z,1.35799,1.35815,1.35448,1.35649,23564
2025-07-11T04:00:00Z,1.35648,1.35654,1.35323,1.35412,13702
2025-07-11T08:00:00Z,1.35416,1.35526,1.34971,1.35029,13222
2025-07-11T12:00:00Z,1.35029,1.35201,1.34807,1.35022,21000
2025-07-11T16:00:00Z,1.35021,1.35172,1.34956,1.34969,13056
2025-07-11T20:00:00Z,1.34969,1.34973,1.34843,1.34848,2386
2025-07-13T20:00:00Z,1.34859,1.34958,1.34795,1.34952,4323
2025-07-14T00:00:00Z,1.34952,1.35041,1.34714,1.34815,13631
2025-07-14T04:00:00Z,1.34815,1.34878,1.34514,1.34831,14203
2025-07-14T08:00:00Z,1.34830,1.34932,1.34713,1.34824,10815
2025-07-14T12:00:00Z,1.34823,1.34917,1.34306,1.34332,18779
2025-07-14T16:00:00Z,1.34330,1.34425,1.34240,1.34264,11010
2025-07-14T20:00:00Z,1.34263,1.34331,1.34208,1.34278,6102
2025-07-15T00:00:00Z,1.34273,1.34404,1.34263,1.34293,8355
2025-07-15T04:00:00Z,1.34296,1.34534,1.34274,1.34534,11683
2025-07-15T08:00:00Z,1.34531,1.34592,1.34409,1.34434,11432
2025-07-15T12:00:00Z,1.34434,1.34672,1.33798,1.33953,33943
2025-07-15T16:00:00Z,1.33957,1.33988,1.33787,1.33859,20688
2025-07-15T20:00:00Z,1.33858,1.33932,1.33770,1.33929,4841
2025-07-16T00:00:00Z,1.33930,1.34004,1.33822,1.33880,12951
2025-07-16T04:00:00Z,1.33880,1.34164,1.33864,1.33934,11995
2025-07-16T08:00:00Z,1.33932,1.34116,1.33838,1.34009,14131
2025-07-16T12:00:00Z,1.34008,1.34856,1.33646,1.34236,41933
2025-07-16T16:00:00Z,1.34234,1.34466,1.34044,1.34175,23785
2025-07-16T20:00:00Z,1.34175,1.34228,1.34086,1.34099,6145
2025-07-17T00:00:00Z,1.34098,1.34107,1.33839,1.33923,12314
2025-07-17T04:00:00Z,1.33924,1.34021,1.33739,1.33830,14090
2025-07-17T08:00:00Z,1.33830,1.34135,1.33802,1.33919,13131
2025-07-17T12:00:00Z,1.33921,1.34190,1.33798,1.34124,19816
2025-07-17T16:00:00Z,1.34126,1.34203,1.33968,1.34185,10071
2025-07-17T20:00:00Z,1.34184,1.34344,1.34055,1.34310,3904
2025-07-18T00:00:00Z,1.34312,1.34403,1.34266,1.34290,9409
2025-07-18T04:00:00Z,1.34291,1.34392,1.34105,1.34298,6833
2025-07-18T08:00:00Z,1.34297,1.34574,1.34295,1.34568,8931
2025-07-18T12:00:00Z,1.34570,1.34751,1.34338,1.34372,20433
2025-07-18T16:00:00Z,1.34371,1.34382,1.34085,1.34133,13036
2025-07-18T20:00:00Z,1.34133,1.34159,1.34056,1.34061,2522
2025-07-20T20:00:00Z,1.34149,1.34290,1.34042,1.34149,5137
2025-07-21T00:00:00Z,1.34148,1.34199,1.34019,1.34160,12512
2025-07-21T04:00:00Z,1.34158,1.34472,1.34134,1.34448,12733
2025-07-21T08:00:00Z,1.34448,1.34796,1.34408,1.34780,11029
2025-07-21T12:00:00Z,1.34780,1.35105,1.34664,1.34957,20587
2025-07-21T16:00:00Z,1.34954,1.34996,1.34833,1.34837,8352
2025-07-21T20:00:00Z,1.34833,1.34927,1.34717,1.34889,2981
2025-07-22T00:00:00Z,1.34892,1.34897,1.34763,1.34785,7070
2025-07-22T04:00:00Z,1.34784,1.34817,1.34615,1.34668,9347
2025-07-22T08:00:00Z,1.34668,1.34993,1.34645,1.34858,10341
2025-07-22T12:00:00Z,1.34856,1.35194,1.34708,1.35191,22910
2025-07-22T16:00:00Z,1.35192,1.35326,1.35175,1.35311,10502
2025-07-22T20:00:00Z,1.35309,1.35345,1.35118,1.35211,4273
2025-07-23T00:00:00Z,1.35209,1.35346,1.35162,1.35272,13885
2025-07-23T04:00:00Z,1.35273,1.35484,1.35151,1.35433,12985
2025-07-23T08:00:00Z,1.35434,1.35486,1.35326,1.35396,10172
2025-07-23T12:00:00Z,1.35394,1.35763,1.35232,1.35655,19476
2025-07-23T16:00:00Z,1.35655,1.35835,1.35538,1.35814,15487
2025-07-23T20:00:00Z,1.35815,1.35869,1.35683,1.35786,3889
2025-07-24T00:00:00Z,1.35786,1.35883,1.35706,1.35782,11777
2025-07-24T04:00:00Z,1.35781,1.35817,1.35563,1.35600,13307
2025-07-24T08:00:00Z,1.35599,1.35657,1.35351,1.35512,10399
2025-07-24T12:00:00Z,1.35515,1.35626,1.35216,1.35233,23798
2025-07-24T16:00:00Z,1.35234,1.35278,1.35047,1.35072,42125
2025-07-24T20:00:00Z,1.35073,1.35125,1.35023,1.35083,7905
2025-07-25T00:00:00Z,1.35082,1.35119,1.34878,1.34942,10706
2025-07-25T04:00:00Z,1.34940,1.35041,1.34666,1.34684,16130
2025-07-25T08:00:00Z,1.34684,1.34763,1.34387,1.34503,14643
2025-07-25T12:00:00Z,1.34504,1.34542,1.34158,1.34268,25581
2025-07-25T16:00:00Z,1.34270,1.34377,1.34166,1.34375,9988
2025-07-25T20:00:00Z,1.34377,1.34413,1.34293,1.34337,4083
2025-07-27T20:00:00Z,1.34238,1.34470,1.34228,1.34376,4778
2025-07-28T00:00:00Z,1.34376,1.34522,1.34293,1.34424,15972
2025-07-28T04:00:00Z,1.34426,1.34444,1.34056,1.34085,16646
2025-07-28T08:00:00Z,1.34086,1.34293,1.34023,1.34265,19973
2025-07-28T12:00:00Z,1.34268,1.34397,1.33910,1.33911,22677
2025-07-28T16:00:00Z,1.33909,1.33917,1.33511,1.33543,14270
2025-07-28T20:00:00Z,1.33542,1.33613,1.33505,1.33592,5250
2025-07-29T00:00:00Z,1.33592,1.33594,1.33402,1.33408,11523
2025-07-29T04:00:00Z,1.33404,1.33534,1.33151,1.33326,14882
2025-07-29T08:00:00Z,1.33327,1.33615,1.33266,1.33400,14800
2025-07-29T12:00:00Z,1.33402,1.33436,1.33073,1.33382,21644
2025-07-29T16:00:00Z,1.33381,1.33637,1.33354,1.33561,16273
2025-07-29T20:00:00Z,1.33563,1.33597,1.33309,1.33530,3386
2025-07-30T00:00:00Z,1.33536,1.33690,1.33524,1.33594,13123
2025-07-30T04:00:00Z,1.33592,1.33681,1.33412,1.33608,16038
2025-07-30T08:00:00Z,1.33609,1.33854,1.33571,1.33726,13801
2025-07-30T12:00:00Z,1.33727,1.33792,1.32709,1.32723,28667
2025-07-30T16:00:00Z,1.32723,1.33127,1.32275,1.32445,34863
2025-07-30T20:00:00Z,1.32448,1.32584,1.32257,1.32556,12510
2025-07-31T00:00:00Z,1.32556,1.32628,1.32413,1.32592,15837
2025-07-31T04:00:00Z,1.32592,1.32819,1.32439,1.32588,14215
2025-07-31T08:00:00Z,1.32590,1.32608,1.32094,1.32391,14137
2025-07-31T12:00:00Z,1.32387,1.32402,1.31853,1.32194,23867
2025-07-31T16:00:00Z,1.32195,1.32369,1.31989,1.32056,15562
2025-07-31T20:00:00Z,1.32054,1.32134,1.31979,1.32076,8197
2025-08-01T00:00:00Z,1.32076,1.32132,1.31897,1.32007,15861
2025-08-01T04:00:00Z,1.32006,1.32129,1.31859,1.31944,14114
2025-08-01T08:00:00Z,1.31941,1.31947,1.31412,1.31578,13598
2025-08-01T12:00:00Z,1.31582,1.33103,1.31410,1.32574,49760
2025-08-01T16:00:00Z,1.32574,1.32768,1.32152,1.32608,31753
2025-08-01T20:00:00Z,1.32612,1.32922,1.32608,1.32784,3918
2025-08-03T20:00:00Z,1.32700,1.32919,1.32685,1.32909,4036
2025-08-04T00:00:00Z,1.32908,1.32928,1.32533,1.32828,16462
2025-08-04T04:00:00Z,1.32827,1.32912,1.32645,1.32764,13782
2025-08-04T08:00:00Z,1.32766,1.33138,1.32653,1.32944,14889
2025-08-04T12:00:00Z,1.32945,1.33307,1.32781,1.32873,25288
2025-08-04T16:00:00Z,1.32874,1.32925,1.32718,1.32761,10053
2025-08-04T20:00:00Z,1.32762,1.32994,1.32743,1.32972,5496
2025-08-05T00:00:00Z,1.32972,1.33027,1.32761,1.32768,13979
2025-08-05T04:00:00Z,1.32768,1.32951,1.32593,1.32726,11871
2025-08-05T08:00:00Z,1.32724,1.32949,1.32661,1.32803,12937
2025-08-05T12:00:00Z,1.32805,1.33089,1.32683,1.33070,30663
2025-08-05T16:00:00Z,1.33071,1.33157,1.32887,1.32960,18028
2025-08-05T20:00:00Z,1.32960,1.33015,1.32887,1.32980,5158
2025-08-06T00:00:00Z,1.32979,1.33097,1.32945,1.33090,10790
2025-08-06T04:00:00Z,1.33087,1.33138,1.32897,1.33027,9273
2025-08-06T08:00:00Z,1.33026,1.33301,1.32814,1.33174,11429
2025-08-06T12:00:00Z,1.33174,1.33584,1.33077,1.33579,18969
2025-08-06T16:00:00Z,1.33582,1.33680,1.33418,1.33568,11282
2025-08-06T20:00:00Z,1.33567,1.33602,1.33442,1.33571,8338
2025-08-07T00:00:00Z,1.33571,1.33608,1.33456,1.33597,10650
2025-08-07T04:00:00Z,1.33596,1.33797,1.33577,1.33741,10541
2025-08-07T08:00:00Z,1.33739,1.34317,1.33630,1.34129,16002
2025-08-07T12:00:00Z,1.34127,1.34365,1.33903,1.34307,23485
2025-08-07T16:00:00Z,1.34309,1.34438,1.34033,1.34429,14841
2025-08-07T20:00:00Z,1.34427,1.34522,1.34352,1.34509,6480
2025-08-08T00:00:00Z,1.34514,1.34529,1.34339,1.34386,10789
2025-08-08T04:00:00Z,1.34387,1.34486,1.34242,1.34416,8878
2025-08-08T08:00:00Z,1.34419,1.34529,1.34269,1.34404,12451
2025-08-08T12:00:00Z,1.34404,1.34541,1.34177,1.34420,15892
2025-08-08T16:00:00Z,1.34421,1.34587,1.34385,1.34497,8041
2025-08-08T20:00:00Z,1.34497,1.34531,1.34437,1.34447,1588
2025-08-10T20:00:00Z,1.34396,1.34502,1.34244,1.34430,1419
2025-08-11T00:00:00Z,1.34430,1.34658,1.34364,1.34651,7554
2025-08-11T04:00:00Z,1.34650,1.34764,1.34478,1.34534,9263
2025-08-11T08:00:00Z,1.34532,1.34689,1.34250,1.34299,8218
2025-08-11T12:00:00Z,1.34303,1.34324,1.33990,1.34142,15893
2025-08-11T16:00:00Z,1.34144,1.34370,1.34142,1.34272,13297
2025-08-11T20:00:00Z,1.34271,1.34355,1.34231,1.34334,4138
2025-08-12T00:00:00Z,1.34332,1.34393,1.34277,1.34327,8248
2025-08-12T04:00:00Z,1.34326,1.34598,1.34200,1.34587,13753
2025-08-12T08:00:00Z,1.34588,1.34722,1.34460,1.34568,13193
2025-08-12T12:00:00Z,1.34575,1.35236,1.34527,1.35062,36038
2025-08-12T16:00:00Z,1.35063,1.35209,1.34880,1.34951,12915
2025-08-12T20:00:00Z,1.34950,1.35059,1.34921,1.35040,6007
2025-08-13T00:00:00Z,1.35040,1.35076,1.34923,1.35031,9020
2025-08-13T04:00:00Z,1.35031,1.35471,1.34994,1.35443,8622
2025-08-13T08:00:00Z,1.35442,1.35783,1.35430,1.35762,12958
2025-08-13T12:00:00Z,1.35763,1.35848,1.35537,1.35708,16947
2025-08-13T16:00:00Z,1.35705,1.35786,1.35631,1.35735,5901
2025-08-13T20:00:00Z,1.35735,1.35851,1.35635,1.35849,3232
2025-08-14T00:00:00Z,1.35848,1.35914,1.35702,1.35734,12347
2025-08-14T04:00:00Z,1.35731,1.35911,1.35683,1.35728,13971
2025-08-14T08:00:00Z,1.35729,1.35945,1.35627,1.35735,10726
2025-08-14T12:00:00Z,1.35736,1.35820,1.35268,1.35296,28307
2025-08-14T16:00:00Z,1.35295,1.35390,1.35205,1.35368,10358
2025-08-14T20:00:00Z,1.35367,1.35380,1.35224,1.35296,3423
2025-08-15T00:00:00Z,1.35295,1.35510,1.35266,1.35470,8791
2025-08-15T04:00:00Z,1.35470,1.35600,1.35423,1.35551,7294
2025-08-15T08:00:00Z,1.35549,1.35638,1.35456,1.35594,6846
2025-08-15T12:00:00Z,1.35595,1.35747,1.35454,1.35623,22918
2025-08-15T16:00:00Z,1.35626,1.35639,1.35496,1.35551,6715
2025-08-15T20:00:00Z,1.35551,1.35582,1.35501,1.35530,3281
2025-08-17T20:00:00Z,1.35478,1.35636,1.35478,1.35558,1821
2025-08-18T00:00:00Z,1.35557,1.35622,1.35487,1.35557,7050
2025-08-18T04:00:00Z,1.35558,1.35646,1.35379,1.35387,11306
2025-08-18T08:00:00Z,1.35386,1.35540,1.35306,1.35380,11209
2025-08-18T12:00:00Z,1.35382,1.35461,1.35108,1.35189,15206
2025-08-18T16:00:00Z,1.35188,1.35211,1.35028,1.35060,9858
2025-08-18T20:00:00Z,1.35058,1.35135,1.34982,1.35076,3213
2025-08-19T00:00:00Z,1.35077,1.35100,1.34864,1.35003,10576
2025-08-19T04:00:00Z,1.35001,1.35225,1.34960,1.35208,13327
2025-08-19T08:00:00Z,1.35209,1.35310,1.35102,1.35211,8684
2025-08-19T12:00:00Z,1.35213,1.35256,1.34901,1.34929,15662
2025-08-19T16:00:00Z,1.34928,1.34954,1.34772,1.34893,9839
2025-08-19T20:00:00Z,1.34893,1.34927,1.34830,1.34847,4570
2025-08-20T00:00:00Z,1.34846,1.34858,1.34615,1.34721,17158
2025-08-20T04:00:00Z,1.34721,1.35093,1.34715,1.35088,16401
2025-08-20T08:00:00Z,1.35089,1.35092,1.34714,1.34714,8890
2025-08-20T12:00:00Z,1.34717,1.34954,1.34474,1.34487,21440
2025-08-20T16:00:00Z,1.34488,1.34703,1.34481,1.34537,8566
2025-08-20T20:00:00Z,1.34538,1.34666,1.34493,1.34659,4728
2025-08-21T00:00:00Z,1.34658,1.34658,1.34477,1.34536,7158
2025-08-21T04:00:00Z,1.34535,1.34585,1.34351,1.34555,8198
2025-08-21T08:00:00Z,1.34557,1.34824,1.34508,1.34543,12118
2025-08-21T12:00:00Z,1.34546,1.34728,1.34097,1.34139,23185
2025-08-21T16:00:00Z,1.34141,1.34265,1.34055,1.34123,14792
2025-08-21T20:00:00Z,1.34122,1.34194,1.34073,1.34176,3750
2025-08-22T00:00:00Z,1.34176,1.34232,1.34001,1.34013,9827
2025-08-22T04:00:00Z,1.34014,1.34102,1.33905,1.34058,13881
2025-08-22T08:00:00Z,1.34060,1.34189,1.34051,1.34149,10527
2025-08-22T12:00:00Z,1.34149,1.35440,1.34110,1.35253,36320
2025-08-22T16:00:00Z,1.35253,1.35440,1.35170,1.35181,12464
2025-08-22T20:00:00Z,1.35182,1.35294,1.35177,1.35201,2378
2025-08-24T20:00:00Z,1.35111,1.35244,1.35075,1.35080,4490
2025-08-25T00:00:00Z,1.35080,1.35123,1.34892,1.35108,9373
2025-08-25T04:00:00Z,1.35111,1.35270,1.35026,1.35032,8607
2025-08-25T08:00:00Z,1.35032,1.35192,1.34836,1.35190,9653
2025-08-25T12:00:00Z,1.35190,1.35204,1.34845,1.34892,22531
2025-08-25T16:00:00Z,1.34892,1.34925,1.34460,1.34535,11673
2025-08-25T20:00:00Z,1.34535,1.34616,1.34478,1.34542,4899
2025-08-26T00:00:00Z,1.34541,1.34901,1.34478,1.34516,22686
2025-08-26T04:00:00Z,1.34515,1.34678,1.34345,1.34553,19078
2025-08-26T08:00:00Z,1.34555,1.34930,1.34554,1.34876,15542
2025-08-26T12:00:00Z,1.34877,1.34924,1.34700,1.34815,27795
2025-08-26T16:00:00Z,1.34817,1.34927,1.34680,1.34786,10621
2025-08-26T20:00:00Z,1.34785,1.34822,1.34636,1.34766,5033
2025-08-27T00:00:00Z,1.34767,1.34777,1.34552,1.34572,10162
2025-08-27T04:00:00Z,1.34575,1.34655,1.34414,1.34532,13900
2025-08-27T08:00:00Z,1.34530,1.34531,1.34165,1.34304,17009
2025-08-27T12:00:00Z,1.34306,1.34733,1.34306,1.34659,19468
2025-08-27T16:00:00Z,1.34659,1.35016,1.34658,1.34975,16514
2025-08-27T20:00:00Z,1.34974,1.35057,1.34799,1.35035,6061
2025-08-28T00:00:00Z,1.35036,1.35181,1.34970,1.35078,10802
2025-08-28T04:00:00Z,1.35079,1.35129,1.34878,1.34990,10888
2025-08-28T08:00:00Z,1.34989,1.35263,1.34829,1.35144,16518
2025-08-28T12:00:00Z,1.35146,1.35271,1.34888,1.35146,26338
2025-08-28T16:00:00Z,1.35144,1.35305,1.35106,1.35119,9815
2025-08-28T20:00:00Z,1.35116,1.35124,1.35030,1.35080,7869
2025-08-29T00:00:00Z,1.35080,1.35113,1.34951,1.34985,16204
2025-08-29T04:00:00Z,1.34986,1.35031,1.34838,1.34914,12153
2025-08-29T08:00:00Z,1.34911,1.34941,1.34503,1.34528,17064
2025-08-29T12:00:00Z,1.34530,1.35161,1.34461,1.35074,31261
2025-08-29T16:00:00Z,1.35075,1.35152,1.34993,1.35151,11004
2025-08-29T20:00:00Z,1.35153,1.35170,1.34974,1.34977,2346
2025-08-31T20:00:00Z,1.34942,1.35074,1.34942,1.35031,1770
2025-09-01T00:00:00Z,1.35032,1.35288,1.35021,1.35227,13664
2025-09-01T04:00:00Z,1.35226,1.35403,1.35150,1.35300,11740
2025-09-01T08:00:00Z,1.35300,1.35372,1.35221,1.35239,13211
2025-09-01T12:00:00Z,1.35240,1.35496,1.35237,1.35410,11840
2025-09-01T16:00:00Z,1.35410,1.35490,1.35393,1.35484,3611
2025-09-01T20:00:00Z,1.35481,1.35496,1.35354,1.35461,1816
2025-09-02T00:00:00Z,1.35460,1.35479,1.35235,1.35254,11638
2025-09-02T04:00:00Z,1.35253,1.35333,1.33939,1.34029,21598
2025-09-02T08:00:00Z,1.34031,1.34341,1.33692,1.33835,29393
2025-09-02T12:00:00Z,1.33836,1.34184,1.33400,1.33893,29105
2025-09-02T16:00:00Z,1.33895,1.33934,1.33746,1.33901,12317
2025-09-02T20:00:00Z,1.33900,1.33973,1.33813,1.33818,4208
2025-09-03T00:00:00Z,1.33814,1.33831,1.33613,1.33613,8314
2025-09-03T04:00:00Z,1.33614,1.33906,1.33331,1.33661,15591
2025-09-03T08:00:00Z,1.33662,1.34171,1.33662,1.34112,19194
2025-09-03T12:00:00Z,1.34112,1.34539,1.34083,1.34475,27028
2025-09-03T16:00:00Z,1.34475,1.34581,1.34345,1.34382,11152
2025-09-03T20:00:00Z,1.34381,1.34460,1.34314,1.34405,5316
2025-09-04T00:00:00Z,1.34407,1.34497,1.34256,1.34276,13496
2025-09-04T04:00:00Z,1.34278,1.34407,1.34162,1.34270,10913
2025-09-04T08:00:00Z,1.34269,1.34590,1.34252,1.34333,14859
2025-09-04T12:00:00Z,1.34333,1.34548,1.34170,1.34383,26325
2025-09-04T16:00:00Z,1.34383,1.34394,1.34172,1.34357,7931
2025-09-04T20:00:00Z,1.34355,1.34446,1.34215,1.34435,3696
2025-09-05T00:00:00Z,1.34437,1.34567,1.34415,1.34534,10988
2025-09-05T04:00:00Z,1.34537,1.34717,1.34477,1.34642,10844
2025-09-05T08:00:00Z,1.34637,1.34854,1.34615,1.34620,11257
2025-09-05T12:00:00Z,1.34620,1.35543,1.34577,1.35410,44240
2025-09-05T16:00:00Z,1.35408,1.35421,1.35006,1.35026,13043
2025-09-05T20:00:00Z,1.35026,1.35101,1.35017,1.35038,4036
2025-09-07T20:00:00Z,1.35017,1.35040,1.34819,1.34922,4528
2025-09-08T00:00:00Z,1.34922,1.35054,1.34831,1.34953,15457
2025-09-08T04:00:00Z,1.34951,1.35257,1.34862,1.35158,14456
2025-09-08T08:00:00Z,1.35158,1.35360,1.35020,1.35288,14108
2025-09-08T12:00:00Z,1.35287,1.35563,1.35270,1.35462,21431
2025-09-08T16:00:00Z,1.35461,1.35547,1.35271,1.35504,13630
2025-09-08T20:00:00Z,1.35501,1.35577,1.35399,1.35525,3938
2025-09-09T00:00:00Z,1.35526,1.35712,1.35499,1.35593,7720
2025-09-09T04:00:00Z,1.35594,1.35822,1.35577,1.35651,10649
2025-09-09T08:00:00Z,1.35650,1.35902,1.35570,1.35582,15597
2025-09-09T12:00:00Z,1.35581,1.35739,1.35225,1.35311,27797
2025-09-09T16:00:00Z,1.35311,1.35463,1.35180,1.35193,12156
2025-09-09T20:00:00Z,1.35191,1.35303,1.35151,1.35202,5473
2025-09-10T00:00:00Z,1.35203,1.35361,1.35142,1.35323,13264
2025-09-10T04:00:00Z,1.35324,1.35433,1.35126,1.35332,13730
2025-09-10T08:00:00Z,1.35332,1.35453,1.35193,1.35338,16039
2025-09-10T12:00:00Z,1.35339,1.35638,1.35230,1.35462,23777
2025-09-10T16:00:00Z,1.35464,1.35489,1.35211,1.35304,11371
2025-09-10T20:00:00Z,1.35305,1.35398,1.35198,1.35328,3610
2025-09-11T00:00:00Z,1.35327,1.35336,1.35219,1.35274,10087
2025-09-11T04:00:00Z,1.35275,1.35283,1.35032,1.35154,10871
2025-09-11T08:00:00Z,1.35155,1.35226,1.34937,1.35072,15025
2025-09-11T12:00:00Z,1.35072,1.35788,1.34919,1.35656,36269
2025-09-11T16:00:00Z,1.35659,1.35827,1.35655,1.35775,11813
2025-09-11T20:00:00Z,1.35776,1.35803,1.35674,1.35737,5679
2025-09-12T00:00:00Z,1.35736,1.35754,1.35530,1.35548,12161
2025-09-12T04:00:00Z,1.35549,1.35748,1.35445,1.35637,12239
2025-09-12T08:00:00Z,1.35637,1.35637,1.35300,1.35483,19401
2025-09-12T12:00:00Z,1.35484,1.35695,1.35237,1.35449,24115
2025-09-12T16:00:00Z,1.35451,1.35707,1.35404,1.35614,8404
2025-09-12T20:00:00Z,1.35611,1.35616,1.35527,1.35567,2607
2025-09-14T20:00:00Z,1.35393,1.35645,1.35393,1.35524,2204
2025-09-15T00:00:00Z,1.35529,1.35674,1.35485,1.35646,5421
2025-09-15T04:00:00Z,1.35646,1.35938,1.35532,1.35818,10794
2025-09-15T08:00:00Z,1.35817,1.36193,1.35784,1.36148,12702
2025-09-15T12:00:00Z,1.36150,1.36196,1.35845,1.36068,18778
2025-09-15T16:00:00Z,1.36065,1.36110,1.35943,1.36089,8225
2025-09-15T20:00:00Z,1.36090,1.36108,1.35953,1.36008,3547
2025-09-16T00:00:00Z,1.36007,1.36247,1.35977,1.36170,8922
2025-09-16T04:00:00Z,1.36169,1.36427,1.36121,1.36280,10769
2025-09-16T08:00:00Z,1.36279,1.36496,1.36240,1.36427,18294
2025-09-16T12:00:00Z,1.36426,1.36717,1.36250,1.36528,25217
2025-09-16T16:00:00Z,1.36528,1.36677,1.36501,1.36510,10888
2025-09-16T20:00:00Z,1.36508,1.36552,1.36410,1.36524,6123
2025-09-17T00:00:00Z,1.36527,1.36588,1.36389,1.36430,10378
2025-09-17T04:00:00Z,1.36428,1.36531,1.36296,1.36345,8840
2025-09-17T08:00:00Z,1.36345,1.36564,1.36318,1.36466,9531
2025-09-17T12:00:00Z,1.36466,1.36690,1.36428,1.36585,14138
2025-09-17T16:00:00Z,1.36586,1.37261,1.36246,1.36368,38073
2025-09-17T20:00:00Z,1.36368,1.36381,1.36155,1.36290,7801
2025-09-18T00:00:00Z,1.36293,1.36304,1.36099,1.36206,11456
2025-09-18T04:00:00Z,1.36209,1.36402,1.35861,1.36327,15097
2025-09-18T08:00:00Z,1.36327,1.36605,1.36128,1.36213,16380
2025-09-18T12:00:00Z,1.36213,1.36229,1.35336,1.35479,51392
2025-09-18T16:00:00Z,1.35477,1.35631,1.35415,1.35483,42003
2025-09-18T20:00:00Z,1.35484,1.35563,1.35442,1.35546,9633
2025-09-19T00:00:00Z,1.35546,1.35591,1.35306,1.35505,18353
2025-09-19T04:00:00Z,1.35506,1.35594,1.34847,1.34908,27663
2025-09-19T08:00:00Z,1.34907,1.35102,1.34728,1.34774,19164
2025-09-19T12:00:00Z,1.34775,1.34978,1.34626,1.34821,33392
2025-09-19T16:00:00Z,1.34822,1.34850,1.34664,1.34722,9352
2025-09-19T20:00:00Z,1.34722,1.34740,1.34648,1.34666,4406
2025-09-21T20:00:00Z,1.34597,1.34725,1.34594,1.34624,5177
2025-09-22T00:00:00Z,1.34623,1.34743,1.34573,1.34619,16135
2025-09-22T04:00:00Z,1.34619,1.34828,1.34528,1.34784,14475
2025-09-22T08:00:00Z,1.34782,1.35063,1.34764,1.34978,13882
2025-09-22T12:00:00Z,1.34979,1.35158,1.34898,1.35020,19954
2025-09-22T16:00:00Z,1.35021,1.35203,1.34995,1.35156,10197
2025-09-22T20:00:00Z,1.35156,1.35165,1.35020,1.35138,4792
2025-09-23T00:00:00Z,1.35138,1.35269,1.35029,1.35153,10756
2025-09-23T04:00:00Z,1.35154,1.35225,1.35022,1.35202,15032
2025-09-23T08:00:00Z,1.35199,1.35279,1.34868,1.35143,19401
2025-09-23T12:00:00Z,1.35144,1.35362,1.35058,1.35163,26590
2025-09-23T16:00:00Z,1.35168,1.35269,1.35067,1.35249,15483
2025-09-23T20:00:00Z,1.35246,1.35277,1.35149,1.35239,6007
2025-09-24T00:00:00Z,1.35240,1.35257,1.35061,1.35068,10067
2025-09-24T04:00:00Z,1.35068,1.35118,1.34814,1.34844,8790
2025-09-24T08:00:00Z,1.34843,1.34874,1.34551,1.34574,21921
2025-09-24T12:00:00Z,1.34571,1.34707,1.34263,1.34470,29555
2025-09-24T16:00:00Z,1.34470,1.34556,1.34389,1.34459,14381
2025-09-24T20:00:00Z,1.34458,1.34532,1.34385,1.34491,5378
2025-09-25T00:00:00Z,1.34493,1.34626,1.34485,1.34612,10391
2025-09-25T04:00:00Z,1.34613,1.34669,1.34363,1.34372,10553
2025-09-25T08:00:00Z,1.34371,1.34591,1.34176,1.34214,14827
2025-09-25T12:00:00Z,1.34214,1.34231,1.33410,1.33481,36936
2025-09-25T16:00:00Z,1.33480,1.33571,1.33235,1.33363,18500
2025-09-25T20:00:00Z,1.33365,1.33468,1.33313,1.33350,5370
2025-09-26T00:00:00Z,1.33349,1.33553,1.33293,1.33538,7008
2025-09-26T04:00:00Z,1.33537,1.33695,1.33446,1.33524,11337
2025-09-26T08:00:00Z,1.33524,1.33705,1.33430,1.33501,10747
2025-09-26T12:00:00Z,1.33496,1.34127,1.33484,1.34015,31627
2025-09-26T16:00:00Z,1.34015,1.34111,1.33961,1.34075,10417
2025-09-26T20:00:00Z,1.34074,1.34089,1.33975,1.33990,1794
2025-09-28T20:00:00Z,1.33880,1.34106,1.33759,1.34069,1551
2025-09-29T00:00:00Z,1.34068,1.34342,1.34062,1.34317,9536
2025-09-29T04:00:00Z,1.34318,1.34494,1.34280,1.34460,9648
2025-09-29T08:00:00Z,1.34461,1.34503,1.34244,1.34471,13331
2025-09-29T12:00:00Z,1.34471,1.34565,1.34157,1.34320,21829
2025-09-29T16:00:00Z,1.34325,1.34385,1.34228,1.34359,8057
2025-09-29T20:00:00Z,1.34356,1.34375,1.34181,1.34347,3264
2025-09-30T00:00:00Z,1.34346,1.34386,1.34201,1.34352,10179
2025-09-30T04:00:00Z,1.34352,1.34514,1.34275,1.34467,12878
2025-09-30T08:00:00Z,1.34466,1.34519,1.34245,1.34367,14273
2025-09-30T12:00:00Z,1.34369,1.34669,1.34131,1.34428,27682
2025-09-30T16:00:00Z,1.34428,1.34635,1.34392,1.34486,12135
2025-09-30T20:00:00Z,1.34488,1.34513,1.34378,1.34424,5084
2025-10-01T00:00:00Z,1.34423,1.34440,1.34346,1.34403,8199
2025-10-01T04:00:00Z,1.34403,1.34774,1.34403,1.34666,17683
2025-10-01T08:00:00Z,1.34668,1.34884,1.34574,1.34818,17175
2025-10-01T12:00:00Z,1.34815,1.35273,1.34693,1.34712,41081
2025-10-01T16:00:00Z,1.34712,1.34893,1.34650,1.34794,11473
2025-10-01T20:00:00Z,1.34794,1.34830,1.34698,1.34782,4406
2025-10-02T00:00:00Z,1.34780,1.34874,1.34670,1.34777,8298
2025-10-02T04:00:00Z,1.34778,1.35003,1.34686,1.34941,12703
2025-10-02T08:00:00Z,1.34942,1.35101,1.34707,1.34760,14115
2025-10-02T12:00:00Z,1.34760,1.34827,1.34007,1.34210,27079
2025-10-02T16:00:00Z,1.34210,1.34517,1.34202,1.34429,14018
2025-10-02T20:00:00Z,1.34428,1.34544,1.34271,1.34461,3831
2025-10-03T00:00:00Z,1.34460,1.34505,1.34328,1.34445,6237
2025-10-03T04:00:00Z,1.34445,1.34609,1.34288,1.34601,8265
2025-10-03T08:00:00Z,1.34601,1.34671,1.34522,1.34576,4132
2025-10-03T16:00:00Z,1.34709,1.34839,1.34625,1.34825,4038
2025-10-03T20:00:00Z,1.34827,1.34870,1.34743,1.34744,2080
2025-10-05T20:00:00Z,1.34440,1.34482,1.34223,1.34316,9339
2025-10-06T00:00:00Z,1.34319,1.34580,1.34275,1.34516,9789
2025-10-06T04:00:00Z,1.34516,1.34640,1.34306,1.34434,21423
2025-10-06T08:00:00Z,1.34432,1.34447,1.34162,1.34245,36746
2025-10-06T12:00:00Z,1.34245,1.34839,1.34231,1.34746,27886
2025-10-06T16:00:00Z,1.34744,1.34898,1.34657,1.34814,9739
2025-10-06T20:00:00Z,1.34815,1.34870,1.34773,1.34838,6324
2025-10-07T00:00:00Z,1.34842,1.34842,1.34724,1.34758,8782
2025-10-07T04:00:00Z,1.34757,1.34803,1.34292,1.34365,15752
2025-10-07T08:00:00Z,1.34365,1.34449,1.33921,1.34011,18820
2025-10-07T12:00:00Z,1.34009,1.34543,1.33936,1.34400,30834
2025-10-07T16:00:00Z,1.34401,1.34518,1.34155,1.34209,12118
2025-10-07T20:00:00Z,1.34208,1.34282,1.34186,1.34199,3910
2025-10-08T00:00:00Z,1.34203,1.34212,1.33902,1.33992,15815
2025-10-08T04:00:00Z,1.33993,1.34174,1.33839,1.34171,10696
2025-10-08T08:00:00Z,1.34168,1.34271,1.34002,1.34069,13908
2025-10-08T12:00:00Z,1.34069,1.34383,1.33865,1.33886,18976
2025-10-08T16:00:00Z,1.33886,1.34005,1.33707,1.33994,11822
2025-10-08T20:00:00Z,1.33994,1.34074,1.33961,1.34000,7309
2025-10-09T00:00:00Z,1.33999,1.34186,1.33991,1.34146,8015
2025-10-09T04:00:00Z,1.34145,1.34164,1.33497,1.33522,14316
2025-10-09T08:00:00Z,1.33521,1.33898,1.33425,1.33748,19392
2025-10-09T12:00:00Z,1.33750,1.33950,1.32909,1.33086,31557
2025-10-09T16:00:00Z,1.33086,1.33148,1.32795,1.32963,13248
2025-10-09T20:00:00Z,1.32962,1.33074,1.32864,1.33027,4771
2025-10-10T00:00:00Z,1.33024,1.33137,1.32958,1.33116,7053
2025-10-10T04:00:00Z,1.33115,1.33140,1.32791,1.33027,17948
2025-10-10T08:00:00Z,1.33026,1.33126,1.32612,1.32719,16814
2025-10-10T12:00:00Z,1.32719,1.33708,1.32683,1.33425,40053
2025-10-10T16:00:00Z,1.33421,1.33571,1.33314,1.33497,22450
2025-10-10T20:00:00Z,1.33495,1.33598,1.33353,1.33533,5032
2025-10-12T20:00:00Z,1.33438,1.33532,1.33264,1.33353,6722
2025-10-13T00:00:00Z,1.33353,1.33628,1.33347,1.33529,12213
2025-10-13T04:00:00Z,1.33530,1.33661,1.33299,1.33348,14444
2025-10-13T08:00:00Z,1.33345,1.33523,1.33148,1.33309,16014
2025-10-13T12:00:00Z,1.33312,1.33398,1.33191,1.33283,18055
2025-10-13T16:00:00Z,1.33282,1.33400,1.33252,1.33305,8012
2025-10-13T20:00:00Z,1.33306,1.33370,1.33230,1.33318,5448
2025-10-14T00:00:00Z,1.33317,1.33498,1.33256,1.33452,8973
2025-10-14T04:00:00Z,1.33452,1.33520,1.32524,1.32567,23765
2025-10-14T08:00:00Z,1.32565,1.32839,1.32533,1.32685,20616
2025-10-14T12:00:00Z,1.32684,1.33188,1.32484,1.33174,39001
2025-10-14T16:00:00Z,1.33174,1.33320,1.33067,1.33252,20655
2025-10-14T20:00:00Z,1.33251,1.33268,1.33138,1.33217,4859
2025-10-15T00:00:00Z,1.33215,1.33537,1.33199,1.33509,13738
2025-10-15T04:00:00Z,1.33510,1.33732,1.33417,1.33497,13404
2025-10-15T08:00:00Z,1.33497,1.33665,1.33356,1.33516,17705
2025-10-15T12:00:00Z,1.33518,1.34031,1.33346,1.33935,33839
2025-10-15T16:00:00Z,1.33940,1.33944,1.33701,1.33931,15733
2025-10-15T20:00:00Z,1.33931,1.34077,1.33918,1.34028,5856
2025-10-16T00:00:00Z,1.34028,1.34419,1.33995,1.34219,15362
2025-10-16T04:00:00Z,1.34217,1.34279,1.34038,1.34264,16831
2025-10-16T08:00:00Z,1.34265,1.34481,1.34213,1.34403,16920
2025-10-16T12:00:00Z,1.34402,1.34544,1.34116,1.34226,30376
2025-10-16T16:00:00Z,1.34225,1.34476,1.34143,1.34339,26409
2025-10-16T20:00:00Z,1.34339,1.34452,1.34244,1.34436,6991
2025-10-17T00:00:00Z,1.34439,1.34520,1.34309,1.34479,13382
2025-10-17T04:00:00Z,1.34479,1.34714,1.34239,1.34322,28190
2025-10-17T08:00:00Z,1.34323,1.34431,1.34108,1.34346,23562
2025-10-17T12:00:00Z,1.34349,1.34356,1.33907,1.34216,39101
2025-10-17T16:00:00Z,1.34218,1.34386,1.34101,1.34374,14531
2025-10-17T20:00:00Z,1.34375,1.34375,1.34189,1.34189,4228
2025-10-19T20:00:00Z,1.34266,1.34306,1.34167,1.34247,3033
2025-10-20T00:00:00Z,1.34247,1.34427,1.34215,1.34399,14221
2025-10-20T04:00:00Z,1.34399,1.34426,1.34052,1.34156,16002
2025-10-20T08:00:00Z,1.34154,1.34386,1.33997,1.34114,17439
2025-10-20T12:00:00Z,1.34116,1.34296,1.34015,1.34199,23795
2025-10-20T16:00:00Z,1.34197,1.34233,1.34000,1.34058,12873
2025-10-20T20:00:00Z,1.34060,1.34107,1.34018,1.34038,3381
2025-10-21T00:00:00Z,1.34038,1.34159,1.33893,1.33927,11533
2025-10-21T04:00:00Z,1.33924,1.33970,1.33718,1.33928,17197
2025-10-21T08:00:00Z,1.33929,1.33943,1.33660,1.33842,22187
2025-10-21T12:00:00Z,1.33846,1.33936,1.33607,1.33885,32815
2025-10-21T16:00:00Z,1.33886,1.33978,1.33650,1.33718,31959
2025-10-21T20:00:00Z,1.33719,1.33720,1.33623,1.33648,3464
2025-10-22T00:00:00Z,1.33650,1.33800,1.33635,1.33738,12989
2025-10-22T04:00:00Z,1.33739,1.33866,1.33190,1.33219,17326
2025-10-22T08:00:00Z,1.33218,1.33329,1.33054,1.33275,20994
2025-10-22T12:00:00Z,1.33276,1.33743,1.33098,1.33698,29024
2025-10-22T16:00:00Z,1.33699,1.33763,1.33523,1.33562,16352
2025-10-22T20:00:00Z,1.33562,1.33617,1.33478,1.33503,4242
2025-10-23T00:00:00Z,1.33502,1.33503,1.33325,1.33329,7875
2025-10-23T04:00:00Z,1.33328,1.33569,1.33291,1.33507,12413
2025-10-23T08:00:00Z,1.33505,1.33552,1.33334,1.33358,13732
2025-10-23T12:00:00Z,1.33358,1.33499,1.33107,1.33207,28594
2025-10-23T16:00:00Z,1.33209,1.33264,1.33075,1.33237,13305
2025-10-23T20:00:00Z,1.33238,1.33295,1.33182,1.33265,5898
2025-10-24T00:00:00Z,1.33266,1.33321,1.33174,1.33250,13024
2025-10-24T04:00:00Z,1.33252,1.33333,1.33110,1.33157,16054
2025-10-24T08:00:00Z,1.33154,1.33263,1.32999,1.33056,21132
2025-10-24T12:00:00Z,1.33059,1.33716,1.32904,1.32960,38370
2025-10-24T16:00:00Z,1.32957,1.33121,1.32870,1.33116,8318
2025-10-24T20:00:00Z,1.33117,1.33175,1.33042,1.33043,5935
2025-10-26T20:00:00Z,1.33217,1.33271,1.33170,1.33214,4634
2025-10-27T00:00:00Z,1.33213,1.33355,1.33173,1.33216,12448
2025-10-27T04:00:00Z,1.33219,1.33343,1.33103,1.33152,10564
2025-10-27T08:00:00Z,1.33152,1.33528,1.33104,1.33477,19576
2025-10-27T12:00:00Z,1.33477,1.33515,1.33172,1.33273,29585
2025-10-27T16:00:00Z,1.33287,1.33388,1.33231,1.33347,9688
2025-10-27T20:00:00Z,1.33346,1.33444,1.33323,1.33401,7591
2025-10-28T00:00:00Z,1.33403,1.33583,1.33367,1.33557,11383
2025-10-28T04:00:00Z,1.33556,1.33694,1.33314,1.33359,13703
2025-10-28T08:00:00Z,1.33359,1.33379,1.33004,1.33076,24266
2025-10-28T12:00:00Z,1.33086,1.33134,1.32472,1.32769,28689
2025-10-28T16:00:00Z,1.32769,1.32909,1.32696,1.32726,13531
2025-10-28T20:00:00Z,1.32726,1.32786,1.32685,1.32781,3419
2025-10-29T00:00:00Z,1.32780,1.32804,1.32503,1.32520,18042
2025-10-29T04:00:00Z,1.32519,1.32545,1.32202,1.32279,13401
2025-10-29T08:00:00Z,1.32279,1.32292,1.31973,1.32174,19014
2025-10-29T12:00:00Z,1.32176,1.32470,1.31944,1.32412,30460
2025-10-29T16:00:00Z,1.32411,1.32443,1.31398,1.31940,45743
2025-10-29T20:00:00Z,1.31940,1.32009,1.31804,1.31945,9560
2025-10-30T00:00:00Z,1.31944,1.32100,1.31871,1.32022,16010
2025-10-30T04:00:00Z,1.32023,1.32185,1.31920,1.31976,16397
2025-10-30T08:00:00Z,1.31976,1.32108,1.31740,1.31781,22678
2025-10-30T12:00:00Z,1.31778,1.31852,1.31161,1.31459,32657
2025-10-30T16:00:00Z,1.31463,1.31599,1.31346,1.31442,15017
2025-10-30T20:00:00Z,1.31446,1.31598,1.31428,1.31583,4413
2025-10-31T00:00:00Z,1.31585,1.31646,1.31498,1.31515,9572
2025-10-31T04:00:00Z,1.31517,1.31569,1.31247,1.31451,12886
2025-10-31T08:00:00Z,1.31452,1.31480,1.31147,1.31284,15526
2025-10-31T12:00:00Z,1.31284,1.31389,1.30965,1.31382,32706
2025-10-31T16:00:00Z,1.31384,1.31437,1.31228,1.31361,10957
2025-10-31T20:00:00Z,1.31359,1.31507,1.31356,1.31474,3976
2025-11-02T20:00:00Z,1.31289,1.31418,1.31272,1.31332,6323
2025-11-03T00:00:00Z,1.31333,1.31419,1.31299,1.31390,9135
2025-11-03T04:00:00Z,1.31390,1.31487,1.31341,1.31379,7910
2025-11-03T08:00:00Z,1.31376,1.31385,1.31171,1.31274,15387
2025-11-03T12:00:00Z,1.31274,1.31472,1.31080,1.31459,26986
2025-11-03T16:00:00Z,1.31460,1.31621,1.31342,1.31373,19880
2025-11-03T20:00:00Z,1.31373,1.31432,1.31278,1.31342,7402
2025-11-04T00:00:00Z,1.31342,1.31342,1.31178,1.31276,15891
2025-11-04T04:00:00Z,1.31277,1.31390,1.31164,1.31210,16897
2025-11-04T08:00:00Z,1.31208,1.31216,1.30568,1.30585,27761
2025-11-04T12:00:00Z,1.30585,1.30685,1.30333,1.30459,32333
2025-11-04T16:00:00Z,1.30462,1.30515,1.30132,1.30146,15508
2025-11-04T20:00:00Z,1.30149,1.30283,1.30098,1.30210,6036
2025-11-05T00:00:00Z,1.30209,1.30241,1.30100,1.30199,14904
2025-11-05T04:00:00Z,1.30196,1.30307,1.30194,1.30269,9136
2025-11-05T08:00:00Z,1.30270,1.30529,1.30114,1.30351,18376
2025-11-05T12:00:00Z,1.30350,1.30470,1.30135,1.30412,22540
2025-11-05T16:00:00Z,1.30411,1.30490,1.30309,1.30447,10936
2025-11-05T20:00:00Z,1.30449,1.30539,1.30447,1.30518,4849
2025-11-06T00:00:00Z,1.30516,1.30650,1.30503,1.30629,7780
2025-11-06T04:00:00Z,1.30631,1.30713,1.30526,1.30626,8659
2025-11-06T08:00:00Z,1.30628,1.30945,1.30586,1.30912,16171
2025-11-06T12:00:00Z,1.30914,1.31252,1.30592,1.31017,30851
2025-11-06T16:00:00Z,1.31018,1.31423,1.30968,1.31319,17674
2025-11-06T20:00:00Z,1.31320,1.31416,1.31215,1.31394,8342
2025-11-07T00:00:00Z,1.31399,1.31417,1.31153,1.31184,12028
2025-11-07T04:00:00Z,1.31185,1.31248,1.31132,1.31248,10743
2025-11-07T08:00:00Z,1.31248,1.31272,1.30945,1.31201,14223
2025-11-07T12:00:00Z,1.31202,1.31741,1.31094,1.31512,30513
2025-11-07T16:00:00Z,1.31514,1.31748,1.31507,1.31575,14710
2025-11-07T20:00:00Z,1.31574,1.31658,1.31523,1.31571,6850
2025-11-09T20:00:00Z,1.31353,1.31597,1.31353,1.31412,2630
2025-11-10T00:00:00Z,1.31409,1.31549,1.31364,1.31468,13396
2025-11-10T04:00:00Z,1.31468,1.31665,1.31387,1.31565,12391
2025-11-10T08:00:00Z,1.31565,1.31842,1.31517,1.31754,15257
2025-11-10T12:00:00Z,1.31755,1.31909,1.31454,1.31477,17392
2025-11-10T16:00:00Z,1.31476,1.31847,1.31467,1.31798,14237
2025-11-10T20:00:00Z,1.31798,1.31841,1.31677,1.31718,5919
2025-11-11T00:00:00Z,1.31716,1.31748,1.31573,1.31680,8281
2025-11-11T04:00:00Z,1.31678,1.31717,1.31206,1.31254,12417
2025-11-11T08:00:00Z,1.31254,1.31519,1.31160,1.31482,11403
2025-11-11T12:00:00Z,1.31480,1.31843,1.31387,1.31731,19902
2025-11-11T16:00:00Z,1.31731,1.31791,1.31646,1.31664,10917
2025-11-11T20:00:00Z,1.31665,1.31713,1.31452,1.31519,4397
2025-11-12T00:00:00Z,1.31519,1.31526,1.31350,1.31397,8092
2025-11-12T04:00:00Z,1.31397,1.31488,1.31281,1.31452,9171
2025-11-12T08:00:00Z,1.31453,1.31551,1.31104,1.31372,15457
2025-11-12T12:00:00Z,1.31371,1.31397,1.30843,1.31303,21767
2025-11-12T16:00:00Z,1.31304,1.31438,1.31275,1.31297,10882
2025-11-12T20:00:00Z,1.31296,1.31335,1.31233,1.31274,6651
2025-11-13T00:00:00Z,1.31275,1.31285,1.31103,1.31260,11236
2025-11-13T04:00:00Z,1.31259,1.31434,1.31003,1.31406,9853
2025-11-13T08:00:00Z,1.31404,1.31707,1.31301,1.31475,18448
2025-11-13T12:00:00Z,1.31476,1.31988,1.31467,1.31981,22896
2025-11-13T16:00:00Z,1.31984,1.32157,1.31896,1.31897,19265
2025-11-13T20:00:00Z,1.31900,1.31974,1.31364,1.31525,9870
2025-11-14T00:00:00Z,1.31525,1.31609,1.31352,1.31456,9624
2025-11-14T04:00:00Z,1.31453,1.31586,1.31261,1.31463,11122
2025-11-14T08:00:00Z,1.31464,1.32005,1.31078,1.31380,20827
2025-11-14T12:00:00Z,1.31379,1.31808,1.31247,1.31390,27869
2025-11-14T16:00:00Z,1.31390,1.31677,1.31386,1.31644,14606
2025-11-14T20:00:00Z,1.31643,1.31756,1.31616,1.31673,5115
2025-11-16T20:00:00Z,1.31418,1.31718,1.31418,1.31583,1775
2025-11-17T00:00:00Z,1.31585,1.31647,1.31409,1.31449,8251
2025-11-17T04:00:00Z,1.31447,1.31766,1.31358,1.31756,8531
2025-11-17T08:00:00Z,1.31758,1.31806,1.31490,1.31803,13908
2025-11-17T12:00:00Z,1.31801,1.31929,1.31610,1.31770,19629
2025-11-17T16:00:00Z,1.31770,1.31789,1.31456,1.31462,14886
2025-11-17T20:00:00Z,1.31462,1.31590,1.31445,1.31551,5701
2025-11-18T00:00:00Z,1.31549,1.31550,1.31449,1.31489,9145
2025-11-18T04:00:00Z,1.31487,1.31640,1.31449,1.31501,13626
2025-11-18T08:00:00Z,1.31500,1.31767,1.31371,1.31405,15983
2025-11-18T12:00:00Z,1.31404,1.31711,1.31337,1.31441,27058
2025-11-18T16:00:00Z,1.31438,1.31568,1.31351,1.31547,14362
2025-11-18T20:00:00Z,1.31546,1.31562,1.31409,1.31468,5009
2025-11-19T00:00:00Z,1.31468,1.31487,1.31287,1.31399,8593
2025-11-19T04:00:00Z,1.31399,1.31549,1.31317,1.31420,9549
2025-11-19T08:00:00Z,1.31422,1.31483,1.30922,1.31268,16801
2025-11-19T12:00:00Z,1.31268,1.31297,1.30712,1.30797,19180
2025-11-19T16:00:00Z,1.30793,1.30852,1.30432,1.30454,17519
2025-11-19T20:00:00Z,1.30454,1.30621,1.30439,1.30596,7756
2025-11-20T00:00:00Z,1.30597,1.30597,1.30377,1.30467,10284
2025-11-20T04:00:00Z,1.30468,1.30702,1.30440,1.30691,9099
2025-11-20T08:00:00Z,1.30692,1.30847,1.30595,1.30646,13263
2025-11-20T12:00:00Z,1.30643,1.31235,1.30494,1.30946,29111
2025-11-20T16:00:00Z,1.30948,1.31025,1.30657,1.30870,20652
2025-11-20T20:00:00Z,1.30872,1.30873,1.30664,1.30828,7004
2025-11-21T00:00:00Z,1.30827,1.30881,1.30748,1.30864,14528
2025-11-21T04:00:00Z,1.30866,1.30971,1.30652,1.30808,15216
2025-11-21T08:00:00Z,1.30808,1.31026,1.30419,1.30449,24355
2025-11-21T12:00:00Z,1.30449,1.30996,1.30385,1.30848,31651
2025-11-21T16:00:00Z,1.30846,1.31093,1.30727,1.31022,18790
2025-11-21T20:00:00Z,1.31023,1.31084,1.30931,1.30931,6212
2025-11-23T20:00:00Z,1.30958,1.30995,1.30927,1.30956,1711
2025-11-24T00:00:00Z,1.30958,1.31019,1.30855,1.30975,10006
2025-11-24T04:00:00Z,1.30974,1.31117,1.30886,1.30900,11391
2025-11-24T08:00:00Z,1.30900,1.31099,1.30877,1.30910,17974
2025-11-24T12:00:00Z,1.30909,1.31179,1.30802,1.30981,21229
2025-11-24T16:00:00Z,1.30979,1.31164,1.30855,1.31088,13363
2025-11-24T20:00:00Z,1.31092,1.31116,1.31010,1.31054,7546
2025-11-25T00:00:00Z,1.31054,1.31158,1.30990,1.30997,14798
2025-11-25T04:00:00Z,1.30999,1.31285,1.30954,1.31215,10576
2025-11-25T08:00:00Z,1.31217,1.31403,1.31085,1.31119,17043
2025-11-25T12:00:00Z,1.31116,1.31956,1.31088,1.31767,30989
2025-11-25T16:00:00Z,1.31765,1.32137,1.31706,1.32116,16577
2025-11-25T20:00:00Z,1.32124,1.32140,1.31533,1.31578,7748
2025-11-26T00:00:00Z,1.31578,1.31967,1.31578,1.31959,18367
2025-11-26T04:00:00Z,1.31959,1.31978,1.31651,1.31787,12948
2025-11-26T08:00:00Z,1.31788,1.32008,1.31499,1.31722,25050
2025-11-26T12:00:00Z,1.31720,1.32347,1.31239,1.32254,37635
2025-11-26T16:00:00Z,1.32258,1.32381,1.32189,1.32343,12599
2025-11-26T20:00:00Z,1.32342,1.32487,1.32321,1.32443,5257
2025-11-27T00:00:00Z,1.32443,1.32626,1.32431,1.32556,13485
2025-11-27T04:00:00Z,1.32556,1.32684,1.32292,1.32386,13279
2025-11-27T08:00:00Z,1.32388,1.32417,1.32099,1.32296,11156
2025-11-27T12:00:00Z,1.32294,1.32520,1.32254,1.32510,13790
2025-11-27T16:00:00Z,1.32508,1.32548,1.32303,1.32369,4140
2025-11-27T20:00:00Z,1.32368,1.32411,1.32279,1.32401,2301
2025-11-28T00:00:00Z,1.32399,1.32443,1.32279,1.32380,27755
2025-11-28T04:00:00Z,1.32379,1.32431,1.32102,1.32134,58100
2025-11-28T08:00:00Z,1.32128,1.32276,1.32008,1.32017,83443
2025-11-28T12:00:00Z,1.32018,1.32545,1.32007,1.32512,50833
2025-11-28T16:00:00Z,1.32511,1.32519,1.32268,1.32453,15918
2025-11-28T20:00:00Z,1.32456,1.32463,1.32279,1.32279,8605
2025-11-30T20:00:00Z,1.32248,1.32485,1.32163,1.32388,2714
2025-12-01T00:00:00Z,1.32393,1.32467,1.32219,1.32305,18617
2025-12-01T04:00:00Z,1.32306,1.32362,1.32107,1.32198,11479
2025-12-01T08:00:00Z,1.32199,1.32365,1.32054,1.32333,20880
2025-12-01T12:00:00Z,1.32335,1.32757,1.32299,1.32518,29638
2025-12-01T16:00:00Z,1.32520,1.32525,1.32081,1.32124,19760
2025-12-01T20:00:00Z,1.32123,1.32159,1.32071,1.32087,5152
2025-12-02T00:00:00Z,1.32088,1.32178,1.32028,1.32169,7772
2025-12-02T04:00:00Z,1.32172,1.32215,1.32075,1.32150,7020
2025-12-02T08:00:00Z,1.32153,1.32208,1.31804,1.31983,16250
2025-12-02T12:00:00Z,1.31984,1.32132,1.31854,1.32008,21356
2025-12-02T16:00:00Z,1.32009,1.32132,1.31794,1.32095,23640
2025-12-02T20:00:00Z,1.32097,1.32209,1.32009,1.32196,7681
2025-12-03T00:00:00Z,1.32197,1.32319,1.32172,1.32289,6222
2025-12-03T04:00:00Z,1.32290,1.32526,1.32266,1.32426,10561
2025-12-03T08:00:00Z,1.32428,1.32963,1.32374,1.32961,15717
2025-12-03T12:00:00Z,1.32961,1.33314,1.32920,1.33310,25319
2025-12-03T16:00:00Z,1.33311,1.33532,1.33282,1.33507,16063
2025-12-03T20:00:00Z,1.33507,1.33538,1.33446,1.33474,5911
2025-12-04T00:00:00Z,1.33473,1.33473,1.33273,1.33318,6016
2025-12-04T04:00:00Z,1.33317,1.33413,1.33313,1.33364,7888
2025-12-04T08:00:00Z,1.33366,1.33634,1.33335,1.33600,18458
2025-12-04T12:00:00Z,1.33602,1.33852,1.33216,1.33726,22818
2025-12-04T16:00:00Z,1.33725,1.33731,1.33359,1.33398,11379
2025-12-04T20:00:00Z,1.33393,1.33393,1.33202,1.33218,7987
2025-12-05T00:00:00Z,1.33219,1.33339,1.33218,1.33269,4384
2025-12-05T04:00:00Z,1.33267,1.33623,1.33264,1.33529,6468
2025-12-05T08:00:00Z,1.33532,1.33601,1.33278,1.33398,12477
2025-12-05T12:00:00Z,1.33397,1.33616,1.33383,1.33425,20615
2025-12-05T16:00:00Z,1.33425,1.33433,1.33158,1.33335,13950
2025-12-05T20:00:00Z,1.33337,1.33367,1.33225,1.33225,5349
2025-12-07T20:00:00Z,1.33156,1.33316,1.33156,1.33257,4745
2025-12-08T00:00:00Z,1.33259,1.33423,1.33224,1.33366,6394
2025-12-08T04:00:00Z,1.33365,1.33460,1.33219,1.33247,10613
2025-12-08T08:00:00Z,1.33248,1.33333,1.33134,1.33177,11550
2025-12-08T12:00:00Z,1.33174,1.33381,1.33054,1.33117,20964
2025-12-08T16:00:00Z,1.33120,1.33305,1.33085,1.33264,12781
2025-12-08T20:00:00Z,1.33267,1.33295,1.33131,1.33267,4558
2025-12-09T00:00:00Z,1.33266,1.33346,1.33182,1.33280,6149
2025-12-09T04:00:00Z,1.33279,1.33367,1.33232,1.33280,7453
2025-12-09T08:00:00Z,1.33282,1.33559,1.33240,1.33285,18084
2025-12-09T12:00:00Z,1.33286,1.33305,1.32870,1.32964,24225
2025-12-09T16:00:00Z,1.32966,1.33192,1.32907,1.33016,13232
2025-12-09T20:00:00Z,1.33014,1.33067,1.32907,1.33026,5769
2025-12-10T00:00:00Z,1.33026,1.33048,1.32959,1.33023,4846
2025-12-10T04:00:00Z,1.33028,1.33255,1.33023,1.33238,6755
2025-12-10T08:00:00Z,1.33237,1.33269,1.33013,1.33099,21373
2025-12-10T12:00:00Z,1.33099,1.33364,1.33043,1.33205,17826
2025-12-10T16:00:00Z,1.33204,1.33691,1.33151,1.33646,28432
2025-12-10T20:00:00Z,1.33644,1.33911,1.33591,1.33881,18087
2025-12-11T00:00:00Z,1.33883,1.33916,1.33659,1.33668,10625
2025-12-11T04:00:00Z,1.33669,1.33790,1.33591,1.33699,9762
2025-12-11T08:00:00Z,1.33697,1.33872,1.33544,1.33855,18986
2025-12-11T12:00:00Z,1.33853,1.34352,1.33785,1.34343,24539
2025-12-11T16:00:00Z,1.34341,1.34380,1.33895,1.33904,17142
2025-12-11T20:00:00Z,1.33903,1.33957,1.33795,1.33931,5287
2025-12-12T00:00:00Z,1.33929,1.33995,1.33894,1.33907,6299
2025-12-12T04:00:00Z,1.33907,1.33988,1.33744,1.33844,6714
2025-12-12T08:00:00Z,1.33843,1.33885,1.33674,1.33748,12685
2025-12-12T12:00:00Z,1.33749,1.33832,1.33521,1.33546,21037
2025-12-12T16:00:00Z,1.33547,1.33767,1.33421,1.33658,30159
2025-12-12T20:00:00Z,1.33655,1.33746,1.33637,1.33648,7426
2025-12-14T20:00:00Z,1.33695,1.33740,1.33595,1.33670,2652
2025-12-15T00:00:00Z,1.33673,1.33740,1.33550,1.33565,8325
2025-12-15T04:00:00Z,1.33565,1.33699,1.33546,1.33635,7215
2025-12-15T08:00:00Z,1.33635,1.33896,1.33609,1.33830,14524
2025-12-15T12:00:00Z,1.33830,1.34015,1.33809,1.33945,21742
2025-12-15T16:00:00Z,1.33947,1.33955,1.33596,1.33729,13643
2025-12-15T20:00:00Z,1.33724,1.33809,1.33608,1.33786,6172
2025-12-16T00:00:00Z,1.33787,1.33830,1.33615,1.33655,9666
2025-12-16T04:00:00Z,1.33657,1.33783,1.33554,1.33748,11481
2025-12-16T08:00:00Z,1.33749,1.34309,1.33746,1.34305,19040
2025-12-16T12:00:00Z,1.34306,1.34560,1.34037,1.34155,42409
2025-12-16T16:00:00Z,1.34153,1.34403,1.34001,1.34256,27934
2025-12-16T20:00:00Z,1.34255,1.34357,1.34149,1.34252,13185
2025-12-17T00:00:00Z,1.34251,1.34267,1.34064,1.34096,5731
2025-12-17T04:00:00Z,1.34099,1.34099,1.33152,1.33226,17651
2025-12-17T08:00:00Z,1.33225,1.33371,1.33114,1.33272,18973
2025-12-17T12:00:00Z,1.33271,1.34001,1.33261,1.33990,26558
2025-12-17T16:00:00Z,1.33991,1.34063,1.33724,1.33765,23430
2025-12-17T20:00:00Z,1.33766,1.33839,1.33642,1.33733,4295
2025-12-18T00:00:00Z,1.33734,1.33788,1.33615,1.33645,8180
2025-12-18T04:00:00Z,1.33645,1.33749,1.33621,1.33660,7627
2025-12-18T08:00:00Z,1.33659,1.33731,1.33408,1.33528,13879
2025-12-18T12:00:00Z,1.33528,1.34463,1.33479,1.33943,37989
2025-12-18T16:00:00Z,1.33944,1.34050,1.33701,1.33860,26247
2025-12-18T20:00:00Z,1.33859,1.33919,1.33710,1.33830,10292
2025-12-19T00:00:00Z,1.33832,1.33866,1.33734,1.33772,7783
2025-12-19T04:00:00Z,1.33777,1.33852,1.33625,1.33651,10677
2025-12-19T08:00:00Z,1.33652,1.33874,1.33645,1.33721,19871
2025-12-19T12:00:00Z,1.33722,1.33867,1.33568,1.33616,22618
2025-12-19T16:00:00Z,1.33615,1.33914,1.33595,1.33905,14913
2025-12-19T20:00:00Z,1.33902,1.33938,1.33715,1.33748,5579
2025-12-21T20:00:00Z,1.33611,1.33836,1.33611,1.33777,9588
2025-12-22T00:00:00Z,1.33781,1.33994,1.33774,1.33927,24133
2025-12-22T04:00:00Z,1.33928,1.34189,1.33916,1.34136,7914
2025-12-22T08:00:00Z,1.34134,1.34418,1.34094,1.34384,13046
2025-12-22T12:00:00Z,1.34383,1.34586,1.34259,1.34538,19902
2025-12-22T16:00:00Z,1.34535,1.34772,1.34466,1.34580,13838
2025-12-22T20:00:00Z,1.34582,1.34693,1.34518,1.34676,6337
2025-12-23T00:00:00Z,1.34680,1.34897,1.34678,1.34888,7612
2025-12-23T04:00:00Z,1.34890,1.35025,1.34797,1.35012,10502
2025-12-23T08:00:00Z,1.35011,1.35185,1.34957,1.35032,16011
2025-12-23T12:00:00Z,1.35032,1.35126,1.34721,1.34835,22735
2025-12-23T16:00:00Z,1.34834,1.34974,1.34708,1.34968,12292
2025-12-23T20:00:00Z,1.34969,1.35234,1.34940,1.35127,6409
2025-12-24T00:00:00Z,1.35127,1.35340,1.35067,1.35160,9862
2025-12-24T04:00:00Z,1.35162,1.35239,1.35091,1.35104,10146
2025-12-24T08:00:00Z,1.35103,1.35278,1.35023,1.35138,15871
2025-12-24T12:00:00Z,1.35139,1.35142,1.34917,1.35068,19697
2025-12-24T16:00:00Z,1.35068,1.35104,1.34926,1.35009,17793
2025-12-24T20:00:00Z,1.35007,1.35074,1.34868,1.34913,10204
2025-12-25T00:00:00Z,1.34904,1.35166,1.34896,1.35083,704
2025-12-25T04:00:00Z,1.35082,1.35273,1.35049,1.35049,226
2025-12-25T20:00:00Z,1.35123,1.35190,1.35002,1.35076,7602
2025-12-26T00:00:00Z,1.35074,1.35225,1.35047,1.35055,10584
2025-12-26T04:00:00Z,1.35052,1.35079,1.34795,1.34823,10632
2025-12-26T08:00:00Z,1.34826,1.34980,1.34771,1.34943,17388
2025-12-26T12:00:00Z,1.34946,1.35270,1.34882,1.35063,26420
2025-12-26T16:00:00Z,1.35066,1.35074,1.34812,1.34997,14043
2025-12-26T20:00:00Z,1.34999,1.35059,1.34896,1.34896,6411
2025-12-28T20:00:00Z,1.34806,1.35010,1.34799,1.34966,4263
2025-12-29T00:00:00Z,1.34969,1.35119,1.34967,1.35066,11876
2025-12-29T04:00:00Z,1.35066,1.35066,1.34818,1.34849,9656
2025-12-29T08:00:00Z,1.34849,1.35111,1.34735,1.34889,21539
2025-12-29T12:00:00Z,1.34889,1.35124,1.34690,1.35003,29796
2025-12-29T16:00:00Z,1.35000,1.35080,1.34812,1.35066,14111
2025-12-29T20:00:00Z,1.35066,1.35155,1.34991,1.35085,7059
2025-12-30T00:00:00Z,1.35083,1.35115,1.34975,1.35047,5006
2025-12-30T04:00:00Z,1.35048,1.35216,1.35004,1.35056,6774
2025-12-30T08:00:00Z,1.35058,1.35306,1.35027,1.35039,11773
2025-12-30T12:00:00Z,1.35040,1.35084,1.34495,1.34735,20602
2025-12-30T16:00:00Z,1.34735,1.34832,1.34619,1.34653,11964
2025-12-30T20:00:00Z,1.34655,1.34688,1.34567,1.34661,4686
2025-12-31T00:00:00Z,1.34663,1.34674,1.34583,1.34637,5443
2025-12-31T04:00:00Z,1.34636,1.34640,1.34509,1.34559,8942
2025-12-31T08:00:00Z,1.34561,1.34652,1.34258,1.34551,13979
2025-12-31T12:00:00Z,1.34550,1.34763,1.34016,1.34504,24401
2025-12-31T16:00:00Z,1.34505,1.34605,1.34372,1.34595,15919
2025-12-31T20:00:00Z,1.34594,1.34833,1.34592,1.34724,3670
2026-01-01T20:00:00Z,1.34643,1.34762,1.34609,1.34735,2339
2026-01-02T00:00:00Z,1.34737,1.34909,1.34714,1.34865,4329
2026-01-02T04:00:00Z,1.34867,1.34874,1.34572,1.34639,6652
2026-01-02T08:00:00Z,1.34639,1.34685,1.34339,1.34403,20612
2026-01-02T12:00:00Z,1.34404,1.35019,1.34358,1.34965,23240
2026-01-02T16:00:00Z,1.34965,1.34984,1.34460,1.34546,14006
2026-01-02T20:00:00Z,1.34547,1.34666,1.34492,1.34497,4737
2026-01-04T20:00:00Z,1.34478,1.34568,1.34368,1.34376,2780
2026-01-05T00:00:00Z,1.34375,1.34484,1.34139,1.34156,10890
2026-01-05T04:00:00Z,1.34153,1.34369,1.34141,1.34224,9571
2026-01-05T08:00:00Z,1.34224,1.34710,1.34172,1.34593,21576
2026-01-05T12:00:00Z,1.34592,1.35038,1.34248,1.35025,26721
2026-01-05T16:00:00Z,1.35026,1.35455,1.35025,1.35427,17023
2026-01-05T20:00:00Z,1.35427,1.35479,1.35318,1.35321,5387
2026-01-06T00:00:00Z,1.35324,1.35620,1.35279,1.35585,6320
2026-01-06T04:00:00Z,1.35583,1.35674,1.35459,1.35504,8374
2026-01-06T08:00:00Z,1.35501,1.35665,1.35172,1.35204,13282
2026-01-06T12:00:00Z,1.35201,1.35348,1.34938,1.35072,18469
2026-01-06T16:00:00Z,1.35072,1.35119,1.34914,1.35002,15664
2026-01-06T20:00:00Z,1.35000,1.35059,1.34946,1.34993,6084
2026-01-07T00:00:00Z,1.34995,1.35165,1.34976,1.35141,7734
2026-01-07T04:00:00Z,1.35140,1.35164,1.34912,1.34921,12608
2026-01-07T08:00:00Z,1.34921,1.35052,1.34848,1.34998,12674
2026-01-07T12:00:00Z,1.35001,1.35025,1.34726,1.34805,33681
2026-01-07T16:00:00Z,1.34804,1.34859,1.34618,1.34642,14705
2026-01-07T20:00:00Z,1.34642,1.34678,1.34551,1.34581,5310
2026-01-08T00:00:00Z,1.34581,1.34651,1.34504,1.34632,5650
2026-01-08T04:00:00Z,1.34632,1.34632,1.34450,1.34453,8230
2026-01-08T08:00:00Z,1.34457,1.34503,1.34319,1.34441,11977
2026-01-08T12:00:00Z,1.34441,1.34474,1.34155,1.34410,17042
2026-01-08T16:00:00Z,1.34410,1.34444,1.34195,1.34310,11413
2026-01-08T20:00:00Z,1.34309,1.34448,1.34226,1.34355,5757
2026-01-09T00:00:00Z,1.34355,1.34374,1.34241,1.34365,5296
2026-01-09T04:00:00Z,1.34364,1.34378,1.34144,1.34288,6953
2026-01-09T08:00:00Z,1.34291,1.34340,1.34037,1.34129,10561
2026-01-09T12:00:00Z,1.34130,1.34506,1.33922,1.34177,34154
2026-01-09T16:00:00Z,1.34177,1.34227,1.33979,1.34065,18384
2026-01-09T20:00:00Z,1.34066,1.34095,1.33968,1.34003,5908
2026-01-11T20:00:00Z,1.33928,1.34018,1.33918,1.33934,1264
2026-01-12T00:00:00Z,1.33936,1.34407,1.33906,1.34200,12334
2026-01-12T04:00:00Z,1.34201,1.34466,1.34158,1.34439,8349
2026-01-12T08:00:00Z,1.34439,1.34744,1.34424,1.34595,16183
2026-01-12T12:00:00Z,1.34594,1.34858,1.34572,1.34751,20537
2026-01-12T16:00:00Z,1.34753,1.34771,1.34551,1.34658,10795
2026-01-12T20:00:00Z,1.34656,1.34701,1.34572,1.34656,5481
2026-01-13T00:00:00Z,1.34655,1.34787,1.34624,1.34701,6268
2026-01-13T04:00:00Z,1.34699,1.34767,1.34620,1.34667,8148
2026-01-13T08:00:00Z,1.34666,1.34853,1.34633,1.34723,11201
2026-01-13T12:00:00Z,1.34725,1.34943,1.34348,1.34418,24076
2026-01-13T16:00:00Z,1.34417,1.34448,1.34240,1.34345,11076
2026-01-13T20:00:00Z,1.34345,1.34359,1.34178,1.34254,5836
2026-01-14T00:00:00Z,1.34255,1.34478,1.34192,1.34448,7242
2026-01-14T04:00:00Z,1.34445,1.34493,1.34340,1.34393,5471
2026-01-14T08:00:00Z,1.34393,1.34586,1.34368,1.34489,14555
2026-01-14T12:00:00Z,1.34489,1.34637,1.34385,1.34560,24815
2026-01-14T16:00:00Z,1.34560,1.34583,1.34245,1.34309,12026
2026-01-14T20:00:00Z,1.34308,1.34466,1.34296,1.34397,9348
2026-01-15T00:00:00Z,1.34394,1.34396,1.34254,1.34273,8350
2026-01-15T04:00:00Z,1.34275,1.34429,1.34228,1.34344,11179
2026-01-15T08:00:00Z,1.34345,1.34448,1.34154,1.34181,13739
2026-01-15T12:00:00Z,1.34179,1.34204,1.33624,1.33860,22594
2026-01-15T16:00:00Z,1.33859,1.33938,1.33795,1.33856,13603
2026-01-15T20:00:00Z,1.33858,1.33860,1.33722,1.33807,6304
2026-01-16T00:00:00Z,1.33815,1.33906,1.33704,1.33904,9376
2026-01-16T04:00:00Z,1.33903,1.33918,1.33767,1.33904,7129
2026-01-16T08:00:00Z,1.33903,1.34128,1.33894,1.34075,12801
2026-01-16T12:00:00Z,1.34072,1.34099,1.33660,1.33776,24401
2026-01-16T16:00:00Z,1.33778,1.33899,1.33734,1.33815,18098
2026-01-16T20:00:00Z,1.33817,1.33860,1.33742,1.33760,4809
2026-01-18T20:00:00Z,1.33591,1.34069,1.33407,1.34018,5514
2026-01-19T00:00:00Z,1.34017,1.34085,1.33811,1.33881,20145
2026-01-19T04:00:00Z,1.33879,1.34101,1.33841,1.33886,16308
2026-01-19T08:00:00Z,1.33886,1.34152,1.33869,1.34082,17184
2026-01-19T12:00:00Z,1.34084,1.34285,1.34046,1.34214,13031
2026-01-19T16:00:00Z,1.34215,1.34347,1.34203,1.34257,6166
2026-01-19T20:00:00Z,1.34257,1.34283,1.34164,1.34188,2947
2026-01-20T00:00:00Z,1.34190,1.34397,1.34101,1.34349,8378
2026-01-20T04:00:00Z,1.34346,1.34824,1.34254,1.34744,16610
2026-01-20T08:00:00Z,1.34748,1.34911,1.34592,1.34631,27455
2026-01-20T12:00:00Z,1.34631,1.34787,1.34391,1.34566,35512
2026-01-20T16:00:00Z,1.34565,1.34754,1.34266,1.34276,25525
2026-01-20T20:00:00Z,1.34275,1.34493,1.34250,1.34401,13637
2026-01-21T00:00:00Z,1.34401,1.34563,1.34329,1.34399,12261
2026-01-21T04:00:00Z,1.34402,1.34490,1.34290,1.34425,10432
2026-01-21T08:00:00Z,1.34423,1.34478,1.34011,1.34094,20784
2026-01-21T12:00:00Z,1.34093,1.34590,1.34011,1.34271,35527
2026-01-21T16:00:00Z,1.34269,1.34405,1.34095,1.34254,25785
2026-01-21T20:00:00Z,1.34252,1.34325,1.34124,1.34178,9806
2026-01-22T00:00:00Z,1.34178,1.34351,1.34163,1.34322,7590
2026-01-22T04:00:00Z,1.34322,1.34391,1.34201,1.34312,9211
2026-01-22T08:00:00Z,1.34311,1.34525,1.34011,1.34204,20649
2026-01-22T12:00:00Z,1.34203,1.34845,1.34068,1.34775,27826
2026-01-22T16:00:00Z,1.34776,1.35021,1.34735,1.34906,15982
2026-01-22T20:00:00Z,1.34905,1.35083,1.34806,1.34992,7772
2026-01-23T00:00:00Z,1.34992,1.35042,1.34883,1.34901,8161
2026-01-23T04:00:00Z,1.34901,1.35119,1.34825,1.34921,12059
2026-01-23T08:00:00Z,1.34920,1.35365,1.34822,1.35178,25010
2026-01-23T12:00:00Z,1.35179,1.35672,1.35176,1.35642,17848
2026-01-23T16:00:00Z,1.35644,1.36290,1.35607,1.36233,29757
2026-01-23T20:00:00Z,1.36236,1.36451,1.36215,1.36348,14628
2026-01-25T20:00:00Z,1.36641,1.36821,1.36545,1.36644,4883
2026-01-26T00:00:00Z,1.36645,1.36793,1.36430,1.36598,19289
2026-01-26T04:00:00Z,1.36596,1.36760,1.36442,1.36466,15328
2026-01-26T08:00:00Z,1.36463,1.36769,1.36428,1.36657,25014
2026-01-26T12:00:00Z,1.36660,1.37125,1.36429,1.37076,24264
2026-01-26T16:00:00Z,1.37074,1.37131,1.36753,1.36822,20399
2026-01-26T20:00:00Z,1.36821,1.36864,1.36676,1.36746,7784
2026-01-27T00:00:00Z,1.36746,1.37003,1.36700,1.36827,9646
2026-01-27T04:00:00Z,1.36827,1.36900,1.36697,1.36739,11776
2026-01-27T08:00:00Z,1.36741,1.37120,1.36637,1.37105,23104
2026-01-27T12:00:00Z,1.37106,1.37908,1.37078,1.37513,46096
2026-01-27T16:00:00Z,1.37512,1.37909,1.37507,1.37830,24217
2026-01-27T20:00:00Z,1.37829,1.38690,1.37758,1.38265,23201
2026-01-28T00:00:00Z,1.38265,1.38309,1.37917,1.37996,16294
2026-01-28T04:00:00Z,1.37997,1.38310,1.37888,1.38010,16843
2026-01-28T08:00:00Z,1.38013,1.38110,1.37676,1.37694,24780
2026-01-28T12:00:00Z,1.37694,1.38011,1.37496,1.37896,41476
2026-01-28T16:00:00Z,1.37895,1.37961,1.37519,1.37931,38121
2026-01-28T20:00:00Z,1.37930,1.38299,1.37858,1.38267,22408
2026-01-29T00:00:00Z,1.38266,1.38347,1.37930,1.38325,17458
2026-01-29T04:00:00Z,1.38327,1.38477,1.38235,1.38314,19635
2026-01-29T08:00:00Z,1.38313,1.38464,1.37806,1.37941,22565
2026-01-29T12:00:00Z,1.37942,1.38337,1.37420,1.37636,45283
2026-01-29T16:00:00Z,1.37635,1.38072,1.37597,1.37932,37107
2026-01-29T20:00:00Z,1.37930,1.38145,1.37852,1.38078,9501
2026-01-30T00:00:00Z,1.38077,1.38141,1.37313,1.37527,30458
2026-01-30T04:00:00Z,1.37527,1.37829,1.37399,1.37694,22573
2026-01-30T08:00:00Z,1.37699,1.37801,1.37252,1.37788,30586
2026-01-30T12:00:00Z,1.37787,1.37875,1.37096,1.37195,41337
2026-01-30T16:00:00Z,1.37196,1.37293,1.36805,1.36979,51270
2026-01-30T20:00:00Z,1.36978,1.36978,1.36789,1.36797,15746
2026-02-01T20:00:00Z,1.36787,1.36912,1.36617,1.36757,8316
2026-02-02T00:00:00Z,1.36759,1.37055,1.36759,1.36841,32312
2026-02-02T04:00:00Z,1.36843,1.36888,1.36600,1.36794,25093
2026-02-02T08:00:00Z,1.36795,1.37150,1.36778,1.37000,27862
2026-02-02T12:00:00Z,1.37001,1.37065,1.36264,1.36277,39787
2026-02-02T16:00:00Z,1.36278,1.36627,1.36228,1.36589,27617
2026-02-02T20:00:00Z,1.36590,1.36727,1.36532,1.36725,10401
2026-02-03T00:00:00Z,1.36726,1.36885,1.36706,1.36846,12852
2026-02-03T04:00:00Z,1.36847,1.37063,1.36830,1.36968,16668
2026-02-03T08:00:00Z,1.36969,1.36995,1.36503,1.36503,19223
2026-02-03T12:00:00Z,1.36508,1.37041,1.36508,1.37031,28627
2026-02-03T16:00:00Z,1.37032,1.37071,1.36728,1.36876,22323
2026-02-03T20:00:00Z,1.36877,1.37024,1.36837,1.36968,7135
2026-02-04T00:00:00Z,1.36964,1.37123,1.36907,1.37039,11244
2026-02-04T04:00:00Z,1.37038,1.37217,1.37028,1.37156,9792
2026-02-04T08:00:00Z,1.37153,1.37330,1.36946,1.37088,17548
2026-02-04T12:00:00Z,1.37086,1.37288,1.36609,1.36637,29763
2026-02-04T16:00:00Z,1.36636,1.36721,1.36423,1.36628,27574
2026-02-04T20:00:00Z,1.36626,1.36635,1.36427,1.36454,10535
2026-02-05T00:00:00Z,1.36455,1.36537,1.36189,1.36245,13912
2026-02-05T04:00:00Z,1.36248,1.36291,1.36063,1.36200,15191
2026-02-05T08:00:00Z,1.36197,1.36323,1.35565,1.36116,25357
2026-02-05T12:00:00Z,1.36116,1.36116,1.35213,1.35278,51368
2026-02-05T16:00:00Z,1.35279,1.35571,1.35172,1.35486,24572
2026-02-05T20:00:00Z,1.35481,1.35515,1.35203,1.35204,8851
2026-02-06T00:00:00Z,1.35207,1.35498,1.35083,1.35462,13927
2026-02-06T04:00:00Z,1.35464,1.35786,1.35449,1.35662,11212
2026-02-06T08:00:00Z,1.35661,1.35919,1.35580,1.35839,18547
2026-02-06T12:00:00Z,1.35839,1.36153,1.35816,1.36142,23080
2026-02-06T16:00:00Z,1.36142,1.36232,1.36013,1.36158,12417
2026-02-06T20:00:00Z,1.36160,1.36218,1.36047,1.36047,4331
2026-02-08T20:00:00Z,1.35973,1.36116,1.35876,1.36096,4476
2026-02-09T00:00:00Z,1.36095,1.36203,1.35902,1.35989,12772
2026-02-09T04:00:00Z,1.35989,1.36287,1.35878,1.36041,15336
2026-02-09T08:00:00Z,1.36046,1.36449,1.35859,1.36370,26033
2026-02-09T12:00:00Z,1.36372,1.36873,1.36210,1.36775,36210
2026-02-09T16:00:00Z,1.36779,1.36999,1.36621,1.36969,17228
2026-02-09T20:00:00Z,1.36967,1.36998,1.36736,1.36821,9414
2026-02-10T00:00:00Z,1.36819,1.36958,1.36721,1.36851,11493
2026-02-10T04:00:00Z,1.36850,1.36864,1.36669,1.36718,10698
2026-02-10T08:00:00Z,1.36722,1.36840,1.36578,1.36629,13359
2026-02-10T12:00:00Z,1.36630,1.36964,1.36530,1.36737,27646
2026-02-10T16:00:00Z,1.36734,1.36741,1.36398,1.36567,15576
2026-02-10T20:00:00Z,1.36566,1.36573,1.36313,1.36324,7245
2026-02-11T00:00:00Z,1.36324,1.36676,1.36313,1.36652,17202
2026-02-11T04:00:00Z,1.36648,1.36775,1.36579,1.36740,9630
2026-02-11T08:00:00Z,1.36741,1.37121,1.36688,1.36908,13180
2026-02-11T12:00:00Z,1.36911,1.36920,1.36090,1.36332,47507
2026-02-11T16:00:00Z,1.36336,1.36673,1.36282,1.36324,22271
2026-02-11T20:00:00Z,1.36329,1.36346,1.36171,1.36225,8297
2026-02-12T00:00:00Z,1.36227,1.36421,1.36153,1.36316,12128
2026-02-12T04:00:00Z,1.36315,1.36355,1.36043,1.36323,16878
2026-02-12T08:00:00Z,1.36324,1.36537,1.36268,1.36492,14917
2026-02-12T12:00:00Z,1.36489,1.36712,1.36215,1.36537,26001
2026-02-12T16:00:00Z,1.36536,1.36578,1.36048,1.36238,34789
2026-02-12T20:00:00Z,1.36236,1.36253,1.36038,1.36181,5927
2026-02-13T00:00:00Z,1.36179,1.36239,1.36120,1.36150,8820
2026-02-13T04:00:00Z,1.36149,1.36171,1.35902,1.36143,10419
2026-02-13T08:00:00Z,1.36143,1.36295,1.36008,1.36027,13177
2026-02-13T12:00:00Z,1.36026,1.36472,1.35987,1.36126,32583
2026-02-13T16:00:00Z,1.36127,1.36590,1.36064,1.36430,16541
2026-02-13T20:00:00Z,1.36428,1.36579,1.36410,1.36507,7297
2026-02-15T20:00:00Z,1.36428,1.36487,1.36351,1.36469,3897
2026-02-16T00:00:00Z,1.36470,1.36481,1.36367,1.36414,8840
2026-02-16T04:00:00Z,1.36414,1.36509,1.36352,1.36437,6270
2026-02-16T08:00:00Z,1.36437,1.36618,1.36397,1.36442,14403
2026-02-16T12:00:00Z,1.36441,1.36510,1.36277,1.36325,9171
2026-02-16T16:00:00Z,1.36326,1.36348,1.36253,1.36320,3905
2026-02-16T20:00:00Z,1.36319,1.36324,1.36189,1.36269,2865
2026-02-17T00:00:00Z,1.36272,1.36289,1.36058,1.36126,7408
2026-02-17T04:00:00Z,1.36126,1.36147,1.35521,1.35625,9752
2026-02-17T08:00:00Z,1.35626,1.36059,1.35596,1.35647,15277
2026-02-17T12:00:00Z,1.35646,1.35712,1.34956,1.35028,26595
2026-02-17T16:00:00Z,1.35027,1.35627,1.35024,1.35611,17101
2026-02-17T20:00:00Z,1.35612,1.35724,1.35399,1.35624,5696
2026-02-18T00:00:00Z,1.35625,1.35658,1.35514,1.35529,6528
2026-02-18T04:00:00Z,1.35530,1.35769,1.35496,1.35612,7934
2026-02-18T08:00:00Z,1.35610,1.35819,1.35566,1.35733,12166
2026-02-18T12:00:00Z,1.35733,1.35813,1.35325,1.35456,19314
2026-02-18T16:00:00Z,1.35456,1.35572,1.34969,1.34999,15834
2026-02-18T20:00:00Z,1.35000,1.35044,1.34888,1.34948,6132
2026-02-19T00:00:00Z,1.34949,1.34989,1.34880,1.34906,7264
2026-02-19T04:00:00Z,1.34907,1.35119,1.34804,1.35101,6655
2026-02-19T08:00:00Z,1.35099,1.35166,1.34653,1.34657,14737
2026-02-19T12:00:00Z,1.34657,1.34739,1.34337,1.34538,29774
2026-02-19T16:00:00Z,1.34537,1.34658,1.34386,1.34512,18461
2026-02-19T20:00:00Z,1.34512,1.34728,1.34512,1.34595,8248
2026-02-20T00:00:00Z,1.34598,1.34637,1.34348,1.34420,10039
2026-02-20T04:00:00Z,1.34422,1.34669,1.34371,1.34457,8343
2026-02-20T08:00:00Z,1.34455,1.34826,1.34359,1.34701,15987
2026-02-20T12:00:00Z,1.34702,1.35147,1.34605,1.35004,40596
2026-02-20T16:00:00Z,1.35006,1.35144,1.34748,1.34854,29547
2026-02-20T20:00:00Z,1.34853,1.34968,1.34723,1.34723,4842
2026-02-22T20:00:00Z,1.34844,1.35330,1.34787,1.35320,5103
2026-02-23T00:00:00Z,1.35324,1.35324,1.35101,1.35174,12628
2026-02-23T04:00:00Z,1.35177,1.35347,1.35120,1.35257,8058
2026-02-23T08:00:00Z,1.35256,1.35285,1.34862,1.34906,15500
2026-02-23T12:00:00Z,1.34906,1.35247,1.34755,1.34944,22897
2026-02-23T16:00:00Z,1.34945,1.35147,1.34845,1.34892,18095
2026-02-23T20:00:00Z,1.34890,1.34998,1.34803,1.34954,10162
2026-02-24T00:00:00Z,1.34953,1.35010,1.34777,1.34877,9592
2026-02-24T04:00:00Z,1.34879,1.34915,1.34731,1.34780,10523
2026-02-24T08:00:00Z,1.34781,1.35060,1.34699,1.34860,11862
2026-02-24T12:00:00Z,1.34861,1.35244,1.34765,1.35143,24344
2026-02-24T16:00:00Z,1.35140,1.35363,1.35002,1.35016,11785
2026-02-24T20:00:00Z,1.35016,1.35086,1.34851,1.34954,6749
2026-02-25T00:00:00Z,1.34956,1.35211,1.34913,1.35124,11452
2026-02-25T04:00:00Z,1.35124,1.35298,1.35104,1.35263,10031
2026-02-25T08:00:00Z,1.35263,1.35336,1.34908,1.35048,12911
2026-02-25T12:00:00Z,1.35047,1.35369,1.35029,1.35335,20863
2026-02-25T16:00:00Z,1.35336,1.35657,1.35317,1.35503,11530
2026-02-25T20:00:00Z,1.35504,1.35607,1.35494,1.35572,8097
2026-02-26T00:00:00Z,1.35574,1.35749,1.35530,1.35554,8585
2026-02-26T04:00:00Z,1.35553,1.35622,1.35439,1.35460,9786
2026-02-26T08:00:00Z,1.35461,1.35469,1.35191,1.35287,12076
2026-02-26T12:00:00Z,1.35287,1.35565,1.34971,1.35142,27148
2026-02-26T16:00:00Z,1.35140,1.35151,1.34450,1.34871,25680
2026-02-26T20:00:00Z,1.34871,1.34930,1.34767,1.34910,6051
2026-02-27T00:00:00Z,1.34911,1.34955,1.34760,1.34914,12714
2026-02-27T04:00:00Z,1.34915,1.35008,1.34612,1.34874,12049
2026-02-27T08:00:00Z,1.34877,1.35078,1.34650,1.34661,18189
2026-02-27T12:00:00Z,1.34660,1.34789,1.34394,1.34433,30950
2026-02-27T16:00:00Z,1.34436,1.34827,1.34409,1.34806,19396
2026-02-27T20:00:00Z,1.34808,1.34903,1.34701,1.34777,7407
2026-03-01T20:00:00Z,1.34141,1.34354,1.34021,1.34050,8727
2026-03-02T00:00:00Z,1.34048,1.34556,1.34002,1.34471,23723
2026-03-02T04:00:00Z,1.34473,1.34505,1.33440,1.33618,27101
2026-03-02T08:00:00Z,1.33618,1.34262,1.33137,1.34115,34706
2026-03-02T12:00:00Z,1.34118,1.34252,1.33650,1.33716,43515
2026-03-02T16:00:00Z,1.33714,1.34315,1.33593,1.34280,28033
2026-03-02T20:00:00Z,1.34283,1.34296,1.33860,1.34078,13677
2026-03-03T00:00:00Z,1.34079,1.34249,1.33915,1.33990,18193
2026-03-03T04:00:00Z,1.33991,1.34026,1.33333,1.33356,25615
2026-03-03T08:00:00Z,1.33355,1.33369,1.32623,1.32928,48743
2026-03-03T12:00:00Z,1.32930,1.33271,1.32528,1.33017,61824
2026-03-03T16:00:00Z,1.33016,1.33681,1.32968,1.33552,47678
2026-03-03T20:00:00Z,1.33554,1.33696,1.33456,1.33510,14881
2026-03-04T00:00:00Z,1.33510,1.33521,1.33029,1.33384,24410
2026-03-04T04:00:00Z,1.33384,1.33761,1.33051,1.33592,25788
2026-03-04T08:00:00Z,1.33593,1.34030,1.33323,1.33781,40297
2026-03-04T12:00:00Z,1.33779,1.33888,1.33481,1.33643,46472
2026-03-04T16:00:00Z,1.33644,1.33768,1.33461,1.33744,22076
2026-03-04T20:00:00Z,1.33742,1.33804,1.33657,1.33688,10669
2026-03-05T00:00:00Z,1.33687,1.33866,1.33375,1.33407,18557
2026-03-05T04:00:00Z,1.33407,1.33575,1.33056,1.33414,26034
2026-03-05T08:00:00Z,1.33415,1.33763,1.33149,1.33588,39807
2026-03-05T12:00:00Z,1.33586,1.33736,1.33091,1.33227,40229
2026-03-05T16:00:00Z,1.33226,1.33395,1.32973,1.33198,40014
2026-03-05T20:00:00Z,1.33198,1.33650,1.33184,1.33553,16811
2026-03-06T00:00:00Z,1.33555,1.33729,1.33543,1.33715,13565
2026-03-06T04:00:00Z,1.33715,1.33720,1.33520,1.33691,15523
2026-03-06T08:00:00Z,1.33692,1.33790,1.33176,1.33180,32609
2026-03-06T12:00:00Z,1.33183,1.33890,1.33110,1.33590,60473
2026-03-06T16:00:00Z,1.33588,1.34093,1.33588,1.33863,41455
2026-03-06T20:00:00Z,1.33864,1.34153,1.33784,1.34139,12879
2026-03-08T20:00:00Z,1.33334,1.33536,1.32994,1.33044,11160
2026-03-09T00:00:00Z,1.33045,1.33173,1.32828,1.32950,29089
2026-03-09T04:00:00Z,1.32951,1.33471,1.32933,1.33442,35087
2026-03-09T08:00:00Z,1.33443,1.33631,1.33022,1.33474,48727
2026-03-09T12:00:00Z,1.33473,1.34006,1.33452,1.33923,55156
2026-03-09T16:00:00Z,1.33928,1.34454,1.33821,1.34288,38253
2026-03-09T20:00:00Z,1.34289,1.34482,1.34198,1.34236,13944
2026-03-10T00:00:00Z,1.34236,1.34440,1.34132,1.34159,20935
2026-03-10T04:00:00Z,1.34160,1.34800,1.34136,1.34770,20116
2026-03-10T08:00:00Z,1.34770,1.34831,1.34381,1.34439,33447
2026-03-10T12:00:00Z,1.34442,1.34726,1.34301,1.34576,45549
2026-03-10T16:00:00Z,1.34575,1.34808,1.34117,1.34181,41630
2026-03-10T20:00:00Z,1.34182,1.34224,1.34099,1.34192,9369
2026-03-11T00:00:00Z,1.34193,1.34529,1.34142,1.34517,14335
2026-03-11T04:00:00Z,1.34516,1.34573,1.34288,1.34347,16732
2026-03-11T08:00:00Z,1.34346,1.34492,1.34015,1.34276,29497
2026-03-11T12:00:00Z,1.34275,1.34432,1.33933,1.33973,48906
2026-03-11T16:00:00Z,1.33973,1.34220,1.33941,1.34180,25306
2026-03-11T20:00:00Z,1.34180,1.34180,1.33760,1.33819,11352
2026-03-12T00:00:00Z,1.33818,1.33969,1.33652,1.33713,15817
2026-03-12T04:00:00Z,1.33717,1.33923,1.33609,1.33920,16382
2026-03-12T08:00:00Z,1.33923,1.34095,1.33698,1.33973,19688
2026-03-12T12:00:00Z,1.33974,1.33983,1.33388,1.33479,50028
2026-03-12T16:00:00Z,1.33480,1.33653,1.33378,1.33475,31037
2026-03-12T20:00:00Z,1.33474,1.33542,1.33345,1.33512,11089
2026-03-13T00:00:00Z,1.33514,1.33692,1.33391,1.33460,12130
2026-03-13T04:00:00Z,1.33459,1.33459,1.32738,1.32795,17467
2026-03-13T08:00:00Z,1.32796,1.32804,1.32452,1.32544,33138
2026-03-13T12:00:00Z,1.32546,1.32892,1.32300,1.32383,45779
2026-03-13T16:00:00Z,1.32382,1.32527,1.32245,1.32268,24988
2026-03-13T20:00:00Z,1.32268,1.32283,1.32181,1.32202,3630
2026-03-15T20:00:00Z,1.32321,1.32480,1.32216,1.32463,8087
2026-03-16T00:00:00Z,1.32462,1.32659,1.32459,1.32612,15583
2026-03-16T04:00:00Z,1.32611,1.32623,1.32299,1.32434,11147
2026-03-16T08:00:00Z,1.32433,1.32837,1.32343,1.32796,22984
2026-03-16T12:00:00Z,1.32795,1.33170,1.32766,1.33020,28717
2026-03-16T16:00:00Z,1.33019,1.33395,1.32884,1.33258,25189
2026-03-16T20:00:00Z,1.33260,1.33281,1.33077,1.33123,7683
2026-03-17T00:00:00Z,1.33123,1.33141,1.32950,1.33019,13006
2026-03-17T04:00:00Z,1.33018,1.33153,1.32732,1.33050,14625
2026-03-17T08:00:00Z,1.33049,1.33394,1.32987,1.33169,24523
2026-03-17T12:00:00Z,1.33171,1.33598,1.33111,1.33426,34400
2026-03-17T16:00:00Z,1.33425,1.33643,1.33331,1.33536,17026
2026-03-17T20:00:00Z,1.33536,1.33618,1.33506,1.33570,10021
2026-03-18T00:00:00Z,1.33571,1.33632,1.33501,1.33584,17977
2026-03-18T04:00:00Z,1.33585,1.33743,1.33475,1.33547,11015
2026-03-18T08:00:00Z,1.33545,1.33709,1.33409,1.33595,16128
2026-03-18T12:00:00Z,1.33596,1.33628,1.33025,1.33219,44736
2026-03-18T16:00:00Z,1.33219,1.33505,1.32737,1.32768,32868
2026-03-18T20:00:00Z,1.32768,1.32788,1.32509,1.32639,10881
2026-03-19T00:00:00Z,1.32639,1.32978,1.32630,1.32812,18130
2026-03-19T04:00:00Z,1.32811,1.32811,1.32512,1.32630,19962
2026-03-19T08:00:00Z,1.32636,1.32932,1.32457,1.32920,39585
2026-03-19T12:00:00Z,1.32919,1.33895,1.32791,1.33586,77348
2026-03-19T16:00:00Z,1.33584,1.34670,1.33534,1.34302,55452
2026-03-19T20:00:00Z,1.34304,1.34418,1.34197,1.34239,7007
2026-03-20T00:00:00Z,1.34240,1.34289,1.34034,1.34036,10957
2026-03-20T04:00:00Z,1.34035,1.34309,1.33977,1.34263,10865
2026-03-20T08:00:00Z,1.34268,1.34364,1.33631,1.33941,29305
2026-03-20T12:00:00Z,1.33941,1.34092,1.32985,1.33012,54434
2026-03-20T16:00:00Z,1.33013,1.33531,1.33006,1.33332,41145
2026-03-20T20:00:00Z,1.33334,1.33455,1.33320,1.33386,4879
2026-03-22T20:00:00Z,1.33056,1.33351,1.32999,1.33341,7387
2026-03-23T00:00:00Z,1.33345,1.33429,1.33088,1.33145,29750
2026-03-23T04:00:00Z,1.33149,1.33267,1.32811,1.32892,26988
2026-03-23T08:00:00Z,1.32893,1.34337,1.32566,1.33563,63231
2026-03-23T12:00:00Z,1.33564,1.34790,1.33424,1.33844,94149
2026-03-23T16:00:00Z,1.33844,1.34579,1.33772,1.34313,53078
2026-03-23T20:00:00Z,1.34312,1.34363,1.34209,1.34253,7620
2026-03-24T00:00:00Z,1.34256,1.34264,1.33862,1.33981,25393
2026-03-24T04:00:00Z,1.33980,1.34453,1.33855,1.34305,26196
2026-03-24T08:00:00Z,1.34302,1.34305,1.33796,1.33964,34410
2026-03-24T12:00:00Z,1.33968,1.34249,1.33648,1.33807,56327
2026-03-24T16:00:00Z,1.33808,1.33951,1.33519,1.33823,38705
2026-03-24T20:00:00Z,1.33822,1.34317,1.33799,1.34148,21811
2026-03-25T00:00:00Z,1.34150,1.34358,1.33973,1.33983,18417
2026-03-25T04:00:00Z,1.33983,1.33996,1.33699,1.33905,17151
2026-03-25T08:00:00Z,1.33908,1.34239,1.33872,1.34150,28619
2026-03-25T12:00:00Z,1.34150,1.34268,1.33585,1.33710,43781
2026-03-25T16:00:00Z,1.33710,1.33923,1.33587,1.33661,26409
2026-03-25T20:00:00Z,1.33657,1.33681,1.33579,1.33629,6106
2026-03-26T00:00:00Z,1.33629,1.33667,1.33483,1.33645,10783
2026-03-26T04:00:00Z,1.33645,1.33675,1.33461,1.33498,13474
2026-03-26T08:00:00Z,1.33499,1.33614,1.33259,1.33260,21026
2026-03-26T12:00:00Z,1.33261,1.33781,1.33216,1.33503,41195
2026-03-26T16:00:00Z,1.33504,1.33526,1.33125,1.33131,21023
2026-03-26T20:00:00Z,1.33128,1.33683,1.33100,1.33345,17057
2026-03-27T00:00:00Z,1.33345,1.33466,1.33217,1.33402,16337
2026-03-27T04:00:00Z,1.33403,1.33470,1.33115,1.33130,15700
2026-03-27T08:00:00Z,1.33131,1.33206,1.32821,1.32829,22910
2026-03-27T12:00:00Z,1.32827,1.33323,1.32717,1.32909,42455
2026-03-27T16:00:00Z,1.32909,1.32977,1.32599,1.32715,24664
2026-03-27T20:00:00Z,1.32714,1.32762,1.32552,1.32553,5186
2026-03-29T20:00:00Z,1.32576,1.32645,1.32335,1.32375,8955
2026-03-30T00:00:00Z,1.32376,1.32724,1.32321,1.32713,24505
2026-03-30T04:00:00Z,1.32713,1.32822,1.32412,1.32453,16000
2026-03-30T08:00:00Z,1.32452,1.32536,1.32238,1.32307,20075
2026-03-30T12:00:00Z,1.32307,1.32369,1.31736,1.31895,39534
2026-03-30T16:00:00Z,1.31892,1.31969,1.31741,1.31852,21830
2026-03-30T20:00:00Z,1.31850,1.31862,1.31688,1.31717,9255
2026-03-31T00:00:00Z,1.31722,1.32241,1.31589,1.31996,22777
2026-03-31T04:00:00Z,1.31997,1.32118,1.31907,1.32049,17940
2026-03-31T08:00:00Z,1.32049,1.32348,1.31914,1.32346,23820
2026-03-31T12:00:00Z,1.32345,1.32640,1.31721,1.31842,55457
2026-03-31T16:00:00Z,1.31841,1.32480,1.31748,1.32352,58199
2026-03-31T20:00:00Z,1.32353,1.32440,1.32156,1.32432,9803
2026-04-01T00:00:00Z,1.32431,1.32542,1.32193,1.32331,17987
2026-04-01T04:00:00Z,1.32331,1.32927,1.32321,1.32653,27063
2026-04-01T08:00:00Z,1.32651,1.33247,1.32611,1.33213,30069
2026-04-01T12:00:00Z,1.33212,1.33376,1.32929,1.33291,48868
2026-04-01T16:00:00Z,1.33292,1.33461,1.32924,1.32997,26620
2026-04-01T20:00:00Z,1.32999,1.33099,1.32931,1.33017,10548
2026-04-02T00:00:00Z,1.33021,1.33200,1.32306,1.32348,50139
2026-04-02T04:00:00Z,1.32352,1.32390,1.32012,1.32167,23298
2026-04-02T08:00:00Z,1.32168,1.32189,1.31815,1.32014,18531
2026-04-02T12:00:00Z,1.32014,1.32510,1.32001,1.32384,52102
2026-04-02T16:00:00Z,1.32384,1.32423,1.32210,1.32228,20469
2026-04-02T20:00:00Z,1.32230,1.32312,1.32049,1.32294,3526
2026-04-03T00:00:00Z,1.32296,1.32375,1.32212,1.32291,3973
2026-04-03T04:00:00Z,1.32291,1.32423,1.32219,1.32385,4396
2026-04-03T08:00:00Z,1.32383,1.32404,1.32296,1.32354,5636
2026-04-03T12:00:00Z,1.32352,1.32373,1.31950,1.32010,16154
2026-04-03T16:00:00Z,1.32008,1.32015,1.31884,1.31909,8356
2026-04-03T20:00:00Z,1.31913,1.32087,1.31859,1.31859,2300
2026-04-05T20:00:00Z,1.31888,1.31939,1.31770,1.31852,6720
2026-04-06T00:00:00Z,1.31851,1.32178,1.31851,1.32066,13380
2026-04-06T04:00:00Z,1.32071,1.32583,1.32065,1.32528,12316
2026-04-06T08:00:00Z,1.32528,1.32589,1.32324,1.32365,17402
2026-04-06T12:00:00Z,1.32366,1.32681,1.32236,1.32334,27366
2026-04-06T16:00:00Z,1.32334,1.32441,1.32178,1.32342,22019
2026-04-06T20:00:00Z,1.32339,1.32420,1.32283,1.32333,5554
2026-04-07T00:00:00Z,1.32334,1.32386,1.32112,1.32250,11967
2026-04-07T04:00:00Z,1.32249,1.32480,1.32185,1.32334,18787
2026-04-07T08:00:00Z,1.32335,1.32849,1.32328,1.32457,33143
2026-04-07T12:00:00Z,1.32461,1.32667,1.32356,1.32393,40905
2026-04-07T16:00:00Z,1.32395,1.32936,1.32392,1.32873,31071
2026-04-07T20:00:00Z,1.32874,1.34088,1.32774,1.34008,30737
2026-04-08T00:00:00Z,1.34010,1.34156,1.33791,1.33985,36979
2026-04-08T04:00:00Z,1.33985,1.34455,1.33985,1.34239,36566
2026-04-08T08:00:00Z,1.34238,1.34699,1.34064,1.34659,27643
2026-04-08T12:00:00Z,1.34660,1.34841,1.34282,1.34384,48421
2026-04-08T16:00:00Z,1.34386,1.34386,1.33810,1.34067,27352
2026-04-08T20:00:00Z,1.34068,1.34088,1.33903,1.33921,7464
2026-04-09T00:00:00Z,1.33922,1.34020,1.33809,1.33947,14719
2026-04-09T04:00:00Z,1.33949,1.34062,1.33807,1.33929,18103
2026-04-09T08:00:00Z,1.33929,1.34301,1.33836,1.34287,18571
2026-04-09T12:00:00Z,1.34285,1.34445,1.34035,1.34418,47686
2026-04-09T16:00:00Z,1.34418,1.34583,1.34297,1.34353,23936
2026-04-09T20:00:00Z,1.34353,1.34379,1.34241,1.34290,9342
2026-04-10T00:00:00Z,1.34291,1.34317,1.34199,1.34243,9879
2026-04-10T04:00:00Z,1.34244,1.34282,1.34104,1.34119,11169
2026-04-10T08:00:00Z,1.34119,1.34453,1.34112,1.34441,15795
2026-04-10T12:00:00Z,1.34442,1.34789,1.34433,1.34577,33490
2026-04-10T16:00:00Z,1.34577,1.34717,1.34474,1.34680,16761
2026-04-10T20:00:00Z,1.34679,1.34697,1.34540,1.34542,3052
