timestamp,open,high,low,close,volume
2024-12-06T05:00:00Z,1.40327,1.40331,1.40324,1.40329,139
2024-12-06T05:30:00Z,1.40327,1.40349,1.40306,1.40327,1116
2024-12-06T06:00:00Z,1.40329,1.40362,1.40295,1.40315,1387
2024-12-06T06:30:00Z,1.40314,1.40365,1.40308,1.40343,1885
2024-12-06T07:00:00Z,1.40343,1.40393,1.40332,1.40389,2395
2024-12-06T07:30:00Z,1.40389,1.40413,1.40315,1.40321,1679
2024-12-06T08:00:00Z,1.40319,1.40348,1.40262,1.40340,3470
2024-12-06T08:30:00Z,1.40339,1.40399,1.40331,1.40363,2533
2024-12-06T09:00:00Z,1.40364,1.40419,1.40355,1.40404,3822
2024-12-06T09:30:00Z,1.40404,1.40435,1.40369,1.40383,2992
2024-12-06T10:00:00Z,1.40382,1.40441,1.40361,1.40417,3298
2024-12-06T10:30:00Z,1.40414,1.40446,1.40392,1.40402,3387
2024-12-06T11:00:00Z,1.40401,1.40420,1.40382,1.40393,2644
2024-12-06T11:30:00Z,1.40395,1.40461,1.40382,1.40440,2730
2024-12-06T12:00:00Z,1.40440,1.40499,1.40423,1.40488,4219
2024-12-06T12:30:00Z,1.40488,1.40577,1.40466,1.40571,4062
2024-12-06T13:00:00Z,1.40572,1.40705,1.40569,1.40653,4742
2024-12-06T13:30:00Z,1.40652,1.40941,1.40449,1.40908,14840
2024-12-06T14:00:00Z,1.40907,1.41044,1.40859,1.41008,10480
2024-12-06T14:30:00Z,1.41008,1.41308,1.40990,1.41290,11640
2024-12-06T15:00:00Z,1.41290,1.41562,1.41286,1.41482,8299
2024-12-06T15:30:00Z,1.41482,1.41541,1.41371,1.41377,10977
2024-12-06T16:00:00Z,1.41376,1.41497,1.41332,1.41375,7504
2024-12-06T16:30:00Z,1.41375,1.41488,1.41353,1.41447,6239
2024-12-06T17:00:00Z,1.41449,1.41567,1.41443,1.41477,6524
2024-12-06T17:30:00Z,1.41477,1.41567,1.41455,1.41537,5513
2024-12-06T18:00:00Z,1.41537,1.41548,1.41468,1.41475,3592
2024-12-06T18:30:00Z,1.41475,1.41570,1.41475,1.41560,4064
2024-12-06T19:00:00Z,1.41559,1.41641,1.41548,1.41584,2492
2024-12-06T19:30:00Z,1.41582,1.41630,1.41564,1.41588,2495
2024-12-06T20:00:00Z,1.41588,1.41621,1.41513,1.41516,4315
2024-12-06T20:30:00Z,1.41520,1.41536,1.41479,1.41498,4011
2024-12-06T21:00:00Z,1.41499,1.41566,1.41496,1.41507,1058
2024-12-06T21:30:00Z,1.41506,1.41589,1.41506,1.41530,1094
2024-12-08T22:00:00Z,1.41515,1.41627,1.41502,1.41619,508
2024-12-08T22:30:00Z,1.41619,1.41622,1.41609,1.41620,406
2024-12-08T23:00:00Z,1.41623,1.41642,1.41531,1.41541,1549
2024-12-08T23:30:00Z,1.41541,1.41545,1.41473,1.41475,931
2024-12-09T00:00:00Z,1.41472,1.41529,1.41472,1.41514,1369
2024-12-09T00:30:00Z,1.41515,1.41546,1.41507,1.41539,1164
2024-12-09T01:00:00Z,1.41538,1.41538,1.41481,1.41483,1697
2024-12-09T01:30:00Z,1.41483,1.41534,1.41474,1.41524,1396
2024-12-09T02:00:00Z,1.41523,1.41524,1.41473,1.41491,1391
2024-12-09T02:30:00Z,1.41490,1.41570,1.41489,1.41521,1355
2024-12-09T03:00:00Z,1.41521,1.41593,1.41511,1.41583,1584
2024-12-09T03:30:00Z,1.41581,1.41657,1.41552,1.41647,1495
2024-12-09T04:00:00Z,1.41647,1.41686,1.41632,1.41657,1244
2024-12-09T04:30:00Z,1.41657,1.41688,1.41647,1.41659,1197
2024-12-09T05:00:00Z,1.41660,1.41690,1.41641,1.41685,1307
2024-12-09T05:30:00Z,1.41686,1.41730,1.41669,1.41687,1251
2024-12-09T06:00:00Z,1.41686,1.41704,1.41659,1.41691,2138
2024-12-09T06:30:00Z,1.41692,1.41702,1.41675,1.41682,974
2024-12-09T07:00:00Z,1.41682,1.41746,1.41638,1.41655,2704
2024-12-09T07:30:00Z,1.41654,1.41659,1.41543,1.41564,3923
2024-12-09T08:00:00Z,1.41564,1.41618,1.41543,1.41557,4045
2024-12-09T08:30:00Z,1.41556,1.41614,1.41459,1.41475,3785
2024-12-09T09:00:00Z,1.41474,1.41474,1.41375,1.41376,3500
2024-12-09T09:30:00Z,1.41377,1.41439,1.41363,1.41421,2866
2024-12-09T10:00:00Z,1.41422,1.41422,1.41336,1.41346,3810
2024-12-09T10:30:00Z,1.41345,1.41373,1.41323,1.41349,2387
2024-12-09T11:00:00Z,1.41348,1.41358,1.41302,1.41350,1709
2024-12-09T11:30:00Z,1.41352,1.41366,1.41291,1.41336,2551
2024-12-09T12:00:00Z,1.41335,1.41347,1.41278,1.41292,2344
2024-12-09T12:30:00Z,1.41292,1.41350,1.41210,1.41223,2506
2024-12-09T13:00:00Z,1.41223,1.41230,1.41050,1.41052,5246
2024-12-09T13:30:00Z,1.41050,1.41080,1.40930,1.41010,4532
2024-12-09T14:00:00Z,1.41008,1.41103,1.40987,1.41093,5962
2024-12-09T14:30:00Z,1.41093,1.41182,1.41061,1.41073,8492
2024-12-09T15:00:00Z,1.41073,1.41200,1.41037,1.41190,6588
2024-12-09T15:30:00Z,1.41188,1.41252,1.41121,1.41133,8460
2024-12-09T16:00:00Z,1.41133,1.41237,1.41131,1.41216,6626
2024-12-09T16:30:00Z,1.41217,1.41276,1.41184,1.41217,4246
2024-12-09T17:00:00Z,1.41217,1.41275,1.41186,1.41260,4143
2024-12-09T17:30:00Z,1.41261,1.41361,1.41239,1.41354,3532
2024-12-09T18:00:00Z,1.41355,1.41479,1.41354,1.41462,4052
2024-12-09T18:30:00Z,1.41463,1.41474,1.41396,1.41423,3988
2024-12-09T19:00:00Z,1.41423,1.41491,1.41423,1.41473,3708
2024-12-09T19:30:00Z,1.41474,1.41639,1.41450,1.41582,4054
2024-12-09T20:00:00Z,1.41581,1.41718,1.41559,1.41692,4150
2024-12-09T20:30:00Z,1.41692,1.41725,1.41680,1.41718,3734
2024-12-09T21:00:00Z,1.41718,1.41729,1.41659,1.41706,1381
2024-12-09T21:30:00Z,1.41706,1.41716,1.41658,1.41707,1512
2024-12-09T22:00:00Z,1.41687,1.41696,1.41658,1.41676,227
2024-12-09T22:30:00Z,1.41676,1.41704,1.41676,1.41699,265
2024-12-09T23:00:00Z,1.41700,1.41744,1.41698,1.41729,880
2024-12-09T23:30:00Z,1.41729,1.41747,1.41700,1.41743,700
2024-12-10T00:00:00Z,1.41742,1.41749,1.41721,1.41739,1633
2024-12-10T00:30:00Z,1.41739,1.41752,1.41720,1.41725,1343
2024-12-10T01:00:00Z,1.41725,1.41779,1.41722,1.41741,1725
2024-12-10T01:30:00Z,1.41743,1.41852,1.41730,1.41744,2651
2024-12-10T02:00:00Z,1.41742,1.41794,1.41681,1.41782,3659
2024-12-10T02:30:00Z,1.41781,1.41815,1.41750,1.41807,2110
2024-12-10T03:00:00Z,1.41807,1.41851,1.41793,1.41836,1942
2024-12-10T03:30:00Z,1.41836,1.41893,1.41802,1.41817,2640
2024-12-10T04:00:00Z,1.41816,1.41836,1.41787,1.41792,1027
2024-12-10T04:30:00Z,1.41791,1.41827,1.41751,1.41826,1669
2024-12-10T05:00:00Z,1.41825,1.41827,1.41779,1.41821,1829
2024-12-10T05:30:00Z,1.41821,1.41833,1.41740,1.41758,1647
2024-12-10T06:00:00Z,1.41757,1.41760,1.41676,1.41682,2159
2024-12-10T06:30:00Z,1.41680,1.41725,1.41667,1.41670,1722
2024-12-10T07:00:00Z,1.41669,1.41734,1.41668,1.41719,2035
2024-12-10T07:30:00Z,1.41719,1.41854,1.41712,1.41842,2054
2024-12-10T08:00:00Z,1.41843,1.41947,1.41828,1.41876,3252
2024-12-10T08:30:00Z,1.41876,1.41892,1.41789,1.41823,4175
2024-12-10T09:00:00Z,1.41824,1.41851,1.41753,1.41822,3837
2024-12-10T09:30:00Z,1.41821,1.41833,1.41750,1.41761,3973
2024-12-10T10:00:00Z,1.41761,1.41768,1.41700,1.41721,3156
2024-12-10T10:30:00Z,1.41721,1.41730,1.41645,1.41660,3301
2024-12-10T11:00:00Z,1.41659,1.41711,1.41650,1.41672,2949
2024-12-10T11:30:00Z,1.41671,1.41671,1.41631,1.41640,2673
2024-12-10T12:00:00Z,1.41640,1.41730,1.41617,1.41720,2739
2024-12-10T12:30:00Z,1.41721,1.41750,1.41580,1.41595,2985
2024-12-10T13:00:00Z,1.41598,1.41687,1.41573,1.41651,4079
2024-12-10T13:30:00Z,1.41652,1.41659,1.41580,1.41625,4281
2024-12-10T14:00:00Z,1.41623,1.41721,1.41565,1.41716,4728
2024-12-10T14:30:00Z,1.41716,1.41851,1.41711,1.41802,7285
2024-12-10T15:00:00Z,1.41801,1.41938,1.41789,1.41897,5615
2024-12-10T15:30:00Z,1.41897,1.41907,1.41688,1.41689,8597
2024-12-10T16:00:00Z,1.41689,1.41706,1.41599,1.41616,5722
2024-12-10T16:30:00Z,1.41616,1.41679,1.41599,1.41610,4393
2024-12-10T17:00:00Z,1.41610,1.41687,1.41584,1.41683,3494
2024-12-10T17:30:00Z,1.41685,1.41692,1.41612,1.41667,3123
2024-12-10T18:00:00Z,1.41669,1.41699,1.41618,1.41641,3711
2024-12-10T18:30:00Z,1.41642,1.41651,1.41559,1.41576,4419
2024-12-10T19:00:00Z,1.41577,1.41609,1.41550,1.41598,3494
2024-12-10T19:30:00Z,1.41600,1.41676,1.41592,1.41643,2648
2024-12-10T20:00:00Z,1.41642,1.41697,1.41624,1.41676,3018
2024-12-10T20:30:00Z,1.41676,1.41727,1.41652,1.41725,2708
2024-12-10T21:00:00Z,1.41725,1.41764,1.41707,1.41724,968
2024-12-10T21:30:00Z,1.41725,1.41808,1.41702,1.41806,1485
2024-12-10T22:00:00Z,1.41791,1.41804,1.41612,1.41794,215
2024-12-10T22:30:00Z,1.41794,1.41803,1.41751,1.41765,924
2024-12-10T23:00:00Z,1.41775,1.41781,1.41738,1.41759,881
2024-12-10T23:30:00Z,1.41758,1.41764,1.41737,1.41744,681
2024-12-11T00:00:00Z,1.41744,1.41776,1.41724,1.41731,1743
2024-12-11T00:30:00Z,1.41731,1.41737,1.41696,1.41725,1475
2024-12-11T01:00:00Z,1.41723,1.41729,1.41664,1.41667,3091
2024-12-11T01:30:00Z,1.41667,1.41686,1.41643,1.41649,3571
2024-12-11T02:00:00Z,1.41648,1.41659,1.41585,1.41593,2754
2024-12-11T02:30:00Z,1.41593,1.41629,1.41588,1.41615,3001
2024-12-11T03:00:00Z,1.41615,1.41637,1.41587,1.41615,1781
2024-12-11T03:30:00Z,1.41615,1.41630,1.41602,1.41628,1679
2024-12-11T04:00:00Z,1.41629,1.41643,1.41610,1.41626,1421
2024-12-11T04:30:00Z,1.41627,1.41680,1.41627,1.41650,1594
2024-12-11T05:00:00Z,1.41650,1.41685,1.41645,1.41668,2355
2024-12-11T05:30:00Z,1.41668,1.41690,1.41633,1.41660,2039
2024-12-11T06:00:00Z,1.41660,1.41673,1.41631,1.41646,2009
2024-12-11T06:30:00Z,1.41646,1.41678,1.41625,1.41654,1857
2024-12-11T07:00:00Z,1.41656,1.41826,1.41628,1.41779,5747
2024-12-11T07:30:00Z,1.41779,1.41906,1.41775,1.41897,5291
2024-12-11T08:00:00Z,1.41895,1.41911,1.41811,1.41831,5469
2024-12-11T08:30:00Z,1.41830,1.41839,1.41775,1.41806,3922
2024-12-11T09:00:00Z,1.41806,1.41860,1.41764,1.41819,5574
2024-12-11T09:30:00Z,1.41819,1.41898,1.41791,1.41842,4434
2024-12-11T10:00:00Z,1.41842,1.41930,1.41842,1.41912,4349
2024-12-11T10:30:00Z,1.41910,1.41922,1.41877,1.41887,3508
2024-12-11T11:00:00Z,1.41887,1.41899,1.41829,1.41849,4348
2024-12-11T11:30:00Z,1.41849,1.41857,1.41798,1.41815,3407
2024-12-11T12:00:00Z,1.41815,1.41832,1.41712,1.41791,5398
2024-12-11T12:30:00Z,1.41794,1.41860,1.41792,1.41840,3679
2024-12-11T13:00:00Z,1.41840,1.41871,1.41704,1.41720,4888
2024-12-11T13:30:00Z,1.41750,1.41901,1.41581,1.41689,11553
2024-12-11T14:00:00Z,1.41688,1.41873,1.41653,1.41868,7349
2024-12-11T14:30:00Z,1.41869,1.41928,1.41243,1.41249,11331
2024-12-11T15:00:00Z,1.41248,1.41400,1.41193,1.41370,9110
2024-12-11T15:30:00Z,1.41370,1.41532,1.41329,1.41405,10947
2024-12-11T16:00:00Z,1.41404,1.41446,1.41329,1.41398,5749
2024-12-11T16:30:00Z,1.41397,1.41441,1.41227,1.41256,5212
2024-12-11T17:00:00Z,1.41256,1.41411,1.41231,1.41369,3388
2024-12-11T17:30:00Z,1.41369,1.41603,1.41350,1.41591,4094
2024-12-11T18:00:00Z,1.41591,1.41591,1.41477,1.41488,4617
2024-12-11T18:30:00Z,1.41488,1.41681,1.41464,1.41678,4525
2024-12-11T19:00:00Z,1.41680,1.41698,1.41562,1.41577,3245
2024-12-11T19:30:00Z,1.41578,1.41634,1.41525,1.41610,4530
2024-12-11T20:00:00Z,1.41609,1.41629,1.41563,1.41582,3033
2024-12-11T20:30:00Z,1.41583,1.41669,1.41583,1.41625,3108
2024-12-11T21:00:00Z,1.41624,1.41633,1.41582,1.41585,923
2024-12-11T21:30:00Z,1.41586,1.41622,1.41574,1.41574,1755
2024-12-11T22:00:00Z,1.41568,1.41591,1.41543,1.41561,264
2024-12-11T22:30:00Z,1.41555,1.41572,1.41544,1.41552,543
2024-12-11T23:00:00Z,1.41564,1.41589,1.41534,1.41552,666
2024-12-11T23:30:00Z,1.41551,1.41551,1.41481,1.41488,854
2024-12-12T00:00:00Z,1.41453,1.41488,1.41415,1.41488,675
2024-12-12T00:30:00Z,1.41369,1.41425,1.41369,1.41425,166
2024-12-12T01:00:00Z,1.41444,1.41486,1.41420,1.41424,2874
2024-12-12T01:30:00Z,1.41423,1.41485,1.41419,1.41479,3327
2024-12-12T02:00:00Z,1.41476,1.41548,1.41459,1.41483,2672
2024-12-12T02:30:00Z,1.41482,1.41521,1.41470,1.41495,3290
2024-12-12T03:00:00Z,1.41495,1.41503,1.41461,1.41466,3394
2024-12-12T03:30:00Z,1.41466,1.41514,1.41447,1.41484,3252
2024-12-12T04:00:00Z,1.41484,1.41501,1.41457,1.41471,1934
2024-12-12T04:30:00Z,1.41472,1.41485,1.41458,1.41463,1739
2024-12-12T05:00:00Z,1.41461,1.41513,1.41457,1.41493,2319
2024-12-12T05:30:00Z,1.41494,1.41509,1.41439,1.41451,2676
2024-12-12T06:00:00Z,1.41451,1.41476,1.41417,1.41454,2685
2024-12-12T06:30:00Z,1.41453,1.41453,1.41418,1.41429,2553
2024-12-12T07:00:00Z,1.41430,1.41431,1.41343,1.41412,4233
2024-12-12T07:30:00Z,1.41411,1.41476,1.41408,1.41471,4635
2024-12-12T08:00:00Z,1.41470,1.41501,1.41441,1.41491,5124
2024-12-12T08:30:00Z,1.41493,1.41508,1.41308,1.41386,7832
2024-12-12T09:00:00Z,1.41390,1.41435,1.41328,1.41353,5027
2024-12-12T09:30:00Z,1.41363,1.41384,1.41328,1.41363,1160
2024-12-12T10:00:00Z,1.41363,1.41397,1.41330,1.41343,4865
2024-12-12T10:30:00Z,1.41345,1.41443,1.41331,1.41436,3826
2024-12-12T11:00:00Z,1.41436,1.41508,1.41384,1.41455,5851
2024-12-12T11:30:00Z,1.41454,1.41541,1.41437,1.41533,3340
2024-12-12T12:00:00Z,1.41534,1.41671,1.41534,1.41594,4392
2024-12-12T12:30:00Z,1.41594,1.41672,1.41579,1.41653,5293
2024-12-12T13:00:00Z,1.41654,1.41744,1.41638,1.41715,8188
2024-12-12T13:30:00Z,1.41715,1.41745,1.41610,1.41689,10306
2024-12-12T14:00:00Z,1.41688,1.41895,1.41671,1.41857,9930
2024-12-12T14:30:00Z,1.41855,1.41949,1.41617,1.41642,10204
2024-12-12T15:00:00Z,1.41641,1.41932,1.41618,1.41904,9235
2024-12-12T15:30:00Z,1.41904,1.41995,1.41833,1.41838,10179
2024-12-12T16:00:00Z,1.41846,1.41926,1.41786,1.41863,6882
2024-12-12T16:30:00Z,1.41861,1.41861,1.41770,1.41790,5324
2024-12-12T17:00:00Z,1.41789,1.41821,1.41684,1.41743,5094
2024-12-12T17:30:00Z,1.41742,1.41934,1.41722,1.41912,4327
2024-12-12T18:00:00Z,1.41918,1.41990,1.41854,1.41898,4704
2024-12-12T18:30:00Z,1.41900,1.41973,1.41883,1.41962,4944
2024-12-12T19:00:00Z,1.41962,1.42098,1.41880,1.42068,4787
2024-12-12T19:30:00Z,1.42068,1.42116,1.42039,1.42072,4674
2024-12-12T20:00:00Z,1.42071,1.42118,1.42034,1.42094,3721
2024-12-12T20:30:00Z,1.42093,1.42268,1.42062,1.42252,3279
2024-12-12T21:00:00Z,1.42251,1.42275,1.42109,1.42110,1844
2024-12-12T21:30:00Z,1.42112,1.42255,1.42109,1.42195,1810
2024-12-12T22:00:00Z,1.42178,1.42186,1.42081,1.42159,459
2024-12-12T22:30:00Z,1.42158,1.42196,1.42109,1.42109,678
2024-12-12T23:00:00Z,1.42109,1.42247,1.42109,1.42191,1315
2024-12-12T23:30:00Z,1.42190,1.42203,1.42151,1.42151,1029
2024-12-13T00:00:00Z,1.42155,1.42239,1.42153,1.42202,2240
2024-12-13T00:30:00Z,1.42201,1.42231,1.42155,1.42215,2487
2024-12-13T01:00:00Z,1.42215,1.42348,1.42196,1.42341,3606
2024-12-13T01:30:00Z,1.42341,1.42387,1.42317,1.42336,3701
2024-12-13T02:00:00Z,1.42337,1.42380,1.42337,1.42364,3155
2024-12-13T02:30:00Z,1.42364,1.42395,1.42331,1.42380,2817
2024-12-13T03:00:00Z,1.42380,1.42390,1.42364,1.42383,2634
2024-12-13T03:30:00Z,1.42385,1.42401,1.42356,1.42398,1927
2024-12-13T04:00:00Z,1.42397,1.42431,1.42389,1.42411,1979
2024-12-13T04:30:00Z,1.42411,1.42418,1.42354,1.42358,2196
2024-12-13T05:00:00Z,1.42358,1.42431,1.42348,1.42413,2192
2024-12-13T05:30:00Z,1.42415,1.42421,1.42350,1.42352,2800
2024-12-13T06:00:00Z,1.42352,1.42390,1.42343,1.42357,2975
2024-12-13T06:30:00Z,1.42357,1.42370,1.42289,1.42296,2586
2024-12-13T07:00:00Z,1.42300,1.42377,1.42300,1.42329,4081
2024-12-13T07:30:00Z,1.42329,1.42349,1.42267,1.42322,4277
2024-12-13T08:00:00Z,1.42323,1.42366,1.42236,1.42242,5688
2024-12-13T08:30:00Z,1.42242,1.42310,1.42228,1.42259,4323
2024-12-13T09:00:00Z,1.42259,1.42278,1.42225,1.42254,4456
2024-12-13T09:30:00Z,1.42254,1.42301,1.42215,1.42224,5512
2024-12-13T10:00:00Z,1.42222,1.42269,1.42197,1.42238,3308
2024-12-13T10:30:00Z,1.42237,1.42255,1.42196,1.42204,3892
2024-12-13T11:00:00Z,1.42205,1.42211,1.42160,1.42175,2412
2024-12-13T11:30:00Z,1.42175,1.42199,1.42158,1.42183,2706
2024-12-13T12:00:00Z,1.42182,1.42217,1.42162,1.42193,4120
2024-12-13T12:30:00Z,1.42194,1.42194,1.42089,1.42130,4121
2024-12-13T13:00:00Z,1.42130,1.42279,1.42118,1.42230,4581
2024-12-13T13:30:00Z,1.42230,1.42274,1.42111,1.42115,5415
2024-12-13T14:00:00Z,1.42116,1.42177,1.42091,1.42150,4997
2024-12-13T14:30:00Z,1.42149,1.42317,1.42147,1.42315,7295
2024-12-13T15:00:00Z,1.42315,1.42443,1.42315,1.42431,7973
2024-12-13T15:30:00Z,1.42434,1.42446,1.42327,1.42376,7381
2024-12-13T16:00:00Z,1.42376,1.42398,1.42267,1.42359,5720
2024-12-13T16:30:00Z,1.42360,1.42429,1.42296,1.42395,5571
2024-12-13T17:00:00Z,1.42396,1.42429,1.42351,1.42371,4434
2024-12-13T17:30:00Z,1.42371,1.42410,1.42306,1.42310,5990
2024-12-13T18:00:00Z,1.42309,1.42336,1.42236,1.42250,4047
2024-12-13T18:30:00Z,1.42250,1.42299,1.42227,1.42292,3387
2024-12-13T19:00:00Z,1.42292,1.42309,1.42238,1.42290,2817
2024-12-13T19:30:00Z,1.42289,1.42344,1.42286,1.42320,2152
2024-12-13T20:00:00Z,1.42319,1.42343,1.42277,1.42319,2659
2024-12-13T20:30:00Z,1.42319,1.42381,1.42295,1.42354,2491
2024-12-13T21:00:00Z,1.42353,1.42401,1.42328,1.42347,1478
2024-12-13T21:30:00Z,1.42348,1.42392,1.42241,1.42293,1154
2024-12-15T22:00:00Z,1.42265,1.42372,1.42259,1.42350,210
2024-12-15T22:30:00Z,1.42349,1.42350,1.42279,1.42282,680
2024-12-15T23:00:00Z,1.42295,1.42339,1.42246,1.42274,1468
2024-12-15T23:30:00Z,1.42274,1.42287,1.42243,1.42255,1014
2024-12-16T00:00:00Z,1.42257,1.42263,1.42174,1.42230,2289
2024-12-16T00:30:00Z,1.42229,1.42254,1.42211,1.42253,2175
2024-12-16T01:00:00Z,1.42251,1.42251,1.42172,1.42193,4369
2024-12-16T01:30:00Z,1.42193,1.42225,1.42173,1.42185,3274
2024-12-16T02:00:00Z,1.42183,1.42213,1.42163,1.42206,2428
2024-12-16T02:30:00Z,1.42206,1.42295,1.42206,1.42277,2833
2024-12-16T03:00:00Z,1.42276,1.42277,1.42239,1.42264,2126
2024-12-16T03:30:00Z,1.42264,1.42289,1.42252,1.42261,1605
2024-12-16T04:00:00Z,1.42261,1.42262,1.42202,1.42218,2046
2024-12-16T04:30:00Z,1.42219,1.42234,1.42191,1.42231,2241
2024-12-16T05:00:00Z,1.42231,1.42250,1.42216,1.42244,2432
2024-12-16T05:30:00Z,1.42244,1.42264,1.42209,1.42252,1738
2024-12-16T06:00:00Z,1.42250,1.42293,1.42231,1.42261,2349
2024-12-16T06:30:00Z,1.42262,1.42298,1.42225,1.42261,1901
2024-12-16T07:00:00Z,1.42262,1.42281,1.42201,1.42238,2000
2024-12-16T07:30:00Z,1.42236,1.42278,1.42221,1.42229,2161
2024-12-16T08:00:00Z,1.42229,1.42276,1.42210,1.42243,3306
2024-12-16T08:30:00Z,1.42243,1.42297,1.42190,1.42294,3325
2024-12-16T09:00:00Z,1.42294,1.42313,1.42237,1.42274,3727
2024-12-16T09:30:00Z,1.42276,1.42320,1.42232,1.42308,2666
2024-12-16T10:00:00Z,1.42309,1.42351,1.42284,1.42330,2335
2024-12-16T10:30:00Z,1.42332,1.42418,1.42327,1.42418,2047
2024-12-16T11:00:00Z,1.42419,1.42436,1.42403,1.42417,2233
2024-12-16T11:30:00Z,1.42419,1.42429,1.42393,1.42407,2069
2024-12-16T12:00:00Z,1.42406,1.42453,1.42402,1.42448,2488
2024-12-16T12:30:00Z,1.42448,1.42531,1.42438,1.42530,2517
2024-12-16T13:00:00Z,1.42531,1.42538,1.42413,1.42437,2918
2024-12-16T13:30:00Z,1.42435,1.42525,1.42429,1.42495,3562
2024-12-16T14:00:00Z,1.42494,1.42546,1.42438,1.42498,4760
2024-12-16T14:30:00Z,1.42498,1.42704,1.42478,1.42482,7369
2024-12-16T15:00:00Z,1.42481,1.42494,1.42340,1.42388,5853
2024-12-16T15:30:00Z,1.42389,1.42398,1.42223,1.42279,5616
2024-12-16T16:00:00Z,1.42280,1.42370,1.42271,1.42336,5319
2024-12-16T16:30:00Z,1.42334,1.42338,1.42254,1.42305,3637
2024-12-16T17:00:00Z,1.42307,1.42351,1.42245,1.42305,4749
2024-12-16T17:30:00Z,1.42305,1.42361,1.42254,1.42279,2760
2024-12-16T18:00:00Z,1.42279,1.42337,1.42247,1.42315,2505
2024-12-16T18:30:00Z,1.42315,1.42380,1.42266,1.42278,2322
2024-12-16T19:00:00Z,1.42279,1.42380,1.42242,1.42348,3009
2024-12-16T19:30:00Z,1.42346,1.42419,1.42296,1.42367,2593
2024-12-16T20:00:00Z,1.42367,1.42442,1.42367,1.42418,2686
2024-12-16T20:30:00Z,1.42420,1.42504,1.42409,1.42501,2836
2024-12-16T21:00:00Z,1.42500,1.42500,1.42421,1.42424,1243
2024-12-16T21:30:00Z,1.42423,1.42467,1.42399,1.42408,1537
2024-12-16T22:00:00Z,1.42394,1.42398,1.42298,1.42367,238
2024-12-16T22:30:00Z,1.42372,1.42391,1.42354,1.42368,1675
2024-12-16T23:00:00Z,1.42376,1.42404,1.42364,1.42372,859
2024-12-16T23:30:00Z,1.42372,1.42373,1.42338,1.42340,526
2024-12-17T00:00:00Z,1.42340,1.42348,1.42313,1.42325,1941
2024-12-17T00:30:00Z,1.42325,1.42355,1.42318,1.42332,2331
2024-12-17T01:00:00Z,1.42331,1.42388,1.42330,1.42387,2792
2024-12-17T01:30:00Z,1.42386,1.42423,1.42371,1.42408,2551
2024-12-17T02:00:00Z,1.42408,1.42446,1.42406,1.42445,2429
2024-12-17T02:30:00Z,1.42445,1.42483,1.42439,1.42481,3150
2024-12-17T03:00:00Z,1.42479,1.42517,1.42460,1.42508,1796
2024-12-17T03:30:00Z,1.42510,1.42540,1.42492,1.42535,1054
2024-12-17T04:00:00Z,1.42533,1.42560,1.42528,1.42546,907
2024-12-17T04:30:00Z,1.42545,1.42595,1.42542,1.42590,1147
2024-12-17T05:00:00Z,1.42590,1.42620,1.42583,1.42589,1740
2024-12-17T05:30:00Z,1.42590,1.42650,1.42573,1.42628,2572
2024-12-17T06:00:00Z,1.42628,1.42712,1.42616,1.42709,2203
2024-12-17T06:30:00Z,1.42708,1.42711,1.42644,1.42646,2894
2024-12-17T07:00:00Z,1.42647,1.42647,1.42571,1.42620,2894
2024-12-17T07:30:00Z,1.42619,1.42696,1.42607,1.42683,2515
2024-12-17T08:00:00Z,1.42682,1.42902,1.42674,1.42882,4060
2024-12-17T08:30:00Z,1.42882,1.42896,1.42796,1.42798,3641
2024-12-17T09:00:00Z,1.42799,1.42829,1.42784,1.42807,3910
2024-12-17T09:30:00Z,1.42808,1.42817,1.42763,1.42774,2411
2024-12-17T10:00:00Z,1.42774,1.42932,1.42765,1.42878,3908
2024-12-17T10:30:00Z,1.42880,1.42881,1.42786,1.42830,2524
2024-12-17T11:00:00Z,1.42831,1.42853,1.42762,1.42767,2922
2024-12-17T11:30:00Z,1.42767,1.42827,1.42751,1.42800,3685
2024-12-17T12:00:00Z,1.42800,1.42814,1.42760,1.42804,4057
2024-12-17T12:30:00Z,1.42804,1.42971,1.42804,1.42937,3553
2024-12-17T13:00:00Z,1.42940,1.42956,1.42790,1.42810,4732
2024-12-17T13:30:00Z,1.42798,1.42863,1.42661,1.42743,7669
2024-12-17T14:00:00Z,1.42743,1.42804,1.42704,1.42764,4468
2024-12-17T14:30:00Z,1.42764,1.42984,1.42764,1.42969,7833
2024-12-17T15:00:00Z,1.42968,1.43163,1.42940,1.43145,6498
2024-12-17T15:30:00Z,1.43146,1.43203,1.43080,1.43116,8349
2024-12-17T16:00:00Z,1.43115,1.43205,1.43083,1.43201,5791
2024-12-17T16:30:00Z,1.43202,1.43232,1.43128,1.43133,4775
2024-12-17T17:00:00Z,1.43133,1.43152,1.43080,1.43085,5264
2024-12-17T17:30:00Z,1.43085,1.43152,1.43050,1.43109,4632
2024-12-17T18:00:00Z,1.43109,1.43135,1.43094,1.43110,5362
2024-12-17T18:30:00Z,1.43108,1.43135,1.43035,1.43083,4835
2024-12-17T19:00:00Z,1.43081,1.43126,1.43049,1.43120,3735
2024-12-17T19:30:00Z,1.43120,1.43124,1.43085,1.43092,3409
2024-12-17T20:00:00Z,1.43093,1.43118,1.43091,1.43100,2246
2024-12-17T20:30:00Z,1.43100,1.43156,1.43090,1.43112,3197
2024-12-17T21:00:00Z,1.43113,1.43130,1.43086,1.43109,1167
2024-12-17T21:30:00Z,1.43108,1.43109,1.43043,1.43089,1466
2024-12-17T22:00:00Z,1.43061,1.43087,1.43043,1.43079,228
2024-12-17T22:30:00Z,1.43079,1.43096,1.43079,1.43089,488
2024-12-17T23:00:00Z,1.43091,1.43128,1.43074,1.43102,782
2024-12-17T23:30:00Z,1.43103,1.43103,1.43077,1.43097,604
2024-12-18T00:00:00Z,1.43097,1.43133,1.43084,1.43098,1183
2024-12-18T00:30:00Z,1.43097,1.43116,1.43084,1.43102,1704
2024-12-18T01:00:00Z,1.43102,1.43146,1.43093,1.43128,2698
2024-12-18T01:30:00Z,1.43127,1.43153,1.43114,1.43136,2513
2024-12-18T02:00:00Z,1.43133,1.43166,1.43110,1.43161,2420
2024-12-18T02:30:00Z,1.43162,1.43214,1.43151,1.43177,2730
2024-12-18T03:00:00Z,1.43176,1.43224,1.43166,1.43200,2505
2024-12-18T03:30:00Z,1.43201,1.43232,1.43201,1.43229,2668
2024-12-18T04:00:00Z,1.43229,1.43290,1.43224,1.43268,1999
2024-12-18T04:30:00Z,1.43268,1.43278,1.43229,1.43256,2030
2024-12-18T05:00:00Z,1.43255,1.43286,1.43241,1.43273,2263
2024-12-18T05:30:00Z,1.43272,1.43275,1.43234,1.43251,2807
2024-12-18T06:00:00Z,1.43250,1.43270,1.43237,1.43245,2320
2024-12-18T06:30:00Z,1.43246,1.43273,1.43229,1.43236,2265
2024-12-18T07:00:00Z,1.43236,1.43275,1.43228,1.43246,2358
2024-12-18T07:30:00Z,1.43246,1.43308,1.43232,1.43291,3186
2024-12-18T08:00:00Z,1.43290,1.43302,1.43181,1.43181,3337
2024-12-18T08:30:00Z,1.43179,1.43249,1.43168,1.43214,2381
2024-12-18T09:00:00Z,1.43213,1.43269,1.43189,1.43257,2417
2024-12-18T09:30:00Z,1.43262,1.43314,1.43241,1.43288,1934
2024-12-18T10:00:00Z,1.43289,1.43294,1.43248,1.43285,2165
2024-12-18T10:30:00Z,1.43286,1.43303,1.43202,1.43211,2387
2024-12-18T11:00:00Z,1.43209,1.43241,1.43193,1.43223,2075
2024-12-18T11:30:00Z,1.43225,1.43261,1.43189,1.43260,2332
2024-12-18T12:00:00Z,1.43260,1.43266,1.43173,1.43173,2361
2024-12-18T12:30:00Z,1.43174,1.43185,1.43145,1.43153,2590
2024-12-18T13:00:00Z,1.43154,1.43159,1.43101,1.43110,2778
2024-12-18T13:30:00Z,1.43108,1.43173,1.43075,1.43121,3561
2024-12-18T14:00:00Z,1.43121,1.43148,1.43063,1.43147,3721
2024-12-18T14:30:00Z,1.43147,1.43186,1.43043,1.43107,4890
2024-12-18T15:00:00Z,1.43107,1.43239,1.43078,1.43229,4427
2024-12-18T15:30:00Z,1.43230,1.43276,1.43188,1.43235,4588
2024-12-18T16:00:00Z,1.43236,1.43256,1.43196,1.43240,3479
2024-12-18T16:30:00Z,1.43240,1.43366,1.43234,1.43363,3196
2024-12-18T17:00:00Z,1.43362,1.43391,1.43247,1.43260,3257
2024-12-18T17:30:00Z,1.43260,1.43333,1.43247,1.43326,3346
2024-12-18T18:00:00Z,1.43326,1.43358,1.43280,1.43293,3040
2024-12-18T18:30:00Z,1.43292,1.43295,1.43232,1.43233,3335
2024-12-18T19:00:00Z,1.43233,1.43946,1.43223,1.43946,11450
2024-12-18T19:30:00Z,1.43946,1.44245,1.43805,1.44165,15978
2024-12-18T20:00:00Z,1.44163,1.44374,1.44095,1.44306,11699
2024-12-18T20:30:00Z,1.44306,1.44435,1.44249,1.44332,10777
2024-12-18T21:00:00Z,1.44332,1.44423,1.44273,1.44333,3649
2024-12-18T21:30:00Z,1.44334,1.44489,1.44272,1.44459,4738
2024-12-18T22:00:00Z,1.44431,1.44473,1.44387,1.44448,213
2024-12-18T22:30:00Z,1.44448,1.44453,1.44439,1.44444,401
2024-12-18T23:00:00Z,1.44446,1.44491,1.44370,1.44455,2313
2024-12-18T23:30:00Z,1.44453,1.44666,1.44444,1.44613,1823
2024-12-19T00:00:00Z,1.44612,1.44612,1.44503,1.44517,4082
2024-12-19T00:30:00Z,1.44514,1.44519,1.44454,1.44491,2876
2024-12-19T01:00:00Z,1.44490,1.44512,1.44391,1.44401,5564
2024-12-19T01:30:00Z,1.44398,1.44436,1.44295,1.44300,6361
2024-12-19T02:00:00Z,1.44299,1.44431,1.44273,1.44396,2918
2024-12-19T02:30:00Z,1.44395,1.44424,1.44326,1.44328,3805
2024-12-19T03:00:00Z,1.44327,1.44362,1.44285,1.44318,3316
2024-12-19T03:30:00Z,1.44317,1.44342,1.44295,1.44331,1901
2024-12-19T04:00:00Z,1.44332,1.44394,1.44326,1.44341,2207
2024-12-19T04:30:00Z,1.44342,1.44395,1.44340,1.44357,1978
2024-12-19T05:00:00Z,1.44357,1.44396,1.44343,1.44384,2196
2024-12-19T05:30:00Z,1.44386,1.44427,1.44369,1.44390,2290
2024-12-19T06:00:00Z,1.44389,1.44413,1.44279,1.44288,3285
2024-12-19T06:30:00Z,1.44288,1.44345,1.44269,1.44312,4239
2024-12-19T07:00:00Z,1.44314,1.44325,1.44255,1.44261,3260
2024-12-19T07:30:00Z,1.44261,1.44315,1.44187,1.44215,3455
2024-12-19T08:00:00Z,1.44216,1.44220,1.44043,1.44050,4980
2024-12-19T08:30:00Z,1.44051,1.44067,1.43939,1.43958,4352
2024-12-19T09:00:00Z,1.43959,1.43994,1.43888,1.43953,4169
2024-12-19T09:30:00Z,1.43954,1.43982,1.43919,1.43933,3654
2024-12-19T10:00:00Z,1.43934,1.43970,1.43871,1.43872,2737
2024-12-19T10:30:00Z,1.43873,1.43931,1.43804,1.43914,3548
2024-12-19T11:00:00Z,1.43913,1.43915,1.43814,1.43863,4358
2024-12-19T11:30:00Z,1.43863,1.43882,1.43811,1.43825,4747
2024-12-19T12:00:00Z,1.43824,1.43860,1.43723,1.43808,8576
2024-12-19T12:30:00Z,1.43808,1.43852,1.43634,1.43743,3938
2024-12-19T13:00:00Z,1.43744,1.43767,1.43573,1.43703,5270
2024-12-19T13:30:00Z,1.43706,1.43827,1.43599,1.43768,7887
2024-12-19T14:00:00Z,1.43769,1.43776,1.43580,1.43599,7695
2024-12-19T14:30:00Z,1.43598,1.43618,1.43438,1.43544,9972
2024-12-19T15:00:00Z,1.43543,1.43647,1.43501,1.43646,6841
2024-12-19T15:30:00Z,1.43645,1.43761,1.43638,1.43684,7929
2024-12-19T16:00:00Z,1.43685,1.43704,1.43499,1.43543,6565
2024-12-19T16:30:00Z,1.43543,1.43680,1.43469,1.43677,5014
2024-12-19T17:00:00Z,1.43676,1.43772,1.43644,1.43716,5345
2024-12-19T17:30:00Z,1.43717,1.43802,1.43650,1.43788,4131
2024-12-19T18:00:00Z,1.43790,1.43872,1.43697,1.43721,4154
2024-12-19T18:30:00Z,1.43720,1.43756,1.43657,1.43674,3802
2024-12-19T19:00:00Z,1.43674,1.43807,1.43645,1.43793,3892
2024-12-19T19:30:00Z,1.43794,1.43897,1.43766,1.43876,3454
2024-12-19T20:00:00Z,1.43875,1.43883,1.43792,1.43833,3778
2024-12-19T20:30:00Z,1.43833,1.43921,1.43779,1.43920,3194
2024-12-19T21:00:00Z,1.43919,1.43947,1.43891,1.43937,1056
2024-12-19T21:30:00Z,1.43937,1.44008,1.43929,1.43965,1250
2024-12-19T22:00:00Z,1.43965,1.43965,1.43926,1.43954,260
2024-12-19T22:30:00Z,1.43955,1.43964,1.43863,1.43947,1023
2024-12-19T23:00:00Z,1.43946,1.43969,1.43944,1.43962,866
2024-12-19T23:30:00Z,1.43964,1.44038,1.43964,1.44023,1081
2024-12-20T00:00:00Z,1.44024,1.44093,1.43965,1.44070,2691
2024-12-20T00:30:00Z,1.44071,1.44193,1.44038,1.44181,2406
2024-12-20T01:00:00Z,1.44182,1.44211,1.44132,1.44145,4771
2024-12-20T01:30:00Z,1.44144,1.44200,1.44104,1.44190,4125
2024-12-20T02:00:00Z,1.44191,1.44274,1.44183,1.44240,2698
2024-12-20T02:30:00Z,1.44241,1.44301,1.44239,1.44248,2985
2024-12-20T03:00:00Z,1.44249,1.44307,1.44233,1.44276,2315
2024-12-20T03:30:00Z,1.44276,1.44351,1.44276,1.44309,2387
2024-12-20T04:00:00Z,1.44309,1.44309,1.44241,1.44251,2337
2024-12-20T04:30:00Z,1.44251,1.44255,1.44221,1.44224,1896
2024-12-20T05:00:00Z,1.44224,1.44253,1.44216,1.44229,2543
2024-12-20T05:30:00Z,1.44230,1.44231,1.44149,1.44151,1753
2024-12-20T06:00:00Z,1.44152,1.44195,1.44056,1.44069,4202
2024-12-20T06:30:00Z,1.44067,1.44080,1.43933,1.43944,3451
2024-12-20T07:00:00Z,1.43943,1.43961,1.43894,1.43917,3056
2024-12-20T07:30:00Z,1.43914,1.43930,1.43824,1.43841,3196
2024-12-20T08:00:00Z,1.43841,1.43860,1.43702,1.43728,4708
2024-12-20T08:30:00Z,1.43727,1.43874,1.43709,1.43871,5154
2024-12-20T09:00:00Z,1.43871,1.43893,1.43851,1.43871,4580
2024-12-20T09:30:00Z,1.43872,1.43896,1.43834,1.43864,3716
2024-12-20T10:00:00Z,1.43862,1.43870,1.43813,1.43844,3498
2024-12-20T10:30:00Z,1.43845,1.43867,1.43804,1.43806,4019
2024-12-20T11:00:00Z,1.43806,1.43916,1.43806,1.43898,2770
2024-12-20T11:30:00Z,1.43897,1.43903,1.43805,1.43892,3373
2024-12-20T12:00:00Z,1.43893,1.43921,1.43813,1.43814,3192
2024-12-20T12:30:00Z,1.43815,1.43818,1.43690,1.43801,4227
2024-12-20T13:00:00Z,1.43800,1.43924,1.43792,1.43882,4563
2024-12-20T13:30:00Z,1.43885,1.43932,1.43756,1.43927,9819
2024-12-20T14:00:00Z,1.43926,1.43966,1.43826,1.43872,9173
2024-12-20T14:30:00Z,1.43872,1.43902,1.43690,1.43732,10762
2024-12-20T15:00:00Z,1.43732,1.43782,1.43556,1.43684,10799
2024-12-20T15:30:00Z,1.43686,1.43692,1.43555,1.43680,9916
2024-12-20T16:00:00Z,1.43678,1.43789,1.43661,1.43716,8451
2024-12-20T16:30:00Z,1.43716,1.43722,1.43513,1.43527,9603
2024-12-20T17:00:00Z,1.43527,1.43527,1.43349,1.43374,6299
2024-12-20T17:30:00Z,1.43373,1.43495,1.43373,1.43491,6116
2024-12-20T18:00:00Z,1.43491,1.43650,1.43491,1.43636,3901
2024-12-20T18:30:00Z,1.43636,1.43662,1.43588,1.43650,3201
2024-12-20T19:00:00Z,1.43651,1.43679,1.43495,1.43507,3547
2024-12-20T19:30:00Z,1.43513,1.43551,1.43503,1.43526,2759
2024-12-20T20:00:00Z,1.43527,1.43580,1.43522,1.43560,3742
2024-12-20T20:30:00Z,1.43560,1.43716,1.43557,1.43699,3687
2024-12-20T21:00:00Z,1.43700,1.43725,1.43650,1.43723,2030
2024-12-20T21:30:00Z,1.43724,1.43755,1.43690,1.43735,1924
2024-12-22T22:00:00Z,1.43612,1.43708,1.43612,1.43708,196
2024-12-22T22:30:00Z,1.43708,1.43718,1.43668,1.43675,191
2024-12-22T23:00:00Z,1.43675,1.43682,1.43583,1.43651,1223
2024-12-22T23:30:00Z,1.43652,1.43668,1.43594,1.43598,1673
2024-12-23T00:00:00Z,1.43599,1.43637,1.43587,1.43609,1472
2024-12-23T00:30:00Z,1.43608,1.43626,1.43587,1.43600,2060
2024-12-23T01:00:00Z,1.43603,1.43640,1.43595,1.43602,2274
2024-12-23T01:30:00Z,1.43602,1.43609,1.43521,1.43539,2078
2024-12-23T02:00:00Z,1.43540,1.43556,1.43484,1.43532,1906
2024-12-23T02:30:00Z,1.43530,1.43534,1.43500,1.43508,1575
2024-12-23T03:00:00Z,1.43507,1.43560,1.43497,1.43557,1386
2024-12-23T03:30:00Z,1.43557,1.43582,1.43541,1.43575,981
2024-12-23T04:00:00Z,1.43576,1.43602,1.43564,1.43578,1318
2024-12-23T04:30:00Z,1.43577,1.43580,1.43521,1.43536,1393
2024-12-23T05:00:00Z,1.43535,1.43562,1.43518,1.43551,1295
2024-12-23T05:30:00Z,1.43551,1.43610,1.43531,1.43599,1188
2024-12-23T06:00:00Z,1.43599,1.43658,1.43588,1.43655,1441
2024-12-23T06:30:00Z,1.43656,1.43665,1.43623,1.43646,2044
2024-12-23T07:00:00Z,1.43647,1.43759,1.43645,1.43731,1413
2024-12-23T07:30:00Z,1.43731,1.43888,1.43716,1.43880,4121
2024-12-23T08:00:00Z,1.43880,1.43891,1.43817,1.43842,4947
2024-12-23T08:30:00Z,1.43842,1.43875,1.43755,1.43764,4448
2024-12-23T09:00:00Z,1.43764,1.43803,1.43657,1.43662,4754
2024-12-23T09:30:00Z,1.43663,1.43831,1.43646,1.43829,2675
2024-12-23T10:00:00Z,1.43829,1.43892,1.43817,1.43885,2139
2024-12-23T10:30:00Z,1.43885,1.44013,1.43884,1.43990,3678
2024-12-23T11:00:00Z,1.43991,1.43995,1.43918,1.43985,2527
2024-12-23T11:30:00Z,1.43985,1.44064,1.43975,1.44010,2531
2024-12-23T12:00:00Z,1.44008,1.44148,1.43998,1.44128,2449
2024-12-23T12:30:00Z,1.44128,1.44138,1.44013,1.44035,2969
2024-12-23T13:00:00Z,1.44036,1.44154,1.44033,1.44135,3600
2024-12-23T13:30:00Z,1.44133,1.44320,1.44076,1.44313,4596
2024-12-23T14:00:00Z,1.44311,1.44329,1.44187,1.44193,4319
2024-12-23T14:30:00Z,1.44193,1.44241,1.44107,1.44171,4635
2024-12-23T15:00:00Z,1.44169,1.44303,1.44086,1.44193,6490
2024-12-23T15:30:00Z,1.44193,1.44224,1.44078,1.44116,6680
2024-12-23T16:00:00Z,1.44118,1.44178,1.44037,1.44038,3786
2024-12-23T16:30:00Z,1.44037,1.44039,1.43873,1.43877,5076
2024-12-23T17:00:00Z,1.43874,1.43890,1.43745,1.43787,4317
2024-12-23T17:30:00Z,1.43786,1.43823,1.43711,1.43771,4113
2024-12-23T18:00:00Z,1.43772,1.43795,1.43708,1.43751,3574
2024-12-23T18:30:00Z,1.43752,1.43789,1.43684,1.43750,2769
2024-12-23T19:00:00Z,1.43751,1.43795,1.43722,1.43793,2491
2024-12-23T19:30:00Z,1.43794,1.43798,1.43703,1.43717,3008
2024-12-23T20:00:00Z,1.43718,1.43769,1.43685,1.43739,2967
2024-12-23T20:30:00Z,1.43738,1.43738,1.43665,1.43704,3536
2024-12-23T21:00:00Z,1.43704,1.43726,1.43679,1.43708,1813
2024-12-23T21:30:00Z,1.43708,1.43727,1.43684,1.43696,1880
2024-12-23T22:00:00Z,1.43688,1.43716,1.43609,1.43699,506
2024-12-23T22:30:00Z,1.43700,1.43729,1.43698,1.43726,498
2024-12-23T23:00:00Z,1.43735,1.43741,1.43693,1.43693,785
2024-12-23T23:30:00Z,1.43693,1.43746,1.43686,1.43738,608
2024-12-24T00:00:00Z,1.43737,1.43812,1.43725,1.43812,1132
2024-12-24T00:30:00Z,1.43811,1.43835,1.43807,1.43819,1380
2024-12-24T01:00:00Z,1.43819,1.43829,1.43770,1.43821,1687
2024-12-24T01:30:00Z,1.43821,1.43830,1.43777,1.43786,1564
2024-12-24T02:00:00Z,1.43785,1.43785,1.43728,1.43757,1575
2024-12-24T02:30:00Z,1.43755,1.43842,1.43739,1.43817,1373
2024-12-24T03:00:00Z,1.43816,1.43862,1.43801,1.43839,1773
2024-12-24T03:30:00Z,1.43840,1.43851,1.43803,1.43825,1801
2024-12-24T04:00:00Z,1.43825,1.43852,1.43797,1.43800,1438
2024-12-24T04:30:00Z,1.43800,1.43821,1.43796,1.43805,939
2024-12-24T05:00:00Z,1.43804,1.43856,1.43801,1.43844,1127
2024-12-24T05:30:00Z,1.43845,1.43861,1.43817,1.43830,1356
2024-12-24T06:00:00Z,1.43830,1.43853,1.43815,1.43846,1148
2024-12-24T06:30:00Z,1.43846,1.43856,1.43777,1.43785,1462
2024-12-24T07:00:00Z,1.43786,1.43793,1.43724,1.43727,1835
2024-12-24T07:30:00Z,1.43730,1.43838,1.43725,1.43827,2161
2024-12-24T08:00:00Z,1.43829,1.43874,1.43810,1.43860,1778
2024-12-24T08:30:00Z,1.43862,1.43940,1.43855,1.43917,2366
2024-12-24T09:00:00Z,1.43917,1.43971,1.43906,1.43969,1563
2024-12-24T09:30:00Z,1.43970,1.43987,1.43944,1.43958,1758
2024-12-24T10:00:00Z,1.43957,1.43988,1.43953,1.43980,1811
2024-12-24T10:30:00Z,1.43980,1.43994,1.43948,1.43958,2015
2024-12-24T11:00:00Z,1.43960,1.44003,1.43938,1.43999,1505
2024-12-24T11:30:00Z,1.44001,1.44041,1.43996,1.44027,2107
2024-12-24T12:00:00Z,1.44027,1.44092,1.44024,1.44081,2249
2024-12-24T12:30:00Z,1.44080,1.44180,1.44077,1.44164,2130
2024-12-24T13:00:00Z,1.44166,1.44198,1.43996,1.43998,2855
2024-12-24T13:30:00Z,1.43996,1.44010,1.43869,1.43872,3610
2024-12-24T14:00:00Z,1.43870,1.43881,1.43629,1.43644,3774
2024-12-24T14:30:00Z,1.43641,1.43853,1.43638,1.43807,4733
2024-12-24T15:00:00Z,1.43806,1.43874,1.43775,1.43812,3702
2024-12-24T15:30:00Z,1.43812,1.43852,1.43761,1.43813,3425
2024-12-24T16:00:00Z,1.43813,1.43921,1.43811,1.43879,3083
2024-12-24T16:30:00Z,1.43876,1.43876,1.43721,1.43843,2792
2024-12-24T17:00:00Z,1.43842,1.43896,1.43756,1.43774,2446
2024-12-24T17:30:00Z,1.43776,1.43802,1.43740,1.43752,2535
2024-12-24T18:00:00Z,1.43753,1.43753,1.43636,1.43658,1291
2024-12-24T18:30:00Z,1.43660,1.43705,1.43624,1.43629,1115
2024-12-24T19:00:00Z,1.43628,1.43661,1.43598,1.43634,1800
2024-12-24T19:30:00Z,1.43633,1.43647,1.43543,1.43633,946
2024-12-24T20:00:00Z,1.43643,1.43649,1.43543,1.43611,647
2024-12-24T20:30:00Z,1.43612,1.43625,1.43499,1.43509,458
2024-12-24T21:00:00Z,1.43509,1.43569,1.43473,1.43553,331
2024-12-24T21:30:00Z,1.43556,1.43584,1.43473,1.43477,199
2024-12-24T22:00:00Z,1.43459,1.43487,1.43459,1.43478,28
2024-12-24T22:30:00Z,1.43479,1.43479,1.43479,1.43479,2
2024-12-24T23:00:00Z,1.43478,1.43479,1.43443,1.43476,45
2024-12-24T23:30:00Z,1.43477,1.43488,1.43477,1.43488,6
2024-12-25T00:00:00Z,1.43439,1.43502,1.43439,1.43502,17
2024-12-25T00:30:00Z,1.43517,1.43724,1.43473,1.43566,177
2024-12-25T01:00:00Z,1.43569,1.43569,1.43568,1.43569,20
2024-12-25T01:30:00Z,1.43568,1.43569,1.43568,1.43569,13
2024-12-25T02:00:00Z,1.43568,1.43568,1.43563,1.43563,5
2024-12-25T02:30:00Z,1.43563,1.43564,1.43563,1.43563,14
2024-12-25T03:00:00Z,1.43566,1.43566,1.43563,1.43563,10
2024-12-25T03:30:00Z,1.43563,1.43564,1.43550,1.43552,18
2024-12-25T04:00:00Z,1.43552,1.43555,1.43551,1.43554,16
2024-12-25T04:30:00Z,1.43551,1.43551,1.43537,1.43541,4
2024-12-25T05:00:00Z,1.43545,1.43545,1.43540,1.43540,3
2024-12-25T06:00:00Z,1.43545,1.43545,1.43541,1.43541,3
2024-12-25T07:00:00Z,1.43507,1.43567,1.43504,1.43504,34
2024-12-25T07:30:00Z,1.43566,1.43566,1.43504,1.43565,15
2024-12-25T22:00:00Z,1.43546,1.43643,1.43515,1.43612,129
2024-12-25T22:30:00Z,1.43611,1.43644,1.43539,1.43554,144
2024-12-25T23:00:00Z,1.43559,1.43659,1.43503,1.43533,1190
2024-12-25T23:30:00Z,1.43535,1.43568,1.43510,1.43535,750
2024-12-26T00:00:00Z,1.43535,1.43626,1.43512,1.43624,1092
2024-12-26T00:30:00Z,1.43625,1.43628,1.43545,1.43553,1311
2024-12-26T01:00:00Z,1.43559,1.43585,1.43533,1.43559,2351
2024-12-26T01:30:00Z,1.43554,1.43588,1.43529,1.43566,1693
2024-12-26T02:00:00Z,1.43567,1.43583,1.43535,1.43555,1326
2024-12-26T02:30:00Z,1.43557,1.43568,1.43545,1.43554,1177
2024-12-26T03:00:00Z,1.43553,1.43562,1.43503,1.43515,1374
2024-12-26T03:30:00Z,1.43516,1.43539,1.43494,1.43535,1175
2024-12-26T04:00:00Z,1.43535,1.43597,1.43535,1.43583,1589
2024-12-26T04:30:00Z,1.43585,1.43641,1.43583,1.43636,1448
2024-12-26T05:00:00Z,1.43634,1.43642,1.43617,1.43630,1340
2024-12-26T05:30:00Z,1.43628,1.43675,1.43605,1.43672,1095
2024-12-26T06:00:00Z,1.43673,1.43682,1.43654,1.43677,1511
2024-12-26T06:30:00Z,1.43678,1.43766,1.43677,1.43752,1074
2024-12-26T07:00:00Z,1.43751,1.43813,1.43731,1.43798,1724
2024-12-26T07:30:00Z,1.43796,1.43838,1.43781,1.43817,1070
2024-12-26T08:00:00Z,1.43816,1.43885,1.43809,1.43883,1031
2024-12-26T08:30:00Z,1.43882,1.43985,1.43881,1.43981,1667
2024-12-26T09:00:00Z,1.43983,1.44043,1.43960,1.43965,2038
2024-12-26T09:30:00Z,1.43964,1.43978,1.43918,1.43939,3443
2024-12-26T10:00:00Z,1.43939,1.43942,1.43814,1.43819,3665
2024-12-26T10:30:00Z,1.43818,1.43844,1.43803,1.43827,4359
2024-12-26T11:00:00Z,1.43824,1.43860,1.43823,1.43834,4374
2024-12-26T11:30:00Z,1.43833,1.43834,1.43812,1.43821,1948
2024-12-26T12:00:00Z,1.43821,1.43970,1.43818,1.43956,3477
2024-12-26T12:30:00Z,1.43957,1.44027,1.43914,1.43977,1501
2024-12-26T13:00:00Z,1.43977,1.43978,1.43867,1.43907,3623
2024-12-26T13:30:00Z,1.43904,1.43962,1.43865,1.43948,6392
2024-12-26T14:00:00Z,1.43950,1.43985,1.43913,1.43966,4707
2024-12-26T14:30:00Z,1.43967,1.44056,1.43956,1.44016,5887
2024-12-26T15:00:00Z,1.44016,1.44125,1.44015,1.44112,3145
2024-12-26T15:30:00Z,1.44111,1.44154,1.44071,1.44112,4343
2024-12-26T16:00:00Z,1.44112,1.44125,1.44061,1.44077,3646
2024-12-26T16:30:00Z,1.44078,1.44108,1.44044,1.44047,2724
2024-12-26T17:00:00Z,1.44046,1.44087,1.44009,1.44080,5269
2024-12-26T17:30:00Z,1.44078,1.44195,1.44074,1.44169,5882
2024-12-26T18:00:00Z,1.44173,1.44176,1.44035,1.44059,3573
2024-12-26T18:30:00Z,1.44059,1.44140,1.44048,1.44126,1774
2024-12-26T19:00:00Z,1.44126,1.44197,1.44126,1.44181,2328
2024-12-26T19:30:00Z,1.44181,1.44199,1.44113,1.44143,2500
2024-12-26T20:00:00Z,1.44142,1.44167,1.44128,1.44159,1454
2024-12-26T20:30:00Z,1.44159,1.44176,1.44116,1.44121,2670
2024-12-26T21:00:00Z,1.44120,1.44123,1.44095,1.44109,881
2024-12-26T21:30:00Z,1.44110,1.44120,1.44059,1.44068,1971
2024-12-26T22:00:00Z,1.44055,1.44055,1.43991,1.44033,1213
2024-12-26T22:30:00Z,1.44035,1.44076,1.44035,1.44054,434
2024-12-26T23:00:00Z,1.44056,1.44116,1.44054,1.44102,564
2024-12-26T23:30:00Z,1.44105,1.44114,1.44088,1.44091,435
2024-12-27T00:00:00Z,1.44093,1.44116,1.44075,1.44105,1246
2024-12-27T00:30:00Z,1.44103,1.44110,1.44049,1.44094,1499
2024-12-27T01:00:00Z,1.44094,1.44151,1.44079,1.44115,1585
2024-12-27T01:30:00Z,1.44116,1.44138,1.44101,1.44121,2539
2024-12-27T02:00:00Z,1.44121,1.44148,1.44089,1.44131,2326
2024-12-27T02:30:00Z,1.44132,1.44144,1.44077,1.44091,1429
2024-12-27T03:00:00Z,1.44091,1.44105,1.44075,1.44090,1989
2024-12-27T03:30:00Z,1.44088,1.44091,1.44073,1.44076,1065
2024-12-27T04:00:00Z,1.44075,1.44089,1.44063,1.44081,1281
2024-12-27T04:30:00Z,1.44081,1.44101,1.44067,1.44089,1325
2024-12-27T05:00:00Z,1.44091,1.44100,1.44076,1.44078,1618
2024-12-27T05:30:00Z,1.44077,1.44093,1.44064,1.44086,1575
2024-12-27T06:00:00Z,1.44088,1.44094,1.44056,1.44057,1768
2024-12-27T06:30:00Z,1.44058,1.44060,1.44023,1.44030,1085
2024-12-27T07:00:00Z,1.44032,1.44068,1.44026,1.44050,1678
2024-12-27T07:30:00Z,1.44053,1.44097,1.44036,1.44041,2737
2024-12-27T08:00:00Z,1.44042,1.44071,1.44006,1.44021,3917
2024-12-27T08:30:00Z,1.44023,1.44059,1.43951,1.43952,3033
2024-12-27T09:00:00Z,1.43951,1.44018,1.43951,1.43967,3618
2024-12-27T09:30:00Z,1.43967,1.44038,1.43952,1.44026,2572
2024-12-27T10:00:00Z,1.44025,1.44112,1.44008,1.44068,1822
2024-12-27T10:30:00Z,1.44065,1.44079,1.44009,1.44026,2349
2024-12-27T11:00:00Z,1.44024,1.44071,1.43994,1.44008,3269
2024-12-27T11:30:00Z,1.44009,1.44017,1.43892,1.43904,2194
2024-12-27T12:00:00Z,1.43903,1.43919,1.43798,1.43865,2591
2024-12-27T12:30:00Z,1.43866,1.43910,1.43798,1.43803,2839
2024-12-27T13:00:00Z,1.43803,1.43873,1.43742,1.43840,3018
2024-12-27T13:30:00Z,1.43840,1.43962,1.43829,1.43934,3268
2024-12-27T14:00:00Z,1.43936,1.44047,1.43909,1.44015,4533
2024-12-27T14:30:00Z,1.44014,1.44066,1.43910,1.44056,6052
2024-12-27T15:00:00Z,1.44054,1.44212,1.44054,1.44152,7424
2024-12-27T15:30:00Z,1.44151,1.44186,1.43998,1.44081,7410
2024-12-27T16:00:00Z,1.44082,1.44153,1.44071,1.44124,7570
2024-12-27T16:30:00Z,1.44122,1.44342,1.44118,1.44341,5792
2024-12-27T17:00:00Z,1.44341,1.44489,1.44334,1.44404,8673
2024-12-27T17:30:00Z,1.44403,1.44476,1.44349,1.44371,5121
2024-12-27T18:00:00Z,1.44370,1.44374,1.44272,1.44314,3797
2024-12-27T18:30:00Z,1.44312,1.44320,1.44218,1.44222,4041
2024-12-27T19:00:00Z,1.44223,1.44248,1.44185,1.44194,5833
2024-12-27T19:30:00Z,1.44195,1.44215,1.44077,1.44102,6517
2024-12-27T20:00:00Z,1.44101,1.44200,1.44101,1.44195,2512
2024-12-27T20:30:00Z,1.44194,1.44206,1.44150,1.44161,3085
2024-12-27T21:00:00Z,1.44161,1.44178,1.44127,1.44178,1116
2024-12-27T21:30:00Z,1.44177,1.44189,1.44071,1.44081,1622
2024-12-29T22:00:00Z,1.44125,1.44148,1.44125,1.44139,622
2024-12-29T22:30:00Z,1.44133,1.44149,1.44126,1.44142,289
2024-12-29T23:00:00Z,1.44143,1.44145,1.44016,1.44032,1287
2024-12-29T23:30:00Z,1.44031,1.44047,1.44016,1.44022,584
2024-12-30T00:00:00Z,1.44023,1.44050,1.44014,1.44037,898
2024-12-30T00:30:00Z,1.44036,1.44070,1.44007,1.44021,1035
2024-12-30T01:00:00Z,1.44021,1.44047,1.43988,1.43991,1461
2024-12-30T01:30:00Z,1.43990,1.44002,1.43983,1.43991,1300
2024-12-30T02:00:00Z,1.43990,1.44014,1.43986,1.43999,2825
2024-12-30T02:30:00Z,1.44001,1.44014,1.43979,1.43994,2453
2024-12-30T03:00:00Z,1.43994,1.44016,1.43973,1.43995,1562
2024-12-30T03:30:00Z,1.43996,1.43997,1.43963,1.43967,1354
2024-12-30T04:00:00Z,1.43968,1.43999,1.43964,1.43990,1267
2024-12-30T04:30:00Z,1.43991,1.43996,1.43975,1.43991,1394
2024-12-30T05:00:00Z,1.43991,1.44001,1.43941,1.43954,1594
2024-12-30T05:30:00Z,1.43955,1.43976,1.43910,1.43924,1951
2024-12-30T06:00:00Z,1.43924,1.43927,1.43849,1.43876,2004
2024-12-30T06:30:00Z,1.43876,1.43901,1.43853,1.43891,2029
2024-12-30T07:00:00Z,1.43892,1.43971,1.43892,1.43963,2684
2024-12-30T07:30:00Z,1.43963,1.43998,1.43946,1.43975,2472
2024-12-30T08:00:00Z,1.43973,1.44062,1.43964,1.44055,2562
2024-12-30T08:30:00Z,1.44057,1.44092,1.44029,1.44090,1915
2024-12-30T09:00:00Z,1.44090,1.44100,1.43946,1.43947,2617
2024-12-30T09:30:00Z,1.43946,1.43954,1.43897,1.43911,2952
2024-12-30T10:00:00Z,1.43913,1.43919,1.43786,1.43871,3195
2024-12-30T10:30:00Z,1.43871,1.43902,1.43812,1.43856,3625
2024-12-30T11:00:00Z,1.43855,1.43862,1.43731,1.43748,2818
2024-12-30T11:30:00Z,1.43747,1.43802,1.43740,1.43774,3041
2024-12-30T12:00:00Z,1.43775,1.43863,1.43719,1.43830,3576
2024-12-30T12:30:00Z,1.43828,1.43889,1.43793,1.43858,3312
2024-12-30T13:00:00Z,1.43858,1.44002,1.43853,1.43932,5154
2024-12-30T13:30:00Z,1.43932,1.44077,1.43847,1.44076,6358
2024-12-30T14:00:00Z,1.44077,1.44135,1.43962,1.44020,5409
2024-12-30T14:30:00Z,1.44022,1.44324,1.44022,1.44116,6207
2024-12-30T15:00:00Z,1.44116,1.44226,1.44091,1.44193,6220
2024-12-30T15:30:00Z,1.44193,1.44227,1.43853,1.43865,9618
2024-12-30T16:00:00Z,1.43864,1.43933,1.43802,1.43897,10470
2024-12-30T16:30:00Z,1.43897,1.43900,1.43739,1.43753,6604
2024-12-30T17:00:00Z,1.43753,1.43759,1.43598,1.43599,3494
2024-12-30T17:30:00Z,1.43600,1.43642,1.43552,1.43583,2853
2024-12-30T18:00:00Z,1.43583,1.43612,1.43533,1.43611,3298
2024-12-30T18:30:00Z,1.43611,1.43612,1.43443,1.43485,5426
2024-12-30T19:00:00Z,1.43485,1.43580,1.43473,1.43565,6964
2024-12-30T19:30:00Z,1.43565,1.43612,1.43522,1.43586,6135
2024-12-30T20:00:00Z,1.43587,1.43632,1.43551,1.43575,7216
2024-12-30T20:30:00Z,1.43574,1.43594,1.43513,1.43561,7519
2024-12-30T21:00:00Z,1.43564,1.43567,1.43500,1.43525,1637
2024-12-30T21:30:00Z,1.43523,1.43545,1.43494,1.43507,2101
2024-12-30T22:00:00Z,1.43460,1.43510,1.43458,1.43501,576
2024-12-30T22:30:00Z,1.43501,1.43509,1.43491,1.43497,303
2024-12-30T23:00:00Z,1.43494,1.43558,1.43492,1.43521,691
2024-12-30T23:30:00Z,1.43520,1.43520,1.43493,1.43499,534
2024-12-31T00:00:00Z,1.43499,1.43520,1.43494,1.43516,372
2024-12-31T00:30:00Z,1.43516,1.43614,1.43516,1.43551,1177
2024-12-31T01:00:00Z,1.43552,1.43582,1.43475,1.43496,1425
2024-12-31T01:30:00Z,1.43497,1.43497,1.43411,1.43427,2835
2024-12-31T02:00:00Z,1.43427,1.43438,1.43415,1.43419,1342
2024-12-31T02:30:00Z,1.43418,1.43423,1.43375,1.43402,1186
2024-12-31T03:00:00Z,1.43404,1.43481,1.43401,1.43469,1448
2024-12-31T03:30:00Z,1.43470,1.43511,1.43467,1.43489,933
2024-12-31T04:00:00Z,1.43489,1.43492,1.43470,1.43481,727
2024-12-31T04:30:00Z,1.43478,1.43504,1.43446,1.43500,901
2024-12-31T05:00:00Z,1.43500,1.43505,1.43457,1.43461,812
2024-12-31T05:30:00Z,1.43460,1.43491,1.43441,1.43479,1355
2024-12-31T06:00:00Z,1.43479,1.43523,1.43467,1.43520,1611
2024-12-31T06:30:00Z,1.43521,1.43537,1.43469,1.43492,1453
2024-12-31T07:00:00Z,1.43493,1.43629,1.43493,1.43628,1540
2024-12-31T07:30:00Z,1.43628,1.43699,1.43602,1.43676,2107
2024-12-31T08:00:00Z,1.43675,1.43790,1.43673,1.43786,2587
2024-12-31T08:30:00Z,1.43786,1.43787,1.43675,1.43691,2612
2024-12-31T09:00:00Z,1.43693,1.43713,1.43650,1.43702,2526
2024-12-31T09:30:00Z,1.43702,1.43705,1.43644,1.43693,2260
2024-12-31T10:00:00Z,1.43693,1.43753,1.43659,1.43712,2473
2024-12-31T10:30:00Z,1.43711,1.43784,1.43700,1.43759,2156
2024-12-31T11:00:00Z,1.43760,1.43775,1.43702,1.43766,1990
2024-12-31T11:30:00Z,1.43766,1.43823,1.43755,1.43822,2194
2024-12-31T12:00:00Z,1.43822,1.43884,1.43782,1.43802,3104
2024-12-31T12:30:00Z,1.43802,1.43878,1.43776,1.43854,2673
2024-12-31T13:00:00Z,1.43855,1.44043,1.43831,1.43969,4435
2024-12-31T13:30:00Z,1.43969,1.44075,1.43914,1.44017,4336
2024-12-31T14:00:00Z,1.44017,1.44060,1.43871,1.43943,4119
2024-12-31T14:30:00Z,1.43944,1.43992,1.43774,1.43807,6683
2024-12-31T15:00:00Z,1.43808,1.43900,1.43742,1.43808,5261
2024-12-31T15:30:00Z,1.43806,1.43868,1.43632,1.43789,8454
2024-12-31T16:00:00Z,1.43787,1.43890,1.43753,1.43879,6609
2024-12-31T16:30:00Z,1.43878,1.44038,1.43860,1.44019,5003
2024-12-31T17:00:00Z,1.44020,1.44070,1.43967,1.44051,4812
2024-12-31T17:30:00Z,1.44053,1.44089,1.43876,1.43893,4258
2024-12-31T18:00:00Z,1.43895,1.43953,1.43859,1.43890,4601
2024-12-31T18:30:00Z,1.43890,1.43898,1.43802,1.43883,1950
2024-12-31T19:00:00Z,1.43884,1.43896,1.43736,1.43808,2318
2024-12-31T19:30:00Z,1.43809,1.43841,1.43797,1.43816,1533
2024-12-31T20:00:00Z,1.43818,1.43824,1.43727,1.43739,1511
2024-12-31T20:30:00Z,1.43741,1.43793,1.43741,1.43768,1861
2024-12-31T21:00:00Z,1.43763,1.43782,1.43714,1.43765,767
2024-12-31T21:30:00Z,1.43764,1.43821,1.43759,1.43788,577
2025-01-01T22:00:00Z,1.43748,1.43785,1.43720,1.43742,112
2025-01-01T22:30:00Z,1.43743,1.43839,1.43734,1.43814,391
2025-01-01T23:00:00Z,1.43808,1.43808,1.43723,1.43741,1276
2025-01-01T23:30:00Z,1.43741,1.43785,1.43725,1.43746,1106
2025-01-02T00:00:00Z,1.43744,1.43852,1.43743,1.43821,2152
2025-01-02T00:30:00Z,1.43822,1.43843,1.43734,1.43782,2115
2025-01-02T01:00:00Z,1.43783,1.43806,1.43706,1.43718,3252
2025-01-02T01:30:00Z,1.43721,1.43739,1.43684,1.43726,3200
2025-01-02T02:00:00Z,1.43725,1.43758,1.43716,1.43732,2332
2025-01-02T02:30:00Z,1.43732,1.43766,1.43707,1.43715,2396
2025-01-02T03:00:00Z,1.43714,1.43780,1.43714,1.43759,1345
2025-01-02T03:30:00Z,1.43758,1.43779,1.43740,1.43758,1732
2025-01-02T04:00:00Z,1.43757,1.43768,1.43727,1.43756,1525
2025-01-02T04:30:00Z,1.43754,1.43771,1.43746,1.43757,1598
2025-01-02T05:00:00Z,1.43759,1.43796,1.43743,1.43759,1444
2025-01-02T05:30:00Z,1.43758,1.43773,1.43704,1.43705,1259
2025-01-02T06:00:00Z,1.43704,1.43774,1.43704,1.43770,1382
2025-01-02T06:30:00Z,1.43770,1.43787,1.43744,1.43776,1630
2025-01-02T07:00:00Z,1.43777,1.43866,1.43761,1.43860,3310
2025-01-02T07:30:00Z,1.43859,1.44073,1.43859,1.44047,3197
2025-01-02T08:00:00Z,1.44047,1.44185,1.43998,1.44183,3976
2025-01-02T08:30:00Z,1.44183,1.44217,1.44068,1.44103,3764
2025-01-02T09:00:00Z,1.44103,1.44126,1.44029,1.44115,4141
2025-01-02T09:30:00Z,1.44117,1.44157,1.44079,1.44143,2346
2025-01-02T10:00:00Z,1.44143,1.44158,1.44093,1.44115,2790
2025-01-02T10:30:00Z,1.44116,1.44279,1.44114,1.44249,4942
2025-01-02T11:00:00Z,1.44247,1.44261,1.44162,1.44232,2711
2025-01-02T11:30:00Z,1.44232,1.44276,1.44162,1.44177,2708
2025-01-02T12:00:00Z,1.44177,1.44272,1.44162,1.44219,2513
2025-01-02T12:30:00Z,1.44219,1.44250,1.44166,1.44224,2022
2025-01-02T13:00:00Z,1.44224,1.44295,1.44177,1.44249,3435
2025-01-02T13:30:00Z,1.44247,1.44311,1.44139,1.44208,4645
2025-01-02T14:00:00Z,1.44206,1.44296,1.44188,1.44209,3599
2025-01-02T14:30:00Z,1.44212,1.44344,1.44192,1.44302,5009
2025-01-02T15:00:00Z,1.44303,1.44386,1.44254,1.44338,6906
2025-01-02T15:30:00Z,1.44339,1.44368,1.44202,1.44218,7992
2025-01-02T16:00:00Z,1.44221,1.44414,1.44212,1.44375,10082
2025-01-02T16:30:00Z,1.44373,1.44417,1.44206,1.44226,5593
2025-01-02T17:00:00Z,1.44227,1.44239,1.43918,1.44037,6368
2025-01-02T17:30:00Z,1.44037,1.44129,1.43983,1.44027,5988
2025-01-02T18:00:00Z,1.44027,1.44141,1.43996,1.44110,3807
2025-01-02T18:30:00Z,1.44112,1.44196,1.44077,1.44080,2973
2025-01-02T19:00:00Z,1.44080,1.44133,1.43997,1.44026,3455
2025-01-02T19:30:00Z,1.44027,1.44171,1.44017,1.44171,2293
2025-01-02T20:00:00Z,1.44172,1.44172,1.43962,1.43984,2127
2025-01-02T20:30:00Z,1.43984,1.44047,1.43976,1.44004,1981
2025-01-02T21:00:00Z,1.44005,1.44024,1.43979,1.43988,925
2025-01-02T21:30:00Z,1.43988,1.44051,1.43979,1.43993,1051
2025-01-02T22:00:00Z,1.43990,1.44045,1.43927,1.44009,1463
2025-01-02T22:30:00Z,1.44011,1.44091,1.43992,1.44042,1070
2025-01-02T23:00:00Z,1.44038,1.44084,1.44012,1.44071,728
2025-01-02T23:30:00Z,1.44070,1.44077,1.44038,1.44040,438
2025-01-03T00:00:00Z,1.44039,1.44041,1.43968,1.43977,1208
2025-01-03T00:30:00Z,1.43978,1.43978,1.43919,1.43925,1448
2025-01-03T01:00:00Z,1.43925,1.43953,1.43886,1.43943,1790
2025-01-03T01:30:00Z,1.43943,1.43953,1.43896,1.43905,2414
2025-01-03T02:00:00Z,1.43904,1.43919,1.43855,1.43858,2149
2025-01-03T02:30:00Z,1.43858,1.43873,1.43835,1.43859,1789
2025-01-03T03:00:00Z,1.43861,1.43869,1.43827,1.43832,1265
2025-01-03T03:30:00Z,1.43830,1.43851,1.43827,1.43838,970
2025-01-03T04:00:00Z,1.43838,1.43902,1.43826,1.43889,886
2025-01-03T04:30:00Z,1.43890,1.43913,1.43882,1.43887,939
2025-01-03T05:00:00Z,1.43886,1.43925,1.43883,1.43888,1303
2025-01-03T05:30:00Z,1.43888,1.43949,1.43829,1.43921,1583
2025-01-03T06:00:00Z,1.43921,1.43927,1.43857,1.43884,1253
2025-01-03T06:30:00Z,1.43884,1.43907,1.43839,1.43852,1265
2025-01-03T07:00:00Z,1.43857,1.44026,1.43857,1.43971,3570
2025-01-03T07:30:00Z,1.43972,1.43999,1.43939,1.43975,2822
2025-01-03T08:00:00Z,1.43975,1.43977,1.43867,1.43939,4273
2025-01-03T08:30:00Z,1.43939,1.43990,1.43899,1.43990,3028
2025-01-03T09:00:00Z,1.43993,1.43993,1.43888,1.43948,4187
2025-01-03T09:30:00Z,1.43948,1.43973,1.43880,1.43896,2505
2025-01-03T10:00:00Z,1.43896,1.44009,1.43885,1.43988,3095
2025-01-03T10:30:00Z,1.43989,1.44033,1.43978,1.44017,2893
2025-01-03T11:00:00Z,1.44017,1.44042,1.43959,1.43976,2574
2025-01-03T11:30:00Z,1.43977,1.43995,1.43914,1.43925,1892
2025-01-03T12:00:00Z,1.43925,1.44007,1.43914,1.43998,2802
2025-01-03T12:30:00Z,1.43997,1.44031,1.43950,1.44029,2487
2025-01-03T13:00:00Z,1.44029,1.44178,1.44029,1.44121,4053
2025-01-03T13:30:00Z,1.44119,1.44189,1.44076,1.44133,4513
2025-01-03T14:00:00Z,1.44133,1.44162,1.44085,1.44141,3595
2025-01-03T14:30:00Z,1.44141,1.44257,1.44086,1.44181,6430
2025-01-03T15:00:00Z,1.44188,1.44476,1.44180,1.44441,9209
2025-01-03T15:30:00Z,1.44443,1.44539,1.44347,1.44353,9107
2025-01-03T16:00:00Z,1.44353,1.44611,1.44324,1.44578,6126
2025-01-03T16:30:00Z,1.44577,1.44615,1.44490,1.44562,4333
2025-01-03T17:00:00Z,1.44563,1.44564,1.44423,1.44521,4195
2025-01-03T17:30:00Z,1.44521,1.44598,1.44506,1.44565,3483
2025-01-03T18:00:00Z,1.44566,1.44621,1.44533,1.44555,3296
2025-01-03T18:30:00Z,1.44556,1.44630,1.44539,1.44584,3143
2025-01-03T19:00:00Z,1.44585,1.44597,1.44505,1.44520,3251
2025-01-03T19:30:00Z,1.44521,1.44529,1.44455,1.44479,3413
2025-01-03T20:00:00Z,1.44478,1.44495,1.44393,1.44412,3540
2025-01-03T20:30:00Z,1.44415,1.44474,1.44413,1.44460,3651
2025-01-03T21:00:00Z,1.44460,1.44467,1.44399,1.44428,1090
2025-01-03T21:30:00Z,1.44427,1.44493,1.44391,1.44398,1286
2025-01-05T22:00:00Z,1.44367,1.44459,1.44293,1.44447,368
2025-01-05T22:30:00Z,1.44446,1.44486,1.44445,1.44479,403
2025-01-05T23:00:00Z,1.44488,1.44490,1.44406,1.44432,910
2025-01-05T23:30:00Z,1.44432,1.44434,1.44355,1.44382,1095
2025-01-06T00:00:00Z,1.44382,1.44442,1.44354,1.44407,2102
2025-01-06T00:30:00Z,1.44409,1.44430,1.44313,1.44317,2143
2025-01-06T01:00:00Z,1.44318,1.44347,1.44237,1.44265,3053
2025-01-06T01:30:00Z,1.44266,1.44296,1.43971,1.43995,3546
2025-01-06T02:00:00Z,1.43996,1.44059,1.43876,1.43975,3269
2025-01-06T02:30:00Z,1.43974,1.44022,1.43946,1.43959,2685
2025-01-06T03:00:00Z,1.43960,1.44010,1.43873,1.44000,2106
2025-01-06T03:30:00Z,1.44001,1.44059,1.44000,1.44034,1580
2025-01-06T04:00:00Z,1.44035,1.44059,1.44017,1.44033,1369
2025-01-06T04:30:00Z,1.44033,1.44041,1.44006,1.44031,1038
2025-01-06T05:00:00Z,1.44032,1.44038,1.43946,1.43951,1550
2025-01-06T05:30:00Z,1.43950,1.43953,1.43886,1.43889,2282
2025-01-06T06:00:00Z,1.43891,1.43991,1.43888,1.43968,1914
2025-01-06T06:30:00Z,1.43968,1.43989,1.43908,1.43971,1718
2025-01-06T07:00:00Z,1.43972,1.43979,1.43872,1.43874,2133
2025-01-06T07:30:00Z,1.43875,1.43949,1.43847,1.43895,2191
2025-01-06T08:00:00Z,1.43900,1.43940,1.43804,1.43810,3693
2025-01-06T08:30:00Z,1.43811,1.43816,1.43581,1.43610,3221
2025-01-06T09:00:00Z,1.43610,1.43834,1.43605,1.43789,5379
2025-01-06T09:30:00Z,1.43791,1.43807,1.43735,1.43740,2552
2025-01-06T10:00:00Z,1.43741,1.43800,1.43731,1.43773,2430
2025-01-06T10:30:00Z,1.43773,1.43781,1.43672,1.43723,1900
2025-01-06T11:00:00Z,1.43725,1.43793,1.43222,1.43222,12342
2025-01-06T11:30:00Z,1.43222,1.43229,1.43005,1.43008,9045
2025-01-06T12:00:00Z,1.43009,1.43215,1.42989,1.43214,8273
2025-01-06T12:30:00Z,1.43213,1.43265,1.43147,1.43169,8008
2025-01-06T13:00:00Z,1.43167,1.43170,1.43027,1.43069,5952
2025-01-06T13:30:00Z,1.43068,1.43143,1.43030,1.43047,5896
2025-01-06T14:00:00Z,1.43045,1.43600,1.42791,1.43242,11977
2025-01-06T14:30:00Z,1.43240,1.43506,1.43191,1.43300,14664
2025-01-06T15:00:00Z,1.43300,1.43498,1.43226,1.43444,8819
2025-01-06T15:30:00Z,1.43444,1.43723,1.43410,1.43606,7940
2025-01-06T16:00:00Z,1.43605,1.43787,1.43598,1.43667,4766
2025-01-06T16:30:00Z,1.43666,1.43672,1.43546,1.43604,4642
2025-01-06T17:00:00Z,1.43603,1.43730,1.43601,1.43693,4166
2025-01-06T17:30:00Z,1.43694,1.43748,1.43633,1.43634,4376
2025-01-06T18:00:00Z,1.43635,1.43730,1.43596,1.43629,3772
2025-01-06T18:30:00Z,1.43629,1.43713,1.43615,1.43686,3393
2025-01-06T19:00:00Z,1.43686,1.43716,1.43539,1.43540,4247
2025-01-06T19:30:00Z,1.43540,1.43558,1.43359,1.43366,4203
2025-01-06T20:00:00Z,1.43367,1.43385,1.43314,1.43359,2958
2025-01-06T20:30:00Z,1.43360,1.43383,1.43302,1.43327,3228
2025-01-06T21:00:00Z,1.43326,1.43331,1.43286,1.43303,1181
2025-01-06T21:30:00Z,1.43302,1.43324,1.43278,1.43295,1007
2025-01-06T22:00:00Z,1.43277,1.43305,1.43177,1.43305,248
2025-01-06T22:30:00Z,1.43299,1.43321,1.43299,1.43311,361
2025-01-06T23:00:00Z,1.43311,1.43367,1.43299,1.43367,792
2025-01-06T23:30:00Z,1.43366,1.43413,1.43353,1.43410,489
2025-01-07T00:00:00Z,1.43410,1.43472,1.43393,1.43471,1216
2025-01-07T00:30:00Z,1.43470,1.43470,1.43375,1.43385,1956
2025-01-07T01:00:00Z,1.43386,1.43437,1.43340,1.43418,2672
2025-01-07T01:30:00Z,1.43417,1.43493,1.43339,1.43354,4291
2025-01-07T02:00:00Z,1.43354,1.43367,1.43301,1.43311,1778
2025-01-07T02:30:00Z,1.43311,1.43354,1.43309,1.43325,2357
2025-01-07T03:00:00Z,1.43324,1.43348,1.43286,1.43288,1391
2025-01-07T03:30:00Z,1.43285,1.43287,1.43224,1.43225,1397
2025-01-07T04:00:00Z,1.43223,1.43239,1.43190,1.43191,1272
2025-01-07T04:30:00Z,1.43191,1.43230,1.43183,1.43225,966
2025-01-07T05:00:00Z,1.43224,1.43237,1.43177,1.43182,1544
2025-01-07T05:30:00Z,1.43182,1.43184,1.43113,1.43146,1871
2025-01-07T06:00:00Z,1.43145,1.43165,1.43103,1.43143,1734
2025-01-07T06:30:00Z,1.43143,1.43211,1.43114,1.43190,1580
2025-01-07T07:00:00Z,1.43191,1.43206,1.43077,1.43132,2473
2025-01-07T07:30:00Z,1.43134,1.43159,1.43070,1.43072,3371
2025-01-07T08:00:00Z,1.43071,1.43153,1.43037,1.43137,3373
2025-01-07T08:30:00Z,1.43137,1.43181,1.43067,1.43088,3636
2025-01-07T09:00:00Z,1.43089,1.43108,1.43014,1.43041,4355
2025-01-07T09:30:00Z,1.43041,1.43066,1.43014,1.43020,2780
2025-01-07T10:00:00Z,1.43019,1.43061,1.42973,1.43018,3722
2025-01-07T10:30:00Z,1.43017,1.43071,1.43014,1.43050,3215
2025-01-07T11:00:00Z,1.43048,1.43130,1.43029,1.43129,3400
2025-01-07T11:30:00Z,1.43130,1.43173,1.43104,1.43152,3198
2025-01-07T12:00:00Z,1.43154,1.43180,1.43120,1.43166,3709
2025-01-07T12:30:00Z,1.43167,1.43225,1.43126,1.43171,4018
2025-01-07T13:00:00Z,1.43170,1.43185,1.43001,1.43075,4277
2025-01-07T13:30:00Z,1.43082,1.43208,1.43074,1.43205,3461
2025-01-07T14:00:00Z,1.43205,1.43364,1.43199,1.43318,6075
2025-01-07T14:30:00Z,1.43318,1.43339,1.43202,1.43272,8321
2025-01-07T15:00:00Z,1.43275,1.43653,1.43275,1.43468,7116
2025-01-07T15:30:00Z,1.43467,1.43587,1.43414,1.43442,7259
2025-01-07T16:00:00Z,1.43440,1.43456,1.43350,1.43400,4603
2025-01-07T16:30:00Z,1.43401,1.43587,1.43229,1.43400,6752
2025-01-07T17:00:00Z,1.43402,1.43416,1.43167,1.43278,6212
2025-01-07T17:30:00Z,1.43279,1.43478,1.43252,1.43443,4548
2025-01-07T18:00:00Z,1.43443,1.43496,1.43375,1.43433,4165
2025-01-07T18:30:00Z,1.43435,1.43520,1.43432,1.43493,5704
2025-01-07T19:00:00Z,1.43493,1.43544,1.43444,1.43447,5082
2025-01-07T19:30:00Z,1.43449,1.43475,1.43401,1.43466,4523
2025-01-07T20:00:00Z,1.43466,1.43584,1.43458,1.43583,3448
2025-01-07T20:30:00Z,1.43582,1.43631,1.43540,1.43592,2705
2025-01-07T21:00:00Z,1.43590,1.43619,1.43557,1.43595,1200
2025-01-07T21:30:00Z,1.43596,1.43706,1.43576,1.43662,2667
2025-01-07T22:00:00Z,1.43662,1.43666,1.43548,1.43660,786
2025-01-07T22:30:00Z,1.43661,1.43671,1.43649,1.43668,478
2025-01-07T23:00:00Z,1.43673,1.43687,1.43624,1.43643,993
2025-01-07T23:30:00Z,1.43643,1.43655,1.43617,1.43652,500
2025-01-08T00:00:00Z,1.43652,1.43652,1.43548,1.43553,1842
2025-01-08T00:30:00Z,1.43560,1.43642,1.43507,1.43513,4151
2025-01-08T01:00:00Z,1.43513,1.43566,1.43474,1.43546,2741
2025-01-08T01:30:00Z,1.43548,1.43557,1.43480,1.43486,3209
2025-01-08T02:00:00Z,1.43488,1.43498,1.43441,1.43449,2582
2025-01-08T02:30:00Z,1.43449,1.43475,1.43446,1.43454,1883
2025-01-08T03:00:00Z,1.43453,1.43482,1.43440,1.43473,1377
2025-01-08T03:30:00Z,1.43473,1.43515,1.43467,1.43495,1775
2025-01-08T04:00:00Z,1.43495,1.43509,1.43466,1.43499,1086
2025-01-08T04:30:00Z,1.43498,1.43517,1.43483,1.43501,1211
2025-01-08T05:00:00Z,1.43500,1.43517,1.43454,1.43460,1502
2025-01-08T05:30:00Z,1.43459,1.43481,1.43418,1.43421,1379
2025-01-08T06:00:00Z,1.43421,1.43444,1.43387,1.43444,1458
2025-01-08T06:30:00Z,1.43443,1.43500,1.43441,1.43482,1720
2025-01-08T07:00:00Z,1.43482,1.43548,1.43474,1.43525,2639
2025-01-08T07:30:00Z,1.43525,1.43639,1.43525,1.43599,2708
2025-01-08T08:00:00Z,1.43598,1.43623,1.43496,1.43556,4828
2025-01-08T08:30:00Z,1.43554,1.43672,1.43506,1.43662,3867
2025-01-08T09:00:00Z,1.43663,1.43693,1.43591,1.43666,3647
2025-01-08T09:30:00Z,1.43666,1.43666,1.43608,1.43635,2678
2025-01-08T10:00:00Z,1.43636,1.43717,1.43619,1.43672,2559
2025-01-08T10:30:00Z,1.43673,1.43762,1.43670,1.43706,2717
2025-01-08T11:00:00Z,1.43709,1.43822,1.43695,1.43819,3458
2025-01-08T11:30:00Z,1.43820,1.44092,1.43811,1.43896,8155
2025-01-08T12:00:00Z,1.43895,1.44031,1.43822,1.43980,5718
2025-01-08T12:30:00Z,1.43980,1.44034,1.43871,1.43886,4915
2025-01-08T13:00:00Z,1.43885,1.43969,1.43798,1.43866,6536
2025-01-08T13:30:00Z,1.43863,1.44018,1.43816,1.43945,11668
2025-01-08T14:00:00Z,1.43945,1.44021,1.43872,1.43959,5705
2025-01-08T14:30:00Z,1.43960,1.44062,1.43894,1.44038,8322
2025-01-08T15:00:00Z,1.44037,1.44048,1.43886,1.44023,9789
2025-01-08T15:30:00Z,1.44024,1.44032,1.43845,1.43866,9060
2025-01-08T16:00:00Z,1.43866,1.43963,1.43830,1.43891,5248
2025-01-08T16:30:00Z,1.43890,1.43894,1.43748,1.43764,4735
2025-01-08T17:00:00Z,1.43764,1.43934,1.43744,1.43922,3762
2025-01-08T17:30:00Z,1.43922,1.43975,1.43877,1.43904,5448
2025-01-08T18:00:00Z,1.43903,1.43919,1.43795,1.43882,6847
2025-01-08T18:30:00Z,1.43883,1.43931,1.43829,1.43895,4638
2025-01-08T19:00:00Z,1.43893,1.43918,1.43766,1.43778,3566
2025-01-08T19:30:00Z,1.43780,1.43925,1.43780,1.43878,3493
2025-01-08T20:00:00Z,1.43878,1.43923,1.43818,1.43834,3495
2025-01-08T20:30:00Z,1.43834,1.43851,1.43758,1.43821,4365
2025-01-08T21:00:00Z,1.43821,1.43825,1.43751,1.43774,1040
2025-01-08T21:30:00Z,1.43775,1.43776,1.43707,1.43707,1597
2025-01-08T22:00:00Z,1.43695,1.43775,1.43695,1.43750,499
2025-01-08T22:30:00Z,1.43750,1.43750,1.43713,1.43736,268
2025-01-08T23:00:00Z,1.43738,1.43768,1.43727,1.43754,865
2025-01-08T23:30:00Z,1.43755,1.43786,1.43752,1.43765,895
2025-01-09T00:00:00Z,1.43764,1.43803,1.43744,1.43766,1559
2025-01-09T00:30:00Z,1.43765,1.43854,1.43764,1.43799,2518
2025-01-09T01:00:00Z,1.43798,1.43802,1.43734,1.43755,2987
2025-01-09T01:30:00Z,1.43756,1.43779,1.43734,1.43770,3235
2025-01-09T02:00:00Z,1.43770,1.43772,1.43713,1.43730,1678
2025-01-09T02:30:00Z,1.43731,1.43750,1.43707,1.43716,1378
2025-01-09T03:00:00Z,1.43716,1.43725,1.43688,1.43690,1304
2025-01-09T03:30:00Z,1.43691,1.43762,1.43646,1.43761,1666
2025-01-09T04:00:00Z,1.43763,1.43806,1.43748,1.43780,1793
2025-01-09T04:30:00Z,1.43779,1.43803,1.43766,1.43769,1254
2025-01-09T05:00:00Z,1.43770,1.43785,1.43716,1.43748,1360
2025-01-09T05:30:00Z,1.43748,1.43767,1.43713,1.43734,1850
2025-01-09T06:00:00Z,1.43736,1.43815,1.43733,1.43759,3108
2025-01-09T06:30:00Z,1.43759,1.43779,1.43704,1.43770,2420
2025-01-09T07:00:00Z,1.43769,1.43886,1.43767,1.43873,2333
2025-01-09T07:30:00Z,1.43874,1.44010,1.43874,1.43997,2712
2025-01-09T08:00:00Z,1.43997,1.44045,1.43818,1.43845,6067
2025-01-09T08:30:00Z,1.43847,1.43905,1.43794,1.43844,3138
2025-01-09T09:00:00Z,1.43843,1.43868,1.43783,1.43818,3758
2025-01-09T09:30:00Z,1.43818,1.43855,1.43771,1.43841,3804
2025-01-09T10:00:00Z,1.43842,1.43893,1.43803,1.43820,2907
2025-01-09T10:30:00Z,1.43820,1.43894,1.43818,1.43849,2759
2025-01-09T11:00:00Z,1.43850,1.43910,1.43842,1.43907,2686
2025-01-09T11:30:00Z,1.43905,1.43969,1.43889,1.43960,4516
2025-01-09T12:00:00Z,1.43958,1.43980,1.43892,1.43957,5205
2025-01-09T12:30:00Z,1.43955,1.43983,1.43911,1.43915,2886
2025-01-09T13:00:00Z,1.43915,1.43958,1.43860,1.43866,3187
2025-01-09T13:30:00Z,1.43865,1.43948,1.43853,1.43946,3599
2025-01-09T14:00:00Z,1.43949,1.44002,1.43878,1.43970,2987
2025-01-09T14:30:00Z,1.43968,1.44037,1.43963,1.43998,3523
2025-01-09T15:00:00Z,1.43998,1.44008,1.43884,1.43902,2645
2025-01-09T15:30:00Z,1.43901,1.43989,1.43874,1.43978,3130
2025-01-09T16:00:00Z,1.43977,1.44013,1.43947,1.44003,2937
2025-01-09T16:30:00Z,1.44004,1.44034,1.43950,1.43950,2121
2025-01-09T17:00:00Z,1.43949,1.44006,1.43919,1.43928,2831
2025-01-09T17:30:00Z,1.43926,1.43976,1.43924,1.43954,2788
2025-01-09T18:00:00Z,1.43956,1.43997,1.43888,1.43888,1998
2025-01-09T18:30:00Z,1.43888,1.43926,1.43876,1.43910,1239
2025-01-09T19:00:00Z,1.43908,1.43945,1.43899,1.43916,675
2025-01-09T19:30:00Z,1.43917,1.43934,1.43896,1.43917,1178
2025-01-09T20:00:00Z,1.43916,1.43917,1.43886,1.43898,824
2025-01-09T20:30:00Z,1.43899,1.43923,1.43876,1.43879,1003
2025-01-09T21:00:00Z,1.43879,1.43903,1.43874,1.43889,853
2025-01-09T21:30:00Z,1.43890,1.43958,1.43888,1.43924,1283
2025-01-09T22:00:00Z,1.43923,1.43962,1.43897,1.43960,208
2025-01-09T22:30:00Z,1.43959,1.43974,1.43959,1.43965,274
2025-01-09T23:00:00Z,1.43964,1.43991,1.43934,1.43987,497
2025-01-09T23:30:00Z,1.43987,1.44020,1.43984,1.44011,602
2025-01-10T00:00:00Z,1.44011,1.44013,1.43963,1.43990,1803
2025-01-10T00:30:00Z,1.43992,1.43993,1.43970,1.43984,2013
2025-01-10T01:00:00Z,1.43984,1.43995,1.43953,1.43961,4447
2025-01-10T01:30:00Z,1.43963,1.44021,1.43955,1.44004,6847
2025-01-10T02:00:00Z,1.44003,1.44048,1.43995,1.44040,2020
2025-01-10T02:30:00Z,1.44042,1.44070,1.44030,1.44054,1428
2025-01-10T03:00:00Z,1.44054,1.44077,1.44054,1.44067,1462
2025-01-10T03:30:00Z,1.44067,1.44119,1.44057,1.44111,1426
2025-01-10T04:00:00Z,1.44111,1.44113,1.44079,1.44092,1369
2025-01-10T04:30:00Z,1.44092,1.44123,1.44091,1.44118,1056
2025-01-10T05:00:00Z,1.44116,1.44120,1.44071,1.44093,1503
2025-01-10T05:30:00Z,1.44093,1.44174,1.44090,1.44164,1924
2025-01-10T06:00:00Z,1.44165,1.44215,1.44153,1.44184,2154
2025-01-10T06:30:00Z,1.44186,1.44200,1.44166,1.44193,2172
2025-01-10T07:00:00Z,1.44194,1.44197,1.44051,1.44061,2756
2025-01-10T07:30:00Z,1.44060,1.44133,1.44050,1.44050,2940
2025-01-10T08:00:00Z,1.44050,1.44059,1.43944,1.43976,4324
2025-01-10T08:30:00Z,1.43977,1.44109,1.43945,1.44106,4525
2025-01-10T09:00:00Z,1.44106,1.44169,1.44105,1.44146,3537
2025-01-10T09:30:00Z,1.44147,1.44154,1.44075,1.44100,3127
2025-01-10T10:00:00Z,1.44099,1.44126,1.44048,1.44080,2398
2025-01-10T10:30:00Z,1.44081,1.44151,1.44048,1.44070,4371
2025-01-10T11:00:00Z,1.44070,1.44072,1.43998,1.44029,3629
2025-01-10T11:30:00Z,1.44027,1.44100,1.44019,1.44084,2601
2025-01-10T12:00:00Z,1.44084,1.44121,1.44035,1.44051,4172
2025-01-10T12:30:00Z,1.44051,1.44108,1.44028,1.44030,2398
2025-01-10T13:00:00Z,1.44030,1.44138,1.44025,1.44092,4347
2025-01-10T13:30:00Z,1.44072,1.44366,1.43821,1.44025,15273
2025-01-10T14:00:00Z,1.44026,1.44192,1.43749,1.43758,10445
2025-01-10T14:30:00Z,1.43757,1.44030,1.43757,1.43918,12378
2025-01-10T15:00:00Z,1.43929,1.44131,1.43929,1.44029,11199
2025-01-10T15:30:00Z,1.44030,1.44244,1.44029,1.44229,8613
2025-01-10T16:00:00Z,1.44230,1.44422,1.44230,1.44362,8145
2025-01-10T16:30:00Z,1.44363,1.44403,1.44285,1.44366,7092
2025-01-10T17:00:00Z,1.44368,1.44421,1.44268,1.44270,4601
2025-01-10T17:30:00Z,1.44272,1.44272,1.44121,1.44147,5920
2025-01-10T18:00:00Z,1.44147,1.44259,1.44141,1.44234,3708
2025-01-10T18:30:00Z,1.44232,1.44290,1.44228,1.44245,3644
2025-01-10T19:00:00Z,1.44244,1.44347,1.44244,1.44287,4410
2025-01-10T19:30:00Z,1.44286,1.44309,1.44215,1.44264,3436
2025-01-10T20:00:00Z,1.44265,1.44358,1.44261,1.44346,2936
2025-01-10T20:30:00Z,1.44346,1.44368,1.44270,1.44281,3112
2025-01-10T21:00:00Z,1.44281,1.44298,1.44222,1.44287,1217
2025-01-10T21:30:00Z,1.44287,1.44310,1.44167,1.44167,1958
2025-01-12T22:00:00Z,1.44199,1.44225,1.44174,1.44218,380
2025-01-12T22:30:00Z,1.44217,1.44226,1.44195,1.44213,709
2025-01-12T23:00:00Z,1.44213,1.44221,1.44162,1.44179,1381
2025-01-12T23:30:00Z,1.44179,1.44179,1.44110,1.44147,1338
2025-01-13T00:00:00Z,1.44148,1.44233,1.44142,1.44221,1680
2025-01-13T00:30:00Z,1.44223,1.44273,1.44198,1.44207,1737
2025-01-13T01:00:00Z,1.44207,1.44277,1.44179,1.44226,3516
2025-01-13T01:30:00Z,1.44225,1.44277,1.44197,1.44221,3261
2025-01-13T02:00:00Z,1.44222,1.44236,1.44164,1.44216,2720
2025-01-13T02:30:00Z,1.44217,1.44284,1.44217,1.44258,2132
2025-01-13T03:00:00Z,1.44259,1.44364,1.44249,1.44342,2877
2025-01-13T03:30:00Z,1.44342,1.44423,1.44341,1.44419,2271
2025-01-13T04:00:00Z,1.44418,1.44427,1.44370,1.44424,1936
2025-01-13T04:30:00Z,1.44425,1.44467,1.44404,1.44415,1779
2025-01-13T05:00:00Z,1.44414,1.44425,1.44380,1.44395,1657
2025-01-13T05:30:00Z,1.44397,1.44417,1.44327,1.44340,1955
2025-01-13T06:00:00Z,1.44339,1.44349,1.44295,1.44345,2123
2025-01-13T06:30:00Z,1.44344,1.44348,1.44300,1.44323,1714
2025-01-13T07:00:00Z,1.44323,1.44426,1.44311,1.44397,3048
2025-01-13T07:30:00Z,1.44399,1.44423,1.44279,1.44313,3642
2025-01-13T08:00:00Z,1.44314,1.44315,1.44192,1.44254,9265
2025-01-13T08:30:00Z,1.44253,1.44283,1.44180,1.44215,6406
2025-01-13T09:00:00Z,1.44213,1.44295,1.44139,1.44255,7346
2025-01-13T09:30:00Z,1.44255,1.44382,1.44228,1.44353,5752
2025-01-13T10:00:00Z,1.44353,1.44374,1.44285,1.44299,4794
2025-01-13T10:30:00Z,1.44304,1.44385,1.44294,1.44382,4084
2025-01-13T11:00:00Z,1.44381,1.44395,1.44269,1.44279,4325
2025-01-13T11:30:00Z,1.44279,1.44330,1.44261,1.44302,3358
2025-01-13T12:00:00Z,1.44303,1.44330,1.44269,1.44295,4223
2025-01-13T12:30:00Z,1.44295,1.44308,1.44140,1.44154,4375
2025-01-13T13:00:00Z,1.44155,1.44195,1.43936,1.44008,5360
2025-01-13T13:30:00Z,1.44005,1.44102,1.43916,1.44079,6291
2025-01-13T14:00:00Z,1.44078,1.44247,1.44066,1.44066,7525
2025-01-13T14:30:00Z,1.44067,1.44131,1.44004,1.44027,9178
2025-01-13T15:00:00Z,1.44028,1.44146,1.43962,1.44142,8527
2025-01-13T15:30:00Z,1.44142,1.44228,1.44124,1.44201,7446
2025-01-13T16:00:00Z,1.44201,1.44269,1.44112,1.44118,6788
2025-01-13T16:30:00Z,1.44121,1.44132,1.44024,1.44114,5606
2025-01-13T17:00:00Z,1.44115,1.44187,1.44104,1.44151,5118
2025-01-13T17:30:00Z,1.44151,1.44181,1.44076,1.44080,6864
2025-01-13T18:00:00Z,1.44081,1.44190,1.44067,1.44151,3921
2025-01-13T18:30:00Z,1.44150,1.44150,1.44053,1.44068,3027
2025-01-13T19:00:00Z,1.44068,1.44135,1.44031,1.44034,3557
2025-01-13T19:30:00Z,1.44032,1.44118,1.44030,1.44117,6374
2025-01-13T20:00:00Z,1.44117,1.44122,1.44068,1.44098,6263
2025-01-13T20:30:00Z,1.44100,1.44108,1.43974,1.43981,5555
2025-01-13T21:00:00Z,1.43982,1.43992,1.43943,1.43944,1960
2025-01-13T21:30:00Z,1.43944,1.43985,1.43739,1.43739,2311
2025-01-13T22:00:00Z,1.43763,1.43763,1.43643,1.43669,799
2025-01-13T22:30:00Z,1.43671,1.43708,1.43541,1.43550,667
2025-01-13T23:00:00Z,1.43549,1.43715,1.43523,1.43544,3167
2025-01-13T23:30:00Z,1.43545,1.43657,1.43423,1.43640,2442
2025-01-14T00:00:00Z,1.43640,1.43758,1.43626,1.43751,3369
2025-01-14T00:30:00Z,1.43751,1.43820,1.43742,1.43792,4489
2025-01-14T01:00:00Z,1.43793,1.43845,1.43777,1.43811,3541
2025-01-14T01:30:00Z,1.43811,1.43828,1.43740,1.43756,6095
2025-01-14T02:00:00Z,1.43755,1.43871,1.43752,1.43817,3038
2025-01-14T02:30:00Z,1.43817,1.43871,1.43802,1.43807,2280
2025-01-14T03:00:00Z,1.43807,1.43825,1.43726,1.43766,2814
2025-01-14T03:30:00Z,1.43766,1.43782,1.43739,1.43767,1354
2025-01-14T04:00:00Z,1.43768,1.43795,1.43737,1.43738,1857
2025-01-14T04:30:00Z,1.43738,1.43778,1.43701,1.43767,1532
2025-01-14T05:00:00Z,1.43767,1.43856,1.43767,1.43850,2119
2025-01-14T05:30:00Z,1.43848,1.43861,1.43758,1.43827,2057
2025-01-14T06:00:00Z,1.43824,1.43834,1.43766,1.43818,2814
2025-01-14T06:30:00Z,1.43818,1.43837,1.43767,1.43771,2844
2025-01-14T07:00:00Z,1.43771,1.43793,1.43708,1.43752,5334
2025-01-14T07:30:00Z,1.43752,1.43828,1.43739,1.43751,4700
2025-01-14T08:00:00Z,1.43750,1.43754,1.43575,1.43623,8096
2025-01-14T08:30:00Z,1.43624,1.43682,1.43598,1.43681,4725
2025-01-14T09:00:00Z,1.43681,1.43732,1.43660,1.43702,4946
2025-01-14T09:30:00Z,1.43701,1.43762,1.43667,1.43756,4880
2025-01-14T10:00:00Z,1.43757,1.43817,1.43739,1.43756,5699
2025-01-14T10:30:00Z,1.43755,1.43828,1.43753,1.43800,3999
2025-01-14T11:00:00Z,1.43800,1.43829,1.43774,1.43796,3328
2025-01-14T11:30:00Z,1.43796,1.43816,1.43776,1.43801,3511
2025-01-14T12:00:00Z,1.43801,1.43967,1.43790,1.43862,7546
2025-01-14T12:30:00Z,1.43862,1.43942,1.43778,1.43917,3954
2025-01-14T13:00:00Z,1.43915,1.43976,1.43840,1.43950,4508
2025-01-14T13:30:00Z,1.43950,1.43972,1.43630,1.43957,12672
2025-01-14T14:00:00Z,1.43957,1.44098,1.43890,1.43954,8042
2025-01-14T14:30:00Z,1.43957,1.44005,1.43838,1.43890,9877
2025-01-14T15:00:00Z,1.43891,1.43893,1.43723,1.43732,7132
2025-01-14T15:30:00Z,1.43730,1.43739,1.43504,1.43534,7866
2025-01-14T16:00:00Z,1.43532,1.43628,1.43502,1.43574,8034
2025-01-14T16:30:00Z,1.43574,1.43738,1.43548,1.43701,7098
2025-01-14T17:00:00Z,1.43701,1.43808,1.43693,1.43695,4111
2025-01-14T17:30:00Z,1.43696,1.43743,1.43666,1.43669,4336
2025-01-14T18:00:00Z,1.43669,1.43688,1.43612,1.43651,2917
2025-01-14T18:30:00Z,1.43650,1.43681,1.43526,1.43546,3200
2025-01-14T19:00:00Z,1.43546,1.43580,1.43527,1.43579,2931
2025-01-14T19:30:00Z,1.43577,1.43659,1.43520,1.43647,4893
2025-01-14T20:00:00Z,1.43646,1.43687,1.43575,1.43576,6196
2025-01-14T20:30:00Z,1.43576,1.43608,1.43555,1.43587,3443
2025-01-14T21:00:00Z,1.43586,1.43601,1.43487,1.43516,1346
2025-01-14T21:30:00Z,1.43514,1.43563,1.43466,1.43480,925
2025-01-14T22:00:00Z,1.43469,1.43513,1.43446,1.43475,623
2025-01-14T22:30:00Z,1.43476,1.43494,1.43463,1.43477,343
2025-01-14T23:00:00Z,1.43483,1.43530,1.43474,1.43529,562
2025-01-14T23:30:00Z,1.43529,1.43533,1.43499,1.43514,634
2025-01-15T00:00:00Z,1.43515,1.43562,1.43504,1.43538,1700
2025-01-15T00:30:00Z,1.43539,1.43564,1.43520,1.43555,1676
2025-01-15T01:00:00Z,1.43556,1.43560,1.43499,1.43537,2220
2025-01-15T01:30:00Z,1.43538,1.43553,1.43516,1.43549,2262
2025-01-15T02:00:00Z,1.43550,1.43574,1.43536,1.43550,1618
2025-01-15T02:30:00Z,1.43548,1.43595,1.43546,1.43565,1899
2025-01-15T03:00:00Z,1.43566,1.43582,1.43550,1.43553,1242
2025-01-15T03:30:00Z,1.43552,1.43563,1.43516,1.43521,1235
2025-01-15T04:00:00Z,1.43521,1.43535,1.43501,1.43507,1078
2025-01-15T04:30:00Z,1.43506,1.43531,1.43493,1.43515,1097
2025-01-15T05:00:00Z,1.43516,1.43604,1.43510,1.43579,1490
2025-01-15T05:30:00Z,1.43578,1.43626,1.43569,1.43621,2181
2025-01-15T06:00:00Z,1.43624,1.43639,1.43559,1.43577,1579
2025-01-15T06:30:00Z,1.43577,1.43606,1.43556,1.43592,1203
2025-01-15T07:00:00Z,1.43592,1.43607,1.43520,1.43532,3238
2025-01-15T07:30:00Z,1.43531,1.43542,1.43398,1.43417,4183
2025-01-15T08:00:00Z,1.43416,1.43456,1.43286,1.43445,5563
2025-01-15T08:30:00Z,1.43446,1.43526,1.43430,1.43523,3116
2025-01-15T09:00:00Z,1.43523,1.43524,1.43425,1.43446,3333
2025-01-15T09:30:00Z,1.43445,1.43484,1.43427,1.43461,2301
2025-01-15T10:00:00Z,1.43461,1.43493,1.43432,1.43483,2397
2025-01-15T10:30:00Z,1.43483,1.43484,1.43427,1.43433,2723
2025-01-15T11:00:00Z,1.43437,1.43452,1.43401,1.43412,1989
2025-01-15T11:30:00Z,1.43412,1.43456,1.43403,1.43440,1583
2025-01-15T12:00:00Z,1.43440,1.43506,1.43435,1.43479,2139
2025-01-15T12:30:00Z,1.43480,1.43663,1.43466,1.43569,4001
2025-01-15T13:00:00Z,1.43567,1.43587,1.43467,1.43468,4437
2025-01-15T13:30:00Z,1.43474,1.43501,1.43017,1.43079,14039
2025-01-15T14:00:00Z,1.43077,1.43231,1.43022,1.43088,8909
2025-01-15T14:30:00Z,1.43088,1.43333,1.43061,1.43292,9172
2025-01-15T15:00:00Z,1.43293,1.43445,1.43235,1.43307,9085
2025-01-15T15:30:00Z,1.43307,1.43468,1.43267,1.43404,8090
2025-01-15T16:00:00Z,1.43402,1.43481,1.43351,1.43398,11135
2025-01-15T16:30:00Z,1.43396,1.43575,1.43391,1.43408,9960
2025-01-15T17:00:00Z,1.43407,1.43411,1.43335,1.43362,6330
2025-01-15T17:30:00Z,1.43362,1.43404,1.43339,1.43368,4652
2025-01-15T18:00:00Z,1.43367,1.43399,1.43335,1.43357,4212
2025-01-15T18:30:00Z,1.43357,1.43368,1.43292,1.43306,2237
2025-01-15T19:00:00Z,1.43307,1.43347,1.43289,1.43316,3471
2025-01-15T19:30:00Z,1.43317,1.43332,1.43267,1.43280,3465
2025-01-15T20:00:00Z,1.43280,1.43314,1.43269,1.43276,1744
2025-01-15T20:30:00Z,1.43277,1.43316,1.43265,1.43280,2161
2025-01-15T21:00:00Z,1.43281,1.43355,1.43266,1.43347,1163
2025-01-15T21:30:00Z,1.43347,1.43405,1.43336,1.43396,1813
2025-01-15T22:00:00Z,1.43397,1.43397,1.43196,1.43328,1415
2025-01-15T22:30:00Z,1.43327,1.43364,1.43315,1.43351,272
2025-01-15T23:00:00Z,1.43366,1.43373,1.43310,1.43320,877
2025-01-15T23:30:00Z,1.43320,1.43324,1.43234,1.43246,1170
2025-01-16T00:00:00Z,1.43246,1.43323,1.43232,1.43311,2103
2025-01-16T00:30:00Z,1.43305,1.43361,1.43218,1.43243,3589
2025-01-16T01:00:00Z,1.43243,1.43387,1.43241,1.43369,2973
2025-01-16T01:30:00Z,1.43369,1.43418,1.43329,1.43413,3789
2025-01-16T02:00:00Z,1.43412,1.43502,1.43395,1.43479,2889
2025-01-16T02:30:00Z,1.43480,1.43516,1.43443,1.43511,2430
2025-01-16T03:00:00Z,1.43513,1.43541,1.43496,1.43525,1796
2025-01-16T03:30:00Z,1.43522,1.43538,1.43508,1.43516,1501
2025-01-16T04:00:00Z,1.43516,1.43534,1.43476,1.43530,1570
2025-01-16T04:30:00Z,1.43531,1.43563,1.43506,1.43544,1357
2025-01-16T05:00:00Z,1.43544,1.43617,1.43539,1.43600,2077
2025-01-16T05:30:00Z,1.43602,1.43665,1.43598,1.43663,1773
2025-01-16T06:00:00Z,1.43662,1.43662,1.43617,1.43631,2244
2025-01-16T06:30:00Z,1.43633,1.43652,1.43563,1.43574,2076
2025-01-16T07:00:00Z,1.43574,1.43617,1.43543,1.43563,3525
2025-01-16T07:30:00Z,1.43562,1.43571,1.43524,1.43555,3379
2025-01-16T08:00:00Z,1.43554,1.43797,1.43536,1.43793,5076
2025-01-16T08:30:00Z,1.43791,1.43834,1.43724,1.43724,3885
2025-01-16T09:00:00Z,1.43723,1.43728,1.43653,1.43708,3418
2025-01-16T09:30:00Z,1.43707,1.43739,1.43677,1.43712,4119
2025-01-16T10:00:00Z,1.43713,1.43771,1.43692,1.43742,3513
2025-01-16T10:30:00Z,1.43743,1.43752,1.43694,1.43718,2982
2025-01-16T11:00:00Z,1.43717,1.43762,1.43682,1.43748,3038
2025-01-16T11:30:00Z,1.43748,1.43802,1.43699,1.43723,2873
2025-01-16T12:00:00Z,1.43723,1.43813,1.43720,1.43799,3612
2025-01-16T12:30:00Z,1.43800,1.43928,1.43780,1.43798,4245
2025-01-16T13:00:00Z,1.43796,1.43886,1.43777,1.43852,3832
2025-01-16T13:30:00Z,1.43851,1.43912,1.43736,1.43792,7744
2025-01-16T14:00:00Z,1.43791,1.43852,1.43785,1.43829,5006
2025-01-16T14:30:00Z,1.43827,1.43948,1.43827,1.43863,7674
2025-01-16T15:00:00Z,1.43863,1.43920,1.43720,1.43803,12620
2025-01-16T15:30:00Z,1.43803,1.43945,1.43735,1.43871,8296
2025-01-16T16:00:00Z,1.43870,1.44003,1.43824,1.43949,8908
2025-01-16T16:30:00Z,1.43949,1.43963,1.43793,1.43795,6797
2025-01-16T17:00:00Z,1.43793,1.43842,1.43670,1.43679,5809
2025-01-16T17:30:00Z,1.43681,1.43891,1.43671,1.43857,4084
2025-01-16T18:00:00Z,1.43857,1.43911,1.43823,1.43834,2391
2025-01-16T18:30:00Z,1.43835,1.43937,1.43831,1.43912,2977
2025-01-16T19:00:00Z,1.43912,1.43969,1.43862,1.43954,3289
2025-01-16T19:30:00Z,1.43954,1.43994,1.43894,1.43950,2739
2025-01-16T20:00:00Z,1.43949,1.44025,1.43947,1.43984,2563
2025-01-16T20:30:00Z,1.43984,1.43992,1.43914,1.43968,2168
2025-01-16T21:00:00Z,1.43968,1.43988,1.43933,1.43934,1260
2025-01-16T21:30:00Z,1.43932,1.43941,1.43891,1.43928,999
2025-01-16T22:00:00Z,1.43927,1.43931,1.43804,1.43917,630
2025-01-16T22:30:00Z,1.43917,1.43971,1.43914,1.43956,705
2025-01-16T23:00:00Z,1.43956,1.43993,1.43924,1.43980,808
2025-01-16T23:30:00Z,1.43979,1.43979,1.43936,1.43941,710
2025-01-17T00:00:00Z,1.43940,1.43996,1.43939,1.43994,1200
2025-01-17T00:30:00Z,1.43994,1.44005,1.43943,1.43967,1795
2025-01-17T01:00:00Z,1.43965,1.44019,1.43945,1.43974,2016
2025-01-17T01:30:00Z,1.43979,1.44024,1.43970,1.43993,2311
2025-01-17T02:00:00Z,1.43994,1.44002,1.43940,1.43965,2429
2025-01-17T02:30:00Z,1.43968,1.43996,1.43959,1.43993,1622
2025-01-17T03:00:00Z,1.43993,1.43998,1.43887,1.43948,1745
2025-01-17T03:30:00Z,1.43949,1.43958,1.43919,1.43941,1264
2025-01-17T04:00:00Z,1.43942,1.43965,1.43930,1.43963,1312
2025-01-17T04:30:00Z,1.43963,1.44029,1.43963,1.44009,1495
2025-01-17T05:00:00Z,1.44011,1.44017,1.43991,1.43997,1638
2025-01-17T05:30:00Z,1.43998,1.44052,1.43991,1.44020,1312
2025-01-17T06:00:00Z,1.44019,1.44091,1.44019,1.44084,1784
2025-01-17T06:30:00Z,1.44085,1.44088,1.44046,1.44054,1293
2025-01-17T07:00:00Z,1.44054,1.44128,1.44035,1.44120,3204
2025-01-17T07:30:00Z,1.44119,1.44125,1.44041,1.44068,2732
2025-01-17T08:00:00Z,1.44067,1.44106,1.44018,1.44063,3083
2025-01-17T08:30:00Z,1.44062,1.44105,1.44020,1.44067,2758
2025-01-17T09:00:00Z,1.44068,1.44141,1.44017,1.44139,4124
2025-01-17T09:30:00Z,1.44137,1.44172,1.44080,1.44128,3651
2025-01-17T10:00:00Z,1.44127,1.44127,1.44066,1.44074,3082
2025-01-17T10:30:00Z,1.44076,1.44101,1.44059,1.44094,2633
2025-01-17T11:00:00Z,1.44092,1.44121,1.44074,1.44089,2746
2025-01-17T11:30:00Z,1.44091,1.44141,1.44089,1.44115,2795
2025-01-17T12:00:00Z,1.44115,1.44242,1.44084,1.44239,3532
2025-01-17T12:30:00Z,1.44240,1.44403,1.44240,1.44316,3375
2025-01-17T13:00:00Z,1.44316,1.44348,1.44241,1.44313,4691
2025-01-17T13:30:00Z,1.44313,1.44394,1.44271,1.44357,5509
2025-01-17T14:00:00Z,1.44358,1.44638,1.44311,1.44404,7793
2025-01-17T14:30:00Z,1.44400,1.44446,1.44085,1.44144,10541
2025-01-17T15:00:00Z,1.44146,1.44163,1.43819,1.43972,12909
2025-01-17T15:30:00Z,1.43977,1.44133,1.43964,1.44001,7103
2025-01-17T16:00:00Z,1.44002,1.44126,1.44001,1.44054,6683
2025-01-17T16:30:00Z,1.44054,1.44245,1.44020,1.44215,11576
2025-01-17T17:00:00Z,1.44214,1.44309,1.44167,1.44301,10575
2025-01-17T17:30:00Z,1.44301,1.44383,1.44281,1.44378,8203
2025-01-17T18:00:00Z,1.44379,1.44501,1.44374,1.44496,8012
2025-01-17T18:30:00Z,1.44498,1.44540,1.44414,1.44518,9885
2025-01-17T19:00:00Z,1.44518,1.44612,1.44463,1.44589,10092
2025-01-17T19:30:00Z,1.44591,1.44644,1.44561,1.44602,2537
2025-01-17T20:00:00Z,1.44603,1.44742,1.44599,1.44686,3001
2025-01-17T20:30:00Z,1.44685,1.44685,1.44623,1.44654,3048
2025-01-17T21:00:00Z,1.44658,1.44811,1.44658,1.44704,963
2025-01-17T21:30:00Z,1.44706,1.44845,1.44680,1.44743,2012
2025-01-19T22:00:00Z,1.44592,1.44724,1.44592,1.44716,238
2025-01-19T22:30:00Z,1.44724,1.44744,1.44698,1.44729,379
2025-01-19T23:00:00Z,1.44724,1.44849,1.44721,1.44844,1991
2025-01-19T23:30:00Z,1.44844,1.44847,1.44687,1.44702,900
2025-01-20T00:00:00Z,1.44703,1.44726,1.44643,1.44674,1649
2025-01-20T00:30:00Z,1.44675,1.44685,1.44606,1.44607,1664
2025-01-20T01:00:00Z,1.44610,1.44685,1.44601,1.44663,2204
2025-01-20T01:30:00Z,1.44661,1.44679,1.44537,1.44553,3450
2025-01-20T02:00:00Z,1.44552,1.44576,1.44520,1.44558,2680
2025-01-20T02:30:00Z,1.44558,1.44562,1.44517,1.44519,2025
2025-01-20T03:00:00Z,1.44518,1.44533,1.44503,1.44515,1940
2025-01-20T03:30:00Z,1.44512,1.44521,1.44451,1.44451,1980
2025-01-20T04:00:00Z,1.44451,1.44463,1.44430,1.44458,1176
2025-01-20T04:30:00Z,1.44463,1.44491,1.44461,1.44483,933
2025-01-20T05:00:00Z,1.44483,1.44513,1.44478,1.44502,1076
2025-01-20T05:30:00Z,1.44500,1.44503,1.44450,1.44497,2327
2025-01-20T06:00:00Z,1.44496,1.44559,1.44495,1.44509,1828
2025-01-20T06:30:00Z,1.44507,1.44531,1.44424,1.44478,2132
2025-01-20T07:00:00Z,1.44478,1.44565,1.44454,1.44523,2950
2025-01-20T07:30:00Z,1.44523,1.44534,1.44440,1.44452,2553
2025-01-20T08:00:00Z,1.44453,1.44592,1.44448,1.44565,3028
2025-01-20T08:30:00Z,1.44562,1.44629,1.44524,1.44624,4131
2025-01-20T09:00:00Z,1.44623,1.44752,1.44603,1.44729,4249
2025-01-20T09:30:00Z,1.44730,1.44779,1.44686,1.44769,3451
2025-01-20T10:00:00Z,1.44767,1.44767,1.44665,1.44667,3976
2025-01-20T10:30:00Z,1.44666,1.44733,1.44623,1.44688,3141
2025-01-20T11:00:00Z,1.44689,1.44703,1.44584,1.44659,4790
2025-01-20T11:30:00Z,1.44660,1.44695,1.44605,1.44618,3618
2025-01-20T12:00:00Z,1.44616,1.44695,1.44568,1.44694,4211
2025-01-20T12:30:00Z,1.44694,1.44694,1.44527,1.44548,2566
2025-01-20T13:00:00Z,1.44554,1.44688,1.44548,1.44610,3461
2025-01-20T13:30:00Z,1.44610,1.44681,1.43102,1.43117,40701
2025-01-20T14:00:00Z,1.43118,1.43389,1.43101,1.43103,28434
2025-01-20T14:30:00Z,1.43099,1.43311,1.42605,1.42947,18617
2025-01-20T15:00:00Z,1.42947,1.43267,1.42721,1.43217,10944
2025-01-20T15:30:00Z,1.43218,1.43549,1.43155,1.43391,14848
2025-01-20T16:00:00Z,1.43393,1.43444,1.43175,1.43178,5206
2025-01-20T16:30:00Z,1.43184,1.43277,1.43138,1.43216,2455
2025-01-20T17:00:00Z,1.43214,1.43797,1.43209,1.43587,5207
2025-01-20T17:30:00Z,1.43587,1.43587,1.43130,1.43363,5105
2025-01-20T18:00:00Z,1.43362,1.43495,1.43312,1.43399,4354
2025-01-20T18:30:00Z,1.43398,1.43420,1.43257,1.43259,3956
2025-01-20T19:00:00Z,1.43258,1.43284,1.43221,1.43250,1157
2025-01-20T19:30:00Z,1.43250,1.43259,1.42913,1.43038,1986
2025-01-20T20:00:00Z,1.43037,1.43079,1.42824,1.43023,2528
2025-01-20T20:30:00Z,1.43025,1.43098,1.42915,1.43097,1872
2025-01-20T21:00:00Z,1.43099,1.43174,1.43066,1.43132,1428
2025-01-20T21:30:00Z,1.43132,1.43175,1.43036,1.43070,1379
2025-01-20T22:00:00Z,1.43037,1.43116,1.42976,1.43094,258
2025-01-20T22:30:00Z,1.43094,1.43118,1.43044,1.43096,671
2025-01-20T23:00:00Z,1.43069,1.43117,1.42946,1.43085,2230
2025-01-20T23:30:00Z,1.43086,1.43124,1.43000,1.43020,2627
2025-01-21T00:00:00Z,1.43019,1.43070,1.42888,1.42952,3774
2025-01-21T00:30:00Z,1.42950,1.45150,1.42924,1.44571,13338
2025-01-21T01:00:00Z,1.44572,1.44931,1.43893,1.44134,13027
2025-01-21T01:30:00Z,1.44134,1.44517,1.44109,1.44402,7310
2025-01-21T02:00:00Z,1.44401,1.44440,1.44193,1.44244,6583
2025-01-21T02:30:00Z,1.44244,1.44245,1.44084,1.44174,3878
2025-01-21T03:00:00Z,1.44175,1.44179,1.43930,1.43985,5477
2025-01-21T03:30:00Z,1.43984,1.44230,1.43979,1.44153,3869
2025-01-21T04:00:00Z,1.44150,1.44207,1.44042,1.44065,3179
2025-01-21T04:30:00Z,1.44065,1.44206,1.44065,1.44183,3176
2025-01-21T05:00:00Z,1.44183,1.44233,1.44107,1.44209,2890
2025-01-21T05:30:00Z,1.44210,1.44328,1.44169,1.44326,3153
2025-01-21T06:00:00Z,1.44325,1.44366,1.44276,1.44343,3110
2025-01-21T06:30:00Z,1.44342,1.44424,1.44322,1.44379,2963
2025-01-21T07:00:00Z,1.44378,1.44529,1.44346,1.44403,4784
2025-01-21T07:30:00Z,1.44403,1.44541,1.44303,1.44521,3316
2025-01-21T08:00:00Z,1.44522,1.44570,1.44358,1.44413,4687
2025-01-21T08:30:00Z,1.44416,1.44435,1.44243,1.44291,4339
2025-01-21T09:00:00Z,1.44293,1.44356,1.44145,1.44240,4450
2025-01-21T09:30:00Z,1.44239,1.44372,1.44214,1.44236,5286
2025-01-21T10:00:00Z,1.44236,1.44321,1.44183,1.44267,5272
2025-01-21T10:30:00Z,1.44268,1.44404,1.44209,1.44360,4131
2025-01-21T11:00:00Z,1.44362,1.44453,1.44349,1.44421,3479
2025-01-21T11:30:00Z,1.44421,1.44475,1.44346,1.44462,4161
2025-01-21T12:00:00Z,1.44462,1.44559,1.44388,1.44393,5925
2025-01-21T12:30:00Z,1.44395,1.44515,1.44378,1.44417,4554
2025-01-21T13:00:00Z,1.44417,1.44494,1.44201,1.44225,5529
2025-01-21T13:30:00Z,1.44233,1.44486,1.44076,1.44474,6573
2025-01-21T14:00:00Z,1.44473,1.44490,1.44149,1.44151,6037
2025-01-21T14:30:00Z,1.44148,1.44240,1.43998,1.44151,9422
2025-01-21T15:00:00Z,1.44151,1.44151,1.43805,1.43876,9321
2025-01-21T15:30:00Z,1.43877,1.43892,1.43673,1.43778,11059
2025-01-21T16:00:00Z,1.43778,1.43780,1.43423,1.43430,6519
2025-01-21T16:30:00Z,1.43429,1.43488,1.43282,1.43292,10428
2025-01-21T17:00:00Z,1.43292,1.43317,1.43170,1.43238,4929
2025-01-21T17:30:00Z,1.43239,1.43353,1.43238,1.43344,3086
2025-01-21T18:00:00Z,1.43343,1.43384,1.43288,1.43314,2850
2025-01-21T18:30:00Z,1.43313,1.43331,1.43235,1.43312,2396
2025-01-21T19:00:00Z,1.43313,1.43373,1.43281,1.43353,2304
2025-01-21T19:30:00Z,1.43352,1.43388,1.43324,1.43344,2655
2025-01-21T20:00:00Z,1.43345,1.43379,1.43331,1.43366,2294
2025-01-21T20:30:00Z,1.43367,1.43439,1.43358,1.43375,2535
2025-01-21T21:00:00Z,1.43373,1.43378,1.43109,1.43241,2374
2025-01-21T21:30:00Z,1.43247,1.43290,1.43150,1.43167,1698
2025-01-21T22:00:00Z,1.43163,1.43218,1.43162,1.43184,205
2025-01-21T22:30:00Z,1.43184,1.43250,1.43169,1.43237,602
2025-01-21T23:00:00Z,1.43237,1.43498,1.43218,1.43355,4414
2025-01-21T23:30:00Z,1.43355,1.43460,1.43342,1.43404,2535
2025-01-22T00:00:00Z,1.43404,1.43405,1.43176,1.43223,3591
2025-01-22T00:30:00Z,1.43222,1.43246,1.43161,1.43229,2318
2025-01-22T01:00:00Z,1.43229,1.43355,1.43229,1.43302,2740
2025-01-22T01:30:00Z,1.43303,1.43383,1.43302,1.43366,3038
2025-01-22T02:00:00Z,1.43366,1.43406,1.43294,1.43348,2838
2025-01-22T02:30:00Z,1.43355,1.43369,1.43274,1.43296,2779
2025-01-22T03:00:00Z,1.43294,1.43348,1.43274,1.43335,2128
2025-01-22T03:30:00Z,1.43336,1.43398,1.43324,1.43376,1636
2025-01-22T04:00:00Z,1.43376,1.43394,1.43321,1.43335,1528
2025-01-22T04:30:00Z,1.43334,1.43371,1.43301,1.43355,1250
2025-01-22T05:00:00Z,1.43355,1.43437,1.43344,1.43410,1934
2025-01-22T05:30:00Z,1.43411,1.43428,1.43352,1.43365,1977
2025-01-22T06:00:00Z,1.43366,1.43454,1.43347,1.43409,2743
2025-01-22T06:30:00Z,1.43411,1.43539,1.43397,1.43488,2345
2025-01-22T07:00:00Z,1.43488,1.43510,1.43369,1.43383,3127
2025-01-22T07:30:00Z,1.43384,1.43393,1.43312,1.43348,4048
2025-01-22T08:00:00Z,1.43347,1.43361,1.43210,1.43262,6090
2025-01-22T08:30:00Z,1.43261,1.43339,1.43224,1.43281,6163
2025-01-22T09:00:00Z,1.43280,1.43316,1.43246,1.43282,5675
2025-01-22T09:30:00Z,1.43282,1.43366,1.43266,1.43268,5350
2025-01-22T10:00:00Z,1.43270,1.43277,1.43069,1.43071,5693
2025-01-22T10:30:00Z,1.43071,1.43208,1.43048,1.43191,3678
2025-01-22T11:00:00Z,1.43193,1.43201,1.43004,1.43182,4194
2025-01-22T11:30:00Z,1.43184,1.43373,1.43177,1.43331,2953
2025-01-22T12:00:00Z,1.43331,1.43470,1.43279,1.43462,4048
2025-01-22T12:30:00Z,1.43463,1.43492,1.43396,1.43400,3858
2025-01-22T13:00:00Z,1.43399,1.43474,1.43320,1.43473,4635
2025-01-22T13:30:00Z,1.43473,1.43703,1.43460,1.43530,6482
2025-01-22T14:00:00Z,1.43532,1.43701,1.43519,1.43700,6364
2025-01-22T14:30:00Z,1.43698,1.43785,1.43666,1.43757,8432
2025-01-22T15:00:00Z,1.43757,1.43906,1.43755,1.43852,7092
2025-01-22T15:30:00Z,1.43852,1.43865,1.43738,1.43755,7435
2025-01-22T16:00:00Z,1.43754,1.43798,1.43674,1.43788,5321
2025-01-22T16:30:00Z,1.43789,1.43814,1.43579,1.43603,3122
2025-01-22T17:00:00Z,1.43604,1.43714,1.43604,1.43693,2898
2025-01-22T17:30:00Z,1.43693,1.43712,1.43617,1.43654,3512
2025-01-22T18:00:00Z,1.43656,1.43729,1.43549,1.43572,3309
2025-01-22T18:30:00Z,1.43572,1.43664,1.43530,1.43646,2336
2025-01-22T19:00:00Z,1.43644,1.43696,1.43627,1.43668,2696
2025-01-22T19:30:00Z,1.43668,1.43712,1.43662,1.43699,2337
2025-01-22T20:00:00Z,1.43700,1.43753,1.43639,1.43742,2560
2025-01-22T20:30:00Z,1.43740,1.43902,1.43734,1.43873,3126
2025-01-22T21:00:00Z,1.43873,1.43893,1.43842,1.43845,941
2025-01-22T21:30:00Z,1.43844,1.43854,1.43741,1.43741,1051
2025-01-22T22:00:00Z,1.43737,1.43809,1.43663,1.43804,335
2025-01-22T22:30:00Z,1.43808,1.43823,1.43793,1.43806,407
2025-01-22T23:00:00Z,1.43823,1.44035,1.43794,1.43931,1415
2025-01-22T23:30:00Z,1.43931,1.43978,1.43905,1.43953,1040
2025-01-23T00:00:00Z,1.43952,1.43958,1.43867,1.43918,1946
2025-01-23T00:30:00Z,1.43919,1.43945,1.43865,1.43873,2216
2025-01-23T01:00:00Z,1.43873,1.43892,1.43814,1.43884,2581
2025-01-23T01:30:00Z,1.43882,1.43959,1.43827,1.43941,3538
2025-01-23T02:00:00Z,1.43943,1.44036,1.43867,1.43876,3341
2025-01-23T02:30:00Z,1.43877,1.43912,1.43857,1.43881,1727
2025-01-23T03:00:00Z,1.43883,1.43914,1.43815,1.43899,2280
2025-01-23T03:30:00Z,1.43901,1.43930,1.43864,1.43912,1949
2025-01-23T04:00:00Z,1.43913,1.43914,1.43877,1.43885,1658
2025-01-23T04:30:00Z,1.43883,1.43894,1.43864,1.43881,1553
2025-01-23T05:00:00Z,1.43880,1.43938,1.43867,1.43931,2410
2025-01-23T05:30:00Z,1.43931,1.43945,1.43909,1.43923,2140
2025-01-23T06:00:00Z,1.43923,1.43932,1.43855,1.43860,2535
2025-01-23T06:30:00Z,1.43859,1.43940,1.43857,1.43939,2641
2025-01-23T07:00:00Z,1.43939,1.44016,1.43923,1.43988,3692
2025-01-23T07:30:00Z,1.43989,1.43991,1.43861,1.43886,3601
2025-01-23T08:00:00Z,1.43883,1.43961,1.43859,1.43942,4729
2025-01-23T08:30:00Z,1.43941,1.43994,1.43891,1.43946,3536
2025-01-23T09:00:00Z,1.43944,1.43945,1.43835,1.43874,4906
2025-01-23T09:30:00Z,1.43875,1.43914,1.43860,1.43892,4022
2025-01-23T10:00:00Z,1.43891,1.43935,1.43863,1.43884,3808
2025-01-23T10:30:00Z,1.43884,1.43925,1.43881,1.43920,3165
2025-01-23T11:00:00Z,1.43920,1.43943,1.43890,1.43901,3594
2025-01-23T11:30:00Z,1.43900,1.44014,1.43873,1.43953,4268
2025-01-23T12:00:00Z,1.43953,1.44092,1.43941,1.44079,3688
2025-01-23T12:30:00Z,1.44079,1.44105,1.43973,1.43989,3422
2025-01-23T13:00:00Z,1.43989,1.44075,1.43938,1.44040,5259
2025-01-23T13:30:00Z,1.44040,1.44130,1.44008,1.44034,6332
2025-01-23T14:00:00Z,1.44039,1.44039,1.43835,1.43890,5797
2025-01-23T14:30:00Z,1.43889,1.43893,1.43710,1.43802,6816
2025-01-23T15:00:00Z,1.43803,1.43899,1.43746,1.43797,7356
2025-01-23T15:30:00Z,1.43795,1.43842,1.43698,1.43792,7997
2025-01-23T16:00:00Z,1.43793,1.44017,1.43742,1.43761,11256
2025-01-23T16:30:00Z,1.43760,1.43840,1.43476,1.43601,8969
2025-01-23T17:00:00Z,1.43603,1.43639,1.43516,1.43612,4326
2025-01-23T17:30:00Z,1.43612,1.43612,1.43336,1.43386,4440
2025-01-23T18:00:00Z,1.43384,1.43513,1.43382,1.43502,4220
2025-01-23T18:30:00Z,1.43503,1.43591,1.43484,1.43552,3544
2025-01-23T19:00:00Z,1.43554,1.43590,1.43518,1.43530,1737
2025-01-23T19:30:00Z,1.43529,1.43619,1.43475,1.43611,2320
2025-01-23T20:00:00Z,1.43613,1.43667,1.43548,1.43566,2396
2025-01-23T20:30:00Z,1.43565,1.43798,1.43559,1.43742,2823
2025-01-23T21:00:00Z,1.43743,1.43800,1.43693,1.43786,785
2025-01-23T21:30:00Z,1.43786,1.43838,1.43740,1.43819,1327
2025-01-23T22:00:00Z,1.43782,1.43819,1.43764,1.43802,185
2025-01-23T22:30:00Z,1.43799,1.43816,1.43795,1.43810,254
2025-01-23T23:00:00Z,1.43810,1.43810,1.43758,1.43787,676
2025-01-23T23:30:00Z,1.43786,1.43807,1.43759,1.43772,633
2025-01-24T00:00:00Z,1.43772,1.43800,1.43721,1.43752,1197
2025-01-24T00:30:00Z,1.43751,1.43774,1.43726,1.43751,1262
2025-01-24T01:00:00Z,1.43751,1.43814,1.43751,1.43798,1820
2025-01-24T01:30:00Z,1.43796,1.43832,1.43744,1.43749,2062
2025-01-24T02:00:00Z,1.43748,1.43748,1.43373,1.43476,5717
2025-01-24T02:30:00Z,1.43478,1.43485,1.43254,1.43287,4034
2025-01-24T03:00:00Z,1.43288,1.43444,1.43205,1.43383,4911
2025-01-24T03:30:00Z,1.43382,1.43414,1.43298,1.43337,3462
2025-01-24T04:00:00Z,1.43335,1.43423,1.43281,1.43396,3831
2025-01-24T04:30:00Z,1.43396,1.43433,1.43337,1.43400,2474
2025-01-24T05:00:00Z,1.43402,1.43402,1.43323,1.43389,2985
2025-01-24T05:30:00Z,1.43388,1.43417,1.43307,1.43307,2070
2025-01-24T06:00:00Z,1.43307,1.43336,1.43226,1.43271,2937
2025-01-24T06:30:00Z,1.43270,1.43330,1.43209,1.43299,4572
2025-01-24T07:00:00Z,1.43299,1.43397,1.43297,1.43379,5084
2025-01-24T07:30:00Z,1.43380,1.43482,1.43380,1.43435,4433
2025-01-24T08:00:00Z,1.43434,1.43471,1.43289,1.43361,6172
2025-01-24T08:30:00Z,1.43361,1.43361,1.43247,1.43280,6399
2025-01-24T09:00:00Z,1.43281,1.43382,1.43143,1.43253,7429
2025-01-24T09:30:00Z,1.43253,1.43353,1.43215,1.43247,6023
2025-01-24T10:00:00Z,1.43247,1.43300,1.43191,1.43226,4220
2025-01-24T10:30:00Z,1.43227,1.43297,1.43211,1.43265,4611
2025-01-24T11:00:00Z,1.43267,1.43311,1.43220,1.43304,4425
2025-01-24T11:30:00Z,1.43303,1.43376,1.43287,1.43340,3624
2025-01-24T12:00:00Z,1.43340,1.43491,1.43340,1.43403,4004
2025-01-24T12:30:00Z,1.43402,1.43489,1.43398,1.43420,3011
2025-01-24T13:00:00Z,1.43421,1.43429,1.43248,1.43307,5423
2025-01-24T13:30:00Z,1.43306,1.43371,1.43221,1.43236,4875
2025-01-24T14:00:00Z,1.43235,1.43379,1.43232,1.43265,5822
2025-01-24T14:30:00Z,1.43266,1.43411,1.43166,1.43358,7604
2025-01-24T15:00:00Z,1.43358,1.43395,1.43193,1.43331,8862
2025-01-24T15:30:00Z,1.43330,1.43405,1.43223,1.43272,8488
2025-01-24T16:00:00Z,1.43272,1.43353,1.43243,1.43301,7305
2025-01-24T16:30:00Z,1.43301,1.43412,1.43256,1.43320,6206
2025-01-24T17:00:00Z,1.43320,1.43365,1.43272,1.43335,4617
2025-01-24T17:30:00Z,1.43335,1.43373,1.43267,1.43367,3789
2025-01-24T18:00:00Z,1.43368,1.43416,1.43339,1.43409,3794
2025-01-24T18:30:00Z,1.43407,1.43431,1.43357,1.43416,2752
2025-01-24T19:00:00Z,1.43414,1.43468,1.43396,1.43463,2674
2025-01-24T19:30:00Z,1.43463,1.43463,1.43406,1.43421,2706
2025-01-24T20:00:00Z,1.43424,1.43470,1.43382,1.43428,2634
2025-01-24T20:30:00Z,1.43428,1.43489,1.43428,1.43463,2415
2025-01-24T21:00:00Z,1.43462,1.43466,1.43417,1.43432,864
2025-01-24T21:30:00Z,1.43431,1.43488,1.43352,1.43415,1406
2025-01-26T22:00:00Z,1.43587,1.43688,1.43570,1.43601,186
2025-01-26T22:30:00Z,1.43610,1.43709,1.43606,1.43691,400
2025-01-26T23:00:00Z,1.43705,1.43840,1.43692,1.43811,2251
2025-01-26T23:30:00Z,1.43812,1.43870,1.43769,1.43856,1896
2025-01-27T00:00:00Z,1.43858,1.43862,1.43708,1.43738,2512
2025-01-27T00:30:00Z,1.43737,1.43780,1.43712,1.43747,2343
2025-01-27T01:00:00Z,1.43747,1.43755,1.43649,1.43726,3519
2025-01-27T01:30:00Z,1.43725,1.43869,1.43714,1.43830,4166
2025-01-27T02:00:00Z,1.43832,1.44010,1.43832,1.43976,4379
2025-01-27T02:30:00Z,1.43973,1.44008,1.43858,1.43872,4081
2025-01-27T03:00:00Z,1.43871,1.43907,1.43659,1.43757,3909
2025-01-27T03:30:00Z,1.43755,1.43841,1.43733,1.43770,2836
2025-01-27T04:00:00Z,1.43770,1.43850,1.43736,1.43829,2011
2025-01-27T04:30:00Z,1.43829,1.43896,1.43803,1.43811,1950
2025-01-27T05:00:00Z,1.43814,1.43907,1.43814,1.43892,2691
2025-01-27T05:30:00Z,1.43891,1.43895,1.43832,1.43839,2938
2025-01-27T06:00:00Z,1.43839,1.43929,1.43815,1.43820,3060
2025-01-27T06:30:00Z,1.43821,1.43881,1.43786,1.43798,3190
2025-01-27T07:00:00Z,1.43798,1.43933,1.43794,1.43905,4852
2025-01-27T07:30:00Z,1.43904,1.44001,1.43829,1.43994,4891
2025-01-27T08:00:00Z,1.43994,1.43995,1.43861,1.43903,8087
2025-01-27T08:30:00Z,1.43904,1.43919,1.43770,1.43779,5130
2025-01-27T09:00:00Z,1.43779,1.43811,1.43653,1.43759,6781
2025-01-27T09:30:00Z,1.43761,1.43778,1.43645,1.43679,5559
2025-01-27T10:00:00Z,1.43678,1.43678,1.43498,1.43542,7338
2025-01-27T10:30:00Z,1.43540,1.43566,1.43466,1.43565,6761
2025-01-27T11:00:00Z,1.43565,1.43616,1.43504,1.43544,7108
2025-01-27T11:30:00Z,1.43544,1.43679,1.43481,1.43605,6115
2025-01-27T12:00:00Z,1.43606,1.43697,1.43572,1.43596,5323
2025-01-27T12:30:00Z,1.43598,1.43628,1.43330,1.43410,5649
2025-01-27T13:00:00Z,1.43410,1.43590,1.43335,1.43561,6804
2025-01-27T13:30:00Z,1.43563,1.43600,1.43475,1.43571,4908
2025-01-27T14:00:00Z,1.43572,1.43809,1.43559,1.43788,6832
2025-01-27T14:30:00Z,1.43790,1.43888,1.43738,1.43785,7455
2025-01-27T15:00:00Z,1.43785,1.43941,1.43779,1.43932,6653
2025-01-27T15:30:00Z,1.43932,1.43951,1.43800,1.43838,7517
2025-01-27T16:00:00Z,1.43838,1.43864,1.43796,1.43822,6729
2025-01-27T16:30:00Z,1.43822,1.43952,1.43822,1.43900,7838
2025-01-27T17:00:00Z,1.43900,1.43977,1.43859,1.43909,5876
2025-01-27T17:30:00Z,1.43909,1.43978,1.43859,1.43977,4008
2025-01-27T18:00:00Z,1.43978,1.44009,1.43850,1.43903,5022
2025-01-27T18:30:00Z,1.43903,1.43928,1.43805,1.43850,4236
2025-01-27T19:00:00Z,1.43849,1.43873,1.43803,1.43811,3672
2025-01-27T19:30:00Z,1.43811,1.43820,1.43751,1.43767,4719
2025-01-27T20:00:00Z,1.43766,1.43841,1.43745,1.43761,3259
2025-01-27T20:30:00Z,1.43760,1.43788,1.43711,1.43719,2981
2025-01-27T21:00:00Z,1.43718,1.43760,1.43668,1.43681,1355
2025-01-27T21:30:00Z,1.43681,1.43736,1.43658,1.43692,2335
2025-01-27T22:00:00Z,1.43693,1.43726,1.43676,1.43687,233
2025-01-27T22:30:00Z,1.43688,1.43713,1.43676,1.43678,386
2025-01-27T23:00:00Z,1.43703,1.44077,1.43660,1.44040,5644
2025-01-27T23:30:00Z,1.44040,1.44151,1.43971,1.44048,9659
2025-01-28T00:00:00Z,1.44049,1.44073,1.43903,1.43956,4922
2025-01-28T00:30:00Z,1.43955,1.43969,1.43875,1.43908,2194
2025-01-28T01:00:00Z,1.43917,1.43935,1.43800,1.43827,3177
2025-01-28T01:30:00Z,1.43828,1.44036,1.43810,1.43960,4411
2025-01-28T02:00:00Z,1.43961,1.44049,1.43873,1.43885,6122
2025-01-28T02:30:00Z,1.43884,1.43974,1.43877,1.43928,2732
2025-01-28T03:00:00Z,1.43929,1.43992,1.43909,1.43936,2391
2025-01-28T03:30:00Z,1.43937,1.43999,1.43925,1.43987,2068
2025-01-28T04:00:00Z,1.43987,1.44030,1.43980,1.44022,1568
2025-01-28T04:30:00Z,1.44023,1.44040,1.43941,1.43949,1275
2025-01-28T05:00:00Z,1.43947,1.43983,1.43916,1.43978,1104
2025-01-28T05:30:00Z,1.43980,1.43993,1.43929,1.43979,1058
2025-01-28T06:00:00Z,1.43981,1.43982,1.43926,1.43961,1623
2025-01-28T06:30:00Z,1.43959,1.44028,1.43950,1.43997,1521
2025-01-28T07:00:00Z,1.43997,1.44022,1.43920,1.43946,4030
2025-01-28T07:30:00Z,1.43945,1.44050,1.43945,1.44034,3833
2025-01-28T08:00:00Z,1.44033,1.44109,1.44017,1.44084,5373
2025-01-28T08:30:00Z,1.44084,1.44119,1.44012,1.44046,5046
2025-01-28T09:00:00Z,1.44043,1.44043,1.43901,1.43919,4935
2025-01-28T09:30:00Z,1.43921,1.43983,1.43885,1.43971,4395
2025-01-28T10:00:00Z,1.43970,1.43996,1.43937,1.43981,3679
2025-01-28T10:30:00Z,1.43982,1.44117,1.43966,1.44114,3497
2025-01-28T11:00:00Z,1.44113,1.44145,1.44069,1.44099,3379
2025-01-28T11:30:00Z,1.44099,1.44161,1.44084,1.44153,4114
2025-01-28T12:00:00Z,1.44152,1.44194,1.44099,1.44122,4952
2025-01-28T12:30:00Z,1.44123,1.44181,1.44119,1.44158,4747
2025-01-28T13:00:00Z,1.44159,1.44171,1.44016,1.44029,4223
2025-01-28T13:30:00Z,1.44026,1.44048,1.43953,1.44017,6066
2025-01-28T14:00:00Z,1.44017,1.44020,1.43695,1.43768,7053
2025-01-28T14:30:00Z,1.43768,1.43865,1.43684,1.43810,7833
2025-01-28T15:00:00Z,1.43810,1.43919,1.43767,1.43826,7352
2025-01-28T15:30:00Z,1.43826,1.43933,1.43775,1.43918,6144
2025-01-28T16:00:00Z,1.43918,1.43932,1.43835,1.43922,6343
2025-01-28T16:30:00Z,1.43922,1.44000,1.43910,1.43916,5880
2025-01-28T17:00:00Z,1.43916,1.43969,1.43851,1.43906,4528
2025-01-28T17:30:00Z,1.43905,1.43979,1.43883,1.43967,3170
2025-01-28T18:00:00Z,1.43967,1.43975,1.43851,1.43851,3591
2025-01-28T18:30:00Z,1.43850,1.44072,1.43840,1.43998,4197
2025-01-28T19:00:00Z,1.43998,1.44129,1.43998,1.44053,2984
2025-01-28T19:30:00Z,1.44056,1.44056,1.43933,1.43946,3114
2025-01-28T20:00:00Z,1.43946,1.43993,1.43928,1.43988,3139
2025-01-28T20:30:00Z,1.43989,1.44006,1.43938,1.43968,2891
2025-01-28T21:00:00Z,1.43970,1.43994,1.43932,1.43986,920
2025-01-28T21:30:00Z,1.43986,1.44023,1.43962,1.43968,1149
2025-01-28T22:00:00Z,1.43967,1.43972,1.43892,1.43950,1501
2025-01-28T22:30:00Z,1.43946,1.43982,1.43944,1.43957,3368
2025-01-28T23:00:00Z,1.43962,1.44022,1.43962,1.43987,778
2025-01-28T23:30:00Z,1.43982,1.44024,1.43975,1.44024,1121
2025-01-29T00:00:00Z,1.44022,1.44040,1.43963,1.43983,1254
2025-01-29T00:30:00Z,1.43982,1.44087,1.43982,1.44043,2184
2025-01-29T01:00:00Z,1.44043,1.44055,1.44005,1.44024,1250
2025-01-29T01:30:00Z,1.44024,1.44052,1.44007,1.44022,1201
2025-01-29T02:00:00Z,1.44021,1.44026,1.43962,1.43998,1489
2025-01-29T02:30:00Z,1.43998,1.43999,1.43941,1.43978,1513
2025-01-29T03:00:00Z,1.43976,1.44027,1.43975,1.43984,1968
2025-01-29T03:30:00Z,1.43984,1.44005,1.43952,1.43959,1634
2025-01-29T04:00:00Z,1.43958,1.43958,1.43911,1.43934,1705
2025-01-29T04:30:00Z,1.43933,1.43974,1.43925,1.43961,1313
2025-01-29T05:00:00Z,1.43962,1.43969,1.43914,1.43935,1252
2025-01-29T05:30:00Z,1.43939,1.43995,1.43939,1.43971,1075
2025-01-29T06:00:00Z,1.43971,1.43981,1.43924,1.43943,2258
2025-01-29T06:30:00Z,1.43942,1.43988,1.43927,1.43983,1514
2025-01-29T07:00:00Z,1.43985,1.44080,1.43978,1.44063,2991
2025-01-29T07:30:00Z,1.44065,1.44146,1.44049,1.44132,3653
2025-01-29T08:00:00Z,1.44131,1.44175,1.44077,1.44159,4531
2025-01-29T08:30:00Z,1.44160,1.44192,1.44100,1.44189,3257
2025-01-29T09:00:00Z,1.44190,1.44309,1.44185,1.44282,3595
2025-01-29T09:30:00Z,1.44283,1.44330,1.44245,1.44292,3976
2025-01-29T10:00:00Z,1.44290,1.44327,1.44242,1.44282,3408
2025-01-29T10:30:00Z,1.44281,1.44293,1.44231,1.44285,2596
2025-01-29T11:00:00Z,1.44284,1.44306,1.44190,1.44203,2409
2025-01-29T11:30:00Z,1.44201,1.44314,1.44177,1.44270,2581
2025-01-29T12:00:00Z,1.44271,1.44398,1.44238,1.44363,3963
2025-01-29T12:30:00Z,1.44364,1.44398,1.44324,1.44333,3246
2025-01-29T13:00:00Z,1.44332,1.44498,1.44318,1.44488,5857
2025-01-29T13:30:00Z,1.44490,1.44701,1.44451,1.44642,6685
2025-01-29T14:00:00Z,1.44641,1.44710,1.44424,1.44513,6238
2025-01-29T14:30:00Z,1.44512,1.44545,1.44214,1.44402,8374
2025-01-29T15:00:00Z,1.44399,1.44482,1.44324,1.44457,5917
2025-01-29T15:30:00Z,1.44457,1.44620,1.44351,1.44430,7224
2025-01-29T16:00:00Z,1.44428,1.44482,1.44325,1.44416,16141
2025-01-29T16:30:00Z,1.44422,1.44582,1.44285,1.44321,6921
2025-01-29T17:00:00Z,1.44320,1.44322,1.44025,1.44224,7170
2025-01-29T17:30:00Z,1.44223,1.44263,1.44150,1.44213,3379
2025-01-29T18:00:00Z,1.44211,1.44292,1.44199,1.44226,3600
2025-01-29T18:30:00Z,1.44227,1.44276,1.44186,1.44223,1982
2025-01-29T19:00:00Z,1.44218,1.44453,1.44195,1.44395,8504
2025-01-29T19:30:00Z,1.44396,1.44440,1.44081,1.44204,14644
2025-01-29T20:00:00Z,1.44201,1.44282,1.44099,1.44206,8112
2025-01-29T20:30:00Z,1.44206,1.44296,1.44195,1.44261,3514
2025-01-29T21:00:00Z,1.44266,1.44282,1.44184,1.44207,1832
2025-01-29T21:30:00Z,1.44206,1.44251,1.44153,1.44153,1575
2025-01-29T22:00:00Z,1.44152,1.44193,1.44065,1.44133,225
2025-01-29T22:30:00Z,1.44132,1.44201,1.44132,1.44186,255
2025-01-29T23:00:00Z,1.44184,1.44208,1.44155,1.44164,1693
2025-01-29T23:30:00Z,1.44164,1.44180,1.43918,1.43962,2524
2025-01-30T00:00:00Z,1.43962,1.44085,1.43962,1.44070,2098
2025-01-30T00:30:00Z,1.44070,1.44096,1.44021,1.44058,2090
2025-01-30T01:00:00Z,1.44061,1.44161,1.44061,1.44130,1519
2025-01-30T01:30:00Z,1.44130,1.44149,1.44086,1.44129,1651
2025-01-30T02:00:00Z,1.44128,1.44142,1.44070,1.44119,1767
2025-01-30T02:30:00Z,1.44117,1.44184,1.44117,1.44172,1433
2025-01-30T03:00:00Z,1.44173,1.44186,1.44127,1.44148,1777
2025-01-30T03:30:00Z,1.44146,1.44192,1.44138,1.44172,1581
2025-01-30T04:00:00Z,1.44172,1.44175,1.44140,1.44168,1477
2025-01-30T04:30:00Z,1.44170,1.44228,1.44168,1.44196,1123
2025-01-30T05:00:00Z,1.44197,1.44243,1.44196,1.44205,1212
2025-01-30T05:30:00Z,1.44206,1.44242,1.44199,1.44235,1017
2025-01-30T06:00:00Z,1.44237,1.44308,1.44225,1.44300,1610
2025-01-30T06:30:00Z,1.44299,1.44317,1.44270,1.44287,1469
2025-01-30T07:00:00Z,1.44295,1.44354,1.44295,1.44334,2250
2025-01-30T07:30:00Z,1.44335,1.44348,1.44152,1.44173,2361
2025-01-30T08:00:00Z,1.44171,1.44186,1.44110,1.44128,3028
2025-01-30T08:30:00Z,1.44128,1.44154,1.44064,1.44073,2549
2025-01-30T09:00:00Z,1.44072,1.44164,1.44019,1.44030,9805
2025-01-30T09:30:00Z,1.44029,1.44125,1.44021,1.44091,5753
2025-01-30T10:00:00Z,1.44091,1.44141,1.44079,1.44091,3818
2025-01-30T10:30:00Z,1.44090,1.44149,1.44045,1.44114,3597
2025-01-30T11:00:00Z,1.44114,1.44147,1.44070,1.44072,2758
2025-01-30T11:30:00Z,1.44070,1.44148,1.44070,1.44132,2351
2025-01-30T12:00:00Z,1.44132,1.44191,1.44085,1.44092,3323
2025-01-30T12:30:00Z,1.44091,1.44146,1.44063,1.44127,4031
2025-01-30T13:00:00Z,1.44129,1.44199,1.44112,1.44119,4945
2025-01-30T13:30:00Z,1.44121,1.44227,1.44058,1.44086,10494
2025-01-30T14:00:00Z,1.44086,1.44204,1.44058,1.44140,7836
2025-01-30T14:30:00Z,1.44140,1.44189,1.44033,1.44149,6956
2025-01-30T15:00:00Z,1.44152,1.44156,1.44062,1.44093,5259
2025-01-30T15:30:00Z,1.44091,1.44123,1.43992,1.44086,7692
2025-01-30T16:00:00Z,1.44085,1.44121,1.44042,1.44086,6402
2025-01-30T16:30:00Z,1.44086,1.44149,1.44065,1.44133,3388
2025-01-30T17:00:00Z,1.44132,1.44221,1.44129,1.44200,3586
2025-01-30T17:30:00Z,1.44200,1.44204,1.44117,1.44144,2835
2025-01-30T18:00:00Z,1.44144,1.44155,1.44053,1.44077,2346
2025-01-30T18:30:00Z,1.44076,1.44097,1.43995,1.44005,2291
2025-01-30T19:00:00Z,1.44005,1.44109,1.43998,1.44109,1649
2025-01-30T19:30:00Z,1.44109,1.44143,1.44045,1.44130,2009
2025-01-30T20:00:00Z,1.44130,1.44181,1.44112,1.44160,2182
2025-01-30T20:30:00Z,1.44159,1.45941,1.44135,1.44853,20650
2025-01-30T21:00:00Z,1.44852,1.45112,1.44723,1.45005,8245
2025-01-30T21:30:00Z,1.45008,1.45088,1.44853,1.44855,3935
2025-01-30T22:00:00Z,1.44842,1.44973,1.44837,1.44945,242
2025-01-30T22:30:00Z,1.44947,1.45011,1.44846,1.44878,1513
2025-01-30T23:00:00Z,1.44888,1.45093,1.44777,1.45001,3526
2025-01-30T23:30:00Z,1.45003,1.45006,1.44896,1.44924,2761
2025-01-31T00:00:00Z,1.44924,1.44963,1.44826,1.44956,2524
2025-01-31T00:30:00Z,1.44958,1.44992,1.44924,1.44966,3039
2025-01-31T01:00:00Z,1.44966,1.45004,1.44854,1.44900,4683
2025-01-31T01:30:00Z,1.44901,1.44907,1.44792,1.44828,2718
2025-01-31T02:00:00Z,1.44828,1.44893,1.44811,1.44829,2026
2025-01-31T02:30:00Z,1.44829,1.44838,1.44715,1.44778,2338
2025-01-31T03:00:00Z,1.44777,1.44852,1.44737,1.44776,2184
2025-01-31T03:30:00Z,1.44776,1.44835,1.44767,1.44831,1437
2025-01-31T04:00:00Z,1.44830,1.44875,1.44823,1.44833,1369
2025-01-31T04:30:00Z,1.44832,1.44839,1.44777,1.44795,1693
2025-01-31T05:00:00Z,1.44797,1.44807,1.44746,1.44783,1448
2025-01-31T05:30:00Z,1.44787,1.44837,1.44770,1.44773,2189
2025-01-31T06:00:00Z,1.44772,1.44804,1.44698,1.44703,1778
2025-01-31T06:30:00Z,1.44704,1.44708,1.44621,1.44632,1696
2025-01-31T07:00:00Z,1.44632,1.44645,1.44342,1.44413,3607
2025-01-31T07:30:00Z,1.44411,1.44436,1.44306,1.44378,4793
2025-01-31T08:00:00Z,1.44377,1.44656,1.44365,1.44615,4995
2025-01-31T08:30:00Z,1.44614,1.44702,1.44602,1.44686,3315
2025-01-31T09:00:00Z,1.44691,1.44887,1.44690,1.44876,5998
2025-01-31T09:30:00Z,1.44877,1.44908,1.44740,1.44782,5389
2025-01-31T10:00:00Z,1.44782,1.44906,1.44759,1.44831,4414
2025-01-31T10:30:00Z,1.44831,1.44872,1.44802,1.44862,4341
2025-01-31T11:00:00Z,1.44863,1.44969,1.44862,1.44923,4678
2025-01-31T11:30:00Z,1.44923,1.44947,1.44858,1.44863,4131
2025-01-31T12:00:00Z,1.44861,1.44862,1.44755,1.44789,9022
2025-01-31T12:30:00Z,1.44787,1.44855,1.44756,1.44813,4712
2025-01-31T13:00:00Z,1.44813,1.44819,1.44627,1.44633,7588
2025-01-31T13:30:00Z,1.44633,1.44909,1.44625,1.44877,7232
2025-01-31T14:00:00Z,1.44877,1.45501,1.44861,1.45245,7578
2025-01-31T14:30:00Z,1.45247,1.45401,1.45082,1.45180,9075
2025-01-31T15:00:00Z,1.45179,1.45289,1.44984,1.45001,7639
2025-01-31T15:30:00Z,1.45002,1.45034,1.44661,1.44816,8796
2025-01-31T16:00:00Z,1.44816,1.44900,1.44652,1.44724,5650
2025-01-31T16:30:00Z,1.44723,1.44724,1.44520,1.44610,7860
2025-01-31T17:00:00Z,1.44609,1.44844,1.43701,1.43793,17002
2025-01-31T17:30:00Z,1.43793,1.44246,1.43753,1.44001,12480
2025-01-31T18:00:00Z,1.43999,1.45125,1.43898,1.44820,13593
2025-01-31T18:30:00Z,1.44820,1.45216,1.44773,1.45058,15421
2025-01-31T19:00:00Z,1.45057,1.45241,1.45035,1.45120,9024
2025-01-31T19:30:00Z,1.45118,1.45275,1.45044,1.45101,9574
2025-01-31T20:00:00Z,1.45099,1.45211,1.45014,1.45111,7313
2025-01-31T20:30:00Z,1.45111,1.45589,1.44947,1.45367,11029
2025-01-31T21:00:00Z,1.45370,1.45442,1.45093,1.45184,7594
2025-01-31T21:30:00Z,1.45184,1.45513,1.45170,1.45257,3497
2025-02-02T22:00:00Z,1.47352,1.47435,1.47031,1.47435,574
2025-02-02T22:30:00Z,1.47435,1.47445,1.47296,1.47317,894
2025-02-02T23:00:00Z,1.47346,1.47498,1.47040,1.47373,8944
2025-02-02T23:30:00Z,1.47373,1.47373,1.47047,1.47123,8450
2025-02-03T00:00:00Z,1.47123,1.47367,1.46721,1.46979,10886
2025-02-03T00:30:00Z,1.46980,1.47428,1.46760,1.47387,13110
2025-02-03T01:00:00Z,1.47382,1.47498,1.47089,1.47135,8369
2025-02-03T01:30:00Z,1.47136,1.47502,1.47107,1.47475,6093
2025-02-03T02:00:00Z,1.47476,1.47791,1.47448,1.47769,6161
2025-02-03T02:30:00Z,1.47771,1.47875,1.47682,1.47807,5728
2025-02-03T03:00:00Z,1.47805,1.47904,1.47780,1.47858,4406
2025-02-03T03:30:00Z,1.47858,1.47926,1.47722,1.47749,4703
2025-02-03T04:00:00Z,1.47750,1.47752,1.47342,1.47604,6461
2025-02-03T04:30:00Z,1.47607,1.47639,1.47415,1.47466,4004
2025-02-03T05:00:00Z,1.47466,1.47529,1.47375,1.47437,3914
2025-02-03T05:30:00Z,1.47438,1.47458,1.47247,1.47274,4453
2025-02-03T06:00:00Z,1.47273,1.47515,1.47166,1.47171,4722
2025-02-03T06:30:00Z,1.47171,1.47199,1.47020,1.47123,4483
2025-02-03T07:00:00Z,1.47122,1.47246,1.46966,1.46977,7583
2025-02-03T07:30:00Z,1.46977,1.47246,1.46944,1.47163,6767
2025-02-03T08:00:00Z,1.47163,1.47213,1.46743,1.46751,7810
2025-02-03T08:30:00Z,1.46752,1.46993,1.46750,1.46948,5998
2025-02-03T09:00:00Z,1.46952,1.47024,1.46770,1.46781,5532
2025-02-03T09:30:00Z,1.46781,1.46955,1.46743,1.46925,4967
2025-02-03T10:00:00Z,1.46926,1.46926,1.46753,1.46805,4173
2025-02-03T10:30:00Z,1.46805,1.46830,1.46643,1.46719,4721
2025-02-03T11:00:00Z,1.46718,1.46949,1.46708,1.46949,3828
2025-02-03T11:30:00Z,1.46948,1.47038,1.46696,1.46733,4981
2025-02-03T12:00:00Z,1.46733,1.46820,1.46643,1.46658,5695
2025-02-03T12:30:00Z,1.46659,1.46859,1.46517,1.46706,7008
2025-02-03T13:00:00Z,1.46707,1.46708,1.45886,1.46417,10694
2025-02-03T13:30:00Z,1.46415,1.46730,1.46409,1.46675,7304
2025-02-03T14:00:00Z,1.46675,1.46904,1.46404,1.46595,13359
2025-02-03T14:30:00Z,1.46594,1.46878,1.46516,1.46753,10202
2025-02-03T15:00:00Z,1.46746,1.47019,1.45468,1.45849,17185
2025-02-03T15:30:00Z,1.45849,1.46038,1.45439,1.45700,20308
2025-02-03T16:00:00Z,1.45701,1.46435,1.45683,1.45916,15808
2025-02-03T16:30:00Z,1.45922,1.46107,1.45813,1.46007,10446
2025-02-03T17:00:00Z,1.46010,1.46040,1.45757,1.45793,7155
2025-02-03T17:30:00Z,1.45795,1.46251,1.45221,1.45789,8919
2025-02-03T18:00:00Z,1.45789,1.45921,1.45622,1.45867,8386
2025-02-03T18:30:00Z,1.45869,1.45909,1.45655,1.45741,5585
2025-02-03T19:00:00Z,1.45743,1.45744,1.45474,1.45588,3928
2025-02-03T19:30:00Z,1.45590,1.45730,1.45521,1.45721,3199
2025-02-03T20:00:00Z,1.45735,1.45741,1.45537,1.45655,3194
2025-02-03T20:30:00Z,1.45655,1.45744,1.45626,1.45688,3301
2025-02-03T21:00:00Z,1.45689,1.45747,1.44960,1.45190,5469
2025-02-03T21:30:00Z,1.45191,1.45240,1.43880,1.44247,11195
2025-02-03T22:00:00Z,1.44247,1.44310,1.44130,1.44209,2298
2025-02-03T22:30:00Z,1.44209,1.44268,1.44060,1.44088,1512
2025-02-03T23:00:00Z,1.44107,1.44134,1.43853,1.44004,4216
2025-02-03T23:30:00Z,1.44017,1.44223,1.43998,1.44208,3646
2025-02-04T00:00:00Z,1.44209,1.44377,1.44167,1.44288,3663
2025-02-04T00:30:00Z,1.44289,1.44528,1.44285,1.44433,4042
2025-02-04T01:00:00Z,1.44432,1.44615,1.44378,1.44499,6610
2025-02-04T01:30:00Z,1.44494,1.44598,1.44478,1.44481,4364
2025-02-04T02:00:00Z,1.44481,1.44599,1.44475,1.44592,3336
2025-02-04T02:30:00Z,1.44591,1.44653,1.44539,1.44586,4126
2025-02-04T03:00:00Z,1.44590,1.44607,1.44531,1.44563,3052
2025-02-04T03:30:00Z,1.44563,1.44734,1.44553,1.44681,3088
2025-02-04T04:00:00Z,1.44682,1.44734,1.44675,1.44693,2040
2025-02-04T04:30:00Z,1.44690,1.44817,1.44657,1.44808,2741
2025-02-04T05:00:00Z,1.44807,1.45020,1.44798,1.44858,11450
2025-02-04T05:30:00Z,1.44858,1.44895,1.44787,1.44863,5671
2025-02-04T06:00:00Z,1.44861,1.44876,1.44781,1.44801,2889
2025-02-04T06:30:00Z,1.44801,1.44826,1.44618,1.44619,3107
2025-02-04T07:00:00Z,1.44623,1.44658,1.44405,1.44478,5422
2025-02-04T07:30:00Z,1.44477,1.44496,1.44299,1.44380,5175
2025-02-04T08:00:00Z,1.44380,1.44577,1.44333,1.44479,7524
2025-02-04T08:30:00Z,1.44479,1.44607,1.44439,1.44500,5465
2025-02-04T09:00:00Z,1.44500,1.44543,1.44323,1.44392,4141
2025-02-04T09:30:00Z,1.44393,1.44452,1.44238,1.44248,5104
2025-02-04T10:00:00Z,1.44249,1.44291,1.44188,1.44261,4004
2025-02-04T10:30:00Z,1.44261,1.44327,1.44176,1.44177,4238
2025-02-04T11:00:00Z,1.44177,1.44256,1.44141,1.44253,3672
2025-02-04T11:30:00Z,1.44254,1.44359,1.44229,1.44341,3969
2025-02-04T12:00:00Z,1.44342,1.44410,1.44259,1.44264,3782
2025-02-04T12:30:00Z,1.44263,1.44326,1.44158,1.44159,3254
2025-02-04T13:00:00Z,1.44160,1.44177,1.43962,1.43962,4580
2025-02-04T13:30:00Z,1.43965,1.44078,1.43809,1.43827,5101
2025-02-04T14:00:00Z,1.43827,1.43925,1.43616,1.43799,6099
2025-02-04T14:30:00Z,1.43800,1.43862,1.43603,1.43709,6438
2025-02-04T15:00:00Z,1.43709,1.43710,1.43513,1.43566,8201
2025-02-04T15:30:00Z,1.43565,1.43596,1.43270,1.43273,5898
2025-02-04T16:00:00Z,1.43274,1.43328,1.43086,1.43160,6374
2025-02-04T16:30:00Z,1.43160,1.43278,1.43107,1.43200,4541
2025-02-04T17:00:00Z,1.43200,1.43450,1.43159,1.43437,4956
2025-02-04T17:30:00Z,1.43436,1.43500,1.43394,1.43399,4082
2025-02-04T18:00:00Z,1.43400,1.43459,1.43354,1.43408,2703
2025-02-04T18:30:00Z,1.43406,1.43411,1.43314,1.43325,1958
2025-02-04T19:00:00Z,1.43323,1.43365,1.43241,1.43320,2384
2025-02-04T19:30:00Z,1.43319,1.43319,1.43013,1.43050,3842
2025-02-04T20:00:00Z,1.43051,1.43180,1.43043,1.43162,2641
2025-02-04T20:30:00Z,1.43164,1.43175,1.43111,1.43171,2214
2025-02-04T21:00:00Z,1.43172,1.43318,1.43162,1.43249,1753
2025-02-04T21:30:00Z,1.43250,1.43290,1.43168,1.43168,1500
2025-02-04T22:00:00Z,1.43173,1.43241,1.43051,1.43224,153
2025-02-04T22:30:00Z,1.43230,1.43277,1.43213,1.43250,753
2025-02-04T23:00:00Z,1.43250,1.43277,1.43221,1.43247,1060
2025-02-04T23:30:00Z,1.43249,1.43386,1.43219,1.43385,1658
2025-02-05T00:00:00Z,1.43385,1.43385,1.43281,1.43294,2040
2025-02-05T00:30:00Z,1.43294,1.43306,1.43191,1.43238,2815
2025-02-05T01:00:00Z,1.43241,1.43241,1.43126,1.43171,4591
2025-02-05T01:30:00Z,1.43171,1.43343,1.43171,1.43337,4197
2025-02-05T02:00:00Z,1.43336,1.43376,1.43188,1.43198,3740
2025-02-05T02:30:00Z,1.43199,1.43273,1.43179,1.43249,3297
2025-02-05T03:00:00Z,1.43247,1.43289,1.43207,1.43218,2646
2025-02-05T03:30:00Z,1.43218,1.43321,1.43216,1.43314,2566
2025-02-05T04:00:00Z,1.43312,1.43387,1.43291,1.43361,2241
2025-02-05T04:30:00Z,1.43361,1.43396,1.43333,1.43378,1618
2025-02-05T05:00:00Z,1.43377,1.43438,1.43354,1.43409,2387
2025-02-05T05:30:00Z,1.43407,1.43420,1.43375,1.43377,2368
2025-02-05T06:00:00Z,1.43379,1.43431,1.43211,1.43217,2738
2025-02-05T06:30:00Z,1.43216,1.43335,1.43183,1.43300,2867
2025-02-05T07:00:00Z,1.43302,1.43378,1.43115,1.43148,5749
2025-02-05T07:30:00Z,1.43146,1.43179,1.43045,1.43088,5810
2025-02-05T08:00:00Z,1.43088,1.43097,1.42877,1.42877,6674
2025-02-05T08:30:00Z,1.42878,1.42969,1.42824,1.42831,6578
2025-02-05T09:00:00Z,1.42834,1.42860,1.42793,1.42824,6047
2025-02-05T09:30:00Z,1.42823,1.42851,1.42793,1.42850,3791
2025-02-05T10:00:00Z,1.42851,1.42881,1.42757,1.42773,4008
2025-02-05T10:30:00Z,1.42774,1.42789,1.42719,1.42754,4557
2025-02-05T11:00:00Z,1.42755,1.42955,1.42751,1.42901,3292
2025-02-05T11:30:00Z,1.42899,1.42936,1.42856,1.42871,2457
2025-02-05T12:00:00Z,1.42868,1.42934,1.42866,1.42930,3359
2025-02-05T12:30:00Z,1.42928,1.42943,1.42814,1.42856,2573
2025-02-05T13:00:00Z,1.42856,1.42870,1.42696,1.42705,4910
2025-02-05T13:30:00Z,1.42709,1.42939,1.42700,1.42920,5297
2025-02-05T14:00:00Z,1.42920,1.42939,1.42711,1.42727,5408
2025-02-05T14:30:00Z,1.42728,1.42948,1.42694,1.42873,6158
2025-02-05T15:00:00Z,1.42860,1.42993,1.42693,1.42815,9356
2025-02-05T15:30:00Z,1.42815,1.42899,1.42773,1.42854,6354
2025-02-05T16:00:00Z,1.42855,1.42980,1.42801,1.42876,5966
2025-02-05T16:30:00Z,1.42874,1.42990,1.42799,1.42822,4482
2025-02-05T17:00:00Z,1.42819,1.43005,1.42754,1.42959,3303
2025-02-05T17:30:00Z,1.42959,1.42959,1.42850,1.42918,2245
2025-02-05T18:00:00Z,1.42920,1.42976,1.42863,1.42949,1914
2025-02-05T18:30:00Z,1.42949,1.43111,1.42939,1.43091,2505
2025-02-05T19:00:00Z,1.43090,1.43131,1.43023,1.43058,2461
2025-02-05T19:30:00Z,1.43056,1.43196,1.43043,1.43147,2296
2025-02-05T20:00:00Z,1.43147,1.43262,1.43146,1.43251,1537
2025-02-05T20:30:00Z,1.43253,1.43276,1.43112,1.43131,2374
2025-02-05T21:00:00Z,1.43129,1.43154,1.43055,1.43066,961
2025-02-05T21:30:00Z,1.43066,1.43184,1.43013,1.43018,1768
2025-02-05T22:00:00Z,1.43052,1.43127,1.43052,1.43081,81
2025-02-05T22:30:00Z,1.43084,1.43176,1.43084,1.43138,873
2025-02-05T23:00:00Z,1.43144,1.43169,1.43096,1.43134,879
2025-02-05T23:30:00Z,1.43134,1.43196,1.43126,1.43147,1150
2025-02-06T00:00:00Z,1.43148,1.43229,1.43113,1.43168,1735
2025-02-06T00:30:00Z,1.43170,1.43269,1.43151,1.43213,1837
2025-02-06T01:00:00Z,1.43210,1.43229,1.43162,1.43213,1987
2025-02-06T01:30:00Z,1.43213,1.43222,1.43133,1.43141,3006
2025-02-06T02:00:00Z,1.43140,1.43293,1.43137,1.43278,2024
2025-02-06T02:30:00Z,1.43278,1.43302,1.43259,1.43289,1773
2025-02-06T03:00:00Z,1.43289,1.43324,1.43268,1.43303,1667
2025-02-06T03:30:00Z,1.43303,1.43355,1.43290,1.43336,1896
2025-02-06T04:00:00Z,1.43337,1.43409,1.43314,1.43407,1597
2025-02-06T04:30:00Z,1.43407,1.43506,1.43394,1.43483,1692
2025-02-06T05:00:00Z,1.43482,1.43490,1.43390,1.43432,1763
2025-02-06T05:30:00Z,1.43433,1.43486,1.43433,1.43474,1253
2025-02-06T06:00:00Z,1.43475,1.43476,1.43411,1.43443,1808
2025-02-06T06:30:00Z,1.43443,1.43469,1.43400,1.43449,2311
2025-02-06T07:00:00Z,1.43450,1.43522,1.43427,1.43483,3001
2025-02-06T07:30:00Z,1.43484,1.43631,1.43469,1.43596,4254
2025-02-06T08:00:00Z,1.43594,1.43629,1.43500,1.43596,3831
2025-02-06T08:30:00Z,1.43589,1.43661,1.43564,1.43575,3775
2025-02-06T09:00:00Z,1.43576,1.43659,1.43542,1.43639,3188
2025-02-06T09:30:00Z,1.43642,1.43651,1.43536,1.43593,3593
2025-02-06T10:00:00Z,1.43591,1.43592,1.43473,1.43491,3617
2025-02-06T10:30:00Z,1.43490,1.43617,1.43484,1.43569,2950
2025-02-06T11:00:00Z,1.43569,1.43608,1.43489,1.43498,3225
2025-02-06T11:30:00Z,1.43498,1.43580,1.43486,1.43580,3763
2025-02-06T12:00:00Z,1.43580,1.43638,1.43500,1.43564,6305
2025-02-06T12:30:00Z,1.43564,1.43565,1.43447,1.43470,4325
2025-02-06T13:00:00Z,1.43472,1.43538,1.43439,1.43483,4096
2025-02-06T13:30:00Z,1.43482,1.43532,1.43410,1.43413,3807
2025-02-06T14:00:00Z,1.43411,1.43443,1.43355,1.43389,3508
2025-02-06T14:30:00Z,1.43389,1.43483,1.43280,1.43457,5433
2025-02-06T15:00:00Z,1.43457,1.43485,1.43260,1.43306,6175
2025-02-06T15:30:00Z,1.43305,1.43392,1.43202,1.43211,5928
2025-02-06T16:00:00Z,1.43210,1.43226,1.43031,1.43059,4680
2025-02-06T16:30:00Z,1.43059,1.43172,1.43043,1.43164,2672
2025-02-06T17:00:00Z,1.43163,1.43186,1.43060,1.43088,2660
2025-02-06T17:30:00Z,1.43088,1.43130,1.43088,1.43105,2034
2025-02-06T18:00:00Z,1.43105,1.43145,1.43008,1.43051,3833
2025-02-06T18:30:00Z,1.43051,1.43116,1.43020,1.43052,2510
2025-02-06T19:00:00Z,1.43052,1.43137,1.43045,1.43126,1625
2025-02-06T19:30:00Z,1.43124,1.43182,1.43097,1.43181,1970
2025-02-06T20:00:00Z,1.43182,1.43188,1.43113,1.43170,1463
2025-02-06T20:30:00Z,1.43168,1.43175,1.43029,1.43045,2358
2025-02-06T21:00:00Z,1.43049,1.43111,1.43021,1.43049,1238
2025-02-06T21:30:00Z,1.43049,1.43088,1.43010,1.43034,877
2025-02-06T22:00:00Z,1.43035,1.43096,1.43021,1.43040,174
2025-02-06T22:30:00Z,1.43041,1.43084,1.43031,1.43083,373
2025-02-06T23:00:00Z,1.43077,1.43103,1.43022,1.43060,783
2025-02-06T23:30:00Z,1.43057,1.43092,1.43054,1.43071,786
2025-02-07T00:00:00Z,1.43073,1.43106,1.43013,1.43088,1172
2025-02-07T00:30:00Z,1.43085,1.43179,1.43084,1.43157,1155
2025-02-07T01:00:00Z,1.43157,1.43164,1.43083,1.43093,2343
2025-02-07T01:30:00Z,1.43095,1.43130,1.43018,1.43049,2216
2025-02-07T02:00:00Z,1.43051,1.43064,1.43008,1.43019,2112
2025-02-07T02:30:00Z,1.43019,1.43084,1.43016,1.43051,2689
2025-02-07T03:00:00Z,1.43052,1.43102,1.43050,1.43081,1765
2025-02-07T03:30:00Z,1.43081,1.43180,1.43049,1.43168,2062
2025-02-07T04:00:00Z,1.43168,1.43260,1.43161,1.43208,1902
2025-02-07T04:30:00Z,1.43207,1.43228,1.43187,1.43196,1009
2025-02-07T05:00:00Z,1.43196,1.43241,1.43185,1.43211,1532
2025-02-07T05:30:00Z,1.43209,1.43255,1.43177,1.43245,1826
2025-02-07T06:00:00Z,1.43245,1.43253,1.43221,1.43229,2194
2025-02-07T06:30:00Z,1.43229,1.43239,1.43191,1.43192,1397
2025-02-07T07:00:00Z,1.43191,1.43208,1.43067,1.43084,2629
2025-02-07T07:30:00Z,1.43083,1.43159,1.43067,1.43135,2341
2025-02-07T08:00:00Z,1.43137,1.43137,1.43057,1.43114,3692
2025-02-07T08:30:00Z,1.43114,1.43126,1.43039,1.43065,3078
2025-02-07T09:00:00Z,1.43065,1.43126,1.43052,1.43114,3504
2025-02-07T09:30:00Z,1.43114,1.43127,1.43050,1.43113,2610
2025-02-07T10:00:00Z,1.43112,1.43218,1.43104,1.43207,2991
2025-02-07T10:30:00Z,1.43205,1.43269,1.43170,1.43239,2646
2025-02-07T11:00:00Z,1.43237,1.43289,1.43226,1.43264,2702
2025-02-07T11:30:00Z,1.43265,1.43359,1.43251,1.43315,3018
2025-02-07T12:00:00Z,1.43317,1.43427,1.43317,1.43427,3640
2025-02-07T12:30:00Z,1.43426,1.43434,1.43315,1.43369,3812
2025-02-07T13:00:00Z,1.43368,1.43443,1.43193,1.43196,5348
2025-02-07T13:30:00Z,1.43231,1.43239,1.42868,1.43045,13045
2025-02-07T14:00:00Z,1.43045,1.43115,1.42861,1.42863,6710
2025-02-07T14:30:00Z,1.42865,1.42976,1.42806,1.42866,5699
2025-02-07T15:00:00Z,1.42884,1.43003,1.42860,1.42927,10008
2025-02-07T15:30:00Z,1.42928,1.43392,1.42794,1.43009,13704
2025-02-07T16:00:00Z,1.43011,1.43278,1.42901,1.43184,19221
2025-02-07T16:30:00Z,1.43185,1.43248,1.43061,1.43115,8932
2025-02-07T17:00:00Z,1.43117,1.43321,1.42852,1.43068,13113
2025-02-07T17:30:00Z,1.43077,1.43086,1.42895,1.42921,5215
2025-02-07T18:00:00Z,1.42921,1.42934,1.42730,1.42769,3401
2025-02-07T18:30:00Z,1.42770,1.43007,1.42746,1.42980,3354
2025-02-07T19:00:00Z,1.42977,1.43006,1.42750,1.42768,2893
2025-02-07T19:30:00Z,1.42768,1.42884,1.42747,1.42830,2917
2025-02-07T20:00:00Z,1.42832,1.42953,1.42830,1.42941,2407
2025-02-07T20:30:00Z,1.42941,1.42976,1.42794,1.42806,2448
2025-02-07T21:00:00Z,1.42802,1.42864,1.42735,1.42856,1324
2025-02-07T21:30:00Z,1.42856,1.42966,1.42856,1.42862,1441
2025-02-09T22:00:00Z,1.43522,1.43757,1.43491,1.43679,765
2025-02-09T22:30:00Z,1.43678,1.43793,1.43577,1.43589,1261
2025-02-09T23:00:00Z,1.43587,1.43590,1.43306,1.43313,2410
2025-02-09T23:30:00Z,1.43313,1.43405,1.43300,1.43324,2591
2025-02-10T00:00:00Z,1.43322,1.43346,1.43222,1.43284,3022
2025-02-10T00:30:00Z,1.43285,1.43378,1.43262,1.43324,2747
2025-02-10T01:00:00Z,1.43322,1.43484,1.43273,1.43418,4483
2025-02-10T01:30:00Z,1.43417,1.43512,1.43416,1.43485,4700
2025-02-10T02:00:00Z,1.43485,1.43576,1.43424,1.43530,3888
2025-02-10T02:30:00Z,1.43530,1.43561,1.43480,1.43552,3249
2025-02-10T03:00:00Z,1.43551,1.43554,1.43439,1.43456,1972
2025-02-10T03:30:00Z,1.43457,1.43539,1.43426,1.43427,1766
2025-02-10T04:00:00Z,1.43426,1.43453,1.43377,1.43392,1956
2025-02-10T04:30:00Z,1.43391,1.43447,1.43381,1.43424,1488
2025-02-10T05:00:00Z,1.43424,1.43429,1.43364,1.43364,1656
2025-02-10T05:30:00Z,1.43364,1.43454,1.43354,1.43442,2212
2025-02-10T06:00:00Z,1.43441,1.43458,1.43396,1.43434,2363
2025-02-10T06:30:00Z,1.43435,1.43461,1.43348,1.43356,1921
2025-02-10T07:00:00Z,1.43355,1.43524,1.43304,1.43514,2507
2025-02-10T07:30:00Z,1.43512,1.43586,1.43456,1.43469,3030
2025-02-10T08:00:00Z,1.43468,1.43479,1.43312,1.43315,4719
2025-02-10T08:30:00Z,1.43315,1.43430,1.43315,1.43363,3738
2025-02-10T09:00:00Z,1.43365,1.43375,1.43147,1.43162,4589
2025-02-10T09:30:00Z,1.43162,1.43266,1.43148,1.43257,3191
2025-02-10T10:00:00Z,1.43258,1.43370,1.43258,1.43356,2262
2025-02-10T10:30:00Z,1.43354,1.43367,1.43275,1.43335,2196
2025-02-10T11:00:00Z,1.43336,1.43393,1.43262,1.43355,2557
2025-02-10T11:30:00Z,1.43356,1.43408,1.43333,1.43395,2193
2025-02-10T12:00:00Z,1.43396,1.43443,1.43375,1.43383,2978
2025-02-10T12:30:00Z,1.43383,1.43400,1.43343,1.43374,2686
2025-02-10T13:00:00Z,1.43375,1.43428,1.43332,1.43397,2365
2025-02-10T13:30:00Z,1.43396,1.43440,1.43339,1.43363,2482
2025-02-10T14:00:00Z,1.43363,1.43406,1.43317,1.43342,2895
2025-02-10T14:30:00Z,1.43340,1.43428,1.43230,1.43362,5116
2025-02-10T15:00:00Z,1.43361,1.43396,1.43221,1.43241,4044
2025-02-10T15:30:00Z,1.43240,1.43312,1.43190,1.43199,4636
2025-02-10T16:00:00Z,1.43199,1.43251,1.43135,1.43182,3900
2025-02-10T16:30:00Z,1.43182,1.43254,1.43161,1.43178,2898
2025-02-10T17:00:00Z,1.43176,1.43243,1.43132,1.43228,2417
2025-02-10T17:30:00Z,1.43227,1.43238,1.43150,1.43192,1866
2025-02-10T18:00:00Z,1.43192,1.43221,1.43150,1.43161,1964
2025-02-10T18:30:00Z,1.43161,1.43211,1.43100,1.43137,2116
2025-02-10T19:00:00Z,1.43137,1.43160,1.43081,1.43150,1596
2025-02-10T19:30:00Z,1.43149,1.43149,1.43048,1.43076,1507
2025-02-10T20:00:00Z,1.43077,1.43142,1.43061,1.43138,1344
2025-02-10T20:30:00Z,1.43136,1.43142,1.43077,1.43093,1291
2025-02-10T21:00:00Z,1.43092,1.43105,1.43075,1.43105,282
2025-02-10T21:30:00Z,1.43105,1.43170,1.43079,1.43142,964
2025-02-10T22:00:00Z,1.43116,1.43168,1.43040,1.43163,308
2025-02-10T22:30:00Z,1.43156,1.43380,1.43136,1.43288,1399
2025-02-10T23:00:00Z,1.43279,1.43379,1.43177,1.43341,2683
2025-02-10T23:30:00Z,1.43343,1.43386,1.43328,1.43386,931
2025-02-11T00:00:00Z,1.43381,1.43396,1.43334,1.43334,1134
2025-02-11T00:30:00Z,1.43334,1.43351,1.43308,1.43310,842
2025-02-11T01:00:00Z,1.43313,1.43320,1.43256,1.43299,1561
2025-02-11T01:30:00Z,1.43301,1.43350,1.43288,1.43344,1289
2025-02-11T02:00:00Z,1.43343,1.43378,1.43296,1.43350,2075
2025-02-11T02:30:00Z,1.43350,1.43400,1.43348,1.43389,2255
2025-02-11T03:00:00Z,1.43388,1.43401,1.43379,1.43392,2001
2025-02-11T03:30:00Z,1.43389,1.43389,1.43339,1.43339,1324
2025-02-11T04:00:00Z,1.43339,1.43346,1.43318,1.43323,1039
2025-02-11T04:30:00Z,1.43325,1.43343,1.43320,1.43343,797
2025-02-11T05:00:00Z,1.43342,1.43343,1.43313,1.43322,1157
2025-02-11T05:30:00Z,1.43321,1.43339,1.43287,1.43324,1603
2025-02-11T06:00:00Z,1.43323,1.43339,1.43260,1.43268,2050
2025-02-11T06:30:00Z,1.43267,1.43318,1.43259,1.43294,2110
2025-02-11T07:00:00Z,1.43294,1.43376,1.43279,1.43305,2598
2025-02-11T07:30:00Z,1.43304,1.43338,1.43260,1.43329,3282
2025-02-11T08:00:00Z,1.43330,1.43343,1.43240,1.43285,4084
2025-02-11T08:30:00Z,1.43286,1.43372,1.43278,1.43349,3811
2025-02-11T09:00:00Z,1.43350,1.43397,1.43307,1.43364,4119
2025-02-11T09:30:00Z,1.43365,1.43390,1.43326,1.43333,2858
2025-02-11T10:00:00Z,1.43333,1.43341,1.43299,1.43309,2497
2025-02-11T10:30:00Z,1.43311,1.43451,1.43310,1.43431,2834
2025-02-11T11:00:00Z,1.43431,1.43446,1.43393,1.43418,2384
2025-02-11T11:30:00Z,1.43417,1.43429,1.43262,1.43273,2806
2025-02-11T12:00:00Z,1.43274,1.43392,1.43205,1.43239,5265
2025-02-11T12:30:00Z,1.43239,1.43299,1.43206,1.43228,3231
2025-02-11T13:00:00Z,1.43228,1.43286,1.43192,1.43225,4260
2025-02-11T13:30:00Z,1.43224,1.43229,1.43077,1.43099,4170
2025-02-11T14:00:00Z,1.43099,1.43198,1.43085,1.43085,4376
2025-02-11T14:30:00Z,1.43086,1.43201,1.43077,1.43189,5407
2025-02-11T15:00:00Z,1.43189,1.43267,1.43132,1.43145,4657
2025-02-11T15:30:00Z,1.43140,1.43161,1.43083,1.43139,3698
2025-02-11T16:00:00Z,1.43138,1.43142,1.43028,1.43065,3711
2025-02-11T16:30:00Z,1.43064,1.43127,1.43016,1.43071,3469
2025-02-11T17:00:00Z,1.43074,1.43147,1.43023,1.43027,2548
2025-02-11T17:30:00Z,1.43027,1.43081,1.42996,1.43066,2027
2025-02-11T18:00:00Z,1.43066,1.43082,1.43025,1.43055,1672
2025-02-11T18:30:00Z,1.43053,1.43067,1.42960,1.43022,2926
2025-02-11T19:00:00Z,1.43023,1.43034,1.42946,1.42991,2634
2025-02-11T19:30:00Z,1.42992,1.42995,1.42786,1.42934,4729
2025-02-11T20:00:00Z,1.42933,1.42935,1.42852,1.42882,2554
2025-02-11T20:30:00Z,1.42883,1.42902,1.42792,1.42873,2751
2025-02-11T21:00:00Z,1.42875,1.42885,1.42844,1.42884,568
2025-02-11T21:30:00Z,1.42883,1.42943,1.42815,1.42821,1688
2025-02-11T22:00:00Z,1.42814,1.42849,1.42795,1.42848,352
2025-02-11T22:30:00Z,1.42848,1.42875,1.42817,1.42833,533
2025-02-11T23:00:00Z,1.42830,1.42861,1.42817,1.42854,921
2025-02-11T23:30:00Z,1.42854,1.42866,1.42815,1.42865,662
2025-02-12T00:00:00Z,1.42864,1.42900,1.42863,1.42895,618
2025-02-12T00:30:00Z,1.42895,1.42934,1.42895,1.42908,1381
2025-02-12T01:00:00Z,1.42909,1.42958,1.42909,1.42925,1618
2025-02-12T01:30:00Z,1.42926,1.42951,1.42865,1.42877,1757
2025-02-12T02:00:00Z,1.42877,1.42901,1.42841,1.42841,2334
2025-02-12T02:30:00Z,1.42840,1.42852,1.42791,1.42835,2472
2025-02-12T03:00:00Z,1.42836,1.42868,1.42823,1.42866,2073
2025-02-12T03:30:00Z,1.42868,1.42899,1.42857,1.42863,1558
2025-02-12T04:00:00Z,1.42864,1.42917,1.42860,1.42890,1203
2025-02-12T04:30:00Z,1.42888,1.42971,1.42885,1.42966,1780
2025-02-12T05:00:00Z,1.42966,1.42973,1.42953,1.42957,2095
2025-02-12T05:30:00Z,1.42956,1.42977,1.42944,1.42957,1666
2025-02-12T06:00:00Z,1.42957,1.42964,1.42924,1.42941,1898
2025-02-12T06:30:00Z,1.42944,1.42966,1.42933,1.42957,1718
2025-02-12T07:00:00Z,1.42957,1.42957,1.42895,1.42896,3419
2025-02-12T07:30:00Z,1.42896,1.42958,1.42856,1.42908,3275
2025-02-12T08:00:00Z,1.42906,1.42991,1.42863,1.42975,5537
2025-02-12T08:30:00Z,1.42978,1.43029,1.42955,1.43012,3325
2025-02-12T09:00:00Z,1.43013,1.43112,1.42995,1.43110,3328
2025-02-12T09:30:00Z,1.43111,1.43127,1.43075,1.43076,3204
2025-02-12T10:00:00Z,1.43077,1.43149,1.43060,1.43098,2982
2025-02-12T10:30:00Z,1.43099,1.43116,1.43062,1.43068,2563
2025-02-12T11:00:00Z,1.43070,1.43078,1.42928,1.42941,3623
2025-02-12T11:30:00Z,1.42943,1.42965,1.42889,1.42946,3062
2025-02-12T12:00:00Z,1.42949,1.43000,1.42927,1.42978,2860
2025-02-12T12:30:00Z,1.42979,1.43049,1.42956,1.43007,2455
2025-02-12T13:00:00Z,1.43008,1.43086,1.42922,1.43010,3884
2025-02-12T13:30:00Z,1.43004,1.43394,1.42991,1.43285,11532
2025-02-12T14:00:00Z,1.43285,1.43419,1.43219,1.43241,6848
2025-02-12T14:30:00Z,1.43240,1.43346,1.43177,1.43189,6404
2025-02-12T15:00:00Z,1.43192,1.43316,1.42853,1.43115,7719
2025-02-12T15:30:00Z,1.43115,1.43123,1.42914,1.42949,9871
2025-02-12T16:00:00Z,1.42948,1.43140,1.42911,1.43124,6975
2025-02-12T16:30:00Z,1.43125,1.43137,1.42837,1.42888,5249
2025-02-12T17:00:00Z,1.42888,1.42899,1.42702,1.42706,9138
2025-02-12T17:30:00Z,1.42705,1.42810,1.42550,1.42616,5400
2025-02-12T18:00:00Z,1.42614,1.42757,1.42586,1.42707,6305
2025-02-12T18:30:00Z,1.42705,1.42898,1.42702,1.42839,4653
2025-02-12T19:00:00Z,1.42839,1.42880,1.42815,1.42821,3254
2025-02-12T19:30:00Z,1.42820,1.42916,1.42816,1.42842,3056
2025-02-12T20:00:00Z,1.42840,1.42863,1.42793,1.42806,2458
2025-02-12T20:30:00Z,1.42804,1.42864,1.42791,1.42842,3516
2025-02-12T21:00:00Z,1.42842,1.42956,1.42834,1.42954,1907
2025-02-12T21:30:00Z,1.42953,1.43098,1.42948,1.43052,1758
2025-02-12T22:00:00Z,1.43052,1.43053,1.42964,1.43015,197
2025-02-12T22:30:00Z,1.43014,1.43038,1.42992,1.42993,231
2025-02-12T23:00:00Z,1.43001,1.43011,1.42979,1.43000,1110
2025-02-12T23:30:00Z,1.42999,1.43028,1.42997,1.42997,727
2025-02-13T00:00:00Z,1.42998,1.43014,1.42930,1.42961,1091
2025-02-13T00:30:00Z,1.42962,1.43008,1.42901,1.42981,1127
2025-02-13T01:00:00Z,1.42980,1.43008,1.42937,1.42949,2431
2025-02-13T01:30:00Z,1.42950,1.42954,1.42866,1.42879,2158
2025-02-13T02:00:00Z,1.42879,1.42902,1.42847,1.42849,2333
2025-02-13T02:30:00Z,1.42844,1.42861,1.42816,1.42847,3913
2025-02-13T03:00:00Z,1.42846,1.42854,1.42704,1.42733,3000
2025-02-13T03:30:00Z,1.42732,1.42750,1.42681,1.42682,2634
2025-02-13T04:00:00Z,1.42683,1.42702,1.42591,1.42667,2970
2025-02-13T04:30:00Z,1.42667,1.42680,1.42619,1.42626,2733
2025-02-13T05:00:00Z,1.42626,1.42629,1.42563,1.42572,2799
2025-02-13T05:30:00Z,1.42572,1.42602,1.42551,1.42584,2850
2025-02-13T06:00:00Z,1.42583,1.42599,1.42543,1.42579,2737
2025-02-13T06:30:00Z,1.42580,1.42638,1.42565,1.42617,2666
2025-02-13T07:00:00Z,1.42619,1.42715,1.42547,1.42714,3393
2025-02-13T07:30:00Z,1.42710,1.42744,1.42640,1.42701,4552
2025-02-13T08:00:00Z,1.42702,1.42854,1.42699,1.42832,6324
2025-02-13T08:30:00Z,1.42831,1.42957,1.42820,1.42935,4452
2025-02-13T09:00:00Z,1.42933,1.42993,1.42879,1.42953,3979
2025-02-13T09:30:00Z,1.42956,1.42970,1.42884,1.42909,2158
2025-02-13T10:00:00Z,1.42911,1.42920,1.42866,1.42891,1723
2025-02-13T10:30:00Z,1.42890,1.42976,1.42888,1.42898,2221
2025-02-13T11:00:00Z,1.42899,1.42923,1.42878,1.42909,2062
2025-02-13T11:30:00Z,1.42915,1.43032,1.42822,1.42938,4735
2025-02-13T12:00:00Z,1.42938,1.43027,1.42902,1.42927,4451
2025-02-13T12:30:00Z,1.42928,1.42964,1.42843,1.42843,2986
2025-02-13T13:00:00Z,1.42843,1.42876,1.42783,1.42820,3664
2025-02-13T13:30:00Z,1.42809,1.42918,1.42645,1.42847,7881
2025-02-13T14:00:00Z,1.42846,1.42893,1.42759,1.42829,4857
2025-02-13T14:30:00Z,1.42828,1.42842,1.42669,1.42686,6466
2025-02-13T15:00:00Z,1.42685,1.42685,1.42101,1.42180,11039
2025-02-13T15:30:00Z,1.42182,1.42300,1.42138,1.42216,7437
2025-02-13T16:00:00Z,1.42216,1.42243,1.42120,1.42150,4906
2025-02-13T16:30:00Z,1.42147,1.42311,1.42116,1.42303,4244
2025-02-13T17:00:00Z,1.42305,1.42352,1.42279,1.42302,2189
2025-02-13T17:30:00Z,1.42302,1.42446,1.42273,1.42433,2831
2025-02-13T18:00:00Z,1.42434,1.42533,1.42376,1.42410,5008
2025-02-13T18:30:00Z,1.42409,1.42625,1.42325,1.42399,10288
2025-02-13T19:00:00Z,1.42399,1.42410,1.42218,1.42319,5806
2025-02-13T19:30:00Z,1.42320,1.42358,1.42247,1.42307,3604
2025-02-13T20:00:00Z,1.42308,1.42328,1.42036,1.42058,3092
2025-02-13T20:30:00Z,1.42058,1.42092,1.41825,1.41873,3810
2025-02-13T21:00:00Z,1.41872,1.41998,1.41854,1.41958,1153
2025-02-13T21:30:00Z,1.41957,1.41997,1.41872,1.41905,1273
2025-02-13T22:00:00Z,1.41908,1.41950,1.41869,1.41915,162
2025-02-13T22:30:00Z,1.41915,1.41959,1.41863,1.41899,358
2025-02-13T23:00:00Z,1.41911,1.41954,1.41873,1.41931,2128
2025-02-13T23:30:00Z,1.41931,1.42005,1.41905,1.41922,1455
2025-02-14T00:00:00Z,1.41925,1.41998,1.41853,1.41903,2185
2025-02-14T00:30:00Z,1.41904,1.41983,1.41904,1.41934,2029
2025-02-14T01:00:00Z,1.41936,1.41945,1.41815,1.41846,3135
2025-02-14T01:30:00Z,1.41845,1.41896,1.41824,1.41887,3254
2025-02-14T02:00:00Z,1.41886,1.41896,1.41829,1.41882,3299
2025-02-14T02:30:00Z,1.41882,1.41905,1.41843,1.41863,2489
2025-02-14T03:00:00Z,1.41863,1.41907,1.41847,1.41854,2128
2025-02-14T03:30:00Z,1.41854,1.41857,1.41812,1.41820,1350
2025-02-14T04:00:00Z,1.41820,1.41848,1.41765,1.41833,1151
2025-02-14T04:30:00Z,1.41833,1.41847,1.41804,1.41833,1219
2025-02-14T05:00:00Z,1.41832,1.41881,1.41815,1.41881,1394
2025-02-14T05:30:00Z,1.41878,1.41912,1.41858,1.41866,2224
2025-02-14T06:00:00Z,1.41868,1.41885,1.41793,1.41845,2467
2025-02-14T06:30:00Z,1.41846,1.41846,1.41783,1.41811,2779
2025-02-14T07:00:00Z,1.41810,1.41810,1.41644,1.41704,4232
2025-02-14T07:30:00Z,1.41704,1.41738,1.41633,1.41662,2938
2025-02-14T08:00:00Z,1.41662,1.41696,1.41563,1.41655,5262
2025-02-14T08:30:00Z,1.41654,1.41689,1.41602,1.41680,4524
2025-02-14T09:00:00Z,1.41680,1.41718,1.41598,1.41618,4210
2025-02-14T09:30:00Z,1.41617,1.41695,1.41588,1.41670,2931
2025-02-14T10:00:00Z,1.41671,1.41768,1.41647,1.41768,3641
2025-02-14T10:30:00Z,1.41769,1.41842,1.41751,1.41826,3513
2025-02-14T11:00:00Z,1.41824,1.41868,1.41808,1.41856,3641
2025-02-14T11:30:00Z,1.41856,1.41910,1.41770,1.41824,3964
2025-02-14T12:00:00Z,1.41825,1.41891,1.41752,1.41778,4846
2025-02-14T12:30:00Z,1.41778,1.41817,1.41732,1.41734,4262
2025-02-14T13:00:00Z,1.41731,1.41800,1.41677,1.41751,5017
2025-02-14T13:30:00Z,1.41751,1.41751,1.41547,1.41642,6826
2025-02-14T14:00:00Z,1.41642,1.41652,1.41518,1.41580,4140
2025-02-14T14:30:00Z,1.41579,1.41631,1.41503,1.41527,5827
2025-02-14T15:00:00Z,1.41527,1.41654,1.41523,1.41637,5565
2025-02-14T15:30:00Z,1.41639,1.41695,1.41594,1.41664,5975
2025-02-14T16:00:00Z,1.41665,1.41755,1.41638,1.41678,4921
2025-02-14T16:30:00Z,1.41679,1.41772,1.41668,1.41726,3210
2025-02-14T17:00:00Z,1.41725,1.41780,1.41720,1.41733,2420
2025-02-14T17:30:00Z,1.41733,1.41763,1.41636,1.41645,2576
2025-02-14T18:00:00Z,1.41646,1.41691,1.41625,1.41680,1963
2025-02-14T18:30:00Z,1.41679,1.41702,1.41640,1.41652,1559
2025-02-14T19:00:00Z,1.41651,1.41664,1.41597,1.41630,1743
2025-02-14T19:30:00Z,1.41629,1.41682,1.41567,1.41594,2029
2025-02-14T20:00:00Z,1.41596,1.41683,1.41593,1.41672,1509
2025-02-14T20:30:00Z,1.41673,1.41728,1.41650,1.41718,2183
2025-02-14T21:00:00Z,1.41717,1.41726,1.41661,1.41717,711
2025-02-14T21:30:00Z,1.41715,1.41862,1.41680,1.41803,1643
2025-02-16T22:00:00Z,1.41682,1.41762,1.41682,1.41762,184
2025-02-16T22:30:00Z,1.41762,1.41766,1.41762,1.41762,612
2025-02-16T23:00:00Z,1.41762,1.41891,1.41762,1.41876,2736
2025-02-16T23:30:00Z,1.41881,1.41884,1.41806,1.41807,2246
2025-02-17T00:00:00Z,1.41812,1.41835,1.41740,1.41774,2445
2025-02-17T00:30:00Z,1.41773,1.41774,1.41703,1.41720,2478
2025-02-17T01:00:00Z,1.41718,1.41757,1.41638,1.41677,2995
2025-02-17T01:30:00Z,1.41678,1.41687,1.41590,1.41601,3537
2025-02-17T02:00:00Z,1.41602,1.41745,1.41601,1.41692,3766
2025-02-17T02:30:00Z,1.41691,1.41725,1.41651,1.41653,2744
2025-02-17T03:00:00Z,1.41653,1.41730,1.41619,1.41690,2841
2025-02-17T03:30:00Z,1.41689,1.41712,1.41649,1.41709,2478
2025-02-17T04:00:00Z,1.41708,1.41740,1.41679,1.41689,2153
2025-02-17T04:30:00Z,1.41688,1.41702,1.41634,1.41660,1795
2025-02-17T05:00:00Z,1.41660,1.41693,1.41617,1.41652,2928
2025-02-17T05:30:00Z,1.41652,1.41746,1.41652,1.41731,3173
2025-02-17T06:00:00Z,1.41731,1.41815,1.41717,1.41788,2595
2025-02-17T06:30:00Z,1.41789,1.41803,1.41721,1.41742,2933
2025-02-17T07:00:00Z,1.41741,1.41797,1.41707,1.41797,2667
2025-02-17T07:30:00Z,1.41802,1.41851,1.41769,1.41837,3264
2025-02-17T08:00:00Z,1.41837,1.41887,1.41811,1.41882,5081
2025-02-17T08:30:00Z,1.41883,1.41925,1.41846,1.41921,2417
2025-02-17T09:00:00Z,1.41918,1.41928,1.41855,1.41872,2306
2025-02-17T09:30:00Z,1.41872,1.41936,1.41869,1.41899,2653
2025-02-17T10:00:00Z,1.41899,1.41906,1.41834,1.41891,3065
2025-02-17T10:30:00Z,1.41890,1.41927,1.41863,1.41912,2475
2025-02-17T11:00:00Z,1.41912,1.41935,1.41861,1.41925,1903
2025-02-17T11:30:00Z,1.41924,1.41924,1.41855,1.41855,1853
2025-02-17T12:00:00Z,1.41853,1.41898,1.41825,1.41851,2868
2025-02-17T12:30:00Z,1.41852,1.41917,1.41831,1.41883,2529
2025-02-17T13:00:00Z,1.41883,1.41926,1.41853,1.41906,2021
2025-02-17T13:30:00Z,1.41907,1.41909,1.41809,1.41883,2579
2025-02-17T14:00:00Z,1.41884,1.41918,1.41851,1.41890,1792
2025-02-17T14:30:00Z,1.41890,1.41900,1.41845,1.41848,1940
2025-02-17T15:00:00Z,1.41849,1.41889,1.41836,1.41862,2061
2025-02-17T15:30:00Z,1.41862,1.41878,1.41811,1.41868,2958
2025-02-17T16:00:00Z,1.41868,1.41892,1.41802,1.41803,1501
2025-02-17T16:30:00Z,1.41802,1.41862,1.41786,1.41852,775
2025-02-17T17:00:00Z,1.41853,1.41863,1.41819,1.41845,875
2025-02-17T17:30:00Z,1.41847,1.41863,1.41822,1.41826,557
2025-02-17T18:00:00Z,1.41827,1.41846,1.41813,1.41814,525
2025-02-17T18:30:00Z,1.41815,1.41834,1.41814,1.41823,396
2025-02-17T19:00:00Z,1.41825,1.41878,1.41824,1.41877,672
2025-02-17T19:30:00Z,1.41878,1.41878,1.41836,1.41838,520
2025-02-17T20:00:00Z,1.41839,1.41843,1.41835,1.41840,300
2025-02-17T20:30:00Z,1.41839,1.41848,1.41810,1.41817,459
2025-02-17T21:00:00Z,1.41820,1.41854,1.41820,1.41827,542
2025-02-17T21:30:00Z,1.41828,1.41834,1.41769,1.41805,766
2025-02-17T22:00:00Z,1.41596,1.41783,1.41596,1.41776,116
2025-02-17T22:30:00Z,1.41777,1.41932,1.41777,1.41854,568
2025-02-17T23:00:00Z,1.41853,1.41898,1.41823,1.41874,682
2025-02-17T23:30:00Z,1.41874,1.41879,1.41843,1.41845,460
2025-02-18T00:00:00Z,1.41846,1.41920,1.41817,1.41904,950
2025-02-18T00:30:00Z,1.41903,1.41952,1.41891,1.41942,1731
2025-02-18T01:00:00Z,1.41941,1.42017,1.41935,1.42015,2842
2025-02-18T01:30:00Z,1.42015,1.42061,1.41983,1.41991,4040
2025-02-18T02:00:00Z,1.41989,1.42005,1.41943,1.41956,2863
2025-02-18T02:30:00Z,1.41954,1.41955,1.41892,1.41926,3595
2025-02-18T03:00:00Z,1.41925,1.41971,1.41895,1.41967,2747
2025-02-18T03:30:00Z,1.41967,1.41999,1.41878,1.41987,5202
2025-02-18T04:00:00Z,1.41986,1.42031,1.41984,1.42028,2236
2025-02-18T04:30:00Z,1.42027,1.42078,1.42000,1.42058,2886
2025-02-18T05:00:00Z,1.42056,1.42076,1.42035,1.42071,2124
2025-02-18T05:30:00Z,1.42069,1.42078,1.42033,1.42034,3035
2025-02-18T06:00:00Z,1.42037,1.42050,1.42005,1.42039,2700
2025-02-18T06:30:00Z,1.42038,1.42074,1.41976,1.41977,2574
2025-02-18T07:00:00Z,1.41977,1.41986,1.41815,1.41885,3126
2025-02-18T07:30:00Z,1.41885,1.41951,1.41865,1.41936,2379
2025-02-18T08:00:00Z,1.41939,1.41977,1.41840,1.41885,3741
2025-02-18T08:30:00Z,1.41885,1.41946,1.41807,1.41925,5150
2025-02-18T09:00:00Z,1.41924,1.41936,1.41882,1.41915,4046
2025-02-18T09:30:00Z,1.41916,1.41927,1.41878,1.41907,2681
2025-02-18T10:00:00Z,1.41908,1.41939,1.41855,1.41924,3007
2025-02-18T10:30:00Z,1.41925,1.41947,1.41878,1.41936,2807
2025-02-18T11:00:00Z,1.41936,1.41949,1.41822,1.41824,3533
2025-02-18T11:30:00Z,1.41822,1.41874,1.41792,1.41857,1793
2025-02-18T12:00:00Z,1.41856,1.42033,1.41830,1.42002,3647
2025-02-18T12:30:00Z,1.42002,1.42060,1.41956,1.41976,3298
2025-02-18T13:00:00Z,1.41976,1.42123,1.41976,1.42049,4137
2025-02-18T13:30:00Z,1.42049,1.42084,1.41865,1.42045,5617
2025-02-18T14:00:00Z,1.42042,1.42070,1.41945,1.41968,4045
2025-02-18T14:30:00Z,1.41967,1.42109,1.41948,1.41969,5970
2025-02-18T15:00:00Z,1.41968,1.41989,1.41824,1.41893,4790
2025-02-18T15:30:00Z,1.41893,1.41920,1.41845,1.41880,4458
2025-02-18T16:00:00Z,1.41879,1.41950,1.41872,1.41888,4310
2025-02-18T16:30:00Z,1.41889,1.41970,1.41878,1.41894,3652
2025-02-18T17:00:00Z,1.41894,1.41959,1.41884,1.41894,2714
2025-02-18T17:30:00Z,1.41893,1.41949,1.41893,1.41928,2871
2025-02-18T18:00:00Z,1.41927,1.41936,1.41877,1.41878,2583
2025-02-18T18:30:00Z,1.41879,1.41932,1.41848,1.41851,2109
2025-02-18T19:00:00Z,1.41855,1.41910,1.41837,1.41862,2406
2025-02-18T19:30:00Z,1.41870,1.41892,1.41854,1.41878,2097
2025-02-18T20:00:00Z,1.41878,1.41903,1.41848,1.41869,1719
2025-02-18T20:30:00Z,1.41867,1.41897,1.41828,1.41874,1939
2025-02-18T21:00:00Z,1.41873,1.41922,1.41833,1.41870,1297
2025-02-18T21:30:00Z,1.41867,1.41971,1.41854,1.41928,1540
2025-02-18T22:00:00Z,1.41974,1.41979,1.41851,1.41905,287
2025-02-18T22:30:00Z,1.41920,1.41924,1.41867,1.41904,1236
2025-02-18T23:00:00Z,1.41897,1.41922,1.41879,1.41913,964
2025-02-18T23:30:00Z,1.41913,1.41916,1.41888,1.41896,1044
2025-02-19T00:00:00Z,1.41896,1.41955,1.41891,1.41895,2044
2025-02-19T00:30:00Z,1.41901,1.41965,1.41882,1.41964,2411
2025-02-19T01:00:00Z,1.41963,1.41980,1.41911,1.41950,3952
2025-02-19T01:30:00Z,1.41949,1.41974,1.41839,1.41840,4575
2025-02-19T02:00:00Z,1.41841,1.41918,1.41838,1.41864,4560
2025-02-19T02:30:00Z,1.41862,1.41891,1.41807,1.41810,2647
2025-02-19T03:00:00Z,1.41809,1.41850,1.41809,1.41837,2397
2025-02-19T03:30:00Z,1.41837,1.41860,1.41792,1.41801,2085
2025-02-19T04:00:00Z,1.41799,1.41835,1.41799,1.41830,1260
2025-02-19T04:30:00Z,1.41828,1.41849,1.41794,1.41801,956
2025-02-19T05:00:00Z,1.41800,1.41824,1.41794,1.41819,1513
2025-02-19T05:30:00Z,1.41818,1.41820,1.41793,1.41797,1577
2025-02-19T06:00:00Z,1.41797,1.41805,1.41751,1.41767,2120
2025-02-19T06:30:00Z,1.41767,1.41801,1.41762,1.41801,3076
2025-02-19T07:00:00Z,1.41800,1.41832,1.41779,1.41818,2637
2025-02-19T07:30:00Z,1.41817,1.41854,1.41750,1.41853,2613
2025-02-19T08:00:00Z,1.41852,1.41931,1.41836,1.41911,3823
2025-02-19T08:30:00Z,1.41912,1.41930,1.41850,1.41925,3537
2025-02-19T09:00:00Z,1.41923,1.41952,1.41890,1.41902,2901
2025-02-19T09:30:00Z,1.41901,1.41995,1.41895,1.41991,2411
2025-02-19T10:00:00Z,1.41991,1.42048,1.41981,1.42040,2501
2025-02-19T10:30:00Z,1.42040,1.42066,1.42022,1.42042,2134
2025-02-19T11:00:00Z,1.42041,1.42052,1.42009,1.42045,3038
2025-02-19T11:30:00Z,1.42045,1.42107,1.42031,1.42093,2807
2025-02-19T12:00:00Z,1.42093,1.42160,1.42076,1.42143,3812
2025-02-19T12:30:00Z,1.42146,1.42212,1.42087,1.42096,3265
2025-02-19T13:00:00Z,1.42095,1.42142,1.41980,1.41991,4367
2025-02-19T13:30:00Z,1.41991,1.42042,1.41952,1.41980,5612
2025-02-19T14:00:00Z,1.41980,1.42034,1.41915,1.42013,4700
2025-02-19T14:30:00Z,1.42012,1.42121,1.42002,1.42054,8087
2025-02-19T15:00:00Z,1.42053,1.42098,1.42022,1.42069,6485
2025-02-19T15:30:00Z,1.42070,1.42209,1.41974,1.42205,7138
2025-02-19T16:00:00Z,1.42204,1.42301,1.42175,1.42240,6401
2025-02-19T16:30:00Z,1.42240,1.42383,1.42172,1.42363,4864
2025-02-19T17:00:00Z,1.42359,1.42381,1.42281,1.42316,3182
2025-02-19T17:30:00Z,1.42317,1.42403,1.42302,1.42366,2916
2025-02-19T18:00:00Z,1.42365,1.42450,1.42354,1.42447,3607
2025-02-19T18:30:00Z,1.42448,1.42450,1.42350,1.42377,2502
2025-02-19T19:00:00Z,1.42387,1.42414,1.42232,1.42263,3928
2025-02-19T19:30:00Z,1.42262,1.42361,1.42262,1.42306,4816
2025-02-19T20:00:00Z,1.42307,1.42368,1.42295,1.42356,3087
2025-02-19T20:30:00Z,1.42355,1.42369,1.42239,1.42252,3499
2025-02-19T21:00:00Z,1.42256,1.42294,1.42245,1.42279,950
2025-02-19T21:30:00Z,1.42279,1.42401,1.42271,1.42271,1370
2025-02-19T22:00:00Z,1.42308,1.42318,1.42233,1.42316,748
2025-02-19T22:30:00Z,1.42323,1.42380,1.42315,1.42333,442
2025-02-19T23:00:00Z,1.42334,1.42414,1.42333,1.42408,1080
2025-02-19T23:30:00Z,1.42411,1.42431,1.42400,1.42406,870
2025-02-20T00:00:00Z,1.42407,1.42435,1.42345,1.42348,2101
2025-02-20T00:30:00Z,1.42347,1.42361,1.42248,1.42266,3160
2025-02-20T01:00:00Z,1.42266,1.42301,1.42236,1.42298,2964
2025-02-20T01:30:00Z,1.42298,1.42436,1.42280,1.42409,3855
2025-02-20T02:00:00Z,1.42409,1.42442,1.42289,1.42332,4353
2025-02-20T02:30:00Z,1.42333,1.42349,1.42202,1.42222,5953
2025-02-20T03:00:00Z,1.42222,1.42291,1.42215,1.42277,3738
2025-02-20T03:30:00Z,1.42278,1.42286,1.42197,1.42219,3573
2025-02-20T04:00:00Z,1.42219,1.42248,1.42209,1.42226,2278
2025-02-20T04:30:00Z,1.42228,1.42279,1.42227,1.42247,2667
2025-02-20T05:00:00Z,1.42246,1.42249,1.42198,1.42243,2811
2025-02-20T05:30:00Z,1.42244,1.42273,1.42226,1.42261,2609
2025-02-20T06:00:00Z,1.42262,1.42267,1.42156,1.42179,3444
2025-02-20T06:30:00Z,1.42179,1.42256,1.42155,1.42250,4287
2025-02-20T07:00:00Z,1.42253,1.42287,1.42168,1.42231,3355
2025-02-20T07:30:00Z,1.42230,1.42297,1.42215,1.42266,3200
2025-02-20T08:00:00Z,1.42266,1.42268,1.42123,1.42138,6056
2025-02-20T08:30:00Z,1.42137,1.42231,1.42116,1.42152,4644
2025-02-20T09:00:00Z,1.42152,1.42167,1.42106,1.42156,3727
2025-02-20T09:30:00Z,1.42156,1.42189,1.42096,1.42108,3346
2025-02-20T10:00:00Z,1.42110,1.42141,1.42068,1.42098,3343
2025-02-20T10:30:00Z,1.42097,1.42098,1.42053,1.42056,3600
2025-02-20T11:00:00Z,1.42058,1.42127,1.42032,1.42127,2802
2025-02-20T11:30:00Z,1.42126,1.42184,1.42117,1.42138,3142
2025-02-20T12:00:00Z,1.42139,1.42181,1.42105,1.42175,4250
2025-02-20T12:30:00Z,1.42176,1.42228,1.42126,1.42221,3918
2025-02-20T13:00:00Z,1.42221,1.42222,1.42007,1.42020,4698
2025-02-20T13:30:00Z,1.42016,1.42108,1.41961,1.42059,5650
2025-02-20T14:00:00Z,1.42060,1.42133,1.41957,1.41958,5578
2025-02-20T14:30:00Z,1.41955,1.42018,1.41856,1.41995,6725
2025-02-20T15:00:00Z,1.41997,1.42059,1.41829,1.41874,6719
2025-02-20T15:30:00Z,1.41874,1.41956,1.41827,1.41896,7227
2025-02-20T16:00:00Z,1.41895,1.42007,1.41883,1.41987,4740
2025-02-20T16:30:00Z,1.41986,1.41988,1.41902,1.41957,3271
2025-02-20T17:00:00Z,1.41959,1.41992,1.41805,1.41834,3441
2025-02-20T17:30:00Z,1.41834,1.41868,1.41765,1.41853,3092
2025-02-20T18:00:00Z,1.41860,1.41890,1.41743,1.41766,2848
2025-02-20T18:30:00Z,1.41764,1.41768,1.41701,1.41766,2541
2025-02-20T19:00:00Z,1.41767,1.41872,1.41735,1.41836,2535
2025-02-20T19:30:00Z,1.41836,1.41847,1.41709,1.41741,2625
2025-02-20T20:00:00Z,1.41739,1.41767,1.41709,1.41734,1781
2025-02-20T20:30:00Z,1.41733,1.41754,1.41658,1.41720,2425
2025-02-20T21:00:00Z,1.41722,1.41766,1.41688,1.41729,835
2025-02-20T21:30:00Z,1.41730,1.41774,1.41674,1.41690,1113
2025-02-20T22:00:00Z,1.41722,1.41790,1.41722,1.41750,277
2025-02-20T22:30:00Z,1.41752,1.41802,1.41746,1.41764,1556
2025-02-20T23:00:00Z,1.41769,1.41796,1.41672,1.41707,1468
2025-02-20T23:30:00Z,1.41707,1.41747,1.41689,1.41745,1102
2025-02-21T00:00:00Z,1.41747,1.41811,1.41722,1.41794,2089
2025-02-21T00:30:00Z,1.41792,1.41820,1.41779,1.41797,2064
2025-02-21T01:00:00Z,1.41806,1.41844,1.41781,1.41836,3417
2025-02-21T01:30:00Z,1.41835,1.41876,1.41813,1.41855,4738
2025-02-21T02:00:00Z,1.41855,1.41857,1.41714,1.41785,5281
2025-02-21T02:30:00Z,1.41787,1.41796,1.41676,1.41705,4626
2025-02-21T03:00:00Z,1.41705,1.41751,1.41699,1.41710,3606
2025-02-21T03:30:00Z,1.41711,1.41740,1.41709,1.41711,3101
2025-02-21T04:00:00Z,1.41710,1.41722,1.41692,1.41697,1430
2025-02-21T04:30:00Z,1.41696,1.41740,1.41684,1.41729,1607
2025-02-21T05:00:00Z,1.41730,1.41776,1.41718,1.41760,2717
2025-02-21T05:30:00Z,1.41760,1.41809,1.41744,1.41783,4891
2025-02-21T06:00:00Z,1.41783,1.41836,1.41763,1.41814,3896
2025-02-21T06:30:00Z,1.41819,1.41828,1.41765,1.41814,2900
2025-02-21T07:00:00Z,1.41816,1.41862,1.41763,1.41862,3118
2025-02-21T07:30:00Z,1.41861,1.41938,1.41833,1.41852,3855
2025-02-21T08:00:00Z,1.41852,1.41921,1.41795,1.41848,7377
2025-02-21T08:30:00Z,1.41846,1.41934,1.41795,1.41931,5668
2025-02-21T09:00:00Z,1.41929,1.41974,1.41886,1.41955,5181
2025-02-21T09:30:00Z,1.41955,1.41988,1.41908,1.41964,3774
2025-02-21T10:00:00Z,1.41962,1.41963,1.41891,1.41898,2891
2025-02-21T10:30:00Z,1.41897,1.41963,1.41897,1.41960,2484
2025-02-21T11:00:00Z,1.41962,1.41972,1.41902,1.41919,2567
2025-02-21T11:30:00Z,1.41922,1.41968,1.41895,1.41956,2396
2025-02-21T12:00:00Z,1.41956,1.41978,1.41905,1.41915,2951
2025-02-21T12:30:00Z,1.41915,1.42000,1.41907,1.41969,3045
2025-02-21T13:00:00Z,1.41970,1.41976,1.41880,1.41892,4504
2025-02-21T13:30:00Z,1.41893,1.41893,1.41730,1.41762,5931
2025-02-21T14:00:00Z,1.41764,1.41884,1.41757,1.41799,5268
2025-02-21T14:30:00Z,1.41800,1.41867,1.41713,1.41798,5843
2025-02-21T15:00:00Z,1.41799,1.42028,1.41796,1.42028,7847
2025-02-21T15:30:00Z,1.42029,1.42080,1.41985,1.42025,8780
2025-02-21T16:00:00Z,1.42024,1.42081,1.41994,1.42057,5199
2025-02-21T16:30:00Z,1.42056,1.42057,1.41964,1.41967,4179
2025-02-21T17:00:00Z,1.41967,1.42019,1.41924,1.41993,5063
2025-02-21T17:30:00Z,1.41991,1.42196,1.41991,1.42176,4549
2025-02-21T18:00:00Z,1.42176,1.42294,1.42168,1.42280,7192
2025-02-21T18:30:00Z,1.42281,1.42301,1.42207,1.42250,4470
2025-02-21T19:00:00Z,1.42251,1.42292,1.42179,1.42284,4594
2025-02-21T19:30:00Z,1.42285,1.42348,1.42228,1.42289,4386
2025-02-21T20:00:00Z,1.42291,1.42311,1.42259,1.42274,4748
2025-02-21T20:30:00Z,1.42272,1.42318,1.42260,1.42283,4200
2025-02-21T21:00:00Z,1.42280,1.42323,1.42248,1.42313,1861
2025-02-21T21:30:00Z,1.42315,1.42357,1.42178,1.42189,1904
2025-02-23T22:00:00Z,1.42197,1.42239,1.42157,1.42197,344
2025-02-23T22:30:00Z,1.42196,1.42255,1.42164,1.42196,909
2025-02-23T23:00:00Z,1.42215,1.42231,1.42044,1.42056,2153
2025-02-23T23:30:00Z,1.42053,1.42140,1.42053,1.42101,2188
2025-02-24T00:00:00Z,1.42101,1.42127,1.41995,1.42007,5174
2025-02-24T00:30:00Z,1.42005,1.42046,1.41976,1.42000,4032
2025-02-24T01:00:00Z,1.41999,1.42040,1.41971,1.42024,5494
2025-02-24T01:30:00Z,1.42022,1.42076,1.41932,1.41957,5598
2025-02-24T02:00:00Z,1.41956,1.41966,1.41914,1.41925,4083
2025-02-24T02:30:00Z,1.41925,1.41930,1.41826,1.41865,4187
2025-02-24T03:00:00Z,1.41864,1.41874,1.41814,1.41867,3315
2025-02-24T03:30:00Z,1.41868,1.41885,1.41832,1.41850,2317
2025-02-24T04:00:00Z,1.41850,1.41922,1.41841,1.41919,1617
2025-02-24T04:30:00Z,1.41919,1.41925,1.41900,1.41913,1289
2025-02-24T05:00:00Z,1.41913,1.41952,1.41889,1.41914,3683
2025-02-24T05:30:00Z,1.41914,1.41944,1.41885,1.41936,2446
2025-02-24T06:00:00Z,1.41935,1.41978,1.41932,1.41938,3230
2025-02-24T06:30:00Z,1.41938,1.41997,1.41912,1.41924,2992
2025-02-24T07:00:00Z,1.41924,1.41926,1.41833,1.41874,4262
2025-02-24T07:30:00Z,1.41874,1.41981,1.41832,1.41927,4774
2025-02-24T08:00:00Z,1.41927,1.42118,1.41918,1.42050,5343
2025-02-24T08:30:00Z,1.42049,1.42107,1.41968,1.42009,4831
2025-02-24T09:00:00Z,1.42010,1.42051,1.41945,1.42041,5882
2025-02-24T09:30:00Z,1.42044,1.42159,1.42040,1.42112,3070
2025-02-24T10:00:00Z,1.42113,1.42169,1.42099,1.42132,4488
2025-02-24T10:30:00Z,1.42133,1.42184,1.42121,1.42134,3168
2025-02-24T11:00:00Z,1.42135,1.42171,1.42118,1.42165,3183
2025-02-24T11:30:00Z,1.42166,1.42204,1.42087,1.42135,3524
2025-02-24T12:00:00Z,1.42135,1.42145,1.42060,1.42114,3568
2025-02-24T12:30:00Z,1.42115,1.42189,1.42107,1.42116,3168
2025-02-24T13:00:00Z,1.42115,1.42204,1.42088,1.42194,4184
2025-02-24T13:30:00Z,1.42194,1.42232,1.42102,1.42159,4807
2025-02-24T14:00:00Z,1.42160,1.42182,1.42079,1.42168,4967
2025-02-24T14:30:00Z,1.42168,1.42443,1.42165,1.42439,8589
2025-02-24T15:00:00Z,1.42439,1.42440,1.42215,1.42287,9116
2025-02-24T15:30:00Z,1.42286,1.42395,1.42241,1.42349,10047
2025-02-24T16:00:00Z,1.42348,1.42392,1.42216,1.42298,5816
2025-02-24T16:30:00Z,1.42300,1.42300,1.42195,1.42240,4470
2025-02-24T17:00:00Z,1.42241,1.42313,1.42174,1.42206,4503
2025-02-24T17:30:00Z,1.42206,1.42241,1.42149,1.42241,3041
2025-02-24T18:00:00Z,1.42242,1.42250,1.42064,1.42071,3563
2025-02-24T18:30:00Z,1.42072,1.42186,1.42072,1.42165,2523
2025-02-24T19:00:00Z,1.42165,1.42231,1.42123,1.42216,2513
2025-02-24T19:30:00Z,1.42215,1.42304,1.42187,1.42280,2693
2025-02-24T20:00:00Z,1.42279,1.42544,1.42248,1.42523,5709
2025-02-24T20:30:00Z,1.42526,1.42674,1.42473,1.42624,5029
2025-02-24T21:00:00Z,1.42628,1.42673,1.42564,1.42649,1624
2025-02-24T21:30:00Z,1.42649,1.42671,1.42561,1.42561,1486
2025-02-24T22:00:00Z,1.42549,1.42594,1.42499,1.42586,137
2025-02-24T22:30:00Z,1.42587,1.42619,1.42587,1.42591,225
2025-02-24T23:00:00Z,1.42599,1.42710,1.42591,1.42673,1249
2025-02-24T23:30:00Z,1.42668,1.42786,1.42650,1.42774,1982
2025-02-25T00:00:00Z,1.42773,1.42783,1.42692,1.42754,3119
2025-02-25T00:30:00Z,1.42753,1.42754,1.42692,1.42701,2612
2025-02-25T01:00:00Z,1.42703,1.42705,1.42615,1.42656,3944
2025-02-25T01:30:00Z,1.42654,1.42692,1.42620,1.42624,4011
2025-02-25T02:00:00Z,1.42624,1.42654,1.42527,1.42548,3259
2025-02-25T02:30:00Z,1.42547,1.42547,1.42453,1.42454,4008
2025-02-25T03:00:00Z,1.42453,1.42525,1.42391,1.42514,3165
2025-02-25T03:30:00Z,1.42515,1.42515,1.42440,1.42493,1782
2025-02-25T04:00:00Z,1.42493,1.42504,1.42413,1.42419,1523
2025-02-25T04:30:00Z,1.42421,1.42520,1.42414,1.42518,2057
2025-02-25T05:00:00Z,1.42517,1.42533,1.42482,1.42491,2644
2025-02-25T05:30:00Z,1.42490,1.42498,1.42443,1.42445,2935
2025-02-25T06:00:00Z,1.42446,1.42495,1.42439,1.42493,2699
2025-02-25T06:30:00Z,1.42495,1.42589,1.42491,1.42531,1839
2025-02-25T07:00:00Z,1.42532,1.42655,1.42530,1.42617,2983
2025-02-25T07:30:00Z,1.42616,1.42702,1.42585,1.42687,4185
2025-02-25T08:00:00Z,1.42689,1.42740,1.42532,1.42620,6179
2025-02-25T08:30:00Z,1.42619,1.42701,1.42548,1.42597,5136
2025-02-25T09:00:00Z,1.42599,1.42606,1.42519,1.42555,4627
2025-02-25T09:30:00Z,1.42554,1.42673,1.42534,1.42668,3847
2025-02-25T10:00:00Z,1.42668,1.42712,1.42661,1.42679,2676
2025-02-25T10:30:00Z,1.42678,1.42702,1.42639,1.42673,2679
2025-02-25T11:00:00Z,1.42674,1.42677,1.42555,1.42608,3038
2025-02-25T11:30:00Z,1.42607,1.42615,1.42429,1.42465,4256
2025-02-25T12:00:00Z,1.42466,1.42531,1.42448,1.42516,4532
2025-02-25T12:30:00Z,1.42517,1.42677,1.42516,1.42658,3073
2025-02-25T13:00:00Z,1.42659,1.42686,1.42566,1.42647,6353
2025-02-25T13:30:00Z,1.42647,1.42650,1.42537,1.42614,5347
2025-02-25T14:00:00Z,1.42615,1.42679,1.42509,1.42534,6580
2025-02-25T14:30:00Z,1.42535,1.42671,1.42515,1.42638,7694
2025-02-25T15:00:00Z,1.42638,1.42852,1.42628,1.42793,8650
2025-02-25T15:30:00Z,1.42793,1.42950,1.42770,1.42938,8946
2025-02-25T16:00:00Z,1.42938,1.43095,1.42879,1.43050,7261
2025-02-25T16:30:00Z,1.43050,1.43131,1.42976,1.43002,6174
2025-02-25T17:00:00Z,1.43005,1.43160,1.42998,1.43032,4907
2025-02-25T17:30:00Z,1.43032,1.43050,1.42914,1.42925,4174
2025-02-25T18:00:00Z,1.42923,1.42925,1.42826,1.42924,4810
2025-02-25T18:30:00Z,1.42925,1.42938,1.42796,1.42921,4281
2025-02-25T19:00:00Z,1.42921,1.43002,1.42917,1.42978,3996
2025-02-25T19:30:00Z,1.42979,1.43029,1.42916,1.43022,4277
2025-02-25T20:00:00Z,1.43025,1.43055,1.42909,1.42937,4829
2025-02-25T20:30:00Z,1.42935,1.43127,1.42934,1.43124,4798
2025-02-25T21:00:00Z,1.43124,1.43152,1.43034,1.43094,1519
2025-02-25T21:30:00Z,1.43093,1.43169,1.43064,1.43099,1685
2025-02-25T22:00:00Z,1.43083,1.43123,1.43083,1.43095,75
2025-02-25T22:30:00Z,1.43101,1.43122,1.43092,1.43101,123
2025-02-25T23:00:00Z,1.43118,1.43126,1.43047,1.43062,1733
2025-02-25T23:30:00Z,1.43063,1.43063,1.42988,1.43014,1669
2025-02-26T00:00:00Z,1.43013,1.43030,1.42957,1.42961,1967
2025-02-26T00:30:00Z,1.42959,1.43030,1.42933,1.43029,2118
2025-02-26T01:00:00Z,1.43029,1.43075,1.43005,1.43035,3722
2025-02-26T01:30:00Z,1.43036,1.43101,1.42973,1.43037,3706
2025-02-26T02:00:00Z,1.43036,1.43121,1.43016,1.43119,2824
2025-02-26T02:30:00Z,1.43119,1.43203,1.43110,1.43172,3691
2025-02-26T03:00:00Z,1.43172,1.43259,1.43152,1.43242,2479
2025-02-26T03:30:00Z,1.43243,1.43247,1.43193,1.43244,2446
2025-02-26T04:00:00Z,1.43243,1.43267,1.43220,1.43228,1445
2025-02-26T04:30:00Z,1.43229,1.43304,1.43206,1.43291,1724
2025-02-26T05:00:00Z,1.43290,1.43309,1.43242,1.43251,2285
2025-02-26T05:30:00Z,1.43251,1.43319,1.43243,1.43303,2839
2025-02-26T06:00:00Z,1.43305,1.43329,1.43289,1.43299,2478
2025-02-26T06:30:00Z,1.43299,1.43328,1.43261,1.43283,2406
2025-02-26T07:00:00Z,1.43282,1.43292,1.43163,1.43213,3865
2025-02-26T07:30:00Z,1.43215,1.43285,1.43195,1.43284,4355
2025-02-26T08:00:00Z,1.43284,1.43296,1.43170,1.43175,6452
2025-02-26T08:30:00Z,1.43175,1.43317,1.43166,1.43234,5566
2025-02-26T09:00:00Z,1.43233,1.43278,1.43221,1.43268,3403
2025-02-26T09:30:00Z,1.43266,1.43324,1.43254,1.43315,2964
2025-02-26T10:00:00Z,1.43315,1.43422,1.43290,1.43389,3047
2025-02-26T10:30:00Z,1.43387,1.43441,1.43386,1.43433,3001
2025-02-26T11:00:00Z,1.43434,1.43442,1.43370,1.43370,3275
2025-02-26T11:30:00Z,1.43372,1.43442,1.43301,1.43420,3954
2025-02-26T12:00:00Z,1.43419,1.43483,1.43396,1.43438,4070
2025-02-26T12:30:00Z,1.43437,1.43504,1.43344,1.43491,3411
2025-02-26T13:00:00Z,1.43493,1.43569,1.43394,1.43429,5158
2025-02-26T13:30:00Z,1.43428,1.43531,1.43418,1.43509,3447
2025-02-26T14:00:00Z,1.43511,1.43545,1.43435,1.43452,4395
2025-02-26T14:30:00Z,1.43451,1.43517,1.43314,1.43369,5739
2025-02-26T15:00:00Z,1.43371,1.43453,1.43291,1.43296,5937
2025-02-26T15:30:00Z,1.43297,1.43500,1.43249,1.43491,9917
2025-02-26T16:00:00Z,1.43489,1.43500,1.43386,1.43471,6581
2025-02-26T16:30:00Z,1.43468,1.43514,1.43440,1.43478,4924
2025-02-26T17:00:00Z,1.43479,1.43652,1.43102,1.43165,8183
2025-02-26T17:30:00Z,1.43167,1.43370,1.42985,1.43171,11086
2025-02-26T18:00:00Z,1.43172,1.43268,1.43007,1.43157,7224
2025-02-26T18:30:00Z,1.43160,1.43401,1.43160,1.43347,6733
2025-02-26T19:00:00Z,1.43346,1.43394,1.43276,1.43304,6292
2025-02-26T19:30:00Z,1.43303,1.43334,1.43219,1.43334,5037
2025-02-26T20:00:00Z,1.43333,1.43469,1.43311,1.43439,4336
2025-02-26T20:30:00Z,1.43440,1.43450,1.43342,1.43427,4261
2025-02-26T21:00:00Z,1.43427,1.43677,1.43374,1.43496,2112
2025-02-26T21:30:00Z,1.43493,1.43509,1.43340,1.43340,2220
2025-02-26T22:00:00Z,1.43336,1.43387,1.43327,1.43375,87
2025-02-26T22:30:00Z,1.43375,1.43387,1.43347,1.43368,228
2025-02-26T23:00:00Z,1.43392,1.43409,1.43354,1.43359,916
2025-02-26T23:30:00Z,1.43359,1.43390,1.43346,1.43380,1019
2025-02-27T00:00:00Z,1.43379,1.43483,1.43379,1.43436,2393
2025-02-27T00:30:00Z,1.43436,1.43503,1.43399,1.43499,2558
2025-02-27T01:00:00Z,1.43498,1.43548,1.43461,1.43483,5059
2025-02-27T01:30:00Z,1.43483,1.43494,1.43426,1.43474,5728
2025-02-27T02:00:00Z,1.43474,1.43513,1.43450,1.43473,5035
2025-02-27T02:30:00Z,1.43473,1.43543,1.43442,1.43525,4990
2025-02-27T03:00:00Z,1.43523,1.43528,1.43487,1.43494,3301
2025-02-27T03:30:00Z,1.43493,1.43589,1.43489,1.43581,3127
2025-02-27T04:00:00Z,1.43580,1.43607,1.43565,1.43599,3066
2025-02-27T04:30:00Z,1.43601,1.43629,1.43578,1.43585,3056
2025-02-27T05:00:00Z,1.43586,1.43607,1.43554,1.43586,3550
2025-02-27T05:30:00Z,1.43588,1.43592,1.43532,1.43534,3084
2025-02-27T06:00:00Z,1.43535,1.43540,1.43497,1.43533,2865
2025-02-27T06:30:00Z,1.43533,1.43554,1.43507,1.43513,2766
2025-02-27T07:00:00Z,1.43513,1.43519,1.43398,1.43440,4149
2025-02-27T07:30:00Z,1.43440,1.43443,1.43337,1.43383,3059
2025-02-27T08:00:00Z,1.43382,1.43398,1.43264,1.43354,4624
2025-02-27T08:30:00Z,1.43353,1.43355,1.43254,1.43276,5336
2025-02-27T09:00:00Z,1.43275,1.43310,1.43217,1.43288,3778
2025-02-27T09:30:00Z,1.43287,1.43300,1.43234,1.43269,2761
2025-02-27T10:00:00Z,1.43267,1.43391,1.43256,1.43369,2696
2025-02-27T10:30:00Z,1.43370,1.43431,1.43348,1.43372,2641
2025-02-27T11:00:00Z,1.43372,1.43377,1.43282,1.43368,2435
2025-02-27T11:30:00Z,1.43368,1.43420,1.43345,1.43399,2421
2025-02-27T12:00:00Z,1.43399,1.43485,1.43388,1.43479,2613
2025-02-27T12:30:00Z,1.43479,1.43599,1.43328,1.43595,5377
2025-02-27T13:00:00Z,1.43593,1.43693,1.43521,1.43614,4667
2025-02-27T13:30:00Z,1.43615,1.44341,1.43574,1.44253,13784
2025-02-27T14:00:00Z,1.44251,1.44291,1.44021,1.44110,9845
2025-02-27T14:30:00Z,1.44108,1.44370,1.44108,1.44267,10329
2025-02-27T15:00:00Z,1.44265,1.44304,1.44105,1.44157,9480
2025-02-27T15:30:00Z,1.44156,1.44277,1.44079,1.44262,8773
2025-02-27T16:00:00Z,1.44263,1.44420,1.44239,1.44285,5992
2025-02-27T16:30:00Z,1.44285,1.44291,1.44117,1.44196,6352
2025-02-27T17:00:00Z,1.44197,1.44273,1.44155,1.44261,3704
2025-02-27T17:30:00Z,1.44260,1.44372,1.44253,1.44284,4374
2025-02-27T18:00:00Z,1.44285,1.44344,1.44185,1.44226,3649
2025-02-27T18:30:00Z,1.44227,1.44286,1.44193,1.44204,3343
2025-02-27T19:00:00Z,1.44204,1.44291,1.44182,1.44291,3757
2025-02-27T19:30:00Z,1.44291,1.44417,1.44289,1.44404,4058
2025-02-27T20:00:00Z,1.44406,1.44485,1.44387,1.44458,3674
2025-02-27T20:30:00Z,1.44457,1.44464,1.44352,1.44416,3321
2025-02-27T21:00:00Z,1.44417,1.44465,1.44383,1.44432,1008
2025-02-27T21:30:00Z,1.44432,1.44435,1.44329,1.44368,1031
2025-02-27T22:00:00Z,1.44378,1.44400,1.44348,1.44374,106
2025-02-27T22:30:00Z,1.44369,1.44399,1.44364,1.44373,244
2025-02-27T23:00:00Z,1.44381,1.44381,1.44318,1.44374,846
2025-02-27T23:30:00Z,1.44377,1.44470,1.44363,1.44461,1132
2025-02-28T00:00:00Z,1.44457,1.44460,1.44368,1.44390,2238
2025-02-28T00:30:00Z,1.44389,1.44442,1.44322,1.44364,3223
2025-02-28T01:00:00Z,1.44363,1.44366,1.44288,1.44359,4132
2025-02-28T01:30:00Z,1.44360,1.44446,1.44360,1.44432,6263
2025-02-28T02:00:00Z,1.44435,1.44490,1.44387,1.44455,5155
2025-02-28T02:30:00Z,1.44454,1.44512,1.44448,1.44507,4542
2025-02-28T03:00:00Z,1.44508,1.44520,1.44439,1.44451,3723
2025-02-28T03:30:00Z,1.44451,1.44488,1.44438,1.44459,3252
2025-02-28T04:00:00Z,1.44459,1.44496,1.44438,1.44440,2338
2025-02-28T04:30:00Z,1.44441,1.44481,1.44423,1.44473,2514
2025-02-28T05:00:00Z,1.44472,1.44481,1.44385,1.44392,4196
2025-02-28T05:30:00Z,1.44392,1.44406,1.44364,1.44396,3057
2025-02-28T06:00:00Z,1.44397,1.44446,1.44365,1.44443,3435
2025-02-28T06:30:00Z,1.44442,1.44470,1.44397,1.44434,3306
2025-02-28T07:00:00Z,1.44434,1.44515,1.44405,1.44511,3457
2025-02-28T07:30:00Z,1.44511,1.44526,1.44405,1.44416,4962
2025-02-28T08:00:00Z,1.44419,1.44504,1.44388,1.44392,5577
2025-02-28T08:30:00Z,1.44393,1.44426,1.44364,1.44378,4472
2025-02-28T09:00:00Z,1.44373,1.44376,1.44283,1.44312,5432
2025-02-28T09:30:00Z,1.44313,1.44379,1.44312,1.44367,3916
2025-02-28T10:00:00Z,1.44367,1.44395,1.44353,1.44379,3159
2025-02-28T10:30:00Z,1.44378,1.44390,1.44301,1.44386,4036
2025-02-28T11:00:00Z,1.44387,1.44412,1.44333,1.44359,3897
2025-02-28T11:30:00Z,1.44360,1.44380,1.44295,1.44295,4261
2025-02-28T12:00:00Z,1.44295,1.44349,1.44259,1.44326,4869
2025-02-28T12:30:00Z,1.44325,1.44409,1.44315,1.44370,3564
2025-02-28T13:00:00Z,1.44370,1.44385,1.44137,1.44140,5353
2025-02-28T13:30:00Z,1.44142,1.44189,1.44031,1.44149,6068
2025-02-28T14:00:00Z,1.44150,1.44313,1.44136,1.44306,5928
2025-02-28T14:30:00Z,1.44308,1.44475,1.44229,1.44441,7808
2025-02-28T15:00:00Z,1.44441,1.44472,1.44259,1.44288,9570
2025-02-28T15:30:00Z,1.44289,1.44327,1.43993,1.44024,10497
2025-02-28T16:00:00Z,1.44025,1.44308,1.44009,1.44305,10421
2025-02-28T16:30:00Z,1.44305,1.44364,1.44220,1.44338,6645
2025-02-28T17:00:00Z,1.44337,1.44411,1.44262,1.44273,5948
2025-02-28T17:30:00Z,1.44271,1.44414,1.44260,1.44389,5441
2025-02-28T18:00:00Z,1.44389,1.44597,1.44372,1.44533,7449
2025-02-28T18:30:00Z,1.44535,1.44590,1.44330,1.44583,6151
2025-02-28T19:00:00Z,1.44583,1.44620,1.44495,1.44577,4791
2025-02-28T19:30:00Z,1.44577,1.44609,1.44534,1.44585,3697
2025-02-28T20:00:00Z,1.44585,1.44642,1.44553,1.44640,3899
2025-02-28T20:30:00Z,1.44641,1.44686,1.44589,1.44633,5656
2025-02-28T21:00:00Z,1.44635,1.44703,1.44583,1.44626,1455
2025-02-28T21:30:00Z,1.44626,1.44714,1.44605,1.44620,2039
2025-03-02T22:00:00Z,1.44422,1.44472,1.44400,1.44472,177
2025-03-02T22:30:00Z,1.44472,1.44489,1.44387,1.44427,664
2025-03-02T23:00:00Z,1.44429,1.44470,1.44361,1.44429,3431
2025-03-02T23:30:00Z,1.44429,1.44444,1.44350,1.44431,2531
2025-03-03T00:00:00Z,1.44431,1.44480,1.44355,1.44370,4971
2025-03-03T00:30:00Z,1.44370,1.44408,1.44333,1.44402,4005
2025-03-03T01:00:00Z,1.44402,1.44424,1.44336,1.44348,4337
2025-03-03T01:30:00Z,1.44355,1.44389,1.44298,1.44335,4722
2025-03-03T02:00:00Z,1.44341,1.44369,1.44299,1.44358,3396
2025-03-03T02:30:00Z,1.44360,1.44398,1.44331,1.44383,2909
2025-03-03T03:00:00Z,1.44385,1.44526,1.44378,1.44478,3607
2025-03-03T03:30:00Z,1.44478,1.44494,1.44433,1.44433,2824
2025-03-03T04:00:00Z,1.44434,1.44449,1.44356,1.44357,1757
2025-03-03T04:30:00Z,1.44357,1.44407,1.44357,1.44400,1802
2025-03-03T05:00:00Z,1.44403,1.44447,1.44403,1.44419,2872
2025-03-03T05:30:00Z,1.44418,1.44470,1.44397,1.44438,1719
2025-03-03T06:00:00Z,1.44439,1.44476,1.44428,1.44450,2489
2025-03-03T06:30:00Z,1.44451,1.44528,1.44441,1.44480,2218
2025-03-03T07:00:00Z,1.44478,1.44507,1.44390,1.44422,3685
2025-03-03T07:30:00Z,1.44422,1.44430,1.44341,1.44400,3805
2025-03-03T08:00:00Z,1.44400,1.44453,1.44324,1.44422,5667
2025-03-03T08:30:00Z,1.44421,1.44462,1.44334,1.44340,4503
2025-03-03T09:00:00Z,1.44339,1.44399,1.44324,1.44342,4481
2025-03-03T09:30:00Z,1.44343,1.44375,1.44249,1.44265,3482
2025-03-03T10:00:00Z,1.44266,1.44345,1.44210,1.44304,5958
2025-03-03T10:30:00Z,1.44304,1.44306,1.44271,1.44280,523
2025-03-03T11:00:00Z,1.44279,1.44300,1.44237,1.44266,4414
2025-03-03T11:30:00Z,1.44266,1.44360,1.44246,1.44345,4226
2025-03-03T12:00:00Z,1.44347,1.44393,1.44234,1.44344,6292
2025-03-03T12:30:00Z,1.44344,1.44367,1.44255,1.44276,4534
2025-03-03T13:00:00Z,1.44276,1.44342,1.44032,1.44068,6162
2025-03-03T13:30:00Z,1.44066,1.44171,1.44002,1.44107,6283
2025-03-03T14:00:00Z,1.44109,1.44151,1.44021,1.44096,6416
2025-03-03T14:30:00Z,1.44091,1.44140,1.43970,1.44059,6837
2025-03-03T15:00:00Z,1.44118,1.44179,1.43845,1.43876,7323
2025-03-03T15:30:00Z,1.43880,1.44022,1.43682,1.44010,7565
2025-03-03T16:00:00Z,1.44008,1.44097,1.43969,1.44004,5319
2025-03-03T16:30:00Z,1.44004,1.44067,1.43982,1.43999,5629
2025-03-03T17:00:00Z,1.44001,1.44093,1.43963,1.44092,4381
2025-03-03T17:30:00Z,1.44091,1.44187,1.44073,1.44129,3710
2025-03-03T18:00:00Z,1.44130,1.44422,1.44128,1.44421,4521
2025-03-03T18:30:00Z,1.44421,1.44538,1.44020,1.44434,9104
2025-03-03T19:00:00Z,1.44438,1.44461,1.44313,1.44327,5374
2025-03-03T19:30:00Z,1.44329,1.45002,1.44262,1.44994,9635
2025-03-03T20:00:00Z,1.44995,1.45360,1.44904,1.45356,15244
2025-03-03T20:30:00Z,1.45359,1.45413,1.45041,1.45080,11043
2025-03-03T21:00:00Z,1.45085,1.45099,1.44887,1.44888,3298
2025-03-03T21:30:00Z,1.44888,1.44888,1.44766,1.44779,3238
2025-03-03T22:00:00Z,1.44779,1.44818,1.44747,1.44790,197
2025-03-03T22:30:00Z,1.44790,1.44912,1.44789,1.44868,487
2025-03-03T23:00:00Z,1.44889,1.44919,1.44813,1.44823,1632
2025-03-03T23:30:00Z,1.44823,1.44951,1.44811,1.44935,2293
2025-03-04T00:00:00Z,1.44936,1.45025,1.44882,1.44978,3093
2025-03-04T00:30:00Z,1.44978,1.45037,1.44859,1.44872,5977
2025-03-04T01:00:00Z,1.44871,1.44920,1.44826,1.44852,7023
2025-03-04T01:30:00Z,1.44854,1.44963,1.44826,1.44924,9503
2025-03-04T02:00:00Z,1.44923,1.44992,1.44870,1.44938,4748
2025-03-04T02:30:00Z,1.44939,1.44996,1.44916,1.44980,4901
2025-03-04T03:00:00Z,1.44980,1.45055,1.44948,1.44974,4570
2025-03-04T03:30:00Z,1.44973,1.45053,1.44947,1.45027,4379
2025-03-04T04:00:00Z,1.45026,1.45103,1.44962,1.45007,3788
2025-03-04T04:30:00Z,1.45006,1.45108,1.45002,1.45098,3993
2025-03-04T05:00:00Z,1.45101,1.45211,1.44848,1.44989,8608
2025-03-04T05:30:00Z,1.44989,1.44997,1.44888,1.44915,4675
2025-03-04T06:00:00Z,1.44914,1.44938,1.44760,1.44764,5434
2025-03-04T06:30:00Z,1.44765,1.44891,1.44745,1.44798,4085
2025-03-04T07:00:00Z,1.44799,1.44900,1.44749,1.44881,5241
2025-03-04T07:30:00Z,1.44882,1.44929,1.44698,1.44856,6398
2025-03-04T08:00:00Z,1.44857,1.45027,1.44645,1.44674,8299
2025-03-04T08:30:00Z,1.44674,1.44698,1.44400,1.44503,5803
2025-03-04T09:00:00Z,1.44501,1.44504,1.44206,1.44308,7228
2025-03-04T09:30:00Z,1.44310,1.44320,1.44092,1.44248,5255
2025-03-04T10:00:00Z,1.44248,1.44441,1.44243,1.44405,4717
2025-03-04T10:30:00Z,1.44405,1.44407,1.44207,1.44284,4652
2025-03-04T11:00:00Z,1.44285,1.44348,1.44148,1.44278,4251
2025-03-04T11:30:00Z,1.44281,1.44304,1.44062,1.44075,6238
2025-03-04T12:00:00Z,1.44075,1.44216,1.44072,1.44106,5598
2025-03-04T12:30:00Z,1.44105,1.44264,1.44082,1.44263,5579
2025-03-04T13:00:00Z,1.44266,1.44413,1.44124,1.44374,8012
2025-03-04T13:30:00Z,1.44374,1.44592,1.44334,1.44475,8766
2025-03-04T14:00:00Z,1.44479,1.44603,1.44376,1.44532,9111
2025-03-04T14:30:00Z,1.44532,1.44862,1.44509,1.44852,10972
2025-03-04T15:00:00Z,1.44854,1.45016,1.44746,1.44758,11913
2025-03-04T15:30:00Z,1.44764,1.45018,1.44645,1.44975,12296
2025-03-04T16:00:00Z,1.44975,1.45169,1.44891,1.45126,9495
2025-03-04T16:30:00Z,1.45127,1.45175,1.44990,1.45161,7838
2025-03-04T17:00:00Z,1.45161,1.45204,1.45074,1.45085,5985
2025-03-04T17:30:00Z,1.45084,1.45425,1.45021,1.45275,9921
2025-03-04T18:00:00Z,1.45273,1.45399,1.45187,1.45370,10645
2025-03-04T18:30:00Z,1.45370,1.45413,1.45139,1.45143,7989
2025-03-04T19:00:00Z,1.45144,1.45153,1.44975,1.45062,7765
2025-03-04T19:30:00Z,1.45059,1.45128,1.44844,1.44879,5495
2025-03-04T20:00:00Z,1.44878,1.44882,1.44536,1.44634,5723
2025-03-04T20:30:00Z,1.44637,1.44837,1.44630,1.44741,8144
2025-03-04T21:00:00Z,1.44740,1.44769,1.43700,1.43830,10306
2025-03-04T21:30:00Z,1.43832,1.44162,1.43808,1.43849,3913
2025-03-04T22:00:00Z,1.43830,1.43927,1.43830,1.43914,141
2025-03-04T22:30:00Z,1.43914,1.43938,1.43867,1.43916,366
2025-03-04T23:00:00Z,1.43917,1.44063,1.43826,1.43954,2274
2025-03-04T23:30:00Z,1.43941,1.43998,1.43891,1.43982,1298
2025-03-05T00:00:00Z,1.43979,1.44109,1.43970,1.44079,2940
2025-03-05T00:30:00Z,1.44078,1.44246,1.44046,1.44125,2983
2025-03-05T01:00:00Z,1.44126,1.44208,1.43993,1.44159,6497
2025-03-05T01:30:00Z,1.44161,1.44405,1.44110,1.44277,7510
2025-03-05T02:00:00Z,1.44277,1.44424,1.44190,1.44413,6608
2025-03-05T02:30:00Z,1.44414,1.44454,1.44271,1.44391,5811
2025-03-05T03:00:00Z,1.44399,1.44495,1.44318,1.44337,4820
2025-03-05T03:30:00Z,1.44336,1.44367,1.44224,1.44238,5113
2025-03-05T04:00:00Z,1.44241,1.44314,1.44191,1.44284,3214
2025-03-05T04:30:00Z,1.44283,1.44318,1.44197,1.44295,2827
2025-03-05T05:00:00Z,1.44295,1.44304,1.44217,1.44290,3275
2025-03-05T05:30:00Z,1.44291,1.44326,1.44199,1.44214,3609
2025-03-05T06:00:00Z,1.44213,1.44258,1.44153,1.44251,5188
2025-03-05T06:30:00Z,1.44251,1.44302,1.44156,1.44179,3738
2025-03-05T07:00:00Z,1.44178,1.44178,1.43907,1.43922,5403
2025-03-05T07:30:00Z,1.43921,1.44120,1.43886,1.44014,7222
2025-03-05T08:00:00Z,1.44014,1.44125,1.43839,1.43957,8346
2025-03-05T08:30:00Z,1.43955,1.44045,1.43827,1.43878,7147
2025-03-05T09:00:00Z,1.43878,1.43901,1.43776,1.43883,6677
2025-03-05T09:30:00Z,1.43885,1.43923,1.43765,1.43815,5214
2025-03-05T10:00:00Z,1.43817,1.43971,1.43792,1.43927,4325
2025-03-05T10:30:00Z,1.43926,1.43931,1.43849,1.43870,3428
2025-03-05T11:00:00Z,1.43871,1.43894,1.43768,1.43807,3617
2025-03-05T11:30:00Z,1.43808,1.43959,1.43800,1.43933,3501
2025-03-05T12:00:00Z,1.43931,1.43968,1.43808,1.43939,4936
2025-03-05T12:30:00Z,1.43937,1.44226,1.43920,1.44194,5074
2025-03-05T13:00:00Z,1.44194,1.44361,1.43860,1.43884,11026
2025-03-05T13:30:00Z,1.43883,1.44013,1.43784,1.43802,12043
2025-03-05T14:00:00Z,1.43802,1.43861,1.43608,1.43711,10675
2025-03-05T14:30:00Z,1.43710,1.43716,1.43517,1.43563,13663
2025-03-05T15:00:00Z,1.43551,1.43874,1.43410,1.43831,15444
2025-03-05T15:30:00Z,1.43824,1.44061,1.43701,1.43950,13728
2025-03-05T16:00:00Z,1.43950,1.44190,1.43923,1.44104,13925
2025-03-05T16:30:00Z,1.44102,1.44157,1.43400,1.43772,12172
2025-03-05T17:00:00Z,1.43771,1.43913,1.43687,1.43774,11240
2025-03-05T17:30:00Z,1.43771,1.43771,1.43561,1.43565,8054
2025-03-05T18:00:00Z,1.43564,1.43766,1.43393,1.43555,12220
2025-03-05T18:30:00Z,1.43556,1.43716,1.43437,1.43543,8502
2025-03-05T19:00:00Z,1.43543,1.43566,1.43418,1.43428,7617
2025-03-05T19:30:00Z,1.43428,1.43435,1.43301,1.43353,5448
2025-03-05T20:00:00Z,1.43355,1.43399,1.43302,1.43386,5880
2025-03-05T20:30:00Z,1.43386,1.43412,1.43326,1.43408,4015
2025-03-05T21:00:00Z,1.43407,1.43452,1.43343,1.43354,2291
2025-03-05T21:30:00Z,1.43353,1.43425,1.43297,1.43329,2586
2025-03-05T22:00:00Z,1.43325,1.43346,1.43306,1.43334,92
2025-03-05T22:30:00Z,1.43334,1.43335,1.43294,1.43309,254
2025-03-05T23:00:00Z,1.43310,1.43358,1.43297,1.43340,2868
2025-03-05T23:30:00Z,1.43340,1.43401,1.43336,1.43395,2465
2025-03-06T00:00:00Z,1.43394,1.43485,1.43347,1.43426,3026
2025-03-06T00:30:00Z,1.43426,1.43530,1.43410,1.43528,3556
2025-03-06T01:00:00Z,1.43527,1.43528,1.43353,1.43368,4148
2025-03-06T01:30:00Z,1.43366,1.43381,1.43119,1.43137,5928
2025-03-06T02:00:00Z,1.43137,1.43270,1.43086,1.43204,5212
2025-03-06T02:30:00Z,1.43203,1.43281,1.43194,1.43196,2699
2025-03-06T03:00:00Z,1.43195,1.43285,1.43185,1.43247,2975
2025-03-06T03:30:00Z,1.43246,1.43279,1.43214,1.43275,2637
2025-03-06T04:00:00Z,1.43274,1.43326,1.43265,1.43322,2414
2025-03-06T04:30:00Z,1.43321,1.43321,1.43238,1.43247,2013
2025-03-06T05:00:00Z,1.43247,1.43399,1.43245,1.43350,2519
2025-03-06T05:30:00Z,1.43350,1.43402,1.43306,1.43365,2982
2025-03-06T06:00:00Z,1.43365,1.43372,1.43278,1.43350,3280
2025-03-06T06:30:00Z,1.43349,1.43404,1.43331,1.43372,2467
2025-03-06T07:00:00Z,1.43370,1.43414,1.43251,1.43375,5159
2025-03-06T07:30:00Z,1.43374,1.43445,1.43275,1.43438,8343
2025-03-06T08:00:00Z,1.43438,1.43619,1.43437,1.43533,10060
2025-03-06T08:30:00Z,1.43532,1.43546,1.43416,1.43489,7613
2025-03-06T09:00:00Z,1.43492,1.43552,1.43392,1.43521,6573
2025-03-06T09:30:00Z,1.43522,1.43555,1.43431,1.43456,6016
2025-03-06T10:00:00Z,1.43456,1.43515,1.43407,1.43474,6079
2025-03-06T10:30:00Z,1.43473,1.43563,1.43463,1.43558,3947
2025-03-06T11:00:00Z,1.43559,1.43634,1.43559,1.43634,3984
2025-03-06T11:30:00Z,1.43633,1.43678,1.43592,1.43634,3239
2025-03-06T12:00:00Z,1.43634,1.43700,1.43614,1.43675,4392
2025-03-06T12:30:00Z,1.43675,1.43764,1.43604,1.43723,5561
2025-03-06T13:00:00Z,1.43724,1.43726,1.43512,1.43636,8068
2025-03-06T13:30:00Z,1.43649,1.43695,1.43542,1.43632,8952
2025-03-06T14:00:00Z,1.43634,1.43702,1.43398,1.43445,10304
2025-03-06T14:30:00Z,1.43444,1.43549,1.43416,1.43435,12534
2025-03-06T15:00:00Z,1.43435,1.43443,1.42609,1.42824,13982
2025-03-06T15:30:00Z,1.42824,1.42932,1.42613,1.42691,12394
2025-03-06T16:00:00Z,1.42691,1.42710,1.42380,1.42497,9385
2025-03-06T16:30:00Z,1.42501,1.42814,1.42422,1.42809,10136
2025-03-06T17:00:00Z,1.42809,1.42974,1.42706,1.42868,7600
2025-03-06T17:30:00Z,1.42867,1.43169,1.42847,1.43032,6971
2025-03-06T18:00:00Z,1.43031,1.43083,1.42948,1.43024,5592
2025-03-06T18:30:00Z,1.43024,1.43104,1.42955,1.43023,5427
2025-03-06T19:00:00Z,1.43021,1.43175,1.43011,1.43155,4184
2025-03-06T19:30:00Z,1.43155,1.43168,1.42829,1.43024,7575
2025-03-06T20:00:00Z,1.43025,1.43076,1.42935,1.43004,6019
2025-03-06T20:30:00Z,1.43003,1.43138,1.42954,1.43075,5154
2025-03-06T21:00:00Z,1.43075,1.43134,1.42995,1.43003,2474
2025-03-06T21:30:00Z,1.43002,1.43004,1.42922,1.42923,1735
2025-03-06T22:00:00Z,1.42922,1.42964,1.42878,1.42963,111
2025-03-06T22:30:00Z,1.42963,1.42989,1.42930,1.42937,364
2025-03-06T23:00:00Z,1.42927,1.42944,1.42873,1.42910,973
2025-03-06T23:30:00Z,1.42909,1.42945,1.42894,1.42926,1134
2025-03-07T00:00:00Z,1.42928,1.42964,1.42877,1.42956,1478
2025-03-07T00:30:00Z,1.42955,1.42988,1.42900,1.42960,1751
2025-03-07T01:00:00Z,1.42958,1.43056,1.42908,1.43035,1972
2025-03-07T01:30:00Z,1.43036,1.43047,1.42981,1.43006,2348
2025-03-07T02:00:00Z,1.43006,1.43064,1.42957,1.42985,2493
2025-03-07T02:30:00Z,1.42983,1.43009,1.42930,1.42999,2334
2025-03-07T03:00:00Z,1.43000,1.43047,1.42994,1.43014,3938
2025-03-07T03:30:00Z,1.43013,1.43106,1.43003,1.43090,3415
2025-03-07T04:00:00Z,1.43092,1.43098,1.43033,1.43051,1540
2025-03-07T04:30:00Z,1.43050,1.43068,1.43031,1.43033,1153
2025-03-07T05:00:00Z,1.43033,1.43091,1.43027,1.43069,1974
2025-03-07T05:30:00Z,1.43068,1.43126,1.43032,1.43120,2499
2025-03-07T06:00:00Z,1.43119,1.43190,1.43094,1.43126,2453
2025-03-07T06:30:00Z,1.43127,1.43162,1.43033,1.43043,3240
2025-03-07T07:00:00Z,1.43047,1.43128,1.43003,1.43009,3744
2025-03-07T07:30:00Z,1.43008,1.43070,1.42971,1.43027,4528
2025-03-07T08:00:00Z,1.43027,1.43045,1.42831,1.42834,5456
2025-03-07T08:30:00Z,1.42832,1.42988,1.42788,1.42953,4219
2025-03-07T09:00:00Z,1.42954,1.42984,1.42859,1.42976,4517
2025-03-07T09:30:00Z,1.42976,1.43002,1.42924,1.42993,3644
2025-03-07T10:00:00Z,1.42995,1.43074,1.42978,1.43052,3588
2025-03-07T10:30:00Z,1.43053,1.43146,1.43052,1.43138,3940
2025-03-07T11:00:00Z,1.43138,1.43173,1.43105,1.43116,3043
2025-03-07T11:30:00Z,1.43116,1.43200,1.43110,1.43177,3262
2025-03-07T12:00:00Z,1.43172,1.43297,1.43117,1.43263,4604
2025-03-07T12:30:00Z,1.43261,1.43432,1.43224,1.43359,4576
2025-03-07T13:00:00Z,1.43362,1.43453,1.43299,1.43399,5087
2025-03-07T13:30:00Z,1.43399,1.43709,1.43232,1.43706,12822
2025-03-07T14:00:00Z,1.43708,1.43764,1.43498,1.43573,10882
2025-03-07T14:30:00Z,1.43573,1.43596,1.43424,1.43489,10940
2025-03-07T15:00:00Z,1.43490,1.43562,1.43364,1.43408,10309
2025-03-07T15:30:00Z,1.43410,1.43666,1.43407,1.43613,12210
2025-03-07T16:00:00Z,1.43614,1.43879,1.43614,1.43878,7557
2025-03-07T16:30:00Z,1.43878,1.44007,1.43787,1.43866,7550
2025-03-07T17:00:00Z,1.43864,1.44260,1.43810,1.44090,11607
2025-03-07T17:30:00Z,1.44090,1.44124,1.43879,1.43906,7457
2025-03-07T18:00:00Z,1.43906,1.44050,1.43888,1.43997,5872
2025-03-07T18:30:00Z,1.43992,1.44064,1.43810,1.43825,5306
2025-03-07T19:00:00Z,1.43824,1.43842,1.43654,1.43719,5559
2025-03-07T19:30:00Z,1.43717,1.43733,1.43629,1.43650,4814
2025-03-07T20:00:00Z,1.43649,1.43681,1.43592,1.43629,2512
2025-03-07T20:30:00Z,1.43629,1.43746,1.43628,1.43693,3305
2025-03-07T21:00:00Z,1.43690,1.43754,1.43615,1.43742,1289
2025-03-07T21:30:00Z,1.43742,1.43824,1.43510,1.43649,3351
2025-03-09T21:00:00Z,1.43507,1.43828,1.43502,1.43799,226
2025-03-09T21:30:00Z,1.43832,1.43870,1.43737,1.43785,1471
2025-03-09T22:00:00Z,1.43788,1.43825,1.43710,1.43743,2834
2025-03-09T22:30:00Z,1.43743,1.43755,1.43659,1.43747,3216
2025-03-09T23:00:00Z,1.43745,1.43807,1.43679,1.43729,3772
2025-03-09T23:30:00Z,1.43729,1.43752,1.43660,1.43731,2620
2025-03-10T00:00:00Z,1.43731,1.43783,1.43666,1.43709,3368
2025-03-10T00:30:00Z,1.43701,1.43704,1.43604,1.43628,2957
2025-03-10T01:00:00Z,1.43629,1.43634,1.43538,1.43633,4322
2025-03-10T01:30:00Z,1.43634,1.43644,1.43568,1.43615,4783
2025-03-10T02:00:00Z,1.43618,1.43663,1.43569,1.43602,4078
2025-03-10T02:30:00Z,1.43600,1.43672,1.43558,1.43659,3416
2025-03-10T03:00:00Z,1.43657,1.43696,1.43639,1.43677,3660
2025-03-10T03:30:00Z,1.43678,1.43688,1.43623,1.43664,1923
2025-03-10T04:00:00Z,1.43664,1.43667,1.43590,1.43607,1819
2025-03-10T04:30:00Z,1.43609,1.43668,1.43606,1.43659,1995
2025-03-10T05:00:00Z,1.43660,1.43689,1.43623,1.43630,2186
2025-03-10T05:30:00Z,1.43630,1.43676,1.43616,1.43653,2112
2025-03-10T06:00:00Z,1.43653,1.43673,1.43574,1.43580,3112
2025-03-10T06:30:00Z,1.43582,1.43658,1.43565,1.43642,3319
2025-03-10T07:00:00Z,1.43641,1.43700,1.43609,1.43645,3695
2025-03-10T07:30:00Z,1.43644,1.43688,1.43571,1.43590,4978
2025-03-10T08:00:00Z,1.43587,1.43796,1.43568,1.43676,6111
2025-03-10T08:30:00Z,1.43676,1.43819,1.43672,1.43798,6276
2025-03-10T09:00:00Z,1.43798,1.43810,1.43587,1.43634,6130
2025-03-10T09:30:00Z,1.43634,1.43638,1.43545,1.43579,5599
2025-03-10T10:00:00Z,1.43580,1.43783,1.43526,1.43752,6500
2025-03-10T10:30:00Z,1.43752,1.43863,1.43729,1.43862,4649
2025-03-10T11:00:00Z,1.43861,1.43916,1.43770,1.43778,6643
2025-03-10T11:30:00Z,1.43777,1.43941,1.43743,1.43938,3471
2025-03-10T12:00:00Z,1.43944,1.44094,1.43879,1.44089,4428
2025-03-10T12:30:00Z,1.44089,1.44232,1.44012,1.44174,5519
2025-03-10T13:00:00Z,1.44181,1.44272,1.44101,1.44161,6292
2025-03-10T13:30:00Z,1.44160,1.44283,1.44107,1.44204,9276
2025-03-10T14:00:00Z,1.44204,1.44339,1.44132,1.44286,9469
2025-03-10T14:30:00Z,1.44285,1.44288,1.44122,1.44166,9070
2025-03-10T15:00:00Z,1.44165,1.44261,1.44095,1.44120,6007
2025-03-10T15:30:00Z,1.44121,1.44324,1.44089,1.44308,7023
2025-03-10T16:00:00Z,1.44307,1.44402,1.44226,1.44364,5670
2025-03-10T16:30:00Z,1.44362,1.44377,1.44256,1.44331,5816
2025-03-10T17:00:00Z,1.44332,1.44422,1.44303,1.44357,5453
2025-03-10T17:30:00Z,1.44356,1.44467,1.44309,1.44458,4297
2025-03-10T18:00:00Z,1.44458,1.44593,1.44389,1.44584,6770
2025-03-10T18:30:00Z,1.44584,1.44685,1.44552,1.44630,4016
2025-03-10T19:00:00Z,1.44632,1.44722,1.44471,1.44504,4700
2025-03-10T19:30:00Z,1.44501,1.44520,1.44390,1.44396,5848
2025-03-10T20:00:00Z,1.44396,1.44475,1.44349,1.44457,2010
2025-03-10T20:30:00Z,1.44456,1.44492,1.44347,1.44347,2778
2025-03-10T21:00:00Z,1.44356,1.44375,1.44279,1.44344,168
2025-03-10T21:30:00Z,1.44353,1.44365,1.44332,1.44334,62
2025-03-10T22:00:00Z,1.44323,1.44396,1.44320,1.44361,1083
2025-03-10T22:30:00Z,1.44363,1.44414,1.44327,1.44412,1383
2025-03-10T23:00:00Z,1.44412,1.44412,1.44299,1.44304,2286
2025-03-10T23:30:00Z,1.44303,1.44327,1.44258,1.44260,1872
2025-03-11T00:00:00Z,1.44259,1.44274,1.44198,1.44198,2648
2025-03-11T00:30:00Z,1.44199,1.44396,1.44198,1.44294,2784
2025-03-11T01:00:00Z,1.44293,1.44464,1.44288,1.44375,4110
2025-03-11T01:30:00Z,1.44377,1.44394,1.44244,1.44254,4817
2025-03-11T02:00:00Z,1.44254,1.44296,1.44164,1.44198,6390
2025-03-11T02:30:00Z,1.44198,1.44249,1.44175,1.44193,3324
2025-03-11T03:00:00Z,1.44193,1.44464,1.44155,1.44331,5150
2025-03-11T03:30:00Z,1.44330,1.44342,1.44257,1.44285,3600
2025-03-11T04:00:00Z,1.44286,1.44358,1.44281,1.44284,3240
2025-03-11T04:30:00Z,1.44283,1.44299,1.44235,1.44265,2699
2025-03-11T05:00:00Z,1.44267,1.44415,1.44267,1.44363,3915
2025-03-11T05:30:00Z,1.44361,1.44452,1.44332,1.44385,3707
2025-03-11T06:00:00Z,1.44385,1.44453,1.44327,1.44401,4804
2025-03-11T06:30:00Z,1.44399,1.44399,1.44288,1.44355,4982
2025-03-11T07:00:00Z,1.44358,1.44376,1.44199,1.44228,5894
2025-03-11T07:30:00Z,1.44227,1.44352,1.44095,1.44134,8805
2025-03-11T08:00:00Z,1.44136,1.44250,1.44107,1.44149,7644
2025-03-11T08:30:00Z,1.44147,1.44210,1.44099,1.44153,6934
2025-03-11T09:00:00Z,1.44155,1.44257,1.44120,1.44229,6245
2025-03-11T09:30:00Z,1.44229,1.44230,1.44064,1.44086,5810
2025-03-11T10:00:00Z,1.44088,1.44198,1.44074,1.44119,5609
2025-03-11T10:30:00Z,1.44120,1.44196,1.44011,1.44055,4767
2025-03-11T11:00:00Z,1.44055,1.44133,1.44021,1.44056,5047
2025-03-11T11:30:00Z,1.44056,1.44069,1.43985,1.43988,4304
2025-03-11T12:00:00Z,1.43989,1.44070,1.43931,1.43992,5717
2025-03-11T12:30:00Z,1.43991,1.44128,1.43973,1.44125,5752
2025-03-11T13:00:00Z,1.44126,1.44180,1.44070,1.44090,5828
2025-03-11T13:30:00Z,1.44088,1.44169,1.44008,1.44128,9494
2025-03-11T14:00:00Z,1.44129,1.45021,1.44094,1.44939,19534
2025-03-11T14:30:00Z,1.44942,1.45187,1.44865,1.45152,16082
2025-03-11T15:00:00Z,1.45154,1.45205,1.44526,1.44693,15875
2025-03-11T15:30:00Z,1.44696,1.44817,1.44573,1.44628,10322
2025-03-11T16:00:00Z,1.44627,1.44831,1.44627,1.44737,7960
2025-03-11T16:30:00Z,1.44738,1.44880,1.44710,1.44826,6269
2025-03-11T17:00:00Z,1.44828,1.45031,1.44828,1.45005,5048
2025-03-11T17:30:00Z,1.45006,1.45040,1.44791,1.44834,8315
2025-03-11T18:00:00Z,1.44832,1.44856,1.44584,1.44601,9101
2025-03-11T18:30:00Z,1.44602,1.44667,1.43943,1.44013,11005
2025-03-11T19:00:00Z,1.44015,1.44170,1.43786,1.44009,10247
2025-03-11T19:30:00Z,1.44010,1.44117,1.43914,1.44116,5041
2025-03-11T20:00:00Z,1.44114,1.44288,1.44046,1.44288,1973
2025-03-11T20:30:00Z,1.44288,1.44343,1.44236,1.44336,2318
2025-03-11T21:00:00Z,1.44322,1.44380,1.44278,1.44314,284
2025-03-11T21:30:00Z,1.44315,1.44353,1.44293,1.44293,199
2025-03-11T22:00:00Z,1.44281,1.44315,1.44211,1.44291,837
2025-03-11T22:30:00Z,1.44291,1.44322,1.44256,1.44265,829
2025-03-11T23:00:00Z,1.44271,1.44322,1.44256,1.44278,1947
2025-03-11T23:30:00Z,1.44280,1.44347,1.44276,1.44347,1344
2025-03-12T00:00:00Z,1.44347,1.44349,1.44281,1.44308,2267
2025-03-12T00:30:00Z,1.44308,1.44387,1.44281,1.44286,2911
2025-03-12T01:00:00Z,1.44287,1.44352,1.44270,1.44330,2710
2025-03-12T01:30:00Z,1.44331,1.44379,1.44292,1.44359,3452
2025-03-12T02:00:00Z,1.44360,1.44391,1.44304,1.44358,3303
2025-03-12T02:30:00Z,1.44358,1.44430,1.44349,1.44418,2172
2025-03-12T03:00:00Z,1.44418,1.44464,1.44379,1.44429,2448
2025-03-12T03:30:00Z,1.44431,1.44490,1.44431,1.44484,2687
2025-03-12T04:00:00Z,1.44483,1.44504,1.44456,1.44460,2289
2025-03-12T04:30:00Z,1.44461,1.44504,1.44460,1.44492,2263
2025-03-12T05:00:00Z,1.44492,1.44506,1.44439,1.44445,3080
2025-03-12T05:30:00Z,1.44444,1.44444,1.44385,1.44419,2590
2025-03-12T06:00:00Z,1.44419,1.44536,1.44413,1.44525,3271
2025-03-12T06:30:00Z,1.44525,1.44632,1.44513,1.44628,3014
2025-03-12T07:00:00Z,1.44628,1.44844,1.44623,1.44825,4765
2025-03-12T07:30:00Z,1.44824,1.44839,1.44479,1.44509,4210
2025-03-12T08:00:00Z,1.44513,1.44590,1.44492,1.44523,5835
2025-03-12T08:30:00Z,1.44523,1.44588,1.44329,1.44337,6344
2025-03-12T09:00:00Z,1.44336,1.44412,1.44315,1.44353,4019
2025-03-12T09:30:00Z,1.44352,1.44436,1.44339,1.44383,3472
2025-03-12T10:00:00Z,1.44384,1.44391,1.44285,1.44308,2514
2025-03-12T10:30:00Z,1.44307,1.44336,1.44194,1.44216,2099
2025-03-12T11:00:00Z,1.44216,1.44232,1.44103,1.44109,2712
2025-03-12T11:30:00Z,1.44108,1.44171,1.44063,1.44114,2747
2025-03-12T12:00:00Z,1.44114,1.44199,1.44014,1.44014,4958
2025-03-12T12:30:00Z,1.44006,1.44006,1.43657,1.43963,14526
2025-03-12T13:00:00Z,1.43965,1.44196,1.43948,1.44006,9842
2025-03-12T13:30:00Z,1.44006,1.44301,1.43866,1.44157,12003
2025-03-12T14:00:00Z,1.44158,1.44231,1.44001,1.44143,9528
2025-03-12T14:30:00Z,1.44142,1.44242,1.43987,1.44050,7191
2025-03-12T15:00:00Z,1.44049,1.44090,1.43927,1.43990,5490
2025-03-12T15:30:00Z,1.43988,1.44081,1.43947,1.43972,5975
2025-03-12T16:00:00Z,1.43971,1.44014,1.43751,1.43833,5582
2025-03-12T16:30:00Z,1.43833,1.43885,1.43750,1.43880,4195
2025-03-12T17:00:00Z,1.43879,1.43925,1.43740,1.43742,4580
2025-03-12T17:30:00Z,1.43741,1.43858,1.43636,1.43856,4416
2025-03-12T18:00:00Z,1.43855,1.43863,1.43645,1.43653,4711
2025-03-12T18:30:00Z,1.43653,1.43685,1.43527,1.43630,3774
2025-03-12T19:00:00Z,1.43630,1.43753,1.43623,1.43726,3582
2025-03-12T19:30:00Z,1.43724,1.43822,1.43696,1.43758,3343
2025-03-12T20:00:00Z,1.43757,1.43780,1.43643,1.43644,1448
2025-03-12T20:30:00Z,1.43644,1.43718,1.43643,1.43647,1629
2025-03-12T21:00:00Z,1.43641,1.43669,1.43629,1.43646,83
2025-03-12T21:30:00Z,1.43646,1.43703,1.43645,1.43655,161
2025-03-12T22:00:00Z,1.43654,1.43663,1.43632,1.43645,605
2025-03-12T22:30:00Z,1.43647,1.43650,1.43633,1.43640,1224
2025-03-12T23:00:00Z,1.43639,1.43659,1.43580,1.43658,1665
2025-03-12T23:30:00Z,1.43658,1.43683,1.43588,1.43590,481
2025-03-13T00:00:00Z,1.43589,1.43678,1.43587,1.43666,1523
2025-03-13T00:30:00Z,1.43666,1.43676,1.43606,1.43622,1804
2025-03-13T01:00:00Z,1.43621,1.43743,1.43601,1.43729,2712
2025-03-13T01:30:00Z,1.43728,1.43760,1.43649,1.43694,3419
2025-03-13T02:00:00Z,1.43695,1.43742,1.43654,1.43735,3832
2025-03-13T02:30:00Z,1.43734,1.43760,1.43715,1.43744,4092
2025-03-13T03:00:00Z,1.43745,1.43791,1.43744,1.43788,4741
2025-03-13T03:30:00Z,1.43788,1.43873,1.43787,1.43872,4844
2025-03-13T04:00:00Z,1.43872,1.43887,1.43836,1.43860,3619
2025-03-13T04:30:00Z,1.43860,1.43930,1.43853,1.43874,4183
2025-03-13T05:00:00Z,1.43874,1.43934,1.43873,1.43910,3708
2025-03-13T05:30:00Z,1.43910,1.43984,1.43905,1.43940,3939
2025-03-13T06:00:00Z,1.43941,1.44018,1.43929,1.43964,4565
2025-03-13T06:30:00Z,1.43964,1.44023,1.43928,1.43964,4573
2025-03-13T07:00:00Z,1.43962,1.43994,1.43915,1.43934,6377
2025-03-13T07:30:00Z,1.43935,1.44039,1.43913,1.43965,6345
2025-03-13T08:00:00Z,1.43964,1.44004,1.43789,1.43796,8682
2025-03-13T08:30:00Z,1.43797,1.43895,1.43797,1.43878,5575
2025-03-13T09:00:00Z,1.43878,1.43920,1.43752,1.43754,5636
2025-03-13T09:30:00Z,1.43753,1.43790,1.43677,1.43690,5117
2025-03-13T10:00:00Z,1.43691,1.43738,1.43663,1.43735,3693
2025-03-13T10:30:00Z,1.43737,1.43805,1.43728,1.43735,4639
2025-03-13T11:00:00Z,1.43736,1.43838,1.43712,1.43791,5559
2025-03-13T11:30:00Z,1.43793,1.43869,1.43718,1.43776,4581
2025-03-13T12:00:00Z,1.43776,1.43961,1.43776,1.43863,7401
2025-03-13T12:30:00Z,1.43868,1.44017,1.43645,1.43975,10003
2025-03-13T13:00:00Z,1.43974,1.44040,1.43871,1.43928,6247
2025-03-13T13:30:00Z,1.43928,1.43979,1.43781,1.43958,8880
2025-03-13T14:00:00Z,1.43959,1.44031,1.43833,1.43879,10246
2025-03-13T14:30:00Z,1.43878,1.43961,1.43795,1.43871,8274
2025-03-13T15:00:00Z,1.43869,1.44059,1.43846,1.43985,7494
2025-03-13T15:30:00Z,1.43985,1.44044,1.43926,1.43987,9544
2025-03-13T16:00:00Z,1.43986,1.44149,1.43959,1.44109,7487
2025-03-13T16:30:00Z,1.44108,1.44251,1.44030,1.44206,5312
2025-03-13T17:00:00Z,1.44206,1.44505,1.44186,1.44470,6402
2025-03-13T17:30:00Z,1.44472,1.44510,1.44391,1.44494,4500
2025-03-13T18:00:00Z,1.44493,1.44499,1.44225,1.44226,6025
2025-03-13T18:30:00Z,1.44225,1.44263,1.44214,1.44230,4273
2025-03-13T19:00:00Z,1.44231,1.44295,1.44187,1.44239,3774
2025-03-13T19:30:00Z,1.44238,1.44353,1.44208,1.44347,3915
2025-03-13T20:00:00Z,1.44346,1.44379,1.44282,1.44294,2000
2025-03-13T20:30:00Z,1.44292,1.44429,1.44292,1.44376,2094
2025-03-13T21:00:00Z,1.44365,1.44453,1.44334,1.44402,150
2025-03-13T21:30:00Z,1.44402,1.44428,1.44365,1.44397,240
2025-03-13T22:00:00Z,1.44384,1.44399,1.44298,1.44301,738
2025-03-13T22:30:00Z,1.44302,1.44305,1.44246,1.44254,1137
2025-03-13T23:00:00Z,1.44255,1.44306,1.44248,1.44278,1741
2025-03-13T23:30:00Z,1.44278,1.44309,1.44248,1.44265,1248
2025-03-14T00:00:00Z,1.44266,1.44366,1.44260,1.44352,2167
2025-03-14T00:30:00Z,1.44354,1.44355,1.44257,1.44315,3305
2025-03-14T01:00:00Z,1.44313,1.44399,1.44305,1.44381,3215
2025-03-14T01:30:00Z,1.44380,1.44411,1.44295,1.44348,5171
2025-03-14T02:00:00Z,1.44348,1.44397,1.44321,1.44388,4845
2025-03-14T02:30:00Z,1.44387,1.44411,1.44359,1.44364,4754
2025-03-14T03:00:00Z,1.44363,1.44367,1.44302,1.44323,4872
2025-03-14T03:30:00Z,1.44321,1.44323,1.44268,1.44269,6135
2025-03-14T04:00:00Z,1.44270,1.44318,1.44265,1.44311,3703
2025-03-14T04:30:00Z,1.44311,1.44356,1.44272,1.44284,4719
2025-03-14T05:00:00Z,1.44286,1.44337,1.44270,1.44321,5887
2025-03-14T05:30:00Z,1.44321,1.44348,1.44266,1.44286,4506
2025-03-14T06:00:00Z,1.44289,1.44312,1.44250,1.44293,4533
2025-03-14T06:30:00Z,1.44292,1.44309,1.44205,1.44258,4022
2025-03-14T07:00:00Z,1.44260,1.44281,1.44178,1.44206,4614
2025-03-14T07:30:00Z,1.44205,1.44269,1.44167,1.44214,4558
2025-03-14T08:00:00Z,1.44215,1.44285,1.44126,1.44131,6150
2025-03-14T08:30:00Z,1.44132,1.44174,1.44117,1.44134,3867
2025-03-14T09:00:00Z,1.44133,1.44224,1.44103,1.44210,3606
2025-03-14T09:30:00Z,1.44211,1.44231,1.44139,1.44197,4320
2025-03-14T10:00:00Z,1.44196,1.44227,1.44141,1.44221,3739
2025-03-14T10:30:00Z,1.44221,1.44333,1.44108,1.44178,9202
2025-03-14T11:00:00Z,1.44177,1.44319,1.44166,1.44299,6575
2025-03-14T11:30:00Z,1.44300,1.44360,1.44187,1.44187,5259
2025-03-14T12:00:00Z,1.44188,1.44242,1.44145,1.44172,4665
2025-03-14T12:30:00Z,1.44171,1.44221,1.44051,1.44084,4838
2025-03-14T13:00:00Z,1.44086,1.44114,1.43959,1.44027,4392
2025-03-14T13:30:00Z,1.44027,1.44128,1.43844,1.43874,9501
2025-03-14T14:00:00Z,1.43874,1.44011,1.43759,1.43946,9274
2025-03-14T14:30:00Z,1.43949,1.44002,1.43862,1.43895,7210
2025-03-14T15:00:00Z,1.43895,1.43980,1.43847,1.43938,6556
2025-03-14T15:30:00Z,1.43937,1.43939,1.43770,1.43782,6973
2025-03-14T16:00:00Z,1.43781,1.43940,1.43697,1.43937,5949
2025-03-14T16:30:00Z,1.43937,1.43942,1.43702,1.43737,4343
2025-03-14T17:00:00Z,1.43737,1.43763,1.43684,1.43698,3383
2025-03-14T17:30:00Z,1.43697,1.43842,1.43697,1.43761,3511
2025-03-14T18:00:00Z,1.43759,1.43792,1.43707,1.43733,3809
2025-03-14T18:30:00Z,1.43734,1.43747,1.43646,1.43734,2716
2025-03-14T19:00:00Z,1.43734,1.43775,1.43713,1.43759,1914
2025-03-14T19:30:00Z,1.43759,1.43771,1.43575,1.43627,3021
2025-03-14T20:00:00Z,1.43629,1.43653,1.43585,1.43593,1811
2025-03-14T20:30:00Z,1.43594,1.43809,1.43547,1.43672,4056
2025-03-16T21:00:00Z,1.43731,1.43763,1.43645,1.43672,159
2025-03-16T21:30:00Z,1.43678,1.43702,1.43602,1.43652,248
2025-03-16T22:00:00Z,1.43679,1.43695,1.43623,1.43665,3477
2025-03-16T22:30:00Z,1.43666,1.43704,1.43573,1.43632,2368
2025-03-16T23:00:00Z,1.43632,1.43664,1.43601,1.43638,1661
2025-03-16T23:30:00Z,1.43639,1.43734,1.43630,1.43733,1330
2025-03-17T00:00:00Z,1.43734,1.43744,1.43649,1.43651,2690
2025-03-17T00:30:00Z,1.43651,1.43726,1.43642,1.43697,2647
2025-03-17T01:00:00Z,1.43695,1.43772,1.43663,1.43707,3286
2025-03-17T01:30:00Z,1.43706,1.43750,1.43676,1.43739,4088
2025-03-17T02:00:00Z,1.43738,1.43782,1.43721,1.43747,3077
2025-03-17T02:30:00Z,1.43750,1.43767,1.43720,1.43743,2309
2025-03-17T03:00:00Z,1.43743,1.43762,1.43722,1.43756,3155
2025-03-17T03:30:00Z,1.43755,1.43779,1.43727,1.43741,2471
2025-03-17T04:00:00Z,1.43739,1.43764,1.43655,1.43741,3028
2025-03-17T04:30:00Z,1.43741,1.43746,1.43709,1.43728,2509
2025-03-17T05:00:00Z,1.43729,1.43786,1.43717,1.43769,3352
2025-03-17T05:30:00Z,1.43770,1.43787,1.43733,1.43758,2284
2025-03-17T06:00:00Z,1.43756,1.43799,1.43736,1.43789,2796
2025-03-17T06:30:00Z,1.43789,1.43798,1.43644,1.43647,2487
2025-03-17T07:00:00Z,1.43647,1.43690,1.43612,1.43649,3445
2025-03-17T07:30:00Z,1.43648,1.43712,1.43593,1.43626,3712
2025-03-17T08:00:00Z,1.43625,1.43690,1.43604,1.43655,4164
2025-03-17T08:30:00Z,1.43654,1.43702,1.43614,1.43622,3813
2025-03-17T09:00:00Z,1.43621,1.43636,1.43557,1.43575,3466
2025-03-17T09:30:00Z,1.43576,1.43631,1.43540,1.43569,3959
2025-03-17T10:00:00Z,1.43571,1.43582,1.43519,1.43521,3401
2025-03-17T10:30:00Z,1.43520,1.43553,1.43469,1.43524,2929
2025-03-17T11:00:00Z,1.43524,1.43569,1.43480,1.43482,3857
2025-03-17T11:30:00Z,1.43481,1.43543,1.43466,1.43477,2344
2025-03-17T12:00:00Z,1.43477,1.43507,1.43416,1.43459,2740
2025-03-17T12:30:00Z,1.43460,1.43510,1.43377,1.43392,7433
2025-03-17T13:00:00Z,1.43394,1.43456,1.43263,1.43382,5410
2025-03-17T13:30:00Z,1.43381,1.43381,1.43051,1.43146,7248
2025-03-17T14:00:00Z,1.43147,1.43254,1.43143,1.43203,5308
2025-03-17T14:30:00Z,1.43206,1.43273,1.43127,1.43139,4387
2025-03-17T15:00:00Z,1.43141,1.43176,1.42966,1.43039,4213
2025-03-17T15:30:00Z,1.43039,1.43057,1.42891,1.42989,5356
2025-03-17T16:00:00Z,1.42990,1.43021,1.42820,1.42868,4407
2025-03-17T16:30:00Z,1.42867,1.42951,1.42866,1.42929,2226
2025-03-17T17:00:00Z,1.42930,1.42938,1.42840,1.42869,2710
2025-03-17T17:30:00Z,1.42869,1.42901,1.42817,1.42850,3007
2025-03-17T18:00:00Z,1.42849,1.42868,1.42769,1.42777,2503
2025-03-17T18:30:00Z,1.42779,1.42838,1.42750,1.42822,2031
2025-03-17T19:00:00Z,1.42825,1.42861,1.42805,1.42813,1975
2025-03-17T19:30:00Z,1.42814,1.42863,1.42800,1.42830,2144
2025-03-17T20:00:00Z,1.42830,1.42881,1.42823,1.42837,1668
2025-03-17T20:30:00Z,1.42837,1.42913,1.42818,1.42837,3940
2025-03-17T21:00:00Z,1.42833,1.42909,1.42808,1.42909,272
2025-03-17T21:30:00Z,1.42909,1.42910,1.42843,1.42863,319
2025-03-17T22:00:00Z,1.42882,1.42927,1.42842,1.42908,798
2025-03-17T22:30:00Z,1.42909,1.42928,1.42898,1.42918,424
2025-03-17T23:00:00Z,1.42915,1.42954,1.42904,1.42947,1038
2025-03-17T23:30:00Z,1.42946,1.42995,1.42899,1.42980,1126
2025-03-18T00:00:00Z,1.42980,1.42981,1.42911,1.42930,2996
2025-03-18T00:30:00Z,1.42932,1.42952,1.42906,1.42938,2867
2025-03-18T01:00:00Z,1.42940,1.42963,1.42879,1.42898,2466
2025-03-18T01:30:00Z,1.42897,1.42972,1.42892,1.42972,2574
2025-03-18T02:00:00Z,1.42973,1.43039,1.42940,1.43035,3182
2025-03-18T02:30:00Z,1.43036,1.43044,1.43008,1.43032,2553
2025-03-18T03:00:00Z,1.43032,1.43071,1.43021,1.43044,1819
2025-03-18T03:30:00Z,1.43043,1.43060,1.43032,1.43048,2096
2025-03-18T04:00:00Z,1.43048,1.43060,1.43029,1.43035,1599
2025-03-18T04:30:00Z,1.43035,1.43046,1.43008,1.43023,2208
2025-03-18T05:00:00Z,1.43023,1.43043,1.43009,1.43032,1465
2025-03-18T05:30:00Z,1.43031,1.43055,1.43017,1.43044,1861
2025-03-18T06:00:00Z,1.43042,1.43073,1.43019,1.43049,1924
2025-03-18T06:30:00Z,1.43049,1.43055,1.42924,1.42935,2015
2025-03-18T07:00:00Z,1.42934,1.42990,1.42925,1.42947,2606
2025-03-18T07:30:00Z,1.42947,1.42970,1.42910,1.42933,2711
2025-03-18T08:00:00Z,1.42932,1.42940,1.42767,1.42782,3218
2025-03-18T08:30:00Z,1.42785,1.42816,1.42721,1.42774,2517
2025-03-18T09:00:00Z,1.42772,1.42805,1.42750,1.42767,2858
2025-03-18T09:30:00Z,1.42765,1.42837,1.42762,1.42819,2267
2025-03-18T10:00:00Z,1.42819,1.42929,1.42805,1.42926,3097
2025-03-18T10:30:00Z,1.42924,1.42979,1.42894,1.42941,2788
2025-03-18T11:00:00Z,1.42939,1.42943,1.42835,1.42860,2953
2025-03-18T11:30:00Z,1.42858,1.42922,1.42823,1.42871,3263
2025-03-18T12:00:00Z,1.42871,1.42947,1.42822,1.42854,3826
2025-03-18T12:30:00Z,1.42782,1.42934,1.42598,1.42900,6235
2025-03-18T13:00:00Z,1.42900,1.42916,1.42719,1.42721,4477
2025-03-18T13:30:00Z,1.42718,1.42950,1.42708,1.42886,7032
2025-03-18T14:00:00Z,1.42886,1.42994,1.42849,1.42891,7388
2025-03-18T14:30:00Z,1.42893,1.43087,1.42893,1.43075,6114
2025-03-18T15:00:00Z,1.43070,1.43183,1.43058,1.43091,6877
2025-03-18T15:30:00Z,1.43089,1.43145,1.43015,1.43118,6301
2025-03-18T16:00:00Z,1.43118,1.43145,1.43023,1.43025,3862
2025-03-18T16:30:00Z,1.43024,1.43190,1.43015,1.43088,3562
2025-03-18T17:00:00Z,1.43090,1.43188,1.43039,1.43075,4450
2025-03-18T17:30:00Z,1.43077,1.43123,1.43016,1.43030,3175
2025-03-18T18:00:00Z,1.43029,1.43134,1.43028,1.43129,2185
2025-03-18T18:30:00Z,1.43130,1.43132,1.43020,1.43025,2870
2025-03-18T19:00:00Z,1.43024,1.43060,1.42982,1.42986,2226
2025-03-18T19:30:00Z,1.42985,1.43024,1.42917,1.42950,2100
2025-03-18T20:00:00Z,1.42946,1.42968,1.42917,1.42960,1032
2025-03-18T20:30:00Z,1.42959,1.43027,1.42932,1.42932,2801
2025-03-18T21:00:00Z,1.42933,1.42982,1.42907,1.42974,278
2025-03-18T21:30:00Z,1.42975,1.42988,1.42970,1.42988,114
2025-03-18T22:00:00Z,1.42986,1.43014,1.42947,1.42990,1126
2025-03-18T22:30:00Z,1.42993,1.42995,1.42969,1.42971,555
2025-03-18T23:00:00Z,1.42969,1.42995,1.42952,1.42986,1005
2025-03-18T23:30:00Z,1.42985,1.43003,1.42951,1.42993,1063
2025-03-19T00:00:00Z,1.42992,1.43014,1.42951,1.42968,1617
2025-03-19T00:30:00Z,1.42969,1.42995,1.42953,1.42975,2117
2025-03-19T01:00:00Z,1.42973,1.43041,1.42973,1.43015,1813
2025-03-19T01:30:00Z,1.43014,1.43057,1.43012,1.43053,3153
2025-03-19T02:00:00Z,1.43053,1.43082,1.43021,1.43052,2619
2025-03-19T02:30:00Z,1.43052,1.43065,1.43016,1.43060,1707
2025-03-19T03:00:00Z,1.43059,1.43127,1.43027,1.43112,1744
2025-03-19T03:30:00Z,1.43113,1.43113,1.43075,1.43093,1531
2025-03-19T04:00:00Z,1.43091,1.43106,1.43075,1.43104,1575
2025-03-19T04:30:00Z,1.43101,1.43119,1.43092,1.43100,1024
2025-03-19T05:00:00Z,1.43099,1.43110,1.43071,1.43101,1419
2025-03-19T05:30:00Z,1.43099,1.43116,1.43076,1.43100,1608
2025-03-19T06:00:00Z,1.43099,1.43165,1.43078,1.43114,1371
2025-03-19T06:30:00Z,1.43114,1.43159,1.43068,1.43150,2429
2025-03-19T07:00:00Z,1.43152,1.43216,1.43140,1.43152,3561
2025-03-19T07:30:00Z,1.43150,1.43307,1.43147,1.43262,6477
2025-03-19T08:00:00Z,1.43262,1.43266,1.43078,1.43091,6487
2025-03-19T08:30:00Z,1.43092,1.43235,1.43091,1.43219,4818
2025-03-19T09:00:00Z,1.43218,1.43282,1.43201,1.43237,4956
2025-03-19T09:30:00Z,1.43237,1.43270,1.43182,1.43225,3718
2025-03-19T10:00:00Z,1.43225,1.43321,1.43212,1.43317,2447
2025-03-19T10:30:00Z,1.43317,1.43344,1.43267,1.43271,2303
2025-03-19T11:00:00Z,1.43276,1.43293,1.43244,1.43261,2098
2025-03-19T11:30:00Z,1.43263,1.43267,1.43158,1.43190,3385
2025-03-19T12:00:00Z,1.43188,1.43228,1.43143,1.43212,3602
2025-03-19T12:30:00Z,1.43213,1.43246,1.43145,1.43228,3565
2025-03-19T13:00:00Z,1.43228,1.43250,1.43168,1.43184,3427
2025-03-19T13:30:00Z,1.43185,1.43201,1.43092,1.43167,4951
2025-03-19T14:00:00Z,1.43167,1.43259,1.43108,1.43254,3697
2025-03-19T14:30:00Z,1.43253,1.43287,1.43170,1.43254,4349
2025-03-19T15:00:00Z,1.43254,1.43302,1.43219,1.43260,3374
2025-03-19T15:30:00Z,1.43260,1.43373,1.43244,1.43291,4231
2025-03-19T16:00:00Z,1.43290,1.43302,1.43240,1.43269,3456
2025-03-19T16:30:00Z,1.43270,1.43323,1.43257,1.43311,2529
2025-03-19T17:00:00Z,1.43311,1.43482,1.43301,1.43465,3356
2025-03-19T17:30:00Z,1.43465,1.43485,1.43352,1.43352,3588
2025-03-19T18:00:00Z,1.43352,1.43428,1.43240,1.43333,9665
2025-03-19T18:30:00Z,1.43333,1.43333,1.43093,1.43102,8481
2025-03-19T19:00:00Z,1.43107,1.43327,1.43077,1.43286,5730
2025-03-19T19:30:00Z,1.43285,1.43301,1.43180,1.43241,6092
2025-03-19T20:00:00Z,1.43242,1.43242,1.43171,1.43220,1368
2025-03-19T20:30:00Z,1.43220,1.43309,1.43216,1.43241,2076
2025-03-19T21:00:00Z,1.43240,1.43266,1.43228,1.43262,187
2025-03-19T21:30:00Z,1.43260,1.43260,1.43178,1.43178,480
2025-03-19T22:00:00Z,1.43189,1.43217,1.43139,1.43166,998
2025-03-19T22:30:00Z,1.43167,1.43210,1.43166,1.43207,975
2025-03-19T23:00:00Z,1.43207,1.43233,1.43199,1.43209,1568
2025-03-19T23:30:00Z,1.43209,1.43232,1.43169,1.43224,1364
2025-03-20T00:00:00Z,1.43223,1.43230,1.43171,1.43212,2413
2025-03-20T00:30:00Z,1.43221,1.43329,1.43212,1.43222,4053
2025-03-20T01:00:00Z,1.43223,1.43347,1.43221,1.43325,2701
2025-03-20T01:30:00Z,1.43323,1.43340,1.43275,1.43337,2802
2025-03-20T02:00:00Z,1.43335,1.43339,1.43243,1.43250,3652
2025-03-20T02:30:00Z,1.43249,1.43309,1.43222,1.43284,2902
2025-03-20T03:00:00Z,1.43283,1.43295,1.43220,1.43225,2425
2025-03-20T03:30:00Z,1.43226,1.43263,1.43203,1.43239,1487
2025-03-20T04:00:00Z,1.43239,1.43249,1.43196,1.43200,1655
2025-03-20T04:30:00Z,1.43201,1.43295,1.43197,1.43294,2016
2025-03-20T05:00:00Z,1.43294,1.43352,1.43294,1.43341,1605
2025-03-20T05:30:00Z,1.43342,1.43391,1.43327,1.43328,2223
2025-03-20T06:00:00Z,1.43330,1.43361,1.43315,1.43354,2314
2025-03-20T06:30:00Z,1.43354,1.43419,1.43328,1.43398,1616
2025-03-20T07:00:00Z,1.43400,1.43489,1.43399,1.43424,3303
2025-03-20T07:30:00Z,1.43426,1.43441,1.43381,1.43404,2761
2025-03-20T08:00:00Z,1.43401,1.43507,1.43396,1.43489,2985
2025-03-20T08:30:00Z,1.43491,1.43551,1.43466,1.43539,3241
2025-03-20T09:00:00Z,1.43539,1.43684,1.43509,1.43667,4098
2025-03-20T09:30:00Z,1.43667,1.43758,1.43636,1.43733,4541
2025-03-20T10:00:00Z,1.43732,1.43903,1.43685,1.43863,7772
2025-03-20T10:30:00Z,1.43864,1.43892,1.43750,1.43764,5829
2025-03-20T11:00:00Z,1.43763,1.43845,1.43750,1.43837,3494
2025-03-20T11:30:00Z,1.43837,1.43855,1.43736,1.43751,2357
2025-03-20T12:00:00Z,1.43751,1.43837,1.43700,1.43809,4057
2025-03-20T12:30:00Z,1.43797,1.43879,1.43780,1.43849,5076
2025-03-20T13:00:00Z,1.43847,1.43991,1.43820,1.43977,6185
2025-03-20T13:30:00Z,1.43977,1.44012,1.43704,1.43710,8107
2025-03-20T14:00:00Z,1.43711,1.43719,1.43542,1.43586,6782
2025-03-20T14:30:00Z,1.43587,1.43590,1.43511,1.43546,4931
2025-03-20T15:00:00Z,1.43545,1.43591,1.43423,1.43443,4562
2025-03-20T15:30:00Z,1.43444,1.43508,1.43266,1.43271,4965
2025-03-20T16:00:00Z,1.43271,1.43355,1.43169,1.43334,5048
2025-03-20T16:30:00Z,1.43333,1.43357,1.43293,1.43325,3381
2025-03-20T17:00:00Z,1.43327,1.43358,1.43215,1.43344,4286
2025-03-20T17:30:00Z,1.43343,1.43351,1.43253,1.43266,3478
2025-03-20T18:00:00Z,1.43267,1.43297,1.43185,1.43191,2107
2025-03-20T18:30:00Z,1.43193,1.43316,1.43193,1.43282,2426
2025-03-20T19:00:00Z,1.43281,1.43282,1.43161,1.43205,2562
2025-03-20T19:30:00Z,1.43203,1.43215,1.43122,1.43153,2417
2025-03-20T20:00:00Z,1.43155,1.43198,1.43145,1.43162,1477
2025-03-20T20:30:00Z,1.43161,1.43295,1.43161,1.43208,2857
2025-03-20T21:00:00Z,1.43187,1.43253,1.43187,1.43218,252
2025-03-20T21:30:00Z,1.43218,1.43234,1.43193,1.43223,307
2025-03-20T22:00:00Z,1.43245,1.43247,1.43194,1.43196,1641
2025-03-20T22:30:00Z,1.43196,1.43233,1.43196,1.43229,906
2025-03-20T23:00:00Z,1.43229,1.43258,1.43223,1.43246,928
2025-03-20T23:30:00Z,1.43245,1.43260,1.43206,1.43243,1230
2025-03-21T00:00:00Z,1.43244,1.43248,1.43197,1.43215,1823
2025-03-21T00:30:00Z,1.43217,1.43217,1.43165,1.43205,2239
2025-03-21T01:00:00Z,1.43205,1.43281,1.43196,1.43260,2917
2025-03-21T01:30:00Z,1.43260,1.43267,1.43144,1.43153,3821
2025-03-21T02:00:00Z,1.43151,1.43204,1.43139,1.43168,2835
2025-03-21T02:30:00Z,1.43170,1.43216,1.43167,1.43203,2386
2025-03-21T03:00:00Z,1.43202,1.43261,1.43193,1.43253,2924
2025-03-21T03:30:00Z,1.43252,1.43286,1.43236,1.43268,2588
2025-03-21T04:00:00Z,1.43267,1.43305,1.43244,1.43299,1976
2025-03-21T04:30:00Z,1.43298,1.43333,1.43266,1.43321,2302
2025-03-21T05:00:00Z,1.43321,1.43344,1.43297,1.43342,2514
2025-03-21T05:30:00Z,1.43342,1.43433,1.43327,1.43333,3796
2025-03-21T06:00:00Z,1.43332,1.43342,1.43263,1.43271,2751
2025-03-21T06:30:00Z,1.43269,1.43271,1.43214,1.43214,2473
2025-03-21T07:00:00Z,1.43213,1.43267,1.43172,1.43194,3640
2025-03-21T07:30:00Z,1.43195,1.43272,1.43177,1.43221,3513
2025-03-21T08:00:00Z,1.43222,1.43300,1.43131,1.43279,4071
2025-03-21T08:30:00Z,1.43280,1.43347,1.43280,1.43291,3324
2025-03-21T09:00:00Z,1.43291,1.43333,1.43272,1.43306,3390
2025-03-21T09:30:00Z,1.43307,1.43385,1.43307,1.43381,2981
2025-03-21T10:00:00Z,1.43380,1.43380,1.43272,1.43332,2374
2025-03-21T10:30:00Z,1.43333,1.43383,1.43271,1.43276,2511
2025-03-21T11:00:00Z,1.43280,1.43441,1.43279,1.43392,3612
2025-03-21T11:30:00Z,1.43394,1.43398,1.43327,1.43372,2667
2025-03-21T12:00:00Z,1.43374,1.43473,1.43313,1.43447,4398
2025-03-21T12:30:00Z,1.43447,1.43571,1.43421,1.43570,5976
2025-03-21T13:00:00Z,1.43572,1.43725,1.43546,1.43686,5190
2025-03-21T13:30:00Z,1.43686,1.43723,1.43510,1.43530,7773
2025-03-21T14:00:00Z,1.43530,1.43619,1.43403,1.43444,6876
2025-03-21T14:30:00Z,1.43442,1.43500,1.43406,1.43416,5422
2025-03-21T15:00:00Z,1.43416,1.43537,1.43363,1.43506,3198
2025-03-21T15:30:00Z,1.43505,1.43660,1.43467,1.43571,5511
2025-03-21T16:00:00Z,1.43575,1.43608,1.43420,1.43463,5505
2025-03-21T16:30:00Z,1.43466,1.43470,1.43391,1.43401,2982
2025-03-21T17:00:00Z,1.43400,1.43488,1.43393,1.43468,2850
2025-03-21T17:30:00Z,1.43470,1.43497,1.43318,1.43393,3445
2025-03-21T18:00:00Z,1.43394,1.43515,1.43376,1.43472,2327
2025-03-21T18:30:00Z,1.43473,1.43480,1.43400,1.43463,2194
2025-03-21T19:00:00Z,1.43464,1.43503,1.43449,1.43478,2321
2025-03-21T19:30:00Z,1.43478,1.43503,1.43400,1.43421,2719
2025-03-21T20:00:00Z,1.43425,1.43457,1.43381,1.43383,1117
2025-03-21T20:30:00Z,1.43382,1.43566,1.43366,1.43473,2217
2025-03-23T21:00:00Z,1.43501,1.43514,1.43496,1.43496,61
2025-03-23T21:30:00Z,1.43496,1.43496,1.43371,1.43414,252
2025-03-23T22:00:00Z,1.43406,1.43413,1.43288,1.43341,1218
2025-03-23T22:30:00Z,1.43341,1.43385,1.43335,1.43379,834
2025-03-23T23:00:00Z,1.43377,1.43385,1.43351,1.43379,1102
2025-03-23T23:30:00Z,1.43379,1.43388,1.43301,1.43330,1375
2025-03-24T00:00:00Z,1.43329,1.43331,1.43262,1.43281,1549
2025-03-24T00:30:00Z,1.43279,1.43353,1.43278,1.43317,1917
2025-03-24T01:00:00Z,1.43316,1.43372,1.43308,1.43366,2570
2025-03-24T01:30:00Z,1.43365,1.43406,1.43349,1.43387,3134
2025-03-24T02:00:00Z,1.43387,1.43427,1.43365,1.43397,2235
2025-03-24T02:30:00Z,1.43398,1.43460,1.43393,1.43453,1624
2025-03-24T03:00:00Z,1.43455,1.43455,1.43400,1.43448,1568
2025-03-24T03:30:00Z,1.43450,1.43485,1.43440,1.43470,1410
2025-03-24T04:00:00Z,1.43468,1.43503,1.43464,1.43483,1373
2025-03-24T04:30:00Z,1.43482,1.43482,1.43428,1.43440,995
2025-03-24T05:00:00Z,1.43438,1.43481,1.43438,1.43448,2254
2025-03-24T05:30:00Z,1.43445,1.43471,1.43425,1.43443,1679
2025-03-24T06:00:00Z,1.43443,1.43446,1.43348,1.43371,2557
2025-03-24T06:30:00Z,1.43372,1.43395,1.43337,1.43370,1985
2025-03-24T07:00:00Z,1.43370,1.43380,1.43258,1.43290,3390
2025-03-24T07:30:00Z,1.43290,1.43367,1.43287,1.43310,2120
2025-03-24T08:00:00Z,1.43312,1.43350,1.43254,1.43261,4411
2025-03-24T08:30:00Z,1.43265,1.43383,1.43261,1.43338,3623
2025-03-24T09:00:00Z,1.43337,1.43381,1.43316,1.43332,3562
2025-03-24T09:30:00Z,1.43330,1.43348,1.43249,1.43287,2902
2025-03-24T10:00:00Z,1.43287,1.43304,1.43206,1.43210,2591
2025-03-24T10:30:00Z,1.43209,1.43226,1.43176,1.43210,2003
2025-03-24T11:00:00Z,1.43210,1.43228,1.43148,1.43170,2039
2025-03-24T11:30:00Z,1.43167,1.43253,1.43152,1.43253,2024
2025-03-24T12:00:00Z,1.43252,1.43447,1.43252,1.43427,3322
2025-03-24T12:30:00Z,1.43428,1.43459,1.43340,1.43354,4965
2025-03-24T13:00:00Z,1.43355,1.43436,1.43320,1.43320,4590
2025-03-24T13:30:00Z,1.43322,1.43333,1.43150,1.43288,7248
2025-03-24T14:00:00Z,1.43289,1.43307,1.42974,1.43058,6325
2025-03-24T14:30:00Z,1.43066,1.43132,1.43027,1.43065,5346
2025-03-24T15:00:00Z,1.43064,1.43187,1.43039,1.43047,4315
2025-03-24T15:30:00Z,1.43045,1.43045,1.42887,1.42930,4519
2025-03-24T16:00:00Z,1.42931,1.43058,1.42917,1.43057,4539
2025-03-24T16:30:00Z,1.43057,1.43193,1.43051,1.43165,3672
2025-03-24T17:00:00Z,1.43165,1.43270,1.43141,1.43142,2883
2025-03-24T17:30:00Z,1.43142,1.43209,1.43132,1.43137,2792
2025-03-24T18:00:00Z,1.43137,1.43216,1.43133,1.43202,2063
2025-03-24T18:30:00Z,1.43203,1.43250,1.43067,1.43145,5772
2025-03-24T19:00:00Z,1.43143,1.43197,1.43096,1.43197,2208
2025-03-24T19:30:00Z,1.43197,1.43234,1.43138,1.43172,4578
2025-03-24T20:00:00Z,1.43171,1.43186,1.43086,1.43115,1639
2025-03-24T20:30:00Z,1.43113,1.43205,1.43113,1.43135,1597
2025-03-24T21:00:00Z,1.43098,1.43155,1.43096,1.43154,186
2025-03-24T21:30:00Z,1.43152,1.43182,1.43147,1.43169,236
2025-03-24T22:00:00Z,1.43180,1.43229,1.43156,1.43180,2794
2025-03-24T22:30:00Z,1.43179,1.43196,1.43174,1.43178,1154
2025-03-24T23:00:00Z,1.43179,1.43191,1.43157,1.43173,2145
2025-03-24T23:30:00Z,1.43173,1.43179,1.43149,1.43161,1002
2025-03-25T00:00:00Z,1.43163,1.43262,1.43154,1.43262,2060
2025-03-25T00:30:00Z,1.43261,1.43268,1.43199,1.43201,2394
2025-03-25T01:00:00Z,1.43203,1.43207,1.43104,1.43134,3891
2025-03-25T01:30:00Z,1.43135,1.43182,1.43105,1.43161,2935
2025-03-25T02:00:00Z,1.43161,1.43205,1.43156,1.43195,2615
2025-03-25T02:30:00Z,1.43196,1.43226,1.43174,1.43201,2448
2025-03-25T03:00:00Z,1.43202,1.43212,1.43162,1.43194,1827
2025-03-25T03:30:00Z,1.43194,1.43205,1.43163,1.43170,1736
2025-03-25T04:00:00Z,1.43171,1.43184,1.43156,1.43168,1348
2025-03-25T04:30:00Z,1.43170,1.43236,1.43162,1.43236,1614
2025-03-25T05:00:00Z,1.43236,1.43238,1.43155,1.43156,1749
2025-03-25T05:30:00Z,1.43156,1.43186,1.43155,1.43173,1796
2025-03-25T06:00:00Z,1.43173,1.43268,1.43172,1.43267,2106
2025-03-25T06:30:00Z,1.43272,1.43281,1.43240,1.43270,2479
2025-03-25T07:00:00Z,1.43269,1.43277,1.43201,1.43258,3489
2025-03-25T07:30:00Z,1.43256,1.43313,1.43193,1.43235,3232
2025-03-25T08:00:00Z,1.43233,1.43321,1.43206,1.43269,6689
2025-03-25T08:30:00Z,1.43268,1.43273,1.43166,1.43243,3538
2025-03-25T09:00:00Z,1.43242,1.43266,1.43158,1.43189,3396
2025-03-25T09:30:00Z,1.43189,1.43228,1.43156,1.43174,2322
2025-03-25T10:00:00Z,1.43177,1.43184,1.42950,1.42986,3847
2025-03-25T10:30:00Z,1.42986,1.43015,1.42877,1.42885,3064
2025-03-25T11:00:00Z,1.42885,1.42930,1.42829,1.42835,3976
2025-03-25T11:30:00Z,1.42836,1.42878,1.42804,1.42853,2468
2025-03-25T12:00:00Z,1.42852,1.42925,1.42821,1.42859,3086
2025-03-25T12:30:00Z,1.42861,1.42885,1.42800,1.42803,2592
2025-03-25T13:00:00Z,1.42802,1.42823,1.42773,1.42807,1947
2025-03-25T13:30:00Z,1.42805,1.42914,1.42704,1.42901,4864
2025-03-25T14:00:00Z,1.42904,1.43135,1.42878,1.43063,6038
2025-03-25T14:30:00Z,1.43064,1.43088,1.42910,1.43005,4533
2025-03-25T15:00:00Z,1.43005,1.43105,1.42979,1.43050,3754
2025-03-25T15:30:00Z,1.43049,1.43115,1.43006,1.43082,3950
2025-03-25T16:00:00Z,1.43082,1.43089,1.42998,1.43000,3122
2025-03-25T16:30:00Z,1.43000,1.43032,1.42977,1.42997,1688
2025-03-25T17:00:00Z,1.42995,1.43057,1.42947,1.43055,2313
2025-03-25T17:30:00Z,1.43055,1.43055,1.42969,1.42974,1960
2025-03-25T18:00:00Z,1.42974,1.43043,1.42955,1.43014,1876
2025-03-25T18:30:00Z,1.43014,1.43079,1.42884,1.42971,2905
2025-03-25T19:00:00Z,1.42969,1.42981,1.42897,1.42965,2300
2025-03-25T19:30:00Z,1.42963,1.42963,1.42788,1.42788,2883
2025-03-25T20:00:00Z,1.42793,1.42808,1.42717,1.42726,866
2025-03-25T20:30:00Z,1.42724,1.42858,1.42724,1.42740,1780
2025-03-25T21:00:00Z,1.42718,1.42800,1.42701,1.42782,260
2025-03-25T21:30:00Z,1.42782,1.42800,1.42776,1.42783,427
2025-03-25T22:00:00Z,1.42809,1.42818,1.42732,1.42776,1163
2025-03-25T22:30:00Z,1.42776,1.42799,1.42734,1.42735,520
2025-03-25T23:00:00Z,1.42736,1.42776,1.42734,1.42752,1007
2025-03-25T23:30:00Z,1.42754,1.42766,1.42724,1.42726,690
2025-03-26T00:00:00Z,1.42725,1.42796,1.42715,1.42796,1524
2025-03-26T00:30:00Z,1.42802,1.42869,1.42756,1.42863,3105
2025-03-26T01:00:00Z,1.42864,1.42978,1.42837,1.42851,3797
2025-03-26T01:30:00Z,1.42851,1.42861,1.42736,1.42750,3390
2025-03-26T02:00:00Z,1.42749,1.42797,1.42742,1.42757,2698
2025-03-26T02:30:00Z,1.42757,1.42774,1.42719,1.42722,2005
2025-03-26T03:00:00Z,1.42721,1.42735,1.42697,1.42721,2173
2025-03-26T03:30:00Z,1.42721,1.42753,1.42708,1.42737,2600
2025-03-26T04:00:00Z,1.42735,1.42783,1.42729,1.42743,1618
2025-03-26T04:30:00Z,1.42746,1.42788,1.42730,1.42739,1903
2025-03-26T05:00:00Z,1.42739,1.42775,1.42720,1.42739,2747
2025-03-26T05:30:00Z,1.42742,1.42752,1.42698,1.42739,2557
2025-03-26T06:00:00Z,1.42739,1.42773,1.42730,1.42735,2682
2025-03-26T06:30:00Z,1.42733,1.42753,1.42614,1.42621,2263
2025-03-26T07:00:00Z,1.42625,1.42655,1.42493,1.42505,3714
2025-03-26T07:30:00Z,1.42505,1.42542,1.42465,1.42499,3523
2025-03-26T08:00:00Z,1.42494,1.42561,1.42457,1.42508,4485
2025-03-26T08:30:00Z,1.42509,1.42580,1.42498,1.42507,3533
2025-03-26T09:00:00Z,1.42509,1.42544,1.42488,1.42518,2679
2025-03-26T09:30:00Z,1.42519,1.42525,1.42463,1.42524,2770
2025-03-26T10:00:00Z,1.42525,1.42557,1.42478,1.42504,2887
2025-03-26T10:30:00Z,1.42505,1.42515,1.42442,1.42451,1942
2025-03-26T11:00:00Z,1.42452,1.42521,1.42445,1.42520,2532
2025-03-26T11:30:00Z,1.42521,1.42551,1.42482,1.42539,2332
2025-03-26T12:00:00Z,1.42536,1.42668,1.42511,1.42626,3484
2025-03-26T12:30:00Z,1.42626,1.42717,1.42615,1.42673,4338
2025-03-26T13:00:00Z,1.42672,1.42697,1.42616,1.42670,4076
2025-03-26T13:30:00Z,1.42669,1.42671,1.42406,1.42508,6420
2025-03-26T14:00:00Z,1.42509,1.42611,1.42478,1.42556,5590
2025-03-26T14:30:00Z,1.42558,1.42580,1.42499,1.42514,4634
2025-03-26T15:00:00Z,1.42515,1.42521,1.42346,1.42479,5263
2025-03-26T15:30:00Z,1.42479,1.42647,1.42394,1.42553,5481
2025-03-26T16:00:00Z,1.42554,1.42706,1.42548,1.42632,5792
2025-03-26T16:30:00Z,1.42633,1.42664,1.42598,1.42652,2776
2025-03-26T17:00:00Z,1.42652,1.42912,1.42633,1.42879,5049
2025-03-26T17:30:00Z,1.42878,1.42961,1.42791,1.42858,5575
2025-03-26T18:00:00Z,1.42857,1.42945,1.42794,1.42802,3306
2025-03-26T18:30:00Z,1.42802,1.42880,1.42757,1.42877,3158
2025-03-26T19:00:00Z,1.42878,1.42971,1.42852,1.42967,2992
2025-03-26T19:30:00Z,1.42968,1.42968,1.42805,1.42818,4206
2025-03-26T20:00:00Z,1.42817,1.42838,1.42761,1.42838,1168
2025-03-26T20:30:00Z,1.42837,1.42849,1.42626,1.42654,2177
2025-03-26T21:00:00Z,1.42636,1.42849,1.42613,1.42816,376
2025-03-26T21:30:00Z,1.42817,1.43020,1.42816,1.43020,1045
2025-03-26T22:00:00Z,1.43019,1.43160,1.42741,1.43073,5091
2025-03-26T22:30:00Z,1.43070,1.43070,1.42938,1.43026,3698
2025-03-26T23:00:00Z,1.43027,1.43090,1.42966,1.42975,3293
2025-03-26T23:30:00Z,1.42974,1.42990,1.42935,1.42957,2739
2025-03-27T00:00:00Z,1.42958,1.42978,1.42886,1.42889,3504
2025-03-27T00:30:00Z,1.42890,1.42907,1.42838,1.42867,2768
2025-03-27T01:00:00Z,1.42866,1.42870,1.42777,1.42788,4031
2025-03-27T01:30:00Z,1.42785,1.42851,1.42765,1.42802,4213
2025-03-27T02:00:00Z,1.42802,1.42802,1.42679,1.42691,4260
2025-03-27T02:30:00Z,1.42689,1.42700,1.42627,1.42672,4459
2025-03-27T03:00:00Z,1.42673,1.42694,1.42620,1.42652,3302
2025-03-27T03:30:00Z,1.42653,1.42669,1.42637,1.42663,2221
2025-03-27T04:00:00Z,1.42664,1.42674,1.42596,1.42606,2704
2025-03-27T04:30:00Z,1.42606,1.42655,1.42591,1.42650,2407
2025-03-27T05:00:00Z,1.42649,1.42680,1.42621,1.42640,2216
2025-03-27T05:30:00Z,1.42640,1.42808,1.42638,1.42744,4422
2025-03-27T06:00:00Z,1.42746,1.42752,1.42645,1.42664,3790
2025-03-27T06:30:00Z,1.42663,1.42744,1.42646,1.42728,3546
2025-03-27T07:00:00Z,1.42729,1.42877,1.42712,1.42857,5257
2025-03-27T07:30:00Z,1.42858,1.42973,1.42858,1.42972,4187
2025-03-27T08:00:00Z,1.42970,1.43055,1.42903,1.42939,7403
2025-03-27T08:30:00Z,1.42941,1.42954,1.42830,1.42832,5442
2025-03-27T09:00:00Z,1.42832,1.42915,1.42778,1.42889,3716
2025-03-27T09:30:00Z,1.42889,1.42901,1.42835,1.42861,2600
2025-03-27T10:00:00Z,1.42859,1.42945,1.42850,1.42908,2587
2025-03-27T10:30:00Z,1.42908,1.42957,1.42870,1.42922,3464
2025-03-27T11:00:00Z,1.42921,1.42924,1.42786,1.42841,4134
2025-03-27T11:30:00Z,1.42843,1.42843,1.42754,1.42759,2432
2025-03-27T12:00:00Z,1.42760,1.42932,1.42754,1.42879,3221
2025-03-27T12:30:00Z,1.42883,1.42974,1.42798,1.42965,4789
2025-03-27T13:00:00Z,1.42963,1.43177,1.42957,1.43151,4993
2025-03-27T13:30:00Z,1.43149,1.43286,1.43055,1.43124,7148
2025-03-27T14:00:00Z,1.43123,1.43279,1.43081,1.43232,5576
2025-03-27T14:30:00Z,1.43233,1.43246,1.43036,1.43117,5413
2025-03-27T15:00:00Z,1.43116,1.43179,1.42956,1.43028,6146
2025-03-27T15:30:00Z,1.43029,1.43234,1.42917,1.43179,7491
2025-03-27T16:00:00Z,1.43179,1.43204,1.43067,1.43122,4723
2025-03-27T16:30:00Z,1.43122,1.43180,1.43086,1.43148,3507
2025-03-27T17:00:00Z,1.43148,1.43179,1.42993,1.43119,3467
2025-03-27T17:30:00Z,1.43120,1.43191,1.43071,1.43153,2609
2025-03-27T18:00:00Z,1.43152,1.43159,1.43012,1.43119,2190
2025-03-27T18:30:00Z,1.43119,1.43211,1.43080,1.43195,2993
2025-03-27T19:00:00Z,1.43193,1.43193,1.43028,1.43070,2386
2025-03-27T19:30:00Z,1.43069,1.43130,1.43055,1.43101,2709
2025-03-27T20:00:00Z,1.43104,1.43106,1.43033,1.43042,852
2025-03-27T20:30:00Z,1.43040,1.43058,1.43012,1.43043,1262
2025-03-27T21:00:00Z,1.43033,1.43113,1.42945,1.43068,179
2025-03-27T21:30:00Z,1.43067,1.43083,1.43049,1.43049,431
2025-03-27T22:00:00Z,1.43054,1.43127,1.43053,1.43104,431
2025-03-27T22:30:00Z,1.43103,1.43104,1.43072,1.43089,558
2025-03-27T23:00:00Z,1.43088,1.43111,1.43075,1.43086,1007
2025-03-27T23:30:00Z,1.43086,1.43098,1.43063,1.43064,965
2025-03-28T00:00:00Z,1.43066,1.43154,1.43064,1.43144,1989
2025-03-28T00:30:00Z,1.43143,1.43152,1.43090,1.43099,2733
2025-03-28T01:00:00Z,1.43099,1.43150,1.43096,1.43143,2352
2025-03-28T01:30:00Z,1.43142,1.43150,1.43108,1.43138,2655
2025-03-28T02:00:00Z,1.43138,1.43140,1.43077,1.43107,2630
2025-03-28T02:30:00Z,1.43107,1.43125,1.43081,1.43104,2720
2025-03-28T03:00:00Z,1.43103,1.43124,1.43071,1.43090,2524
2025-03-28T03:30:00Z,1.43089,1.43130,1.43088,1.43119,2252
2025-03-28T04:00:00Z,1.43120,1.43137,1.43105,1.43119,2280
2025-03-28T04:30:00Z,1.43119,1.43130,1.43090,1.43126,1864
2025-03-28T05:00:00Z,1.43126,1.43143,1.43106,1.43117,1648
2025-03-28T05:30:00Z,1.43117,1.43148,1.43102,1.43114,2523
2025-03-28T06:00:00Z,1.43114,1.43139,1.43100,1.43135,2022
2025-03-28T06:30:00Z,1.43135,1.43221,1.43135,1.43219,2214
2025-03-28T07:00:00Z,1.43218,1.43287,1.43177,1.43197,3487
2025-03-28T07:30:00Z,1.43198,1.43282,1.43196,1.43279,2375
2025-03-28T08:00:00Z,1.43278,1.43319,1.43228,1.43286,4426
2025-03-28T08:30:00Z,1.43288,1.43300,1.43188,1.43208,3326
2025-03-28T09:00:00Z,1.43208,1.43289,1.43183,1.43264,3332
2025-03-28T09:30:00Z,1.43263,1.43279,1.43227,1.43255,2579
2025-03-28T10:00:00Z,1.43254,1.43283,1.43231,1.43231,2291
2025-03-28T10:30:00Z,1.43232,1.43303,1.43202,1.43303,2524
2025-03-28T11:00:00Z,1.43303,1.43325,1.43259,1.43273,2525
2025-03-28T11:30:00Z,1.43276,1.43302,1.43188,1.43199,2216
2025-03-28T12:00:00Z,1.43199,1.43216,1.43132,1.43174,3066
2025-03-28T12:30:00Z,1.43174,1.43220,1.43079,1.43109,4542
2025-03-28T13:00:00Z,1.43108,1.43172,1.42894,1.42906,6541
2025-03-28T13:30:00Z,1.42909,1.43100,1.42907,1.43085,7807
2025-03-28T14:00:00Z,1.43086,1.43154,1.43000,1.43137,8428
2025-03-28T14:30:00Z,1.43141,1.43245,1.43084,1.43228,7120
2025-03-28T15:00:00Z,1.43229,1.43260,1.42770,1.42844,7880
2025-03-28T15:30:00Z,1.42845,1.42881,1.42760,1.42833,5042
2025-03-28T16:00:00Z,1.42833,1.42947,1.42759,1.42874,3947
2025-03-28T16:30:00Z,1.42873,1.42936,1.42824,1.42929,2628
2025-03-28T17:00:00Z,1.42929,1.43172,1.42919,1.43126,3821
2025-03-28T17:30:00Z,1.43126,1.43158,1.42998,1.43046,3556
2025-03-28T18:00:00Z,1.43045,1.43169,1.43008,1.43155,2762
2025-03-28T18:30:00Z,1.43156,1.43208,1.43136,1.43158,2576
2025-03-28T19:00:00Z,1.43158,1.43218,1.43127,1.43188,2411
2025-03-28T19:30:00Z,1.43188,1.43238,1.43155,1.43158,2532
2025-03-28T20:00:00Z,1.43157,1.43227,1.43125,1.43160,1335
2025-03-28T20:30:00Z,1.43158,1.43198,1.43127,1.43157,2088
2025-03-30T21:00:00Z,1.42982,1.43046,1.42950,1.42994,167
2025-03-30T21:30:00Z,1.42994,1.43131,1.42920,1.43088,2840
2025-03-30T22:00:00Z,1.43089,1.43287,1.43079,1.43176,2155
2025-03-30T22:30:00Z,1.43175,1.43191,1.43155,1.43178,1803
2025-03-30T23:00:00Z,1.43178,1.43241,1.43134,1.43235,2764
2025-03-30T23:30:00Z,1.43235,1.43243,1.43083,1.43091,2946
2025-03-31T00:00:00Z,1.43092,1.43159,1.43057,1.43081,4685
2025-03-31T00:30:00Z,1.43079,1.43136,1.43047,1.43081,3629
2025-03-31T01:00:00Z,1.43081,1.43081,1.42987,1.43017,3377
2025-03-31T01:30:00Z,1.43014,1.43112,1.43014,1.43096,5243
2025-03-31T02:00:00Z,1.43096,1.43149,1.43059,1.43075,4147
2025-03-31T02:30:00Z,1.43076,1.43121,1.43049,1.43117,4322
2025-03-31T03:00:00Z,1.43117,1.43170,1.43109,1.43140,3471
2025-03-31T03:30:00Z,1.43141,1.43182,1.43136,1.43173,3282
2025-03-31T04:00:00Z,1.43172,1.43198,1.43170,1.43180,2695
2025-03-31T04:30:00Z,1.43180,1.43191,1.43146,1.43150,2986
2025-03-31T05:00:00Z,1.43150,1.43169,1.43098,1.43130,3961
2025-03-31T05:30:00Z,1.43130,1.43152,1.43088,1.43116,3661
2025-03-31T06:00:00Z,1.43115,1.43243,1.43108,1.43232,4001
2025-03-31T06:30:00Z,1.43231,1.43257,1.43161,1.43242,3614
2025-03-31T07:00:00Z,1.43242,1.43391,1.43179,1.43383,5283
2025-03-31T07:30:00Z,1.43382,1.43433,1.43333,1.43376,4433
2025-03-31T08:00:00Z,1.43376,1.43482,1.43360,1.43481,5152
2025-03-31T08:30:00Z,1.43479,1.43481,1.43424,1.43476,3373
2025-03-31T09:00:00Z,1.43476,1.43481,1.43407,1.43430,4198
2025-03-31T09:30:00Z,1.43430,1.43532,1.43414,1.43521,3505
2025-03-31T10:00:00Z,1.43523,1.43607,1.43519,1.43575,3834
2025-03-31T10:30:00Z,1.43575,1.43606,1.43540,1.43579,3531
2025-03-31T11:00:00Z,1.43578,1.43578,1.43486,1.43506,3952
2025-03-31T11:30:00Z,1.43506,1.43522,1.43423,1.43516,2476
2025-03-31T12:00:00Z,1.43517,1.43669,1.43517,1.43651,3819
2025-03-31T12:30:00Z,1.43651,1.43805,1.43633,1.43782,4316
2025-03-31T13:00:00Z,1.43781,1.43792,1.43601,1.43617,5563
2025-03-31T13:30:00Z,1.43617,1.43883,1.43617,1.43776,5967
2025-03-31T14:00:00Z,1.43775,1.43837,1.43696,1.43830,7028
2025-03-31T14:30:00Z,1.43830,1.43948,1.43711,1.43931,10785
2025-03-31T15:00:00Z,1.43928,1.43949,1.43688,1.43726,8801
2025-03-31T15:30:00Z,1.43730,1.43828,1.43698,1.43796,5892
2025-03-31T16:00:00Z,1.43795,1.43836,1.43719,1.43726,5065
2025-03-31T16:30:00Z,1.43726,1.43765,1.43651,1.43754,4662
2025-03-31T17:00:00Z,1.43753,1.43831,1.43726,1.43792,3559
2025-03-31T17:30:00Z,1.43792,1.43876,1.43752,1.43876,2821
2025-03-31T18:00:00Z,1.43876,1.43890,1.43753,1.43753,3328
2025-03-31T18:30:00Z,1.43754,1.43800,1.43712,1.43754,3235
2025-03-31T19:00:00Z,1.43753,1.43822,1.43710,1.43801,2884
2025-03-31T19:30:00Z,1.43804,1.43899,1.43711,1.43880,5228
2025-03-31T20:00:00Z,1.43879,1.43953,1.43868,1.43890,1871
2025-03-31T20:30:00Z,1.43890,1.43893,1.43837,1.43851,1780
2025-03-31T21:00:00Z,1.43842,1.43888,1.43775,1.43831,265
2025-03-31T21:30:00Z,1.43829,1.43855,1.43829,1.43832,272
2025-03-31T22:00:00Z,1.43857,1.43907,1.43826,1.43900,918
2025-03-31T22:30:00Z,1.43900,1.43915,1.43896,1.43900,857
2025-03-31T23:00:00Z,1.43903,1.43936,1.43887,1.43935,1562
2025-03-31T23:30:00Z,1.43933,1.43958,1.43895,1.43902,1237
2025-04-01T00:00:00Z,1.43904,1.43926,1.43869,1.43924,3300
2025-04-01T00:30:00Z,1.43925,1.43952,1.43906,1.43907,3028
2025-04-01T01:00:00Z,1.43908,1.43996,1.43897,1.43965,3192
2025-04-01T01:30:00Z,1.43966,1.43998,1.43908,1.43914,3453
2025-04-01T02:00:00Z,1.43915,1.43919,1.43803,1.43826,3270
2025-04-01T02:30:00Z,1.43825,1.43837,1.43796,1.43813,2473
2025-04-01T03:00:00Z,1.43811,1.43839,1.43804,1.43811,1821
2025-04-01T03:30:00Z,1.43812,1.43834,1.43764,1.43809,3339
2025-04-01T04:00:00Z,1.43809,1.43831,1.43763,1.43795,2024
2025-04-01T04:30:00Z,1.43795,1.43799,1.43724,1.43735,2318
2025-04-01T05:00:00Z,1.43735,1.43824,1.43730,1.43818,2658
2025-04-01T05:30:00Z,1.43820,1.43906,1.43817,1.43902,2061
2025-04-01T06:00:00Z,1.43902,1.43971,1.43880,1.43965,3573
2025-04-01T06:30:00Z,1.43968,1.43971,1.43835,1.43878,4191
2025-04-01T07:00:00Z,1.43878,1.44020,1.43878,1.43993,5205
2025-04-01T07:30:00Z,1.43993,1.44024,1.43973,1.44005,3526
2025-04-01T08:00:00Z,1.44006,1.44034,1.43876,1.43887,2734
2025-04-01T08:30:00Z,1.43889,1.43907,1.43811,1.43811,2568
2025-04-01T09:00:00Z,1.43811,1.43812,1.43725,1.43726,2960
2025-04-01T09:30:00Z,1.43727,1.43732,1.43657,1.43674,2618
2025-04-01T10:00:00Z,1.43674,1.43873,1.43673,1.43819,6913
2025-04-01T10:30:00Z,1.43818,1.43871,1.43788,1.43820,4816
2025-04-01T11:00:00Z,1.43819,1.44026,1.43808,1.43988,4573
2025-04-01T11:30:00Z,1.43990,1.44039,1.43932,1.43936,3806
2025-04-01T12:00:00Z,1.43935,1.43979,1.43883,1.43886,3452
2025-04-01T12:30:00Z,1.43886,1.44007,1.43855,1.43946,3696
2025-04-01T13:00:00Z,1.43947,1.43971,1.43889,1.43945,3532
2025-04-01T13:30:00Z,1.43946,1.44146,1.43940,1.43987,5482
2025-04-01T14:00:00Z,1.43989,1.44084,1.43656,1.43873,8936
2025-04-01T14:30:00Z,1.43879,1.43898,1.43089,1.43295,10686
2025-04-01T15:00:00Z,1.43297,1.43315,1.43048,1.43114,9336
2025-04-01T15:30:00Z,1.43113,1.43262,1.43091,1.43169,7868
2025-04-01T16:00:00Z,1.43168,1.43231,1.43093,1.43180,6025
2025-04-01T16:30:00Z,1.43178,1.43355,1.43154,1.43198,5790
2025-04-01T17:00:00Z,1.43198,1.43277,1.43166,1.43271,4071
2025-04-01T17:30:00Z,1.43272,1.43301,1.43213,1.43266,3957
2025-04-01T18:00:00Z,1.43267,1.43434,1.43266,1.43393,4022
2025-04-01T18:30:00Z,1.43392,1.43402,1.43323,1.43348,4177
2025-04-01T19:00:00Z,1.43349,1.43353,1.43181,1.43247,3932
2025-04-01T19:30:00Z,1.43249,1.43251,1.43070,1.43073,5167
2025-04-01T20:00:00Z,1.43077,1.43146,1.43042,1.43109,1604
2025-04-01T20:30:00Z,1.43107,1.43140,1.42974,1.43015,2497
2025-04-01T21:00:00Z,1.43000,1.43016,1.42953,1.43015,206
2025-04-01T21:30:00Z,1.43015,1.43026,1.42998,1.42998,168
2025-04-01T22:00:00Z,1.43001,1.43008,1.42893,1.42912,1487
2025-04-01T22:30:00Z,1.42912,1.42984,1.42893,1.42899,1698
2025-04-01T23:00:00Z,1.42895,1.42984,1.42882,1.42911,1551
2025-04-01T23:30:00Z,1.42909,1.42940,1.42898,1.42934,1282
2025-04-02T00:00:00Z,1.42935,1.43067,1.42935,1.43038,3822
2025-04-02T00:30:00Z,1.43036,1.43072,1.43015,1.43039,2941
2025-04-02T01:00:00Z,1.43039,1.43070,1.43032,1.43044,2495
2025-04-02T01:30:00Z,1.43045,1.43067,1.42977,1.42988,4199
2025-04-02T02:00:00Z,1.42987,1.43031,1.42935,1.42945,3725
2025-04-02T02:30:00Z,1.42946,1.43030,1.42919,1.43021,2195
2025-04-02T03:00:00Z,1.43022,1.43031,1.42977,1.42998,2123
2025-04-02T03:30:00Z,1.42997,1.43023,1.42996,1.43013,1830
2025-04-02T04:00:00Z,1.43014,1.43043,1.42995,1.43033,1300
2025-04-02T04:30:00Z,1.43032,1.43075,1.43020,1.43055,1464
2025-04-02T05:00:00Z,1.43055,1.43173,1.43055,1.43139,2482
2025-04-02T05:30:00Z,1.43139,1.43153,1.43105,1.43123,1903
2025-04-02T06:00:00Z,1.43123,1.43138,1.42928,1.42978,3637
2025-04-02T06:30:00Z,1.42978,1.43069,1.42966,1.43040,3392
2025-04-02T07:00:00Z,1.43042,1.43113,1.43026,1.43028,3110
2025-04-02T07:30:00Z,1.43027,1.43108,1.43025,1.43041,2810
2025-04-02T08:00:00Z,1.43039,1.43089,1.43022,1.43033,2420
2025-04-02T08:30:00Z,1.43033,1.43084,1.43023,1.43028,2625
2025-04-02T09:00:00Z,1.43027,1.43084,1.42989,1.43071,2676
2025-04-02T09:30:00Z,1.43071,1.43109,1.43058,1.43095,2527
2025-04-02T10:00:00Z,1.43096,1.43219,1.43068,1.43205,3452
2025-04-02T10:30:00Z,1.43206,1.43281,1.43181,1.43257,3617
2025-04-02T11:00:00Z,1.43258,1.43313,1.43213,1.43225,3079
2025-04-02T11:30:00Z,1.43226,1.43238,1.43182,1.43188,2407
2025-04-02T12:00:00Z,1.43189,1.43302,1.43179,1.43272,3644
2025-04-02T12:30:00Z,1.43271,1.43321,1.43189,1.43207,4489
2025-04-02T13:00:00Z,1.43208,1.43264,1.43175,1.43259,4414
2025-04-02T13:30:00Z,1.43259,1.43341,1.43190,1.43264,7226
2025-04-02T14:00:00Z,1.43262,1.43305,1.43188,1.43237,6218
2025-04-02T14:30:00Z,1.43236,1.43255,1.42953,1.43024,9215
2025-04-02T15:00:00Z,1.43024,1.43174,1.43024,1.43123,5692
2025-04-02T15:30:00Z,1.43123,1.43218,1.43046,1.43107,5702
2025-04-02T16:00:00Z,1.43109,1.43179,1.43072,1.43149,3368
2025-04-02T16:30:00Z,1.43149,1.43238,1.43137,1.43202,3375
2025-04-02T17:00:00Z,1.43200,1.43236,1.43082,1.43104,3210
2025-04-02T17:30:00Z,1.43105,1.43253,1.43097,1.43207,3447
2025-04-02T18:00:00Z,1.43209,1.43293,1.43136,1.43236,3899
2025-04-02T18:30:00Z,1.43236,1.43267,1.43136,1.43247,3697
2025-04-02T19:00:00Z,1.43247,1.43248,1.43143,1.43147,3084
2025-04-02T19:30:00Z,1.43148,1.43185,1.43102,1.43183,2490
2025-04-02T20:00:00Z,1.43183,1.43659,1.42581,1.43399,11730
2025-04-02T20:30:00Z,1.43399,1.43549,1.42271,1.42292,13580
2025-04-02T21:00:00Z,1.42249,1.42501,1.42157,1.42400,630
2025-04-02T21:30:00Z,1.42402,1.42597,1.42331,1.42550,1025
2025-04-02T22:00:00Z,1.42516,1.43171,1.42516,1.42945,7259
2025-04-02T22:30:00Z,1.42944,1.43189,1.42645,1.42653,6747
2025-04-02T23:00:00Z,1.42652,1.42687,1.42308,1.42310,8543
2025-04-02T23:30:00Z,1.42308,1.42373,1.42146,1.42164,8642
2025-04-03T00:00:00Z,1.42163,1.42536,1.42163,1.42458,10064
2025-04-03T00:30:00Z,1.42459,1.42547,1.42327,1.42537,7659
2025-04-03T01:00:00Z,1.42537,1.42581,1.42436,1.42442,8349
2025-04-03T01:30:00Z,1.42443,1.42516,1.42370,1.42501,9021
2025-04-03T02:00:00Z,1.42501,1.42536,1.42383,1.42388,8020
2025-04-03T02:30:00Z,1.42388,1.42471,1.42379,1.42400,5719
2025-04-03T03:00:00Z,1.42400,1.42521,1.42378,1.42421,5736
2025-04-03T03:30:00Z,1.42421,1.42489,1.42375,1.42447,4854
2025-04-03T04:00:00Z,1.42449,1.42503,1.42437,1.42499,4388
2025-04-03T04:30:00Z,1.42496,1.42553,1.42473,1.42552,3636
2025-04-03T05:00:00Z,1.42553,1.42553,1.42256,1.42277,5143
2025-04-03T05:30:00Z,1.42275,1.42330,1.42093,1.42153,6496
2025-04-03T06:00:00Z,1.42154,1.42294,1.42081,1.42081,5759
2025-04-03T06:30:00Z,1.42081,1.42092,1.41707,1.41710,8229
2025-04-03T07:00:00Z,1.41710,1.41952,1.41670,1.41901,7148
2025-04-03T07:30:00Z,1.41899,1.41950,1.41645,1.41647,5106
2025-04-03T08:00:00Z,1.41647,1.41653,1.41282,1.41359,6867
2025-04-03T08:30:00Z,1.41362,1.41406,1.41164,1.41309,6801
2025-04-03T09:00:00Z,1.41309,1.41521,1.41289,1.41485,5555
2025-04-03T09:30:00Z,1.41488,1.41592,1.41477,1.41486,4361
2025-04-03T10:00:00Z,1.41489,1.41589,1.41039,1.41322,9855
2025-04-03T10:30:00Z,1.41321,1.41380,1.41212,1.41280,7006
2025-04-03T11:00:00Z,1.41279,1.41440,1.41147,1.41435,5272
2025-04-03T11:30:00Z,1.41435,1.41440,1.40836,1.40925,5189
2025-04-03T12:00:00Z,1.40926,1.41031,1.40792,1.40840,8343
2025-04-03T12:30:00Z,1.40838,1.40959,1.40688,1.40817,9305
2025-04-03T13:00:00Z,1.40815,1.40902,1.40513,1.40671,11551
2025-04-03T13:30:00Z,1.40672,1.40765,1.40340,1.40451,12413
2025-04-03T14:00:00Z,1.40423,1.40569,1.40273,1.40486,11384
2025-04-03T14:30:00Z,1.40485,1.40510,1.40345,1.40456,9412
2025-04-03T15:00:00Z,1.40456,1.40489,1.40269,1.40408,7895
2025-04-03T15:30:00Z,1.40409,1.40748,1.40324,1.40638,9662
2025-04-03T16:00:00Z,1.40638,1.40638,1.40447,1.40504,8728
2025-04-03T16:30:00Z,1.40503,1.40638,1.40475,1.40606,8363
2025-04-03T17:00:00Z,1.40608,1.40761,1.40600,1.40748,5399
2025-04-03T17:30:00Z,1.40749,1.40887,1.40669,1.40887,3580
2025-04-03T18:00:00Z,1.40888,1.41038,1.40813,1.40860,3678
2025-04-03T18:30:00Z,1.40858,1.40900,1.40768,1.40832,4258
2025-04-03T19:00:00Z,1.40831,1.40904,1.40786,1.40904,2588
2025-04-03T19:30:00Z,1.40903,1.40957,1.40805,1.40848,2909
2025-04-03T20:00:00Z,1.40848,1.40967,1.40816,1.40871,1237
2025-04-03T20:30:00Z,1.40870,1.40971,1.40801,1.40955,1913
2025-04-03T21:00:00Z,1.40903,1.40970,1.40776,1.40949,167
2025-04-03T21:30:00Z,1.40949,1.40956,1.40799,1.40831,534
2025-04-03T22:00:00Z,1.40845,1.40894,1.40831,1.40871,1145
2025-04-03T22:30:00Z,1.40871,1.40928,1.40755,1.40782,1938
2025-04-03T23:00:00Z,1.40781,1.40883,1.40770,1.40846,2127
2025-04-03T23:30:00Z,1.40845,1.40846,1.40774,1.40828,2088
2025-04-04T00:00:00Z,1.40828,1.40828,1.40730,1.40734,3890
2025-04-04T00:30:00Z,1.40735,1.40771,1.40607,1.40634,4245
2025-04-04T01:00:00Z,1.40635,1.40681,1.40563,1.40581,4681
2025-04-04T01:30:00Z,1.40580,1.40631,1.40528,1.40606,5775
2025-04-04T02:00:00Z,1.40605,1.40806,1.40591,1.40779,5434
2025-04-04T02:30:00Z,1.40779,1.40898,1.40741,1.40886,4477
2025-04-04T03:00:00Z,1.40885,1.40926,1.40831,1.40911,5077
2025-04-04T03:30:00Z,1.40911,1.40985,1.40781,1.40808,6986
2025-04-04T04:00:00Z,1.40809,1.40958,1.40771,1.40891,5612
2025-04-04T04:30:00Z,1.40890,1.41026,1.40870,1.41005,5573
2025-04-04T05:00:00Z,1.41005,1.41026,1.40814,1.40817,5297
2025-04-04T05:30:00Z,1.40818,1.40964,1.40818,1.40877,5514
2025-04-04T06:00:00Z,1.40876,1.41119,1.40855,1.41081,4975
2025-04-04T06:30:00Z,1.41087,1.41190,1.41067,1.41175,5045
2025-04-04T07:00:00Z,1.41176,1.41279,1.41094,1.41276,6621
2025-04-04T07:30:00Z,1.41276,1.41494,1.41253,1.41465,7933
2025-04-04T08:00:00Z,1.41467,1.41634,1.41269,1.41275,9861
2025-04-04T08:30:00Z,1.41274,1.41438,1.41272,1.41317,6267
2025-04-04T09:00:00Z,1.41317,1.41551,1.41308,1.41538,6449
2025-04-04T09:30:00Z,1.41538,1.41668,1.41530,1.41536,6459
2025-04-04T10:00:00Z,1.41536,1.41725,1.41463,1.41498,16841
2025-04-04T10:30:00Z,1.41497,1.41685,1.41446,1.41639,13965
2025-04-04T11:00:00Z,1.41639,1.42013,1.41495,1.41976,15832
2025-04-04T11:30:00Z,1.41977,1.42088,1.41753,1.41839,15437
2025-04-04T12:00:00Z,1.41838,1.42069,1.41748,1.41824,16093
2025-04-04T12:30:00Z,1.41831,1.42411,1.41687,1.42080,18527
2025-04-04T13:00:00Z,1.42079,1.42176,1.41952,1.42079,13005
2025-04-04T13:30:00Z,1.42079,1.42253,1.41942,1.42233,15263
2025-04-04T14:00:00Z,1.42235,1.42356,1.42066,1.42252,14638
2025-04-04T14:30:00Z,1.42257,1.42345,1.42104,1.42216,17071
2025-04-04T15:00:00Z,1.42215,1.42238,1.41779,1.42217,17885
2025-04-04T15:30:00Z,1.42217,1.42302,1.41831,1.41886,15081
2025-04-04T16:00:00Z,1.41950,1.42133,1.41878,1.42059,11415
2025-04-04T16:30:00Z,1.42061,1.42188,1.41810,1.42103,10019
2025-04-04T17:00:00Z,1.42103,1.42466,1.42078,1.42408,11486
2025-04-04T17:30:00Z,1.42412,1.42538,1.42085,1.42158,14365
2025-04-04T18:00:00Z,1.42157,1.42280,1.42086,1.42275,10553
2025-04-04T18:30:00Z,1.42275,1.42440,1.42217,1.42363,10052
2025-04-04T19:00:00Z,1.42361,1.42514,1.42181,1.42218,8659
2025-04-04T19:30:00Z,1.42222,1.42298,1.42006,1.42295,8491
2025-04-04T20:00:00Z,1.42295,1.42580,1.42281,1.42538,4934
2025-04-04T20:30:00Z,1.42537,1.42558,1.42165,1.42232,6172
2025-04-06T21:00:00Z,1.42579,1.42646,1.42265,1.42597,314
2025-04-06T21:30:00Z,1.42597,1.42601,1.42458,1.42503,150
2025-04-06T22:00:00Z,1.42504,1.42691,1.42040,1.42181,10432
2025-04-06T22:30:00Z,1.42181,1.42510,1.42168,1.42462,13600
2025-04-06T23:00:00Z,1.42460,1.42478,1.42233,1.42398,9784
2025-04-06T23:30:00Z,1.42397,1.42494,1.42264,1.42414,9029
2025-04-07T00:00:00Z,1.42412,1.42577,1.42342,1.42383,14324
2025-04-07T00:30:00Z,1.42386,1.42437,1.42234,1.42299,12027
2025-04-07T01:00:00Z,1.42298,1.42406,1.42188,1.42249,12388
2025-04-07T01:30:00Z,1.42251,1.42422,1.42195,1.42305,12936
2025-04-07T02:00:00Z,1.42302,1.42510,1.42224,1.42481,10889
2025-04-07T02:30:00Z,1.42482,1.42532,1.42417,1.42463,8758
2025-04-07T03:00:00Z,1.42461,1.42515,1.42416,1.42445,7237
2025-04-07T03:30:00Z,1.42445,1.42482,1.42363,1.42376,5936
2025-04-07T04:00:00Z,1.42375,1.42392,1.42206,1.42238,4868
2025-04-07T04:30:00Z,1.42237,1.42279,1.42120,1.42154,4537
2025-04-07T05:00:00Z,1.42154,1.42225,1.41956,1.42105,9000
2025-04-07T05:30:00Z,1.42103,1.42177,1.42052,1.42149,6724
2025-04-07T06:00:00Z,1.42149,1.42426,1.42149,1.42421,9169
2025-04-07T06:30:00Z,1.42419,1.42558,1.42263,1.42525,11594
2025-04-07T07:00:00Z,1.42524,1.42551,1.42245,1.42341,14017
2025-04-07T07:30:00Z,1.42340,1.42433,1.42180,1.42236,10141
2025-04-07T08:00:00Z,1.42234,1.42639,1.42123,1.42612,12575
2025-04-07T08:30:00Z,1.42612,1.42685,1.42454,1.42496,10657
2025-04-07T09:00:00Z,1.42496,1.42669,1.42443,1.42655,7321
2025-04-07T09:30:00Z,1.42656,1.42667,1.42475,1.42625,8416
2025-04-07T10:00:00Z,1.42627,1.42627,1.42442,1.42480,9339
2025-04-07T10:30:00Z,1.42479,1.42583,1.42372,1.42565,9671
2025-04-07T11:00:00Z,1.42568,1.42575,1.42380,1.42412,10310
2025-04-07T11:30:00Z,1.42414,1.42586,1.42391,1.42575,10402
2025-04-07T12:00:00Z,1.42573,1.42959,1.42550,1.42777,14121
2025-04-07T12:30:00Z,1.42777,1.42810,1.42453,1.42463,18903
2025-04-07T13:00:00Z,1.42463,1.42671,1.42395,1.42534,11688
2025-04-07T13:30:00Z,1.42535,1.42658,1.42256,1.42302,18494
2025-04-07T14:00:00Z,1.42303,1.42361,1.41782,1.42285,24013
2025-04-07T14:30:00Z,1.42284,1.42472,1.41978,1.42248,21523
2025-04-07T15:00:00Z,1.42251,1.42366,1.41996,1.42354,20671
2025-04-07T15:30:00Z,1.42354,1.42494,1.42092,1.42257,15430
2025-04-07T16:00:00Z,1.42257,1.42389,1.42183,1.42199,13883
2025-04-07T16:30:00Z,1.42201,1.42317,1.42165,1.42284,11014
2025-04-07T17:00:00Z,1.42281,1.42284,1.41913,1.41956,13728
2025-04-07T17:30:00Z,1.41955,1.42085,1.41877,1.41891,10527
2025-04-07T18:00:00Z,1.41892,1.42052,1.41847,1.42018,10731
2025-04-07T18:30:00Z,1.42022,1.42142,1.41894,1.41991,10391
2025-04-07T19:00:00Z,1.41990,1.42240,1.41990,1.42186,12720
2025-04-07T19:30:00Z,1.42193,1.42507,1.42032,1.42414,7963
2025-04-07T20:00:00Z,1.42412,1.42541,1.42355,1.42453,3993
2025-04-07T20:30:00Z,1.42454,1.42527,1.42421,1.42437,3386
2025-04-07T21:00:00Z,1.42441,1.42441,1.42325,1.42386,100
2025-04-07T21:30:00Z,1.42398,1.42414,1.42376,1.42388,281
2025-04-07T22:00:00Z,1.42387,1.42451,1.42368,1.42384,1882
2025-04-07T22:30:00Z,1.42385,1.42423,1.42363,1.42382,2505
2025-04-07T23:00:00Z,1.42382,1.42435,1.42354,1.42360,2663
2025-04-07T23:30:00Z,1.42359,1.42398,1.42315,1.42383,3636
2025-04-08T00:00:00Z,1.42385,1.42402,1.42082,1.42093,5787
2025-04-08T00:30:00Z,1.42095,1.42167,1.42005,1.42153,3860
2025-04-08T01:00:00Z,1.42155,1.42193,1.41997,1.42029,10337
2025-04-08T01:30:00Z,1.42030,1.42044,1.41786,1.41826,6937
2025-04-08T02:00:00Z,1.41826,1.41826,1.41713,1.41723,5319
2025-04-08T02:30:00Z,1.41723,1.41731,1.41649,1.41684,5269
2025-04-08T03:00:00Z,1.41685,1.41750,1.41671,1.41714,4078
2025-04-08T03:30:00Z,1.41713,1.41736,1.41690,1.41699,3413
2025-04-08T04:00:00Z,1.41700,1.41709,1.41576,1.41606,4797
2025-04-08T04:30:00Z,1.41608,1.41668,1.41597,1.41633,4292
2025-04-08T05:00:00Z,1.41638,1.41763,1.41628,1.41757,5365
2025-04-08T05:30:00Z,1.41758,1.41758,1.41617,1.41635,3962
2025-04-08T06:00:00Z,1.41635,1.41780,1.41600,1.41767,6208
2025-04-08T06:30:00Z,1.41767,1.41780,1.41495,1.41604,5497
2025-04-08T07:00:00Z,1.41606,1.41720,1.41563,1.41707,10628
2025-04-08T07:30:00Z,1.41707,1.41920,1.41678,1.41916,8317
2025-04-08T08:00:00Z,1.41915,1.41919,1.41737,1.41751,7967
2025-04-08T08:30:00Z,1.41749,1.41826,1.41720,1.41778,6360
2025-04-08T09:00:00Z,1.41779,1.41999,1.41779,1.41975,6294
2025-04-08T09:30:00Z,1.41975,1.42034,1.41884,1.41939,5870
2025-04-08T10:00:00Z,1.41938,1.42022,1.41896,1.41959,5307
2025-04-08T10:30:00Z,1.41962,1.42001,1.41895,1.41967,5677
2025-04-08T11:00:00Z,1.41968,1.42017,1.41818,1.41895,7502
2025-04-08T11:30:00Z,1.41895,1.41911,1.41669,1.41764,7910
2025-04-08T12:00:00Z,1.41762,1.41762,1.41617,1.41618,7932
2025-04-08T12:30:00Z,1.41617,1.41653,1.41522,1.41635,7012
2025-04-08T13:00:00Z,1.41636,1.41757,1.41522,1.41576,9882
2025-04-08T13:30:00Z,1.41575,1.41789,1.41573,1.41634,11808
2025-04-08T14:00:00Z,1.41634,1.41652,1.41427,1.41622,11647
2025-04-08T14:30:00Z,1.41621,1.42014,1.41586,1.41981,12371
2025-04-08T15:00:00Z,1.41980,1.42228,1.41848,1.42202,11776
2025-04-08T15:30:00Z,1.42202,1.42202,1.41981,1.41981,9068
2025-04-08T16:00:00Z,1.41982,1.42071,1.41834,1.41863,9984
2025-04-08T16:30:00Z,1.41863,1.42026,1.41809,1.42017,13119
2025-04-08T17:00:00Z,1.42018,1.42140,1.41948,1.42082,12091
2025-04-08T17:30:00Z,1.42085,1.42170,1.41962,1.42139,12195
2025-04-08T18:00:00Z,1.42141,1.42304,1.42135,1.42286,9899
2025-04-08T18:30:00Z,1.42285,1.42407,1.42084,1.42371,11671
2025-04-08T19:00:00Z,1.42372,1.42481,1.42273,1.42314,9652
2025-04-08T19:30:00Z,1.42315,1.42616,1.42307,1.42490,9197
2025-04-08T20:00:00Z,1.42489,1.42668,1.42418,1.42654,5164
2025-04-08T20:30:00Z,1.42659,1.42713,1.42593,1.42597,3250
2025-04-08T21:00:00Z,1.42583,1.42645,1.42494,1.42559,196
2025-04-08T21:30:00Z,1.42559,1.42625,1.42549,1.42593,784
2025-04-08T22:00:00Z,1.42593,1.42658,1.42550,1.42572,3285
2025-04-08T22:30:00Z,1.42573,1.42639,1.42522,1.42629,3555
2025-04-08T23:00:00Z,1.42627,1.42667,1.42545,1.42639,3321
2025-04-08T23:30:00Z,1.42636,1.42649,1.42519,1.42557,1893
2025-04-09T00:00:00Z,1.42557,1.42731,1.42521,1.42630,7120
2025-04-09T00:30:00Z,1.42632,1.42637,1.42416,1.42422,6963
2025-04-09T01:00:00Z,1.42421,1.42456,1.42204,1.42209,9736
2025-04-09T01:30:00Z,1.42211,1.42278,1.42110,1.42138,6698
2025-04-09T02:00:00Z,1.42142,1.42201,1.42056,1.42195,6956
2025-04-09T02:30:00Z,1.42195,1.42375,1.42165,1.42345,5837
2025-04-09T03:00:00Z,1.42345,1.42346,1.42178,1.42268,5892
2025-04-09T03:30:00Z,1.42267,1.42471,1.42267,1.42425,6288
2025-04-09T04:00:00Z,1.42426,1.42457,1.42218,1.42269,8698
2025-04-09T04:30:00Z,1.42269,1.42288,1.42168,1.42201,4887
2025-04-09T05:00:00Z,1.42202,1.42455,1.42201,1.42454,6263
2025-04-09T05:30:00Z,1.42455,1.42481,1.42300,1.42304,7416
2025-04-09T06:00:00Z,1.42301,1.42303,1.42091,1.42205,10168
2025-04-09T06:30:00Z,1.42204,1.42214,1.41950,1.42037,11057
2025-04-09T07:00:00Z,1.42039,1.42217,1.41928,1.42055,14749
2025-04-09T07:30:00Z,1.42055,1.42161,1.41985,1.42003,12243
2025-04-09T08:00:00Z,1.42005,1.42232,1.41977,1.42176,11266
2025-04-09T08:30:00Z,1.42173,1.42204,1.42012,1.42031,7931
2025-04-09T09:00:00Z,1.42032,1.42135,1.42004,1.42076,7098
2025-04-09T09:30:00Z,1.42075,1.42114,1.41980,1.42043,6765
2025-04-09T10:00:00Z,1.42044,1.42084,1.41920,1.42020,7513
2025-04-09T10:30:00Z,1.42019,1.42031,1.41758,1.41832,6011
2025-04-09T11:00:00Z,1.41828,1.42209,1.41826,1.42028,14340
2025-04-09T11:30:00Z,1.42028,1.42148,1.41884,1.42013,12312
2025-04-09T12:00:00Z,1.42022,1.42023,1.41689,1.41699,9985
2025-04-09T12:30:00Z,1.41700,1.41731,1.41559,1.41730,9152
2025-04-09T13:00:00Z,1.41730,1.41891,1.41603,1.41670,8941
2025-04-09T13:30:00Z,1.41670,1.41755,1.41405,1.41417,13371
2025-04-09T14:00:00Z,1.41418,1.41652,1.41318,1.41601,12625
2025-04-09T14:30:00Z,1.41600,1.42035,1.41450,1.42004,12503
2025-04-09T15:00:00Z,1.42000,1.42117,1.41715,1.41748,11107
2025-04-09T15:30:00Z,1.41749,1.41953,1.41736,1.41880,7281
2025-04-09T16:00:00Z,1.41879,1.41908,1.41694,1.41713,6722
2025-04-09T16:30:00Z,1.41713,1.41792,1.41624,1.41768,6548
2025-04-09T17:00:00Z,1.41766,1.41857,1.40972,1.41166,16374
2025-04-09T17:30:00Z,1.41167,1.41259,1.40738,1.40749,16741
2025-04-09T18:00:00Z,1.40742,1.41233,1.40734,1.41079,17240
2025-04-09T18:30:00Z,1.41078,1.41270,1.40896,1.41152,12686
2025-04-09T19:00:00Z,1.41155,1.41253,1.40877,1.40950,10342
2025-04-09T19:30:00Z,1.40948,1.41285,1.40832,1.41107,9055
2025-04-09T20:00:00Z,1.41102,1.41211,1.40758,1.40800,5870
2025-04-09T20:30:00Z,1.40800,1.40999,1.40744,1.40802,6076
2025-04-09T21:00:00Z,1.40802,1.40863,1.40802,1.40856,90
2025-04-09T21:30:00Z,1.40857,1.40922,1.40854,1.40876,392
2025-04-09T22:00:00Z,1.40890,1.40904,1.40733,1.40851,3336
2025-04-09T22:30:00Z,1.40855,1.40995,1.40817,1.40961,3746
2025-04-09T23:00:00Z,1.40957,1.41080,1.40919,1.41069,4102
2025-04-09T23:30:00Z,1.41068,1.41095,1.41021,1.41021,5022
2025-04-10T00:00:00Z,1.41024,1.41053,1.40942,1.41012,5336
2025-04-10T00:30:00Z,1.41011,1.41079,1.40951,1.40999,3485
2025-04-10T01:00:00Z,1.40999,1.41090,1.40940,1.41076,5722
2025-04-10T01:30:00Z,1.41075,1.41095,1.41019,1.41044,5524
2025-04-10T02:00:00Z,1.41044,1.41063,1.40945,1.40969,5622
2025-04-10T02:30:00Z,1.40969,1.41037,1.40903,1.40903,5365
2025-04-10T03:00:00Z,1.40904,1.40934,1.40795,1.40883,6384
2025-04-10T03:30:00Z,1.40883,1.40888,1.40757,1.40784,5003
2025-04-10T04:00:00Z,1.40783,1.40845,1.40775,1.40792,4700
2025-04-10T04:30:00Z,1.40791,1.40801,1.40709,1.40715,3534
2025-04-10T05:00:00Z,1.40715,1.40738,1.40628,1.40628,4021
2025-04-10T05:30:00Z,1.40628,1.40668,1.40594,1.40649,4044
2025-04-10T06:00:00Z,1.40650,1.40738,1.40604,1.40645,5839
2025-04-10T06:30:00Z,1.40645,1.40787,1.40606,1.40615,6119
2025-04-10T07:00:00Z,1.40615,1.40616,1.40516,1.40599,7270
2025-04-10T07:30:00Z,1.40602,1.40858,1.40560,1.40625,7643
2025-04-10T08:00:00Z,1.40627,1.40897,1.40609,1.40855,6585
2025-04-10T08:30:00Z,1.40854,1.40945,1.40709,1.40756,5951
2025-04-10T09:00:00Z,1.40758,1.40832,1.40631,1.40702,4883
2025-04-10T09:30:00Z,1.40703,1.40831,1.40638,1.40742,4424
2025-04-10T10:00:00Z,1.40741,1.40754,1.40596,1.40666,4940
2025-04-10T10:30:00Z,1.40666,1.40685,1.40528,1.40548,5577
2025-04-10T11:00:00Z,1.40549,1.40671,1.40492,1.40671,4146
2025-04-10T11:30:00Z,1.40671,1.40874,1.40634,1.40837,5120
2025-04-10T12:00:00Z,1.40836,1.40878,1.40529,1.40571,7116
2025-04-10T12:30:00Z,1.40559,1.40747,1.40423,1.40721,12319
2025-04-10T13:00:00Z,1.40721,1.40751,1.40431,1.40517,10101
2025-04-10T13:30:00Z,1.40516,1.40681,1.40377,1.40388,13122
2025-04-10T14:00:00Z,1.40393,1.40484,1.40270,1.40298,12819
2025-04-10T14:30:00Z,1.40298,1.40310,1.39967,1.39976,11409
2025-04-10T15:00:00Z,1.39975,1.40235,1.39969,1.40172,12293
2025-04-10T15:30:00Z,1.40168,1.40228,1.39910,1.40100,10963
2025-04-10T16:00:00Z,1.40105,1.40183,1.40006,1.40106,12318
2025-04-10T16:30:00Z,1.40107,1.40113,1.39874,1.39987,11037
2025-04-10T17:00:00Z,1.39994,1.40052,1.39869,1.39937,10906
2025-04-10T17:30:00Z,1.39938,1.39970,1.39557,1.39576,8220
2025-04-10T18:00:00Z,1.39579,1.39795,1.39506,1.39669,8428
2025-04-10T18:30:00Z,1.39668,1.39897,1.39659,1.39854,8262
2025-04-10T19:00:00Z,1.39853,1.39995,1.39756,1.39984,9850
2025-04-10T19:30:00Z,1.39981,1.40067,1.39749,1.39774,9602
2025-04-10T20:00:00Z,1.39778,1.39930,1.39565,1.39915,6596
2025-04-10T20:30:00Z,1.39915,1.40035,1.39785,1.39787,4148
2025-04-10T21:00:00Z,1.39788,1.39860,1.39743,1.39792,293
2025-04-10T21:30:00Z,1.39794,1.39855,1.39760,1.39767,296
2025-04-10T22:00:00Z,1.39785,1.39824,1.39603,1.39729,3504
2025-04-10T22:30:00Z,1.39730,1.39737,1.39559,1.39559,4806
2025-04-10T23:00:00Z,1.39556,1.39711,1.39552,1.39642,6262
2025-04-10T23:30:00Z,1.39641,1.39693,1.39510,1.39519,5568
2025-04-11T00:00:00Z,1.39519,1.39558,1.39231,1.39352,5785
2025-04-11T00:30:00Z,1.39359,1.39560,1.39095,1.39487,9642
2025-04-11T01:00:00Z,1.39486,1.39635,1.39383,1.39432,8832
2025-04-11T01:30:00Z,1.39428,1.39497,1.39277,1.39302,8199
2025-04-11T02:00:00Z,1.39301,1.39401,1.39228,1.39267,6065
2025-04-11T02:30:00Z,1.39267,1.39362,1.39229,1.39281,4735
2025-04-11T03:00:00Z,1.39278,1.39304,1.39071,1.39265,5589
2025-04-11T03:30:00Z,1.39266,1.39529,1.39251,1.39490,7360
2025-04-11T04:00:00Z,1.39489,1.39691,1.39489,1.39688,6330
2025-04-11T04:30:00Z,1.39689,1.39697,1.39581,1.39639,4515
2025-04-11T05:00:00Z,1.39641,1.39745,1.39631,1.39689,6083
2025-04-11T05:30:00Z,1.39692,1.39792,1.39652,1.39749,6569
2025-04-11T06:00:00Z,1.39746,1.39807,1.39599,1.39720,8500
2025-04-11T06:30:00Z,1.39719,1.39842,1.39604,1.39616,6451
2025-04-11T07:00:00Z,1.39614,1.39643,1.39175,1.39209,7429
2025-04-11T07:30:00Z,1.39212,1.39213,1.38935,1.38969,6223
2025-04-11T08:00:00Z,1.38969,1.39097,1.38806,1.38972,11906
2025-04-11T08:30:00Z,1.38973,1.39103,1.38863,1.39037,8903
2025-04-11T09:00:00Z,1.39039,1.39116,1.38892,1.38954,6697
2025-04-11T09:30:00Z,1.38956,1.38970,1.38718,1.38832,7722
2025-04-11T10:00:00Z,1.38833,1.39055,1.38833,1.38963,6257
2025-04-11T10:30:00Z,1.38962,1.39327,1.38958,1.39161,6146
2025-04-11T11:00:00Z,1.39165,1.39212,1.39013,1.39069,5434
2025-04-11T11:30:00Z,1.39069,1.39088,1.38747,1.38774,5825
2025-04-11T12:00:00Z,1.38775,1.38789,1.38388,1.38543,8975
2025-04-11T12:30:00Z,1.38546,1.38735,1.38443,1.38560,10947
2025-04-11T13:00:00Z,1.38560,1.38819,1.38415,1.38799,9102
2025-04-11T13:30:00Z,1.38796,1.38870,1.38434,1.38686,13815
2025-04-11T14:00:00Z,1.38684,1.39214,1.38658,1.39191,10516
2025-04-11T14:30:00Z,1.39192,1.39240,1.38816,1.38892,11841
2025-04-11T15:00:00Z,1.38896,1.39270,1.38830,1.39152,17705
2025-04-11T15:30:00Z,1.39151,1.39186,1.38949,1.38967,6639
2025-04-11T16:00:00Z,1.38968,1.39326,1.38959,1.39251,7676
2025-04-11T16:30:00Z,1.39251,1.39251,1.38971,1.39031,5309
2025-04-11T17:00:00Z,1.39031,1.39152,1.38983,1.39138,4136
2025-04-11T17:30:00Z,1.39143,1.39190,1.38939,1.39030,5714
2025-04-11T18:00:00Z,1.39032,1.39034,1.38784,1.38794,5449
2025-04-11T18:30:00Z,1.38794,1.38898,1.38722,1.38881,4907
2025-04-11T19:00:00Z,1.38881,1.38893,1.38712,1.38793,3381
2025-04-11T19:30:00Z,1.38794,1.38926,1.38784,1.38891,4029
2025-04-11T20:00:00Z,1.38893,1.38909,1.38774,1.38852,2944
2025-04-11T20:30:00Z,1.38852,1.38852,1.38533,1.38597,2215
2025-04-13T21:00:00Z,1.38506,1.38560,1.38506,1.38538,50
2025-04-13T21:30:00Z,1.38542,1.38671,1.38528,1.38671,170
2025-04-13T22:00:00Z,1.38661,1.38759,1.38566,1.38581,3711
2025-04-13T22:30:00Z,1.38581,1.38795,1.38579,1.38793,3331
2025-04-13T23:00:00Z,1.38792,1.38838,1.38708,1.38762,3949
2025-04-13T23:30:00Z,1.38761,1.38769,1.38672,1.38741,3362
2025-04-14T00:00:00Z,1.38742,1.38751,1.38577,1.38683,4079
2025-04-14T00:30:00Z,1.38682,1.38772,1.38603,1.38721,3790
2025-04-14T01:00:00Z,1.38722,1.38737,1.38552,1.38614,5741
2025-04-14T01:30:00Z,1.38615,1.38656,1.38532,1.38617,4850
2025-04-14T02:00:00Z,1.38618,1.38621,1.38484,1.38546,5070
2025-04-14T02:30:00Z,1.38548,1.38615,1.38484,1.38524,3637
2025-04-14T03:00:00Z,1.38525,1.38620,1.38502,1.38583,3461
2025-04-14T03:30:00Z,1.38586,1.38642,1.38566,1.38573,2440
2025-04-14T04:00:00Z,1.38571,1.38639,1.38548,1.38621,2300
2025-04-14T04:30:00Z,1.38620,1.38663,1.38620,1.38642,1854
2025-04-14T05:00:00Z,1.38642,1.38759,1.38604,1.38609,1582
2025-04-14T05:30:00Z,1.38610,1.38666,1.38560,1.38614,2442
2025-04-14T06:00:00Z,1.38614,1.38753,1.38602,1.38636,4641
2025-04-14T06:30:00Z,1.38636,1.38648,1.38330,1.38350,4002
2025-04-14T07:00:00Z,1.38351,1.38482,1.38331,1.38389,3846
2025-04-14T07:30:00Z,1.38389,1.38450,1.38281,1.38341,3472
2025-04-14T08:00:00Z,1.38342,1.38391,1.38311,1.38362,3047
2025-04-14T08:30:00Z,1.38360,1.38408,1.38331,1.38389,3088
2025-04-14T09:00:00Z,1.38389,1.38430,1.38343,1.38418,2341
2025-04-14T09:30:00Z,1.38418,1.38491,1.38407,1.38485,2054
2025-04-14T10:00:00Z,1.38486,1.38606,1.38390,1.38595,2460
2025-04-14T10:30:00Z,1.38593,1.38642,1.38549,1.38620,2304
2025-04-14T11:00:00Z,1.38616,1.38629,1.38522,1.38541,2023
2025-04-14T11:30:00Z,1.38542,1.38741,1.38480,1.38673,2417
2025-04-14T12:00:00Z,1.38671,1.38808,1.38669,1.38720,4265
2025-04-14T12:30:00Z,1.38718,1.38889,1.38640,1.38816,4570
2025-04-14T13:00:00Z,1.38815,1.39033,1.38762,1.38929,7806
2025-04-14T13:30:00Z,1.38925,1.38954,1.38731,1.38894,8868
2025-04-14T14:00:00Z,1.38895,1.38895,1.38720,1.38722,6484
2025-04-14T14:30:00Z,1.38721,1.38746,1.38629,1.38652,7095
2025-04-14T15:00:00Z,1.38651,1.38874,1.38614,1.38867,6516
2025-04-14T15:30:00Z,1.38867,1.38949,1.38738,1.38939,6287
2025-04-14T16:00:00Z,1.38938,1.39102,1.38876,1.39034,7305
2025-04-14T16:30:00Z,1.39034,1.39074,1.38916,1.39036,5199
2025-04-14T17:00:00Z,1.39037,1.39045,1.38857,1.38886,6306
2025-04-14T17:30:00Z,1.38889,1.38928,1.38799,1.38803,4224
2025-04-14T18:00:00Z,1.38803,1.38804,1.38707,1.38710,3123
2025-04-14T18:30:00Z,1.38715,1.38755,1.38628,1.38629,3179
2025-04-14T19:00:00Z,1.38633,1.38710,1.38626,1.38635,2838
2025-04-14T19:30:00Z,1.38635,1.38773,1.38635,1.38718,3246
2025-04-14T20:00:00Z,1.38718,1.38823,1.38710,1.38755,2925
2025-04-14T20:30:00Z,1.38756,1.38778,1.38702,1.38702,2015
2025-04-14T21:00:00Z,1.38703,1.38739,1.38607,1.38652,180
2025-04-14T21:30:00Z,1.38645,1.38866,1.38643,1.38755,853
2025-04-14T22:00:00Z,1.38766,1.38889,1.38766,1.38878,1307
2025-04-14T22:30:00Z,1.38879,1.38953,1.38845,1.38949,1582
2025-04-14T23:00:00Z,1.38950,1.38970,1.38926,1.38959,1473
2025-04-14T23:30:00Z,1.38962,1.39081,1.38938,1.39007,1940
2025-04-15T00:00:00Z,1.39006,1.39020,1.38905,1.38947,2648
2025-04-15T00:30:00Z,1.38946,1.38997,1.38900,1.38939,2121
2025-04-15T01:00:00Z,1.38941,1.38969,1.38838,1.38847,3748
2025-04-15T01:30:00Z,1.38851,1.38908,1.38841,1.38876,3470
2025-04-15T02:00:00Z,1.38876,1.38891,1.38823,1.38869,2715
2025-04-15T02:30:00Z,1.38869,1.38877,1.38761,1.38785,3159
2025-04-15T03:00:00Z,1.38787,1.38787,1.38694,1.38698,2674
2025-04-15T03:30:00Z,1.38698,1.38733,1.38683,1.38719,2904
2025-04-15T04:00:00Z,1.38718,1.38730,1.38597,1.38626,1944
2025-04-15T04:30:00Z,1.38625,1.38626,1.38498,1.38542,2374
2025-04-15T05:00:00Z,1.38545,1.38576,1.38502,1.38558,2181
2025-04-15T05:30:00Z,1.38558,1.38710,1.38558,1.38700,2086
2025-04-15T06:00:00Z,1.38698,1.38778,1.38683,1.38747,3704
2025-04-15T06:30:00Z,1.38746,1.38771,1.38677,1.38727,3901
2025-04-15T07:00:00Z,1.38728,1.38732,1.38598,1.38674,4500
2025-04-15T07:30:00Z,1.38677,1.38687,1.38568,1.38585,3557
2025-04-15T08:00:00Z,1.38585,1.38607,1.38495,1.38537,4189
2025-04-15T08:30:00Z,1.38535,1.38628,1.38535,1.38554,3100
2025-04-15T09:00:00Z,1.38556,1.38599,1.38522,1.38522,3413
2025-04-15T09:30:00Z,1.38519,1.38643,1.38512,1.38616,2638
2025-04-15T10:00:00Z,1.38616,1.38633,1.38495,1.38550,1838
2025-04-15T10:30:00Z,1.38548,1.38664,1.38547,1.38638,2679
2025-04-15T11:00:00Z,1.38638,1.38773,1.38628,1.38701,3305
2025-04-15T11:30:00Z,1.38703,1.38784,1.38668,1.38721,3991
2025-04-15T12:00:00Z,1.38721,1.38914,1.38678,1.38889,3631
2025-04-15T12:30:00Z,1.38899,1.39151,1.38876,1.38998,6202
2025-04-15T13:00:00Z,1.38997,1.38998,1.38806,1.38860,5006
2025-04-15T13:30:00Z,1.38860,1.38928,1.38677,1.38780,5858
2025-04-15T14:00:00Z,1.38779,1.39230,1.38738,1.39170,7429
2025-04-15T14:30:00Z,1.39168,1.39210,1.39045,1.39062,5200
2025-04-15T15:00:00Z,1.39063,1.39447,1.39063,1.39416,3991
2025-04-15T15:30:00Z,1.39416,1.39575,1.39387,1.39446,4611
2025-04-15T16:00:00Z,1.39445,1.39548,1.39405,1.39547,2907
2025-04-15T16:30:00Z,1.39547,1.39692,1.39534,1.39691,3364
2025-04-15T17:00:00Z,1.39691,1.39771,1.39554,1.39647,3635
2025-04-15T17:30:00Z,1.39647,1.39714,1.39585,1.39669,2985
2025-04-15T18:00:00Z,1.39669,1.39748,1.39666,1.39698,3103
2025-04-15T18:30:00Z,1.39699,1.39735,1.39646,1.39663,3568
2025-04-15T19:00:00Z,1.39664,1.39719,1.39599,1.39644,2784
2025-04-15T19:30:00Z,1.39645,1.39673,1.39618,1.39661,3050
2025-04-15T20:00:00Z,1.39661,1.39666,1.39582,1.39584,1391
2025-04-15T20:30:00Z,1.39584,1.39627,1.39547,1.39547,2167
2025-04-15T21:00:00Z,1.39548,1.39564,1.39475,1.39546,134
2025-04-15T21:30:00Z,1.39547,1.39620,1.39546,1.39607,978
2025-04-15T22:00:00Z,1.39608,1.39626,1.39542,1.39592,749
2025-04-15T22:30:00Z,1.39592,1.39592,1.39499,1.39501,1062
2025-04-15T23:00:00Z,1.39503,1.39640,1.39499,1.39577,2680
2025-04-15T23:30:00Z,1.39579,1.39592,1.39538,1.39574,1286
2025-04-16T00:00:00Z,1.39576,1.39592,1.39474,1.39491,2859
2025-04-16T00:30:00Z,1.39491,1.39539,1.39470,1.39506,3229
2025-04-16T01:00:00Z,1.39506,1.39506,1.39437,1.39455,3489
2025-04-16T01:30:00Z,1.39455,1.39503,1.39433,1.39486,3079
2025-04-16T02:00:00Z,1.39486,1.39495,1.39425,1.39451,5088
2025-04-16T02:30:00Z,1.39450,1.39475,1.39426,1.39462,2365
2025-04-16T03:00:00Z,1.39463,1.39475,1.39426,1.39440,2220
2025-04-16T03:30:00Z,1.39438,1.39452,1.39393,1.39396,2054
2025-04-16T04:00:00Z,1.39393,1.39413,1.39366,1.39401,2081
2025-04-16T04:30:00Z,1.39401,1.39420,1.39340,1.39360,2175
2025-04-16T05:00:00Z,1.39359,1.39414,1.39328,1.39399,4130
2025-04-16T05:30:00Z,1.39399,1.39420,1.39225,1.39243,3036
2025-04-16T06:00:00Z,1.39245,1.39387,1.39232,1.39330,3323
2025-04-16T06:30:00Z,1.39331,1.39352,1.39258,1.39348,3355
2025-04-16T07:00:00Z,1.39348,1.39348,1.39183,1.39188,5346
2025-04-16T07:30:00Z,1.39188,1.39214,1.39116,1.39116,3816
2025-04-16T08:00:00Z,1.39116,1.39199,1.39038,1.39079,5285
2025-04-16T08:30:00Z,1.39078,1.39168,1.39041,1.39125,7094
2025-04-16T09:00:00Z,1.39124,1.39131,1.39047,1.39094,4078
2025-04-16T09:30:00Z,1.39094,1.39138,1.39033,1.39112,2924
2025-04-16T10:00:00Z,1.39112,1.39139,1.39052,1.39075,4011
2025-04-16T10:30:00Z,1.39076,1.39138,1.39065,1.39130,2477
2025-04-16T11:00:00Z,1.39130,1.39201,1.39102,1.39138,2692
2025-04-16T11:30:00Z,1.39138,1.39239,1.39088,1.39217,3087
2025-04-16T12:00:00Z,1.39218,1.39296,1.39145,1.39227,3671
2025-04-16T12:30:00Z,1.39227,1.39291,1.39159,1.39168,6186
2025-04-16T13:00:00Z,1.39169,1.39286,1.39142,1.39197,5242
2025-04-16T13:30:00Z,1.39196,1.39277,1.38731,1.38887,9803
2025-04-16T14:00:00Z,1.38884,1.39016,1.38827,1.38834,6944
2025-04-16T14:30:00Z,1.38834,1.38943,1.38782,1.38880,6705
2025-04-16T15:00:00Z,1.38879,1.38904,1.38762,1.38809,5937
2025-04-16T15:30:00Z,1.38808,1.38919,1.38726,1.38832,5305
2025-04-16T16:00:00Z,1.38832,1.38834,1.38706,1.38744,4920
2025-04-16T16:30:00Z,1.38741,1.38790,1.38668,1.38767,4805
2025-04-16T17:00:00Z,1.38766,1.38815,1.38686,1.38808,3643
2025-04-16T17:30:00Z,1.38806,1.38981,1.38763,1.38980,7923
2025-04-16T18:00:00Z,1.38979,1.38980,1.38787,1.38840,6953
2025-04-16T18:30:00Z,1.38841,1.38883,1.38757,1.38767,4881
2025-04-16T19:00:00Z,1.38767,1.38806,1.38686,1.38716,4593
2025-04-16T19:30:00Z,1.38717,1.38780,1.38584,1.38618,4355
2025-04-16T20:00:00Z,1.38616,1.38728,1.38567,1.38705,1896
2025-04-16T20:30:00Z,1.38703,1.38749,1.38531,1.38548,2064
2025-04-16T21:00:00Z,1.38518,1.38642,1.38518,1.38601,367
2025-04-16T21:30:00Z,1.38609,1.38659,1.38597,1.38619,765
2025-04-16T22:00:00Z,1.38635,1.38635,1.38576,1.38581,1630
2025-04-16T22:30:00Z,1.38583,1.38609,1.38543,1.38543,1298
2025-04-16T23:00:00Z,1.38546,1.38601,1.38543,1.38577,1810
2025-04-16T23:30:00Z,1.38576,1.38602,1.38545,1.38592,1097
2025-04-17T00:00:00Z,1.38591,1.38645,1.38552,1.38622,2656
2025-04-17T00:30:00Z,1.38626,1.38682,1.38606,1.38674,1423
2025-04-17T01:00:00Z,1.38673,1.38784,1.38673,1.38763,2251
2025-04-17T01:30:00Z,1.38764,1.38837,1.38752,1.38779,3146
2025-04-17T02:00:00Z,1.38778,1.38782,1.38720,1.38730,2744
2025-04-17T02:30:00Z,1.38732,1.38759,1.38687,1.38712,1441
2025-04-17T03:00:00Z,1.38711,1.38762,1.38696,1.38760,1986
2025-04-17T03:30:00Z,1.38760,1.38868,1.38755,1.38863,1637
2025-04-17T04:00:00Z,1.38864,1.38876,1.38815,1.38815,1504
2025-04-17T04:30:00Z,1.38815,1.38912,1.38815,1.38900,1263
2025-04-17T05:00:00Z,1.38901,1.38908,1.38850,1.38904,863
2025-04-17T05:30:00Z,1.38905,1.38959,1.38890,1.38896,1997
2025-04-17T06:00:00Z,1.38895,1.38946,1.38845,1.38859,2411
2025-04-17T06:30:00Z,1.38859,1.38918,1.38800,1.38882,1991
2025-04-17T07:00:00Z,1.38882,1.38886,1.38777,1.38807,3947
2025-04-17T07:30:00Z,1.38806,1.38834,1.38648,1.38706,3375
2025-04-17T08:00:00Z,1.38706,1.38764,1.38689,1.38708,2176
2025-04-17T08:30:00Z,1.38707,1.38784,1.38675,1.38768,1808
2025-04-17T09:00:00Z,1.38768,1.38836,1.38740,1.38803,2363
2025-04-17T09:30:00Z,1.38804,1.38912,1.38799,1.38911,1578
2025-04-17T10:00:00Z,1.38912,1.38976,1.38833,1.38927,2683
2025-04-17T10:30:00Z,1.38928,1.38980,1.38909,1.38929,2216
2025-04-17T11:00:00Z,1.38926,1.38948,1.38852,1.38862,2286
2025-04-17T11:30:00Z,1.38864,1.39057,1.38851,1.39004,2111
2025-04-17T12:00:00Z,1.39002,1.39002,1.38717,1.38719,6011
2025-04-17T12:30:00Z,1.38727,1.38842,1.38675,1.38723,5800
2025-04-17T13:00:00Z,1.38726,1.38780,1.38635,1.38720,6306
2025-04-17T13:30:00Z,1.38720,1.38734,1.38539,1.38539,7850
2025-04-17T14:00:00Z,1.38539,1.38626,1.38494,1.38614,5997
2025-04-17T14:30:00Z,1.38612,1.38782,1.38607,1.38772,4873
2025-04-17T15:00:00Z,1.38774,1.38787,1.38588,1.38627,3791
2025-04-17T15:30:00Z,1.38627,1.38653,1.38560,1.38564,3270
2025-04-17T16:00:00Z,1.38563,1.38606,1.38489,1.38530,5331
2025-04-17T16:30:00Z,1.38530,1.38550,1.38435,1.38444,3811
2025-04-17T17:00:00Z,1.38444,1.38490,1.38424,1.38452,2207
2025-04-17T17:30:00Z,1.38449,1.38449,1.38336,1.38347,2170
2025-04-17T18:00:00Z,1.38346,1.38419,1.38275,1.38419,2417
2025-04-17T18:30:00Z,1.38417,1.38503,1.38372,1.38401,2627
2025-04-17T19:00:00Z,1.38400,1.38447,1.38389,1.38447,2067
2025-04-17T19:30:00Z,1.38447,1.38479,1.38373,1.38396,1988
2025-04-17T20:00:00Z,1.38399,1.38403,1.38334,1.38386,1011
2025-04-17T20:30:00Z,1.38386,1.38404,1.38321,1.38321,1711
2025-04-17T21:00:00Z,1.38307,1.38469,1.38297,1.38297,1107
2025-04-17T21:30:00Z,1.38305,1.38393,1.38298,1.38307,191
2025-04-17T22:00:00Z,1.38325,1.38436,1.38307,1.38340,1787
2025-04-17T22:30:00Z,1.38341,1.38361,1.38277,1.38339,1113
2025-04-17T23:00:00Z,1.38338,1.38376,1.38273,1.38353,538
2025-04-17T23:30:00Z,1.38351,1.38433,1.38310,1.38423,837
2025-04-18T00:00:00Z,1.38422,1.38486,1.38372,1.38455,786
2025-04-18T00:30:00Z,1.38454,1.38474,1.38436,1.38455,11152
2025-04-18T01:00:00Z,1.38455,1.38495,1.38446,1.38483,5518
2025-04-18T01:30:00Z,1.38483,1.38535,1.38477,1.38521,12254
2025-04-18T02:00:00Z,1.38526,1.38537,1.38470,1.38522,16661
2025-04-18T02:30:00Z,1.38520,1.38587,1.38501,1.38572,20432
2025-04-18T03:00:00Z,1.38573,1.38602,1.38539,1.38550,20311
2025-04-18T03:30:00Z,1.38549,1.38605,1.38498,1.38593,19820
2025-04-18T04:00:00Z,1.38593,1.38619,1.38590,1.38609,19633
2025-04-18T04:30:00Z,1.38611,1.38633,1.38600,1.38619,18946
2025-04-18T05:00:00Z,1.38616,1.38635,1.38599,1.38624,10722
2025-04-18T05:30:00Z,1.38619,1.38663,1.38613,1.38620,12622
2025-04-18T06:00:00Z,1.38619,1.38661,1.38543,1.38589,9356
2025-04-18T06:30:00Z,1.38589,1.38651,1.38535,1.38545,7088
2025-04-18T07:00:00Z,1.38543,1.38569,1.38442,1.38548,9138
2025-04-18T07:30:00Z,1.38547,1.38645,1.38474,1.38638,12063
2025-04-18T08:00:00Z,1.38638,1.38673,1.38593,1.38637,10783
2025-04-18T08:30:00Z,1.38637,1.38669,1.38602,1.38618,12142
2025-04-18T09:00:00Z,1.38618,1.38653,1.38529,1.38558,10619
2025-04-18T09:30:00Z,1.38554,1.38612,1.38516,1.38578,9267
2025-04-18T10:00:00Z,1.38575,1.38587,1.38452,1.38566,9049
2025-04-18T10:30:00Z,1.38568,1.38603,1.38486,1.38542,9770
2025-04-18T11:00:00Z,1.38545,1.38653,1.38504,1.38535,10128
2025-04-18T11:30:00Z,1.38536,1.38677,1.38529,1.38618,9011
2025-04-18T12:00:00Z,1.38617,1.38627,1.38442,1.38484,5712
2025-04-18T12:30:00Z,1.38486,1.38590,1.38470,1.38579,6420
2025-04-18T13:00:00Z,1.38581,1.38590,1.38517,1.38527,3811
2025-04-18T13:30:00Z,1.38537,1.38691,1.38537,1.38651,3222
2025-04-18T14:00:00Z,1.38648,1.38653,1.38445,1.38621,6307
2025-04-18T14:30:00Z,1.38622,1.38636,1.38563,1.38629,4626
2025-04-18T15:00:00Z,1.38629,1.38629,1.38606,1.38612,2600
2025-04-18T15:30:00Z,1.38609,1.38621,1.38475,1.38486,7176
2025-04-18T16:00:00Z,1.38486,1.38544,1.38443,1.38537,6523
2025-04-18T16:30:00Z,1.38537,1.38538,1.38462,1.38508,6660
2025-04-18T17:00:00Z,1.38510,1.38510,1.38404,1.38425,5288
2025-04-18T17:30:00Z,1.38432,1.38496,1.38406,1.38484,5229
2025-04-18T18:00:00Z,1.38486,1.38492,1.38474,1.38483,5911
2025-04-18T18:30:00Z,1.38483,1.38489,1.38455,1.38466,4630
2025-04-18T19:00:00Z,1.38466,1.38475,1.38450,1.38472,3408
2025-04-18T19:30:00Z,1.38472,1.38478,1.38421,1.38449,3196
2025-04-18T20:00:00Z,1.38450,1.38456,1.38431,1.38440,2111
2025-04-18T20:30:00Z,1.38440,1.38448,1.38315,1.38413,6641
2025-04-20T21:00:00Z,1.38392,1.38429,1.38321,1.38423,100
2025-04-20T21:30:00Z,1.38422,1.38423,1.38346,1.38349,111
2025-04-20T22:00:00Z,1.38332,1.38345,1.38251,1.38315,2547
2025-04-20T22:30:00Z,1.38316,1.38341,1.38258,1.38269,2068
2025-04-20T23:00:00Z,1.38269,1.38300,1.38249,1.38276,3243
2025-04-20T23:30:00Z,1.38273,1.38276,1.38215,1.38246,2711
2025-04-21T00:00:00Z,1.38247,1.38254,1.38087,1.38097,3840
2025-04-21T00:30:00Z,1.38096,1.38197,1.38053,1.38183,3415
2025-04-21T01:00:00Z,1.38183,1.38214,1.38141,1.38142,2872
2025-04-21T01:30:00Z,1.38140,1.38210,1.38137,1.38174,2290
2025-04-21T02:00:00Z,1.38174,1.38206,1.38023,1.38041,2823
2025-04-21T02:30:00Z,1.38041,1.38080,1.38016,1.38062,2187
2025-04-21T03:00:00Z,1.38062,1.38064,1.38005,1.38017,1686
2025-04-21T03:30:00Z,1.38017,1.38025,1.37939,1.37956,2127
2025-04-21T04:00:00Z,1.37956,1.38031,1.37956,1.38007,1984
2025-04-21T04:30:00Z,1.38006,1.38028,1.37969,1.37969,1071
2025-04-21T05:00:00Z,1.37973,1.37979,1.37949,1.37950,1515
2025-04-21T05:30:00Z,1.37950,1.37956,1.37906,1.37909,1826
2025-04-21T06:00:00Z,1.37910,1.38017,1.37910,1.37964,1910
2025-04-21T06:30:00Z,1.37963,1.38003,1.37950,1.37965,1294
2025-04-21T07:00:00Z,1.37967,1.38020,1.37937,1.37962,1512
2025-04-21T07:30:00Z,1.37962,1.37991,1.37928,1.37982,2379
2025-04-21T08:00:00Z,1.37984,1.38023,1.37914,1.37971,2824
2025-04-21T08:30:00Z,1.37969,1.37981,1.37913,1.37920,2365
2025-04-21T09:00:00Z,1.37920,1.37955,1.37805,1.37883,2841
2025-04-21T09:30:00Z,1.37884,1.37972,1.37852,1.37961,2062
2025-04-21T10:00:00Z,1.37963,1.38041,1.37932,1.38038,1347
2025-04-21T10:30:00Z,1.38037,1.38145,1.37999,1.38099,2192
2025-04-21T11:00:00Z,1.38098,1.38146,1.38043,1.38123,2149
2025-04-21T11:30:00Z,1.38122,1.38129,1.38034,1.38071,2310
2025-04-21T12:00:00Z,1.38071,1.38103,1.38017,1.38062,2376
2025-04-21T12:30:00Z,1.38065,1.38111,1.37878,1.37929,3122
2025-04-21T13:00:00Z,1.37927,1.38109,1.37903,1.38070,2712
2025-04-21T13:30:00Z,1.38065,1.38094,1.37845,1.37911,4393
2025-04-21T14:00:00Z,1.37910,1.38058,1.37910,1.37966,4840
2025-04-21T14:30:00Z,1.37965,1.38115,1.37920,1.38073,4558
2025-04-21T15:00:00Z,1.38070,1.38153,1.38051,1.38065,3482
2025-04-21T15:30:00Z,1.38064,1.38189,1.38062,1.38174,2775
2025-04-21T16:00:00Z,1.38174,1.38270,1.38162,1.38254,2604
2025-04-21T16:30:00Z,1.38254,1.38417,1.38221,1.38381,3662
2025-04-21T17:00:00Z,1.38382,1.38492,1.38367,1.38377,3310
2025-04-21T17:30:00Z,1.38377,1.38431,1.38360,1.38411,2050
2025-04-21T18:00:00Z,1.38411,1.38477,1.38403,1.38404,2003
2025-04-21T18:30:00Z,1.38410,1.38424,1.38353,1.38377,2567
2025-04-21T19:00:00Z,1.38379,1.38401,1.38297,1.38358,2165
2025-04-21T19:30:00Z,1.38357,1.38361,1.38253,1.38344,2873
2025-04-21T20:00:00Z,1.38345,1.38413,1.38332,1.38365,1371
2025-04-21T20:30:00Z,1.38363,1.38404,1.38340,1.38404,1449
2025-04-21T21:00:00Z,1.38399,1.38404,1.38345,1.38382,152
2025-04-21T21:30:00Z,1.38381,1.38390,1.38373,1.38378,133
2025-04-21T22:00:00Z,1.38401,1.38432,1.38362,1.38364,807
2025-04-21T22:30:00Z,1.38363,1.38397,1.38343,1.38373,815
2025-04-21T23:00:00Z,1.38372,1.38384,1.38346,1.38352,1617
2025-04-21T23:30:00Z,1.38351,1.38399,1.38315,1.38330,2180
2025-04-22T00:00:00Z,1.38330,1.38383,1.38275,1.38333,3032
2025-04-22T00:30:00Z,1.38331,1.38452,1.38321,1.38376,2648
2025-04-22T01:00:00Z,1.38377,1.38377,1.38293,1.38317,3508
2025-04-22T01:30:00Z,1.38319,1.38352,1.38274,1.38345,3029
2025-04-22T02:00:00Z,1.38345,1.38365,1.38255,1.38266,2503
2025-04-22T02:30:00Z,1.38266,1.38306,1.38194,1.38197,1990
2025-04-22T03:00:00Z,1.38199,1.38206,1.38071,1.38089,3012
2025-04-22T03:30:00Z,1.38088,1.38119,1.38002,1.38052,1467
2025-04-22T04:00:00Z,1.38052,1.38063,1.38013,1.38025,1367
2025-04-22T04:30:00Z,1.38027,1.38059,1.38021,1.38040,1314
2025-04-22T05:00:00Z,1.38042,1.38102,1.37954,1.37955,1762
2025-04-22T05:30:00Z,1.37956,1.38061,1.37923,1.37966,2865
2025-04-22T06:00:00Z,1.37970,1.38106,1.37925,1.38062,3128
2025-04-22T06:30:00Z,1.38060,1.38206,1.38060,1.38147,5672
2025-04-22T07:00:00Z,1.38147,1.38180,1.38062,1.38067,4827
2025-04-22T07:30:00Z,1.38069,1.38138,1.38032,1.38107,4250
2025-04-22T08:00:00Z,1.38107,1.38191,1.38085,1.38107,3063
2025-04-22T08:30:00Z,1.38108,1.38208,1.38086,1.38173,2552
2025-04-22T09:00:00Z,1.38172,1.38272,1.38165,1.38271,2449
2025-04-22T09:30:00Z,1.38270,1.38393,1.38254,1.38369,2305
2025-04-22T10:00:00Z,1.38370,1.38391,1.38328,1.38338,2122
2025-04-22T10:30:00Z,1.38339,1.38398,1.38270,1.38395,2623
2025-04-22T11:00:00Z,1.38395,1.38437,1.38344,1.38349,2521
2025-04-22T11:30:00Z,1.38348,1.38472,1.38335,1.38424,2266
2025-04-22T12:00:00Z,1.38423,1.38611,1.38419,1.38563,3894
2025-04-22T12:30:00Z,1.38562,1.38563,1.38456,1.38462,3410
2025-04-22T13:00:00Z,1.38460,1.38570,1.38451,1.38520,3285
2025-04-22T13:30:00Z,1.38521,1.38528,1.38331,1.38356,5069
2025-04-22T14:00:00Z,1.38355,1.38508,1.38353,1.38481,3598
2025-04-22T14:30:00Z,1.38482,1.38501,1.38237,1.38254,4730
2025-04-22T15:00:00Z,1.38256,1.38291,1.38118,1.38128,3532
2025-04-22T15:30:00Z,1.38126,1.38156,1.38010,1.38011,4171
2025-04-22T16:00:00Z,1.38010,1.38144,1.37964,1.38071,5978
2025-04-22T16:30:00Z,1.38071,1.38120,1.38038,1.38069,3297
2025-04-22T17:00:00Z,1.38069,1.38197,1.37990,1.38178,5904
2025-04-22T17:30:00Z,1.38177,1.38242,1.38120,1.38177,3333
2025-04-22T18:00:00Z,1.38177,1.38215,1.38108,1.38158,2688
2025-04-22T18:30:00Z,1.38157,1.38204,1.38130,1.38145,2696
2025-04-22T19:00:00Z,1.38143,1.38161,1.38068,1.38146,2604
2025-04-22T19:30:00Z,1.38145,1.38326,1.38144,1.38241,3415
2025-04-22T20:00:00Z,1.38239,1.38247,1.38122,1.38137,1677
2025-04-22T20:30:00Z,1.38135,1.38146,1.38088,1.38088,998
2025-04-22T21:00:00Z,1.38084,1.38124,1.38079,1.38113,502
2025-04-22T21:30:00Z,1.38127,1.38311,1.38102,1.38249,944
2025-04-22T22:00:00Z,1.38257,1.38596,1.38239,1.38530,5148
2025-04-22T22:30:00Z,1.38530,1.38585,1.38426,1.38431,5068
2025-04-22T23:00:00Z,1.38428,1.38462,1.38290,1.38389,4458
2025-04-22T23:30:00Z,1.38389,1.38485,1.38297,1.38481,2769
2025-04-23T00:00:00Z,1.38478,1.38482,1.38332,1.38378,3891
2025-04-23T00:30:00Z,1.38378,1.38378,1.38262,1.38279,2422
2025-04-23T01:00:00Z,1.38279,1.38309,1.38227,1.38263,2919
2025-04-23T01:30:00Z,1.38264,1.38280,1.38195,1.38268,2373
2025-04-23T02:00:00Z,1.38268,1.38347,1.38258,1.38311,1962
2025-04-23T02:30:00Z,1.38311,1.38352,1.38271,1.38338,1869
2025-04-23T03:00:00Z,1.38337,1.38456,1.38319,1.38414,2056
2025-04-23T03:30:00Z,1.38415,1.38446,1.38336,1.38399,1492
2025-04-23T04:00:00Z,1.38397,1.38466,1.38393,1.38398,1245
2025-04-23T04:30:00Z,1.38396,1.38408,1.38328,1.38329,1034
2025-04-23T05:00:00Z,1.38328,1.38356,1.38279,1.38320,1079
2025-04-23T05:30:00Z,1.38321,1.38390,1.38296,1.38358,1283
2025-04-23T06:00:00Z,1.38358,1.38359,1.38166,1.38166,2705
2025-04-23T06:30:00Z,1.38166,1.38187,1.38087,1.38138,3138
2025-04-23T07:00:00Z,1.38137,1.38205,1.38112,1.38137,3429
2025-04-23T07:30:00Z,1.38138,1.38194,1.38126,1.38171,3176
2025-04-23T08:00:00Z,1.38169,1.38247,1.38145,1.38176,3277
2025-04-23T08:30:00Z,1.38180,1.38193,1.38080,1.38108,2941
2025-04-23T09:00:00Z,1.38108,1.38108,1.37978,1.38020,2795
2025-04-23T09:30:00Z,1.38020,1.38089,1.38001,1.38039,2250
2025-04-23T10:00:00Z,1.38040,1.38178,1.38028,1.38158,2123
2025-04-23T10:30:00Z,1.38159,1.38200,1.38120,1.38160,1712
2025-04-23T11:00:00Z,1.38160,1.38355,1.38151,1.38317,2692
2025-04-23T11:30:00Z,1.38318,1.38321,1.38198,1.38230,2794
2025-04-23T12:00:00Z,1.38231,1.38367,1.38190,1.38362,2885
2025-04-23T12:30:00Z,1.38359,1.38407,1.38328,1.38343,3082
2025-04-23T13:00:00Z,1.38341,1.38463,1.38245,1.38444,3673
2025-04-23T13:30:00Z,1.38444,1.38574,1.38244,1.38489,10280
2025-04-23T14:00:00Z,1.38488,1.38725,1.38375,1.38586,10101
2025-04-23T14:30:00Z,1.38585,1.38601,1.38445,1.38465,7226
2025-04-23T15:00:00Z,1.38466,1.38710,1.38459,1.38701,8034
2025-04-23T15:30:00Z,1.38698,1.38955,1.38698,1.38942,5919
2025-04-23T16:00:00Z,1.38942,1.38987,1.38889,1.38899,5116
2025-04-23T16:30:00Z,1.38899,1.38969,1.38824,1.38935,3298
2025-04-23T17:00:00Z,1.38937,1.38980,1.38879,1.38979,3462
2025-04-23T17:30:00Z,1.38978,1.39043,1.38877,1.38908,3779
2025-04-23T18:00:00Z,1.38907,1.38936,1.38818,1.38920,2860
2025-04-23T18:30:00Z,1.38919,1.38950,1.38855,1.38860,2723
2025-04-23T19:00:00Z,1.38862,1.38904,1.38821,1.38827,2683
2025-04-23T19:30:00Z,1.38827,1.38930,1.38805,1.38864,3012
2025-04-23T20:00:00Z,1.38862,1.38893,1.38800,1.38811,1508
2025-04-23T20:30:00Z,1.38812,1.38848,1.38754,1.38774,1398
2025-04-23T21:00:00Z,1.38773,1.38781,1.38716,1.38771,271
2025-04-23T21:30:00Z,1.38771,1.38892,1.38751,1.38815,510
2025-04-23T22:00:00Z,1.38816,1.38850,1.38686,1.38792,1705
2025-04-23T22:30:00Z,1.38794,1.38805,1.38694,1.38771,1876
2025-04-23T23:00:00Z,1.38771,1.38772,1.38713,1.38748,2241
2025-04-23T23:30:00Z,1.38747,1.38760,1.38699,1.38745,1275
2025-04-24T00:00:00Z,1.38743,1.38808,1.38729,1.38731,1813
2025-04-24T00:30:00Z,1.38735,1.38794,1.38675,1.38694,1981
2025-04-24T01:00:00Z,1.38689,1.38727,1.38645,1.38650,3705
2025-04-24T01:30:00Z,1.38649,1.38694,1.38622,1.38692,3184
2025-04-24T02:00:00Z,1.38692,1.38737,1.38682,1.38687,2410
2025-04-24T02:30:00Z,1.38686,1.38723,1.38628,1.38634,2169
2025-04-24T03:00:00Z,1.38635,1.38677,1.38627,1.38661,1895
2025-04-24T03:30:00Z,1.38661,1.38727,1.38656,1.38707,2122
2025-04-24T04:00:00Z,1.38707,1.38732,1.38672,1.38729,2420
2025-04-24T04:30:00Z,1.38729,1.38730,1.38669,1.38670,1904
2025-04-24T05:00:00Z,1.38669,1.38703,1.38641,1.38679,2417
2025-04-24T05:30:00Z,1.38680,1.38745,1.38639,1.38718,2688
2025-04-24T06:00:00Z,1.38717,1.38720,1.38626,1.38652,3652
2025-04-24T06:30:00Z,1.38653,1.38671,1.38550,1.38555,2650
2025-04-24T07:00:00Z,1.38555,1.38561,1.38456,1.38479,4788
2025-04-24T07:30:00Z,1.38479,1.38514,1.38400,1.38407,2211
2025-04-24T08:00:00Z,1.38406,1.38541,1.38393,1.38529,3256
2025-04-24T08:30:00Z,1.38528,1.38543,1.38462,1.38494,3290
2025-04-24T09:00:00Z,1.38496,1.38515,1.38400,1.38440,2835
2025-04-24T09:30:00Z,1.38439,1.38494,1.38437,1.38439,2388
2025-04-24T10:00:00Z,1.38440,1.38514,1.38427,1.38477,2204
2025-04-24T10:30:00Z,1.38476,1.38496,1.38407,1.38483,2729
2025-04-24T11:00:00Z,1.38481,1.38577,1.38476,1.38575,2800
2025-04-24T11:30:00Z,1.38578,1.38642,1.38552,1.38641,2287
2025-04-24T12:00:00Z,1.38640,1.38703,1.38579,1.38658,2922
2025-04-24T12:30:00Z,1.38658,1.38697,1.38592,1.38601,3103
2025-04-24T13:00:00Z,1.38600,1.38613,1.38497,1.38576,3294
2025-04-24T13:30:00Z,1.38577,1.38716,1.38548,1.38593,3883
2025-04-24T14:00:00Z,1.38593,1.38662,1.38545,1.38604,4409
2025-04-24T14:30:00Z,1.38603,1.38867,1.38576,1.38787,6199
2025-04-24T15:00:00Z,1.38788,1.38966,1.38709,1.38872,4528
2025-04-24T15:30:00Z,1.38871,1.38954,1.38831,1.38894,4572
2025-04-24T16:00:00Z,1.38893,1.38968,1.38880,1.38939,3836
2025-04-24T16:30:00Z,1.38940,1.38986,1.38785,1.38787,2910
2025-04-24T17:00:00Z,1.38786,1.38840,1.38761,1.38775,2942
2025-04-24T17:30:00Z,1.38775,1.38827,1.38715,1.38716,2116
2025-04-24T18:00:00Z,1.38715,1.38757,1.38675,1.38722,1829
2025-04-24T18:30:00Z,1.38719,1.38722,1.38601,1.38608,2000
2025-04-24T19:00:00Z,1.38608,1.38652,1.38526,1.38536,1867
2025-04-24T19:30:00Z,1.38536,1.38576,1.38466,1.38565,2681
2025-04-24T20:00:00Z,1.38565,1.38587,1.38456,1.38473,1593
2025-04-24T20:30:00Z,1.38473,1.38546,1.38416,1.38502,1455
2025-04-24T21:00:00Z,1.38503,1.38512,1.38434,1.38477,214
2025-04-24T21:30:00Z,1.38492,1.38492,1.38447,1.38456,420
2025-04-24T22:00:00Z,1.38455,1.38547,1.38447,1.38509,1150
2025-04-24T22:30:00Z,1.38510,1.38573,1.38453,1.38554,901
2025-04-24T23:00:00Z,1.38553,1.38586,1.38513,1.38581,1557
2025-04-24T23:30:00Z,1.38582,1.38584,1.38547,1.38549,1077
2025-04-25T00:00:00Z,1.38549,1.38601,1.38547,1.38569,1506
2025-04-25T00:30:00Z,1.38569,1.38650,1.38569,1.38635,1852
2025-04-25T01:00:00Z,1.38636,1.38657,1.38573,1.38591,2123
2025-04-25T01:30:00Z,1.38590,1.38709,1.38582,1.38695,2464
2025-04-25T02:00:00Z,1.38695,1.38697,1.38629,1.38671,1545
2025-04-25T02:30:00Z,1.38671,1.38707,1.38657,1.38667,1456
2025-04-25T03:00:00Z,1.38667,1.38671,1.38586,1.38646,2397
2025-04-25T03:30:00Z,1.38644,1.38727,1.38641,1.38707,1755
2025-04-25T04:00:00Z,1.38706,1.38764,1.38702,1.38737,1911
2025-04-25T04:30:00Z,1.38736,1.38763,1.38719,1.38753,1131
2025-04-25T05:00:00Z,1.38753,1.38774,1.38728,1.38767,1054
2025-04-25T05:30:00Z,1.38769,1.38842,1.38764,1.38800,1702
2025-04-25T06:00:00Z,1.38801,1.38889,1.38765,1.38774,2623
2025-04-25T06:30:00Z,1.38772,1.38781,1.38666,1.38673,2602
2025-04-25T07:00:00Z,1.38672,1.38752,1.38580,1.38743,4878
2025-04-25T07:30:00Z,1.38744,1.38818,1.38743,1.38771,3298
2025-04-25T08:00:00Z,1.38770,1.38855,1.38746,1.38841,2781
2025-04-25T08:30:00Z,1.38840,1.38897,1.38837,1.38867,1912
2025-04-25T09:00:00Z,1.38869,1.38898,1.38831,1.38876,2674
2025-04-25T09:30:00Z,1.38874,1.38919,1.38858,1.38906,3207
2025-04-25T10:00:00Z,1.38905,1.38912,1.38830,1.38851,4354
2025-04-25T10:30:00Z,1.38851,1.38884,1.38812,1.38863,3364
2025-04-25T11:00:00Z,1.38862,1.38881,1.38751,1.38810,2372
2025-04-25T11:30:00Z,1.38810,1.38839,1.38709,1.38729,2609
2025-04-25T12:00:00Z,1.38730,1.38745,1.38661,1.38722,2913
2025-04-25T12:30:00Z,1.38720,1.38729,1.38620,1.38721,3227
2025-04-25T13:00:00Z,1.38721,1.38754,1.38628,1.38677,4991
2025-04-25T13:30:00Z,1.38675,1.38689,1.38512,1.38525,5918
2025-04-25T14:00:00Z,1.38526,1.38618,1.38492,1.38560,5494
2025-04-25T14:30:00Z,1.38560,1.38648,1.38534,1.38621,3590
2025-04-25T15:00:00Z,1.38622,1.38631,1.38528,1.38577,3812
2025-04-25T15:30:00Z,1.38577,1.38601,1.38519,1.38581,3083
2025-04-25T16:00:00Z,1.38583,1.38650,1.38562,1.38610,2409
2025-04-25T16:30:00Z,1.38609,1.38620,1.38535,1.38598,2633
2025-04-25T17:00:00Z,1.38597,1.38625,1.38545,1.38605,1734
2025-04-25T17:30:00Z,1.38605,1.38756,1.38586,1.38706,4276
2025-04-25T18:00:00Z,1.38706,1.38740,1.38628,1.38666,2993
2025-04-25T18:30:00Z,1.38665,1.38676,1.38569,1.38581,2424
2025-04-25T19:00:00Z,1.38586,1.38641,1.38582,1.38600,1384
2025-04-25T19:30:00Z,1.38600,1.38630,1.38578,1.38606,2666
2025-04-25T20:00:00Z,1.38609,1.38622,1.38526,1.38560,1286
2025-04-25T20:30:00Z,1.38558,1.38583,1.38491,1.38517,1270
2025-04-27T21:00:00Z,1.38565,1.38603,1.38555,1.38565,117
2025-04-27T21:30:00Z,1.38566,1.38617,1.38527,1.38552,392
2025-04-27T22:00:00Z,1.38551,1.38591,1.38491,1.38580,836
2025-04-27T22:30:00Z,1.38581,1.38684,1.38581,1.38684,1483
2025-04-27T23:00:00Z,1.38681,1.38716,1.38618,1.38670,1533
2025-04-27T23:30:00Z,1.38669,1.38718,1.38625,1.38703,1062
2025-04-28T00:00:00Z,1.38704,1.38769,1.38685,1.38754,1516
2025-04-28T00:30:00Z,1.38751,1.38759,1.38707,1.38735,1680
2025-04-28T01:00:00Z,1.38735,1.38767,1.38697,1.38765,2527
2025-04-28T01:30:00Z,1.38765,1.38829,1.38750,1.38817,2569
2025-04-28T02:00:00Z,1.38817,1.38841,1.38784,1.38818,1370
2025-04-28T02:30:00Z,1.38819,1.38819,1.38775,1.38805,1124
2025-04-28T03:00:00Z,1.38802,1.38825,1.38745,1.38755,1362
2025-04-28T03:30:00Z,1.38756,1.38758,1.38723,1.38744,1088
2025-04-28T04:00:00Z,1.38744,1.38750,1.38698,1.38704,1495
2025-04-28T04:30:00Z,1.38704,1.38716,1.38650,1.38650,1686
2025-04-28T05:00:00Z,1.38653,1.38672,1.38623,1.38666,1456
2025-04-28T05:30:00Z,1.38667,1.38669,1.38619,1.38631,1884
2025-04-28T06:00:00Z,1.38631,1.38751,1.38630,1.38747,2476
2025-04-28T06:30:00Z,1.38748,1.38869,1.38726,1.38825,1853
2025-04-28T07:00:00Z,1.38826,1.38847,1.38739,1.38755,2433
2025-04-28T07:30:00Z,1.38756,1.38832,1.38712,1.38802,2379
2025-04-28T08:00:00Z,1.38804,1.38922,1.38795,1.38898,1831
2025-04-28T08:30:00Z,1.38898,1.38900,1.38820,1.38844,1570
2025-04-28T09:00:00Z,1.38845,1.38845,1.38667,1.38685,2166
2025-04-28T09:30:00Z,1.38684,1.38706,1.38635,1.38678,2026
2025-04-28T10:00:00Z,1.38676,1.38732,1.38667,1.38717,1873
2025-04-28T10:30:00Z,1.38717,1.38813,1.38685,1.38767,1647
2025-04-28T11:00:00Z,1.38768,1.38795,1.38703,1.38719,1926
2025-04-28T11:30:00Z,1.38720,1.38720,1.38629,1.38660,1540
2025-04-28T12:00:00Z,1.38660,1.38678,1.38545,1.38562,2630
2025-04-28T12:30:00Z,1.38563,1.38690,1.38556,1.38688,2533
2025-04-28T13:00:00Z,1.38684,1.38720,1.38600,1.38604,3011
2025-04-28T13:30:00Z,1.38601,1.38601,1.38428,1.38478,5655
2025-04-28T14:00:00Z,1.38479,1.38548,1.38424,1.38446,3803
2025-04-28T14:30:00Z,1.38445,1.38446,1.38244,1.38328,7583
2025-04-28T15:00:00Z,1.38328,1.38461,1.38309,1.38457,4912
2025-04-28T15:30:00Z,1.38459,1.38637,1.38421,1.38583,4407
2025-04-28T16:00:00Z,1.38584,1.38616,1.38488,1.38561,3835
2025-04-28T16:30:00Z,1.38559,1.38564,1.38441,1.38471,3184
2025-04-28T17:00:00Z,1.38470,1.38557,1.38466,1.38526,3023
2025-04-28T17:30:00Z,1.38526,1.38575,1.38513,1.38520,2913
2025-04-28T18:00:00Z,1.38521,1.38531,1.38437,1.38439,2202
2025-04-28T18:30:00Z,1.38440,1.38490,1.38428,1.38429,2054
2025-04-28T19:00:00Z,1.38431,1.38434,1.38331,1.38343,1866
2025-04-28T19:30:00Z,1.38344,1.38382,1.38160,1.38175,2400
2025-04-28T20:00:00Z,1.38176,1.38214,1.38163,1.38178,815
2025-04-28T20:30:00Z,1.38175,1.38307,1.38175,1.38282,1273
2025-04-28T21:00:00Z,1.38254,1.38301,1.38253,1.38277,119
2025-04-28T21:30:00Z,1.38278,1.38313,1.38277,1.38307,190
2025-04-28T22:00:00Z,1.38307,1.38339,1.38279,1.38309,713
2025-04-28T22:30:00Z,1.38311,1.38319,1.38284,1.38319,689
2025-04-28T23:00:00Z,1.38321,1.38354,1.38253,1.38319,1963
2025-04-28T23:30:00Z,1.38323,1.38323,1.38267,1.38315,773
2025-04-29T00:00:00Z,1.38317,1.38379,1.38275,1.38358,2048
2025-04-29T00:30:00Z,1.38359,1.38391,1.38325,1.38362,1403
2025-04-29T01:00:00Z,1.38364,1.38380,1.38313,1.38357,2696
2025-04-29T01:30:00Z,1.38358,1.38403,1.38334,1.38378,2768
2025-04-29T02:00:00Z,1.38377,1.38381,1.38080,1.38156,3042
2025-04-29T02:30:00Z,1.38154,1.38396,1.38118,1.38376,3362
2025-04-29T03:00:00Z,1.38376,1.38640,1.38368,1.38633,2512
2025-04-29T03:30:00Z,1.38633,1.38662,1.38543,1.38569,1794
2025-04-29T04:00:00Z,1.38568,1.38583,1.38549,1.38583,1441
2025-04-29T04:30:00Z,1.38583,1.38636,1.38534,1.38621,1473
2025-04-29T05:00:00Z,1.38622,1.38662,1.38602,1.38659,1577
2025-04-29T05:30:00Z,1.38661,1.38709,1.38660,1.38692,1452
2025-04-29T06:00:00Z,1.38693,1.38708,1.38445,1.38450,2841
2025-04-29T06:30:00Z,1.38448,1.38469,1.38362,1.38441,2344
2025-04-29T07:00:00Z,1.38442,1.38450,1.38304,1.38326,4047
2025-04-29T07:30:00Z,1.38324,1.38347,1.38183,1.38189,5132
2025-04-29T08:00:00Z,1.38187,1.38357,1.38158,1.38260,3882
2025-04-29T08:30:00Z,1.38260,1.38307,1.38252,1.38288,3302
2025-04-29T09:00:00Z,1.38289,1.38381,1.38273,1.38344,3149
2025-04-29T09:30:00Z,1.38343,1.38478,1.38336,1.38462,2071
2025-04-29T10:00:00Z,1.38463,1.38497,1.38425,1.38429,2275
2025-04-29T10:30:00Z,1.38427,1.38502,1.38409,1.38476,2257
2025-04-29T11:00:00Z,1.38476,1.38499,1.38442,1.38489,2945
2025-04-29T11:30:00Z,1.38489,1.38516,1.38437,1.38487,2348
2025-04-29T12:00:00Z,1.38487,1.38493,1.38357,1.38409,3603
2025-04-29T12:30:00Z,1.38409,1.38486,1.38270,1.38323,4769
2025-04-29T13:00:00Z,1.38321,1.38410,1.38288,1.38359,4312
2025-04-29T13:30:00Z,1.38356,1.38526,1.38306,1.38426,6350
2025-04-29T14:00:00Z,1.38425,1.38586,1.38388,1.38586,6640
2025-04-29T14:30:00Z,1.38585,1.38666,1.38536,1.38636,6633
2025-04-29T15:00:00Z,1.38636,1.38670,1.38453,1.38465,4188
2025-04-29T15:30:00Z,1.38467,1.38547,1.38461,1.38536,3768
2025-04-29T16:00:00Z,1.38535,1.38535,1.38425,1.38479,3320
2025-04-29T16:30:00Z,1.38479,1.38564,1.38452,1.38536,3024
2025-04-29T17:00:00Z,1.38534,1.38597,1.38423,1.38423,2628
2025-04-29T17:30:00Z,1.38424,1.38444,1.38360,1.38398,1911
2025-04-29T18:00:00Z,1.38401,1.38555,1.38382,1.38525,2722
2025-04-29T18:30:00Z,1.38524,1.38524,1.38425,1.38449,2502
2025-04-29T19:00:00Z,1.38449,1.38450,1.38374,1.38438,2632
2025-04-29T19:30:00Z,1.38438,1.38459,1.38359,1.38368,1649
2025-04-29T20:00:00Z,1.38370,1.38399,1.38285,1.38295,967
2025-04-29T20:30:00Z,1.38295,1.38339,1.38264,1.38311,1450
2025-04-29T21:00:00Z,1.38299,1.38406,1.38236,1.38308,1410
2025-04-29T21:30:00Z,1.38308,1.38347,1.38244,1.38257,361
2025-04-29T22:00:00Z,1.38263,1.38284,1.38242,1.38246,813
2025-04-29T22:30:00Z,1.38246,1.38301,1.38246,1.38297,1144
2025-04-29T23:00:00Z,1.38294,1.38322,1.38274,1.38297,1300
2025-04-29T23:30:00Z,1.38298,1.38299,1.38250,1.38254,912
2025-04-30T00:00:00Z,1.38255,1.38297,1.38248,1.38278,1966
2025-04-30T00:30:00Z,1.38278,1.38344,1.38273,1.38301,1442
2025-04-30T01:00:00Z,1.38303,1.38328,1.38253,1.38256,1625
2025-04-30T01:30:00Z,1.38256,1.38414,1.38197,1.38407,2988
2025-04-30T02:00:00Z,1.38407,1.38418,1.38336,1.38386,1900
2025-04-30T02:30:00Z,1.38386,1.38457,1.38386,1.38439,1466
2025-04-30T03:00:00Z,1.38439,1.38439,1.38385,1.38388,1279
2025-04-30T03:30:00Z,1.38389,1.38440,1.38380,1.38413,1271
2025-04-30T04:00:00Z,1.38414,1.38418,1.38350,1.38355,1360
2025-04-30T04:30:00Z,1.38356,1.38361,1.38331,1.38331,876
2025-04-30T05:00:00Z,1.38330,1.38338,1.38289,1.38298,1099
2025-04-30T05:30:00Z,1.38296,1.38301,1.38243,1.38254,1190
2025-04-30T06:00:00Z,1.38253,1.38302,1.38165,1.38185,2481
2025-04-30T06:30:00Z,1.38185,1.38261,1.38176,1.38205,2338
2025-04-30T07:00:00Z,1.38204,1.38330,1.38204,1.38302,2233
2025-04-30T07:30:00Z,1.38302,1.38371,1.38291,1.38319,1574
2025-04-30T08:00:00Z,1.38317,1.38403,1.38283,1.38388,2136
2025-04-30T08:30:00Z,1.38386,1.38428,1.38360,1.38426,1733
2025-04-30T09:00:00Z,1.38428,1.38428,1.38316,1.38322,2012
2025-04-30T09:30:00Z,1.38320,1.38357,1.38263,1.38342,2364
2025-04-30T10:00:00Z,1.38342,1.38372,1.38285,1.38318,2109
2025-04-30T10:30:00Z,1.38317,1.38342,1.38293,1.38329,2343
2025-04-30T11:00:00Z,1.38328,1.38357,1.38296,1.38311,2100
2025-04-30T11:30:00Z,1.38311,1.38343,1.38253,1.38311,2137
2025-04-30T12:00:00Z,1.38310,1.38324,1.38240,1.38300,2671
2025-04-30T12:30:00Z,1.38299,1.38534,1.38262,1.38496,7114
2025-04-30T13:00:00Z,1.38495,1.38506,1.38299,1.38304,5296
2025-04-30T13:30:00Z,1.38304,1.38421,1.38261,1.38398,5271
2025-04-30T14:00:00Z,1.38397,1.38549,1.38306,1.38323,6814
2025-04-30T14:30:00Z,1.38322,1.38322,1.38058,1.38145,7841
2025-04-30T15:00:00Z,1.38144,1.38180,1.38021,1.38172,6731
2025-04-30T15:30:00Z,1.38173,1.38224,1.38071,1.38077,5594
2025-04-30T16:00:00Z,1.38077,1.38181,1.38070,1.38110,3768
2025-04-30T16:30:00Z,1.38109,1.38154,1.38072,1.38095,2362
2025-04-30T17:00:00Z,1.38097,1.38112,1.37983,1.37985,2227
2025-04-30T17:30:00Z,1.37987,1.38015,1.37866,1.37969,2460
2025-04-30T18:00:00Z,1.37968,1.37973,1.37759,1.37903,4537
2025-04-30T18:30:00Z,1.37901,1.37915,1.37825,1.37848,2388
2025-04-30T19:00:00Z,1.37848,1.37859,1.37779,1.37826,2366
2025-04-30T19:30:00Z,1.37823,1.37853,1.37694,1.37846,3162
2025-04-30T20:00:00Z,1.37846,1.37924,1.37819,1.37886,2086
2025-04-30T20:30:00Z,1.37886,1.37979,1.37881,1.37963,1237
2025-04-30T21:00:00Z,1.37962,1.37962,1.37849,1.37886,773
2025-04-30T21:30:00Z,1.37885,1.37966,1.37872,1.37879,584
2025-04-30T22:00:00Z,1.37877,1.37968,1.37877,1.37938,1243
2025-04-30T22:30:00Z,1.37936,1.37936,1.37857,1.37865,889
2025-04-30T23:00:00Z,1.37866,1.38006,1.37863,1.37917,1573
2025-04-30T23:30:00Z,1.37917,1.37947,1.37878,1.37933,922
2025-05-01T00:00:00Z,1.37932,1.37936,1.37884,1.37899,1290
2025-05-01T00:30:00Z,1.37902,1.37933,1.37870,1.37875,780
2025-05-01T01:00:00Z,1.37875,1.37919,1.37859,1.37876,1444
2025-05-01T01:30:00Z,1.37876,1.37953,1.37858,1.37917,1257
2025-05-01T02:00:00Z,1.37917,1.37926,1.37863,1.37870,869
2025-05-01T02:30:00Z,1.37867,1.37871,1.37836,1.37845,1039
2025-05-01T03:00:00Z,1.37845,1.37978,1.37838,1.37972,2038
2025-05-01T03:30:00Z,1.37972,1.37998,1.37953,1.37959,1661
2025-05-01T04:00:00Z,1.37960,1.37980,1.37925,1.37953,1445
2025-05-01T04:30:00Z,1.37952,1.37963,1.37922,1.37937,1038
2025-05-01T05:00:00Z,1.37938,1.38017,1.37923,1.38001,1731
2025-05-01T05:30:00Z,1.38001,1.38060,1.37993,1.37999,2141
2025-05-01T06:00:00Z,1.38003,1.38024,1.37955,1.37961,1803
2025-05-01T06:30:00Z,1.37960,1.38024,1.37925,1.38005,2815
2025-05-01T07:00:00Z,1.38006,1.38156,1.37991,1.38095,2722
2025-05-01T07:30:00Z,1.38093,1.38134,1.38059,1.38119,2000
2025-05-01T08:00:00Z,1.38119,1.38132,1.38062,1.38092,1927
2025-05-01T08:30:00Z,1.38092,1.38168,1.38092,1.38149,1588
2025-05-01T09:00:00Z,1.38148,1.38196,1.38121,1.38187,1020
2025-05-01T09:30:00Z,1.38189,1.38246,1.38163,1.38225,1498
2025-05-01T10:00:00Z,1.38224,1.38234,1.38148,1.38204,2117
2025-05-01T10:30:00Z,1.38205,1.38205,1.38126,1.38132,2063
2025-05-01T11:00:00Z,1.38132,1.38137,1.38078,1.38111,2335
2025-05-01T11:30:00Z,1.38112,1.38225,1.38100,1.38173,1494
2025-05-01T12:00:00Z,1.38174,1.38246,1.38159,1.38182,1781
2025-05-01T12:30:00Z,1.38183,1.38209,1.38074,1.38191,5471
2025-05-01T13:00:00Z,1.38194,1.38225,1.38053,1.38061,2915
2025-05-01T13:30:00Z,1.38053,1.38092,1.37956,1.37978,5313
2025-05-01T14:00:00Z,1.37978,1.38121,1.37972,1.38058,5995
2025-05-01T14:30:00Z,1.38058,1.38476,1.38051,1.38385,6565
2025-05-01T15:00:00Z,1.38385,1.38413,1.38275,1.38403,4678
2025-05-01T15:30:00Z,1.38404,1.38619,1.38397,1.38477,3892
2025-05-01T16:00:00Z,1.38476,1.38570,1.38476,1.38537,2575
2025-05-01T16:30:00Z,1.38538,1.38569,1.38480,1.38529,2067
2025-05-01T17:00:00Z,1.38530,1.38550,1.38449,1.38537,1984
2025-05-01T17:30:00Z,1.38534,1.38608,1.38534,1.38570,2070
2025-05-01T18:00:00Z,1.38571,1.38602,1.38490,1.38508,2561
2025-05-01T18:30:00Z,1.38507,1.38508,1.38383,1.38474,2518
2025-05-01T19:00:00Z,1.38473,1.38482,1.38374,1.38374,1551
2025-05-01T19:30:00Z,1.38373,1.38452,1.38347,1.38435,2047
2025-05-01T20:00:00Z,1.38433,1.38517,1.38371,1.38508,1330
2025-05-01T20:30:00Z,1.38508,1.38547,1.38479,1.38522,1108
2025-05-01T21:00:00Z,1.38519,1.38524,1.38470,1.38472,198
2025-05-01T21:30:00Z,1.38469,1.38503,1.38469,1.38502,171
2025-05-01T22:00:00Z,1.38501,1.38544,1.38480,1.38495,680
2025-05-01T22:30:00Z,1.38494,1.38518,1.38482,1.38488,524
2025-05-01T23:00:00Z,1.38485,1.38527,1.38485,1.38488,767
2025-05-01T23:30:00Z,1.38488,1.38534,1.38456,1.38479,1178
2025-05-02T00:00:00Z,1.38479,1.38492,1.38431,1.38449,2389
2025-05-02T00:30:00Z,1.38450,1.38478,1.38404,1.38404,2420
2025-05-02T01:00:00Z,1.38402,1.38419,1.38365,1.38396,2302
2025-05-02T01:30:00Z,1.38396,1.38423,1.38337,1.38337,2383
2025-05-02T02:00:00Z,1.38338,1.38340,1.38262,1.38280,2301
2025-05-02T02:30:00Z,1.38281,1.38332,1.38279,1.38305,1745
2025-05-02T03:00:00Z,1.38305,1.38326,1.38231,1.38234,1763
2025-05-02T03:30:00Z,1.38234,1.38238,1.38143,1.38160,2400
2025-05-02T04:00:00Z,1.38160,1.38225,1.38151,1.38215,3092
2025-05-02T04:30:00Z,1.38216,1.38234,1.38183,1.38214,1425
2025-05-02T05:00:00Z,1.38213,1.38234,1.38194,1.38194,1421
2025-05-02T05:30:00Z,1.38194,1.38221,1.38176,1.38208,1737
2025-05-02T06:00:00Z,1.38209,1.38233,1.38039,1.38039,2269
2025-05-02T06:30:00Z,1.38040,1.38149,1.38025,1.38087,1631
2025-05-02T07:00:00Z,1.38085,1.38159,1.38070,1.38145,2072
2025-05-02T07:30:00Z,1.38145,1.38177,1.38099,1.38167,1764
2025-05-02T08:00:00Z,1.38166,1.38314,1.38166,1.38263,1868
2025-05-02T08:30:00Z,1.38265,1.38341,1.38233,1.38298,1470
2025-05-02T09:00:00Z,1.38297,1.38320,1.38242,1.38246,1782
2025-05-02T09:30:00Z,1.38246,1.38247,1.38045,1.38101,2331
2025-05-02T10:00:00Z,1.38100,1.38208,1.38087,1.38185,2056
2025-05-02T10:30:00Z,1.38184,1.38286,1.38171,1.38274,1729
2025-05-02T11:00:00Z,1.38274,1.38305,1.38170,1.38187,1953
2025-05-02T11:30:00Z,1.38187,1.38249,1.38179,1.38203,1742
2025-05-02T12:00:00Z,1.38203,1.38316,1.38183,1.38286,2559
2025-05-02T12:30:00Z,1.38286,1.38387,1.38125,1.38239,8668
2025-05-02T13:00:00Z,1.38240,1.38286,1.37810,1.37888,5592
2025-05-02T13:30:00Z,1.37886,1.37958,1.37644,1.37925,7111
2025-05-02T14:00:00Z,1.37928,1.37936,1.37745,1.37763,5971
2025-05-02T14:30:00Z,1.37763,1.37810,1.37596,1.37677,4791
2025-05-02T15:00:00Z,1.37678,1.37989,1.37674,1.37979,4152
2025-05-02T15:30:00Z,1.37978,1.37995,1.37889,1.37913,4546
2025-05-02T16:00:00Z,1.37913,1.37951,1.37814,1.37898,4195
2025-05-02T16:30:00Z,1.37896,1.37942,1.37824,1.37912,2919
2025-05-02T17:00:00Z,1.37912,1.38047,1.37912,1.37986,2586
2025-05-02T17:30:00Z,1.37985,1.38057,1.37936,1.38047,2394
2025-05-02T18:00:00Z,1.38047,1.38109,1.37997,1.38042,1655
2025-05-02T18:30:00Z,1.38043,1.38168,1.38042,1.38119,2282
2025-05-02T19:00:00Z,1.38118,1.38130,1.38078,1.38112,2273
2025-05-02T19:30:00Z,1.38112,1.38146,1.38054,1.38080,1853
2025-05-02T20:00:00Z,1.38080,1.38122,1.38062,1.38118,836
2025-05-02T20:30:00Z,1.38118,1.38198,1.38081,1.38119,1654
2025-05-04T21:00:00Z,1.37899,1.37959,1.37868,1.37947,188
2025-05-04T21:30:00Z,1.37947,1.38115,1.37919,1.38016,375
2025-05-04T22:00:00Z,1.38111,1.38264,1.38111,1.38170,978
2025-05-04T22:30:00Z,1.38169,1.38242,1.38091,1.38241,1906
2025-05-04T23:00:00Z,1.38240,1.38273,1.38194,1.38202,1469
2025-05-04T23:30:00Z,1.38202,1.38249,1.38165,1.38241,1466
2025-05-05T00:00:00Z,1.38242,1.38285,1.38211,1.38259,1999
2025-05-05T00:30:00Z,1.38258,1.38277,1.38187,1.38189,910
2025-05-05T01:00:00Z,1.38190,1.38191,1.37944,1.37960,2574
2025-05-05T01:30:00Z,1.37961,1.38101,1.37933,1.38038,2026
2025-05-05T02:00:00Z,1.38038,1.38077,1.37991,1.38006,1848
2025-05-05T02:30:00Z,1.38005,1.38018,1.37964,1.37991,1399
2025-05-05T03:00:00Z,1.37990,1.38099,1.37990,1.38051,1276
2025-05-05T03:30:00Z,1.38048,1.38086,1.38047,1.38051,1100
2025-05-05T04:00:00Z,1.38053,1.38058,1.38001,1.38015,1174
2025-05-05T04:30:00Z,1.38017,1.38056,1.37969,1.37974,1219
2025-05-05T05:00:00Z,1.37972,1.37981,1.37886,1.37887,1859
2025-05-05T05:30:00Z,1.37887,1.38032,1.37877,1.38032,2498
2025-05-05T06:00:00Z,1.38033,1.38113,1.38002,1.38081,2219
2025-05-05T06:30:00Z,1.38082,1.38154,1.38053,1.38116,1593
2025-05-05T07:00:00Z,1.38121,1.38181,1.38065,1.38104,1891
2025-05-05T07:30:00Z,1.38102,1.38162,1.38062,1.38154,1669
2025-05-05T08:00:00Z,1.38155,1.38162,1.38100,1.38117,1327
2025-05-05T08:30:00Z,1.38117,1.38143,1.38018,1.38094,1873
2025-05-05T09:00:00Z,1.38094,1.38096,1.37989,1.37991,1510
2025-05-05T09:30:00Z,1.37989,1.38006,1.37882,1.37884,1331
2025-05-05T10:00:00Z,1.37882,1.37979,1.37859,1.37945,1265
2025-05-05T10:30:00Z,1.37946,1.37989,1.37925,1.37974,1287
2025-05-05T11:00:00Z,1.37974,1.38040,1.37887,1.38030,1996
2025-05-05T11:30:00Z,1.38033,1.38062,1.37951,1.37978,1553
2025-05-05T12:00:00Z,1.37979,1.38067,1.37895,1.37896,2514
2025-05-05T12:30:00Z,1.37897,1.38146,1.37897,1.38118,3188
2025-05-05T13:00:00Z,1.38117,1.38117,1.37989,1.38070,2672
2025-05-05T13:30:00Z,1.38071,1.38152,1.38049,1.38086,4831
2025-05-05T14:00:00Z,1.38086,1.38294,1.38086,1.38171,5394
2025-05-05T14:30:00Z,1.38170,1.38246,1.38054,1.38095,4205
2025-05-05T15:00:00Z,1.38097,1.38188,1.38085,1.38150,2379
2025-05-05T15:30:00Z,1.38152,1.38162,1.38098,1.38113,2549
2025-05-05T16:00:00Z,1.38113,1.38211,1.38083,1.38190,1564
2025-05-05T16:30:00Z,1.38190,1.38209,1.38111,1.38121,1521
2025-05-05T17:00:00Z,1.38120,1.38163,1.38109,1.38123,1472
2025-05-05T17:30:00Z,1.38122,1.38148,1.38115,1.38139,1012
2025-05-05T18:00:00Z,1.38138,1.38197,1.38137,1.38187,813
2025-05-05T18:30:00Z,1.38184,1.38185,1.38126,1.38140,1066
2025-05-05T19:00:00Z,1.38142,1.38164,1.38072,1.38129,1726
2025-05-05T19:30:00Z,1.38131,1.38171,1.38088,1.38115,1628
2025-05-05T20:00:00Z,1.38115,1.38193,1.38096,1.38183,424
2025-05-05T20:30:00Z,1.38183,1.38245,1.38181,1.38232,864
2025-05-05T21:00:00Z,1.38233,1.38233,1.38160,1.38171,145
2025-05-05T21:30:00Z,1.38172,1.38281,1.38170,1.38194,337
2025-05-05T22:00:00Z,1.38194,1.38229,1.38179,1.38199,475
2025-05-05T22:30:00Z,1.38199,1.38216,1.38181,1.38212,302
2025-05-05T23:00:00Z,1.38211,1.38224,1.38204,1.38220,462
2025-05-05T23:30:00Z,1.38220,1.38223,1.38186,1.38220,552
2025-05-06T00:00:00Z,1.38220,1.38382,1.38204,1.38347,1785
2025-05-06T00:30:00Z,1.38347,1.38392,1.38323,1.38383,1389
2025-05-06T01:00:00Z,1.38383,1.38415,1.38315,1.38388,3477
2025-05-06T01:30:00Z,1.38388,1.38445,1.38356,1.38375,3169
2025-05-06T02:00:00Z,1.38373,1.38383,1.38271,1.38276,3054
2025-05-06T02:30:00Z,1.38276,1.38314,1.38269,1.38279,1769
2025-05-06T03:00:00Z,1.38279,1.38321,1.38240,1.38246,1787
2025-05-06T03:30:00Z,1.38245,1.38253,1.38218,1.38227,1575
2025-05-06T04:00:00Z,1.38228,1.38229,1.38158,1.38182,1470
2025-05-06T04:30:00Z,1.38182,1.38199,1.38134,1.38145,1939
2025-05-06T05:00:00Z,1.38144,1.38221,1.38142,1.38221,2317
2025-05-06T05:30:00Z,1.38220,1.38251,1.38193,1.38238,2087
2025-05-06T06:00:00Z,1.38240,1.38304,1.38230,1.38249,2796
2025-05-06T06:30:00Z,1.38249,1.38277,1.38194,1.38236,2520
2025-05-06T07:00:00Z,1.38236,1.38251,1.38103,1.38105,3770
2025-05-06T07:30:00Z,1.38103,1.38156,1.38091,1.38142,3231
2025-05-06T08:00:00Z,1.38143,1.38188,1.38069,1.38140,3980
2025-05-06T08:30:00Z,1.38140,1.38200,1.38134,1.38192,1818
2025-05-06T09:00:00Z,1.38193,1.38281,1.38182,1.38269,2123
2025-05-06T09:30:00Z,1.38268,1.38320,1.38233,1.38278,2445
2025-05-06T10:00:00Z,1.38277,1.38292,1.38189,1.38197,2404
2025-05-06T10:30:00Z,1.38197,1.38221,1.38175,1.38190,2263
2025-05-06T11:00:00Z,1.38191,1.38204,1.38101,1.38143,2370
2025-05-06T11:30:00Z,1.38143,1.38147,1.38018,1.38032,2060
2025-05-06T12:00:00Z,1.38032,1.38082,1.37998,1.38025,2375
2025-05-06T12:30:00Z,1.38027,1.38030,1.37942,1.38009,3013
2025-05-06T13:00:00Z,1.38011,1.38087,1.37879,1.37879,3173
2025-05-06T13:30:00Z,1.37880,1.37929,1.37793,1.37832,4843
2025-05-06T14:00:00Z,1.37831,1.37929,1.37809,1.37919,4803
2025-05-06T14:30:00Z,1.37925,1.37933,1.37838,1.37911,3385
2025-05-06T15:00:00Z,1.37912,1.37926,1.37705,1.37766,3838
2025-05-06T15:30:00Z,1.37765,1.37834,1.37740,1.37748,3275
2025-05-06T16:00:00Z,1.37751,1.37900,1.37596,1.37596,5077
2025-05-06T16:30:00Z,1.37594,1.37760,1.37499,1.37714,4217
2025-05-06T17:00:00Z,1.37714,1.37743,1.37622,1.37728,3533
2025-05-06T17:30:00Z,1.37727,1.37861,1.37719,1.37767,2301
2025-05-06T18:00:00Z,1.37765,1.37838,1.37758,1.37800,1796
2025-05-06T18:30:00Z,1.37798,1.37805,1.37715,1.37718,2724
2025-05-06T19:00:00Z,1.37722,1.37759,1.37672,1.37673,2400
2025-05-06T19:30:00Z,1.37672,1.37710,1.37636,1.37696,3721
2025-05-06T20:00:00Z,1.37696,1.37748,1.37656,1.37742,1365
2025-05-06T20:30:00Z,1.37742,1.37823,1.37732,1.37757,1645
2025-05-06T21:00:00Z,1.37755,1.37755,1.37558,1.37694,452
2025-05-06T21:30:00Z,1.37692,1.37755,1.37634,1.37638,1411
2025-05-06T22:00:00Z,1.37637,1.37745,1.37637,1.37716,3112
2025-05-06T22:30:00Z,1.37716,1.37740,1.37658,1.37699,2665
2025-05-06T23:00:00Z,1.37698,1.37747,1.37628,1.37636,3108
2025-05-06T23:30:00Z,1.37635,1.37713,1.37629,1.37707,1320
2025-05-07T00:00:00Z,1.37707,1.37805,1.37671,1.37760,2375
2025-05-07T00:30:00Z,1.37757,1.37783,1.37705,1.37718,2576
2025-05-07T01:00:00Z,1.37715,1.37888,1.37702,1.37863,3938
2025-05-07T01:30:00Z,1.37865,1.37919,1.37800,1.37827,3426
2025-05-07T02:00:00Z,1.37829,1.37925,1.37829,1.37925,2921
2025-05-07T02:30:00Z,1.37927,1.37982,1.37893,1.37942,2680
2025-05-07T03:00:00Z,1.37942,1.37955,1.37914,1.37938,2162
2025-05-07T03:30:00Z,1.37938,1.37965,1.37885,1.37909,2119
2025-05-07T04:00:00Z,1.37910,1.37912,1.37858,1.37880,1987
2025-05-07T04:30:00Z,1.37880,1.37958,1.37873,1.37951,1867
2025-05-07T05:00:00Z,1.37951,1.37967,1.37890,1.37895,2146
2025-05-07T05:30:00Z,1.37896,1.37939,1.37881,1.37908,2716
2025-05-07T06:00:00Z,1.37909,1.37930,1.37869,1.37910,2987
2025-05-07T06:30:00Z,1.37910,1.37932,1.37842,1.37878,2342
2025-05-07T07:00:00Z,1.37879,1.37950,1.37864,1.37890,2926
2025-05-07T07:30:00Z,1.37888,1.37909,1.37821,1.37839,3546
2025-05-07T08:00:00Z,1.37837,1.37882,1.37807,1.37852,3263
2025-05-07T08:30:00Z,1.37853,1.37927,1.37822,1.37927,2950
2025-05-07T09:00:00Z,1.37926,1.38029,1.37910,1.37960,3263
2025-05-07T09:30:00Z,1.37960,1.38027,1.37949,1.38014,2349
2025-05-07T10:00:00Z,1.38010,1.38015,1.37934,1.37956,2367
2025-05-07T10:30:00Z,1.37955,1.37978,1.37888,1.37891,2219
2025-05-07T11:00:00Z,1.37891,1.37930,1.37842,1.37909,1907
2025-05-07T11:30:00Z,1.37910,1.37954,1.37890,1.37928,2369
2025-05-07T12:00:00Z,1.37928,1.38023,1.37912,1.37984,2481
2025-05-07T12:30:00Z,1.37985,1.38059,1.37983,1.38015,2477
2025-05-07T13:00:00Z,1.38014,1.38058,1.37875,1.37901,3190
2025-05-07T13:30:00Z,1.37900,1.37966,1.37772,1.37787,4510
2025-05-07T14:00:00Z,1.37786,1.37949,1.37745,1.37939,4437
2025-05-07T14:30:00Z,1.37938,1.37986,1.37767,1.37791,5014
2025-05-07T15:00:00Z,1.37791,1.37827,1.37754,1.37805,4942
2025-05-07T15:30:00Z,1.37804,1.37812,1.37722,1.37740,2916
2025-05-07T16:00:00Z,1.37742,1.37952,1.37742,1.37940,2885
2025-05-07T16:30:00Z,1.37938,1.37939,1.37845,1.37856,2053
2025-05-07T17:00:00Z,1.37852,1.37933,1.37840,1.37929,1883
2025-05-07T17:30:00Z,1.37935,1.38065,1.37927,1.38030,2843
2025-05-07T18:00:00Z,1.38030,1.38060,1.37937,1.38024,4252
2025-05-07T18:30:00Z,1.38025,1.38167,1.37870,1.38052,7278
2025-05-07T19:00:00Z,1.38049,1.38367,1.38048,1.38334,4964
2025-05-07T19:30:00Z,1.38333,1.38345,1.38236,1.38302,4673
2025-05-07T20:00:00Z,1.38302,1.38372,1.38273,1.38338,1657
2025-05-07T20:30:00Z,1.38337,1.38389,1.38305,1.38374,906
2025-05-07T21:00:00Z,1.38374,1.38376,1.38292,1.38360,288
2025-05-07T21:30:00Z,1.38361,1.38378,1.38312,1.38373,115
2025-05-07T22:00:00Z,1.38374,1.38390,1.38348,1.38357,451
2025-05-07T22:30:00Z,1.38357,1.38376,1.38347,1.38366,541
2025-05-07T23:00:00Z,1.38366,1.38366,1.38335,1.38345,601
2025-05-07T23:30:00Z,1.38344,1.38359,1.38324,1.38356,693
2025-05-08T00:00:00Z,1.38357,1.38357,1.38271,1.38292,1267
2025-05-08T00:30:00Z,1.38293,1.38327,1.38216,1.38249,1704
2025-05-08T01:00:00Z,1.38250,1.38311,1.38234,1.38276,3500
2025-05-08T01:30:00Z,1.38279,1.38285,1.38144,1.38161,3658
2025-05-08T02:00:00Z,1.38161,1.38207,1.38130,1.38169,2789
2025-05-08T02:30:00Z,1.38171,1.38246,1.38162,1.38244,1497
2025-05-08T03:00:00Z,1.38246,1.38246,1.38186,1.38209,2294
2025-05-08T03:30:00Z,1.38207,1.38265,1.38195,1.38262,1820
2025-05-08T04:00:00Z,1.38262,1.38280,1.38246,1.38256,1513
2025-05-08T04:30:00Z,1.38257,1.38290,1.38243,1.38288,1467
2025-05-08T05:00:00Z,1.38289,1.38469,1.38289,1.38453,3599
2025-05-08T05:30:00Z,1.38454,1.38507,1.38408,1.38408,2965
2025-05-08T06:00:00Z,1.38415,1.38600,1.38402,1.38579,2980
2025-05-08T06:30:00Z,1.38579,1.38738,1.38578,1.38735,4006
2025-05-08T07:00:00Z,1.38735,1.38828,1.38729,1.38741,3410
2025-05-08T07:30:00Z,1.38743,1.38745,1.38626,1.38629,3104
2025-05-08T08:00:00Z,1.38629,1.38652,1.38576,1.38637,3238
2025-05-08T08:30:00Z,1.38637,1.38721,1.38627,1.38652,2369
2025-05-08T09:00:00Z,1.38651,1.38768,1.38644,1.38756,1963
2025-05-08T09:30:00Z,1.38757,1.38854,1.38757,1.38825,2697
2025-05-08T10:00:00Z,1.38825,1.38893,1.38728,1.38749,2414
2025-05-08T10:30:00Z,1.38750,1.38761,1.38682,1.38740,1771
2025-05-08T11:00:00Z,1.38740,1.38866,1.38732,1.38849,2923
2025-05-08T11:30:00Z,1.38848,1.38979,1.38837,1.38886,2340
2025-05-08T12:00:00Z,1.38884,1.38924,1.38844,1.38865,3138
2025-05-08T12:30:00Z,1.38865,1.38960,1.38765,1.38885,4287
2025-05-08T13:00:00Z,1.38885,1.38885,1.38711,1.38750,3459
2025-05-08T13:30:00Z,1.38749,1.38822,1.38697,1.38704,3817
2025-05-08T14:00:00Z,1.38704,1.38801,1.38683,1.38801,2997
2025-05-08T14:30:00Z,1.38801,1.39030,1.38788,1.38977,3940
2025-05-08T15:00:00Z,1.38977,1.39042,1.38897,1.39003,5577
2025-05-08T15:30:00Z,1.39006,1.39188,1.38968,1.39143,5457
2025-05-08T16:00:00Z,1.39143,1.39306,1.39133,1.39205,4121
2025-05-08T16:30:00Z,1.39206,1.39291,1.39180,1.39201,3104
2025-05-08T17:00:00Z,1.39202,1.39300,1.39189,1.39288,1750
2025-05-08T17:30:00Z,1.39287,1.39326,1.39256,1.39260,1825
2025-05-08T18:00:00Z,1.39260,1.39318,1.39227,1.39306,1355
2025-05-08T18:30:00Z,1.39307,1.39312,1.39269,1.39273,1415
2025-05-08T19:00:00Z,1.39274,1.39310,1.39263,1.39280,1680
2025-05-08T19:30:00Z,1.39279,1.39284,1.39168,1.39197,2066
2025-05-08T20:00:00Z,1.39194,1.39196,1.39144,1.39187,1143
2025-05-08T20:30:00Z,1.39186,1.39233,1.39181,1.39184,792
2025-05-08T21:00:00Z,1.39183,1.39201,1.39080,1.39188,149
2025-05-08T21:30:00Z,1.39187,1.39216,1.39181,1.39188,378
2025-05-08T22:00:00Z,1.39189,1.39222,1.39158,1.39215,422
2025-05-08T22:30:00Z,1.39217,1.39221,1.39187,1.39189,537
2025-05-08T23:00:00Z,1.39189,1.39229,1.39189,1.39227,757
2025-05-08T23:30:00Z,1.39229,1.39257,1.39221,1.39232,713
2025-05-09T00:00:00Z,1.39231,1.39298,1.39189,1.39292,1717
2025-05-09T00:30:00Z,1.39292,1.39313,1.39257,1.39260,1910
2025-05-09T01:00:00Z,1.39259,1.39321,1.39238,1.39302,2920
2025-05-09T01:30:00Z,1.39302,1.39354,1.39272,1.39322,1887
2025-05-09T02:00:00Z,1.39321,1.39421,1.39320,1.39347,2794
2025-05-09T02:30:00Z,1.39346,1.39348,1.39228,1.39243,2658
2025-05-09T03:00:00Z,1.39242,1.39251,1.39180,1.39251,2955
2025-05-09T03:30:00Z,1.39251,1.39255,1.39199,1.39219,1805
2025-05-09T04:00:00Z,1.39218,1.39218,1.39155,1.39157,1638
2025-05-09T04:30:00Z,1.39155,1.39183,1.39154,1.39162,1746
2025-05-09T05:00:00Z,1.39166,1.39233,1.39163,1.39224,1997
2025-05-09T05:30:00Z,1.39225,1.39229,1.39135,1.39142,2036
2025-05-09T06:00:00Z,1.39143,1.39248,1.39129,1.39231,2295
2025-05-09T06:30:00Z,1.39227,1.39251,1.39196,1.39249,2193
2025-05-09T07:00:00Z,1.39251,1.39256,1.39180,1.39205,2981
2025-05-09T07:30:00Z,1.39204,1.39205,1.39118,1.39143,2442
2025-05-09T08:00:00Z,1.39142,1.39182,1.39095,1.39175,2016
2025-05-09T08:30:00Z,1.39176,1.39195,1.39111,1.39112,1868
2025-05-09T09:00:00Z,1.39112,1.39177,1.39111,1.39155,1884
2025-05-09T09:30:00Z,1.39155,1.39182,1.39120,1.39166,1794
2025-05-09T10:00:00Z,1.39165,1.39178,1.39123,1.39165,2174
2025-05-09T10:30:00Z,1.39170,1.39172,1.39112,1.39153,2619
2025-05-09T11:00:00Z,1.39155,1.39168,1.39104,1.39154,2497
2025-05-09T11:30:00Z,1.39155,1.39209,1.39099,1.39112,2201
2025-05-09T12:00:00Z,1.39111,1.39170,1.39076,1.39077,2521
2025-05-09T12:30:00Z,1.39076,1.39178,1.39076,1.39147,2847
2025-05-09T13:00:00Z,1.39147,1.39205,1.39059,1.39186,3245
2025-05-09T13:30:00Z,1.39186,1.39264,1.39110,1.39241,4453
2025-05-09T14:00:00Z,1.39240,1.39314,1.39165,1.39229,5332
2025-05-09T14:30:00Z,1.39228,1.39341,1.39227,1.39265,5382
2025-05-09T15:00:00Z,1.39265,1.39413,1.39260,1.39392,4135
2025-05-09T15:30:00Z,1.39392,1.39401,1.39256,1.39263,4199
2025-05-09T16:00:00Z,1.39260,1.39439,1.39248,1.39429,3703
2025-05-09T16:30:00Z,1.39429,1.39442,1.39327,1.39344,2818
2025-05-09T17:00:00Z,1.39345,1.39352,1.39280,1.39284,2735
2025-05-09T17:30:00Z,1.39283,1.39284,1.39194,1.39246,2208
2025-05-09T18:00:00Z,1.39246,1.39311,1.39226,1.39293,2173
2025-05-09T18:30:00Z,1.39294,1.39340,1.39280,1.39290,2111
2025-05-09T19:00:00Z,1.39291,1.39322,1.39260,1.39321,1659
2025-05-09T19:30:00Z,1.39321,1.39375,1.39301,1.39308,2171
2025-05-09T20:00:00Z,1.39309,1.39329,1.39277,1.39324,1394
2025-05-09T20:30:00Z,1.39330,1.39397,1.39318,1.39356,2284
2025-05-11T21:00:00Z,1.38971,1.38998,1.38971,1.38995,150
2025-05-11T21:30:00Z,1.38991,1.39158,1.38985,1.39123,388
2025-05-11T22:00:00Z,1.39132,1.39318,1.39129,1.39306,1932
2025-05-11T22:30:00Z,1.39306,1.39321,1.39268,1.39275,2427
2025-05-11T23:00:00Z,1.39276,1.39292,1.39209,1.39217,2273
2025-05-11T23:30:00Z,1.39217,1.39279,1.39208,1.39275,1713
2025-05-12T00:00:00Z,1.39274,1.39349,1.39235,1.39328,2945
2025-05-12T00:30:00Z,1.39329,1.39381,1.39298,1.39361,2488
2025-05-12T01:00:00Z,1.39360,1.39404,1.39301,1.39364,4539
2025-05-12T01:30:00Z,1.39360,1.39387,1.39324,1.39361,4730
2025-05-12T02:00:00Z,1.39361,1.39371,1.39324,1.39331,3615
2025-05-12T02:30:00Z,1.39331,1.39403,1.39323,1.39343,2250
2025-05-12T03:00:00Z,1.39343,1.39343,1.39265,1.39265,2180
2025-05-12T03:30:00Z,1.39265,1.39286,1.39206,1.39219,1675
2025-05-12T04:00:00Z,1.39218,1.39250,1.39191,1.39234,1525
2025-05-12T04:30:00Z,1.39235,1.39271,1.39226,1.39251,1299
2025-05-12T05:00:00Z,1.39248,1.39300,1.39225,1.39283,1884
2025-05-12T05:30:00Z,1.39284,1.39314,1.39252,1.39273,2271
2025-05-12T06:00:00Z,1.39272,1.39285,1.39164,1.39177,2727
2025-05-12T06:30:00Z,1.39174,1.39292,1.39160,1.39292,2825
2025-05-12T07:00:00Z,1.39296,1.39687,1.39133,1.39657,9901
2025-05-12T07:30:00Z,1.39657,1.39757,1.39568,1.39697,7042
2025-05-12T08:00:00Z,1.39697,1.39802,1.39660,1.39728,4328
2025-05-12T08:30:00Z,1.39727,1.39737,1.39522,1.39570,4705
2025-05-12T09:00:00Z,1.39571,1.39698,1.39544,1.39604,2898
2025-05-12T09:30:00Z,1.39604,1.39714,1.39604,1.39693,2099
2025-05-12T10:00:00Z,1.39693,1.39820,1.39680,1.39811,3530
2025-05-12T10:30:00Z,1.39810,1.39860,1.39771,1.39858,3662
2025-05-12T11:00:00Z,1.39858,1.39870,1.39772,1.39787,3429
2025-05-12T11:30:00Z,1.39790,1.39844,1.39753,1.39761,2598
2025-05-12T12:00:00Z,1.39761,1.39937,1.39758,1.39895,4744
2025-05-12T12:30:00Z,1.39896,1.39975,1.39876,1.39970,3412
2025-05-12T13:00:00Z,1.39969,1.39987,1.39845,1.39851,4029
2025-05-12T13:30:00Z,1.39852,1.39913,1.39777,1.39878,6436
2025-05-12T14:00:00Z,1.39877,1.39954,1.39867,1.39926,6553
2025-05-12T14:30:00Z,1.39927,1.39987,1.39850,1.39955,5602
2025-05-12T15:00:00Z,1.39956,1.40024,1.39917,1.40022,4340
2025-05-12T15:30:00Z,1.40021,1.40073,1.40002,1.40041,3707
2025-05-12T16:00:00Z,1.40042,1.40113,1.40022,1.40080,3129
2025-05-12T16:30:00Z,1.40080,1.40101,1.40028,1.40043,2951
2025-05-12T17:00:00Z,1.40044,1.40125,1.40040,1.40115,2151
2025-05-12T17:30:00Z,1.40114,1.40153,1.40060,1.40073,2115
2025-05-12T18:00:00Z,1.40073,1.40123,1.40062,1.40111,1552
2025-05-12T18:30:00Z,1.40111,1.40118,1.39895,1.39936,2894
2025-05-12T19:00:00Z,1.39937,1.39951,1.39881,1.39896,2313
2025-05-12T19:30:00Z,1.39895,1.39912,1.39817,1.39870,2165
2025-05-12T20:00:00Z,1.39870,1.39894,1.39756,1.39758,1059
2025-05-12T20:30:00Z,1.39758,1.39763,1.39711,1.39726,913
2025-05-12T21:00:00Z,1.39723,1.39790,1.39720,1.39721,78
2025-05-12T21:30:00Z,1.39726,1.39754,1.39722,1.39746,468
2025-05-12T22:00:00Z,1.39748,1.39784,1.39743,1.39776,536
2025-05-12T22:30:00Z,1.39776,1.39786,1.39725,1.39726,736
2025-05-12T23:00:00Z,1.39725,1.39774,1.39717,1.39741,717
2025-05-12T23:30:00Z,1.39742,1.39746,1.39696,1.39735,751
2025-05-13T00:00:00Z,1.39734,1.39790,1.39723,1.39785,1556
2025-05-13T00:30:00Z,1.39788,1.39851,1.39775,1.39820,1234
2025-05-13T01:00:00Z,1.39819,1.39844,1.39784,1.39838,2932
2025-05-13T01:30:00Z,1.39839,1.39868,1.39774,1.39797,3431
2025-05-13T02:00:00Z,1.39798,1.39802,1.39737,1.39792,2199
2025-05-13T02:30:00Z,1.39794,1.39796,1.39735,1.39738,2371
2025-05-13T03:00:00Z,1.39737,1.39749,1.39682,1.39684,2111
2025-05-13T03:30:00Z,1.39683,1.39694,1.39633,1.39638,2126
2025-05-13T04:00:00Z,1.39636,1.39636,1.39593,1.39594,1164
2025-05-13T04:30:00Z,1.39589,1.39607,1.39574,1.39599,1397
2025-05-13T05:00:00Z,1.39598,1.39635,1.39588,1.39627,1885
2025-05-13T05:30:00Z,1.39627,1.39682,1.39619,1.39657,2180
2025-05-13T06:00:00Z,1.39656,1.39697,1.39644,1.39675,2649
2025-05-13T06:30:00Z,1.39673,1.39681,1.39592,1.39625,3008
2025-05-13T07:00:00Z,1.39626,1.39777,1.39623,1.39734,3788
2025-05-13T07:30:00Z,1.39733,1.39880,1.39702,1.39862,3128
2025-05-13T08:00:00Z,1.39862,1.39909,1.39802,1.39891,3024
2025-05-13T08:30:00Z,1.39891,1.39906,1.39853,1.39882,1937
2025-05-13T09:00:00Z,1.39882,1.39933,1.39879,1.39883,2240
2025-05-13T09:30:00Z,1.39879,1.39887,1.39809,1.39825,2532
2025-05-13T10:00:00Z,1.39825,1.39874,1.39805,1.39820,2556
2025-05-13T10:30:00Z,1.39819,1.39870,1.39796,1.39837,2565
2025-05-13T11:00:00Z,1.39836,1.39924,1.39816,1.39875,1955
2025-05-13T11:30:00Z,1.39874,1.39950,1.39867,1.39932,2062
2025-05-13T12:00:00Z,1.39931,1.40004,1.39885,1.39887,2443
2025-05-13T12:30:00Z,1.39886,1.39954,1.39756,1.39789,4794
2025-05-13T13:00:00Z,1.39789,1.40069,1.39789,1.39963,5374
2025-05-13T13:30:00Z,1.39963,1.40159,1.39900,1.40110,6887
2025-05-13T14:00:00Z,1.40113,1.40114,1.39888,1.40021,4893
2025-05-13T14:30:00Z,1.40025,1.40061,1.39772,1.39779,6711
2025-05-13T15:00:00Z,1.39787,1.39849,1.39714,1.39715,5318
2025-05-13T15:30:00Z,1.39716,1.39754,1.39559,1.39588,3728
2025-05-13T16:00:00Z,1.39587,1.39689,1.39562,1.39656,3031
2025-05-13T16:30:00Z,1.39654,1.39655,1.39526,1.39548,3223
2025-05-13T17:00:00Z,1.39548,1.39559,1.39497,1.39529,2411
2025-05-13T17:30:00Z,1.39527,1.39560,1.39458,1.39471,2025
2025-05-13T18:00:00Z,1.39470,1.39552,1.39470,1.39474,1477
2025-05-13T18:30:00Z,1.39473,1.39485,1.39391,1.39396,2066
2025-05-13T19:00:00Z,1.39395,1.39429,1.39353,1.39356,1837
2025-05-13T19:30:00Z,1.39358,1.39366,1.39317,1.39329,2128
2025-05-13T20:00:00Z,1.39331,1.39412,1.39306,1.39339,1452
2025-05-13T20:30:00Z,1.39339,1.39414,1.39328,1.39346,846
2025-05-13T21:00:00Z,1.39341,1.39394,1.39329,1.39345,162
2025-05-13T21:30:00Z,1.39345,1.39358,1.39345,1.39358,337
2025-05-13T22:00:00Z,1.39358,1.39359,1.39311,1.39325,492
2025-05-13T22:30:00Z,1.39325,1.39330,1.39263,1.39277,623
2025-05-13T23:00:00Z,1.39275,1.39323,1.39274,1.39301,984
2025-05-13T23:30:00Z,1.39301,1.39329,1.39294,1.39327,1087
2025-05-14T00:00:00Z,1.39327,1.39388,1.39315,1.39343,1690
2025-05-14T00:30:00Z,1.39343,1.39374,1.39310,1.39321,1393
2025-05-14T01:00:00Z,1.39321,1.39383,1.39271,1.39272,2687
2025-05-14T01:30:00Z,1.39275,1.39367,1.39250,1.39337,3719
2025-05-14T02:00:00Z,1.39337,1.39385,1.39308,1.39311,2286
2025-05-14T02:30:00Z,1.39312,1.39315,1.39238,1.39247,1443
2025-05-14T03:00:00Z,1.39245,1.39255,1.39214,1.39246,1218
2025-05-14T03:30:00Z,1.39246,1.39257,1.39196,1.39200,1731
2025-05-14T04:00:00Z,1.39199,1.39227,1.39188,1.39202,1978
2025-05-14T04:30:00Z,1.39200,1.39272,1.39185,1.39264,1559
2025-05-14T05:00:00Z,1.39265,1.39275,1.39206,1.39252,2418
2025-05-14T05:30:00Z,1.39253,1.39288,1.39226,1.39287,2101
2025-05-14T06:00:00Z,1.39289,1.39358,1.39242,1.39247,2654
2025-05-14T06:30:00Z,1.39248,1.39350,1.39229,1.39328,2495
2025-05-14T07:00:00Z,1.39327,1.39333,1.39257,1.39259,3080
2025-05-14T07:30:00Z,1.39260,1.39267,1.39174,1.39233,3494
2025-05-14T08:00:00Z,1.39233,1.39234,1.39094,1.39106,5943
2025-05-14T08:30:00Z,1.39115,1.39156,1.39067,1.39123,3811
2025-05-14T09:00:00Z,1.39125,1.39158,1.39035,1.39040,4367
2025-05-14T09:30:00Z,1.39041,1.39118,1.39012,1.39105,3493
2025-05-14T10:00:00Z,1.39107,1.39248,1.39101,1.39248,2819
2025-05-14T10:30:00Z,1.39249,1.39295,1.39203,1.39289,2187
2025-05-14T11:00:00Z,1.39290,1.39387,1.39289,1.39364,2509
2025-05-14T11:30:00Z,1.39365,1.39397,1.39307,1.39380,3213
2025-05-14T12:00:00Z,1.39380,1.39425,1.39282,1.39299,3314
2025-05-14T12:30:00Z,1.39301,1.39460,1.39256,1.39442,3455
2025-05-14T13:00:00Z,1.39443,1.39477,1.39374,1.39474,3941
2025-05-14T13:30:00Z,1.39476,1.39601,1.39453,1.39555,5251
2025-05-14T14:00:00Z,1.39554,1.39712,1.39533,1.39644,5060
2025-05-14T14:30:00Z,1.39644,1.39730,1.39523,1.39576,5568
2025-05-14T15:00:00Z,1.39577,1.39765,1.39565,1.39677,5667
2025-05-14T15:30:00Z,1.39677,1.39786,1.39638,1.39639,4299
2025-05-14T16:00:00Z,1.39643,1.39739,1.39589,1.39719,3397
2025-05-14T16:30:00Z,1.39717,1.39843,1.39664,1.39727,5503
2025-05-14T17:00:00Z,1.39726,1.39744,1.39657,1.39664,2532
2025-05-14T17:30:00Z,1.39664,1.39737,1.39661,1.39719,1999
2025-05-14T18:00:00Z,1.39717,1.39775,1.39693,1.39773,2021
2025-05-14T18:30:00Z,1.39774,1.39775,1.39668,1.39753,2039
2025-05-14T19:00:00Z,1.39753,1.39794,1.39706,1.39708,2550
2025-05-14T19:30:00Z,1.39709,1.39764,1.39700,1.39755,2527
2025-05-14T20:00:00Z,1.39754,1.39807,1.39753,1.39784,1214
2025-05-14T20:30:00Z,1.39783,1.39857,1.39771,1.39810,1428
2025-05-14T21:00:00Z,1.39779,1.39779,1.39607,1.39696,407
2025-05-14T21:30:00Z,1.39696,1.39706,1.39667,1.39701,303
2025-05-14T22:00:00Z,1.39705,1.39798,1.39705,1.39738,539
2025-05-14T22:30:00Z,1.39742,1.39771,1.39735,1.39759,463
2025-05-14T23:00:00Z,1.39758,1.39772,1.39736,1.39756,987
2025-05-14T23:30:00Z,1.39757,1.39802,1.39743,1.39776,931
2025-05-15T00:00:00Z,1.39776,1.39776,1.39726,1.39740,1174
2025-05-15T00:30:00Z,1.39740,1.39747,1.39683,1.39704,1705
2025-05-15T01:00:00Z,1.39702,1.39704,1.39617,1.39634,2052
2025-05-15T01:30:00Z,1.39635,1.39689,1.39584,1.39674,3094
2025-05-15T02:00:00Z,1.39675,1.39717,1.39646,1.39696,2185
2025-05-15T02:30:00Z,1.39694,1.39699,1.39665,1.39676,2143
2025-05-15T03:00:00Z,1.39677,1.39698,1.39638,1.39638,2146
2025-05-15T03:30:00Z,1.39639,1.39664,1.39631,1.39646,2042
2025-05-15T04:00:00Z,1.39646,1.39679,1.39633,1.39659,1222
2025-05-15T04:30:00Z,1.39658,1.39701,1.39657,1.39697,1613
2025-05-15T05:00:00Z,1.39696,1.39786,1.39690,1.39784,2135
2025-05-15T05:30:00Z,1.39783,1.39826,1.39738,1.39740,2096
2025-05-15T06:00:00Z,1.39740,1.39806,1.39723,1.39750,2779
2025-05-15T06:30:00Z,1.39750,1.39770,1.39681,1.39687,3151
2025-05-15T07:00:00Z,1.39688,1.39836,1.39682,1.39781,3346
2025-05-15T07:30:00Z,1.39783,1.39876,1.39755,1.39837,2526
2025-05-15T08:00:00Z,1.39837,1.39882,1.39818,1.39876,1919
2025-05-15T08:30:00Z,1.39876,1.39877,1.39779,1.39824,1585
2025-05-15T09:00:00Z,1.39825,1.39869,1.39806,1.39846,1988
2025-05-15T09:30:00Z,1.39845,1.39845,1.39775,1.39804,2015
2025-05-15T10:00:00Z,1.39801,1.39852,1.39768,1.39846,2116
2025-05-15T10:30:00Z,1.39846,1.39887,1.39825,1.39856,1850
2025-05-15T11:00:00Z,1.39855,1.39905,1.39819,1.39857,2273
2025-05-15T11:30:00Z,1.39857,1.39890,1.39809,1.39841,2741
2025-05-15T12:00:00Z,1.39840,1.39886,1.39814,1.39854,3328
2025-05-15T12:30:00Z,1.39852,1.39934,1.39753,1.39819,4414
2025-05-15T13:00:00Z,1.39819,1.39925,1.39761,1.39908,3323
2025-05-15T13:30:00Z,1.39906,1.39987,1.39873,1.39923,3324
2025-05-15T14:00:00Z,1.39925,1.39946,1.39841,1.39921,4845
2025-05-15T14:30:00Z,1.39923,1.40031,1.39903,1.39944,3613
2025-05-15T15:00:00Z,1.39945,1.40010,1.39932,1.39991,4043
2025-05-15T15:30:00Z,1.39992,1.40018,1.39884,1.39898,2832
2025-05-15T16:00:00Z,1.39897,1.40042,1.39897,1.40018,2673
2025-05-15T16:30:00Z,1.40018,1.40030,1.39858,1.39865,2528
2025-05-15T17:00:00Z,1.39866,1.39881,1.39757,1.39764,2285
2025-05-15T17:30:00Z,1.39766,1.39807,1.39703,1.39733,2054
2025-05-15T18:00:00Z,1.39731,1.39731,1.39658,1.39709,1880
2025-05-15T18:30:00Z,1.39716,1.39739,1.39626,1.39659,1704
2025-05-15T19:00:00Z,1.39658,1.39682,1.39627,1.39678,2012
2025-05-15T19:30:00Z,1.39679,1.39679,1.39593,1.39597,1580
2025-05-15T20:00:00Z,1.39598,1.39614,1.39551,1.39607,1037
2025-05-15T20:30:00Z,1.39603,1.39641,1.39567,1.39572,1075
2025-05-15T21:00:00Z,1.39569,1.39607,1.39521,1.39593,244
2025-05-15T21:30:00Z,1.39593,1.39629,1.39558,1.39573,339
2025-05-15T22:00:00Z,1.39575,1.39622,1.39565,1.39590,599
2025-05-15T22:30:00Z,1.39592,1.39597,1.39534,1.39553,981
2025-05-15T23:00:00Z,1.39552,1.39556,1.39513,1.39536,873
2025-05-15T23:30:00Z,1.39535,1.39565,1.39526,1.39557,859
2025-05-16T00:00:00Z,1.39556,1.39568,1.39504,1.39547,1642
2025-05-16T00:30:00Z,1.39546,1.39558,1.39496,1.39525,1245
2025-05-16T01:00:00Z,1.39525,1.39567,1.39497,1.39517,1783
2025-05-16T01:30:00Z,1.39517,1.39542,1.39486,1.39516,1660
2025-05-16T02:00:00Z,1.39513,1.39540,1.39492,1.39518,1971
2025-05-16T02:30:00Z,1.39519,1.39522,1.39458,1.39461,1949
2025-05-16T03:00:00Z,1.39459,1.39495,1.39437,1.39447,1685
2025-05-16T03:30:00Z,1.39449,1.39455,1.39420,1.39449,1737
2025-05-16T04:00:00Z,1.39449,1.39465,1.39416,1.39435,1493
2025-05-16T04:30:00Z,1.39438,1.39447,1.39403,1.39427,1645
2025-05-16T05:00:00Z,1.39427,1.39437,1.39395,1.39409,1791
2025-05-16T05:30:00Z,1.39412,1.39418,1.39367,1.39385,1705
2025-05-16T06:00:00Z,1.39385,1.39398,1.39347,1.39390,2244
2025-05-16T06:30:00Z,1.39390,1.39457,1.39388,1.39447,1764
2025-05-16T07:00:00Z,1.39447,1.39529,1.39439,1.39464,2217
2025-05-16T07:30:00Z,1.39465,1.39502,1.39426,1.39455,2568
2025-05-16T08:00:00Z,1.39456,1.39602,1.39456,1.39521,2170
2025-05-16T08:30:00Z,1.39522,1.39541,1.39475,1.39532,2047
2025-05-16T09:00:00Z,1.39533,1.39577,1.39519,1.39553,2105
2025-05-16T09:30:00Z,1.39555,1.39617,1.39534,1.39611,2252
2025-05-16T10:00:00Z,1.39612,1.39631,1.39582,1.39584,1737
2025-05-16T10:30:00Z,1.39580,1.39610,1.39560,1.39578,1930
2025-05-16T11:00:00Z,1.39576,1.39630,1.39544,1.39625,2213
2025-05-16T11:30:00Z,1.39626,1.39654,1.39600,1.39653,1479
2025-05-16T12:00:00Z,1.39653,1.39728,1.39643,1.39660,2387
2025-05-16T12:30:00Z,1.39659,1.39700,1.39569,1.39582,2584
2025-05-16T13:00:00Z,1.39580,1.39611,1.39489,1.39555,2623
2025-05-16T13:30:00Z,1.39553,1.39605,1.39506,1.39521,3066
2025-05-16T14:00:00Z,1.39524,1.39696,1.39515,1.39691,4796
2025-05-16T14:30:00Z,1.39691,1.39826,1.39670,1.39810,6788
2025-05-16T15:00:00Z,1.39810,1.39904,1.39802,1.39877,3843
2025-05-16T15:30:00Z,1.39877,1.39914,1.39817,1.39905,2768
2025-05-16T16:00:00Z,1.39903,1.39948,1.39870,1.39904,2585
2025-05-16T16:30:00Z,1.39904,1.39912,1.39826,1.39855,1825
2025-05-16T17:00:00Z,1.39854,1.39873,1.39832,1.39859,1214
2025-05-16T17:30:00Z,1.39859,1.39907,1.39849,1.39886,1242
2025-05-16T18:00:00Z,1.39884,1.39950,1.39875,1.39924,1310
2025-05-16T18:30:00Z,1.39922,1.39937,1.39828,1.39837,1505
2025-05-16T19:00:00Z,1.39838,1.39867,1.39810,1.39860,1221
2025-05-16T19:30:00Z,1.39862,1.39869,1.39806,1.39806,1796
2025-05-16T20:00:00Z,1.39805,1.39808,1.39706,1.39711,1287
2025-05-16T20:30:00Z,1.39711,1.39735,1.39626,1.39640,2546
2025-05-18T21:00:00Z,1.39653,1.39678,1.39607,1.39651,233
2025-05-18T21:30:00Z,1.39641,1.39665,1.39629,1.39646,698
2025-05-18T22:00:00Z,1.39645,1.39653,1.39557,1.39566,1336
2025-05-18T22:30:00Z,1.39565,1.39580,1.39524,1.39557,1240
2025-05-18T23:00:00Z,1.39554,1.39567,1.39508,1.39515,1026
2025-05-18T23:30:00Z,1.39519,1.39574,1.39514,1.39523,1103
2025-05-19T00:00:00Z,1.39524,1.39613,1.39512,1.39611,2015
2025-05-19T00:30:00Z,1.39611,1.39621,1.39544,1.39578,1583
2025-05-19T01:00:00Z,1.39579,1.39682,1.39574,1.39647,1352
2025-05-19T01:30:00Z,1.39647,1.39701,1.39621,1.39692,2159
2025-05-19T02:00:00Z,1.39691,1.39711,1.39632,1.39632,1559
2025-05-19T02:30:00Z,1.39632,1.39696,1.39632,1.39688,1070
2025-05-19T03:00:00Z,1.39689,1.39698,1.39652,1.39670,1888
2025-05-19T03:30:00Z,1.39670,1.39706,1.39653,1.39694,2225
2025-05-19T04:00:00Z,1.39696,1.39720,1.39664,1.39666,668
2025-05-19T04:30:00Z,1.39664,1.39724,1.39659,1.39705,718
2025-05-19T05:00:00Z,1.39706,1.39709,1.39663,1.39689,874
2025-05-19T05:30:00Z,1.39689,1.39715,1.39662,1.39669,708
2025-05-19T06:00:00Z,1.39671,1.39699,1.39607,1.39655,1818
2025-05-19T06:30:00Z,1.39657,1.39678,1.39615,1.39630,1979
2025-05-19T07:00:00Z,1.39630,1.39649,1.39515,1.39529,2574
2025-05-19T07:30:00Z,1.39527,1.39547,1.39479,1.39530,2784
2025-05-19T08:00:00Z,1.39528,1.39551,1.39498,1.39529,1785
2025-05-19T08:30:00Z,1.39531,1.39612,1.39498,1.39524,1753
2025-05-19T09:00:00Z,1.39523,1.39534,1.39473,1.39489,2373
2025-05-19T09:30:00Z,1.39490,1.39492,1.39436,1.39453,2088
2025-05-19T10:00:00Z,1.39451,1.39508,1.39429,1.39475,1898
2025-05-19T10:30:00Z,1.39474,1.39535,1.39457,1.39499,1684
2025-05-19T11:00:00Z,1.39498,1.39506,1.39440,1.39476,2342
2025-05-19T11:30:00Z,1.39475,1.39483,1.39387,1.39390,1946
2025-05-19T12:00:00Z,1.39390,1.39476,1.39378,1.39446,2469
2025-05-19T12:30:00Z,1.39448,1.39471,1.39380,1.39420,2448
2025-05-19T13:00:00Z,1.39418,1.39508,1.39354,1.39405,2786
2025-05-19T13:30:00Z,1.39406,1.39480,1.39369,1.39456,4295
2025-05-19T14:00:00Z,1.39456,1.39516,1.39338,1.39348,2657
2025-05-19T14:30:00Z,1.39348,1.39370,1.39251,1.39304,3296
2025-05-19T15:00:00Z,1.39304,1.39326,1.39169,1.39190,2791
2025-05-19T15:30:00Z,1.39192,1.39507,1.39177,1.39464,4042
2025-05-19T16:00:00Z,1.39463,1.39495,1.39410,1.39468,2937
2025-05-19T16:30:00Z,1.39470,1.39524,1.39449,1.39498,2525
2025-05-19T17:00:00Z,1.39495,1.39573,1.39463,1.39564,2221
2025-05-19T17:30:00Z,1.39562,1.39648,1.39550,1.39630,2212
2025-05-19T18:00:00Z,1.39631,1.39647,1.39602,1.39643,1432
2025-05-19T18:30:00Z,1.39641,1.39646,1.39554,1.39579,1307
2025-05-19T19:00:00Z,1.39580,1.39608,1.39570,1.39594,998
2025-05-19T19:30:00Z,1.39593,1.39600,1.39528,1.39534,1101
2025-05-19T20:00:00Z,1.39534,1.39540,1.39506,1.39508,488
2025-05-19T20:30:00Z,1.39509,1.39533,1.39494,1.39500,475
2025-05-19T21:00:00Z,1.39471,1.39487,1.39194,1.39328,176
2025-05-19T21:30:00Z,1.39368,1.39470,1.39333,1.39407,409
2025-05-19T22:00:00Z,1.39390,1.39524,1.39390,1.39505,362
2025-05-19T22:30:00Z,1.39505,1.39607,1.39498,1.39589,658
2025-05-19T23:00:00Z,1.39588,1.39610,1.39556,1.39580,990
2025-05-19T23:30:00Z,1.39579,1.39606,1.39563,1.39574,551
2025-05-20T00:00:00Z,1.39580,1.39634,1.39565,1.39625,1567
2025-05-20T00:30:00Z,1.39625,1.39644,1.39604,1.39614,1284
2025-05-20T01:00:00Z,1.39614,1.39637,1.39567,1.39586,2519
2025-05-20T01:30:00Z,1.39586,1.39662,1.39583,1.39653,1878
2025-05-20T02:00:00Z,1.39651,1.39657,1.39611,1.39626,1733
2025-05-20T02:30:00Z,1.39625,1.39680,1.39606,1.39644,1437
2025-05-20T03:00:00Z,1.39642,1.39654,1.39567,1.39572,1370
2025-05-20T03:30:00Z,1.39571,1.39594,1.39562,1.39573,1451
2025-05-20T04:00:00Z,1.39573,1.39605,1.39562,1.39589,1049
2025-05-20T04:30:00Z,1.39586,1.39642,1.39582,1.39634,2103
2025-05-20T05:00:00Z,1.39634,1.39635,1.39512,1.39523,1727
2025-05-20T05:30:00Z,1.39525,1.39617,1.39515,1.39564,3000
2025-05-20T06:00:00Z,1.39563,1.39582,1.39459,1.39496,2696
2025-05-20T06:30:00Z,1.39498,1.39525,1.39435,1.39473,2959
2025-05-20T07:00:00Z,1.39471,1.39486,1.39347,1.39369,3257
2025-05-20T07:30:00Z,1.39368,1.39398,1.39328,1.39348,2513
2025-05-20T08:00:00Z,1.39348,1.39396,1.39323,1.39332,2168
2025-05-20T08:30:00Z,1.39333,1.39430,1.39317,1.39414,1814
2025-05-20T09:00:00Z,1.39411,1.39412,1.39334,1.39373,2085
2025-05-20T09:30:00Z,1.39372,1.39378,1.39347,1.39359,1742
2025-05-20T10:00:00Z,1.39360,1.39440,1.39347,1.39424,1709
2025-05-20T10:30:00Z,1.39423,1.39483,1.39418,1.39476,1600
2025-05-20T11:00:00Z,1.39477,1.39478,1.39430,1.39443,1548
2025-05-20T11:30:00Z,1.39448,1.39478,1.39429,1.39459,1361
2025-05-20T12:00:00Z,1.39461,1.39604,1.39461,1.39598,2708
2025-05-20T12:30:00Z,1.39590,1.39590,1.39202,1.39260,4777
2025-05-20T13:00:00Z,1.39261,1.39383,1.39261,1.39308,4267
2025-05-20T13:30:00Z,1.39309,1.39347,1.39207,1.39220,4962
2025-05-20T14:00:00Z,1.39220,1.39357,1.39170,1.39301,5134
2025-05-20T14:30:00Z,1.39303,1.39451,1.39298,1.39433,4617
2025-05-20T15:00:00Z,1.39433,1.39550,1.39411,1.39511,3858
2025-05-20T15:30:00Z,1.39510,1.39534,1.39409,1.39423,2791
2025-05-20T16:00:00Z,1.39423,1.39493,1.39403,1.39463,2356
2025-05-20T16:30:00Z,1.39464,1.39464,1.39284,1.39292,2320
2025-05-20T17:00:00Z,1.39293,1.39312,1.39231,1.39276,2040
2025-05-20T17:30:00Z,1.39275,1.39276,1.39166,1.39190,1744
2025-05-20T18:00:00Z,1.39191,1.39307,1.39175,1.39281,2178
2025-05-20T18:30:00Z,1.39280,1.39355,1.39246,1.39293,2596
2025-05-20T19:00:00Z,1.39294,1.39323,1.39214,1.39228,1565
2025-05-20T19:30:00Z,1.39227,1.39230,1.39138,1.39142,1902
2025-05-20T20:00:00Z,1.39143,1.39155,1.39085,1.39115,1103
2025-05-20T20:30:00Z,1.39113,1.39169,1.39112,1.39145,1080
2025-05-20T21:00:00Z,1.39144,1.39179,1.39114,1.39169,171
2025-05-20T21:30:00Z,1.39169,1.39188,1.39135,1.39158,414
2025-05-20T22:00:00Z,1.39141,1.39151,1.39085,1.39124,846
2025-05-20T22:30:00Z,1.39123,1.39124,1.39082,1.39088,473
2025-05-20T23:00:00Z,1.39090,1.39102,1.39076,1.39079,489
2025-05-20T23:30:00Z,1.39078,1.39106,1.39073,1.39080,696
2025-05-21T00:00:00Z,1.39082,1.39086,1.38986,1.38997,2401
2025-05-21T00:30:00Z,1.38997,1.39077,1.38990,1.39025,2127
2025-05-21T01:00:00Z,1.39024,1.39097,1.38996,1.39085,2637
2025-05-21T01:30:00Z,1.39085,1.39105,1.39043,1.39062,2037
2025-05-21T02:00:00Z,1.39064,1.39066,1.38956,1.38987,2514
2025-05-21T02:30:00Z,1.38986,1.39019,1.38941,1.38955,2175
2025-05-21T03:00:00Z,1.38954,1.38982,1.38898,1.38927,1932
2025-05-21T03:30:00Z,1.38930,1.38933,1.38859,1.38889,2368
2025-05-21T04:00:00Z,1.38889,1.38932,1.38880,1.38902,1521
2025-05-21T04:30:00Z,1.38900,1.38914,1.38859,1.38896,1509
2025-05-21T05:00:00Z,1.38894,1.38908,1.38840,1.38853,1745
2025-05-21T05:30:00Z,1.38853,1.38883,1.38839,1.38875,2119
2025-05-21T06:00:00Z,1.38874,1.38919,1.38799,1.38800,3835
2025-05-21T06:30:00Z,1.38799,1.38874,1.38780,1.38831,3878
2025-05-21T07:00:00Z,1.38833,1.38942,1.38814,1.38814,3872
2025-05-21T07:30:00Z,1.38814,1.38886,1.38807,1.38848,2858
2025-05-21T08:00:00Z,1.38848,1.38904,1.38822,1.38880,2544
2025-05-21T08:30:00Z,1.38879,1.38979,1.38871,1.38935,2466
2025-05-21T09:00:00Z,1.38932,1.38939,1.38873,1.38897,2179
2025-05-21T09:30:00Z,1.38897,1.38920,1.38874,1.38874,1900
2025-05-21T10:00:00Z,1.38873,1.38891,1.38698,1.38717,3006
2025-05-21T10:30:00Z,1.38716,1.38820,1.38675,1.38786,2926
2025-05-21T11:00:00Z,1.38788,1.38820,1.38747,1.38806,2442
2025-05-21T11:30:00Z,1.38806,1.38939,1.38796,1.38901,2574
2025-05-21T12:00:00Z,1.38899,1.38902,1.38736,1.38805,4346
2025-05-21T12:30:00Z,1.38804,1.38877,1.38702,1.38703,4056
2025-05-21T13:00:00Z,1.38701,1.38705,1.38610,1.38620,4012
2025-05-21T13:30:00Z,1.38618,1.38746,1.38600,1.38686,5521
2025-05-21T14:00:00Z,1.38686,1.38767,1.38608,1.38691,6281
2025-05-21T14:30:00Z,1.38690,1.38729,1.38417,1.38459,6497
2025-05-21T15:00:00Z,1.38460,1.38524,1.38242,1.38289,6336
2025-05-21T15:30:00Z,1.38289,1.38356,1.38221,1.38224,4381
2025-05-21T16:00:00Z,1.38224,1.38267,1.38151,1.38230,3916
2025-05-21T16:30:00Z,1.38230,1.38277,1.38169,1.38177,2638
2025-05-21T17:00:00Z,1.38178,1.38338,1.38137,1.38316,5346
2025-05-21T17:30:00Z,1.38315,1.38395,1.38287,1.38341,7064
2025-05-21T18:00:00Z,1.38342,1.38429,1.38335,1.38358,4500
2025-05-21T18:30:00Z,1.38358,1.38408,1.38321,1.38402,3666
2025-05-21T19:00:00Z,1.38402,1.38537,1.38387,1.38534,3454
2025-05-21T19:30:00Z,1.38534,1.38633,1.38472,1.38617,3815
2025-05-21T20:00:00Z,1.38617,1.38648,1.38544,1.38580,1817
2025-05-21T20:30:00Z,1.38582,1.38624,1.38577,1.38589,802
2025-05-21T21:00:00Z,1.38583,1.38583,1.38492,1.38518,176
2025-05-21T21:30:00Z,1.38564,1.38614,1.38533,1.38603,186
2025-05-21T22:00:00Z,1.38569,1.38712,1.38569,1.38659,769
2025-05-21T22:30:00Z,1.38660,1.38693,1.38634,1.38690,625
2025-05-21T23:00:00Z,1.38686,1.38692,1.38621,1.38638,1161
2025-05-21T23:30:00Z,1.38637,1.38644,1.38602,1.38610,886
2025-05-22T00:00:00Z,1.38611,1.38611,1.38543,1.38575,2044
2025-05-22T00:30:00Z,1.38576,1.38603,1.38565,1.38578,2057
2025-05-22T01:00:00Z,1.38578,1.38608,1.38523,1.38547,2490
2025-05-22T01:30:00Z,1.38550,1.38603,1.38531,1.38546,2349
2025-05-22T02:00:00Z,1.38546,1.38589,1.38503,1.38516,2439
2025-05-22T02:30:00Z,1.38516,1.38518,1.38456,1.38499,2144
2025-05-22T03:00:00Z,1.38498,1.38524,1.38475,1.38497,1348
2025-05-22T03:30:00Z,1.38500,1.38548,1.38490,1.38525,1328
2025-05-22T04:00:00Z,1.38526,1.38541,1.38504,1.38510,909
2025-05-22T04:30:00Z,1.38511,1.38537,1.38460,1.38467,1269
2025-05-22T05:00:00Z,1.38467,1.38517,1.38467,1.38503,1130
2025-05-22T05:30:00Z,1.38502,1.38528,1.38469,1.38481,1278
2025-05-22T06:00:00Z,1.38481,1.38555,1.38464,1.38536,2627
2025-05-22T06:30:00Z,1.38536,1.38596,1.38528,1.38571,2358
2025-05-22T07:00:00Z,1.38571,1.38685,1.38548,1.38597,3306
2025-05-22T07:30:00Z,1.38599,1.38693,1.38556,1.38561,4123
2025-05-22T08:00:00Z,1.38563,1.38587,1.38477,1.38538,3826
2025-05-22T08:30:00Z,1.38536,1.38758,1.38536,1.38748,2191
2025-05-22T09:00:00Z,1.38748,1.38841,1.38744,1.38800,3700
2025-05-22T09:30:00Z,1.38800,1.38814,1.38736,1.38790,2328
2025-05-22T10:00:00Z,1.38788,1.38819,1.38757,1.38785,2032
2025-05-22T10:30:00Z,1.38786,1.38808,1.38750,1.38783,1999
2025-05-22T11:00:00Z,1.38785,1.38797,1.38615,1.38616,2392
2025-05-22T11:30:00Z,1.38617,1.38690,1.38616,1.38651,2697
2025-05-22T12:00:00Z,1.38651,1.38723,1.38613,1.38714,2393
2025-05-22T12:30:00Z,1.38713,1.38846,1.38709,1.38779,3764
2025-05-22T13:00:00Z,1.38779,1.38838,1.38701,1.38831,2646
2025-05-22T13:30:00Z,1.38831,1.38884,1.38709,1.38868,5326
2025-05-22T14:00:00Z,1.38868,1.38876,1.38724,1.38801,5269
2025-05-22T14:30:00Z,1.38801,1.38837,1.38664,1.38723,6110
2025-05-22T15:00:00Z,1.38722,1.38818,1.38647,1.38687,5667
2025-05-22T15:30:00Z,1.38688,1.38690,1.38560,1.38574,3590
2025-05-22T16:00:00Z,1.38572,1.38628,1.38545,1.38616,2532
2025-05-22T16:30:00Z,1.38616,1.38672,1.38561,1.38664,2782
2025-05-22T17:00:00Z,1.38664,1.38721,1.38636,1.38700,3090
2025-05-22T17:30:00Z,1.38697,1.38725,1.38615,1.38615,2314
2025-05-22T18:00:00Z,1.38616,1.38655,1.38585,1.38624,2407
2025-05-22T18:30:00Z,1.38624,1.38678,1.38614,1.38664,1878
2025-05-22T19:00:00Z,1.38665,1.38665,1.38608,1.38644,1639
2025-05-22T19:30:00Z,1.38643,1.38680,1.38634,1.38648,2555
2025-05-22T20:00:00Z,1.38648,1.38651,1.38573,1.38576,1530
2025-05-22T20:30:00Z,1.38577,1.38625,1.38551,1.38551,629
2025-05-22T21:00:00Z,1.38551,1.38576,1.38462,1.38560,202
2025-05-22T21:30:00Z,1.38561,1.38617,1.38560,1.38592,386
2025-05-22T22:00:00Z,1.38603,1.38609,1.38546,1.38574,513
2025-05-22T22:30:00Z,1.38573,1.38588,1.38555,1.38579,486
2025-05-22T23:00:00Z,1.38577,1.38588,1.38536,1.38582,657
2025-05-22T23:30:00Z,1.38583,1.38590,1.38547,1.38579,554
2025-05-23T00:00:00Z,1.38581,1.38582,1.38508,1.38512,1515
2025-05-23T00:30:00Z,1.38511,1.38530,1.38485,1.38499,1175
2025-05-23T01:00:00Z,1.38499,1.38511,1.38414,1.38414,1648
2025-05-23T01:30:00Z,1.38414,1.38424,1.38312,1.38351,2362
2025-05-23T02:00:00Z,1.38351,1.38358,1.38310,1.38356,1533
2025-05-23T02:30:00Z,1.38359,1.38375,1.38320,1.38328,1395
2025-05-23T03:00:00Z,1.38328,1.38329,1.38298,1.38302,1436
2025-05-23T03:30:00Z,1.38301,1.38320,1.38297,1.38306,1227
2025-05-23T04:00:00Z,1.38309,1.38317,1.38276,1.38284,1279
2025-05-23T04:30:00Z,1.38284,1.38285,1.38248,1.38271,1189
2025-05-23T05:00:00Z,1.38271,1.38275,1.38236,1.38241,1084
2025-05-23T05:30:00Z,1.38242,1.38300,1.38233,1.38246,1734
2025-05-23T06:00:00Z,1.38246,1.38315,1.38225,1.38297,2287
2025-05-23T06:30:00Z,1.38297,1.38311,1.38259,1.38283,2020
2025-05-23T07:00:00Z,1.38282,1.38292,1.38100,1.38120,2823
2025-05-23T07:30:00Z,1.38120,1.38171,1.38089,1.38139,1841
2025-05-23T08:00:00Z,1.38139,1.38216,1.38121,1.38199,1920
2025-05-23T08:30:00Z,1.38201,1.38226,1.38149,1.38163,1741
2025-05-23T09:00:00Z,1.38161,1.38197,1.38109,1.38114,2489
2025-05-23T09:30:00Z,1.38113,1.38119,1.38043,1.38051,2062
2025-05-23T10:00:00Z,1.38052,1.38081,1.38036,1.38070,1972
2025-05-23T10:30:00Z,1.38070,1.38104,1.38040,1.38096,1607
2025-05-23T11:00:00Z,1.38095,1.38178,1.38033,1.38114,3825
2025-05-23T11:30:00Z,1.38115,1.38201,1.38021,1.38190,7760
2025-05-23T12:00:00Z,1.38190,1.38338,1.38145,1.38174,6814
2025-05-23T12:30:00Z,1.38173,1.38178,1.37933,1.37966,5319
2025-05-23T13:00:00Z,1.37967,1.38104,1.37909,1.38037,5081
2025-05-23T13:30:00Z,1.38040,1.38045,1.37749,1.37838,6292
2025-05-23T14:00:00Z,1.37841,1.37854,1.37575,1.37648,5762
2025-05-23T14:30:00Z,1.37650,1.37752,1.37537,1.37545,7256
2025-05-23T15:00:00Z,1.37542,1.37640,1.37506,1.37610,5235
2025-05-23T15:30:00Z,1.37611,1.37611,1.37537,1.37570,3115
2025-05-23T16:00:00Z,1.37569,1.37590,1.37506,1.37521,2308
2025-05-23T16:30:00Z,1.37518,1.37523,1.37300,1.37342,2944
2025-05-23T17:00:00Z,1.37339,1.37367,1.37267,1.37292,2448
2025-05-23T17:30:00Z,1.37291,1.37295,1.37144,1.37256,3227
2025-05-23T18:00:00Z,1.37259,1.37261,1.37110,1.37226,2012
2025-05-23T18:30:00Z,1.37227,1.37265,1.37175,1.37211,1870
2025-05-23T19:00:00Z,1.37210,1.37245,1.37088,1.37203,1717
2025-05-23T19:30:00Z,1.37203,1.37285,1.37188,1.37243,2123
2025-05-23T20:00:00Z,1.37246,1.37307,1.37242,1.37252,979
2025-05-23T20:30:00Z,1.37251,1.37347,1.37235,1.37320,1839
2025-05-25T21:00:00Z,1.37140,1.37288,1.37140,1.37279,164
2025-05-25T21:30:00Z,1.37269,1.37356,1.37154,1.37158,485
2025-05-25T22:00:00Z,1.37210,1.37289,1.37190,1.37248,2537
2025-05-25T22:30:00Z,1.37246,1.37310,1.37234,1.37304,2551
2025-05-25T23:00:00Z,1.37304,1.37346,1.37237,1.37267,1713
2025-05-25T23:30:00Z,1.37267,1.37377,1.37265,1.37355,2057
2025-05-26T00:00:00Z,1.37355,1.37355,1.37231,1.37242,2301
2025-05-26T00:30:00Z,1.37240,1.37259,1.37186,1.37186,1478
2025-05-26T01:00:00Z,1.37186,1.37221,1.37119,1.37122,1324
2025-05-26T01:30:00Z,1.37119,1.37168,1.36946,1.36957,1768
2025-05-26T02:00:00Z,1.36966,1.36987,1.36897,1.36937,1882
2025-05-26T02:30:00Z,1.36937,1.36986,1.36926,1.36979,1340
2025-05-26T03:00:00Z,1.36979,1.37008,1.36934,1.36996,1057
2025-05-26T03:30:00Z,1.36996,1.37019,1.36979,1.37001,1015
2025-05-26T04:00:00Z,1.37001,1.37059,1.36994,1.37052,922
2025-05-26T04:30:00Z,1.37052,1.37068,1.36996,1.37049,1072
2025-05-26T05:00:00Z,1.37048,1.37051,1.37010,1.37042,1652
2025-05-26T05:30:00Z,1.37042,1.37079,1.36956,1.37024,1439
2025-05-26T06:00:00Z,1.37025,1.37054,1.36915,1.36923,2367
2025-05-26T06:30:00Z,1.36923,1.36931,1.36857,1.36917,1848
2025-05-26T07:00:00Z,1.36918,1.37091,1.36898,1.37081,2270
2025-05-26T07:30:00Z,1.37081,1.37110,1.37026,1.37026,1783
2025-05-26T08:00:00Z,1.37025,1.37106,1.36977,1.37096,1864
2025-05-26T08:30:00Z,1.37097,1.37140,1.37043,1.37138,1533
2025-05-26T09:00:00Z,1.37136,1.37164,1.37101,1.37148,1483
2025-05-26T09:30:00Z,1.37149,1.37213,1.37144,1.37202,1536
2025-05-26T10:00:00Z,1.37199,1.37226,1.37127,1.37187,1252
2025-05-26T10:30:00Z,1.37186,1.37204,1.37158,1.37176,1012
2025-05-26T11:00:00Z,1.37176,1.37178,1.37135,1.37148,839
2025-05-26T11:30:00Z,1.37149,1.37224,1.37145,1.37169,1072
2025-05-26T12:00:00Z,1.37167,1.37215,1.37145,1.37208,1466
2025-05-26T12:30:00Z,1.37211,1.37255,1.37183,1.37253,1422
2025-05-26T13:00:00Z,1.37252,1.37257,1.37210,1.37213,1154
2025-05-26T13:30:00Z,1.37213,1.37339,1.37193,1.37328,1432
2025-05-26T14:00:00Z,1.37327,1.37350,1.37279,1.37312,1635
2025-05-26T14:30:00Z,1.37310,1.37318,1.37229,1.37263,1912
2025-05-26T15:00:00Z,1.37262,1.37319,1.37257,1.37276,1869
2025-05-26T15:30:00Z,1.37276,1.37318,1.37268,1.37287,995
2025-05-26T16:00:00Z,1.37288,1.37340,1.37285,1.37326,530
2025-05-26T16:30:00Z,1.37327,1.37350,1.37315,1.37334,477
2025-05-26T17:00:00Z,1.37331,1.37368,1.37321,1.37354,324
2025-05-26T17:30:00Z,1.37353,1.37386,1.37352,1.37368,352
2025-05-26T18:00:00Z,1.37368,1.37386,1.37346,1.37385,355
2025-05-26T18:30:00Z,1.37386,1.37388,1.37348,1.37354,309
2025-05-26T19:00:00Z,1.37353,1.37380,1.37336,1.37372,214
2025-05-26T19:30:00Z,1.37372,1.37387,1.37357,1.37357,244
2025-05-26T20:00:00Z,1.37358,1.37370,1.37312,1.37348,452
2025-05-26T20:30:00Z,1.37347,1.37377,1.37331,1.37345,685
2025-05-26T21:00:00Z,1.37337,1.37357,1.37314,1.37334,107
2025-05-26T21:30:00Z,1.37334,1.37335,1.37306,1.37310,90
2025-05-26T22:00:00Z,1.37325,1.37350,1.37310,1.37336,461
2025-05-26T22:30:00Z,1.37339,1.37351,1.37332,1.37338,338
2025-05-26T23:00:00Z,1.37339,1.37366,1.37336,1.37358,582
2025-05-26T23:30:00Z,1.37359,1.37372,1.37350,1.37356,658
2025-05-27T00:00:00Z,1.37356,1.37362,1.37244,1.37252,2027
2025-05-27T00:30:00Z,1.37252,1.37283,1.37217,1.37235,2231
2025-05-27T01:00:00Z,1.37235,1.37275,1.37215,1.37261,1663
2025-05-27T01:30:00Z,1.37265,1.37342,1.37254,1.37318,2421
2025-05-27T02:00:00Z,1.37317,1.37362,1.37302,1.37340,1739
2025-05-27T02:30:00Z,1.37339,1.37381,1.37327,1.37356,1352
2025-05-27T03:00:00Z,1.37357,1.37373,1.37325,1.37358,949
2025-05-27T03:30:00Z,1.37360,1.37383,1.37356,1.37362,1014
2025-05-27T04:00:00Z,1.37365,1.37365,1.37310,1.37342,1118
2025-05-27T04:30:00Z,1.37345,1.37446,1.37343,1.37438,1558
2025-05-27T05:00:00Z,1.37438,1.37503,1.37429,1.37479,2204
2025-05-27T05:30:00Z,1.37477,1.37483,1.37381,1.37381,1670
2025-05-27T06:00:00Z,1.37383,1.37383,1.37321,1.37353,2325
2025-05-27T06:30:00Z,1.37356,1.37459,1.37338,1.37454,2147
2025-05-27T07:00:00Z,1.37453,1.37549,1.37388,1.37529,3702
2025-05-27T07:30:00Z,1.37529,1.37682,1.37489,1.37657,3399
2025-05-27T08:00:00Z,1.37655,1.37660,1.37586,1.37659,2541
2025-05-27T08:30:00Z,1.37659,1.37678,1.37606,1.37623,2132
2025-05-27T09:00:00Z,1.37623,1.37671,1.37575,1.37647,1790
2025-05-27T09:30:00Z,1.37648,1.37659,1.37595,1.37602,1757
2025-05-27T10:00:00Z,1.37601,1.37680,1.37592,1.37630,1450
2025-05-27T10:30:00Z,1.37631,1.37652,1.37577,1.37637,2156
2025-05-27T11:00:00Z,1.37638,1.37668,1.37615,1.37650,1718
2025-05-27T11:30:00Z,1.37649,1.37690,1.37629,1.37659,1693
2025-05-27T12:00:00Z,1.37658,1.37740,1.37619,1.37666,2700
2025-05-27T12:30:00Z,1.37662,1.37713,1.37590,1.37627,2659
2025-05-27T13:00:00Z,1.37627,1.37649,1.37574,1.37599,3288
2025-05-27T13:30:00Z,1.37600,1.37718,1.37594,1.37624,4685
2025-05-27T14:00:00Z,1.37622,1.37678,1.37582,1.37658,4993
2025-05-27T14:30:00Z,1.37659,1.37733,1.37542,1.37566,6272
2025-05-27T15:00:00Z,1.37566,1.37693,1.37546,1.37640,4570
2025-05-27T15:30:00Z,1.37642,1.37791,1.37640,1.37765,3313
2025-05-27T16:00:00Z,1.37764,1.37795,1.37705,1.37715,3218
2025-05-27T16:30:00Z,1.37714,1.37772,1.37705,1.37766,2416
2025-05-27T17:00:00Z,1.37767,1.37786,1.37723,1.37780,1910
2025-05-27T17:30:00Z,1.37781,1.37822,1.37769,1.37802,1786
2025-05-27T18:00:00Z,1.37802,1.37918,1.37797,1.37895,1872
2025-05-27T18:30:00Z,1.37895,1.37953,1.37849,1.37936,2066
2025-05-27T19:00:00Z,1.37937,1.37994,1.37902,1.37993,2027
2025-05-27T19:30:00Z,1.37994,1.38271,1.37973,1.38214,4064
2025-05-27T20:00:00Z,1.38214,1.38353,1.38118,1.38121,3340
2025-05-27T20:30:00Z,1.38122,1.38131,1.38041,1.38087,1816
2025-05-27T21:00:00Z,1.38088,1.38097,1.38063,1.38064,109
2025-05-27T21:30:00Z,1.38067,1.38076,1.38062,1.38076,216
2025-05-27T22:00:00Z,1.38083,1.38088,1.38025,1.38078,504
2025-05-27T22:30:00Z,1.38080,1.38150,1.38072,1.38141,618
2025-05-27T23:00:00Z,1.38144,1.38172,1.38127,1.38127,890
2025-05-27T23:30:00Z,1.38129,1.38129,1.38091,1.38092,462
2025-05-28T00:00:00Z,1.38092,1.38112,1.38030,1.38030,1495
2025-05-28T00:30:00Z,1.38030,1.38055,1.38009,1.38050,1527
2025-05-28T01:00:00Z,1.38049,1.38195,1.38041,1.38114,2188
2025-05-28T01:30:00Z,1.38114,1.38261,1.38098,1.38241,1617
2025-05-28T02:00:00Z,1.38240,1.38263,1.38167,1.38182,1826
2025-05-28T02:30:00Z,1.38186,1.38263,1.38158,1.38243,1647
2025-05-28T03:00:00Z,1.38244,1.38286,1.38205,1.38269,1293
2025-05-28T03:30:00Z,1.38270,1.38284,1.38201,1.38241,1671
2025-05-28T04:00:00Z,1.38241,1.38335,1.38230,1.38320,1325
2025-05-28T04:30:00Z,1.38319,1.38342,1.38289,1.38335,1453
2025-05-28T05:00:00Z,1.38335,1.38380,1.38315,1.38364,2403
2025-05-28T05:30:00Z,1.38364,1.38375,1.38275,1.38279,1785
2025-05-28T06:00:00Z,1.38278,1.38370,1.38273,1.38341,2465
2025-05-28T06:30:00Z,1.38340,1.38350,1.38308,1.38332,2490
2025-05-28T07:00:00Z,1.38333,1.38333,1.38180,1.38282,2766
2025-05-28T07:30:00Z,1.38281,1.38281,1.38150,1.38207,2171
2025-05-28T08:00:00Z,1.38205,1.38250,1.38167,1.38233,1944
2025-05-28T08:30:00Z,1.38235,1.38236,1.38132,1.38170,1660
2025-05-28T09:00:00Z,1.38170,1.38260,1.38159,1.38210,1775
2025-05-28T09:30:00Z,1.38208,1.38238,1.38151,1.38232,1559
2025-05-28T10:00:00Z,1.38232,1.38244,1.38114,1.38115,1767
2025-05-28T10:30:00Z,1.38115,1.38192,1.38113,1.38181,1876
2025-05-28T11:00:00Z,1.38181,1.38318,1.38169,1.38277,1670
2025-05-28T11:30:00Z,1.38275,1.38318,1.38210,1.38286,2701
2025-05-28T12:00:00Z,1.38284,1.38316,1.38219,1.38296,2787
2025-05-28T12:30:00Z,1.38296,1.38390,1.38269,1.38381,3745
2025-05-28T13:00:00Z,1.38380,1.38441,1.38296,1.38395,4515
2025-05-28T13:30:00Z,1.38396,1.38429,1.38266,1.38290,6585
2025-05-28T14:00:00Z,1.38290,1.38293,1.38140,1.38172,5352
2025-05-28T14:30:00Z,1.38176,1.38252,1.38084,1.38114,6660
2025-05-28T15:00:00Z,1.38116,1.38230,1.38101,1.38200,5686
2025-05-28T15:30:00Z,1.38201,1.38242,1.38164,1.38201,3657
2025-05-28T16:00:00Z,1.38202,1.38241,1.38169,1.38202,2991
2025-05-28T16:30:00Z,1.38203,1.38250,1.38170,1.38219,2286
2025-05-28T17:00:00Z,1.38217,1.38228,1.38184,1.38219,1980
2025-05-28T17:30:00Z,1.38218,1.38272,1.38178,1.38263,1915
2025-05-28T18:00:00Z,1.38260,1.38311,1.38227,1.38299,2212
2025-05-28T18:30:00Z,1.38301,1.38330,1.38275,1.38296,2548
2025-05-28T19:00:00Z,1.38298,1.38315,1.38275,1.38292,1752
2025-05-28T19:30:00Z,1.38292,1.38367,1.38270,1.38367,2237
2025-05-28T20:00:00Z,1.38368,1.38371,1.38300,1.38314,1573
2025-05-28T20:30:00Z,1.38313,1.38372,1.38309,1.38354,1000
2025-05-28T21:00:00Z,1.38347,1.38347,1.38306,1.38321,110
2025-05-28T21:30:00Z,1.38321,1.38328,1.38307,1.38325,140
2025-05-28T22:00:00Z,1.38332,1.38355,1.38315,1.38348,861
2025-05-28T22:30:00Z,1.38347,1.38350,1.38318,1.38328,1351
2025-05-28T23:00:00Z,1.38327,1.38439,1.38322,1.38383,3434
2025-05-28T23:30:00Z,1.38383,1.38606,1.38374,1.38532,4866
2025-05-29T00:00:00Z,1.38530,1.38586,1.38440,1.38464,4464
2025-05-29T00:30:00Z,1.38463,1.38564,1.38463,1.38539,3663
2025-05-29T01:00:00Z,1.38539,1.38610,1.38481,1.38537,3353
2025-05-29T01:30:00Z,1.38537,1.38579,1.38462,1.38468,2441
2025-05-29T02:00:00Z,1.38468,1.38549,1.38465,1.38494,2853
2025-05-29T02:30:00Z,1.38495,1.38496,1.38424,1.38489,2908
2025-05-29T03:00:00Z,1.38488,1.38511,1.38437,1.38462,2601
2025-05-29T03:30:00Z,1.38463,1.38484,1.38428,1.38474,2823
2025-05-29T04:00:00Z,1.38475,1.38517,1.38434,1.38440,1723
2025-05-29T04:30:00Z,1.38436,1.38448,1.38403,1.38424,1513
2025-05-29T05:00:00Z,1.38424,1.38474,1.38417,1.38469,1830
2025-05-29T05:30:00Z,1.38472,1.38563,1.38464,1.38508,2457
2025-05-29T06:00:00Z,1.38508,1.38516,1.38318,1.38318,3922
2025-05-29T06:30:00Z,1.38318,1.38379,1.38291,1.38324,2916
2025-05-29T07:00:00Z,1.38322,1.38345,1.38200,1.38200,4220
2025-05-29T07:30:00Z,1.38207,1.38257,1.38162,1.38181,3292
2025-05-29T08:00:00Z,1.38181,1.38289,1.38161,1.38285,2996
2025-05-29T08:30:00Z,1.38286,1.38324,1.38237,1.38322,2480
2025-05-29T09:00:00Z,1.38322,1.38342,1.38271,1.38278,2203
2025-05-29T09:30:00Z,1.38279,1.38282,1.38183,1.38209,2317
2025-05-29T10:00:00Z,1.38207,1.38241,1.38166,1.38181,1952
2025-05-29T10:30:00Z,1.38183,1.38261,1.38174,1.38253,2200
2025-05-29T11:00:00Z,1.38252,1.38348,1.38228,1.38310,2209
2025-05-29T11:30:00Z,1.38310,1.38328,1.38232,1.38281,2157
2025-05-29T12:00:00Z,1.38280,1.38283,1.38137,1.38148,3403
2025-05-29T12:30:00Z,1.38151,1.38177,1.37953,1.37955,5974
2025-05-29T13:00:00Z,1.37956,1.37983,1.37851,1.37858,5220
2025-05-29T13:30:00Z,1.37859,1.38231,1.37845,1.38187,6145
2025-05-29T14:00:00Z,1.38187,1.38187,1.38046,1.38177,6234
2025-05-29T14:30:00Z,1.38177,1.38271,1.38077,1.38083,5806
2025-05-29T15:00:00Z,1.38083,1.38112,1.37964,1.38034,4726
2025-05-29T15:30:00Z,1.38032,1.38108,1.38020,1.38093,3394
2025-05-29T16:00:00Z,1.38094,1.38119,1.38023,1.38049,3229
2025-05-29T16:30:00Z,1.38049,1.38059,1.38002,1.38042,1809
2025-05-29T17:00:00Z,1.38042,1.38113,1.38035,1.38089,1843
2025-05-29T17:30:00Z,1.38088,1.38090,1.37972,1.38039,1795
2025-05-29T18:00:00Z,1.38039,1.38051,1.37984,1.38001,2199
2025-05-29T18:30:00Z,1.37999,1.38012,1.37962,1.38006,1829
2025-05-29T19:00:00Z,1.38006,1.38060,1.37976,1.38010,1303
2025-05-29T19:30:00Z,1.38010,1.38090,1.37998,1.38085,1467
2025-05-29T20:00:00Z,1.38086,1.38109,1.38069,1.38082,952
2025-05-29T20:30:00Z,1.38080,1.38097,1.38061,1.38070,1079
2025-05-29T21:00:00Z,1.38069,1.38090,1.37986,1.38068,1771
2025-05-29T21:30:00Z,1.38069,1.38091,1.38032,1.38077,614
2025-05-29T22:00:00Z,1.38071,1.38071,1.38031,1.38035,560
2025-05-29T22:30:00Z,1.38037,1.38066,1.38032,1.38060,495
2025-05-29T23:00:00Z,1.38057,1.38087,1.38039,1.38041,616
2025-05-29T23:30:00Z,1.38042,1.38068,1.38033,1.38065,1055
2025-05-30T00:00:00Z,1.38063,1.38069,1.37999,1.38013,2251
2025-05-30T00:30:00Z,1.38020,1.38172,1.38020,1.38103,2822
2025-05-30T01:00:00Z,1.38102,1.38137,1.38020,1.38076,3653
2025-05-30T01:30:00Z,1.38078,1.38192,1.38078,1.38185,3209
2025-05-30T02:00:00Z,1.38186,1.38212,1.38165,1.38193,2598
2025-05-30T02:30:00Z,1.38194,1.38251,1.38194,1.38241,2303
2025-05-30T03:00:00Z,1.38240,1.38240,1.38182,1.38218,2150
2025-05-30T03:30:00Z,1.38219,1.38243,1.38196,1.38223,1953
2025-05-30T04:00:00Z,1.38220,1.38220,1.38176,1.38188,1435
2025-05-30T04:30:00Z,1.38189,1.38203,1.38173,1.38203,1281
2025-05-30T05:00:00Z,1.38202,1.38224,1.38180,1.38182,1915
2025-05-30T05:30:00Z,1.38183,1.38190,1.38106,1.38125,1804
2025-05-30T06:00:00Z,1.38125,1.38224,1.38125,1.38214,2337
2025-05-30T06:30:00Z,1.38214,1.38225,1.38146,1.38200,2087
2025-05-30T07:00:00Z,1.38199,1.38297,1.38179,1.38180,2669
2025-05-30T07:30:00Z,1.38180,1.38223,1.38133,1.38169,2992
2025-05-30T08:00:00Z,1.38169,1.38230,1.38136,1.38143,3139
2025-05-30T08:30:00Z,1.38142,1.38183,1.38118,1.38175,2395
2025-05-30T09:00:00Z,1.38173,1.38202,1.38129,1.38160,1980
2025-05-30T09:30:00Z,1.38162,1.38197,1.38135,1.38184,2131
2025-05-30T10:00:00Z,1.38185,1.38197,1.38109,1.38139,1651
2025-05-30T10:30:00Z,1.38139,1.38156,1.38106,1.38134,1918
2025-05-30T11:00:00Z,1.38134,1.38155,1.38075,1.38105,1925
2025-05-30T11:30:00Z,1.38105,1.38115,1.38073,1.38078,2343
2025-05-30T12:00:00Z,1.38079,1.38136,1.38041,1.38044,4006
2025-05-30T12:30:00Z,1.38044,1.38045,1.37863,1.37933,5724
2025-05-30T13:00:00Z,1.37933,1.37972,1.37873,1.37909,3523
2025-05-30T13:30:00Z,1.37911,1.37979,1.37830,1.37956,4072
2025-05-30T14:00:00Z,1.37954,1.37980,1.37743,1.37753,4130
2025-05-30T14:30:00Z,1.37751,1.37847,1.37387,1.37489,9375
2025-05-30T15:00:00Z,1.37490,1.37586,1.37441,1.37551,7195
2025-05-30T15:30:00Z,1.37551,1.37559,1.37427,1.37480,4371
2025-05-30T16:00:00Z,1.37478,1.37630,1.37478,1.37593,3326
2025-05-30T16:30:00Z,1.37590,1.37620,1.37537,1.37561,2865
2025-05-30T17:00:00Z,1.37562,1.37606,1.37457,1.37458,2852
2025-05-30T17:30:00Z,1.37458,1.37458,1.37320,1.37391,2743
2025-05-30T18:00:00Z,1.37391,1.37392,1.37194,1.37205,2888
2025-05-30T18:30:00Z,1.37202,1.37231,1.37161,1.37177,3103
2025-05-30T19:00:00Z,1.37178,1.37200,1.37136,1.37196,2049
2025-05-30T19:30:00Z,1.37196,1.37265,1.37196,1.37247,2016
2025-05-30T20:00:00Z,1.37247,1.37337,1.37212,1.37332,1336
2025-05-30T20:30:00Z,1.37331,1.37425,1.37322,1.37373,1914
2025-06-01T21:00:00Z,1.37361,1.37385,1.37343,1.37358,491
2025-06-01T21:30:00Z,1.37359,1.37381,1.37346,1.37351,357
2025-06-01T22:00:00Z,1.37351,1.37388,1.37241,1.37327,1348
2025-06-01T22:30:00Z,1.37327,1.37328,1.37242,1.37250,1290
2025-06-01T23:00:00Z,1.37250,1.37275,1.37234,1.37238,1597
2025-06-01T23:30:00Z,1.37238,1.37270,1.37217,1.37247,1349
2025-06-02T00:00:00Z,1.37247,1.37264,1.37141,1.37166,2320
2025-06-02T00:30:00Z,1.37166,1.37218,1.37126,1.37170,2469
2025-06-02T01:00:00Z,1.37171,1.37201,1.37044,1.37051,3032
2025-06-02T01:30:00Z,1.37052,1.37181,1.37037,1.37181,2634
2025-06-02T02:00:00Z,1.37178,1.37192,1.37127,1.37161,1905
2025-06-02T02:30:00Z,1.37160,1.37201,1.37117,1.37167,1746
2025-06-02T03:00:00Z,1.37169,1.37259,1.37139,1.37258,2132
2025-06-02T03:30:00Z,1.37258,1.37284,1.37215,1.37231,1581
2025-06-02T04:00:00Z,1.37226,1.37251,1.37214,1.37218,1579
2025-06-02T04:30:00Z,1.37217,1.37241,1.37204,1.37218,1483
2025-06-02T05:00:00Z,1.37219,1.37219,1.37161,1.37201,2012
2025-06-02T05:30:00Z,1.37203,1.37236,1.37123,1.37182,2148
2025-06-02T06:00:00Z,1.37181,1.37218,1.37074,1.37077,2224
2025-06-02T06:30:00Z,1.37075,1.37088,1.36984,1.37002,2481
2025-06-02T07:00:00Z,1.37001,1.37027,1.36802,1.36850,3935
2025-06-02T07:30:00Z,1.36848,1.36851,1.36738,1.36808,4054
2025-06-02T08:00:00Z,1.36806,1.36858,1.36741,1.36845,2860
2025-06-02T08:30:00Z,1.36844,1.36970,1.36843,1.36947,2903
2025-06-02T09:00:00Z,1.36946,1.36960,1.36850,1.36879,2560
2025-06-02T09:30:00Z,1.36879,1.36999,1.36875,1.36946,2756
2025-06-02T10:00:00Z,1.36945,1.36968,1.36879,1.36893,2406
2025-06-02T10:30:00Z,1.36892,1.36968,1.36856,1.36953,2985
2025-06-02T11:00:00Z,1.36954,1.37014,1.36928,1.37011,2095
2025-06-02T11:30:00Z,1.37013,1.37105,1.37001,1.37060,2014
2025-06-02T12:00:00Z,1.37058,1.37066,1.36957,1.36983,2515
2025-06-02T12:30:00Z,1.36981,1.37004,1.36908,1.36956,3593
2025-06-02T13:00:00Z,1.36956,1.37060,1.36935,1.37002,3589
2025-06-02T13:30:00Z,1.37003,1.37126,1.36982,1.37023,5438
2025-06-02T14:00:00Z,1.37023,1.37083,1.36951,1.36997,5741
2025-06-02T14:30:00Z,1.36996,1.37046,1.36927,1.36999,5660
2025-06-02T15:00:00Z,1.37000,1.37039,1.36891,1.36957,4282
2025-06-02T15:30:00Z,1.36956,1.37053,1.36948,1.36995,3078
2025-06-02T16:00:00Z,1.36993,1.37091,1.36987,1.37053,2471
2025-06-02T16:30:00Z,1.37054,1.37138,1.37034,1.37107,2352
2025-06-02T17:00:00Z,1.37109,1.37231,1.37100,1.37218,2524
2025-06-02T17:30:00Z,1.37217,1.37233,1.37158,1.37175,2113
2025-06-02T18:00:00Z,1.37177,1.37212,1.37155,1.37155,1917
2025-06-02T18:30:00Z,1.37159,1.37172,1.37087,1.37115,1530
2025-06-02T19:00:00Z,1.37117,1.37150,1.37070,1.37083,1723
2025-06-02T19:30:00Z,1.37083,1.37100,1.37008,1.37016,1537
2025-06-02T20:00:00Z,1.37017,1.37070,1.37005,1.37070,858
2025-06-02T20:30:00Z,1.37067,1.37161,1.37059,1.37121,1203
2025-06-02T21:00:00Z,1.37117,1.37130,1.37033,1.37090,253
2025-06-02T21:30:00Z,1.37101,1.37133,1.37086,1.37087,976
2025-06-02T22:00:00Z,1.37085,1.37186,1.37085,1.37132,746
2025-06-02T22:30:00Z,1.37134,1.37168,1.37120,1.37140,459
2025-06-02T23:00:00Z,1.37139,1.37151,1.37122,1.37124,761
2025-06-02T23:30:00Z,1.37125,1.37132,1.37080,1.37103,828
2025-06-03T00:00:00Z,1.37103,1.37255,1.37103,1.37239,1732
2025-06-03T00:30:00Z,1.37240,1.37240,1.37173,1.37195,1429
2025-06-03T01:00:00Z,1.37196,1.37255,1.37183,1.37234,2193
2025-06-03T01:30:00Z,1.37234,1.37256,1.37191,1.37239,2838
2025-06-03T02:00:00Z,1.37240,1.37274,1.37230,1.37273,2275
2025-06-03T02:30:00Z,1.37273,1.37337,1.37268,1.37296,2652
2025-06-03T03:00:00Z,1.37296,1.37348,1.37290,1.37337,2368
2025-06-03T03:30:00Z,1.37336,1.37348,1.37318,1.37344,1576
2025-06-03T04:00:00Z,1.37342,1.37349,1.37320,1.37329,845
2025-06-03T04:30:00Z,1.37327,1.37344,1.37315,1.37322,1299
2025-06-03T05:00:00Z,1.37322,1.37388,1.37314,1.37371,1369
2025-06-03T05:30:00Z,1.37370,1.37385,1.37315,1.37323,1353
2025-06-03T06:00:00Z,1.37323,1.37374,1.37289,1.37304,2736
2025-06-03T06:30:00Z,1.37303,1.37346,1.37241,1.37241,2592
2025-06-03T07:00:00Z,1.37241,1.37320,1.37224,1.37296,3778
2025-06-03T07:30:00Z,1.37299,1.37351,1.37287,1.37316,3206
2025-06-03T08:00:00Z,1.37315,1.37381,1.37296,1.37349,3561
2025-06-03T08:30:00Z,1.37349,1.37350,1.37271,1.37296,2495
2025-06-03T09:00:00Z,1.37297,1.37338,1.37245,1.37247,2689
2025-06-03T09:30:00Z,1.37248,1.37278,1.37221,1.37267,3419
2025-06-03T10:00:00Z,1.37265,1.37335,1.37262,1.37292,2672
2025-06-03T10:30:00Z,1.37295,1.37341,1.37240,1.37326,2823
2025-06-03T11:00:00Z,1.37325,1.37413,1.37315,1.37394,2600
2025-06-03T11:30:00Z,1.37396,1.37416,1.37329,1.37388,1760
2025-06-03T12:00:00Z,1.37387,1.37423,1.37336,1.37404,2828
2025-06-03T12:30:00Z,1.37402,1.37422,1.37260,1.37296,2968
2025-06-03T13:00:00Z,1.37296,1.37339,1.37228,1.37235,2471
2025-06-03T13:30:00Z,1.37234,1.37321,1.37177,1.37282,3703
2025-06-03T14:00:00Z,1.37281,1.37342,1.37115,1.37129,5397
2025-06-03T14:30:00Z,1.37130,1.37130,1.37007,1.37067,4377
2025-06-03T15:00:00Z,1.37069,1.37211,1.37055,1.37196,3523
2025-06-03T15:30:00Z,1.37197,1.37303,1.37195,1.37216,2898
2025-06-03T16:00:00Z,1.37216,1.37282,1.37192,1.37248,1736
2025-06-03T16:30:00Z,1.37249,1.37311,1.37227,1.37248,1761
2025-06-03T17:00:00Z,1.37248,1.37260,1.37187,1.37202,1593
2025-06-03T17:30:00Z,1.37204,1.37216,1.37156,1.37187,1394
2025-06-03T18:00:00Z,1.37187,1.37243,1.37177,1.37189,1665
2025-06-03T18:30:00Z,1.37190,1.37216,1.37146,1.37151,1556
2025-06-03T19:00:00Z,1.37150,1.37167,1.37137,1.37159,770
2025-06-03T19:30:00Z,1.37159,1.37205,1.37147,1.37193,847
2025-06-03T20:00:00Z,1.37192,1.37205,1.37165,1.37167,438
2025-06-03T20:30:00Z,1.37167,1.37219,1.37129,1.37185,827
2025-06-03T21:00:00Z,1.37180,1.37187,1.37108,1.37175,191
2025-06-03T21:30:00Z,1.37171,1.37208,1.37171,1.37188,146
2025-06-03T22:00:00Z,1.37196,1.37204,1.37165,1.37184,430
2025-06-03T22:30:00Z,1.37185,1.37228,1.37166,1.37228,827
2025-06-03T23:00:00Z,1.37227,1.37227,1.37174,1.37186,575
2025-06-03T23:30:00Z,1.37187,1.37190,1.37142,1.37148,779
2025-06-04T00:00:00Z,1.37149,1.37187,1.37119,1.37154,1671
2025-06-04T00:30:00Z,1.37156,1.37173,1.37110,1.37129,1190
2025-06-04T01:00:00Z,1.37136,1.37205,1.37108,1.37125,2469
2025-06-04T01:30:00Z,1.37124,1.37154,1.37053,1.37100,2824
2025-06-04T02:00:00Z,1.37100,1.37129,1.37060,1.37129,2085
2025-06-04T02:30:00Z,1.37132,1.37181,1.37132,1.37177,1779
2025-06-04T03:00:00Z,1.37176,1.37198,1.37145,1.37190,1569
2025-06-04T03:30:00Z,1.37190,1.37225,1.37187,1.37191,1961
2025-06-04T04:00:00Z,1.37189,1.37217,1.37155,1.37159,2272
2025-06-04T04:30:00Z,1.37160,1.37232,1.37157,1.37219,1978
2025-06-04T05:00:00Z,1.37219,1.37233,1.37196,1.37221,2279
2025-06-04T05:30:00Z,1.37221,1.37277,1.37221,1.37249,2241
2025-06-04T06:00:00Z,1.37250,1.37313,1.37237,1.37245,3359
2025-06-04T06:30:00Z,1.37246,1.37268,1.37203,1.37204,3095
2025-06-04T07:00:00Z,1.37204,1.37208,1.37128,1.37128,2920
2025-06-04T07:30:00Z,1.37128,1.37196,1.37097,1.37170,3362
2025-06-04T08:00:00Z,1.37168,1.37210,1.37137,1.37153,2846
2025-06-04T08:30:00Z,1.37154,1.37154,1.37063,1.37081,2362
2025-06-04T09:00:00Z,1.37082,1.37151,1.37072,1.37137,1452
2025-06-04T09:30:00Z,1.37136,1.37166,1.37107,1.37138,2590
2025-06-04T10:00:00Z,1.37136,1.37189,1.37092,1.37187,1891
2025-06-04T10:30:00Z,1.37189,1.37192,1.37117,1.37119,2059
2025-06-04T11:00:00Z,1.37119,1.37132,1.37086,1.37104,1900
2025-06-04T11:30:00Z,1.37104,1.37116,1.37032,1.37065,2665
2025-06-04T12:00:00Z,1.37063,1.37081,1.36935,1.36987,3552
2025-06-04T12:30:00Z,1.36984,1.37079,1.36979,1.36995,3657
2025-06-04T13:00:00Z,1.36995,1.37044,1.36950,1.36987,2264
2025-06-04T13:30:00Z,1.36987,1.37100,1.36912,1.37064,5238
2025-06-04T14:00:00Z,1.37054,1.37054,1.36746,1.36782,6957
2025-06-04T14:30:00Z,1.36781,1.36806,1.36615,1.36659,5654
2025-06-04T15:00:00Z,1.36659,1.36875,1.36636,1.36806,4384
2025-06-04T15:30:00Z,1.36806,1.36851,1.36700,1.36700,3898
2025-06-04T16:00:00Z,1.36701,1.36702,1.36631,1.36659,3322
2025-06-04T16:30:00Z,1.36660,1.36660,1.36545,1.36550,2098
2025-06-04T17:00:00Z,1.36550,1.36592,1.36537,1.36564,2030
2025-06-04T17:30:00Z,1.36563,1.36609,1.36521,1.36593,1496
2025-06-04T18:00:00Z,1.36592,1.36646,1.36587,1.36618,1630
2025-06-04T18:30:00Z,1.36617,1.36684,1.36612,1.36645,1720
2025-06-04T19:00:00Z,1.36645,1.36730,1.36599,1.36715,1596
2025-06-04T19:30:00Z,1.36712,1.36811,1.36701,1.36810,1890
2025-06-04T20:00:00Z,1.36811,1.36853,1.36765,1.36799,1411
2025-06-04T20:30:00Z,1.36797,1.36801,1.36725,1.36760,1329
2025-06-04T21:00:00Z,1.36760,1.36765,1.36698,1.36731,136
2025-06-04T21:30:00Z,1.36731,1.36732,1.36705,1.36711,239
2025-06-04T22:00:00Z,1.36715,1.36764,1.36715,1.36729,877
2025-06-04T22:30:00Z,1.36728,1.36789,1.36713,1.36784,1455
2025-06-04T23:00:00Z,1.36783,1.36789,1.36714,1.36741,1216
2025-06-04T23:30:00Z,1.36741,1.36811,1.36741,1.36808,1678
2025-06-05T00:00:00Z,1.36808,1.36821,1.36718,1.36728,2817
2025-06-05T00:30:00Z,1.36728,1.36758,1.36708,1.36717,2411
2025-06-05T01:00:00Z,1.36717,1.36748,1.36690,1.36696,2388
2025-06-05T01:30:00Z,1.36695,1.36814,1.36690,1.36774,2195
2025-06-05T02:00:00Z,1.36776,1.36827,1.36769,1.36782,2469
2025-06-05T02:30:00Z,1.36782,1.36818,1.36763,1.36764,2307
2025-06-05T03:00:00Z,1.36763,1.36792,1.36738,1.36745,1556
2025-06-05T03:30:00Z,1.36745,1.36828,1.36709,1.36827,2357
2025-06-05T04:00:00Z,1.36827,1.36835,1.36751,1.36766,2032
2025-06-05T04:30:00Z,1.36767,1.36808,1.36763,1.36778,1686
2025-06-05T05:00:00Z,1.36779,1.36793,1.36747,1.36763,2012
2025-06-05T05:30:00Z,1.36764,1.36825,1.36757,1.36808,2423
2025-06-05T06:00:00Z,1.36809,1.36818,1.36689,1.36689,2602
2025-06-05T06:30:00Z,1.36692,1.36774,1.36677,1.36723,2854
2025-06-05T07:00:00Z,1.36724,1.36730,1.36589,1.36638,3427
2025-06-05T07:30:00Z,1.36637,1.36722,1.36608,1.36708,1922
2025-06-05T08:00:00Z,1.36707,1.36713,1.36640,1.36678,2422
2025-06-05T08:30:00Z,1.36679,1.36702,1.36625,1.36641,2532
2025-06-05T09:00:00Z,1.36641,1.36669,1.36579,1.36607,2405
2025-06-05T09:30:00Z,1.36606,1.36636,1.36576,1.36577,2718
2025-06-05T10:00:00Z,1.36577,1.36593,1.36524,1.36547,2227
2025-06-05T10:30:00Z,1.36545,1.36601,1.36522,1.36564,2098
2025-06-05T11:00:00Z,1.36564,1.36649,1.36530,1.36614,2223
2025-06-05T11:30:00Z,1.36614,1.36655,1.36583,1.36597,1929
2025-06-05T12:00:00Z,1.36597,1.36638,1.36516,1.36521,3437
2025-06-05T12:30:00Z,1.36522,1.36587,1.36479,1.36547,6303
2025-06-05T13:00:00Z,1.36550,1.36583,1.36431,1.36450,5494
2025-06-05T13:30:00Z,1.36450,1.36488,1.36341,1.36457,5136
2025-06-05T14:00:00Z,1.36457,1.36569,1.36427,1.36442,4634
2025-06-05T14:30:00Z,1.36441,1.36548,1.36402,1.36530,6304
2025-06-05T15:00:00Z,1.36528,1.36564,1.36440,1.36487,4784
2025-06-05T15:30:00Z,1.36495,1.36718,1.36488,1.36673,3969
2025-06-05T16:00:00Z,1.36674,1.36750,1.36617,1.36697,3918
2025-06-05T16:30:00Z,1.36696,1.36720,1.36621,1.36665,2802
2025-06-05T17:00:00Z,1.36666,1.36684,1.36577,1.36590,1887
2025-06-05T17:30:00Z,1.36590,1.36617,1.36560,1.36561,1538
2025-06-05T18:00:00Z,1.36561,1.36679,1.36560,1.36609,1609
2025-06-05T18:30:00Z,1.36608,1.36683,1.36601,1.36606,1646
2025-06-05T19:00:00Z,1.36607,1.36713,1.36607,1.36671,2474
2025-06-05T19:30:00Z,1.36671,1.36720,1.36640,1.36651,2545
2025-06-05T20:00:00Z,1.36650,1.36684,1.36637,1.36658,845
2025-06-05T20:30:00Z,1.36656,1.36746,1.36656,1.36743,1131
2025-06-05T21:00:00Z,1.36743,1.36749,1.36711,1.36729,102
2025-06-05T21:30:00Z,1.36730,1.36761,1.36726,1.36731,133
2025-06-05T22:00:00Z,1.36746,1.36747,1.36703,1.36715,362
2025-06-05T22:30:00Z,1.36714,1.36719,1.36703,1.36707,266
2025-06-05T23:00:00Z,1.36707,1.36713,1.36693,1.36711,414
2025-06-05T23:30:00Z,1.36712,1.36716,1.36666,1.36668,672
2025-06-06T00:00:00Z,1.36667,1.36667,1.36623,1.36633,1353
2025-06-06T00:30:00Z,1.36634,1.36647,1.36605,1.36645,1362
2025-06-06T01:00:00Z,1.36646,1.36672,1.36597,1.36597,2030
2025-06-06T01:30:00Z,1.36601,1.36654,1.36597,1.36648,2130
2025-06-06T02:00:00Z,1.36648,1.36702,1.36646,1.36685,1761
2025-06-06T02:30:00Z,1.36686,1.36698,1.36645,1.36674,880
2025-06-06T03:00:00Z,1.36673,1.36680,1.36634,1.36644,1155
2025-06-06T03:30:00Z,1.36644,1.36651,1.36616,1.36631,753
2025-06-06T04:00:00Z,1.36631,1.36637,1.36605,1.36611,870
2025-06-06T04:30:00Z,1.36611,1.36627,1.36605,1.36607,732
2025-06-06T05:00:00Z,1.36610,1.36666,1.36607,1.36661,1128
2025-06-06T05:30:00Z,1.36661,1.36674,1.36629,1.36631,1702
2025-06-06T06:00:00Z,1.36630,1.36688,1.36623,1.36662,2303
2025-06-06T06:30:00Z,1.36659,1.36693,1.36646,1.36663,1702
2025-06-06T07:00:00Z,1.36664,1.36707,1.36615,1.36686,2367
2025-06-06T07:30:00Z,1.36686,1.36711,1.36634,1.36677,1879
2025-06-06T08:00:00Z,1.36677,1.36740,1.36677,1.36730,2410
2025-06-06T08:30:00Z,1.36729,1.36803,1.36714,1.36800,1829
2025-06-06T09:00:00Z,1.36802,1.36863,1.36793,1.36808,1825
2025-06-06T09:30:00Z,1.36808,1.36813,1.36755,1.36781,2223
2025-06-06T10:00:00Z,1.36781,1.36791,1.36728,1.36741,1953
2025-06-06T10:30:00Z,1.36740,1.36776,1.36715,1.36775,1498
2025-06-06T11:00:00Z,1.36774,1.36852,1.36761,1.36832,2222
2025-06-06T11:30:00Z,1.36831,1.36899,1.36794,1.36879,2428
2025-06-06T12:00:00Z,1.36878,1.36974,1.36840,1.36854,3794
2025-06-06T12:30:00Z,1.36858,1.37030,1.36658,1.36810,9042
2025-06-06T13:00:00Z,1.36812,1.37038,1.36760,1.36973,6968
2025-06-06T13:30:00Z,1.36971,1.36974,1.36749,1.36849,8161
2025-06-06T14:00:00Z,1.36847,1.36907,1.36707,1.36724,7153
2025-06-06T14:30:00Z,1.36723,1.36899,1.36686,1.36885,6259
2025-06-06T15:00:00Z,1.36884,1.36961,1.36812,1.36879,4986
2025-06-06T15:30:00Z,1.36877,1.36905,1.36838,1.36858,3526
2025-06-06T16:00:00Z,1.36857,1.36916,1.36840,1.36864,1876
2025-06-06T16:30:00Z,1.36864,1.37015,1.36858,1.36989,2305
2025-06-06T17:00:00Z,1.36988,1.37002,1.36906,1.36969,1682
2025-06-06T17:30:00Z,1.36967,1.36983,1.36903,1.36905,1222
2025-06-06T18:00:00Z,1.36904,1.36962,1.36897,1.36956,1372
2025-06-06T18:30:00Z,1.36955,1.36975,1.36915,1.36949,1959
2025-06-06T19:00:00Z,1.36950,1.37013,1.36929,1.36990,1290
2025-06-06T19:30:00Z,1.36992,1.37028,1.36946,1.36956,2113
2025-06-06T20:00:00Z,1.36957,1.36973,1.36899,1.36931,935
2025-06-06T20:30:00Z,1.36931,1.37001,1.36931,1.36942,943
2025-06-08T21:00:00Z,1.36898,1.36904,1.36893,1.36894,115
2025-06-08T21:30:00Z,1.36893,1.36961,1.36893,1.36911,235
2025-06-08T22:00:00Z,1.36911,1.36993,1.36894,1.36971,481
2025-06-08T22:30:00Z,1.36967,1.36967,1.36911,1.36922,1133
2025-06-08T23:00:00Z,1.36921,1.36961,1.36912,1.36928,1344
2025-06-08T23:30:00Z,1.36927,1.36955,1.36901,1.36919,906
2025-06-09T00:00:00Z,1.36918,1.36956,1.36906,1.36931,1935
2025-06-09T00:30:00Z,1.36930,1.36935,1.36883,1.36917,1803
2025-06-09T01:00:00Z,1.36917,1.36918,1.36823,1.36840,2422
2025-06-09T01:30:00Z,1.36840,1.36861,1.36797,1.36805,2058
2025-06-09T02:00:00Z,1.36805,1.36823,1.36765,1.36805,2295
2025-06-09T02:30:00Z,1.36805,1.36848,1.36794,1.36847,1620
2025-06-09T03:00:00Z,1.36847,1.36858,1.36836,1.36853,1096
2025-06-09T03:30:00Z,1.36852,1.36860,1.36827,1.36856,1039
2025-06-09T04:00:00Z,1.36856,1.36869,1.36831,1.36851,948
2025-06-09T04:30:00Z,1.36852,1.36870,1.36832,1.36838,1100
2025-06-09T05:00:00Z,1.36837,1.36849,1.36816,1.36830,1326
2025-06-09T05:30:00Z,1.36829,1.36886,1.36827,1.36846,1531
2025-06-09T06:00:00Z,1.36847,1.36876,1.36841,1.36862,1860
2025-06-09T06:30:00Z,1.36860,1.36862,1.36777,1.36816,1980
2025-06-09T07:00:00Z,1.36814,1.36814,1.36772,1.36797,2104
2025-06-09T07:30:00Z,1.36798,1.36842,1.36777,1.36814,2359
2025-06-09T08:00:00Z,1.36814,1.36831,1.36759,1.36760,2128
2025-06-09T08:30:00Z,1.36760,1.36777,1.36694,1.36772,2506
2025-06-09T09:00:00Z,1.36772,1.36776,1.36710,1.36738,2235
2025-06-09T09:30:00Z,1.36737,1.36747,1.36689,1.36742,1525
2025-06-09T10:00:00Z,1.36743,1.36748,1.36710,1.36727,1673
2025-06-09T10:30:00Z,1.36728,1.36780,1.36712,1.36771,1142
2025-06-09T11:00:00Z,1.36771,1.36798,1.36727,1.36797,2029
2025-06-09T11:30:00Z,1.36798,1.36863,1.36770,1.36813,2216
2025-06-09T12:00:00Z,1.36811,1.36856,1.36794,1.36842,2399
2025-06-09T12:30:00Z,1.36841,1.36908,1.36797,1.36878,2787
2025-06-09T13:00:00Z,1.36879,1.36926,1.36857,1.36883,2733
2025-06-09T13:30:00Z,1.36887,1.37064,1.36868,1.37041,4653
2025-06-09T14:00:00Z,1.37040,1.37069,1.36991,1.37022,3952
2025-06-09T14:30:00Z,1.37023,1.37040,1.36750,1.36825,5787
2025-06-09T15:00:00Z,1.36825,1.36911,1.36797,1.36807,3368
2025-06-09T15:30:00Z,1.36808,1.36817,1.36731,1.36766,2355
2025-06-09T16:00:00Z,1.36765,1.36778,1.36702,1.36722,1773
2025-06-09T16:30:00Z,1.36723,1.36778,1.36720,1.36741,1781
2025-06-09T17:00:00Z,1.36741,1.36777,1.36718,1.36729,1496
2025-06-09T17:30:00Z,1.36726,1.36860,1.36721,1.36850,1564
2025-06-09T18:00:00Z,1.36852,1.36875,1.36791,1.36797,1499
2025-06-09T18:30:00Z,1.36797,1.36809,1.36751,1.36762,1373
2025-06-09T19:00:00Z,1.36762,1.36838,1.36759,1.36834,1291
2025-06-09T19:30:00Z,1.36834,1.36870,1.36800,1.36851,1423
2025-06-09T20:00:00Z,1.36852,1.36953,1.36852,1.36933,876
2025-06-09T20:30:00Z,1.36934,1.37001,1.36934,1.36988,788
2025-06-09T21:00:00Z,1.36977,1.36977,1.36838,1.36914,140
2025-06-09T21:30:00Z,1.36913,1.36980,1.36911,1.36977,284
2025-06-09T22:00:00Z,1.36977,1.36989,1.36963,1.36980,794
2025-06-09T22:30:00Z,1.36982,1.37000,1.36964,1.36965,1489
2025-06-09T23:00:00Z,1.36965,1.37030,1.36965,1.36973,1145
2025-06-09T23:30:00Z,1.36974,1.37011,1.36945,1.37002,1211
2025-06-10T00:00:00Z,1.36999,1.37049,1.36935,1.36954,2161
2025-06-10T00:30:00Z,1.36954,1.37003,1.36943,1.36983,1372
2025-06-10T01:00:00Z,1.36983,1.37021,1.36940,1.37002,2273
2025-06-10T01:30:00Z,1.37000,1.37127,1.36984,1.37112,2813
2025-06-10T02:00:00Z,1.37111,1.37150,1.37072,1.37108,2529
2025-06-10T02:30:00Z,1.37109,1.37117,1.37046,1.37049,1395
2025-06-10T03:00:00Z,1.37050,1.37078,1.37039,1.37050,1596
2025-06-10T03:30:00Z,1.37050,1.37070,1.37000,1.37005,1583
2025-06-10T04:00:00Z,1.37003,1.37070,1.36989,1.37063,965
2025-06-10T04:30:00Z,1.37065,1.37083,1.37057,1.37061,537
2025-06-10T05:00:00Z,1.37059,1.37136,1.37040,1.37124,1780
2025-06-10T05:30:00Z,1.37124,1.37149,1.37068,1.37096,2355
2025-06-10T06:00:00Z,1.37096,1.37149,1.37062,1.37098,1739
2025-06-10T06:30:00Z,1.37098,1.37191,1.37045,1.37170,1901
2025-06-10T07:00:00Z,1.37172,1.37282,1.37115,1.37251,3392
2025-06-10T07:30:00Z,1.37250,1.37250,1.37174,1.37199,2552
2025-06-10T08:00:00Z,1.37200,1.37204,1.37124,1.37127,2260
2025-06-10T08:30:00Z,1.37126,1.37133,1.37064,1.37064,2897
2025-06-10T09:00:00Z,1.37064,1.37081,1.37014,1.37054,2002
2025-06-10T09:30:00Z,1.37052,1.37069,1.36989,1.37004,2101
2025-06-10T10:00:00Z,1.37002,1.37007,1.36954,1.36962,1980
2025-06-10T10:30:00Z,1.36963,1.37020,1.36963,1.37000,1725
2025-06-10T11:00:00Z,1.36999,1.37008,1.36905,1.36919,1753
2025-06-10T11:30:00Z,1.36919,1.36948,1.36861,1.36923,1624
2025-06-10T12:00:00Z,1.36924,1.36925,1.36867,1.36882,2864
2025-06-10T12:30:00Z,1.36882,1.36922,1.36837,1.36908,3232
2025-06-10T13:00:00Z,1.36909,1.36931,1.36824,1.36848,3146
2025-06-10T13:30:00Z,1.36847,1.36914,1.36700,1.36716,4398
2025-06-10T14:00:00Z,1.36715,1.36818,1.36676,1.36727,4086
2025-06-10T14:30:00Z,1.36727,1.36809,1.36692,1.36755,4735
2025-06-10T15:00:00Z,1.36757,1.36817,1.36750,1.36764,3661
2025-06-10T15:30:00Z,1.36764,1.36869,1.36761,1.36836,3050
2025-06-10T16:00:00Z,1.36837,1.36838,1.36777,1.36782,2270
2025-06-10T16:30:00Z,1.36782,1.36848,1.36747,1.36828,1739
2025-06-10T17:00:00Z,1.36828,1.36862,1.36790,1.36836,1679
2025-06-10T17:30:00Z,1.36836,1.36875,1.36808,1.36868,1574
2025-06-10T18:00:00Z,1.36868,1.36921,1.36867,1.36874,2035
2025-06-10T18:30:00Z,1.36875,1.36925,1.36856,1.36892,1748
2025-06-10T19:00:00Z,1.36894,1.36902,1.36847,1.36881,1624
2025-06-10T19:30:00Z,1.36881,1.36887,1.36708,1.36735,2607
2025-06-10T20:00:00Z,1.36736,1.36774,1.36694,1.36750,1415
2025-06-10T20:30:00Z,1.36750,1.36762,1.36679,1.36679,854
2025-06-10T21:00:00Z,1.36672,1.36709,1.36641,1.36707,389
2025-06-10T21:30:00Z,1.36699,1.36713,1.36683,1.36689,501
2025-06-10T22:00:00Z,1.36699,1.36725,1.36690,1.36724,516
2025-06-10T22:30:00Z,1.36721,1.36744,1.36666,1.36678,1021
2025-06-10T23:00:00Z,1.36677,1.36707,1.36636,1.36651,2153
2025-06-10T23:30:00Z,1.36652,1.36694,1.36643,1.36680,1507
2025-06-11T00:00:00Z,1.36679,1.36725,1.36651,1.36724,2375
2025-06-11T00:30:00Z,1.36725,1.36731,1.36670,1.36719,1781
2025-06-11T01:00:00Z,1.36720,1.36732,1.36698,1.36709,1701
2025-06-11T01:30:00Z,1.36708,1.36793,1.36706,1.36783,1729
2025-06-11T02:00:00Z,1.36784,1.36808,1.36757,1.36802,1389
2025-06-11T02:30:00Z,1.36802,1.36813,1.36796,1.36805,914
2025-06-11T03:00:00Z,1.36806,1.36830,1.36800,1.36828,902
2025-06-11T03:30:00Z,1.36828,1.36828,1.36763,1.36763,781
2025-06-11T04:00:00Z,1.36764,1.36804,1.36763,1.36791,792
2025-06-11T04:30:00Z,1.36790,1.36811,1.36782,1.36804,1609
2025-06-11T05:00:00Z,1.36805,1.36810,1.36771,1.36778,1437
2025-06-11T05:30:00Z,1.36776,1.36793,1.36755,1.36765,1712
2025-06-11T06:00:00Z,1.36764,1.36834,1.36754,1.36825,2138
2025-06-11T06:30:00Z,1.36823,1.36823,1.36751,1.36796,2206
2025-06-11T07:00:00Z,1.36796,1.36838,1.36751,1.36782,2216
2025-06-11T07:30:00Z,1.36784,1.36806,1.36735,1.36748,1861
2025-06-11T08:00:00Z,1.36750,1.36802,1.36737,1.36775,1716
2025-06-11T08:30:00Z,1.36775,1.36835,1.36768,1.36816,2272
2025-06-11T09:00:00Z,1.36817,1.36840,1.36791,1.36800,3458
2025-06-11T09:30:00Z,1.36800,1.36879,1.36790,1.36818,2419
2025-06-11T10:00:00Z,1.36815,1.36852,1.36744,1.36846,2550
2025-06-11T10:30:00Z,1.36846,1.36880,1.36828,1.36837,2350
2025-06-11T11:00:00Z,1.36835,1.36880,1.36811,1.36850,2118
2025-06-11T11:30:00Z,1.36853,1.36868,1.36794,1.36798,2113
2025-06-11T12:00:00Z,1.36798,1.36898,1.36796,1.36807,3210
2025-06-11T12:30:00Z,1.36807,1.36826,1.36495,1.36629,7372
2025-06-11T13:00:00Z,1.36629,1.36746,1.36598,1.36740,6483
2025-06-11T13:30:00Z,1.36742,1.36781,1.36642,1.36649,6227
2025-06-11T14:00:00Z,1.36649,1.36677,1.36583,1.36643,3519
2025-06-11T14:30:00Z,1.36644,1.36681,1.36631,1.36679,3182
2025-06-11T15:00:00Z,1.36680,1.36696,1.36647,1.36686,2859
2025-06-11T15:30:00Z,1.36686,1.36712,1.36625,1.36632,2302
2025-06-11T16:00:00Z,1.36632,1.36694,1.36632,1.36636,2156
2025-06-11T16:30:00Z,1.36635,1.36647,1.36534,1.36562,1947
2025-06-11T17:00:00Z,1.36561,1.36573,1.36493,1.36521,1423
2025-06-11T17:30:00Z,1.36520,1.36591,1.36516,1.36586,1597
2025-06-11T18:00:00Z,1.36587,1.36703,1.36549,1.36666,2957
2025-06-11T18:30:00Z,1.36666,1.36688,1.36579,1.36625,2591
2025-06-11T19:00:00Z,1.36623,1.36721,1.36623,1.36705,1833
2025-06-11T19:30:00Z,1.36706,1.36719,1.36651,1.36655,2065
2025-06-11T20:00:00Z,1.36662,1.36703,1.36639,1.36691,1086
2025-06-11T20:30:00Z,1.36692,1.36743,1.36686,1.36686,1116
2025-06-11T21:00:00Z,1.36688,1.36706,1.36672,1.36700,208
2025-06-11T21:30:00Z,1.36693,1.36722,1.36693,1.36707,225
2025-06-11T22:00:00Z,1.36712,1.36712,1.36666,1.36670,446
2025-06-11T22:30:00Z,1.36671,1.36680,1.36617,1.36635,1079
2025-06-11T23:00:00Z,1.36634,1.36673,1.36605,1.36673,1590
2025-06-11T23:30:00Z,1.36673,1.36679,1.36638,1.36656,1326
2025-06-12T00:00:00Z,1.36656,1.36699,1.36633,1.36660,2217
2025-06-12T00:30:00Z,1.36660,1.36672,1.36623,1.36635,2431
2025-06-12T01:00:00Z,1.36635,1.36682,1.36609,1.36639,3101
2025-06-12T01:30:00Z,1.36643,1.36694,1.36612,1.36657,3001
2025-06-12T02:00:00Z,1.36660,1.36723,1.36656,1.36711,2395
2025-06-12T02:30:00Z,1.36711,1.36728,1.36694,1.36694,2002
2025-06-12T03:00:00Z,1.36694,1.36705,1.36636,1.36636,1872
2025-06-12T03:30:00Z,1.36642,1.36642,1.36576,1.36578,1847
2025-06-12T04:00:00Z,1.36584,1.36612,1.36568,1.36578,1490
2025-06-12T04:30:00Z,1.36578,1.36580,1.36543,1.36558,1135
2025-06-12T05:00:00Z,1.36562,1.36582,1.36509,1.36521,1241
2025-06-12T05:30:00Z,1.36519,1.36524,1.36473,1.36476,1907
2025-06-12T06:00:00Z,1.36476,1.36526,1.36476,1.36488,2406
2025-06-12T06:30:00Z,1.36488,1.36512,1.36443,1.36504,2491
2025-06-12T07:00:00Z,1.36504,1.36630,1.36501,1.36610,1974
2025-06-12T07:30:00Z,1.36607,1.36748,1.36591,1.36665,3789
2025-06-12T08:00:00Z,1.36664,1.36710,1.36635,1.36689,3811
2025-06-12T08:30:00Z,1.36690,1.36715,1.36554,1.36559,3532
2025-06-12T09:00:00Z,1.36559,1.36611,1.36453,1.36508,3519
2025-06-12T09:30:00Z,1.36510,1.36537,1.36426,1.36484,3843
2025-06-12T10:00:00Z,1.36483,1.36500,1.36353,1.36367,4330
2025-06-12T10:30:00Z,1.36364,1.36369,1.36284,1.36351,3622
2025-06-12T11:00:00Z,1.36351,1.36352,1.36246,1.36311,3772
2025-06-12T11:30:00Z,1.36311,1.36386,1.36265,1.36360,2862
2025-06-12T12:00:00Z,1.36357,1.36376,1.36243,1.36247,3084
2025-06-12T12:30:00Z,1.36247,1.36266,1.36175,1.36177,3648
2025-06-12T13:00:00Z,1.36181,1.36254,1.36139,1.36198,3130
2025-06-12T13:30:00Z,1.36199,1.36269,1.36156,1.36217,4131
2025-06-12T14:00:00Z,1.36215,1.36227,1.36131,1.36133,3910
2025-06-12T14:30:00Z,1.36133,1.36147,1.36092,1.36105,4158
2025-06-12T15:00:00Z,1.36104,1.36174,1.36093,1.36163,3884
2025-06-12T15:30:00Z,1.36163,1.36197,1.36082,1.36166,3102
2025-06-12T16:00:00Z,1.36165,1.36173,1.36057,1.36057,2608
2025-06-12T16:30:00Z,1.36058,1.36114,1.36044,1.36068,2047
2025-06-12T17:00:00Z,1.36069,1.36143,1.36057,1.36106,2095
2025-06-12T17:30:00Z,1.36106,1.36109,1.36002,1.36009,1424
2025-06-12T18:00:00Z,1.36008,1.36032,1.35993,1.36007,1060
2025-06-12T18:30:00Z,1.36005,1.36048,1.36002,1.36026,919
2025-06-12T19:00:00Z,1.36026,1.36072,1.36025,1.36059,762
2025-06-12T19:30:00Z,1.36059,1.36077,1.36028,1.36054,1161
2025-06-12T20:00:00Z,1.36052,1.36076,1.36021,1.36024,803
2025-06-12T20:30:00Z,1.36023,1.36079,1.36000,1.36001,1157
2025-06-12T21:00:00Z,1.35987,1.36027,1.35987,1.36026,338
2025-06-12T21:30:00Z,1.36023,1.36040,1.36013,1.36019,309
2025-06-12T22:00:00Z,1.36017,1.36031,1.36003,1.36012,450
2025-06-12T22:30:00Z,1.36010,1.36028,1.36002,1.36028,676
2025-06-12T23:00:00Z,1.36030,1.36044,1.35996,1.35996,635
2025-06-12T23:30:00Z,1.35998,1.35999,1.35946,1.35952,1046
2025-06-13T00:00:00Z,1.35954,1.36190,1.35916,1.36134,5650
2025-06-13T00:30:00Z,1.36135,1.36337,1.36113,1.36262,4953
2025-06-13T01:00:00Z,1.36262,1.36447,1.36251,1.36349,4598
2025-06-13T01:30:00Z,1.36348,1.36451,1.36247,1.36282,3674
2025-06-13T02:00:00Z,1.36281,1.36289,1.36188,1.36229,3697
2025-06-13T02:30:00Z,1.36231,1.36294,1.36168,1.36227,4286
2025-06-13T03:00:00Z,1.36227,1.36378,1.36215,1.36332,2934
2025-06-13T03:30:00Z,1.36333,1.36371,1.36268,1.36313,1817
2025-06-13T04:00:00Z,1.36314,1.36444,1.36301,1.36434,2210
2025-06-13T04:30:00Z,1.36433,1.36492,1.36394,1.36488,2119
2025-06-13T05:00:00Z,1.36488,1.36512,1.36373,1.36487,2627
2025-06-13T05:30:00Z,1.36488,1.36497,1.36392,1.36428,2800
2025-06-13T06:00:00Z,1.36429,1.36440,1.36332,1.36406,4187
2025-06-13T06:30:00Z,1.36406,1.36435,1.36317,1.36348,4328
2025-06-13T07:00:00Z,1.36347,1.36347,1.36234,1.36249,5886
2025-06-13T07:30:00Z,1.36247,1.36248,1.36168,1.36195,4098
2025-06-13T08:00:00Z,1.36194,1.36234,1.36119,1.36138,3145
2025-06-13T08:30:00Z,1.36140,1.36246,1.36119,1.36153,3798
2025-06-13T09:00:00Z,1.36153,1.36283,1.36130,1.36270,3527
2025-06-13T09:30:00Z,1.36269,1.36290,1.36236,1.36266,3784
2025-06-13T10:00:00Z,1.36264,1.36291,1.36187,1.36277,4589
2025-06-13T10:30:00Z,1.36276,1.36446,1.36270,1.36382,4177
2025-06-13T11:00:00Z,1.36382,1.36502,1.36342,1.36440,4800
2025-06-13T11:30:00Z,1.36440,1.36445,1.36298,1.36332,3279
2025-06-13T12:00:00Z,1.36331,1.36334,1.36233,1.36289,3263
2025-06-13T12:30:00Z,1.36289,1.36318,1.36130,1.36155,3634
2025-06-13T13:00:00Z,1.36156,1.36277,1.36133,1.36238,3521
2025-06-13T13:30:00Z,1.36236,1.36322,1.36132,1.36184,6656
2025-06-13T14:00:00Z,1.36184,1.36193,1.35915,1.35915,7979
2025-06-13T14:30:00Z,1.35914,1.35972,1.35877,1.35928,6503
2025-06-13T15:00:00Z,1.35929,1.35951,1.35769,1.35799,5653
2025-06-13T15:30:00Z,1.35799,1.35828,1.35743,1.35758,4900
2025-06-13T16:00:00Z,1.35759,1.35771,1.35658,1.35697,3982
2025-06-13T16:30:00Z,1.35697,1.35884,1.35675,1.35852,3000
2025-06-13T17:00:00Z,1.35853,1.35958,1.35825,1.35909,3424
2025-06-13T17:30:00Z,1.35910,1.36005,1.35887,1.35892,3524
2025-06-13T18:00:00Z,1.35891,1.35966,1.35876,1.35946,3647
2025-06-13T18:30:00Z,1.35948,1.35992,1.35906,1.35929,2907
2025-06-13T19:00:00Z,1.35929,1.35982,1.35916,1.35945,1739
2025-06-13T19:30:00Z,1.35947,1.35968,1.35813,1.35843,2391
2025-06-13T20:00:00Z,1.35843,1.35936,1.35805,1.35927,2849
2025-06-13T20:30:00Z,1.35926,1.35962,1.35780,1.35801,4750
2025-06-15T21:00:00Z,1.35779,1.35928,1.35779,1.35923,116
2025-06-15T21:30:00Z,1.35923,1.35954,1.35920,1.35930,119
2025-06-15T22:00:00Z,1.35930,1.35930,1.35829,1.35863,8381
2025-06-15T22:30:00Z,1.35863,1.35874,1.35758,1.35815,6361
2025-06-15T23:00:00Z,1.35815,1.35929,1.35797,1.35880,2438
2025-06-15T23:30:00Z,1.35879,1.35883,1.35808,1.35821,1307
2025-06-16T00:00:00Z,1.35823,1.35881,1.35803,1.35845,1318
2025-06-16T00:30:00Z,1.35846,1.35909,1.35829,1.35896,1191
2025-06-16T01:00:00Z,1.35896,1.35940,1.35878,1.35914,2300
2025-06-16T01:30:00Z,1.35916,1.35965,1.35879,1.35942,3263
2025-06-16T02:00:00Z,1.35941,1.35990,1.35909,1.35938,2482
2025-06-16T02:30:00Z,1.35939,1.35997,1.35939,1.35996,1667
2025-06-16T03:00:00Z,1.35995,1.36051,1.35946,1.36015,2560
2025-06-16T03:30:00Z,1.36015,1.36064,1.36010,1.36055,1839
2025-06-16T04:00:00Z,1.36055,1.36055,1.36002,1.36006,1605
2025-06-16T04:30:00Z,1.36006,1.36033,1.35997,1.36012,1722
2025-06-16T05:00:00Z,1.36012,1.36012,1.35843,1.35880,2834
2025-06-16T05:30:00Z,1.35878,1.35880,1.35785,1.35807,1977
2025-06-16T06:00:00Z,1.35807,1.35914,1.35774,1.35907,2972
2025-06-16T06:30:00Z,1.35908,1.35921,1.35781,1.35808,3544
2025-06-16T07:00:00Z,1.35809,1.35838,1.35754,1.35757,3081
2025-06-16T07:30:00Z,1.35757,1.35780,1.35712,1.35736,3646
2025-06-16T08:00:00Z,1.35737,1.35772,1.35705,1.35725,3033
2025-06-16T08:30:00Z,1.35726,1.35745,1.35692,1.35719,2495
2025-06-16T09:00:00Z,1.35719,1.35738,1.35695,1.35705,2594
2025-06-16T09:30:00Z,1.35704,1.35739,1.35696,1.35707,1491
2025-06-16T10:00:00Z,1.35707,1.35729,1.35684,1.35719,2651
2025-06-16T10:30:00Z,1.35719,1.35724,1.35646,1.35708,2232
2025-06-16T11:00:00Z,1.35708,1.35732,1.35694,1.35726,1744
2025-06-16T11:30:00Z,1.35727,1.35739,1.35639,1.35658,1715
2025-06-16T12:00:00Z,1.35657,1.35662,1.35578,1.35634,2244
2025-06-16T12:30:00Z,1.35633,1.35680,1.35585,1.35593,4012
2025-06-16T13:00:00Z,1.35591,1.35592,1.35419,1.35443,3840
2025-06-16T13:30:00Z,1.35446,1.35567,1.35394,1.35503,5659
2025-06-16T14:00:00Z,1.35501,1.35539,1.35409,1.35453,6226
2025-06-16T14:30:00Z,1.35451,1.35612,1.35448,1.35591,5314
2025-06-16T15:00:00Z,1.35593,1.35643,1.35547,1.35600,4678
2025-06-16T15:30:00Z,1.35599,1.35646,1.35502,1.35568,3768
2025-06-16T16:00:00Z,1.35567,1.35579,1.35507,1.35544,2480
2025-06-16T16:30:00Z,1.35545,1.35565,1.35495,1.35546,2432
2025-06-16T17:00:00Z,1.35546,1.35603,1.35534,1.35549,2080
2025-06-16T17:30:00Z,1.35549,1.35595,1.35532,1.35567,2127
2025-06-16T18:00:00Z,1.35568,1.35600,1.35547,1.35580,1883
2025-06-16T18:30:00Z,1.35576,1.35613,1.35563,1.35593,1983
2025-06-16T19:00:00Z,1.35593,1.35677,1.35593,1.35675,1421
2025-06-16T19:30:00Z,1.35676,1.35797,1.35662,1.35776,1801
2025-06-16T20:00:00Z,1.35778,1.35792,1.35661,1.35667,1735
2025-06-16T20:30:00Z,1.35667,1.35718,1.35659,1.35695,1126
2025-06-16T21:00:00Z,1.35675,1.35675,1.35645,1.35655,161
2025-06-16T21:30:00Z,1.35660,1.35691,1.35660,1.35676,190
2025-06-16T22:00:00Z,1.35676,1.35725,1.35650,1.35717,755
2025-06-16T22:30:00Z,1.35719,1.35752,1.35691,1.35704,1389
2025-06-16T23:00:00Z,1.35705,1.35705,1.35668,1.35694,1804
2025-06-16T23:30:00Z,1.35696,1.35753,1.35687,1.35727,2534
2025-06-17T00:00:00Z,1.35726,1.35803,1.35721,1.35786,2982
2025-06-17T00:30:00Z,1.35784,1.35816,1.35731,1.35758,2157
2025-06-17T01:00:00Z,1.35757,1.35793,1.35738,1.35752,1927
2025-06-17T01:30:00Z,1.35752,1.35776,1.35705,1.35765,2605
2025-06-17T02:00:00Z,1.35763,1.35804,1.35755,1.35767,2272
2025-06-17T02:30:00Z,1.35770,1.35805,1.35718,1.35724,3923
2025-06-17T03:00:00Z,1.35724,1.35746,1.35700,1.35712,3192
2025-06-17T03:30:00Z,1.35712,1.35745,1.35692,1.35732,2022
2025-06-17T04:00:00Z,1.35732,1.35732,1.35680,1.35708,2193
2025-06-17T04:30:00Z,1.35707,1.35742,1.35706,1.35722,1362
2025-06-17T05:00:00Z,1.35723,1.35778,1.35710,1.35736,2053
2025-06-17T05:30:00Z,1.35735,1.35784,1.35721,1.35767,1784
2025-06-17T06:00:00Z,1.35768,1.35797,1.35728,1.35762,2597
2025-06-17T06:30:00Z,1.35762,1.35829,1.35725,1.35810,2599
2025-06-17T07:00:00Z,1.35810,1.35811,1.35746,1.35750,2850
2025-06-17T07:30:00Z,1.35750,1.35790,1.35666,1.35692,2778
2025-06-17T08:00:00Z,1.35692,1.35718,1.35636,1.35643,2190
2025-06-17T08:30:00Z,1.35644,1.35700,1.35626,1.35688,2463
2025-06-17T09:00:00Z,1.35689,1.35720,1.35645,1.35683,2199
2025-06-17T09:30:00Z,1.35684,1.35694,1.35624,1.35633,1697
2025-06-17T10:00:00Z,1.35633,1.35662,1.35604,1.35616,2359
2025-06-17T10:30:00Z,1.35615,1.35648,1.35559,1.35645,2185
2025-06-17T11:00:00Z,1.35643,1.35654,1.35584,1.35617,2837
2025-06-17T11:30:00Z,1.35618,1.35658,1.35591,1.35615,2184
2025-06-17T12:00:00Z,1.35616,1.35636,1.35572,1.35605,2028
2025-06-17T12:30:00Z,1.35604,1.35834,1.35576,1.35823,3525
2025-06-17T13:00:00Z,1.35824,1.35842,1.35736,1.35779,2807
2025-06-17T13:30:00Z,1.35778,1.35886,1.35774,1.35820,4401
2025-06-17T14:00:00Z,1.35820,1.35934,1.35788,1.35901,4330
2025-06-17T14:30:00Z,1.35902,1.35997,1.35874,1.35922,5839
2025-06-17T15:00:00Z,1.35922,1.35962,1.35860,1.35962,4425
2025-06-17T15:30:00Z,1.35962,1.35964,1.35876,1.35878,3066
2025-06-17T16:00:00Z,1.35879,1.35957,1.35835,1.35952,2596
2025-06-17T16:30:00Z,1.35951,1.36200,1.35929,1.36130,4443
2025-06-17T17:00:00Z,1.36128,1.36196,1.36089,1.36167,3715
2025-06-17T17:30:00Z,1.36168,1.36346,1.36114,1.36300,3958
2025-06-17T18:00:00Z,1.36300,1.36422,1.36278,1.36418,2927
2025-06-17T18:30:00Z,1.36419,1.36526,1.36326,1.36440,3838
2025-06-17T19:00:00Z,1.36439,1.36457,1.36364,1.36426,2718
2025-06-17T19:30:00Z,1.36425,1.36471,1.36368,1.36456,2849
2025-06-17T20:00:00Z,1.36457,1.36727,1.36447,1.36630,3441
2025-06-17T20:30:00Z,1.36630,1.36927,1.36623,1.36740,3775
2025-06-17T21:00:00Z,1.36661,1.36757,1.36493,1.36741,615
2025-06-17T21:30:00Z,1.36738,1.36789,1.36730,1.36742,254
2025-06-17T22:00:00Z,1.36749,1.36788,1.36716,1.36786,1067
2025-06-17T22:30:00Z,1.36787,1.36884,1.36780,1.36864,1991
2025-06-17T23:00:00Z,1.36864,1.36877,1.36838,1.36850,1284
2025-06-17T23:30:00Z,1.36858,1.36909,1.36823,1.36830,1636
2025-06-18T00:00:00Z,1.36830,1.36831,1.36738,1.36752,2580
2025-06-18T00:30:00Z,1.36750,1.36764,1.36682,1.36755,1736
2025-06-18T01:00:00Z,1.36755,1.36773,1.36688,1.36696,2520
2025-06-18T01:30:00Z,1.36696,1.36741,1.36677,1.36708,2710
2025-06-18T02:00:00Z,1.36708,1.36737,1.36657,1.36661,2354
2025-06-18T02:30:00Z,1.36665,1.36736,1.36657,1.36675,2299
2025-06-18T03:00:00Z,1.36675,1.36676,1.36614,1.36634,1577
2025-06-18T03:30:00Z,1.36633,1.36655,1.36609,1.36636,1214
2025-06-18T04:00:00Z,1.36636,1.36680,1.36636,1.36660,2503
2025-06-18T04:30:00Z,1.36661,1.36661,1.36564,1.36576,1880
2025-06-18T05:00:00Z,1.36577,1.36612,1.36559,1.36588,1897
2025-06-18T05:30:00Z,1.36588,1.36603,1.36546,1.36569,1752
2025-06-18T06:00:00Z,1.36569,1.36615,1.36545,1.36557,2556
2025-06-18T06:30:00Z,1.36557,1.36605,1.36534,1.36591,2805
2025-06-18T07:00:00Z,1.36591,1.36618,1.36506,1.36607,3163
2025-06-18T07:30:00Z,1.36607,1.36650,1.36576,1.36607,2475
2025-06-18T08:00:00Z,1.36606,1.36713,1.36588,1.36681,2629
2025-06-18T08:30:00Z,1.36680,1.36691,1.36624,1.36656,3146
2025-06-18T09:00:00Z,1.36656,1.36673,1.36639,1.36647,1874
2025-06-18T09:30:00Z,1.36650,1.36699,1.36630,1.36635,2354
2025-06-18T10:00:00Z,1.36635,1.36655,1.36595,1.36613,2301
2025-06-18T10:30:00Z,1.36612,1.36688,1.36590,1.36675,3040
2025-06-18T11:00:00Z,1.36676,1.36688,1.36601,1.36639,2135
2025-06-18T11:30:00Z,1.36640,1.36648,1.36564,1.36589,1327
2025-06-18T12:00:00Z,1.36587,1.36619,1.36403,1.36419,3118
2025-06-18T12:30:00Z,1.36418,1.36480,1.36338,1.36466,3068
2025-06-18T13:00:00Z,1.36467,1.36582,1.36444,1.36503,3512
2025-06-18T13:30:00Z,1.36502,1.36753,1.36494,1.36637,6033
2025-06-18T14:00:00Z,1.36638,1.36841,1.36475,1.36832,8665
2025-06-18T14:30:00Z,1.36834,1.36894,1.36773,1.36886,4749
2025-06-18T15:00:00Z,1.36886,1.36957,1.36807,1.36825,3850
2025-06-18T15:30:00Z,1.36824,1.36871,1.36690,1.36847,3793
2025-06-18T16:00:00Z,1.36847,1.36847,1.36646,1.36738,2581
2025-06-18T16:30:00Z,1.36737,1.36794,1.36709,1.36760,1520
2025-06-18T17:00:00Z,1.36762,1.36773,1.36690,1.36758,1709
2025-06-18T17:30:00Z,1.36760,1.36849,1.36755,1.36808,2289
2025-06-18T18:00:00Z,1.36806,1.36807,1.36541,1.36656,9772
2025-06-18T18:30:00Z,1.36655,1.36952,1.36625,1.36940,10128
2025-06-18T19:00:00Z,1.36938,1.37023,1.36852,1.36999,9004
2025-06-18T19:30:00Z,1.37000,1.37009,1.36856,1.36998,5872
2025-06-18T20:00:00Z,1.36997,1.37029,1.36887,1.36940,2140
2025-06-18T20:30:00Z,1.36941,1.36953,1.36883,1.36930,3514
2025-06-18T21:00:00Z,1.36925,1.36925,1.36776,1.36848,181
2025-06-18T21:30:00Z,1.36844,1.36893,1.36831,1.36857,354
2025-06-18T22:00:00Z,1.36868,1.36940,1.36868,1.36897,1084
2025-06-18T22:30:00Z,1.36895,1.36961,1.36895,1.36922,1001
2025-06-18T23:00:00Z,1.36923,1.36975,1.36913,1.36973,1503
2025-06-18T23:30:00Z,1.36972,1.36976,1.36941,1.36959,1751
2025-06-19T00:00:00Z,1.36958,1.36990,1.36945,1.36963,2316
2025-06-19T00:30:00Z,1.36961,1.37004,1.36960,1.37002,2069
2025-06-19T01:00:00Z,1.37001,1.37094,1.37001,1.37032,4684
2025-06-19T01:30:00Z,1.37032,1.37137,1.37009,1.37131,3688
2025-06-19T02:00:00Z,1.37131,1.37191,1.37108,1.37191,3508
2025-06-19T02:30:00Z,1.37192,1.37212,1.37143,1.37163,1439
2025-06-19T03:00:00Z,1.37164,1.37164,1.37107,1.37112,1367
2025-06-19T03:30:00Z,1.37113,1.37122,1.37085,1.37105,1330
2025-06-19T04:00:00Z,1.37104,1.37108,1.37064,1.37083,1488
2025-06-19T04:30:00Z,1.37083,1.37109,1.37067,1.37070,883
2025-06-19T05:00:00Z,1.37071,1.37141,1.37068,1.37122,1539
2025-06-19T05:30:00Z,1.37123,1.37245,1.37094,1.37186,2132
2025-06-19T06:00:00Z,1.37187,1.37272,1.37186,1.37264,2903
2025-06-19T06:30:00Z,1.37266,1.37296,1.37175,1.37188,2253
2025-06-19T07:00:00Z,1.37188,1.37227,1.37132,1.37142,2458
2025-06-19T07:30:00Z,1.37144,1.37255,1.37124,1.37233,2838
2025-06-19T08:00:00Z,1.37233,1.37256,1.37084,1.37099,3215
2025-06-19T08:30:00Z,1.37099,1.37135,1.37063,1.37080,2487
2025-06-19T09:00:00Z,1.37079,1.37129,1.37051,1.37088,2372
2025-06-19T09:30:00Z,1.37088,1.37144,1.37080,1.37125,1720
2025-06-19T10:00:00Z,1.37126,1.37138,1.37074,1.37092,2349
2025-06-19T10:30:00Z,1.37092,1.37140,1.37084,1.37122,2009
2025-06-19T11:00:00Z,1.37122,1.37156,1.37037,1.37045,2999
2025-06-19T11:30:00Z,1.37046,1.37101,1.37026,1.37067,1729
2025-06-19T12:00:00Z,1.37068,1.37159,1.37032,1.37153,1966
2025-06-19T12:30:00Z,1.37154,1.37215,1.37109,1.37176,2564
2025-06-19T13:00:00Z,1.37182,1.37231,1.37111,1.37175,2339
2025-06-19T13:30:00Z,1.37173,1.37275,1.37158,1.37261,2980
2025-06-19T14:00:00Z,1.37261,1.37461,1.37241,1.37453,3272
2025-06-19T14:30:00Z,1.37455,1.37458,1.37324,1.37386,4146
2025-06-19T15:00:00Z,1.37385,1.37408,1.37310,1.37360,3045
2025-06-19T15:30:00Z,1.37362,1.37403,1.37330,1.37365,1375
2025-06-19T16:00:00Z,1.37365,1.37402,1.37328,1.37349,1402
2025-06-19T16:30:00Z,1.37348,1.37359,1.37275,1.37308,903
2025-06-19T17:00:00Z,1.37310,1.37313,1.37251,1.37301,867
2025-06-19T17:30:00Z,1.37301,1.37310,1.37151,1.37170,1952
2025-06-19T18:00:00Z,1.37169,1.37205,1.37118,1.37118,1607
2025-06-19T18:30:00Z,1.37122,1.37127,1.37097,1.37125,757
2025-06-19T19:00:00Z,1.37125,1.37137,1.37063,1.37072,711
2025-06-19T19:30:00Z,1.37069,1.37069,1.36958,1.36981,1317
2025-06-19T20:00:00Z,1.36981,1.37056,1.36971,1.37012,777
2025-06-19T20:30:00Z,1.37012,1.37029,1.36976,1.36989,1564
2025-06-19T21:00:00Z,1.36979,1.37024,1.36964,1.37019,463
2025-06-19T21:30:00Z,1.37011,1.37065,1.36963,1.36975,150
2025-06-19T22:00:00Z,1.36980,1.37024,1.36967,1.37015,589
2025-06-19T22:30:00Z,1.37017,1.37024,1.36983,1.36986,837
2025-06-19T23:00:00Z,1.36985,1.36993,1.36934,1.36970,1020
2025-06-19T23:30:00Z,1.36970,1.36990,1.36945,1.36948,1763
2025-06-20T00:00:00Z,1.36950,1.36959,1.36865,1.36925,2970
2025-06-20T00:30:00Z,1.36925,1.36938,1.36883,1.36908,2705
2025-06-20T01:00:00Z,1.36910,1.36987,1.36895,1.36941,2564
2025-06-20T01:30:00Z,1.36940,1.36995,1.36930,1.36995,1981
2025-06-20T02:00:00Z,1.36995,1.37017,1.36958,1.36967,1586
2025-06-20T02:30:00Z,1.36966,1.36969,1.36940,1.36964,1689
2025-06-20T03:00:00Z,1.36964,1.36980,1.36892,1.36915,2047
2025-06-20T03:30:00Z,1.36914,1.36921,1.36892,1.36905,2207
2025-06-20T04:00:00Z,1.36905,1.36918,1.36883,1.36915,1512
2025-06-20T04:30:00Z,1.36917,1.36918,1.36888,1.36901,1327
2025-06-20T05:00:00Z,1.36900,1.36977,1.36890,1.36969,1810
2025-06-20T05:30:00Z,1.36969,1.36982,1.36931,1.36936,1655
2025-06-20T06:00:00Z,1.36936,1.37020,1.36936,1.37015,2596
2025-06-20T06:30:00Z,1.37014,1.37065,1.37007,1.37064,1903
2025-06-20T07:00:00Z,1.37061,1.37103,1.37036,1.37051,2237
2025-06-20T07:30:00Z,1.37052,1.37068,1.37017,1.37043,1841
2025-06-20T08:00:00Z,1.37043,1.37043,1.36983,1.36989,2058
2025-06-20T08:30:00Z,1.36990,1.37031,1.36937,1.36966,1950
2025-06-20T09:00:00Z,1.36966,1.36977,1.36927,1.36965,1684
2025-06-20T09:30:00Z,1.36965,1.36977,1.36928,1.36946,1749
2025-06-20T10:00:00Z,1.36946,1.36975,1.36916,1.36958,1921
2025-06-20T10:30:00Z,1.36958,1.37027,1.36958,1.37027,1160
2025-06-20T11:00:00Z,1.37027,1.37068,1.37010,1.37060,1646
2025-06-20T11:30:00Z,1.37058,1.37111,1.37005,1.37053,2292
2025-06-20T12:00:00Z,1.37056,1.37159,1.37056,1.37124,2386
2025-06-20T12:30:00Z,1.37122,1.37234,1.37050,1.37183,4828
2025-06-20T13:00:00Z,1.37176,1.37224,1.37155,1.37173,3836
2025-06-20T13:30:00Z,1.37173,1.37312,1.37117,1.37312,4411
2025-06-20T14:00:00Z,1.37309,1.37374,1.37245,1.37277,4008
2025-06-20T14:30:00Z,1.37278,1.37391,1.37268,1.37284,5384
2025-06-20T15:00:00Z,1.37283,1.37352,1.37254,1.37341,2781
2025-06-20T15:30:00Z,1.37339,1.37461,1.37333,1.37388,2540
2025-06-20T16:00:00Z,1.37388,1.37410,1.37285,1.37310,2691
2025-06-20T16:30:00Z,1.37308,1.37328,1.37270,1.37296,1627
2025-06-20T17:00:00Z,1.37295,1.37334,1.37271,1.37326,1716
2025-06-20T17:30:00Z,1.37324,1.37335,1.37257,1.37259,2671
2025-06-20T18:00:00Z,1.37257,1.37295,1.37194,1.37221,2287
2025-06-20T18:30:00Z,1.37220,1.37299,1.37206,1.37279,2112
2025-06-20T19:00:00Z,1.37279,1.37297,1.37241,1.37281,1362
2025-06-20T19:30:00Z,1.37279,1.37413,1.37275,1.37401,1889
2025-06-20T20:00:00Z,1.37402,1.37443,1.37363,1.37425,1900
2025-06-20T20:30:00Z,1.37424,1.37468,1.37286,1.37287,1999
2025-06-22T21:00:00Z,1.37449,1.37590,1.37430,1.37461,104
2025-06-22T21:30:00Z,1.37461,1.37550,1.37461,1.37478,2210
2025-06-22T22:00:00Z,1.37498,1.37605,1.37374,1.37501,2178
2025-06-22T22:30:00Z,1.37502,1.37502,1.37428,1.37438,2269
2025-06-22T23:00:00Z,1.37437,1.37474,1.37414,1.37426,2283
2025-06-22T23:30:00Z,1.37425,1.37425,1.37376,1.37405,1717
2025-06-23T00:00:00Z,1.37405,1.37572,1.37376,1.37547,3041
2025-06-23T00:30:00Z,1.37549,1.37599,1.37515,1.37516,2580
2025-06-23T01:00:00Z,1.37515,1.37662,1.37494,1.37650,2859
2025-06-23T01:30:00Z,1.37656,1.37659,1.37572,1.37592,2820
2025-06-23T02:00:00Z,1.37592,1.37594,1.37522,1.37562,2467
2025-06-23T02:30:00Z,1.37562,1.37606,1.37546,1.37596,3016
2025-06-23T03:00:00Z,1.37596,1.37662,1.37582,1.37656,3576
2025-06-23T03:30:00Z,1.37655,1.37664,1.37617,1.37645,2315
2025-06-23T04:00:00Z,1.37645,1.37658,1.37611,1.37649,2296
2025-06-23T04:30:00Z,1.37649,1.37655,1.37580,1.37587,2098
2025-06-23T05:00:00Z,1.37587,1.37637,1.37555,1.37616,1923
2025-06-23T05:30:00Z,1.37616,1.37664,1.37488,1.37506,2757
2025-06-23T06:00:00Z,1.37510,1.37615,1.37424,1.37613,3187
2025-06-23T06:30:00Z,1.37615,1.37647,1.37588,1.37596,2460
2025-06-23T07:00:00Z,1.37595,1.37602,1.37534,1.37582,2757
2025-06-23T07:30:00Z,1.37581,1.37605,1.37518,1.37542,2293
2025-06-23T08:00:00Z,1.37544,1.37694,1.37536,1.37683,1939
2025-06-23T08:30:00Z,1.37682,1.37789,1.37645,1.37785,1636
2025-06-23T09:00:00Z,1.37784,1.37955,1.37780,1.37951,2826
2025-06-23T09:30:00Z,1.37953,1.37979,1.37857,1.37933,2980
2025-06-23T10:00:00Z,1.37935,1.37972,1.37897,1.37932,2130
2025-06-23T10:30:00Z,1.37933,1.37962,1.37866,1.37889,2016
2025-06-23T11:00:00Z,1.37888,1.37900,1.37838,1.37847,1780
2025-06-23T11:30:00Z,1.37845,1.37953,1.37785,1.37812,2257
2025-06-23T12:00:00Z,1.37812,1.37905,1.37797,1.37883,2722
2025-06-23T12:30:00Z,1.37884,1.37912,1.37787,1.37818,4309
2025-06-23T13:00:00Z,1.37817,1.37845,1.37751,1.37758,4031
2025-06-23T13:30:00Z,1.37757,1.37790,1.37548,1.37621,4835
2025-06-23T14:00:00Z,1.37622,1.37625,1.37366,1.37422,6733
2025-06-23T14:30:00Z,1.37421,1.37476,1.37340,1.37389,6071
2025-06-23T15:00:00Z,1.37387,1.37411,1.37246,1.37303,5368
2025-06-23T15:30:00Z,1.37305,1.37743,1.37280,1.37736,5814
2025-06-23T16:00:00Z,1.37735,1.37779,1.37583,1.37638,5188
2025-06-23T16:30:00Z,1.37639,1.37792,1.37566,1.37704,7555
2025-06-23T17:00:00Z,1.37704,1.37747,1.37530,1.37542,5198
2025-06-23T17:30:00Z,1.37541,1.37548,1.37440,1.37459,4267
2025-06-23T18:00:00Z,1.37460,1.37470,1.37349,1.37425,3168
2025-06-23T18:30:00Z,1.37427,1.37483,1.37352,1.37383,3234
2025-06-23T19:00:00Z,1.37383,1.37387,1.37295,1.37350,1745
2025-06-23T19:30:00Z,1.37350,1.37386,1.37309,1.37343,1642
2025-06-23T20:00:00Z,1.37344,1.37382,1.37273,1.37284,1084
2025-06-23T20:30:00Z,1.37283,1.37379,1.37264,1.37320,1413
2025-06-23T21:00:00Z,1.37319,1.37319,1.37255,1.37281,166
2025-06-23T21:30:00Z,1.37297,1.37328,1.37274,1.37287,306
2025-06-23T22:00:00Z,1.37288,1.37358,1.37268,1.37283,1401
2025-06-23T22:30:00Z,1.37282,1.37376,1.37273,1.37289,1442
2025-06-23T23:00:00Z,1.37290,1.37351,1.37237,1.37248,2235
2025-06-23T23:30:00Z,1.37251,1.37315,1.37213,1.37294,1815
2025-06-24T00:00:00Z,1.37293,1.37339,1.37265,1.37307,2107
2025-06-24T00:30:00Z,1.37304,1.37329,1.37238,1.37280,2192
2025-06-24T01:00:00Z,1.37279,1.37298,1.37205,1.37237,1714
2025-06-24T01:30:00Z,1.37236,1.37303,1.37228,1.37286,2940
2025-06-24T02:00:00Z,1.37285,1.37307,1.37259,1.37287,2068
2025-06-24T02:30:00Z,1.37284,1.37284,1.37207,1.37219,1892
2025-06-24T03:00:00Z,1.37220,1.37227,1.37187,1.37200,2035
2025-06-24T03:30:00Z,1.37201,1.37223,1.37170,1.37191,1138
2025-06-24T04:00:00Z,1.37190,1.37228,1.37173,1.37179,1831
2025-06-24T04:30:00Z,1.37179,1.37202,1.37168,1.37179,1675
2025-06-24T05:00:00Z,1.37179,1.37211,1.37171,1.37200,1532
2025-06-24T05:30:00Z,1.37201,1.37220,1.37171,1.37181,2921
2025-06-24T06:00:00Z,1.37180,1.37232,1.37111,1.37145,3224
2025-06-24T06:30:00Z,1.37144,1.37207,1.37095,1.37097,2542
2025-06-24T07:00:00Z,1.37100,1.37202,1.37100,1.37161,2605
2025-06-24T07:30:00Z,1.37160,1.37303,1.37159,1.37218,4097
2025-06-24T08:00:00Z,1.37216,1.37236,1.37150,1.37180,2962
2025-06-24T08:30:00Z,1.37180,1.37204,1.37139,1.37162,2358
2025-06-24T09:00:00Z,1.37164,1.37169,1.37072,1.37113,1658
2025-06-24T09:30:00Z,1.37115,1.37132,1.37073,1.37120,1535
2025-06-24T10:00:00Z,1.37121,1.37196,1.37118,1.37177,1296
2025-06-24T10:30:00Z,1.37176,1.37199,1.37166,1.37194,1190
2025-06-24T11:00:00Z,1.37194,1.37195,1.37128,1.37128,1131
2025-06-24T11:30:00Z,1.37129,1.37154,1.37100,1.37138,1210
2025-06-24T12:00:00Z,1.37139,1.37191,1.37084,1.37182,2083
2025-06-24T12:30:00Z,1.37183,1.37208,1.37056,1.37060,3362
2025-06-24T13:00:00Z,1.37061,1.37143,1.37024,1.37079,3182
2025-06-24T13:30:00Z,1.37078,1.37210,1.37049,1.37164,4300
2025-06-24T14:00:00Z,1.37164,1.37189,1.36779,1.36873,4525
2025-06-24T14:30:00Z,1.36872,1.37017,1.36853,1.36979,5318
2025-06-24T15:00:00Z,1.36979,1.37011,1.36909,1.37007,4582
2025-06-24T15:30:00Z,1.37006,1.37152,1.36995,1.37121,2366
2025-06-24T16:00:00Z,1.37121,1.37202,1.37095,1.37096,1816
2025-06-24T16:30:00Z,1.37099,1.37157,1.37054,1.37076,1978
2025-06-24T17:00:00Z,1.37076,1.37149,1.37057,1.37066,1740
2025-06-24T17:30:00Z,1.37064,1.37120,1.37047,1.37093,1587
2025-06-24T18:00:00Z,1.37092,1.37187,1.37072,1.37166,1254
2025-06-24T18:30:00Z,1.37169,1.37250,1.37162,1.37231,1960
2025-06-24T19:00:00Z,1.37232,1.37239,1.37182,1.37224,1280
2025-06-24T19:30:00Z,1.37226,1.37296,1.37210,1.37251,1319
2025-06-24T20:00:00Z,1.37251,1.37258,1.37183,1.37196,1100
2025-06-24T20:30:00Z,1.37196,1.37265,1.37176,1.37238,786
2025-06-24T21:00:00Z,1.37237,1.37237,1.37024,1.37198,222
2025-06-24T21:30:00Z,1.37199,1.37210,1.37163,1.37168,3421
2025-06-24T22:00:00Z,1.37168,1.37281,1.37166,1.37255,567
2025-06-24T22:30:00Z,1.37254,1.37267,1.37244,1.37267,588
2025-06-24T23:00:00Z,1.37267,1.37267,1.37242,1.37247,295
2025-06-24T23:30:00Z,1.37245,1.37275,1.37224,1.37256,484
2025-06-25T00:00:00Z,1.37257,1.37259,1.37213,1.37239,1545
2025-06-25T00:30:00Z,1.37240,1.37276,1.37212,1.37227,1155
2025-06-25T01:00:00Z,1.37226,1.37239,1.37174,1.37239,2462
2025-06-25T01:30:00Z,1.37238,1.37273,1.37207,1.37225,2704
2025-06-25T02:00:00Z,1.37227,1.37297,1.37226,1.37282,2019
2025-06-25T02:30:00Z,1.37281,1.37301,1.37257,1.37267,1912
2025-06-25T03:00:00Z,1.37268,1.37289,1.37237,1.37244,2362
2025-06-25T03:30:00Z,1.37245,1.37296,1.37228,1.37294,1518
2025-06-25T04:00:00Z,1.37293,1.37318,1.37283,1.37313,1944
2025-06-25T04:30:00Z,1.37314,1.37343,1.37310,1.37321,1241
2025-06-25T05:00:00Z,1.37321,1.37348,1.37314,1.37338,1564
2025-06-25T05:30:00Z,1.37338,1.37343,1.37265,1.37273,1447
2025-06-25T06:00:00Z,1.37278,1.37309,1.37236,1.37258,2935
2025-06-25T06:30:00Z,1.37258,1.37336,1.37244,1.37329,3044
2025-06-25T07:00:00Z,1.37328,1.37372,1.37255,1.37262,2546
2025-06-25T07:30:00Z,1.37263,1.37295,1.37216,1.37270,3480
2025-06-25T08:00:00Z,1.37270,1.37311,1.37255,1.37257,3765
2025-06-25T08:30:00Z,1.37260,1.37274,1.37205,1.37227,1618
2025-06-25T09:00:00Z,1.37226,1.37333,1.37225,1.37326,961
2025-06-25T09:30:00Z,1.37327,1.37337,1.37291,1.37298,1084
2025-06-25T10:00:00Z,1.37296,1.37329,1.37289,1.37291,1074
2025-06-25T10:30:00Z,1.37291,1.37336,1.37290,1.37335,1211
2025-06-25T11:00:00Z,1.37336,1.37348,1.37296,1.37328,1450
2025-06-25T11:30:00Z,1.37329,1.37347,1.37295,1.37312,1717
2025-06-25T12:00:00Z,1.37312,1.37354,1.37305,1.37352,1972
2025-06-25T12:30:00Z,1.37353,1.37461,1.37340,1.37389,4426
2025-06-25T13:00:00Z,1.37388,1.37453,1.37368,1.37407,6225
2025-06-25T13:30:00Z,1.37409,1.37483,1.37334,1.37361,6876
2025-06-25T14:00:00Z,1.37362,1.37437,1.37325,1.37416,3080
2025-06-25T14:30:00Z,1.37416,1.37438,1.37288,1.37321,3776
2025-06-25T15:00:00Z,1.37321,1.37542,1.37318,1.37494,2505
2025-06-25T15:30:00Z,1.37494,1.37511,1.37405,1.37504,2465
2025-06-25T16:00:00Z,1.37506,1.37506,1.37274,1.37300,2869
2025-06-25T16:30:00Z,1.37302,1.37379,1.37263,1.37376,2453
2025-06-25T17:00:00Z,1.37378,1.37445,1.37361,1.37374,2122
2025-06-25T17:30:00Z,1.37375,1.37410,1.37277,1.37300,2827
2025-06-25T18:00:00Z,1.37301,1.37362,1.37285,1.37322,2057
2025-06-25T18:30:00Z,1.37321,1.37324,1.37247,1.37273,2627
2025-06-25T19:00:00Z,1.37272,1.37283,1.37207,1.37228,1992
2025-06-25T19:30:00Z,1.37227,1.37264,1.37178,1.37195,1859
2025-06-25T20:00:00Z,1.37193,1.37282,1.37160,1.37262,1544
2025-06-25T20:30:00Z,1.37263,1.37290,1.37233,1.37233,1180
2025-06-25T21:00:00Z,1.37214,1.37214,1.37125,1.37214,140
2025-06-25T21:30:00Z,1.37219,1.37239,1.37185,1.37201,327
2025-06-25T22:00:00Z,1.37195,1.37236,1.37188,1.37236,629
2025-06-25T22:30:00Z,1.37235,1.37235,1.37210,1.37214,227
2025-06-25T23:00:00Z,1.37213,1.37213,1.37154,1.37168,1509
2025-06-25T23:30:00Z,1.37168,1.37168,1.37112,1.37118,1095
2025-06-26T00:00:00Z,1.37119,1.37131,1.37075,1.37088,1529
2025-06-26T00:30:00Z,1.37088,1.37144,1.37084,1.37138,1669
2025-06-26T01:00:00Z,1.37138,1.37219,1.37136,1.37193,2185
2025-06-26T01:30:00Z,1.37192,1.37203,1.37099,1.37102,2116
2025-06-26T02:00:00Z,1.37102,1.37128,1.37079,1.37100,1756
2025-06-26T02:30:00Z,1.37102,1.37112,1.37007,1.37072,1836
2025-06-26T03:00:00Z,1.37069,1.37101,1.37003,1.37100,1898
2025-06-26T03:30:00Z,1.37100,1.37132,1.37081,1.37112,2429
2025-06-26T04:00:00Z,1.37111,1.37223,1.37111,1.37185,2337
2025-06-26T04:30:00Z,1.37185,1.37189,1.37160,1.37178,1828
2025-06-26T05:00:00Z,1.37178,1.37226,1.37147,1.37147,1810
2025-06-26T05:30:00Z,1.37147,1.37203,1.37144,1.37170,2220
2025-06-26T06:00:00Z,1.37172,1.37221,1.37142,1.37176,2770
2025-06-26T06:30:00Z,1.37177,1.37181,1.37052,1.37054,1812
2025-06-26T07:00:00Z,1.37058,1.37099,1.36976,1.37044,3594
2025-06-26T07:30:00Z,1.37042,1.37110,1.36993,1.37024,3096
2025-06-26T08:00:00Z,1.37024,1.37035,1.36835,1.36858,3631
2025-06-26T08:30:00Z,1.36858,1.36880,1.36793,1.36851,3680
2025-06-26T09:00:00Z,1.36852,1.36940,1.36845,1.36925,3352
2025-06-26T09:30:00Z,1.36923,1.36940,1.36845,1.36877,2303
2025-06-26T10:00:00Z,1.36877,1.36914,1.36833,1.36840,2321
2025-06-26T10:30:00Z,1.36840,1.36872,1.36808,1.36808,1915
2025-06-26T11:00:00Z,1.36808,1.36891,1.36780,1.36839,3104
2025-06-26T11:30:00Z,1.36840,1.36917,1.36766,1.36852,2249
2025-06-26T12:00:00Z,1.36850,1.36905,1.36790,1.36807,2422
2025-06-26T12:30:00Z,1.36806,1.36858,1.36704,1.36710,4359
2025-06-26T13:00:00Z,1.36709,1.36728,1.36501,1.36501,3410
2025-06-26T13:30:00Z,1.36501,1.36600,1.36371,1.36404,4842
2025-06-26T14:00:00Z,1.36403,1.36483,1.36365,1.36439,4033
2025-06-26T14:30:00Z,1.36438,1.36477,1.36253,1.36361,5992
2025-06-26T15:00:00Z,1.36363,1.36405,1.36279,1.36401,4287
2025-06-26T15:30:00Z,1.36402,1.36402,1.36297,1.36304,2913
2025-06-26T16:00:00Z,1.36304,1.36330,1.36223,1.36237,3364
2025-06-26T16:30:00Z,1.36238,1.36277,1.36174,1.36269,2650
2025-06-26T17:00:00Z,1.36271,1.36286,1.36175,1.36192,2617
2025-06-26T17:30:00Z,1.36192,1.36261,1.36173,1.36241,2103
2025-06-26T18:00:00Z,1.36241,1.36280,1.36198,1.36276,2638
2025-06-26T18:30:00Z,1.36277,1.36304,1.36220,1.36260,1816
2025-06-26T19:00:00Z,1.36258,1.36389,1.36258,1.36383,2216
2025-06-26T19:30:00Z,1.36383,1.36413,1.36322,1.36344,2584
2025-06-26T20:00:00Z,1.36344,1.36448,1.36314,1.36415,1278
2025-06-26T20:30:00Z,1.36417,1.36434,1.36393,1.36394,1759
2025-06-26T21:00:00Z,1.36394,1.36486,1.36390,1.36410,274
2025-06-26T21:30:00Z,1.36408,1.36447,1.36390,1.36395,124
2025-06-26T22:00:00Z,1.36417,1.36452,1.36400,1.36406,912
2025-06-26T22:30:00Z,1.36405,1.36459,1.36403,1.36417,931
2025-06-26T23:00:00Z,1.36417,1.36437,1.36393,1.36406,2099
2025-06-26T23:30:00Z,1.36412,1.36438,1.36386,1.36417,1709
2025-06-27T00:00:00Z,1.36416,1.36431,1.36388,1.36417,2999
2025-06-27T00:30:00Z,1.36416,1.36459,1.36396,1.36400,2618
2025-06-27T01:00:00Z,1.36398,1.36451,1.36389,1.36430,2054
2025-06-27T01:30:00Z,1.36430,1.36469,1.36351,1.36373,2763
2025-06-27T02:00:00Z,1.36373,1.36384,1.36344,1.36380,2058
2025-06-27T02:30:00Z,1.36380,1.36443,1.36348,1.36355,1624
2025-06-27T03:00:00Z,1.36356,1.36371,1.36344,1.36349,1156
2025-06-27T03:30:00Z,1.36349,1.36403,1.36347,1.36392,1613
2025-06-27T04:00:00Z,1.36391,1.36437,1.36384,1.36437,1414
2025-06-27T04:30:00Z,1.36436,1.36491,1.36424,1.36491,1324
2025-06-27T05:00:00Z,1.36491,1.36491,1.36432,1.36440,1671
2025-06-27T05:30:00Z,1.36439,1.36483,1.36431,1.36441,2229
2025-06-27T06:00:00Z,1.36442,1.36465,1.36364,1.36385,2348
2025-06-27T06:30:00Z,1.36386,1.36390,1.36291,1.36299,2796
2025-06-27T07:00:00Z,1.36300,1.36362,1.36272,1.36353,2334
2025-06-27T07:30:00Z,1.36352,1.36452,1.36348,1.36398,2064
2025-06-27T08:00:00Z,1.36397,1.36426,1.36370,1.36411,2465
2025-06-27T08:30:00Z,1.36410,1.36428,1.36381,1.36415,2219
2025-06-27T09:00:00Z,1.36414,1.36470,1.36404,1.36466,1752
2025-06-27T09:30:00Z,1.36466,1.36528,1.36464,1.36518,1531
2025-06-27T10:00:00Z,1.36519,1.36620,1.36500,1.36615,2027
2025-06-27T10:30:00Z,1.36613,1.36623,1.36600,1.36608,1554
2025-06-27T11:00:00Z,1.36607,1.36607,1.36502,1.36504,1881
2025-06-27T11:30:00Z,1.36502,1.36531,1.36459,1.36460,2587
2025-06-27T12:00:00Z,1.36460,1.36532,1.36450,1.36491,3545
2025-06-27T12:30:00Z,1.36487,1.36523,1.36405,1.36421,4590
2025-06-27T13:00:00Z,1.36421,1.36569,1.36402,1.36498,4787
2025-06-27T13:30:00Z,1.36497,1.36546,1.36435,1.36455,4688
2025-06-27T14:00:00Z,1.36449,1.36641,1.36438,1.36569,3832
2025-06-27T14:30:00Z,1.36568,1.36584,1.36485,1.36584,5452
2025-06-27T15:00:00Z,1.36584,1.36612,1.36551,1.36561,3400
2025-06-27T15:30:00Z,1.36562,1.36672,1.36492,1.36661,3704
2025-06-27T16:00:00Z,1.36662,1.36695,1.36630,1.36637,3336
2025-06-27T16:30:00Z,1.36643,1.36773,1.36624,1.36728,2426
2025-06-27T17:00:00Z,1.36723,1.36844,1.36722,1.36809,2146
2025-06-27T17:30:00Z,1.36811,1.37590,1.36795,1.37337,8678
2025-06-27T18:00:00Z,1.37340,1.37517,1.37183,1.37261,6666
2025-06-27T18:30:00Z,1.37261,1.37335,1.37128,1.37138,5119
2025-06-27T19:00:00Z,1.37138,1.37190,1.37014,1.37084,2983
2025-06-27T19:30:00Z,1.37084,1.37172,1.36979,1.36989,3843
2025-06-27T20:00:00Z,1.36988,1.37059,1.36921,1.36999,2599
2025-06-27T20:30:00Z,1.37000,1.37000,1.36759,1.36771,2680
2025-06-29T21:00:00Z,1.36852,1.36852,1.36727,1.36813,165
2025-06-29T21:30:00Z,1.36813,1.36881,1.36793,1.36863,286
2025-06-29T22:00:00Z,1.36863,1.36913,1.36838,1.36904,3578
2025-06-29T22:30:00Z,1.36904,1.36904,1.36798,1.36828,1347
2025-06-29T23:00:00Z,1.36828,1.36850,1.36781,1.36828,1485
2025-06-29T23:30:00Z,1.36829,1.36834,1.36789,1.36815,826
2025-06-30T00:00:00Z,1.36815,1.36886,1.36806,1.36877,1897
2025-06-30T00:30:00Z,1.36878,1.36992,1.36877,1.36936,2627
2025-06-30T01:00:00Z,1.36936,1.36951,1.36833,1.36848,2872
2025-06-30T01:30:00Z,1.36847,1.36943,1.36834,1.36932,3439
2025-06-30T02:00:00Z,1.36933,1.36939,1.36567,1.36669,4819
2025-06-30T02:30:00Z,1.36670,1.36726,1.36667,1.36716,2763
2025-06-30T03:00:00Z,1.36716,1.36729,1.36675,1.36727,1880
2025-06-30T03:30:00Z,1.36727,1.36795,1.36719,1.36793,1654
2025-06-30T04:00:00Z,1.36792,1.36798,1.36763,1.36792,1606
2025-06-30T04:30:00Z,1.36790,1.36812,1.36701,1.36717,1810
2025-06-30T05:00:00Z,1.36719,1.36720,1.36616,1.36636,2065
2025-06-30T05:30:00Z,1.36634,1.36652,1.36558,1.36577,2554
2025-06-30T06:00:00Z,1.36580,1.36651,1.36565,1.36586,3261
2025-06-30T06:30:00Z,1.36586,1.36626,1.36536,1.36548,3265
2025-06-30T07:00:00Z,1.36547,1.36648,1.36530,1.36630,3393
2025-06-30T07:30:00Z,1.36628,1.36750,1.36608,1.36730,2454
2025-06-30T08:00:00Z,1.36731,1.36769,1.36720,1.36752,2184
2025-06-30T08:30:00Z,1.36752,1.36794,1.36716,1.36750,1923
2025-06-30T09:00:00Z,1.36749,1.36765,1.36669,1.36711,1817
2025-06-30T09:30:00Z,1.36712,1.36802,1.36710,1.36791,2082
2025-06-30T10:00:00Z,1.36789,1.36820,1.36730,1.36737,1542
2025-06-30T10:30:00Z,1.36737,1.36767,1.36707,1.36713,1489
2025-06-30T11:00:00Z,1.36712,1.36723,1.36668,1.36700,3113
2025-06-30T11:30:00Z,1.36701,1.36705,1.36645,1.36676,2076
2025-06-30T12:00:00Z,1.36676,1.36758,1.36658,1.36706,3405
2025-06-30T12:30:00Z,1.36706,1.36713,1.36577,1.36656,4324
2025-06-30T13:00:00Z,1.36656,1.36739,1.36639,1.36722,3098
2025-06-30T13:30:00Z,1.36720,1.36768,1.36653,1.36692,4367
2025-06-30T14:00:00Z,1.36694,1.36778,1.36474,1.36511,5930
2025-06-30T14:30:00Z,1.36513,1.36521,1.36384,1.36448,8581
2025-06-30T15:00:00Z,1.36450,1.36466,1.36318,1.36390,5343
2025-06-30T15:30:00Z,1.36387,1.36387,1.36171,1.36194,5091
2025-06-30T16:00:00Z,1.36194,1.36379,1.36194,1.36322,2670
2025-06-30T16:30:00Z,1.36322,1.36357,1.36249,1.36260,3082
2025-06-30T17:00:00Z,1.36260,1.36348,1.36224,1.36340,2656
2025-06-30T17:30:00Z,1.36339,1.36434,1.36321,1.36405,2568
2025-06-30T18:00:00Z,1.36406,1.36412,1.36262,1.36273,3104
2025-06-30T18:30:00Z,1.36275,1.36312,1.36215,1.36245,2614
2025-06-30T19:00:00Z,1.36244,1.36290,1.36221,1.36248,3035
2025-06-30T19:30:00Z,1.36245,1.36273,1.36159,1.36210,2518
2025-06-30T20:00:00Z,1.36210,1.36239,1.36116,1.36135,1785
2025-06-30T20:30:00Z,1.36134,1.36135,1.35996,1.36028,2745
2025-06-30T21:00:00Z,1.36027,1.36051,1.36006,1.36043,209
2025-06-30T21:30:00Z,1.36043,1.36072,1.36023,1.36055,1662
2025-06-30T22:00:00Z,1.36054,1.36090,1.36031,1.36057,693
2025-06-30T22:30:00Z,1.36057,1.36079,1.36053,1.36067,813
2025-06-30T23:00:00Z,1.36067,1.36074,1.36038,1.36064,1045
2025-06-30T23:30:00Z,1.36063,1.36067,1.36037,1.36059,1096
2025-07-01T00:00:00Z,1.36061,1.36079,1.36023,1.36056,1609
2025-07-01T00:30:00Z,1.36055,1.36068,1.36026,1.36029,1206
2025-07-01T01:00:00Z,1.36030,1.36089,1.36029,1.36082,2180
2025-07-01T01:30:00Z,1.36082,1.36161,1.36082,1.36160,1365
2025-07-01T02:00:00Z,1.36158,1.36180,1.36115,1.36134,1806
2025-07-01T02:30:00Z,1.36135,1.36143,1.36096,1.36112,2067
2025-07-01T03:00:00Z,1.36111,1.36128,1.36079,1.36109,1463
2025-07-01T03:30:00Z,1.36108,1.36124,1.36061,1.36104,1626
2025-07-01T04:00:00Z,1.36105,1.36108,1.36020,1.36038,1704
2025-07-01T04:30:00Z,1.36038,1.36089,1.36033,1.36063,1073
2025-07-01T05:00:00Z,1.36063,1.36074,1.36032,1.36041,1090
2025-07-01T05:30:00Z,1.36041,1.36091,1.36031,1.36064,1661
2025-07-01T06:00:00Z,1.36063,1.36111,1.36053,1.36060,1721
2025-07-01T06:30:00Z,1.36063,1.36081,1.36032,1.36044,1546
2025-07-01T07:00:00Z,1.36044,1.36103,1.36022,1.36049,2374
2025-07-01T07:30:00Z,1.36050,1.36060,1.35980,1.35982,3002
2025-07-01T08:00:00Z,1.35984,1.36045,1.35957,1.35977,2737
2025-07-01T08:30:00Z,1.35976,1.36006,1.35923,1.35980,2312
2025-07-01T09:00:00Z,1.35979,1.36042,1.35955,1.35975,2402
2025-07-01T09:30:00Z,1.35974,1.36000,1.35905,1.35965,3223
2025-07-01T10:00:00Z,1.35965,1.36028,1.35924,1.36009,2666
2025-07-01T10:30:00Z,1.36006,1.36036,1.35975,1.36033,1984
2025-07-01T11:00:00Z,1.36033,1.36111,1.36032,1.36070,2485
2025-07-01T11:30:00Z,1.36073,1.36099,1.36023,1.36068,2458
2025-07-01T12:00:00Z,1.36068,1.36253,1.36058,1.36249,3030
2025-07-01T12:30:00Z,1.36247,1.36268,1.36203,1.36265,3476
2025-07-01T13:00:00Z,1.36265,1.36297,1.36221,1.36276,3006
2025-07-01T13:30:00Z,1.36276,1.36412,1.36264,1.36350,4127
2025-07-01T14:00:00Z,1.36357,1.36478,1.36326,1.36357,5977
2025-07-01T14:30:00Z,1.36358,1.36603,1.36300,1.36556,5255
2025-07-01T15:00:00Z,1.36556,1.36658,1.36532,1.36614,3452
2025-07-01T15:30:00Z,1.36616,1.36648,1.36568,1.36590,2182
2025-07-01T16:00:00Z,1.36591,1.36666,1.36582,1.36632,2064
2025-07-01T16:30:00Z,1.36632,1.36635,1.36549,1.36600,1574
2025-07-01T17:00:00Z,1.36598,1.36633,1.36523,1.36534,1844
2025-07-01T17:30:00Z,1.36533,1.36535,1.36488,1.36491,1624
2025-07-01T18:00:00Z,1.36491,1.36551,1.36475,1.36546,1772
2025-07-01T18:30:00Z,1.36547,1.36557,1.36495,1.36513,1312
2025-07-01T19:00:00Z,1.36514,1.36556,1.36473,1.36488,2505
2025-07-01T19:30:00Z,1.36488,1.36509,1.36448,1.36455,2565
2025-07-01T20:00:00Z,1.36454,1.36485,1.36416,1.36419,1081
2025-07-01T20:30:00Z,1.36421,1.36465,1.36413,1.36446,1005
2025-07-01T21:00:00Z,1.36440,1.36440,1.36406,1.36431,158
2025-07-01T21:30:00Z,1.36433,1.36443,1.36424,1.36431,295
2025-07-01T22:00:00Z,1.36444,1.36479,1.36421,1.36457,1005
2025-07-01T22:30:00Z,1.36459,1.36459,1.36440,1.36448,680
2025-07-01T23:00:00Z,1.36446,1.36471,1.36445,1.36449,910
2025-07-01T23:30:00Z,1.36448,1.36461,1.36427,1.36441,950
2025-07-02T00:00:00Z,1.36442,1.36450,1.36405,1.36430,1985
2025-07-02T00:30:00Z,1.36429,1.36438,1.36394,1.36397,1511
2025-07-02T01:00:00Z,1.36397,1.36419,1.36377,1.36381,2103
2025-07-02T01:30:00Z,1.36381,1.36497,1.36380,1.36482,2642
2025-07-02T02:00:00Z,1.36481,1.36520,1.36479,1.36494,1893
2025-07-02T02:30:00Z,1.36495,1.36495,1.36451,1.36457,1518
2025-07-02T03:00:00Z,1.36457,1.36490,1.36453,1.36470,1561
2025-07-02T03:30:00Z,1.36470,1.36478,1.36460,1.36465,1416
2025-07-02T04:00:00Z,1.36470,1.36488,1.36444,1.36453,1396
2025-07-02T04:30:00Z,1.36453,1.36482,1.36441,1.36476,1296
2025-07-02T05:00:00Z,1.36478,1.36540,1.36467,1.36526,1451
2025-07-02T05:30:00Z,1.36525,1.36548,1.36484,1.36518,1829
2025-07-02T06:00:00Z,1.36520,1.36528,1.36478,1.36518,1983
2025-07-02T06:30:00Z,1.36518,1.36583,1.36501,1.36525,1928
2025-07-02T07:00:00Z,1.36525,1.36539,1.36435,1.36493,3020
2025-07-02T07:30:00Z,1.36494,1.36511,1.36453,1.36498,2508
2025-07-02T08:00:00Z,1.36497,1.36527,1.36475,1.36520,2078
2025-07-02T08:30:00Z,1.36519,1.36530,1.36461,1.36500,2104
2025-07-02T09:00:00Z,1.36497,1.36536,1.36478,1.36531,2611
2025-07-02T09:30:00Z,1.36530,1.36536,1.36493,1.36507,2093
2025-07-02T10:00:00Z,1.36506,1.36522,1.36457,1.36457,1829
2025-07-02T10:30:00Z,1.36458,1.36474,1.36405,1.36453,2018
2025-07-02T11:00:00Z,1.36450,1.36482,1.36351,1.36392,2009
2025-07-02T11:30:00Z,1.36393,1.36489,1.36381,1.36461,2257
2025-07-02T12:00:00Z,1.36461,1.36524,1.36299,1.36330,5636
2025-07-02T12:30:00Z,1.36329,1.36567,1.36326,1.36498,6447
2025-07-02T13:00:00Z,1.36501,1.36508,1.36322,1.36412,6258
2025-07-02T13:30:00Z,1.36412,1.36529,1.36371,1.36488,8100
2025-07-02T14:00:00Z,1.36488,1.36543,1.36398,1.36434,6567
2025-07-02T14:30:00Z,1.36434,1.36455,1.36355,1.36369,6106
2025-07-02T15:00:00Z,1.36370,1.36420,1.36280,1.36308,3572
2025-07-02T15:30:00Z,1.36307,1.36342,1.36208,1.36208,3576
2025-07-02T16:00:00Z,1.36210,1.36250,1.36167,1.36178,3263
2025-07-02T16:30:00Z,1.36180,1.36181,1.36049,1.36060,3267
2025-07-02T17:00:00Z,1.36062,1.36065,1.35947,1.36019,2837
2025-07-02T17:30:00Z,1.36019,1.36023,1.35957,1.35970,1847
2025-07-02T18:00:00Z,1.35970,1.35991,1.35932,1.35933,2537
2025-07-02T18:30:00Z,1.35934,1.35979,1.35899,1.35954,2577
2025-07-02T19:00:00Z,1.35953,1.35980,1.35911,1.35935,2181
2025-07-02T19:30:00Z,1.35945,1.35979,1.35881,1.35884,2399
2025-07-02T20:00:00Z,1.35883,1.35937,1.35836,1.35839,844
2025-07-02T20:30:00Z,1.35838,1.35929,1.35831,1.35862,1561
2025-07-02T21:00:00Z,1.35862,1.35889,1.35795,1.35860,177
2025-07-02T21:30:00Z,1.35861,1.35882,1.35844,1.35876,269
2025-07-02T22:00:00Z,1.35876,1.35881,1.35843,1.35855,809
2025-07-02T22:30:00Z,1.35855,1.35869,1.35851,1.35855,1068
2025-07-02T23:00:00Z,1.35854,1.35869,1.35854,1.35867,643
2025-07-02T23:30:00Z,1.35865,1.35879,1.35855,1.35877,579
2025-07-03T00:00:00Z,1.35878,1.35879,1.35797,1.35837,895
2025-07-03T00:30:00Z,1.35837,1.35856,1.35798,1.35814,1153
2025-07-03T01:00:00Z,1.35814,1.35852,1.35786,1.35792,2078
2025-07-03T01:30:00Z,1.35793,1.35848,1.35792,1.35821,1894
2025-07-03T02:00:00Z,1.35821,1.35923,1.35820,1.35918,1393
2025-07-03T02:30:00Z,1.35916,1.35930,1.35876,1.35896,1276
2025-07-03T03:00:00Z,1.35895,1.35930,1.35880,1.35923,1360
2025-07-03T03:30:00Z,1.35923,1.35950,1.35912,1.35941,1810
2025-07-03T04:00:00Z,1.35942,1.35953,1.35913,1.35942,882
2025-07-03T04:30:00Z,1.35943,1.35977,1.35934,1.35967,605
2025-07-03T05:00:00Z,1.35967,1.36001,1.35966,1.35990,739
2025-07-03T05:30:00Z,1.35989,1.36004,1.35954,1.35996,1288
2025-07-03T06:00:00Z,1.35994,1.35994,1.35905,1.35961,2218
2025-07-03T06:30:00Z,1.35960,1.36006,1.35931,1.35940,2165
2025-07-03T07:00:00Z,1.35941,1.35958,1.35911,1.35912,3009
2025-07-03T07:30:00Z,1.35913,1.35932,1.35864,1.35921,2848
2025-07-03T08:00:00Z,1.35921,1.35924,1.35855,1.35893,3098
2025-07-03T08:30:00Z,1.35892,1.35927,1.35872,1.35873,2577
2025-07-03T09:00:00Z,1.35872,1.35914,1.35869,1.35913,1794
2025-07-03T09:30:00Z,1.35913,1.35950,1.35906,1.35910,1401
2025-07-03T10:00:00Z,1.35909,1.35929,1.35860,1.35863,2140
2025-07-03T10:30:00Z,1.35861,1.35885,1.35849,1.35867,1311
2025-07-03T11:00:00Z,1.35869,1.35882,1.35780,1.35786,1562
2025-07-03T11:30:00Z,1.35787,1.35902,1.35787,1.35895,1363
2025-07-03T12:00:00Z,1.35896,1.35904,1.35851,1.35862,2186
2025-07-03T12:30:00Z,1.35863,1.36234,1.35859,1.36161,10426
2025-07-03T13:00:00Z,1.36163,1.36193,1.35882,1.35883,6752
2025-07-03T13:30:00Z,1.35883,1.35899,1.35739,1.35765,5578
2025-07-03T14:00:00Z,1.35763,1.35847,1.35689,1.35729,6798
2025-07-03T14:30:00Z,1.35729,1.35886,1.35708,1.35819,6986
2025-07-03T15:00:00Z,1.35820,1.35873,1.35653,1.35657,5924
2025-07-03T15:30:00Z,1.35657,1.35660,1.35558,1.35595,4113
2025-07-03T16:00:00Z,1.35593,1.35679,1.35579,1.35674,3241
2025-07-03T16:30:00Z,1.35673,1.35720,1.35599,1.35608,1496
2025-07-03T17:00:00Z,1.35607,1.35618,1.35570,1.35594,876
2025-07-03T17:30:00Z,1.35599,1.35649,1.35596,1.35648,358
2025-07-03T18:00:00Z,1.35648,1.35658,1.35623,1.35636,694
2025-07-03T18:30:00Z,1.35636,1.35646,1.35616,1.35645,645
2025-07-03T19:00:00Z,1.35645,1.35696,1.35612,1.35663,706
2025-07-03T19:30:00Z,1.35665,1.35889,1.35665,1.35808,633
2025-07-03T20:00:00Z,1.35810,1.35881,1.35789,1.35836,1354
2025-07-03T20:30:00Z,1.35837,1.35844,1.35777,1.35813,1010
2025-07-03T21:00:00Z,1.35803,1.35840,1.35722,1.35824,213
2025-07-03T21:30:00Z,1.35824,1.35870,1.35815,1.35863,10906
2025-07-03T22:00:00Z,1.35866,1.35868,1.35843,1.35844,445
2025-07-03T22:30:00Z,1.35843,1.35849,1.35833,1.35833,590
2025-07-03T23:00:00Z,1.35833,1.35833,1.35813,1.35815,847
2025-07-03T23:30:00Z,1.35814,1.35815,1.35732,1.35744,1167
2025-07-04T00:00:00Z,1.35744,1.35772,1.35719,1.35723,1762
2025-07-04T00:30:00Z,1.35724,1.35745,1.35699,1.35725,1006
2025-07-04T01:00:00Z,1.35723,1.35791,1.35718,1.35763,1844
2025-07-04T01:30:00Z,1.35763,1.35795,1.35735,1.35782,1571
2025-07-04T02:00:00Z,1.35783,1.35807,1.35772,1.35778,2151
2025-07-04T02:30:00Z,1.35777,1.35790,1.35762,1.35790,1471
2025-07-04T03:00:00Z,1.35790,1.35812,1.35763,1.35769,1008
2025-07-04T03:30:00Z,1.35769,1.35779,1.35761,1.35775,759
2025-07-04T04:00:00Z,1.35776,1.35779,1.35728,1.35764,1590
2025-07-04T04:30:00Z,1.35764,1.35789,1.35740,1.35742,1878
2025-07-04T05:00:00Z,1.35741,1.35744,1.35696,1.35711,1219
2025-07-04T05:30:00Z,1.35714,1.35718,1.35681,1.35704,1037
2025-07-04T06:00:00Z,1.35704,1.35760,1.35676,1.35698,2080
2025-07-04T06:30:00Z,1.35698,1.35718,1.35662,1.35672,1322
2025-07-04T07:00:00Z,1.35673,1.35851,1.35671,1.35851,2014
2025-07-04T07:30:00Z,1.35851,1.35933,1.35826,1.35925,1951
2025-07-04T08:00:00Z,1.35925,1.35956,1.35887,1.35918,1752
2025-07-04T08:30:00Z,1.35916,1.35923,1.35885,1.35910,2056
2025-07-04T09:00:00Z,1.35910,1.35934,1.35884,1.35908,1453
2025-07-04T09:30:00Z,1.35909,1.35909,1.35854,1.35901,1452
2025-07-04T10:00:00Z,1.35901,1.35932,1.35892,1.35917,1177
2025-07-04T10:30:00Z,1.35914,1.35950,1.35899,1.35937,1238
2025-07-04T11:00:00Z,1.35938,1.35945,1.35902,1.35909,998
2025-07-04T11:30:00Z,1.35909,1.35929,1.35889,1.35896,1187
2025-07-04T12:00:00Z,1.35896,1.35943,1.35887,1.35911,1655
2025-07-04T12:30:00Z,1.35910,1.36042,1.35907,1.36039,2040
2025-07-04T13:00:00Z,1.36041,1.36087,1.35989,1.36084,1628
2025-07-04T13:30:00Z,1.36083,1.36084,1.35999,1.36026,2202
2025-07-04T14:00:00Z,1.36028,1.36058,1.35984,1.36017,2047
2025-07-04T14:30:00Z,1.36018,1.36114,1.36012,1.36093,2050
2025-07-04T15:00:00Z,1.36092,1.36121,1.36061,1.36064,2002
2025-07-04T15:30:00Z,1.36060,1.36068,1.36033,1.36043,1183
2025-07-04T16:00:00Z,1.36043,1.36066,1.36023,1.36027,1328
2025-07-04T16:30:00Z,1.36026,1.36097,1.36023,1.36074,737
2025-07-04T17:00:00Z,1.36076,1.36165,1.36074,1.36145,5315
2025-07-04T17:30:00Z,1.36145,1.36151,1.36093,1.36126,5729
2025-07-04T18:00:00Z,1.36126,1.36140,1.36051,1.36076,4745
2025-07-04T18:30:00Z,1.36075,1.36077,1.36010,1.36030,7216
2025-07-04T19:00:00Z,1.36032,1.36046,1.36016,1.36020,6236
2025-07-04T19:30:00Z,1.36021,1.36079,1.36015,1.36069,8235
2025-07-04T20:00:00Z,1.36069,1.36072,1.36020,1.36040,12168
2025-07-04T20:30:00Z,1.36041,1.36058,1.35893,1.35893,8393
2025-07-06T21:00:00Z,1.35822,1.36020,1.35815,1.35897,219
2025-07-06T21:30:00Z,1.35924,1.35982,1.35909,1.35955,700
2025-07-06T22:00:00Z,1.35963,1.36052,1.35948,1.36037,965
2025-07-06T22:30:00Z,1.36038,1.36077,1.36035,1.36040,669
2025-07-06T23:00:00Z,1.36039,1.36044,1.36009,1.36032,1041
2025-07-06T23:30:00Z,1.36033,1.36062,1.36024,1.36031,770
2025-07-07T00:00:00Z,1.36029,1.36052,1.35968,1.36032,3300
2025-07-07T00:30:00Z,1.36031,1.36086,1.36014,1.36079,2831
2025-07-07T01:00:00Z,1.36078,1.36150,1.36078,1.36125,4353
2025-07-07T01:30:00Z,1.36126,1.36158,1.36104,1.36143,2374
2025-07-07T02:00:00Z,1.36141,1.36160,1.36118,1.36158,2484
2025-07-07T02:30:00Z,1.36157,1.36231,1.36157,1.36209,2833
2025-07-07T03:00:00Z,1.36209,1.36280,1.36205,1.36212,2569
2025-07-07T03:30:00Z,1.36211,1.36279,1.36208,1.36254,2933
2025-07-07T04:00:00Z,1.36251,1.36295,1.36244,1.36283,2231
2025-07-07T04:30:00Z,1.36287,1.36344,1.36269,1.36339,1675
2025-07-07T05:00:00Z,1.36340,1.36398,1.36340,1.36377,2353
2025-07-07T05:30:00Z,1.36376,1.36382,1.36322,1.36346,1980
2025-07-07T06:00:00Z,1.36346,1.36435,1.36300,1.36419,2598
2025-07-07T06:30:00Z,1.36419,1.36466,1.36412,1.36450,2301
2025-07-07T07:00:00Z,1.36448,1.36549,1.36437,1.36549,2061
2025-07-07T07:30:00Z,1.36550,1.36659,1.36515,1.36659,1373
2025-07-07T08:00:00Z,1.36659,1.36743,1.36646,1.36731,2860
2025-07-07T08:30:00Z,1.36729,1.36844,1.36681,1.36822,2925
2025-07-07T09:00:00Z,1.36822,1.36851,1.36785,1.36806,3416
2025-07-07T09:30:00Z,1.36806,1.36808,1.36729,1.36740,3257
2025-07-07T10:00:00Z,1.36739,1.36761,1.36648,1.36679,1952
2025-07-07T10:30:00Z,1.36678,1.36705,1.36600,1.36638,2440
2025-07-07T11:00:00Z,1.36638,1.36652,1.36595,1.36632,2310
2025-07-07T11:30:00Z,1.36631,1.36636,1.36514,1.36546,2974
2025-07-07T12:00:00Z,1.36546,1.36593,1.36465,1.36552,2570
2025-07-07T12:30:00Z,1.36557,1.36582,1.36472,1.36474,2229
2025-07-07T13:00:00Z,1.36472,1.36489,1.36349,1.36395,3759
2025-07-07T13:30:00Z,1.36395,1.36447,1.36359,1.36401,3903
2025-07-07T14:00:00Z,1.36398,1.36409,1.36305,1.36380,4727
2025-07-07T14:30:00Z,1.36382,1.36463,1.36318,1.36424,4323
2025-07-07T15:00:00Z,1.36426,1.36516,1.36420,1.36473,3542
2025-07-07T15:30:00Z,1.36477,1.36516,1.36448,1.36457,2399
2025-07-07T16:00:00Z,1.36457,1.36648,1.36438,1.36543,4600
2025-07-07T16:30:00Z,1.36544,1.36735,1.36527,1.36713,3379
2025-07-07T17:00:00Z,1.36712,1.36771,1.36645,1.36718,2475
2025-07-07T17:30:00Z,1.36716,1.36741,1.36600,1.36730,3852
2025-07-07T18:00:00Z,1.36730,1.36831,1.36685,1.36796,3246
2025-07-07T18:30:00Z,1.36799,1.36824,1.36607,1.36617,2242
2025-07-07T19:00:00Z,1.36614,1.36688,1.36587,1.36653,1569
2025-07-07T19:30:00Z,1.36652,1.36666,1.36598,1.36660,1766
2025-07-07T20:00:00Z,1.36659,1.36715,1.36655,1.36704,749
2025-07-07T20:30:00Z,1.36705,1.36828,1.36703,1.36813,1426
2025-07-07T21:00:00Z,1.36803,1.36803,1.36708,1.36784,156
2025-07-07T21:30:00Z,1.36780,1.36798,1.36742,1.36785,443
2025-07-07T22:00:00Z,1.36792,1.36794,1.36748,1.36753,363
2025-07-07T22:30:00Z,1.36753,1.36754,1.36681,1.36698,1061
2025-07-07T23:00:00Z,1.36696,1.36708,1.36667,1.36669,945
2025-07-07T23:30:00Z,1.36668,1.36680,1.36638,1.36647,1174
2025-07-08T00:00:00Z,1.36647,1.36653,1.36613,1.36640,2493
2025-07-08T00:30:00Z,1.36640,1.36649,1.36548,1.36552,2196
2025-07-08T01:00:00Z,1.36553,1.36640,1.36535,1.36618,3388
2025-07-08T01:30:00Z,1.36619,1.36637,1.36582,1.36601,2758
2025-07-08T02:00:00Z,1.36600,1.36613,1.36513,1.36513,1916
2025-07-08T02:30:00Z,1.36513,1.36544,1.36486,1.36531,1179
2025-07-08T03:00:00Z,1.36529,1.36545,1.36485,1.36486,1671
2025-07-08T03:30:00Z,1.36486,1.36508,1.36466,1.36497,1573
2025-07-08T04:00:00Z,1.36498,1.36518,1.36485,1.36503,1493
2025-07-08T04:30:00Z,1.36505,1.36528,1.36377,1.36522,4200
2025-07-08T05:00:00Z,1.36522,1.36571,1.36508,1.36543,2735
2025-07-08T05:30:00Z,1.36542,1.36618,1.36529,1.36541,2410
2025-07-08T06:00:00Z,1.36542,1.36562,1.36507,1.36516,2131
2025-07-08T06:30:00Z,1.36514,1.36578,1.36487,1.36548,3143
2025-07-08T07:00:00Z,1.36547,1.36547,1.36429,1.36446,3381
2025-07-08T07:30:00Z,1.36447,1.36455,1.36380,1.36383,3057
2025-07-08T08:00:00Z,1.36384,1.36466,1.36380,1.36437,3668
2025-07-08T08:30:00Z,1.36438,1.36481,1.36432,1.36455,2387
2025-07-08T09:00:00Z,1.36454,1.36471,1.36440,1.36449,2263
2025-07-08T09:30:00Z,1.36449,1.36516,1.36438,1.36498,2095
2025-07-08T10:00:00Z,1.36497,1.36524,1.36485,1.36508,2135
2025-07-08T10:30:00Z,1.36509,1.36564,1.36500,1.36553,1795
2025-07-08T11:00:00Z,1.36552,1.36554,1.36441,1.36469,2485
2025-07-08T11:30:00Z,1.36470,1.36566,1.36468,1.36564,1262
2025-07-08T12:00:00Z,1.36567,1.36612,1.36529,1.36530,3354
2025-07-08T12:30:00Z,1.36530,1.36622,1.36504,1.36564,4248
2025-07-08T13:00:00Z,1.36564,1.36702,1.36552,1.36699,4203
2025-07-08T13:30:00Z,1.36699,1.36771,1.36687,1.36720,6135
2025-07-08T14:00:00Z,1.36720,1.36890,1.36711,1.36796,5344
2025-07-08T14:30:00Z,1.36795,1.36893,1.36779,1.36848,6327
2025-07-08T15:00:00Z,1.36847,1.36870,1.36744,1.36825,5198
2025-07-08T15:30:00Z,1.36825,1.36849,1.36711,1.36727,3747
2025-07-08T16:00:00Z,1.36727,1.36786,1.36719,1.36766,3628
2025-07-08T16:30:00Z,1.36765,1.36939,1.36760,1.36802,6662
2025-07-08T17:00:00Z,1.36803,1.36871,1.36734,1.36816,5497
2025-07-08T17:30:00Z,1.36815,1.36901,1.36786,1.36841,4132
2025-07-08T18:00:00Z,1.36840,1.36844,1.36750,1.36823,2642
2025-07-08T18:30:00Z,1.36824,1.36866,1.36729,1.36768,2532
2025-07-08T19:00:00Z,1.36768,1.36797,1.36746,1.36779,2492
2025-07-08T19:30:00Z,1.36780,1.36843,1.36775,1.36833,2497
2025-07-08T20:00:00Z,1.36834,1.36836,1.36653,1.36656,1874
2025-07-08T20:30:00Z,1.36656,1.36677,1.36581,1.36582,1476
2025-07-08T21:00:00Z,1.36562,1.36648,1.36524,1.36620,438
2025-07-08T21:30:00Z,1.36647,1.36647,1.36597,1.36597,296
2025-07-08T22:00:00Z,1.36595,1.36651,1.36589,1.36639,891
2025-07-08T22:30:00Z,1.36639,1.36648,1.36618,1.36647,533
2025-07-08T23:00:00Z,1.36646,1.36649,1.36626,1.36636,801
2025-07-08T23:30:00Z,1.36636,1.36698,1.36636,1.36686,1261
2025-07-09T00:00:00Z,1.36685,1.36772,1.36680,1.36732,2125
2025-07-09T00:30:00Z,1.36733,1.36764,1.36709,1.36735,2076
2025-07-09T01:00:00Z,1.36735,1.36761,1.36692,1.36733,3362
2025-07-09T01:30:00Z,1.36733,1.36771,1.36705,1.36728,2416
2025-07-09T02:00:00Z,1.36730,1.36743,1.36685,1.36730,3075
2025-07-09T02:30:00Z,1.36730,1.36847,1.36729,1.36806,2290
2025-07-09T03:00:00Z,1.36809,1.36873,1.36808,1.36855,2274
2025-07-09T03:30:00Z,1.36855,1.36873,1.36840,1.36870,1862
2025-07-09T04:00:00Z,1.36872,1.36888,1.36842,1.36844,2308
2025-07-09T04:30:00Z,1.36844,1.36847,1.36768,1.36789,2606
2025-07-09T05:00:00Z,1.36787,1.36788,1.36731,1.36749,1483
2025-07-09T05:30:00Z,1.36750,1.36758,1.36698,1.36733,2165
2025-07-09T06:00:00Z,1.36733,1.36796,1.36726,1.36782,2042
2025-07-09T06:30:00Z,1.36778,1.36802,1.36650,1.36672,2521
2025-07-09T07:00:00Z,1.36672,1.36738,1.36666,1.36733,2631
2025-07-09T07:30:00Z,1.36733,1.36925,1.36733,1.36881,3607
2025-07-09T08:00:00Z,1.36886,1.36935,1.36848,1.36855,2777
2025-07-09T08:30:00Z,1.36854,1.36871,1.36801,1.36847,2275
2025-07-09T09:00:00Z,1.36846,1.36868,1.36825,1.36846,1977
2025-07-09T09:30:00Z,1.36847,1.36867,1.36834,1.36838,1876
2025-07-09T10:00:00Z,1.36836,1.36850,1.36813,1.36843,1792
2025-07-09T10:30:00Z,1.36843,1.36956,1.36842,1.36953,1817
2025-07-09T11:00:00Z,1.36955,1.36980,1.36929,1.36964,1518
2025-07-09T11:30:00Z,1.36964,1.37091,1.36946,1.37084,1431
2025-07-09T12:00:00Z,1.37085,1.37098,1.36932,1.36986,3206
2025-07-09T12:30:00Z,1.36987,1.37012,1.36873,1.36886,3469
2025-07-09T13:00:00Z,1.36885,1.36903,1.36806,1.36845,3776
2025-07-09T13:30:00Z,1.36844,1.36942,1.36801,1.36834,4746
2025-07-09T14:00:00Z,1.36835,1.36928,1.36759,1.36853,4636
2025-07-09T14:30:00Z,1.36851,1.36985,1.36840,1.36960,3479
2025-07-09T15:00:00Z,1.36960,1.37045,1.36919,1.37016,3043
2025-07-09T15:30:00Z,1.37015,1.37038,1.36941,1.36948,2581
2025-07-09T16:00:00Z,1.36946,1.36995,1.36938,1.36954,1789
2025-07-09T16:30:00Z,1.36954,1.36959,1.36933,1.36949,1557
2025-07-09T17:00:00Z,1.36950,1.36959,1.36878,1.36909,1772
2025-07-09T17:30:00Z,1.36910,1.36962,1.36907,1.36926,1482
2025-07-09T18:00:00Z,1.36927,1.36942,1.36864,1.36898,1552
2025-07-09T18:30:00Z,1.36899,1.36950,1.36898,1.36940,1441
2025-07-09T19:00:00Z,1.36940,1.36954,1.36889,1.36894,1800
2025-07-09T19:30:00Z,1.36894,1.36907,1.36856,1.36860,1742
2025-07-09T20:00:00Z,1.36859,1.36962,1.36842,1.36949,864
2025-07-09T20:30:00Z,1.36949,1.36974,1.36832,1.36833,1422
2025-07-09T21:00:00Z,1.36829,1.36945,1.36785,1.36838,404
2025-07-09T21:30:00Z,1.36839,1.36868,1.36817,1.36817,590
2025-07-09T22:00:00Z,1.36822,1.36852,1.36810,1.36845,550
2025-07-09T22:30:00Z,1.36845,1.36861,1.36831,1.36841,455
2025-07-09T23:00:00Z,1.36842,1.36878,1.36840,1.36844,1137
2025-07-09T23:30:00Z,1.36844,1.36870,1.36844,1.36855,652
2025-07-10T00:00:00Z,1.36856,1.36881,1.36759,1.36768,1780
2025-07-10T00:30:00Z,1.36768,1.36775,1.36733,1.36771,1857
2025-07-10T01:00:00Z,1.36772,1.36809,1.36771,1.36807,2357
2025-07-10T01:30:00Z,1.36807,1.36829,1.36769,1.36803,1947
2025-07-10T02:00:00Z,1.36803,1.36804,1.36761,1.36798,1698
2025-07-10T02:30:00Z,1.36798,1.36821,1.36764,1.36795,1489
2025-07-10T03:00:00Z,1.36796,1.36822,1.36780,1.36802,803
2025-07-10T03:30:00Z,1.36802,1.36818,1.36791,1.36809,893
2025-07-10T04:00:00Z,1.36811,1.36857,1.36811,1.36852,866
2025-07-10T04:30:00Z,1.36853,1.36861,1.36807,1.36815,1646
2025-07-10T05:00:00Z,1.36813,1.36835,1.36799,1.36824,1716
2025-07-10T05:30:00Z,1.36824,1.36859,1.36779,1.36853,2775
2025-07-10T06:00:00Z,1.36855,1.36859,1.36684,1.36696,2366
2025-07-10T06:30:00Z,1.36696,1.36751,1.36666,1.36669,2323
2025-07-10T07:00:00Z,1.36667,1.36698,1.36632,1.36648,2124
2025-07-10T07:30:00Z,1.36647,1.36730,1.36637,1.36712,1707
2025-07-10T08:00:00Z,1.36710,1.36743,1.36686,1.36737,1221
2025-07-10T08:30:00Z,1.36738,1.36783,1.36737,1.36766,729
2025-07-10T09:00:00Z,1.36766,1.36776,1.36680,1.36717,1362
2025-07-10T09:30:00Z,1.36716,1.36784,1.36709,1.36778,1027
2025-07-10T10:00:00Z,1.36778,1.36800,1.36769,1.36773,1641
2025-07-10T10:30:00Z,1.36773,1.36781,1.36712,1.36722,1798
2025-07-10T11:00:00Z,1.36721,1.36774,1.36714,1.36737,2154
2025-07-10T11:30:00Z,1.36738,1.36885,1.36734,1.36868,2020
2025-07-10T12:00:00Z,1.36868,1.36899,1.36840,1.36868,3993
2025-07-10T12:30:00Z,1.36873,1.36944,1.36870,1.36912,2519
2025-07-10T13:00:00Z,1.36913,1.36967,1.36851,1.36958,3483
2025-07-10T13:30:00Z,1.36959,1.37080,1.36942,1.36967,4179
2025-07-10T14:00:00Z,1.36966,1.37045,1.36924,1.37009,5453
2025-07-10T14:30:00Z,1.37010,1.37012,1.36892,1.36904,5027
2025-07-10T15:00:00Z,1.36905,1.36905,1.36809,1.36849,3538
2025-07-10T15:30:00Z,1.36848,1.36886,1.36803,1.36830,1997
2025-07-10T16:00:00Z,1.36829,1.36846,1.36713,1.36742,3538
2025-07-10T16:30:00Z,1.36742,1.36852,1.36742,1.36828,2179
2025-07-10T17:00:00Z,1.36832,1.36833,1.36762,1.36780,1671
2025-07-10T17:30:00Z,1.36780,1.36792,1.36751,1.36767,1404
2025-07-10T18:00:00Z,1.36766,1.36768,1.36724,1.36737,1969
2025-07-10T18:30:00Z,1.36738,1.36738,1.36690,1.36717,1399
2025-07-10T19:00:00Z,1.36718,1.36728,1.36654,1.36684,2015
2025-07-10T19:30:00Z,1.36682,1.36689,1.36637,1.36639,2312
2025-07-10T20:00:00Z,1.36639,1.36655,1.36568,1.36573,850
2025-07-10T20:30:00Z,1.36571,1.36579,1.36530,1.36537,1180
2025-07-10T21:00:00Z,1.36537,1.36630,1.36522,1.36574,204
2025-07-10T21:30:00Z,1.36574,1.36587,1.36525,1.36548,270
2025-07-10T22:00:00Z,1.36558,1.36565,1.36523,1.36537,413
2025-07-10T22:30:00Z,1.36537,1.36544,1.36533,1.36534,341
2025-07-10T23:00:00Z,1.36534,1.36561,1.36529,1.36537,401
2025-07-10T23:30:00Z,1.36538,1.36564,1.36527,1.36550,701
2025-07-11T00:00:00Z,1.36550,1.37302,1.36534,1.37139,6933
2025-07-11T00:30:00Z,1.37137,1.37183,1.36723,1.36907,8936
2025-07-11T01:00:00Z,1.36913,1.37057,1.36852,1.36881,6439
2025-07-11T01:30:00Z,1.36879,1.36958,1.36798,1.36917,3430
2025-07-11T02:00:00Z,1.36917,1.36990,1.36900,1.36977,2426
2025-07-11T02:30:00Z,1.36977,1.37021,1.36955,1.37018,2002
2025-07-11T03:00:00Z,1.37018,1.37030,1.36909,1.36910,2596
2025-07-11T03:30:00Z,1.36910,1.36948,1.36872,1.36905,2165
2025-07-11T04:00:00Z,1.36906,1.36994,1.36906,1.36987,1249
2025-07-11T04:30:00Z,1.36986,1.36999,1.36947,1.36955,965
2025-07-11T05:00:00Z,1.36957,1.36971,1.36913,1.36937,1840
2025-07-11T05:30:00Z,1.36937,1.36965,1.36901,1.36957,1735
2025-07-11T06:00:00Z,1.36956,1.37008,1.36938,1.36969,1953
2025-07-11T06:30:00Z,1.36969,1.36995,1.36921,1.36989,1968
2025-07-11T07:00:00Z,1.36988,1.36988,1.36882,1.36886,2318
2025-07-11T07:30:00Z,1.36886,1.36936,1.36848,1.36914,1798
2025-07-11T08:00:00Z,1.36914,1.37018,1.36911,1.36968,3186
2025-07-11T08:30:00Z,1.36967,1.37051,1.36959,1.37004,3497
2025-07-11T09:00:00Z,1.37004,1.37027,1.36985,1.37024,2581
2025-07-11T09:30:00Z,1.37022,1.37040,1.36953,1.36996,3149
2025-07-11T10:00:00Z,1.36998,1.37000,1.36920,1.36921,2226
2025-07-11T10:30:00Z,1.36921,1.36930,1.36880,1.36908,1828
2025-07-11T11:00:00Z,1.36908,1.36934,1.36872,1.36905,1572
2025-07-11T11:30:00Z,1.36905,1.36966,1.36854,1.36955,1411
2025-07-11T12:00:00Z,1.36957,1.37017,1.36856,1.36861,4542
2025-07-11T12:30:00Z,1.36860,1.36860,1.36513,1.36779,8264
2025-07-11T13:00:00Z,1.36782,1.36886,1.36756,1.36811,5742
2025-07-11T13:30:00Z,1.36809,1.37013,1.36760,1.36983,6163
2025-07-11T14:00:00Z,1.36978,1.37115,1.36936,1.36962,4512
2025-07-11T14:30:00Z,1.36963,1.37008,1.36888,1.36965,3322
2025-07-11T15:00:00Z,1.36966,1.36999,1.36857,1.36874,2504
2025-07-11T15:30:00Z,1.36875,1.36875,1.36782,1.36785,2302
2025-07-11T16:00:00Z,1.36784,1.36913,1.36769,1.36868,2785
2025-07-11T16:30:00Z,1.36868,1.36875,1.36772,1.36801,2177
2025-07-11T17:00:00Z,1.36802,1.36857,1.36781,1.36822,2215
2025-07-11T17:30:00Z,1.36822,1.36834,1.36756,1.36756,1258
2025-07-11T18:00:00Z,1.36757,1.36762,1.36691,1.36734,1759
2025-07-11T18:30:00Z,1.36733,1.36760,1.36695,1.36748,1886
2025-07-11T19:00:00Z,1.36747,1.36776,1.36703,1.36739,1755
2025-07-11T19:30:00Z,1.36739,1.36859,1.36737,1.36839,1684
2025-07-11T20:00:00Z,1.36839,1.36909,1.36763,1.36893,1446
2025-07-11T20:30:00Z,1.36890,1.36953,1.36814,1.36857,4291
2025-07-13T21:00:00Z,1.36973,1.36993,1.36909,1.36941,100
2025-07-13T21:30:00Z,1.36937,1.37003,1.36922,1.36994,833
2025-07-13T22:00:00Z,1.36994,1.37006,1.36910,1.36948,2758
2025-07-13T22:30:00Z,1.36948,1.36972,1.36914,1.36963,1726
2025-07-13T23:00:00Z,1.36964,1.36973,1.36875,1.36886,1490
2025-07-13T23:30:00Z,1.36888,1.36895,1.36846,1.36864,1737
2025-07-14T00:00:00Z,1.36863,1.36870,1.36747,1.36766,2987
2025-07-14T00:30:00Z,1.36765,1.36848,1.36761,1.36830,1768
2025-07-14T01:00:00Z,1.36830,1.36869,1.36796,1.36867,3268
2025-07-14T01:30:00Z,1.36867,1.36921,1.36854,1.36909,2981
2025-07-14T02:00:00Z,1.36908,1.36979,1.36896,1.36965,1652
2025-07-14T02:30:00Z,1.36966,1.37015,1.36966,1.36981,1882
2025-07-14T03:00:00Z,1.36982,1.36991,1.36925,1.36952,1706
2025-07-14T03:30:00Z,1.36953,1.36973,1.36907,1.36925,1912
2025-07-14T04:00:00Z,1.36925,1.36969,1.36925,1.36948,2396
2025-07-14T04:30:00Z,1.36948,1.36979,1.36928,1.36975,2239
2025-07-14T05:00:00Z,1.36977,1.36994,1.36942,1.36954,1857
2025-07-14T05:30:00Z,1.36952,1.37019,1.36945,1.36972,1786
2025-07-14T06:00:00Z,1.36974,1.36980,1.36937,1.36942,1929
2025-07-14T06:30:00Z,1.36941,1.36979,1.36914,1.36936,2066
2025-07-14T07:00:00Z,1.36936,1.36950,1.36878,1.36880,2173
2025-07-14T07:30:00Z,1.36879,1.36896,1.36758,1.36778,2673
2025-07-14T08:00:00Z,1.36779,1.36803,1.36752,1.36788,1984
2025-07-14T08:30:00Z,1.36787,1.36849,1.36777,1.36824,1698
2025-07-14T09:00:00Z,1.36823,1.36854,1.36805,1.36813,1475
2025-07-14T09:30:00Z,1.36815,1.36823,1.36775,1.36797,1745
2025-07-14T10:00:00Z,1.36797,1.36797,1.36725,1.36741,2090
2025-07-14T10:30:00Z,1.36741,1.36764,1.36722,1.36727,848
2025-07-14T11:00:00Z,1.36726,1.36733,1.36696,1.36704,1227
2025-07-14T11:30:00Z,1.36704,1.36761,1.36703,1.36756,1939
2025-07-14T12:00:00Z,1.36755,1.36785,1.36698,1.36779,2382
2025-07-14T12:30:00Z,1.36779,1.36920,1.36778,1.36894,2916
2025-07-14T13:00:00Z,1.36892,1.36980,1.36886,1.36976,2233
2025-07-14T13:30:00Z,1.36975,1.37004,1.36874,1.36907,4025
2025-07-14T14:00:00Z,1.36907,1.36961,1.36849,1.36884,3551
2025-07-14T14:30:00Z,1.36885,1.36914,1.36817,1.36823,5140
2025-07-14T15:00:00Z,1.36823,1.36877,1.36791,1.36833,3250
2025-07-14T15:30:00Z,1.36834,1.36957,1.36710,1.36948,3655
2025-07-14T16:00:00Z,1.36949,1.36964,1.36890,1.36930,3534
2025-07-14T16:30:00Z,1.36932,1.36962,1.36897,1.36929,1825
2025-07-14T17:00:00Z,1.36928,1.37064,1.36903,1.36996,2695
2025-07-14T17:30:00Z,1.36996,1.37078,1.36988,1.37067,1894
2025-07-14T18:00:00Z,1.37065,1.37067,1.37024,1.37027,1194
2025-07-14T18:30:00Z,1.37029,1.37030,1.36960,1.36992,1794
2025-07-14T19:00:00Z,1.36993,1.37000,1.36949,1.36978,1463
2025-07-14T19:30:00Z,1.36978,1.37014,1.36959,1.36974,1884
2025-07-14T20:00:00Z,1.36972,1.37004,1.36946,1.37001,786
2025-07-14T20:30:00Z,1.37003,1.37067,1.37000,1.37034,1134
2025-07-14T21:00:00Z,1.37027,1.37027,1.36873,1.37003,199
2025-07-14T21:30:00Z,1.37004,1.37028,1.36972,1.36972,1143
2025-07-14T22:00:00Z,1.37004,1.37056,1.36989,1.37037,1524
2025-07-14T22:30:00Z,1.37038,1.37043,1.37005,1.37030,1236
2025-07-14T23:00:00Z,1.37031,1.37085,1.37026,1.37068,810
2025-07-14T23:30:00Z,1.37069,1.37081,1.37038,1.37055,1510
2025-07-15T00:00:00Z,1.37054,1.37070,1.36969,1.36974,3213
2025-07-15T00:30:00Z,1.36974,1.37000,1.36971,1.36995,1854
2025-07-15T01:00:00Z,1.36998,1.37023,1.36971,1.36994,2311
2025-07-15T01:30:00Z,1.36994,1.37030,1.36934,1.36978,3048
2025-07-15T02:00:00Z,1.36977,1.37010,1.36957,1.36963,2102
2025-07-15T02:30:00Z,1.36962,1.37006,1.36956,1.36981,1774
2025-07-15T03:00:00Z,1.36980,1.36999,1.36965,1.36984,2771
2025-07-15T03:30:00Z,1.36985,1.37000,1.36959,1.36974,1831
2025-07-15T04:00:00Z,1.36974,1.36983,1.36941,1.36975,1900
2025-07-15T04:30:00Z,1.36973,1.37011,1.36970,1.36987,1921
2025-07-15T05:00:00Z,1.36989,1.36992,1.36928,1.36930,2490
2025-07-15T05:30:00Z,1.36931,1.36950,1.36907,1.36918,2310
2025-07-15T06:00:00Z,1.36920,1.36953,1.36877,1.36951,2184
2025-07-15T06:30:00Z,1.36949,1.37020,1.36924,1.37005,1990
2025-07-15T07:00:00Z,1.37004,1.37027,1.36979,1.37003,2534
2025-07-15T07:30:00Z,1.37003,1.37008,1.36873,1.36873,3152
2025-07-15T08:00:00Z,1.36876,1.36885,1.36834,1.36848,2385
2025-07-15T08:30:00Z,1.36847,1.36866,1.36832,1.36848,1484
2025-07-15T09:00:00Z,1.36848,1.36926,1.36846,1.36898,1883
2025-07-15T09:30:00Z,1.36898,1.36926,1.36866,1.36896,2108
2025-07-15T10:00:00Z,1.36894,1.36897,1.36837,1.36852,2130
2025-07-15T10:30:00Z,1.36853,1.36885,1.36806,1.36817,2462
2025-07-15T11:00:00Z,1.36817,1.36885,1.36794,1.36883,2442
2025-07-15T11:30:00Z,1.36884,1.36898,1.36853,1.36880,1587
2025-07-15T12:00:00Z,1.36878,1.36938,1.36878,1.36893,2996
2025-07-15T12:30:00Z,1.36893,1.36900,1.36710,1.36739,7830
2025-07-15T13:00:00Z,1.36740,1.36826,1.36727,1.36747,3837
2025-07-15T13:30:00Z,1.36750,1.37000,1.36738,1.36976,9001
2025-07-15T14:00:00Z,1.36975,1.37103,1.36974,1.37103,10148
2025-07-15T14:30:00Z,1.37103,1.37210,1.37088,1.37187,5303
2025-07-15T15:00:00Z,1.37187,1.37285,1.37166,1.37221,5926
2025-07-15T15:30:00Z,1.37222,1.37284,1.37104,1.37133,3930
2025-07-15T16:00:00Z,1.37134,1.37243,1.37098,1.37238,2727
2025-07-15T16:30:00Z,1.37238,1.37295,1.37227,1.37241,3514
2025-07-15T17:00:00Z,1.37241,1.37286,1.37200,1.37234,2163
2025-07-15T17:30:00Z,1.37234,1.37244,1.37155,1.37166,1463
2025-07-15T18:00:00Z,1.37166,1.37189,1.37115,1.37133,2151
2025-07-15T18:30:00Z,1.37132,1.37182,1.37117,1.37151,2008
2025-07-15T19:00:00Z,1.37153,1.37182,1.37132,1.37156,1731
2025-07-15T19:30:00Z,1.37157,1.37223,1.37134,1.37213,2036
2025-07-15T20:00:00Z,1.37213,1.37235,1.37193,1.37212,997
2025-07-15T20:30:00Z,1.37212,1.37248,1.37190,1.37222,918
2025-07-15T21:00:00Z,1.37221,1.37221,1.37097,1.37144,401
2025-07-15T21:30:00Z,1.37145,1.37188,1.37143,1.37164,4184
2025-07-15T22:00:00Z,1.37164,1.37204,1.37164,1.37193,922
2025-07-15T22:30:00Z,1.37194,1.37214,1.37177,1.37177,505
2025-07-15T23:00:00Z,1.37178,1.37204,1.37176,1.37185,595
2025-07-15T23:30:00Z,1.37186,1.37186,1.37153,1.37159,734
2025-07-16T00:00:00Z,1.37158,1.37197,1.37139,1.37168,2147
2025-07-16T00:30:00Z,1.37168,1.37184,1.37082,1.37118,2945
2025-07-16T01:00:00Z,1.37116,1.37127,1.37087,1.37123,2630
2025-07-16T01:30:00Z,1.37122,1.37130,1.37096,1.37126,2041
2025-07-16T02:00:00Z,1.37127,1.37190,1.37126,1.37182,1666
2025-07-16T02:30:00Z,1.37182,1.37209,1.37176,1.37203,1356
2025-07-16T03:00:00Z,1.37203,1.37204,1.37142,1.37164,1684
2025-07-16T03:30:00Z,1.37164,1.37215,1.37152,1.37198,1875
2025-07-16T04:00:00Z,1.37197,1.37202,1.37172,1.37187,1873
2025-07-16T04:30:00Z,1.37188,1.37191,1.37146,1.37148,1493
2025-07-16T05:00:00Z,1.37149,1.37151,1.37120,1.37132,2082
2025-07-16T05:30:00Z,1.37132,1.37144,1.37105,1.37105,1681
2025-07-16T06:00:00Z,1.37110,1.37133,1.37101,1.37123,1119
2025-07-16T06:30:00Z,1.37123,1.37163,1.37091,1.37091,1307
2025-07-16T07:00:00Z,1.37090,1.37141,1.37059,1.37106,1710
2025-07-16T07:30:00Z,1.37105,1.37189,1.37096,1.37149,1645
2025-07-16T08:00:00Z,1.37151,1.37176,1.37118,1.37163,1157
2025-07-16T08:30:00Z,1.37164,1.37220,1.37164,1.37192,1454
2025-07-16T09:00:00Z,1.37193,1.37255,1.37191,1.37238,2189
2025-07-16T09:30:00Z,1.37238,1.37247,1.37201,1.37220,2322
2025-07-16T10:00:00Z,1.37219,1.37239,1.37197,1.37231,1637
2025-07-16T10:30:00Z,1.37232,1.37232,1.37189,1.37208,1329
2025-07-16T11:00:00Z,1.37207,1.37265,1.37193,1.37264,1185
2025-07-16T11:30:00Z,1.37265,1.37285,1.37227,1.37272,1877
2025-07-16T12:00:00Z,1.37272,1.37280,1.37226,1.37262,2557
2025-07-16T12:30:00Z,1.37261,1.37276,1.37127,1.37246,4745
2025-07-16T13:00:00Z,1.37246,1.37311,1.37226,1.37301,3567
2025-07-16T13:30:00Z,1.37305,1.37501,1.37305,1.37454,4621
2025-07-16T14:00:00Z,1.37453,1.37510,1.37396,1.37483,3529
2025-07-16T14:30:00Z,1.37483,1.37550,1.37369,1.37405,5803
2025-07-16T15:00:00Z,1.37404,1.37405,1.36936,1.36946,9973
2025-07-16T15:30:00Z,1.36947,1.37207,1.36793,1.37070,15818
2025-07-16T16:00:00Z,1.37068,1.37132,1.36858,1.37012,10359
2025-07-16T16:30:00Z,1.37012,1.37074,1.36879,1.36892,3977
2025-07-16T17:00:00Z,1.36891,1.36934,1.36827,1.36905,3585
2025-07-16T17:30:00Z,1.36904,1.36993,1.36877,1.36974,2780
2025-07-16T18:00:00Z,1.36973,1.37024,1.36952,1.37002,2188
2025-07-16T18:30:00Z,1.37004,1.37033,1.36969,1.37013,1964
2025-07-16T19:00:00Z,1.37013,1.37016,1.36921,1.36922,2289
2025-07-16T19:30:00Z,1.36921,1.36929,1.36822,1.36837,2240
2025-07-16T20:00:00Z,1.36839,1.36864,1.36819,1.36835,1088
2025-07-16T20:30:00Z,1.36834,1.36873,1.36798,1.36810,1452
2025-07-16T21:00:00Z,1.36795,1.36853,1.36786,1.36853,127
2025-07-16T21:30:00Z,1.36838,1.36863,1.36822,1.36852,374
2025-07-16T22:00:00Z,1.36853,1.36862,1.36821,1.36857,631
2025-07-16T22:30:00Z,1.36857,1.36884,1.36843,1.36881,487
2025-07-16T23:00:00Z,1.36880,1.36883,1.36851,1.36870,772
2025-07-16T23:30:00Z,1.36869,1.36906,1.36867,1.36894,1389
2025-07-17T00:00:00Z,1.36894,1.36973,1.36886,1.36959,2738
2025-07-17T00:30:00Z,1.36959,1.37050,1.36958,1.37000,2244
2025-07-17T01:00:00Z,1.37002,1.37043,1.36985,1.37041,2193
2025-07-17T01:30:00Z,1.37041,1.37118,1.37032,1.37042,3973
2025-07-17T02:00:00Z,1.37042,1.37153,1.37042,1.37129,3476
2025-07-17T02:30:00Z,1.37129,1.37185,1.37123,1.37179,3050
2025-07-17T03:00:00Z,1.37179,1.37199,1.37155,1.37158,1672
2025-07-17T03:30:00Z,1.37159,1.37196,1.37146,1.37151,1649
2025-07-17T04:00:00Z,1.37150,1.37193,1.37149,1.37174,895
2025-07-17T04:30:00Z,1.37173,1.37177,1.37137,1.37140,1295
2025-07-17T05:00:00Z,1.37139,1.37145,1.37114,1.37117,1214
2025-07-17T05:30:00Z,1.37118,1.37146,1.37092,1.37143,1993
2025-07-17T06:00:00Z,1.37143,1.37287,1.37132,1.37287,3467
2025-07-17T06:30:00Z,1.37287,1.37307,1.37232,1.37237,2839
2025-07-17T07:00:00Z,1.37235,1.37384,1.37235,1.37368,2453
2025-07-17T07:30:00Z,1.37369,1.37452,1.37367,1.37434,1788
2025-07-17T08:00:00Z,1.37433,1.37474,1.37411,1.37412,1671
2025-07-17T08:30:00Z,1.37409,1.37440,1.37387,1.37426,1518
2025-07-17T09:00:00Z,1.37426,1.37491,1.37420,1.37456,1443
2025-07-17T09:30:00Z,1.37455,1.37486,1.37437,1.37483,1225
2025-07-17T10:00:00Z,1.37483,1.37561,1.37464,1.37513,1612
2025-07-17T10:30:00Z,1.37513,1.37669,1.37507,1.37656,1721
2025-07-17T11:00:00Z,1.37657,1.37698,1.37640,1.37688,2204
2025-07-17T11:30:00Z,1.37690,1.37696,1.37623,1.37626,1459
2025-07-17T12:00:00Z,1.37627,1.37663,1.37595,1.37616,2719
2025-07-17T12:30:00Z,1.37615,1.37741,1.37559,1.37586,5227
2025-07-17T13:00:00Z,1.37588,1.37652,1.37528,1.37609,3184
2025-07-17T13:30:00Z,1.37609,1.37619,1.37452,1.37502,4705
2025-07-17T14:00:00Z,1.37500,1.37570,1.37474,1.37487,3650
2025-07-17T14:30:00Z,1.37486,1.37557,1.37454,1.37555,3737
2025-07-17T15:00:00Z,1.37554,1.37556,1.37467,1.37474,2409
2025-07-17T15:30:00Z,1.37472,1.37532,1.37409,1.37497,2555
2025-07-17T16:00:00Z,1.37495,1.37515,1.37470,1.37490,2066
2025-07-17T16:30:00Z,1.37491,1.37621,1.37471,1.37520,3157
2025-07-17T17:00:00Z,1.37520,1.37539,1.37476,1.37497,1732
2025-07-17T17:30:00Z,1.37497,1.37552,1.37457,1.37530,2207
2025-07-17T18:00:00Z,1.37531,1.37549,1.37501,1.37512,1619
2025-07-17T18:30:00Z,1.37512,1.37541,1.37483,1.37494,2296
2025-07-17T19:00:00Z,1.37493,1.37504,1.37456,1.37482,2332
2025-07-17T19:30:00Z,1.37481,1.37487,1.37424,1.37443,2586
2025-07-17T20:00:00Z,1.37444,1.37460,1.37423,1.37457,811
2025-07-17T20:30:00Z,1.37456,1.37529,1.37436,1.37515,1168
2025-07-17T21:00:00Z,1.37512,1.37512,1.37414,1.37463,167
2025-07-17T21:30:00Z,1.37464,1.37516,1.37461,1.37484,511
2025-07-17T22:00:00Z,1.37489,1.37491,1.37457,1.37477,481
2025-07-17T22:30:00Z,1.37478,1.37478,1.37400,1.37404,1264
2025-07-17T23:00:00Z,1.37403,1.37408,1.37374,1.37374,1369
2025-07-17T23:30:00Z,1.37373,1.37376,1.37355,1.37360,793
2025-07-18T00:00:00Z,1.37359,1.37371,1.37342,1.37348,1790
2025-07-18T00:30:00Z,1.37347,1.37370,1.37292,1.37346,2062
2025-07-18T01:00:00Z,1.37346,1.37370,1.37299,1.37369,1589
2025-07-18T01:30:00Z,1.37369,1.37376,1.37318,1.37373,2263
2025-07-18T02:00:00Z,1.37373,1.37399,1.37358,1.37368,1964
2025-07-18T02:30:00Z,1.37367,1.37380,1.37346,1.37369,1527
2025-07-18T03:00:00Z,1.37370,1.37389,1.37357,1.37360,1069
2025-07-18T03:30:00Z,1.37361,1.37410,1.37346,1.37396,960
2025-07-18T04:00:00Z,1.37397,1.37421,1.37394,1.37396,1320
2025-07-18T04:30:00Z,1.37399,1.37413,1.37378,1.37401,936
2025-07-18T05:00:00Z,1.37401,1.37418,1.37390,1.37390,1087
2025-07-18T05:30:00Z,1.37390,1.37412,1.37363,1.37369,1773
2025-07-18T06:00:00Z,1.37374,1.37420,1.37369,1.37382,1499
2025-07-18T06:30:00Z,1.37381,1.37397,1.37352,1.37380,1311
2025-07-18T07:00:00Z,1.37380,1.37404,1.37353,1.37398,2487
2025-07-18T07:30:00Z,1.37397,1.37404,1.37320,1.37321,2349
2025-07-18T08:00:00Z,1.37322,1.37335,1.37262,1.37298,2411
2025-07-18T08:30:00Z,1.37297,1.37298,1.37236,1.37257,2392
2025-07-18T09:00:00Z,1.37257,1.37257,1.37230,1.37246,1692
2025-07-18T09:30:00Z,1.37244,1.37264,1.37236,1.37258,1371
2025-07-18T10:00:00Z,1.37259,1.37305,1.37248,1.37269,1948
2025-07-18T10:30:00Z,1.37266,1.37270,1.37177,1.37183,2462
2025-07-18T11:00:00Z,1.37184,1.37224,1.37153,1.37221,2650
2025-07-18T11:30:00Z,1.37221,1.37248,1.37206,1.37214,1467
2025-07-18T12:00:00Z,1.37213,1.37225,1.37035,1.37065,4223
2025-07-18T12:30:00Z,1.37065,1.37106,1.37015,1.37032,2705
2025-07-18T13:00:00Z,1.37030,1.37059,1.36950,1.36988,3411
2025-07-18T13:30:00Z,1.36986,1.37150,1.36986,1.37026,3482
2025-07-18T14:00:00Z,1.37023,1.37195,1.37003,1.37188,3281
2025-07-18T14:30:00Z,1.37187,1.37267,1.37167,1.37172,5293
2025-07-18T15:00:00Z,1.37171,1.37230,1.37112,1.37227,3290
2025-07-18T15:30:00Z,1.37228,1.37241,1.37119,1.37119,2375
2025-07-18T16:00:00Z,1.37119,1.37260,1.37106,1.37224,1865
2025-07-18T16:30:00Z,1.37224,1.37273,1.37210,1.37251,1718
2025-07-18T17:00:00Z,1.37251,1.37353,1.37251,1.37301,1944
2025-07-18T17:30:00Z,1.37302,1.37331,1.37247,1.37255,1758
2025-07-18T18:00:00Z,1.37255,1.37280,1.37225,1.37259,1138
2025-07-18T18:30:00Z,1.37259,1.37294,1.37230,1.37258,1362
2025-07-18T19:00:00Z,1.37258,1.37320,1.37248,1.37286,1192
2025-07-18T19:30:00Z,1.37285,1.37304,1.37248,1.37249,1153
2025-07-18T20:00:00Z,1.37250,1.37304,1.37246,1.37254,1021
2025-07-18T20:30:00Z,1.37253,1.37314,1.37228,1.37254,1356
2025-07-20T21:00:00Z,1.37108,1.37202,1.37071,1.37155,374
2025-07-20T21:30:00Z,1.37155,1.37187,1.37100,1.37170,1108
2025-07-20T22:00:00Z,1.37168,1.37229,1.37141,1.37222,3076
2025-07-20T22:30:00Z,1.37222,1.37297,1.37220,1.37248,1267
2025-07-20T23:00:00Z,1.37246,1.37294,1.37224,1.37256,1548
2025-07-20T23:30:00Z,1.37256,1.37268,1.37229,1.37230,1068
2025-07-21T00:00:00Z,1.37232,1.37252,1.37210,1.37248,2067
2025-07-21T00:30:00Z,1.37247,1.37299,1.37247,1.37295,2050
2025-07-21T01:00:00Z,1.37296,1.37309,1.37245,1.37254,3003
2025-07-21T01:30:00Z,1.37254,1.37308,1.37251,1.37289,2346
2025-07-21T02:00:00Z,1.37290,1.37315,1.37290,1.37303,1342
2025-07-21T02:30:00Z,1.37304,1.37342,1.37280,1.37281,1926
2025-07-21T03:00:00Z,1.37283,1.37284,1.37255,1.37259,1542
2025-07-21T03:30:00Z,1.37259,1.37271,1.37220,1.37220,1544
2025-07-21T04:00:00Z,1.37220,1.37248,1.37210,1.37222,1333
2025-07-21T04:30:00Z,1.37222,1.37238,1.37215,1.37230,1143
2025-07-21T05:00:00Z,1.37231,1.37240,1.37188,1.37193,1672
2025-07-21T05:30:00Z,1.37192,1.37199,1.37171,1.37174,2190
2025-07-21T06:00:00Z,1.37173,1.37215,1.37155,1.37198,2008
2025-07-21T06:30:00Z,1.37198,1.37199,1.37138,1.37185,2027
2025-07-21T07:00:00Z,1.37184,1.37243,1.37156,1.37232,1866
2025-07-21T07:30:00Z,1.37233,1.37296,1.37229,1.37261,1991
2025-07-21T08:00:00Z,1.37260,1.37260,1.37205,1.37221,2223
2025-07-21T08:30:00Z,1.37222,1.37231,1.37156,1.37208,2802
2025-07-21T09:00:00Z,1.37209,1.37284,1.37202,1.37248,1452
2025-07-21T09:30:00Z,1.37249,1.37278,1.37237,1.37248,1673
2025-07-21T10:00:00Z,1.37247,1.37271,1.37199,1.37204,1344
2025-07-21T10:30:00Z,1.37206,1.37232,1.37186,1.37188,1531
2025-07-21T11:00:00Z,1.37188,1.37199,1.37066,1.37070,2802
2025-07-21T11:30:00Z,1.37071,1.37083,1.37017,1.37055,1754
2025-07-21T12:00:00Z,1.37053,1.37074,1.36978,1.37016,2341
2025-07-21T12:30:00Z,1.37021,1.37024,1.36953,1.36990,2131
2025-07-21T13:00:00Z,1.36990,1.37090,1.36987,1.37075,2520
2025-07-21T13:30:00Z,1.37076,1.37168,1.37071,1.37136,2995
2025-07-21T14:00:00Z,1.37140,1.37146,1.36989,1.37017,5637
2025-07-21T14:30:00Z,1.37016,1.37040,1.36929,1.36977,4673
2025-07-21T15:00:00Z,1.36976,1.36980,1.36787,1.36798,4363
2025-07-21T15:30:00Z,1.36797,1.36915,1.36780,1.36887,2761
2025-07-21T16:00:00Z,1.36888,1.36919,1.36843,1.36886,2526
2025-07-21T16:30:00Z,1.36885,1.36885,1.36845,1.36857,1632
2025-07-21T17:00:00Z,1.36858,1.36918,1.36847,1.36899,1515
2025-07-21T17:30:00Z,1.36898,1.36917,1.36882,1.36911,1209
2025-07-21T18:00:00Z,1.36911,1.36911,1.36838,1.36843,831
2025-07-21T18:30:00Z,1.36843,1.36880,1.36828,1.36838,1212
2025-07-21T19:00:00Z,1.36839,1.36866,1.36836,1.36847,1106
2025-07-21T19:30:00Z,1.36847,1.36858,1.36829,1.36840,1035
2025-07-21T20:00:00Z,1.36841,1.36849,1.36814,1.36816,774
2025-07-21T20:30:00Z,1.36815,1.36842,1.36770,1.36813,1164
2025-07-21T21:00:00Z,1.36800,1.36813,1.36751,1.36800,250
2025-07-21T21:30:00Z,1.36803,1.36821,1.36791,1.36811,343
2025-07-21T22:00:00Z,1.36820,1.36844,1.36805,1.36814,436
2025-07-21T22:30:00Z,1.36815,1.36823,1.36777,1.36780,404
2025-07-21T23:00:00Z,1.36781,1.36803,1.36770,1.36799,811
2025-07-21T23:30:00Z,1.36800,1.36802,1.36744,1.36756,1173
2025-07-22T00:00:00Z,1.36756,1.36824,1.36749,1.36803,1174
2025-07-22T00:30:00Z,1.36804,1.36870,1.36797,1.36866,1261
2025-07-22T01:00:00Z,1.36865,1.36872,1.36840,1.36857,992
2025-07-22T01:30:00Z,1.36857,1.36899,1.36848,1.36896,1254
2025-07-22T02:00:00Z,1.36898,1.36898,1.36819,1.36869,1386
2025-07-22T02:30:00Z,1.36870,1.36872,1.36832,1.36852,1097
2025-07-22T03:00:00Z,1.36853,1.36875,1.36839,1.36860,1475
2025-07-22T03:30:00Z,1.36861,1.36887,1.36859,1.36877,1647
2025-07-22T04:00:00Z,1.36876,1.36896,1.36850,1.36861,1575
2025-07-22T04:30:00Z,1.36860,1.36888,1.36851,1.36881,1295
2025-07-22T05:00:00Z,1.36881,1.36909,1.36860,1.36896,1821
2025-07-22T05:30:00Z,1.36895,1.36934,1.36883,1.36905,1709
2025-07-22T06:00:00Z,1.36910,1.36924,1.36878,1.36916,1549
2025-07-22T06:30:00Z,1.36916,1.36949,1.36905,1.36936,1576
2025-07-22T07:00:00Z,1.36935,1.36935,1.36877,1.36877,2889
2025-07-22T07:30:00Z,1.36878,1.36931,1.36859,1.36901,2876
2025-07-22T08:00:00Z,1.36901,1.36926,1.36836,1.36867,2810
2025-07-22T08:30:00Z,1.36865,1.36867,1.36791,1.36811,2420
2025-07-22T09:00:00Z,1.36810,1.36837,1.36774,1.36792,2594
2025-07-22T09:30:00Z,1.36792,1.36815,1.36774,1.36776,1476
2025-07-22T10:00:00Z,1.36774,1.36805,1.36719,1.36804,1900
2025-07-22T10:30:00Z,1.36804,1.36823,1.36783,1.36804,1637
2025-07-22T11:00:00Z,1.36806,1.36809,1.36760,1.36794,2074
2025-07-22T11:30:00Z,1.36794,1.36800,1.36729,1.36738,1367
2025-07-22T12:00:00Z,1.36738,1.36792,1.36642,1.36776,2637
2025-07-22T12:30:00Z,1.36777,1.36830,1.36736,1.36793,2824
2025-07-22T13:00:00Z,1.36792,1.36792,1.36682,1.36718,2914
2025-07-22T13:30:00Z,1.36718,1.36752,1.36643,1.36669,4466
2025-07-22T14:00:00Z,1.36668,1.36706,1.36605,1.36618,4588
2025-07-22T14:30:00Z,1.36615,1.36621,1.36306,1.36384,5294
2025-07-22T15:00:00Z,1.36384,1.36423,1.36252,1.36316,4095
2025-07-22T15:30:00Z,1.36318,1.36340,1.36158,1.36162,3436
2025-07-22T16:00:00Z,1.36161,1.36191,1.36084,1.36086,3346
2025-07-22T16:30:00Z,1.36087,1.36137,1.36050,1.36136,2223
2025-07-22T17:00:00Z,1.36134,1.36202,1.36124,1.36163,1603
2025-07-22T17:30:00Z,1.36163,1.36191,1.36100,1.36169,2327
2025-07-22T18:00:00Z,1.36171,1.36178,1.36086,1.36120,2158
2025-07-22T18:30:00Z,1.36119,1.36121,1.36054,1.36089,1634
2025-07-22T19:00:00Z,1.36090,1.36119,1.36081,1.36107,1119
2025-07-22T19:30:00Z,1.36105,1.36126,1.36024,1.36035,2501
2025-07-22T20:00:00Z,1.36037,1.36061,1.36023,1.36055,606
2025-07-22T20:30:00Z,1.36056,1.36064,1.36020,1.36037,1410
2025-07-22T21:00:00Z,1.36034,1.36060,1.35994,1.36059,116
2025-07-22T21:30:00Z,1.36059,1.36070,1.36042,1.36056,170
2025-07-22T22:00:00Z,1.36066,1.36068,1.36017,1.36034,478
2025-07-22T22:30:00Z,1.36033,1.36052,1.36028,1.36033,431
2025-07-22T23:00:00Z,1.36032,1.36041,1.35951,1.36026,1846
2025-07-22T23:30:00Z,1.36034,1.36064,1.36024,1.36041,1492
2025-07-23T00:00:00Z,1.36042,1.36053,1.35954,1.35954,2481
2025-07-23T00:30:00Z,1.35950,1.35997,1.35936,1.35944,2113
2025-07-23T01:00:00Z,1.35943,1.35980,1.35930,1.35971,2511
2025-07-23T01:30:00Z,1.35971,1.36018,1.35951,1.35981,2916
2025-07-23T02:00:00Z,1.35981,1.36000,1.35962,1.35997,2614
2025-07-23T02:30:00Z,1.35997,1.36027,1.35980,1.36017,2485
2025-07-23T03:00:00Z,1.36018,1.36025,1.35932,1.35935,1841
2025-07-23T03:30:00Z,1.35936,1.36008,1.35927,1.35998,2241
2025-07-23T04:00:00Z,1.35998,1.36026,1.35981,1.36000,2286
2025-07-23T04:30:00Z,1.36001,1.36005,1.35970,1.35992,1666
2025-07-23T05:00:00Z,1.35993,1.36012,1.35975,1.35994,1671
2025-07-23T05:30:00Z,1.35995,1.36104,1.35992,1.36092,2519
2025-07-23T06:00:00Z,1.36092,1.36092,1.36009,1.36011,2286
2025-07-23T06:30:00Z,1.36010,1.36068,1.35994,1.35996,2981
2025-07-23T07:00:00Z,1.35995,1.36020,1.35911,1.35915,4065
2025-07-23T07:30:00Z,1.35914,1.35940,1.35886,1.35891,2928
2025-07-23T08:00:00Z,1.35890,1.35890,1.35833,1.35859,3105
2025-07-23T08:30:00Z,1.35860,1.35896,1.35829,1.35830,2355
2025-07-23T09:00:00Z,1.35830,1.35860,1.35816,1.35842,1582
2025-07-23T09:30:00Z,1.35843,1.35852,1.35805,1.35814,1563
2025-07-23T10:00:00Z,1.35814,1.35857,1.35787,1.35799,1786
2025-07-23T10:30:00Z,1.35800,1.35857,1.35778,1.35852,1759
2025-07-23T11:00:00Z,1.35853,1.35866,1.35816,1.35842,2617
2025-07-23T11:30:00Z,1.35843,1.35847,1.35750,1.35779,1769
2025-07-23T12:00:00Z,1.35780,1.35871,1.35775,1.35870,2178
2025-07-23T12:30:00Z,1.35870,1.36026,1.35869,1.36025,2080
2025-07-23T13:00:00Z,1.36026,1.36041,1.35946,1.36040,3242
2025-07-23T13:30:00Z,1.36040,1.36212,1.36035,1.36143,4051
2025-07-23T14:00:00Z,1.36143,1.36259,1.36119,1.36259,2870
2025-07-23T14:30:00Z,1.36258,1.36287,1.36147,1.36149,5007
2025-07-23T15:00:00Z,1.36148,1.36202,1.36094,1.36152,3169
2025-07-23T15:30:00Z,1.36151,1.36221,1.36036,1.36088,4699
2025-07-23T16:00:00Z,1.36089,1.36237,1.36056,1.36222,5065
2025-07-23T16:30:00Z,1.36223,1.36228,1.36158,1.36166,2639
2025-07-23T17:00:00Z,1.36165,1.36193,1.36124,1.36144,2008
2025-07-23T17:30:00Z,1.36143,1.36210,1.36087,1.36133,2256
2025-07-23T18:00:00Z,1.36134,1.36139,1.36029,1.36038,1591
2025-07-23T18:30:00Z,1.36041,1.36056,1.35990,1.35992,1327
2025-07-23T19:00:00Z,1.35993,1.36029,1.35963,1.36023,1247
2025-07-23T19:30:00Z,1.36025,1.36038,1.35943,1.35947,1103
2025-07-23T20:00:00Z,1.35945,1.36013,1.35945,1.35990,737
2025-07-23T20:30:00Z,1.35989,1.36016,1.35954,1.35956,1300
2025-07-23T21:00:00Z,1.35956,1.35963,1.35898,1.35930,391
2025-07-23T21:30:00Z,1.35930,1.36010,1.35928,1.36002,411
2025-07-23T22:00:00Z,1.36002,1.36030,1.35995,1.36002,707
2025-07-23T22:30:00Z,1.36000,1.36067,1.35984,1.36062,1124
2025-07-23T23:00:00Z,1.36063,1.36063,1.35996,1.36007,1650
2025-07-23T23:30:00Z,1.36007,1.36026,1.36005,1.36014,882
2025-07-24T00:00:00Z,1.36014,1.36079,1.36014,1.36044,3273
2025-07-24T00:30:00Z,1.36045,1.36072,1.36031,1.36052,3411
2025-07-24T01:00:00Z,1.36054,1.36056,1.35961,1.35969,4791
2025-07-24T01:30:00Z,1.35968,1.36038,1.35962,1.36028,2662
2025-07-24T02:00:00Z,1.36029,1.36055,1.36008,1.36018,2563
2025-07-24T02:30:00Z,1.36019,1.36074,1.36013,1.36036,1878
2025-07-24T03:00:00Z,1.36036,1.36051,1.36017,1.36029,1894
2025-07-24T03:30:00Z,1.36035,1.36040,1.36003,1.36036,2230
2025-07-24T04:00:00Z,1.36035,1.36055,1.36025,1.36038,1671
2025-07-24T04:30:00Z,1.36038,1.36038,1.36019,1.36024,2020
2025-07-24T05:00:00Z,1.36023,1.36044,1.36000,1.36017,1520
2025-07-24T05:30:00Z,1.36016,1.36017,1.35979,1.36008,3280
2025-07-24T06:00:00Z,1.36009,1.36054,1.35989,1.36019,2938
2025-07-24T06:30:00Z,1.36018,1.36129,1.36018,1.36124,2772
2025-07-24T07:00:00Z,1.36124,1.36133,1.36050,1.36056,2350
2025-07-24T07:30:00Z,1.36058,1.36108,1.36054,1.36064,2725
2025-07-24T08:00:00Z,1.36064,1.36083,1.36014,1.36048,2175
2025-07-24T08:30:00Z,1.36049,1.36066,1.36013,1.36046,2184
2025-07-24T09:00:00Z,1.36046,1.36102,1.36046,1.36089,1532
2025-07-24T09:30:00Z,1.36091,1.36130,1.36068,1.36102,1781
2025-07-24T10:00:00Z,1.36103,1.36158,1.36097,1.36155,1547
2025-07-24T10:30:00Z,1.36156,1.36195,1.36155,1.36167,1483
2025-07-24T11:00:00Z,1.36167,1.36214,1.36145,1.36148,1651
2025-07-24T11:30:00Z,1.36149,1.36155,1.36076,1.36097,2525
2025-07-24T12:00:00Z,1.36096,1.36179,1.36091,1.36118,3190
2025-07-24T12:30:00Z,1.36124,1.36220,1.36118,1.36173,3096
2025-07-24T13:00:00Z,1.36173,1.36285,1.36140,1.36264,3850
2025-07-24T13:30:00Z,1.36265,1.36293,1.36196,1.36216,4637
2025-07-24T14:00:00Z,1.36215,1.36237,1.36102,1.36200,4818
2025-07-24T14:30:00Z,1.36201,1.36272,1.36166,1.36169,4538
2025-07-24T15:00:00Z,1.36170,1.36316,1.36158,1.36274,4368
2025-07-24T15:30:00Z,1.36274,1.36442,1.36272,1.36441,3592
2025-07-24T16:00:00Z,1.36442,1.36458,1.36382,1.36427,3156
2025-07-24T16:30:00Z,1.36428,1.36450,1.36317,1.36363,2625
2025-07-24T17:00:00Z,1.36363,1.36421,1.36339,1.36362,1641
2025-07-24T17:30:00Z,1.36363,1.36366,1.36297,1.36338,1406
2025-07-24T18:00:00Z,1.36338,1.36420,1.36331,1.36347,1417
2025-07-24T18:30:00Z,1.36348,1.36405,1.36328,1.36396,1266
2025-07-24T19:00:00Z,1.36397,1.36410,1.36312,1.36319,937
2025-07-24T19:30:00Z,1.36320,1.36434,1.36317,1.36434,1624
2025-07-24T20:00:00Z,1.36434,1.36481,1.36427,1.36469,1091
2025-07-24T20:30:00Z,1.36467,1.36542,1.36317,1.36324,2101
2025-07-24T21:00:00Z,1.36332,1.36450,1.36327,1.36436,250
2025-07-24T21:30:00Z,1.36447,1.36476,1.36390,1.36418,2586
2025-07-24T22:00:00Z,1.36418,1.36496,1.36413,1.36439,550
2025-07-24T22:30:00Z,1.36438,1.36461,1.36428,1.36436,410
2025-07-24T23:00:00Z,1.36439,1.36439,1.36417,1.36434,695
2025-07-24T23:30:00Z,1.36433,1.36449,1.36393,1.36399,1110
2025-07-25T00:00:00Z,1.36400,1.36448,1.36373,1.36419,4590
2025-07-25T00:30:00Z,1.36419,1.36457,1.36386,1.36410,4675
2025-07-25T01:00:00Z,1.36410,1.36516,1.36382,1.36497,3797
2025-07-25T01:30:00Z,1.36496,1.36500,1.36465,1.36479,3122
2025-07-25T02:00:00Z,1.36480,1.36540,1.36477,1.36516,2806
2025-07-25T02:30:00Z,1.36516,1.36549,1.36512,1.36536,2706
2025-07-25T03:00:00Z,1.36536,1.36550,1.36519,1.36535,4274
2025-07-25T03:30:00Z,1.36533,1.36536,1.36488,1.36514,3878
2025-07-25T04:00:00Z,1.36514,1.36534,1.36478,1.36525,3122
2025-07-25T04:30:00Z,1.36525,1.36662,1.36519,1.36585,2716
2025-07-25T05:00:00Z,1.36586,1.36597,1.36539,1.36546,1852
2025-07-25T05:30:00Z,1.36545,1.36555,1.36494,1.36509,2791
2025-07-25T06:00:00Z,1.36511,1.36571,1.36472,1.36543,2362
2025-07-25T06:30:00Z,1.36542,1.36595,1.36502,1.36593,2178
2025-07-25T07:00:00Z,1.36592,1.36662,1.36565,1.36655,2296
2025-07-25T07:30:00Z,1.36656,1.36745,1.36656,1.36727,2452
2025-07-25T08:00:00Z,1.36729,1.36795,1.36681,1.36767,2637
2025-07-25T08:30:00Z,1.36766,1.36767,1.36694,1.36759,2234
2025-07-25T09:00:00Z,1.36757,1.36798,1.36734,1.36765,2234
2025-07-25T09:30:00Z,1.36766,1.36773,1.36732,1.36769,2140
2025-07-25T10:00:00Z,1.36770,1.36787,1.36754,1.36767,2543
2025-07-25T10:30:00Z,1.36767,1.36782,1.36713,1.36734,2489
2025-07-25T11:00:00Z,1.36738,1.36778,1.36666,1.36769,2511
2025-07-25T11:30:00Z,1.36770,1.36770,1.36697,1.36717,1464
2025-07-25T12:00:00Z,1.36717,1.36807,1.36713,1.36806,1352
2025-07-25T12:30:00Z,1.36805,1.36885,1.36772,1.36848,3181
2025-07-25T13:00:00Z,1.36847,1.37122,1.36808,1.36902,7051
2025-07-25T13:30:00Z,1.36899,1.37113,1.36887,1.37032,6794
2025-07-25T14:00:00Z,1.37031,1.37043,1.36921,1.36941,5437
2025-07-25T14:30:00Z,1.36941,1.37055,1.36922,1.37033,3779
2025-07-25T15:00:00Z,1.37033,1.37098,1.36999,1.37013,2928
2025-07-25T15:30:00Z,1.37014,1.37153,1.37014,1.37142,2006
2025-07-25T16:00:00Z,1.37144,1.37252,1.37143,1.37202,2067
2025-07-25T16:30:00Z,1.37201,1.37246,1.37150,1.37155,1772
2025-07-25T17:00:00Z,1.37156,1.37166,1.37110,1.37114,2174
2025-07-25T17:30:00Z,1.37114,1.37131,1.37080,1.37117,1247
2025-07-25T18:00:00Z,1.37118,1.37123,1.37025,1.37073,1523
2025-07-25T18:30:00Z,1.37073,1.37112,1.37069,1.37094,1105
2025-07-25T19:00:00Z,1.37095,1.37112,1.37068,1.37073,1174
2025-07-25T19:30:00Z,1.37072,1.37082,1.37037,1.37042,749
2025-07-25T20:00:00Z,1.37044,1.37096,1.37019,1.37025,862
2025-07-25T20:30:00Z,1.37023,1.37081,1.36962,1.36962,2999
2025-07-27T21:00:00Z,1.36988,1.37034,1.36982,1.36994,202
2025-07-27T21:30:00Z,1.37008,1.37039,1.36998,1.37020,1315
2025-07-27T22:00:00Z,1.37020,1.37036,1.36947,1.36994,1385
2025-07-27T22:30:00Z,1.36994,1.36996,1.36953,1.36967,1102
2025-07-27T23:00:00Z,1.36967,1.36983,1.36951,1.36962,1613
2025-07-27T23:30:00Z,1.36963,1.37023,1.36960,1.37020,1336
2025-07-28T00:00:00Z,1.37020,1.37021,1.36903,1.36938,3815
2025-07-28T00:30:00Z,1.36938,1.36994,1.36925,1.36930,4230
2025-07-28T01:00:00Z,1.36929,1.36980,1.36882,1.36955,3612
2025-07-28T01:30:00Z,1.36955,1.37043,1.36949,1.37008,3552
2025-07-28T02:00:00Z,1.37008,1.37055,1.36972,1.36985,3890
2025-07-28T02:30:00Z,1.36984,1.36987,1.36927,1.36951,2820
2025-07-28T03:00:00Z,1.36951,1.36979,1.36943,1.36970,2723
2025-07-28T03:30:00Z,1.36970,1.36989,1.36926,1.36928,3126
2025-07-28T04:00:00Z,1.36926,1.36942,1.36911,1.36931,1821
2025-07-28T04:30:00Z,1.36930,1.36974,1.36930,1.36957,1482
2025-07-28T05:00:00Z,1.36956,1.37007,1.36949,1.36989,1947
2025-07-28T05:30:00Z,1.36989,1.37002,1.36971,1.36978,2223
2025-07-28T06:00:00Z,1.36978,1.37167,1.36972,1.37147,3173
2025-07-28T06:30:00Z,1.37146,1.37195,1.37097,1.37109,3879
2025-07-28T07:00:00Z,1.37110,1.37167,1.37063,1.37166,4081
2025-07-28T07:30:00Z,1.37168,1.37402,1.37167,1.37377,4014
2025-07-28T08:00:00Z,1.37376,1.37417,1.37297,1.37317,4172
2025-07-28T08:30:00Z,1.37318,1.37377,1.37263,1.37289,3366
2025-07-28T09:00:00Z,1.37288,1.37320,1.37263,1.37311,2823
2025-07-28T09:30:00Z,1.37310,1.37341,1.37262,1.37271,2680
2025-07-28T10:00:00Z,1.37269,1.37319,1.37234,1.37296,2731
2025-07-28T10:30:00Z,1.37295,1.37307,1.37222,1.37238,3027
2025-07-28T11:00:00Z,1.37237,1.37299,1.37205,1.37289,3331
2025-07-28T11:30:00Z,1.37289,1.37341,1.37176,1.37178,4097
2025-07-28T12:00:00Z,1.37177,1.37227,1.37151,1.37178,4775
2025-07-28T12:30:00Z,1.37178,1.37235,1.37147,1.37171,2451
2025-07-28T13:00:00Z,1.37172,1.37284,1.37115,1.37267,3575
2025-07-28T13:30:00Z,1.37265,1.37289,1.37150,1.37181,4114
2025-07-28T14:00:00Z,1.37182,1.37210,1.37099,1.37108,4477
2025-07-28T14:30:00Z,1.37107,1.37175,1.37101,1.37171,3565
2025-07-28T15:00:00Z,1.37172,1.37238,1.37134,1.37170,3305
2025-07-28T15:30:00Z,1.37169,1.37213,1.37136,1.37190,2273
2025-07-28T16:00:00Z,1.37189,1.37251,1.37168,1.37211,2252
2025-07-28T16:30:00Z,1.37211,1.37257,1.37163,1.37185,2089
2025-07-28T17:00:00Z,1.37186,1.37260,1.37171,1.37260,1311
2025-07-28T17:30:00Z,1.37261,1.37313,1.37250,1.37289,1249
2025-07-28T18:00:00Z,1.37289,1.37317,1.37261,1.37270,1313
2025-07-28T18:30:00Z,1.37271,1.37347,1.37270,1.37334,1608
2025-07-28T19:00:00Z,1.37335,1.37369,1.37320,1.37369,1071
2025-07-28T19:30:00Z,1.37371,1.37399,1.37349,1.37357,1367
2025-07-28T20:00:00Z,1.37357,1.37382,1.37310,1.37322,1140
2025-07-28T20:30:00Z,1.37322,1.37401,1.37274,1.37375,1648
2025-07-28T21:00:00Z,1.37365,1.37365,1.37327,1.37343,88
2025-07-28T21:30:00Z,1.37343,1.37344,1.37333,1.37344,369
2025-07-28T22:00:00Z,1.37354,1.37371,1.37332,1.37351,572
2025-07-28T22:30:00Z,1.37352,1.37363,1.37324,1.37361,688
2025-07-28T23:00:00Z,1.37358,1.37380,1.37334,1.37356,928
2025-07-28T23:30:00Z,1.37358,1.37358,1.37338,1.37340,643
2025-07-29T00:00:00Z,1.37339,1.37404,1.37339,1.37389,3097
2025-07-29T00:30:00Z,1.37388,1.37424,1.37377,1.37412,2243
2025-07-29T01:00:00Z,1.37414,1.37414,1.37352,1.37374,3234
2025-07-29T01:30:00Z,1.37377,1.37384,1.37329,1.37371,3376
2025-07-29T02:00:00Z,1.37370,1.37372,1.37314,1.37338,2104
2025-07-29T02:30:00Z,1.37337,1.37346,1.37304,1.37310,1628
2025-07-29T03:00:00Z,1.37309,1.37354,1.37303,1.37351,1553
2025-07-29T03:30:00Z,1.37353,1.37389,1.37351,1.37378,1608
2025-07-29T04:00:00Z,1.37375,1.37378,1.37343,1.37366,1219
2025-07-29T04:30:00Z,1.37367,1.37388,1.37311,1.37311,1628
2025-07-29T05:00:00Z,1.37312,1.37360,1.37311,1.37333,2246
2025-07-29T05:30:00Z,1.37333,1.37357,1.37320,1.37334,2488
2025-07-29T06:00:00Z,1.37334,1.37391,1.37325,1.37384,2078
2025-07-29T06:30:00Z,1.37384,1.37510,1.37373,1.37504,3152
2025-07-29T07:00:00Z,1.37503,1.37551,1.37461,1.37550,3724
2025-07-29T07:30:00Z,1.37550,1.37604,1.37530,1.37550,2440
2025-07-29T08:00:00Z,1.37552,1.37591,1.37496,1.37513,3180
2025-07-29T08:30:00Z,1.37514,1.37524,1.37425,1.37435,3235
2025-07-29T09:00:00Z,1.37436,1.37453,1.37389,1.37391,2026
2025-07-29T09:30:00Z,1.37392,1.37518,1.37386,1.37505,1390
2025-07-29T10:00:00Z,1.37505,1.37542,1.37483,1.37486,1341
2025-07-29T10:30:00Z,1.37485,1.37558,1.37484,1.37551,982
2025-07-29T11:00:00Z,1.37551,1.37594,1.37520,1.37541,1710
2025-07-29T11:30:00Z,1.37540,1.37694,1.37528,1.37688,2310
2025-07-29T12:00:00Z,1.37689,1.37773,1.37689,1.37770,2680
2025-07-29T12:30:00Z,1.37771,1.37782,1.37692,1.37779,2950
2025-07-29T13:00:00Z,1.37780,1.37803,1.37622,1.37636,3521
2025-07-29T13:30:00Z,1.37637,1.37690,1.37579,1.37605,4665
2025-07-29T14:00:00Z,1.37605,1.37703,1.37539,1.37577,5411
2025-07-29T14:30:00Z,1.37581,1.37851,1.37492,1.37841,8529
2025-07-29T15:00:00Z,1.37841,1.37879,1.37698,1.37744,5341
2025-07-29T15:30:00Z,1.37744,1.37805,1.37714,1.37783,3047
2025-07-29T16:00:00Z,1.37783,1.37796,1.37702,1.37768,2455
2025-07-29T16:30:00Z,1.37766,1.37792,1.37721,1.37773,2020
2025-07-29T17:00:00Z,1.37772,1.37792,1.37668,1.37731,3046
2025-07-29T17:30:00Z,1.37733,1.37754,1.37709,1.37721,2469
2025-07-29T18:00:00Z,1.37721,1.37729,1.37680,1.37685,2115
2025-07-29T18:30:00Z,1.37685,1.37687,1.37617,1.37663,1940
2025-07-29T19:00:00Z,1.37661,1.37683,1.37626,1.37636,1738
2025-07-29T19:30:00Z,1.37636,1.37765,1.37630,1.37761,1761
2025-07-29T20:00:00Z,1.37759,1.37819,1.37742,1.37775,1241
2025-07-29T20:30:00Z,1.37775,1.37780,1.37691,1.37692,1592
2025-07-29T21:00:00Z,1.37690,1.37690,1.37628,1.37670,110
2025-07-29T21:30:00Z,1.37670,1.37676,1.37647,1.37669,652
2025-07-29T22:00:00Z,1.37682,1.37706,1.37670,1.37691,277
2025-07-29T22:30:00Z,1.37698,1.37744,1.37689,1.37728,975
2025-07-29T23:00:00Z,1.37729,1.37742,1.37690,1.37741,827
2025-07-29T23:30:00Z,1.37742,1.37752,1.37724,1.37741,844
2025-07-30T00:00:00Z,1.37741,1.37741,1.37665,1.37673,1799
2025-07-30T00:30:00Z,1.37672,1.37678,1.37615,1.37623,2152
2025-07-30T01:00:00Z,1.37623,1.37669,1.37580,1.37666,2523
2025-07-30T01:30:00Z,1.37668,1.37716,1.37628,1.37643,3031
2025-07-30T02:00:00Z,1.37645,1.37652,1.37609,1.37630,1709
2025-07-30T02:30:00Z,1.37632,1.37677,1.37631,1.37644,1891
2025-07-30T03:00:00Z,1.37641,1.37643,1.37598,1.37627,1474
2025-07-30T03:30:00Z,1.37627,1.37654,1.37618,1.37621,1381
2025-07-30T04:00:00Z,1.37620,1.37677,1.37618,1.37647,1958
2025-07-30T04:30:00Z,1.37647,1.37691,1.37636,1.37685,1389
2025-07-30T05:00:00Z,1.37686,1.37699,1.37645,1.37655,2122
2025-07-30T05:30:00Z,1.37655,1.37695,1.37628,1.37684,2674
2025-07-30T06:00:00Z,1.37685,1.37741,1.37676,1.37686,2394
2025-07-30T06:30:00Z,1.37686,1.37712,1.37656,1.37664,2241
2025-07-30T07:00:00Z,1.37665,1.37686,1.37628,1.37667,3483
2025-07-30T07:30:00Z,1.37666,1.37700,1.37646,1.37677,1975
2025-07-30T08:00:00Z,1.37676,1.37766,1.37668,1.37712,1806
2025-07-30T08:30:00Z,1.37711,1.37737,1.37707,1.37727,1306
2025-07-30T09:00:00Z,1.37727,1.37819,1.37712,1.37803,1628
2025-07-30T09:30:00Z,1.37803,1.37827,1.37792,1.37792,1468
2025-07-30T10:00:00Z,1.37794,1.37881,1.37786,1.37877,1520
2025-07-30T10:30:00Z,1.37877,1.37903,1.37849,1.37877,1325
2025-07-30T11:00:00Z,1.37877,1.37913,1.37852,1.37894,1433
2025-07-30T11:30:00Z,1.37895,1.37926,1.37863,1.37866,2187
2025-07-30T12:00:00Z,1.37866,1.37986,1.37866,1.37963,3312
2025-07-30T12:30:00Z,1.37963,1.38063,1.37894,1.38044,5741
2025-07-30T13:00:00Z,1.38043,1.38142,1.38018,1.38105,6841
2025-07-30T13:30:00Z,1.38104,1.38180,1.38008,1.38024,7376
2025-07-30T14:00:00Z,1.38025,1.38152,1.37988,1.38139,3870
2025-07-30T14:30:00Z,1.38140,1.38169,1.38036,1.38097,3900
2025-07-30T15:00:00Z,1.38097,1.38186,1.38069,1.38070,4185
2025-07-30T15:30:00Z,1.38070,1.38162,1.38062,1.38146,2334
2025-07-30T16:00:00Z,1.38146,1.38168,1.38086,1.38140,2854
2025-07-30T16:30:00Z,1.38144,1.38149,1.38064,1.38085,2118
2025-07-30T17:00:00Z,1.38086,1.38112,1.38064,1.38077,1963
2025-07-30T17:30:00Z,1.38077,1.38082,1.38033,1.38040,1780
2025-07-30T18:00:00Z,1.38041,1.38133,1.37980,1.38056,4279
2025-07-30T18:30:00Z,1.38056,1.38282,1.37997,1.38159,8724
2025-07-30T19:00:00Z,1.38158,1.38322,1.38152,1.38312,5008
2025-07-30T19:30:00Z,1.38312,1.38417,1.38227,1.38368,4487
2025-07-30T20:00:00Z,1.38369,1.38447,1.38315,1.38430,2728
2025-07-30T20:30:00Z,1.38429,1.38429,1.38269,1.38274,2903
2025-07-30T21:00:00Z,1.38268,1.38295,1.38194,1.38280,544
2025-07-30T21:30:00Z,1.38279,1.38304,1.38264,1.38293,390
2025-07-30T22:00:00Z,1.38293,1.38313,1.38216,1.38253,893
2025-07-30T22:30:00Z,1.38252,1.38276,1.38238,1.38273,1277
2025-07-30T23:00:00Z,1.38273,1.38304,1.38261,1.38278,1879
2025-07-30T23:30:00Z,1.38278,1.38283,1.38229,1.38261,1894
2025-07-31T00:00:00Z,1.38259,1.38304,1.38247,1.38279,4042
2025-07-31T00:30:00Z,1.38280,1.38326,1.38270,1.38297,3356
2025-07-31T01:00:00Z,1.38297,1.38357,1.38295,1.38320,3167
2025-07-31T01:30:00Z,1.38319,1.38319,1.38269,1.38281,4041
2025-07-31T02:00:00Z,1.38282,1.38291,1.38238,1.38251,2634
2025-07-31T02:30:00Z,1.38253,1.38285,1.38241,1.38253,2845
2025-07-31T03:00:00Z,1.38253,1.38308,1.38218,1.38281,3058
2025-07-31T03:30:00Z,1.38281,1.38281,1.38233,1.38240,2243
2025-07-31T04:00:00Z,1.38239,1.38256,1.38224,1.38255,3180
2025-07-31T04:30:00Z,1.38256,1.38445,1.38151,1.38157,2034
2025-07-31T05:00:00Z,1.38157,1.38207,1.38143,1.38159,2416
2025-07-31T05:30:00Z,1.38161,1.38187,1.38154,1.38178,2368
2025-07-31T06:00:00Z,1.38179,1.38206,1.38130,1.38146,2571
2025-07-31T06:30:00Z,1.38145,1.38232,1.38145,1.38172,3916
2025-07-31T07:00:00Z,1.38172,1.38311,1.38152,1.38307,3556
2025-07-31T07:30:00Z,1.38308,1.38376,1.38292,1.38325,2743
2025-07-31T08:00:00Z,1.38327,1.38449,1.38309,1.38446,3532
2025-07-31T08:30:00Z,1.38446,1.38455,1.38384,1.38393,2317
2025-07-31T09:00:00Z,1.38394,1.38451,1.38388,1.38431,2902
2025-07-31T09:30:00Z,1.38432,1.38477,1.38397,1.38475,2469
2025-07-31T10:00:00Z,1.38476,1.38501,1.38444,1.38499,1467
2025-07-31T10:30:00Z,1.38499,1.38531,1.38443,1.38470,2578
2025-07-31T11:00:00Z,1.38472,1.38501,1.38370,1.38413,3917
2025-07-31T11:30:00Z,1.38414,1.38436,1.38344,1.38360,2743
2025-07-31T12:00:00Z,1.38363,1.38433,1.38349,1.38424,2474
2025-07-31T12:30:00Z,1.38428,1.38474,1.38322,1.38328,5211
2025-07-31T13:00:00Z,1.38329,1.38414,1.38270,1.38371,4316
2025-07-31T13:30:00Z,1.38371,1.38516,1.38341,1.38510,3891
2025-07-31T14:00:00Z,1.38510,1.38520,1.38286,1.38291,4787
2025-07-31T14:30:00Z,1.38292,1.38362,1.38237,1.38252,5464
2025-07-31T15:00:00Z,1.38255,1.38428,1.38237,1.38395,4905
2025-07-31T15:30:00Z,1.38395,1.38462,1.38342,1.38459,2230
2025-07-31T16:00:00Z,1.38459,1.38489,1.38416,1.38478,2527
2025-07-31T16:30:00Z,1.38477,1.38495,1.38423,1.38477,1809
2025-07-31T17:00:00Z,1.38478,1.38531,1.38447,1.38482,1792
2025-07-31T17:30:00Z,1.38481,1.38539,1.38481,1.38519,1961
2025-07-31T18:00:00Z,1.38517,1.38560,1.38512,1.38544,2081
2025-07-31T18:30:00Z,1.38544,1.38550,1.38452,1.38453,1763
2025-07-31T19:00:00Z,1.38452,1.38466,1.38420,1.38427,2073
2025-07-31T19:30:00Z,1.38426,1.38559,1.38375,1.38558,1969
2025-07-31T20:00:00Z,1.38556,1.38567,1.38488,1.38490,1576
2025-07-31T20:30:00Z,1.38492,1.38576,1.38461,1.38512,2220
2025-07-31T21:00:00Z,1.38512,1.38530,1.38400,1.38506,287
2025-07-31T21:30:00Z,1.38502,1.38507,1.38496,1.38498,349
2025-07-31T22:00:00Z,1.38501,1.38595,1.38501,1.38583,1082
2025-07-31T22:30:00Z,1.38583,1.38694,1.38501,1.38673,1954
2025-07-31T23:00:00Z,1.38673,1.38704,1.38509,1.38550,3571
2025-07-31T23:30:00Z,1.38548,1.38597,1.38529,1.38574,1775
2025-08-01T00:00:00Z,1.38574,1.38628,1.38524,1.38527,4758
2025-08-01T00:30:00Z,1.38526,1.38536,1.38437,1.38467,4570
2025-08-01T01:00:00Z,1.38467,1.38515,1.38435,1.38488,3515
2025-08-01T01:30:00Z,1.38489,1.38601,1.38485,1.38577,4286
2025-08-01T02:00:00Z,1.38578,1.38578,1.38529,1.38552,2850
2025-08-01T02:30:00Z,1.38551,1.38614,1.38550,1.38581,3405
2025-08-01T03:00:00Z,1.38580,1.38582,1.38502,1.38535,4551
2025-08-01T03:30:00Z,1.38535,1.38554,1.38503,1.38530,3751
2025-08-01T04:00:00Z,1.38530,1.38535,1.38504,1.38522,3677
2025-08-01T04:30:00Z,1.38522,1.38546,1.38505,1.38534,3150
2025-08-01T05:00:00Z,1.38535,1.38554,1.38524,1.38543,2779
2025-08-01T05:30:00Z,1.38543,1.38563,1.38516,1.38523,3112
2025-08-01T06:00:00Z,1.38523,1.38619,1.38502,1.38619,3593
2025-08-01T06:30:00Z,1.38618,1.38644,1.38576,1.38606,3540
2025-08-01T07:00:00Z,1.38607,1.38708,1.38559,1.38690,2538
2025-08-01T07:30:00Z,1.38690,1.38736,1.38646,1.38710,2359
2025-08-01T08:00:00Z,1.38709,1.38730,1.38682,1.38714,1579
2025-08-01T08:30:00Z,1.38715,1.38757,1.38699,1.38753,1488
2025-08-01T09:00:00Z,1.38752,1.38755,1.38704,1.38745,1153
2025-08-01T09:30:00Z,1.38744,1.38786,1.38732,1.38775,1640
2025-08-01T10:00:00Z,1.38775,1.38787,1.38744,1.38774,1551
2025-08-01T10:30:00Z,1.38774,1.38774,1.38667,1.38716,2618
2025-08-01T11:00:00Z,1.38717,1.38737,1.38606,1.38702,2574
2025-08-01T11:30:00Z,1.38703,1.38724,1.38641,1.38706,2018
2025-08-01T12:00:00Z,1.38704,1.38755,1.38688,1.38688,2631
2025-08-01T12:30:00Z,1.38686,1.38695,1.37847,1.37961,13395
2025-08-01T13:00:00Z,1.37959,1.37959,1.37707,1.37710,12802
2025-08-01T13:30:00Z,1.37711,1.37908,1.37623,1.37792,8624
2025-08-01T14:00:00Z,1.37791,1.37832,1.37648,1.37794,9250
2025-08-01T14:30:00Z,1.37796,1.37926,1.37752,1.37884,8785
2025-08-01T15:00:00Z,1.37885,1.37996,1.37844,1.37989,5703
2025-08-01T15:30:00Z,1.37989,1.37994,1.37749,1.37797,3517
2025-08-01T16:00:00Z,1.37797,1.37881,1.37792,1.37877,2705
2025-08-01T16:30:00Z,1.37878,1.37963,1.37856,1.37951,2952
2025-08-01T17:00:00Z,1.37951,1.38082,1.37943,1.38022,3182
2025-08-01T17:30:00Z,1.38021,1.38051,1.37993,1.38022,2391
2025-08-01T18:00:00Z,1.38021,1.38078,1.37970,1.37972,3215
2025-08-01T18:30:00Z,1.37973,1.38170,1.37926,1.38169,4750
2025-08-01T19:00:00Z,1.38169,1.38169,1.38033,1.38049,2849
2025-08-01T19:30:00Z,1.38048,1.38066,1.37859,1.37958,5533
2025-08-01T20:00:00Z,1.37956,1.37969,1.37794,1.37806,1980
2025-08-01T20:30:00Z,1.37808,1.37893,1.37709,1.37850,4195
2025-08-03T21:00:00Z,1.37749,1.37758,1.37655,1.37740,365
2025-08-03T21:30:00Z,1.37757,1.37852,1.37738,1.37851,552
2025-08-03T22:00:00Z,1.37860,1.37861,1.37767,1.37828,1360
2025-08-03T22:30:00Z,1.37826,1.37853,1.37781,1.37790,1751
2025-08-03T23:00:00Z,1.37789,1.37832,1.37764,1.37808,1977
2025-08-03T23:30:00Z,1.37806,1.37828,1.37747,1.37774,1428
2025-08-04T00:00:00Z,1.37776,1.37878,1.37752,1.37867,3686
2025-08-04T00:30:00Z,1.37867,1.37935,1.37866,1.37905,2866
2025-08-04T01:00:00Z,1.37905,1.37944,1.37837,1.37923,3567
2025-08-04T01:30:00Z,1.37921,1.37931,1.37785,1.37788,4172
2025-08-04T02:00:00Z,1.37786,1.37813,1.37722,1.37742,2888
2025-08-04T02:30:00Z,1.37742,1.37786,1.37730,1.37763,3158
2025-08-04T03:00:00Z,1.37761,1.37764,1.37705,1.37733,2865
2025-08-04T03:30:00Z,1.37733,1.37757,1.37721,1.37749,1732
2025-08-04T04:00:00Z,1.37751,1.37762,1.37717,1.37717,984
2025-08-04T04:30:00Z,1.37716,1.37745,1.37700,1.37739,983
2025-08-04T05:00:00Z,1.37740,1.37751,1.37666,1.37713,2409
2025-08-04T05:30:00Z,1.37714,1.37788,1.37713,1.37775,2260
2025-08-04T06:00:00Z,1.37774,1.37823,1.37696,1.37808,4320
2025-08-04T06:30:00Z,1.37803,1.37821,1.37671,1.37710,2872
2025-08-04T07:00:00Z,1.37710,1.37780,1.37677,1.37760,3776
2025-08-04T07:30:00Z,1.37760,1.37842,1.37760,1.37834,3828
2025-08-04T08:00:00Z,1.37834,1.37857,1.37798,1.37814,3279
2025-08-04T08:30:00Z,1.37814,1.37872,1.37810,1.37833,2512
2025-08-04T09:00:00Z,1.37834,1.37853,1.37750,1.37779,3279
2025-08-04T09:30:00Z,1.37778,1.37847,1.37757,1.37840,2958
2025-08-04T10:00:00Z,1.37841,1.37869,1.37800,1.37847,2010
2025-08-04T10:30:00Z,1.37848,1.37896,1.37770,1.37803,2533
2025-08-04T11:00:00Z,1.37802,1.37811,1.37725,1.37764,3024
2025-08-04T11:30:00Z,1.37763,1.37832,1.37750,1.37760,1762
2025-08-04T12:00:00Z,1.37759,1.37821,1.37687,1.37721,4195
2025-08-04T12:30:00Z,1.37720,1.37755,1.37656,1.37725,2566
2025-08-04T13:00:00Z,1.37726,1.37738,1.37600,1.37603,3256
2025-08-04T13:30:00Z,1.37603,1.37684,1.37599,1.37610,3166
2025-08-04T14:00:00Z,1.37611,1.37705,1.37582,1.37631,4495
2025-08-04T14:30:00Z,1.37633,1.37745,1.37579,1.37714,5507
2025-08-04T15:00:00Z,1.37714,1.37799,1.37714,1.37799,4173
2025-08-04T15:30:00Z,1.37797,1.37830,1.37698,1.37755,3820
2025-08-04T16:00:00Z,1.37758,1.37819,1.37737,1.37755,2725
2025-08-04T16:30:00Z,1.37754,1.37794,1.37736,1.37746,2453
2025-08-04T17:00:00Z,1.37749,1.37790,1.37737,1.37785,2712
2025-08-04T17:30:00Z,1.37786,1.37817,1.37743,1.37744,2072
2025-08-04T18:00:00Z,1.37744,1.37783,1.37738,1.37774,1830
2025-08-04T18:30:00Z,1.37772,1.37841,1.37762,1.37837,1623
2025-08-04T19:00:00Z,1.37837,1.37849,1.37749,1.37776,1705
2025-08-04T19:30:00Z,1.37775,1.37800,1.37761,1.37785,1293
2025-08-04T20:00:00Z,1.37782,1.37803,1.37714,1.37734,676
2025-08-04T20:30:00Z,1.37734,1.37794,1.37733,1.37771,771
2025-08-04T21:00:00Z,1.37758,1.37758,1.37724,1.37735,149
2025-08-04T21:30:00Z,1.37737,1.37797,1.37737,1.37765,446
2025-08-04T22:00:00Z,1.37765,1.37783,1.37721,1.37734,806
2025-08-04T22:30:00Z,1.37733,1.37744,1.37710,1.37725,649
2025-08-04T23:00:00Z,1.37722,1.37729,1.37682,1.37694,1341
2025-08-04T23:30:00Z,1.37693,1.37714,1.37688,1.37688,884
2025-08-05T00:00:00Z,1.37687,1.37692,1.37627,1.37686,1572
2025-08-05T00:30:00Z,1.37686,1.37708,1.37667,1.37678,2268
2025-08-05T01:00:00Z,1.37678,1.37774,1.37664,1.37725,3657
2025-08-05T01:30:00Z,1.37724,1.37774,1.37702,1.37763,1880
2025-08-05T02:00:00Z,1.37765,1.37805,1.37765,1.37797,1956
2025-08-05T02:30:00Z,1.37796,1.37858,1.37795,1.37843,1764
2025-08-05T03:00:00Z,1.37842,1.37889,1.37836,1.37880,1201
2025-08-05T03:30:00Z,1.37879,1.37903,1.37860,1.37897,1014
2025-08-05T04:00:00Z,1.37899,1.37909,1.37878,1.37884,1811
2025-08-05T04:30:00Z,1.37884,1.37895,1.37849,1.37858,1174
2025-08-05T05:00:00Z,1.37859,1.37913,1.37858,1.37887,1122
2025-08-05T05:30:00Z,1.37887,1.37942,1.37879,1.37890,2949
2025-08-05T06:00:00Z,1.37890,1.37902,1.37763,1.37794,2609
2025-08-05T06:30:00Z,1.37793,1.37888,1.37793,1.37829,2402
2025-08-05T07:00:00Z,1.37828,1.37852,1.37732,1.37774,2670
2025-08-05T07:30:00Z,1.37774,1.37898,1.37757,1.37810,2489
2025-08-05T08:00:00Z,1.37812,1.37955,1.37812,1.37908,2789
2025-08-05T08:30:00Z,1.37908,1.38091,1.37906,1.38061,3650
2025-08-05T09:00:00Z,1.38060,1.38085,1.37976,1.38004,2122
2025-08-05T09:30:00Z,1.38005,1.38051,1.38005,1.38041,1942
2025-08-05T10:00:00Z,1.38042,1.38091,1.38023,1.38090,2338
2025-08-05T10:30:00Z,1.38088,1.38091,1.38033,1.38039,1761
2025-08-05T11:00:00Z,1.38039,1.38070,1.37974,1.37991,2136
2025-08-05T11:30:00Z,1.37991,1.38099,1.37946,1.37969,3173
2025-08-05T12:00:00Z,1.37969,1.38039,1.37929,1.38024,3016
2025-08-05T12:30:00Z,1.38026,1.38060,1.37906,1.37973,3653
2025-08-05T13:00:00Z,1.37972,1.37993,1.37896,1.37912,3286
2025-08-05T13:30:00Z,1.37911,1.37921,1.37795,1.37839,4499
2025-08-05T14:00:00Z,1.37815,1.37938,1.37696,1.37890,6324
2025-08-05T14:30:00Z,1.37892,1.37952,1.37817,1.37857,6595
2025-08-05T15:00:00Z,1.37858,1.37886,1.37765,1.37825,4260
2025-08-05T15:30:00Z,1.37824,1.37862,1.37794,1.37804,2759
2025-08-05T16:00:00Z,1.37801,1.37822,1.37745,1.37763,3079
2025-08-05T16:30:00Z,1.37765,1.37828,1.37718,1.37775,2901
2025-08-05T17:00:00Z,1.37779,1.37803,1.37726,1.37729,1729
2025-08-05T17:30:00Z,1.37727,1.37806,1.37705,1.37782,1727
2025-08-05T18:00:00Z,1.37784,1.37830,1.37773,1.37818,1339
2025-08-05T18:30:00Z,1.37820,1.37884,1.37792,1.37836,1986
2025-08-05T19:00:00Z,1.37838,1.37874,1.37809,1.37827,1464
2025-08-05T19:30:00Z,1.37826,1.37851,1.37717,1.37724,1675
2025-08-05T20:00:00Z,1.37725,1.37823,1.37704,1.37818,976
2025-08-05T20:30:00Z,1.37818,1.37822,1.37702,1.37714,1444
2025-08-05T21:00:00Z,1.37715,1.37753,1.37713,1.37751,147
2025-08-05T21:30:00Z,1.37749,1.37770,1.37718,1.37734,515
2025-08-05T22:00:00Z,1.37736,1.37765,1.37721,1.37764,894
2025-08-05T22:30:00Z,1.37764,1.37773,1.37716,1.37723,1069
2025-08-05T23:00:00Z,1.37724,1.37744,1.37705,1.37706,1004
2025-08-05T23:30:00Z,1.37707,1.37714,1.37687,1.37708,1268
2025-08-06T00:00:00Z,1.37713,1.37722,1.37655,1.37717,2329
2025-08-06T00:30:00Z,1.37718,1.37747,1.37712,1.37739,2002
2025-08-06T01:00:00Z,1.37739,1.37790,1.37738,1.37769,2647
2025-08-06T01:30:00Z,1.37769,1.37773,1.37718,1.37743,3014
2025-08-06T02:00:00Z,1.37743,1.37760,1.37710,1.37724,2086
2025-08-06T02:30:00Z,1.37725,1.37740,1.37712,1.37727,1901
2025-08-06T03:00:00Z,1.37727,1.37727,1.37678,1.37693,1296
2025-08-06T03:30:00Z,1.37692,1.37707,1.37682,1.37693,1136
2025-08-06T04:00:00Z,1.37693,1.37695,1.37646,1.37663,1561
2025-08-06T04:30:00Z,1.37663,1.37705,1.37648,1.37703,2002
2025-08-06T05:00:00Z,1.37704,1.37729,1.37698,1.37709,1974
2025-08-06T05:30:00Z,1.37709,1.37743,1.37709,1.37727,1753
2025-08-06T06:00:00Z,1.37729,1.37734,1.37648,1.37662,2438
2025-08-06T06:30:00Z,1.37661,1.37676,1.37627,1.37660,2394
2025-08-06T07:00:00Z,1.37661,1.37720,1.37651,1.37679,2432
2025-08-06T07:30:00Z,1.37679,1.37693,1.37633,1.37639,2051
2025-08-06T08:00:00Z,1.37639,1.37746,1.37638,1.37742,2638
2025-08-06T08:30:00Z,1.37743,1.37748,1.37672,1.37683,2094
2025-08-06T09:00:00Z,1.37681,1.37691,1.37658,1.37675,1424
2025-08-06T09:30:00Z,1.37675,1.37693,1.37656,1.37673,1709
2025-08-06T10:00:00Z,1.37675,1.37685,1.37584,1.37653,2339
2025-08-06T10:30:00Z,1.37654,1.37660,1.37534,1.37550,2609
2025-08-06T11:00:00Z,1.37550,1.37581,1.37462,1.37473,2805
2025-08-06T11:30:00Z,1.37472,1.37575,1.37452,1.37571,1550
2025-08-06T12:00:00Z,1.37570,1.37611,1.37550,1.37555,1867
2025-08-06T12:30:00Z,1.37555,1.37571,1.37434,1.37469,2926
2025-08-06T13:00:00Z,1.37469,1.37495,1.37427,1.37464,2601
2025-08-06T13:30:00Z,1.37466,1.37515,1.37408,1.37486,4512
2025-08-06T14:00:00Z,1.37485,1.37546,1.37450,1.37513,5199
2025-08-06T14:30:00Z,1.37513,1.37585,1.37492,1.37521,3728
2025-08-06T15:00:00Z,1.37523,1.37530,1.37385,1.37414,3656
2025-08-06T15:30:00Z,1.37412,1.37544,1.37398,1.37403,4073
2025-08-06T16:00:00Z,1.37401,1.37457,1.37388,1.37443,2414
2025-08-06T16:30:00Z,1.37445,1.37502,1.37434,1.37436,2200
2025-08-06T17:00:00Z,1.37436,1.37460,1.37402,1.37419,2670
2025-08-06T17:30:00Z,1.37419,1.37428,1.37358,1.37388,1381
2025-08-06T18:00:00Z,1.37387,1.37431,1.37370,1.37379,1226
2025-08-06T18:30:00Z,1.37381,1.37415,1.37347,1.37414,2053
2025-08-06T19:00:00Z,1.37414,1.37477,1.37409,1.37474,1253
2025-08-06T19:30:00Z,1.37474,1.37476,1.37393,1.37415,1779
2025-08-06T20:00:00Z,1.37414,1.37448,1.37368,1.37406,899
2025-08-06T20:30:00Z,1.37406,1.37448,1.37364,1.37388,1518
2025-08-06T21:00:00Z,1.37389,1.37390,1.37360,1.37372,260
2025-08-06T21:30:00Z,1.37372,1.37415,1.37372,1.37378,867
2025-08-06T22:00:00Z,1.37370,1.37418,1.37365,1.37417,735
2025-08-06T22:30:00Z,1.37417,1.37429,1.37404,1.37405,492
2025-08-06T23:00:00Z,1.37407,1.37411,1.37385,1.37402,631
2025-08-06T23:30:00Z,1.37401,1.37413,1.37389,1.37392,970
2025-08-07T00:00:00Z,1.37393,1.37442,1.37388,1.37423,2828
2025-08-07T00:30:00Z,1.37424,1.37445,1.37410,1.37437,1741
2025-08-07T01:00:00Z,1.37436,1.37458,1.37409,1.37448,2747
2025-08-07T01:30:00Z,1.37449,1.37450,1.37355,1.37390,3489
2025-08-07T02:00:00Z,1.37391,1.37396,1.37328,1.37381,2247
2025-08-07T02:30:00Z,1.37381,1.37392,1.37359,1.37381,2403
2025-08-07T03:00:00Z,1.37380,1.37415,1.37373,1.37387,2283
2025-08-07T03:30:00Z,1.37385,1.37394,1.37336,1.37346,1983
2025-08-07T04:00:00Z,1.37348,1.37356,1.37295,1.37307,2349
2025-08-07T04:30:00Z,1.37307,1.37314,1.37288,1.37305,1364
2025-08-07T05:00:00Z,1.37307,1.37352,1.37296,1.37343,1515
2025-08-07T05:30:00Z,1.37342,1.37358,1.37317,1.37336,1377
2025-08-07T06:00:00Z,1.37337,1.37337,1.37269,1.37270,2081
2025-08-07T06:30:00Z,1.37270,1.37282,1.37246,1.37278,1744
2025-08-07T07:00:00Z,1.37278,1.37311,1.37261,1.37269,2072
2025-08-07T07:30:00Z,1.37270,1.37281,1.37211,1.37228,1889
2025-08-07T08:00:00Z,1.37228,1.37355,1.37221,1.37335,2963
2025-08-07T08:30:00Z,1.37333,1.37357,1.37304,1.37321,2257
2025-08-07T09:00:00Z,1.37321,1.37342,1.37280,1.37285,1806
2025-08-07T09:30:00Z,1.37284,1.37333,1.37279,1.37326,1937
2025-08-07T10:00:00Z,1.37324,1.37355,1.37321,1.37343,1726
2025-08-07T10:30:00Z,1.37341,1.37341,1.37264,1.37270,1987
2025-08-07T11:00:00Z,1.37273,1.37390,1.37213,1.37372,3765
2025-08-07T11:30:00Z,1.37371,1.37443,1.37366,1.37413,1844
2025-08-07T12:00:00Z,1.37412,1.37436,1.37374,1.37391,2421
2025-08-07T12:30:00Z,1.37391,1.37419,1.37317,1.37373,2704
2025-08-07T13:00:00Z,1.37374,1.37384,1.37317,1.37320,2573
2025-08-07T13:30:00Z,1.37319,1.37510,1.37301,1.37489,3497
2025-08-07T14:00:00Z,1.37487,1.37673,1.37464,1.37661,5507
2025-08-07T14:30:00Z,1.37661,1.37733,1.37618,1.37618,5475
2025-08-07T15:00:00Z,1.37619,1.37661,1.37555,1.37568,4293
2025-08-07T15:30:00Z,1.37569,1.37585,1.37467,1.37500,2709
2025-08-07T16:00:00Z,1.37501,1.37532,1.37463,1.37491,2056
2025-08-07T16:30:00Z,1.37490,1.37550,1.37475,1.37523,1170
2025-08-07T17:00:00Z,1.37522,1.37538,1.37472,1.37528,2527
2025-08-07T17:30:00Z,1.37529,1.37550,1.37493,1.37530,1376
2025-08-07T18:00:00Z,1.37530,1.37605,1.37493,1.37599,1203
2025-08-07T18:30:00Z,1.37601,1.37664,1.37585,1.37657,1416
2025-08-07T19:00:00Z,1.37658,1.37671,1.37623,1.37627,994
2025-08-07T19:30:00Z,1.37626,1.37626,1.37430,1.37441,3882
2025-08-07T20:00:00Z,1.37441,1.37443,1.37386,1.37400,926
2025-08-07T20:30:00Z,1.37401,1.37483,1.37401,1.37428,1409
2025-08-07T21:00:00Z,1.37428,1.37492,1.37400,1.37412,223
2025-08-07T21:30:00Z,1.37421,1.37453,1.37408,1.37420,629
2025-08-07T22:00:00Z,1.37419,1.37442,1.37391,1.37425,996
2025-08-07T22:30:00Z,1.37426,1.37427,1.37347,1.37349,1897
2025-08-07T23:00:00Z,1.37349,1.37377,1.37326,1.37328,1106
2025-08-07T23:30:00Z,1.37329,1.37358,1.37311,1.37319,988
2025-08-08T00:00:00Z,1.37320,1.37433,1.37312,1.37427,2574
2025-08-08T00:30:00Z,1.37430,1.37430,1.37377,1.37379,1967
2025-08-08T01:00:00Z,1.37377,1.37485,1.37332,1.37450,2367
2025-08-08T01:30:00Z,1.37451,1.37473,1.37432,1.37449,1442
2025-08-08T02:00:00Z,1.37449,1.37456,1.37396,1.37396,1409
2025-08-08T02:30:00Z,1.37396,1.37418,1.37382,1.37398,1551
2025-08-08T03:00:00Z,1.37398,1.37437,1.37396,1.37416,1503
2025-08-08T03:30:00Z,1.37417,1.37425,1.37385,1.37388,1456
2025-08-08T04:00:00Z,1.37387,1.37400,1.37361,1.37388,1642
2025-08-08T04:30:00Z,1.37388,1.37409,1.37384,1.37406,1086
2025-08-08T05:00:00Z,1.37406,1.37472,1.37395,1.37468,2227
2025-08-08T05:30:00Z,1.37468,1.37490,1.37455,1.37480,1833
2025-08-08T06:00:00Z,1.37482,1.37483,1.37399,1.37424,1869
2025-08-08T06:30:00Z,1.37426,1.37439,1.37400,1.37422,2176
2025-08-08T07:00:00Z,1.37420,1.37428,1.37318,1.37330,3591
2025-08-08T07:30:00Z,1.37330,1.37350,1.37284,1.37323,2704
2025-08-08T08:00:00Z,1.37323,1.37323,1.37269,1.37299,1843
2025-08-08T08:30:00Z,1.37299,1.37387,1.37299,1.37358,2400
2025-08-08T09:00:00Z,1.37357,1.37357,1.37313,1.37352,2709
2025-08-08T09:30:00Z,1.37355,1.37358,1.37268,1.37280,2743
2025-08-08T10:00:00Z,1.37280,1.37311,1.37253,1.37307,2150
2025-08-08T10:30:00Z,1.37306,1.37325,1.37282,1.37283,2084
2025-08-08T11:00:00Z,1.37282,1.37320,1.37272,1.37312,1591
2025-08-08T11:30:00Z,1.37313,1.37391,1.37283,1.37377,1182
2025-08-08T12:00:00Z,1.37377,1.37457,1.37366,1.37425,1592
2025-08-08T12:30:00Z,1.37424,1.37622,1.37424,1.37577,4524
2025-08-08T13:00:00Z,1.37577,1.37581,1.37422,1.37469,3199
2025-08-08T13:30:00Z,1.37469,1.37562,1.37460,1.37510,2648
2025-08-08T14:00:00Z,1.37510,1.37565,1.37441,1.37545,3765
2025-08-08T14:30:00Z,1.37546,1.37558,1.37484,1.37544,3504
2025-08-08T15:00:00Z,1.37545,1.37552,1.37470,1.37480,2021
2025-08-08T15:30:00Z,1.37480,1.37565,1.37472,1.37526,1853
2025-08-08T16:00:00Z,1.37525,1.37556,1.37491,1.37528,1705
2025-08-08T16:30:00Z,1.37526,1.37550,1.37478,1.37517,1709
2025-08-08T17:00:00Z,1.37516,1.37540,1.37440,1.37441,2121
2025-08-08T17:30:00Z,1.37440,1.37498,1.37418,1.37497,1514
2025-08-08T18:00:00Z,1.37496,1.37516,1.37429,1.37465,3975
2025-08-08T18:30:00Z,1.37465,1.37537,1.37448,1.37505,1243
2025-08-08T19:00:00Z,1.37507,1.37571,1.37504,1.37554,953
2025-08-08T19:30:00Z,1.37553,1.37587,1.37548,1.37569,857
2025-08-08T20:00:00Z,1.37567,1.37581,1.37528,1.37561,1155
2025-08-08T20:30:00Z,1.37559,1.37629,1.37519,1.37529,3273
2025-08-10T21:00:00Z,1.37492,1.37525,1.37484,1.37509,96
2025-08-10T21:30:00Z,1.37508,1.37533,1.37504,1.37529,410
2025-08-10T22:00:00Z,1.37529,1.37540,1.37515,1.37534,709
2025-08-10T22:30:00Z,1.37533,1.37544,1.37523,1.37524,516
2025-08-10T23:00:00Z,1.37523,1.37548,1.37497,1.37513,844
2025-08-10T23:30:00Z,1.37512,1.37532,1.37504,1.37528,631
2025-08-11T00:00:00Z,1.37529,1.37566,1.37520,1.37539,1759
2025-08-11T00:30:00Z,1.37540,1.37594,1.37535,1.37581,1099
2025-08-11T01:00:00Z,1.37581,1.37604,1.37569,1.37574,984
2025-08-11T01:30:00Z,1.37574,1.37575,1.37525,1.37529,2378
2025-08-11T02:00:00Z,1.37528,1.37528,1.37479,1.37483,1537
2025-08-11T02:30:00Z,1.37483,1.37505,1.37480,1.37482,969
2025-08-11T03:00:00Z,1.37481,1.37498,1.37445,1.37459,1200
2025-08-11T03:30:00Z,1.37459,1.37468,1.37446,1.37456,1102
2025-08-11T04:00:00Z,1.37455,1.37490,1.37447,1.37487,1127
2025-08-11T04:30:00Z,1.37486,1.37508,1.37481,1.37504,1064
2025-08-11T05:00:00Z,1.37505,1.37520,1.37496,1.37516,1194
2025-08-11T05:30:00Z,1.37515,1.37531,1.37498,1.37510,1341
2025-08-11T06:00:00Z,1.37512,1.37559,1.37489,1.37556,1869
2025-08-11T06:30:00Z,1.37556,1.37582,1.37551,1.37567,1326
2025-08-11T07:00:00Z,1.37567,1.37691,1.37567,1.37648,2654
2025-08-11T07:30:00Z,1.37649,1.37737,1.37647,1.37689,2342
2025-08-11T08:00:00Z,1.37689,1.37707,1.37628,1.37663,2361
2025-08-11T08:30:00Z,1.37663,1.37673,1.37630,1.37640,1740
2025-08-11T09:00:00Z,1.37642,1.37716,1.37625,1.37697,1737
2025-08-11T09:30:00Z,1.37697,1.37750,1.37696,1.37737,1446
2025-08-11T10:00:00Z,1.37738,1.37738,1.37662,1.37662,1227
2025-08-11T10:30:00Z,1.37662,1.37705,1.37654,1.37680,1648
2025-08-11T11:00:00Z,1.37680,1.37779,1.37669,1.37741,1742
2025-08-11T11:30:00Z,1.37742,1.37834,1.37730,1.37795,1812
2025-08-11T12:00:00Z,1.37796,1.37918,1.37779,1.37884,2849
2025-08-11T12:30:00Z,1.37884,1.37946,1.37878,1.37885,2485
2025-08-11T13:00:00Z,1.37886,1.37897,1.37753,1.37785,2845
2025-08-11T13:30:00Z,1.37785,1.37819,1.37733,1.37794,3949
2025-08-11T14:00:00Z,1.37794,1.37907,1.37782,1.37895,3655
2025-08-11T14:30:00Z,1.37896,1.37941,1.37860,1.37909,3278
2025-08-11T15:00:00Z,1.37909,1.37950,1.37868,1.37868,3075
2025-08-11T15:30:00Z,1.37869,1.37886,1.37821,1.37841,2570
2025-08-11T16:00:00Z,1.37841,1.37860,1.37803,1.37825,1977
2025-08-11T16:30:00Z,1.37825,1.37862,1.37820,1.37834,1729
2025-08-11T17:00:00Z,1.37834,1.37865,1.37817,1.37818,1332
2025-08-11T17:30:00Z,1.37817,1.37843,1.37779,1.37797,1942
2025-08-11T18:00:00Z,1.37796,1.37833,1.37767,1.37768,1880
2025-08-11T18:30:00Z,1.37766,1.37798,1.37751,1.37777,1631
2025-08-11T19:00:00Z,1.37777,1.37828,1.37765,1.37817,1538
2025-08-11T19:30:00Z,1.37817,1.37870,1.37814,1.37815,1745
2025-08-11T20:00:00Z,1.37817,1.37844,1.37783,1.37787,851
2025-08-11T20:30:00Z,1.37785,1.37791,1.37742,1.37777,1016
2025-08-11T21:00:00Z,1.37774,1.37796,1.37736,1.37792,155
2025-08-11T21:30:00Z,1.37790,1.37795,1.37786,1.37791,629
2025-08-11T22:00:00Z,1.37799,1.37799,1.37762,1.37784,732
2025-08-11T22:30:00Z,1.37785,1.37795,1.37751,1.37765,749
2025-08-11T23:00:00Z,1.37766,1.37766,1.37737,1.37737,916
2025-08-11T23:30:00Z,1.37738,1.37744,1.37733,1.37743,560
2025-08-12T00:00:00Z,1.37743,1.37777,1.37736,1.37762,1940
2025-08-12T00:30:00Z,1.37763,1.37792,1.37741,1.37788,1781
2025-08-12T01:00:00Z,1.37787,1.37800,1.37757,1.37786,2338
2025-08-12T01:30:00Z,1.37785,1.37785,1.37730,1.37758,2344
2025-08-12T02:00:00Z,1.37759,1.37759,1.37715,1.37728,1733
2025-08-12T02:30:00Z,1.37728,1.37741,1.37713,1.37728,1269
2025-08-12T03:00:00Z,1.37727,1.37736,1.37714,1.37734,1560
2025-08-12T03:30:00Z,1.37734,1.37771,1.37727,1.37771,1409
2025-08-12T04:00:00Z,1.37772,1.37791,1.37762,1.37784,1523
2025-08-12T04:30:00Z,1.37784,1.37840,1.37734,1.37739,2307
2025-08-12T05:00:00Z,1.37739,1.37815,1.37733,1.37770,2977
2025-08-12T05:30:00Z,1.37771,1.37799,1.37739,1.37773,2623
2025-08-12T06:00:00Z,1.37774,1.37801,1.37735,1.37784,3495
2025-08-12T06:30:00Z,1.37784,1.37850,1.37770,1.37837,3135
2025-08-12T07:00:00Z,1.37836,1.37836,1.37759,1.37759,2935
2025-08-12T07:30:00Z,1.37760,1.37809,1.37749,1.37789,1912
2025-08-12T08:00:00Z,1.37788,1.37910,1.37758,1.37897,1999
2025-08-12T08:30:00Z,1.37897,1.37919,1.37854,1.37885,2424
2025-08-12T09:00:00Z,1.37886,1.37919,1.37871,1.37888,1552
2025-08-12T09:30:00Z,1.37887,1.37923,1.37870,1.37908,2145
2025-08-12T10:00:00Z,1.37909,1.37909,1.37846,1.37874,1481
2025-08-12T10:30:00Z,1.37876,1.37927,1.37864,1.37922,1288
2025-08-12T11:00:00Z,1.37922,1.38014,1.37920,1.37996,1919
2025-08-12T11:30:00Z,1.37997,1.38057,1.37975,1.37977,1736
2025-08-12T12:00:00Z,1.37976,1.38034,1.37939,1.37996,2472
2025-08-12T12:30:00Z,1.37982,1.37983,1.37643,1.37793,9578
2025-08-12T13:00:00Z,1.37797,1.37933,1.37784,1.37866,9836
2025-08-12T13:30:00Z,1.37866,1.37916,1.37719,1.37846,10080
2025-08-12T14:00:00Z,1.37847,1.37847,1.37703,1.37765,6563
2025-08-12T14:30:00Z,1.37765,1.37801,1.37704,1.37713,4926
2025-08-12T15:00:00Z,1.37712,1.37726,1.37552,1.37563,5680
2025-08-12T15:30:00Z,1.37562,1.37645,1.37536,1.37635,4723
2025-08-12T16:00:00Z,1.37634,1.37682,1.37596,1.37598,3009
2025-08-12T16:30:00Z,1.37597,1.37646,1.37567,1.37618,2696
2025-08-12T17:00:00Z,1.37619,1.37734,1.37617,1.37713,3314
2025-08-12T17:30:00Z,1.37713,1.37713,1.37647,1.37683,2022
2025-08-12T18:00:00Z,1.37680,1.37768,1.37643,1.37752,1934
2025-08-12T18:30:00Z,1.37753,1.37795,1.37746,1.37772,2050
2025-08-12T19:00:00Z,1.37770,1.37840,1.37761,1.37761,2642
2025-08-12T19:30:00Z,1.37763,1.37798,1.37743,1.37767,1810
2025-08-12T20:00:00Z,1.37768,1.37791,1.37745,1.37769,1041
2025-08-12T20:30:00Z,1.37768,1.37786,1.37708,1.37714,1452
2025-08-12T21:00:00Z,1.37711,1.37725,1.37636,1.37696,850
2025-08-12T21:30:00Z,1.37699,1.37720,1.37699,1.37718,550
2025-08-12T22:00:00Z,1.37718,1.37743,1.37706,1.37706,1050
2025-08-12T22:30:00Z,1.37707,1.37725,1.37670,1.37676,1248
2025-08-12T23:00:00Z,1.37676,1.37699,1.37646,1.37689,1185
2025-08-12T23:30:00Z,1.37688,1.37705,1.37680,1.37697,468
2025-08-13T00:00:00Z,1.37698,1.37772,1.37686,1.37771,1273
2025-08-13T00:30:00Z,1.37771,1.37801,1.37764,1.37780,1369
2025-08-13T01:00:00Z,1.37780,1.37801,1.37746,1.37800,1792
2025-08-13T01:30:00Z,1.37800,1.37804,1.37774,1.37788,1762
2025-08-13T02:00:00Z,1.37787,1.37814,1.37761,1.37773,1425
2025-08-13T02:30:00Z,1.37772,1.37775,1.37728,1.37753,1791
2025-08-13T03:00:00Z,1.37754,1.37766,1.37742,1.37755,1594
2025-08-13T03:30:00Z,1.37757,1.37765,1.37734,1.37765,1651
2025-08-13T04:00:00Z,1.37765,1.37775,1.37743,1.37762,1300
2025-08-13T04:30:00Z,1.37764,1.37773,1.37746,1.37756,1710
2025-08-13T05:00:00Z,1.37754,1.37782,1.37748,1.37782,1117
2025-08-13T05:30:00Z,1.37782,1.37811,1.37765,1.37798,1555
2025-08-13T06:00:00Z,1.37797,1.37797,1.37697,1.37716,2539
2025-08-13T06:30:00Z,1.37716,1.37719,1.37653,1.37683,2603
2025-08-13T07:00:00Z,1.37681,1.37681,1.37548,1.37551,2948
2025-08-13T07:30:00Z,1.37552,1.37622,1.37535,1.37619,2746
2025-08-13T08:00:00Z,1.37618,1.37632,1.37571,1.37620,3835
2025-08-13T08:30:00Z,1.37620,1.37679,1.37603,1.37629,2830
2025-08-13T09:00:00Z,1.37627,1.37629,1.37533,1.37560,3087
2025-08-13T09:30:00Z,1.37559,1.37580,1.37516,1.37518,3027
2025-08-13T10:00:00Z,1.37519,1.37592,1.37510,1.37580,2484
2025-08-13T10:30:00Z,1.37580,1.37593,1.37566,1.37570,2000
2025-08-13T11:00:00Z,1.37571,1.37636,1.37569,1.37600,2821
2025-08-13T11:30:00Z,1.37601,1.37610,1.37525,1.37561,3005
2025-08-13T12:00:00Z,1.37560,1.37625,1.37548,1.37620,2242
2025-08-13T12:30:00Z,1.37618,1.37710,1.37606,1.37701,2576
2025-08-13T13:00:00Z,1.37702,1.37747,1.37682,1.37695,2631
2025-08-13T13:30:00Z,1.37695,1.37711,1.37612,1.37621,3879
2025-08-13T14:00:00Z,1.37622,1.37663,1.37583,1.37597,3316
2025-08-13T14:30:00Z,1.37596,1.37722,1.37555,1.37604,4256
2025-08-13T15:00:00Z,1.37604,1.37712,1.37600,1.37675,4085
2025-08-13T15:30:00Z,1.37673,1.37673,1.37614,1.37656,2107
2025-08-13T16:00:00Z,1.37655,1.37676,1.37631,1.37657,1256
2025-08-13T16:30:00Z,1.37658,1.37702,1.37632,1.37699,1538
2025-08-13T17:00:00Z,1.37699,1.37710,1.37632,1.37674,1467
2025-08-13T17:30:00Z,1.37675,1.37696,1.37658,1.37694,1588
2025-08-13T18:00:00Z,1.37693,1.37732,1.37678,1.37703,1831
2025-08-13T18:30:00Z,1.37701,1.37728,1.37684,1.37699,1906
2025-08-13T19:00:00Z,1.37700,1.37715,1.37668,1.37674,1623
2025-08-13T19:30:00Z,1.37672,1.37699,1.37617,1.37624,1400
2025-08-13T20:00:00Z,1.37624,1.37640,1.37606,1.37616,596
2025-08-13T20:30:00Z,1.37616,1.37656,1.37555,1.37571,1212
2025-08-13T21:00:00Z,1.37571,1.37585,1.37538,1.37582,506
2025-08-13T21:30:00Z,1.37585,1.37599,1.37576,1.37586,372
2025-08-13T22:00:00Z,1.37606,1.37620,1.37583,1.37588,938
2025-08-13T22:30:00Z,1.37587,1.37589,1.37526,1.37531,807
2025-08-13T23:00:00Z,1.37530,1.37552,1.37516,1.37526,973
2025-08-13T23:30:00Z,1.37527,1.37533,1.37509,1.37520,759
2025-08-14T00:00:00Z,1.37520,1.37533,1.37509,1.37520,1659
2025-08-14T00:30:00Z,1.37520,1.37533,1.37496,1.37511,1431
2025-08-14T01:00:00Z,1.37512,1.37517,1.37475,1.37495,2393
2025-08-14T01:30:00Z,1.37497,1.37499,1.37440,1.37471,3204
2025-08-14T02:00:00Z,1.37472,1.37532,1.37472,1.37528,1605
2025-08-14T02:30:00Z,1.37528,1.37608,1.37528,1.37578,1177
2025-08-14T03:00:00Z,1.37578,1.37616,1.37577,1.37602,1384
2025-08-14T03:30:00Z,1.37603,1.37640,1.37600,1.37621,1800
2025-08-14T04:00:00Z,1.37622,1.37634,1.37588,1.37596,1652
2025-08-14T04:30:00Z,1.37595,1.37598,1.37563,1.37577,1460
2025-08-14T05:00:00Z,1.37578,1.37625,1.37574,1.37623,1694
2025-08-14T05:30:00Z,1.37623,1.37639,1.37587,1.37621,1944
2025-08-14T06:00:00Z,1.37622,1.37641,1.37562,1.37594,3294
2025-08-14T06:30:00Z,1.37594,1.37699,1.37584,1.37697,2887
2025-08-14T07:00:00Z,1.37697,1.37727,1.37631,1.37691,4641
2025-08-14T07:30:00Z,1.37690,1.37789,1.37685,1.37735,3658
2025-08-14T08:00:00Z,1.37736,1.37776,1.37728,1.37747,3054
2025-08-14T08:30:00Z,1.37749,1.37832,1.37711,1.37814,2652
2025-08-14T09:00:00Z,1.37811,1.37817,1.37729,1.37746,2288
2025-08-14T09:30:00Z,1.37744,1.37773,1.37709,1.37762,2694
2025-08-14T10:00:00Z,1.37761,1.37778,1.37704,1.37731,2516
2025-08-14T10:30:00Z,1.37731,1.37769,1.37698,1.37749,2271
2025-08-14T11:00:00Z,1.37749,1.37833,1.37736,1.37822,2512
2025-08-14T11:30:00Z,1.37824,1.37848,1.37782,1.37839,1718
2025-08-14T12:00:00Z,1.37837,1.37870,1.37809,1.37846,2356
2025-08-14T12:30:00Z,1.37846,1.38012,1.37835,1.37957,6609
2025-08-14T13:00:00Z,1.37957,1.38083,1.37954,1.38078,4990
2025-08-14T13:30:00Z,1.38078,1.38126,1.37996,1.38120,5341
2025-08-14T14:00:00Z,1.38121,1.38121,1.37930,1.37935,6065
2025-08-14T14:30:00Z,1.37935,1.37967,1.37893,1.37904,5439
2025-08-14T15:00:00Z,1.37903,1.38021,1.37896,1.37993,4105
2025-08-14T15:30:00Z,1.37992,1.38112,1.37972,1.38065,4093
2025-08-14T16:00:00Z,1.38064,1.38156,1.38042,1.38117,3116
2025-08-14T16:30:00Z,1.38117,1.38173,1.38113,1.38143,2253
2025-08-14T17:00:00Z,1.38143,1.38145,1.38083,1.38095,1817
2025-08-14T17:30:00Z,1.38096,1.38191,1.38093,1.38113,2069
2025-08-14T18:00:00Z,1.38115,1.38186,1.38113,1.38155,3112
2025-08-14T18:30:00Z,1.38152,1.38164,1.38109,1.38128,1894
2025-08-14T19:00:00Z,1.38129,1.38131,1.38064,1.38075,1936
2025-08-14T19:30:00Z,1.38073,1.38123,1.38050,1.38121,1989
2025-08-14T20:00:00Z,1.38122,1.38153,1.38107,1.38140,684
2025-08-14T20:30:00Z,1.38139,1.38185,1.38138,1.38154,1080
2025-08-14T21:00:00Z,1.38153,1.38155,1.38109,1.38150,145
2025-08-14T21:30:00Z,1.38151,1.38151,1.38132,1.38144,624
2025-08-14T22:00:00Z,1.38145,1.38148,1.38127,1.38136,640
2025-08-14T22:30:00Z,1.38136,1.38143,1.38126,1.38126,497
2025-08-14T23:00:00Z,1.38125,1.38139,1.38124,1.38129,372
2025-08-14T23:30:00Z,1.38129,1.38137,1.38116,1.38129,657
2025-08-15T00:00:00Z,1.38128,1.38147,1.38115,1.38133,1591
2025-08-15T00:30:00Z,1.38132,1.38137,1.38098,1.38111,2340
2025-08-15T01:00:00Z,1.38110,1.38136,1.38095,1.38118,1843
2025-08-15T01:30:00Z,1.38123,1.38143,1.38071,1.38089,2011
2025-08-15T02:00:00Z,1.38089,1.38132,1.38071,1.38126,1876
2025-08-15T02:30:00Z,1.38125,1.38125,1.38067,1.38068,1523
2025-08-15T03:00:00Z,1.38069,1.38069,1.38039,1.38042,1455
2025-08-15T03:30:00Z,1.38040,1.38044,1.38012,1.38032,1677
2025-08-15T04:00:00Z,1.38031,1.38048,1.38021,1.38035,1273
2025-08-15T04:30:00Z,1.38036,1.38046,1.38012,1.38017,877
2025-08-15T05:00:00Z,1.38017,1.38026,1.38011,1.38022,981
2025-08-15T05:30:00Z,1.38021,1.38042,1.38001,1.38001,1033
2025-08-15T06:00:00Z,1.38002,1.38065,1.38000,1.38051,2307
2025-08-15T06:30:00Z,1.38051,1.38053,1.37941,1.37963,1492
2025-08-15T07:00:00Z,1.37962,1.37973,1.37907,1.37931,1503
2025-08-15T07:30:00Z,1.37929,1.37974,1.37922,1.37930,1943
2025-08-15T08:00:00Z,1.37929,1.37985,1.37910,1.37974,1793
2025-08-15T08:30:00Z,1.37974,1.37997,1.37956,1.37969,2125
2025-08-15T09:00:00Z,1.37969,1.37973,1.37918,1.37930,1669
2025-08-15T09:30:00Z,1.37930,1.37978,1.37926,1.37934,1719
2025-08-15T10:00:00Z,1.37933,1.37942,1.37890,1.37936,1468
2025-08-15T10:30:00Z,1.37937,1.37956,1.37872,1.37880,1816
2025-08-15T11:00:00Z,1.37880,1.37912,1.37878,1.37897,1630
2025-08-15T11:30:00Z,1.37897,1.37944,1.37893,1.37901,1275
2025-08-15T12:00:00Z,1.37902,1.37964,1.37878,1.37950,1967
2025-08-15T12:30:00Z,1.37948,1.38018,1.37876,1.37931,3464
2025-08-15T13:00:00Z,1.37927,1.38037,1.37890,1.38003,3217
2025-08-15T13:30:00Z,1.38001,1.38039,1.37957,1.37994,4764
2025-08-15T14:00:00Z,1.37999,1.38020,1.37879,1.37986,4477
2025-08-15T14:30:00Z,1.37989,1.38084,1.37974,1.38054,3938
2025-08-15T15:00:00Z,1.38054,1.38063,1.37952,1.38035,3786
2025-08-15T15:30:00Z,1.38036,1.38111,1.38036,1.38087,2217
2025-08-15T16:00:00Z,1.38086,1.38129,1.38076,1.38111,1552
2025-08-15T16:30:00Z,1.38110,1.38130,1.38094,1.38094,946
2025-08-15T17:00:00Z,1.38096,1.38154,1.38086,1.38133,1217
2025-08-15T17:30:00Z,1.38132,1.38150,1.38109,1.38123,1126
2025-08-15T18:00:00Z,1.38122,1.38159,1.38098,1.38132,989
2025-08-15T18:30:00Z,1.38133,1.38150,1.38120,1.38130,934
2025-08-15T19:00:00Z,1.38130,1.38152,1.38112,1.38113,1247
2025-08-15T19:30:00Z,1.38113,1.38143,1.38094,1.38140,1035
2025-08-15T20:00:00Z,1.38140,1.38140,1.38067,1.38111,884
2025-08-15T20:30:00Z,1.38110,1.38188,1.38106,1.38182,1716
2025-08-17T21:00:00Z,1.38118,1.38119,1.38103,1.38115,151
2025-08-17T21:30:00Z,1.38114,1.38125,1.38110,1.38124,139
2025-08-17T22:00:00Z,1.38124,1.38139,1.38105,1.38134,512
2025-08-17T22:30:00Z,1.38135,1.38140,1.38093,1.38104,855
2025-08-17T23:00:00Z,1.38104,1.38151,1.38093,1.38138,1044
2025-08-17T23:30:00Z,1.38137,1.38168,1.38137,1.38149,635
2025-08-18T00:00:00Z,1.38150,1.38150,1.38054,1.38054,1917
2025-08-18T00:30:00Z,1.38054,1.38099,1.38053,1.38072,1334
2025-08-18T01:00:00Z,1.38071,1.38078,1.38048,1.38066,1642
2025-08-18T01:30:00Z,1.38066,1.38084,1.38019,1.38039,1750
2025-08-18T02:00:00Z,1.38040,1.38086,1.38030,1.38079,1170
2025-08-18T02:30:00Z,1.38082,1.38095,1.38063,1.38083,993
2025-08-18T03:00:00Z,1.38083,1.38085,1.38036,1.38038,1132
2025-08-18T03:30:00Z,1.38038,1.38046,1.38018,1.38026,1303
2025-08-18T04:00:00Z,1.38028,1.38034,1.38006,1.38011,1407
2025-08-18T04:30:00Z,1.38011,1.38011,1.37979,1.38005,1127
2025-08-18T05:00:00Z,1.38003,1.38034,1.37998,1.38016,1371
2025-08-18T05:30:00Z,1.38014,1.38037,1.38007,1.38019,976
2025-08-18T06:00:00Z,1.38018,1.38093,1.38004,1.38086,1916
2025-08-18T06:30:00Z,1.38086,1.38088,1.38034,1.38035,1792
2025-08-18T07:00:00Z,1.38034,1.38040,1.37958,1.37978,2472
2025-08-18T07:30:00Z,1.37978,1.38031,1.37957,1.38016,2143
2025-08-18T08:00:00Z,1.38017,1.38055,1.37940,1.37943,2488
2025-08-18T08:30:00Z,1.37942,1.37957,1.37914,1.37933,2219
2025-08-18T09:00:00Z,1.37934,1.37968,1.37920,1.37935,1126
2025-08-18T09:30:00Z,1.37936,1.37984,1.37936,1.37979,1665
2025-08-18T10:00:00Z,1.37981,1.37981,1.37944,1.37957,1044
2025-08-18T10:30:00Z,1.37958,1.37961,1.37919,1.37950,1058
2025-08-18T11:00:00Z,1.37947,1.37970,1.37922,1.37927,1172
2025-08-18T11:30:00Z,1.37928,1.37964,1.37903,1.37932,1267
2025-08-18T12:00:00Z,1.37931,1.37937,1.37825,1.37874,1857
2025-08-18T12:30:00Z,1.37873,1.37927,1.37869,1.37906,2011
2025-08-18T13:00:00Z,1.37907,1.37982,1.37904,1.37958,2002
2025-08-18T13:30:00Z,1.37958,1.38087,1.37954,1.38084,2753
2025-08-18T14:00:00Z,1.38085,1.38170,1.38049,1.38160,3278
2025-08-18T14:30:00Z,1.38166,1.38269,1.38166,1.38235,2782
2025-08-18T15:00:00Z,1.38234,1.38309,1.38230,1.38259,2657
2025-08-18T15:30:00Z,1.38259,1.38274,1.38132,1.38154,2114
2025-08-18T16:00:00Z,1.38154,1.38163,1.38074,1.38086,1747
2025-08-18T16:30:00Z,1.38086,1.38148,1.38076,1.38121,1715
2025-08-18T17:00:00Z,1.38123,1.38140,1.38074,1.38093,1476
2025-08-18T17:30:00Z,1.38092,1.38128,1.38061,1.38107,1331
2025-08-18T18:00:00Z,1.38105,1.38127,1.38047,1.38087,1446
2025-08-18T18:30:00Z,1.38088,1.38129,1.38077,1.38116,1712
2025-08-18T19:00:00Z,1.38116,1.38125,1.38066,1.38071,1334
2025-08-18T19:30:00Z,1.38069,1.38077,1.38014,1.38053,1649
2025-08-18T20:00:00Z,1.38053,1.38089,1.38035,1.38080,812
2025-08-18T20:30:00Z,1.38081,1.38081,1.37989,1.38020,1065
2025-08-18T21:00:00Z,1.38015,1.38015,1.37948,1.37992,230
2025-08-18T21:30:00Z,1.37992,1.38016,1.37990,1.38015,529
2025-08-18T22:00:00Z,1.38013,1.38032,1.37956,1.38018,990
2025-08-18T22:30:00Z,1.38018,1.38025,1.37980,1.38000,873
2025-08-18T23:00:00Z,1.37999,1.38039,1.37998,1.38029,867
2025-08-18T23:30:00Z,1.38030,1.38047,1.38012,1.38022,1162
2025-08-19T00:00:00Z,1.38021,1.38053,1.38014,1.38052,1940
2025-08-19T00:30:00Z,1.38051,1.38102,1.38032,1.38088,2218
2025-08-19T01:00:00Z,1.38088,1.38147,1.38076,1.38147,2811
2025-08-19T01:30:00Z,1.38147,1.38176,1.38105,1.38126,2996
2025-08-19T02:00:00Z,1.38127,1.38144,1.38096,1.38108,3299
2025-08-19T02:30:00Z,1.38108,1.38109,1.38086,1.38093,1879
2025-08-19T03:00:00Z,1.38091,1.38101,1.38058,1.38066,2569
2025-08-19T03:30:00Z,1.38066,1.38113,1.38057,1.38107,2249
2025-08-19T04:00:00Z,1.38108,1.38120,1.38085,1.38104,2046
2025-08-19T04:30:00Z,1.38104,1.38115,1.38065,1.38085,1704
2025-08-19T05:00:00Z,1.38086,1.38087,1.38057,1.38065,1707
2025-08-19T05:30:00Z,1.38067,1.38135,1.38064,1.38114,1652
2025-08-19T06:00:00Z,1.38113,1.38140,1.38064,1.38082,2343
2025-08-19T06:30:00Z,1.38084,1.38089,1.38028,1.38032,2071
2025-08-19T07:00:00Z,1.38032,1.38074,1.38008,1.38069,2895
2025-08-19T07:30:00Z,1.38069,1.38156,1.38069,1.38154,2499
2025-08-19T08:00:00Z,1.38156,1.38212,1.38137,1.38175,2937
2025-08-19T08:30:00Z,1.38174,1.38195,1.38153,1.38184,3748
2025-08-19T09:00:00Z,1.38183,1.38201,1.38158,1.38199,2773
2025-08-19T09:30:00Z,1.38197,1.38222,1.38180,1.38185,3288
2025-08-19T10:00:00Z,1.38186,1.38191,1.38110,1.38120,1915
2025-08-19T10:30:00Z,1.38121,1.38141,1.38103,1.38110,1952
2025-08-19T11:00:00Z,1.38111,1.38118,1.38079,1.38093,2602
2025-08-19T11:30:00Z,1.38092,1.38130,1.38051,1.38085,1663
2025-08-19T12:00:00Z,1.38087,1.38145,1.38056,1.38086,2209
2025-08-19T12:30:00Z,1.38086,1.38375,1.38067,1.38331,4338
2025-08-19T13:00:00Z,1.38332,1.38449,1.38324,1.38397,2676
2025-08-19T13:30:00Z,1.38399,1.38444,1.38338,1.38413,3563
2025-08-19T14:00:00Z,1.38415,1.38490,1.38374,1.38476,3796
2025-08-19T14:30:00Z,1.38477,1.38565,1.38457,1.38546,3783
2025-08-19T15:00:00Z,1.38544,1.38597,1.38488,1.38504,4275
2025-08-19T15:30:00Z,1.38504,1.38603,1.38504,1.38593,3090
2025-08-19T16:00:00Z,1.38593,1.38614,1.38530,1.38613,2889
2025-08-19T16:30:00Z,1.38613,1.38633,1.38574,1.38621,2314
2025-08-19T17:00:00Z,1.38620,1.38630,1.38560,1.38568,1945
2025-08-19T17:30:00Z,1.38568,1.38583,1.38532,1.38566,1601
2025-08-19T18:00:00Z,1.38565,1.38620,1.38565,1.38610,1653
2025-08-19T18:30:00Z,1.38610,1.38642,1.38601,1.38638,1563
2025-08-19T19:00:00Z,1.38638,1.38677,1.38598,1.38600,1129
2025-08-19T19:30:00Z,1.38599,1.38657,1.38588,1.38653,1800
2025-08-19T20:00:00Z,1.38653,1.38657,1.38607,1.38631,1027
2025-08-19T20:30:00Z,1.38632,1.38696,1.38616,1.38664,907
2025-08-19T21:00:00Z,1.38664,1.38664,1.38540,1.38598,308
2025-08-19T21:30:00Z,1.38600,1.38658,1.38596,1.38622,7968
2025-08-19T22:00:00Z,1.38612,1.38670,1.38596,1.38656,958
2025-08-19T22:30:00Z,1.38657,1.38674,1.38626,1.38634,1090
2025-08-19T23:00:00Z,1.38634,1.38677,1.38628,1.38661,1880
2025-08-19T23:30:00Z,1.38662,1.38677,1.38657,1.38661,871
2025-08-20T00:00:00Z,1.38662,1.38705,1.38648,1.38695,1972
2025-08-20T00:30:00Z,1.38696,1.38719,1.38686,1.38689,1733
2025-08-20T01:00:00Z,1.38689,1.38769,1.38643,1.38766,2137
2025-08-20T01:30:00Z,1.38766,1.38769,1.38717,1.38750,1912
2025-08-20T02:00:00Z,1.38749,1.38827,1.38748,1.38804,3703
2025-08-20T02:30:00Z,1.38804,1.38830,1.38771,1.38791,2954
2025-08-20T03:00:00Z,1.38792,1.38792,1.38718,1.38731,2457
2025-08-20T03:30:00Z,1.38729,1.38757,1.38720,1.38739,2526
2025-08-20T04:00:00Z,1.38740,1.38740,1.38693,1.38719,2106
2025-08-20T04:30:00Z,1.38718,1.38731,1.38687,1.38699,1866
2025-08-20T05:00:00Z,1.38698,1.38717,1.38687,1.38710,1949
2025-08-20T05:30:00Z,1.38710,1.38749,1.38706,1.38708,2043
2025-08-20T06:00:00Z,1.38708,1.38759,1.38680,1.38724,3603
2025-08-20T06:30:00Z,1.38725,1.38730,1.38681,1.38706,2273
2025-08-20T07:00:00Z,1.38705,1.38732,1.38678,1.38694,2589
2025-08-20T07:30:00Z,1.38693,1.38758,1.38684,1.38710,2599
2025-08-20T08:00:00Z,1.38709,1.38793,1.38689,1.38791,2970
2025-08-20T08:30:00Z,1.38790,1.38808,1.38761,1.38790,1643
2025-08-20T09:00:00Z,1.38790,1.38794,1.38742,1.38752,1665
2025-08-20T09:30:00Z,1.38752,1.38771,1.38725,1.38757,1770
2025-08-20T10:00:00Z,1.38758,1.38764,1.38698,1.38716,2373
2025-08-20T10:30:00Z,1.38715,1.38764,1.38705,1.38753,1687
2025-08-20T11:00:00Z,1.38753,1.38760,1.38723,1.38748,1429
2025-08-20T11:30:00Z,1.38750,1.38750,1.38683,1.38719,1322
2025-08-20T12:00:00Z,1.38718,1.38718,1.38605,1.38613,3145
2025-08-20T12:30:00Z,1.38612,1.38615,1.38531,1.38573,3124
2025-08-20T13:00:00Z,1.38575,1.38658,1.38575,1.38644,1487
2025-08-20T13:30:00Z,1.38645,1.38711,1.38569,1.38682,3854
2025-08-20T14:00:00Z,1.38682,1.38707,1.38604,1.38705,4796
2025-08-20T14:30:00Z,1.38706,1.38726,1.38586,1.38586,4416
2025-08-20T15:00:00Z,1.38586,1.38645,1.38570,1.38618,3152
2025-08-20T15:30:00Z,1.38619,1.38790,1.38578,1.38748,4201
2025-08-20T16:00:00Z,1.38747,1.38748,1.38664,1.38690,1549
2025-08-20T16:30:00Z,1.38691,1.38720,1.38680,1.38683,1169
2025-08-20T17:00:00Z,1.38685,1.38713,1.38664,1.38709,1199
2025-08-20T17:30:00Z,1.38708,1.38720,1.38623,1.38638,1452
2025-08-20T18:00:00Z,1.38635,1.38703,1.38627,1.38679,1936
2025-08-20T18:30:00Z,1.38680,1.38717,1.38634,1.38712,1463
2025-08-20T19:00:00Z,1.38712,1.38721,1.38635,1.38645,1418
2025-08-20T19:30:00Z,1.38645,1.38764,1.38636,1.38759,1422
2025-08-20T20:00:00Z,1.38758,1.38795,1.38743,1.38778,1257
2025-08-20T20:30:00Z,1.38779,1.38784,1.38710,1.38729,1296
2025-08-20T21:00:00Z,1.38725,1.38725,1.38661,1.38697,486
2025-08-20T21:30:00Z,1.38693,1.38710,1.38681,1.38690,678
2025-08-20T22:00:00Z,1.38707,1.38719,1.38678,1.38702,706
2025-08-20T22:30:00Z,1.38704,1.38722,1.38703,1.38720,692
2025-08-20T23:00:00Z,1.38720,1.38742,1.38707,1.38717,790
2025-08-20T23:30:00Z,1.38716,1.38741,1.38716,1.38738,1166
2025-08-21T00:00:00Z,1.38737,1.38764,1.38729,1.38751,3140
2025-08-21T00:30:00Z,1.38750,1.38810,1.38742,1.38779,2191
2025-08-21T01:00:00Z,1.38779,1.38815,1.38761,1.38798,3013
2025-08-21T01:30:00Z,1.38797,1.38807,1.38721,1.38763,3010
2025-08-21T02:00:00Z,1.38764,1.38772,1.38729,1.38770,2031
2025-08-21T02:30:00Z,1.38770,1.38806,1.38763,1.38800,2097
2025-08-21T03:00:00Z,1.38799,1.38815,1.38778,1.38810,1883
2025-08-21T03:30:00Z,1.38811,1.38823,1.38791,1.38799,1599
2025-08-21T04:00:00Z,1.38798,1.38808,1.38785,1.38789,1409
2025-08-21T04:30:00Z,1.38789,1.38793,1.38770,1.38789,1055
2025-08-21T05:00:00Z,1.38787,1.38822,1.38769,1.38769,1181
2025-08-21T05:30:00Z,1.38769,1.38777,1.38742,1.38747,1085
2025-08-21T06:00:00Z,1.38748,1.38791,1.38732,1.38779,1704
2025-08-21T06:30:00Z,1.38779,1.38804,1.38760,1.38784,1961
2025-08-21T07:00:00Z,1.38783,1.38850,1.38776,1.38816,2582
2025-08-21T07:30:00Z,1.38815,1.38817,1.38764,1.38792,2887
2025-08-21T08:00:00Z,1.38794,1.38828,1.38777,1.38781,3389
2025-08-21T08:30:00Z,1.38781,1.38809,1.38755,1.38779,2143
2025-08-21T09:00:00Z,1.38777,1.38803,1.38733,1.38756,2300
2025-08-21T09:30:00Z,1.38756,1.38788,1.38735,1.38785,1816
2025-08-21T10:00:00Z,1.38786,1.38798,1.38770,1.38776,2171
2025-08-21T10:30:00Z,1.38777,1.38829,1.38770,1.38814,1857
2025-08-21T11:00:00Z,1.38815,1.38819,1.38780,1.38800,2579
2025-08-21T11:30:00Z,1.38800,1.38880,1.38794,1.38860,2227
2025-08-21T12:00:00Z,1.38857,1.38904,1.38837,1.38866,2443
2025-08-21T12:30:00Z,1.38864,1.38952,1.38805,1.38943,3195
2025-08-21T13:00:00Z,1.38943,1.38952,1.38894,1.38923,3340
2025-08-21T13:30:00Z,1.38922,1.39022,1.38898,1.38993,4901
2025-08-21T14:00:00Z,1.38991,1.39013,1.38917,1.38965,3537
2025-08-21T14:30:00Z,1.38965,1.38974,1.38916,1.38970,3233
2025-08-21T15:00:00Z,1.38969,1.39056,1.38914,1.38944,4622
2025-08-21T15:30:00Z,1.38943,1.39022,1.38920,1.39013,4078
2025-08-21T16:00:00Z,1.39013,1.39074,1.39012,1.39030,3252
2025-08-21T16:30:00Z,1.39029,1.39043,1.38959,1.38969,2610
2025-08-21T17:00:00Z,1.38967,1.39007,1.38940,1.38999,2625
2025-08-21T17:30:00Z,1.38999,1.39002,1.38906,1.38943,2034
2025-08-21T18:00:00Z,1.38945,1.38962,1.38915,1.38949,1863
2025-08-21T18:30:00Z,1.38949,1.38993,1.38933,1.38987,2095
2025-08-21T19:00:00Z,1.38987,1.39028,1.38981,1.39020,1468
2025-08-21T19:30:00Z,1.39019,1.39060,1.39012,1.39035,2046
2025-08-21T20:00:00Z,1.39035,1.39069,1.39026,1.39058,949
2025-08-21T20:30:00Z,1.39057,1.39122,1.39057,1.39094,1104
2025-08-21T21:00:00Z,1.39083,1.39095,1.39052,1.39087,155
2025-08-21T21:30:00Z,1.39088,1.39096,1.39065,1.39076,367
2025-08-21T22:00:00Z,1.39085,1.39093,1.39043,1.39055,625
2025-08-21T22:30:00Z,1.39059,1.39059,1.39038,1.39042,535
2025-08-21T23:00:00Z,1.39043,1.39064,1.39034,1.39046,758
2025-08-21T23:30:00Z,1.39045,1.39047,1.39000,1.39011,688
2025-08-22T00:00:00Z,1.39013,1.39036,1.38987,1.39022,1488
2025-08-22T00:30:00Z,1.39023,1.39074,1.39012,1.39071,902
2025-08-22T01:00:00Z,1.39071,1.39084,1.39032,1.39075,1123
2025-08-22T01:30:00Z,1.39074,1.39127,1.39066,1.39118,1838
2025-08-22T02:00:00Z,1.39118,1.39124,1.39059,1.39097,1687
2025-08-22T02:30:00Z,1.39096,1.39112,1.39070,1.39105,1528
2025-08-22T03:00:00Z,1.39105,1.39120,1.39092,1.39107,1643
2025-08-22T03:30:00Z,1.39107,1.39138,1.39103,1.39130,1737
2025-08-22T04:00:00Z,1.39130,1.39148,1.39117,1.39136,1323
2025-08-22T04:30:00Z,1.39135,1.39148,1.39127,1.39145,1006
2025-08-22T05:00:00Z,1.39143,1.39153,1.39127,1.39149,1340
2025-08-22T05:30:00Z,1.39150,1.39151,1.39127,1.39138,920
2025-08-22T06:00:00Z,1.39139,1.39163,1.39123,1.39139,2466
2025-08-22T06:30:00Z,1.39140,1.39157,1.39125,1.39149,1449
2025-08-22T07:00:00Z,1.39148,1.39150,1.39119,1.39132,2402
2025-08-22T07:30:00Z,1.39131,1.39168,1.39096,1.39117,1596
2025-08-22T08:00:00Z,1.39118,1.39139,1.39101,1.39112,1500
2025-08-22T08:30:00Z,1.39111,1.39133,1.39074,1.39076,2470
2025-08-22T09:00:00Z,1.39076,1.39128,1.39075,1.39108,2221
2025-08-22T09:30:00Z,1.39109,1.39143,1.39095,1.39130,2957
2025-08-22T10:00:00Z,1.39130,1.39172,1.39125,1.39152,1229
2025-08-22T10:30:00Z,1.39152,1.39183,1.39133,1.39159,2357
2025-08-22T11:00:00Z,1.39160,1.39166,1.39125,1.39135,2829
2025-08-22T11:30:00Z,1.39135,1.39144,1.39096,1.39109,1657
2025-08-22T12:00:00Z,1.39107,1.39179,1.39090,1.39175,2329
2025-08-22T12:30:00Z,1.39170,1.39182,1.39116,1.39163,3800
2025-08-22T13:00:00Z,1.39162,1.39225,1.39133,1.39223,3026
2025-08-22T13:30:00Z,1.39223,1.39242,1.39144,1.39210,4566
2025-08-22T14:00:00Z,1.39206,1.39207,1.38501,1.38632,13662
2025-08-22T14:30:00Z,1.38633,1.38633,1.38326,1.38341,11825
2025-08-22T15:00:00Z,1.38343,1.38430,1.38296,1.38339,8235
2025-08-22T15:30:00Z,1.38337,1.38455,1.38301,1.38455,6253
2025-08-22T16:00:00Z,1.38456,1.38458,1.38306,1.38385,4329
2025-08-22T16:30:00Z,1.38384,1.38393,1.38302,1.38316,4867
2025-08-22T17:00:00Z,1.38315,1.38320,1.38167,1.38198,3168
2025-08-22T17:30:00Z,1.38199,1.38203,1.38140,1.38181,3256
2025-08-22T18:00:00Z,1.38181,1.38233,1.38146,1.38204,2943
2025-08-22T18:30:00Z,1.38204,1.38252,1.38194,1.38242,2205
2025-08-22T19:00:00Z,1.38240,1.38285,1.38231,1.38262,1349
2025-08-22T19:30:00Z,1.38263,1.38306,1.38240,1.38286,1695
2025-08-22T20:00:00Z,1.38286,1.38302,1.38240,1.38275,1172
2025-08-22T20:30:00Z,1.38274,1.38276,1.38178,1.38257,1926
2025-08-24T21:00:00Z,1.38158,1.38256,1.38125,1.38235,170
2025-08-24T21:30:00Z,1.38234,1.38268,1.38197,1.38244,839
2025-08-24T22:00:00Z,1.38248,1.38253,1.38182,1.38242,744
2025-08-24T22:30:00Z,1.38242,1.38330,1.38242,1.38266,1118
2025-08-24T23:00:00Z,1.38265,1.38319,1.38258,1.38306,1036
2025-08-24T23:30:00Z,1.38306,1.38319,1.38284,1.38292,1055
2025-08-25T00:00:00Z,1.38297,1.38397,1.38297,1.38365,2305
2025-08-25T00:30:00Z,1.38363,1.38391,1.38351,1.38352,2058
2025-08-25T01:00:00Z,1.38352,1.38371,1.38317,1.38371,2308
2025-08-25T01:30:00Z,1.38371,1.38435,1.38362,1.38420,1454
2025-08-25T02:00:00Z,1.38420,1.38429,1.38394,1.38406,1665
2025-08-25T02:30:00Z,1.38406,1.38408,1.38370,1.38383,1555
2025-08-25T03:00:00Z,1.38383,1.38394,1.38331,1.38347,1707
2025-08-25T03:30:00Z,1.38348,1.38362,1.38318,1.38334,1739
2025-08-25T04:00:00Z,1.38332,1.38351,1.38322,1.38346,1182
2025-08-25T04:30:00Z,1.38346,1.38346,1.38315,1.38343,1129
2025-08-25T05:00:00Z,1.38344,1.38352,1.38329,1.38342,1069
2025-08-25T05:30:00Z,1.38345,1.38372,1.38335,1.38360,1296
2025-08-25T06:00:00Z,1.38361,1.38361,1.38206,1.38214,2058
2025-08-25T06:30:00Z,1.38214,1.38267,1.38214,1.38246,1574
2025-08-25T07:00:00Z,1.38246,1.38327,1.38243,1.38309,1857
2025-08-25T07:30:00Z,1.38310,1.38367,1.38277,1.38354,2081
2025-08-25T08:00:00Z,1.38354,1.38363,1.38237,1.38266,2383
2025-08-25T08:30:00Z,1.38266,1.38281,1.38229,1.38269,1838
2025-08-25T09:00:00Z,1.38269,1.38309,1.38257,1.38291,1270
2025-08-25T09:30:00Z,1.38291,1.38320,1.38264,1.38310,1823
2025-08-25T10:00:00Z,1.38309,1.38342,1.38288,1.38341,1863
2025-08-25T10:30:00Z,1.38340,1.38355,1.38312,1.38344,1707
2025-08-25T11:00:00Z,1.38344,1.38346,1.38258,1.38261,2014
2025-08-25T11:30:00Z,1.38261,1.38296,1.38228,1.38234,1697
2025-08-25T12:00:00Z,1.38232,1.38255,1.38169,1.38201,2754
2025-08-25T12:30:00Z,1.38202,1.38242,1.38178,1.38221,2911
2025-08-25T13:00:00Z,1.38221,1.38284,1.38210,1.38275,2617
2025-08-25T13:30:00Z,1.38275,1.38277,1.38163,1.38217,4960
2025-08-25T14:00:00Z,1.38218,1.38291,1.38216,1.38249,5153
2025-08-25T14:30:00Z,1.38248,1.38270,1.38199,1.38239,5016
2025-08-25T15:00:00Z,1.38238,1.38320,1.38237,1.38285,3269
2025-08-25T15:30:00Z,1.38282,1.38345,1.38280,1.38302,2769
2025-08-25T16:00:00Z,1.38303,1.38360,1.38299,1.38346,1882
2025-08-25T16:30:00Z,1.38346,1.38382,1.38331,1.38336,2584
2025-08-25T17:00:00Z,1.38335,1.38366,1.38323,1.38333,1693
2025-08-25T17:30:00Z,1.38333,1.38429,1.38332,1.38422,1463
2025-08-25T18:00:00Z,1.38422,1.38481,1.38402,1.38477,1424
2025-08-25T18:30:00Z,1.38477,1.38547,1.38460,1.38521,2242
2025-08-25T19:00:00Z,1.38521,1.38630,1.38520,1.38612,2831
2025-08-25T19:30:00Z,1.38612,1.38635,1.38587,1.38621,1344
2025-08-25T20:00:00Z,1.38622,1.38622,1.38539,1.38560,1225
2025-08-25T20:30:00Z,1.38558,1.38601,1.38533,1.38573,1124
2025-08-25T21:00:00Z,1.38572,1.38572,1.38504,1.38547,195
2025-08-25T21:30:00Z,1.38573,1.38603,1.38549,1.38564,1045
2025-08-25T22:00:00Z,1.38564,1.38576,1.38545,1.38566,464
2025-08-25T22:30:00Z,1.38565,1.38568,1.38544,1.38552,657
2025-08-25T23:00:00Z,1.38552,1.38604,1.38541,1.38597,796
2025-08-25T23:30:00Z,1.38598,1.38599,1.38583,1.38584,580
2025-08-26T00:00:00Z,1.38584,1.38635,1.38445,1.38464,6130
2025-08-26T00:30:00Z,1.38464,1.38491,1.38409,1.38445,5878
2025-08-26T01:00:00Z,1.38447,1.38524,1.38441,1.38511,2651
2025-08-26T01:30:00Z,1.38511,1.38584,1.38511,1.38555,2897
2025-08-26T02:00:00Z,1.38555,1.38555,1.38466,1.38475,3040
2025-08-26T02:30:00Z,1.38476,1.38517,1.38475,1.38492,1958
2025-08-26T03:00:00Z,1.38492,1.38581,1.38492,1.38567,2999
2025-08-26T03:30:00Z,1.38568,1.38584,1.38544,1.38577,2127
2025-08-26T04:00:00Z,1.38575,1.38594,1.38556,1.38556,1504
2025-08-26T04:30:00Z,1.38557,1.38572,1.38536,1.38537,1520
2025-08-26T05:00:00Z,1.38537,1.38553,1.38526,1.38527,1744
2025-08-26T05:30:00Z,1.38527,1.38542,1.38496,1.38506,1766
2025-08-26T06:00:00Z,1.38509,1.38650,1.38499,1.38569,3192
2025-08-26T06:30:00Z,1.38568,1.38591,1.38509,1.38573,3525
2025-08-26T07:00:00Z,1.38574,1.38674,1.38546,1.38564,6015
2025-08-26T07:30:00Z,1.38561,1.38573,1.38500,1.38553,4791
2025-08-26T08:00:00Z,1.38552,1.38638,1.38546,1.38601,3865
2025-08-26T08:30:00Z,1.38601,1.38607,1.38559,1.38573,4583
2025-08-26T09:00:00Z,1.38572,1.38574,1.38469,1.38469,4273
2025-08-26T09:30:00Z,1.38470,1.38513,1.38467,1.38477,2980
2025-08-26T10:00:00Z,1.38476,1.38489,1.38457,1.38478,2894
2025-08-26T10:30:00Z,1.38478,1.38523,1.38478,1.38503,2271
2025-08-26T11:00:00Z,1.38503,1.38505,1.38443,1.38459,3837
2025-08-26T11:30:00Z,1.38460,1.38467,1.38403,1.38440,2452
2025-08-26T12:00:00Z,1.38439,1.38488,1.38396,1.38474,2916
2025-08-26T12:30:00Z,1.38482,1.38500,1.38435,1.38449,4636
2025-08-26T13:00:00Z,1.38451,1.38530,1.38423,1.38518,3411
2025-08-26T13:30:00Z,1.38518,1.38542,1.38455,1.38473,4916
2025-08-26T14:00:00Z,1.38472,1.38502,1.38333,1.38353,6246
2025-08-26T14:30:00Z,1.38354,1.38382,1.38263,1.38264,4824
2025-08-26T15:00:00Z,1.38263,1.38286,1.38217,1.38267,5014
2025-08-26T15:30:00Z,1.38267,1.38295,1.38229,1.38244,3350
2025-08-26T16:00:00Z,1.38245,1.38296,1.38239,1.38287,4532
2025-08-26T16:30:00Z,1.38287,1.38318,1.38266,1.38293,5054
2025-08-26T17:00:00Z,1.38292,1.38337,1.38289,1.38318,1946
2025-08-26T17:30:00Z,1.38318,1.38399,1.38310,1.38387,5077
2025-08-26T18:00:00Z,1.38386,1.38414,1.38354,1.38379,2266
2025-08-26T18:30:00Z,1.38379,1.38379,1.38283,1.38342,2248
2025-08-26T19:00:00Z,1.38341,1.38351,1.38289,1.38295,2370
2025-08-26T19:30:00Z,1.38295,1.38358,1.38288,1.38341,1518
2025-08-26T20:00:00Z,1.38342,1.38370,1.38327,1.38329,837
2025-08-26T20:30:00Z,1.38331,1.38392,1.38311,1.38380,1124
2025-08-26T21:00:00Z,1.38374,1.38389,1.38342,1.38365,3363
2025-08-26T21:30:00Z,1.38365,1.38372,1.38353,1.38362,552
2025-08-26T22:00:00Z,1.38363,1.38379,1.38344,1.38355,609
2025-08-26T22:30:00Z,1.38355,1.38355,1.38335,1.38335,295
2025-08-26T23:00:00Z,1.38335,1.38356,1.38324,1.38335,308
2025-08-26T23:30:00Z,1.38336,1.38348,1.38324,1.38344,467
2025-08-27T00:00:00Z,1.38343,1.38348,1.38293,1.38305,1177
2025-08-27T00:30:00Z,1.38304,1.38356,1.38297,1.38329,1718
2025-08-27T01:00:00Z,1.38328,1.38353,1.38305,1.38336,2155
2025-08-27T01:30:00Z,1.38330,1.38330,1.38277,1.38309,2857
2025-08-27T02:00:00Z,1.38308,1.38386,1.38307,1.38381,1390
2025-08-27T02:30:00Z,1.38383,1.38407,1.38369,1.38377,1716
2025-08-27T03:00:00Z,1.38376,1.38407,1.38368,1.38389,1226
2025-08-27T03:30:00Z,1.38390,1.38405,1.38375,1.38398,1101
2025-08-27T04:00:00Z,1.38399,1.38433,1.38395,1.38414,1631
2025-08-27T04:30:00Z,1.38413,1.38434,1.38409,1.38426,771
2025-08-27T05:00:00Z,1.38426,1.38448,1.38419,1.38421,881
2025-08-27T05:30:00Z,1.38422,1.38428,1.38386,1.38403,1182
2025-08-27T06:00:00Z,1.38404,1.38409,1.38367,1.38397,1879
2025-08-27T06:30:00Z,1.38398,1.38403,1.38334,1.38374,1951
2025-08-27T07:00:00Z,1.38375,1.38500,1.38369,1.38499,2797
2025-08-27T07:30:00Z,1.38500,1.38537,1.38453,1.38458,4036
2025-08-27T08:00:00Z,1.38459,1.38532,1.38457,1.38529,3511
2025-08-27T08:30:00Z,1.38528,1.38566,1.38478,1.38479,3843
2025-08-27T09:00:00Z,1.38479,1.38525,1.38469,1.38479,2760
2025-08-27T09:30:00Z,1.38478,1.38544,1.38478,1.38536,2396
2025-08-27T10:00:00Z,1.38535,1.38540,1.38477,1.38504,3327
2025-08-27T10:30:00Z,1.38504,1.38530,1.38484,1.38519,2075
2025-08-27T11:00:00Z,1.38519,1.38560,1.38442,1.38490,2569
2025-08-27T11:30:00Z,1.38492,1.38532,1.38446,1.38519,1861
2025-08-27T12:00:00Z,1.38518,1.38532,1.38425,1.38470,2954
2025-08-27T12:30:00Z,1.38470,1.38543,1.38456,1.38503,3710
2025-08-27T13:00:00Z,1.38504,1.38531,1.38465,1.38471,4565
2025-08-27T13:30:00Z,1.38470,1.38544,1.38436,1.38521,4336
2025-08-27T14:00:00Z,1.38520,1.38575,1.38482,1.38540,4297
2025-08-27T14:30:00Z,1.38539,1.38554,1.38285,1.38315,6144
2025-08-27T15:00:00Z,1.38313,1.38328,1.38229,1.38250,5788
2025-08-27T15:30:00Z,1.38251,1.38274,1.38207,1.38255,3869
2025-08-27T16:00:00Z,1.38255,1.38256,1.38137,1.38153,2711
2025-08-27T16:30:00Z,1.38154,1.38155,1.37975,1.37977,3439
2025-08-27T17:00:00Z,1.37976,1.38009,1.37863,1.37900,3609
2025-08-27T17:30:00Z,1.37899,1.37931,1.37824,1.37844,2791
2025-08-27T18:00:00Z,1.37845,1.37948,1.37840,1.37893,4803
2025-08-27T18:30:00Z,1.37895,1.37957,1.37869,1.37956,6853
2025-08-27T19:00:00Z,1.37958,1.37966,1.37915,1.37916,3285
2025-08-27T19:30:00Z,1.37916,1.37935,1.37855,1.37878,2058
2025-08-27T20:00:00Z,1.37877,1.37915,1.37846,1.37906,1490
2025-08-27T20:30:00Z,1.37906,1.37916,1.37831,1.37891,1358
2025-08-27T21:00:00Z,1.37891,1.37898,1.37854,1.37876,256
2025-08-27T21:30:00Z,1.37872,1.37891,1.37871,1.37887,637
2025-08-27T22:00:00Z,1.37891,1.37892,1.37841,1.37842,706
2025-08-27T22:30:00Z,1.37844,1.37845,1.37825,1.37835,626
2025-08-27T23:00:00Z,1.37833,1.37837,1.37826,1.37829,623
2025-08-27T23:30:00Z,1.37828,1.37843,1.37803,1.37808,696
2025-08-28T00:00:00Z,1.37808,1.37821,1.37783,1.37804,2278
2025-08-28T00:30:00Z,1.37804,1.37829,1.37785,1.37818,1590
2025-08-28T01:00:00Z,1.37817,1.37828,1.37774,1.37806,1964
2025-08-28T01:30:00Z,1.37806,1.37821,1.37778,1.37802,2296
2025-08-28T02:00:00Z,1.37801,1.37810,1.37751,1.37769,2235
2025-08-28T02:30:00Z,1.37770,1.37776,1.37718,1.37724,2156
2025-08-28T03:00:00Z,1.37724,1.37742,1.37688,1.37734,1720
2025-08-28T03:30:00Z,1.37736,1.37778,1.37714,1.37767,1862
2025-08-28T04:00:00Z,1.37767,1.37793,1.37767,1.37777,1811
2025-08-28T04:30:00Z,1.37776,1.37815,1.37771,1.37809,1573
2025-08-28T05:00:00Z,1.37809,1.37847,1.37809,1.37833,1069
2025-08-28T05:30:00Z,1.37832,1.37874,1.37808,1.37823,1567
2025-08-28T06:00:00Z,1.37822,1.37840,1.37769,1.37818,1925
2025-08-28T06:30:00Z,1.37818,1.37847,1.37790,1.37826,2426
2025-08-28T07:00:00Z,1.37828,1.37870,1.37803,1.37812,3446
2025-08-28T07:30:00Z,1.37812,1.37862,1.37769,1.37779,3129
2025-08-28T08:00:00Z,1.37779,1.37846,1.37771,1.37838,3481
2025-08-28T08:30:00Z,1.37836,1.37849,1.37742,1.37758,3161
2025-08-28T09:00:00Z,1.37756,1.37760,1.37673,1.37675,3424
2025-08-28T09:30:00Z,1.37675,1.37740,1.37674,1.37709,3277
2025-08-28T10:00:00Z,1.37709,1.37734,1.37631,1.37638,2852
2025-08-28T10:30:00Z,1.37639,1.37653,1.37609,1.37618,2830
2025-08-28T11:00:00Z,1.37616,1.37658,1.37600,1.37639,2669
2025-08-28T11:30:00Z,1.37640,1.37669,1.37606,1.37640,2106
2025-08-28T12:00:00Z,1.37640,1.37645,1.37522,1.37567,3461
2025-08-28T12:30:00Z,1.37561,1.37675,1.37548,1.37602,5977
2025-08-28T13:00:00Z,1.37601,1.37689,1.37592,1.37668,3298
2025-08-28T13:30:00Z,1.37667,1.37848,1.37618,1.37644,7393
2025-08-28T14:00:00Z,1.37642,1.37726,1.37591,1.37623,4402
2025-08-28T14:30:00Z,1.37623,1.37675,1.37549,1.37656,5455
2025-08-28T15:00:00Z,1.37655,1.37679,1.37599,1.37614,4049
2025-08-28T15:30:00Z,1.37613,1.37616,1.37504,1.37514,3638
2025-08-28T16:00:00Z,1.37512,1.37528,1.37464,1.37494,1801
2025-08-28T16:30:00Z,1.37494,1.37509,1.37456,1.37474,2421
2025-08-28T17:00:00Z,1.37472,1.37500,1.37425,1.37459,1852
2025-08-28T17:30:00Z,1.37458,1.37481,1.37440,1.37460,1103
2025-08-28T18:00:00Z,1.37461,1.37478,1.37419,1.37420,1009
2025-08-28T18:30:00Z,1.37420,1.37462,1.37408,1.37462,1178
2025-08-28T19:00:00Z,1.37463,1.37510,1.37454,1.37495,1360
2025-08-28T19:30:00Z,1.37496,1.37542,1.37496,1.37537,1315
2025-08-28T20:00:00Z,1.37536,1.37560,1.37505,1.37554,819
2025-08-28T20:30:00Z,1.37553,1.37553,1.37457,1.37481,1196
2025-08-28T21:00:00Z,1.37477,1.37477,1.37429,1.37468,398
2025-08-28T21:30:00Z,1.37466,1.37515,1.37458,1.37508,572
2025-08-28T22:00:00Z,1.37513,1.37537,1.37493,1.37505,1381
2025-08-28T22:30:00Z,1.37503,1.37527,1.37501,1.37507,643
2025-08-28T23:00:00Z,1.37507,1.37507,1.37489,1.37498,891
2025-08-28T23:30:00Z,1.37499,1.37524,1.37492,1.37516,981
2025-08-29T00:00:00Z,1.37514,1.37517,1.37460,1.37477,2789
2025-08-29T00:30:00Z,1.37476,1.37514,1.37457,1.37457,2181
2025-08-29T01:00:00Z,1.37455,1.37547,1.37443,1.37534,3451
2025-08-29T01:30:00Z,1.37535,1.37543,1.37466,1.37498,3546
2025-08-29T02:00:00Z,1.37498,1.37519,1.37475,1.37506,2319
2025-08-29T02:30:00Z,1.37507,1.37542,1.37500,1.37539,2131
2025-08-29T03:00:00Z,1.37538,1.37562,1.37524,1.37557,1893
2025-08-29T03:30:00Z,1.37557,1.37565,1.37522,1.37538,1195
2025-08-29T04:00:00Z,1.37540,1.37555,1.37528,1.37538,1519
2025-08-29T04:30:00Z,1.37539,1.37542,1.37509,1.37523,1031
2025-08-29T05:00:00Z,1.37522,1.37554,1.37512,1.37550,1579
2025-08-29T05:30:00Z,1.37549,1.37550,1.37523,1.37527,1590
2025-08-29T06:00:00Z,1.37530,1.37530,1.37493,1.37525,1915
2025-08-29T06:30:00Z,1.37525,1.37568,1.37517,1.37544,1893
2025-08-29T07:00:00Z,1.37545,1.37553,1.37487,1.37523,2995
2025-08-29T07:30:00Z,1.37523,1.37544,1.37395,1.37402,3800
2025-08-29T08:00:00Z,1.37403,1.37443,1.37387,1.37413,2664
2025-08-29T08:30:00Z,1.37413,1.37434,1.37366,1.37401,3406
2025-08-29T09:00:00Z,1.37400,1.37502,1.37393,1.37501,1702
2025-08-29T09:30:00Z,1.37501,1.37559,1.37500,1.37554,2145
2025-08-29T10:00:00Z,1.37555,1.37566,1.37514,1.37523,3208
2025-08-29T10:30:00Z,1.37524,1.37549,1.37489,1.37496,2681
2025-08-29T11:00:00Z,1.37494,1.37526,1.37477,1.37488,2280
2025-08-29T11:30:00Z,1.37488,1.37531,1.37484,1.37511,1592
2025-08-29T12:00:00Z,1.37511,1.37556,1.37489,1.37530,3312
2025-08-29T12:30:00Z,1.37528,1.37787,1.37500,1.37699,7841
2025-08-29T13:00:00Z,1.37698,1.37787,1.37652,1.37716,4898
2025-08-29T13:30:00Z,1.37717,1.37736,1.37550,1.37618,6146
2025-08-29T14:00:00Z,1.37618,1.37618,1.37327,1.37335,8781
2025-08-29T14:30:00Z,1.37335,1.37425,1.37272,1.37290,6639
2025-08-29T15:00:00Z,1.37295,1.37399,1.37270,1.37378,4768
2025-08-29T15:30:00Z,1.37377,1.37377,1.37268,1.37281,3235
2025-08-29T16:00:00Z,1.37279,1.37334,1.37262,1.37325,2074
2025-08-29T16:30:00Z,1.37325,1.37352,1.37308,1.37311,1306
2025-08-29T17:00:00Z,1.37312,1.37366,1.37312,1.37348,1288
2025-08-29T17:30:00Z,1.37348,1.37349,1.37316,1.37329,1117
2025-08-29T18:00:00Z,1.37328,1.37368,1.37303,1.37365,1352
2025-08-29T18:30:00Z,1.37366,1.37367,1.37271,1.37273,990
2025-08-29T19:00:00Z,1.37274,1.37368,1.37273,1.37335,1211
2025-08-29T19:30:00Z,1.37334,1.37336,1.37272,1.37333,1992
2025-08-29T20:00:00Z,1.37331,1.37415,1.37309,1.37406,1041
2025-08-29T20:30:00Z,1.37405,1.37462,1.37345,1.37407,2235
2025-08-31T21:00:00Z,1.37200,1.37348,1.37200,1.37311,463
2025-08-31T21:30:00Z,1.37312,1.37374,1.37300,1.37364,396
2025-08-31T22:00:00Z,1.37366,1.37417,1.37341,1.37417,579
2025-08-31T22:30:00Z,1.37418,1.37426,1.37398,1.37399,720
2025-08-31T23:00:00Z,1.37399,1.37400,1.37375,1.37389,572
2025-08-31T23:30:00Z,1.37391,1.37406,1.37380,1.37385,486
2025-09-01T00:00:00Z,1.37386,1.37388,1.37349,1.37375,1243
2025-09-01T00:30:00Z,1.37372,1.37373,1.37342,1.37352,991
2025-09-01T01:00:00Z,1.37353,1.37429,1.37347,1.37418,1707
2025-09-01T01:30:00Z,1.37419,1.37445,1.37382,1.37392,2513
2025-09-01T02:00:00Z,1.37392,1.37406,1.37348,1.37366,3044
2025-09-01T02:30:00Z,1.37365,1.37375,1.37320,1.37330,2567
2025-09-01T03:00:00Z,1.37328,1.37375,1.37323,1.37367,1463
2025-09-01T03:30:00Z,1.37369,1.37374,1.37350,1.37352,1180
2025-09-01T04:00:00Z,1.37352,1.37374,1.37350,1.37372,1670
2025-09-01T04:30:00Z,1.37372,1.37392,1.37361,1.37377,1345
2025-09-01T05:00:00Z,1.37377,1.37381,1.37350,1.37363,1546
2025-09-01T05:30:00Z,1.37364,1.37373,1.37336,1.37367,1966
2025-09-01T06:00:00Z,1.37369,1.37469,1.37367,1.37441,3053
2025-09-01T06:30:00Z,1.37441,1.37493,1.37409,1.37473,2082
2025-09-01T07:00:00Z,1.37474,1.37521,1.37464,1.37479,4310
2025-09-01T07:30:00Z,1.37479,1.37517,1.37469,1.37471,2536
2025-09-01T08:00:00Z,1.37472,1.37503,1.37442,1.37448,2438
2025-09-01T08:30:00Z,1.37449,1.37466,1.37378,1.37391,2271
2025-09-01T09:00:00Z,1.37391,1.37405,1.37365,1.37370,2858
2025-09-01T09:30:00Z,1.37370,1.37396,1.37365,1.37386,2499
2025-09-01T10:00:00Z,1.37386,1.37397,1.37341,1.37346,1382
2025-09-01T10:30:00Z,1.37345,1.37391,1.37332,1.37389,1339
2025-09-01T11:00:00Z,1.37390,1.37403,1.37361,1.37371,1595
2025-09-01T11:30:00Z,1.37367,1.37418,1.37358,1.37414,1266
2025-09-01T12:00:00Z,1.37412,1.37495,1.37405,1.37480,3963
2025-09-01T12:30:00Z,1.37480,1.37518,1.37462,1.37517,4009
2025-09-01T13:00:00Z,1.37518,1.37521,1.37456,1.37473,5202
2025-09-01T13:30:00Z,1.37475,1.37507,1.37438,1.37480,4323
2025-09-01T14:00:00Z,1.37483,1.37495,1.37430,1.37455,3025
2025-09-01T14:30:00Z,1.37456,1.37503,1.37446,1.37479,4446
2025-09-01T15:00:00Z,1.37478,1.37596,1.37477,1.37567,2626
2025-09-01T15:30:00Z,1.37568,1.37617,1.37554,1.37564,2139
2025-09-01T16:00:00Z,1.37563,1.37596,1.37546,1.37552,2206
2025-09-01T16:30:00Z,1.37551,1.37553,1.37527,1.37541,1242
2025-09-01T17:00:00Z,1.37543,1.37563,1.37540,1.37560,370
2025-09-01T17:30:00Z,1.37559,1.37559,1.37545,1.37545,284
2025-09-01T18:00:00Z,1.37546,1.37552,1.37526,1.37527,294
2025-09-01T18:30:00Z,1.37529,1.37529,1.37516,1.37518,746
2025-09-01T19:00:00Z,1.37517,1.37523,1.37506,1.37510,377
2025-09-01T19:30:00Z,1.37509,1.37509,1.37494,1.37497,583
2025-09-01T20:00:00Z,1.37498,1.37508,1.37490,1.37491,285
2025-09-01T20:30:00Z,1.37492,1.37502,1.37486,1.37492,475
2025-09-01T21:00:00Z,1.37492,1.37492,1.37462,1.37471,238
2025-09-01T21:30:00Z,1.37470,1.37502,1.37430,1.37461,735
2025-09-01T22:00:00Z,1.37465,1.37525,1.37465,1.37517,400
2025-09-01T22:30:00Z,1.37519,1.37524,1.37507,1.37508,392
2025-09-01T23:00:00Z,1.37507,1.37519,1.37495,1.37507,482
2025-09-01T23:30:00Z,1.37506,1.37506,1.37463,1.37479,875
2025-09-02T00:00:00Z,1.37478,1.37519,1.37460,1.37482,2845
2025-09-02T00:30:00Z,1.37482,1.37489,1.37453,1.37473,2518
2025-09-02T01:00:00Z,1.37472,1.37504,1.37452,1.37469,2627
2025-09-02T01:30:00Z,1.37468,1.37511,1.37456,1.37494,3835
2025-09-02T02:00:00Z,1.37494,1.37562,1.37490,1.37545,2576
2025-09-02T02:30:00Z,1.37545,1.37553,1.37527,1.37534,2635
2025-09-02T03:00:00Z,1.37533,1.37538,1.37515,1.37532,2251
2025-09-02T03:30:00Z,1.37532,1.37559,1.37531,1.37540,1762
2025-09-02T04:00:00Z,1.37539,1.37579,1.37531,1.37571,907
2025-09-02T04:30:00Z,1.37573,1.37587,1.37562,1.37571,955
2025-09-02T05:00:00Z,1.37570,1.37584,1.37555,1.37580,1690
2025-09-02T05:30:00Z,1.37581,1.37586,1.37546,1.37550,2371
2025-09-02T06:00:00Z,1.37551,1.37553,1.37486,1.37498,2257
2025-09-02T06:30:00Z,1.37500,1.37512,1.37459,1.37461,2465
2025-09-02T07:00:00Z,1.37460,1.37689,1.37450,1.37684,5656
2025-09-02T07:30:00Z,1.37687,1.37792,1.37650,1.37764,6807
2025-09-02T08:00:00Z,1.37765,1.37833,1.37699,1.37726,6790
2025-09-02T08:30:00Z,1.37727,1.37743,1.37668,1.37692,4809
2025-09-02T09:00:00Z,1.37691,1.37785,1.37664,1.37752,4116
2025-09-02T09:30:00Z,1.37751,1.37769,1.37715,1.37745,4434
2025-09-02T10:00:00Z,1.37746,1.37785,1.37726,1.37770,3324
2025-09-02T10:30:00Z,1.37771,1.37773,1.37726,1.37734,4858
2025-09-02T11:00:00Z,1.37735,1.37927,1.37700,1.37927,3891
2025-09-02T11:30:00Z,1.37926,1.37953,1.37858,1.37876,3756
2025-09-02T12:00:00Z,1.37876,1.38026,1.37834,1.38025,5767
2025-09-02T12:30:00Z,1.38026,1.38143,1.37990,1.38081,7035
2025-09-02T13:00:00Z,1.38082,1.38094,1.37955,1.38014,6832
2025-09-02T13:30:00Z,1.38013,1.38078,1.37874,1.37881,7659
2025-09-02T14:00:00Z,1.37879,1.37899,1.37773,1.37883,8959
2025-09-02T14:30:00Z,1.37882,1.37949,1.37841,1.37939,7561
2025-09-02T15:00:00Z,1.37939,1.37999,1.37892,1.37901,5287
2025-09-02T15:30:00Z,1.37899,1.37949,1.37834,1.37848,4522
2025-09-02T16:00:00Z,1.37848,1.37895,1.37837,1.37859,2510
2025-09-02T16:30:00Z,1.37859,1.37859,1.37726,1.37730,2727
2025-09-02T17:00:00Z,1.37729,1.37800,1.37716,1.37766,2011
2025-09-02T17:30:00Z,1.37765,1.37794,1.37740,1.37786,2107
2025-09-02T18:00:00Z,1.37787,1.37891,1.37780,1.37873,2036
2025-09-02T18:30:00Z,1.37874,1.37921,1.37856,1.37856,2463
2025-09-02T19:00:00Z,1.37858,1.37876,1.37834,1.37866,1716
2025-09-02T19:30:00Z,1.37867,1.37873,1.37779,1.37847,2147
2025-09-02T20:00:00Z,1.37847,1.37853,1.37757,1.37787,1186
2025-09-02T20:30:00Z,1.37786,1.37839,1.37765,1.37801,1146
2025-09-02T21:00:00Z,1.37801,1.37811,1.37719,1.37806,404
2025-09-02T21:30:00Z,1.37806,1.37825,1.37773,1.37796,692
2025-09-02T22:00:00Z,1.37797,1.37827,1.37785,1.37815,438
2025-09-02T22:30:00Z,1.37814,1.37840,1.37805,1.37838,335
2025-09-02T23:00:00Z,1.37837,1.37849,1.37827,1.37841,419
2025-09-02T23:30:00Z,1.37842,1.37848,1.37833,1.37842,515
2025-09-03T00:00:00Z,1.37843,1.37891,1.37837,1.37890,1970
2025-09-03T00:30:00Z,1.37888,1.37919,1.37881,1.37898,2432
2025-09-03T01:00:00Z,1.37897,1.37909,1.37871,1.37890,2635
2025-09-03T01:30:00Z,1.37889,1.37892,1.37841,1.37867,3476
2025-09-03T02:00:00Z,1.37866,1.37882,1.37833,1.37862,2539
2025-09-03T02:30:00Z,1.37862,1.37917,1.37857,1.37906,2764
2025-09-03T03:00:00Z,1.37907,1.37949,1.37888,1.37940,2549
2025-09-03T03:30:00Z,1.37941,1.37956,1.37921,1.37952,2251
2025-09-03T04:00:00Z,1.37953,1.37964,1.37921,1.37926,2169
2025-09-03T04:30:00Z,1.37926,1.37941,1.37914,1.37916,1269
2025-09-03T05:00:00Z,1.37915,1.37941,1.37913,1.37938,2176
2025-09-03T05:30:00Z,1.37938,1.37999,1.37935,1.37974,1969
2025-09-03T06:00:00Z,1.37971,1.37982,1.37937,1.37943,3536
2025-09-03T06:30:00Z,1.37944,1.37993,1.37909,1.37960,3325
2025-09-03T07:00:00Z,1.37962,1.38073,1.37925,1.38028,3976
2025-09-03T07:30:00Z,1.38029,1.38034,1.37967,1.37970,3837
2025-09-03T08:00:00Z,1.37970,1.37973,1.37876,1.37943,3492
2025-09-03T08:30:00Z,1.37944,1.38052,1.37944,1.38006,4119
2025-09-03T09:00:00Z,1.38004,1.38007,1.37957,1.37978,3611
2025-09-03T09:30:00Z,1.37979,1.37995,1.37931,1.37971,4354
2025-09-03T10:00:00Z,1.37972,1.37975,1.37937,1.37970,2701
2025-09-03T10:30:00Z,1.37971,1.38053,1.37965,1.37988,2594
2025-09-03T11:00:00Z,1.37989,1.37999,1.37963,1.37989,3994
2025-09-03T11:30:00Z,1.37988,1.38011,1.37957,1.37977,1638
2025-09-03T12:00:00Z,1.37978,1.38017,1.37954,1.37989,2920
2025-09-03T12:30:00Z,1.37990,1.38057,1.37958,1.37986,3762
2025-09-03T13:00:00Z,1.37988,1.38022,1.37949,1.37964,4357
2025-09-03T13:30:00Z,1.37963,1.38045,1.37926,1.38027,5977
2025-09-03T14:00:00Z,1.38029,1.38029,1.37837,1.37845,5715
2025-09-03T14:30:00Z,1.37844,1.37964,1.37824,1.37898,5136
2025-09-03T15:00:00Z,1.37898,1.37931,1.37846,1.37863,3861
2025-09-03T15:30:00Z,1.37864,1.37895,1.37838,1.37879,3360
2025-09-03T16:00:00Z,1.37877,1.37896,1.37856,1.37862,1753
2025-09-03T16:30:00Z,1.37863,1.37904,1.37852,1.37864,1335
2025-09-03T17:00:00Z,1.37864,1.37904,1.37852,1.37898,1823
2025-09-03T17:30:00Z,1.37896,1.37988,1.37890,1.37966,2117
2025-09-03T18:00:00Z,1.37966,1.37980,1.37863,1.37879,1870
2025-09-03T18:30:00Z,1.37879,1.37981,1.37873,1.37970,2180
2025-09-03T19:00:00Z,1.37969,1.38014,1.37957,1.37987,1784
2025-09-03T19:30:00Z,1.37986,1.38002,1.37957,1.37983,2235
2025-09-03T20:00:00Z,1.37983,1.37991,1.37897,1.37897,1356
2025-09-03T20:30:00Z,1.37896,1.37947,1.37874,1.37926,1119
2025-09-03T21:00:00Z,1.37920,1.37924,1.37897,1.37910,168
2025-09-03T21:30:00Z,1.37909,1.37933,1.37902,1.37902,380
2025-09-03T22:00:00Z,1.37908,1.37957,1.37907,1.37942,356
2025-09-03T22:30:00Z,1.37943,1.37948,1.37933,1.37942,368
2025-09-03T23:00:00Z,1.37943,1.37943,1.37922,1.37931,393
2025-09-03T23:30:00Z,1.37930,1.37939,1.37911,1.37927,603
2025-09-04T00:00:00Z,1.37926,1.37972,1.37918,1.37954,1946
2025-09-04T00:30:00Z,1.37954,1.37981,1.37942,1.37975,2304
2025-09-04T01:00:00Z,1.37976,1.38013,1.37973,1.37989,2267
2025-09-04T01:30:00Z,1.37988,1.38014,1.37940,1.37994,3160
2025-09-04T02:00:00Z,1.37996,1.38033,1.37989,1.38027,2219
2025-09-04T02:30:00Z,1.38029,1.38065,1.38022,1.38055,1649
2025-09-04T03:00:00Z,1.38054,1.38064,1.38044,1.38049,1747
2025-09-04T03:30:00Z,1.38048,1.38063,1.38039,1.38056,1093
2025-09-04T04:00:00Z,1.38056,1.38067,1.38044,1.38065,843
2025-09-04T04:30:00Z,1.38065,1.38079,1.38049,1.38071,759
2025-09-04T05:00:00Z,1.38072,1.38099,1.38071,1.38082,1608
2025-09-04T05:30:00Z,1.38081,1.38092,1.38073,1.38082,1905
2025-09-04T06:00:00Z,1.38082,1.38107,1.38067,1.38105,2034
2025-09-04T06:30:00Z,1.38104,1.38141,1.38095,1.38133,1807
2025-09-04T07:00:00Z,1.38134,1.38148,1.38110,1.38117,2301
2025-09-04T07:30:00Z,1.38116,1.38134,1.38083,1.38117,2052
2025-09-04T08:00:00Z,1.38118,1.38131,1.38102,1.38113,1692
2025-09-04T08:30:00Z,1.38114,1.38123,1.38083,1.38096,2069
2025-09-04T09:00:00Z,1.38095,1.38169,1.38080,1.38164,1490
2025-09-04T09:30:00Z,1.38164,1.38223,1.38155,1.38196,1707
2025-09-04T10:00:00Z,1.38196,1.38203,1.38154,1.38180,1754
2025-09-04T10:30:00Z,1.38179,1.38200,1.38155,1.38198,2418
2025-09-04T11:00:00Z,1.38201,1.38252,1.38195,1.38241,1866
2025-09-04T11:30:00Z,1.38241,1.38257,1.38206,1.38206,2620
2025-09-04T12:00:00Z,1.38205,1.38239,1.38039,1.38211,3401
2025-09-04T12:30:00Z,1.38210,1.38268,1.38133,1.38155,4708
2025-09-04T13:00:00Z,1.38154,1.38204,1.38068,1.38135,4179
2025-09-04T13:30:00Z,1.38136,1.38167,1.38061,1.38125,4241
2025-09-04T14:00:00Z,1.38125,1.38343,1.38117,1.38298,6923
2025-09-04T14:30:00Z,1.38297,1.38423,1.38291,1.38409,5507
2025-09-04T15:00:00Z,1.38408,1.38450,1.38379,1.38400,3764
2025-09-04T15:30:00Z,1.38400,1.38406,1.38283,1.38286,3260
2025-09-04T16:00:00Z,1.38286,1.38402,1.38274,1.38385,2411
2025-09-04T16:30:00Z,1.38385,1.38385,1.38308,1.38318,1763
2025-09-04T17:00:00Z,1.38317,1.38350,1.38292,1.38315,1261
2025-09-04T17:30:00Z,1.38315,1.38363,1.38300,1.38313,1620
2025-09-04T18:00:00Z,1.38316,1.38319,1.38259,1.38277,1539
2025-09-04T18:30:00Z,1.38280,1.38287,1.38261,1.38285,1604
2025-09-04T19:00:00Z,1.38285,1.38286,1.38216,1.38224,1699
2025-09-04T19:30:00Z,1.38224,1.38260,1.38205,1.38253,1576
2025-09-04T20:00:00Z,1.38252,1.38284,1.38205,1.38230,882
2025-09-04T20:30:00Z,1.38232,1.38246,1.38154,1.38179,1166
2025-09-04T21:00:00Z,1.38177,1.38177,1.38108,1.38155,1241
2025-09-04T21:30:00Z,1.38154,1.38180,1.38152,1.38170,290
2025-09-04T22:00:00Z,1.38175,1.38191,1.38142,1.38179,790
2025-09-04T22:30:00Z,1.38177,1.38199,1.38170,1.38196,1169
2025-09-04T23:00:00Z,1.38197,1.38199,1.38179,1.38191,481
2025-09-04T23:30:00Z,1.38190,1.38200,1.38146,1.38149,712
2025-09-05T00:00:00Z,1.38149,1.38161,1.38130,1.38143,2260
2025-09-05T00:30:00Z,1.38143,1.38150,1.38093,1.38095,1753
2025-09-05T01:00:00Z,1.38094,1.38108,1.38083,1.38101,1604
2025-09-05T01:30:00Z,1.38099,1.38109,1.38062,1.38069,1630
2025-09-05T02:00:00Z,1.38069,1.38075,1.38051,1.38062,966
2025-09-05T02:30:00Z,1.38062,1.38074,1.38037,1.38073,1179
2025-09-05T03:00:00Z,1.38073,1.38080,1.38056,1.38061,1423
2025-09-05T03:30:00Z,1.38061,1.38068,1.38043,1.38068,1101
2025-09-05T04:00:00Z,1.38067,1.38092,1.38057,1.38086,1053
2025-09-05T04:30:00Z,1.38085,1.38108,1.38085,1.38097,1093
2025-09-05T05:00:00Z,1.38096,1.38104,1.38062,1.38063,1188
2025-09-05T05:30:00Z,1.38062,1.38071,1.38006,1.38014,1061
2025-09-05T06:00:00Z,1.38015,1.38086,1.38010,1.38046,1856
2025-09-05T06:30:00Z,1.38048,1.38067,1.38023,1.38053,1541
2025-09-05T07:00:00Z,1.38052,1.38057,1.37957,1.37993,2649
2025-09-05T07:30:00Z,1.37992,1.38003,1.37933,1.37937,2121
2025-09-05T08:00:00Z,1.37940,1.37944,1.37893,1.37909,2924
2025-09-05T08:30:00Z,1.37910,1.37944,1.37905,1.37916,2758
2025-09-05T09:00:00Z,1.37916,1.37934,1.37895,1.37933,2332
2025-09-05T09:30:00Z,1.37934,1.37973,1.37933,1.37947,1942
2025-09-05T10:00:00Z,1.37949,1.37962,1.37896,1.37899,1396
2025-09-05T10:30:00Z,1.37898,1.37936,1.37886,1.37934,2073
2025-09-05T11:00:00Z,1.37934,1.37961,1.37913,1.37951,1690
2025-09-05T11:30:00Z,1.37951,1.38052,1.37951,1.38020,1337
2025-09-05T12:00:00Z,1.38021,1.38021,1.37877,1.37877,3597
2025-09-05T12:30:00Z,1.37878,1.38169,1.37575,1.38040,11331
2025-09-05T13:00:00Z,1.38039,1.38143,1.37967,1.38083,8502
2025-09-05T13:30:00Z,1.38083,1.38111,1.37952,1.37990,7251
2025-09-05T14:00:00Z,1.37988,1.38326,1.37985,1.38301,6927
2025-09-05T14:30:00Z,1.38302,1.38371,1.38246,1.38301,6889
2025-09-05T15:00:00Z,1.38302,1.38386,1.38293,1.38321,4412
2025-09-05T15:30:00Z,1.38321,1.38321,1.38214,1.38244,3467
2025-09-05T16:00:00Z,1.38243,1.38275,1.38174,1.38244,2644
2025-09-05T16:30:00Z,1.38244,1.38397,1.38226,1.38336,3080
2025-09-05T17:00:00Z,1.38334,1.38474,1.38334,1.38461,2596
2025-09-05T17:30:00Z,1.38461,1.38465,1.38411,1.38446,2238
2025-09-05T18:00:00Z,1.38445,1.38493,1.38422,1.38476,1581
2025-09-05T18:30:00Z,1.38477,1.38495,1.38468,1.38474,1038
2025-09-05T19:00:00Z,1.38474,1.38495,1.38449,1.38493,1203
2025-09-05T19:30:00Z,1.38493,1.38537,1.38491,1.38506,1933
2025-09-05T20:00:00Z,1.38507,1.38507,1.38384,1.38387,802
2025-09-05T20:30:00Z,1.38386,1.38390,1.38221,1.38257,2552
2025-09-07T21:00:00Z,1.38292,1.38421,1.38288,1.38408,284
2025-09-07T21:30:00Z,1.38407,1.38410,1.38332,1.38346,461
2025-09-07T22:00:00Z,1.38342,1.38408,1.38298,1.38386,970
2025-09-07T22:30:00Z,1.38385,1.38440,1.38367,1.38422,1351
2025-09-07T23:00:00Z,1.38421,1.38423,1.38360,1.38361,1305
2025-09-07T23:30:00Z,1.38367,1.38383,1.38345,1.38350,1091
2025-09-08T00:00:00Z,1.38352,1.38428,1.38352,1.38377,3828
2025-09-08T00:30:00Z,1.38376,1.38431,1.38371,1.38378,2398
2025-09-08T01:00:00Z,1.38377,1.38412,1.38354,1.38403,4346
2025-09-08T01:30:00Z,1.38402,1.38405,1.38310,1.38318,3312
2025-09-08T02:00:00Z,1.38318,1.38360,1.38304,1.38344,4054
2025-09-08T02:30:00Z,1.38344,1.38352,1.38312,1.38316,2375
2025-09-08T03:00:00Z,1.38315,1.38328,1.38284,1.38304,2249
2025-09-08T03:30:00Z,1.38303,1.38335,1.38295,1.38327,2244
2025-09-08T04:00:00Z,1.38329,1.38357,1.38312,1.38326,1800
2025-09-08T04:30:00Z,1.38325,1.38350,1.38322,1.38328,1757
2025-09-08T05:00:00Z,1.38328,1.38334,1.38288,1.38294,1744
2025-09-08T05:30:00Z,1.38292,1.38296,1.38266,1.38286,2005
2025-09-08T06:00:00Z,1.38282,1.38320,1.38234,1.38282,3001
2025-09-08T06:30:00Z,1.38283,1.38309,1.38237,1.38260,3470
2025-09-08T07:00:00Z,1.38260,1.38269,1.38161,1.38187,5487
2025-09-08T07:30:00Z,1.38187,1.38187,1.38135,1.38151,3599
2025-09-08T08:00:00Z,1.38151,1.38200,1.38114,1.38194,2852
2025-09-08T08:30:00Z,1.38193,1.38205,1.38144,1.38160,2698
2025-09-08T09:00:00Z,1.38161,1.38243,1.38142,1.38209,3244
2025-09-08T09:30:00Z,1.38211,1.38216,1.38160,1.38174,2652
2025-09-08T10:00:00Z,1.38173,1.38174,1.38116,1.38131,2571
2025-09-08T10:30:00Z,1.38128,1.38152,1.38054,1.38057,3438
2025-09-08T11:00:00Z,1.38058,1.38062,1.38010,1.38026,2244
2025-09-08T11:30:00Z,1.38027,1.38041,1.37983,1.38009,2217
2025-09-08T12:00:00Z,1.38010,1.38106,1.37980,1.38067,2780
2025-09-08T12:30:00Z,1.38065,1.38065,1.37882,1.37929,3709
2025-09-08T13:00:00Z,1.37929,1.37970,1.37878,1.37932,4289
2025-09-08T13:30:00Z,1.37932,1.38184,1.37924,1.38135,5451
2025-09-08T14:00:00Z,1.38136,1.38263,1.38126,1.38202,4934
2025-09-08T14:30:00Z,1.38202,1.38241,1.38170,1.38222,4565
2025-09-08T15:00:00Z,1.38222,1.38261,1.38181,1.38202,3542
2025-09-08T15:30:00Z,1.38201,1.38249,1.38192,1.38207,2422
2025-09-08T16:00:00Z,1.38207,1.38266,1.38193,1.38261,1822
2025-09-08T16:30:00Z,1.38261,1.38334,1.38254,1.38254,2232
2025-09-08T17:00:00Z,1.38254,1.38314,1.38254,1.38268,2027
2025-09-08T17:30:00Z,1.38268,1.38285,1.38248,1.38284,2019
2025-09-08T18:00:00Z,1.38283,1.38286,1.38161,1.38161,1894
2025-09-08T18:30:00Z,1.38161,1.38191,1.38101,1.38131,2947
2025-09-08T19:00:00Z,1.38130,1.38142,1.38073,1.38088,2076
2025-09-08T19:30:00Z,1.38088,1.38108,1.38056,1.38058,1883
2025-09-08T20:00:00Z,1.38058,1.38074,1.38043,1.38050,1243
2025-09-08T20:30:00Z,1.38049,1.38055,1.38016,1.38020,1275
2025-09-08T21:00:00Z,1.38016,1.38032,1.37976,1.38010,675
2025-09-08T21:30:00Z,1.38009,1.38014,1.37993,1.38002,1181
2025-09-08T22:00:00Z,1.38010,1.38014,1.37974,1.37988,600
2025-09-08T22:30:00Z,1.37988,1.38002,1.37980,1.37997,612
2025-09-08T23:00:00Z,1.37997,1.37998,1.37945,1.37953,853
2025-09-08T23:30:00Z,1.37953,1.37985,1.37948,1.37952,1008
2025-09-09T00:00:00Z,1.37953,1.38033,1.37953,1.38000,1607
2025-09-09T00:30:00Z,1.38000,1.38046,1.37997,1.38039,1641
2025-09-09T01:00:00Z,1.38039,1.38106,1.38022,1.38102,2040
2025-09-09T01:30:00Z,1.38101,1.38108,1.38027,1.38030,2301
2025-09-09T02:00:00Z,1.38031,1.38031,1.37974,1.38002,1570
2025-09-09T02:30:00Z,1.38001,1.38043,1.37994,1.38035,1470
2025-09-09T03:00:00Z,1.38035,1.38080,1.38030,1.38072,1327
2025-09-09T03:30:00Z,1.38071,1.38097,1.38069,1.38094,885
2025-09-09T04:00:00Z,1.38094,1.38097,1.38066,1.38067,1270
2025-09-09T04:30:00Z,1.38067,1.38067,1.38022,1.38039,1114
2025-09-09T05:00:00Z,1.38039,1.38046,1.37994,1.37997,1335
2025-09-09T05:30:00Z,1.37996,1.38013,1.37944,1.37954,2204
2025-09-09T06:00:00Z,1.37954,1.37971,1.37930,1.37948,2793
2025-09-09T06:30:00Z,1.37947,1.38034,1.37941,1.38015,2607
2025-09-09T07:00:00Z,1.38016,1.38027,1.37976,1.37986,2160
2025-09-09T07:30:00Z,1.37986,1.38126,1.37985,1.38078,3652
2025-09-09T08:00:00Z,1.38078,1.38115,1.38044,1.38051,3479
2025-09-09T08:30:00Z,1.38054,1.38062,1.37973,1.37973,2696
2025-09-09T09:00:00Z,1.37974,1.37987,1.37938,1.37974,2744
2025-09-09T09:30:00Z,1.37973,1.38036,1.37953,1.38018,2022
2025-09-09T10:00:00Z,1.38017,1.38020,1.37980,1.38005,2857
2025-09-09T10:30:00Z,1.38004,1.38109,1.38002,1.38098,1801
2025-09-09T11:00:00Z,1.38096,1.38104,1.38044,1.38064,2177
2025-09-09T11:30:00Z,1.38063,1.38150,1.38063,1.38145,1564
2025-09-09T12:00:00Z,1.38146,1.38199,1.38077,1.38189,2750
2025-09-09T12:30:00Z,1.38189,1.38269,1.38189,1.38223,3344
2025-09-09T13:00:00Z,1.38223,1.38268,1.38163,1.38188,3577
2025-09-09T13:30:00Z,1.38187,1.38223,1.38109,1.38155,4706
2025-09-09T14:00:00Z,1.38153,1.38314,1.38041,1.38176,9164
2025-09-09T14:30:00Z,1.38177,1.38267,1.38171,1.38202,6326
2025-09-09T15:00:00Z,1.38201,1.38342,1.38195,1.38316,4687
2025-09-09T15:30:00Z,1.38317,1.38372,1.38300,1.38347,3107
2025-09-09T16:00:00Z,1.38347,1.38424,1.38339,1.38398,2395
2025-09-09T16:30:00Z,1.38400,1.38412,1.38319,1.38320,2334
2025-09-09T17:00:00Z,1.38321,1.38398,1.38304,1.38394,2008
2025-09-09T17:30:00Z,1.38392,1.38441,1.38368,1.38435,2300
2025-09-09T18:00:00Z,1.38436,1.38469,1.38411,1.38453,2065
2025-09-09T18:30:00Z,1.38455,1.38477,1.38446,1.38464,1536
2025-09-09T19:00:00Z,1.38463,1.38499,1.38457,1.38482,1617
2025-09-09T19:30:00Z,1.38482,1.38579,1.38461,1.38579,2000
2025-09-09T20:00:00Z,1.38579,1.38593,1.38525,1.38561,1137
2025-09-09T20:30:00Z,1.38560,1.38569,1.38398,1.38417,1687
2025-09-09T21:00:00Z,1.38397,1.38448,1.38356,1.38413,240
2025-09-09T21:30:00Z,1.38413,1.38445,1.38401,1.38411,859
2025-09-09T22:00:00Z,1.38412,1.38459,1.38399,1.38456,486
2025-09-09T22:30:00Z,1.38458,1.38458,1.38440,1.38444,396
2025-09-09T23:00:00Z,1.38443,1.38477,1.38434,1.38475,1114
2025-09-09T23:30:00Z,1.38475,1.38492,1.38457,1.38459,668
2025-09-10T00:00:00Z,1.38461,1.38571,1.38461,1.38558,2870
2025-09-10T00:30:00Z,1.38558,1.38568,1.38541,1.38555,2540
2025-09-10T01:00:00Z,1.38554,1.38608,1.38540,1.38606,3315
2025-09-10T01:30:00Z,1.38609,1.38628,1.38499,1.38552,3330
2025-09-10T02:00:00Z,1.38551,1.38563,1.38516,1.38563,2409
2025-09-10T02:30:00Z,1.38562,1.38589,1.38550,1.38550,1251
2025-09-10T03:00:00Z,1.38550,1.38553,1.38517,1.38527,1303
2025-09-10T03:30:00Z,1.38526,1.38530,1.38499,1.38527,1606
2025-09-10T04:00:00Z,1.38525,1.38528,1.38468,1.38471,1710
2025-09-10T04:30:00Z,1.38471,1.38487,1.38406,1.38407,1542
2025-09-10T05:00:00Z,1.38411,1.38454,1.38411,1.38427,1713
2025-09-10T05:30:00Z,1.38428,1.38457,1.38415,1.38421,2082
2025-09-10T06:00:00Z,1.38417,1.38463,1.38385,1.38457,2941
2025-09-10T06:30:00Z,1.38455,1.38548,1.38454,1.38525,2070
2025-09-10T07:00:00Z,1.38524,1.38599,1.38505,1.38525,3658
2025-09-10T07:30:00Z,1.38526,1.38561,1.38522,1.38540,2688
2025-09-10T08:00:00Z,1.38542,1.38589,1.38524,1.38577,3763
2025-09-10T08:30:00Z,1.38575,1.38598,1.38517,1.38518,2661
2025-09-10T09:00:00Z,1.38519,1.38524,1.38464,1.38483,1816
2025-09-10T09:30:00Z,1.38484,1.38496,1.38464,1.38480,3103
2025-09-10T10:00:00Z,1.38480,1.38572,1.38478,1.38566,2142
2025-09-10T10:30:00Z,1.38566,1.38584,1.38560,1.38576,1645
2025-09-10T11:00:00Z,1.38575,1.38587,1.38545,1.38558,2633
2025-09-10T11:30:00Z,1.38556,1.38599,1.38555,1.38577,2743
2025-09-10T12:00:00Z,1.38579,1.38617,1.38556,1.38560,4777
2025-09-10T12:30:00Z,1.38561,1.38610,1.38390,1.38529,8562
2025-09-10T13:00:00Z,1.38529,1.38592,1.38442,1.38507,7160
2025-09-10T13:30:00Z,1.38507,1.38522,1.38331,1.38379,6623
2025-09-10T14:00:00Z,1.38379,1.38431,1.38301,1.38386,6219
2025-09-10T14:30:00Z,1.38387,1.38486,1.38330,1.38414,6201
2025-09-10T15:00:00Z,1.38415,1.38535,1.38406,1.38511,4247
2025-09-10T15:30:00Z,1.38509,1.38517,1.38432,1.38443,4256
2025-09-10T16:00:00Z,1.38446,1.38537,1.38429,1.38528,2106
2025-09-10T16:30:00Z,1.38528,1.38598,1.38523,1.38566,1660
2025-09-10T17:00:00Z,1.38566,1.38626,1.38517,1.38621,2759
2025-09-10T17:30:00Z,1.38619,1.38667,1.38612,1.38637,2606
2025-09-10T18:00:00Z,1.38638,1.38645,1.38548,1.38580,2363
2025-09-10T18:30:00Z,1.38581,1.38658,1.38580,1.38606,4009
2025-09-10T19:00:00Z,1.38607,1.38658,1.38603,1.38634,3266
2025-09-10T19:30:00Z,1.38634,1.38696,1.38630,1.38638,1907
2025-09-10T20:00:00Z,1.38638,1.38639,1.38587,1.38587,1091
2025-09-10T20:30:00Z,1.38587,1.38670,1.38585,1.38616,1474
2025-09-10T21:00:00Z,1.38606,1.38606,1.38563,1.38582,230
2025-09-10T21:30:00Z,1.38587,1.38633,1.38582,1.38604,1706
2025-09-10T22:00:00Z,1.38612,1.38620,1.38593,1.38613,366
2025-09-10T22:30:00Z,1.38613,1.38615,1.38582,1.38584,477
2025-09-10T23:00:00Z,1.38582,1.38611,1.38577,1.38581,593
2025-09-10T23:30:00Z,1.38579,1.38621,1.38579,1.38603,739
2025-09-11T00:00:00Z,1.38603,1.38678,1.38602,1.38670,1652
2025-09-11T00:30:00Z,1.38671,1.38694,1.38662,1.38693,1959
2025-09-11T01:00:00Z,1.38695,1.38697,1.38658,1.38665,2650
2025-09-11T01:30:00Z,1.38664,1.38669,1.38639,1.38663,2200
2025-09-11T02:00:00Z,1.38664,1.38728,1.38657,1.38720,1187
2025-09-11T02:30:00Z,1.38719,1.38731,1.38707,1.38711,1698
2025-09-11T03:00:00Z,1.38713,1.38713,1.38675,1.38675,2112
2025-09-11T03:30:00Z,1.38676,1.38709,1.38675,1.38698,1706
2025-09-11T04:00:00Z,1.38699,1.38724,1.38697,1.38724,1305
2025-09-11T04:30:00Z,1.38723,1.38723,1.38707,1.38711,1531
2025-09-11T05:00:00Z,1.38710,1.38743,1.38710,1.38738,1439
2025-09-11T05:30:00Z,1.38739,1.38774,1.38727,1.38768,1757
2025-09-11T06:00:00Z,1.38770,1.38795,1.38718,1.38728,2899
2025-09-11T06:30:00Z,1.38729,1.38752,1.38712,1.38731,2644
2025-09-11T07:00:00Z,1.38730,1.38802,1.38717,1.38802,2356
2025-09-11T07:30:00Z,1.38803,1.38813,1.38758,1.38792,2541
2025-09-11T08:00:00Z,1.38790,1.38811,1.38776,1.38804,2779
2025-09-11T08:30:00Z,1.38804,1.38814,1.38785,1.38806,1881
2025-09-11T09:00:00Z,1.38807,1.38854,1.38801,1.38831,2510
2025-09-11T09:30:00Z,1.38832,1.38889,1.38823,1.38824,2289
2025-09-11T10:00:00Z,1.38826,1.38854,1.38799,1.38828,2528
2025-09-11T10:30:00Z,1.38829,1.38875,1.38819,1.38831,2994
2025-09-11T11:00:00Z,1.38832,1.38843,1.38732,1.38786,3222
2025-09-11T11:30:00Z,1.38789,1.38886,1.38783,1.38879,2633
2025-09-11T12:00:00Z,1.38882,1.38883,1.38773,1.38773,4121
2025-09-11T12:30:00Z,1.38774,1.38911,1.38552,1.38571,8524
2025-09-11T13:00:00Z,1.38573,1.38676,1.38568,1.38636,6471
2025-09-11T13:30:00Z,1.38636,1.38662,1.38471,1.38487,5946
2025-09-11T14:00:00Z,1.38487,1.38508,1.38355,1.38452,5497
2025-09-11T14:30:00Z,1.38453,1.38473,1.38401,1.38406,5898
2025-09-11T15:00:00Z,1.38408,1.38450,1.38299,1.38336,3570
2025-09-11T15:30:00Z,1.38337,1.38364,1.38288,1.38308,3068
2025-09-11T16:00:00Z,1.38308,1.38324,1.38263,1.38317,2178
2025-09-11T16:30:00Z,1.38316,1.38339,1.38256,1.38328,2185
2025-09-11T17:00:00Z,1.38327,1.38374,1.38301,1.38337,2411
2025-09-11T17:30:00Z,1.38336,1.38391,1.38305,1.38390,1492
2025-09-11T18:00:00Z,1.38391,1.38394,1.38320,1.38334,2238
2025-09-11T18:30:00Z,1.38334,1.38386,1.38332,1.38368,1796
2025-09-11T19:00:00Z,1.38367,1.38398,1.38308,1.38391,2021
2025-09-11T19:30:00Z,1.38390,1.38426,1.38292,1.38316,2116
2025-09-11T20:00:00Z,1.38316,1.38333,1.38298,1.38314,1301
2025-09-11T20:30:00Z,1.38313,1.38378,1.38301,1.38308,2424
2025-09-11T21:00:00Z,1.38307,1.38334,1.38273,1.38327,751
2025-09-11T21:30:00Z,1.38331,1.38350,1.38318,1.38332,754
2025-09-11T22:00:00Z,1.38347,1.38364,1.38299,1.38321,540
2025-09-11T22:30:00Z,1.38320,1.38353,1.38319,1.38319,625
2025-09-11T23:00:00Z,1.38321,1.38340,1.38311,1.38322,1095
2025-09-11T23:30:00Z,1.38323,1.38348,1.38320,1.38343,769
2025-09-12T00:00:00Z,1.38343,1.38404,1.38341,1.38401,2684
2025-09-12T00:30:00Z,1.38401,1.38409,1.38371,1.38380,2088
2025-09-12T01:00:00Z,1.38380,1.38439,1.38359,1.38420,2341
2025-09-12T01:30:00Z,1.38419,1.38483,1.38412,1.38464,2573
2025-09-12T02:00:00Z,1.38464,1.38470,1.38411,1.38411,1556
2025-09-12T02:30:00Z,1.38412,1.38436,1.38408,1.38418,1481
2025-09-12T03:00:00Z,1.38420,1.38454,1.38417,1.38420,1247
2025-09-12T03:30:00Z,1.38421,1.38438,1.38401,1.38425,1401
2025-09-12T04:00:00Z,1.38426,1.38438,1.38403,1.38411,1447
2025-09-12T04:30:00Z,1.38410,1.38431,1.38408,1.38419,1554
2025-09-12T05:00:00Z,1.38418,1.38420,1.38387,1.38391,1103
2025-09-12T05:30:00Z,1.38392,1.38395,1.38374,1.38381,2260
2025-09-12T06:00:00Z,1.38381,1.38411,1.38371,1.38399,2862
2025-09-12T06:30:00Z,1.38399,1.38412,1.38351,1.38359,2453
2025-09-12T07:00:00Z,1.38358,1.38376,1.38320,1.38375,2444
2025-09-12T07:30:00Z,1.38371,1.38406,1.38339,1.38343,3278
2025-09-12T08:00:00Z,1.38345,1.38482,1.38332,1.38428,4198
2025-09-12T08:30:00Z,1.38428,1.38488,1.38401,1.38473,3640
2025-09-12T09:00:00Z,1.38474,1.38486,1.38401,1.38403,3378
2025-09-12T09:30:00Z,1.38402,1.38424,1.38377,1.38395,2188
2025-09-12T10:00:00Z,1.38395,1.38406,1.38376,1.38387,1962
2025-09-12T10:30:00Z,1.38385,1.38414,1.38350,1.38354,1586
2025-09-12T11:00:00Z,1.38355,1.38394,1.38342,1.38365,2486
2025-09-12T11:30:00Z,1.38365,1.38446,1.38358,1.38427,1673
2025-09-12T12:00:00Z,1.38425,1.38542,1.38403,1.38537,2695
2025-09-12T12:30:00Z,1.38533,1.38605,1.38426,1.38427,3758
2025-09-12T13:00:00Z,1.38428,1.38526,1.38418,1.38521,3344
2025-09-12T13:30:00Z,1.38522,1.38539,1.38414,1.38436,4734
2025-09-12T14:00:00Z,1.38435,1.38460,1.38341,1.38374,4459
2025-09-12T14:30:00Z,1.38374,1.38520,1.38368,1.38491,3663
2025-09-12T15:00:00Z,1.38490,1.38597,1.38478,1.38584,3696
2025-09-12T15:30:00Z,1.38584,1.38603,1.38549,1.38583,2155
2025-09-12T16:00:00Z,1.38581,1.38633,1.38553,1.38553,1648
2025-09-12T16:30:00Z,1.38555,1.38567,1.38474,1.38493,1717
2025-09-12T17:00:00Z,1.38494,1.38517,1.38425,1.38456,1919
2025-09-12T17:30:00Z,1.38454,1.38474,1.38434,1.38472,1977
2025-09-12T18:00:00Z,1.38472,1.38482,1.38438,1.38450,1645
2025-09-12T18:30:00Z,1.38450,1.38453,1.38379,1.38382,1063
2025-09-12T19:00:00Z,1.38382,1.38424,1.38382,1.38402,1141
2025-09-12T19:30:00Z,1.38403,1.38456,1.38403,1.38450,1877
2025-09-12T20:00:00Z,1.38451,1.38504,1.38435,1.38491,1474
2025-09-12T20:30:00Z,1.38492,1.38532,1.38427,1.38430,1746
2025-09-14T21:00:00Z,1.38273,1.38364,1.38273,1.38356,115
2025-09-14T21:30:00Z,1.38361,1.38415,1.38361,1.38376,1433
2025-09-14T22:00:00Z,1.38377,1.38422,1.38368,1.38386,628
2025-09-14T22:30:00Z,1.38388,1.38404,1.38355,1.38355,682
2025-09-14T23:00:00Z,1.38355,1.38403,1.38355,1.38390,682
2025-09-14T23:30:00Z,1.38389,1.38407,1.38383,1.38389,292
2025-09-15T00:00:00Z,1.38388,1.38435,1.38383,1.38432,724
2025-09-15T00:30:00Z,1.38433,1.38436,1.38407,1.38416,630
2025-09-15T01:00:00Z,1.38416,1.38454,1.38397,1.38428,1549
2025-09-15T01:30:00Z,1.38428,1.38434,1.38412,1.38424,1272
2025-09-15T02:00:00Z,1.38423,1.38448,1.38419,1.38446,847
2025-09-15T02:30:00Z,1.38446,1.38455,1.38407,1.38415,824
2025-09-15T03:00:00Z,1.38414,1.38416,1.38376,1.38379,1445
2025-09-15T03:30:00Z,1.38378,1.38390,1.38345,1.38354,1722
2025-09-15T04:00:00Z,1.38353,1.38359,1.38339,1.38343,1009
2025-09-15T04:30:00Z,1.38344,1.38362,1.38341,1.38346,1195
2025-09-15T05:00:00Z,1.38345,1.38375,1.38341,1.38369,1190
2025-09-15T05:30:00Z,1.38370,1.38377,1.38357,1.38366,995
2025-09-15T06:00:00Z,1.38366,1.38410,1.38349,1.38392,2102
2025-09-15T06:30:00Z,1.38393,1.38396,1.38340,1.38361,1768
2025-09-15T07:00:00Z,1.38361,1.38392,1.38317,1.38350,2922
2025-09-15T07:30:00Z,1.38352,1.38388,1.38303,1.38364,2543
2025-09-15T08:00:00Z,1.38367,1.38383,1.38320,1.38341,2666
2025-09-15T08:30:00Z,1.38341,1.38365,1.38323,1.38342,1829
2025-09-15T09:00:00Z,1.38340,1.38343,1.38297,1.38317,1536
2025-09-15T09:30:00Z,1.38316,1.38326,1.38298,1.38321,2043
2025-09-15T10:00:00Z,1.38321,1.38322,1.38216,1.38229,1835
2025-09-15T10:30:00Z,1.38229,1.38253,1.38211,1.38242,1125
2025-09-15T11:00:00Z,1.38241,1.38256,1.38202,1.38209,1915
2025-09-15T11:30:00Z,1.38209,1.38259,1.38185,1.38241,1347
2025-09-15T12:00:00Z,1.38240,1.38240,1.38183,1.38218,2657
2025-09-15T12:30:00Z,1.38215,1.38280,1.38146,1.38249,3100
2025-09-15T13:00:00Z,1.38248,1.38305,1.38201,1.38278,3596
2025-09-15T13:30:00Z,1.38278,1.38361,1.38278,1.38346,2134
2025-09-15T14:00:00Z,1.38346,1.38421,1.38314,1.38332,2698
2025-09-15T14:30:00Z,1.38331,1.38348,1.38061,1.38079,4289
2025-09-15T15:00:00Z,1.38078,1.38124,1.38032,1.38035,4192
2025-09-15T15:30:00Z,1.38033,1.38049,1.37930,1.37987,2741
2025-09-15T16:00:00Z,1.37986,1.38035,1.37940,1.38035,2721
2025-09-15T16:30:00Z,1.38036,1.38042,1.37976,1.37997,2057
2025-09-15T17:00:00Z,1.37997,1.38012,1.37957,1.37976,1708
2025-09-15T17:30:00Z,1.37975,1.37975,1.37769,1.37811,2431
2025-09-15T18:00:00Z,1.37811,1.37830,1.37756,1.37756,2700
2025-09-15T18:30:00Z,1.37757,1.37790,1.37705,1.37768,2432
2025-09-15T19:00:00Z,1.37767,1.37769,1.37694,1.37708,2264
2025-09-15T19:30:00Z,1.37711,1.37746,1.37677,1.37696,2574
2025-09-15T20:00:00Z,1.37697,1.37738,1.37664,1.37737,1588
2025-09-15T20:30:00Z,1.37739,1.37800,1.37730,1.37771,1560
2025-09-15T21:00:00Z,1.37761,1.37775,1.37704,1.37770,432
2025-09-15T21:30:00Z,1.37771,1.37819,1.37747,1.37776,1050
2025-09-15T22:00:00Z,1.37772,1.37788,1.37761,1.37785,562
2025-09-15T22:30:00Z,1.37787,1.37794,1.37757,1.37759,506
2025-09-15T23:00:00Z,1.37758,1.37779,1.37745,1.37746,1156
2025-09-15T23:30:00Z,1.37746,1.37754,1.37732,1.37743,552
2025-09-16T00:00:00Z,1.37743,1.37763,1.37708,1.37753,1604
2025-09-16T00:30:00Z,1.37752,1.37776,1.37733,1.37737,989
2025-09-16T01:00:00Z,1.37737,1.37756,1.37720,1.37755,1040
2025-09-16T01:30:00Z,1.37755,1.37761,1.37711,1.37719,1894
2025-09-16T02:00:00Z,1.37721,1.37721,1.37695,1.37705,1096
2025-09-16T02:30:00Z,1.37705,1.37728,1.37690,1.37714,917
2025-09-16T03:00:00Z,1.37713,1.37725,1.37686,1.37687,780
2025-09-16T03:30:00Z,1.37686,1.37686,1.37631,1.37671,910
2025-09-16T04:00:00Z,1.37671,1.37702,1.37670,1.37689,976
2025-09-16T04:30:00Z,1.37688,1.37725,1.37686,1.37715,909
2025-09-16T05:00:00Z,1.37714,1.37717,1.37673,1.37677,589
2025-09-16T05:30:00Z,1.37675,1.37720,1.37670,1.37691,785
2025-09-16T06:00:00Z,1.37691,1.37699,1.37653,1.37683,2185
2025-09-16T06:30:00Z,1.37684,1.37685,1.37632,1.37640,2258
2025-09-16T07:00:00Z,1.37639,1.37687,1.37617,1.37618,2472
2025-09-16T07:30:00Z,1.37619,1.37691,1.37617,1.37682,2765
2025-09-16T08:00:00Z,1.37682,1.37734,1.37663,1.37717,3062
2025-09-16T08:30:00Z,1.37717,1.37766,1.37717,1.37750,2380
2025-09-16T09:00:00Z,1.37749,1.37750,1.37640,1.37669,2517
2025-09-16T09:30:00Z,1.37668,1.37711,1.37635,1.37650,2634
2025-09-16T10:00:00Z,1.37650,1.37668,1.37623,1.37628,3351
2025-09-16T10:30:00Z,1.37630,1.37658,1.37617,1.37627,2084
2025-09-16T11:00:00Z,1.37625,1.37633,1.37589,1.37601,2299
2025-09-16T11:30:00Z,1.37600,1.37601,1.37474,1.37510,2379
2025-09-16T12:00:00Z,1.37509,1.37517,1.37458,1.37516,2699
2025-09-16T12:30:00Z,1.37515,1.37638,1.37495,1.37571,4760
2025-09-16T13:00:00Z,1.37570,1.37582,1.37380,1.37395,4682
2025-09-16T13:30:00Z,1.37395,1.37506,1.37365,1.37452,5039
2025-09-16T14:00:00Z,1.37452,1.37481,1.37389,1.37411,5484
2025-09-16T14:30:00Z,1.37412,1.37627,1.37403,1.37466,6538
2025-09-16T15:00:00Z,1.37467,1.37591,1.37466,1.37566,4134
2025-09-16T15:30:00Z,1.37567,1.37620,1.37438,1.37456,3189
2025-09-16T16:00:00Z,1.37455,1.37470,1.37379,1.37410,2353
2025-09-16T16:30:00Z,1.37410,1.37415,1.37365,1.37412,2347
2025-09-16T17:00:00Z,1.37412,1.37440,1.37367,1.37422,2825
2025-09-16T17:30:00Z,1.37421,1.37448,1.37395,1.37431,2192
2025-09-16T18:00:00Z,1.37432,1.37445,1.37363,1.37440,1956
2025-09-16T18:30:00Z,1.37440,1.37506,1.37437,1.37487,1753
2025-09-16T19:00:00Z,1.37489,1.37505,1.37455,1.37496,1167
2025-09-16T19:30:00Z,1.37497,1.37546,1.37481,1.37493,1981
2025-09-16T20:00:00Z,1.37495,1.37499,1.37390,1.37398,981
2025-09-16T20:30:00Z,1.37397,1.37401,1.37338,1.37381,1148
2025-09-16T21:00:00Z,1.37375,1.37387,1.37361,1.37381,260
2025-09-16T21:30:00Z,1.37382,1.37398,1.37382,1.37382,357
2025-09-16T22:00:00Z,1.37383,1.37420,1.37375,1.37414,479
2025-09-16T22:30:00Z,1.37414,1.37431,1.37393,1.37395,538
2025-09-16T23:00:00Z,1.37398,1.37412,1.37369,1.37390,568
2025-09-16T23:30:00Z,1.37389,1.37394,1.37369,1.37388,954
2025-09-17T00:00:00Z,1.37385,1.37407,1.37369,1.37392,2458
2025-09-17T00:30:00Z,1.37393,1.37441,1.37386,1.37426,2422
2025-09-17T01:00:00Z,1.37423,1.37463,1.37418,1.37461,2272
2025-09-17T01:30:00Z,1.37462,1.37495,1.37456,1.37470,1708
2025-09-17T02:00:00Z,1.37468,1.37484,1.37449,1.37471,2077
2025-09-17T02:30:00Z,1.37471,1.37502,1.37470,1.37496,1351
2025-09-17T03:00:00Z,1.37497,1.37517,1.37489,1.37514,968
2025-09-17T03:30:00Z,1.37515,1.37540,1.37511,1.37533,1306
2025-09-17T04:00:00Z,1.37533,1.37539,1.37507,1.37511,925
2025-09-17T04:30:00Z,1.37511,1.37521,1.37496,1.37504,1052
2025-09-17T05:00:00Z,1.37505,1.37505,1.37476,1.37492,1584
2025-09-17T05:30:00Z,1.37491,1.37515,1.37479,1.37500,1384
2025-09-17T06:00:00Z,1.37500,1.37550,1.37491,1.37514,2560
2025-09-17T06:30:00Z,1.37514,1.37551,1.37491,1.37498,2566
2025-09-17T07:00:00Z,1.37498,1.37607,1.37481,1.37606,2938
2025-09-17T07:30:00Z,1.37605,1.37616,1.37576,1.37599,2095
2025-09-17T08:00:00Z,1.37602,1.37615,1.37572,1.37574,1807
2025-09-17T08:30:00Z,1.37574,1.37589,1.37524,1.37557,2403
2025-09-17T09:00:00Z,1.37555,1.37565,1.37518,1.37537,2157
2025-09-17T09:30:00Z,1.37538,1.37561,1.37500,1.37530,1799
2025-09-17T10:00:00Z,1.37528,1.37586,1.37514,1.37566,2022
2025-09-17T10:30:00Z,1.37565,1.37568,1.37526,1.37558,1186
2025-09-17T11:00:00Z,1.37558,1.37558,1.37504,1.37508,1025
2025-09-17T11:30:00Z,1.37508,1.37552,1.37483,1.37548,986
2025-09-17T12:00:00Z,1.37546,1.37573,1.37519,1.37556,1618
2025-09-17T12:30:00Z,1.37551,1.37580,1.37488,1.37528,2351
2025-09-17T13:00:00Z,1.37529,1.37650,1.37510,1.37621,2058
2025-09-17T13:30:00Z,1.37620,1.37687,1.37479,1.37589,6177
2025-09-17T14:00:00Z,1.37588,1.37692,1.37548,1.37613,3598
2025-09-17T14:30:00Z,1.37613,1.37663,1.37529,1.37631,4505
2025-09-17T15:00:00Z,1.37629,1.37669,1.37529,1.37567,3285
2025-09-17T15:30:00Z,1.37566,1.37644,1.37560,1.37623,2435
2025-09-17T16:00:00Z,1.37624,1.37645,1.37556,1.37603,2350
2025-09-17T16:30:00Z,1.37604,1.37623,1.37583,1.37598,1903
2025-09-17T17:00:00Z,1.37599,1.37671,1.37583,1.37628,1257
2025-09-17T17:30:00Z,1.37629,1.37643,1.37604,1.37608,1322
2025-09-17T18:00:00Z,1.37603,1.37603,1.37261,1.37369,11836
2025-09-17T18:30:00Z,1.37367,1.37869,1.37338,1.37707,14202
2025-09-17T19:00:00Z,1.37707,1.37760,1.37562,1.37629,10415
2025-09-17T19:30:00Z,1.37629,1.37733,1.37616,1.37720,6578
2025-09-17T20:00:00Z,1.37718,1.37778,1.37606,1.37757,2247
2025-09-17T20:30:00Z,1.37757,1.37768,1.37670,1.37714,1389
2025-09-17T21:00:00Z,1.37689,1.37753,1.37689,1.37736,462
2025-09-17T21:30:00Z,1.37740,1.37748,1.37710,1.37730,644
2025-09-17T22:00:00Z,1.37732,1.37745,1.37696,1.37699,469
2025-09-17T22:30:00Z,1.37701,1.37733,1.37668,1.37678,1279
2025-09-17T23:00:00Z,1.37682,1.37717,1.37679,1.37703,1506
2025-09-17T23:30:00Z,1.37702,1.37719,1.37679,1.37704,963
2025-09-18T00:00:00Z,1.37704,1.37786,1.37701,1.37736,2162
2025-09-18T00:30:00Z,1.37736,1.37738,1.37662,1.37673,2675
2025-09-18T01:00:00Z,1.37672,1.37805,1.37652,1.37739,2822
2025-09-18T01:30:00Z,1.37738,1.37843,1.37738,1.37811,4168
2025-09-18T02:00:00Z,1.37811,1.37818,1.37744,1.37746,2077
2025-09-18T02:30:00Z,1.37745,1.37770,1.37725,1.37734,2264
2025-09-18T03:00:00Z,1.37736,1.37759,1.37719,1.37757,2183
2025-09-18T03:30:00Z,1.37758,1.37794,1.37757,1.37791,1748
2025-09-18T04:00:00Z,1.37792,1.37820,1.37780,1.37819,1704
2025-09-18T04:30:00Z,1.37818,1.37869,1.37815,1.37852,1953
2025-09-18T05:00:00Z,1.37852,1.37912,1.37840,1.37887,1945
2025-09-18T05:30:00Z,1.37885,1.37944,1.37866,1.37899,1954
2025-09-18T06:00:00Z,1.37899,1.37996,1.37887,1.37952,3501
2025-09-18T06:30:00Z,1.37953,1.37972,1.37908,1.37948,2506
2025-09-18T07:00:00Z,1.37949,1.37984,1.37829,1.37834,3644
2025-09-18T07:30:00Z,1.37832,1.37845,1.37738,1.37807,3122
2025-09-18T08:00:00Z,1.37808,1.37862,1.37797,1.37836,2798
2025-09-18T08:30:00Z,1.37837,1.37848,1.37765,1.37807,2499
2025-09-18T09:00:00Z,1.37806,1.37815,1.37719,1.37733,2306
2025-09-18T09:30:00Z,1.37733,1.37768,1.37693,1.37754,2215
2025-09-18T10:00:00Z,1.37753,1.37754,1.37672,1.37682,2167
2025-09-18T10:30:00Z,1.37682,1.37741,1.37667,1.37726,2097
2025-09-18T11:00:00Z,1.37728,1.37747,1.37696,1.37739,2136
2025-09-18T11:30:00Z,1.37739,1.37786,1.37716,1.37773,2226
2025-09-18T12:00:00Z,1.37771,1.37860,1.37760,1.37827,3137
2025-09-18T12:30:00Z,1.37834,1.37891,1.37760,1.37858,4444
2025-09-18T13:00:00Z,1.37861,1.37955,1.37859,1.37905,3912
2025-09-18T13:30:00Z,1.37906,1.38095,1.37895,1.37973,5909
2025-09-18T14:00:00Z,1.37974,1.38018,1.37914,1.37977,6742
2025-09-18T14:30:00Z,1.37977,1.38047,1.37922,1.38027,7675
2025-09-18T15:00:00Z,1.38027,1.38061,1.37971,1.38006,6562
2025-09-18T15:30:00Z,1.38008,1.38067,1.37955,1.37963,4759
2025-09-18T16:00:00Z,1.37963,1.38092,1.37947,1.38085,3018
2025-09-18T16:30:00Z,1.38086,1.38090,1.38004,1.38019,1506
2025-09-18T17:00:00Z,1.38021,1.38027,1.37948,1.37949,1634
2025-09-18T17:30:00Z,1.37948,1.37977,1.37917,1.37958,1423
2025-09-18T18:00:00Z,1.37959,1.37990,1.37938,1.37951,1327
2025-09-18T18:30:00Z,1.37952,1.38003,1.37926,1.37957,1396
2025-09-18T19:00:00Z,1.37958,1.37987,1.37866,1.37877,1637
2025-09-18T19:30:00Z,1.37877,1.37966,1.37868,1.37954,2079
2025-09-18T20:00:00Z,1.37953,1.37977,1.37905,1.37927,985
2025-09-18T20:30:00Z,1.37928,1.38018,1.37920,1.37953,1300
2025-09-18T21:00:00Z,1.37945,1.37985,1.37930,1.37969,1262
2025-09-18T21:30:00Z,1.37961,1.37986,1.37953,1.37970,601
2025-09-18T22:00:00Z,1.37981,1.37990,1.37938,1.37947,2009
2025-09-18T22:30:00Z,1.37945,1.37961,1.37932,1.37934,1331
2025-09-18T23:00:00Z,1.37935,1.37956,1.37933,1.37942,854
2025-09-18T23:30:00Z,1.37943,1.37949,1.37913,1.37916,826
2025-09-19T00:00:00Z,1.37915,1.37991,1.37895,1.37971,2316
2025-09-19T00:30:00Z,1.37971,1.37992,1.37945,1.37954,1335
2025-09-19T01:00:00Z,1.37954,1.37987,1.37943,1.37976,1614
2025-09-19T01:30:00Z,1.37976,1.38045,1.37956,1.38029,2104
2025-09-19T02:00:00Z,1.38030,1.38039,1.38012,1.38022,1365
2025-09-19T02:30:00Z,1.38022,1.38028,1.37977,1.38000,1012
2025-09-19T03:00:00Z,1.38000,1.38001,1.37918,1.37921,1566
2025-09-19T03:30:00Z,1.37920,1.37963,1.37914,1.37942,2662
2025-09-19T04:00:00Z,1.37942,1.37968,1.37879,1.37958,1909
2025-09-19T04:30:00Z,1.37957,1.38023,1.37956,1.37971,1299
2025-09-19T05:00:00Z,1.37972,1.38033,1.37941,1.38021,1542
2025-09-19T05:30:00Z,1.38022,1.38063,1.38021,1.38050,1492
2025-09-19T06:00:00Z,1.38051,1.38137,1.38049,1.38127,2396
2025-09-19T06:30:00Z,1.38128,1.38192,1.38089,1.38121,3411
2025-09-19T07:00:00Z,1.38121,1.38197,1.38029,1.38043,3178
2025-09-19T07:30:00Z,1.38043,1.38129,1.38021,1.38121,2432
2025-09-19T08:00:00Z,1.38122,1.38178,1.38106,1.38142,3227
2025-09-19T08:30:00Z,1.38141,1.38146,1.38074,1.38081,2469
2025-09-19T09:00:00Z,1.38081,1.38102,1.38058,1.38102,2163
2025-09-19T09:30:00Z,1.38100,1.38134,1.38092,1.38123,1790
2025-09-19T10:00:00Z,1.38122,1.38124,1.38058,1.38071,2304
2025-09-19T10:30:00Z,1.38071,1.38085,1.38049,1.38069,2797
2025-09-19T11:00:00Z,1.38067,1.38106,1.38048,1.38058,2580
2025-09-19T11:30:00Z,1.38058,1.38171,1.38051,1.38158,2471
2025-09-19T12:00:00Z,1.38157,1.38222,1.38111,1.38172,3578
2025-09-19T12:30:00Z,1.38169,1.38250,1.38169,1.38183,2889
2025-09-19T13:00:00Z,1.38183,1.38195,1.38106,1.38148,3735
2025-09-19T13:30:00Z,1.38145,1.38169,1.38038,1.38068,5597
2025-09-19T14:00:00Z,1.38069,1.38086,1.37925,1.37967,5843
2025-09-19T14:30:00Z,1.37965,1.37988,1.37712,1.37738,5709
2025-09-19T15:00:00Z,1.37739,1.37850,1.37721,1.37775,4306
2025-09-19T15:30:00Z,1.37775,1.37807,1.37699,1.37725,2328
2025-09-19T16:00:00Z,1.37724,1.37760,1.37689,1.37756,1916
2025-09-19T16:30:00Z,1.37755,1.37804,1.37746,1.37766,1434
2025-09-19T17:00:00Z,1.37766,1.37798,1.37747,1.37762,1146
2025-09-19T17:30:00Z,1.37763,1.37772,1.37707,1.37728,1054
2025-09-19T18:00:00Z,1.37727,1.37738,1.37708,1.37708,1076
2025-09-19T18:30:00Z,1.37709,1.37767,1.37685,1.37758,1759
2025-09-19T19:00:00Z,1.37757,1.37763,1.37707,1.37756,1355
2025-09-19T19:30:00Z,1.37756,1.37875,1.37756,1.37872,2263
2025-09-19T20:00:00Z,1.37871,1.37912,1.37811,1.37837,1516
2025-09-19T20:30:00Z,1.37838,1.37910,1.37733,1.37780,2231
2025-09-21T21:00:00Z,1.37745,1.37781,1.37745,1.37771,116
2025-09-21T21:30:00Z,1.37820,1.37841,1.37785,1.37820,2628
2025-09-21T22:00:00Z,1.37821,1.37827,1.37759,1.37806,392
2025-09-21T22:30:00Z,1.37807,1.37817,1.37793,1.37815,307
2025-09-21T23:00:00Z,1.37809,1.37837,1.37803,1.37827,292
2025-09-21T23:30:00Z,1.37828,1.37849,1.37816,1.37821,748
2025-09-22T00:00:00Z,1.37821,1.37864,1.37813,1.37843,1990
2025-09-22T00:30:00Z,1.37843,1.37953,1.37843,1.37873,2166
2025-09-22T01:00:00Z,1.37873,1.37941,1.37824,1.37935,2754
2025-09-22T01:30:00Z,1.37936,1.37969,1.37908,1.37953,2931
2025-09-22T02:00:00Z,1.37952,1.37994,1.37942,1.37972,1483
2025-09-22T02:30:00Z,1.37972,1.37973,1.37929,1.37942,1398
2025-09-22T03:00:00Z,1.37943,1.37948,1.37915,1.37934,1164
2025-09-22T03:30:00Z,1.37932,1.37951,1.37928,1.37950,1139
2025-09-22T04:00:00Z,1.37950,1.37978,1.37950,1.37977,1141
2025-09-22T04:30:00Z,1.37977,1.37995,1.37971,1.37981,948
2025-09-22T05:00:00Z,1.37981,1.37991,1.37955,1.37961,1051
2025-09-22T05:30:00Z,1.37960,1.37980,1.37912,1.37969,1556
2025-09-22T06:00:00Z,1.37969,1.37992,1.37946,1.37969,2068
2025-09-22T06:30:00Z,1.37969,1.37989,1.37933,1.37979,2204
2025-09-22T07:00:00Z,1.37979,1.38085,1.37978,1.38039,3577
2025-09-22T07:30:00Z,1.38039,1.38096,1.38036,1.38079,3348
2025-09-22T08:00:00Z,1.38078,1.38081,1.38006,1.38052,2665
2025-09-22T08:30:00Z,1.38053,1.38078,1.38033,1.38052,2573
2025-09-22T09:00:00Z,1.38052,1.38117,1.38047,1.38103,2290
2025-09-22T09:30:00Z,1.38104,1.38113,1.38023,1.38087,2604
2025-09-22T10:00:00Z,1.38088,1.38099,1.38021,1.38043,2317
2025-09-22T10:30:00Z,1.38044,1.38064,1.38035,1.38057,2110
2025-09-22T11:00:00Z,1.38057,1.38100,1.38036,1.38051,2546
2025-09-22T11:30:00Z,1.38051,1.38097,1.38048,1.38064,2496
2025-09-22T12:00:00Z,1.38064,1.38136,1.38060,1.38109,2812
2025-09-22T12:30:00Z,1.38110,1.38112,1.37968,1.37974,4417
2025-09-22T13:00:00Z,1.37973,1.38018,1.37925,1.37977,3965
2025-09-22T13:30:00Z,1.37977,1.38149,1.37975,1.38072,4799
2025-09-22T14:00:00Z,1.38072,1.38163,1.38067,1.38111,3269
2025-09-22T14:30:00Z,1.38111,1.38150,1.38073,1.38092,3864
2025-09-22T15:00:00Z,1.38093,1.38169,1.38081,1.38106,3727
2025-09-22T15:30:00Z,1.38106,1.38181,1.38084,1.38147,3072
2025-09-22T16:00:00Z,1.38144,1.38229,1.38131,1.38228,2690
2025-09-22T16:30:00Z,1.38227,1.38284,1.38225,1.38272,1849
2025-09-22T17:00:00Z,1.38273,1.38277,1.38213,1.38224,1967
2025-09-22T17:30:00Z,1.38224,1.38243,1.38204,1.38216,1485
2025-09-22T18:00:00Z,1.38217,1.38224,1.38172,1.38175,1569
2025-09-22T18:30:00Z,1.38175,1.38224,1.38161,1.38204,1139
2025-09-22T19:00:00Z,1.38205,1.38238,1.38203,1.38226,1740
2025-09-22T19:30:00Z,1.38227,1.38229,1.38196,1.38219,1413
2025-09-22T20:00:00Z,1.38218,1.38312,1.38213,1.38303,1186
2025-09-22T20:30:00Z,1.38303,1.38303,1.38165,1.38173,1610
2025-09-22T21:00:00Z,1.38169,1.38176,1.38142,1.38164,227
2025-09-22T21:30:00Z,1.38164,1.38212,1.38161,1.38202,558
2025-09-22T22:00:00Z,1.38211,1.38222,1.38194,1.38211,349
2025-09-22T22:30:00Z,1.38211,1.38238,1.38204,1.38229,500
2025-09-22T23:00:00Z,1.38228,1.38243,1.38222,1.38232,668
2025-09-22T23:30:00Z,1.38232,1.38256,1.38227,1.38249,783
2025-09-23T00:00:00Z,1.38249,1.38314,1.38229,1.38300,2159
2025-09-23T00:30:00Z,1.38300,1.38311,1.38267,1.38271,2970
2025-09-23T01:00:00Z,1.38272,1.38304,1.38231,1.38302,1773
2025-09-23T01:30:00Z,1.38304,1.38312,1.38234,1.38242,1371
2025-09-23T02:00:00Z,1.38242,1.38302,1.38231,1.38290,1168
2025-09-23T02:30:00Z,1.38291,1.38312,1.38279,1.38279,1314
2025-09-23T03:00:00Z,1.38279,1.38312,1.38267,1.38268,1532
2025-09-23T03:30:00Z,1.38268,1.38278,1.38246,1.38262,1243
2025-09-23T04:00:00Z,1.38263,1.38285,1.38242,1.38282,2459
2025-09-23T04:30:00Z,1.38281,1.38297,1.38268,1.38295,1511
2025-09-23T05:00:00Z,1.38296,1.38307,1.38229,1.38240,2232
2025-09-23T05:30:00Z,1.38240,1.38267,1.38221,1.38256,3256
2025-09-23T06:00:00Z,1.38256,1.38302,1.38246,1.38252,2303
2025-09-23T06:30:00Z,1.38252,1.38314,1.38230,1.38307,2291
2025-09-23T07:00:00Z,1.38308,1.38397,1.38303,1.38386,3277
2025-09-23T07:30:00Z,1.38386,1.38426,1.38364,1.38424,3465
2025-09-23T08:00:00Z,1.38424,1.38439,1.38369,1.38385,2584
2025-09-23T08:30:00Z,1.38386,1.38401,1.38312,1.38314,4518
2025-09-23T09:00:00Z,1.38313,1.38326,1.38244,1.38257,2558
2025-09-23T09:30:00Z,1.38257,1.38315,1.38249,1.38292,2232
2025-09-23T10:00:00Z,1.38293,1.38317,1.38241,1.38283,2227
2025-09-23T10:30:00Z,1.38283,1.38317,1.38248,1.38251,2023
2025-09-23T11:00:00Z,1.38249,1.38306,1.38246,1.38266,2242
2025-09-23T11:30:00Z,1.38266,1.38276,1.38225,1.38264,1870
2025-09-23T12:00:00Z,1.38264,1.38309,1.38207,1.38245,3148
2025-09-23T12:30:00Z,1.38244,1.38254,1.38169,1.38172,2880
2025-09-23T13:00:00Z,1.38171,1.38185,1.38110,1.38182,3649
2025-09-23T13:30:00Z,1.38182,1.38295,1.38182,1.38231,4314
2025-09-23T14:00:00Z,1.38231,1.38364,1.38211,1.38322,4456
2025-09-23T14:30:00Z,1.38320,1.38344,1.38205,1.38268,4616
2025-09-23T15:00:00Z,1.38269,1.38310,1.38243,1.38293,3664
2025-09-23T15:30:00Z,1.38293,1.38364,1.38290,1.38351,2356
2025-09-23T16:00:00Z,1.38349,1.38353,1.38306,1.38307,1436
2025-09-23T16:30:00Z,1.38309,1.38394,1.38237,1.38288,2882
2025-09-23T17:00:00Z,1.38287,1.38296,1.38258,1.38290,2335
2025-09-23T17:30:00Z,1.38291,1.38416,1.38290,1.38401,3230
2025-09-23T18:00:00Z,1.38401,1.38449,1.38389,1.38427,2255
2025-09-23T18:30:00Z,1.38432,1.38495,1.38408,1.38491,2050
2025-09-23T19:00:00Z,1.38491,1.38491,1.38429,1.38441,1946
2025-09-23T19:30:00Z,1.38441,1.38447,1.38380,1.38394,1628
2025-09-23T20:00:00Z,1.38395,1.38415,1.38365,1.38410,573
2025-09-23T20:30:00Z,1.38409,1.38412,1.38333,1.38337,1012
2025-09-23T21:00:00Z,1.38319,1.38358,1.38303,1.38316,1073
2025-09-23T21:30:00Z,1.38317,1.38345,1.38303,1.38345,693
2025-09-23T22:00:00Z,1.38339,1.38354,1.38327,1.38349,1096
2025-09-23T22:30:00Z,1.38352,1.38379,1.38348,1.38377,500
2025-09-23T23:00:00Z,1.38377,1.38383,1.38354,1.38366,522
2025-09-23T23:30:00Z,1.38366,1.38391,1.38363,1.38384,722
2025-09-24T00:00:00Z,1.38383,1.38449,1.38371,1.38445,1967
2025-09-24T00:30:00Z,1.38445,1.38462,1.38421,1.38426,2092
2025-09-24T01:00:00Z,1.38425,1.38489,1.38418,1.38474,3040
2025-09-24T01:30:00Z,1.38472,1.38472,1.38382,1.38428,4572
2025-09-24T02:00:00Z,1.38428,1.38431,1.38394,1.38418,2307
2025-09-24T02:30:00Z,1.38418,1.38436,1.38397,1.38427,2669
2025-09-24T03:00:00Z,1.38426,1.38443,1.38412,1.38441,2225
2025-09-24T03:30:00Z,1.38440,1.38452,1.38433,1.38451,1415
2025-09-24T04:00:00Z,1.38451,1.38462,1.38438,1.38442,2220
2025-09-24T04:30:00Z,1.38442,1.38456,1.38433,1.38441,1419
2025-09-24T05:00:00Z,1.38442,1.38464,1.38435,1.38451,1610
2025-09-24T05:30:00Z,1.38450,1.38476,1.38446,1.38457,2089
2025-09-24T06:00:00Z,1.38455,1.38519,1.38424,1.38508,2761
2025-09-24T06:30:00Z,1.38509,1.38538,1.38498,1.38535,1972
2025-09-24T07:00:00Z,1.38534,1.38583,1.38515,1.38556,2283
2025-09-24T07:30:00Z,1.38555,1.38598,1.38498,1.38530,2809
2025-09-24T08:00:00Z,1.38530,1.38638,1.38529,1.38630,2505
2025-09-24T08:30:00Z,1.38630,1.38639,1.38587,1.38600,2894
2025-09-24T09:00:00Z,1.38601,1.38668,1.38584,1.38666,1919
2025-09-24T09:30:00Z,1.38666,1.38747,1.38665,1.38707,2728
2025-09-24T10:00:00Z,1.38710,1.38753,1.38682,1.38725,1858
2025-09-24T10:30:00Z,1.38725,1.38753,1.38702,1.38725,1837
2025-09-24T11:00:00Z,1.38724,1.38785,1.38719,1.38781,2451
2025-09-24T11:30:00Z,1.38782,1.38782,1.38691,1.38710,2535
2025-09-24T12:00:00Z,1.38711,1.38733,1.38655,1.38670,2990
2025-09-24T12:30:00Z,1.38670,1.38788,1.38665,1.38759,3627
2025-09-24T13:00:00Z,1.38760,1.38851,1.38751,1.38842,4021
2025-09-24T13:30:00Z,1.38842,1.38852,1.38720,1.38764,6566
2025-09-24T14:00:00Z,1.38766,1.38961,1.38759,1.38916,6364
2025-09-24T14:30:00Z,1.38919,1.38935,1.38847,1.38885,6064
2025-09-24T15:00:00Z,1.38886,1.38909,1.38847,1.38850,4228
2025-09-24T15:30:00Z,1.38849,1.38972,1.38848,1.38946,3606
2025-09-24T16:00:00Z,1.38947,1.39060,1.38944,1.39050,2234
2025-09-24T16:30:00Z,1.39050,1.39062,1.38991,1.39059,2535
2025-09-24T17:00:00Z,1.39058,1.39064,1.38952,1.38992,2422
2025-09-24T17:30:00Z,1.38993,1.39048,1.38988,1.39003,1858
2025-09-24T18:00:00Z,1.39003,1.39048,1.38979,1.39031,2069
2025-09-24T18:30:00Z,1.39032,1.39050,1.38998,1.39037,1889
2025-09-24T19:00:00Z,1.39036,1.39064,1.39022,1.39038,2146
2025-09-24T19:30:00Z,1.39038,1.39038,1.38966,1.39023,2557
2025-09-24T20:00:00Z,1.39021,1.39022,1.38955,1.38962,1228
2025-09-24T20:30:00Z,1.38962,1.39003,1.38941,1.38944,1435
2025-09-24T21:00:00Z,1.38927,1.38986,1.38905,1.38982,331
2025-09-24T21:30:00Z,1.38979,1.38986,1.38970,1.38974,663
2025-09-24T22:00:00Z,1.38981,1.38981,1.38942,1.38953,1071
2025-09-24T22:30:00Z,1.38954,1.38969,1.38949,1.38954,657
2025-09-24T23:00:00Z,1.38953,1.38970,1.38949,1.38970,456
2025-09-24T23:30:00Z,1.38973,1.38985,1.38952,1.38960,753
2025-09-25T00:00:00Z,1.38957,1.38966,1.38940,1.38943,2231
2025-09-25T00:30:00Z,1.38945,1.38951,1.38914,1.38918,3026
2025-09-25T01:00:00Z,1.38917,1.38942,1.38912,1.38926,2276
2025-09-25T01:30:00Z,1.38924,1.38952,1.38906,1.38911,2496
2025-09-25T02:00:00Z,1.38909,1.38909,1.38875,1.38896,1554
2025-09-25T02:30:00Z,1.38894,1.38896,1.38864,1.38875,1706
2025-09-25T03:00:00Z,1.38875,1.38884,1.38854,1.38857,1032
2025-09-25T03:30:00Z,1.38857,1.38865,1.38845,1.38854,1699
2025-09-25T04:00:00Z,1.38854,1.38883,1.38847,1.38867,1281
2025-09-25T04:30:00Z,1.38867,1.38888,1.38864,1.38865,928
2025-09-25T05:00:00Z,1.38865,1.38926,1.38860,1.38926,1470
2025-09-25T05:30:00Z,1.38925,1.38956,1.38922,1.38945,2018
2025-09-25T06:00:00Z,1.38946,1.38975,1.38914,1.38943,2295
2025-09-25T06:30:00Z,1.38942,1.38988,1.38911,1.38973,2536
2025-09-25T07:00:00Z,1.38973,1.39006,1.38958,1.38980,3059
2025-09-25T07:30:00Z,1.38980,1.39017,1.38934,1.38993,3372
2025-09-25T08:00:00Z,1.38994,1.39018,1.38929,1.38937,3499
2025-09-25T08:30:00Z,1.38938,1.38964,1.38920,1.38929,2780
2025-09-25T09:00:00Z,1.38928,1.38961,1.38907,1.38954,2250
2025-09-25T09:30:00Z,1.38955,1.38962,1.38910,1.38926,2374
2025-09-25T10:00:00Z,1.38926,1.38934,1.38895,1.38934,2898
2025-09-25T10:30:00Z,1.38935,1.38954,1.38929,1.38946,2747
2025-09-25T11:00:00Z,1.38946,1.38993,1.38927,1.38937,3629
2025-09-25T11:30:00Z,1.38936,1.38967,1.38908,1.38936,3332
2025-09-25T12:00:00Z,1.38938,1.38969,1.38913,1.38926,3227
2025-09-25T12:30:00Z,1.38922,1.39126,1.38922,1.39059,6759
2025-09-25T13:00:00Z,1.39059,1.39163,1.39038,1.39143,4583
2025-09-25T13:30:00Z,1.39143,1.39241,1.39093,1.39172,6670
2025-09-25T14:00:00Z,1.39171,1.39206,1.39117,1.39168,4919
2025-09-25T14:30:00Z,1.39169,1.39234,1.39154,1.39217,5321
2025-09-25T15:00:00Z,1.39218,1.39284,1.39216,1.39280,4342
2025-09-25T15:30:00Z,1.39279,1.39297,1.39219,1.39241,3440
2025-09-25T16:00:00Z,1.39243,1.39302,1.39232,1.39278,2652
2025-09-25T16:30:00Z,1.39277,1.39367,1.39271,1.39349,2781
2025-09-25T17:00:00Z,1.39352,1.39432,1.39349,1.39418,3160
2025-09-25T17:30:00Z,1.39418,1.39430,1.39371,1.39410,2280
2025-09-25T18:00:00Z,1.39410,1.39491,1.39404,1.39459,2733
2025-09-25T18:30:00Z,1.39460,1.39471,1.39382,1.39422,2226
2025-09-25T19:00:00Z,1.39422,1.39430,1.39386,1.39420,1724
2025-09-25T19:30:00Z,1.39422,1.39465,1.39402,1.39421,1754
2025-09-25T20:00:00Z,1.39422,1.39447,1.39365,1.39365,1338
2025-09-25T20:30:00Z,1.39365,1.39424,1.39362,1.39389,1645
2025-09-25T21:00:00Z,1.39369,1.39369,1.39069,1.39360,552
2025-09-25T21:30:00Z,1.39362,1.39377,1.39343,1.39357,924
2025-09-25T22:00:00Z,1.39359,1.39382,1.39355,1.39381,788
2025-09-25T22:30:00Z,1.39382,1.39408,1.39381,1.39402,457
2025-09-25T23:00:00Z,1.39404,1.39445,1.39390,1.39437,1135
2025-09-25T23:30:00Z,1.39434,1.39446,1.39405,1.39409,1122
2025-09-26T00:00:00Z,1.39412,1.39450,1.39399,1.39403,3041
2025-09-26T00:30:00Z,1.39403,1.39422,1.39372,1.39383,2264
2025-09-26T01:00:00Z,1.39383,1.39404,1.39361,1.39398,2504
2025-09-26T01:30:00Z,1.39401,1.39442,1.39379,1.39429,2181
2025-09-26T02:00:00Z,1.39429,1.39431,1.39381,1.39382,1489
2025-09-26T02:30:00Z,1.39382,1.39389,1.39359,1.39384,1478
2025-09-26T03:00:00Z,1.39385,1.39396,1.39371,1.39372,1377
2025-09-26T03:30:00Z,1.39373,1.39375,1.39359,1.39361,1267
2025-09-26T04:00:00Z,1.39361,1.39382,1.39337,1.39362,1481
2025-09-26T04:30:00Z,1.39363,1.39373,1.39348,1.39348,1517
2025-09-26T05:00:00Z,1.39347,1.39376,1.39345,1.39353,1583
2025-09-26T05:30:00Z,1.39352,1.39403,1.39350,1.39400,1475
2025-09-26T06:00:00Z,1.39402,1.39450,1.39385,1.39433,2981
2025-09-26T06:30:00Z,1.39433,1.39471,1.39418,1.39420,3222
2025-09-26T07:00:00Z,1.39420,1.39476,1.39389,1.39451,3582
2025-09-26T07:30:00Z,1.39450,1.39478,1.39434,1.39451,1955
2025-09-26T08:00:00Z,1.39451,1.39465,1.39413,1.39433,2328
2025-09-26T08:30:00Z,1.39433,1.39473,1.39392,1.39466,2006
2025-09-26T09:00:00Z,1.39466,1.39494,1.39422,1.39463,2614
2025-09-26T09:30:00Z,1.39464,1.39511,1.39445,1.39500,1347
2025-09-26T10:00:00Z,1.39500,1.39562,1.39499,1.39560,1718
2025-09-26T10:30:00Z,1.39561,1.39581,1.39528,1.39569,1868
2025-09-26T11:00:00Z,1.39569,1.39572,1.39527,1.39548,2570
2025-09-26T11:30:00Z,1.39549,1.39549,1.39451,1.39488,2442
2025-09-26T12:00:00Z,1.39488,1.39502,1.39413,1.39440,3044
2025-09-26T12:30:00Z,1.39440,1.39469,1.39336,1.39353,5771
2025-09-26T13:00:00Z,1.39352,1.39421,1.39317,1.39391,6694
2025-09-26T13:30:00Z,1.39392,1.39425,1.39313,1.39398,5520
2025-09-26T14:00:00Z,1.39398,1.39438,1.39345,1.39437,5429
2025-09-26T14:30:00Z,1.39437,1.39463,1.39323,1.39420,5488
2025-09-26T15:00:00Z,1.39419,1.39518,1.39407,1.39426,5080
2025-09-26T15:30:00Z,1.39427,1.39489,1.39397,1.39461,4146
2025-09-26T16:00:00Z,1.39461,1.39502,1.39429,1.39431,2687
2025-09-26T16:30:00Z,1.39433,1.39452,1.39359,1.39363,2610
2025-09-26T17:00:00Z,1.39362,1.39400,1.39339,1.39377,1432
2025-09-26T17:30:00Z,1.39376,1.39393,1.39348,1.39366,2773
2025-09-26T18:00:00Z,1.39367,1.39405,1.39357,1.39359,2134
2025-09-26T18:30:00Z,1.39360,1.39406,1.39341,1.39364,3255
2025-09-26T19:00:00Z,1.39365,1.39410,1.39353,1.39405,1996
2025-09-26T19:30:00Z,1.39405,1.39423,1.39348,1.39348,2124
2025-09-26T20:00:00Z,1.39354,1.39397,1.39338,1.39360,1344
2025-09-26T20:30:00Z,1.39365,1.39445,1.39365,1.39386,2427
2025-09-28T21:00:00Z,1.39247,1.39347,1.39233,1.39336,176
2025-09-28T21:30:00Z,1.39343,1.39377,1.39318,1.39341,266
2025-09-28T22:00:00Z,1.39350,1.39466,1.39335,1.39417,578
2025-09-28T22:30:00Z,1.39416,1.39429,1.39404,1.39411,341
2025-09-28T23:00:00Z,1.39410,1.39426,1.39375,1.39375,709
2025-09-28T23:30:00Z,1.39376,1.39387,1.39360,1.39375,801
2025-09-29T00:00:00Z,1.39375,1.39388,1.39281,1.39312,1650
2025-09-29T00:30:00Z,1.39312,1.39313,1.39250,1.39268,1304
2025-09-29T01:00:00Z,1.39268,1.39342,1.39266,1.39283,1766
2025-09-29T01:30:00Z,1.39282,1.39292,1.39251,1.39259,1533
2025-09-29T02:00:00Z,1.39258,1.39266,1.39208,1.39226,1362
2025-09-29T02:30:00Z,1.39227,1.39237,1.39194,1.39204,1343
2025-09-29T03:00:00Z,1.39205,1.39211,1.39188,1.39206,1516
2025-09-29T03:30:00Z,1.39206,1.39228,1.39200,1.39212,1102
2025-09-29T04:00:00Z,1.39211,1.39236,1.39211,1.39228,1039
2025-09-29T04:30:00Z,1.39228,1.39229,1.39187,1.39209,876
2025-09-29T05:00:00Z,1.39211,1.39217,1.39186,1.39200,1105
2025-09-29T05:30:00Z,1.39201,1.39217,1.39177,1.39208,1692
2025-09-29T06:00:00Z,1.39209,1.39272,1.39209,1.39240,2252
2025-09-29T06:30:00Z,1.39241,1.39282,1.39224,1.39256,1672
2025-09-29T07:00:00Z,1.39258,1.39291,1.39177,1.39217,2213
2025-09-29T07:30:00Z,1.39217,1.39250,1.39149,1.39179,1591
2025-09-29T08:00:00Z,1.39179,1.39231,1.39150,1.39218,2128
2025-09-29T08:30:00Z,1.39217,1.39217,1.39158,1.39167,1432
2025-09-29T09:00:00Z,1.39166,1.39202,1.39153,1.39192,1969
2025-09-29T09:30:00Z,1.39194,1.39214,1.39185,1.39211,2249
2025-09-29T10:00:00Z,1.39211,1.39223,1.39161,1.39181,2171
2025-09-29T10:30:00Z,1.39181,1.39259,1.39178,1.39252,2096
2025-09-29T11:00:00Z,1.39252,1.39331,1.39244,1.39330,2038
2025-09-29T11:30:00Z,1.39332,1.39341,1.39277,1.39286,2351
2025-09-29T12:00:00Z,1.39285,1.39360,1.39263,1.39358,3255
2025-09-29T12:30:00Z,1.39359,1.39391,1.39266,1.39280,5006
2025-09-29T13:00:00Z,1.39281,1.39370,1.39267,1.39323,4489
2025-09-29T13:30:00Z,1.39325,1.39348,1.39248,1.39316,5065
2025-09-29T14:00:00Z,1.39317,1.39392,1.39299,1.39299,4263
2025-09-29T14:30:00Z,1.39301,1.39346,1.39198,1.39232,5707
2025-09-29T15:00:00Z,1.39231,1.39233,1.39125,1.39128,4347
2025-09-29T15:30:00Z,1.39128,1.39148,1.39028,1.39048,3974
2025-09-29T16:00:00Z,1.39048,1.39126,1.39048,1.39077,2496
2025-09-29T16:30:00Z,1.39076,1.39155,1.39076,1.39125,1924
2025-09-29T17:00:00Z,1.39125,1.39149,1.39087,1.39120,2341
2025-09-29T17:30:00Z,1.39121,1.39182,1.39113,1.39161,1849
2025-09-29T18:00:00Z,1.39161,1.39170,1.39117,1.39131,1112
2025-09-29T18:30:00Z,1.39131,1.39162,1.39106,1.39136,1778
2025-09-29T19:00:00Z,1.39135,1.39199,1.39126,1.39155,1357
2025-09-29T19:30:00Z,1.39155,1.39224,1.39146,1.39202,1270
2025-09-29T20:00:00Z,1.39201,1.39219,1.39171,1.39203,1012
2025-09-29T20:30:00Z,1.39203,1.39204,1.39120,1.39120,1452
2025-09-29T21:00:00Z,1.39107,1.39112,1.38991,1.39095,142
2025-09-29T21:30:00Z,1.39083,1.39175,1.39082,1.39172,612
2025-09-29T22:00:00Z,1.39173,1.39183,1.39121,1.39182,346
2025-09-29T22:30:00Z,1.39180,1.39182,1.39128,1.39131,1067
2025-09-29T23:00:00Z,1.39132,1.39154,1.39121,1.39130,1108
2025-09-29T23:30:00Z,1.39131,1.39174,1.39126,1.39173,578
2025-09-30T00:00:00Z,1.39172,1.39210,1.39154,1.39184,1909
2025-09-30T00:30:00Z,1.39184,1.39237,1.39182,1.39207,2476
2025-09-30T01:00:00Z,1.39207,1.39207,1.39143,1.39168,3493
2025-09-30T01:30:00Z,1.39167,1.39215,1.39163,1.39203,2268
2025-09-30T02:00:00Z,1.39202,1.39215,1.39152,1.39172,1716
2025-09-30T02:30:00Z,1.39172,1.39175,1.39123,1.39123,1743
2025-09-30T03:00:00Z,1.39122,1.39165,1.39120,1.39128,1265
2025-09-30T03:30:00Z,1.39130,1.39148,1.39123,1.39147,1274
2025-09-30T04:00:00Z,1.39148,1.39199,1.39144,1.39195,869
2025-09-30T04:30:00Z,1.39196,1.39196,1.39122,1.39136,1974
2025-09-30T05:00:00Z,1.39136,1.39160,1.39125,1.39150,1905
2025-09-30T05:30:00Z,1.39149,1.39175,1.39128,1.39172,1619
2025-09-30T06:00:00Z,1.39173,1.39196,1.39096,1.39107,2164
2025-09-30T06:30:00Z,1.39110,1.39122,1.39066,1.39115,2458
2025-09-30T07:00:00Z,1.39117,1.39141,1.39087,1.39109,3342
2025-09-30T07:30:00Z,1.39111,1.39238,1.39109,1.39147,3836
2025-09-30T08:00:00Z,1.39147,1.39153,1.39059,1.39086,4016
2025-09-30T08:30:00Z,1.39088,1.39108,1.39058,1.39102,3693
2025-09-30T09:00:00Z,1.39101,1.39151,1.39076,1.39126,2858
2025-09-30T09:30:00Z,1.39127,1.39156,1.39122,1.39148,2649
2025-09-30T10:00:00Z,1.39149,1.39160,1.39125,1.39146,1967
2025-09-30T10:30:00Z,1.39146,1.39203,1.39137,1.39196,1935
2025-09-30T11:00:00Z,1.39194,1.39247,1.39191,1.39221,2002
2025-09-30T11:30:00Z,1.39221,1.39222,1.39163,1.39200,1976
2025-09-30T12:00:00Z,1.39200,1.39227,1.39156,1.39185,3380
2025-09-30T12:30:00Z,1.39185,1.39200,1.39148,1.39186,2460
2025-09-30T13:00:00Z,1.39184,1.39289,1.39167,1.39244,3676
2025-09-30T13:30:00Z,1.39244,1.39249,1.39068,1.39134,4020
2025-09-30T14:00:00Z,1.39135,1.39151,1.38959,1.38993,6380
2025-09-30T14:30:00Z,1.38991,1.39149,1.38979,1.39140,5414
2025-09-30T15:00:00Z,1.39141,1.39286,1.39128,1.39284,5794
2025-09-30T15:30:00Z,1.39284,1.39340,1.39264,1.39288,3597
2025-09-30T16:00:00Z,1.39287,1.39356,1.39271,1.39272,2483
2025-09-30T16:30:00Z,1.39270,1.39285,1.39185,1.39210,2899
2025-09-30T17:00:00Z,1.39211,1.39243,1.39180,1.39183,2305
2025-09-30T17:30:00Z,1.39182,1.39191,1.39156,1.39176,2088
2025-09-30T18:00:00Z,1.39176,1.39187,1.39147,1.39183,1239
2025-09-30T18:30:00Z,1.39182,1.39225,1.39132,1.39171,2166
2025-09-30T19:00:00Z,1.39169,1.39200,1.39146,1.39182,1749
2025-09-30T19:30:00Z,1.39183,1.39197,1.39141,1.39150,1764
2025-09-30T20:00:00Z,1.39150,1.39253,1.39137,1.39239,1048
2025-09-30T20:30:00Z,1.39239,1.39240,1.39187,1.39189,810
2025-09-30T21:00:00Z,1.39165,1.39188,1.39107,1.39131,862
2025-09-30T21:30:00Z,1.39130,1.39194,1.39122,1.39186,3012
2025-09-30T22:00:00Z,1.39187,1.39198,1.39149,1.39182,826
2025-09-30T22:30:00Z,1.39182,1.39209,1.39182,1.39192,496
2025-09-30T23:00:00Z,1.39192,1.39204,1.39176,1.39200,747
2025-09-30T23:30:00Z,1.39199,1.39238,1.39199,1.39236,898
2025-10-01T00:00:00Z,1.39237,1.39264,1.39226,1.39263,1421
2025-10-01T00:30:00Z,1.39263,1.39276,1.39248,1.39264,1961
2025-10-01T01:00:00Z,1.39265,1.39293,1.39231,1.39237,1468
2025-10-01T01:30:00Z,1.39236,1.39271,1.39219,1.39230,1371
2025-10-01T02:00:00Z,1.39230,1.39264,1.39229,1.39263,1432
2025-10-01T02:30:00Z,1.39264,1.39302,1.39263,1.39273,1598
2025-10-01T03:00:00Z,1.39272,1.39304,1.39269,1.39295,1253
2025-10-01T03:30:00Z,1.39294,1.39323,1.39293,1.39312,1140
2025-10-01T04:00:00Z,1.39308,1.39308,1.39221,1.39224,1176
2025-10-01T04:30:00Z,1.39224,1.39224,1.39137,1.39137,1376
2025-10-01T05:00:00Z,1.39137,1.39166,1.39105,1.39134,2337
2025-10-01T05:30:00Z,1.39135,1.39146,1.39115,1.39137,1437
2025-10-01T06:00:00Z,1.39138,1.39176,1.39114,1.39122,3153
2025-10-01T06:30:00Z,1.39121,1.39143,1.39065,1.39108,3557
2025-10-01T07:00:00Z,1.39108,1.39226,1.39063,1.39223,3171
2025-10-01T07:30:00Z,1.39223,1.39275,1.39198,1.39203,3778
2025-10-01T08:00:00Z,1.39201,1.39202,1.39123,1.39186,3200
2025-10-01T08:30:00Z,1.39190,1.39196,1.39136,1.39176,2194
2025-10-01T09:00:00Z,1.39177,1.39231,1.39163,1.39230,2018
2025-10-01T09:30:00Z,1.39231,1.39287,1.39228,1.39266,2388
2025-10-01T10:00:00Z,1.39266,1.39359,1.39258,1.39358,2654
2025-10-01T10:30:00Z,1.39358,1.39363,1.39269,1.39339,2216
2025-10-01T11:00:00Z,1.39338,1.39339,1.39258,1.39274,1994
2025-10-01T11:30:00Z,1.39275,1.39298,1.39247,1.39285,1319
2025-10-01T12:00:00Z,1.39286,1.39361,1.39143,1.39230,6508
2025-10-01T12:30:00Z,1.39232,1.39332,1.39213,1.39286,6521
2025-10-01T13:00:00Z,1.39287,1.39374,1.39224,1.39349,5570
2025-10-01T13:30:00Z,1.39349,1.39349,1.39235,1.39281,6007
2025-10-01T14:00:00Z,1.39275,1.39352,1.39247,1.39294,6968
2025-10-01T14:30:00Z,1.39294,1.39444,1.39287,1.39430,7975
2025-10-01T15:00:00Z,1.39431,1.39516,1.39396,1.39514,5471
2025-10-01T15:30:00Z,1.39512,1.39548,1.39461,1.39540,4788
2025-10-01T16:00:00Z,1.39540,1.39566,1.39491,1.39503,2282
2025-10-01T16:30:00Z,1.39502,1.39541,1.39467,1.39477,1922
2025-10-01T17:00:00Z,1.39476,1.39490,1.39424,1.39434,2158
2025-10-01T17:30:00Z,1.39435,1.39473,1.39433,1.39452,1859
2025-10-01T18:00:00Z,1.39453,1.39465,1.39366,1.39369,2189
2025-10-01T18:30:00Z,1.39371,1.39416,1.39340,1.39393,1969
2025-10-01T19:00:00Z,1.39393,1.39415,1.39387,1.39404,1744
2025-10-01T19:30:00Z,1.39403,1.39418,1.39385,1.39416,2309
2025-10-01T20:00:00Z,1.39414,1.39443,1.39399,1.39434,1519
2025-10-01T20:30:00Z,1.39435,1.39439,1.39340,1.39340,1046
2025-10-01T21:00:00Z,1.39337,1.39394,1.39309,1.39364,231
2025-10-01T21:30:00Z,1.39365,1.39383,1.39356,1.39365,345
2025-10-01T22:00:00Z,1.39362,1.39366,1.39330,1.39360,607
2025-10-01T22:30:00Z,1.39359,1.39371,1.39336,1.39355,956
2025-10-01T23:00:00Z,1.39355,1.39388,1.39343,1.39372,952
2025-10-01T23:30:00Z,1.39371,1.39408,1.39371,1.39402,847
2025-10-02T00:00:00Z,1.39402,1.39470,1.39398,1.39435,1836
2025-10-02T00:30:00Z,1.39436,1.39459,1.39420,1.39435,1395
2025-10-02T01:00:00Z,1.39436,1.39468,1.39387,1.39397,1398
2025-10-02T01:30:00Z,1.39396,1.39399,1.39346,1.39357,1151
2025-10-02T02:00:00Z,1.39358,1.39382,1.39343,1.39370,819
2025-10-02T02:30:00Z,1.39369,1.39382,1.39357,1.39373,747
2025-10-02T03:00:00Z,1.39372,1.39412,1.39371,1.39402,848
2025-10-02T03:30:00Z,1.39403,1.39428,1.39403,1.39412,891
2025-10-02T04:00:00Z,1.39412,1.39457,1.39411,1.39439,914
2025-10-02T04:30:00Z,1.39440,1.39461,1.39438,1.39447,912
2025-10-02T05:00:00Z,1.39446,1.39481,1.39414,1.39466,2219
2025-10-02T05:30:00Z,1.39467,1.39472,1.39416,1.39422,1182
2025-10-02T06:00:00Z,1.39423,1.39423,1.39358,1.39376,1443
2025-10-02T06:30:00Z,1.39378,1.39409,1.39341,1.39361,2914
2025-10-02T07:00:00Z,1.39359,1.39383,1.39320,1.39383,2845
2025-10-02T07:30:00Z,1.39382,1.39385,1.39326,1.39381,2481
2025-10-02T08:00:00Z,1.39382,1.39386,1.39336,1.39354,2735
2025-10-02T08:30:00Z,1.39354,1.39388,1.39329,1.39364,2447
2025-10-02T09:00:00Z,1.39366,1.39385,1.39331,1.39352,2225
2025-10-02T09:30:00Z,1.39354,1.39391,1.39342,1.39360,1589
2025-10-02T10:00:00Z,1.39361,1.39401,1.39358,1.39371,1596
2025-10-02T10:30:00Z,1.39371,1.39384,1.39350,1.39355,1971
2025-10-02T11:00:00Z,1.39355,1.39434,1.39347,1.39422,2547
2025-10-02T11:30:00Z,1.39423,1.39455,1.39397,1.39444,1790
2025-10-02T12:00:00Z,1.39444,1.39479,1.39400,1.39472,3329
2025-10-02T12:30:00Z,1.39471,1.39524,1.39454,1.39458,3054
2025-10-02T13:00:00Z,1.39459,1.39479,1.39397,1.39429,3993
2025-10-02T13:30:00Z,1.39430,1.39589,1.39407,1.39544,6071
2025-10-02T14:00:00Z,1.39547,1.39635,1.39546,1.39584,4683
2025-10-02T14:30:00Z,1.39584,1.39736,1.39584,1.39734,5096
2025-10-02T15:00:00Z,1.39734,1.39821,1.39712,1.39820,4085
2025-10-02T15:30:00Z,1.39820,1.39859,1.39755,1.39757,2443
2025-10-02T16:00:00Z,1.39759,1.39774,1.39670,1.39671,2462
2025-10-02T16:30:00Z,1.39671,1.39709,1.39662,1.39665,1666
2025-10-02T17:00:00Z,1.39665,1.39668,1.39616,1.39631,1734
2025-10-02T17:30:00Z,1.39633,1.39686,1.39633,1.39681,1563
2025-10-02T18:00:00Z,1.39683,1.39688,1.39628,1.39639,1579
2025-10-02T18:30:00Z,1.39639,1.39650,1.39614,1.39624,1098
2025-10-02T19:00:00Z,1.39623,1.39633,1.39601,1.39604,1575
2025-10-02T19:30:00Z,1.39604,1.39635,1.39594,1.39614,1914
2025-10-02T20:00:00Z,1.39612,1.39662,1.39604,1.39639,618
2025-10-02T20:30:00Z,1.39639,1.39720,1.39637,1.39660,1488
2025-10-02T21:00:00Z,1.39658,1.39676,1.39633,1.39664,201
2025-10-02T21:30:00Z,1.39664,1.39667,1.39635,1.39640,685
2025-10-02T22:00:00Z,1.39641,1.39655,1.39640,1.39645,184
2025-10-02T22:30:00Z,1.39651,1.39661,1.39613,1.39620,1035
2025-10-02T23:00:00Z,1.39620,1.39642,1.39612,1.39617,932
2025-10-02T23:30:00Z,1.39616,1.39618,1.39600,1.39602,897
2025-10-03T00:00:00Z,1.39603,1.39642,1.39601,1.39638,3047
2025-10-03T00:30:00Z,1.39639,1.39649,1.39627,1.39638,1979
2025-10-03T01:00:00Z,1.39639,1.39680,1.39611,1.39662,3089
2025-10-03T01:30:00Z,1.39659,1.39665,1.39604,1.39625,2023
2025-10-03T02:00:00Z,1.39625,1.39650,1.39624,1.39647,1731
2025-10-03T02:30:00Z,1.39647,1.39676,1.39647,1.39665,1779
2025-10-03T03:00:00Z,1.39668,1.39687,1.39647,1.39685,1985
2025-10-03T03:30:00Z,1.39682,1.39682,1.39652,1.39656,1644
2025-10-03T04:00:00Z,1.39656,1.39668,1.39642,1.39661,1040
2025-10-03T04:30:00Z,1.39662,1.39688,1.39662,1.39675,1388
2025-10-03T05:00:00Z,1.39675,1.39678,1.39647,1.39672,2177
2025-10-03T05:30:00Z,1.39673,1.39674,1.39644,1.39663,2186
2025-10-03T06:00:00Z,1.39662,1.39669,1.39599,1.39617,1779
2025-10-03T06:30:00Z,1.39617,1.39664,1.39585,1.39655,1467
2025-10-03T07:00:00Z,1.39654,1.39654,1.39608,1.39618,2119
2025-10-03T07:30:00Z,1.39617,1.39620,1.39573,1.39614,2243
2025-10-03T08:00:00Z,1.39615,1.39646,1.39578,1.39627,3184
2025-10-03T08:30:00Z,1.39630,1.39660,1.39594,1.39606,2383
2025-10-03T09:00:00Z,1.39607,1.39683,1.39604,1.39668,1804
2025-10-03T09:30:00Z,1.39669,1.39676,1.39627,1.39633,1067
2025-10-03T10:00:00Z,1.39633,1.39667,1.39628,1.39667,1135
2025-10-03T10:30:00Z,1.39666,1.39687,1.39664,1.39672,1400
2025-10-03T11:00:00Z,1.39673,1.39678,1.39635,1.39654,1892
2025-10-03T11:30:00Z,1.39655,1.39672,1.39621,1.39624,2358
2025-10-03T12:00:00Z,1.39625,1.39675,1.39583,1.39589,2712
2025-10-03T12:30:00Z,1.39589,1.39629,1.39502,1.39502,2728
2025-10-03T13:00:00Z,1.39501,1.39616,1.39491,1.39599,3063
2025-10-03T13:30:00Z,1.39599,1.39626,1.39527,1.39565,4441
2025-10-03T14:00:00Z,1.39564,1.39578,1.39478,1.39525,6029
2025-10-03T14:30:00Z,1.39526,1.39558,1.39482,1.39506,4485
2025-10-03T15:00:00Z,1.39506,1.39554,1.39480,1.39491,3596
2025-10-03T15:30:00Z,1.39492,1.39519,1.39453,1.39466,3464
2025-10-03T16:00:00Z,1.39466,1.39480,1.39392,1.39456,2383
2025-10-03T16:30:00Z,1.39456,1.39486,1.39452,1.39469,1287
2025-10-03T17:00:00Z,1.39471,1.39507,1.39461,1.39500,1991
2025-10-03T17:30:00Z,1.39499,1.39587,1.39471,1.39566,2443
2025-10-03T18:00:00Z,1.39566,1.39605,1.39516,1.39530,2071
2025-10-03T18:30:00Z,1.39529,1.39540,1.39507,1.39524,1680
2025-10-03T19:00:00Z,1.39524,1.39526,1.39486,1.39497,2244
2025-10-03T19:30:00Z,1.39499,1.39565,1.39486,1.39521,1508
2025-10-03T20:00:00Z,1.39524,1.39539,1.39485,1.39516,1326
2025-10-03T20:30:00Z,1.39516,1.39604,1.39448,1.39448,2797
2025-10-05T21:00:00Z,1.39481,1.39586,1.39480,1.39564,225
2025-10-05T21:30:00Z,1.39562,1.39586,1.39558,1.39571,306
2025-10-05T22:00:00Z,1.39564,1.39673,1.39520,1.39643,1513
2025-10-05T22:30:00Z,1.39646,1.39671,1.39626,1.39643,1145
2025-10-05T23:00:00Z,1.39644,1.39665,1.39594,1.39626,2421
2025-10-05T23:30:00Z,1.39626,1.39658,1.39609,1.39642,3384
2025-10-06T00:00:00Z,1.39640,1.39667,1.39601,1.39624,2957
2025-10-06T00:30:00Z,1.39626,1.39628,1.39561,1.39563,1267
2025-10-06T01:00:00Z,1.39561,1.39608,1.39555,1.39591,1232
2025-10-06T01:30:00Z,1.39589,1.39590,1.39500,1.39501,2126
2025-10-06T02:00:00Z,1.39501,1.39516,1.39490,1.39503,1283
2025-10-06T02:30:00Z,1.39504,1.39510,1.39474,1.39482,1299
2025-10-06T03:00:00Z,1.39482,1.39483,1.39459,1.39461,1083
2025-10-06T03:30:00Z,1.39464,1.39496,1.39447,1.39489,1167
2025-10-06T04:00:00Z,1.39490,1.39521,1.39468,1.39508,1017
2025-10-06T04:30:00Z,1.39506,1.39523,1.39485,1.39521,1167
2025-10-06T05:00:00Z,1.39521,1.39557,1.39504,1.39545,909
2025-10-06T05:30:00Z,1.39546,1.39558,1.39527,1.39528,1068
2025-10-06T06:00:00Z,1.39527,1.39552,1.39506,1.39517,3002
2025-10-06T06:30:00Z,1.39516,1.39531,1.39465,1.39468,2799
2025-10-06T07:00:00Z,1.39470,1.39508,1.39411,1.39420,4202
2025-10-06T07:30:00Z,1.39420,1.39534,1.39413,1.39524,5259
2025-10-06T08:00:00Z,1.39523,1.39580,1.39506,1.39537,9426
2025-10-06T08:30:00Z,1.39537,1.39543,1.39472,1.39500,12970
2025-10-06T09:00:00Z,1.39500,1.39573,1.39477,1.39554,11796
2025-10-06T09:30:00Z,1.39554,1.39584,1.39534,1.39547,13428
2025-10-06T10:00:00Z,1.39547,1.39584,1.39533,1.39582,11568
2025-10-06T10:30:00Z,1.39582,1.39616,1.39541,1.39554,9680
2025-10-06T11:00:00Z,1.39552,1.39621,1.39550,1.39563,8814
2025-10-06T11:30:00Z,1.39563,1.39636,1.39550,1.39613,4968
2025-10-06T12:00:00Z,1.39613,1.39639,1.39552,1.39600,14800
2025-10-06T12:30:00Z,1.39601,1.39637,1.39582,1.39614,2800
2025-10-06T13:00:00Z,1.39613,1.39672,1.39611,1.39660,2856
2025-10-06T13:30:00Z,1.39659,1.39662,1.39597,1.39632,5595
2025-10-06T14:00:00Z,1.39630,1.39646,1.39577,1.39580,5402
2025-10-06T14:30:00Z,1.39578,1.39621,1.39525,1.39531,3488
2025-10-06T15:00:00Z,1.39530,1.39546,1.39454,1.39456,3543
2025-10-06T15:30:00Z,1.39456,1.39510,1.39456,1.39459,2521
2025-10-06T16:00:00Z,1.39460,1.39524,1.39455,1.39517,1458
2025-10-06T16:30:00Z,1.39518,1.39532,1.39487,1.39487,867
2025-10-06T17:00:00Z,1.39490,1.39516,1.39466,1.39496,1250
2025-10-06T17:30:00Z,1.39496,1.39538,1.39487,1.39516,1099
2025-10-06T18:00:00Z,1.39515,1.39518,1.39489,1.39505,1175
2025-10-06T18:30:00Z,1.39506,1.39534,1.39492,1.39510,1457
2025-10-06T19:00:00Z,1.39511,1.39514,1.39475,1.39477,1653
2025-10-06T19:30:00Z,1.39476,1.39501,1.39456,1.39490,1564
2025-10-06T20:00:00Z,1.39490,1.39521,1.39441,1.39441,1183
2025-10-06T20:30:00Z,1.39441,1.39448,1.39396,1.39413,1205
2025-10-06T21:00:00Z,1.39411,1.39418,1.39404,1.39414,137
2025-10-06T21:30:00Z,1.39414,1.39422,1.39402,1.39404,362
2025-10-06T22:00:00Z,1.39405,1.39430,1.39403,1.39421,1545
2025-10-06T22:30:00Z,1.39418,1.39447,1.39418,1.39431,1299
2025-10-06T23:00:00Z,1.39432,1.39446,1.39425,1.39445,1272
2025-10-06T23:30:00Z,1.39445,1.39466,1.39422,1.39446,894
2025-10-07T00:00:00Z,1.39445,1.39483,1.39435,1.39465,2316
2025-10-07T00:30:00Z,1.39465,1.39506,1.39463,1.39484,3137
2025-10-07T01:00:00Z,1.39484,1.39515,1.39474,1.39485,3154
2025-10-07T01:30:00Z,1.39485,1.39521,1.39485,1.39514,1357
2025-10-07T02:00:00Z,1.39515,1.39515,1.39465,1.39465,1152
2025-10-07T02:30:00Z,1.39465,1.39491,1.39462,1.39488,1218
2025-10-07T03:00:00Z,1.39489,1.39493,1.39459,1.39481,1720
2025-10-07T03:30:00Z,1.39480,1.39488,1.39461,1.39463,1885
2025-10-07T04:00:00Z,1.39463,1.39475,1.39443,1.39445,1478
2025-10-07T04:30:00Z,1.39445,1.39491,1.39436,1.39478,1079
2025-10-07T05:00:00Z,1.39478,1.39518,1.39467,1.39516,1649
2025-10-07T05:30:00Z,1.39514,1.39546,1.39513,1.39520,1659
2025-10-07T06:00:00Z,1.39521,1.39593,1.39521,1.39572,2484
2025-10-07T06:30:00Z,1.39574,1.39582,1.39528,1.39535,1961
2025-10-07T07:00:00Z,1.39540,1.39618,1.39535,1.39583,2438
2025-10-07T07:30:00Z,1.39583,1.39585,1.39534,1.39544,2390
2025-10-07T08:00:00Z,1.39545,1.39554,1.39503,1.39519,2381
2025-10-07T08:30:00Z,1.39519,1.39579,1.39505,1.39560,1962
2025-10-07T09:00:00Z,1.39559,1.39582,1.39541,1.39569,1433
2025-10-07T09:30:00Z,1.39571,1.39578,1.39537,1.39541,1727
2025-10-07T10:00:00Z,1.39540,1.39552,1.39509,1.39521,1392
2025-10-07T10:30:00Z,1.39519,1.39519,1.39472,1.39517,1724
2025-10-07T11:00:00Z,1.39517,1.39561,1.39508,1.39554,1875
2025-10-07T11:30:00Z,1.39553,1.39622,1.39550,1.39580,1639
2025-10-07T12:00:00Z,1.39581,1.39614,1.39546,1.39578,2419
2025-10-07T12:30:00Z,1.39579,1.39607,1.39526,1.39532,3272
2025-10-07T13:00:00Z,1.39535,1.39559,1.39478,1.39533,3943
2025-10-07T13:30:00Z,1.39533,1.39538,1.39440,1.39475,4121
2025-10-07T14:00:00Z,1.39477,1.39505,1.39440,1.39492,4476
2025-10-07T14:30:00Z,1.39490,1.39537,1.39440,1.39466,3683
2025-10-07T15:00:00Z,1.39466,1.39509,1.39383,1.39414,4023
2025-10-07T15:30:00Z,1.39412,1.39509,1.39408,1.39492,4382
2025-10-07T16:00:00Z,1.39491,1.39523,1.39426,1.39518,3235
2025-10-07T16:30:00Z,1.39519,1.39564,1.39508,1.39513,2198
2025-10-07T17:00:00Z,1.39517,1.39537,1.39489,1.39509,2905
2025-10-07T17:30:00Z,1.39507,1.39520,1.39452,1.39497,3121
2025-10-07T18:00:00Z,1.39498,1.39532,1.39478,1.39491,2373
2025-10-07T18:30:00Z,1.39496,1.39515,1.39450,1.39499,2593
2025-10-07T19:00:00Z,1.39498,1.39553,1.39486,1.39538,2476
2025-10-07T19:30:00Z,1.39539,1.39601,1.39519,1.39542,2533
2025-10-07T20:00:00Z,1.39542,1.39568,1.39519,1.39558,789
2025-10-07T20:30:00Z,1.39557,1.39557,1.39481,1.39487,1095
2025-10-07T21:00:00Z,1.39485,1.39501,1.39463,1.39501,726
2025-10-07T21:30:00Z,1.39501,1.39514,1.39473,1.39479,603
2025-10-07T22:00:00Z,1.39479,1.39493,1.39470,1.39490,397
2025-10-07T22:30:00Z,1.39489,1.39506,1.39489,1.39504,678
2025-10-07T23:00:00Z,1.39504,1.39534,1.39500,1.39522,946
2025-10-07T23:30:00Z,1.39522,1.39536,1.39507,1.39526,1763
2025-10-08T00:00:00Z,1.39525,1.39574,1.39524,1.39567,2004
2025-10-08T00:30:00Z,1.39567,1.39586,1.39528,1.39557,2241
2025-10-08T01:00:00Z,1.39556,1.39626,1.39513,1.39615,5123
2025-10-08T01:30:00Z,1.39616,1.39645,1.39602,1.39640,2776
2025-10-08T02:00:00Z,1.39640,1.39678,1.39616,1.39628,3249
2025-10-08T02:30:00Z,1.39628,1.39650,1.39611,1.39639,1843
2025-10-08T03:00:00Z,1.39640,1.39642,1.39611,1.39620,1772
2025-10-08T03:30:00Z,1.39620,1.39633,1.39614,1.39617,1860
2025-10-08T04:00:00Z,1.39616,1.39651,1.39611,1.39643,1852
2025-10-08T04:30:00Z,1.39642,1.39654,1.39633,1.39637,1363
2025-10-08T05:00:00Z,1.39637,1.39682,1.39637,1.39670,1515
2025-10-08T05:30:00Z,1.39671,1.39697,1.39647,1.39679,2371
2025-10-08T06:00:00Z,1.39679,1.39706,1.39654,1.39691,3432
2025-10-08T06:30:00Z,1.39692,1.39694,1.39636,1.39640,2150
2025-10-08T07:00:00Z,1.39641,1.39651,1.39580,1.39591,3458
2025-10-08T07:30:00Z,1.39592,1.39601,1.39527,1.39550,2873
2025-10-08T08:00:00Z,1.39549,1.39551,1.39507,1.39528,2310
2025-10-08T08:30:00Z,1.39529,1.39552,1.39516,1.39536,2124
2025-10-08T09:00:00Z,1.39536,1.39552,1.39509,1.39524,2147
2025-10-08T09:30:00Z,1.39525,1.39587,1.39524,1.39558,2402
2025-10-08T10:00:00Z,1.39558,1.39571,1.39486,1.39498,1708
2025-10-08T10:30:00Z,1.39497,1.39499,1.39442,1.39459,3040
2025-10-08T11:00:00Z,1.39458,1.39493,1.39449,1.39481,8040
2025-10-08T11:30:00Z,1.39480,1.39485,1.39438,1.39441,8138
2025-10-08T12:00:00Z,1.39439,1.39443,1.39373,1.39397,9834
2025-10-08T12:30:00Z,1.39397,1.39446,1.39377,1.39379,7542
2025-10-08T13:00:00Z,1.39377,1.39387,1.39313,1.39384,11153
2025-10-08T13:30:00Z,1.39384,1.39495,1.39368,1.39470,14836
2025-10-08T14:00:00Z,1.39472,1.39506,1.39446,1.39454,12554
2025-10-08T14:30:00Z,1.39457,1.39515,1.39426,1.39499,9891
2025-10-08T15:00:00Z,1.39499,1.39537,1.39456,1.39533,6721
2025-10-08T15:30:00Z,1.39533,1.39585,1.39513,1.39542,6393
2025-10-08T16:00:00Z,1.39541,1.39592,1.39522,1.39572,2790
2025-10-08T16:30:00Z,1.39571,1.39604,1.39571,1.39583,2518
2025-10-08T17:00:00Z,1.39579,1.39596,1.39526,1.39544,1654
2025-10-08T17:30:00Z,1.39540,1.39601,1.39540,1.39572,1073
2025-10-08T18:00:00Z,1.39571,1.39623,1.39564,1.39572,3102
2025-10-08T18:30:00Z,1.39572,1.39575,1.39539,1.39561,4458
2025-10-08T19:00:00Z,1.39560,1.39571,1.39515,1.39526,7082
2025-10-08T19:30:00Z,1.39526,1.39566,1.39522,1.39565,3723
2025-10-08T20:00:00Z,1.39564,1.39578,1.39539,1.39544,1245
2025-10-08T20:30:00Z,1.39546,1.39558,1.39487,1.39500,1663
2025-10-08T21:00:00Z,1.39501,1.39509,1.39477,1.39509,185
2025-10-08T21:30:00Z,1.39508,1.39512,1.39495,1.39500,290
2025-10-08T22:00:00Z,1.39504,1.39540,1.39502,1.39528,572
2025-10-08T22:30:00Z,1.39529,1.39538,1.39482,1.39494,964
2025-10-08T23:00:00Z,1.39493,1.39539,1.39493,1.39529,1505
2025-10-08T23:30:00Z,1.39529,1.39553,1.39509,1.39547,1288
2025-10-09T00:00:00Z,1.39546,1.39552,1.39476,1.39488,1584
2025-10-09T00:30:00Z,1.39487,1.39497,1.39474,1.39486,1715
2025-10-09T01:00:00Z,1.39485,1.39487,1.39408,1.39420,3640
2025-10-09T01:30:00Z,1.39420,1.39439,1.39415,1.39433,1496
2025-10-09T02:00:00Z,1.39433,1.39447,1.39404,1.39407,895
2025-10-09T02:30:00Z,1.39409,1.39417,1.39378,1.39398,949
2025-10-09T03:00:00Z,1.39398,1.39403,1.39376,1.39391,794
2025-10-09T03:30:00Z,1.39391,1.39401,1.39374,1.39380,972
2025-10-09T04:00:00Z,1.39380,1.39391,1.39356,1.39363,789
2025-10-09T04:30:00Z,1.39363,1.39372,1.39343,1.39350,1039
2025-10-09T05:00:00Z,1.39352,1.39380,1.39328,1.39367,1781
2025-10-09T05:30:00Z,1.39367,1.39411,1.39350,1.39409,1681
2025-10-09T06:00:00Z,1.39410,1.39533,1.39410,1.39531,2952
2025-10-09T06:30:00Z,1.39532,1.39633,1.39531,1.39617,2276
2025-10-09T07:00:00Z,1.39616,1.39623,1.39536,1.39587,4260
2025-10-09T07:30:00Z,1.39586,1.39628,1.39555,1.39560,2242
2025-10-09T08:00:00Z,1.39560,1.39585,1.39536,1.39553,2325
2025-10-09T08:30:00Z,1.39554,1.39610,1.39528,1.39531,3419
2025-10-09T09:00:00Z,1.39530,1.39531,1.39479,1.39499,3408
2025-10-09T09:30:00Z,1.39500,1.39512,1.39466,1.39481,1707
2025-10-09T10:00:00Z,1.39480,1.39497,1.39460,1.39473,1755
2025-10-09T10:30:00Z,1.39475,1.39522,1.39473,1.39483,1459
2025-10-09T11:00:00Z,1.39483,1.39554,1.39476,1.39496,1853
2025-10-09T11:30:00Z,1.39497,1.39536,1.39470,1.39531,1753
2025-10-09T12:00:00Z,1.39530,1.39543,1.39449,1.39463,2770
2025-10-09T12:30:00Z,1.39465,1.39476,1.39422,1.39446,3428
2025-10-09T13:00:00Z,1.39443,1.39517,1.39385,1.39496,4772
2025-10-09T13:30:00Z,1.39497,1.39709,1.39487,1.39703,4774
2025-10-09T14:00:00Z,1.39705,1.39943,1.39705,1.39941,7227
2025-10-09T14:30:00Z,1.39941,1.40022,1.39939,1.40001,4582
2025-10-09T15:00:00Z,1.40001,1.40175,1.39985,1.40171,4515
2025-10-09T15:30:00Z,1.40171,1.40203,1.40083,1.40106,5340
2025-10-09T16:00:00Z,1.40105,1.40198,1.40092,1.40182,2673
2025-10-09T16:30:00Z,1.40182,1.40242,1.40149,1.40219,3743
2025-10-09T17:00:00Z,1.40222,1.40255,1.40169,1.40198,3792
2025-10-09T17:30:00Z,1.40197,1.40220,1.40135,1.40157,2461
2025-10-09T18:00:00Z,1.40159,1.40220,1.40150,1.40213,1518
2025-10-09T18:30:00Z,1.40213,1.40333,1.40213,1.40316,2131
2025-10-09T19:00:00Z,1.40314,1.40320,1.40277,1.40306,2563
2025-10-09T19:30:00Z,1.40307,1.40308,1.40234,1.40244,2641
2025-10-09T20:00:00Z,1.40243,1.40246,1.40174,1.40177,961
2025-10-09T20:30:00Z,1.40177,1.40230,1.40151,1.40151,1245
2025-10-09T21:00:00Z,1.40143,1.40163,1.40036,1.40155,496
2025-10-09T21:30:00Z,1.40156,1.40176,1.40141,1.40150,615
2025-10-09T22:00:00Z,1.40153,1.40201,1.40144,1.40188,554
2025-10-09T22:30:00Z,1.40188,1.40216,1.40186,1.40194,1147
2025-10-09T23:00:00Z,1.40195,1.40251,1.40177,1.40204,1366
2025-10-09T23:30:00Z,1.40204,1.40216,1.40185,1.40193,1224
2025-10-10T00:00:00Z,1.40195,1.40243,1.40191,1.40213,2363
2025-10-10T00:30:00Z,1.40212,1.40218,1.40159,1.40166,2827
2025-10-10T01:00:00Z,1.40166,1.40182,1.40145,1.40164,3020
2025-10-10T01:30:00Z,1.40164,1.40180,1.40148,1.40155,2135
2025-10-10T02:00:00Z,1.40154,1.40163,1.40132,1.40146,1665
2025-10-10T02:30:00Z,1.40145,1.40181,1.40143,1.40166,990
2025-10-10T03:00:00Z,1.40166,1.40182,1.40158,1.40161,1701
2025-10-10T03:30:00Z,1.40156,1.40166,1.40145,1.40155,1578
2025-10-10T04:00:00Z,1.40157,1.40203,1.40150,1.40181,1374
2025-10-10T04:30:00Z,1.40184,1.40191,1.40150,1.40150,1050
2025-10-10T05:00:00Z,1.40150,1.40182,1.40140,1.40171,1604
2025-10-10T05:30:00Z,1.40170,1.40179,1.40127,1.40128,1487
2025-10-10T06:00:00Z,1.40129,1.40229,1.40129,1.40223,1681
2025-10-10T06:30:00Z,1.40222,1.40336,1.40213,1.40268,5255
2025-10-10T07:00:00Z,1.40265,1.40285,1.40227,1.40234,4911
2025-10-10T07:30:00Z,1.40235,1.40256,1.40219,1.40247,2402
2025-10-10T08:00:00Z,1.40248,1.40250,1.40161,1.40191,2537
2025-10-10T08:30:00Z,1.40192,1.40202,1.40141,1.40164,2113
2025-10-10T09:00:00Z,1.40164,1.40203,1.40124,1.40136,1583
2025-10-10T09:30:00Z,1.40137,1.40197,1.40136,1.40179,2321
2025-10-10T10:00:00Z,1.40179,1.40221,1.40139,1.40189,2378
2025-10-10T10:30:00Z,1.40190,1.40208,1.40167,1.40190,2235
2025-10-10T11:00:00Z,1.40188,1.40199,1.40137,1.40144,2707
2025-10-10T11:30:00Z,1.40145,1.40194,1.40127,1.40177,2433
2025-10-10T12:00:00Z,1.40176,1.40204,1.40114,1.40142,2996
2025-10-10T12:30:00Z,1.40143,1.40143,1.39753,1.39833,7268
2025-10-10T13:00:00Z,1.39833,1.39964,1.39825,1.39961,3817
2025-10-10T13:30:00Z,1.39963,1.39975,1.39857,1.39893,4670
2025-10-10T14:00:00Z,1.39894,1.39972,1.39893,1.39952,5836
2025-10-10T14:30:00Z,1.39951,1.40003,1.39875,1.39930,6999
2025-10-10T15:00:00Z,1.39932,1.40013,1.39816,1.39979,9976
2025-10-10T15:30:00Z,1.39980,1.40097,1.39924,1.39986,8020
2025-10-10T16:00:00Z,1.39986,1.40092,1.39973,1.40016,5665
2025-10-10T16:30:00Z,1.40014,1.40103,1.39962,1.40088,4513
2025-10-10T17:00:00Z,1.40088,1.40173,1.40085,1.40097,2983
2025-10-10T17:30:00Z,1.40096,1.40098,1.40036,1.40051,1816
2025-10-10T18:00:00Z,1.40051,1.40096,1.39935,1.39956,2522
2025-10-10T18:30:00Z,1.39957,1.40013,1.39938,1.39997,2297
2025-10-10T19:00:00Z,1.39996,1.40033,1.39943,1.39965,3175
2025-10-10T19:30:00Z,1.39965,1.40010,1.39951,1.40005,4530
2025-10-10T20:00:00Z,1.40005,1.40040,1.39955,1.39986,1641
2025-10-10T20:30:00Z,1.39986,1.40059,1.39958,1.40008,3733
2025-10-12T21:00:00Z,1.39879,1.39968,1.39878,1.39940,242
2025-10-12T21:30:00Z,1.39940,1.39945,1.39888,1.39929,705
2025-10-12T22:00:00Z,1.39937,1.40010,1.39883,1.40003,2282
2025-10-12T22:30:00Z,1.40003,1.40038,1.39957,1.39959,2100
2025-10-12T23:00:00Z,1.39958,1.40000,1.39936,1.39942,2616
2025-10-12T23:30:00Z,1.39942,1.39990,1.39937,1.39986,2451
2025-10-13T00:00:00Z,1.39986,1.40017,1.39965,1.39994,3603
2025-10-13T00:30:00Z,1.39993,1.40007,1.39918,1.39926,4153
2025-10-13T01:00:00Z,1.39926,1.39957,1.39893,1.39941,3793
2025-10-13T01:30:00Z,1.39941,1.39942,1.39850,1.39866,2374
2025-10-13T02:00:00Z,1.39866,1.39875,1.39826,1.39868,1664
2025-10-13T02:30:00Z,1.39869,1.39913,1.39856,1.39906,1827
2025-10-13T03:00:00Z,1.39906,1.39915,1.39874,1.39911,1899
2025-10-13T03:30:00Z,1.39913,1.39959,1.39899,1.39944,2706
2025-10-13T04:00:00Z,1.39944,1.39946,1.39895,1.39912,2506
2025-10-13T04:30:00Z,1.39911,1.39937,1.39905,1.39926,1700
2025-10-13T05:00:00Z,1.39925,1.39935,1.39876,1.39911,2647
2025-10-13T05:30:00Z,1.39911,1.39990,1.39887,1.39980,2555
2025-10-13T06:00:00Z,1.39981,1.39996,1.39897,1.39922,4228
2025-10-13T06:30:00Z,1.39923,1.40043,1.39888,1.40033,4152
2025-10-13T07:00:00Z,1.40029,1.40044,1.39983,1.39990,3338
2025-10-13T07:30:00Z,1.39990,1.40057,1.39984,1.40041,3013
2025-10-13T08:00:00Z,1.40041,1.40084,1.40024,1.40082,2938
2025-10-13T08:30:00Z,1.40081,1.40103,1.40005,1.40007,3450
2025-10-13T09:00:00Z,1.40007,1.40020,1.39984,1.40009,1457
2025-10-13T09:30:00Z,1.40009,1.40024,1.39986,1.39996,1613
2025-10-13T10:00:00Z,1.39996,1.40063,1.39987,1.40046,1697
2025-10-13T10:30:00Z,1.40047,1.40048,1.40001,1.40024,1458
2025-10-13T11:00:00Z,1.40025,1.40029,1.39965,1.40023,4035
2025-10-13T11:30:00Z,1.40023,1.40085,1.40007,1.40083,2750
2025-10-13T12:00:00Z,1.40082,1.40128,1.40061,1.40119,2277
2025-10-13T12:30:00Z,1.40119,1.40161,1.40102,1.40124,2620
2025-10-13T13:00:00Z,1.40124,1.40175,1.40124,1.40159,3307
2025-10-13T13:30:00Z,1.40160,1.40183,1.40122,1.40154,4996
2025-10-13T14:00:00Z,1.40154,1.40330,1.40134,1.40298,4315
2025-10-13T14:30:00Z,1.40298,1.40307,1.40210,1.40292,4718
2025-10-13T15:00:00Z,1.40294,1.40335,1.40223,1.40253,3807
2025-10-13T15:30:00Z,1.40254,1.40284,1.40213,1.40284,3116
2025-10-13T16:00:00Z,1.40283,1.40323,1.40266,1.40301,2005
2025-10-13T16:30:00Z,1.40302,1.40334,1.40294,1.40303,1498
2025-10-13T17:00:00Z,1.40302,1.40334,1.40288,1.40300,1994
2025-10-13T17:30:00Z,1.40300,1.40335,1.40287,1.40311,1568
2025-10-13T18:00:00Z,1.40309,1.40311,1.40265,1.40302,1010
2025-10-13T18:30:00Z,1.40302,1.40382,1.40299,1.40368,1352
2025-10-13T19:00:00Z,1.40367,1.40391,1.40353,1.40361,1025
2025-10-13T19:30:00Z,1.40360,1.40379,1.40351,1.40366,1213
2025-10-13T20:00:00Z,1.40366,1.40377,1.40343,1.40355,499
2025-10-13T20:30:00Z,1.40354,1.40365,1.40325,1.40327,1568
2025-10-13T21:00:00Z,1.40327,1.40341,1.40298,1.40316,368
2025-10-13T21:30:00Z,1.40317,1.40334,1.40285,1.40325,675
2025-10-13T22:00:00Z,1.40331,1.40348,1.40309,1.40341,468
2025-10-13T22:30:00Z,1.40343,1.40361,1.40336,1.40358,680
2025-10-13T23:00:00Z,1.40357,1.40397,1.40350,1.40379,934
2025-10-13T23:30:00Z,1.40380,1.40397,1.40353,1.40392,1232
2025-10-14T00:00:00Z,1.40391,1.40429,1.40362,1.40399,2813
2025-10-14T00:30:00Z,1.40399,1.40403,1.40340,1.40369,3020
2025-10-14T01:00:00Z,1.40368,1.40391,1.40328,1.40339,2951
2025-10-14T01:30:00Z,1.40338,1.40372,1.40324,1.40358,2618
2025-10-14T02:00:00Z,1.40359,1.40400,1.40351,1.40399,1692
2025-10-14T02:30:00Z,1.40399,1.40416,1.40369,1.40415,1523
2025-10-14T03:00:00Z,1.40415,1.40435,1.40403,1.40408,1784
2025-10-14T03:30:00Z,1.40408,1.40429,1.40394,1.40403,2324
2025-10-14T04:00:00Z,1.40404,1.40448,1.40392,1.40433,3103
2025-10-14T04:30:00Z,1.40435,1.40464,1.40420,1.40424,1869
2025-10-14T05:00:00Z,1.40424,1.40441,1.40407,1.40423,1478
2025-10-14T05:30:00Z,1.40426,1.40460,1.40421,1.40456,1991
2025-10-14T06:00:00Z,1.40456,1.40575,1.40449,1.40534,3965
2025-10-14T06:30:00Z,1.40534,1.40584,1.40524,1.40548,3090
2025-10-14T07:00:00Z,1.40548,1.40585,1.40496,1.40580,4227
2025-10-14T07:30:00Z,1.40580,1.40653,1.40579,1.40633,4107
2025-10-14T08:00:00Z,1.40632,1.40657,1.40544,1.40547,3378
2025-10-14T08:30:00Z,1.40547,1.40613,1.40541,1.40583,2433
2025-10-14T09:00:00Z,1.40581,1.40666,1.40579,1.40631,2549
2025-10-14T09:30:00Z,1.40630,1.40691,1.40623,1.40686,2145
2025-10-14T10:00:00Z,1.40686,1.40732,1.40685,1.40718,2583
2025-10-14T10:30:00Z,1.40718,1.40795,1.40718,1.40759,2419
2025-10-14T11:00:00Z,1.40759,1.40763,1.40645,1.40663,2833
2025-10-14T11:30:00Z,1.40665,1.40680,1.40615,1.40635,2337
2025-10-14T12:00:00Z,1.40634,1.40672,1.40610,1.40632,3238
2025-10-14T12:30:00Z,1.40632,1.40729,1.40621,1.40708,3220
2025-10-14T13:00:00Z,1.40714,1.40743,1.40593,1.40608,4827
2025-10-14T13:30:00Z,1.40609,1.40610,1.40407,1.40437,7317
2025-10-14T14:00:00Z,1.40437,1.40446,1.40326,1.40362,5354
2025-10-14T14:30:00Z,1.40361,1.40410,1.40296,1.40399,4687
2025-10-14T15:00:00Z,1.40399,1.40489,1.40394,1.40473,3271
2025-10-14T15:30:00Z,1.40473,1.40547,1.40431,1.40431,3966
2025-10-14T16:00:00Z,1.40432,1.40467,1.40376,1.40435,3831
2025-10-14T16:30:00Z,1.40435,1.40463,1.40350,1.40424,2560
2025-10-14T17:00:00Z,1.40426,1.40514,1.40403,1.40450,2843
2025-10-14T17:30:00Z,1.40450,1.40453,1.40320,1.40343,2783
2025-10-14T18:00:00Z,1.40343,1.40409,1.40330,1.40383,1911
2025-10-14T18:30:00Z,1.40385,1.40402,1.40328,1.40354,1591
2025-10-14T19:00:00Z,1.40354,1.40387,1.40331,1.40362,1675
2025-10-14T19:30:00Z,1.40362,1.40446,1.40349,1.40422,4240
2025-10-14T20:00:00Z,1.40423,1.40490,1.40409,1.40480,1180
2025-10-14T20:30:00Z,1.40480,1.40486,1.40418,1.40418,973
2025-10-14T21:00:00Z,1.40408,1.40440,1.40357,1.40428,627
2025-10-14T21:30:00Z,1.40427,1.40437,1.40395,1.40405,657
2025-10-14T22:00:00Z,1.40407,1.40409,1.40365,1.40380,811
2025-10-14T22:30:00Z,1.40378,1.40417,1.40363,1.40413,992
2025-10-14T23:00:00Z,1.40414,1.40423,1.40387,1.40396,1178
2025-10-14T23:30:00Z,1.40391,1.40455,1.40388,1.40455,1168
2025-10-15T00:00:00Z,1.40457,1.40481,1.40430,1.40464,2002
2025-10-15T00:30:00Z,1.40465,1.40477,1.40437,1.40443,1580
2025-10-15T01:00:00Z,1.40443,1.40454,1.40336,1.40366,2315
2025-10-15T01:30:00Z,1.40366,1.40416,1.40363,1.40376,2813
2025-10-15T02:00:00Z,1.40375,1.40380,1.40309,1.40325,2605
2025-10-15T02:30:00Z,1.40325,1.40355,1.40321,1.40333,3186
2025-10-15T03:00:00Z,1.40334,1.40379,1.40332,1.40348,1746
2025-10-15T03:30:00Z,1.40348,1.40367,1.40327,1.40359,2164
2025-10-15T04:00:00Z,1.40359,1.40381,1.40335,1.40376,1856
2025-10-15T04:30:00Z,1.40375,1.40381,1.40353,1.40359,1842
2025-10-15T05:00:00Z,1.40358,1.40360,1.40329,1.40336,2110
2025-10-15T05:30:00Z,1.40335,1.40370,1.40325,1.40361,2243
2025-10-15T06:00:00Z,1.40360,1.40377,1.40270,1.40312,3640
2025-10-15T06:30:00Z,1.40311,1.40337,1.40279,1.40290,3591
2025-10-15T07:00:00Z,1.40291,1.40379,1.40282,1.40377,3125
2025-10-15T07:30:00Z,1.40377,1.40424,1.40321,1.40418,2798
2025-10-15T08:00:00Z,1.40417,1.40444,1.40383,1.40422,2543
2025-10-15T08:30:00Z,1.40421,1.40444,1.40392,1.40427,2014
2025-10-15T09:00:00Z,1.40427,1.40441,1.40416,1.40429,1608
2025-10-15T09:30:00Z,1.40428,1.40446,1.40375,1.40382,1771
2025-10-15T10:00:00Z,1.40379,1.40423,1.40365,1.40404,1230
2025-10-15T10:30:00Z,1.40402,1.40422,1.40371,1.40376,1098
2025-10-15T11:00:00Z,1.40376,1.40378,1.40333,1.40345,1508
2025-10-15T11:30:00Z,1.40346,1.40438,1.40345,1.40430,1749
2025-10-15T12:00:00Z,1.40430,1.40451,1.40391,1.40395,4319
2025-10-15T12:30:00Z,1.40394,1.40537,1.40374,1.40503,4106
2025-10-15T13:00:00Z,1.40503,1.40529,1.40449,1.40465,2558
2025-10-15T13:30:00Z,1.40465,1.40478,1.40388,1.40430,5112
2025-10-15T14:00:00Z,1.40430,1.40459,1.40397,1.40438,2824
2025-10-15T14:30:00Z,1.40439,1.40481,1.40370,1.40377,3975
2025-10-15T15:00:00Z,1.40377,1.40401,1.40266,1.40290,4063
2025-10-15T15:30:00Z,1.40290,1.40364,1.40262,1.40340,5251
2025-10-15T16:00:00Z,1.40340,1.40363,1.40320,1.40341,2413
2025-10-15T16:30:00Z,1.40341,1.40385,1.40332,1.40332,2315
2025-10-15T17:00:00Z,1.40333,1.40592,1.40333,1.40548,5474
2025-10-15T17:30:00Z,1.40550,1.40558,1.40500,1.40510,2158
2025-10-15T18:00:00Z,1.40510,1.40583,1.40503,1.40563,2025
2025-10-15T18:30:00Z,1.40563,1.40578,1.40509,1.40515,2026
2025-10-15T19:00:00Z,1.40515,1.40517,1.40466,1.40490,2009
2025-10-15T19:30:00Z,1.40492,1.40507,1.40445,1.40459,2233
2025-10-15T20:00:00Z,1.40459,1.40463,1.40422,1.40448,1075
2025-10-15T20:30:00Z,1.40449,1.40473,1.40376,1.40382,1812
2025-10-15T21:00:00Z,1.40381,1.40420,1.40351,1.40399,277
2025-10-15T21:30:00Z,1.40400,1.40423,1.40398,1.40410,323
2025-10-15T22:00:00Z,1.40406,1.40436,1.40395,1.40422,899
2025-10-15T22:30:00Z,1.40423,1.40473,1.40417,1.40463,1024
2025-10-15T23:00:00Z,1.40463,1.40463,1.40431,1.40443,846
2025-10-15T23:30:00Z,1.40444,1.40478,1.40438,1.40458,881
2025-10-16T00:00:00Z,1.40459,1.40475,1.40392,1.40394,1858
2025-10-16T00:30:00Z,1.40397,1.40463,1.40353,1.40386,3907
2025-10-16T01:00:00Z,1.40387,1.40389,1.40296,1.40319,3048
2025-10-16T01:30:00Z,1.40319,1.40325,1.40218,1.40252,2541
2025-10-16T02:00:00Z,1.40250,1.40294,1.40222,1.40288,3297
2025-10-16T02:30:00Z,1.40286,1.40312,1.40251,1.40260,2880
2025-10-16T03:00:00Z,1.40262,1.40295,1.40256,1.40272,1873
2025-10-16T03:30:00Z,1.40275,1.40299,1.40271,1.40292,1806
2025-10-16T04:00:00Z,1.40292,1.40327,1.40291,1.40325,1400
2025-10-16T04:30:00Z,1.40324,1.40352,1.40322,1.40335,1272
2025-10-16T05:00:00Z,1.40335,1.40355,1.40315,1.40324,1842
2025-10-16T05:30:00Z,1.40324,1.40350,1.40306,1.40325,2558
2025-10-16T06:00:00Z,1.40325,1.40366,1.40263,1.40277,4054
2025-10-16T06:30:00Z,1.40277,1.40336,1.40277,1.40305,3421
2025-10-16T07:00:00Z,1.40305,1.40394,1.40290,1.40358,5584
2025-10-16T07:30:00Z,1.40359,1.40382,1.40328,1.40334,3667
2025-10-16T08:00:00Z,1.40334,1.40360,1.40315,1.40357,3267
2025-10-16T08:30:00Z,1.40357,1.40398,1.40346,1.40378,2576
2025-10-16T09:00:00Z,1.40378,1.40428,1.40353,1.40417,2395
2025-10-16T09:30:00Z,1.40417,1.40434,1.40381,1.40387,2564
2025-10-16T10:00:00Z,1.40387,1.40431,1.40373,1.40374,3464
2025-10-16T10:30:00Z,1.40375,1.40416,1.40366,1.40404,1915
2025-10-16T11:00:00Z,1.40405,1.40486,1.40387,1.40486,2214
2025-10-16T11:30:00Z,1.40486,1.40507,1.40407,1.40477,2871
2025-10-16T12:00:00Z,1.40479,1.40576,1.40453,1.40552,3412
2025-10-16T12:30:00Z,1.40553,1.40573,1.40495,1.40512,4333
2025-10-16T13:00:00Z,1.40510,1.40524,1.40403,1.40421,4847
2025-10-16T13:30:00Z,1.40420,1.40549,1.40420,1.40482,5734
2025-10-16T14:00:00Z,1.40479,1.40493,1.40355,1.40374,4407
2025-10-16T14:30:00Z,1.40376,1.40407,1.40351,1.40378,5034
2025-10-16T15:00:00Z,1.40378,1.40462,1.40365,1.40450,4240
2025-10-16T15:30:00Z,1.40452,1.40506,1.40426,1.40467,5099
2025-10-16T16:00:00Z,1.40465,1.40504,1.40432,1.40499,3344
2025-10-16T16:30:00Z,1.40497,1.40606,1.40441,1.40441,6126
2025-10-16T17:00:00Z,1.40441,1.40474,1.40378,1.40386,4076
2025-10-16T17:30:00Z,1.40387,1.40434,1.40376,1.40419,2134
2025-10-16T18:00:00Z,1.40420,1.40601,1.40411,1.40582,3665
2025-10-16T18:30:00Z,1.40581,1.40585,1.40466,1.40502,3917
2025-10-16T19:00:00Z,1.40499,1.40564,1.40495,1.40536,3004
2025-10-16T19:30:00Z,1.40537,1.40572,1.40483,1.40513,2780
2025-10-16T20:00:00Z,1.40515,1.40537,1.40489,1.40532,1583
2025-10-16T20:30:00Z,1.40534,1.40549,1.40489,1.40534,1689
2025-10-16T21:00:00Z,1.40531,1.40531,1.40445,1.40492,449
2025-10-16T21:30:00Z,1.40493,1.40519,1.40493,1.40499,465
2025-10-16T22:00:00Z,1.40498,1.40516,1.40473,1.40493,873
2025-10-16T22:30:00Z,1.40496,1.40496,1.40467,1.40472,1321
2025-10-16T23:00:00Z,1.40472,1.40494,1.40450,1.40463,1512
2025-10-16T23:30:00Z,1.40462,1.40479,1.40449,1.40456,1116
2025-10-17T00:00:00Z,1.40457,1.40482,1.40436,1.40440,1517
2025-10-17T00:30:00Z,1.40439,1.40448,1.40386,1.40397,1672
2025-10-17T01:00:00Z,1.40397,1.40437,1.40360,1.40432,2910
2025-10-17T01:30:00Z,1.40432,1.40492,1.40411,1.40481,2676
2025-10-17T02:00:00Z,1.40482,1.40512,1.40459,1.40466,2768
2025-10-17T02:30:00Z,1.40466,1.40476,1.40443,1.40448,1994
2025-10-17T03:00:00Z,1.40449,1.40453,1.40403,1.40432,1611
2025-10-17T03:30:00Z,1.40431,1.40455,1.40425,1.40448,2004
2025-10-17T04:00:00Z,1.40445,1.40459,1.40430,1.40440,1244
2025-10-17T04:30:00Z,1.40437,1.40438,1.40394,1.40396,1570
2025-10-17T05:00:00Z,1.40395,1.40404,1.40359,1.40378,1799
2025-10-17T05:30:00Z,1.40376,1.40408,1.40356,1.40373,1792
2025-10-17T06:00:00Z,1.40373,1.40477,1.40360,1.40471,3004
2025-10-17T06:30:00Z,1.40470,1.40508,1.40457,1.40493,3156
2025-10-17T07:00:00Z,1.40494,1.40669,1.40494,1.40607,7901
2025-10-17T07:30:00Z,1.40607,1.40628,1.40509,1.40528,4863
2025-10-17T08:00:00Z,1.40527,1.40596,1.40494,1.40544,3897
2025-10-17T08:30:00Z,1.40546,1.40563,1.40499,1.40501,2888
2025-10-17T09:00:00Z,1.40502,1.40519,1.40438,1.40447,2340
2025-10-17T09:30:00Z,1.40446,1.40447,1.40358,1.40380,2890
2025-10-17T10:00:00Z,1.40379,1.40422,1.40363,1.40406,2260
2025-10-17T10:30:00Z,1.40407,1.40409,1.40309,1.40329,2216
2025-10-17T11:00:00Z,1.40328,1.40373,1.40268,1.40316,4812
2025-10-17T11:30:00Z,1.40317,1.40360,1.40306,1.40333,2833
2025-10-17T12:00:00Z,1.40332,1.40469,1.40315,1.40447,5107
2025-10-17T12:30:00Z,1.40447,1.40468,1.40356,1.40389,4124
2025-10-17T13:00:00Z,1.40390,1.40421,1.40356,1.40378,3824
2025-10-17T13:30:00Z,1.40375,1.40481,1.40356,1.40446,7017
2025-10-17T14:00:00Z,1.40445,1.40462,1.40382,1.40427,6302
2025-10-17T14:30:00Z,1.40427,1.40533,1.40427,1.40508,5900
2025-10-17T15:00:00Z,1.40508,1.40531,1.40457,1.40514,4064
2025-10-17T15:30:00Z,1.40512,1.40515,1.40443,1.40457,4326
2025-10-17T16:00:00Z,1.40458,1.40468,1.40335,1.40346,3509
2025-10-17T16:30:00Z,1.40347,1.40396,1.40334,1.40388,3191
2025-10-17T17:00:00Z,1.40389,1.40418,1.40297,1.40325,3340
2025-10-17T17:30:00Z,1.40324,1.40331,1.40266,1.40297,3293
2025-10-17T18:00:00Z,1.40296,1.40306,1.40136,1.40148,3519
2025-10-17T18:30:00Z,1.40149,1.40206,1.40139,1.40159,1830
2025-10-17T19:00:00Z,1.40158,1.40164,1.40124,1.40130,2168
2025-10-17T19:30:00Z,1.40130,1.40149,1.40075,1.40126,2779
2025-10-17T20:00:00Z,1.40127,1.40159,1.40099,1.40099,2066
2025-10-17T20:30:00Z,1.40100,1.40233,1.40099,1.40155,2699
2025-10-19T21:00:00Z,1.40147,1.40197,1.40131,1.40196,431
2025-10-19T21:30:00Z,1.40198,1.40205,1.40170,1.40195,771
2025-10-19T22:00:00Z,1.40196,1.40203,1.40150,1.40166,583
2025-10-19T22:30:00Z,1.40165,1.40170,1.40100,1.40105,564
2025-10-19T23:00:00Z,1.40105,1.40131,1.40097,1.40119,856
2025-10-19T23:30:00Z,1.40118,1.40160,1.40095,1.40157,971
2025-10-20T00:00:00Z,1.40156,1.40170,1.40128,1.40158,1448
2025-10-20T00:30:00Z,1.40157,1.40162,1.40125,1.40126,2261
2025-10-20T01:00:00Z,1.40127,1.40132,1.40073,1.40113,1633
2025-10-20T01:30:00Z,1.40112,1.40149,1.40091,1.40138,1956
2025-10-20T02:00:00Z,1.40138,1.40139,1.40050,1.40057,948
2025-10-20T02:30:00Z,1.40057,1.40100,1.40055,1.40096,987
2025-10-20T03:00:00Z,1.40097,1.40111,1.40072,1.40093,706
2025-10-20T03:30:00Z,1.40093,1.40110,1.40085,1.40096,978
2025-10-20T04:00:00Z,1.40098,1.40133,1.40087,1.40132,875
2025-10-20T04:30:00Z,1.40132,1.40132,1.40104,1.40111,660
2025-10-20T05:00:00Z,1.40112,1.40123,1.40096,1.40107,1118
2025-10-20T05:30:00Z,1.40108,1.40143,1.40098,1.40139,1523
2025-10-20T06:00:00Z,1.40140,1.40265,1.40140,1.40248,3540
2025-10-20T06:30:00Z,1.40250,1.40277,1.40202,1.40261,2537
2025-10-20T07:00:00Z,1.40262,1.40301,1.40219,1.40225,3001
2025-10-20T07:30:00Z,1.40223,1.40313,1.40204,1.40302,2662
2025-10-20T08:00:00Z,1.40301,1.40320,1.40272,1.40308,2425
2025-10-20T08:30:00Z,1.40308,1.40325,1.40288,1.40320,2619
2025-10-20T09:00:00Z,1.40318,1.40341,1.40263,1.40276,2438
2025-10-20T09:30:00Z,1.40276,1.40328,1.40276,1.40320,2291
2025-10-20T10:00:00Z,1.40321,1.40346,1.40300,1.40313,1587
2025-10-20T10:30:00Z,1.40312,1.40349,1.40300,1.40321,1737
2025-10-20T11:00:00Z,1.40321,1.40331,1.40301,1.40326,1891
2025-10-20T11:30:00Z,1.40327,1.40428,1.40322,1.40381,1549
2025-10-20T12:00:00Z,1.40379,1.40462,1.40364,1.40454,2856
2025-10-20T12:30:00Z,1.40455,1.40490,1.40439,1.40447,3030
2025-10-20T13:00:00Z,1.40447,1.40507,1.40411,1.40414,3084
2025-10-20T13:30:00Z,1.40413,1.40433,1.40362,1.40381,4996
2025-10-20T14:00:00Z,1.40382,1.40405,1.40313,1.40347,4466
2025-10-20T14:30:00Z,1.40346,1.40402,1.40324,1.40333,3831
2025-10-20T15:00:00Z,1.40333,1.40349,1.40274,1.40284,2723
2025-10-20T15:30:00Z,1.40285,1.40327,1.40254,1.40298,2468
2025-10-20T16:00:00Z,1.40299,1.40327,1.40274,1.40313,2100
2025-10-20T16:30:00Z,1.40314,1.40329,1.40276,1.40288,1376
2025-10-20T17:00:00Z,1.40287,1.40334,1.40264,1.40322,1392
2025-10-20T17:30:00Z,1.40323,1.40362,1.40317,1.40357,1028
2025-10-20T18:00:00Z,1.40357,1.40381,1.40347,1.40371,971
2025-10-20T18:30:00Z,1.40371,1.40381,1.40349,1.40359,1284
2025-10-20T19:00:00Z,1.40358,1.40381,1.40324,1.40349,1912
2025-10-20T19:30:00Z,1.40350,1.40379,1.40313,1.40323,2341
2025-10-20T20:00:00Z,1.40323,1.40339,1.40313,1.40327,978
2025-10-20T20:30:00Z,1.40326,1.40392,1.40315,1.40349,1089
2025-10-20T21:00:00Z,1.40347,1.40372,1.40274,1.40326,245
2025-10-20T21:30:00Z,1.40325,1.40350,1.40307,1.40346,614
2025-10-20T22:00:00Z,1.40345,1.40356,1.40317,1.40318,771
2025-10-20T22:30:00Z,1.40318,1.40328,1.40308,1.40317,454
2025-10-20T23:00:00Z,1.40318,1.40331,1.40309,1.40317,1055
2025-10-20T23:30:00Z,1.40317,1.40338,1.40316,1.40330,938
2025-10-21T00:00:00Z,1.40328,1.40345,1.40293,1.40311,2272
2025-10-21T00:30:00Z,1.40310,1.40313,1.40287,1.40309,1828
2025-10-21T01:00:00Z,1.40309,1.40365,1.40309,1.40361,1417
2025-10-21T01:30:00Z,1.40361,1.40401,1.40352,1.40399,1133
2025-10-21T02:00:00Z,1.40399,1.40454,1.40399,1.40450,1653
2025-10-21T02:30:00Z,1.40450,1.40499,1.40449,1.40487,1893
2025-10-21T03:00:00Z,1.40489,1.40491,1.40466,1.40491,1239
2025-10-21T03:30:00Z,1.40490,1.40512,1.40482,1.40490,694
2025-10-21T04:00:00Z,1.40489,1.40527,1.40489,1.40521,639
2025-10-21T04:30:00Z,1.40520,1.40522,1.40487,1.40487,1361
2025-10-21T05:00:00Z,1.40486,1.40531,1.40483,1.40521,1915
2025-10-21T05:30:00Z,1.40521,1.40568,1.40515,1.40563,2234
2025-10-21T06:00:00Z,1.40565,1.40609,1.40558,1.40594,2581
2025-10-21T06:30:00Z,1.40595,1.40598,1.40522,1.40532,2585
2025-10-21T07:00:00Z,1.40532,1.40612,1.40525,1.40564,3838
2025-10-21T07:30:00Z,1.40565,1.40621,1.40555,1.40578,2720
2025-10-21T08:00:00Z,1.40579,1.40655,1.40579,1.40616,3815
2025-10-21T08:30:00Z,1.40616,1.40634,1.40586,1.40604,2642
2025-10-21T09:00:00Z,1.40604,1.40605,1.40556,1.40567,2136
2025-10-21T09:30:00Z,1.40565,1.40567,1.40515,1.40540,1670
2025-10-21T10:00:00Z,1.40541,1.40576,1.40523,1.40535,2658
2025-10-21T10:30:00Z,1.40532,1.40546,1.40507,1.40513,2631
2025-10-21T11:00:00Z,1.40512,1.40527,1.40433,1.40436,2839
2025-10-21T11:30:00Z,1.40436,1.40486,1.40419,1.40467,2689
2025-10-21T12:00:00Z,1.40467,1.40477,1.40380,1.40380,4190
2025-10-21T12:30:00Z,1.40385,1.40391,1.40132,1.40272,6806
2025-10-21T13:00:00Z,1.40274,1.40338,1.40226,1.40297,5638
2025-10-21T13:30:00Z,1.40298,1.40422,1.40250,1.40388,6217
2025-10-21T14:00:00Z,1.40387,1.40435,1.40221,1.40249,5844
2025-10-21T14:30:00Z,1.40249,1.40298,1.40189,1.40203,5433
2025-10-21T15:00:00Z,1.40203,1.40203,1.40125,1.40145,4188
2025-10-21T15:30:00Z,1.40144,1.40208,1.40106,1.40108,3381
2025-10-21T16:00:00Z,1.40106,1.40161,1.40027,1.40155,3565
2025-10-21T16:30:00Z,1.40157,1.40194,1.40114,1.40163,3289
2025-10-21T17:00:00Z,1.40166,1.40232,1.40165,1.40220,3327
2025-10-21T17:30:00Z,1.40219,1.40232,1.40132,1.40151,1954
2025-10-21T18:00:00Z,1.40153,1.40193,1.40115,1.40164,1464
2025-10-21T18:30:00Z,1.40163,1.40198,1.40138,1.40175,1474
2025-10-21T19:00:00Z,1.40176,1.40184,1.40142,1.40175,1705
2025-10-21T19:30:00Z,1.40176,1.40184,1.40143,1.40158,1903
2025-10-21T20:00:00Z,1.40156,1.40208,1.40155,1.40186,1084
2025-10-21T20:30:00Z,1.40186,1.40238,1.40182,1.40202,554
2025-10-21T21:00:00Z,1.40200,1.40212,1.40168,1.40205,142
2025-10-21T21:30:00Z,1.40205,1.40219,1.40197,1.40202,376
2025-10-21T22:00:00Z,1.40201,1.40229,1.40171,1.40174,516
2025-10-21T22:30:00Z,1.40174,1.40219,1.40168,1.40207,866
2025-10-21T23:00:00Z,1.40207,1.40228,1.40190,1.40196,1298
2025-10-21T23:30:00Z,1.40196,1.40210,1.40186,1.40193,716
2025-10-22T00:00:00Z,1.40195,1.40195,1.40135,1.40139,2250
2025-10-22T00:30:00Z,1.40139,1.40155,1.40108,1.40137,1598
2025-10-22T01:00:00Z,1.40135,1.40140,1.40084,1.40125,1613
2025-10-22T01:30:00Z,1.40128,1.40144,1.40075,1.40077,1476
2025-10-22T02:00:00Z,1.40079,1.40079,1.40030,1.40049,1420
2025-10-22T02:30:00Z,1.40048,1.40058,1.40034,1.40040,1311
2025-10-22T03:00:00Z,1.40039,1.40049,1.40022,1.40041,1350
2025-10-22T03:30:00Z,1.40040,1.40057,1.40021,1.40039,1678
2025-10-22T04:00:00Z,1.40040,1.40040,1.40004,1.40018,1333
2025-10-22T04:30:00Z,1.40020,1.40021,1.40002,1.40009,991
2025-10-22T05:00:00Z,1.40008,1.40011,1.39946,1.39987,1469
2025-10-22T05:30:00Z,1.39986,1.40018,1.39973,1.39980,1144
2025-10-22T06:00:00Z,1.39979,1.40026,1.39927,1.39968,3697
2025-10-22T06:30:00Z,1.39971,1.39997,1.39932,1.39988,3223
2025-10-22T07:00:00Z,1.39986,1.40083,1.39976,1.40060,3713
2025-10-22T07:30:00Z,1.40059,1.40061,1.40026,1.40052,1765
2025-10-22T08:00:00Z,1.40050,1.40110,1.40037,1.40055,3556
2025-10-22T08:30:00Z,1.40055,1.40104,1.40048,1.40073,2852
2025-10-22T09:00:00Z,1.40073,1.40143,1.40071,1.40107,2038
2025-10-22T09:30:00Z,1.40106,1.40138,1.40088,1.40117,1735
2025-10-22T10:00:00Z,1.40116,1.40179,1.40091,1.40166,1472
2025-10-22T10:30:00Z,1.40168,1.40218,1.40160,1.40207,1642
2025-10-22T11:00:00Z,1.40207,1.40290,1.40196,1.40274,2904
2025-10-22T11:30:00Z,1.40274,1.40319,1.40248,1.40276,1810
2025-10-22T12:00:00Z,1.40275,1.40300,1.40242,1.40244,4123
2025-10-22T12:30:00Z,1.40244,1.40290,1.40204,1.40226,3928
2025-10-22T13:00:00Z,1.40225,1.40268,1.40163,1.40205,2536
2025-10-22T13:30:00Z,1.40204,1.40206,1.40039,1.40055,4369
2025-10-22T14:00:00Z,1.40055,1.40059,1.39825,1.39878,5215
2025-10-22T14:30:00Z,1.39878,1.40013,1.39874,1.39927,4773
2025-10-22T15:00:00Z,1.39927,1.39936,1.39847,1.39877,5287
2025-10-22T15:30:00Z,1.39876,1.39892,1.39778,1.39785,5017
2025-10-22T16:00:00Z,1.39785,1.39857,1.39785,1.39829,2883
2025-10-22T16:30:00Z,1.39828,1.39935,1.39753,1.39785,6107
2025-10-22T17:00:00Z,1.39784,1.39875,1.39783,1.39859,3142
2025-10-22T17:30:00Z,1.39858,1.39934,1.39842,1.39928,2496
2025-10-22T18:00:00Z,1.39928,1.39957,1.39889,1.39913,2567
2025-10-22T18:30:00Z,1.39913,1.39933,1.39875,1.39877,2441
2025-10-22T19:00:00Z,1.39877,1.39919,1.39820,1.39847,2580
2025-10-22T19:30:00Z,1.39847,1.39859,1.39817,1.39846,2423
2025-10-22T20:00:00Z,1.39845,1.39924,1.39845,1.39920,751
2025-10-22T20:30:00Z,1.39919,1.39987,1.39852,1.39927,1245
2025-10-22T21:00:00Z,1.39922,1.39928,1.39899,1.39924,147
2025-10-22T21:30:00Z,1.39919,1.39933,1.39919,1.39923,248
2025-10-22T22:00:00Z,1.39925,1.39936,1.39886,1.39896,431
2025-10-22T22:30:00Z,1.39895,1.39901,1.39884,1.39886,1040
2025-10-22T23:00:00Z,1.39885,1.39909,1.39872,1.39888,1112
2025-10-22T23:30:00Z,1.39886,1.39895,1.39865,1.39893,890
2025-10-23T00:00:00Z,1.39892,1.39938,1.39875,1.39929,1457
2025-10-23T00:30:00Z,1.39928,1.39929,1.39894,1.39894,1580
2025-10-23T01:00:00Z,1.39894,1.39962,1.39880,1.39956,2190
2025-10-23T01:30:00Z,1.39955,1.39976,1.39933,1.39975,2520
2025-10-23T02:00:00Z,1.39975,1.40040,1.39975,1.40037,2236
2025-10-23T02:30:00Z,1.40036,1.40042,1.40023,1.40025,1462
2025-10-23T03:00:00Z,1.40025,1.40027,1.39962,1.39978,1930
2025-10-23T03:30:00Z,1.39978,1.40013,1.39971,1.40003,1780
2025-10-23T04:00:00Z,1.40004,1.40020,1.39987,1.39988,1600
2025-10-23T04:30:00Z,1.39987,1.39996,1.39975,1.39977,1274
2025-10-23T05:00:00Z,1.39981,1.39981,1.39957,1.39977,1110
2025-10-23T05:30:00Z,1.39977,1.39988,1.39927,1.39947,1127
2025-10-23T06:00:00Z,1.39946,1.39952,1.39883,1.39908,2275
2025-10-23T06:30:00Z,1.39908,1.39945,1.39872,1.39926,2744
2025-10-23T07:00:00Z,1.39925,1.39931,1.39862,1.39892,3172
2025-10-23T07:30:00Z,1.39892,1.39952,1.39868,1.39949,2599
2025-10-23T08:00:00Z,1.39948,1.39961,1.39918,1.39937,2712
2025-10-23T08:30:00Z,1.39938,1.39960,1.39918,1.39941,2027
2025-10-23T09:00:00Z,1.39943,1.39963,1.39923,1.39940,1738
2025-10-23T09:30:00Z,1.39941,1.39962,1.39934,1.39958,1525
2025-10-23T10:00:00Z,1.39959,1.39973,1.39927,1.39967,1852
2025-10-23T10:30:00Z,1.39966,1.39972,1.39932,1.39961,2262
2025-10-23T11:00:00Z,1.39963,1.39992,1.39944,1.39969,2151
2025-10-23T11:30:00Z,1.39969,1.39976,1.39939,1.39948,1222
2025-10-23T12:00:00Z,1.39950,1.39971,1.39923,1.39930,2316
2025-10-23T12:30:00Z,1.39929,1.39965,1.39885,1.39932,3232
2025-10-23T13:00:00Z,1.39933,1.39940,1.39863,1.39871,2796
2025-10-23T13:30:00Z,1.39871,1.39905,1.39840,1.39848,4198
2025-10-23T14:00:00Z,1.39848,1.39911,1.39791,1.39862,4789
2025-10-23T14:30:00Z,1.39861,1.39905,1.39830,1.39901,4022
2025-10-23T15:00:00Z,1.39902,1.40028,1.39884,1.39938,3359
2025-10-23T15:30:00Z,1.39936,1.39999,1.39908,1.39922,2792
2025-10-23T16:00:00Z,1.39922,1.39957,1.39886,1.39919,1900
2025-10-23T16:30:00Z,1.39920,1.39987,1.39917,1.39979,1625
2025-10-23T17:00:00Z,1.39979,1.40028,1.39955,1.39994,1939
2025-10-23T17:30:00Z,1.39994,1.39994,1.39912,1.39927,1875
2025-10-23T18:00:00Z,1.39926,1.39949,1.39904,1.39918,1524
2025-10-23T18:30:00Z,1.39917,1.39927,1.39861,1.39882,1443
2025-10-23T19:00:00Z,1.39882,1.39912,1.39868,1.39875,1832
2025-10-23T19:30:00Z,1.39877,1.39895,1.39854,1.39863,1748
2025-10-23T20:00:00Z,1.39862,1.39911,1.39862,1.39883,863
2025-10-23T20:30:00Z,1.39884,1.39919,1.39853,1.39907,1135
2025-10-23T21:00:00Z,1.39904,1.39904,1.39871,1.39893,1679
2025-10-23T21:30:00Z,1.39893,1.39902,1.39878,1.39891,809
2025-10-23T22:00:00Z,1.39892,1.39898,1.39790,1.39826,858
2025-10-23T22:30:00Z,1.39827,1.39891,1.39728,1.39881,1311
2025-10-23T23:00:00Z,1.39882,1.39894,1.39853,1.39878,1460
2025-10-23T23:30:00Z,1.39879,1.39891,1.39858,1.39867,1113
2025-10-24T00:00:00Z,1.39867,1.39877,1.39836,1.39843,1962
2025-10-24T00:30:00Z,1.39842,1.39877,1.39835,1.39876,1662
2025-10-24T01:00:00Z,1.39875,1.39941,1.39869,1.39928,1565
2025-10-24T01:30:00Z,1.39928,1.39939,1.39907,1.39919,2524
2025-10-24T02:00:00Z,1.39919,1.39931,1.39896,1.39929,1716
2025-10-24T02:30:00Z,1.39929,1.40289,1.39905,1.40161,4794
2025-10-24T03:00:00Z,1.40160,1.40163,1.40095,1.40109,2344
2025-10-24T03:30:00Z,1.40106,1.40112,1.40030,1.40054,1243
2025-10-24T04:00:00Z,1.40053,1.40117,1.40053,1.40102,1248
2025-10-24T04:30:00Z,1.40102,1.40120,1.40089,1.40110,1364
2025-10-24T05:00:00Z,1.40110,1.40159,1.40108,1.40149,1190
2025-10-24T05:30:00Z,1.40150,1.40157,1.40120,1.40141,1431
2025-10-24T06:00:00Z,1.40139,1.40204,1.40093,1.40163,3667
2025-10-24T06:30:00Z,1.40162,1.40174,1.40106,1.40106,2755
2025-10-24T07:00:00Z,1.40107,1.40164,1.40098,1.40134,3790
2025-10-24T07:30:00Z,1.40133,1.40133,1.40033,1.40071,3871
2025-10-24T08:00:00Z,1.40070,1.40185,1.40052,1.40179,3166
2025-10-24T08:30:00Z,1.40177,1.40213,1.40159,1.40196,1969
2025-10-24T09:00:00Z,1.40197,1.40234,1.40191,1.40220,1824
2025-10-24T09:30:00Z,1.40222,1.40242,1.40188,1.40194,2271
2025-10-24T10:00:00Z,1.40196,1.40228,1.40178,1.40212,1964
2025-10-24T10:30:00Z,1.40212,1.40237,1.40178,1.40229,1612
2025-10-24T11:00:00Z,1.40229,1.40281,1.40223,1.40274,3542
2025-10-24T11:30:00Z,1.40277,1.40317,1.40245,1.40263,2152
2025-10-24T12:00:00Z,1.40262,1.40320,1.40227,1.40272,3381
2025-10-24T12:30:00Z,1.40267,1.40268,1.39993,1.40193,10808
2025-10-24T13:00:00Z,1.40194,1.40230,1.40114,1.40195,7602
2025-10-24T13:30:00Z,1.40194,1.40321,1.40172,1.40245,5546
2025-10-24T14:00:00Z,1.40245,1.40375,1.40243,1.40361,5288
2025-10-24T14:30:00Z,1.40362,1.40385,1.40258,1.40260,5687
2025-10-24T15:00:00Z,1.40260,1.40279,1.40142,1.40145,4260
2025-10-24T15:30:00Z,1.40145,1.40164,1.40119,1.40125,3071
2025-10-24T16:00:00Z,1.40125,1.40156,1.40114,1.40135,1712
2025-10-24T16:30:00Z,1.40135,1.40144,1.40053,1.40069,2253
2025-10-24T17:00:00Z,1.40071,1.40088,1.40034,1.40059,1261
2025-10-24T17:30:00Z,1.40060,1.40106,1.40058,1.40075,1462
2025-10-24T18:00:00Z,1.40076,1.40088,1.39990,1.40017,1885
2025-10-24T18:30:00Z,1.40017,1.40030,1.39985,1.40006,1423
2025-10-24T19:00:00Z,1.40005,1.40030,1.39981,1.40017,1269
2025-10-24T19:30:00Z,1.40018,1.40019,1.39966,1.39975,2084
2025-10-24T20:00:00Z,1.39975,1.39996,1.39916,1.39935,1227
2025-10-24T20:30:00Z,1.39935,1.40021,1.39910,1.39914,1977
2025-10-26T21:00:00Z,1.40040,1.40083,1.40022,1.40024,187
2025-10-26T21:30:00Z,1.40030,1.40081,1.40024,1.40034,1221
2025-10-26T22:00:00Z,1.40033,1.40049,1.39943,1.39959,1763
2025-10-26T22:30:00Z,1.39960,1.39961,1.39875,1.39898,1677
2025-10-26T23:00:00Z,1.39898,1.39915,1.39888,1.39902,1343
2025-10-26T23:30:00Z,1.39905,1.39946,1.39879,1.39937,1307
2025-10-27T00:00:00Z,1.39936,1.39938,1.39875,1.39886,2055
2025-10-27T00:30:00Z,1.39887,1.39891,1.39847,1.39852,2756
2025-10-27T01:00:00Z,1.39852,1.39864,1.39784,1.39787,3431
2025-10-27T01:30:00Z,1.39788,1.39840,1.39777,1.39832,2698
2025-10-27T02:00:00Z,1.39832,1.39899,1.39832,1.39879,2670
2025-10-27T02:30:00Z,1.39877,1.39878,1.39832,1.39837,1858
2025-10-27T03:00:00Z,1.39839,1.39862,1.39829,1.39838,2644
2025-10-27T03:30:00Z,1.39840,1.39895,1.39839,1.39891,1446
2025-10-27T04:00:00Z,1.39891,1.39923,1.39891,1.39895,1663
2025-10-27T04:30:00Z,1.39896,1.39919,1.39883,1.39895,1384
2025-10-27T05:00:00Z,1.39895,1.39914,1.39886,1.39886,2382
2025-10-27T05:30:00Z,1.39886,1.39890,1.39839,1.39847,2116
2025-10-27T06:00:00Z,1.39845,1.39845,1.39730,1.39750,3261
2025-10-27T06:30:00Z,1.39750,1.39806,1.39725,1.39792,2604
2025-10-27T07:00:00Z,1.39790,1.39808,1.39753,1.39757,3431
2025-10-27T07:30:00Z,1.39756,1.39783,1.39725,1.39776,3524
2025-10-27T08:00:00Z,1.39778,1.39794,1.39750,1.39783,3057
2025-10-27T08:30:00Z,1.39781,1.39781,1.39726,1.39774,2652
2025-10-27T09:00:00Z,1.39772,1.39789,1.39739,1.39759,3273
2025-10-27T09:30:00Z,1.39762,1.39762,1.39697,1.39732,2738
2025-10-27T10:00:00Z,1.39731,1.39770,1.39724,1.39761,2510
2025-10-27T10:30:00Z,1.39763,1.39796,1.39758,1.39787,2896
2025-10-27T11:00:00Z,1.39787,1.39790,1.39743,1.39760,3534
2025-10-27T11:30:00Z,1.39762,1.39779,1.39732,1.39778,2766
2025-10-27T12:00:00Z,1.39777,1.39802,1.39756,1.39793,3475
2025-10-27T12:30:00Z,1.39791,1.39851,1.39784,1.39817,2897
2025-10-27T13:00:00Z,1.39816,1.39878,1.39784,1.39862,2208
2025-10-27T13:30:00Z,1.39865,1.39975,1.39863,1.39950,5584
2025-10-27T14:00:00Z,1.39950,1.40042,1.39941,1.40001,5571
2025-10-27T14:30:00Z,1.40002,1.40079,1.39990,1.40011,3995
2025-10-27T15:00:00Z,1.40010,1.40070,1.39961,1.39963,3841
2025-10-27T15:30:00Z,1.39964,1.40020,1.39943,1.39967,3577
2025-10-27T16:00:00Z,1.39961,1.40001,1.39952,1.39977,1797
2025-10-27T16:30:00Z,1.39975,1.40005,1.39947,1.39961,1740
2025-10-27T17:00:00Z,1.39961,1.39979,1.39927,1.39975,1465
2025-10-27T17:30:00Z,1.39975,1.40004,1.39968,1.39974,1359
2025-10-27T18:00:00Z,1.39975,1.40008,1.39966,1.39995,1222
2025-10-27T18:30:00Z,1.39994,1.39995,1.39895,1.39929,2362
2025-10-27T19:00:00Z,1.39929,1.39942,1.39914,1.39930,1570
2025-10-27T19:30:00Z,1.39928,1.39950,1.39913,1.39941,2006
2025-10-27T20:00:00Z,1.39940,1.39944,1.39882,1.39882,1046
2025-10-27T20:30:00Z,1.39881,1.39898,1.39856,1.39893,996
2025-10-27T21:00:00Z,1.39889,1.39907,1.39884,1.39890,1067
2025-10-27T21:30:00Z,1.39889,1.39895,1.39883,1.39886,298
2025-10-27T22:00:00Z,1.39884,1.39884,1.39852,1.39872,945
2025-10-27T22:30:00Z,1.39871,1.39882,1.39836,1.39837,704
2025-10-27T23:00:00Z,1.39837,1.39849,1.39824,1.39832,1138
2025-10-27T23:30:00Z,1.39830,1.39927,1.39829,1.39913,1827
2025-10-28T00:00:00Z,1.39914,1.39938,1.39836,1.39844,1450
2025-10-28T00:30:00Z,1.39845,1.39853,1.39824,1.39850,1116
2025-10-28T01:00:00Z,1.39849,1.39886,1.39818,1.39884,2640
2025-10-28T01:30:00Z,1.39886,1.39891,1.39861,1.39878,2947
2025-10-28T02:00:00Z,1.39878,1.39881,1.39831,1.39852,2926
2025-10-28T02:30:00Z,1.39853,1.39901,1.39851,1.39896,2430
2025-10-28T03:00:00Z,1.39896,1.39923,1.39880,1.39882,1593
2025-10-28T03:30:00Z,1.39881,1.39896,1.39849,1.39851,2148
2025-10-28T04:00:00Z,1.39852,1.39857,1.39818,1.39849,2199
2025-10-28T04:30:00Z,1.39849,1.39857,1.39814,1.39821,2140
2025-10-28T05:00:00Z,1.39821,1.39880,1.39819,1.39854,1976
2025-10-28T05:30:00Z,1.39853,1.39914,1.39853,1.39895,2309
2025-10-28T06:00:00Z,1.39897,1.39947,1.39896,1.39939,1968
2025-10-28T06:30:00Z,1.39942,1.40012,1.39938,1.40006,2066
2025-10-28T07:00:00Z,1.40007,1.40032,1.39995,1.40000,2968
2025-10-28T07:30:00Z,1.40000,1.40034,1.39986,1.40006,2193
2025-10-28T08:00:00Z,1.40005,1.40009,1.39948,1.39972,3655
2025-10-28T08:30:00Z,1.39970,1.40038,1.39957,1.40033,5151
2025-10-28T09:00:00Z,1.40033,1.40050,1.39999,1.40013,3865
2025-10-28T09:30:00Z,1.40013,1.40028,1.39950,1.39969,2388
2025-10-28T10:00:00Z,1.39969,1.39974,1.39950,1.39973,3080
2025-10-28T10:30:00Z,1.39973,1.39975,1.39936,1.39942,2595
2025-10-28T11:00:00Z,1.39942,1.39985,1.39935,1.39972,2826
2025-10-28T11:30:00Z,1.39972,1.39987,1.39947,1.39976,1724
2025-10-28T12:00:00Z,1.39975,1.40015,1.39934,1.39938,3988
2025-10-28T12:30:00Z,1.39941,1.40005,1.39915,1.40004,3308
2025-10-28T13:00:00Z,1.40004,1.40019,1.39948,1.39965,3344
2025-10-28T13:30:00Z,1.39967,1.39974,1.39859,1.39866,5033
2025-10-28T14:00:00Z,1.39866,1.39868,1.39633,1.39642,5727
2025-10-28T14:30:00Z,1.39642,1.39671,1.39576,1.39585,4454
2025-10-28T15:00:00Z,1.39583,1.39587,1.39431,1.39431,4349
2025-10-28T15:30:00Z,1.39431,1.39480,1.39365,1.39366,5511
2025-10-28T16:00:00Z,1.39367,1.39405,1.39349,1.39392,2760
2025-10-28T16:30:00Z,1.39392,1.39487,1.39360,1.39411,4725
2025-10-28T17:00:00Z,1.39411,1.39486,1.39403,1.39438,2674
2025-10-28T17:30:00Z,1.39435,1.39483,1.39427,1.39435,1638
2025-10-28T18:00:00Z,1.39433,1.39449,1.39376,1.39446,1983
2025-10-28T18:30:00Z,1.39447,1.39461,1.39414,1.39416,1728
2025-10-28T19:00:00Z,1.39418,1.39425,1.39387,1.39404,1482
2025-10-28T19:30:00Z,1.39405,1.39415,1.39358,1.39366,1796
2025-10-28T20:00:00Z,1.39365,1.39460,1.39328,1.39459,1341
2025-10-28T20:30:00Z,1.39459,1.39488,1.39416,1.39450,1401
2025-10-28T21:00:00Z,1.39448,1.39449,1.39425,1.39426,144
2025-10-28T21:30:00Z,1.39426,1.39447,1.39419,1.39435,409
2025-10-28T22:00:00Z,1.39437,1.39459,1.39427,1.39444,720
2025-10-28T22:30:00Z,1.39446,1.39462,1.39440,1.39456,1004
2025-10-28T23:00:00Z,1.39456,1.39469,1.39434,1.39464,1075
2025-10-28T23:30:00Z,1.39466,1.39466,1.39386,1.39387,1376
2025-10-29T00:00:00Z,1.39388,1.39400,1.39353,1.39363,3035
2025-10-29T00:30:00Z,1.39364,1.39390,1.39327,1.39385,5079
2025-10-29T01:00:00Z,1.39386,1.39390,1.39336,1.39338,3133
2025-10-29T01:30:00Z,1.39337,1.39353,1.39315,1.39346,2462
2025-10-29T02:00:00Z,1.39347,1.39403,1.39347,1.39402,2015
2025-10-29T02:30:00Z,1.39403,1.39413,1.39329,1.39333,1826
2025-10-29T03:00:00Z,1.39331,1.39356,1.39326,1.39356,1588
2025-10-29T03:30:00Z,1.39353,1.39377,1.39346,1.39371,1680
2025-10-29T04:00:00Z,1.39373,1.39410,1.39371,1.39396,2021
2025-10-29T04:30:00Z,1.39395,1.39430,1.39389,1.39422,1773
2025-10-29T05:00:00Z,1.39421,1.39447,1.39402,1.39422,2457
2025-10-29T05:30:00Z,1.39421,1.39422,1.39397,1.39402,1975
2025-10-29T06:00:00Z,1.39402,1.39422,1.39359,1.39366,1997
2025-10-29T06:30:00Z,1.39366,1.39375,1.39340,1.39342,2367
2025-10-29T07:00:00Z,1.39343,1.39354,1.39235,1.39280,4038
2025-10-29T07:30:00Z,1.39276,1.39308,1.39246,1.39283,2996
2025-10-29T08:00:00Z,1.39283,1.39391,1.39281,1.39378,2814
2025-10-29T08:30:00Z,1.39378,1.39458,1.39361,1.39456,2674
2025-10-29T09:00:00Z,1.39456,1.39483,1.39432,1.39482,2466
2025-10-29T09:30:00Z,1.39483,1.39491,1.39389,1.39428,2829
2025-10-29T10:00:00Z,1.39427,1.39437,1.39381,1.39382,2053
2025-10-29T10:30:00Z,1.39380,1.39394,1.39337,1.39362,2488
2025-10-29T11:00:00Z,1.39364,1.39452,1.39360,1.39450,2265
2025-10-29T11:30:00Z,1.39450,1.39455,1.39388,1.39403,2068
2025-10-29T12:00:00Z,1.39401,1.39407,1.39367,1.39397,2993
2025-10-29T12:30:00Z,1.39398,1.39406,1.39296,1.39304,3081
2025-10-29T13:00:00Z,1.39304,1.39310,1.39235,1.39248,3441
2025-10-29T13:30:00Z,1.39246,1.39312,1.39143,1.39198,5194
2025-10-29T14:00:00Z,1.39196,1.39235,1.39072,1.39085,4502
2025-10-29T14:30:00Z,1.39084,1.39111,1.39036,1.39039,4153
2025-10-29T15:00:00Z,1.39039,1.39058,1.38914,1.38944,4623
2025-10-29T15:30:00Z,1.38943,1.38964,1.38874,1.38943,5300
2025-10-29T16:00:00Z,1.38946,1.38953,1.38887,1.38936,3250
2025-10-29T16:30:00Z,1.38939,1.38991,1.38918,1.38973,2913
2025-10-29T17:00:00Z,1.38976,1.38984,1.38919,1.38977,1825
2025-10-29T17:30:00Z,1.38977,1.39021,1.38938,1.38997,2164
2025-10-29T18:00:00Z,1.38989,1.39169,1.38971,1.39106,6324
2025-10-29T18:30:00Z,1.39107,1.39476,1.39050,1.39321,14496
2025-10-29T19:00:00Z,1.39324,1.39504,1.39295,1.39501,8703
2025-10-29T19:30:00Z,1.39501,1.39545,1.39426,1.39470,5012
2025-10-29T20:00:00Z,1.39471,1.39531,1.39437,1.39439,1783
2025-10-29T20:30:00Z,1.39437,1.39512,1.39404,1.39415,1781
2025-10-29T21:00:00Z,1.39413,1.39434,1.39400,1.39430,431
2025-10-29T21:30:00Z,1.39435,1.39444,1.39395,1.39401,499
2025-10-29T22:00:00Z,1.39395,1.39433,1.39381,1.39414,1011
2025-10-29T22:30:00Z,1.39414,1.39455,1.39412,1.39447,1131
2025-10-29T23:00:00Z,1.39448,1.39450,1.39420,1.39428,1485
2025-10-29T23:30:00Z,1.39429,1.39445,1.39408,1.39410,1403
2025-10-30T00:00:00Z,1.39413,1.39442,1.39344,1.39355,3132
2025-10-30T00:30:00Z,1.39355,1.39378,1.39342,1.39359,2420
2025-10-30T01:00:00Z,1.39359,1.39388,1.39336,1.39385,2783
2025-10-30T01:30:00Z,1.39385,1.39399,1.39348,1.39365,2815
2025-10-30T02:00:00Z,1.39368,1.39387,1.39331,1.39359,2863
2025-10-30T02:30:00Z,1.39356,1.39385,1.39334,1.39372,1979
2025-10-30T03:00:00Z,1.39371,1.39398,1.39335,1.39398,2971
2025-10-30T03:30:00Z,1.39397,1.39425,1.39390,1.39392,2557
2025-10-30T04:00:00Z,1.39391,1.39426,1.39356,1.39367,5049
2025-10-30T04:30:00Z,1.39366,1.39370,1.39263,1.39277,4757
2025-10-30T05:00:00Z,1.39283,1.39377,1.39277,1.39359,2774
2025-10-30T05:30:00Z,1.39358,1.39361,1.39299,1.39341,2586
2025-10-30T06:00:00Z,1.39341,1.39354,1.39312,1.39329,2285
2025-10-30T06:30:00Z,1.39327,1.39395,1.39306,1.39387,3542
2025-10-30T07:00:00Z,1.39386,1.39434,1.39345,1.39380,4013
2025-10-30T07:30:00Z,1.39381,1.39431,1.39359,1.39389,2838
2025-10-30T08:00:00Z,1.39389,1.39495,1.39372,1.39493,3863
2025-10-30T08:30:00Z,1.39493,1.39501,1.39419,1.39449,2360
2025-10-30T09:00:00Z,1.39449,1.39478,1.39433,1.39451,2724
2025-10-30T09:30:00Z,1.39452,1.39511,1.39434,1.39507,2711
2025-10-30T10:00:00Z,1.39506,1.39542,1.39459,1.39541,2094
2025-10-30T10:30:00Z,1.39540,1.39556,1.39517,1.39551,1772
2025-10-30T11:00:00Z,1.39552,1.39707,1.39552,1.39696,2555
2025-10-30T11:30:00Z,1.39697,1.39835,1.39685,1.39820,3014
2025-10-30T12:00:00Z,1.39821,1.39890,1.39791,1.39887,3723
2025-10-30T12:30:00Z,1.39886,1.40007,1.39883,1.40006,4393
2025-10-30T13:00:00Z,1.40007,1.40137,1.40001,1.40007,7054
2025-10-30T13:30:00Z,1.40007,1.40051,1.39947,1.39979,9061
2025-10-30T14:00:00Z,1.39978,1.39996,1.39790,1.39811,8260
2025-10-30T14:30:00Z,1.39811,1.39884,1.39774,1.39864,5953
2025-10-30T15:00:00Z,1.39863,1.39883,1.39780,1.39813,4465
2025-10-30T15:30:00Z,1.39815,1.39868,1.39770,1.39824,4474
2025-10-30T16:00:00Z,1.39824,1.39879,1.39797,1.39814,2454
2025-10-30T16:30:00Z,1.39814,1.39849,1.39800,1.39823,1966
2025-10-30T17:00:00Z,1.39823,1.39900,1.39820,1.39839,1848
2025-10-30T17:30:00Z,1.39840,1.39870,1.39772,1.39822,2196
2025-10-30T18:00:00Z,1.39823,1.39856,1.39806,1.39820,1621
2025-10-30T18:30:00Z,1.39818,1.39845,1.39770,1.39832,1677
2025-10-30T19:00:00Z,1.39831,1.39900,1.39822,1.39873,2150
2025-10-30T19:30:00Z,1.39874,1.39899,1.39865,1.39879,1711
2025-10-30T20:00:00Z,1.39880,1.39888,1.39822,1.39828,1564
2025-10-30T20:30:00Z,1.39830,1.39875,1.39827,1.39835,1843
2025-10-30T21:00:00Z,1.39834,1.39846,1.39830,1.39833,194
2025-10-30T21:30:00Z,1.39833,1.39848,1.39829,1.39834,232
2025-10-30T22:00:00Z,1.39834,1.39858,1.39823,1.39826,726
2025-10-30T22:30:00Z,1.39827,1.39842,1.39819,1.39830,848
2025-10-30T23:00:00Z,1.39831,1.39857,1.39824,1.39854,1202
2025-10-30T23:30:00Z,1.39857,1.39859,1.39799,1.39809,1338
2025-10-31T00:00:00Z,1.39809,1.39846,1.39795,1.39829,2326
2025-10-31T00:30:00Z,1.39828,1.39830,1.39797,1.39807,3617
2025-10-31T01:00:00Z,1.39807,1.39829,1.39794,1.39806,2903
2025-10-31T01:30:00Z,1.39807,1.39856,1.39785,1.39842,3316
2025-10-31T02:00:00Z,1.39845,1.39860,1.39814,1.39832,2411
2025-10-31T02:30:00Z,1.39833,1.39877,1.39833,1.39861,2400
2025-10-31T03:00:00Z,1.39863,1.39890,1.39852,1.39888,2445
2025-10-31T03:30:00Z,1.39888,1.39901,1.39875,1.39876,1544
2025-10-31T04:00:00Z,1.39875,1.39880,1.39856,1.39871,1537
2025-10-31T04:30:00Z,1.39870,1.39879,1.39858,1.39859,1296
2025-10-31T05:00:00Z,1.39860,1.39915,1.39860,1.39904,1550
2025-10-31T05:30:00Z,1.39905,1.39911,1.39874,1.39904,1315
2025-10-31T06:00:00Z,1.39904,1.39949,1.39900,1.39948,2406
2025-10-31T06:30:00Z,1.39947,1.40033,1.39931,1.40033,2392
2025-10-31T07:00:00Z,1.40032,1.40107,1.40032,1.40039,3835
2025-10-31T07:30:00Z,1.40041,1.40070,1.40007,1.40010,3309
2025-10-31T08:00:00Z,1.40011,1.40025,1.39947,1.39960,3965
2025-10-31T08:30:00Z,1.39962,1.40028,1.39951,1.40016,2194
2025-10-31T09:00:00Z,1.40015,1.40072,1.40015,1.40064,2077
2025-10-31T09:30:00Z,1.40063,1.40092,1.40042,1.40048,1960
2025-10-31T10:00:00Z,1.40048,1.40074,1.40036,1.40070,1581
2025-10-31T10:30:00Z,1.40071,1.40123,1.40067,1.40111,2200
2025-10-31T11:00:00Z,1.40110,1.40112,1.40054,1.40110,2458
2025-10-31T11:30:00Z,1.40113,1.40182,1.40109,1.40137,2290
2025-10-31T12:00:00Z,1.40135,1.40198,1.40108,1.40173,2925
2025-10-31T12:30:00Z,1.40174,1.40337,1.40174,1.40276,3972
2025-10-31T13:00:00Z,1.40281,1.40308,1.40250,1.40295,3920
2025-10-31T13:30:00Z,1.40295,1.40348,1.40232,1.40237,3509
2025-10-31T14:00:00Z,1.40238,1.40238,1.40071,1.40201,4584
2025-10-31T14:30:00Z,1.40202,1.40223,1.40059,1.40081,3233
2025-10-31T15:00:00Z,1.40081,1.40097,1.40015,1.40018,2844
2025-10-31T15:30:00Z,1.40019,1.40230,1.40008,1.40106,6198
2025-10-31T16:00:00Z,1.40107,1.40204,1.40099,1.40133,4993
2025-10-31T16:30:00Z,1.40133,1.40185,1.40072,1.40181,2830
2025-10-31T17:00:00Z,1.40180,1.40232,1.40171,1.40172,2378
2025-10-31T17:30:00Z,1.40171,1.40211,1.40149,1.40189,2218
2025-10-31T18:00:00Z,1.40190,1.40199,1.40125,1.40141,1836
2025-10-31T18:30:00Z,1.40141,1.40171,1.40119,1.40140,2636
2025-10-31T19:00:00Z,1.40140,1.40192,1.40110,1.40115,2752
2025-10-31T19:30:00Z,1.40114,1.40253,1.40113,1.40253,2220
2025-10-31T20:00:00Z,1.40252,1.40263,1.40119,1.40126,2149
2025-10-31T20:30:00Z,1.40126,1.40138,1.40064,1.40090,5408
2025-11-02T22:00:00Z,1.40075,1.40133,1.40051,1.40125,394
2025-11-02T22:30:00Z,1.40119,1.40135,1.40106,1.40124,2452
2025-11-02T23:00:00Z,1.40124,1.40157,1.40098,1.40135,1904
2025-11-02T23:30:00Z,1.40137,1.40176,1.40116,1.40155,1241
2025-11-03T00:00:00Z,1.40155,1.40186,1.40145,1.40167,1474
2025-11-03T00:30:00Z,1.40171,1.40219,1.40166,1.40219,924
2025-11-03T01:00:00Z,1.40220,1.40232,1.40165,1.40186,1215
2025-11-03T01:30:00Z,1.40186,1.40222,1.40181,1.40203,1635
2025-11-03T02:00:00Z,1.40201,1.40210,1.40130,1.40145,1217
2025-11-03T02:30:00Z,1.40144,1.40161,1.40131,1.40137,1272
2025-11-03T03:00:00Z,1.40137,1.40167,1.40136,1.40160,1221
2025-11-03T03:30:00Z,1.40160,1.40165,1.40115,1.40118,1345
2025-11-03T04:00:00Z,1.40118,1.40126,1.40093,1.40095,1209
2025-11-03T04:30:00Z,1.40094,1.40119,1.40094,1.40098,1361
2025-11-03T05:00:00Z,1.40099,1.40117,1.40094,1.40103,1340
2025-11-03T05:30:00Z,1.40105,1.40112,1.40080,1.40098,1790
2025-11-03T06:00:00Z,1.40097,1.40131,1.40082,1.40128,1346
2025-11-03T06:30:00Z,1.40129,1.40129,1.40091,1.40103,1841
2025-11-03T07:00:00Z,1.40102,1.40130,1.40080,1.40130,2540
2025-11-03T07:30:00Z,1.40131,1.40194,1.40117,1.40183,1663
2025-11-03T08:00:00Z,1.40183,1.40251,1.40175,1.40240,2429
2025-11-03T08:30:00Z,1.40241,1.40296,1.40222,1.40279,2498
2025-11-03T09:00:00Z,1.40279,1.40310,1.40275,1.40280,1531
2025-11-03T09:30:00Z,1.40281,1.40401,1.40280,1.40388,2215
2025-11-03T10:00:00Z,1.40390,1.40409,1.40369,1.40397,1683
2025-11-03T10:30:00Z,1.40397,1.40458,1.40381,1.40455,1676
2025-11-03T11:00:00Z,1.40454,1.40471,1.40423,1.40428,2082
2025-11-03T11:30:00Z,1.40426,1.40459,1.40406,1.40445,1453
2025-11-03T12:00:00Z,1.40444,1.40451,1.40397,1.40421,2350
2025-11-03T12:30:00Z,1.40421,1.40421,1.40343,1.40363,2033
2025-11-03T13:00:00Z,1.40364,1.40496,1.40364,1.40494,3044
2025-11-03T13:30:00Z,1.40492,1.40624,1.40481,1.40611,2107
2025-11-03T14:00:00Z,1.40612,1.40623,1.40570,1.40618,2894
2025-11-03T14:30:00Z,1.40616,1.40684,1.40584,1.40622,3907
2025-11-03T15:00:00Z,1.40616,1.40749,1.40560,1.40745,3947
2025-11-03T15:30:00Z,1.40744,1.40754,1.40651,1.40683,3423
2025-11-03T16:00:00Z,1.40682,1.40689,1.40560,1.40589,5064
2025-11-03T16:30:00Z,1.40589,1.40602,1.40488,1.40503,4201
2025-11-03T17:00:00Z,1.40502,1.40554,1.40461,1.40515,2711
2025-11-03T17:30:00Z,1.40515,1.40533,1.40490,1.40513,1853
2025-11-03T18:00:00Z,1.40512,1.40598,1.40481,1.40552,2075
2025-11-03T18:30:00Z,1.40552,1.40591,1.40544,1.40569,1754
2025-11-03T19:00:00Z,1.40568,1.40587,1.40524,1.40536,2515
2025-11-03T19:30:00Z,1.40537,1.40560,1.40514,1.40517,2307
2025-11-03T20:00:00Z,1.40516,1.40561,1.40498,1.40555,2154
2025-11-03T20:30:00Z,1.40555,1.40562,1.40513,1.40522,1734
2025-11-03T21:00:00Z,1.40521,1.40566,1.40519,1.40560,1049
2025-11-03T21:30:00Z,1.40560,1.40574,1.40520,1.40550,1294
2025-11-03T22:00:00Z,1.40548,1.40558,1.40529,1.40557,143
2025-11-03T22:30:00Z,1.40558,1.40570,1.40537,1.40550,417
2025-11-03T23:00:00Z,1.40550,1.40555,1.40537,1.40550,811
2025-11-03T23:30:00Z,1.40551,1.40578,1.40540,1.40551,1402
2025-11-04T00:00:00Z,1.40552,1.40654,1.40552,1.40653,2114
2025-11-04T00:30:00Z,1.40652,1.40657,1.40624,1.40629,2673
2025-11-04T01:00:00Z,1.40629,1.40691,1.40628,1.40680,3280
2025-11-04T01:30:00Z,1.40681,1.40694,1.40645,1.40654,2264
2025-11-04T02:00:00Z,1.40655,1.40685,1.40645,1.40674,2015
2025-11-04T02:30:00Z,1.40675,1.40696,1.40651,1.40670,2154
2025-11-04T03:00:00Z,1.40671,1.40672,1.40600,1.40606,1704
2025-11-04T03:30:00Z,1.40611,1.40680,1.40608,1.40616,3258
2025-11-04T04:00:00Z,1.40615,1.40653,1.40614,1.40630,2332
2025-11-04T04:30:00Z,1.40632,1.40653,1.40604,1.40653,2126
2025-11-04T05:00:00Z,1.40654,1.40693,1.40648,1.40665,2498
2025-11-04T05:30:00Z,1.40664,1.40685,1.40645,1.40676,3270
2025-11-04T06:00:00Z,1.40675,1.40732,1.40661,1.40680,3237
2025-11-04T06:30:00Z,1.40680,1.40698,1.40643,1.40658,2971
2025-11-04T07:00:00Z,1.40660,1.40674,1.40604,1.40631,3675
2025-11-04T07:30:00Z,1.40632,1.40635,1.40558,1.40564,3001
2025-11-04T08:00:00Z,1.40561,1.40614,1.40536,1.40537,3375
2025-11-04T08:30:00Z,1.40536,1.40670,1.40536,1.40659,2889
2025-11-04T09:00:00Z,1.40658,1.40696,1.40634,1.40656,2285
2025-11-04T09:30:00Z,1.40656,1.40711,1.40605,1.40706,2944
2025-11-04T10:00:00Z,1.40706,1.40735,1.40696,1.40712,1828
2025-11-04T10:30:00Z,1.40712,1.40719,1.40667,1.40716,1145
2025-11-04T11:00:00Z,1.40716,1.40730,1.40702,1.40705,1811
2025-11-04T11:30:00Z,1.40706,1.40801,1.40688,1.40801,2299
2025-11-04T12:00:00Z,1.40801,1.40824,1.40759,1.40795,3412
2025-11-04T12:30:00Z,1.40794,1.40824,1.40778,1.40778,3170
2025-11-04T13:00:00Z,1.40782,1.40796,1.40761,1.40781,2968
2025-11-04T13:30:00Z,1.40778,1.40829,1.40773,1.40802,2263
2025-11-04T14:00:00Z,1.40802,1.40858,1.40776,1.40858,2859
2025-11-04T14:30:00Z,1.40857,1.40955,1.40825,1.40858,5266
2025-11-04T15:00:00Z,1.40858,1.40914,1.40842,1.40880,4498
2025-11-04T15:30:00Z,1.40880,1.40886,1.40788,1.40831,4935
2025-11-04T16:00:00Z,1.40832,1.40857,1.40796,1.40814,3694
2025-11-04T16:30:00Z,1.40813,1.40842,1.40775,1.40822,3189
2025-11-04T17:00:00Z,1.40822,1.40934,1.40795,1.40904,2104
2025-11-04T17:30:00Z,1.40904,1.40967,1.40899,1.40922,2493
2025-11-04T18:00:00Z,1.40922,1.40970,1.40910,1.40945,2065
2025-11-04T18:30:00Z,1.40945,1.40993,1.40924,1.40954,2050
2025-11-04T19:00:00Z,1.40955,1.40982,1.40932,1.40982,1969
2025-11-04T19:30:00Z,1.40981,1.41015,1.40971,1.41007,2021
2025-11-04T20:00:00Z,1.41006,1.41061,1.40998,1.40998,3472
2025-11-04T20:30:00Z,1.40999,1.41003,1.40938,1.40946,3215
2025-11-04T21:00:00Z,1.40948,1.41055,1.40913,1.41033,1650
2025-11-04T21:30:00Z,1.41034,1.41072,1.41015,1.41031,1774
2025-11-04T22:00:00Z,1.41021,1.41021,1.40933,1.40979,316
2025-11-04T22:30:00Z,1.40979,1.41032,1.40977,1.41004,610
2025-11-04T23:00:00Z,1.41003,1.41036,1.40997,1.41009,897
2025-11-04T23:30:00Z,1.41009,1.41019,1.41002,1.41011,1171
2025-11-05T00:00:00Z,1.41013,1.41052,1.41010,1.41034,2011
2025-11-05T00:30:00Z,1.41035,1.41080,1.41027,1.41032,2576
2025-11-05T01:00:00Z,1.41033,1.41186,1.41031,1.41153,4206
2025-11-05T01:30:00Z,1.41155,1.41170,1.41085,1.41132,3378
2025-11-05T02:00:00Z,1.41131,1.41174,1.41091,1.41145,2743
2025-11-05T02:30:00Z,1.41146,1.41174,1.41122,1.41131,2967
2025-11-05T03:00:00Z,1.41131,1.41145,1.41083,1.41138,2245
2025-11-05T03:30:00Z,1.41140,1.41149,1.41089,1.41108,2664
2025-11-05T04:00:00Z,1.41107,1.41130,1.41103,1.41109,2129
2025-11-05T04:30:00Z,1.41109,1.41115,1.41086,1.41098,2300
2025-11-05T05:00:00Z,1.41098,1.41116,1.41072,1.41075,3017
2025-11-05T05:30:00Z,1.41075,1.41121,1.41074,1.41099,2211
2025-11-05T06:00:00Z,1.41099,1.41107,1.41074,1.41092,2464
2025-11-05T06:30:00Z,1.41093,1.41146,1.41091,1.41136,1649
2025-11-05T07:00:00Z,1.41136,1.41197,1.41132,1.41177,1895
2025-11-05T07:30:00Z,1.41177,1.41187,1.41099,1.41149,2341
2025-11-05T08:00:00Z,1.41149,1.41150,1.41072,1.41113,2230
2025-11-05T08:30:00Z,1.41114,1.41182,1.41102,1.41181,2575
2025-11-05T09:00:00Z,1.41182,1.41233,1.41181,1.41230,3306
2025-11-05T09:30:00Z,1.41229,1.41262,1.41219,1.41260,2535
2025-11-05T10:00:00Z,1.41260,1.41342,1.41259,1.41333,2547
2025-11-05T10:30:00Z,1.41335,1.41343,1.41301,1.41319,1798
2025-11-05T11:00:00Z,1.41320,1.41345,1.41303,1.41313,1139
2025-11-05T11:30:00Z,1.41316,1.41350,1.41307,1.41343,1747
2025-11-05T12:00:00Z,1.41341,1.41383,1.41288,1.41303,3247
2025-11-05T12:30:00Z,1.41305,1.41338,1.41298,1.41312,1363
2025-11-05T13:00:00Z,1.41312,1.41358,1.41257,1.41297,2874
2025-11-05T13:30:00Z,1.41298,1.41374,1.41298,1.41334,3174
2025-11-05T14:00:00Z,1.41334,1.41393,1.41334,1.41389,2460
2025-11-05T14:30:00Z,1.41388,1.41400,1.41188,1.41208,4695
2025-11-05T15:00:00Z,1.41205,1.41336,1.41195,1.41210,6117
2025-11-05T15:30:00Z,1.41210,1.41300,1.41203,1.41239,4052
2025-11-05T16:00:00Z,1.41238,1.41311,1.41215,1.41220,3175
2025-11-05T16:30:00Z,1.41220,1.41249,1.41061,1.41088,2667
2025-11-05T17:00:00Z,1.41087,1.41178,1.41051,1.41153,2137
2025-11-05T17:30:00Z,1.41154,1.41176,1.41124,1.41165,1552
2025-11-05T18:00:00Z,1.41165,1.41171,1.41119,1.41140,1463
2025-11-05T18:30:00Z,1.41142,1.41184,1.41121,1.41172,1535
2025-11-05T19:00:00Z,1.41174,1.41186,1.41121,1.41134,1353
2025-11-05T19:30:00Z,1.41132,1.41142,1.41090,1.41121,1299
2025-11-05T20:00:00Z,1.41121,1.41125,1.41048,1.41072,1942
2025-11-05T20:30:00Z,1.41071,1.41096,1.41058,1.41084,2102
2025-11-05T21:00:00Z,1.41083,1.41104,1.41066,1.41083,976
2025-11-05T21:30:00Z,1.41082,1.41089,1.41037,1.41071,1404
2025-11-05T22:00:00Z,1.41072,1.41079,1.41019,1.41056,5075
2025-11-05T22:30:00Z,1.41058,1.41092,1.41039,1.41062,509
2025-11-05T23:00:00Z,1.41063,1.41079,1.41032,1.41034,784
2025-11-05T23:30:00Z,1.41033,1.41036,1.41013,1.41022,959
2025-11-06T00:00:00Z,1.41022,1.41071,1.41021,1.41045,1775
2025-11-06T00:30:00Z,1.41045,1.41056,1.40993,1.40994,3177
2025-11-06T01:00:00Z,1.40996,1.41077,1.40995,1.41069,3635
2025-11-06T01:30:00Z,1.41069,1.41069,1.41029,1.41035,2409
2025-11-06T02:00:00Z,1.41035,1.41039,1.40993,1.41014,2167
2025-11-06T02:30:00Z,1.41014,1.41034,1.41002,1.41027,2158
2025-11-06T03:00:00Z,1.41027,1.41046,1.41015,1.41021,1739
2025-11-06T03:30:00Z,1.41019,1.41037,1.41012,1.41034,1445
2025-11-06T04:00:00Z,1.41035,1.41044,1.41001,1.41025,1782
2025-11-06T04:30:00Z,1.41026,1.41036,1.41013,1.41024,2356
2025-11-06T05:00:00Z,1.41024,1.41046,1.41014,1.41023,2404
2025-11-06T05:30:00Z,1.41024,1.41043,1.41020,1.41021,1969
2025-11-06T06:00:00Z,1.41023,1.41034,1.40985,1.41004,3419
2025-11-06T06:30:00Z,1.41007,1.41041,1.40999,1.41031,1699
2025-11-06T07:00:00Z,1.41032,1.41032,1.40965,1.40973,2049
2025-11-06T07:30:00Z,1.40971,1.41022,1.40970,1.41004,2373
2025-11-06T08:00:00Z,1.41005,1.41038,1.40985,1.40994,3749
2025-11-06T08:30:00Z,1.40994,1.41040,1.40925,1.40926,3802
2025-11-06T09:00:00Z,1.40925,1.40975,1.40895,1.40947,2384
2025-11-06T09:30:00Z,1.40949,1.40990,1.40943,1.40985,2317
2025-11-06T10:00:00Z,1.40986,1.40990,1.40962,1.40972,2800
2025-11-06T10:30:00Z,1.40971,1.40996,1.40965,1.40975,4397
2025-11-06T11:00:00Z,1.40974,1.40988,1.40954,1.40977,3733
2025-11-06T11:30:00Z,1.40978,1.40995,1.40944,1.40962,3191
2025-11-06T12:00:00Z,1.40962,1.40997,1.40921,1.40955,3863
2025-11-06T12:30:00Z,1.40956,1.40985,1.40935,1.40960,2435
2025-11-06T13:00:00Z,1.40959,1.40972,1.40910,1.40958,3311
2025-11-06T13:30:00Z,1.40959,1.40979,1.40896,1.40971,4057
2025-11-06T14:00:00Z,1.40972,1.41097,1.40960,1.41091,5454
2025-11-06T14:30:00Z,1.41089,1.41264,1.41070,1.41254,5174
2025-11-06T15:00:00Z,1.41254,1.41328,1.41160,1.41212,5728
2025-11-06T15:30:00Z,1.41212,1.41338,1.41204,1.41298,6626
2025-11-06T16:00:00Z,1.41297,1.41396,1.41296,1.41353,5552
2025-11-06T16:30:00Z,1.41354,1.41373,1.41249,1.41272,5596
2025-11-06T17:00:00Z,1.41270,1.41290,1.41213,1.41279,3297
2025-11-06T17:30:00Z,1.41279,1.41291,1.41151,1.41169,2390
2025-11-06T18:00:00Z,1.41167,1.41243,1.41132,1.41145,2539
2025-11-06T18:30:00Z,1.41145,1.41153,1.41073,1.41107,2308
2025-11-06T19:00:00Z,1.41107,1.41124,1.41053,1.41058,2007
2025-11-06T19:30:00Z,1.41059,1.41148,1.41045,1.41125,1999
2025-11-06T20:00:00Z,1.41125,1.41179,1.41104,1.41169,1873
2025-11-06T20:30:00Z,1.41168,1.41174,1.41148,1.41167,2441
2025-11-06T21:00:00Z,1.41164,1.41168,1.41121,1.41162,949
2025-11-06T21:30:00Z,1.41163,1.41190,1.41137,1.41156,1067
2025-11-06T22:00:00Z,1.41135,1.41176,1.41029,1.41161,292
2025-11-06T22:30:00Z,1.41163,1.41207,1.41144,1.41148,1029
2025-11-06T23:00:00Z,1.41152,1.41163,1.41106,1.41110,1538
2025-11-06T23:30:00Z,1.41109,1.41128,1.41105,1.41117,979
2025-11-07T00:00:00Z,1.41119,1.41201,1.41115,1.41186,1823
2025-11-07T00:30:00Z,1.41192,1.41211,1.41172,1.41194,2363
2025-11-07T01:00:00Z,1.41196,1.41255,1.41179,1.41249,2926
2025-11-07T01:30:00Z,1.41249,1.41256,1.41214,1.41233,2607
2025-11-07T02:00:00Z,1.41233,1.41236,1.41191,1.41231,2228
2025-11-07T02:30:00Z,1.41231,1.41245,1.41209,1.41228,1645
2025-11-07T03:00:00Z,1.41227,1.41259,1.41216,1.41240,1577
2025-11-07T03:30:00Z,1.41240,1.41251,1.41239,1.41241,1563
2025-11-07T04:00:00Z,1.41241,1.41255,1.41221,1.41235,1614
2025-11-07T04:30:00Z,1.41236,1.41253,1.41232,1.41241,776
2025-11-07T05:00:00Z,1.41242,1.41243,1.41216,1.41243,1306
2025-11-07T05:30:00Z,1.41243,1.41243,1.41223,1.41231,908
2025-11-07T06:00:00Z,1.41232,1.41232,1.41202,1.41216,1714
2025-11-07T06:30:00Z,1.41216,1.41216,1.41180,1.41192,1755
2025-11-07T07:00:00Z,1.41194,1.41201,1.41141,1.41158,1951
2025-11-07T07:30:00Z,1.41158,1.41190,1.41152,1.41160,1725
2025-11-07T08:00:00Z,1.41159,1.41180,1.41131,1.41170,2953
2025-11-07T08:30:00Z,1.41170,1.41189,1.41140,1.41144,2723
2025-11-07T09:00:00Z,1.41145,1.41167,1.41138,1.41159,1582
2025-11-07T09:30:00Z,1.41158,1.41192,1.41150,1.41163,2012
2025-11-07T10:00:00Z,1.41163,1.41183,1.41136,1.41156,1696
2025-11-07T10:30:00Z,1.41155,1.41155,1.41107,1.41122,1895
2025-11-07T11:00:00Z,1.41121,1.41186,1.41105,1.41128,2248
2025-11-07T11:30:00Z,1.41128,1.41136,1.41079,1.41086,2342
2025-11-07T12:00:00Z,1.41086,1.41101,1.41040,1.41070,2273
2025-11-07T12:30:00Z,1.41071,1.41159,1.41071,1.41113,2041
2025-11-07T13:00:00Z,1.41114,1.41114,1.40896,1.40904,4171
2025-11-07T13:30:00Z,1.40903,1.40906,1.40547,1.40647,8820
2025-11-07T14:00:00Z,1.40648,1.40697,1.40551,1.40601,5474
2025-11-07T14:30:00Z,1.40606,1.40846,1.40600,1.40722,6722
2025-11-07T15:00:00Z,1.40719,1.40742,1.40626,1.40657,6696
2025-11-07T15:30:00Z,1.40658,1.40768,1.40606,1.40737,6239
2025-11-07T16:00:00Z,1.40738,1.40792,1.40694,1.40696,3441
2025-11-07T16:30:00Z,1.40695,1.40760,1.40669,1.40759,3595
2025-11-07T17:00:00Z,1.40760,1.40773,1.40619,1.40626,2928
2025-11-07T17:30:00Z,1.40626,1.40690,1.40515,1.40543,2765
2025-11-07T18:00:00Z,1.40543,1.40579,1.40492,1.40553,2149
2025-11-07T18:30:00Z,1.40552,1.40554,1.40447,1.40467,2199
2025-11-07T19:00:00Z,1.40466,1.40481,1.40418,1.40456,1876
2025-11-07T19:30:00Z,1.40457,1.40458,1.40356,1.40396,3252
2025-11-07T20:00:00Z,1.40398,1.40457,1.40395,1.40447,2146
2025-11-07T20:30:00Z,1.40448,1.40448,1.40293,1.40298,2173
2025-11-07T21:00:00Z,1.40297,1.40331,1.40267,1.40307,1505
2025-11-07T21:30:00Z,1.40307,1.40467,1.40305,1.40376,3824
2025-11-09T22:00:00Z,1.40516,1.40523,1.40411,1.40427,198
2025-11-09T22:30:00Z,1.40426,1.40446,1.40399,1.40432,640
2025-11-09T23:00:00Z,1.40432,1.40444,1.40364,1.40409,2289
2025-11-09T23:30:00Z,1.40412,1.40454,1.40408,1.40439,1785
2025-11-10T00:00:00Z,1.40439,1.40458,1.40388,1.40401,2909
2025-11-10T00:30:00Z,1.40401,1.40420,1.40359,1.40407,4795
2025-11-10T01:00:00Z,1.40407,1.40407,1.40260,1.40269,4362
2025-11-10T01:30:00Z,1.40269,1.40316,1.40256,1.40299,3865
2025-11-10T02:00:00Z,1.40298,1.40333,1.40297,1.40311,3119
2025-11-10T02:30:00Z,1.40311,1.40320,1.40273,1.40287,5565
2025-11-10T03:00:00Z,1.40288,1.40311,1.40279,1.40306,5609
2025-11-10T03:30:00Z,1.40306,1.40345,1.40306,1.40328,3213
2025-11-10T04:00:00Z,1.40330,1.40330,1.40272,1.40277,5270
2025-11-10T04:30:00Z,1.40278,1.40283,1.40242,1.40274,5335
2025-11-10T05:00:00Z,1.40274,1.40277,1.40219,1.40228,5667
2025-11-10T05:30:00Z,1.40227,1.40252,1.40195,1.40251,4561
2025-11-10T06:00:00Z,1.40251,1.40259,1.40221,1.40239,3513
2025-11-10T06:30:00Z,1.40239,1.40324,1.40237,1.40309,3517
2025-11-10T07:00:00Z,1.40309,1.40310,1.40149,1.40151,3882
2025-11-10T07:30:00Z,1.40151,1.40165,1.40100,1.40144,3722
2025-11-10T08:00:00Z,1.40142,1.40152,1.40088,1.40093,3338
2025-11-10T08:30:00Z,1.40093,1.40123,1.40005,1.40116,3501
2025-11-10T09:00:00Z,1.40114,1.40154,1.40082,1.40136,2760
2025-11-10T09:30:00Z,1.40135,1.40162,1.40075,1.40111,2420
2025-11-10T10:00:00Z,1.40111,1.40168,1.40104,1.40166,3178
2025-11-10T10:30:00Z,1.40167,1.40182,1.40144,1.40176,2874
2025-11-10T11:00:00Z,1.40176,1.40214,1.40140,1.40166,1948
2025-11-10T11:30:00Z,1.40167,1.40195,1.40140,1.40146,1888
2025-11-10T12:00:00Z,1.40148,1.40164,1.40091,1.40128,2446
2025-11-10T12:30:00Z,1.40129,1.40151,1.40110,1.40122,1851
2025-11-10T13:00:00Z,1.40122,1.40130,1.40006,1.40062,2812
2025-11-10T13:30:00Z,1.40063,1.40155,1.40060,1.40113,2650
2025-11-10T14:00:00Z,1.40114,1.40253,1.40111,1.40232,3158
2025-11-10T14:30:00Z,1.40234,1.40288,1.40193,1.40199,5059
2025-11-10T15:00:00Z,1.40200,1.40264,1.40166,1.40251,4536
2025-11-10T15:30:00Z,1.40252,1.40283,1.40202,1.40271,3575
2025-11-10T16:00:00Z,1.40272,1.40311,1.40261,1.40310,3376
2025-11-10T16:30:00Z,1.40310,1.40318,1.40262,1.40295,3956
2025-11-10T17:00:00Z,1.40294,1.40360,1.40262,1.40282,2458
2025-11-10T17:30:00Z,1.40281,1.40284,1.40153,1.40166,2582
2025-11-10T18:00:00Z,1.40166,1.40197,1.40147,1.40172,1830
2025-11-10T18:30:00Z,1.40170,1.40187,1.40140,1.40178,1646
2025-11-10T19:00:00Z,1.40178,1.40186,1.40128,1.40142,1279
2025-11-10T19:30:00Z,1.40142,1.40194,1.40137,1.40177,1313
2025-11-10T20:00:00Z,1.40175,1.40196,1.40147,1.40151,1909
2025-11-10T20:30:00Z,1.40151,1.40165,1.40126,1.40156,2009
2025-11-10T21:00:00Z,1.40156,1.40182,1.40144,1.40164,1017
2025-11-10T21:30:00Z,1.40165,1.40208,1.40149,1.40199,2048
2025-11-10T22:00:00Z,1.40174,1.40196,1.40134,1.40161,680
2025-11-10T22:30:00Z,1.40162,1.40209,1.40162,1.40183,1118
2025-11-10T23:00:00Z,1.40183,1.40202,1.40183,1.40201,472
2025-11-10T23:30:00Z,1.40200,1.40268,1.40190,1.40255,1225
2025-11-11T00:00:00Z,1.40254,1.40264,1.40219,1.40219,1595
2025-11-11T00:30:00Z,1.40219,1.40268,1.40213,1.40259,2962
2025-11-11T01:00:00Z,1.40259,1.40326,1.40254,1.40315,3546
2025-11-11T01:30:00Z,1.40314,1.40329,1.40303,1.40304,2641
2025-11-11T02:00:00Z,1.40304,1.40318,1.40279,1.40300,1803
2025-11-11T02:30:00Z,1.40301,1.40353,1.40299,1.40341,2844
2025-11-11T03:00:00Z,1.40341,1.40343,1.40311,1.40325,2983
2025-11-11T03:30:00Z,1.40327,1.40343,1.40311,1.40336,2391
2025-11-11T04:00:00Z,1.40335,1.40378,1.40312,1.40372,2517
2025-11-11T04:30:00Z,1.40372,1.40378,1.40345,1.40360,2429
2025-11-11T05:00:00Z,1.40359,1.40372,1.40324,1.40327,3140
2025-11-11T05:30:00Z,1.40326,1.40344,1.40313,1.40341,2606
2025-11-11T06:00:00Z,1.40343,1.40346,1.40310,1.40315,1899
2025-11-11T06:30:00Z,1.40315,1.40402,1.40309,1.40391,2488
2025-11-11T07:00:00Z,1.40392,1.40407,1.40337,1.40343,3569
2025-11-11T07:30:00Z,1.40344,1.40362,1.40302,1.40312,3229
2025-11-11T08:00:00Z,1.40313,1.40314,1.40255,1.40301,3301
2025-11-11T08:30:00Z,1.40301,1.40328,1.40287,1.40327,2131
2025-11-11T09:00:00Z,1.40326,1.40350,1.40277,1.40291,2586
2025-11-11T09:30:00Z,1.40288,1.40333,1.40270,1.40332,1532
2025-11-11T10:00:00Z,1.40332,1.40361,1.40296,1.40302,2727
2025-11-11T10:30:00Z,1.40303,1.40321,1.40291,1.40301,2756
2025-11-11T11:00:00Z,1.40301,1.40311,1.40275,1.40293,2580
2025-11-11T11:30:00Z,1.40293,1.40302,1.40257,1.40271,2345
2025-11-11T12:00:00Z,1.40270,1.40274,1.40229,1.40264,2171
2025-11-11T12:30:00Z,1.40266,1.40307,1.40253,1.40282,1617
2025-11-11T13:00:00Z,1.40282,1.40285,1.40124,1.40160,6055
2025-11-11T13:30:00Z,1.40161,1.40164,1.40035,1.40057,5016
2025-11-11T14:00:00Z,1.40056,1.40122,1.40034,1.40074,3105
2025-11-11T14:30:00Z,1.40073,1.40105,1.40033,1.40037,3939
2025-11-11T15:00:00Z,1.40037,1.40107,1.40026,1.40085,4519
2025-11-11T15:30:00Z,1.40087,1.40158,1.40082,1.40101,3563
2025-11-11T16:00:00Z,1.40101,1.40115,1.40031,1.40077,4020
2025-11-11T16:30:00Z,1.40082,1.40101,1.40035,1.40088,3478
2025-11-11T17:00:00Z,1.40090,1.40101,1.40037,1.40055,2104
2025-11-11T17:30:00Z,1.40056,1.40078,1.40017,1.40018,2516
2025-11-11T18:00:00Z,1.40019,1.40060,1.40014,1.40035,1980
2025-11-11T18:30:00Z,1.40036,1.40074,1.40026,1.40069,1655
2025-11-11T19:00:00Z,1.40068,1.40085,1.40053,1.40061,1534
2025-11-11T19:30:00Z,1.40062,1.40112,1.40053,1.40095,1491
2025-11-11T20:00:00Z,1.40096,1.40108,1.40079,1.40105,1431
2025-11-11T20:30:00Z,1.40104,1.40125,1.40075,1.40084,2127
2025-11-11T21:00:00Z,1.40081,1.40119,1.40076,1.40111,1017
2025-11-11T21:30:00Z,1.40110,1.40189,1.40109,1.40151,1622
2025-11-11T22:00:00Z,1.40148,1.40202,1.39999,1.40175,258
2025-11-11T22:30:00Z,1.40175,1.40198,1.40160,1.40182,644
2025-11-11T23:00:00Z,1.40176,1.40179,1.40118,1.40127,750
2025-11-11T23:30:00Z,1.40125,1.40161,1.40110,1.40157,682
2025-11-12T00:00:00Z,1.40157,1.40176,1.40132,1.40138,1864
2025-11-12T00:30:00Z,1.40137,1.40183,1.40130,1.40182,2822
2025-11-12T01:00:00Z,1.40182,1.40199,1.40145,1.40192,4477
2025-11-12T01:30:00Z,1.40194,1.40201,1.40155,1.40177,3230
2025-11-12T02:00:00Z,1.40177,1.40180,1.40131,1.40153,2641
2025-11-12T02:30:00Z,1.40154,1.40188,1.40154,1.40174,2851
2025-11-12T03:00:00Z,1.40175,1.40186,1.40144,1.40156,2721
2025-11-12T03:30:00Z,1.40156,1.40165,1.40146,1.40154,1776
2025-11-12T04:00:00Z,1.40155,1.40194,1.40145,1.40177,1769
2025-11-12T04:30:00Z,1.40177,1.40194,1.40162,1.40170,2635
2025-11-12T05:00:00Z,1.40170,1.40185,1.40115,1.40127,2964
2025-11-12T05:30:00Z,1.40128,1.40135,1.40082,1.40098,2712
2025-11-12T06:00:00Z,1.40099,1.40108,1.40063,1.40073,2115
2025-11-12T06:30:00Z,1.40073,1.40085,1.40054,1.40059,2919
2025-11-12T07:00:00Z,1.40059,1.40070,1.40030,1.40047,2540
2025-11-12T07:30:00Z,1.40047,1.40073,1.40039,1.40054,2839
2025-11-12T08:00:00Z,1.40054,1.40091,1.40038,1.40056,4353
2025-11-12T08:30:00Z,1.40056,1.40109,1.40023,1.40109,3613
2025-11-12T09:00:00Z,1.40108,1.40127,1.40058,1.40117,3353
2025-11-12T09:30:00Z,1.40117,1.40192,1.40105,1.40182,2395
2025-11-12T10:00:00Z,1.40181,1.40204,1.40146,1.40202,2959
2025-11-12T10:30:00Z,1.40202,1.40209,1.40168,1.40168,2084
2025-11-12T11:00:00Z,1.40167,1.40180,1.40149,1.40151,1503
2025-11-12T11:30:00Z,1.40151,1.40185,1.40142,1.40166,1594
2025-11-12T12:00:00Z,1.40166,1.40166,1.40085,1.40108,2005
2025-11-12T12:30:00Z,1.40111,1.40141,1.40070,1.40080,2224
2025-11-12T13:00:00Z,1.40080,1.40143,1.40061,1.40137,2925
2025-11-12T13:30:00Z,1.40138,1.40201,1.40131,1.40155,2862
2025-11-12T14:00:00Z,1.40156,1.40212,1.40147,1.40199,3680
2025-11-12T14:30:00Z,1.40199,1.40213,1.40142,1.40152,3730
2025-11-12T15:00:00Z,1.40152,1.40167,1.40067,1.40091,5292
2025-11-12T15:30:00Z,1.40096,1.40153,1.39946,1.39959,6001
2025-11-12T16:00:00Z,1.39960,1.40061,1.39931,1.40031,2633
2025-11-12T16:30:00Z,1.40032,1.40051,1.39991,1.40009,3416
2025-11-12T17:00:00Z,1.40009,1.40019,1.39949,1.39990,2633
2025-11-12T17:30:00Z,1.39991,1.40000,1.39927,1.39968,2295
2025-11-12T18:00:00Z,1.39966,1.39984,1.39939,1.39969,1664
2025-11-12T18:30:00Z,1.39971,1.39974,1.39894,1.39930,2307
2025-11-12T19:00:00Z,1.39928,1.40006,1.39908,1.39998,2105
2025-11-12T19:30:00Z,1.39998,1.40013,1.39972,1.39975,2226
2025-11-12T20:00:00Z,1.39974,1.39996,1.39963,1.39986,1546
2025-11-12T20:30:00Z,1.39988,1.40025,1.39974,1.40016,1729
2025-11-12T21:00:00Z,1.40016,1.40055,1.40008,1.40042,1010
2025-11-12T21:30:00Z,1.40043,1.40091,1.40042,1.40043,1779
2025-11-12T22:00:00Z,1.40031,1.40060,1.40002,1.40060,448
2025-11-12T22:30:00Z,1.40059,1.40088,1.40047,1.40088,697
2025-11-12T23:00:00Z,1.40092,1.40104,1.40038,1.40080,1064
2025-11-12T23:30:00Z,1.40080,1.40104,1.40080,1.40095,718
2025-11-13T00:00:00Z,1.40095,1.40115,1.40083,1.40114,1019
2025-11-13T00:30:00Z,1.40112,1.40113,1.40026,1.40111,4502
2025-11-13T01:00:00Z,1.40113,1.40160,1.40092,1.40143,4194
2025-11-13T01:30:00Z,1.40142,1.40142,1.40086,1.40086,2602
2025-11-13T02:00:00Z,1.40086,1.40092,1.40034,1.40081,2299
2025-11-13T02:30:00Z,1.40084,1.40088,1.40041,1.40043,1870
2025-11-13T03:00:00Z,1.40044,1.40056,1.40024,1.40031,1990
2025-11-13T03:30:00Z,1.40032,1.40072,1.40026,1.40058,1846
2025-11-13T04:00:00Z,1.40057,1.40088,1.40044,1.40086,1977
2025-11-13T04:30:00Z,1.40086,1.40100,1.40071,1.40074,1887
2025-11-13T05:00:00Z,1.40073,1.40079,1.40054,1.40074,1772
2025-11-13T05:30:00Z,1.40074,1.40114,1.40064,1.40108,2068
2025-11-13T06:00:00Z,1.40107,1.40111,1.40077,1.40092,1873
2025-11-13T06:30:00Z,1.40094,1.40125,1.40091,1.40101,2312
2025-11-13T07:00:00Z,1.40102,1.40127,1.40031,1.40044,1853
2025-11-13T07:30:00Z,1.40044,1.40045,1.39943,1.39946,3150
2025-11-13T08:00:00Z,1.39946,1.39952,1.39893,1.39897,3669
2025-11-13T08:30:00Z,1.39896,1.39936,1.39889,1.39893,3099
2025-11-13T09:00:00Z,1.39893,1.39904,1.39846,1.39870,3650
2025-11-13T09:30:00Z,1.39871,1.39962,1.39856,1.39907,3090
2025-11-13T10:00:00Z,1.39906,1.39945,1.39896,1.39913,2762
2025-11-13T10:30:00Z,1.39915,1.39950,1.39906,1.39949,1139
2025-11-13T11:00:00Z,1.39948,1.39960,1.39914,1.39935,1602
2025-11-13T11:30:00Z,1.39934,1.39971,1.39909,1.39964,1828
2025-11-13T12:00:00Z,1.39967,1.39998,1.39931,1.39949,1423
2025-11-13T12:30:00Z,1.39951,1.40005,1.39936,1.39982,1621
2025-11-13T13:00:00Z,1.39982,1.40041,1.39974,1.40004,3255
2025-11-13T13:30:00Z,1.40007,1.40087,1.40005,1.40075,2876
2025-11-13T14:00:00Z,1.40072,1.40084,1.40025,1.40036,3184
2025-11-13T14:30:00Z,1.40035,1.40116,1.39969,1.40091,6333
2025-11-13T15:00:00Z,1.40090,1.40145,1.40059,1.40084,5623
2025-11-13T15:30:00Z,1.40084,1.40143,1.40049,1.40105,4609
2025-11-13T16:00:00Z,1.40105,1.40141,1.40063,1.40119,4055
2025-11-13T16:30:00Z,1.40120,1.40166,1.40092,1.40099,5587
2025-11-13T17:00:00Z,1.40104,1.40156,1.40099,1.40127,3438
2025-11-13T17:30:00Z,1.40127,1.40251,1.40113,1.40226,4574
2025-11-13T18:00:00Z,1.40227,1.40262,1.40198,1.40254,3345
2025-11-13T18:30:00Z,1.40256,1.40376,1.40256,1.40336,3161
2025-11-13T19:00:00Z,1.40336,1.40352,1.40308,1.40320,2088
2025-11-13T19:30:00Z,1.40326,1.40341,1.40290,1.40326,2226
2025-11-13T20:00:00Z,1.40325,1.40350,1.40306,1.40331,1886
2025-11-13T20:30:00Z,1.40330,1.40344,1.40275,1.40280,3216
2025-11-13T21:00:00Z,1.40280,1.40349,1.40272,1.40341,914
2025-11-13T21:30:00Z,1.40341,1.40375,1.40289,1.40351,1575
2025-11-13T22:00:00Z,1.40351,1.40352,1.40240,1.40312,451
2025-11-13T22:30:00Z,1.40312,1.40331,1.40300,1.40327,841
2025-11-13T23:00:00Z,1.40328,1.40366,1.40293,1.40356,1223
2025-11-13T23:30:00Z,1.40355,1.40369,1.40332,1.40364,983
2025-11-14T00:00:00Z,1.40365,1.40439,1.40363,1.40385,2128
2025-11-14T00:30:00Z,1.40389,1.40390,1.40334,1.40336,4003
2025-11-14T01:00:00Z,1.40336,1.40340,1.40278,1.40292,3477
2025-11-14T01:30:00Z,1.40291,1.40307,1.40188,1.40220,2757
2025-11-14T02:00:00Z,1.40221,1.40248,1.40193,1.40204,1743
2025-11-14T02:30:00Z,1.40204,1.40239,1.40200,1.40230,2138
2025-11-14T03:00:00Z,1.40231,1.40236,1.40181,1.40190,2111
2025-11-14T03:30:00Z,1.40191,1.40239,1.40173,1.40237,1969
2025-11-14T04:00:00Z,1.40237,1.40282,1.40233,1.40273,1878
2025-11-14T04:30:00Z,1.40273,1.40293,1.40255,1.40276,2054
2025-11-14T05:00:00Z,1.40277,1.40299,1.40248,1.40253,3165
2025-11-14T05:30:00Z,1.40253,1.40271,1.40215,1.40243,1720
2025-11-14T06:00:00Z,1.40245,1.40299,1.40235,1.40292,3192
2025-11-14T06:30:00Z,1.40292,1.40324,1.40255,1.40291,2584
2025-11-14T07:00:00Z,1.40293,1.40350,1.40274,1.40338,3378
2025-11-14T07:30:00Z,1.40339,1.40379,1.40316,1.40379,2427
2025-11-14T08:00:00Z,1.40378,1.40450,1.40354,1.40410,4154
2025-11-14T08:30:00Z,1.40410,1.40410,1.40297,1.40322,4933
2025-11-14T09:00:00Z,1.40320,1.40362,1.40300,1.40335,2667
2025-11-14T09:30:00Z,1.40335,1.40351,1.40306,1.40348,2671
2025-11-14T10:00:00Z,1.40350,1.40398,1.40315,1.40398,2627
2025-11-14T10:30:00Z,1.40398,1.40418,1.40369,1.40406,3227
2025-11-14T11:00:00Z,1.40408,1.40427,1.40368,1.40374,3210
2025-11-14T11:30:00Z,1.40373,1.40448,1.40367,1.40430,2511
2025-11-14T12:00:00Z,1.40431,1.40444,1.40322,1.40343,5160
2025-11-14T12:30:00Z,1.40344,1.40346,1.40180,1.40185,5071
2025-11-14T13:00:00Z,1.40184,1.40250,1.40136,1.40235,4605
2025-11-14T13:30:00Z,1.40237,1.40286,1.40192,1.40254,4105
2025-11-14T14:00:00Z,1.40252,1.40296,1.40140,1.40181,3754
2025-11-14T14:30:00Z,1.40181,1.40293,1.40142,1.40241,5396
2025-11-14T15:00:00Z,1.40242,1.40321,1.40232,1.40308,5937
2025-11-14T15:30:00Z,1.40306,1.40338,1.40220,1.40269,6012
2025-11-14T16:00:00Z,1.40270,1.40285,1.40174,1.40200,4832
2025-11-14T16:30:00Z,1.40200,1.40290,1.40198,1.40237,4456
2025-11-14T17:00:00Z,1.40237,1.40259,1.40224,1.40239,2634
2025-11-14T17:30:00Z,1.40240,1.40292,1.40221,1.40255,2139
2025-11-14T18:00:00Z,1.40257,1.40325,1.40256,1.40267,3171
2025-11-14T18:30:00Z,1.40267,1.40282,1.40244,1.40261,2394
2025-11-14T19:00:00Z,1.40263,1.40290,1.40245,1.40260,2625
2025-11-14T19:30:00Z,1.40260,1.40284,1.40248,1.40252,1906
2025-11-14T20:00:00Z,1.40254,1.40264,1.40222,1.40231,2413
2025-11-14T20:30:00Z,1.40230,1.40269,1.40201,1.40258,3748
2025-11-14T21:00:00Z,1.40258,1.40272,1.40167,1.40190,1214
2025-11-14T21:30:00Z,1.40191,1.40264,1.40138,1.40209,3309
2025-11-16T22:00:00Z,1.40125,1.40250,1.40103,1.40248,217
2025-11-16T22:30:00Z,1.40247,1.40262,1.40198,1.40214,699
2025-11-16T23:00:00Z,1.40215,1.40243,1.40192,1.40225,1508
2025-11-16T23:30:00Z,1.40224,1.40261,1.40176,1.40181,1831
2025-11-17T00:00:00Z,1.40180,1.40295,1.40179,1.40272,2761
2025-11-17T00:30:00Z,1.40270,1.40293,1.40242,1.40272,2547
2025-11-17T01:00:00Z,1.40271,1.40311,1.40264,1.40281,4025
2025-11-17T01:30:00Z,1.40281,1.40318,1.40263,1.40312,3270
2025-11-17T02:00:00Z,1.40312,1.40337,1.40299,1.40330,3681
2025-11-17T02:30:00Z,1.40331,1.40346,1.40316,1.40337,2570
2025-11-17T03:00:00Z,1.40334,1.40357,1.40323,1.40343,1678
2025-11-17T03:30:00Z,1.40344,1.40384,1.40342,1.40371,1485
2025-11-17T04:00:00Z,1.40372,1.40375,1.40344,1.40344,1390
2025-11-17T04:30:00Z,1.40345,1.40345,1.40302,1.40303,1299
2025-11-17T05:00:00Z,1.40305,1.40312,1.40282,1.40293,2248
2025-11-17T05:30:00Z,1.40293,1.40301,1.40277,1.40296,2020
2025-11-17T06:00:00Z,1.40295,1.40321,1.40269,1.40272,2242
2025-11-17T06:30:00Z,1.40272,1.40279,1.40239,1.40246,2130
2025-11-17T07:00:00Z,1.40246,1.40270,1.40234,1.40246,2512
2025-11-17T07:30:00Z,1.40246,1.40248,1.40170,1.40192,2608
2025-11-17T08:00:00Z,1.40193,1.40226,1.40155,1.40205,3004
2025-11-17T08:30:00Z,1.40204,1.40253,1.40199,1.40231,2618
2025-11-17T09:00:00Z,1.40232,1.40263,1.40216,1.40230,2926
2025-11-17T09:30:00Z,1.40231,1.40282,1.40225,1.40275,2308
2025-11-17T10:00:00Z,1.40275,1.40276,1.40219,1.40234,2803
2025-11-17T10:30:00Z,1.40234,1.40320,1.40214,1.40306,3262
2025-11-17T11:00:00Z,1.40307,1.40319,1.40245,1.40251,2309
2025-11-17T11:30:00Z,1.40252,1.40269,1.40234,1.40267,3328
2025-11-17T12:00:00Z,1.40267,1.40282,1.40232,1.40241,2538
2025-11-17T12:30:00Z,1.40241,1.40310,1.40237,1.40291,2261
2025-11-17T13:00:00Z,1.40292,1.40345,1.40265,1.40287,3227
2025-11-17T13:30:00Z,1.40282,1.40397,1.40238,1.40371,3306
2025-11-17T14:00:00Z,1.40374,1.40392,1.40321,1.40381,2686
2025-11-17T14:30:00Z,1.40381,1.40412,1.40308,1.40323,4868
2025-11-17T15:00:00Z,1.40322,1.40335,1.40268,1.40268,6286
2025-11-17T15:30:00Z,1.40269,1.40288,1.40240,1.40275,6440
2025-11-17T16:00:00Z,1.40275,1.40355,1.40262,1.40276,6162
2025-11-17T16:30:00Z,1.40272,1.40313,1.40265,1.40286,4449
2025-11-17T17:00:00Z,1.40285,1.40292,1.40239,1.40239,3064
2025-11-17T17:30:00Z,1.40240,1.40306,1.40232,1.40259,3029
2025-11-17T18:00:00Z,1.40259,1.40315,1.40252,1.40298,3018
2025-11-17T18:30:00Z,1.40299,1.40371,1.40278,1.40370,3709
2025-11-17T19:00:00Z,1.40371,1.40418,1.40350,1.40401,3892
2025-11-17T19:30:00Z,1.40401,1.40547,1.40392,1.40544,3905
2025-11-17T20:00:00Z,1.40544,1.40571,1.40517,1.40536,2803
2025-11-17T20:30:00Z,1.40535,1.40576,1.40483,1.40502,3405
2025-11-17T21:00:00Z,1.40502,1.40548,1.40487,1.40505,1222
2025-11-17T21:30:00Z,1.40504,1.40563,1.40483,1.40543,2198
2025-11-17T22:00:00Z,1.40537,1.40537,1.40348,1.40511,440
2025-11-17T22:30:00Z,1.40510,1.40534,1.40509,1.40526,454
2025-11-17T23:00:00Z,1.40526,1.40531,1.40497,1.40502,550
2025-11-17T23:30:00Z,1.40503,1.40528,1.40494,1.40506,665
2025-11-18T00:00:00Z,1.40510,1.40563,1.40510,1.40527,1613
2025-11-18T00:30:00Z,1.40528,1.40541,1.40509,1.40510,1526
2025-11-18T01:00:00Z,1.40509,1.40531,1.40489,1.40511,3599
2025-11-18T01:30:00Z,1.40509,1.40516,1.40485,1.40497,2927
2025-11-18T02:00:00Z,1.40497,1.40505,1.40470,1.40473,2868
2025-11-18T02:30:00Z,1.40472,1.40511,1.40467,1.40494,3197
2025-11-18T03:00:00Z,1.40496,1.40520,1.40474,1.40520,3066
2025-11-18T03:30:00Z,1.40521,1.40554,1.40507,1.40541,2187
2025-11-18T04:00:00Z,1.40541,1.40618,1.40541,1.40565,3476
2025-11-18T04:30:00Z,1.40564,1.40564,1.40505,1.40507,3338
2025-11-18T05:00:00Z,1.40508,1.40529,1.40494,1.40516,2654
2025-11-18T05:30:00Z,1.40516,1.40516,1.40475,1.40490,2902
2025-11-18T06:00:00Z,1.40490,1.40540,1.40488,1.40521,2646
2025-11-18T06:30:00Z,1.40520,1.40532,1.40486,1.40522,2655
2025-11-18T07:00:00Z,1.40524,1.40551,1.40495,1.40539,3404
2025-11-18T07:30:00Z,1.40539,1.40543,1.40478,1.40506,1989
2025-11-18T08:00:00Z,1.40506,1.40506,1.40371,1.40386,4135
2025-11-18T08:30:00Z,1.40386,1.40430,1.40363,1.40419,2652
2025-11-18T09:00:00Z,1.40419,1.40425,1.40370,1.40375,3506
2025-11-18T09:30:00Z,1.40375,1.40398,1.40346,1.40357,3086
2025-11-18T10:00:00Z,1.40357,1.40386,1.40343,1.40377,3640
2025-11-18T10:30:00Z,1.40378,1.40382,1.40344,1.40349,2443
2025-11-18T11:00:00Z,1.40347,1.40359,1.40303,1.40312,3357
2025-11-18T11:30:00Z,1.40314,1.40324,1.40288,1.40301,3374
2025-11-18T12:00:00Z,1.40301,1.40361,1.40271,1.40281,3319
2025-11-18T12:30:00Z,1.40281,1.40305,1.40224,1.40258,2934
2025-11-18T13:00:00Z,1.40257,1.40269,1.40146,1.40155,4199
2025-11-18T13:30:00Z,1.40154,1.40154,1.40066,1.40105,4991
2025-11-18T14:00:00Z,1.40104,1.40161,1.40078,1.40154,3351
2025-11-18T14:30:00Z,1.40155,1.40208,1.40090,1.40146,6864
2025-11-18T15:00:00Z,1.40148,1.40188,1.40083,1.40105,8129
2025-11-18T15:30:00Z,1.40103,1.40139,1.40024,1.40138,8595
2025-11-18T16:00:00Z,1.40137,1.40202,1.40030,1.40034,6342
2025-11-18T16:30:00Z,1.40033,1.40033,1.39921,1.39968,5508
2025-11-18T17:00:00Z,1.39968,1.40020,1.39938,1.40020,3789
2025-11-18T17:30:00Z,1.40021,1.40026,1.39770,1.39783,4223
2025-11-18T18:00:00Z,1.39783,1.39788,1.39709,1.39769,3421
2025-11-18T18:30:00Z,1.39769,1.39804,1.39738,1.39795,3049
2025-11-18T19:00:00Z,1.39795,1.39864,1.39788,1.39860,2989
2025-11-18T19:30:00Z,1.39860,1.39877,1.39784,1.39788,2751
2025-11-18T20:00:00Z,1.39788,1.39834,1.39773,1.39813,3246
2025-11-18T20:30:00Z,1.39814,1.39836,1.39773,1.39793,3806
2025-11-18T21:00:00Z,1.39793,1.39875,1.39792,1.39856,1248
2025-11-18T21:30:00Z,1.39854,1.39900,1.39823,1.39877,1992
2025-11-18T22:00:00Z,1.39861,1.39861,1.39802,1.39837,500
2025-11-18T22:30:00Z,1.39838,1.39858,1.39837,1.39852,431
2025-11-18T23:00:00Z,1.39850,1.39861,1.39832,1.39833,657
2025-11-18T23:30:00Z,1.39833,1.39864,1.39832,1.39851,1014
2025-11-19T00:00:00Z,1.39853,1.39893,1.39845,1.39879,2101
2025-11-19T00:30:00Z,1.39881,1.39892,1.39848,1.39875,4782
2025-11-19T01:00:00Z,1.39874,1.39915,1.39863,1.39901,5112
2025-11-19T01:30:00Z,1.39900,1.39980,1.39893,1.39973,3337
2025-11-19T02:00:00Z,1.39971,1.39985,1.39931,1.39936,2298
2025-11-19T02:30:00Z,1.39936,1.39947,1.39922,1.39945,2382
2025-11-19T03:00:00Z,1.39946,1.39977,1.39939,1.39955,3072
2025-11-19T03:30:00Z,1.39953,1.39996,1.39929,1.39975,3617
2025-11-19T04:00:00Z,1.39975,1.40006,1.39970,1.39993,1484
2025-11-19T04:30:00Z,1.39992,1.39997,1.39957,1.39980,1152
2025-11-19T05:00:00Z,1.39978,1.39982,1.39953,1.39966,1213
2025-11-19T05:30:00Z,1.39967,1.39967,1.39932,1.39945,2124
2025-11-19T06:00:00Z,1.39944,1.39947,1.39880,1.39915,2242
2025-11-19T06:30:00Z,1.39915,1.39957,1.39909,1.39951,2414
2025-11-19T07:00:00Z,1.39951,1.39959,1.39911,1.39924,2677
2025-11-19T07:30:00Z,1.39924,1.39945,1.39883,1.39937,4728
2025-11-19T08:00:00Z,1.39937,1.40025,1.39892,1.39994,4285
2025-11-19T08:30:00Z,1.39995,1.40045,1.39991,1.40038,3334
2025-11-19T09:00:00Z,1.40040,1.40050,1.39989,1.40002,4182
2025-11-19T09:30:00Z,1.40000,1.40023,1.39975,1.39992,4039
2025-11-19T10:00:00Z,1.39995,1.40030,1.39983,1.39997,3912
2025-11-19T10:30:00Z,1.39998,1.40058,1.39993,1.40018,3868
2025-11-19T11:00:00Z,1.40018,1.40066,1.40016,1.40054,2670
2025-11-19T11:30:00Z,1.40054,1.40070,1.40033,1.40035,3070
2025-11-19T12:00:00Z,1.40034,1.40050,1.39997,1.40032,3751
2025-11-19T12:30:00Z,1.40033,1.40077,1.40019,1.40070,3149
2025-11-19T13:00:00Z,1.40073,1.40121,1.40049,1.40081,3857
2025-11-19T13:30:00Z,1.40081,1.40196,1.40079,1.40163,3239
2025-11-19T14:00:00Z,1.40162,1.40221,1.40161,1.40177,4441
2025-11-19T14:30:00Z,1.40177,1.40182,1.40063,1.40073,8267
2025-11-19T15:00:00Z,1.40075,1.40258,1.40073,1.40256,6351
2025-11-19T15:30:00Z,1.40255,1.40375,1.40222,1.40358,6155
2025-11-19T16:00:00Z,1.40359,1.40464,1.40357,1.40453,6008
2025-11-19T16:30:00Z,1.40453,1.40526,1.40426,1.40497,6458
2025-11-19T17:00:00Z,1.40498,1.40634,1.40464,1.40579,4171
2025-11-19T17:30:00Z,1.40581,1.40649,1.40553,1.40557,4137
2025-11-19T18:00:00Z,1.40559,1.40579,1.40492,1.40506,2278
2025-11-19T18:30:00Z,1.40506,1.40513,1.40430,1.40489,2320
2025-11-19T19:00:00Z,1.40489,1.40591,1.40479,1.40586,3570
2025-11-19T19:30:00Z,1.40587,1.40590,1.40548,1.40571,2948
2025-11-19T20:00:00Z,1.40571,1.40592,1.40501,1.40512,2728
2025-11-19T20:30:00Z,1.40513,1.40593,1.40512,1.40582,3448
2025-11-19T21:00:00Z,1.40581,1.40601,1.40519,1.40537,1798
2025-11-19T21:30:00Z,1.40537,1.40543,1.40448,1.40491,2105
2025-11-19T22:00:00Z,1.40486,1.40486,1.40431,1.40443,181
2025-11-19T22:30:00Z,1.40444,1.40457,1.40442,1.40448,499
2025-11-19T23:00:00Z,1.40447,1.40457,1.40409,1.40425,1405
2025-11-19T23:30:00Z,1.40424,1.40444,1.40411,1.40435,1549
2025-11-20T00:00:00Z,1.40435,1.40480,1.40432,1.40475,1683
2025-11-20T00:30:00Z,1.40475,1.40495,1.40470,1.40485,2330
2025-11-20T01:00:00Z,1.40485,1.40517,1.40469,1.40513,2319
2025-11-20T01:30:00Z,1.40512,1.40548,1.40492,1.40542,2598
2025-11-20T02:00:00Z,1.40542,1.40605,1.40540,1.40585,2543
2025-11-20T02:30:00Z,1.40584,1.40586,1.40554,1.40565,1262
2025-11-20T03:00:00Z,1.40565,1.40567,1.40503,1.40539,2757
2025-11-20T03:30:00Z,1.40539,1.40595,1.40532,1.40575,2294
2025-11-20T04:00:00Z,1.40576,1.40589,1.40543,1.40544,1619
2025-11-20T04:30:00Z,1.40544,1.40546,1.40530,1.40545,1532
2025-11-20T05:00:00Z,1.40543,1.40567,1.40540,1.40564,1457
2025-11-20T05:30:00Z,1.40566,1.40599,1.40566,1.40595,1360
2025-11-20T06:00:00Z,1.40595,1.40606,1.40547,1.40575,2025
2025-11-20T06:30:00Z,1.40574,1.40583,1.40554,1.40564,1102
2025-11-20T07:00:00Z,1.40565,1.40601,1.40542,1.40582,2160
2025-11-20T07:30:00Z,1.40583,1.40605,1.40557,1.40569,1955
2025-11-20T08:00:00Z,1.40571,1.40625,1.40558,1.40595,3024
2025-11-20T08:30:00Z,1.40593,1.40604,1.40563,1.40592,2175
2025-11-20T09:00:00Z,1.40592,1.40617,1.40550,1.40564,2597
2025-11-20T09:30:00Z,1.40564,1.40575,1.40497,1.40498,3016
2025-11-20T10:00:00Z,1.40498,1.40522,1.40469,1.40500,2619
2025-11-20T10:30:00Z,1.40500,1.40526,1.40488,1.40507,2000
2025-11-20T11:00:00Z,1.40506,1.40597,1.40499,1.40592,2232
2025-11-20T11:30:00Z,1.40597,1.40644,1.40588,1.40620,2460
2025-11-20T12:00:00Z,1.40621,1.40676,1.40616,1.40673,3058
2025-11-20T12:30:00Z,1.40673,1.40684,1.40646,1.40650,2839
2025-11-20T13:00:00Z,1.40650,1.40674,1.40617,1.40656,2188
2025-11-20T13:30:00Z,1.40656,1.40701,1.40393,1.40494,10864
2025-11-20T14:00:00Z,1.40495,1.40610,1.40439,1.40513,6709
2025-11-20T14:30:00Z,1.40513,1.40543,1.40429,1.40512,6457
2025-11-20T15:00:00Z,1.40510,1.40692,1.40510,1.40591,6587
2025-11-20T15:30:00Z,1.40591,1.40711,1.40590,1.40627,5456
2025-11-20T16:00:00Z,1.40629,1.40783,1.40627,1.40751,5847
2025-11-20T16:30:00Z,1.40752,1.40941,1.40749,1.40917,7104
2025-11-20T17:00:00Z,1.40917,1.41030,1.40872,1.41006,7630
2025-11-20T17:30:00Z,1.41007,1.41066,1.40987,1.41010,5910
2025-11-20T18:00:00Z,1.41012,1.41034,1.40928,1.40953,4560
2025-11-20T18:30:00Z,1.40953,1.41042,1.40915,1.41005,4114
2025-11-20T19:00:00Z,1.41008,1.41045,1.40894,1.40903,4205
2025-11-20T19:30:00Z,1.40902,1.40946,1.40902,1.40905,2995
2025-11-20T20:00:00Z,1.40905,1.40962,1.40898,1.40948,3455
2025-11-20T20:30:00Z,1.40948,1.41012,1.40948,1.41008,4146
2025-11-20T21:00:00Z,1.41009,1.41028,1.40969,1.40986,1324
2025-11-20T21:30:00Z,1.40986,1.41010,1.40951,1.40952,1194
2025-11-20T22:00:00Z,1.40928,1.40979,1.40836,1.40957,434
2025-11-20T22:30:00Z,1.40964,1.40989,1.40923,1.40963,2150
2025-11-20T23:00:00Z,1.40958,1.40977,1.40939,1.40955,1402
2025-11-20T23:30:00Z,1.40956,1.40969,1.40901,1.40913,1113
2025-11-21T00:00:00Z,1.40916,1.40956,1.40873,1.40888,3389
2025-11-21T00:30:00Z,1.40888,1.40907,1.40850,1.40853,3121
2025-11-21T01:00:00Z,1.40854,1.40892,1.40832,1.40849,3713
2025-11-21T01:30:00Z,1.40847,1.40886,1.40847,1.40883,3161
2025-11-21T02:00:00Z,1.40883,1.40909,1.40861,1.40896,2061
2025-11-21T02:30:00Z,1.40897,1.40930,1.40877,1.40916,2723
2025-11-21T03:00:00Z,1.40916,1.40928,1.40905,1.40910,2677
2025-11-21T03:30:00Z,1.40908,1.40924,1.40896,1.40922,2071
2025-11-21T04:00:00Z,1.40922,1.40923,1.40872,1.40887,2273
2025-11-21T04:30:00Z,1.40887,1.40934,1.40885,1.40898,1642
2025-11-21T05:00:00Z,1.40898,1.40899,1.40860,1.40869,2532
2025-11-21T05:30:00Z,1.40868,1.40922,1.40860,1.40913,2338
2025-11-21T06:00:00Z,1.40911,1.40917,1.40858,1.40883,2415
2025-11-21T06:30:00Z,1.40885,1.40901,1.40855,1.40869,1763
2025-11-21T07:00:00Z,1.40874,1.40930,1.40874,1.40917,3123
2025-11-21T07:30:00Z,1.40917,1.41048,1.40906,1.41027,2475
2025-11-21T08:00:00Z,1.41028,1.41053,1.40867,1.40877,2980
2025-11-21T08:30:00Z,1.40880,1.40906,1.40817,1.40847,3583
2025-11-21T09:00:00Z,1.40847,1.40945,1.40839,1.40924,2774
2025-11-21T09:30:00Z,1.40928,1.40933,1.40872,1.40923,2615
2025-11-21T10:00:00Z,1.40924,1.41029,1.40924,1.40994,4997
2025-11-21T10:30:00Z,1.40993,1.41000,1.40906,1.40930,4832
2025-11-21T11:00:00Z,1.40930,1.40946,1.40893,1.40904,3600
2025-11-21T11:30:00Z,1.40904,1.41050,1.40902,1.41026,2662
2025-11-21T12:00:00Z,1.41026,1.41128,1.41003,1.41115,4496
2025-11-21T12:30:00Z,1.41115,1.41118,1.40868,1.40877,6631
2025-11-21T13:00:00Z,1.40878,1.40908,1.40811,1.40862,4771
2025-11-21T13:30:00Z,1.40862,1.40907,1.40832,1.40886,4217
2025-11-21T14:00:00Z,1.40886,1.41013,1.40877,1.40975,4002
2025-11-21T14:30:00Z,1.40980,1.41055,1.40978,1.41033,5731
2025-11-21T15:00:00Z,1.41031,1.41153,1.41001,1.41145,6537
2025-11-21T15:30:00Z,1.41146,1.41269,1.41118,1.41258,8397
2025-11-21T16:00:00Z,1.41257,1.41305,1.41139,1.41140,5316
2025-11-21T16:30:00Z,1.41141,1.41165,1.40938,1.40968,5744
2025-11-21T17:00:00Z,1.40967,1.41009,1.40900,1.40967,4474
2025-11-21T17:30:00Z,1.40967,1.40967,1.40900,1.40928,3443
2025-11-21T18:00:00Z,1.40928,1.41030,1.40920,1.40992,3375
2025-11-21T18:30:00Z,1.40991,1.40996,1.40909,1.40970,3625
2025-11-21T19:00:00Z,1.40969,1.40971,1.40919,1.40945,2523
2025-11-21T19:30:00Z,1.40946,1.40957,1.40911,1.40935,2571
2025-11-21T20:00:00Z,1.40935,1.40976,1.40925,1.40961,2245
2025-11-21T20:30:00Z,1.40962,1.40969,1.40895,1.40910,3666
2025-11-21T21:00:00Z,1.40910,1.40945,1.40890,1.40944,1508
2025-11-21T21:30:00Z,1.40945,1.41030,1.40942,1.41001,5143
2025-11-23T22:00:00Z,1.40941,1.40987,1.40909,1.40967,370
2025-11-23T22:30:00Z,1.40977,1.40994,1.40938,1.40956,1329
2025-11-23T23:00:00Z,1.40941,1.40986,1.40918,1.40973,942
2025-11-23T23:30:00Z,1.40974,1.40987,1.40940,1.40947,1159
2025-11-24T00:00:00Z,1.40947,1.41029,1.40944,1.40997,1244
2025-11-24T00:30:00Z,1.40996,1.41011,1.40983,1.40987,955
2025-11-24T01:00:00Z,1.40987,1.41038,1.40978,1.41005,2234
2025-11-24T01:30:00Z,1.41005,1.41007,1.40961,1.40994,2577
2025-11-24T02:00:00Z,1.40993,1.41006,1.40928,1.40934,2063
2025-11-24T02:30:00Z,1.40935,1.40975,1.40930,1.40967,1472
2025-11-24T03:00:00Z,1.40965,1.40981,1.40949,1.40951,1331
2025-11-24T03:30:00Z,1.40951,1.40960,1.40920,1.40954,1130
2025-11-24T04:00:00Z,1.40953,1.40965,1.40938,1.40956,1281
2025-11-24T04:30:00Z,1.40956,1.40967,1.40938,1.40945,1306
2025-11-24T05:00:00Z,1.40944,1.40947,1.40913,1.40919,1460
2025-11-24T05:30:00Z,1.40919,1.40940,1.40913,1.40939,1297
2025-11-24T06:00:00Z,1.40940,1.40947,1.40911,1.40935,1068
2025-11-24T06:30:00Z,1.40935,1.40997,1.40930,1.40994,1240
2025-11-24T07:00:00Z,1.40994,1.41019,1.40962,1.40976,2003
2025-11-24T07:30:00Z,1.40974,1.41037,1.40961,1.41036,2116
2025-11-24T08:00:00Z,1.41037,1.41064,1.40945,1.40959,3409
2025-11-24T08:30:00Z,1.40958,1.41037,1.40947,1.41021,2534
2025-11-24T09:00:00Z,1.41026,1.41142,1.41021,1.41125,2597
2025-11-24T09:30:00Z,1.41124,1.41142,1.41082,1.41137,2921
2025-11-24T10:00:00Z,1.41136,1.41140,1.41087,1.41109,3443
2025-11-24T10:30:00Z,1.41108,1.41121,1.41058,1.41099,3018
2025-11-24T11:00:00Z,1.41099,1.41107,1.41065,1.41075,3026
2025-11-24T11:30:00Z,1.41075,1.41107,1.41057,1.41097,2065
2025-11-24T12:00:00Z,1.41098,1.41177,1.41042,1.41053,1877
2025-11-24T12:30:00Z,1.41055,1.41089,1.41018,1.41021,2578
2025-11-24T13:00:00Z,1.41021,1.41058,1.40982,1.41018,1953
2025-11-24T13:30:00Z,1.41021,1.41078,1.40968,1.41019,2701
2025-11-24T14:00:00Z,1.41022,1.41123,1.40993,1.41084,2593
2025-11-24T14:30:00Z,1.41084,1.41111,1.40980,1.41036,7112
2025-11-24T15:00:00Z,1.41034,1.41141,1.41010,1.41110,5466
2025-11-24T15:30:00Z,1.41111,1.41137,1.41054,1.41118,5712
2025-11-24T16:00:00Z,1.41118,1.41159,1.41082,1.41155,3960
2025-11-24T16:30:00Z,1.41157,1.41162,1.41075,1.41123,3200
2025-11-24T17:00:00Z,1.41124,1.41176,1.41099,1.41169,2219
2025-11-24T17:30:00Z,1.41170,1.41185,1.41107,1.41120,1762
2025-11-24T18:00:00Z,1.41119,1.41130,1.41093,1.41113,1120
2025-11-24T18:30:00Z,1.41113,1.41120,1.41031,1.41048,1404
2025-11-24T19:00:00Z,1.41048,1.41078,1.41034,1.41059,1061
2025-11-24T19:30:00Z,1.41058,1.41097,1.41045,1.41068,1272
2025-11-24T20:00:00Z,1.41067,1.41080,1.41038,1.41061,1528
2025-11-24T20:30:00Z,1.41060,1.41102,1.41039,1.41101,1509
2025-11-24T21:00:00Z,1.41100,1.41114,1.41023,1.41049,1044
2025-11-24T21:30:00Z,1.41049,1.41095,1.41025,1.41065,970
2025-11-24T22:00:00Z,1.41065,1.41069,1.41017,1.41049,401
2025-11-24T22:30:00Z,1.41049,1.41054,1.41043,1.41043,374
2025-11-24T23:00:00Z,1.41049,1.41085,1.41030,1.41075,1264
2025-11-24T23:30:00Z,1.41076,1.41107,1.41069,1.41096,532
2025-11-25T00:00:00Z,1.41098,1.41143,1.41098,1.41138,1554
2025-11-25T00:30:00Z,1.41139,1.41141,1.41084,1.41088,1430
2025-11-25T01:00:00Z,1.41085,1.41107,1.41061,1.41090,2609
2025-11-25T01:30:00Z,1.41088,1.41094,1.41048,1.41079,2272
2025-11-25T02:00:00Z,1.41079,1.41096,1.41069,1.41085,1828
2025-11-25T02:30:00Z,1.41085,1.41114,1.41072,1.41073,1851
2025-11-25T03:00:00Z,1.41074,1.41120,1.41056,1.41118,1983
2025-11-25T03:30:00Z,1.41117,1.41174,1.41116,1.41163,2379
2025-11-25T04:00:00Z,1.41162,1.41188,1.41158,1.41185,1564
2025-11-25T04:30:00Z,1.41185,1.41192,1.41167,1.41186,1517
2025-11-25T05:00:00Z,1.41186,1.41205,1.41173,1.41201,1464
2025-11-25T05:30:00Z,1.41203,1.41204,1.41150,1.41170,1773
2025-11-25T06:00:00Z,1.41171,1.41206,1.41168,1.41196,2041
2025-11-25T06:30:00Z,1.41196,1.41237,1.41191,1.41210,1245
2025-11-25T07:00:00Z,1.41210,1.41214,1.41157,1.41171,1897
2025-11-25T07:30:00Z,1.41172,1.41191,1.41151,1.41166,1543
2025-11-25T08:00:00Z,1.41165,1.41231,1.41164,1.41201,2843
2025-11-25T08:30:00Z,1.41200,1.41215,1.41148,1.41202,3520
2025-11-25T09:00:00Z,1.41200,1.41212,1.41144,1.41178,2415
2025-11-25T09:30:00Z,1.41178,1.41179,1.41128,1.41148,2148
2025-11-25T10:00:00Z,1.41150,1.41171,1.41089,1.41108,2434
2025-11-25T10:30:00Z,1.41108,1.41153,1.41106,1.41128,2271
2025-11-25T11:00:00Z,1.41127,1.41236,1.41126,1.41231,1717
2025-11-25T11:30:00Z,1.41231,1.41238,1.41202,1.41207,1805
2025-11-25T12:00:00Z,1.41208,1.41243,1.41188,1.41201,2114
2025-11-25T12:30:00Z,1.41201,1.41227,1.41145,1.41165,4820
2025-11-25T13:00:00Z,1.41167,1.41167,1.41062,1.41094,4910
2025-11-25T13:30:00Z,1.41097,1.41199,1.41039,1.41061,5754
2025-11-25T14:00:00Z,1.41062,1.41151,1.41036,1.41138,6068
2025-11-25T14:30:00Z,1.41139,1.41188,1.41056,1.41099,8756
2025-11-25T15:00:00Z,1.41097,1.41097,1.41013,1.41044,6428
2025-11-25T15:30:00Z,1.41045,1.41104,1.41003,1.41052,4624
2025-11-25T16:00:00Z,1.41053,1.41103,1.41029,1.41100,3298
2025-11-25T16:30:00Z,1.41099,1.41183,1.41090,1.41162,3396
2025-11-25T17:00:00Z,1.41162,1.41165,1.40985,1.41026,5895
2025-11-25T17:30:00Z,1.41027,1.41027,1.40904,1.40940,3264
2025-11-25T18:00:00Z,1.40939,1.40951,1.40891,1.40926,3424
2025-11-25T18:30:00Z,1.40925,1.40955,1.40894,1.40950,1543
2025-11-25T19:00:00Z,1.40954,1.41007,1.40919,1.40997,1581
2025-11-25T19:30:00Z,1.40996,1.41004,1.40914,1.40917,1980
2025-11-25T20:00:00Z,1.40917,1.41008,1.40903,1.41007,2445
2025-11-25T20:30:00Z,1.41008,1.41034,1.40981,1.41011,2426
2025-11-25T21:00:00Z,1.41011,1.41012,1.40937,1.40945,1125
2025-11-25T21:30:00Z,1.40946,1.40997,1.40940,1.40951,838
2025-11-25T22:00:00Z,1.40939,1.40958,1.40888,1.40942,1147
2025-11-25T22:30:00Z,1.40941,1.40985,1.40937,1.40953,798
2025-11-25T23:00:00Z,1.40953,1.41011,1.40932,1.40998,563
2025-11-25T23:30:00Z,1.40997,1.41031,1.40988,1.41030,911
2025-11-26T00:00:00Z,1.41029,1.41045,1.40999,1.41003,1500
2025-11-26T00:30:00Z,1.41004,1.41025,1.40956,1.40977,2413
2025-11-26T01:00:00Z,1.40977,1.40982,1.40870,1.40878,3581
2025-11-26T01:30:00Z,1.40879,1.40879,1.40799,1.40849,3429
2025-11-26T02:00:00Z,1.40849,1.40857,1.40749,1.40753,3912
2025-11-26T02:30:00Z,1.40755,1.40833,1.40749,1.40826,3985
2025-11-26T03:00:00Z,1.40825,1.40826,1.40732,1.40734,2274
2025-11-26T03:30:00Z,1.40732,1.40744,1.40703,1.40712,2347
2025-11-26T04:00:00Z,1.40711,1.40759,1.40700,1.40755,3414
2025-11-26T04:30:00Z,1.40755,1.40764,1.40735,1.40763,2254
2025-11-26T05:00:00Z,1.40762,1.40772,1.40744,1.40763,2009
2025-11-26T05:30:00Z,1.40764,1.40773,1.40730,1.40733,2101
2025-11-26T06:00:00Z,1.40733,1.40756,1.40676,1.40679,2739
2025-11-26T06:30:00Z,1.40678,1.40743,1.40676,1.40741,3022
2025-11-26T07:00:00Z,1.40740,1.40744,1.40671,1.40699,3244
2025-11-26T07:30:00Z,1.40699,1.40740,1.40683,1.40687,2601
2025-11-26T08:00:00Z,1.40687,1.40727,1.40683,1.40721,2515
2025-11-26T08:30:00Z,1.40720,1.40797,1.40716,1.40784,1436
2025-11-26T09:00:00Z,1.40785,1.40817,1.40751,1.40801,2425
2025-11-26T09:30:00Z,1.40802,1.40832,1.40762,1.40816,1682
2025-11-26T10:00:00Z,1.40816,1.40836,1.40778,1.40832,2397
2025-11-26T10:30:00Z,1.40832,1.40862,1.40832,1.40848,2165
2025-11-26T11:00:00Z,1.40848,1.40885,1.40832,1.40878,2270
2025-11-26T11:30:00Z,1.40880,1.40892,1.40833,1.40880,4091
2025-11-26T12:00:00Z,1.40881,1.40954,1.40875,1.40904,3660
2025-11-26T12:30:00Z,1.40901,1.40970,1.40881,1.40910,2135
2025-11-26T13:00:00Z,1.40909,1.40910,1.40799,1.40810,3079
2025-11-26T13:30:00Z,1.40810,1.40991,1.40810,1.40955,5481
2025-11-26T14:00:00Z,1.40955,1.41004,1.40931,1.40962,3023
2025-11-26T14:30:00Z,1.40962,1.40969,1.40790,1.40830,4886
2025-11-26T15:00:00Z,1.40831,1.40846,1.40662,1.40694,4988
2025-11-26T15:30:00Z,1.40694,1.40720,1.40553,1.40563,5564
2025-11-26T16:00:00Z,1.40562,1.40576,1.40508,1.40520,3724
2025-11-26T16:30:00Z,1.40520,1.40542,1.40480,1.40511,3551
2025-11-26T17:00:00Z,1.40513,1.40522,1.40480,1.40482,1928
2025-11-26T17:30:00Z,1.40482,1.40496,1.40420,1.40442,1551
2025-11-26T18:00:00Z,1.40440,1.40457,1.40393,1.40401,1873
2025-11-26T18:30:00Z,1.40401,1.40419,1.40376,1.40386,1395
2025-11-26T19:00:00Z,1.40385,1.40397,1.40341,1.40376,1969
2025-11-26T19:30:00Z,1.40376,1.40407,1.40369,1.40394,1371
2025-11-26T20:00:00Z,1.40395,1.40401,1.40360,1.40396,1536
2025-11-26T20:30:00Z,1.40396,1.40414,1.40343,1.40412,1592
2025-11-26T21:00:00Z,1.40411,1.40426,1.40371,1.40385,1157
2025-11-26T21:30:00Z,1.40385,1.40428,1.40381,1.40417,1280
2025-11-26T22:00:00Z,1.40418,1.40440,1.40319,1.40412,383
2025-11-26T22:30:00Z,1.40408,1.40435,1.40388,1.40399,475
2025-11-26T23:00:00Z,1.40391,1.40428,1.40371,1.40407,1490
2025-11-26T23:30:00Z,1.40407,1.40408,1.40377,1.40389,1071
2025-11-27T00:00:00Z,1.40391,1.40391,1.40359,1.40365,1366
2025-11-27T00:30:00Z,1.40365,1.40381,1.40357,1.40378,2068
2025-11-27T01:00:00Z,1.40377,1.40399,1.40346,1.40348,2064
2025-11-27T01:30:00Z,1.40348,1.40375,1.40337,1.40341,3098
2025-11-27T02:00:00Z,1.40340,1.40340,1.40295,1.40295,1565
2025-11-27T02:30:00Z,1.40295,1.40336,1.40292,1.40321,1741
2025-11-27T03:00:00Z,1.40321,1.40348,1.40315,1.40347,2188
2025-11-27T03:30:00Z,1.40346,1.40359,1.40338,1.40346,1848
2025-11-27T04:00:00Z,1.40346,1.40366,1.40309,1.40312,1715
2025-11-27T04:30:00Z,1.40311,1.40317,1.40294,1.40312,1799
2025-11-27T05:00:00Z,1.40311,1.40313,1.40282,1.40287,1641
2025-11-27T05:30:00Z,1.40286,1.40328,1.40286,1.40325,2310
2025-11-27T06:00:00Z,1.40324,1.40348,1.40295,1.40341,2546
2025-11-27T06:30:00Z,1.40340,1.40357,1.40326,1.40347,3099
2025-11-27T07:00:00Z,1.40348,1.40378,1.40332,1.40348,1839
2025-11-27T07:30:00Z,1.40348,1.40369,1.40337,1.40337,1512
2025-11-27T08:00:00Z,1.40335,1.40403,1.40328,1.40354,2187
2025-11-27T08:30:00Z,1.40357,1.40369,1.40340,1.40347,1876
2025-11-27T09:00:00Z,1.40347,1.40438,1.40347,1.40425,2121
2025-11-27T09:30:00Z,1.40425,1.40486,1.40422,1.40480,2069
2025-11-27T10:00:00Z,1.40477,1.40498,1.40441,1.40444,1921
2025-11-27T10:30:00Z,1.40444,1.40467,1.40434,1.40445,2048
2025-11-27T11:00:00Z,1.40447,1.40477,1.40430,1.40462,2383
2025-11-27T11:30:00Z,1.40462,1.40467,1.40445,1.40455,1421
2025-11-27T12:00:00Z,1.40456,1.40456,1.40406,1.40407,1022
2025-11-27T12:30:00Z,1.40407,1.40436,1.40394,1.40426,1298
2025-11-27T13:00:00Z,1.40429,1.40445,1.40414,1.40417,1373
2025-11-27T13:30:00Z,1.40417,1.40455,1.40390,1.40443,1901
2025-11-27T14:00:00Z,1.40442,1.40455,1.40419,1.40434,1013
2025-11-27T14:30:00Z,1.40435,1.40461,1.40377,1.40384,2058
2025-11-27T15:00:00Z,1.40386,1.40389,1.40278,1.40293,2819
2025-11-27T15:30:00Z,1.40294,1.40342,1.40292,1.40328,2535
2025-11-27T16:00:00Z,1.40328,1.40374,1.40300,1.40300,2651
2025-11-27T16:30:00Z,1.40302,1.40335,1.40299,1.40300,893
2025-11-27T17:00:00Z,1.40300,1.40323,1.40278,1.40319,726
2025-11-27T17:30:00Z,1.40318,1.40334,1.40295,1.40296,468
2025-11-27T18:00:00Z,1.40293,1.40311,1.40279,1.40305,457
2025-11-27T18:30:00Z,1.40305,1.40322,1.40296,1.40316,364
2025-11-27T19:00:00Z,1.40317,1.40324,1.40292,1.40298,395
2025-11-27T19:30:00Z,1.40297,1.40302,1.40283,1.40292,359
2025-11-27T20:00:00Z,1.40292,1.40304,1.40282,1.40295,788
2025-11-27T20:30:00Z,1.40294,1.40307,1.40280,1.40305,1649
2025-11-27T21:00:00Z,1.40305,1.40305,1.40278,1.40284,583
2025-11-27T21:30:00Z,1.40284,1.40292,1.40273,1.40286,917
2025-11-27T22:00:00Z,1.40273,1.40291,1.40263,1.40282,275
2025-11-27T22:30:00Z,1.40282,1.40302,1.40282,1.40289,583
2025-11-27T23:00:00Z,1.40290,1.40322,1.40249,1.40252,1145
2025-11-27T23:30:00Z,1.40251,1.40265,1.40241,1.40261,473
2025-11-28T00:00:00Z,1.40260,1.40282,1.40250,1.40277,1501
2025-11-28T00:30:00Z,1.40277,1.40330,1.40259,1.40318,3865
2025-11-28T01:00:00Z,1.40320,1.40320,1.40276,1.40298,3347
2025-11-28T01:30:00Z,1.40298,1.40340,1.40286,1.40334,2982
2025-11-28T02:00:00Z,1.40335,1.40335,1.40279,1.40283,7855
2025-11-28T02:30:00Z,1.40283,1.40328,1.40273,1.40313,20175
2025-11-28T03:00:00Z,1.40314,1.40325,1.40272,1.40293,14013
2025-11-28T03:30:00Z,1.40293,1.40325,1.40282,1.40325,13589
2025-11-28T04:00:00Z,1.40326,1.40341,1.40281,1.40334,16876
2025-11-28T04:30:00Z,1.40336,1.40367,1.40329,1.40350,10709
2025-11-28T05:00:00Z,1.40350,1.40370,1.40327,1.40327,13491
2025-11-28T05:30:00Z,1.40328,1.40407,1.40321,1.40345,7599
2025-11-28T06:00:00Z,1.40343,1.40366,1.40329,1.40363,5256
2025-11-28T06:30:00Z,1.40363,1.40403,1.40360,1.40382,9664
2025-11-28T07:00:00Z,1.40381,1.40403,1.40344,1.40371,15730
2025-11-28T07:30:00Z,1.40369,1.40424,1.40332,1.40404,19381
2025-11-28T08:00:00Z,1.40405,1.40441,1.40356,1.40401,13267
2025-11-28T08:30:00Z,1.40401,1.40409,1.40352,1.40361,13158
2025-11-28T09:00:00Z,1.40362,1.40398,1.40330,1.40374,11262
2025-11-28T09:30:00Z,1.40374,1.40400,1.40337,1.40391,15227
2025-11-28T10:00:00Z,1.40390,1.40427,1.40380,1.40425,6744
2025-11-28T10:30:00Z,1.40424,1.40485,1.40413,1.40482,7899
2025-11-28T11:00:00Z,1.40481,1.40510,1.40445,1.40448,17436
2025-11-28T11:30:00Z,1.40447,1.40464,1.40328,1.40354,14445
2025-11-28T12:00:00Z,1.40351,1.40401,1.40273,1.40273,8428
2025-11-28T12:30:00Z,1.40274,1.40294,1.40178,1.40187,5511
2025-11-28T13:00:00Z,1.40186,1.40188,1.40054,1.40054,7380
2025-11-28T13:30:00Z,1.40053,1.40097,1.39916,1.39963,11210
2025-11-28T14:00:00Z,1.39964,1.39981,1.39844,1.39888,4831
2025-11-28T14:30:00Z,1.39882,1.39902,1.39789,1.39798,3345
2025-11-28T15:00:00Z,1.39798,1.39801,1.39624,1.39630,3438
2025-11-28T15:30:00Z,1.39630,1.39630,1.39381,1.39403,7299
2025-11-28T16:00:00Z,1.39403,1.39747,1.39377,1.39700,4134
2025-11-28T16:30:00Z,1.39698,1.39762,1.39676,1.39754,2688
2025-11-28T17:00:00Z,1.39753,1.39853,1.39728,1.39840,2597
2025-11-28T17:30:00Z,1.39838,1.39857,1.39716,1.39744,1859
2025-11-28T18:00:00Z,1.39745,1.39818,1.39726,1.39769,1833
2025-11-28T18:30:00Z,1.39768,1.39807,1.39732,1.39732,1681
2025-11-28T19:00:00Z,1.39733,1.39763,1.39730,1.39753,1765
2025-11-28T19:30:00Z,1.39754,1.39754,1.39704,1.39727,2259
2025-11-28T20:00:00Z,1.39725,1.39738,1.39701,1.39722,5137
2025-11-28T20:30:00Z,1.39720,1.39754,1.39700,1.39723,4251
2025-11-28T21:00:00Z,1.39723,1.39731,1.39639,1.39653,5488
2025-11-28T21:30:00Z,1.39655,1.39764,1.39627,1.39752,5183
2025-11-30T22:00:00Z,1.39735,1.39759,1.39693,1.39721,216
2025-11-30T22:30:00Z,1.39710,1.39780,1.39702,1.39748,1559
2025-11-30T23:00:00Z,1.39739,1.39773,1.39648,1.39709,1173
2025-11-30T23:30:00Z,1.39709,1.39743,1.39689,1.39698,1516
2025-12-01T00:00:00Z,1.39698,1.39797,1.39680,1.39772,3208
2025-12-01T00:30:00Z,1.39772,1.39774,1.39735,1.39751,2970
2025-12-01T01:00:00Z,1.39751,1.39774,1.39639,1.39653,5523
2025-12-01T01:30:00Z,1.39653,1.39738,1.39651,1.39713,4352
2025-12-01T02:00:00Z,1.39712,1.39803,1.39707,1.39790,3599
2025-12-01T02:30:00Z,1.39790,1.39820,1.39765,1.39809,3446
2025-12-01T03:00:00Z,1.39809,1.39850,1.39782,1.39787,2464
2025-12-01T03:30:00Z,1.39786,1.39817,1.39778,1.39800,1760
2025-12-01T04:00:00Z,1.39799,1.39838,1.39793,1.39816,2457
2025-12-01T04:30:00Z,1.39814,1.39817,1.39776,1.39816,2606
2025-12-01T05:00:00Z,1.39818,1.39883,1.39817,1.39866,2716
2025-12-01T05:30:00Z,1.39862,1.39893,1.39855,1.39861,2596
2025-12-01T06:00:00Z,1.39860,1.39891,1.39843,1.39865,2045
2025-12-01T06:30:00Z,1.39866,1.39887,1.39847,1.39862,2402
2025-12-01T07:00:00Z,1.39861,1.39865,1.39800,1.39801,2555
2025-12-01T07:30:00Z,1.39800,1.39800,1.39698,1.39778,2365
2025-12-01T08:00:00Z,1.39779,1.39842,1.39752,1.39830,2640
2025-12-01T08:30:00Z,1.39831,1.39888,1.39816,1.39839,3519
2025-12-01T09:00:00Z,1.39838,1.39911,1.39829,1.39859,2635
2025-12-01T09:30:00Z,1.39859,1.39869,1.39804,1.39846,3707
2025-12-01T10:00:00Z,1.39847,1.39861,1.39822,1.39828,2159
2025-12-01T10:30:00Z,1.39832,1.39866,1.39825,1.39835,2968
2025-12-01T11:00:00Z,1.39835,1.39840,1.39803,1.39808,1761
2025-12-01T11:30:00Z,1.39808,1.39821,1.39745,1.39748,2802
2025-12-01T12:00:00Z,1.39747,1.39752,1.39648,1.39651,3508
2025-12-01T12:30:00Z,1.39650,1.39659,1.39547,1.39582,2993
2025-12-01T13:00:00Z,1.39582,1.39647,1.39544,1.39599,2637
2025-12-01T13:30:00Z,1.39598,1.39633,1.39562,1.39629,3121
2025-12-01T14:00:00Z,1.39629,1.39665,1.39604,1.39610,3566
2025-12-01T14:30:00Z,1.39612,1.39668,1.39584,1.39627,5471
2025-12-01T15:00:00Z,1.39625,1.39633,1.39554,1.39600,6708
2025-12-01T15:30:00Z,1.39601,1.39733,1.39601,1.39647,5999
2025-12-01T16:00:00Z,1.39646,1.39825,1.39639,1.39806,5297
2025-12-01T16:30:00Z,1.39805,1.39848,1.39790,1.39814,4656
2025-12-01T17:00:00Z,1.39815,1.39839,1.39795,1.39805,2582
2025-12-01T17:30:00Z,1.39808,1.39842,1.39763,1.39817,2461
2025-12-01T18:00:00Z,1.39817,1.39923,1.39813,1.39921,2259
2025-12-01T18:30:00Z,1.39921,1.39936,1.39888,1.39909,1836
2025-12-01T19:00:00Z,1.39909,1.39994,1.39909,1.39989,2926
2025-12-01T19:30:00Z,1.39989,1.39995,1.39953,1.39966,2602
2025-12-01T20:00:00Z,1.39967,1.39992,1.39946,1.39972,1903
2025-12-01T20:30:00Z,1.39972,1.40007,1.39968,1.40005,2700
2025-12-01T21:00:00Z,1.40005,1.40012,1.39956,1.39969,953
2025-12-01T21:30:00Z,1.39968,1.40011,1.39960,1.39976,865
2025-12-01T22:00:00Z,1.39937,1.39986,1.39899,1.39956,427
2025-12-01T22:30:00Z,1.39956,1.39976,1.39956,1.39972,530
2025-12-01T23:00:00Z,1.39971,1.39979,1.39950,1.39962,614
2025-12-01T23:30:00Z,1.39960,1.40014,1.39959,1.40012,854
2025-12-02T00:00:00Z,1.40011,1.40021,1.39988,1.40019,1223
2025-12-02T00:30:00Z,1.40018,1.40024,1.39998,1.40006,2004
2025-12-02T01:00:00Z,1.40007,1.40069,1.39998,1.40044,3412
2025-12-02T01:30:00Z,1.40045,1.40046,1.40000,1.40006,1622
2025-12-02T02:00:00Z,1.40005,1.40023,1.40000,1.40017,1538
2025-12-02T02:30:00Z,1.40021,1.40026,1.39984,1.39999,1289
2025-12-02T03:00:00Z,1.40000,1.40021,1.39992,1.40016,1452
2025-12-02T03:30:00Z,1.40015,1.40023,1.39973,1.39981,1387
2025-12-02T04:00:00Z,1.39981,1.39982,1.39952,1.39965,1008
2025-12-02T04:30:00Z,1.39964,1.39990,1.39958,1.39985,873
2025-12-02T05:00:00Z,1.39983,1.40000,1.39975,1.39989,873
2025-12-02T05:30:00Z,1.39990,1.39994,1.39963,1.39974,986
2025-12-02T06:00:00Z,1.39974,1.40012,1.39968,1.40006,1601
2025-12-02T06:30:00Z,1.40006,1.40014,1.39964,1.39974,2321
2025-12-02T07:00:00Z,1.39973,1.39975,1.39936,1.39945,2332
2025-12-02T07:30:00Z,1.39946,1.39987,1.39940,1.39971,1913
2025-12-02T08:00:00Z,1.39972,1.39972,1.39920,1.39936,2907
2025-12-02T08:30:00Z,1.39935,1.39998,1.39935,1.39975,2139
2025-12-02T09:00:00Z,1.39976,1.40074,1.39953,1.40058,2986
2025-12-02T09:30:00Z,1.40059,1.40094,1.40057,1.40077,2372
2025-12-02T10:00:00Z,1.40076,1.40132,1.40063,1.40096,2773
2025-12-02T10:30:00Z,1.40098,1.40098,1.40059,1.40065,2002
2025-12-02T11:00:00Z,1.40064,1.40118,1.40059,1.40105,2209
2025-12-02T11:30:00Z,1.40106,1.40140,1.40084,1.40124,2558
2025-12-02T12:00:00Z,1.40124,1.40137,1.40080,1.40099,2527
2025-12-02T12:30:00Z,1.40100,1.40123,1.40014,1.40016,2482
2025-12-02T13:00:00Z,1.40015,1.40048,1.39977,1.40012,4026
2025-12-02T13:30:00Z,1.40013,1.40038,1.39968,1.39973,3053
2025-12-02T14:00:00Z,1.39972,1.39980,1.39886,1.39964,2676
2025-12-02T14:30:00Z,1.39963,1.39983,1.39846,1.39849,6082
2025-12-02T15:00:00Z,1.39845,1.39901,1.39770,1.39885,5148
2025-12-02T15:30:00Z,1.39885,1.39886,1.39751,1.39803,5729
2025-12-02T16:00:00Z,1.39803,1.39946,1.39769,1.39911,4945
2025-12-02T16:30:00Z,1.39912,1.39913,1.39854,1.39891,3238
2025-12-02T17:00:00Z,1.39890,1.39897,1.39828,1.39842,3468
2025-12-02T17:30:00Z,1.39842,1.39860,1.39827,1.39854,3666
2025-12-02T18:00:00Z,1.39855,1.39865,1.39827,1.39845,3083
2025-12-02T18:30:00Z,1.39844,1.39860,1.39806,1.39811,2143
2025-12-02T19:00:00Z,1.39810,1.39817,1.39743,1.39771,2894
2025-12-02T19:30:00Z,1.39772,1.39773,1.39673,1.39716,3779
2025-12-02T20:00:00Z,1.39715,1.39752,1.39682,1.39739,1336
2025-12-02T20:30:00Z,1.39741,1.39782,1.39732,1.39782,1703
2025-12-02T21:00:00Z,1.39783,1.39822,1.39769,1.39806,684
2025-12-02T21:30:00Z,1.39805,1.39814,1.39668,1.39674,1033
2025-12-02T22:00:00Z,1.39652,1.39719,1.39640,1.39699,348
2025-12-02T22:30:00Z,1.39700,1.39731,1.39679,1.39679,708
2025-12-02T23:00:00Z,1.39677,1.39730,1.39663,1.39724,959
2025-12-02T23:30:00Z,1.39725,1.39728,1.39692,1.39693,689
2025-12-03T00:00:00Z,1.39694,1.39709,1.39678,1.39709,1200
2025-12-03T00:30:00Z,1.39710,1.39748,1.39678,1.39684,4175
2025-12-03T01:00:00Z,1.39685,1.39689,1.39645,1.39646,2817
2025-12-03T01:30:00Z,1.39645,1.39660,1.39619,1.39653,2449
2025-12-03T02:00:00Z,1.39654,1.39683,1.39648,1.39667,2094
2025-12-03T02:30:00Z,1.39670,1.39687,1.39653,1.39666,1972
2025-12-03T03:00:00Z,1.39666,1.39688,1.39662,1.39675,1257
2025-12-03T03:30:00Z,1.39674,1.39687,1.39668,1.39685,1547
2025-12-03T04:00:00Z,1.39685,1.39698,1.39675,1.39691,1417
2025-12-03T04:30:00Z,1.39691,1.39693,1.39673,1.39685,1321
2025-12-03T05:00:00Z,1.39684,1.39739,1.39655,1.39716,1566
2025-12-03T05:30:00Z,1.39716,1.39740,1.39712,1.39716,1572
2025-12-03T06:00:00Z,1.39717,1.39726,1.39677,1.39694,1977
2025-12-03T06:30:00Z,1.39695,1.39710,1.39674,1.39685,1774
2025-12-03T07:00:00Z,1.39683,1.39683,1.39616,1.39674,2217
2025-12-03T07:30:00Z,1.39679,1.39732,1.39677,1.39704,2413
2025-12-03T08:00:00Z,1.39704,1.39705,1.39614,1.39630,3916
2025-12-03T08:30:00Z,1.39628,1.39647,1.39599,1.39610,2615
2025-12-03T09:00:00Z,1.39610,1.39629,1.39590,1.39592,3108
2025-12-03T09:30:00Z,1.39590,1.39600,1.39543,1.39547,4093
2025-12-03T10:00:00Z,1.39548,1.39550,1.39394,1.39424,3563
2025-12-03T10:30:00Z,1.39424,1.39477,1.39401,1.39468,2602
2025-12-03T11:00:00Z,1.39469,1.39472,1.39414,1.39422,2803
2025-12-03T11:30:00Z,1.39422,1.39453,1.39395,1.39452,2414
2025-12-03T12:00:00Z,1.39451,1.39452,1.39379,1.39387,2361
2025-12-03T12:30:00Z,1.39387,1.39466,1.39382,1.39462,1857
2025-12-03T13:00:00Z,1.39463,1.39486,1.39388,1.39467,3419
2025-12-03T13:30:00Z,1.39469,1.39512,1.39413,1.39453,3991
2025-12-03T14:00:00Z,1.39454,1.39554,1.39449,1.39543,5449
2025-12-03T14:30:00Z,1.39543,1.39648,1.39436,1.39595,5961
2025-12-03T15:00:00Z,1.39595,1.39690,1.39487,1.39511,6745
2025-12-03T15:30:00Z,1.39510,1.39553,1.39418,1.39491,5467
2025-12-03T16:00:00Z,1.39491,1.39517,1.39405,1.39431,5772
2025-12-03T16:30:00Z,1.39431,1.39539,1.39424,1.39511,4079
2025-12-03T17:00:00Z,1.39512,1.39533,1.39478,1.39482,2887
2025-12-03T17:30:00Z,1.39481,1.39491,1.39420,1.39436,2455
2025-12-03T18:00:00Z,1.39437,1.39497,1.39420,1.39435,2016
2025-12-03T18:30:00Z,1.39435,1.39484,1.39414,1.39473,1823
2025-12-03T19:00:00Z,1.39474,1.39474,1.39443,1.39473,2062
2025-12-03T19:30:00Z,1.39472,1.39500,1.39461,1.39470,2479
2025-12-03T20:00:00Z,1.39472,1.39511,1.39467,1.39490,1556
2025-12-03T20:30:00Z,1.39490,1.39514,1.39472,1.39512,2333
2025-12-03T21:00:00Z,1.39512,1.39543,1.39500,1.39516,723
2025-12-03T21:30:00Z,1.39517,1.39521,1.39484,1.39493,872
2025-12-03T22:00:00Z,1.39472,1.39473,1.39387,1.39467,181
2025-12-03T22:30:00Z,1.39467,1.39496,1.39465,1.39474,313
2025-12-03T23:00:00Z,1.39477,1.39502,1.39471,1.39484,810
2025-12-03T23:30:00Z,1.39483,1.39532,1.39483,1.39530,1076
2025-12-04T00:00:00Z,1.39530,1.39570,1.39521,1.39566,2151
2025-12-04T00:30:00Z,1.39564,1.39571,1.39529,1.39557,2342
2025-12-04T01:00:00Z,1.39556,1.39606,1.39556,1.39592,3410
2025-12-04T01:30:00Z,1.39592,1.39626,1.39589,1.39611,2744
2025-12-04T02:00:00Z,1.39611,1.39627,1.39591,1.39621,3235
2025-12-04T02:30:00Z,1.39622,1.39643,1.39606,1.39630,1816
2025-12-04T03:00:00Z,1.39631,1.39681,1.39631,1.39667,2616
2025-12-04T03:30:00Z,1.39668,1.39677,1.39622,1.39624,2543
2025-12-04T04:00:00Z,1.39623,1.39631,1.39590,1.39590,1596
2025-12-04T04:30:00Z,1.39590,1.39603,1.39577,1.39593,1417
2025-12-04T05:00:00Z,1.39592,1.39616,1.39592,1.39611,2468
2025-12-04T05:30:00Z,1.39612,1.39625,1.39591,1.39606,2080
2025-12-04T06:00:00Z,1.39606,1.39691,1.39597,1.39681,2295
2025-12-04T06:30:00Z,1.39680,1.39691,1.39640,1.39652,1689
2025-12-04T07:00:00Z,1.39651,1.39680,1.39616,1.39679,1401
2025-12-04T07:30:00Z,1.39679,1.39707,1.39610,1.39627,1540
2025-12-04T08:00:00Z,1.39626,1.39663,1.39588,1.39622,3209
2025-12-04T08:30:00Z,1.39623,1.39653,1.39567,1.39652,2544
2025-12-04T09:00:00Z,1.39652,1.39683,1.39624,1.39624,2716
2025-12-04T09:30:00Z,1.39623,1.39636,1.39587,1.39594,2735
2025-12-04T10:00:00Z,1.39596,1.39640,1.39573,1.39632,3738
2025-12-04T10:30:00Z,1.39632,1.39682,1.39621,1.39675,3305
2025-12-04T11:00:00Z,1.39674,1.39744,1.39639,1.39691,3319
2025-12-04T11:30:00Z,1.39691,1.39742,1.39675,1.39700,2332
2025-12-04T12:00:00Z,1.39699,1.39718,1.39665,1.39695,2368
2025-12-04T12:30:00Z,1.39694,1.39749,1.39692,1.39720,2366
2025-12-04T13:00:00Z,1.39719,1.39770,1.39660,1.39668,3925
2025-12-04T13:30:00Z,1.39660,1.39740,1.39636,1.39672,3352
2025-12-04T14:00:00Z,1.39671,1.39681,1.39546,1.39553,2832
2025-12-04T14:30:00Z,1.39555,1.39596,1.39495,1.39521,5521
2025-12-04T15:00:00Z,1.39521,1.39544,1.39323,1.39331,5619
2025-12-04T15:30:00Z,1.39331,1.39393,1.39247,1.39324,6580
2025-12-04T16:00:00Z,1.39325,1.39452,1.39322,1.39445,6318
2025-12-04T16:30:00Z,1.39445,1.39484,1.39383,1.39397,5613
2025-12-04T17:00:00Z,1.39397,1.39466,1.39383,1.39449,3478
2025-12-04T17:30:00Z,1.39449,1.39489,1.39449,1.39452,1519
2025-12-04T18:00:00Z,1.39452,1.39516,1.39438,1.39453,3756
2025-12-04T18:30:00Z,1.39453,1.39523,1.39443,1.39493,2402
2025-12-04T19:00:00Z,1.39495,1.39571,1.39489,1.39543,3337
2025-12-04T19:30:00Z,1.39545,1.39550,1.39485,1.39514,4219
2025-12-04T20:00:00Z,1.39515,1.39552,1.39515,1.39552,2422
2025-12-04T20:30:00Z,1.39551,1.39588,1.39539,1.39574,2106
2025-12-04T21:00:00Z,1.39570,1.39599,1.39544,1.39580,1121
2025-12-04T21:30:00Z,1.39579,1.39602,1.39559,1.39573,1151
2025-12-04T22:00:00Z,1.39552,1.39562,1.39476,1.39531,370
2025-12-04T22:30:00Z,1.39536,1.39546,1.39521,1.39525,915
2025-12-04T23:00:00Z,1.39526,1.39590,1.39514,1.39576,484
2025-12-04T23:30:00Z,1.39574,1.39604,1.39574,1.39593,561
2025-12-05T00:00:00Z,1.39595,1.39595,1.39556,1.39556,929
2025-12-05T00:30:00Z,1.39558,1.39569,1.39533,1.39547,990
2025-12-05T01:00:00Z,1.39547,1.39547,1.39506,1.39529,1487
2025-12-05T01:30:00Z,1.39530,1.39532,1.39502,1.39503,1285
2025-12-05T02:00:00Z,1.39505,1.39534,1.39497,1.39529,1056
2025-12-05T02:30:00Z,1.39528,1.39533,1.39499,1.39511,797
2025-12-05T03:00:00Z,1.39511,1.39557,1.39510,1.39557,800
2025-12-05T03:30:00Z,1.39558,1.39570,1.39546,1.39547,678
2025-12-05T04:00:00Z,1.39548,1.39551,1.39515,1.39519,1149
2025-12-05T04:30:00Z,1.39520,1.39535,1.39519,1.39530,1135
2025-12-05T05:00:00Z,1.39529,1.39529,1.39489,1.39499,1244
2025-12-05T05:30:00Z,1.39495,1.39503,1.39486,1.39489,1085
2025-12-05T06:00:00Z,1.39488,1.39504,1.39473,1.39499,1227
2025-12-05T06:30:00Z,1.39498,1.39504,1.39451,1.39470,2021
2025-12-05T07:00:00Z,1.39470,1.39474,1.39402,1.39402,2118
2025-12-05T07:30:00Z,1.39405,1.39472,1.39397,1.39465,1897
2025-12-05T08:00:00Z,1.39463,1.39496,1.39438,1.39445,3007
2025-12-05T08:30:00Z,1.39445,1.39458,1.39402,1.39444,2962
2025-12-05T09:00:00Z,1.39443,1.39465,1.39424,1.39455,2186
2025-12-05T09:30:00Z,1.39456,1.39467,1.39429,1.39433,1729
2025-12-05T10:00:00Z,1.39432,1.39475,1.39413,1.39474,1454
2025-12-05T10:30:00Z,1.39476,1.39493,1.39436,1.39449,1880
2025-12-05T11:00:00Z,1.39449,1.39492,1.39439,1.39463,1561
2025-12-05T11:30:00Z,1.39463,1.39521,1.39404,1.39409,2341
2025-12-05T12:00:00Z,1.39410,1.39440,1.39395,1.39419,2495
2025-12-05T12:30:00Z,1.39421,1.39435,1.39295,1.39306,2029
2025-12-05T13:00:00Z,1.39305,1.39385,1.39292,1.39369,2587
2025-12-05T13:30:00Z,1.39366,1.39366,1.38844,1.38871,7893
2025-12-05T14:00:00Z,1.38872,1.38913,1.38762,1.38892,6170
2025-12-05T14:30:00Z,1.38894,1.38931,1.38727,1.38737,5245
2025-12-05T15:00:00Z,1.38734,1.38810,1.38608,1.38610,6453
2025-12-05T15:30:00Z,1.38610,1.38641,1.38528,1.38540,6022
2025-12-05T16:00:00Z,1.38541,1.38683,1.38532,1.38623,5327
2025-12-05T16:30:00Z,1.38623,1.38701,1.38579,1.38593,4930
2025-12-05T17:00:00Z,1.38593,1.38620,1.38437,1.38449,3422
2025-12-05T17:30:00Z,1.38449,1.38482,1.38331,1.38345,2726
2025-12-05T18:00:00Z,1.38346,1.38364,1.38326,1.38354,2747
2025-12-05T18:30:00Z,1.38355,1.38454,1.38351,1.38357,2235
2025-12-05T19:00:00Z,1.38356,1.38398,1.38325,1.38326,1842
2025-12-05T19:30:00Z,1.38326,1.38418,1.38323,1.38364,1677
2025-12-05T20:00:00Z,1.38364,1.38422,1.38364,1.38400,1884
2025-12-05T20:30:00Z,1.38399,1.38423,1.38254,1.38267,2417
2025-12-05T21:00:00Z,1.38267,1.38335,1.38235,1.38274,1219
2025-12-05T21:30:00Z,1.38274,1.38291,1.38102,1.38110,4365
2025-12-07T22:00:00Z,1.38171,1.38286,1.38171,1.38252,229
2025-12-07T22:30:00Z,1.38252,1.38277,1.38225,1.38270,1239
2025-12-07T23:00:00Z,1.38271,1.38282,1.38232,1.38274,2448
2025-12-07T23:30:00Z,1.38273,1.38351,1.38271,1.38347,2280
2025-12-08T00:00:00Z,1.38348,1.38349,1.38265,1.38266,1744
2025-12-08T00:30:00Z,1.38264,1.38288,1.38251,1.38253,1843
2025-12-08T01:00:00Z,1.38253,1.38278,1.38234,1.38262,2521
2025-12-08T01:30:00Z,1.38261,1.38262,1.38212,1.38235,2468
2025-12-08T02:00:00Z,1.38234,1.38238,1.38198,1.38216,1678
2025-12-08T02:30:00Z,1.38216,1.38231,1.38195,1.38196,1833
2025-12-08T03:00:00Z,1.38196,1.38227,1.38185,1.38219,1071
2025-12-08T03:30:00Z,1.38220,1.38262,1.38218,1.38255,1466
2025-12-08T04:00:00Z,1.38255,1.38257,1.38224,1.38232,1320
2025-12-08T04:30:00Z,1.38232,1.38254,1.38205,1.38243,1145
2025-12-08T05:00:00Z,1.38241,1.38241,1.38213,1.38219,1630
2025-12-08T05:30:00Z,1.38219,1.38229,1.38192,1.38196,1267
2025-12-08T06:00:00Z,1.38197,1.38197,1.38130,1.38187,3206
2025-12-08T06:30:00Z,1.38188,1.38241,1.38186,1.38212,1488
2025-12-08T07:00:00Z,1.38211,1.38213,1.38161,1.38204,2288
2025-12-08T07:30:00Z,1.38203,1.38286,1.38199,1.38245,2027
2025-12-08T08:00:00Z,1.38246,1.38255,1.38142,1.38192,3506
2025-12-08T08:30:00Z,1.38192,1.38218,1.38159,1.38187,2589
2025-12-08T09:00:00Z,1.38187,1.38266,1.38176,1.38204,2979
2025-12-08T09:30:00Z,1.38202,1.38256,1.38155,1.38236,3073
2025-12-08T10:00:00Z,1.38236,1.38247,1.38176,1.38195,2309
2025-12-08T10:30:00Z,1.38194,1.38236,1.38191,1.38235,3098
2025-12-08T11:00:00Z,1.38236,1.38265,1.38202,1.38232,2448
2025-12-08T11:30:00Z,1.38232,1.38233,1.38133,1.38149,3285
2025-12-08T12:00:00Z,1.38149,1.38152,1.38034,1.38096,2802
2025-12-08T12:30:00Z,1.38097,1.38107,1.37993,1.38066,2443
2025-12-08T13:00:00Z,1.38066,1.38070,1.38023,1.38040,4764
2025-12-08T13:30:00Z,1.38039,1.38118,1.38025,1.38095,3605
2025-12-08T14:00:00Z,1.38096,1.38138,1.37996,1.38003,4061
2025-12-08T14:30:00Z,1.38004,1.38207,1.38000,1.38206,4877
2025-12-08T15:00:00Z,1.38206,1.38318,1.38187,1.38304,5198
2025-12-08T15:30:00Z,1.38304,1.38447,1.38241,1.38444,6649
2025-12-08T16:00:00Z,1.38444,1.38499,1.38389,1.38458,5032
2025-12-08T16:30:00Z,1.38458,1.38525,1.38407,1.38464,4765
2025-12-08T17:00:00Z,1.38465,1.38523,1.38459,1.38463,4217
2025-12-08T17:30:00Z,1.38463,1.38510,1.38399,1.38415,4615
2025-12-08T18:00:00Z,1.38414,1.38489,1.38397,1.38489,2807
2025-12-08T18:30:00Z,1.38488,1.38583,1.38458,1.38580,2495
2025-12-08T19:00:00Z,1.38581,1.38590,1.38509,1.38512,2972
2025-12-08T19:30:00Z,1.38514,1.38522,1.38458,1.38498,2459
2025-12-08T20:00:00Z,1.38498,1.38525,1.38473,1.38504,1679
2025-12-08T20:30:00Z,1.38505,1.38561,1.38492,1.38559,1936
2025-12-08T21:00:00Z,1.38558,1.38592,1.38542,1.38550,941
2025-12-08T21:30:00Z,1.38551,1.38577,1.38548,1.38566,601
2025-12-08T22:00:00Z,1.38559,1.38559,1.38490,1.38490,339
2025-12-08T22:30:00Z,1.38512,1.38542,1.38512,1.38536,625
2025-12-08T23:00:00Z,1.38534,1.38546,1.38510,1.38511,618
2025-12-08T23:30:00Z,1.38512,1.38522,1.38481,1.38485,767
2025-12-09T00:00:00Z,1.38485,1.38498,1.38461,1.38468,1227
2025-12-09T00:30:00Z,1.38471,1.38525,1.38466,1.38517,1642
2025-12-09T01:00:00Z,1.38518,1.38543,1.38502,1.38520,2633
2025-12-09T01:30:00Z,1.38520,1.38531,1.38480,1.38485,2407
2025-12-09T02:00:00Z,1.38485,1.38520,1.38481,1.38500,1439
2025-12-09T02:30:00Z,1.38500,1.38520,1.38495,1.38502,1685
2025-12-09T03:00:00Z,1.38501,1.38508,1.38480,1.38483,1306
2025-12-09T03:30:00Z,1.38483,1.38524,1.38461,1.38467,2502
2025-12-09T04:00:00Z,1.38467,1.38493,1.38455,1.38475,1447
2025-12-09T04:30:00Z,1.38474,1.38485,1.38441,1.38452,2485
2025-12-09T05:00:00Z,1.38452,1.38493,1.38441,1.38456,1609
2025-12-09T05:30:00Z,1.38455,1.38513,1.38446,1.38494,1945
2025-12-09T06:00:00Z,1.38494,1.38574,1.38491,1.38547,2671
2025-12-09T06:30:00Z,1.38549,1.38558,1.38518,1.38547,3125
2025-12-09T07:00:00Z,1.38549,1.38566,1.38519,1.38564,3118
2025-12-09T07:30:00Z,1.38564,1.38565,1.38532,1.38556,2580
2025-12-09T08:00:00Z,1.38556,1.38569,1.38528,1.38560,3049
2025-12-09T08:30:00Z,1.38561,1.38574,1.38536,1.38539,3102
2025-12-09T09:00:00Z,1.38539,1.38541,1.38404,1.38409,4491
2025-12-09T09:30:00Z,1.38408,1.38454,1.38383,1.38393,3307
2025-12-09T10:00:00Z,1.38391,1.38403,1.38376,1.38395,3208
2025-12-09T10:30:00Z,1.38395,1.38453,1.38390,1.38426,3416
2025-12-09T11:00:00Z,1.38425,1.38456,1.38388,1.38413,2749
2025-12-09T11:30:00Z,1.38413,1.38437,1.38404,1.38432,2215
2025-12-09T12:00:00Z,1.38432,1.38476,1.38418,1.38441,2377
2025-12-09T12:30:00Z,1.38442,1.38493,1.38426,1.38477,2529
2025-12-09T13:00:00Z,1.38476,1.38486,1.38375,1.38414,2888
2025-12-09T13:30:00Z,1.38415,1.38484,1.38374,1.38399,3691
2025-12-09T14:00:00Z,1.38399,1.38432,1.38346,1.38349,3185
2025-12-09T14:30:00Z,1.38349,1.38352,1.38232,1.38273,4052
2025-12-09T15:00:00Z,1.38272,1.38482,1.38269,1.38303,6013
2025-12-09T15:30:00Z,1.38301,1.38479,1.38273,1.38407,5801
2025-12-09T16:00:00Z,1.38406,1.38417,1.38289,1.38315,4681
2025-12-09T16:30:00Z,1.38314,1.38362,1.38291,1.38335,3509
2025-12-09T17:00:00Z,1.38333,1.38472,1.38296,1.38470,2959
2025-12-09T17:30:00Z,1.38471,1.38573,1.38447,1.38547,2364
2025-12-09T18:00:00Z,1.38546,1.38605,1.38546,1.38562,2340
2025-12-09T18:30:00Z,1.38562,1.38570,1.38509,1.38522,2446
2025-12-09T19:00:00Z,1.38521,1.38554,1.38451,1.38451,2028
2025-12-09T19:30:00Z,1.38449,1.38510,1.38433,1.38475,1889
2025-12-09T20:00:00Z,1.38475,1.38490,1.38459,1.38489,946
2025-12-09T20:30:00Z,1.38489,1.38510,1.38466,1.38504,1133
2025-12-09T21:00:00Z,1.38504,1.38539,1.38478,1.38496,623
2025-12-09T21:30:00Z,1.38494,1.38496,1.38438,1.38451,1226
2025-12-09T22:00:00Z,1.38442,1.38481,1.38404,1.38445,675
2025-12-09T22:30:00Z,1.38446,1.38456,1.38422,1.38443,602
2025-12-09T23:00:00Z,1.38443,1.38479,1.38427,1.38464,1014
2025-12-09T23:30:00Z,1.38463,1.38472,1.38449,1.38455,981
2025-12-10T00:00:00Z,1.38455,1.38478,1.38443,1.38475,1715
2025-12-10T00:30:00Z,1.38476,1.38488,1.38452,1.38467,3479
2025-12-10T01:00:00Z,1.38468,1.38525,1.38462,1.38515,3217
2025-12-10T01:30:00Z,1.38514,1.38542,1.38514,1.38536,3139
2025-12-10T02:00:00Z,1.38534,1.38569,1.38534,1.38545,2919
2025-12-10T02:30:00Z,1.38548,1.38560,1.38523,1.38557,2040
2025-12-10T03:00:00Z,1.38556,1.38566,1.38528,1.38565,1738
2025-12-10T03:30:00Z,1.38563,1.38563,1.38538,1.38544,1265
2025-12-10T04:00:00Z,1.38545,1.38556,1.38529,1.38553,1773
2025-12-10T04:30:00Z,1.38554,1.38556,1.38526,1.38544,901
2025-12-10T05:00:00Z,1.38543,1.38557,1.38537,1.38542,732
2025-12-10T05:30:00Z,1.38542,1.38545,1.38515,1.38528,1367
2025-12-10T06:00:00Z,1.38526,1.38529,1.38477,1.38493,1755
2025-12-10T06:30:00Z,1.38494,1.38502,1.38479,1.38483,1487
2025-12-10T07:00:00Z,1.38483,1.38483,1.38447,1.38471,1232
2025-12-10T07:30:00Z,1.38470,1.38558,1.38468,1.38538,1829
2025-12-10T08:00:00Z,1.38537,1.38582,1.38493,1.38497,4441
2025-12-10T08:30:00Z,1.38495,1.38528,1.38468,1.38480,4007
2025-12-10T09:00:00Z,1.38481,1.38554,1.38466,1.38525,4203
2025-12-10T09:30:00Z,1.38525,1.38569,1.38520,1.38549,2769
2025-12-10T10:00:00Z,1.38549,1.38561,1.38488,1.38534,2097
2025-12-10T10:30:00Z,1.38534,1.38562,1.38524,1.38535,2708
2025-12-10T11:00:00Z,1.38535,1.38544,1.38488,1.38497,3539
2025-12-10T11:30:00Z,1.38496,1.38505,1.38464,1.38466,2391
2025-12-10T12:00:00Z,1.38465,1.38483,1.38430,1.38430,1702
2025-12-10T12:30:00Z,1.38430,1.38442,1.38373,1.38410,2235
2025-12-10T13:00:00Z,1.38411,1.38524,1.38405,1.38445,2973
2025-12-10T13:30:00Z,1.38446,1.38505,1.38406,1.38439,3516
2025-12-10T14:00:00Z,1.38439,1.38501,1.38423,1.38423,3352
2025-12-10T14:30:00Z,1.38422,1.38715,1.38381,1.38620,5912
2025-12-10T15:00:00Z,1.38620,1.38622,1.38526,1.38611,5418
2025-12-10T15:30:00Z,1.38611,1.38644,1.38507,1.38509,5283
2025-12-10T16:00:00Z,1.38510,1.38560,1.38395,1.38404,4752
2025-12-10T16:30:00Z,1.38404,1.38425,1.38343,1.38349,3385
2025-12-10T17:00:00Z,1.38349,1.38369,1.38251,1.38290,2514
2025-12-10T17:30:00Z,1.38291,1.38338,1.38271,1.38302,2307
2025-12-10T18:00:00Z,1.38300,1.38313,1.38257,1.38310,2082
2025-12-10T18:30:00Z,1.38311,1.38377,1.38297,1.38321,2223
2025-12-10T19:00:00Z,1.38321,1.38358,1.38139,1.38245,7344
2025-12-10T19:30:00Z,1.38244,1.38408,1.38076,1.38098,14177
2025-12-10T20:00:00Z,1.38098,1.38141,1.37857,1.37888,5843
2025-12-10T20:30:00Z,1.37888,1.37962,1.37834,1.37946,3881
2025-12-10T21:00:00Z,1.37947,1.37999,1.37920,1.37931,1699
2025-12-10T21:30:00Z,1.37930,1.37953,1.37904,1.37917,1777
2025-12-10T22:00:00Z,1.37911,1.37923,1.37858,1.37919,436
2025-12-10T22:30:00Z,1.37919,1.37936,1.37909,1.37928,640
2025-12-10T23:00:00Z,1.37933,1.37952,1.37912,1.37928,1045
2025-12-10T23:30:00Z,1.37929,1.37932,1.37891,1.37892,1291
2025-12-11T00:00:00Z,1.37891,1.37911,1.37842,1.37911,2880
2025-12-11T00:30:00Z,1.37910,1.37986,1.37906,1.37982,5021
2025-12-11T01:00:00Z,1.37984,1.37987,1.37934,1.37937,4412
2025-12-11T01:30:00Z,1.37937,1.37958,1.37926,1.37942,3541
2025-12-11T02:00:00Z,1.37942,1.37991,1.37918,1.37973,2856
2025-12-11T02:30:00Z,1.37973,1.38069,1.37971,1.38061,3261
2025-12-11T03:00:00Z,1.38062,1.38156,1.38049,1.38139,4705
2025-12-11T03:30:00Z,1.38138,1.38157,1.38097,1.38135,2757
2025-12-11T04:00:00Z,1.38135,1.38169,1.38102,1.38160,2820
2025-12-11T04:30:00Z,1.38159,1.38161,1.38123,1.38151,2656
2025-12-11T05:00:00Z,1.38152,1.38165,1.38132,1.38147,3768
2025-12-11T05:30:00Z,1.38147,1.38153,1.38117,1.38122,2508
2025-12-11T06:00:00Z,1.38122,1.38196,1.38117,1.38185,2882
2025-12-11T06:30:00Z,1.38185,1.38186,1.38138,1.38170,2127
2025-12-11T07:00:00Z,1.38171,1.38183,1.38137,1.38154,1639
2025-12-11T07:30:00Z,1.38154,1.38224,1.38147,1.38212,2297
2025-12-11T08:00:00Z,1.38210,1.38211,1.38108,1.38128,4442
2025-12-11T08:30:00Z,1.38128,1.38134,1.38065,1.38076,3804
2025-12-11T09:00:00Z,1.38077,1.38166,1.38065,1.38118,3894
2025-12-11T09:30:00Z,1.38116,1.38116,1.38064,1.38067,3939
2025-12-11T10:00:00Z,1.38066,1.38087,1.38041,1.38063,3048
2025-12-11T10:30:00Z,1.38061,1.38102,1.38035,1.38042,2339
2025-12-11T11:00:00Z,1.38042,1.38052,1.37936,1.37944,3688
2025-12-11T11:30:00Z,1.37943,1.37976,1.37927,1.37956,3777
2025-12-11T12:00:00Z,1.37955,1.37982,1.37934,1.37974,1983
2025-12-11T12:30:00Z,1.37974,1.38027,1.37932,1.37948,3033
2025-12-11T13:00:00Z,1.37949,1.37992,1.37876,1.37897,5092
2025-12-11T13:30:00Z,1.37897,1.37927,1.37803,1.37862,4081
2025-12-11T14:00:00Z,1.37863,1.37874,1.37668,1.37672,4743
2025-12-11T14:30:00Z,1.37671,1.37778,1.37647,1.37744,7111
2025-12-11T15:00:00Z,1.37746,1.37767,1.37635,1.37641,6196
2025-12-11T15:30:00Z,1.37642,1.37672,1.37568,1.37591,5026
2025-12-11T16:00:00Z,1.37591,1.37791,1.37564,1.37788,4735
2025-12-11T16:30:00Z,1.37789,1.37801,1.37662,1.37688,3353
2025-12-11T17:00:00Z,1.37689,1.37705,1.37627,1.37679,2617
2025-12-11T17:30:00Z,1.37678,1.37767,1.37678,1.37724,2523
2025-12-11T18:00:00Z,1.37724,1.37743,1.37675,1.37735,2191
2025-12-11T18:30:00Z,1.37737,1.37746,1.37676,1.37699,2570
2025-12-11T19:00:00Z,1.37699,1.37758,1.37697,1.37731,1959
2025-12-11T19:30:00Z,1.37731,1.37805,1.37728,1.37786,1781
2025-12-11T20:00:00Z,1.37787,1.37790,1.37725,1.37746,2310
2025-12-11T20:30:00Z,1.37745,1.37750,1.37691,1.37698,2606
2025-12-11T21:00:00Z,1.37698,1.37731,1.37665,1.37689,1140
2025-12-11T21:30:00Z,1.37689,1.37739,1.37667,1.37703,1706
2025-12-11T22:00:00Z,1.37683,1.37743,1.37626,1.37729,513
2025-12-11T22:30:00Z,1.37729,1.37745,1.37690,1.37714,1260
2025-12-11T23:00:00Z,1.37707,1.37742,1.37697,1.37738,939
2025-12-11T23:30:00Z,1.37736,1.37765,1.37734,1.37753,831
2025-12-12T00:00:00Z,1.37755,1.37756,1.37708,1.37713,2963
2025-12-12T00:30:00Z,1.37713,1.37729,1.37684,1.37721,4092
2025-12-12T01:00:00Z,1.37721,1.37735,1.37668,1.37677,3030
2025-12-12T01:30:00Z,1.37677,1.37742,1.37666,1.37730,3302
2025-12-12T02:00:00Z,1.37729,1.37755,1.37707,1.37725,2740
2025-12-12T02:30:00Z,1.37725,1.37745,1.37704,1.37741,2719
2025-12-12T03:00:00Z,1.37742,1.37746,1.37713,1.37726,1919
2025-12-12T03:30:00Z,1.37728,1.37755,1.37723,1.37748,1666
2025-12-12T04:00:00Z,1.37747,1.37783,1.37745,1.37759,2145
2025-12-12T04:30:00Z,1.37758,1.37777,1.37753,1.37762,1790
2025-12-12T05:00:00Z,1.37762,1.37762,1.37729,1.37734,1963
2025-12-12T05:30:00Z,1.37735,1.37737,1.37711,1.37716,2030
2025-12-12T06:00:00Z,1.37716,1.37722,1.37685,1.37698,1753
2025-12-12T06:30:00Z,1.37696,1.37746,1.37694,1.37715,2359
2025-12-12T07:00:00Z,1.37720,1.37746,1.37695,1.37717,2982
2025-12-12T07:30:00Z,1.37718,1.37718,1.37641,1.37651,3058
2025-12-12T08:00:00Z,1.37651,1.37666,1.37573,1.37578,3610
2025-12-12T08:30:00Z,1.37578,1.37591,1.37547,1.37590,3548
2025-12-12T09:00:00Z,1.37590,1.37629,1.37576,1.37625,3252
2025-12-12T09:30:00Z,1.37626,1.37647,1.37595,1.37604,2822
2025-12-12T10:00:00Z,1.37606,1.37631,1.37576,1.37615,2516
2025-12-12T10:30:00Z,1.37616,1.37632,1.37575,1.37581,2773
2025-12-12T11:00:00Z,1.37580,1.37617,1.37571,1.37609,3390
2025-12-12T11:30:00Z,1.37609,1.37617,1.37554,1.37559,3120
2025-12-12T12:00:00Z,1.37558,1.37659,1.37548,1.37648,2401
2025-12-12T12:30:00Z,1.37647,1.37694,1.37619,1.37622,3258
2025-12-12T13:00:00Z,1.37621,1.37636,1.37538,1.37601,4626
2025-12-12T13:30:00Z,1.37600,1.37627,1.37548,1.37609,4511
2025-12-12T14:00:00Z,1.37608,1.37629,1.37578,1.37578,3259
2025-12-12T14:30:00Z,1.37578,1.37626,1.37529,1.37558,7481
2025-12-12T15:00:00Z,1.37559,1.37785,1.37559,1.37748,5511
2025-12-12T15:30:00Z,1.37747,1.37836,1.37700,1.37808,8583
2025-12-12T16:00:00Z,1.37809,1.37927,1.37793,1.37831,8211
2025-12-12T16:30:00Z,1.37833,1.37944,1.37833,1.37840,5783
2025-12-12T17:00:00Z,1.37841,1.37845,1.37689,1.37704,4235
2025-12-12T17:30:00Z,1.37702,1.37712,1.37644,1.37658,2873
2025-12-12T18:00:00Z,1.37658,1.37664,1.37596,1.37625,2878
2025-12-12T18:30:00Z,1.37624,1.37694,1.37614,1.37685,2600
2025-12-12T19:00:00Z,1.37685,1.37742,1.37685,1.37711,2082
2025-12-12T19:30:00Z,1.37709,1.37734,1.37646,1.37659,2230
2025-12-12T20:00:00Z,1.37660,1.37678,1.37621,1.37670,1537
2025-12-12T20:30:00Z,1.37671,1.37714,1.37651,1.37658,2698
2025-12-12T21:00:00Z,1.37656,1.37678,1.37626,1.37677,853
2025-12-12T21:30:00Z,1.37679,1.37718,1.37645,1.37694,3715
2025-12-14T22:00:00Z,1.37618,1.37670,1.37589,1.37641,710
2025-12-14T22:30:00Z,1.37641,1.37710,1.37620,1.37693,1312
2025-12-14T23:00:00Z,1.37694,1.37731,1.37654,1.37665,1349
2025-12-14T23:30:00Z,1.37664,1.37681,1.37646,1.37678,1000
2025-12-15T00:00:00Z,1.37679,1.37705,1.37655,1.37695,1467
2025-12-15T00:30:00Z,1.37694,1.37709,1.37637,1.37646,2477
2025-12-15T01:00:00Z,1.37646,1.37694,1.37637,1.37658,3238
2025-12-15T01:30:00Z,1.37657,1.37666,1.37599,1.37600,2719
2025-12-15T02:00:00Z,1.37603,1.37675,1.37596,1.37634,2555
2025-12-15T02:30:00Z,1.37634,1.37647,1.37616,1.37636,2739
2025-12-15T03:00:00Z,1.37636,1.37665,1.37606,1.37655,2504
2025-12-15T03:30:00Z,1.37654,1.37693,1.37634,1.37670,2208
2025-12-15T04:00:00Z,1.37668,1.37699,1.37668,1.37675,1808
2025-12-15T04:30:00Z,1.37673,1.37685,1.37643,1.37653,2428
2025-12-15T05:00:00Z,1.37653,1.37666,1.37643,1.37658,2215
2025-12-15T05:30:00Z,1.37657,1.37660,1.37633,1.37644,2041
2025-12-15T06:00:00Z,1.37646,1.37677,1.37637,1.37646,2222
2025-12-15T06:30:00Z,1.37647,1.37678,1.37633,1.37637,1789
2025-12-15T07:00:00Z,1.37637,1.37643,1.37595,1.37612,1942
2025-12-15T07:30:00Z,1.37613,1.37628,1.37595,1.37626,1647
2025-12-15T08:00:00Z,1.37624,1.37673,1.37593,1.37614,1949
2025-12-15T08:30:00Z,1.37615,1.37621,1.37576,1.37607,2659
2025-12-15T09:00:00Z,1.37606,1.37613,1.37572,1.37582,2399
2025-12-15T09:30:00Z,1.37581,1.37664,1.37571,1.37650,1782
2025-12-15T10:00:00Z,1.37651,1.37734,1.37630,1.37731,1835
2025-12-15T10:30:00Z,1.37731,1.37762,1.37722,1.37735,1751
2025-12-15T11:00:00Z,1.37735,1.37764,1.37704,1.37704,1490
2025-12-15T11:30:00Z,1.37703,1.37704,1.37633,1.37653,2484
2025-12-15T12:00:00Z,1.37652,1.37663,1.37623,1.37640,2298
2025-12-15T12:30:00Z,1.37641,1.37655,1.37511,1.37513,2111
2025-12-15T13:00:00Z,1.37512,1.37589,1.37472,1.37578,3769
2025-12-15T13:30:00Z,1.37579,1.37683,1.37579,1.37683,4192
2025-12-15T14:00:00Z,1.37686,1.37716,1.37672,1.37689,3307
2025-12-15T14:30:00Z,1.37688,1.37690,1.37565,1.37570,6665
2025-12-15T15:00:00Z,1.37570,1.37708,1.37561,1.37668,5691
2025-12-15T15:30:00Z,1.37668,1.37719,1.37544,1.37612,4950
2025-12-15T16:00:00Z,1.37612,1.37669,1.37598,1.37669,4011
2025-12-15T16:30:00Z,1.37670,1.37738,1.37642,1.37656,4080
2025-12-15T17:00:00Z,1.37658,1.37713,1.37635,1.37703,3242
2025-12-15T17:30:00Z,1.37703,1.37755,1.37693,1.37746,2795
2025-12-15T18:00:00Z,1.37744,1.37835,1.37729,1.37827,2842
2025-12-15T18:30:00Z,1.37827,1.37880,1.37787,1.37798,3560
2025-12-15T19:00:00Z,1.37803,1.37822,1.37770,1.37782,1823
2025-12-15T19:30:00Z,1.37783,1.37794,1.37711,1.37718,1297
2025-12-15T20:00:00Z,1.37724,1.37747,1.37714,1.37727,2196
2025-12-15T20:30:00Z,1.37728,1.37747,1.37696,1.37698,2120
2025-12-15T21:00:00Z,1.37698,1.37732,1.37666,1.37668,1259
2025-12-15T21:30:00Z,1.37666,1.37731,1.37664,1.37674,2015
2025-12-15T22:00:00Z,1.37648,1.37705,1.37630,1.37688,237
2025-12-15T22:30:00Z,1.37688,1.37695,1.37660,1.37665,795
2025-12-15T23:00:00Z,1.37667,1.37687,1.37654,1.37681,1093
2025-12-15T23:30:00Z,1.37681,1.37701,1.37674,1.37691,1037
2025-12-16T00:00:00Z,1.37690,1.37727,1.37662,1.37720,2759
2025-12-16T00:30:00Z,1.37719,1.37763,1.37714,1.37740,4394
2025-12-16T01:00:00Z,1.37740,1.37767,1.37727,1.37746,3233
2025-12-16T01:30:00Z,1.37747,1.37807,1.37719,1.37776,3793
2025-12-16T02:00:00Z,1.37774,1.37793,1.37712,1.37717,2806
2025-12-16T02:30:00Z,1.37718,1.37741,1.37708,1.37713,3454
2025-12-16T03:00:00Z,1.37713,1.37720,1.37675,1.37709,2434
2025-12-16T03:30:00Z,1.37709,1.37728,1.37691,1.37694,2336
2025-12-16T04:00:00Z,1.37693,1.37698,1.37663,1.37666,2371
2025-12-16T04:30:00Z,1.37666,1.37676,1.37654,1.37671,2455
2025-12-16T05:00:00Z,1.37671,1.37680,1.37644,1.37675,1758
2025-12-16T05:30:00Z,1.37673,1.37698,1.37667,1.37693,3353
2025-12-16T06:00:00Z,1.37693,1.37719,1.37689,1.37701,3000
2025-12-16T06:30:00Z,1.37702,1.37707,1.37644,1.37647,1854
2025-12-16T07:00:00Z,1.37646,1.37705,1.37637,1.37705,2155
2025-12-16T07:30:00Z,1.37705,1.37714,1.37680,1.37698,2627
2025-12-16T08:00:00Z,1.37698,1.37704,1.37634,1.37697,3623
2025-12-16T08:30:00Z,1.37701,1.37744,1.37701,1.37738,3939
2025-12-16T09:00:00Z,1.37737,1.37778,1.37721,1.37750,3623
2025-12-16T09:30:00Z,1.37749,1.37754,1.37684,1.37750,3016
2025-12-16T10:00:00Z,1.37749,1.37778,1.37709,1.37761,1790
2025-12-16T10:30:00Z,1.37760,1.37792,1.37741,1.37764,3200
2025-12-16T11:00:00Z,1.37764,1.37791,1.37763,1.37783,2083
2025-12-16T11:30:00Z,1.37783,1.37795,1.37735,1.37737,2284
2025-12-16T12:00:00Z,1.37737,1.37737,1.37656,1.37664,3160
2025-12-16T12:30:00Z,1.37663,1.37700,1.37594,1.37595,3120
2025-12-16T13:00:00Z,1.37594,1.37641,1.37505,1.37510,4807
2025-12-16T13:30:00Z,1.37510,1.37612,1.37373,1.37532,8965
2025-12-16T14:00:00Z,1.37531,1.37538,1.37335,1.37339,6945
2025-12-16T14:30:00Z,1.37339,1.37386,1.37298,1.37361,6577
2025-12-16T15:00:00Z,1.37361,1.37633,1.37349,1.37572,6611
2025-12-16T15:30:00Z,1.37571,1.37598,1.37467,1.37474,8391
2025-12-16T16:00:00Z,1.37473,1.37534,1.37448,1.37449,5378
2025-12-16T16:30:00Z,1.37446,1.37552,1.37446,1.37500,3002
2025-12-16T17:00:00Z,1.37498,1.37499,1.37388,1.37432,2916
2025-12-16T17:30:00Z,1.37432,1.37478,1.37356,1.37456,3362
2025-12-16T18:00:00Z,1.37455,1.37570,1.37452,1.37556,3174
2025-12-16T18:30:00Z,1.37555,1.37560,1.37370,1.37416,3780
2025-12-16T19:00:00Z,1.37418,1.37618,1.37410,1.37505,3378
2025-12-16T19:30:00Z,1.37506,1.37515,1.37415,1.37451,2727
2025-12-16T20:00:00Z,1.37453,1.37500,1.37420,1.37486,2462
2025-12-16T20:30:00Z,1.37486,1.37561,1.37437,1.37553,4362
2025-12-16T21:00:00Z,1.37555,1.37604,1.37547,1.37586,986
2025-12-16T21:30:00Z,1.37585,1.37594,1.37493,1.37518,1489
2025-12-16T22:00:00Z,1.37502,1.37550,1.37412,1.37525,481
2025-12-16T22:30:00Z,1.37524,1.37562,1.37505,1.37537,2048
2025-12-16T23:00:00Z,1.37537,1.37554,1.37519,1.37529,1359
2025-12-16T23:30:00Z,1.37529,1.37562,1.37522,1.37550,1330
2025-12-17T00:00:00Z,1.37551,1.37595,1.37550,1.37594,1930
2025-12-17T00:30:00Z,1.37594,1.37636,1.37589,1.37634,3104
2025-12-17T01:00:00Z,1.37634,1.37634,1.37595,1.37597,3239
2025-12-17T01:30:00Z,1.37596,1.37626,1.37584,1.37589,4233
2025-12-17T02:00:00Z,1.37588,1.37685,1.37585,1.37656,3630
2025-12-17T02:30:00Z,1.37654,1.37696,1.37654,1.37679,1843
2025-12-17T03:00:00Z,1.37678,1.37707,1.37664,1.37671,2102
2025-12-17T03:30:00Z,1.37671,1.37672,1.37638,1.37661,2080
2025-12-17T04:00:00Z,1.37660,1.37731,1.37660,1.37720,1667
2025-12-17T04:30:00Z,1.37720,1.37757,1.37718,1.37751,2193
2025-12-17T05:00:00Z,1.37749,1.37765,1.37718,1.37761,1977
2025-12-17T05:30:00Z,1.37762,1.37772,1.37733,1.37743,2027
2025-12-17T06:00:00Z,1.37743,1.37787,1.37723,1.37778,2529
2025-12-17T06:30:00Z,1.37777,1.37805,1.37752,1.37798,1719
2025-12-17T07:00:00Z,1.37799,1.37836,1.37764,1.37816,2477
2025-12-17T07:30:00Z,1.37815,1.37831,1.37756,1.37801,2072
2025-12-17T08:00:00Z,1.37802,1.37851,1.37782,1.37794,3841
2025-12-17T08:30:00Z,1.37793,1.37805,1.37733,1.37748,3573
2025-12-17T09:00:00Z,1.37747,1.37753,1.37710,1.37718,3219
2025-12-17T09:30:00Z,1.37717,1.37766,1.37712,1.37765,2605
2025-12-17T10:00:00Z,1.37765,1.37789,1.37735,1.37785,1878
2025-12-17T10:30:00Z,1.37785,1.37842,1.37776,1.37826,1771
2025-12-17T11:00:00Z,1.37824,1.37914,1.37813,1.37898,2071
2025-12-17T11:30:00Z,1.37899,1.37954,1.37863,1.37900,3366
2025-12-17T12:00:00Z,1.37900,1.37911,1.37854,1.37864,3247
2025-12-17T12:30:00Z,1.37863,1.37898,1.37838,1.37842,3173
2025-12-17T13:00:00Z,1.37842,1.37915,1.37793,1.37811,4801
2025-12-17T13:30:00Z,1.37812,1.37853,1.37761,1.37768,3794
2025-12-17T14:00:00Z,1.37768,1.37803,1.37703,1.37802,4764
2025-12-17T14:30:00Z,1.37802,1.37806,1.37690,1.37719,5723
2025-12-17T15:00:00Z,1.37718,1.37739,1.37658,1.37671,5735
2025-12-17T15:30:00Z,1.37671,1.37844,1.37617,1.37800,6458
2025-12-17T16:00:00Z,1.37802,1.37830,1.37735,1.37817,4535
2025-12-17T16:30:00Z,1.37820,1.37978,1.37819,1.37937,5294
2025-12-17T17:00:00Z,1.37939,1.37941,1.37832,1.37869,3908
2025-12-17T17:30:00Z,1.37871,1.37871,1.37821,1.37827,3364
2025-12-17T18:00:00Z,1.37828,1.37893,1.37781,1.37893,3035
2025-12-17T18:30:00Z,1.37893,1.37920,1.37857,1.37897,2898
2025-12-17T19:00:00Z,1.37897,1.37900,1.37843,1.37871,1806
2025-12-17T19:30:00Z,1.37871,1.37913,1.37860,1.37887,1846
2025-12-17T20:00:00Z,1.37890,1.37893,1.37829,1.37839,2229
2025-12-17T20:30:00Z,1.37839,1.37847,1.37752,1.37825,1864
2025-12-17T21:00:00Z,1.37825,1.37859,1.37808,1.37826,798
2025-12-17T21:30:00Z,1.37825,1.37884,1.37819,1.37865,1194
2025-12-17T22:00:00Z,1.37838,1.37864,1.37753,1.37839,318
2025-12-17T22:30:00Z,1.37833,1.37876,1.37830,1.37834,1039
2025-12-17T23:00:00Z,1.37833,1.37854,1.37821,1.37823,975
2025-12-17T23:30:00Z,1.37823,1.37847,1.37814,1.37832,876
2025-12-18T00:00:00Z,1.37833,1.37859,1.37832,1.37846,1507
2025-12-18T00:30:00Z,1.37846,1.37854,1.37822,1.37826,2061
2025-12-18T01:00:00Z,1.37827,1.37839,1.37779,1.37817,2148
2025-12-18T01:30:00Z,1.37817,1.37885,1.37795,1.37860,3144
2025-12-18T02:00:00Z,1.37859,1.37859,1.37810,1.37830,2412
2025-12-18T02:30:00Z,1.37829,1.37879,1.37823,1.37857,1885
2025-12-18T03:00:00Z,1.37858,1.37869,1.37828,1.37859,1308
2025-12-18T03:30:00Z,1.37860,1.37868,1.37844,1.37856,2049
2025-12-18T04:00:00Z,1.37858,1.37862,1.37826,1.37840,1465
2025-12-18T04:30:00Z,1.37841,1.37843,1.37791,1.37792,1541
2025-12-18T05:00:00Z,1.37792,1.37809,1.37771,1.37786,1553
2025-12-18T05:30:00Z,1.37786,1.37800,1.37763,1.37767,1843
2025-12-18T06:00:00Z,1.37767,1.37798,1.37733,1.37768,2201
2025-12-18T06:30:00Z,1.37768,1.37778,1.37715,1.37724,2566
2025-12-18T07:00:00Z,1.37723,1.37731,1.37677,1.37701,2393
2025-12-18T07:30:00Z,1.37702,1.37734,1.37693,1.37722,2188
2025-12-18T08:00:00Z,1.37722,1.37813,1.37718,1.37796,2531
2025-12-18T08:30:00Z,1.37797,1.37812,1.37744,1.37746,2785
2025-12-18T09:00:00Z,1.37745,1.37831,1.37744,1.37809,2547
2025-12-18T09:30:00Z,1.37809,1.37826,1.37779,1.37815,2607
2025-12-18T10:00:00Z,1.37816,1.37823,1.37780,1.37788,1938
2025-12-18T10:30:00Z,1.37788,1.37805,1.37757,1.37788,1494
2025-12-18T11:00:00Z,1.37788,1.37858,1.37774,1.37853,1913
2025-12-18T11:30:00Z,1.37855,1.37876,1.37795,1.37819,1593
2025-12-18T12:00:00Z,1.37824,1.37903,1.37800,1.37891,3223
2025-12-18T12:30:00Z,1.37891,1.37935,1.37886,1.37918,2257
2025-12-18T13:00:00Z,1.37917,1.37955,1.37808,1.37844,4614
2025-12-18T13:30:00Z,1.37841,1.37842,1.37617,1.37763,9226
2025-12-18T14:00:00Z,1.37766,1.37793,1.37673,1.37777,7523
2025-12-18T14:30:00Z,1.37776,1.37808,1.37717,1.37764,7132
2025-12-18T15:00:00Z,1.37764,1.37807,1.37691,1.37749,6220
2025-12-18T15:30:00Z,1.37750,1.37785,1.37646,1.37657,6922
2025-12-18T16:00:00Z,1.37657,1.37671,1.37556,1.37617,4144
2025-12-18T16:30:00Z,1.37618,1.37678,1.37596,1.37626,3947
2025-12-18T17:00:00Z,1.37627,1.37805,1.37611,1.37769,4509
2025-12-18T17:30:00Z,1.37769,1.37784,1.37676,1.37719,3273
2025-12-18T18:00:00Z,1.37717,1.37753,1.37677,1.37718,3321
2025-12-18T18:30:00Z,1.37717,1.37768,1.37656,1.37758,3708
2025-12-18T19:00:00Z,1.37758,1.37787,1.37735,1.37766,3190
2025-12-18T19:30:00Z,1.37764,1.37824,1.37739,1.37801,2671
2025-12-18T20:00:00Z,1.37802,1.37818,1.37770,1.37793,2789
2025-12-18T20:30:00Z,1.37795,1.37832,1.37773,1.37796,3367
2025-12-18T21:00:00Z,1.37798,1.37824,1.37757,1.37760,1352
2025-12-18T21:30:00Z,1.37759,1.37835,1.37732,1.37732,1469
2025-12-18T22:00:00Z,1.37732,1.37787,1.37690,1.37770,732
2025-12-18T22:30:00Z,1.37771,1.37776,1.37747,1.37757,946
2025-12-18T23:00:00Z,1.37749,1.37775,1.37711,1.37749,1215
2025-12-18T23:30:00Z,1.37750,1.37792,1.37741,1.37770,910
2025-12-19T00:00:00Z,1.37770,1.37776,1.37750,1.37756,1757
2025-12-19T00:30:00Z,1.37755,1.37772,1.37713,1.37715,2294
2025-12-19T01:00:00Z,1.37714,1.37767,1.37694,1.37762,2595
2025-12-19T01:30:00Z,1.37763,1.37805,1.37753,1.37779,3270
2025-12-19T02:00:00Z,1.37780,1.37796,1.37748,1.37786,2304
2025-12-19T02:30:00Z,1.37787,1.37837,1.37785,1.37831,2048
2025-12-19T03:00:00Z,1.37833,1.37858,1.37805,1.37819,3137
2025-12-19T03:30:00Z,1.37821,1.37839,1.37811,1.37828,2522
2025-12-19T04:00:00Z,1.37828,1.37871,1.37820,1.37868,1518
2025-12-19T04:30:00Z,1.37869,1.37884,1.37850,1.37862,1304
2025-12-19T05:00:00Z,1.37861,1.37884,1.37844,1.37869,1215
2025-12-19T05:30:00Z,1.37869,1.37886,1.37865,1.37880,1419
2025-12-19T06:00:00Z,1.37880,1.37895,1.37873,1.37894,1615
2025-12-19T06:30:00Z,1.37893,1.37941,1.37889,1.37910,3071
2025-12-19T07:00:00Z,1.37910,1.37916,1.37869,1.37901,2984
2025-12-19T07:30:00Z,1.37902,1.37962,1.37876,1.37946,2485
2025-12-19T08:00:00Z,1.37945,1.37945,1.37863,1.37901,2929
2025-12-19T08:30:00Z,1.37901,1.37934,1.37855,1.37881,2735
2025-12-19T09:00:00Z,1.37884,1.37936,1.37866,1.37936,1854
2025-12-19T09:30:00Z,1.37936,1.37966,1.37931,1.37938,2794
2025-12-19T10:00:00Z,1.37937,1.37969,1.37909,1.37933,1685
2025-12-19T10:30:00Z,1.37932,1.37960,1.37926,1.37927,1412
2025-12-19T11:00:00Z,1.37926,1.37994,1.37921,1.37974,1503
2025-12-19T11:30:00Z,1.37974,1.38005,1.37951,1.37961,2484
2025-12-19T12:00:00Z,1.37961,1.37990,1.37929,1.37950,2075
2025-12-19T12:30:00Z,1.37951,1.37961,1.37833,1.37921,2751
2025-12-19T13:00:00Z,1.37921,1.37951,1.37836,1.37837,3019
2025-12-19T13:30:00Z,1.37836,1.37908,1.37799,1.37816,3241
2025-12-19T14:00:00Z,1.37817,1.37817,1.37726,1.37756,2476
2025-12-19T14:30:00Z,1.37757,1.37766,1.37546,1.37594,4991
2025-12-19T15:00:00Z,1.37592,1.37753,1.37573,1.37727,3798
2025-12-19T15:30:00Z,1.37726,1.37863,1.37719,1.37841,4814
2025-12-19T16:00:00Z,1.37841,1.37876,1.37731,1.37771,3302
2025-12-19T16:30:00Z,1.37770,1.37838,1.37756,1.37802,2228
2025-12-19T17:00:00Z,1.37802,1.37856,1.37791,1.37839,2137
2025-12-19T17:30:00Z,1.37841,1.37842,1.37744,1.37788,1729
2025-12-19T18:00:00Z,1.37790,1.37802,1.37728,1.37753,1429
2025-12-19T18:30:00Z,1.37749,1.37819,1.37745,1.37810,2740
2025-12-19T19:00:00Z,1.37814,1.37850,1.37800,1.37826,2283
2025-12-19T19:30:00Z,1.37828,1.37865,1.37818,1.37858,1806
2025-12-19T20:00:00Z,1.37860,1.37920,1.37852,1.37916,1199
2025-12-19T20:30:00Z,1.37916,1.38054,1.37914,1.37992,1842
2025-12-19T21:00:00Z,1.37992,1.38033,1.37966,1.37972,791
2025-12-19T21:30:00Z,1.37972,1.38053,1.37921,1.38000,3131
2025-12-21T22:00:00Z,1.37796,1.38029,1.37796,1.38027,257
2025-12-21T22:30:00Z,1.38027,1.38031,1.37938,1.37975,2541
2025-12-21T23:00:00Z,1.37968,1.37979,1.37887,1.37925,1847
2025-12-21T23:30:00Z,1.37925,1.37958,1.37901,1.37903,2045
2025-12-22T00:00:00Z,1.37902,1.37945,1.37893,1.37945,2924
2025-12-22T00:30:00Z,1.37944,1.37976,1.37912,1.37937,3631
2025-12-22T01:00:00Z,1.37935,1.37968,1.37903,1.37953,6666
2025-12-22T01:30:00Z,1.37956,1.38004,1.37933,1.37981,5028
2025-12-22T02:00:00Z,1.37981,1.37982,1.37947,1.37949,1294
2025-12-22T02:30:00Z,1.37950,1.37975,1.37929,1.37958,2067
2025-12-22T03:00:00Z,1.37958,1.37979,1.37936,1.37973,1671
2025-12-22T03:30:00Z,1.37971,1.37981,1.37949,1.37979,1738
2025-12-22T04:00:00Z,1.37978,1.37979,1.37945,1.37960,1934
2025-12-22T04:30:00Z,1.37959,1.37960,1.37919,1.37934,948
2025-12-22T05:00:00Z,1.37939,1.37941,1.37925,1.37936,1192
2025-12-22T05:30:00Z,1.37935,1.37943,1.37915,1.37917,1431
2025-12-22T06:00:00Z,1.37917,1.37942,1.37907,1.37930,1395
2025-12-22T06:30:00Z,1.37929,1.37955,1.37927,1.37939,858
2025-12-22T07:00:00Z,1.37939,1.37940,1.37842,1.37873,1738
2025-12-22T07:30:00Z,1.37873,1.37875,1.37801,1.37813,1711
2025-12-22T08:00:00Z,1.37813,1.37840,1.37776,1.37810,2947
2025-12-22T08:30:00Z,1.37811,1.37838,1.37762,1.37769,2725
2025-12-22T09:00:00Z,1.37767,1.37789,1.37726,1.37739,3222
2025-12-22T09:30:00Z,1.37739,1.37744,1.37692,1.37708,2880
2025-12-22T10:00:00Z,1.37708,1.37721,1.37677,1.37683,2816
2025-12-22T10:30:00Z,1.37681,1.37700,1.37662,1.37675,2704
2025-12-22T11:00:00Z,1.37676,1.37687,1.37647,1.37685,2171
2025-12-22T11:30:00Z,1.37684,1.37697,1.37652,1.37664,2804
2025-12-22T12:00:00Z,1.37664,1.37730,1.37644,1.37727,3302
2025-12-22T12:30:00Z,1.37727,1.37730,1.37650,1.37672,2653
2025-12-22T13:00:00Z,1.37673,1.37685,1.37604,1.37649,4252
2025-12-22T13:30:00Z,1.37648,1.37661,1.37545,1.37548,4888
2025-12-22T14:00:00Z,1.37548,1.37638,1.37537,1.37564,3936
2025-12-22T14:30:00Z,1.37566,1.37613,1.37425,1.37448,8675
2025-12-22T15:00:00Z,1.37447,1.37483,1.37407,1.37447,6743
2025-12-22T15:30:00Z,1.37446,1.37462,1.37394,1.37416,4532
2025-12-22T16:00:00Z,1.37419,1.37439,1.37354,1.37411,4129
2025-12-22T16:30:00Z,1.37410,1.37457,1.37382,1.37451,3028
2025-12-22T17:00:00Z,1.37451,1.37468,1.37417,1.37436,1616
2025-12-22T17:30:00Z,1.37435,1.37447,1.37359,1.37377,2352
2025-12-22T18:00:00Z,1.37379,1.37411,1.37365,1.37382,2125
2025-12-22T18:30:00Z,1.37381,1.37435,1.37353,1.37428,1720
2025-12-22T19:00:00Z,1.37427,1.37473,1.37419,1.37458,1828
2025-12-22T19:30:00Z,1.37456,1.37482,1.37445,1.37467,1443
2025-12-22T20:00:00Z,1.37469,1.37495,1.37449,1.37469,1474
2025-12-22T20:30:00Z,1.37469,1.37534,1.37467,1.37524,1364
2025-12-22T21:00:00Z,1.37526,1.37529,1.37431,1.37439,1179
2025-12-22T21:30:00Z,1.37440,1.37470,1.37418,1.37462,1496
2025-12-22T22:00:00Z,1.37452,1.37477,1.37445,1.37460,870
2025-12-22T22:30:00Z,1.37462,1.37500,1.37461,1.37484,500
2025-12-22T23:00:00Z,1.37489,1.37491,1.37432,1.37480,1833
2025-12-22T23:30:00Z,1.37480,1.37492,1.37478,1.37491,648
2025-12-23T00:00:00Z,1.37491,1.37491,1.37418,1.37420,1461
2025-12-23T00:30:00Z,1.37421,1.37462,1.37421,1.37443,1775
2025-12-23T01:00:00Z,1.37442,1.37449,1.37418,1.37444,2025
2025-12-23T01:30:00Z,1.37444,1.37446,1.37386,1.37402,2381
2025-12-23T02:00:00Z,1.37403,1.37403,1.37358,1.37365,2154
2025-12-23T02:30:00Z,1.37364,1.37364,1.37338,1.37352,1771
2025-12-23T03:00:00Z,1.37351,1.37395,1.37340,1.37370,2229
2025-12-23T03:30:00Z,1.37369,1.37370,1.37332,1.37335,1743
2025-12-23T04:00:00Z,1.37334,1.37355,1.37328,1.37354,2001
2025-12-23T04:30:00Z,1.37355,1.37377,1.37346,1.37365,1603
2025-12-23T05:00:00Z,1.37366,1.37377,1.37348,1.37369,2044
2025-12-23T05:30:00Z,1.37372,1.37392,1.37353,1.37392,2508
2025-12-23T06:00:00Z,1.37390,1.37406,1.37370,1.37401,1576
2025-12-23T06:30:00Z,1.37400,1.37427,1.37383,1.37410,1218
2025-12-23T07:00:00Z,1.37409,1.37419,1.37337,1.37366,2079
2025-12-23T07:30:00Z,1.37367,1.37370,1.37319,1.37346,1723
2025-12-23T08:00:00Z,1.37345,1.37354,1.37266,1.37274,3194
2025-12-23T08:30:00Z,1.37274,1.37290,1.37203,1.37204,1966
2025-12-23T09:00:00Z,1.37203,1.37203,1.37082,1.37138,3879
2025-12-23T09:30:00Z,1.37136,1.37144,1.37045,1.37046,2262
2025-12-23T10:00:00Z,1.37046,1.37055,1.37012,1.37033,1891
2025-12-23T10:30:00Z,1.37033,1.37068,1.36974,1.36983,1462
2025-12-23T11:00:00Z,1.36981,1.37055,1.36963,1.37041,1459
2025-12-23T11:30:00Z,1.37041,1.37107,1.37030,1.37082,1725
2025-12-23T12:00:00Z,1.37082,1.37093,1.37020,1.37036,1824
2025-12-23T12:30:00Z,1.37035,1.37036,1.36983,1.37002,2782
2025-12-23T13:00:00Z,1.37001,1.37011,1.36893,1.36940,3915
2025-12-23T13:30:00Z,1.36938,1.37011,1.36878,1.36983,6793
2025-12-23T14:00:00Z,1.36984,1.37159,1.36956,1.37111,6604
2025-12-23T14:30:00Z,1.37111,1.37204,1.37092,1.37190,8048
2025-12-23T15:00:00Z,1.37190,1.37266,1.37115,1.37170,7217
2025-12-23T15:30:00Z,1.37171,1.37236,1.37069,1.37099,7430
2025-12-23T16:00:00Z,1.37099,1.37162,1.37088,1.37151,4529
2025-12-23T16:30:00Z,1.37152,1.37162,1.37057,1.37124,4115
2025-12-23T17:00:00Z,1.37124,1.37135,1.37000,1.37070,3814
2025-12-23T17:30:00Z,1.37070,1.37141,1.37066,1.37087,2503
2025-12-23T18:00:00Z,1.37088,1.37128,1.37029,1.37046,3346
2025-12-23T18:30:00Z,1.37043,1.37049,1.36940,1.36945,2089
2025-12-23T19:00:00Z,1.36945,1.36951,1.36897,1.36929,2503
2025-12-23T19:30:00Z,1.36929,1.36950,1.36908,1.36935,1806
2025-12-23T20:00:00Z,1.36936,1.36977,1.36935,1.36951,1949
2025-12-23T20:30:00Z,1.36950,1.36955,1.36906,1.36924,1290
2025-12-23T21:00:00Z,1.36923,1.36934,1.36885,1.36888,828
2025-12-23T21:30:00Z,1.36888,1.36919,1.36853,1.36860,1470
2025-12-23T22:00:00Z,1.36848,1.36888,1.36836,1.36884,522
2025-12-23T22:30:00Z,1.36883,1.36894,1.36876,1.36891,308
2025-12-23T23:00:00Z,1.36891,1.36896,1.36865,1.36874,2974
2025-12-23T23:30:00Z,1.36874,1.36895,1.36849,1.36853,678
2025-12-24T00:00:00Z,1.36847,1.36888,1.36837,1.36874,1328
2025-12-24T00:30:00Z,1.36874,1.36884,1.36849,1.36855,1907
2025-12-24T01:00:00Z,1.36855,1.36879,1.36813,1.36817,2040
2025-12-24T01:30:00Z,1.36818,1.36828,1.36767,1.36769,2666
2025-12-24T02:00:00Z,1.36768,1.36777,1.36743,1.36776,2305
2025-12-24T02:30:00Z,1.36777,1.36802,1.36756,1.36784,1377
2025-12-24T03:00:00Z,1.36783,1.36794,1.36765,1.36779,1834
2025-12-24T03:30:00Z,1.36780,1.36810,1.36776,1.36802,1366
2025-12-24T04:00:00Z,1.36801,1.36822,1.36799,1.36808,1830
2025-12-24T04:30:00Z,1.36809,1.36837,1.36787,1.36834,1452
2025-12-24T05:00:00Z,1.36833,1.36833,1.36797,1.36802,1015
2025-12-24T05:30:00Z,1.36801,1.36814,1.36777,1.36797,1418
2025-12-24T06:00:00Z,1.36794,1.36798,1.36763,1.36772,2258
2025-12-24T06:30:00Z,1.36773,1.36789,1.36751,1.36786,1616
2025-12-24T07:00:00Z,1.36786,1.36808,1.36759,1.36778,1607
2025-12-24T07:30:00Z,1.36779,1.36840,1.36773,1.36832,1479
2025-12-24T08:00:00Z,1.36833,1.36878,1.36819,1.36840,2733
2025-12-24T08:30:00Z,1.36840,1.36844,1.36782,1.36782,1846
2025-12-24T09:00:00Z,1.36782,1.36787,1.36720,1.36751,2645
2025-12-24T09:30:00Z,1.36750,1.36753,1.36726,1.36739,2179
2025-12-24T10:00:00Z,1.36740,1.36766,1.36726,1.36737,1778
2025-12-24T10:30:00Z,1.36737,1.36749,1.36716,1.36718,1846
2025-12-24T11:00:00Z,1.36718,1.36732,1.36713,1.36725,2202
2025-12-24T11:30:00Z,1.36728,1.36735,1.36683,1.36686,2161
2025-12-24T12:00:00Z,1.36688,1.36740,1.36657,1.36734,2152
2025-12-24T12:30:00Z,1.36735,1.36815,1.36721,1.36800,3263
2025-12-24T13:00:00Z,1.36800,1.36835,1.36791,1.36817,5153
2025-12-24T13:30:00Z,1.36808,1.36849,1.36734,1.36745,3634
2025-12-24T14:00:00Z,1.36745,1.36756,1.36698,1.36717,3221
2025-12-24T14:30:00Z,1.36718,1.36783,1.36646,1.36730,5432
2025-12-24T15:00:00Z,1.36730,1.36768,1.36665,1.36694,5348
2025-12-24T15:30:00Z,1.36695,1.36743,1.36660,1.36675,4612
2025-12-24T16:00:00Z,1.36675,1.36788,1.36650,1.36772,4286
2025-12-24T16:30:00Z,1.36772,1.36782,1.36719,1.36728,2127
2025-12-24T17:00:00Z,1.36729,1.36798,1.36705,1.36775,2105
2025-12-24T17:30:00Z,1.36775,1.36793,1.36688,1.36706,2594
2025-12-24T18:00:00Z,1.36708,1.36760,1.36707,1.36711,2530
2025-12-24T18:30:00Z,1.36711,1.36715,1.36667,1.36702,2270
2025-12-24T19:00:00Z,1.36701,1.36708,1.36683,1.36705,934
2025-12-24T19:30:00Z,1.36703,1.36752,1.36703,1.36752,824
2025-12-24T20:00:00Z,1.36753,1.36758,1.36731,1.36753,1289
2025-12-24T20:30:00Z,1.36753,1.36764,1.36719,1.36730,1084
2025-12-24T21:00:00Z,1.36729,1.36762,1.36715,1.36732,1545
2025-12-24T21:30:00Z,1.36731,1.36736,1.36698,1.36710,515
2025-12-24T22:00:00Z,1.36610,1.36648,1.36610,1.36633,18
2025-12-24T22:30:00Z,1.36635,1.36638,1.36633,1.36638,17
2025-12-24T23:00:00Z,1.36637,1.36649,1.36637,1.36649,33
2025-12-24T23:30:00Z,1.36651,1.36667,1.36651,1.36667,13
2025-12-25T00:00:00Z,1.36667,1.36686,1.36654,1.36677,33
2025-12-25T00:30:00Z,1.36685,1.36685,1.36629,1.36659,41
2025-12-25T01:00:00Z,1.36657,1.36658,1.36651,1.36656,26
2025-12-25T01:30:00Z,1.36655,1.36662,1.36653,1.36654,25
2025-12-25T02:00:00Z,1.36655,1.36665,1.36655,1.36663,26
2025-12-25T02:30:00Z,1.36664,1.36664,1.36655,1.36660,26
2025-12-25T03:00:00Z,1.36660,1.36663,1.36658,1.36663,35
2025-12-25T03:30:00Z,1.36664,1.36666,1.36661,1.36662,15
2025-12-25T04:00:00Z,1.36663,1.36668,1.36662,1.36668,10
2025-12-25T04:30:00Z,1.36661,1.36668,1.36661,1.36662,10
2025-12-25T05:00:00Z,1.36663,1.36669,1.36662,1.36669,13
2025-12-25T05:30:00Z,1.36668,1.36668,1.36656,1.36657,25
2025-12-25T06:00:00Z,1.36658,1.36821,1.36652,1.36682,83
2025-12-25T06:30:00Z,1.36683,1.36726,1.36628,1.36629,26
2025-12-25T07:00:00Z,1.36653,1.36653,1.36629,1.36629,2
2025-12-25T22:00:00Z,1.36642,1.36728,1.36606,1.36705,92
2025-12-25T22:30:00Z,1.36732,1.36769,1.36717,1.36722,982
2025-12-25T23:00:00Z,1.36722,1.36742,1.36692,1.36717,4015
2025-12-25T23:30:00Z,1.36721,1.36750,1.36708,1.36734,2657
2025-12-26T00:00:00Z,1.36732,1.36752,1.36694,1.36702,1919
2025-12-26T00:30:00Z,1.36700,1.36728,1.36694,1.36719,3786
2025-12-26T01:00:00Z,1.36717,1.36724,1.36689,1.36707,4566
2025-12-26T01:30:00Z,1.36706,1.36761,1.36696,1.36752,3496
2025-12-26T02:00:00Z,1.36750,1.36759,1.36720,1.36734,3900
2025-12-26T02:30:00Z,1.36733,1.36736,1.36695,1.36713,4699
2025-12-26T03:00:00Z,1.36714,1.36780,1.36708,1.36762,3509
2025-12-26T03:30:00Z,1.36764,1.36794,1.36745,1.36787,2764
2025-12-26T04:00:00Z,1.36788,1.36808,1.36779,1.36803,1681
2025-12-26T04:30:00Z,1.36803,1.36814,1.36788,1.36791,2082
2025-12-26T05:00:00Z,1.36791,1.36813,1.36787,1.36801,1094
2025-12-26T05:30:00Z,1.36802,1.36804,1.36740,1.36750,2140
2025-12-26T06:00:00Z,1.36751,1.36756,1.36705,1.36707,5342
2025-12-26T06:30:00Z,1.36705,1.36747,1.36693,1.36723,2746
2025-12-26T07:00:00Z,1.36722,1.36741,1.36653,1.36681,4506
2025-12-26T07:30:00Z,1.36684,1.36760,1.36669,1.36757,3440
2025-12-26T08:00:00Z,1.36759,1.36801,1.36745,1.36757,2103
2025-12-26T08:30:00Z,1.36757,1.36776,1.36716,1.36723,1504
2025-12-26T09:00:00Z,1.36724,1.36799,1.36720,1.36792,1267
2025-12-26T09:30:00Z,1.36793,1.36819,1.36783,1.36819,1045
2025-12-26T10:00:00Z,1.36820,1.36834,1.36783,1.36806,1580
2025-12-26T10:30:00Z,1.36805,1.36846,1.36793,1.36830,1219
2025-12-26T11:00:00Z,1.36828,1.36830,1.36781,1.36799,1278
2025-12-26T11:30:00Z,1.36799,1.36822,1.36781,1.36795,1271
2025-12-26T12:00:00Z,1.36795,1.36846,1.36783,1.36843,1284
2025-12-26T12:30:00Z,1.36842,1.36843,1.36804,1.36824,1386
2025-12-26T13:00:00Z,1.36822,1.36823,1.36683,1.36683,3659
2025-12-26T13:30:00Z,1.36683,1.36683,1.36487,1.36541,3666
2025-12-26T14:00:00Z,1.36541,1.36541,1.36473,1.36509,2467
2025-12-26T14:30:00Z,1.36509,1.36554,1.36447,1.36524,4242
2025-12-26T15:00:00Z,1.36523,1.36531,1.36420,1.36441,3106
2025-12-26T15:30:00Z,1.36438,1.36583,1.36432,1.36569,4802
2025-12-26T16:00:00Z,1.36569,1.36725,1.36540,1.36696,5349
2025-12-26T16:30:00Z,1.36696,1.36716,1.36638,1.36647,4259
2025-12-26T17:00:00Z,1.36647,1.36699,1.36627,1.36680,3589
2025-12-26T17:30:00Z,1.36679,1.36718,1.36666,1.36679,3622
2025-12-26T18:00:00Z,1.36679,1.36712,1.36659,1.36696,5177
2025-12-26T18:30:00Z,1.36696,1.36718,1.36686,1.36699,3945
2025-12-26T19:00:00Z,1.36700,1.36740,1.36685,1.36724,2605
2025-12-26T19:30:00Z,1.36724,1.36743,1.36698,1.36711,3339
2025-12-26T20:00:00Z,1.36709,1.36709,1.36667,1.36696,2570
2025-12-26T20:30:00Z,1.36694,1.36718,1.36675,1.36690,2821
2025-12-26T21:00:00Z,1.36689,1.36711,1.36676,1.36707,1679
2025-12-26T21:30:00Z,1.36708,1.36753,1.36692,1.36717,5069
2025-12-28T22:00:00Z,1.36592,1.36740,1.36509,1.36724,981
2025-12-28T22:30:00Z,1.36725,1.36764,1.36706,1.36714,788
2025-12-28T23:00:00Z,1.36714,1.36714,1.36621,1.36671,1612
2025-12-28T23:30:00Z,1.36671,1.36695,1.36665,1.36684,1039
2025-12-29T00:00:00Z,1.36684,1.36734,1.36673,1.36699,1905
2025-12-29T00:30:00Z,1.36698,1.36713,1.36655,1.36674,1423
2025-12-29T01:00:00Z,1.36674,1.36691,1.36618,1.36644,1698
2025-12-29T01:30:00Z,1.36645,1.36669,1.36617,1.36618,1448
2025-12-29T02:00:00Z,1.36618,1.36675,1.36594,1.36666,2599
2025-12-29T02:30:00Z,1.36665,1.36668,1.36621,1.36630,1770
2025-12-29T03:00:00Z,1.36630,1.36641,1.36587,1.36616,1793
2025-12-29T03:30:00Z,1.36616,1.36624,1.36569,1.36597,1677
2025-12-29T04:00:00Z,1.36597,1.36642,1.36595,1.36627,1333
2025-12-29T04:30:00Z,1.36626,1.36664,1.36622,1.36661,1423
2025-12-29T05:00:00Z,1.36662,1.36723,1.36662,1.36706,1732
2025-12-29T05:30:00Z,1.36707,1.36732,1.36687,1.36730,1950
2025-12-29T06:00:00Z,1.36731,1.36750,1.36708,1.36737,2086
2025-12-29T06:30:00Z,1.36738,1.36817,1.36734,1.36794,2014
2025-12-29T07:00:00Z,1.36790,1.36837,1.36763,1.36788,3004
2025-12-29T07:30:00Z,1.36786,1.36873,1.36773,1.36867,2469
2025-12-29T08:00:00Z,1.36867,1.36961,1.36822,1.36837,3924
2025-12-29T08:30:00Z,1.36835,1.36890,1.36791,1.36834,3375
2025-12-29T09:00:00Z,1.36835,1.36897,1.36798,1.36811,3339
2025-12-29T09:30:00Z,1.36812,1.36888,1.36762,1.36872,2083
2025-12-29T10:00:00Z,1.36872,1.36877,1.36799,1.36842,1579
2025-12-29T10:30:00Z,1.36841,1.36896,1.36815,1.36896,1664
2025-12-29T11:00:00Z,1.36897,1.36947,1.36894,1.36931,1393
2025-12-29T11:30:00Z,1.36930,1.36946,1.36891,1.36943,1392
2025-12-29T12:00:00Z,1.36942,1.37000,1.36925,1.36987,1665
2025-12-29T12:30:00Z,1.36987,1.37007,1.36947,1.36947,1982
2025-12-29T13:00:00Z,1.36947,1.36958,1.36840,1.36856,2691
2025-12-29T13:30:00Z,1.36857,1.36873,1.36801,1.36868,2727
2025-12-29T14:00:00Z,1.36868,1.36968,1.36781,1.36789,2907
2025-12-29T14:30:00Z,1.36790,1.36799,1.36628,1.36773,5125
2025-12-29T15:00:00Z,1.36773,1.36979,1.36757,1.36906,5056
2025-12-29T15:30:00Z,1.36911,1.36950,1.36693,1.36694,5863
2025-12-29T16:00:00Z,1.36695,1.36752,1.36649,1.36741,4148
2025-12-29T16:30:00Z,1.36742,1.36837,1.36724,1.36817,3644
2025-12-29T17:00:00Z,1.36817,1.36906,1.36807,1.36866,2723
2025-12-29T17:30:00Z,1.36866,1.36938,1.36861,1.36904,1904
2025-12-29T18:00:00Z,1.36905,1.36945,1.36887,1.36900,1907
2025-12-29T18:30:00Z,1.36901,1.36923,1.36882,1.36902,2648
2025-12-29T19:00:00Z,1.36903,1.36917,1.36867,1.36908,2397
2025-12-29T19:30:00Z,1.36908,1.36920,1.36821,1.36833,2799
2025-12-29T20:00:00Z,1.36833,1.36897,1.36822,1.36890,1493
2025-12-29T20:30:00Z,1.36890,1.36977,1.36885,1.36960,2292
2025-12-29T21:00:00Z,1.36960,1.36984,1.36869,1.36874,980
2025-12-29T21:30:00Z,1.36875,1.36937,1.36855,1.36894,2268
2025-12-29T22:00:00Z,1.36898,1.36898,1.36800,1.36874,513
2025-12-29T22:30:00Z,1.36875,1.36889,1.36863,1.36866,604
2025-12-29T23:00:00Z,1.36870,1.36898,1.36856,1.36886,1783
2025-12-29T23:30:00Z,1.36886,1.36900,1.36866,1.36875,729
2025-12-30T00:00:00Z,1.36875,1.36904,1.36875,1.36898,1128
2025-12-30T00:30:00Z,1.36898,1.36952,1.36898,1.36905,1353
2025-12-30T01:00:00Z,1.36909,1.36923,1.36877,1.36892,1524
2025-12-30T01:30:00Z,1.36893,1.36903,1.36840,1.36841,1599
2025-12-30T02:00:00Z,1.36841,1.36900,1.36830,1.36897,1660
2025-12-30T02:30:00Z,1.36897,1.36900,1.36860,1.36873,1225
2025-12-30T03:00:00Z,1.36873,1.36894,1.36864,1.36866,1030
2025-12-30T03:30:00Z,1.36866,1.36873,1.36842,1.36873,986
2025-12-30T04:00:00Z,1.36872,1.36885,1.36860,1.36865,1041
2025-12-30T04:30:00Z,1.36868,1.36868,1.36837,1.36849,1460
2025-12-30T05:00:00Z,1.36849,1.36858,1.36825,1.36829,1910
2025-12-30T05:30:00Z,1.36829,1.36870,1.36826,1.36859,1488
2025-12-30T06:00:00Z,1.36860,1.36871,1.36826,1.36843,1187
2025-12-30T06:30:00Z,1.36844,1.36844,1.36821,1.36837,1183
2025-12-30T07:00:00Z,1.36841,1.36871,1.36833,1.36851,1473
2025-12-30T07:30:00Z,1.36851,1.36869,1.36829,1.36829,1500
2025-12-30T08:00:00Z,1.36830,1.36898,1.36809,1.36896,1849
2025-12-30T08:30:00Z,1.36896,1.36911,1.36831,1.36865,1885
2025-12-30T09:00:00Z,1.36868,1.36895,1.36804,1.36818,1771
2025-12-30T09:30:00Z,1.36818,1.36841,1.36786,1.36841,1199
2025-12-30T10:00:00Z,1.36841,1.36861,1.36821,1.36842,1133
2025-12-30T10:30:00Z,1.36843,1.36875,1.36822,1.36867,1282
2025-12-30T11:00:00Z,1.36866,1.36941,1.36864,1.36940,1389
2025-12-30T11:30:00Z,1.36941,1.36988,1.36934,1.36980,2249
2025-12-30T12:00:00Z,1.36980,1.37027,1.36972,1.37015,2479
2025-12-30T12:30:00Z,1.37015,1.37079,1.36999,1.37040,1860
2025-12-30T13:00:00Z,1.37039,1.37039,1.36946,1.37025,2611
2025-12-30T13:30:00Z,1.37027,1.37047,1.36920,1.37037,3942
2025-12-30T14:00:00Z,1.37038,1.37053,1.36965,1.36978,2895
2025-12-30T14:30:00Z,1.36979,1.37063,1.36965,1.37007,4523
2025-12-30T15:00:00Z,1.37007,1.37057,1.36967,1.37041,4399
2025-12-30T15:30:00Z,1.37041,1.37083,1.36810,1.36824,5652
2025-12-30T16:00:00Z,1.36826,1.36873,1.36807,1.36838,4907
2025-12-30T16:30:00Z,1.36838,1.36855,1.36798,1.36804,2773
2025-12-30T17:00:00Z,1.36803,1.36843,1.36791,1.36814,1717
2025-12-30T17:30:00Z,1.36813,1.36877,1.36804,1.36855,1341
2025-12-30T18:00:00Z,1.36854,1.36875,1.36834,1.36841,1075
2025-12-30T18:30:00Z,1.36842,1.36924,1.36824,1.36907,1086
2025-12-30T19:00:00Z,1.36906,1.36943,1.36888,1.36916,1303
2025-12-30T19:30:00Z,1.36915,1.36980,1.36908,1.36959,1589
2025-12-30T20:00:00Z,1.36960,1.36961,1.36910,1.36927,1581
2025-12-30T20:30:00Z,1.36931,1.36988,1.36917,1.36982,1780
2025-12-30T21:00:00Z,1.36983,1.36987,1.36944,1.36982,501
2025-12-30T21:30:00Z,1.36982,1.36988,1.36935,1.36952,1596
2025-12-30T22:00:00Z,1.36952,1.36952,1.36912,1.36947,133
2025-12-30T22:30:00Z,1.36946,1.36956,1.36937,1.36944,134
2025-12-30T23:00:00Z,1.36943,1.36958,1.36935,1.36955,710
2025-12-30T23:30:00Z,1.36955,1.36975,1.36952,1.36952,573
2025-12-31T00:00:00Z,1.36952,1.36957,1.36928,1.36943,548
2025-12-31T00:30:00Z,1.36943,1.36988,1.36943,1.36954,1225
2025-12-31T01:00:00Z,1.36953,1.36980,1.36933,1.36948,1610
2025-12-31T01:30:00Z,1.36948,1.36960,1.36917,1.36957,1124
2025-12-31T02:00:00Z,1.36957,1.37008,1.36956,1.36991,1566
2025-12-31T02:30:00Z,1.36992,1.36992,1.36953,1.36973,1544
2025-12-31T03:00:00Z,1.36975,1.36998,1.36950,1.36984,1092
2025-12-31T03:30:00Z,1.36984,1.36986,1.36954,1.36965,713
2025-12-31T04:00:00Z,1.36965,1.36971,1.36957,1.36968,733
2025-12-31T04:30:00Z,1.36969,1.36979,1.36954,1.36973,668
2025-12-31T05:00:00Z,1.36973,1.37001,1.36956,1.36982,872
2025-12-31T05:30:00Z,1.36982,1.37038,1.36981,1.37010,1691
2025-12-31T06:00:00Z,1.37009,1.37050,1.37008,1.37043,1500
2025-12-31T06:30:00Z,1.37042,1.37046,1.36996,1.37001,1628
2025-12-31T07:00:00Z,1.37001,1.37096,1.37001,1.37052,1404
2025-12-31T07:30:00Z,1.37052,1.37065,1.37021,1.37034,1227
2025-12-31T08:00:00Z,1.37035,1.37091,1.37013,1.37078,1500
2025-12-31T08:30:00Z,1.37080,1.37092,1.37043,1.37078,1644
2025-12-31T09:00:00Z,1.37079,1.37081,1.37010,1.37058,1534
2025-12-31T09:30:00Z,1.37059,1.37060,1.36991,1.37026,1355
2025-12-31T10:00:00Z,1.37026,1.37061,1.36986,1.37008,1459
2025-12-31T10:30:00Z,1.37008,1.37119,1.36996,1.37096,1345
2025-12-31T11:00:00Z,1.37094,1.37101,1.37030,1.37043,1030
2025-12-31T11:30:00Z,1.37038,1.37090,1.37031,1.37043,1018
2025-12-31T12:00:00Z,1.37044,1.37044,1.36945,1.36971,1750
2025-12-31T12:30:00Z,1.36971,1.36983,1.36930,1.36931,1688
2025-12-31T13:00:00Z,1.36931,1.36979,1.36878,1.36927,2987
2025-12-31T13:30:00Z,1.36927,1.37019,1.36924,1.36974,3195
2025-12-31T14:00:00Z,1.36976,1.37036,1.36928,1.36989,3999
2025-12-31T14:30:00Z,1.36988,1.37019,1.36919,1.36969,5664
2025-12-31T15:00:00Z,1.36969,1.37229,1.36969,1.37163,5815
2025-12-31T15:30:00Z,1.37164,1.37262,1.37029,1.37069,7307
2025-12-31T16:00:00Z,1.37068,1.37160,1.37050,1.37105,5866
2025-12-31T16:30:00Z,1.37104,1.37199,1.37100,1.37136,4267
2025-12-31T17:00:00Z,1.37135,1.37184,1.37123,1.37181,3388
2025-12-31T17:30:00Z,1.37181,1.37242,1.37164,1.37201,3667
2025-12-31T18:00:00Z,1.37200,1.37263,1.37187,1.37241,4058
2025-12-31T18:30:00Z,1.37241,1.37276,1.37217,1.37237,2773
2025-12-31T19:00:00Z,1.37237,1.37237,1.37183,1.37193,2650
2025-12-31T19:30:00Z,1.37191,1.37220,1.37148,1.37200,3754
2025-12-31T20:00:00Z,1.37199,1.37202,1.37147,1.37149,2237
2025-12-31T20:30:00Z,1.37148,1.37265,1.37138,1.37251,2885
2025-12-31T21:00:00Z,1.37254,1.37276,1.37211,1.37253,4736
2025-12-31T21:30:00Z,1.37250,1.37251,1.37185,1.37241,7404
2026-01-01T22:00:00Z,1.37172,1.37221,1.37163,1.37174,307
2026-01-01T22:30:00Z,1.37174,1.37217,1.37156,1.37195,368
2026-01-01T23:00:00Z,1.37196,1.37217,1.37173,1.37191,796
2026-01-01T23:30:00Z,1.37194,1.37195,1.37163,1.37171,746
2026-01-02T00:00:00Z,1.37169,1.37184,1.37155,1.37158,1366
2026-01-02T00:30:00Z,1.37158,1.37158,1.37104,1.37113,1587
2026-01-02T01:00:00Z,1.37113,1.37113,1.37074,1.37086,2578
2026-01-02T01:30:00Z,1.37085,1.37093,1.37062,1.37078,2157
2026-01-02T02:00:00Z,1.37079,1.37079,1.37038,1.37065,1780
2026-01-02T02:30:00Z,1.37066,1.37093,1.37066,1.37081,1653
2026-01-02T03:00:00Z,1.37081,1.37086,1.37058,1.37067,1529
2026-01-02T03:30:00Z,1.37066,1.37095,1.37058,1.37084,1885
2026-01-02T04:00:00Z,1.37081,1.37141,1.37077,1.37139,1973
2026-01-02T04:30:00Z,1.37139,1.37162,1.37135,1.37149,1810
2026-01-02T05:00:00Z,1.37149,1.37173,1.37122,1.37140,2009
2026-01-02T05:30:00Z,1.37141,1.37171,1.37123,1.37159,1392
2026-01-02T06:00:00Z,1.37158,1.37180,1.37138,1.37148,1816
2026-01-02T06:30:00Z,1.37147,1.37172,1.37139,1.37146,1847
2026-01-02T07:00:00Z,1.37149,1.37153,1.37010,1.37028,3171
2026-01-02T07:30:00Z,1.37029,1.37077,1.36998,1.37014,2255
2026-01-02T08:00:00Z,1.37014,1.37121,1.37009,1.37114,3910
2026-01-02T08:30:00Z,1.37116,1.37174,1.37097,1.37143,3513
2026-01-02T09:00:00Z,1.37143,1.37192,1.37127,1.37161,3247
2026-01-02T09:30:00Z,1.37162,1.37216,1.37161,1.37206,2951
2026-01-02T10:00:00Z,1.37207,1.37245,1.37191,1.37232,2693
2026-01-02T10:30:00Z,1.37235,1.37248,1.37197,1.37208,2454
2026-01-02T11:00:00Z,1.37210,1.37225,1.37169,1.37222,2188
2026-01-02T11:30:00Z,1.37222,1.37290,1.37207,1.37259,2741
2026-01-02T12:00:00Z,1.37260,1.37278,1.37220,1.37274,1978
2026-01-02T12:30:00Z,1.37275,1.37360,1.37275,1.37339,1348
2026-01-02T13:00:00Z,1.37338,1.37345,1.37226,1.37289,2575
2026-01-02T13:30:00Z,1.37292,1.37410,1.37290,1.37394,1949
2026-01-02T14:00:00Z,1.37392,1.37466,1.37361,1.37365,2299
2026-01-02T14:30:00Z,1.37367,1.37469,1.37355,1.37417,3359
2026-01-02T15:00:00Z,1.37417,1.37427,1.37321,1.37389,4217
2026-01-02T15:30:00Z,1.37390,1.37422,1.37203,1.37236,5409
2026-01-02T16:00:00Z,1.37238,1.37331,1.37228,1.37274,4658
2026-01-02T16:30:00Z,1.37274,1.37403,1.37259,1.37386,3569
2026-01-02T17:00:00Z,1.37388,1.37416,1.37239,1.37292,4446
2026-01-02T17:30:00Z,1.37292,1.37410,1.37267,1.37396,4913
2026-01-02T18:00:00Z,1.37397,1.37448,1.37383,1.37428,3857
2026-01-02T18:30:00Z,1.37428,1.37473,1.37423,1.37443,2072
2026-01-02T19:00:00Z,1.37443,1.37448,1.37359,1.37401,2712
2026-01-02T19:30:00Z,1.37401,1.37410,1.37319,1.37331,3073
2026-01-02T20:00:00Z,1.37329,1.37371,1.37328,1.37334,2178
2026-01-02T20:30:00Z,1.37334,1.37350,1.37308,1.37325,1883
2026-01-02T21:00:00Z,1.37324,1.37332,1.37264,1.37270,647
2026-01-02T21:30:00Z,1.37269,1.37349,1.37261,1.37261,3192
2026-01-04T22:00:00Z,1.37305,1.37389,1.37305,1.37359,1220
2026-01-04T22:30:00Z,1.37358,1.37418,1.37343,1.37361,1550
2026-01-04T23:00:00Z,1.37367,1.37437,1.37356,1.37410,1577
2026-01-04T23:30:00Z,1.37410,1.37474,1.37410,1.37469,2091
2026-01-05T00:00:00Z,1.37468,1.37477,1.37405,1.37433,2451
2026-01-05T00:30:00Z,1.37433,1.37477,1.37431,1.37460,2640
2026-01-05T01:00:00Z,1.37459,1.37471,1.37424,1.37448,5541
2026-01-05T01:30:00Z,1.37448,1.37479,1.37427,1.37463,3299
2026-01-05T02:00:00Z,1.37463,1.37535,1.37454,1.37509,3119
2026-01-05T02:30:00Z,1.37513,1.37519,1.37471,1.37495,3555
2026-01-05T03:00:00Z,1.37495,1.37667,1.37488,1.37653,3499
2026-01-05T03:30:00Z,1.37654,1.37680,1.37642,1.37675,3350
2026-01-05T04:00:00Z,1.37675,1.37763,1.37656,1.37760,3104
2026-01-05T04:30:00Z,1.37760,1.37771,1.37695,1.37700,2875
2026-01-05T05:00:00Z,1.37700,1.37724,1.37671,1.37678,2407
2026-01-05T05:30:00Z,1.37678,1.37690,1.37665,1.37679,2864
2026-01-05T06:00:00Z,1.37680,1.37720,1.37670,1.37675,2451
2026-01-05T06:30:00Z,1.37675,1.37691,1.37643,1.37660,3480
2026-01-05T07:00:00Z,1.37657,1.37721,1.37639,1.37720,3757
2026-01-05T07:30:00Z,1.37720,1.37809,1.37720,1.37775,3610
2026-01-05T08:00:00Z,1.37778,1.37795,1.37704,1.37733,5243
2026-01-05T08:30:00Z,1.37734,1.37838,1.37714,1.37828,3864
2026-01-05T09:00:00Z,1.37826,1.37881,1.37800,1.37861,2645
2026-01-05T09:30:00Z,1.37861,1.37864,1.37771,1.37773,3144
2026-01-05T10:00:00Z,1.37772,1.37774,1.37681,1.37732,3296
2026-01-05T10:30:00Z,1.37732,1.37756,1.37660,1.37670,3544
2026-01-05T11:00:00Z,1.37671,1.37691,1.37632,1.37676,2940
2026-01-05T11:30:00Z,1.37673,1.37681,1.37621,1.37664,3229
2026-01-05T12:00:00Z,1.37665,1.37680,1.37616,1.37650,2541
2026-01-05T12:30:00Z,1.37650,1.37834,1.37639,1.37822,3589
2026-01-05T13:00:00Z,1.37826,1.38119,1.37821,1.38110,6613
2026-01-05T13:30:00Z,1.38111,1.38150,1.37981,1.37982,7350
2026-01-05T14:00:00Z,1.37980,1.37996,1.37853,1.37854,7510
2026-01-05T14:30:00Z,1.37854,1.37925,1.37779,1.37862,8403
2026-01-05T15:00:00Z,1.37860,1.37866,1.37569,1.37596,8195
2026-01-05T15:30:00Z,1.37597,1.37620,1.37450,1.37479,6634
2026-01-05T16:00:00Z,1.37479,1.37565,1.37447,1.37542,5779
2026-01-05T16:30:00Z,1.37542,1.37581,1.37503,1.37573,5186
2026-01-05T17:00:00Z,1.37573,1.37629,1.37554,1.37572,3494
2026-01-05T17:30:00Z,1.37572,1.37646,1.37570,1.37609,3208
2026-01-05T18:00:00Z,1.37610,1.37628,1.37569,1.37586,2842
2026-01-05T18:30:00Z,1.37589,1.37638,1.37546,1.37605,2265
2026-01-05T19:00:00Z,1.37605,1.37623,1.37565,1.37567,3474
2026-01-05T19:30:00Z,1.37566,1.37589,1.37546,1.37559,2978
2026-01-05T20:00:00Z,1.37560,1.37613,1.37559,1.37607,1868
2026-01-05T20:30:00Z,1.37607,1.37663,1.37597,1.37622,2161
2026-01-05T21:00:00Z,1.37621,1.37696,1.37601,1.37695,1727
2026-01-05T21:30:00Z,1.37695,1.37734,1.37683,1.37688,2232
2026-01-05T22:00:00Z,1.37688,1.37701,1.37632,1.37697,247
2026-01-05T22:30:00Z,1.37692,1.37706,1.37682,1.37683,317
2026-01-05T23:00:00Z,1.37682,1.37726,1.37680,1.37713,2629
2026-01-05T23:30:00Z,1.37714,1.37731,1.37709,1.37728,909
2026-01-06T00:00:00Z,1.37729,1.37753,1.37722,1.37730,1953
2026-01-06T00:30:00Z,1.37731,1.37758,1.37713,1.37715,2774
2026-01-06T01:00:00Z,1.37715,1.37741,1.37674,1.37725,3662
2026-01-06T01:30:00Z,1.37725,1.37729,1.37636,1.37638,2992
2026-01-06T02:00:00Z,1.37638,1.37680,1.37621,1.37666,2647
2026-01-06T02:30:00Z,1.37666,1.37697,1.37608,1.37612,2367
2026-01-06T03:00:00Z,1.37612,1.37645,1.37601,1.37622,2373
2026-01-06T03:30:00Z,1.37624,1.37658,1.37615,1.37656,1601
2026-01-06T04:00:00Z,1.37657,1.37667,1.37640,1.37656,1054
2026-01-06T04:30:00Z,1.37656,1.37666,1.37597,1.37634,1221
2026-01-06T05:00:00Z,1.37635,1.37648,1.37601,1.37605,1369
2026-01-06T05:30:00Z,1.37605,1.37661,1.37598,1.37634,1971
2026-01-06T06:00:00Z,1.37634,1.37652,1.37606,1.37626,2006
2026-01-06T06:30:00Z,1.37626,1.37628,1.37547,1.37561,1866
2026-01-06T07:00:00Z,1.37562,1.37607,1.37510,1.37580,2401
2026-01-06T07:30:00Z,1.37580,1.37653,1.37558,1.37623,2975
2026-01-06T08:00:00Z,1.37625,1.37631,1.37533,1.37629,3936
2026-01-06T08:30:00Z,1.37628,1.37650,1.37583,1.37618,3238
2026-01-06T09:00:00Z,1.37622,1.37682,1.37610,1.37653,3609
2026-01-06T09:30:00Z,1.37653,1.37695,1.37624,1.37679,3285
2026-01-06T10:00:00Z,1.37681,1.37710,1.37599,1.37625,3327
2026-01-06T10:30:00Z,1.37625,1.37661,1.37600,1.37620,2778
2026-01-06T11:00:00Z,1.37621,1.37735,1.37621,1.37695,2353
2026-01-06T11:30:00Z,1.37695,1.37709,1.37677,1.37701,2327
2026-01-06T12:00:00Z,1.37700,1.37700,1.37643,1.37694,2461
2026-01-06T12:30:00Z,1.37695,1.37851,1.37693,1.37806,2014
2026-01-06T13:00:00Z,1.37804,1.37818,1.37715,1.37798,3912
2026-01-06T13:30:00Z,1.37798,1.37809,1.37702,1.37710,4490
2026-01-06T14:00:00Z,1.37710,1.37730,1.37615,1.37704,3989
2026-01-06T14:30:00Z,1.37705,1.37720,1.37562,1.37655,5665
2026-01-06T15:00:00Z,1.37654,1.37808,1.37650,1.37799,6441
2026-01-06T15:30:00Z,1.37798,1.37925,1.37791,1.37853,5593
2026-01-06T16:00:00Z,1.37854,1.37963,1.37822,1.37899,3960
2026-01-06T16:30:00Z,1.37901,1.37961,1.37874,1.37902,3200
2026-01-06T17:00:00Z,1.37902,1.37927,1.37862,1.37909,2220
2026-01-06T17:30:00Z,1.37909,1.37949,1.37887,1.37899,1779
2026-01-06T18:00:00Z,1.37898,1.37967,1.37881,1.37960,2271
2026-01-06T18:30:00Z,1.37957,1.37988,1.37937,1.37970,2019
2026-01-06T19:00:00Z,1.37971,1.38071,1.37961,1.38058,2180
2026-01-06T19:30:00Z,1.38059,1.38070,1.38040,1.38042,1825
2026-01-06T20:00:00Z,1.38043,1.38056,1.38024,1.38042,1641
2026-01-06T20:30:00Z,1.38042,1.38094,1.38008,1.38093,2069
2026-01-06T21:00:00Z,1.38096,1.38125,1.38064,1.38123,538
2026-01-06T21:30:00Z,1.38123,1.38163,1.38107,1.38131,1209
2026-01-06T22:00:00Z,1.38124,1.38125,1.38044,1.38101,328
2026-01-06T22:30:00Z,1.38102,1.38140,1.38100,1.38105,534
2026-01-06T23:00:00Z,1.38108,1.38150,1.38108,1.38132,897
2026-01-06T23:30:00Z,1.38134,1.38165,1.38122,1.38156,882
2026-01-07T00:00:00Z,1.38155,1.38225,1.38145,1.38219,2415
2026-01-07T00:30:00Z,1.38219,1.38239,1.38157,1.38179,4050
2026-01-07T01:00:00Z,1.38179,1.38247,1.38175,1.38232,3182
2026-01-07T01:30:00Z,1.38231,1.38231,1.38146,1.38194,3750
2026-01-07T02:00:00Z,1.38194,1.38200,1.38141,1.38158,2377
2026-01-07T02:30:00Z,1.38159,1.38163,1.38098,1.38141,2246
2026-01-07T03:00:00Z,1.38140,1.38144,1.38117,1.38133,1998
2026-01-07T03:30:00Z,1.38132,1.38160,1.38117,1.38158,1825
2026-01-07T04:00:00Z,1.38155,1.38158,1.38110,1.38125,4614
2026-01-07T04:30:00Z,1.38125,1.38138,1.38113,1.38117,2397
2026-01-07T05:00:00Z,1.38118,1.38138,1.38099,1.38106,1950
2026-01-07T05:30:00Z,1.38107,1.38157,1.38107,1.38128,1806
2026-01-07T06:00:00Z,1.38128,1.38154,1.38110,1.38143,1521
2026-01-07T06:30:00Z,1.38141,1.38169,1.38117,1.38129,1746
2026-01-07T07:00:00Z,1.38128,1.38217,1.38127,1.38204,1968
2026-01-07T07:30:00Z,1.38203,1.38256,1.38192,1.38249,2344
2026-01-07T08:00:00Z,1.38249,1.38265,1.38215,1.38218,3276
2026-01-07T08:30:00Z,1.38217,1.38220,1.38165,1.38167,2632
2026-01-07T09:00:00Z,1.38167,1.38194,1.38126,1.38127,2171
2026-01-07T09:30:00Z,1.38126,1.38172,1.38117,1.38130,2567
2026-01-07T10:00:00Z,1.38132,1.38136,1.38098,1.38117,2558
2026-01-07T10:30:00Z,1.38117,1.38137,1.38048,1.38048,2150
2026-01-07T11:00:00Z,1.38048,1.38069,1.38022,1.38029,2312
2026-01-07T11:30:00Z,1.38028,1.38074,1.38022,1.38056,1839
2026-01-07T12:00:00Z,1.38058,1.38118,1.38034,1.38103,2062
2026-01-07T12:30:00Z,1.38102,1.38124,1.38072,1.38073,1222
2026-01-07T13:00:00Z,1.38075,1.38091,1.38003,1.38021,2743
2026-01-07T13:30:00Z,1.38021,1.38048,1.37939,1.37953,3615
2026-01-07T14:00:00Z,1.37954,1.37994,1.37895,1.37948,4500
2026-01-07T14:30:00Z,1.37948,1.38043,1.37928,1.38029,5707
2026-01-07T15:00:00Z,1.38016,1.38177,1.38015,1.38124,6368
2026-01-07T15:30:00Z,1.38123,1.38166,1.38035,1.38120,6708
2026-01-07T16:00:00Z,1.38119,1.38259,1.38108,1.38234,4112
2026-01-07T16:30:00Z,1.38235,1.38323,1.38191,1.38292,3413
2026-01-07T17:00:00Z,1.38291,1.38307,1.38242,1.38261,2739
2026-01-07T17:30:00Z,1.38263,1.38312,1.38243,1.38308,2062
2026-01-07T18:00:00Z,1.38307,1.38367,1.38292,1.38366,2032
2026-01-07T18:30:00Z,1.38365,1.38387,1.38323,1.38384,1704
2026-01-07T19:00:00Z,1.38384,1.38425,1.38372,1.38417,1723
2026-01-07T19:30:00Z,1.38416,1.38461,1.38408,1.38448,1809
2026-01-07T20:00:00Z,1.38448,1.38515,1.38437,1.38494,2397
2026-01-07T20:30:00Z,1.38497,1.38555,1.38476,1.38539,2690
2026-01-07T21:00:00Z,1.38539,1.38612,1.38533,1.38609,1367
2026-01-07T21:30:00Z,1.38611,1.38611,1.38566,1.38603,3640
2026-01-07T22:00:00Z,1.38596,1.38596,1.38515,1.38552,133
2026-01-07T22:30:00Z,1.38547,1.38559,1.38540,1.38546,654
2026-01-07T23:00:00Z,1.38546,1.38613,1.38528,1.38578,785
2026-01-07T23:30:00Z,1.38578,1.38587,1.38571,1.38578,724
2026-01-08T00:00:00Z,1.38578,1.38615,1.38568,1.38600,1688
2026-01-08T00:30:00Z,1.38605,1.38605,1.38583,1.38598,1478
2026-01-08T01:00:00Z,1.38598,1.38629,1.38579,1.38629,2317
2026-01-08T01:30:00Z,1.38627,1.38655,1.38617,1.38627,2449
2026-01-08T02:00:00Z,1.38628,1.38654,1.38599,1.38642,3432
2026-01-08T02:30:00Z,1.38641,1.38657,1.38609,1.38654,2277
2026-01-08T03:00:00Z,1.38656,1.38663,1.38578,1.38590,2961
2026-01-08T03:30:00Z,1.38590,1.38613,1.38578,1.38601,2038
2026-01-08T04:00:00Z,1.38602,1.38630,1.38600,1.38615,2009
2026-01-08T04:30:00Z,1.38615,1.38651,1.38614,1.38649,1154
2026-01-08T05:00:00Z,1.38650,1.38690,1.38648,1.38681,2129
2026-01-08T05:30:00Z,1.38680,1.38697,1.38654,1.38664,3415
2026-01-08T06:00:00Z,1.38664,1.38784,1.38662,1.38779,2856
2026-01-08T06:30:00Z,1.38779,1.38790,1.38664,1.38671,2411
2026-01-08T07:00:00Z,1.38673,1.38760,1.38671,1.38752,2153
2026-01-08T07:30:00Z,1.38750,1.38792,1.38717,1.38786,2124
2026-01-08T08:00:00Z,1.38785,1.38837,1.38712,1.38791,2184
2026-01-08T08:30:00Z,1.38793,1.38880,1.38782,1.38851,2245
2026-01-08T09:00:00Z,1.38852,1.38869,1.38789,1.38843,2803
2026-01-08T09:30:00Z,1.38845,1.38861,1.38781,1.38782,3352
2026-01-08T10:00:00Z,1.38782,1.38813,1.38755,1.38781,2121
2026-01-08T10:30:00Z,1.38781,1.38792,1.38694,1.38698,3211
2026-01-08T11:00:00Z,1.38702,1.38707,1.38657,1.38682,2543
2026-01-08T11:30:00Z,1.38681,1.38746,1.38654,1.38656,2256
2026-01-08T12:00:00Z,1.38657,1.38710,1.38646,1.38702,2089
2026-01-08T12:30:00Z,1.38702,1.38708,1.38596,1.38596,1732
2026-01-08T13:00:00Z,1.38596,1.38634,1.38530,1.38560,2499
2026-01-08T13:30:00Z,1.38560,1.38663,1.38546,1.38630,2875
2026-01-08T14:00:00Z,1.38632,1.38726,1.38585,1.38639,3815
2026-01-08T14:30:00Z,1.38638,1.38656,1.38502,1.38597,5760
2026-01-08T15:00:00Z,1.38597,1.38642,1.38532,1.38589,4774
2026-01-08T15:30:00Z,1.38590,1.38625,1.38559,1.38584,4413
2026-01-08T16:00:00Z,1.38583,1.38689,1.38581,1.38657,4683
2026-01-08T16:30:00Z,1.38658,1.38665,1.38612,1.38637,4221
2026-01-08T17:00:00Z,1.38642,1.38741,1.38628,1.38734,2518
2026-01-08T17:30:00Z,1.38734,1.38752,1.38676,1.38683,2587
2026-01-08T18:00:00Z,1.38684,1.38752,1.38681,1.38727,2376
2026-01-08T18:30:00Z,1.38725,1.38764,1.38703,1.38755,1890
2026-01-08T19:00:00Z,1.38753,1.38757,1.38694,1.38703,2076
2026-01-08T19:30:00Z,1.38703,1.38726,1.38672,1.38674,1821
2026-01-08T20:00:00Z,1.38675,1.38676,1.38620,1.38622,1985
2026-01-08T20:30:00Z,1.38620,1.38655,1.38598,1.38612,2499
2026-01-08T21:00:00Z,1.38611,1.38662,1.38600,1.38601,921
2026-01-08T21:30:00Z,1.38601,1.38659,1.38545,1.38609,3961
2026-01-08T22:00:00Z,1.38602,1.38637,1.38566,1.38625,193
2026-01-08T22:30:00Z,1.38627,1.38651,1.38619,1.38631,446
2026-01-08T23:00:00Z,1.38630,1.38639,1.38606,1.38627,898
2026-01-08T23:30:00Z,1.38627,1.38651,1.38618,1.38640,865
2026-01-09T00:00:00Z,1.38641,1.38685,1.38640,1.38670,1758
2026-01-09T00:30:00Z,1.38669,1.38692,1.38668,1.38681,1768
2026-01-09T01:00:00Z,1.38681,1.38723,1.38649,1.38680,2586
2026-01-09T01:30:00Z,1.38678,1.38719,1.38664,1.38715,3001
2026-01-09T02:00:00Z,1.38715,1.38755,1.38695,1.38733,2621
2026-01-09T02:30:00Z,1.38734,1.38734,1.38696,1.38708,2188
2026-01-09T03:00:00Z,1.38708,1.38750,1.38694,1.38732,2013
2026-01-09T03:30:00Z,1.38733,1.38745,1.38689,1.38694,1500
2026-01-09T04:00:00Z,1.38694,1.38706,1.38675,1.38678,1486
2026-01-09T04:30:00Z,1.38678,1.38697,1.38672,1.38683,1740
2026-01-09T05:00:00Z,1.38681,1.38724,1.38679,1.38705,1645
2026-01-09T05:30:00Z,1.38705,1.38730,1.38694,1.38699,2230
2026-01-09T06:00:00Z,1.38697,1.38721,1.38657,1.38667,2161
2026-01-09T06:30:00Z,1.38667,1.38692,1.38641,1.38691,2029
2026-01-09T07:00:00Z,1.38691,1.38763,1.38691,1.38753,1534
2026-01-09T07:30:00Z,1.38754,1.38760,1.38677,1.38685,2180
2026-01-09T08:00:00Z,1.38683,1.38785,1.38677,1.38765,2940
2026-01-09T08:30:00Z,1.38763,1.38781,1.38698,1.38698,2597
2026-01-09T09:00:00Z,1.38698,1.38721,1.38664,1.38716,2656
2026-01-09T09:30:00Z,1.38721,1.38765,1.38714,1.38740,2318
2026-01-09T10:00:00Z,1.38739,1.38739,1.38693,1.38703,1834
2026-01-09T10:30:00Z,1.38701,1.38721,1.38680,1.38713,1378
2026-01-09T11:00:00Z,1.38713,1.38713,1.38682,1.38699,1650
2026-01-09T11:30:00Z,1.38699,1.38726,1.38680,1.38707,1581
2026-01-09T12:00:00Z,1.38707,1.38778,1.38703,1.38759,1395
2026-01-09T12:30:00Z,1.38759,1.38822,1.38732,1.38813,1750
2026-01-09T13:00:00Z,1.38813,1.38843,1.38774,1.38804,3763
2026-01-09T13:30:00Z,1.38807,1.38885,1.38667,1.38774,8416
2026-01-09T14:00:00Z,1.38775,1.38871,1.38738,1.38862,7021
2026-01-09T14:30:00Z,1.38862,1.38870,1.38754,1.38814,6021
2026-01-09T15:00:00Z,1.38811,1.39058,1.38798,1.38951,7135
2026-01-09T15:30:00Z,1.38952,1.38967,1.38827,1.38900,7135
2026-01-09T16:00:00Z,1.38900,1.38967,1.38807,1.38952,7329
2026-01-09T16:30:00Z,1.38953,1.38975,1.38928,1.38936,4870
2026-01-09T17:00:00Z,1.38937,1.39013,1.38923,1.39002,3124
2026-01-09T17:30:00Z,1.39002,1.39016,1.38974,1.39010,2216
2026-01-09T18:00:00Z,1.39010,1.39080,1.39004,1.39061,2737
2026-01-09T18:30:00Z,1.39062,1.39071,1.39011,1.39070,2743
2026-01-09T19:00:00Z,1.39069,1.39109,1.39060,1.39080,1795
2026-01-09T19:30:00Z,1.39081,1.39127,1.39066,1.39090,1736
2026-01-09T20:00:00Z,1.39090,1.39119,1.39089,1.39109,1170
2026-01-09T20:30:00Z,1.39111,1.39122,1.39079,1.39120,1549
2026-01-09T21:00:00Z,1.39123,1.39141,1.39087,1.39094,805
2026-01-09T21:30:00Z,1.39094,1.39195,1.39091,1.39094,3650
2026-01-11T22:00:00Z,1.39100,1.39165,1.39092,1.39139,401
2026-01-11T22:30:00Z,1.39139,1.39164,1.39134,1.39137,574
2026-01-11T23:00:00Z,1.39135,1.39170,1.39104,1.39159,1355
2026-01-11T23:30:00Z,1.39160,1.39166,1.39099,1.39121,1326
2026-01-12T00:00:00Z,1.39121,1.39140,1.39012,1.39014,3182
2026-01-12T00:30:00Z,1.39014,1.39021,1.38880,1.38883,4756
2026-01-12T01:00:00Z,1.38881,1.38919,1.38826,1.38870,5901
2026-01-12T01:30:00Z,1.38872,1.38936,1.38871,1.38932,2792
2026-01-12T02:00:00Z,1.38932,1.38935,1.38875,1.38922,2832
2026-01-12T02:30:00Z,1.38922,1.38942,1.38869,1.38939,3078
2026-01-12T03:00:00Z,1.38937,1.38945,1.38914,1.38929,2495
2026-01-12T03:30:00Z,1.38928,1.38956,1.38918,1.38954,2235
2026-01-12T04:00:00Z,1.38954,1.38967,1.38942,1.38956,1648
2026-01-12T04:30:00Z,1.38957,1.38984,1.38955,1.38957,1170
2026-01-12T05:00:00Z,1.38956,1.38967,1.38916,1.38918,1481
2026-01-12T05:30:00Z,1.38920,1.38925,1.38878,1.38898,2723
2026-01-12T06:00:00Z,1.38900,1.38932,1.38885,1.38897,1868
2026-01-12T06:30:00Z,1.38899,1.38921,1.38871,1.38906,2201
2026-01-12T07:00:00Z,1.38906,1.38928,1.38779,1.38788,3246
2026-01-12T07:30:00Z,1.38789,1.38815,1.38754,1.38764,2922
2026-01-12T08:00:00Z,1.38765,1.38776,1.38693,1.38709,4019
2026-01-12T08:30:00Z,1.38709,1.38723,1.38667,1.38722,2887
2026-01-12T09:00:00Z,1.38720,1.38768,1.38720,1.38739,3119
2026-01-12T09:30:00Z,1.38739,1.38811,1.38736,1.38800,1993
2026-01-12T10:00:00Z,1.38799,1.38833,1.38771,1.38803,2558
2026-01-12T10:30:00Z,1.38803,1.38814,1.38726,1.38759,2599
2026-01-12T11:00:00Z,1.38760,1.38779,1.38723,1.38734,2579
2026-01-12T11:30:00Z,1.38735,1.38804,1.38728,1.38786,2495
2026-01-12T12:00:00Z,1.38786,1.38843,1.38757,1.38803,2980
2026-01-12T12:30:00Z,1.38803,1.38803,1.38724,1.38767,2677
2026-01-12T13:00:00Z,1.38770,1.38793,1.38683,1.38750,4843
2026-01-12T13:30:00Z,1.38749,1.38762,1.38678,1.38701,4040
2026-01-12T14:00:00Z,1.38702,1.38841,1.38698,1.38831,4825
2026-01-12T14:30:00Z,1.38831,1.38942,1.38820,1.38821,7432
2026-01-12T15:00:00Z,1.38819,1.38843,1.38732,1.38748,5446
2026-01-12T15:30:00Z,1.38750,1.38760,1.38686,1.38730,3699
2026-01-12T16:00:00Z,1.38729,1.38771,1.38683,1.38716,3880
2026-01-12T16:30:00Z,1.38717,1.38769,1.38684,1.38766,3749
2026-01-12T17:00:00Z,1.38767,1.38781,1.38725,1.38760,3397
2026-01-12T17:30:00Z,1.38759,1.38805,1.38709,1.38718,2108
2026-01-12T18:00:00Z,1.38718,1.38780,1.38718,1.38756,2213
2026-01-12T18:30:00Z,1.38757,1.38787,1.38737,1.38777,1697
2026-01-12T19:00:00Z,1.38778,1.38791,1.38711,1.38720,2017
2026-01-12T19:30:00Z,1.38721,1.38722,1.38679,1.38704,1912
2026-01-12T20:00:00Z,1.38704,1.38723,1.38684,1.38714,1734
2026-01-12T20:30:00Z,1.38715,1.38794,1.38691,1.38777,2270
2026-01-12T21:00:00Z,1.38775,1.38784,1.38754,1.38755,1443
2026-01-12T21:30:00Z,1.38756,1.38803,1.38676,1.38757,1915
2026-01-12T22:00:00Z,1.38752,1.38771,1.38719,1.38747,186
2026-01-12T22:30:00Z,1.38738,1.38780,1.38724,1.38739,408
2026-01-12T23:00:00Z,1.38740,1.38773,1.38732,1.38769,1188
2026-01-12T23:30:00Z,1.38768,1.38770,1.38747,1.38759,1442
2026-01-13T00:00:00Z,1.38759,1.38834,1.38737,1.38813,1642
2026-01-13T00:30:00Z,1.38813,1.38813,1.38780,1.38792,2303
2026-01-13T01:00:00Z,1.38791,1.38798,1.38756,1.38785,2891
2026-01-13T01:30:00Z,1.38784,1.38810,1.38759,1.38797,2349
2026-01-13T02:00:00Z,1.38798,1.38801,1.38720,1.38748,1644
2026-01-13T02:30:00Z,1.38747,1.38754,1.38719,1.38733,2063
2026-01-13T03:00:00Z,1.38734,1.38746,1.38683,1.38699,1633
2026-01-13T03:30:00Z,1.38699,1.38741,1.38699,1.38719,1689
2026-01-13T04:00:00Z,1.38719,1.38724,1.38681,1.38685,1407
2026-01-13T04:30:00Z,1.38685,1.38710,1.38680,1.38692,1469
2026-01-13T05:00:00Z,1.38691,1.38714,1.38666,1.38667,1887
2026-01-13T05:30:00Z,1.38667,1.38715,1.38666,1.38713,1970
2026-01-13T06:00:00Z,1.38712,1.38737,1.38691,1.38726,1625
2026-01-13T06:30:00Z,1.38726,1.38761,1.38718,1.38734,2160
2026-01-13T07:00:00Z,1.38736,1.38822,1.38726,1.38793,1782
2026-01-13T07:30:00Z,1.38791,1.38791,1.38753,1.38772,1565
2026-01-13T08:00:00Z,1.38771,1.38860,1.38768,1.38856,3130
2026-01-13T08:30:00Z,1.38855,1.38873,1.38786,1.38792,2558
2026-01-13T09:00:00Z,1.38794,1.38794,1.38753,1.38766,2239
2026-01-13T09:30:00Z,1.38768,1.38774,1.38713,1.38752,2192
2026-01-13T10:00:00Z,1.38753,1.38786,1.38739,1.38782,2369
2026-01-13T10:30:00Z,1.38783,1.38823,1.38767,1.38817,1781
2026-01-13T11:00:00Z,1.38818,1.38841,1.38797,1.38822,1351
2026-01-13T11:30:00Z,1.38821,1.38822,1.38752,1.38753,1331
2026-01-13T12:00:00Z,1.38755,1.38800,1.38747,1.38799,1150
2026-01-13T12:30:00Z,1.38796,1.38833,1.38779,1.38803,2442
2026-01-13T13:00:00Z,1.38803,1.38832,1.38742,1.38780,4082
2026-01-13T13:30:00Z,1.38781,1.38781,1.38544,1.38704,8596
2026-01-13T14:00:00Z,1.38706,1.38743,1.38626,1.38716,3866
2026-01-13T14:30:00Z,1.38717,1.38860,1.38707,1.38769,7225
2026-01-13T15:00:00Z,1.38770,1.38935,1.38763,1.38922,5835
2026-01-13T15:30:00Z,1.38920,1.38937,1.38739,1.38789,4894
2026-01-13T16:00:00Z,1.38788,1.38945,1.38767,1.38922,4753
2026-01-13T16:30:00Z,1.38924,1.38928,1.38846,1.38859,3549
2026-01-13T17:00:00Z,1.38860,1.38947,1.38835,1.38939,2581
2026-01-13T17:30:00Z,1.38939,1.38977,1.38926,1.38942,3337
2026-01-13T18:00:00Z,1.38943,1.38967,1.38897,1.38917,2816
2026-01-13T18:30:00Z,1.38918,1.38930,1.38847,1.38869,2402
2026-01-13T19:00:00Z,1.38869,1.38961,1.38867,1.38946,2863
2026-01-13T19:30:00Z,1.38947,1.38954,1.38855,1.38865,3038
2026-01-13T20:00:00Z,1.38865,1.38892,1.38817,1.38855,2444
2026-01-13T20:30:00Z,1.38856,1.38864,1.38809,1.38814,2555
2026-01-13T21:00:00Z,1.38816,1.38841,1.38800,1.38828,924
2026-01-13T21:30:00Z,1.38829,1.38924,1.38825,1.38881,721
2026-01-13T22:00:00Z,1.38869,1.38897,1.38818,1.38820,267
2026-01-13T22:30:00Z,1.38823,1.38869,1.38820,1.38848,444
2026-01-13T23:00:00Z,1.38851,1.38862,1.38831,1.38859,790
2026-01-13T23:30:00Z,1.38861,1.38869,1.38854,1.38866,1042
2026-01-14T00:00:00Z,1.38868,1.38927,1.38863,1.38905,1721
2026-01-14T00:30:00Z,1.38905,1.38945,1.38898,1.38934,2164
2026-01-14T01:00:00Z,1.38933,1.38968,1.38901,1.38949,3352
2026-01-14T01:30:00Z,1.38949,1.38957,1.38928,1.38949,2634
2026-01-14T02:00:00Z,1.38948,1.38973,1.38926,1.38928,2366
2026-01-14T02:30:00Z,1.38929,1.38942,1.38888,1.38890,2229
2026-01-14T03:00:00Z,1.38889,1.38889,1.38843,1.38861,2403
2026-01-14T03:30:00Z,1.38859,1.38861,1.38831,1.38846,1304
2026-01-14T04:00:00Z,1.38846,1.38871,1.38826,1.38864,998
2026-01-14T04:30:00Z,1.38866,1.38871,1.38851,1.38860,931
2026-01-14T05:00:00Z,1.38861,1.38874,1.38851,1.38862,1288
2026-01-14T05:30:00Z,1.38863,1.38875,1.38848,1.38866,1356
2026-01-14T06:00:00Z,1.38865,1.38874,1.38824,1.38854,1519
2026-01-14T06:30:00Z,1.38853,1.38863,1.38803,1.38803,2474
2026-01-14T07:00:00Z,1.38803,1.38836,1.38795,1.38823,2370
2026-01-14T07:30:00Z,1.38821,1.38869,1.38797,1.38855,1817
2026-01-14T08:00:00Z,1.38854,1.38953,1.38844,1.38948,3421
2026-01-14T08:30:00Z,1.38948,1.38961,1.38900,1.38905,4523
2026-01-14T09:00:00Z,1.38903,1.38916,1.38844,1.38900,3272
2026-01-14T09:30:00Z,1.38898,1.38955,1.38892,1.38911,2712
2026-01-14T10:00:00Z,1.38912,1.38933,1.38870,1.38872,2914
2026-01-14T10:30:00Z,1.38874,1.38884,1.38843,1.38867,3221
2026-01-14T11:00:00Z,1.38869,1.38875,1.38830,1.38865,2769
2026-01-14T11:30:00Z,1.38863,1.38866,1.38810,1.38814,2557
2026-01-14T12:00:00Z,1.38814,1.38814,1.38759,1.38795,2599
2026-01-14T12:30:00Z,1.38793,1.38818,1.38717,1.38718,2434
2026-01-14T13:00:00Z,1.38718,1.38783,1.38700,1.38758,3898
2026-01-14T13:30:00Z,1.38758,1.38805,1.38733,1.38783,3816
2026-01-14T14:00:00Z,1.38782,1.38785,1.38658,1.38736,4714
2026-01-14T14:30:00Z,1.38734,1.38813,1.38697,1.38746,7224
2026-01-14T15:00:00Z,1.38748,1.38809,1.38729,1.38776,6819
2026-01-14T15:30:00Z,1.38776,1.38844,1.38774,1.38798,5078
2026-01-14T16:00:00Z,1.38798,1.38805,1.38723,1.38739,4206
2026-01-14T16:30:00Z,1.38742,1.38758,1.38697,1.38713,5041
2026-01-14T17:00:00Z,1.38714,1.38759,1.38704,1.38737,3391
2026-01-14T17:30:00Z,1.38738,1.38812,1.38729,1.38779,2705
2026-01-14T18:00:00Z,1.38779,1.38818,1.38762,1.38806,2548
2026-01-14T18:30:00Z,1.38806,1.38831,1.38748,1.38766,2425
2026-01-14T19:00:00Z,1.38766,1.38786,1.38724,1.38730,2102
2026-01-14T19:30:00Z,1.38733,1.38771,1.38707,1.38736,2301
2026-01-14T20:00:00Z,1.38736,1.38797,1.38717,1.38753,3675
2026-01-14T20:30:00Z,1.38755,1.38860,1.38735,1.38837,1996
2026-01-14T21:00:00Z,1.38836,1.38850,1.38791,1.38834,1176
2026-01-14T21:30:00Z,1.38835,1.38840,1.38788,1.38788,1971
2026-01-14T22:00:00Z,1.38787,1.38813,1.38733,1.38794,219
2026-01-14T22:30:00Z,1.38793,1.38806,1.38769,1.38790,548
2026-01-14T23:00:00Z,1.38789,1.38830,1.38763,1.38825,1449
2026-01-14T23:30:00Z,1.38825,1.38871,1.38813,1.38864,1573
2026-01-15T00:00:00Z,1.38864,1.38877,1.38843,1.38864,1948
2026-01-15T00:30:00Z,1.38865,1.38916,1.38858,1.38876,2221
2026-01-15T01:00:00Z,1.38874,1.38895,1.38858,1.38880,3150
2026-01-15T01:30:00Z,1.38880,1.38926,1.38876,1.38889,3487
2026-01-15T02:00:00Z,1.38888,1.38917,1.38879,1.38914,1878
2026-01-15T02:30:00Z,1.38915,1.38924,1.38903,1.38923,1214
2026-01-15T03:00:00Z,1.38920,1.38977,1.38918,1.38969,1909
2026-01-15T03:30:00Z,1.38971,1.38978,1.38951,1.38963,1513
2026-01-15T04:00:00Z,1.38963,1.38991,1.38959,1.38980,1227
2026-01-15T04:30:00Z,1.38979,1.39022,1.38979,1.39012,1436
2026-01-15T05:00:00Z,1.39013,1.39021,1.38960,1.38962,1514
2026-01-15T05:30:00Z,1.38961,1.38998,1.38956,1.38995,1576
2026-01-15T06:00:00Z,1.38996,1.39001,1.38958,1.38976,2045
2026-01-15T06:30:00Z,1.38976,1.39010,1.38975,1.38998,1700
2026-01-15T07:00:00Z,1.39000,1.39035,1.38966,1.39017,1806
2026-01-15T07:30:00Z,1.39016,1.39018,1.38975,1.38997,2285
2026-01-15T08:00:00Z,1.38995,1.39064,1.38995,1.39037,3119
2026-01-15T08:30:00Z,1.39037,1.39074,1.39016,1.39053,1775
2026-01-15T09:00:00Z,1.39055,1.39072,1.39030,1.39065,2308
2026-01-15T09:30:00Z,1.39065,1.39068,1.39041,1.39043,1255
2026-01-15T10:00:00Z,1.39043,1.39066,1.39033,1.39049,861
2026-01-15T10:30:00Z,1.39048,1.39049,1.38995,1.39016,1383
2026-01-15T11:00:00Z,1.39016,1.39036,1.38979,1.38979,1553
2026-01-15T11:30:00Z,1.38980,1.39009,1.38965,1.39002,1399
2026-01-15T12:00:00Z,1.39002,1.39006,1.38956,1.39000,1441
2026-01-15T12:30:00Z,1.39000,1.39042,1.38986,1.39019,1673
2026-01-15T13:00:00Z,1.39019,1.39069,1.38974,1.38975,2611
2026-01-15T13:30:00Z,1.38974,1.39129,1.38971,1.39105,4225
2026-01-15T14:00:00Z,1.39108,1.39159,1.39040,1.39067,5028
2026-01-15T14:30:00Z,1.39068,1.39193,1.39020,1.39096,5628
2026-01-15T15:00:00Z,1.39095,1.39096,1.39007,1.39069,3196
2026-01-15T15:30:00Z,1.39068,1.39080,1.38909,1.38910,4126
2026-01-15T16:00:00Z,1.38911,1.38983,1.38893,1.38933,3740
2026-01-15T16:30:00Z,1.38934,1.39003,1.38926,1.38971,3188
2026-01-15T17:00:00Z,1.38971,1.38983,1.38935,1.38965,2392
2026-01-15T17:30:00Z,1.38965,1.38991,1.38918,1.38965,2274
2026-01-15T18:00:00Z,1.38966,1.38979,1.38893,1.38895,2750
2026-01-15T18:30:00Z,1.38895,1.38927,1.38866,1.38908,1573
2026-01-15T19:00:00Z,1.38907,1.38955,1.38897,1.38930,2203
2026-01-15T19:30:00Z,1.38932,1.38959,1.38911,1.38922,2399
2026-01-15T20:00:00Z,1.38920,1.38961,1.38909,1.38951,2273
2026-01-15T20:30:00Z,1.38950,1.38991,1.38950,1.38975,1633
2026-01-15T21:00:00Z,1.38974,1.38990,1.38898,1.38900,906
2026-01-15T21:30:00Z,1.38900,1.38945,1.38846,1.38862,2378
2026-01-15T22:00:00Z,1.38860,1.38920,1.38798,1.38889,341
2026-01-15T22:30:00Z,1.38894,1.38900,1.38885,1.38895,725
2026-01-15T23:00:00Z,1.38890,1.38900,1.38861,1.38898,1490
2026-01-15T23:30:00Z,1.38898,1.38910,1.38881,1.38896,1224
2026-01-16T00:00:00Z,1.38897,1.38931,1.38893,1.38927,2047
2026-01-16T00:30:00Z,1.38925,1.38974,1.38925,1.38966,2606
2026-01-16T01:00:00Z,1.38966,1.38977,1.38934,1.38946,4097
2026-01-16T01:30:00Z,1.38946,1.38956,1.38924,1.38949,5113
2026-01-16T02:00:00Z,1.38949,1.38966,1.38900,1.38910,3608
2026-01-16T02:30:00Z,1.38910,1.38916,1.38869,1.38886,5104
2026-01-16T03:00:00Z,1.38886,1.38888,1.38859,1.38872,2986
2026-01-16T03:30:00Z,1.38870,1.38877,1.38840,1.38855,2074
2026-01-16T04:00:00Z,1.38854,1.38869,1.38850,1.38855,2503
2026-01-16T04:30:00Z,1.38856,1.38870,1.38839,1.38869,2031
2026-01-16T05:00:00Z,1.38869,1.38895,1.38867,1.38876,2207
2026-01-16T05:30:00Z,1.38874,1.38921,1.38865,1.38912,2259
2026-01-16T06:00:00Z,1.38910,1.38933,1.38902,1.38909,2869
2026-01-16T06:30:00Z,1.38908,1.38944,1.38904,1.38907,2493
2026-01-16T07:00:00Z,1.38906,1.38940,1.38903,1.38929,2040
2026-01-16T07:30:00Z,1.38930,1.38943,1.38879,1.38939,2167
2026-01-16T08:00:00Z,1.38939,1.38970,1.38918,1.38956,6600
2026-01-16T08:30:00Z,1.38956,1.38966,1.38924,1.38955,4617
2026-01-16T09:00:00Z,1.38958,1.38960,1.38924,1.38933,4057
2026-01-16T09:30:00Z,1.38934,1.38948,1.38897,1.38947,2642
2026-01-16T10:00:00Z,1.38948,1.38957,1.38904,1.38925,2865
2026-01-16T10:30:00Z,1.38924,1.38934,1.38896,1.38928,3442
2026-01-16T11:00:00Z,1.38930,1.38930,1.38851,1.38853,5297
2026-01-16T11:30:00Z,1.38853,1.38885,1.38839,1.38875,4650
2026-01-16T12:00:00Z,1.38877,1.38916,1.38842,1.38906,4262
2026-01-16T12:30:00Z,1.38907,1.38927,1.38841,1.38885,3774
2026-01-16T13:00:00Z,1.38885,1.38937,1.38862,1.38926,4138
2026-01-16T13:30:00Z,1.38927,1.39001,1.38925,1.38991,6121
2026-01-16T14:00:00Z,1.38991,1.39058,1.38981,1.39051,6578
2026-01-16T14:30:00Z,1.39050,1.39101,1.38980,1.39039,9655
2026-01-16T15:00:00Z,1.39039,1.39064,1.38898,1.39042,7704
2026-01-16T15:30:00Z,1.39043,1.39195,1.39034,1.39144,8302
2026-01-16T16:00:00Z,1.39142,1.39142,1.39030,1.39101,9148
2026-01-16T16:30:00Z,1.39103,1.39245,1.39078,1.39209,6840
2026-01-16T17:00:00Z,1.39208,1.39237,1.39169,1.39225,4858
2026-01-16T17:30:00Z,1.39226,1.39282,1.39220,1.39242,4678
2026-01-16T18:00:00Z,1.39244,1.39282,1.39226,1.39249,3594
2026-01-16T18:30:00Z,1.39249,1.39262,1.39227,1.39234,2703
2026-01-16T19:00:00Z,1.39236,1.39255,1.39202,1.39232,3196
2026-01-16T19:30:00Z,1.39233,1.39238,1.39150,1.39160,4018
2026-01-16T20:00:00Z,1.39160,1.39168,1.39136,1.39151,1515
2026-01-16T20:30:00Z,1.39152,1.39172,1.39139,1.39146,2389
2026-01-16T21:00:00Z,1.39146,1.39185,1.39145,1.39171,1242
2026-01-16T21:30:00Z,1.39171,1.39184,1.39100,1.39100,4436
2026-01-18T22:00:00Z,1.39082,1.39137,1.39002,1.39128,153
2026-01-18T22:30:00Z,1.39117,1.39150,1.39107,1.39110,1729
2026-01-18T23:00:00Z,1.39111,1.39172,1.39058,1.39068,2881
2026-01-18T23:30:00Z,1.39067,1.39070,1.38994,1.39001,3585
2026-01-19T00:00:00Z,1.39004,1.39070,1.38984,1.38989,4610
2026-01-19T00:30:00Z,1.38990,1.38997,1.38924,1.38934,6496
2026-01-19T01:00:00Z,1.38932,1.38970,1.38898,1.38931,6405
2026-01-19T01:30:00Z,1.38929,1.38970,1.38923,1.38966,3934
2026-01-19T02:00:00Z,1.38965,1.39017,1.38952,1.38978,4107
2026-01-19T02:30:00Z,1.38977,1.39009,1.38966,1.39002,2746
2026-01-19T03:00:00Z,1.39001,1.39020,1.38985,1.38991,2240
2026-01-19T03:30:00Z,1.38991,1.39015,1.38974,1.38985,2398
2026-01-19T04:00:00Z,1.38985,1.38986,1.38950,1.38951,2601
2026-01-19T04:30:00Z,1.38951,1.38960,1.38919,1.38923,2767
2026-01-19T05:00:00Z,1.38924,1.38927,1.38888,1.38896,2777
2026-01-19T05:30:00Z,1.38894,1.38951,1.38891,1.38923,3534
2026-01-19T06:00:00Z,1.38923,1.38928,1.38894,1.38900,2674
2026-01-19T06:30:00Z,1.38901,1.38931,1.38897,1.38903,2744
2026-01-19T07:00:00Z,1.38903,1.38914,1.38840,1.38890,4347
2026-01-19T07:30:00Z,1.38889,1.38979,1.38879,1.38976,4373
2026-01-19T08:00:00Z,1.38974,1.38975,1.38864,1.38902,7084
2026-01-19T08:30:00Z,1.38905,1.38925,1.38876,1.38899,4292
2026-01-19T09:00:00Z,1.38898,1.38954,1.38842,1.38913,5862
2026-01-19T09:30:00Z,1.38914,1.38916,1.38842,1.38859,5565
2026-01-19T10:00:00Z,1.38860,1.38907,1.38839,1.38906,2854
2026-01-19T10:30:00Z,1.38906,1.38908,1.38834,1.38866,5398
2026-01-19T11:00:00Z,1.38865,1.38925,1.38853,1.38919,2615
2026-01-19T11:30:00Z,1.38919,1.38930,1.38886,1.38898,3278
2026-01-19T12:00:00Z,1.38898,1.38918,1.38843,1.38857,2766
2026-01-19T12:30:00Z,1.38857,1.38880,1.38841,1.38863,4620
2026-01-19T13:00:00Z,1.38863,1.38873,1.38800,1.38820,5917
2026-01-19T13:30:00Z,1.38822,1.38850,1.38765,1.38832,4545
2026-01-19T14:00:00Z,1.38833,1.38838,1.38767,1.38772,5905
2026-01-19T14:30:00Z,1.38771,1.38818,1.38677,1.38678,6605
2026-01-19T15:00:00Z,1.38678,1.38701,1.38598,1.38686,4127
2026-01-19T15:30:00Z,1.38685,1.38717,1.38620,1.38648,5094
2026-01-19T16:00:00Z,1.38649,1.38680,1.38601,1.38615,3703
2026-01-19T16:30:00Z,1.38614,1.38656,1.38593,1.38599,2986
2026-01-19T17:00:00Z,1.38599,1.38675,1.38597,1.38672,3049
2026-01-19T17:30:00Z,1.38672,1.38682,1.38652,1.38659,1394
2026-01-19T18:00:00Z,1.38660,1.38662,1.38631,1.38656,978
2026-01-19T18:30:00Z,1.38655,1.38694,1.38652,1.38690,498
2026-01-19T19:00:00Z,1.38692,1.38692,1.38648,1.38676,1060
2026-01-19T19:30:00Z,1.38672,1.38695,1.38667,1.38682,426
2026-01-19T20:00:00Z,1.38682,1.38711,1.38675,1.38690,1081
2026-01-19T20:30:00Z,1.38690,1.38692,1.38667,1.38675,704
2026-01-19T21:00:00Z,1.38674,1.38731,1.38670,1.38729,443
2026-01-19T21:30:00Z,1.38729,1.38735,1.38653,1.38653,625
2026-01-19T22:00:00Z,1.38652,1.38704,1.38551,1.38678,276
2026-01-19T22:30:00Z,1.38678,1.38683,1.38643,1.38644,820
2026-01-19T23:00:00Z,1.38644,1.38749,1.38644,1.38748,615
2026-01-19T23:30:00Z,1.38746,1.38771,1.38738,1.38739,1177
2026-01-20T00:00:00Z,1.38739,1.38768,1.38729,1.38756,3517
2026-01-20T00:30:00Z,1.38756,1.38784,1.38738,1.38746,5599
2026-01-20T01:00:00Z,1.38745,1.38763,1.38724,1.38747,6412
2026-01-20T01:30:00Z,1.38747,1.38757,1.38680,1.38681,3161
2026-01-20T02:00:00Z,1.38681,1.38731,1.38675,1.38700,2808
2026-01-20T02:30:00Z,1.38697,1.38714,1.38649,1.38666,2405
2026-01-20T03:00:00Z,1.38666,1.38667,1.38585,1.38587,3647
2026-01-20T03:30:00Z,1.38586,1.38587,1.38534,1.38542,3403
2026-01-20T04:00:00Z,1.38541,1.38557,1.38507,1.38516,2045
2026-01-20T04:30:00Z,1.38515,1.38545,1.38471,1.38507,3440
2026-01-20T05:00:00Z,1.38508,1.38508,1.38441,1.38488,4020
2026-01-20T05:30:00Z,1.38488,1.38523,1.38465,1.38521,3365
2026-01-20T06:00:00Z,1.38522,1.38648,1.38494,1.38598,3843
2026-01-20T06:30:00Z,1.38598,1.38610,1.38568,1.38570,3368
2026-01-20T07:00:00Z,1.38571,1.38580,1.38487,1.38515,4159
2026-01-20T07:30:00Z,1.38514,1.38517,1.38370,1.38376,5767
2026-01-20T08:00:00Z,1.38377,1.38382,1.38282,1.38360,5445
2026-01-20T08:30:00Z,1.38362,1.38394,1.38290,1.38316,9259
2026-01-20T09:00:00Z,1.38315,1.38354,1.38273,1.38274,7892
2026-01-20T09:30:00Z,1.38273,1.38314,1.38239,1.38271,4593
2026-01-20T10:00:00Z,1.38271,1.38315,1.38251,1.38277,5223
2026-01-20T10:30:00Z,1.38276,1.38294,1.38237,1.38256,2545
2026-01-20T11:00:00Z,1.38256,1.38292,1.38205,1.38225,4237
2026-01-20T11:30:00Z,1.38226,1.38238,1.38147,1.38187,3759
2026-01-20T12:00:00Z,1.38188,1.38258,1.38137,1.38157,4380
2026-01-20T12:30:00Z,1.38158,1.38305,1.38158,1.38262,4638
2026-01-20T13:00:00Z,1.38262,1.38339,1.38178,1.38322,6022
2026-01-20T13:30:00Z,1.38321,1.38378,1.38165,1.38275,11282
2026-01-20T14:00:00Z,1.38275,1.38346,1.38197,1.38279,10774
2026-01-20T14:30:00Z,1.38280,1.38403,1.38263,1.38365,11318
2026-01-20T15:00:00Z,1.38367,1.38392,1.38272,1.38305,8902
2026-01-20T15:30:00Z,1.38305,1.38326,1.38197,1.38294,7272
2026-01-20T16:00:00Z,1.38294,1.38312,1.38228,1.38238,8914
2026-01-20T16:30:00Z,1.38238,1.38282,1.38197,1.38219,4458
2026-01-20T17:00:00Z,1.38219,1.38245,1.38176,1.38228,5846
2026-01-20T17:30:00Z,1.38229,1.38328,1.38226,1.38310,3708
2026-01-20T18:00:00Z,1.38310,1.38321,1.38251,1.38272,3327
2026-01-20T18:30:00Z,1.38271,1.38331,1.38248,1.38300,3619
2026-01-20T19:00:00Z,1.38298,1.38309,1.38273,1.38287,3710
2026-01-20T19:30:00Z,1.38286,1.38350,1.38282,1.38340,3387
2026-01-20T20:00:00Z,1.38339,1.38367,1.38301,1.38318,7235
2026-01-20T20:30:00Z,1.38317,1.38341,1.38289,1.38321,4835
2026-01-20T21:00:00Z,1.38320,1.38393,1.38291,1.38393,1510
2026-01-20T21:30:00Z,1.38392,1.38430,1.38343,1.38348,4532
2026-01-20T22:00:00Z,1.38322,1.38351,1.38287,1.38344,447
2026-01-20T22:30:00Z,1.38343,1.38355,1.38285,1.38348,457
2026-01-20T23:00:00Z,1.38346,1.38375,1.38338,1.38342,1065
2026-01-20T23:30:00Z,1.38342,1.38353,1.38321,1.38329,1306
2026-01-21T00:00:00Z,1.38332,1.38384,1.38332,1.38378,2353
2026-01-21T00:30:00Z,1.38378,1.38400,1.38347,1.38352,2851
2026-01-21T01:00:00Z,1.38351,1.38351,1.38276,1.38277,5461
2026-01-21T01:30:00Z,1.38277,1.38284,1.38233,1.38259,3927
2026-01-21T02:00:00Z,1.38259,1.38298,1.38251,1.38295,1562
2026-01-21T02:30:00Z,1.38296,1.38319,1.38264,1.38318,2830
2026-01-21T03:00:00Z,1.38314,1.38373,1.38296,1.38368,1600
2026-01-21T03:30:00Z,1.38367,1.38381,1.38343,1.38354,2595
2026-01-21T04:00:00Z,1.38355,1.38393,1.38353,1.38388,1472
2026-01-21T04:30:00Z,1.38390,1.38399,1.38359,1.38375,1108
2026-01-21T05:00:00Z,1.38375,1.38378,1.38335,1.38341,1494
2026-01-21T05:30:00Z,1.38341,1.38375,1.38329,1.38362,1620
2026-01-21T06:00:00Z,1.38361,1.38371,1.38325,1.38330,2450
2026-01-21T06:30:00Z,1.38330,1.38336,1.38277,1.38305,1615
2026-01-21T07:00:00Z,1.38306,1.38342,1.38279,1.38284,3222
2026-01-21T07:30:00Z,1.38285,1.38382,1.38279,1.38321,3953
2026-01-21T08:00:00Z,1.38322,1.38379,1.38308,1.38344,6617
2026-01-21T08:30:00Z,1.38343,1.38381,1.38302,1.38364,4098
2026-01-21T09:00:00Z,1.38364,1.38384,1.38311,1.38317,4263
2026-01-21T09:30:00Z,1.38318,1.38424,1.38318,1.38403,3678
2026-01-21T10:00:00Z,1.38403,1.38403,1.38351,1.38378,4496
2026-01-21T10:30:00Z,1.38378,1.38416,1.38342,1.38364,5463
2026-01-21T11:00:00Z,1.38365,1.38382,1.38246,1.38255,5599
2026-01-21T11:30:00Z,1.38253,1.38301,1.38243,1.38295,4172
2026-01-21T12:00:00Z,1.38294,1.38297,1.38105,1.38117,3097
2026-01-21T12:30:00Z,1.38116,1.38117,1.37956,1.37958,1832
2026-01-21T13:00:00Z,1.37958,1.38048,1.37916,1.37994,3239
2026-01-21T13:30:00Z,1.37999,1.38032,1.37905,1.37937,3589
2026-01-21T14:00:00Z,1.37936,1.38051,1.37870,1.37969,4690
2026-01-21T14:30:00Z,1.37969,1.38020,1.37851,1.37978,7331
2026-01-21T15:00:00Z,1.37976,1.38165,1.37871,1.38156,7011
2026-01-21T15:30:00Z,1.38155,1.38164,1.37971,1.37974,5789
2026-01-21T16:00:00Z,1.37972,1.38136,1.37958,1.38089,3440
2026-01-21T16:30:00Z,1.38089,1.38214,1.38036,1.38154,4538
2026-01-21T17:00:00Z,1.38152,1.38238,1.38134,1.38157,4301
2026-01-21T17:30:00Z,1.38157,1.38284,1.38150,1.38156,4839
2026-01-21T18:00:00Z,1.38156,1.38260,1.38155,1.38221,2705
2026-01-21T18:30:00Z,1.38221,1.38270,1.38199,1.38211,2168
2026-01-21T19:00:00Z,1.38212,1.38272,1.38185,1.38239,3221
2026-01-21T19:30:00Z,1.38244,1.38373,1.38218,1.38295,9269
2026-01-21T20:00:00Z,1.38295,1.38384,1.38289,1.38361,5398
2026-01-21T20:30:00Z,1.38361,1.38362,1.38266,1.38308,2289
2026-01-21T21:00:00Z,1.38308,1.38397,1.38301,1.38397,915
2026-01-21T21:30:00Z,1.38395,1.38397,1.38283,1.38324,1543
2026-01-21T22:00:00Z,1.38327,1.38327,1.38294,1.38300,287
2026-01-21T22:30:00Z,1.38302,1.38341,1.38302,1.38321,676
2026-01-21T23:00:00Z,1.38316,1.38392,1.38310,1.38390,1083
2026-01-21T23:30:00Z,1.38390,1.38437,1.38390,1.38437,1432
2026-01-22T00:00:00Z,1.38436,1.38446,1.38376,1.38393,1803
2026-01-22T00:30:00Z,1.38390,1.38390,1.38266,1.38288,5609
2026-01-22T01:00:00Z,1.38289,1.38311,1.38260,1.38272,4685
2026-01-22T01:30:00Z,1.38273,1.38302,1.38258,1.38264,5364
2026-01-22T02:00:00Z,1.38262,1.38299,1.38216,1.38299,2624
2026-01-22T02:30:00Z,1.38298,1.38308,1.38264,1.38269,1774
2026-01-22T03:00:00Z,1.38270,1.38270,1.38230,1.38255,2754
2026-01-22T03:30:00Z,1.38255,1.38271,1.38229,1.38235,2800
2026-01-22T04:00:00Z,1.38236,1.38236,1.38160,1.38196,2684
2026-01-22T04:30:00Z,1.38196,1.38231,1.38196,1.38206,2549
2026-01-22T05:00:00Z,1.38206,1.38248,1.38206,1.38237,3781
2026-01-22T05:30:00Z,1.38236,1.38253,1.38204,1.38206,2465
2026-01-22T06:00:00Z,1.38204,1.38243,1.38195,1.38219,2300
2026-01-22T06:30:00Z,1.38219,1.38246,1.38182,1.38215,2985
2026-01-22T07:00:00Z,1.38216,1.38232,1.38178,1.38196,3809
2026-01-22T07:30:00Z,1.38197,1.38228,1.38177,1.38200,4536
2026-01-22T08:00:00Z,1.38199,1.38302,1.38192,1.38255,5030
2026-01-22T08:30:00Z,1.38253,1.38300,1.38210,1.38217,2860
2026-01-22T09:00:00Z,1.38215,1.38217,1.38143,1.38174,4081
2026-01-22T09:30:00Z,1.38175,1.38273,1.38171,1.38251,2629
2026-01-22T10:00:00Z,1.38251,1.38328,1.38231,1.38307,1533
2026-01-22T10:30:00Z,1.38309,1.38317,1.38223,1.38229,3015
2026-01-22T11:00:00Z,1.38229,1.38291,1.38217,1.38239,3469
2026-01-22T11:30:00Z,1.38238,1.38282,1.38214,1.38277,2365
2026-01-22T12:00:00Z,1.38278,1.38282,1.38132,1.38193,1790
2026-01-22T12:30:00Z,1.38194,1.38198,1.38106,1.38154,2925
2026-01-22T13:00:00Z,1.38153,1.38162,1.38042,1.38059,4456
2026-01-22T13:30:00Z,1.38061,1.38143,1.38034,1.38077,4219
2026-01-22T14:00:00Z,1.38076,1.38085,1.38034,1.38048,2501
2026-01-22T14:30:00Z,1.38048,1.38166,1.37961,1.38106,5008
2026-01-22T15:00:00Z,1.38110,1.38206,1.38046,1.38048,4782
2026-01-22T15:30:00Z,1.38047,1.38112,1.37964,1.38018,5279
2026-01-22T16:00:00Z,1.38021,1.38057,1.37908,1.37991,5007
2026-01-22T16:30:00Z,1.37992,1.38020,1.37963,1.37995,3845
2026-01-22T17:00:00Z,1.37996,1.38079,1.37959,1.37965,3808
2026-01-22T17:30:00Z,1.37965,1.37966,1.37839,1.37850,4637
2026-01-22T18:00:00Z,1.37851,1.37917,1.37850,1.37883,2163
2026-01-22T18:30:00Z,1.37883,1.37883,1.37825,1.37851,1692
2026-01-22T19:00:00Z,1.37851,1.37887,1.37836,1.37876,2274
2026-01-22T19:30:00Z,1.37875,1.37914,1.37872,1.37912,1833
2026-01-22T20:00:00Z,1.37910,1.37928,1.37873,1.37895,2721
2026-01-22T20:30:00Z,1.37896,1.37901,1.37857,1.37875,1754
2026-01-22T21:00:00Z,1.37876,1.37897,1.37859,1.37864,1016
2026-01-22T21:30:00Z,1.37865,1.37883,1.37833,1.37844,1174
2026-01-22T22:00:00Z,1.37839,1.37874,1.37830,1.37851,661
2026-01-22T22:30:00Z,1.37849,1.37855,1.37840,1.37840,149
2026-01-22T23:00:00Z,1.37837,1.37845,1.37813,1.37834,773
2026-01-22T23:30:00Z,1.37834,1.37858,1.37834,1.37842,732
2026-01-23T00:00:00Z,1.37844,1.37921,1.37844,1.37885,1301
2026-01-23T00:30:00Z,1.37886,1.37896,1.37860,1.37887,1223
2026-01-23T01:00:00Z,1.37885,1.37889,1.37835,1.37868,3043
2026-01-23T01:30:00Z,1.37870,1.37894,1.37852,1.37873,1797
2026-01-23T02:00:00Z,1.37873,1.37957,1.37873,1.37915,1114
2026-01-23T02:30:00Z,1.37915,1.37939,1.37898,1.37923,1483
2026-01-23T03:00:00Z,1.37924,1.37927,1.37892,1.37912,2323
2026-01-23T03:30:00Z,1.37912,1.37952,1.37894,1.37941,1479
2026-01-23T04:00:00Z,1.37941,1.37958,1.37931,1.37951,570
2026-01-23T04:30:00Z,1.37949,1.37957,1.37881,1.37892,1342
2026-01-23T05:00:00Z,1.37891,1.37891,1.37830,1.37852,2070
2026-01-23T05:30:00Z,1.37852,1.37900,1.37849,1.37884,1616
2026-01-23T06:00:00Z,1.37884,1.37929,1.37872,1.37918,2264
2026-01-23T06:30:00Z,1.37917,1.37917,1.37871,1.37903,4024
2026-01-23T07:00:00Z,1.37901,1.37938,1.37852,1.37922,1767
2026-01-23T07:30:00Z,1.37920,1.37966,1.37892,1.37938,3936
2026-01-23T08:00:00Z,1.37939,1.37991,1.37897,1.37984,3009
2026-01-23T08:30:00Z,1.37981,1.37987,1.37851,1.37861,2682
2026-01-23T09:00:00Z,1.37862,1.37873,1.37835,1.37865,1998
2026-01-23T09:30:00Z,1.37862,1.37922,1.37843,1.37920,1889
2026-01-23T10:00:00Z,1.37918,1.37953,1.37892,1.37892,3082
2026-01-23T10:30:00Z,1.37889,1.37905,1.37814,1.37814,1681
2026-01-23T11:00:00Z,1.37814,1.37861,1.37812,1.37843,3871
2026-01-23T11:30:00Z,1.37843,1.37853,1.37778,1.37791,2802
2026-01-23T12:00:00Z,1.37790,1.37800,1.37708,1.37724,1934
2026-01-23T12:30:00Z,1.37723,1.37748,1.37676,1.37677,1626
2026-01-23T13:00:00Z,1.37676,1.37676,1.37596,1.37637,2517
2026-01-23T13:30:00Z,1.37638,1.37673,1.37585,1.37656,2299
2026-01-23T14:00:00Z,1.37657,1.37698,1.37609,1.37629,1977
2026-01-23T14:30:00Z,1.37629,1.37677,1.37494,1.37526,3513
2026-01-23T15:00:00Z,1.37520,1.37529,1.37442,1.37472,4116
2026-01-23T15:30:00Z,1.37472,1.37492,1.37344,1.37347,3105
2026-01-23T16:00:00Z,1.37346,1.37452,1.37325,1.37328,3422
2026-01-23T16:30:00Z,1.37326,1.37327,1.37233,1.37259,3317
2026-01-23T17:00:00Z,1.37259,1.37276,1.37083,1.37088,5352
2026-01-23T17:30:00Z,1.37089,1.37192,1.37033,1.37132,7840
2026-01-23T18:00:00Z,1.37131,1.37254,1.37128,1.37153,5034
2026-01-23T18:30:00Z,1.37151,1.37192,1.37125,1.37133,3545
2026-01-23T19:00:00Z,1.37132,1.37143,1.37032,1.37075,3134
2026-01-23T19:30:00Z,1.37075,1.37101,1.37031,1.37065,3545
2026-01-23T20:00:00Z,1.37063,1.37076,1.36944,1.37029,4539
2026-01-23T20:30:00Z,1.37028,1.37086,1.36943,1.36967,3064
2026-01-23T21:00:00Z,1.36969,1.36983,1.36941,1.36967,1391
2026-01-23T21:30:00Z,1.36968,1.37056,1.36932,1.36972,3626
2026-01-25T22:00:00Z,1.36960,1.37070,1.36939,1.37009,832
2026-01-25T22:30:00Z,1.37009,1.37050,1.36918,1.37010,3312
2026-01-25T23:00:00Z,1.37009,1.37026,1.36881,1.37025,3390
2026-01-25T23:30:00Z,1.37026,1.37094,1.36993,1.37004,3327
2026-01-26T00:00:00Z,1.37002,1.37057,1.36941,1.36957,5306
2026-01-26T00:30:00Z,1.36954,1.36982,1.36891,1.36894,3323
2026-01-26T01:00:00Z,1.36893,1.36905,1.36855,1.36873,3880
2026-01-26T01:30:00Z,1.36873,1.36891,1.36774,1.36839,3874
2026-01-26T02:00:00Z,1.36839,1.36870,1.36768,1.36775,4267
2026-01-26T02:30:00Z,1.36774,1.36835,1.36751,1.36824,3134
2026-01-26T03:00:00Z,1.36824,1.36872,1.36806,1.36846,3974
2026-01-26T03:30:00Z,1.36846,1.36868,1.36821,1.36858,1984
2026-01-26T04:00:00Z,1.36859,1.36892,1.36786,1.36824,3176
2026-01-26T04:30:00Z,1.36824,1.36835,1.36772,1.36805,1636
2026-01-26T05:00:00Z,1.36805,1.36826,1.36747,1.36766,2648
2026-01-26T05:30:00Z,1.36769,1.36806,1.36766,1.36805,2361
2026-01-26T06:00:00Z,1.36804,1.36853,1.36787,1.36804,3477
2026-01-26T06:30:00Z,1.36804,1.36819,1.36747,1.36815,2251
2026-01-26T07:00:00Z,1.36816,1.36890,1.36803,1.36833,3646
2026-01-26T07:30:00Z,1.36836,1.36959,1.36836,1.36958,2306
2026-01-26T08:00:00Z,1.36957,1.36958,1.36865,1.36886,3426
2026-01-26T08:30:00Z,1.36887,1.36893,1.36791,1.36836,3379
2026-01-26T09:00:00Z,1.36835,1.36848,1.36757,1.36758,3209
2026-01-26T09:30:00Z,1.36756,1.36814,1.36741,1.36760,2265
2026-01-26T10:00:00Z,1.36759,1.36776,1.36711,1.36742,1903
2026-01-26T10:30:00Z,1.36743,1.36792,1.36719,1.36791,1792
2026-01-26T11:00:00Z,1.36790,1.36864,1.36788,1.36840,1681
2026-01-26T11:30:00Z,1.36838,1.36872,1.36824,1.36843,1870
2026-01-26T12:00:00Z,1.36840,1.36878,1.36822,1.36874,1276
2026-01-26T12:30:00Z,1.36872,1.36988,1.36871,1.36979,1793
2026-01-26T13:00:00Z,1.36979,1.37124,1.36973,1.37054,2729
2026-01-26T13:30:00Z,1.37054,1.37102,1.37014,1.37030,3694
2026-01-26T14:00:00Z,1.37027,1.37062,1.36892,1.36950,4075
2026-01-26T14:30:00Z,1.36949,1.36998,1.36816,1.36883,4940
2026-01-26T15:00:00Z,1.36884,1.36978,1.36863,1.36944,4967
2026-01-26T15:30:00Z,1.36943,1.37005,1.36785,1.36795,5772
2026-01-26T16:00:00Z,1.36796,1.36952,1.36753,1.36928,4059
2026-01-26T16:30:00Z,1.36927,1.36994,1.36903,1.36935,3312
2026-01-26T17:00:00Z,1.36934,1.37111,1.36932,1.37109,3672
2026-01-26T17:30:00Z,1.37110,1.37114,1.37023,1.37030,4307
2026-01-26T18:00:00Z,1.37028,1.37063,1.36995,1.37027,3020
2026-01-26T18:30:00Z,1.37024,1.37043,1.36993,1.37042,3451
2026-01-26T19:00:00Z,1.37043,1.37172,1.37043,1.37154,3016
2026-01-26T19:30:00Z,1.37159,1.37197,1.37136,1.37159,3134
2026-01-26T20:00:00Z,1.37162,1.37173,1.37125,1.37163,2352
2026-01-26T20:30:00Z,1.37162,1.37163,1.37101,1.37125,3179
2026-01-26T21:00:00Z,1.37125,1.37151,1.37090,1.37122,958
2026-01-26T21:30:00Z,1.37123,1.37140,1.37073,1.37080,1775
2026-01-26T22:00:00Z,1.37042,1.37089,1.37011,1.37063,484
2026-01-26T22:30:00Z,1.37063,1.37106,1.37054,1.37099,432
2026-01-26T23:00:00Z,1.37101,1.37117,1.37074,1.37113,737
2026-01-26T23:30:00Z,1.37116,1.37142,1.37103,1.37141,693
2026-01-27T00:00:00Z,1.37141,1.37171,1.37125,1.37168,2475
2026-01-27T00:30:00Z,1.37168,1.37172,1.37136,1.37146,3332
2026-01-27T01:00:00Z,1.37146,1.37193,1.37144,1.37188,3694
2026-01-27T01:30:00Z,1.37189,1.37199,1.37154,1.37180,2754
2026-01-27T02:00:00Z,1.37180,1.37198,1.37080,1.37093,2487
2026-01-27T02:30:00Z,1.37094,1.37164,1.37079,1.37147,2704
2026-01-27T03:00:00Z,1.37149,1.37235,1.37149,1.37222,3930
2026-01-27T03:30:00Z,1.37221,1.37240,1.37171,1.37233,1981
2026-01-27T04:00:00Z,1.37234,1.37352,1.37216,1.37329,2418
2026-01-27T04:30:00Z,1.37328,1.37346,1.37308,1.37320,1611
2026-01-27T05:00:00Z,1.37320,1.37362,1.37308,1.37352,1877
2026-01-27T05:30:00Z,1.37351,1.37388,1.37329,1.37346,2054
2026-01-27T06:00:00Z,1.37346,1.37374,1.37323,1.37372,1840
2026-01-27T06:30:00Z,1.37373,1.37387,1.37328,1.37360,1863
2026-01-27T07:00:00Z,1.37360,1.37387,1.37275,1.37276,2484
2026-01-27T07:30:00Z,1.37279,1.37338,1.37232,1.37317,2510
2026-01-27T08:00:00Z,1.37316,1.37377,1.37285,1.37357,3485
2026-01-27T08:30:00Z,1.37355,1.37379,1.37257,1.37262,3052
2026-01-27T09:00:00Z,1.37263,1.37279,1.37186,1.37192,2492
2026-01-27T09:30:00Z,1.37190,1.37194,1.37058,1.37072,2816
2026-01-27T10:00:00Z,1.37072,1.37139,1.37072,1.37097,2924
2026-01-27T10:30:00Z,1.37097,1.37119,1.37056,1.37072,2545
2026-01-27T11:00:00Z,1.37073,1.37103,1.37053,1.37089,2191
2026-01-27T11:30:00Z,1.37089,1.37109,1.37046,1.37058,1765
2026-01-27T12:00:00Z,1.37060,1.37068,1.36878,1.36909,2992
2026-01-27T12:30:00Z,1.36911,1.36953,1.36799,1.36808,3735
2026-01-27T13:00:00Z,1.36807,1.36807,1.36706,1.36749,5925
2026-01-27T13:30:00Z,1.36751,1.36751,1.36574,1.36707,4786
2026-01-27T14:00:00Z,1.36706,1.36726,1.36496,1.36499,6976
2026-01-27T14:30:00Z,1.36499,1.36509,1.36313,1.36393,7594
2026-01-27T15:00:00Z,1.36394,1.36394,1.36052,1.36149,8581
2026-01-27T15:30:00Z,1.36150,1.36231,1.36055,1.36099,6147
2026-01-27T16:00:00Z,1.36100,1.36111,1.35945,1.35997,5305
2026-01-27T16:30:00Z,1.35999,1.36058,1.35908,1.35994,4950
2026-01-27T17:00:00Z,1.35993,1.36087,1.35964,1.36068,5803
2026-01-27T17:30:00Z,1.36067,1.36087,1.35961,1.35976,3913
2026-01-27T18:00:00Z,1.35976,1.36080,1.35953,1.36068,3829
2026-01-27T18:30:00Z,1.36067,1.36144,1.36018,1.36097,3334
2026-01-27T19:00:00Z,1.36097,1.36138,1.36065,1.36133,3120
2026-01-27T19:30:00Z,1.36132,1.36172,1.36089,1.36149,3680
2026-01-27T20:00:00Z,1.36150,1.36162,1.36070,1.36079,4606
2026-01-27T20:30:00Z,1.36078,1.36228,1.35585,1.35808,12034
2026-01-27T21:00:00Z,1.35808,1.35932,1.35745,1.35773,5944
2026-01-27T21:30:00Z,1.35778,1.35849,1.35725,1.35725,4006
2026-01-27T22:00:00Z,1.35642,1.35744,1.35642,1.35683,2813
2026-01-27T22:30:00Z,1.35689,1.35721,1.35632,1.35687,852
2026-01-27T23:00:00Z,1.35687,1.35896,1.35685,1.35868,1742
2026-01-27T23:30:00Z,1.35868,1.35937,1.35849,1.35926,1760
2026-01-28T00:00:00Z,1.35923,1.36039,1.35916,1.36023,3141
2026-01-28T00:30:00Z,1.36021,1.36059,1.35927,1.36024,6356
2026-01-28T01:00:00Z,1.36025,1.36103,1.36005,1.36067,4732
2026-01-28T01:30:00Z,1.36068,1.36128,1.36035,1.36118,2616
2026-01-28T02:00:00Z,1.36117,1.36144,1.36071,1.36081,2499
2026-01-28T02:30:00Z,1.36082,1.36088,1.36039,1.36058,1780
2026-01-28T03:00:00Z,1.36058,1.36061,1.35957,1.35980,2713
2026-01-28T03:30:00Z,1.35981,1.36040,1.35981,1.36003,2133
2026-01-28T04:00:00Z,1.36002,1.36041,1.35990,1.36001,2306
2026-01-28T04:30:00Z,1.36001,1.36007,1.35899,1.35936,2190
2026-01-28T05:00:00Z,1.35936,1.36001,1.35870,1.35881,3218
2026-01-28T05:30:00Z,1.35881,1.35897,1.35837,1.35843,1936
2026-01-28T06:00:00Z,1.35842,1.35854,1.35761,1.35823,2797
2026-01-28T06:30:00Z,1.35821,1.35861,1.35781,1.35848,2597
2026-01-28T07:00:00Z,1.35848,1.35859,1.35667,1.35725,2805
2026-01-28T07:30:00Z,1.35727,1.35855,1.35723,1.35832,3706
2026-01-28T08:00:00Z,1.35830,1.35830,1.35657,1.35657,3967
2026-01-28T08:30:00Z,1.35657,1.35802,1.35604,1.35770,4763
2026-01-28T09:00:00Z,1.35769,1.35773,1.35648,1.35680,4792
2026-01-28T09:30:00Z,1.35680,1.35705,1.35605,1.35639,3355
2026-01-28T10:00:00Z,1.35638,1.35648,1.35595,1.35610,3269
2026-01-28T10:30:00Z,1.35607,1.35656,1.35560,1.35580,3539
2026-01-28T11:00:00Z,1.35579,1.35737,1.35577,1.35736,4953
2026-01-28T11:30:00Z,1.35734,1.35773,1.35698,1.35737,3359
2026-01-28T12:00:00Z,1.35737,1.35740,1.35561,1.35579,3821
2026-01-28T12:30:00Z,1.35578,1.35599,1.35505,1.35581,2912
2026-01-28T13:00:00Z,1.35579,1.35710,1.35563,1.35647,4035
2026-01-28T13:30:00Z,1.35647,1.35647,1.35528,1.35576,5547
2026-01-28T14:00:00Z,1.35574,1.35574,1.35497,1.35537,3641
2026-01-28T14:30:00Z,1.35537,1.35569,1.35351,1.35543,8595
2026-01-28T15:00:00Z,1.35544,1.35911,1.35416,1.35638,16748
2026-01-28T15:30:00Z,1.35637,1.35653,1.35465,1.35596,9658
2026-01-28T16:00:00Z,1.35596,1.35811,1.35572,1.35771,6963
2026-01-28T16:30:00Z,1.35768,1.35866,1.35737,1.35772,4877
2026-01-28T17:00:00Z,1.35773,1.35820,1.35720,1.35757,2466
2026-01-28T17:30:00Z,1.35756,1.35864,1.35703,1.35730,3190
2026-01-28T18:00:00Z,1.35732,1.35902,1.35725,1.35869,2640
2026-01-28T18:30:00Z,1.35867,1.36022,1.35858,1.35904,2965
2026-01-28T19:00:00Z,1.35903,1.36075,1.35843,1.35959,6713
2026-01-28T19:30:00Z,1.35966,1.35998,1.35682,1.35687,8533
2026-01-28T20:00:00Z,1.35684,1.35701,1.35573,1.35582,5245
2026-01-28T20:30:00Z,1.35580,1.35590,1.35494,1.35575,4762
2026-01-28T21:00:00Z,1.35573,1.35610,1.35458,1.35523,1614
2026-01-28T21:30:00Z,1.35524,1.35590,1.35503,1.35550,1264
2026-01-28T22:00:00Z,1.35547,1.35646,1.35504,1.35562,546
2026-01-28T22:30:00Z,1.35559,1.35688,1.35557,1.35593,1571
2026-01-28T23:00:00Z,1.35592,1.35640,1.35458,1.35475,2021
2026-01-28T23:30:00Z,1.35474,1.35478,1.35362,1.35376,4689
2026-01-29T00:00:00Z,1.35376,1.35460,1.35327,1.35355,5358
2026-01-29T00:30:00Z,1.35356,1.35410,1.35303,1.35391,5588
2026-01-29T01:00:00Z,1.35392,1.35539,1.35392,1.35502,5048
2026-01-29T01:30:00Z,1.35500,1.35533,1.35434,1.35511,4382
2026-01-29T02:00:00Z,1.35511,1.35578,1.35427,1.35427,4416
2026-01-29T02:30:00Z,1.35425,1.35447,1.35357,1.35387,2968
2026-01-29T03:00:00Z,1.35389,1.35394,1.35271,1.35288,3291
2026-01-29T03:30:00Z,1.35289,1.35312,1.35201,1.35206,3036
2026-01-29T04:00:00Z,1.35205,1.35272,1.35191,1.35217,3075
2026-01-29T04:30:00Z,1.35216,1.35233,1.35189,1.35211,2410
2026-01-29T05:00:00Z,1.35212,1.35271,1.35156,1.35239,3100
2026-01-29T05:30:00Z,1.35238,1.35261,1.35192,1.35256,3131
2026-01-29T06:00:00Z,1.35257,1.35278,1.35178,1.35193,5425
2026-01-29T06:30:00Z,1.35192,1.35217,1.35162,1.35181,4150
2026-01-29T07:00:00Z,1.35182,1.35260,1.35089,1.35253,3302
2026-01-29T07:30:00Z,1.35253,1.35329,1.35232,1.35266,2909
2026-01-29T08:00:00Z,1.35265,1.35274,1.35175,1.35243,3748
2026-01-29T08:30:00Z,1.35244,1.35364,1.35212,1.35299,3860
2026-01-29T09:00:00Z,1.35300,1.35346,1.35270,1.35296,3502
2026-01-29T09:30:00Z,1.35296,1.35404,1.35242,1.35347,3369
2026-01-29T10:00:00Z,1.35346,1.35435,1.35328,1.35388,2769
2026-01-29T10:30:00Z,1.35388,1.35615,1.35381,1.35598,3215
2026-01-29T11:00:00Z,1.35596,1.35622,1.35522,1.35543,3941
2026-01-29T11:30:00Z,1.35545,1.35564,1.35469,1.35488,2656
2026-01-29T12:00:00Z,1.35486,1.35518,1.35432,1.35437,2935
2026-01-29T12:30:00Z,1.35436,1.35436,1.35228,1.35236,3857
2026-01-29T13:00:00Z,1.35235,1.35275,1.35075,1.35083,5785
2026-01-29T13:30:00Z,1.35077,1.35270,1.35065,1.35197,6408
2026-01-29T14:00:00Z,1.35194,1.35206,1.34990,1.35044,7752
2026-01-29T14:30:00Z,1.35044,1.35114,1.34913,1.35037,9504
2026-01-29T15:00:00Z,1.35036,1.35753,1.35028,1.35744,18346
2026-01-29T15:30:00Z,1.35743,1.35774,1.35514,1.35542,23056
2026-01-29T16:00:00Z,1.35544,1.35573,1.35270,1.35365,11042
2026-01-29T16:30:00Z,1.35366,1.35437,1.35087,1.35198,8053
2026-01-29T17:00:00Z,1.35197,1.35206,1.35052,1.35106,6288
2026-01-29T17:30:00Z,1.35105,1.35183,1.35011,1.35147,4760
2026-01-29T18:00:00Z,1.35148,1.35213,1.35081,1.35111,4406
2026-01-29T18:30:00Z,1.35112,1.35138,1.34909,1.34996,4354
2026-01-29T19:00:00Z,1.34996,1.35056,1.34929,1.34934,5456
2026-01-29T19:30:00Z,1.34934,1.35014,1.34926,1.34978,3989
2026-01-29T20:00:00Z,1.34977,1.35046,1.34977,1.35013,3704
2026-01-29T20:30:00Z,1.35013,1.35024,1.34868,1.34893,2301
2026-01-29T21:00:00Z,1.34899,1.34976,1.34882,1.34902,1469
2026-01-29T21:30:00Z,1.34901,1.34937,1.34842,1.34885,3542
2026-01-29T22:00:00Z,1.34884,1.34933,1.34853,1.34923,170
2026-01-29T22:30:00Z,1.34926,1.34932,1.34842,1.34853,654
2026-01-29T23:00:00Z,1.34849,1.35056,1.34842,1.34897,1369
2026-01-29T23:30:00Z,1.34896,1.34936,1.34811,1.34911,1861
2026-01-30T00:00:00Z,1.34910,1.35041,1.34839,1.35015,2510
2026-01-30T00:30:00Z,1.35015,1.35152,1.34989,1.35147,4405
2026-01-30T01:00:00Z,1.35147,1.35250,1.35112,1.35189,4368
2026-01-30T01:30:00Z,1.35191,1.35287,1.35144,1.35283,3566
2026-01-30T02:00:00Z,1.35282,1.35451,1.35265,1.35360,8087
2026-01-30T02:30:00Z,1.35359,1.35406,1.35215,1.35216,7078
2026-01-30T03:00:00Z,1.35214,1.35269,1.35184,1.35192,3696
2026-01-30T03:30:00Z,1.35193,1.35246,1.35163,1.35194,5197
2026-01-30T04:00:00Z,1.35195,1.35201,1.35109,1.35179,3466
2026-01-30T04:30:00Z,1.35180,1.35218,1.35146,1.35178,1927
2026-01-30T05:00:00Z,1.35178,1.35188,1.35091,1.35177,3750
2026-01-30T05:30:00Z,1.35176,1.35243,1.35156,1.35166,4270
2026-01-30T06:00:00Z,1.35167,1.35201,1.35106,1.35196,2897
2026-01-30T06:30:00Z,1.35197,1.35294,1.35143,1.35274,3982
2026-01-30T07:00:00Z,1.35274,1.35278,1.35160,1.35202,3450
2026-01-30T07:30:00Z,1.35202,1.35263,1.35078,1.35130,3212
2026-01-30T08:00:00Z,1.35128,1.35219,1.35069,1.35212,4072
2026-01-30T08:30:00Z,1.35214,1.35299,1.35158,1.35191,4367
2026-01-30T09:00:00Z,1.35192,1.35378,1.35164,1.35372,5343
2026-01-30T09:30:00Z,1.35370,1.35527,1.35315,1.35447,5818
2026-01-30T10:00:00Z,1.35450,1.35468,1.35365,1.35402,3939
2026-01-30T10:30:00Z,1.35404,1.35411,1.35304,1.35366,3163
2026-01-30T11:00:00Z,1.35365,1.35369,1.35176,1.35201,5000
2026-01-30T11:30:00Z,1.35200,1.35244,1.35044,1.35050,5164
2026-01-30T12:00:00Z,1.35051,1.35089,1.34926,1.35057,2929
2026-01-30T12:30:00Z,1.35056,1.35299,1.35036,1.35286,3312
2026-01-30T13:00:00Z,1.35287,1.35352,1.35211,1.35233,4893
2026-01-30T13:30:00Z,1.35229,1.35552,1.35229,1.35453,7673
2026-01-30T14:00:00Z,1.35453,1.35453,1.35234,1.35343,6703
2026-01-30T14:30:00Z,1.35345,1.35356,1.35110,1.35245,6984
2026-01-30T15:00:00Z,1.35244,1.35372,1.35161,1.35266,8339
2026-01-30T15:30:00Z,1.35268,1.35436,1.35193,1.35418,8794
2026-01-30T16:00:00Z,1.35419,1.35645,1.35413,1.35637,12286
2026-01-30T16:30:00Z,1.35638,1.35648,1.35505,1.35562,8100
2026-01-30T17:00:00Z,1.35563,1.35756,1.35552,1.35651,7452
2026-01-30T17:30:00Z,1.35652,1.35885,1.35640,1.35827,6930
2026-01-30T18:00:00Z,1.35828,1.36091,1.35782,1.36055,9851
2026-01-30T18:30:00Z,1.36057,1.36169,1.35741,1.35786,12730
2026-01-30T19:00:00Z,1.35786,1.35856,1.35708,1.35838,7266
2026-01-30T19:30:00Z,1.35838,1.35943,1.35781,1.35879,11201
2026-01-30T20:00:00Z,1.35877,1.36050,1.35875,1.36044,6083
2026-01-30T20:30:00Z,1.36043,1.36174,1.35968,1.36166,4745
2026-01-30T21:00:00Z,1.36165,1.36224,1.36091,1.36202,3056
2026-01-30T21:30:00Z,1.36200,1.36247,1.36119,1.36139,3667
2026-02-01T22:00:00Z,1.36007,1.36165,1.35985,1.36055,344
2026-02-01T22:30:00Z,1.36063,1.36166,1.36025,1.36084,3630
2026-02-01T23:00:00Z,1.36084,1.36575,1.36061,1.36476,3661
2026-02-01T23:30:00Z,1.36474,1.36505,1.36302,1.36382,4556
2026-02-02T00:00:00Z,1.36382,1.36382,1.36131,1.36138,8690
2026-02-02T00:30:00Z,1.36140,1.36211,1.36133,1.36173,5883
2026-02-02T01:00:00Z,1.36174,1.36478,1.36172,1.36353,7343
2026-02-02T01:30:00Z,1.36351,1.36404,1.36232,1.36249,9034
2026-02-02T02:00:00Z,1.36250,1.36311,1.36190,1.36310,10258
2026-02-02T02:30:00Z,1.36310,1.36458,1.36234,1.36437,6363
2026-02-02T03:00:00Z,1.36438,1.36492,1.36367,1.36424,6619
2026-02-02T03:30:00Z,1.36423,1.36498,1.36400,1.36476,7349
2026-02-02T04:00:00Z,1.36474,1.36505,1.36375,1.36453,4637
2026-02-02T04:30:00Z,1.36454,1.36492,1.36415,1.36435,4395
2026-02-02T05:00:00Z,1.36437,1.36595,1.36434,1.36591,5243
2026-02-02T05:30:00Z,1.36587,1.36716,1.36570,1.36614,6885
2026-02-02T06:00:00Z,1.36615,1.36745,1.36590,1.36685,7672
2026-02-02T06:30:00Z,1.36686,1.36727,1.36558,1.36589,4395
2026-02-02T07:00:00Z,1.36587,1.36618,1.36502,1.36503,4122
2026-02-02T07:30:00Z,1.36504,1.36614,1.36491,1.36518,3591
2026-02-02T08:00:00Z,1.36518,1.36544,1.36344,1.36344,3938
2026-02-02T08:30:00Z,1.36344,1.36469,1.36266,1.36431,3464
2026-02-02T09:00:00Z,1.36434,1.36543,1.36406,1.36480,4262
2026-02-02T09:30:00Z,1.36478,1.36508,1.36303,1.36312,4125
2026-02-02T10:00:00Z,1.36313,1.36357,1.36271,1.36335,3402
2026-02-02T10:30:00Z,1.36335,1.36401,1.36300,1.36332,2413
2026-02-02T11:00:00Z,1.36331,1.36363,1.36277,1.36285,2730
2026-02-02T11:30:00Z,1.36284,1.36342,1.36245,1.36322,2280
2026-02-02T12:00:00Z,1.36321,1.36397,1.36267,1.36338,3865
2026-02-02T12:30:00Z,1.36339,1.36416,1.36323,1.36366,3412
2026-02-02T13:00:00Z,1.36363,1.36582,1.36362,1.36538,5655
2026-02-02T13:30:00Z,1.36540,1.36659,1.36525,1.36626,4910
2026-02-02T14:00:00Z,1.36634,1.36704,1.36563,1.36675,4748
2026-02-02T14:30:00Z,1.36675,1.36707,1.36370,1.36546,9931
2026-02-02T15:00:00Z,1.36553,1.36742,1.36530,1.36614,9469
2026-02-02T15:30:00Z,1.36615,1.36928,1.36526,1.36915,8406
2026-02-02T16:00:00Z,1.36914,1.36927,1.36712,1.36795,9464
2026-02-02T16:30:00Z,1.36797,1.36892,1.36714,1.36764,8491
2026-02-02T17:00:00Z,1.36766,1.36847,1.36724,1.36826,4434
2026-02-02T17:30:00Z,1.36828,1.36859,1.36755,1.36848,3269
2026-02-02T18:00:00Z,1.36850,1.37022,1.36838,1.36977,4274
2026-02-02T18:30:00Z,1.36975,1.36975,1.36840,1.36935,2752
2026-02-02T19:00:00Z,1.36935,1.36960,1.36893,1.36897,2231
2026-02-02T19:30:00Z,1.36897,1.36934,1.36798,1.36841,2753
2026-02-02T20:00:00Z,1.36840,1.36890,1.36776,1.36784,4149
2026-02-02T20:30:00Z,1.36785,1.36811,1.36700,1.36722,4370
2026-02-02T21:00:00Z,1.36722,1.36789,1.36670,1.36776,1828
2026-02-02T21:30:00Z,1.36777,1.36826,1.36757,1.36799,2178
2026-02-02T22:00:00Z,1.36798,1.36816,1.36738,1.36804,346
2026-02-02T22:30:00Z,1.36804,1.36813,1.36785,1.36786,471
2026-02-02T23:00:00Z,1.36784,1.36831,1.36756,1.36767,1297
2026-02-02T23:30:00Z,1.36768,1.36777,1.36727,1.36727,1899
2026-02-03T00:00:00Z,1.36727,1.36733,1.36652,1.36667,2372
2026-02-03T00:30:00Z,1.36666,1.36685,1.36627,1.36632,3378
2026-02-03T01:00:00Z,1.36630,1.36679,1.36606,1.36637,4935
2026-02-03T01:30:00Z,1.36637,1.36656,1.36583,1.36607,4119
2026-02-03T02:00:00Z,1.36607,1.36750,1.36592,1.36750,4690
2026-02-03T02:30:00Z,1.36750,1.36798,1.36734,1.36766,3226
2026-02-03T03:00:00Z,1.36767,1.36801,1.36736,1.36769,3949
2026-02-03T03:30:00Z,1.36771,1.36775,1.36545,1.36569,7185
2026-02-03T04:00:00Z,1.36569,1.36599,1.36545,1.36584,3353
2026-02-03T04:30:00Z,1.36584,1.36664,1.36567,1.36621,3336
2026-02-03T05:00:00Z,1.36623,1.36672,1.36601,1.36620,3172
2026-02-03T05:30:00Z,1.36621,1.36647,1.36581,1.36646,3606
2026-02-03T06:00:00Z,1.36646,1.36654,1.36537,1.36565,4125
2026-02-03T06:30:00Z,1.36565,1.36633,1.36564,1.36616,4265
2026-02-03T07:00:00Z,1.36616,1.36638,1.36568,1.36592,2284
2026-02-03T07:30:00Z,1.36590,1.36590,1.36509,1.36554,2861
2026-02-03T08:00:00Z,1.36559,1.36664,1.36541,1.36663,4910
2026-02-03T08:30:00Z,1.36664,1.36724,1.36571,1.36720,2223
2026-02-03T09:00:00Z,1.36720,1.36846,1.36694,1.36825,3701
2026-02-03T09:30:00Z,1.36825,1.36851,1.36772,1.36837,2797
2026-02-03T10:00:00Z,1.36837,1.36851,1.36767,1.36828,2353
2026-02-03T10:30:00Z,1.36827,1.36853,1.36792,1.36813,2015
2026-02-03T11:00:00Z,1.36813,1.36852,1.36766,1.36770,2113
2026-02-03T11:30:00Z,1.36769,1.36818,1.36748,1.36776,3152
2026-02-03T12:00:00Z,1.36776,1.36788,1.36675,1.36714,2603
2026-02-03T12:30:00Z,1.36713,1.36713,1.36560,1.36560,2131
2026-02-03T13:00:00Z,1.36560,1.36635,1.36464,1.36612,3917
2026-02-03T13:30:00Z,1.36612,1.36658,1.36546,1.36656,3792
2026-02-03T14:00:00Z,1.36657,1.36801,1.36655,1.36718,4364
2026-02-03T14:30:00Z,1.36722,1.36732,1.36573,1.36691,6558
2026-02-03T15:00:00Z,1.36690,1.36774,1.36469,1.36482,7569
2026-02-03T15:30:00Z,1.36482,1.36587,1.36449,1.36516,6402
2026-02-03T16:00:00Z,1.36517,1.36534,1.36358,1.36471,6497
2026-02-03T16:30:00Z,1.36469,1.36507,1.36414,1.36454,3664
2026-02-03T17:00:00Z,1.36454,1.36502,1.36361,1.36451,5546
2026-02-03T17:30:00Z,1.36455,1.36524,1.36406,1.36490,3657
2026-02-03T18:00:00Z,1.36490,1.36508,1.36395,1.36491,5080
2026-02-03T18:30:00Z,1.36491,1.36529,1.36445,1.36529,3736
2026-02-03T19:00:00Z,1.36534,1.36585,1.36438,1.36479,3927
2026-02-03T19:30:00Z,1.36480,1.36558,1.36433,1.36508,4263
2026-02-03T20:00:00Z,1.36510,1.36537,1.36376,1.36426,3085
2026-02-03T20:30:00Z,1.36428,1.36428,1.36328,1.36371,3227
2026-02-03T21:00:00Z,1.36370,1.36393,1.36321,1.36379,1583
2026-02-03T21:30:00Z,1.36378,1.36429,1.36340,1.36382,2044
2026-02-03T22:00:00Z,1.36383,1.36383,1.36288,1.36363,66
2026-02-03T22:30:00Z,1.36365,1.36374,1.36359,1.36372,451
2026-02-03T23:00:00Z,1.36361,1.36421,1.36352,1.36417,824
2026-02-03T23:30:00Z,1.36416,1.36424,1.36384,1.36398,616
2026-02-04T00:00:00Z,1.36398,1.36452,1.36397,1.36428,1265
2026-02-04T00:30:00Z,1.36427,1.36449,1.36406,1.36448,1209
2026-02-04T01:00:00Z,1.36451,1.36452,1.36330,1.36357,3010
2026-02-04T01:30:00Z,1.36356,1.36422,1.36348,1.36371,2669
2026-02-04T02:00:00Z,1.36372,1.36426,1.36320,1.36415,2208
2026-02-04T02:30:00Z,1.36416,1.36481,1.36406,1.36468,3079
2026-02-04T03:00:00Z,1.36467,1.36503,1.36464,1.36480,1922
2026-02-04T03:30:00Z,1.36480,1.36492,1.36435,1.36441,1998
2026-02-04T04:00:00Z,1.36442,1.36460,1.36406,1.36406,1136
2026-02-04T04:30:00Z,1.36407,1.36416,1.36365,1.36371,1505
2026-02-04T05:00:00Z,1.36370,1.36387,1.36354,1.36354,1330
2026-02-04T05:30:00Z,1.36354,1.36368,1.36328,1.36343,2110
2026-02-04T06:00:00Z,1.36341,1.36366,1.36300,1.36317,2123
2026-02-04T06:30:00Z,1.36318,1.36359,1.36306,1.36354,2288
2026-02-04T07:00:00Z,1.36354,1.36377,1.36314,1.36364,1756
2026-02-04T07:30:00Z,1.36368,1.36387,1.36326,1.36351,3184
2026-02-04T08:00:00Z,1.36350,1.36366,1.36284,1.36319,2918
2026-02-04T08:30:00Z,1.36320,1.36420,1.36316,1.36345,1787
2026-02-04T09:00:00Z,1.36347,1.36421,1.36327,1.36404,1884
2026-02-04T09:30:00Z,1.36406,1.36490,1.36393,1.36467,2066
2026-02-04T10:00:00Z,1.36468,1.36599,1.36455,1.36587,2121
2026-02-04T10:30:00Z,1.36587,1.36637,1.36552,1.36625,2341
2026-02-04T11:00:00Z,1.36625,1.36739,1.36610,1.36717,2353
2026-02-04T11:30:00Z,1.36717,1.36718,1.36619,1.36643,1979
2026-02-04T12:00:00Z,1.36645,1.36653,1.36558,1.36568,1758
2026-02-04T12:30:00Z,1.36570,1.36570,1.36468,1.36531,2428
2026-02-04T13:00:00Z,1.36532,1.36580,1.36450,1.36514,3150
2026-02-04T13:30:00Z,1.36514,1.36541,1.36436,1.36489,2871
2026-02-04T14:00:00Z,1.36489,1.36672,1.36483,1.36547,4767
2026-02-04T14:30:00Z,1.36543,1.36670,1.36508,1.36637,6913
2026-02-04T15:00:00Z,1.36636,1.36712,1.36540,1.36659,7340
2026-02-04T15:30:00Z,1.36659,1.36798,1.36634,1.36717,6842
2026-02-04T16:00:00Z,1.36716,1.36806,1.36703,1.36757,4839
2026-02-04T16:30:00Z,1.36757,1.36829,1.36652,1.36668,4406
2026-02-04T17:00:00Z,1.36669,1.36721,1.36585,1.36669,4449
2026-02-04T17:30:00Z,1.36670,1.36783,1.36659,1.36719,4719
2026-02-04T18:00:00Z,1.36719,1.36790,1.36683,1.36735,3711
2026-02-04T18:30:00Z,1.36736,1.36791,1.36728,1.36767,3295
2026-02-04T19:00:00Z,1.36767,1.36838,1.36711,1.36729,3959
2026-02-04T19:30:00Z,1.36729,1.36729,1.36641,1.36673,3064
2026-02-04T20:00:00Z,1.36672,1.36735,1.36654,1.36729,1755
2026-02-04T20:30:00Z,1.36729,1.36743,1.36650,1.36660,1610
2026-02-04T21:00:00Z,1.36660,1.36713,1.36624,1.36624,831
2026-02-04T21:30:00Z,1.36627,1.36665,1.36573,1.36596,2167
2026-02-04T22:00:00Z,1.36588,1.36597,1.36523,1.36578,197
2026-02-04T22:30:00Z,1.36577,1.36651,1.36573,1.36637,897
2026-02-04T23:00:00Z,1.36631,1.36682,1.36625,1.36679,1127
2026-02-04T23:30:00Z,1.36680,1.36717,1.36619,1.36708,2118
2026-02-05T00:00:00Z,1.36708,1.36708,1.36626,1.36632,1994
2026-02-05T00:30:00Z,1.36631,1.36667,1.36597,1.36626,2398
2026-02-05T01:00:00Z,1.36627,1.36678,1.36601,1.36652,5540
2026-02-05T01:30:00Z,1.36653,1.36676,1.36616,1.36672,2365
2026-02-05T02:00:00Z,1.36671,1.36833,1.36659,1.36786,5221
2026-02-05T02:30:00Z,1.36784,1.36927,1.36732,1.36908,5997
2026-02-05T03:00:00Z,1.36910,1.36925,1.36824,1.36860,3925
2026-02-05T03:30:00Z,1.36862,1.36903,1.36852,1.36860,4383
2026-02-05T04:00:00Z,1.36860,1.36869,1.36816,1.36831,2420
2026-02-05T04:30:00Z,1.36831,1.36843,1.36796,1.36824,3453
2026-02-05T05:00:00Z,1.36824,1.36887,1.36820,1.36856,2966
2026-02-05T05:30:00Z,1.36857,1.36896,1.36825,1.36840,3493
2026-02-05T06:00:00Z,1.36840,1.36887,1.36820,1.36856,3075
2026-02-05T06:30:00Z,1.36857,1.36880,1.36811,1.36839,2855
2026-02-05T07:00:00Z,1.36840,1.36875,1.36763,1.36823,1952
2026-02-05T07:30:00Z,1.36822,1.36879,1.36822,1.36869,2136
2026-02-05T08:00:00Z,1.36870,1.36874,1.36772,1.36783,4060
2026-02-05T08:30:00Z,1.36787,1.36919,1.36777,1.36861,2636
2026-02-05T09:00:00Z,1.36862,1.36973,1.36857,1.36961,2427
2026-02-05T09:30:00Z,1.36960,1.36997,1.36922,1.36992,1775
2026-02-05T10:00:00Z,1.36992,1.36998,1.36926,1.36926,1607
2026-02-05T10:30:00Z,1.36925,1.36943,1.36885,1.36920,1705
2026-02-05T11:00:00Z,1.36919,1.36931,1.36830,1.36831,2579
2026-02-05T11:30:00Z,1.36830,1.36878,1.36822,1.36833,1550
2026-02-05T12:00:00Z,1.36835,1.36922,1.36796,1.36850,3641
2026-02-05T12:30:00Z,1.36852,1.36920,1.36795,1.36832,5150
2026-02-05T13:00:00Z,1.36832,1.36872,1.36728,1.36731,4243
2026-02-05T13:30:00Z,1.36730,1.36755,1.36620,1.36675,7122
2026-02-05T14:00:00Z,1.36676,1.36704,1.36583,1.36648,7284
2026-02-05T14:30:00Z,1.36648,1.36712,1.36550,1.36581,13984
2026-02-05T15:00:00Z,1.36583,1.36716,1.36521,1.36692,11451
2026-02-05T15:30:00Z,1.36691,1.36856,1.36668,1.36841,7749
2026-02-05T16:00:00Z,1.36840,1.36935,1.36782,1.36806,6774
2026-02-05T16:30:00Z,1.36805,1.36824,1.36673,1.36713,6996
2026-02-05T17:00:00Z,1.36714,1.36815,1.36690,1.36690,11655
2026-02-05T17:30:00Z,1.36690,1.36747,1.36659,1.36736,4467
2026-02-05T18:00:00Z,1.36736,1.36818,1.36693,1.36811,2841
2026-02-05T18:30:00Z,1.36812,1.36821,1.36723,1.36786,4365
2026-02-05T19:00:00Z,1.36787,1.36803,1.36748,1.36771,2308
2026-02-05T19:30:00Z,1.36773,1.36830,1.36770,1.36813,4365
2026-02-05T20:00:00Z,1.36812,1.36832,1.36766,1.36809,2256
2026-02-05T20:30:00Z,1.36810,1.36961,1.36807,1.36961,3381
2026-02-05T21:00:00Z,1.36961,1.36994,1.36932,1.36982,1120
2026-02-05T21:30:00Z,1.36982,1.37109,1.36971,1.37090,1782
2026-02-05T22:00:00Z,1.37090,1.37095,1.36931,1.37069,309
2026-02-05T22:30:00Z,1.37068,1.37096,1.36969,1.37033,1077
2026-02-05T23:00:00Z,1.37035,1.37122,1.37030,1.37098,799
2026-02-05T23:30:00Z,1.37098,1.37137,1.37091,1.37116,1238
2026-02-06T00:00:00Z,1.37116,1.37240,1.37110,1.37152,3005
2026-02-06T00:30:00Z,1.37152,1.37152,1.37046,1.37048,3093
2026-02-06T01:00:00Z,1.37048,1.37139,1.37047,1.37106,4052
2026-02-06T01:30:00Z,1.37103,1.37119,1.37010,1.37037,5214
2026-02-06T02:00:00Z,1.37037,1.37040,1.36945,1.36956,4810
2026-02-06T02:30:00Z,1.36956,1.37007,1.36930,1.37004,2916
2026-02-06T03:00:00Z,1.37005,1.37042,1.36956,1.37014,1887
2026-02-06T03:30:00Z,1.37017,1.37045,1.36998,1.37013,1640
2026-02-06T04:00:00Z,1.37012,1.37016,1.36980,1.36992,1170
2026-02-06T04:30:00Z,1.36993,1.37003,1.36925,1.36942,1772
2026-02-06T05:00:00Z,1.36941,1.36975,1.36917,1.36924,1814
2026-02-06T05:30:00Z,1.36926,1.36941,1.36885,1.36904,2819
2026-02-06T06:00:00Z,1.36903,1.36922,1.36832,1.36865,2745
2026-02-06T06:30:00Z,1.36865,1.36898,1.36847,1.36872,2317
2026-02-06T07:00:00Z,1.36872,1.36942,1.36859,1.36909,1518
2026-02-06T07:30:00Z,1.36908,1.36913,1.36859,1.36882,1256
2026-02-06T08:00:00Z,1.36884,1.36913,1.36814,1.36869,2459
2026-02-06T08:30:00Z,1.36866,1.36866,1.36775,1.36807,2338
2026-02-06T09:00:00Z,1.36808,1.36857,1.36798,1.36814,2113
2026-02-06T09:30:00Z,1.36816,1.36841,1.36775,1.36827,1610
2026-02-06T10:00:00Z,1.36826,1.36902,1.36776,1.36892,1595
2026-02-06T10:30:00Z,1.36895,1.36902,1.36832,1.36864,1317
2026-02-06T11:00:00Z,1.36866,1.36888,1.36827,1.36843,2057
2026-02-06T11:30:00Z,1.36845,1.36865,1.36761,1.36767,1658
2026-02-06T12:00:00Z,1.36769,1.36828,1.36720,1.36797,1636
2026-02-06T12:30:00Z,1.36796,1.36802,1.36697,1.36700,1377
2026-02-06T13:00:00Z,1.36698,1.36718,1.36602,1.36607,2508
2026-02-06T13:30:00Z,1.36603,1.36653,1.36467,1.36565,3733
2026-02-06T14:00:00Z,1.36564,1.36575,1.36514,1.36514,2810
2026-02-06T14:30:00Z,1.36515,1.36537,1.36260,1.36286,5479
2026-02-06T15:00:00Z,1.36287,1.36411,1.36241,1.36387,5119
2026-02-06T15:30:00Z,1.36385,1.36438,1.36310,1.36352,5628
2026-02-06T16:00:00Z,1.36353,1.36496,1.36298,1.36434,3672
2026-02-06T16:30:00Z,1.36434,1.36469,1.36375,1.36453,2662
2026-02-06T17:00:00Z,1.36453,1.36481,1.36397,1.36449,2897
2026-02-06T17:30:00Z,1.36449,1.36475,1.36397,1.36442,2065
2026-02-06T18:00:00Z,1.36441,1.36478,1.36394,1.36446,2115
2026-02-06T18:30:00Z,1.36450,1.36510,1.36413,1.36504,1880
2026-02-06T19:00:00Z,1.36505,1.36549,1.36489,1.36549,1205
2026-02-06T19:30:00Z,1.36551,1.36592,1.36541,1.36575,1399
2026-02-06T20:00:00Z,1.36576,1.36595,1.36549,1.36572,1065
2026-02-06T20:30:00Z,1.36573,1.36594,1.36528,1.36545,1215
2026-02-06T21:00:00Z,1.36546,1.36574,1.36450,1.36486,3229
2026-02-06T21:30:00Z,1.36484,1.36763,1.36461,1.36706,6828
2026-02-08T22:00:00Z,1.36692,1.36716,1.36591,1.36608,520
2026-02-08T22:30:00Z,1.36610,1.36657,1.36586,1.36606,1765
2026-02-08T23:00:00Z,1.36611,1.36732,1.36611,1.36687,1527
2026-02-08T23:30:00Z,1.36688,1.36693,1.36559,1.36585,4465
2026-02-09T00:00:00Z,1.36586,1.36628,1.36506,1.36575,4552
2026-02-09T00:30:00Z,1.36575,1.36602,1.36544,1.36561,4479
2026-02-09T01:00:00Z,1.36562,1.36610,1.36528,1.36581,3499
2026-02-09T01:30:00Z,1.36581,1.36601,1.36517,1.36596,4286
2026-02-09T02:00:00Z,1.36597,1.36669,1.36578,1.36582,2737
2026-02-09T02:30:00Z,1.36583,1.36612,1.36562,1.36602,3033
2026-02-09T03:00:00Z,1.36602,1.36611,1.36569,1.36579,2304
2026-02-09T03:30:00Z,1.36581,1.36636,1.36576,1.36628,2753
2026-02-09T04:00:00Z,1.36626,1.36630,1.36579,1.36596,2529
2026-02-09T04:30:00Z,1.36596,1.36604,1.36565,1.36567,3554
2026-02-09T05:00:00Z,1.36565,1.36582,1.36530,1.36535,2525
2026-02-09T05:30:00Z,1.36536,1.36555,1.36520,1.36547,2088
2026-02-09T06:00:00Z,1.36546,1.36573,1.36454,1.36500,4237
2026-02-09T06:30:00Z,1.36502,1.36503,1.36416,1.36434,6166
2026-02-09T07:00:00Z,1.36435,1.36474,1.36398,1.36454,2637
2026-02-09T07:30:00Z,1.36454,1.36478,1.36397,1.36423,5898
2026-02-09T08:00:00Z,1.36424,1.36470,1.36398,1.36470,4958
2026-02-09T08:30:00Z,1.36470,1.36490,1.36387,1.36397,3225
2026-02-09T09:00:00Z,1.36396,1.36396,1.36329,1.36341,4187
2026-02-09T09:30:00Z,1.36341,1.36443,1.36330,1.36437,2277
2026-02-09T10:00:00Z,1.36438,1.36482,1.36417,1.36474,2764
2026-02-09T10:30:00Z,1.36477,1.36553,1.36466,1.36474,3067
2026-02-09T11:00:00Z,1.36474,1.36519,1.36450,1.36462,2819
2026-02-09T11:30:00Z,1.36460,1.36475,1.36315,1.36339,3590
2026-02-09T12:00:00Z,1.36338,1.36338,1.36156,1.36160,6034
2026-02-09T12:30:00Z,1.36158,1.36198,1.36045,1.36083,3447
2026-02-09T13:00:00Z,1.36081,1.36112,1.36038,1.36080,5409
2026-02-09T13:30:00Z,1.36083,1.36133,1.36017,1.36029,7510
2026-02-09T14:00:00Z,1.36031,1.36079,1.35796,1.35805,6321
2026-02-09T14:30:00Z,1.35804,1.35929,1.35787,1.35805,6597
2026-02-09T15:00:00Z,1.35806,1.35887,1.35739,1.35845,7586
2026-02-09T15:30:00Z,1.35844,1.35844,1.35710,1.35718,9230
2026-02-09T16:00:00Z,1.35716,1.35742,1.35669,1.35736,5948
2026-02-09T16:30:00Z,1.35734,1.35780,1.35699,1.35706,2477
2026-02-09T17:00:00Z,1.35705,1.35775,1.35686,1.35773,2171
2026-02-09T17:30:00Z,1.35771,1.35778,1.35686,1.35701,1773
2026-02-09T18:00:00Z,1.35702,1.35747,1.35583,1.35652,6876
2026-02-09T18:30:00Z,1.35650,1.35685,1.35615,1.35637,1929
2026-02-09T19:00:00Z,1.35635,1.35657,1.35605,1.35610,1165
2026-02-09T19:30:00Z,1.35611,1.35618,1.35558,1.35600,1594
2026-02-09T20:00:00Z,1.35600,1.35632,1.35570,1.35596,1693
2026-02-09T20:30:00Z,1.35595,1.35599,1.35543,1.35588,3014
2026-02-09T21:00:00Z,1.35588,1.35589,1.35524,1.35548,1013
2026-02-09T21:30:00Z,1.35549,1.35598,1.35527,1.35563,2477
2026-02-09T22:00:00Z,1.35537,1.35601,1.35527,1.35586,326
2026-02-09T22:30:00Z,1.35588,1.35623,1.35556,1.35595,718
2026-02-09T23:00:00Z,1.35594,1.35644,1.35574,1.35625,1146
2026-02-09T23:30:00Z,1.35621,1.35642,1.35595,1.35607,1283
2026-02-10T00:00:00Z,1.35607,1.35650,1.35598,1.35633,2024
2026-02-10T00:30:00Z,1.35633,1.35676,1.35618,1.35635,2780
2026-02-10T01:00:00Z,1.35635,1.35679,1.35606,1.35659,2822
2026-02-10T01:30:00Z,1.35660,1.35674,1.35564,1.35582,3798
2026-02-10T02:00:00Z,1.35582,1.35584,1.35522,1.35523,2703
2026-02-10T02:30:00Z,1.35526,1.35555,1.35483,1.35496,3120
2026-02-10T03:00:00Z,1.35496,1.35540,1.35477,1.35537,2873
2026-02-10T03:30:00Z,1.35537,1.35539,1.35481,1.35516,2529
2026-02-10T04:00:00Z,1.35517,1.35547,1.35497,1.35543,1557
2026-02-10T04:30:00Z,1.35545,1.35557,1.35521,1.35556,1182
2026-02-10T05:00:00Z,1.35555,1.35561,1.35535,1.35555,1248
2026-02-10T05:30:00Z,1.35555,1.35585,1.35544,1.35564,1226
2026-02-10T06:00:00Z,1.35566,1.35613,1.35536,1.35592,1532
2026-02-10T06:30:00Z,1.35593,1.35606,1.35564,1.35578,1719
2026-02-10T07:00:00Z,1.35578,1.35631,1.35542,1.35630,1079
2026-02-10T07:30:00Z,1.35629,1.35659,1.35599,1.35601,1092
2026-02-10T08:00:00Z,1.35600,1.35682,1.35600,1.35630,2088
2026-02-10T08:30:00Z,1.35630,1.35658,1.35598,1.35648,1498
2026-02-10T09:00:00Z,1.35647,1.35658,1.35572,1.35573,2905
2026-02-10T09:30:00Z,1.35572,1.35650,1.35572,1.35637,2239
2026-02-10T10:00:00Z,1.35637,1.35673,1.35626,1.35664,1380
2026-02-10T10:30:00Z,1.35665,1.35670,1.35590,1.35608,1320
2026-02-10T11:00:00Z,1.35607,1.35669,1.35582,1.35656,1242
2026-02-10T11:30:00Z,1.35652,1.35653,1.35619,1.35625,1121
2026-02-10T12:00:00Z,1.35622,1.35682,1.35601,1.35679,1396
2026-02-10T12:30:00Z,1.35678,1.35761,1.35640,1.35711,1783
2026-02-10T13:00:00Z,1.35709,1.35729,1.35644,1.35682,2656
2026-02-10T13:30:00Z,1.35683,1.35688,1.35481,1.35484,5152
2026-02-10T14:00:00Z,1.35483,1.35539,1.35367,1.35371,4100
2026-02-10T14:30:00Z,1.35373,1.35444,1.35293,1.35311,9940
2026-02-10T15:00:00Z,1.35312,1.35425,1.35310,1.35363,5042
2026-02-10T15:30:00Z,1.35363,1.35379,1.35236,1.35246,6856
2026-02-10T16:00:00Z,1.35245,1.35412,1.35228,1.35366,4630
2026-02-10T16:30:00Z,1.35365,1.35368,1.35243,1.35330,3165
2026-02-10T17:00:00Z,1.35329,1.35376,1.35320,1.35342,2174
2026-02-10T17:30:00Z,1.35339,1.35440,1.35330,1.35422,2346
2026-02-10T18:00:00Z,1.35424,1.35537,1.35413,1.35527,2107
2026-02-10T18:30:00Z,1.35529,1.35548,1.35492,1.35517,1799
2026-02-10T19:00:00Z,1.35515,1.35549,1.35467,1.35473,1665
2026-02-10T19:30:00Z,1.35469,1.35504,1.35424,1.35425,1768
2026-02-10T20:00:00Z,1.35427,1.35501,1.35426,1.35463,2597
2026-02-10T20:30:00Z,1.35464,1.35560,1.35432,1.35553,2133
2026-02-10T21:00:00Z,1.35553,1.35577,1.35508,1.35531,820
2026-02-10T21:30:00Z,1.35531,1.35560,1.35461,1.35518,2416
2026-02-10T22:00:00Z,1.35442,1.35485,1.35394,1.35466,186
2026-02-10T22:30:00Z,1.35466,1.35485,1.35434,1.35481,428
2026-02-10T23:00:00Z,1.35481,1.35513,1.35456,1.35509,1168
2026-02-10T23:30:00Z,1.35510,1.35551,1.35503,1.35534,679
2026-02-11T00:00:00Z,1.35531,1.35540,1.35504,1.35505,1285
2026-02-11T00:30:00Z,1.35506,1.35506,1.35437,1.35465,6476
2026-02-11T01:00:00Z,1.35464,1.35467,1.35403,1.35419,3696
2026-02-11T01:30:00Z,1.35419,1.35447,1.35390,1.35392,4525
2026-02-11T02:00:00Z,1.35392,1.35393,1.35302,1.35315,4961
2026-02-11T02:30:00Z,1.35317,1.35329,1.35239,1.35252,4500
2026-02-11T03:00:00Z,1.35252,1.35257,1.35191,1.35196,3061
2026-02-11T03:30:00Z,1.35198,1.35232,1.35184,1.35190,2236
2026-02-11T04:00:00Z,1.35190,1.35203,1.35166,1.35184,2232
2026-02-11T04:30:00Z,1.35186,1.35257,1.35186,1.35257,2633
2026-02-11T05:00:00Z,1.35257,1.35262,1.35204,1.35209,2553
2026-02-11T05:30:00Z,1.35208,1.35236,1.35182,1.35207,1624
2026-02-11T06:00:00Z,1.35206,1.35216,1.35166,1.35190,2333
2026-02-11T06:30:00Z,1.35190,1.35255,1.35189,1.35247,1622
2026-02-11T07:00:00Z,1.35247,1.35313,1.35217,1.35277,1703
2026-02-11T07:30:00Z,1.35276,1.35294,1.35201,1.35216,1334
2026-02-11T08:00:00Z,1.35216,1.35263,1.35181,1.35222,1686
2026-02-11T08:30:00Z,1.35225,1.35242,1.35140,1.35146,1494
2026-02-11T09:00:00Z,1.35145,1.35190,1.35137,1.35143,1433
2026-02-11T09:30:00Z,1.35142,1.35150,1.35085,1.35111,1809
2026-02-11T10:00:00Z,1.35111,1.35132,1.35083,1.35103,1084
2026-02-11T10:30:00Z,1.35103,1.35120,1.35038,1.35078,1687
2026-02-11T11:00:00Z,1.35080,1.35133,1.35080,1.35110,1603
2026-02-11T11:30:00Z,1.35108,1.35519,1.35095,1.35361,4054
2026-02-11T12:00:00Z,1.35359,1.35517,1.35345,1.35516,3039
2026-02-11T12:30:00Z,1.35518,1.35574,1.35495,1.35529,2776
2026-02-11T13:00:00Z,1.35531,1.35711,1.35523,1.35625,3202
2026-02-11T13:30:00Z,1.35626,1.36068,1.35620,1.35829,19608
2026-02-11T14:00:00Z,1.35832,1.35865,1.35645,1.35761,8843
2026-02-11T14:30:00Z,1.35759,1.35889,1.35734,1.35810,9733
2026-02-11T15:00:00Z,1.35811,1.36115,1.35770,1.36097,10327
2026-02-11T15:30:00Z,1.36101,1.36187,1.36010,1.36059,10729
2026-02-11T16:00:00Z,1.36059,1.36131,1.35879,1.35895,6220
2026-02-11T16:30:00Z,1.35893,1.35900,1.35690,1.35694,4230
2026-02-11T17:00:00Z,1.35697,1.35757,1.35566,1.35566,4953
2026-02-11T17:30:00Z,1.35567,1.35598,1.35513,1.35548,3014
2026-02-11T18:00:00Z,1.35549,1.35642,1.35500,1.35561,2781
2026-02-11T18:30:00Z,1.35562,1.35578,1.35501,1.35558,2521
2026-02-11T19:00:00Z,1.35560,1.35624,1.35558,1.35621,2034
2026-02-11T19:30:00Z,1.35622,1.35680,1.35607,1.35653,1926
2026-02-11T20:00:00Z,1.35652,1.35720,1.35642,1.35699,1090
2026-02-11T20:30:00Z,1.35700,1.35737,1.35698,1.35732,1129
2026-02-11T21:00:00Z,1.35732,1.35814,1.35726,1.35800,801
2026-02-11T21:30:00Z,1.35802,1.35842,1.35712,1.35744,2615
2026-02-11T22:00:00Z,1.35744,1.35744,1.35605,1.35684,147
2026-02-11T22:30:00Z,1.35693,1.35718,1.35683,1.35698,252
2026-02-11T23:00:00Z,1.35693,1.35798,1.35687,1.35721,1073
2026-02-11T23:30:00Z,1.35720,1.35771,1.35715,1.35756,782
2026-02-12T00:00:00Z,1.35755,1.35846,1.35726,1.35741,2972
2026-02-12T00:30:00Z,1.35742,1.35767,1.35712,1.35746,2610
2026-02-12T01:00:00Z,1.35748,1.35796,1.35719,1.35732,2637
2026-02-12T01:30:00Z,1.35732,1.35744,1.35679,1.35686,3175
2026-02-12T02:00:00Z,1.35686,1.35716,1.35644,1.35712,3534
2026-02-12T02:30:00Z,1.35713,1.35737,1.35687,1.35702,1968
2026-02-12T03:00:00Z,1.35702,1.35703,1.35651,1.35689,1931
2026-02-12T03:30:00Z,1.35691,1.35763,1.35665,1.35721,2601
2026-02-12T04:00:00Z,1.35721,1.35775,1.35679,1.35757,2284
2026-02-12T04:30:00Z,1.35755,1.35858,1.35743,1.35836,3112
2026-02-12T05:00:00Z,1.35836,1.35851,1.35803,1.35845,2611
2026-02-12T05:30:00Z,1.35844,1.35850,1.35794,1.35796,1811
2026-02-12T06:00:00Z,1.35795,1.35891,1.35771,1.35891,2333
2026-02-12T06:30:00Z,1.35890,1.35961,1.35865,1.35904,3335
2026-02-12T07:00:00Z,1.35906,1.35913,1.35754,1.35756,1999
2026-02-12T07:30:00Z,1.35755,1.35848,1.35752,1.35781,1588
2026-02-12T08:00:00Z,1.35782,1.35805,1.35730,1.35772,1957
2026-02-12T08:30:00Z,1.35771,1.35810,1.35699,1.35702,2045
2026-02-12T09:00:00Z,1.35701,1.35731,1.35671,1.35708,1828
2026-02-12T09:30:00Z,1.35706,1.35730,1.35627,1.35638,1359
2026-02-12T10:00:00Z,1.35637,1.35713,1.35630,1.35700,1712
2026-02-12T10:30:00Z,1.35699,1.35712,1.35626,1.35662,2164
2026-02-12T11:00:00Z,1.35662,1.35699,1.35588,1.35622,1929
2026-02-12T11:30:00Z,1.35622,1.35646,1.35566,1.35567,2337
2026-02-12T12:00:00Z,1.35567,1.35636,1.35549,1.35634,3731
2026-02-12T12:30:00Z,1.35633,1.35804,1.35605,1.35734,3396
2026-02-12T13:00:00Z,1.35736,1.35820,1.35715,1.35741,4154
2026-02-12T13:30:00Z,1.35741,1.35779,1.35656,1.35665,2428
2026-02-12T14:00:00Z,1.35664,1.35729,1.35588,1.35711,4287
2026-02-12T14:30:00Z,1.35708,1.35911,1.35625,1.35831,4717
2026-02-12T15:00:00Z,1.35832,1.35914,1.35809,1.35904,5539
2026-02-12T15:30:00Z,1.35904,1.36062,1.35884,1.35972,5627
2026-02-12T16:00:00Z,1.35972,1.36354,1.35966,1.36312,9793
2026-02-12T16:30:00Z,1.36315,1.36326,1.36101,1.36227,9021
2026-02-12T17:00:00Z,1.36228,1.36330,1.36189,1.36275,5973
2026-02-12T17:30:00Z,1.36277,1.36334,1.36230,1.36253,5291
2026-02-12T18:00:00Z,1.36253,1.36342,1.36209,1.36308,6981
2026-02-12T18:30:00Z,1.36307,1.36321,1.36190,1.36206,6989
2026-02-12T19:00:00Z,1.36206,1.36223,1.36076,1.36121,2460
2026-02-12T19:30:00Z,1.36122,1.36141,1.36074,1.36104,2702
2026-02-12T20:00:00Z,1.36108,1.36161,1.36093,1.36125,3400
2026-02-12T20:30:00Z,1.36126,1.36161,1.36083,1.36133,2498
2026-02-12T21:00:00Z,1.36133,1.36147,1.36085,1.36120,649
2026-02-12T21:30:00Z,1.36121,1.36141,1.36055,1.36082,1024
2026-02-12T22:00:00Z,1.36070,1.36118,1.36059,1.36098,156
2026-02-12T22:30:00Z,1.36096,1.36105,1.36059,1.36073,339
2026-02-12T23:00:00Z,1.36074,1.36105,1.36063,1.36085,648
2026-02-12T23:30:00Z,1.36083,1.36121,1.36083,1.36111,885
2026-02-13T00:00:00Z,1.36114,1.36141,1.36083,1.36118,1804
2026-02-13T00:30:00Z,1.36119,1.36157,1.36101,1.36114,2856
2026-02-13T01:00:00Z,1.36114,1.36157,1.36073,1.36141,4266
2026-02-13T01:30:00Z,1.36142,1.36166,1.36091,1.36137,2256
2026-02-13T02:00:00Z,1.36137,1.36166,1.36126,1.36132,2444
2026-02-13T02:30:00Z,1.36132,1.36154,1.36101,1.36122,2603
2026-02-13T03:00:00Z,1.36122,1.36165,1.36110,1.36146,1631
2026-02-13T03:30:00Z,1.36149,1.36170,1.36120,1.36165,2158
2026-02-13T04:00:00Z,1.36166,1.36181,1.36127,1.36145,1986
2026-02-13T04:30:00Z,1.36145,1.36221,1.36145,1.36180,1613
2026-02-13T05:00:00Z,1.36179,1.36216,1.36115,1.36186,4136
2026-02-13T05:30:00Z,1.36187,1.36269,1.36182,1.36249,2905
2026-02-13T06:00:00Z,1.36246,1.36272,1.36210,1.36256,2479
2026-02-13T06:30:00Z,1.36256,1.36312,1.36248,1.36291,2007
2026-02-13T07:00:00Z,1.36292,1.36370,1.36275,1.36290,2305
2026-02-13T07:30:00Z,1.36289,1.36338,1.36235,1.36252,1745
2026-02-13T08:00:00Z,1.36254,1.36259,1.36105,1.36105,3420
2026-02-13T08:30:00Z,1.36107,1.36158,1.36015,1.36021,2625
2026-02-13T09:00:00Z,1.36024,1.36055,1.36003,1.36020,1651
2026-02-13T09:30:00Z,1.36018,1.36046,1.35970,1.36042,1226
2026-02-13T10:00:00Z,1.36043,1.36123,1.36039,1.36111,1745
2026-02-13T10:30:00Z,1.36111,1.36183,1.36110,1.36168,2225
2026-02-13T11:00:00Z,1.36169,1.36232,1.36145,1.36185,4233
2026-02-13T11:30:00Z,1.36184,1.36239,1.36158,1.36198,3318
2026-02-13T12:00:00Z,1.36200,1.36269,1.36192,1.36240,1690
2026-02-13T12:30:00Z,1.36242,1.36314,1.36200,1.36244,1983
2026-02-13T13:00:00Z,1.36243,1.36355,1.36198,1.36318,3464
2026-02-13T13:30:00Z,1.36315,1.36328,1.35997,1.36015,10612
2026-02-13T14:00:00Z,1.36017,1.36168,1.36002,1.36083,4014
2026-02-13T14:30:00Z,1.36084,1.36265,1.36019,1.36218,10729
2026-02-13T15:00:00Z,1.36219,1.36262,1.36091,1.36173,10290
2026-02-13T15:30:00Z,1.36174,1.36331,1.36127,1.36325,6691
2026-02-13T16:00:00Z,1.36327,1.36361,1.36158,1.36192,6155
2026-02-13T16:30:00Z,1.36193,1.36217,1.36141,1.36194,3973
2026-02-13T17:00:00Z,1.36192,1.36196,1.36015,1.36019,3765
2026-02-13T17:30:00Z,1.36022,1.36067,1.35930,1.36039,4117
2026-02-13T18:00:00Z,1.36037,1.36046,1.35998,1.36014,1962
2026-02-13T18:30:00Z,1.36012,1.36064,1.35984,1.36044,1349
2026-02-13T19:00:00Z,1.36044,1.36106,1.36019,1.36104,1950
2026-02-13T19:30:00Z,1.36104,1.36220,1.36066,1.36208,2390
2026-02-13T20:00:00Z,1.36207,1.36256,1.36179,1.36241,2870
2026-02-13T20:30:00Z,1.36242,1.36242,1.36146,1.36179,2951
2026-02-13T21:00:00Z,1.36178,1.36226,1.36163,1.36171,2344
2026-02-13T21:30:00Z,1.36170,1.36203,1.36133,1.36133,2686
2026-02-15T22:00:00Z,1.36003,1.36139,1.36003,1.36118,390
2026-02-15T22:30:00Z,1.36117,1.36178,1.36089,1.36119,2398
2026-02-15T23:00:00Z,1.36121,1.36242,1.36121,1.36217,1516
2026-02-15T23:30:00Z,1.36213,1.36228,1.36169,1.36170,1267
2026-02-16T00:00:00Z,1.36170,1.36190,1.36142,1.36166,3168
2026-02-16T00:30:00Z,1.36166,1.36175,1.36110,1.36142,2101
2026-02-16T01:00:00Z,1.36142,1.36183,1.36132,1.36144,1662
2026-02-16T01:30:00Z,1.36145,1.36173,1.36130,1.36140,1713
2026-02-16T02:00:00Z,1.36141,1.36180,1.36130,1.36141,2873
2026-02-16T02:30:00Z,1.36140,1.36166,1.36120,1.36128,2130
2026-02-16T03:00:00Z,1.36128,1.36146,1.36105,1.36119,1635
2026-02-16T03:30:00Z,1.36119,1.36149,1.36116,1.36118,2339
2026-02-16T04:00:00Z,1.36118,1.36136,1.36099,1.36115,2183
2026-02-16T04:30:00Z,1.36115,1.36177,1.36113,1.36165,1104
2026-02-16T05:00:00Z,1.36164,1.36183,1.36154,1.36155,1135
2026-02-16T05:30:00Z,1.36156,1.36188,1.36146,1.36162,864
2026-02-16T06:00:00Z,1.36164,1.36169,1.36108,1.36108,1020
2026-02-16T06:30:00Z,1.36109,1.36117,1.36065,1.36112,2033
2026-02-16T07:00:00Z,1.36113,1.36141,1.36105,1.36109,901
2026-02-16T07:30:00Z,1.36109,1.36131,1.36066,1.36078,1119
2026-02-16T08:00:00Z,1.36077,1.36155,1.36030,1.36109,2185
2026-02-16T08:30:00Z,1.36108,1.36129,1.36055,1.36082,1774
2026-02-16T09:00:00Z,1.36083,1.36122,1.36035,1.36102,1597
2026-02-16T09:30:00Z,1.36103,1.36195,1.36103,1.36181,1278
2026-02-16T10:00:00Z,1.36182,1.36198,1.36119,1.36137,1974
2026-02-16T10:30:00Z,1.36139,1.36163,1.36092,1.36158,1362
2026-02-16T11:00:00Z,1.36160,1.36252,1.36155,1.36242,985
2026-02-16T11:30:00Z,1.36241,1.36257,1.36214,1.36227,1248
2026-02-16T12:00:00Z,1.36225,1.36232,1.36172,1.36202,1397
2026-02-16T12:30:00Z,1.36202,1.36289,1.36202,1.36277,1009
2026-02-16T13:00:00Z,1.36278,1.36327,1.36246,1.36300,1331
2026-02-16T13:30:00Z,1.36300,1.36307,1.36237,1.36261,1190
2026-02-16T14:00:00Z,1.36266,1.36266,1.36185,1.36199,1625
2026-02-16T14:30:00Z,1.36199,1.36325,1.36193,1.36285,2734
2026-02-16T15:00:00Z,1.36286,1.36342,1.36277,1.36331,2118
2026-02-16T15:30:00Z,1.36332,1.36340,1.36264,1.36282,1760
2026-02-16T16:00:00Z,1.36281,1.36344,1.36267,1.36291,1603
2026-02-16T16:30:00Z,1.36288,1.36345,1.36280,1.36345,992
2026-02-16T17:00:00Z,1.36343,1.36366,1.36325,1.36354,594
2026-02-16T17:30:00Z,1.36354,1.36386,1.36342,1.36378,347
2026-02-16T18:00:00Z,1.36380,1.36385,1.36353,1.36362,310
2026-02-16T18:30:00Z,1.36362,1.36362,1.36342,1.36356,261
2026-02-16T19:00:00Z,1.36357,1.36359,1.36339,1.36348,164
2026-02-16T19:30:00Z,1.36346,1.36356,1.36343,1.36344,98
2026-02-16T20:00:00Z,1.36344,1.36363,1.36336,1.36337,188
2026-02-16T20:30:00Z,1.36336,1.36353,1.36335,1.36343,145
2026-02-16T21:00:00Z,1.36345,1.36357,1.36340,1.36355,125
2026-02-16T21:30:00Z,1.36353,1.36383,1.36336,1.36338,585
2026-02-16T22:00:00Z,1.36338,1.36338,1.36244,1.36328,52
2026-02-16T22:30:00Z,1.36327,1.36328,1.36276,1.36289,326
2026-02-16T23:00:00Z,1.36296,1.36382,1.36275,1.36362,573
2026-02-16T23:30:00Z,1.36361,1.36373,1.36354,1.36359,194
2026-02-17T00:00:00Z,1.36356,1.36385,1.36337,1.36377,800
2026-02-17T00:30:00Z,1.36375,1.36413,1.36366,1.36408,1396
2026-02-17T01:00:00Z,1.36406,1.36432,1.36390,1.36413,1751
2026-02-17T01:30:00Z,1.36412,1.36437,1.36385,1.36423,2188
2026-02-17T02:00:00Z,1.36423,1.36452,1.36364,1.36404,2675
2026-02-17T02:30:00Z,1.36404,1.36428,1.36400,1.36420,1323
2026-02-17T03:00:00Z,1.36420,1.36463,1.36400,1.36428,2216
2026-02-17T03:30:00Z,1.36428,1.36467,1.36428,1.36432,1462
2026-02-17T04:00:00Z,1.36432,1.36446,1.36381,1.36391,1757
2026-02-17T04:30:00Z,1.36391,1.36394,1.36364,1.36375,1411
2026-02-17T05:00:00Z,1.36376,1.36475,1.36374,1.36436,1707
2026-02-17T05:30:00Z,1.36434,1.36466,1.36401,1.36401,2949
2026-02-17T06:00:00Z,1.36400,1.36403,1.36375,1.36395,1998
2026-02-17T06:30:00Z,1.36397,1.36404,1.36379,1.36390,911
2026-02-17T07:00:00Z,1.36392,1.36522,1.36392,1.36515,1426
2026-02-17T07:30:00Z,1.36513,1.36526,1.36438,1.36476,2077
2026-02-17T08:00:00Z,1.36477,1.36486,1.36396,1.36413,1793
2026-02-17T08:30:00Z,1.36413,1.36486,1.36412,1.36462,1839
2026-02-17T09:00:00Z,1.36461,1.36484,1.36419,1.36428,1540
2026-02-17T09:30:00Z,1.36425,1.36474,1.36411,1.36435,1178
2026-02-17T10:00:00Z,1.36436,1.36455,1.36369,1.36442,1547
2026-02-17T10:30:00Z,1.36442,1.36474,1.36402,1.36425,1659
2026-02-17T11:00:00Z,1.36424,1.36438,1.36364,1.36364,2475
2026-02-17T11:30:00Z,1.36371,1.36478,1.36367,1.36456,1615
2026-02-17T12:00:00Z,1.36454,1.36488,1.36423,1.36467,2143
2026-02-17T12:30:00Z,1.36468,1.36546,1.36457,1.36517,2347
2026-02-17T13:00:00Z,1.36517,1.36588,1.36478,1.36530,5084
2026-02-17T13:30:00Z,1.36534,1.36711,1.36531,1.36708,6236
2026-02-17T14:00:00Z,1.36707,1.36753,1.36605,1.36723,5591
2026-02-17T14:30:00Z,1.36723,1.36789,1.36617,1.36773,8332
2026-02-17T15:00:00Z,1.36776,1.36894,1.36706,1.36888,7385
2026-02-17T15:30:00Z,1.36891,1.36925,1.36808,1.36838,6410
2026-02-17T16:00:00Z,1.36837,1.36837,1.36497,1.36557,6314
2026-02-17T16:30:00Z,1.36559,1.36582,1.36512,1.36529,4843
2026-02-17T17:00:00Z,1.36529,1.36598,1.36499,1.36499,4328
2026-02-17T17:30:00Z,1.36500,1.36585,1.36457,1.36480,4330
2026-02-17T18:00:00Z,1.36481,1.36504,1.36399,1.36407,3076
2026-02-17T18:30:00Z,1.36408,1.36442,1.36345,1.36382,2917
2026-02-17T19:00:00Z,1.36384,1.36430,1.36357,1.36428,1906
2026-02-17T19:30:00Z,1.36425,1.36437,1.36358,1.36382,1871
2026-02-17T20:00:00Z,1.36382,1.36404,1.36353,1.36384,1151
2026-02-17T20:30:00Z,1.36384,1.36405,1.36362,1.36379,1993
2026-02-17T21:00:00Z,1.36380,1.36414,1.36325,1.36382,1106
2026-02-17T21:30:00Z,1.36382,1.36391,1.36333,1.36353,796
2026-02-17T22:00:00Z,1.36337,1.36356,1.36318,1.36339,163
2026-02-17T22:30:00Z,1.36341,1.36352,1.36332,1.36343,708
2026-02-17T23:00:00Z,1.36338,1.36364,1.36313,1.36360,774
2026-02-17T23:30:00Z,1.36360,1.36406,1.36358,1.36385,1310
2026-02-18T00:00:00Z,1.36389,1.36425,1.36375,1.36396,1373
2026-02-18T00:30:00Z,1.36395,1.36415,1.36376,1.36407,1301
2026-02-18T01:00:00Z,1.36408,1.36469,1.36404,1.36450,1914
2026-02-18T01:30:00Z,1.36450,1.36476,1.36441,1.36453,1528
2026-02-18T02:00:00Z,1.36451,1.36506,1.36438,1.36471,1774
2026-02-18T02:30:00Z,1.36470,1.36477,1.36446,1.36469,1546
2026-02-18T03:00:00Z,1.36468,1.36488,1.36438,1.36470,2094
2026-02-18T03:30:00Z,1.36470,1.36516,1.36467,1.36515,1945
2026-02-18T04:00:00Z,1.36516,1.36530,1.36497,1.36515,1250
2026-02-18T04:30:00Z,1.36515,1.36519,1.36497,1.36516,1114
2026-02-18T05:00:00Z,1.36516,1.36526,1.36505,1.36526,894
2026-02-18T05:30:00Z,1.36525,1.36543,1.36516,1.36521,1076
2026-02-18T06:00:00Z,1.36520,1.36554,1.36505,1.36515,2774
2026-02-18T06:30:00Z,1.36514,1.36547,1.36489,1.36502,2073
2026-02-18T07:00:00Z,1.36503,1.36589,1.36494,1.36588,1309
2026-02-18T07:30:00Z,1.36590,1.36652,1.36590,1.36635,2056
2026-02-18T08:00:00Z,1.36635,1.36636,1.36583,1.36610,3361
2026-02-18T08:30:00Z,1.36609,1.36678,1.36598,1.36663,1847
2026-02-18T09:00:00Z,1.36662,1.36670,1.36586,1.36592,2075
2026-02-18T09:30:00Z,1.36591,1.36619,1.36513,1.36553,2798
2026-02-18T10:00:00Z,1.36554,1.36556,1.36475,1.36525,1948
2026-02-18T10:30:00Z,1.36525,1.36591,1.36523,1.36556,2032
2026-02-18T11:00:00Z,1.36554,1.36562,1.36476,1.36514,1695
2026-02-18T11:30:00Z,1.36515,1.36518,1.36411,1.36416,1424
2026-02-18T12:00:00Z,1.36416,1.36443,1.36368,1.36378,1419
2026-02-18T12:30:00Z,1.36377,1.36479,1.36374,1.36479,1455
2026-02-18T13:00:00Z,1.36482,1.36562,1.36401,1.36533,2037
2026-02-18T13:30:00Z,1.36533,1.36684,1.36532,1.36678,3547
2026-02-18T14:00:00Z,1.36678,1.36783,1.36645,1.36729,3393
2026-02-18T14:30:00Z,1.36729,1.36746,1.36627,1.36666,6193
2026-02-18T15:00:00Z,1.36668,1.36711,1.36602,1.36650,4330
2026-02-18T15:30:00Z,1.36649,1.36732,1.36606,1.36655,5279
2026-02-18T16:00:00Z,1.36653,1.36739,1.36590,1.36729,3556
2026-02-18T16:30:00Z,1.36731,1.36778,1.36674,1.36756,2927
2026-02-18T17:00:00Z,1.36755,1.36794,1.36728,1.36778,2601
2026-02-18T17:30:00Z,1.36778,1.36874,1.36774,1.36795,2700
2026-02-18T18:00:00Z,1.36795,1.36924,1.36772,1.36918,2422
2026-02-18T18:30:00Z,1.36917,1.36968,1.36892,1.36896,3115
2026-02-18T19:00:00Z,1.36892,1.36995,1.36873,1.36973,6218
2026-02-18T19:30:00Z,1.36972,1.36999,1.36950,1.36972,2335
2026-02-18T20:00:00Z,1.36972,1.36974,1.36912,1.36961,2491
2026-02-18T20:30:00Z,1.36961,1.36986,1.36917,1.36977,2658
2026-02-18T21:00:00Z,1.36978,1.36996,1.36952,1.36956,1194
2026-02-18T21:30:00Z,1.36955,1.36978,1.36942,1.36947,987
2026-02-18T22:00:00Z,1.36949,1.36949,1.36876,1.36919,124
2026-02-18T22:30:00Z,1.36917,1.36929,1.36900,1.36914,751
2026-02-18T23:00:00Z,1.36913,1.36959,1.36913,1.36948,628
2026-02-18T23:30:00Z,1.36947,1.36973,1.36945,1.36965,338
2026-02-19T00:00:00Z,1.36965,1.36984,1.36960,1.36964,897
2026-02-19T00:30:00Z,1.36964,1.37007,1.36940,1.36983,2378
2026-02-19T01:00:00Z,1.36982,1.36983,1.36907,1.36928,3012
2026-02-19T01:30:00Z,1.36928,1.36954,1.36886,1.36889,2562
2026-02-19T02:00:00Z,1.36890,1.36921,1.36887,1.36901,2566
2026-02-19T02:30:00Z,1.36901,1.36908,1.36864,1.36899,1791
2026-02-19T03:00:00Z,1.36899,1.36944,1.36880,1.36938,1387
2026-02-19T03:30:00Z,1.36937,1.36977,1.36937,1.36966,1598
2026-02-19T04:00:00Z,1.36967,1.37022,1.36958,1.37022,1361
2026-02-19T04:30:00Z,1.37018,1.37038,1.37001,1.37022,1360
2026-02-19T05:00:00Z,1.37022,1.37040,1.37022,1.37029,1046
2026-02-19T05:30:00Z,1.37028,1.37033,1.37013,1.37015,1360
2026-02-19T06:00:00Z,1.37015,1.37020,1.36951,1.36951,2089
2026-02-19T06:30:00Z,1.36951,1.36951,1.36850,1.36874,3368
2026-02-19T07:00:00Z,1.36873,1.36899,1.36840,1.36852,1325
2026-02-19T07:30:00Z,1.36852,1.36866,1.36769,1.36807,2223
2026-02-19T08:00:00Z,1.36810,1.36856,1.36782,1.36847,1477
2026-02-19T08:30:00Z,1.36847,1.36847,1.36754,1.36759,1948
2026-02-19T09:00:00Z,1.36758,1.36765,1.36711,1.36756,1905
2026-02-19T09:30:00Z,1.36756,1.36780,1.36713,1.36733,1577
2026-02-19T10:00:00Z,1.36734,1.36903,1.36672,1.36887,3543
2026-02-19T10:30:00Z,1.36888,1.36904,1.36800,1.36809,1709
2026-02-19T11:00:00Z,1.36809,1.36873,1.36789,1.36871,1589
2026-02-19T11:30:00Z,1.36872,1.36926,1.36854,1.36910,1191
2026-02-19T12:00:00Z,1.36911,1.36932,1.36874,1.36897,1343
2026-02-19T12:30:00Z,1.36896,1.36962,1.36826,1.36932,1317
2026-02-19T13:00:00Z,1.36930,1.37062,1.36905,1.36905,2903
2026-02-19T13:30:00Z,1.36905,1.37002,1.36851,1.36852,4157
2026-02-19T14:00:00Z,1.36853,1.37103,1.36847,1.37065,6093
2026-02-19T14:30:00Z,1.37061,1.37143,1.37039,1.37059,7240
2026-02-19T15:00:00Z,1.37060,1.37102,1.36892,1.36970,6818
2026-02-19T15:30:00Z,1.36971,1.36979,1.36756,1.36828,5407
2026-02-19T16:00:00Z,1.36828,1.36907,1.36790,1.36881,4150
2026-02-19T16:30:00Z,1.36879,1.37035,1.36794,1.37014,4320
2026-02-19T17:00:00Z,1.37012,1.37019,1.36903,1.36946,3204
2026-02-19T17:30:00Z,1.36945,1.37014,1.36937,1.36957,2876
2026-02-19T18:00:00Z,1.36958,1.36986,1.36913,1.36943,2719
2026-02-19T18:30:00Z,1.36943,1.36950,1.36888,1.36927,1598
2026-02-19T19:00:00Z,1.36925,1.36982,1.36904,1.36970,1699
2026-02-19T19:30:00Z,1.36970,1.37069,1.36964,1.37014,2085
2026-02-19T20:00:00Z,1.37012,1.37015,1.36940,1.36957,1749
2026-02-19T20:30:00Z,1.36957,1.36981,1.36928,1.36949,2536
2026-02-19T21:00:00Z,1.36951,1.36953,1.36891,1.36903,666
2026-02-19T21:30:00Z,1.36902,1.36908,1.36785,1.36787,1709
2026-02-19T22:00:00Z,1.36787,1.36828,1.36769,1.36813,240
2026-02-19T22:30:00Z,1.36813,1.36814,1.36792,1.36801,475
2026-02-19T23:00:00Z,1.36786,1.36837,1.36777,1.36829,1229
2026-02-19T23:30:00Z,1.36830,1.36877,1.36828,1.36876,1412
2026-02-20T00:00:00Z,1.36875,1.36914,1.36854,1.36896,1435
2026-02-20T00:30:00Z,1.36896,1.36907,1.36850,1.36866,2047
2026-02-20T01:00:00Z,1.36866,1.36933,1.36856,1.36915,3771
2026-02-20T01:30:00Z,1.36915,1.37019,1.36913,1.36972,5355
2026-02-20T02:00:00Z,1.36971,1.37017,1.36949,1.37003,5623
2026-02-20T02:30:00Z,1.37000,1.37022,1.36976,1.36989,3374
2026-02-20T03:00:00Z,1.36991,1.36991,1.36919,1.36959,2234
2026-02-20T03:30:00Z,1.36959,1.36961,1.36891,1.36919,2041
2026-02-20T04:00:00Z,1.36918,1.36920,1.36873,1.36893,1424
2026-02-20T04:30:00Z,1.36897,1.36942,1.36897,1.36935,1194
2026-02-20T05:00:00Z,1.36934,1.36935,1.36872,1.36897,1570
2026-02-20T05:30:00Z,1.36896,1.36917,1.36836,1.36854,2134
2026-02-20T06:00:00Z,1.36854,1.36877,1.36848,1.36849,1815
2026-02-20T06:30:00Z,1.36848,1.36893,1.36844,1.36860,1333
2026-02-20T07:00:00Z,1.36858,1.36882,1.36802,1.36849,1372
2026-02-20T07:30:00Z,1.36850,1.36980,1.36838,1.36973,1696
2026-02-20T08:00:00Z,1.36974,1.37024,1.36873,1.36921,3646
2026-02-20T08:30:00Z,1.36918,1.36954,1.36884,1.36912,1966
2026-02-20T09:00:00Z,1.36914,1.36917,1.36823,1.36837,1447
2026-02-20T09:30:00Z,1.36835,1.36903,1.36818,1.36892,1741
2026-02-20T10:00:00Z,1.36891,1.36941,1.36868,1.36931,2176
2026-02-20T10:30:00Z,1.36929,1.36936,1.36838,1.36880,1355
2026-02-20T11:00:00Z,1.36880,1.36914,1.36845,1.36845,1637
2026-02-20T11:30:00Z,1.36845,1.36885,1.36809,1.36855,1808
2026-02-20T12:00:00Z,1.36853,1.36881,1.36819,1.36850,1543
2026-02-20T12:30:00Z,1.36852,1.36938,1.36851,1.36911,2007
2026-02-20T13:00:00Z,1.36910,1.36951,1.36864,1.36864,2922
2026-02-20T13:30:00Z,1.36868,1.36980,1.36826,1.36888,4158
2026-02-20T14:00:00Z,1.36888,1.37021,1.36865,1.37000,2485
2026-02-20T14:30:00Z,1.37001,1.37052,1.36942,1.37001,4967
2026-02-20T15:00:00Z,1.37002,1.37103,1.36693,1.36769,17827
2026-02-20T15:30:00Z,1.36768,1.36919,1.36726,1.36758,14474
2026-02-20T16:00:00Z,1.36758,1.36991,1.36734,1.36929,9889
2026-02-20T16:30:00Z,1.36927,1.36964,1.36875,1.36888,5335
2026-02-20T17:00:00Z,1.36887,1.37037,1.36882,1.36988,7586
2026-02-20T17:30:00Z,1.36987,1.36995,1.36825,1.36861,4200
2026-02-20T18:00:00Z,1.36860,1.36898,1.36778,1.36822,3317
2026-02-20T18:30:00Z,1.36822,1.36928,1.36707,1.36779,6875
2026-02-20T19:00:00Z,1.36780,1.36882,1.36762,1.36859,2385
2026-02-20T19:30:00Z,1.36858,1.36915,1.36829,1.36878,4683
2026-02-20T20:00:00Z,1.36875,1.36903,1.36849,1.36857,2593
2026-02-20T20:30:00Z,1.36858,1.36873,1.36805,1.36834,3147
2026-02-20T21:00:00Z,1.36832,1.36847,1.36731,1.36768,2235
2026-02-20T21:30:00Z,1.36767,1.36815,1.36687,1.36774,4203
2026-02-22T22:00:00Z,1.36676,1.36714,1.36656,1.36701,307
2026-02-22T22:30:00Z,1.36701,1.36757,1.36701,1.36746,487
2026-02-22T23:00:00Z,1.36740,1.36786,1.36650,1.36680,2459
2026-02-22T23:30:00Z,1.36681,1.36684,1.36480,1.36491,3314
2026-02-23T00:00:00Z,1.36492,1.36612,1.36491,1.36572,3790
2026-02-23T00:30:00Z,1.36571,1.36583,1.36515,1.36567,4324
2026-02-23T01:00:00Z,1.36566,1.36653,1.36560,1.36644,5119
2026-02-23T01:30:00Z,1.36644,1.36648,1.36593,1.36638,4211
2026-02-23T02:00:00Z,1.36639,1.36666,1.36598,1.36639,5035
2026-02-23T02:30:00Z,1.36638,1.36674,1.36613,1.36643,3267
2026-02-23T03:00:00Z,1.36642,1.36731,1.36639,1.36720,3425
2026-02-23T03:30:00Z,1.36722,1.36732,1.36684,1.36692,2348
2026-02-23T04:00:00Z,1.36693,1.36719,1.36684,1.36703,3006
2026-02-23T04:30:00Z,1.36703,1.36717,1.36690,1.36700,2102
2026-02-23T05:00:00Z,1.36700,1.36740,1.36700,1.36714,2817
2026-02-23T05:30:00Z,1.36715,1.36716,1.36674,1.36686,1809
2026-02-23T06:00:00Z,1.36688,1.36712,1.36615,1.36624,2838
2026-02-23T06:30:00Z,1.36624,1.36674,1.36622,1.36661,1342
2026-02-23T07:00:00Z,1.36660,1.36719,1.36653,1.36702,2319
2026-02-23T07:30:00Z,1.36702,1.36731,1.36654,1.36682,1495
2026-02-23T08:00:00Z,1.36684,1.36724,1.36617,1.36647,2268
2026-02-23T08:30:00Z,1.36652,1.36693,1.36620,1.36634,2909
2026-02-23T09:00:00Z,1.36634,1.36682,1.36617,1.36657,1403
2026-02-23T09:30:00Z,1.36656,1.36712,1.36623,1.36701,1685
2026-02-23T10:00:00Z,1.36701,1.36766,1.36701,1.36732,2535
2026-02-23T10:30:00Z,1.36734,1.36749,1.36720,1.36744,1303
2026-02-23T11:00:00Z,1.36744,1.36848,1.36731,1.36847,1369
2026-02-23T11:30:00Z,1.36848,1.36871,1.36801,1.36854,2611
2026-02-23T12:00:00Z,1.36858,1.36997,1.36858,1.36982,3119
2026-02-23T12:30:00Z,1.36983,1.36985,1.36906,1.36908,4174
2026-02-23T13:00:00Z,1.36909,1.36980,1.36867,1.36938,6720
2026-02-23T13:30:00Z,1.36939,1.36942,1.36777,1.36778,7401
2026-02-23T14:00:00Z,1.36777,1.36827,1.36730,1.36803,3851
2026-02-23T14:30:00Z,1.36803,1.36809,1.36670,1.36750,10456
2026-02-23T15:00:00Z,1.36750,1.36817,1.36706,1.36788,6302
2026-02-23T15:30:00Z,1.36787,1.36893,1.36772,1.36872,5039
2026-02-23T16:00:00Z,1.36872,1.36941,1.36798,1.36812,5964
2026-02-23T16:30:00Z,1.36812,1.36877,1.36802,1.36856,5220
2026-02-23T17:00:00Z,1.36855,1.36930,1.36820,1.36917,4352
2026-02-23T17:30:00Z,1.36915,1.36964,1.36884,1.36898,2699
2026-02-23T18:00:00Z,1.36896,1.36955,1.36870,1.36942,2505
2026-02-23T18:30:00Z,1.36941,1.36952,1.36896,1.36915,2813
2026-02-23T19:00:00Z,1.36918,1.36950,1.36888,1.36945,2011
2026-02-23T19:30:00Z,1.36946,1.36987,1.36933,1.36957,2315
2026-02-23T20:00:00Z,1.36958,1.37010,1.36945,1.36976,1619
2026-02-23T20:30:00Z,1.36976,1.37017,1.36953,1.37015,1448
2026-02-23T21:00:00Z,1.37016,1.37038,1.36971,1.37029,667
2026-02-23T21:30:00Z,1.37029,1.37030,1.36946,1.36961,1257
2026-02-23T22:00:00Z,1.36951,1.36953,1.36835,1.36950,194
2026-02-23T22:30:00Z,1.36956,1.36956,1.36912,1.36916,701
2026-02-23T23:00:00Z,1.36923,1.36972,1.36914,1.36958,635
2026-02-23T23:30:00Z,1.36958,1.36966,1.36915,1.36937,1095
2026-02-24T00:00:00Z,1.36938,1.36967,1.36912,1.36967,1900
2026-02-24T00:30:00Z,1.36967,1.37001,1.36948,1.36988,1487
2026-02-24T01:00:00Z,1.36989,1.37167,1.36988,1.37157,3833
2026-02-24T01:30:00Z,1.37157,1.37171,1.37057,1.37060,3150
2026-02-24T02:00:00Z,1.37057,1.37074,1.37029,1.37035,3551
2026-02-24T02:30:00Z,1.37035,1.37046,1.36990,1.36994,1656
2026-02-24T03:00:00Z,1.36994,1.37039,1.36957,1.37036,2208
2026-02-24T03:30:00Z,1.37039,1.37056,1.37023,1.37050,2396
2026-02-24T04:00:00Z,1.37050,1.37078,1.37033,1.37071,1991
2026-02-24T04:30:00Z,1.37071,1.37092,1.37059,1.37069,1678
2026-02-24T05:00:00Z,1.37068,1.37080,1.37040,1.37058,2993
2026-02-24T05:30:00Z,1.37059,1.37060,1.36976,1.36983,2394
2026-02-24T06:00:00Z,1.36984,1.37012,1.36965,1.36994,1436
2026-02-24T06:30:00Z,1.36996,1.37011,1.36958,1.36974,2058
2026-02-24T07:00:00Z,1.36976,1.37061,1.36976,1.37044,3091
2026-02-24T07:30:00Z,1.37043,1.37074,1.36976,1.37033,2020
2026-02-24T08:00:00Z,1.37034,1.37077,1.36977,1.36984,2152
2026-02-24T08:30:00Z,1.36983,1.37042,1.36967,1.37036,2572
2026-02-24T09:00:00Z,1.37037,1.37037,1.36967,1.36977,1579
2026-02-24T09:30:00Z,1.36976,1.36999,1.36956,1.36975,1406
2026-02-24T10:00:00Z,1.36974,1.37009,1.36956,1.36975,1554
2026-02-24T10:30:00Z,1.36974,1.37037,1.36967,1.37034,1725
2026-02-24T11:00:00Z,1.37033,1.37081,1.37022,1.37055,1390
2026-02-24T11:30:00Z,1.37055,1.37130,1.37052,1.37111,1053
2026-02-24T12:00:00Z,1.37111,1.37172,1.37079,1.37157,1513
2026-02-24T12:30:00Z,1.37155,1.37170,1.37109,1.37122,2292
2026-02-24T13:00:00Z,1.37124,1.37144,1.37064,1.37091,3974
2026-02-24T13:30:00Z,1.37091,1.37164,1.37051,1.37137,4579
2026-02-24T14:00:00Z,1.37137,1.37245,1.37118,1.37213,5232
2026-02-24T14:30:00Z,1.37214,1.37243,1.37157,1.37163,7723
2026-02-24T15:00:00Z,1.37161,1.37214,1.37132,1.37187,5130
2026-02-24T15:30:00Z,1.37191,1.37214,1.37098,1.37147,4670
2026-02-24T16:00:00Z,1.37147,1.37164,1.37011,1.37015,3255
2026-02-24T16:30:00Z,1.37013,1.37078,1.37007,1.37034,2972
2026-02-24T17:00:00Z,1.37033,1.37059,1.37003,1.37053,2265
2026-02-24T17:30:00Z,1.37054,1.37085,1.37042,1.37046,1213
2026-02-24T18:00:00Z,1.37046,1.37053,1.37005,1.37024,1396
2026-02-24T18:30:00Z,1.37024,1.37054,1.37006,1.37034,1163
2026-02-24T19:00:00Z,1.37035,1.37063,1.37016,1.37016,1343
2026-02-24T19:30:00Z,1.37015,1.37048,1.36967,1.37031,1107
2026-02-24T20:00:00Z,1.37033,1.37048,1.36981,1.36996,820
2026-02-24T20:30:00Z,1.36996,1.37029,1.36939,1.37027,1388
2026-02-24T21:00:00Z,1.37025,1.37057,1.36995,1.37012,728
2026-02-24T21:30:00Z,1.37012,1.37035,1.36972,1.36980,902
2026-02-24T22:00:00Z,1.36980,1.37009,1.36887,1.36958,178
2026-02-24T22:30:00Z,1.36957,1.36962,1.36943,1.36943,235
2026-02-24T23:00:00Z,1.36998,1.37013,1.36979,1.37010,621
2026-02-24T23:30:00Z,1.37009,1.37028,1.36991,1.37027,693
2026-02-25T00:00:00Z,1.37028,1.37054,1.36994,1.36999,1414
2026-02-25T00:30:00Z,1.36997,1.37000,1.36950,1.36960,3791
2026-02-25T01:00:00Z,1.36960,1.36971,1.36930,1.36944,2758
2026-02-25T01:30:00Z,1.36946,1.36991,1.36923,1.36985,1971
2026-02-25T02:00:00Z,1.36986,1.36989,1.36933,1.36939,2159
2026-02-25T02:30:00Z,1.36940,1.36941,1.36835,1.36839,3987
2026-02-25T03:00:00Z,1.36838,1.36916,1.36806,1.36900,2803
2026-02-25T03:30:00Z,1.36901,1.36913,1.36851,1.36881,4014
2026-02-25T04:00:00Z,1.36885,1.36902,1.36850,1.36857,1790
2026-02-25T04:30:00Z,1.36856,1.36875,1.36838,1.36846,1711
2026-02-25T05:00:00Z,1.36846,1.36852,1.36780,1.36804,2259
2026-02-25T05:30:00Z,1.36803,1.36809,1.36753,1.36767,3139
2026-02-25T06:00:00Z,1.36765,1.36821,1.36763,1.36775,2347
2026-02-25T06:30:00Z,1.36775,1.36783,1.36747,1.36749,2529
2026-02-25T07:00:00Z,1.36751,1.36782,1.36738,1.36757,1760
2026-02-25T07:30:00Z,1.36758,1.36832,1.36758,1.36831,1406
2026-02-25T08:00:00Z,1.36830,1.36896,1.36796,1.36886,1689
2026-02-25T08:30:00Z,1.36885,1.36913,1.36855,1.36904,978
2026-02-25T09:00:00Z,1.36906,1.36944,1.36890,1.36928,1359
2026-02-25T09:30:00Z,1.36929,1.36968,1.36891,1.36916,2420
2026-02-25T10:00:00Z,1.36916,1.36933,1.36881,1.36911,2527
2026-02-25T10:30:00Z,1.36915,1.36982,1.36915,1.36963,2087
2026-02-25T11:00:00Z,1.36966,1.37056,1.36965,1.37047,2184
2026-02-25T11:30:00Z,1.37048,1.37063,1.37020,1.37024,2129
2026-02-25T12:00:00Z,1.37025,1.37027,1.36933,1.36962,1542
2026-02-25T12:30:00Z,1.36962,1.36971,1.36886,1.36896,1621
2026-02-25T13:00:00Z,1.36898,1.36931,1.36842,1.36895,2903
2026-02-25T13:30:00Z,1.36896,1.37012,1.36883,1.37000,2456
2026-02-25T14:00:00Z,1.37000,1.37028,1.36902,1.36913,2399
2026-02-25T14:30:00Z,1.36914,1.37044,1.36912,1.36981,3944
2026-02-25T15:00:00Z,1.36984,1.36984,1.36800,1.36830,4012
2026-02-25T15:30:00Z,1.36831,1.36889,1.36783,1.36806,4677
2026-02-25T16:00:00Z,1.36807,1.36807,1.36743,1.36771,2712
2026-02-25T16:30:00Z,1.36771,1.36872,1.36763,1.36855,2092
2026-02-25T17:00:00Z,1.36852,1.36857,1.36791,1.36811,2751
2026-02-25T17:30:00Z,1.36814,1.36862,1.36763,1.36835,2182
2026-02-25T18:00:00Z,1.36834,1.36854,1.36772,1.36782,1521
2026-02-25T18:30:00Z,1.36782,1.36815,1.36742,1.36808,1206
2026-02-25T19:00:00Z,1.36808,1.36821,1.36755,1.36808,962
2026-02-25T19:30:00Z,1.36809,1.36832,1.36750,1.36773,837
2026-02-25T20:00:00Z,1.36774,1.36810,1.36763,1.36810,849
2026-02-25T20:30:00Z,1.36810,1.36847,1.36784,1.36790,1728
2026-02-25T21:00:00Z,1.36791,1.36823,1.36772,1.36772,935
2026-02-25T21:30:00Z,1.36770,1.36794,1.36724,1.36743,860
2026-02-25T22:00:00Z,1.36738,1.36757,1.36725,1.36732,291
2026-02-25T22:30:00Z,1.36730,1.36739,1.36699,1.36732,647
2026-02-25T23:00:00Z,1.36736,1.36763,1.36725,1.36739,683
2026-02-25T23:30:00Z,1.36740,1.36766,1.36737,1.36756,841
2026-02-26T00:00:00Z,1.36755,1.36763,1.36714,1.36719,1227
2026-02-26T00:30:00Z,1.36719,1.36749,1.36700,1.36713,1514
2026-02-26T01:00:00Z,1.36715,1.36722,1.36636,1.36663,2383
2026-02-26T01:30:00Z,1.36666,1.36694,1.36611,1.36616,2905
2026-02-26T02:00:00Z,1.36616,1.36669,1.36585,1.36666,2554
2026-02-26T02:30:00Z,1.36667,1.36722,1.36664,1.36698,1926
2026-02-26T03:00:00Z,1.36697,1.36700,1.36670,1.36684,2660
2026-02-26T03:30:00Z,1.36684,1.36729,1.36667,1.36724,2098
2026-02-26T04:00:00Z,1.36723,1.36744,1.36702,1.36739,1808
2026-02-26T04:30:00Z,1.36740,1.36751,1.36691,1.36697,1530
2026-02-26T05:00:00Z,1.36699,1.36714,1.36664,1.36683,2449
2026-02-26T05:30:00Z,1.36682,1.36698,1.36633,1.36649,2599
2026-02-26T06:00:00Z,1.36650,1.36693,1.36634,1.36686,2555
2026-02-26T06:30:00Z,1.36685,1.36685,1.36590,1.36624,2716
2026-02-26T07:00:00Z,1.36627,1.36713,1.36620,1.36703,2843
2026-02-26T07:30:00Z,1.36703,1.36721,1.36596,1.36607,1773
2026-02-26T08:00:00Z,1.36607,1.36779,1.36602,1.36762,3387
2026-02-26T08:30:00Z,1.36764,1.36784,1.36720,1.36762,2492
2026-02-26T09:00:00Z,1.36761,1.36782,1.36725,1.36746,1636
2026-02-26T09:30:00Z,1.36746,1.36783,1.36731,1.36772,960
2026-02-26T10:00:00Z,1.36773,1.36793,1.36752,1.36785,1065
2026-02-26T10:30:00Z,1.36784,1.36834,1.36781,1.36803,840
2026-02-26T11:00:00Z,1.36802,1.36812,1.36745,1.36812,1068
2026-02-26T11:30:00Z,1.36810,1.36861,1.36808,1.36848,1130
2026-02-26T12:00:00Z,1.36850,1.36881,1.36809,1.36811,1418
2026-02-26T12:30:00Z,1.36811,1.36841,1.36763,1.36774,1293
2026-02-26T13:00:00Z,1.36773,1.36800,1.36716,1.36788,1998
2026-02-26T13:30:00Z,1.36782,1.36911,1.36749,1.36868,2118
2026-02-26T14:00:00Z,1.36874,1.36926,1.36846,1.36894,2551
2026-02-26T14:30:00Z,1.36892,1.36935,1.36826,1.36878,5323
2026-02-26T15:00:00Z,1.36879,1.37117,1.36858,1.37044,7049
2026-02-26T15:30:00Z,1.37046,1.37087,1.36827,1.36841,8958
2026-02-26T16:00:00Z,1.36841,1.36897,1.36790,1.36804,3071
2026-02-26T16:30:00Z,1.36804,1.36898,1.36791,1.36842,2330
2026-02-26T17:00:00Z,1.36839,1.36942,1.36817,1.36939,2287
2026-02-26T17:30:00Z,1.36941,1.37008,1.36909,1.36989,2531
2026-02-26T18:00:00Z,1.36988,1.37025,1.36912,1.36916,1730
2026-02-26T18:30:00Z,1.36917,1.36948,1.36848,1.36884,3700
2026-02-26T19:00:00Z,1.36880,1.36896,1.36839,1.36841,1872
2026-02-26T19:30:00Z,1.36846,1.36861,1.36801,1.36816,927
2026-02-26T20:00:00Z,1.36816,1.36857,1.36791,1.36795,1234
2026-02-26T20:30:00Z,1.36794,1.36816,1.36777,1.36800,1026
2026-02-26T21:00:00Z,1.36800,1.36826,1.36784,1.36801,1046
2026-02-26T21:30:00Z,1.36799,1.36846,1.36797,1.36801,977
2026-02-26T22:00:00Z,1.36798,1.36812,1.36682,1.36768,491
2026-02-26T22:30:00Z,1.36766,1.36809,1.36730,1.36766,736
2026-02-26T23:00:00Z,1.36770,1.36806,1.36758,1.36791,806
2026-02-26T23:30:00Z,1.36790,1.36799,1.36757,1.36760,753
2026-02-27T00:00:00Z,1.36761,1.36771,1.36732,1.36745,1638
2026-02-27T00:30:00Z,1.36745,1.36811,1.36729,1.36787,2832
2026-02-27T01:00:00Z,1.36787,1.36798,1.36741,1.36788,3557
2026-02-27T01:30:00Z,1.36786,1.36815,1.36760,1.36794,2263
2026-02-27T02:00:00Z,1.36792,1.36792,1.36739,1.36744,2989
2026-02-27T02:30:00Z,1.36745,1.36759,1.36715,1.36720,2473
2026-02-27T03:00:00Z,1.36721,1.36727,1.36689,1.36695,1943
2026-02-27T03:30:00Z,1.36696,1.36722,1.36686,1.36703,2202
2026-02-27T04:00:00Z,1.36703,1.36711,1.36669,1.36675,2017
2026-02-27T04:30:00Z,1.36675,1.36678,1.36636,1.36652,2225
2026-02-27T05:00:00Z,1.36654,1.36681,1.36633,1.36640,2312
2026-02-27T05:30:00Z,1.36639,1.36666,1.36622,1.36632,1783
2026-02-27T06:00:00Z,1.36630,1.36699,1.36617,1.36681,2123
2026-02-27T06:30:00Z,1.36678,1.36688,1.36630,1.36681,2109
2026-02-27T07:00:00Z,1.36682,1.36726,1.36670,1.36704,1642
2026-02-27T07:30:00Z,1.36702,1.36741,1.36678,1.36705,1617
2026-02-27T08:00:00Z,1.36704,1.36726,1.36648,1.36667,2114
2026-02-27T08:30:00Z,1.36666,1.36737,1.36665,1.36717,1864
2026-02-27T09:00:00Z,1.36717,1.36771,1.36702,1.36732,1977
2026-02-27T09:30:00Z,1.36731,1.36745,1.36662,1.36687,2244
2026-02-27T10:00:00Z,1.36686,1.36769,1.36677,1.36698,2299
2026-02-27T10:30:00Z,1.36697,1.36732,1.36668,1.36732,1829
2026-02-27T11:00:00Z,1.36732,1.36772,1.36693,1.36712,1520
2026-02-27T11:30:00Z,1.36712,1.36773,1.36694,1.36721,1456
2026-02-27T12:00:00Z,1.36721,1.36721,1.36639,1.36669,1432
2026-02-27T12:30:00Z,1.36669,1.36742,1.36659,1.36724,1003
2026-02-27T13:00:00Z,1.36725,1.36755,1.36621,1.36625,3755
2026-02-27T13:30:00Z,1.36624,1.36844,1.36621,1.36740,5451
2026-02-27T14:00:00Z,1.36735,1.36748,1.36601,1.36619,3958
2026-02-27T14:30:00Z,1.36619,1.36672,1.36507,1.36617,5396
2026-02-27T15:00:00Z,1.36615,1.36659,1.36388,1.36408,6144
2026-02-27T15:30:00Z,1.36406,1.36554,1.36272,1.36375,6744
2026-02-27T16:00:00Z,1.36374,1.36406,1.36284,1.36363,4241
2026-02-27T16:30:00Z,1.36367,1.36374,1.36293,1.36332,3796
2026-02-27T17:00:00Z,1.36331,1.36351,1.36248,1.36287,3438
2026-02-27T17:30:00Z,1.36288,1.36342,1.36251,1.36296,2596
2026-02-27T18:00:00Z,1.36295,1.36331,1.36252,1.36303,1899
2026-02-27T18:30:00Z,1.36300,1.36314,1.36253,1.36291,2916
2026-02-27T19:00:00Z,1.36292,1.36321,1.36265,1.36291,2735
2026-02-27T19:30:00Z,1.36291,1.36347,1.36282,1.36318,2349
2026-02-27T20:00:00Z,1.36318,1.36339,1.36297,1.36331,1253
2026-02-27T20:30:00Z,1.36329,1.36402,1.36305,1.36397,2483
2026-02-27T21:00:00Z,1.36396,1.36501,1.36393,1.36478,1946
2026-02-27T21:30:00Z,1.36476,1.36514,1.36396,1.36402,4034
2026-03-01T22:00:00Z,1.36460,1.36534,1.36426,1.36486,447
2026-03-01T22:30:00Z,1.36483,1.36540,1.36313,1.36403,4512
2026-03-01T23:00:00Z,1.36413,1.36671,1.36413,1.36669,3654
2026-03-01T23:30:00Z,1.36667,1.36728,1.36616,1.36683,3645
2026-03-02T00:00:00Z,1.36684,1.36732,1.36538,1.36619,4250
2026-03-02T00:30:00Z,1.36618,1.36645,1.36526,1.36529,5244
2026-03-02T01:00:00Z,1.36531,1.36549,1.36426,1.36528,4631
2026-03-02T01:30:00Z,1.36530,1.36540,1.36417,1.36459,3538
2026-03-02T02:00:00Z,1.36458,1.36556,1.36448,1.36528,3616
2026-03-02T02:30:00Z,1.36530,1.36533,1.36454,1.36472,4170
2026-03-02T03:00:00Z,1.36472,1.36482,1.36402,1.36413,2855
2026-03-02T03:30:00Z,1.36411,1.36460,1.36410,1.36451,2916
2026-03-02T04:00:00Z,1.36452,1.36509,1.36447,1.36480,3199
2026-03-02T04:30:00Z,1.36481,1.36514,1.36475,1.36486,4055
2026-03-02T05:00:00Z,1.36486,1.36547,1.36486,1.36532,3663
2026-03-02T05:30:00Z,1.36532,1.36589,1.36498,1.36585,2644
2026-03-02T06:00:00Z,1.36585,1.36622,1.36526,1.36581,4428
2026-03-02T06:30:00Z,1.36579,1.36629,1.36553,1.36598,3849
2026-03-02T07:00:00Z,1.36598,1.36667,1.36567,1.36620,3361
2026-03-02T07:30:00Z,1.36618,1.36670,1.36572,1.36573,2692
2026-03-02T08:00:00Z,1.36574,1.36801,1.36547,1.36790,3478
2026-03-02T08:30:00Z,1.36790,1.36862,1.36630,1.36674,3236
2026-03-02T09:00:00Z,1.36674,1.36693,1.36443,1.36464,2501
2026-03-02T09:30:00Z,1.36463,1.36540,1.36416,1.36522,2195
2026-03-02T10:00:00Z,1.36522,1.36530,1.36406,1.36415,2508
2026-03-02T10:30:00Z,1.36417,1.36523,1.36401,1.36504,2052
2026-03-02T11:00:00Z,1.36503,1.36604,1.36498,1.36587,1888
2026-03-02T11:30:00Z,1.36588,1.36598,1.36528,1.36576,1903
2026-03-02T12:00:00Z,1.36578,1.36674,1.36545,1.36602,2381
2026-03-02T12:30:00Z,1.36601,1.36671,1.36498,1.36652,2978
2026-03-02T13:00:00Z,1.36650,1.36727,1.36603,1.36633,3895
2026-03-02T13:30:00Z,1.36636,1.36850,1.36620,1.36834,4142
2026-03-02T14:00:00Z,1.36835,1.36882,1.36695,1.36779,4708
2026-03-02T14:30:00Z,1.36779,1.36801,1.36651,1.36746,8324
2026-03-02T15:00:00Z,1.36741,1.36851,1.36717,1.36847,6742
2026-03-02T15:30:00Z,1.36848,1.37037,1.36809,1.37003,4925
2026-03-02T16:00:00Z,1.37006,1.37140,1.37003,1.37116,5544
2026-03-02T16:30:00Z,1.37116,1.37184,1.37002,1.37068,5083
2026-03-02T17:00:00Z,1.37069,1.37117,1.36976,1.37007,3543
2026-03-02T17:30:00Z,1.37009,1.37152,1.37004,1.37018,2951
2026-03-02T18:00:00Z,1.37018,1.37113,1.36997,1.37082,2336
2026-03-02T18:30:00Z,1.37081,1.37090,1.36931,1.36966,1708
2026-03-02T19:00:00Z,1.36967,1.36973,1.36718,1.36734,2506
2026-03-02T19:30:00Z,1.36731,1.36741,1.36597,1.36615,2193
2026-03-02T20:00:00Z,1.36615,1.36892,1.36607,1.36804,6453
2026-03-02T20:30:00Z,1.36803,1.36812,1.36687,1.36733,3538
2026-03-02T21:00:00Z,1.36734,1.36736,1.36655,1.36706,1173
2026-03-02T21:30:00Z,1.36707,1.36812,1.36701,1.36722,1721
2026-03-02T22:00:00Z,1.36712,1.36738,1.36698,1.36726,162
2026-03-02T22:30:00Z,1.36728,1.36738,1.36712,1.36721,2602
2026-03-02T23:00:00Z,1.36720,1.36762,1.36715,1.36728,564
2026-03-02T23:30:00Z,1.36729,1.36735,1.36696,1.36718,546
2026-03-03T00:00:00Z,1.36717,1.36760,1.36703,1.36720,1757
2026-03-03T00:30:00Z,1.36718,1.36752,1.36680,1.36690,1592
2026-03-03T01:00:00Z,1.36690,1.36709,1.36604,1.36635,2532
2026-03-03T01:30:00Z,1.36635,1.36687,1.36610,1.36685,3521
2026-03-03T02:00:00Z,1.36685,1.36763,1.36632,1.36641,8574
2026-03-03T02:30:00Z,1.36644,1.36669,1.36597,1.36635,3965
2026-03-03T03:00:00Z,1.36633,1.36689,1.36620,1.36685,2727
2026-03-03T03:30:00Z,1.36685,1.36701,1.36630,1.36672,2555
2026-03-03T04:00:00Z,1.36671,1.36691,1.36638,1.36660,3553
2026-03-03T04:30:00Z,1.36661,1.36730,1.36655,1.36714,3746
2026-03-03T05:00:00Z,1.36715,1.36717,1.36645,1.36647,4032
2026-03-03T05:30:00Z,1.36648,1.36794,1.36635,1.36757,2589
2026-03-03T06:00:00Z,1.36757,1.36832,1.36728,1.36739,2432
2026-03-03T06:30:00Z,1.36740,1.36784,1.36701,1.36718,2243
2026-03-03T07:00:00Z,1.36716,1.36785,1.36683,1.36747,2252
2026-03-03T07:30:00Z,1.36746,1.36807,1.36668,1.36786,3208
2026-03-03T08:00:00Z,1.36792,1.36883,1.36771,1.36882,4015
2026-03-03T08:30:00Z,1.36883,1.36992,1.36835,1.36944,4056
2026-03-03T09:00:00Z,1.36942,1.37055,1.36863,1.37037,8148
2026-03-03T09:30:00Z,1.37036,1.37104,1.36980,1.36996,5172
2026-03-03T10:00:00Z,1.36996,1.37030,1.36921,1.37010,4061
2026-03-03T10:30:00Z,1.37008,1.37113,1.36992,1.37108,3174
2026-03-03T11:00:00Z,1.37108,1.37208,1.37079,1.37204,3542
2026-03-03T11:30:00Z,1.37202,1.37217,1.37025,1.37025,3812
2026-03-03T12:00:00Z,1.37025,1.37044,1.36817,1.36931,4135
2026-03-03T12:30:00Z,1.36932,1.36963,1.36835,1.36856,3332
2026-03-03T13:00:00Z,1.36859,1.36960,1.36827,1.36941,5156
2026-03-03T13:30:00Z,1.36943,1.37092,1.36904,1.37075,4305
2026-03-03T14:00:00Z,1.37076,1.37128,1.36960,1.37105,5989
2026-03-03T14:30:00Z,1.37106,1.37356,1.37066,1.37327,7744
2026-03-03T15:00:00Z,1.37328,1.37526,1.37241,1.37308,10668
2026-03-03T15:30:00Z,1.37310,1.37316,1.36960,1.37032,11337
2026-03-03T16:00:00Z,1.37031,1.37052,1.36704,1.36796,8500
2026-03-03T16:30:00Z,1.36799,1.36879,1.36585,1.36640,8961
2026-03-03T17:00:00Z,1.36641,1.36753,1.36639,1.36694,6681
2026-03-03T17:30:00Z,1.36694,1.36792,1.36669,1.36761,4769
2026-03-03T18:00:00Z,1.36760,1.36764,1.36567,1.36610,4086
2026-03-03T18:30:00Z,1.36611,1.36695,1.36528,1.36686,3572
2026-03-03T19:00:00Z,1.36685,1.36749,1.36645,1.36734,3411
2026-03-03T19:30:00Z,1.36734,1.36744,1.36568,1.36701,5783
2026-03-03T20:00:00Z,1.36699,1.36713,1.36599,1.36611,8050
2026-03-03T20:30:00Z,1.36612,1.36713,1.36591,1.36695,3970
2026-03-03T21:00:00Z,1.36695,1.36747,1.36669,1.36731,1365
2026-03-03T21:30:00Z,1.36730,1.36855,1.36730,1.36780,2535
2026-03-03T22:00:00Z,1.36775,1.36790,1.36645,1.36777,202
2026-03-03T22:30:00Z,1.36742,1.36793,1.36731,1.36746,429
2026-03-03T23:00:00Z,1.36746,1.36809,1.36715,1.36732,1518
2026-03-03T23:30:00Z,1.36730,1.36777,1.36719,1.36747,2411
2026-03-04T00:00:00Z,1.36748,1.36821,1.36713,1.36741,4335
2026-03-04T00:30:00Z,1.36740,1.36836,1.36707,1.36826,4235
2026-03-04T01:00:00Z,1.36824,1.36974,1.36797,1.36951,5541
2026-03-04T01:30:00Z,1.36952,1.36995,1.36866,1.36891,4196
2026-03-04T02:00:00Z,1.36891,1.36905,1.36809,1.36856,6195
2026-03-04T02:30:00Z,1.36862,1.36898,1.36792,1.36859,5691
2026-03-04T03:00:00Z,1.36860,1.36915,1.36837,1.36876,5912
2026-03-04T03:30:00Z,1.36877,1.36928,1.36797,1.36803,5358
2026-03-04T04:00:00Z,1.36802,1.36839,1.36769,1.36832,5154
2026-03-04T04:30:00Z,1.36833,1.36943,1.36832,1.36911,4921
2026-03-04T05:00:00Z,1.36913,1.36938,1.36864,1.36919,5229
2026-03-04T05:30:00Z,1.36919,1.36945,1.36855,1.36886,4997
2026-03-04T06:00:00Z,1.36886,1.36943,1.36823,1.36836,4355
2026-03-04T06:30:00Z,1.36836,1.36844,1.36706,1.36738,3722
2026-03-04T07:00:00Z,1.36738,1.36762,1.36591,1.36599,2817
2026-03-04T07:30:00Z,1.36597,1.36601,1.36479,1.36593,6993
2026-03-04T08:00:00Z,1.36592,1.36658,1.36568,1.36626,5408
2026-03-04T08:30:00Z,1.36630,1.36796,1.36602,1.36778,4993
2026-03-04T09:00:00Z,1.36776,1.36811,1.36669,1.36718,4918
2026-03-04T09:30:00Z,1.36721,1.36775,1.36680,1.36750,3284
2026-03-04T10:00:00Z,1.36750,1.36751,1.36471,1.36689,8231
2026-03-04T10:30:00Z,1.36688,1.36768,1.36643,1.36696,4017
2026-03-04T11:00:00Z,1.36697,1.36723,1.36580,1.36637,2307
2026-03-04T11:30:00Z,1.36638,1.36682,1.36610,1.36640,1853
2026-03-04T12:00:00Z,1.36640,1.36640,1.36437,1.36601,2604
2026-03-04T12:30:00Z,1.36603,1.36752,1.36551,1.36731,3116
2026-03-04T13:00:00Z,1.36732,1.36732,1.36531,1.36679,5405
2026-03-04T13:30:00Z,1.36679,1.36786,1.36658,1.36709,6618
2026-03-04T14:00:00Z,1.36710,1.36901,1.36698,1.36847,4081
2026-03-04T14:30:00Z,1.36845,1.36885,1.36724,1.36814,7136
2026-03-04T15:00:00Z,1.36812,1.36838,1.36617,1.36618,5750
2026-03-04T15:30:00Z,1.36617,1.36696,1.36551,1.36591,5856
2026-03-04T16:00:00Z,1.36589,1.36709,1.36509,1.36670,4058
2026-03-04T16:30:00Z,1.36669,1.36723,1.36611,1.36622,3771
2026-03-04T17:00:00Z,1.36621,1.36712,1.36581,1.36705,2507
2026-03-04T17:30:00Z,1.36703,1.36722,1.36633,1.36633,2171
2026-03-04T18:00:00Z,1.36632,1.36727,1.36627,1.36717,1799
2026-03-04T18:30:00Z,1.36716,1.36718,1.36650,1.36681,1430
2026-03-04T19:00:00Z,1.36681,1.36681,1.36532,1.36532,2018
2026-03-04T19:30:00Z,1.36532,1.36536,1.36341,1.36345,2155
2026-03-04T20:00:00Z,1.36346,1.36402,1.36266,1.36382,3587
2026-03-04T20:30:00Z,1.36383,1.36438,1.36349,1.36432,2602
2026-03-04T21:00:00Z,1.36432,1.36447,1.36299,1.36300,1094
2026-03-04T21:30:00Z,1.36300,1.36429,1.36300,1.36418,1557
2026-03-04T22:00:00Z,1.36417,1.36452,1.36348,1.36395,206
2026-03-04T22:30:00Z,1.36388,1.36462,1.36378,1.36432,780
2026-03-04T23:00:00Z,1.36431,1.36460,1.36363,1.36410,1237
2026-03-04T23:30:00Z,1.36408,1.36447,1.36403,1.36434,1201
2026-03-05T00:00:00Z,1.36435,1.36462,1.36346,1.36356,1920
2026-03-05T00:30:00Z,1.36357,1.36380,1.36328,1.36343,2679
2026-03-05T01:00:00Z,1.36344,1.36391,1.36299,1.36312,6578
2026-03-05T01:30:00Z,1.36310,1.36459,1.36310,1.36448,4393
2026-03-05T02:00:00Z,1.36449,1.36474,1.36396,1.36443,3803
2026-03-05T02:30:00Z,1.36442,1.36471,1.36407,1.36433,3991
2026-03-05T03:00:00Z,1.36433,1.36538,1.36404,1.36534,4278
2026-03-05T03:30:00Z,1.36530,1.36561,1.36494,1.36532,3967
2026-03-05T04:00:00Z,1.36534,1.36570,1.36457,1.36520,4817
2026-03-05T04:30:00Z,1.36521,1.36531,1.36484,1.36496,2558
2026-03-05T05:00:00Z,1.36499,1.36533,1.36477,1.36503,3821
2026-03-05T05:30:00Z,1.36502,1.36636,1.36496,1.36633,3227
2026-03-05T06:00:00Z,1.36631,1.36673,1.36584,1.36614,4345
2026-03-05T06:30:00Z,1.36614,1.36644,1.36527,1.36538,4014
2026-03-05T07:00:00Z,1.36536,1.36538,1.36437,1.36445,5261
2026-03-05T07:30:00Z,1.36446,1.36499,1.36396,1.36446,2531
2026-03-05T08:00:00Z,1.36447,1.36695,1.36447,1.36690,6272
2026-03-05T08:30:00Z,1.36690,1.36703,1.36575,1.36589,2666
2026-03-05T09:00:00Z,1.36589,1.36604,1.36268,1.36415,8022
2026-03-05T09:30:00Z,1.36415,1.36497,1.36415,1.36460,4160
2026-03-05T10:00:00Z,1.36462,1.36498,1.36431,1.36474,2317
2026-03-05T10:30:00Z,1.36475,1.36502,1.36395,1.36421,2579
2026-03-05T11:00:00Z,1.36418,1.36447,1.36310,1.36375,2254
2026-03-05T11:30:00Z,1.36376,1.36401,1.36287,1.36320,2258
2026-03-05T12:00:00Z,1.36318,1.36360,1.36259,1.36313,2496
2026-03-05T12:30:00Z,1.36317,1.36325,1.36212,1.36212,2607
2026-03-05T13:00:00Z,1.36213,1.36245,1.36150,1.36208,5671
2026-03-05T13:30:00Z,1.36206,1.36485,1.36198,1.36476,4406
2026-03-05T14:00:00Z,1.36478,1.36534,1.36450,1.36467,6506
2026-03-05T14:30:00Z,1.36465,1.36573,1.36378,1.36404,9287
2026-03-05T15:00:00Z,1.36403,1.36783,1.36344,1.36767,7789
2026-03-05T15:30:00Z,1.36766,1.36922,1.36751,1.36814,7265
2026-03-05T16:00:00Z,1.36815,1.37157,1.36788,1.37122,6782
2026-03-05T16:30:00Z,1.37121,1.37137,1.36907,1.36937,6396
2026-03-05T17:00:00Z,1.36935,1.37024,1.36895,1.36999,4841
2026-03-05T17:30:00Z,1.36999,1.37104,1.36917,1.37009,8354
2026-03-05T18:00:00Z,1.37010,1.37049,1.36906,1.36995,6464
2026-03-05T18:30:00Z,1.36996,1.36997,1.36865,1.36881,4490
2026-03-05T19:00:00Z,1.36880,1.36939,1.36833,1.36928,3749
2026-03-05T19:30:00Z,1.36928,1.37016,1.36866,1.36914,3336
2026-03-05T20:00:00Z,1.36913,1.36950,1.36668,1.36723,7655
2026-03-05T20:30:00Z,1.36726,1.36772,1.36648,1.36691,4996
2026-03-05T21:00:00Z,1.36692,1.36708,1.36648,1.36666,1043
2026-03-05T21:30:00Z,1.36665,1.36775,1.36652,1.36724,1685
2026-03-05T22:00:00Z,1.36698,1.36766,1.36694,1.36758,1336
2026-03-05T22:30:00Z,1.36758,1.36758,1.36704,1.36729,860
2026-03-05T23:00:00Z,1.36732,1.36739,1.36674,1.36694,1318
2026-03-05T23:30:00Z,1.36693,1.36714,1.36677,1.36714,1060
2026-03-06T00:00:00Z,1.36713,1.36713,1.36593,1.36598,2930
2026-03-06T00:30:00Z,1.36599,1.36651,1.36584,1.36642,1470
2026-03-06T01:00:00Z,1.36640,1.36653,1.36566,1.36628,3347
2026-03-06T01:30:00Z,1.36628,1.36641,1.36563,1.36570,3320
2026-03-06T02:00:00Z,1.36570,1.36587,1.36527,1.36572,5014
2026-03-06T02:30:00Z,1.36572,1.36621,1.36565,1.36612,3991
2026-03-06T03:00:00Z,1.36613,1.36621,1.36563,1.36583,3788
2026-03-06T03:30:00Z,1.36582,1.36603,1.36568,1.36570,3531
2026-03-06T04:00:00Z,1.36570,1.36591,1.36553,1.36556,2156
2026-03-06T04:30:00Z,1.36555,1.36615,1.36540,1.36599,2539
2026-03-06T05:00:00Z,1.36600,1.36621,1.36573,1.36582,2771
2026-03-06T05:30:00Z,1.36583,1.36643,1.36562,1.36636,2752
2026-03-06T06:00:00Z,1.36636,1.36650,1.36592,1.36636,4270
2026-03-06T06:30:00Z,1.36636,1.36645,1.36569,1.36596,2580
2026-03-06T07:00:00Z,1.36597,1.36608,1.36515,1.36563,1475
2026-03-06T07:30:00Z,1.36564,1.36576,1.36475,1.36505,1695
2026-03-06T08:00:00Z,1.36504,1.36540,1.36444,1.36516,2415
2026-03-06T08:30:00Z,1.36516,1.36535,1.36442,1.36528,2207
2026-03-06T09:00:00Z,1.36527,1.36660,1.36523,1.36659,4812
2026-03-06T09:30:00Z,1.36659,1.36724,1.36631,1.36690,3521
2026-03-06T10:00:00Z,1.36693,1.36716,1.36611,1.36634,2460
2026-03-06T10:30:00Z,1.36635,1.36667,1.36575,1.36602,1698
2026-03-06T11:00:00Z,1.36601,1.36639,1.36533,1.36596,2606
2026-03-06T11:30:00Z,1.36595,1.36698,1.36594,1.36678,1972
2026-03-06T12:00:00Z,1.36676,1.36696,1.36566,1.36583,2156
2026-03-06T12:30:00Z,1.36582,1.36603,1.36509,1.36579,1968
2026-03-06T13:00:00Z,1.36583,1.36595,1.36488,1.36519,3146
2026-03-06T13:30:00Z,1.36515,1.36532,1.36284,1.36484,12199
2026-03-06T14:00:00Z,1.36484,1.36652,1.36464,1.36574,6979
2026-03-06T14:30:00Z,1.36575,1.36741,1.36465,1.36487,9701
2026-03-06T15:00:00Z,1.36488,1.36489,1.36180,1.36272,13808
2026-03-06T15:30:00Z,1.36271,1.36305,1.36158,1.36252,6899
2026-03-06T16:00:00Z,1.36253,1.36276,1.36062,1.36176,5659
2026-03-06T16:30:00Z,1.36175,1.36231,1.35967,1.35985,6834
2026-03-06T17:00:00Z,1.35988,1.36128,1.35975,1.36085,5866
2026-03-06T17:30:00Z,1.36085,1.36092,1.35947,1.35983,5262
2026-03-06T18:00:00Z,1.35980,1.36008,1.35840,1.35900,5179
2026-03-06T18:30:00Z,1.35901,1.35916,1.35805,1.35879,3963
2026-03-06T19:00:00Z,1.35878,1.35899,1.35797,1.35815,2903
2026-03-06T19:30:00Z,1.35816,1.35874,1.35795,1.35853,2473
2026-03-06T20:00:00Z,1.35852,1.35895,1.35794,1.35879,2979
2026-03-06T20:30:00Z,1.35878,1.35891,1.35754,1.35856,4279
2026-03-06T21:00:00Z,1.35856,1.35888,1.35675,1.35716,2418
2026-03-06T21:30:00Z,1.35716,1.35807,1.35605,1.35664,4686
2026-03-08T21:00:00Z,1.35996,1.36021,1.35978,1.35992,115
2026-03-08T21:30:00Z,1.35993,1.36052,1.35967,1.36047,354
2026-03-08T22:00:00Z,1.36047,1.36047,1.35513,1.35819,4702
2026-03-08T22:30:00Z,1.35820,1.35925,1.35807,1.35906,3581
2026-03-08T23:00:00Z,1.35905,1.36012,1.35867,1.35998,3991
2026-03-08T23:30:00Z,1.35999,1.36055,1.35952,1.36009,2518
2026-03-09T00:00:00Z,1.36009,1.36061,1.35981,1.36020,5308
2026-03-09T00:30:00Z,1.36019,1.36035,1.35944,1.35986,5700
2026-03-09T01:00:00Z,1.35986,1.36055,1.35948,1.36002,5781
2026-03-09T01:30:00Z,1.36002,1.36022,1.35895,1.35905,5383
2026-03-09T02:00:00Z,1.35903,1.35910,1.35768,1.35783,7787
2026-03-09T02:30:00Z,1.35781,1.35794,1.35663,1.35679,8165
2026-03-09T03:00:00Z,1.35680,1.35690,1.35635,1.35676,5694
2026-03-09T03:30:00Z,1.35678,1.35683,1.35576,1.35584,5968
2026-03-09T04:00:00Z,1.35583,1.35606,1.35545,1.35576,3181
2026-03-09T04:30:00Z,1.35575,1.35589,1.35506,1.35521,2221
2026-03-09T05:00:00Z,1.35522,1.35550,1.35453,1.35468,6551
2026-03-09T05:30:00Z,1.35467,1.35556,1.35453,1.35519,4988
2026-03-09T06:00:00Z,1.35518,1.35584,1.35499,1.35545,3130
2026-03-09T06:30:00Z,1.35543,1.35568,1.35474,1.35568,3020
2026-03-09T07:00:00Z,1.35567,1.35594,1.35486,1.35510,3360
2026-03-09T07:30:00Z,1.35509,1.35634,1.35497,1.35515,3171
2026-03-09T08:00:00Z,1.35514,1.35685,1.35490,1.35684,4671
2026-03-09T08:30:00Z,1.35688,1.35809,1.35625,1.35740,4890
2026-03-09T09:00:00Z,1.35739,1.35780,1.35601,1.35644,3448
2026-03-09T09:30:00Z,1.35646,1.35653,1.35462,1.35495,4871
2026-03-09T10:00:00Z,1.35494,1.35515,1.35386,1.35387,3866
2026-03-09T10:30:00Z,1.35387,1.35434,1.35350,1.35384,3256
2026-03-09T11:00:00Z,1.35382,1.35425,1.35347,1.35353,2667
2026-03-09T11:30:00Z,1.35353,1.35397,1.35252,1.35372,2654
2026-03-09T12:00:00Z,1.35371,1.35628,1.35371,1.35606,3678
2026-03-09T12:30:00Z,1.35607,1.35705,1.35542,1.35679,3438
2026-03-09T13:00:00Z,1.35677,1.35729,1.35527,1.35552,4781
2026-03-09T13:30:00Z,1.35553,1.35782,1.35551,1.35724,8381
2026-03-09T14:00:00Z,1.35724,1.35829,1.35676,1.35690,11060
2026-03-09T14:30:00Z,1.35694,1.35789,1.35643,1.35785,10966
2026-03-09T15:00:00Z,1.35783,1.35901,1.35746,1.35781,8253
2026-03-09T15:30:00Z,1.35786,1.35868,1.35693,1.35744,4380
2026-03-09T16:00:00Z,1.35744,1.35782,1.35661,1.35670,4228
2026-03-09T16:30:00Z,1.35671,1.35709,1.35632,1.35701,2648
2026-03-09T17:00:00Z,1.35699,1.35824,1.35699,1.35805,2827
2026-03-09T17:30:00Z,1.35806,1.35855,1.35797,1.35842,3214
2026-03-09T18:00:00Z,1.35843,1.35911,1.35838,1.35857,3266
2026-03-09T18:30:00Z,1.35859,1.35861,1.35757,1.35799,1823
2026-03-09T19:00:00Z,1.35797,1.35812,1.35600,1.35613,6023
2026-03-09T19:30:00Z,1.35613,1.35873,1.35607,1.35816,12585
2026-03-09T20:00:00Z,1.35817,1.35877,1.35799,1.35808,2151
2026-03-09T20:30:00Z,1.35809,1.35981,1.35809,1.35856,3171
2026-03-09T21:00:00Z,1.35846,1.35874,1.35737,1.35786,215
2026-03-09T21:30:00Z,1.35793,1.35801,1.35734,1.35745,527
2026-03-09T22:00:00Z,1.35745,1.35800,1.35718,1.35793,952
2026-03-09T22:30:00Z,1.35792,1.35865,1.35787,1.35798,817
2026-03-09T23:00:00Z,1.35798,1.35834,1.35772,1.35808,1535
2026-03-09T23:30:00Z,1.35808,1.35889,1.35804,1.35868,1050
2026-03-10T00:00:00Z,1.35868,1.35932,1.35840,1.35847,3239
2026-03-10T00:30:00Z,1.35849,1.35944,1.35849,1.35909,3728
2026-03-10T01:00:00Z,1.35907,1.35980,1.35885,1.35965,6094
2026-03-10T01:30:00Z,1.35965,1.36011,1.35950,1.35952,3728
2026-03-10T02:00:00Z,1.35951,1.35979,1.35928,1.35938,4750
2026-03-10T02:30:00Z,1.35938,1.35983,1.35930,1.35968,5251
2026-03-10T03:00:00Z,1.35966,1.35977,1.35938,1.35976,4002
2026-03-10T03:30:00Z,1.35976,1.35986,1.35941,1.35969,3559
2026-03-10T04:00:00Z,1.35970,1.36003,1.35951,1.35957,3446
2026-03-10T04:30:00Z,1.35957,1.35966,1.35883,1.35887,3451
2026-03-10T05:00:00Z,1.35887,1.35914,1.35862,1.35895,3370
2026-03-10T05:30:00Z,1.35896,1.35923,1.35838,1.35838,2763
2026-03-10T06:00:00Z,1.35835,1.35845,1.35754,1.35765,3317
2026-03-10T06:30:00Z,1.35765,1.35785,1.35726,1.35745,2229
2026-03-10T07:00:00Z,1.35745,1.35767,1.35683,1.35716,2560
2026-03-10T07:30:00Z,1.35718,1.35732,1.35652,1.35694,2497
2026-03-10T08:00:00Z,1.35695,1.35848,1.35693,1.35798,5946
2026-03-10T08:30:00Z,1.35799,1.35860,1.35757,1.35835,3661
2026-03-10T09:00:00Z,1.35833,1.35844,1.35690,1.35737,3146
2026-03-10T09:30:00Z,1.35736,1.35818,1.35726,1.35818,2429
2026-03-10T10:00:00Z,1.35819,1.35824,1.35782,1.35793,2112
2026-03-10T10:30:00Z,1.35792,1.35850,1.35718,1.35722,2428
2026-03-10T11:00:00Z,1.35723,1.35727,1.35617,1.35640,2868
2026-03-10T11:30:00Z,1.35641,1.35686,1.35579,1.35636,2411
2026-03-10T12:00:00Z,1.35638,1.35727,1.35513,1.35537,7671
2026-03-10T12:30:00Z,1.35537,1.35575,1.35417,1.35491,4196
2026-03-10T13:00:00Z,1.35491,1.35659,1.35459,1.35657,4160
2026-03-10T13:30:00Z,1.35654,1.35785,1.35620,1.35759,7538
2026-03-10T14:00:00Z,1.35757,1.35798,1.35576,1.35621,6550
2026-03-10T14:30:00Z,1.35621,1.35639,1.35458,1.35518,4619
2026-03-10T15:00:00Z,1.35517,1.35604,1.35475,1.35589,3812
2026-03-10T15:30:00Z,1.35590,1.35691,1.35541,1.35626,5343
2026-03-10T16:00:00Z,1.35627,1.35740,1.35627,1.35729,3337
2026-03-10T16:30:00Z,1.35729,1.35742,1.35646,1.35703,2582
2026-03-10T17:00:00Z,1.35702,1.35745,1.35656,1.35698,3767
2026-03-10T17:30:00Z,1.35699,1.35750,1.35655,1.35689,3963
2026-03-10T18:00:00Z,1.35689,1.35813,1.35673,1.35768,6193
2026-03-10T18:30:00Z,1.35769,1.35780,1.35708,1.35774,5462
2026-03-10T19:00:00Z,1.35774,1.35823,1.35738,1.35796,3923
2026-03-10T19:30:00Z,1.35796,1.35835,1.35734,1.35802,4641
2026-03-10T20:00:00Z,1.35802,1.35848,1.35771,1.35800,1771
2026-03-10T20:30:00Z,1.35798,1.35853,1.35783,1.35784,2317
2026-03-10T21:00:00Z,1.35785,1.35786,1.35719,1.35735,170
2026-03-10T21:30:00Z,1.35737,1.35808,1.35737,1.35749,676
2026-03-10T22:00:00Z,1.35760,1.35834,1.35760,1.35833,436
2026-03-10T22:30:00Z,1.35838,1.35841,1.35806,1.35819,755
2026-03-10T23:00:00Z,1.35819,1.35847,1.35809,1.35843,1232
2026-03-10T23:30:00Z,1.35842,1.35846,1.35822,1.35828,572
2026-03-11T00:00:00Z,1.35827,1.35845,1.35768,1.35773,2794
2026-03-11T00:30:00Z,1.35771,1.35802,1.35754,1.35785,1033
2026-03-11T01:00:00Z,1.35784,1.35803,1.35710,1.35716,1669
2026-03-11T01:30:00Z,1.35716,1.35731,1.35688,1.35714,1770
2026-03-11T02:00:00Z,1.35712,1.35725,1.35668,1.35697,2221
2026-03-11T02:30:00Z,1.35697,1.35701,1.35550,1.35594,2119
2026-03-11T03:00:00Z,1.35596,1.35609,1.35561,1.35588,2357
2026-03-11T03:30:00Z,1.35588,1.35595,1.35550,1.35573,2074
2026-03-11T04:00:00Z,1.35572,1.35612,1.35568,1.35592,1823
2026-03-11T04:30:00Z,1.35592,1.35599,1.35556,1.35585,1745
2026-03-11T05:00:00Z,1.35585,1.35597,1.35563,1.35592,1528
2026-03-11T05:30:00Z,1.35592,1.35610,1.35582,1.35600,1641
2026-03-11T06:00:00Z,1.35598,1.35612,1.35543,1.35590,3110
2026-03-11T06:30:00Z,1.35591,1.35672,1.35590,1.35646,1595
2026-03-11T07:00:00Z,1.35648,1.35715,1.35621,1.35676,2784
2026-03-11T07:30:00Z,1.35674,1.35729,1.35625,1.35629,2682
2026-03-11T08:00:00Z,1.35629,1.35689,1.35597,1.35663,4088
2026-03-11T08:30:00Z,1.35661,1.35728,1.35635,1.35636,2916
2026-03-11T09:00:00Z,1.35634,1.35693,1.35608,1.35657,3407
2026-03-11T09:30:00Z,1.35654,1.35743,1.35620,1.35723,2140
2026-03-11T10:00:00Z,1.35725,1.35760,1.35695,1.35731,1783
2026-03-11T10:30:00Z,1.35730,1.35759,1.35673,1.35688,1645
2026-03-11T11:00:00Z,1.35690,1.35741,1.35671,1.35693,2056
2026-03-11T11:30:00Z,1.35696,1.35703,1.35598,1.35666,2284
2026-03-11T12:00:00Z,1.35665,1.35797,1.35628,1.35652,3729
2026-03-11T12:30:00Z,1.35649,1.35929,1.35619,1.35919,4192
2026-03-11T13:00:00Z,1.35919,1.35958,1.35852,1.35914,2950
2026-03-11T13:30:00Z,1.35913,1.35930,1.35842,1.35868,4649
2026-03-11T14:00:00Z,1.35865,1.35893,1.35731,1.35763,9733
2026-03-11T14:30:00Z,1.35762,1.35823,1.35733,1.35798,3776
2026-03-11T15:00:00Z,1.35798,1.35983,1.35756,1.35932,4102
2026-03-11T15:30:00Z,1.35932,1.36036,1.35923,1.36025,3355
2026-03-11T16:00:00Z,1.36026,1.36047,1.35950,1.35991,3465
2026-03-11T16:30:00Z,1.35990,1.35990,1.35832,1.35834,2315
2026-03-11T17:00:00Z,1.35833,1.35851,1.35748,1.35748,2383
2026-03-11T17:30:00Z,1.35747,1.35902,1.35744,1.35843,3534
2026-03-11T18:00:00Z,1.35842,1.35924,1.35831,1.35882,2671
2026-03-11T18:30:00Z,1.35884,1.35931,1.35856,1.35905,2362
2026-03-11T19:00:00Z,1.35906,1.35952,1.35895,1.35896,2274
2026-03-11T19:30:00Z,1.35895,1.35915,1.35837,1.35844,1377
2026-03-11T20:00:00Z,1.35844,1.35939,1.35831,1.35922,1502
2026-03-11T20:30:00Z,1.35926,1.35931,1.35902,1.35917,824
2026-03-11T21:00:00Z,1.35917,1.35929,1.35907,1.35920,107
2026-03-11T21:30:00Z,1.35919,1.35930,1.35831,1.35858,581
2026-03-11T22:00:00Z,1.35857,1.35941,1.35847,1.35931,1263
2026-03-11T22:30:00Z,1.35931,1.35989,1.35918,1.35985,1037
2026-03-11T23:00:00Z,1.35986,1.36002,1.35964,1.35994,3891
2026-03-11T23:30:00Z,1.36000,1.36039,1.35992,1.36024,2802
2026-03-12T00:00:00Z,1.36025,1.36044,1.35973,1.35982,3200
2026-03-12T00:30:00Z,1.35983,1.35993,1.35857,1.35868,2985
2026-03-12T01:00:00Z,1.35868,1.35918,1.35805,1.35816,3465
2026-03-12T01:30:00Z,1.35815,1.35839,1.35780,1.35817,3602
2026-03-12T02:00:00Z,1.35816,1.35859,1.35777,1.35848,4072
2026-03-12T02:30:00Z,1.35847,1.35917,1.35812,1.35878,4293
2026-03-12T03:00:00Z,1.35877,1.35910,1.35867,1.35874,1989
2026-03-12T03:30:00Z,1.35874,1.35891,1.35869,1.35887,1837
2026-03-12T04:00:00Z,1.35887,1.35907,1.35862,1.35873,2047
2026-03-12T04:30:00Z,1.35873,1.35926,1.35872,1.35918,1663
2026-03-12T05:00:00Z,1.35917,1.35931,1.35869,1.35871,2247
2026-03-12T05:30:00Z,1.35871,1.35938,1.35859,1.35929,1884
2026-03-12T06:00:00Z,1.35931,1.35931,1.35834,1.35861,3158
2026-03-12T06:30:00Z,1.35861,1.35879,1.35828,1.35865,1561
2026-03-12T07:00:00Z,1.35865,1.35874,1.35815,1.35845,1531
2026-03-12T07:30:00Z,1.35845,1.35912,1.35840,1.35863,2158
2026-03-12T08:00:00Z,1.35863,1.35864,1.35763,1.35823,2446
2026-03-12T08:30:00Z,1.35825,1.35895,1.35807,1.35872,2654
2026-03-12T09:00:00Z,1.35871,1.35897,1.35853,1.35864,2310
2026-03-12T09:30:00Z,1.35864,1.35879,1.35836,1.35856,2782
2026-03-12T10:00:00Z,1.35857,1.35922,1.35854,1.35906,2666
2026-03-12T10:30:00Z,1.35908,1.35931,1.35876,1.35914,2776
2026-03-12T11:00:00Z,1.35914,1.35920,1.35875,1.35892,1859
2026-03-12T11:30:00Z,1.35891,1.35950,1.35864,1.35918,1718
2026-03-12T12:00:00Z,1.35916,1.36040,1.35910,1.35994,2107
2026-03-12T12:30:00Z,1.35991,1.36035,1.35982,1.36003,2128
2026-03-12T13:00:00Z,1.36002,1.36072,1.35939,1.36041,5031
2026-03-12T13:30:00Z,1.36043,1.36110,1.36021,1.36079,7739
2026-03-12T14:00:00Z,1.36077,1.36113,1.36026,1.36062,7070
2026-03-12T14:30:00Z,1.36063,1.36144,1.35971,1.36120,6331
2026-03-12T15:00:00Z,1.36121,1.36336,1.36102,1.36196,8613
2026-03-12T15:30:00Z,1.36198,1.36253,1.36128,1.36189,7644
2026-03-12T16:00:00Z,1.36190,1.36292,1.36110,1.36217,5181
2026-03-12T16:30:00Z,1.36219,1.36308,1.36179,1.36278,3923
2026-03-12T17:00:00Z,1.36279,1.36291,1.36191,1.36281,4504
2026-03-12T17:30:00Z,1.36279,1.36318,1.36240,1.36253,4384
2026-03-12T18:00:00Z,1.36253,1.36279,1.36216,1.36243,3830
2026-03-12T18:30:00Z,1.36242,1.36250,1.36187,1.36221,2064
2026-03-12T19:00:00Z,1.36221,1.36258,1.36205,1.36229,2325
2026-03-12T19:30:00Z,1.36229,1.36295,1.36208,1.36290,2078
2026-03-12T20:00:00Z,1.36289,1.36384,1.36260,1.36373,1781
2026-03-12T20:30:00Z,1.36373,1.36423,1.36320,1.36371,2521
2026-03-12T21:00:00Z,1.36370,1.36423,1.36273,1.36273,241
2026-03-12T21:30:00Z,1.36273,1.36363,1.36273,1.36339,462
2026-03-12T22:00:00Z,1.36350,1.36451,1.36338,1.36413,720
2026-03-12T22:30:00Z,1.36413,1.36414,1.36346,1.36348,941
2026-03-12T23:00:00Z,1.36351,1.36362,1.36321,1.36350,1508
2026-03-12T23:30:00Z,1.36351,1.36362,1.36293,1.36322,1688
2026-03-13T00:00:00Z,1.36323,1.36326,1.36223,1.36231,3757
2026-03-13T00:30:00Z,1.36233,1.36269,1.36222,1.36256,2675
2026-03-13T01:00:00Z,1.36257,1.36264,1.36205,1.36247,2550
2026-03-13T01:30:00Z,1.36247,1.36331,1.36241,1.36310,2640
2026-03-13T02:00:00Z,1.36310,1.36322,1.36257,1.36317,3929
2026-03-13T02:30:00Z,1.36317,1.36391,1.36299,1.36365,2832
2026-03-13T03:00:00Z,1.36366,1.36392,1.36350,1.36384,3648
2026-03-13T03:30:00Z,1.36389,1.36421,1.36355,1.36380,3200
2026-03-13T04:00:00Z,1.36381,1.36442,1.36379,1.36440,2148
2026-03-13T04:30:00Z,1.36439,1.36467,1.36434,1.36445,1617
2026-03-13T05:00:00Z,1.36446,1.36465,1.36435,1.36447,2025
2026-03-13T05:30:00Z,1.36448,1.36473,1.36426,1.36460,1153
2026-03-13T06:00:00Z,1.36459,1.36497,1.36429,1.36491,3349
2026-03-13T06:30:00Z,1.36490,1.36543,1.36490,1.36524,2961
2026-03-13T07:00:00Z,1.36526,1.36652,1.36510,1.36582,3830
2026-03-13T07:30:00Z,1.36580,1.36652,1.36559,1.36601,2041
2026-03-13T08:00:00Z,1.36600,1.36674,1.36596,1.36662,3714
2026-03-13T08:30:00Z,1.36663,1.36714,1.36617,1.36628,2820
2026-03-13T09:00:00Z,1.36628,1.36682,1.36597,1.36633,2519
2026-03-13T09:30:00Z,1.36632,1.36705,1.36603,1.36697,2210
2026-03-13T10:00:00Z,1.36697,1.36777,1.36641,1.36747,2061
2026-03-13T10:30:00Z,1.36747,1.36793,1.36710,1.36776,2116
2026-03-13T11:00:00Z,1.36777,1.36832,1.36699,1.36709,3122
2026-03-13T11:30:00Z,1.36707,1.36760,1.36649,1.36658,2257
2026-03-13T12:00:00Z,1.36657,1.36704,1.36546,1.36556,3714
2026-03-13T12:30:00Z,1.36556,1.37032,1.36555,1.37017,8034
2026-03-13T13:00:00Z,1.37019,1.37153,1.36973,1.36985,5377
2026-03-13T13:30:00Z,1.36986,1.37023,1.36803,1.36849,5105
2026-03-13T14:00:00Z,1.36850,1.36953,1.36829,1.36933,4477
2026-03-13T14:30:00Z,1.36933,1.37142,1.36885,1.37128,4895
2026-03-13T15:00:00Z,1.37129,1.37353,1.37118,1.37284,6204
2026-03-13T15:30:00Z,1.37286,1.37366,1.37250,1.37362,6263
2026-03-13T16:00:00Z,1.37362,1.37412,1.37314,1.37398,4964
2026-03-13T16:30:00Z,1.37398,1.37406,1.37288,1.37330,5069
2026-03-13T17:00:00Z,1.37330,1.37383,1.37271,1.37282,3745
2026-03-13T17:30:00Z,1.37284,1.37384,1.37283,1.37319,3600
2026-03-13T18:00:00Z,1.37319,1.37345,1.37247,1.37253,4095
2026-03-13T18:30:00Z,1.37254,1.37255,1.37182,1.37220,2512
2026-03-13T19:00:00Z,1.37219,1.37327,1.37211,1.37324,2128
2026-03-13T19:30:00Z,1.37324,1.37324,1.37271,1.37283,1729
2026-03-13T20:00:00Z,1.37284,1.37330,1.37252,1.37259,4242
2026-03-13T20:30:00Z,1.37259,1.37334,1.37127,1.37143,2674
2026-03-15T21:00:00Z,1.37172,1.37222,1.37159,1.37211,172
2026-03-15T21:30:00Z,1.37219,1.37271,1.37200,1.37252,1072
2026-03-15T22:00:00Z,1.37247,1.37247,1.37149,1.37163,1590
2026-03-15T22:30:00Z,1.37162,1.37191,1.37122,1.37131,2184
2026-03-15T23:00:00Z,1.37130,1.37154,1.37097,1.37125,3469
2026-03-15T23:30:00Z,1.37125,1.37142,1.37084,1.37122,1702
2026-03-16T00:00:00Z,1.37121,1.37125,1.37056,1.37097,3980
2026-03-16T00:30:00Z,1.37097,1.37107,1.37060,1.37065,3023
2026-03-16T01:00:00Z,1.37065,1.37137,1.37058,1.37115,5690
2026-03-16T01:30:00Z,1.37114,1.37144,1.37045,1.37050,3322
2026-03-16T02:00:00Z,1.37051,1.37073,1.37040,1.37059,4272
2026-03-16T02:30:00Z,1.37060,1.37118,1.37046,1.37118,2184
2026-03-16T03:00:00Z,1.37117,1.37137,1.37086,1.37109,2077
2026-03-16T03:30:00Z,1.37108,1.37122,1.37078,1.37117,1792
2026-03-16T04:00:00Z,1.37118,1.37123,1.37095,1.37119,1885
2026-03-16T04:30:00Z,1.37119,1.37164,1.37109,1.37163,1956
2026-03-16T05:00:00Z,1.37163,1.37178,1.37136,1.37166,2896
2026-03-16T05:30:00Z,1.37165,1.37184,1.37143,1.37164,2715
2026-03-16T06:00:00Z,1.37166,1.37194,1.37109,1.37186,2537
2026-03-16T06:30:00Z,1.37184,1.37225,1.37155,1.37184,1930
2026-03-16T07:00:00Z,1.37185,1.37194,1.37118,1.37129,2611
2026-03-16T07:30:00Z,1.37128,1.37186,1.37032,1.37069,2578
2026-03-16T08:00:00Z,1.37067,1.37084,1.36996,1.37005,3865
2026-03-16T08:30:00Z,1.37007,1.37048,1.36976,1.36982,3068
2026-03-16T09:00:00Z,1.36983,1.37031,1.36974,1.37019,4895
2026-03-16T09:30:00Z,1.37022,1.37041,1.36974,1.36992,2580
2026-03-16T10:00:00Z,1.36992,1.37019,1.36905,1.36917,2523
2026-03-16T10:30:00Z,1.36918,1.36964,1.36914,1.36925,1788
2026-03-16T11:00:00Z,1.36926,1.36930,1.36799,1.36834,2927
2026-03-16T11:30:00Z,1.36833,1.36862,1.36786,1.36826,1983
2026-03-16T12:00:00Z,1.36828,1.36839,1.36735,1.36763,2686
2026-03-16T12:30:00Z,1.36762,1.36940,1.36758,1.36918,3586
2026-03-16T13:00:00Z,1.36918,1.36918,1.36724,1.36724,3386
2026-03-16T13:30:00Z,1.36726,1.36729,1.36580,1.36610,4376
2026-03-16T14:00:00Z,1.36614,1.36652,1.36525,1.36651,4295
2026-03-16T14:30:00Z,1.36650,1.36759,1.36637,1.36666,4167
2026-03-16T15:00:00Z,1.36664,1.36688,1.36608,1.36668,4112
2026-03-16T15:30:00Z,1.36666,1.36873,1.36640,1.36836,3626
2026-03-16T16:00:00Z,1.36838,1.36885,1.36787,1.36861,3544
2026-03-16T16:30:00Z,1.36860,1.36878,1.36736,1.36783,3723
2026-03-16T17:00:00Z,1.36782,1.36791,1.36705,1.36774,3779
2026-03-16T17:30:00Z,1.36776,1.36837,1.36760,1.36795,2534
2026-03-16T18:00:00Z,1.36793,1.36793,1.36725,1.36736,2488
2026-03-16T18:30:00Z,1.36735,1.36754,1.36685,1.36743,2946
2026-03-16T19:00:00Z,1.36741,1.36798,1.36714,1.36784,3308
2026-03-16T19:30:00Z,1.36783,1.36866,1.36763,1.36799,2473
2026-03-16T20:00:00Z,1.36797,1.36845,1.36776,1.36822,1450
2026-03-16T20:30:00Z,1.36823,1.36854,1.36783,1.36850,1666
2026-03-16T21:00:00Z,1.36848,1.36851,1.36827,1.36847,9969
2026-03-16T21:30:00Z,1.36846,1.36872,1.36791,1.36794,734
2026-03-16T22:00:00Z,1.36788,1.36865,1.36783,1.36855,368
2026-03-16T22:30:00Z,1.36856,1.36875,1.36842,1.36866,356
2026-03-16T23:00:00Z,1.36866,1.36885,1.36866,1.36869,777
2026-03-16T23:30:00Z,1.36868,1.36877,1.36850,1.36864,893
2026-03-17T00:00:00Z,1.36865,1.36901,1.36865,1.36885,2034
2026-03-17T00:30:00Z,1.36885,1.36897,1.36848,1.36861,2285
2026-03-17T01:00:00Z,1.36860,1.36878,1.36821,1.36859,3859
2026-03-17T01:30:00Z,1.36859,1.36894,1.36819,1.36825,3582
2026-03-17T02:00:00Z,1.36824,1.36855,1.36811,1.36819,2453
2026-03-17T02:30:00Z,1.36820,1.36866,1.36811,1.36863,1793
2026-03-17T03:00:00Z,1.36860,1.36880,1.36802,1.36813,2582
2026-03-17T03:30:00Z,1.36812,1.36875,1.36796,1.36864,4478
2026-03-17T04:00:00Z,1.36866,1.36887,1.36858,1.36886,2231
2026-03-17T04:30:00Z,1.36885,1.36886,1.36812,1.36843,2108
2026-03-17T05:00:00Z,1.36840,1.36868,1.36828,1.36854,2454
2026-03-17T05:30:00Z,1.36854,1.36984,1.36851,1.36974,2144
2026-03-17T06:00:00Z,1.36973,1.37009,1.36937,1.36968,4111
2026-03-17T06:30:00Z,1.36968,1.36991,1.36933,1.36940,1563
2026-03-17T07:00:00Z,1.36941,1.36955,1.36875,1.36877,3274
2026-03-17T07:30:00Z,1.36876,1.36908,1.36843,1.36894,1745
2026-03-17T08:00:00Z,1.36892,1.36961,1.36862,1.36885,2682
2026-03-17T08:30:00Z,1.36885,1.36954,1.36862,1.36886,3826
2026-03-17T09:00:00Z,1.36885,1.36970,1.36858,1.36892,2942
2026-03-17T09:30:00Z,1.36893,1.36986,1.36878,1.36954,2390
2026-03-17T10:00:00Z,1.36956,1.37000,1.36911,1.36917,1670
2026-03-17T10:30:00Z,1.36917,1.37018,1.36914,1.37013,1685
2026-03-17T11:00:00Z,1.37013,1.37026,1.36950,1.37024,1888
2026-03-17T11:30:00Z,1.37024,1.37063,1.36960,1.37061,2033
2026-03-17T12:00:00Z,1.37063,1.37094,1.36947,1.37081,3251
2026-03-17T12:30:00Z,1.37081,1.37089,1.37011,1.37023,4147
2026-03-17T13:00:00Z,1.37022,1.37090,1.36914,1.36961,6582
2026-03-17T13:30:00Z,1.36962,1.36971,1.36868,1.36894,4392
2026-03-17T14:00:00Z,1.36893,1.36915,1.36800,1.36884,6813
2026-03-17T14:30:00Z,1.36883,1.37016,1.36863,1.37007,3814
2026-03-17T15:00:00Z,1.37007,1.37223,1.36983,1.37160,7294
2026-03-17T15:30:00Z,1.37160,1.37214,1.37066,1.37068,6854
2026-03-17T16:00:00Z,1.37068,1.37132,1.36992,1.37034,4558
2026-03-17T16:30:00Z,1.37037,1.37072,1.36992,1.37002,2759
2026-03-17T17:00:00Z,1.37001,1.37010,1.36935,1.36967,2378
2026-03-17T17:30:00Z,1.36968,1.36973,1.36892,1.36910,1734
2026-03-17T18:00:00Z,1.36909,1.36991,1.36901,1.36982,1224
2026-03-17T18:30:00Z,1.36984,1.36988,1.36938,1.36963,1068
2026-03-17T19:00:00Z,1.36961,1.36988,1.36940,1.36979,920
2026-03-17T19:30:00Z,1.36981,1.36991,1.36959,1.36970,1257
2026-03-17T20:00:00Z,1.36969,1.36969,1.36898,1.36942,1182
2026-03-17T20:30:00Z,1.36941,1.36941,1.36886,1.36898,1960
2026-03-17T21:00:00Z,1.36897,1.36914,1.36885,1.36907,225
2026-03-17T21:30:00Z,1.36907,1.36914,1.36871,1.36877,260
2026-03-17T22:00:00Z,1.36871,1.36919,1.36871,1.36898,921
2026-03-17T22:30:00Z,1.36898,1.36927,1.36891,1.36920,568
2026-03-17T23:00:00Z,1.36923,1.36933,1.36910,1.36926,1294
2026-03-17T23:30:00Z,1.36927,1.36927,1.36892,1.36894,760
2026-03-18T00:00:00Z,1.36894,1.36933,1.36871,1.36930,5250
2026-03-18T00:30:00Z,1.36929,1.36962,1.36894,1.36921,4392
2026-03-18T01:00:00Z,1.36921,1.36926,1.36867,1.36896,2565
2026-03-18T01:30:00Z,1.36896,1.36964,1.36895,1.36924,2131
2026-03-18T02:00:00Z,1.36923,1.36953,1.36906,1.36907,2500
2026-03-18T02:30:00Z,1.36907,1.36982,1.36898,1.36972,3145
2026-03-18T03:00:00Z,1.36973,1.36993,1.36950,1.36977,2417
2026-03-18T03:30:00Z,1.36977,1.37000,1.36968,1.36986,1875
2026-03-18T04:00:00Z,1.36986,1.37009,1.36972,1.36981,1703
2026-03-18T04:30:00Z,1.36979,1.37011,1.36968,1.36997,1863
2026-03-18T05:00:00Z,1.36996,1.37001,1.36971,1.36989,2126
2026-03-18T05:30:00Z,1.36989,1.37003,1.36971,1.36983,2161
2026-03-18T06:00:00Z,1.36983,1.37058,1.36979,1.37037,2115
2026-03-18T06:30:00Z,1.37038,1.37089,1.37034,1.37054,1738
2026-03-18T07:00:00Z,1.37055,1.37095,1.37040,1.37083,1647
2026-03-18T07:30:00Z,1.37081,1.37123,1.37073,1.37092,1715
2026-03-18T08:00:00Z,1.37092,1.37105,1.36991,1.37045,3941
2026-03-18T08:30:00Z,1.37045,1.37051,1.36945,1.36958,5447
2026-03-18T09:00:00Z,1.36959,1.36993,1.36902,1.36921,4339
2026-03-18T09:30:00Z,1.36920,1.36946,1.36909,1.36914,1369
2026-03-18T10:00:00Z,1.36916,1.36937,1.36883,1.36937,872
2026-03-18T10:30:00Z,1.36937,1.37002,1.36932,1.36974,1152
2026-03-18T11:00:00Z,1.36974,1.36979,1.36893,1.36965,2530
2026-03-18T11:30:00Z,1.36965,1.36983,1.36877,1.36882,3772
2026-03-18T12:00:00Z,1.36881,1.37009,1.36876,1.36957,4203
2026-03-18T12:30:00Z,1.36960,1.37081,1.36953,1.37080,6730
2026-03-18T13:00:00Z,1.37082,1.37197,1.37068,1.37144,7817
2026-03-18T13:30:00Z,1.37145,1.37237,1.37084,1.37107,6491
2026-03-18T14:00:00Z,1.37108,1.37150,1.37051,1.37104,7533
2026-03-18T14:30:00Z,1.37103,1.37109,1.36968,1.36968,5630
2026-03-18T15:00:00Z,1.36969,1.37071,1.36934,1.37044,3909
2026-03-18T15:30:00Z,1.37045,1.37066,1.36947,1.36970,3715
2026-03-18T16:00:00Z,1.36971,1.37021,1.36874,1.36926,3052
2026-03-18T16:30:00Z,1.36927,1.37028,1.36921,1.36975,3345
2026-03-18T17:00:00Z,1.36975,1.37070,1.36964,1.37006,4437
2026-03-18T17:30:00Z,1.37007,1.37038,1.36939,1.36979,2424
2026-03-18T18:00:00Z,1.36979,1.37101,1.36912,1.37020,4381
2026-03-18T18:30:00Z,1.37019,1.37173,1.36982,1.37172,6082
2026-03-18T19:00:00Z,1.37171,1.37233,1.37132,1.37221,2901
2026-03-18T19:30:00Z,1.37225,1.37256,1.37159,1.37249,2894
2026-03-18T20:00:00Z,1.37249,1.37373,1.37243,1.37355,2051
2026-03-18T20:30:00Z,1.37356,1.37364,1.37295,1.37303,1332
2026-03-18T21:00:00Z,1.37303,1.37314,1.37199,1.37211,324
2026-03-18T21:30:00Z,1.37205,1.37232,1.37194,1.37202,530
2026-03-18T22:00:00Z,1.37202,1.37365,1.37202,1.37358,991
2026-03-18T22:30:00Z,1.37358,1.37375,1.37337,1.37346,815
2026-03-18T23:00:00Z,1.37348,1.37356,1.37311,1.37315,1610
2026-03-18T23:30:00Z,1.37317,1.37335,1.37282,1.37301,2698
2026-03-19T00:00:00Z,1.37300,1.37311,1.37207,1.37214,3828
2026-03-19T00:30:00Z,1.37216,1.37244,1.37193,1.37194,3655
2026-03-19T01:00:00Z,1.37195,1.37209,1.37141,1.37146,4160
2026-03-19T01:30:00Z,1.37146,1.37212,1.37141,1.37210,2095
2026-03-19T02:00:00Z,1.37211,1.37253,1.37135,1.37153,4376
2026-03-19T02:30:00Z,1.37153,1.37230,1.37153,1.37228,3126
2026-03-19T03:00:00Z,1.37227,1.37233,1.37193,1.37215,2172
2026-03-19T03:30:00Z,1.37217,1.37263,1.37216,1.37262,1788
2026-03-19T04:00:00Z,1.37263,1.37294,1.37257,1.37278,1892
2026-03-19T04:30:00Z,1.37282,1.37293,1.37257,1.37270,1294
2026-03-19T05:00:00Z,1.37273,1.37283,1.37244,1.37261,1804
2026-03-19T05:30:00Z,1.37260,1.37311,1.37255,1.37296,2467
2026-03-19T06:00:00Z,1.37296,1.37309,1.37220,1.37269,3418
2026-03-19T06:30:00Z,1.37269,1.37300,1.37226,1.37227,3161
2026-03-19T07:00:00Z,1.37227,1.37338,1.37210,1.37337,4493
2026-03-19T07:30:00Z,1.37336,1.37384,1.37322,1.37360,3036
2026-03-19T08:00:00Z,1.37358,1.37417,1.37304,1.37344,4046
2026-03-19T08:30:00Z,1.37344,1.37469,1.37339,1.37440,4246
2026-03-19T09:00:00Z,1.37441,1.37441,1.37273,1.37382,3057
2026-03-19T09:30:00Z,1.37382,1.37383,1.37306,1.37338,3348
2026-03-19T10:00:00Z,1.37338,1.37409,1.37327,1.37403,1774
2026-03-19T10:30:00Z,1.37404,1.37421,1.37317,1.37342,2447
2026-03-19T11:00:00Z,1.37344,1.37436,1.37317,1.37356,3241
2026-03-19T11:30:00Z,1.37356,1.37381,1.37305,1.37357,2329
2026-03-19T12:00:00Z,1.37360,1.37480,1.37335,1.37464,4531
2026-03-19T12:30:00Z,1.37463,1.37475,1.37258,1.37259,5971
2026-03-19T13:00:00Z,1.37259,1.37356,1.37197,1.37347,9124
2026-03-19T13:30:00Z,1.37352,1.37374,1.37145,1.37180,11308
2026-03-19T14:00:00Z,1.37182,1.37389,1.37053,1.37355,9180
2026-03-19T14:30:00Z,1.37356,1.37401,1.37192,1.37285,7640
2026-03-19T15:00:00Z,1.37287,1.37323,1.37159,1.37275,6405
2026-03-19T15:30:00Z,1.37277,1.37315,1.37143,1.37225,5785
2026-03-19T16:00:00Z,1.37225,1.37245,1.37122,1.37136,6860
2026-03-19T16:30:00Z,1.37135,1.37352,1.37100,1.37280,5151
2026-03-19T17:00:00Z,1.37280,1.37342,1.37144,1.37192,3989
2026-03-19T17:30:00Z,1.37191,1.37339,1.37150,1.37268,3523
2026-03-19T18:00:00Z,1.37271,1.37372,1.37255,1.37341,4188
2026-03-19T18:30:00Z,1.37344,1.37361,1.37248,1.37248,5406
2026-03-19T19:00:00Z,1.37247,1.37301,1.37043,1.37252,8230
2026-03-19T19:30:00Z,1.37251,1.37391,1.37218,1.37378,4729
2026-03-19T20:00:00Z,1.37376,1.37444,1.37339,1.37440,1215
2026-03-19T20:30:00Z,1.37441,1.37446,1.37371,1.37377,1565
2026-03-19T21:00:00Z,1.37377,1.37377,1.37291,1.37325,215
2026-03-19T21:30:00Z,1.37331,1.37343,1.37309,1.37334,406
2026-03-19T22:00:00Z,1.37334,1.37404,1.37328,1.37346,730
2026-03-19T22:30:00Z,1.37346,1.37384,1.37333,1.37362,807
2026-03-19T23:00:00Z,1.37363,1.37376,1.37330,1.37330,1773
2026-03-19T23:30:00Z,1.37330,1.37372,1.37316,1.37371,729
2026-03-20T00:00:00Z,1.37372,1.37405,1.37354,1.37402,1363
2026-03-20T00:30:00Z,1.37401,1.37422,1.37369,1.37369,1358
2026-03-20T01:00:00Z,1.37371,1.37389,1.37302,1.37314,5039
2026-03-20T01:30:00Z,1.37315,1.37349,1.37287,1.37325,3002
2026-03-20T02:00:00Z,1.37324,1.37342,1.37265,1.37266,3105
2026-03-20T02:30:00Z,1.37265,1.37288,1.37245,1.37252,2421
2026-03-20T03:00:00Z,1.37252,1.37307,1.37246,1.37292,2955
2026-03-20T03:30:00Z,1.37292,1.37323,1.37290,1.37308,1841
2026-03-20T04:00:00Z,1.37307,1.37328,1.37296,1.37304,1582
2026-03-20T04:30:00Z,1.37304,1.37322,1.37287,1.37316,1590
2026-03-20T05:00:00Z,1.37316,1.37318,1.37289,1.37313,3082
2026-03-20T05:30:00Z,1.37314,1.37391,1.37314,1.37390,3366
2026-03-20T06:00:00Z,1.37389,1.37394,1.37330,1.37350,2287
2026-03-20T06:30:00Z,1.37351,1.37392,1.37335,1.37373,2414
2026-03-20T07:00:00Z,1.37373,1.37403,1.37258,1.37266,2583
2026-03-20T07:30:00Z,1.37267,1.37270,1.37197,1.37210,2681
2026-03-20T08:00:00Z,1.37209,1.37246,1.37126,1.37160,3245
2026-03-20T08:30:00Z,1.37161,1.37201,1.37125,1.37156,3225
2026-03-20T09:00:00Z,1.37157,1.37200,1.37117,1.37190,2834
2026-03-20T09:30:00Z,1.37190,1.37198,1.37106,1.37189,3800
2026-03-20T10:00:00Z,1.37190,1.37285,1.37190,1.37238,4903
2026-03-20T10:30:00Z,1.37238,1.37278,1.37197,1.37248,4647
2026-03-20T11:00:00Z,1.37248,1.37256,1.37179,1.37227,5105
2026-03-20T11:30:00Z,1.37226,1.37235,1.37090,1.37090,2946
2026-03-20T12:00:00Z,1.37090,1.37108,1.36991,1.37076,3744
2026-03-20T12:30:00Z,1.37075,1.37205,1.37063,1.37138,4304
2026-03-20T13:00:00Z,1.37136,1.37219,1.37034,1.37103,3681
2026-03-20T13:30:00Z,1.37106,1.37242,1.37056,1.37240,6358
2026-03-20T14:00:00Z,1.37244,1.37298,1.37154,1.37273,6682
2026-03-20T14:30:00Z,1.37274,1.37416,1.37209,1.37296,5721
2026-03-20T15:00:00Z,1.37298,1.37370,1.37203,1.37263,7123
2026-03-20T15:30:00Z,1.37262,1.37474,1.37169,1.37319,7132
2026-03-20T16:00:00Z,1.37323,1.37343,1.37164,1.37180,6573
2026-03-20T16:30:00Z,1.37180,1.37265,1.37124,1.37138,3192
2026-03-20T17:00:00Z,1.37138,1.37164,1.37040,1.37065,5288
2026-03-20T17:30:00Z,1.37066,1.37193,1.37044,1.37073,4945
2026-03-20T18:00:00Z,1.37070,1.37217,1.37036,1.37086,4365
2026-03-20T18:30:00Z,1.37087,1.37282,1.37075,1.37255,3556
2026-03-20T19:00:00Z,1.37257,1.37273,1.37136,1.37136,4278
2026-03-20T19:30:00Z,1.37136,1.37203,1.37082,1.37186,5011
2026-03-20T20:00:00Z,1.37187,1.37232,1.37140,1.37231,4668
2026-03-20T20:30:00Z,1.37235,1.37251,1.37194,1.37219,4065
2026-03-22T21:00:00Z,1.37078,1.37172,1.37078,1.37142,337
2026-03-22T21:30:00Z,1.37149,1.37210,1.37108,1.37134,927
2026-03-22T22:00:00Z,1.37124,1.37320,1.37111,1.37258,1184
2026-03-22T22:30:00Z,1.37256,1.37290,1.37228,1.37250,1724
2026-03-22T23:00:00Z,1.37250,1.37260,1.37099,1.37100,3747
2026-03-22T23:30:00Z,1.37099,1.37160,1.37043,1.37092,4355
2026-03-23T00:00:00Z,1.37092,1.37176,1.37067,1.37167,4991
2026-03-23T00:30:00Z,1.37167,1.37254,1.37160,1.37199,6505
2026-03-23T01:00:00Z,1.37197,1.37199,1.37033,1.37071,7855
2026-03-23T01:30:00Z,1.37070,1.37100,1.37033,1.37085,5915
2026-03-23T02:00:00Z,1.37085,1.37105,1.37000,1.37073,4334
2026-03-23T02:30:00Z,1.37074,1.37179,1.37064,1.37146,3913
2026-03-23T03:00:00Z,1.37147,1.37175,1.37110,1.37123,3749
2026-03-23T03:30:00Z,1.37121,1.37165,1.37103,1.37161,3230
2026-03-23T04:00:00Z,1.37159,1.37162,1.37132,1.37160,2075
2026-03-23T04:30:00Z,1.37161,1.37181,1.37144,1.37156,2738
2026-03-23T05:00:00Z,1.37157,1.37252,1.37146,1.37251,2589
2026-03-23T05:30:00Z,1.37252,1.37317,1.37239,1.37311,3117
2026-03-23T06:00:00Z,1.37311,1.37350,1.37286,1.37315,5660
2026-03-23T06:30:00Z,1.37313,1.37361,1.37301,1.37311,3738
2026-03-23T07:00:00Z,1.37313,1.37388,1.37306,1.37380,3229
2026-03-23T07:30:00Z,1.37381,1.37388,1.37236,1.37296,3516
2026-03-23T08:00:00Z,1.37298,1.37328,1.37247,1.37262,3445
2026-03-23T08:30:00Z,1.37260,1.37338,1.37240,1.37338,2389
2026-03-23T09:00:00Z,1.37338,1.37432,1.37331,1.37422,2057
2026-03-23T09:30:00Z,1.37421,1.37515,1.37405,1.37493,2309
2026-03-23T10:00:00Z,1.37494,1.37524,1.37471,1.37495,2707
2026-03-23T10:30:00Z,1.37496,1.37544,1.37477,1.37524,2627
2026-03-23T11:00:00Z,1.37522,1.37522,1.36830,1.37361,24851
2026-03-23T11:30:00Z,1.37362,1.37371,1.37126,1.37315,20032
2026-03-23T12:00:00Z,1.37315,1.37440,1.37282,1.37362,10908
2026-03-23T12:30:00Z,1.37363,1.37433,1.36904,1.36969,8165
2026-03-23T13:00:00Z,1.36969,1.37274,1.36951,1.37172,8788
2026-03-23T13:30:00Z,1.37174,1.37210,1.37090,1.37090,12459
2026-03-23T14:00:00Z,1.37089,1.37094,1.36695,1.36728,8187
2026-03-23T14:30:00Z,1.36726,1.36988,1.36698,1.36988,9009
2026-03-23T15:00:00Z,1.36988,1.37170,1.36905,1.37145,7144
2026-03-23T15:30:00Z,1.37146,1.37234,1.37102,1.37183,7947
2026-03-23T16:00:00Z,1.37183,1.37289,1.37115,1.37284,5845
2026-03-23T16:30:00Z,1.37283,1.37284,1.37181,1.37238,4287
2026-03-23T17:00:00Z,1.37235,1.37301,1.37192,1.37238,4238
2026-03-23T17:30:00Z,1.37241,1.37300,1.37141,1.37275,3319
2026-03-23T18:00:00Z,1.37273,1.37352,1.37250,1.37265,3795
2026-03-23T18:30:00Z,1.37262,1.37262,1.37131,1.37164,3198
2026-03-23T19:00:00Z,1.37165,1.37265,1.37151,1.37263,2599
2026-03-23T19:30:00Z,1.37263,1.37285,1.37209,1.37218,2269
2026-03-23T20:00:00Z,1.37218,1.37302,1.37210,1.37295,1163
2026-03-23T20:30:00Z,1.37295,1.37307,1.37213,1.37248,1878
2026-03-23T21:00:00Z,1.37246,1.37254,1.37129,1.37213,267
2026-03-23T21:30:00Z,1.37214,1.37225,1.37186,1.37198,445
2026-03-23T22:00:00Z,1.37198,1.37279,1.37186,1.37240,472
2026-03-23T22:30:00Z,1.37241,1.37260,1.37215,1.37228,683
2026-03-23T23:00:00Z,1.37229,1.37254,1.37220,1.37248,1283
2026-03-23T23:30:00Z,1.37248,1.37313,1.37248,1.37302,1107
2026-03-24T00:00:00Z,1.37302,1.37423,1.37289,1.37380,3025
2026-03-24T00:30:00Z,1.37379,1.37423,1.37367,1.37417,3241
2026-03-24T01:00:00Z,1.37415,1.37437,1.37392,1.37424,3627
2026-03-24T01:30:00Z,1.37425,1.37496,1.37420,1.37489,2096
2026-03-24T02:00:00Z,1.37488,1.37521,1.37458,1.37467,4984
2026-03-24T02:30:00Z,1.37468,1.37519,1.37455,1.37515,4388
2026-03-24T03:00:00Z,1.37514,1.37532,1.37495,1.37502,3105
2026-03-24T03:30:00Z,1.37504,1.37547,1.37502,1.37542,2714
2026-03-24T04:00:00Z,1.37541,1.37588,1.37534,1.37584,2855
2026-03-24T04:30:00Z,1.37584,1.37587,1.37547,1.37561,2235
2026-03-24T05:00:00Z,1.37560,1.37598,1.37538,1.37590,4281
2026-03-24T05:30:00Z,1.37590,1.37592,1.37530,1.37558,3736
2026-03-24T06:00:00Z,1.37558,1.37586,1.37505,1.37567,8258
2026-03-24T06:30:00Z,1.37567,1.37614,1.37497,1.37503,3127
2026-03-24T07:00:00Z,1.37506,1.37514,1.37250,1.37394,6672
2026-03-24T07:30:00Z,1.37397,1.37445,1.37362,1.37401,4473
2026-03-24T08:00:00Z,1.37403,1.37521,1.37395,1.37521,6198
2026-03-24T08:30:00Z,1.37522,1.37535,1.37454,1.37472,4072
2026-03-24T09:00:00Z,1.37471,1.37528,1.37450,1.37463,2684
2026-03-24T09:30:00Z,1.37463,1.37473,1.37381,1.37406,2443
2026-03-24T10:00:00Z,1.37404,1.37433,1.37298,1.37303,4426
2026-03-24T10:30:00Z,1.37306,1.37403,1.37306,1.37327,2623
2026-03-24T11:00:00Z,1.37327,1.37409,1.37282,1.37401,2804
2026-03-24T11:30:00Z,1.37400,1.37471,1.37374,1.37461,3003
2026-03-24T12:00:00Z,1.37462,1.37548,1.37445,1.37530,3248
2026-03-24T12:30:00Z,1.37530,1.37562,1.37358,1.37434,3372
2026-03-24T13:00:00Z,1.37435,1.37505,1.37366,1.37483,6379
2026-03-24T13:30:00Z,1.37484,1.37612,1.37424,1.37425,9663
2026-03-24T14:00:00Z,1.37426,1.37459,1.37292,1.37369,8318
2026-03-24T14:30:00Z,1.37370,1.37573,1.37341,1.37497,8968
2026-03-24T15:00:00Z,1.37498,1.37589,1.37464,1.37544,8146
2026-03-24T15:30:00Z,1.37543,1.37652,1.37512,1.37648,5029
2026-03-24T16:00:00Z,1.37648,1.37687,1.37578,1.37654,5146
2026-03-24T16:30:00Z,1.37651,1.37743,1.37632,1.37720,3053
2026-03-24T17:00:00Z,1.37721,1.37847,1.37715,1.37795,5398
2026-03-24T17:30:00Z,1.37797,1.37850,1.37736,1.37784,4321
2026-03-24T18:00:00Z,1.37787,1.37830,1.37688,1.37699,4897
2026-03-24T18:30:00Z,1.37698,1.37715,1.37623,1.37697,3544
2026-03-24T19:00:00Z,1.37698,1.37698,1.37631,1.37663,3452
2026-03-24T19:30:00Z,1.37664,1.37676,1.37605,1.37639,2022
2026-03-24T20:00:00Z,1.37640,1.37684,1.37410,1.37541,3527
2026-03-24T20:30:00Z,1.37539,1.37676,1.37488,1.37621,6452
2026-03-24T21:00:00Z,1.37607,1.37618,1.37535,1.37560,690
2026-03-24T21:30:00Z,1.37563,1.37631,1.37542,1.37544,793
2026-03-24T22:00:00Z,1.37555,1.37663,1.37555,1.37634,914
2026-03-24T22:30:00Z,1.37634,1.37650,1.37608,1.37609,942
2026-03-24T23:00:00Z,1.37610,1.37653,1.37574,1.37577,1750
2026-03-24T23:30:00Z,1.37577,1.37608,1.37572,1.37577,581
2026-03-25T00:00:00Z,1.37578,1.37590,1.37496,1.37575,2768
2026-03-25T00:30:00Z,1.37574,1.37631,1.37506,1.37557,2740
2026-03-25T01:00:00Z,1.37560,1.37597,1.37539,1.37590,3003
2026-03-25T01:30:00Z,1.37590,1.37666,1.37553,1.37665,4164
2026-03-25T02:00:00Z,1.37663,1.37725,1.37652,1.37700,4240
2026-03-25T02:30:00Z,1.37700,1.37739,1.37676,1.37720,2615
2026-03-25T03:00:00Z,1.37720,1.37738,1.37697,1.37719,3159
2026-03-25T03:30:00Z,1.37718,1.37728,1.37683,1.37688,2590
2026-03-25T04:00:00Z,1.37689,1.37724,1.37684,1.37699,2659
2026-03-25T04:30:00Z,1.37699,1.37726,1.37693,1.37724,2649
2026-03-25T05:00:00Z,1.37725,1.37755,1.37723,1.37744,4219
2026-03-25T05:30:00Z,1.37744,1.37775,1.37721,1.37774,3968
2026-03-25T06:00:00Z,1.37774,1.37801,1.37753,1.37798,3148
2026-03-25T06:30:00Z,1.37798,1.37801,1.37755,1.37772,2542
2026-03-25T07:00:00Z,1.37774,1.37809,1.37710,1.37800,2787
2026-03-25T07:30:00Z,1.37801,1.37844,1.37780,1.37827,2455
2026-03-25T08:00:00Z,1.37826,1.37854,1.37772,1.37783,3616
2026-03-25T08:30:00Z,1.37785,1.37867,1.37777,1.37863,3946
2026-03-25T09:00:00Z,1.37865,1.37905,1.37844,1.37902,2984
2026-03-25T09:30:00Z,1.37902,1.37951,1.37894,1.37934,2510
2026-03-25T10:00:00Z,1.37934,1.37972,1.37912,1.37970,3509
2026-03-25T10:30:00Z,1.37969,1.37980,1.37922,1.37933,2345
2026-03-25T11:00:00Z,1.37932,1.37948,1.37882,1.37930,2517
2026-03-25T11:30:00Z,1.37929,1.37997,1.37923,1.37951,3275
2026-03-25T12:00:00Z,1.37949,1.37998,1.37881,1.37958,5408
2026-03-25T12:30:00Z,1.37959,1.37974,1.37845,1.37855,3664
2026-03-25T13:00:00Z,1.37857,1.37857,1.37724,1.37829,3452
2026-03-25T13:30:00Z,1.37829,1.37926,1.37789,1.37894,5892
2026-03-25T14:00:00Z,1.37894,1.37942,1.37817,1.37906,6333
2026-03-25T14:30:00Z,1.37905,1.37975,1.37886,1.37939,3645
2026-03-25T15:00:00Z,1.37938,1.38068,1.37913,1.37994,6766
2026-03-25T15:30:00Z,1.37994,1.38072,1.37956,1.37985,6209
2026-03-25T16:00:00Z,1.37985,1.38094,1.37966,1.38024,6105
2026-03-25T16:30:00Z,1.38021,1.38092,1.38015,1.38088,3609
2026-03-25T17:00:00Z,1.38088,1.38095,1.37989,1.38031,3587
2026-03-25T17:30:00Z,1.38031,1.38098,1.38007,1.38092,3066
2026-03-25T18:00:00Z,1.38094,1.38101,1.38054,1.38092,3492
2026-03-25T18:30:00Z,1.38092,1.38153,1.38076,1.38105,2791
2026-03-25T19:00:00Z,1.38106,1.38179,1.38106,1.38174,2891
2026-03-25T19:30:00Z,1.38173,1.38190,1.38136,1.38160,1888
2026-03-25T20:00:00Z,1.38162,1.38165,1.38099,1.38122,1134
2026-03-25T20:30:00Z,1.38123,1.38127,1.38061,1.38099,2350
2026-03-25T21:00:00Z,1.38096,1.38096,1.37998,1.38062,288
2026-03-25T21:30:00Z,1.38063,1.38109,1.38051,1.38064,425
2026-03-25T22:00:00Z,1.38064,1.38152,1.38063,1.38137,438
2026-03-25T22:30:00Z,1.38137,1.38137,1.38091,1.38120,444
2026-03-25T23:00:00Z,1.38119,1.38159,1.38112,1.38122,1743
2026-03-25T23:30:00Z,1.38122,1.38152,1.38121,1.38143,1062
2026-03-26T00:00:00Z,1.38147,1.38176,1.38137,1.38172,1671
2026-03-26T00:30:00Z,1.38171,1.38244,1.38171,1.38222,1871
2026-03-26T01:00:00Z,1.38222,1.38225,1.38172,1.38222,3802
2026-03-26T01:30:00Z,1.38221,1.38240,1.38203,1.38227,3562
2026-03-26T02:00:00Z,1.38226,1.38262,1.38226,1.38258,1720
2026-03-26T02:30:00Z,1.38258,1.38313,1.38256,1.38275,3454
2026-03-26T03:00:00Z,1.38274,1.38282,1.38187,1.38194,3357
2026-03-26T03:30:00Z,1.38191,1.38202,1.38163,1.38192,2526
2026-03-26T04:00:00Z,1.38193,1.38211,1.38192,1.38192,2196
2026-03-26T04:30:00Z,1.38192,1.38204,1.38170,1.38198,1851
2026-03-26T05:00:00Z,1.38199,1.38232,1.38194,1.38218,2033
2026-03-26T05:30:00Z,1.38216,1.38261,1.38192,1.38251,3459
2026-03-26T06:00:00Z,1.38256,1.38265,1.38190,1.38198,3318
2026-03-26T06:30:00Z,1.38199,1.38229,1.38169,1.38174,5666
2026-03-26T07:00:00Z,1.38174,1.38300,1.38174,1.38233,3820
2026-03-26T07:30:00Z,1.38232,1.38313,1.38231,1.38298,1840
2026-03-26T08:00:00Z,1.38297,1.38354,1.38287,1.38351,2112
2026-03-26T08:30:00Z,1.38352,1.38380,1.38305,1.38311,3471
2026-03-26T09:00:00Z,1.38313,1.38341,1.38292,1.38311,4301
2026-03-26T09:30:00Z,1.38312,1.38334,1.38265,1.38281,3518
2026-03-26T10:00:00Z,1.38281,1.38287,1.38241,1.38286,1877
2026-03-26T10:30:00Z,1.38286,1.38320,1.38243,1.38309,3387
2026-03-26T11:00:00Z,1.38308,1.38446,1.38283,1.38438,1509
2026-03-26T11:30:00Z,1.38438,1.38495,1.38417,1.38462,1681
2026-03-26T12:00:00Z,1.38461,1.38490,1.38358,1.38405,3688
2026-03-26T12:30:00Z,1.38404,1.38431,1.38328,1.38348,4765
2026-03-26T13:00:00Z,1.38350,1.38370,1.38265,1.38305,4361
2026-03-26T13:30:00Z,1.38307,1.38354,1.38208,1.38277,6088
2026-03-26T14:00:00Z,1.38275,1.38323,1.38247,1.38282,5459
2026-03-26T14:30:00Z,1.38283,1.38404,1.38263,1.38358,5519
2026-03-26T15:00:00Z,1.38358,1.38472,1.38342,1.38472,4409
2026-03-26T15:30:00Z,1.38473,1.38574,1.38448,1.38505,5182
2026-03-26T16:00:00Z,1.38505,1.38544,1.38466,1.38467,3946
2026-03-26T16:30:00Z,1.38470,1.38515,1.38407,1.38430,3957
2026-03-26T17:00:00Z,1.38431,1.38539,1.38428,1.38524,3289
2026-03-26T17:30:00Z,1.38523,1.38549,1.38475,1.38544,2525
2026-03-26T18:00:00Z,1.38544,1.38557,1.38483,1.38521,3436
2026-03-26T18:30:00Z,1.38520,1.38531,1.38454,1.38463,2872
2026-03-26T19:00:00Z,1.38462,1.38522,1.38453,1.38507,2815
2026-03-26T19:30:00Z,1.38512,1.38572,1.38466,1.38572,2359
2026-03-26T20:00:00Z,1.38569,1.38580,1.38362,1.38554,7305
2026-03-26T20:30:00Z,1.38554,1.38655,1.38543,1.38586,1979
2026-03-26T21:00:00Z,1.38586,1.38597,1.38539,1.38569,1085
2026-03-26T21:30:00Z,1.38569,1.38590,1.38532,1.38570,187
2026-03-26T22:00:00Z,1.38603,1.38603,1.38504,1.38540,362
2026-03-26T22:30:00Z,1.38539,1.38539,1.38493,1.38510,372
2026-03-26T23:00:00Z,1.38510,1.38514,1.38495,1.38505,523
2026-03-26T23:30:00Z,1.38504,1.38534,1.38445,1.38532,1027
2026-03-27T00:00:00Z,1.38531,1.38615,1.38492,1.38592,2784
2026-03-27T00:30:00Z,1.38590,1.38609,1.38569,1.38582,3531
2026-03-27T01:00:00Z,1.38582,1.38603,1.38506,1.38509,6881
2026-03-27T01:30:00Z,1.38509,1.38515,1.38464,1.38471,4482
2026-03-27T02:00:00Z,1.38471,1.38503,1.38447,1.38492,2742
2026-03-27T02:30:00Z,1.38492,1.38525,1.38488,1.38525,2621
2026-03-27T03:00:00Z,1.38523,1.38556,1.38518,1.38549,2605
2026-03-27T03:30:00Z,1.38549,1.38558,1.38517,1.38546,2398
2026-03-27T04:00:00Z,1.38547,1.38557,1.38526,1.38534,2037
2026-03-27T04:30:00Z,1.38534,1.38538,1.38497,1.38509,3061
2026-03-27T05:00:00Z,1.38509,1.38534,1.38473,1.38533,3178
2026-03-27T05:30:00Z,1.38532,1.38547,1.38517,1.38543,3380
2026-03-27T06:00:00Z,1.38545,1.38556,1.38475,1.38505,4531
2026-03-27T06:30:00Z,1.38507,1.38542,1.38503,1.38524,2766
2026-03-27T07:00:00Z,1.38525,1.38535,1.38481,1.38499,1962
2026-03-27T07:30:00Z,1.38498,1.38526,1.38473,1.38506,2092
2026-03-27T08:00:00Z,1.38507,1.38528,1.38461,1.38497,2624
2026-03-27T08:30:00Z,1.38496,1.38522,1.38455,1.38511,1577
2026-03-27T09:00:00Z,1.38511,1.38555,1.38477,1.38490,2131
2026-03-27T09:30:00Z,1.38491,1.38535,1.38466,1.38526,2306
2026-03-27T10:00:00Z,1.38527,1.38531,1.38473,1.38488,2492
2026-03-27T10:30:00Z,1.38487,1.38541,1.38483,1.38502,2799
2026-03-27T11:00:00Z,1.38502,1.38528,1.38466,1.38510,1878
2026-03-27T11:30:00Z,1.38512,1.38665,1.38507,1.38646,2144
2026-03-27T12:00:00Z,1.38647,1.38702,1.38600,1.38624,3499
2026-03-27T12:30:00Z,1.38624,1.38693,1.38624,1.38679,3169
2026-03-27T13:00:00Z,1.38681,1.38705,1.38603,1.38629,3620
2026-03-27T13:30:00Z,1.38629,1.38669,1.38558,1.38628,6230
2026-03-27T14:00:00Z,1.38627,1.38638,1.38504,1.38579,5873
2026-03-27T14:30:00Z,1.38578,1.38678,1.38578,1.38646,4608
2026-03-27T15:00:00Z,1.38647,1.38751,1.38588,1.38685,5882
2026-03-27T15:30:00Z,1.38682,1.38805,1.38642,1.38805,5877
2026-03-27T16:00:00Z,1.38805,1.38838,1.38714,1.38718,4309
2026-03-27T16:30:00Z,1.38718,1.38804,1.38717,1.38800,4063
2026-03-27T17:00:00Z,1.38801,1.38876,1.38754,1.38874,3245
2026-03-27T17:30:00Z,1.38874,1.38903,1.38842,1.38862,3014
2026-03-27T18:00:00Z,1.38867,1.38914,1.38838,1.38844,3225
2026-03-27T18:30:00Z,1.38843,1.38872,1.38812,1.38857,5611
2026-03-27T19:00:00Z,1.38857,1.38893,1.38853,1.38873,4235
2026-03-27T19:30:00Z,1.38869,1.38904,1.38784,1.38816,2837
2026-03-27T20:00:00Z,1.38819,1.38950,1.38817,1.38935,2741
2026-03-27T20:30:00Z,1.38937,1.38951,1.38886,1.38922,2308
2026-03-29T21:00:00Z,1.38776,1.38806,1.38767,1.38806,162
2026-03-29T21:30:00Z,1.38829,1.38850,1.38795,1.38795,1007
2026-03-29T22:00:00Z,1.38804,1.39026,1.38804,1.39000,1322
2026-03-29T22:30:00Z,1.39000,1.39008,1.38969,1.38997,1031
2026-03-29T23:00:00Z,1.38998,1.38999,1.38947,1.38993,2971
2026-03-29T23:30:00Z,1.38993,1.39024,1.38974,1.38995,2424
2026-03-30T00:00:00Z,1.38994,1.39017,1.38885,1.38911,7186
2026-03-30T00:30:00Z,1.38911,1.38917,1.38863,1.38864,7064
2026-03-30T01:00:00Z,1.38864,1.38924,1.38854,1.38885,4743
2026-03-30T01:30:00Z,1.38884,1.38907,1.38855,1.38892,3379
2026-03-30T02:00:00Z,1.38892,1.38947,1.38891,1.38942,3561
2026-03-30T02:30:00Z,1.38942,1.38942,1.38897,1.38924,3243
2026-03-30T03:00:00Z,1.38923,1.38936,1.38886,1.38898,3428
2026-03-30T03:30:00Z,1.38897,1.38920,1.38886,1.38920,3394
2026-03-30T04:00:00Z,1.38917,1.38919,1.38886,1.38895,2369
2026-03-30T04:30:00Z,1.38896,1.38932,1.38895,1.38930,1771
2026-03-30T05:00:00Z,1.38929,1.38937,1.38902,1.38912,3557
2026-03-30T05:30:00Z,1.38913,1.38928,1.38855,1.38883,4414
2026-03-30T06:00:00Z,1.38883,1.38994,1.38875,1.38960,2340
2026-03-30T06:30:00Z,1.38958,1.38958,1.38890,1.38915,1712
2026-03-30T07:00:00Z,1.38917,1.39010,1.38916,1.38994,1839
2026-03-30T07:30:00Z,1.38991,1.39099,1.38988,1.39091,2083
2026-03-30T08:00:00Z,1.39091,1.39164,1.39078,1.39120,4025
2026-03-30T08:30:00Z,1.39119,1.39187,1.39098,1.39179,2251
2026-03-30T09:00:00Z,1.39179,1.39189,1.39110,1.39141,2567
2026-03-30T09:30:00Z,1.39142,1.39151,1.39121,1.39140,2523
2026-03-30T10:00:00Z,1.39140,1.39157,1.39085,1.39093,2015
2026-03-30T10:30:00Z,1.39095,1.39118,1.39067,1.39112,2647
2026-03-30T11:00:00Z,1.39112,1.39210,1.39109,1.39167,4151
2026-03-30T11:30:00Z,1.39165,1.39220,1.39149,1.39215,3139
2026-03-30T12:00:00Z,1.39211,1.39248,1.39165,1.39220,3619
2026-03-30T12:30:00Z,1.39219,1.39260,1.39177,1.39252,2616
2026-03-30T13:00:00Z,1.39251,1.39302,1.39216,1.39268,2858
2026-03-30T13:30:00Z,1.39267,1.39312,1.39218,1.39308,5692
2026-03-30T14:00:00Z,1.39307,1.39449,1.39288,1.39439,6053
2026-03-30T14:30:00Z,1.39440,1.39440,1.39192,1.39207,6392
2026-03-30T15:00:00Z,1.39201,1.39278,1.39143,1.39230,4975
2026-03-30T15:30:00Z,1.39231,1.39293,1.39211,1.39224,4666
2026-03-30T16:00:00Z,1.39223,1.39276,1.39165,1.39256,4656
2026-03-30T16:30:00Z,1.39256,1.39267,1.39204,1.39236,2631
2026-03-30T17:00:00Z,1.39236,1.39270,1.39213,1.39239,2593
2026-03-30T17:30:00Z,1.39238,1.39259,1.39176,1.39219,4338
2026-03-30T18:00:00Z,1.39219,1.39238,1.39164,1.39225,3635
2026-03-30T18:30:00Z,1.39226,1.39275,1.39208,1.39263,1823
2026-03-30T19:00:00Z,1.39263,1.39298,1.39242,1.39279,2698
2026-03-30T19:30:00Z,1.39278,1.39307,1.39236,1.39294,2448
2026-03-30T20:00:00Z,1.39296,1.39304,1.39246,1.39273,1536
2026-03-30T20:30:00Z,1.39273,1.39297,1.39216,1.39216,2039
2026-03-30T21:00:00Z,1.39198,1.39232,1.39178,1.39202,112
2026-03-30T21:30:00Z,1.39207,1.39248,1.39146,1.39246,604
2026-03-30T22:00:00Z,1.39239,1.39277,1.39228,1.39266,263
2026-03-30T22:30:00Z,1.39265,1.39286,1.39265,1.39274,451
2026-03-30T23:00:00Z,1.39276,1.39291,1.39272,1.39286,1783
2026-03-30T23:30:00Z,1.39291,1.39304,1.39254,1.39283,1461
2026-03-31T00:00:00Z,1.39282,1.39353,1.39279,1.39317,4112
2026-03-31T00:30:00Z,1.39314,1.39342,1.39205,1.39215,5787
2026-03-31T01:00:00Z,1.39214,1.39265,1.39169,1.39182,5911
2026-03-31T01:30:00Z,1.39184,1.39227,1.39162,1.39211,6427
2026-03-31T02:00:00Z,1.39211,1.39240,1.39205,1.39222,4769
2026-03-31T02:30:00Z,1.39224,1.39255,1.39214,1.39251,3674
2026-03-31T03:00:00Z,1.39251,1.39294,1.39244,1.39277,2591
2026-03-31T03:30:00Z,1.39278,1.39316,1.39268,1.39307,2635
2026-03-31T04:00:00Z,1.39306,1.39307,1.39266,1.39278,2603
2026-03-31T04:30:00Z,1.39277,1.39318,1.39267,1.39307,3360
2026-03-31T05:00:00Z,1.39305,1.39334,1.39286,1.39293,4979
2026-03-31T05:30:00Z,1.39294,1.39300,1.39253,1.39282,6139
2026-03-31T06:00:00Z,1.39282,1.39374,1.39280,1.39340,3343
2026-03-31T06:30:00Z,1.39341,1.39369,1.39313,1.39336,1868
2026-03-31T07:00:00Z,1.39336,1.39389,1.39314,1.39357,2901
2026-03-31T07:30:00Z,1.39358,1.39366,1.39325,1.39329,1955
2026-03-31T08:00:00Z,1.39333,1.39414,1.39324,1.39408,2567
2026-03-31T08:30:00Z,1.39408,1.39409,1.39347,1.39396,2096
2026-03-31T09:00:00Z,1.39396,1.39427,1.39377,1.39418,2198
2026-03-31T09:30:00Z,1.39419,1.39434,1.39400,1.39418,1768
2026-03-31T10:00:00Z,1.39421,1.39443,1.39414,1.39415,2031
2026-03-31T10:30:00Z,1.39417,1.39444,1.39415,1.39437,1357
2026-03-31T11:00:00Z,1.39438,1.39446,1.39339,1.39394,3833
2026-03-31T11:30:00Z,1.39394,1.39405,1.39307,1.39352,2741
2026-03-31T12:00:00Z,1.39351,1.39383,1.39308,1.39334,4955
2026-03-31T12:30:00Z,1.39341,1.39417,1.39320,1.39392,2411
2026-03-31T13:00:00Z,1.39391,1.39416,1.39270,1.39272,3462
2026-03-31T13:30:00Z,1.39273,1.39366,1.39237,1.39295,5320
2026-03-31T14:00:00Z,1.39290,1.39440,1.39259,1.39408,5526
2026-03-31T14:30:00Z,1.39411,1.39665,1.39345,1.39552,8912
2026-03-31T15:00:00Z,1.39549,1.39662,1.39518,1.39580,9435
2026-03-31T15:30:00Z,1.39579,1.39607,1.39487,1.39538,5634
2026-03-31T16:00:00Z,1.39539,1.39565,1.39468,1.39482,5454
2026-03-31T16:30:00Z,1.39481,1.39487,1.39257,1.39341,12938
2026-03-31T17:00:00Z,1.39339,1.39392,1.39281,1.39354,6474
2026-03-31T17:30:00Z,1.39353,1.39373,1.39283,1.39364,5685
2026-03-31T18:00:00Z,1.39365,1.39375,1.39313,1.39339,3704
2026-03-31T18:30:00Z,1.39340,1.39373,1.39313,1.39342,3057
2026-03-31T19:00:00Z,1.39344,1.39376,1.39330,1.39348,2739
2026-03-31T19:30:00Z,1.39348,1.39352,1.39090,1.39134,4687
2026-03-31T20:00:00Z,1.39133,1.39137,1.39056,1.39112,3021
2026-03-31T20:30:00Z,1.39111,1.39165,1.39079,1.39130,2343
2026-03-31T21:00:00Z,1.39139,1.39139,1.39064,1.39070,361
2026-03-31T21:30:00Z,1.39070,1.39089,1.39064,1.39067,500
2026-03-31T22:00:00Z,1.39066,1.39179,1.39064,1.39170,450
2026-03-31T22:30:00Z,1.39168,1.39174,1.39109,1.39110,404
2026-03-31T23:00:00Z,1.39110,1.39121,1.39067,1.39070,949
2026-03-31T23:30:00Z,1.39071,1.39079,1.39022,1.39031,1418
2026-04-01T00:00:00Z,1.39032,1.39067,1.38963,1.38975,4982
2026-04-01T00:30:00Z,1.38976,1.39000,1.38964,1.38982,2821
2026-04-01T01:00:00Z,1.38980,1.39106,1.38976,1.39021,3064
2026-04-01T01:30:00Z,1.39022,1.39110,1.39016,1.39073,2884
2026-04-01T02:00:00Z,1.39072,1.39089,1.39027,1.39058,2997
2026-04-01T02:30:00Z,1.39059,1.39065,1.38991,1.39017,3490
2026-04-01T03:00:00Z,1.39018,1.39061,1.39009,1.39060,2012
2026-04-01T03:30:00Z,1.39060,1.39116,1.39056,1.39102,1759
2026-04-01T04:00:00Z,1.39100,1.39110,1.39074,1.39088,1378
2026-04-01T04:30:00Z,1.39088,1.39100,1.39070,1.39087,1513
2026-04-01T05:00:00Z,1.39086,1.39101,1.39032,1.39032,2207
2026-04-01T05:30:00Z,1.39031,1.39052,1.38979,1.39051,3332
2026-04-01T06:00:00Z,1.39050,1.39109,1.38968,1.38974,2757
2026-04-01T06:30:00Z,1.38974,1.39009,1.38923,1.38925,3181
2026-04-01T07:00:00Z,1.38924,1.39040,1.38919,1.39015,3416
2026-04-01T07:30:00Z,1.39014,1.39102,1.38975,1.39079,3972
2026-04-01T08:00:00Z,1.39079,1.39092,1.38916,1.38919,4019
2026-04-01T08:30:00Z,1.38920,1.38926,1.38861,1.38897,2578
2026-04-01T09:00:00Z,1.38894,1.38931,1.38881,1.38910,2320
2026-04-01T09:30:00Z,1.38911,1.38968,1.38855,1.38885,2719
2026-04-01T10:00:00Z,1.38885,1.38944,1.38872,1.38904,1916
2026-04-01T10:30:00Z,1.38903,1.38961,1.38878,1.38935,1669
2026-04-01T11:00:00Z,1.38936,1.38986,1.38929,1.38952,1994
2026-04-01T11:30:00Z,1.38952,1.38961,1.38885,1.38909,1755
2026-04-01T12:00:00Z,1.38908,1.38969,1.38870,1.38948,2759
2026-04-01T12:30:00Z,1.38948,1.38983,1.38827,1.38948,6324
2026-04-01T13:00:00Z,1.38947,1.38993,1.38766,1.38890,6748
2026-04-01T13:30:00Z,1.38892,1.38968,1.38796,1.38957,6770
2026-04-01T14:00:00Z,1.38959,1.39042,1.38959,1.38964,5202
2026-04-01T14:30:00Z,1.38964,1.38967,1.38859,1.38867,6540
2026-04-01T15:00:00Z,1.38866,1.38926,1.38809,1.38880,6116
2026-04-01T15:30:00Z,1.38880,1.38898,1.38759,1.38762,4573
2026-04-01T16:00:00Z,1.38763,1.38863,1.38761,1.38852,4322
2026-04-01T16:30:00Z,1.38851,1.38863,1.38734,1.38743,3202
2026-04-01T17:00:00Z,1.38744,1.38805,1.38718,1.38799,3257
2026-04-01T17:30:00Z,1.38798,1.38872,1.38798,1.38869,3290
2026-04-01T18:00:00Z,1.38867,1.38943,1.38854,1.38938,4473
2026-04-01T18:30:00Z,1.38937,1.38953,1.38868,1.38944,4722
2026-04-01T19:00:00Z,1.38944,1.38947,1.38788,1.38794,3808
2026-04-01T19:30:00Z,1.38792,1.38881,1.38791,1.38843,3422
2026-04-01T20:00:00Z,1.38846,1.38847,1.38760,1.38786,2409
2026-04-01T20:30:00Z,1.38786,1.38786,1.38720,1.38721,1295
2026-04-01T21:00:00Z,1.38710,1.38784,1.38682,1.38724,2014
2026-04-01T21:30:00Z,1.38723,1.38790,1.38708,1.38734,5154
2026-04-01T22:00:00Z,1.38742,1.38761,1.38715,1.38726,507
2026-04-01T22:30:00Z,1.38728,1.38765,1.38720,1.38741,1162
2026-04-01T23:00:00Z,1.38740,1.38758,1.38723,1.38740,1420
2026-04-01T23:30:00Z,1.38738,1.38774,1.38730,1.38773,866
2026-04-02T00:00:00Z,1.38773,1.38791,1.38732,1.38783,3608
2026-04-02T00:30:00Z,1.38783,1.38788,1.38702,1.38722,3580
2026-04-02T01:00:00Z,1.38720,1.38947,1.38686,1.38942,10632
2026-04-02T01:30:00Z,1.38944,1.38997,1.38917,1.38946,6002
2026-04-02T02:00:00Z,1.38945,1.38971,1.38904,1.38970,6562
2026-04-02T02:30:00Z,1.38972,1.39011,1.38954,1.39002,5171
2026-04-02T03:00:00Z,1.39002,1.39039,1.38998,1.39004,2364
2026-04-02T03:30:00Z,1.39004,1.39106,1.38989,1.39094,3434
2026-04-02T04:00:00Z,1.39095,1.39137,1.39091,1.39126,2358
2026-04-02T04:30:00Z,1.39125,1.39146,1.39110,1.39111,1434
2026-04-02T05:00:00Z,1.39110,1.39138,1.39091,1.39127,1892
2026-04-02T05:30:00Z,1.39129,1.39183,1.39108,1.39169,5142
2026-04-02T06:00:00Z,1.39167,1.39170,1.39086,1.39117,4840
2026-04-02T06:30:00Z,1.39119,1.39159,1.39103,1.39129,2866
2026-04-02T07:00:00Z,1.39129,1.39169,1.39055,1.39077,3142
2026-04-02T07:30:00Z,1.39078,1.39157,1.39068,1.39098,1493
2026-04-02T08:00:00Z,1.39099,1.39175,1.39092,1.39157,2594
2026-04-02T08:30:00Z,1.39158,1.39212,1.39151,1.39203,1277
2026-04-02T09:00:00Z,1.39203,1.39209,1.39163,1.39169,2164
2026-04-02T09:30:00Z,1.39171,1.39180,1.39124,1.39170,1873
2026-04-02T10:00:00Z,1.39171,1.39249,1.39153,1.39238,1575
2026-04-02T10:30:00Z,1.39239,1.39287,1.39239,1.39287,1280
2026-04-02T11:00:00Z,1.39285,1.39330,1.39248,1.39277,1399
2026-04-02T11:30:00Z,1.39279,1.39282,1.39161,1.39178,1815
2026-04-02T12:00:00Z,1.39173,1.39208,1.39063,1.39186,2791
2026-04-02T12:30:00Z,1.39185,1.39220,1.39165,1.39180,2733
2026-04-02T13:00:00Z,1.39179,1.39224,1.39160,1.39190,4200
2026-04-02T13:30:00Z,1.39189,1.39233,1.39146,1.39182,4851
2026-04-02T14:00:00Z,1.39181,1.39246,1.39150,1.39241,3821
2026-04-02T14:30:00Z,1.39242,1.39260,1.39086,1.39234,6930
2026-04-02T15:00:00Z,1.39233,1.39249,1.39134,1.39147,6385
2026-04-02T15:30:00Z,1.39148,1.39189,1.39111,1.39167,3718
2026-04-02T16:00:00Z,1.39167,1.39241,1.39162,1.39191,3411
2026-04-02T16:30:00Z,1.39190,1.39233,1.39111,1.39135,3831
2026-04-02T17:00:00Z,1.39135,1.39146,1.39093,1.39133,1728
2026-04-02T17:30:00Z,1.39134,1.39176,1.39112,1.39144,1646
2026-04-02T18:00:00Z,1.39142,1.39200,1.39132,1.39193,1334
2026-04-02T18:30:00Z,1.39194,1.39213,1.39156,1.39171,1487
2026-04-02T19:00:00Z,1.39171,1.39183,1.39143,1.39162,1607
2026-04-02T19:30:00Z,1.39160,1.39223,1.39160,1.39178,1474
2026-04-02T20:00:00Z,1.39177,1.39193,1.39148,1.39154,1030
2026-04-02T20:30:00Z,1.39155,1.39207,1.39138,1.39155,1845
2026-04-02T21:00:00Z,1.39152,1.39181,1.39069,1.39140,1114
2026-04-02T21:30:00Z,1.39137,1.39160,1.39119,1.39143,340
2026-04-02T22:00:00Z,1.39143,1.39212,1.39140,1.39212,171
2026-04-02T22:30:00Z,1.39213,1.39216,1.39188,1.39188,111
2026-04-02T23:00:00Z,1.39189,1.39192,1.39163,1.39163,344
2026-04-02T23:30:00Z,1.39163,1.39183,1.39161,1.39174,153
2026-04-03T00:00:00Z,1.39173,1.39195,1.39147,1.39180,316
2026-04-03T00:30:00Z,1.39182,1.39219,1.39171,1.39203,802
2026-04-03T01:00:00Z,1.39204,1.39229,1.39201,1.39211,728
2026-04-03T01:30:00Z,1.39212,1.39235,1.39212,1.39231,553
2026-04-03T02:00:00Z,1.39231,1.39249,1.39213,1.39249,1072
2026-04-03T02:30:00Z,1.39249,1.39251,1.39232,1.39238,600
2026-04-03T03:00:00Z,1.39237,1.39243,1.39225,1.39233,752
2026-04-03T03:30:00Z,1.39233,1.39252,1.39232,1.39242,587
2026-04-03T04:00:00Z,1.39242,1.39247,1.39232,1.39234,1052
2026-04-03T04:30:00Z,1.39233,1.39246,1.39232,1.39246,1268
2026-04-03T05:00:00Z,1.39247,1.39263,1.39241,1.39262,753
2026-04-03T05:30:00Z,1.39263,1.39264,1.39212,1.39213,711
2026-04-03T06:00:00Z,1.39214,1.39235,1.39212,1.39226,366
2026-04-03T06:30:00Z,1.39226,1.39245,1.39194,1.39206,461
2026-04-03T07:00:00Z,1.39207,1.39225,1.39180,1.39193,600
2026-04-03T07:30:00Z,1.39194,1.39203,1.39181,1.39201,719
2026-04-03T08:00:00Z,1.39202,1.39243,1.39202,1.39223,706
2026-04-03T08:30:00Z,1.39222,1.39224,1.39191,1.39192,784
2026-04-03T09:00:00Z,1.39193,1.39195,1.39173,1.39183,1858
2026-04-03T09:30:00Z,1.39182,1.39207,1.39181,1.39200,743
2026-04-03T10:00:00Z,1.39199,1.39234,1.39194,1.39223,791
2026-04-03T10:30:00Z,1.39223,1.39237,1.39192,1.39233,792
2026-04-03T11:00:00Z,1.39235,1.39254,1.39221,1.39251,674
2026-04-03T11:30:00Z,1.39251,1.39263,1.39221,1.39257,876
2026-04-03T12:00:00Z,1.39256,1.39319,1.39254,1.39288,1784
2026-04-03T12:30:00Z,1.39288,1.39423,1.39288,1.39393,3123
2026-04-03T13:00:00Z,1.39393,1.39408,1.39347,1.39398,2250
2026-04-03T13:30:00Z,1.39395,1.39424,1.39370,1.39374,2168
2026-04-03T14:00:00Z,1.39373,1.39488,1.39371,1.39468,2180
2026-04-03T14:30:00Z,1.39466,1.39475,1.39444,1.39446,1251
2026-04-03T15:00:00Z,1.39446,1.39448,1.39404,1.39404,1995
2026-04-03T15:30:00Z,1.39405,1.39447,1.39398,1.39418,2928
2026-04-03T16:00:00Z,1.39420,1.39448,1.39409,1.39432,1289
2026-04-03T16:30:00Z,1.39434,1.39436,1.39402,1.39415,1061
2026-04-03T17:00:00Z,1.39415,1.39434,1.39402,1.39410,3903
2026-04-03T17:30:00Z,1.39411,1.39439,1.39407,1.39435,2222
2026-04-03T18:00:00Z,1.39434,1.39440,1.39426,1.39433,1454
2026-04-03T18:30:00Z,1.39433,1.39442,1.39426,1.39436,781
2026-04-03T19:00:00Z,1.39437,1.39463,1.39420,1.39432,392
2026-04-03T19:30:00Z,1.39434,1.39476,1.39433,1.39457,625
2026-04-03T20:00:00Z,1.39461,1.39471,1.39343,1.39393,1210
2026-04-03T20:30:00Z,1.39393,1.39443,1.39308,1.39423,1295
2026-04-05T21:00:00Z,1.39262,1.39331,1.39262,1.39302,59
2026-04-05T21:30:00Z,1.39320,1.39350,1.39302,1.39326,648
2026-04-05T22:00:00Z,1.39327,1.39466,1.39327,1.39450,1372
2026-04-05T22:30:00Z,1.39452,1.39472,1.39439,1.39443,1447
2026-04-05T23:00:00Z,1.39443,1.39463,1.39438,1.39462,1321
2026-04-05T23:30:00Z,1.39464,1.39473,1.39445,1.39458,559
2026-04-06T00:00:00Z,1.39457,1.39460,1.39390,1.39427,2646
2026-04-06T00:30:00Z,1.39425,1.39449,1.39418,1.39439,2358
2026-04-06T01:00:00Z,1.39438,1.39469,1.39426,1.39464,2030
2026-04-06T01:30:00Z,1.39462,1.39473,1.39458,1.39469,952
2026-04-06T02:00:00Z,1.39470,1.39470,1.39349,1.39362,4270
2026-04-06T02:30:00Z,1.39361,1.39395,1.39357,1.39392,2225
2026-04-06T03:00:00Z,1.39391,1.39419,1.39379,1.39386,3237
2026-04-06T03:30:00Z,1.39386,1.39411,1.39378,1.39384,1880
2026-04-06T04:00:00Z,1.39384,1.39384,1.39359,1.39369,1853
2026-04-06T04:30:00Z,1.39368,1.39382,1.39363,1.39373,1628
2026-04-06T05:00:00Z,1.39374,1.39377,1.39351,1.39367,1982
2026-04-06T05:30:00Z,1.39366,1.39392,1.39361,1.39391,1951
2026-04-06T06:00:00Z,1.39391,1.39420,1.39383,1.39410,620
2026-04-06T06:30:00Z,1.39411,1.39419,1.39350,1.39350,1285
2026-04-06T07:00:00Z,1.39348,1.39419,1.39307,1.39307,1527
2026-04-06T07:30:00Z,1.39308,1.39308,1.39175,1.39194,2399
2026-04-06T08:00:00Z,1.39192,1.39226,1.39158,1.39198,2158
2026-04-06T08:30:00Z,1.39199,1.39217,1.39167,1.39217,1948
2026-04-06T09:00:00Z,1.39216,1.39227,1.39165,1.39206,1159
2026-04-06T09:30:00Z,1.39206,1.39217,1.39157,1.39207,1558
2026-04-06T10:00:00Z,1.39206,1.39226,1.39170,1.39225,767
2026-04-06T10:30:00Z,1.39225,1.39289,1.39223,1.39236,1384
2026-04-06T11:00:00Z,1.39236,1.39255,1.39191,1.39191,1480
2026-04-06T11:30:00Z,1.39190,1.39239,1.39182,1.39187,1349
2026-04-06T12:00:00Z,1.39186,1.39242,1.39168,1.39194,2253
2026-04-06T12:30:00Z,1.39194,1.39194,1.39087,1.39108,4531
2026-04-06T13:00:00Z,1.39108,1.39128,1.39049,1.39050,3453
2026-04-06T13:30:00Z,1.39050,1.39104,1.39019,1.39059,2706
2026-04-06T14:00:00Z,1.39058,1.39168,1.39022,1.39092,6871
2026-04-06T14:30:00Z,1.39094,1.39160,1.39065,1.39144,6900
2026-04-06T15:00:00Z,1.39144,1.39216,1.39141,1.39183,7920
2026-04-06T15:30:00Z,1.39183,1.39234,1.39144,1.39151,3939
2026-04-06T16:00:00Z,1.39151,1.39181,1.39104,1.39159,3761
2026-04-06T16:30:00Z,1.39158,1.39189,1.39144,1.39165,2653
2026-04-06T17:00:00Z,1.39166,1.39232,1.39157,1.39173,3918
2026-04-06T17:30:00Z,1.39174,1.39188,1.39146,1.39177,3071
2026-04-06T18:00:00Z,1.39178,1.39190,1.39115,1.39122,3635
2026-04-06T18:30:00Z,1.39120,1.39198,1.39113,1.39174,4197
2026-04-06T19:00:00Z,1.39175,1.39188,1.39133,1.39166,2415
2026-04-06T19:30:00Z,1.39168,1.39172,1.39144,1.39166,3173
2026-04-06T20:00:00Z,1.39167,1.39178,1.39136,1.39146,1707
2026-04-06T20:30:00Z,1.39145,1.39156,1.39072,1.39072,955
2026-04-06T21:00:00Z,1.39053,1.39152,1.39014,1.39055,112
2026-04-06T21:30:00Z,1.39058,1.39098,1.39033,1.39062,284
2026-04-06T22:00:00Z,1.39051,1.39102,1.39044,1.39090,204
2026-04-06T22:30:00Z,1.39088,1.39114,1.39078,1.39104,277
2026-04-06T23:00:00Z,1.39113,1.39117,1.39086,1.39117,624
2026-04-06T23:30:00Z,1.39118,1.39137,1.39110,1.39118,122
2026-04-07T00:00:00Z,1.39119,1.39160,1.39117,1.39150,2235
2026-04-07T00:30:00Z,1.39149,1.39185,1.39145,1.39185,1971
2026-04-07T01:00:00Z,1.39184,1.39208,1.39156,1.39186,3268
2026-04-07T01:30:00Z,1.39186,1.39288,1.39186,1.39260,2386
2026-04-07T02:00:00Z,1.39259,1.39294,1.39246,1.39273,2205
2026-04-07T02:30:00Z,1.39272,1.39277,1.39242,1.39248,1968
2026-04-07T03:00:00Z,1.39247,1.39250,1.39227,1.39229,2589
2026-04-07T03:30:00Z,1.39229,1.39231,1.39190,1.39200,1318
2026-04-07T04:00:00Z,1.39200,1.39204,1.39186,1.39189,1782
2026-04-07T04:30:00Z,1.39189,1.39204,1.39149,1.39174,2715
2026-04-07T05:00:00Z,1.39173,1.39194,1.39167,1.39187,4131
2026-04-07T05:30:00Z,1.39186,1.39237,1.39176,1.39191,4361
2026-04-07T06:00:00Z,1.39190,1.39221,1.39154,1.39162,1858
2026-04-07T06:30:00Z,1.39161,1.39238,1.39161,1.39204,1267
2026-04-07T07:00:00Z,1.39202,1.39262,1.39187,1.39209,3057
2026-04-07T07:30:00Z,1.39209,1.39221,1.39178,1.39219,2619
2026-04-07T08:00:00Z,1.39220,1.39220,1.39139,1.39170,4745
2026-04-07T08:30:00Z,1.39170,1.39214,1.39087,1.39099,5176
2026-04-07T09:00:00Z,1.39100,1.39212,1.39081,1.39191,1626
2026-04-07T09:30:00Z,1.39192,1.39242,1.39172,1.39180,1435
2026-04-07T10:00:00Z,1.39178,1.39268,1.39173,1.39230,2232
2026-04-07T10:30:00Z,1.39230,1.39282,1.39198,1.39207,1605
2026-04-07T11:00:00Z,1.39207,1.39232,1.39169,1.39198,1311
2026-04-07T11:30:00Z,1.39199,1.39209,1.39099,1.39111,1477
2026-04-07T12:00:00Z,1.39109,1.39149,1.39058,1.39134,2789
2026-04-07T12:30:00Z,1.39133,1.39173,1.39083,1.39143,1939
2026-04-07T13:00:00Z,1.39142,1.39224,1.39138,1.39223,2009
2026-04-07T13:30:00Z,1.39222,1.39249,1.39145,1.39158,3498
2026-04-07T14:00:00Z,1.39159,1.39208,1.38996,1.39001,5830
2026-04-07T14:30:00Z,1.39001,1.39095,1.38906,1.39091,4639
2026-04-07T15:00:00Z,1.39091,1.39192,1.39078,1.39158,4577
2026-04-07T15:30:00Z,1.39158,1.39179,1.39053,1.39057,3008
2026-04-07T16:00:00Z,1.39058,1.39079,1.39000,1.39010,3287
2026-04-07T16:30:00Z,1.39009,1.39029,1.38988,1.39014,2133
2026-04-07T17:00:00Z,1.39015,1.39036,1.38965,1.38989,1915
2026-04-07T17:30:00Z,1.38988,1.39029,1.38929,1.39011,2174
2026-04-07T18:00:00Z,1.39010,1.39040,1.38965,1.38985,1811
2026-04-07T18:30:00Z,1.38985,1.39044,1.38979,1.39023,1911
2026-04-07T19:00:00Z,1.39022,1.39054,1.38942,1.38946,2830
2026-04-07T19:30:00Z,1.38947,1.38958,1.38886,1.38948,3149
2026-04-07T20:00:00Z,1.38951,1.38958,1.38862,1.38929,1997
2026-04-07T20:30:00Z,1.38929,1.38937,1.38820,1.38822,2556
2026-04-07T21:00:00Z,1.38831,1.38871,1.38808,1.38847,6314
2026-04-07T21:30:00Z,1.38847,1.38886,1.38836,1.38855,327
2026-04-07T22:00:00Z,1.38886,1.38887,1.38765,1.38826,771
2026-04-07T22:30:00Z,1.38827,1.38993,1.38553,1.38604,8196
2026-04-07T23:00:00Z,1.38605,1.38613,1.38454,1.38487,6717
2026-04-07T23:30:00Z,1.38486,1.38532,1.38400,1.38420,2738
2026-04-08T00:00:00Z,1.38419,1.38485,1.38337,1.38466,6262
2026-04-08T00:30:00Z,1.38462,1.38519,1.38424,1.38485,4008
2026-04-08T01:00:00Z,1.38486,1.38497,1.38317,1.38320,6125
2026-04-08T01:30:00Z,1.38320,1.38418,1.38320,1.38413,3623
2026-04-08T02:00:00Z,1.38413,1.38415,1.38348,1.38377,3101
2026-04-08T02:30:00Z,1.38377,1.38430,1.38375,1.38389,2949
2026-04-08T03:00:00Z,1.38388,1.38424,1.38364,1.38409,2603
2026-04-08T03:30:00Z,1.38409,1.38427,1.38376,1.38391,2604
2026-04-08T04:00:00Z,1.38390,1.38418,1.38339,1.38359,2924
2026-04-08T04:30:00Z,1.38358,1.38369,1.38327,1.38339,3547
2026-04-08T05:00:00Z,1.38339,1.38364,1.38298,1.38318,5119
2026-04-08T05:30:00Z,1.38319,1.38337,1.38233,1.38320,5419
2026-04-08T06:00:00Z,1.38325,1.38467,1.38321,1.38416,2648
2026-04-08T06:30:00Z,1.38417,1.38471,1.38376,1.38433,2541
2026-04-08T07:00:00Z,1.38432,1.38568,1.38426,1.38484,2904
2026-04-08T07:30:00Z,1.38485,1.38496,1.38415,1.38457,2096
2026-04-08T08:00:00Z,1.38458,1.38572,1.38418,1.38552,2080
2026-04-08T08:30:00Z,1.38554,1.38659,1.38542,1.38657,3282
2026-04-08T09:00:00Z,1.38658,1.38673,1.38615,1.38620,1983
2026-04-08T09:30:00Z,1.38618,1.38716,1.38608,1.38713,2319
2026-04-08T10:00:00Z,1.38713,1.38743,1.38667,1.38673,1763
2026-04-08T10:30:00Z,1.38674,1.38713,1.38623,1.38681,1725
2026-04-08T11:00:00Z,1.38681,1.38715,1.38580,1.38586,1957
2026-04-08T11:30:00Z,1.38583,1.38667,1.38541,1.38627,3221
2026-04-08T12:00:00Z,1.38628,1.38733,1.38570,1.38627,4735
2026-04-08T12:30:00Z,1.38625,1.38640,1.38347,1.38409,3901
2026-04-08T13:00:00Z,1.38409,1.38543,1.38391,1.38527,3460
2026-04-08T13:30:00Z,1.38530,1.38690,1.38495,1.38571,6539
2026-04-08T14:00:00Z,1.38573,1.38598,1.38468,1.38516,5019
2026-04-08T14:30:00Z,1.38516,1.38596,1.38393,1.38394,5449
2026-04-08T15:00:00Z,1.38395,1.38497,1.38393,1.38473,4202
2026-04-08T15:30:00Z,1.38473,1.38555,1.38438,1.38539,2936
2026-04-08T16:00:00Z,1.38541,1.38594,1.38508,1.38576,2609
2026-04-08T16:30:00Z,1.38574,1.38581,1.38416,1.38417,2811
2026-04-08T17:00:00Z,1.38416,1.38470,1.38388,1.38452,3200
2026-04-08T17:30:00Z,1.38455,1.38526,1.38408,1.38413,3492
2026-04-08T18:00:00Z,1.38418,1.38498,1.38387,1.38498,3014
2026-04-08T18:30:00Z,1.38499,1.38597,1.38472,1.38557,3011
2026-04-08T19:00:00Z,1.38558,1.38605,1.38492,1.38529,3288
2026-04-08T19:30:00Z,1.38530,1.38577,1.38365,1.38388,3429
2026-04-08T20:00:00Z,1.38386,1.38444,1.38351,1.38427,1905
2026-04-08T20:30:00Z,1.38426,1.38453,1.38390,1.38443,1577
2026-04-08T21:00:00Z,1.38407,1.38443,1.38343,1.38393,328
2026-04-08T21:30:00Z,1.38394,1.38480,1.38364,1.38417,1116
2026-04-08T22:00:00Z,1.38413,1.38494,1.38409,1.38461,383
2026-04-08T22:30:00Z,1.38463,1.38472,1.38448,1.38458,589
2026-04-08T23:00:00Z,1.38459,1.38481,1.38453,1.38477,935
2026-04-08T23:30:00Z,1.38480,1.38511,1.38473,1.38508,703
2026-04-09T00:00:00Z,1.38506,1.38552,1.38498,1.38536,1500
2026-04-09T00:30:00Z,1.38537,1.38542,1.38507,1.38528,1333
2026-04-09T01:00:00Z,1.38528,1.38589,1.38513,1.38583,1732
2026-04-09T01:30:00Z,1.38583,1.38583,1.38519,1.38520,2622
2026-04-09T02:00:00Z,1.38520,1.38548,1.38503,1.38505,3381
2026-04-09T02:30:00Z,1.38505,1.38507,1.38482,1.38492,2652
2026-04-09T03:00:00Z,1.38492,1.38521,1.38488,1.38503,2843
2026-04-09T03:30:00Z,1.38502,1.38520,1.38480,1.38491,2321
2026-04-09T04:00:00Z,1.38491,1.38492,1.38446,1.38457,1884
2026-04-09T04:30:00Z,1.38457,1.38489,1.38454,1.38487,1837
2026-04-09T05:00:00Z,1.38487,1.38490,1.38447,1.38460,3629
2026-04-09T05:30:00Z,1.38463,1.38540,1.38460,1.38509,2271
2026-04-09T06:00:00Z,1.38508,1.38550,1.38507,1.38536,1797
2026-04-09T06:30:00Z,1.38538,1.38580,1.38514,1.38530,1460
2026-04-09T07:00:00Z,1.38529,1.38574,1.38524,1.38568,1646
2026-04-09T07:30:00Z,1.38568,1.38601,1.38534,1.38556,1850
2026-04-09T08:00:00Z,1.38557,1.38569,1.38534,1.38565,3519
2026-04-09T08:30:00Z,1.38564,1.38570,1.38485,1.38489,2452
2026-04-09T09:00:00Z,1.38490,1.38550,1.38490,1.38518,1586
2026-04-09T09:30:00Z,1.38520,1.38564,1.38518,1.38558,866
2026-04-09T10:00:00Z,1.38559,1.38569,1.38510,1.38533,1023
2026-04-09T10:30:00Z,1.38533,1.38561,1.38528,1.38535,993
2026-04-09T11:00:00Z,1.38536,1.38538,1.38454,1.38460,1718
2026-04-09T11:30:00Z,1.38457,1.38462,1.38333,1.38354,2152
2026-04-09T12:00:00Z,1.38354,1.38442,1.38353,1.38410,2386
2026-04-09T12:30:00Z,1.38411,1.38411,1.38301,1.38341,4120
2026-04-09T13:00:00Z,1.38342,1.38345,1.38223,1.38256,3117
2026-04-09T13:30:00Z,1.38255,1.38294,1.38161,1.38290,3983
2026-04-09T14:00:00Z,1.38290,1.38292,1.38094,1.38100,5179
2026-04-09T14:30:00Z,1.38104,1.38329,1.38102,1.38236,5823
2026-04-09T15:00:00Z,1.38236,1.38342,1.38173,1.38245,5216
2026-04-09T15:30:00Z,1.38245,1.38250,1.38057,1.38080,4881
2026-04-09T16:00:00Z,1.38081,1.38154,1.38040,1.38116,3405
2026-04-09T16:30:00Z,1.38115,1.38189,1.38094,1.38168,1946
2026-04-09T17:00:00Z,1.38171,1.38178,1.38129,1.38144,1804
2026-04-09T17:30:00Z,1.38142,1.38163,1.38126,1.38134,1757
2026-04-09T18:00:00Z,1.38133,1.38238,1.38128,1.38238,2255
2026-04-09T18:30:00Z,1.38238,1.38243,1.38180,1.38188,3502
2026-04-09T19:00:00Z,1.38189,1.38200,1.38104,1.38104,3227
2026-04-09T19:30:00Z,1.38105,1.38154,1.38087,1.38129,2786
2026-04-09T20:00:00Z,1.38128,1.38205,1.38116,1.38193,1876
2026-04-09T20:30:00Z,1.38190,1.38206,1.38122,1.38122,1761
2026-04-09T21:00:00Z,1.38123,1.38153,1.38100,1.38136,1227
2026-04-09T21:30:00Z,1.38117,1.38146,1.38105,1.38112,557
2026-04-09T22:00:00Z,1.38111,1.38178,1.38111,1.38176,248
2026-04-09T22:30:00Z,1.38175,1.38183,1.38151,1.38163,629
2026-04-09T23:00:00Z,1.38164,1.38193,1.38160,1.38183,1013
2026-04-09T23:30:00Z,1.38186,1.38233,1.38180,1.38224,657
2026-04-10T00:00:00Z,1.38222,1.38264,1.38222,1.38249,1603
2026-04-10T00:30:00Z,1.38248,1.38253,1.38227,1.38240,1444
2026-04-10T01:00:00Z,1.38241,1.38272,1.38228,1.38238,1919
2026-04-10T01:30:00Z,1.38237,1.38240,1.38178,1.38201,1735
2026-04-10T02:00:00Z,1.38200,1.38264,1.38193,1.38263,2281
2026-04-10T02:30:00Z,1.38262,1.38263,1.38222,1.38235,1261
2026-04-10T03:00:00Z,1.38235,1.38241,1.38222,1.38228,981
2026-04-10T03:30:00Z,1.38228,1.38244,1.38213,1.38233,1293
2026-04-10T04:00:00Z,1.38231,1.38231,1.38203,1.38220,1222
2026-04-10T04:30:00Z,1.38221,1.38253,1.38220,1.38247,1069
2026-04-10T05:00:00Z,1.38246,1.38274,1.38243,1.38274,1145
2026-04-10T05:30:00Z,1.38273,1.38281,1.38244,1.38259,1458
2026-04-10T06:00:00Z,1.38261,1.38311,1.38231,1.38287,2205
2026-04-10T06:30:00Z,1.38288,1.38311,1.38261,1.38308,885
2026-04-10T07:00:00Z,1.38307,1.38340,1.38301,1.38331,1101
2026-04-10T07:30:00Z,1.38331,1.38431,1.38321,1.38428,1240
2026-04-10T08:00:00Z,1.38427,1.38437,1.38368,1.38404,1584
2026-04-10T08:30:00Z,1.38404,1.38404,1.38351,1.38367,2387
2026-04-10T09:00:00Z,1.38365,1.38411,1.38296,1.38369,5047
2026-04-10T09:30:00Z,1.38369,1.38379,1.38324,1.38344,1746
2026-04-10T10:00:00Z,1.38342,1.38396,1.38341,1.38372,1212
2026-04-10T10:30:00Z,1.38371,1.38389,1.38361,1.38377,741
2026-04-10T11:00:00Z,1.38378,1.38384,1.38326,1.38337,1236
2026-04-10T11:30:00Z,1.38336,1.38361,1.38223,1.38233,1523
2026-04-10T12:00:00Z,1.38231,1.38254,1.38159,1.38198,2413
2026-04-10T12:30:00Z,1.38197,1.38267,1.38118,1.38197,6179
2026-04-10T13:00:00Z,1.38199,1.38232,1.38057,1.38069,5464
2026-04-10T13:30:00Z,1.38069,1.38201,1.38063,1.38160,4802
2026-04-10T14:00:00Z,1.38160,1.38169,1.37987,1.38003,3236
2026-04-10T14:30:00Z,1.38004,1.38311,1.37992,1.38305,3672
2026-04-10T15:00:00Z,1.38306,1.38352,1.38225,1.38267,2601
2026-04-10T15:30:00Z,1.38269,1.38341,1.38263,1.38280,2088
2026-04-10T16:00:00Z,1.38282,1.38365,1.38280,1.38313,1754
2026-04-10T16:30:00Z,1.38315,1.38386,1.38311,1.38335,1892
2026-04-10T17:00:00Z,1.38337,1.38368,1.38318,1.38330,1772
2026-04-10T17:30:00Z,1.38333,1.38338,1.38281,1.38299,1118
2026-04-10T18:00:00Z,1.38300,1.38362,1.38236,1.38252,3834
2026-04-10T18:30:00Z,1.38252,1.38295,1.38211,1.38272,2556
2026-04-10T19:00:00Z,1.38273,1.38316,1.38260,1.38311,1285
2026-04-10T19:30:00Z,1.38312,1.38361,1.38295,1.38359,1724
2026-04-10T20:00:00Z,1.38360,1.38394,1.38338,1.38385,1417
2026-04-10T20:30:00Z,1.38387,1.38427,1.38344,1.38361,5056
