timestamp,open,high,low,close,volume
2024-12-06T04:00:00Z,1.40327,1.40413,1.40295,1.40321,8601
2024-12-06T08:00:00Z,1.40319,1.40461,1.40262,1.40440,24876
2024-12-06T12:00:00Z,1.40440,1.41562,1.40423,1.41377,69259
2024-12-06T16:00:00Z,1.41376,1.41641,1.41332,1.41588,38423
2024-12-06T20:00:00Z,1.41588,1.41621,1.41479,1.41530,10478
2024-12-08T20:00:00Z,1.41515,1.41642,1.41473,1.41475,3394
2024-12-09T00:00:00Z,1.41472,1.41657,1.41472,1.41647,11451
2024-12-09T04:00:00Z,1.41647,1.41746,1.41543,1.41564,14738
2024-12-09T08:00:00Z,1.41564,1.41618,1.41291,1.41336,24653
2024-12-09T12:00:00Z,1.41335,1.41350,1.40930,1.41133,44130
2024-12-09T16:00:00Z,1.41133,1.41639,1.41131,1.41582,34349
2024-12-09T20:00:00Z,1.41581,1.41747,1.41559,1.41743,12849
2024-12-10T00:00:00Z,1.41742,1.41893,1.41681,1.41817,17703
2024-12-10T04:00:00Z,1.41816,1.41854,1.41667,1.41842,14142
2024-12-10T08:00:00Z,1.41843,1.41947,1.41631,1.41640,27316
2024-12-10T12:00:00Z,1.41640,1.41938,1.41565,1.41689,40309
2024-12-10T16:00:00Z,1.41689,1.41706,1.41550,1.41643,31004
2024-12-10T20:00:00Z,1.41642,1.41808,1.41612,1.41744,10880
2024-12-11T00:00:00Z,1.41744,1.41776,1.41585,1.41628,19095
2024-12-11T04:00:00Z,1.41629,1.41906,1.41610,1.41897,22313
2024-12-11T08:00:00Z,1.41895,1.41930,1.41764,1.41815,35011
2024-12-11T12:00:00Z,1.41815,1.41928,1.41193,1.41405,64255
2024-12-11T16:00:00Z,1.41404,1.41698,1.41227,1.41610,35360
2024-12-11T20:00:00Z,1.41609,1.41669,1.41481,1.41488,11146
2024-12-12T00:00:00Z,1.41453,1.41548,1.41369,1.41484,19650
2024-12-12T04:00:00Z,1.41484,1.41513,1.41343,1.41471,22774
2024-12-12T08:00:00Z,1.41470,1.41541,1.41308,1.41533,37025
2024-12-12T12:00:00Z,1.41534,1.41995,1.41534,1.41838,67727
2024-12-12T16:00:00Z,1.41846,1.42116,1.41684,1.42072,40736
2024-12-12T20:00:00Z,1.42071,1.42275,1.42034,1.42151,14135
2024-12-13T00:00:00Z,1.42155,1.42401,1.42153,1.42398,22567
2024-12-13T04:00:00Z,1.42397,1.42431,1.42267,1.42322,23086
2024-12-13T08:00:00Z,1.42323,1.42366,1.42158,1.42183,32297
2024-12-13T12:00:00Z,1.42182,1.42446,1.42089,1.42376,45883
2024-12-13T16:00:00Z,1.42376,1.42429,1.42227,1.42320,34118
2024-12-13T20:00:00Z,1.42319,1.42401,1.42241,1.42293,7782
2024-12-15T20:00:00Z,1.42265,1.42372,1.42243,1.42255,3372
2024-12-16T00:00:00Z,1.42257,1.42295,1.42163,1.42261,21099
2024-12-16T04:00:00Z,1.42261,1.42298,1.42191,1.42229,16868
2024-12-16T08:00:00Z,1.42229,1.42436,1.42190,1.42407,21708
2024-12-16T12:00:00Z,1.42406,1.42704,1.42223,1.42279,35083
2024-12-16T16:00:00Z,1.42280,1.42419,1.42242,1.42367,26894
2024-12-16T20:00:00Z,1.42367,1.42504,1.42298,1.42340,11600
2024-12-17T00:00:00Z,1.42340,1.42540,1.42313,1.42535,18044
2024-12-17T04:00:00Z,1.42533,1.42712,1.42528,1.42683,16872
2024-12-17T08:00:00Z,1.42682,1.42932,1.42674,1.42800,27061
2024-12-17T12:00:00Z,1.42800,1.43203,1.42661,1.43116,47159
2024-12-17T16:00:00Z,1.43115,1.43232,1.43035,1.43092,37803
2024-12-17T20:00:00Z,1.43093,1.43156,1.43043,1.43097,10178
2024-12-18T00:00:00Z,1.43097,1.43232,1.43084,1.43229,18421
2024-12-18T04:00:00Z,1.43229,1.43308,1.43224,1.43291,19228
2024-12-18T08:00:00Z,1.43290,1.43314,1.43168,1.43260,19028
2024-12-18T12:00:00Z,1.43260,1.43276,1.43043,1.43235,28916
2024-12-18T16:00:00Z,1.43236,1.44245,1.43196,1.44165,47081
2024-12-18T20:00:00Z,1.44163,1.44666,1.44095,1.44613,35613
2024-12-19T00:00:00Z,1.44612,1.44612,1.44273,1.44331,30823
2024-12-19T04:00:00Z,1.44332,1.44427,1.44187,1.44215,22910
2024-12-19T08:00:00Z,1.44216,1.44220,1.43804,1.43825,32545
2024-12-19T12:00:00Z,1.43824,1.43860,1.43438,1.43684,58108
2024-12-19T16:00:00Z,1.43685,1.43897,1.43469,1.43876,36357
2024-12-19T20:00:00Z,1.43875,1.44038,1.43779,1.44023,12508
2024-12-20T00:00:00Z,1.44024,1.44351,1.43965,1.44309,24378
2024-12-20T04:00:00Z,1.44309,1.44309,1.43824,1.43841,22434
2024-12-20T08:00:00Z,1.43841,1.43916,1.43702,1.43892,31818
2024-12-20T12:00:00Z,1.43893,1.43966,1.43555,1.43680,62451
2024-12-20T16:00:00Z,1.43678,1.43789,1.43349,1.43526,43877
2024-12-20T20:00:00Z,1.43527,1.43755,1.43522,1.43735,11383
2024-12-22T20:00:00Z,1.43612,1.43718,1.43583,1.43598,3283
2024-12-23T00:00:00Z,1.43599,1.43640,1.43484,1.43575,13732
2024-12-23T04:00:00Z,1.43576,1.43888,1.43518,1.43880,14213
2024-12-23T08:00:00Z,1.43880,1.44064,1.43646,1.44010,27699
2024-12-23T12:00:00Z,1.44008,1.44329,1.43998,1.44116,35738
2024-12-23T16:00:00Z,1.44118,1.44178,1.43684,1.43717,29134
2024-12-23T20:00:00Z,1.43718,1.43769,1.43609,1.43738,12593
2024-12-24T00:00:00Z,1.43737,1.43862,1.43725,1.43825,12285
2024-12-24T04:00:00Z,1.43825,1.43861,1.43724,1.43827,11466
2024-12-24T08:00:00Z,1.43829,1.44041,1.43810,1.44027,14903
2024-12-24T12:00:00Z,1.44027,1.44198,1.43629,1.43813,26478
2024-12-24T16:00:00Z,1.43813,1.43921,1.43543,1.43633,16008
2024-12-24T20:00:00Z,1.43643,1.43649,1.43443,1.43488,1716
2024-12-25T00:00:00Z,1.43439,1.43724,1.43439,1.43552,274
2024-12-25T04:00:00Z,1.43552,1.43567,1.43504,1.43565,75
2024-12-25T20:00:00Z,1.43546,1.43659,1.43503,1.43535,2213
2024-12-26T00:00:00Z,1.43535,1.43628,1.43494,1.43535,11499
2024-12-26T04:00:00Z,1.43535,1.43838,1.43535,1.43817,10851
2024-12-26T08:00:00Z,1.43816,1.44043,1.43803,1.43821,22525
2024-12-26T12:00:00Z,1.43821,1.44154,1.43818,1.44112,33075
2024-12-26T16:00:00Z,1.44112,1.44199,1.44009,1.44143,27696
2024-12-26T20:00:00Z,1.44142,1.44176,1.43991,1.44091,9622
2024-12-27T00:00:00Z,1.44093,1.44151,1.44049,1.44076,13678
2024-12-27T04:00:00Z,1.44075,1.44101,1.44023,1.44041,13067
2024-12-27T08:00:00Z,1.44042,1.44112,1.43892,1.43904,22774
2024-12-27T12:00:00Z,1.43903,1.44212,1.43742,1.44081,37135
2024-12-27T16:00:00Z,1.44082,1.44489,1.44071,1.44102,47344
2024-12-27T20:00:00Z,1.44101,1.44206,1.44071,1.44081,8335
2024-12-29T20:00:00Z,1.44125,1.44149,1.44016,1.44022,2782
2024-12-30T00:00:00Z,1.44023,1.44070,1.43963,1.43967,12888
2024-12-30T04:00:00Z,1.43968,1.44001,1.43849,1.43975,15395
2024-12-30T08:00:00Z,1.43973,1.44100,1.43731,1.43774,22725
2024-12-30T12:00:00Z,1.43775,1.44324,1.43719,1.43865,45854
2024-12-30T16:00:00Z,1.43864,1.43933,1.43443,1.43586,45244
2024-12-30T20:00:00Z,1.43587,1.43632,1.43458,1.43499,20577
2024-12-31T00:00:00Z,1.43499,1.43614,1.43375,1.43489,10718
2024-12-31T04:00:00Z,1.43489,1.43699,1.43441,1.43676,10506
2024-12-31T08:00:00Z,1.43675,1.43823,1.43644,1.43822,18798
2024-12-31T12:00:00Z,1.43822,1.44075,1.43632,1.43789,39065
2024-12-31T16:00:00Z,1.43787,1.44089,1.43736,1.43816,31084
2024-12-31T20:00:00Z,1.43818,1.43824,1.43714,1.43788,4716
2025-01-01T20:00:00Z,1.43748,1.43839,1.43720,1.43746,2885
2025-01-02T00:00:00Z,1.43744,1.43852,1.43684,1.43758,18524
2025-01-02T04:00:00Z,1.43757,1.44073,1.43704,1.44047,15345
2025-01-02T08:00:00Z,1.44047,1.44279,1.43998,1.44177,27378
2025-01-02T12:00:00Z,1.44177,1.44386,1.44139,1.44218,36121
2025-01-02T16:00:00Z,1.44221,1.44417,1.43918,1.44171,40559
2025-01-02T20:00:00Z,1.44172,1.44172,1.43927,1.44040,9783
2025-01-03T00:00:00Z,1.44039,1.44041,1.43827,1.43838,13033
2025-01-03T04:00:00Z,1.43838,1.44026,1.43826,1.43975,13621
2025-01-03T08:00:00Z,1.43975,1.44042,1.43867,1.43925,24447
2025-01-03T12:00:00Z,1.43925,1.44539,1.43914,1.44353,42196
2025-01-03T16:00:00Z,1.44353,1.44630,1.44324,1.44479,31240
2025-01-03T20:00:00Z,1.44478,1.44495,1.44391,1.44398,9567
2025-01-05T20:00:00Z,1.44367,1.44490,1.44293,1.44382,2776
2025-01-06T00:00:00Z,1.44382,1.44442,1.43873,1.44034,20484
2025-01-06T04:00:00Z,1.44035,1.44059,1.43847,1.43895,14195
2025-01-06T08:00:00Z,1.43900,1.43940,1.43005,1.43008,40562
2025-01-06T12:00:00Z,1.43009,1.43723,1.42791,1.43606,71529
2025-01-06T16:00:00Z,1.43605,1.43787,1.43359,1.43366,33565
2025-01-06T20:00:00Z,1.43367,1.43413,1.43177,1.43410,10264
2025-01-07T00:00:00Z,1.43410,1.43493,1.43224,1.43225,17058
2025-01-07T04:00:00Z,1.43223,1.43239,1.43070,1.43072,14811
2025-01-07T08:00:00Z,1.43071,1.43181,1.42973,1.43152,27679
2025-01-07T12:00:00Z,1.43154,1.43653,1.43001,1.43442,44236
2025-01-07T16:00:00Z,1.43440,1.43587,1.43167,1.43466,41589
2025-01-07T20:00:00Z,1.43466,1.43706,1.43458,1.43652,12777
2025-01-08T00:00:00Z,1.43652,1.43652,1.43440,1.43495,19560
2025-01-08T04:00:00Z,1.43495,1.43639,1.43387,1.43599,13703
2025-01-08T08:00:00Z,1.43598,1.44092,1.43496,1.43896,31909
2025-01-08T12:00:00Z,1.43895,1.44062,1.43798,1.43866,61713
2025-01-08T16:00:00Z,1.43866,1.43975,1.43744,1.43878,37737
2025-01-08T20:00:00Z,1.43878,1.43923,1.43695,1.43765,13024
2025-01-09T00:00:00Z,1.43764,1.43854,1.43646,1.43761,16325
2025-01-09T04:00:00Z,1.43763,1.44010,1.43704,1.43997,16830
2025-01-09T08:00:00Z,1.43997,1.44045,1.43771,1.43960,29635
2025-01-09T12:00:00Z,1.43958,1.44037,1.43853,1.43978,27162
2025-01-09T16:00:00Z,1.43977,1.44034,1.43876,1.43917,15767
2025-01-09T20:00:00Z,1.43916,1.44020,1.43874,1.44011,5544
2025-01-10T00:00:00Z,1.44011,1.44119,1.43953,1.44111,21446
2025-01-10T04:00:00Z,1.44111,1.44215,1.44050,1.44050,15874
2025-01-10T08:00:00Z,1.44050,1.44169,1.43944,1.44084,28512
2025-01-10T12:00:00Z,1.44084,1.44366,1.43749,1.44229,68825
2025-01-10T16:00:00Z,1.44230,1.44422,1.44121,1.44264,40956
2025-01-10T20:00:00Z,1.44265,1.44368,1.44167,1.44167,9223
2025-01-12T20:00:00Z,1.44199,1.44226,1.44110,1.44147,3808
2025-01-13T00:00:00Z,1.44148,1.44423,1.44142,1.44419,20194
2025-01-13T04:00:00Z,1.44418,1.44467,1.44279,1.44313,17854
2025-01-13T08:00:00Z,1.44314,1.44395,1.44139,1.44302,45330
2025-01-13T12:00:00Z,1.44303,1.44330,1.43916,1.44201,52925
2025-01-13T16:00:00Z,1.44201,1.44269,1.44024,1.44117,41255
2025-01-13T20:00:00Z,1.44117,1.44122,1.43423,1.43640,23164
2025-01-14T00:00:00Z,1.43640,1.43871,1.43626,1.43767,26980
2025-01-14T04:00:00Z,1.43768,1.43861,1.43701,1.43751,23257
2025-01-14T08:00:00Z,1.43750,1.43829,1.43575,1.43801,39184
2025-01-14T12:00:00Z,1.43801,1.44098,1.43504,1.43534,61597
2025-01-14T16:00:00Z,1.43532,1.43808,1.43502,1.43647,37520
2025-01-14T20:00:00Z,1.43646,1.43687,1.43446,1.43514,14072
2025-01-15T00:00:00Z,1.43515,1.43595,1.43499,1.43521,13852
2025-01-15T04:00:00Z,1.43521,1.43639,1.43398,1.43417,16049
2025-01-15T08:00:00Z,1.43416,1.43526,1.43286,1.43440,23005
2025-01-15T12:00:00Z,1.43440,1.43663,1.43017,1.43404,59872
2025-01-15T16:00:00Z,1.43402,1.43575,1.43267,1.43280,45462
2025-01-15T20:00:00Z,1.43280,1.43405,1.43196,1.43246,10615
2025-01-16T00:00:00Z,1.43246,1.43541,1.43218,1.43516,21070
2025-01-16T04:00:00Z,1.43516,1.43665,1.43476,1.43555,18001
2025-01-16T08:00:00Z,1.43554,1.43834,1.43536,1.43723,28904
2025-01-16T12:00:00Z,1.43723,1.43948,1.43720,1.43871,53029
2025-01-16T16:00:00Z,1.43870,1.44003,1.43670,1.43950,36994
2025-01-16T20:00:00Z,1.43949,1.44025,1.43804,1.43941,9843
2025-01-17T00:00:00Z,1.43940,1.44024,1.43887,1.43941,14382
2025-01-17T04:00:00Z,1.43942,1.44128,1.43930,1.44068,14770
2025-01-17T08:00:00Z,1.44067,1.44172,1.44017,1.44115,24872
2025-01-17T12:00:00Z,1.44115,1.44638,1.43819,1.44001,55453
2025-01-17T16:00:00Z,1.44002,1.44644,1.44001,1.44602,67563
2025-01-17T20:00:00Z,1.44603,1.44845,1.44599,1.44743,9024
2025-01-19T20:00:00Z,1.44592,1.44849,1.44592,1.44702,3508
2025-01-20T00:00:00Z,1.44703,1.44726,1.44451,1.44451,17592
2025-01-20T04:00:00Z,1.44451,1.44565,1.44424,1.44452,14975
2025-01-20T08:00:00Z,1.44453,1.44779,1.44448,1.44618,30384
2025-01-20T12:00:00Z,1.44616,1.44695,1.42605,1.43391,123782
2025-01-20T16:00:00Z,1.43393,1.43797,1.42913,1.43038,29426
2025-01-20T20:00:00Z,1.43037,1.43175,1.42824,1.43020,12993
2025-01-21T00:00:00Z,1.43019,1.45150,1.42888,1.44153,57256
2025-01-21T04:00:00Z,1.44150,1.44541,1.44042,1.44521,26571
2025-01-21T08:00:00Z,1.44522,1.44570,1.44145,1.44462,35805
2025-01-21T12:00:00Z,1.44462,1.44559,1.43673,1.43778,58420
2025-01-21T16:00:00Z,1.43778,1.43780,1.43170,1.43344,35167
2025-01-21T20:00:00Z,1.43345,1.43498,1.43109,1.43404,16657
2025-01-22T00:00:00Z,1.43404,1.43406,1.43161,1.43376,21068
2025-01-22T04:00:00Z,1.43376,1.43539,1.43301,1.43348,18952
2025-01-22T08:00:00Z,1.43347,1.43373,1.43004,1.43331,39796
2025-01-22T12:00:00Z,1.43331,1.43906,1.43279,1.43755,48346
2025-01-22T16:00:00Z,1.43754,1.43814,1.43530,1.43699,25531
2025-01-22T20:00:00Z,1.43700,1.44035,1.43639,1.43953,10875
2025-01-23T00:00:00Z,1.43952,1.44036,1.43814,1.43912,19578
2025-01-23T04:00:00Z,1.43913,1.44016,1.43855,1.43886,20230
2025-01-23T08:00:00Z,1.43883,1.44014,1.43835,1.43953,32028
2025-01-23T12:00:00Z,1.43953,1.44130,1.43698,1.43792,46667
2025-01-23T16:00:00Z,1.43793,1.44017,1.43336,1.43611,40812
2025-01-23T20:00:00Z,1.43613,1.43838,1.43548,1.43772,9079
2025-01-24T00:00:00Z,1.43772,1.43832,1.43205,1.43337,24465
2025-01-24T04:00:00Z,1.43335,1.43482,1.43209,1.43435,28386
2025-01-24T08:00:00Z,1.43434,1.43471,1.43143,1.43340,42903
2025-01-24T12:00:00Z,1.43340,1.43491,1.43166,1.43272,48089
2025-01-24T16:00:00Z,1.43272,1.43468,1.43243,1.43421,33843
2025-01-24T20:00:00Z,1.43424,1.43489,1.43352,1.43415,7319
2025-01-26T20:00:00Z,1.43587,1.43870,1.43570,1.43856,4733
2025-01-27T00:00:00Z,1.43858,1.44010,1.43649,1.43770,27745
2025-01-27T04:00:00Z,1.43770,1.44001,1.43736,1.43994,25583
2025-01-27T08:00:00Z,1.43994,1.43995,1.43466,1.43605,52879
2025-01-27T12:00:00Z,1.43606,1.43951,1.43330,1.43838,51141
2025-01-27T16:00:00Z,1.43838,1.44009,1.43751,1.43767,42100
2025-01-27T20:00:00Z,1.43766,1.44151,1.43658,1.44048,25852
2025-01-28T00:00:00Z,1.44049,1.44073,1.43800,1.43987,28017
2025-01-28T04:00:00Z,1.43987,1.44050,1.43916,1.44034,16012
2025-01-28T08:00:00Z,1.44033,1.44161,1.43885,1.44153,34418
2025-01-28T12:00:00Z,1.44152,1.44194,1.43684,1.43918,48370
2025-01-28T16:00:00Z,1.43918,1.44129,1.43835,1.43946,33807
2025-01-28T20:00:00Z,1.43946,1.44024,1.43892,1.44024,14867
2025-01-29T00:00:00Z,1.44022,1.44087,1.43941,1.43959,12493
2025-01-29T04:00:00Z,1.43958,1.44146,1.43911,1.44132,15761
2025-01-29T08:00:00Z,1.44131,1.44330,1.44077,1.44270,26353
2025-01-29T12:00:00Z,1.44271,1.44710,1.44214,1.44430,47504
2025-01-29T16:00:00Z,1.44428,1.44582,1.44025,1.44204,62341
2025-01-29T20:00:00Z,1.44201,1.44296,1.43918,1.43962,19730
2025-01-30T00:00:00Z,1.43962,1.44192,1.43962,1.44172,13916
2025-01-30T04:00:00Z,1.44172,1.44354,1.44140,1.44173,12519
2025-01-30T08:00:00Z,1.44171,1.44186,1.44019,1.44132,33659
2025-01-30T12:00:00Z,1.44132,1.44227,1.43992,1.44086,50536
2025-01-30T16:00:00Z,1.44085,1.44221,1.43995,1.44130,24506
2025-01-30T20:00:00Z,1.44130,1.45941,1.44112,1.44924,43054
2025-01-31T00:00:00Z,1.44924,1.45004,1.44715,1.44831,20949
2025-01-31T04:00:00Z,1.44830,1.44875,1.44306,1.44378,18573
2025-01-31T08:00:00Z,1.44377,1.44969,1.44365,1.44863,37261
2025-01-31T12:00:00Z,1.44861,1.45501,1.44625,1.44816,61642
2025-01-31T16:00:00Z,1.44816,1.45275,1.43701,1.45101,90604
2025-01-31T20:00:00Z,1.45099,1.45589,1.44947,1.45257,29433
2025-02-02T20:00:00Z,1.47352,1.47498,1.47031,1.47123,18862
2025-02-03T00:00:00Z,1.47123,1.47926,1.46721,1.47749,59456
2025-02-03T04:00:00Z,1.47750,1.47752,1.46944,1.47163,42387
2025-02-03T08:00:00Z,1.47163,1.47213,1.46643,1.46733,42010
2025-02-03T12:00:00Z,1.46733,1.47019,1.45439,1.45700,91755
2025-02-03T16:00:00Z,1.45701,1.46435,1.45221,1.45721,63426
2025-02-03T20:00:00Z,1.45735,1.45747,1.43853,1.44208,34831
2025-02-04T00:00:00Z,1.44209,1.44734,1.44167,1.44681,32281
2025-02-04T04:00:00Z,1.44682,1.45020,1.44299,1.44380,38495
2025-02-04T08:00:00Z,1.44380,1.44607,1.44141,1.44341,38117
2025-02-04T12:00:00Z,1.44342,1.44410,1.43270,1.43273,43353
2025-02-04T16:00:00Z,1.43274,1.43500,1.43013,1.43050,30840
2025-02-04T20:00:00Z,1.43051,1.43386,1.43043,1.43385,11732
2025-02-05T00:00:00Z,1.43385,1.43385,1.43126,1.43314,25892
2025-02-05T04:00:00Z,1.43312,1.43438,1.43045,1.43088,25778
2025-02-05T08:00:00Z,1.43088,1.43097,1.42719,1.42871,37404
2025-02-05T12:00:00Z,1.42868,1.42993,1.42693,1.42854,43415
2025-02-05T16:00:00Z,1.42855,1.43196,1.42754,1.43147,25172
2025-02-05T20:00:00Z,1.43147,1.43276,1.43013,1.43147,9623
2025-02-06T00:00:00Z,1.43148,1.43355,1.43113,1.43336,15925
2025-02-06T04:00:00Z,1.43337,1.43631,1.43314,1.43596,17679
2025-02-06T08:00:00Z,1.43594,1.43661,1.43473,1.43580,27942
2025-02-06T12:00:00Z,1.43580,1.43638,1.43202,1.43211,39577
2025-02-06T16:00:00Z,1.43210,1.43226,1.43008,1.43181,21984
2025-02-06T20:00:00Z,1.43182,1.43188,1.43010,1.43071,8052
2025-02-07T00:00:00Z,1.43073,1.43180,1.43008,1.43168,15514
2025-02-07T04:00:00Z,1.43168,1.43260,1.43067,1.43135,14830
2025-02-07T08:00:00Z,1.43137,1.43359,1.43039,1.43315,24241
2025-02-07T12:00:00Z,1.43317,1.43443,1.42794,1.43009,61966
2025-02-07T16:00:00Z,1.43011,1.43321,1.42730,1.42830,59046
2025-02-07T20:00:00Z,1.42832,1.42976,1.42735,1.42862,7620
2025-02-09T20:00:00Z,1.43522,1.43793,1.43300,1.43324,7027
2025-02-10T00:00:00Z,1.43322,1.43576,1.43222,1.43427,25827
2025-02-10T04:00:00Z,1.43426,1.43586,1.43304,1.43469,17133
2025-02-10T08:00:00Z,1.43468,1.43479,1.43147,1.43395,25445
2025-02-10T12:00:00Z,1.43396,1.43443,1.43190,1.43199,27202
2025-02-10T16:00:00Z,1.43199,1.43254,1.43048,1.43076,18264
2025-02-10T20:00:00Z,1.43077,1.43386,1.43040,1.43386,9202
2025-02-11T00:00:00Z,1.43381,1.43401,1.43256,1.43339,12481
2025-02-11T04:00:00Z,1.43339,1.43376,1.43259,1.43329,14636
2025-02-11T08:00:00Z,1.43330,1.43451,1.43240,1.43273,25393
2025-02-11T12:00:00Z,1.43274,1.43392,1.43077,1.43139,35064
2025-02-11T16:00:00Z,1.43138,1.43147,1.42786,1.42934,23716
2025-02-11T20:00:00Z,1.42933,1.42943,1.42792,1.42865,10029
2025-02-12T00:00:00Z,1.42864,1.42958,1.42791,1.42863,13811
2025-02-12T04:00:00Z,1.42864,1.42977,1.42856,1.42908,17054
2025-02-12T08:00:00Z,1.42906,1.43149,1.42863,1.42946,27624
2025-02-12T12:00:00Z,1.42949,1.43419,1.42853,1.42949,51573
2025-02-12T16:00:00Z,1.42948,1.43140,1.42550,1.42842,44030
2025-02-12T20:00:00Z,1.42840,1.43098,1.42791,1.42997,11904
2025-02-13T00:00:00Z,1.42998,1.43014,1.42681,1.42682,18687
2025-02-13T04:00:00Z,1.42683,1.42744,1.42543,1.42701,24700
2025-02-13T08:00:00Z,1.42702,1.43032,1.42699,1.42938,27654
2025-02-13T12:00:00Z,1.42938,1.43027,1.42101,1.42216,48781
2025-02-13T16:00:00Z,1.42216,1.42625,1.42116,1.42307,38876
2025-02-13T20:00:00Z,1.42308,1.42328,1.41825,1.41922,13431
2025-02-14T00:00:00Z,1.41925,1.41998,1.41812,1.41820,19869
2025-02-14T04:00:00Z,1.41820,1.41912,1.41633,1.41662,18404
2025-02-14T08:00:00Z,1.41662,1.41910,1.41563,1.41824,31686
2025-02-14T12:00:00Z,1.41825,1.41891,1.41503,1.41664,42458
2025-02-14T16:00:00Z,1.41665,1.41780,1.41567,1.41594,20421
2025-02-14T20:00:00Z,1.41596,1.41862,1.41593,1.41803,6046
2025-02-16T20:00:00Z,1.41682,1.41891,1.41682,1.41807,5778
2025-02-17T00:00:00Z,1.41812,1.41835,1.41590,1.41709,23284
2025-02-17T04:00:00Z,1.41708,1.41851,1.41617,1.41837,21508
2025-02-17T08:00:00Z,1.41837,1.41936,1.41811,1.41855,21753
2025-02-17T12:00:00Z,1.41853,1.41926,1.41809,1.41868,18748
2025-02-17T16:00:00Z,1.41868,1.41892,1.41786,1.41838,5821
2025-02-17T20:00:00Z,1.41839,1.41932,1.41596,1.41845,3893
2025-02-18T00:00:00Z,1.41846,1.42061,1.41817,1.41987,23970
2025-02-18T04:00:00Z,1.41986,1.42078,1.41815,1.41936,21060
2025-02-18T08:00:00Z,1.41939,1.41977,1.41792,1.41857,26758
2025-02-18T12:00:00Z,1.41856,1.42123,1.41824,1.41880,35962
2025-02-18T16:00:00Z,1.41879,1.41970,1.41837,1.41878,22742
2025-02-18T20:00:00Z,1.41878,1.41979,1.41828,1.41896,10026
2025-02-19T00:00:00Z,1.41896,1.41980,1.41792,1.41801,24671
2025-02-19T04:00:00Z,1.41799,1.41854,1.41750,1.41853,15752
2025-02-19T08:00:00Z,1.41852,1.42107,1.41836,1.42093,23152
2025-02-19T12:00:00Z,1.42093,1.42212,1.41915,1.42205,43466
2025-02-19T16:00:00Z,1.42204,1.42450,1.42172,1.42306,32216
2025-02-19T20:00:00Z,1.42307,1.42431,1.42233,1.42406,12046
2025-02-20T00:00:00Z,1.42407,1.42442,1.42197,1.42219,29697
2025-02-20T04:00:00Z,1.42219,1.42297,1.42155,1.42266,24651
2025-02-20T08:00:00Z,1.42266,1.42268,1.42032,1.42138,30660
2025-02-20T12:00:00Z,1.42139,1.42228,1.41827,1.41896,44765
2025-02-20T16:00:00Z,1.41895,1.42007,1.41701,1.41741,25093
2025-02-20T20:00:00Z,1.41739,1.41802,1.41658,1.41745,10557
2025-02-21T00:00:00Z,1.41747,1.41876,1.41676,1.41711,28922
2025-02-21T04:00:00Z,1.41710,1.41938,1.41684,1.41852,24414
2025-02-21T08:00:00Z,1.41852,1.41988,1.41795,1.41956,32338
2025-02-21T12:00:00Z,1.41956,1.42080,1.41713,1.42025,44169
2025-02-21T16:00:00Z,1.42024,1.42348,1.41924,1.42289,39632
2025-02-21T20:00:00Z,1.42291,1.42357,1.42178,1.42189,12713
2025-02-23T20:00:00Z,1.42197,1.42255,1.42044,1.42101,5594
2025-02-24T00:00:00Z,1.42101,1.42127,1.41814,1.41850,34200
2025-02-24T04:00:00Z,1.41850,1.41997,1.41832,1.41927,24293
2025-02-24T08:00:00Z,1.41927,1.42204,1.41918,1.42135,33489
2025-02-24T12:00:00Z,1.42135,1.42443,1.42060,1.42349,48446
2025-02-24T16:00:00Z,1.42348,1.42392,1.42064,1.42280,29122
2025-02-24T20:00:00Z,1.42279,1.42786,1.42248,1.42774,17441
2025-02-25T00:00:00Z,1.42773,1.42783,1.42391,1.42493,25900
2025-02-25T04:00:00Z,1.42493,1.42702,1.42413,1.42687,20865
2025-02-25T08:00:00Z,1.42689,1.42740,1.42429,1.42465,32438
2025-02-25T12:00:00Z,1.42466,1.42950,1.42448,1.42938,51175
2025-02-25T16:00:00Z,1.42938,1.43160,1.42796,1.43022,39880
2025-02-25T20:00:00Z,1.43025,1.43169,1.42909,1.43014,16431
2025-02-26T00:00:00Z,1.43013,1.43259,1.42933,1.43244,22953
2025-02-26T04:00:00Z,1.43243,1.43329,1.43163,1.43284,21397
2025-02-26T08:00:00Z,1.43284,1.43442,1.43166,1.43420,31662
2025-02-26T12:00:00Z,1.43419,1.43569,1.43249,1.43491,42074
2025-02-26T16:00:00Z,1.43489,1.43652,1.42985,1.43334,56060
2025-02-26T20:00:00Z,1.43333,1.43677,1.43311,1.43380,15179
2025-02-27T00:00:00Z,1.43379,1.43589,1.43379,1.43581,32191
2025-02-27T04:00:00Z,1.43580,1.43629,1.43337,1.43383,25595
2025-02-27T08:00:00Z,1.43382,1.43431,1.43217,1.43399,26692
2025-02-27T12:00:00Z,1.43399,1.44370,1.43328,1.44262,64868
2025-02-27T16:00:00Z,1.44263,1.44420,1.44117,1.44404,35229
2025-02-27T20:00:00Z,1.44406,1.44485,1.44318,1.44461,11362
2025-02-28T00:00:00Z,1.44457,1.44520,1.44288,1.44459,32528
2025-02-28T04:00:00Z,1.44459,1.44526,1.44364,1.44416,27265
2025-02-28T08:00:00Z,1.44419,1.44504,1.44283,1.44295,34750
2025-02-28T12:00:00Z,1.44295,1.44475,1.43993,1.44024,53657
2025-02-28T16:00:00Z,1.44025,1.44620,1.44009,1.44585,50543
2025-02-28T20:00:00Z,1.44585,1.44714,1.44553,1.44620,13049
2025-03-02T20:00:00Z,1.44422,1.44489,1.44350,1.44431,6803
2025-03-03T00:00:00Z,1.44431,1.44526,1.44298,1.44433,30771
2025-03-03T04:00:00Z,1.44434,1.44528,1.44341,1.44400,20347
2025-03-03T08:00:00Z,1.44400,1.44462,1.44210,1.44345,33254
2025-03-03T12:00:00Z,1.44347,1.44393,1.43682,1.44010,51412
2025-03-03T16:00:00Z,1.44008,1.45002,1.43963,1.44994,47673
2025-03-03T20:00:00Z,1.44995,1.45413,1.44747,1.44935,37432
2025-03-04T00:00:00Z,1.44936,1.45055,1.44826,1.45027,44194
2025-03-04T04:00:00Z,1.45026,1.45211,1.44698,1.44856,42222
2025-03-04T08:00:00Z,1.44857,1.45027,1.44062,1.44075,46443
2025-03-04T12:00:00Z,1.44075,1.45018,1.44072,1.44975,72247
2025-03-04T16:00:00Z,1.44975,1.45425,1.44844,1.44879,65133
2025-03-04T20:00:00Z,1.44878,1.44882,1.43700,1.43982,32165
2025-03-05T00:00:00Z,1.43979,1.44495,1.43970,1.44238,42282
2025-03-05T04:00:00Z,1.44241,1.44326,1.43886,1.44014,34476
2025-03-05T08:00:00Z,1.44014,1.44125,1.43765,1.43933,42255
2025-03-05T12:00:00Z,1.43931,1.44361,1.43410,1.43950,86589
2025-03-05T16:00:00Z,1.43950,1.44190,1.43301,1.43353,79178
2025-03-05T20:00:00Z,1.43355,1.43452,1.43294,1.43395,20451
2025-03-06T00:00:00Z,1.43394,1.43530,1.43086,1.43275,30181
2025-03-06T04:00:00Z,1.43274,1.43445,1.43238,1.43438,29177
2025-03-06T08:00:00Z,1.43438,1.43678,1.43392,1.43634,47511
2025-03-06T12:00:00Z,1.43634,1.43764,1.42609,1.42691,76187
2025-03-06T16:00:00Z,1.42691,1.43175,1.42380,1.43024,56870
2025-03-06T20:00:00Z,1.43025,1.43138,1.42873,1.42926,17964
2025-03-07T00:00:00Z,1.42928,1.43106,1.42877,1.43090,19729
2025-03-07T04:00:00Z,1.43092,1.43190,1.42971,1.43027,21131
2025-03-07T08:00:00Z,1.43027,1.43200,1.42788,1.43177,31669
2025-03-07T12:00:00Z,1.43172,1.43764,1.43117,1.43613,71430
2025-03-07T16:00:00Z,1.43614,1.44260,1.43614,1.43650,55722
2025-03-07T20:00:00Z,1.43649,1.43824,1.43510,1.43649,10457
2025-03-09T20:00:00Z,1.43507,1.43870,1.43502,1.43731,14139
2025-03-10T00:00:00Z,1.43731,1.43783,1.43538,1.43664,28507
2025-03-10T04:00:00Z,1.43664,1.43700,1.43565,1.43590,23216
2025-03-10T08:00:00Z,1.43587,1.43941,1.43526,1.43938,45379
2025-03-10T12:00:00Z,1.43944,1.44339,1.43879,1.44308,57084
2025-03-10T16:00:00Z,1.44307,1.44722,1.44226,1.44396,42570
2025-03-10T20:00:00Z,1.44396,1.44492,1.44258,1.44260,11642
2025-03-11T00:00:00Z,1.44259,1.44464,1.44155,1.44285,32823
2025-03-11T04:00:00Z,1.44286,1.44453,1.44095,1.44134,38046
2025-03-11T08:00:00Z,1.44136,1.44257,1.43985,1.43988,46360
2025-03-11T12:00:00Z,1.43989,1.45205,1.43931,1.44628,88604
2025-03-11T16:00:00Z,1.44627,1.45040,1.43786,1.44116,62986
2025-03-11T20:00:00Z,1.44114,1.44380,1.44046,1.44347,9731
2025-03-12T00:00:00Z,1.44347,1.44490,1.44270,1.44484,21950
2025-03-12T04:00:00Z,1.44483,1.44844,1.44385,1.44509,25482
2025-03-12T08:00:00Z,1.44513,1.44590,1.44063,1.44114,29742
2025-03-12T12:00:00Z,1.44114,1.44301,1.43657,1.43972,69513
2025-03-12T16:00:00Z,1.43971,1.44014,1.43527,1.43758,34183
2025-03-12T20:00:00Z,1.43757,1.43780,1.43580,1.43590,7296
2025-03-13T00:00:00Z,1.43589,1.43873,1.43587,1.43872,26967
2025-03-13T04:00:00Z,1.43872,1.44039,1.43836,1.43965,37309
2025-03-13T08:00:00Z,1.43964,1.44004,1.43663,1.43776,43482
2025-03-13T12:00:00Z,1.43776,1.44059,1.43645,1.43987,68089
2025-03-13T16:00:00Z,1.43986,1.44510,1.43959,1.44347,41688
2025-03-13T20:00:00Z,1.44346,1.44453,1.44246,1.44265,9348
2025-03-14T00:00:00Z,1.44266,1.44411,1.44257,1.44269,34464
2025-03-14T04:00:00Z,1.44270,1.44356,1.44167,1.44214,36542
2025-03-14T08:00:00Z,1.44215,1.44360,1.44103,1.44187,42718
2025-03-14T12:00:00Z,1.44188,1.44242,1.43759,1.43782,53409
2025-03-14T16:00:00Z,1.43781,1.43942,1.43575,1.43627,28646
2025-03-14T20:00:00Z,1.43629,1.43809,1.43547,1.43672,5867
2025-03-16T20:00:00Z,1.43731,1.43763,1.43573,1.43733,9243
2025-03-17T00:00:00Z,1.43734,1.43782,1.43642,1.43741,23723
2025-03-17T04:00:00Z,1.43739,1.43799,1.43593,1.43626,23613
2025-03-17T08:00:00Z,1.43625,1.43702,1.43466,1.43477,27933
2025-03-17T12:00:00Z,1.43477,1.43510,1.42891,1.42989,42095
2025-03-17T16:00:00Z,1.42990,1.43021,1.42750,1.42830,21003
2025-03-17T20:00:00Z,1.42830,1.42995,1.42808,1.42980,9585
2025-03-18T00:00:00Z,1.42980,1.43071,1.42879,1.43048,20553
2025-03-18T04:00:00Z,1.43048,1.43073,1.42910,1.42933,16389
2025-03-18T08:00:00Z,1.42932,1.42979,1.42721,1.42871,22961
2025-03-18T12:00:00Z,1.42871,1.43183,1.42598,1.43118,48250
2025-03-18T16:00:00Z,1.43118,1.43190,1.42917,1.42950,24430
2025-03-18T20:00:00Z,1.42946,1.43027,1.42907,1.42993,7974
2025-03-19T00:00:00Z,1.42992,1.43127,1.42951,1.43093,16301
2025-03-19T04:00:00Z,1.43091,1.43307,1.43068,1.43262,19464
2025-03-19T08:00:00Z,1.43262,1.43344,1.43078,1.43190,30212
2025-03-19T12:00:00Z,1.43188,1.43373,1.43092,1.43291,31196
2025-03-19T16:00:00Z,1.43290,1.43485,1.43077,1.43241,42897
2025-03-19T20:00:00Z,1.43242,1.43309,1.43139,1.43224,9016
2025-03-20T00:00:00Z,1.43223,1.43347,1.43171,1.43239,22435
2025-03-20T04:00:00Z,1.43239,1.43489,1.43196,1.43404,17493
2025-03-20T08:00:00Z,1.43401,1.43903,1.43396,1.43751,34317
2025-03-20T12:00:00Z,1.43751,1.44012,1.43266,1.43271,44665
2025-03-20T16:00:00Z,1.43271,1.43358,1.43122,1.43153,25705
2025-03-20T20:00:00Z,1.43155,1.43295,1.43145,1.43243,9598
2025-03-21T00:00:00Z,1.43244,1.43286,1.43139,1.43268,21533
2025-03-21T04:00:00Z,1.43267,1.43433,1.43172,1.43221,22965
2025-03-21T08:00:00Z,1.43222,1.43441,1.43131,1.43372,24930
2025-03-21T12:00:00Z,1.43374,1.43725,1.43313,1.43571,44344
2025-03-21T16:00:00Z,1.43575,1.43608,1.43318,1.43421,24343
2025-03-21T20:00:00Z,1.43425,1.43566,1.43366,1.43473,3334
2025-03-23T20:00:00Z,1.43501,1.43514,1.43288,1.43330,4842
2025-03-24T00:00:00Z,1.43329,1.43485,1.43262,1.43470,16007
2025-03-24T04:00:00Z,1.43468,1.43503,1.43258,1.43310,16353
2025-03-24T08:00:00Z,1.43312,1.43383,1.43148,1.43253,23155
2025-03-24T12:00:00Z,1.43252,1.43459,1.42887,1.42930,40630
2025-03-24T16:00:00Z,1.42931,1.43270,1.42917,1.43172,28507
2025-03-24T20:00:00Z,1.43171,1.43229,1.43086,1.43161,10753
2025-03-25T00:00:00Z,1.43163,1.43268,1.43104,1.43170,19906
2025-03-25T04:00:00Z,1.43171,1.43313,1.43155,1.43235,17813
2025-03-25T08:00:00Z,1.43233,1.43321,1.42804,1.42853,29300
2025-03-25T12:00:00Z,1.42852,1.43135,1.42704,1.43082,30764
2025-03-25T16:00:00Z,1.43082,1.43089,1.42788,1.42788,19047
2025-03-25T20:00:00Z,1.42793,1.42858,1.42701,1.42726,6713
2025-03-26T00:00:00Z,1.42725,1.42978,1.42697,1.42737,21292
2025-03-26T04:00:00Z,1.42735,1.42788,1.42465,1.42499,21007
2025-03-26T08:00:00Z,1.42494,1.42580,1.42442,1.42539,23160
2025-03-26T12:00:00Z,1.42536,1.42717,1.42346,1.42553,39286
2025-03-26T16:00:00Z,1.42554,1.42971,1.42548,1.42818,32854
2025-03-26T20:00:00Z,1.42817,1.43160,1.42613,1.42957,19587
2025-03-27T00:00:00Z,1.42958,1.42978,1.42620,1.42663,28758
2025-03-27T04:00:00Z,1.42664,1.42973,1.42591,1.42972,28529
2025-03-27T08:00:00Z,1.42970,1.43055,1.42754,1.42759,31778
2025-03-27T12:00:00Z,1.42760,1.43286,1.42754,1.43179,44777
2025-03-27T16:00:00Z,1.43179,1.43211,1.42993,1.43101,24584
2025-03-27T20:00:00Z,1.43104,1.43127,1.42945,1.43064,5685
2025-03-28T00:00:00Z,1.43066,1.43154,1.43064,1.43119,19855
2025-03-28T04:00:00Z,1.43120,1.43287,1.43090,1.43279,18413
2025-03-28T08:00:00Z,1.43278,1.43325,1.43183,1.43199,23219
2025-03-28T12:00:00Z,1.43199,1.43260,1.42760,1.42833,50426
2025-03-28T16:00:00Z,1.42833,1.43238,1.42759,1.43158,24233
2025-03-28T20:00:00Z,1.43157,1.43227,1.43125,1.43157,3423
2025-03-30T20:00:00Z,1.42982,1.43287,1.42920,1.43091,12675
2025-03-31T00:00:00Z,1.43092,1.43182,1.42987,1.43173,32156
2025-03-31T04:00:00Z,1.43172,1.43433,1.43088,1.43376,30634
2025-03-31T08:00:00Z,1.43376,1.43607,1.43360,1.43516,30021
2025-03-31T12:00:00Z,1.43517,1.43949,1.43517,1.43796,52171
2025-03-31T16:00:00Z,1.43795,1.43899,1.43651,1.43880,30782
2025-03-31T20:00:00Z,1.43879,1.43958,1.43775,1.43902,8762
2025-04-01T00:00:00Z,1.43904,1.43998,1.43764,1.43809,23876
2025-04-01T04:00:00Z,1.43809,1.44024,1.43724,1.44005,25556
2025-04-01T08:00:00Z,1.44006,1.44039,1.43657,1.43936,30988
2025-04-01T12:00:00Z,1.43935,1.44146,1.43048,1.43169,52988
2025-04-01T16:00:00Z,1.43168,1.43434,1.43070,1.43073,37141
2025-04-01T20:00:00Z,1.43077,1.43146,1.42882,1.42934,10493
2025-04-02T00:00:00Z,1.42935,1.43072,1.42919,1.43013,23330
2025-04-02T04:00:00Z,1.43014,1.43173,1.42928,1.43041,20098
2025-04-02T08:00:00Z,1.43039,1.43313,1.42989,1.43188,22803
2025-04-02T12:00:00Z,1.43189,1.43341,1.42953,1.43107,46600
2025-04-02T16:00:00Z,1.43109,1.43293,1.43072,1.43183,26570
2025-04-02T20:00:00Z,1.43183,1.43659,1.42146,1.42164,58156
2025-04-03T00:00:00Z,1.42163,1.42581,1.42163,1.42447,59422
2025-04-03T04:00:00Z,1.42449,1.42553,1.41645,1.41647,45905
2025-04-03T08:00:00Z,1.41647,1.41653,1.40836,1.40925,50906
2025-04-03T12:00:00Z,1.40926,1.41031,1.40269,1.40638,79965
2025-04-03T16:00:00Z,1.40638,1.41038,1.40447,1.40848,39503
2025-04-03T20:00:00Z,1.40848,1.40971,1.40755,1.40828,11149
2025-04-04T00:00:00Z,1.40828,1.40985,1.40528,1.40808,40565
2025-04-04T04:00:00Z,1.40809,1.41494,1.40771,1.41465,46570
2025-04-04T08:00:00Z,1.41467,1.42088,1.41269,1.41839,91111
2025-04-04T12:00:00Z,1.41838,1.42411,1.41687,1.41886,127563
2025-04-04T16:00:00Z,1.41950,1.42538,1.41810,1.42295,85040
2025-04-04T20:00:00Z,1.42295,1.42580,1.42165,1.42232,11106
2025-04-06T20:00:00Z,1.42579,1.42691,1.42040,1.42414,43309
2025-04-07T00:00:00Z,1.42412,1.42577,1.42188,1.42376,84495
2025-04-07T04:00:00Z,1.42375,1.42558,1.41956,1.42236,70050
2025-04-07T08:00:00Z,1.42234,1.42685,1.42123,1.42575,78691
2025-04-07T12:00:00Z,1.42573,1.42959,1.41782,1.42257,144843
2025-04-07T16:00:00Z,1.42257,1.42507,1.41847,1.42414,90957
2025-04-07T20:00:00Z,1.42412,1.42541,1.42315,1.42383,18446
2025-04-08T00:00:00Z,1.42385,1.42402,1.41649,1.41699,45000
2025-04-08T04:00:00Z,1.41700,1.41920,1.41495,1.41916,49066
2025-04-08T08:00:00Z,1.41915,1.42034,1.41669,1.41764,52887
2025-04-08T12:00:00Z,1.41762,1.42228,1.41427,1.41981,81496
2025-04-08T16:00:00Z,1.41982,1.42616,1.41809,1.42490,87808
2025-04-08T20:00:00Z,1.42489,1.42713,1.42418,1.42557,21448
2025-04-09T00:00:00Z,1.42557,1.42731,1.42056,1.42425,55490
2025-04-09T04:00:00Z,1.42426,1.42481,1.41928,1.42003,75481
2025-04-09T08:00:00Z,1.42005,1.42232,1.41758,1.42013,73236
2025-04-09T12:00:00Z,1.42022,1.42117,1.41318,1.41880,84965
2025-04-09T16:00:00Z,1.41879,1.41908,1.40734,1.41107,95708
2025-04-09T20:00:00Z,1.41102,1.41211,1.40733,1.41021,28634
2025-04-10T00:00:00Z,1.41024,1.41095,1.40757,1.40784,42441
2025-04-10T04:00:00Z,1.40783,1.40858,1.40516,1.40625,43170
2025-04-10T08:00:00Z,1.40627,1.40945,1.40492,1.40837,41626
2025-04-10T12:00:00Z,1.40836,1.40878,1.39910,1.40100,90142
2025-04-10T16:00:00Z,1.40105,1.40183,1.39506,1.39774,78623
2025-04-10T20:00:00Z,1.39778,1.40035,1.39510,1.39519,31473
2025-04-11T00:00:00Z,1.39519,1.39635,1.39071,1.39490,56207
2025-04-11T04:00:00Z,1.39489,1.39842,1.38935,1.38969,52100
2025-04-11T08:00:00Z,1.38969,1.39327,1.38718,1.38774,58890
2025-04-11T12:00:00Z,1.38775,1.39270,1.38388,1.38967,89540
2025-04-11T16:00:00Z,1.38968,1.39326,1.38712,1.38891,40601
2025-04-11T20:00:00Z,1.38893,1.38909,1.38533,1.38597,5159
2025-04-13T20:00:00Z,1.38506,1.38838,1.38506,1.38741,14573
2025-04-14T00:00:00Z,1.38742,1.38772,1.38484,1.38573,33068
2025-04-14T04:00:00Z,1.38571,1.38759,1.38281,1.38341,24139
2025-04-14T08:00:00Z,1.38342,1.38741,1.38311,1.38673,19734
2025-04-14T12:00:00Z,1.38671,1.39033,1.38614,1.38939,51891
2025-04-14T16:00:00Z,1.38938,1.39102,1.38626,1.38718,35420
2025-04-14T20:00:00Z,1.38718,1.39081,1.38607,1.39007,12275
2025-04-15T00:00:00Z,1.39006,1.39020,1.38683,1.38719,23439
2025-04-15T04:00:00Z,1.38718,1.38778,1.38498,1.38585,24247
2025-04-15T08:00:00Z,1.38585,1.38784,1.38495,1.38721,25153
2025-04-15T12:00:00Z,1.38721,1.39575,1.38677,1.39446,41928
2025-04-15T16:00:00Z,1.39445,1.39771,1.39405,1.39661,25396
2025-04-15T20:00:00Z,1.39661,1.39666,1.39475,1.39574,10447
2025-04-16T00:00:00Z,1.39576,1.39592,1.39393,1.39396,24383
2025-04-16T04:00:00Z,1.39393,1.39420,1.39116,1.39116,27262
2025-04-16T08:00:00Z,1.39116,1.39239,1.39033,1.39217,31648
2025-04-16T12:00:00Z,1.39218,1.39296,1.38726,1.38832,49793
2025-04-16T16:00:00Z,1.38832,1.38981,1.38584,1.38618,42073
2025-04-16T20:00:00Z,1.38616,1.38749,1.38518,1.38592,10927
2025-04-17T00:00:00Z,1.38591,1.38868,1.38552,1.38863,17284
2025-04-17T04:00:00Z,1.38864,1.38959,1.38648,1.38706,17351
2025-04-17T08:00:00Z,1.38706,1.39057,1.38675,1.39004,17221
2025-04-17T12:00:00Z,1.39002,1.39002,1.38494,1.38564,43898
2025-04-17T16:00:00Z,1.38563,1.38606,1.38275,1.38396,22618
2025-04-17T20:00:00Z,1.38399,1.38469,1.38273,1.38423,8295
2025-04-18T00:00:00Z,1.38422,1.38605,1.38372,1.38593,106934
2025-04-18T04:00:00Z,1.38593,1.38663,1.38442,1.38638,99568
2025-04-18T08:00:00Z,1.38638,1.38677,1.38452,1.38618,80769
2025-04-18T12:00:00Z,1.38617,1.38691,1.38442,1.38486,39874
2025-04-18T16:00:00Z,1.38486,1.38544,1.38404,1.38449,40845
2025-04-18T20:00:00Z,1.38450,1.38456,1.38315,1.38413,8752
2025-04-20T20:00:00Z,1.38392,1.38429,1.38215,1.38246,10780
2025-04-21T00:00:00Z,1.38247,1.38254,1.37939,1.37956,21240
2025-04-21T04:00:00Z,1.37956,1.38031,1.37906,1.37982,13491
2025-04-21T08:00:00Z,1.37984,1.38146,1.37805,1.38071,18090
2025-04-21T12:00:00Z,1.38071,1.38189,1.37845,1.38174,28258
2025-04-21T16:00:00Z,1.38174,1.38492,1.38162,1.38344,21234
2025-04-21T20:00:00Z,1.38345,1.38432,1.38315,1.38330,8524
2025-04-22T00:00:00Z,1.38330,1.38452,1.38002,1.38052,21189
2025-04-22T04:00:00Z,1.38052,1.38206,1.37923,1.38107,25185
2025-04-22T08:00:00Z,1.38107,1.38472,1.38085,1.38424,19901
2025-04-22T12:00:00Z,1.38423,1.38611,1.38010,1.38011,31689
2025-04-22T16:00:00Z,1.38010,1.38326,1.37964,1.38241,29915
2025-04-22T20:00:00Z,1.38239,1.38596,1.38079,1.38481,21564
2025-04-23T00:00:00Z,1.38478,1.38482,1.38195,1.38399,18984
2025-04-23T04:00:00Z,1.38397,1.38466,1.38087,1.38171,17089
2025-04-23T08:00:00Z,1.38169,1.38355,1.37978,1.38230,20584
2025-04-23T12:00:00Z,1.38231,1.38955,1.38190,1.38942,51200
2025-04-23T16:00:00Z,1.38942,1.39043,1.38805,1.38864,26933
2025-04-23T20:00:00Z,1.38862,1.38893,1.38686,1.38745,10784
2025-04-24T00:00:00Z,1.38743,1.38808,1.38622,1.38707,19279
2025-04-24T04:00:00Z,1.38707,1.38745,1.38400,1.38407,22730
2025-04-24T08:00:00Z,1.38406,1.38642,1.38393,1.38641,21789
2025-04-24T12:00:00Z,1.38640,1.38966,1.38497,1.38894,32910
2025-04-24T16:00:00Z,1.38893,1.38986,1.38466,1.38565,20181
2025-04-24T20:00:00Z,1.38565,1.38587,1.38416,1.38549,8367
2025-04-25T00:00:00Z,1.38549,1.38727,1.38547,1.38707,15098
2025-04-25T04:00:00Z,1.38706,1.38889,1.38580,1.38771,19199
2025-04-25T08:00:00Z,1.38770,1.38919,1.38709,1.38729,23273
2025-04-25T12:00:00Z,1.38730,1.38754,1.38492,1.38581,33028
2025-04-25T16:00:00Z,1.38583,1.38756,1.38535,1.38606,20519
2025-04-25T20:00:00Z,1.38609,1.38622,1.38491,1.38517,2556
2025-04-27T20:00:00Z,1.38565,1.38718,1.38491,1.38703,5423
2025-04-28T00:00:00Z,1.38704,1.38841,1.38685,1.38744,13236
2025-04-28T04:00:00Z,1.38744,1.38869,1.38619,1.38802,15662
2025-04-28T08:00:00Z,1.38804,1.38922,1.38629,1.38660,14579
2025-04-28T12:00:00Z,1.38660,1.38720,1.38244,1.38583,34534
2025-04-28T16:00:00Z,1.38584,1.38616,1.38160,1.38175,21477
2025-04-28T20:00:00Z,1.38176,1.38354,1.38163,1.38315,6535
2025-04-29T00:00:00Z,1.38317,1.38662,1.38080,1.38569,19625
2025-04-29T04:00:00Z,1.38568,1.38709,1.38183,1.38189,20307
2025-04-29T08:00:00Z,1.38187,1.38516,1.38158,1.38487,22229
2025-04-29T12:00:00Z,1.38487,1.38670,1.38270,1.38536,40263
2025-04-29T16:00:00Z,1.38535,1.38597,1.38359,1.38368,20388
2025-04-29T20:00:00Z,1.38370,1.38406,1.38236,1.38254,8357
2025-04-30T00:00:00Z,1.38255,1.38457,1.38197,1.38413,13937
2025-04-30T04:00:00Z,1.38414,1.38418,1.38165,1.38319,13151
2025-04-30T08:00:00Z,1.38317,1.38428,1.38253,1.38311,16934
2025-04-30T12:00:00Z,1.38310,1.38549,1.38021,1.38077,47332
2025-04-30T16:00:00Z,1.38077,1.38181,1.37694,1.37846,23270
2025-04-30T20:00:00Z,1.37846,1.38006,1.37819,1.37933,9307
2025-05-01T00:00:00Z,1.37932,1.37998,1.37836,1.37959,10378
2025-05-01T04:00:00Z,1.37960,1.38156,1.37922,1.38119,15695
2025-05-01T08:00:00Z,1.38119,1.38246,1.38062,1.38173,14042
2025-05-01T12:00:00Z,1.38174,1.38619,1.37956,1.38477,36610
2025-05-01T16:00:00Z,1.38476,1.38608,1.38347,1.38435,17373
2025-05-01T20:00:00Z,1.38433,1.38547,1.38371,1.38479,5956
2025-05-02T00:00:00Z,1.38479,1.38492,1.38143,1.38160,17703
2025-05-02T04:00:00Z,1.38160,1.38234,1.38025,1.38167,15411
2025-05-02T08:00:00Z,1.38166,1.38341,1.38045,1.38203,14931
2025-05-02T12:00:00Z,1.38203,1.38387,1.37596,1.37913,43390
2025-05-02T16:00:00Z,1.37913,1.38168,1.37814,1.38080,20157
2025-05-02T20:00:00Z,1.38080,1.38198,1.38062,1.38119,2490
2025-05-04T20:00:00Z,1.37899,1.38273,1.37868,1.38241,6382
2025-05-05T00:00:00Z,1.38242,1.38285,1.37933,1.38051,13132
2025-05-05T04:00:00Z,1.38053,1.38181,1.37877,1.38154,14122
2025-05-05T08:00:00Z,1.38155,1.38162,1.37859,1.37978,12142
2025-05-05T12:00:00Z,1.37979,1.38294,1.37895,1.38113,27732
2025-05-05T16:00:00Z,1.38113,1.38211,1.38072,1.38115,10802
2025-05-05T20:00:00Z,1.38115,1.38281,1.38096,1.38220,3561
2025-05-06T00:00:00Z,1.38220,1.38445,1.38204,1.38227,18005
2025-05-06T04:00:00Z,1.38228,1.38304,1.38091,1.38142,20130
2025-05-06T08:00:00Z,1.38143,1.38320,1.38018,1.38032,19463
2025-05-06T12:00:00Z,1.38032,1.38087,1.37705,1.37748,28705
2025-05-06T16:00:00Z,1.37751,1.37900,1.37499,1.37696,25769
2025-05-06T20:00:00Z,1.37696,1.37823,1.37558,1.37707,15078
2025-05-07T00:00:00Z,1.37707,1.37982,1.37671,1.37909,22197
2025-05-07T04:00:00Z,1.37910,1.37967,1.37821,1.37839,20517
2025-05-07T08:00:00Z,1.37837,1.38029,1.37807,1.37928,20687
2025-05-07T12:00:00Z,1.37928,1.38059,1.37722,1.37740,29967
2025-05-07T16:00:00Z,1.37742,1.38367,1.37742,1.38302,30831
2025-05-07T20:00:00Z,1.38302,1.38390,1.38273,1.38356,5252
2025-05-08T00:00:00Z,1.38357,1.38357,1.38130,1.38262,18529
2025-05-08T04:00:00Z,1.38262,1.38828,1.38243,1.38629,23044
2025-05-08T08:00:00Z,1.38629,1.38979,1.38576,1.38886,19715
2025-05-08T12:00:00Z,1.38884,1.39188,1.38683,1.39143,32672
2025-05-08T16:00:00Z,1.39143,1.39326,1.39133,1.39197,17316
2025-05-08T20:00:00Z,1.39194,1.39257,1.39080,1.39232,4891
2025-05-09T00:00:00Z,1.39231,1.39421,1.39180,1.39219,18646
2025-05-09T04:00:00Z,1.39218,1.39256,1.39118,1.39143,17328
2025-05-09T08:00:00Z,1.39142,1.39209,1.39095,1.39112,17053
2025-05-09T12:00:00Z,1.39111,1.39413,1.39059,1.39263,32114
2025-05-09T16:00:00Z,1.39260,1.39442,1.39194,1.39308,19578
2025-05-09T20:00:00Z,1.39309,1.39397,1.39277,1.39356,3678
2025-05-11T20:00:00Z,1.38971,1.39321,1.38971,1.39275,8883
2025-05-12T00:00:00Z,1.39274,1.39404,1.39206,1.39219,24422
2025-05-12T04:00:00Z,1.39218,1.39757,1.39133,1.39697,29474
2025-05-12T08:00:00Z,1.39697,1.39870,1.39522,1.39761,27249
2025-05-12T12:00:00Z,1.39761,1.40073,1.39758,1.40041,38823
2025-05-12T16:00:00Z,1.40042,1.40153,1.39817,1.39870,19270
2025-05-12T20:00:00Z,1.39870,1.39894,1.39696,1.39735,5258
2025-05-13T00:00:00Z,1.39734,1.39868,1.39633,1.39638,17960
2025-05-13T04:00:00Z,1.39636,1.39880,1.39574,1.39862,19199
2025-05-13T08:00:00Z,1.39862,1.39950,1.39796,1.39932,18871
2025-05-13T12:00:00Z,1.39931,1.40159,1.39559,1.39588,40148
2025-05-13T16:00:00Z,1.39587,1.39689,1.39317,1.39329,18198
2025-05-13T20:00:00Z,1.39331,1.39414,1.39263,1.39327,5983
2025-05-14T00:00:00Z,1.39327,1.39388,1.39196,1.39200,16167
2025-05-14T04:00:00Z,1.39199,1.39358,1.39174,1.39233,19779
2025-05-14T08:00:00Z,1.39233,1.39397,1.39012,1.39380,28342
2025-05-14T12:00:00Z,1.39380,1.39786,1.39256,1.39639,36555
2025-05-14T16:00:00Z,1.39643,1.39843,1.39589,1.39755,22568
2025-05-14T20:00:00Z,1.39754,1.39857,1.39607,1.39776,6272
2025-05-15T00:00:00Z,1.39776,1.39776,1.39584,1.39646,16541
2025-05-15T04:00:00Z,1.39646,1.39876,1.39633,1.39837,18868
2025-05-15T08:00:00Z,1.39837,1.39905,1.39768,1.39841,16487
2025-05-15T12:00:00Z,1.39840,1.40031,1.39753,1.39898,29722
2025-05-15T16:00:00Z,1.39897,1.40042,1.39593,1.39597,16716
2025-05-15T20:00:00Z,1.39598,1.39641,1.39513,1.39557,6007
2025-05-16T00:00:00Z,1.39556,1.39568,1.39420,1.39449,13672
2025-05-16T04:00:00Z,1.39449,1.39529,1.39347,1.39455,15427
2025-05-16T08:00:00Z,1.39456,1.39654,1.39456,1.39653,15933
2025-05-16T12:00:00Z,1.39653,1.39914,1.39489,1.39905,28855
2025-05-16T16:00:00Z,1.39903,1.39950,1.39806,1.39806,12698
2025-05-16T20:00:00Z,1.39805,1.39808,1.39626,1.39640,3833
2025-05-18T20:00:00Z,1.39653,1.39678,1.39508,1.39523,5636
2025-05-19T00:00:00Z,1.39524,1.39711,1.39512,1.39694,13851
2025-05-19T04:00:00Z,1.39696,1.39724,1.39479,1.39530,12123
2025-05-19T08:00:00Z,1.39528,1.39612,1.39387,1.39390,15869
2025-05-19T12:00:00Z,1.39390,1.39516,1.39169,1.39464,24784
2025-05-19T16:00:00Z,1.39463,1.39648,1.39410,1.39534,14733
2025-05-19T20:00:00Z,1.39534,1.39610,1.39194,1.39574,4109
2025-05-20T00:00:00Z,1.39580,1.39680,1.39562,1.39573,13239
2025-05-20T04:00:00Z,1.39573,1.39642,1.39328,1.39348,19304
2025-05-20T08:00:00Z,1.39348,1.39483,1.39317,1.39459,14027
2025-05-20T12:00:00Z,1.39461,1.39604,1.39170,1.39423,33114
2025-05-20T16:00:00Z,1.39423,1.39493,1.39138,1.39142,16701
2025-05-20T20:00:00Z,1.39143,1.39188,1.39073,1.39080,5272
2025-05-21T00:00:00Z,1.39082,1.39105,1.38859,1.38889,18191
2025-05-21T04:00:00Z,1.38889,1.38942,1.38780,1.38848,21337
2025-05-21T08:00:00Z,1.38848,1.38979,1.38675,1.38901,20037
2025-05-21T12:00:00Z,1.38899,1.38902,1.38221,1.38224,41430
2025-05-21T16:00:00Z,1.38224,1.38633,1.38137,1.38617,34399
2025-05-21T20:00:00Z,1.38617,1.38712,1.38492,1.38610,6422
2025-05-22T00:00:00Z,1.38611,1.38611,1.38456,1.38525,16199
2025-05-22T04:00:00Z,1.38526,1.38693,1.38460,1.38561,17000
2025-05-22T08:00:00Z,1.38563,1.38841,1.38477,1.38651,21165
2025-05-22T12:00:00Z,1.38651,1.38884,1.38560,1.38574,34765
2025-05-22T16:00:00Z,1.38572,1.38725,1.38545,1.38648,19197
2025-05-22T20:00:00Z,1.38648,1.38651,1.38462,1.38579,4957
2025-05-23T00:00:00Z,1.38581,1.38582,1.38297,1.38306,12291
2025-05-23T04:00:00Z,1.38309,1.38317,1.38089,1.38139,14257
2025-05-23T08:00:00Z,1.38139,1.38226,1.38021,1.38190,23376
2025-05-23T12:00:00Z,1.38190,1.38338,1.37506,1.37570,44874
2025-05-23T16:00:00Z,1.37569,1.37590,1.37088,1.37243,18649
2025-05-23T20:00:00Z,1.37246,1.37347,1.37235,1.37320,2818
2025-05-25T20:00:00Z,1.37140,1.37377,1.37140,1.37355,9507
2025-05-26T00:00:00Z,1.37355,1.37355,1.36897,1.37001,12165
2025-05-26T04:00:00Z,1.37001,1.37110,1.36857,1.37026,13353
2025-05-26T08:00:00Z,1.37025,1.37226,1.36977,1.37169,10591
2025-05-26T12:00:00Z,1.37167,1.37350,1.37145,1.37287,11885
2025-05-26T16:00:00Z,1.37288,1.37388,1.37285,1.37357,2805
2025-05-26T20:00:00Z,1.37358,1.37377,1.37306,1.37356,3373
2025-05-27T00:00:00Z,1.37356,1.37383,1.37215,1.37362,13396
2025-05-27T04:00:00Z,1.37365,1.37682,1.37310,1.37657,18123
2025-05-27T08:00:00Z,1.37655,1.37690,1.37575,1.37659,15237
2025-05-27T12:00:00Z,1.37658,1.37791,1.37542,1.37765,32480
2025-05-27T16:00:00Z,1.37764,1.38271,1.37705,1.38214,19359
2025-05-27T20:00:00Z,1.38214,1.38353,1.38025,1.38092,7955
2025-05-28T00:00:00Z,1.38092,1.38286,1.38009,1.38241,13264
2025-05-28T04:00:00Z,1.38241,1.38380,1.38150,1.38207,16858
2025-05-28T08:00:00Z,1.38205,1.38318,1.38113,1.38286,14952
2025-05-28T12:00:00Z,1.38284,1.38441,1.38084,1.38201,38987
2025-05-28T16:00:00Z,1.38202,1.38367,1.38169,1.38367,17921
2025-05-28T20:00:00Z,1.38368,1.38606,1.38300,1.38532,13335
2025-05-29T00:00:00Z,1.38530,1.38610,1.38424,1.38474,25106
2025-05-29T04:00:00Z,1.38475,1.38563,1.38162,1.38181,21873
2025-05-29T08:00:00Z,1.38181,1.38348,1.38161,1.38281,18514
2025-05-29T12:00:00Z,1.38280,1.38283,1.37845,1.38093,40902
2025-05-29T16:00:00Z,1.38094,1.38119,1.37962,1.38085,15474
2025-05-29T20:00:00Z,1.38086,1.38109,1.37986,1.38065,7142
2025-05-30T00:00:00Z,1.38063,1.38251,1.37999,1.38223,20939
2025-05-30T04:00:00Z,1.38220,1.38297,1.38106,1.38169,16520
2025-05-30T08:00:00Z,1.38169,1.38230,1.38073,1.38078,17482
2025-05-30T12:00:00Z,1.38079,1.38136,1.37387,1.37480,42396
2025-05-30T16:00:00Z,1.37478,1.37630,1.37136,1.37247,21842
2025-05-30T20:00:00Z,1.37247,1.37425,1.37212,1.37373,3250
2025-06-01T20:00:00Z,1.37361,1.37388,1.37217,1.37247,6432
2025-06-02T00:00:00Z,1.37247,1.37284,1.37037,1.37231,17819
2025-06-02T04:00:00Z,1.37226,1.37251,1.36738,1.36808,19916
2025-06-02T08:00:00Z,1.36806,1.37105,1.36741,1.37060,20579
2025-06-02T12:00:00Z,1.37058,1.37126,1.36891,1.36995,33896
2025-06-02T16:00:00Z,1.36993,1.37233,1.36987,1.37016,16167
2025-06-02T20:00:00Z,1.37017,1.37186,1.37005,1.37103,6084
2025-06-03T00:00:00Z,1.37103,1.37348,1.37103,1.37344,17063
2025-06-03T04:00:00Z,1.37342,1.37388,1.37224,1.37316,17178
2025-06-03T08:00:00Z,1.37315,1.37416,1.37221,1.37388,22019
2025-06-03T12:00:00Z,1.37387,1.37423,1.37007,1.37216,28165
2025-06-03T16:00:00Z,1.37216,1.37311,1.37137,1.37193,11322
2025-06-03T20:00:00Z,1.37192,1.37228,1.37108,1.37148,4213
2025-06-04T00:00:00Z,1.37149,1.37225,1.37053,1.37191,15548
2025-06-04T04:00:00Z,1.37189,1.37313,1.37097,1.37170,21506
2025-06-04T08:00:00Z,1.37168,1.37210,1.37032,1.37065,17765
2025-06-04T12:00:00Z,1.37063,1.37100,1.36615,1.36700,35604
2025-06-04T16:00:00Z,1.36701,1.36811,1.36521,1.36810,15782
2025-06-04T20:00:00Z,1.36811,1.36853,1.36698,1.36808,8341
2025-06-05T00:00:00Z,1.36808,1.36828,1.36690,1.36827,18500
2025-06-05T04:00:00Z,1.36827,1.36835,1.36589,1.36708,18958
2025-06-05T08:00:00Z,1.36707,1.36713,1.36522,1.36597,18554
2025-06-05T12:00:00Z,1.36597,1.36718,1.36341,1.36673,40061
2025-06-05T16:00:00Z,1.36674,1.36750,1.36560,1.36651,18419
2025-06-05T20:00:00Z,1.36650,1.36761,1.36637,1.36668,3925
2025-06-06T00:00:00Z,1.36667,1.36702,1.36597,1.36631,11424
2025-06-06T04:00:00Z,1.36631,1.36711,1.36605,1.36677,12683
2025-06-06T08:00:00Z,1.36677,1.36899,1.36677,1.36879,16388
2025-06-06T12:00:00Z,1.36878,1.37038,1.36658,1.36858,49889
2025-06-06T16:00:00Z,1.36857,1.37028,1.36840,1.36956,13819
2025-06-06T20:00:00Z,1.36957,1.37001,1.36899,1.36942,1878
2025-06-08T20:00:00Z,1.36898,1.36993,1.36893,1.36919,4214
2025-06-09T00:00:00Z,1.36918,1.36956,1.36765,1.36856,14268
2025-06-09T04:00:00Z,1.36856,1.36886,1.36772,1.36814,13208
2025-06-09T08:00:00Z,1.36814,1.36863,1.36689,1.36813,15454
2025-06-09T12:00:00Z,1.36811,1.37069,1.36731,1.36766,28034
2025-06-09T16:00:00Z,1.36765,1.36875,1.36702,1.36851,12200
2025-06-09T20:00:00Z,1.36852,1.37030,1.36838,1.37002,6727
2025-06-10T00:00:00Z,1.36999,1.37150,1.36935,1.37005,15722
2025-06-10T04:00:00Z,1.37003,1.37282,1.36989,1.37199,15221
2025-06-10T08:00:00Z,1.37200,1.37204,1.36861,1.36923,16342
2025-06-10T12:00:00Z,1.36924,1.36931,1.36676,1.36836,29172
2025-06-10T16:00:00Z,1.36837,1.36925,1.36708,1.36735,15276
2025-06-10T20:00:00Z,1.36736,1.36774,1.36636,1.36680,8356
2025-06-11T00:00:00Z,1.36679,1.36830,1.36651,1.36763,11572
2025-06-11T04:00:00Z,1.36764,1.36838,1.36735,1.36748,13971
2025-06-11T08:00:00Z,1.36750,1.36880,1.36737,1.36798,18996
2025-06-11T12:00:00Z,1.36798,1.36898,1.36495,1.36632,35154
2025-06-11T16:00:00Z,1.36632,1.36721,1.36493,1.36655,16569
2025-06-11T20:00:00Z,1.36662,1.36743,1.36605,1.36656,7076
2025-06-12T00:00:00Z,1.36656,1.36728,1.36576,1.36578,18866
2025-06-12T04:00:00Z,1.36584,1.36748,1.36443,1.36665,16433
2025-06-12T08:00:00Z,1.36664,1.36715,1.36246,1.36360,29291
2025-06-12T12:00:00Z,1.36357,1.36376,1.36082,1.36166,29047
2025-06-12T16:00:00Z,1.36165,1.36173,1.35993,1.36054,12076
2025-06-12T20:00:00Z,1.36052,1.36079,1.35946,1.35952,5414
2025-06-13T00:00:00Z,1.35954,1.36451,1.35916,1.36313,31609
2025-06-13T04:00:00Z,1.36314,1.36512,1.36168,1.36195,28255
2025-06-13T08:00:00Z,1.36194,1.36502,1.36119,1.36332,31099
2025-06-13T12:00:00Z,1.36331,1.36334,1.35743,1.35758,42109
2025-06-13T16:00:00Z,1.35759,1.36005,1.35658,1.35843,24614
2025-06-13T20:00:00Z,1.35843,1.35962,1.35780,1.35801,7599
2025-06-15T20:00:00Z,1.35779,1.35954,1.35758,1.35821,18722
2025-06-16T00:00:00Z,1.35823,1.36064,1.35803,1.36055,16620
2025-06-16T04:00:00Z,1.36055,1.36055,1.35712,1.35736,21381
2025-06-16T08:00:00Z,1.35737,1.35772,1.35639,1.35658,17955
2025-06-16T12:00:00Z,1.35657,1.35680,1.35394,1.35568,35741
2025-06-16T16:00:00Z,1.35567,1.35797,1.35495,1.35776,16207
2025-06-16T20:00:00Z,1.35778,1.35792,1.35645,1.35727,9694
2025-06-17T00:00:00Z,1.35726,1.35816,1.35692,1.35732,21080
2025-06-17T04:00:00Z,1.35732,1.35829,1.35666,1.35692,18216
2025-06-17T08:00:00Z,1.35692,1.35720,1.35559,1.35615,18114
2025-06-17T12:00:00Z,1.35616,1.35997,1.35572,1.35878,30421
2025-06-17T16:00:00Z,1.35879,1.36526,1.35835,1.36456,27044
2025-06-17T20:00:00Z,1.36457,1.36927,1.36447,1.36830,14063
2025-06-18T00:00:00Z,1.36830,1.36831,1.36609,1.36636,16990
2025-06-18T04:00:00Z,1.36636,1.36680,1.36506,1.36607,19031
2025-06-18T08:00:00Z,1.36606,1.36713,1.36564,1.36589,18806
2025-06-18T12:00:00Z,1.36587,1.36957,1.36338,1.36847,36788
2025-06-18T16:00:00Z,1.36847,1.37023,1.36541,1.36998,42875
2025-06-18T20:00:00Z,1.36997,1.37029,1.36776,1.36959,11528
2025-06-19T00:00:00Z,1.36958,1.37212,1.36945,1.37105,20401
2025-06-19T04:00:00Z,1.37104,1.37296,1.37064,1.37233,16494
2025-06-19T08:00:00Z,1.37233,1.37256,1.37026,1.37067,18880
2025-06-19T12:00:00Z,1.37068,1.37461,1.37032,1.37365,21687
2025-06-19T16:00:00Z,1.37365,1.37402,1.36958,1.36981,9516
2025-06-19T20:00:00Z,1.36981,1.37065,1.36934,1.36948,7163
2025-06-20T00:00:00Z,1.36950,1.37017,1.36865,1.36905,17749
2025-06-20T04:00:00Z,1.36905,1.37103,1.36883,1.37043,14881
2025-06-20T08:00:00Z,1.37043,1.37111,1.36916,1.37053,14460
2025-06-20T12:00:00Z,1.37056,1.37461,1.37050,1.37388,30174
2025-06-20T16:00:00Z,1.37388,1.37413,1.37194,1.37401,16355
2025-06-20T20:00:00Z,1.37402,1.37468,1.37286,1.37287,3899
2025-06-22T20:00:00Z,1.37449,1.37605,1.37374,1.37405,10761
2025-06-23T00:00:00Z,1.37405,1.37664,1.37376,1.37645,22674
2025-06-23T04:00:00Z,1.37645,1.37664,1.37424,1.37542,19771
2025-06-23T08:00:00Z,1.37544,1.37979,1.37536,1.37812,17564
2025-06-23T12:00:00Z,1.37812,1.37912,1.37246,1.37736,39883
2025-06-23T16:00:00Z,1.37735,1.37792,1.37295,1.37343,31997
2025-06-23T20:00:00Z,1.37344,1.37382,1.37213,1.37294,9862
2025-06-24T00:00:00Z,1.37293,1.37339,1.37170,1.37191,16086
2025-06-24T04:00:00Z,1.37190,1.37303,1.37095,1.37218,20427
2025-06-24T08:00:00Z,1.37216,1.37236,1.37072,1.37138,13340
2025-06-24T12:00:00Z,1.37139,1.37210,1.36779,1.37121,29718
2025-06-24T16:00:00Z,1.37121,1.37296,1.37047,1.37251,12934
2025-06-24T20:00:00Z,1.37251,1.37281,1.37024,1.37256,7463
2025-06-25T00:00:00Z,1.37257,1.37301,1.37174,1.37294,15677
2025-06-25T04:00:00Z,1.37293,1.37372,1.37216,1.37270,18201
2025-06-25T08:00:00Z,1.37270,1.37348,1.37205,1.37312,12880
2025-06-25T12:00:00Z,1.37312,1.37542,1.37288,1.37504,31325
2025-06-25T16:00:00Z,1.37506,1.37506,1.37178,1.37195,18806
2025-06-25T20:00:00Z,1.37193,1.37290,1.37112,1.37118,6651
2025-06-26T00:00:00Z,1.37119,1.37219,1.37003,1.37112,15418
2025-06-26T04:00:00Z,1.37111,1.37226,1.36976,1.37024,19467
2025-06-26T08:00:00Z,1.37024,1.37035,1.36766,1.36852,22555
2025-06-26T12:00:00Z,1.36850,1.36905,1.36253,1.36304,32258
2025-06-26T16:00:00Z,1.36304,1.36413,1.36173,1.36344,19988
2025-06-26T20:00:00Z,1.36344,1.36486,1.36314,1.36417,9086
2025-06-27T00:00:00Z,1.36416,1.36469,1.36344,1.36392,16885
2025-06-27T04:00:00Z,1.36391,1.36491,1.36272,1.36398,16180
2025-06-27T08:00:00Z,1.36397,1.36623,1.36370,1.36460,16016
2025-06-27T12:00:00Z,1.36460,1.36672,1.36402,1.36661,33998
2025-06-27T16:00:00Z,1.36662,1.37590,1.36624,1.36989,35197
2025-06-27T20:00:00Z,1.36988,1.37059,1.36759,1.36771,5279
2025-06-29T20:00:00Z,1.36852,1.36913,1.36727,1.36815,7687
2025-06-30T00:00:00Z,1.36815,1.36992,1.36567,1.36793,21951
2025-06-30T04:00:00Z,1.36792,1.36812,1.36530,1.36730,20408
2025-06-30T08:00:00Z,1.36731,1.36820,1.36645,1.36676,16226
2025-06-30T12:00:00Z,1.36676,1.36778,1.36171,1.36194,40139
2025-06-30T16:00:00Z,1.36194,1.36434,1.36159,1.36210,22247
2025-06-30T20:00:00Z,1.36210,1.36239,1.35996,1.36059,10048
2025-07-01T00:00:00Z,1.36061,1.36180,1.36023,1.36104,13322
2025-07-01T04:00:00Z,1.36105,1.36111,1.35980,1.35982,14171
2025-07-01T08:00:00Z,1.35984,1.36111,1.35905,1.36068,20267
2025-07-01T12:00:00Z,1.36068,1.36658,1.36058,1.36590,30505
2025-07-01T16:00:00Z,1.36591,1.36666,1.36448,1.36455,15260
2025-07-01T20:00:00Z,1.36454,1.36485,1.36406,1.36441,6084
2025-07-02T00:00:00Z,1.36442,1.36520,1.36377,1.36465,14629
2025-07-02T04:00:00Z,1.36470,1.36583,1.36435,1.36498,15411
2025-07-02T08:00:00Z,1.36497,1.36536,1.36351,1.36461,16999
2025-07-02T12:00:00Z,1.36461,1.36567,1.36208,1.36208,46262
2025-07-02T16:00:00Z,1.36210,1.36250,1.35881,1.35884,20908
2025-07-02T20:00:00Z,1.35883,1.35937,1.35795,1.35877,5950
2025-07-03T00:00:00Z,1.35878,1.35950,1.35786,1.35941,11859
2025-07-03T04:00:00Z,1.35942,1.36006,1.35864,1.35921,13754
2025-07-03T08:00:00Z,1.35921,1.35950,1.35780,1.35895,15246
2025-07-03T12:00:00Z,1.35896,1.36234,1.35558,1.35595,48763
2025-07-03T16:00:00Z,1.35593,1.35889,1.35570,1.35808,8649
2025-07-03T20:00:00Z,1.35810,1.35881,1.35722,1.35744,16532
2025-07-04T00:00:00Z,1.35744,1.35812,1.35699,1.35775,11572
2025-07-04T04:00:00Z,1.35776,1.35933,1.35662,1.35925,13091
2025-07-04T08:00:00Z,1.35925,1.35956,1.35854,1.35896,11313
2025-07-04T12:00:00Z,1.35896,1.36121,1.35887,1.36043,14807
2025-07-04T16:00:00Z,1.36043,1.36165,1.36010,1.36069,39541
2025-07-04T20:00:00Z,1.36069,1.36072,1.35893,1.35893,20561
2025-07-06T20:00:00Z,1.35822,1.36077,1.35815,1.36031,4364
2025-07-07T00:00:00Z,1.36029,1.36280,1.35968,1.36254,23677
2025-07-07T04:00:00Z,1.36251,1.36659,1.36244,1.36659,16572
2025-07-07T08:00:00Z,1.36659,1.36851,1.36514,1.36546,22134
2025-07-07T12:00:00Z,1.36546,1.36593,1.36305,1.36457,27452
2025-07-07T16:00:00Z,1.36457,1.36831,1.36438,1.36660,23129
2025-07-07T20:00:00Z,1.36659,1.36828,1.36638,1.36647,6317
2025-07-08T00:00:00Z,1.36647,1.36653,1.36466,1.36497,17174
2025-07-08T04:00:00Z,1.36498,1.36618,1.36377,1.36383,22550
2025-07-08T08:00:00Z,1.36384,1.36566,1.36380,1.36564,18090
2025-07-08T12:00:00Z,1.36567,1.36893,1.36504,1.36727,38556
2025-07-08T16:00:00Z,1.36727,1.36939,1.36719,1.36833,30082
2025-07-08T20:00:00Z,1.36834,1.36836,1.36524,1.36686,7570
2025-07-09T00:00:00Z,1.36685,1.36873,1.36680,1.36870,19480
2025-07-09T04:00:00Z,1.36872,1.36925,1.36650,1.36881,19363
2025-07-09T08:00:00Z,1.36886,1.37091,1.36801,1.37084,15463
2025-07-09T12:00:00Z,1.37085,1.37098,1.36759,1.36948,28936
2025-07-09T16:00:00Z,1.36946,1.36995,1.36856,1.36860,13135
2025-07-09T20:00:00Z,1.36859,1.36974,1.36785,1.36855,6074
2025-07-10T00:00:00Z,1.36856,1.36881,1.36733,1.36809,12824
2025-07-10T04:00:00Z,1.36811,1.36861,1.36632,1.36712,15523
2025-07-10T08:00:00Z,1.36710,1.36885,1.36680,1.36868,11952
2025-07-10T12:00:00Z,1.36868,1.37080,1.36803,1.36830,30189
2025-07-10T16:00:00Z,1.36829,1.36852,1.36637,1.36639,16487
2025-07-10T20:00:00Z,1.36639,1.36655,1.36522,1.36550,4360
2025-07-11T00:00:00Z,1.36550,1.37302,1.36534,1.36905,34927
2025-07-11T04:00:00Z,1.36906,1.37008,1.36848,1.36914,13826
2025-07-11T08:00:00Z,1.36914,1.37051,1.36854,1.36955,19450
2025-07-11T12:00:00Z,1.36957,1.37115,1.36513,1.36785,37351
2025-07-11T16:00:00Z,1.36784,1.36913,1.36691,1.36839,15519
2025-07-11T20:00:00Z,1.36839,1.36953,1.36763,1.36857,5737
2025-07-13T20:00:00Z,1.36973,1.37006,1.36846,1.36864,8644
2025-07-14T00:00:00Z,1.36863,1.37015,1.36747,1.36925,18156
2025-07-14T04:00:00Z,1.36925,1.37019,1.36758,1.36778,17119
2025-07-14T08:00:00Z,1.36779,1.36854,1.36696,1.36756,13006
2025-07-14T12:00:00Z,1.36755,1.37004,1.36698,1.36948,27152
2025-07-14T16:00:00Z,1.36949,1.37078,1.36890,1.36974,16283
2025-07-14T20:00:00Z,1.36972,1.37085,1.36873,1.37055,8342
2025-07-15T00:00:00Z,1.37054,1.37070,1.36934,1.36974,18904
2025-07-15T04:00:00Z,1.36974,1.37027,1.36873,1.36873,18481
2025-07-15T08:00:00Z,1.36876,1.36926,1.36794,1.36880,16481
2025-07-15T12:00:00Z,1.36878,1.37285,1.36710,1.37133,48971
2025-07-15T16:00:00Z,1.37134,1.37295,1.37098,1.37213,17793
2025-07-15T20:00:00Z,1.37213,1.37248,1.37097,1.37159,9256
2025-07-16T00:00:00Z,1.37158,1.37215,1.37082,1.37198,16344
2025-07-16T04:00:00Z,1.37197,1.37202,1.37059,1.37149,12910
2025-07-16T08:00:00Z,1.37151,1.37285,1.37118,1.37272,13150
2025-07-16T12:00:00Z,1.37272,1.37550,1.36793,1.37070,50613
2025-07-16T16:00:00Z,1.37068,1.37132,1.36822,1.36837,29382
2025-07-16T20:00:00Z,1.36839,1.36906,1.36786,1.36894,6320
2025-07-17T00:00:00Z,1.36894,1.37199,1.36886,1.37151,20995
2025-07-17T04:00:00Z,1.37150,1.37452,1.37092,1.37434,15944
2025-07-17T08:00:00Z,1.37433,1.37698,1.37387,1.37626,12853
2025-07-17T12:00:00Z,1.37627,1.37741,1.37409,1.37497,28186
2025-07-17T16:00:00Z,1.37495,1.37621,1.37424,1.37443,17995
2025-07-17T20:00:00Z,1.37444,1.37529,1.37355,1.37360,6564
2025-07-18T00:00:00Z,1.37359,1.37410,1.37292,1.37396,13224
2025-07-18T04:00:00Z,1.37397,1.37421,1.37320,1.37321,12762
2025-07-18T08:00:00Z,1.37322,1.37335,1.37153,1.37214,16393
2025-07-18T12:00:00Z,1.37213,1.37267,1.36950,1.37119,28060
2025-07-18T16:00:00Z,1.37119,1.37353,1.37106,1.37249,12130
2025-07-18T20:00:00Z,1.37250,1.37314,1.37228,1.37254,2377
2025-07-20T20:00:00Z,1.37108,1.37297,1.37071,1.37230,8441
2025-07-21T00:00:00Z,1.37232,1.37342,1.37210,1.37220,15820
2025-07-21T04:00:00Z,1.37220,1.37296,1.37138,1.37261,14230
2025-07-21T08:00:00Z,1.37260,1.37284,1.37017,1.37055,15581
2025-07-21T12:00:00Z,1.37053,1.37168,1.36780,1.36887,27421
2025-07-21T16:00:00Z,1.36888,1.36919,1.36828,1.36840,11066
2025-07-21T20:00:00Z,1.36841,1.36849,1.36744,1.36756,5355
2025-07-22T00:00:00Z,1.36756,1.36899,1.36749,1.36877,10286
2025-07-22T04:00:00Z,1.36876,1.36949,1.36850,1.36901,15290
2025-07-22T08:00:00Z,1.36901,1.36926,1.36719,1.36738,16278
2025-07-22T12:00:00Z,1.36738,1.36830,1.36158,1.36162,30254
2025-07-22T16:00:00Z,1.36161,1.36202,1.36024,1.36035,16911
2025-07-22T20:00:00Z,1.36037,1.36070,1.35951,1.36041,6549
2025-07-23T00:00:00Z,1.36042,1.36053,1.35927,1.35998,19202
2025-07-23T04:00:00Z,1.35998,1.36104,1.35886,1.35891,20402
2025-07-23T08:00:00Z,1.35890,1.35896,1.35750,1.35779,16536
2025-07-23T12:00:00Z,1.35780,1.36287,1.35775,1.36088,27296
2025-07-23T16:00:00Z,1.36089,1.36237,1.35943,1.35947,17236
2025-07-23T20:00:00Z,1.35945,1.36067,1.35898,1.36014,7202
2025-07-24T00:00:00Z,1.36014,1.36079,1.35961,1.36036,22702
2025-07-24T04:00:00Z,1.36035,1.36133,1.35979,1.36064,19276
2025-07-24T08:00:00Z,1.36064,1.36214,1.36013,1.36097,14878
2025-07-24T12:00:00Z,1.36096,1.36442,1.36091,1.36441,32089
2025-07-24T16:00:00Z,1.36442,1.36458,1.36297,1.36434,14072
2025-07-24T20:00:00Z,1.36434,1.36542,1.36317,1.36399,8793
2025-07-25T00:00:00Z,1.36400,1.36550,1.36373,1.36514,29848
2025-07-25T04:00:00Z,1.36514,1.36745,1.36472,1.36727,19769
2025-07-25T08:00:00Z,1.36729,1.36798,1.36666,1.36717,18252
2025-07-25T12:00:00Z,1.36717,1.37153,1.36713,1.37142,32528
2025-07-25T16:00:00Z,1.37144,1.37252,1.37025,1.37042,11811
2025-07-25T20:00:00Z,1.37044,1.37096,1.36962,1.36962,3861
2025-07-27T20:00:00Z,1.36988,1.37039,1.36947,1.37020,6953
2025-07-28T00:00:00Z,1.37020,1.37055,1.36882,1.36928,27768
2025-07-28T04:00:00Z,1.36926,1.37402,1.36911,1.37377,22620
2025-07-28T08:00:00Z,1.37376,1.37417,1.37176,1.37178,26227
2025-07-28T12:00:00Z,1.37177,1.37289,1.37099,1.37190,28535
2025-07-28T16:00:00Z,1.37189,1.37399,1.37163,1.37357,12260
2025-07-28T20:00:00Z,1.37357,1.37401,1.37274,1.37340,6076
2025-07-29T00:00:00Z,1.37339,1.37424,1.37303,1.37378,18843
2025-07-29T04:00:00Z,1.37375,1.37604,1.37311,1.37550,18975
2025-07-29T08:00:00Z,1.37552,1.37694,1.37386,1.37688,16174
2025-07-29T12:00:00Z,1.37689,1.37879,1.37492,1.37783,36144
2025-07-29T16:00:00Z,1.37783,1.37796,1.37617,1.37761,17544
2025-07-29T20:00:00Z,1.37759,1.37819,1.37628,1.37741,6518
2025-07-30T00:00:00Z,1.37741,1.37741,1.37580,1.37621,15960
2025-07-30T04:00:00Z,1.37620,1.37741,1.37618,1.37677,18236
2025-07-30T08:00:00Z,1.37676,1.37926,1.37668,1.37866,12673
2025-07-30T12:00:00Z,1.37866,1.38186,1.37866,1.38146,37559
2025-07-30T16:00:00Z,1.38146,1.38417,1.37980,1.38368,31213
2025-07-30T20:00:00Z,1.38369,1.38447,1.38194,1.38261,12508
2025-07-31T00:00:00Z,1.38259,1.38357,1.38218,1.38240,25386
2025-07-31T04:00:00Z,1.38239,1.38445,1.38130,1.38325,22784
2025-07-31T08:00:00Z,1.38327,1.38531,1.38309,1.38360,21925
2025-07-31T12:00:00Z,1.38363,1.38520,1.38237,1.38459,33278
2025-07-31T16:00:00Z,1.38459,1.38560,1.38375,1.38558,15975
2025-07-31T20:00:00Z,1.38556,1.38704,1.38400,1.38574,12814
2025-08-01T00:00:00Z,1.38574,1.38628,1.38435,1.38530,31686
2025-08-01T04:00:00Z,1.38530,1.38736,1.38502,1.38710,24748
2025-08-01T08:00:00Z,1.38709,1.38787,1.38606,1.38706,14621
2025-08-01T12:00:00Z,1.38704,1.38755,1.37623,1.37797,64707
2025-08-01T16:00:00Z,1.37797,1.38170,1.37792,1.37958,27577
2025-08-01T20:00:00Z,1.37956,1.37969,1.37709,1.37850,6175
2025-08-03T20:00:00Z,1.37749,1.37861,1.37655,1.37774,7433
2025-08-04T00:00:00Z,1.37776,1.37944,1.37705,1.37749,24934
2025-08-04T04:00:00Z,1.37751,1.37842,1.37666,1.37834,21432
2025-08-04T08:00:00Z,1.37834,1.37896,1.37725,1.37760,21357
2025-08-04T12:00:00Z,1.37759,1.37830,1.37579,1.37755,31178
2025-08-04T16:00:00Z,1.37758,1.37849,1.37736,1.37785,16413
2025-08-04T20:00:00Z,1.37782,1.37803,1.37682,1.37688,5722
2025-08-05T00:00:00Z,1.37687,1.37903,1.37627,1.37897,15312
2025-08-05T04:00:00Z,1.37899,1.37942,1.37732,1.37810,17226
2025-08-05T08:00:00Z,1.37812,1.38099,1.37812,1.37969,19911
2025-08-05T12:00:00Z,1.37969,1.38060,1.37696,1.37804,34392
2025-08-05T16:00:00Z,1.37801,1.37884,1.37705,1.37724,15900
2025-08-05T20:00:00Z,1.37725,1.37823,1.37687,1.37708,7317
2025-08-06T00:00:00Z,1.37713,1.37790,1.37655,1.37693,16411
2025-08-06T04:00:00Z,1.37693,1.37743,1.37627,1.37639,16605
2025-08-06T08:00:00Z,1.37639,1.37748,1.37452,1.37571,17168
2025-08-06T12:00:00Z,1.37570,1.37611,1.37385,1.37403,28562
2025-08-06T16:00:00Z,1.37401,1.37502,1.37347,1.37415,14976
2025-08-06T20:00:00Z,1.37414,1.37448,1.37360,1.37392,6372
2025-08-07T00:00:00Z,1.37393,1.37458,1.37328,1.37346,19721
2025-08-07T04:00:00Z,1.37348,1.37358,1.37211,1.37228,14391
2025-08-07T08:00:00Z,1.37228,1.37443,1.37213,1.37413,18285
2025-08-07T12:00:00Z,1.37412,1.37733,1.37301,1.37500,29179
2025-08-07T16:00:00Z,1.37501,1.37671,1.37430,1.37441,14624
2025-08-07T20:00:00Z,1.37441,1.37492,1.37311,1.37319,8174
2025-08-08T00:00:00Z,1.37320,1.37485,1.37312,1.37388,14269
2025-08-08T04:00:00Z,1.37387,1.37490,1.37284,1.37323,17128
2025-08-08T08:00:00Z,1.37323,1.37391,1.37253,1.37377,16702
2025-08-08T12:00:00Z,1.37377,1.37622,1.37366,1.37526,23106
2025-08-08T16:00:00Z,1.37525,1.37587,1.37418,1.37569,14077
2025-08-08T20:00:00Z,1.37567,1.37629,1.37519,1.37529,4428
2025-08-10T20:00:00Z,1.37492,1.37548,1.37484,1.37528,3206
2025-08-11T00:00:00Z,1.37529,1.37604,1.37445,1.37456,11028
2025-08-11T04:00:00Z,1.37455,1.37737,1.37447,1.37689,12917
2025-08-11T08:00:00Z,1.37689,1.37834,1.37625,1.37795,13713
2025-08-11T12:00:00Z,1.37796,1.37950,1.37733,1.37841,24706
2025-08-11T16:00:00Z,1.37841,1.37870,1.37751,1.37815,13774
2025-08-11T20:00:00Z,1.37817,1.37844,1.37733,1.37743,5608
2025-08-12T00:00:00Z,1.37743,1.37800,1.37713,1.37771,14374
2025-08-12T04:00:00Z,1.37772,1.37850,1.37733,1.37789,20907
2025-08-12T08:00:00Z,1.37788,1.38057,1.37758,1.37977,14544
2025-08-12T12:00:00Z,1.37976,1.38034,1.37536,1.37635,53858
2025-08-12T16:00:00Z,1.37634,1.37840,1.37567,1.37767,19477
2025-08-12T20:00:00Z,1.37768,1.37791,1.37636,1.37697,7844
2025-08-13T00:00:00Z,1.37698,1.37814,1.37686,1.37765,12657
2025-08-13T04:00:00Z,1.37765,1.37811,1.37535,1.37619,16518
2025-08-13T08:00:00Z,1.37618,1.37679,1.37510,1.37561,23089
2025-08-13T12:00:00Z,1.37560,1.37747,1.37548,1.37656,25092
2025-08-13T16:00:00Z,1.37655,1.37732,1.37617,1.37624,12609
2025-08-13T20:00:00Z,1.37624,1.37656,1.37509,1.37520,6163
2025-08-14T00:00:00Z,1.37520,1.37640,1.37440,1.37621,14653
2025-08-14T04:00:00Z,1.37622,1.37789,1.37562,1.37735,21230
2025-08-14T08:00:00Z,1.37736,1.37848,1.37698,1.37839,19705
2025-08-14T12:00:00Z,1.37837,1.38126,1.37809,1.38065,38998
2025-08-14T16:00:00Z,1.38064,1.38191,1.38042,1.38121,18186
2025-08-14T20:00:00Z,1.38122,1.38185,1.38107,1.38129,4699
2025-08-15T00:00:00Z,1.38128,1.38147,1.38012,1.38032,14316
2025-08-15T04:00:00Z,1.38031,1.38065,1.37907,1.37930,11409
2025-08-15T08:00:00Z,1.37929,1.37997,1.37872,1.37901,13495
2025-08-15T12:00:00Z,1.37902,1.38111,1.37876,1.38087,27830
2025-08-15T16:00:00Z,1.38086,1.38159,1.38076,1.38140,9046
2025-08-15T20:00:00Z,1.38140,1.38188,1.38067,1.38182,2600
2025-08-17T20:00:00Z,1.38118,1.38168,1.38093,1.38149,3336
2025-08-18T00:00:00Z,1.38150,1.38150,1.38018,1.38026,11241
2025-08-18T04:00:00Z,1.38028,1.38093,1.37957,1.38016,13204
2025-08-18T08:00:00Z,1.38017,1.38055,1.37903,1.37932,12039
2025-08-18T12:00:00Z,1.37931,1.38309,1.37825,1.38154,19454
2025-08-18T16:00:00Z,1.38154,1.38163,1.38014,1.38053,12410
2025-08-18T20:00:00Z,1.38053,1.38089,1.37948,1.38022,6528
2025-08-19T00:00:00Z,1.38021,1.38176,1.38014,1.38107,19961
2025-08-19T04:00:00Z,1.38108,1.38156,1.38008,1.38154,16917
2025-08-19T08:00:00Z,1.38156,1.38222,1.38051,1.38085,20878
2025-08-19T12:00:00Z,1.38087,1.38603,1.38056,1.38593,27730
2025-08-19T16:00:00Z,1.38593,1.38677,1.38530,1.38653,14894
2025-08-19T20:00:00Z,1.38653,1.38696,1.38540,1.38661,15009
2025-08-20T00:00:00Z,1.38662,1.38830,1.38643,1.38739,19394
2025-08-20T04:00:00Z,1.38740,1.38759,1.38678,1.38710,19028
2025-08-20T08:00:00Z,1.38709,1.38808,1.38683,1.38719,14859
2025-08-20T12:00:00Z,1.38718,1.38790,1.38531,1.38748,28175
2025-08-20T16:00:00Z,1.38747,1.38764,1.38623,1.38759,11608
2025-08-20T20:00:00Z,1.38758,1.38795,1.38661,1.38738,7071
2025-08-21T00:00:00Z,1.38737,1.38823,1.38721,1.38799,18964
2025-08-21T04:00:00Z,1.38798,1.38850,1.38732,1.38792,13864
2025-08-21T08:00:00Z,1.38794,1.38880,1.38733,1.38860,18482
2025-08-21T12:00:00Z,1.38857,1.39056,1.38805,1.39013,29349
2025-08-21T16:00:00Z,1.39013,1.39074,1.38906,1.39035,17993
2025-08-21T20:00:00Z,1.39035,1.39122,1.39000,1.39011,5181
2025-08-22T00:00:00Z,1.39013,1.39138,1.38987,1.39130,11946
2025-08-22T04:00:00Z,1.39130,1.39168,1.39096,1.39117,12502
2025-08-22T08:00:00Z,1.39118,1.39183,1.39074,1.39109,17220
2025-08-22T12:00:00Z,1.39107,1.39242,1.38296,1.38455,53696
2025-08-22T16:00:00Z,1.38456,1.38458,1.38140,1.38286,23812
2025-08-22T20:00:00Z,1.38286,1.38302,1.38178,1.38257,3098
2025-08-24T20:00:00Z,1.38158,1.38330,1.38125,1.38292,4962
2025-08-25T00:00:00Z,1.38297,1.38435,1.38297,1.38334,14791
2025-08-25T04:00:00Z,1.38332,1.38372,1.38206,1.38354,12246
2025-08-25T08:00:00Z,1.38354,1.38363,1.38228,1.38234,14595
2025-08-25T12:00:00Z,1.38232,1.38345,1.38163,1.38302,29449
2025-08-25T16:00:00Z,1.38303,1.38635,1.38299,1.38621,15463
2025-08-25T20:00:00Z,1.38622,1.38622,1.38504,1.38584,6086
2025-08-26T00:00:00Z,1.38584,1.38635,1.38409,1.38577,27680
2025-08-26T04:00:00Z,1.38575,1.38674,1.38496,1.38553,24057
2025-08-26T08:00:00Z,1.38552,1.38638,1.38403,1.38440,27155
2025-08-26T12:00:00Z,1.38439,1.38542,1.38217,1.38244,35313
2025-08-26T16:00:00Z,1.38245,1.38414,1.38239,1.38341,25011
2025-08-26T20:00:00Z,1.38342,1.38392,1.38311,1.38344,7555
2025-08-27T00:00:00Z,1.38343,1.38407,1.38277,1.38398,13340
2025-08-27T04:00:00Z,1.38399,1.38537,1.38334,1.38458,15128
2025-08-27T08:00:00Z,1.38459,1.38566,1.38442,1.38519,22342
2025-08-27T12:00:00Z,1.38518,1.38575,1.38207,1.38255,35663
2025-08-27T16:00:00Z,1.38255,1.38256,1.37824,1.37878,29549
2025-08-27T20:00:00Z,1.37877,1.37916,1.37803,1.37808,6392
2025-08-28T00:00:00Z,1.37808,1.37829,1.37688,1.37767,16101
2025-08-28T04:00:00Z,1.37767,1.37874,1.37767,1.37779,16946
2025-08-28T08:00:00Z,1.37779,1.37849,1.37600,1.37640,23800
2025-08-28T12:00:00Z,1.37640,1.37848,1.37504,1.37514,37673
2025-08-28T16:00:00Z,1.37512,1.37542,1.37408,1.37537,12039
2025-08-28T20:00:00Z,1.37536,1.37560,1.37429,1.37516,6881
2025-08-29T00:00:00Z,1.37514,1.37565,1.37443,1.37538,19505
2025-08-29T04:00:00Z,1.37540,1.37568,1.37395,1.37402,16322
2025-08-29T08:00:00Z,1.37403,1.37566,1.37366,1.37511,19678
2025-08-29T12:00:00Z,1.37511,1.37787,1.37268,1.37281,45620
2025-08-29T16:00:00Z,1.37279,1.37368,1.37262,1.37333,11330
2025-08-29T20:00:00Z,1.37331,1.37462,1.37309,1.37407,3276
2025-08-31T20:00:00Z,1.37200,1.37426,1.37200,1.37385,3216
2025-09-01T00:00:00Z,1.37386,1.37445,1.37320,1.37352,14708
2025-09-01T04:00:00Z,1.37352,1.37521,1.37336,1.37471,18508
2025-09-01T08:00:00Z,1.37472,1.37503,1.37332,1.37414,15648
2025-09-01T12:00:00Z,1.37412,1.37617,1.37405,1.37564,29733
2025-09-01T16:00:00Z,1.37563,1.37596,1.37494,1.37497,6102
2025-09-01T20:00:00Z,1.37498,1.37525,1.37430,1.37479,3882
2025-09-02T00:00:00Z,1.37478,1.37562,1.37452,1.37540,21049
2025-09-02T04:00:00Z,1.37539,1.37792,1.37450,1.37764,23108
2025-09-02T08:00:00Z,1.37765,1.37953,1.37664,1.37876,35978
2025-09-02T12:00:00Z,1.37876,1.38143,1.37773,1.37848,53622
2025-09-02T16:00:00Z,1.37848,1.37921,1.37716,1.37847,17717
2025-09-02T20:00:00Z,1.37847,1.37853,1.37719,1.37842,5135
2025-09-03T00:00:00Z,1.37843,1.37956,1.37833,1.37952,20616
2025-09-03T04:00:00Z,1.37953,1.38073,1.37909,1.37970,22257
2025-09-03T08:00:00Z,1.37970,1.38053,1.37876,1.37977,26503
2025-09-03T12:00:00Z,1.37978,1.38057,1.37824,1.37879,35088
2025-09-03T16:00:00Z,1.37877,1.38014,1.37852,1.37983,15097
2025-09-03T20:00:00Z,1.37983,1.37991,1.37874,1.37927,4743
2025-09-04T00:00:00Z,1.37926,1.38065,1.37918,1.38056,16385
2025-09-04T04:00:00Z,1.38056,1.38148,1.38044,1.38117,13309
2025-09-04T08:00:00Z,1.38118,1.38257,1.38080,1.38206,15616
2025-09-04T12:00:00Z,1.38205,1.38450,1.38039,1.38286,35983
2025-09-04T16:00:00Z,1.38286,1.38402,1.38205,1.38253,13473
2025-09-04T20:00:00Z,1.38252,1.38284,1.38108,1.38149,6731
2025-09-05T00:00:00Z,1.38149,1.38161,1.38037,1.38068,11916
2025-09-05T04:00:00Z,1.38067,1.38108,1.37933,1.37937,12562
2025-09-05T08:00:00Z,1.37940,1.38052,1.37886,1.38020,16452
2025-09-05T12:00:00Z,1.38021,1.38386,1.37575,1.38244,52376
2025-09-05T16:00:00Z,1.38243,1.38537,1.38174,1.38506,16313
2025-09-05T20:00:00Z,1.38507,1.38507,1.38221,1.38257,3354
2025-09-07T20:00:00Z,1.38292,1.38440,1.38288,1.38350,5462
2025-09-08T00:00:00Z,1.38352,1.38431,1.38284,1.38327,24806
2025-09-08T04:00:00Z,1.38329,1.38357,1.38135,1.38151,22863
2025-09-08T08:00:00Z,1.38151,1.38243,1.37983,1.38009,21916
2025-09-08T12:00:00Z,1.38010,1.38263,1.37878,1.38207,31692
2025-09-08T16:00:00Z,1.38207,1.38334,1.38056,1.38058,16900
2025-09-08T20:00:00Z,1.38058,1.38074,1.37945,1.37952,7447
2025-09-09T00:00:00Z,1.37953,1.38108,1.37953,1.38094,12841
2025-09-09T04:00:00Z,1.38094,1.38126,1.37930,1.38078,17135
2025-09-09T08:00:00Z,1.38078,1.38150,1.37938,1.38145,19340
2025-09-09T12:00:00Z,1.38146,1.38372,1.38041,1.38347,37661
2025-09-09T16:00:00Z,1.38347,1.38579,1.38304,1.38579,16255
2025-09-09T20:00:00Z,1.38579,1.38593,1.38356,1.38459,6587
2025-09-10T00:00:00Z,1.38461,1.38628,1.38461,1.38527,18624
2025-09-10T04:00:00Z,1.38525,1.38599,1.38385,1.38540,18404
2025-09-10T08:00:00Z,1.38542,1.38599,1.38464,1.38577,20506
2025-09-10T12:00:00Z,1.38579,1.38617,1.38301,1.38443,48045
2025-09-10T16:00:00Z,1.38446,1.38696,1.38429,1.38638,20676
2025-09-10T20:00:00Z,1.38638,1.38670,1.38563,1.38603,6676
2025-09-11T00:00:00Z,1.38603,1.38731,1.38602,1.38698,15164
2025-09-11T04:00:00Z,1.38699,1.38813,1.38697,1.38792,16472
2025-09-11T08:00:00Z,1.38790,1.38889,1.38732,1.38879,20836
2025-09-11T12:00:00Z,1.38882,1.38911,1.38288,1.38308,43095
2025-09-11T16:00:00Z,1.38308,1.38426,1.38256,1.38316,16437
2025-09-11T20:00:00Z,1.38316,1.38378,1.38273,1.38343,8259
2025-09-12T00:00:00Z,1.38343,1.38483,1.38341,1.38425,15371
2025-09-12T04:00:00Z,1.38426,1.38438,1.38320,1.38343,17401
2025-09-12T08:00:00Z,1.38345,1.38488,1.38332,1.38427,21111
2025-09-12T12:00:00Z,1.38425,1.38605,1.38341,1.38583,28504
2025-09-12T16:00:00Z,1.38581,1.38633,1.38379,1.38450,12987
2025-09-12T20:00:00Z,1.38451,1.38532,1.38427,1.38430,3220
2025-09-14T20:00:00Z,1.38273,1.38422,1.38273,1.38389,3832
2025-09-15T00:00:00Z,1.38388,1.38455,1.38345,1.38354,9013
2025-09-15T04:00:00Z,1.38353,1.38410,1.38303,1.38364,13724
2025-09-15T08:00:00Z,1.38367,1.38383,1.38185,1.38241,14296
2025-09-15T12:00:00Z,1.38240,1.38421,1.37930,1.37987,25407
2025-09-15T16:00:00Z,1.37986,1.38042,1.37677,1.37696,18887
2025-09-15T20:00:00Z,1.37697,1.37819,1.37664,1.37743,7406
2025-09-16T00:00:00Z,1.37743,1.37776,1.37631,1.37671,9230
2025-09-16T04:00:00Z,1.37671,1.37725,1.37617,1.37682,12939
2025-09-16T08:00:00Z,1.37682,1.37766,1.37474,1.37510,20706
2025-09-16T12:00:00Z,1.37509,1.37638,1.37365,1.37456,36525
2025-09-16T16:00:00Z,1.37455,1.37546,1.37363,1.37493,16574
2025-09-16T20:00:00Z,1.37495,1.37499,1.37338,1.37388,5285
2025-09-17T00:00:00Z,1.37385,1.37540,1.37369,1.37533,14562
2025-09-17T04:00:00Z,1.37533,1.37616,1.37476,1.37599,15104
2025-09-17T08:00:00Z,1.37602,1.37615,1.37483,1.37548,13385
2025-09-17T12:00:00Z,1.37546,1.37692,1.37479,1.37623,26027
2025-09-17T16:00:00Z,1.37624,1.37869,1.37261,1.37720,49863
2025-09-17T20:00:00Z,1.37718,1.37778,1.37606,1.37704,8959
2025-09-18T00:00:00Z,1.37704,1.37843,1.37652,1.37791,20099
2025-09-18T04:00:00Z,1.37792,1.37996,1.37738,1.37807,20329
2025-09-18T08:00:00Z,1.37808,1.37862,1.37667,1.37773,18444
2025-09-18T12:00:00Z,1.37771,1.38095,1.37760,1.37963,43140
2025-09-18T16:00:00Z,1.37963,1.38092,1.37866,1.37954,14020
2025-09-18T20:00:00Z,1.37953,1.38018,1.37905,1.37916,9168
2025-09-19T00:00:00Z,1.37915,1.38045,1.37895,1.37942,13974
2025-09-19T04:00:00Z,1.37942,1.38197,1.37879,1.38121,17659
2025-09-19T08:00:00Z,1.38122,1.38178,1.38048,1.38158,19801
2025-09-19T12:00:00Z,1.38157,1.38250,1.37699,1.37725,33985
2025-09-19T16:00:00Z,1.37724,1.37875,1.37685,1.37872,12003
2025-09-19T20:00:00Z,1.37871,1.37912,1.37733,1.37780,3747
2025-09-21T20:00:00Z,1.37745,1.37849,1.37745,1.37821,4483
2025-09-22T00:00:00Z,1.37821,1.37994,1.37813,1.37950,15025
2025-09-22T04:00:00Z,1.37950,1.38096,1.37912,1.38079,15893
2025-09-22T08:00:00Z,1.38078,1.38117,1.38006,1.38064,19601
2025-09-22T12:00:00Z,1.38064,1.38181,1.37925,1.38147,29925
2025-09-22T16:00:00Z,1.38144,1.38284,1.38131,1.38219,13852
2025-09-22T20:00:00Z,1.38218,1.38312,1.38142,1.38249,5881
2025-09-23T00:00:00Z,1.38249,1.38314,1.38229,1.38262,13530
2025-09-23T04:00:00Z,1.38263,1.38426,1.38221,1.38424,20794
2025-09-23T08:00:00Z,1.38424,1.38439,1.38225,1.38264,20254
2025-09-23T12:00:00Z,1.38264,1.38364,1.38110,1.38351,29083
2025-09-23T16:00:00Z,1.38349,1.38495,1.38237,1.38394,17762
2025-09-23T20:00:00Z,1.38395,1.38415,1.38303,1.38384,6191
2025-09-24T00:00:00Z,1.38383,1.38489,1.38371,1.38451,20287
2025-09-24T04:00:00Z,1.38451,1.38598,1.38424,1.38530,17163
2025-09-24T08:00:00Z,1.38530,1.38785,1.38529,1.38710,18727
2025-09-24T12:00:00Z,1.38711,1.38972,1.38655,1.38946,37466
2025-09-24T16:00:00Z,1.38947,1.39064,1.38944,1.39023,17710
2025-09-24T20:00:00Z,1.39021,1.39022,1.38905,1.38960,6594
2025-09-25T00:00:00Z,1.38957,1.38966,1.38845,1.38854,16020
2025-09-25T04:00:00Z,1.38854,1.39017,1.38847,1.38993,16959
2025-09-25T08:00:00Z,1.38994,1.39018,1.38895,1.38936,23509
2025-09-25T12:00:00Z,1.38938,1.39297,1.38913,1.39241,39261
2025-09-25T16:00:00Z,1.39243,1.39491,1.39232,1.39421,19310
2025-09-25T20:00:00Z,1.39422,1.39447,1.39069,1.39409,7961
2025-09-26T00:00:00Z,1.39412,1.39450,1.39359,1.39361,15601
2025-09-26T04:00:00Z,1.39361,1.39478,1.39337,1.39451,17796
2025-09-26T08:00:00Z,1.39451,1.39581,1.39392,1.39488,16893
2025-09-26T12:00:00Z,1.39488,1.39518,1.39313,1.39461,41172
2025-09-26T16:00:00Z,1.39461,1.39502,1.39339,1.39348,19011
2025-09-26T20:00:00Z,1.39354,1.39445,1.39338,1.39386,3771
2025-09-28T20:00:00Z,1.39247,1.39466,1.39233,1.39375,2871
2025-09-29T00:00:00Z,1.39375,1.39388,1.39188,1.39212,11576
2025-09-29T04:00:00Z,1.39211,1.39291,1.39149,1.39179,12440
2025-09-29T08:00:00Z,1.39179,1.39341,1.39150,1.39286,16434
2025-09-29T12:00:00Z,1.39285,1.39392,1.39028,1.39048,36106
2025-09-29T16:00:00Z,1.39048,1.39224,1.39048,1.39202,14127
2025-09-29T20:00:00Z,1.39201,1.39219,1.38991,1.39173,6317
2025-09-30T00:00:00Z,1.39172,1.39237,1.39120,1.39147,16144
2025-09-30T04:00:00Z,1.39148,1.39238,1.39066,1.39147,18167
2025-09-30T08:00:00Z,1.39147,1.39247,1.39058,1.39200,21096
2025-09-30T12:00:00Z,1.39200,1.39340,1.38959,1.39288,34721
2025-09-30T16:00:00Z,1.39287,1.39356,1.39132,1.39150,16693
2025-09-30T20:00:00Z,1.39150,1.39253,1.39107,1.39236,8699
2025-10-01T00:00:00Z,1.39237,1.39323,1.39219,1.39312,11644
2025-10-01T04:00:00Z,1.39308,1.39308,1.39063,1.39203,19985
2025-10-01T08:00:00Z,1.39201,1.39363,1.39123,1.39285,17983
2025-10-01T12:00:00Z,1.39286,1.39548,1.39143,1.39540,49808
2025-10-01T16:00:00Z,1.39540,1.39566,1.39340,1.39416,16432
2025-10-01T20:00:00Z,1.39414,1.39443,1.39309,1.39402,6503
2025-10-02T00:00:00Z,1.39402,1.39470,1.39343,1.39412,9085
2025-10-02T04:00:00Z,1.39412,1.39481,1.39320,1.39381,14910
2025-10-02T08:00:00Z,1.39382,1.39455,1.39329,1.39444,16900
2025-10-02T12:00:00Z,1.39444,1.39859,1.39397,1.39757,32754
2025-10-02T16:00:00Z,1.39759,1.39774,1.39594,1.39614,13591
2025-10-02T20:00:00Z,1.39612,1.39720,1.39600,1.39602,6040
2025-10-03T00:00:00Z,1.39603,1.39687,1.39601,1.39656,17277
2025-10-03T04:00:00Z,1.39656,1.39688,1.39573,1.39614,14399
2025-10-03T08:00:00Z,1.39615,1.39687,1.39578,1.39624,15223
2025-10-03T12:00:00Z,1.39625,1.39675,1.39453,1.39466,30518
2025-10-03T16:00:00Z,1.39466,1.39605,1.39392,1.39521,15607
2025-10-03T20:00:00Z,1.39524,1.39604,1.39448,1.39448,4123
2025-10-05T20:00:00Z,1.39481,1.39673,1.39480,1.39642,8994
2025-10-06T00:00:00Z,1.39640,1.39667,1.39447,1.39489,12414
2025-10-06T04:00:00Z,1.39490,1.39558,1.39411,1.39524,19423
2025-10-06T08:00:00Z,1.39523,1.39636,1.39472,1.39613,82650
2025-10-06T12:00:00Z,1.39613,1.39672,1.39454,1.39459,41005
2025-10-06T16:00:00Z,1.39460,1.39538,1.39455,1.39490,10523
2025-10-06T20:00:00Z,1.39490,1.39521,1.39396,1.39446,7897
2025-10-07T00:00:00Z,1.39445,1.39521,1.39435,1.39463,15939
2025-10-07T04:00:00Z,1.39463,1.39618,1.39436,1.39544,15138
2025-10-07T08:00:00Z,1.39545,1.39622,1.39472,1.39580,14133
2025-10-07T12:00:00Z,1.39581,1.39614,1.39383,1.39492,30319
2025-10-07T16:00:00Z,1.39491,1.39601,1.39426,1.39542,21434
2025-10-07T20:00:00Z,1.39542,1.39568,1.39463,1.39526,6997
2025-10-08T00:00:00Z,1.39525,1.39678,1.39513,1.39617,20868
2025-10-08T04:00:00Z,1.39616,1.39706,1.39527,1.39550,19014
2025-10-08T08:00:00Z,1.39549,1.39587,1.39438,1.39441,29909
2025-10-08T12:00:00Z,1.39439,1.39585,1.39313,1.39542,78924
2025-10-08T16:00:00Z,1.39541,1.39623,1.39515,1.39565,26400
2025-10-08T20:00:00Z,1.39564,1.39578,1.39477,1.39547,7712
2025-10-09T00:00:00Z,1.39546,1.39552,1.39374,1.39380,12045
2025-10-09T04:00:00Z,1.39380,1.39633,1.39328,1.39560,17020
2025-10-09T08:00:00Z,1.39560,1.39610,1.39460,1.39531,17679
2025-10-09T12:00:00Z,1.39530,1.40203,1.39385,1.40106,37408
2025-10-09T16:00:00Z,1.40105,1.40333,1.40092,1.40244,21522
2025-10-09T20:00:00Z,1.40243,1.40251,1.40036,1.40193,7608
2025-10-10T00:00:00Z,1.40195,1.40243,1.40132,1.40155,16279
2025-10-10T04:00:00Z,1.40157,1.40336,1.40127,1.40247,19764
2025-10-10T08:00:00Z,1.40248,1.40250,1.40124,1.40177,18307
2025-10-10T12:00:00Z,1.40176,1.40204,1.39753,1.39986,49582
2025-10-10T16:00:00Z,1.39986,1.40173,1.39935,1.40005,27501
2025-10-10T20:00:00Z,1.40005,1.40059,1.39955,1.40008,5374
2025-10-12T20:00:00Z,1.39879,1.40038,1.39878,1.39986,10396
2025-10-13T00:00:00Z,1.39986,1.40017,1.39826,1.39944,22019
2025-10-13T04:00:00Z,1.39944,1.40057,1.39876,1.40041,24139
2025-10-13T08:00:00Z,1.40041,1.40103,1.39965,1.40083,19398
2025-10-13T12:00:00Z,1.40082,1.40335,1.40061,1.40284,29156
2025-10-13T16:00:00Z,1.40283,1.40391,1.40265,1.40366,11665
2025-10-13T20:00:00Z,1.40366,1.40397,1.40285,1.40392,6424
2025-10-14T00:00:00Z,1.40391,1.40435,1.40324,1.40403,18725
2025-10-14T04:00:00Z,1.40404,1.40653,1.40392,1.40633,23830
2025-10-14T08:00:00Z,1.40632,1.40795,1.40541,1.40635,20677
2025-10-14T12:00:00Z,1.40634,1.40743,1.40296,1.40431,35880
2025-10-14T16:00:00Z,1.40432,1.40514,1.40320,1.40422,21434
2025-10-14T20:00:00Z,1.40423,1.40490,1.40357,1.40455,7586
2025-10-15T00:00:00Z,1.40457,1.40481,1.40309,1.40359,18411
2025-10-15T04:00:00Z,1.40359,1.40424,1.40270,1.40418,21205
2025-10-15T08:00:00Z,1.40417,1.40446,1.40333,1.40430,13521
2025-10-15T12:00:00Z,1.40430,1.40537,1.40262,1.40340,32208
2025-10-15T16:00:00Z,1.40340,1.40592,1.40320,1.40459,20653
2025-10-15T20:00:00Z,1.40459,1.40478,1.40351,1.40458,7137
2025-10-16T00:00:00Z,1.40459,1.40475,1.40218,1.40292,21210
2025-10-16T04:00:00Z,1.40292,1.40394,1.40263,1.40334,23798
2025-10-16T08:00:00Z,1.40334,1.40507,1.40315,1.40477,21266
2025-10-16T12:00:00Z,1.40479,1.40576,1.40351,1.40467,37106
2025-10-16T16:00:00Z,1.40465,1.40606,1.40376,1.40513,29046
2025-10-16T20:00:00Z,1.40515,1.40549,1.40445,1.40456,9008
2025-10-17T00:00:00Z,1.40457,1.40512,1.40360,1.40448,17152
2025-10-17T04:00:00Z,1.40445,1.40669,1.40356,1.40528,25329
2025-10-17T08:00:00Z,1.40527,1.40596,1.40268,1.40333,24136
2025-10-17T12:00:00Z,1.40332,1.40533,1.40315,1.40457,40664
2025-10-17T16:00:00Z,1.40458,1.40468,1.40075,1.40126,23629
2025-10-17T20:00:00Z,1.40127,1.40233,1.40099,1.40155,4765
2025-10-19T20:00:00Z,1.40147,1.40205,1.40095,1.40157,4176
2025-10-20T00:00:00Z,1.40156,1.40170,1.40050,1.40096,10917
2025-10-20T04:00:00Z,1.40098,1.40313,1.40087,1.40302,15916
2025-10-20T08:00:00Z,1.40301,1.40428,1.40263,1.40381,16537
2025-10-20T12:00:00Z,1.40379,1.40507,1.40254,1.40298,27454
2025-10-20T16:00:00Z,1.40299,1.40381,1.40264,1.40323,12404
2025-10-20T20:00:00Z,1.40323,1.40392,1.40274,1.40330,6144
2025-10-21T00:00:00Z,1.40328,1.40512,1.40287,1.40490,12129
2025-10-21T04:00:00Z,1.40489,1.40621,1.40483,1.40578,17873
2025-10-21T08:00:00Z,1.40579,1.40655,1.40419,1.40467,21080
2025-10-21T12:00:00Z,1.40467,1.40477,1.40106,1.40108,41697
2025-10-21T16:00:00Z,1.40106,1.40232,1.40027,1.40158,18681
2025-10-21T20:00:00Z,1.40156,1.40238,1.40155,1.40193,5552
2025-10-22T00:00:00Z,1.40195,1.40195,1.40021,1.40039,12696
2025-10-22T04:00:00Z,1.40040,1.40083,1.39927,1.40052,17335
2025-10-22T08:00:00Z,1.40050,1.40319,1.40037,1.40276,18009
2025-10-22T12:00:00Z,1.40275,1.40300,1.39778,1.39785,35248
2025-10-22T16:00:00Z,1.39785,1.39957,1.39753,1.39846,24639
2025-10-22T20:00:00Z,1.39845,1.39987,1.39845,1.39893,5864
2025-10-23T00:00:00Z,1.39892,1.40042,1.39875,1.40003,15155
2025-10-23T04:00:00Z,1.40004,1.40020,1.39862,1.39949,15901
2025-10-23T08:00:00Z,1.39948,1.39992,1.39918,1.39948,15489
2025-10-23T12:00:00Z,1.39950,1.40028,1.39791,1.39922,27504
2025-10-23T16:00:00Z,1.39922,1.40028,1.39854,1.39863,13886
2025-10-23T20:00:00Z,1.39862,1.39919,1.39728,1.39867,9228
2025-10-24T00:00:00Z,1.39867,1.40289,1.39835,1.40054,17810
2025-10-24T04:00:00Z,1.40053,1.40204,1.40033,1.40071,19316
2025-10-24T08:00:00Z,1.40070,1.40317,1.40052,1.40263,18500
2025-10-24T12:00:00Z,1.40262,1.40385,1.39993,1.40125,45643
2025-10-24T16:00:00Z,1.40125,1.40156,1.39966,1.39975,13349
2025-10-24T20:00:00Z,1.39975,1.40021,1.39910,1.39914,3204
2025-10-26T20:00:00Z,1.40040,1.40083,1.39875,1.39937,7498
2025-10-27T00:00:00Z,1.39936,1.39938,1.39777,1.39891,19558
2025-10-27T04:00:00Z,1.39891,1.39923,1.39725,1.39776,20365
2025-10-27T08:00:00Z,1.39778,1.39796,1.39697,1.39778,23426
2025-10-27T12:00:00Z,1.39777,1.40079,1.39756,1.39967,31148
2025-10-27T16:00:00Z,1.39961,1.40008,1.39895,1.39941,13521
2025-10-27T20:00:00Z,1.39940,1.39944,1.39824,1.39913,8021
2025-10-28T00:00:00Z,1.39914,1.39938,1.39818,1.39851,17250
2025-10-28T04:00:00Z,1.39852,1.40034,1.39814,1.40006,17819
2025-10-28T08:00:00Z,1.40005,1.40050,1.39935,1.39976,25284
2025-10-28T12:00:00Z,1.39975,1.40019,1.39365,1.39366,35714
2025-10-28T16:00:00Z,1.39367,1.39487,1.39349,1.39366,18786
2025-10-28T20:00:00Z,1.39365,1.39488,1.39328,1.39387,7470
2025-10-29T00:00:00Z,1.39388,1.39413,1.39315,1.39371,20818
2025-10-29T04:00:00Z,1.39373,1.39447,1.39235,1.39283,19624
2025-10-29T08:00:00Z,1.39283,1.39491,1.39281,1.39403,19657
2025-10-29T12:00:00Z,1.39401,1.39407,1.38874,1.38943,33287
2025-10-29T16:00:00Z,1.38946,1.39545,1.38887,1.39470,44687
2025-10-29T20:00:00Z,1.39471,1.39531,1.39381,1.39410,9524
2025-10-30T00:00:00Z,1.39413,1.39442,1.39331,1.39392,21520
2025-10-30T04:00:00Z,1.39391,1.39434,1.39263,1.39389,27844
2025-10-30T08:00:00Z,1.39389,1.39835,1.39372,1.39820,21093
2025-10-30T12:00:00Z,1.39821,1.40137,1.39770,1.39824,47383
2025-10-30T16:00:00Z,1.39824,1.39900,1.39770,1.39879,15623
2025-10-30T20:00:00Z,1.39880,1.39888,1.39799,1.39809,7947
2025-10-31T00:00:00Z,1.39809,1.39901,1.39785,1.39876,20962
2025-10-31T04:00:00Z,1.39875,1.40107,1.39856,1.40010,17640
2025-10-31T08:00:00Z,1.40011,1.40182,1.39947,1.40137,18725
2025-10-31T12:00:00Z,1.40135,1.40348,1.40008,1.40106,31185
2025-10-31T16:00:00Z,1.40107,1.40253,1.40072,1.40253,21863
2025-10-31T20:00:00Z,1.40252,1.40263,1.40064,1.40090,7557
2025-11-02T20:00:00Z,1.40075,1.40176,1.40051,1.40155,5991
2025-11-03T00:00:00Z,1.40155,1.40232,1.40115,1.40118,10303
2025-11-03T04:00:00Z,1.40118,1.40194,1.40080,1.40183,13090
2025-11-03T08:00:00Z,1.40183,1.40471,1.40175,1.40445,15567
2025-11-03T12:00:00Z,1.40444,1.40754,1.40343,1.40683,23705
2025-11-03T16:00:00Z,1.40682,1.40689,1.40461,1.40517,22480
2025-11-03T20:00:00Z,1.40516,1.40578,1.40498,1.40551,9004
2025-11-04T00:00:00Z,1.40552,1.40696,1.40552,1.40616,19462
2025-11-04T04:00:00Z,1.40615,1.40732,1.40558,1.40564,23110
2025-11-04T08:00:00Z,1.40561,1.40801,1.40536,1.40801,18576
2025-11-04T12:00:00Z,1.40801,1.40955,1.40759,1.40831,29371
2025-11-04T16:00:00Z,1.40832,1.41015,1.40775,1.41007,19585
2025-11-04T20:00:00Z,1.41006,1.41072,1.40913,1.41011,13105
2025-11-05T00:00:00Z,1.41013,1.41186,1.41010,1.41108,22790
2025-11-05T04:00:00Z,1.41107,1.41197,1.41072,1.41149,18006
2025-11-05T08:00:00Z,1.41149,1.41350,1.41072,1.41343,17877
2025-11-05T12:00:00Z,1.41341,1.41400,1.41188,1.41239,27982
2025-11-05T16:00:00Z,1.41238,1.41311,1.41051,1.41121,15181
2025-11-05T20:00:00Z,1.41121,1.41125,1.41013,1.41022,13751
2025-11-06T00:00:00Z,1.41022,1.41077,1.40993,1.41034,18505
2025-11-06T04:00:00Z,1.41035,1.41046,1.40965,1.41004,18051
2025-11-06T08:00:00Z,1.41005,1.41040,1.40895,1.40962,26373
2025-11-06T12:00:00Z,1.40962,1.41338,1.40896,1.41298,36648
2025-11-06T16:00:00Z,1.41297,1.41396,1.41045,1.41125,25688
2025-11-06T20:00:00Z,1.41125,1.41207,1.41029,1.41117,10168
2025-11-07T00:00:00Z,1.41119,1.41259,1.41115,1.41241,16732
2025-11-07T04:00:00Z,1.41241,1.41255,1.41141,1.41160,11749
2025-11-07T08:00:00Z,1.41159,1.41192,1.41079,1.41086,17451
2025-11-07T12:00:00Z,1.41086,1.41159,1.40547,1.40737,42436
2025-11-07T16:00:00Z,1.40738,1.40792,1.40356,1.40396,22205
2025-11-07T20:00:00Z,1.40398,1.40467,1.40267,1.40376,9648
2025-11-09T20:00:00Z,1.40516,1.40523,1.40364,1.40439,4912
2025-11-10T00:00:00Z,1.40439,1.40458,1.40256,1.40328,33437
2025-11-10T04:00:00Z,1.40330,1.40330,1.40100,1.40144,35467
2025-11-10T08:00:00Z,1.40142,1.40214,1.40005,1.40146,21907
2025-11-10T12:00:00Z,1.40148,1.40288,1.40006,1.40271,26087
2025-11-10T16:00:00Z,1.40272,1.40360,1.40128,1.40177,18440
2025-11-10T20:00:00Z,1.40175,1.40268,1.40126,1.40255,10478
2025-11-11T00:00:00Z,1.40254,1.40353,1.40213,1.40336,20765
2025-11-11T04:00:00Z,1.40335,1.40407,1.40302,1.40312,21877
2025-11-11T08:00:00Z,1.40313,1.40361,1.40255,1.40271,19958
2025-11-11T12:00:00Z,1.40270,1.40307,1.40026,1.40101,29985
2025-11-11T16:00:00Z,1.40101,1.40115,1.40014,1.40095,18778
2025-11-11T20:00:00Z,1.40096,1.40202,1.39999,1.40157,8531
2025-11-12T00:00:00Z,1.40157,1.40201,1.40130,1.40154,22382
2025-11-12T04:00:00Z,1.40155,1.40194,1.40030,1.40054,20493
2025-11-12T08:00:00Z,1.40054,1.40209,1.40023,1.40166,21854
2025-11-12T12:00:00Z,1.40166,1.40213,1.39946,1.39959,28719
2025-11-12T16:00:00Z,1.39960,1.40061,1.39894,1.39975,19279
2025-11-12T20:00:00Z,1.39974,1.40104,1.39963,1.40095,8991
2025-11-13T00:00:00Z,1.40095,1.40160,1.40024,1.40058,20322
2025-11-13T04:00:00Z,1.40057,1.40127,1.39943,1.39946,16892
2025-11-13T08:00:00Z,1.39946,1.39971,1.39846,1.39964,20839
2025-11-13T12:00:00Z,1.39967,1.40145,1.39931,1.40105,28924
2025-11-13T16:00:00Z,1.40105,1.40376,1.40063,1.40326,28474
2025-11-13T20:00:00Z,1.40325,1.40375,1.40240,1.40364,11089
2025-11-14T00:00:00Z,1.40365,1.40439,1.40173,1.40237,20326
2025-11-14T04:00:00Z,1.40237,1.40379,1.40215,1.40379,20398
2025-11-14T08:00:00Z,1.40378,1.40450,1.40297,1.40430,26000
2025-11-14T12:00:00Z,1.40431,1.40444,1.40136,1.40269,40040
2025-11-14T16:00:00Z,1.40270,1.40325,1.40174,1.40252,24157
2025-11-14T20:00:00Z,1.40254,1.40272,1.40138,1.40209,10684
2025-11-16T20:00:00Z,1.40125,1.40262,1.40103,1.40181,4255
2025-11-17T00:00:00Z,1.40180,1.40384,1.40179,1.40371,22017
2025-11-17T04:00:00Z,1.40372,1.40375,1.40170,1.40192,16449
2025-11-17T08:00:00Z,1.40193,1.40320,1.40155,1.40267,22558
2025-11-17T12:00:00Z,1.40267,1.40412,1.40232,1.40275,31612
2025-11-17T16:00:00Z,1.40275,1.40547,1.40232,1.40544,31228
2025-11-17T20:00:00Z,1.40544,1.40576,1.40348,1.40506,11737
2025-11-18T00:00:00Z,1.40510,1.40563,1.40467,1.40541,20983
2025-11-18T04:00:00Z,1.40541,1.40618,1.40475,1.40506,23064
2025-11-18T08:00:00Z,1.40506,1.40506,1.40288,1.40301,26193
2025-11-18T12:00:00Z,1.40301,1.40361,1.40024,1.40138,42382
2025-11-18T16:00:00Z,1.40137,1.40202,1.39709,1.39788,32072
2025-11-18T20:00:00Z,1.39788,1.39900,1.39773,1.39851,12894
2025-11-19T00:00:00Z,1.39853,1.39996,1.39845,1.39975,26701
2025-11-19T04:00:00Z,1.39975,1.40006,1.39880,1.39937,18034
2025-11-19T08:00:00Z,1.39937,1.40070,1.39892,1.40035,29360
2025-11-19T12:00:00Z,1.40034,1.40375,1.39997,1.40358,39210
2025-11-19T16:00:00Z,1.40359,1.40649,1.40357,1.40571,31890
2025-11-19T20:00:00Z,1.40571,1.40601,1.40409,1.40435,13713
2025-11-20T00:00:00Z,1.40435,1.40605,1.40432,1.40575,17786
2025-11-20T04:00:00Z,1.40576,1.40606,1.40530,1.40569,13210
2025-11-20T08:00:00Z,1.40571,1.40644,1.40469,1.40620,20123
2025-11-20T12:00:00Z,1.40621,1.40711,1.40393,1.40627,44158
2025-11-20T16:00:00Z,1.40629,1.41066,1.40627,1.40905,42365
2025-11-20T20:00:00Z,1.40905,1.41028,1.40836,1.40913,15218
2025-11-21T00:00:00Z,1.40916,1.40956,1.40832,1.40922,22916
2025-11-21T04:00:00Z,1.40922,1.41048,1.40855,1.41027,18561
2025-11-21T08:00:00Z,1.41028,1.41053,1.40817,1.41026,28043
2025-11-21T12:00:00Z,1.41026,1.41269,1.40811,1.41258,44782
2025-11-21T16:00:00Z,1.41257,1.41305,1.40900,1.40935,31071
2025-11-21T20:00:00Z,1.40935,1.41030,1.40890,1.41001,12562
2025-11-23T20:00:00Z,1.40941,1.40994,1.40909,1.40947,3800
2025-11-24T00:00:00Z,1.40947,1.41038,1.40920,1.40954,13006
2025-11-24T04:00:00Z,1.40953,1.41037,1.40911,1.41036,11771
2025-11-24T08:00:00Z,1.41037,1.41142,1.40945,1.41097,23013
2025-11-24T12:00:00Z,1.41098,1.41177,1.40968,1.41118,29992
2025-11-24T16:00:00Z,1.41118,1.41185,1.41031,1.41068,15998
2025-11-24T20:00:00Z,1.41067,1.41114,1.41017,1.41096,7622
2025-11-25T00:00:00Z,1.41098,1.41174,1.41048,1.41163,15906
2025-11-25T04:00:00Z,1.41162,1.41237,1.41150,1.41166,13044
2025-11-25T08:00:00Z,1.41165,1.41238,1.41089,1.41207,19153
2025-11-25T12:00:00Z,1.41208,1.41243,1.41003,1.41052,43474
2025-11-25T16:00:00Z,1.41053,1.41183,1.40891,1.40917,24381
2025-11-25T20:00:00Z,1.40917,1.41034,1.40888,1.41030,10253
2025-11-26T00:00:00Z,1.41029,1.41045,1.40703,1.40712,23441
2025-11-26T04:00:00Z,1.40711,1.40773,1.40671,1.40687,21384
2025-11-26T08:00:00Z,1.40687,1.40892,1.40683,1.40880,18981
2025-11-26T12:00:00Z,1.40881,1.41004,1.40553,1.40563,32816
2025-11-26T16:00:00Z,1.40562,1.40576,1.40341,1.40394,17362
2025-11-26T20:00:00Z,1.40395,1.40440,1.40319,1.40389,8984
2025-11-27T00:00:00Z,1.40391,1.40399,1.40292,1.40346,15938
2025-11-27T04:00:00Z,1.40346,1.40378,1.40282,1.40337,16461
2025-11-27T08:00:00Z,1.40335,1.40498,1.40328,1.40455,16026
2025-11-27T12:00:00Z,1.40456,1.40461,1.40278,1.40328,14019
2025-11-27T16:00:00Z,1.40328,1.40374,1.40278,1.40292,6313
2025-11-27T20:00:00Z,1.40292,1.40322,1.40241,1.40261,6413
2025-11-28T00:00:00Z,1.40260,1.40340,1.40250,1.40325,67327
2025-11-28T04:00:00Z,1.40326,1.40424,1.40281,1.40404,98706
2025-11-28T08:00:00Z,1.40405,1.40510,1.40328,1.40354,99438
2025-11-28T12:00:00Z,1.40351,1.40401,1.39381,1.39403,51442
2025-11-28T16:00:00Z,1.39403,1.39857,1.39377,1.39727,18816
2025-11-28T20:00:00Z,1.39725,1.39764,1.39627,1.39752,20059
2025-11-30T20:00:00Z,1.39735,1.39780,1.39648,1.39698,4464
2025-12-01T00:00:00Z,1.39698,1.39850,1.39639,1.39800,27322
2025-12-01T04:00:00Z,1.39799,1.39893,1.39698,1.39778,19742
2025-12-01T08:00:00Z,1.39779,1.39911,1.39745,1.39748,22191
2025-12-01T12:00:00Z,1.39747,1.39752,1.39544,1.39647,34003
2025-12-01T16:00:00Z,1.39646,1.39995,1.39639,1.39966,24619
2025-12-01T20:00:00Z,1.39967,1.40014,1.39899,1.40012,8846
2025-12-02T00:00:00Z,1.40011,1.40069,1.39973,1.39981,13927
2025-12-02T04:00:00Z,1.39981,1.40014,1.39936,1.39971,11907
2025-12-02T08:00:00Z,1.39972,1.40140,1.39920,1.40124,19946
2025-12-02T12:00:00Z,1.40124,1.40137,1.39751,1.39803,31723
2025-12-02T16:00:00Z,1.39803,1.39946,1.39673,1.39716,27216
2025-12-02T20:00:00Z,1.39715,1.39822,1.39640,1.39693,7460
2025-12-03T00:00:00Z,1.39694,1.39748,1.39619,1.39685,17511
2025-12-03T04:00:00Z,1.39685,1.39740,1.39616,1.39704,14257
2025-12-03T08:00:00Z,1.39704,1.39705,1.39394,1.39452,25114
2025-12-03T12:00:00Z,1.39451,1.39690,1.39379,1.39491,35250
2025-12-03T16:00:00Z,1.39491,1.39539,1.39405,1.39470,23573
2025-12-03T20:00:00Z,1.39472,1.39543,1.39387,1.39530,7864
2025-12-04T00:00:00Z,1.39530,1.39681,1.39521,1.39624,20857
2025-12-04T04:00:00Z,1.39623,1.39707,1.39577,1.39627,14486
2025-12-04T08:00:00Z,1.39626,1.39744,1.39567,1.39700,23898
2025-12-04T12:00:00Z,1.39699,1.39770,1.39247,1.39324,32563
2025-12-04T16:00:00Z,1.39325,1.39571,1.39322,1.39514,30642
2025-12-04T20:00:00Z,1.39515,1.39604,1.39476,1.39593,9130
2025-12-05T00:00:00Z,1.39595,1.39595,1.39497,1.39547,8022
2025-12-05T04:00:00Z,1.39548,1.39551,1.39397,1.39465,11876
2025-12-05T08:00:00Z,1.39463,1.39521,1.39402,1.39409,17120
2025-12-05T12:00:00Z,1.39410,1.39440,1.38528,1.38540,38894
2025-12-05T16:00:00Z,1.38541,1.38701,1.38323,1.38364,24906
2025-12-05T20:00:00Z,1.38364,1.38423,1.38102,1.38110,9885
2025-12-07T20:00:00Z,1.38171,1.38351,1.38171,1.38347,6196
2025-12-08T00:00:00Z,1.38348,1.38349,1.38185,1.38255,14624
2025-12-08T04:00:00Z,1.38255,1.38286,1.38130,1.38245,14371
2025-12-08T08:00:00Z,1.38246,1.38266,1.38133,1.38149,23287
2025-12-08T12:00:00Z,1.38149,1.38447,1.37993,1.38444,34399
2025-12-08T16:00:00Z,1.38444,1.38590,1.38389,1.38498,29362
2025-12-08T20:00:00Z,1.38498,1.38592,1.38473,1.38485,7506
2025-12-09T00:00:00Z,1.38485,1.38543,1.38461,1.38467,14841
2025-12-09T04:00:00Z,1.38467,1.38574,1.38441,1.38556,18980
2025-12-09T08:00:00Z,1.38556,1.38574,1.38376,1.38432,25537
2025-12-09T12:00:00Z,1.38432,1.38493,1.38232,1.38407,30536
2025-12-09T16:00:00Z,1.38406,1.38605,1.38289,1.38475,22216
2025-12-09T20:00:00Z,1.38475,1.38539,1.38404,1.38455,7200
2025-12-10T00:00:00Z,1.38455,1.38569,1.38443,1.38544,19512
2025-12-10T04:00:00Z,1.38545,1.38558,1.38447,1.38538,11076
2025-12-10T08:00:00Z,1.38537,1.38582,1.38464,1.38466,26155
2025-12-10T12:00:00Z,1.38465,1.38715,1.38373,1.38509,30391
2025-12-10T16:00:00Z,1.38510,1.38560,1.38076,1.38098,38784
2025-12-10T20:00:00Z,1.38098,1.38141,1.37834,1.37892,16612
2025-12-11T00:00:00Z,1.37891,1.38157,1.37842,1.38135,29433
2025-12-11T04:00:00Z,1.38135,1.38224,1.38102,1.38212,20697
2025-12-11T08:00:00Z,1.38210,1.38211,1.37927,1.37956,28931
2025-12-11T12:00:00Z,1.37955,1.38027,1.37568,1.37591,37265
2025-12-11T16:00:00Z,1.37591,1.37805,1.37564,1.37786,21729
2025-12-11T20:00:00Z,1.37787,1.37790,1.37626,1.37753,11305
2025-12-12T00:00:00Z,1.37755,1.37756,1.37666,1.37748,22431
2025-12-12T04:00:00Z,1.37747,1.37783,1.37641,1.37651,18080
2025-12-12T08:00:00Z,1.37651,1.37666,1.37547,1.37559,25031
2025-12-12T12:00:00Z,1.37558,1.37836,1.37529,1.37808,39630
2025-12-12T16:00:00Z,1.37809,1.37944,1.37596,1.37659,30892
2025-12-12T20:00:00Z,1.37660,1.37718,1.37621,1.37694,8803
2025-12-14T20:00:00Z,1.37618,1.37731,1.37589,1.37678,4371
2025-12-15T00:00:00Z,1.37679,1.37709,1.37596,1.37670,19907
2025-12-15T04:00:00Z,1.37668,1.37699,1.37595,1.37626,16092
2025-12-15T08:00:00Z,1.37624,1.37764,1.37571,1.37653,16349
2025-12-15T12:00:00Z,1.37652,1.37719,1.37472,1.37612,32983
2025-12-15T16:00:00Z,1.37612,1.37880,1.37598,1.37718,23650
2025-12-15T20:00:00Z,1.37724,1.37747,1.37630,1.37691,10752
2025-12-16T00:00:00Z,1.37690,1.37807,1.37662,1.37694,25209
2025-12-16T04:00:00Z,1.37693,1.37719,1.37637,1.37698,19573
2025-12-16T08:00:00Z,1.37698,1.37795,1.37634,1.37737,23558
2025-12-16T12:00:00Z,1.37737,1.37737,1.37298,1.37474,48576
2025-12-16T16:00:00Z,1.37473,1.37618,1.37356,1.37451,27717
2025-12-16T20:00:00Z,1.37453,1.37604,1.37412,1.37550,14517
2025-12-17T00:00:00Z,1.37551,1.37707,1.37550,1.37661,22161
2025-12-17T04:00:00Z,1.37660,1.37836,1.37660,1.37801,16661
2025-12-17T08:00:00Z,1.37802,1.37954,1.37710,1.37900,22324
2025-12-17T12:00:00Z,1.37900,1.37915,1.37617,1.37800,37695
2025-12-17T16:00:00Z,1.37802,1.37978,1.37735,1.37887,26686
2025-12-17T20:00:00Z,1.37890,1.37893,1.37752,1.37832,9293
2025-12-18T00:00:00Z,1.37833,1.37885,1.37779,1.37856,16514
2025-12-18T04:00:00Z,1.37858,1.37862,1.37677,1.37722,15750
2025-12-18T08:00:00Z,1.37722,1.37876,1.37718,1.37819,17408
2025-12-18T12:00:00Z,1.37824,1.37955,1.37617,1.37657,47117
2025-12-18T16:00:00Z,1.37657,1.37824,1.37556,1.37801,28763
2025-12-18T20:00:00Z,1.37802,1.37835,1.37690,1.37770,12780
2025-12-19T00:00:00Z,1.37770,1.37858,1.37694,1.37828,19927
2025-12-19T04:00:00Z,1.37828,1.37962,1.37820,1.37946,15611
2025-12-19T08:00:00Z,1.37945,1.38005,1.37855,1.37961,17396
2025-12-19T12:00:00Z,1.37961,1.37990,1.37546,1.37841,27165
2025-12-19T16:00:00Z,1.37841,1.37876,1.37728,1.37858,17654
2025-12-19T20:00:00Z,1.37860,1.38054,1.37852,1.38000,6963
2025-12-21T20:00:00Z,1.37796,1.38031,1.37796,1.37903,6690
2025-12-22T00:00:00Z,1.37902,1.38004,1.37893,1.37979,25019
2025-12-22T04:00:00Z,1.37978,1.37979,1.37801,1.37813,11207
2025-12-22T08:00:00Z,1.37813,1.37840,1.37647,1.37664,22269
2025-12-22T12:00:00Z,1.37664,1.37730,1.37394,1.37416,38981
2025-12-22T16:00:00Z,1.37419,1.37482,1.37353,1.37467,18241
2025-12-22T20:00:00Z,1.37469,1.37534,1.37418,1.37491,9364
2025-12-23T00:00:00Z,1.37491,1.37491,1.37332,1.37335,15539
2025-12-23T04:00:00Z,1.37334,1.37427,1.37319,1.37346,14752
2025-12-23T08:00:00Z,1.37345,1.37354,1.36963,1.37082,17838
2025-12-23T12:00:00Z,1.37082,1.37266,1.36878,1.37099,44613
2025-12-23T16:00:00Z,1.37099,1.37162,1.36897,1.36935,24705
2025-12-23T20:00:00Z,1.36936,1.36977,1.36836,1.36853,10019
2025-12-24T00:00:00Z,1.36847,1.36888,1.36743,1.36802,14823
2025-12-24T04:00:00Z,1.36801,1.36840,1.36751,1.36832,12675
2025-12-24T08:00:00Z,1.36833,1.36878,1.36683,1.36686,17390
2025-12-24T12:00:00Z,1.36688,1.36849,1.36646,1.36675,32815
2025-12-24T16:00:00Z,1.36675,1.36798,1.36650,1.36752,17670
2025-12-24T20:00:00Z,1.36753,1.36764,1.36610,1.36667,4514
2025-12-25T00:00:00Z,1.36667,1.36686,1.36629,1.36662,227
2025-12-25T04:00:00Z,1.36663,1.36821,1.36628,1.36629,169
2025-12-25T20:00:00Z,1.36642,1.36769,1.36606,1.36734,7746
2025-12-26T00:00:00Z,1.36732,1.36794,1.36689,1.36787,28639
2025-12-26T04:00:00Z,1.36788,1.36814,1.36653,1.36757,23031
2025-12-26T08:00:00Z,1.36759,1.36846,1.36716,1.36795,11267
2025-12-26T12:00:00Z,1.36795,1.36846,1.36420,1.36569,24612
2025-12-26T16:00:00Z,1.36569,1.36743,1.36540,1.36711,31885
2025-12-26T20:00:00Z,1.36709,1.36753,1.36667,1.36717,12139
2025-12-28T20:00:00Z,1.36592,1.36764,1.36509,1.36684,4420
2025-12-29T00:00:00Z,1.36684,1.36734,1.36569,1.36597,14313
2025-12-29T04:00:00Z,1.36597,1.36873,1.36595,1.36867,16011
2025-12-29T08:00:00Z,1.36867,1.36961,1.36762,1.36943,18749
2025-12-29T12:00:00Z,1.36942,1.37007,1.36628,1.36694,28016
2025-12-29T16:00:00Z,1.36695,1.36945,1.36649,1.36833,22170
2025-12-29T20:00:00Z,1.36833,1.36984,1.36800,1.36875,10662
2025-12-30T00:00:00Z,1.36875,1.36952,1.36830,1.36873,10505
2025-12-30T04:00:00Z,1.36872,1.36885,1.36821,1.36829,11242
2025-12-30T08:00:00Z,1.36830,1.36988,1.36786,1.36980,12757
2025-12-30T12:00:00Z,1.36980,1.37083,1.36810,1.36824,28361
2025-12-30T16:00:00Z,1.36826,1.36980,1.36791,1.36959,15791
2025-12-30T20:00:00Z,1.36960,1.36988,1.36910,1.36952,7008
2025-12-31T00:00:00Z,1.36952,1.37008,1.36917,1.36965,9422
2025-12-31T04:00:00Z,1.36965,1.37096,1.36954,1.37034,9723
2025-12-31T08:00:00Z,1.37035,1.37119,1.36986,1.37043,10885
2025-12-31T12:00:00Z,1.37044,1.37262,1.36878,1.37069,32405
2025-12-31T16:00:00Z,1.37068,1.37276,1.37050,1.37200,30423
2025-12-31T20:00:00Z,1.37199,1.37276,1.37138,1.37241,17262
2026-01-01T20:00:00Z,1.37172,1.37221,1.37156,1.37171,2217
2026-01-02T00:00:00Z,1.37169,1.37184,1.37038,1.37084,14535
2026-01-02T04:00:00Z,1.37081,1.37180,1.36998,1.37014,16273
2026-01-02T08:00:00Z,1.37014,1.37290,1.37009,1.37259,23697
2026-01-02T12:00:00Z,1.37260,1.37469,1.37203,1.37236,23134
2026-01-02T16:00:00Z,1.37238,1.37473,1.37228,1.37331,29300
2026-01-02T20:00:00Z,1.37329,1.37371,1.37261,1.37261,7900
2026-01-04T20:00:00Z,1.37305,1.37474,1.37305,1.37469,6438
2026-01-05T00:00:00Z,1.37468,1.37680,1.37405,1.37675,27454
2026-01-05T04:00:00Z,1.37675,1.37809,1.37639,1.37775,24548
2026-01-05T08:00:00Z,1.37778,1.37881,1.37621,1.37664,27905
2026-01-05T12:00:00Z,1.37665,1.38150,1.37450,1.37479,50835
2026-01-05T16:00:00Z,1.37479,1.37646,1.37447,1.37559,29226
2026-01-05T20:00:00Z,1.37560,1.37734,1.37559,1.37728,12090
2026-01-06T00:00:00Z,1.37729,1.37758,1.37601,1.37656,20369
2026-01-06T04:00:00Z,1.37657,1.37667,1.37510,1.37623,14863
2026-01-06T08:00:00Z,1.37625,1.37735,1.37533,1.37701,24853
2026-01-06T12:00:00Z,1.37700,1.37925,1.37562,1.37853,34565
2026-01-06T16:00:00Z,1.37854,1.38071,1.37822,1.38042,19454
2026-01-06T20:00:00Z,1.38043,1.38165,1.38008,1.38156,8098
2026-01-07T00:00:00Z,1.38155,1.38247,1.38098,1.38158,21843
2026-01-07T04:00:00Z,1.38155,1.38256,1.38099,1.38249,18346
2026-01-07T08:00:00Z,1.38249,1.38265,1.38022,1.38056,19505
2026-01-07T12:00:00Z,1.38058,1.38177,1.37895,1.38120,32925
2026-01-07T16:00:00Z,1.38119,1.38461,1.38108,1.38448,19594
2026-01-07T20:00:00Z,1.38448,1.38613,1.38437,1.38578,12390
2026-01-08T00:00:00Z,1.38578,1.38663,1.38568,1.38601,18640
2026-01-08T04:00:00Z,1.38602,1.38792,1.38600,1.38786,18251
2026-01-08T08:00:00Z,1.38785,1.38880,1.38654,1.38656,20715
2026-01-08T12:00:00Z,1.38657,1.38726,1.38502,1.38584,27957
2026-01-08T16:00:00Z,1.38583,1.38764,1.38581,1.38674,22172
2026-01-08T20:00:00Z,1.38675,1.38676,1.38545,1.38640,11768
2026-01-09T00:00:00Z,1.38641,1.38755,1.38640,1.38694,17435
2026-01-09T04:00:00Z,1.38694,1.38763,1.38641,1.38685,15005
2026-01-09T08:00:00Z,1.38683,1.38785,1.38664,1.38707,16954
2026-01-09T12:00:00Z,1.38707,1.39058,1.38667,1.38900,42636
2026-01-09T16:00:00Z,1.38900,1.39127,1.38807,1.39090,26550
2026-01-09T20:00:00Z,1.39090,1.39195,1.39079,1.39094,7174
2026-01-11T20:00:00Z,1.39100,1.39170,1.39092,1.39121,3656
2026-01-12T00:00:00Z,1.39121,1.39140,1.38826,1.38954,27271
2026-01-12T04:00:00Z,1.38954,1.38984,1.38754,1.38764,17259
2026-01-12T08:00:00Z,1.38765,1.38833,1.38667,1.38786,22249
2026-01-12T12:00:00Z,1.38786,1.38942,1.38678,1.38730,35942
2026-01-12T16:00:00Z,1.38729,1.38805,1.38679,1.38704,20973
2026-01-12T20:00:00Z,1.38704,1.38803,1.38676,1.38759,10586
2026-01-13T00:00:00Z,1.38759,1.38834,1.38683,1.38719,16214
2026-01-13T04:00:00Z,1.38719,1.38822,1.38666,1.38772,13865
2026-01-13T08:00:00Z,1.38771,1.38873,1.38713,1.38753,16951
2026-01-13T12:00:00Z,1.38755,1.38937,1.38544,1.38789,38090
2026-01-13T16:00:00Z,1.38788,1.38977,1.38767,1.38865,25339
2026-01-13T20:00:00Z,1.38865,1.38924,1.38800,1.38866,9187
2026-01-14T00:00:00Z,1.38868,1.38973,1.38831,1.38846,18173
2026-01-14T04:00:00Z,1.38846,1.38875,1.38795,1.38855,12753
2026-01-14T08:00:00Z,1.38854,1.38961,1.38810,1.38814,25389
2026-01-14T12:00:00Z,1.38814,1.38844,1.38658,1.38798,36582
2026-01-14T16:00:00Z,1.38798,1.38831,1.38697,1.38736,24719
2026-01-14T20:00:00Z,1.38736,1.38871,1.38717,1.38864,12607
2026-01-15T00:00:00Z,1.38864,1.38978,1.38843,1.38963,17320
2026-01-15T04:00:00Z,1.38963,1.39035,1.38956,1.38997,13589
2026-01-15T08:00:00Z,1.38995,1.39074,1.38965,1.39002,13653
2026-01-15T12:00:00Z,1.39002,1.39193,1.38909,1.38910,27928
2026-01-15T16:00:00Z,1.38911,1.39003,1.38866,1.38922,20519
2026-01-15T20:00:00Z,1.38920,1.38991,1.38798,1.38896,10970
2026-01-16T00:00:00Z,1.38897,1.38977,1.38840,1.38855,27635
2026-01-16T04:00:00Z,1.38854,1.38944,1.38839,1.38939,18569
2026-01-16T08:00:00Z,1.38939,1.38970,1.38839,1.38875,34170
2026-01-16T12:00:00Z,1.38877,1.39195,1.38841,1.39144,50534
2026-01-16T16:00:00Z,1.39142,1.39282,1.39030,1.39160,39035
2026-01-16T20:00:00Z,1.39160,1.39185,1.39100,1.39100,9582
2026-01-18T20:00:00Z,1.39082,1.39172,1.38994,1.39001,8348
2026-01-19T00:00:00Z,1.39004,1.39070,1.38898,1.38985,32936
2026-01-19T04:00:00Z,1.38985,1.38986,1.38840,1.38976,25817
2026-01-19T08:00:00Z,1.38974,1.38975,1.38834,1.38898,36948
2026-01-19T12:00:00Z,1.38898,1.38918,1.38598,1.38648,39579
2026-01-19T16:00:00Z,1.38649,1.38695,1.38593,1.38682,14094
2026-01-19T20:00:00Z,1.38682,1.38771,1.38551,1.38739,5741
2026-01-20T00:00:00Z,1.38739,1.38784,1.38534,1.38542,30952
2026-01-20T04:00:00Z,1.38541,1.38648,1.38370,1.38376,30007
2026-01-20T08:00:00Z,1.38377,1.38394,1.38147,1.38187,42953
2026-01-20T12:00:00Z,1.38188,1.38403,1.38137,1.38294,64588
2026-01-20T16:00:00Z,1.38294,1.38350,1.38176,1.38340,36969
2026-01-20T20:00:00Z,1.38339,1.38430,1.38285,1.38329,21387
2026-01-21T00:00:00Z,1.38332,1.38400,1.38233,1.38354,23179
2026-01-21T04:00:00Z,1.38355,1.38399,1.38277,1.38321,16934
2026-01-21T08:00:00Z,1.38322,1.38424,1.38243,1.38295,38386
2026-01-21T12:00:00Z,1.38294,1.38297,1.37851,1.37974,36578
2026-01-21T16:00:00Z,1.37972,1.38373,1.37958,1.38295,34481
2026-01-21T20:00:00Z,1.38295,1.38437,1.38266,1.38437,13623
2026-01-22T00:00:00Z,1.38436,1.38446,1.38216,1.38235,27413
2026-01-22T04:00:00Z,1.38236,1.38253,1.38160,1.38200,25109
2026-01-22T08:00:00Z,1.38199,1.38328,1.38143,1.38277,24982
2026-01-22T12:00:00Z,1.38278,1.38282,1.37961,1.38018,30960
2026-01-22T16:00:00Z,1.38021,1.38079,1.37825,1.37912,25259
2026-01-22T20:00:00Z,1.37910,1.37928,1.37813,1.37842,8980
2026-01-23T00:00:00Z,1.37844,1.37957,1.37835,1.37941,13763
2026-01-23T04:00:00Z,1.37941,1.37966,1.37830,1.37938,17589
2026-01-23T08:00:00Z,1.37939,1.37991,1.37778,1.37791,21014
2026-01-23T12:00:00Z,1.37790,1.37800,1.37344,1.37347,21087
2026-01-23T16:00:00Z,1.37346,1.37452,1.37031,1.37065,35189
2026-01-23T20:00:00Z,1.37063,1.37086,1.36932,1.36972,12620
2026-01-25T20:00:00Z,1.36960,1.37094,1.36881,1.37004,10861
2026-01-26T00:00:00Z,1.37002,1.37057,1.36751,1.36858,29742
2026-01-26T04:00:00Z,1.36859,1.36959,1.36747,1.36958,21501
2026-01-26T08:00:00Z,1.36957,1.36958,1.36711,1.36843,19525
2026-01-26T12:00:00Z,1.36840,1.37124,1.36785,1.36795,29246
2026-01-26T16:00:00Z,1.36796,1.37197,1.36753,1.37159,27971
2026-01-26T20:00:00Z,1.37162,1.37173,1.37011,1.37141,10610
2026-01-27T00:00:00Z,1.37141,1.37240,1.37079,1.37233,23357
2026-01-27T04:00:00Z,1.37234,1.37388,1.37216,1.37317,16657
2026-01-27T08:00:00Z,1.37316,1.37379,1.37046,1.37058,21270
2026-01-27T12:00:00Z,1.37060,1.37068,1.36052,1.36099,46736
2026-01-27T16:00:00Z,1.36100,1.36172,1.35908,1.36149,33934
2026-01-27T20:00:00Z,1.36150,1.36228,1.35585,1.35926,33757
2026-01-28T00:00:00Z,1.35923,1.36144,1.35916,1.36003,25970
2026-01-28T04:00:00Z,1.36002,1.36041,1.35667,1.35832,21555
2026-01-28T08:00:00Z,1.35830,1.35830,1.35560,1.35737,31997
2026-01-28T12:00:00Z,1.35737,1.35911,1.35351,1.35596,54957
2026-01-28T16:00:00Z,1.35596,1.36075,1.35572,1.35687,38347
2026-01-28T20:00:00Z,1.35684,1.35701,1.35362,1.35376,21712
2026-01-29T00:00:00Z,1.35376,1.35578,1.35201,1.35206,34087
2026-01-29T04:00:00Z,1.35205,1.35329,1.35089,1.35266,27502
2026-01-29T08:00:00Z,1.35265,1.35622,1.35175,1.35488,27060
2026-01-29T12:00:00Z,1.35486,1.35774,1.34913,1.35542,77643
2026-01-29T16:00:00Z,1.35544,1.35573,1.34909,1.34978,48348
2026-01-29T20:00:00Z,1.34977,1.35056,1.34811,1.34911,15070
2026-01-30T00:00:00Z,1.34910,1.35451,1.34839,1.35194,38907
2026-01-30T04:00:00Z,1.35195,1.35294,1.35078,1.35130,26954
2026-01-30T08:00:00Z,1.35128,1.35527,1.35044,1.35050,36866
2026-01-30T12:00:00Z,1.35051,1.35552,1.34926,1.35418,49627
2026-01-30T16:00:00Z,1.35419,1.36169,1.35413,1.35879,75816
2026-01-30T20:00:00Z,1.35877,1.36247,1.35875,1.36139,17551
2026-02-01T20:00:00Z,1.36007,1.36575,1.35985,1.36382,12191
2026-02-02T00:00:00Z,1.36382,1.36498,1.36131,1.36476,61539
2026-02-02T04:00:00Z,1.36474,1.36745,1.36375,1.36518,40940
2026-02-02T08:00:00Z,1.36518,1.36544,1.36245,1.36322,26614
2026-02-02T12:00:00Z,1.36321,1.36928,1.36267,1.36915,50396
2026-02-02T16:00:00Z,1.36914,1.37022,1.36712,1.36841,37668
2026-02-02T20:00:00Z,1.36840,1.36890,1.36670,1.36727,16538
2026-02-03T00:00:00Z,1.36727,1.36801,1.36545,1.36569,33854
2026-02-03T04:00:00Z,1.36569,1.36672,1.36509,1.36554,27002
2026-02-03T08:00:00Z,1.36559,1.36853,1.36541,1.36776,23264
2026-02-03T12:00:00Z,1.36776,1.36801,1.36449,1.36516,37336
2026-02-03T16:00:00Z,1.36517,1.36585,1.36358,1.36508,36370
2026-02-03T20:00:00Z,1.36510,1.36537,1.36288,1.36398,11896
2026-02-04T00:00:00Z,1.36398,1.36503,1.36320,1.36441,17360
2026-02-04T04:00:00Z,1.36442,1.36460,1.36300,1.36351,15432
2026-02-04T08:00:00Z,1.36350,1.36739,1.36284,1.36643,17449
2026-02-04T12:00:00Z,1.36645,1.36798,1.36436,1.36717,36069
2026-02-04T16:00:00Z,1.36716,1.36838,1.36585,1.36673,32442
2026-02-04T20:00:00Z,1.36672,1.36743,1.36523,1.36708,10702
2026-02-05T00:00:00Z,1.36708,1.36927,1.36597,1.36860,31823
2026-02-05T04:00:00Z,1.36860,1.36896,1.36763,1.36869,22350
2026-02-05T08:00:00Z,1.36870,1.36998,1.36772,1.36833,18339
2026-02-05T12:00:00Z,1.36835,1.36922,1.36521,1.36841,60624
2026-02-05T16:00:00Z,1.36840,1.36935,1.36659,1.36813,43771
2026-02-05T20:00:00Z,1.36812,1.37137,1.36766,1.37116,11962
2026-02-06T00:00:00Z,1.37116,1.37240,1.36930,1.37013,26617
2026-02-06T04:00:00Z,1.37012,1.37016,1.36832,1.36882,15411
2026-02-06T08:00:00Z,1.36884,1.36913,1.36761,1.36767,15147
2026-02-06T12:00:00Z,1.36769,1.36828,1.36241,1.36352,28290
2026-02-06T16:00:00Z,1.36353,1.36592,1.36298,1.36575,17895
2026-02-06T20:00:00Z,1.36576,1.36763,1.36450,1.36706,12337
2026-02-08T20:00:00Z,1.36692,1.36732,1.36559,1.36585,8277
2026-02-09T00:00:00Z,1.36586,1.36669,1.36506,1.36628,27643
2026-02-09T04:00:00Z,1.36626,1.36630,1.36397,1.36423,29634
2026-02-09T08:00:00Z,1.36424,1.36553,1.36315,1.36339,26887
2026-02-09T12:00:00Z,1.36338,1.36338,1.35710,1.35718,52134
2026-02-09T16:00:00Z,1.35716,1.35780,1.35558,1.35600,23933
2026-02-09T20:00:00Z,1.35600,1.35644,1.35524,1.35607,11670
2026-02-10T00:00:00Z,1.35607,1.35679,1.35477,1.35516,22649
2026-02-10T04:00:00Z,1.35517,1.35659,1.35497,1.35601,10635
2026-02-10T08:00:00Z,1.35600,1.35682,1.35572,1.35625,13793
2026-02-10T12:00:00Z,1.35622,1.35761,1.35236,1.35246,36925
2026-02-10T16:00:00Z,1.35245,1.35549,1.35228,1.35425,19654
2026-02-10T20:00:00Z,1.35427,1.35577,1.35394,1.35534,10427
2026-02-11T00:00:00Z,1.35531,1.35540,1.35184,1.35190,30740
2026-02-11T04:00:00Z,1.35190,1.35313,1.35166,1.35216,16034
2026-02-11T08:00:00Z,1.35216,1.35519,1.35038,1.35361,14850
2026-02-11T12:00:00Z,1.35359,1.36187,1.35345,1.36059,68257
2026-02-11T16:00:00Z,1.36059,1.36131,1.35500,1.35653,27679
2026-02-11T20:00:00Z,1.35652,1.35842,1.35605,1.35756,7889
2026-02-12T00:00:00Z,1.35755,1.35846,1.35644,1.35721,21428
2026-02-12T04:00:00Z,1.35721,1.35961,1.35679,1.35781,19073
2026-02-12T08:00:00Z,1.35782,1.35810,1.35566,1.35567,15331
2026-02-12T12:00:00Z,1.35567,1.36062,1.35549,1.35972,33879
2026-02-12T16:00:00Z,1.35972,1.36354,1.35966,1.36104,49210
2026-02-12T20:00:00Z,1.36108,1.36161,1.36055,1.36111,9599
2026-02-13T00:00:00Z,1.36114,1.36170,1.36073,1.36165,20018
2026-02-13T04:00:00Z,1.36166,1.36370,1.36115,1.36252,19176
2026-02-13T08:00:00Z,1.36254,1.36259,1.35970,1.36198,20443
2026-02-13T12:00:00Z,1.36200,1.36355,1.35997,1.36325,49473
2026-02-13T16:00:00Z,1.36327,1.36361,1.35930,1.36208,25661
2026-02-13T20:00:00Z,1.36207,1.36256,1.36133,1.36133,10851
2026-02-15T20:00:00Z,1.36003,1.36242,1.36003,1.36170,5571
2026-02-16T00:00:00Z,1.36170,1.36190,1.36105,1.36118,17621
2026-02-16T04:00:00Z,1.36118,1.36188,1.36065,1.36078,10359
2026-02-16T08:00:00Z,1.36077,1.36257,1.36030,1.36227,12403
2026-02-16T12:00:00Z,1.36225,1.36342,1.36172,1.36282,13164
2026-02-16T16:00:00Z,1.36281,1.36386,1.36267,1.36344,4369
2026-02-16T20:00:00Z,1.36344,1.36383,1.36244,1.36359,2188
2026-02-17T00:00:00Z,1.36356,1.36467,1.36337,1.36432,13811
2026-02-17T04:00:00Z,1.36432,1.36526,1.36364,1.36476,14236
2026-02-17T08:00:00Z,1.36477,1.36486,1.36364,1.36456,13646
2026-02-17T12:00:00Z,1.36454,1.36925,1.36423,1.36838,43528
2026-02-17T16:00:00Z,1.36837,1.36837,1.36345,1.36382,29585
2026-02-17T20:00:00Z,1.36382,1.36414,1.36313,1.36385,8001
2026-02-18T00:00:00Z,1.36389,1.36516,1.36375,1.36515,13475
2026-02-18T04:00:00Z,1.36516,1.36652,1.36489,1.36635,12546
2026-02-18T08:00:00Z,1.36635,1.36678,1.36411,1.36416,17180
2026-02-18T12:00:00Z,1.36416,1.36783,1.36368,1.36655,27653
2026-02-18T16:00:00Z,1.36653,1.36999,1.36590,1.36972,25874
2026-02-18T20:00:00Z,1.36972,1.36996,1.36876,1.36965,9171
2026-02-19T00:00:00Z,1.36965,1.37007,1.36864,1.36966,16191
2026-02-19T04:00:00Z,1.36967,1.37040,1.36769,1.36807,14132
2026-02-19T08:00:00Z,1.36810,1.36926,1.36672,1.36910,14939
2026-02-19T12:00:00Z,1.36911,1.37143,1.36756,1.36828,35278
2026-02-19T16:00:00Z,1.36828,1.37069,1.36790,1.37014,22651
2026-02-19T20:00:00Z,1.37012,1.37015,1.36769,1.36876,10016
2026-02-20T00:00:00Z,1.36875,1.37022,1.36850,1.36919,25880
2026-02-20T04:00:00Z,1.36918,1.36980,1.36802,1.36973,12538
2026-02-20T08:00:00Z,1.36974,1.37024,1.36809,1.36855,15776
2026-02-20T12:00:00Z,1.36853,1.37103,1.36693,1.36758,50383
2026-02-20T16:00:00Z,1.36758,1.37037,1.36707,1.36878,44270
2026-02-20T20:00:00Z,1.36875,1.36903,1.36687,1.36774,12178
2026-02-22T20:00:00Z,1.36676,1.36786,1.36480,1.36491,6567
2026-02-23T00:00:00Z,1.36492,1.36732,1.36491,1.36692,31519
2026-02-23T04:00:00Z,1.36693,1.36740,1.36615,1.36682,17728
2026-02-23T08:00:00Z,1.36684,1.36871,1.36617,1.36854,16083
2026-02-23T12:00:00Z,1.36858,1.36997,1.36670,1.36872,47062
2026-02-23T16:00:00Z,1.36872,1.36987,1.36798,1.36957,27879
2026-02-23T20:00:00Z,1.36958,1.37038,1.36835,1.36937,7616
2026-02-24T00:00:00Z,1.36938,1.37171,1.36912,1.37050,20181
2026-02-24T04:00:00Z,1.37050,1.37092,1.36958,1.37033,17661
2026-02-24T08:00:00Z,1.37034,1.37130,1.36956,1.37111,13431
2026-02-24T12:00:00Z,1.37111,1.37245,1.37051,1.37147,35113
2026-02-24T16:00:00Z,1.37147,1.37164,1.36967,1.37031,14714
2026-02-24T20:00:00Z,1.37033,1.37057,1.36887,1.37027,5565
2026-02-25T00:00:00Z,1.37028,1.37054,1.36806,1.36881,22897
2026-02-25T04:00:00Z,1.36885,1.36902,1.36738,1.36831,16941
2026-02-25T08:00:00Z,1.36830,1.37063,1.36796,1.37024,15373
2026-02-25T12:00:00Z,1.37025,1.37044,1.36783,1.36806,23554
2026-02-25T16:00:00Z,1.36807,1.36872,1.36742,1.36773,14263
2026-02-25T20:00:00Z,1.36774,1.36847,1.36699,1.36756,6834
2026-02-26T00:00:00Z,1.36755,1.36763,1.36585,1.36724,17267
2026-02-26T04:00:00Z,1.36723,1.36751,1.36590,1.36607,18273
2026-02-26T08:00:00Z,1.36607,1.36861,1.36602,1.36848,12578
2026-02-26T12:00:00Z,1.36850,1.37117,1.36716,1.36841,30708
2026-02-26T16:00:00Z,1.36841,1.37025,1.36790,1.36816,18448
2026-02-26T20:00:00Z,1.36816,1.36857,1.36682,1.36760,7069
2026-02-27T00:00:00Z,1.36761,1.36815,1.36686,1.36703,19897
2026-02-27T04:00:00Z,1.36703,1.36741,1.36617,1.36705,15828
2026-02-27T08:00:00Z,1.36704,1.36773,1.36648,1.36721,15303
2026-02-27T12:00:00Z,1.36721,1.36844,1.36272,1.36375,33883
2026-02-27T16:00:00Z,1.36374,1.36406,1.36248,1.36318,23970
2026-02-27T20:00:00Z,1.36318,1.36514,1.36297,1.36402,9716
2026-03-01T20:00:00Z,1.36460,1.36728,1.36313,1.36683,12258
2026-03-02T00:00:00Z,1.36684,1.36732,1.36402,1.36451,31220
2026-03-02T04:00:00Z,1.36452,1.36670,1.36447,1.36573,27891
2026-03-02T08:00:00Z,1.36574,1.36862,1.36401,1.36576,19761
2026-03-02T12:00:00Z,1.36578,1.37037,1.36498,1.37003,38095
2026-03-02T16:00:00Z,1.37006,1.37184,1.36597,1.36615,25864
2026-03-02T20:00:00Z,1.36615,1.36892,1.36607,1.36718,16759
2026-03-03T00:00:00Z,1.36717,1.36763,1.36597,1.36672,27223
2026-03-03T04:00:00Z,1.36671,1.36832,1.36635,1.36786,24055
2026-03-03T08:00:00Z,1.36792,1.37217,1.36771,1.37025,35980
2026-03-03T12:00:00Z,1.37025,1.37526,1.36817,1.37032,52666
2026-03-03T16:00:00Z,1.37031,1.37052,1.36528,1.36701,45763
2026-03-03T20:00:00Z,1.36699,1.36855,1.36591,1.36747,20480
2026-03-04T00:00:00Z,1.36748,1.36995,1.36707,1.36803,41463
2026-03-04T04:00:00Z,1.36802,1.36945,1.36479,1.36593,38188
2026-03-04T08:00:00Z,1.36592,1.36811,1.36471,1.36640,35011
2026-03-04T12:00:00Z,1.36640,1.36901,1.36437,1.36591,40566
2026-03-04T16:00:00Z,1.36589,1.36727,1.36341,1.36345,19909
2026-03-04T20:00:00Z,1.36346,1.36462,1.36266,1.36434,12264
2026-03-05T00:00:00Z,1.36435,1.36561,1.36299,1.36532,31609
2026-03-05T04:00:00Z,1.36534,1.36673,1.36396,1.36446,30574
2026-03-05T08:00:00Z,1.36447,1.36703,1.36268,1.36320,30528
2026-03-05T12:00:00Z,1.36318,1.36922,1.36150,1.36814,46027
2026-03-05T16:00:00Z,1.36815,1.37157,1.36788,1.36914,44412
2026-03-05T20:00:00Z,1.36913,1.36950,1.36648,1.36714,19953
2026-03-06T00:00:00Z,1.36713,1.36713,1.36527,1.36570,27391
2026-03-06T04:00:00Z,1.36570,1.36650,1.36475,1.36505,20238
2026-03-06T08:00:00Z,1.36504,1.36724,1.36442,1.36678,21691
2026-03-06T12:00:00Z,1.36676,1.36741,1.36158,1.36252,56856
2026-03-06T16:00:00Z,1.36253,1.36276,1.35795,1.35853,38139
2026-03-06T20:00:00Z,1.35852,1.35895,1.35605,1.35664,14362
2026-03-08T20:00:00Z,1.35996,1.36055,1.35513,1.36009,15261
2026-03-09T00:00:00Z,1.36009,1.36061,1.35576,1.35584,49786
2026-03-09T04:00:00Z,1.35583,1.35634,1.35453,1.35515,29622
2026-03-09T08:00:00Z,1.35514,1.35809,1.35252,1.35372,30323
2026-03-09T12:00:00Z,1.35371,1.35901,1.35371,1.35744,54937
2026-03-09T16:00:00Z,1.35744,1.35911,1.35600,1.35816,36614
2026-03-09T20:00:00Z,1.35817,1.35981,1.35718,1.35868,10418
2026-03-10T00:00:00Z,1.35868,1.36011,1.35840,1.35969,34351
2026-03-10T04:00:00Z,1.35970,1.36003,1.35652,1.35694,23633
2026-03-10T08:00:00Z,1.35695,1.35860,1.35579,1.35636,25001
2026-03-10T12:00:00Z,1.35638,1.35798,1.35417,1.35626,43889
2026-03-10T16:00:00Z,1.35627,1.35835,1.35627,1.35802,33868
2026-03-10T20:00:00Z,1.35802,1.35853,1.35719,1.35828,7929
2026-03-11T00:00:00Z,1.35827,1.35845,1.35550,1.35573,16037
2026-03-11T04:00:00Z,1.35572,1.35729,1.35543,1.35629,16908
2026-03-11T08:00:00Z,1.35629,1.35760,1.35597,1.35666,20319
2026-03-11T12:00:00Z,1.35665,1.36036,1.35619,1.36025,36486
2026-03-11T16:00:00Z,1.36026,1.36047,1.35744,1.35844,20381
2026-03-11T20:00:00Z,1.35844,1.36039,1.35831,1.36024,12007
2026-03-12T00:00:00Z,1.36025,1.36044,1.35777,1.35887,25443
2026-03-12T04:00:00Z,1.35887,1.35938,1.35815,1.35863,16249
2026-03-12T08:00:00Z,1.35863,1.35950,1.35763,1.35918,19211
2026-03-12T12:00:00Z,1.35916,1.36336,1.35910,1.36189,46663
2026-03-12T16:00:00Z,1.36190,1.36318,1.36110,1.36290,28289
2026-03-12T20:00:00Z,1.36289,1.36451,1.36260,1.36322,9862
2026-03-13T00:00:00Z,1.36323,1.36421,1.36205,1.36380,25231
2026-03-13T04:00:00Z,1.36381,1.36652,1.36379,1.36601,19124
2026-03-13T08:00:00Z,1.36600,1.36832,1.36596,1.36658,20819
2026-03-13T12:00:00Z,1.36657,1.37366,1.36546,1.37362,44069
2026-03-13T16:00:00Z,1.37362,1.37412,1.37182,1.37283,27842
2026-03-13T20:00:00Z,1.37284,1.37334,1.37127,1.37143,6916
2026-03-15T20:00:00Z,1.37172,1.37271,1.37084,1.37122,10189
2026-03-16T00:00:00Z,1.37121,1.37144,1.37040,1.37117,26340
2026-03-16T04:00:00Z,1.37118,1.37225,1.37032,1.37069,19108
2026-03-16T08:00:00Z,1.37067,1.37084,1.36786,1.36826,23629
2026-03-16T12:00:00Z,1.36828,1.36940,1.36525,1.36836,30234
2026-03-16T16:00:00Z,1.36838,1.36885,1.36685,1.36799,24795
2026-03-16T20:00:00Z,1.36797,1.36885,1.36776,1.36864,16213
2026-03-17T00:00:00Z,1.36865,1.36901,1.36796,1.36864,23066
2026-03-17T04:00:00Z,1.36866,1.37009,1.36812,1.36894,19630
2026-03-17T08:00:00Z,1.36892,1.37063,1.36858,1.37061,19116
2026-03-17T12:00:00Z,1.37063,1.37223,1.36800,1.37068,43147
2026-03-17T16:00:00Z,1.37068,1.37132,1.36892,1.36970,15898
2026-03-17T20:00:00Z,1.36969,1.36969,1.36871,1.36894,7170
2026-03-18T00:00:00Z,1.36894,1.37000,1.36867,1.36986,24275
2026-03-18T04:00:00Z,1.36986,1.37123,1.36968,1.37092,15068
2026-03-18T08:00:00Z,1.37092,1.37105,1.36877,1.36882,23422
2026-03-18T12:00:00Z,1.36881,1.37237,1.36876,1.36970,46028
2026-03-18T16:00:00Z,1.36971,1.37256,1.36874,1.37249,29516
2026-03-18T20:00:00Z,1.37249,1.37375,1.37194,1.37301,10351
2026-03-19T00:00:00Z,1.37300,1.37311,1.37135,1.37262,25200
2026-03-19T04:00:00Z,1.37263,1.37384,1.37210,1.37360,21565
2026-03-19T08:00:00Z,1.37358,1.37469,1.37273,1.37357,24488
2026-03-19T12:00:00Z,1.37360,1.37480,1.37053,1.37225,59944
2026-03-19T16:00:00Z,1.37225,1.37391,1.37043,1.37378,42076
2026-03-19T20:00:00Z,1.37376,1.37446,1.37291,1.37371,7440
2026-03-20T00:00:00Z,1.37372,1.37422,1.37245,1.37308,21084
2026-03-20T04:00:00Z,1.37307,1.37403,1.37197,1.37210,19585
2026-03-20T08:00:00Z,1.37209,1.37285,1.37090,1.37090,30705
2026-03-20T12:00:00Z,1.37090,1.37474,1.36991,1.37319,44745
2026-03-20T16:00:00Z,1.37323,1.37343,1.37036,1.37186,37208
2026-03-20T20:00:00Z,1.37187,1.37251,1.37140,1.37219,8733
2026-03-22T20:00:00Z,1.37078,1.37320,1.37043,1.37092,12274
2026-03-23T00:00:00Z,1.37092,1.37254,1.37000,1.37161,40492
2026-03-23T04:00:00Z,1.37159,1.37388,1.37132,1.37296,26662
2026-03-23T08:00:00Z,1.37298,1.37544,1.36830,1.37315,60417
2026-03-23T12:00:00Z,1.37315,1.37440,1.36695,1.37183,72607
2026-03-23T16:00:00Z,1.37183,1.37352,1.37115,1.37218,29550
2026-03-23T20:00:00Z,1.37218,1.37313,1.37129,1.37302,7298
2026-03-24T00:00:00Z,1.37302,1.37547,1.37289,1.37542,27180
2026-03-24T04:00:00Z,1.37541,1.37614,1.37250,1.37401,35637
2026-03-24T08:00:00Z,1.37403,1.37535,1.37282,1.37461,28253
2026-03-24T12:00:00Z,1.37462,1.37652,1.37292,1.37648,53123
2026-03-24T16:00:00Z,1.37648,1.37850,1.37578,1.37639,31833
2026-03-24T20:00:00Z,1.37640,1.37684,1.37410,1.37577,15649
2026-03-25T00:00:00Z,1.37578,1.37739,1.37496,1.37688,25279
2026-03-25T04:00:00Z,1.37689,1.37844,1.37684,1.37827,24427
2026-03-25T08:00:00Z,1.37826,1.37997,1.37772,1.37951,24702
2026-03-25T12:00:00Z,1.37949,1.38072,1.37724,1.37985,41369
2026-03-25T16:00:00Z,1.37985,1.38190,1.37966,1.38160,27429
2026-03-25T20:00:00Z,1.38162,1.38165,1.37998,1.38143,7884
2026-03-26T00:00:00Z,1.38147,1.38313,1.38137,1.38192,21963
2026-03-26T04:00:00Z,1.38193,1.38313,1.38169,1.38298,24183
2026-03-26T08:00:00Z,1.38297,1.38495,1.38241,1.38462,21856
2026-03-26T12:00:00Z,1.38461,1.38574,1.38208,1.38505,39471
2026-03-26T16:00:00Z,1.38505,1.38572,1.38407,1.38572,25199
2026-03-26T20:00:00Z,1.38569,1.38655,1.38362,1.38532,12840
2026-03-27T00:00:00Z,1.38531,1.38615,1.38447,1.38546,28044
2026-03-27T04:00:00Z,1.38547,1.38557,1.38473,1.38506,23007
2026-03-27T08:00:00Z,1.38507,1.38665,1.38455,1.38646,17951
2026-03-27T12:00:00Z,1.38647,1.38805,1.38504,1.38805,38758
2026-03-27T16:00:00Z,1.38805,1.38914,1.38714,1.38816,30539
2026-03-27T20:00:00Z,1.38819,1.38951,1.38817,1.38922,5049
2026-03-29T20:00:00Z,1.38776,1.39026,1.38767,1.38995,8917
2026-03-30T00:00:00Z,1.38994,1.39017,1.38854,1.38920,35998
2026-03-30T04:00:00Z,1.38917,1.39099,1.38855,1.39091,20085
2026-03-30T08:00:00Z,1.39091,1.39220,1.39067,1.39215,23318
2026-03-30T12:00:00Z,1.39211,1.39449,1.39143,1.39224,36871
2026-03-30T16:00:00Z,1.39223,1.39307,1.39164,1.39294,24822
2026-03-30T20:00:00Z,1.39296,1.39304,1.39146,1.39283,8249
2026-03-31T00:00:00Z,1.39282,1.39353,1.39162,1.39307,35906
2026-03-31T04:00:00Z,1.39306,1.39389,1.39253,1.39329,27148
2026-03-31T08:00:00Z,1.39333,1.39446,1.39307,1.39352,18591
2026-03-31T12:00:00Z,1.39351,1.39665,1.39237,1.39538,45655
2026-03-31T16:00:00Z,1.39539,1.39565,1.39090,1.39134,44738
2026-03-31T20:00:00Z,1.39133,1.39179,1.39022,1.39031,9446
2026-04-01T00:00:00Z,1.39032,1.39116,1.38963,1.39102,24009
2026-04-01T04:00:00Z,1.39100,1.39110,1.38919,1.39079,21756
2026-04-01T08:00:00Z,1.39079,1.39092,1.38855,1.38909,18970
2026-04-01T12:00:00Z,1.38908,1.39042,1.38759,1.38762,45032
2026-04-01T16:00:00Z,1.38763,1.38953,1.38718,1.38843,30496
2026-04-01T20:00:00Z,1.38846,1.38847,1.38682,1.38773,14827
2026-04-02T00:00:00Z,1.38773,1.39106,1.38686,1.39094,41353
2026-04-02T04:00:00Z,1.39095,1.39183,1.39055,1.39098,23167
2026-04-02T08:00:00Z,1.39099,1.39330,1.39092,1.39178,13977
2026-04-02T12:00:00Z,1.39173,1.39260,1.39063,1.39167,35429
2026-04-02T16:00:00Z,1.39167,1.39241,1.39093,1.39178,16518
2026-04-02T20:00:00Z,1.39177,1.39216,1.39069,1.39174,5108
2026-04-03T00:00:00Z,1.39173,1.39252,1.39147,1.39242,5410
2026-04-03T04:00:00Z,1.39242,1.39264,1.39180,1.39201,5930
2026-04-03T08:00:00Z,1.39202,1.39263,1.39173,1.39257,7224
2026-04-03T12:00:00Z,1.39256,1.39488,1.39254,1.39418,17679
2026-04-03T16:00:00Z,1.39420,1.39476,1.39402,1.39457,11727
2026-04-03T20:00:00Z,1.39461,1.39471,1.39308,1.39423,2505
2026-04-05T20:00:00Z,1.39262,1.39473,1.39262,1.39458,5406
2026-04-06T00:00:00Z,1.39457,1.39473,1.39349,1.39384,19598
2026-04-06T04:00:00Z,1.39384,1.39420,1.39175,1.39194,13245
2026-04-06T08:00:00Z,1.39192,1.39289,1.39157,1.39187,11803
2026-04-06T12:00:00Z,1.39186,1.39242,1.39019,1.39151,38573
2026-04-06T16:00:00Z,1.39151,1.39232,1.39104,1.39166,26823
2026-04-06T20:00:00Z,1.39167,1.39178,1.39014,1.39118,4285
2026-04-07T00:00:00Z,1.39119,1.39294,1.39117,1.39200,17940
2026-04-07T04:00:00Z,1.39200,1.39262,1.39149,1.39219,21790
2026-04-07T08:00:00Z,1.39220,1.39282,1.39081,1.39111,19607
2026-04-07T12:00:00Z,1.39109,1.39249,1.38906,1.39057,28289
2026-04-07T16:00:00Z,1.39058,1.39079,1.38886,1.38948,19210
2026-04-07T20:00:00Z,1.38951,1.38993,1.38400,1.38420,29616
2026-04-08T00:00:00Z,1.38419,1.38519,1.38317,1.38391,31275
2026-04-08T04:00:00Z,1.38390,1.38568,1.38233,1.38457,27198
2026-04-08T08:00:00Z,1.38458,1.38743,1.38418,1.38627,18330
2026-04-08T12:00:00Z,1.38628,1.38733,1.38347,1.38539,36241
2026-04-08T16:00:00Z,1.38541,1.38605,1.38365,1.38388,24854
2026-04-08T20:00:00Z,1.38386,1.38511,1.38343,1.38508,7536
2026-04-09T00:00:00Z,1.38506,1.38589,1.38480,1.38491,18384
2026-04-09T04:00:00Z,1.38491,1.38601,1.38446,1.38556,16374
2026-04-09T08:00:00Z,1.38557,1.38570,1.38333,1.38354,14309
2026-04-09T12:00:00Z,1.38354,1.38442,1.38057,1.38080,34705
2026-04-09T16:00:00Z,1.38081,1.38243,1.38040,1.38129,20682
2026-04-09T20:00:00Z,1.38128,1.38233,1.38100,1.38224,7968
2026-04-10T00:00:00Z,1.38222,1.38272,1.38178,1.38233,12517
2026-04-10T04:00:00Z,1.38231,1.38431,1.38203,1.38428,10325
2026-04-10T08:00:00Z,1.38427,1.38437,1.38223,1.38233,15476
2026-04-10T12:00:00Z,1.38231,1.38352,1.37987,1.38280,30455
2026-04-10T16:00:00Z,1.38282,1.38386,1.38211,1.38359,15935
2026-04-10T20:00:00Z,1.38360,1.38427,1.38338,1.38361,6473
