timestamp,open,high,low,close,volume
2024-12-06T05:00:00Z,1.40327,1.40349,1.40306,1.40327,1255
2024-12-06T06:00:00Z,1.40329,1.40365,1.40295,1.40343,3272
2024-12-06T07:00:00Z,1.40343,1.40413,1.40315,1.40321,4074
2024-12-06T08:00:00Z,1.40319,1.40399,1.40262,1.40363,6003
2024-12-06T09:00:00Z,1.40364,1.40435,1.40355,1.40383,6814
2024-12-06T10:00:00Z,1.40382,1.40446,1.40361,1.40402,6685
2024-12-06T11:00:00Z,1.40401,1.40461,1.40382,1.40440,5374
2024-12-06T12:00:00Z,1.40440,1.40577,1.40423,1.40571,8281
2024-12-06T13:00:00Z,1.40572,1.40941,1.40449,1.40908,19582
2024-12-06T14:00:00Z,1.40907,1.41308,1.40859,1.41290,22120
2024-12-06T15:00:00Z,1.41290,1.41562,1.41286,1.41377,19276
2024-12-06T16:00:00Z,1.41376,1.41497,1.41332,1.41447,13743
2024-12-06T17:00:00Z,1.41449,1.41567,1.41443,1.41537,12037
2024-12-06T18:00:00Z,1.41537,1.41570,1.41468,1.41560,7656
2024-12-06T19:00:00Z,1.41559,1.41641,1.41548,1.41588,4987
2024-12-06T20:00:00Z,1.41588,1.41621,1.41479,1.41498,8326
2024-12-06T21:00:00Z,1.41499,1.41589,1.41496,1.41530,2152
2024-12-08T22:00:00Z,1.41515,1.41627,1.41502,1.41620,914
2024-12-08T23:00:00Z,1.41623,1.41642,1.41473,1.41475,2480
2024-12-09T00:00:00Z,1.41472,1.41546,1.41472,1.41539,2533
2024-12-09T01:00:00Z,1.41538,1.41538,1.41474,1.41524,3093
2024-12-09T02:00:00Z,1.41523,1.41570,1.41473,1.41521,2746
2024-12-09T03:00:00Z,1.41521,1.41657,1.41511,1.41647,3079
2024-12-09T04:00:00Z,1.41647,1.41688,1.41632,1.41659,2441
2024-12-09T05:00:00Z,1.41660,1.41730,1.41641,1.41687,2558
2024-12-09T06:00:00Z,1.41686,1.41704,1.41659,1.41682,3112
2024-12-09T07:00:00Z,1.41682,1.41746,1.41543,1.41564,6627
2024-12-09T08:00:00Z,1.41564,1.41618,1.41459,1.41475,7830
2024-12-09T09:00:00Z,1.41474,1.41474,1.41363,1.41421,6366
2024-12-09T10:00:00Z,1.41422,1.41422,1.41323,1.41349,6197
2024-12-09T11:00:00Z,1.41348,1.41366,1.41291,1.41336,4260
2024-12-09T12:00:00Z,1.41335,1.41350,1.41210,1.41223,4850
2024-12-09T13:00:00Z,1.41223,1.41230,1.40930,1.41010,9778
2024-12-09T14:00:00Z,1.41008,1.41182,1.40987,1.41073,14454
2024-12-09T15:00:00Z,1.41073,1.41252,1.41037,1.41133,15048
2024-12-09T16:00:00Z,1.41133,1.41276,1.41131,1.41217,10872
2024-12-09T17:00:00Z,1.41217,1.41361,1.41186,1.41354,7675
2024-12-09T18:00:00Z,1.41355,1.41479,1.41354,1.41423,8040
2024-12-09T19:00:00Z,1.41423,1.41639,1.41423,1.41582,7762
2024-12-09T20:00:00Z,1.41581,1.41725,1.41559,1.41718,7884
2024-12-09T21:00:00Z,1.41718,1.41729,1.41658,1.41707,2893
2024-12-09T22:00:00Z,1.41687,1.41704,1.41658,1.41699,492
2024-12-09T23:00:00Z,1.41700,1.41747,1.41698,1.41743,1580
2024-12-10T00:00:00Z,1.41742,1.41752,1.41720,1.41725,2976
2024-12-10T01:00:00Z,1.41725,1.41852,1.41722,1.41744,4376
2024-12-10T02:00:00Z,1.41742,1.41815,1.41681,1.41807,5769
2024-12-10T03:00:00Z,1.41807,1.41893,1.41793,1.41817,4582
2024-12-10T04:00:00Z,1.41816,1.41836,1.41751,1.41826,2696
2024-12-10T05:00:00Z,1.41825,1.41833,1.41740,1.41758,3476
2024-12-10T06:00:00Z,1.41757,1.41760,1.41667,1.41670,3881
2024-12-10T07:00:00Z,1.41669,1.41854,1.41668,1.41842,4089
2024-12-10T08:00:00Z,1.41843,1.41947,1.41789,1.41823,7427
2024-12-10T09:00:00Z,1.41824,1.41851,1.41750,1.41761,7810
2024-12-10T10:00:00Z,1.41761,1.41768,1.41645,1.41660,6457
2024-12-10T11:00:00Z,1.41659,1.41711,1.41631,1.41640,5622
2024-12-10T12:00:00Z,1.41640,1.41750,1.41580,1.41595,5724
2024-12-10T13:00:00Z,1.41598,1.41687,1.41573,1.41625,8360
2024-12-10T14:00:00Z,1.41623,1.41851,1.41565,1.41802,12013
2024-12-10T15:00:00Z,1.41801,1.41938,1.41688,1.41689,14212
2024-12-10T16:00:00Z,1.41689,1.41706,1.41599,1.41610,10115
2024-12-10T17:00:00Z,1.41610,1.41692,1.41584,1.41667,6617
2024-12-10T18:00:00Z,1.41669,1.41699,1.41559,1.41576,8130
2024-12-10T19:00:00Z,1.41577,1.41676,1.41550,1.41643,6142
2024-12-10T20:00:00Z,1.41642,1.41727,1.41624,1.41725,5726
2024-12-10T21:00:00Z,1.41725,1.41808,1.41702,1.41806,2453
2024-12-10T22:00:00Z,1.41791,1.41804,1.41612,1.41765,1139
2024-12-10T23:00:00Z,1.41775,1.41781,1.41737,1.41744,1562
2024-12-11T00:00:00Z,1.41744,1.41776,1.41696,1.41725,3218
2024-12-11T01:00:00Z,1.41723,1.41729,1.41643,1.41649,6662
2024-12-11T02:00:00Z,1.41648,1.41659,1.41585,1.41615,5755
2024-12-11T03:00:00Z,1.41615,1.41637,1.41587,1.41628,3460
2024-12-11T04:00:00Z,1.41629,1.41680,1.41610,1.41650,3015
2024-12-11T05:00:00Z,1.41650,1.41690,1.41633,1.41660,4394
2024-12-11T06:00:00Z,1.41660,1.41678,1.41625,1.41654,3866
2024-12-11T07:00:00Z,1.41656,1.41906,1.41628,1.41897,11038
2024-12-11T08:00:00Z,1.41895,1.41911,1.41775,1.41806,9391
2024-12-11T09:00:00Z,1.41806,1.41898,1.41764,1.41842,10008
2024-12-11T10:00:00Z,1.41842,1.41930,1.41842,1.41887,7857
2024-12-11T11:00:00Z,1.41887,1.41899,1.41798,1.41815,7755
2024-12-11T12:00:00Z,1.41815,1.41860,1.41712,1.41840,9077
2024-12-11T13:00:00Z,1.41840,1.41901,1.41581,1.41689,16441
2024-12-11T14:00:00Z,1.41688,1.41928,1.41243,1.41249,18680
2024-12-11T15:00:00Z,1.41248,1.41532,1.41193,1.41405,20057
2024-12-11T16:00:00Z,1.41404,1.41446,1.41227,1.41256,10961
2024-12-11T17:00:00Z,1.41256,1.41603,1.41231,1.41591,7482
2024-12-11T18:00:00Z,1.41591,1.41681,1.41464,1.41678,9142
2024-12-11T19:00:00Z,1.41680,1.41698,1.41525,1.41610,7775
2024-12-11T20:00:00Z,1.41609,1.41669,1.41563,1.41625,6141
2024-12-11T21:00:00Z,1.41624,1.41633,1.41574,1.41574,2678
2024-12-11T22:00:00Z,1.41568,1.41591,1.41543,1.41552,807
2024-12-11T23:00:00Z,1.41564,1.41589,1.41481,1.41488,1520
2024-12-12T00:00:00Z,1.41453,1.41488,1.41369,1.41425,841
2024-12-12T01:00:00Z,1.41444,1.41486,1.41419,1.41479,6201
2024-12-12T02:00:00Z,1.41476,1.41548,1.41459,1.41495,5962
2024-12-12T03:00:00Z,1.41495,1.41514,1.41447,1.41484,6646
2024-12-12T04:00:00Z,1.41484,1.41501,1.41457,1.41463,3673
2024-12-12T05:00:00Z,1.41461,1.41513,1.41439,1.41451,4995
2024-12-12T06:00:00Z,1.41451,1.41476,1.41417,1.41429,5238
2024-12-12T07:00:00Z,1.41430,1.41476,1.41343,1.41471,8868
2024-12-12T08:00:00Z,1.41470,1.41508,1.41308,1.41386,12956
2024-12-12T09:00:00Z,1.41390,1.41435,1.41328,1.41363,6187
2024-12-12T10:00:00Z,1.41363,1.41443,1.41330,1.41436,8691
2024-12-12T11:00:00Z,1.41436,1.41541,1.41384,1.41533,9191
2024-12-12T12:00:00Z,1.41534,1.41672,1.41534,1.41653,9685
2024-12-12T13:00:00Z,1.41654,1.41745,1.41610,1.41689,18494
2024-12-12T14:00:00Z,1.41688,1.41949,1.41617,1.41642,20134
2024-12-12T15:00:00Z,1.41641,1.41995,1.41618,1.41838,19414
2024-12-12T16:00:00Z,1.41846,1.41926,1.41770,1.41790,12206
2024-12-12T17:00:00Z,1.41789,1.41934,1.41684,1.41912,9421
2024-12-12T18:00:00Z,1.41918,1.41990,1.41854,1.41962,9648
2024-12-12T19:00:00Z,1.41962,1.42116,1.41880,1.42072,9461
2024-12-12T20:00:00Z,1.42071,1.42268,1.42034,1.42252,7000
2024-12-12T21:00:00Z,1.42251,1.42275,1.42109,1.42195,3654
2024-12-12T22:00:00Z,1.42178,1.42196,1.42081,1.42109,1137
2024-12-12T23:00:00Z,1.42109,1.42247,1.42109,1.42151,2344
2024-12-13T00:00:00Z,1.42155,1.42239,1.42153,1.42215,4727
2024-12-13T01:00:00Z,1.42215,1.42387,1.42196,1.42336,7307
2024-12-13T02:00:00Z,1.42337,1.42395,1.42331,1.42380,5972
2024-12-13T03:00:00Z,1.42380,1.42401,1.42356,1.42398,4561
2024-12-13T04:00:00Z,1.42397,1.42431,1.42354,1.42358,4175
2024-12-13T05:00:00Z,1.42358,1.42431,1.42348,1.42352,4992
2024-12-13T06:00:00Z,1.42352,1.42390,1.42289,1.42296,5561
2024-12-13T07:00:00Z,1.42300,1.42377,1.42267,1.42322,8358
2024-12-13T08:00:00Z,1.42323,1.42366,1.42228,1.42259,10011
2024-12-13T09:00:00Z,1.42259,1.42301,1.42215,1.42224,9968
2024-12-13T10:00:00Z,1.42222,1.42269,1.42196,1.42204,7200
2024-12-13T11:00:00Z,1.42205,1.42211,1.42158,1.42183,5118
2024-12-13T12:00:00Z,1.42182,1.42217,1.42089,1.42130,8241
2024-12-13T13:00:00Z,1.42130,1.42279,1.42111,1.42115,9996
2024-12-13T14:00:00Z,1.42116,1.42317,1.42091,1.42315,12292
2024-12-13T15:00:00Z,1.42315,1.42446,1.42315,1.42376,15354
2024-12-13T16:00:00Z,1.42376,1.42429,1.42267,1.42395,11291
2024-12-13T17:00:00Z,1.42396,1.42429,1.42306,1.42310,10424
2024-12-13T18:00:00Z,1.42309,1.42336,1.42227,1.42292,7434
2024-12-13T19:00:00Z,1.42292,1.42344,1.42238,1.42320,4969
2024-12-13T20:00:00Z,1.42319,1.42381,1.42277,1.42354,5150
2024-12-13T21:00:00Z,1.42353,1.42401,1.42241,1.42293,2632
2024-12-15T22:00:00Z,1.42265,1.42372,1.42259,1.42282,890
2024-12-15T23:00:00Z,1.42295,1.42339,1.42243,1.42255,2482
2024-12-16T00:00:00Z,1.42257,1.42263,1.42174,1.42253,4464
2024-12-16T01:00:00Z,1.42251,1.42251,1.42172,1.42185,7643
2024-12-16T02:00:00Z,1.42183,1.42295,1.42163,1.42277,5261
2024-12-16T03:00:00Z,1.42276,1.42289,1.42239,1.42261,3731
2024-12-16T04:00:00Z,1.42261,1.42262,1.42191,1.42231,4287
2024-12-16T05:00:00Z,1.42231,1.42264,1.42209,1.42252,4170
2024-12-16T06:00:00Z,1.42250,1.42298,1.42225,1.42261,4250
2024-12-16T07:00:00Z,1.42262,1.42281,1.42201,1.42229,4161
2024-12-16T08:00:00Z,1.42229,1.42297,1.42190,1.42294,6631
2024-12-16T09:00:00Z,1.42294,1.42320,1.42232,1.42308,6393
2024-12-16T10:00:00Z,1.42309,1.42418,1.42284,1.42418,4382
2024-12-16T11:00:00Z,1.42419,1.42436,1.42393,1.42407,4302
2024-12-16T12:00:00Z,1.42406,1.42531,1.42402,1.42530,5005
2024-12-16T13:00:00Z,1.42531,1.42538,1.42413,1.42495,6480
2024-12-16T14:00:00Z,1.42494,1.42704,1.42438,1.42482,12129
2024-12-16T15:00:00Z,1.42481,1.42494,1.42223,1.42279,11469
2024-12-16T16:00:00Z,1.42280,1.42370,1.42254,1.42305,8956
2024-12-16T17:00:00Z,1.42307,1.42361,1.42245,1.42279,7509
2024-12-16T18:00:00Z,1.42279,1.42380,1.42247,1.42278,4827
2024-12-16T19:00:00Z,1.42279,1.42419,1.42242,1.42367,5602
2024-12-16T20:00:00Z,1.42367,1.42504,1.42367,1.42501,5522
2024-12-16T21:00:00Z,1.42500,1.42500,1.42399,1.42408,2780
2024-12-16T22:00:00Z,1.42394,1.42398,1.42298,1.42368,1913
2024-12-16T23:00:00Z,1.42376,1.42404,1.42338,1.42340,1385
2024-12-17T00:00:00Z,1.42340,1.42355,1.42313,1.42332,4272
2024-12-17T01:00:00Z,1.42331,1.42423,1.42330,1.42408,5343
2024-12-17T02:00:00Z,1.42408,1.42483,1.42406,1.42481,5579
2024-12-17T03:00:00Z,1.42479,1.42540,1.42460,1.42535,2850
2024-12-17T04:00:00Z,1.42533,1.42595,1.42528,1.42590,2054
2024-12-17T05:00:00Z,1.42590,1.42650,1.42573,1.42628,4312
2024-12-17T06:00:00Z,1.42628,1.42712,1.42616,1.42646,5097
2024-12-17T07:00:00Z,1.42647,1.42696,1.42571,1.42683,5409
2024-12-17T08:00:00Z,1.42682,1.42902,1.42674,1.42798,7701
2024-12-17T09:00:00Z,1.42799,1.42829,1.42763,1.42774,6321
2024-12-17T10:00:00Z,1.42774,1.42932,1.42765,1.42830,6432
2024-12-17T11:00:00Z,1.42831,1.42853,1.42751,1.42800,6607
2024-12-17T12:00:00Z,1.42800,1.42971,1.42760,1.42937,7610
2024-12-17T13:00:00Z,1.42940,1.42956,1.42661,1.42743,12401
2024-12-17T14:00:00Z,1.42743,1.42984,1.42704,1.42969,12301
2024-12-17T15:00:00Z,1.42968,1.43203,1.42940,1.43116,14847
2024-12-17T16:00:00Z,1.43115,1.43232,1.43083,1.43133,10566
2024-12-17T17:00:00Z,1.43133,1.43152,1.43050,1.43109,9896
2024-12-17T18:00:00Z,1.43109,1.43135,1.43035,1.43083,10197
2024-12-17T19:00:00Z,1.43081,1.43126,1.43049,1.43092,7144
2024-12-17T20:00:00Z,1.43093,1.43156,1.43090,1.43112,5443
2024-12-17T21:00:00Z,1.43113,1.43130,1.43043,1.43089,2633
2024-12-17T22:00:00Z,1.43061,1.43096,1.43043,1.43089,716
2024-12-17T23:00:00Z,1.43091,1.43128,1.43074,1.43097,1386
2024-12-18T00:00:00Z,1.43097,1.43133,1.43084,1.43102,2887
2024-12-18T01:00:00Z,1.43102,1.43153,1.43093,1.43136,5211
2024-12-18T02:00:00Z,1.43133,1.43214,1.43110,1.43177,5150
2024-12-18T03:00:00Z,1.43176,1.43232,1.43166,1.43229,5173
2024-12-18T04:00:00Z,1.43229,1.43290,1.43224,1.43256,4029
2024-12-18T05:00:00Z,1.43255,1.43286,1.43234,1.43251,5070
2024-12-18T06:00:00Z,1.43250,1.43273,1.43229,1.43236,4585
2024-12-18T07:00:00Z,1.43236,1.43308,1.43228,1.43291,5544
2024-12-18T08:00:00Z,1.43290,1.43302,1.43168,1.43214,5718
2024-12-18T09:00:00Z,1.43213,1.43314,1.43189,1.43288,4351
2024-12-18T10:00:00Z,1.43289,1.43303,1.43202,1.43211,4552
2024-12-18T11:00:00Z,1.43209,1.43261,1.43189,1.43260,4407
2024-12-18T12:00:00Z,1.43260,1.43266,1.43145,1.43153,4951
2024-12-18T13:00:00Z,1.43154,1.43173,1.43075,1.43121,6339
2024-12-18T14:00:00Z,1.43121,1.43186,1.43043,1.43107,8611
2024-12-18T15:00:00Z,1.43107,1.43276,1.43078,1.43235,9015
2024-12-18T16:00:00Z,1.43236,1.43366,1.43196,1.43363,6675
2024-12-18T17:00:00Z,1.43362,1.43391,1.43247,1.43326,6603
2024-12-18T18:00:00Z,1.43326,1.43358,1.43232,1.43233,6375
2024-12-18T19:00:00Z,1.43233,1.44245,1.43223,1.44165,27428
2024-12-18T20:00:00Z,1.44163,1.44435,1.44095,1.44332,22476
2024-12-18T21:00:00Z,1.44332,1.44489,1.44272,1.44459,8387
2024-12-18T22:00:00Z,1.44431,1.44473,1.44387,1.44444,614
2024-12-18T23:00:00Z,1.44446,1.44666,1.44370,1.44613,4136
2024-12-19T00:00:00Z,1.44612,1.44612,1.44454,1.44491,6958
2024-12-19T01:00:00Z,1.44490,1.44512,1.44295,1.44300,11925
2024-12-19T02:00:00Z,1.44299,1.44431,1.44273,1.44328,6723
2024-12-19T03:00:00Z,1.44327,1.44362,1.44285,1.44331,5217
2024-12-19T04:00:00Z,1.44332,1.44395,1.44326,1.44357,4185
2024-12-19T05:00:00Z,1.44357,1.44427,1.44343,1.44390,4486
2024-12-19T06:00:00Z,1.44389,1.44413,1.44269,1.44312,7524
2024-12-19T07:00:00Z,1.44314,1.44325,1.44187,1.44215,6715
2024-12-19T08:00:00Z,1.44216,1.44220,1.43939,1.43958,9332
2024-12-19T09:00:00Z,1.43959,1.43994,1.43888,1.43933,7823
2024-12-19T10:00:00Z,1.43934,1.43970,1.43804,1.43914,6285
2024-12-19T11:00:00Z,1.43913,1.43915,1.43811,1.43825,9105
2024-12-19T12:00:00Z,1.43824,1.43860,1.43634,1.43743,12514
2024-12-19T13:00:00Z,1.43744,1.43827,1.43573,1.43768,13157
2024-12-19T14:00:00Z,1.43769,1.43776,1.43438,1.43544,17667
2024-12-19T15:00:00Z,1.43543,1.43761,1.43501,1.43684,14770
2024-12-19T16:00:00Z,1.43685,1.43704,1.43469,1.43677,11579
2024-12-19T17:00:00Z,1.43676,1.43802,1.43644,1.43788,9476
2024-12-19T18:00:00Z,1.43790,1.43872,1.43657,1.43674,7956
2024-12-19T19:00:00Z,1.43674,1.43897,1.43645,1.43876,7346
2024-12-19T20:00:00Z,1.43875,1.43921,1.43779,1.43920,6972
2024-12-19T21:00:00Z,1.43919,1.44008,1.43891,1.43965,2306
2024-12-19T22:00:00Z,1.43965,1.43965,1.43863,1.43947,1283
2024-12-19T23:00:00Z,1.43946,1.44038,1.43944,1.44023,1947
2024-12-20T00:00:00Z,1.44024,1.44193,1.43965,1.44181,5097
2024-12-20T01:00:00Z,1.44182,1.44211,1.44104,1.44190,8896
2024-12-20T02:00:00Z,1.44191,1.44301,1.44183,1.44248,5683
2024-12-20T03:00:00Z,1.44249,1.44351,1.44233,1.44309,4702
2024-12-20T04:00:00Z,1.44309,1.44309,1.44221,1.44224,4233
2024-12-20T05:00:00Z,1.44224,1.44253,1.44149,1.44151,4296
2024-12-20T06:00:00Z,1.44152,1.44195,1.43933,1.43944,7653
2024-12-20T07:00:00Z,1.43943,1.43961,1.43824,1.43841,6252
2024-12-20T08:00:00Z,1.43841,1.43874,1.43702,1.43871,9862
2024-12-20T09:00:00Z,1.43871,1.43896,1.43834,1.43864,8296
2024-12-20T10:00:00Z,1.43862,1.43870,1.43804,1.43806,7517
2024-12-20T11:00:00Z,1.43806,1.43916,1.43805,1.43892,6143
2024-12-20T12:00:00Z,1.43893,1.43921,1.43690,1.43801,7419
2024-12-20T13:00:00Z,1.43800,1.43932,1.43756,1.43927,14382
2024-12-20T14:00:00Z,1.43926,1.43966,1.43690,1.43732,19935
2024-12-20T15:00:00Z,1.43732,1.43782,1.43555,1.43680,20715
2024-12-20T16:00:00Z,1.43678,1.43789,1.43513,1.43527,18054
2024-12-20T17:00:00Z,1.43527,1.43527,1.43349,1.43491,12415
2024-12-20T18:00:00Z,1.43491,1.43662,1.43491,1.43650,7102
2024-12-20T19:00:00Z,1.43651,1.43679,1.43495,1.43526,6306
2024-12-20T20:00:00Z,1.43527,1.43716,1.43522,1.43699,7429
2024-12-20T21:00:00Z,1.43700,1.43755,1.43650,1.43735,3954
2024-12-22T22:00:00Z,1.43612,1.43718,1.43612,1.43675,387
2024-12-22T23:00:00Z,1.43675,1.43682,1.43583,1.43598,2896
2024-12-23T00:00:00Z,1.43599,1.43637,1.43587,1.43600,3532
2024-12-23T01:00:00Z,1.43603,1.43640,1.43521,1.43539,4352
2024-12-23T02:00:00Z,1.43540,1.43556,1.43484,1.43508,3481
2024-12-23T03:00:00Z,1.43507,1.43582,1.43497,1.43575,2367
2024-12-23T04:00:00Z,1.43576,1.43602,1.43521,1.43536,2711
2024-12-23T05:00:00Z,1.43535,1.43610,1.43518,1.43599,2483
2024-12-23T06:00:00Z,1.43599,1.43665,1.43588,1.43646,3485
2024-12-23T07:00:00Z,1.43647,1.43888,1.43645,1.43880,5534
2024-12-23T08:00:00Z,1.43880,1.43891,1.43755,1.43764,9395
2024-12-23T09:00:00Z,1.43764,1.43831,1.43646,1.43829,7429
2024-12-23T10:00:00Z,1.43829,1.44013,1.43817,1.43990,5817
2024-12-23T11:00:00Z,1.43991,1.44064,1.43918,1.44010,5058
2024-12-23T12:00:00Z,1.44008,1.44148,1.43998,1.44035,5418
2024-12-23T13:00:00Z,1.44036,1.44320,1.44033,1.44313,8196
2024-12-23T14:00:00Z,1.44311,1.44329,1.44107,1.44171,8954
2024-12-23T15:00:00Z,1.44169,1.44303,1.44078,1.44116,13170
2024-12-23T16:00:00Z,1.44118,1.44178,1.43873,1.43877,8862
2024-12-23T17:00:00Z,1.43874,1.43890,1.43711,1.43771,8430
2024-12-23T18:00:00Z,1.43772,1.43795,1.43684,1.43750,6343
2024-12-23T19:00:00Z,1.43751,1.43798,1.43703,1.43717,5499
2024-12-23T20:00:00Z,1.43718,1.43769,1.43665,1.43704,6503
2024-12-23T21:00:00Z,1.43704,1.43727,1.43679,1.43696,3693
2024-12-23T22:00:00Z,1.43688,1.43729,1.43609,1.43726,1004
2024-12-23T23:00:00Z,1.43735,1.43746,1.43686,1.43738,1393
2024-12-24T00:00:00Z,1.43737,1.43835,1.43725,1.43819,2512
2024-12-24T01:00:00Z,1.43819,1.43830,1.43770,1.43786,3251
2024-12-24T02:00:00Z,1.43785,1.43842,1.43728,1.43817,2948
2024-12-24T03:00:00Z,1.43816,1.43862,1.43801,1.43825,3574
2024-12-24T04:00:00Z,1.43825,1.43852,1.43796,1.43805,2377
2024-12-24T05:00:00Z,1.43804,1.43861,1.43801,1.43830,2483
2024-12-24T06:00:00Z,1.43830,1.43856,1.43777,1.43785,2610
2024-12-24T07:00:00Z,1.43786,1.43838,1.43724,1.43827,3996
2024-12-24T08:00:00Z,1.43829,1.43940,1.43810,1.43917,4144
2024-12-24T09:00:00Z,1.43917,1.43987,1.43906,1.43958,3321
2024-12-24T10:00:00Z,1.43957,1.43994,1.43948,1.43958,3826
2024-12-24T11:00:00Z,1.43960,1.44041,1.43938,1.44027,3612
2024-12-24T12:00:00Z,1.44027,1.44180,1.44024,1.44164,4379
2024-12-24T13:00:00Z,1.44166,1.44198,1.43869,1.43872,6465
2024-12-24T14:00:00Z,1.43870,1.43881,1.43629,1.43807,8507
2024-12-24T15:00:00Z,1.43806,1.43874,1.43761,1.43813,7127
2024-12-24T16:00:00Z,1.43813,1.43921,1.43721,1.43843,5875
2024-12-24T17:00:00Z,1.43842,1.43896,1.43740,1.43752,4981
2024-12-24T18:00:00Z,1.43753,1.43753,1.43624,1.43629,2406
2024-12-24T19:00:00Z,1.43628,1.43661,1.43543,1.43633,2746
2024-12-24T20:00:00Z,1.43643,1.43649,1.43499,1.43509,1105
2024-12-24T21:00:00Z,1.43509,1.43584,1.43473,1.43477,530
2024-12-24T22:00:00Z,1.43459,1.43487,1.43459,1.43479,30
2024-12-24T23:00:00Z,1.43478,1.43488,1.43443,1.43488,51
2024-12-25T00:00:00Z,1.43439,1.43724,1.43439,1.43566,194
2024-12-25T01:00:00Z,1.43569,1.43569,1.43568,1.43569,33
2024-12-25T02:00:00Z,1.43568,1.43568,1.43563,1.43563,19
2024-12-25T03:00:00Z,1.43566,1.43566,1.43550,1.43552,28
2024-12-25T04:00:00Z,1.43552,1.43555,1.43537,1.43541,20
2024-12-25T05:00:00Z,1.43545,1.43545,1.43540,1.43540,3
2024-12-25T06:00:00Z,1.43545,1.43545,1.43541,1.43541,3
2024-12-25T07:00:00Z,1.43507,1.43567,1.43504,1.43565,49
2024-12-25T22:00:00Z,1.43546,1.43644,1.43515,1.43554,273
2024-12-25T23:00:00Z,1.43559,1.43659,1.43503,1.43535,1940
2024-12-26T00:00:00Z,1.43535,1.43628,1.43512,1.43553,2403
2024-12-26T01:00:00Z,1.43559,1.43588,1.43529,1.43566,4044
2024-12-26T02:00:00Z,1.43567,1.43583,1.43535,1.43554,2503
2024-12-26T03:00:00Z,1.43553,1.43562,1.43494,1.43535,2549
2024-12-26T04:00:00Z,1.43535,1.43641,1.43535,1.43636,3037
2024-12-26T05:00:00Z,1.43634,1.43675,1.43605,1.43672,2435
2024-12-26T06:00:00Z,1.43673,1.43766,1.43654,1.43752,2585
2024-12-26T07:00:00Z,1.43751,1.43838,1.43731,1.43817,2794
2024-12-26T08:00:00Z,1.43816,1.43985,1.43809,1.43981,2698
2024-12-26T09:00:00Z,1.43983,1.44043,1.43918,1.43939,5481
2024-12-26T10:00:00Z,1.43939,1.43942,1.43803,1.43827,8024
2024-12-26T11:00:00Z,1.43824,1.43860,1.43812,1.43821,6322
2024-12-26T12:00:00Z,1.43821,1.44027,1.43818,1.43977,4978
2024-12-26T13:00:00Z,1.43977,1.43978,1.43865,1.43948,10015
2024-12-26T14:00:00Z,1.43950,1.44056,1.43913,1.44016,10594
2024-12-26T15:00:00Z,1.44016,1.44154,1.44015,1.44112,7488
2024-12-26T16:00:00Z,1.44112,1.44125,1.44044,1.44047,6370
2024-12-26T17:00:00Z,1.44046,1.44195,1.44009,1.44169,11151
2024-12-26T18:00:00Z,1.44173,1.44176,1.44035,1.44126,5347
2024-12-26T19:00:00Z,1.44126,1.44199,1.44113,1.44143,4828
2024-12-26T20:00:00Z,1.44142,1.44176,1.44116,1.44121,4124
2024-12-26T21:00:00Z,1.44120,1.44123,1.44059,1.44068,2852
2024-12-26T22:00:00Z,1.44055,1.44076,1.43991,1.44054,1647
2024-12-26T23:00:00Z,1.44056,1.44116,1.44054,1.44091,999
2024-12-27T00:00:00Z,1.44093,1.44116,1.44049,1.44094,2745
2024-12-27T01:00:00Z,1.44094,1.44151,1.44079,1.44121,4124
2024-12-27T02:00:00Z,1.44121,1.44148,1.44077,1.44091,3755
2024-12-27T03:00:00Z,1.44091,1.44105,1.44073,1.44076,3054
2024-12-27T04:00:00Z,1.44075,1.44101,1.44063,1.44089,2606
2024-12-27T05:00:00Z,1.44091,1.44100,1.44064,1.44086,3193
2024-12-27T06:00:00Z,1.44088,1.44094,1.44023,1.44030,2853
2024-12-27T07:00:00Z,1.44032,1.44097,1.44026,1.44041,4415
2024-12-27T08:00:00Z,1.44042,1.44071,1.43951,1.43952,6950
2024-12-27T09:00:00Z,1.43951,1.44038,1.43951,1.44026,6190
2024-12-27T10:00:00Z,1.44025,1.44112,1.44008,1.44026,4171
2024-12-27T11:00:00Z,1.44024,1.44071,1.43892,1.43904,5463
2024-12-27T12:00:00Z,1.43903,1.43919,1.43798,1.43803,5430
2024-12-27T13:00:00Z,1.43803,1.43962,1.43742,1.43934,6286
2024-12-27T14:00:00Z,1.43936,1.44066,1.43909,1.44056,10585
2024-12-27T15:00:00Z,1.44054,1.44212,1.43998,1.44081,14834
2024-12-27T16:00:00Z,1.44082,1.44342,1.44071,1.44341,13362
2024-12-27T17:00:00Z,1.44341,1.44489,1.44334,1.44371,13794
2024-12-27T18:00:00Z,1.44370,1.44374,1.44218,1.44222,7838
2024-12-27T19:00:00Z,1.44223,1.44248,1.44077,1.44102,12350
2024-12-27T20:00:00Z,1.44101,1.44206,1.44101,1.44161,5597
2024-12-27T21:00:00Z,1.44161,1.44189,1.44071,1.44081,2738
2024-12-29T22:00:00Z,1.44125,1.44149,1.44125,1.44142,911
2024-12-29T23:00:00Z,1.44143,1.44145,1.44016,1.44022,1871
2024-12-30T00:00:00Z,1.44023,1.44070,1.44007,1.44021,1933
2024-12-30T01:00:00Z,1.44021,1.44047,1.43983,1.43991,2761
2024-12-30T02:00:00Z,1.43990,1.44014,1.43979,1.43994,5278
2024-12-30T03:00:00Z,1.43994,1.44016,1.43963,1.43967,2916
2024-12-30T04:00:00Z,1.43968,1.43999,1.43964,1.43991,2661
2024-12-30T05:00:00Z,1.43991,1.44001,1.43910,1.43924,3545
2024-12-30T06:00:00Z,1.43924,1.43927,1.43849,1.43891,4033
2024-12-30T07:00:00Z,1.43892,1.43998,1.43892,1.43975,5156
2024-12-30T08:00:00Z,1.43973,1.44092,1.43964,1.44090,4477
2024-12-30T09:00:00Z,1.44090,1.44100,1.43897,1.43911,5569
2024-12-30T10:00:00Z,1.43913,1.43919,1.43786,1.43856,6820
2024-12-30T11:00:00Z,1.43855,1.43862,1.43731,1.43774,5859
2024-12-30T12:00:00Z,1.43775,1.43889,1.43719,1.43858,6888
2024-12-30T13:00:00Z,1.43858,1.44077,1.43847,1.44076,11512
2024-12-30T14:00:00Z,1.44077,1.44324,1.43962,1.44116,11616
2024-12-30T15:00:00Z,1.44116,1.44227,1.43853,1.43865,15838
2024-12-30T16:00:00Z,1.43864,1.43933,1.43739,1.43753,17074
2024-12-30T17:00:00Z,1.43753,1.43759,1.43552,1.43583,6347
2024-12-30T18:00:00Z,1.43583,1.43612,1.43443,1.43485,8724
2024-12-30T19:00:00Z,1.43485,1.43612,1.43473,1.43586,13099
2024-12-30T20:00:00Z,1.43587,1.43632,1.43513,1.43561,14735
2024-12-30T21:00:00Z,1.43564,1.43567,1.43494,1.43507,3738
2024-12-30T22:00:00Z,1.43460,1.43510,1.43458,1.43497,879
2024-12-30T23:00:00Z,1.43494,1.43558,1.43492,1.43499,1225
2024-12-31T00:00:00Z,1.43499,1.43614,1.43494,1.43551,1549
2024-12-31T01:00:00Z,1.43552,1.43582,1.43411,1.43427,4260
2024-12-31T02:00:00Z,1.43427,1.43438,1.43375,1.43402,2528
2024-12-31T03:00:00Z,1.43404,1.43511,1.43401,1.43489,2381
2024-12-31T04:00:00Z,1.43489,1.43504,1.43446,1.43500,1628
2024-12-31T05:00:00Z,1.43500,1.43505,1.43441,1.43479,2167
2024-12-31T06:00:00Z,1.43479,1.43537,1.43467,1.43492,3064
2024-12-31T07:00:00Z,1.43493,1.43699,1.43493,1.43676,3647
2024-12-31T08:00:00Z,1.43675,1.43790,1.43673,1.43691,5199
2024-12-31T09:00:00Z,1.43693,1.43713,1.43644,1.43693,4786
2024-12-31T10:00:00Z,1.43693,1.43784,1.43659,1.43759,4629
2024-12-31T11:00:00Z,1.43760,1.43823,1.43702,1.43822,4184
2024-12-31T12:00:00Z,1.43822,1.43884,1.43776,1.43854,5777
2024-12-31T13:00:00Z,1.43855,1.44075,1.43831,1.44017,8771
2024-12-31T14:00:00Z,1.44017,1.44060,1.43774,1.43807,10802
2024-12-31T15:00:00Z,1.43808,1.43900,1.43632,1.43789,13715
2024-12-31T16:00:00Z,1.43787,1.44038,1.43753,1.44019,11612
2024-12-31T17:00:00Z,1.44020,1.44089,1.43876,1.43893,9070
2024-12-31T18:00:00Z,1.43895,1.43953,1.43802,1.43883,6551
2024-12-31T19:00:00Z,1.43884,1.43896,1.43736,1.43816,3851
2024-12-31T20:00:00Z,1.43818,1.43824,1.43727,1.43768,3372
2024-12-31T21:00:00Z,1.43763,1.43821,1.43714,1.43788,1344
2025-01-01T22:00:00Z,1.43748,1.43839,1.43720,1.43814,503
2025-01-01T23:00:00Z,1.43808,1.43808,1.43723,1.43746,2382
2025-01-02T00:00:00Z,1.43744,1.43852,1.43734,1.43782,4267
2025-01-02T01:00:00Z,1.43783,1.43806,1.43684,1.43726,6452
2025-01-02T02:00:00Z,1.43725,1.43766,1.43707,1.43715,4728
2025-01-02T03:00:00Z,1.43714,1.43780,1.43714,1.43758,3077
2025-01-02T04:00:00Z,1.43757,1.43771,1.43727,1.43757,3123
2025-01-02T05:00:00Z,1.43759,1.43796,1.43704,1.43705,2703
2025-01-02T06:00:00Z,1.43704,1.43787,1.43704,1.43776,3012
2025-01-02T07:00:00Z,1.43777,1.44073,1.43761,1.44047,6507
2025-01-02T08:00:00Z,1.44047,1.44217,1.43998,1.44103,7740
2025-01-02T09:00:00Z,1.44103,1.44157,1.44029,1.44143,6487
2025-01-02T10:00:00Z,1.44143,1.44279,1.44093,1.44249,7732
2025-01-02T11:00:00Z,1.44247,1.44276,1.44162,1.44177,5419
2025-01-02T12:00:00Z,1.44177,1.44272,1.44162,1.44224,4535
2025-01-02T13:00:00Z,1.44224,1.44311,1.44139,1.44208,8080
2025-01-02T14:00:00Z,1.44206,1.44344,1.44188,1.44302,8608
2025-01-02T15:00:00Z,1.44303,1.44386,1.44202,1.44218,14898
2025-01-02T16:00:00Z,1.44221,1.44417,1.44206,1.44226,15675
2025-01-02T17:00:00Z,1.44227,1.44239,1.43918,1.44027,12356
2025-01-02T18:00:00Z,1.44027,1.44196,1.43996,1.44080,6780
2025-01-02T19:00:00Z,1.44080,1.44171,1.43997,1.44171,5748
2025-01-02T20:00:00Z,1.44172,1.44172,1.43962,1.44004,4108
2025-01-02T21:00:00Z,1.44005,1.44051,1.43979,1.43993,1976
2025-01-02T22:00:00Z,1.43990,1.44091,1.43927,1.44042,2533
2025-01-02T23:00:00Z,1.44038,1.44084,1.44012,1.44040,1166
2025-01-03T00:00:00Z,1.44039,1.44041,1.43919,1.43925,2656
2025-01-03T01:00:00Z,1.43925,1.43953,1.43886,1.43905,4204
2025-01-03T02:00:00Z,1.43904,1.43919,1.43835,1.43859,3938
2025-01-03T03:00:00Z,1.43861,1.43869,1.43827,1.43838,2235
2025-01-03T04:00:00Z,1.43838,1.43913,1.43826,1.43887,1825
2025-01-03T05:00:00Z,1.43886,1.43949,1.43829,1.43921,2886
2025-01-03T06:00:00Z,1.43921,1.43927,1.43839,1.43852,2518
2025-01-03T07:00:00Z,1.43857,1.44026,1.43857,1.43975,6392
2025-01-03T08:00:00Z,1.43975,1.43990,1.43867,1.43990,7301
2025-01-03T09:00:00Z,1.43993,1.43993,1.43880,1.43896,6692
2025-01-03T10:00:00Z,1.43896,1.44033,1.43885,1.44017,5988
2025-01-03T11:00:00Z,1.44017,1.44042,1.43914,1.43925,4466
2025-01-03T12:00:00Z,1.43925,1.44031,1.43914,1.44029,5289
2025-01-03T13:00:00Z,1.44029,1.44189,1.44029,1.44133,8566
2025-01-03T14:00:00Z,1.44133,1.44257,1.44085,1.44181,10025
2025-01-03T15:00:00Z,1.44188,1.44539,1.44180,1.44353,18316
2025-01-03T16:00:00Z,1.44353,1.44615,1.44324,1.44562,10459
2025-01-03T17:00:00Z,1.44563,1.44598,1.44423,1.44565,7678
2025-01-03T18:00:00Z,1.44566,1.44630,1.44533,1.44584,6439
2025-01-03T19:00:00Z,1.44585,1.44597,1.44455,1.44479,6664
2025-01-03T20:00:00Z,1.44478,1.44495,1.44393,1.44460,7191
2025-01-03T21:00:00Z,1.44460,1.44493,1.44391,1.44398,2376
2025-01-05T22:00:00Z,1.44367,1.44486,1.44293,1.44479,771
2025-01-05T23:00:00Z,1.44488,1.44490,1.44355,1.44382,2005
2025-01-06T00:00:00Z,1.44382,1.44442,1.44313,1.44317,4245
2025-01-06T01:00:00Z,1.44318,1.44347,1.43971,1.43995,6599
2025-01-06T02:00:00Z,1.43996,1.44059,1.43876,1.43959,5954
2025-01-06T03:00:00Z,1.43960,1.44059,1.43873,1.44034,3686
2025-01-06T04:00:00Z,1.44035,1.44059,1.44006,1.44031,2407
2025-01-06T05:00:00Z,1.44032,1.44038,1.43886,1.43889,3832
2025-01-06T06:00:00Z,1.43891,1.43991,1.43888,1.43971,3632
2025-01-06T07:00:00Z,1.43972,1.43979,1.43847,1.43895,4324
2025-01-06T08:00:00Z,1.43900,1.43940,1.43581,1.43610,6914
2025-01-06T09:00:00Z,1.43610,1.43834,1.43605,1.43740,7931
2025-01-06T10:00:00Z,1.43741,1.43800,1.43672,1.43723,4330
2025-01-06T11:00:00Z,1.43725,1.43793,1.43005,1.43008,21387
2025-01-06T12:00:00Z,1.43009,1.43265,1.42989,1.43169,16281
2025-01-06T13:00:00Z,1.43167,1.43170,1.43027,1.43047,11848
2025-01-06T14:00:00Z,1.43045,1.43600,1.42791,1.43300,26641
2025-01-06T15:00:00Z,1.43300,1.43723,1.43226,1.43606,16759
2025-01-06T16:00:00Z,1.43605,1.43787,1.43546,1.43604,9408
2025-01-06T17:00:00Z,1.43603,1.43748,1.43601,1.43634,8542
2025-01-06T18:00:00Z,1.43635,1.43730,1.43596,1.43686,7165
2025-01-06T19:00:00Z,1.43686,1.43716,1.43359,1.43366,8450
2025-01-06T20:00:00Z,1.43367,1.43385,1.43302,1.43327,6186
2025-01-06T21:00:00Z,1.43326,1.43331,1.43278,1.43295,2188
2025-01-06T22:00:00Z,1.43277,1.43321,1.43177,1.43311,609
2025-01-06T23:00:00Z,1.43311,1.43413,1.43299,1.43410,1281
2025-01-07T00:00:00Z,1.43410,1.43472,1.43375,1.43385,3172
2025-01-07T01:00:00Z,1.43386,1.43493,1.43339,1.43354,6963
2025-01-07T02:00:00Z,1.43354,1.43367,1.43301,1.43325,4135
2025-01-07T03:00:00Z,1.43324,1.43348,1.43224,1.43225,2788
2025-01-07T04:00:00Z,1.43223,1.43239,1.43183,1.43225,2238
2025-01-07T05:00:00Z,1.43224,1.43237,1.43113,1.43146,3415
2025-01-07T06:00:00Z,1.43145,1.43211,1.43103,1.43190,3314
2025-01-07T07:00:00Z,1.43191,1.43206,1.43070,1.43072,5844
2025-01-07T08:00:00Z,1.43071,1.43181,1.43037,1.43088,7009
2025-01-07T09:00:00Z,1.43089,1.43108,1.43014,1.43020,7135
2025-01-07T10:00:00Z,1.43019,1.43071,1.42973,1.43050,6937
2025-01-07T11:00:00Z,1.43048,1.43173,1.43029,1.43152,6598
2025-01-07T12:00:00Z,1.43154,1.43225,1.43120,1.43171,7727
2025-01-07T13:00:00Z,1.43170,1.43208,1.43001,1.43205,7738
2025-01-07T14:00:00Z,1.43205,1.43364,1.43199,1.43272,14396
2025-01-07T15:00:00Z,1.43275,1.43653,1.43275,1.43442,14375
2025-01-07T16:00:00Z,1.43440,1.43587,1.43229,1.43400,11355
2025-01-07T17:00:00Z,1.43402,1.43478,1.43167,1.43443,10760
2025-01-07T18:00:00Z,1.43443,1.43520,1.43375,1.43493,9869
2025-01-07T19:00:00Z,1.43493,1.43544,1.43401,1.43466,9605
2025-01-07T20:00:00Z,1.43466,1.43631,1.43458,1.43592,6153
2025-01-07T21:00:00Z,1.43590,1.43706,1.43557,1.43662,3867
2025-01-07T22:00:00Z,1.43662,1.43671,1.43548,1.43668,1264
2025-01-07T23:00:00Z,1.43673,1.43687,1.43617,1.43652,1493
2025-01-08T00:00:00Z,1.43652,1.43652,1.43507,1.43513,5993
2025-01-08T01:00:00Z,1.43513,1.43566,1.43474,1.43486,5950
2025-01-08T02:00:00Z,1.43488,1.43498,1.43441,1.43454,4465
2025-01-08T03:00:00Z,1.43453,1.43515,1.43440,1.43495,3152
2025-01-08T04:00:00Z,1.43495,1.43517,1.43466,1.43501,2297
2025-01-08T05:00:00Z,1.43500,1.43517,1.43418,1.43421,2881
2025-01-08T06:00:00Z,1.43421,1.43500,1.43387,1.43482,3178
2025-01-08T07:00:00Z,1.43482,1.43639,1.43474,1.43599,5347
2025-01-08T08:00:00Z,1.43598,1.43672,1.43496,1.43662,8695
2025-01-08T09:00:00Z,1.43663,1.43693,1.43591,1.43635,6325
2025-01-08T10:00:00Z,1.43636,1.43762,1.43619,1.43706,5276
2025-01-08T11:00:00Z,1.43709,1.44092,1.43695,1.43896,11613
2025-01-08T12:00:00Z,1.43895,1.44034,1.43822,1.43886,10633
2025-01-08T13:00:00Z,1.43885,1.44018,1.43798,1.43945,18204
2025-01-08T14:00:00Z,1.43945,1.44062,1.43872,1.44038,14027
2025-01-08T15:00:00Z,1.44037,1.44048,1.43845,1.43866,18849
2025-01-08T16:00:00Z,1.43866,1.43963,1.43748,1.43764,9983
2025-01-08T17:00:00Z,1.43764,1.43975,1.43744,1.43904,9210
2025-01-08T18:00:00Z,1.43903,1.43931,1.43795,1.43895,11485
2025-01-08T19:00:00Z,1.43893,1.43925,1.43766,1.43878,7059
2025-01-08T20:00:00Z,1.43878,1.43923,1.43758,1.43821,7860
2025-01-08T21:00:00Z,1.43821,1.43825,1.43707,1.43707,2637
2025-01-08T22:00:00Z,1.43695,1.43775,1.43695,1.43736,767
2025-01-08T23:00:00Z,1.43738,1.43786,1.43727,1.43765,1760
2025-01-09T00:00:00Z,1.43764,1.43854,1.43744,1.43799,4077
2025-01-09T01:00:00Z,1.43798,1.43802,1.43734,1.43770,6222
2025-01-09T02:00:00Z,1.43770,1.43772,1.43707,1.43716,3056
2025-01-09T03:00:00Z,1.43716,1.43762,1.43646,1.43761,2970
2025-01-09T04:00:00Z,1.43763,1.43806,1.43748,1.43769,3047
2025-01-09T05:00:00Z,1.43770,1.43785,1.43713,1.43734,3210
2025-01-09T06:00:00Z,1.43736,1.43815,1.43704,1.43770,5528
2025-01-09T07:00:00Z,1.43769,1.44010,1.43767,1.43997,5045
2025-01-09T08:00:00Z,1.43997,1.44045,1.43794,1.43844,9205
2025-01-09T09:00:00Z,1.43843,1.43868,1.43771,1.43841,7562
2025-01-09T10:00:00Z,1.43842,1.43894,1.43803,1.43849,5666
2025-01-09T11:00:00Z,1.43850,1.43969,1.43842,1.43960,7202
2025-01-09T12:00:00Z,1.43958,1.43983,1.43892,1.43915,8091
2025-01-09T13:00:00Z,1.43915,1.43958,1.43853,1.43946,6786
2025-01-09T14:00:00Z,1.43949,1.44037,1.43878,1.43998,6510
2025-01-09T15:00:00Z,1.43998,1.44008,1.43874,1.43978,5775
2025-01-09T16:00:00Z,1.43977,1.44034,1.43947,1.43950,5058
2025-01-09T17:00:00Z,1.43949,1.44006,1.43919,1.43954,5619
2025-01-09T18:00:00Z,1.43956,1.43997,1.43876,1.43910,3237
2025-01-09T19:00:00Z,1.43908,1.43945,1.43896,1.43917,1853
2025-01-09T20:00:00Z,1.43916,1.43923,1.43876,1.43879,1827
2025-01-09T21:00:00Z,1.43879,1.43958,1.43874,1.43924,2136
2025-01-09T22:00:00Z,1.43923,1.43974,1.43897,1.43965,482
2025-01-09T23:00:00Z,1.43964,1.44020,1.43934,1.44011,1099
2025-01-10T00:00:00Z,1.44011,1.44013,1.43963,1.43984,3816
2025-01-10T01:00:00Z,1.43984,1.44021,1.43953,1.44004,11294
2025-01-10T02:00:00Z,1.44003,1.44070,1.43995,1.44054,3448
2025-01-10T03:00:00Z,1.44054,1.44119,1.44054,1.44111,2888
2025-01-10T04:00:00Z,1.44111,1.44123,1.44079,1.44118,2425
2025-01-10T05:00:00Z,1.44116,1.44174,1.44071,1.44164,3427
2025-01-10T06:00:00Z,1.44165,1.44215,1.44153,1.44193,4326
2025-01-10T07:00:00Z,1.44194,1.44197,1.44050,1.44050,5696
2025-01-10T08:00:00Z,1.44050,1.44109,1.43944,1.44106,8849
2025-01-10T09:00:00Z,1.44106,1.44169,1.44075,1.44100,6664
2025-01-10T10:00:00Z,1.44099,1.44151,1.44048,1.44070,6769
2025-01-10T11:00:00Z,1.44070,1.44100,1.43998,1.44084,6230
2025-01-10T12:00:00Z,1.44084,1.44121,1.44028,1.44030,6570
2025-01-10T13:00:00Z,1.44030,1.44366,1.43821,1.44025,19620
2025-01-10T14:00:00Z,1.44026,1.44192,1.43749,1.43918,22823
2025-01-10T15:00:00Z,1.43929,1.44244,1.43929,1.44229,19812
2025-01-10T16:00:00Z,1.44230,1.44422,1.44230,1.44366,15237
2025-01-10T17:00:00Z,1.44368,1.44421,1.44121,1.44147,10521
2025-01-10T18:00:00Z,1.44147,1.44290,1.44141,1.44245,7352
2025-01-10T19:00:00Z,1.44244,1.44347,1.44215,1.44264,7846
2025-01-10T20:00:00Z,1.44265,1.44368,1.44261,1.44281,6048
2025-01-10T21:00:00Z,1.44281,1.44310,1.44167,1.44167,3175
2025-01-12T22:00:00Z,1.44199,1.44226,1.44174,1.44213,1089
2025-01-12T23:00:00Z,1.44213,1.44221,1.44110,1.44147,2719
2025-01-13T00:00:00Z,1.44148,1.44273,1.44142,1.44207,3417
2025-01-13T01:00:00Z,1.44207,1.44277,1.44179,1.44221,6777
2025-01-13T02:00:00Z,1.44222,1.44284,1.44164,1.44258,4852
2025-01-13T03:00:00Z,1.44259,1.44423,1.44249,1.44419,5148
2025-01-13T04:00:00Z,1.44418,1.44467,1.44370,1.44415,3715
2025-01-13T05:00:00Z,1.44414,1.44425,1.44327,1.44340,3612
2025-01-13T06:00:00Z,1.44339,1.44349,1.44295,1.44323,3837
2025-01-13T07:00:00Z,1.44323,1.44426,1.44279,1.44313,6690
2025-01-13T08:00:00Z,1.44314,1.44315,1.44180,1.44215,15671
2025-01-13T09:00:00Z,1.44213,1.44382,1.44139,1.44353,13098
2025-01-13T10:00:00Z,1.44353,1.44385,1.44285,1.44382,8878
2025-01-13T11:00:00Z,1.44381,1.44395,1.44261,1.44302,7683
2025-01-13T12:00:00Z,1.44303,1.44330,1.44140,1.44154,8598
2025-01-13T13:00:00Z,1.44155,1.44195,1.43916,1.44079,11651
2025-01-13T14:00:00Z,1.44078,1.44247,1.44004,1.44027,16703
2025-01-13T15:00:00Z,1.44028,1.44228,1.43962,1.44201,15973
2025-01-13T16:00:00Z,1.44201,1.44269,1.44024,1.44114,12394
2025-01-13T17:00:00Z,1.44115,1.44187,1.44076,1.44080,11982
2025-01-13T18:00:00Z,1.44081,1.44190,1.44053,1.44068,6948
2025-01-13T19:00:00Z,1.44068,1.44135,1.44030,1.44117,9931
2025-01-13T20:00:00Z,1.44117,1.44122,1.43974,1.43981,11818
2025-01-13T21:00:00Z,1.43982,1.43992,1.43739,1.43739,4271
2025-01-13T22:00:00Z,1.43763,1.43763,1.43541,1.43550,1466
2025-01-13T23:00:00Z,1.43549,1.43715,1.43423,1.43640,5609
2025-01-14T00:00:00Z,1.43640,1.43820,1.43626,1.43792,7858
2025-01-14T01:00:00Z,1.43793,1.43845,1.43740,1.43756,9636
2025-01-14T02:00:00Z,1.43755,1.43871,1.43752,1.43807,5318
2025-01-14T03:00:00Z,1.43807,1.43825,1.43726,1.43767,4168
2025-01-14T04:00:00Z,1.43768,1.43795,1.43701,1.43767,3389
2025-01-14T05:00:00Z,1.43767,1.43861,1.43758,1.43827,4176
2025-01-14T06:00:00Z,1.43824,1.43837,1.43766,1.43771,5658
2025-01-14T07:00:00Z,1.43771,1.43828,1.43708,1.43751,10034
2025-01-14T08:00:00Z,1.43750,1.43754,1.43575,1.43681,12821
2025-01-14T09:00:00Z,1.43681,1.43762,1.43660,1.43756,9826
2025-01-14T10:00:00Z,1.43757,1.43828,1.43739,1.43800,9698
2025-01-14T11:00:00Z,1.43800,1.43829,1.43774,1.43801,6839
2025-01-14T12:00:00Z,1.43801,1.43967,1.43778,1.43917,11500
2025-01-14T13:00:00Z,1.43915,1.43976,1.43630,1.43957,17180
2025-01-14T14:00:00Z,1.43957,1.44098,1.43838,1.43890,17919
2025-01-14T15:00:00Z,1.43891,1.43893,1.43504,1.43534,14998
2025-01-14T16:00:00Z,1.43532,1.43738,1.43502,1.43701,15132
2025-01-14T17:00:00Z,1.43701,1.43808,1.43666,1.43669,8447
2025-01-14T18:00:00Z,1.43669,1.43688,1.43526,1.43546,6117
2025-01-14T19:00:00Z,1.43546,1.43659,1.43520,1.43647,7824
2025-01-14T20:00:00Z,1.43646,1.43687,1.43555,1.43587,9639
2025-01-14T21:00:00Z,1.43586,1.43601,1.43466,1.43480,2271
2025-01-14T22:00:00Z,1.43469,1.43513,1.43446,1.43477,966
2025-01-14T23:00:00Z,1.43483,1.43533,1.43474,1.43514,1196
2025-01-15T00:00:00Z,1.43515,1.43564,1.43504,1.43555,3376
2025-01-15T01:00:00Z,1.43556,1.43560,1.43499,1.43549,4482
2025-01-15T02:00:00Z,1.43550,1.43595,1.43536,1.43565,3517
2025-01-15T03:00:00Z,1.43566,1.43582,1.43516,1.43521,2477
2025-01-15T04:00:00Z,1.43521,1.43535,1.43493,1.43515,2175
2025-01-15T05:00:00Z,1.43516,1.43626,1.43510,1.43621,3671
2025-01-15T06:00:00Z,1.43624,1.43639,1.43556,1.43592,2782
2025-01-15T07:00:00Z,1.43592,1.43607,1.43398,1.43417,7421
2025-01-15T08:00:00Z,1.43416,1.43526,1.43286,1.43523,8679
2025-01-15T09:00:00Z,1.43523,1.43524,1.43425,1.43461,5634
2025-01-15T10:00:00Z,1.43461,1.43493,1.43427,1.43433,5120
2025-01-15T11:00:00Z,1.43437,1.43456,1.43401,1.43440,3572
2025-01-15T12:00:00Z,1.43440,1.43663,1.43435,1.43569,6140
2025-01-15T13:00:00Z,1.43567,1.43587,1.43017,1.43079,18476
2025-01-15T14:00:00Z,1.43077,1.43333,1.43022,1.43292,18081
2025-01-15T15:00:00Z,1.43293,1.43468,1.43235,1.43404,17175
2025-01-15T16:00:00Z,1.43402,1.43575,1.43351,1.43408,21095
2025-01-15T17:00:00Z,1.43407,1.43411,1.43335,1.43368,10982
2025-01-15T18:00:00Z,1.43367,1.43399,1.43292,1.43306,6449
2025-01-15T19:00:00Z,1.43307,1.43347,1.43267,1.43280,6936
2025-01-15T20:00:00Z,1.43280,1.43316,1.43265,1.43280,3905
2025-01-15T21:00:00Z,1.43281,1.43405,1.43266,1.43396,2976
2025-01-15T22:00:00Z,1.43397,1.43397,1.43196,1.43351,1687
2025-01-15T23:00:00Z,1.43366,1.43373,1.43234,1.43246,2047
2025-01-16T00:00:00Z,1.43246,1.43361,1.43218,1.43243,5692
2025-01-16T01:00:00Z,1.43243,1.43418,1.43241,1.43413,6762
2025-01-16T02:00:00Z,1.43412,1.43516,1.43395,1.43511,5319
2025-01-16T03:00:00Z,1.43513,1.43541,1.43496,1.43516,3297
2025-01-16T04:00:00Z,1.43516,1.43563,1.43476,1.43544,2927
2025-01-16T05:00:00Z,1.43544,1.43665,1.43539,1.43663,3850
2025-01-16T06:00:00Z,1.43662,1.43662,1.43563,1.43574,4320
2025-01-16T07:00:00Z,1.43574,1.43617,1.43524,1.43555,6904
2025-01-16T08:00:00Z,1.43554,1.43834,1.43536,1.43724,8961
2025-01-16T09:00:00Z,1.43723,1.43739,1.43653,1.43712,7537
2025-01-16T10:00:00Z,1.43713,1.43771,1.43692,1.43718,6495
2025-01-16T11:00:00Z,1.43717,1.43802,1.43682,1.43723,5911
2025-01-16T12:00:00Z,1.43723,1.43928,1.43720,1.43798,7857
2025-01-16T13:00:00Z,1.43796,1.43912,1.43736,1.43792,11576
2025-01-16T14:00:00Z,1.43791,1.43948,1.43785,1.43863,12680
2025-01-16T15:00:00Z,1.43863,1.43945,1.43720,1.43871,20916
2025-01-16T16:00:00Z,1.43870,1.44003,1.43793,1.43795,15705
2025-01-16T17:00:00Z,1.43793,1.43891,1.43670,1.43857,9893
2025-01-16T18:00:00Z,1.43857,1.43937,1.43823,1.43912,5368
2025-01-16T19:00:00Z,1.43912,1.43994,1.43862,1.43950,6028
2025-01-16T20:00:00Z,1.43949,1.44025,1.43914,1.43968,4731
2025-01-16T21:00:00Z,1.43968,1.43988,1.43891,1.43928,2259
2025-01-16T22:00:00Z,1.43927,1.43971,1.43804,1.43956,1335
2025-01-16T23:00:00Z,1.43956,1.43993,1.43924,1.43941,1518
2025-01-17T00:00:00Z,1.43940,1.44005,1.43939,1.43967,2995
2025-01-17T01:00:00Z,1.43965,1.44024,1.43945,1.43993,4327
2025-01-17T02:00:00Z,1.43994,1.44002,1.43940,1.43993,4051
2025-01-17T03:00:00Z,1.43993,1.43998,1.43887,1.43941,3009
2025-01-17T04:00:00Z,1.43942,1.44029,1.43930,1.44009,2807
2025-01-17T05:00:00Z,1.44011,1.44052,1.43991,1.44020,2950
2025-01-17T06:00:00Z,1.44019,1.44091,1.44019,1.44054,3077
2025-01-17T07:00:00Z,1.44054,1.44128,1.44035,1.44068,5936
2025-01-17T08:00:00Z,1.44067,1.44106,1.44018,1.44067,5841
2025-01-17T09:00:00Z,1.44068,1.44172,1.44017,1.44128,7775
2025-01-17T10:00:00Z,1.44127,1.44127,1.44059,1.44094,5715
2025-01-17T11:00:00Z,1.44092,1.44141,1.44074,1.44115,5541
2025-01-17T12:00:00Z,1.44115,1.44403,1.44084,1.44316,6907
2025-01-17T13:00:00Z,1.44316,1.44394,1.44241,1.44357,10200
2025-01-17T14:00:00Z,1.44358,1.44638,1.44085,1.44144,18334
2025-01-17T15:00:00Z,1.44146,1.44163,1.43819,1.44001,20012
2025-01-17T16:00:00Z,1.44002,1.44245,1.44001,1.44215,18259
2025-01-17T17:00:00Z,1.44214,1.44383,1.44167,1.44378,18778
2025-01-17T18:00:00Z,1.44379,1.44540,1.44374,1.44518,17897
2025-01-17T19:00:00Z,1.44518,1.44644,1.44463,1.44602,12629
2025-01-17T20:00:00Z,1.44603,1.44742,1.44599,1.44654,6049
2025-01-17T21:00:00Z,1.44658,1.44845,1.44658,1.44743,2975
2025-01-19T22:00:00Z,1.44592,1.44744,1.44592,1.44729,617
2025-01-19T23:00:00Z,1.44724,1.44849,1.44687,1.44702,2891
2025-01-20T00:00:00Z,1.44703,1.44726,1.44606,1.44607,3313
2025-01-20T01:00:00Z,1.44610,1.44685,1.44537,1.44553,5654
2025-01-20T02:00:00Z,1.44552,1.44576,1.44517,1.44519,4705
2025-01-20T03:00:00Z,1.44518,1.44533,1.44451,1.44451,3920
2025-01-20T04:00:00Z,1.44451,1.44491,1.44430,1.44483,2109
2025-01-20T05:00:00Z,1.44483,1.44513,1.44450,1.44497,3403
2025-01-20T06:00:00Z,1.44496,1.44559,1.44424,1.44478,3960
2025-01-20T07:00:00Z,1.44478,1.44565,1.44440,1.44452,5503
2025-01-20T08:00:00Z,1.44453,1.44629,1.44448,1.44624,7159
2025-01-20T09:00:00Z,1.44623,1.44779,1.44603,1.44769,7700
2025-01-20T10:00:00Z,1.44767,1.44767,1.44623,1.44688,7117
2025-01-20T11:00:00Z,1.44689,1.44703,1.44584,1.44618,8408
2025-01-20T12:00:00Z,1.44616,1.44695,1.44527,1.44548,6777
2025-01-20T13:00:00Z,1.44554,1.44688,1.43102,1.43117,44162
2025-01-20T14:00:00Z,1.43118,1.43389,1.42605,1.42947,47051
2025-01-20T15:00:00Z,1.42947,1.43549,1.42721,1.43391,25792
2025-01-20T16:00:00Z,1.43393,1.43444,1.43138,1.43216,7661
2025-01-20T17:00:00Z,1.43214,1.43797,1.43130,1.43363,10312
2025-01-20T18:00:00Z,1.43362,1.43495,1.43257,1.43259,8310
2025-01-20T19:00:00Z,1.43258,1.43284,1.42913,1.43038,3143
2025-01-20T20:00:00Z,1.43037,1.43098,1.42824,1.43097,4400
2025-01-20T21:00:00Z,1.43099,1.43175,1.43036,1.43070,2807
2025-01-20T22:00:00Z,1.43037,1.43118,1.42976,1.43096,929
2025-01-20T23:00:00Z,1.43069,1.43124,1.42946,1.43020,4857
2025-01-21T00:00:00Z,1.43019,1.45150,1.42888,1.44571,17112
2025-01-21T01:00:00Z,1.44572,1.44931,1.43893,1.44402,20337
2025-01-21T02:00:00Z,1.44401,1.44440,1.44084,1.44174,10461
2025-01-21T03:00:00Z,1.44175,1.44230,1.43930,1.44153,9346
2025-01-21T04:00:00Z,1.44150,1.44207,1.44042,1.44183,6355
2025-01-21T05:00:00Z,1.44183,1.44328,1.44107,1.44326,6043
2025-01-21T06:00:00Z,1.44325,1.44424,1.44276,1.44379,6073
2025-01-21T07:00:00Z,1.44378,1.44541,1.44303,1.44521,8100
2025-01-21T08:00:00Z,1.44522,1.44570,1.44243,1.44291,9026
2025-01-21T09:00:00Z,1.44293,1.44372,1.44145,1.44236,9736
2025-01-21T10:00:00Z,1.44236,1.44404,1.44183,1.44360,9403
2025-01-21T11:00:00Z,1.44362,1.44475,1.44346,1.44462,7640
2025-01-21T12:00:00Z,1.44462,1.44559,1.44378,1.44417,10479
2025-01-21T13:00:00Z,1.44417,1.44494,1.44076,1.44474,12102
2025-01-21T14:00:00Z,1.44473,1.44490,1.43998,1.44151,15459
2025-01-21T15:00:00Z,1.44151,1.44151,1.43673,1.43778,20380
2025-01-21T16:00:00Z,1.43778,1.43780,1.43282,1.43292,16947
2025-01-21T17:00:00Z,1.43292,1.43353,1.43170,1.43344,8015
2025-01-21T18:00:00Z,1.43343,1.43384,1.43235,1.43312,5246
2025-01-21T19:00:00Z,1.43313,1.43388,1.43281,1.43344,4959
2025-01-21T20:00:00Z,1.43345,1.43439,1.43331,1.43375,4829
2025-01-21T21:00:00Z,1.43373,1.43378,1.43109,1.43167,4072
2025-01-21T22:00:00Z,1.43163,1.43250,1.43162,1.43237,807
2025-01-21T23:00:00Z,1.43237,1.43498,1.43218,1.43404,6949
2025-01-22T00:00:00Z,1.43404,1.43405,1.43161,1.43229,5909
2025-01-22T01:00:00Z,1.43229,1.43383,1.43229,1.43366,5778
2025-01-22T02:00:00Z,1.43366,1.43406,1.43274,1.43296,5617
2025-01-22T03:00:00Z,1.43294,1.43398,1.43274,1.43376,3764
2025-01-22T04:00:00Z,1.43376,1.43394,1.43301,1.43355,2778
2025-01-22T05:00:00Z,1.43355,1.43437,1.43344,1.43365,3911
2025-01-22T06:00:00Z,1.43366,1.43539,1.43347,1.43488,5088
2025-01-22T07:00:00Z,1.43488,1.43510,1.43312,1.43348,7175
2025-01-22T08:00:00Z,1.43347,1.43361,1.43210,1.43281,12253
2025-01-22T09:00:00Z,1.43280,1.43366,1.43246,1.43268,11025
2025-01-22T10:00:00Z,1.43270,1.43277,1.43048,1.43191,9371
2025-01-22T11:00:00Z,1.43193,1.43373,1.43004,1.43331,7147
2025-01-22T12:00:00Z,1.43331,1.43492,1.43279,1.43400,7906
2025-01-22T13:00:00Z,1.43399,1.43703,1.43320,1.43530,11117
2025-01-22T14:00:00Z,1.43532,1.43785,1.43519,1.43757,14796
2025-01-22T15:00:00Z,1.43757,1.43906,1.43738,1.43755,14527
2025-01-22T16:00:00Z,1.43754,1.43814,1.43579,1.43603,8443
2025-01-22T17:00:00Z,1.43604,1.43714,1.43604,1.43654,6410
2025-01-22T18:00:00Z,1.43656,1.43729,1.43530,1.43646,5645
2025-01-22T19:00:00Z,1.43644,1.43712,1.43627,1.43699,5033
2025-01-22T20:00:00Z,1.43700,1.43902,1.43639,1.43873,5686
2025-01-22T21:00:00Z,1.43873,1.43893,1.43741,1.43741,1992
2025-01-22T22:00:00Z,1.43737,1.43823,1.43663,1.43806,742
2025-01-22T23:00:00Z,1.43823,1.44035,1.43794,1.43953,2455
2025-01-23T00:00:00Z,1.43952,1.43958,1.43865,1.43873,4162
2025-01-23T01:00:00Z,1.43873,1.43959,1.43814,1.43941,6119
2025-01-23T02:00:00Z,1.43943,1.44036,1.43857,1.43881,5068
2025-01-23T03:00:00Z,1.43883,1.43930,1.43815,1.43912,4229
2025-01-23T04:00:00Z,1.43913,1.43914,1.43864,1.43881,3211
2025-01-23T05:00:00Z,1.43880,1.43945,1.43867,1.43923,4550
2025-01-23T06:00:00Z,1.43923,1.43940,1.43855,1.43939,5176
2025-01-23T07:00:00Z,1.43939,1.44016,1.43861,1.43886,7293
2025-01-23T08:00:00Z,1.43883,1.43994,1.43859,1.43946,8265
2025-01-23T09:00:00Z,1.43944,1.43945,1.43835,1.43892,8928
2025-01-23T10:00:00Z,1.43891,1.43935,1.43863,1.43920,6973
2025-01-23T11:00:00Z,1.43920,1.44014,1.43873,1.43953,7862
2025-01-23T12:00:00Z,1.43953,1.44105,1.43941,1.43989,7110
2025-01-23T13:00:00Z,1.43989,1.44130,1.43938,1.44034,11591
2025-01-23T14:00:00Z,1.44039,1.44039,1.43710,1.43802,12613
2025-01-23T15:00:00Z,1.43803,1.43899,1.43698,1.43792,15353
2025-01-23T16:00:00Z,1.43793,1.44017,1.43476,1.43601,20225
2025-01-23T17:00:00Z,1.43603,1.43639,1.43336,1.43386,8766
2025-01-23T18:00:00Z,1.43384,1.43591,1.43382,1.43552,7764
2025-01-23T19:00:00Z,1.43554,1.43619,1.43475,1.43611,4057
2025-01-23T20:00:00Z,1.43613,1.43798,1.43548,1.43742,5219
2025-01-23T21:00:00Z,1.43743,1.43838,1.43693,1.43819,2112
2025-01-23T22:00:00Z,1.43782,1.43819,1.43764,1.43810,439
2025-01-23T23:00:00Z,1.43810,1.43810,1.43758,1.43772,1309
2025-01-24T00:00:00Z,1.43772,1.43800,1.43721,1.43751,2459
2025-01-24T01:00:00Z,1.43751,1.43832,1.43744,1.43749,3882
2025-01-24T02:00:00Z,1.43748,1.43748,1.43254,1.43287,9751
2025-01-24T03:00:00Z,1.43288,1.43444,1.43205,1.43337,8373
2025-01-24T04:00:00Z,1.43335,1.43433,1.43281,1.43400,6305
2025-01-24T05:00:00Z,1.43402,1.43417,1.43307,1.43307,5055
2025-01-24T06:00:00Z,1.43307,1.43336,1.43209,1.43299,7509
2025-01-24T07:00:00Z,1.43299,1.43482,1.43297,1.43435,9517
2025-01-24T08:00:00Z,1.43434,1.43471,1.43247,1.43280,12571
2025-01-24T09:00:00Z,1.43281,1.43382,1.43143,1.43247,13452
2025-01-24T10:00:00Z,1.43247,1.43300,1.43191,1.43265,8831
2025-01-24T11:00:00Z,1.43267,1.43376,1.43220,1.43340,8049
2025-01-24T12:00:00Z,1.43340,1.43491,1.43340,1.43420,7015
2025-01-24T13:00:00Z,1.43421,1.43429,1.43221,1.43236,10298
2025-01-24T14:00:00Z,1.43235,1.43411,1.43166,1.43358,13426
2025-01-24T15:00:00Z,1.43358,1.43405,1.43193,1.43272,17350
2025-01-24T16:00:00Z,1.43272,1.43412,1.43243,1.43320,13511
2025-01-24T17:00:00Z,1.43320,1.43373,1.43267,1.43367,8406
2025-01-24T18:00:00Z,1.43368,1.43431,1.43339,1.43416,6546
2025-01-24T19:00:00Z,1.43414,1.43468,1.43396,1.43421,5380
2025-01-24T20:00:00Z,1.43424,1.43489,1.43382,1.43463,5049
2025-01-24T21:00:00Z,1.43462,1.43488,1.43352,1.43415,2270
2025-01-26T22:00:00Z,1.43587,1.43709,1.43570,1.43691,586
2025-01-26T23:00:00Z,1.43705,1.43870,1.43692,1.43856,4147
2025-01-27T00:00:00Z,1.43858,1.43862,1.43708,1.43747,4855
2025-01-27T01:00:00Z,1.43747,1.43869,1.43649,1.43830,7685
2025-01-27T02:00:00Z,1.43832,1.44010,1.43832,1.43872,8460
2025-01-27T03:00:00Z,1.43871,1.43907,1.43659,1.43770,6745
2025-01-27T04:00:00Z,1.43770,1.43896,1.43736,1.43811,3961
2025-01-27T05:00:00Z,1.43814,1.43907,1.43814,1.43839,5629
2025-01-27T06:00:00Z,1.43839,1.43929,1.43786,1.43798,6250
2025-01-27T07:00:00Z,1.43798,1.44001,1.43794,1.43994,9743
2025-01-27T08:00:00Z,1.43994,1.43995,1.43770,1.43779,13217
2025-01-27T09:00:00Z,1.43779,1.43811,1.43645,1.43679,12340
2025-01-27T10:00:00Z,1.43678,1.43678,1.43466,1.43565,14099
2025-01-27T11:00:00Z,1.43565,1.43679,1.43481,1.43605,13223
2025-01-27T12:00:00Z,1.43606,1.43697,1.43330,1.43410,10972
2025-01-27T13:00:00Z,1.43410,1.43600,1.43335,1.43571,11712
2025-01-27T14:00:00Z,1.43572,1.43888,1.43559,1.43785,14287
2025-01-27T15:00:00Z,1.43785,1.43951,1.43779,1.43838,14170
2025-01-27T16:00:00Z,1.43838,1.43952,1.43796,1.43900,14567
2025-01-27T17:00:00Z,1.43900,1.43978,1.43859,1.43977,9884
2025-01-27T18:00:00Z,1.43978,1.44009,1.43805,1.43850,9258
2025-01-27T19:00:00Z,1.43849,1.43873,1.43751,1.43767,8391
2025-01-27T20:00:00Z,1.43766,1.43841,1.43711,1.43719,6240
2025-01-27T21:00:00Z,1.43718,1.43760,1.43658,1.43692,3690
2025-01-27T22:00:00Z,1.43693,1.43726,1.43676,1.43678,619
2025-01-27T23:00:00Z,1.43703,1.44151,1.43660,1.44048,15303
2025-01-28T00:00:00Z,1.44049,1.44073,1.43875,1.43908,7116
2025-01-28T01:00:00Z,1.43917,1.44036,1.43800,1.43960,7588
2025-01-28T02:00:00Z,1.43961,1.44049,1.43873,1.43928,8854
2025-01-28T03:00:00Z,1.43929,1.43999,1.43909,1.43987,4459
2025-01-28T04:00:00Z,1.43987,1.44040,1.43941,1.43949,2843
2025-01-28T05:00:00Z,1.43947,1.43993,1.43916,1.43979,2162
2025-01-28T06:00:00Z,1.43981,1.44028,1.43926,1.43997,3144
2025-01-28T07:00:00Z,1.43997,1.44050,1.43920,1.44034,7863
2025-01-28T08:00:00Z,1.44033,1.44119,1.44012,1.44046,10419
2025-01-28T09:00:00Z,1.44043,1.44043,1.43885,1.43971,9330
2025-01-28T10:00:00Z,1.43970,1.44117,1.43937,1.44114,7176
2025-01-28T11:00:00Z,1.44113,1.44161,1.44069,1.44153,7493
2025-01-28T12:00:00Z,1.44152,1.44194,1.44099,1.44158,9699
2025-01-28T13:00:00Z,1.44159,1.44171,1.43953,1.44017,10289
2025-01-28T14:00:00Z,1.44017,1.44020,1.43684,1.43810,14886
2025-01-28T15:00:00Z,1.43810,1.43933,1.43767,1.43918,13496
2025-01-28T16:00:00Z,1.43918,1.44000,1.43835,1.43916,12223
2025-01-28T17:00:00Z,1.43916,1.43979,1.43851,1.43967,7698
2025-01-28T18:00:00Z,1.43967,1.44072,1.43840,1.43998,7788
2025-01-28T19:00:00Z,1.43998,1.44129,1.43933,1.43946,6098
2025-01-28T20:00:00Z,1.43946,1.44006,1.43928,1.43968,6030
2025-01-28T21:00:00Z,1.43970,1.44023,1.43932,1.43968,2069
2025-01-28T22:00:00Z,1.43967,1.43982,1.43892,1.43957,4869
2025-01-28T23:00:00Z,1.43962,1.44024,1.43962,1.44024,1899
2025-01-29T00:00:00Z,1.44022,1.44087,1.43963,1.44043,3438
2025-01-29T01:00:00Z,1.44043,1.44055,1.44005,1.44022,2451
2025-01-29T02:00:00Z,1.44021,1.44026,1.43941,1.43978,3002
2025-01-29T03:00:00Z,1.43976,1.44027,1.43952,1.43959,3602
2025-01-29T04:00:00Z,1.43958,1.43974,1.43911,1.43961,3018
2025-01-29T05:00:00Z,1.43962,1.43995,1.43914,1.43971,2327
2025-01-29T06:00:00Z,1.43971,1.43988,1.43924,1.43983,3772
2025-01-29T07:00:00Z,1.43985,1.44146,1.43978,1.44132,6644
2025-01-29T08:00:00Z,1.44131,1.44192,1.44077,1.44189,7788
2025-01-29T09:00:00Z,1.44190,1.44330,1.44185,1.44292,7571
2025-01-29T10:00:00Z,1.44290,1.44327,1.44231,1.44285,6004
2025-01-29T11:00:00Z,1.44284,1.44314,1.44177,1.44270,4990
2025-01-29T12:00:00Z,1.44271,1.44398,1.44238,1.44333,7209
2025-01-29T13:00:00Z,1.44332,1.44701,1.44318,1.44642,12542
2025-01-29T14:00:00Z,1.44641,1.44710,1.44214,1.44402,14612
2025-01-29T15:00:00Z,1.44399,1.44620,1.44324,1.44430,13141
2025-01-29T16:00:00Z,1.44428,1.44582,1.44285,1.44321,23062
2025-01-29T17:00:00Z,1.44320,1.44322,1.44025,1.44213,10549
2025-01-29T18:00:00Z,1.44211,1.44292,1.44186,1.44223,5582
2025-01-29T19:00:00Z,1.44218,1.44453,1.44081,1.44204,23148
2025-01-29T20:00:00Z,1.44201,1.44296,1.44099,1.44261,11626
2025-01-29T21:00:00Z,1.44266,1.44282,1.44153,1.44153,3407
2025-01-29T22:00:00Z,1.44152,1.44201,1.44065,1.44186,480
2025-01-29T23:00:00Z,1.44184,1.44208,1.43918,1.43962,4217
2025-01-30T00:00:00Z,1.43962,1.44096,1.43962,1.44058,4188
2025-01-30T01:00:00Z,1.44061,1.44161,1.44061,1.44129,3170
2025-01-30T02:00:00Z,1.44128,1.44184,1.44070,1.44172,3200
2025-01-30T03:00:00Z,1.44173,1.44192,1.44127,1.44172,3358
2025-01-30T04:00:00Z,1.44172,1.44228,1.44140,1.44196,2600
2025-01-30T05:00:00Z,1.44197,1.44243,1.44196,1.44235,2229
2025-01-30T06:00:00Z,1.44237,1.44317,1.44225,1.44287,3079
2025-01-30T07:00:00Z,1.44295,1.44354,1.44152,1.44173,4611
2025-01-30T08:00:00Z,1.44171,1.44186,1.44064,1.44073,5577
2025-01-30T09:00:00Z,1.44072,1.44164,1.44019,1.44091,15558
2025-01-30T10:00:00Z,1.44091,1.44149,1.44045,1.44114,7415
2025-01-30T11:00:00Z,1.44114,1.44148,1.44070,1.44132,5109
2025-01-30T12:00:00Z,1.44132,1.44191,1.44063,1.44127,7354
2025-01-30T13:00:00Z,1.44129,1.44227,1.44058,1.44086,15439
2025-01-30T14:00:00Z,1.44086,1.44204,1.44033,1.44149,14792
2025-01-30T15:00:00Z,1.44152,1.44156,1.43992,1.44086,12951
2025-01-30T16:00:00Z,1.44085,1.44149,1.44042,1.44133,9790
2025-01-30T17:00:00Z,1.44132,1.44221,1.44117,1.44144,6421
2025-01-30T18:00:00Z,1.44144,1.44155,1.43995,1.44005,4637
2025-01-30T19:00:00Z,1.44005,1.44143,1.43998,1.44130,3658
2025-01-30T20:00:00Z,1.44130,1.45941,1.44112,1.44853,22832
2025-01-30T21:00:00Z,1.44852,1.45112,1.44723,1.44855,12180
2025-01-30T22:00:00Z,1.44842,1.45011,1.44837,1.44878,1755
2025-01-30T23:00:00Z,1.44888,1.45093,1.44777,1.44924,6287
2025-01-31T00:00:00Z,1.44924,1.44992,1.44826,1.44966,5563
2025-01-31T01:00:00Z,1.44966,1.45004,1.44792,1.44828,7401
2025-01-31T02:00:00Z,1.44828,1.44893,1.44715,1.44778,4364
2025-01-31T03:00:00Z,1.44777,1.44852,1.44737,1.44831,3621
2025-01-31T04:00:00Z,1.44830,1.44875,1.44777,1.44795,3062
2025-01-31T05:00:00Z,1.44797,1.44837,1.44746,1.44773,3637
2025-01-31T06:00:00Z,1.44772,1.44804,1.44621,1.44632,3474
2025-01-31T07:00:00Z,1.44632,1.44645,1.44306,1.44378,8400
2025-01-31T08:00:00Z,1.44377,1.44702,1.44365,1.44686,8310
2025-01-31T09:00:00Z,1.44691,1.44908,1.44690,1.44782,11387
2025-01-31T10:00:00Z,1.44782,1.44906,1.44759,1.44862,8755
2025-01-31T11:00:00Z,1.44863,1.44969,1.44858,1.44863,8809
2025-01-31T12:00:00Z,1.44861,1.44862,1.44755,1.44813,13734
2025-01-31T13:00:00Z,1.44813,1.44909,1.44625,1.44877,14820
2025-01-31T14:00:00Z,1.44877,1.45501,1.44861,1.45180,16653
2025-01-31T15:00:00Z,1.45179,1.45289,1.44661,1.44816,16435
2025-01-31T16:00:00Z,1.44816,1.44900,1.44520,1.44610,13510
2025-01-31T17:00:00Z,1.44609,1.44844,1.43701,1.44001,29482
2025-01-31T18:00:00Z,1.43999,1.45216,1.43898,1.45058,29014
2025-01-31T19:00:00Z,1.45057,1.45275,1.45035,1.45101,18598
2025-01-31T20:00:00Z,1.45099,1.45589,1.44947,1.45367,18342
2025-01-31T21:00:00Z,1.45370,1.45513,1.45093,1.45257,11091
2025-02-02T22:00:00Z,1.47352,1.47445,1.47031,1.47317,1468
2025-02-02T23:00:00Z,1.47346,1.47498,1.47040,1.47123,17394
2025-02-03T00:00:00Z,1.47123,1.47428,1.46721,1.47387,23996
2025-02-03T01:00:00Z,1.47382,1.47502,1.47089,1.47475,14462
2025-02-03T02:00:00Z,1.47476,1.47875,1.47448,1.47807,11889
2025-02-03T03:00:00Z,1.47805,1.47926,1.47722,1.47749,9109
2025-02-03T04:00:00Z,1.47750,1.47752,1.47342,1.47466,10465
2025-02-03T05:00:00Z,1.47466,1.47529,1.47247,1.47274,8367
2025-02-03T06:00:00Z,1.47273,1.47515,1.47020,1.47123,9205
2025-02-03T07:00:00Z,1.47122,1.47246,1.46944,1.47163,14350
2025-02-03T08:00:00Z,1.47163,1.47213,1.46743,1.46948,13808
2025-02-03T09:00:00Z,1.46952,1.47024,1.46743,1.46925,10499
2025-02-03T10:00:00Z,1.46926,1.46926,1.46643,1.46719,8894
2025-02-03T11:00:00Z,1.46718,1.47038,1.46696,1.46733,8809
2025-02-03T12:00:00Z,1.46733,1.46859,1.46517,1.46706,12703
2025-02-03T13:00:00Z,1.46707,1.46730,1.45886,1.46675,17998
2025-02-03T14:00:00Z,1.46675,1.46904,1.46404,1.46753,23561
2025-02-03T15:00:00Z,1.46746,1.47019,1.45439,1.45700,37493
2025-02-03T16:00:00Z,1.45701,1.46435,1.45683,1.46007,26254
2025-02-03T17:00:00Z,1.46010,1.46251,1.45221,1.45789,16074
2025-02-03T18:00:00Z,1.45789,1.45921,1.45622,1.45741,13971
2025-02-03T19:00:00Z,1.45743,1.45744,1.45474,1.45721,7127
2025-02-03T20:00:00Z,1.45735,1.45744,1.45537,1.45688,6495
2025-02-03T21:00:00Z,1.45689,1.45747,1.43880,1.44247,16664
2025-02-03T22:00:00Z,1.44247,1.44310,1.44060,1.44088,3810
2025-02-03T23:00:00Z,1.44107,1.44223,1.43853,1.44208,7862
2025-02-04T00:00:00Z,1.44209,1.44528,1.44167,1.44433,7705
2025-02-04T01:00:00Z,1.44432,1.44615,1.44378,1.44481,10974
2025-02-04T02:00:00Z,1.44481,1.44653,1.44475,1.44586,7462
2025-02-04T03:00:00Z,1.44590,1.44734,1.44531,1.44681,6140
2025-02-04T04:00:00Z,1.44682,1.44817,1.44657,1.44808,4781
2025-02-04T05:00:00Z,1.44807,1.45020,1.44787,1.44863,17121
2025-02-04T06:00:00Z,1.44861,1.44876,1.44618,1.44619,5996
2025-02-04T07:00:00Z,1.44623,1.44658,1.44299,1.44380,10597
2025-02-04T08:00:00Z,1.44380,1.44607,1.44333,1.44500,12989
2025-02-04T09:00:00Z,1.44500,1.44543,1.44238,1.44248,9245
2025-02-04T10:00:00Z,1.44249,1.44327,1.44176,1.44177,8242
2025-02-04T11:00:00Z,1.44177,1.44359,1.44141,1.44341,7641
2025-02-04T12:00:00Z,1.44342,1.44410,1.44158,1.44159,7036
2025-02-04T13:00:00Z,1.44160,1.44177,1.43809,1.43827,9681
2025-02-04T14:00:00Z,1.43827,1.43925,1.43603,1.43709,12537
2025-02-04T15:00:00Z,1.43709,1.43710,1.43270,1.43273,14099
2025-02-04T16:00:00Z,1.43274,1.43328,1.43086,1.43200,10915
2025-02-04T17:00:00Z,1.43200,1.43500,1.43159,1.43399,9038
2025-02-04T18:00:00Z,1.43400,1.43459,1.43314,1.43325,4661
2025-02-04T19:00:00Z,1.43323,1.43365,1.43013,1.43050,6226
2025-02-04T20:00:00Z,1.43051,1.43180,1.43043,1.43171,4855
2025-02-04T21:00:00Z,1.43172,1.43318,1.43162,1.43168,3253
2025-02-04T22:00:00Z,1.43173,1.43277,1.43051,1.43250,906
2025-02-04T23:00:00Z,1.43250,1.43386,1.43219,1.43385,2718
2025-02-05T00:00:00Z,1.43385,1.43385,1.43191,1.43238,4855
2025-02-05T01:00:00Z,1.43241,1.43343,1.43126,1.43337,8788
2025-02-05T02:00:00Z,1.43336,1.43376,1.43179,1.43249,7037
2025-02-05T03:00:00Z,1.43247,1.43321,1.43207,1.43314,5212
2025-02-05T04:00:00Z,1.43312,1.43396,1.43291,1.43378,3859
2025-02-05T05:00:00Z,1.43377,1.43438,1.43354,1.43377,4755
2025-02-05T06:00:00Z,1.43379,1.43431,1.43183,1.43300,5605
2025-02-05T07:00:00Z,1.43302,1.43378,1.43045,1.43088,11559
2025-02-05T08:00:00Z,1.43088,1.43097,1.42824,1.42831,13252
2025-02-05T09:00:00Z,1.42834,1.42860,1.42793,1.42850,9838
2025-02-05T10:00:00Z,1.42851,1.42881,1.42719,1.42754,8565
2025-02-05T11:00:00Z,1.42755,1.42955,1.42751,1.42871,5749
2025-02-05T12:00:00Z,1.42868,1.42943,1.42814,1.42856,5932
2025-02-05T13:00:00Z,1.42856,1.42939,1.42696,1.42920,10207
2025-02-05T14:00:00Z,1.42920,1.42948,1.42694,1.42873,11566
2025-02-05T15:00:00Z,1.42860,1.42993,1.42693,1.42854,15710
2025-02-05T16:00:00Z,1.42855,1.42990,1.42799,1.42822,10448
2025-02-05T17:00:00Z,1.42819,1.43005,1.42754,1.42918,5548
2025-02-05T18:00:00Z,1.42920,1.43111,1.42863,1.43091,4419
2025-02-05T19:00:00Z,1.43090,1.43196,1.43023,1.43147,4757
2025-02-05T20:00:00Z,1.43147,1.43276,1.43112,1.43131,3911
2025-02-05T21:00:00Z,1.43129,1.43184,1.43013,1.43018,2729
2025-02-05T22:00:00Z,1.43052,1.43176,1.43052,1.43138,954
2025-02-05T23:00:00Z,1.43144,1.43196,1.43096,1.43147,2029
2025-02-06T00:00:00Z,1.43148,1.43269,1.43113,1.43213,3572
2025-02-06T01:00:00Z,1.43210,1.43229,1.43133,1.43141,4993
2025-02-06T02:00:00Z,1.43140,1.43302,1.43137,1.43289,3797
2025-02-06T03:00:00Z,1.43289,1.43355,1.43268,1.43336,3563
2025-02-06T04:00:00Z,1.43337,1.43506,1.43314,1.43483,3289
2025-02-06T05:00:00Z,1.43482,1.43490,1.43390,1.43474,3016
2025-02-06T06:00:00Z,1.43475,1.43476,1.43400,1.43449,4119
2025-02-06T07:00:00Z,1.43450,1.43631,1.43427,1.43596,7255
2025-02-06T08:00:00Z,1.43594,1.43661,1.43500,1.43575,7606
2025-02-06T09:00:00Z,1.43576,1.43659,1.43536,1.43593,6781
2025-02-06T10:00:00Z,1.43591,1.43617,1.43473,1.43569,6567
2025-02-06T11:00:00Z,1.43569,1.43608,1.43486,1.43580,6988
2025-02-06T12:00:00Z,1.43580,1.43638,1.43447,1.43470,10630
2025-02-06T13:00:00Z,1.43472,1.43538,1.43410,1.43413,7903
2025-02-06T14:00:00Z,1.43411,1.43483,1.43280,1.43457,8941
2025-02-06T15:00:00Z,1.43457,1.43485,1.43202,1.43211,12103
2025-02-06T16:00:00Z,1.43210,1.43226,1.43031,1.43164,7352
2025-02-06T17:00:00Z,1.43163,1.43186,1.43060,1.43105,4694
2025-02-06T18:00:00Z,1.43105,1.43145,1.43008,1.43052,6343
2025-02-06T19:00:00Z,1.43052,1.43182,1.43045,1.43181,3595
2025-02-06T20:00:00Z,1.43182,1.43188,1.43029,1.43045,3821
2025-02-06T21:00:00Z,1.43049,1.43111,1.43010,1.43034,2115
2025-02-06T22:00:00Z,1.43035,1.43096,1.43021,1.43083,547
2025-02-06T23:00:00Z,1.43077,1.43103,1.43022,1.43071,1569
2025-02-07T00:00:00Z,1.43073,1.43179,1.43013,1.43157,2327
2025-02-07T01:00:00Z,1.43157,1.43164,1.43018,1.43049,4559
2025-02-07T02:00:00Z,1.43051,1.43084,1.43008,1.43051,4801
2025-02-07T03:00:00Z,1.43052,1.43180,1.43049,1.43168,3827
2025-02-07T04:00:00Z,1.43168,1.43260,1.43161,1.43196,2911
2025-02-07T05:00:00Z,1.43196,1.43255,1.43177,1.43245,3358
2025-02-07T06:00:00Z,1.43245,1.43253,1.43191,1.43192,3591
2025-02-07T07:00:00Z,1.43191,1.43208,1.43067,1.43135,4970
2025-02-07T08:00:00Z,1.43137,1.43137,1.43039,1.43065,6770
2025-02-07T09:00:00Z,1.43065,1.43127,1.43050,1.43113,6114
2025-02-07T10:00:00Z,1.43112,1.43269,1.43104,1.43239,5637
2025-02-07T11:00:00Z,1.43237,1.43359,1.43226,1.43315,5720
2025-02-07T12:00:00Z,1.43317,1.43434,1.43315,1.43369,7452
2025-02-07T13:00:00Z,1.43368,1.43443,1.42868,1.43045,18393
2025-02-07T14:00:00Z,1.43045,1.43115,1.42806,1.42866,12409
2025-02-07T15:00:00Z,1.42884,1.43392,1.42794,1.43009,23712
2025-02-07T16:00:00Z,1.43011,1.43278,1.42901,1.43115,28153
2025-02-07T17:00:00Z,1.43117,1.43321,1.42852,1.42921,18328
2025-02-07T18:00:00Z,1.42921,1.43007,1.42730,1.42980,6755
2025-02-07T19:00:00Z,1.42977,1.43006,1.42747,1.42830,5810
2025-02-07T20:00:00Z,1.42832,1.42976,1.42794,1.42806,4855
2025-02-07T21:00:00Z,1.42802,1.42966,1.42735,1.42862,2765
2025-02-09T22:00:00Z,1.43522,1.43793,1.43491,1.43589,2026
2025-02-09T23:00:00Z,1.43587,1.43590,1.43300,1.43324,5001
2025-02-10T00:00:00Z,1.43322,1.43378,1.43222,1.43324,5769
2025-02-10T01:00:00Z,1.43322,1.43512,1.43273,1.43485,9183
2025-02-10T02:00:00Z,1.43485,1.43576,1.43424,1.43552,7137
2025-02-10T03:00:00Z,1.43551,1.43554,1.43426,1.43427,3738
2025-02-10T04:00:00Z,1.43426,1.43453,1.43377,1.43424,3444
2025-02-10T05:00:00Z,1.43424,1.43454,1.43354,1.43442,3868
2025-02-10T06:00:00Z,1.43441,1.43461,1.43348,1.43356,4284
2025-02-10T07:00:00Z,1.43355,1.43586,1.43304,1.43469,5537
2025-02-10T08:00:00Z,1.43468,1.43479,1.43312,1.43363,8457
2025-02-10T09:00:00Z,1.43365,1.43375,1.43147,1.43257,7780
2025-02-10T10:00:00Z,1.43258,1.43370,1.43258,1.43335,4458
2025-02-10T11:00:00Z,1.43336,1.43408,1.43262,1.43395,4750
2025-02-10T12:00:00Z,1.43396,1.43443,1.43343,1.43374,5664
2025-02-10T13:00:00Z,1.43375,1.43440,1.43332,1.43363,4847
2025-02-10T14:00:00Z,1.43363,1.43428,1.43230,1.43362,8011
2025-02-10T15:00:00Z,1.43361,1.43396,1.43190,1.43199,8680
2025-02-10T16:00:00Z,1.43199,1.43254,1.43135,1.43178,6798
2025-02-10T17:00:00Z,1.43176,1.43243,1.43132,1.43192,4283
2025-02-10T18:00:00Z,1.43192,1.43221,1.43100,1.43137,4080
2025-02-10T19:00:00Z,1.43137,1.43160,1.43048,1.43076,3103
2025-02-10T20:00:00Z,1.43077,1.43142,1.43061,1.43093,2635
2025-02-10T21:00:00Z,1.43092,1.43170,1.43075,1.43142,1246
2025-02-10T22:00:00Z,1.43116,1.43380,1.43040,1.43288,1707
2025-02-10T23:00:00Z,1.43279,1.43386,1.43177,1.43386,3614
2025-02-11T00:00:00Z,1.43381,1.43396,1.43308,1.43310,1976
2025-02-11T01:00:00Z,1.43313,1.43350,1.43256,1.43344,2850
2025-02-11T02:00:00Z,1.43343,1.43400,1.43296,1.43389,4330
2025-02-11T03:00:00Z,1.43388,1.43401,1.43339,1.43339,3325
2025-02-11T04:00:00Z,1.43339,1.43346,1.43318,1.43343,1836
2025-02-11T05:00:00Z,1.43342,1.43343,1.43287,1.43324,2760
2025-02-11T06:00:00Z,1.43323,1.43339,1.43259,1.43294,4160
2025-02-11T07:00:00Z,1.43294,1.43376,1.43260,1.43329,5880
2025-02-11T08:00:00Z,1.43330,1.43372,1.43240,1.43349,7895
2025-02-11T09:00:00Z,1.43350,1.43397,1.43307,1.43333,6977
2025-02-11T10:00:00Z,1.43333,1.43451,1.43299,1.43431,5331
2025-02-11T11:00:00Z,1.43431,1.43446,1.43262,1.43273,5190
2025-02-11T12:00:00Z,1.43274,1.43392,1.43205,1.43228,8496
2025-02-11T13:00:00Z,1.43228,1.43286,1.43077,1.43099,8430
2025-02-11T14:00:00Z,1.43099,1.43201,1.43077,1.43189,9783
2025-02-11T15:00:00Z,1.43189,1.43267,1.43083,1.43139,8355
2025-02-11T16:00:00Z,1.43138,1.43142,1.43016,1.43071,7180
2025-02-11T17:00:00Z,1.43074,1.43147,1.42996,1.43066,4575
2025-02-11T18:00:00Z,1.43066,1.43082,1.42960,1.43022,4598
2025-02-11T19:00:00Z,1.43023,1.43034,1.42786,1.42934,7363
2025-02-11T20:00:00Z,1.42933,1.42935,1.42792,1.42873,5305
2025-02-11T21:00:00Z,1.42875,1.42943,1.42815,1.42821,2256
2025-02-11T22:00:00Z,1.42814,1.42875,1.42795,1.42833,885
2025-02-11T23:00:00Z,1.42830,1.42866,1.42815,1.42865,1583
2025-02-12T00:00:00Z,1.42864,1.42934,1.42863,1.42908,1999
2025-02-12T01:00:00Z,1.42909,1.42958,1.42865,1.42877,3375
2025-02-12T02:00:00Z,1.42877,1.42901,1.42791,1.42835,4806
2025-02-12T03:00:00Z,1.42836,1.42899,1.42823,1.42863,3631
2025-02-12T04:00:00Z,1.42864,1.42971,1.42860,1.42966,2983
2025-02-12T05:00:00Z,1.42966,1.42977,1.42944,1.42957,3761
2025-02-12T06:00:00Z,1.42957,1.42966,1.42924,1.42957,3616
2025-02-12T07:00:00Z,1.42957,1.42958,1.42856,1.42908,6694
2025-02-12T08:00:00Z,1.42906,1.43029,1.42863,1.43012,8862
2025-02-12T09:00:00Z,1.43013,1.43127,1.42995,1.43076,6532
2025-02-12T10:00:00Z,1.43077,1.43149,1.43060,1.43068,5545
2025-02-12T11:00:00Z,1.43070,1.43078,1.42889,1.42946,6685
2025-02-12T12:00:00Z,1.42949,1.43049,1.42927,1.43007,5315
2025-02-12T13:00:00Z,1.43008,1.43394,1.42922,1.43285,15416
2025-02-12T14:00:00Z,1.43285,1.43419,1.43177,1.43189,13252
2025-02-12T15:00:00Z,1.43192,1.43316,1.42853,1.42949,17590
2025-02-12T16:00:00Z,1.42948,1.43140,1.42837,1.42888,12224
2025-02-12T17:00:00Z,1.42888,1.42899,1.42550,1.42616,14538
2025-02-12T18:00:00Z,1.42614,1.42898,1.42586,1.42839,10958
2025-02-12T19:00:00Z,1.42839,1.42916,1.42815,1.42842,6310
2025-02-12T20:00:00Z,1.42840,1.42864,1.42791,1.42842,5974
2025-02-12T21:00:00Z,1.42842,1.43098,1.42834,1.43052,3665
2025-02-12T22:00:00Z,1.43052,1.43053,1.42964,1.42993,428
2025-02-12T23:00:00Z,1.43001,1.43028,1.42979,1.42997,1837
2025-02-13T00:00:00Z,1.42998,1.43014,1.42901,1.42981,2218
2025-02-13T01:00:00Z,1.42980,1.43008,1.42866,1.42879,4589
2025-02-13T02:00:00Z,1.42879,1.42902,1.42816,1.42847,6246
2025-02-13T03:00:00Z,1.42846,1.42854,1.42681,1.42682,5634
2025-02-13T04:00:00Z,1.42683,1.42702,1.42591,1.42626,5703
2025-02-13T05:00:00Z,1.42626,1.42629,1.42551,1.42584,5649
2025-02-13T06:00:00Z,1.42583,1.42638,1.42543,1.42617,5403
2025-02-13T07:00:00Z,1.42619,1.42744,1.42547,1.42701,7945
2025-02-13T08:00:00Z,1.42702,1.42957,1.42699,1.42935,10776
2025-02-13T09:00:00Z,1.42933,1.42993,1.42879,1.42909,6137
2025-02-13T10:00:00Z,1.42911,1.42976,1.42866,1.42898,3944
2025-02-13T11:00:00Z,1.42899,1.43032,1.42822,1.42938,6797
2025-02-13T12:00:00Z,1.42938,1.43027,1.42843,1.42843,7437
2025-02-13T13:00:00Z,1.42843,1.42918,1.42645,1.42847,11545
2025-02-13T14:00:00Z,1.42846,1.42893,1.42669,1.42686,11323
2025-02-13T15:00:00Z,1.42685,1.42685,1.42101,1.42216,18476
2025-02-13T16:00:00Z,1.42216,1.42311,1.42116,1.42303,9150
2025-02-13T17:00:00Z,1.42305,1.42446,1.42273,1.42433,5020
2025-02-13T18:00:00Z,1.42434,1.42625,1.42325,1.42399,15296
2025-02-13T19:00:00Z,1.42399,1.42410,1.42218,1.42307,9410
2025-02-13T20:00:00Z,1.42308,1.42328,1.41825,1.41873,6902
2025-02-13T21:00:00Z,1.41872,1.41998,1.41854,1.41905,2426
2025-02-13T22:00:00Z,1.41908,1.41959,1.41863,1.41899,520
2025-02-13T23:00:00Z,1.41911,1.42005,1.41873,1.41922,3583
2025-02-14T00:00:00Z,1.41925,1.41998,1.41853,1.41934,4214
2025-02-14T01:00:00Z,1.41936,1.41945,1.41815,1.41887,6389
2025-02-14T02:00:00Z,1.41886,1.41905,1.41829,1.41863,5788
2025-02-14T03:00:00Z,1.41863,1.41907,1.41812,1.41820,3478
2025-02-14T04:00:00Z,1.41820,1.41848,1.41765,1.41833,2370
2025-02-14T05:00:00Z,1.41832,1.41912,1.41815,1.41866,3618
2025-02-14T06:00:00Z,1.41868,1.41885,1.41783,1.41811,5246
2025-02-14T07:00:00Z,1.41810,1.41810,1.41633,1.41662,7170
2025-02-14T08:00:00Z,1.41662,1.41696,1.41563,1.41680,9786
2025-02-14T09:00:00Z,1.41680,1.41718,1.41588,1.41670,7141
2025-02-14T10:00:00Z,1.41671,1.41842,1.41647,1.41826,7154
2025-02-14T11:00:00Z,1.41824,1.41910,1.41770,1.41824,7605
2025-02-14T12:00:00Z,1.41825,1.41891,1.41732,1.41734,9108
2025-02-14T13:00:00Z,1.41731,1.41800,1.41547,1.41642,11843
2025-02-14T14:00:00Z,1.41642,1.41652,1.41503,1.41527,9967
2025-02-14T15:00:00Z,1.41527,1.41695,1.41523,1.41664,11540
2025-02-14T16:00:00Z,1.41665,1.41772,1.41638,1.41726,8131
2025-02-14T17:00:00Z,1.41725,1.41780,1.41636,1.41645,4996
2025-02-14T18:00:00Z,1.41646,1.41702,1.41625,1.41652,3522
2025-02-14T19:00:00Z,1.41651,1.41682,1.41567,1.41594,3772
2025-02-14T20:00:00Z,1.41596,1.41728,1.41593,1.41718,3692
2025-02-14T21:00:00Z,1.41717,1.41862,1.41661,1.41803,2354
2025-02-16T22:00:00Z,1.41682,1.41766,1.41682,1.41762,796
2025-02-16T23:00:00Z,1.41762,1.41891,1.41762,1.41807,4982
2025-02-17T00:00:00Z,1.41812,1.41835,1.41703,1.41720,4923
2025-02-17T01:00:00Z,1.41718,1.41757,1.41590,1.41601,6532
2025-02-17T02:00:00Z,1.41602,1.41745,1.41601,1.41653,6510
2025-02-17T03:00:00Z,1.41653,1.41730,1.41619,1.41709,5319
2025-02-17T04:00:00Z,1.41708,1.41740,1.41634,1.41660,3948
2025-02-17T05:00:00Z,1.41660,1.41746,1.41617,1.41731,6101
2025-02-17T06:00:00Z,1.41731,1.41815,1.41717,1.41742,5528
2025-02-17T07:00:00Z,1.41741,1.41851,1.41707,1.41837,5931
2025-02-17T08:00:00Z,1.41837,1.41925,1.41811,1.41921,7498
2025-02-17T09:00:00Z,1.41918,1.41936,1.41855,1.41899,4959
2025-02-17T10:00:00Z,1.41899,1.41927,1.41834,1.41912,5540
2025-02-17T11:00:00Z,1.41912,1.41935,1.41855,1.41855,3756
2025-02-17T12:00:00Z,1.41853,1.41917,1.41825,1.41883,5397
2025-02-17T13:00:00Z,1.41883,1.41926,1.41809,1.41883,4600
2025-02-17T14:00:00Z,1.41884,1.41918,1.41845,1.41848,3732
2025-02-17T15:00:00Z,1.41849,1.41889,1.41811,1.41868,5019
2025-02-17T16:00:00Z,1.41868,1.41892,1.41786,1.41852,2276
2025-02-17T17:00:00Z,1.41853,1.41863,1.41819,1.41826,1432
2025-02-17T18:00:00Z,1.41827,1.41846,1.41813,1.41823,921
2025-02-17T19:00:00Z,1.41825,1.41878,1.41824,1.41838,1192
2025-02-17T20:00:00Z,1.41839,1.41848,1.41810,1.41817,759
2025-02-17T21:00:00Z,1.41820,1.41854,1.41769,1.41805,1308
2025-02-17T22:00:00Z,1.41596,1.41932,1.41596,1.41854,684
2025-02-17T23:00:00Z,1.41853,1.41898,1.41823,1.41845,1142
2025-02-18T00:00:00Z,1.41846,1.41952,1.41817,1.41942,2681
2025-02-18T01:00:00Z,1.41941,1.42061,1.41935,1.41991,6882
2025-02-18T02:00:00Z,1.41989,1.42005,1.41892,1.41926,6458
2025-02-18T03:00:00Z,1.41925,1.41999,1.41878,1.41987,7949
2025-02-18T04:00:00Z,1.41986,1.42078,1.41984,1.42058,5122
2025-02-18T05:00:00Z,1.42056,1.42078,1.42033,1.42034,5159
2025-02-18T06:00:00Z,1.42037,1.42074,1.41976,1.41977,5274
2025-02-18T07:00:00Z,1.41977,1.41986,1.41815,1.41936,5505
2025-02-18T08:00:00Z,1.41939,1.41977,1.41807,1.41925,8891
2025-02-18T09:00:00Z,1.41924,1.41936,1.41878,1.41907,6727
2025-02-18T10:00:00Z,1.41908,1.41947,1.41855,1.41936,5814
2025-02-18T11:00:00Z,1.41936,1.41949,1.41792,1.41857,5326
2025-02-18T12:00:00Z,1.41856,1.42060,1.41830,1.41976,6945
2025-02-18T13:00:00Z,1.41976,1.42123,1.41865,1.42045,9754
2025-02-18T14:00:00Z,1.42042,1.42109,1.41945,1.41969,10015
2025-02-18T15:00:00Z,1.41968,1.41989,1.41824,1.41880,9248
2025-02-18T16:00:00Z,1.41879,1.41970,1.41872,1.41894,7962
2025-02-18T17:00:00Z,1.41894,1.41959,1.41884,1.41928,5585
2025-02-18T18:00:00Z,1.41927,1.41936,1.41848,1.41851,4692
2025-02-18T19:00:00Z,1.41855,1.41910,1.41837,1.41878,4503
2025-02-18T20:00:00Z,1.41878,1.41903,1.41828,1.41874,3658
2025-02-18T21:00:00Z,1.41873,1.41971,1.41833,1.41928,2837
2025-02-18T22:00:00Z,1.41974,1.41979,1.41851,1.41904,1523
2025-02-18T23:00:00Z,1.41897,1.41922,1.41879,1.41896,2008
2025-02-19T00:00:00Z,1.41896,1.41965,1.41882,1.41964,4455
2025-02-19T01:00:00Z,1.41963,1.41980,1.41839,1.41840,8527
2025-02-19T02:00:00Z,1.41841,1.41918,1.41807,1.41810,7207
2025-02-19T03:00:00Z,1.41809,1.41860,1.41792,1.41801,4482
2025-02-19T04:00:00Z,1.41799,1.41849,1.41794,1.41801,2216
2025-02-19T05:00:00Z,1.41800,1.41824,1.41793,1.41797,3090
2025-02-19T06:00:00Z,1.41797,1.41805,1.41751,1.41801,5196
2025-02-19T07:00:00Z,1.41800,1.41854,1.41750,1.41853,5250
2025-02-19T08:00:00Z,1.41852,1.41931,1.41836,1.41925,7360
2025-02-19T09:00:00Z,1.41923,1.41995,1.41890,1.41991,5312
2025-02-19T10:00:00Z,1.41991,1.42066,1.41981,1.42042,4635
2025-02-19T11:00:00Z,1.42041,1.42107,1.42009,1.42093,5845
2025-02-19T12:00:00Z,1.42093,1.42212,1.42076,1.42096,7077
2025-02-19T13:00:00Z,1.42095,1.42142,1.41952,1.41980,9979
2025-02-19T14:00:00Z,1.41980,1.42121,1.41915,1.42054,12787
2025-02-19T15:00:00Z,1.42053,1.42209,1.41974,1.42205,13623
2025-02-19T16:00:00Z,1.42204,1.42383,1.42172,1.42363,11265
2025-02-19T17:00:00Z,1.42359,1.42403,1.42281,1.42366,6098
2025-02-19T18:00:00Z,1.42365,1.42450,1.42350,1.42377,6109
2025-02-19T19:00:00Z,1.42387,1.42414,1.42232,1.42306,8744
2025-02-19T20:00:00Z,1.42307,1.42369,1.42239,1.42252,6586
2025-02-19T21:00:00Z,1.42256,1.42401,1.42245,1.42271,2320
2025-02-19T22:00:00Z,1.42308,1.42380,1.42233,1.42333,1190
2025-02-19T23:00:00Z,1.42334,1.42431,1.42333,1.42406,1950
2025-02-20T00:00:00Z,1.42407,1.42435,1.42248,1.42266,5261
2025-02-20T01:00:00Z,1.42266,1.42436,1.42236,1.42409,6819
2025-02-20T02:00:00Z,1.42409,1.42442,1.42202,1.42222,10306
2025-02-20T03:00:00Z,1.42222,1.42291,1.42197,1.42219,7311
2025-02-20T04:00:00Z,1.42219,1.42279,1.42209,1.42247,4945
2025-02-20T05:00:00Z,1.42246,1.42273,1.42198,1.42261,5420
2025-02-20T06:00:00Z,1.42262,1.42267,1.42155,1.42250,7731
2025-02-20T07:00:00Z,1.42253,1.42297,1.42168,1.42266,6555
2025-02-20T08:00:00Z,1.42266,1.42268,1.42116,1.42152,10700
2025-02-20T09:00:00Z,1.42152,1.42189,1.42096,1.42108,7073
2025-02-20T10:00:00Z,1.42110,1.42141,1.42053,1.42056,6943
2025-02-20T11:00:00Z,1.42058,1.42184,1.42032,1.42138,5944
2025-02-20T12:00:00Z,1.42139,1.42228,1.42105,1.42221,8168
2025-02-20T13:00:00Z,1.42221,1.42222,1.41961,1.42059,10348
2025-02-20T14:00:00Z,1.42060,1.42133,1.41856,1.41995,12303
2025-02-20T15:00:00Z,1.41997,1.42059,1.41827,1.41896,13946
2025-02-20T16:00:00Z,1.41895,1.42007,1.41883,1.41957,8011
2025-02-20T17:00:00Z,1.41959,1.41992,1.41765,1.41853,6533
2025-02-20T18:00:00Z,1.41860,1.41890,1.41701,1.41766,5389
2025-02-20T19:00:00Z,1.41767,1.41872,1.41709,1.41741,5160
2025-02-20T20:00:00Z,1.41739,1.41767,1.41658,1.41720,4206
2025-02-20T21:00:00Z,1.41722,1.41774,1.41674,1.41690,1948
2025-02-20T22:00:00Z,1.41722,1.41802,1.41722,1.41764,1833
2025-02-20T23:00:00Z,1.41769,1.41796,1.41672,1.41745,2570
2025-02-21T00:00:00Z,1.41747,1.41820,1.41722,1.41797,4153
2025-02-21T01:00:00Z,1.41806,1.41876,1.41781,1.41855,8155
2025-02-21T02:00:00Z,1.41855,1.41857,1.41676,1.41705,9907
2025-02-21T03:00:00Z,1.41705,1.41751,1.41699,1.41711,6707
2025-02-21T04:00:00Z,1.41710,1.41740,1.41684,1.41729,3037
2025-02-21T05:00:00Z,1.41730,1.41809,1.41718,1.41783,7608
2025-02-21T06:00:00Z,1.41783,1.41836,1.41763,1.41814,6796
2025-02-21T07:00:00Z,1.41816,1.41938,1.41763,1.41852,6973
2025-02-21T08:00:00Z,1.41852,1.41934,1.41795,1.41931,13045
2025-02-21T09:00:00Z,1.41929,1.41988,1.41886,1.41964,8955
2025-02-21T10:00:00Z,1.41962,1.41963,1.41891,1.41960,5375
2025-02-21T11:00:00Z,1.41962,1.41972,1.41895,1.41956,4963
2025-02-21T12:00:00Z,1.41956,1.42000,1.41905,1.41969,5996
2025-02-21T13:00:00Z,1.41970,1.41976,1.41730,1.41762,10435
2025-02-21T14:00:00Z,1.41764,1.41884,1.41713,1.41798,11111
2025-02-21T15:00:00Z,1.41799,1.42080,1.41796,1.42025,16627
2025-02-21T16:00:00Z,1.42024,1.42081,1.41964,1.41967,9378
2025-02-21T17:00:00Z,1.41967,1.42196,1.41924,1.42176,9612
2025-02-21T18:00:00Z,1.42176,1.42301,1.42168,1.42250,11662
2025-02-21T19:00:00Z,1.42251,1.42348,1.42179,1.42289,8980
2025-02-21T20:00:00Z,1.42291,1.42318,1.42259,1.42283,8948
2025-02-21T21:00:00Z,1.42280,1.42357,1.42178,1.42189,3765
2025-02-23T22:00:00Z,1.42197,1.42255,1.42157,1.42196,1253
2025-02-23T23:00:00Z,1.42215,1.42231,1.42044,1.42101,4341
2025-02-24T00:00:00Z,1.42101,1.42127,1.41976,1.42000,9206
2025-02-24T01:00:00Z,1.41999,1.42076,1.41932,1.41957,11092
2025-02-24T02:00:00Z,1.41956,1.41966,1.41826,1.41865,8270
2025-02-24T03:00:00Z,1.41864,1.41885,1.41814,1.41850,5632
2025-02-24T04:00:00Z,1.41850,1.41925,1.41841,1.41913,2906
2025-02-24T05:00:00Z,1.41913,1.41952,1.41885,1.41936,6129
2025-02-24T06:00:00Z,1.41935,1.41997,1.41912,1.41924,6222
2025-02-24T07:00:00Z,1.41924,1.41981,1.41832,1.41927,9036
2025-02-24T08:00:00Z,1.41927,1.42118,1.41918,1.42009,10174
2025-02-24T09:00:00Z,1.42010,1.42159,1.41945,1.42112,8952
2025-02-24T10:00:00Z,1.42113,1.42184,1.42099,1.42134,7656
2025-02-24T11:00:00Z,1.42135,1.42204,1.42087,1.42135,6707
2025-02-24T12:00:00Z,1.42135,1.42189,1.42060,1.42116,6736
2025-02-24T13:00:00Z,1.42115,1.42232,1.42088,1.42159,8991
2025-02-24T14:00:00Z,1.42160,1.42443,1.42079,1.42439,13556
2025-02-24T15:00:00Z,1.42439,1.42440,1.42215,1.42349,19163
2025-02-24T16:00:00Z,1.42348,1.42392,1.42195,1.42240,10286
2025-02-24T17:00:00Z,1.42241,1.42313,1.42149,1.42241,7544
2025-02-24T18:00:00Z,1.42242,1.42250,1.42064,1.42165,6086
2025-02-24T19:00:00Z,1.42165,1.42304,1.42123,1.42280,5206
2025-02-24T20:00:00Z,1.42279,1.42674,1.42248,1.42624,10738
2025-02-24T21:00:00Z,1.42628,1.42673,1.42561,1.42561,3110
2025-02-24T22:00:00Z,1.42549,1.42619,1.42499,1.42591,362
2025-02-24T23:00:00Z,1.42599,1.42786,1.42591,1.42774,3231
2025-02-25T00:00:00Z,1.42773,1.42783,1.42692,1.42701,5731
2025-02-25T01:00:00Z,1.42703,1.42705,1.42615,1.42624,7955
2025-02-25T02:00:00Z,1.42624,1.42654,1.42453,1.42454,7267
2025-02-25T03:00:00Z,1.42453,1.42525,1.42391,1.42493,4947
2025-02-25T04:00:00Z,1.42493,1.42520,1.42413,1.42518,3580
2025-02-25T05:00:00Z,1.42517,1.42533,1.42443,1.42445,5579
2025-02-25T06:00:00Z,1.42446,1.42589,1.42439,1.42531,4538
2025-02-25T07:00:00Z,1.42532,1.42702,1.42530,1.42687,7168
2025-02-25T08:00:00Z,1.42689,1.42740,1.42532,1.42597,11315
2025-02-25T09:00:00Z,1.42599,1.42673,1.42519,1.42668,8474
2025-02-25T10:00:00Z,1.42668,1.42712,1.42639,1.42673,5355
2025-02-25T11:00:00Z,1.42674,1.42677,1.42429,1.42465,7294
2025-02-25T12:00:00Z,1.42466,1.42677,1.42448,1.42658,7605
2025-02-25T13:00:00Z,1.42659,1.42686,1.42537,1.42614,11700
2025-02-25T14:00:00Z,1.42615,1.42679,1.42509,1.42638,14274
2025-02-25T15:00:00Z,1.42638,1.42950,1.42628,1.42938,17596
2025-02-25T16:00:00Z,1.42938,1.43131,1.42879,1.43002,13435
2025-02-25T17:00:00Z,1.43005,1.43160,1.42914,1.42925,9081
2025-02-25T18:00:00Z,1.42923,1.42938,1.42796,1.42921,9091
2025-02-25T19:00:00Z,1.42921,1.43029,1.42916,1.43022,8273
2025-02-25T20:00:00Z,1.43025,1.43127,1.42909,1.43124,9627
2025-02-25T21:00:00Z,1.43124,1.43169,1.43034,1.43099,3204
2025-02-25T22:00:00Z,1.43083,1.43123,1.43083,1.43101,198
2025-02-25T23:00:00Z,1.43118,1.43126,1.42988,1.43014,3402
2025-02-26T00:00:00Z,1.43013,1.43030,1.42933,1.43029,4085
2025-02-26T01:00:00Z,1.43029,1.43101,1.42973,1.43037,7428
2025-02-26T02:00:00Z,1.43036,1.43203,1.43016,1.43172,6515
2025-02-26T03:00:00Z,1.43172,1.43259,1.43152,1.43244,4925
2025-02-26T04:00:00Z,1.43243,1.43304,1.43206,1.43291,3169
2025-02-26T05:00:00Z,1.43290,1.43319,1.43242,1.43303,5124
2025-02-26T06:00:00Z,1.43305,1.43329,1.43261,1.43283,4884
2025-02-26T07:00:00Z,1.43282,1.43292,1.43163,1.43284,8220
2025-02-26T08:00:00Z,1.43284,1.43317,1.43166,1.43234,12018
2025-02-26T09:00:00Z,1.43233,1.43324,1.43221,1.43315,6367
2025-02-26T10:00:00Z,1.43315,1.43441,1.43290,1.43433,6048
2025-02-26T11:00:00Z,1.43434,1.43442,1.43301,1.43420,7229
2025-02-26T12:00:00Z,1.43419,1.43504,1.43344,1.43491,7481
2025-02-26T13:00:00Z,1.43493,1.43569,1.43394,1.43509,8605
2025-02-26T14:00:00Z,1.43511,1.43545,1.43314,1.43369,10134
2025-02-26T15:00:00Z,1.43371,1.43500,1.43249,1.43491,15854
2025-02-26T16:00:00Z,1.43489,1.43514,1.43386,1.43478,11505
2025-02-26T17:00:00Z,1.43479,1.43652,1.42985,1.43171,19269
2025-02-26T18:00:00Z,1.43172,1.43401,1.43007,1.43347,13957
2025-02-26T19:00:00Z,1.43346,1.43394,1.43219,1.43334,11329
2025-02-26T20:00:00Z,1.43333,1.43469,1.43311,1.43427,8597
2025-02-26T21:00:00Z,1.43427,1.43677,1.43340,1.43340,4332
2025-02-26T22:00:00Z,1.43336,1.43387,1.43327,1.43368,315
2025-02-26T23:00:00Z,1.43392,1.43409,1.43346,1.43380,1935
2025-02-27T00:00:00Z,1.43379,1.43503,1.43379,1.43499,4951
2025-02-27T01:00:00Z,1.43498,1.43548,1.43426,1.43474,10787
2025-02-27T02:00:00Z,1.43474,1.43543,1.43442,1.43525,10025
2025-02-27T03:00:00Z,1.43523,1.43589,1.43487,1.43581,6428
2025-02-27T04:00:00Z,1.43580,1.43629,1.43565,1.43585,6122
2025-02-27T05:00:00Z,1.43586,1.43607,1.43532,1.43534,6634
2025-02-27T06:00:00Z,1.43535,1.43554,1.43497,1.43513,5631
2025-02-27T07:00:00Z,1.43513,1.43519,1.43337,1.43383,7208
2025-02-27T08:00:00Z,1.43382,1.43398,1.43254,1.43276,9960
2025-02-27T09:00:00Z,1.43275,1.43310,1.43217,1.43269,6539
2025-02-27T10:00:00Z,1.43267,1.43431,1.43256,1.43372,5337
2025-02-27T11:00:00Z,1.43372,1.43420,1.43282,1.43399,4856
2025-02-27T12:00:00Z,1.43399,1.43599,1.43328,1.43595,7990
2025-02-27T13:00:00Z,1.43593,1.44341,1.43521,1.44253,18451
2025-02-27T14:00:00Z,1.44251,1.44370,1.44021,1.44267,20174
2025-02-27T15:00:00Z,1.44265,1.44304,1.44079,1.44262,18253
2025-02-27T16:00:00Z,1.44263,1.44420,1.44117,1.44196,12344
2025-02-27T17:00:00Z,1.44197,1.44372,1.44155,1.44284,8078
2025-02-27T18:00:00Z,1.44285,1.44344,1.44185,1.44204,6992
2025-02-27T19:00:00Z,1.44204,1.44417,1.44182,1.44404,7815
2025-02-27T20:00:00Z,1.44406,1.44485,1.44352,1.44416,6995
2025-02-27T21:00:00Z,1.44417,1.44465,1.44329,1.44368,2039
2025-02-27T22:00:00Z,1.44378,1.44400,1.44348,1.44373,350
2025-02-27T23:00:00Z,1.44381,1.44470,1.44318,1.44461,1978
2025-02-28T00:00:00Z,1.44457,1.44460,1.44322,1.44364,5461
2025-02-28T01:00:00Z,1.44363,1.44446,1.44288,1.44432,10395
2025-02-28T02:00:00Z,1.44435,1.44512,1.44387,1.44507,9697
2025-02-28T03:00:00Z,1.44508,1.44520,1.44438,1.44459,6975
2025-02-28T04:00:00Z,1.44459,1.44496,1.44423,1.44473,4852
2025-02-28T05:00:00Z,1.44472,1.44481,1.44364,1.44396,7253
2025-02-28T06:00:00Z,1.44397,1.44470,1.44365,1.44434,6741
2025-02-28T07:00:00Z,1.44434,1.44526,1.44405,1.44416,8419
2025-02-28T08:00:00Z,1.44419,1.44504,1.44364,1.44378,10049
2025-02-28T09:00:00Z,1.44373,1.44379,1.44283,1.44367,9348
2025-02-28T10:00:00Z,1.44367,1.44395,1.44301,1.44386,7195
2025-02-28T11:00:00Z,1.44387,1.44412,1.44295,1.44295,8158
2025-02-28T12:00:00Z,1.44295,1.44409,1.44259,1.44370,8433
2025-02-28T13:00:00Z,1.44370,1.44385,1.44031,1.44149,11421
2025-02-28T14:00:00Z,1.44150,1.44475,1.44136,1.44441,13736
2025-02-28T15:00:00Z,1.44441,1.44472,1.43993,1.44024,20067
2025-02-28T16:00:00Z,1.44025,1.44364,1.44009,1.44338,17066
2025-02-28T17:00:00Z,1.44337,1.44414,1.44260,1.44389,11389
2025-02-28T18:00:00Z,1.44389,1.44597,1.44330,1.44583,13600
2025-02-28T19:00:00Z,1.44583,1.44620,1.44495,1.44585,8488
2025-02-28T20:00:00Z,1.44585,1.44686,1.44553,1.44633,9555
2025-02-28T21:00:00Z,1.44635,1.44714,1.44583,1.44620,3494
2025-03-02T22:00:00Z,1.44422,1.44489,1.44387,1.44427,841
2025-03-02T23:00:00Z,1.44429,1.44470,1.44350,1.44431,5962
2025-03-03T00:00:00Z,1.44431,1.44480,1.44333,1.44402,8976
2025-03-03T01:00:00Z,1.44402,1.44424,1.44298,1.44335,9059
2025-03-03T02:00:00Z,1.44341,1.44398,1.44299,1.44383,6305
2025-03-03T03:00:00Z,1.44385,1.44526,1.44378,1.44433,6431
2025-03-03T04:00:00Z,1.44434,1.44449,1.44356,1.44400,3559
2025-03-03T05:00:00Z,1.44403,1.44470,1.44397,1.44438,4591
2025-03-03T06:00:00Z,1.44439,1.44528,1.44428,1.44480,4707
2025-03-03T07:00:00Z,1.44478,1.44507,1.44341,1.44400,7490
2025-03-03T08:00:00Z,1.44400,1.44462,1.44324,1.44340,10170
2025-03-03T09:00:00Z,1.44339,1.44399,1.44249,1.44265,7963
2025-03-03T10:00:00Z,1.44266,1.44345,1.44210,1.44280,6481
2025-03-03T11:00:00Z,1.44279,1.44360,1.44237,1.44345,8640
2025-03-03T12:00:00Z,1.44347,1.44393,1.44234,1.44276,10826
2025-03-03T13:00:00Z,1.44276,1.44342,1.44002,1.44107,12445
2025-03-03T14:00:00Z,1.44109,1.44151,1.43970,1.44059,13253
2025-03-03T15:00:00Z,1.44118,1.44179,1.43682,1.44010,14888
2025-03-03T16:00:00Z,1.44008,1.44097,1.43969,1.43999,10948
2025-03-03T17:00:00Z,1.44001,1.44187,1.43963,1.44129,8091
2025-03-03T18:00:00Z,1.44130,1.44538,1.44020,1.44434,13625
2025-03-03T19:00:00Z,1.44438,1.45002,1.44262,1.44994,15009
2025-03-03T20:00:00Z,1.44995,1.45413,1.44904,1.45080,26287
2025-03-03T21:00:00Z,1.45085,1.45099,1.44766,1.44779,6536
2025-03-03T22:00:00Z,1.44779,1.44912,1.44747,1.44868,684
2025-03-03T23:00:00Z,1.44889,1.44951,1.44811,1.44935,3925
2025-03-04T00:00:00Z,1.44936,1.45037,1.44859,1.44872,9070
2025-03-04T01:00:00Z,1.44871,1.44963,1.44826,1.44924,16526
2025-03-04T02:00:00Z,1.44923,1.44996,1.44870,1.44980,9649
2025-03-04T03:00:00Z,1.44980,1.45055,1.44947,1.45027,8949
2025-03-04T04:00:00Z,1.45026,1.45108,1.44962,1.45098,7781
2025-03-04T05:00:00Z,1.45101,1.45211,1.44848,1.44915,13283
2025-03-04T06:00:00Z,1.44914,1.44938,1.44745,1.44798,9519
2025-03-04T07:00:00Z,1.44799,1.44929,1.44698,1.44856,11639
2025-03-04T08:00:00Z,1.44857,1.45027,1.44400,1.44503,14102
2025-03-04T09:00:00Z,1.44501,1.44504,1.44092,1.44248,12483
2025-03-04T10:00:00Z,1.44248,1.44441,1.44207,1.44284,9369
2025-03-04T11:00:00Z,1.44285,1.44348,1.44062,1.44075,10489
2025-03-04T12:00:00Z,1.44075,1.44264,1.44072,1.44263,11177
2025-03-04T13:00:00Z,1.44266,1.44592,1.44124,1.44475,16778
2025-03-04T14:00:00Z,1.44479,1.44862,1.44376,1.44852,20083
2025-03-04T15:00:00Z,1.44854,1.45018,1.44645,1.44975,24209
2025-03-04T16:00:00Z,1.44975,1.45175,1.44891,1.45161,17333
2025-03-04T17:00:00Z,1.45161,1.45425,1.45021,1.45275,15906
2025-03-04T18:00:00Z,1.45273,1.45413,1.45139,1.45143,18634
2025-03-04T19:00:00Z,1.45144,1.45153,1.44844,1.44879,13260
2025-03-04T20:00:00Z,1.44878,1.44882,1.44536,1.44741,13867
2025-03-04T21:00:00Z,1.44740,1.44769,1.43700,1.43849,14219
2025-03-04T22:00:00Z,1.43830,1.43938,1.43830,1.43916,507
2025-03-04T23:00:00Z,1.43917,1.44063,1.43826,1.43982,3572
2025-03-05T00:00:00Z,1.43979,1.44246,1.43970,1.44125,5923
2025-03-05T01:00:00Z,1.44126,1.44405,1.43993,1.44277,14007
2025-03-05T02:00:00Z,1.44277,1.44454,1.44190,1.44391,12419
2025-03-05T03:00:00Z,1.44399,1.44495,1.44224,1.44238,9933
2025-03-05T04:00:00Z,1.44241,1.44318,1.44191,1.44295,6041
2025-03-05T05:00:00Z,1.44295,1.44326,1.44199,1.44214,6884
2025-03-05T06:00:00Z,1.44213,1.44302,1.44153,1.44179,8926
2025-03-05T07:00:00Z,1.44178,1.44178,1.43886,1.44014,12625
2025-03-05T08:00:00Z,1.44014,1.44125,1.43827,1.43878,15493
2025-03-05T09:00:00Z,1.43878,1.43923,1.43765,1.43815,11891
2025-03-05T10:00:00Z,1.43817,1.43971,1.43792,1.43870,7753
2025-03-05T11:00:00Z,1.43871,1.43959,1.43768,1.43933,7118
2025-03-05T12:00:00Z,1.43931,1.44226,1.43808,1.44194,10010
2025-03-05T13:00:00Z,1.44194,1.44361,1.43784,1.43802,23069
2025-03-05T14:00:00Z,1.43802,1.43861,1.43517,1.43563,24338
2025-03-05T15:00:00Z,1.43551,1.44061,1.43410,1.43950,29172
2025-03-05T16:00:00Z,1.43950,1.44190,1.43400,1.43772,26097
2025-03-05T17:00:00Z,1.43771,1.43913,1.43561,1.43565,19294
2025-03-05T18:00:00Z,1.43564,1.43766,1.43393,1.43543,20722
2025-03-05T19:00:00Z,1.43543,1.43566,1.43301,1.43353,13065
2025-03-05T20:00:00Z,1.43355,1.43412,1.43302,1.43408,9895
2025-03-05T21:00:00Z,1.43407,1.43452,1.43297,1.43329,4877
2025-03-05T22:00:00Z,1.43325,1.43346,1.43294,1.43309,346
2025-03-05T23:00:00Z,1.43310,1.43401,1.43297,1.43395,5333
2025-03-06T00:00:00Z,1.43394,1.43530,1.43347,1.43528,6582
2025-03-06T01:00:00Z,1.43527,1.43528,1.43119,1.43137,10076
2025-03-06T02:00:00Z,1.43137,1.43281,1.43086,1.43196,7911
2025-03-06T03:00:00Z,1.43195,1.43285,1.43185,1.43275,5612
2025-03-06T04:00:00Z,1.43274,1.43326,1.43238,1.43247,4427
2025-03-06T05:00:00Z,1.43247,1.43402,1.43245,1.43365,5501
2025-03-06T06:00:00Z,1.43365,1.43404,1.43278,1.43372,5747
2025-03-06T07:00:00Z,1.43370,1.43445,1.43251,1.43438,13502
2025-03-06T08:00:00Z,1.43438,1.43619,1.43416,1.43489,17673
2025-03-06T09:00:00Z,1.43492,1.43555,1.43392,1.43456,12589
2025-03-06T10:00:00Z,1.43456,1.43563,1.43407,1.43558,10026
2025-03-06T11:00:00Z,1.43559,1.43678,1.43559,1.43634,7223
2025-03-06T12:00:00Z,1.43634,1.43764,1.43604,1.43723,9953
2025-03-06T13:00:00Z,1.43724,1.43726,1.43512,1.43632,17020
2025-03-06T14:00:00Z,1.43634,1.43702,1.43398,1.43435,22838
2025-03-06T15:00:00Z,1.43435,1.43443,1.42609,1.42691,26376
2025-03-06T16:00:00Z,1.42691,1.42814,1.42380,1.42809,19521
2025-03-06T17:00:00Z,1.42809,1.43169,1.42706,1.43032,14571
2025-03-06T18:00:00Z,1.43031,1.43104,1.42948,1.43023,11019
2025-03-06T19:00:00Z,1.43021,1.43175,1.42829,1.43024,11759
2025-03-06T20:00:00Z,1.43025,1.43138,1.42935,1.43075,11173
2025-03-06T21:00:00Z,1.43075,1.43134,1.42922,1.42923,4209
2025-03-06T22:00:00Z,1.42922,1.42989,1.42878,1.42937,475
2025-03-06T23:00:00Z,1.42927,1.42945,1.42873,1.42926,2107
2025-03-07T00:00:00Z,1.42928,1.42988,1.42877,1.42960,3229
2025-03-07T01:00:00Z,1.42958,1.43056,1.42908,1.43006,4320
2025-03-07T02:00:00Z,1.43006,1.43064,1.42930,1.42999,4827
2025-03-07T03:00:00Z,1.43000,1.43106,1.42994,1.43090,7353
2025-03-07T04:00:00Z,1.43092,1.43098,1.43031,1.43033,2693
2025-03-07T05:00:00Z,1.43033,1.43126,1.43027,1.43120,4473
2025-03-07T06:00:00Z,1.43119,1.43190,1.43033,1.43043,5693
2025-03-07T07:00:00Z,1.43047,1.43128,1.42971,1.43027,8272
2025-03-07T08:00:00Z,1.43027,1.43045,1.42788,1.42953,9675
2025-03-07T09:00:00Z,1.42954,1.43002,1.42859,1.42993,8161
2025-03-07T10:00:00Z,1.42995,1.43146,1.42978,1.43138,7528
2025-03-07T11:00:00Z,1.43138,1.43200,1.43105,1.43177,6305
2025-03-07T12:00:00Z,1.43172,1.43432,1.43117,1.43359,9180
2025-03-07T13:00:00Z,1.43362,1.43709,1.43232,1.43706,17909
2025-03-07T14:00:00Z,1.43708,1.43764,1.43424,1.43489,21822
2025-03-07T15:00:00Z,1.43490,1.43666,1.43364,1.43613,22519
2025-03-07T16:00:00Z,1.43614,1.44007,1.43614,1.43866,15107
2025-03-07T17:00:00Z,1.43864,1.44260,1.43810,1.43906,19064
2025-03-07T18:00:00Z,1.43906,1.44064,1.43810,1.43825,11178
2025-03-07T19:00:00Z,1.43824,1.43842,1.43629,1.43650,10373
2025-03-07T20:00:00Z,1.43649,1.43746,1.43592,1.43693,5817
2025-03-07T21:00:00Z,1.43690,1.43824,1.43510,1.43649,4640
2025-03-09T21:00:00Z,1.43507,1.43870,1.43502,1.43785,1697
2025-03-09T22:00:00Z,1.43788,1.43825,1.43659,1.43747,6050
2025-03-09T23:00:00Z,1.43745,1.43807,1.43660,1.43731,6392
2025-03-10T00:00:00Z,1.43731,1.43783,1.43604,1.43628,6325
2025-03-10T01:00:00Z,1.43629,1.43644,1.43538,1.43615,9105
2025-03-10T02:00:00Z,1.43618,1.43672,1.43558,1.43659,7494
2025-03-10T03:00:00Z,1.43657,1.43696,1.43623,1.43664,5583
2025-03-10T04:00:00Z,1.43664,1.43668,1.43590,1.43659,3814
2025-03-10T05:00:00Z,1.43660,1.43689,1.43616,1.43653,4298
2025-03-10T06:00:00Z,1.43653,1.43673,1.43565,1.43642,6431
2025-03-10T07:00:00Z,1.43641,1.43700,1.43571,1.43590,8673
2025-03-10T08:00:00Z,1.43587,1.43819,1.43568,1.43798,12387
2025-03-10T09:00:00Z,1.43798,1.43810,1.43545,1.43579,11729
2025-03-10T10:00:00Z,1.43580,1.43863,1.43526,1.43862,11149
2025-03-10T11:00:00Z,1.43861,1.43941,1.43743,1.43938,10114
2025-03-10T12:00:00Z,1.43944,1.44232,1.43879,1.44174,9947
2025-03-10T13:00:00Z,1.44181,1.44283,1.44101,1.44204,15568
2025-03-10T14:00:00Z,1.44204,1.44339,1.44122,1.44166,18539
2025-03-10T15:00:00Z,1.44165,1.44324,1.44089,1.44308,13030
2025-03-10T16:00:00Z,1.44307,1.44402,1.44226,1.44331,11486
2025-03-10T17:00:00Z,1.44332,1.44467,1.44303,1.44458,9750
2025-03-10T18:00:00Z,1.44458,1.44685,1.44389,1.44630,10786
2025-03-10T19:00:00Z,1.44632,1.44722,1.44390,1.44396,10548
2025-03-10T20:00:00Z,1.44396,1.44492,1.44347,1.44347,4788
2025-03-10T21:00:00Z,1.44356,1.44375,1.44279,1.44334,230
2025-03-10T22:00:00Z,1.44323,1.44414,1.44320,1.44412,2466
2025-03-10T23:00:00Z,1.44412,1.44412,1.44258,1.44260,4158
2025-03-11T00:00:00Z,1.44259,1.44396,1.44198,1.44294,5432
2025-03-11T01:00:00Z,1.44293,1.44464,1.44244,1.44254,8927
2025-03-11T02:00:00Z,1.44254,1.44296,1.44164,1.44193,9714
2025-03-11T03:00:00Z,1.44193,1.44464,1.44155,1.44285,8750
2025-03-11T04:00:00Z,1.44286,1.44358,1.44235,1.44265,5939
2025-03-11T05:00:00Z,1.44267,1.44452,1.44267,1.44385,7622
2025-03-11T06:00:00Z,1.44385,1.44453,1.44288,1.44355,9786
2025-03-11T07:00:00Z,1.44358,1.44376,1.44095,1.44134,14699
2025-03-11T08:00:00Z,1.44136,1.44250,1.44099,1.44153,14578
2025-03-11T09:00:00Z,1.44155,1.44257,1.44064,1.44086,12055
2025-03-11T10:00:00Z,1.44088,1.44198,1.44011,1.44055,10376
2025-03-11T11:00:00Z,1.44055,1.44133,1.43985,1.43988,9351
2025-03-11T12:00:00Z,1.43989,1.44128,1.43931,1.44125,11469
2025-03-11T13:00:00Z,1.44126,1.44180,1.44008,1.44128,15322
2025-03-11T14:00:00Z,1.44129,1.45187,1.44094,1.45152,35616
2025-03-11T15:00:00Z,1.45154,1.45205,1.44526,1.44628,26197
2025-03-11T16:00:00Z,1.44627,1.44880,1.44627,1.44826,14229
2025-03-11T17:00:00Z,1.44828,1.45040,1.44791,1.44834,13363
2025-03-11T18:00:00Z,1.44832,1.44856,1.43943,1.44013,20106
2025-03-11T19:00:00Z,1.44015,1.44170,1.43786,1.44116,15288
2025-03-11T20:00:00Z,1.44114,1.44343,1.44046,1.44336,4291
2025-03-11T21:00:00Z,1.44322,1.44380,1.44278,1.44293,483
2025-03-11T22:00:00Z,1.44281,1.44322,1.44211,1.44265,1666
2025-03-11T23:00:00Z,1.44271,1.44347,1.44256,1.44347,3291
2025-03-12T00:00:00Z,1.44347,1.44387,1.44281,1.44286,5178
2025-03-12T01:00:00Z,1.44287,1.44379,1.44270,1.44359,6162
2025-03-12T02:00:00Z,1.44360,1.44430,1.44304,1.44418,5475
2025-03-12T03:00:00Z,1.44418,1.44490,1.44379,1.44484,5135
2025-03-12T04:00:00Z,1.44483,1.44504,1.44456,1.44492,4552
2025-03-12T05:00:00Z,1.44492,1.44506,1.44385,1.44419,5670
2025-03-12T06:00:00Z,1.44419,1.44632,1.44413,1.44628,6285
2025-03-12T07:00:00Z,1.44628,1.44844,1.44479,1.44509,8975
2025-03-12T08:00:00Z,1.44513,1.44590,1.44329,1.44337,12179
2025-03-12T09:00:00Z,1.44336,1.44436,1.44315,1.44383,7491
2025-03-12T10:00:00Z,1.44384,1.44391,1.44194,1.44216,4613
2025-03-12T11:00:00Z,1.44216,1.44232,1.44063,1.44114,5459
2025-03-12T12:00:00Z,1.44114,1.44199,1.43657,1.43963,19484
2025-03-12T13:00:00Z,1.43965,1.44301,1.43866,1.44157,21845
2025-03-12T14:00:00Z,1.44158,1.44242,1.43987,1.44050,16719
2025-03-12T15:00:00Z,1.44049,1.44090,1.43927,1.43972,11465
2025-03-12T16:00:00Z,1.43971,1.44014,1.43750,1.43880,9777
2025-03-12T17:00:00Z,1.43879,1.43925,1.43636,1.43856,8996
2025-03-12T18:00:00Z,1.43855,1.43863,1.43527,1.43630,8485
2025-03-12T19:00:00Z,1.43630,1.43822,1.43623,1.43758,6925
2025-03-12T20:00:00Z,1.43757,1.43780,1.43643,1.43647,3077
2025-03-12T21:00:00Z,1.43641,1.43703,1.43629,1.43655,244
2025-03-12T22:00:00Z,1.43654,1.43663,1.43632,1.43640,1829
2025-03-12T23:00:00Z,1.43639,1.43683,1.43580,1.43590,2146
2025-03-13T00:00:00Z,1.43589,1.43678,1.43587,1.43622,3327
2025-03-13T01:00:00Z,1.43621,1.43760,1.43601,1.43694,6131
2025-03-13T02:00:00Z,1.43695,1.43760,1.43654,1.43744,7924
2025-03-13T03:00:00Z,1.43745,1.43873,1.43744,1.43872,9585
2025-03-13T04:00:00Z,1.43872,1.43930,1.43836,1.43874,7802
2025-03-13T05:00:00Z,1.43874,1.43984,1.43873,1.43940,7647
2025-03-13T06:00:00Z,1.43941,1.44023,1.43928,1.43964,9138
2025-03-13T07:00:00Z,1.43962,1.44039,1.43913,1.43965,12722
2025-03-13T08:00:00Z,1.43964,1.44004,1.43789,1.43878,14257
2025-03-13T09:00:00Z,1.43878,1.43920,1.43677,1.43690,10753
2025-03-13T10:00:00Z,1.43691,1.43805,1.43663,1.43735,8332
2025-03-13T11:00:00Z,1.43736,1.43869,1.43712,1.43776,10140
2025-03-13T12:00:00Z,1.43776,1.44017,1.43645,1.43975,17404
2025-03-13T13:00:00Z,1.43974,1.44040,1.43781,1.43958,15127
2025-03-13T14:00:00Z,1.43959,1.44031,1.43795,1.43871,18520
2025-03-13T15:00:00Z,1.43869,1.44059,1.43846,1.43987,17038
2025-03-13T16:00:00Z,1.43986,1.44251,1.43959,1.44206,12799
2025-03-13T17:00:00Z,1.44206,1.44510,1.44186,1.44494,10902
2025-03-13T18:00:00Z,1.44493,1.44499,1.44214,1.44230,10298
2025-03-13T19:00:00Z,1.44231,1.44353,1.44187,1.44347,7689
2025-03-13T20:00:00Z,1.44346,1.44429,1.44282,1.44376,4094
2025-03-13T21:00:00Z,1.44365,1.44453,1.44334,1.44397,390
2025-03-13T22:00:00Z,1.44384,1.44399,1.44246,1.44254,1875
2025-03-13T23:00:00Z,1.44255,1.44309,1.44248,1.44265,2989
2025-03-14T00:00:00Z,1.44266,1.44366,1.44257,1.44315,5472
2025-03-14T01:00:00Z,1.44313,1.44411,1.44295,1.44348,8386
2025-03-14T02:00:00Z,1.44348,1.44411,1.44321,1.44364,9599
2025-03-14T03:00:00Z,1.44363,1.44367,1.44268,1.44269,11007
2025-03-14T04:00:00Z,1.44270,1.44356,1.44265,1.44284,8422
2025-03-14T05:00:00Z,1.44286,1.44348,1.44266,1.44286,10393
2025-03-14T06:00:00Z,1.44289,1.44312,1.44205,1.44258,8555
2025-03-14T07:00:00Z,1.44260,1.44281,1.44167,1.44214,9172
2025-03-14T08:00:00Z,1.44215,1.44285,1.44117,1.44134,10017
2025-03-14T09:00:00Z,1.44133,1.44231,1.44103,1.44197,7926
2025-03-14T10:00:00Z,1.44196,1.44333,1.44108,1.44178,12941
2025-03-14T11:00:00Z,1.44177,1.44360,1.44166,1.44187,11834
2025-03-14T12:00:00Z,1.44188,1.44242,1.44051,1.44084,9503
2025-03-14T13:00:00Z,1.44086,1.44128,1.43844,1.43874,13893
2025-03-14T14:00:00Z,1.43874,1.44011,1.43759,1.43895,16484
2025-03-14T15:00:00Z,1.43895,1.43980,1.43770,1.43782,13529
2025-03-14T16:00:00Z,1.43781,1.43942,1.43697,1.43737,10292
2025-03-14T17:00:00Z,1.43737,1.43842,1.43684,1.43761,6894
2025-03-14T18:00:00Z,1.43759,1.43792,1.43646,1.43734,6525
2025-03-14T19:00:00Z,1.43734,1.43775,1.43575,1.43627,4935
2025-03-14T20:00:00Z,1.43629,1.43809,1.43547,1.43672,5867
2025-03-16T21:00:00Z,1.43731,1.43763,1.43602,1.43652,407
2025-03-16T22:00:00Z,1.43679,1.43704,1.43573,1.43632,5845
2025-03-16T23:00:00Z,1.43632,1.43734,1.43601,1.43733,2991
2025-03-17T00:00:00Z,1.43734,1.43744,1.43642,1.43697,5337
2025-03-17T01:00:00Z,1.43695,1.43772,1.43663,1.43739,7374
2025-03-17T02:00:00Z,1.43738,1.43782,1.43720,1.43743,5386
2025-03-17T03:00:00Z,1.43743,1.43779,1.43722,1.43741,5626
2025-03-17T04:00:00Z,1.43739,1.43764,1.43655,1.43728,5537
2025-03-17T05:00:00Z,1.43729,1.43787,1.43717,1.43758,5636
2025-03-17T06:00:00Z,1.43756,1.43799,1.43644,1.43647,5283
2025-03-17T07:00:00Z,1.43647,1.43712,1.43593,1.43626,7157
2025-03-17T08:00:00Z,1.43625,1.43702,1.43604,1.43622,7977
2025-03-17T09:00:00Z,1.43621,1.43636,1.43540,1.43569,7425
2025-03-17T10:00:00Z,1.43571,1.43582,1.43469,1.43524,6330
2025-03-17T11:00:00Z,1.43524,1.43569,1.43466,1.43477,6201
2025-03-17T12:00:00Z,1.43477,1.43510,1.43377,1.43392,10173
2025-03-17T13:00:00Z,1.43394,1.43456,1.43051,1.43146,12658
2025-03-17T14:00:00Z,1.43147,1.43273,1.43127,1.43139,9695
2025-03-17T15:00:00Z,1.43141,1.43176,1.42891,1.42989,9569
2025-03-17T16:00:00Z,1.42990,1.43021,1.42820,1.42929,6633
2025-03-17T17:00:00Z,1.42930,1.42938,1.42817,1.42850,5717
2025-03-17T18:00:00Z,1.42849,1.42868,1.42750,1.42822,4534
2025-03-17T19:00:00Z,1.42825,1.42863,1.42800,1.42830,4119
2025-03-17T20:00:00Z,1.42830,1.42913,1.42818,1.42837,5608
2025-03-17T21:00:00Z,1.42833,1.42910,1.42808,1.42863,591
2025-03-17T22:00:00Z,1.42882,1.42928,1.42842,1.42918,1222
2025-03-17T23:00:00Z,1.42915,1.42995,1.42899,1.42980,2164
2025-03-18T00:00:00Z,1.42980,1.42981,1.42906,1.42938,5863
2025-03-18T01:00:00Z,1.42940,1.42972,1.42879,1.42972,5040
2025-03-18T02:00:00Z,1.42973,1.43044,1.42940,1.43032,5735
2025-03-18T03:00:00Z,1.43032,1.43071,1.43021,1.43048,3915
2025-03-18T04:00:00Z,1.43048,1.43060,1.43008,1.43023,3807
2025-03-18T05:00:00Z,1.43023,1.43055,1.43009,1.43044,3326
2025-03-18T06:00:00Z,1.43042,1.43073,1.42924,1.42935,3939
2025-03-18T07:00:00Z,1.42934,1.42990,1.42910,1.42933,5317
2025-03-18T08:00:00Z,1.42932,1.42940,1.42721,1.42774,5735
2025-03-18T09:00:00Z,1.42772,1.42837,1.42750,1.42819,5125
2025-03-18T10:00:00Z,1.42819,1.42979,1.42805,1.42941,5885
2025-03-18T11:00:00Z,1.42939,1.42943,1.42823,1.42871,6216
2025-03-18T12:00:00Z,1.42871,1.42947,1.42598,1.42900,10061
2025-03-18T13:00:00Z,1.42900,1.42950,1.42708,1.42886,11509
2025-03-18T14:00:00Z,1.42886,1.43087,1.42849,1.43075,13502
2025-03-18T15:00:00Z,1.43070,1.43183,1.43015,1.43118,13178
2025-03-18T16:00:00Z,1.43118,1.43190,1.43015,1.43088,7424
2025-03-18T17:00:00Z,1.43090,1.43188,1.43016,1.43030,7625
2025-03-18T18:00:00Z,1.43029,1.43134,1.43020,1.43025,5055
2025-03-18T19:00:00Z,1.43024,1.43060,1.42917,1.42950,4326
2025-03-18T20:00:00Z,1.42946,1.43027,1.42917,1.42932,3833
2025-03-18T21:00:00Z,1.42933,1.42988,1.42907,1.42988,392
2025-03-18T22:00:00Z,1.42986,1.43014,1.42947,1.42971,1681
2025-03-18T23:00:00Z,1.42969,1.43003,1.42951,1.42993,2068
2025-03-19T00:00:00Z,1.42992,1.43014,1.42951,1.42975,3734
2025-03-19T01:00:00Z,1.42973,1.43057,1.42973,1.43053,4966
2025-03-19T02:00:00Z,1.43053,1.43082,1.43016,1.43060,4326
2025-03-19T03:00:00Z,1.43059,1.43127,1.43027,1.43093,3275
2025-03-19T04:00:00Z,1.43091,1.43119,1.43075,1.43100,2599
2025-03-19T05:00:00Z,1.43099,1.43116,1.43071,1.43100,3027
2025-03-19T06:00:00Z,1.43099,1.43165,1.43068,1.43150,3800
2025-03-19T07:00:00Z,1.43152,1.43307,1.43140,1.43262,10038
2025-03-19T08:00:00Z,1.43262,1.43266,1.43078,1.43219,11305
2025-03-19T09:00:00Z,1.43218,1.43282,1.43182,1.43225,8674
2025-03-19T10:00:00Z,1.43225,1.43344,1.43212,1.43271,4750
2025-03-19T11:00:00Z,1.43276,1.43293,1.43158,1.43190,5483
2025-03-19T12:00:00Z,1.43188,1.43246,1.43143,1.43228,7167
2025-03-19T13:00:00Z,1.43228,1.43250,1.43092,1.43167,8378
2025-03-19T14:00:00Z,1.43167,1.43287,1.43108,1.43254,8046
2025-03-19T15:00:00Z,1.43254,1.43373,1.43219,1.43291,7605
2025-03-19T16:00:00Z,1.43290,1.43323,1.43240,1.43311,5985
2025-03-19T17:00:00Z,1.43311,1.43485,1.43301,1.43352,6944
2025-03-19T18:00:00Z,1.43352,1.43428,1.43093,1.43102,18146
2025-03-19T19:00:00Z,1.43107,1.43327,1.43077,1.43241,11822
2025-03-19T20:00:00Z,1.43242,1.43309,1.43171,1.43241,3444
2025-03-19T21:00:00Z,1.43240,1.43266,1.43178,1.43178,667
2025-03-19T22:00:00Z,1.43189,1.43217,1.43139,1.43207,1973
2025-03-19T23:00:00Z,1.43207,1.43233,1.43169,1.43224,2932
2025-03-20T00:00:00Z,1.43223,1.43329,1.43171,1.43222,6466
2025-03-20T01:00:00Z,1.43223,1.43347,1.43221,1.43337,5503
2025-03-20T02:00:00Z,1.43335,1.43339,1.43222,1.43284,6554
2025-03-20T03:00:00Z,1.43283,1.43295,1.43203,1.43239,3912
2025-03-20T04:00:00Z,1.43239,1.43295,1.43196,1.43294,3671
2025-03-20T05:00:00Z,1.43294,1.43391,1.43294,1.43328,3828
2025-03-20T06:00:00Z,1.43330,1.43419,1.43315,1.43398,3930
2025-03-20T07:00:00Z,1.43400,1.43489,1.43381,1.43404,6064
2025-03-20T08:00:00Z,1.43401,1.43551,1.43396,1.43539,6226
2025-03-20T09:00:00Z,1.43539,1.43758,1.43509,1.43733,8639
2025-03-20T10:00:00Z,1.43732,1.43903,1.43685,1.43764,13601
2025-03-20T11:00:00Z,1.43763,1.43855,1.43736,1.43751,5851
2025-03-20T12:00:00Z,1.43751,1.43879,1.43700,1.43849,9133
2025-03-20T13:00:00Z,1.43847,1.44012,1.43704,1.43710,14292
2025-03-20T14:00:00Z,1.43711,1.43719,1.43511,1.43546,11713
2025-03-20T15:00:00Z,1.43545,1.43591,1.43266,1.43271,9527
2025-03-20T16:00:00Z,1.43271,1.43357,1.43169,1.43325,8429
2025-03-20T17:00:00Z,1.43327,1.43358,1.43215,1.43266,7764
2025-03-20T18:00:00Z,1.43267,1.43316,1.43185,1.43282,4533
2025-03-20T19:00:00Z,1.43281,1.43282,1.43122,1.43153,4979
2025-03-20T20:00:00Z,1.43155,1.43295,1.43145,1.43208,4334
2025-03-20T21:00:00Z,1.43187,1.43253,1.43187,1.43223,559
2025-03-20T22:00:00Z,1.43245,1.43247,1.43194,1.43229,2547
2025-03-20T23:00:00Z,1.43229,1.43260,1.43206,1.43243,2158
2025-03-21T00:00:00Z,1.43244,1.43248,1.43165,1.43205,4062
2025-03-21T01:00:00Z,1.43205,1.43281,1.43144,1.43153,6738
2025-03-21T02:00:00Z,1.43151,1.43216,1.43139,1.43203,5221
2025-03-21T03:00:00Z,1.43202,1.43286,1.43193,1.43268,5512
2025-03-21T04:00:00Z,1.43267,1.43333,1.43244,1.43321,4278
2025-03-21T05:00:00Z,1.43321,1.43433,1.43297,1.43333,6310
2025-03-21T06:00:00Z,1.43332,1.43342,1.43214,1.43214,5224
2025-03-21T07:00:00Z,1.43213,1.43272,1.43172,1.43221,7153
2025-03-21T08:00:00Z,1.43222,1.43347,1.43131,1.43291,7395
2025-03-21T09:00:00Z,1.43291,1.43385,1.43272,1.43381,6371
2025-03-21T10:00:00Z,1.43380,1.43383,1.43271,1.43276,4885
2025-03-21T11:00:00Z,1.43280,1.43441,1.43279,1.43372,6279
2025-03-21T12:00:00Z,1.43374,1.43571,1.43313,1.43570,10374
2025-03-21T13:00:00Z,1.43572,1.43725,1.43510,1.43530,12963
2025-03-21T14:00:00Z,1.43530,1.43619,1.43403,1.43416,12298
2025-03-21T15:00:00Z,1.43416,1.43660,1.43363,1.43571,8709
2025-03-21T16:00:00Z,1.43575,1.43608,1.43391,1.43401,8487
2025-03-21T17:00:00Z,1.43400,1.43497,1.43318,1.43393,6295
2025-03-21T18:00:00Z,1.43394,1.43515,1.43376,1.43463,4521
2025-03-21T19:00:00Z,1.43464,1.43503,1.43400,1.43421,5040
2025-03-21T20:00:00Z,1.43425,1.43566,1.43366,1.43473,3334
2025-03-23T21:00:00Z,1.43501,1.43514,1.43371,1.43414,313
2025-03-23T22:00:00Z,1.43406,1.43413,1.43288,1.43379,2052
2025-03-23T23:00:00Z,1.43377,1.43388,1.43301,1.43330,2477
2025-03-24T00:00:00Z,1.43329,1.43353,1.43262,1.43317,3466
2025-03-24T01:00:00Z,1.43316,1.43406,1.43308,1.43387,5704
2025-03-24T02:00:00Z,1.43387,1.43460,1.43365,1.43453,3859
2025-03-24T03:00:00Z,1.43455,1.43485,1.43400,1.43470,2978
2025-03-24T04:00:00Z,1.43468,1.43503,1.43428,1.43440,2368
2025-03-24T05:00:00Z,1.43438,1.43481,1.43425,1.43443,3933
2025-03-24T06:00:00Z,1.43443,1.43446,1.43337,1.43370,4542
2025-03-24T07:00:00Z,1.43370,1.43380,1.43258,1.43310,5510
2025-03-24T08:00:00Z,1.43312,1.43383,1.43254,1.43338,8034
2025-03-24T09:00:00Z,1.43337,1.43381,1.43249,1.43287,6464
2025-03-24T10:00:00Z,1.43287,1.43304,1.43176,1.43210,4594
2025-03-24T11:00:00Z,1.43210,1.43253,1.43148,1.43253,4063
2025-03-24T12:00:00Z,1.43252,1.43459,1.43252,1.43354,8287
2025-03-24T13:00:00Z,1.43355,1.43436,1.43150,1.43288,11838
2025-03-24T14:00:00Z,1.43289,1.43307,1.42974,1.43065,11671
2025-03-24T15:00:00Z,1.43064,1.43187,1.42887,1.42930,8834
2025-03-24T16:00:00Z,1.42931,1.43193,1.42917,1.43165,8211
2025-03-24T17:00:00Z,1.43165,1.43270,1.43132,1.43137,5675
2025-03-24T18:00:00Z,1.43137,1.43250,1.43067,1.43145,7835
2025-03-24T19:00:00Z,1.43143,1.43234,1.43096,1.43172,6786
2025-03-24T20:00:00Z,1.43171,1.43205,1.43086,1.43135,3236
2025-03-24T21:00:00Z,1.43098,1.43182,1.43096,1.43169,422
2025-03-24T22:00:00Z,1.43180,1.43229,1.43156,1.43178,3948
2025-03-24T23:00:00Z,1.43179,1.43191,1.43149,1.43161,3147
2025-03-25T00:00:00Z,1.43163,1.43268,1.43154,1.43201,4454
2025-03-25T01:00:00Z,1.43203,1.43207,1.43104,1.43161,6826
2025-03-25T02:00:00Z,1.43161,1.43226,1.43156,1.43201,5063
2025-03-25T03:00:00Z,1.43202,1.43212,1.43162,1.43170,3563
2025-03-25T04:00:00Z,1.43171,1.43236,1.43156,1.43236,2962
2025-03-25T05:00:00Z,1.43236,1.43238,1.43155,1.43173,3545
2025-03-25T06:00:00Z,1.43173,1.43281,1.43172,1.43270,4585
2025-03-25T07:00:00Z,1.43269,1.43313,1.43193,1.43235,6721
2025-03-25T08:00:00Z,1.43233,1.43321,1.43166,1.43243,10227
2025-03-25T09:00:00Z,1.43242,1.43266,1.43156,1.43174,5718
2025-03-25T10:00:00Z,1.43177,1.43184,1.42877,1.42885,6911
2025-03-25T11:00:00Z,1.42885,1.42930,1.42804,1.42853,6444
2025-03-25T12:00:00Z,1.42852,1.42925,1.42800,1.42803,5678
2025-03-25T13:00:00Z,1.42802,1.42914,1.42704,1.42901,6811
2025-03-25T14:00:00Z,1.42904,1.43135,1.42878,1.43005,10571
2025-03-25T15:00:00Z,1.43005,1.43115,1.42979,1.43082,7704
2025-03-25T16:00:00Z,1.43082,1.43089,1.42977,1.42997,4810
2025-03-25T17:00:00Z,1.42995,1.43057,1.42947,1.42974,4273
2025-03-25T18:00:00Z,1.42974,1.43079,1.42884,1.42971,4781
2025-03-25T19:00:00Z,1.42969,1.42981,1.42788,1.42788,5183
2025-03-25T20:00:00Z,1.42793,1.42858,1.42717,1.42740,2646
2025-03-25T21:00:00Z,1.42718,1.42800,1.42701,1.42783,687
2025-03-25T22:00:00Z,1.42809,1.42818,1.42732,1.42735,1683
2025-03-25T23:00:00Z,1.42736,1.42776,1.42724,1.42726,1697
2025-03-26T00:00:00Z,1.42725,1.42869,1.42715,1.42863,4629
2025-03-26T01:00:00Z,1.42864,1.42978,1.42736,1.42750,7187
2025-03-26T02:00:00Z,1.42749,1.42797,1.42719,1.42722,4703
2025-03-26T03:00:00Z,1.42721,1.42753,1.42697,1.42737,4773
2025-03-26T04:00:00Z,1.42735,1.42788,1.42729,1.42739,3521
2025-03-26T05:00:00Z,1.42739,1.42775,1.42698,1.42739,5304
2025-03-26T06:00:00Z,1.42739,1.42773,1.42614,1.42621,4945
2025-03-26T07:00:00Z,1.42625,1.42655,1.42465,1.42499,7237
2025-03-26T08:00:00Z,1.42494,1.42580,1.42457,1.42507,8018
2025-03-26T09:00:00Z,1.42509,1.42544,1.42463,1.42524,5449
2025-03-26T10:00:00Z,1.42525,1.42557,1.42442,1.42451,4829
2025-03-26T11:00:00Z,1.42452,1.42551,1.42445,1.42539,4864
2025-03-26T12:00:00Z,1.42536,1.42717,1.42511,1.42673,7822
2025-03-26T13:00:00Z,1.42672,1.42697,1.42406,1.42508,10496
2025-03-26T14:00:00Z,1.42509,1.42611,1.42478,1.42514,10224
2025-03-26T15:00:00Z,1.42515,1.42647,1.42346,1.42553,10744
2025-03-26T16:00:00Z,1.42554,1.42706,1.42548,1.42652,8568
2025-03-26T17:00:00Z,1.42652,1.42961,1.42633,1.42858,10624
2025-03-26T18:00:00Z,1.42857,1.42945,1.42757,1.42877,6464
2025-03-26T19:00:00Z,1.42878,1.42971,1.42805,1.42818,7198
2025-03-26T20:00:00Z,1.42817,1.42849,1.42626,1.42654,3345
2025-03-26T21:00:00Z,1.42636,1.43020,1.42613,1.43020,1421
2025-03-26T22:00:00Z,1.43019,1.43160,1.42741,1.43026,8789
2025-03-26T23:00:00Z,1.43027,1.43090,1.42935,1.42957,6032
2025-03-27T00:00:00Z,1.42958,1.42978,1.42838,1.42867,6272
2025-03-27T01:00:00Z,1.42866,1.42870,1.42765,1.42802,8244
2025-03-27T02:00:00Z,1.42802,1.42802,1.42627,1.42672,8719
2025-03-27T03:00:00Z,1.42673,1.42694,1.42620,1.42663,5523
2025-03-27T04:00:00Z,1.42664,1.42674,1.42591,1.42650,5111
2025-03-27T05:00:00Z,1.42649,1.42808,1.42621,1.42744,6638
2025-03-27T06:00:00Z,1.42746,1.42752,1.42645,1.42728,7336
2025-03-27T07:00:00Z,1.42729,1.42973,1.42712,1.42972,9444
2025-03-27T08:00:00Z,1.42970,1.43055,1.42830,1.42832,12845
2025-03-27T09:00:00Z,1.42832,1.42915,1.42778,1.42861,6316
2025-03-27T10:00:00Z,1.42859,1.42957,1.42850,1.42922,6051
2025-03-27T11:00:00Z,1.42921,1.42924,1.42754,1.42759,6566
2025-03-27T12:00:00Z,1.42760,1.42974,1.42754,1.42965,8010
2025-03-27T13:00:00Z,1.42963,1.43286,1.42957,1.43124,12141
2025-03-27T14:00:00Z,1.43123,1.43279,1.43036,1.43117,10989
2025-03-27T15:00:00Z,1.43116,1.43234,1.42917,1.43179,13637
2025-03-27T16:00:00Z,1.43179,1.43204,1.43067,1.43148,8230
2025-03-27T17:00:00Z,1.43148,1.43191,1.42993,1.43153,6076
2025-03-27T18:00:00Z,1.43152,1.43211,1.43012,1.43195,5183
2025-03-27T19:00:00Z,1.43193,1.43193,1.43028,1.43101,5095
2025-03-27T20:00:00Z,1.43104,1.43106,1.43012,1.43043,2114
2025-03-27T21:00:00Z,1.43033,1.43113,1.42945,1.43049,610
2025-03-27T22:00:00Z,1.43054,1.43127,1.43053,1.43089,989
2025-03-27T23:00:00Z,1.43088,1.43111,1.43063,1.43064,1972
2025-03-28T00:00:00Z,1.43066,1.43154,1.43064,1.43099,4722
2025-03-28T01:00:00Z,1.43099,1.43150,1.43096,1.43138,5007
2025-03-28T02:00:00Z,1.43138,1.43140,1.43077,1.43104,5350
2025-03-28T03:00:00Z,1.43103,1.43130,1.43071,1.43119,4776
2025-03-28T04:00:00Z,1.43120,1.43137,1.43090,1.43126,4144
2025-03-28T05:00:00Z,1.43126,1.43148,1.43102,1.43114,4171
2025-03-28T06:00:00Z,1.43114,1.43221,1.43100,1.43219,4236
2025-03-28T07:00:00Z,1.43218,1.43287,1.43177,1.43279,5862
2025-03-28T08:00:00Z,1.43278,1.43319,1.43188,1.43208,7752
2025-03-28T09:00:00Z,1.43208,1.43289,1.43183,1.43255,5911
2025-03-28T10:00:00Z,1.43254,1.43303,1.43202,1.43303,4815
2025-03-28T11:00:00Z,1.43303,1.43325,1.43188,1.43199,4741
2025-03-28T12:00:00Z,1.43199,1.43220,1.43079,1.43109,7608
2025-03-28T13:00:00Z,1.43108,1.43172,1.42894,1.43085,14348
2025-03-28T14:00:00Z,1.43086,1.43245,1.43000,1.43228,15548
2025-03-28T15:00:00Z,1.43229,1.43260,1.42760,1.42833,12922
2025-03-28T16:00:00Z,1.42833,1.42947,1.42759,1.42929,6575
2025-03-28T17:00:00Z,1.42929,1.43172,1.42919,1.43046,7377
2025-03-28T18:00:00Z,1.43045,1.43208,1.43008,1.43158,5338
2025-03-28T19:00:00Z,1.43158,1.43238,1.43127,1.43158,4943
2025-03-28T20:00:00Z,1.43157,1.43227,1.43125,1.43157,3423
2025-03-30T21:00:00Z,1.42982,1.43131,1.42920,1.43088,3007
2025-03-30T22:00:00Z,1.43089,1.43287,1.43079,1.43178,3958
2025-03-30T23:00:00Z,1.43178,1.43243,1.43083,1.43091,5710
2025-03-31T00:00:00Z,1.43092,1.43159,1.43047,1.43081,8314
2025-03-31T01:00:00Z,1.43081,1.43112,1.42987,1.43096,8620
2025-03-31T02:00:00Z,1.43096,1.43149,1.43049,1.43117,8469
2025-03-31T03:00:00Z,1.43117,1.43182,1.43109,1.43173,6753
2025-03-31T04:00:00Z,1.43172,1.43198,1.43146,1.43150,5681
2025-03-31T05:00:00Z,1.43150,1.43169,1.43088,1.43116,7622
2025-03-31T06:00:00Z,1.43115,1.43257,1.43108,1.43242,7615
2025-03-31T07:00:00Z,1.43242,1.43433,1.43179,1.43376,9716
2025-03-31T08:00:00Z,1.43376,1.43482,1.43360,1.43476,8525
2025-03-31T09:00:00Z,1.43476,1.43532,1.43407,1.43521,7703
2025-03-31T10:00:00Z,1.43523,1.43607,1.43519,1.43579,7365
2025-03-31T11:00:00Z,1.43578,1.43578,1.43423,1.43516,6428
2025-03-31T12:00:00Z,1.43517,1.43805,1.43517,1.43782,8135
2025-03-31T13:00:00Z,1.43781,1.43883,1.43601,1.43776,11530
2025-03-31T14:00:00Z,1.43775,1.43948,1.43696,1.43931,17813
2025-03-31T15:00:00Z,1.43928,1.43949,1.43688,1.43796,14693
2025-03-31T16:00:00Z,1.43795,1.43836,1.43651,1.43754,9727
2025-03-31T17:00:00Z,1.43753,1.43876,1.43726,1.43876,6380
2025-03-31T18:00:00Z,1.43876,1.43890,1.43712,1.43754,6563
2025-03-31T19:00:00Z,1.43753,1.43899,1.43710,1.43880,8112
2025-03-31T20:00:00Z,1.43879,1.43953,1.43837,1.43851,3651
2025-03-31T21:00:00Z,1.43842,1.43888,1.43775,1.43832,537
2025-03-31T22:00:00Z,1.43857,1.43915,1.43826,1.43900,1775
2025-03-31T23:00:00Z,1.43903,1.43958,1.43887,1.43902,2799
2025-04-01T00:00:00Z,1.43904,1.43952,1.43869,1.43907,6328
2025-04-01T01:00:00Z,1.43908,1.43998,1.43897,1.43914,6645
2025-04-01T02:00:00Z,1.43915,1.43919,1.43796,1.43813,5743
2025-04-01T03:00:00Z,1.43811,1.43839,1.43764,1.43809,5160
2025-04-01T04:00:00Z,1.43809,1.43831,1.43724,1.43735,4342
2025-04-01T05:00:00Z,1.43735,1.43906,1.43730,1.43902,4719
2025-04-01T06:00:00Z,1.43902,1.43971,1.43835,1.43878,7764
2025-04-01T07:00:00Z,1.43878,1.44024,1.43878,1.44005,8731
2025-04-01T08:00:00Z,1.44006,1.44034,1.43811,1.43811,5302
2025-04-01T09:00:00Z,1.43811,1.43812,1.43657,1.43674,5578
2025-04-01T10:00:00Z,1.43674,1.43873,1.43673,1.43820,11729
2025-04-01T11:00:00Z,1.43819,1.44039,1.43808,1.43936,8379
2025-04-01T12:00:00Z,1.43935,1.44007,1.43855,1.43946,7148
2025-04-01T13:00:00Z,1.43947,1.44146,1.43889,1.43987,9014
2025-04-01T14:00:00Z,1.43989,1.44084,1.43089,1.43295,19622
2025-04-01T15:00:00Z,1.43297,1.43315,1.43048,1.43169,17204
2025-04-01T16:00:00Z,1.43168,1.43355,1.43093,1.43198,11815
2025-04-01T17:00:00Z,1.43198,1.43301,1.43166,1.43266,8028
2025-04-01T18:00:00Z,1.43267,1.43434,1.43266,1.43348,8199
2025-04-01T19:00:00Z,1.43349,1.43353,1.43070,1.43073,9099
2025-04-01T20:00:00Z,1.43077,1.43146,1.42974,1.43015,4101
2025-04-01T21:00:00Z,1.43000,1.43026,1.42953,1.42998,374
2025-04-01T22:00:00Z,1.43001,1.43008,1.42893,1.42899,3185
2025-04-01T23:00:00Z,1.42895,1.42984,1.42882,1.42934,2833
2025-04-02T00:00:00Z,1.42935,1.43072,1.42935,1.43039,6763
2025-04-02T01:00:00Z,1.43039,1.43070,1.42977,1.42988,6694
2025-04-02T02:00:00Z,1.42987,1.43031,1.42919,1.43021,5920
2025-04-02T03:00:00Z,1.43022,1.43031,1.42977,1.43013,3953
2025-04-02T04:00:00Z,1.43014,1.43075,1.42995,1.43055,2764
2025-04-02T05:00:00Z,1.43055,1.43173,1.43055,1.43123,4385
2025-04-02T06:00:00Z,1.43123,1.43138,1.42928,1.43040,7029
2025-04-02T07:00:00Z,1.43042,1.43113,1.43025,1.43041,5920
2025-04-02T08:00:00Z,1.43039,1.43089,1.43022,1.43028,5045
2025-04-02T09:00:00Z,1.43027,1.43109,1.42989,1.43095,5203
2025-04-02T10:00:00Z,1.43096,1.43281,1.43068,1.43257,7069
2025-04-02T11:00:00Z,1.43258,1.43313,1.43182,1.43188,5486
2025-04-02T12:00:00Z,1.43189,1.43321,1.43179,1.43207,8133
2025-04-02T13:00:00Z,1.43208,1.43341,1.43175,1.43264,11640
2025-04-02T14:00:00Z,1.43262,1.43305,1.42953,1.43024,15433
2025-04-02T15:00:00Z,1.43024,1.43218,1.43024,1.43107,11394
2025-04-02T16:00:00Z,1.43109,1.43238,1.43072,1.43202,6743
2025-04-02T17:00:00Z,1.43200,1.43253,1.43082,1.43207,6657
2025-04-02T18:00:00Z,1.43209,1.43293,1.43136,1.43247,7596
2025-04-02T19:00:00Z,1.43247,1.43248,1.43102,1.43183,5574
2025-04-02T20:00:00Z,1.43183,1.43659,1.42271,1.42292,25310
2025-04-02T21:00:00Z,1.42249,1.42597,1.42157,1.42550,1655
2025-04-02T22:00:00Z,1.42516,1.43189,1.42516,1.42653,14006
2025-04-02T23:00:00Z,1.42652,1.42687,1.42146,1.42164,17185
2025-04-03T00:00:00Z,1.42163,1.42547,1.42163,1.42537,17723
2025-04-03T01:00:00Z,1.42537,1.42581,1.42370,1.42501,17370
2025-04-03T02:00:00Z,1.42501,1.42536,1.42379,1.42400,13739
2025-04-03T03:00:00Z,1.42400,1.42521,1.42375,1.42447,10590
2025-04-03T04:00:00Z,1.42449,1.42553,1.42437,1.42552,8024
2025-04-03T05:00:00Z,1.42553,1.42553,1.42093,1.42153,11639
2025-04-03T06:00:00Z,1.42154,1.42294,1.41707,1.41710,13988
2025-04-03T07:00:00Z,1.41710,1.41952,1.41645,1.41647,12254
2025-04-03T08:00:00Z,1.41647,1.41653,1.41164,1.41309,13668
2025-04-03T09:00:00Z,1.41309,1.41592,1.41289,1.41486,9916
2025-04-03T10:00:00Z,1.41489,1.41589,1.41039,1.41280,16861
2025-04-03T11:00:00Z,1.41279,1.41440,1.40836,1.40925,10461
2025-04-03T12:00:00Z,1.40926,1.41031,1.40688,1.40817,17648
2025-04-03T13:00:00Z,1.40815,1.40902,1.40340,1.40451,23964
2025-04-03T14:00:00Z,1.40423,1.40569,1.40273,1.40456,20796
2025-04-03T15:00:00Z,1.40456,1.40748,1.40269,1.40638,17557
2025-04-03T16:00:00Z,1.40638,1.40638,1.40447,1.40606,17091
2025-04-03T17:00:00Z,1.40608,1.40887,1.40600,1.40887,8979
2025-04-03T18:00:00Z,1.40888,1.41038,1.40768,1.40832,7936
2025-04-03T19:00:00Z,1.40831,1.40957,1.40786,1.40848,5497
2025-04-03T20:00:00Z,1.40848,1.40971,1.40801,1.40955,3150
2025-04-03T21:00:00Z,1.40903,1.40970,1.40776,1.40831,701
2025-04-03T22:00:00Z,1.40845,1.40928,1.40755,1.40782,3083
2025-04-03T23:00:00Z,1.40781,1.40883,1.40770,1.40828,4215
2025-04-04T00:00:00Z,1.40828,1.40828,1.40607,1.40634,8135
2025-04-04T01:00:00Z,1.40635,1.40681,1.40528,1.40606,10456
2025-04-04T02:00:00Z,1.40605,1.40898,1.40591,1.40886,9911
2025-04-04T03:00:00Z,1.40885,1.40985,1.40781,1.40808,12063
2025-04-04T04:00:00Z,1.40809,1.41026,1.40771,1.41005,11185
2025-04-04T05:00:00Z,1.41005,1.41026,1.40814,1.40877,10811
2025-04-04T06:00:00Z,1.40876,1.41190,1.40855,1.41175,10020
2025-04-04T07:00:00Z,1.41176,1.41494,1.41094,1.41465,14554
2025-04-04T08:00:00Z,1.41467,1.41634,1.41269,1.41317,16128
2025-04-04T09:00:00Z,1.41317,1.41668,1.41308,1.41536,12908
2025-04-04T10:00:00Z,1.41536,1.41725,1.41446,1.41639,30806
2025-04-04T11:00:00Z,1.41639,1.42088,1.41495,1.41839,31269
2025-04-04T12:00:00Z,1.41838,1.42411,1.41687,1.42080,34620
2025-04-04T13:00:00Z,1.42079,1.42253,1.41942,1.42233,28268
2025-04-04T14:00:00Z,1.42235,1.42356,1.42066,1.42216,31709
2025-04-04T15:00:00Z,1.42215,1.42302,1.41779,1.41886,32966
2025-04-04T16:00:00Z,1.41950,1.42188,1.41810,1.42103,21434
2025-04-04T17:00:00Z,1.42103,1.42538,1.42078,1.42158,25851
2025-04-04T18:00:00Z,1.42157,1.42440,1.42086,1.42363,20605
2025-04-04T19:00:00Z,1.42361,1.42514,1.42006,1.42295,17150
2025-04-04T20:00:00Z,1.42295,1.42580,1.42165,1.42232,11106
2025-04-06T21:00:00Z,1.42579,1.42646,1.42265,1.42503,464
2025-04-06T22:00:00Z,1.42504,1.42691,1.42040,1.42462,24032
2025-04-06T23:00:00Z,1.42460,1.42494,1.42233,1.42414,18813
2025-04-07T00:00:00Z,1.42412,1.42577,1.42234,1.42299,26351
2025-04-07T01:00:00Z,1.42298,1.42422,1.42188,1.42305,25324
2025-04-07T02:00:00Z,1.42302,1.42532,1.42224,1.42463,19647
2025-04-07T03:00:00Z,1.42461,1.42515,1.42363,1.42376,13173
2025-04-07T04:00:00Z,1.42375,1.42392,1.42120,1.42154,9405
2025-04-07T05:00:00Z,1.42154,1.42225,1.41956,1.42149,15724
2025-04-07T06:00:00Z,1.42149,1.42558,1.42149,1.42525,20763
2025-04-07T07:00:00Z,1.42524,1.42551,1.42180,1.42236,24158
2025-04-07T08:00:00Z,1.42234,1.42685,1.42123,1.42496,23232
2025-04-07T09:00:00Z,1.42496,1.42669,1.42443,1.42625,15737
2025-04-07T10:00:00Z,1.42627,1.42627,1.42372,1.42565,19010
2025-04-07T11:00:00Z,1.42568,1.42586,1.42380,1.42575,20712
2025-04-07T12:00:00Z,1.42573,1.42959,1.42453,1.42463,33024
2025-04-07T13:00:00Z,1.42463,1.42671,1.42256,1.42302,30182
2025-04-07T14:00:00Z,1.42303,1.42472,1.41782,1.42248,45536
2025-04-07T15:00:00Z,1.42251,1.42494,1.41996,1.42257,36101
2025-04-07T16:00:00Z,1.42257,1.42389,1.42165,1.42284,24897
2025-04-07T17:00:00Z,1.42281,1.42284,1.41877,1.41891,24255
2025-04-07T18:00:00Z,1.41892,1.42142,1.41847,1.41991,21122
2025-04-07T19:00:00Z,1.41990,1.42507,1.41990,1.42414,20683
2025-04-07T20:00:00Z,1.42412,1.42541,1.42355,1.42437,7379
2025-04-07T21:00:00Z,1.42441,1.42441,1.42325,1.42388,381
2025-04-07T22:00:00Z,1.42387,1.42451,1.42363,1.42382,4387
2025-04-07T23:00:00Z,1.42382,1.42435,1.42315,1.42383,6299
2025-04-08T00:00:00Z,1.42385,1.42402,1.42005,1.42153,9647
2025-04-08T01:00:00Z,1.42155,1.42193,1.41786,1.41826,17274
2025-04-08T02:00:00Z,1.41826,1.41826,1.41649,1.41684,10588
2025-04-08T03:00:00Z,1.41685,1.41750,1.41671,1.41699,7491
2025-04-08T04:00:00Z,1.41700,1.41709,1.41576,1.41633,9089
2025-04-08T05:00:00Z,1.41638,1.41763,1.41617,1.41635,9327
2025-04-08T06:00:00Z,1.41635,1.41780,1.41495,1.41604,11705
2025-04-08T07:00:00Z,1.41606,1.41920,1.41563,1.41916,18945
2025-04-08T08:00:00Z,1.41915,1.41919,1.41720,1.41778,14327
2025-04-08T09:00:00Z,1.41779,1.42034,1.41779,1.41939,12164
2025-04-08T10:00:00Z,1.41938,1.42022,1.41895,1.41967,10984
2025-04-08T11:00:00Z,1.41968,1.42017,1.41669,1.41764,15412
2025-04-08T12:00:00Z,1.41762,1.41762,1.41522,1.41635,14944
2025-04-08T13:00:00Z,1.41636,1.41789,1.41522,1.41634,21690
2025-04-08T14:00:00Z,1.41634,1.42014,1.41427,1.41981,24018
2025-04-08T15:00:00Z,1.41980,1.42228,1.41848,1.41981,20844
2025-04-08T16:00:00Z,1.41982,1.42071,1.41809,1.42017,23103
2025-04-08T17:00:00Z,1.42018,1.42170,1.41948,1.42139,24286
2025-04-08T18:00:00Z,1.42141,1.42407,1.42084,1.42371,21570
2025-04-08T19:00:00Z,1.42372,1.42616,1.42273,1.42490,18849
2025-04-08T20:00:00Z,1.42489,1.42713,1.42418,1.42597,8414
2025-04-08T21:00:00Z,1.42583,1.42645,1.42494,1.42593,980
2025-04-08T22:00:00Z,1.42593,1.42658,1.42522,1.42629,6840
2025-04-08T23:00:00Z,1.42627,1.42667,1.42519,1.42557,5214
2025-04-09T00:00:00Z,1.42557,1.42731,1.42416,1.42422,14083
2025-04-09T01:00:00Z,1.42421,1.42456,1.42110,1.42138,16434
2025-04-09T02:00:00Z,1.42142,1.42375,1.42056,1.42345,12793
2025-04-09T03:00:00Z,1.42345,1.42471,1.42178,1.42425,12180
2025-04-09T04:00:00Z,1.42426,1.42457,1.42168,1.42201,13585
2025-04-09T05:00:00Z,1.42202,1.42481,1.42201,1.42304,13679
2025-04-09T06:00:00Z,1.42301,1.42303,1.41950,1.42037,21225
2025-04-09T07:00:00Z,1.42039,1.42217,1.41928,1.42003,26992
2025-04-09T08:00:00Z,1.42005,1.42232,1.41977,1.42031,19197
2025-04-09T09:00:00Z,1.42032,1.42135,1.41980,1.42043,13863
2025-04-09T10:00:00Z,1.42044,1.42084,1.41758,1.41832,13524
2025-04-09T11:00:00Z,1.41828,1.42209,1.41826,1.42013,26652
2025-04-09T12:00:00Z,1.42022,1.42023,1.41559,1.41730,19137
2025-04-09T13:00:00Z,1.41730,1.41891,1.41405,1.41417,22312
2025-04-09T14:00:00Z,1.41418,1.42035,1.41318,1.42004,25128
2025-04-09T15:00:00Z,1.42000,1.42117,1.41715,1.41880,18388
2025-04-09T16:00:00Z,1.41879,1.41908,1.41624,1.41768,13270
2025-04-09T17:00:00Z,1.41766,1.41857,1.40738,1.40749,33115
2025-04-09T18:00:00Z,1.40742,1.41270,1.40734,1.41152,29926
2025-04-09T19:00:00Z,1.41155,1.41285,1.40832,1.41107,19397
2025-04-09T20:00:00Z,1.41102,1.41211,1.40744,1.40802,11946
2025-04-09T21:00:00Z,1.40802,1.40922,1.40802,1.40876,482
2025-04-09T22:00:00Z,1.40890,1.40995,1.40733,1.40961,7082
2025-04-09T23:00:00Z,1.40957,1.41095,1.40919,1.41021,9124
2025-04-10T00:00:00Z,1.41024,1.41079,1.40942,1.40999,8821
2025-04-10T01:00:00Z,1.40999,1.41095,1.40940,1.41044,11246
2025-04-10T02:00:00Z,1.41044,1.41063,1.40903,1.40903,10987
2025-04-10T03:00:00Z,1.40904,1.40934,1.40757,1.40784,11387
2025-04-10T04:00:00Z,1.40783,1.40845,1.40709,1.40715,8234
2025-04-10T05:00:00Z,1.40715,1.40738,1.40594,1.40649,8065
2025-04-10T06:00:00Z,1.40650,1.40787,1.40604,1.40615,11958
2025-04-10T07:00:00Z,1.40615,1.40858,1.40516,1.40625,14913
2025-04-10T08:00:00Z,1.40627,1.40945,1.40609,1.40756,12536
2025-04-10T09:00:00Z,1.40758,1.40832,1.40631,1.40742,9307
2025-04-10T10:00:00Z,1.40741,1.40754,1.40528,1.40548,10517
2025-04-10T11:00:00Z,1.40549,1.40874,1.40492,1.40837,9266
2025-04-10T12:00:00Z,1.40836,1.40878,1.40423,1.40721,19435
2025-04-10T13:00:00Z,1.40721,1.40751,1.40377,1.40388,23223
2025-04-10T14:00:00Z,1.40393,1.40484,1.39967,1.39976,24228
2025-04-10T15:00:00Z,1.39975,1.40235,1.39910,1.40100,23256
2025-04-10T16:00:00Z,1.40105,1.40183,1.39874,1.39987,23355
2025-04-10T17:00:00Z,1.39994,1.40052,1.39557,1.39576,19126
2025-04-10T18:00:00Z,1.39579,1.39897,1.39506,1.39854,16690
2025-04-10T19:00:00Z,1.39853,1.40067,1.39749,1.39774,19452
2025-04-10T20:00:00Z,1.39778,1.40035,1.39565,1.39787,10744
2025-04-10T21:00:00Z,1.39788,1.39860,1.39743,1.39767,589
2025-04-10T22:00:00Z,1.39785,1.39824,1.39559,1.39559,8310
2025-04-10T23:00:00Z,1.39556,1.39711,1.39510,1.39519,11830
2025-04-11T00:00:00Z,1.39519,1.39560,1.39095,1.39487,15427
2025-04-11T01:00:00Z,1.39486,1.39635,1.39277,1.39302,17031
2025-04-11T02:00:00Z,1.39301,1.39401,1.39228,1.39281,10800
2025-04-11T03:00:00Z,1.39278,1.39529,1.39071,1.39490,12949
2025-04-11T04:00:00Z,1.39489,1.39697,1.39489,1.39639,10845
2025-04-11T05:00:00Z,1.39641,1.39792,1.39631,1.39749,12652
2025-04-11T06:00:00Z,1.39746,1.39842,1.39599,1.39616,14951
2025-04-11T07:00:00Z,1.39614,1.39643,1.38935,1.38969,13652
2025-04-11T08:00:00Z,1.38969,1.39103,1.38806,1.39037,20809
2025-04-11T09:00:00Z,1.39039,1.39116,1.38718,1.38832,14419
2025-04-11T10:00:00Z,1.38833,1.39327,1.38833,1.39161,12403
2025-04-11T11:00:00Z,1.39165,1.39212,1.38747,1.38774,11259
2025-04-11T12:00:00Z,1.38775,1.38789,1.38388,1.38560,19922
2025-04-11T13:00:00Z,1.38560,1.38870,1.38415,1.38686,22917
2025-04-11T14:00:00Z,1.38684,1.39240,1.38658,1.38892,22357
2025-04-11T15:00:00Z,1.38896,1.39270,1.38830,1.38967,24344
2025-04-11T16:00:00Z,1.38968,1.39326,1.38959,1.39031,12985
2025-04-11T17:00:00Z,1.39031,1.39190,1.38939,1.39030,9850
2025-04-11T18:00:00Z,1.39032,1.39034,1.38722,1.38881,10356
2025-04-11T19:00:00Z,1.38881,1.38926,1.38712,1.38891,7410
2025-04-11T20:00:00Z,1.38893,1.38909,1.38533,1.38597,5159
2025-04-13T21:00:00Z,1.38506,1.38671,1.38506,1.38671,220
2025-04-13T22:00:00Z,1.38661,1.38795,1.38566,1.38793,7042
2025-04-13T23:00:00Z,1.38792,1.38838,1.38672,1.38741,7311
2025-04-14T00:00:00Z,1.38742,1.38772,1.38577,1.38721,7869
2025-04-14T01:00:00Z,1.38722,1.38737,1.38532,1.38617,10591
2025-04-14T02:00:00Z,1.38618,1.38621,1.38484,1.38524,8707
2025-04-14T03:00:00Z,1.38525,1.38642,1.38502,1.38573,5901
2025-04-14T04:00:00Z,1.38571,1.38663,1.38548,1.38642,4154
2025-04-14T05:00:00Z,1.38642,1.38759,1.38560,1.38614,4024
2025-04-14T06:00:00Z,1.38614,1.38753,1.38330,1.38350,8643
2025-04-14T07:00:00Z,1.38351,1.38482,1.38281,1.38341,7318
2025-04-14T08:00:00Z,1.38342,1.38408,1.38311,1.38389,6135
2025-04-14T09:00:00Z,1.38389,1.38491,1.38343,1.38485,4395
2025-04-14T10:00:00Z,1.38486,1.38642,1.38390,1.38620,4764
2025-04-14T11:00:00Z,1.38616,1.38741,1.38480,1.38673,4440
2025-04-14T12:00:00Z,1.38671,1.38889,1.38640,1.38816,8835
2025-04-14T13:00:00Z,1.38815,1.39033,1.38731,1.38894,16674
2025-04-14T14:00:00Z,1.38895,1.38895,1.38629,1.38652,13579
2025-04-14T15:00:00Z,1.38651,1.38949,1.38614,1.38939,12803
2025-04-14T16:00:00Z,1.38938,1.39102,1.38876,1.39036,12504
2025-04-14T17:00:00Z,1.39037,1.39045,1.38799,1.38803,10530
2025-04-14T18:00:00Z,1.38803,1.38804,1.38628,1.38629,6302
2025-04-14T19:00:00Z,1.38633,1.38773,1.38626,1.38718,6084
2025-04-14T20:00:00Z,1.38718,1.38823,1.38702,1.38702,4940
2025-04-14T21:00:00Z,1.38703,1.38866,1.38607,1.38755,1033
2025-04-14T22:00:00Z,1.38766,1.38953,1.38766,1.38949,2889
2025-04-14T23:00:00Z,1.38950,1.39081,1.38926,1.39007,3413
2025-04-15T00:00:00Z,1.39006,1.39020,1.38900,1.38939,4769
2025-04-15T01:00:00Z,1.38941,1.38969,1.38838,1.38876,7218
2025-04-15T02:00:00Z,1.38876,1.38891,1.38761,1.38785,5874
2025-04-15T03:00:00Z,1.38787,1.38787,1.38683,1.38719,5578
2025-04-15T04:00:00Z,1.38718,1.38730,1.38498,1.38542,4318
2025-04-15T05:00:00Z,1.38545,1.38710,1.38502,1.38700,4267
2025-04-15T06:00:00Z,1.38698,1.38778,1.38677,1.38727,7605
2025-04-15T07:00:00Z,1.38728,1.38732,1.38568,1.38585,8057
2025-04-15T08:00:00Z,1.38585,1.38628,1.38495,1.38554,7289
2025-04-15T09:00:00Z,1.38556,1.38643,1.38512,1.38616,6051
2025-04-15T10:00:00Z,1.38616,1.38664,1.38495,1.38638,4517
2025-04-15T11:00:00Z,1.38638,1.38784,1.38628,1.38721,7296
2025-04-15T12:00:00Z,1.38721,1.39151,1.38678,1.38998,9833
2025-04-15T13:00:00Z,1.38997,1.38998,1.38677,1.38780,10864
2025-04-15T14:00:00Z,1.38779,1.39230,1.38738,1.39062,12629
2025-04-15T15:00:00Z,1.39063,1.39575,1.39063,1.39446,8602
2025-04-15T16:00:00Z,1.39445,1.39692,1.39405,1.39691,6271
2025-04-15T17:00:00Z,1.39691,1.39771,1.39554,1.39669,6620
2025-04-15T18:00:00Z,1.39669,1.39748,1.39646,1.39663,6671
2025-04-15T19:00:00Z,1.39664,1.39719,1.39599,1.39661,5834
2025-04-15T20:00:00Z,1.39661,1.39666,1.39547,1.39547,3558
2025-04-15T21:00:00Z,1.39548,1.39620,1.39475,1.39607,1112
2025-04-15T22:00:00Z,1.39608,1.39626,1.39499,1.39501,1811
2025-04-15T23:00:00Z,1.39503,1.39640,1.39499,1.39574,3966
2025-04-16T00:00:00Z,1.39576,1.39592,1.39470,1.39506,6088
2025-04-16T01:00:00Z,1.39506,1.39506,1.39433,1.39486,6568
2025-04-16T02:00:00Z,1.39486,1.39495,1.39425,1.39462,7453
2025-04-16T03:00:00Z,1.39463,1.39475,1.39393,1.39396,4274
2025-04-16T04:00:00Z,1.39393,1.39420,1.39340,1.39360,4256
2025-04-16T05:00:00Z,1.39359,1.39420,1.39225,1.39243,7166
2025-04-16T06:00:00Z,1.39245,1.39387,1.39232,1.39348,6678
2025-04-16T07:00:00Z,1.39348,1.39348,1.39116,1.39116,9162
2025-04-16T08:00:00Z,1.39116,1.39199,1.39038,1.39125,12379
2025-04-16T09:00:00Z,1.39124,1.39138,1.39033,1.39112,7002
2025-04-16T10:00:00Z,1.39112,1.39139,1.39052,1.39130,6488
2025-04-16T11:00:00Z,1.39130,1.39239,1.39088,1.39217,5779
2025-04-16T12:00:00Z,1.39218,1.39296,1.39145,1.39168,9857
2025-04-16T13:00:00Z,1.39169,1.39286,1.38731,1.38887,15045
2025-04-16T14:00:00Z,1.38884,1.39016,1.38782,1.38880,13649
2025-04-16T15:00:00Z,1.38879,1.38919,1.38726,1.38832,11242
2025-04-16T16:00:00Z,1.38832,1.38834,1.38668,1.38767,9725
2025-04-16T17:00:00Z,1.38766,1.38981,1.38686,1.38980,11566
2025-04-16T18:00:00Z,1.38979,1.38980,1.38757,1.38767,11834
2025-04-16T19:00:00Z,1.38767,1.38806,1.38584,1.38618,8948
2025-04-16T20:00:00Z,1.38616,1.38749,1.38531,1.38548,3960
2025-04-16T21:00:00Z,1.38518,1.38659,1.38518,1.38619,1132
2025-04-16T22:00:00Z,1.38635,1.38635,1.38543,1.38543,2928
2025-04-16T23:00:00Z,1.38546,1.38602,1.38543,1.38592,2907
2025-04-17T00:00:00Z,1.38591,1.38682,1.38552,1.38674,4079
2025-04-17T01:00:00Z,1.38673,1.38837,1.38673,1.38779,5397
2025-04-17T02:00:00Z,1.38778,1.38782,1.38687,1.38712,4185
2025-04-17T03:00:00Z,1.38711,1.38868,1.38696,1.38863,3623
2025-04-17T04:00:00Z,1.38864,1.38912,1.38815,1.38900,2767
2025-04-17T05:00:00Z,1.38901,1.38959,1.38850,1.38896,2860
2025-04-17T06:00:00Z,1.38895,1.38946,1.38800,1.38882,4402
2025-04-17T07:00:00Z,1.38882,1.38886,1.38648,1.38706,7322
2025-04-17T08:00:00Z,1.38706,1.38784,1.38675,1.38768,3984
2025-04-17T09:00:00Z,1.38768,1.38912,1.38740,1.38911,3941
2025-04-17T10:00:00Z,1.38912,1.38980,1.38833,1.38929,4899
2025-04-17T11:00:00Z,1.38926,1.39057,1.38851,1.39004,4397
2025-04-17T12:00:00Z,1.39002,1.39002,1.38675,1.38723,11811
2025-04-17T13:00:00Z,1.38726,1.38780,1.38539,1.38539,14156
2025-04-17T14:00:00Z,1.38539,1.38782,1.38494,1.38772,10870
2025-04-17T15:00:00Z,1.38774,1.38787,1.38560,1.38564,7061
2025-04-17T16:00:00Z,1.38563,1.38606,1.38435,1.38444,9142
2025-04-17T17:00:00Z,1.38444,1.38490,1.38336,1.38347,4377
2025-04-17T18:00:00Z,1.38346,1.38503,1.38275,1.38401,5044
2025-04-17T19:00:00Z,1.38400,1.38479,1.38373,1.38396,4055
2025-04-17T20:00:00Z,1.38399,1.38404,1.38321,1.38321,2722
2025-04-17T21:00:00Z,1.38307,1.38469,1.38297,1.38307,1298
2025-04-17T22:00:00Z,1.38325,1.38436,1.38277,1.38339,2900
2025-04-17T23:00:00Z,1.38338,1.38433,1.38273,1.38423,1375
2025-04-18T00:00:00Z,1.38422,1.38486,1.38372,1.38455,11938
2025-04-18T01:00:00Z,1.38455,1.38535,1.38446,1.38521,17772
2025-04-18T02:00:00Z,1.38526,1.38587,1.38470,1.38572,37093
2025-04-18T03:00:00Z,1.38573,1.38605,1.38498,1.38593,40131
2025-04-18T04:00:00Z,1.38593,1.38633,1.38590,1.38619,38579
2025-04-18T05:00:00Z,1.38616,1.38663,1.38599,1.38620,23344
2025-04-18T06:00:00Z,1.38619,1.38661,1.38535,1.38545,16444
2025-04-18T07:00:00Z,1.38543,1.38645,1.38442,1.38638,21201
2025-04-18T08:00:00Z,1.38638,1.38673,1.38593,1.38618,22925
2025-04-18T09:00:00Z,1.38618,1.38653,1.38516,1.38578,19886
2025-04-18T10:00:00Z,1.38575,1.38603,1.38452,1.38542,18819
2025-04-18T11:00:00Z,1.38545,1.38677,1.38504,1.38618,19139
2025-04-18T12:00:00Z,1.38617,1.38627,1.38442,1.38579,12132
2025-04-18T13:00:00Z,1.38581,1.38691,1.38517,1.38651,7033
2025-04-18T14:00:00Z,1.38648,1.38653,1.38445,1.38629,10933
2025-04-18T15:00:00Z,1.38629,1.38629,1.38475,1.38486,9776
2025-04-18T16:00:00Z,1.38486,1.38544,1.38443,1.38508,13183
2025-04-18T17:00:00Z,1.38510,1.38510,1.38404,1.38484,10517
2025-04-18T18:00:00Z,1.38486,1.38492,1.38455,1.38466,10541
2025-04-18T19:00:00Z,1.38466,1.38478,1.38421,1.38449,6604
2025-04-18T20:00:00Z,1.38450,1.38456,1.38315,1.38413,8752
2025-04-20T21:00:00Z,1.38392,1.38429,1.38321,1.38349,211
2025-04-20T22:00:00Z,1.38332,1.38345,1.38251,1.38269,4615
2025-04-20T23:00:00Z,1.38269,1.38300,1.38215,1.38246,5954
2025-04-21T00:00:00Z,1.38247,1.38254,1.38053,1.38183,7255
2025-04-21T01:00:00Z,1.38183,1.38214,1.38137,1.38174,5162
2025-04-21T02:00:00Z,1.38174,1.38206,1.38016,1.38062,5010
2025-04-21T03:00:00Z,1.38062,1.38064,1.37939,1.37956,3813
2025-04-21T04:00:00Z,1.37956,1.38031,1.37956,1.37969,3055
2025-04-21T05:00:00Z,1.37973,1.37979,1.37906,1.37909,3341
2025-04-21T06:00:00Z,1.37910,1.38017,1.37910,1.37965,3204
2025-04-21T07:00:00Z,1.37967,1.38020,1.37928,1.37982,3891
2025-04-21T08:00:00Z,1.37984,1.38023,1.37913,1.37920,5189
2025-04-21T09:00:00Z,1.37920,1.37972,1.37805,1.37961,4903
2025-04-21T10:00:00Z,1.37963,1.38145,1.37932,1.38099,3539
2025-04-21T11:00:00Z,1.38098,1.38146,1.38034,1.38071,4459
2025-04-21T12:00:00Z,1.38071,1.38111,1.37878,1.37929,5498
2025-04-21T13:00:00Z,1.37927,1.38109,1.37845,1.37911,7105
2025-04-21T14:00:00Z,1.37910,1.38115,1.37910,1.38073,9398
2025-04-21T15:00:00Z,1.38070,1.38189,1.38051,1.38174,6257
2025-04-21T16:00:00Z,1.38174,1.38417,1.38162,1.38381,6266
2025-04-21T17:00:00Z,1.38382,1.38492,1.38360,1.38411,5360
2025-04-21T18:00:00Z,1.38411,1.38477,1.38353,1.38377,4570
2025-04-21T19:00:00Z,1.38379,1.38401,1.38253,1.38344,5038
2025-04-21T20:00:00Z,1.38345,1.38413,1.38332,1.38404,2820
2025-04-21T21:00:00Z,1.38399,1.38404,1.38345,1.38378,285
2025-04-21T22:00:00Z,1.38401,1.38432,1.38343,1.38373,1622
2025-04-21T23:00:00Z,1.38372,1.38399,1.38315,1.38330,3797
2025-04-22T00:00:00Z,1.38330,1.38452,1.38275,1.38376,5680
2025-04-22T01:00:00Z,1.38377,1.38377,1.38274,1.38345,6537
2025-04-22T02:00:00Z,1.38345,1.38365,1.38194,1.38197,4493
2025-04-22T03:00:00Z,1.38199,1.38206,1.38002,1.38052,4479
2025-04-22T04:00:00Z,1.38052,1.38063,1.38013,1.38040,2681
2025-04-22T05:00:00Z,1.38042,1.38102,1.37923,1.37966,4627
2025-04-22T06:00:00Z,1.37970,1.38206,1.37925,1.38147,8800
2025-04-22T07:00:00Z,1.38147,1.38180,1.38032,1.38107,9077
2025-04-22T08:00:00Z,1.38107,1.38208,1.38085,1.38173,5615
2025-04-22T09:00:00Z,1.38172,1.38393,1.38165,1.38369,4754
2025-04-22T10:00:00Z,1.38370,1.38398,1.38270,1.38395,4745
2025-04-22T11:00:00Z,1.38395,1.38472,1.38335,1.38424,4787
2025-04-22T12:00:00Z,1.38423,1.38611,1.38419,1.38462,7304
2025-04-22T13:00:00Z,1.38460,1.38570,1.38331,1.38356,8354
2025-04-22T14:00:00Z,1.38355,1.38508,1.38237,1.38254,8328
2025-04-22T15:00:00Z,1.38256,1.38291,1.38010,1.38011,7703
2025-04-22T16:00:00Z,1.38010,1.38144,1.37964,1.38069,9275
2025-04-22T17:00:00Z,1.38069,1.38242,1.37990,1.38177,9237
2025-04-22T18:00:00Z,1.38177,1.38215,1.38108,1.38145,5384
2025-04-22T19:00:00Z,1.38143,1.38326,1.38068,1.38241,6019
2025-04-22T20:00:00Z,1.38239,1.38247,1.38088,1.38088,2675
2025-04-22T21:00:00Z,1.38084,1.38311,1.38079,1.38249,1446
2025-04-22T22:00:00Z,1.38257,1.38596,1.38239,1.38431,10216
2025-04-22T23:00:00Z,1.38428,1.38485,1.38290,1.38481,7227
2025-04-23T00:00:00Z,1.38478,1.38482,1.38262,1.38279,6313
2025-04-23T01:00:00Z,1.38279,1.38309,1.38195,1.38268,5292
2025-04-23T02:00:00Z,1.38268,1.38352,1.38258,1.38338,3831
2025-04-23T03:00:00Z,1.38337,1.38456,1.38319,1.38399,3548
2025-04-23T04:00:00Z,1.38397,1.38466,1.38328,1.38329,2279
2025-04-23T05:00:00Z,1.38328,1.38390,1.38279,1.38358,2362
2025-04-23T06:00:00Z,1.38358,1.38359,1.38087,1.38138,5843
2025-04-23T07:00:00Z,1.38137,1.38205,1.38112,1.38171,6605
2025-04-23T08:00:00Z,1.38169,1.38247,1.38080,1.38108,6218
2025-04-23T09:00:00Z,1.38108,1.38108,1.37978,1.38039,5045
2025-04-23T10:00:00Z,1.38040,1.38200,1.38028,1.38160,3835
2025-04-23T11:00:00Z,1.38160,1.38355,1.38151,1.38230,5486
2025-04-23T12:00:00Z,1.38231,1.38407,1.38190,1.38343,5967
2025-04-23T13:00:00Z,1.38341,1.38574,1.38244,1.38489,13953
2025-04-23T14:00:00Z,1.38488,1.38725,1.38375,1.38465,17327
2025-04-23T15:00:00Z,1.38466,1.38955,1.38459,1.38942,13953
2025-04-23T16:00:00Z,1.38942,1.38987,1.38824,1.38935,8414
2025-04-23T17:00:00Z,1.38937,1.39043,1.38877,1.38908,7241
2025-04-23T18:00:00Z,1.38907,1.38950,1.38818,1.38860,5583
2025-04-23T19:00:00Z,1.38862,1.38930,1.38805,1.38864,5695
2025-04-23T20:00:00Z,1.38862,1.38893,1.38754,1.38774,2906
2025-04-23T21:00:00Z,1.38773,1.38892,1.38716,1.38815,781
2025-04-23T22:00:00Z,1.38816,1.38850,1.38686,1.38771,3581
2025-04-23T23:00:00Z,1.38771,1.38772,1.38699,1.38745,3516
2025-04-24T00:00:00Z,1.38743,1.38808,1.38675,1.38694,3794
2025-04-24T01:00:00Z,1.38689,1.38727,1.38622,1.38692,6889
2025-04-24T02:00:00Z,1.38692,1.38737,1.38628,1.38634,4579
2025-04-24T03:00:00Z,1.38635,1.38727,1.38627,1.38707,4017
2025-04-24T04:00:00Z,1.38707,1.38732,1.38669,1.38670,4324
2025-04-24T05:00:00Z,1.38669,1.38745,1.38639,1.38718,5105
2025-04-24T06:00:00Z,1.38717,1.38720,1.38550,1.38555,6302
2025-04-24T07:00:00Z,1.38555,1.38561,1.38400,1.38407,6999
2025-04-24T08:00:00Z,1.38406,1.38543,1.38393,1.38494,6546
2025-04-24T09:00:00Z,1.38496,1.38515,1.38400,1.38439,5223
2025-04-24T10:00:00Z,1.38440,1.38514,1.38407,1.38483,4933
2025-04-24T11:00:00Z,1.38481,1.38642,1.38476,1.38641,5087
2025-04-24T12:00:00Z,1.38640,1.38703,1.38579,1.38601,6025
2025-04-24T13:00:00Z,1.38600,1.38716,1.38497,1.38593,7177
2025-04-24T14:00:00Z,1.38593,1.38867,1.38545,1.38787,10608
2025-04-24T15:00:00Z,1.38788,1.38966,1.38709,1.38894,9100
2025-04-24T16:00:00Z,1.38893,1.38986,1.38785,1.38787,6746
2025-04-24T17:00:00Z,1.38786,1.38840,1.38715,1.38716,5058
2025-04-24T18:00:00Z,1.38715,1.38757,1.38601,1.38608,3829
2025-04-24T19:00:00Z,1.38608,1.38652,1.38466,1.38565,4548
2025-04-24T20:00:00Z,1.38565,1.38587,1.38416,1.38502,3048
2025-04-24T21:00:00Z,1.38503,1.38512,1.38434,1.38456,634
2025-04-24T22:00:00Z,1.38455,1.38573,1.38447,1.38554,2051
2025-04-24T23:00:00Z,1.38553,1.38586,1.38513,1.38549,2634
2025-04-25T00:00:00Z,1.38549,1.38650,1.38547,1.38635,3358
2025-04-25T01:00:00Z,1.38636,1.38709,1.38573,1.38695,4587
2025-04-25T02:00:00Z,1.38695,1.38707,1.38629,1.38667,3001
2025-04-25T03:00:00Z,1.38667,1.38727,1.38586,1.38707,4152
2025-04-25T04:00:00Z,1.38706,1.38764,1.38702,1.38753,3042
2025-04-25T05:00:00Z,1.38753,1.38842,1.38728,1.38800,2756
2025-04-25T06:00:00Z,1.38801,1.38889,1.38666,1.38673,5225
2025-04-25T07:00:00Z,1.38672,1.38818,1.38580,1.38771,8176
2025-04-25T08:00:00Z,1.38770,1.38897,1.38746,1.38867,4693
2025-04-25T09:00:00Z,1.38869,1.38919,1.38831,1.38906,5881
2025-04-25T10:00:00Z,1.38905,1.38912,1.38812,1.38863,7718
2025-04-25T11:00:00Z,1.38862,1.38881,1.38709,1.38729,4981
2025-04-25T12:00:00Z,1.38730,1.38745,1.38620,1.38721,6140
2025-04-25T13:00:00Z,1.38721,1.38754,1.38512,1.38525,10909
2025-04-25T14:00:00Z,1.38526,1.38648,1.38492,1.38621,9084
2025-04-25T15:00:00Z,1.38622,1.38631,1.38519,1.38581,6895
2025-04-25T16:00:00Z,1.38583,1.38650,1.38535,1.38598,5042
2025-04-25T17:00:00Z,1.38597,1.38756,1.38545,1.38706,6010
2025-04-25T18:00:00Z,1.38706,1.38740,1.38569,1.38581,5417
2025-04-25T19:00:00Z,1.38586,1.38641,1.38578,1.38606,4050
2025-04-25T20:00:00Z,1.38609,1.38622,1.38491,1.38517,2556
2025-04-27T21:00:00Z,1.38565,1.38617,1.38527,1.38552,509
2025-04-27T22:00:00Z,1.38551,1.38684,1.38491,1.38684,2319
2025-04-27T23:00:00Z,1.38681,1.38718,1.38618,1.38703,2595
2025-04-28T00:00:00Z,1.38704,1.38769,1.38685,1.38735,3196
2025-04-28T01:00:00Z,1.38735,1.38829,1.38697,1.38817,5096
2025-04-28T02:00:00Z,1.38817,1.38841,1.38775,1.38805,2494
2025-04-28T03:00:00Z,1.38802,1.38825,1.38723,1.38744,2450
2025-04-28T04:00:00Z,1.38744,1.38750,1.38650,1.38650,3181
2025-04-28T05:00:00Z,1.38653,1.38672,1.38619,1.38631,3340
2025-04-28T06:00:00Z,1.38631,1.38869,1.38630,1.38825,4329
2025-04-28T07:00:00Z,1.38826,1.38847,1.38712,1.38802,4812
2025-04-28T08:00:00Z,1.38804,1.38922,1.38795,1.38844,3401
2025-04-28T09:00:00Z,1.38845,1.38845,1.38635,1.38678,4192
2025-04-28T10:00:00Z,1.38676,1.38813,1.38667,1.38767,3520
2025-04-28T11:00:00Z,1.38768,1.38795,1.38629,1.38660,3466
2025-04-28T12:00:00Z,1.38660,1.38690,1.38545,1.38688,5163
2025-04-28T13:00:00Z,1.38684,1.38720,1.38428,1.38478,8666
2025-04-28T14:00:00Z,1.38479,1.38548,1.38244,1.38328,11386
2025-04-28T15:00:00Z,1.38328,1.38637,1.38309,1.38583,9319
2025-04-28T16:00:00Z,1.38584,1.38616,1.38441,1.38471,7019
2025-04-28T17:00:00Z,1.38470,1.38575,1.38466,1.38520,5936
2025-04-28T18:00:00Z,1.38521,1.38531,1.38428,1.38429,4256
2025-04-28T19:00:00Z,1.38431,1.38434,1.38160,1.38175,4266
2025-04-28T20:00:00Z,1.38176,1.38307,1.38163,1.38282,2088
2025-04-28T21:00:00Z,1.38254,1.38313,1.38253,1.38307,309
2025-04-28T22:00:00Z,1.38307,1.38339,1.38279,1.38319,1402
2025-04-28T23:00:00Z,1.38321,1.38354,1.38253,1.38315,2736
2025-04-29T00:00:00Z,1.38317,1.38391,1.38275,1.38362,3451
2025-04-29T01:00:00Z,1.38364,1.38403,1.38313,1.38378,5464
2025-04-29T02:00:00Z,1.38377,1.38396,1.38080,1.38376,6404
2025-04-29T03:00:00Z,1.38376,1.38662,1.38368,1.38569,4306
2025-04-29T04:00:00Z,1.38568,1.38636,1.38534,1.38621,2914
2025-04-29T05:00:00Z,1.38622,1.38709,1.38602,1.38692,3029
2025-04-29T06:00:00Z,1.38693,1.38708,1.38362,1.38441,5185
2025-04-29T07:00:00Z,1.38442,1.38450,1.38183,1.38189,9179
2025-04-29T08:00:00Z,1.38187,1.38357,1.38158,1.38288,7184
2025-04-29T09:00:00Z,1.38289,1.38478,1.38273,1.38462,5220
2025-04-29T10:00:00Z,1.38463,1.38502,1.38409,1.38476,4532
2025-04-29T11:00:00Z,1.38476,1.38516,1.38437,1.38487,5293
2025-04-29T12:00:00Z,1.38487,1.38493,1.38270,1.38323,8372
2025-04-29T13:00:00Z,1.38321,1.38526,1.38288,1.38426,10662
2025-04-29T14:00:00Z,1.38425,1.38666,1.38388,1.38636,13273
2025-04-29T15:00:00Z,1.38636,1.38670,1.38453,1.38536,7956
2025-04-29T16:00:00Z,1.38535,1.38564,1.38425,1.38536,6344
2025-04-29T17:00:00Z,1.38534,1.38597,1.38360,1.38398,4539
2025-04-29T18:00:00Z,1.38401,1.38555,1.38382,1.38449,5224
2025-04-29T19:00:00Z,1.38449,1.38459,1.38359,1.38368,4281
2025-04-29T20:00:00Z,1.38370,1.38399,1.38264,1.38311,2417
2025-04-29T21:00:00Z,1.38299,1.38406,1.38236,1.38257,1771
2025-04-29T22:00:00Z,1.38263,1.38301,1.38242,1.38297,1957
2025-04-29T23:00:00Z,1.38294,1.38322,1.38250,1.38254,2212
2025-04-30T00:00:00Z,1.38255,1.38344,1.38248,1.38301,3408
2025-04-30T01:00:00Z,1.38303,1.38414,1.38197,1.38407,4613
2025-04-30T02:00:00Z,1.38407,1.38457,1.38336,1.38439,3366
2025-04-30T03:00:00Z,1.38439,1.38440,1.38380,1.38413,2550
2025-04-30T04:00:00Z,1.38414,1.38418,1.38331,1.38331,2236
2025-04-30T05:00:00Z,1.38330,1.38338,1.38243,1.38254,2289
2025-04-30T06:00:00Z,1.38253,1.38302,1.38165,1.38205,4819
2025-04-30T07:00:00Z,1.38204,1.38371,1.38204,1.38319,3807
2025-04-30T08:00:00Z,1.38317,1.38428,1.38283,1.38426,3869
2025-04-30T09:00:00Z,1.38428,1.38428,1.38263,1.38342,4376
2025-04-30T10:00:00Z,1.38342,1.38372,1.38285,1.38329,4452
2025-04-30T11:00:00Z,1.38328,1.38357,1.38253,1.38311,4237
2025-04-30T12:00:00Z,1.38310,1.38534,1.38240,1.38496,9785
2025-04-30T13:00:00Z,1.38495,1.38506,1.38261,1.38398,10567
2025-04-30T14:00:00Z,1.38397,1.38549,1.38058,1.38145,14655
2025-04-30T15:00:00Z,1.38144,1.38224,1.38021,1.38077,12325
2025-04-30T16:00:00Z,1.38077,1.38181,1.38070,1.38095,6130
2025-04-30T17:00:00Z,1.38097,1.38112,1.37866,1.37969,4687
2025-04-30T18:00:00Z,1.37968,1.37973,1.37759,1.37848,6925
2025-04-30T19:00:00Z,1.37848,1.37859,1.37694,1.37846,5528
2025-04-30T20:00:00Z,1.37846,1.37979,1.37819,1.37963,3323
2025-04-30T21:00:00Z,1.37962,1.37966,1.37849,1.37879,1357
2025-04-30T22:00:00Z,1.37877,1.37968,1.37857,1.37865,2132
2025-04-30T23:00:00Z,1.37866,1.38006,1.37863,1.37933,2495
2025-05-01T00:00:00Z,1.37932,1.37936,1.37870,1.37875,2070
2025-05-01T01:00:00Z,1.37875,1.37953,1.37858,1.37917,2701
2025-05-01T02:00:00Z,1.37917,1.37926,1.37836,1.37845,1908
2025-05-01T03:00:00Z,1.37845,1.37998,1.37838,1.37959,3699
2025-05-01T04:00:00Z,1.37960,1.37980,1.37922,1.37937,2483
2025-05-01T05:00:00Z,1.37938,1.38060,1.37923,1.37999,3872
2025-05-01T06:00:00Z,1.38003,1.38024,1.37925,1.38005,4618
2025-05-01T07:00:00Z,1.38006,1.38156,1.37991,1.38119,4722
2025-05-01T08:00:00Z,1.38119,1.38168,1.38062,1.38149,3515
2025-05-01T09:00:00Z,1.38148,1.38246,1.38121,1.38225,2518
2025-05-01T10:00:00Z,1.38224,1.38234,1.38126,1.38132,4180
2025-05-01T11:00:00Z,1.38132,1.38225,1.38078,1.38173,3829
2025-05-01T12:00:00Z,1.38174,1.38246,1.38074,1.38191,7252
2025-05-01T13:00:00Z,1.38194,1.38225,1.37956,1.37978,8228
2025-05-01T14:00:00Z,1.37978,1.38476,1.37972,1.38385,12560
2025-05-01T15:00:00Z,1.38385,1.38619,1.38275,1.38477,8570
2025-05-01T16:00:00Z,1.38476,1.38570,1.38476,1.38529,4642
2025-05-01T17:00:00Z,1.38530,1.38608,1.38449,1.38570,4054
2025-05-01T18:00:00Z,1.38571,1.38602,1.38383,1.38474,5079
2025-05-01T19:00:00Z,1.38473,1.38482,1.38347,1.38435,3598
2025-05-01T20:00:00Z,1.38433,1.38547,1.38371,1.38522,2438
2025-05-01T21:00:00Z,1.38519,1.38524,1.38469,1.38502,369
2025-05-01T22:00:00Z,1.38501,1.38544,1.38480,1.38488,1204
2025-05-01T23:00:00Z,1.38485,1.38534,1.38456,1.38479,1945
2025-05-02T00:00:00Z,1.38479,1.38492,1.38404,1.38404,4809
2025-05-02T01:00:00Z,1.38402,1.38423,1.38337,1.38337,4685
2025-05-02T02:00:00Z,1.38338,1.38340,1.38262,1.38305,4046
2025-05-02T03:00:00Z,1.38305,1.38326,1.38143,1.38160,4163
2025-05-02T04:00:00Z,1.38160,1.38234,1.38151,1.38214,4517
2025-05-02T05:00:00Z,1.38213,1.38234,1.38176,1.38208,3158
2025-05-02T06:00:00Z,1.38209,1.38233,1.38025,1.38087,3900
2025-05-02T07:00:00Z,1.38085,1.38177,1.38070,1.38167,3836
2025-05-02T08:00:00Z,1.38166,1.38341,1.38166,1.38298,3338
2025-05-02T09:00:00Z,1.38297,1.38320,1.38045,1.38101,4113
2025-05-02T10:00:00Z,1.38100,1.38286,1.38087,1.38274,3785
2025-05-02T11:00:00Z,1.38274,1.38305,1.38170,1.38203,3695
2025-05-02T12:00:00Z,1.38203,1.38387,1.38125,1.38239,11227
2025-05-02T13:00:00Z,1.38240,1.38286,1.37644,1.37925,12703
2025-05-02T14:00:00Z,1.37928,1.37936,1.37596,1.37677,10762
2025-05-02T15:00:00Z,1.37678,1.37995,1.37674,1.37913,8698
2025-05-02T16:00:00Z,1.37913,1.37951,1.37814,1.37912,7114
2025-05-02T17:00:00Z,1.37912,1.38057,1.37912,1.38047,4980
2025-05-02T18:00:00Z,1.38047,1.38168,1.37997,1.38119,3937
2025-05-02T19:00:00Z,1.38118,1.38146,1.38054,1.38080,4126
2025-05-02T20:00:00Z,1.38080,1.38198,1.38062,1.38119,2490
2025-05-04T21:00:00Z,1.37899,1.38115,1.37868,1.38016,563
2025-05-04T22:00:00Z,1.38111,1.38264,1.38091,1.38241,2884
2025-05-04T23:00:00Z,1.38240,1.38273,1.38165,1.38241,2935
2025-05-05T00:00:00Z,1.38242,1.38285,1.38187,1.38189,2909
2025-05-05T01:00:00Z,1.38190,1.38191,1.37933,1.38038,4600
2025-05-05T02:00:00Z,1.38038,1.38077,1.37964,1.37991,3247
2025-05-05T03:00:00Z,1.37990,1.38099,1.37990,1.38051,2376
2025-05-05T04:00:00Z,1.38053,1.38058,1.37969,1.37974,2393
2025-05-05T05:00:00Z,1.37972,1.38032,1.37877,1.38032,4357
2025-05-05T06:00:00Z,1.38033,1.38154,1.38002,1.38116,3812
2025-05-05T07:00:00Z,1.38121,1.38181,1.38062,1.38154,3560
2025-05-05T08:00:00Z,1.38155,1.38162,1.38018,1.38094,3200
2025-05-05T09:00:00Z,1.38094,1.38096,1.37882,1.37884,2841
2025-05-05T10:00:00Z,1.37882,1.37989,1.37859,1.37974,2552
2025-05-05T11:00:00Z,1.37974,1.38062,1.37887,1.37978,3549
2025-05-05T12:00:00Z,1.37979,1.38146,1.37895,1.38118,5702
2025-05-05T13:00:00Z,1.38117,1.38152,1.37989,1.38086,7503
2025-05-05T14:00:00Z,1.38086,1.38294,1.38054,1.38095,9599
2025-05-05T15:00:00Z,1.38097,1.38188,1.38085,1.38113,4928
2025-05-05T16:00:00Z,1.38113,1.38211,1.38083,1.38121,3085
2025-05-05T17:00:00Z,1.38120,1.38163,1.38109,1.38139,2484
2025-05-05T18:00:00Z,1.38138,1.38197,1.38126,1.38140,1879
2025-05-05T19:00:00Z,1.38142,1.38171,1.38072,1.38115,3354
2025-05-05T20:00:00Z,1.38115,1.38245,1.38096,1.38232,1288
2025-05-05T21:00:00Z,1.38233,1.38281,1.38160,1.38194,482
2025-05-05T22:00:00Z,1.38194,1.38229,1.38179,1.38212,777
2025-05-05T23:00:00Z,1.38211,1.38224,1.38186,1.38220,1014
2025-05-06T00:00:00Z,1.38220,1.38392,1.38204,1.38383,3174
2025-05-06T01:00:00Z,1.38383,1.38445,1.38315,1.38375,6646
2025-05-06T02:00:00Z,1.38373,1.38383,1.38269,1.38279,4823
2025-05-06T03:00:00Z,1.38279,1.38321,1.38218,1.38227,3362
2025-05-06T04:00:00Z,1.38228,1.38229,1.38134,1.38145,3409
2025-05-06T05:00:00Z,1.38144,1.38251,1.38142,1.38238,4404
2025-05-06T06:00:00Z,1.38240,1.38304,1.38194,1.38236,5316
2025-05-06T07:00:00Z,1.38236,1.38251,1.38091,1.38142,7001
2025-05-06T08:00:00Z,1.38143,1.38200,1.38069,1.38192,5798
2025-05-06T09:00:00Z,1.38193,1.38320,1.38182,1.38278,4568
2025-05-06T10:00:00Z,1.38277,1.38292,1.38175,1.38190,4667
2025-05-06T11:00:00Z,1.38191,1.38204,1.38018,1.38032,4430
2025-05-06T12:00:00Z,1.38032,1.38082,1.37942,1.38009,5388
2025-05-06T13:00:00Z,1.38011,1.38087,1.37793,1.37832,8016
2025-05-06T14:00:00Z,1.37831,1.37933,1.37809,1.37911,8188
2025-05-06T15:00:00Z,1.37912,1.37926,1.37705,1.37748,7113
2025-05-06T16:00:00Z,1.37751,1.37900,1.37499,1.37714,9294
2025-05-06T17:00:00Z,1.37714,1.37861,1.37622,1.37767,5834
2025-05-06T18:00:00Z,1.37765,1.37838,1.37715,1.37718,4520
2025-05-06T19:00:00Z,1.37722,1.37759,1.37636,1.37696,6121
2025-05-06T20:00:00Z,1.37696,1.37823,1.37656,1.37757,3010
2025-05-06T21:00:00Z,1.37755,1.37755,1.37558,1.37638,1863
2025-05-06T22:00:00Z,1.37637,1.37745,1.37637,1.37699,5777
2025-05-06T23:00:00Z,1.37698,1.37747,1.37628,1.37707,4428
2025-05-07T00:00:00Z,1.37707,1.37805,1.37671,1.37718,4951
2025-05-07T01:00:00Z,1.37715,1.37919,1.37702,1.37827,7364
2025-05-07T02:00:00Z,1.37829,1.37982,1.37829,1.37942,5601
2025-05-07T03:00:00Z,1.37942,1.37965,1.37885,1.37909,4281
2025-05-07T04:00:00Z,1.37910,1.37958,1.37858,1.37951,3854
2025-05-07T05:00:00Z,1.37951,1.37967,1.37881,1.37908,4862
2025-05-07T06:00:00Z,1.37909,1.37932,1.37842,1.37878,5329
2025-05-07T07:00:00Z,1.37879,1.37950,1.37821,1.37839,6472
2025-05-07T08:00:00Z,1.37837,1.37927,1.37807,1.37927,6213
2025-05-07T09:00:00Z,1.37926,1.38029,1.37910,1.38014,5612
2025-05-07T10:00:00Z,1.38010,1.38015,1.37888,1.37891,4586
2025-05-07T11:00:00Z,1.37891,1.37954,1.37842,1.37928,4276
2025-05-07T12:00:00Z,1.37928,1.38059,1.37912,1.38015,4958
2025-05-07T13:00:00Z,1.38014,1.38058,1.37772,1.37787,7700
2025-05-07T14:00:00Z,1.37786,1.37986,1.37745,1.37791,9451
2025-05-07T15:00:00Z,1.37791,1.37827,1.37722,1.37740,7858
2025-05-07T16:00:00Z,1.37742,1.37952,1.37742,1.37856,4938
2025-05-07T17:00:00Z,1.37852,1.38065,1.37840,1.38030,4726
2025-05-07T18:00:00Z,1.38030,1.38167,1.37870,1.38052,11530
2025-05-07T19:00:00Z,1.38049,1.38367,1.38048,1.38302,9637
2025-05-07T20:00:00Z,1.38302,1.38389,1.38273,1.38374,2563
2025-05-07T21:00:00Z,1.38374,1.38378,1.38292,1.38373,403
2025-05-07T22:00:00Z,1.38374,1.38390,1.38347,1.38366,992
2025-05-07T23:00:00Z,1.38366,1.38366,1.38324,1.38356,1294
2025-05-08T00:00:00Z,1.38357,1.38357,1.38216,1.38249,2971
2025-05-08T01:00:00Z,1.38250,1.38311,1.38144,1.38161,7158
2025-05-08T02:00:00Z,1.38161,1.38246,1.38130,1.38244,4286
2025-05-08T03:00:00Z,1.38246,1.38265,1.38186,1.38262,4114
2025-05-08T04:00:00Z,1.38262,1.38290,1.38243,1.38288,2980
2025-05-08T05:00:00Z,1.38289,1.38507,1.38289,1.38408,6564
2025-05-08T06:00:00Z,1.38415,1.38738,1.38402,1.38735,6986
2025-05-08T07:00:00Z,1.38735,1.38828,1.38626,1.38629,6514
2025-05-08T08:00:00Z,1.38629,1.38721,1.38576,1.38652,5607
2025-05-08T09:00:00Z,1.38651,1.38854,1.38644,1.38825,4660
2025-05-08T10:00:00Z,1.38825,1.38893,1.38682,1.38740,4185
2025-05-08T11:00:00Z,1.38740,1.38979,1.38732,1.38886,5263
2025-05-08T12:00:00Z,1.38884,1.38960,1.38765,1.38885,7425
2025-05-08T13:00:00Z,1.38885,1.38885,1.38697,1.38704,7276
2025-05-08T14:00:00Z,1.38704,1.39030,1.38683,1.38977,6937
2025-05-08T15:00:00Z,1.38977,1.39188,1.38897,1.39143,11034
2025-05-08T16:00:00Z,1.39143,1.39306,1.39133,1.39201,7225
2025-05-08T17:00:00Z,1.39202,1.39326,1.39189,1.39260,3575
2025-05-08T18:00:00Z,1.39260,1.39318,1.39227,1.39273,2770
2025-05-08T19:00:00Z,1.39274,1.39310,1.39168,1.39197,3746
2025-05-08T20:00:00Z,1.39194,1.39233,1.39144,1.39184,1935
2025-05-08T21:00:00Z,1.39183,1.39216,1.39080,1.39188,527
2025-05-08T22:00:00Z,1.39189,1.39222,1.39158,1.39189,959
2025-05-08T23:00:00Z,1.39189,1.39257,1.39189,1.39232,1470
2025-05-09T00:00:00Z,1.39231,1.39313,1.39189,1.39260,3627
2025-05-09T01:00:00Z,1.39259,1.39354,1.39238,1.39322,4807
2025-05-09T02:00:00Z,1.39321,1.39421,1.39228,1.39243,5452
2025-05-09T03:00:00Z,1.39242,1.39255,1.39180,1.39219,4760
2025-05-09T04:00:00Z,1.39218,1.39218,1.39154,1.39162,3384
2025-05-09T05:00:00Z,1.39166,1.39233,1.39135,1.39142,4033
2025-05-09T06:00:00Z,1.39143,1.39251,1.39129,1.39249,4488
2025-05-09T07:00:00Z,1.39251,1.39256,1.39118,1.39143,5423
2025-05-09T08:00:00Z,1.39142,1.39195,1.39095,1.39112,3884
2025-05-09T09:00:00Z,1.39112,1.39182,1.39111,1.39166,3678
2025-05-09T10:00:00Z,1.39165,1.39178,1.39112,1.39153,4793
2025-05-09T11:00:00Z,1.39155,1.39209,1.39099,1.39112,4698
2025-05-09T12:00:00Z,1.39111,1.39178,1.39076,1.39147,5368
2025-05-09T13:00:00Z,1.39147,1.39264,1.39059,1.39241,7698
2025-05-09T14:00:00Z,1.39240,1.39341,1.39165,1.39265,10714
2025-05-09T15:00:00Z,1.39265,1.39413,1.39256,1.39263,8334
2025-05-09T16:00:00Z,1.39260,1.39442,1.39248,1.39344,6521
2025-05-09T17:00:00Z,1.39345,1.39352,1.39194,1.39246,4943
2025-05-09T18:00:00Z,1.39246,1.39340,1.39226,1.39290,4284
2025-05-09T19:00:00Z,1.39291,1.39375,1.39260,1.39308,3830
2025-05-09T20:00:00Z,1.39309,1.39397,1.39277,1.39356,3678
2025-05-11T21:00:00Z,1.38971,1.39158,1.38971,1.39123,538
2025-05-11T22:00:00Z,1.39132,1.39321,1.39129,1.39275,4359
2025-05-11T23:00:00Z,1.39276,1.39292,1.39208,1.39275,3986
2025-05-12T00:00:00Z,1.39274,1.39381,1.39235,1.39361,5433
2025-05-12T01:00:00Z,1.39360,1.39404,1.39301,1.39361,9269
2025-05-12T02:00:00Z,1.39361,1.39403,1.39323,1.39343,5865
2025-05-12T03:00:00Z,1.39343,1.39343,1.39206,1.39219,3855
2025-05-12T04:00:00Z,1.39218,1.39271,1.39191,1.39251,2824
2025-05-12T05:00:00Z,1.39248,1.39314,1.39225,1.39273,4155
2025-05-12T06:00:00Z,1.39272,1.39292,1.39160,1.39292,5552
2025-05-12T07:00:00Z,1.39296,1.39757,1.39133,1.39697,16943
2025-05-12T08:00:00Z,1.39697,1.39802,1.39522,1.39570,9033
2025-05-12T09:00:00Z,1.39571,1.39714,1.39544,1.39693,4997
2025-05-12T10:00:00Z,1.39693,1.39860,1.39680,1.39858,7192
2025-05-12T11:00:00Z,1.39858,1.39870,1.39753,1.39761,6027
2025-05-12T12:00:00Z,1.39761,1.39975,1.39758,1.39970,8156
2025-05-12T13:00:00Z,1.39969,1.39987,1.39777,1.39878,10465
2025-05-12T14:00:00Z,1.39877,1.39987,1.39850,1.39955,12155
2025-05-12T15:00:00Z,1.39956,1.40073,1.39917,1.40041,8047
2025-05-12T16:00:00Z,1.40042,1.40113,1.40022,1.40043,6080
2025-05-12T17:00:00Z,1.40044,1.40153,1.40040,1.40073,4266
2025-05-12T18:00:00Z,1.40073,1.40123,1.39895,1.39936,4446
2025-05-12T19:00:00Z,1.39937,1.39951,1.39817,1.39870,4478
2025-05-12T20:00:00Z,1.39870,1.39894,1.39711,1.39726,1972
2025-05-12T21:00:00Z,1.39723,1.39790,1.39720,1.39746,546
2025-05-12T22:00:00Z,1.39748,1.39786,1.39725,1.39726,1272
2025-05-12T23:00:00Z,1.39725,1.39774,1.39696,1.39735,1468
2025-05-13T00:00:00Z,1.39734,1.39851,1.39723,1.39820,2790
2025-05-13T01:00:00Z,1.39819,1.39868,1.39774,1.39797,6363
2025-05-13T02:00:00Z,1.39798,1.39802,1.39735,1.39738,4570
2025-05-13T03:00:00Z,1.39737,1.39749,1.39633,1.39638,4237
2025-05-13T04:00:00Z,1.39636,1.39636,1.39574,1.39599,2561
2025-05-13T05:00:00Z,1.39598,1.39682,1.39588,1.39657,4065
2025-05-13T06:00:00Z,1.39656,1.39697,1.39592,1.39625,5657
2025-05-13T07:00:00Z,1.39626,1.39880,1.39623,1.39862,6916
2025-05-13T08:00:00Z,1.39862,1.39909,1.39802,1.39882,4961
2025-05-13T09:00:00Z,1.39882,1.39933,1.39809,1.39825,4772
2025-05-13T10:00:00Z,1.39825,1.39874,1.39796,1.39837,5121
2025-05-13T11:00:00Z,1.39836,1.39950,1.39816,1.39932,4017
2025-05-13T12:00:00Z,1.39931,1.40004,1.39756,1.39789,7237
2025-05-13T13:00:00Z,1.39789,1.40159,1.39789,1.40110,12261
2025-05-13T14:00:00Z,1.40113,1.40114,1.39772,1.39779,11604
2025-05-13T15:00:00Z,1.39787,1.39849,1.39559,1.39588,9046
2025-05-13T16:00:00Z,1.39587,1.39689,1.39526,1.39548,6254
2025-05-13T17:00:00Z,1.39548,1.39560,1.39458,1.39471,4436
2025-05-13T18:00:00Z,1.39470,1.39552,1.39391,1.39396,3543
2025-05-13T19:00:00Z,1.39395,1.39429,1.39317,1.39329,3965
2025-05-13T20:00:00Z,1.39331,1.39414,1.39306,1.39346,2298
2025-05-13T21:00:00Z,1.39341,1.39394,1.39329,1.39358,499
2025-05-13T22:00:00Z,1.39358,1.39359,1.39263,1.39277,1115
2025-05-13T23:00:00Z,1.39275,1.39329,1.39274,1.39327,2071
2025-05-14T00:00:00Z,1.39327,1.39388,1.39310,1.39321,3083
2025-05-14T01:00:00Z,1.39321,1.39383,1.39250,1.39337,6406
2025-05-14T02:00:00Z,1.39337,1.39385,1.39238,1.39247,3729
2025-05-14T03:00:00Z,1.39245,1.39257,1.39196,1.39200,2949
2025-05-14T04:00:00Z,1.39199,1.39272,1.39185,1.39264,3537
2025-05-14T05:00:00Z,1.39265,1.39288,1.39206,1.39287,4519
2025-05-14T06:00:00Z,1.39289,1.39358,1.39229,1.39328,5149
2025-05-14T07:00:00Z,1.39327,1.39333,1.39174,1.39233,6574
2025-05-14T08:00:00Z,1.39233,1.39234,1.39067,1.39123,9754
2025-05-14T09:00:00Z,1.39125,1.39158,1.39012,1.39105,7860
2025-05-14T10:00:00Z,1.39107,1.39295,1.39101,1.39289,5006
2025-05-14T11:00:00Z,1.39290,1.39397,1.39289,1.39380,5722
2025-05-14T12:00:00Z,1.39380,1.39460,1.39256,1.39442,6769
2025-05-14T13:00:00Z,1.39443,1.39601,1.39374,1.39555,9192
2025-05-14T14:00:00Z,1.39554,1.39730,1.39523,1.39576,10628
2025-05-14T15:00:00Z,1.39577,1.39786,1.39565,1.39639,9966
2025-05-14T16:00:00Z,1.39643,1.39843,1.39589,1.39727,8900
2025-05-14T17:00:00Z,1.39726,1.39744,1.39657,1.39719,4531
2025-05-14T18:00:00Z,1.39717,1.39775,1.39668,1.39753,4060
2025-05-14T19:00:00Z,1.39753,1.39794,1.39700,1.39755,5077
2025-05-14T20:00:00Z,1.39754,1.39857,1.39753,1.39810,2642
2025-05-14T21:00:00Z,1.39779,1.39779,1.39607,1.39701,710
2025-05-14T22:00:00Z,1.39705,1.39798,1.39705,1.39759,1002
2025-05-14T23:00:00Z,1.39758,1.39802,1.39736,1.39776,1918
2025-05-15T00:00:00Z,1.39776,1.39776,1.39683,1.39704,2879
2025-05-15T01:00:00Z,1.39702,1.39704,1.39584,1.39674,5146
2025-05-15T02:00:00Z,1.39675,1.39717,1.39646,1.39676,4328
2025-05-15T03:00:00Z,1.39677,1.39698,1.39631,1.39646,4188
2025-05-15T04:00:00Z,1.39646,1.39701,1.39633,1.39697,2835
2025-05-15T05:00:00Z,1.39696,1.39826,1.39690,1.39740,4231
2025-05-15T06:00:00Z,1.39740,1.39806,1.39681,1.39687,5930
2025-05-15T07:00:00Z,1.39688,1.39876,1.39682,1.39837,5872
2025-05-15T08:00:00Z,1.39837,1.39882,1.39779,1.39824,3504
2025-05-15T09:00:00Z,1.39825,1.39869,1.39775,1.39804,4003
2025-05-15T10:00:00Z,1.39801,1.39887,1.39768,1.39856,3966
2025-05-15T11:00:00Z,1.39855,1.39905,1.39809,1.39841,5014
2025-05-15T12:00:00Z,1.39840,1.39934,1.39753,1.39819,7742
2025-05-15T13:00:00Z,1.39819,1.39987,1.39761,1.39923,6647
2025-05-15T14:00:00Z,1.39925,1.40031,1.39841,1.39944,8458
2025-05-15T15:00:00Z,1.39945,1.40018,1.39884,1.39898,6875
2025-05-15T16:00:00Z,1.39897,1.40042,1.39858,1.39865,5201
2025-05-15T17:00:00Z,1.39866,1.39881,1.39703,1.39733,4339
2025-05-15T18:00:00Z,1.39731,1.39739,1.39626,1.39659,3584
2025-05-15T19:00:00Z,1.39658,1.39682,1.39593,1.39597,3592
2025-05-15T20:00:00Z,1.39598,1.39641,1.39551,1.39572,2112
2025-05-15T21:00:00Z,1.39569,1.39629,1.39521,1.39573,583
2025-05-15T22:00:00Z,1.39575,1.39622,1.39534,1.39553,1580
2025-05-15T23:00:00Z,1.39552,1.39565,1.39513,1.39557,1732
2025-05-16T00:00:00Z,1.39556,1.39568,1.39496,1.39525,2887
2025-05-16T01:00:00Z,1.39525,1.39567,1.39486,1.39516,3443
2025-05-16T02:00:00Z,1.39513,1.39540,1.39458,1.39461,3920
2025-05-16T03:00:00Z,1.39459,1.39495,1.39420,1.39449,3422
2025-05-16T04:00:00Z,1.39449,1.39465,1.39403,1.39427,3138
2025-05-16T05:00:00Z,1.39427,1.39437,1.39367,1.39385,3496
2025-05-16T06:00:00Z,1.39385,1.39457,1.39347,1.39447,4008
2025-05-16T07:00:00Z,1.39447,1.39529,1.39426,1.39455,4785
2025-05-16T08:00:00Z,1.39456,1.39602,1.39456,1.39532,4217
2025-05-16T09:00:00Z,1.39533,1.39617,1.39519,1.39611,4357
2025-05-16T10:00:00Z,1.39612,1.39631,1.39560,1.39578,3667
2025-05-16T11:00:00Z,1.39576,1.39654,1.39544,1.39653,3692
2025-05-16T12:00:00Z,1.39653,1.39728,1.39569,1.39582,4971
2025-05-16T13:00:00Z,1.39580,1.39611,1.39489,1.39521,5689
2025-05-16T14:00:00Z,1.39524,1.39826,1.39515,1.39810,11584
2025-05-16T15:00:00Z,1.39810,1.39914,1.39802,1.39905,6611
2025-05-16T16:00:00Z,1.39903,1.39948,1.39826,1.39855,4410
2025-05-16T17:00:00Z,1.39854,1.39907,1.39832,1.39886,2456
2025-05-16T18:00:00Z,1.39884,1.39950,1.39828,1.39837,2815
2025-05-16T19:00:00Z,1.39838,1.39869,1.39806,1.39806,3017
2025-05-16T20:00:00Z,1.39805,1.39808,1.39626,1.39640,3833
2025-05-18T21:00:00Z,1.39653,1.39678,1.39607,1.39646,931
2025-05-18T22:00:00Z,1.39645,1.39653,1.39524,1.39557,2576
2025-05-18T23:00:00Z,1.39554,1.39574,1.39508,1.39523,2129
2025-05-19T00:00:00Z,1.39524,1.39621,1.39512,1.39578,3598
2025-05-19T01:00:00Z,1.39579,1.39701,1.39574,1.39692,3511
2025-05-19T02:00:00Z,1.39691,1.39711,1.39632,1.39688,2629
2025-05-19T03:00:00Z,1.39689,1.39706,1.39652,1.39694,4113
2025-05-19T04:00:00Z,1.39696,1.39724,1.39659,1.39705,1386
2025-05-19T05:00:00Z,1.39706,1.39715,1.39662,1.39669,1582
2025-05-19T06:00:00Z,1.39671,1.39699,1.39607,1.39630,3797
2025-05-19T07:00:00Z,1.39630,1.39649,1.39479,1.39530,5358
2025-05-19T08:00:00Z,1.39528,1.39612,1.39498,1.39524,3538
2025-05-19T09:00:00Z,1.39523,1.39534,1.39436,1.39453,4461
2025-05-19T10:00:00Z,1.39451,1.39535,1.39429,1.39499,3582
2025-05-19T11:00:00Z,1.39498,1.39506,1.39387,1.39390,4288
2025-05-19T12:00:00Z,1.39390,1.39476,1.39378,1.39420,4917
2025-05-19T13:00:00Z,1.39418,1.39508,1.39354,1.39456,7081
2025-05-19T14:00:00Z,1.39456,1.39516,1.39251,1.39304,5953
2025-05-19T15:00:00Z,1.39304,1.39507,1.39169,1.39464,6833
2025-05-19T16:00:00Z,1.39463,1.39524,1.39410,1.39498,5462
2025-05-19T17:00:00Z,1.39495,1.39648,1.39463,1.39630,4433
2025-05-19T18:00:00Z,1.39631,1.39647,1.39554,1.39579,2739
2025-05-19T19:00:00Z,1.39580,1.39608,1.39528,1.39534,2099
2025-05-19T20:00:00Z,1.39534,1.39540,1.39494,1.39500,963
2025-05-19T21:00:00Z,1.39471,1.39487,1.39194,1.39407,585
2025-05-19T22:00:00Z,1.39390,1.39607,1.39390,1.39589,1020
2025-05-19T23:00:00Z,1.39588,1.39610,1.39556,1.39574,1541
2025-05-20T00:00:00Z,1.39580,1.39644,1.39565,1.39614,2851
2025-05-20T01:00:00Z,1.39614,1.39662,1.39567,1.39653,4397
2025-05-20T02:00:00Z,1.39651,1.39680,1.39606,1.39644,3170
2025-05-20T03:00:00Z,1.39642,1.39654,1.39562,1.39573,2821
2025-05-20T04:00:00Z,1.39573,1.39642,1.39562,1.39634,3152
2025-05-20T05:00:00Z,1.39634,1.39635,1.39512,1.39564,4727
2025-05-20T06:00:00Z,1.39563,1.39582,1.39435,1.39473,5655
2025-05-20T07:00:00Z,1.39471,1.39486,1.39328,1.39348,5770
2025-05-20T08:00:00Z,1.39348,1.39430,1.39317,1.39414,3982
2025-05-20T09:00:00Z,1.39411,1.39412,1.39334,1.39359,3827
2025-05-20T10:00:00Z,1.39360,1.39483,1.39347,1.39476,3309
2025-05-20T11:00:00Z,1.39477,1.39478,1.39429,1.39459,2909
2025-05-20T12:00:00Z,1.39461,1.39604,1.39202,1.39260,7485
2025-05-20T13:00:00Z,1.39261,1.39383,1.39207,1.39220,9229
2025-05-20T14:00:00Z,1.39220,1.39451,1.39170,1.39433,9751
2025-05-20T15:00:00Z,1.39433,1.39550,1.39409,1.39423,6649
2025-05-20T16:00:00Z,1.39423,1.39493,1.39284,1.39292,4676
2025-05-20T17:00:00Z,1.39293,1.39312,1.39166,1.39190,3784
2025-05-20T18:00:00Z,1.39191,1.39355,1.39175,1.39293,4774
2025-05-20T19:00:00Z,1.39294,1.39323,1.39138,1.39142,3467
2025-05-20T20:00:00Z,1.39143,1.39169,1.39085,1.39145,2183
2025-05-20T21:00:00Z,1.39144,1.39188,1.39114,1.39158,585
2025-05-20T22:00:00Z,1.39141,1.39151,1.39082,1.39088,1319
2025-05-20T23:00:00Z,1.39090,1.39106,1.39073,1.39080,1185
2025-05-21T00:00:00Z,1.39082,1.39086,1.38986,1.39025,4528
2025-05-21T01:00:00Z,1.39024,1.39105,1.38996,1.39062,4674
2025-05-21T02:00:00Z,1.39064,1.39066,1.38941,1.38955,4689
2025-05-21T03:00:00Z,1.38954,1.38982,1.38859,1.38889,4300
2025-05-21T04:00:00Z,1.38889,1.38932,1.38859,1.38896,3030
2025-05-21T05:00:00Z,1.38894,1.38908,1.38839,1.38875,3864
2025-05-21T06:00:00Z,1.38874,1.38919,1.38780,1.38831,7713
2025-05-21T07:00:00Z,1.38833,1.38942,1.38807,1.38848,6730
2025-05-21T08:00:00Z,1.38848,1.38979,1.38822,1.38935,5010
2025-05-21T09:00:00Z,1.38932,1.38939,1.38873,1.38874,4079
2025-05-21T10:00:00Z,1.38873,1.38891,1.38675,1.38786,5932
2025-05-21T11:00:00Z,1.38788,1.38939,1.38747,1.38901,5016
2025-05-21T12:00:00Z,1.38899,1.38902,1.38702,1.38703,8402
2025-05-21T13:00:00Z,1.38701,1.38746,1.38600,1.38686,9533
2025-05-21T14:00:00Z,1.38686,1.38767,1.38417,1.38459,12778
2025-05-21T15:00:00Z,1.38460,1.38524,1.38221,1.38224,10717
2025-05-21T16:00:00Z,1.38224,1.38277,1.38151,1.38177,6554
2025-05-21T17:00:00Z,1.38178,1.38395,1.38137,1.38341,12410
2025-05-21T18:00:00Z,1.38342,1.38429,1.38321,1.38402,8166
2025-05-21T19:00:00Z,1.38402,1.38633,1.38387,1.38617,7269
2025-05-21T20:00:00Z,1.38617,1.38648,1.38544,1.38589,2619
2025-05-21T21:00:00Z,1.38583,1.38614,1.38492,1.38603,362
2025-05-21T22:00:00Z,1.38569,1.38712,1.38569,1.38690,1394
2025-05-21T23:00:00Z,1.38686,1.38692,1.38602,1.38610,2047
2025-05-22T00:00:00Z,1.38611,1.38611,1.38543,1.38578,4101
2025-05-22T01:00:00Z,1.38578,1.38608,1.38523,1.38546,4839
2025-05-22T02:00:00Z,1.38546,1.38589,1.38456,1.38499,4583
2025-05-22T03:00:00Z,1.38498,1.38548,1.38475,1.38525,2676
2025-05-22T04:00:00Z,1.38526,1.38541,1.38460,1.38467,2178
2025-05-22T05:00:00Z,1.38467,1.38528,1.38467,1.38481,2408
2025-05-22T06:00:00Z,1.38481,1.38596,1.38464,1.38571,4985
2025-05-22T07:00:00Z,1.38571,1.38693,1.38548,1.38561,7429
2025-05-22T08:00:00Z,1.38563,1.38758,1.38477,1.38748,6017
2025-05-22T09:00:00Z,1.38748,1.38841,1.38736,1.38790,6028
2025-05-22T10:00:00Z,1.38788,1.38819,1.38750,1.38783,4031
2025-05-22T11:00:00Z,1.38785,1.38797,1.38615,1.38651,5089
2025-05-22T12:00:00Z,1.38651,1.38846,1.38613,1.38779,6157
2025-05-22T13:00:00Z,1.38779,1.38884,1.38701,1.38868,7972
2025-05-22T14:00:00Z,1.38868,1.38876,1.38664,1.38723,11379
2025-05-22T15:00:00Z,1.38722,1.38818,1.38560,1.38574,9257
2025-05-22T16:00:00Z,1.38572,1.38672,1.38545,1.38664,5314
2025-05-22T17:00:00Z,1.38664,1.38725,1.38615,1.38615,5404
2025-05-22T18:00:00Z,1.38616,1.38678,1.38585,1.38664,4285
2025-05-22T19:00:00Z,1.38665,1.38680,1.38608,1.38648,4194
2025-05-22T20:00:00Z,1.38648,1.38651,1.38551,1.38551,2159
2025-05-22T21:00:00Z,1.38551,1.38617,1.38462,1.38592,588
2025-05-22T22:00:00Z,1.38603,1.38609,1.38546,1.38579,999
2025-05-22T23:00:00Z,1.38577,1.38590,1.38536,1.38579,1211
2025-05-23T00:00:00Z,1.38581,1.38582,1.38485,1.38499,2690
2025-05-23T01:00:00Z,1.38499,1.38511,1.38312,1.38351,4010
2025-05-23T02:00:00Z,1.38351,1.38375,1.38310,1.38328,2928
2025-05-23T03:00:00Z,1.38328,1.38329,1.38297,1.38306,2663
2025-05-23T04:00:00Z,1.38309,1.38317,1.38248,1.38271,2468
2025-05-23T05:00:00Z,1.38271,1.38300,1.38233,1.38246,2818
2025-05-23T06:00:00Z,1.38246,1.38315,1.38225,1.38283,4307
2025-05-23T07:00:00Z,1.38282,1.38292,1.38089,1.38139,4664
2025-05-23T08:00:00Z,1.38139,1.38226,1.38121,1.38163,3661
2025-05-23T09:00:00Z,1.38161,1.38197,1.38043,1.38051,4551
2025-05-23T10:00:00Z,1.38052,1.38104,1.38036,1.38096,3579
2025-05-23T11:00:00Z,1.38095,1.38201,1.38021,1.38190,11585
2025-05-23T12:00:00Z,1.38190,1.38338,1.37933,1.37966,12133
2025-05-23T13:00:00Z,1.37967,1.38104,1.37749,1.37838,11373
2025-05-23T14:00:00Z,1.37841,1.37854,1.37537,1.37545,13018
2025-05-23T15:00:00Z,1.37542,1.37640,1.37506,1.37570,8350
2025-05-23T16:00:00Z,1.37569,1.37590,1.37300,1.37342,5252
2025-05-23T17:00:00Z,1.37339,1.37367,1.37144,1.37256,5675
2025-05-23T18:00:00Z,1.37259,1.37265,1.37110,1.37211,3882
2025-05-23T19:00:00Z,1.37210,1.37285,1.37088,1.37243,3840
2025-05-23T20:00:00Z,1.37246,1.37347,1.37235,1.37320,2818
2025-05-25T21:00:00Z,1.37140,1.37356,1.37140,1.37158,649
2025-05-25T22:00:00Z,1.37210,1.37310,1.37190,1.37304,5088
2025-05-25T23:00:00Z,1.37304,1.37377,1.37237,1.37355,3770
2025-05-26T00:00:00Z,1.37355,1.37355,1.37186,1.37186,3779
2025-05-26T01:00:00Z,1.37186,1.37221,1.36946,1.36957,3092
2025-05-26T02:00:00Z,1.36966,1.36987,1.36897,1.36979,3222
2025-05-26T03:00:00Z,1.36979,1.37019,1.36934,1.37001,2072
2025-05-26T04:00:00Z,1.37001,1.37068,1.36994,1.37049,1994
2025-05-26T05:00:00Z,1.37048,1.37079,1.36956,1.37024,3091
2025-05-26T06:00:00Z,1.37025,1.37054,1.36857,1.36917,4215
2025-05-26T07:00:00Z,1.36918,1.37110,1.36898,1.37026,4053
2025-05-26T08:00:00Z,1.37025,1.37140,1.36977,1.37138,3397
2025-05-26T09:00:00Z,1.37136,1.37213,1.37101,1.37202,3019
2025-05-26T10:00:00Z,1.37199,1.37226,1.37127,1.37176,2264
2025-05-26T11:00:00Z,1.37176,1.37224,1.37135,1.37169,1911
2025-05-26T12:00:00Z,1.37167,1.37255,1.37145,1.37253,2888
2025-05-26T13:00:00Z,1.37252,1.37339,1.37193,1.37328,2586
2025-05-26T14:00:00Z,1.37327,1.37350,1.37229,1.37263,3547
2025-05-26T15:00:00Z,1.37262,1.37319,1.37257,1.37287,2864
2025-05-26T16:00:00Z,1.37288,1.37350,1.37285,1.37334,1007
2025-05-26T17:00:00Z,1.37331,1.37386,1.37321,1.37368,676
2025-05-26T18:00:00Z,1.37368,1.37388,1.37346,1.37354,664
2025-05-26T19:00:00Z,1.37353,1.37387,1.37336,1.37357,458
2025-05-26T20:00:00Z,1.37358,1.37377,1.37312,1.37345,1137
2025-05-26T21:00:00Z,1.37337,1.37357,1.37306,1.37310,197
2025-05-26T22:00:00Z,1.37325,1.37351,1.37310,1.37338,799
2025-05-26T23:00:00Z,1.37339,1.37372,1.37336,1.37356,1240
2025-05-27T00:00:00Z,1.37356,1.37362,1.37217,1.37235,4258
2025-05-27T01:00:00Z,1.37235,1.37342,1.37215,1.37318,4084
2025-05-27T02:00:00Z,1.37317,1.37381,1.37302,1.37356,3091
2025-05-27T03:00:00Z,1.37357,1.37383,1.37325,1.37362,1963
2025-05-27T04:00:00Z,1.37365,1.37446,1.37310,1.37438,2676
2025-05-27T05:00:00Z,1.37438,1.37503,1.37381,1.37381,3874
2025-05-27T06:00:00Z,1.37383,1.37459,1.37321,1.37454,4472
2025-05-27T07:00:00Z,1.37453,1.37682,1.37388,1.37657,7101
2025-05-27T08:00:00Z,1.37655,1.37678,1.37586,1.37623,4673
2025-05-27T09:00:00Z,1.37623,1.37671,1.37575,1.37602,3547
2025-05-27T10:00:00Z,1.37601,1.37680,1.37577,1.37637,3606
2025-05-27T11:00:00Z,1.37638,1.37690,1.37615,1.37659,3411
2025-05-27T12:00:00Z,1.37658,1.37740,1.37590,1.37627,5359
2025-05-27T13:00:00Z,1.37627,1.37718,1.37574,1.37624,7973
2025-05-27T14:00:00Z,1.37622,1.37733,1.37542,1.37566,11265
2025-05-27T15:00:00Z,1.37566,1.37791,1.37546,1.37765,7883
2025-05-27T16:00:00Z,1.37764,1.37795,1.37705,1.37766,5634
2025-05-27T17:00:00Z,1.37767,1.37822,1.37723,1.37802,3696
2025-05-27T18:00:00Z,1.37802,1.37953,1.37797,1.37936,3938
2025-05-27T19:00:00Z,1.37937,1.38271,1.37902,1.38214,6091
2025-05-27T20:00:00Z,1.38214,1.38353,1.38041,1.38087,5156
2025-05-27T21:00:00Z,1.38088,1.38097,1.38062,1.38076,325
2025-05-27T22:00:00Z,1.38083,1.38150,1.38025,1.38141,1122
2025-05-27T23:00:00Z,1.38144,1.38172,1.38091,1.38092,1352
2025-05-28T00:00:00Z,1.38092,1.38112,1.38009,1.38050,3022
2025-05-28T01:00:00Z,1.38049,1.38261,1.38041,1.38241,3805
2025-05-28T02:00:00Z,1.38240,1.38263,1.38158,1.38243,3473
2025-05-28T03:00:00Z,1.38244,1.38286,1.38201,1.38241,2964
2025-05-28T04:00:00Z,1.38241,1.38342,1.38230,1.38335,2778
2025-05-28T05:00:00Z,1.38335,1.38380,1.38275,1.38279,4188
2025-05-28T06:00:00Z,1.38278,1.38370,1.38273,1.38332,4955
2025-05-28T07:00:00Z,1.38333,1.38333,1.38150,1.38207,4937
2025-05-28T08:00:00Z,1.38205,1.38250,1.38132,1.38170,3604
2025-05-28T09:00:00Z,1.38170,1.38260,1.38151,1.38232,3334
2025-05-28T10:00:00Z,1.38232,1.38244,1.38113,1.38181,3643
2025-05-28T11:00:00Z,1.38181,1.38318,1.38169,1.38286,4371
2025-05-28T12:00:00Z,1.38284,1.38390,1.38219,1.38381,6532
2025-05-28T13:00:00Z,1.38380,1.38441,1.38266,1.38290,11100
2025-05-28T14:00:00Z,1.38290,1.38293,1.38084,1.38114,12012
2025-05-28T15:00:00Z,1.38116,1.38242,1.38101,1.38201,9343
2025-05-28T16:00:00Z,1.38202,1.38250,1.38169,1.38219,5277
2025-05-28T17:00:00Z,1.38217,1.38272,1.38178,1.38263,3895
2025-05-28T18:00:00Z,1.38260,1.38330,1.38227,1.38296,4760
2025-05-28T19:00:00Z,1.38298,1.38367,1.38270,1.38367,3989
2025-05-28T20:00:00Z,1.38368,1.38372,1.38300,1.38354,2573
2025-05-28T21:00:00Z,1.38347,1.38347,1.38306,1.38325,250
2025-05-28T22:00:00Z,1.38332,1.38355,1.38315,1.38328,2212
2025-05-28T23:00:00Z,1.38327,1.38606,1.38322,1.38532,8300
2025-05-29T00:00:00Z,1.38530,1.38586,1.38440,1.38539,8127
2025-05-29T01:00:00Z,1.38539,1.38610,1.38462,1.38468,5794
2025-05-29T02:00:00Z,1.38468,1.38549,1.38424,1.38489,5761
2025-05-29T03:00:00Z,1.38488,1.38511,1.38428,1.38474,5424
2025-05-29T04:00:00Z,1.38475,1.38517,1.38403,1.38424,3236
2025-05-29T05:00:00Z,1.38424,1.38563,1.38417,1.38508,4287
2025-05-29T06:00:00Z,1.38508,1.38516,1.38291,1.38324,6838
2025-05-29T07:00:00Z,1.38322,1.38345,1.38162,1.38181,7512
2025-05-29T08:00:00Z,1.38181,1.38324,1.38161,1.38322,5476
2025-05-29T09:00:00Z,1.38322,1.38342,1.38183,1.38209,4520
2025-05-29T10:00:00Z,1.38207,1.38261,1.38166,1.38253,4152
2025-05-29T11:00:00Z,1.38252,1.38348,1.38228,1.38281,4366
2025-05-29T12:00:00Z,1.38280,1.38283,1.37953,1.37955,9377
2025-05-29T13:00:00Z,1.37956,1.38231,1.37845,1.38187,11365
2025-05-29T14:00:00Z,1.38187,1.38271,1.38046,1.38083,12040
2025-05-29T15:00:00Z,1.38083,1.38112,1.37964,1.38093,8120
2025-05-29T16:00:00Z,1.38094,1.38119,1.38002,1.38042,5038
2025-05-29T17:00:00Z,1.38042,1.38113,1.37972,1.38039,3638
2025-05-29T18:00:00Z,1.38039,1.38051,1.37962,1.38006,4028
2025-05-29T19:00:00Z,1.38006,1.38090,1.37976,1.38085,2770
2025-05-29T20:00:00Z,1.38086,1.38109,1.38061,1.38070,2031
2025-05-29T21:00:00Z,1.38069,1.38091,1.37986,1.38077,2385
2025-05-29T22:00:00Z,1.38071,1.38071,1.38031,1.38060,1055
2025-05-29T23:00:00Z,1.38057,1.38087,1.38033,1.38065,1671
2025-05-30T00:00:00Z,1.38063,1.38172,1.37999,1.38103,5073
2025-05-30T01:00:00Z,1.38102,1.38192,1.38020,1.38185,6862
2025-05-30T02:00:00Z,1.38186,1.38251,1.38165,1.38241,4901
2025-05-30T03:00:00Z,1.38240,1.38243,1.38182,1.38223,4103
2025-05-30T04:00:00Z,1.38220,1.38220,1.38173,1.38203,2716
2025-05-30T05:00:00Z,1.38202,1.38224,1.38106,1.38125,3719
2025-05-30T06:00:00Z,1.38125,1.38225,1.38125,1.38200,4424
2025-05-30T07:00:00Z,1.38199,1.38297,1.38133,1.38169,5661
2025-05-30T08:00:00Z,1.38169,1.38230,1.38118,1.38175,5534
2025-05-30T09:00:00Z,1.38173,1.38202,1.38129,1.38184,4111
2025-05-30T10:00:00Z,1.38185,1.38197,1.38106,1.38134,3569
2025-05-30T11:00:00Z,1.38134,1.38155,1.38073,1.38078,4268
2025-05-30T12:00:00Z,1.38079,1.38136,1.37863,1.37933,9730
2025-05-30T13:00:00Z,1.37933,1.37979,1.37830,1.37956,7595
2025-05-30T14:00:00Z,1.37954,1.37980,1.37387,1.37489,13505
2025-05-30T15:00:00Z,1.37490,1.37586,1.37427,1.37480,11566
2025-05-30T16:00:00Z,1.37478,1.37630,1.37478,1.37561,6191
2025-05-30T17:00:00Z,1.37562,1.37606,1.37320,1.37391,5595
2025-05-30T18:00:00Z,1.37391,1.37392,1.37161,1.37177,5991
2025-05-30T19:00:00Z,1.37178,1.37265,1.37136,1.37247,4065
2025-05-30T20:00:00Z,1.37247,1.37425,1.37212,1.37373,3250
2025-06-01T21:00:00Z,1.37361,1.37385,1.37343,1.37351,848
2025-06-01T22:00:00Z,1.37351,1.37388,1.37241,1.37250,2638
2025-06-01T23:00:00Z,1.37250,1.37275,1.37217,1.37247,2946
2025-06-02T00:00:00Z,1.37247,1.37264,1.37126,1.37170,4789
2025-06-02T01:00:00Z,1.37171,1.37201,1.37037,1.37181,5666
2025-06-02T02:00:00Z,1.37178,1.37201,1.37117,1.37167,3651
2025-06-02T03:00:00Z,1.37169,1.37284,1.37139,1.37231,3713
2025-06-02T04:00:00Z,1.37226,1.37251,1.37204,1.37218,3062
2025-06-02T05:00:00Z,1.37219,1.37236,1.37123,1.37182,4160
2025-06-02T06:00:00Z,1.37181,1.37218,1.36984,1.37002,4705
2025-06-02T07:00:00Z,1.37001,1.37027,1.36738,1.36808,7989
2025-06-02T08:00:00Z,1.36806,1.36970,1.36741,1.36947,5763
2025-06-02T09:00:00Z,1.36946,1.36999,1.36850,1.36946,5316
2025-06-02T10:00:00Z,1.36945,1.36968,1.36856,1.36953,5391
2025-06-02T11:00:00Z,1.36954,1.37105,1.36928,1.37060,4109
2025-06-02T12:00:00Z,1.37058,1.37066,1.36908,1.36956,6108
2025-06-02T13:00:00Z,1.36956,1.37126,1.36935,1.37023,9027
2025-06-02T14:00:00Z,1.37023,1.37083,1.36927,1.36999,11401
2025-06-02T15:00:00Z,1.37000,1.37053,1.36891,1.36995,7360
2025-06-02T16:00:00Z,1.36993,1.37138,1.36987,1.37107,4823
2025-06-02T17:00:00Z,1.37109,1.37233,1.37100,1.37175,4637
2025-06-02T18:00:00Z,1.37177,1.37212,1.37087,1.37115,3447
2025-06-02T19:00:00Z,1.37117,1.37150,1.37008,1.37016,3260
2025-06-02T20:00:00Z,1.37017,1.37161,1.37005,1.37121,2061
2025-06-02T21:00:00Z,1.37117,1.37133,1.37033,1.37087,1229
2025-06-02T22:00:00Z,1.37085,1.37186,1.37085,1.37140,1205
2025-06-02T23:00:00Z,1.37139,1.37151,1.37080,1.37103,1589
2025-06-03T00:00:00Z,1.37103,1.37255,1.37103,1.37195,3161
2025-06-03T01:00:00Z,1.37196,1.37256,1.37183,1.37239,5031
2025-06-03T02:00:00Z,1.37240,1.37337,1.37230,1.37296,4927
2025-06-03T03:00:00Z,1.37296,1.37348,1.37290,1.37344,3944
2025-06-03T04:00:00Z,1.37342,1.37349,1.37315,1.37322,2144
2025-06-03T05:00:00Z,1.37322,1.37388,1.37314,1.37323,2722
2025-06-03T06:00:00Z,1.37323,1.37374,1.37241,1.37241,5328
2025-06-03T07:00:00Z,1.37241,1.37351,1.37224,1.37316,6984
2025-06-03T08:00:00Z,1.37315,1.37381,1.37271,1.37296,6056
2025-06-03T09:00:00Z,1.37297,1.37338,1.37221,1.37267,6108
2025-06-03T10:00:00Z,1.37265,1.37341,1.37240,1.37326,5495
2025-06-03T11:00:00Z,1.37325,1.37416,1.37315,1.37388,4360
2025-06-03T12:00:00Z,1.37387,1.37423,1.37260,1.37296,5796
2025-06-03T13:00:00Z,1.37296,1.37339,1.37177,1.37282,6174
2025-06-03T14:00:00Z,1.37281,1.37342,1.37007,1.37067,9774
2025-06-03T15:00:00Z,1.37069,1.37303,1.37055,1.37216,6421
2025-06-03T16:00:00Z,1.37216,1.37311,1.37192,1.37248,3497
2025-06-03T17:00:00Z,1.37248,1.37260,1.37156,1.37187,2987
2025-06-03T18:00:00Z,1.37187,1.37243,1.37146,1.37151,3221
2025-06-03T19:00:00Z,1.37150,1.37205,1.37137,1.37193,1617
2025-06-03T20:00:00Z,1.37192,1.37219,1.37129,1.37185,1265
2025-06-03T21:00:00Z,1.37180,1.37208,1.37108,1.37188,337
2025-06-03T22:00:00Z,1.37196,1.37228,1.37165,1.37228,1257
2025-06-03T23:00:00Z,1.37227,1.37227,1.37142,1.37148,1354
2025-06-04T00:00:00Z,1.37149,1.37187,1.37110,1.37129,2861
2025-06-04T01:00:00Z,1.37136,1.37205,1.37053,1.37100,5293
2025-06-04T02:00:00Z,1.37100,1.37181,1.37060,1.37177,3864
2025-06-04T03:00:00Z,1.37176,1.37225,1.37145,1.37191,3530
2025-06-04T04:00:00Z,1.37189,1.37232,1.37155,1.37219,4250
2025-06-04T05:00:00Z,1.37219,1.37277,1.37196,1.37249,4520
2025-06-04T06:00:00Z,1.37250,1.37313,1.37203,1.37204,6454
2025-06-04T07:00:00Z,1.37204,1.37208,1.37097,1.37170,6282
2025-06-04T08:00:00Z,1.37168,1.37210,1.37063,1.37081,5208
2025-06-04T09:00:00Z,1.37082,1.37166,1.37072,1.37138,4042
2025-06-04T10:00:00Z,1.37136,1.37192,1.37092,1.37119,3950
2025-06-04T11:00:00Z,1.37119,1.37132,1.37032,1.37065,4565
2025-06-04T12:00:00Z,1.37063,1.37081,1.36935,1.36995,7209
2025-06-04T13:00:00Z,1.36995,1.37100,1.36912,1.37064,7502
2025-06-04T14:00:00Z,1.37054,1.37054,1.36615,1.36659,12611
2025-06-04T15:00:00Z,1.36659,1.36875,1.36636,1.36700,8282
2025-06-04T16:00:00Z,1.36701,1.36702,1.36545,1.36550,5420
2025-06-04T17:00:00Z,1.36550,1.36609,1.36521,1.36593,3526
2025-06-04T18:00:00Z,1.36592,1.36684,1.36587,1.36645,3350
2025-06-04T19:00:00Z,1.36645,1.36811,1.36599,1.36810,3486
2025-06-04T20:00:00Z,1.36811,1.36853,1.36725,1.36760,2740
2025-06-04T21:00:00Z,1.36760,1.36765,1.36698,1.36711,375
2025-06-04T22:00:00Z,1.36715,1.36789,1.36713,1.36784,2332
2025-06-04T23:00:00Z,1.36783,1.36811,1.36714,1.36808,2894
2025-06-05T00:00:00Z,1.36808,1.36821,1.36708,1.36717,5228
2025-06-05T01:00:00Z,1.36717,1.36814,1.36690,1.36774,4583
2025-06-05T02:00:00Z,1.36776,1.36827,1.36763,1.36764,4776
2025-06-05T03:00:00Z,1.36763,1.36828,1.36709,1.36827,3913
2025-06-05T04:00:00Z,1.36827,1.36835,1.36751,1.36778,3718
2025-06-05T05:00:00Z,1.36779,1.36825,1.36747,1.36808,4435
2025-06-05T06:00:00Z,1.36809,1.36818,1.36677,1.36723,5456
2025-06-05T07:00:00Z,1.36724,1.36730,1.36589,1.36708,5349
2025-06-05T08:00:00Z,1.36707,1.36713,1.36625,1.36641,4954
2025-06-05T09:00:00Z,1.36641,1.36669,1.36576,1.36577,5123
2025-06-05T10:00:00Z,1.36577,1.36601,1.36522,1.36564,4325
2025-06-05T11:00:00Z,1.36564,1.36655,1.36530,1.36597,4152
2025-06-05T12:00:00Z,1.36597,1.36638,1.36479,1.36547,9740
2025-06-05T13:00:00Z,1.36550,1.36583,1.36341,1.36457,10630
2025-06-05T14:00:00Z,1.36457,1.36569,1.36402,1.36530,10938
2025-06-05T15:00:00Z,1.36528,1.36718,1.36440,1.36673,8753
2025-06-05T16:00:00Z,1.36674,1.36750,1.36617,1.36665,6720
2025-06-05T17:00:00Z,1.36666,1.36684,1.36560,1.36561,3425
2025-06-05T18:00:00Z,1.36561,1.36683,1.36560,1.36606,3255
2025-06-05T19:00:00Z,1.36607,1.36720,1.36607,1.36651,5019
2025-06-05T20:00:00Z,1.36650,1.36746,1.36637,1.36743,1976
2025-06-05T21:00:00Z,1.36743,1.36761,1.36711,1.36731,235
2025-06-05T22:00:00Z,1.36746,1.36747,1.36703,1.36707,628
2025-06-05T23:00:00Z,1.36707,1.36716,1.36666,1.36668,1086
2025-06-06T00:00:00Z,1.36667,1.36667,1.36605,1.36645,2715
2025-06-06T01:00:00Z,1.36646,1.36672,1.36597,1.36648,4160
2025-06-06T02:00:00Z,1.36648,1.36702,1.36645,1.36674,2641
2025-06-06T03:00:00Z,1.36673,1.36680,1.36616,1.36631,1908
2025-06-06T04:00:00Z,1.36631,1.36637,1.36605,1.36607,1602
2025-06-06T05:00:00Z,1.36610,1.36674,1.36607,1.36631,2830
2025-06-06T06:00:00Z,1.36630,1.36693,1.36623,1.36663,4005
2025-06-06T07:00:00Z,1.36664,1.36711,1.36615,1.36677,4246
2025-06-06T08:00:00Z,1.36677,1.36803,1.36677,1.36800,4239
2025-06-06T09:00:00Z,1.36802,1.36863,1.36755,1.36781,4048
2025-06-06T10:00:00Z,1.36781,1.36791,1.36715,1.36775,3451
2025-06-06T11:00:00Z,1.36774,1.36899,1.36761,1.36879,4650
2025-06-06T12:00:00Z,1.36878,1.37030,1.36658,1.36810,12836
2025-06-06T13:00:00Z,1.36812,1.37038,1.36749,1.36849,15129
2025-06-06T14:00:00Z,1.36847,1.36907,1.36686,1.36885,13412
2025-06-06T15:00:00Z,1.36884,1.36961,1.36812,1.36858,8512
2025-06-06T16:00:00Z,1.36857,1.37015,1.36840,1.36989,4181
2025-06-06T17:00:00Z,1.36988,1.37002,1.36903,1.36905,2904
2025-06-06T18:00:00Z,1.36904,1.36975,1.36897,1.36949,3331
2025-06-06T19:00:00Z,1.36950,1.37028,1.36929,1.36956,3403
2025-06-06T20:00:00Z,1.36957,1.37001,1.36899,1.36942,1878
2025-06-08T21:00:00Z,1.36898,1.36961,1.36893,1.36911,350
2025-06-08T22:00:00Z,1.36911,1.36993,1.36894,1.36922,1614
2025-06-08T23:00:00Z,1.36921,1.36961,1.36901,1.36919,2250
2025-06-09T00:00:00Z,1.36918,1.36956,1.36883,1.36917,3738
2025-06-09T01:00:00Z,1.36917,1.36918,1.36797,1.36805,4480
2025-06-09T02:00:00Z,1.36805,1.36848,1.36765,1.36847,3915
2025-06-09T03:00:00Z,1.36847,1.36860,1.36827,1.36856,2135
2025-06-09T04:00:00Z,1.36856,1.36870,1.36831,1.36838,2048
2025-06-09T05:00:00Z,1.36837,1.36886,1.36816,1.36846,2857
2025-06-09T06:00:00Z,1.36847,1.36876,1.36777,1.36816,3840
2025-06-09T07:00:00Z,1.36814,1.36842,1.36772,1.36814,4463
2025-06-09T08:00:00Z,1.36814,1.36831,1.36694,1.36772,4634
2025-06-09T09:00:00Z,1.36772,1.36776,1.36689,1.36742,3760
2025-06-09T10:00:00Z,1.36743,1.36780,1.36710,1.36771,2815
2025-06-09T11:00:00Z,1.36771,1.36863,1.36727,1.36813,4245
2025-06-09T12:00:00Z,1.36811,1.36908,1.36794,1.36878,5186
2025-06-09T13:00:00Z,1.36879,1.37064,1.36857,1.37041,7386
2025-06-09T14:00:00Z,1.37040,1.37069,1.36750,1.36825,9739
2025-06-09T15:00:00Z,1.36825,1.36911,1.36731,1.36766,5723
2025-06-09T16:00:00Z,1.36765,1.36778,1.36702,1.36741,3554
2025-06-09T17:00:00Z,1.36741,1.36860,1.36718,1.36850,3060
2025-06-09T18:00:00Z,1.36852,1.36875,1.36751,1.36762,2872
2025-06-09T19:00:00Z,1.36762,1.36870,1.36759,1.36851,2714
2025-06-09T20:00:00Z,1.36852,1.37001,1.36852,1.36988,1664
2025-06-09T21:00:00Z,1.36977,1.36980,1.36838,1.36977,424
2025-06-09T22:00:00Z,1.36977,1.37000,1.36963,1.36965,2283
2025-06-09T23:00:00Z,1.36965,1.37030,1.36945,1.37002,2356
2025-06-10T00:00:00Z,1.36999,1.37049,1.36935,1.36983,3533
2025-06-10T01:00:00Z,1.36983,1.37127,1.36940,1.37112,5086
2025-06-10T02:00:00Z,1.37111,1.37150,1.37046,1.37049,3924
2025-06-10T03:00:00Z,1.37050,1.37078,1.37000,1.37005,3179
2025-06-10T04:00:00Z,1.37003,1.37083,1.36989,1.37061,1502
2025-06-10T05:00:00Z,1.37059,1.37149,1.37040,1.37096,4135
2025-06-10T06:00:00Z,1.37096,1.37191,1.37045,1.37170,3640
2025-06-10T07:00:00Z,1.37172,1.37282,1.37115,1.37199,5944
2025-06-10T08:00:00Z,1.37200,1.37204,1.37064,1.37064,5157
2025-06-10T09:00:00Z,1.37064,1.37081,1.36989,1.37004,4103
2025-06-10T10:00:00Z,1.37002,1.37020,1.36954,1.37000,3705
2025-06-10T11:00:00Z,1.36999,1.37008,1.36861,1.36923,3377
2025-06-10T12:00:00Z,1.36924,1.36925,1.36837,1.36908,6096
2025-06-10T13:00:00Z,1.36909,1.36931,1.36700,1.36716,7544
2025-06-10T14:00:00Z,1.36715,1.36818,1.36676,1.36755,8821
2025-06-10T15:00:00Z,1.36757,1.36869,1.36750,1.36836,6711
2025-06-10T16:00:00Z,1.36837,1.36848,1.36747,1.36828,4009
2025-06-10T17:00:00Z,1.36828,1.36875,1.36790,1.36868,3253
2025-06-10T18:00:00Z,1.36868,1.36925,1.36856,1.36892,3783
2025-06-10T19:00:00Z,1.36894,1.36902,1.36708,1.36735,4231
2025-06-10T20:00:00Z,1.36736,1.36774,1.36679,1.36679,2269
2025-06-10T21:00:00Z,1.36672,1.36713,1.36641,1.36689,890
2025-06-10T22:00:00Z,1.36699,1.36744,1.36666,1.36678,1537
2025-06-10T23:00:00Z,1.36677,1.36707,1.36636,1.36680,3660
2025-06-11T00:00:00Z,1.36679,1.36731,1.36651,1.36719,4156
2025-06-11T01:00:00Z,1.36720,1.36793,1.36698,1.36783,3430
2025-06-11T02:00:00Z,1.36784,1.36813,1.36757,1.36805,2303
2025-06-11T03:00:00Z,1.36806,1.36830,1.36763,1.36763,1683
2025-06-11T04:00:00Z,1.36764,1.36811,1.36763,1.36804,2401
2025-06-11T05:00:00Z,1.36805,1.36810,1.36755,1.36765,3149
2025-06-11T06:00:00Z,1.36764,1.36834,1.36751,1.36796,4344
2025-06-11T07:00:00Z,1.36796,1.36838,1.36735,1.36748,4077
2025-06-11T08:00:00Z,1.36750,1.36835,1.36737,1.36816,3988
2025-06-11T09:00:00Z,1.36817,1.36879,1.36790,1.36818,5877
2025-06-11T10:00:00Z,1.36815,1.36880,1.36744,1.36837,4900
2025-06-11T11:00:00Z,1.36835,1.36880,1.36794,1.36798,4231
2025-06-11T12:00:00Z,1.36798,1.36898,1.36495,1.36629,10582
2025-06-11T13:00:00Z,1.36629,1.36781,1.36598,1.36649,12710
2025-06-11T14:00:00Z,1.36649,1.36681,1.36583,1.36679,6701
2025-06-11T15:00:00Z,1.36680,1.36712,1.36625,1.36632,5161
2025-06-11T16:00:00Z,1.36632,1.36694,1.36534,1.36562,4103
2025-06-11T17:00:00Z,1.36561,1.36591,1.36493,1.36586,3020
2025-06-11T18:00:00Z,1.36587,1.36703,1.36549,1.36625,5548
2025-06-11T19:00:00Z,1.36623,1.36721,1.36623,1.36655,3898
2025-06-11T20:00:00Z,1.36662,1.36743,1.36639,1.36686,2202
2025-06-11T21:00:00Z,1.36688,1.36722,1.36672,1.36707,433
2025-06-11T22:00:00Z,1.36712,1.36712,1.36617,1.36635,1525
2025-06-11T23:00:00Z,1.36634,1.36679,1.36605,1.36656,2916
2025-06-12T00:00:00Z,1.36656,1.36699,1.36623,1.36635,4648
2025-06-12T01:00:00Z,1.36635,1.36694,1.36609,1.36657,6102
2025-06-12T02:00:00Z,1.36660,1.36728,1.36656,1.36694,4397
2025-06-12T03:00:00Z,1.36694,1.36705,1.36576,1.36578,3719
2025-06-12T04:00:00Z,1.36584,1.36612,1.36543,1.36558,2625
2025-06-12T05:00:00Z,1.36562,1.36582,1.36473,1.36476,3148
2025-06-12T06:00:00Z,1.36476,1.36526,1.36443,1.36504,4897
2025-06-12T07:00:00Z,1.36504,1.36748,1.36501,1.36665,5763
2025-06-12T08:00:00Z,1.36664,1.36715,1.36554,1.36559,7343
2025-06-12T09:00:00Z,1.36559,1.36611,1.36426,1.36484,7362
2025-06-12T10:00:00Z,1.36483,1.36500,1.36284,1.36351,7952
2025-06-12T11:00:00Z,1.36351,1.36386,1.36246,1.36360,6634
2025-06-12T12:00:00Z,1.36357,1.36376,1.36175,1.36177,6732
2025-06-12T13:00:00Z,1.36181,1.36269,1.36139,1.36217,7261
2025-06-12T14:00:00Z,1.36215,1.36227,1.36092,1.36105,8068
2025-06-12T15:00:00Z,1.36104,1.36197,1.36082,1.36166,6986
2025-06-12T16:00:00Z,1.36165,1.36173,1.36044,1.36068,4655
2025-06-12T17:00:00Z,1.36069,1.36143,1.36002,1.36009,3519
2025-06-12T18:00:00Z,1.36008,1.36048,1.35993,1.36026,1979
2025-06-12T19:00:00Z,1.36026,1.36077,1.36025,1.36054,1923
2025-06-12T20:00:00Z,1.36052,1.36079,1.36000,1.36001,1960
2025-06-12T21:00:00Z,1.35987,1.36040,1.35987,1.36019,647
2025-06-12T22:00:00Z,1.36017,1.36031,1.36002,1.36028,1126
2025-06-12T23:00:00Z,1.36030,1.36044,1.35946,1.35952,1681
2025-06-13T00:00:00Z,1.35954,1.36337,1.35916,1.36262,10603
2025-06-13T01:00:00Z,1.36262,1.36451,1.36247,1.36282,8272
2025-06-13T02:00:00Z,1.36281,1.36294,1.36168,1.36227,7983
2025-06-13T03:00:00Z,1.36227,1.36378,1.36215,1.36313,4751
2025-06-13T04:00:00Z,1.36314,1.36492,1.36301,1.36488,4329
2025-06-13T05:00:00Z,1.36488,1.36512,1.36373,1.36428,5427
2025-06-13T06:00:00Z,1.36429,1.36440,1.36317,1.36348,8515
2025-06-13T07:00:00Z,1.36347,1.36347,1.36168,1.36195,9984
2025-06-13T08:00:00Z,1.36194,1.36246,1.36119,1.36153,6943
2025-06-13T09:00:00Z,1.36153,1.36290,1.36130,1.36266,7311
2025-06-13T10:00:00Z,1.36264,1.36446,1.36187,1.36382,8766
2025-06-13T11:00:00Z,1.36382,1.36502,1.36298,1.36332,8079
2025-06-13T12:00:00Z,1.36331,1.36334,1.36130,1.36155,6897
2025-06-13T13:00:00Z,1.36156,1.36322,1.36132,1.36184,10177
2025-06-13T14:00:00Z,1.36184,1.36193,1.35877,1.35928,14482
2025-06-13T15:00:00Z,1.35929,1.35951,1.35743,1.35758,10553
2025-06-13T16:00:00Z,1.35759,1.35884,1.35658,1.35852,6982
2025-06-13T17:00:00Z,1.35853,1.36005,1.35825,1.35892,6948
2025-06-13T18:00:00Z,1.35891,1.35992,1.35876,1.35929,6554
2025-06-13T19:00:00Z,1.35929,1.35982,1.35813,1.35843,4130
2025-06-13T20:00:00Z,1.35843,1.35962,1.35780,1.35801,7599
2025-06-15T21:00:00Z,1.35779,1.35954,1.35779,1.35930,235
2025-06-15T22:00:00Z,1.35930,1.35930,1.35758,1.35815,14742
2025-06-15T23:00:00Z,1.35815,1.35929,1.35797,1.35821,3745
2025-06-16T00:00:00Z,1.35823,1.35909,1.35803,1.35896,2509
2025-06-16T01:00:00Z,1.35896,1.35965,1.35878,1.35942,5563
2025-06-16T02:00:00Z,1.35941,1.35997,1.35909,1.35996,4149
2025-06-16T03:00:00Z,1.35995,1.36064,1.35946,1.36055,4399
2025-06-16T04:00:00Z,1.36055,1.36055,1.35997,1.36012,3327
2025-06-16T05:00:00Z,1.36012,1.36012,1.35785,1.35807,4811
2025-06-16T06:00:00Z,1.35807,1.35921,1.35774,1.35808,6516
2025-06-16T07:00:00Z,1.35809,1.35838,1.35712,1.35736,6727
2025-06-16T08:00:00Z,1.35737,1.35772,1.35692,1.35719,5528
2025-06-16T09:00:00Z,1.35719,1.35739,1.35695,1.35707,4085
2025-06-16T10:00:00Z,1.35707,1.35729,1.35646,1.35708,4883
2025-06-16T11:00:00Z,1.35708,1.35739,1.35639,1.35658,3459
2025-06-16T12:00:00Z,1.35657,1.35680,1.35578,1.35593,6256
2025-06-16T13:00:00Z,1.35591,1.35592,1.35394,1.35503,9499
2025-06-16T14:00:00Z,1.35501,1.35612,1.35409,1.35591,11540
2025-06-16T15:00:00Z,1.35593,1.35646,1.35502,1.35568,8446
2025-06-16T16:00:00Z,1.35567,1.35579,1.35495,1.35546,4912
2025-06-16T17:00:00Z,1.35546,1.35603,1.35532,1.35567,4207
2025-06-16T18:00:00Z,1.35568,1.35613,1.35547,1.35593,3866
2025-06-16T19:00:00Z,1.35593,1.35797,1.35593,1.35776,3222
2025-06-16T20:00:00Z,1.35778,1.35792,1.35659,1.35695,2861
2025-06-16T21:00:00Z,1.35675,1.35691,1.35645,1.35676,351
2025-06-16T22:00:00Z,1.35676,1.35752,1.35650,1.35704,2144
2025-06-16T23:00:00Z,1.35705,1.35753,1.35668,1.35727,4338
2025-06-17T00:00:00Z,1.35726,1.35816,1.35721,1.35758,5139
2025-06-17T01:00:00Z,1.35757,1.35793,1.35705,1.35765,4532
2025-06-17T02:00:00Z,1.35763,1.35805,1.35718,1.35724,6195
2025-06-17T03:00:00Z,1.35724,1.35746,1.35692,1.35732,5214
2025-06-17T04:00:00Z,1.35732,1.35742,1.35680,1.35722,3555
2025-06-17T05:00:00Z,1.35723,1.35784,1.35710,1.35767,3837
2025-06-17T06:00:00Z,1.35768,1.35829,1.35725,1.35810,5196
2025-06-17T07:00:00Z,1.35810,1.35811,1.35666,1.35692,5628
2025-06-17T08:00:00Z,1.35692,1.35718,1.35626,1.35688,4653
2025-06-17T09:00:00Z,1.35689,1.35720,1.35624,1.35633,3896
2025-06-17T10:00:00Z,1.35633,1.35662,1.35559,1.35645,4544
2025-06-17T11:00:00Z,1.35643,1.35658,1.35584,1.35615,5021
2025-06-17T12:00:00Z,1.35616,1.35834,1.35572,1.35823,5553
2025-06-17T13:00:00Z,1.35824,1.35886,1.35736,1.35820,7208
2025-06-17T14:00:00Z,1.35820,1.35997,1.35788,1.35922,10169
2025-06-17T15:00:00Z,1.35922,1.35964,1.35860,1.35878,7491
2025-06-17T16:00:00Z,1.35879,1.36200,1.35835,1.36130,7039
2025-06-17T17:00:00Z,1.36128,1.36346,1.36089,1.36300,7673
2025-06-17T18:00:00Z,1.36300,1.36526,1.36278,1.36440,6765
2025-06-17T19:00:00Z,1.36439,1.36471,1.36364,1.36456,5567
2025-06-17T20:00:00Z,1.36457,1.36927,1.36447,1.36740,7216
2025-06-17T21:00:00Z,1.36661,1.36789,1.36493,1.36742,869
2025-06-17T22:00:00Z,1.36749,1.36884,1.36716,1.36864,3058
2025-06-17T23:00:00Z,1.36864,1.36909,1.36823,1.36830,2920
2025-06-18T00:00:00Z,1.36830,1.36831,1.36682,1.36755,4316
2025-06-18T01:00:00Z,1.36755,1.36773,1.36677,1.36708,5230
2025-06-18T02:00:00Z,1.36708,1.36737,1.36657,1.36675,4653
2025-06-18T03:00:00Z,1.36675,1.36676,1.36609,1.36636,2791
2025-06-18T04:00:00Z,1.36636,1.36680,1.36564,1.36576,4383
2025-06-18T05:00:00Z,1.36577,1.36612,1.36546,1.36569,3649
2025-06-18T06:00:00Z,1.36569,1.36615,1.36534,1.36591,5361
2025-06-18T07:00:00Z,1.36591,1.36650,1.36506,1.36607,5638
2025-06-18T08:00:00Z,1.36606,1.36713,1.36588,1.36656,5775
2025-06-18T09:00:00Z,1.36656,1.36699,1.36630,1.36635,4228
2025-06-18T10:00:00Z,1.36635,1.36688,1.36590,1.36675,5341
2025-06-18T11:00:00Z,1.36676,1.36688,1.36564,1.36589,3462
2025-06-18T12:00:00Z,1.36587,1.36619,1.36338,1.36466,6186
2025-06-18T13:00:00Z,1.36467,1.36753,1.36444,1.36637,9545
2025-06-18T14:00:00Z,1.36638,1.36894,1.36475,1.36886,13414
2025-06-18T15:00:00Z,1.36886,1.36957,1.36690,1.36847,7643
2025-06-18T16:00:00Z,1.36847,1.36847,1.36646,1.36760,4101
2025-06-18T17:00:00Z,1.36762,1.36849,1.36690,1.36808,3998
2025-06-18T18:00:00Z,1.36806,1.36952,1.36541,1.36940,19900
2025-06-18T19:00:00Z,1.36938,1.37023,1.36852,1.36998,14876
2025-06-18T20:00:00Z,1.36997,1.37029,1.36883,1.36930,5654
2025-06-18T21:00:00Z,1.36925,1.36925,1.36776,1.36857,535
2025-06-18T22:00:00Z,1.36868,1.36961,1.36868,1.36922,2085
2025-06-18T23:00:00Z,1.36923,1.36976,1.36913,1.36959,3254
2025-06-19T00:00:00Z,1.36958,1.37004,1.36945,1.37002,4385
2025-06-19T01:00:00Z,1.37001,1.37137,1.37001,1.37131,8372
2025-06-19T02:00:00Z,1.37131,1.37212,1.37108,1.37163,4947
2025-06-19T03:00:00Z,1.37164,1.37164,1.37085,1.37105,2697
2025-06-19T04:00:00Z,1.37104,1.37109,1.37064,1.37070,2371
2025-06-19T05:00:00Z,1.37071,1.37245,1.37068,1.37186,3671
2025-06-19T06:00:00Z,1.37187,1.37296,1.37175,1.37188,5156
2025-06-19T07:00:00Z,1.37188,1.37255,1.37124,1.37233,5296
2025-06-19T08:00:00Z,1.37233,1.37256,1.37063,1.37080,5702
2025-06-19T09:00:00Z,1.37079,1.37144,1.37051,1.37125,4092
2025-06-19T10:00:00Z,1.37126,1.37140,1.37074,1.37122,4358
2025-06-19T11:00:00Z,1.37122,1.37156,1.37026,1.37067,4728
2025-06-19T12:00:00Z,1.37068,1.37215,1.37032,1.37176,4530
2025-06-19T13:00:00Z,1.37182,1.37275,1.37111,1.37261,5319
2025-06-19T14:00:00Z,1.37261,1.37461,1.37241,1.37386,7418
2025-06-19T15:00:00Z,1.37385,1.37408,1.37310,1.37365,4420
2025-06-19T16:00:00Z,1.37365,1.37402,1.37275,1.37308,2305
2025-06-19T17:00:00Z,1.37310,1.37313,1.37151,1.37170,2819
2025-06-19T18:00:00Z,1.37169,1.37205,1.37097,1.37125,2364
2025-06-19T19:00:00Z,1.37125,1.37137,1.36958,1.36981,2028
2025-06-19T20:00:00Z,1.36981,1.37056,1.36971,1.36989,2341
2025-06-19T21:00:00Z,1.36979,1.37065,1.36963,1.36975,613
2025-06-19T22:00:00Z,1.36980,1.37024,1.36967,1.36986,1426
2025-06-19T23:00:00Z,1.36985,1.36993,1.36934,1.36948,2783
2025-06-20T00:00:00Z,1.36950,1.36959,1.36865,1.36908,5675
2025-06-20T01:00:00Z,1.36910,1.36995,1.36895,1.36995,4545
2025-06-20T02:00:00Z,1.36995,1.37017,1.36940,1.36964,3275
2025-06-20T03:00:00Z,1.36964,1.36980,1.36892,1.36905,4254
2025-06-20T04:00:00Z,1.36905,1.36918,1.36883,1.36901,2839
2025-06-20T05:00:00Z,1.36900,1.36982,1.36890,1.36936,3465
2025-06-20T06:00:00Z,1.36936,1.37065,1.36936,1.37064,4499
2025-06-20T07:00:00Z,1.37061,1.37103,1.37017,1.37043,4078
2025-06-20T08:00:00Z,1.37043,1.37043,1.36937,1.36966,4008
2025-06-20T09:00:00Z,1.36966,1.36977,1.36927,1.36946,3433
2025-06-20T10:00:00Z,1.36946,1.37027,1.36916,1.37027,3081
2025-06-20T11:00:00Z,1.37027,1.37111,1.37005,1.37053,3938
2025-06-20T12:00:00Z,1.37056,1.37234,1.37050,1.37183,7214
2025-06-20T13:00:00Z,1.37176,1.37312,1.37117,1.37312,8247
2025-06-20T14:00:00Z,1.37309,1.37391,1.37245,1.37284,9392
2025-06-20T15:00:00Z,1.37283,1.37461,1.37254,1.37388,5321
2025-06-20T16:00:00Z,1.37388,1.37410,1.37270,1.37296,4318
2025-06-20T17:00:00Z,1.37295,1.37335,1.37257,1.37259,4387
2025-06-20T18:00:00Z,1.37257,1.37299,1.37194,1.37279,4399
2025-06-20T19:00:00Z,1.37279,1.37413,1.37241,1.37401,3251
2025-06-20T20:00:00Z,1.37402,1.37468,1.37286,1.37287,3899
2025-06-22T21:00:00Z,1.37449,1.37590,1.37430,1.37478,2314
2025-06-22T22:00:00Z,1.37498,1.37605,1.37374,1.37438,4447
2025-06-22T23:00:00Z,1.37437,1.37474,1.37376,1.37405,4000
2025-06-23T00:00:00Z,1.37405,1.37599,1.37376,1.37516,5621
2025-06-23T01:00:00Z,1.37515,1.37662,1.37494,1.37592,5679
2025-06-23T02:00:00Z,1.37592,1.37606,1.37522,1.37596,5483
2025-06-23T03:00:00Z,1.37596,1.37664,1.37582,1.37645,5891
2025-06-23T04:00:00Z,1.37645,1.37658,1.37580,1.37587,4394
2025-06-23T05:00:00Z,1.37587,1.37664,1.37488,1.37506,4680
2025-06-23T06:00:00Z,1.37510,1.37647,1.37424,1.37596,5647
2025-06-23T07:00:00Z,1.37595,1.37605,1.37518,1.37542,5050
2025-06-23T08:00:00Z,1.37544,1.37789,1.37536,1.37785,3575
2025-06-23T09:00:00Z,1.37784,1.37979,1.37780,1.37933,5806
2025-06-23T10:00:00Z,1.37935,1.37972,1.37866,1.37889,4146
2025-06-23T11:00:00Z,1.37888,1.37953,1.37785,1.37812,4037
2025-06-23T12:00:00Z,1.37812,1.37912,1.37787,1.37818,7031
2025-06-23T13:00:00Z,1.37817,1.37845,1.37548,1.37621,8866
2025-06-23T14:00:00Z,1.37622,1.37625,1.37340,1.37389,12804
2025-06-23T15:00:00Z,1.37387,1.37743,1.37246,1.37736,11182
2025-06-23T16:00:00Z,1.37735,1.37792,1.37566,1.37704,12743
2025-06-23T17:00:00Z,1.37704,1.37747,1.37440,1.37459,9465
2025-06-23T18:00:00Z,1.37460,1.37483,1.37349,1.37383,6402
2025-06-23T19:00:00Z,1.37383,1.37387,1.37295,1.37343,3387
2025-06-23T20:00:00Z,1.37344,1.37382,1.37264,1.37320,2497
2025-06-23T21:00:00Z,1.37319,1.37328,1.37255,1.37287,472
2025-06-23T22:00:00Z,1.37288,1.37376,1.37268,1.37289,2843
2025-06-23T23:00:00Z,1.37290,1.37351,1.37213,1.37294,4050
2025-06-24T00:00:00Z,1.37293,1.37339,1.37238,1.37280,4299
2025-06-24T01:00:00Z,1.37279,1.37303,1.37205,1.37286,4654
2025-06-24T02:00:00Z,1.37285,1.37307,1.37207,1.37219,3960
2025-06-24T03:00:00Z,1.37220,1.37227,1.37170,1.37191,3173
2025-06-24T04:00:00Z,1.37190,1.37228,1.37168,1.37179,3506
2025-06-24T05:00:00Z,1.37179,1.37220,1.37171,1.37181,4453
2025-06-24T06:00:00Z,1.37180,1.37232,1.37095,1.37097,5766
2025-06-24T07:00:00Z,1.37100,1.37303,1.37100,1.37218,6702
2025-06-24T08:00:00Z,1.37216,1.37236,1.37139,1.37162,5320
2025-06-24T09:00:00Z,1.37164,1.37169,1.37072,1.37120,3193
2025-06-24T10:00:00Z,1.37121,1.37199,1.37118,1.37194,2486
2025-06-24T11:00:00Z,1.37194,1.37195,1.37100,1.37138,2341
2025-06-24T12:00:00Z,1.37139,1.37208,1.37056,1.37060,5445
2025-06-24T13:00:00Z,1.37061,1.37210,1.37024,1.37164,7482
2025-06-24T14:00:00Z,1.37164,1.37189,1.36779,1.36979,9843
2025-06-24T15:00:00Z,1.36979,1.37152,1.36909,1.37121,6948
2025-06-24T16:00:00Z,1.37121,1.37202,1.37054,1.37076,3794
2025-06-24T17:00:00Z,1.37076,1.37149,1.37047,1.37093,3327
2025-06-24T18:00:00Z,1.37092,1.37250,1.37072,1.37231,3214
2025-06-24T19:00:00Z,1.37232,1.37296,1.37182,1.37251,2599
2025-06-24T20:00:00Z,1.37251,1.37265,1.37176,1.37238,1886
2025-06-24T21:00:00Z,1.37237,1.37237,1.37024,1.37168,3643
2025-06-24T22:00:00Z,1.37168,1.37281,1.37166,1.37267,1155
2025-06-24T23:00:00Z,1.37267,1.37275,1.37224,1.37256,779
2025-06-25T00:00:00Z,1.37257,1.37276,1.37212,1.37227,2700
2025-06-25T01:00:00Z,1.37226,1.37273,1.37174,1.37225,5166
2025-06-25T02:00:00Z,1.37227,1.37301,1.37226,1.37267,3931
2025-06-25T03:00:00Z,1.37268,1.37296,1.37228,1.37294,3880
2025-06-25T04:00:00Z,1.37293,1.37343,1.37283,1.37321,3185
2025-06-25T05:00:00Z,1.37321,1.37348,1.37265,1.37273,3011
2025-06-25T06:00:00Z,1.37278,1.37336,1.37236,1.37329,5979
2025-06-25T07:00:00Z,1.37328,1.37372,1.37216,1.37270,6026
2025-06-25T08:00:00Z,1.37270,1.37311,1.37205,1.37227,5383
2025-06-25T09:00:00Z,1.37226,1.37337,1.37225,1.37298,2045
2025-06-25T10:00:00Z,1.37296,1.37336,1.37289,1.37335,2285
2025-06-25T11:00:00Z,1.37336,1.37348,1.37295,1.37312,3167
2025-06-25T12:00:00Z,1.37312,1.37461,1.37305,1.37389,6398
2025-06-25T13:00:00Z,1.37388,1.37483,1.37334,1.37361,13101
2025-06-25T14:00:00Z,1.37362,1.37438,1.37288,1.37321,6856
2025-06-25T15:00:00Z,1.37321,1.37542,1.37318,1.37504,4970
2025-06-25T16:00:00Z,1.37506,1.37506,1.37263,1.37376,5322
2025-06-25T17:00:00Z,1.37378,1.37445,1.37277,1.37300,4949
2025-06-25T18:00:00Z,1.37301,1.37362,1.37247,1.37273,4684
2025-06-25T19:00:00Z,1.37272,1.37283,1.37178,1.37195,3851
2025-06-25T20:00:00Z,1.37193,1.37290,1.37160,1.37233,2724
2025-06-25T21:00:00Z,1.37214,1.37239,1.37125,1.37201,467
2025-06-25T22:00:00Z,1.37195,1.37236,1.37188,1.37214,856
2025-06-25T23:00:00Z,1.37213,1.37213,1.37112,1.37118,2604
2025-06-26T00:00:00Z,1.37119,1.37144,1.37075,1.37138,3198
2025-06-26T01:00:00Z,1.37138,1.37219,1.37099,1.37102,4301
2025-06-26T02:00:00Z,1.37102,1.37128,1.37007,1.37072,3592
2025-06-26T03:00:00Z,1.37069,1.37132,1.37003,1.37112,4327
2025-06-26T04:00:00Z,1.37111,1.37223,1.37111,1.37178,4165
2025-06-26T05:00:00Z,1.37178,1.37226,1.37144,1.37170,4030
2025-06-26T06:00:00Z,1.37172,1.37221,1.37052,1.37054,4582
2025-06-26T07:00:00Z,1.37058,1.37110,1.36976,1.37024,6690
2025-06-26T08:00:00Z,1.37024,1.37035,1.36793,1.36851,7311
2025-06-26T09:00:00Z,1.36852,1.36940,1.36845,1.36877,5655
2025-06-26T10:00:00Z,1.36877,1.36914,1.36808,1.36808,4236
2025-06-26T11:00:00Z,1.36808,1.36917,1.36766,1.36852,5353
2025-06-26T12:00:00Z,1.36850,1.36905,1.36704,1.36710,6781
2025-06-26T13:00:00Z,1.36709,1.36728,1.36371,1.36404,8252
2025-06-26T14:00:00Z,1.36403,1.36483,1.36253,1.36361,10025
2025-06-26T15:00:00Z,1.36363,1.36405,1.36279,1.36304,7200
2025-06-26T16:00:00Z,1.36304,1.36330,1.36174,1.36269,6014
2025-06-26T17:00:00Z,1.36271,1.36286,1.36173,1.36241,4720
2025-06-26T18:00:00Z,1.36241,1.36304,1.36198,1.36260,4454
2025-06-26T19:00:00Z,1.36258,1.36413,1.36258,1.36344,4800
2025-06-26T20:00:00Z,1.36344,1.36448,1.36314,1.36394,3037
2025-06-26T21:00:00Z,1.36394,1.36486,1.36390,1.36395,398
2025-06-26T22:00:00Z,1.36417,1.36459,1.36400,1.36417,1843
2025-06-26T23:00:00Z,1.36417,1.36438,1.36386,1.36417,3808
2025-06-27T00:00:00Z,1.36416,1.36459,1.36388,1.36400,5617
2025-06-27T01:00:00Z,1.36398,1.36469,1.36351,1.36373,4817
2025-06-27T02:00:00Z,1.36373,1.36443,1.36344,1.36355,3682
2025-06-27T03:00:00Z,1.36356,1.36403,1.36344,1.36392,2769
2025-06-27T04:00:00Z,1.36391,1.36491,1.36384,1.36491,2738
2025-06-27T05:00:00Z,1.36491,1.36491,1.36431,1.36441,3900
2025-06-27T06:00:00Z,1.36442,1.36465,1.36291,1.36299,5144
2025-06-27T07:00:00Z,1.36300,1.36452,1.36272,1.36398,4398
2025-06-27T08:00:00Z,1.36397,1.36428,1.36370,1.36415,4684
2025-06-27T09:00:00Z,1.36414,1.36528,1.36404,1.36518,3283
2025-06-27T10:00:00Z,1.36519,1.36623,1.36500,1.36608,3581
2025-06-27T11:00:00Z,1.36607,1.36607,1.36459,1.36460,4468
2025-06-27T12:00:00Z,1.36460,1.36532,1.36405,1.36421,8135
2025-06-27T13:00:00Z,1.36421,1.36569,1.36402,1.36455,9475
2025-06-27T14:00:00Z,1.36449,1.36641,1.36438,1.36584,9284
2025-06-27T15:00:00Z,1.36584,1.36672,1.36492,1.36661,7104
2025-06-27T16:00:00Z,1.36662,1.36773,1.36624,1.36728,5762
2025-06-27T17:00:00Z,1.36723,1.37590,1.36722,1.37337,10824
2025-06-27T18:00:00Z,1.37340,1.37517,1.37128,1.37138,11785
2025-06-27T19:00:00Z,1.37138,1.37190,1.36979,1.36989,6826
2025-06-27T20:00:00Z,1.36988,1.37059,1.36759,1.36771,5279
2025-06-29T21:00:00Z,1.36852,1.36881,1.36727,1.36863,451
2025-06-29T22:00:00Z,1.36863,1.36913,1.36798,1.36828,4925
2025-06-29T23:00:00Z,1.36828,1.36850,1.36781,1.36815,2311
2025-06-30T00:00:00Z,1.36815,1.36992,1.36806,1.36936,4524
2025-06-30T01:00:00Z,1.36936,1.36951,1.36833,1.36932,6311
2025-06-30T02:00:00Z,1.36933,1.36939,1.36567,1.36716,7582
2025-06-30T03:00:00Z,1.36716,1.36795,1.36675,1.36793,3534
2025-06-30T04:00:00Z,1.36792,1.36812,1.36701,1.36717,3416
2025-06-30T05:00:00Z,1.36719,1.36720,1.36558,1.36577,4619
2025-06-30T06:00:00Z,1.36580,1.36651,1.36536,1.36548,6526
2025-06-30T07:00:00Z,1.36547,1.36750,1.36530,1.36730,5847
2025-06-30T08:00:00Z,1.36731,1.36794,1.36716,1.36750,4107
2025-06-30T09:00:00Z,1.36749,1.36802,1.36669,1.36791,3899
2025-06-30T10:00:00Z,1.36789,1.36820,1.36707,1.36713,3031
2025-06-30T11:00:00Z,1.36712,1.36723,1.36645,1.36676,5189
2025-06-30T12:00:00Z,1.36676,1.36758,1.36577,1.36656,7729
2025-06-30T13:00:00Z,1.36656,1.36768,1.36639,1.36692,7465
2025-06-30T14:00:00Z,1.36694,1.36778,1.36384,1.36448,14511
2025-06-30T15:00:00Z,1.36450,1.36466,1.36171,1.36194,10434
2025-06-30T16:00:00Z,1.36194,1.36379,1.36194,1.36260,5752
2025-06-30T17:00:00Z,1.36260,1.36434,1.36224,1.36405,5224
2025-06-30T18:00:00Z,1.36406,1.36412,1.36215,1.36245,5718
2025-06-30T19:00:00Z,1.36244,1.36290,1.36159,1.36210,5553
2025-06-30T20:00:00Z,1.36210,1.36239,1.35996,1.36028,4530
2025-06-30T21:00:00Z,1.36027,1.36072,1.36006,1.36055,1871
2025-06-30T22:00:00Z,1.36054,1.36090,1.36031,1.36067,1506
2025-06-30T23:00:00Z,1.36067,1.36074,1.36037,1.36059,2141
2025-07-01T00:00:00Z,1.36061,1.36079,1.36023,1.36029,2815
2025-07-01T01:00:00Z,1.36030,1.36161,1.36029,1.36160,3545
2025-07-01T02:00:00Z,1.36158,1.36180,1.36096,1.36112,3873
2025-07-01T03:00:00Z,1.36111,1.36128,1.36061,1.36104,3089
2025-07-01T04:00:00Z,1.36105,1.36108,1.36020,1.36063,2777
2025-07-01T05:00:00Z,1.36063,1.36091,1.36031,1.36064,2751
2025-07-01T06:00:00Z,1.36063,1.36111,1.36032,1.36044,3267
2025-07-01T07:00:00Z,1.36044,1.36103,1.35980,1.35982,5376
2025-07-01T08:00:00Z,1.35984,1.36045,1.35923,1.35980,5049
2025-07-01T09:00:00Z,1.35979,1.36042,1.35905,1.35965,5625
2025-07-01T10:00:00Z,1.35965,1.36036,1.35924,1.36033,4650
2025-07-01T11:00:00Z,1.36033,1.36111,1.36023,1.36068,4943
2025-07-01T12:00:00Z,1.36068,1.36268,1.36058,1.36265,6506
2025-07-01T13:00:00Z,1.36265,1.36412,1.36221,1.36350,7133
2025-07-01T14:00:00Z,1.36357,1.36603,1.36300,1.36556,11232
2025-07-01T15:00:00Z,1.36556,1.36658,1.36532,1.36590,5634
2025-07-01T16:00:00Z,1.36591,1.36666,1.36549,1.36600,3638
2025-07-01T17:00:00Z,1.36598,1.36633,1.36488,1.36491,3468
2025-07-01T18:00:00Z,1.36491,1.36557,1.36475,1.36513,3084
2025-07-01T19:00:00Z,1.36514,1.36556,1.36448,1.36455,5070
2025-07-01T20:00:00Z,1.36454,1.36485,1.36413,1.36446,2086
2025-07-01T21:00:00Z,1.36440,1.36443,1.36406,1.36431,453
2025-07-01T22:00:00Z,1.36444,1.36479,1.36421,1.36448,1685
2025-07-01T23:00:00Z,1.36446,1.36471,1.36427,1.36441,1860
2025-07-02T00:00:00Z,1.36442,1.36450,1.36394,1.36397,3496
2025-07-02T01:00:00Z,1.36397,1.36497,1.36377,1.36482,4745
2025-07-02T02:00:00Z,1.36481,1.36520,1.36451,1.36457,3411
2025-07-02T03:00:00Z,1.36457,1.36490,1.36453,1.36465,2977
2025-07-02T04:00:00Z,1.36470,1.36488,1.36441,1.36476,2692
2025-07-02T05:00:00Z,1.36478,1.36548,1.36467,1.36518,3280
2025-07-02T06:00:00Z,1.36520,1.36583,1.36478,1.36525,3911
2025-07-02T07:00:00Z,1.36525,1.36539,1.36435,1.36498,5528
2025-07-02T08:00:00Z,1.36497,1.36530,1.36461,1.36500,4182
2025-07-02T09:00:00Z,1.36497,1.36536,1.36478,1.36507,4704
2025-07-02T10:00:00Z,1.36506,1.36522,1.36405,1.36453,3847
2025-07-02T11:00:00Z,1.36450,1.36489,1.36351,1.36461,4266
2025-07-02T12:00:00Z,1.36461,1.36567,1.36299,1.36498,12083
2025-07-02T13:00:00Z,1.36501,1.36529,1.36322,1.36488,14358
2025-07-02T14:00:00Z,1.36488,1.36543,1.36355,1.36369,12673
2025-07-02T15:00:00Z,1.36370,1.36420,1.36208,1.36208,7148
2025-07-02T16:00:00Z,1.36210,1.36250,1.36049,1.36060,6530
2025-07-02T17:00:00Z,1.36062,1.36065,1.35947,1.35970,4684
2025-07-02T18:00:00Z,1.35970,1.35991,1.35899,1.35954,5114
2025-07-02T19:00:00Z,1.35953,1.35980,1.35881,1.35884,4580
2025-07-02T20:00:00Z,1.35883,1.35937,1.35831,1.35862,2405
2025-07-02T21:00:00Z,1.35862,1.35889,1.35795,1.35876,446
2025-07-02T22:00:00Z,1.35876,1.35881,1.35843,1.35855,1877
2025-07-02T23:00:00Z,1.35854,1.35879,1.35854,1.35877,1222
2025-07-03T00:00:00Z,1.35878,1.35879,1.35797,1.35814,2048
2025-07-03T01:00:00Z,1.35814,1.35852,1.35786,1.35821,3972
2025-07-03T02:00:00Z,1.35821,1.35930,1.35820,1.35896,2669
2025-07-03T03:00:00Z,1.35895,1.35950,1.35880,1.35941,3170
2025-07-03T04:00:00Z,1.35942,1.35977,1.35913,1.35967,1487
2025-07-03T05:00:00Z,1.35967,1.36004,1.35954,1.35996,2027
2025-07-03T06:00:00Z,1.35994,1.36006,1.35905,1.35940,4383
2025-07-03T07:00:00Z,1.35941,1.35958,1.35864,1.35921,5857
2025-07-03T08:00:00Z,1.35921,1.35927,1.35855,1.35873,5675
2025-07-03T09:00:00Z,1.35872,1.35950,1.35869,1.35910,3195
2025-07-03T10:00:00Z,1.35909,1.35929,1.35849,1.35867,3451
2025-07-03T11:00:00Z,1.35869,1.35902,1.35780,1.35895,2925
2025-07-03T12:00:00Z,1.35896,1.36234,1.35851,1.36161,12612
2025-07-03T13:00:00Z,1.36163,1.36193,1.35739,1.35765,12330
2025-07-03T14:00:00Z,1.35763,1.35886,1.35689,1.35819,13784
2025-07-03T15:00:00Z,1.35820,1.35873,1.35558,1.35595,10037
2025-07-03T16:00:00Z,1.35593,1.35720,1.35579,1.35608,4737
2025-07-03T17:00:00Z,1.35607,1.35649,1.35570,1.35648,1234
2025-07-03T18:00:00Z,1.35648,1.35658,1.35616,1.35645,1339
2025-07-03T19:00:00Z,1.35645,1.35889,1.35612,1.35808,1339
2025-07-03T20:00:00Z,1.35810,1.35881,1.35777,1.35813,2364
2025-07-03T21:00:00Z,1.35803,1.35870,1.35722,1.35863,11119
2025-07-03T22:00:00Z,1.35866,1.35868,1.35833,1.35833,1035
2025-07-03T23:00:00Z,1.35833,1.35833,1.35732,1.35744,2014
2025-07-04T00:00:00Z,1.35744,1.35772,1.35699,1.35725,2768
2025-07-04T01:00:00Z,1.35723,1.35795,1.35718,1.35782,3415
2025-07-04T02:00:00Z,1.35783,1.35807,1.35762,1.35790,3622
2025-07-04T03:00:00Z,1.35790,1.35812,1.35761,1.35775,1767
2025-07-04T04:00:00Z,1.35776,1.35789,1.35728,1.35742,3468
2025-07-04T05:00:00Z,1.35741,1.35744,1.35681,1.35704,2256
2025-07-04T06:00:00Z,1.35704,1.35760,1.35662,1.35672,3402
2025-07-04T07:00:00Z,1.35673,1.35933,1.35671,1.35925,3965
2025-07-04T08:00:00Z,1.35925,1.35956,1.35885,1.35910,3808
2025-07-04T09:00:00Z,1.35910,1.35934,1.35854,1.35901,2905
2025-07-04T10:00:00Z,1.35901,1.35950,1.35892,1.35937,2415
2025-07-04T11:00:00Z,1.35938,1.35945,1.35889,1.35896,2185
2025-07-04T12:00:00Z,1.35896,1.36042,1.35887,1.36039,3695
2025-07-04T13:00:00Z,1.36041,1.36087,1.35989,1.36026,3830
2025-07-04T14:00:00Z,1.36028,1.36114,1.35984,1.36093,4097
2025-07-04T15:00:00Z,1.36092,1.36121,1.36033,1.36043,3185
2025-07-04T16:00:00Z,1.36043,1.36097,1.36023,1.36074,2065
2025-07-04T17:00:00Z,1.36076,1.36165,1.36074,1.36126,11044
2025-07-04T18:00:00Z,1.36126,1.36140,1.36010,1.36030,11961
2025-07-04T19:00:00Z,1.36032,1.36079,1.36015,1.36069,14471
2025-07-04T20:00:00Z,1.36069,1.36072,1.35893,1.35893,20561
2025-07-06T21:00:00Z,1.35822,1.36020,1.35815,1.35955,919
2025-07-06T22:00:00Z,1.35963,1.36077,1.35948,1.36040,1634
2025-07-06T23:00:00Z,1.36039,1.36062,1.36009,1.36031,1811
2025-07-07T00:00:00Z,1.36029,1.36086,1.35968,1.36079,6131
2025-07-07T01:00:00Z,1.36078,1.36158,1.36078,1.36143,6727
2025-07-07T02:00:00Z,1.36141,1.36231,1.36118,1.36209,5317
2025-07-07T03:00:00Z,1.36209,1.36280,1.36205,1.36254,5502
2025-07-07T04:00:00Z,1.36251,1.36344,1.36244,1.36339,3906
2025-07-07T05:00:00Z,1.36340,1.36398,1.36322,1.36346,4333
2025-07-07T06:00:00Z,1.36346,1.36466,1.36300,1.36450,4899
2025-07-07T07:00:00Z,1.36448,1.36659,1.36437,1.36659,3434
2025-07-07T08:00:00Z,1.36659,1.36844,1.36646,1.36822,5785
2025-07-07T09:00:00Z,1.36822,1.36851,1.36729,1.36740,6673
2025-07-07T10:00:00Z,1.36739,1.36761,1.36600,1.36638,4392
2025-07-07T11:00:00Z,1.36638,1.36652,1.36514,1.36546,5284
2025-07-07T12:00:00Z,1.36546,1.36593,1.36465,1.36474,4799
2025-07-07T13:00:00Z,1.36472,1.36489,1.36349,1.36401,7662
2025-07-07T14:00:00Z,1.36398,1.36463,1.36305,1.36424,9050
2025-07-07T15:00:00Z,1.36426,1.36516,1.36420,1.36457,5941
2025-07-07T16:00:00Z,1.36457,1.36735,1.36438,1.36713,7979
2025-07-07T17:00:00Z,1.36712,1.36771,1.36600,1.36730,6327
2025-07-07T18:00:00Z,1.36730,1.36831,1.36607,1.36617,5488
2025-07-07T19:00:00Z,1.36614,1.36688,1.36587,1.36660,3335
2025-07-07T20:00:00Z,1.36659,1.36828,1.36655,1.36813,2175
2025-07-07T21:00:00Z,1.36803,1.36803,1.36708,1.36785,599
2025-07-07T22:00:00Z,1.36792,1.36794,1.36681,1.36698,1424
2025-07-07T23:00:00Z,1.36696,1.36708,1.36638,1.36647,2119
2025-07-08T00:00:00Z,1.36647,1.36653,1.36548,1.36552,4689
2025-07-08T01:00:00Z,1.36553,1.36640,1.36535,1.36601,6146
2025-07-08T02:00:00Z,1.36600,1.36613,1.36486,1.36531,3095
2025-07-08T03:00:00Z,1.36529,1.36545,1.36466,1.36497,3244
2025-07-08T04:00:00Z,1.36498,1.36528,1.36377,1.36522,5693
2025-07-08T05:00:00Z,1.36522,1.36618,1.36508,1.36541,5145
2025-07-08T06:00:00Z,1.36542,1.36578,1.36487,1.36548,5274
2025-07-08T07:00:00Z,1.36547,1.36547,1.36380,1.36383,6438
2025-07-08T08:00:00Z,1.36384,1.36481,1.36380,1.36455,6055
2025-07-08T09:00:00Z,1.36454,1.36516,1.36438,1.36498,4358
2025-07-08T10:00:00Z,1.36497,1.36564,1.36485,1.36553,3930
2025-07-08T11:00:00Z,1.36552,1.36566,1.36441,1.36564,3747
2025-07-08T12:00:00Z,1.36567,1.36622,1.36504,1.36564,7602
2025-07-08T13:00:00Z,1.36564,1.36771,1.36552,1.36720,10338
2025-07-08T14:00:00Z,1.36720,1.36893,1.36711,1.36848,11671
2025-07-08T15:00:00Z,1.36847,1.36870,1.36711,1.36727,8945
2025-07-08T16:00:00Z,1.36727,1.36939,1.36719,1.36802,10290
2025-07-08T17:00:00Z,1.36803,1.36901,1.36734,1.36841,9629
2025-07-08T18:00:00Z,1.36840,1.36866,1.36729,1.36768,5174
2025-07-08T19:00:00Z,1.36768,1.36843,1.36746,1.36833,4989
2025-07-08T20:00:00Z,1.36834,1.36836,1.36581,1.36582,3350
2025-07-08T21:00:00Z,1.36562,1.36648,1.36524,1.36597,734
2025-07-08T22:00:00Z,1.36595,1.36651,1.36589,1.36647,1424
2025-07-08T23:00:00Z,1.36646,1.36698,1.36626,1.36686,2062
2025-07-09T00:00:00Z,1.36685,1.36772,1.36680,1.36735,4201
2025-07-09T01:00:00Z,1.36735,1.36771,1.36692,1.36728,5778
2025-07-09T02:00:00Z,1.36730,1.36847,1.36685,1.36806,5365
2025-07-09T03:00:00Z,1.36809,1.36873,1.36808,1.36870,4136
2025-07-09T04:00:00Z,1.36872,1.36888,1.36768,1.36789,4914
2025-07-09T05:00:00Z,1.36787,1.36788,1.36698,1.36733,3648
2025-07-09T06:00:00Z,1.36733,1.36802,1.36650,1.36672,4563
2025-07-09T07:00:00Z,1.36672,1.36925,1.36666,1.36881,6238
2025-07-09T08:00:00Z,1.36886,1.36935,1.36801,1.36847,5052
2025-07-09T09:00:00Z,1.36846,1.36868,1.36825,1.36838,3853
2025-07-09T10:00:00Z,1.36836,1.36956,1.36813,1.36953,3609
2025-07-09T11:00:00Z,1.36955,1.37091,1.36929,1.37084,2949
2025-07-09T12:00:00Z,1.37085,1.37098,1.36873,1.36886,6675
2025-07-09T13:00:00Z,1.36885,1.36942,1.36801,1.36834,8522
2025-07-09T14:00:00Z,1.36835,1.36985,1.36759,1.36960,8115
2025-07-09T15:00:00Z,1.36960,1.37045,1.36919,1.36948,5624
2025-07-09T16:00:00Z,1.36946,1.36995,1.36933,1.36949,3346
2025-07-09T17:00:00Z,1.36950,1.36962,1.36878,1.36926,3254
2025-07-09T18:00:00Z,1.36927,1.36950,1.36864,1.36940,2993
2025-07-09T19:00:00Z,1.36940,1.36954,1.36856,1.36860,3542
2025-07-09T20:00:00Z,1.36859,1.36974,1.36832,1.36833,2286
2025-07-09T21:00:00Z,1.36829,1.36945,1.36785,1.36817,994
2025-07-09T22:00:00Z,1.36822,1.36861,1.36810,1.36841,1005
2025-07-09T23:00:00Z,1.36842,1.36878,1.36840,1.36855,1789
2025-07-10T00:00:00Z,1.36856,1.36881,1.36733,1.36771,3637
2025-07-10T01:00:00Z,1.36772,1.36829,1.36769,1.36803,4304
2025-07-10T02:00:00Z,1.36803,1.36821,1.36761,1.36795,3187
2025-07-10T03:00:00Z,1.36796,1.36822,1.36780,1.36809,1696
2025-07-10T04:00:00Z,1.36811,1.36861,1.36807,1.36815,2512
2025-07-10T05:00:00Z,1.36813,1.36859,1.36779,1.36853,4491
2025-07-10T06:00:00Z,1.36855,1.36859,1.36666,1.36669,4689
2025-07-10T07:00:00Z,1.36667,1.36730,1.36632,1.36712,3831
2025-07-10T08:00:00Z,1.36710,1.36783,1.36686,1.36766,1950
2025-07-10T09:00:00Z,1.36766,1.36784,1.36680,1.36778,2389
2025-07-10T10:00:00Z,1.36778,1.36800,1.36712,1.36722,3439
2025-07-10T11:00:00Z,1.36721,1.36885,1.36714,1.36868,4174
2025-07-10T12:00:00Z,1.36868,1.36944,1.36840,1.36912,6512
2025-07-10T13:00:00Z,1.36913,1.37080,1.36851,1.36967,7662
2025-07-10T14:00:00Z,1.36966,1.37045,1.36892,1.36904,10480
2025-07-10T15:00:00Z,1.36905,1.36905,1.36803,1.36830,5535
2025-07-10T16:00:00Z,1.36829,1.36852,1.36713,1.36828,5717
2025-07-10T17:00:00Z,1.36832,1.36833,1.36751,1.36767,3075
2025-07-10T18:00:00Z,1.36766,1.36768,1.36690,1.36717,3368
2025-07-10T19:00:00Z,1.36718,1.36728,1.36637,1.36639,4327
2025-07-10T20:00:00Z,1.36639,1.36655,1.36530,1.36537,2030
2025-07-10T21:00:00Z,1.36537,1.36630,1.36522,1.36548,474
2025-07-10T22:00:00Z,1.36558,1.36565,1.36523,1.36534,754
2025-07-10T23:00:00Z,1.36534,1.36564,1.36527,1.36550,1102
2025-07-11T00:00:00Z,1.36550,1.37302,1.36534,1.36907,15869
2025-07-11T01:00:00Z,1.36913,1.37057,1.36798,1.36917,9869
2025-07-11T02:00:00Z,1.36917,1.37021,1.36900,1.37018,4428
2025-07-11T03:00:00Z,1.37018,1.37030,1.36872,1.36905,4761
2025-07-11T04:00:00Z,1.36906,1.36999,1.36906,1.36955,2214
2025-07-11T05:00:00Z,1.36957,1.36971,1.36901,1.36957,3575
2025-07-11T06:00:00Z,1.36956,1.37008,1.36921,1.36989,3921
2025-07-11T07:00:00Z,1.36988,1.36988,1.36848,1.36914,4116
2025-07-11T08:00:00Z,1.36914,1.37051,1.36911,1.37004,6683
2025-07-11T09:00:00Z,1.37004,1.37040,1.36953,1.36996,5730
2025-07-11T10:00:00Z,1.36998,1.37000,1.36880,1.36908,4054
2025-07-11T11:00:00Z,1.36908,1.36966,1.36854,1.36955,2983
2025-07-11T12:00:00Z,1.36957,1.37017,1.36513,1.36779,12806
2025-07-11T13:00:00Z,1.36782,1.37013,1.36756,1.36983,11905
2025-07-11T14:00:00Z,1.36978,1.37115,1.36888,1.36965,7834
2025-07-11T15:00:00Z,1.36966,1.36999,1.36782,1.36785,4806
2025-07-11T16:00:00Z,1.36784,1.36913,1.36769,1.36801,4962
2025-07-11T17:00:00Z,1.36802,1.36857,1.36756,1.36756,3473
2025-07-11T18:00:00Z,1.36757,1.36762,1.36691,1.36748,3645
2025-07-11T19:00:00Z,1.36747,1.36859,1.36703,1.36839,3439
2025-07-11T20:00:00Z,1.36839,1.36953,1.36763,1.36857,5737
2025-07-13T21:00:00Z,1.36973,1.37003,1.36909,1.36994,933
2025-07-13T22:00:00Z,1.36994,1.37006,1.36910,1.36963,4484
2025-07-13T23:00:00Z,1.36964,1.36973,1.36846,1.36864,3227
2025-07-14T00:00:00Z,1.36863,1.36870,1.36747,1.36830,4755
2025-07-14T01:00:00Z,1.36830,1.36921,1.36796,1.36909,6249
2025-07-14T02:00:00Z,1.36908,1.37015,1.36896,1.36981,3534
2025-07-14T03:00:00Z,1.36982,1.36991,1.36907,1.36925,3618
2025-07-14T04:00:00Z,1.36925,1.36979,1.36925,1.36975,4635
2025-07-14T05:00:00Z,1.36977,1.37019,1.36942,1.36972,3643
2025-07-14T06:00:00Z,1.36974,1.36980,1.36914,1.36936,3995
2025-07-14T07:00:00Z,1.36936,1.36950,1.36758,1.36778,4846
2025-07-14T08:00:00Z,1.36779,1.36849,1.36752,1.36824,3682
2025-07-14T09:00:00Z,1.36823,1.36854,1.36775,1.36797,3220
2025-07-14T10:00:00Z,1.36797,1.36797,1.36722,1.36727,2938
2025-07-14T11:00:00Z,1.36726,1.36761,1.36696,1.36756,3166
2025-07-14T12:00:00Z,1.36755,1.36920,1.36698,1.36894,5298
2025-07-14T13:00:00Z,1.36892,1.37004,1.36874,1.36907,6258
2025-07-14T14:00:00Z,1.36907,1.36961,1.36817,1.36823,8691
2025-07-14T15:00:00Z,1.36823,1.36957,1.36710,1.36948,6905
2025-07-14T16:00:00Z,1.36949,1.36964,1.36890,1.36929,5359
2025-07-14T17:00:00Z,1.36928,1.37078,1.36903,1.37067,4589
2025-07-14T18:00:00Z,1.37065,1.37067,1.36960,1.36992,2988
2025-07-14T19:00:00Z,1.36993,1.37014,1.36949,1.36974,3347
2025-07-14T20:00:00Z,1.36972,1.37067,1.36946,1.37034,1920
2025-07-14T21:00:00Z,1.37027,1.37028,1.36873,1.36972,1342
2025-07-14T22:00:00Z,1.37004,1.37056,1.36989,1.37030,2760
2025-07-14T23:00:00Z,1.37031,1.37085,1.37026,1.37055,2320
2025-07-15T00:00:00Z,1.37054,1.37070,1.36969,1.36995,5067
2025-07-15T01:00:00Z,1.36998,1.37030,1.36934,1.36978,5359
2025-07-15T02:00:00Z,1.36977,1.37010,1.36956,1.36981,3876
2025-07-15T03:00:00Z,1.36980,1.37000,1.36959,1.36974,4602
2025-07-15T04:00:00Z,1.36974,1.37011,1.36941,1.36987,3821
2025-07-15T05:00:00Z,1.36989,1.36992,1.36907,1.36918,4800
2025-07-15T06:00:00Z,1.36920,1.37020,1.36877,1.37005,4174
2025-07-15T07:00:00Z,1.37004,1.37027,1.36873,1.36873,5686
2025-07-15T08:00:00Z,1.36876,1.36885,1.36832,1.36848,3869
2025-07-15T09:00:00Z,1.36848,1.36926,1.36846,1.36896,3991
2025-07-15T10:00:00Z,1.36894,1.36897,1.36806,1.36817,4592
2025-07-15T11:00:00Z,1.36817,1.36898,1.36794,1.36880,4029
2025-07-15T12:00:00Z,1.36878,1.36938,1.36710,1.36739,10826
2025-07-15T13:00:00Z,1.36740,1.37000,1.36727,1.36976,12838
2025-07-15T14:00:00Z,1.36975,1.37210,1.36974,1.37187,15451
2025-07-15T15:00:00Z,1.37187,1.37285,1.37104,1.37133,9856
2025-07-15T16:00:00Z,1.37134,1.37295,1.37098,1.37241,6241
2025-07-15T17:00:00Z,1.37241,1.37286,1.37155,1.37166,3626
2025-07-15T18:00:00Z,1.37166,1.37189,1.37115,1.37151,4159
2025-07-15T19:00:00Z,1.37153,1.37223,1.37132,1.37213,3767
2025-07-15T20:00:00Z,1.37213,1.37248,1.37190,1.37222,1915
2025-07-15T21:00:00Z,1.37221,1.37221,1.37097,1.37164,4585
2025-07-15T22:00:00Z,1.37164,1.37214,1.37164,1.37177,1427
2025-07-15T23:00:00Z,1.37178,1.37204,1.37153,1.37159,1329
2025-07-16T00:00:00Z,1.37158,1.37197,1.37082,1.37118,5092
2025-07-16T01:00:00Z,1.37116,1.37130,1.37087,1.37126,4671
2025-07-16T02:00:00Z,1.37127,1.37209,1.37126,1.37203,3022
2025-07-16T03:00:00Z,1.37203,1.37215,1.37142,1.37198,3559
2025-07-16T04:00:00Z,1.37197,1.37202,1.37146,1.37148,3366
2025-07-16T05:00:00Z,1.37149,1.37151,1.37105,1.37105,3763
2025-07-16T06:00:00Z,1.37110,1.37163,1.37091,1.37091,2426
2025-07-16T07:00:00Z,1.37090,1.37189,1.37059,1.37149,3355
2025-07-16T08:00:00Z,1.37151,1.37220,1.37118,1.37192,2611
2025-07-16T09:00:00Z,1.37193,1.37255,1.37191,1.37220,4511
2025-07-16T10:00:00Z,1.37219,1.37239,1.37189,1.37208,2966
2025-07-16T11:00:00Z,1.37207,1.37285,1.37193,1.37272,3062
2025-07-16T12:00:00Z,1.37272,1.37280,1.37127,1.37246,7302
2025-07-16T13:00:00Z,1.37246,1.37501,1.37226,1.37454,8188
2025-07-16T14:00:00Z,1.37453,1.37550,1.37369,1.37405,9332
2025-07-16T15:00:00Z,1.37404,1.37405,1.36793,1.37070,25791
2025-07-16T16:00:00Z,1.37068,1.37132,1.36858,1.36892,14336
2025-07-16T17:00:00Z,1.36891,1.36993,1.36827,1.36974,6365
2025-07-16T18:00:00Z,1.36973,1.37033,1.36952,1.37013,4152
2025-07-16T19:00:00Z,1.37013,1.37016,1.36822,1.36837,4529
2025-07-16T20:00:00Z,1.36839,1.36873,1.36798,1.36810,2540
2025-07-16T21:00:00Z,1.36795,1.36863,1.36786,1.36852,501
2025-07-16T22:00:00Z,1.36853,1.36884,1.36821,1.36881,1118
2025-07-16T23:00:00Z,1.36880,1.36906,1.36851,1.36894,2161
2025-07-17T00:00:00Z,1.36894,1.37050,1.36886,1.37000,4982
2025-07-17T01:00:00Z,1.37002,1.37118,1.36985,1.37042,6166
2025-07-17T02:00:00Z,1.37042,1.37185,1.37042,1.37179,6526
2025-07-17T03:00:00Z,1.37179,1.37199,1.37146,1.37151,3321
2025-07-17T04:00:00Z,1.37150,1.37193,1.37137,1.37140,2190
2025-07-17T05:00:00Z,1.37139,1.37146,1.37092,1.37143,3207
2025-07-17T06:00:00Z,1.37143,1.37307,1.37132,1.37237,6306
2025-07-17T07:00:00Z,1.37235,1.37452,1.37235,1.37434,4241
2025-07-17T08:00:00Z,1.37433,1.37474,1.37387,1.37426,3189
2025-07-17T09:00:00Z,1.37426,1.37491,1.37420,1.37483,2668
2025-07-17T10:00:00Z,1.37483,1.37669,1.37464,1.37656,3333
2025-07-17T11:00:00Z,1.37657,1.37698,1.37623,1.37626,3663
2025-07-17T12:00:00Z,1.37627,1.37741,1.37559,1.37586,7946
2025-07-17T13:00:00Z,1.37588,1.37652,1.37452,1.37502,7889
2025-07-17T14:00:00Z,1.37500,1.37570,1.37454,1.37555,7387
2025-07-17T15:00:00Z,1.37554,1.37556,1.37409,1.37497,4964
2025-07-17T16:00:00Z,1.37495,1.37621,1.37470,1.37520,5223
2025-07-17T17:00:00Z,1.37520,1.37552,1.37457,1.37530,3939
2025-07-17T18:00:00Z,1.37531,1.37549,1.37483,1.37494,3915
2025-07-17T19:00:00Z,1.37493,1.37504,1.37424,1.37443,4918
2025-07-17T20:00:00Z,1.37444,1.37529,1.37423,1.37515,1979
2025-07-17T21:00:00Z,1.37512,1.37516,1.37414,1.37484,678
2025-07-17T22:00:00Z,1.37489,1.37491,1.37400,1.37404,1745
2025-07-17T23:00:00Z,1.37403,1.37408,1.37355,1.37360,2162
2025-07-18T00:00:00Z,1.37359,1.37371,1.37292,1.37346,3852
2025-07-18T01:00:00Z,1.37346,1.37376,1.37299,1.37373,3852
2025-07-18T02:00:00Z,1.37373,1.37399,1.37346,1.37369,3491
2025-07-18T03:00:00Z,1.37370,1.37410,1.37346,1.37396,2029
2025-07-18T04:00:00Z,1.37397,1.37421,1.37378,1.37401,2256
2025-07-18T05:00:00Z,1.37401,1.37418,1.37363,1.37369,2860
2025-07-18T06:00:00Z,1.37374,1.37420,1.37352,1.37380,2810
2025-07-18T07:00:00Z,1.37380,1.37404,1.37320,1.37321,4836
2025-07-18T08:00:00Z,1.37322,1.37335,1.37236,1.37257,4803
2025-07-18T09:00:00Z,1.37257,1.37264,1.37230,1.37258,3063
2025-07-18T10:00:00Z,1.37259,1.37305,1.37177,1.37183,4410
2025-07-18T11:00:00Z,1.37184,1.37248,1.37153,1.37214,4117
2025-07-18T12:00:00Z,1.37213,1.37225,1.37015,1.37032,6928
2025-07-18T13:00:00Z,1.37030,1.37150,1.36950,1.37026,6893
2025-07-18T14:00:00Z,1.37023,1.37267,1.37003,1.37172,8574
2025-07-18T15:00:00Z,1.37171,1.37241,1.37112,1.37119,5665
2025-07-18T16:00:00Z,1.37119,1.37273,1.37106,1.37251,3583
2025-07-18T17:00:00Z,1.37251,1.37353,1.37247,1.37255,3702
2025-07-18T18:00:00Z,1.37255,1.37294,1.37225,1.37258,2500
2025-07-18T19:00:00Z,1.37258,1.37320,1.37248,1.37249,2345
2025-07-18T20:00:00Z,1.37250,1.37314,1.37228,1.37254,2377
2025-07-20T21:00:00Z,1.37108,1.37202,1.37071,1.37170,1482
2025-07-20T22:00:00Z,1.37168,1.37297,1.37141,1.37248,4343
2025-07-20T23:00:00Z,1.37246,1.37294,1.37224,1.37230,2616
2025-07-21T00:00:00Z,1.37232,1.37299,1.37210,1.37295,4117
2025-07-21T01:00:00Z,1.37296,1.37309,1.37245,1.37289,5349
2025-07-21T02:00:00Z,1.37290,1.37342,1.37280,1.37281,3268
2025-07-21T03:00:00Z,1.37283,1.37284,1.37220,1.37220,3086
2025-07-21T04:00:00Z,1.37220,1.37248,1.37210,1.37230,2476
2025-07-21T05:00:00Z,1.37231,1.37240,1.37171,1.37174,3862
2025-07-21T06:00:00Z,1.37173,1.37215,1.37138,1.37185,4035
2025-07-21T07:00:00Z,1.37184,1.37296,1.37156,1.37261,3857
2025-07-21T08:00:00Z,1.37260,1.37260,1.37156,1.37208,5025
2025-07-21T09:00:00Z,1.37209,1.37284,1.37202,1.37248,3125
2025-07-21T10:00:00Z,1.37247,1.37271,1.37186,1.37188,2875
2025-07-21T11:00:00Z,1.37188,1.37199,1.37017,1.37055,4556
2025-07-21T12:00:00Z,1.37053,1.37074,1.36953,1.36990,4472
2025-07-21T13:00:00Z,1.36990,1.37168,1.36987,1.37136,5515
2025-07-21T14:00:00Z,1.37140,1.37146,1.36929,1.36977,10310
2025-07-21T15:00:00Z,1.36976,1.36980,1.36780,1.36887,7124
2025-07-21T16:00:00Z,1.36888,1.36919,1.36843,1.36857,4158
2025-07-21T17:00:00Z,1.36858,1.36918,1.36847,1.36911,2724
2025-07-21T18:00:00Z,1.36911,1.36911,1.36828,1.36838,2043
2025-07-21T19:00:00Z,1.36839,1.36866,1.36829,1.36840,2141
2025-07-21T20:00:00Z,1.36841,1.36849,1.36770,1.36813,1938
2025-07-21T21:00:00Z,1.36800,1.36821,1.36751,1.36811,593
2025-07-21T22:00:00Z,1.36820,1.36844,1.36777,1.36780,840
2025-07-21T23:00:00Z,1.36781,1.36803,1.36744,1.36756,1984
2025-07-22T00:00:00Z,1.36756,1.36870,1.36749,1.36866,2435
2025-07-22T01:00:00Z,1.36865,1.36899,1.36840,1.36896,2246
2025-07-22T02:00:00Z,1.36898,1.36898,1.36819,1.36852,2483
2025-07-22T03:00:00Z,1.36853,1.36887,1.36839,1.36877,3122
2025-07-22T04:00:00Z,1.36876,1.36896,1.36850,1.36881,2870
2025-07-22T05:00:00Z,1.36881,1.36934,1.36860,1.36905,3530
2025-07-22T06:00:00Z,1.36910,1.36949,1.36878,1.36936,3125
2025-07-22T07:00:00Z,1.36935,1.36935,1.36859,1.36901,5765
2025-07-22T08:00:00Z,1.36901,1.36926,1.36791,1.36811,5230
2025-07-22T09:00:00Z,1.36810,1.36837,1.36774,1.36776,4070
2025-07-22T10:00:00Z,1.36774,1.36823,1.36719,1.36804,3537
2025-07-22T11:00:00Z,1.36806,1.36809,1.36729,1.36738,3441
2025-07-22T12:00:00Z,1.36738,1.36830,1.36642,1.36793,5461
2025-07-22T13:00:00Z,1.36792,1.36792,1.36643,1.36669,7380
2025-07-22T14:00:00Z,1.36668,1.36706,1.36306,1.36384,9882
2025-07-22T15:00:00Z,1.36384,1.36423,1.36158,1.36162,7531
2025-07-22T16:00:00Z,1.36161,1.36191,1.36050,1.36136,5569
2025-07-22T17:00:00Z,1.36134,1.36202,1.36100,1.36169,3930
2025-07-22T18:00:00Z,1.36171,1.36178,1.36054,1.36089,3792
2025-07-22T19:00:00Z,1.36090,1.36126,1.36024,1.36035,3620
2025-07-22T20:00:00Z,1.36037,1.36064,1.36020,1.36037,2016
2025-07-22T21:00:00Z,1.36034,1.36070,1.35994,1.36056,286
2025-07-22T22:00:00Z,1.36066,1.36068,1.36017,1.36033,909
2025-07-22T23:00:00Z,1.36032,1.36064,1.35951,1.36041,3338
2025-07-23T00:00:00Z,1.36042,1.36053,1.35936,1.35944,4594
2025-07-23T01:00:00Z,1.35943,1.36018,1.35930,1.35981,5427
2025-07-23T02:00:00Z,1.35981,1.36027,1.35962,1.36017,5099
2025-07-23T03:00:00Z,1.36018,1.36025,1.35927,1.35998,4082
2025-07-23T04:00:00Z,1.35998,1.36026,1.35970,1.35992,3952
2025-07-23T05:00:00Z,1.35993,1.36104,1.35975,1.36092,4190
2025-07-23T06:00:00Z,1.36092,1.36092,1.35994,1.35996,5267
2025-07-23T07:00:00Z,1.35995,1.36020,1.35886,1.35891,6993
2025-07-23T08:00:00Z,1.35890,1.35896,1.35829,1.35830,5460
2025-07-23T09:00:00Z,1.35830,1.35860,1.35805,1.35814,3145
2025-07-23T10:00:00Z,1.35814,1.35857,1.35778,1.35852,3545
2025-07-23T11:00:00Z,1.35853,1.35866,1.35750,1.35779,4386
2025-07-23T12:00:00Z,1.35780,1.36026,1.35775,1.36025,4258
2025-07-23T13:00:00Z,1.36026,1.36212,1.35946,1.36143,7293
2025-07-23T14:00:00Z,1.36143,1.36287,1.36119,1.36149,7877
2025-07-23T15:00:00Z,1.36148,1.36221,1.36036,1.36088,7868
2025-07-23T16:00:00Z,1.36089,1.36237,1.36056,1.36166,7704
2025-07-23T17:00:00Z,1.36165,1.36210,1.36087,1.36133,4264
2025-07-23T18:00:00Z,1.36134,1.36139,1.35990,1.35992,2918
2025-07-23T19:00:00Z,1.35993,1.36038,1.35943,1.35947,2350
2025-07-23T20:00:00Z,1.35945,1.36016,1.35945,1.35956,2037
2025-07-23T21:00:00Z,1.35956,1.36010,1.35898,1.36002,802
2025-07-23T22:00:00Z,1.36002,1.36067,1.35984,1.36062,1831
2025-07-23T23:00:00Z,1.36063,1.36063,1.35996,1.36014,2532
2025-07-24T00:00:00Z,1.36014,1.36079,1.36014,1.36052,6684
2025-07-24T01:00:00Z,1.36054,1.36056,1.35961,1.36028,7453
2025-07-24T02:00:00Z,1.36029,1.36074,1.36008,1.36036,4441
2025-07-24T03:00:00Z,1.36036,1.36051,1.36003,1.36036,4124
2025-07-24T04:00:00Z,1.36035,1.36055,1.36019,1.36024,3691
2025-07-24T05:00:00Z,1.36023,1.36044,1.35979,1.36008,4800
2025-07-24T06:00:00Z,1.36009,1.36129,1.35989,1.36124,5710
2025-07-24T07:00:00Z,1.36124,1.36133,1.36050,1.36064,5075
2025-07-24T08:00:00Z,1.36064,1.36083,1.36013,1.36046,4359
2025-07-24T09:00:00Z,1.36046,1.36130,1.36046,1.36102,3313
2025-07-24T10:00:00Z,1.36103,1.36195,1.36097,1.36167,3030
2025-07-24T11:00:00Z,1.36167,1.36214,1.36076,1.36097,4176
2025-07-24T12:00:00Z,1.36096,1.36220,1.36091,1.36173,6286
2025-07-24T13:00:00Z,1.36173,1.36293,1.36140,1.36216,8487
2025-07-24T14:00:00Z,1.36215,1.36272,1.36102,1.36169,9356
2025-07-24T15:00:00Z,1.36170,1.36442,1.36158,1.36441,7960
2025-07-24T16:00:00Z,1.36442,1.36458,1.36317,1.36363,5781
2025-07-24T17:00:00Z,1.36363,1.36421,1.36297,1.36338,3047
2025-07-24T18:00:00Z,1.36338,1.36420,1.36328,1.36396,2683
2025-07-24T19:00:00Z,1.36397,1.36434,1.36312,1.36434,2561
2025-07-24T20:00:00Z,1.36434,1.36542,1.36317,1.36324,3192
2025-07-24T21:00:00Z,1.36332,1.36476,1.36327,1.36418,2836
2025-07-24T22:00:00Z,1.36418,1.36496,1.36413,1.36436,960
2025-07-24T23:00:00Z,1.36439,1.36449,1.36393,1.36399,1805
2025-07-25T00:00:00Z,1.36400,1.36457,1.36373,1.36410,9265
2025-07-25T01:00:00Z,1.36410,1.36516,1.36382,1.36479,6919
2025-07-25T02:00:00Z,1.36480,1.36549,1.36477,1.36536,5512
2025-07-25T03:00:00Z,1.36536,1.36550,1.36488,1.36514,8152
2025-07-25T04:00:00Z,1.36514,1.36662,1.36478,1.36585,5838
2025-07-25T05:00:00Z,1.36586,1.36597,1.36494,1.36509,4643
2025-07-25T06:00:00Z,1.36511,1.36595,1.36472,1.36593,4540
2025-07-25T07:00:00Z,1.36592,1.36745,1.36565,1.36727,4748
2025-07-25T08:00:00Z,1.36729,1.36795,1.36681,1.36759,4871
2025-07-25T09:00:00Z,1.36757,1.36798,1.36732,1.36769,4374
2025-07-25T10:00:00Z,1.36770,1.36787,1.36713,1.36734,5032
2025-07-25T11:00:00Z,1.36738,1.36778,1.36666,1.36717,3975
2025-07-25T12:00:00Z,1.36717,1.36885,1.36713,1.36848,4533
2025-07-25T13:00:00Z,1.36847,1.37122,1.36808,1.37032,13845
2025-07-25T14:00:00Z,1.37031,1.37055,1.36921,1.37033,9216
2025-07-25T15:00:00Z,1.37033,1.37153,1.36999,1.37142,4934
2025-07-25T16:00:00Z,1.37144,1.37252,1.37143,1.37155,3839
2025-07-25T17:00:00Z,1.37156,1.37166,1.37080,1.37117,3421
2025-07-25T18:00:00Z,1.37118,1.37123,1.37025,1.37094,2628
2025-07-25T19:00:00Z,1.37095,1.37112,1.37037,1.37042,1923
2025-07-25T20:00:00Z,1.37044,1.37096,1.36962,1.36962,3861
2025-07-27T21:00:00Z,1.36988,1.37039,1.36982,1.37020,1517
2025-07-27T22:00:00Z,1.37020,1.37036,1.36947,1.36967,2487
2025-07-27T23:00:00Z,1.36967,1.37023,1.36951,1.37020,2949
2025-07-28T00:00:00Z,1.37020,1.37021,1.36903,1.36930,8045
2025-07-28T01:00:00Z,1.36929,1.37043,1.36882,1.37008,7164
2025-07-28T02:00:00Z,1.37008,1.37055,1.36927,1.36951,6710
2025-07-28T03:00:00Z,1.36951,1.36989,1.36926,1.36928,5849
2025-07-28T04:00:00Z,1.36926,1.36974,1.36911,1.36957,3303
2025-07-28T05:00:00Z,1.36956,1.37007,1.36949,1.36978,4170
2025-07-28T06:00:00Z,1.36978,1.37195,1.36972,1.37109,7052
2025-07-28T07:00:00Z,1.37110,1.37402,1.37063,1.37377,8095
2025-07-28T08:00:00Z,1.37376,1.37417,1.37263,1.37289,7538
2025-07-28T09:00:00Z,1.37288,1.37341,1.37262,1.37271,5503
2025-07-28T10:00:00Z,1.37269,1.37319,1.37222,1.37238,5758
2025-07-28T11:00:00Z,1.37237,1.37341,1.37176,1.37178,7428
2025-07-28T12:00:00Z,1.37177,1.37235,1.37147,1.37171,7226
2025-07-28T13:00:00Z,1.37172,1.37289,1.37115,1.37181,7689
2025-07-28T14:00:00Z,1.37182,1.37210,1.37099,1.37171,8042
2025-07-28T15:00:00Z,1.37172,1.37238,1.37134,1.37190,5578
2025-07-28T16:00:00Z,1.37189,1.37257,1.37163,1.37185,4341
2025-07-28T17:00:00Z,1.37186,1.37313,1.37171,1.37289,2560
2025-07-28T18:00:00Z,1.37289,1.37347,1.37261,1.37334,2921
2025-07-28T19:00:00Z,1.37335,1.37399,1.37320,1.37357,2438
2025-07-28T20:00:00Z,1.37357,1.37401,1.37274,1.37375,2788
2025-07-28T21:00:00Z,1.37365,1.37365,1.37327,1.37344,457
2025-07-28T22:00:00Z,1.37354,1.37371,1.37324,1.37361,1260
2025-07-28T23:00:00Z,1.37358,1.37380,1.37334,1.37340,1571
2025-07-29T00:00:00Z,1.37339,1.37424,1.37339,1.37412,5340
2025-07-29T01:00:00Z,1.37414,1.37414,1.37329,1.37371,6610
2025-07-29T02:00:00Z,1.37370,1.37372,1.37304,1.37310,3732
2025-07-29T03:00:00Z,1.37309,1.37389,1.37303,1.37378,3161
2025-07-29T04:00:00Z,1.37375,1.37388,1.37311,1.37311,2847
2025-07-29T05:00:00Z,1.37312,1.37360,1.37311,1.37334,4734
2025-07-29T06:00:00Z,1.37334,1.37510,1.37325,1.37504,5230
2025-07-29T07:00:00Z,1.37503,1.37604,1.37461,1.37550,6164
2025-07-29T08:00:00Z,1.37552,1.37591,1.37425,1.37435,6415
2025-07-29T09:00:00Z,1.37436,1.37518,1.37386,1.37505,3416
2025-07-29T10:00:00Z,1.37505,1.37558,1.37483,1.37551,2323
2025-07-29T11:00:00Z,1.37551,1.37694,1.37520,1.37688,4020
2025-07-29T12:00:00Z,1.37689,1.37782,1.37689,1.37779,5630
2025-07-29T13:00:00Z,1.37780,1.37803,1.37579,1.37605,8186
2025-07-29T14:00:00Z,1.37605,1.37851,1.37492,1.37841,13940
2025-07-29T15:00:00Z,1.37841,1.37879,1.37698,1.37783,8388
2025-07-29T16:00:00Z,1.37783,1.37796,1.37702,1.37773,4475
2025-07-29T17:00:00Z,1.37772,1.37792,1.37668,1.37721,5515
2025-07-29T18:00:00Z,1.37721,1.37729,1.37617,1.37663,4055
2025-07-29T19:00:00Z,1.37661,1.37765,1.37626,1.37761,3499
2025-07-29T20:00:00Z,1.37759,1.37819,1.37691,1.37692,2833
2025-07-29T21:00:00Z,1.37690,1.37690,1.37628,1.37669,762
2025-07-29T22:00:00Z,1.37682,1.37744,1.37670,1.37728,1252
2025-07-29T23:00:00Z,1.37729,1.37752,1.37690,1.37741,1671
2025-07-30T00:00:00Z,1.37741,1.37741,1.37615,1.37623,3951
2025-07-30T01:00:00Z,1.37623,1.37716,1.37580,1.37643,5554
2025-07-30T02:00:00Z,1.37645,1.37677,1.37609,1.37644,3600
2025-07-30T03:00:00Z,1.37641,1.37654,1.37598,1.37621,2855
2025-07-30T04:00:00Z,1.37620,1.37691,1.37618,1.37685,3347
2025-07-30T05:00:00Z,1.37686,1.37699,1.37628,1.37684,4796
2025-07-30T06:00:00Z,1.37685,1.37741,1.37656,1.37664,4635
2025-07-30T07:00:00Z,1.37665,1.37700,1.37628,1.37677,5458
2025-07-30T08:00:00Z,1.37676,1.37766,1.37668,1.37727,3112
2025-07-30T09:00:00Z,1.37727,1.37827,1.37712,1.37792,3096
2025-07-30T10:00:00Z,1.37794,1.37903,1.37786,1.37877,2845
2025-07-30T11:00:00Z,1.37877,1.37926,1.37852,1.37866,3620
2025-07-30T12:00:00Z,1.37866,1.38063,1.37866,1.38044,9053
2025-07-30T13:00:00Z,1.38043,1.38180,1.38008,1.38024,14217
2025-07-30T14:00:00Z,1.38025,1.38169,1.37988,1.38097,7770
2025-07-30T15:00:00Z,1.38097,1.38186,1.38062,1.38146,6519
2025-07-30T16:00:00Z,1.38146,1.38168,1.38064,1.38085,4972
2025-07-30T17:00:00Z,1.38086,1.38112,1.38033,1.38040,3743
2025-07-30T18:00:00Z,1.38041,1.38282,1.37980,1.38159,13003
2025-07-30T19:00:00Z,1.38158,1.38417,1.38152,1.38368,9495
2025-07-30T20:00:00Z,1.38369,1.38447,1.38269,1.38274,5631
2025-07-30T21:00:00Z,1.38268,1.38304,1.38194,1.38293,934
2025-07-30T22:00:00Z,1.38293,1.38313,1.38216,1.38273,2170
2025-07-30T23:00:00Z,1.38273,1.38304,1.38229,1.38261,3773
2025-07-31T00:00:00Z,1.38259,1.38326,1.38247,1.38297,7398
2025-07-31T01:00:00Z,1.38297,1.38357,1.38269,1.38281,7208
2025-07-31T02:00:00Z,1.38282,1.38291,1.38238,1.38253,5479
2025-07-31T03:00:00Z,1.38253,1.38308,1.38218,1.38240,5301
2025-07-31T04:00:00Z,1.38239,1.38445,1.38151,1.38157,5214
2025-07-31T05:00:00Z,1.38157,1.38207,1.38143,1.38178,4784
2025-07-31T06:00:00Z,1.38179,1.38232,1.38130,1.38172,6487
2025-07-31T07:00:00Z,1.38172,1.38376,1.38152,1.38325,6299
2025-07-31T08:00:00Z,1.38327,1.38455,1.38309,1.38393,5849
2025-07-31T09:00:00Z,1.38394,1.38477,1.38388,1.38475,5371
2025-07-31T10:00:00Z,1.38476,1.38531,1.38443,1.38470,4045
2025-07-31T11:00:00Z,1.38472,1.38501,1.38344,1.38360,6660
2025-07-31T12:00:00Z,1.38363,1.38474,1.38322,1.38328,7685
2025-07-31T13:00:00Z,1.38329,1.38516,1.38270,1.38510,8207
2025-07-31T14:00:00Z,1.38510,1.38520,1.38237,1.38252,10251
2025-07-31T15:00:00Z,1.38255,1.38462,1.38237,1.38459,7135
2025-07-31T16:00:00Z,1.38459,1.38495,1.38416,1.38477,4336
2025-07-31T17:00:00Z,1.38478,1.38539,1.38447,1.38519,3753
2025-07-31T18:00:00Z,1.38517,1.38560,1.38452,1.38453,3844
2025-07-31T19:00:00Z,1.38452,1.38559,1.38375,1.38558,4042
2025-07-31T20:00:00Z,1.38556,1.38576,1.38461,1.38512,3796
2025-07-31T21:00:00Z,1.38512,1.38530,1.38400,1.38498,636
2025-07-31T22:00:00Z,1.38501,1.38694,1.38501,1.38673,3036
2025-07-31T23:00:00Z,1.38673,1.38704,1.38509,1.38574,5346
2025-08-01T00:00:00Z,1.38574,1.38628,1.38437,1.38467,9328
2025-08-01T01:00:00Z,1.38467,1.38601,1.38435,1.38577,7801
2025-08-01T02:00:00Z,1.38578,1.38614,1.38529,1.38581,6255
2025-08-01T03:00:00Z,1.38580,1.38582,1.38502,1.38530,8302
2025-08-01T04:00:00Z,1.38530,1.38546,1.38504,1.38534,6827
2025-08-01T05:00:00Z,1.38535,1.38563,1.38516,1.38523,5891
2025-08-01T06:00:00Z,1.38523,1.38644,1.38502,1.38606,7133
2025-08-01T07:00:00Z,1.38607,1.38736,1.38559,1.38710,4897
2025-08-01T08:00:00Z,1.38709,1.38757,1.38682,1.38753,3067
2025-08-01T09:00:00Z,1.38752,1.38786,1.38704,1.38775,2793
2025-08-01T10:00:00Z,1.38775,1.38787,1.38667,1.38716,4169
2025-08-01T11:00:00Z,1.38717,1.38737,1.38606,1.38706,4592
2025-08-01T12:00:00Z,1.38704,1.38755,1.37847,1.37961,16026
2025-08-01T13:00:00Z,1.37959,1.37959,1.37623,1.37792,21426
2025-08-01T14:00:00Z,1.37791,1.37926,1.37648,1.37884,18035
2025-08-01T15:00:00Z,1.37885,1.37996,1.37749,1.37797,9220
2025-08-01T16:00:00Z,1.37797,1.37963,1.37792,1.37951,5657
2025-08-01T17:00:00Z,1.37951,1.38082,1.37943,1.38022,5573
2025-08-01T18:00:00Z,1.38021,1.38170,1.37926,1.38169,7965
2025-08-01T19:00:00Z,1.38169,1.38169,1.37859,1.37958,8382
2025-08-01T20:00:00Z,1.37956,1.37969,1.37709,1.37850,6175
2025-08-03T21:00:00Z,1.37749,1.37852,1.37655,1.37851,917
2025-08-03T22:00:00Z,1.37860,1.37861,1.37767,1.37790,3111
2025-08-03T23:00:00Z,1.37789,1.37832,1.37747,1.37774,3405
2025-08-04T00:00:00Z,1.37776,1.37935,1.37752,1.37905,6552
2025-08-04T01:00:00Z,1.37905,1.37944,1.37785,1.37788,7739
2025-08-04T02:00:00Z,1.37786,1.37813,1.37722,1.37763,6046
2025-08-04T03:00:00Z,1.37761,1.37764,1.37705,1.37749,4597
2025-08-04T04:00:00Z,1.37751,1.37762,1.37700,1.37739,1967
2025-08-04T05:00:00Z,1.37740,1.37788,1.37666,1.37775,4669
2025-08-04T06:00:00Z,1.37774,1.37823,1.37671,1.37710,7192
2025-08-04T07:00:00Z,1.37710,1.37842,1.37677,1.37834,7604
2025-08-04T08:00:00Z,1.37834,1.37872,1.37798,1.37833,5791
2025-08-04T09:00:00Z,1.37834,1.37853,1.37750,1.37840,6237
2025-08-04T10:00:00Z,1.37841,1.37896,1.37770,1.37803,4543
2025-08-04T11:00:00Z,1.37802,1.37832,1.37725,1.37760,4786
2025-08-04T12:00:00Z,1.37759,1.37821,1.37656,1.37725,6761
2025-08-04T13:00:00Z,1.37726,1.37738,1.37599,1.37610,6422
2025-08-04T14:00:00Z,1.37611,1.37745,1.37579,1.37714,10002
2025-08-04T15:00:00Z,1.37714,1.37830,1.37698,1.37755,7993
2025-08-04T16:00:00Z,1.37758,1.37819,1.37736,1.37746,5178
2025-08-04T17:00:00Z,1.37749,1.37817,1.37737,1.37744,4784
2025-08-04T18:00:00Z,1.37744,1.37841,1.37738,1.37837,3453
2025-08-04T19:00:00Z,1.37837,1.37849,1.37749,1.37785,2998
2025-08-04T20:00:00Z,1.37782,1.37803,1.37714,1.37771,1447
2025-08-04T21:00:00Z,1.37758,1.37797,1.37724,1.37765,595
2025-08-04T22:00:00Z,1.37765,1.37783,1.37710,1.37725,1455
2025-08-04T23:00:00Z,1.37722,1.37729,1.37682,1.37688,2225
2025-08-05T00:00:00Z,1.37687,1.37708,1.37627,1.37678,3840
2025-08-05T01:00:00Z,1.37678,1.37774,1.37664,1.37763,5537
2025-08-05T02:00:00Z,1.37765,1.37858,1.37765,1.37843,3720
2025-08-05T03:00:00Z,1.37842,1.37903,1.37836,1.37897,2215
2025-08-05T04:00:00Z,1.37899,1.37909,1.37849,1.37858,2985
2025-08-05T05:00:00Z,1.37859,1.37942,1.37858,1.37890,4071
2025-08-05T06:00:00Z,1.37890,1.37902,1.37763,1.37829,5011
2025-08-05T07:00:00Z,1.37828,1.37898,1.37732,1.37810,5159
2025-08-05T08:00:00Z,1.37812,1.38091,1.37812,1.38061,6439
2025-08-05T09:00:00Z,1.38060,1.38085,1.37976,1.38041,4064
2025-08-05T10:00:00Z,1.38042,1.38091,1.38023,1.38039,4099
2025-08-05T11:00:00Z,1.38039,1.38099,1.37946,1.37969,5309
2025-08-05T12:00:00Z,1.37969,1.38060,1.37906,1.37973,6669
2025-08-05T13:00:00Z,1.37972,1.37993,1.37795,1.37839,7785
2025-08-05T14:00:00Z,1.37815,1.37952,1.37696,1.37857,12919
2025-08-05T15:00:00Z,1.37858,1.37886,1.37765,1.37804,7019
2025-08-05T16:00:00Z,1.37801,1.37828,1.37718,1.37775,5980
2025-08-05T17:00:00Z,1.37779,1.37806,1.37705,1.37782,3456
2025-08-05T18:00:00Z,1.37784,1.37884,1.37773,1.37836,3325
2025-08-05T19:00:00Z,1.37838,1.37874,1.37717,1.37724,3139
2025-08-05T20:00:00Z,1.37725,1.37823,1.37702,1.37714,2420
2025-08-05T21:00:00Z,1.37715,1.37770,1.37713,1.37734,662
2025-08-05T22:00:00Z,1.37736,1.37773,1.37716,1.37723,1963
2025-08-05T23:00:00Z,1.37724,1.37744,1.37687,1.37708,2272
2025-08-06T00:00:00Z,1.37713,1.37747,1.37655,1.37739,4331
2025-08-06T01:00:00Z,1.37739,1.37790,1.37718,1.37743,5661
2025-08-06T02:00:00Z,1.37743,1.37760,1.37710,1.37727,3987
2025-08-06T03:00:00Z,1.37727,1.37727,1.37678,1.37693,2432
2025-08-06T04:00:00Z,1.37693,1.37705,1.37646,1.37703,3563
2025-08-06T05:00:00Z,1.37704,1.37743,1.37698,1.37727,3727
2025-08-06T06:00:00Z,1.37729,1.37734,1.37627,1.37660,4832
2025-08-06T07:00:00Z,1.37661,1.37720,1.37633,1.37639,4483
2025-08-06T08:00:00Z,1.37639,1.37748,1.37638,1.37683,4732
2025-08-06T09:00:00Z,1.37681,1.37693,1.37656,1.37673,3133
2025-08-06T10:00:00Z,1.37675,1.37685,1.37534,1.37550,4948
2025-08-06T11:00:00Z,1.37550,1.37581,1.37452,1.37571,4355
2025-08-06T12:00:00Z,1.37570,1.37611,1.37434,1.37469,4793
2025-08-06T13:00:00Z,1.37469,1.37515,1.37408,1.37486,7113
2025-08-06T14:00:00Z,1.37485,1.37585,1.37450,1.37521,8927
2025-08-06T15:00:00Z,1.37523,1.37544,1.37385,1.37403,7729
2025-08-06T16:00:00Z,1.37401,1.37502,1.37388,1.37436,4614
2025-08-06T17:00:00Z,1.37436,1.37460,1.37358,1.37388,4051
2025-08-06T18:00:00Z,1.37387,1.37431,1.37347,1.37414,3279
2025-08-06T19:00:00Z,1.37414,1.37477,1.37393,1.37415,3032
2025-08-06T20:00:00Z,1.37414,1.37448,1.37364,1.37388,2417
2025-08-06T21:00:00Z,1.37389,1.37415,1.37360,1.37378,1127
2025-08-06T22:00:00Z,1.37370,1.37429,1.37365,1.37405,1227
2025-08-06T23:00:00Z,1.37407,1.37413,1.37385,1.37392,1601
2025-08-07T00:00:00Z,1.37393,1.37445,1.37388,1.37437,4569
2025-08-07T01:00:00Z,1.37436,1.37458,1.37355,1.37390,6236
2025-08-07T02:00:00Z,1.37391,1.37396,1.37328,1.37381,4650
2025-08-07T03:00:00Z,1.37380,1.37415,1.37336,1.37346,4266
2025-08-07T04:00:00Z,1.37348,1.37356,1.37288,1.37305,3713
2025-08-07T05:00:00Z,1.37307,1.37358,1.37296,1.37336,2892
2025-08-07T06:00:00Z,1.37337,1.37337,1.37246,1.37278,3825
2025-08-07T07:00:00Z,1.37278,1.37311,1.37211,1.37228,3961
2025-08-07T08:00:00Z,1.37228,1.37357,1.37221,1.37321,5220
2025-08-07T09:00:00Z,1.37321,1.37342,1.37279,1.37326,3743
2025-08-07T10:00:00Z,1.37324,1.37355,1.37264,1.37270,3713
2025-08-07T11:00:00Z,1.37273,1.37443,1.37213,1.37413,5609
2025-08-07T12:00:00Z,1.37412,1.37436,1.37317,1.37373,5125
2025-08-07T13:00:00Z,1.37374,1.37510,1.37301,1.37489,6070
2025-08-07T14:00:00Z,1.37487,1.37733,1.37464,1.37618,10982
2025-08-07T15:00:00Z,1.37619,1.37661,1.37467,1.37500,7002
2025-08-07T16:00:00Z,1.37501,1.37550,1.37463,1.37523,3226
2025-08-07T17:00:00Z,1.37522,1.37550,1.37472,1.37530,3903
2025-08-07T18:00:00Z,1.37530,1.37664,1.37493,1.37657,2619
2025-08-07T19:00:00Z,1.37658,1.37671,1.37430,1.37441,4876
2025-08-07T20:00:00Z,1.37441,1.37483,1.37386,1.37428,2335
2025-08-07T21:00:00Z,1.37428,1.37492,1.37400,1.37420,852
2025-08-07T22:00:00Z,1.37419,1.37442,1.37347,1.37349,2893
2025-08-07T23:00:00Z,1.37349,1.37377,1.37311,1.37319,2094
2025-08-08T00:00:00Z,1.37320,1.37433,1.37312,1.37379,4541
2025-08-08T01:00:00Z,1.37377,1.37485,1.37332,1.37449,3809
2025-08-08T02:00:00Z,1.37449,1.37456,1.37382,1.37398,2960
2025-08-08T03:00:00Z,1.37398,1.37437,1.37385,1.37388,2959
2025-08-08T04:00:00Z,1.37387,1.37409,1.37361,1.37406,2728
2025-08-08T05:00:00Z,1.37406,1.37490,1.37395,1.37480,4060
2025-08-08T06:00:00Z,1.37482,1.37483,1.37399,1.37422,4045
2025-08-08T07:00:00Z,1.37420,1.37428,1.37284,1.37323,6295
2025-08-08T08:00:00Z,1.37323,1.37387,1.37269,1.37358,4243
2025-08-08T09:00:00Z,1.37357,1.37358,1.37268,1.37280,5452
2025-08-08T10:00:00Z,1.37280,1.37325,1.37253,1.37283,4234
2025-08-08T11:00:00Z,1.37282,1.37391,1.37272,1.37377,2773
2025-08-08T12:00:00Z,1.37377,1.37622,1.37366,1.37577,6116
2025-08-08T13:00:00Z,1.37577,1.37581,1.37422,1.37510,5847
2025-08-08T14:00:00Z,1.37510,1.37565,1.37441,1.37544,7269
2025-08-08T15:00:00Z,1.37545,1.37565,1.37470,1.37526,3874
2025-08-08T16:00:00Z,1.37525,1.37556,1.37478,1.37517,3414
2025-08-08T17:00:00Z,1.37516,1.37540,1.37418,1.37497,3635
2025-08-08T18:00:00Z,1.37496,1.37537,1.37429,1.37505,5218
2025-08-08T19:00:00Z,1.37507,1.37587,1.37504,1.37569,1810
2025-08-08T20:00:00Z,1.37567,1.37629,1.37519,1.37529,4428
2025-08-10T21:00:00Z,1.37492,1.37533,1.37484,1.37529,506
2025-08-10T22:00:00Z,1.37529,1.37544,1.37515,1.37524,1225
2025-08-10T23:00:00Z,1.37523,1.37548,1.37497,1.37528,1475
2025-08-11T00:00:00Z,1.37529,1.37594,1.37520,1.37581,2858
2025-08-11T01:00:00Z,1.37581,1.37604,1.37525,1.37529,3362
2025-08-11T02:00:00Z,1.37528,1.37528,1.37479,1.37482,2506
2025-08-11T03:00:00Z,1.37481,1.37498,1.37445,1.37456,2302
2025-08-11T04:00:00Z,1.37455,1.37508,1.37447,1.37504,2191
2025-08-11T05:00:00Z,1.37505,1.37531,1.37496,1.37510,2535
2025-08-11T06:00:00Z,1.37512,1.37582,1.37489,1.37567,3195
2025-08-11T07:00:00Z,1.37567,1.37737,1.37567,1.37689,4996
2025-08-11T08:00:00Z,1.37689,1.37707,1.37628,1.37640,4101
2025-08-11T09:00:00Z,1.37642,1.37750,1.37625,1.37737,3183
2025-08-11T10:00:00Z,1.37738,1.37738,1.37654,1.37680,2875
2025-08-11T11:00:00Z,1.37680,1.37834,1.37669,1.37795,3554
2025-08-11T12:00:00Z,1.37796,1.37946,1.37779,1.37885,5334
2025-08-11T13:00:00Z,1.37886,1.37897,1.37733,1.37794,6794
2025-08-11T14:00:00Z,1.37794,1.37941,1.37782,1.37909,6933
2025-08-11T15:00:00Z,1.37909,1.37950,1.37821,1.37841,5645
2025-08-11T16:00:00Z,1.37841,1.37862,1.37803,1.37834,3706
2025-08-11T17:00:00Z,1.37834,1.37865,1.37779,1.37797,3274
2025-08-11T18:00:00Z,1.37796,1.37833,1.37751,1.37777,3511
2025-08-11T19:00:00Z,1.37777,1.37870,1.37765,1.37815,3283
2025-08-11T20:00:00Z,1.37817,1.37844,1.37742,1.37777,1867
2025-08-11T21:00:00Z,1.37774,1.37796,1.37736,1.37791,784
2025-08-11T22:00:00Z,1.37799,1.37799,1.37751,1.37765,1481
2025-08-11T23:00:00Z,1.37766,1.37766,1.37733,1.37743,1476
2025-08-12T00:00:00Z,1.37743,1.37792,1.37736,1.37788,3721
2025-08-12T01:00:00Z,1.37787,1.37800,1.37730,1.37758,4682
2025-08-12T02:00:00Z,1.37759,1.37759,1.37713,1.37728,3002
2025-08-12T03:00:00Z,1.37727,1.37771,1.37714,1.37771,2969
2025-08-12T04:00:00Z,1.37772,1.37840,1.37734,1.37739,3830
2025-08-12T05:00:00Z,1.37739,1.37815,1.37733,1.37773,5600
2025-08-12T06:00:00Z,1.37774,1.37850,1.37735,1.37837,6630
2025-08-12T07:00:00Z,1.37836,1.37836,1.37749,1.37789,4847
2025-08-12T08:00:00Z,1.37788,1.37919,1.37758,1.37885,4423
2025-08-12T09:00:00Z,1.37886,1.37923,1.37870,1.37908,3697
2025-08-12T10:00:00Z,1.37909,1.37927,1.37846,1.37922,2769
2025-08-12T11:00:00Z,1.37922,1.38057,1.37920,1.37977,3655
2025-08-12T12:00:00Z,1.37976,1.38034,1.37643,1.37793,12050
2025-08-12T13:00:00Z,1.37797,1.37933,1.37719,1.37846,19916
2025-08-12T14:00:00Z,1.37847,1.37847,1.37703,1.37713,11489
2025-08-12T15:00:00Z,1.37712,1.37726,1.37536,1.37635,10403
2025-08-12T16:00:00Z,1.37634,1.37682,1.37567,1.37618,5705
2025-08-12T17:00:00Z,1.37619,1.37734,1.37617,1.37683,5336
2025-08-12T18:00:00Z,1.37680,1.37795,1.37643,1.37772,3984
2025-08-12T19:00:00Z,1.37770,1.37840,1.37743,1.37767,4452
2025-08-12T20:00:00Z,1.37768,1.37791,1.37708,1.37714,2493
2025-08-12T21:00:00Z,1.37711,1.37725,1.37636,1.37718,1400
2025-08-12T22:00:00Z,1.37718,1.37743,1.37670,1.37676,2298
2025-08-12T23:00:00Z,1.37676,1.37705,1.37646,1.37697,1653
2025-08-13T00:00:00Z,1.37698,1.37801,1.37686,1.37780,2642
2025-08-13T01:00:00Z,1.37780,1.37804,1.37746,1.37788,3554
2025-08-13T02:00:00Z,1.37787,1.37814,1.37728,1.37753,3216
2025-08-13T03:00:00Z,1.37754,1.37766,1.37734,1.37765,3245
2025-08-13T04:00:00Z,1.37765,1.37775,1.37743,1.37756,3010
2025-08-13T05:00:00Z,1.37754,1.37811,1.37748,1.37798,2672
2025-08-13T06:00:00Z,1.37797,1.37797,1.37653,1.37683,5142
2025-08-13T07:00:00Z,1.37681,1.37681,1.37535,1.37619,5694
2025-08-13T08:00:00Z,1.37618,1.37679,1.37571,1.37629,6665
2025-08-13T09:00:00Z,1.37627,1.37629,1.37516,1.37518,6114
2025-08-13T10:00:00Z,1.37519,1.37593,1.37510,1.37570,4484
2025-08-13T11:00:00Z,1.37571,1.37636,1.37525,1.37561,5826
2025-08-13T12:00:00Z,1.37560,1.37710,1.37548,1.37701,4818
2025-08-13T13:00:00Z,1.37702,1.37747,1.37612,1.37621,6510
2025-08-13T14:00:00Z,1.37622,1.37722,1.37555,1.37604,7572
2025-08-13T15:00:00Z,1.37604,1.37712,1.37600,1.37656,6192
2025-08-13T16:00:00Z,1.37655,1.37702,1.37631,1.37699,2794
2025-08-13T17:00:00Z,1.37699,1.37710,1.37632,1.37694,3055
2025-08-13T18:00:00Z,1.37693,1.37732,1.37678,1.37699,3737
2025-08-13T19:00:00Z,1.37700,1.37715,1.37617,1.37624,3023
2025-08-13T20:00:00Z,1.37624,1.37656,1.37555,1.37571,1808
2025-08-13T21:00:00Z,1.37571,1.37599,1.37538,1.37586,878
2025-08-13T22:00:00Z,1.37606,1.37620,1.37526,1.37531,1745
2025-08-13T23:00:00Z,1.37530,1.37552,1.37509,1.37520,1732
2025-08-14T00:00:00Z,1.37520,1.37533,1.37496,1.37511,3090
2025-08-14T01:00:00Z,1.37512,1.37517,1.37440,1.37471,5597
2025-08-14T02:00:00Z,1.37472,1.37608,1.37472,1.37578,2782
2025-08-14T03:00:00Z,1.37578,1.37640,1.37577,1.37621,3184
2025-08-14T04:00:00Z,1.37622,1.37634,1.37563,1.37577,3112
2025-08-14T05:00:00Z,1.37578,1.37639,1.37574,1.37621,3638
2025-08-14T06:00:00Z,1.37622,1.37699,1.37562,1.37697,6181
2025-08-14T07:00:00Z,1.37697,1.37789,1.37631,1.37735,8299
2025-08-14T08:00:00Z,1.37736,1.37832,1.37711,1.37814,5706
2025-08-14T09:00:00Z,1.37811,1.37817,1.37709,1.37762,4982
2025-08-14T10:00:00Z,1.37761,1.37778,1.37698,1.37749,4787
2025-08-14T11:00:00Z,1.37749,1.37848,1.37736,1.37839,4230
2025-08-14T12:00:00Z,1.37837,1.38012,1.37809,1.37957,8965
2025-08-14T13:00:00Z,1.37957,1.38126,1.37954,1.38120,10331
2025-08-14T14:00:00Z,1.38121,1.38121,1.37893,1.37904,11504
2025-08-14T15:00:00Z,1.37903,1.38112,1.37896,1.38065,8198
2025-08-14T16:00:00Z,1.38064,1.38173,1.38042,1.38143,5369
2025-08-14T17:00:00Z,1.38143,1.38191,1.38083,1.38113,3886
2025-08-14T18:00:00Z,1.38115,1.38186,1.38109,1.38128,5006
2025-08-14T19:00:00Z,1.38129,1.38131,1.38050,1.38121,3925
2025-08-14T20:00:00Z,1.38122,1.38185,1.38107,1.38154,1764
2025-08-14T21:00:00Z,1.38153,1.38155,1.38109,1.38144,769
2025-08-14T22:00:00Z,1.38145,1.38148,1.38126,1.38126,1137
2025-08-14T23:00:00Z,1.38125,1.38139,1.38116,1.38129,1029
2025-08-15T00:00:00Z,1.38128,1.38147,1.38098,1.38111,3931
2025-08-15T01:00:00Z,1.38110,1.38143,1.38071,1.38089,3854
2025-08-15T02:00:00Z,1.38089,1.38132,1.38067,1.38068,3399
2025-08-15T03:00:00Z,1.38069,1.38069,1.38012,1.38032,3132
2025-08-15T04:00:00Z,1.38031,1.38048,1.38012,1.38017,2150
2025-08-15T05:00:00Z,1.38017,1.38042,1.38001,1.38001,2014
2025-08-15T06:00:00Z,1.38002,1.38065,1.37941,1.37963,3799
2025-08-15T07:00:00Z,1.37962,1.37974,1.37907,1.37930,3446
2025-08-15T08:00:00Z,1.37929,1.37997,1.37910,1.37969,3918
2025-08-15T09:00:00Z,1.37969,1.37978,1.37918,1.37934,3388
2025-08-15T10:00:00Z,1.37933,1.37956,1.37872,1.37880,3284
2025-08-15T11:00:00Z,1.37880,1.37944,1.37878,1.37901,2905
2025-08-15T12:00:00Z,1.37902,1.38018,1.37876,1.37931,5431
2025-08-15T13:00:00Z,1.37927,1.38039,1.37890,1.37994,7981
2025-08-15T14:00:00Z,1.37999,1.38084,1.37879,1.38054,8415
2025-08-15T15:00:00Z,1.38054,1.38111,1.37952,1.38087,6003
2025-08-15T16:00:00Z,1.38086,1.38130,1.38076,1.38094,2498
2025-08-15T17:00:00Z,1.38096,1.38154,1.38086,1.38123,2343
2025-08-15T18:00:00Z,1.38122,1.38159,1.38098,1.38130,1923
2025-08-15T19:00:00Z,1.38130,1.38152,1.38094,1.38140,2282
2025-08-15T20:00:00Z,1.38140,1.38188,1.38067,1.38182,2600
2025-08-17T21:00:00Z,1.38118,1.38125,1.38103,1.38124,290
2025-08-17T22:00:00Z,1.38124,1.38140,1.38093,1.38104,1367
2025-08-17T23:00:00Z,1.38104,1.38168,1.38093,1.38149,1679
2025-08-18T00:00:00Z,1.38150,1.38150,1.38053,1.38072,3251
2025-08-18T01:00:00Z,1.38071,1.38084,1.38019,1.38039,3392
2025-08-18T02:00:00Z,1.38040,1.38095,1.38030,1.38083,2163
2025-08-18T03:00:00Z,1.38083,1.38085,1.38018,1.38026,2435
2025-08-18T04:00:00Z,1.38028,1.38034,1.37979,1.38005,2534
2025-08-18T05:00:00Z,1.38003,1.38037,1.37998,1.38019,2347
2025-08-18T06:00:00Z,1.38018,1.38093,1.38004,1.38035,3708
2025-08-18T07:00:00Z,1.38034,1.38040,1.37957,1.38016,4615
2025-08-18T08:00:00Z,1.38017,1.38055,1.37914,1.37933,4707
2025-08-18T09:00:00Z,1.37934,1.37984,1.37920,1.37979,2791
2025-08-18T10:00:00Z,1.37981,1.37981,1.37919,1.37950,2102
2025-08-18T11:00:00Z,1.37947,1.37970,1.37903,1.37932,2439
2025-08-18T12:00:00Z,1.37931,1.37937,1.37825,1.37906,3868
2025-08-18T13:00:00Z,1.37907,1.38087,1.37904,1.38084,4755
2025-08-18T14:00:00Z,1.38085,1.38269,1.38049,1.38235,6060
2025-08-18T15:00:00Z,1.38234,1.38309,1.38132,1.38154,4771
2025-08-18T16:00:00Z,1.38154,1.38163,1.38074,1.38121,3462
2025-08-18T17:00:00Z,1.38123,1.38140,1.38061,1.38107,2807
2025-08-18T18:00:00Z,1.38105,1.38129,1.38047,1.38116,3158
2025-08-18T19:00:00Z,1.38116,1.38125,1.38014,1.38053,2983
2025-08-18T20:00:00Z,1.38053,1.38089,1.37989,1.38020,1877
2025-08-18T21:00:00Z,1.38015,1.38016,1.37948,1.38015,759
2025-08-18T22:00:00Z,1.38013,1.38032,1.37956,1.38000,1863
2025-08-18T23:00:00Z,1.37999,1.38047,1.37998,1.38022,2029
2025-08-19T00:00:00Z,1.38021,1.38102,1.38014,1.38088,4158
2025-08-19T01:00:00Z,1.38088,1.38176,1.38076,1.38126,5807
2025-08-19T02:00:00Z,1.38127,1.38144,1.38086,1.38093,5178
2025-08-19T03:00:00Z,1.38091,1.38113,1.38057,1.38107,4818
2025-08-19T04:00:00Z,1.38108,1.38120,1.38065,1.38085,3750
2025-08-19T05:00:00Z,1.38086,1.38135,1.38057,1.38114,3359
2025-08-19T06:00:00Z,1.38113,1.38140,1.38028,1.38032,4414
2025-08-19T07:00:00Z,1.38032,1.38156,1.38008,1.38154,5394
2025-08-19T08:00:00Z,1.38156,1.38212,1.38137,1.38184,6685
2025-08-19T09:00:00Z,1.38183,1.38222,1.38158,1.38185,6061
2025-08-19T10:00:00Z,1.38186,1.38191,1.38103,1.38110,3867
2025-08-19T11:00:00Z,1.38111,1.38130,1.38051,1.38085,4265
2025-08-19T12:00:00Z,1.38087,1.38375,1.38056,1.38331,6547
2025-08-19T13:00:00Z,1.38332,1.38449,1.38324,1.38413,6239
2025-08-19T14:00:00Z,1.38415,1.38565,1.38374,1.38546,7579
2025-08-19T15:00:00Z,1.38544,1.38603,1.38488,1.38593,7365
2025-08-19T16:00:00Z,1.38593,1.38633,1.38530,1.38621,5203
2025-08-19T17:00:00Z,1.38620,1.38630,1.38532,1.38566,3546
2025-08-19T18:00:00Z,1.38565,1.38642,1.38565,1.38638,3216
2025-08-19T19:00:00Z,1.38638,1.38677,1.38588,1.38653,2929
2025-08-19T20:00:00Z,1.38653,1.38696,1.38607,1.38664,1934
2025-08-19T21:00:00Z,1.38664,1.38664,1.38540,1.38622,8276
2025-08-19T22:00:00Z,1.38612,1.38674,1.38596,1.38634,2048
2025-08-19T23:00:00Z,1.38634,1.38677,1.38628,1.38661,2751
2025-08-20T00:00:00Z,1.38662,1.38719,1.38648,1.38689,3705
2025-08-20T01:00:00Z,1.38689,1.38769,1.38643,1.38750,4049
2025-08-20T02:00:00Z,1.38749,1.38830,1.38748,1.38791,6657
2025-08-20T03:00:00Z,1.38792,1.38792,1.38718,1.38739,4983
2025-08-20T04:00:00Z,1.38740,1.38740,1.38687,1.38699,3972
2025-08-20T05:00:00Z,1.38698,1.38749,1.38687,1.38708,3992
2025-08-20T06:00:00Z,1.38708,1.38759,1.38680,1.38706,5876
2025-08-20T07:00:00Z,1.38705,1.38758,1.38678,1.38710,5188
2025-08-20T08:00:00Z,1.38709,1.38808,1.38689,1.38790,4613
2025-08-20T09:00:00Z,1.38790,1.38794,1.38725,1.38757,3435
2025-08-20T10:00:00Z,1.38758,1.38764,1.38698,1.38753,4060
2025-08-20T11:00:00Z,1.38753,1.38760,1.38683,1.38719,2751
2025-08-20T12:00:00Z,1.38718,1.38718,1.38531,1.38573,6269
2025-08-20T13:00:00Z,1.38575,1.38711,1.38569,1.38682,5341
2025-08-20T14:00:00Z,1.38682,1.38726,1.38586,1.38586,9212
2025-08-20T15:00:00Z,1.38586,1.38790,1.38570,1.38748,7353
2025-08-20T16:00:00Z,1.38747,1.38748,1.38664,1.38683,2718
2025-08-20T17:00:00Z,1.38685,1.38720,1.38623,1.38638,2651
2025-08-20T18:00:00Z,1.38635,1.38717,1.38627,1.38712,3399
2025-08-20T19:00:00Z,1.38712,1.38764,1.38635,1.38759,2840
2025-08-20T20:00:00Z,1.38758,1.38795,1.38710,1.38729,2553
2025-08-20T21:00:00Z,1.38725,1.38725,1.38661,1.38690,1164
2025-08-20T22:00:00Z,1.38707,1.38722,1.38678,1.38720,1398
2025-08-20T23:00:00Z,1.38720,1.38742,1.38707,1.38738,1956
2025-08-21T00:00:00Z,1.38737,1.38810,1.38729,1.38779,5331
2025-08-21T01:00:00Z,1.38779,1.38815,1.38721,1.38763,6023
2025-08-21T02:00:00Z,1.38764,1.38806,1.38729,1.38800,4128
2025-08-21T03:00:00Z,1.38799,1.38823,1.38778,1.38799,3482
2025-08-21T04:00:00Z,1.38798,1.38808,1.38770,1.38789,2464
2025-08-21T05:00:00Z,1.38787,1.38822,1.38742,1.38747,2266
2025-08-21T06:00:00Z,1.38748,1.38804,1.38732,1.38784,3665
2025-08-21T07:00:00Z,1.38783,1.38850,1.38764,1.38792,5469
2025-08-21T08:00:00Z,1.38794,1.38828,1.38755,1.38779,5532
2025-08-21T09:00:00Z,1.38777,1.38803,1.38733,1.38785,4116
2025-08-21T10:00:00Z,1.38786,1.38829,1.38770,1.38814,4028
2025-08-21T11:00:00Z,1.38815,1.38880,1.38780,1.38860,4806
2025-08-21T12:00:00Z,1.38857,1.38952,1.38805,1.38943,5638
2025-08-21T13:00:00Z,1.38943,1.39022,1.38894,1.38993,8241
2025-08-21T14:00:00Z,1.38991,1.39013,1.38916,1.38970,6770
2025-08-21T15:00:00Z,1.38969,1.39056,1.38914,1.39013,8700
2025-08-21T16:00:00Z,1.39013,1.39074,1.38959,1.38969,5862
2025-08-21T17:00:00Z,1.38967,1.39007,1.38906,1.38943,4659
2025-08-21T18:00:00Z,1.38945,1.38993,1.38915,1.38987,3958
2025-08-21T19:00:00Z,1.38987,1.39060,1.38981,1.39035,3514
2025-08-21T20:00:00Z,1.39035,1.39122,1.39026,1.39094,2053
2025-08-21T21:00:00Z,1.39083,1.39096,1.39052,1.39076,522
2025-08-21T22:00:00Z,1.39085,1.39093,1.39038,1.39042,1160
2025-08-21T23:00:00Z,1.39043,1.39064,1.39000,1.39011,1446
2025-08-22T00:00:00Z,1.39013,1.39074,1.38987,1.39071,2390
2025-08-22T01:00:00Z,1.39071,1.39127,1.39032,1.39118,2961
2025-08-22T02:00:00Z,1.39118,1.39124,1.39059,1.39105,3215
2025-08-22T03:00:00Z,1.39105,1.39138,1.39092,1.39130,3380
2025-08-22T04:00:00Z,1.39130,1.39148,1.39117,1.39145,2329
2025-08-22T05:00:00Z,1.39143,1.39153,1.39127,1.39138,2260
2025-08-22T06:00:00Z,1.39139,1.39163,1.39123,1.39149,3915
2025-08-22T07:00:00Z,1.39148,1.39168,1.39096,1.39117,3998
2025-08-22T08:00:00Z,1.39118,1.39139,1.39074,1.39076,3970
2025-08-22T09:00:00Z,1.39076,1.39143,1.39075,1.39130,5178
2025-08-22T10:00:00Z,1.39130,1.39183,1.39125,1.39159,3586
2025-08-22T11:00:00Z,1.39160,1.39166,1.39096,1.39109,4486
2025-08-22T12:00:00Z,1.39107,1.39182,1.39090,1.39163,6129
2025-08-22T13:00:00Z,1.39162,1.39242,1.39133,1.39210,7592
2025-08-22T14:00:00Z,1.39206,1.39207,1.38326,1.38341,25487
2025-08-22T15:00:00Z,1.38343,1.38455,1.38296,1.38455,14488
2025-08-22T16:00:00Z,1.38456,1.38458,1.38302,1.38316,9196
2025-08-22T17:00:00Z,1.38315,1.38320,1.38140,1.38181,6424
2025-08-22T18:00:00Z,1.38181,1.38252,1.38146,1.38242,5148
2025-08-22T19:00:00Z,1.38240,1.38306,1.38231,1.38286,3044
2025-08-22T20:00:00Z,1.38286,1.38302,1.38178,1.38257,3098
2025-08-24T21:00:00Z,1.38158,1.38268,1.38125,1.38244,1009
2025-08-24T22:00:00Z,1.38248,1.38330,1.38182,1.38266,1862
2025-08-24T23:00:00Z,1.38265,1.38319,1.38258,1.38292,2091
2025-08-25T00:00:00Z,1.38297,1.38397,1.38297,1.38352,4363
2025-08-25T01:00:00Z,1.38352,1.38435,1.38317,1.38420,3762
2025-08-25T02:00:00Z,1.38420,1.38429,1.38370,1.38383,3220
2025-08-25T03:00:00Z,1.38383,1.38394,1.38318,1.38334,3446
2025-08-25T04:00:00Z,1.38332,1.38351,1.38315,1.38343,2311
2025-08-25T05:00:00Z,1.38344,1.38372,1.38329,1.38360,2365
2025-08-25T06:00:00Z,1.38361,1.38361,1.38206,1.38246,3632
2025-08-25T07:00:00Z,1.38246,1.38367,1.38243,1.38354,3938
2025-08-25T08:00:00Z,1.38354,1.38363,1.38229,1.38269,4221
2025-08-25T09:00:00Z,1.38269,1.38320,1.38257,1.38310,3093
2025-08-25T10:00:00Z,1.38309,1.38355,1.38288,1.38344,3570
2025-08-25T11:00:00Z,1.38344,1.38346,1.38228,1.38234,3711
2025-08-25T12:00:00Z,1.38232,1.38255,1.38169,1.38221,5665
2025-08-25T13:00:00Z,1.38221,1.38284,1.38163,1.38217,7577
2025-08-25T14:00:00Z,1.38218,1.38291,1.38199,1.38239,10169
2025-08-25T15:00:00Z,1.38238,1.38345,1.38237,1.38302,6038
2025-08-25T16:00:00Z,1.38303,1.38382,1.38299,1.38336,4466
2025-08-25T17:00:00Z,1.38335,1.38429,1.38323,1.38422,3156
2025-08-25T18:00:00Z,1.38422,1.38547,1.38402,1.38521,3666
2025-08-25T19:00:00Z,1.38521,1.38635,1.38520,1.38621,4175
2025-08-25T20:00:00Z,1.38622,1.38622,1.38533,1.38573,2349
2025-08-25T21:00:00Z,1.38572,1.38603,1.38504,1.38564,1240
2025-08-25T22:00:00Z,1.38564,1.38576,1.38544,1.38552,1121
2025-08-25T23:00:00Z,1.38552,1.38604,1.38541,1.38584,1376
2025-08-26T00:00:00Z,1.38584,1.38635,1.38409,1.38445,12008
2025-08-26T01:00:00Z,1.38447,1.38584,1.38441,1.38555,5548
2025-08-26T02:00:00Z,1.38555,1.38555,1.38466,1.38492,4998
2025-08-26T03:00:00Z,1.38492,1.38584,1.38492,1.38577,5126
2025-08-26T04:00:00Z,1.38575,1.38594,1.38536,1.38537,3024
2025-08-26T05:00:00Z,1.38537,1.38553,1.38496,1.38506,3510
2025-08-26T06:00:00Z,1.38509,1.38650,1.38499,1.38573,6717
2025-08-26T07:00:00Z,1.38574,1.38674,1.38500,1.38553,10806
2025-08-26T08:00:00Z,1.38552,1.38638,1.38546,1.38573,8448
2025-08-26T09:00:00Z,1.38572,1.38574,1.38467,1.38477,7253
2025-08-26T10:00:00Z,1.38476,1.38523,1.38457,1.38503,5165
2025-08-26T11:00:00Z,1.38503,1.38505,1.38403,1.38440,6289
2025-08-26T12:00:00Z,1.38439,1.38500,1.38396,1.38449,7552
2025-08-26T13:00:00Z,1.38451,1.38542,1.38423,1.38473,8327
2025-08-26T14:00:00Z,1.38472,1.38502,1.38263,1.38264,11070
2025-08-26T15:00:00Z,1.38263,1.38295,1.38217,1.38244,8364
2025-08-26T16:00:00Z,1.38245,1.38318,1.38239,1.38293,9586
2025-08-26T17:00:00Z,1.38292,1.38399,1.38289,1.38387,7023
2025-08-26T18:00:00Z,1.38386,1.38414,1.38283,1.38342,4514
2025-08-26T19:00:00Z,1.38341,1.38358,1.38288,1.38341,3888
2025-08-26T20:00:00Z,1.38342,1.38392,1.38311,1.38380,1961
2025-08-26T21:00:00Z,1.38374,1.38389,1.38342,1.38362,3915
2025-08-26T22:00:00Z,1.38363,1.38379,1.38335,1.38335,904
2025-08-26T23:00:00Z,1.38335,1.38356,1.38324,1.38344,775
2025-08-27T00:00:00Z,1.38343,1.38356,1.38293,1.38329,2895
2025-08-27T01:00:00Z,1.38328,1.38353,1.38277,1.38309,5012
2025-08-27T02:00:00Z,1.38308,1.38407,1.38307,1.38377,3106
2025-08-27T03:00:00Z,1.38376,1.38407,1.38368,1.38398,2327
2025-08-27T04:00:00Z,1.38399,1.38434,1.38395,1.38426,2402
2025-08-27T05:00:00Z,1.38426,1.38448,1.38386,1.38403,2063
2025-08-27T06:00:00Z,1.38404,1.38409,1.38334,1.38374,3830
2025-08-27T07:00:00Z,1.38375,1.38537,1.38369,1.38458,6833
2025-08-27T08:00:00Z,1.38459,1.38566,1.38457,1.38479,7354
2025-08-27T09:00:00Z,1.38479,1.38544,1.38469,1.38536,5156
2025-08-27T10:00:00Z,1.38535,1.38540,1.38477,1.38519,5402
2025-08-27T11:00:00Z,1.38519,1.38560,1.38442,1.38519,4430
2025-08-27T12:00:00Z,1.38518,1.38543,1.38425,1.38503,6664
2025-08-27T13:00:00Z,1.38504,1.38544,1.38436,1.38521,8901
2025-08-27T14:00:00Z,1.38520,1.38575,1.38285,1.38315,10441
2025-08-27T15:00:00Z,1.38313,1.38328,1.38207,1.38255,9657
2025-08-27T16:00:00Z,1.38255,1.38256,1.37975,1.37977,6150
2025-08-27T17:00:00Z,1.37976,1.38009,1.37824,1.37844,6400
2025-08-27T18:00:00Z,1.37845,1.37957,1.37840,1.37956,11656
2025-08-27T19:00:00Z,1.37958,1.37966,1.37855,1.37878,5343
2025-08-27T20:00:00Z,1.37877,1.37916,1.37831,1.37891,2848
2025-08-27T21:00:00Z,1.37891,1.37898,1.37854,1.37887,893
2025-08-27T22:00:00Z,1.37891,1.37892,1.37825,1.37835,1332
2025-08-27T23:00:00Z,1.37833,1.37843,1.37803,1.37808,1319
2025-08-28T00:00:00Z,1.37808,1.37829,1.37783,1.37818,3868
2025-08-28T01:00:00Z,1.37817,1.37828,1.37774,1.37802,4260
2025-08-28T02:00:00Z,1.37801,1.37810,1.37718,1.37724,4391
2025-08-28T03:00:00Z,1.37724,1.37778,1.37688,1.37767,3582
2025-08-28T04:00:00Z,1.37767,1.37815,1.37767,1.37809,3384
2025-08-28T05:00:00Z,1.37809,1.37874,1.37808,1.37823,2636
2025-08-28T06:00:00Z,1.37822,1.37847,1.37769,1.37826,4351
2025-08-28T07:00:00Z,1.37828,1.37870,1.37769,1.37779,6575
2025-08-28T08:00:00Z,1.37779,1.37849,1.37742,1.37758,6642
2025-08-28T09:00:00Z,1.37756,1.37760,1.37673,1.37709,6701
2025-08-28T10:00:00Z,1.37709,1.37734,1.37609,1.37618,5682
2025-08-28T11:00:00Z,1.37616,1.37669,1.37600,1.37640,4775
2025-08-28T12:00:00Z,1.37640,1.37675,1.37522,1.37602,9438
2025-08-28T13:00:00Z,1.37601,1.37848,1.37592,1.37644,10691
2025-08-28T14:00:00Z,1.37642,1.37726,1.37549,1.37656,9857
2025-08-28T15:00:00Z,1.37655,1.37679,1.37504,1.37514,7687
2025-08-28T16:00:00Z,1.37512,1.37528,1.37456,1.37474,4222
2025-08-28T17:00:00Z,1.37472,1.37500,1.37425,1.37460,2955
2025-08-28T18:00:00Z,1.37461,1.37478,1.37408,1.37462,2187
2025-08-28T19:00:00Z,1.37463,1.37542,1.37454,1.37537,2675
2025-08-28T20:00:00Z,1.37536,1.37560,1.37457,1.37481,2015
2025-08-28T21:00:00Z,1.37477,1.37515,1.37429,1.37508,970
2025-08-28T22:00:00Z,1.37513,1.37537,1.37493,1.37507,2024
2025-08-28T23:00:00Z,1.37507,1.37524,1.37489,1.37516,1872
2025-08-29T00:00:00Z,1.37514,1.37517,1.37457,1.37457,4970
2025-08-29T01:00:00Z,1.37455,1.37547,1.37443,1.37498,6997
2025-08-29T02:00:00Z,1.37498,1.37542,1.37475,1.37539,4450
2025-08-29T03:00:00Z,1.37538,1.37565,1.37522,1.37538,3088
2025-08-29T04:00:00Z,1.37540,1.37555,1.37509,1.37523,2550
2025-08-29T05:00:00Z,1.37522,1.37554,1.37512,1.37527,3169
2025-08-29T06:00:00Z,1.37530,1.37568,1.37493,1.37544,3808
2025-08-29T07:00:00Z,1.37545,1.37553,1.37395,1.37402,6795
2025-08-29T08:00:00Z,1.37403,1.37443,1.37366,1.37401,6070
2025-08-29T09:00:00Z,1.37400,1.37559,1.37393,1.37554,3847
2025-08-29T10:00:00Z,1.37555,1.37566,1.37489,1.37496,5889
2025-08-29T11:00:00Z,1.37494,1.37531,1.37477,1.37511,3872
2025-08-29T12:00:00Z,1.37511,1.37787,1.37489,1.37699,11153
2025-08-29T13:00:00Z,1.37698,1.37787,1.37550,1.37618,11044
2025-08-29T14:00:00Z,1.37618,1.37618,1.37272,1.37290,15420
2025-08-29T15:00:00Z,1.37295,1.37399,1.37268,1.37281,8003
2025-08-29T16:00:00Z,1.37279,1.37352,1.37262,1.37311,3380
2025-08-29T17:00:00Z,1.37312,1.37366,1.37312,1.37329,2405
2025-08-29T18:00:00Z,1.37328,1.37368,1.37271,1.37273,2342
2025-08-29T19:00:00Z,1.37274,1.37368,1.37272,1.37333,3203
2025-08-29T20:00:00Z,1.37331,1.37462,1.37309,1.37407,3276
2025-08-31T21:00:00Z,1.37200,1.37374,1.37200,1.37364,859
2025-08-31T22:00:00Z,1.37366,1.37426,1.37341,1.37399,1299
2025-08-31T23:00:00Z,1.37399,1.37406,1.37375,1.37385,1058
2025-09-01T00:00:00Z,1.37386,1.37388,1.37342,1.37352,2234
2025-09-01T01:00:00Z,1.37353,1.37445,1.37347,1.37392,4220
2025-09-01T02:00:00Z,1.37392,1.37406,1.37320,1.37330,5611
2025-09-01T03:00:00Z,1.37328,1.37375,1.37323,1.37352,2643
2025-09-01T04:00:00Z,1.37352,1.37392,1.37350,1.37377,3015
2025-09-01T05:00:00Z,1.37377,1.37381,1.37336,1.37367,3512
2025-09-01T06:00:00Z,1.37369,1.37493,1.37367,1.37473,5135
2025-09-01T07:00:00Z,1.37474,1.37521,1.37464,1.37471,6846
2025-09-01T08:00:00Z,1.37472,1.37503,1.37378,1.37391,4709
2025-09-01T09:00:00Z,1.37391,1.37405,1.37365,1.37386,5357
2025-09-01T10:00:00Z,1.37386,1.37397,1.37332,1.37389,2721
2025-09-01T11:00:00Z,1.37390,1.37418,1.37358,1.37414,2861
2025-09-01T12:00:00Z,1.37412,1.37518,1.37405,1.37517,7972
2025-09-01T13:00:00Z,1.37518,1.37521,1.37438,1.37480,9525
2025-09-01T14:00:00Z,1.37483,1.37503,1.37430,1.37479,7471
2025-09-01T15:00:00Z,1.37478,1.37617,1.37477,1.37564,4765
2025-09-01T16:00:00Z,1.37563,1.37596,1.37527,1.37541,3448
2025-09-01T17:00:00Z,1.37543,1.37563,1.37540,1.37545,654
2025-09-01T18:00:00Z,1.37546,1.37552,1.37516,1.37518,1040
2025-09-01T19:00:00Z,1.37517,1.37523,1.37494,1.37497,960
2025-09-01T20:00:00Z,1.37498,1.37508,1.37486,1.37492,760
2025-09-01T21:00:00Z,1.37492,1.37502,1.37430,1.37461,973
2025-09-01T22:00:00Z,1.37465,1.37525,1.37465,1.37508,792
2025-09-01T23:00:00Z,1.37507,1.37519,1.37463,1.37479,1357
2025-09-02T00:00:00Z,1.37478,1.37519,1.37453,1.37473,5363
2025-09-02T01:00:00Z,1.37472,1.37511,1.37452,1.37494,6462
2025-09-02T02:00:00Z,1.37494,1.37562,1.37490,1.37534,5211
2025-09-02T03:00:00Z,1.37533,1.37559,1.37515,1.37540,4013
2025-09-02T04:00:00Z,1.37539,1.37587,1.37531,1.37571,1862
2025-09-02T05:00:00Z,1.37570,1.37586,1.37546,1.37550,4061
2025-09-02T06:00:00Z,1.37551,1.37553,1.37459,1.37461,4722
2025-09-02T07:00:00Z,1.37460,1.37792,1.37450,1.37764,12463
2025-09-02T08:00:00Z,1.37765,1.37833,1.37668,1.37692,11599
2025-09-02T09:00:00Z,1.37691,1.37785,1.37664,1.37745,8550
2025-09-02T10:00:00Z,1.37746,1.37785,1.37726,1.37734,8182
2025-09-02T11:00:00Z,1.37735,1.37953,1.37700,1.37876,7647
2025-09-02T12:00:00Z,1.37876,1.38143,1.37834,1.38081,12802
2025-09-02T13:00:00Z,1.38082,1.38094,1.37874,1.37881,14491
2025-09-02T14:00:00Z,1.37879,1.37949,1.37773,1.37939,16520
2025-09-02T15:00:00Z,1.37939,1.37999,1.37834,1.37848,9809
2025-09-02T16:00:00Z,1.37848,1.37895,1.37726,1.37730,5237
2025-09-02T17:00:00Z,1.37729,1.37800,1.37716,1.37786,4118
2025-09-02T18:00:00Z,1.37787,1.37921,1.37780,1.37856,4499
2025-09-02T19:00:00Z,1.37858,1.37876,1.37779,1.37847,3863
2025-09-02T20:00:00Z,1.37847,1.37853,1.37757,1.37801,2332
2025-09-02T21:00:00Z,1.37801,1.37825,1.37719,1.37796,1096
2025-09-02T22:00:00Z,1.37797,1.37840,1.37785,1.37838,773
2025-09-02T23:00:00Z,1.37837,1.37849,1.37827,1.37842,934
2025-09-03T00:00:00Z,1.37843,1.37919,1.37837,1.37898,4402
2025-09-03T01:00:00Z,1.37897,1.37909,1.37841,1.37867,6111
2025-09-03T02:00:00Z,1.37866,1.37917,1.37833,1.37906,5303
2025-09-03T03:00:00Z,1.37907,1.37956,1.37888,1.37952,4800
2025-09-03T04:00:00Z,1.37953,1.37964,1.37914,1.37916,3438
2025-09-03T05:00:00Z,1.37915,1.37999,1.37913,1.37974,4145
2025-09-03T06:00:00Z,1.37971,1.37993,1.37909,1.37960,6861
2025-09-03T07:00:00Z,1.37962,1.38073,1.37925,1.37970,7813
2025-09-03T08:00:00Z,1.37970,1.38052,1.37876,1.38006,7611
2025-09-03T09:00:00Z,1.38004,1.38007,1.37931,1.37971,7965
2025-09-03T10:00:00Z,1.37972,1.38053,1.37937,1.37988,5295
2025-09-03T11:00:00Z,1.37989,1.38011,1.37957,1.37977,5632
2025-09-03T12:00:00Z,1.37978,1.38057,1.37954,1.37986,6682
2025-09-03T13:00:00Z,1.37988,1.38045,1.37926,1.38027,10334
2025-09-03T14:00:00Z,1.38029,1.38029,1.37824,1.37898,10851
2025-09-03T15:00:00Z,1.37898,1.37931,1.37838,1.37879,7221
2025-09-03T16:00:00Z,1.37877,1.37904,1.37852,1.37864,3088
2025-09-03T17:00:00Z,1.37864,1.37988,1.37852,1.37966,3940
2025-09-03T18:00:00Z,1.37966,1.37981,1.37863,1.37970,4050
2025-09-03T19:00:00Z,1.37969,1.38014,1.37957,1.37983,4019
2025-09-03T20:00:00Z,1.37983,1.37991,1.37874,1.37926,2475
2025-09-03T21:00:00Z,1.37920,1.37933,1.37897,1.37902,548
2025-09-03T22:00:00Z,1.37908,1.37957,1.37907,1.37942,724
2025-09-03T23:00:00Z,1.37943,1.37943,1.37911,1.37927,996
2025-09-04T00:00:00Z,1.37926,1.37981,1.37918,1.37975,4250
2025-09-04T01:00:00Z,1.37976,1.38014,1.37940,1.37994,5427
2025-09-04T02:00:00Z,1.37996,1.38065,1.37989,1.38055,3868
2025-09-04T03:00:00Z,1.38054,1.38064,1.38039,1.38056,2840
2025-09-04T04:00:00Z,1.38056,1.38079,1.38044,1.38071,1602
2025-09-04T05:00:00Z,1.38072,1.38099,1.38071,1.38082,3513
2025-09-04T06:00:00Z,1.38082,1.38141,1.38067,1.38133,3841
2025-09-04T07:00:00Z,1.38134,1.38148,1.38083,1.38117,4353
2025-09-04T08:00:00Z,1.38118,1.38131,1.38083,1.38096,3761
2025-09-04T09:00:00Z,1.38095,1.38223,1.38080,1.38196,3197
2025-09-04T10:00:00Z,1.38196,1.38203,1.38154,1.38198,4172
2025-09-04T11:00:00Z,1.38201,1.38257,1.38195,1.38206,4486
2025-09-04T12:00:00Z,1.38205,1.38268,1.38039,1.38155,8109
2025-09-04T13:00:00Z,1.38154,1.38204,1.38061,1.38125,8420
2025-09-04T14:00:00Z,1.38125,1.38423,1.38117,1.38409,12430
2025-09-04T15:00:00Z,1.38408,1.38450,1.38283,1.38286,7024
2025-09-04T16:00:00Z,1.38286,1.38402,1.38274,1.38318,4174
2025-09-04T17:00:00Z,1.38317,1.38363,1.38292,1.38313,2881
2025-09-04T18:00:00Z,1.38316,1.38319,1.38259,1.38285,3143
2025-09-04T19:00:00Z,1.38285,1.38286,1.38205,1.38253,3275
2025-09-04T20:00:00Z,1.38252,1.38284,1.38154,1.38179,2048
2025-09-04T21:00:00Z,1.38177,1.38180,1.38108,1.38170,1531
2025-09-04T22:00:00Z,1.38175,1.38199,1.38142,1.38196,1959
2025-09-04T23:00:00Z,1.38197,1.38200,1.38146,1.38149,1193
2025-09-05T00:00:00Z,1.38149,1.38161,1.38093,1.38095,4013
2025-09-05T01:00:00Z,1.38094,1.38109,1.38062,1.38069,3234
2025-09-05T02:00:00Z,1.38069,1.38075,1.38037,1.38073,2145
2025-09-05T03:00:00Z,1.38073,1.38080,1.38043,1.38068,2524
2025-09-05T04:00:00Z,1.38067,1.38108,1.38057,1.38097,2146
2025-09-05T05:00:00Z,1.38096,1.38104,1.38006,1.38014,2249
2025-09-05T06:00:00Z,1.38015,1.38086,1.38010,1.38053,3397
2025-09-05T07:00:00Z,1.38052,1.38057,1.37933,1.37937,4770
2025-09-05T08:00:00Z,1.37940,1.37944,1.37893,1.37916,5682
2025-09-05T09:00:00Z,1.37916,1.37973,1.37895,1.37947,4274
2025-09-05T10:00:00Z,1.37949,1.37962,1.37886,1.37934,3469
2025-09-05T11:00:00Z,1.37934,1.38052,1.37913,1.38020,3027
2025-09-05T12:00:00Z,1.38021,1.38169,1.37575,1.38040,14928
2025-09-05T13:00:00Z,1.38039,1.38143,1.37952,1.37990,15753
2025-09-05T14:00:00Z,1.37988,1.38371,1.37985,1.38301,13816
2025-09-05T15:00:00Z,1.38302,1.38386,1.38214,1.38244,7879
2025-09-05T16:00:00Z,1.38243,1.38397,1.38174,1.38336,5724
2025-09-05T17:00:00Z,1.38334,1.38474,1.38334,1.38446,4834
2025-09-05T18:00:00Z,1.38445,1.38495,1.38422,1.38474,2619
2025-09-05T19:00:00Z,1.38474,1.38537,1.38449,1.38506,3136
2025-09-05T20:00:00Z,1.38507,1.38507,1.38221,1.38257,3354
2025-09-07T21:00:00Z,1.38292,1.38421,1.38288,1.38346,745
2025-09-07T22:00:00Z,1.38342,1.38440,1.38298,1.38422,2321
2025-09-07T23:00:00Z,1.38421,1.38423,1.38345,1.38350,2396
2025-09-08T00:00:00Z,1.38352,1.38431,1.38352,1.38378,6226
2025-09-08T01:00:00Z,1.38377,1.38412,1.38310,1.38318,7658
2025-09-08T02:00:00Z,1.38318,1.38360,1.38304,1.38316,6429
2025-09-08T03:00:00Z,1.38315,1.38335,1.38284,1.38327,4493
2025-09-08T04:00:00Z,1.38329,1.38357,1.38312,1.38328,3557
2025-09-08T05:00:00Z,1.38328,1.38334,1.38266,1.38286,3749
2025-09-08T06:00:00Z,1.38282,1.38320,1.38234,1.38260,6471
2025-09-08T07:00:00Z,1.38260,1.38269,1.38135,1.38151,9086
2025-09-08T08:00:00Z,1.38151,1.38205,1.38114,1.38160,5550
2025-09-08T09:00:00Z,1.38161,1.38243,1.38142,1.38174,5896
2025-09-08T10:00:00Z,1.38173,1.38174,1.38054,1.38057,6009
2025-09-08T11:00:00Z,1.38058,1.38062,1.37983,1.38009,4461
2025-09-08T12:00:00Z,1.38010,1.38106,1.37882,1.37929,6489
2025-09-08T13:00:00Z,1.37929,1.38184,1.37878,1.38135,9740
2025-09-08T14:00:00Z,1.38136,1.38263,1.38126,1.38222,9499
2025-09-08T15:00:00Z,1.38222,1.38261,1.38181,1.38207,5964
2025-09-08T16:00:00Z,1.38207,1.38334,1.38193,1.38254,4054
2025-09-08T17:00:00Z,1.38254,1.38314,1.38248,1.38284,4046
2025-09-08T18:00:00Z,1.38283,1.38286,1.38101,1.38131,4841
2025-09-08T19:00:00Z,1.38130,1.38142,1.38056,1.38058,3959
2025-09-08T20:00:00Z,1.38058,1.38074,1.38016,1.38020,2518
2025-09-08T21:00:00Z,1.38016,1.38032,1.37976,1.38002,1856
2025-09-08T22:00:00Z,1.38010,1.38014,1.37974,1.37997,1212
2025-09-08T23:00:00Z,1.37997,1.37998,1.37945,1.37952,1861
2025-09-09T00:00:00Z,1.37953,1.38046,1.37953,1.38039,3248
2025-09-09T01:00:00Z,1.38039,1.38108,1.38022,1.38030,4341
2025-09-09T02:00:00Z,1.38031,1.38043,1.37974,1.38035,3040
2025-09-09T03:00:00Z,1.38035,1.38097,1.38030,1.38094,2212
2025-09-09T04:00:00Z,1.38094,1.38097,1.38022,1.38039,2384
2025-09-09T05:00:00Z,1.38039,1.38046,1.37944,1.37954,3539
2025-09-09T06:00:00Z,1.37954,1.38034,1.37930,1.38015,5400
2025-09-09T07:00:00Z,1.38016,1.38126,1.37976,1.38078,5812
2025-09-09T08:00:00Z,1.38078,1.38115,1.37973,1.37973,6175
2025-09-09T09:00:00Z,1.37974,1.38036,1.37938,1.38018,4766
2025-09-09T10:00:00Z,1.38017,1.38109,1.37980,1.38098,4658
2025-09-09T11:00:00Z,1.38096,1.38150,1.38044,1.38145,3741
2025-09-09T12:00:00Z,1.38146,1.38269,1.38077,1.38223,6094
2025-09-09T13:00:00Z,1.38223,1.38268,1.38109,1.38155,8283
2025-09-09T14:00:00Z,1.38153,1.38314,1.38041,1.38202,15490
2025-09-09T15:00:00Z,1.38201,1.38372,1.38195,1.38347,7794
2025-09-09T16:00:00Z,1.38347,1.38424,1.38319,1.38320,4729
2025-09-09T17:00:00Z,1.38321,1.38441,1.38304,1.38435,4308
2025-09-09T18:00:00Z,1.38436,1.38477,1.38411,1.38464,3601
2025-09-09T19:00:00Z,1.38463,1.38579,1.38457,1.38579,3617
2025-09-09T20:00:00Z,1.38579,1.38593,1.38398,1.38417,2824
2025-09-09T21:00:00Z,1.38397,1.38448,1.38356,1.38411,1099
2025-09-09T22:00:00Z,1.38412,1.38459,1.38399,1.38444,882
2025-09-09T23:00:00Z,1.38443,1.38492,1.38434,1.38459,1782
2025-09-10T00:00:00Z,1.38461,1.38571,1.38461,1.38555,5410
2025-09-10T01:00:00Z,1.38554,1.38628,1.38499,1.38552,6645
2025-09-10T02:00:00Z,1.38551,1.38589,1.38516,1.38550,3660
2025-09-10T03:00:00Z,1.38550,1.38553,1.38499,1.38527,2909
2025-09-10T04:00:00Z,1.38525,1.38528,1.38406,1.38407,3252
2025-09-10T05:00:00Z,1.38411,1.38457,1.38411,1.38421,3795
2025-09-10T06:00:00Z,1.38417,1.38548,1.38385,1.38525,5011
2025-09-10T07:00:00Z,1.38524,1.38599,1.38505,1.38540,6346
2025-09-10T08:00:00Z,1.38542,1.38598,1.38517,1.38518,6424
2025-09-10T09:00:00Z,1.38519,1.38524,1.38464,1.38480,4919
2025-09-10T10:00:00Z,1.38480,1.38584,1.38478,1.38576,3787
2025-09-10T11:00:00Z,1.38575,1.38599,1.38545,1.38577,5376
2025-09-10T12:00:00Z,1.38579,1.38617,1.38390,1.38529,13339
2025-09-10T13:00:00Z,1.38529,1.38592,1.38331,1.38379,13783
2025-09-10T14:00:00Z,1.38379,1.38486,1.38301,1.38414,12420
2025-09-10T15:00:00Z,1.38415,1.38535,1.38406,1.38443,8503
2025-09-10T16:00:00Z,1.38446,1.38598,1.38429,1.38566,3766
2025-09-10T17:00:00Z,1.38566,1.38667,1.38517,1.38637,5365
2025-09-10T18:00:00Z,1.38638,1.38658,1.38548,1.38606,6372
2025-09-10T19:00:00Z,1.38607,1.38696,1.38603,1.38638,5173
2025-09-10T20:00:00Z,1.38638,1.38670,1.38585,1.38616,2565
2025-09-10T21:00:00Z,1.38606,1.38633,1.38563,1.38604,1936
2025-09-10T22:00:00Z,1.38612,1.38620,1.38582,1.38584,843
2025-09-10T23:00:00Z,1.38582,1.38621,1.38577,1.38603,1332
2025-09-11T00:00:00Z,1.38603,1.38694,1.38602,1.38693,3611
2025-09-11T01:00:00Z,1.38695,1.38697,1.38639,1.38663,4850
2025-09-11T02:00:00Z,1.38664,1.38731,1.38657,1.38711,2885
2025-09-11T03:00:00Z,1.38713,1.38713,1.38675,1.38698,3818
2025-09-11T04:00:00Z,1.38699,1.38724,1.38697,1.38711,2836
2025-09-11T05:00:00Z,1.38710,1.38774,1.38710,1.38768,3196
2025-09-11T06:00:00Z,1.38770,1.38795,1.38712,1.38731,5543
2025-09-11T07:00:00Z,1.38730,1.38813,1.38717,1.38792,4897
2025-09-11T08:00:00Z,1.38790,1.38814,1.38776,1.38806,4660
2025-09-11T09:00:00Z,1.38807,1.38889,1.38801,1.38824,4799
2025-09-11T10:00:00Z,1.38826,1.38875,1.38799,1.38831,5522
2025-09-11T11:00:00Z,1.38832,1.38886,1.38732,1.38879,5855
2025-09-11T12:00:00Z,1.38882,1.38911,1.38552,1.38571,12645
2025-09-11T13:00:00Z,1.38573,1.38676,1.38471,1.38487,12417
2025-09-11T14:00:00Z,1.38487,1.38508,1.38355,1.38406,11395
2025-09-11T15:00:00Z,1.38408,1.38450,1.38288,1.38308,6638
2025-09-11T16:00:00Z,1.38308,1.38339,1.38256,1.38328,4363
2025-09-11T17:00:00Z,1.38327,1.38391,1.38301,1.38390,3903
2025-09-11T18:00:00Z,1.38391,1.38394,1.38320,1.38368,4034
2025-09-11T19:00:00Z,1.38367,1.38426,1.38292,1.38316,4137
2025-09-11T20:00:00Z,1.38316,1.38378,1.38298,1.38308,3725
2025-09-11T21:00:00Z,1.38307,1.38350,1.38273,1.38332,1505
2025-09-11T22:00:00Z,1.38347,1.38364,1.38299,1.38319,1165
2025-09-11T23:00:00Z,1.38321,1.38348,1.38311,1.38343,1864
2025-09-12T00:00:00Z,1.38343,1.38409,1.38341,1.38380,4772
2025-09-12T01:00:00Z,1.38380,1.38483,1.38359,1.38464,4914
2025-09-12T02:00:00Z,1.38464,1.38470,1.38408,1.38418,3037
2025-09-12T03:00:00Z,1.38420,1.38454,1.38401,1.38425,2648
2025-09-12T04:00:00Z,1.38426,1.38438,1.38403,1.38419,3001
2025-09-12T05:00:00Z,1.38418,1.38420,1.38374,1.38381,3363
2025-09-12T06:00:00Z,1.38381,1.38412,1.38351,1.38359,5315
2025-09-12T07:00:00Z,1.38358,1.38406,1.38320,1.38343,5722
2025-09-12T08:00:00Z,1.38345,1.38488,1.38332,1.38473,7838
2025-09-12T09:00:00Z,1.38474,1.38486,1.38377,1.38395,5566
2025-09-12T10:00:00Z,1.38395,1.38414,1.38350,1.38354,3548
2025-09-12T11:00:00Z,1.38355,1.38446,1.38342,1.38427,4159
2025-09-12T12:00:00Z,1.38425,1.38605,1.38403,1.38427,6453
2025-09-12T13:00:00Z,1.38428,1.38539,1.38414,1.38436,8078
2025-09-12T14:00:00Z,1.38435,1.38520,1.38341,1.38491,8122
2025-09-12T15:00:00Z,1.38490,1.38603,1.38478,1.38583,5851
2025-09-12T16:00:00Z,1.38581,1.38633,1.38474,1.38493,3365
2025-09-12T17:00:00Z,1.38494,1.38517,1.38425,1.38472,3896
2025-09-12T18:00:00Z,1.38472,1.38482,1.38379,1.38382,2708
2025-09-12T19:00:00Z,1.38382,1.38456,1.38382,1.38450,3018
2025-09-12T20:00:00Z,1.38451,1.38532,1.38427,1.38430,3220
2025-09-14T21:00:00Z,1.38273,1.38415,1.38273,1.38376,1548
2025-09-14T22:00:00Z,1.38377,1.38422,1.38355,1.38355,1310
2025-09-14T23:00:00Z,1.38355,1.38407,1.38355,1.38389,974
2025-09-15T00:00:00Z,1.38388,1.38436,1.38383,1.38416,1354
2025-09-15T01:00:00Z,1.38416,1.38454,1.38397,1.38424,2821
2025-09-15T02:00:00Z,1.38423,1.38455,1.38407,1.38415,1671
2025-09-15T03:00:00Z,1.38414,1.38416,1.38345,1.38354,3167
2025-09-15T04:00:00Z,1.38353,1.38362,1.38339,1.38346,2204
2025-09-15T05:00:00Z,1.38345,1.38377,1.38341,1.38366,2185
2025-09-15T06:00:00Z,1.38366,1.38410,1.38340,1.38361,3870
2025-09-15T07:00:00Z,1.38361,1.38392,1.38303,1.38364,5465
2025-09-15T08:00:00Z,1.38367,1.38383,1.38320,1.38342,4495
2025-09-15T09:00:00Z,1.38340,1.38343,1.38297,1.38321,3579
2025-09-15T10:00:00Z,1.38321,1.38322,1.38211,1.38242,2960
2025-09-15T11:00:00Z,1.38241,1.38259,1.38185,1.38241,3262
2025-09-15T12:00:00Z,1.38240,1.38280,1.38146,1.38249,5757
2025-09-15T13:00:00Z,1.38248,1.38361,1.38201,1.38346,5730
2025-09-15T14:00:00Z,1.38346,1.38421,1.38061,1.38079,6987
2025-09-15T15:00:00Z,1.38078,1.38124,1.37930,1.37987,6933
2025-09-15T16:00:00Z,1.37986,1.38042,1.37940,1.37997,4778
2025-09-15T17:00:00Z,1.37997,1.38012,1.37769,1.37811,4139
2025-09-15T18:00:00Z,1.37811,1.37830,1.37705,1.37768,5132
2025-09-15T19:00:00Z,1.37767,1.37769,1.37677,1.37696,4838
2025-09-15T20:00:00Z,1.37697,1.37800,1.37664,1.37771,3148
2025-09-15T21:00:00Z,1.37761,1.37819,1.37704,1.37776,1482
2025-09-15T22:00:00Z,1.37772,1.37794,1.37757,1.37759,1068
2025-09-15T23:00:00Z,1.37758,1.37779,1.37732,1.37743,1708
2025-09-16T00:00:00Z,1.37743,1.37776,1.37708,1.37737,2593
2025-09-16T01:00:00Z,1.37737,1.37761,1.37711,1.37719,2934
2025-09-16T02:00:00Z,1.37721,1.37728,1.37690,1.37714,2013
2025-09-16T03:00:00Z,1.37713,1.37725,1.37631,1.37671,1690
2025-09-16T04:00:00Z,1.37671,1.37725,1.37670,1.37715,1885
2025-09-16T05:00:00Z,1.37714,1.37720,1.37670,1.37691,1374
2025-09-16T06:00:00Z,1.37691,1.37699,1.37632,1.37640,4443
2025-09-16T07:00:00Z,1.37639,1.37691,1.37617,1.37682,5237
2025-09-16T08:00:00Z,1.37682,1.37766,1.37663,1.37750,5442
2025-09-16T09:00:00Z,1.37749,1.37750,1.37635,1.37650,5151
2025-09-16T10:00:00Z,1.37650,1.37668,1.37617,1.37627,5435
2025-09-16T11:00:00Z,1.37625,1.37633,1.37474,1.37510,4678
2025-09-16T12:00:00Z,1.37509,1.37638,1.37458,1.37571,7459
2025-09-16T13:00:00Z,1.37570,1.37582,1.37365,1.37452,9721
2025-09-16T14:00:00Z,1.37452,1.37627,1.37389,1.37466,12022
2025-09-16T15:00:00Z,1.37467,1.37620,1.37438,1.37456,7323
2025-09-16T16:00:00Z,1.37455,1.37470,1.37365,1.37412,4700
2025-09-16T17:00:00Z,1.37412,1.37448,1.37367,1.37431,5017
2025-09-16T18:00:00Z,1.37432,1.37506,1.37363,1.37487,3709
2025-09-16T19:00:00Z,1.37489,1.37546,1.37455,1.37493,3148
2025-09-16T20:00:00Z,1.37495,1.37499,1.37338,1.37381,2129
2025-09-16T21:00:00Z,1.37375,1.37398,1.37361,1.37382,617
2025-09-16T22:00:00Z,1.37383,1.37431,1.37375,1.37395,1017
2025-09-16T23:00:00Z,1.37398,1.37412,1.37369,1.37388,1522
2025-09-17T00:00:00Z,1.37385,1.37441,1.37369,1.37426,4880
2025-09-17T01:00:00Z,1.37423,1.37495,1.37418,1.37470,3980
2025-09-17T02:00:00Z,1.37468,1.37502,1.37449,1.37496,3428
2025-09-17T03:00:00Z,1.37497,1.37540,1.37489,1.37533,2274
2025-09-17T04:00:00Z,1.37533,1.37539,1.37496,1.37504,1977
2025-09-17T05:00:00Z,1.37505,1.37515,1.37476,1.37500,2968
2025-09-17T06:00:00Z,1.37500,1.37551,1.37491,1.37498,5126
2025-09-17T07:00:00Z,1.37498,1.37616,1.37481,1.37599,5033
2025-09-17T08:00:00Z,1.37602,1.37615,1.37524,1.37557,4210
2025-09-17T09:00:00Z,1.37555,1.37565,1.37500,1.37530,3956
2025-09-17T10:00:00Z,1.37528,1.37586,1.37514,1.37558,3208
2025-09-17T11:00:00Z,1.37558,1.37558,1.37483,1.37548,2011
2025-09-17T12:00:00Z,1.37546,1.37580,1.37488,1.37528,3969
2025-09-17T13:00:00Z,1.37529,1.37687,1.37479,1.37589,8235
2025-09-17T14:00:00Z,1.37588,1.37692,1.37529,1.37631,8103
2025-09-17T15:00:00Z,1.37629,1.37669,1.37529,1.37623,5720
2025-09-17T16:00:00Z,1.37624,1.37645,1.37556,1.37598,4253
2025-09-17T17:00:00Z,1.37599,1.37671,1.37583,1.37608,2579
2025-09-17T18:00:00Z,1.37603,1.37869,1.37261,1.37707,26038
2025-09-17T19:00:00Z,1.37707,1.37760,1.37562,1.37720,16993
2025-09-17T20:00:00Z,1.37718,1.37778,1.37606,1.37714,3636
2025-09-17T21:00:00Z,1.37689,1.37753,1.37689,1.37730,1106
2025-09-17T22:00:00Z,1.37732,1.37745,1.37668,1.37678,1748
2025-09-17T23:00:00Z,1.37682,1.37719,1.37679,1.37704,2469
2025-09-18T00:00:00Z,1.37704,1.37786,1.37662,1.37673,4837
2025-09-18T01:00:00Z,1.37672,1.37843,1.37652,1.37811,6990
2025-09-18T02:00:00Z,1.37811,1.37818,1.37725,1.37734,4341
2025-09-18T03:00:00Z,1.37736,1.37794,1.37719,1.37791,3931
2025-09-18T04:00:00Z,1.37792,1.37869,1.37780,1.37852,3657
2025-09-18T05:00:00Z,1.37852,1.37944,1.37840,1.37899,3899
2025-09-18T06:00:00Z,1.37899,1.37996,1.37887,1.37948,6007
2025-09-18T07:00:00Z,1.37949,1.37984,1.37738,1.37807,6766
2025-09-18T08:00:00Z,1.37808,1.37862,1.37765,1.37807,5297
2025-09-18T09:00:00Z,1.37806,1.37815,1.37693,1.37754,4521
2025-09-18T10:00:00Z,1.37753,1.37754,1.37667,1.37726,4264
2025-09-18T11:00:00Z,1.37728,1.37786,1.37696,1.37773,4362
2025-09-18T12:00:00Z,1.37771,1.37891,1.37760,1.37858,7581
2025-09-18T13:00:00Z,1.37861,1.38095,1.37859,1.37973,9821
2025-09-18T14:00:00Z,1.37974,1.38047,1.37914,1.38027,14417
2025-09-18T15:00:00Z,1.38027,1.38067,1.37955,1.37963,11321
2025-09-18T16:00:00Z,1.37963,1.38092,1.37947,1.38019,4524
2025-09-18T17:00:00Z,1.38021,1.38027,1.37917,1.37958,3057
2025-09-18T18:00:00Z,1.37959,1.38003,1.37926,1.37957,2723
2025-09-18T19:00:00Z,1.37958,1.37987,1.37866,1.37954,3716
2025-09-18T20:00:00Z,1.37953,1.38018,1.37905,1.37953,2285
2025-09-18T21:00:00Z,1.37945,1.37986,1.37930,1.37970,1863
2025-09-18T22:00:00Z,1.37981,1.37990,1.37932,1.37934,3340
2025-09-18T23:00:00Z,1.37935,1.37956,1.37913,1.37916,1680
2025-09-19T00:00:00Z,1.37915,1.37992,1.37895,1.37954,3651
2025-09-19T01:00:00Z,1.37954,1.38045,1.37943,1.38029,3718
2025-09-19T02:00:00Z,1.38030,1.38039,1.37977,1.38000,2377
2025-09-19T03:00:00Z,1.38000,1.38001,1.37914,1.37942,4228
2025-09-19T04:00:00Z,1.37942,1.38023,1.37879,1.37971,3208
2025-09-19T05:00:00Z,1.37972,1.38063,1.37941,1.38050,3034
2025-09-19T06:00:00Z,1.38051,1.38192,1.38049,1.38121,5807
2025-09-19T07:00:00Z,1.38121,1.38197,1.38021,1.38121,5610
2025-09-19T08:00:00Z,1.38122,1.38178,1.38074,1.38081,5696
2025-09-19T09:00:00Z,1.38081,1.38134,1.38058,1.38123,3953
2025-09-19T10:00:00Z,1.38122,1.38124,1.38049,1.38069,5101
2025-09-19T11:00:00Z,1.38067,1.38171,1.38048,1.38158,5051
2025-09-19T12:00:00Z,1.38157,1.38250,1.38111,1.38183,6467
2025-09-19T13:00:00Z,1.38183,1.38195,1.38038,1.38068,9332
2025-09-19T14:00:00Z,1.38069,1.38086,1.37712,1.37738,11552
2025-09-19T15:00:00Z,1.37739,1.37850,1.37699,1.37725,6634
2025-09-19T16:00:00Z,1.37724,1.37804,1.37689,1.37766,3350
2025-09-19T17:00:00Z,1.37766,1.37798,1.37707,1.37728,2200
2025-09-19T18:00:00Z,1.37727,1.37767,1.37685,1.37758,2835
2025-09-19T19:00:00Z,1.37757,1.37875,1.37707,1.37872,3618
2025-09-19T20:00:00Z,1.37871,1.37912,1.37733,1.37780,3747
2025-09-21T21:00:00Z,1.37745,1.37841,1.37745,1.37820,2744
2025-09-21T22:00:00Z,1.37821,1.37827,1.37759,1.37815,699
2025-09-21T23:00:00Z,1.37809,1.37849,1.37803,1.37821,1040
2025-09-22T00:00:00Z,1.37821,1.37953,1.37813,1.37873,4156
2025-09-22T01:00:00Z,1.37873,1.37969,1.37824,1.37953,5685
2025-09-22T02:00:00Z,1.37952,1.37994,1.37929,1.37942,2881
2025-09-22T03:00:00Z,1.37943,1.37951,1.37915,1.37950,2303
2025-09-22T04:00:00Z,1.37950,1.37995,1.37950,1.37981,2089
2025-09-22T05:00:00Z,1.37981,1.37991,1.37912,1.37969,2607
2025-09-22T06:00:00Z,1.37969,1.37992,1.37933,1.37979,4272
2025-09-22T07:00:00Z,1.37979,1.38096,1.37978,1.38079,6925
2025-09-22T08:00:00Z,1.38078,1.38081,1.38006,1.38052,5238
2025-09-22T09:00:00Z,1.38052,1.38117,1.38023,1.38087,4894
2025-09-22T10:00:00Z,1.38088,1.38099,1.38021,1.38057,4427
2025-09-22T11:00:00Z,1.38057,1.38100,1.38036,1.38064,5042
2025-09-22T12:00:00Z,1.38064,1.38136,1.37968,1.37974,7229
2025-09-22T13:00:00Z,1.37973,1.38149,1.37925,1.38072,8764
2025-09-22T14:00:00Z,1.38072,1.38163,1.38067,1.38092,7133
2025-09-22T15:00:00Z,1.38093,1.38181,1.38081,1.38147,6799
2025-09-22T16:00:00Z,1.38144,1.38284,1.38131,1.38272,4539
2025-09-22T17:00:00Z,1.38273,1.38277,1.38204,1.38216,3452
2025-09-22T18:00:00Z,1.38217,1.38224,1.38161,1.38204,2708
2025-09-22T19:00:00Z,1.38205,1.38238,1.38196,1.38219,3153
2025-09-22T20:00:00Z,1.38218,1.38312,1.38165,1.38173,2796
2025-09-22T21:00:00Z,1.38169,1.38212,1.38142,1.38202,785
2025-09-22T22:00:00Z,1.38211,1.38238,1.38194,1.38229,849
2025-09-22T23:00:00Z,1.38228,1.38256,1.38222,1.38249,1451
2025-09-23T00:00:00Z,1.38249,1.38314,1.38229,1.38271,5129
2025-09-23T01:00:00Z,1.38272,1.38312,1.38231,1.38242,3144
2025-09-23T02:00:00Z,1.38242,1.38312,1.38231,1.38279,2482
2025-09-23T03:00:00Z,1.38279,1.38312,1.38246,1.38262,2775
2025-09-23T04:00:00Z,1.38263,1.38297,1.38242,1.38295,3970
2025-09-23T05:00:00Z,1.38296,1.38307,1.38221,1.38256,5488
2025-09-23T06:00:00Z,1.38256,1.38314,1.38230,1.38307,4594
2025-09-23T07:00:00Z,1.38308,1.38426,1.38303,1.38424,6742
2025-09-23T08:00:00Z,1.38424,1.38439,1.38312,1.38314,7102
2025-09-23T09:00:00Z,1.38313,1.38326,1.38244,1.38292,4790
2025-09-23T10:00:00Z,1.38293,1.38317,1.38241,1.38251,4250
2025-09-23T11:00:00Z,1.38249,1.38306,1.38225,1.38264,4112
2025-09-23T12:00:00Z,1.38264,1.38309,1.38169,1.38172,6028
2025-09-23T13:00:00Z,1.38171,1.38295,1.38110,1.38231,7963
2025-09-23T14:00:00Z,1.38231,1.38364,1.38205,1.38268,9072
2025-09-23T15:00:00Z,1.38269,1.38364,1.38243,1.38351,6020
2025-09-23T16:00:00Z,1.38349,1.38394,1.38237,1.38288,4318
2025-09-23T17:00:00Z,1.38287,1.38416,1.38258,1.38401,5565
2025-09-23T18:00:00Z,1.38401,1.38495,1.38389,1.38491,4305
2025-09-23T19:00:00Z,1.38491,1.38491,1.38380,1.38394,3574
2025-09-23T20:00:00Z,1.38395,1.38415,1.38333,1.38337,1585
2025-09-23T21:00:00Z,1.38319,1.38358,1.38303,1.38345,1766
2025-09-23T22:00:00Z,1.38339,1.38379,1.38327,1.38377,1596
2025-09-23T23:00:00Z,1.38377,1.38391,1.38354,1.38384,1244
2025-09-24T00:00:00Z,1.38383,1.38462,1.38371,1.38426,4059
2025-09-24T01:00:00Z,1.38425,1.38489,1.38382,1.38428,7612
2025-09-24T02:00:00Z,1.38428,1.38436,1.38394,1.38427,4976
2025-09-24T03:00:00Z,1.38426,1.38452,1.38412,1.38451,3640
2025-09-24T04:00:00Z,1.38451,1.38462,1.38433,1.38441,3639
2025-09-24T05:00:00Z,1.38442,1.38476,1.38435,1.38457,3699
2025-09-24T06:00:00Z,1.38455,1.38538,1.38424,1.38535,4733
2025-09-24T07:00:00Z,1.38534,1.38598,1.38498,1.38530,5092
2025-09-24T08:00:00Z,1.38530,1.38639,1.38529,1.38600,5399
2025-09-24T09:00:00Z,1.38601,1.38747,1.38584,1.38707,4647
2025-09-24T10:00:00Z,1.38710,1.38753,1.38682,1.38725,3695
2025-09-24T11:00:00Z,1.38724,1.38785,1.38691,1.38710,4986
2025-09-24T12:00:00Z,1.38711,1.38788,1.38655,1.38759,6617
2025-09-24T13:00:00Z,1.38760,1.38852,1.38720,1.38764,10587
2025-09-24T14:00:00Z,1.38766,1.38961,1.38759,1.38885,12428
2025-09-24T15:00:00Z,1.38886,1.38972,1.38847,1.38946,7834
2025-09-24T16:00:00Z,1.38947,1.39062,1.38944,1.39059,4769
2025-09-24T17:00:00Z,1.39058,1.39064,1.38952,1.39003,4280
2025-09-24T18:00:00Z,1.39003,1.39050,1.38979,1.39037,3958
2025-09-24T19:00:00Z,1.39036,1.39064,1.38966,1.39023,4703
2025-09-24T20:00:00Z,1.39021,1.39022,1.38941,1.38944,2663
2025-09-24T21:00:00Z,1.38927,1.38986,1.38905,1.38974,994
2025-09-24T22:00:00Z,1.38981,1.38981,1.38942,1.38954,1728
2025-09-24T23:00:00Z,1.38953,1.38985,1.38949,1.38960,1209
2025-09-25T00:00:00Z,1.38957,1.38966,1.38914,1.38918,5257
2025-09-25T01:00:00Z,1.38917,1.38952,1.38906,1.38911,4772
2025-09-25T02:00:00Z,1.38909,1.38909,1.38864,1.38875,3260
2025-09-25T03:00:00Z,1.38875,1.38884,1.38845,1.38854,2731
2025-09-25T04:00:00Z,1.38854,1.38888,1.38847,1.38865,2209
2025-09-25T05:00:00Z,1.38865,1.38956,1.38860,1.38945,3488
2025-09-25T06:00:00Z,1.38946,1.38988,1.38911,1.38973,4831
2025-09-25T07:00:00Z,1.38973,1.39017,1.38934,1.38993,6431
2025-09-25T08:00:00Z,1.38994,1.39018,1.38920,1.38929,6279
2025-09-25T09:00:00Z,1.38928,1.38962,1.38907,1.38926,4624
2025-09-25T10:00:00Z,1.38926,1.38954,1.38895,1.38946,5645
2025-09-25T11:00:00Z,1.38946,1.38993,1.38908,1.38936,6961
2025-09-25T12:00:00Z,1.38938,1.39126,1.38913,1.39059,9986
2025-09-25T13:00:00Z,1.39059,1.39241,1.39038,1.39172,11253
2025-09-25T14:00:00Z,1.39171,1.39234,1.39117,1.39217,10240
2025-09-25T15:00:00Z,1.39218,1.39297,1.39216,1.39241,7782
2025-09-25T16:00:00Z,1.39243,1.39367,1.39232,1.39349,5433
2025-09-25T17:00:00Z,1.39352,1.39432,1.39349,1.39410,5440
2025-09-25T18:00:00Z,1.39410,1.39491,1.39382,1.39422,4959
2025-09-25T19:00:00Z,1.39422,1.39465,1.39386,1.39421,3478
2025-09-25T20:00:00Z,1.39422,1.39447,1.39362,1.39389,2983
2025-09-25T21:00:00Z,1.39369,1.39377,1.39069,1.39357,1476
2025-09-25T22:00:00Z,1.39359,1.39408,1.39355,1.39402,1245
2025-09-25T23:00:00Z,1.39404,1.39446,1.39390,1.39409,2257
2025-09-26T00:00:00Z,1.39412,1.39450,1.39372,1.39383,5305
2025-09-26T01:00:00Z,1.39383,1.39442,1.39361,1.39429,4685
2025-09-26T02:00:00Z,1.39429,1.39431,1.39359,1.39384,2967
2025-09-26T03:00:00Z,1.39385,1.39396,1.39359,1.39361,2644
2025-09-26T04:00:00Z,1.39361,1.39382,1.39337,1.39348,2998
2025-09-26T05:00:00Z,1.39347,1.39403,1.39345,1.39400,3058
2025-09-26T06:00:00Z,1.39402,1.39471,1.39385,1.39420,6203
2025-09-26T07:00:00Z,1.39420,1.39478,1.39389,1.39451,5537
2025-09-26T08:00:00Z,1.39451,1.39473,1.39392,1.39466,4334
2025-09-26T09:00:00Z,1.39466,1.39511,1.39422,1.39500,3961
2025-09-26T10:00:00Z,1.39500,1.39581,1.39499,1.39569,3586
2025-09-26T11:00:00Z,1.39569,1.39572,1.39451,1.39488,5012
2025-09-26T12:00:00Z,1.39488,1.39502,1.39336,1.39353,8815
2025-09-26T13:00:00Z,1.39352,1.39425,1.39313,1.39398,12214
2025-09-26T14:00:00Z,1.39398,1.39463,1.39323,1.39420,10917
2025-09-26T15:00:00Z,1.39419,1.39518,1.39397,1.39461,9226
2025-09-26T16:00:00Z,1.39461,1.39502,1.39359,1.39363,5297
2025-09-26T17:00:00Z,1.39362,1.39400,1.39339,1.39366,4205
2025-09-26T18:00:00Z,1.39367,1.39406,1.39341,1.39364,5389
2025-09-26T19:00:00Z,1.39365,1.39423,1.39348,1.39348,4120
2025-09-26T20:00:00Z,1.39354,1.39445,1.39338,1.39386,3771
2025-09-28T21:00:00Z,1.39247,1.39377,1.39233,1.39341,442
2025-09-28T22:00:00Z,1.39350,1.39466,1.39335,1.39411,919
2025-09-28T23:00:00Z,1.39410,1.39426,1.39360,1.39375,1510
2025-09-29T00:00:00Z,1.39375,1.39388,1.39250,1.39268,2954
2025-09-29T01:00:00Z,1.39268,1.39342,1.39251,1.39259,3299
2025-09-29T02:00:00Z,1.39258,1.39266,1.39194,1.39204,2705
2025-09-29T03:00:00Z,1.39205,1.39228,1.39188,1.39212,2618
2025-09-29T04:00:00Z,1.39211,1.39236,1.39187,1.39209,1915
2025-09-29T05:00:00Z,1.39211,1.39217,1.39177,1.39208,2797
2025-09-29T06:00:00Z,1.39209,1.39282,1.39209,1.39256,3924
2025-09-29T07:00:00Z,1.39258,1.39291,1.39149,1.39179,3804
2025-09-29T08:00:00Z,1.39179,1.39231,1.39150,1.39167,3560
2025-09-29T09:00:00Z,1.39166,1.39214,1.39153,1.39211,4218
2025-09-29T10:00:00Z,1.39211,1.39259,1.39161,1.39252,4267
2025-09-29T11:00:00Z,1.39252,1.39341,1.39244,1.39286,4389
2025-09-29T12:00:00Z,1.39285,1.39391,1.39263,1.39280,8261
2025-09-29T13:00:00Z,1.39281,1.39370,1.39248,1.39316,9554
2025-09-29T14:00:00Z,1.39317,1.39392,1.39198,1.39232,9970
2025-09-29T15:00:00Z,1.39231,1.39233,1.39028,1.39048,8321
2025-09-29T16:00:00Z,1.39048,1.39155,1.39048,1.39125,4420
2025-09-29T17:00:00Z,1.39125,1.39182,1.39087,1.39161,4190
2025-09-29T18:00:00Z,1.39161,1.39170,1.39106,1.39136,2890
2025-09-29T19:00:00Z,1.39135,1.39224,1.39126,1.39202,2627
2025-09-29T20:00:00Z,1.39201,1.39219,1.39120,1.39120,2464
2025-09-29T21:00:00Z,1.39107,1.39175,1.38991,1.39172,754
2025-09-29T22:00:00Z,1.39173,1.39183,1.39121,1.39131,1413
2025-09-29T23:00:00Z,1.39132,1.39174,1.39121,1.39173,1686
2025-09-30T00:00:00Z,1.39172,1.39237,1.39154,1.39207,4385
2025-09-30T01:00:00Z,1.39207,1.39215,1.39143,1.39203,5761
2025-09-30T02:00:00Z,1.39202,1.39215,1.39123,1.39123,3459
2025-09-30T03:00:00Z,1.39122,1.39165,1.39120,1.39147,2539
2025-09-30T04:00:00Z,1.39148,1.39199,1.39122,1.39136,2843
2025-09-30T05:00:00Z,1.39136,1.39175,1.39125,1.39172,3524
2025-09-30T06:00:00Z,1.39173,1.39196,1.39066,1.39115,4622
2025-09-30T07:00:00Z,1.39117,1.39238,1.39087,1.39147,7178
2025-09-30T08:00:00Z,1.39147,1.39153,1.39058,1.39102,7709
2025-09-30T09:00:00Z,1.39101,1.39156,1.39076,1.39148,5507
2025-09-30T10:00:00Z,1.39149,1.39203,1.39125,1.39196,3902
2025-09-30T11:00:00Z,1.39194,1.39247,1.39163,1.39200,3978
2025-09-30T12:00:00Z,1.39200,1.39227,1.39148,1.39186,5840
2025-09-30T13:00:00Z,1.39184,1.39289,1.39068,1.39134,7696
2025-09-30T14:00:00Z,1.39135,1.39151,1.38959,1.39140,11794
2025-09-30T15:00:00Z,1.39141,1.39340,1.39128,1.39288,9391
2025-09-30T16:00:00Z,1.39287,1.39356,1.39185,1.39210,5382
2025-09-30T17:00:00Z,1.39211,1.39243,1.39156,1.39176,4393
2025-09-30T18:00:00Z,1.39176,1.39225,1.39132,1.39171,3405
2025-09-30T19:00:00Z,1.39169,1.39200,1.39141,1.39150,3513
2025-09-30T20:00:00Z,1.39150,1.39253,1.39137,1.39189,1858
2025-09-30T21:00:00Z,1.39165,1.39194,1.39107,1.39186,3874
2025-09-30T22:00:00Z,1.39187,1.39209,1.39149,1.39192,1322
2025-09-30T23:00:00Z,1.39192,1.39238,1.39176,1.39236,1645
2025-10-01T00:00:00Z,1.39237,1.39276,1.39226,1.39264,3382
2025-10-01T01:00:00Z,1.39265,1.39293,1.39219,1.39230,2839
2025-10-01T02:00:00Z,1.39230,1.39302,1.39229,1.39273,3030
2025-10-01T03:00:00Z,1.39272,1.39323,1.39269,1.39312,2393
2025-10-01T04:00:00Z,1.39308,1.39308,1.39137,1.39137,2552
2025-10-01T05:00:00Z,1.39137,1.39166,1.39105,1.39137,3774
2025-10-01T06:00:00Z,1.39138,1.39176,1.39065,1.39108,6710
2025-10-01T07:00:00Z,1.39108,1.39275,1.39063,1.39203,6949
2025-10-01T08:00:00Z,1.39201,1.39202,1.39123,1.39176,5394
2025-10-01T09:00:00Z,1.39177,1.39287,1.39163,1.39266,4406
2025-10-01T10:00:00Z,1.39266,1.39363,1.39258,1.39339,4870
2025-10-01T11:00:00Z,1.39338,1.39339,1.39247,1.39285,3313
2025-10-01T12:00:00Z,1.39286,1.39361,1.39143,1.39286,13029
2025-10-01T13:00:00Z,1.39287,1.39374,1.39224,1.39281,11577
2025-10-01T14:00:00Z,1.39275,1.39444,1.39247,1.39430,14943
2025-10-01T15:00:00Z,1.39431,1.39548,1.39396,1.39540,10259
2025-10-01T16:00:00Z,1.39540,1.39566,1.39467,1.39477,4204
2025-10-01T17:00:00Z,1.39476,1.39490,1.39424,1.39452,4017
2025-10-01T18:00:00Z,1.39453,1.39465,1.39340,1.39393,4158
2025-10-01T19:00:00Z,1.39393,1.39418,1.39385,1.39416,4053
2025-10-01T20:00:00Z,1.39414,1.39443,1.39340,1.39340,2565
2025-10-01T21:00:00Z,1.39337,1.39394,1.39309,1.39365,576
2025-10-01T22:00:00Z,1.39362,1.39371,1.39330,1.39355,1563
2025-10-01T23:00:00Z,1.39355,1.39408,1.39343,1.39402,1799
2025-10-02T00:00:00Z,1.39402,1.39470,1.39398,1.39435,3231
2025-10-02T01:00:00Z,1.39436,1.39468,1.39346,1.39357,2549
2025-10-02T02:00:00Z,1.39358,1.39382,1.39343,1.39373,1566
2025-10-02T03:00:00Z,1.39372,1.39428,1.39371,1.39412,1739
2025-10-02T04:00:00Z,1.39412,1.39461,1.39411,1.39447,1826
2025-10-02T05:00:00Z,1.39446,1.39481,1.39414,1.39422,3401
2025-10-02T06:00:00Z,1.39423,1.39423,1.39341,1.39361,4357
2025-10-02T07:00:00Z,1.39359,1.39385,1.39320,1.39381,5326
2025-10-02T08:00:00Z,1.39382,1.39388,1.39329,1.39364,5182
2025-10-02T09:00:00Z,1.39366,1.39391,1.39331,1.39360,3814
2025-10-02T10:00:00Z,1.39361,1.39401,1.39350,1.39355,3567
2025-10-02T11:00:00Z,1.39355,1.39455,1.39347,1.39444,4337
2025-10-02T12:00:00Z,1.39444,1.39524,1.39400,1.39458,6383
2025-10-02T13:00:00Z,1.39459,1.39589,1.39397,1.39544,10064
2025-10-02T14:00:00Z,1.39547,1.39736,1.39546,1.39734,9779
2025-10-02T15:00:00Z,1.39734,1.39859,1.39712,1.39757,6528
2025-10-02T16:00:00Z,1.39759,1.39774,1.39662,1.39665,4128
2025-10-02T17:00:00Z,1.39665,1.39686,1.39616,1.39681,3297
2025-10-02T18:00:00Z,1.39683,1.39688,1.39614,1.39624,2677
2025-10-02T19:00:00Z,1.39623,1.39635,1.39594,1.39614,3489
2025-10-02T20:00:00Z,1.39612,1.39720,1.39604,1.39660,2106
2025-10-02T21:00:00Z,1.39658,1.39676,1.39633,1.39640,886
2025-10-02T22:00:00Z,1.39641,1.39661,1.39613,1.39620,1219
2025-10-02T23:00:00Z,1.39620,1.39642,1.39600,1.39602,1829
2025-10-03T00:00:00Z,1.39603,1.39649,1.39601,1.39638,5026
2025-10-03T01:00:00Z,1.39639,1.39680,1.39604,1.39625,5112
2025-10-03T02:00:00Z,1.39625,1.39676,1.39624,1.39665,3510
2025-10-03T03:00:00Z,1.39668,1.39687,1.39647,1.39656,3629
2025-10-03T04:00:00Z,1.39656,1.39688,1.39642,1.39675,2428
2025-10-03T05:00:00Z,1.39675,1.39678,1.39644,1.39663,4363
2025-10-03T06:00:00Z,1.39662,1.39669,1.39585,1.39655,3246
2025-10-03T07:00:00Z,1.39654,1.39654,1.39573,1.39614,4362
2025-10-03T08:00:00Z,1.39615,1.39660,1.39578,1.39606,5567
2025-10-03T09:00:00Z,1.39607,1.39683,1.39604,1.39633,2871
2025-10-03T10:00:00Z,1.39633,1.39687,1.39628,1.39672,2535
2025-10-03T11:00:00Z,1.39673,1.39678,1.39621,1.39624,4250
2025-10-03T12:00:00Z,1.39625,1.39675,1.39502,1.39502,5440
2025-10-03T13:00:00Z,1.39501,1.39626,1.39491,1.39565,7504
2025-10-03T14:00:00Z,1.39564,1.39578,1.39478,1.39506,10514
2025-10-03T15:00:00Z,1.39506,1.39554,1.39453,1.39466,7060
2025-10-03T16:00:00Z,1.39466,1.39486,1.39392,1.39469,3670
2025-10-03T17:00:00Z,1.39471,1.39587,1.39461,1.39566,4434
2025-10-03T18:00:00Z,1.39566,1.39605,1.39507,1.39524,3751
2025-10-03T19:00:00Z,1.39524,1.39565,1.39486,1.39521,3752
2025-10-03T20:00:00Z,1.39524,1.39604,1.39448,1.39448,4123
2025-10-05T21:00:00Z,1.39481,1.39586,1.39480,1.39571,531
2025-10-05T22:00:00Z,1.39564,1.39673,1.39520,1.39643,2658
2025-10-05T23:00:00Z,1.39644,1.39665,1.39594,1.39642,5805
2025-10-06T00:00:00Z,1.39640,1.39667,1.39561,1.39563,4224
2025-10-06T01:00:00Z,1.39561,1.39608,1.39500,1.39501,3358
2025-10-06T02:00:00Z,1.39501,1.39516,1.39474,1.39482,2582
2025-10-06T03:00:00Z,1.39482,1.39496,1.39447,1.39489,2250
2025-10-06T04:00:00Z,1.39490,1.39523,1.39468,1.39521,2184
2025-10-06T05:00:00Z,1.39521,1.39558,1.39504,1.39528,1977
2025-10-06T06:00:00Z,1.39527,1.39552,1.39465,1.39468,5801
2025-10-06T07:00:00Z,1.39470,1.39534,1.39411,1.39524,9461
2025-10-06T08:00:00Z,1.39523,1.39580,1.39472,1.39500,22396
2025-10-06T09:00:00Z,1.39500,1.39584,1.39477,1.39547,25224
2025-10-06T10:00:00Z,1.39547,1.39616,1.39533,1.39554,21248
2025-10-06T11:00:00Z,1.39552,1.39636,1.39550,1.39613,13782
2025-10-06T12:00:00Z,1.39613,1.39639,1.39552,1.39614,17600
2025-10-06T13:00:00Z,1.39613,1.39672,1.39597,1.39632,8451
2025-10-06T14:00:00Z,1.39630,1.39646,1.39525,1.39531,8890
2025-10-06T15:00:00Z,1.39530,1.39546,1.39454,1.39459,6064
2025-10-06T16:00:00Z,1.39460,1.39532,1.39455,1.39487,2325
2025-10-06T17:00:00Z,1.39490,1.39538,1.39466,1.39516,2349
2025-10-06T18:00:00Z,1.39515,1.39534,1.39489,1.39510,2632
2025-10-06T19:00:00Z,1.39511,1.39514,1.39456,1.39490,3217
2025-10-06T20:00:00Z,1.39490,1.39521,1.39396,1.39413,2388
2025-10-06T21:00:00Z,1.39411,1.39422,1.39402,1.39404,499
2025-10-06T22:00:00Z,1.39405,1.39447,1.39403,1.39431,2844
2025-10-06T23:00:00Z,1.39432,1.39466,1.39422,1.39446,2166
2025-10-07T00:00:00Z,1.39445,1.39506,1.39435,1.39484,5453
2025-10-07T01:00:00Z,1.39484,1.39521,1.39474,1.39514,4511
2025-10-07T02:00:00Z,1.39515,1.39515,1.39462,1.39488,2370
2025-10-07T03:00:00Z,1.39489,1.39493,1.39459,1.39463,3605
2025-10-07T04:00:00Z,1.39463,1.39491,1.39436,1.39478,2557
2025-10-07T05:00:00Z,1.39478,1.39546,1.39467,1.39520,3308
2025-10-07T06:00:00Z,1.39521,1.39593,1.39521,1.39535,4445
2025-10-07T07:00:00Z,1.39540,1.39618,1.39534,1.39544,4828
2025-10-07T08:00:00Z,1.39545,1.39579,1.39503,1.39560,4343
2025-10-07T09:00:00Z,1.39559,1.39582,1.39537,1.39541,3160
2025-10-07T10:00:00Z,1.39540,1.39552,1.39472,1.39517,3116
2025-10-07T11:00:00Z,1.39517,1.39622,1.39508,1.39580,3514
2025-10-07T12:00:00Z,1.39581,1.39614,1.39526,1.39532,5691
2025-10-07T13:00:00Z,1.39535,1.39559,1.39440,1.39475,8064
2025-10-07T14:00:00Z,1.39477,1.39537,1.39440,1.39466,8159
2025-10-07T15:00:00Z,1.39466,1.39509,1.39383,1.39492,8405
2025-10-07T16:00:00Z,1.39491,1.39564,1.39426,1.39513,5433
2025-10-07T17:00:00Z,1.39517,1.39537,1.39452,1.39497,6026
2025-10-07T18:00:00Z,1.39498,1.39532,1.39450,1.39499,4966
2025-10-07T19:00:00Z,1.39498,1.39601,1.39486,1.39542,5009
2025-10-07T20:00:00Z,1.39542,1.39568,1.39481,1.39487,1884
2025-10-07T21:00:00Z,1.39485,1.39514,1.39463,1.39479,1329
2025-10-07T22:00:00Z,1.39479,1.39506,1.39470,1.39504,1075
2025-10-07T23:00:00Z,1.39504,1.39536,1.39500,1.39526,2709
2025-10-08T00:00:00Z,1.39525,1.39586,1.39524,1.39557,4245
2025-10-08T01:00:00Z,1.39556,1.39645,1.39513,1.39640,7899
2025-10-08T02:00:00Z,1.39640,1.39678,1.39611,1.39639,5092
2025-10-08T03:00:00Z,1.39640,1.39642,1.39611,1.39617,3632
2025-10-08T04:00:00Z,1.39616,1.39654,1.39611,1.39637,3215
2025-10-08T05:00:00Z,1.39637,1.39697,1.39637,1.39679,3886
2025-10-08T06:00:00Z,1.39679,1.39706,1.39636,1.39640,5582
2025-10-08T07:00:00Z,1.39641,1.39651,1.39527,1.39550,6331
2025-10-08T08:00:00Z,1.39549,1.39552,1.39507,1.39536,4434
2025-10-08T09:00:00Z,1.39536,1.39587,1.39509,1.39558,4549
2025-10-08T10:00:00Z,1.39558,1.39571,1.39442,1.39459,4748
2025-10-08T11:00:00Z,1.39458,1.39493,1.39438,1.39441,16178
2025-10-08T12:00:00Z,1.39439,1.39446,1.39373,1.39379,17376
2025-10-08T13:00:00Z,1.39377,1.39495,1.39313,1.39470,25989
2025-10-08T14:00:00Z,1.39472,1.39515,1.39426,1.39499,22445
2025-10-08T15:00:00Z,1.39499,1.39585,1.39456,1.39542,13114
2025-10-08T16:00:00Z,1.39541,1.39604,1.39522,1.39583,5308
2025-10-08T17:00:00Z,1.39579,1.39601,1.39526,1.39572,2727
2025-10-08T18:00:00Z,1.39571,1.39623,1.39539,1.39561,7560
2025-10-08T19:00:00Z,1.39560,1.39571,1.39515,1.39565,10805
2025-10-08T20:00:00Z,1.39564,1.39578,1.39487,1.39500,2908
2025-10-08T21:00:00Z,1.39501,1.39512,1.39477,1.39500,475
2025-10-08T22:00:00Z,1.39504,1.39540,1.39482,1.39494,1536
2025-10-08T23:00:00Z,1.39493,1.39553,1.39493,1.39547,2793
2025-10-09T00:00:00Z,1.39546,1.39552,1.39474,1.39486,3299
2025-10-09T01:00:00Z,1.39485,1.39487,1.39408,1.39433,5136
2025-10-09T02:00:00Z,1.39433,1.39447,1.39378,1.39398,1844
2025-10-09T03:00:00Z,1.39398,1.39403,1.39374,1.39380,1766
2025-10-09T04:00:00Z,1.39380,1.39391,1.39343,1.39350,1828
2025-10-09T05:00:00Z,1.39352,1.39411,1.39328,1.39409,3462
2025-10-09T06:00:00Z,1.39410,1.39633,1.39410,1.39617,5228
2025-10-09T07:00:00Z,1.39616,1.39628,1.39536,1.39560,6502
2025-10-09T08:00:00Z,1.39560,1.39610,1.39528,1.39531,5744
2025-10-09T09:00:00Z,1.39530,1.39531,1.39466,1.39481,5115
2025-10-09T10:00:00Z,1.39480,1.39522,1.39460,1.39483,3214
2025-10-09T11:00:00Z,1.39483,1.39554,1.39470,1.39531,3606
2025-10-09T12:00:00Z,1.39530,1.39543,1.39422,1.39446,6198
2025-10-09T13:00:00Z,1.39443,1.39709,1.39385,1.39703,9546
2025-10-09T14:00:00Z,1.39705,1.40022,1.39705,1.40001,11809
2025-10-09T15:00:00Z,1.40001,1.40203,1.39985,1.40106,9855
2025-10-09T16:00:00Z,1.40105,1.40242,1.40092,1.40219,6416
2025-10-09T17:00:00Z,1.40222,1.40255,1.40135,1.40157,6253
2025-10-09T18:00:00Z,1.40159,1.40333,1.40150,1.40316,3649
2025-10-09T19:00:00Z,1.40314,1.40320,1.40234,1.40244,5204
2025-10-09T20:00:00Z,1.40243,1.40246,1.40151,1.40151,2206
2025-10-09T21:00:00Z,1.40143,1.40176,1.40036,1.40150,1111
2025-10-09T22:00:00Z,1.40153,1.40216,1.40144,1.40194,1701
2025-10-09T23:00:00Z,1.40195,1.40251,1.40177,1.40193,2590
2025-10-10T00:00:00Z,1.40195,1.40243,1.40159,1.40166,5190
2025-10-10T01:00:00Z,1.40166,1.40182,1.40145,1.40155,5155
2025-10-10T02:00:00Z,1.40154,1.40181,1.40132,1.40166,2655
2025-10-10T03:00:00Z,1.40166,1.40182,1.40145,1.40155,3279
2025-10-10T04:00:00Z,1.40157,1.40203,1.40150,1.40150,2424
2025-10-10T05:00:00Z,1.40150,1.40182,1.40127,1.40128,3091
2025-10-10T06:00:00Z,1.40129,1.40336,1.40129,1.40268,6936
2025-10-10T07:00:00Z,1.40265,1.40285,1.40219,1.40247,7313
2025-10-10T08:00:00Z,1.40248,1.40250,1.40141,1.40164,4650
2025-10-10T09:00:00Z,1.40164,1.40203,1.40124,1.40179,3904
2025-10-10T10:00:00Z,1.40179,1.40221,1.40139,1.40190,4613
2025-10-10T11:00:00Z,1.40188,1.40199,1.40127,1.40177,5140
2025-10-10T12:00:00Z,1.40176,1.40204,1.39753,1.39833,10264
2025-10-10T13:00:00Z,1.39833,1.39975,1.39825,1.39893,8487
2025-10-10T14:00:00Z,1.39894,1.40003,1.39875,1.39930,12835
2025-10-10T15:00:00Z,1.39932,1.40097,1.39816,1.39986,17996
2025-10-10T16:00:00Z,1.39986,1.40103,1.39962,1.40088,10178
2025-10-10T17:00:00Z,1.40088,1.40173,1.40036,1.40051,4799
2025-10-10T18:00:00Z,1.40051,1.40096,1.39935,1.39997,4819
2025-10-10T19:00:00Z,1.39996,1.40033,1.39943,1.40005,7705
2025-10-10T20:00:00Z,1.40005,1.40059,1.39955,1.40008,5374
2025-10-12T21:00:00Z,1.39879,1.39968,1.39878,1.39929,947
2025-10-12T22:00:00Z,1.39937,1.40038,1.39883,1.39959,4382
2025-10-12T23:00:00Z,1.39958,1.40000,1.39936,1.39986,5067
2025-10-13T00:00:00Z,1.39986,1.40017,1.39918,1.39926,7756
2025-10-13T01:00:00Z,1.39926,1.39957,1.39850,1.39866,6167
2025-10-13T02:00:00Z,1.39866,1.39913,1.39826,1.39906,3491
2025-10-13T03:00:00Z,1.39906,1.39959,1.39874,1.39944,4605
2025-10-13T04:00:00Z,1.39944,1.39946,1.39895,1.39926,4206
2025-10-13T05:00:00Z,1.39925,1.39990,1.39876,1.39980,5202
2025-10-13T06:00:00Z,1.39981,1.40043,1.39888,1.40033,8380
2025-10-13T07:00:00Z,1.40029,1.40057,1.39983,1.40041,6351
2025-10-13T08:00:00Z,1.40041,1.40103,1.40005,1.40007,6388
2025-10-13T09:00:00Z,1.40007,1.40024,1.39984,1.39996,3070
2025-10-13T10:00:00Z,1.39996,1.40063,1.39987,1.40024,3155
2025-10-13T11:00:00Z,1.40025,1.40085,1.39965,1.40083,6785
2025-10-13T12:00:00Z,1.40082,1.40161,1.40061,1.40124,4897
2025-10-13T13:00:00Z,1.40124,1.40183,1.40122,1.40154,8303
2025-10-13T14:00:00Z,1.40154,1.40330,1.40134,1.40292,9033
2025-10-13T15:00:00Z,1.40294,1.40335,1.40213,1.40284,6923
2025-10-13T16:00:00Z,1.40283,1.40334,1.40266,1.40303,3503
2025-10-13T17:00:00Z,1.40302,1.40335,1.40287,1.40311,3562
2025-10-13T18:00:00Z,1.40309,1.40382,1.40265,1.40368,2362
2025-10-13T19:00:00Z,1.40367,1.40391,1.40351,1.40366,2238
2025-10-13T20:00:00Z,1.40366,1.40377,1.40325,1.40327,2067
2025-10-13T21:00:00Z,1.40327,1.40341,1.40285,1.40325,1043
2025-10-13T22:00:00Z,1.40331,1.40361,1.40309,1.40358,1148
2025-10-13T23:00:00Z,1.40357,1.40397,1.40350,1.40392,2166
2025-10-14T00:00:00Z,1.40391,1.40429,1.40340,1.40369,5833
2025-10-14T01:00:00Z,1.40368,1.40391,1.40324,1.40358,5569
2025-10-14T02:00:00Z,1.40359,1.40416,1.40351,1.40415,3215
2025-10-14T03:00:00Z,1.40415,1.40435,1.40394,1.40403,4108
2025-10-14T04:00:00Z,1.40404,1.40464,1.40392,1.40424,4972
2025-10-14T05:00:00Z,1.40424,1.40460,1.40407,1.40456,3469
2025-10-14T06:00:00Z,1.40456,1.40584,1.40449,1.40548,7055
2025-10-14T07:00:00Z,1.40548,1.40653,1.40496,1.40633,8334
2025-10-14T08:00:00Z,1.40632,1.40657,1.40541,1.40583,5811
2025-10-14T09:00:00Z,1.40581,1.40691,1.40579,1.40686,4694
2025-10-14T10:00:00Z,1.40686,1.40795,1.40685,1.40759,5002
2025-10-14T11:00:00Z,1.40759,1.40763,1.40615,1.40635,5170
2025-10-14T12:00:00Z,1.40634,1.40729,1.40610,1.40708,6458
2025-10-14T13:00:00Z,1.40714,1.40743,1.40407,1.40437,12144
2025-10-14T14:00:00Z,1.40437,1.40446,1.40296,1.40399,10041
2025-10-14T15:00:00Z,1.40399,1.40547,1.40394,1.40431,7237
2025-10-14T16:00:00Z,1.40432,1.40467,1.40350,1.40424,6391
2025-10-14T17:00:00Z,1.40426,1.40514,1.40320,1.40343,5626
2025-10-14T18:00:00Z,1.40343,1.40409,1.40328,1.40354,3502
2025-10-14T19:00:00Z,1.40354,1.40446,1.40331,1.40422,5915
2025-10-14T20:00:00Z,1.40423,1.40490,1.40409,1.40418,2153
2025-10-14T21:00:00Z,1.40408,1.40440,1.40357,1.40405,1284
2025-10-14T22:00:00Z,1.40407,1.40417,1.40363,1.40413,1803
2025-10-14T23:00:00Z,1.40414,1.40455,1.40387,1.40455,2346
2025-10-15T00:00:00Z,1.40457,1.40481,1.40430,1.40443,3582
2025-10-15T01:00:00Z,1.40443,1.40454,1.40336,1.40376,5128
2025-10-15T02:00:00Z,1.40375,1.40380,1.40309,1.40333,5791
2025-10-15T03:00:00Z,1.40334,1.40379,1.40327,1.40359,3910
2025-10-15T04:00:00Z,1.40359,1.40381,1.40335,1.40359,3698
2025-10-15T05:00:00Z,1.40358,1.40370,1.40325,1.40361,4353
2025-10-15T06:00:00Z,1.40360,1.40377,1.40270,1.40290,7231
2025-10-15T07:00:00Z,1.40291,1.40424,1.40282,1.40418,5923
2025-10-15T08:00:00Z,1.40417,1.40444,1.40383,1.40427,4557
2025-10-15T09:00:00Z,1.40427,1.40446,1.40375,1.40382,3379
2025-10-15T10:00:00Z,1.40379,1.40423,1.40365,1.40376,2328
2025-10-15T11:00:00Z,1.40376,1.40438,1.40333,1.40430,3257
2025-10-15T12:00:00Z,1.40430,1.40537,1.40374,1.40503,8425
2025-10-15T13:00:00Z,1.40503,1.40529,1.40388,1.40430,7670
2025-10-15T14:00:00Z,1.40430,1.40481,1.40370,1.40377,6799
2025-10-15T15:00:00Z,1.40377,1.40401,1.40262,1.40340,9314
2025-10-15T16:00:00Z,1.40340,1.40385,1.40320,1.40332,4728
2025-10-15T17:00:00Z,1.40333,1.40592,1.40333,1.40510,7632
2025-10-15T18:00:00Z,1.40510,1.40583,1.40503,1.40515,4051
2025-10-15T19:00:00Z,1.40515,1.40517,1.40445,1.40459,4242
2025-10-15T20:00:00Z,1.40459,1.40473,1.40376,1.40382,2887
2025-10-15T21:00:00Z,1.40381,1.40423,1.40351,1.40410,600
2025-10-15T22:00:00Z,1.40406,1.40473,1.40395,1.40463,1923
2025-10-15T23:00:00Z,1.40463,1.40478,1.40431,1.40458,1727
2025-10-16T00:00:00Z,1.40459,1.40475,1.40353,1.40386,5765
2025-10-16T01:00:00Z,1.40387,1.40389,1.40218,1.40252,5589
2025-10-16T02:00:00Z,1.40250,1.40312,1.40222,1.40260,6177
2025-10-16T03:00:00Z,1.40262,1.40299,1.40256,1.40292,3679
2025-10-16T04:00:00Z,1.40292,1.40352,1.40291,1.40335,2672
2025-10-16T05:00:00Z,1.40335,1.40355,1.40306,1.40325,4400
2025-10-16T06:00:00Z,1.40325,1.40366,1.40263,1.40305,7475
2025-10-16T07:00:00Z,1.40305,1.40394,1.40290,1.40334,9251
2025-10-16T08:00:00Z,1.40334,1.40398,1.40315,1.40378,5843
2025-10-16T09:00:00Z,1.40378,1.40434,1.40353,1.40387,4959
2025-10-16T10:00:00Z,1.40387,1.40431,1.40366,1.40404,5379
2025-10-16T11:00:00Z,1.40405,1.40507,1.40387,1.40477,5085
2025-10-16T12:00:00Z,1.40479,1.40576,1.40453,1.40512,7745
2025-10-16T13:00:00Z,1.40510,1.40549,1.40403,1.40482,10581
2025-10-16T14:00:00Z,1.40479,1.40493,1.40351,1.40378,9441
2025-10-16T15:00:00Z,1.40378,1.40506,1.40365,1.40467,9339
2025-10-16T16:00:00Z,1.40465,1.40606,1.40432,1.40441,9470
2025-10-16T17:00:00Z,1.40441,1.40474,1.40376,1.40419,6210
2025-10-16T18:00:00Z,1.40420,1.40601,1.40411,1.40502,7582
2025-10-16T19:00:00Z,1.40499,1.40572,1.40483,1.40513,5784
2025-10-16T20:00:00Z,1.40515,1.40549,1.40489,1.40534,3272
2025-10-16T21:00:00Z,1.40531,1.40531,1.40445,1.40499,914
2025-10-16T22:00:00Z,1.40498,1.40516,1.40467,1.40472,2194
2025-10-16T23:00:00Z,1.40472,1.40494,1.40449,1.40456,2628
2025-10-17T00:00:00Z,1.40457,1.40482,1.40386,1.40397,3189
2025-10-17T01:00:00Z,1.40397,1.40492,1.40360,1.40481,5586
2025-10-17T02:00:00Z,1.40482,1.40512,1.40443,1.40448,4762
2025-10-17T03:00:00Z,1.40449,1.40455,1.40403,1.40448,3615
2025-10-17T04:00:00Z,1.40445,1.40459,1.40394,1.40396,2814
2025-10-17T05:00:00Z,1.40395,1.40408,1.40356,1.40373,3591
2025-10-17T06:00:00Z,1.40373,1.40508,1.40360,1.40493,6160
2025-10-17T07:00:00Z,1.40494,1.40669,1.40494,1.40528,12764
2025-10-17T08:00:00Z,1.40527,1.40596,1.40494,1.40501,6785
2025-10-17T09:00:00Z,1.40502,1.40519,1.40358,1.40380,5230
2025-10-17T10:00:00Z,1.40379,1.40422,1.40309,1.40329,4476
2025-10-17T11:00:00Z,1.40328,1.40373,1.40268,1.40333,7645
2025-10-17T12:00:00Z,1.40332,1.40469,1.40315,1.40389,9231
2025-10-17T13:00:00Z,1.40390,1.40481,1.40356,1.40446,10841
2025-10-17T14:00:00Z,1.40445,1.40533,1.40382,1.40508,12202
2025-10-17T15:00:00Z,1.40508,1.40531,1.40443,1.40457,8390
2025-10-17T16:00:00Z,1.40458,1.40468,1.40334,1.40388,6700
2025-10-17T17:00:00Z,1.40389,1.40418,1.40266,1.40297,6633
2025-10-17T18:00:00Z,1.40296,1.40306,1.40136,1.40159,5349
2025-10-17T19:00:00Z,1.40158,1.40164,1.40075,1.40126,4947
2025-10-17T20:00:00Z,1.40127,1.40233,1.40099,1.40155,4765
2025-10-19T21:00:00Z,1.40147,1.40205,1.40131,1.40195,1202
2025-10-19T22:00:00Z,1.40196,1.40203,1.40100,1.40105,1147
2025-10-19T23:00:00Z,1.40105,1.40160,1.40095,1.40157,1827
2025-10-20T00:00:00Z,1.40156,1.40170,1.40125,1.40126,3709
2025-10-20T01:00:00Z,1.40127,1.40149,1.40073,1.40138,3589
2025-10-20T02:00:00Z,1.40138,1.40139,1.40050,1.40096,1935
2025-10-20T03:00:00Z,1.40097,1.40111,1.40072,1.40096,1684
2025-10-20T04:00:00Z,1.40098,1.40133,1.40087,1.40111,1535
2025-10-20T05:00:00Z,1.40112,1.40143,1.40096,1.40139,2641
2025-10-20T06:00:00Z,1.40140,1.40277,1.40140,1.40261,6077
2025-10-20T07:00:00Z,1.40262,1.40313,1.40204,1.40302,5663
2025-10-20T08:00:00Z,1.40301,1.40325,1.40272,1.40320,5044
2025-10-20T09:00:00Z,1.40318,1.40341,1.40263,1.40320,4729
2025-10-20T10:00:00Z,1.40321,1.40349,1.40300,1.40321,3324
2025-10-20T11:00:00Z,1.40321,1.40428,1.40301,1.40381,3440
2025-10-20T12:00:00Z,1.40379,1.40490,1.40364,1.40447,5886
2025-10-20T13:00:00Z,1.40447,1.40507,1.40362,1.40381,8080
2025-10-20T14:00:00Z,1.40382,1.40405,1.40313,1.40333,8297
2025-10-20T15:00:00Z,1.40333,1.40349,1.40254,1.40298,5191
2025-10-20T16:00:00Z,1.40299,1.40329,1.40274,1.40288,3476
2025-10-20T17:00:00Z,1.40287,1.40362,1.40264,1.40357,2420
2025-10-20T18:00:00Z,1.40357,1.40381,1.40347,1.40359,2255
2025-10-20T19:00:00Z,1.40358,1.40381,1.40313,1.40323,4253
2025-10-20T20:00:00Z,1.40323,1.40392,1.40313,1.40349,2067
2025-10-20T21:00:00Z,1.40347,1.40372,1.40274,1.40346,859
2025-10-20T22:00:00Z,1.40345,1.40356,1.40308,1.40317,1225
2025-10-20T23:00:00Z,1.40318,1.40338,1.40309,1.40330,1993
2025-10-21T00:00:00Z,1.40328,1.40345,1.40287,1.40309,4100
2025-10-21T01:00:00Z,1.40309,1.40401,1.40309,1.40399,2550
2025-10-21T02:00:00Z,1.40399,1.40499,1.40399,1.40487,3546
2025-10-21T03:00:00Z,1.40489,1.40512,1.40466,1.40490,1933
2025-10-21T04:00:00Z,1.40489,1.40527,1.40487,1.40487,2000
2025-10-21T05:00:00Z,1.40486,1.40568,1.40483,1.40563,4149
2025-10-21T06:00:00Z,1.40565,1.40609,1.40522,1.40532,5166
2025-10-21T07:00:00Z,1.40532,1.40621,1.40525,1.40578,6558
2025-10-21T08:00:00Z,1.40579,1.40655,1.40579,1.40604,6457
2025-10-21T09:00:00Z,1.40604,1.40605,1.40515,1.40540,3806
2025-10-21T10:00:00Z,1.40541,1.40576,1.40507,1.40513,5289
2025-10-21T11:00:00Z,1.40512,1.40527,1.40419,1.40467,5528
2025-10-21T12:00:00Z,1.40467,1.40477,1.40132,1.40272,10996
2025-10-21T13:00:00Z,1.40274,1.40422,1.40226,1.40388,11855
2025-10-21T14:00:00Z,1.40387,1.40435,1.40189,1.40203,11277
2025-10-21T15:00:00Z,1.40203,1.40208,1.40106,1.40108,7569
2025-10-21T16:00:00Z,1.40106,1.40194,1.40027,1.40163,6854
2025-10-21T17:00:00Z,1.40166,1.40232,1.40132,1.40151,5281
2025-10-21T18:00:00Z,1.40153,1.40198,1.40115,1.40175,2938
2025-10-21T19:00:00Z,1.40176,1.40184,1.40142,1.40158,3608
2025-10-21T20:00:00Z,1.40156,1.40238,1.40155,1.40202,1638
2025-10-21T21:00:00Z,1.40200,1.40219,1.40168,1.40202,518
2025-10-21T22:00:00Z,1.40201,1.40229,1.40168,1.40207,1382
2025-10-21T23:00:00Z,1.40207,1.40228,1.40186,1.40193,2014
2025-10-22T00:00:00Z,1.40195,1.40195,1.40108,1.40137,3848
2025-10-22T01:00:00Z,1.40135,1.40144,1.40075,1.40077,3089
2025-10-22T02:00:00Z,1.40079,1.40079,1.40030,1.40040,2731
2025-10-22T03:00:00Z,1.40039,1.40057,1.40021,1.40039,3028
2025-10-22T04:00:00Z,1.40040,1.40040,1.40002,1.40009,2324
2025-10-22T05:00:00Z,1.40008,1.40018,1.39946,1.39980,2613
2025-10-22T06:00:00Z,1.39979,1.40026,1.39927,1.39988,6920
2025-10-22T07:00:00Z,1.39986,1.40083,1.39976,1.40052,5478
2025-10-22T08:00:00Z,1.40050,1.40110,1.40037,1.40073,6408
2025-10-22T09:00:00Z,1.40073,1.40143,1.40071,1.40117,3773
2025-10-22T10:00:00Z,1.40116,1.40218,1.40091,1.40207,3114
2025-10-22T11:00:00Z,1.40207,1.40319,1.40196,1.40276,4714
2025-10-22T12:00:00Z,1.40275,1.40300,1.40204,1.40226,8051
2025-10-22T13:00:00Z,1.40225,1.40268,1.40039,1.40055,6905
2025-10-22T14:00:00Z,1.40055,1.40059,1.39825,1.39927,9988
2025-10-22T15:00:00Z,1.39927,1.39936,1.39778,1.39785,10304
2025-10-22T16:00:00Z,1.39785,1.39935,1.39753,1.39785,8990
2025-10-22T17:00:00Z,1.39784,1.39934,1.39783,1.39928,5638
2025-10-22T18:00:00Z,1.39928,1.39957,1.39875,1.39877,5008
2025-10-22T19:00:00Z,1.39877,1.39919,1.39817,1.39846,5003
2025-10-22T20:00:00Z,1.39845,1.39987,1.39845,1.39927,1996
2025-10-22T21:00:00Z,1.39922,1.39933,1.39899,1.39923,395
2025-10-22T22:00:00Z,1.39925,1.39936,1.39884,1.39886,1471
2025-10-22T23:00:00Z,1.39885,1.39909,1.39865,1.39893,2002
2025-10-23T00:00:00Z,1.39892,1.39938,1.39875,1.39894,3037
2025-10-23T01:00:00Z,1.39894,1.39976,1.39880,1.39975,4710
2025-10-23T02:00:00Z,1.39975,1.40042,1.39975,1.40025,3698
2025-10-23T03:00:00Z,1.40025,1.40027,1.39962,1.40003,3710
2025-10-23T04:00:00Z,1.40004,1.40020,1.39975,1.39977,2874
2025-10-23T05:00:00Z,1.39981,1.39988,1.39927,1.39947,2237
2025-10-23T06:00:00Z,1.39946,1.39952,1.39872,1.39926,5019
2025-10-23T07:00:00Z,1.39925,1.39952,1.39862,1.39949,5771
2025-10-23T08:00:00Z,1.39948,1.39961,1.39918,1.39941,4739
2025-10-23T09:00:00Z,1.39943,1.39963,1.39923,1.39958,3263
2025-10-23T10:00:00Z,1.39959,1.39973,1.39927,1.39961,4114
2025-10-23T11:00:00Z,1.39963,1.39992,1.39939,1.39948,3373
2025-10-23T12:00:00Z,1.39950,1.39971,1.39885,1.39932,5548
2025-10-23T13:00:00Z,1.39933,1.39940,1.39840,1.39848,6994
2025-10-23T14:00:00Z,1.39848,1.39911,1.39791,1.39901,8811
2025-10-23T15:00:00Z,1.39902,1.40028,1.39884,1.39922,6151
2025-10-23T16:00:00Z,1.39922,1.39987,1.39886,1.39979,3525
2025-10-23T17:00:00Z,1.39979,1.40028,1.39912,1.39927,3814
2025-10-23T18:00:00Z,1.39926,1.39949,1.39861,1.39882,2967
2025-10-23T19:00:00Z,1.39882,1.39912,1.39854,1.39863,3580
2025-10-23T20:00:00Z,1.39862,1.39919,1.39853,1.39907,1998
2025-10-23T21:00:00Z,1.39904,1.39904,1.39871,1.39891,2488
2025-10-23T22:00:00Z,1.39892,1.39898,1.39728,1.39881,2169
2025-10-23T23:00:00Z,1.39882,1.39894,1.39853,1.39867,2573
2025-10-24T00:00:00Z,1.39867,1.39877,1.39835,1.39876,3624
2025-10-24T01:00:00Z,1.39875,1.39941,1.39869,1.39919,4089
2025-10-24T02:00:00Z,1.39919,1.40289,1.39896,1.40161,6510
2025-10-24T03:00:00Z,1.40160,1.40163,1.40030,1.40054,3587
2025-10-24T04:00:00Z,1.40053,1.40120,1.40053,1.40110,2612
2025-10-24T05:00:00Z,1.40110,1.40159,1.40108,1.40141,2621
2025-10-24T06:00:00Z,1.40139,1.40204,1.40093,1.40106,6422
2025-10-24T07:00:00Z,1.40107,1.40164,1.40033,1.40071,7661
2025-10-24T08:00:00Z,1.40070,1.40213,1.40052,1.40196,5135
2025-10-24T09:00:00Z,1.40197,1.40242,1.40188,1.40194,4095
2025-10-24T10:00:00Z,1.40196,1.40237,1.40178,1.40229,3576
2025-10-24T11:00:00Z,1.40229,1.40317,1.40223,1.40263,5694
2025-10-24T12:00:00Z,1.40262,1.40320,1.39993,1.40193,14189
2025-10-24T13:00:00Z,1.40194,1.40321,1.40114,1.40245,13148
2025-10-24T14:00:00Z,1.40245,1.40385,1.40243,1.40260,10975
2025-10-24T15:00:00Z,1.40260,1.40279,1.40119,1.40125,7331
2025-10-24T16:00:00Z,1.40125,1.40156,1.40053,1.40069,3965
2025-10-24T17:00:00Z,1.40071,1.40106,1.40034,1.40075,2723
2025-10-24T18:00:00Z,1.40076,1.40088,1.39985,1.40006,3308
2025-10-24T19:00:00Z,1.40005,1.40030,1.39966,1.39975,3353
2025-10-24T20:00:00Z,1.39975,1.40021,1.39910,1.39914,3204
2025-10-26T21:00:00Z,1.40040,1.40083,1.40022,1.40034,1408
2025-10-26T22:00:00Z,1.40033,1.40049,1.39875,1.39898,3440
2025-10-26T23:00:00Z,1.39898,1.39946,1.39879,1.39937,2650
2025-10-27T00:00:00Z,1.39936,1.39938,1.39847,1.39852,4811
2025-10-27T01:00:00Z,1.39852,1.39864,1.39777,1.39832,6129
2025-10-27T02:00:00Z,1.39832,1.39899,1.39832,1.39837,4528
2025-10-27T03:00:00Z,1.39839,1.39895,1.39829,1.39891,4090
2025-10-27T04:00:00Z,1.39891,1.39923,1.39883,1.39895,3047
2025-10-27T05:00:00Z,1.39895,1.39914,1.39839,1.39847,4498
2025-10-27T06:00:00Z,1.39845,1.39845,1.39725,1.39792,5865
2025-10-27T07:00:00Z,1.39790,1.39808,1.39725,1.39776,6955
2025-10-27T08:00:00Z,1.39778,1.39794,1.39726,1.39774,5709
2025-10-27T09:00:00Z,1.39772,1.39789,1.39697,1.39732,6011
2025-10-27T10:00:00Z,1.39731,1.39796,1.39724,1.39787,5406
2025-10-27T11:00:00Z,1.39787,1.39790,1.39732,1.39778,6300
2025-10-27T12:00:00Z,1.39777,1.39851,1.39756,1.39817,6372
2025-10-27T13:00:00Z,1.39816,1.39975,1.39784,1.39950,7792
2025-10-27T14:00:00Z,1.39950,1.40079,1.39941,1.40011,9566
2025-10-27T15:00:00Z,1.40010,1.40070,1.39943,1.39967,7418
2025-10-27T16:00:00Z,1.39961,1.40005,1.39947,1.39961,3537
2025-10-27T17:00:00Z,1.39961,1.40004,1.39927,1.39974,2824
2025-10-27T18:00:00Z,1.39975,1.40008,1.39895,1.39929,3584
2025-10-27T19:00:00Z,1.39929,1.39950,1.39913,1.39941,3576
2025-10-27T20:00:00Z,1.39940,1.39944,1.39856,1.39893,2042
2025-10-27T21:00:00Z,1.39889,1.39907,1.39883,1.39886,1365
2025-10-27T22:00:00Z,1.39884,1.39884,1.39836,1.39837,1649
2025-10-27T23:00:00Z,1.39837,1.39927,1.39824,1.39913,2965
2025-10-28T00:00:00Z,1.39914,1.39938,1.39824,1.39850,2566
2025-10-28T01:00:00Z,1.39849,1.39891,1.39818,1.39878,5587
2025-10-28T02:00:00Z,1.39878,1.39901,1.39831,1.39896,5356
2025-10-28T03:00:00Z,1.39896,1.39923,1.39849,1.39851,3741
2025-10-28T04:00:00Z,1.39852,1.39857,1.39814,1.39821,4339
2025-10-28T05:00:00Z,1.39821,1.39914,1.39819,1.39895,4285
2025-10-28T06:00:00Z,1.39897,1.40012,1.39896,1.40006,4034
2025-10-28T07:00:00Z,1.40007,1.40034,1.39986,1.40006,5161
2025-10-28T08:00:00Z,1.40005,1.40038,1.39948,1.40033,8806
2025-10-28T09:00:00Z,1.40033,1.40050,1.39950,1.39969,6253
2025-10-28T10:00:00Z,1.39969,1.39975,1.39936,1.39942,5675
2025-10-28T11:00:00Z,1.39942,1.39987,1.39935,1.39976,4550
2025-10-28T12:00:00Z,1.39975,1.40015,1.39915,1.40004,7296
2025-10-28T13:00:00Z,1.40004,1.40019,1.39859,1.39866,8377
2025-10-28T14:00:00Z,1.39866,1.39868,1.39576,1.39585,10181
2025-10-28T15:00:00Z,1.39583,1.39587,1.39365,1.39366,9860
2025-10-28T16:00:00Z,1.39367,1.39487,1.39349,1.39411,7485
2025-10-28T17:00:00Z,1.39411,1.39486,1.39403,1.39435,4312
2025-10-28T18:00:00Z,1.39433,1.39461,1.39376,1.39416,3711
2025-10-28T19:00:00Z,1.39418,1.39425,1.39358,1.39366,3278
2025-10-28T20:00:00Z,1.39365,1.39488,1.39328,1.39450,2742
2025-10-28T21:00:00Z,1.39448,1.39449,1.39419,1.39435,553
2025-10-28T22:00:00Z,1.39437,1.39462,1.39427,1.39456,1724
2025-10-28T23:00:00Z,1.39456,1.39469,1.39386,1.39387,2451
2025-10-29T00:00:00Z,1.39388,1.39400,1.39327,1.39385,8114
2025-10-29T01:00:00Z,1.39386,1.39390,1.39315,1.39346,5595
2025-10-29T02:00:00Z,1.39347,1.39413,1.39329,1.39333,3841
2025-10-29T03:00:00Z,1.39331,1.39377,1.39326,1.39371,3268
2025-10-29T04:00:00Z,1.39373,1.39430,1.39371,1.39422,3794
2025-10-29T05:00:00Z,1.39421,1.39447,1.39397,1.39402,4432
2025-10-29T06:00:00Z,1.39402,1.39422,1.39340,1.39342,4364
2025-10-29T07:00:00Z,1.39343,1.39354,1.39235,1.39283,7034
2025-10-29T08:00:00Z,1.39283,1.39458,1.39281,1.39456,5488
2025-10-29T09:00:00Z,1.39456,1.39491,1.39389,1.39428,5295
2025-10-29T10:00:00Z,1.39427,1.39437,1.39337,1.39362,4541
2025-10-29T11:00:00Z,1.39364,1.39455,1.39360,1.39403,4333
2025-10-29T12:00:00Z,1.39401,1.39407,1.39296,1.39304,6074
2025-10-29T13:00:00Z,1.39304,1.39312,1.39143,1.39198,8635
2025-10-29T14:00:00Z,1.39196,1.39235,1.39036,1.39039,8655
2025-10-29T15:00:00Z,1.39039,1.39058,1.38874,1.38943,9923
2025-10-29T16:00:00Z,1.38946,1.38991,1.38887,1.38973,6163
2025-10-29T17:00:00Z,1.38976,1.39021,1.38919,1.38997,3989
2025-10-29T18:00:00Z,1.38989,1.39476,1.38971,1.39321,20820
2025-10-29T19:00:00Z,1.39324,1.39545,1.39295,1.39470,13715
2025-10-29T20:00:00Z,1.39471,1.39531,1.39404,1.39415,3564
2025-10-29T21:00:00Z,1.39413,1.39444,1.39395,1.39401,930
2025-10-29T22:00:00Z,1.39395,1.39455,1.39381,1.39447,2142
2025-10-29T23:00:00Z,1.39448,1.39450,1.39408,1.39410,2888
2025-10-30T00:00:00Z,1.39413,1.39442,1.39342,1.39359,5552
2025-10-30T01:00:00Z,1.39359,1.39399,1.39336,1.39365,5598
2025-10-30T02:00:00Z,1.39368,1.39387,1.39331,1.39372,4842
2025-10-30T03:00:00Z,1.39371,1.39425,1.39335,1.39392,5528
2025-10-30T04:00:00Z,1.39391,1.39426,1.39263,1.39277,9806
2025-10-30T05:00:00Z,1.39283,1.39377,1.39277,1.39341,5360
2025-10-30T06:00:00Z,1.39341,1.39395,1.39306,1.39387,5827
2025-10-30T07:00:00Z,1.39386,1.39434,1.39345,1.39389,6851
2025-10-30T08:00:00Z,1.39389,1.39501,1.39372,1.39449,6223
2025-10-30T09:00:00Z,1.39449,1.39511,1.39433,1.39507,5435
2025-10-30T10:00:00Z,1.39506,1.39556,1.39459,1.39551,3866
2025-10-30T11:00:00Z,1.39552,1.39835,1.39552,1.39820,5569
2025-10-30T12:00:00Z,1.39821,1.40007,1.39791,1.40006,8116
2025-10-30T13:00:00Z,1.40007,1.40137,1.39947,1.39979,16115
2025-10-30T14:00:00Z,1.39978,1.39996,1.39774,1.39864,14213
2025-10-30T15:00:00Z,1.39863,1.39883,1.39770,1.39824,8939
2025-10-30T16:00:00Z,1.39824,1.39879,1.39797,1.39823,4420
2025-10-30T17:00:00Z,1.39823,1.39900,1.39772,1.39822,4044
2025-10-30T18:00:00Z,1.39823,1.39856,1.39770,1.39832,3298
2025-10-30T19:00:00Z,1.39831,1.39900,1.39822,1.39879,3861
2025-10-30T20:00:00Z,1.39880,1.39888,1.39822,1.39835,3407
2025-10-30T21:00:00Z,1.39834,1.39848,1.39829,1.39834,426
2025-10-30T22:00:00Z,1.39834,1.39858,1.39819,1.39830,1574
2025-10-30T23:00:00Z,1.39831,1.39859,1.39799,1.39809,2540
2025-10-31T00:00:00Z,1.39809,1.39846,1.39795,1.39807,5943
2025-10-31T01:00:00Z,1.39807,1.39856,1.39785,1.39842,6219
2025-10-31T02:00:00Z,1.39845,1.39877,1.39814,1.39861,4811
2025-10-31T03:00:00Z,1.39863,1.39901,1.39852,1.39876,3989
2025-10-31T04:00:00Z,1.39875,1.39880,1.39856,1.39859,2833
2025-10-31T05:00:00Z,1.39860,1.39915,1.39860,1.39904,2865
2025-10-31T06:00:00Z,1.39904,1.40033,1.39900,1.40033,4798
2025-10-31T07:00:00Z,1.40032,1.40107,1.40007,1.40010,7144
2025-10-31T08:00:00Z,1.40011,1.40028,1.39947,1.40016,6159
2025-10-31T09:00:00Z,1.40015,1.40092,1.40015,1.40048,4037
2025-10-31T10:00:00Z,1.40048,1.40123,1.40036,1.40111,3781
2025-10-31T11:00:00Z,1.40110,1.40182,1.40054,1.40137,4748
2025-10-31T12:00:00Z,1.40135,1.40337,1.40108,1.40276,6897
2025-10-31T13:00:00Z,1.40281,1.40348,1.40232,1.40237,7429
2025-10-31T14:00:00Z,1.40238,1.40238,1.40059,1.40081,7817
2025-10-31T15:00:00Z,1.40081,1.40230,1.40008,1.40106,9042
2025-10-31T16:00:00Z,1.40107,1.40204,1.40072,1.40181,7823
2025-10-31T17:00:00Z,1.40180,1.40232,1.40149,1.40189,4596
2025-10-31T18:00:00Z,1.40190,1.40199,1.40119,1.40140,4472
2025-10-31T19:00:00Z,1.40140,1.40253,1.40110,1.40253,4972
2025-10-31T20:00:00Z,1.40252,1.40263,1.40064,1.40090,7557
2025-11-02T22:00:00Z,1.40075,1.40135,1.40051,1.40124,2846
2025-11-02T23:00:00Z,1.40124,1.40176,1.40098,1.40155,3145
2025-11-03T00:00:00Z,1.40155,1.40219,1.40145,1.40219,2398
2025-11-03T01:00:00Z,1.40220,1.40232,1.40165,1.40203,2850
2025-11-03T02:00:00Z,1.40201,1.40210,1.40130,1.40137,2489
2025-11-03T03:00:00Z,1.40137,1.40167,1.40115,1.40118,2566
2025-11-03T04:00:00Z,1.40118,1.40126,1.40093,1.40098,2570
2025-11-03T05:00:00Z,1.40099,1.40117,1.40080,1.40098,3130
2025-11-03T06:00:00Z,1.40097,1.40131,1.40082,1.40103,3187
2025-11-03T07:00:00Z,1.40102,1.40194,1.40080,1.40183,4203
2025-11-03T08:00:00Z,1.40183,1.40296,1.40175,1.40279,4927
2025-11-03T09:00:00Z,1.40279,1.40401,1.40275,1.40388,3746
2025-11-03T10:00:00Z,1.40390,1.40458,1.40369,1.40455,3359
2025-11-03T11:00:00Z,1.40454,1.40471,1.40406,1.40445,3535
2025-11-03T12:00:00Z,1.40444,1.40451,1.40343,1.40363,4383
2025-11-03T13:00:00Z,1.40364,1.40624,1.40364,1.40611,5151
2025-11-03T14:00:00Z,1.40612,1.40684,1.40570,1.40622,6801
2025-11-03T15:00:00Z,1.40616,1.40754,1.40560,1.40683,7370
2025-11-03T16:00:00Z,1.40682,1.40689,1.40488,1.40503,9265
2025-11-03T17:00:00Z,1.40502,1.40554,1.40461,1.40513,4564
2025-11-03T18:00:00Z,1.40512,1.40598,1.40481,1.40569,3829
2025-11-03T19:00:00Z,1.40568,1.40587,1.40514,1.40517,4822
2025-11-03T20:00:00Z,1.40516,1.40562,1.40498,1.40522,3888
2025-11-03T21:00:00Z,1.40521,1.40574,1.40519,1.40550,2343
2025-11-03T22:00:00Z,1.40548,1.40570,1.40529,1.40550,560
2025-11-03T23:00:00Z,1.40550,1.40578,1.40537,1.40551,2213
2025-11-04T00:00:00Z,1.40552,1.40657,1.40552,1.40629,4787
2025-11-04T01:00:00Z,1.40629,1.40694,1.40628,1.40654,5544
2025-11-04T02:00:00Z,1.40655,1.40696,1.40645,1.40670,4169
2025-11-04T03:00:00Z,1.40671,1.40680,1.40600,1.40616,4962
2025-11-04T04:00:00Z,1.40615,1.40653,1.40604,1.40653,4458
2025-11-04T05:00:00Z,1.40654,1.40693,1.40645,1.40676,5768
2025-11-04T06:00:00Z,1.40675,1.40732,1.40643,1.40658,6208
2025-11-04T07:00:00Z,1.40660,1.40674,1.40558,1.40564,6676
2025-11-04T08:00:00Z,1.40561,1.40670,1.40536,1.40659,6264
2025-11-04T09:00:00Z,1.40658,1.40711,1.40605,1.40706,5229
2025-11-04T10:00:00Z,1.40706,1.40735,1.40667,1.40716,2973
2025-11-04T11:00:00Z,1.40716,1.40801,1.40688,1.40801,4110
2025-11-04T12:00:00Z,1.40801,1.40824,1.40759,1.40778,6582
2025-11-04T13:00:00Z,1.40782,1.40829,1.40761,1.40802,5231
2025-11-04T14:00:00Z,1.40802,1.40955,1.40776,1.40858,8125
2025-11-04T15:00:00Z,1.40858,1.40914,1.40788,1.40831,9433
2025-11-04T16:00:00Z,1.40832,1.40857,1.40775,1.40822,6883
2025-11-04T17:00:00Z,1.40822,1.40967,1.40795,1.40922,4597
2025-11-04T18:00:00Z,1.40922,1.40993,1.40910,1.40954,4115
2025-11-04T19:00:00Z,1.40955,1.41015,1.40932,1.41007,3990
2025-11-04T20:00:00Z,1.41006,1.41061,1.40938,1.40946,6687
2025-11-04T21:00:00Z,1.40948,1.41072,1.40913,1.41031,3424
2025-11-04T22:00:00Z,1.41021,1.41032,1.40933,1.41004,926
2025-11-04T23:00:00Z,1.41003,1.41036,1.40997,1.41011,2068
2025-11-05T00:00:00Z,1.41013,1.41080,1.41010,1.41032,4587
2025-11-05T01:00:00Z,1.41033,1.41186,1.41031,1.41132,7584
2025-11-05T02:00:00Z,1.41131,1.41174,1.41091,1.41131,5710
2025-11-05T03:00:00Z,1.41131,1.41149,1.41083,1.41108,4909
2025-11-05T04:00:00Z,1.41107,1.41130,1.41086,1.41098,4429
2025-11-05T05:00:00Z,1.41098,1.41121,1.41072,1.41099,5228
2025-11-05T06:00:00Z,1.41099,1.41146,1.41074,1.41136,4113
2025-11-05T07:00:00Z,1.41136,1.41197,1.41099,1.41149,4236
2025-11-05T08:00:00Z,1.41149,1.41182,1.41072,1.41181,4805
2025-11-05T09:00:00Z,1.41182,1.41262,1.41181,1.41260,5841
2025-11-05T10:00:00Z,1.41260,1.41343,1.41259,1.41319,4345
2025-11-05T11:00:00Z,1.41320,1.41350,1.41303,1.41343,2886
2025-11-05T12:00:00Z,1.41341,1.41383,1.41288,1.41312,4610
2025-11-05T13:00:00Z,1.41312,1.41374,1.41257,1.41334,6048
2025-11-05T14:00:00Z,1.41334,1.41400,1.41188,1.41208,7155
2025-11-05T15:00:00Z,1.41205,1.41336,1.41195,1.41239,10169
2025-11-05T16:00:00Z,1.41238,1.41311,1.41061,1.41088,5842
2025-11-05T17:00:00Z,1.41087,1.41178,1.41051,1.41165,3689
2025-11-05T18:00:00Z,1.41165,1.41184,1.41119,1.41172,2998
2025-11-05T19:00:00Z,1.41174,1.41186,1.41090,1.41121,2652
2025-11-05T20:00:00Z,1.41121,1.41125,1.41048,1.41084,4044
2025-11-05T21:00:00Z,1.41083,1.41104,1.41037,1.41071,2380
2025-11-05T22:00:00Z,1.41072,1.41092,1.41019,1.41062,5584
2025-11-05T23:00:00Z,1.41063,1.41079,1.41013,1.41022,1743
2025-11-06T00:00:00Z,1.41022,1.41071,1.40993,1.40994,4952
2025-11-06T01:00:00Z,1.40996,1.41077,1.40995,1.41035,6044
2025-11-06T02:00:00Z,1.41035,1.41039,1.40993,1.41027,4325
2025-11-06T03:00:00Z,1.41027,1.41046,1.41012,1.41034,3184
2025-11-06T04:00:00Z,1.41035,1.41044,1.41001,1.41024,4138
2025-11-06T05:00:00Z,1.41024,1.41046,1.41014,1.41021,4373
2025-11-06T06:00:00Z,1.41023,1.41041,1.40985,1.41031,5118
2025-11-06T07:00:00Z,1.41032,1.41032,1.40965,1.41004,4422
2025-11-06T08:00:00Z,1.41005,1.41040,1.40925,1.40926,7551
2025-11-06T09:00:00Z,1.40925,1.40990,1.40895,1.40985,4701
2025-11-06T10:00:00Z,1.40986,1.40996,1.40962,1.40975,7197
2025-11-06T11:00:00Z,1.40974,1.40995,1.40944,1.40962,6924
2025-11-06T12:00:00Z,1.40962,1.40997,1.40921,1.40960,6298
2025-11-06T13:00:00Z,1.40959,1.40979,1.40896,1.40971,7368
2025-11-06T14:00:00Z,1.40972,1.41264,1.40960,1.41254,10628
2025-11-06T15:00:00Z,1.41254,1.41338,1.41160,1.41298,12354
2025-11-06T16:00:00Z,1.41297,1.41396,1.41249,1.41272,11148
2025-11-06T17:00:00Z,1.41270,1.41291,1.41151,1.41169,5687
2025-11-06T18:00:00Z,1.41167,1.41243,1.41073,1.41107,4847
2025-11-06T19:00:00Z,1.41107,1.41148,1.41045,1.41125,4006
2025-11-06T20:00:00Z,1.41125,1.41179,1.41104,1.41167,4314
2025-11-06T21:00:00Z,1.41164,1.41190,1.41121,1.41156,2016
2025-11-06T22:00:00Z,1.41135,1.41207,1.41029,1.41148,1321
2025-11-06T23:00:00Z,1.41152,1.41163,1.41105,1.41117,2517
2025-11-07T00:00:00Z,1.41119,1.41211,1.41115,1.41194,4186
2025-11-07T01:00:00Z,1.41196,1.41256,1.41179,1.41233,5533
2025-11-07T02:00:00Z,1.41233,1.41245,1.41191,1.41228,3873
2025-11-07T03:00:00Z,1.41227,1.41259,1.41216,1.41241,3140
2025-11-07T04:00:00Z,1.41241,1.41255,1.41221,1.41241,2390
2025-11-07T05:00:00Z,1.41242,1.41243,1.41216,1.41231,2214
2025-11-07T06:00:00Z,1.41232,1.41232,1.41180,1.41192,3469
2025-11-07T07:00:00Z,1.41194,1.41201,1.41141,1.41160,3676
2025-11-07T08:00:00Z,1.41159,1.41189,1.41131,1.41144,5676
2025-11-07T09:00:00Z,1.41145,1.41192,1.41138,1.41163,3594
2025-11-07T10:00:00Z,1.41163,1.41183,1.41107,1.41122,3591
2025-11-07T11:00:00Z,1.41121,1.41186,1.41079,1.41086,4590
2025-11-07T12:00:00Z,1.41086,1.41159,1.41040,1.41113,4314
2025-11-07T13:00:00Z,1.41114,1.41114,1.40547,1.40647,12991
2025-11-07T14:00:00Z,1.40648,1.40846,1.40551,1.40722,12196
2025-11-07T15:00:00Z,1.40719,1.40768,1.40606,1.40737,12935
2025-11-07T16:00:00Z,1.40738,1.40792,1.40669,1.40759,7036
2025-11-07T17:00:00Z,1.40760,1.40773,1.40515,1.40543,5693
2025-11-07T18:00:00Z,1.40543,1.40579,1.40447,1.40467,4348
2025-11-07T19:00:00Z,1.40466,1.40481,1.40356,1.40396,5128
2025-11-07T20:00:00Z,1.40398,1.40457,1.40293,1.40298,4319
2025-11-07T21:00:00Z,1.40297,1.40467,1.40267,1.40376,5329
2025-11-09T22:00:00Z,1.40516,1.40523,1.40399,1.40432,838
2025-11-09T23:00:00Z,1.40432,1.40454,1.40364,1.40439,4074
2025-11-10T00:00:00Z,1.40439,1.40458,1.40359,1.40407,7704
2025-11-10T01:00:00Z,1.40407,1.40407,1.40256,1.40299,8227
2025-11-10T02:00:00Z,1.40298,1.40333,1.40273,1.40287,8684
2025-11-10T03:00:00Z,1.40288,1.40345,1.40279,1.40328,8822
2025-11-10T04:00:00Z,1.40330,1.40330,1.40242,1.40274,10605
2025-11-10T05:00:00Z,1.40274,1.40277,1.40195,1.40251,10228
2025-11-10T06:00:00Z,1.40251,1.40324,1.40221,1.40309,7030
2025-11-10T07:00:00Z,1.40309,1.40310,1.40100,1.40144,7604
2025-11-10T08:00:00Z,1.40142,1.40152,1.40005,1.40116,6839
2025-11-10T09:00:00Z,1.40114,1.40162,1.40075,1.40111,5180
2025-11-10T10:00:00Z,1.40111,1.40182,1.40104,1.40176,6052
2025-11-10T11:00:00Z,1.40176,1.40214,1.40140,1.40146,3836
2025-11-10T12:00:00Z,1.40148,1.40164,1.40091,1.40122,4297
2025-11-10T13:00:00Z,1.40122,1.40155,1.40006,1.40113,5462
2025-11-10T14:00:00Z,1.40114,1.40288,1.40111,1.40199,8217
2025-11-10T15:00:00Z,1.40200,1.40283,1.40166,1.40271,8111
2025-11-10T16:00:00Z,1.40272,1.40318,1.40261,1.40295,7332
2025-11-10T17:00:00Z,1.40294,1.40360,1.40153,1.40166,5040
2025-11-10T18:00:00Z,1.40166,1.40197,1.40140,1.40178,3476
2025-11-10T19:00:00Z,1.40178,1.40194,1.40128,1.40177,2592
2025-11-10T20:00:00Z,1.40175,1.40196,1.40126,1.40156,3918
2025-11-10T21:00:00Z,1.40156,1.40208,1.40144,1.40199,3065
2025-11-10T22:00:00Z,1.40174,1.40209,1.40134,1.40183,1798
2025-11-10T23:00:00Z,1.40183,1.40268,1.40183,1.40255,1697
2025-11-11T00:00:00Z,1.40254,1.40268,1.40213,1.40259,4557
2025-11-11T01:00:00Z,1.40259,1.40329,1.40254,1.40304,6187
2025-11-11T02:00:00Z,1.40304,1.40353,1.40279,1.40341,4647
2025-11-11T03:00:00Z,1.40341,1.40343,1.40311,1.40336,5374
2025-11-11T04:00:00Z,1.40335,1.40378,1.40312,1.40360,4946
2025-11-11T05:00:00Z,1.40359,1.40372,1.40313,1.40341,5746
2025-11-11T06:00:00Z,1.40343,1.40402,1.40309,1.40391,4387
2025-11-11T07:00:00Z,1.40392,1.40407,1.40302,1.40312,6798
2025-11-11T08:00:00Z,1.40313,1.40328,1.40255,1.40327,5432
2025-11-11T09:00:00Z,1.40326,1.40350,1.40270,1.40332,4118
2025-11-11T10:00:00Z,1.40332,1.40361,1.40291,1.40301,5483
2025-11-11T11:00:00Z,1.40301,1.40311,1.40257,1.40271,4925
2025-11-11T12:00:00Z,1.40270,1.40307,1.40229,1.40282,3788
2025-11-11T13:00:00Z,1.40282,1.40285,1.40035,1.40057,11071
2025-11-11T14:00:00Z,1.40056,1.40122,1.40033,1.40037,7044
2025-11-11T15:00:00Z,1.40037,1.40158,1.40026,1.40101,8082
2025-11-11T16:00:00Z,1.40101,1.40115,1.40031,1.40088,7498
2025-11-11T17:00:00Z,1.40090,1.40101,1.40017,1.40018,4620
2025-11-11T18:00:00Z,1.40019,1.40074,1.40014,1.40069,3635
2025-11-11T19:00:00Z,1.40068,1.40112,1.40053,1.40095,3025
2025-11-11T20:00:00Z,1.40096,1.40125,1.40075,1.40084,3558
2025-11-11T21:00:00Z,1.40081,1.40189,1.40076,1.40151,2639
2025-11-11T22:00:00Z,1.40148,1.40202,1.39999,1.40182,902
2025-11-11T23:00:00Z,1.40176,1.40179,1.40110,1.40157,1432
2025-11-12T00:00:00Z,1.40157,1.40183,1.40130,1.40182,4686
2025-11-12T01:00:00Z,1.40182,1.40201,1.40145,1.40177,7707
2025-11-12T02:00:00Z,1.40177,1.40188,1.40131,1.40174,5492
2025-11-12T03:00:00Z,1.40175,1.40186,1.40144,1.40154,4497
2025-11-12T04:00:00Z,1.40155,1.40194,1.40145,1.40170,4404
2025-11-12T05:00:00Z,1.40170,1.40185,1.40082,1.40098,5676
2025-11-12T06:00:00Z,1.40099,1.40108,1.40054,1.40059,5034
2025-11-12T07:00:00Z,1.40059,1.40073,1.40030,1.40054,5379
2025-11-12T08:00:00Z,1.40054,1.40109,1.40023,1.40109,7966
2025-11-12T09:00:00Z,1.40108,1.40192,1.40058,1.40182,5748
2025-11-12T10:00:00Z,1.40181,1.40209,1.40146,1.40168,5043
2025-11-12T11:00:00Z,1.40167,1.40185,1.40142,1.40166,3097
2025-11-12T12:00:00Z,1.40166,1.40166,1.40070,1.40080,4229
2025-11-12T13:00:00Z,1.40080,1.40201,1.40061,1.40155,5787
2025-11-12T14:00:00Z,1.40156,1.40213,1.40142,1.40152,7410
2025-11-12T15:00:00Z,1.40152,1.40167,1.39946,1.39959,11293
2025-11-12T16:00:00Z,1.39960,1.40061,1.39931,1.40009,6049
2025-11-12T17:00:00Z,1.40009,1.40019,1.39927,1.39968,4928
2025-11-12T18:00:00Z,1.39966,1.39984,1.39894,1.39930,3971
2025-11-12T19:00:00Z,1.39928,1.40013,1.39908,1.39975,4331
2025-11-12T20:00:00Z,1.39974,1.40025,1.39963,1.40016,3275
2025-11-12T21:00:00Z,1.40016,1.40091,1.40008,1.40043,2789
2025-11-12T22:00:00Z,1.40031,1.40088,1.40002,1.40088,1145
2025-11-12T23:00:00Z,1.40092,1.40104,1.40038,1.40095,1782
2025-11-13T00:00:00Z,1.40095,1.40115,1.40026,1.40111,5521
2025-11-13T01:00:00Z,1.40113,1.40160,1.40086,1.40086,6796
2025-11-13T02:00:00Z,1.40086,1.40092,1.40034,1.40043,4169
2025-11-13T03:00:00Z,1.40044,1.40072,1.40024,1.40058,3836
2025-11-13T04:00:00Z,1.40057,1.40100,1.40044,1.40074,3864
2025-11-13T05:00:00Z,1.40073,1.40114,1.40054,1.40108,3840
2025-11-13T06:00:00Z,1.40107,1.40125,1.40077,1.40101,4185
2025-11-13T07:00:00Z,1.40102,1.40127,1.39943,1.39946,5003
2025-11-13T08:00:00Z,1.39946,1.39952,1.39889,1.39893,6768
2025-11-13T09:00:00Z,1.39893,1.39962,1.39846,1.39907,6740
2025-11-13T10:00:00Z,1.39906,1.39950,1.39896,1.39949,3901
2025-11-13T11:00:00Z,1.39948,1.39971,1.39909,1.39964,3430
2025-11-13T12:00:00Z,1.39967,1.40005,1.39931,1.39982,3044
2025-11-13T13:00:00Z,1.39982,1.40087,1.39974,1.40075,6131
2025-11-13T14:00:00Z,1.40072,1.40116,1.39969,1.40091,9517
2025-11-13T15:00:00Z,1.40090,1.40145,1.40049,1.40105,10232
2025-11-13T16:00:00Z,1.40105,1.40166,1.40063,1.40099,9642
2025-11-13T17:00:00Z,1.40104,1.40251,1.40099,1.40226,8012
2025-11-13T18:00:00Z,1.40227,1.40376,1.40198,1.40336,6506
2025-11-13T19:00:00Z,1.40336,1.40352,1.40290,1.40326,4314
2025-11-13T20:00:00Z,1.40325,1.40350,1.40275,1.40280,5102
2025-11-13T21:00:00Z,1.40280,1.40375,1.40272,1.40351,2489
2025-11-13T22:00:00Z,1.40351,1.40352,1.40240,1.40327,1292
2025-11-13T23:00:00Z,1.40328,1.40369,1.40293,1.40364,2206
2025-11-14T00:00:00Z,1.40365,1.40439,1.40334,1.40336,6131
2025-11-14T01:00:00Z,1.40336,1.40340,1.40188,1.40220,6234
2025-11-14T02:00:00Z,1.40221,1.40248,1.40193,1.40230,3881
2025-11-14T03:00:00Z,1.40231,1.40239,1.40173,1.40237,4080
2025-11-14T04:00:00Z,1.40237,1.40293,1.40233,1.40276,3932
2025-11-14T05:00:00Z,1.40277,1.40299,1.40215,1.40243,4885
2025-11-14T06:00:00Z,1.40245,1.40324,1.40235,1.40291,5776
2025-11-14T07:00:00Z,1.40293,1.40379,1.40274,1.40379,5805
2025-11-14T08:00:00Z,1.40378,1.40450,1.40297,1.40322,9087
2025-11-14T09:00:00Z,1.40320,1.40362,1.40300,1.40348,5338
2025-11-14T10:00:00Z,1.40350,1.40418,1.40315,1.40406,5854
2025-11-14T11:00:00Z,1.40408,1.40448,1.40367,1.40430,5721
2025-11-14T12:00:00Z,1.40431,1.40444,1.40180,1.40185,10231
2025-11-14T13:00:00Z,1.40184,1.40286,1.40136,1.40254,8710
2025-11-14T14:00:00Z,1.40252,1.40296,1.40140,1.40241,9150
2025-11-14T15:00:00Z,1.40242,1.40338,1.40220,1.40269,11949
2025-11-14T16:00:00Z,1.40270,1.40290,1.40174,1.40237,9288
2025-11-14T17:00:00Z,1.40237,1.40292,1.40221,1.40255,4773
2025-11-14T18:00:00Z,1.40257,1.40325,1.40244,1.40261,5565
2025-11-14T19:00:00Z,1.40263,1.40290,1.40245,1.40252,4531
2025-11-14T20:00:00Z,1.40254,1.40269,1.40201,1.40258,6161
2025-11-14T21:00:00Z,1.40258,1.40272,1.40138,1.40209,4523
2025-11-16T22:00:00Z,1.40125,1.40262,1.40103,1.40214,916
2025-11-16T23:00:00Z,1.40215,1.40261,1.40176,1.40181,3339
2025-11-17T00:00:00Z,1.40180,1.40295,1.40179,1.40272,5308
2025-11-17T01:00:00Z,1.40271,1.40318,1.40263,1.40312,7295
2025-11-17T02:00:00Z,1.40312,1.40346,1.40299,1.40337,6251
2025-11-17T03:00:00Z,1.40334,1.40384,1.40323,1.40371,3163
2025-11-17T04:00:00Z,1.40372,1.40375,1.40302,1.40303,2689
2025-11-17T05:00:00Z,1.40305,1.40312,1.40277,1.40296,4268
2025-11-17T06:00:00Z,1.40295,1.40321,1.40239,1.40246,4372
2025-11-17T07:00:00Z,1.40246,1.40270,1.40170,1.40192,5120
2025-11-17T08:00:00Z,1.40193,1.40253,1.40155,1.40231,5622
2025-11-17T09:00:00Z,1.40232,1.40282,1.40216,1.40275,5234
2025-11-17T10:00:00Z,1.40275,1.40320,1.40214,1.40306,6065
2025-11-17T11:00:00Z,1.40307,1.40319,1.40234,1.40267,5637
2025-11-17T12:00:00Z,1.40267,1.40310,1.40232,1.40291,4799
2025-11-17T13:00:00Z,1.40292,1.40397,1.40238,1.40371,6533
2025-11-17T14:00:00Z,1.40374,1.40412,1.40308,1.40323,7554
2025-11-17T15:00:00Z,1.40322,1.40335,1.40240,1.40275,12726
2025-11-17T16:00:00Z,1.40275,1.40355,1.40262,1.40286,10611
2025-11-17T17:00:00Z,1.40285,1.40306,1.40232,1.40259,6093
2025-11-17T18:00:00Z,1.40259,1.40371,1.40252,1.40370,6727
2025-11-17T19:00:00Z,1.40371,1.40547,1.40350,1.40544,7797
2025-11-17T20:00:00Z,1.40544,1.40576,1.40483,1.40502,6208
2025-11-17T21:00:00Z,1.40502,1.40563,1.40483,1.40543,3420
2025-11-17T22:00:00Z,1.40537,1.40537,1.40348,1.40526,894
2025-11-17T23:00:00Z,1.40526,1.40531,1.40494,1.40506,1215
2025-11-18T00:00:00Z,1.40510,1.40563,1.40509,1.40510,3139
2025-11-18T01:00:00Z,1.40509,1.40531,1.40485,1.40497,6526
2025-11-18T02:00:00Z,1.40497,1.40511,1.40467,1.40494,6065
2025-11-18T03:00:00Z,1.40496,1.40554,1.40474,1.40541,5253
2025-11-18T04:00:00Z,1.40541,1.40618,1.40505,1.40507,6814
2025-11-18T05:00:00Z,1.40508,1.40529,1.40475,1.40490,5556
2025-11-18T06:00:00Z,1.40490,1.40540,1.40486,1.40522,5301
2025-11-18T07:00:00Z,1.40524,1.40551,1.40478,1.40506,5393
2025-11-18T08:00:00Z,1.40506,1.40506,1.40363,1.40419,6787
2025-11-18T09:00:00Z,1.40419,1.40425,1.40346,1.40357,6592
2025-11-18T10:00:00Z,1.40357,1.40386,1.40343,1.40349,6083
2025-11-18T11:00:00Z,1.40347,1.40359,1.40288,1.40301,6731
2025-11-18T12:00:00Z,1.40301,1.40361,1.40224,1.40258,6253
2025-11-18T13:00:00Z,1.40257,1.40269,1.40066,1.40105,9190
2025-11-18T14:00:00Z,1.40104,1.40208,1.40078,1.40146,10215
2025-11-18T15:00:00Z,1.40148,1.40188,1.40024,1.40138,16724
2025-11-18T16:00:00Z,1.40137,1.40202,1.39921,1.39968,11850
2025-11-18T17:00:00Z,1.39968,1.40026,1.39770,1.39783,8012
2025-11-18T18:00:00Z,1.39783,1.39804,1.39709,1.39795,6470
2025-11-18T19:00:00Z,1.39795,1.39877,1.39784,1.39788,5740
2025-11-18T20:00:00Z,1.39788,1.39836,1.39773,1.39793,7052
2025-11-18T21:00:00Z,1.39793,1.39900,1.39792,1.39877,3240
2025-11-18T22:00:00Z,1.39861,1.39861,1.39802,1.39852,931
2025-11-18T23:00:00Z,1.39850,1.39864,1.39832,1.39851,1671
2025-11-19T00:00:00Z,1.39853,1.39893,1.39845,1.39875,6883
2025-11-19T01:00:00Z,1.39874,1.39980,1.39863,1.39973,8449
2025-11-19T02:00:00Z,1.39971,1.39985,1.39922,1.39945,4680
2025-11-19T03:00:00Z,1.39946,1.39996,1.39929,1.39975,6689
2025-11-19T04:00:00Z,1.39975,1.40006,1.39957,1.39980,2636
2025-11-19T05:00:00Z,1.39978,1.39982,1.39932,1.39945,3337
2025-11-19T06:00:00Z,1.39944,1.39957,1.39880,1.39951,4656
2025-11-19T07:00:00Z,1.39951,1.39959,1.39883,1.39937,7405
2025-11-19T08:00:00Z,1.39937,1.40045,1.39892,1.40038,7619
2025-11-19T09:00:00Z,1.40040,1.40050,1.39975,1.39992,8221
2025-11-19T10:00:00Z,1.39995,1.40058,1.39983,1.40018,7780
2025-11-19T11:00:00Z,1.40018,1.40070,1.40016,1.40035,5740
2025-11-19T12:00:00Z,1.40034,1.40077,1.39997,1.40070,6900
2025-11-19T13:00:00Z,1.40073,1.40196,1.40049,1.40163,7096
2025-11-19T14:00:00Z,1.40162,1.40221,1.40063,1.40073,12708
2025-11-19T15:00:00Z,1.40075,1.40375,1.40073,1.40358,12506
2025-11-19T16:00:00Z,1.40359,1.40526,1.40357,1.40497,12466
2025-11-19T17:00:00Z,1.40498,1.40649,1.40464,1.40557,8308
2025-11-19T18:00:00Z,1.40559,1.40579,1.40430,1.40489,4598
2025-11-19T19:00:00Z,1.40489,1.40591,1.40479,1.40571,6518
2025-11-19T20:00:00Z,1.40571,1.40593,1.40501,1.40582,6176
2025-11-19T21:00:00Z,1.40581,1.40601,1.40448,1.40491,3903
2025-11-19T22:00:00Z,1.40486,1.40486,1.40431,1.40448,680
2025-11-19T23:00:00Z,1.40447,1.40457,1.40409,1.40435,2954
2025-11-20T00:00:00Z,1.40435,1.40495,1.40432,1.40485,4013
2025-11-20T01:00:00Z,1.40485,1.40548,1.40469,1.40542,4917
2025-11-20T02:00:00Z,1.40542,1.40605,1.40540,1.40565,3805
2025-11-20T03:00:00Z,1.40565,1.40595,1.40503,1.40575,5051
2025-11-20T04:00:00Z,1.40576,1.40589,1.40530,1.40545,3151
2025-11-20T05:00:00Z,1.40543,1.40599,1.40540,1.40595,2817
2025-11-20T06:00:00Z,1.40595,1.40606,1.40547,1.40564,3127
2025-11-20T07:00:00Z,1.40565,1.40605,1.40542,1.40569,4115
2025-11-20T08:00:00Z,1.40571,1.40625,1.40558,1.40592,5199
2025-11-20T09:00:00Z,1.40592,1.40617,1.40497,1.40498,5613
2025-11-20T10:00:00Z,1.40498,1.40526,1.40469,1.40507,4619
2025-11-20T11:00:00Z,1.40506,1.40644,1.40499,1.40620,4692
2025-11-20T12:00:00Z,1.40621,1.40684,1.40616,1.40650,5897
2025-11-20T13:00:00Z,1.40650,1.40701,1.40393,1.40494,13052
2025-11-20T14:00:00Z,1.40495,1.40610,1.40429,1.40512,13166
2025-11-20T15:00:00Z,1.40510,1.40711,1.40510,1.40627,12043
2025-11-20T16:00:00Z,1.40629,1.40941,1.40627,1.40917,12951
2025-11-20T17:00:00Z,1.40917,1.41066,1.40872,1.41010,13540
2025-11-20T18:00:00Z,1.41012,1.41042,1.40915,1.41005,8674
2025-11-20T19:00:00Z,1.41008,1.41045,1.40894,1.40905,7200
2025-11-20T20:00:00Z,1.40905,1.41012,1.40898,1.41008,7601
2025-11-20T21:00:00Z,1.41009,1.41028,1.40951,1.40952,2518
2025-11-20T22:00:00Z,1.40928,1.40989,1.40836,1.40963,2584
2025-11-20T23:00:00Z,1.40958,1.40977,1.40901,1.40913,2515
2025-11-21T00:00:00Z,1.40916,1.40956,1.40850,1.40853,6510
2025-11-21T01:00:00Z,1.40854,1.40892,1.40832,1.40883,6874
2025-11-21T02:00:00Z,1.40883,1.40930,1.40861,1.40916,4784
2025-11-21T03:00:00Z,1.40916,1.40928,1.40896,1.40922,4748
2025-11-21T04:00:00Z,1.40922,1.40934,1.40872,1.40898,3915
2025-11-21T05:00:00Z,1.40898,1.40922,1.40860,1.40913,4870
2025-11-21T06:00:00Z,1.40911,1.40917,1.40855,1.40869,4178
2025-11-21T07:00:00Z,1.40874,1.41048,1.40874,1.41027,5598
2025-11-21T08:00:00Z,1.41028,1.41053,1.40817,1.40847,6563
2025-11-21T09:00:00Z,1.40847,1.40945,1.40839,1.40923,5389
2025-11-21T10:00:00Z,1.40924,1.41029,1.40906,1.40930,9829
2025-11-21T11:00:00Z,1.40930,1.41050,1.40893,1.41026,6262
2025-11-21T12:00:00Z,1.41026,1.41128,1.40868,1.40877,11127
2025-11-21T13:00:00Z,1.40878,1.40908,1.40811,1.40886,8988
2025-11-21T14:00:00Z,1.40886,1.41055,1.40877,1.41033,9733
2025-11-21T15:00:00Z,1.41031,1.41269,1.41001,1.41258,14934
2025-11-21T16:00:00Z,1.41257,1.41305,1.40938,1.40968,11060
2025-11-21T17:00:00Z,1.40967,1.41009,1.40900,1.40928,7917
2025-11-21T18:00:00Z,1.40928,1.41030,1.40909,1.40970,7000
2025-11-21T19:00:00Z,1.40969,1.40971,1.40911,1.40935,5094
2025-11-21T20:00:00Z,1.40935,1.40976,1.40895,1.40910,5911
2025-11-21T21:00:00Z,1.40910,1.41030,1.40890,1.41001,6651
2025-11-23T22:00:00Z,1.40941,1.40994,1.40909,1.40956,1699
2025-11-23T23:00:00Z,1.40941,1.40987,1.40918,1.40947,2101
2025-11-24T00:00:00Z,1.40947,1.41029,1.40944,1.40987,2199
2025-11-24T01:00:00Z,1.40987,1.41038,1.40961,1.40994,4811
2025-11-24T02:00:00Z,1.40993,1.41006,1.40928,1.40967,3535
2025-11-24T03:00:00Z,1.40965,1.40981,1.40920,1.40954,2461
2025-11-24T04:00:00Z,1.40953,1.40967,1.40938,1.40945,2587
2025-11-24T05:00:00Z,1.40944,1.40947,1.40913,1.40939,2757
2025-11-24T06:00:00Z,1.40940,1.40997,1.40911,1.40994,2308
2025-11-24T07:00:00Z,1.40994,1.41037,1.40961,1.41036,4119
2025-11-24T08:00:00Z,1.41037,1.41064,1.40945,1.41021,5943
2025-11-24T09:00:00Z,1.41026,1.41142,1.41021,1.41137,5518
2025-11-24T10:00:00Z,1.41136,1.41140,1.41058,1.41099,6461
2025-11-24T11:00:00Z,1.41099,1.41107,1.41057,1.41097,5091
2025-11-24T12:00:00Z,1.41098,1.41177,1.41018,1.41021,4455
2025-11-24T13:00:00Z,1.41021,1.41078,1.40968,1.41019,4654
2025-11-24T14:00:00Z,1.41022,1.41123,1.40980,1.41036,9705
2025-11-24T15:00:00Z,1.41034,1.41141,1.41010,1.41118,11178
2025-11-24T16:00:00Z,1.41118,1.41162,1.41075,1.41123,7160
2025-11-24T17:00:00Z,1.41124,1.41185,1.41099,1.41120,3981
2025-11-24T18:00:00Z,1.41119,1.41130,1.41031,1.41048,2524
2025-11-24T19:00:00Z,1.41048,1.41097,1.41034,1.41068,2333
2025-11-24T20:00:00Z,1.41067,1.41102,1.41038,1.41101,3037
2025-11-24T21:00:00Z,1.41100,1.41114,1.41023,1.41065,2014
2025-11-24T22:00:00Z,1.41065,1.41069,1.41017,1.41043,775
2025-11-24T23:00:00Z,1.41049,1.41107,1.41030,1.41096,1796
2025-11-25T00:00:00Z,1.41098,1.41143,1.41084,1.41088,2984
2025-11-25T01:00:00Z,1.41085,1.41107,1.41048,1.41079,4881
2025-11-25T02:00:00Z,1.41079,1.41114,1.41069,1.41073,3679
2025-11-25T03:00:00Z,1.41074,1.41174,1.41056,1.41163,4362
2025-11-25T04:00:00Z,1.41162,1.41192,1.41158,1.41186,3081
2025-11-25T05:00:00Z,1.41186,1.41205,1.41150,1.41170,3237
2025-11-25T06:00:00Z,1.41171,1.41237,1.41168,1.41210,3286
2025-11-25T07:00:00Z,1.41210,1.41214,1.41151,1.41166,3440
2025-11-25T08:00:00Z,1.41165,1.41231,1.41148,1.41202,6363
2025-11-25T09:00:00Z,1.41200,1.41212,1.41128,1.41148,4563
2025-11-25T10:00:00Z,1.41150,1.41171,1.41089,1.41128,4705
2025-11-25T11:00:00Z,1.41127,1.41238,1.41126,1.41207,3522
2025-11-25T12:00:00Z,1.41208,1.41243,1.41145,1.41165,6934
2025-11-25T13:00:00Z,1.41167,1.41199,1.41039,1.41061,10664
2025-11-25T14:00:00Z,1.41062,1.41188,1.41036,1.41099,14824
2025-11-25T15:00:00Z,1.41097,1.41104,1.41003,1.41052,11052
2025-11-25T16:00:00Z,1.41053,1.41183,1.41029,1.41162,6694
2025-11-25T17:00:00Z,1.41162,1.41165,1.40904,1.40940,9159
2025-11-25T18:00:00Z,1.40939,1.40955,1.40891,1.40950,4967
2025-11-25T19:00:00Z,1.40954,1.41007,1.40914,1.40917,3561
2025-11-25T20:00:00Z,1.40917,1.41034,1.40903,1.41011,4871
2025-11-25T21:00:00Z,1.41011,1.41012,1.40937,1.40951,1963
2025-11-25T22:00:00Z,1.40939,1.40985,1.40888,1.40953,1945
2025-11-25T23:00:00Z,1.40953,1.41031,1.40932,1.41030,1474
2025-11-26T00:00:00Z,1.41029,1.41045,1.40956,1.40977,3913
2025-11-26T01:00:00Z,1.40977,1.40982,1.40799,1.40849,7010
2025-11-26T02:00:00Z,1.40849,1.40857,1.40749,1.40826,7897
2025-11-26T03:00:00Z,1.40825,1.40826,1.40703,1.40712,4621
2025-11-26T04:00:00Z,1.40711,1.40764,1.40700,1.40763,5668
2025-11-26T05:00:00Z,1.40762,1.40773,1.40730,1.40733,4110
2025-11-26T06:00:00Z,1.40733,1.40756,1.40676,1.40741,5761
2025-11-26T07:00:00Z,1.40740,1.40744,1.40671,1.40687,5845
2025-11-26T08:00:00Z,1.40687,1.40797,1.40683,1.40784,3951
2025-11-26T09:00:00Z,1.40785,1.40832,1.40751,1.40816,4107
2025-11-26T10:00:00Z,1.40816,1.40862,1.40778,1.40848,4562
2025-11-26T11:00:00Z,1.40848,1.40892,1.40832,1.40880,6361
2025-11-26T12:00:00Z,1.40881,1.40970,1.40875,1.40910,5795
2025-11-26T13:00:00Z,1.40909,1.40991,1.40799,1.40955,8560
2025-11-26T14:00:00Z,1.40955,1.41004,1.40790,1.40830,7909
2025-11-26T15:00:00Z,1.40831,1.40846,1.40553,1.40563,10552
2025-11-26T16:00:00Z,1.40562,1.40576,1.40480,1.40511,7275
2025-11-26T17:00:00Z,1.40513,1.40522,1.40420,1.40442,3479
2025-11-26T18:00:00Z,1.40440,1.40457,1.40376,1.40386,3268
2025-11-26T19:00:00Z,1.40385,1.40407,1.40341,1.40394,3340
2025-11-26T20:00:00Z,1.40395,1.40414,1.40343,1.40412,3128
2025-11-26T21:00:00Z,1.40411,1.40428,1.40371,1.40417,2437
2025-11-26T22:00:00Z,1.40418,1.40440,1.40319,1.40399,858
2025-11-26T23:00:00Z,1.40391,1.40428,1.40371,1.40389,2561
2025-11-27T00:00:00Z,1.40391,1.40391,1.40357,1.40378,3434
2025-11-27T01:00:00Z,1.40377,1.40399,1.40337,1.40341,5162
2025-11-27T02:00:00Z,1.40340,1.40340,1.40292,1.40321,3306
2025-11-27T03:00:00Z,1.40321,1.40359,1.40315,1.40346,4036
2025-11-27T04:00:00Z,1.40346,1.40366,1.40294,1.40312,3514
2025-11-27T05:00:00Z,1.40311,1.40328,1.40282,1.40325,3951
2025-11-27T06:00:00Z,1.40324,1.40357,1.40295,1.40347,5645
2025-11-27T07:00:00Z,1.40348,1.40378,1.40332,1.40337,3351
2025-11-27T08:00:00Z,1.40335,1.40403,1.40328,1.40347,4063
2025-11-27T09:00:00Z,1.40347,1.40486,1.40347,1.40480,4190
2025-11-27T10:00:00Z,1.40477,1.40498,1.40434,1.40445,3969
2025-11-27T11:00:00Z,1.40447,1.40477,1.40430,1.40455,3804
2025-11-27T12:00:00Z,1.40456,1.40456,1.40394,1.40426,2320
2025-11-27T13:00:00Z,1.40429,1.40455,1.40390,1.40443,3274
2025-11-27T14:00:00Z,1.40442,1.40461,1.40377,1.40384,3071
2025-11-27T15:00:00Z,1.40386,1.40389,1.40278,1.40328,5354
2025-11-27T16:00:00Z,1.40328,1.40374,1.40299,1.40300,3544
2025-11-27T17:00:00Z,1.40300,1.40334,1.40278,1.40296,1194
2025-11-27T18:00:00Z,1.40293,1.40322,1.40279,1.40316,821
2025-11-27T19:00:00Z,1.40317,1.40324,1.40283,1.40292,754
2025-11-27T20:00:00Z,1.40292,1.40307,1.40280,1.40305,2437
2025-11-27T21:00:00Z,1.40305,1.40305,1.40273,1.40286,1500
2025-11-27T22:00:00Z,1.40273,1.40302,1.40263,1.40289,858
2025-11-27T23:00:00Z,1.40290,1.40322,1.40241,1.40261,1618
2025-11-28T00:00:00Z,1.40260,1.40330,1.40250,1.40318,5366
2025-11-28T01:00:00Z,1.40320,1.40340,1.40276,1.40334,6329
2025-11-28T02:00:00Z,1.40335,1.40335,1.40273,1.40313,28030
2025-11-28T03:00:00Z,1.40314,1.40325,1.40272,1.40325,27602
2025-11-28T04:00:00Z,1.40326,1.40367,1.40281,1.40350,27585
2025-11-28T05:00:00Z,1.40350,1.40407,1.40321,1.40345,21090
2025-11-28T06:00:00Z,1.40343,1.40403,1.40329,1.40382,14920
2025-11-28T07:00:00Z,1.40381,1.40424,1.40332,1.40404,35111
2025-11-28T08:00:00Z,1.40405,1.40441,1.40352,1.40361,26425
2025-11-28T09:00:00Z,1.40362,1.40400,1.40330,1.40391,26489
2025-11-28T10:00:00Z,1.40390,1.40485,1.40380,1.40482,14643
2025-11-28T11:00:00Z,1.40481,1.40510,1.40328,1.40354,31881
2025-11-28T12:00:00Z,1.40351,1.40401,1.40178,1.40187,13939
2025-11-28T13:00:00Z,1.40186,1.40188,1.39916,1.39963,18590
2025-11-28T14:00:00Z,1.39964,1.39981,1.39789,1.39798,8176
2025-11-28T15:00:00Z,1.39798,1.39801,1.39381,1.39403,10737
2025-11-28T16:00:00Z,1.39403,1.39762,1.39377,1.39754,6822
2025-11-28T17:00:00Z,1.39753,1.39857,1.39716,1.39744,4456
2025-11-28T18:00:00Z,1.39745,1.39818,1.39726,1.39732,3514
2025-11-28T19:00:00Z,1.39733,1.39763,1.39704,1.39727,4024
2025-11-28T20:00:00Z,1.39725,1.39754,1.39700,1.39723,9388
2025-11-28T21:00:00Z,1.39723,1.39764,1.39627,1.39752,10671
2025-11-30T22:00:00Z,1.39735,1.39780,1.39693,1.39748,1775
2025-11-30T23:00:00Z,1.39739,1.39773,1.39648,1.39698,2689
2025-12-01T00:00:00Z,1.39698,1.39797,1.39680,1.39751,6178
2025-12-01T01:00:00Z,1.39751,1.39774,1.39639,1.39713,9875
2025-12-01T02:00:00Z,1.39712,1.39820,1.39707,1.39809,7045
2025-12-01T03:00:00Z,1.39809,1.39850,1.39778,1.39800,4224
2025-12-01T04:00:00Z,1.39799,1.39838,1.39776,1.39816,5063
2025-12-01T05:00:00Z,1.39818,1.39893,1.39817,1.39861,5312
2025-12-01T06:00:00Z,1.39860,1.39891,1.39843,1.39862,4447
2025-12-01T07:00:00Z,1.39861,1.39865,1.39698,1.39778,4920
2025-12-01T08:00:00Z,1.39779,1.39888,1.39752,1.39839,6159
2025-12-01T09:00:00Z,1.39838,1.39911,1.39804,1.39846,6342
2025-12-01T10:00:00Z,1.39847,1.39866,1.39822,1.39835,5127
2025-12-01T11:00:00Z,1.39835,1.39840,1.39745,1.39748,4563
2025-12-01T12:00:00Z,1.39747,1.39752,1.39547,1.39582,6501
2025-12-01T13:00:00Z,1.39582,1.39647,1.39544,1.39629,5758
2025-12-01T14:00:00Z,1.39629,1.39668,1.39584,1.39627,9037
2025-12-01T15:00:00Z,1.39625,1.39733,1.39554,1.39647,12707
2025-12-01T16:00:00Z,1.39646,1.39848,1.39639,1.39814,9953
2025-12-01T17:00:00Z,1.39815,1.39842,1.39763,1.39817,5043
2025-12-01T18:00:00Z,1.39817,1.39936,1.39813,1.39909,4095
2025-12-01T19:00:00Z,1.39909,1.39995,1.39909,1.39966,5528
2025-12-01T20:00:00Z,1.39967,1.40007,1.39946,1.40005,4603
2025-12-01T21:00:00Z,1.40005,1.40012,1.39956,1.39976,1818
2025-12-01T22:00:00Z,1.39937,1.39986,1.39899,1.39972,957
2025-12-01T23:00:00Z,1.39971,1.40014,1.39950,1.40012,1468
2025-12-02T00:00:00Z,1.40011,1.40024,1.39988,1.40006,3227
2025-12-02T01:00:00Z,1.40007,1.40069,1.39998,1.40006,5034
2025-12-02T02:00:00Z,1.40005,1.40026,1.39984,1.39999,2827
2025-12-02T03:00:00Z,1.40000,1.40023,1.39973,1.39981,2839
2025-12-02T04:00:00Z,1.39981,1.39990,1.39952,1.39985,1881
2025-12-02T05:00:00Z,1.39983,1.40000,1.39963,1.39974,1859
2025-12-02T06:00:00Z,1.39974,1.40014,1.39964,1.39974,3922
2025-12-02T07:00:00Z,1.39973,1.39987,1.39936,1.39971,4245
2025-12-02T08:00:00Z,1.39972,1.39998,1.39920,1.39975,5046
2025-12-02T09:00:00Z,1.39976,1.40094,1.39953,1.40077,5358
2025-12-02T10:00:00Z,1.40076,1.40132,1.40059,1.40065,4775
2025-12-02T11:00:00Z,1.40064,1.40140,1.40059,1.40124,4767
2025-12-02T12:00:00Z,1.40124,1.40137,1.40014,1.40016,5009
2025-12-02T13:00:00Z,1.40015,1.40048,1.39968,1.39973,7079
2025-12-02T14:00:00Z,1.39972,1.39983,1.39846,1.39849,8758
2025-12-02T15:00:00Z,1.39845,1.39901,1.39751,1.39803,10877
2025-12-02T16:00:00Z,1.39803,1.39946,1.39769,1.39891,8183
2025-12-02T17:00:00Z,1.39890,1.39897,1.39827,1.39854,7134
2025-12-02T18:00:00Z,1.39855,1.39865,1.39806,1.39811,5226
2025-12-02T19:00:00Z,1.39810,1.39817,1.39673,1.39716,6673
2025-12-02T20:00:00Z,1.39715,1.39782,1.39682,1.39782,3039
2025-12-02T21:00:00Z,1.39783,1.39822,1.39668,1.39674,1717
2025-12-02T22:00:00Z,1.39652,1.39731,1.39640,1.39679,1056
2025-12-02T23:00:00Z,1.39677,1.39730,1.39663,1.39693,1648
2025-12-03T00:00:00Z,1.39694,1.39748,1.39678,1.39684,5375
2025-12-03T01:00:00Z,1.39685,1.39689,1.39619,1.39653,5266
2025-12-03T02:00:00Z,1.39654,1.39687,1.39648,1.39666,4066
2025-12-03T03:00:00Z,1.39666,1.39688,1.39662,1.39685,2804
2025-12-03T04:00:00Z,1.39685,1.39698,1.39673,1.39685,2738
2025-12-03T05:00:00Z,1.39684,1.39740,1.39655,1.39716,3138
2025-12-03T06:00:00Z,1.39717,1.39726,1.39674,1.39685,3751
2025-12-03T07:00:00Z,1.39683,1.39732,1.39616,1.39704,4630
2025-12-03T08:00:00Z,1.39704,1.39705,1.39599,1.39610,6531
2025-12-03T09:00:00Z,1.39610,1.39629,1.39543,1.39547,7201
2025-12-03T10:00:00Z,1.39548,1.39550,1.39394,1.39468,6165
2025-12-03T11:00:00Z,1.39469,1.39472,1.39395,1.39452,5217
2025-12-03T12:00:00Z,1.39451,1.39466,1.39379,1.39462,4218
2025-12-03T13:00:00Z,1.39463,1.39512,1.39388,1.39453,7410
2025-12-03T14:00:00Z,1.39454,1.39648,1.39436,1.39595,11410
2025-12-03T15:00:00Z,1.39595,1.39690,1.39418,1.39491,12212
2025-12-03T16:00:00Z,1.39491,1.39539,1.39405,1.39511,9851
2025-12-03T17:00:00Z,1.39512,1.39533,1.39420,1.39436,5342
2025-12-03T18:00:00Z,1.39437,1.39497,1.39414,1.39473,3839
2025-12-03T19:00:00Z,1.39474,1.39500,1.39443,1.39470,4541
2025-12-03T20:00:00Z,1.39472,1.39514,1.39467,1.39512,3889
2025-12-03T21:00:00Z,1.39512,1.39543,1.39484,1.39493,1595
2025-12-03T22:00:00Z,1.39472,1.39496,1.39387,1.39474,494
2025-12-03T23:00:00Z,1.39477,1.39532,1.39471,1.39530,1886
2025-12-04T00:00:00Z,1.39530,1.39571,1.39521,1.39557,4493
2025-12-04T01:00:00Z,1.39556,1.39626,1.39556,1.39611,6154
2025-12-04T02:00:00Z,1.39611,1.39643,1.39591,1.39630,5051
2025-12-04T03:00:00Z,1.39631,1.39681,1.39622,1.39624,5159
2025-12-04T04:00:00Z,1.39623,1.39631,1.39577,1.39593,3013
2025-12-04T05:00:00Z,1.39592,1.39625,1.39591,1.39606,4548
2025-12-04T06:00:00Z,1.39606,1.39691,1.39597,1.39652,3984
2025-12-04T07:00:00Z,1.39651,1.39707,1.39610,1.39627,2941
2025-12-04T08:00:00Z,1.39626,1.39663,1.39567,1.39652,5753
2025-12-04T09:00:00Z,1.39652,1.39683,1.39587,1.39594,5451
2025-12-04T10:00:00Z,1.39596,1.39682,1.39573,1.39675,7043
2025-12-04T11:00:00Z,1.39674,1.39744,1.39639,1.39700,5651
2025-12-04T12:00:00Z,1.39699,1.39749,1.39665,1.39720,4734
2025-12-04T13:00:00Z,1.39719,1.39770,1.39636,1.39672,7277
2025-12-04T14:00:00Z,1.39671,1.39681,1.39495,1.39521,8353
2025-12-04T15:00:00Z,1.39521,1.39544,1.39247,1.39324,12199
2025-12-04T16:00:00Z,1.39325,1.39484,1.39322,1.39397,11931
2025-12-04T17:00:00Z,1.39397,1.39489,1.39383,1.39452,4997
2025-12-04T18:00:00Z,1.39452,1.39523,1.39438,1.39493,6158
2025-12-04T19:00:00Z,1.39495,1.39571,1.39485,1.39514,7556
2025-12-04T20:00:00Z,1.39515,1.39588,1.39515,1.39574,4528
2025-12-04T21:00:00Z,1.39570,1.39602,1.39544,1.39573,2272
2025-12-04T22:00:00Z,1.39552,1.39562,1.39476,1.39525,1285
2025-12-04T23:00:00Z,1.39526,1.39604,1.39514,1.39593,1045
2025-12-05T00:00:00Z,1.39595,1.39595,1.39533,1.39547,1919
2025-12-05T01:00:00Z,1.39547,1.39547,1.39502,1.39503,2772
2025-12-05T02:00:00Z,1.39505,1.39534,1.39497,1.39511,1853
2025-12-05T03:00:00Z,1.39511,1.39570,1.39510,1.39547,1478
2025-12-05T04:00:00Z,1.39548,1.39551,1.39515,1.39530,2284
2025-12-05T05:00:00Z,1.39529,1.39529,1.39486,1.39489,2329
2025-12-05T06:00:00Z,1.39488,1.39504,1.39451,1.39470,3248
2025-12-05T07:00:00Z,1.39470,1.39474,1.39397,1.39465,4015
2025-12-05T08:00:00Z,1.39463,1.39496,1.39402,1.39444,5969
2025-12-05T09:00:00Z,1.39443,1.39467,1.39424,1.39433,3915
2025-12-05T10:00:00Z,1.39432,1.39493,1.39413,1.39449,3334
2025-12-05T11:00:00Z,1.39449,1.39521,1.39404,1.39409,3902
2025-12-05T12:00:00Z,1.39410,1.39440,1.39295,1.39306,4524
2025-12-05T13:00:00Z,1.39305,1.39385,1.38844,1.38871,10480
2025-12-05T14:00:00Z,1.38872,1.38931,1.38727,1.38737,11415
2025-12-05T15:00:00Z,1.38734,1.38810,1.38528,1.38540,12475
2025-12-05T16:00:00Z,1.38541,1.38701,1.38532,1.38593,10257
2025-12-05T17:00:00Z,1.38593,1.38620,1.38331,1.38345,6148
2025-12-05T18:00:00Z,1.38346,1.38454,1.38326,1.38357,4982
2025-12-05T19:00:00Z,1.38356,1.38418,1.38323,1.38364,3519
2025-12-05T20:00:00Z,1.38364,1.38423,1.38254,1.38267,4301
2025-12-05T21:00:00Z,1.38267,1.38335,1.38102,1.38110,5584
2025-12-07T22:00:00Z,1.38171,1.38286,1.38171,1.38270,1468
2025-12-07T23:00:00Z,1.38271,1.38351,1.38232,1.38347,4728
2025-12-08T00:00:00Z,1.38348,1.38349,1.38251,1.38253,3587
2025-12-08T01:00:00Z,1.38253,1.38278,1.38212,1.38235,4989
2025-12-08T02:00:00Z,1.38234,1.38238,1.38195,1.38196,3511
2025-12-08T03:00:00Z,1.38196,1.38262,1.38185,1.38255,2537
2025-12-08T04:00:00Z,1.38255,1.38257,1.38205,1.38243,2465
2025-12-08T05:00:00Z,1.38241,1.38241,1.38192,1.38196,2897
2025-12-08T06:00:00Z,1.38197,1.38241,1.38130,1.38212,4694
2025-12-08T07:00:00Z,1.38211,1.38286,1.38161,1.38245,4315
2025-12-08T08:00:00Z,1.38246,1.38255,1.38142,1.38187,6095
2025-12-08T09:00:00Z,1.38187,1.38266,1.38155,1.38236,6052
2025-12-08T10:00:00Z,1.38236,1.38247,1.38176,1.38235,5407
2025-12-08T11:00:00Z,1.38236,1.38265,1.38133,1.38149,5733
2025-12-08T12:00:00Z,1.38149,1.38152,1.37993,1.38066,5245
2025-12-08T13:00:00Z,1.38066,1.38118,1.38023,1.38095,8369
2025-12-08T14:00:00Z,1.38096,1.38207,1.37996,1.38206,8938
2025-12-08T15:00:00Z,1.38206,1.38447,1.38187,1.38444,11847
2025-12-08T16:00:00Z,1.38444,1.38525,1.38389,1.38464,9797
2025-12-08T17:00:00Z,1.38465,1.38523,1.38399,1.38415,8832
2025-12-08T18:00:00Z,1.38414,1.38583,1.38397,1.38580,5302
2025-12-08T19:00:00Z,1.38581,1.38590,1.38458,1.38498,5431
2025-12-08T20:00:00Z,1.38498,1.38561,1.38473,1.38559,3615
2025-12-08T21:00:00Z,1.38558,1.38592,1.38542,1.38566,1542
2025-12-08T22:00:00Z,1.38559,1.38559,1.38490,1.38536,964
2025-12-08T23:00:00Z,1.38534,1.38546,1.38481,1.38485,1385
2025-12-09T00:00:00Z,1.38485,1.38525,1.38461,1.38517,2869
2025-12-09T01:00:00Z,1.38518,1.38543,1.38480,1.38485,5040
2025-12-09T02:00:00Z,1.38485,1.38520,1.38481,1.38502,3124
2025-12-09T03:00:00Z,1.38501,1.38524,1.38461,1.38467,3808
2025-12-09T04:00:00Z,1.38467,1.38493,1.38441,1.38452,3932
2025-12-09T05:00:00Z,1.38452,1.38513,1.38441,1.38494,3554
2025-12-09T06:00:00Z,1.38494,1.38574,1.38491,1.38547,5796
2025-12-09T07:00:00Z,1.38549,1.38566,1.38519,1.38556,5698
2025-12-09T08:00:00Z,1.38556,1.38574,1.38528,1.38539,6151
2025-12-09T09:00:00Z,1.38539,1.38541,1.38383,1.38393,7798
2025-12-09T10:00:00Z,1.38391,1.38453,1.38376,1.38426,6624
2025-12-09T11:00:00Z,1.38425,1.38456,1.38388,1.38432,4964
2025-12-09T12:00:00Z,1.38432,1.38493,1.38418,1.38477,4906
2025-12-09T13:00:00Z,1.38476,1.38486,1.38374,1.38399,6579
2025-12-09T14:00:00Z,1.38399,1.38432,1.38232,1.38273,7237
2025-12-09T15:00:00Z,1.38272,1.38482,1.38269,1.38407,11814
2025-12-09T16:00:00Z,1.38406,1.38417,1.38289,1.38335,8190
2025-12-09T17:00:00Z,1.38333,1.38573,1.38296,1.38547,5323
2025-12-09T18:00:00Z,1.38546,1.38605,1.38509,1.38522,4786
2025-12-09T19:00:00Z,1.38521,1.38554,1.38433,1.38475,3917
2025-12-09T20:00:00Z,1.38475,1.38510,1.38459,1.38504,2079
2025-12-09T21:00:00Z,1.38504,1.38539,1.38438,1.38451,1849
2025-12-09T22:00:00Z,1.38442,1.38481,1.38404,1.38443,1277
2025-12-09T23:00:00Z,1.38443,1.38479,1.38427,1.38455,1995
2025-12-10T00:00:00Z,1.38455,1.38488,1.38443,1.38467,5194
2025-12-10T01:00:00Z,1.38468,1.38542,1.38462,1.38536,6356
2025-12-10T02:00:00Z,1.38534,1.38569,1.38523,1.38557,4959
2025-12-10T03:00:00Z,1.38556,1.38566,1.38528,1.38544,3003
2025-12-10T04:00:00Z,1.38545,1.38556,1.38526,1.38544,2674
2025-12-10T05:00:00Z,1.38543,1.38557,1.38515,1.38528,2099
2025-12-10T06:00:00Z,1.38526,1.38529,1.38477,1.38483,3242
2025-12-10T07:00:00Z,1.38483,1.38558,1.38447,1.38538,3061
2025-12-10T08:00:00Z,1.38537,1.38582,1.38468,1.38480,8448
2025-12-10T09:00:00Z,1.38481,1.38569,1.38466,1.38549,6972
2025-12-10T10:00:00Z,1.38549,1.38562,1.38488,1.38535,4805
2025-12-10T11:00:00Z,1.38535,1.38544,1.38464,1.38466,5930
2025-12-10T12:00:00Z,1.38465,1.38483,1.38373,1.38410,3937
2025-12-10T13:00:00Z,1.38411,1.38524,1.38405,1.38439,6489
2025-12-10T14:00:00Z,1.38439,1.38715,1.38381,1.38620,9264
2025-12-10T15:00:00Z,1.38620,1.38644,1.38507,1.38509,10701
2025-12-10T16:00:00Z,1.38510,1.38560,1.38343,1.38349,8137
2025-12-10T17:00:00Z,1.38349,1.38369,1.38251,1.38302,4821
2025-12-10T18:00:00Z,1.38300,1.38377,1.38257,1.38321,4305
2025-12-10T19:00:00Z,1.38321,1.38408,1.38076,1.38098,21521
2025-12-10T20:00:00Z,1.38098,1.38141,1.37834,1.37946,9724
2025-12-10T21:00:00Z,1.37947,1.37999,1.37904,1.37917,3476
2025-12-10T22:00:00Z,1.37911,1.37936,1.37858,1.37928,1076
2025-12-10T23:00:00Z,1.37933,1.37952,1.37891,1.37892,2336
2025-12-11T00:00:00Z,1.37891,1.37986,1.37842,1.37982,7901
2025-12-11T01:00:00Z,1.37984,1.37987,1.37926,1.37942,7953
2025-12-11T02:00:00Z,1.37942,1.38069,1.37918,1.38061,6117
2025-12-11T03:00:00Z,1.38062,1.38157,1.38049,1.38135,7462
2025-12-11T04:00:00Z,1.38135,1.38169,1.38102,1.38151,5476
2025-12-11T05:00:00Z,1.38152,1.38165,1.38117,1.38122,6276
2025-12-11T06:00:00Z,1.38122,1.38196,1.38117,1.38170,5009
2025-12-11T07:00:00Z,1.38171,1.38224,1.38137,1.38212,3936
2025-12-11T08:00:00Z,1.38210,1.38211,1.38065,1.38076,8246
2025-12-11T09:00:00Z,1.38077,1.38166,1.38064,1.38067,7833
2025-12-11T10:00:00Z,1.38066,1.38102,1.38035,1.38042,5387
2025-12-11T11:00:00Z,1.38042,1.38052,1.37927,1.37956,7465
2025-12-11T12:00:00Z,1.37955,1.38027,1.37932,1.37948,5016
2025-12-11T13:00:00Z,1.37949,1.37992,1.37803,1.37862,9173
2025-12-11T14:00:00Z,1.37863,1.37874,1.37647,1.37744,11854
2025-12-11T15:00:00Z,1.37746,1.37767,1.37568,1.37591,11222
2025-12-11T16:00:00Z,1.37591,1.37801,1.37564,1.37688,8088
2025-12-11T17:00:00Z,1.37689,1.37767,1.37627,1.37724,5140
2025-12-11T18:00:00Z,1.37724,1.37746,1.37675,1.37699,4761
2025-12-11T19:00:00Z,1.37699,1.37805,1.37697,1.37786,3740
2025-12-11T20:00:00Z,1.37787,1.37790,1.37691,1.37698,4916
2025-12-11T21:00:00Z,1.37698,1.37739,1.37665,1.37703,2846
2025-12-11T22:00:00Z,1.37683,1.37745,1.37626,1.37714,1773
2025-12-11T23:00:00Z,1.37707,1.37765,1.37697,1.37753,1770
2025-12-12T00:00:00Z,1.37755,1.37756,1.37684,1.37721,7055
2025-12-12T01:00:00Z,1.37721,1.37742,1.37666,1.37730,6332
2025-12-12T02:00:00Z,1.37729,1.37755,1.37704,1.37741,5459
2025-12-12T03:00:00Z,1.37742,1.37755,1.37713,1.37748,3585
2025-12-12T04:00:00Z,1.37747,1.37783,1.37745,1.37762,3935
2025-12-12T05:00:00Z,1.37762,1.37762,1.37711,1.37716,3993
2025-12-12T06:00:00Z,1.37716,1.37746,1.37685,1.37715,4112
2025-12-12T07:00:00Z,1.37720,1.37746,1.37641,1.37651,6040
2025-12-12T08:00:00Z,1.37651,1.37666,1.37547,1.37590,7158
2025-12-12T09:00:00Z,1.37590,1.37647,1.37576,1.37604,6074
2025-12-12T10:00:00Z,1.37606,1.37632,1.37575,1.37581,5289
2025-12-12T11:00:00Z,1.37580,1.37617,1.37554,1.37559,6510
2025-12-12T12:00:00Z,1.37558,1.37694,1.37548,1.37622,5659
2025-12-12T13:00:00Z,1.37621,1.37636,1.37538,1.37609,9137
2025-12-12T14:00:00Z,1.37608,1.37629,1.37529,1.37558,10740
2025-12-12T15:00:00Z,1.37559,1.37836,1.37559,1.37808,14094
2025-12-12T16:00:00Z,1.37809,1.37944,1.37793,1.37840,13994
2025-12-12T17:00:00Z,1.37841,1.37845,1.37644,1.37658,7108
2025-12-12T18:00:00Z,1.37658,1.37694,1.37596,1.37685,5478
2025-12-12T19:00:00Z,1.37685,1.37742,1.37646,1.37659,4312
2025-12-12T20:00:00Z,1.37660,1.37714,1.37621,1.37658,4235
2025-12-12T21:00:00Z,1.37656,1.37718,1.37626,1.37694,4568
2025-12-14T22:00:00Z,1.37618,1.37710,1.37589,1.37693,2022
2025-12-14T23:00:00Z,1.37694,1.37731,1.37646,1.37678,2349
2025-12-15T00:00:00Z,1.37679,1.37709,1.37637,1.37646,3944
2025-12-15T01:00:00Z,1.37646,1.37694,1.37599,1.37600,5957
2025-12-15T02:00:00Z,1.37603,1.37675,1.37596,1.37636,5294
2025-12-15T03:00:00Z,1.37636,1.37693,1.37606,1.37670,4712
2025-12-15T04:00:00Z,1.37668,1.37699,1.37643,1.37653,4236
2025-12-15T05:00:00Z,1.37653,1.37666,1.37633,1.37644,4256
2025-12-15T06:00:00Z,1.37646,1.37678,1.37633,1.37637,4011
2025-12-15T07:00:00Z,1.37637,1.37643,1.37595,1.37626,3589
2025-12-15T08:00:00Z,1.37624,1.37673,1.37576,1.37607,4608
2025-12-15T09:00:00Z,1.37606,1.37664,1.37571,1.37650,4181
2025-12-15T10:00:00Z,1.37651,1.37762,1.37630,1.37735,3586
2025-12-15T11:00:00Z,1.37735,1.37764,1.37633,1.37653,3974
2025-12-15T12:00:00Z,1.37652,1.37663,1.37511,1.37513,4409
2025-12-15T13:00:00Z,1.37512,1.37683,1.37472,1.37683,7961
2025-12-15T14:00:00Z,1.37686,1.37716,1.37565,1.37570,9972
2025-12-15T15:00:00Z,1.37570,1.37719,1.37544,1.37612,10641
2025-12-15T16:00:00Z,1.37612,1.37738,1.37598,1.37656,8091
2025-12-15T17:00:00Z,1.37658,1.37755,1.37635,1.37746,6037
2025-12-15T18:00:00Z,1.37744,1.37880,1.37729,1.37798,6402
2025-12-15T19:00:00Z,1.37803,1.37822,1.37711,1.37718,3120
2025-12-15T20:00:00Z,1.37724,1.37747,1.37696,1.37698,4316
2025-12-15T21:00:00Z,1.37698,1.37732,1.37664,1.37674,3274
2025-12-15T22:00:00Z,1.37648,1.37705,1.37630,1.37665,1032
2025-12-15T23:00:00Z,1.37667,1.37701,1.37654,1.37691,2130
2025-12-16T00:00:00Z,1.37690,1.37763,1.37662,1.37740,7153
2025-12-16T01:00:00Z,1.37740,1.37807,1.37719,1.37776,7026
2025-12-16T02:00:00Z,1.37774,1.37793,1.37708,1.37713,6260
2025-12-16T03:00:00Z,1.37713,1.37728,1.37675,1.37694,4770
2025-12-16T04:00:00Z,1.37693,1.37698,1.37654,1.37671,4826
2025-12-16T05:00:00Z,1.37671,1.37698,1.37644,1.37693,5111
2025-12-16T06:00:00Z,1.37693,1.37719,1.37644,1.37647,4854
2025-12-16T07:00:00Z,1.37646,1.37714,1.37637,1.37698,4782
2025-12-16T08:00:00Z,1.37698,1.37744,1.37634,1.37738,7562
2025-12-16T09:00:00Z,1.37737,1.37778,1.37684,1.37750,6639
2025-12-16T10:00:00Z,1.37749,1.37792,1.37709,1.37764,4990
2025-12-16T11:00:00Z,1.37764,1.37795,1.37735,1.37737,4367
2025-12-16T12:00:00Z,1.37737,1.37737,1.37594,1.37595,6280
2025-12-16T13:00:00Z,1.37594,1.37641,1.37373,1.37532,13772
2025-12-16T14:00:00Z,1.37531,1.37538,1.37298,1.37361,13522
2025-12-16T15:00:00Z,1.37361,1.37633,1.37349,1.37474,15002
2025-12-16T16:00:00Z,1.37473,1.37552,1.37446,1.37500,8380
2025-12-16T17:00:00Z,1.37498,1.37499,1.37356,1.37456,6278
2025-12-16T18:00:00Z,1.37455,1.37570,1.37370,1.37416,6954
2025-12-16T19:00:00Z,1.37418,1.37618,1.37410,1.37451,6105
2025-12-16T20:00:00Z,1.37453,1.37561,1.37420,1.37553,6824
2025-12-16T21:00:00Z,1.37555,1.37604,1.37493,1.37518,2475
2025-12-16T22:00:00Z,1.37502,1.37562,1.37412,1.37537,2529
2025-12-16T23:00:00Z,1.37537,1.37562,1.37519,1.37550,2689
2025-12-17T00:00:00Z,1.37551,1.37636,1.37550,1.37634,5034
2025-12-17T01:00:00Z,1.37634,1.37634,1.37584,1.37589,7472
2025-12-17T02:00:00Z,1.37588,1.37696,1.37585,1.37679,5473
2025-12-17T03:00:00Z,1.37678,1.37707,1.37638,1.37661,4182
2025-12-17T04:00:00Z,1.37660,1.37757,1.37660,1.37751,3860
2025-12-17T05:00:00Z,1.37749,1.37772,1.37718,1.37743,4004
2025-12-17T06:00:00Z,1.37743,1.37805,1.37723,1.37798,4248
2025-12-17T07:00:00Z,1.37799,1.37836,1.37756,1.37801,4549
2025-12-17T08:00:00Z,1.37802,1.37851,1.37733,1.37748,7414
2025-12-17T09:00:00Z,1.37747,1.37766,1.37710,1.37765,5824
2025-12-17T10:00:00Z,1.37765,1.37842,1.37735,1.37826,3649
2025-12-17T11:00:00Z,1.37824,1.37954,1.37813,1.37900,5437
2025-12-17T12:00:00Z,1.37900,1.37911,1.37838,1.37842,6420
2025-12-17T13:00:00Z,1.37842,1.37915,1.37761,1.37768,8595
2025-12-17T14:00:00Z,1.37768,1.37806,1.37690,1.37719,10487
2025-12-17T15:00:00Z,1.37718,1.37844,1.37617,1.37800,12193
2025-12-17T16:00:00Z,1.37802,1.37978,1.37735,1.37937,9829
2025-12-17T17:00:00Z,1.37939,1.37941,1.37821,1.37827,7272
2025-12-17T18:00:00Z,1.37828,1.37920,1.37781,1.37897,5933
2025-12-17T19:00:00Z,1.37897,1.37913,1.37843,1.37887,3652
2025-12-17T20:00:00Z,1.37890,1.37893,1.37752,1.37825,4093
2025-12-17T21:00:00Z,1.37825,1.37884,1.37808,1.37865,1992
2025-12-17T22:00:00Z,1.37838,1.37876,1.37753,1.37834,1357
2025-12-17T23:00:00Z,1.37833,1.37854,1.37814,1.37832,1851
2025-12-18T00:00:00Z,1.37833,1.37859,1.37822,1.37826,3568
2025-12-18T01:00:00Z,1.37827,1.37885,1.37779,1.37860,5292
2025-12-18T02:00:00Z,1.37859,1.37879,1.37810,1.37857,4297
2025-12-18T03:00:00Z,1.37858,1.37869,1.37828,1.37856,3357
2025-12-18T04:00:00Z,1.37858,1.37862,1.37791,1.37792,3006
2025-12-18T05:00:00Z,1.37792,1.37809,1.37763,1.37767,3396
2025-12-18T06:00:00Z,1.37767,1.37798,1.37715,1.37724,4767
2025-12-18T07:00:00Z,1.37723,1.37734,1.37677,1.37722,4581
2025-12-18T08:00:00Z,1.37722,1.37813,1.37718,1.37746,5316
2025-12-18T09:00:00Z,1.37745,1.37831,1.37744,1.37815,5154
2025-12-18T10:00:00Z,1.37816,1.37823,1.37757,1.37788,3432
2025-12-18T11:00:00Z,1.37788,1.37876,1.37774,1.37819,3506
2025-12-18T12:00:00Z,1.37824,1.37935,1.37800,1.37918,5480
2025-12-18T13:00:00Z,1.37917,1.37955,1.37617,1.37763,13840
2025-12-18T14:00:00Z,1.37766,1.37808,1.37673,1.37764,14655
2025-12-18T15:00:00Z,1.37764,1.37807,1.37646,1.37657,13142
2025-12-18T16:00:00Z,1.37657,1.37678,1.37556,1.37626,8091
2025-12-18T17:00:00Z,1.37627,1.37805,1.37611,1.37719,7782
2025-12-18T18:00:00Z,1.37717,1.37768,1.37656,1.37758,7029
2025-12-18T19:00:00Z,1.37758,1.37824,1.37735,1.37801,5861
2025-12-18T20:00:00Z,1.37802,1.37832,1.37770,1.37796,6156
2025-12-18T21:00:00Z,1.37798,1.37835,1.37732,1.37732,2821
2025-12-18T22:00:00Z,1.37732,1.37787,1.37690,1.37757,1678
2025-12-18T23:00:00Z,1.37749,1.37792,1.37711,1.37770,2125
2025-12-19T00:00:00Z,1.37770,1.37776,1.37713,1.37715,4051
2025-12-19T01:00:00Z,1.37714,1.37805,1.37694,1.37779,5865
2025-12-19T02:00:00Z,1.37780,1.37837,1.37748,1.37831,4352
2025-12-19T03:00:00Z,1.37833,1.37858,1.37805,1.37828,5659
2025-12-19T04:00:00Z,1.37828,1.37884,1.37820,1.37862,2822
2025-12-19T05:00:00Z,1.37861,1.37886,1.37844,1.37880,2634
2025-12-19T06:00:00Z,1.37880,1.37941,1.37873,1.37910,4686
2025-12-19T07:00:00Z,1.37910,1.37962,1.37869,1.37946,5469
2025-12-19T08:00:00Z,1.37945,1.37945,1.37855,1.37881,5664
2025-12-19T09:00:00Z,1.37884,1.37966,1.37866,1.37938,4648
2025-12-19T10:00:00Z,1.37937,1.37969,1.37909,1.37927,3097
2025-12-19T11:00:00Z,1.37926,1.38005,1.37921,1.37961,3987
2025-12-19T12:00:00Z,1.37961,1.37990,1.37833,1.37921,4826
2025-12-19T13:00:00Z,1.37921,1.37951,1.37799,1.37816,6260
2025-12-19T14:00:00Z,1.37817,1.37817,1.37546,1.37594,7467
2025-12-19T15:00:00Z,1.37592,1.37863,1.37573,1.37841,8612
2025-12-19T16:00:00Z,1.37841,1.37876,1.37731,1.37802,5530
2025-12-19T17:00:00Z,1.37802,1.37856,1.37744,1.37788,3866
2025-12-19T18:00:00Z,1.37790,1.37819,1.37728,1.37810,4169
2025-12-19T19:00:00Z,1.37814,1.37865,1.37800,1.37858,4089
2025-12-19T20:00:00Z,1.37860,1.38054,1.37852,1.37992,3041
2025-12-19T21:00:00Z,1.37992,1.38053,1.37921,1.38000,3922
2025-12-21T22:00:00Z,1.37796,1.38031,1.37796,1.37975,2798
2025-12-21T23:00:00Z,1.37968,1.37979,1.37887,1.37903,3892
2025-12-22T00:00:00Z,1.37902,1.37976,1.37893,1.37937,6555
2025-12-22T01:00:00Z,1.37935,1.38004,1.37903,1.37981,11694
2025-12-22T02:00:00Z,1.37981,1.37982,1.37929,1.37958,3361
2025-12-22T03:00:00Z,1.37958,1.37981,1.37936,1.37979,3409
2025-12-22T04:00:00Z,1.37978,1.37979,1.37919,1.37934,2882
2025-12-22T05:00:00Z,1.37939,1.37943,1.37915,1.37917,2623
2025-12-22T06:00:00Z,1.37917,1.37955,1.37907,1.37939,2253
2025-12-22T07:00:00Z,1.37939,1.37940,1.37801,1.37813,3449
2025-12-22T08:00:00Z,1.37813,1.37840,1.37762,1.37769,5672
2025-12-22T09:00:00Z,1.37767,1.37789,1.37692,1.37708,6102
2025-12-22T10:00:00Z,1.37708,1.37721,1.37662,1.37675,5520
2025-12-22T11:00:00Z,1.37676,1.37697,1.37647,1.37664,4975
2025-12-22T12:00:00Z,1.37664,1.37730,1.37644,1.37672,5955
2025-12-22T13:00:00Z,1.37673,1.37685,1.37545,1.37548,9140
2025-12-22T14:00:00Z,1.37548,1.37638,1.37425,1.37448,12611
2025-12-22T15:00:00Z,1.37447,1.37483,1.37394,1.37416,11275
2025-12-22T16:00:00Z,1.37419,1.37457,1.37354,1.37451,7157
2025-12-22T17:00:00Z,1.37451,1.37468,1.37359,1.37377,3968
2025-12-22T18:00:00Z,1.37379,1.37435,1.37353,1.37428,3845
2025-12-22T19:00:00Z,1.37427,1.37482,1.37419,1.37467,3271
2025-12-22T20:00:00Z,1.37469,1.37534,1.37449,1.37524,2838
2025-12-22T21:00:00Z,1.37526,1.37529,1.37418,1.37462,2675
2025-12-22T22:00:00Z,1.37452,1.37500,1.37445,1.37484,1370
2025-12-22T23:00:00Z,1.37489,1.37492,1.37432,1.37491,2481
2025-12-23T00:00:00Z,1.37491,1.37491,1.37418,1.37443,3236
2025-12-23T01:00:00Z,1.37442,1.37449,1.37386,1.37402,4406
2025-12-23T02:00:00Z,1.37403,1.37403,1.37338,1.37352,3925
2025-12-23T03:00:00Z,1.37351,1.37395,1.37332,1.37335,3972
2025-12-23T04:00:00Z,1.37334,1.37377,1.37328,1.37365,3604
2025-12-23T05:00:00Z,1.37366,1.37392,1.37348,1.37392,4552
2025-12-23T06:00:00Z,1.37390,1.37427,1.37370,1.37410,2794
2025-12-23T07:00:00Z,1.37409,1.37419,1.37319,1.37346,3802
2025-12-23T08:00:00Z,1.37345,1.37354,1.37203,1.37204,5160
2025-12-23T09:00:00Z,1.37203,1.37203,1.37045,1.37046,6141
2025-12-23T10:00:00Z,1.37046,1.37068,1.36974,1.36983,3353
2025-12-23T11:00:00Z,1.36981,1.37107,1.36963,1.37082,3184
2025-12-23T12:00:00Z,1.37082,1.37093,1.36983,1.37002,4606
2025-12-23T13:00:00Z,1.37001,1.37011,1.36878,1.36983,10708
2025-12-23T14:00:00Z,1.36984,1.37204,1.36956,1.37190,14652
2025-12-23T15:00:00Z,1.37190,1.37266,1.37069,1.37099,14647
2025-12-23T16:00:00Z,1.37099,1.37162,1.37057,1.37124,8644
2025-12-23T17:00:00Z,1.37124,1.37141,1.37000,1.37087,6317
2025-12-23T18:00:00Z,1.37088,1.37128,1.36940,1.36945,5435
2025-12-23T19:00:00Z,1.36945,1.36951,1.36897,1.36935,4309
2025-12-23T20:00:00Z,1.36936,1.36977,1.36906,1.36924,3239
2025-12-23T21:00:00Z,1.36923,1.36934,1.36853,1.36860,2298
2025-12-23T22:00:00Z,1.36848,1.36894,1.36836,1.36891,830
2025-12-23T23:00:00Z,1.36891,1.36896,1.36849,1.36853,3652
2025-12-24T00:00:00Z,1.36847,1.36888,1.36837,1.36855,3235
2025-12-24T01:00:00Z,1.36855,1.36879,1.36767,1.36769,4706
2025-12-24T02:00:00Z,1.36768,1.36802,1.36743,1.36784,3682
2025-12-24T03:00:00Z,1.36783,1.36810,1.36765,1.36802,3200
2025-12-24T04:00:00Z,1.36801,1.36837,1.36787,1.36834,3282
2025-12-24T05:00:00Z,1.36833,1.36833,1.36777,1.36797,2433
2025-12-24T06:00:00Z,1.36794,1.36798,1.36751,1.36786,3874
2025-12-24T07:00:00Z,1.36786,1.36840,1.36759,1.36832,3086
2025-12-24T08:00:00Z,1.36833,1.36878,1.36782,1.36782,4579
2025-12-24T09:00:00Z,1.36782,1.36787,1.36720,1.36739,4824
2025-12-24T10:00:00Z,1.36740,1.36766,1.36716,1.36718,3624
2025-12-24T11:00:00Z,1.36718,1.36735,1.36683,1.36686,4363
2025-12-24T12:00:00Z,1.36688,1.36815,1.36657,1.36800,5415
2025-12-24T13:00:00Z,1.36800,1.36849,1.36734,1.36745,8787
2025-12-24T14:00:00Z,1.36745,1.36783,1.36646,1.36730,8653
2025-12-24T15:00:00Z,1.36730,1.36768,1.36660,1.36675,9960
2025-12-24T16:00:00Z,1.36675,1.36788,1.36650,1.36728,6413
2025-12-24T17:00:00Z,1.36729,1.36798,1.36688,1.36706,4699
2025-12-24T18:00:00Z,1.36708,1.36760,1.36667,1.36702,4800
2025-12-24T19:00:00Z,1.36701,1.36752,1.36683,1.36752,1758
2025-12-24T20:00:00Z,1.36753,1.36764,1.36719,1.36730,2373
2025-12-24T21:00:00Z,1.36729,1.36762,1.36698,1.36710,2060
2025-12-24T22:00:00Z,1.36610,1.36648,1.36610,1.36638,35
2025-12-24T23:00:00Z,1.36637,1.36667,1.36637,1.36667,46
2025-12-25T00:00:00Z,1.36667,1.36686,1.36629,1.36659,74
2025-12-25T01:00:00Z,1.36657,1.36662,1.36651,1.36654,51
2025-12-25T02:00:00Z,1.36655,1.36665,1.36655,1.36660,52
2025-12-25T03:00:00Z,1.36660,1.36666,1.36658,1.36662,50
2025-12-25T04:00:00Z,1.36663,1.36668,1.36661,1.36662,20
2025-12-25T05:00:00Z,1.36663,1.36669,1.36656,1.36657,38
2025-12-25T06:00:00Z,1.36658,1.36821,1.36628,1.36629,109
2025-12-25T07:00:00Z,1.36653,1.36653,1.36629,1.36629,2
2025-12-25T22:00:00Z,1.36642,1.36769,1.36606,1.36722,1074
2025-12-25T23:00:00Z,1.36722,1.36750,1.36692,1.36734,6672
2025-12-26T00:00:00Z,1.36732,1.36752,1.36694,1.36719,5705
2025-12-26T01:00:00Z,1.36717,1.36761,1.36689,1.36752,8062
2025-12-26T02:00:00Z,1.36750,1.36759,1.36695,1.36713,8599
2025-12-26T03:00:00Z,1.36714,1.36794,1.36708,1.36787,6273
2025-12-26T04:00:00Z,1.36788,1.36814,1.36779,1.36791,3763
2025-12-26T05:00:00Z,1.36791,1.36813,1.36740,1.36750,3234
2025-12-26T06:00:00Z,1.36751,1.36756,1.36693,1.36723,8088
2025-12-26T07:00:00Z,1.36722,1.36760,1.36653,1.36757,7946
2025-12-26T08:00:00Z,1.36759,1.36801,1.36716,1.36723,3607
2025-12-26T09:00:00Z,1.36724,1.36819,1.36720,1.36819,2312
2025-12-26T10:00:00Z,1.36820,1.36846,1.36783,1.36830,2799
2025-12-26T11:00:00Z,1.36828,1.36830,1.36781,1.36795,2549
2025-12-26T12:00:00Z,1.36795,1.36846,1.36783,1.36824,2670
2025-12-26T13:00:00Z,1.36822,1.36823,1.36487,1.36541,7325
2025-12-26T14:00:00Z,1.36541,1.36554,1.36447,1.36524,6709
2025-12-26T15:00:00Z,1.36523,1.36583,1.36420,1.36569,7908
2025-12-26T16:00:00Z,1.36569,1.36725,1.36540,1.36647,9608
2025-12-26T17:00:00Z,1.36647,1.36718,1.36627,1.36679,7211
2025-12-26T18:00:00Z,1.36679,1.36718,1.36659,1.36699,9122
2025-12-26T19:00:00Z,1.36700,1.36743,1.36685,1.36711,5944
2025-12-26T20:00:00Z,1.36709,1.36718,1.36667,1.36690,5391
2025-12-26T21:00:00Z,1.36689,1.36753,1.36676,1.36717,6748
2025-12-28T22:00:00Z,1.36592,1.36764,1.36509,1.36714,1769
2025-12-28T23:00:00Z,1.36714,1.36714,1.36621,1.36684,2651
2025-12-29T00:00:00Z,1.36684,1.36734,1.36655,1.36674,3328
2025-12-29T01:00:00Z,1.36674,1.36691,1.36617,1.36618,3146
2025-12-29T02:00:00Z,1.36618,1.36675,1.36594,1.36630,4369
2025-12-29T03:00:00Z,1.36630,1.36641,1.36569,1.36597,3470
2025-12-29T04:00:00Z,1.36597,1.36664,1.36595,1.36661,2756
2025-12-29T05:00:00Z,1.36662,1.36732,1.36662,1.36730,3682
2025-12-29T06:00:00Z,1.36731,1.36817,1.36708,1.36794,4100
2025-12-29T07:00:00Z,1.36790,1.36873,1.36763,1.36867,5473
2025-12-29T08:00:00Z,1.36867,1.36961,1.36791,1.36834,7299
2025-12-29T09:00:00Z,1.36835,1.36897,1.36762,1.36872,5422
2025-12-29T10:00:00Z,1.36872,1.36896,1.36799,1.36896,3243
2025-12-29T11:00:00Z,1.36897,1.36947,1.36891,1.36943,2785
2025-12-29T12:00:00Z,1.36942,1.37007,1.36925,1.36947,3647
2025-12-29T13:00:00Z,1.36947,1.36958,1.36801,1.36868,5418
2025-12-29T14:00:00Z,1.36868,1.36968,1.36628,1.36773,8032
2025-12-29T15:00:00Z,1.36773,1.36979,1.36693,1.36694,10919
2025-12-29T16:00:00Z,1.36695,1.36837,1.36649,1.36817,7792
2025-12-29T17:00:00Z,1.36817,1.36938,1.36807,1.36904,4627
2025-12-29T18:00:00Z,1.36905,1.36945,1.36882,1.36902,4555
2025-12-29T19:00:00Z,1.36903,1.36920,1.36821,1.36833,5196
2025-12-29T20:00:00Z,1.36833,1.36977,1.36822,1.36960,3785
2025-12-29T21:00:00Z,1.36960,1.36984,1.36855,1.36894,3248
2025-12-29T22:00:00Z,1.36898,1.36898,1.36800,1.36866,1117
2025-12-29T23:00:00Z,1.36870,1.36900,1.36856,1.36875,2512
2025-12-30T00:00:00Z,1.36875,1.36952,1.36875,1.36905,2481
2025-12-30T01:00:00Z,1.36909,1.36923,1.36840,1.36841,3123
2025-12-30T02:00:00Z,1.36841,1.36900,1.36830,1.36873,2885
2025-12-30T03:00:00Z,1.36873,1.36894,1.36842,1.36873,2016
2025-12-30T04:00:00Z,1.36872,1.36885,1.36837,1.36849,2501
2025-12-30T05:00:00Z,1.36849,1.36870,1.36825,1.36859,3398
2025-12-30T06:00:00Z,1.36860,1.36871,1.36821,1.36837,2370
2025-12-30T07:00:00Z,1.36841,1.36871,1.36829,1.36829,2973
2025-12-30T08:00:00Z,1.36830,1.36911,1.36809,1.36865,3734
2025-12-30T09:00:00Z,1.36868,1.36895,1.36786,1.36841,2970
2025-12-30T10:00:00Z,1.36841,1.36875,1.36821,1.36867,2415
2025-12-30T11:00:00Z,1.36866,1.36988,1.36864,1.36980,3638
2025-12-30T12:00:00Z,1.36980,1.37079,1.36972,1.37040,4339
2025-12-30T13:00:00Z,1.37039,1.37047,1.36920,1.37037,6553
2025-12-30T14:00:00Z,1.37038,1.37063,1.36965,1.37007,7418
2025-12-30T15:00:00Z,1.37007,1.37083,1.36810,1.36824,10051
2025-12-30T16:00:00Z,1.36826,1.36873,1.36798,1.36804,7680
2025-12-30T17:00:00Z,1.36803,1.36877,1.36791,1.36855,3058
2025-12-30T18:00:00Z,1.36854,1.36924,1.36824,1.36907,2161
2025-12-30T19:00:00Z,1.36906,1.36980,1.36888,1.36959,2892
2025-12-30T20:00:00Z,1.36960,1.36988,1.36910,1.36982,3361
2025-12-30T21:00:00Z,1.36983,1.36988,1.36935,1.36952,2097
2025-12-30T22:00:00Z,1.36952,1.36956,1.36912,1.36944,267
2025-12-30T23:00:00Z,1.36943,1.36975,1.36935,1.36952,1283
2025-12-31T00:00:00Z,1.36952,1.36988,1.36928,1.36954,1773
2025-12-31T01:00:00Z,1.36953,1.36980,1.36917,1.36957,2734
2025-12-31T02:00:00Z,1.36957,1.37008,1.36953,1.36973,3110
2025-12-31T03:00:00Z,1.36975,1.36998,1.36950,1.36965,1805
2025-12-31T04:00:00Z,1.36965,1.36979,1.36954,1.36973,1401
2025-12-31T05:00:00Z,1.36973,1.37038,1.36956,1.37010,2563
2025-12-31T06:00:00Z,1.37009,1.37050,1.36996,1.37001,3128
2025-12-31T07:00:00Z,1.37001,1.37096,1.37001,1.37034,2631
2025-12-31T08:00:00Z,1.37035,1.37092,1.37013,1.37078,3144
2025-12-31T09:00:00Z,1.37079,1.37081,1.36991,1.37026,2889
2025-12-31T10:00:00Z,1.37026,1.37119,1.36986,1.37096,2804
2025-12-31T11:00:00Z,1.37094,1.37101,1.37030,1.37043,2048
2025-12-31T12:00:00Z,1.37044,1.37044,1.36930,1.36931,3438
2025-12-31T13:00:00Z,1.36931,1.37019,1.36878,1.36974,6182
2025-12-31T14:00:00Z,1.36976,1.37036,1.36919,1.36969,9663
2025-12-31T15:00:00Z,1.36969,1.37262,1.36969,1.37069,13122
2025-12-31T16:00:00Z,1.37068,1.37199,1.37050,1.37136,10133
2025-12-31T17:00:00Z,1.37135,1.37242,1.37123,1.37201,7055
2025-12-31T18:00:00Z,1.37200,1.37276,1.37187,1.37237,6831
2025-12-31T19:00:00Z,1.37237,1.37237,1.37148,1.37200,6404
2025-12-31T20:00:00Z,1.37199,1.37265,1.37138,1.37251,5122
2025-12-31T21:00:00Z,1.37254,1.37276,1.37185,1.37241,12140
2026-01-01T22:00:00Z,1.37172,1.37221,1.37156,1.37195,675
2026-01-01T23:00:00Z,1.37196,1.37217,1.37163,1.37171,1542
2026-01-02T00:00:00Z,1.37169,1.37184,1.37104,1.37113,2953
2026-01-02T01:00:00Z,1.37113,1.37113,1.37062,1.37078,4735
2026-01-02T02:00:00Z,1.37079,1.37093,1.37038,1.37081,3433
2026-01-02T03:00:00Z,1.37081,1.37095,1.37058,1.37084,3414
2026-01-02T04:00:00Z,1.37081,1.37162,1.37077,1.37149,3783
2026-01-02T05:00:00Z,1.37149,1.37173,1.37122,1.37159,3401
2026-01-02T06:00:00Z,1.37158,1.37180,1.37138,1.37146,3663
2026-01-02T07:00:00Z,1.37149,1.37153,1.36998,1.37014,5426
2026-01-02T08:00:00Z,1.37014,1.37174,1.37009,1.37143,7423
2026-01-02T09:00:00Z,1.37143,1.37216,1.37127,1.37206,6198
2026-01-02T10:00:00Z,1.37207,1.37248,1.37191,1.37208,5147
2026-01-02T11:00:00Z,1.37210,1.37290,1.37169,1.37259,4929
2026-01-02T12:00:00Z,1.37260,1.37360,1.37220,1.37339,3326
2026-01-02T13:00:00Z,1.37338,1.37410,1.37226,1.37394,4524
2026-01-02T14:00:00Z,1.37392,1.37469,1.37355,1.37417,5658
2026-01-02T15:00:00Z,1.37417,1.37427,1.37203,1.37236,9626
2026-01-02T16:00:00Z,1.37238,1.37403,1.37228,1.37386,8227
2026-01-02T17:00:00Z,1.37388,1.37416,1.37239,1.37396,9359
2026-01-02T18:00:00Z,1.37397,1.37473,1.37383,1.37443,5929
2026-01-02T19:00:00Z,1.37443,1.37448,1.37319,1.37331,5785
2026-01-02T20:00:00Z,1.37329,1.37371,1.37308,1.37325,4061
2026-01-02T21:00:00Z,1.37324,1.37349,1.37261,1.37261,3839
2026-01-04T22:00:00Z,1.37305,1.37418,1.37305,1.37361,2770
2026-01-04T23:00:00Z,1.37367,1.37474,1.37356,1.37469,3668
2026-01-05T00:00:00Z,1.37468,1.37477,1.37405,1.37460,5091
2026-01-05T01:00:00Z,1.37459,1.37479,1.37424,1.37463,8840
2026-01-05T02:00:00Z,1.37463,1.37535,1.37454,1.37495,6674
2026-01-05T03:00:00Z,1.37495,1.37680,1.37488,1.37675,6849
2026-01-05T04:00:00Z,1.37675,1.37771,1.37656,1.37700,5979
2026-01-05T05:00:00Z,1.37700,1.37724,1.37665,1.37679,5271
2026-01-05T06:00:00Z,1.37680,1.37720,1.37643,1.37660,5931
2026-01-05T07:00:00Z,1.37657,1.37809,1.37639,1.37775,7367
2026-01-05T08:00:00Z,1.37778,1.37838,1.37704,1.37828,9107
2026-01-05T09:00:00Z,1.37826,1.37881,1.37771,1.37773,5789
2026-01-05T10:00:00Z,1.37772,1.37774,1.37660,1.37670,6840
2026-01-05T11:00:00Z,1.37671,1.37691,1.37621,1.37664,6169
2026-01-05T12:00:00Z,1.37665,1.37834,1.37616,1.37822,6130
2026-01-05T13:00:00Z,1.37826,1.38150,1.37821,1.37982,13963
2026-01-05T14:00:00Z,1.37980,1.37996,1.37779,1.37862,15913
2026-01-05T15:00:00Z,1.37860,1.37866,1.37450,1.37479,14829
2026-01-05T16:00:00Z,1.37479,1.37581,1.37447,1.37573,10965
2026-01-05T17:00:00Z,1.37573,1.37646,1.37554,1.37609,6702
2026-01-05T18:00:00Z,1.37610,1.37638,1.37546,1.37605,5107
2026-01-05T19:00:00Z,1.37605,1.37623,1.37546,1.37559,6452
2026-01-05T20:00:00Z,1.37560,1.37663,1.37559,1.37622,4029
2026-01-05T21:00:00Z,1.37621,1.37734,1.37601,1.37688,3959
2026-01-05T22:00:00Z,1.37688,1.37706,1.37632,1.37683,564
2026-01-05T23:00:00Z,1.37682,1.37731,1.37680,1.37728,3538
2026-01-06T00:00:00Z,1.37729,1.37758,1.37713,1.37715,4727
2026-01-06T01:00:00Z,1.37715,1.37741,1.37636,1.37638,6654
2026-01-06T02:00:00Z,1.37638,1.37697,1.37608,1.37612,5014
2026-01-06T03:00:00Z,1.37612,1.37658,1.37601,1.37656,3974
2026-01-06T04:00:00Z,1.37657,1.37667,1.37597,1.37634,2275
2026-01-06T05:00:00Z,1.37635,1.37661,1.37598,1.37634,3340
2026-01-06T06:00:00Z,1.37634,1.37652,1.37547,1.37561,3872
2026-01-06T07:00:00Z,1.37562,1.37653,1.37510,1.37623,5376
2026-01-06T08:00:00Z,1.37625,1.37650,1.37533,1.37618,7174
2026-01-06T09:00:00Z,1.37622,1.37695,1.37610,1.37679,6894
2026-01-06T10:00:00Z,1.37681,1.37710,1.37599,1.37620,6105
2026-01-06T11:00:00Z,1.37621,1.37735,1.37621,1.37701,4680
2026-01-06T12:00:00Z,1.37700,1.37851,1.37643,1.37806,4475
2026-01-06T13:00:00Z,1.37804,1.37818,1.37702,1.37710,8402
2026-01-06T14:00:00Z,1.37710,1.37730,1.37562,1.37655,9654
2026-01-06T15:00:00Z,1.37654,1.37925,1.37650,1.37853,12034
2026-01-06T16:00:00Z,1.37854,1.37963,1.37822,1.37902,7160
2026-01-06T17:00:00Z,1.37902,1.37949,1.37862,1.37899,3999
2026-01-06T18:00:00Z,1.37898,1.37988,1.37881,1.37970,4290
2026-01-06T19:00:00Z,1.37971,1.38071,1.37961,1.38042,4005
2026-01-06T20:00:00Z,1.38043,1.38094,1.38008,1.38093,3710
2026-01-06T21:00:00Z,1.38096,1.38163,1.38064,1.38131,1747
2026-01-06T22:00:00Z,1.38124,1.38140,1.38044,1.38105,862
2026-01-06T23:00:00Z,1.38108,1.38165,1.38108,1.38156,1779
2026-01-07T00:00:00Z,1.38155,1.38239,1.38145,1.38179,6465
2026-01-07T01:00:00Z,1.38179,1.38247,1.38146,1.38194,6932
2026-01-07T02:00:00Z,1.38194,1.38200,1.38098,1.38141,4623
2026-01-07T03:00:00Z,1.38140,1.38160,1.38117,1.38158,3823
2026-01-07T04:00:00Z,1.38155,1.38158,1.38110,1.38117,7011
2026-01-07T05:00:00Z,1.38118,1.38157,1.38099,1.38128,3756
2026-01-07T06:00:00Z,1.38128,1.38169,1.38110,1.38129,3267
2026-01-07T07:00:00Z,1.38128,1.38256,1.38127,1.38249,4312
2026-01-07T08:00:00Z,1.38249,1.38265,1.38165,1.38167,5908
2026-01-07T09:00:00Z,1.38167,1.38194,1.38117,1.38130,4738
2026-01-07T10:00:00Z,1.38132,1.38137,1.38048,1.38048,4708
2026-01-07T11:00:00Z,1.38048,1.38074,1.38022,1.38056,4151
2026-01-07T12:00:00Z,1.38058,1.38124,1.38034,1.38073,3284
2026-01-07T13:00:00Z,1.38075,1.38091,1.37939,1.37953,6358
2026-01-07T14:00:00Z,1.37954,1.38043,1.37895,1.38029,10207
2026-01-07T15:00:00Z,1.38016,1.38177,1.38015,1.38120,13076
2026-01-07T16:00:00Z,1.38119,1.38323,1.38108,1.38292,7525
2026-01-07T17:00:00Z,1.38291,1.38312,1.38242,1.38308,4801
2026-01-07T18:00:00Z,1.38307,1.38387,1.38292,1.38384,3736
2026-01-07T19:00:00Z,1.38384,1.38461,1.38372,1.38448,3532
2026-01-07T20:00:00Z,1.38448,1.38555,1.38437,1.38539,5087
2026-01-07T21:00:00Z,1.38539,1.38612,1.38533,1.38603,5007
2026-01-07T22:00:00Z,1.38596,1.38596,1.38515,1.38546,787
2026-01-07T23:00:00Z,1.38546,1.38613,1.38528,1.38578,1509
2026-01-08T00:00:00Z,1.38578,1.38615,1.38568,1.38598,3166
2026-01-08T01:00:00Z,1.38598,1.38655,1.38579,1.38627,4766
2026-01-08T02:00:00Z,1.38628,1.38657,1.38599,1.38654,5709
2026-01-08T03:00:00Z,1.38656,1.38663,1.38578,1.38601,4999
2026-01-08T04:00:00Z,1.38602,1.38651,1.38600,1.38649,3163
2026-01-08T05:00:00Z,1.38650,1.38697,1.38648,1.38664,5544
2026-01-08T06:00:00Z,1.38664,1.38790,1.38662,1.38671,5267
2026-01-08T07:00:00Z,1.38673,1.38792,1.38671,1.38786,4277
2026-01-08T08:00:00Z,1.38785,1.38880,1.38712,1.38851,4429
2026-01-08T09:00:00Z,1.38852,1.38869,1.38781,1.38782,6155
2026-01-08T10:00:00Z,1.38782,1.38813,1.38694,1.38698,5332
2026-01-08T11:00:00Z,1.38702,1.38746,1.38654,1.38656,4799
2026-01-08T12:00:00Z,1.38657,1.38710,1.38596,1.38596,3821
2026-01-08T13:00:00Z,1.38596,1.38663,1.38530,1.38630,5374
2026-01-08T14:00:00Z,1.38632,1.38726,1.38502,1.38597,9575
2026-01-08T15:00:00Z,1.38597,1.38642,1.38532,1.38584,9187
2026-01-08T16:00:00Z,1.38583,1.38689,1.38581,1.38637,8904
2026-01-08T17:00:00Z,1.38642,1.38752,1.38628,1.38683,5105
2026-01-08T18:00:00Z,1.38684,1.38764,1.38681,1.38755,4266
2026-01-08T19:00:00Z,1.38753,1.38757,1.38672,1.38674,3897
2026-01-08T20:00:00Z,1.38675,1.38676,1.38598,1.38612,4484
2026-01-08T21:00:00Z,1.38611,1.38662,1.38545,1.38609,4882
2026-01-08T22:00:00Z,1.38602,1.38651,1.38566,1.38631,639
2026-01-08T23:00:00Z,1.38630,1.38651,1.38606,1.38640,1763
2026-01-09T00:00:00Z,1.38641,1.38692,1.38640,1.38681,3526
2026-01-09T01:00:00Z,1.38681,1.38723,1.38649,1.38715,5587
2026-01-09T02:00:00Z,1.38715,1.38755,1.38695,1.38708,4809
2026-01-09T03:00:00Z,1.38708,1.38750,1.38689,1.38694,3513
2026-01-09T04:00:00Z,1.38694,1.38706,1.38672,1.38683,3226
2026-01-09T05:00:00Z,1.38681,1.38730,1.38679,1.38699,3875
2026-01-09T06:00:00Z,1.38697,1.38721,1.38641,1.38691,4190
2026-01-09T07:00:00Z,1.38691,1.38763,1.38677,1.38685,3714
2026-01-09T08:00:00Z,1.38683,1.38785,1.38677,1.38698,5537
2026-01-09T09:00:00Z,1.38698,1.38765,1.38664,1.38740,4974
2026-01-09T10:00:00Z,1.38739,1.38739,1.38680,1.38713,3212
2026-01-09T11:00:00Z,1.38713,1.38726,1.38680,1.38707,3231
2026-01-09T12:00:00Z,1.38707,1.38822,1.38703,1.38813,3145
2026-01-09T13:00:00Z,1.38813,1.38885,1.38667,1.38774,12179
2026-01-09T14:00:00Z,1.38775,1.38871,1.38738,1.38814,13042
2026-01-09T15:00:00Z,1.38811,1.39058,1.38798,1.38900,14270
2026-01-09T16:00:00Z,1.38900,1.38975,1.38807,1.38936,12199
2026-01-09T17:00:00Z,1.38937,1.39016,1.38923,1.39010,5340
2026-01-09T18:00:00Z,1.39010,1.39080,1.39004,1.39070,5480
2026-01-09T19:00:00Z,1.39069,1.39127,1.39060,1.39090,3531
2026-01-09T20:00:00Z,1.39090,1.39122,1.39079,1.39120,2719
2026-01-09T21:00:00Z,1.39123,1.39195,1.39087,1.39094,4455
2026-01-11T22:00:00Z,1.39100,1.39165,1.39092,1.39137,975
2026-01-11T23:00:00Z,1.39135,1.39170,1.39099,1.39121,2681
2026-01-12T00:00:00Z,1.39121,1.39140,1.38880,1.38883,7938
2026-01-12T01:00:00Z,1.38881,1.38936,1.38826,1.38932,8693
2026-01-12T02:00:00Z,1.38932,1.38942,1.38869,1.38939,5910
2026-01-12T03:00:00Z,1.38937,1.38956,1.38914,1.38954,4730
2026-01-12T04:00:00Z,1.38954,1.38984,1.38942,1.38957,2818
2026-01-12T05:00:00Z,1.38956,1.38967,1.38878,1.38898,4204
2026-01-12T06:00:00Z,1.38900,1.38932,1.38871,1.38906,4069
2026-01-12T07:00:00Z,1.38906,1.38928,1.38754,1.38764,6168
2026-01-12T08:00:00Z,1.38765,1.38776,1.38667,1.38722,6906
2026-01-12T09:00:00Z,1.38720,1.38811,1.38720,1.38800,5112
2026-01-12T10:00:00Z,1.38799,1.38833,1.38726,1.38759,5157
2026-01-12T11:00:00Z,1.38760,1.38804,1.38723,1.38786,5074
2026-01-12T12:00:00Z,1.38786,1.38843,1.38724,1.38767,5657
2026-01-12T13:00:00Z,1.38770,1.38793,1.38678,1.38701,8883
2026-01-12T14:00:00Z,1.38702,1.38942,1.38698,1.38821,12257
2026-01-12T15:00:00Z,1.38819,1.38843,1.38686,1.38730,9145
2026-01-12T16:00:00Z,1.38729,1.38771,1.38683,1.38766,7629
2026-01-12T17:00:00Z,1.38767,1.38805,1.38709,1.38718,5505
2026-01-12T18:00:00Z,1.38718,1.38787,1.38718,1.38777,3910
2026-01-12T19:00:00Z,1.38778,1.38791,1.38679,1.38704,3929
2026-01-12T20:00:00Z,1.38704,1.38794,1.38684,1.38777,4004
2026-01-12T21:00:00Z,1.38775,1.38803,1.38676,1.38757,3358
2026-01-12T22:00:00Z,1.38752,1.38780,1.38719,1.38739,594
2026-01-12T23:00:00Z,1.38740,1.38773,1.38732,1.38759,2630
2026-01-13T00:00:00Z,1.38759,1.38834,1.38737,1.38792,3945
2026-01-13T01:00:00Z,1.38791,1.38810,1.38756,1.38797,5240
2026-01-13T02:00:00Z,1.38798,1.38801,1.38719,1.38733,3707
2026-01-13T03:00:00Z,1.38734,1.38746,1.38683,1.38719,3322
2026-01-13T04:00:00Z,1.38719,1.38724,1.38680,1.38692,2876
2026-01-13T05:00:00Z,1.38691,1.38715,1.38666,1.38713,3857
2026-01-13T06:00:00Z,1.38712,1.38761,1.38691,1.38734,3785
2026-01-13T07:00:00Z,1.38736,1.38822,1.38726,1.38772,3347
2026-01-13T08:00:00Z,1.38771,1.38873,1.38768,1.38792,5688
2026-01-13T09:00:00Z,1.38794,1.38794,1.38713,1.38752,4431
2026-01-13T10:00:00Z,1.38753,1.38823,1.38739,1.38817,4150
2026-01-13T11:00:00Z,1.38818,1.38841,1.38752,1.38753,2682
2026-01-13T12:00:00Z,1.38755,1.38833,1.38747,1.38803,3592
2026-01-13T13:00:00Z,1.38803,1.38832,1.38544,1.38704,12678
2026-01-13T14:00:00Z,1.38706,1.38860,1.38626,1.38769,11091
2026-01-13T15:00:00Z,1.38770,1.38937,1.38739,1.38789,10729
2026-01-13T16:00:00Z,1.38788,1.38945,1.38767,1.38859,8302
2026-01-13T17:00:00Z,1.38860,1.38977,1.38835,1.38942,5918
2026-01-13T18:00:00Z,1.38943,1.38967,1.38847,1.38869,5218
2026-01-13T19:00:00Z,1.38869,1.38961,1.38855,1.38865,5901
2026-01-13T20:00:00Z,1.38865,1.38892,1.38809,1.38814,4999
2026-01-13T21:00:00Z,1.38816,1.38924,1.38800,1.38881,1645
2026-01-13T22:00:00Z,1.38869,1.38897,1.38818,1.38848,711
2026-01-13T23:00:00Z,1.38851,1.38869,1.38831,1.38866,1832
2026-01-14T00:00:00Z,1.38868,1.38945,1.38863,1.38934,3885
2026-01-14T01:00:00Z,1.38933,1.38968,1.38901,1.38949,5986
2026-01-14T02:00:00Z,1.38948,1.38973,1.38888,1.38890,4595
2026-01-14T03:00:00Z,1.38889,1.38889,1.38831,1.38846,3707
2026-01-14T04:00:00Z,1.38846,1.38871,1.38826,1.38860,1929
2026-01-14T05:00:00Z,1.38861,1.38875,1.38848,1.38866,2644
2026-01-14T06:00:00Z,1.38865,1.38874,1.38803,1.38803,3993
2026-01-14T07:00:00Z,1.38803,1.38869,1.38795,1.38855,4187
2026-01-14T08:00:00Z,1.38854,1.38961,1.38844,1.38905,7944
2026-01-14T09:00:00Z,1.38903,1.38955,1.38844,1.38911,5984
2026-01-14T10:00:00Z,1.38912,1.38933,1.38843,1.38867,6135
2026-01-14T11:00:00Z,1.38869,1.38875,1.38810,1.38814,5326
2026-01-14T12:00:00Z,1.38814,1.38818,1.38717,1.38718,5033
2026-01-14T13:00:00Z,1.38718,1.38805,1.38700,1.38783,7714
2026-01-14T14:00:00Z,1.38782,1.38813,1.38658,1.38746,11938
2026-01-14T15:00:00Z,1.38748,1.38844,1.38729,1.38798,11897
2026-01-14T16:00:00Z,1.38798,1.38805,1.38697,1.38713,9247
2026-01-14T17:00:00Z,1.38714,1.38812,1.38704,1.38779,6096
2026-01-14T18:00:00Z,1.38779,1.38831,1.38748,1.38766,4973
2026-01-14T19:00:00Z,1.38766,1.38786,1.38707,1.38736,4403
2026-01-14T20:00:00Z,1.38736,1.38860,1.38717,1.38837,5671
2026-01-14T21:00:00Z,1.38836,1.38850,1.38788,1.38788,3147
2026-01-14T22:00:00Z,1.38787,1.38813,1.38733,1.38790,767
2026-01-14T23:00:00Z,1.38789,1.38871,1.38763,1.38864,3022
2026-01-15T00:00:00Z,1.38864,1.38916,1.38843,1.38876,4169
2026-01-15T01:00:00Z,1.38874,1.38926,1.38858,1.38889,6637
2026-01-15T02:00:00Z,1.38888,1.38924,1.38879,1.38923,3092
2026-01-15T03:00:00Z,1.38920,1.38978,1.38918,1.38963,3422
2026-01-15T04:00:00Z,1.38963,1.39022,1.38959,1.39012,2663
2026-01-15T05:00:00Z,1.39013,1.39021,1.38956,1.38995,3090
2026-01-15T06:00:00Z,1.38996,1.39010,1.38958,1.38998,3745
2026-01-15T07:00:00Z,1.39000,1.39035,1.38966,1.38997,4091
2026-01-15T08:00:00Z,1.38995,1.39074,1.38995,1.39053,4894
2026-01-15T09:00:00Z,1.39055,1.39072,1.39030,1.39043,3563
2026-01-15T10:00:00Z,1.39043,1.39066,1.38995,1.39016,2244
2026-01-15T11:00:00Z,1.39016,1.39036,1.38965,1.39002,2952
2026-01-15T12:00:00Z,1.39002,1.39042,1.38956,1.39019,3114
2026-01-15T13:00:00Z,1.39019,1.39129,1.38971,1.39105,6836
2026-01-15T14:00:00Z,1.39108,1.39193,1.39020,1.39096,10656
2026-01-15T15:00:00Z,1.39095,1.39096,1.38909,1.38910,7322
2026-01-15T16:00:00Z,1.38911,1.39003,1.38893,1.38971,6928
2026-01-15T17:00:00Z,1.38971,1.38991,1.38918,1.38965,4666
2026-01-15T18:00:00Z,1.38966,1.38979,1.38866,1.38908,4323
2026-01-15T19:00:00Z,1.38907,1.38959,1.38897,1.38922,4602
2026-01-15T20:00:00Z,1.38920,1.38991,1.38909,1.38975,3906
2026-01-15T21:00:00Z,1.38974,1.38990,1.38846,1.38862,3284
2026-01-15T22:00:00Z,1.38860,1.38920,1.38798,1.38895,1066
2026-01-15T23:00:00Z,1.38890,1.38910,1.38861,1.38896,2714
2026-01-16T00:00:00Z,1.38897,1.38974,1.38893,1.38966,4653
2026-01-16T01:00:00Z,1.38966,1.38977,1.38924,1.38949,9210
2026-01-16T02:00:00Z,1.38949,1.38966,1.38869,1.38886,8712
2026-01-16T03:00:00Z,1.38886,1.38888,1.38840,1.38855,5060
2026-01-16T04:00:00Z,1.38854,1.38870,1.38839,1.38869,4534
2026-01-16T05:00:00Z,1.38869,1.38921,1.38865,1.38912,4466
2026-01-16T06:00:00Z,1.38910,1.38944,1.38902,1.38907,5362
2026-01-16T07:00:00Z,1.38906,1.38943,1.38879,1.38939,4207
2026-01-16T08:00:00Z,1.38939,1.38970,1.38918,1.38955,11217
2026-01-16T09:00:00Z,1.38958,1.38960,1.38897,1.38947,6699
2026-01-16T10:00:00Z,1.38948,1.38957,1.38896,1.38928,6307
2026-01-16T11:00:00Z,1.38930,1.38930,1.38839,1.38875,9947
2026-01-16T12:00:00Z,1.38877,1.38927,1.38841,1.38885,8036
2026-01-16T13:00:00Z,1.38885,1.39001,1.38862,1.38991,10259
2026-01-16T14:00:00Z,1.38991,1.39101,1.38980,1.39039,16233
2026-01-16T15:00:00Z,1.39039,1.39195,1.38898,1.39144,16006
2026-01-16T16:00:00Z,1.39142,1.39245,1.39030,1.39209,15988
2026-01-16T17:00:00Z,1.39208,1.39282,1.39169,1.39242,9536
2026-01-16T18:00:00Z,1.39244,1.39282,1.39226,1.39234,6297
2026-01-16T19:00:00Z,1.39236,1.39255,1.39150,1.39160,7214
2026-01-16T20:00:00Z,1.39160,1.39172,1.39136,1.39146,3904
2026-01-16T21:00:00Z,1.39146,1.39185,1.39100,1.39100,5678
2026-01-18T22:00:00Z,1.39082,1.39150,1.39002,1.39110,1882
2026-01-18T23:00:00Z,1.39111,1.39172,1.38994,1.39001,6466
2026-01-19T00:00:00Z,1.39004,1.39070,1.38924,1.38934,11106
2026-01-19T01:00:00Z,1.38932,1.38970,1.38898,1.38966,10339
2026-01-19T02:00:00Z,1.38965,1.39017,1.38952,1.39002,6853
2026-01-19T03:00:00Z,1.39001,1.39020,1.38974,1.38985,4638
2026-01-19T04:00:00Z,1.38985,1.38986,1.38919,1.38923,5368
2026-01-19T05:00:00Z,1.38924,1.38951,1.38888,1.38923,6311
2026-01-19T06:00:00Z,1.38923,1.38931,1.38894,1.38903,5418
2026-01-19T07:00:00Z,1.38903,1.38979,1.38840,1.38976,8720
2026-01-19T08:00:00Z,1.38974,1.38975,1.38864,1.38899,11376
2026-01-19T09:00:00Z,1.38898,1.38954,1.38842,1.38859,11427
2026-01-19T10:00:00Z,1.38860,1.38908,1.38834,1.38866,8252
2026-01-19T11:00:00Z,1.38865,1.38930,1.38853,1.38898,5893
2026-01-19T12:00:00Z,1.38898,1.38918,1.38841,1.38863,7386
2026-01-19T13:00:00Z,1.38863,1.38873,1.38765,1.38832,10462
2026-01-19T14:00:00Z,1.38833,1.38838,1.38677,1.38678,12510
2026-01-19T15:00:00Z,1.38678,1.38717,1.38598,1.38648,9221
2026-01-19T16:00:00Z,1.38649,1.38680,1.38593,1.38599,6689
2026-01-19T17:00:00Z,1.38599,1.38682,1.38597,1.38659,4443
2026-01-19T18:00:00Z,1.38660,1.38694,1.38631,1.38690,1476
2026-01-19T19:00:00Z,1.38692,1.38695,1.38648,1.38682,1486
2026-01-19T20:00:00Z,1.38682,1.38711,1.38667,1.38675,1785
2026-01-19T21:00:00Z,1.38674,1.38735,1.38653,1.38653,1068
2026-01-19T22:00:00Z,1.38652,1.38704,1.38551,1.38644,1096
2026-01-19T23:00:00Z,1.38644,1.38771,1.38644,1.38739,1792
2026-01-20T00:00:00Z,1.38739,1.38784,1.38729,1.38746,9116
2026-01-20T01:00:00Z,1.38745,1.38763,1.38680,1.38681,9573
2026-01-20T02:00:00Z,1.38681,1.38731,1.38649,1.38666,5213
2026-01-20T03:00:00Z,1.38666,1.38667,1.38534,1.38542,7050
2026-01-20T04:00:00Z,1.38541,1.38557,1.38471,1.38507,5485
2026-01-20T05:00:00Z,1.38508,1.38523,1.38441,1.38521,7385
2026-01-20T06:00:00Z,1.38522,1.38648,1.38494,1.38570,7211
2026-01-20T07:00:00Z,1.38571,1.38580,1.38370,1.38376,9926
2026-01-20T08:00:00Z,1.38377,1.38394,1.38282,1.38316,14704
2026-01-20T09:00:00Z,1.38315,1.38354,1.38239,1.38271,12485
2026-01-20T10:00:00Z,1.38271,1.38315,1.38237,1.38256,7768
2026-01-20T11:00:00Z,1.38256,1.38292,1.38147,1.38187,7996
2026-01-20T12:00:00Z,1.38188,1.38305,1.38137,1.38262,9018
2026-01-20T13:00:00Z,1.38262,1.38378,1.38165,1.38275,17304
2026-01-20T14:00:00Z,1.38275,1.38403,1.38197,1.38365,22092
2026-01-20T15:00:00Z,1.38367,1.38392,1.38197,1.38294,16174
2026-01-20T16:00:00Z,1.38294,1.38312,1.38197,1.38219,13372
2026-01-20T17:00:00Z,1.38219,1.38328,1.38176,1.38310,9554
2026-01-20T18:00:00Z,1.38310,1.38331,1.38248,1.38300,6946
2026-01-20T19:00:00Z,1.38298,1.38350,1.38273,1.38340,7097
2026-01-20T20:00:00Z,1.38339,1.38367,1.38289,1.38321,12070
2026-01-20T21:00:00Z,1.38320,1.38430,1.38291,1.38348,6042
2026-01-20T22:00:00Z,1.38322,1.38355,1.38285,1.38348,904
2026-01-20T23:00:00Z,1.38346,1.38375,1.38321,1.38329,2371
2026-01-21T00:00:00Z,1.38332,1.38400,1.38332,1.38352,5204
2026-01-21T01:00:00Z,1.38351,1.38351,1.38233,1.38259,9388
2026-01-21T02:00:00Z,1.38259,1.38319,1.38251,1.38318,4392
2026-01-21T03:00:00Z,1.38314,1.38381,1.38296,1.38354,4195
2026-01-21T04:00:00Z,1.38355,1.38399,1.38353,1.38375,2580
2026-01-21T05:00:00Z,1.38375,1.38378,1.38329,1.38362,3114
2026-01-21T06:00:00Z,1.38361,1.38371,1.38277,1.38305,4065
2026-01-21T07:00:00Z,1.38306,1.38382,1.38279,1.38321,7175
2026-01-21T08:00:00Z,1.38322,1.38381,1.38302,1.38364,10715
2026-01-21T09:00:00Z,1.38364,1.38424,1.38311,1.38403,7941
2026-01-21T10:00:00Z,1.38403,1.38416,1.38342,1.38364,9959
2026-01-21T11:00:00Z,1.38365,1.38382,1.38243,1.38295,9771
2026-01-21T12:00:00Z,1.38294,1.38297,1.37956,1.37958,4929
2026-01-21T13:00:00Z,1.37958,1.38048,1.37905,1.37937,6828
2026-01-21T14:00:00Z,1.37936,1.38051,1.37851,1.37978,12021
2026-01-21T15:00:00Z,1.37976,1.38165,1.37871,1.37974,12800
2026-01-21T16:00:00Z,1.37972,1.38214,1.37958,1.38154,7978
2026-01-21T17:00:00Z,1.38152,1.38284,1.38134,1.38156,9140
2026-01-21T18:00:00Z,1.38156,1.38270,1.38155,1.38211,4873
2026-01-21T19:00:00Z,1.38212,1.38373,1.38185,1.38295,12490
2026-01-21T20:00:00Z,1.38295,1.38384,1.38266,1.38308,7687
2026-01-21T21:00:00Z,1.38308,1.38397,1.38283,1.38324,2458
2026-01-21T22:00:00Z,1.38327,1.38341,1.38294,1.38321,963
2026-01-21T23:00:00Z,1.38316,1.38437,1.38310,1.38437,2515
2026-01-22T00:00:00Z,1.38436,1.38446,1.38266,1.38288,7412
2026-01-22T01:00:00Z,1.38289,1.38311,1.38258,1.38264,10049
2026-01-22T02:00:00Z,1.38262,1.38308,1.38216,1.38269,4398
2026-01-22T03:00:00Z,1.38270,1.38271,1.38229,1.38235,5554
2026-01-22T04:00:00Z,1.38236,1.38236,1.38160,1.38206,5233
2026-01-22T05:00:00Z,1.38206,1.38253,1.38204,1.38206,6246
2026-01-22T06:00:00Z,1.38204,1.38246,1.38182,1.38215,5285
2026-01-22T07:00:00Z,1.38216,1.38232,1.38177,1.38200,8345
2026-01-22T08:00:00Z,1.38199,1.38302,1.38192,1.38217,7890
2026-01-22T09:00:00Z,1.38215,1.38273,1.38143,1.38251,6710
2026-01-22T10:00:00Z,1.38251,1.38328,1.38223,1.38229,4548
2026-01-22T11:00:00Z,1.38229,1.38291,1.38214,1.38277,5834
2026-01-22T12:00:00Z,1.38278,1.38282,1.38106,1.38154,4715
2026-01-22T13:00:00Z,1.38153,1.38162,1.38034,1.38077,8675
2026-01-22T14:00:00Z,1.38076,1.38166,1.37961,1.38106,7509
2026-01-22T15:00:00Z,1.38110,1.38206,1.37964,1.38018,10061
2026-01-22T16:00:00Z,1.38021,1.38057,1.37908,1.37995,8852
2026-01-22T17:00:00Z,1.37996,1.38079,1.37839,1.37850,8445
2026-01-22T18:00:00Z,1.37851,1.37917,1.37825,1.37851,3855
2026-01-22T19:00:00Z,1.37851,1.37914,1.37836,1.37912,4107
2026-01-22T20:00:00Z,1.37910,1.37928,1.37857,1.37875,4475
2026-01-22T21:00:00Z,1.37876,1.37897,1.37833,1.37844,2190
2026-01-22T22:00:00Z,1.37839,1.37874,1.37830,1.37840,810
2026-01-22T23:00:00Z,1.37837,1.37858,1.37813,1.37842,1505
2026-01-23T00:00:00Z,1.37844,1.37921,1.37844,1.37887,2524
2026-01-23T01:00:00Z,1.37885,1.37894,1.37835,1.37873,4840
2026-01-23T02:00:00Z,1.37873,1.37957,1.37873,1.37923,2597
2026-01-23T03:00:00Z,1.37924,1.37952,1.37892,1.37941,3802
2026-01-23T04:00:00Z,1.37941,1.37958,1.37881,1.37892,1912
2026-01-23T05:00:00Z,1.37891,1.37900,1.37830,1.37884,3686
2026-01-23T06:00:00Z,1.37884,1.37929,1.37871,1.37903,6288
2026-01-23T07:00:00Z,1.37901,1.37966,1.37852,1.37938,5703
2026-01-23T08:00:00Z,1.37939,1.37991,1.37851,1.37861,5691
2026-01-23T09:00:00Z,1.37862,1.37922,1.37835,1.37920,3887
2026-01-23T10:00:00Z,1.37918,1.37953,1.37814,1.37814,4763
2026-01-23T11:00:00Z,1.37814,1.37861,1.37778,1.37791,6673
2026-01-23T12:00:00Z,1.37790,1.37800,1.37676,1.37677,3560
2026-01-23T13:00:00Z,1.37676,1.37676,1.37585,1.37656,4816
2026-01-23T14:00:00Z,1.37657,1.37698,1.37494,1.37526,5490
2026-01-23T15:00:00Z,1.37520,1.37529,1.37344,1.37347,7221
2026-01-23T16:00:00Z,1.37346,1.37452,1.37233,1.37259,6739
2026-01-23T17:00:00Z,1.37259,1.37276,1.37033,1.37132,13192
2026-01-23T18:00:00Z,1.37131,1.37254,1.37125,1.37133,8579
2026-01-23T19:00:00Z,1.37132,1.37143,1.37031,1.37065,6679
2026-01-23T20:00:00Z,1.37063,1.37086,1.36943,1.36967,7603
2026-01-23T21:00:00Z,1.36969,1.37056,1.36932,1.36972,5017
2026-01-25T22:00:00Z,1.36960,1.37070,1.36918,1.37010,4144
2026-01-25T23:00:00Z,1.37009,1.37094,1.36881,1.37004,6717
2026-01-26T00:00:00Z,1.37002,1.37057,1.36891,1.36894,8629
2026-01-26T01:00:00Z,1.36893,1.36905,1.36774,1.36839,7754
2026-01-26T02:00:00Z,1.36839,1.36870,1.36751,1.36824,7401
2026-01-26T03:00:00Z,1.36824,1.36872,1.36806,1.36858,5958
2026-01-26T04:00:00Z,1.36859,1.36892,1.36772,1.36805,4812
2026-01-26T05:00:00Z,1.36805,1.36826,1.36747,1.36805,5009
2026-01-26T06:00:00Z,1.36804,1.36853,1.36747,1.36815,5728
2026-01-26T07:00:00Z,1.36816,1.36959,1.36803,1.36958,5952
2026-01-26T08:00:00Z,1.36957,1.36958,1.36791,1.36836,6805
2026-01-26T09:00:00Z,1.36835,1.36848,1.36741,1.36760,5474
2026-01-26T10:00:00Z,1.36759,1.36792,1.36711,1.36791,3695
2026-01-26T11:00:00Z,1.36790,1.36872,1.36788,1.36843,3551
2026-01-26T12:00:00Z,1.36840,1.36988,1.36822,1.36979,3069
2026-01-26T13:00:00Z,1.36979,1.37124,1.36973,1.37030,6423
2026-01-26T14:00:00Z,1.37027,1.37062,1.36816,1.36883,9015
2026-01-26T15:00:00Z,1.36884,1.37005,1.36785,1.36795,10739
2026-01-26T16:00:00Z,1.36796,1.36994,1.36753,1.36935,7371
2026-01-26T17:00:00Z,1.36934,1.37114,1.36932,1.37030,7979
2026-01-26T18:00:00Z,1.37028,1.37063,1.36993,1.37042,6471
2026-01-26T19:00:00Z,1.37043,1.37197,1.37043,1.37159,6150
2026-01-26T20:00:00Z,1.37162,1.37173,1.37101,1.37125,5531
2026-01-26T21:00:00Z,1.37125,1.37151,1.37073,1.37080,2733
2026-01-26T22:00:00Z,1.37042,1.37106,1.37011,1.37099,916
2026-01-26T23:00:00Z,1.37101,1.37142,1.37074,1.37141,1430
2026-01-27T00:00:00Z,1.37141,1.37172,1.37125,1.37146,5807
2026-01-27T01:00:00Z,1.37146,1.37199,1.37144,1.37180,6448
2026-01-27T02:00:00Z,1.37180,1.37198,1.37079,1.37147,5191
2026-01-27T03:00:00Z,1.37149,1.37240,1.37149,1.37233,5911
2026-01-27T04:00:00Z,1.37234,1.37352,1.37216,1.37320,4029
2026-01-27T05:00:00Z,1.37320,1.37388,1.37308,1.37346,3931
2026-01-27T06:00:00Z,1.37346,1.37387,1.37323,1.37360,3703
2026-01-27T07:00:00Z,1.37360,1.37387,1.37232,1.37317,4994
2026-01-27T08:00:00Z,1.37316,1.37379,1.37257,1.37262,6537
2026-01-27T09:00:00Z,1.37263,1.37279,1.37058,1.37072,5308
2026-01-27T10:00:00Z,1.37072,1.37139,1.37056,1.37072,5469
2026-01-27T11:00:00Z,1.37073,1.37109,1.37046,1.37058,3956
2026-01-27T12:00:00Z,1.37060,1.37068,1.36799,1.36808,6727
2026-01-27T13:00:00Z,1.36807,1.36807,1.36574,1.36707,10711
2026-01-27T14:00:00Z,1.36706,1.36726,1.36313,1.36393,14570
2026-01-27T15:00:00Z,1.36394,1.36394,1.36052,1.36099,14728
2026-01-27T16:00:00Z,1.36100,1.36111,1.35908,1.35994,10255
2026-01-27T17:00:00Z,1.35993,1.36087,1.35961,1.35976,9716
2026-01-27T18:00:00Z,1.35976,1.36144,1.35953,1.36097,7163
2026-01-27T19:00:00Z,1.36097,1.36172,1.36065,1.36149,6800
2026-01-27T20:00:00Z,1.36150,1.36228,1.35585,1.35808,16640
2026-01-27T21:00:00Z,1.35808,1.35932,1.35725,1.35725,9950
2026-01-27T22:00:00Z,1.35642,1.35744,1.35632,1.35687,3665
2026-01-27T23:00:00Z,1.35687,1.35937,1.35685,1.35926,3502
2026-01-28T00:00:00Z,1.35923,1.36059,1.35916,1.36024,9497
2026-01-28T01:00:00Z,1.36025,1.36128,1.36005,1.36118,7348
2026-01-28T02:00:00Z,1.36117,1.36144,1.36039,1.36058,4279
2026-01-28T03:00:00Z,1.36058,1.36061,1.35957,1.36003,4846
2026-01-28T04:00:00Z,1.36002,1.36041,1.35899,1.35936,4496
2026-01-28T05:00:00Z,1.35936,1.36001,1.35837,1.35843,5154
2026-01-28T06:00:00Z,1.35842,1.35861,1.35761,1.35848,5394
2026-01-28T07:00:00Z,1.35848,1.35859,1.35667,1.35832,6511
2026-01-28T08:00:00Z,1.35830,1.35830,1.35604,1.35770,8730
2026-01-28T09:00:00Z,1.35769,1.35773,1.35605,1.35639,8147
2026-01-28T10:00:00Z,1.35638,1.35656,1.35560,1.35580,6808
2026-01-28T11:00:00Z,1.35579,1.35773,1.35577,1.35737,8312
2026-01-28T12:00:00Z,1.35737,1.35740,1.35505,1.35581,6733
2026-01-28T13:00:00Z,1.35579,1.35710,1.35528,1.35576,9582
2026-01-28T14:00:00Z,1.35574,1.35574,1.35351,1.35543,12236
2026-01-28T15:00:00Z,1.35544,1.35911,1.35416,1.35596,26406
2026-01-28T16:00:00Z,1.35596,1.35866,1.35572,1.35772,11840
2026-01-28T17:00:00Z,1.35773,1.35864,1.35703,1.35730,5656
2026-01-28T18:00:00Z,1.35732,1.36022,1.35725,1.35904,5605
2026-01-28T19:00:00Z,1.35903,1.36075,1.35682,1.35687,15246
2026-01-28T20:00:00Z,1.35684,1.35701,1.35494,1.35575,10007
2026-01-28T21:00:00Z,1.35573,1.35610,1.35458,1.35550,2878
2026-01-28T22:00:00Z,1.35547,1.35688,1.35504,1.35593,2117
2026-01-28T23:00:00Z,1.35592,1.35640,1.35362,1.35376,6710
2026-01-29T00:00:00Z,1.35376,1.35460,1.35303,1.35391,10946
2026-01-29T01:00:00Z,1.35392,1.35539,1.35392,1.35511,9430
2026-01-29T02:00:00Z,1.35511,1.35578,1.35357,1.35387,7384
2026-01-29T03:00:00Z,1.35389,1.35394,1.35201,1.35206,6327
2026-01-29T04:00:00Z,1.35205,1.35272,1.35189,1.35211,5485
2026-01-29T05:00:00Z,1.35212,1.35271,1.35156,1.35256,6231
2026-01-29T06:00:00Z,1.35257,1.35278,1.35162,1.35181,9575
2026-01-29T07:00:00Z,1.35182,1.35329,1.35089,1.35266,6211
2026-01-29T08:00:00Z,1.35265,1.35364,1.35175,1.35299,7608
2026-01-29T09:00:00Z,1.35300,1.35404,1.35242,1.35347,6871
2026-01-29T10:00:00Z,1.35346,1.35615,1.35328,1.35598,5984
2026-01-29T11:00:00Z,1.35596,1.35622,1.35469,1.35488,6597
2026-01-29T12:00:00Z,1.35486,1.35518,1.35228,1.35236,6792
2026-01-29T13:00:00Z,1.35235,1.35275,1.35065,1.35197,12193
2026-01-29T14:00:00Z,1.35194,1.35206,1.34913,1.35037,17256
2026-01-29T15:00:00Z,1.35036,1.35774,1.35028,1.35542,41402
2026-01-29T16:00:00Z,1.35544,1.35573,1.35087,1.35198,19095
2026-01-29T17:00:00Z,1.35197,1.35206,1.35011,1.35147,11048
2026-01-29T18:00:00Z,1.35148,1.35213,1.34909,1.34996,8760
2026-01-29T19:00:00Z,1.34996,1.35056,1.34926,1.34978,9445
2026-01-29T20:00:00Z,1.34977,1.35046,1.34868,1.34893,6005
2026-01-29T21:00:00Z,1.34899,1.34976,1.34842,1.34885,5011
2026-01-29T22:00:00Z,1.34884,1.34933,1.34842,1.34853,824
2026-01-29T23:00:00Z,1.34849,1.35056,1.34811,1.34911,3230
2026-01-30T00:00:00Z,1.34910,1.35152,1.34839,1.35147,6915
2026-01-30T01:00:00Z,1.35147,1.35287,1.35112,1.35283,7934
2026-01-30T02:00:00Z,1.35282,1.35451,1.35215,1.35216,15165
2026-01-30T03:00:00Z,1.35214,1.35269,1.35163,1.35194,8893
2026-01-30T04:00:00Z,1.35195,1.35218,1.35109,1.35178,5393
2026-01-30T05:00:00Z,1.35178,1.35243,1.35091,1.35166,8020
2026-01-30T06:00:00Z,1.35167,1.35294,1.35106,1.35274,6879
2026-01-30T07:00:00Z,1.35274,1.35278,1.35078,1.35130,6662
2026-01-30T08:00:00Z,1.35128,1.35299,1.35069,1.35191,8439
2026-01-30T09:00:00Z,1.35192,1.35527,1.35164,1.35447,11161
2026-01-30T10:00:00Z,1.35450,1.35468,1.35304,1.35366,7102
2026-01-30T11:00:00Z,1.35365,1.35369,1.35044,1.35050,10164
2026-01-30T12:00:00Z,1.35051,1.35299,1.34926,1.35286,6241
2026-01-30T13:00:00Z,1.35287,1.35552,1.35211,1.35453,12566
2026-01-30T14:00:00Z,1.35453,1.35453,1.35110,1.35245,13687
2026-01-30T15:00:00Z,1.35244,1.35436,1.35161,1.35418,17133
2026-01-30T16:00:00Z,1.35419,1.35648,1.35413,1.35562,20386
2026-01-30T17:00:00Z,1.35563,1.35885,1.35552,1.35827,14382
2026-01-30T18:00:00Z,1.35828,1.36169,1.35741,1.35786,22581
2026-01-30T19:00:00Z,1.35786,1.35943,1.35708,1.35879,18467
2026-01-30T20:00:00Z,1.35877,1.36174,1.35875,1.36166,10828
2026-01-30T21:00:00Z,1.36165,1.36247,1.36091,1.36139,6723
2026-02-01T22:00:00Z,1.36007,1.36166,1.35985,1.36084,3974
2026-02-01T23:00:00Z,1.36084,1.36575,1.36061,1.36382,8217
2026-02-02T00:00:00Z,1.36382,1.36382,1.36131,1.36173,14573
2026-02-02T01:00:00Z,1.36174,1.36478,1.36172,1.36249,16377
2026-02-02T02:00:00Z,1.36250,1.36458,1.36190,1.36437,16621
2026-02-02T03:00:00Z,1.36438,1.36498,1.36367,1.36476,13968
2026-02-02T04:00:00Z,1.36474,1.36505,1.36375,1.36435,9032
2026-02-02T05:00:00Z,1.36437,1.36716,1.36434,1.36614,12128
2026-02-02T06:00:00Z,1.36615,1.36745,1.36558,1.36589,12067
2026-02-02T07:00:00Z,1.36587,1.36618,1.36491,1.36518,7713
2026-02-02T08:00:00Z,1.36518,1.36544,1.36266,1.36431,7402
2026-02-02T09:00:00Z,1.36434,1.36543,1.36303,1.36312,8387
2026-02-02T10:00:00Z,1.36313,1.36401,1.36271,1.36332,5815
2026-02-02T11:00:00Z,1.36331,1.36363,1.36245,1.36322,5010
2026-02-02T12:00:00Z,1.36321,1.36416,1.36267,1.36366,7277
2026-02-02T13:00:00Z,1.36363,1.36659,1.36362,1.36626,10565
2026-02-02T14:00:00Z,1.36634,1.36707,1.36370,1.36546,14679
2026-02-02T15:00:00Z,1.36553,1.36928,1.36526,1.36915,17875
2026-02-02T16:00:00Z,1.36914,1.36927,1.36712,1.36764,17955
2026-02-02T17:00:00Z,1.36766,1.36859,1.36724,1.36848,7703
2026-02-02T18:00:00Z,1.36850,1.37022,1.36838,1.36935,7026
2026-02-02T19:00:00Z,1.36935,1.36960,1.36798,1.36841,4984
2026-02-02T20:00:00Z,1.36840,1.36890,1.36700,1.36722,8519
2026-02-02T21:00:00Z,1.36722,1.36826,1.36670,1.36799,4006
2026-02-02T22:00:00Z,1.36798,1.36816,1.36738,1.36786,817
2026-02-02T23:00:00Z,1.36784,1.36831,1.36727,1.36727,3196
2026-02-03T00:00:00Z,1.36727,1.36733,1.36627,1.36632,5750
2026-02-03T01:00:00Z,1.36630,1.36679,1.36583,1.36607,9054
2026-02-03T02:00:00Z,1.36607,1.36798,1.36592,1.36766,7916
2026-02-03T03:00:00Z,1.36767,1.36801,1.36545,1.36569,11134
2026-02-03T04:00:00Z,1.36569,1.36664,1.36545,1.36621,6689
2026-02-03T05:00:00Z,1.36623,1.36672,1.36581,1.36646,6778
2026-02-03T06:00:00Z,1.36646,1.36654,1.36537,1.36616,8390
2026-02-03T07:00:00Z,1.36616,1.36638,1.36509,1.36554,5145
2026-02-03T08:00:00Z,1.36559,1.36724,1.36541,1.36720,7133
2026-02-03T09:00:00Z,1.36720,1.36851,1.36694,1.36837,6498
2026-02-03T10:00:00Z,1.36837,1.36853,1.36767,1.36813,4368
2026-02-03T11:00:00Z,1.36813,1.36852,1.36748,1.36776,5265
2026-02-03T12:00:00Z,1.36776,1.36788,1.36560,1.36560,4734
2026-02-03T13:00:00Z,1.36560,1.36658,1.36464,1.36656,7709
2026-02-03T14:00:00Z,1.36657,1.36801,1.36573,1.36691,10922
2026-02-03T15:00:00Z,1.36690,1.36774,1.36449,1.36516,13971
2026-02-03T16:00:00Z,1.36517,1.36534,1.36358,1.36454,10161
2026-02-03T17:00:00Z,1.36454,1.36524,1.36361,1.36490,9203
2026-02-03T18:00:00Z,1.36490,1.36529,1.36395,1.36529,8816
2026-02-03T19:00:00Z,1.36534,1.36585,1.36433,1.36508,8190
2026-02-03T20:00:00Z,1.36510,1.36537,1.36328,1.36371,6312
2026-02-03T21:00:00Z,1.36370,1.36429,1.36321,1.36382,3627
2026-02-03T22:00:00Z,1.36383,1.36383,1.36288,1.36372,517
2026-02-03T23:00:00Z,1.36361,1.36424,1.36352,1.36398,1440
2026-02-04T00:00:00Z,1.36398,1.36452,1.36397,1.36448,2474
2026-02-04T01:00:00Z,1.36451,1.36452,1.36330,1.36371,5679
2026-02-04T02:00:00Z,1.36372,1.36481,1.36320,1.36468,5287
2026-02-04T03:00:00Z,1.36467,1.36503,1.36435,1.36441,3920
2026-02-04T04:00:00Z,1.36442,1.36460,1.36365,1.36371,2641
2026-02-04T05:00:00Z,1.36370,1.36387,1.36328,1.36343,3440
2026-02-04T06:00:00Z,1.36341,1.36366,1.36300,1.36354,4411
2026-02-04T07:00:00Z,1.36354,1.36387,1.36314,1.36351,4940
2026-02-04T08:00:00Z,1.36350,1.36420,1.36284,1.36345,4705
2026-02-04T09:00:00Z,1.36347,1.36490,1.36327,1.36467,3950
2026-02-04T10:00:00Z,1.36468,1.36637,1.36455,1.36625,4462
2026-02-04T11:00:00Z,1.36625,1.36739,1.36610,1.36643,4332
2026-02-04T12:00:00Z,1.36645,1.36653,1.36468,1.36531,4186
2026-02-04T13:00:00Z,1.36532,1.36580,1.36436,1.36489,6021
2026-02-04T14:00:00Z,1.36489,1.36672,1.36483,1.36637,11680
2026-02-04T15:00:00Z,1.36636,1.36798,1.36540,1.36717,14182
2026-02-04T16:00:00Z,1.36716,1.36829,1.36652,1.36668,9245
2026-02-04T17:00:00Z,1.36669,1.36783,1.36585,1.36719,9168
2026-02-04T18:00:00Z,1.36719,1.36791,1.36683,1.36767,7006
2026-02-04T19:00:00Z,1.36767,1.36838,1.36641,1.36673,7023
2026-02-04T20:00:00Z,1.36672,1.36743,1.36650,1.36660,3365
2026-02-04T21:00:00Z,1.36660,1.36713,1.36573,1.36596,2998
2026-02-04T22:00:00Z,1.36588,1.36651,1.36523,1.36637,1094
2026-02-04T23:00:00Z,1.36631,1.36717,1.36619,1.36708,3245
2026-02-05T00:00:00Z,1.36708,1.36708,1.36597,1.36626,4392
2026-02-05T01:00:00Z,1.36627,1.36678,1.36601,1.36672,7905
2026-02-05T02:00:00Z,1.36671,1.36927,1.36659,1.36908,11218
2026-02-05T03:00:00Z,1.36910,1.36925,1.36824,1.36860,8308
2026-02-05T04:00:00Z,1.36860,1.36869,1.36796,1.36824,5873
2026-02-05T05:00:00Z,1.36824,1.36896,1.36820,1.36840,6459
2026-02-05T06:00:00Z,1.36840,1.36887,1.36811,1.36839,5930
2026-02-05T07:00:00Z,1.36840,1.36879,1.36763,1.36869,4088
2026-02-05T08:00:00Z,1.36870,1.36919,1.36772,1.36861,6696
2026-02-05T09:00:00Z,1.36862,1.36997,1.36857,1.36992,4202
2026-02-05T10:00:00Z,1.36992,1.36998,1.36885,1.36920,3312
2026-02-05T11:00:00Z,1.36919,1.36931,1.36822,1.36833,4129
2026-02-05T12:00:00Z,1.36835,1.36922,1.36795,1.36832,8791
2026-02-05T13:00:00Z,1.36832,1.36872,1.36620,1.36675,11365
2026-02-05T14:00:00Z,1.36676,1.36712,1.36550,1.36581,21268
2026-02-05T15:00:00Z,1.36583,1.36856,1.36521,1.36841,19200
2026-02-05T16:00:00Z,1.36840,1.36935,1.36673,1.36713,13770
2026-02-05T17:00:00Z,1.36714,1.36815,1.36659,1.36736,16122
2026-02-05T18:00:00Z,1.36736,1.36821,1.36693,1.36786,7206
2026-02-05T19:00:00Z,1.36787,1.36830,1.36748,1.36813,6673
2026-02-05T20:00:00Z,1.36812,1.36961,1.36766,1.36961,5637
2026-02-05T21:00:00Z,1.36961,1.37109,1.36932,1.37090,2902
2026-02-05T22:00:00Z,1.37090,1.37096,1.36931,1.37033,1386
2026-02-05T23:00:00Z,1.37035,1.37137,1.37030,1.37116,2037
2026-02-06T00:00:00Z,1.37116,1.37240,1.37046,1.37048,6098
2026-02-06T01:00:00Z,1.37048,1.37139,1.37010,1.37037,9266
2026-02-06T02:00:00Z,1.37037,1.37040,1.36930,1.37004,7726
2026-02-06T03:00:00Z,1.37005,1.37045,1.36956,1.37013,3527
2026-02-06T04:00:00Z,1.37012,1.37016,1.36925,1.36942,2942
2026-02-06T05:00:00Z,1.36941,1.36975,1.36885,1.36904,4633
2026-02-06T06:00:00Z,1.36903,1.36922,1.36832,1.36872,5062
2026-02-06T07:00:00Z,1.36872,1.36942,1.36859,1.36882,2774
2026-02-06T08:00:00Z,1.36884,1.36913,1.36775,1.36807,4797
2026-02-06T09:00:00Z,1.36808,1.36857,1.36775,1.36827,3723
2026-02-06T10:00:00Z,1.36826,1.36902,1.36776,1.36864,2912
2026-02-06T11:00:00Z,1.36866,1.36888,1.36761,1.36767,3715
2026-02-06T12:00:00Z,1.36769,1.36828,1.36697,1.36700,3013
2026-02-06T13:00:00Z,1.36698,1.36718,1.36467,1.36565,6241
2026-02-06T14:00:00Z,1.36564,1.36575,1.36260,1.36286,8289
2026-02-06T15:00:00Z,1.36287,1.36438,1.36241,1.36352,10747
2026-02-06T16:00:00Z,1.36353,1.36496,1.36298,1.36453,6334
2026-02-06T17:00:00Z,1.36453,1.36481,1.36397,1.36442,4962
2026-02-06T18:00:00Z,1.36441,1.36510,1.36394,1.36504,3995
2026-02-06T19:00:00Z,1.36505,1.36592,1.36489,1.36575,2604
2026-02-06T20:00:00Z,1.36576,1.36595,1.36528,1.36545,2280
2026-02-06T21:00:00Z,1.36546,1.36763,1.36450,1.36706,10057
2026-02-08T22:00:00Z,1.36692,1.36716,1.36586,1.36606,2285
2026-02-08T23:00:00Z,1.36611,1.36732,1.36559,1.36585,5992
2026-02-09T00:00:00Z,1.36586,1.36628,1.36506,1.36561,9031
2026-02-09T01:00:00Z,1.36562,1.36610,1.36517,1.36596,7785
2026-02-09T02:00:00Z,1.36597,1.36669,1.36562,1.36602,5770
2026-02-09T03:00:00Z,1.36602,1.36636,1.36569,1.36628,5057
2026-02-09T04:00:00Z,1.36626,1.36630,1.36565,1.36567,6083
2026-02-09T05:00:00Z,1.36565,1.36582,1.36520,1.36547,4613
2026-02-09T06:00:00Z,1.36546,1.36573,1.36416,1.36434,10403
2026-02-09T07:00:00Z,1.36435,1.36478,1.36397,1.36423,8535
2026-02-09T08:00:00Z,1.36424,1.36490,1.36387,1.36397,8183
2026-02-09T09:00:00Z,1.36396,1.36443,1.36329,1.36437,6464
2026-02-09T10:00:00Z,1.36438,1.36553,1.36417,1.36474,5831
2026-02-09T11:00:00Z,1.36474,1.36519,1.36315,1.36339,6409
2026-02-09T12:00:00Z,1.36338,1.36338,1.36045,1.36083,9481
2026-02-09T13:00:00Z,1.36081,1.36133,1.36017,1.36029,12919
2026-02-09T14:00:00Z,1.36031,1.36079,1.35787,1.35805,12918
2026-02-09T15:00:00Z,1.35806,1.35887,1.35710,1.35718,16816
2026-02-09T16:00:00Z,1.35716,1.35780,1.35669,1.35706,8425
2026-02-09T17:00:00Z,1.35705,1.35778,1.35686,1.35701,3944
2026-02-09T18:00:00Z,1.35702,1.35747,1.35583,1.35637,8805
2026-02-09T19:00:00Z,1.35635,1.35657,1.35558,1.35600,2759
2026-02-09T20:00:00Z,1.35600,1.35632,1.35543,1.35588,4707
2026-02-09T21:00:00Z,1.35588,1.35598,1.35524,1.35563,3490
2026-02-09T22:00:00Z,1.35537,1.35623,1.35527,1.35595,1044
2026-02-09T23:00:00Z,1.35594,1.35644,1.35574,1.35607,2429
2026-02-10T00:00:00Z,1.35607,1.35676,1.35598,1.35635,4804
2026-02-10T01:00:00Z,1.35635,1.35679,1.35564,1.35582,6620
2026-02-10T02:00:00Z,1.35582,1.35584,1.35483,1.35496,5823
2026-02-10T03:00:00Z,1.35496,1.35540,1.35477,1.35516,5402
2026-02-10T04:00:00Z,1.35517,1.35557,1.35497,1.35556,2739
2026-02-10T05:00:00Z,1.35555,1.35585,1.35535,1.35564,2474
2026-02-10T06:00:00Z,1.35566,1.35613,1.35536,1.35578,3251
2026-02-10T07:00:00Z,1.35578,1.35659,1.35542,1.35601,2171
2026-02-10T08:00:00Z,1.35600,1.35682,1.35598,1.35648,3586
2026-02-10T09:00:00Z,1.35647,1.35658,1.35572,1.35637,5144
2026-02-10T10:00:00Z,1.35637,1.35673,1.35590,1.35608,2700
2026-02-10T11:00:00Z,1.35607,1.35669,1.35582,1.35625,2363
2026-02-10T12:00:00Z,1.35622,1.35761,1.35601,1.35711,3179
2026-02-10T13:00:00Z,1.35709,1.35729,1.35481,1.35484,7808
2026-02-10T14:00:00Z,1.35483,1.35539,1.35293,1.35311,14040
2026-02-10T15:00:00Z,1.35312,1.35425,1.35236,1.35246,11898
2026-02-10T16:00:00Z,1.35245,1.35412,1.35228,1.35330,7795
2026-02-10T17:00:00Z,1.35329,1.35440,1.35320,1.35422,4520
2026-02-10T18:00:00Z,1.35424,1.35548,1.35413,1.35517,3906
2026-02-10T19:00:00Z,1.35515,1.35549,1.35424,1.35425,3433
2026-02-10T20:00:00Z,1.35427,1.35560,1.35426,1.35553,4730
2026-02-10T21:00:00Z,1.35553,1.35577,1.35461,1.35518,3236
2026-02-10T22:00:00Z,1.35442,1.35485,1.35394,1.35481,614
2026-02-10T23:00:00Z,1.35481,1.35551,1.35456,1.35534,1847
2026-02-11T00:00:00Z,1.35531,1.35540,1.35437,1.35465,7761
2026-02-11T01:00:00Z,1.35464,1.35467,1.35390,1.35392,8221
2026-02-11T02:00:00Z,1.35392,1.35393,1.35239,1.35252,9461
2026-02-11T03:00:00Z,1.35252,1.35257,1.35184,1.35190,5297
2026-02-11T04:00:00Z,1.35190,1.35257,1.35166,1.35257,4865
2026-02-11T05:00:00Z,1.35257,1.35262,1.35182,1.35207,4177
2026-02-11T06:00:00Z,1.35206,1.35255,1.35166,1.35247,3955
2026-02-11T07:00:00Z,1.35247,1.35313,1.35201,1.35216,3037
2026-02-11T08:00:00Z,1.35216,1.35263,1.35140,1.35146,3180
2026-02-11T09:00:00Z,1.35145,1.35190,1.35085,1.35111,3242
2026-02-11T10:00:00Z,1.35111,1.35132,1.35038,1.35078,2771
2026-02-11T11:00:00Z,1.35080,1.35519,1.35080,1.35361,5657
2026-02-11T12:00:00Z,1.35359,1.35574,1.35345,1.35529,5815
2026-02-11T13:00:00Z,1.35531,1.36068,1.35523,1.35829,22810
2026-02-11T14:00:00Z,1.35832,1.35889,1.35645,1.35810,18576
2026-02-11T15:00:00Z,1.35811,1.36187,1.35770,1.36059,21056
2026-02-11T16:00:00Z,1.36059,1.36131,1.35690,1.35694,10450
2026-02-11T17:00:00Z,1.35697,1.35757,1.35513,1.35548,7967
2026-02-11T18:00:00Z,1.35549,1.35642,1.35500,1.35558,5302
2026-02-11T19:00:00Z,1.35560,1.35680,1.35558,1.35653,3960
2026-02-11T20:00:00Z,1.35652,1.35737,1.35642,1.35732,2219
2026-02-11T21:00:00Z,1.35732,1.35842,1.35712,1.35744,3416
2026-02-11T22:00:00Z,1.35744,1.35744,1.35605,1.35698,399
2026-02-11T23:00:00Z,1.35693,1.35798,1.35687,1.35756,1855
2026-02-12T00:00:00Z,1.35755,1.35846,1.35712,1.35746,5582
2026-02-12T01:00:00Z,1.35748,1.35796,1.35679,1.35686,5812
2026-02-12T02:00:00Z,1.35686,1.35737,1.35644,1.35702,5502
2026-02-12T03:00:00Z,1.35702,1.35763,1.35651,1.35721,4532
2026-02-12T04:00:00Z,1.35721,1.35858,1.35679,1.35836,5396
2026-02-12T05:00:00Z,1.35836,1.35851,1.35794,1.35796,4422
2026-02-12T06:00:00Z,1.35795,1.35961,1.35771,1.35904,5668
2026-02-12T07:00:00Z,1.35906,1.35913,1.35752,1.35781,3587
2026-02-12T08:00:00Z,1.35782,1.35810,1.35699,1.35702,4002
2026-02-12T09:00:00Z,1.35701,1.35731,1.35627,1.35638,3187
2026-02-12T10:00:00Z,1.35637,1.35713,1.35626,1.35662,3876
2026-02-12T11:00:00Z,1.35662,1.35699,1.35566,1.35567,4266
2026-02-12T12:00:00Z,1.35567,1.35804,1.35549,1.35734,7127
2026-02-12T13:00:00Z,1.35736,1.35820,1.35656,1.35665,6582
2026-02-12T14:00:00Z,1.35664,1.35911,1.35588,1.35831,9004
2026-02-12T15:00:00Z,1.35832,1.36062,1.35809,1.35972,11166
2026-02-12T16:00:00Z,1.35972,1.36354,1.35966,1.36227,18814
2026-02-12T17:00:00Z,1.36228,1.36334,1.36189,1.36253,11264
2026-02-12T18:00:00Z,1.36253,1.36342,1.36190,1.36206,13970
2026-02-12T19:00:00Z,1.36206,1.36223,1.36074,1.36104,5162
2026-02-12T20:00:00Z,1.36108,1.36161,1.36083,1.36133,5898
2026-02-12T21:00:00Z,1.36133,1.36147,1.36055,1.36082,1673
2026-02-12T22:00:00Z,1.36070,1.36118,1.36059,1.36073,495
2026-02-12T23:00:00Z,1.36074,1.36121,1.36063,1.36111,1533
2026-02-13T00:00:00Z,1.36114,1.36157,1.36083,1.36114,4660
2026-02-13T01:00:00Z,1.36114,1.36166,1.36073,1.36137,6522
2026-02-13T02:00:00Z,1.36137,1.36166,1.36101,1.36122,5047
2026-02-13T03:00:00Z,1.36122,1.36170,1.36110,1.36165,3789
2026-02-13T04:00:00Z,1.36166,1.36221,1.36127,1.36180,3599
2026-02-13T05:00:00Z,1.36179,1.36269,1.36115,1.36249,7041
2026-02-13T06:00:00Z,1.36246,1.36312,1.36210,1.36291,4486
2026-02-13T07:00:00Z,1.36292,1.36370,1.36235,1.36252,4050
2026-02-13T08:00:00Z,1.36254,1.36259,1.36015,1.36021,6045
2026-02-13T09:00:00Z,1.36024,1.36055,1.35970,1.36042,2877
2026-02-13T10:00:00Z,1.36043,1.36183,1.36039,1.36168,3970
2026-02-13T11:00:00Z,1.36169,1.36239,1.36145,1.36198,7551
2026-02-13T12:00:00Z,1.36200,1.36314,1.36192,1.36244,3673
2026-02-13T13:00:00Z,1.36243,1.36355,1.35997,1.36015,14076
2026-02-13T14:00:00Z,1.36017,1.36265,1.36002,1.36218,14743
2026-02-13T15:00:00Z,1.36219,1.36331,1.36091,1.36325,16981
2026-02-13T16:00:00Z,1.36327,1.36361,1.36141,1.36194,10128
2026-02-13T17:00:00Z,1.36192,1.36196,1.35930,1.36039,7882
2026-02-13T18:00:00Z,1.36037,1.36064,1.35984,1.36044,3311
2026-02-13T19:00:00Z,1.36044,1.36220,1.36019,1.36208,4340
2026-02-13T20:00:00Z,1.36207,1.36256,1.36146,1.36179,5821
2026-02-13T21:00:00Z,1.36178,1.36226,1.36133,1.36133,5030
2026-02-15T22:00:00Z,1.36003,1.36178,1.36003,1.36119,2788
2026-02-15T23:00:00Z,1.36121,1.36242,1.36121,1.36170,2783
2026-02-16T00:00:00Z,1.36170,1.36190,1.36110,1.36142,5269
2026-02-16T01:00:00Z,1.36142,1.36183,1.36130,1.36140,3375
2026-02-16T02:00:00Z,1.36141,1.36180,1.36120,1.36128,5003
2026-02-16T03:00:00Z,1.36128,1.36149,1.36105,1.36118,3974
2026-02-16T04:00:00Z,1.36118,1.36177,1.36099,1.36165,3287
2026-02-16T05:00:00Z,1.36164,1.36188,1.36146,1.36162,1999
2026-02-16T06:00:00Z,1.36164,1.36169,1.36065,1.36112,3053
2026-02-16T07:00:00Z,1.36113,1.36141,1.36066,1.36078,2020
2026-02-16T08:00:00Z,1.36077,1.36155,1.36030,1.36082,3959
2026-02-16T09:00:00Z,1.36083,1.36195,1.36035,1.36181,2875
2026-02-16T10:00:00Z,1.36182,1.36198,1.36092,1.36158,3336
2026-02-16T11:00:00Z,1.36160,1.36257,1.36155,1.36227,2233
2026-02-16T12:00:00Z,1.36225,1.36289,1.36172,1.36277,2406
2026-02-16T13:00:00Z,1.36278,1.36327,1.36237,1.36261,2521
2026-02-16T14:00:00Z,1.36266,1.36325,1.36185,1.36285,4359
2026-02-16T15:00:00Z,1.36286,1.36342,1.36264,1.36282,3878
2026-02-16T16:00:00Z,1.36281,1.36345,1.36267,1.36345,2595
2026-02-16T17:00:00Z,1.36343,1.36386,1.36325,1.36378,941
2026-02-16T18:00:00Z,1.36380,1.36385,1.36342,1.36356,571
2026-02-16T19:00:00Z,1.36357,1.36359,1.36339,1.36344,262
2026-02-16T20:00:00Z,1.36344,1.36363,1.36335,1.36343,333
2026-02-16T21:00:00Z,1.36345,1.36383,1.36336,1.36338,710
2026-02-16T22:00:00Z,1.36338,1.36338,1.36244,1.36289,378
2026-02-16T23:00:00Z,1.36296,1.36382,1.36275,1.36359,767
2026-02-17T00:00:00Z,1.36356,1.36413,1.36337,1.36408,2196
2026-02-17T01:00:00Z,1.36406,1.36437,1.36385,1.36423,3939
2026-02-17T02:00:00Z,1.36423,1.36452,1.36364,1.36420,3998
2026-02-17T03:00:00Z,1.36420,1.36467,1.36400,1.36432,3678
2026-02-17T04:00:00Z,1.36432,1.36446,1.36364,1.36375,3168
2026-02-17T05:00:00Z,1.36376,1.36475,1.36374,1.36401,4656
2026-02-17T06:00:00Z,1.36400,1.36404,1.36375,1.36390,2909
2026-02-17T07:00:00Z,1.36392,1.36526,1.36392,1.36476,3503
2026-02-17T08:00:00Z,1.36477,1.36486,1.36396,1.36462,3632
2026-02-17T09:00:00Z,1.36461,1.36484,1.36411,1.36435,2718
2026-02-17T10:00:00Z,1.36436,1.36474,1.36369,1.36425,3206
2026-02-17T11:00:00Z,1.36424,1.36478,1.36364,1.36456,4090
2026-02-17T12:00:00Z,1.36454,1.36546,1.36423,1.36517,4490
2026-02-17T13:00:00Z,1.36517,1.36711,1.36478,1.36708,11320
2026-02-17T14:00:00Z,1.36707,1.36789,1.36605,1.36773,13923
2026-02-17T15:00:00Z,1.36776,1.36925,1.36706,1.36838,13795
2026-02-17T16:00:00Z,1.36837,1.36837,1.36497,1.36529,11157
2026-02-17T17:00:00Z,1.36529,1.36598,1.36457,1.36480,8658
2026-02-17T18:00:00Z,1.36481,1.36504,1.36345,1.36382,5993
2026-02-17T19:00:00Z,1.36384,1.36437,1.36357,1.36382,3777
2026-02-17T20:00:00Z,1.36382,1.36405,1.36353,1.36379,3144
2026-02-17T21:00:00Z,1.36380,1.36414,1.36325,1.36353,1902
2026-02-17T22:00:00Z,1.36337,1.36356,1.36318,1.36343,871
2026-02-17T23:00:00Z,1.36338,1.36406,1.36313,1.36385,2084
2026-02-18T00:00:00Z,1.36389,1.36425,1.36375,1.36407,2674
2026-02-18T01:00:00Z,1.36408,1.36476,1.36404,1.36453,3442
2026-02-18T02:00:00Z,1.36451,1.36506,1.36438,1.36469,3320
2026-02-18T03:00:00Z,1.36468,1.36516,1.36438,1.36515,4039
2026-02-18T04:00:00Z,1.36516,1.36530,1.36497,1.36516,2364
2026-02-18T05:00:00Z,1.36516,1.36543,1.36505,1.36521,1970
2026-02-18T06:00:00Z,1.36520,1.36554,1.36489,1.36502,4847
2026-02-18T07:00:00Z,1.36503,1.36652,1.36494,1.36635,3365
2026-02-18T08:00:00Z,1.36635,1.36678,1.36583,1.36663,5208
2026-02-18T09:00:00Z,1.36662,1.36670,1.36513,1.36553,4873
2026-02-18T10:00:00Z,1.36554,1.36591,1.36475,1.36556,3980
2026-02-18T11:00:00Z,1.36554,1.36562,1.36411,1.36416,3119
2026-02-18T12:00:00Z,1.36416,1.36479,1.36368,1.36479,2874
2026-02-18T13:00:00Z,1.36482,1.36684,1.36401,1.36678,5584
2026-02-18T14:00:00Z,1.36678,1.36783,1.36627,1.36666,9586
2026-02-18T15:00:00Z,1.36668,1.36732,1.36602,1.36655,9609
2026-02-18T16:00:00Z,1.36653,1.36778,1.36590,1.36756,6483
2026-02-18T17:00:00Z,1.36755,1.36874,1.36728,1.36795,5301
2026-02-18T18:00:00Z,1.36795,1.36968,1.36772,1.36896,5537
2026-02-18T19:00:00Z,1.36892,1.36999,1.36873,1.36972,8553
2026-02-18T20:00:00Z,1.36972,1.36986,1.36912,1.36977,5149
2026-02-18T21:00:00Z,1.36978,1.36996,1.36942,1.36947,2181
2026-02-18T22:00:00Z,1.36949,1.36949,1.36876,1.36914,875
2026-02-18T23:00:00Z,1.36913,1.36973,1.36913,1.36965,966
2026-02-19T00:00:00Z,1.36965,1.37007,1.36940,1.36983,3275
2026-02-19T01:00:00Z,1.36982,1.36983,1.36886,1.36889,5574
2026-02-19T02:00:00Z,1.36890,1.36921,1.36864,1.36899,4357
2026-02-19T03:00:00Z,1.36899,1.36977,1.36880,1.36966,2985
2026-02-19T04:00:00Z,1.36967,1.37038,1.36958,1.37022,2721
2026-02-19T05:00:00Z,1.37022,1.37040,1.37013,1.37015,2406
2026-02-19T06:00:00Z,1.37015,1.37020,1.36850,1.36874,5457
2026-02-19T07:00:00Z,1.36873,1.36899,1.36769,1.36807,3548
2026-02-19T08:00:00Z,1.36810,1.36856,1.36754,1.36759,3425
2026-02-19T09:00:00Z,1.36758,1.36780,1.36711,1.36733,3482
2026-02-19T10:00:00Z,1.36734,1.36904,1.36672,1.36809,5252
2026-02-19T11:00:00Z,1.36809,1.36926,1.36789,1.36910,2780
2026-02-19T12:00:00Z,1.36911,1.36962,1.36826,1.36932,2660
2026-02-19T13:00:00Z,1.36930,1.37062,1.36851,1.36852,7060
2026-02-19T14:00:00Z,1.36853,1.37143,1.36847,1.37059,13333
2026-02-19T15:00:00Z,1.37060,1.37102,1.36756,1.36828,12225
2026-02-19T16:00:00Z,1.36828,1.37035,1.36790,1.37014,8470
2026-02-19T17:00:00Z,1.37012,1.37019,1.36903,1.36957,6080
2026-02-19T18:00:00Z,1.36958,1.36986,1.36888,1.36927,4317
2026-02-19T19:00:00Z,1.36925,1.37069,1.36904,1.37014,3784
2026-02-19T20:00:00Z,1.37012,1.37015,1.36928,1.36949,4285
2026-02-19T21:00:00Z,1.36951,1.36953,1.36785,1.36787,2375
2026-02-19T22:00:00Z,1.36787,1.36828,1.36769,1.36801,715
2026-02-19T23:00:00Z,1.36786,1.36877,1.36777,1.36876,2641
2026-02-20T00:00:00Z,1.36875,1.36914,1.36850,1.36866,3482
2026-02-20T01:00:00Z,1.36866,1.37019,1.36856,1.36972,9126
2026-02-20T02:00:00Z,1.36971,1.37022,1.36949,1.36989,8997
2026-02-20T03:00:00Z,1.36991,1.36991,1.36891,1.36919,4275
2026-02-20T04:00:00Z,1.36918,1.36942,1.36873,1.36935,2618
2026-02-20T05:00:00Z,1.36934,1.36935,1.36836,1.36854,3704
2026-02-20T06:00:00Z,1.36854,1.36893,1.36844,1.36860,3148
2026-02-20T07:00:00Z,1.36858,1.36980,1.36802,1.36973,3068
2026-02-20T08:00:00Z,1.36974,1.37024,1.36873,1.36912,5612
2026-02-20T09:00:00Z,1.36914,1.36917,1.36818,1.36892,3188
2026-02-20T10:00:00Z,1.36891,1.36941,1.36838,1.36880,3531
2026-02-20T11:00:00Z,1.36880,1.36914,1.36809,1.36855,3445
2026-02-20T12:00:00Z,1.36853,1.36938,1.36819,1.36911,3550
2026-02-20T13:00:00Z,1.36910,1.36980,1.36826,1.36888,7080
2026-02-20T14:00:00Z,1.36888,1.37052,1.36865,1.37001,7452
2026-02-20T15:00:00Z,1.37002,1.37103,1.36693,1.36758,32301
2026-02-20T16:00:00Z,1.36758,1.36991,1.36734,1.36888,15224
2026-02-20T17:00:00Z,1.36887,1.37037,1.36825,1.36861,11786
2026-02-20T18:00:00Z,1.36860,1.36928,1.36707,1.36779,10192
2026-02-20T19:00:00Z,1.36780,1.36915,1.36762,1.36878,7068
2026-02-20T20:00:00Z,1.36875,1.36903,1.36805,1.36834,5740
2026-02-20T21:00:00Z,1.36832,1.36847,1.36687,1.36774,6438
2026-02-22T22:00:00Z,1.36676,1.36757,1.36656,1.36746,794
2026-02-22T23:00:00Z,1.36740,1.36786,1.36480,1.36491,5773
2026-02-23T00:00:00Z,1.36492,1.36612,1.36491,1.36567,8114
2026-02-23T01:00:00Z,1.36566,1.36653,1.36560,1.36638,9330
2026-02-23T02:00:00Z,1.36639,1.36674,1.36598,1.36643,8302
2026-02-23T03:00:00Z,1.36642,1.36732,1.36639,1.36692,5773
2026-02-23T04:00:00Z,1.36693,1.36719,1.36684,1.36700,5108
2026-02-23T05:00:00Z,1.36700,1.36740,1.36674,1.36686,4626
2026-02-23T06:00:00Z,1.36688,1.36712,1.36615,1.36661,4180
2026-02-23T07:00:00Z,1.36660,1.36731,1.36653,1.36682,3814
2026-02-23T08:00:00Z,1.36684,1.36724,1.36617,1.36634,5177
2026-02-23T09:00:00Z,1.36634,1.36712,1.36617,1.36701,3088
2026-02-23T10:00:00Z,1.36701,1.36766,1.36701,1.36744,3838
2026-02-23T11:00:00Z,1.36744,1.36871,1.36731,1.36854,3980
2026-02-23T12:00:00Z,1.36858,1.36997,1.36858,1.36908,7293
2026-02-23T13:00:00Z,1.36909,1.36980,1.36777,1.36778,14121
2026-02-23T14:00:00Z,1.36777,1.36827,1.36670,1.36750,14307
2026-02-23T15:00:00Z,1.36750,1.36893,1.36706,1.36872,11341
2026-02-23T16:00:00Z,1.36872,1.36941,1.36798,1.36856,11184
2026-02-23T17:00:00Z,1.36855,1.36964,1.36820,1.36898,7051
2026-02-23T18:00:00Z,1.36896,1.36955,1.36870,1.36915,5318
2026-02-23T19:00:00Z,1.36918,1.36987,1.36888,1.36957,4326
2026-02-23T20:00:00Z,1.36958,1.37017,1.36945,1.37015,3067
2026-02-23T21:00:00Z,1.37016,1.37038,1.36946,1.36961,1924
2026-02-23T22:00:00Z,1.36951,1.36956,1.36835,1.36916,895
2026-02-23T23:00:00Z,1.36923,1.36972,1.36914,1.36937,1730
2026-02-24T00:00:00Z,1.36938,1.37001,1.36912,1.36988,3387
2026-02-24T01:00:00Z,1.36989,1.37171,1.36988,1.37060,6983
2026-02-24T02:00:00Z,1.37057,1.37074,1.36990,1.36994,5207
2026-02-24T03:00:00Z,1.36994,1.37056,1.36957,1.37050,4604
2026-02-24T04:00:00Z,1.37050,1.37092,1.37033,1.37069,3669
2026-02-24T05:00:00Z,1.37068,1.37080,1.36976,1.36983,5387
2026-02-24T06:00:00Z,1.36984,1.37012,1.36958,1.36974,3494
2026-02-24T07:00:00Z,1.36976,1.37074,1.36976,1.37033,5111
2026-02-24T08:00:00Z,1.37034,1.37077,1.36967,1.37036,4724
2026-02-24T09:00:00Z,1.37037,1.37037,1.36956,1.36975,2985
2026-02-24T10:00:00Z,1.36974,1.37037,1.36956,1.37034,3279
2026-02-24T11:00:00Z,1.37033,1.37130,1.37022,1.37111,2443
2026-02-24T12:00:00Z,1.37111,1.37172,1.37079,1.37122,3805
2026-02-24T13:00:00Z,1.37124,1.37164,1.37051,1.37137,8553
2026-02-24T14:00:00Z,1.37137,1.37245,1.37118,1.37163,12955
2026-02-24T15:00:00Z,1.37161,1.37214,1.37098,1.37147,9800
2026-02-24T16:00:00Z,1.37147,1.37164,1.37007,1.37034,6227
2026-02-24T17:00:00Z,1.37033,1.37085,1.37003,1.37046,3478
2026-02-24T18:00:00Z,1.37046,1.37054,1.37005,1.37034,2559
2026-02-24T19:00:00Z,1.37035,1.37063,1.36967,1.37031,2450
2026-02-24T20:00:00Z,1.37033,1.37048,1.36939,1.37027,2208
2026-02-24T21:00:00Z,1.37025,1.37057,1.36972,1.36980,1630
2026-02-24T22:00:00Z,1.36980,1.37009,1.36887,1.36943,413
2026-02-24T23:00:00Z,1.36998,1.37028,1.36979,1.37027,1314
2026-02-25T00:00:00Z,1.37028,1.37054,1.36950,1.36960,5205
2026-02-25T01:00:00Z,1.36960,1.36991,1.36923,1.36985,4729
2026-02-25T02:00:00Z,1.36986,1.36989,1.36835,1.36839,6146
2026-02-25T03:00:00Z,1.36838,1.36916,1.36806,1.36881,6817
2026-02-25T04:00:00Z,1.36885,1.36902,1.36838,1.36846,3501
2026-02-25T05:00:00Z,1.36846,1.36852,1.36753,1.36767,5398
2026-02-25T06:00:00Z,1.36765,1.36821,1.36747,1.36749,4876
2026-02-25T07:00:00Z,1.36751,1.36832,1.36738,1.36831,3166
2026-02-25T08:00:00Z,1.36830,1.36913,1.36796,1.36904,2667
2026-02-25T09:00:00Z,1.36906,1.36968,1.36890,1.36916,3779
2026-02-25T10:00:00Z,1.36916,1.36982,1.36881,1.36963,4614
2026-02-25T11:00:00Z,1.36966,1.37063,1.36965,1.37024,4313
2026-02-25T12:00:00Z,1.37025,1.37027,1.36886,1.36896,3163
2026-02-25T13:00:00Z,1.36898,1.37012,1.36842,1.37000,5359
2026-02-25T14:00:00Z,1.37000,1.37044,1.36902,1.36981,6343
2026-02-25T15:00:00Z,1.36984,1.36984,1.36783,1.36806,8689
2026-02-25T16:00:00Z,1.36807,1.36872,1.36743,1.36855,4804
2026-02-25T17:00:00Z,1.36852,1.36862,1.36763,1.36835,4933
2026-02-25T18:00:00Z,1.36834,1.36854,1.36742,1.36808,2727
2026-02-25T19:00:00Z,1.36808,1.36832,1.36750,1.36773,1799
2026-02-25T20:00:00Z,1.36774,1.36847,1.36763,1.36790,2577
2026-02-25T21:00:00Z,1.36791,1.36823,1.36724,1.36743,1795
2026-02-25T22:00:00Z,1.36738,1.36757,1.36699,1.36732,938
2026-02-25T23:00:00Z,1.36736,1.36766,1.36725,1.36756,1524
2026-02-26T00:00:00Z,1.36755,1.36763,1.36700,1.36713,2741
2026-02-26T01:00:00Z,1.36715,1.36722,1.36611,1.36616,5288
2026-02-26T02:00:00Z,1.36616,1.36722,1.36585,1.36698,4480
2026-02-26T03:00:00Z,1.36697,1.36729,1.36667,1.36724,4758
2026-02-26T04:00:00Z,1.36723,1.36751,1.36691,1.36697,3338
2026-02-26T05:00:00Z,1.36699,1.36714,1.36633,1.36649,5048
2026-02-26T06:00:00Z,1.36650,1.36693,1.36590,1.36624,5271
2026-02-26T07:00:00Z,1.36627,1.36721,1.36596,1.36607,4616
2026-02-26T08:00:00Z,1.36607,1.36784,1.36602,1.36762,5879
2026-02-26T09:00:00Z,1.36761,1.36783,1.36725,1.36772,2596
2026-02-26T10:00:00Z,1.36773,1.36834,1.36752,1.36803,1905
2026-02-26T11:00:00Z,1.36802,1.36861,1.36745,1.36848,2198
2026-02-26T12:00:00Z,1.36850,1.36881,1.36763,1.36774,2711
2026-02-26T13:00:00Z,1.36773,1.36911,1.36716,1.36868,4116
2026-02-26T14:00:00Z,1.36874,1.36935,1.36826,1.36878,7874
2026-02-26T15:00:00Z,1.36879,1.37117,1.36827,1.36841,16007
2026-02-26T16:00:00Z,1.36841,1.36898,1.36790,1.36842,5401
2026-02-26T17:00:00Z,1.36839,1.37008,1.36817,1.36989,4818
2026-02-26T18:00:00Z,1.36988,1.37025,1.36848,1.36884,5430
2026-02-26T19:00:00Z,1.36880,1.36896,1.36801,1.36816,2799
2026-02-26T20:00:00Z,1.36816,1.36857,1.36777,1.36800,2260
2026-02-26T21:00:00Z,1.36800,1.36846,1.36784,1.36801,2023
2026-02-26T22:00:00Z,1.36798,1.36812,1.36682,1.36766,1227
2026-02-26T23:00:00Z,1.36770,1.36806,1.36757,1.36760,1559
2026-02-27T00:00:00Z,1.36761,1.36811,1.36729,1.36787,4470
2026-02-27T01:00:00Z,1.36787,1.36815,1.36741,1.36794,5820
2026-02-27T02:00:00Z,1.36792,1.36792,1.36715,1.36720,5462
2026-02-27T03:00:00Z,1.36721,1.36727,1.36686,1.36703,4145
2026-02-27T04:00:00Z,1.36703,1.36711,1.36636,1.36652,4242
2026-02-27T05:00:00Z,1.36654,1.36681,1.36622,1.36632,4095
2026-02-27T06:00:00Z,1.36630,1.36699,1.36617,1.36681,4232
2026-02-27T07:00:00Z,1.36682,1.36741,1.36670,1.36705,3259
2026-02-27T08:00:00Z,1.36704,1.36737,1.36648,1.36717,3978
2026-02-27T09:00:00Z,1.36717,1.36771,1.36662,1.36687,4221
2026-02-27T10:00:00Z,1.36686,1.36769,1.36668,1.36732,4128
2026-02-27T11:00:00Z,1.36732,1.36773,1.36693,1.36721,2976
2026-02-27T12:00:00Z,1.36721,1.36742,1.36639,1.36724,2435
2026-02-27T13:00:00Z,1.36725,1.36844,1.36621,1.36740,9206
2026-02-27T14:00:00Z,1.36735,1.36748,1.36507,1.36617,9354
2026-02-27T15:00:00Z,1.36615,1.36659,1.36272,1.36375,12888
2026-02-27T16:00:00Z,1.36374,1.36406,1.36284,1.36332,8037
2026-02-27T17:00:00Z,1.36331,1.36351,1.36248,1.36296,6034
2026-02-27T18:00:00Z,1.36295,1.36331,1.36252,1.36291,4815
2026-02-27T19:00:00Z,1.36292,1.36347,1.36265,1.36318,5084
2026-02-27T20:00:00Z,1.36318,1.36402,1.36297,1.36397,3736
2026-02-27T21:00:00Z,1.36396,1.36514,1.36393,1.36402,5980
2026-03-01T22:00:00Z,1.36460,1.36540,1.36313,1.36403,4959
2026-03-01T23:00:00Z,1.36413,1.36728,1.36413,1.36683,7299
2026-03-02T00:00:00Z,1.36684,1.36732,1.36526,1.36529,9494
2026-03-02T01:00:00Z,1.36531,1.36549,1.36417,1.36459,8169
2026-03-02T02:00:00Z,1.36458,1.36556,1.36448,1.36472,7786
2026-03-02T03:00:00Z,1.36472,1.36482,1.36402,1.36451,5771
2026-03-02T04:00:00Z,1.36452,1.36514,1.36447,1.36486,7254
2026-03-02T05:00:00Z,1.36486,1.36589,1.36486,1.36585,6307
2026-03-02T06:00:00Z,1.36585,1.36629,1.36526,1.36598,8277
2026-03-02T07:00:00Z,1.36598,1.36670,1.36567,1.36573,6053
2026-03-02T08:00:00Z,1.36574,1.36862,1.36547,1.36674,6714
2026-03-02T09:00:00Z,1.36674,1.36693,1.36416,1.36522,4696
2026-03-02T10:00:00Z,1.36522,1.36530,1.36401,1.36504,4560
2026-03-02T11:00:00Z,1.36503,1.36604,1.36498,1.36576,3791
2026-03-02T12:00:00Z,1.36578,1.36674,1.36498,1.36652,5359
2026-03-02T13:00:00Z,1.36650,1.36850,1.36603,1.36834,8037
2026-03-02T14:00:00Z,1.36835,1.36882,1.36651,1.36746,13032
2026-03-02T15:00:00Z,1.36741,1.37037,1.36717,1.37003,11667
2026-03-02T16:00:00Z,1.37006,1.37184,1.37002,1.37068,10627
2026-03-02T17:00:00Z,1.37069,1.37152,1.36976,1.37018,6494
2026-03-02T18:00:00Z,1.37018,1.37113,1.36931,1.36966,4044
2026-03-02T19:00:00Z,1.36967,1.36973,1.36597,1.36615,4699
2026-03-02T20:00:00Z,1.36615,1.36892,1.36607,1.36733,9991
2026-03-02T21:00:00Z,1.36734,1.36812,1.36655,1.36722,2894
2026-03-02T22:00:00Z,1.36712,1.36738,1.36698,1.36721,2764
2026-03-02T23:00:00Z,1.36720,1.36762,1.36696,1.36718,1110
2026-03-03T00:00:00Z,1.36717,1.36760,1.36680,1.36690,3349
2026-03-03T01:00:00Z,1.36690,1.36709,1.36604,1.36685,6053
2026-03-03T02:00:00Z,1.36685,1.36763,1.36597,1.36635,12539
2026-03-03T03:00:00Z,1.36633,1.36701,1.36620,1.36672,5282
2026-03-03T04:00:00Z,1.36671,1.36730,1.36638,1.36714,7299
2026-03-03T05:00:00Z,1.36715,1.36794,1.36635,1.36757,6621
2026-03-03T06:00:00Z,1.36757,1.36832,1.36701,1.36718,4675
2026-03-03T07:00:00Z,1.36716,1.36807,1.36668,1.36786,5460
2026-03-03T08:00:00Z,1.36792,1.36992,1.36771,1.36944,8071
2026-03-03T09:00:00Z,1.36942,1.37104,1.36863,1.36996,13320
2026-03-03T10:00:00Z,1.36996,1.37113,1.36921,1.37108,7235
2026-03-03T11:00:00Z,1.37108,1.37217,1.37025,1.37025,7354
2026-03-03T12:00:00Z,1.37025,1.37044,1.36817,1.36856,7467
2026-03-03T13:00:00Z,1.36859,1.37092,1.36827,1.37075,9461
2026-03-03T14:00:00Z,1.37076,1.37356,1.36960,1.37327,13733
2026-03-03T15:00:00Z,1.37328,1.37526,1.36960,1.37032,22005
2026-03-03T16:00:00Z,1.37031,1.37052,1.36585,1.36640,17461
2026-03-03T17:00:00Z,1.36641,1.36792,1.36639,1.36761,11450
2026-03-03T18:00:00Z,1.36760,1.36764,1.36528,1.36686,7658
2026-03-03T19:00:00Z,1.36685,1.36749,1.36568,1.36701,9194
2026-03-03T20:00:00Z,1.36699,1.36713,1.36591,1.36695,12020
2026-03-03T21:00:00Z,1.36695,1.36855,1.36669,1.36780,3900
2026-03-03T22:00:00Z,1.36775,1.36793,1.36645,1.36746,631
2026-03-03T23:00:00Z,1.36746,1.36809,1.36715,1.36747,3929
2026-03-04T00:00:00Z,1.36748,1.36836,1.36707,1.36826,8570
2026-03-04T01:00:00Z,1.36824,1.36995,1.36797,1.36891,9737
2026-03-04T02:00:00Z,1.36891,1.36905,1.36792,1.36859,11886
2026-03-04T03:00:00Z,1.36860,1.36928,1.36797,1.36803,11270
2026-03-04T04:00:00Z,1.36802,1.36943,1.36769,1.36911,10075
2026-03-04T05:00:00Z,1.36913,1.36945,1.36855,1.36886,10226
2026-03-04T06:00:00Z,1.36886,1.36943,1.36706,1.36738,8077
2026-03-04T07:00:00Z,1.36738,1.36762,1.36479,1.36593,9810
2026-03-04T08:00:00Z,1.36592,1.36796,1.36568,1.36778,10401
2026-03-04T09:00:00Z,1.36776,1.36811,1.36669,1.36750,8202
2026-03-04T10:00:00Z,1.36750,1.36768,1.36471,1.36696,12248
2026-03-04T11:00:00Z,1.36697,1.36723,1.36580,1.36640,4160
2026-03-04T12:00:00Z,1.36640,1.36752,1.36437,1.36731,5720
2026-03-04T13:00:00Z,1.36732,1.36786,1.36531,1.36709,12023
2026-03-04T14:00:00Z,1.36710,1.36901,1.36698,1.36814,11217
2026-03-04T15:00:00Z,1.36812,1.36838,1.36551,1.36591,11606
2026-03-04T16:00:00Z,1.36589,1.36723,1.36509,1.36622,7829
2026-03-04T17:00:00Z,1.36621,1.36722,1.36581,1.36633,4678
2026-03-04T18:00:00Z,1.36632,1.36727,1.36627,1.36681,3229
2026-03-04T19:00:00Z,1.36681,1.36681,1.36341,1.36345,4173
2026-03-04T20:00:00Z,1.36346,1.36438,1.36266,1.36432,6189
2026-03-04T21:00:00Z,1.36432,1.36447,1.36299,1.36418,2651
2026-03-04T22:00:00Z,1.36417,1.36462,1.36348,1.36432,986
2026-03-04T23:00:00Z,1.36431,1.36460,1.36363,1.36434,2438
2026-03-05T00:00:00Z,1.36435,1.36462,1.36328,1.36343,4599
2026-03-05T01:00:00Z,1.36344,1.36459,1.36299,1.36448,10971
2026-03-05T02:00:00Z,1.36449,1.36474,1.36396,1.36433,7794
2026-03-05T03:00:00Z,1.36433,1.36561,1.36404,1.36532,8245
2026-03-05T04:00:00Z,1.36534,1.36570,1.36457,1.36496,7375
2026-03-05T05:00:00Z,1.36499,1.36636,1.36477,1.36633,7048
2026-03-05T06:00:00Z,1.36631,1.36673,1.36527,1.36538,8359
2026-03-05T07:00:00Z,1.36536,1.36538,1.36396,1.36446,7792
2026-03-05T08:00:00Z,1.36447,1.36703,1.36447,1.36589,8938
2026-03-05T09:00:00Z,1.36589,1.36604,1.36268,1.36460,12182
2026-03-05T10:00:00Z,1.36462,1.36502,1.36395,1.36421,4896
2026-03-05T11:00:00Z,1.36418,1.36447,1.36287,1.36320,4512
2026-03-05T12:00:00Z,1.36318,1.36360,1.36212,1.36212,5103
2026-03-05T13:00:00Z,1.36213,1.36485,1.36150,1.36476,10077
2026-03-05T14:00:00Z,1.36478,1.36573,1.36378,1.36404,15793
2026-03-05T15:00:00Z,1.36403,1.36922,1.36344,1.36814,15054
2026-03-05T16:00:00Z,1.36815,1.37157,1.36788,1.36937,13178
2026-03-05T17:00:00Z,1.36935,1.37104,1.36895,1.37009,13195
2026-03-05T18:00:00Z,1.37010,1.37049,1.36865,1.36881,10954
2026-03-05T19:00:00Z,1.36880,1.37016,1.36833,1.36914,7085
2026-03-05T20:00:00Z,1.36913,1.36950,1.36648,1.36691,12651
2026-03-05T21:00:00Z,1.36692,1.36775,1.36648,1.36724,2728
2026-03-05T22:00:00Z,1.36698,1.36766,1.36694,1.36729,2196
2026-03-05T23:00:00Z,1.36732,1.36739,1.36674,1.36714,2378
2026-03-06T00:00:00Z,1.36713,1.36713,1.36584,1.36642,4400
2026-03-06T01:00:00Z,1.36640,1.36653,1.36563,1.36570,6667
2026-03-06T02:00:00Z,1.36570,1.36621,1.36527,1.36612,9005
2026-03-06T03:00:00Z,1.36613,1.36621,1.36563,1.36570,7319
2026-03-06T04:00:00Z,1.36570,1.36615,1.36540,1.36599,4695
2026-03-06T05:00:00Z,1.36600,1.36643,1.36562,1.36636,5523
2026-03-06T06:00:00Z,1.36636,1.36650,1.36569,1.36596,6850
2026-03-06T07:00:00Z,1.36597,1.36608,1.36475,1.36505,3170
2026-03-06T08:00:00Z,1.36504,1.36540,1.36442,1.36528,4622
2026-03-06T09:00:00Z,1.36527,1.36724,1.36523,1.36690,8333
2026-03-06T10:00:00Z,1.36693,1.36716,1.36575,1.36602,4158
2026-03-06T11:00:00Z,1.36601,1.36698,1.36533,1.36678,4578
2026-03-06T12:00:00Z,1.36676,1.36696,1.36509,1.36579,4124
2026-03-06T13:00:00Z,1.36583,1.36595,1.36284,1.36484,15345
2026-03-06T14:00:00Z,1.36484,1.36741,1.36464,1.36487,16680
2026-03-06T15:00:00Z,1.36488,1.36489,1.36158,1.36252,20707
2026-03-06T16:00:00Z,1.36253,1.36276,1.35967,1.35985,12493
2026-03-06T17:00:00Z,1.35988,1.36128,1.35947,1.35983,11128
2026-03-06T18:00:00Z,1.35980,1.36008,1.35805,1.35879,9142
2026-03-06T19:00:00Z,1.35878,1.35899,1.35795,1.35853,5376
2026-03-06T20:00:00Z,1.35852,1.35895,1.35754,1.35856,7258
2026-03-06T21:00:00Z,1.35856,1.35888,1.35605,1.35664,7104
2026-03-08T21:00:00Z,1.35996,1.36052,1.35967,1.36047,469
2026-03-08T22:00:00Z,1.36047,1.36047,1.35513,1.35906,8283
2026-03-08T23:00:00Z,1.35905,1.36055,1.35867,1.36009,6509
2026-03-09T00:00:00Z,1.36009,1.36061,1.35944,1.35986,11008
2026-03-09T01:00:00Z,1.35986,1.36055,1.35895,1.35905,11164
2026-03-09T02:00:00Z,1.35903,1.35910,1.35663,1.35679,15952
2026-03-09T03:00:00Z,1.35680,1.35690,1.35576,1.35584,11662
2026-03-09T04:00:00Z,1.35583,1.35606,1.35506,1.35521,5402
2026-03-09T05:00:00Z,1.35522,1.35556,1.35453,1.35519,11539
2026-03-09T06:00:00Z,1.35518,1.35584,1.35474,1.35568,6150
2026-03-09T07:00:00Z,1.35567,1.35634,1.35486,1.35515,6531
2026-03-09T08:00:00Z,1.35514,1.35809,1.35490,1.35740,9561
2026-03-09T09:00:00Z,1.35739,1.35780,1.35462,1.35495,8319
2026-03-09T10:00:00Z,1.35494,1.35515,1.35350,1.35384,7122
2026-03-09T11:00:00Z,1.35382,1.35425,1.35252,1.35372,5321
2026-03-09T12:00:00Z,1.35371,1.35705,1.35371,1.35679,7116
2026-03-09T13:00:00Z,1.35677,1.35782,1.35527,1.35724,13162
2026-03-09T14:00:00Z,1.35724,1.35829,1.35643,1.35785,22026
2026-03-09T15:00:00Z,1.35783,1.35901,1.35693,1.35744,12633
2026-03-09T16:00:00Z,1.35744,1.35782,1.35632,1.35701,6876
2026-03-09T17:00:00Z,1.35699,1.35855,1.35699,1.35842,6041
2026-03-09T18:00:00Z,1.35843,1.35911,1.35757,1.35799,5089
2026-03-09T19:00:00Z,1.35797,1.35873,1.35600,1.35816,18608
2026-03-09T20:00:00Z,1.35817,1.35981,1.35799,1.35856,5322
2026-03-09T21:00:00Z,1.35846,1.35874,1.35734,1.35745,742
2026-03-09T22:00:00Z,1.35745,1.35865,1.35718,1.35798,1769
2026-03-09T23:00:00Z,1.35798,1.35889,1.35772,1.35868,2585
2026-03-10T00:00:00Z,1.35868,1.35944,1.35840,1.35909,6967
2026-03-10T01:00:00Z,1.35907,1.36011,1.35885,1.35952,9822
2026-03-10T02:00:00Z,1.35951,1.35983,1.35928,1.35968,10001
2026-03-10T03:00:00Z,1.35966,1.35986,1.35938,1.35969,7561
2026-03-10T04:00:00Z,1.35970,1.36003,1.35883,1.35887,6897
2026-03-10T05:00:00Z,1.35887,1.35923,1.35838,1.35838,6133
2026-03-10T06:00:00Z,1.35835,1.35845,1.35726,1.35745,5546
2026-03-10T07:00:00Z,1.35745,1.35767,1.35652,1.35694,5057
2026-03-10T08:00:00Z,1.35695,1.35860,1.35693,1.35835,9607
2026-03-10T09:00:00Z,1.35833,1.35844,1.35690,1.35818,5575
2026-03-10T10:00:00Z,1.35819,1.35850,1.35718,1.35722,4540
2026-03-10T11:00:00Z,1.35723,1.35727,1.35579,1.35636,5279
2026-03-10T12:00:00Z,1.35638,1.35727,1.35417,1.35491,11867
2026-03-10T13:00:00Z,1.35491,1.35785,1.35459,1.35759,11698
2026-03-10T14:00:00Z,1.35757,1.35798,1.35458,1.35518,11169
2026-03-10T15:00:00Z,1.35517,1.35691,1.35475,1.35626,9155
2026-03-10T16:00:00Z,1.35627,1.35742,1.35627,1.35703,5919
2026-03-10T17:00:00Z,1.35702,1.35750,1.35655,1.35689,7730
2026-03-10T18:00:00Z,1.35689,1.35813,1.35673,1.35774,11655
2026-03-10T19:00:00Z,1.35774,1.35835,1.35734,1.35802,8564
2026-03-10T20:00:00Z,1.35802,1.35853,1.35771,1.35784,4088
2026-03-10T21:00:00Z,1.35785,1.35808,1.35719,1.35749,846
2026-03-10T22:00:00Z,1.35760,1.35841,1.35760,1.35819,1191
2026-03-10T23:00:00Z,1.35819,1.35847,1.35809,1.35828,1804
2026-03-11T00:00:00Z,1.35827,1.35845,1.35754,1.35785,3827
2026-03-11T01:00:00Z,1.35784,1.35803,1.35688,1.35714,3439
2026-03-11T02:00:00Z,1.35712,1.35725,1.35550,1.35594,4340
2026-03-11T03:00:00Z,1.35596,1.35609,1.35550,1.35573,4431
2026-03-11T04:00:00Z,1.35572,1.35612,1.35556,1.35585,3568
2026-03-11T05:00:00Z,1.35585,1.35610,1.35563,1.35600,3169
2026-03-11T06:00:00Z,1.35598,1.35672,1.35543,1.35646,4705
2026-03-11T07:00:00Z,1.35648,1.35729,1.35621,1.35629,5466
2026-03-11T08:00:00Z,1.35629,1.35728,1.35597,1.35636,7004
2026-03-11T09:00:00Z,1.35634,1.35743,1.35608,1.35723,5547
2026-03-11T10:00:00Z,1.35725,1.35760,1.35673,1.35688,3428
2026-03-11T11:00:00Z,1.35690,1.35741,1.35598,1.35666,4340
2026-03-11T12:00:00Z,1.35665,1.35929,1.35619,1.35919,7921
2026-03-11T13:00:00Z,1.35919,1.35958,1.35842,1.35868,7599
2026-03-11T14:00:00Z,1.35865,1.35893,1.35731,1.35798,13509
2026-03-11T15:00:00Z,1.35798,1.36036,1.35756,1.36025,7457
2026-03-11T16:00:00Z,1.36026,1.36047,1.35832,1.35834,5780
2026-03-11T17:00:00Z,1.35833,1.35902,1.35744,1.35843,5917
2026-03-11T18:00:00Z,1.35842,1.35931,1.35831,1.35905,5033
2026-03-11T19:00:00Z,1.35906,1.35952,1.35837,1.35844,3651
2026-03-11T20:00:00Z,1.35844,1.35939,1.35831,1.35917,2326
2026-03-11T21:00:00Z,1.35917,1.35930,1.35831,1.35858,688
2026-03-11T22:00:00Z,1.35857,1.35989,1.35847,1.35985,2300
2026-03-11T23:00:00Z,1.35986,1.36039,1.35964,1.36024,6693
2026-03-12T00:00:00Z,1.36025,1.36044,1.35857,1.35868,6185
2026-03-12T01:00:00Z,1.35868,1.35918,1.35780,1.35817,7067
2026-03-12T02:00:00Z,1.35816,1.35917,1.35777,1.35878,8365
2026-03-12T03:00:00Z,1.35877,1.35910,1.35867,1.35887,3826
2026-03-12T04:00:00Z,1.35887,1.35926,1.35862,1.35918,3710
2026-03-12T05:00:00Z,1.35917,1.35938,1.35859,1.35929,4131
2026-03-12T06:00:00Z,1.35931,1.35931,1.35828,1.35865,4719
2026-03-12T07:00:00Z,1.35865,1.35912,1.35815,1.35863,3689
2026-03-12T08:00:00Z,1.35863,1.35895,1.35763,1.35872,5100
2026-03-12T09:00:00Z,1.35871,1.35897,1.35836,1.35856,5092
2026-03-12T10:00:00Z,1.35857,1.35931,1.35854,1.35914,5442
2026-03-12T11:00:00Z,1.35914,1.35950,1.35864,1.35918,3577
2026-03-12T12:00:00Z,1.35916,1.36040,1.35910,1.36003,4235
2026-03-12T13:00:00Z,1.36002,1.36110,1.35939,1.36079,12770
2026-03-12T14:00:00Z,1.36077,1.36144,1.35971,1.36120,13401
2026-03-12T15:00:00Z,1.36121,1.36336,1.36102,1.36189,16257
2026-03-12T16:00:00Z,1.36190,1.36308,1.36110,1.36278,9104
2026-03-12T17:00:00Z,1.36279,1.36318,1.36191,1.36253,8888
2026-03-12T18:00:00Z,1.36253,1.36279,1.36187,1.36221,5894
2026-03-12T19:00:00Z,1.36221,1.36295,1.36205,1.36290,4403
2026-03-12T20:00:00Z,1.36289,1.36423,1.36260,1.36371,4302
2026-03-12T21:00:00Z,1.36370,1.36423,1.36273,1.36339,703
2026-03-12T22:00:00Z,1.36350,1.36451,1.36338,1.36348,1661
2026-03-12T23:00:00Z,1.36351,1.36362,1.36293,1.36322,3196
2026-03-13T00:00:00Z,1.36323,1.36326,1.36222,1.36256,6432
2026-03-13T01:00:00Z,1.36257,1.36331,1.36205,1.36310,5190
2026-03-13T02:00:00Z,1.36310,1.36391,1.36257,1.36365,6761
2026-03-13T03:00:00Z,1.36366,1.36421,1.36350,1.36380,6848
2026-03-13T04:00:00Z,1.36381,1.36467,1.36379,1.36445,3765
2026-03-13T05:00:00Z,1.36446,1.36473,1.36426,1.36460,3178
2026-03-13T06:00:00Z,1.36459,1.36543,1.36429,1.36524,6310
2026-03-13T07:00:00Z,1.36526,1.36652,1.36510,1.36601,5871
2026-03-13T08:00:00Z,1.36600,1.36714,1.36596,1.36628,6534
2026-03-13T09:00:00Z,1.36628,1.36705,1.36597,1.36697,4729
2026-03-13T10:00:00Z,1.36697,1.36793,1.36641,1.36776,4177
2026-03-13T11:00:00Z,1.36777,1.36832,1.36649,1.36658,5379
2026-03-13T12:00:00Z,1.36657,1.37032,1.36546,1.37017,11748
2026-03-13T13:00:00Z,1.37019,1.37153,1.36803,1.36849,10482
2026-03-13T14:00:00Z,1.36850,1.37142,1.36829,1.37128,9372
2026-03-13T15:00:00Z,1.37129,1.37366,1.37118,1.37362,12467
2026-03-13T16:00:00Z,1.37362,1.37412,1.37288,1.37330,10033
2026-03-13T17:00:00Z,1.37330,1.37384,1.37271,1.37319,7345
2026-03-13T18:00:00Z,1.37319,1.37345,1.37182,1.37220,6607
2026-03-13T19:00:00Z,1.37219,1.37327,1.37211,1.37283,3857
2026-03-13T20:00:00Z,1.37284,1.37334,1.37127,1.37143,6916
2026-03-15T21:00:00Z,1.37172,1.37271,1.37159,1.37252,1244
2026-03-15T22:00:00Z,1.37247,1.37247,1.37122,1.37131,3774
2026-03-15T23:00:00Z,1.37130,1.37154,1.37084,1.37122,5171
2026-03-16T00:00:00Z,1.37121,1.37125,1.37056,1.37065,7003
2026-03-16T01:00:00Z,1.37065,1.37144,1.37045,1.37050,9012
2026-03-16T02:00:00Z,1.37051,1.37118,1.37040,1.37118,6456
2026-03-16T03:00:00Z,1.37117,1.37137,1.37078,1.37117,3869
2026-03-16T04:00:00Z,1.37118,1.37164,1.37095,1.37163,3841
2026-03-16T05:00:00Z,1.37163,1.37184,1.37136,1.37164,5611
2026-03-16T06:00:00Z,1.37166,1.37225,1.37109,1.37184,4467
2026-03-16T07:00:00Z,1.37185,1.37194,1.37032,1.37069,5189
2026-03-16T08:00:00Z,1.37067,1.37084,1.36976,1.36982,6933
2026-03-16T09:00:00Z,1.36983,1.37041,1.36974,1.36992,7475
2026-03-16T10:00:00Z,1.36992,1.37019,1.36905,1.36925,4311
2026-03-16T11:00:00Z,1.36926,1.36930,1.36786,1.36826,4910
2026-03-16T12:00:00Z,1.36828,1.36940,1.36735,1.36918,6272
2026-03-16T13:00:00Z,1.36918,1.36918,1.36580,1.36610,7762
2026-03-16T14:00:00Z,1.36614,1.36759,1.36525,1.36666,8462
2026-03-16T15:00:00Z,1.36664,1.36873,1.36608,1.36836,7738
2026-03-16T16:00:00Z,1.36838,1.36885,1.36736,1.36783,7267
2026-03-16T17:00:00Z,1.36782,1.36837,1.36705,1.36795,6313
2026-03-16T18:00:00Z,1.36793,1.36793,1.36685,1.36743,5434
2026-03-16T19:00:00Z,1.36741,1.36866,1.36714,1.36799,5781
2026-03-16T20:00:00Z,1.36797,1.36854,1.36776,1.36850,3116
2026-03-16T21:00:00Z,1.36848,1.36872,1.36791,1.36794,10703
2026-03-16T22:00:00Z,1.36788,1.36875,1.36783,1.36866,724
2026-03-16T23:00:00Z,1.36866,1.36885,1.36850,1.36864,1670
2026-03-17T00:00:00Z,1.36865,1.36901,1.36848,1.36861,4319
2026-03-17T01:00:00Z,1.36860,1.36894,1.36819,1.36825,7441
2026-03-17T02:00:00Z,1.36824,1.36866,1.36811,1.36863,4246
2026-03-17T03:00:00Z,1.36860,1.36880,1.36796,1.36864,7060
2026-03-17T04:00:00Z,1.36866,1.36887,1.36812,1.36843,4339
2026-03-17T05:00:00Z,1.36840,1.36984,1.36828,1.36974,4598
2026-03-17T06:00:00Z,1.36973,1.37009,1.36933,1.36940,5674
2026-03-17T07:00:00Z,1.36941,1.36955,1.36843,1.36894,5019
2026-03-17T08:00:00Z,1.36892,1.36961,1.36862,1.36886,6508
2026-03-17T09:00:00Z,1.36885,1.36986,1.36858,1.36954,5332
2026-03-17T10:00:00Z,1.36956,1.37018,1.36911,1.37013,3355
2026-03-17T11:00:00Z,1.37013,1.37063,1.36950,1.37061,3921
2026-03-17T12:00:00Z,1.37063,1.37094,1.36947,1.37023,7398
2026-03-17T13:00:00Z,1.37022,1.37090,1.36868,1.36894,10974
2026-03-17T14:00:00Z,1.36893,1.37016,1.36800,1.37007,10627
2026-03-17T15:00:00Z,1.37007,1.37223,1.36983,1.37068,14148
2026-03-17T16:00:00Z,1.37068,1.37132,1.36992,1.37002,7317
2026-03-17T17:00:00Z,1.37001,1.37010,1.36892,1.36910,4112
2026-03-17T18:00:00Z,1.36909,1.36991,1.36901,1.36963,2292
2026-03-17T19:00:00Z,1.36961,1.36991,1.36940,1.36970,2177
2026-03-17T20:00:00Z,1.36969,1.36969,1.36886,1.36898,3142
2026-03-17T21:00:00Z,1.36897,1.36914,1.36871,1.36877,485
2026-03-17T22:00:00Z,1.36871,1.36927,1.36871,1.36920,1489
2026-03-17T23:00:00Z,1.36923,1.36933,1.36892,1.36894,2054
2026-03-18T00:00:00Z,1.36894,1.36962,1.36871,1.36921,9642
2026-03-18T01:00:00Z,1.36921,1.36964,1.36867,1.36924,4696
2026-03-18T02:00:00Z,1.36923,1.36982,1.36898,1.36972,5645
2026-03-18T03:00:00Z,1.36973,1.37000,1.36950,1.36986,4292
2026-03-18T04:00:00Z,1.36986,1.37011,1.36968,1.36997,3566
2026-03-18T05:00:00Z,1.36996,1.37003,1.36971,1.36983,4287
2026-03-18T06:00:00Z,1.36983,1.37089,1.36979,1.37054,3853
2026-03-18T07:00:00Z,1.37055,1.37123,1.37040,1.37092,3362
2026-03-18T08:00:00Z,1.37092,1.37105,1.36945,1.36958,9388
2026-03-18T09:00:00Z,1.36959,1.36993,1.36902,1.36914,5708
2026-03-18T10:00:00Z,1.36916,1.37002,1.36883,1.36974,2024
2026-03-18T11:00:00Z,1.36974,1.36983,1.36877,1.36882,6302
2026-03-18T12:00:00Z,1.36881,1.37081,1.36876,1.37080,10933
2026-03-18T13:00:00Z,1.37082,1.37237,1.37068,1.37107,14308
2026-03-18T14:00:00Z,1.37108,1.37150,1.36968,1.36968,13163
2026-03-18T15:00:00Z,1.36969,1.37071,1.36934,1.36970,7624
2026-03-18T16:00:00Z,1.36971,1.37028,1.36874,1.36975,6397
2026-03-18T17:00:00Z,1.36975,1.37070,1.36939,1.36979,6861
2026-03-18T18:00:00Z,1.36979,1.37173,1.36912,1.37172,10463
2026-03-18T19:00:00Z,1.37171,1.37256,1.37132,1.37249,5795
2026-03-18T20:00:00Z,1.37249,1.37373,1.37243,1.37303,3383
2026-03-18T21:00:00Z,1.37303,1.37314,1.37194,1.37202,854
2026-03-18T22:00:00Z,1.37202,1.37375,1.37202,1.37346,1806
2026-03-18T23:00:00Z,1.37348,1.37356,1.37282,1.37301,4308
2026-03-19T00:00:00Z,1.37300,1.37311,1.37193,1.37194,7483
2026-03-19T01:00:00Z,1.37195,1.37212,1.37141,1.37210,6255
2026-03-19T02:00:00Z,1.37211,1.37253,1.37135,1.37228,7502
2026-03-19T03:00:00Z,1.37227,1.37263,1.37193,1.37262,3960
2026-03-19T04:00:00Z,1.37263,1.37294,1.37257,1.37270,3186
2026-03-19T05:00:00Z,1.37273,1.37311,1.37244,1.37296,4271
2026-03-19T06:00:00Z,1.37296,1.37309,1.37220,1.37227,6579
2026-03-19T07:00:00Z,1.37227,1.37384,1.37210,1.37360,7529
2026-03-19T08:00:00Z,1.37358,1.37469,1.37304,1.37440,8292
2026-03-19T09:00:00Z,1.37441,1.37441,1.37273,1.37338,6405
2026-03-19T10:00:00Z,1.37338,1.37421,1.37317,1.37342,4221
2026-03-19T11:00:00Z,1.37344,1.37436,1.37305,1.37357,5570
2026-03-19T12:00:00Z,1.37360,1.37480,1.37258,1.37259,10502
2026-03-19T13:00:00Z,1.37259,1.37374,1.37145,1.37180,20432
2026-03-19T14:00:00Z,1.37182,1.37401,1.37053,1.37285,16820
2026-03-19T15:00:00Z,1.37287,1.37323,1.37143,1.37225,12190
2026-03-19T16:00:00Z,1.37225,1.37352,1.37100,1.37280,12011
2026-03-19T17:00:00Z,1.37280,1.37342,1.37144,1.37268,7512
2026-03-19T18:00:00Z,1.37271,1.37372,1.37248,1.37248,9594
2026-03-19T19:00:00Z,1.37247,1.37391,1.37043,1.37378,12959
2026-03-19T20:00:00Z,1.37376,1.37446,1.37339,1.37377,2780
2026-03-19T21:00:00Z,1.37377,1.37377,1.37291,1.37334,621
2026-03-19T22:00:00Z,1.37334,1.37404,1.37328,1.37362,1537
2026-03-19T23:00:00Z,1.37363,1.37376,1.37316,1.37371,2502
2026-03-20T00:00:00Z,1.37372,1.37422,1.37354,1.37369,2721
2026-03-20T01:00:00Z,1.37371,1.37389,1.37287,1.37325,8041
2026-03-20T02:00:00Z,1.37324,1.37342,1.37245,1.37252,5526
2026-03-20T03:00:00Z,1.37252,1.37323,1.37246,1.37308,4796
2026-03-20T04:00:00Z,1.37307,1.37328,1.37287,1.37316,3172
2026-03-20T05:00:00Z,1.37316,1.37391,1.37289,1.37390,6448
2026-03-20T06:00:00Z,1.37389,1.37394,1.37330,1.37373,4701
2026-03-20T07:00:00Z,1.37373,1.37403,1.37197,1.37210,5264
2026-03-20T08:00:00Z,1.37209,1.37246,1.37125,1.37156,6470
2026-03-20T09:00:00Z,1.37157,1.37200,1.37106,1.37189,6634
2026-03-20T10:00:00Z,1.37190,1.37285,1.37190,1.37248,9550
2026-03-20T11:00:00Z,1.37248,1.37256,1.37090,1.37090,8051
2026-03-20T12:00:00Z,1.37090,1.37205,1.36991,1.37138,8048
2026-03-20T13:00:00Z,1.37136,1.37242,1.37034,1.37240,10039
2026-03-20T14:00:00Z,1.37244,1.37416,1.37154,1.37296,12403
2026-03-20T15:00:00Z,1.37298,1.37474,1.37169,1.37319,14255
2026-03-20T16:00:00Z,1.37323,1.37343,1.37124,1.37138,9765
2026-03-20T17:00:00Z,1.37138,1.37193,1.37040,1.37073,10233
2026-03-20T18:00:00Z,1.37070,1.37282,1.37036,1.37255,7921
2026-03-20T19:00:00Z,1.37257,1.37273,1.37082,1.37186,9289
2026-03-20T20:00:00Z,1.37187,1.37251,1.37140,1.37219,8733
2026-03-22T21:00:00Z,1.37078,1.37210,1.37078,1.37134,1264
2026-03-22T22:00:00Z,1.37124,1.37320,1.37111,1.37250,2908
2026-03-22T23:00:00Z,1.37250,1.37260,1.37043,1.37092,8102
2026-03-23T00:00:00Z,1.37092,1.37254,1.37067,1.37199,11496
2026-03-23T01:00:00Z,1.37197,1.37199,1.37033,1.37085,13770
2026-03-23T02:00:00Z,1.37085,1.37179,1.37000,1.37146,8247
2026-03-23T03:00:00Z,1.37147,1.37175,1.37103,1.37161,6979
2026-03-23T04:00:00Z,1.37159,1.37181,1.37132,1.37156,4813
2026-03-23T05:00:00Z,1.37157,1.37317,1.37146,1.37311,5706
2026-03-23T06:00:00Z,1.37311,1.37361,1.37286,1.37311,9398
2026-03-23T07:00:00Z,1.37313,1.37388,1.37236,1.37296,6745
2026-03-23T08:00:00Z,1.37298,1.37338,1.37240,1.37338,5834
2026-03-23T09:00:00Z,1.37338,1.37515,1.37331,1.37493,4366
2026-03-23T10:00:00Z,1.37494,1.37544,1.37471,1.37524,5334
2026-03-23T11:00:00Z,1.37522,1.37522,1.36830,1.37315,44883
2026-03-23T12:00:00Z,1.37315,1.37440,1.36904,1.36969,19073
2026-03-23T13:00:00Z,1.36969,1.37274,1.36951,1.37090,21247
2026-03-23T14:00:00Z,1.37089,1.37094,1.36695,1.36988,17196
2026-03-23T15:00:00Z,1.36988,1.37234,1.36905,1.37183,15091
2026-03-23T16:00:00Z,1.37183,1.37289,1.37115,1.37238,10132
2026-03-23T17:00:00Z,1.37235,1.37301,1.37141,1.37275,7557
2026-03-23T18:00:00Z,1.37273,1.37352,1.37131,1.37164,6993
2026-03-23T19:00:00Z,1.37165,1.37285,1.37151,1.37218,4868
2026-03-23T20:00:00Z,1.37218,1.37307,1.37210,1.37248,3041
2026-03-23T21:00:00Z,1.37246,1.37254,1.37129,1.37198,712
2026-03-23T22:00:00Z,1.37198,1.37279,1.37186,1.37228,1155
2026-03-23T23:00:00Z,1.37229,1.37313,1.37220,1.37302,2390
2026-03-24T00:00:00Z,1.37302,1.37423,1.37289,1.37417,6266
2026-03-24T01:00:00Z,1.37415,1.37496,1.37392,1.37489,5723
2026-03-24T02:00:00Z,1.37488,1.37521,1.37455,1.37515,9372
2026-03-24T03:00:00Z,1.37514,1.37547,1.37495,1.37542,5819
2026-03-24T04:00:00Z,1.37541,1.37588,1.37534,1.37561,5090
2026-03-24T05:00:00Z,1.37560,1.37598,1.37530,1.37558,8017
2026-03-24T06:00:00Z,1.37558,1.37614,1.37497,1.37503,11385
2026-03-24T07:00:00Z,1.37506,1.37514,1.37250,1.37401,11145
2026-03-24T08:00:00Z,1.37403,1.37535,1.37395,1.37472,10270
2026-03-24T09:00:00Z,1.37471,1.37528,1.37381,1.37406,5127
2026-03-24T10:00:00Z,1.37404,1.37433,1.37298,1.37327,7049
2026-03-24T11:00:00Z,1.37327,1.37471,1.37282,1.37461,5807
2026-03-24T12:00:00Z,1.37462,1.37562,1.37358,1.37434,6620
2026-03-24T13:00:00Z,1.37435,1.37612,1.37366,1.37425,16042
2026-03-24T14:00:00Z,1.37426,1.37573,1.37292,1.37497,17286
2026-03-24T15:00:00Z,1.37498,1.37652,1.37464,1.37648,13175
2026-03-24T16:00:00Z,1.37648,1.37743,1.37578,1.37720,8199
2026-03-24T17:00:00Z,1.37721,1.37850,1.37715,1.37784,9719
2026-03-24T18:00:00Z,1.37787,1.37830,1.37623,1.37697,8441
2026-03-24T19:00:00Z,1.37698,1.37698,1.37605,1.37639,5474
2026-03-24T20:00:00Z,1.37640,1.37684,1.37410,1.37621,9979
2026-03-24T21:00:00Z,1.37607,1.37631,1.37535,1.37544,1483
2026-03-24T22:00:00Z,1.37555,1.37663,1.37555,1.37609,1856
2026-03-24T23:00:00Z,1.37610,1.37653,1.37572,1.37577,2331
2026-03-25T00:00:00Z,1.37578,1.37631,1.37496,1.37557,5508
2026-03-25T01:00:00Z,1.37560,1.37666,1.37539,1.37665,7167
2026-03-25T02:00:00Z,1.37663,1.37739,1.37652,1.37720,6855
2026-03-25T03:00:00Z,1.37720,1.37738,1.37683,1.37688,5749
2026-03-25T04:00:00Z,1.37689,1.37726,1.37684,1.37724,5308
2026-03-25T05:00:00Z,1.37725,1.37775,1.37721,1.37774,8187
2026-03-25T06:00:00Z,1.37774,1.37801,1.37753,1.37772,5690
2026-03-25T07:00:00Z,1.37774,1.37844,1.37710,1.37827,5242
2026-03-25T08:00:00Z,1.37826,1.37867,1.37772,1.37863,7562
2026-03-25T09:00:00Z,1.37865,1.37951,1.37844,1.37934,5494
2026-03-25T10:00:00Z,1.37934,1.37980,1.37912,1.37933,5854
2026-03-25T11:00:00Z,1.37932,1.37997,1.37882,1.37951,5792
2026-03-25T12:00:00Z,1.37949,1.37998,1.37845,1.37855,9072
2026-03-25T13:00:00Z,1.37857,1.37926,1.37724,1.37894,9344
2026-03-25T14:00:00Z,1.37894,1.37975,1.37817,1.37939,9978
2026-03-25T15:00:00Z,1.37938,1.38072,1.37913,1.37985,12975
2026-03-25T16:00:00Z,1.37985,1.38094,1.37966,1.38088,9714
2026-03-25T17:00:00Z,1.38088,1.38098,1.37989,1.38092,6653
2026-03-25T18:00:00Z,1.38094,1.38153,1.38054,1.38105,6283
2026-03-25T19:00:00Z,1.38106,1.38190,1.38106,1.38160,4779
2026-03-25T20:00:00Z,1.38162,1.38165,1.38061,1.38099,3484
2026-03-25T21:00:00Z,1.38096,1.38109,1.37998,1.38064,713
2026-03-25T22:00:00Z,1.38064,1.38152,1.38063,1.38120,882
2026-03-25T23:00:00Z,1.38119,1.38159,1.38112,1.38143,2805
2026-03-26T00:00:00Z,1.38147,1.38244,1.38137,1.38222,3542
2026-03-26T01:00:00Z,1.38222,1.38240,1.38172,1.38227,7364
2026-03-26T02:00:00Z,1.38226,1.38313,1.38226,1.38275,5174
2026-03-26T03:00:00Z,1.38274,1.38282,1.38163,1.38192,5883
2026-03-26T04:00:00Z,1.38193,1.38211,1.38170,1.38198,4047
2026-03-26T05:00:00Z,1.38199,1.38261,1.38192,1.38251,5492
2026-03-26T06:00:00Z,1.38256,1.38265,1.38169,1.38174,8984
2026-03-26T07:00:00Z,1.38174,1.38313,1.38174,1.38298,5660
2026-03-26T08:00:00Z,1.38297,1.38380,1.38287,1.38311,5583
2026-03-26T09:00:00Z,1.38313,1.38341,1.38265,1.38281,7819
2026-03-26T10:00:00Z,1.38281,1.38320,1.38241,1.38309,5264
2026-03-26T11:00:00Z,1.38308,1.38495,1.38283,1.38462,3190
2026-03-26T12:00:00Z,1.38461,1.38490,1.38328,1.38348,8453
2026-03-26T13:00:00Z,1.38350,1.38370,1.38208,1.38277,10449
2026-03-26T14:00:00Z,1.38275,1.38404,1.38247,1.38358,10978
2026-03-26T15:00:00Z,1.38358,1.38574,1.38342,1.38505,9591
2026-03-26T16:00:00Z,1.38505,1.38544,1.38407,1.38430,7903
2026-03-26T17:00:00Z,1.38431,1.38549,1.38428,1.38544,5814
2026-03-26T18:00:00Z,1.38544,1.38557,1.38454,1.38463,6308
2026-03-26T19:00:00Z,1.38462,1.38572,1.38453,1.38572,5174
2026-03-26T20:00:00Z,1.38569,1.38655,1.38362,1.38586,9284
2026-03-26T21:00:00Z,1.38586,1.38597,1.38532,1.38570,1272
2026-03-26T22:00:00Z,1.38603,1.38603,1.38493,1.38510,734
2026-03-26T23:00:00Z,1.38510,1.38534,1.38445,1.38532,1550
2026-03-27T00:00:00Z,1.38531,1.38615,1.38492,1.38582,6315
2026-03-27T01:00:00Z,1.38582,1.38603,1.38464,1.38471,11363
2026-03-27T02:00:00Z,1.38471,1.38525,1.38447,1.38525,5363
2026-03-27T03:00:00Z,1.38523,1.38558,1.38517,1.38546,5003
2026-03-27T04:00:00Z,1.38547,1.38557,1.38497,1.38509,5098
2026-03-27T05:00:00Z,1.38509,1.38547,1.38473,1.38543,6558
2026-03-27T06:00:00Z,1.38545,1.38556,1.38475,1.38524,7297
2026-03-27T07:00:00Z,1.38525,1.38535,1.38473,1.38506,4054
2026-03-27T08:00:00Z,1.38507,1.38528,1.38455,1.38511,4201
2026-03-27T09:00:00Z,1.38511,1.38555,1.38466,1.38526,4437
2026-03-27T10:00:00Z,1.38527,1.38541,1.38473,1.38502,5291
2026-03-27T11:00:00Z,1.38502,1.38665,1.38466,1.38646,4022
2026-03-27T12:00:00Z,1.38647,1.38702,1.38600,1.38679,6668
2026-03-27T13:00:00Z,1.38681,1.38705,1.38558,1.38628,9850
2026-03-27T14:00:00Z,1.38627,1.38678,1.38504,1.38646,10481
2026-03-27T15:00:00Z,1.38647,1.38805,1.38588,1.38805,11759
2026-03-27T16:00:00Z,1.38805,1.38838,1.38714,1.38800,8372
2026-03-27T17:00:00Z,1.38801,1.38903,1.38754,1.38862,6259
2026-03-27T18:00:00Z,1.38867,1.38914,1.38812,1.38857,8836
2026-03-27T19:00:00Z,1.38857,1.38904,1.38784,1.38816,7072
2026-03-27T20:00:00Z,1.38819,1.38951,1.38817,1.38922,5049
2026-03-29T21:00:00Z,1.38776,1.38850,1.38767,1.38795,1169
2026-03-29T22:00:00Z,1.38804,1.39026,1.38804,1.38997,2353
2026-03-29T23:00:00Z,1.38998,1.39024,1.38947,1.38995,5395
2026-03-30T00:00:00Z,1.38994,1.39017,1.38863,1.38864,14250
2026-03-30T01:00:00Z,1.38864,1.38924,1.38854,1.38892,8122
2026-03-30T02:00:00Z,1.38892,1.38947,1.38891,1.38924,6804
2026-03-30T03:00:00Z,1.38923,1.38936,1.38886,1.38920,6822
2026-03-30T04:00:00Z,1.38917,1.38932,1.38886,1.38930,4140
2026-03-30T05:00:00Z,1.38929,1.38937,1.38855,1.38883,7971
2026-03-30T06:00:00Z,1.38883,1.38994,1.38875,1.38915,4052
2026-03-30T07:00:00Z,1.38917,1.39099,1.38916,1.39091,3922
2026-03-30T08:00:00Z,1.39091,1.39187,1.39078,1.39179,6276
2026-03-30T09:00:00Z,1.39179,1.39189,1.39110,1.39140,5090
2026-03-30T10:00:00Z,1.39140,1.39157,1.39067,1.39112,4662
2026-03-30T11:00:00Z,1.39112,1.39220,1.39109,1.39215,7290
2026-03-30T12:00:00Z,1.39211,1.39260,1.39165,1.39252,6235
2026-03-30T13:00:00Z,1.39251,1.39312,1.39216,1.39308,8550
2026-03-30T14:00:00Z,1.39307,1.39449,1.39192,1.39207,12445
2026-03-30T15:00:00Z,1.39201,1.39293,1.39143,1.39224,9641
2026-03-30T16:00:00Z,1.39223,1.39276,1.39165,1.39236,7287
2026-03-30T17:00:00Z,1.39236,1.39270,1.39176,1.39219,6931
2026-03-30T18:00:00Z,1.39219,1.39275,1.39164,1.39263,5458
2026-03-30T19:00:00Z,1.39263,1.39307,1.39236,1.39294,5146
2026-03-30T20:00:00Z,1.39296,1.39304,1.39216,1.39216,3575
2026-03-30T21:00:00Z,1.39198,1.39248,1.39146,1.39246,716
2026-03-30T22:00:00Z,1.39239,1.39286,1.39228,1.39274,714
2026-03-30T23:00:00Z,1.39276,1.39304,1.39254,1.39283,3244
2026-03-31T00:00:00Z,1.39282,1.39353,1.39205,1.39215,9899
2026-03-31T01:00:00Z,1.39214,1.39265,1.39162,1.39211,12338
2026-03-31T02:00:00Z,1.39211,1.39255,1.39205,1.39251,8443
2026-03-31T03:00:00Z,1.39251,1.39316,1.39244,1.39307,5226
2026-03-31T04:00:00Z,1.39306,1.39318,1.39266,1.39307,5963
2026-03-31T05:00:00Z,1.39305,1.39334,1.39253,1.39282,11118
2026-03-31T06:00:00Z,1.39282,1.39374,1.39280,1.39336,5211
2026-03-31T07:00:00Z,1.39336,1.39389,1.39314,1.39329,4856
2026-03-31T08:00:00Z,1.39333,1.39414,1.39324,1.39396,4663
2026-03-31T09:00:00Z,1.39396,1.39434,1.39377,1.39418,3966
2026-03-31T10:00:00Z,1.39421,1.39444,1.39414,1.39437,3388
2026-03-31T11:00:00Z,1.39438,1.39446,1.39307,1.39352,6574
2026-03-31T12:00:00Z,1.39351,1.39417,1.39308,1.39392,7366
2026-03-31T13:00:00Z,1.39391,1.39416,1.39237,1.39295,8782
2026-03-31T14:00:00Z,1.39290,1.39665,1.39259,1.39552,14438
2026-03-31T15:00:00Z,1.39549,1.39662,1.39487,1.39538,15069
2026-03-31T16:00:00Z,1.39539,1.39565,1.39257,1.39341,18392
2026-03-31T17:00:00Z,1.39339,1.39392,1.39281,1.39364,12159
2026-03-31T18:00:00Z,1.39365,1.39375,1.39313,1.39342,6761
2026-03-31T19:00:00Z,1.39344,1.39376,1.39090,1.39134,7426
2026-03-31T20:00:00Z,1.39133,1.39165,1.39056,1.39130,5364
2026-03-31T21:00:00Z,1.39139,1.39139,1.39064,1.39067,861
2026-03-31T22:00:00Z,1.39066,1.39179,1.39064,1.39110,854
2026-03-31T23:00:00Z,1.39110,1.39121,1.39022,1.39031,2367
2026-04-01T00:00:00Z,1.39032,1.39067,1.38963,1.38982,7803
2026-04-01T01:00:00Z,1.38980,1.39110,1.38976,1.39073,5948
2026-04-01T02:00:00Z,1.39072,1.39089,1.38991,1.39017,6487
2026-04-01T03:00:00Z,1.39018,1.39116,1.39009,1.39102,3771
2026-04-01T04:00:00Z,1.39100,1.39110,1.39070,1.39087,2891
2026-04-01T05:00:00Z,1.39086,1.39101,1.38979,1.39051,5539
2026-04-01T06:00:00Z,1.39050,1.39109,1.38923,1.38925,5938
2026-04-01T07:00:00Z,1.38924,1.39102,1.38919,1.39079,7388
2026-04-01T08:00:00Z,1.39079,1.39092,1.38861,1.38897,6597
2026-04-01T09:00:00Z,1.38894,1.38968,1.38855,1.38885,5039
2026-04-01T10:00:00Z,1.38885,1.38961,1.38872,1.38935,3585
2026-04-01T11:00:00Z,1.38936,1.38986,1.38885,1.38909,3749
2026-04-01T12:00:00Z,1.38908,1.38983,1.38827,1.38948,9083
2026-04-01T13:00:00Z,1.38947,1.38993,1.38766,1.38957,13518
2026-04-01T14:00:00Z,1.38959,1.39042,1.38859,1.38867,11742
2026-04-01T15:00:00Z,1.38866,1.38926,1.38759,1.38762,10689
2026-04-01T16:00:00Z,1.38763,1.38863,1.38734,1.38743,7524
2026-04-01T17:00:00Z,1.38744,1.38872,1.38718,1.38869,6547
2026-04-01T18:00:00Z,1.38867,1.38953,1.38854,1.38944,9195
2026-04-01T19:00:00Z,1.38944,1.38947,1.38788,1.38843,7230
2026-04-01T20:00:00Z,1.38846,1.38847,1.38720,1.38721,3704
2026-04-01T21:00:00Z,1.38710,1.38790,1.38682,1.38734,7168
2026-04-01T22:00:00Z,1.38742,1.38765,1.38715,1.38741,1669
2026-04-01T23:00:00Z,1.38740,1.38774,1.38723,1.38773,2286
2026-04-02T00:00:00Z,1.38773,1.38791,1.38702,1.38722,7188
2026-04-02T01:00:00Z,1.38720,1.38997,1.38686,1.38946,16634
2026-04-02T02:00:00Z,1.38945,1.39011,1.38904,1.39002,11733
2026-04-02T03:00:00Z,1.39002,1.39106,1.38989,1.39094,5798
2026-04-02T04:00:00Z,1.39095,1.39146,1.39091,1.39111,3792
2026-04-02T05:00:00Z,1.39110,1.39183,1.39091,1.39169,7034
2026-04-02T06:00:00Z,1.39167,1.39170,1.39086,1.39129,7706
2026-04-02T07:00:00Z,1.39129,1.39169,1.39055,1.39098,4635
2026-04-02T08:00:00Z,1.39099,1.39212,1.39092,1.39203,3871
2026-04-02T09:00:00Z,1.39203,1.39209,1.39124,1.39170,4037
2026-04-02T10:00:00Z,1.39171,1.39287,1.39153,1.39287,2855
2026-04-02T11:00:00Z,1.39285,1.39330,1.39161,1.39178,3214
2026-04-02T12:00:00Z,1.39173,1.39220,1.39063,1.39180,5524
2026-04-02T13:00:00Z,1.39179,1.39233,1.39146,1.39182,9051
2026-04-02T14:00:00Z,1.39181,1.39260,1.39086,1.39234,10751
2026-04-02T15:00:00Z,1.39233,1.39249,1.39111,1.39167,10103
2026-04-02T16:00:00Z,1.39167,1.39241,1.39111,1.39135,7242
2026-04-02T17:00:00Z,1.39135,1.39176,1.39093,1.39144,3374
2026-04-02T18:00:00Z,1.39142,1.39213,1.39132,1.39171,2821
2026-04-02T19:00:00Z,1.39171,1.39223,1.39143,1.39178,3081
2026-04-02T20:00:00Z,1.39177,1.39207,1.39138,1.39155,2875
2026-04-02T21:00:00Z,1.39152,1.39181,1.39069,1.39143,1454
2026-04-02T22:00:00Z,1.39143,1.39216,1.39140,1.39188,282
2026-04-02T23:00:00Z,1.39189,1.39192,1.39161,1.39174,497
2026-04-03T00:00:00Z,1.39173,1.39219,1.39147,1.39203,1118
2026-04-03T01:00:00Z,1.39204,1.39235,1.39201,1.39231,1281
2026-04-03T02:00:00Z,1.39231,1.39251,1.39213,1.39238,1672
2026-04-03T03:00:00Z,1.39237,1.39252,1.39225,1.39242,1339
2026-04-03T04:00:00Z,1.39242,1.39247,1.39232,1.39246,2320
2026-04-03T05:00:00Z,1.39247,1.39264,1.39212,1.39213,1464
2026-04-03T06:00:00Z,1.39214,1.39245,1.39194,1.39206,827
2026-04-03T07:00:00Z,1.39207,1.39225,1.39180,1.39201,1319
2026-04-03T08:00:00Z,1.39202,1.39243,1.39191,1.39192,1490
2026-04-03T09:00:00Z,1.39193,1.39207,1.39173,1.39200,2601
2026-04-03T10:00:00Z,1.39199,1.39237,1.39192,1.39233,1583
2026-04-03T11:00:00Z,1.39235,1.39263,1.39221,1.39257,1550
2026-04-03T12:00:00Z,1.39256,1.39423,1.39254,1.39393,4907
2026-04-03T13:00:00Z,1.39393,1.39424,1.39347,1.39374,4418
2026-04-03T14:00:00Z,1.39373,1.39488,1.39371,1.39446,3431
2026-04-03T15:00:00Z,1.39446,1.39448,1.39398,1.39418,4923
2026-04-03T16:00:00Z,1.39420,1.39448,1.39402,1.39415,2350
2026-04-03T17:00:00Z,1.39415,1.39439,1.39402,1.39435,6125
2026-04-03T18:00:00Z,1.39434,1.39442,1.39426,1.39436,2235
2026-04-03T19:00:00Z,1.39437,1.39476,1.39420,1.39457,1017
2026-04-03T20:00:00Z,1.39461,1.39471,1.39308,1.39423,2505
2026-04-05T21:00:00Z,1.39262,1.39350,1.39262,1.39326,707
2026-04-05T22:00:00Z,1.39327,1.39472,1.39327,1.39443,2819
2026-04-05T23:00:00Z,1.39443,1.39473,1.39438,1.39458,1880
2026-04-06T00:00:00Z,1.39457,1.39460,1.39390,1.39439,5004
2026-04-06T01:00:00Z,1.39438,1.39473,1.39426,1.39469,2982
2026-04-06T02:00:00Z,1.39470,1.39470,1.39349,1.39392,6495
2026-04-06T03:00:00Z,1.39391,1.39419,1.39378,1.39384,5117
2026-04-06T04:00:00Z,1.39384,1.39384,1.39359,1.39373,3481
2026-04-06T05:00:00Z,1.39374,1.39392,1.39351,1.39391,3933
2026-04-06T06:00:00Z,1.39391,1.39420,1.39350,1.39350,1905
2026-04-06T07:00:00Z,1.39348,1.39419,1.39175,1.39194,3926
2026-04-06T08:00:00Z,1.39192,1.39226,1.39158,1.39217,4106
2026-04-06T09:00:00Z,1.39216,1.39227,1.39157,1.39207,2717
2026-04-06T10:00:00Z,1.39206,1.39289,1.39170,1.39236,2151
2026-04-06T11:00:00Z,1.39236,1.39255,1.39182,1.39187,2829
2026-04-06T12:00:00Z,1.39186,1.39242,1.39087,1.39108,6784
2026-04-06T13:00:00Z,1.39108,1.39128,1.39019,1.39059,6159
2026-04-06T14:00:00Z,1.39058,1.39168,1.39022,1.39144,13771
2026-04-06T15:00:00Z,1.39144,1.39234,1.39141,1.39151,11859
2026-04-06T16:00:00Z,1.39151,1.39189,1.39104,1.39165,6414
2026-04-06T17:00:00Z,1.39166,1.39232,1.39146,1.39177,6989
2026-04-06T18:00:00Z,1.39178,1.39198,1.39113,1.39174,7832
2026-04-06T19:00:00Z,1.39175,1.39188,1.39133,1.39166,5588
2026-04-06T20:00:00Z,1.39167,1.39178,1.39072,1.39072,2662
2026-04-06T21:00:00Z,1.39053,1.39152,1.39014,1.39062,396
2026-04-06T22:00:00Z,1.39051,1.39114,1.39044,1.39104,481
2026-04-06T23:00:00Z,1.39113,1.39137,1.39086,1.39118,746
2026-04-07T00:00:00Z,1.39119,1.39185,1.39117,1.39185,4206
2026-04-07T01:00:00Z,1.39184,1.39288,1.39156,1.39260,5654
2026-04-07T02:00:00Z,1.39259,1.39294,1.39242,1.39248,4173
2026-04-07T03:00:00Z,1.39247,1.39250,1.39190,1.39200,3907
2026-04-07T04:00:00Z,1.39200,1.39204,1.39149,1.39174,4497
2026-04-07T05:00:00Z,1.39173,1.39237,1.39167,1.39191,8492
2026-04-07T06:00:00Z,1.39190,1.39238,1.39154,1.39204,3125
2026-04-07T07:00:00Z,1.39202,1.39262,1.39178,1.39219,5676
2026-04-07T08:00:00Z,1.39220,1.39220,1.39087,1.39099,9921
2026-04-07T09:00:00Z,1.39100,1.39242,1.39081,1.39180,3061
2026-04-07T10:00:00Z,1.39178,1.39282,1.39173,1.39207,3837
2026-04-07T11:00:00Z,1.39207,1.39232,1.39099,1.39111,2788
2026-04-07T12:00:00Z,1.39109,1.39173,1.39058,1.39143,4728
2026-04-07T13:00:00Z,1.39142,1.39249,1.39138,1.39158,5507
2026-04-07T14:00:00Z,1.39159,1.39208,1.38906,1.39091,10469
2026-04-07T15:00:00Z,1.39091,1.39192,1.39053,1.39057,7585
2026-04-07T16:00:00Z,1.39058,1.39079,1.38988,1.39014,5420
2026-04-07T17:00:00Z,1.39015,1.39036,1.38929,1.39011,4089
2026-04-07T18:00:00Z,1.39010,1.39044,1.38965,1.39023,3722
2026-04-07T19:00:00Z,1.39022,1.39054,1.38886,1.38948,5979
2026-04-07T20:00:00Z,1.38951,1.38958,1.38820,1.38822,4553
2026-04-07T21:00:00Z,1.38831,1.38886,1.38808,1.38855,6641
2026-04-07T22:00:00Z,1.38886,1.38993,1.38553,1.38604,8967
2026-04-07T23:00:00Z,1.38605,1.38613,1.38400,1.38420,9455
2026-04-08T00:00:00Z,1.38419,1.38519,1.38337,1.38485,10270
2026-04-08T01:00:00Z,1.38486,1.38497,1.38317,1.38413,9748
2026-04-08T02:00:00Z,1.38413,1.38430,1.38348,1.38389,6050
2026-04-08T03:00:00Z,1.38388,1.38427,1.38364,1.38391,5207
2026-04-08T04:00:00Z,1.38390,1.38418,1.38327,1.38339,6471
2026-04-08T05:00:00Z,1.38339,1.38364,1.38233,1.38320,10538
2026-04-08T06:00:00Z,1.38325,1.38471,1.38321,1.38433,5189
2026-04-08T07:00:00Z,1.38432,1.38568,1.38415,1.38457,5000
2026-04-08T08:00:00Z,1.38458,1.38659,1.38418,1.38657,5362
2026-04-08T09:00:00Z,1.38658,1.38716,1.38608,1.38713,4302
2026-04-08T10:00:00Z,1.38713,1.38743,1.38623,1.38681,3488
2026-04-08T11:00:00Z,1.38681,1.38715,1.38541,1.38627,5178
2026-04-08T12:00:00Z,1.38628,1.38733,1.38347,1.38409,8636
2026-04-08T13:00:00Z,1.38409,1.38690,1.38391,1.38571,9999
2026-04-08T14:00:00Z,1.38573,1.38598,1.38393,1.38394,10468
2026-04-08T15:00:00Z,1.38395,1.38555,1.38393,1.38539,7138
2026-04-08T16:00:00Z,1.38541,1.38594,1.38416,1.38417,5420
2026-04-08T17:00:00Z,1.38416,1.38526,1.38388,1.38413,6692
2026-04-08T18:00:00Z,1.38418,1.38597,1.38387,1.38557,6025
2026-04-08T19:00:00Z,1.38558,1.38605,1.38365,1.38388,6717
2026-04-08T20:00:00Z,1.38386,1.38453,1.38351,1.38443,3482
2026-04-08T21:00:00Z,1.38407,1.38480,1.38343,1.38417,1444
2026-04-08T22:00:00Z,1.38413,1.38494,1.38409,1.38458,972
2026-04-08T23:00:00Z,1.38459,1.38511,1.38453,1.38508,1638
2026-04-09T00:00:00Z,1.38506,1.38552,1.38498,1.38528,2833
2026-04-09T01:00:00Z,1.38528,1.38589,1.38513,1.38520,4354
2026-04-09T02:00:00Z,1.38520,1.38548,1.38482,1.38492,6033
2026-04-09T03:00:00Z,1.38492,1.38521,1.38480,1.38491,5164
2026-04-09T04:00:00Z,1.38491,1.38492,1.38446,1.38487,3721
2026-04-09T05:00:00Z,1.38487,1.38540,1.38447,1.38509,5900
2026-04-09T06:00:00Z,1.38508,1.38580,1.38507,1.38530,3257
2026-04-09T07:00:00Z,1.38529,1.38601,1.38524,1.38556,3496
2026-04-09T08:00:00Z,1.38557,1.38570,1.38485,1.38489,5971
2026-04-09T09:00:00Z,1.38490,1.38564,1.38490,1.38558,2452
2026-04-09T10:00:00Z,1.38559,1.38569,1.38510,1.38535,2016
2026-04-09T11:00:00Z,1.38536,1.38538,1.38333,1.38354,3870
2026-04-09T12:00:00Z,1.38354,1.38442,1.38301,1.38341,6506
2026-04-09T13:00:00Z,1.38342,1.38345,1.38161,1.38290,7100
2026-04-09T14:00:00Z,1.38290,1.38329,1.38094,1.38236,11002
2026-04-09T15:00:00Z,1.38236,1.38342,1.38057,1.38080,10097
2026-04-09T16:00:00Z,1.38081,1.38189,1.38040,1.38168,5351
2026-04-09T17:00:00Z,1.38171,1.38178,1.38126,1.38134,3561
2026-04-09T18:00:00Z,1.38133,1.38243,1.38128,1.38188,5757
2026-04-09T19:00:00Z,1.38189,1.38200,1.38087,1.38129,6013
2026-04-09T20:00:00Z,1.38128,1.38206,1.38116,1.38122,3637
2026-04-09T21:00:00Z,1.38123,1.38153,1.38100,1.38112,1784
2026-04-09T22:00:00Z,1.38111,1.38183,1.38111,1.38163,877
2026-04-09T23:00:00Z,1.38164,1.38233,1.38160,1.38224,1670
2026-04-10T00:00:00Z,1.38222,1.38264,1.38222,1.38240,3047
2026-04-10T01:00:00Z,1.38241,1.38272,1.38178,1.38201,3654
2026-04-10T02:00:00Z,1.38200,1.38264,1.38193,1.38235,3542
2026-04-10T03:00:00Z,1.38235,1.38244,1.38213,1.38233,2274
2026-04-10T04:00:00Z,1.38231,1.38253,1.38203,1.38247,2291
2026-04-10T05:00:00Z,1.38246,1.38281,1.38243,1.38259,2603
2026-04-10T06:00:00Z,1.38261,1.38311,1.38231,1.38308,3090
2026-04-10T07:00:00Z,1.38307,1.38431,1.38301,1.38428,2341
2026-04-10T08:00:00Z,1.38427,1.38437,1.38351,1.38367,3971
2026-04-10T09:00:00Z,1.38365,1.38411,1.38296,1.38344,6793
2026-04-10T10:00:00Z,1.38342,1.38396,1.38341,1.38377,1953
2026-04-10T11:00:00Z,1.38378,1.38384,1.38223,1.38233,2759
2026-04-10T12:00:00Z,1.38231,1.38267,1.38118,1.38197,8592
2026-04-10T13:00:00Z,1.38199,1.38232,1.38057,1.38160,10266
2026-04-10T14:00:00Z,1.38160,1.38311,1.37987,1.38305,6908
2026-04-10T15:00:00Z,1.38306,1.38352,1.38225,1.38280,4689
2026-04-10T16:00:00Z,1.38282,1.38386,1.38280,1.38335,3646
2026-04-10T17:00:00Z,1.38337,1.38368,1.38281,1.38299,2890
2026-04-10T18:00:00Z,1.38300,1.38362,1.38211,1.38272,6390
2026-04-10T19:00:00Z,1.38273,1.38361,1.38260,1.38359,3009
2026-04-10T20:00:00Z,1.38360,1.38427,1.38338,1.38361,6473
