timestamp,open,high,low,close,volume
2025-01-01T18:00:00Z,2625.09800,2626.00500,2621.47500,2623.55500,0
2025-01-01T19:00:00Z,2623.65500,2627.76500,2622.44800,2625.18500,0
2025-01-01T20:00:00Z,2625.18500,2634.14800,2623.64500,2632.73500,0
2025-01-01T21:00:00Z,2632.73500,2636.29800,2632.14800,2634.49800,0
2025-01-01T22:00:00Z,2634.40400,2635.19800,2632.06500,2633.44800,0
2025-01-01T23:00:00Z,2633.46800,2634.04800,2630.85800,2633.75400,0
2025-01-02T00:00:00Z,2633.75400,2636.28400,2632.86400,2633.87400,0
2025-01-02T01:00:00Z,2633.74800,2635.24400,2630.99800,2633.97400,0
2025-01-02T02:00:00Z,2633.95400,2635.89800,2632.79800,2635.84800,0
2025-01-02T03:00:00Z,2635.70400,2637.55800,2630.98500,2636.34800,0
2025-01-02T04:00:00Z,2636.36500,2639.78500,2635.85800,2635.91500,0
2025-01-02T05:00:00Z,2635.91500,2646.09800,2632.53500,2642.48800,0
2025-01-02T06:00:00Z,2642.51800,2644.46800,2640.06400,2641.66500,0
2025-01-02T07:00:00Z,2641.70400,2646.26500,2640.14800,2643.16500,0
2025-01-02T08:00:00Z,2643.15500,2647.13500,2635.86500,2642.76400,0
2025-01-02T09:00:00Z,2642.75400,2650.97500,2640.13500,2647.48500,0
2025-01-02T10:00:00Z,2647.30400,2655.71500,2644.98500,2653.94800,0
2025-01-02T11:00:00Z,2653.90400,2660.34800,2649.79400,2659.14800,0
2025-01-02T12:00:00Z,2659.14400,2660.37400,2652.34800,2656.39400,0
2025-01-02T13:00:00Z,2656.37500,2658.65800,2653.72500,2655.24500,0
2025-01-02T14:00:00Z,2655.24500,2657.04800,2653.64800,2654.63500,0
2025-01-02T15:00:00Z,2654.56400,2660.37500,2653.98500,2659.59800,0
2025-01-02T16:00:00Z,2659.45500,2660.14800,2656.41500,2657.19500,0
2025-01-02T18:00:00Z,2657.24800,2659.39800,2656.74800,2658.29500,0
2025-01-02T19:00:00Z,2658.27500,2660.98500,2658.26500,2660.65500,0
2025-01-02T20:00:00Z,2660.65500,2662.31500,2656.59800,2659.32500,0
2025-01-02T21:00:00Z,2659.32500,2663.87500,2656.02500,2662.33500,0
2025-01-02T22:00:00Z,2662.33500,2665.18500,2661.10500,2662.15500,0
2025-01-02T23:00:00Z,2662.12500,2664.19500,2661.58500,2662.73500,0
2025-01-03T00:00:00Z,2662.74500,2662.77500,2655.81500,2658.40500,0
2025-01-03T01:00:00Z,2658.39800,2660.16500,2656.48500,2659.41500,0
2025-01-03T02:00:00Z,2659.40500,2659.40500,2651.70800,2654.04500,0
2025-01-03T03:00:00Z,2654.04500,2655.56800,2649.79500,2652.80500,0
2025-01-03T04:00:00Z,2652.80500,2655.79500,2652.69500,2653.52500,0
2025-01-03T05:00:00Z,2653.39500,2657.95500,2652.92800,2657.59500,0
2025-01-03T06:00:00Z,2657.54500,2659.15500,2656.11500,2657.42500,0
2025-01-03T07:00:00Z,2657.41500,2658.22500,2654.63500,2655.08500,0
2025-01-03T08:00:00Z,2655.09500,2656.17500,2643.35500,2649.68500,0
2025-01-03T09:00:00Z,2649.68500,2652.50500,2644.99500,2647.13500,0
2025-01-03T10:00:00Z,2646.18400,2648.06800,2640.83500,2643.75500,0
2025-01-03T11:00:00Z,2643.63500,2647.08500,2639.00000,2639.80500,0
2025-01-03T12:00:00Z,2639.80500,2642.52500,2639.00000,2641.64800,0
2025-01-03T13:00:00Z,2641.67400,2642.18500,2639.59800,2641.78500,0
2025-01-03T14:00:00Z,2641.76500,2642.84400,2639.00000,2639.24800,0
2025-01-03T15:00:00Z,2639.24800,2640.00400,2636.72500,2638.11500,0
2025-01-03T16:00:00Z,2638.11500,2640.55500,2636.62500,2639.89800,0
2025-01-05T18:00:00Z,2639.29800,2642.23500,2638.81500,2640.84800,0
2025-01-05T19:00:00Z,2640.83500,2643.16500,2638.42500,2643.06500,0
2025-01-05T20:00:00Z,2643.03500,2647.27500,2640.61500,2641.18500,0
2025-01-05T21:00:00Z,2641.19500,2645.17500,2639.58500,2644.36500,0
2025-01-05T22:00:00Z,2644.35500,2645.18500,2639.01500,2640.06500,0
2025-01-05T23:00:00Z,2640.05500,2640.60500,2634.18500,2635.29500,0
2025-01-06T00:00:00Z,2635.28500,2636.06500,2631.51000,2633.77500,0
2025-01-06T01:00:00Z,2633.75500,2635.14800,2630.02500,2631.37500,0
2025-01-06T02:00:00Z,2631.33500,2633.61500,2625.03500,2626.70500,0
2025-01-06T03:00:00Z,2626.70500,2632.43500,2625.57500,2631.38500,0
2025-01-06T04:00:00Z,2631.29500,2635.52500,2631.03500,2632.58500,0
2025-01-06T05:00:00Z,2632.58500,2634.87500,2630.77500,2633.59500,0
2025-01-06T06:00:00Z,2633.59500,2649.30500,2632.33500,2645.42500,0
2025-01-06T07:00:00Z,2645.42500,2647.67400,2641.84400,2645.19800,0
2025-01-06T08:00:00Z,2645.06500,2648.66800,2621.66500,2624.04800,0
2025-01-06T09:00:00Z,2624.04800,2634.88400,2614.36500,2631.29800,0
2025-01-06T10:00:00Z,2631.30400,2639.53500,2629.33500,2634.19500,0
2025-01-06T11:00:00Z,2634.27500,2641.14800,2632.38500,2640.59800,0
2025-01-06T12:00:00Z,2640.66500,2640.89800,2634.11500,2636.59500,0
2025-01-06T13:00:00Z,2636.62500,2638.48500,2633.64500,2634.47500,0
2025-01-06T14:00:00Z,2634.51500,2635.31500,2632.78500,2634.16800,0
2025-01-06T15:00:00Z,2634.16500,2635.28500,2632.98500,2634.48500,0
2025-01-06T16:00:00Z,2634.44400,2636.93500,2634.44400,2635.99500,0
2025-01-06T18:00:00Z,2635.61800,2635.96500,2633.39500,2634.46500,0
2025-01-06T19:00:00Z,2634.54800,2635.04800,2632.77500,2634.89500,0
2025-01-06T20:00:00Z,2634.87500,2641.10500,2634.70400,2638.85500,0
2025-01-06T21:00:00Z,2638.84500,2640.04500,2636.72500,2638.49800,0
2025-01-06T22:00:00Z,2638.49800,2640.12500,2637.35500,2639.37800,0
2025-01-06T23:00:00Z,2639.37800,2639.69500,2637.14400,2638.05500,0
2025-01-07T00:00:00Z,2638.05500,2645.65500,2636.85500,2644.40500,0
2025-01-07T01:00:00Z,2644.40500,2646.51500,2639.64800,2640.15500,0
2025-01-07T02:00:00Z,2640.14800,2641.99800,2637.94500,2640.34800,0
2025-01-07T03:00:00Z,2640.34800,2644.62500,2639.88500,2642.48500,0
2025-01-07T04:00:00Z,2642.42500,2644.02500,2640.02500,2641.17500,0
2025-01-07T05:00:00Z,2641.15500,2644.56500,2641.14800,2643.72500,0
2025-01-07T06:00:00Z,2643.71500,2648.47800,2641.88500,2648.25500,0
2025-01-07T07:00:00Z,2648.19800,2652.57500,2647.23400,2651.39500,0
2025-01-07T08:00:00Z,2651.37500,2664.09800,2649.83500,2662.28800,0
2025-01-07T09:00:00Z,2662.29800,2662.89800,2655.56400,2658.40500,0
2025-01-07T10:00:00Z,2658.39500,2658.39500,2642.03500,2647.58500,0
2025-01-07T11:00:00Z,2647.54500,2655.44800,2646.22500,2651.61500,0
2025-01-07T12:00:00Z,2651.59400,2655.84800,2650.10500,2652.38500,0
2025-01-07T13:00:00Z,2652.34500,2652.49500,2647.19500,2649.03500,0
2025-01-07T14:00:00Z,2649.05500,2650.24500,2646.80800,2649.05500,0
2025-01-07T15:00:00Z,2649.05400,2651.28500,2646.96500,2650.19800,0
2025-01-07T16:00:00Z,2650.18500,2650.30400,2647.50500,2648.18500,0
2025-01-07T18:00:00Z,2647.96500,2650.04500,2647.72500,2649.55500,0
2025-01-07T19:00:00Z,2649.46500,2651.37500,2648.43500,2650.43500,0
2025-01-07T20:00:00Z,2650.44500,2650.75500,2646.97500,2648.61500,0
2025-01-07T21:00:00Z,2648.55500,2650.15500,2645.79500,2648.70500,0
2025-01-07T22:00:00Z,2648.66400,2648.66400,2645.39500,2646.61500,0
2025-01-07T23:00:00Z,2646.57500,2648.53500,2645.09500,2646.84800,0
2025-01-08T00:00:00Z,2646.84800,2650.57800,2646.51500,2649.88500,0
2025-01-08T01:00:00Z,2649.84800,2652.84500,2648.81800,2652.02800,0
2025-01-08T02:00:00Z,2652.03500,2654.25500,2651.55500,2652.44800,0
2025-01-08T03:00:00Z,2652.44800,2653.70500,2649.44500,2651.84800,0
2025-01-08T04:00:00Z,2651.74400,2654.87400,2651.59400,2653.34500,0
2025-01-08T05:00:00Z,2653.34500,2654.99500,2652.59800,2653.13800,0
2025-01-08T06:00:00Z,2652.94400,2653.09800,2647.45400,2650.59500,0
2025-01-08T07:00:00Z,2650.60500,2652.30800,2645.67400,2651.84800,0
2025-01-08T08:00:00Z,2651.74800,2660.08500,2650.00500,2660.03500,0
2025-01-08T09:00:00Z,2660.02500,2667.52500,2659.84500,2661.08400,0
2025-01-08T10:00:00Z,2661.08400,2667.64800,2659.11400,2665.69800,0
2025-01-08T11:00:00Z,2665.69800,2669.84400,2662.41500,2669.49800,0
2025-01-08T12:00:00Z,2669.49800,2669.65400,2649.11400,2655.44500,0
2025-01-08T13:00:00Z,2655.42400,2659.00500,2651.33800,2652.55500,0
2025-01-08T14:00:00Z,2652.56800,2660.43400,2652.18500,2658.17400,0
2025-01-08T15:00:00Z,2658.14500,2663.88400,2658.14500,2663.34800,0
2025-01-08T16:00:00Z,2663.23500,2663.94500,2660.75800,2661.10500,0
2025-01-08T18:00:00Z,2660.86500,2663.09800,2660.63800,2662.47500,0
2025-01-08T19:00:00Z,2662.47500,2662.69800,2659.30500,2659.77500,0
2025-01-08T20:00:00Z,2659.78500,2661.28500,2657.14500,2658.45800,0
2025-01-08T21:00:00Z,2658.45800,2659.97500,2656.15500,2658.53500,0
2025-01-08T22:00:00Z,2658.53500,2661.94500,2658.24500,2659.23500,0
2025-01-08T23:00:00Z,2659.23500,2659.58500,2655.30500,2658.84500,0
2025-01-09T00:00:00Z,2658.81500,2660.84500,2657.53500,2658.29500,0
2025-01-09T01:00:00Z,2658.28500,2666.77500,2658.24800,2666.57500,0
2025-01-09T02:00:00Z,2666.59500,2666.64500,2662.07400,2662.21800,0
2025-01-09T03:00:00Z,2662.16400,2666.71400,2660.26800,2664.12400,0
2025-01-09T04:00:00Z,2664.23400,2666.44400,2662.06800,2664.74400,0
2025-01-09T05:00:00Z,2664.74400,2668.37400,2664.20800,2667.29400,0
2025-01-09T06:00:00Z,2667.27400,2673.16500,2665.06400,2669.95400,0
2025-01-09T07:00:00Z,2669.95400,2675.04800,2669.21400,2673.88400,0
2025-01-09T08:00:00Z,2673.82400,2678.39500,2671.75400,2672.51400,0
2025-01-09T09:00:00Z,2672.41400,2675.47500,2667.00400,2672.20400,0
2025-01-09T10:00:00Z,2672.21400,2675.17500,2667.87400,2668.05800,0
2025-01-09T11:00:00Z,2668.05800,2670.82500,2666.03800,2667.44500,0
2025-01-09T12:00:00Z,2667.44500,2668.49800,2662.54800,2665.77500,0
2025-01-09T13:00:00Z,2665.74400,2672.32400,2664.83500,2671.18500,0
2025-01-09T14:00:00Z,2671.18500,2671.63500,2668.47400,2670.03400,0
2025-01-09T15:00:00Z,2669.99400,2670.70400,2669.09500,2669.60500,0
2025-01-09T16:00:00Z,2669.55500,2671.27500,2668.84800,2669.52500,0
2025-01-09T18:00:00Z,2670.25500,2671.14800,2668.32500,2669.79500,0
2025-01-09T19:00:00Z,2669.86500,2671.19500,2668.72800,2670.39500,0
2025-01-09T20:00:00Z,2670.43500,2671.74500,2669.06500,2670.89500,0
2025-01-09T21:00:00Z,2670.89500,2674.57500,2670.34500,2673.25500,0
2025-01-09T22:00:00Z,2673.25500,2674.58500,2672.34500,2673.56500,0
2025-01-09T23:00:00Z,2673.56800,2673.89500,2671.62500,2671.70500,0
2025-01-10T00:00:00Z,2671.61500,2675.78500,2671.38500,2674.84500,0
2025-01-10T01:00:00Z,2674.84500,2678.28500,2674.09500,2677.97500,0
2025-01-10T02:00:00Z,2678.02500,2678.57500,2673.28500,2676.02500,0
2025-01-10T03:00:00Z,2676.02500,2680.35500,2675.58500,2679.70500,0
2025-01-10T04:00:00Z,2679.76500,2682.15500,2677.50500,2678.24400,0
2025-01-10T05:00:00Z,2678.24400,2682.47500,2678.04800,2680.84500,0
2025-01-10T06:00:00Z,2680.83500,2682.93800,2680.06400,2681.17800,0
2025-01-10T07:00:00Z,2681.03400,2681.20800,2674.57800,2678.08400,0
2025-01-10T08:00:00Z,2678.08500,2683.38400,2663.20500,2682.24800,0
2025-01-10T09:00:00Z,2682.09500,2693.18500,2680.35500,2686.34400,0
2025-01-10T10:00:00Z,2685.16400,2697.65400,2681.59500,2692.43400,0
2025-01-10T11:00:00Z,2692.40400,2696.84500,2686.45400,2695.98400,0
2025-01-10T12:00:00Z,2696.00400,2697.70900,2692.06500,2695.83900,0
2025-01-10T13:00:00Z,2695.83900,2696.96900,2684.87900,2687.14800,0
2025-01-10T14:00:00Z,2687.14800,2687.55500,2684.34800,2685.63500,0
2025-01-10T15:00:00Z,2685.63500,2690.76500,2683.94800,2690.45500,0
2025-01-10T16:00:00Z,2690.49500,2693.64800,2687.54500,2689.75500,0
2025-01-12T18:00:00Z,2690.15500,2690.86800,2687.18900,2690.86800,0
2025-01-12T19:00:00Z,2690.81900,2693.24500,2687.95500,2689.39500,0
2025-01-12T20:00:00Z,2689.39500,2689.72500,2679.14500,2685.49500,0
2025-01-12T21:00:00Z,2685.51500,2690.35800,2684.79500,2688.46500,0
2025-01-12T22:00:00Z,2688.46500,2688.49500,2685.14800,2687.86500,0
2025-01-12T23:00:00Z,2687.87500,2690.72500,2684.15500,2685.74500,0
2025-01-13T00:00:00Z,2685.82500,2686.82500,2683.08500,2686.76500,0
2025-01-13T01:00:00Z,2686.81500,2691.23500,2686.76500,2689.72900,0
2025-01-13T02:00:00Z,2689.72900,2690.29800,2684.23500,2684.92900,0
2025-01-13T03:00:00Z,2684.92900,2689.45900,2683.71900,2686.92900,0
2025-01-13T04:00:00Z,2686.92900,2688.31500,2682.87500,2684.55800,0
2025-01-13T05:00:00Z,2684.49900,2684.82800,2677.12500,2679.32500,0
2025-01-13T06:00:00Z,2679.29500,2680.50500,2675.20500,2675.64800,0
2025-01-13T07:00:00Z,2675.59900,2676.86800,2664.09800,2670.89900,0
2025-01-13T08:00:00Z,2670.89900,2672.14800,2663.62500,2669.07500,0
2025-01-13T09:00:00Z,2669.08500,2674.13500,2663.89900,2671.63500,0
2025-01-13T10:00:00Z,2671.57900,2672.69500,2660.84900,2661.47800,0
2025-01-13T11:00:00Z,2661.43900,2667.87500,2660.49800,2661.04900,0
2025-01-13T12:00:00Z,2661.04900,2663.89800,2659.07500,2660.75500,0
2025-01-13T13:00:00Z,2660.76500,2662.32500,2657.49800,2658.85800,0
2025-01-13T14:00:00Z,2659.00800,2660.49500,2656.61500,2658.79500,0
2025-01-13T15:00:00Z,2658.78500,2662.79500,2658.71500,2662.24500,0
2025-01-13T16:00:00Z,2662.18500,2664.03500,2660.74500,2662.47500,0
2025-01-13T18:00:00Z,2662.63300,2669.21500,2662.24800,2667.67500,0
2025-01-13T19:00:00Z,2667.67500,2670.94500,2666.05900,2670.25500,0
2025-01-13T20:00:00Z,2670.24500,2672.05500,2667.67500,2670.57500,0
2025-01-13T21:00:00Z,2670.60500,2672.03500,2668.37500,2670.30500,0
2025-01-13T22:00:00Z,2670.29500,2672.10500,2668.63800,2669.62500,0
2025-01-13T23:00:00Z,2669.59500,2673.88500,2668.28500,2673.40500,0
2025-01-14T00:00:00Z,2673.45500,2675.15500,2667.15500,2668.27500,0
2025-01-14T01:00:00Z,2668.29500,2669.45500,2667.23500,2668.89500,0
2025-01-14T02:00:00Z,2668.93500,2670.73500,2666.98500,2669.00500,0
2025-01-14T03:00:00Z,2669.17500,2674.25500,2667.15500,2670.81500,0
2025-01-14T04:00:00Z,2670.75500,2671.40500,2664.69900,2667.12500,0
2025-01-14T05:00:00Z,2667.11500,2668.63500,2664.47900,2666.49500,0
2025-01-14T06:00:00Z,2666.52500,2669.64500,2664.43900,2669.02500,0
2025-01-14T07:00:00Z,2669.02500,2671.48500,2666.26500,2668.16500,0
2025-01-14T08:00:00Z,2668.16500,2674.14800,2660.81500,2662.70900,0
2025-01-14T09:00:00Z,2662.64900,2665.83500,2659.64500,2664.97500,0
2025-01-14T10:00:00Z,2665.01500,2672.59500,2664.94500,2671.47800,0
2025-01-14T11:00:00Z,2671.49900,2673.89500,2669.58500,2671.41800,0
2025-01-14T12:00:00Z,2671.37500,2671.67500,2667.82500,2668.87500,0
2025-01-14T13:00:00Z,2668.88500,2672.49500,2666.49500,2672.27500,0
2025-01-14T14:00:00Z,2672.24500,2676.07500,2671.66900,2674.08800,0
2025-01-14T15:00:00Z,2674.00900,2676.34800,2671.67500,2676.34800,0
2025-01-14T16:00:00Z,2676.29900,2677.98500,2675.64800,2676.87500,0
2025-01-14T18:00:00Z,2677.47500,2679.19800,2673.81500,2675.41500,0
2025-01-14T19:00:00Z,2675.45500,2675.94500,2672.53500,2672.64500,0
2025-01-14T20:00:00Z,2672.68500,2674.23500,2669.80500,2669.90500,0
2025-01-14T21:00:00Z,2669.93500,2674.87500,2669.31500,2673.22500,0
2025-01-14T22:00:00Z,2673.20500,2676.07500,2672.10800,2675.93500,0
2025-01-14T23:00:00Z,2675.91500,2676.57500,2673.94500,2675.37500,0
2025-01-15T00:00:00Z,2675.41500,2679.14500,2674.38500,2679.09500,0
2025-01-15T01:00:00Z,2679.09500,2683.12500,2678.97500,2680.80500,0
2025-01-15T02:00:00Z,2680.75900,2684.00500,2679.86500,2681.17500,0
2025-01-15T03:00:00Z,2681.17500,2685.22500,2681.04500,2683.80500,0
2025-01-15T04:00:00Z,2683.80500,2688.39800,2682.74500,2685.69900,0
2025-01-15T05:00:00Z,2685.73500,2688.92500,2684.63800,2688.21500,0
2025-01-15T06:00:00Z,2688.36500,2688.78500,2685.10800,2686.72500,0
2025-01-15T07:00:00Z,2686.70500,2687.27500,2683.91500,2684.46500,0
2025-01-15T08:00:00Z,2684.44500,2694.01800,2682.02500,2693.56500,0
2025-01-15T09:00:00Z,2693.56500,2695.92500,2678.00500,2681.84500,0
2025-01-15T10:00:00Z,2681.82500,2682.93500,2676.43900,2678.25500,0
2025-01-15T11:00:00Z,2678.25500,2689.84800,2676.76500,2689.09800,0
2025-01-15T12:00:00Z,2689.24500,2692.94800,2688.24900,2692.59500,0
2025-01-15T13:00:00Z,2692.59500,2694.79800,2690.83900,2693.84800,0
2025-01-15T14:00:00Z,2693.84800,2695.04800,2692.31900,2693.99800,0
2025-01-15T15:00:00Z,2693.89900,2696.35900,2693.12900,2696.24500,0
2025-01-15T16:00:00Z,2696.25500,2697.33500,2693.76800,2695.71900,0
2025-01-15T18:00:00Z,2697.34800,2697.44800,2693.99900,2694.62500,0
2025-01-15T19:00:00Z,2694.62500,2698.00500,2692.64800,2695.04500,0
2025-01-15T20:00:00Z,2695.12500,2702.00800,2694.24500,2695.91900,0
2025-01-15T21:00:00Z,2695.91900,2697.97500,2695.00500,2697.36500,0
2025-01-15T22:00:00Z,2697.36500,2698.20800,2695.54500,2696.95500,0
2025-01-15T23:00:00Z,2696.92900,2697.85800,2696.53500,2697.14800,0
2025-01-16T00:00:00Z,2697.14800,2697.23500,2693.66500,2694.60500,0
2025-01-16T01:00:00Z,2694.63500,2695.44500,2689.72500,2693.80800,0
2025-01-16T02:00:00Z,2693.80800,2699.81500,2693.45800,2698.02800,0
2025-01-16T03:00:00Z,2698.17800,2703.19500,2696.89500,2698.81900,0
2025-01-16T04:00:00Z,2698.81900,2706.07500,2697.31800,2705.21500,0
2025-01-16T05:00:00Z,2705.25500,2708.30500,2704.54900,2707.64500,0
2025-01-16T06:00:00Z,2707.66500,2711.04500,2705.84800,2706.19500,0
2025-01-16T07:00:00Z,2706.12900,2707.06500,2699.96900,2703.56500,0
2025-01-16T08:00:00Z,2703.56500,2718.24800,2701.09900,2715.19500,0
2025-01-16T09:00:00Z,2715.19500,2719.08900,2712.69500,2718.32900,0
2025-01-16T10:00:00Z,2718.32900,2719.44500,2712.34900,2716.71900,0
2025-01-16T11:00:00Z,2716.73800,2722.23500,2716.42900,2720.18500,0
2025-01-16T12:00:00Z,2720.16500,2724.56500,2719.18900,2721.56900,0
2025-01-16T13:00:00Z,2721.64800,2723.14800,2714.60500,2715.06500,0
2025-01-16T14:00:00Z,2715.07500,2717.05500,2714.49800,2715.11500,0
2025-01-16T15:00:00Z,2715.10500,2716.96500,2714.30500,2715.68500,0
2025-01-16T16:00:00Z,2715.64500,2715.72500,2712.19500,2713.74500,0
2025-01-16T18:00:00Z,2714.06500,2714.83500,2712.19500,2714.44800,0
2025-01-16T19:00:00Z,2714.35500,2716.00500,2713.69500,2714.50900,0
2025-01-16T20:00:00Z,2714.54900,2714.62900,2709.72500,2714.57500,0
2025-01-16T21:00:00Z,2714.57500,2716.94500,2713.67500,2715.77500,0
2025-01-16T22:00:00Z,2715.70500,2717.37500,2714.38900,2715.27500,0
2025-01-16T23:00:00Z,2715.27500,2716.38500,2714.12500,2714.61500,0
2025-01-17T00:00:00Z,2714.61500,2715.37500,2710.98800,2711.35500,0
2025-01-17T01:00:00Z,2711.37800,2713.07500,2710.34900,2712.49500,0
2025-01-17T02:00:00Z,2712.51500,2714.57300,2708.52500,2710.39500,0
2025-01-17T03:00:00Z,2710.46500,2712.72500,2709.23500,2711.55500,0
2025-01-17T04:00:00Z,2711.55500,2711.80900,2703.75900,2704.97500,0
2025-01-17T05:00:00Z,2704.94500,2706.14800,2702.66900,2703.84500,0
2025-01-17T06:00:00Z,2703.81800,2708.48900,2703.54500,2707.88900,0
2025-01-17T07:00:00Z,2707.88500,2711.63500,2706.74800,2710.75500,0
2025-01-17T08:00:00Z,2710.78500,2711.99500,2704.26900,2704.84900,0
2025-01-17T09:00:00Z,2704.84900,2712.38500,2702.55500,2711.67500,0
2025-01-17T10:00:00Z,2711.61500,2715.00500,2709.97500,2714.15500,0
2025-01-17T11:00:00Z,2714.27500,2717.18500,2713.44500,2715.93500,0
2025-01-17T12:00:00Z,2715.93500,2716.35500,2710.42500,2712.42500,0
2025-01-17T13:00:00Z,2712.46500,2713.18500,2705.26500,2705.48500,0
2025-01-17T14:00:00Z,2705.44500,2707.06500,2702.68500,2703.03500,0
2025-01-17T15:00:00Z,2703.01500,2704.03500,2699.78500,2700.70500,0
2025-01-17T16:00:00Z,2700.70500,2702.90500,2698.44500,2702.64500,0
2025-01-19T18:00:00Z,2701.10500,2702.76500,2690.87500,2696.24500,0
2025-01-19T19:00:00Z,2696.18500,2696.26500,2692.35500,2694.34500,0
2025-01-19T20:00:00Z,2694.35500,2695.69500,2689.30800,2693.60500,0
2025-01-19T21:00:00Z,2693.60500,2697.82500,2693.50500,2697.31500,0
2025-01-19T22:00:00Z,2697.32500,2703.83500,2697.28500,2703.34500,0
2025-01-19T23:00:00Z,2703.34500,2706.29500,2702.02500,2705.77500,0
2025-01-20T00:00:00Z,2705.74500,2707.43500,2703.42500,2707.07500,0
2025-01-20T01:00:00Z,2707.07500,2713.65500,2706.41500,2711.41500,0
2025-01-20T02:00:00Z,2711.40500,2711.75500,2702.62500,2703.43500,0
2025-01-20T03:00:00Z,2703.43500,2707.86500,2702.73900,2706.83500,0
2025-01-20T04:00:00Z,2706.77500,2708.76500,2702.84500,2705.99500,0
2025-01-20T05:00:00Z,2705.94500,2709.66500,2705.08900,2708.09500,0
2025-01-20T06:00:00Z,2708.08500,2712.44500,2705.00000,2708.16500,0
2025-01-20T07:00:00Z,2708.14500,2709.89500,2705.82900,2707.98500,0
2025-01-20T08:00:00Z,2707.97500,2710.32800,2701.49800,2705.04500,0
2025-01-20T09:00:00Z,2704.95500,2711.83500,2704.70500,2710.25500,0
2025-01-20T10:00:00Z,2710.25500,2710.51500,2704.81500,2706.79500,0
2025-01-20T11:00:00Z,2706.70500,2708.84500,2703.18500,2707.20500,0
2025-01-20T12:00:00Z,2707.18500,2710.84800,2704.06500,2706.99500,0
2025-01-20T13:00:00Z,2707.05500,2710.76500,2704.91500,2710.55500,0
2025-01-20T14:00:00Z,2710.55500,2710.95500,2706.26800,2707.24800,0
2025-01-20T18:00:00Z,2706.05500,2711.06500,2705.85500,2710.20500,0
2025-01-20T19:00:00Z,2710.17900,2711.25800,2702.74500,2705.28500,0
2025-01-20T20:00:00Z,2705.32500,2719.17500,2703.02500,2717.91500,0
2025-01-20T21:00:00Z,2717.88900,2725.55500,2717.67500,2724.64500,0
2025-01-20T22:00:00Z,2724.68500,2726.78500,2720.94800,2724.26500,0
2025-01-20T23:00:00Z,2724.27500,2727.71500,2722.80800,2727.24500,0
2025-01-21T00:00:00Z,2727.28500,2728.98500,2725.11500,2725.97500,0
2025-01-21T01:00:00Z,2725.94500,2729.40500,2723.58500,2724.10500,0
2025-01-21T02:00:00Z,2724.09500,2732.72500,2722.46500,2729.57500,0
2025-01-21T03:00:00Z,2729.53500,2729.53500,2721.20800,2723.16500,0
2025-01-21T04:00:00Z,2723.13500,2723.82500,2717.55500,2720.98500,0
2025-01-21T05:00:00Z,2720.98500,2723.73500,2718.71500,2719.63500,0
2025-01-21T06:00:00Z,2719.56500,2724.43500,2716.34500,2723.88500,0
2025-01-21T07:00:00Z,2723.86500,2727.12500,2721.66500,2726.59500,0
2025-01-21T08:00:00Z,2726.40500,2729.86500,2724.43500,2726.10500,0
2025-01-21T09:00:00Z,2726.16500,2738.47500,2725.20500,2737.94500,0
2025-01-21T10:00:00Z,2737.94500,2740.28500,2734.36500,2738.64500,0
2025-01-21T11:00:00Z,2738.61500,2744.82500,2737.59500,2743.00500,0
2025-01-21T12:00:00Z,2743.00500,2745.64800,2739.72500,2739.91500,0
2025-01-21T13:00:00Z,2739.82800,2745.84800,2739.55500,2744.36500,0
2025-01-21T14:00:00Z,2744.40500,2745.27500,2741.19500,2742.60500,0
2025-01-21T15:00:00Z,2742.56500,2743.14800,2739.87500,2742.30500,0
2025-01-21T16:00:00Z,2742.28500,2745.72500,2741.84500,2744.00500,0
2025-01-21T18:00:00Z,2743.80800,2744.84800,2741.70500,2744.05800,0
2025-01-21T19:00:00Z,2744.05800,2748.99500,2742.45500,2748.04500,0
2025-01-21T20:00:00Z,2748.04500,2749.99400,2746.66500,2747.88500,0
2025-01-21T21:00:00Z,2747.81500,2749.57800,2746.07800,2748.81500,0
2025-01-21T22:00:00Z,2748.78500,2750.86500,2747.78500,2750.18800,0
2025-01-21T23:00:00Z,2750.18800,2752.77500,2749.10800,2751.90800,0
2025-01-22T00:00:00Z,2751.90800,2758.47500,2750.19500,2757.90500,0
2025-01-22T01:00:00Z,2757.89500,2758.00500,2745.42500,2746.67500,0
2025-01-22T02:00:00Z,2746.70500,2753.83500,2746.36500,2748.26500,0
2025-01-22T03:00:00Z,2748.26500,2753.76500,2746.63500,2753.04500,0
2025-01-22T04:00:00Z,2753.02500,2762.19500,2752.69500,2758.13500,0
2025-01-22T05:00:00Z,2758.12500,2763.20500,2758.08800,2759.71800,0
2025-01-22T06:00:00Z,2759.72800,2760.11800,2756.12800,2756.20800,0
2025-01-22T07:00:00Z,2756.20800,2758.51800,2751.38500,2758.27800,0
2025-01-22T08:00:00Z,2758.27800,2761.64800,2750.79500,2757.56500,0
2025-01-22T09:00:00Z,2757.55500,2758.14500,2750.14800,2753.62500,0
2025-01-22T10:00:00Z,2753.69900,2760.24500,2750.22800,2759.23500,0
2025-01-22T11:00:00Z,2759.26500,2760.17500,2755.70500,2758.11500,0
2025-01-22T12:00:00Z,2758.17500,2758.36500,2755.72500,2756.39500,0
2025-01-22T13:00:00Z,2756.39500,2759.26500,2754.76500,2757.62500,0
2025-01-22T14:00:00Z,2757.71500,2757.71500,2754.83500,2755.16500,0
2025-01-22T15:00:00Z,2755.13500,2756.93500,2754.72500,2756.56500,0
2025-01-22T16:00:00Z,2756.56500,2756.93500,2754.62500,2755.75500,0
2025-01-22T18:00:00Z,2755.49500,2756.39800,2753.54800,2755.18800,0
2025-01-22T19:00:00Z,2755.09800,2755.78800,2753.01500,2755.17800,0
2025-01-22T20:00:00Z,2755.17800,2756.08800,2750.40800,2752.60500,0
2025-01-22T21:00:00Z,2752.59800,2754.79500,2751.86500,2752.40500,0
2025-01-22T22:00:00Z,2752.45500,2752.87500,2749.38500,2749.87500,0
2025-01-22T23:00:00Z,2749.84500,2753.41800,2749.67500,2751.42500,0
2025-01-23T00:00:00Z,2751.49800,2753.33500,2751.18500,2751.80800,0
2025-01-23T01:00:00Z,2751.81800,2755.39800,2751.01800,2753.01800,0
2025-01-23T02:00:00Z,2753.04800,2754.51500,2751.63500,2752.64500,0
2025-01-23T03:00:00Z,2752.70500,2754.68500,2751.85500,2752.60500,0
2025-01-23T04:00:00Z,2752.66500,2753.62500,2740.89800,2745.72500,0
2025-01-23T05:00:00Z,2745.76500,2752.39500,2745.10500,2751.15500,0
2025-01-23T06:00:00Z,2751.24500,2754.24500,2750.67500,2751.66800,0
2025-01-23T07:00:00Z,2751.67800,2753.20500,2741.85500,2744.65500,0
2025-01-23T08:00:00Z,2744.64500,2745.73500,2735.66500,2741.46800,0
2025-01-23T09:00:00Z,2741.54500,2747.30500,2740.21500,2745.95500,0
2025-01-23T10:00:00Z,2745.92500,2749.36500,2741.87500,2746.22500,0
2025-01-23T11:00:00Z,2746.21800,2757.12800,2744.01500,2753.70800,0
2025-01-23T12:00:00Z,2753.59800,2758.65500,2752.05800,2757.56500,0
2025-01-23T13:00:00Z,2757.58500,2758.13500,2755.00500,2755.68500,0
2025-01-23T14:00:00Z,2755.68500,2757.89800,2753.64800,2753.94500,0
2025-01-23T15:00:00Z,2753.97500,2754.61500,2751.07800,2753.76800,0
2025-01-23T16:00:00Z,2753.72800,2754.49800,2751.86800,2754.14500,0
2025-01-23T18:00:00Z,2753.94500,2755.39500,2753.18500,2754.36500,0
2025-01-23T19:00:00Z,2754.37500,2760.92500,2754.07500,2759.58500,0
2025-01-23T20:00:00Z,2759.58500,2762.44500,2758.39800,2762.17500,0
2025-01-23T21:00:00Z,2762.19500,2775.19500,2762.17500,2774.04500,0
2025-01-23T22:00:00Z,2774.02500,2777.21500,2770.70800,2772.24500,0
2025-01-23T23:00:00Z,2772.23800,2774.81500,2770.36500,2771.82500,0
2025-01-24T00:00:00Z,2771.80500,2776.48500,2771.80500,2775.04500,0
2025-01-24T01:00:00Z,2775.00500,2778.11500,2773.10500,2773.66500,0
2025-01-24T02:00:00Z,2773.69500,2775.32500,2771.84800,2772.42500,0
2025-01-24T03:00:00Z,2772.46500,2775.15500,2769.88500,2773.99500,0
2025-01-24T04:00:00Z,2773.97500,2777.66500,2770.76800,2772.67500,0
2025-01-24T05:00:00Z,2772.64500,2775.99800,2771.41500,2775.59800,0
2025-01-24T06:00:00Z,2775.49800,2779.95500,2773.97500,2776.49500,0
2025-01-24T07:00:00Z,2776.51500,2778.93500,2776.02800,2778.41500,0
2025-01-24T08:00:00Z,2778.39800,2784.50500,2777.72800,2782.11800,0
2025-01-24T09:00:00Z,2782.11500,2784.19500,2773.59500,2777.63800,0
2025-01-24T10:00:00Z,2777.70800,2785.82500,2775.35500,2775.71500,0
2025-01-24T11:00:00Z,2775.70800,2777.40500,2769.70800,2771.82500,0
2025-01-24T12:00:00Z,2771.72500,2775.98500,2770.43500,2773.11800,0
2025-01-24T13:00:00Z,2773.11800,2773.98500,2771.14500,2773.31500,0
2025-01-24T14:00:00Z,2773.33500,2775.11500,2771.14500,2774.52500,0
2025-01-24T15:00:00Z,2774.55500,2774.68500,2770.59500,2770.90500,0
2025-01-24T16:00:00Z,2770.87500,2772.00500,2769.80500,2769.80500,0
2025-01-26T18:00:00Z,2770.30500,2770.40500,2764.45500,2767.28500,0
2025-01-26T19:00:00Z,2767.27800,2770.81500,2765.83500,2769.45500,0
2025-01-26T20:00:00Z,2769.57500,2772.41500,2762.66500,2762.82500,0
2025-01-26T21:00:00Z,2762.81800,2763.38500,2753.61800,2756.05500,0
2025-01-26T22:00:00Z,2756.03500,2762.42500,2754.92500,2760.90500,0
2025-01-26T23:00:00Z,2760.91500,2760.91500,2755.47500,2757.93500,0
2025-01-27T00:00:00Z,2757.80500,2757.84500,2752.65500,2753.02500,0
2025-01-27T01:00:00Z,2752.98500,2754.95500,2750.56500,2754.39500,0
2025-01-27T02:00:00Z,2754.42500,2755.01500,2747.06500,2749.28500,0
2025-01-27T03:00:00Z,2749.23500,2759.69500,2749.15500,2757.05500,0
2025-01-27T04:00:00Z,2757.05500,2764.82500,2755.45500,2763.23500,0
2025-01-27T05:00:00Z,2763.21500,2770.86500,2762.61500,2767.82500,0
2025-01-27T06:00:00Z,2767.76500,2771.85500,2764.84500,2771.20500,0
2025-01-27T07:00:00Z,2771.22500,2771.57500,2760.26500,2761.15500,0
2025-01-27T08:00:00Z,2761.15500,2762.24500,2752.17500,2757.09500,0
2025-01-27T09:00:00Z,2757.09800,2757.70500,2744.91500,2750.99500,0
2025-01-27T10:00:00Z,2751.01500,2751.01500,2739.28500,2741.92500,0
2025-01-27T11:00:00Z,2741.87500,2743.04500,2733.07500,2734.27500,0
2025-01-27T12:00:00Z,2734.28500,2736.83500,2730.52900,2733.58500,0
2025-01-27T13:00:00Z,2733.56500,2737.72500,2732.92500,2736.82500,0
2025-01-27T14:00:00Z,2736.78500,2740.36500,2736.58500,2739.18500,0
2025-01-27T15:00:00Z,2739.20500,2742.36500,2737.93500,2741.33800,0
2025-01-27T16:00:00Z,2741.36800,2743.85500,2739.75500,2739.75500,0
2025-01-27T18:00:00Z,2739.76500,2745.04800,2738.91300,2741.61500,0
2025-01-27T19:00:00Z,2741.61500,2744.25500,2739.67500,2740.45500,0
2025-01-27T20:00:00Z,2740.59800,2745.06500,2739.33500,2741.33500,0
2025-01-27T21:00:00Z,2741.30500,2741.45500,2738.27500,2739.25500,0
2025-01-27T22:00:00Z,2739.25500,2741.63500,2737.67500,2738.61500,0
2025-01-27T23:00:00Z,2738.60800,2742.45500,2738.26800,2742.13500,0
2025-01-28T00:00:00Z,2742.43500,2744.75500,2741.02500,2741.55500,0
2025-01-28T01:00:00Z,2741.51500,2742.81500,2738.90800,2739.35500,0
2025-01-28T02:00:00Z,2739.46800,2742.84500,2738.15500,2738.78500,0
2025-01-28T03:00:00Z,2738.86500,2741.66500,2734.73800,2741.04500,0
2025-01-28T04:00:00Z,2741.11500,2744.91800,2740.29500,2743.22500,0
2025-01-28T05:00:00Z,2743.20500,2744.97500,2740.80500,2742.99500,0
2025-01-28T06:00:00Z,2742.99500,2744.43500,2741.40500,2742.58500,0
2025-01-28T07:00:00Z,2742.55500,2745.40500,2740.99500,2745.39500,0
2025-01-28T08:00:00Z,2745.41500,2749.39500,2744.98500,2748.57800,0
2025-01-28T09:00:00Z,2748.64800,2756.20500,2748.64800,2753.29500,0
2025-01-28T10:00:00Z,2753.28800,2757.12500,2750.92500,2755.14800,0
2025-01-28T11:00:00Z,2755.14800,2759.30800,2755.04500,2758.42500,0
2025-01-28T12:00:00Z,2758.42500,2759.91500,2757.28500,2759.54500,0
2025-01-28T13:00:00Z,2759.58500,2763.31800,2758.98500,2761.94800,0
2025-01-28T14:00:00Z,2761.91800,2764.87500,2761.06500,2764.73500,0
2025-01-28T15:00:00Z,2764.63500,2764.87500,2762.20500,2763.99800,0
2025-01-28T16:00:00Z,2763.94800,2764.15500,2762.71500,2763.00500,0
2025-01-28T18:00:00Z,2762.44800,2764.02500,2761.85500,2762.54500,0
2025-01-28T19:00:00Z,2762.57500,2764.59500,2762.10500,2763.75500,0
2025-01-28T20:00:00Z,2763.70800,2765.98500,2763.47500,2763.60500,0
2025-01-28T21:00:00Z,2763.60500,2765.52500,2763.30500,2764.07500,0
2025-01-28T22:00:00Z,2764.09500,2764.35500,2762.13500,2762.54500,0
2025-01-28T23:00:00Z,2762.53800,2764.20500,2761.38500,2762.29500,0
2025-01-29T00:00:00Z,2762.24500,2762.91500,2759.96500,2760.56500,0
2025-01-29T01:00:00Z,2760.70500,2761.95500,2759.02500,2759.02500,0
2025-01-29T02:00:00Z,2759.05500,2760.47500,2757.27500,2759.02500,0
2025-01-29T03:00:00Z,2759.01500,2765.92800,2759.01500,2763.88500,0
2025-01-29T04:00:00Z,2763.94500,2764.26500,2760.29500,2762.53800,0
2025-01-29T05:00:00Z,2762.53500,2763.13500,2756.84800,2757.98500,0
2025-01-29T06:00:00Z,2758.00500,2759.71500,2757.24800,2758.93500,0
2025-01-29T07:00:00Z,2758.92500,2758.99500,2755.38500,2756.36500,0
2025-01-29T08:00:00Z,2756.39500,2759.37500,2752.09500,2758.49500,0
2025-01-29T09:00:00Z,2758.52500,2760.92500,2756.37500,2759.17500,0
2025-01-29T10:00:00Z,2759.29500,2759.61500,2748.00000,2754.01500,0
2025-01-29T11:00:00Z,2754.02500,2756.14500,2748.26500,2751.41500,0
2025-01-29T12:00:00Z,2751.44500,2754.27500,2750.80500,2752.79500,0
2025-01-29T13:00:00Z,2752.77500,2753.76500,2748.62500,2751.00000,0
2025-01-29T14:00:00Z,2751.00000,2757.48800,2745.00000,2754.94500,0
2025-01-29T15:00:00Z,2754.90500,2758.96500,2752.42500,2754.80800,0
2025-01-29T16:00:00Z,2754.75800,2759.42500,2753.89500,2758.61500,0
2025-01-29T18:00:00Z,2758.59500,2760.41500,2757.34800,2760.03500,0
2025-01-29T19:00:00Z,2760.03500,2762.40500,2758.78500,2761.82800,0
2025-01-29T20:00:00Z,2761.92500,2761.92500,2758.78500,2760.01500,0
2025-01-29T21:00:00Z,2760.01500,2761.34800,2758.91500,2760.20500,0
2025-01-29T22:00:00Z,2760.14500,2762.30500,2758.99500,2761.56500,0
2025-01-29T23:00:00Z,2761.58500,2763.16500,2759.62500,2760.18500,0
2025-01-30T00:00:00Z,2760.18500,2761.03500,2758.47500,2760.45500,0
2025-01-30T01:00:00Z,2760.44500,2766.24800,2760.04500,2765.24800,0
2025-01-30T02:00:00Z,2765.24800,2769.30800,2764.65800,2768.92500,0
2025-01-30T03:00:00Z,2768.95500,2776.43500,2768.26500,2776.05500,0
2025-01-30T04:00:00Z,2776.07500,2776.19500,2771.21500,2774.10500,0
2025-01-30T05:00:00Z,2773.98500,2779.12500,2773.59500,2778.22500,0
2025-01-30T06:00:00Z,2778.23500,2779.41500,2777.05500,2777.62500,0
2025-01-30T07:00:00Z,2777.62500,2781.11500,2776.02500,2780.11500,0
2025-01-30T08:00:00Z,2779.98500,2785.80800,2776.95500,2785.49800,0
2025-01-30T09:00:00Z,2785.52500,2789.05500,2779.94500,2786.70800,0
2025-01-30T10:00:00Z,2786.70800,2796.68500,2786.23500,2795.33500,0
2025-01-30T11:00:00Z,2795.35500,2798.30500,2790.01500,2790.54500,0
2025-01-30T12:00:00Z,2790.53500,2795.66500,2788.43500,2795.38500,0
2025-01-30T13:00:00Z,2795.37800,2796.96500,2791.89500,2794.80500,0
2025-01-30T14:00:00Z,2794.71500,2795.06800,2790.57800,2793.26500,0
2025-01-30T15:00:00Z,2793.26500,2798.07500,2792.16500,2795.46500,0
2025-01-30T16:00:00Z,2795.46500,2798.13500,2789.40500,2793.46500,0
2025-01-30T18:00:00Z,2793.14800,2796.57800,2791.04800,2795.96500,0
2025-01-30T19:00:00Z,2795.94800,2799.37500,2794.26500,2795.70500,0
2025-01-30T20:00:00Z,2795.68500,2796.49500,2794.52500,2796.18500,0
2025-01-30T21:00:00Z,2796.18500,2798.00500,2794.66500,2796.01500,0
2025-01-30T22:00:00Z,2796.00500,2798.06500,2795.50500,2796.19500,0
2025-01-30T23:00:00Z,2796.18500,2796.24500,2794.34500,2795.83500,0
2025-01-31T00:00:00Z,2795.83500,2796.29500,2793.73500,2795.44500,0
2025-01-31T01:00:00Z,2795.43500,2795.64500,2791.90500,2792.64500,0
2025-01-31T02:00:00Z,2792.68500,2800.64500,2791.91500,2798.07500,0
2025-01-31T03:00:00Z,2798.05500,2799.27500,2791.38500,2793.13500,0
2025-01-31T04:00:00Z,2793.18500,2796.31500,2792.45500,2793.39500,0
2025-01-31T05:00:00Z,2793.39500,2795.09500,2790.89500,2794.09500,0
2025-01-31T06:00:00Z,2793.90500,2800.53500,2792.22500,2799.98500,0
2025-01-31T07:00:00Z,2799.90500,2807.56500,2799.48500,2805.26500,0
2025-01-31T08:00:00Z,2805.12500,2808.31500,2802.81800,2806.15500,0
2025-01-31T09:00:00Z,2806.14800,2812.47500,2804.41800,2812.19500,0
2025-01-31T10:00:00Z,2812.23500,2816.93500,2808.11500,2808.93500,0
2025-01-31T11:00:00Z,2809.08500,2810.11500,2804.83500,2807.29500,0
2025-01-31T12:00:00Z,2807.31500,2816.08800,2802.89500,2808.47500,0
2025-01-31T13:00:00Z,2808.46800,2808.87500,2795.07500,2798.68500,0
2025-01-31T14:00:00Z,2798.72500,2802.59500,2794.81800,2795.90500,0
2025-01-31T15:00:00Z,2795.95500,2801.98800,2793.96500,2800.69800,0
2025-01-31T16:00:00Z,2800.73800,2802.29500,2796.60500,2798.08500,0
2025-02-02T18:00:00Z,2793.98700,2803.14800,2782.54800,2792.54500,0
2025-02-02T19:00:00Z,2792.10800,2795.59800,2789.57500,2792.00500,0
2025-02-02T20:00:00Z,2791.97500,2792.03500,2777.84500,2782.09500,0
2025-02-02T21:00:00Z,2782.07500,2782.59500,2773.34500,2777.92500,0
2025-02-02T22:00:00Z,2777.93500,2778.31500,2771.88500,2774.22500,0
2025-02-02T23:00:00Z,2774.19500,2782.86500,2773.93500,2780.59500,0
2025-02-03T00:00:00Z,2780.57500,2784.92500,2779.77500,2782.90500,0
2025-02-03T01:00:00Z,2782.86500,2787.94800,2782.73800,2786.51500,0
2025-02-03T02:00:00Z,2786.54500,2789.64500,2785.09500,2789.15500,0
2025-02-03T03:00:00Z,2789.15500,2800.30500,2786.75500,2796.56500,0
2025-02-03T04:00:00Z,2796.58500,2800.67800,2794.48500,2796.18800,0
2025-02-03T05:00:00Z,2796.19800,2799.94500,2792.76500,2797.85800,0
2025-02-03T06:00:00Z,2797.85800,2804.13500,2797.70500,2801.04800,0
2025-02-03T07:00:00Z,2801.04800,2810.50500,2800.20800,2810.18800,0
2025-02-03T08:00:00Z,2810.18800,2811.72500,2807.20800,2810.87500,0
2025-02-03T09:00:00Z,2810.97500,2830.30500,2809.94500,2829.53800,0
2025-02-03T10:00:00Z,2829.26500,2829.86500,2813.03500,2817.21500,0
2025-02-03T11:00:00Z,2817.21500,2824.98500,2812.82800,2813.96500,0
2025-02-03T12:00:00Z,2813.95500,2822.06500,2813.52500,2816.98500,0
2025-02-03T13:00:00Z,2816.95500,2821.65500,2815.59500,2820.91500,0
2025-02-03T14:00:00Z,2820.93500,2822.76500,2817.80500,2818.66800,0
2025-02-03T15:00:00Z,2818.09500,2819.29500,2815.44500,2816.48500,0
2025-02-03T16:00:00Z,2816.48500,2817.34800,2812.27500,2813.93500,0
2025-02-03T18:00:00Z,2812.24800,2814.80500,2810.97800,2813.54800,0
2025-02-03T19:00:00Z,2813.52500,2817.26500,2812.30500,2816.85500,0
2025-02-03T20:00:00Z,2817.21500,2824.17500,2815.68500,2823.26500,0
2025-02-03T21:00:00Z,2823.26500,2824.44500,2816.55500,2820.97500,0
2025-02-03T22:00:00Z,2820.93500,2824.01800,2817.20500,2821.22500,0
2025-02-03T23:00:00Z,2821.23500,2821.31500,2817.63800,2818.81500,0
2025-02-04T00:00:00Z,2818.82500,2819.10500,2813.12500,2815.46800,0
2025-02-04T01:00:00Z,2815.46500,2815.84800,2810.64800,2813.35500,0
2025-02-04T02:00:00Z,2813.38500,2814.26500,2806.92500,2812.53500,0
2025-02-04T03:00:00Z,2812.59500,2819.02800,2809.91800,2814.96500,0
2025-02-04T04:00:00Z,2814.94500,2821.67500,2813.89500,2820.26500,0
2025-02-04T05:00:00Z,2820.25500,2820.25500,2812.38500,2814.65500,0
2025-02-04T06:00:00Z,2814.65500,2816.62500,2813.12500,2815.27500,0
2025-02-04T07:00:00Z,2815.29500,2822.87500,2814.27500,2821.61500,0
2025-02-04T08:00:00Z,2821.63500,2837.04500,2821.20500,2831.54500,0
2025-02-04T09:00:00Z,2831.55500,2841.14500,2828.88500,2837.99500,0
2025-02-04T10:00:00Z,2837.99500,2845.33500,2833.57500,2835.70500,0
2025-02-04T11:00:00Z,2835.68500,2842.29500,2832.40500,2840.30500,0
2025-02-04T12:00:00Z,2840.32500,2844.50500,2839.29500,2843.84500,0
2025-02-04T13:00:00Z,2843.78500,2844.87500,2842.24800,2842.55800,0
2025-02-04T14:00:00Z,2842.55800,2844.03500,2841.66500,2842.91500,0
2025-02-04T15:00:00Z,2842.91500,2844.64500,2840.69500,2844.13500,0
2025-02-04T16:00:00Z,2844.15500,2844.64800,2840.69800,2841.23500,0
2025-02-04T18:00:00Z,2840.75500,2842.44500,2840.14800,2841.03500,0
2025-02-04T19:00:00Z,2841.09500,2847.99500,2840.51500,2845.08500,0
2025-02-04T20:00:00Z,2845.10500,2848.68500,2839.33500,2844.26500,0
2025-02-04T21:00:00Z,2844.28500,2853.66500,2843.75500,2850.81500,0
2025-02-04T22:00:00Z,2850.81500,2854.20500,2849.59500,2852.13500,0
2025-02-04T23:00:00Z,2852.08500,2857.98400,2851.65500,2854.97500,0
2025-02-05T00:00:00Z,2854.99500,2860.41500,2853.44500,2858.94500,0
2025-02-05T01:00:00Z,2858.93500,2861.68500,2856.76500,2859.06500,0
2025-02-05T02:00:00Z,2859.01500,2864.07500,2854.70500,2863.98500,0
2025-02-05T03:00:00Z,2863.94500,2869.48500,2863.40500,2867.34500,0
2025-02-05T04:00:00Z,2867.31500,2872.05500,2865.26500,2870.07500,0
2025-02-05T05:00:00Z,2870.11500,2876.90500,2865.87500,2867.63500,0
2025-02-05T06:00:00Z,2867.66500,2870.33500,2864.59500,2868.33500,0
2025-02-05T07:00:00Z,2868.35500,2870.71500,2866.83500,2870.19500,0
2025-02-05T08:00:00Z,2870.13500,2870.53500,2858.31500,2861.50500,0
2025-02-05T09:00:00Z,2861.52500,2872.46500,2860.47500,2870.00800,0
2025-02-05T10:00:00Z,2869.89500,2882.21500,2869.89500,2879.97500,0
2025-02-05T11:00:00Z,2879.95800,2880.98500,2862.85500,2874.79500,0
2025-02-05T12:00:00Z,2874.77500,2876.54800,2871.19500,2872.78500,0
2025-02-05T13:00:00Z,2872.80500,2873.32500,2863.66500,2865.47500,0
2025-02-05T14:00:00Z,2865.45500,2868.85500,2862.56500,2863.34500,0
2025-02-05T15:00:00Z,2863.37500,2865.98500,2859.80500,2862.48500,0
2025-02-05T16:00:00Z,2862.36500,2867.19500,2860.93500,2866.23500,0
2025-02-05T18:00:00Z,2865.99500,2870.77500,2864.78500,2868.98500,0
2025-02-05T19:00:00Z,2868.98500,2869.66500,2867.04800,2869.53500,0
2025-02-05T20:00:00Z,2869.56500,2871.73500,2863.44800,2871.42500,0
2025-02-05T21:00:00Z,2871.57500,2873.08500,2868.13800,2870.29800,0
2025-02-05T22:00:00Z,2870.31800,2870.31800,2864.11800,2869.16500,0
2025-02-05T23:00:00Z,2869.18500,2872.14500,2868.04800,2868.21800,0
2025-02-06T00:00:00Z,2868.13500,2869.69500,2865.23500,2868.18500,0
2025-02-06T01:00:00Z,2868.17500,2871.23500,2858.35800,2859.00500,0
2025-02-06T02:00:00Z,2859.02500,2861.62500,2854.74500,2855.46500,0
2025-02-06T03:00:00Z,2855.46500,2858.28500,2848.53500,2855.97800,0
2025-02-06T04:00:00Z,2855.97800,2859.94500,2855.58500,2859.20500,0
2025-02-06T05:00:00Z,2859.20500,2861.73800,2855.44500,2859.03500,0
2025-02-06T06:00:00Z,2858.97500,2867.26500,2857.91800,2865.78500,0
2025-02-06T07:00:00Z,2865.80500,2870.04500,2863.43500,2864.24500,0
2025-02-06T08:00:00Z,2864.23500,2864.77500,2855.37500,2856.56500,0
2025-02-06T09:00:00Z,2856.55500,2859.67500,2840.91500,2841.66500,0
2025-02-06T10:00:00Z,2841.66500,2853.08500,2833.95500,2850.46500,0
2025-02-06T11:00:00Z,2850.47500,2854.65500,2848.69500,2848.71500,0
2025-02-06T12:00:00Z,2848.70500,2852.52500,2847.98500,2852.19500,0
2025-02-06T13:00:00Z,2852.19500,2853.56500,2849.68500,2852.48500,0
2025-02-06T14:00:00Z,2852.52500,2854.01500,2850.15500,2853.75500,0
2025-02-06T15:00:00Z,2853.72500,2857.19500,2853.49500,2856.34800,0
2025-02-06T16:00:00Z,2856.47500,2857.05500,2854.66500,2855.94500,0
2025-02-06T18:00:00Z,2855.29800,2858.55500,2854.89800,2857.83500,0
2025-02-06T19:00:00Z,2857.84500,2860.25500,2857.81500,2858.27500,0
2025-02-06T20:00:00Z,2858.27500,2868.07500,2857.41500,2866.03500,0
2025-02-06T21:00:00Z,2866.01500,2869.08500,2865.29500,2868.59500,0
2025-02-06T22:00:00Z,2868.60500,2870.39500,2865.72800,2867.02500,0
2025-02-06T23:00:00Z,2867.02500,2869.38500,2865.84800,2866.19500,0
2025-02-07T00:00:00Z,2866.24800,2866.94500,2861.84500,2861.92500,0
2025-02-07T01:00:00Z,2861.86500,2865.94500,2858.84500,2860.54500,0
2025-02-07T02:00:00Z,2860.58500,2865.54500,2860.08500,2864.01500,0
2025-02-07T03:00:00Z,2864.07500,2866.57500,2863.03500,2866.17500,0
2025-02-07T04:00:00Z,2866.16500,2870.50500,2865.42500,2868.79500,0
2025-02-07T05:00:00Z,2868.85500,2869.08500,2863.25500,2867.38500,0
2025-02-07T06:00:00Z,2867.36500,2868.09500,2864.87500,2867.52500,0
2025-02-07T07:00:00Z,2867.53500,2867.91500,2863.23500,2863.46500,0
2025-02-07T08:00:00Z,2863.52500,2870.49800,2852.08500,2862.41800,0
2025-02-07T09:00:00Z,2862.41800,2878.03800,2855.97500,2875.80800,0
2025-02-07T10:00:00Z,2875.46500,2886.60500,2873.06500,2880.13500,0
2025-02-07T11:00:00Z,2880.23500,2881.33500,2860.33500,2860.59500,0
2025-02-07T12:00:00Z,2860.58500,2862.51500,2853.13500,2859.89500,0
2025-02-07T13:00:00Z,2859.89500,2864.90500,2859.58500,2860.99800,0
2025-02-07T14:00:00Z,2860.99500,2863.15500,2858.69500,2859.86500,0
2025-02-07T15:00:00Z,2859.92500,2863.68500,2859.18500,2860.48500,0
2025-02-07T16:00:00Z,2860.48500,2863.11500,2859.69800,2860.13500,0
2025-02-09T18:00:00Z,2858.06500,2870.30500,2854.44800,2867.19800,0
2025-02-09T19:00:00Z,2867.19800,2868.85500,2865.55800,2867.82500,0
2025-02-09T20:00:00Z,2867.85500,2876.36500,2865.85500,2871.70500,0
2025-02-09T21:00:00Z,2871.69500,2874.76500,2871.11500,2873.73500,0
2025-02-09T22:00:00Z,2873.73500,2875.50500,2871.23500,2875.35500,0
2025-02-09T23:00:00Z,2875.37500,2879.36500,2874.17500,2879.06500,0
2025-02-10T00:00:00Z,2879.04500,2879.79500,2875.91500,2879.06500,0
2025-02-10T01:00:00Z,2879.04500,2892.12500,2878.69800,2888.05500,0
2025-02-10T02:00:00Z,2888.01500,2896.46500,2886.64500,2895.39500,0
2025-02-10T03:00:00Z,2895.39500,2898.82900,2892.08500,2896.42500,0
2025-02-10T04:00:00Z,2896.39500,2903.16500,2896.02500,2902.85500,0
2025-02-10T05:00:00Z,2902.88500,2906.13500,2898.00000,2902.25500,0
2025-02-10T06:00:00Z,2902.26500,2905.59800,2898.09500,2904.40500,0
2025-02-10T07:00:00Z,2904.37500,2906.90500,2902.51500,2902.72500,0
2025-02-10T08:00:00Z,2902.67500,2910.84500,2899.53500,2900.67800,0
2025-02-10T09:00:00Z,2900.65500,2909.09500,2896.20500,2908.56500,0
2025-02-10T10:00:00Z,2908.56500,2911.65500,2904.23500,2908.85500,0
2025-02-10T11:00:00Z,2908.90500,2910.09500,2898.78500,2900.88500,0
2025-02-10T12:00:00Z,2900.87500,2904.33500,2896.31500,2902.91500,0
2025-02-10T13:00:00Z,2902.90500,2906.87500,2900.64500,2904.92500,0
2025-02-10T14:00:00Z,2904.95500,2906.48500,2902.32500,2904.18500,0
2025-02-10T15:00:00Z,2904.16500,2907.60500,2902.67500,2907.14800,0
2025-02-10T16:00:00Z,2907.10900,2908.16800,2905.08500,2907.36500,0
2025-02-10T18:00:00Z,2906.96800,2921.45500,2906.96800,2917.65500,0
2025-02-10T19:00:00Z,2917.68500,2924.84800,2916.13500,2922.11500,0
2025-02-10T20:00:00Z,2922.22800,2936.03500,2919.20800,2933.74800,0
2025-02-10T21:00:00Z,2933.74800,2942.66500,2905.01500,2918.44800,0
2025-02-10T22:00:00Z,2918.24800,2925.56500,2911.09500,2919.31800,0
2025-02-10T23:00:00Z,2919.32500,2920.59500,2914.64500,2916.03500,0
2025-02-11T00:00:00Z,2916.03500,2923.54500,2915.12500,2922.58500,0
2025-02-11T01:00:00Z,2922.58500,2929.27500,2915.16500,2917.65500,0
2025-02-11T02:00:00Z,2917.63500,2918.11500,2907.09500,2913.27500,0
2025-02-11T03:00:00Z,2913.24500,2914.98800,2906.84500,2907.24500,0
2025-02-11T04:00:00Z,2907.19500,2912.03500,2902.79500,2903.00500,0
2025-02-11T05:00:00Z,2902.96800,2906.96500,2901.71500,2902.53500,0
2025-02-11T06:00:00Z,2902.45500,2906.60500,2902.06500,2903.77500,0
2025-02-11T07:00:00Z,2903.76500,2904.16500,2886.36500,2889.32500,0
2025-02-11T08:00:00Z,2889.03500,2898.09500,2881.63500,2896.20500,0
2025-02-11T09:00:00Z,2896.25500,2904.13500,2894.57500,2896.23500,0
2025-02-11T10:00:00Z,2896.02500,2906.43500,2890.67500,2904.59500,0
2025-02-11T11:00:00Z,2904.60500,2908.47500,2902.12500,2902.21500,0
2025-02-11T12:00:00Z,2902.19500,2907.15500,2899.45500,2905.36500,0
2025-02-11T13:00:00Z,2905.36500,2906.98500,2903.07500,2905.59500,0
2025-02-11T14:00:00Z,2905.56900,2906.32500,2899.60500,2900.12500,0
2025-02-11T15:00:00Z,2900.12500,2900.38500,2893.85500,2897.34500,0
2025-02-11T16:00:00Z,2897.45500,2899.70500,2896.75500,2897.32500,0
2025-02-11T18:00:00Z,2896.57800,2900.58500,2895.84800,2898.37500,0
2025-02-11T19:00:00Z,2898.37500,2898.76500,2889.06500,2892.13500,0
2025-02-11T20:00:00Z,2892.08500,2897.57500,2883.34500,2893.12500,0
2025-02-11T21:00:00Z,2893.12500,2897.74500,2891.58500,2892.26500,0
2025-02-11T22:00:00Z,2892.24500,2892.89500,2886.61500,2888.85500,0
2025-02-11T23:00:00Z,2888.76500,2890.35500,2883.89500,2885.00500,0
2025-02-12T00:00:00Z,2885.21500,2887.79500,2883.50500,2886.14500,0
2025-02-12T01:00:00Z,2886.14500,2894.39500,2885.43500,2892.43500,0
2025-02-12T02:00:00Z,2892.42500,2895.70500,2890.61500,2892.65500,0
2025-02-12T03:00:00Z,2892.71500,2893.91500,2887.86500,2891.54500,0
2025-02-12T04:00:00Z,2891.55500,2893.29500,2886.14800,2886.49500,0
2025-02-12T05:00:00Z,2886.54500,2889.80500,2879.09800,2882.54500,0
2025-02-12T06:00:00Z,2882.48500,2885.81500,2879.15900,2879.35900,0
2025-02-12T07:00:00Z,2879.51500,2885.77900,2878.71800,2884.84900,0
2025-02-12T08:00:00Z,2884.88900,2885.51500,2863.68500,2884.52500,0
2025-02-12T09:00:00Z,2884.54500,2897.80500,2881.69500,2894.15500,0
2025-02-12T10:00:00Z,2894.18500,2895.81500,2886.58500,2894.50500,0
2025-02-12T11:00:00Z,2894.50500,2904.29500,2891.93500,2902.28500,0
2025-02-12T12:00:00Z,2902.29500,2909.03500,2901.73500,2902.61800,0
2025-02-12T13:00:00Z,2902.63500,2903.61500,2900.24500,2900.76800,0
2025-02-12T14:00:00Z,2900.80800,2901.60500,2893.38500,2897.67500,0
2025-02-12T15:00:00Z,2897.69500,2901.25500,2895.30500,2900.81500,0
2025-02-12T16:00:00Z,2900.80900,2904.16500,2899.91500,2903.97500,0
2025-02-12T18:00:00Z,2903.48500,2906.39800,2900.22500,2905.49800,0
2025-02-12T19:00:00Z,2905.49800,2908.89800,2904.22800,2906.06500,0
2025-02-12T20:00:00Z,2906.00500,2907.19500,2901.18800,2905.91500,0
2025-02-12T21:00:00Z,2905.87500,2908.83500,2905.10800,2908.59500,0
2025-02-12T22:00:00Z,2908.57500,2917.85500,2907.22800,2916.28500,0
2025-02-12T23:00:00Z,2916.27500,2919.03500,2916.04500,2918.35500,0
2025-02-13T00:00:00Z,2918.39500,2922.57500,2916.40500,2917.84500,0
2025-02-13T01:00:00Z,2917.83500,2918.74500,2912.34800,2915.85500,0
2025-02-13T02:00:00Z,2915.84500,2920.27500,2912.99500,2914.38500,0
2025-02-13T03:00:00Z,2914.31500,2917.90500,2909.30500,2911.52500,0
2025-02-13T04:00:00Z,2911.53500,2918.22500,2909.64500,2915.13500,0
2025-02-13T05:00:00Z,2915.03500,2919.22500,2913.72500,2917.77500,0
2025-02-13T06:00:00Z,2917.70500,2918.30500,2915.16500,2917.72500,0
2025-02-13T07:00:00Z,2917.78500,2921.10500,2915.34500,2917.45500,0
2025-02-13T08:00:00Z,2917.45500,2917.70500,2905.54800,2908.40500,0
2025-02-13T09:00:00Z,2908.37500,2917.20500,2906.39500,2914.90500,0
2025-02-13T10:00:00Z,2914.89500,2920.81500,2914.37500,2920.10500,0
2025-02-13T11:00:00Z,2920.09500,2920.71500,2912.88500,2913.68500,0
2025-02-13T12:00:00Z,2913.65500,2918.93500,2913.36500,2918.74500,0
2025-02-13T13:00:00Z,2918.78500,2925.11500,2913.98500,2923.80500,0
2025-02-13T14:00:00Z,2923.80500,2927.30500,2923.69800,2926.74500,0
2025-02-13T15:00:00Z,2926.71500,2928.86500,2924.66500,2928.27500,0
2025-02-13T16:00:00Z,2928.24500,2929.39500,2927.14500,2927.30500,0
2025-02-13T18:00:00Z,2926.73500,2932.21500,2926.67500,2930.93500,0
2025-02-13T19:00:00Z,2930.93500,2931.23500,2927.29800,2927.64500,0
2025-02-13T20:00:00Z,2927.74500,2933.70500,2927.67500,2929.67500,0
2025-02-13T21:00:00Z,2929.71500,2930.32500,2925.80500,2927.12500,0
2025-02-13T22:00:00Z,2927.12500,2930.21500,2922.91500,2924.17500,0
2025-02-13T23:00:00Z,2924.16900,2928.98500,2923.61500,2928.23500,0
2025-02-14T00:00:00Z,2928.26500,2932.27500,2926.52500,2930.61800,0
2025-02-14T01:00:00Z,2930.57800,2936.63500,2929.69500,2934.21500,0
2025-02-14T02:00:00Z,2934.19500,2935.00500,2930.33500,2931.64500,0
2025-02-14T03:00:00Z,2931.66500,2938.38500,2930.61500,2934.98500,0
2025-02-14T04:00:00Z,2934.92500,2938.68500,2933.89500,2934.98500,0
2025-02-14T05:00:00Z,2934.98500,2939.93500,2934.03500,2935.68500,0
2025-02-14T06:00:00Z,2935.71500,2937.46500,2929.12500,2930.95500,0
2025-02-14T07:00:00Z,2930.91500,2932.97500,2927.65500,2930.61500,0
2025-02-14T08:00:00Z,2930.58500,2933.14500,2917.41500,2920.38500,0
2025-02-14T09:00:00Z,2920.44500,2928.34500,2914.10500,2920.94500,0
2025-02-14T10:00:00Z,2920.94500,2921.57500,2892.79500,2901.80500,0
2025-02-14T11:00:00Z,2901.67500,2903.64500,2888.34500,2895.65500,0
2025-02-14T12:00:00Z,2895.64500,2897.22500,2885.16500,2886.76500,0
2025-02-14T13:00:00Z,2886.89500,2887.78500,2881.92500,2883.57500,0
2025-02-14T14:00:00Z,2883.58500,2885.72500,2878.59500,2880.43500,0
2025-02-14T15:00:00Z,2880.43500,2886.12500,2876.80500,2885.24800,0
2025-02-14T16:00:00Z,2885.24800,2885.55500,2881.63500,2882.08500,0
2025-02-16T18:00:00Z,2881.74500,2893.40500,2878.01500,2879.07500,0
2025-02-16T19:00:00Z,2879.09500,2887.99500,2879.09500,2883.27500,0
2025-02-16T20:00:00Z,2883.28500,2896.38500,2882.19500,2895.35500,0
2025-02-16T21:00:00Z,2895.38500,2899.63500,2893.58500,2899.00500,0
2025-02-16T22:00:00Z,2898.99500,2904.46500,2897.58500,2903.27500,0
2025-02-16T23:00:00Z,2903.26500,2904.77500,2898.29500,2898.89800,0
2025-02-17T00:00:00Z,2898.92500,2905.07500,2895.76500,2895.91500,0
2025-02-17T01:00:00Z,2895.89500,2897.48500,2888.15500,2896.32500,0
2025-02-17T02:00:00Z,2896.39500,2903.47500,2896.30500,2902.31500,0
2025-02-17T03:00:00Z,2902.40500,2902.52500,2894.98500,2900.03500,0
2025-02-17T04:00:00Z,2900.02900,2906.21500,2900.02500,2902.37500,0
2025-02-17T05:00:00Z,2902.30500,2902.80500,2895.37500,2902.65500,0
2025-02-17T06:00:00Z,2902.67500,2903.69500,2897.68800,2900.82500,0
2025-02-17T07:00:00Z,2900.79500,2901.44500,2895.32800,2897.31500,0
2025-02-17T08:00:00Z,2897.30800,2898.95500,2895.42800,2896.62500,0
2025-02-17T09:00:00Z,2896.61500,2903.70500,2896.24500,2902.86500,0
2025-02-17T10:00:00Z,2902.92800,2903.94500,2897.78500,2899.10500,0
2025-02-17T11:00:00Z,2899.08500,2901.03800,2896.35500,2899.03500,0
2025-02-17T12:00:00Z,2899.04500,2899.62500,2897.80500,2898.38500,0
2025-02-17T13:00:00Z,2898.33500,2899.05500,2896.87800,2898.04500,0
2025-02-17T14:00:00Z,2898.04500,2898.39500,2896.62500,2898.27500,0
2025-02-17T18:00:00Z,2898.54500,2899.28500,2896.89500,2899.17500,0
2025-02-17T19:00:00Z,2899.13500,2900.18500,2898.12500,2899.13500,0
2025-02-17T20:00:00Z,2899.14500,2899.69800,2891.77500,2895.47500,0
2025-02-17T21:00:00Z,2895.45500,2905.00500,2895.19500,2902.91500,0
2025-02-17T22:00:00Z,2902.93500,2910.67500,2902.60500,2908.75500,0
2025-02-17T23:00:00Z,2908.73500,2910.78500,2907.04500,2910.55500,0
2025-02-18T00:00:00Z,2910.87500,2915.53500,2909.62500,2910.31500,0
2025-02-18T01:00:00Z,2910.28800,2914.24500,2909.58500,2913.58500,0
2025-02-18T02:00:00Z,2913.57500,2915.10800,2908.33500,2911.40500,0
2025-02-18T03:00:00Z,2911.39500,2913.16500,2908.17500,2912.16500,0
2025-02-18T04:00:00Z,2912.15500,2913.24500,2909.84500,2912.52500,0
2025-02-18T05:00:00Z,2912.44500,2913.38500,2906.91500,2911.14500,0
2025-02-18T06:00:00Z,2911.18500,2914.64500,2909.52500,2914.04500,0
2025-02-18T07:00:00Z,2914.04500,2918.75500,2911.96500,2917.98500,0
2025-02-18T08:00:00Z,2917.98500,2921.13500,2913.11500,2918.56500,0
2025-02-18T09:00:00Z,2918.56500,2928.49500,2917.59500,2927.63500,0
2025-02-18T10:00:00Z,2927.71500,2929.52500,2923.40900,2926.88500,0
2025-02-18T11:00:00Z,2926.88500,2933.49500,2923.95500,2932.59500,0
2025-02-18T12:00:00Z,2932.59500,2933.32500,2929.27800,2930.81800,0
2025-02-18T13:00:00Z,2930.81800,2933.56500,2928.10800,2933.06500,0
2025-02-18T14:00:00Z,2933.03500,2936.82500,2931.69800,2935.57500,0
2025-02-18T15:00:00Z,2935.57500,2936.57500,2932.25500,2933.21500,0
2025-02-18T16:00:00Z,2933.30500,2936.48500,2933.05500,2934.56500,0
2025-02-18T18:00:00Z,2934.24800,2935.14800,2932.91500,2933.77800,0
2025-02-18T19:00:00Z,2933.77800,2934.12500,2928.25500,2929.03500,0
2025-02-18T20:00:00Z,2928.82500,2939.41500,2927.57500,2938.25500,0
2025-02-18T21:00:00Z,2938.26500,2939.46500,2924.00000,2929.01500,0
2025-02-18T22:00:00Z,2928.97500,2930.28500,2924.66500,2928.68500,0
2025-02-18T23:00:00Z,2928.64500,2929.34500,2926.30500,2929.14500,0
2025-02-19T00:00:00Z,2929.21500,2934.30500,2927.77500,2932.68500,0
2025-02-19T01:00:00Z,2932.54500,2935.65500,2930.52500,2931.26500,0
2025-02-19T02:00:00Z,2931.22500,2935.65500,2930.21500,2934.04500,0
2025-02-19T03:00:00Z,2933.99500,2939.98500,2933.51500,2938.43500,0
2025-02-19T04:00:00Z,2938.41500,2946.39500,2938.02500,2945.26500,0
2025-02-19T05:00:00Z,2945.30500,2946.86500,2942.47500,2944.66500,0
2025-02-19T06:00:00Z,2944.63500,2945.95500,2933.94800,2934.78500,0
2025-02-19T07:00:00Z,2934.77900,2936.58500,2931.07500,2933.31500,0
2025-02-19T08:00:00Z,2933.31500,2941.51500,2932.33500,2936.18500,0
2025-02-19T09:00:00Z,2936.15500,2940.42500,2929.97500,2937.94500,0
2025-02-19T10:00:00Z,2937.85500,2939.17500,2925.39500,2925.61500,0
2025-02-19T11:00:00Z,2925.55500,2930.68500,2922.85500,2927.84500,0
2025-02-19T12:00:00Z,2927.83800,2929.66500,2921.25500,2923.56500,0
2025-02-19T13:00:00Z,2923.55500,2926.54500,2918.36500,2924.27800,0
2025-02-19T14:00:00Z,2924.27800,2932.17500,2922.72800,2931.67500,0
2025-02-19T15:00:00Z,2931.69500,2936.42500,2931.16500,2935.65800,0
2025-02-19T16:00:00Z,2935.67500,2937.26800,2932.07500,2932.98500,0
2025-02-19T18:00:00Z,2932.53800,2936.13500,2932.53800,2935.08500,0
2025-02-19T19:00:00Z,2935.12500,2941.19500,2935.10500,2940.68500,0
2025-02-19T20:00:00Z,2940.69500,2942.14800,2934.29500,2936.69500,0
2025-02-19T21:00:00Z,2936.67500,2941.36500,2933.61500,2940.71500,0
2025-02-19T22:00:00Z,2940.53800,2943.81500,2940.36500,2941.73500,0
2025-02-19T23:00:00Z,2941.71500,2942.42500,2939.14500,2939.64500,0
2025-02-20T00:00:00Z,2939.73500,2946.68500,2939.12500,2946.65500,0
2025-02-20T01:00:00Z,2946.74800,2948.84500,2943.75500,2947.53500,0
2025-02-20T02:00:00Z,2947.56500,2954.12500,2946.22500,2948.80500,0
2025-02-20T03:00:00Z,2948.82500,2954.64500,2948.76500,2954.31500,0
2025-02-20T04:00:00Z,2954.33500,2954.75500,2949.61500,2951.30500,0
2025-02-20T05:00:00Z,2951.31500,2954.69500,2949.03500,2952.13500,0
2025-02-20T06:00:00Z,2952.14500,2952.72500,2947.01500,2948.53800,0
2025-02-20T07:00:00Z,2948.53800,2950.63500,2938.44800,2945.48500,0
2025-02-20T08:00:00Z,2945.38500,2947.56500,2933.80800,2933.82500,0
2025-02-20T09:00:00Z,2933.80800,2939.80500,2923.94500,2934.84800,0
2025-02-20T10:00:00Z,2934.94800,2939.47500,2931.47500,2938.44500,0
2025-02-20T11:00:00Z,2938.43500,2945.47500,2935.78500,2942.87500,0
2025-02-20T12:00:00Z,2942.84500,2946.88500,2939.85500,2940.32500,0
2025-02-20T13:00:00Z,2940.25500,2942.31500,2937.23500,2941.65500,0
2025-02-20T14:00:00Z,2941.72500,2941.79500,2933.16500,2937.73500,0
2025-02-20T15:00:00Z,2937.75500,2938.56500,2935.35500,2937.77500,0
2025-02-20T16:00:00Z,2937.66500,2940.08800,2937.20500,2938.99500,0
2025-02-20T18:00:00Z,2938.16500,2943.23500,2937.64500,2941.20500,0
2025-02-20T19:00:00Z,2941.25500,2942.64500,2936.89800,2939.79500,0
2025-02-20T20:00:00Z,2939.79500,2949.54500,2926.49500,2928.57500,0
2025-02-20T21:00:00Z,2928.49500,2940.93500,2926.23800,2939.01500,0
2025-02-20T22:00:00Z,2939.04500,2939.54500,2926.81500,2930.96500,0
2025-02-20T23:00:00Z,2930.92500,2932.10500,2926.35800,2928.27500,0
2025-02-21T00:00:00Z,2928.19500,2933.81500,2923.95500,2930.00500,0
2025-02-21T01:00:00Z,2929.95500,2931.36500,2925.39800,2929.19500,0
2025-02-21T02:00:00Z,2929.25500,2932.96500,2928.79500,2929.88500,0
2025-02-21T03:00:00Z,2929.88500,2931.17500,2916.61500,2923.09500,0
2025-02-21T04:00:00Z,2923.06500,2929.54500,2922.83500,2929.17500,0
2025-02-21T05:00:00Z,2929.20500,2930.95500,2928.74500,2930.39500,0
2025-02-21T06:00:00Z,2930.42500,2935.93500,2927.79500,2928.19500,0
2025-02-21T07:00:00Z,2928.18500,2935.04500,2927.34800,2929.92500,0
2025-02-21T08:00:00Z,2929.93500,2934.47500,2926.67500,2930.78500,0
2025-02-21T09:00:00Z,2930.75500,2938.81500,2927.95500,2933.04500,0
2025-02-21T10:00:00Z,2933.17500,2935.56500,2921.35500,2928.48500,0
2025-02-21T11:00:00Z,2928.48500,2938.30500,2927.16500,2936.54500,0
2025-02-21T12:00:00Z,2936.57500,2941.51500,2935.95500,2939.58500,0
2025-02-21T13:00:00Z,2939.68500,2942.62500,2937.52500,2941.61500,0
2025-02-21T14:00:00Z,2941.61500,2942.50500,2932.78500,2933.20500,0
2025-02-21T15:00:00Z,2933.18500,2937.04500,2932.28500,2934.52500,0
2025-02-21T16:00:00Z,2934.55500,2938.02500,2931.93500,2934.95500,0
2025-02-23T18:00:00Z,2934.81500,2940.06800,2933.19800,2936.63500,0
2025-02-23T19:00:00Z,2936.48500,2937.74800,2929.21500,2930.05500,0
2025-02-23T20:00:00Z,2930.03500,2931.24500,2921.05500,2927.74500,0
2025-02-23T21:00:00Z,2927.84500,2940.77500,2924.82500,2940.63500,0
2025-02-23T22:00:00Z,2940.64500,2944.57500,2939.63500,2940.93500,0
2025-02-23T23:00:00Z,2940.97500,2942.77500,2937.39500,2940.48500,0
2025-02-24T00:00:00Z,2940.50500,2941.85500,2935.38500,2936.27500,0
2025-02-24T01:00:00Z,2936.17500,2941.65500,2935.11500,2938.49500,0
2025-02-24T02:00:00Z,2938.49500,2944.79500,2938.20500,2943.70500,0
2025-02-24T03:00:00Z,2943.79500,2948.66500,2938.10500,2946.18500,0
2025-02-24T04:00:00Z,2946.08500,2948.04500,2942.66500,2944.08500,0
2025-02-24T05:00:00Z,2944.00500,2944.52500,2934.73500,2938.12500,0
2025-02-24T06:00:00Z,2938.18500,2948.10500,2937.52500,2947.61500,0
2025-02-24T07:00:00Z,2947.58500,2951.01500,2945.25500,2946.38500,0
2025-02-24T08:00:00Z,2946.35500,2954.46500,2946.12500,2954.30500,0
2025-02-24T09:00:00Z,2954.31500,2956.03500,2934.44500,2938.59500,0
2025-02-24T10:00:00Z,2938.51500,2940.38500,2930.58500,2936.37500,0
2025-02-24T11:00:00Z,2936.35500,2943.44500,2936.34500,2943.22500,0
2025-02-24T12:00:00Z,2943.22500,2944.61500,2940.84500,2943.03500,0
2025-02-24T13:00:00Z,2943.06500,2947.85500,2942.53500,2947.18500,0
2025-02-24T14:00:00Z,2947.23500,2949.68500,2946.62500,2948.99500,0
2025-02-24T15:00:00Z,2948.99500,2951.40500,2946.80500,2950.39500,0
2025-02-24T16:00:00Z,2950.36500,2952.90500,2950.12500,2952.72500,0
2025-02-24T18:00:00Z,2952.31500,2953.34800,2948.00500,2949.79500,0
2025-02-24T19:00:00Z,2949.74500,2952.40500,2947.95500,2949.45500,0
2025-02-24T20:00:00Z,2949.47500,2952.24500,2944.99500,2949.44500,0
2025-02-24T21:00:00Z,2949.46500,2951.94800,2946.88500,2948.44500,0
2025-02-24T22:00:00Z,2948.47500,2949.33500,2937.17800,2939.31500,0
2025-02-24T23:00:00Z,2939.29500,2939.54800,2935.00000,2936.64500,0
2025-02-25T00:00:00Z,2936.62500,2940.85500,2936.46500,2937.70800,0
2025-02-25T01:00:00Z,2937.53800,2938.27500,2933.30500,2935.63500,0
2025-02-25T02:00:00Z,2935.66500,2940.20500,2930.57500,2931.55500,0
2025-02-25T03:00:00Z,2931.58500,2942.23500,2929.36500,2941.45500,0
2025-02-25T04:00:00Z,2941.44500,2942.28500,2937.28500,2938.64800,0
2025-02-25T05:00:00Z,2938.63800,2941.34500,2937.19500,2937.24800,0
2025-02-25T06:00:00Z,2937.21500,2940.35500,2936.81500,2938.47500,0
2025-02-25T07:00:00Z,2938.53500,2941.12500,2923.80500,2928.38500,0
2025-02-25T08:00:00Z,2928.40500,2937.78500,2925.99500,2937.03500,0
2025-02-25T09:00:00Z,2937.02500,2944.64800,2931.59800,2932.04500,0
2025-02-25T10:00:00Z,2931.84800,2934.70500,2900.47500,2905.77500,0
2025-02-25T11:00:00Z,2905.72500,2906.62800,2888.08500,2896.24500,0
2025-02-25T12:00:00Z,2896.23500,2908.80500,2893.45500,2907.43500,0
2025-02-25T13:00:00Z,2907.43500,2912.06500,2905.23500,2909.38500,0
2025-02-25T14:00:00Z,2909.31500,2913.66500,2905.60500,2911.91500,0
2025-02-25T15:00:00Z,2911.89500,2913.23500,2910.65500,2912.55500,0
2025-02-25T16:00:00Z,2912.57500,2917.15500,2912.52500,2914.34800,0
2025-02-25T18:00:00Z,2913.96500,2918.80500,2913.32500,2918.40500,0
2025-02-25T19:00:00Z,2918.48500,2925.94500,2918.44500,2923.33500,0
2025-02-25T20:00:00Z,2923.33500,2929.99500,2915.01500,2917.64500,0
2025-02-25T21:00:00Z,2917.62500,2922.94500,2914.58800,2920.80800,0
2025-02-25T22:00:00Z,2920.80800,2921.42500,2916.34500,2916.98500,0
2025-02-25T23:00:00Z,2916.98500,2918.75500,2912.48500,2914.87500,0
2025-02-26T00:00:00Z,2914.90500,2920.86500,2914.62500,2915.21500,0
2025-02-26T01:00:00Z,2915.15500,2916.03500,2906.44500,2906.44500,0
2025-02-26T02:00:00Z,2906.57500,2917.30500,2905.59500,2915.27500,0
2025-02-26T03:00:00Z,2915.27500,2918.26500,2909.34500,2917.83500,0
2025-02-26T04:00:00Z,2917.79500,2918.86500,2912.00800,2912.97800,0
2025-02-26T05:00:00Z,2912.95800,2916.69500,2910.77800,2912.49500,0
2025-02-26T06:00:00Z,2912.50500,2915.26500,2911.94500,2913.63500,0
2025-02-26T07:00:00Z,2913.63500,2915.37500,2909.90500,2913.61500,0
2025-02-26T08:00:00Z,2913.65500,2915.00500,2905.32500,2905.75500,0
2025-02-26T09:00:00Z,2905.76500,2906.06500,2890.58800,2900.57500,0
2025-02-26T10:00:00Z,2900.77800,2914.12500,2898.38800,2913.09500,0
2025-02-26T11:00:00Z,2913.09500,2916.60500,2909.80500,2912.93500,0
2025-02-26T12:00:00Z,2912.93500,2916.06500,2910.13500,2913.62500,0
2025-02-26T13:00:00Z,2913.62500,2916.09500,2912.22500,2914.70500,0
2025-02-26T14:00:00Z,2914.72500,2916.23500,2913.09500,2913.79500,0
2025-02-26T15:00:00Z,2913.79500,2916.56500,2911.87500,2916.12500,0
2025-02-26T16:00:00Z,2916.07500,2918.51500,2915.68500,2916.02500,0
2025-02-26T18:00:00Z,2915.87800,2920.61500,2914.60500,2918.99500,0
2025-02-26T19:00:00Z,2918.97500,2918.97500,2915.57500,2916.96500,0
2025-02-26T20:00:00Z,2916.96500,2918.21500,2910.77500,2912.46500,0
2025-02-26T21:00:00Z,2912.44500,2914.72500,2904.12500,2906.49500,0
2025-02-26T22:00:00Z,2906.58500,2908.96500,2905.03500,2905.45500,0
2025-02-26T23:00:00Z,2905.54500,2906.20500,2895.97500,2897.11500,0
2025-02-27T00:00:00Z,2897.15500,2898.33500,2888.29500,2890.62500,0
2025-02-27T01:00:00Z,2890.66500,2898.20500,2890.33500,2894.01500,0
2025-02-27T02:00:00Z,2894.03500,2896.59500,2887.85500,2891.86500,0
2025-02-27T03:00:00Z,2891.72500,2892.03500,2880.13500,2881.20500,0
2025-02-27T04:00:00Z,2881.09500,2893.31500,2876.71500,2887.21500,0
2025-02-27T05:00:00Z,2887.21500,2894.84500,2886.37500,2891.99500,0
2025-02-27T06:00:00Z,2892.02500,2894.71500,2883.22500,2883.93500,0
2025-02-27T07:00:00Z,2883.87500,2888.54500,2882.91500,2884.86500,0
2025-02-27T08:00:00Z,2884.82500,2891.95500,2880.87500,2888.66800,0
2025-02-27T09:00:00Z,2888.42500,2892.17500,2867.56500,2871.89800,0
2025-02-27T10:00:00Z,2871.89800,2882.39500,2870.07800,2872.08800,0
2025-02-27T11:00:00Z,2871.92800,2877.92800,2871.47800,2877.24800,0
2025-02-27T12:00:00Z,2877.24800,2883.58800,2875.85500,2882.98800,0
2025-02-27T13:00:00Z,2882.93500,2887.24800,2882.54800,2887.24800,0
2025-02-27T14:00:00Z,2887.25800,2887.50800,2877.05500,2879.02500,0
2025-02-27T15:00:00Z,2879.03500,2879.16500,2872.53800,2873.76500,0
2025-02-27T16:00:00Z,2873.76500,2877.77500,2871.12500,2876.48500,0
2025-02-27T18:00:00Z,2876.29800,2878.09500,2874.47500,2875.81500,0
2025-02-27T19:00:00Z,2875.82500,2880.12500,2874.67500,2876.75500,0
2025-02-27T20:00:00Z,2876.85800,2884.92500,2873.62500,2874.57500,0
2025-02-27T21:00:00Z,2874.57500,2877.64800,2870.23500,2873.27500,0
2025-02-27T22:00:00Z,2873.27500,2876.23500,2863.42800,2865.56500,0
2025-02-27T23:00:00Z,2865.54500,2865.86500,2856.78500,2863.27800,0
2025-02-28T00:00:00Z,2863.26800,2866.88500,2861.60800,2863.85500,0
2025-02-28T01:00:00Z,2863.94800,2866.49500,2861.70500,2863.37500,0
2025-02-28T02:00:00Z,2863.39500,2865.04500,2857.17500,2858.53500,0
2025-02-28T03:00:00Z,2858.51500,2860.14500,2850.78800,2855.86500,0
2025-02-28T04:00:00Z,2855.84500,2864.17500,2855.66500,2862.25500,0
2025-02-28T05:00:00Z,2862.23500,2864.74500,2860.49500,2862.54500,0
2025-02-28T06:00:00Z,2862.52500,2863.54800,2858.80500,2861.99500,0
2025-02-28T07:00:00Z,2861.97500,2864.72500,2854.17800,2856.14800,0
2025-02-28T08:00:00Z,2856.14500,2862.10500,2848.06800,2848.33800,0
2025-02-28T09:00:00Z,2848.38800,2851.45500,2833.24800,2833.67500,0
2025-02-28T10:00:00Z,2833.66500,2850.46500,2832.45500,2849.91500,0
2025-02-28T11:00:00Z,2850.01500,2853.79500,2846.06500,2848.48500,0
2025-02-28T12:00:00Z,2848.47500,2851.34500,2844.32500,2844.93500,0
2025-02-28T13:00:00Z,2844.87500,2847.45800,2838.00000,2844.99800,0
2025-02-28T14:00:00Z,2845.06500,2850.75500,2843.76500,2849.45500,0
2025-02-28T15:00:00Z,2849.41500,2854.93500,2847.49500,2854.47500,0
2025-02-28T16:00:00Z,2854.49500,2859.52500,2853.14500,2856.99800,0
2025-03-02T18:00:00Z,2855.20500,2876.90500,2855.07500,2870.60800,0
2025-03-02T19:00:00Z,2870.60800,2871.09100,2864.89500,2865.49500,0
2025-03-02T20:00:00Z,2865.52500,2871.84800,2863.86800,2870.76500,0
2025-03-02T21:00:00Z,2870.73500,2871.81500,2867.84800,2868.03500,0
2025-03-02T22:00:00Z,2867.84800,2867.84800,2859.05500,2864.65500,0
2025-03-02T23:00:00Z,2864.64800,2868.34500,2862.87500,2867.24800,0
2025-03-03T00:00:00Z,2867.24800,2867.32500,2861.25800,2863.69500,0
2025-03-03T01:00:00Z,2863.67500,2865.90500,2861.57500,2865.24800,0
2025-03-03T02:00:00Z,2865.46500,2866.20500,2859.93500,2863.16500,0
2025-03-03T03:00:00Z,2863.20500,2868.70500,2858.73500,2868.44500,0
2025-03-03T04:00:00Z,2868.49500,2871.43500,2864.14500,2867.19500,0
2025-03-03T05:00:00Z,2867.22500,2873.55000,2866.94500,2871.78500,0
2025-03-03T06:00:00Z,2871.75500,2875.27500,2871.12500,2874.22500,0
2025-03-03T07:00:00Z,2874.17500,2877.47800,2873.82500,2875.47500,0
2025-03-03T08:00:00Z,2875.44500,2876.07500,2868.46500,2872.47500,0
2025-03-03T09:00:00Z,2872.48500,2882.88500,2871.08500,2876.95800,0
2025-03-03T10:00:00Z,2876.41500,2890.21500,2873.34800,2887.67500,0
2025-03-03T11:00:00Z,2887.78500,2892.93500,2885.85500,2891.24500,0
2025-03-03T12:00:00Z,2891.23500,2892.81500,2887.14500,2890.67500,0
2025-03-03T13:00:00Z,2890.69500,2892.25500,2886.33500,2889.77500,0
2025-03-03T14:00:00Z,2889.70500,2891.12500,2879.35500,2881.36500,0
2025-03-03T15:00:00Z,2881.35500,2891.31500,2878.11500,2890.32500,0
2025-03-03T16:00:00Z,2890.43500,2894.98500,2889.97800,2892.14800,0
2025-03-03T18:00:00Z,2891.78500,2893.12500,2890.33500,2890.62500,0
2025-03-03T19:00:00Z,2890.60500,2893.62500,2889.83500,2891.62500,0
2025-03-03T20:00:00Z,2891.62500,2892.81500,2881.64800,2888.08500,0
2025-03-03T21:00:00Z,2888.06500,2889.16500,2884.57500,2885.31500,0
2025-03-03T22:00:00Z,2885.28500,2892.89500,2884.77500,2888.44800,0
2025-03-03T23:00:00Z,2888.41800,2892.51800,2886.68500,2891.04800,0
2025-03-04T00:00:00Z,2891.04800,2894.22500,2888.17500,2889.48500,0
2025-03-04T01:00:00Z,2889.46500,2889.69500,2884.15500,2887.14500,0
2025-03-04T02:00:00Z,2887.17500,2901.10500,2886.79500,2899.84500,0
2025-03-04T03:00:00Z,2899.83900,2918.45800,2896.54500,2913.87500,0
2025-03-04T04:00:00Z,2913.95500,2921.07500,2912.38500,2917.72800,0
2025-03-04T05:00:00Z,2917.72800,2917.99500,2911.78500,2914.37500,0
2025-03-04T06:00:00Z,2914.33500,2921.45500,2912.54500,2919.71800,0
2025-03-04T07:00:00Z,2919.72500,2925.32500,2918.50500,2924.72500,0
2025-03-04T08:00:00Z,2924.69500,2927.71500,2919.68500,2922.39800,0
2025-03-04T09:00:00Z,2922.50500,2922.86500,2903.06800,2903.31800,0
2025-03-04T10:00:00Z,2903.31800,2912.14800,2899.83500,2905.77500,0
2025-03-04T11:00:00Z,2905.77500,2915.84800,2903.37500,2914.84800,0
2025-03-04T12:00:00Z,2914.84800,2916.14800,2910.80500,2911.40500,0
2025-03-04T13:00:00Z,2911.39500,2914.94500,2908.03500,2911.15500,0
2025-03-04T14:00:00Z,2911.13500,2916.30500,2910.98500,2915.94500,0
2025-03-04T15:00:00Z,2915.93900,2920.28500,2914.08500,2917.20500,0
2025-03-04T16:00:00Z,2917.13500,2918.44500,2913.13500,2916.62500,0
2025-03-04T18:00:00Z,2917.15500,2917.76800,2913.99500,2914.07500,0
2025-03-04T19:00:00Z,2913.94500,2916.91500,2911.98500,2913.84500,0
2025-03-04T20:00:00Z,2913.83500,2914.83500,2903.23500,2907.02500,0
2025-03-04T21:00:00Z,2907.01500,2914.40500,2901.75800,2904.07500,0
2025-03-04T22:00:00Z,2904.04500,2913.25500,2903.08500,2908.41500,0
2025-03-04T23:00:00Z,2908.38500,2912.41500,2908.24500,2910.29500,0
2025-03-05T00:00:00Z,2910.20500,2918.65500,2909.71500,2918.58500,0
2025-03-05T01:00:00Z,2918.52500,2921.50500,2913.34800,2916.86500,0
2025-03-05T02:00:00Z,2916.94500,2919.70500,2912.83500,2917.84800,0
2025-03-05T03:00:00Z,2917.85500,2921.76500,2916.57500,2919.77500,0
2025-03-05T04:00:00Z,2919.77500,2922.35500,2913.15500,2918.85500,0
2025-03-05T05:00:00Z,2918.85500,2919.13500,2908.67500,2913.21500,0
2025-03-05T06:00:00Z,2913.21500,2917.02500,2911.82900,2912.93900,0
2025-03-05T07:00:00Z,2913.14500,2919.09500,2912.13900,2915.84900,0
2025-03-05T08:00:00Z,2915.91900,2916.07500,2894.14500,2899.72500,0
2025-03-05T09:00:00Z,2899.73500,2916.92500,2897.46800,2910.11700,0
2025-03-05T10:00:00Z,2911.42800,2923.69900,2905.39800,2917.05500,0
2025-03-05T11:00:00Z,2916.96900,2929.74800,2914.99500,2923.59500,0
2025-03-05T12:00:00Z,2923.60500,2925.04500,2913.42800,2915.84800,0
2025-03-05T13:00:00Z,2915.84800,2920.55500,2911.12500,2917.18500,0
2025-03-05T14:00:00Z,2917.18500,2921.20500,2915.97500,2920.35500,0
2025-03-05T15:00:00Z,2920.35500,2922.88500,2919.41500,2921.85500,0
2025-03-05T16:00:00Z,2922.04500,2922.20500,2917.54800,2918.73500,0
2025-03-05T18:00:00Z,2918.25800,2918.52500,2916.13800,2918.16500,0
2025-03-05T19:00:00Z,2918.14500,2920.17500,2916.32500,2916.50500,0
2025-03-05T20:00:00Z,2916.49800,2925.49500,2915.69500,2924.51500,0
2025-03-05T21:00:00Z,2924.51500,2926.42500,2922.68800,2925.30800,0
2025-03-05T22:00:00Z,2925.34800,2925.34800,2919.88800,2920.99500,0
2025-03-05T23:00:00Z,2920.99500,2921.35500,2916.15500,2917.14800,0
2025-03-06T00:00:00Z,2917.14800,2920.55500,2914.38500,2919.62500,0
2025-03-06T01:00:00Z,2919.67500,2922.89500,2919.66500,2920.43500,0
2025-03-06T02:00:00Z,2920.46500,2922.39500,2909.64500,2909.99500,0
2025-03-06T03:00:00Z,2909.95500,2911.35500,2900.90500,2904.62500,0
2025-03-06T04:00:00Z,2904.57500,2905.09500,2890.81500,2894.10500,0
2025-03-06T05:00:00Z,2894.08500,2905.04800,2891.72500,2898.97500,0
2025-03-06T06:00:00Z,2898.95500,2907.50500,2898.39500,2905.68500,0
2025-03-06T07:00:00Z,2905.70500,2907.12500,2899.08500,2903.03500,0
2025-03-06T08:00:00Z,2903.02500,2909.22500,2900.51500,2904.14500,0
2025-03-06T09:00:00Z,2904.09500,2916.45800,2903.08500,2914.96500,0
2025-03-06T10:00:00Z,2915.11500,2922.62800,2908.87500,2914.26800,0
2025-03-06T11:00:00Z,2914.26800,2918.25500,2912.33500,2916.95500,0
2025-03-06T12:00:00Z,2916.95500,2921.25800,2914.11500,2915.22500,0
2025-03-06T13:00:00Z,2915.27500,2920.53500,2913.53500,2915.92500,0
2025-03-06T14:00:00Z,2915.92500,2917.44800,2911.95500,2913.68500,0
2025-03-06T15:00:00Z,2913.60500,2916.34500,2908.30800,2908.55500,0
2025-03-06T16:00:00Z,2908.52500,2911.66500,2908.10500,2910.80500,0
2025-03-06T18:00:00Z,2910.89800,2913.46500,2909.67500,2910.05800,0
2025-03-06T19:00:00Z,2910.05800,2910.05800,2895.69800,2904.53500,0
2025-03-06T20:00:00Z,2904.56500,2909.98500,2901.32500,2906.56500,0
2025-03-06T21:00:00Z,2906.54800,2909.11500,2900.98500,2907.97500,0
2025-03-06T22:00:00Z,2907.88500,2908.82500,2903.76500,2905.16500,0
2025-03-06T23:00:00Z,2905.14900,2908.14500,2904.50900,2906.46500,0
2025-03-07T00:00:00Z,2906.53500,2912.37500,2906.23500,2909.30500,0
2025-03-07T01:00:00Z,2909.27500,2914.68500,2907.57500,2913.34500,0
2025-03-07T02:00:00Z,2913.37500,2917.15500,2911.43500,2916.98500,0
2025-03-07T03:00:00Z,2916.96500,2922.84500,2915.05500,2922.20500,0
2025-03-07T04:00:00Z,2922.19500,2922.87500,2919.99500,2921.33500,0
2025-03-07T05:00:00Z,2921.32500,2921.59500,2916.78800,2917.66800,0
2025-03-07T06:00:00Z,2917.65800,2921.82500,2916.44500,2918.54800,0
2025-03-07T07:00:00Z,2918.54800,2922.56500,2917.76500,2918.45800,0
2025-03-07T08:00:00Z,2918.44500,2926.08500,2909.97500,2913.54800,0
2025-03-07T09:00:00Z,2913.46800,2928.57800,2903.22900,2926.49800,0
2025-03-07T10:00:00Z,2926.26500,2930.18500,2909.00000,2915.60500,0
2025-03-07T11:00:00Z,2915.54500,2919.30500,2911.42500,2913.79500,0
2025-03-07T12:00:00Z,2913.77500,2915.95500,2904.64800,2908.08500,0
2025-03-07T13:00:00Z,2907.94500,2908.52800,2901.82500,2906.36500,0
2025-03-07T14:00:00Z,2906.49500,2909.38500,2904.47500,2905.01500,0
2025-03-07T15:00:00Z,2904.98500,2911.07500,2904.67500,2909.52500,0
2025-03-07T16:00:00Z,2909.56500,2912.44800,2908.30500,2909.35500,0
2025-03-09T17:00:00Z,2910.90500,2914.97500,2909.47500,2911.64800,0
2025-03-09T18:00:00Z,2911.63800,2916.67800,2910.99800,2915.90800,0
2025-03-09T19:00:00Z,2915.90800,2917.84800,2912.81900,2913.66500,0
2025-03-09T20:00:00Z,2913.71500,2918.12500,2911.07900,2912.08900,0
2025-03-09T21:00:00Z,2912.08900,2914.37500,2909.15900,2911.32500,0
2025-03-09T22:00:00Z,2911.31500,2913.47500,2907.97500,2910.69500,0
2025-03-09T23:00:00Z,2910.61500,2912.48500,2910.01900,2910.65800,0
2025-03-10T00:00:00Z,2910.66500,2911.74500,2906.68900,2909.74500,0
2025-03-10T01:00:00Z,2909.74500,2914.49500,2909.17500,2914.22500,0
2025-03-10T02:00:00Z,2914.25500,2915.25500,2904.12500,2908.12500,0
2025-03-10T03:00:00Z,2908.13500,2910.47900,2897.40900,2897.66900,0
2025-03-10T04:00:00Z,2897.66900,2915.27500,2896.45900,2910.98500,0
2025-03-10T05:00:00Z,2910.97500,2911.10500,2898.14800,2902.82900,0
2025-03-10T06:00:00Z,2902.82900,2904.55500,2895.42500,2903.85900,0
2025-03-10T07:00:00Z,2903.89500,2907.47500,2900.22500,2906.45500,0
2025-03-10T08:00:00Z,2906.52500,2908.35800,2897.51500,2903.59500,0
2025-03-10T09:00:00Z,2903.57500,2909.01500,2900.69500,2907.76500,0
2025-03-10T10:00:00Z,2908.05500,2910.28800,2900.41500,2904.29500,0
2025-03-10T11:00:00Z,2904.31800,2906.60500,2895.68500,2895.79500,0
2025-03-10T12:00:00Z,2895.79500,2895.86800,2882.50800,2885.79500,0
2025-03-10T13:00:00Z,2885.80500,2889.45500,2879.93500,2885.32500,0
2025-03-10T14:00:00Z,2885.27500,2890.85500,2879.95500,2885.39500,0
2025-03-10T15:00:00Z,2885.39500,2889.39500,2884.12500,2888.32500,0
2025-03-10T17:00:00Z,2888.09800,2889.93500,2883.83500,2884.37800,0
2025-03-10T18:00:00Z,2884.37800,2885.58500,2882.04800,2884.40500,0
2025-03-10T19:00:00Z,2884.47500,2888.45500,2883.92500,2886.99800,0
2025-03-10T20:00:00Z,2887.14500,2890.75500,2879.93800,2890.36500,0
2025-03-10T21:00:00Z,2890.31500,2900.31500,2889.67500,2898.89500,0
2025-03-10T22:00:00Z,2898.89500,2899.23500,2894.82800,2896.68500,0
2025-03-10T23:00:00Z,2896.68800,2898.50500,2895.22800,2897.48500,0
2025-03-11T00:00:00Z,2897.44500,2898.91500,2892.40500,2895.65500,0
2025-03-11T01:00:00Z,2895.65500,2902.60500,2893.24500,2902.23500,0
2025-03-11T02:00:00Z,2902.24500,2903.39500,2897.39500,2900.86800,0
2025-03-11T03:00:00Z,2900.86500,2910.23500,2900.26800,2909.90500,0
2025-03-11T04:00:00Z,2909.90500,2912.23500,2908.59500,2911.49500,0
2025-03-11T05:00:00Z,2911.56500,2914.35500,2910.69500,2911.79500,0
2025-03-11T06:00:00Z,2911.82500,2915.26800,2910.51500,2913.32500,0
2025-03-11T07:00:00Z,2913.33500,2915.83500,2910.33500,2912.92500,0
2025-03-11T08:00:00Z,2912.93500,2922.04800,2906.66500,2917.40500,0
2025-03-11T09:00:00Z,2917.46500,2920.72500,2911.62500,2913.72500,0
2025-03-11T10:00:00Z,2913.71900,2919.66500,2913.60900,2916.61500,0
2025-03-11T11:00:00Z,2916.60800,2917.92500,2914.94500,2916.96500,0
2025-03-11T12:00:00Z,2916.96500,2920.46500,2913.89500,2917.55500,0
2025-03-11T13:00:00Z,2917.54900,2919.35500,2914.98500,2918.01500,0
2025-03-11T14:00:00Z,2918.01500,2921.24500,2917.24500,2918.19500,0
2025-03-11T15:00:00Z,2918.19500,2918.83500,2914.92500,2915.62500,0
2025-03-11T17:00:00Z,2914.99800,2917.64800,2914.15500,2917.07800,0
2025-03-11T18:00:00Z,2917.11800,2919.45500,2915.10800,2915.14800,0
2025-03-11T19:00:00Z,2915.14800,2915.24800,2911.87500,2914.08500,0
2025-03-11T20:00:00Z,2914.03500,2917.18500,2910.55800,2914.71500,0
2025-03-11T21:00:00Z,2914.56500,2918.07500,2913.75500,2916.11500,0
2025-03-11T22:00:00Z,2916.04500,2919.79500,2914.67500,2914.75500,0
2025-03-11T23:00:00Z,2914.76500,2915.88500,2912.34500,2914.78500,0
2025-03-12T00:00:00Z,2914.78500,2916.28800,2911.89800,2915.75800,0
2025-03-12T01:00:00Z,2915.79500,2921.03500,2911.10500,2911.56500,0
2025-03-12T02:00:00Z,2911.58500,2915.52500,2908.78500,2914.33500,0
2025-03-12T03:00:00Z,2914.31500,2922.07500,2913.79500,2922.05500,0
2025-03-12T04:00:00Z,2922.06500,2925.13500,2913.50500,2914.57800,0
2025-03-12T05:00:00Z,2914.56800,2916.84500,2912.60500,2914.19500,0
2025-03-12T06:00:00Z,2914.19500,2916.52500,2912.53500,2915.11500,0
2025-03-12T07:00:00Z,2915.10500,2923.02500,2911.93500,2917.30500,0
2025-03-12T08:00:00Z,2917.29500,2918.67500,2905.75500,2915.46500,0
2025-03-12T09:00:00Z,2915.46500,2922.44800,2914.09500,2921.67800,0
2025-03-12T10:00:00Z,2921.67800,2929.14500,2921.24800,2928.14800,0
2025-03-12T11:00:00Z,2928.50500,2938.94800,2927.66500,2936.09500,0
2025-03-12T12:00:00Z,2936.13900,2940.34800,2935.58500,2935.96500,0
2025-03-12T13:00:00Z,2935.92500,2937.24800,2933.46500,2934.97500,0
2025-03-12T14:00:00Z,2934.94800,2935.50500,2930.78500,2931.11500,0
2025-03-12T15:00:00Z,2931.09900,2934.02500,2930.65500,2932.92500,0
2025-03-12T17:00:00Z,2933.69800,2938.79500,2932.88500,2937.98500,0
2025-03-12T18:00:00Z,2937.98500,2939.14800,2934.43500,2937.92500,0
2025-03-12T19:00:00Z,2937.92500,2939.19500,2937.34800,2938.42500,0
2025-03-12T20:00:00Z,2938.47500,2941.30500,2936.24800,2937.67500,0
2025-03-12T21:00:00Z,2937.71500,2945.84500,2937.28500,2944.05500,0
2025-03-12T22:00:00Z,2944.05500,2946.97500,2942.72500,2945.44500,0
2025-03-12T23:00:00Z,2945.40500,2946.03500,2943.33500,2944.45500,0
2025-03-13T00:00:00Z,2944.49500,2944.92500,2938.00500,2939.89500,0
2025-03-13T01:00:00Z,2939.89500,2940.13500,2935.25500,2936.64500,0
2025-03-13T02:00:00Z,2936.70500,2937.92500,2932.76800,2935.07500,0
2025-03-13T03:00:00Z,2935.11500,2944.77500,2934.67500,2941.34500,0
2025-03-13T04:00:00Z,2941.36500,2948.73500,2940.87500,2947.54800,0
2025-03-13T05:00:00Z,2947.56500,2948.44500,2941.97500,2943.92500,0
2025-03-13T06:00:00Z,2943.92500,2948.45500,2943.92500,2946.13500,0
2025-03-13T07:00:00Z,2946.12900,2949.05500,2941.00000,2942.20500,0
2025-03-13T08:00:00Z,2942.24500,2952.26500,2938.73800,2950.12500,0
2025-03-13T09:00:00Z,2950.16500,2971.04800,2949.65900,2969.73500,0
2025-03-13T10:00:00Z,2969.77800,2978.19500,2966.19800,2977.65500,0
2025-03-13T11:00:00Z,2977.66500,2985.07500,2976.38500,2979.93500,0
2025-03-13T12:00:00Z,2979.94500,2982.13500,2976.16500,2979.24500,0
2025-03-13T13:00:00Z,2979.25500,2984.14800,2978.85500,2983.14800,0
2025-03-13T14:00:00Z,2983.04800,2985.32500,2980.35500,2982.74500,0
2025-03-13T15:00:00Z,2982.74500,2989.16500,2981.01500,2988.07500,0
2025-03-13T17:00:00Z,2988.69800,2989.78500,2982.74800,2986.89800,0
2025-03-13T18:00:00Z,2986.93800,2989.05500,2985.09800,2986.19500,0
2025-03-13T19:00:00Z,2986.17500,2988.52500,2984.40800,2986.46500,0
2025-03-13T20:00:00Z,2986.49800,2990.01500,2981.47500,2987.71500,0
2025-03-13T21:00:00Z,2987.68500,2988.41500,2983.54500,2983.88800,0
2025-03-13T22:00:00Z,2983.88800,2992.87500,2983.77800,2992.37500,0
2025-03-13T23:00:00Z,2992.37500,2993.83500,2984.15800,2985.20500,0
2025-03-14T00:00:00Z,2985.39500,2986.45500,2981.60900,2986.13500,0
2025-03-14T01:00:00Z,2986.13500,2987.63500,2981.00000,2985.51500,0
2025-03-14T02:00:00Z,2985.53500,2986.91500,2981.00000,2986.74800,0
2025-03-14T03:00:00Z,2986.77500,2993.14500,2985.02500,2992.79500,0
2025-03-14T04:00:00Z,2992.79500,2999.29500,2992.55500,2998.59500,0
2025-03-14T05:00:00Z,2998.63500,3004.72500,2986.38500,2993.12500,0
2025-03-14T06:00:00Z,2993.06500,2998.95500,2993.06500,2993.30500,0
2025-03-14T07:00:00Z,2993.30500,2999.41500,2993.20500,2993.65500,0
2025-03-14T08:00:00Z,2993.65500,2995.84800,2983.09800,2984.89500,0
2025-03-14T09:00:00Z,2984.26800,2993.15500,2981.83900,2985.16500,0
2025-03-14T10:00:00Z,2985.14500,2986.18500,2978.08500,2984.34800,0
2025-03-14T11:00:00Z,2984.25900,2989.80500,2982.75500,2989.49800,0
2025-03-14T12:00:00Z,2989.65500,2990.28500,2986.19500,2986.35500,0
2025-03-14T13:00:00Z,2986.45500,2986.81500,2982.94900,2983.20900,0
2025-03-14T14:00:00Z,2983.22900,2985.80500,2982.00500,2983.77500,0
2025-03-14T15:00:00Z,2983.84500,2988.47500,2981.62500,2983.79500,0
2025-03-16T17:00:00Z,2984.28500,2990.54500,2983.04800,2988.85500,0
2025-03-16T18:00:00Z,2988.92500,2993.90500,2988.12500,2989.91500,0
2025-03-16T19:00:00Z,2989.91500,2990.96500,2986.07800,2990.76500,0
2025-03-16T20:00:00Z,2990.74500,2992.89500,2988.43500,2990.59500,0
2025-03-16T21:00:00Z,2990.62500,2991.78500,2986.74800,2987.91800,0
2025-03-16T22:00:00Z,2987.94500,2988.49800,2985.07500,2986.88500,0
2025-03-16T23:00:00Z,2986.87900,2987.83500,2982.16500,2982.37500,0
2025-03-17T00:00:00Z,2982.56500,2985.92500,2981.97500,2985.84500,0
2025-03-17T01:00:00Z,2985.87500,2990.54500,2985.18500,2989.67500,0
2025-03-17T02:00:00Z,2989.67500,2989.80900,2983.83500,2985.32500,0
2025-03-17T03:00:00Z,2985.31900,2988.28500,2982.93500,2988.28500,0
2025-03-17T04:00:00Z,2988.28500,2996.73500,2987.42500,2995.49500,0
2025-03-17T05:00:00Z,2995.46500,2999.29500,2994.56500,2998.70500,0
2025-03-17T06:00:00Z,2998.71500,3001.07500,2996.28500,2997.27500,0
2025-03-17T07:00:00Z,2997.34500,2997.72500,2984.53500,2986.94500,0
2025-03-17T08:00:00Z,2986.97500,2991.20800,2985.80500,2988.13500,0
2025-03-17T09:00:00Z,2988.12500,3000.35500,2986.94500,2998.48500,0
2025-03-17T10:00:00Z,2998.48500,2999.14800,2992.67800,2996.94500,0
2025-03-17T11:00:00Z,2996.94500,2997.46800,2992.80500,2994.28500,0
2025-03-17T12:00:00Z,2994.29500,2999.29500,2994.22500,2997.73500,0
2025-03-17T13:00:00Z,2997.73500,3000.19500,2996.50500,2999.14800,0
2025-03-17T14:00:00Z,2999.13500,3000.69500,2997.50800,3000.09900,0
2025-03-17T15:00:00Z,3000.08500,3001.75500,2999.94800,3000.42500,0
2025-03-17T17:00:00Z,3000.09800,3001.44800,2999.68500,2999.88800,0
2025-03-17T18:00:00Z,2999.85500,3002.66500,2999.34800,2999.51800,0
2025-03-17T19:00:00Z,2999.50800,3003.45500,2999.25800,3001.29800,0
2025-03-17T20:00:00Z,3001.28800,3008.18800,2999.26500,3005.53500,0
2025-03-17T21:00:00Z,3005.53500,3011.88500,3002.61500,3010.70500,0
2025-03-17T22:00:00Z,3010.69500,3014.85500,3009.29800,3011.23500,0
2025-03-17T23:00:00Z,3011.26500,3016.97500,3011.05500,3014.20800,0
2025-03-18T00:00:00Z,3014.20800,3014.51800,3005.84800,3011.74800,0
2025-03-18T01:00:00Z,3011.75500,3017.43900,3010.34800,3015.50500,0
2025-03-18T02:00:00Z,3015.52500,3018.69500,3014.23900,3016.30900,0
2025-03-18T03:00:00Z,3016.30900,3027.17500,3016.26900,3026.43900,0
2025-03-18T04:00:00Z,3026.41800,3028.35500,3018.00900,3019.97900,0
2025-03-18T05:00:00Z,3019.87900,3025.52500,3019.40500,3023.86900,0
2025-03-18T06:00:00Z,3023.86900,3029.31900,3022.26500,3026.64900,0
2025-03-18T07:00:00Z,3026.64900,3035.58500,3026.56500,3034.04800,0
2025-03-18T08:00:00Z,3034.02500,3038.05800,3025.97500,3033.08500,0
2025-03-18T09:00:00Z,3033.04800,3033.04800,3024.43800,3027.82500,0
2025-03-18T10:00:00Z,3027.82500,3032.34500,3024.92500,3031.56500,0
2025-03-18T11:00:00Z,3031.54500,3036.77500,3030.27500,3035.80500,0
2025-03-18T12:00:00Z,3035.95500,3036.10500,3029.54500,3032.38500,0
2025-03-18T13:00:00Z,3032.42500,3036.19500,3032.19500,3035.58500,0
2025-03-18T14:00:00Z,3035.54500,3037.85500,3035.10800,3035.37500,0
2025-03-18T15:00:00Z,3035.39500,3035.79500,3033.12500,3034.07500,0
2025-03-18T17:00:00Z,3033.33500,3034.60500,3032.40800,3034.18800,0
2025-03-18T18:00:00Z,3034.23800,3034.84800,3031.26800,3031.52800,0
2025-03-18T19:00:00Z,3031.56500,3033.78500,3030.19800,3031.19500,0
2025-03-18T20:00:00Z,3031.19500,3032.45500,3027.17500,3029.34500,0
2025-03-18T21:00:00Z,3029.25500,3033.60500,3028.80500,3033.21500,0
2025-03-18T22:00:00Z,3033.21500,3038.79500,3032.06800,3036.04800,0
2025-03-18T23:00:00Z,3036.04800,3037.48500,3033.98500,3036.27500,0
2025-03-19T00:00:00Z,3036.38500,3045.15500,3036.29500,3044.30500,0
2025-03-19T01:00:00Z,3044.25500,3044.55500,3034.30800,3041.96500,0
2025-03-19T02:00:00Z,3041.99500,3042.67500,3035.24500,3035.66500,0
2025-03-19T03:00:00Z,3035.68500,3036.84800,3024.37500,3024.84800,0
2025-03-19T04:00:00Z,3024.84800,3031.12500,3022.31500,3030.29500,0
2025-03-19T05:00:00Z,3030.28500,3037.60500,3028.21500,3034.28500,0
2025-03-19T06:00:00Z,3034.28500,3039.73500,3033.47500,3038.69500,0
2025-03-19T07:00:00Z,3038.64800,3040.89800,3036.13500,3036.94800,0
2025-03-19T08:00:00Z,3036.94800,3038.00500,3027.38800,3033.16500,0
2025-03-19T09:00:00Z,3032.97500,3032.97500,3025.67800,3027.44500,0
2025-03-19T10:00:00Z,3027.40500,3032.76500,3026.62500,3031.25500,0
2025-03-19T11:00:00Z,3031.29500,3038.19500,3031.15500,3032.89500,0
2025-03-19T12:00:00Z,3032.93500,3034.05500,3029.24500,3029.52800,0
2025-03-19T13:00:00Z,3029.73800,3048.48500,3028.53800,3046.62500,0
2025-03-19T14:00:00Z,3046.70500,3051.75800,3040.73800,3047.69500,0
2025-03-19T15:00:00Z,3047.72500,3047.84800,3044.04500,3045.95500,0
2025-03-19T17:00:00Z,3047.64800,3050.34800,3046.68500,3049.94800,0
2025-03-19T18:00:00Z,3049.94800,3051.10500,3048.45800,3049.87500,0
2025-03-19T19:00:00Z,3049.89500,3055.28500,3049.89500,3052.97800,0
2025-03-19T20:00:00Z,3052.96800,3056.15500,3049.16500,3049.44800,0
2025-03-19T21:00:00Z,3049.44800,3051.91500,3044.76800,3045.30800,0
2025-03-19T22:00:00Z,3045.30800,3050.29500,3045.14800,3049.74500,0
2025-03-19T23:00:00Z,3049.72800,3057.24500,3047.91500,3052.09800,0
2025-03-20T00:00:00Z,3052.13800,3053.36800,3044.66800,3046.58500,0
2025-03-20T01:00:00Z,3046.57500,3051.40500,3045.43500,3048.79500,0
2025-03-20T02:00:00Z,3048.79500,3048.84500,3041.63500,3042.10500,0
2025-03-20T03:00:00Z,3042.10500,3043.74800,3038.47500,3041.78500,0
2025-03-20T04:00:00Z,3041.78500,3046.06500,3040.42500,3041.30500,0
2025-03-20T05:00:00Z,3041.30500,3041.35500,3025.42800,3034.01500,0
2025-03-20T06:00:00Z,3034.01500,3035.06500,3029.12500,3034.26500,0
2025-03-20T07:00:00Z,3034.32500,3042.17500,3033.14500,3040.65500,0
2025-03-20T08:00:00Z,3040.84500,3040.86500,3029.84800,3032.16800,0
2025-03-20T09:00:00Z,3032.16500,3040.72500,3030.40800,3039.98500,0
2025-03-20T10:00:00Z,3040.02500,3041.72500,3037.40800,3040.47800,0
2025-03-20T11:00:00Z,3040.45500,3043.12500,3033.71800,3038.11500,0
2025-03-20T12:00:00Z,3038.13500,3041.72500,3034.54800,3041.53500,0
2025-03-20T13:00:00Z,3041.53500,3045.20500,3040.61800,3043.04500,0
2025-03-20T14:00:00Z,3043.03900,3045.92500,3042.98500,3044.44800,0
2025-03-20T15:00:00Z,3044.47500,3045.68500,3044.07500,3044.72500,0
2025-03-20T17:00:00Z,3043.92500,3045.84800,3043.35500,3045.54800,0
2025-03-20T18:00:00Z,3045.54800,3046.48500,3044.27500,3046.24500,0
2025-03-20T19:00:00Z,3046.24500,3047.26500,3042.07500,3042.62500,0
2025-03-20T20:00:00Z,3042.65500,3044.39500,3035.67500,3035.71500,0
2025-03-20T21:00:00Z,3035.74500,3036.78500,3033.65500,3034.40500,0
2025-03-20T22:00:00Z,3034.40500,3034.41500,3029.79500,3030.31800,0
2025-03-20T23:00:00Z,3030.30800,3031.84800,3027.70800,3029.67500,0
2025-03-21T00:00:00Z,3029.72500,3030.18500,3021.30500,3027.86500,0
2025-03-21T01:00:00Z,3027.88500,3033.78500,3027.27500,3029.62500,0
2025-03-21T02:00:00Z,3029.62500,3033.26500,3027.89500,3031.77500,0
2025-03-21T03:00:00Z,3031.77500,3034.52500,3026.90500,3032.74500,0
2025-03-21T04:00:00Z,3032.62500,3032.95500,3027.55500,3029.47500,0
2025-03-21T05:00:00Z,3029.47500,3033.26500,3029.36500,3030.58800,0
2025-03-21T06:00:00Z,3030.55800,3037.43800,3028.65800,3034.11500,0
2025-03-21T07:00:00Z,3034.10500,3037.97500,3033.26500,3033.80800,0
2025-03-21T08:00:00Z,3033.79800,3036.65500,3004.07500,3006.34800,0
2025-03-21T09:00:00Z,3006.31500,3016.74800,2999.26800,3015.45500,0
2025-03-21T10:00:00Z,3015.47500,3017.77500,3009.79500,3010.82500,0
2025-03-21T11:00:00Z,3010.84500,3016.89500,3010.40800,3014.94500,0
2025-03-21T12:00:00Z,3015.03500,3018.03500,3012.54800,3013.46500,0
2025-03-21T13:00:00Z,3013.45900,3021.44500,3013.20500,3017.22500,0
2025-03-21T14:00:00Z,3017.21500,3021.84500,3015.80800,3019.82500,0
2025-03-21T15:00:00Z,3019.85500,3024.12500,3019.76500,3022.70500,0
2025-03-23T17:00:00Z,3020.15500,3025.92500,3020.15500,3025.34800,0
2025-03-23T18:00:00Z,3025.24500,3026.04500,3023.09800,3024.51500,0
2025-03-23T19:00:00Z,3024.44800,3025.44500,3016.89500,3018.35500,0
2025-03-23T20:00:00Z,3018.30500,3025.49500,3018.08500,3020.68500,0
2025-03-23T21:00:00Z,3020.74800,3024.31500,3013.47500,3016.15500,0
2025-03-23T22:00:00Z,3016.10500,3019.60800,3015.43800,3016.74500,0
2025-03-23T23:00:00Z,3016.70500,3019.90500,3016.24800,3019.14500,0
2025-03-24T00:00:00Z,3019.14500,3023.00500,3018.68800,3021.85500,0
2025-03-24T01:00:00Z,3021.85500,3025.54500,3017.12500,3024.85500,0
2025-03-24T02:00:00Z,3024.87500,3028.72500,3020.77500,3022.16500,0
2025-03-24T03:00:00Z,3022.16500,3028.81500,3021.66500,3028.61800,0
2025-03-24T04:00:00Z,3028.65500,3030.93500,3022.32500,3023.34800,0
2025-03-24T05:00:00Z,3023.34800,3033.13500,3023.20500,3027.85800,0
2025-03-24T06:00:00Z,3027.85800,3029.05500,3024.15500,3024.44800,0
2025-03-24T07:00:00Z,3024.44800,3028.42500,3022.22500,3024.11500,0
2025-03-24T08:00:00Z,3023.96500,3028.05500,3018.92500,3022.35500,0
2025-03-24T09:00:00Z,3022.27800,3023.84800,3007.74800,3011.89500,0
2025-03-24T10:00:00Z,3011.83500,3015.14500,3006.00000,3013.84500,0
2025-03-24T11:00:00Z,3013.84500,3015.45500,3007.78500,3009.55500,0
2025-03-24T12:00:00Z,3009.54500,3009.79500,3006.00000,3006.83500,0
2025-03-24T13:00:00Z,3006.81500,3007.99500,3002.14500,3006.62500,0
2025-03-24T14:00:00Z,3006.68500,3008.10500,3004.80500,3005.97500,0
2025-03-24T15:00:00Z,3005.96900,3014.47500,3005.46500,3011.43500,0
2025-03-24T17:00:00Z,3011.41500,3012.31500,3008.93800,3011.16800,0
2025-03-24T18:00:00Z,3011.20500,3012.04800,3009.20500,3009.59500,0
2025-03-24T19:00:00Z,3009.61500,3014.71500,3008.85500,3013.90500,0
2025-03-24T20:00:00Z,3013.96800,3014.39500,3010.42800,3011.66500,0
2025-03-24T21:00:00Z,3011.66500,3012.16500,3007.31500,3008.92500,0
2025-03-24T22:00:00Z,3008.97500,3016.08500,3008.37500,3015.13500,0
2025-03-24T23:00:00Z,3015.23500,3016.21500,3014.47800,3014.99500,0
2025-03-25T00:00:00Z,3014.97800,3020.89500,3014.07500,3018.12500,0
2025-03-25T01:00:00Z,3018.10800,3018.48500,3014.59500,3017.51500,0
2025-03-25T02:00:00Z,3017.52500,3017.89500,3010.21800,3010.91500,0
2025-03-25T03:00:00Z,3010.91500,3021.69500,3010.41800,3021.17500,0
2025-03-25T04:00:00Z,3021.05500,3023.38500,3018.83500,3023.18500,0
2025-03-25T05:00:00Z,3023.18500,3024.68500,3020.43800,3023.35500,0
2025-03-25T06:00:00Z,3023.37800,3026.30500,3020.12800,3020.41500,0
2025-03-25T07:00:00Z,3020.39500,3023.01500,3013.93800,3021.56800,0
2025-03-25T08:00:00Z,3020.99500,3030.47500,3020.63500,3028.00500,0
2025-03-25T09:00:00Z,3027.98500,3035.90500,3024.84500,3024.86500,0
2025-03-25T10:00:00Z,3024.87500,3027.91500,3017.76800,3021.30500,0
2025-03-25T11:00:00Z,3021.39500,3025.44500,3021.17500,3023.00500,0
2025-03-25T12:00:00Z,3023.06500,3023.12500,3019.56500,3022.53500,0
2025-03-25T13:00:00Z,3022.51500,3022.73500,3017.57800,3018.35500,0
2025-03-25T14:00:00Z,3018.34900,3020.61500,3017.57500,3019.54800,0
2025-03-25T15:00:00Z,3019.54500,3020.58500,3018.66500,3019.67500,0
2025-03-25T17:00:00Z,3018.74500,3022.03500,3018.69800,3020.94800,0
2025-03-25T18:00:00Z,3020.99500,3021.66500,3020.29500,3020.77500,0
2025-03-25T19:00:00Z,3020.76500,3022.01800,3017.62500,3017.86500,0
2025-03-25T20:00:00Z,3017.84500,3025.24500,3016.20800,3024.59500,0
2025-03-25T21:00:00Z,3024.63500,3026.95500,3022.64500,3024.01500,0
2025-03-25T22:00:00Z,3023.98500,3023.98500,3016.20800,3017.38500,0
2025-03-25T23:00:00Z,3017.35800,3017.38500,3014.01500,3015.01500,0
2025-03-26T00:00:00Z,3015.05500,3023.88500,3013.04800,3022.65500,0
2025-03-26T01:00:00Z,3022.62500,3026.16500,3021.87800,3026.04500,0
2025-03-26T02:00:00Z,3026.03500,3030.62800,3024.83500,3030.36500,0
2025-03-26T03:00:00Z,3030.34500,3031.94500,3023.43500,3023.90500,0
2025-03-26T04:00:00Z,3023.93500,3024.06500,3017.26500,3018.50500,0
2025-03-26T05:00:00Z,3018.36800,3024.76500,3016.85500,3023.09500,0
2025-03-26T06:00:00Z,3023.07500,3030.28500,3023.05500,3027.29500,0
2025-03-26T07:00:00Z,3027.33500,3029.92500,3025.04500,3026.92500,0
2025-03-26T08:00:00Z,3026.93500,3027.27500,3015.58500,3016.45800,0
2025-03-26T09:00:00Z,3016.44800,3021.55500,3014.67500,3017.26500,0
2025-03-26T10:00:00Z,3017.33500,3018.72500,3012.12500,3015.77500,0
2025-03-26T11:00:00Z,3015.77500,3019.89500,3015.02500,3015.49500,0
2025-03-26T12:00:00Z,3015.48900,3018.89800,3015.11500,3018.55500,0
2025-03-26T13:00:00Z,3018.60500,3020.68500,3017.93500,3018.15500,0
2025-03-26T14:00:00Z,3018.16500,3018.87500,3015.54500,3017.10500,0
2025-03-26T15:00:00Z,3017.14500,3021.67500,3017.03500,3018.68500,0
2025-03-26T17:00:00Z,3018.66800,3020.74800,3017.74500,3019.22500,0
2025-03-26T18:00:00Z,3019.20500,3021.60500,3017.29800,3021.39500,0
2025-03-26T19:00:00Z,3021.36800,3025.59500,3021.35500,3025.12500,0
2025-03-26T20:00:00Z,3025.14500,3028.16500,3022.69800,3023.29800,0
2025-03-26T21:00:00Z,3023.35800,3032.68500,3023.04800,3031.44500,0
2025-03-26T22:00:00Z,3031.47500,3034.07500,3029.43500,3033.46500,0
2025-03-26T23:00:00Z,3033.44500,3038.49500,3031.51800,3033.91500,0
2025-03-27T00:00:00Z,3033.96500,3035.71500,3029.09800,3029.49800,0
2025-03-27T01:00:00Z,3029.49800,3033.16500,3026.53500,3029.89800,0
2025-03-27T02:00:00Z,3029.81500,3036.53500,3029.09500,3035.71500,0
2025-03-27T03:00:00Z,3035.82500,3037.84800,3033.56500,3035.90500,0
2025-03-27T04:00:00Z,3035.91500,3040.97500,3034.45800,3039.81500,0
2025-03-27T05:00:00Z,3039.81500,3055.66500,3039.64800,3051.15800,0
2025-03-27T06:00:00Z,3051.22800,3055.54500,3048.64800,3054.43500,0
2025-03-27T07:00:00Z,3054.46500,3055.80500,3046.95500,3049.87500,0
2025-03-27T08:00:00Z,3049.84500,3052.01500,3033.29500,3040.35500,0
2025-03-27T09:00:00Z,3040.39500,3059.51800,3040.39500,3057.35800,0
2025-03-27T10:00:00Z,3057.46800,3058.97500,3051.01800,3051.87800,0
2025-03-27T11:00:00Z,3051.86800,3054.04800,3047.45500,3048.20500,0
2025-03-27T12:00:00Z,3048.22500,3053.04500,3047.57500,3052.65500,0
2025-03-27T13:00:00Z,3052.60500,3057.29500,3052.36500,3055.72500,0
2025-03-27T14:00:00Z,3055.70500,3057.68500,3054.76500,3057.35500,0
2025-03-27T15:00:00Z,3057.35500,3057.47500,3054.76500,3055.51500,0
2025-03-27T17:00:00Z,3055.49800,3057.44800,3054.24800,3054.74800,0
2025-03-27T18:00:00Z,3054.84800,3055.87500,3053.87500,3055.27500,0
2025-03-27T19:00:00Z,3055.18500,3063.33500,3054.68500,3061.88500,0
2025-03-27T20:00:00Z,3061.63500,3073.81500,3061.63500,3073.66500,0
2025-03-27T21:00:00Z,3073.68500,3077.36500,3069.84500,3071.69500,0
2025-03-27T22:00:00Z,3071.51500,3076.45500,3069.44800,3075.06500,0
2025-03-27T23:00:00Z,3075.07500,3075.16500,3072.30500,3073.68500,0
2025-03-28T00:00:00Z,3073.73500,3081.80500,3072.30500,3077.64800,0
2025-03-28T01:00:00Z,3077.64800,3084.84800,3076.48500,3084.59500,0
2025-03-28T02:00:00Z,3084.54500,3085.84500,3077.44500,3078.86500,0
2025-03-28T03:00:00Z,3078.86500,3081.11800,3065.79800,3072.71800,0
2025-03-28T04:00:00Z,3072.71500,3075.98500,3069.46500,3072.73500,0
2025-03-28T05:00:00Z,3072.73500,3074.43500,3067.15500,3074.14500,0
2025-03-28T06:00:00Z,3074.13900,3079.69500,3073.87500,3076.13500,0
2025-03-28T07:00:00Z,3076.18500,3081.72500,3072.24500,3077.26500,0
2025-03-28T08:00:00Z,3077.24500,3084.00500,3070.59500,3082.91500,0
2025-03-28T09:00:00Z,3083.04500,3086.72500,3067.83500,3069.77500,0
2025-03-28T10:00:00Z,3069.77500,3085.57500,3067.11500,3083.54500,0
2025-03-28T11:00:00Z,3083.54500,3086.59800,3080.19800,3083.72500,0
2025-03-28T12:00:00Z,3083.72500,3085.69800,3075.83800,3077.25500,0
2025-03-28T13:00:00Z,3077.34800,3080.27500,3073.36500,3079.56500,0
2025-03-28T14:00:00Z,3079.56500,3081.68500,3079.24800,3080.62500,0
2025-03-28T15:00:00Z,3080.59500,3085.56500,3080.59500,3083.89800,0
2025-03-30T18:00:00Z,3086.49800,3097.71500,3085.35500,3089.79500,0
2025-03-30T20:00:00Z,3088.84500,3089.59800,3077.24800,3078.74800,0
2025-03-30T21:00:00Z,3078.74800,3095.09800,3076.48500,3094.60500,0
2025-03-30T22:00:00Z,3094.60500,3107.06500,3093.71500,3106.47500,0
2025-03-30T23:00:00Z,3106.34800,3111.57500,3104.89800,3106.94800,0
2025-03-31T00:00:00Z,3106.87500,3115.68500,3105.71500,3113.05500,0
2025-03-31T01:00:00Z,3113.03500,3119.70500,3107.19800,3116.34800,0
2025-03-31T02:00:00Z,3116.34800,3127.82500,3113.25800,3119.00500,0
2025-03-31T03:00:00Z,3119.03500,3125.21500,3118.32800,3124.34800,0
2025-03-31T04:00:00Z,3124.34800,3126.98500,3120.75500,3121.98800,0
2025-03-31T05:00:00Z,3121.98800,3123.14500,3111.73500,3114.84800,0
2025-03-31T06:00:00Z,3114.84800,3123.54500,3111.64800,3118.20500,0
2025-03-31T07:00:00Z,3118.22500,3119.58500,3113.09800,3119.31500,0
2025-03-31T08:00:00Z,3119.33500,3126.55800,3117.91500,3124.37500,0
2025-03-31T09:00:00Z,3124.37500,3124.50500,3099.68500,3113.39800,0
2025-03-31T10:00:00Z,3113.29800,3123.44800,3110.71500,3123.08500,0
2025-03-31T11:00:00Z,3123.09500,3127.08500,3112.67500,3113.64500,0
2025-03-31T12:00:00Z,3113.64500,3120.54800,3111.40500,3117.40500,0
2025-03-31T13:00:00Z,3117.39500,3120.19800,3115.68500,3117.78500,0
2025-03-31T14:00:00Z,3117.78500,3123.24800,3117.14500,3121.32500,0
2025-03-31T15:00:00Z,3121.32500,3124.52900,3120.82500,3124.28500,0
2025-03-31T16:00:00Z,3124.30500,3124.64500,3122.78500,3122.90500,0
2025-03-31T18:00:00Z,3122.29800,3125.49800,3121.49800,3122.54800,0
2025-03-31T19:00:00Z,3122.54800,3126.39800,3119.82800,3120.34800,0
2025-03-31T20:00:00Z,3120.26500,3127.74800,3120.06500,3126.98500,0
2025-03-31T21:00:00Z,3126.98500,3137.94500,3126.28800,3135.25500,0
2025-03-31T22:00:00Z,3135.23500,3145.43500,3132.75800,3144.93500,0
2025-03-31T23:00:00Z,3144.86500,3147.19500,3142.36500,3145.81500,0
2025-04-01T00:00:00Z,3145.81500,3147.72500,3142.44500,3144.48500,0
2025-04-01T01:00:00Z,3144.46500,3148.83500,3130.19800,3131.84800,0
2025-04-01T02:00:00Z,3131.84800,3138.07500,3126.30900,3133.54500,0
2025-04-01T03:00:00Z,3133.54500,3137.57500,3123.91900,3127.34800,0
2025-04-01T04:00:00Z,3127.34800,3135.46500,3126.15800,3130.80500,0
2025-04-01T05:00:00Z,3130.88500,3133.97500,3129.95500,3132.12500,0
2025-04-01T06:00:00Z,3132.13900,3138.81900,3130.58900,3132.11900,0
2025-04-01T07:00:00Z,3132.09800,3135.70500,3128.46500,3130.14800,0
2025-04-01T08:00:00Z,3130.16500,3134.44500,3127.56500,3133.17500,0
2025-04-01T09:00:00Z,3133.21500,3136.92500,3127.99800,3133.27500,0
2025-04-01T10:00:00Z,3133.47500,3135.13500,3123.50500,3128.52500,0
2025-04-01T11:00:00Z,3128.51500,3132.87500,3113.19500,3113.50500,0
2025-04-01T12:00:00Z,3113.49900,3116.63500,3100.66500,3106.47500,0
2025-04-01T13:00:00Z,3106.46900,3114.47500,3105.59500,3113.51500,0
2025-04-01T14:00:00Z,3113.49500,3118.48500,3113.12500,3114.00500,0
2025-04-01T15:00:00Z,3113.96500,3118.99800,3113.53500,3118.69800,0
2025-04-01T16:00:00Z,3118.59800,3120.62500,3112.88500,3113.02500,0
2025-04-01T18:00:00Z,3112.89800,3114.54500,3107.45500,3111.04800,0
2025-04-01T19:00:00Z,3111.14800,3116.03500,3111.01500,3114.99800,0
2025-04-01T20:00:00Z,3114.99800,3123.64800,3112.76800,3122.71500,0
2025-04-01T21:00:00Z,3122.71500,3135.19800,3121.09500,3132.91500,0
2025-04-01T22:00:00Z,3132.88500,3135.52500,3128.31800,3128.39800,0
2025-04-01T23:00:00Z,3128.37500,3131.94800,3124.35800,3125.21500,0
2025-04-02T00:00:00Z,3125.30800,3126.50800,3115.35500,3115.89800,0
2025-04-02T01:00:00Z,3116.09800,3118.99800,3108.00500,3117.82500,0
2025-04-02T02:00:00Z,3117.88500,3119.64800,3113.82500,3116.34500,0
2025-04-02T03:00:00Z,3116.30500,3125.88500,3112.01500,3125.07500,0
2025-04-02T04:00:00Z,3125.10500,3133.74500,3123.19800,3131.10500,0
2025-04-02T05:00:00Z,3131.12500,3131.39500,3126.77800,3130.87500,0
2025-04-02T06:00:00Z,3130.87500,3131.18500,3110.00000,3114.10500,0
2025-04-02T07:00:00Z,3114.10500,3123.72500,3114.10500,3121.17500,0
2025-04-02T08:00:00Z,3121.19500,3127.13500,3116.92500,3122.19800,0
2025-04-02T09:00:00Z,3122.19800,3131.94500,3116.42500,3121.89800,0
2025-04-02T10:00:00Z,3121.99800,3129.20500,3119.10500,3124.68500,0
2025-04-02T11:00:00Z,3124.68500,3128.05500,3120.74500,3125.64800,0
2025-04-02T12:00:00Z,3125.65500,3134.08500,3125.65500,3131.23500,0
2025-04-02T13:00:00Z,3131.22900,3131.24500,3120.52500,3123.37500,0
2025-04-02T14:00:00Z,3123.36500,3126.01500,3118.46500,3121.44800,0
2025-04-02T15:00:00Z,3121.54800,3127.07500,3121.48500,3123.91500,0
2025-04-02T16:00:00Z,3123.89800,3141.28300,3104.17500,3130.74800,0
2025-04-02T18:00:00Z,3142.04800,3147.34800,3120.84800,3145.55800,0
2025-04-02T19:00:00Z,3145.66800,3167.54800,3145.66800,3162.47500,0
2025-04-02T20:00:00Z,3162.45500,3164.57500,3140.35800,3151.09500,0
2025-04-02T21:00:00Z,3151.10500,3162.78500,3147.71500,3153.25500,0
2025-04-02T22:00:00Z,3153.05500,3155.10500,3141.98500,3144.86500,0
2025-04-02T23:00:00Z,3144.99800,3152.09800,3144.55800,3147.86500,0
2025-04-03T00:00:00Z,3147.71500,3149.51500,3138.84500,3140.12500,0
2025-04-03T01:00:00Z,3140.12500,3140.73500,3123.78500,3131.44500,0
2025-04-03T02:00:00Z,3131.43500,3133.91500,3116.17500,3127.64500,0
2025-04-03T03:00:00Z,3127.64800,3130.06500,3119.53500,3128.85500,0
2025-04-03T04:00:00Z,3128.95500,3131.93500,3125.87500,3128.80500,0
2025-04-03T05:00:00Z,3128.94900,3129.40500,3121.37500,3121.41500,0
2025-04-03T06:00:00Z,3121.39800,3122.90500,3088.07500,3095.27500,0
2025-04-03T07:00:00Z,3095.22500,3099.84800,3085.08500,3092.95500,0
2025-04-03T08:00:00Z,3092.93500,3094.60500,3061.84500,3076.13500,0
2025-04-03T09:00:00Z,3076.17500,3093.24800,3053.93500,3085.45500,0
2025-04-03T10:00:00Z,3089.10800,3135.42500,3087.29500,3128.64800,0
2025-04-03T11:00:00Z,3128.64800,3129.24800,3103.65500,3110.38500,0
2025-04-03T12:00:00Z,3110.36500,3114.04800,3101.55800,3107.34800,0
2025-04-03T13:00:00Z,3107.24800,3109.69800,3099.69800,3109.39800,0
2025-04-03T14:00:00Z,3109.39800,3111.52500,3101.91800,3111.40500,0
2025-04-03T15:00:00Z,3111.43500,3113.10500,3101.47500,3107.40500,0
2025-04-03T16:00:00Z,3107.49500,3119.70500,3107.14500,3114.58500,0
2025-04-03T18:00:00Z,3113.99800,3116.45500,3112.14500,3115.15800,0
2025-04-03T19:00:00Z,3115.01500,3116.16500,3109.54800,3112.62500,0
2025-04-03T20:00:00Z,3112.64500,3114.94800,3105.81500,3110.33500,0
2025-04-03T21:00:00Z,3110.33500,3115.51500,3108.84500,3109.61500,0
2025-04-03T22:00:00Z,3109.61500,3112.76500,3090.94800,3096.55500,0
2025-04-03T23:00:00Z,3096.55500,3098.88500,3086.83800,3098.19800,0
2025-04-04T00:00:00Z,3098.08500,3104.76500,3095.67800,3099.79800,0
2025-04-04T01:00:00Z,3099.79800,3108.59800,3098.54500,3108.59800,0
2025-04-04T02:00:00Z,3108.59800,3109.69800,3100.31800,3100.80500,0
2025-04-04T03:00:00Z,3100.80500,3103.14500,3091.77500,3092.65500,0
2025-04-04T04:00:00Z,3092.63500,3093.88500,3078.25500,3083.85800,0
2025-04-04T05:00:00Z,3083.85800,3095.89800,3083.47500,3090.52500,0
2025-04-04T06:00:00Z,3090.54500,3115.94800,3090.37500,3110.00800,0
2025-04-04T07:00:00Z,3109.96800,3136.43500,3095.27500,3110.09800,0
2025-04-04T08:00:00Z,3110.14500,3111.51500,3068.97100,3070.86100,0
2025-04-04T09:00:00Z,3070.85000,3087.24800,3060.00000,3061.51500,0
2025-04-04T10:00:00Z,3061.56800,3061.56800,3026.64500,3038.00500,0
2025-04-04T11:00:00Z,3038.06500,3050.09500,3016.51800,3019.74500,0
2025-04-04T12:00:00Z,3021.77500,3036.68500,3016.92500,3030.67500,0
2025-04-04T13:00:00Z,3030.71500,3032.71500,3015.33500,3025.67500,0
2025-04-04T14:00:00Z,3025.49800,3027.74500,3017.81800,3025.30500,0
2025-04-04T15:00:00Z,3025.39500,3040.76500,3021.83500,3036.37500,0
2025-04-04T16:00:00Z,3036.31500,3040.81500,3033.75500,3037.99800,0
2025-04-06T18:00:00Z,3006.76500,3032.18500,2996.62500,3009.00500,0
2025-04-06T19:00:00Z,3008.81800,3016.19800,2976.58500,2999.54800,0
2025-04-06T20:00:00Z,2999.54800,3008.99500,2970.30500,2978.64800,0
2025-04-06T21:00:00Z,2978.64800,3055.18000,2971.54800,3037.85500,0
2025-04-06T22:00:00Z,3037.84500,3055.11500,3023.67500,3025.54500,0
2025-04-06T23:00:00Z,3025.53500,3033.69800,3016.25500,3018.60500,0
2025-04-07T00:00:00Z,3018.58500,3035.43500,3018.58500,3035.32500,0
2025-04-07T01:00:00Z,3035.24800,3044.29500,3024.39800,3031.78500,0
2025-04-07T02:00:00Z,3031.75500,3033.39800,3016.48500,3029.59500,0
2025-04-07T03:00:00Z,3029.74500,3030.53500,3013.09500,3018.34500,0
2025-04-07T04:00:00Z,3018.38500,3035.24800,3017.37500,3030.92500,0
2025-04-07T05:00:00Z,3031.35500,3033.24500,3019.25500,3024.93500,0
2025-04-07T06:00:00Z,3024.90500,3036.24800,3023.56500,3031.00500,0
2025-04-07T07:00:00Z,3031.00500,3045.96500,3029.78500,3030.82500,0
2025-04-07T08:00:00Z,3030.91500,3032.64800,3014.45200,3030.89800,0
2025-04-07T09:00:00Z,3030.85900,3033.81800,3001.75200,3015.19500,0
2025-04-07T10:00:00Z,3015.09800,3037.54500,2996.09300,2999.14500,0
2025-04-07T11:00:00Z,2999.14500,3004.69300,2979.75300,2987.29300,0
2025-04-07T12:00:00Z,2987.29300,2987.59300,2969.77500,2970.25500,0
2025-04-07T13:00:00Z,2970.39500,2975.02500,2956.12500,2969.83500,0
2025-04-07T14:00:00Z,2969.83500,2976.45500,2963.84500,2965.53500,0
2025-04-07T15:00:00Z,2965.55500,2981.88500,2965.14500,2976.36500,0
2025-04-07T16:00:00Z,2976.23500,2985.84500,2969.14500,2982.97500,0
2025-04-07T18:00:00Z,2980.95500,2988.43500,2980.41500,2986.36500,0
2025-04-07T19:00:00Z,2986.34500,2986.95500,2978.38500,2981.07500,0
2025-04-07T20:00:00Z,2980.98500,2992.48500,2980.12500,2985.16500,0
2025-04-07T21:00:00Z,2985.14500,3002.86500,2983.31500,2999.61500,0
2025-04-07T22:00:00Z,2999.67500,3004.59500,2998.02500,3000.64500,0
2025-04-07T23:00:00Z,3000.69500,3000.86500,2992.60500,2994.50500,0
2025-04-08T00:00:00Z,2994.43500,3002.70500,2990.46500,3001.91500,0
2025-04-08T01:00:00Z,3001.88500,3008.04500,2999.23500,3005.45500,0
2025-04-08T02:00:00Z,3005.21500,3015.55500,3002.24500,3012.97500,0
2025-04-08T03:00:00Z,3013.22500,3013.60500,3001.59500,3003.41500,0
2025-04-08T04:00:00Z,3003.42500,3009.16500,3001.06500,3007.24500,0
2025-04-08T05:00:00Z,3007.20500,3007.66500,2994.71500,3006.62500,0
2025-04-08T06:00:00Z,3006.61500,3010.07500,3003.85500,3008.69500,0
2025-04-08T07:00:00Z,3008.72500,3019.34500,3008.49500,3017.18500,0
2025-04-08T08:00:00Z,3017.26500,3019.22500,3002.14500,3002.30500,0
2025-04-08T09:00:00Z,3002.35500,3022.48500,3002.26500,3010.11500,0
2025-04-08T10:00:00Z,3009.98500,3018.01500,3005.55500,3005.98500,0
2025-04-08T11:00:00Z,3005.99500,3012.15500,3000.97500,3001.28500,0
2025-04-08T12:00:00Z,3001.25500,3001.25500,2984.03500,2985.82500,0
2025-04-08T13:00:00Z,2985.90500,2987.33500,2974.56500,2984.98500,0
2025-04-08T14:00:00Z,2984.84500,2991.95500,2979.10500,2983.41500,0
2025-04-08T15:00:00Z,2983.40900,2987.49500,2976.38500,2984.57500,0
2025-04-08T16:00:00Z,2984.56900,2986.18500,2976.80500,2982.46500,0
2025-04-08T18:00:00Z,2982.45500,2985.15500,2979.91500,2981.39500,0
2025-04-08T19:00:00Z,2981.86500,2990.21500,2969.60500,2978.26500,0
2025-04-08T20:00:00Z,2978.43500,2986.80500,2974.47500,2980.16500,0
2025-04-08T21:00:00Z,2980.13500,3009.44500,2971.74500,3008.14500,0
2025-04-08T22:00:00Z,3007.91200,3010.83500,2999.64500,3002.75500,0
2025-04-08T23:00:00Z,3002.70500,3009.29500,3002.37500,3004.01500,0
2025-04-09T00:00:00Z,3003.99500,3013.85500,2998.69500,3011.98500,0
2025-04-09T01:00:00Z,3011.98500,3020.36500,3005.25500,3014.99500,0
2025-04-09T02:00:00Z,3015.08500,3040.61500,3014.54500,3038.68500,0
2025-04-09T03:00:00Z,3038.68500,3052.22900,3033.90500,3040.67500,0
2025-04-09T04:00:00Z,3040.68500,3050.95500,3037.77200,3043.65500,0
2025-04-09T05:00:00Z,3043.66500,3049.42500,3038.10500,3044.59500,0
2025-04-09T06:00:00Z,3044.59500,3046.85500,3037.79200,3042.35500,0
2025-04-09T07:00:00Z,3042.58500,3067.71500,3035.62500,3066.38500,0
2025-04-09T08:00:00Z,3066.44500,3072.89500,3042.43500,3047.19500,0
2025-04-09T09:00:00Z,3047.25500,3077.65500,3047.03500,3075.09500,0
2025-04-09T10:00:00Z,3074.96500,3084.36500,3068.08500,3070.31500,0
2025-04-09T11:00:00Z,3070.26500,3087.64500,3065.23500,3086.11500,0
2025-04-09T12:00:00Z,3086.21500,3094.75500,3082.41500,3092.12500,0
2025-04-09T13:00:00Z,3092.18500,3098.60500,3050.31500,3058.76500,0
2025-04-09T14:00:00Z,3058.75500,3073.45500,3048.38500,3066.78500,0
2025-04-09T15:00:00Z,3066.78500,3099.46500,3064.16500,3093.16500,0
2025-04-09T16:00:00Z,3093.06900,3095.20500,3078.00500,3082.24500,0
2025-04-09T18:00:00Z,3080.79500,3089.82500,3070.93500,3079.51500,0
2025-04-09T19:00:00Z,3079.50900,3088.84500,3079.07500,3086.49500,0
2025-04-09T20:00:00Z,3086.49500,3101.15500,3080.95500,3096.91500,0
2025-04-09T21:00:00Z,3096.90500,3100.40500,3078.10500,3093.76500,0
2025-04-09T22:00:00Z,3093.77500,3120.18500,3093.61500,3119.10500,0
2025-04-09T23:00:00Z,3119.09500,3131.61500,3114.93500,3125.09500,0
2025-04-10T00:00:00Z,3125.09500,3129.14500,3120.71500,3125.02500,0
2025-04-10T01:00:00Z,3125.05500,3132.24500,3112.49500,3121.95500,0
2025-04-10T02:00:00Z,3121.96500,3126.14500,3118.64500,3121.78500,0
2025-04-10T03:00:00Z,3121.78500,3123.28500,3106.44500,3108.21500,0
2025-04-10T04:00:00Z,3108.23500,3115.60500,3104.32500,3104.96700,0
2025-04-10T05:00:00Z,3104.94700,3117.78500,3103.16500,3116.29500,0
2025-04-10T06:00:00Z,3116.32500,3122.35500,3113.99500,3119.90500,0
2025-04-10T07:00:00Z,3119.99500,3125.44500,3113.00500,3124.52500,0
2025-04-10T08:00:00Z,3124.57500,3133.73500,3116.06500,3122.67500,0
2025-04-10T09:00:00Z,3122.67500,3136.52500,3115.96500,3116.68500,0
2025-04-10T10:00:00Z,3116.72500,3154.59500,3116.63500,3154.44500,0
2025-04-10T11:00:00Z,3154.43500,3174.69500,3154.32500,3157.91500,0
2025-04-10T12:00:00Z,3157.91500,3167.13500,3153.68500,3158.37500,0
2025-04-10T13:00:00Z,3158.37500,3165.50500,3151.38500,3162.50100,0
2025-04-10T14:00:00Z,3162.57100,3175.49500,3157.66500,3173.08500,0
2025-04-10T15:00:00Z,3173.07500,3176.22900,3167.78500,3170.69500,0
2025-04-10T16:00:00Z,3170.68900,3176.25500,3168.34500,3175.02500,0
2025-04-10T18:00:00Z,3174.49500,3190.06500,3174.45500,3188.95500,0
2025-04-10T19:00:00Z,3188.97500,3191.04500,3182.51500,3188.77500,0
2025-04-10T20:00:00Z,3188.75500,3217.86500,3184.66500,3205.29500,0
2025-04-10T21:00:00Z,3205.20500,3219.41500,3200.76500,3206.82500,0
2025-04-10T22:00:00Z,3206.84500,3219.54500,3205.74500,3217.14500,0
2025-04-10T23:00:00Z,3217.09500,3219.93500,3213.79500,3217.55500,0
2025-04-11T00:00:00Z,3217.62500,3217.94500,3208.23500,3208.34500,0
2025-04-11T01:00:00Z,3208.35500,3219.00500,3186.60500,3195.65500,0
2025-04-11T02:00:00Z,3195.66500,3209.36500,3189.69500,3197.05500,0
2025-04-11T03:00:00Z,3197.20500,3212.85500,3193.71500,3212.18500,0
2025-04-11T04:00:00Z,3212.16500,3227.33900,3208.14500,3215.75500,0
2025-04-11T05:00:00Z,3215.79500,3230.05500,3211.38500,3227.51500,0
2025-04-11T06:00:00Z,3227.57500,3237.32500,3209.72500,3212.21500,0
2025-04-11T07:00:00Z,3212.16500,3224.56500,3211.21500,3213.54500,0
2025-04-11T08:00:00Z,3213.48500,3233.89500,3210.84500,3233.45500,0
2025-04-11T09:00:00Z,3233.48500,3243.94500,3219.30500,3223.36500,0
2025-04-11T10:00:00Z,3223.46500,3237.44500,3221.29500,3229.87500,0
2025-04-11T11:00:00Z,3229.70500,3241.70500,3229.04500,3240.16500,0
2025-04-11T12:00:00Z,3240.23500,3245.02500,3219.39500,3222.86500,0
2025-04-11T13:00:00Z,3222.96500,3235.14500,3222.96500,3233.64500,0
2025-04-11T14:00:00Z,3233.66500,3237.96500,3230.79500,3235.36500,0
2025-04-11T15:00:00Z,3235.33500,3235.38500,3227.06500,3230.78500,0
2025-04-11T16:00:00Z,3230.73500,3238.14500,3230.45500,3236.37500,0
2025-04-13T18:00:00Z,3229.15500,3229.20500,3209.20500,3220.85500,0
2025-04-13T19:00:00Z,3220.91500,3224.31500,3216.36500,3223.54500,0
2025-04-13T20:00:00Z,3223.57500,3227.14500,3219.01500,3220.57500,0
2025-04-13T21:00:00Z,3220.56500,3243.31500,3215.26500,3239.34500,0
2025-04-13T22:00:00Z,3239.23500,3245.51500,3229.24500,3231.73500,0
2025-04-13T23:00:00Z,3231.73500,3234.30500,3226.73500,3232.14500,0
2025-04-14T00:00:00Z,3232.15500,3235.56500,3225.94500,3227.13500,0
2025-04-14T01:00:00Z,3227.11500,3235.79500,3221.11500,3234.09500,0
2025-04-14T02:00:00Z,3234.05500,3237.73500,3228.55500,3230.74500,0
2025-04-14T03:00:00Z,3230.74500,3233.42500,3224.51500,3227.71500,0
2025-04-14T04:00:00Z,3227.77500,3229.72500,3216.12500,3226.67500,0
2025-04-14T05:00:00Z,3226.65500,3231.54500,3220.65500,3223.71500,0
2025-04-14T06:00:00Z,3223.66500,3224.45500,3206.02500,3215.07500,0
2025-04-14T07:00:00Z,3215.04500,3225.65500,3213.76500,3223.11500,0
2025-04-14T08:00:00Z,3223.13500,3227.50500,3200.23500,3206.57500,0
2025-04-14T09:00:00Z,3206.57500,3210.68500,3193.31500,3204.44500,0
2025-04-14T10:00:00Z,3204.41500,3215.29500,3194.99500,3210.84500,0
2025-04-14T11:00:00Z,3210.82500,3210.84500,3195.99500,3197.81500,0
2025-04-14T12:00:00Z,3197.87500,3208.13500,3197.51500,3207.34500,0
2025-04-14T13:00:00Z,3207.37500,3216.35500,3206.90500,3213.93500,0
2025-04-14T14:00:00Z,3213.94500,3214.61500,3201.14500,3207.85500,0
2025-04-14T15:00:00Z,3207.88500,3212.90500,3207.51500,3212.57500,0
2025-04-14T16:00:00Z,3212.62500,3213.60500,3207.15500,3210.25500,0
2025-04-14T18:00:00Z,3210.55500,3214.96500,3210.46500,3211.99500,0
2025-04-14T19:00:00Z,3211.71500,3214.04500,3210.03500,3212.39500,0
2025-04-14T20:00:00Z,3212.37500,3215.06500,3210.61500,3211.70500,0
2025-04-14T21:00:00Z,3211.62500,3225.72500,3209.68500,3223.48500,0
2025-04-14T22:00:00Z,3223.57500,3224.84500,3218.45500,3224.18500,0
2025-04-14T23:00:00Z,3224.08500,3228.78500,3222.80500,3228.17500,0
2025-04-15T00:00:00Z,3228.10500,3232.47500,3226.72500,3231.62500,0
2025-04-15T01:00:00Z,3231.64500,3231.99500,3220.58500,3224.44500,0
2025-04-15T02:00:00Z,3224.45500,3228.51500,3222.91500,3224.95500,0
2025-04-15T03:00:00Z,3224.94500,3226.46500,3217.09500,3225.43500,0
2025-04-15T04:00:00Z,3225.44500,3232.00500,3224.08500,3227.11500,0
2025-04-15T05:00:00Z,3227.12500,3229.87500,3220.84500,3222.24500,0
2025-04-15T06:00:00Z,3222.34500,3226.73500,3219.37500,3220.00500,0
2025-04-15T07:00:00Z,3219.94500,3223.91500,3216.55500,3219.86500,0
2025-04-15T08:00:00Z,3219.92500,3225.94500,3214.07500,3221.36500,0
2025-04-15T09:00:00Z,3221.36500,3226.12500,3211.38500,3212.82500,0
2025-04-15T10:00:00Z,3212.83500,3226.75500,3212.82500,3222.43500,0
2025-04-15T11:00:00Z,3222.42500,3223.89500,3216.66500,3221.11500,0
2025-04-15T12:00:00Z,3221.14500,3223.19500,3219.32500,3221.25500,0
2025-04-15T13:00:00Z,3221.27500,3230.50500,3220.20500,3227.74500,0
2025-04-15T14:00:00Z,3227.84500,3229.49500,3225.34500,3228.91500,0
2025-04-15T15:00:00Z,3228.92500,3231.72500,3226.00500,3229.78500,0
2025-04-15T16:00:00Z,3229.74500,3233.42500,3226.27500,3229.85500,0
2025-04-15T18:00:00Z,3230.87500,3242.00500,3229.73500,3241.15500,0
2025-04-15T19:00:00Z,3241.19500,3251.66500,3237.84500,3251.66500,0
2025-04-15T20:00:00Z,3251.65500,3267.85500,3251.45500,3264.16500,0
2025-04-15T21:00:00Z,3264.19500,3274.98500,3255.68500,3270.05500,0
2025-04-15T22:00:00Z,3270.05500,3275.24500,3266.68500,3267.53500,0
2025-04-15T23:00:00Z,3267.53500,3281.67500,3265.90500,3281.41500,0
2025-04-16T00:00:00Z,3281.39500,3287.60900,3268.89500,3283.42500,0
2025-04-16T01:00:00Z,3283.39500,3291.58500,3283.37500,3289.51500,0
2025-04-16T02:00:00Z,3289.51500,3294.82500,3285.79500,3291.38500,0
2025-04-16T03:00:00Z,3291.37500,3300.62500,3291.14500,3300.27500,0
2025-04-16T04:00:00Z,3300.23500,3317.57500,3288.07500,3306.85600,0
2025-04-16T05:00:00Z,3306.84000,3310.60500,3299.81500,3303.27500,0
2025-04-16T06:00:00Z,3303.30500,3306.66500,3299.30500,3303.91500,0
2025-04-16T07:00:00Z,3303.93500,3313.54500,3292.89500,3306.59500,0
2025-04-16T08:00:00Z,3306.45500,3313.22500,3302.23500,3307.08500,0
2025-04-16T09:00:00Z,3307.10500,3316.28500,3296.58500,3311.33500,0
2025-04-16T10:00:00Z,3311.52500,3319.33500,3305.80500,3308.23500,0
2025-04-16T11:00:00Z,3308.25500,3327.96500,3305.11500,3325.17500,0
2025-04-16T12:00:00Z,3325.17500,3332.92500,3321.15500,3327.20500,0
2025-04-16T13:00:00Z,3327.22500,3332.62500,3324.23500,3328.13500,0
2025-04-16T14:00:00Z,3328.01500,3340.56500,3326.17500,3338.13500,0
2025-04-16T15:00:00Z,3338.16500,3342.42500,3335.83500,3336.51500,0
2025-04-16T16:00:00Z,3336.45500,3343.18500,3333.95500,3342.64500,0
2025-04-16T18:00:00Z,3342.51500,3357.45500,3342.34500,3350.57500,0
2025-04-16T19:00:00Z,3350.78500,3353.11500,3346.75500,3349.88500,0
2025-04-16T20:00:00Z,3349.92500,3351.14500,3341.79500,3345.29500,0
2025-04-16T21:00:00Z,3345.25500,3356.06500,3320.51500,3323.66500,0
2025-04-16T22:00:00Z,3323.63500,3340.36500,3320.79500,3340.14500,0
2025-04-16T23:00:00Z,3340.18500,3344.42500,3337.10500,3344.30500,0
2025-04-17T00:00:00Z,3344.03500,3344.13500,3337.51500,3341.34500,0
2025-04-17T01:00:00Z,3341.35500,3345.34500,3327.92500,3329.07500,0
2025-04-17T02:00:00Z,3329.09500,3332.84500,3324.89500,3328.67500,0
2025-04-17T03:00:00Z,3328.65500,3329.89500,3314.01500,3323.23500,0
2025-04-17T04:00:00Z,3323.26500,3324.69500,3312.48500,3324.12500,0
2025-04-17T05:00:00Z,3324.12500,3326.74500,3320.41500,3321.39500,0
2025-04-17T06:00:00Z,3321.39500,3333.58500,3320.87500,3327.43500,0
2025-04-17T07:00:00Z,3327.43500,3332.34500,3322.08500,3327.23500,0
2025-04-17T08:00:00Z,3327.20500,3341.81500,3321.84500,3328.00500,0
2025-04-17T09:00:00Z,3328.26500,3331.88500,3311.72500,3314.89500,0
2025-04-17T10:00:00Z,3314.90500,3314.92500,3283.34500,3291.03500,0
2025-04-17T11:00:00Z,3291.05500,3304.59500,3290.42500,3296.07500,0
2025-04-17T12:00:00Z,3296.12500,3318.54500,3294.66500,3315.94500,0
2025-04-17T13:00:00Z,3316.00500,3322.33500,3314.04500,3318.77500,0
2025-04-17T14:00:00Z,3318.81500,3320.73500,3314.07500,3316.14500,0
2025-04-17T15:00:00Z,3316.08500,3321.71500,3310.76500,3320.60500,0
2025-04-17T16:00:00Z,3320.64500,3328.60500,3317.81500,3326.92500,0
2025-04-20T18:00:00Z,3331.83500,3352.96500,3327.98500,3345.37500,0
2025-04-20T19:00:00Z,3345.81500,3351.29500,3342.82500,3347.97500,0
2025-04-20T20:00:00Z,3348.29500,3370.54500,3347.28500,3368.52500,0
2025-04-20T21:00:00Z,3368.55500,3378.28500,3367.05500,3377.39500,0
2025-04-20T22:00:00Z,3377.44500,3384.87500,3373.93500,3384.61500,0
2025-04-20T23:00:00Z,3384.58500,3385.11500,3378.06500,3382.20500,0
2025-04-21T00:00:00Z,3382.17500,3382.17500,3368.84500,3376.19500,0
2025-04-21T01:00:00Z,3376.17500,3385.69500,3375.41500,3385.19500,0
2025-04-21T02:00:00Z,3385.17500,3392.95500,3382.12500,3391.98500,0
2025-04-21T03:00:00Z,3391.75500,3395.85500,3381.57500,3384.84500,0
2025-04-21T04:00:00Z,3384.83900,3394.05500,3383.39500,3392.56500,0
2025-04-21T05:00:00Z,3392.61500,3396.90500,3390.63500,3394.64500,0
2025-04-21T06:00:00Z,3394.65500,3397.51500,3391.76500,3394.65500,0
2025-04-21T07:00:00Z,3394.54500,3405.72500,3386.09500,3404.28500,0
2025-04-21T08:00:00Z,3404.31500,3415.53500,3397.40500,3414.69500,0
2025-04-21T09:00:00Z,3414.65500,3426.62500,3404.79500,3420.17500,0
2025-04-21T10:00:00Z,3420.14500,3430.01500,3408.73500,3416.40500,0
2025-04-21T11:00:00Z,3416.40500,3425.98500,3407.40500,3422.69500,0
2025-04-21T12:00:00Z,3422.68500,3424.00500,3409.94500,3414.35500,0
2025-04-21T13:00:00Z,3414.41500,3422.70500,3405.82500,3422.26500,0
2025-04-21T14:00:00Z,3422.23500,3426.47500,3417.44500,3426.10500,0
2025-04-21T15:00:00Z,3426.17900,3430.35500,3417.27500,3423.27500,0
2025-04-21T16:00:00Z,3423.32500,3426.93500,3419.50500,3422.89500,0
2025-04-21T18:00:00Z,3423.81500,3435.75500,3423.06500,3430.68500,0
2025-04-21T19:00:00Z,3430.68500,3444.04500,3428.85500,3434.95400,0
2025-04-21T20:00:00Z,3434.98600,3435.06500,3411.07500,3425.24500,0
2025-04-21T21:00:00Z,3425.28500,3454.98500,3421.16500,3452.77500,0
2025-04-21T22:00:00Z,3452.80500,3475.90500,3441.82500,3473.03500,0
2025-04-21T23:00:00Z,3473.03500,3494.62500,3471.99500,3487.65500,0
2025-04-22T00:00:00Z,3487.74500,3488.32500,3479.01500,3484.27500,0
2025-04-22T01:00:00Z,3484.25500,3495.35500,3473.17500,3494.13500,0
2025-04-22T02:00:00Z,3494.14500,3499.91500,3474.97500,3479.51500,0
2025-04-22T03:00:00Z,3479.50500,3480.44500,3460.19500,3468.15500,0
2025-04-22T04:00:00Z,3468.35500,3472.47500,3442.77500,3443.72500,0
2025-04-22T05:00:00Z,3443.75500,3458.56500,3443.53500,3454.51500,0
2025-04-22T06:00:00Z,3454.55500,3468.04900,3451.13500,3452.16500,0
2025-04-22T07:00:00Z,3452.14500,3461.02500,3447.84500,3456.54500,0
2025-04-22T08:00:00Z,3456.52500,3464.65500,3423.95500,3431.36500,0
2025-04-22T09:00:00Z,3431.24500,3449.47500,3408.06500,3418.34500,0
2025-04-22T10:00:00Z,3418.36500,3438.82500,3417.72500,3429.82500,0
2025-04-22T11:00:00Z,3429.83500,3432.95500,3410.05500,3417.46500,0
2025-04-22T12:00:00Z,3417.37500,3420.68500,3371.85500,3392.78500,0
2025-04-22T13:00:00Z,3392.88500,3410.12500,3385.80500,3401.57500,0
2025-04-22T14:00:00Z,3401.59500,3402.19500,3372.99500,3381.30500,0
2025-04-22T15:00:00Z,3381.30500,3385.61500,3366.52500,3374.50500,0
2025-04-22T16:00:00Z,3374.49900,3382.50500,3372.91500,3380.07500,0
2025-04-22T18:00:00Z,3349.51500,3349.51500,3312.62500,3327.25500,0
2025-04-22T19:00:00Z,3327.14500,3349.79500,3325.94500,3336.31500,0
2025-04-22T20:00:00Z,3336.34500,3370.91500,3334.02500,3367.69500,0
2025-04-22T21:00:00Z,3367.66500,3386.37500,3358.60500,3378.86500,0
2025-04-22T22:00:00Z,3378.86500,3379.70500,3348.17500,3353.93500,0
2025-04-22T23:00:00Z,3353.89500,3355.41500,3328.69500,3338.71500,0
2025-04-23T00:00:00Z,3338.75500,3346.94500,3335.41500,3346.44500,0
2025-04-23T01:00:00Z,3346.47500,3349.05500,3315.56500,3318.72500,0
2025-04-23T02:00:00Z,3318.67500,3325.73500,3291.16500,3300.80500,0
2025-04-23T03:00:00Z,3300.90500,3320.22500,3300.90500,3318.83500,0
2025-04-23T04:00:00Z,3318.78500,3321.32500,3305.28500,3321.29500,0
2025-04-23T05:00:00Z,3321.40500,3340.25500,3316.98500,3317.38500,0
2025-04-23T06:00:00Z,3317.34500,3336.01500,3316.39500,3329.83500,0
2025-04-23T07:00:00Z,3329.72500,3338.89500,3321.33500,3324.33000,0
2025-04-23T08:00:00Z,3324.35500,3333.05500,3310.40500,3310.58500,0
2025-04-23T09:00:00Z,3310.52500,3313.59500,3270.77500,3277.21500,0
2025-04-23T10:00:00Z,3275.78500,3296.09500,3259.48500,3287.05500,0
2025-04-23T11:00:00Z,3287.13500,3294.03500,3268.61500,3280.04500,0
2025-04-23T12:00:00Z,3280.39500,3305.50500,3278.78500,3294.79500,0
2025-04-23T13:00:00Z,3294.74500,3301.39500,3277.58500,3280.94500,0
2025-04-23T14:00:00Z,3280.99500,3286.78500,3277.54500,3282.65500,0
2025-04-23T15:00:00Z,3282.50500,3297.06500,3282.47500,3293.63500,0
2025-04-23T16:00:00Z,3293.69500,3295.55500,3283.67500,3287.80500,0
2025-04-23T18:00:00Z,3288.86500,3315.74500,3288.03500,3308.74500,0
2025-04-23T19:00:00Z,3308.78500,3316.69500,3307.81500,3316.14500,0
2025-04-23T20:00:00Z,3316.16500,3338.82500,3313.03500,3331.45500,0
2025-04-23T21:00:00Z,3331.43500,3367.01500,3330.22500,3357.34500,0
2025-04-23T22:00:00Z,3357.34500,3363.32500,3335.55800,3341.61500,0
2025-04-23T23:00:00Z,3341.61500,3342.30500,3320.22500,3326.88500,0
2025-04-24T00:00:00Z,3326.73500,3331.59500,3325.48500,3325.80500,0
2025-04-24T01:00:00Z,3325.83500,3335.21500,3320.20500,3323.21500,0
2025-04-24T02:00:00Z,3323.21500,3327.89500,3314.00500,3324.28500,0
2025-04-24T03:00:00Z,3324.24500,3339.60500,3322.61500,3333.48500,0
2025-04-24T04:00:00Z,3333.41500,3341.29500,3326.92500,3335.81500,0
2025-04-24T05:00:00Z,3335.88500,3342.54500,3325.08500,3335.43500,0
2025-04-24T06:00:00Z,3335.52500,3336.45500,3325.37500,3329.70500,0
2025-04-24T07:00:00Z,3329.34500,3343.59500,3329.34500,3336.66500,0
2025-04-24T08:00:00Z,3336.63500,3344.42500,3335.21500,3335.69500,0
2025-04-24T09:00:00Z,3335.66500,3336.02500,3312.23500,3314.99500,0
2025-04-24T10:00:00Z,3314.55500,3330.15500,3306.24500,3327.21500,0
2025-04-24T11:00:00Z,3327.18500,3330.28500,3319.24500,3329.23500,0
2025-04-24T12:00:00Z,3329.27500,3335.09500,3322.13500,3331.39500,0
2025-04-24T13:00:00Z,3331.32500,3338.55500,3329.57500,3336.48500,0
2025-04-24T14:00:00Z,3336.51500,3340.08500,3333.35500,3334.48500,0
2025-04-24T15:00:00Z,3334.46500,3346.76500,3333.14500,3342.00500,0
2025-04-24T16:00:00Z,3342.15500,3349.80500,3337.81500,3348.35500,0
2025-04-24T18:00:00Z,3350.88500,3370.06500,3342.24500,3366.37500,0
2025-04-24T19:00:00Z,3366.35500,3367.72500,3346.63500,3348.74500,0
2025-04-24T20:00:00Z,3348.75500,3361.08500,3347.09500,3357.27500,0
2025-04-24T21:00:00Z,3357.28500,3362.68500,3342.72500,3345.46500,0
2025-04-24T22:00:00Z,3345.46500,3353.29500,3344.33500,3348.47500,0
2025-04-24T23:00:00Z,3348.46500,3353.97500,3322.09500,3323.34500,0
2025-04-25T00:00:00Z,3323.31500,3327.54500,3316.00500,3324.54500,0
2025-04-25T01:00:00Z,3324.51500,3326.88500,3286.54500,3293.80500,0
2025-04-25T02:00:00Z,3294.01500,3306.10500,3287.22500,3304.14500,0
2025-04-25T03:00:00Z,3304.12500,3314.40500,3302.85500,3307.20500,0
2025-04-25T04:00:00Z,3307.16500,3307.66500,3291.76500,3303.56500,0
2025-04-25T05:00:00Z,3303.70500,3308.71500,3291.73500,3291.84500,0
2025-04-25T06:00:00Z,3291.83500,3306.10500,3291.75500,3297.76500,0
2025-04-25T07:00:00Z,3297.72500,3300.73500,3287.59500,3293.24500,0
2025-04-25T08:00:00Z,3293.22500,3302.93500,3290.93500,3292.37500,0
2025-04-25T09:00:00Z,3292.38500,3292.52500,3264.78500,3280.32500,0
2025-04-25T10:00:00Z,3280.37500,3286.94500,3274.41500,3277.79500,0
2025-04-25T11:00:00Z,3277.77500,3285.30500,3270.00000,3282.72500,0
2025-04-25T12:00:00Z,3282.75500,3287.34500,3280.07500,3284.97500,0
2025-04-25T13:00:00Z,3285.06500,3294.93500,3281.55500,3292.93500,0
2025-04-25T14:00:00Z,3292.88500,3296.79500,3288.02500,3288.05500,0
2025-04-25T15:00:00Z,3288.11500,3312.20500,3287.66500,3304.50500,0
2025-04-25T16:00:00Z,3304.50500,3319.35500,3304.44500,3318.62500,0
2025-04-27T18:00:00Z,3324.26500,3335.99500,3308.76500,3309.95500,0
2025-04-27T19:00:00Z,3309.93500,3317.75500,3298.27500,3302.41500,0
2025-04-27T20:00:00Z,3302.48500,3315.69500,3301.24500,3313.76500,0
2025-04-27T21:00:00Z,3313.73500,3314.78500,3278.69500,3280.71500,0
2025-04-27T22:00:00Z,3281.13500,3286.15500,3267.76500,3280.48500,0
2025-04-27T23:00:00Z,3280.55500,3294.88500,3280.03500,3290.59500,0
2025-04-28T00:00:00Z,3290.57500,3298.82500,3288.33500,3298.72500,0
2025-04-28T01:00:00Z,3298.75500,3300.77500,3287.56500,3294.84500,0
2025-04-28T02:00:00Z,3294.85500,3296.42500,3281.42500,3282.93500,0
2025-04-28T03:00:00Z,3283.09500,3292.20500,3277.16500,3287.03500,0
2025-04-28T04:00:00Z,3287.06500,3288.23500,3278.92500,3282.34500,0
2025-04-28T05:00:00Z,3282.39500,3287.21500,3274.25500,3274.31500,0
2025-04-28T06:00:00Z,3274.32500,3291.56500,3273.06500,3289.33500,0
2025-04-28T07:00:00Z,3289.30500,3296.92500,3284.54500,3293.88500,0
2025-04-28T08:00:00Z,3293.93500,3302.05500,3292.45500,3295.90500,0
2025-04-28T09:00:00Z,3295.90500,3301.02500,3286.73500,3293.09500,0
2025-04-28T10:00:00Z,3293.08900,3332.81500,3293.08900,3328.30500,0
2025-04-28T11:00:00Z,3328.29500,3335.71500,3318.71500,3324.69500,0
2025-04-28T12:00:00Z,3324.72500,3338.86500,3324.10500,3336.32500,0
2025-04-28T13:00:00Z,3336.33500,3339.74500,3332.79500,3335.02500,0
2025-04-28T14:00:00Z,3334.84500,3349.51500,3333.52500,3348.57500,0
2025-04-28T15:00:00Z,3348.59500,3352.83500,3345.24500,3351.93500,0
2025-04-28T16:00:00Z,3351.69500,3352.13500,3342.05500,3343.50500,0
2025-04-28T18:00:00Z,3343.73500,3348.14500,3332.01500,3337.48500,0
2025-04-28T19:00:00Z,3337.55500,3342.48500,3333.51500,3337.32500,0
2025-04-28T20:00:00Z,3337.28500,3338.83500,3327.56500,3329.74500,0
2025-04-28T21:00:00Z,3329.55500,3339.66500,3322.52500,3326.22500,0
2025-04-28T22:00:00Z,3326.04500,3333.62500,3319.19500,3320.28500,0
2025-04-28T23:00:00Z,3320.27500,3321.46500,3307.69500,3315.83500,0
2025-04-29T00:00:00Z,3315.81500,3317.79500,3306.34500,3309.00500,0
2025-04-29T01:00:00Z,3308.99500,3316.20500,3304.71500,3309.90500,0
2025-04-29T02:00:00Z,3309.87500,3323.62500,3308.42500,3318.48500,0
2025-04-29T03:00:00Z,3318.47900,3322.94500,3312.13500,3322.74500,0
2025-04-29T04:00:00Z,3322.77500,3324.68500,3311.43500,3311.57500,0
2025-04-29T05:00:00Z,3311.51500,3315.67500,3308.39500,3308.78500,0
2025-04-29T06:00:00Z,3308.88500,3315.40500,3306.00500,3312.61500,0
2025-04-29T07:00:00Z,3312.62500,3315.73500,3307.70500,3309.14500,0
2025-04-29T08:00:00Z,3309.14500,3314.47500,3300.26500,3312.52500,0
2025-04-29T09:00:00Z,3312.53500,3320.99500,3299.44500,3306.09500,0
2025-04-29T10:00:00Z,3306.00500,3317.52500,3299.32500,3314.30500,0
2025-04-29T11:00:00Z,3314.36500,3315.42500,3304.96500,3312.19500,0
2025-04-29T12:00:00Z,3312.20500,3329.72500,3311.95500,3328.49500,0
2025-04-29T13:00:00Z,3328.49500,3329.43500,3313.93500,3314.03500,0
2025-04-29T14:00:00Z,3314.00500,3319.80500,3312.99500,3319.71500,0
2025-04-29T15:00:00Z,3319.83500,3324.80500,3317.62500,3320.30500,0
2025-04-29T16:00:00Z,3320.24500,3323.17500,3316.39500,3316.59500,0
2025-04-29T18:00:00Z,3316.17500,3322.98500,3315.67500,3318.35500,0
2025-04-29T19:00:00Z,3318.37500,3318.97500,3310.63500,3316.77500,0
2025-04-29T20:00:00Z,3316.82500,3327.86500,3311.04500,3312.81500,0
2025-04-29T21:00:00Z,3312.83500,3322.52500,3307.41500,3307.82500,0
2025-04-29T22:00:00Z,3307.82500,3312.85500,3304.63500,3306.48500,0
2025-04-29T23:00:00Z,3306.45500,3310.99500,3303.33500,3304.38500,0
2025-04-30T00:00:00Z,3304.38500,3308.73500,3301.02500,3307.80500,0
2025-04-30T01:00:00Z,3307.80500,3314.45500,3307.16500,3309.16500,0
2025-04-30T02:00:00Z,3309.15500,3311.04500,3304.60500,3305.55500,0
2025-04-30T03:00:00Z,3305.53500,3314.35500,3302.74500,3306.76500,0
2025-04-30T04:00:00Z,3306.80500,3307.43500,3280.00500,3284.24500,0
2025-04-30T05:00:00Z,3284.19500,3286.69500,3274.79500,3275.67500,0
2025-04-30T06:00:00Z,3275.70500,3280.65500,3271.60500,3272.35500,0
2025-04-30T07:00:00Z,3272.38500,3281.42500,3268.05500,3272.11500,0
2025-04-30T08:00:00Z,3272.17500,3304.55500,3266.87500,3298.31500,0
2025-04-30T09:00:00Z,3298.27500,3319.55500,3295.86500,3308.55500,0
2025-04-30T10:00:00Z,3307.98500,3313.30500,3292.51500,3309.48500,0
2025-04-30T11:00:00Z,3309.31500,3314.26500,3298.42500,3307.73500,0
2025-04-30T12:00:00Z,3307.83500,3313.94500,3306.77500,3310.30500,0
2025-04-30T13:00:00Z,3310.39500,3313.00500,3304.54500,3304.87500,0
2025-04-30T14:00:00Z,3304.91500,3307.29500,3300.02500,3301.44500,0
2025-04-30T15:00:00Z,3301.38500,3305.37500,3291.91900,3295.65500,0
2025-04-30T16:00:00Z,3295.64900,3297.70500,3282.80500,3288.25500,0
2025-04-30T18:00:00Z,3287.42500,3289.77500,3270.86500,3273.25500,0
2025-04-30T19:00:00Z,3273.24900,3284.84500,3270.00000,3272.54500,0
2025-04-30T20:00:00Z,3272.57500,3276.09500,3240.89500,3246.02500,0
2025-04-30T21:00:00Z,3246.03500,3250.80500,3234.35500,3238.31500,0
2025-04-30T22:00:00Z,3238.39500,3251.29500,3234.59500,3240.95500,0
2025-04-30T23:00:00Z,3240.95500,3242.13500,3228.43500,3228.99500,0
2025-05-01T00:00:00Z,3229.03500,3231.47500,3220.60500,3226.22500,0
2025-05-01T01:00:00Z,3226.20500,3238.30500,3222.91500,3236.20500,0
2025-05-01T02:00:00Z,3236.29500,3243.04500,3233.57500,3235.33500,0
2025-05-01T03:00:00Z,3235.41500,3236.62500,3225.81500,3229.90500,0
2025-05-01T04:00:00Z,3229.89900,3236.46500,3229.72500,3234.87500,0
2025-05-01T05:00:00Z,3234.88500,3235.84500,3215.49500,3218.30500,0
2025-05-01T06:00:00Z,3218.33500,3225.13500,3213.35500,3222.65500,0
2025-05-01T07:00:00Z,3222.68500,3226.91500,3203.06500,3205.15500,0
2025-05-01T08:00:00Z,3205.11500,3232.47500,3201.68500,3226.58500,0
2025-05-01T09:00:00Z,3226.38500,3233.07500,3218.52500,3223.73500,0
2025-05-01T10:00:00Z,3221.46500,3231.19500,3213.92500,3218.65500,0
2025-05-01T11:00:00Z,3218.66500,3221.53500,3204.66500,3216.26500,0
2025-05-01T12:00:00Z,3216.26500,3220.30500,3208.68500,3219.27500,0
2025-05-01T13:00:00Z,3219.29500,3220.57500,3209.50500,3214.08500,0
2025-05-01T14:00:00Z,3214.28500,3226.60500,3212.54500,3223.58500,0
2025-05-01T15:00:00Z,3223.62500,3229.47500,3223.62500,3228.00500,0
2025-05-01T16:00:00Z,3227.99900,3239.63500,3227.56500,3238.37500,0
2025-05-01T18:00:00Z,3238.38500,3243.01500,3232.09500,3237.38500,0
2025-05-01T19:00:00Z,3237.49500,3240.96500,3234.45500,3236.95500,0
2025-05-01T20:00:00Z,3237.12900,3243.99500,3227.11500,3230.92500,0
2025-05-01T21:00:00Z,3231.16500,3237.29500,3230.98500,3236.02500,0
2025-05-01T22:00:00Z,3236.04500,3248.98500,3235.52500,3248.03500,0
2025-05-01T23:00:00Z,3248.08500,3258.45500,3245.45500,3254.59500,0
2025-05-02T00:00:00Z,3254.55500,3257.14500,3250.22500,3251.64500,0
2025-05-02T01:00:00Z,3251.31500,3256.63500,3249.23500,3251.63500,0
2025-05-02T02:00:00Z,3251.69500,3262.10500,3246.12500,3252.60500,0
2025-05-02T03:00:00Z,3252.61500,3263.14500,3251.29500,3258.78500,0
2025-05-02T04:00:00Z,3258.78500,3261.41500,3254.97500,3257.77500,0
2025-05-02T05:00:00Z,3257.78500,3266.88500,3254.73500,3264.82500,0
2025-05-02T06:00:00Z,3265.02500,3265.46500,3256.96500,3259.12500,0
2025-05-02T07:00:00Z,3259.16500,3268.80500,3257.72500,3262.26500,0
2025-05-02T08:00:00Z,3262.23500,3264.73500,3249.11500,3250.10500,0
2025-05-02T09:00:00Z,3250.06500,3259.40500,3238.96500,3250.00500,0
2025-05-02T10:00:00Z,3249.95500,3264.36500,3241.86500,3262.38500,0
2025-05-02T11:00:00Z,3262.38500,3263.87500,3229.83500,3231.39500,0
2025-05-02T12:00:00Z,3231.44500,3235.98500,3222.39500,3224.67500,0
2025-05-02T13:00:00Z,3224.75500,3239.65500,3223.26500,3231.02500,0
2025-05-02T14:00:00Z,3231.05500,3232.21500,3224.03500,3226.04500,0
2025-05-02T15:00:00Z,3226.10500,3234.34500,3225.99500,3233.40500,0
2025-05-02T16:00:00Z,3233.43500,3241.08500,3232.52500,3239.41500,0
2025-05-04T18:00:00Z,3239.19500,3244.09500,3236.74500,3239.29500,0
2025-05-04T19:00:00Z,3239.47500,3252.11500,3238.43500,3247.74500,0
2025-05-04T20:00:00Z,3247.77500,3248.45500,3240.88500,3246.41500,0
2025-05-04T21:00:00Z,3246.43500,3270.72500,3246.19500,3264.42500,0
2025-05-04T22:00:00Z,3264.42500,3272.20500,3259.36500,3269.69500,0
2025-05-04T23:00:00Z,3269.71500,3271.13500,3252.70500,3254.19500,0
2025-05-05T00:00:00Z,3254.12500,3259.23500,3253.35500,3256.27500,0
2025-05-05T01:00:00Z,3256.25500,3261.73500,3253.78500,3259.37500,0
2025-05-05T02:00:00Z,3259.47500,3265.47500,3256.54500,3261.87500,0
2025-05-05T03:00:00Z,3261.88500,3267.58500,3258.52500,3264.66500,0
2025-05-05T04:00:00Z,3264.60500,3282.65500,3262.91500,3282.54500,0
2025-05-05T05:00:00Z,3282.54500,3308.84500,3282.01500,3308.34500,0
2025-05-05T06:00:00Z,3308.53500,3318.22500,3308.23500,3313.01500,0
2025-05-05T07:00:00Z,3313.06500,3318.71500,3310.78500,3312.65500,0
2025-05-05T08:00:00Z,3312.40500,3322.31500,3312.40500,3319.39500,0
2025-05-05T09:00:00Z,3319.21500,3320.72500,3311.51500,3314.37500,0
2025-05-05T10:00:00Z,3314.08500,3328.41500,3309.47500,3312.27500,0
2025-05-05T11:00:00Z,3312.27500,3317.45500,3308.65500,3311.74500,0
2025-05-05T12:00:00Z,3311.67500,3313.26500,3305.28500,3309.40500,0
2025-05-05T13:00:00Z,3309.36500,3317.89500,3308.80500,3316.72500,0
2025-05-05T14:00:00Z,3316.68500,3323.19500,3313.53500,3322.88500,0
2025-05-05T15:00:00Z,3322.88500,3337.39500,3322.60500,3328.61500,0
2025-05-05T16:00:00Z,3328.60900,3334.26500,3328.54900,3332.61500,0
2025-05-05T18:00:00Z,3335.89500,3337.49500,3327.01500,3329.73500,0
2025-05-05T19:00:00Z,3329.46500,3334.86500,3328.23500,3333.76500,0
2025-05-05T20:00:00Z,3333.66500,3333.92500,3321.10800,3329.47500,0
2025-05-05T21:00:00Z,3329.50500,3381.73500,3329.48500,3379.07500,0
2025-05-05T22:00:00Z,3379.03500,3386.74500,3355.96500,3357.71500,0
2025-05-05T23:00:00Z,3357.95500,3372.14500,3353.00000,3360.05500,0
2025-05-06T00:00:00Z,3360.25500,3365.60500,3355.63500,3362.77500,0
2025-05-06T01:00:00Z,3362.78500,3363.60500,3349.74500,3361.63500,0
2025-05-06T02:00:00Z,3361.63500,3367.71500,3358.38500,3364.55500,0
2025-05-06T03:00:00Z,3364.72500,3379.32500,3364.72500,3371.12500,0
2025-05-06T04:00:00Z,3371.14500,3382.92500,3368.30500,3376.89500,0
2025-05-06T05:00:00Z,3376.89500,3382.91500,3371.07500,3382.80500,0
2025-05-06T06:00:00Z,3382.82500,3383.43500,3376.31500,3383.31500,0
2025-05-06T07:00:00Z,3383.27500,3384.80500,3373.33500,3378.87500,0
2025-05-06T08:00:00Z,3378.92500,3392.14500,3372.86500,3390.58500,0
2025-05-06T09:00:00Z,3390.80500,3397.41500,3387.49500,3391.58500,0
2025-05-06T10:00:00Z,3391.56500,3397.89500,3377.99500,3386.00500,0
2025-05-06T11:00:00Z,3386.01500,3399.66500,3385.06500,3394.83500,0
2025-05-06T12:00:00Z,3394.80500,3411.49500,3394.41500,3408.42500,0
2025-05-06T13:00:00Z,3408.41500,3417.59500,3407.05500,3413.72500,0
2025-05-06T14:00:00Z,3413.72500,3417.18500,3409.96500,3415.34500,0
2025-05-06T15:00:00Z,3415.35500,3423.83500,3412.46500,3422.78500,0
2025-05-06T16:00:00Z,3422.76500,3434.67500,3418.78500,3431.10500,0
2025-05-06T18:00:00Z,3437.65500,3437.65500,3379.54500,3380.86500,0
2025-05-06T19:00:00Z,3380.99500,3404.37500,3376.30500,3400.38500,0
2025-05-06T20:00:00Z,3400.49500,3401.07500,3360.49500,3379.30500,0
2025-05-06T21:00:00Z,3379.33300,3384.76500,3359.73500,3374.52500,0
2025-05-06T22:00:00Z,3374.47500,3393.53500,3371.78500,3390.16500,0
2025-05-06T23:00:00Z,3390.14500,3392.34500,3369.31500,3374.91500,0
2025-05-07T00:00:00Z,3374.91500,3387.13500,3374.45500,3381.90500,0
2025-05-07T01:00:00Z,3382.29500,3389.13500,3378.28500,3387.45500,0
2025-05-07T02:00:00Z,3387.52500,3395.64500,3387.02500,3392.29500,0
2025-05-07T03:00:00Z,3392.25500,3397.16500,3383.52500,3387.77500,0
2025-05-07T04:00:00Z,3387.77500,3388.48500,3377.98500,3382.65500,0
2025-05-07T05:00:00Z,3382.65500,3384.95500,3369.47500,3369.82500,0
2025-05-07T06:00:00Z,3369.75500,3393.15500,3369.07500,3390.99500,0
2025-05-07T07:00:00Z,3391.03500,3391.24500,3383.39500,3386.69500,0
2025-05-07T08:00:00Z,3386.69500,3393.64500,3383.86500,3390.64500,0
2025-05-07T09:00:00Z,3390.62500,3397.87500,3381.03500,3394.17500,0
2025-05-07T10:00:00Z,3394.17500,3394.49500,3375.43500,3385.64500,0
2025-05-07T11:00:00Z,3385.64500,3389.41500,3381.70500,3384.85500,0
2025-05-07T12:00:00Z,3384.93500,3389.47500,3378.35500,3386.62500,0
2025-05-07T13:00:00Z,3386.53500,3389.51500,3383.05500,3383.05500,0
2025-05-07T14:00:00Z,3383.31500,3397.63500,3375.63500,3384.32500,0
2025-05-07T15:00:00Z,3384.42500,3386.60500,3363.49500,3371.53500,0
2025-05-07T16:00:00Z,3371.56500,3374.25500,3363.40500,3363.97500,0
2025-05-07T18:00:00Z,3365.54500,3373.38500,3363.03500,3369.28500,0
2025-05-07T19:00:00Z,3369.48500,3376.62500,3369.18500,3376.01500,0
2025-05-07T20:00:00Z,3376.25900,3386.50500,3373.44500,3380.22500,0
2025-05-07T21:00:00Z,3380.26500,3409.49500,3378.81500,3408.46500,0
2025-05-07T22:00:00Z,3408.32500,3414.70500,3401.65500,3401.65500,0
2025-05-07T23:00:00Z,3401.67500,3408.08500,3395.44500,3396.42500,0
2025-05-08T00:00:00Z,3396.40500,3399.00500,3381.55500,3381.79500,0
2025-05-08T01:00:00Z,3381.85500,3383.93500,3354.58500,3355.03500,0
2025-05-08T02:00:00Z,3355.00500,3361.68500,3319.83500,3329.56500,0
2025-05-08T03:00:00Z,3329.59500,3349.08500,3326.92500,3342.69500,0
2025-05-08T04:00:00Z,3342.76500,3343.99500,3336.77500,3339.07500,0
2025-05-08T05:00:00Z,3339.05500,3344.05500,3331.06500,3331.78500,0
2025-05-08T06:00:00Z,3331.75500,3346.45500,3330.13500,3342.02500,0
2025-05-08T07:00:00Z,3342.05500,3345.33500,3338.94500,3344.17500,0
2025-05-08T08:00:00Z,3344.19500,3358.13500,3342.86500,3355.72500,0
2025-05-08T09:00:00Z,3355.74500,3369.18500,3354.30500,3355.62500,0
2025-05-08T10:00:00Z,3355.71500,3362.64500,3350.41500,3356.08500,0
2025-05-08T11:00:00Z,3356.50500,3359.84500,3326.40500,3329.95500,0
2025-05-08T12:00:00Z,3330.02500,3330.02500,3303.94500,3309.88500,0
2025-05-08T13:00:00Z,3309.90500,3310.79500,3297.37500,3307.90500,0
2025-05-08T14:00:00Z,3307.88500,3310.47500,3305.22500,3308.10500,0
2025-05-08T15:00:00Z,3308.10500,3309.75500,3288.44500,3306.08500,0
2025-05-08T16:00:00Z,3306.17500,3310.55500,3303.58500,3305.51500,0
2025-05-08T18:00:00Z,3304.03500,3323.49500,3304.03500,3323.30500,0
2025-05-08T19:00:00Z,3323.29900,3323.54500,3311.58500,3316.02500,0
2025-05-08T20:00:00Z,3316.06500,3322.72500,3308.53500,3321.98500,0
2025-05-08T21:00:00Z,3321.86500,3322.31500,3286.41500,3290.89500,0
2025-05-08T22:00:00Z,3290.85500,3308.37500,3274.29500,3308.07500,0
2025-05-08T23:00:00Z,3308.05500,3313.07500,3299.60500,3307.83500,0
2025-05-09T00:00:00Z,3307.82500,3327.15500,3307.82500,3324.33500,0
2025-05-09T01:00:00Z,3324.18500,3329.91500,3312.61500,3320.99500,0
2025-05-09T02:00:00Z,3321.17500,3326.57500,3315.02500,3325.25500,0
2025-05-09T03:00:00Z,3325.17500,3331.99500,3322.21500,3327.04500,0
2025-05-09T04:00:00Z,3327.06500,3328.70500,3319.92500,3328.31500,0
2025-05-09T05:00:00Z,3328.28500,3329.05500,3323.24500,3324.84500,0
2025-05-09T06:00:00Z,3324.98500,3329.58500,3321.76500,3323.12500,0
2025-05-09T07:00:00Z,3323.08500,3338.10500,3323.04500,3332.82500,0
2025-05-09T08:00:00Z,3332.86500,3335.49500,3328.92500,3333.37500,0
2025-05-09T09:00:00Z,3333.37500,3340.22500,3328.50500,3330.51500,0
2025-05-09T10:00:00Z,3330.53500,3341.05500,3320.11500,3336.97500,0
2025-05-09T11:00:00Z,3336.97500,3345.90500,3335.90500,3344.82500,0
2025-05-09T12:00:00Z,3344.78500,3347.36500,3336.16500,3336.59500,0
2025-05-09T13:00:00Z,3336.58500,3342.32500,3335.85500,3340.68500,0
2025-05-09T14:00:00Z,3340.71500,3342.73500,3335.99500,3338.46500,0
2025-05-09T15:00:00Z,3338.46500,3339.76500,3325.25500,3328.61500,0
2025-05-09T16:00:00Z,3328.42500,3330.20500,3323.34500,3323.34500,0
2025-05-11T18:00:00Z,3271.80500,3292.67500,3266.59500,3272.29500,0
2025-05-11T19:00:00Z,3272.27500,3288.74500,3265.48500,3287.31500,0
2025-05-11T20:00:00Z,3287.37500,3289.67500,3271.82500,3278.89500,0
2025-05-11T21:00:00Z,3278.89500,3281.87500,3258.53500,3271.60500,0
2025-05-11T22:00:00Z,3271.57500,3279.47500,3269.16500,3271.85500,0
2025-05-11T23:00:00Z,3271.69500,3284.50500,3270.23500,3283.04500,0
2025-05-12T00:00:00Z,3282.99500,3283.33500,3275.36500,3278.61500,0
2025-05-12T01:00:00Z,3278.70500,3279.48500,3268.11500,3275.83500,0
2025-05-12T02:00:00Z,3276.05500,3281.42500,3272.74500,3277.27500,0
2025-05-12T03:00:00Z,3277.22900,3277.54500,3215.77500,3222.57500,0
2025-05-12T04:00:00Z,3222.54500,3234.16500,3220.50500,3231.30500,0
2025-05-12T05:00:00Z,3231.18500,3231.18500,3212.78500,3215.02500,0
2025-05-12T06:00:00Z,3214.92500,3219.22500,3207.51500,3207.62500,0
2025-05-12T07:00:00Z,3207.62500,3229.21500,3207.49500,3224.62500,0
2025-05-12T08:00:00Z,3224.48900,3234.10500,3220.12500,3233.39500,0
2025-05-12T09:00:00Z,3233.61500,3248.39500,3231.25500,3240.58500,0
2025-05-12T10:00:00Z,3240.35500,3247.49500,3233.01500,3237.18500,0
2025-05-12T11:00:00Z,3237.18500,3243.77500,3232.30500,3239.01500,0
2025-05-12T12:00:00Z,3238.96500,3239.87500,3222.97500,3224.01500,0
2025-05-12T13:00:00Z,3224.31500,3227.38500,3220.92500,3223.06500,0
2025-05-12T14:00:00Z,3223.10500,3229.86500,3220.12500,3229.39500,0
2025-05-12T15:00:00Z,3229.35500,3238.76500,3228.61500,3235.31500,0
2025-05-12T16:00:00Z,3235.29500,3238.24500,3232.31500,3235.21500,0
2025-05-12T18:00:00Z,3236.19500,3241.52500,3229.56500,3233.40500,0
2025-05-12T19:00:00Z,3233.40500,3239.77500,3232.80500,3236.58500,0
2025-05-12T20:00:00Z,3236.58500,3243.03500,3233.49500,3239.65500,0
2025-05-12T21:00:00Z,3239.61500,3243.09500,3215.53500,3224.98500,0
2025-05-12T22:00:00Z,3225.13500,3241.14500,3222.93500,3228.51500,0
2025-05-12T23:00:00Z,3228.53500,3238.21500,3227.77500,3236.46500,0
2025-05-13T00:00:00Z,3236.41500,3253.29500,3234.73500,3252.21500,0
2025-05-13T01:00:00Z,3252.40500,3260.54500,3250.91500,3256.22500,0
2025-05-13T02:00:00Z,3256.29500,3265.40500,3247.10500,3261.85500,0
2025-05-13T03:00:00Z,3262.04500,3264.76500,3254.07500,3258.90500,0
2025-05-13T04:00:00Z,3258.98500,3261.05500,3250.16500,3255.37500,0
2025-05-13T05:00:00Z,3255.33500,3256.38500,3250.35500,3253.05500,0
2025-05-13T06:00:00Z,3253.05500,3256.05500,3250.90500,3252.68500,0
2025-05-13T07:00:00Z,3252.63500,3258.39500,3248.54500,3248.88500,0
2025-05-13T08:00:00Z,3248.94500,3249.61500,3237.05500,3241.54500,0
2025-05-13T09:00:00Z,3241.38500,3246.69500,3227.00500,3227.26500,0
2025-05-13T10:00:00Z,3227.25500,3248.46500,3225.14500,3242.44500,0
2025-05-13T11:00:00Z,3242.74500,3255.43500,3241.76500,3252.90500,0
2025-05-13T12:00:00Z,3252.90500,3257.63500,3248.39500,3250.84500,0
2025-05-13T13:00:00Z,3250.82500,3252.48500,3241.89500,3246.92500,0
2025-05-13T14:00:00Z,3246.92500,3250.68500,3245.53500,3248.54500,0
2025-05-13T15:00:00Z,3248.68500,3250.91500,3246.10500,3249.11500,0
2025-05-13T16:00:00Z,3249.19500,3254.50500,3247.75500,3250.31500,0
2025-05-13T18:00:00Z,3249.27500,3254.24500,3248.60500,3254.13500,0
2025-05-13T19:00:00Z,3253.89500,3256.68500,3251.65500,3253.92500,0
2025-05-13T20:00:00Z,3254.14500,3254.30500,3240.03500,3243.34500,0
2025-05-13T21:00:00Z,3243.37900,3251.63500,3236.83500,3238.54500,0
2025-05-13T22:00:00Z,3238.40500,3241.20500,3228.76500,3232.47500,0
2025-05-13T23:00:00Z,3232.47500,3233.37500,3225.87500,3228.14500,0
2025-05-14T00:00:00Z,3228.14500,3230.13500,3222.18500,3223.51500,0
2025-05-14T01:00:00Z,3223.51500,3234.06400,3222.00000,3233.34500,0
2025-05-14T02:00:00Z,3233.51500,3236.59500,3227.43500,3228.40500,0
2025-05-14T03:00:00Z,3228.58500,3238.59500,3223.99500,3237.73500,0
2025-05-14T04:00:00Z,3237.40500,3243.49500,3230.08500,3232.10500,0
2025-05-14T05:00:00Z,3232.10500,3236.26500,3228.77500,3232.07500,0
2025-05-14T06:00:00Z,3231.91500,3236.19500,3229.35500,3235.23500,0
2025-05-14T07:00:00Z,3235.30500,3238.86500,3219.20500,3219.99500,0
2025-05-14T08:00:00Z,3219.90500,3222.30500,3183.84500,3184.62500,0
2025-05-14T09:00:00Z,3185.04500,3198.01500,3174.50500,3191.07500,0
2025-05-14T10:00:00Z,3191.16500,3193.98500,3179.11500,3181.57500,0
2025-05-14T11:00:00Z,3181.56900,3186.37500,3178.68500,3182.34500,0
2025-05-14T12:00:00Z,3182.76500,3190.52500,3173.46500,3188.21500,0
2025-05-14T13:00:00Z,3188.17500,3190.27500,3180.47500,3181.57500,0
2025-05-14T14:00:00Z,3181.59500,3182.74500,3171.28500,3171.57500,0
2025-05-14T15:00:00Z,3171.47500,3181.49500,3167.54500,3180.45500,0
2025-05-14T16:00:00Z,3180.44900,3183.07500,3176.62500,3176.91500,0
2025-05-14T18:00:00Z,3178.13500,3183.50500,3177.39500,3182.19500,0
2025-05-14T19:00:00Z,3182.31500,3187.17500,3180.61500,3185.81500,0
2025-05-14T20:00:00Z,3185.81500,3187.69500,3180.00000,3187.68500,0
2025-05-14T21:00:00Z,3187.43500,3192.55500,3170.84500,3172.11500,0
2025-05-14T22:00:00Z,3172.13500,3175.19500,3149.54500,3153.79500,0
2025-05-14T23:00:00Z,3153.54500,3156.64500,3147.73500,3150.19500,0
2025-05-15T00:00:00Z,3150.24500,3152.23500,3135.21500,3138.26500,0
2025-05-15T01:00:00Z,3138.34500,3142.67500,3122.93500,3128.52500,0
2025-05-15T02:00:00Z,3128.54500,3153.78500,3120.20500,3149.69500,0
2025-05-15T03:00:00Z,3149.69500,3151.84500,3130.20500,3141.98500,0
2025-05-15T04:00:00Z,3141.98500,3163.93500,3138.71500,3162.22500,0
2025-05-15T05:00:00Z,3162.18500,3171.42500,3158.92500,3164.83500,0
2025-05-15T06:00:00Z,3164.83500,3178.74500,3163.74500,3178.00500,0
2025-05-15T07:00:00Z,3178.00500,3179.84500,3172.04500,3178.84500,0
2025-05-15T08:00:00Z,3178.81500,3189.50500,3177.17500,3188.37500,0
2025-05-15T09:00:00Z,3188.39900,3199.43500,3184.81500,3191.86500,0
2025-05-15T10:00:00Z,3191.83500,3206.84500,3190.13500,3205.19500,0
2025-05-15T11:00:00Z,3205.18500,3219.75500,3204.36500,3219.40500,0
2025-05-15T12:00:00Z,3219.41500,3222.46500,3215.51500,3222.24500,0
2025-05-15T13:00:00Z,3222.26500,3228.92500,3216.08500,3220.87500,0
2025-05-15T14:00:00Z,3220.85500,3225.64500,3219.54500,3222.91500,0
2025-05-15T15:00:00Z,3222.93500,3232.57500,3222.13500,3231.90500,0
2025-05-15T16:00:00Z,3231.82500,3240.30500,3230.81500,3239.62500,0
2025-05-15T18:00:00Z,3239.85500,3251.80500,3236.63500,3250.82500,0
2025-05-15T19:00:00Z,3250.82500,3250.89500,3236.16500,3236.84500,0
2025-05-15T20:00:00Z,3236.81500,3243.64500,3231.81500,3242.84500,0
2025-05-15T21:00:00Z,3242.75500,3244.24500,3214.47500,3221.90500,0
2025-05-15T22:00:00Z,3221.96500,3227.23500,3212.54500,3215.15500,0
2025-05-15T23:00:00Z,3215.14900,3217.11500,3206.25500,3211.62500,0
2025-05-16T00:00:00Z,3211.58500,3222.13500,3211.43500,3219.44500,0
2025-05-16T01:00:00Z,3219.15500,3221.92500,3211.61500,3218.24500,0
2025-05-16T02:00:00Z,3218.24500,3230.87500,3212.54500,3214.52500,0
2025-05-16T03:00:00Z,3214.72500,3217.67500,3204.97500,3207.34500,0
2025-05-16T04:00:00Z,3207.27900,3209.01500,3195.03500,3207.08500,0
2025-05-16T05:00:00Z,3207.08500,3212.67500,3203.44500,3208.89500,0
2025-05-16T06:00:00Z,3208.94500,3210.77500,3168.58500,3175.47500,0
2025-05-16T07:00:00Z,3175.62500,3179.00500,3153.47500,3162.68500,0
2025-05-16T08:00:00Z,3162.82500,3181.81500,3154.37500,3177.09500,0
2025-05-16T09:00:00Z,3177.31500,3186.16500,3168.93500,3180.21500,0
2025-05-16T10:00:00Z,3180.28500,3188.34500,3165.59500,3172.93500,0
2025-05-16T11:00:00Z,3172.92900,3184.87500,3172.41500,3183.20500,0
2025-05-16T12:00:00Z,3183.19500,3189.46500,3180.07500,3189.06500,0
2025-05-16T13:00:00Z,3189.18500,3191.82500,3183.04500,3189.18500,0
2025-05-16T14:00:00Z,3189.32500,3190.93500,3184.49500,3187.20500,0
2025-05-16T15:00:00Z,3187.20500,3195.64500,3187.20500,3192.42500,0
2025-05-16T16:00:00Z,3192.34500,3204.78500,3192.00500,3202.46500,0
2025-05-18T18:00:00Z,3218.45500,3240.73500,3205.78500,3239.16500,0
2025-05-18T19:00:00Z,3239.17500,3245.02500,3225.95500,3234.26500,0
2025-05-18T20:00:00Z,3234.29500,3249.50500,3232.99500,3246.27500,0
2025-05-18T21:00:00Z,3246.25500,3246.50500,3214.36500,3218.11500,0
2025-05-18T22:00:00Z,3218.09500,3229.71500,3216.82500,3228.39500,0
2025-05-18T23:00:00Z,3228.39500,3230.09500,3207.75500,3211.91500,0
2025-05-19T00:00:00Z,3211.91500,3217.90500,3206.30500,3215.64500,0
2025-05-19T01:00:00Z,3215.64500,3224.03500,3214.69500,3223.74500,0
2025-05-19T02:00:00Z,3223.74500,3231.24500,3219.91500,3223.79500,0
2025-05-19T03:00:00Z,3223.92900,3234.31500,3223.67500,3232.15500,0
2025-05-19T04:00:00Z,3232.22500,3244.77500,3229.67500,3244.19500,0
2025-05-19T05:00:00Z,3244.44500,3247.38500,3233.39500,3241.79500,0
2025-05-19T06:00:00Z,3241.86500,3244.97500,3233.71500,3241.37500,0
2025-05-19T07:00:00Z,3241.37500,3248.28500,3238.86500,3243.59500,0
2025-05-19T08:00:00Z,3243.59500,3244.24500,3228.68500,3229.07500,0
2025-05-19T09:00:00Z,3229.24500,3241.31500,3224.47500,3229.82500,0
2025-05-19T10:00:00Z,3229.74500,3235.91500,3216.90500,3233.75500,0
2025-05-19T11:00:00Z,3233.73500,3239.60500,3229.33500,3231.35500,0
2025-05-19T12:00:00Z,3231.37500,3234.02500,3227.89500,3231.50500,0
2025-05-19T13:00:00Z,3231.51500,3232.94500,3225.37500,3226.14500,0
2025-05-19T14:00:00Z,3226.11500,3235.00500,3225.03500,3233.26500,0
2025-05-19T15:00:00Z,3233.32500,3235.66500,3231.44500,3232.85500,0
2025-05-19T16:00:00Z,3232.89500,3233.65500,3227.77500,3229.20500,0
2025-05-19T18:00:00Z,3229.34500,3230.56500,3224.24500,3226.42500,0
2025-05-19T19:00:00Z,3226.41900,3227.02500,3218.70500,3222.19500,0
2025-05-19T20:00:00Z,3222.22500,3223.87500,3213.79500,3222.46500,0
2025-05-19T21:00:00Z,3222.93500,3232.44500,3220.25500,3220.98500,0
2025-05-19T22:00:00Z,3221.04500,3222.86500,3206.13500,3206.34500,0
2025-05-19T23:00:00Z,3206.41500,3213.91500,3204.20500,3211.27500,0
2025-05-20T00:00:00Z,3211.21500,3217.79500,3210.89500,3216.93500,0
2025-05-20T01:00:00Z,3216.91500,3219.57500,3209.61500,3213.67500,0
2025-05-20T02:00:00Z,3213.67500,3219.01500,3208.26500,3209.42500,0
2025-05-20T03:00:00Z,3209.42500,3225.13500,3207.66500,3222.57500,0
2025-05-20T04:00:00Z,3222.55900,3235.84500,3218.05900,3235.61500,0
2025-05-20T05:00:00Z,3235.61500,3239.23500,3230.17500,3236.11500,0
2025-05-20T06:00:00Z,3236.09500,3238.19500,3231.57500,3235.03500,0
2025-05-20T07:00:00Z,3235.03500,3241.42500,3234.91500,3241.00500,0
2025-05-20T08:00:00Z,3240.90500,3250.52500,3234.21500,3242.50500,0
2025-05-20T09:00:00Z,3242.18500,3261.30500,3232.61500,3261.01500,0
2025-05-20T10:00:00Z,3261.01500,3285.53500,3260.09500,3282.30500,0
2025-05-20T11:00:00Z,3282.30500,3283.34500,3273.14500,3277.02500,0
2025-05-20T12:00:00Z,3277.00500,3282.30500,3274.99500,3278.61500,0
2025-05-20T13:00:00Z,3278.57500,3287.73500,3278.11500,3286.25500,0
2025-05-20T14:00:00Z,3286.28500,3289.41500,3283.92500,3287.50500,0
2025-05-20T15:00:00Z,3287.59500,3295.01500,3287.03500,3294.00500,0
2025-05-20T16:00:00Z,3293.98500,3295.46500,3289.19500,3289.78500,0
2025-05-20T18:00:00Z,3290.14500,3303.76500,3289.76500,3296.58500,0
2025-05-20T19:00:00Z,3296.44500,3296.53500,3288.35500,3290.43500,0
2025-05-20T20:00:00Z,3290.38500,3303.95500,3288.71500,3303.18500,0
2025-05-20T21:00:00Z,3303.12500,3314.48500,3285.10500,3294.05500,0
2025-05-20T22:00:00Z,3294.05500,3304.82500,3288.99500,3301.36500,0
2025-05-20T23:00:00Z,3301.34500,3309.57500,3298.90500,3307.51500,0
2025-05-21T00:00:00Z,3307.51500,3308.21500,3300.86500,3301.91500,0
2025-05-21T01:00:00Z,3301.86500,3319.32500,3298.14500,3316.00500,0
2025-05-21T02:00:00Z,3316.02500,3320.45500,3310.59500,3319.91500,0
2025-05-21T03:00:00Z,3319.85500,3319.91500,3307.28500,3309.58500,0
2025-05-21T04:00:00Z,3309.60500,3312.08500,3303.72500,3308.11500,0
2025-05-21T05:00:00Z,3308.13500,3313.34500,3306.62500,3313.34500,0
2025-05-21T06:00:00Z,3313.36500,3318.10500,3308.47500,3311.59500,0
2025-05-21T07:00:00Z,3311.76500,3316.19800,3306.26500,3310.99500,0
2025-05-21T08:00:00Z,3310.99500,3312.44500,3290.66800,3302.44500,0
2025-05-21T09:00:00Z,3302.50500,3309.34800,3295.10800,3303.45500,0
2025-05-21T10:00:00Z,3303.43500,3307.65500,3295.04500,3304.10500,0
2025-05-21T11:00:00Z,3304.13500,3315.00500,3303.31500,3311.72500,0
2025-05-21T12:00:00Z,3311.74500,3314.46500,3302.45500,3302.87500,0
2025-05-21T13:00:00Z,3302.84500,3316.18500,3302.54500,3316.17500,0
2025-05-21T14:00:00Z,3316.12500,3316.28500,3311.69800,3314.19800,0
2025-05-21T15:00:00Z,3314.10500,3324.74800,3314.10500,3318.09500,0
2025-05-21T16:00:00Z,3318.09500,3319.58500,3312.89800,3314.67500,0
2025-05-21T18:00:00Z,3319.34800,3320.94800,3315.03500,3317.74800,0
2025-05-21T19:00:00Z,3317.84800,3323.99800,3317.00800,3319.83500,0
2025-05-21T20:00:00Z,3320.07500,3325.94800,3319.12800,3323.58500,0
2025-05-21T21:00:00Z,3323.58500,3342.74500,3320.14500,3337.89800,0
2025-05-21T22:00:00Z,3337.76800,3344.49800,3336.25500,3340.82500,0
2025-05-21T23:00:00Z,3340.89500,3345.19800,3334.68500,3335.14800,0
2025-05-22T00:00:00Z,3335.03500,3338.99800,3332.43800,3338.34800,0
2025-05-22T01:00:00Z,3338.34800,3339.14800,3326.04800,3332.07500,0
2025-05-22T02:00:00Z,3332.13500,3335.47500,3325.15800,3326.19800,0
2025-05-22T03:00:00Z,3326.14500,3330.99800,3322.35500,3327.39500,0
2025-05-22T04:00:00Z,3327.41500,3329.69800,3309.86500,3310.99800,0
2025-05-22T05:00:00Z,3310.96500,3313.64500,3303.93500,3304.49800,0
2025-05-22T06:00:00Z,3304.49800,3307.29800,3288.27500,3289.37500,0
2025-05-22T07:00:00Z,3289.31800,3314.54500,3282.78500,3314.22500,0
2025-05-22T08:00:00Z,3314.05500,3314.31500,3300.70500,3303.94800,0
2025-05-22T09:00:00Z,3304.10500,3315.53500,3286.45500,3287.17500,0
2025-05-22T10:00:00Z,3287.17500,3304.34800,3278.78900,3296.69800,0
2025-05-22T11:00:00Z,3296.88500,3298.49800,3281.01500,3294.44800,0
2025-05-22T12:00:00Z,3294.51500,3304.63500,3290.89800,3301.37500,0
2025-05-22T13:00:00Z,3301.37500,3301.56500,3289.89800,3296.39800,0
2025-05-22T14:00:00Z,3296.39800,3298.74800,3292.09800,3293.63500,0
2025-05-22T15:00:00Z,3293.60500,3296.90500,3288.91500,3290.07500,0
2025-05-22T16:00:00Z,3290.07500,3295.39500,3289.32500,3294.42500,0
2025-05-22T18:00:00Z,3294.29800,3299.08500,3293.45500,3297.34800,0
2025-05-22T19:00:00Z,3297.26500,3301.69500,3297.04800,3299.74800,0
2025-05-22T20:00:00Z,3299.82500,3308.64800,3286.76500,3300.85500,0
2025-05-22T21:00:00Z,3300.99500,3306.14800,3295.64800,3304.84800,0
2025-05-22T22:00:00Z,3304.83500,3305.04800,3290.59800,3296.59800,0
2025-05-22T23:00:00Z,3296.59800,3303.20500,3296.18500,3301.84800,0
2025-05-23T00:00:00Z,3301.84800,3315.87500,3301.74800,3313.39800,0
2025-05-23T01:00:00Z,3313.39800,3325.39800,3312.24800,3323.58500,0
2025-05-23T02:00:00Z,3323.57500,3331.74500,3322.79500,3330.89800,0
2025-05-23T03:00:00Z,3330.80900,3334.13500,3326.45500,3328.94800,0
2025-05-23T04:00:00Z,3328.94800,3329.19800,3322.29500,3326.09800,0
2025-05-23T05:00:00Z,3326.18500,3333.81800,3324.58500,3328.44800,0
2025-05-23T06:00:00Z,3328.46500,3331.68500,3323.21500,3328.35500,0
2025-05-23T07:00:00Z,3328.35500,3349.44800,3324.12500,3347.68800,0
2025-05-23T08:00:00Z,3347.70500,3360.24800,3344.55500,3356.71500,0
2025-05-23T09:00:00Z,3356.72500,3364.39800,3336.56500,3339.75500,0
2025-05-23T10:00:00Z,3339.64500,3359.42800,3336.24800,3359.09800,0
2025-05-23T11:00:00Z,3359.09800,3362.24800,3351.83500,3361.43500,0
2025-05-23T12:00:00Z,3361.52500,3364.29800,3356.95500,3358.72500,0
2025-05-23T13:00:00Z,3358.72500,3365.79800,3356.16500,3362.49800,0
2025-05-23T14:00:00Z,3362.48500,3365.74500,3360.93500,3361.80500,0
2025-05-23T15:00:00Z,3361.81500,3365.72500,3358.01500,3360.54800,0
2025-05-23T16:00:00Z,3360.54800,3361.59800,3355.97500,3356.57500,0
2025-05-25T18:00:00Z,3355.69800,3356.08500,3340.90500,3343.94800,0
2025-05-25T19:00:00Z,3343.94800,3350.39800,3341.04800,3342.29800,0
2025-05-25T20:00:00Z,3342.42500,3346.02500,3331.19800,3341.64800,0
2025-05-25T21:00:00Z,3341.74800,3347.39800,3335.21500,3344.72500,0
2025-05-25T22:00:00Z,3344.63500,3356.59800,3343.00500,3347.84800,0
2025-05-25T23:00:00Z,3347.74500,3349.64800,3344.05500,3347.34800,0
2025-05-26T00:00:00Z,3347.24500,3350.90500,3346.09500,3349.56500,0
2025-05-26T01:00:00Z,3349.56500,3351.54800,3343.98500,3347.13500,0
2025-05-26T02:00:00Z,3347.09800,3347.27500,3336.80500,3336.97500,0
2025-05-26T03:00:00Z,3336.96900,3338.49800,3331.87500,3337.14800,0
2025-05-26T04:00:00Z,3337.04500,3339.39800,3330.75500,3334.44800,0
2025-05-26T05:00:00Z,3334.44800,3335.89800,3323.29800,3328.19800,0
2025-05-26T06:00:00Z,3328.15500,3333.44800,3328.15500,3331.29800,0
2025-05-26T07:00:00Z,3331.29800,3334.40500,3328.93500,3332.89800,0
2025-05-26T08:00:00Z,3332.90500,3334.69800,3326.04800,3334.21500,0
2025-05-26T09:00:00Z,3334.21500,3338.74800,3331.11500,3338.14800,0
2025-05-26T10:00:00Z,3338.04500,3341.34800,3335.28500,3336.94800,0
2025-05-26T11:00:00Z,3336.92500,3339.50500,3336.59800,3337.79800,0
2025-05-26T12:00:00Z,3337.74500,3343.34800,3337.39800,3341.74800,0
2025-05-26T13:00:00Z,3342.04800,3342.89800,3340.14800,3340.94800,0
2025-05-26T14:00:00Z,3340.92500,3342.82500,3340.64800,3341.63500,0
2025-05-26T18:00:00Z,3342.49800,3348.51500,3342.29800,3347.43800,0
2025-05-26T19:00:00Z,3347.30500,3348.27800,3344.41500,3345.94500,0
2025-05-26T20:00:00Z,3345.91500,3349.74800,3342.19800,3344.89500,0
2025-05-26T21:00:00Z,3344.98500,3347.04800,3331.49500,3335.69500,0
2025-05-26T22:00:00Z,3335.64800,3344.19800,3334.80500,3342.76500,0
2025-05-26T23:00:00Z,3342.73500,3347.04800,3340.64800,3340.91800,0
2025-05-27T00:00:00Z,3340.89800,3341.19800,3330.37500,3330.60500,0
2025-05-27T01:00:00Z,3330.60500,3332.41500,3315.67800,3323.19800,0
2025-05-27T02:00:00Z,3323.19800,3328.14800,3304.74800,3308.34800,0
2025-05-27T03:00:00Z,3308.24800,3312.34800,3292.26500,3296.04800,0
2025-05-27T04:00:00Z,3296.04800,3310.14800,3296.00500,3298.28500,0
2025-05-27T05:00:00Z,3298.24800,3309.39800,3294.26800,3295.94800,0
2025-05-27T06:00:00Z,3295.94800,3299.41500,3290.17500,3293.00500,0
2025-05-27T07:00:00Z,3292.99500,3297.94800,3287.54800,3288.14800,0
2025-05-27T08:00:00Z,3288.12500,3297.71500,3287.80500,3293.39800,0
2025-05-27T09:00:00Z,3293.12500,3304.74800,3292.08500,3294.80500,0
2025-05-27T10:00:00Z,3294.77500,3303.15500,3284.15900,3299.67800,0
2025-05-27T11:00:00Z,3299.67800,3302.87500,3289.39800,3293.29800,0
2025-05-27T12:00:00Z,3293.29800,3298.49800,3292.79800,3297.58800,0
2025-05-27T13:00:00Z,3297.51500,3304.17500,3296.60500,3301.04800,0
2025-05-27T14:00:00Z,3300.99500,3303.82500,3298.92500,3302.89500,0
2025-05-27T15:00:00Z,3302.88900,3307.88500,3302.76500,3304.16500,0
2025-05-27T16:00:00Z,3304.41500,3304.86500,3299.46500,3300.45500,0
2025-05-27T18:00:00Z,3300.29800,3305.54800,3299.98500,3302.94800,0
2025-05-27T19:00:00Z,3303.19500,3310.84800,3297.08500,3309.14800,0
2025-05-27T20:00:00Z,3309.14800,3315.52500,3308.02800,3308.29800,0
2025-05-27T21:00:00Z,3308.29800,3310.54800,3298.23500,3301.55500,0
2025-05-27T22:00:00Z,3301.55500,3313.59800,3300.33500,3302.18500,0
2025-05-27T23:00:00Z,3302.15800,3303.88500,3291.39800,3297.50500,0
2025-05-28T00:00:00Z,3297.56500,3298.98500,3294.13500,3296.12500,0
2025-05-28T01:00:00Z,3296.12500,3310.04800,3295.75500,3306.98800,0
2025-05-28T02:00:00Z,3306.89800,3308.55500,3298.07800,3308.07500,0
2025-05-28T03:00:00Z,3308.04800,3322.26800,3306.84800,3318.94800,0
2025-05-28T04:00:00Z,3318.94800,3323.59800,3314.88500,3321.34800,0
2025-05-28T05:00:00Z,3321.35500,3325.31800,3319.80500,3323.89500,0
2025-05-28T06:00:00Z,3323.92500,3324.54800,3311.57800,3313.04800,0
2025-05-28T07:00:00Z,3313.07500,3314.87800,3307.19500,3310.91500,0
2025-05-28T08:00:00Z,3310.89500,3314.24800,3305.14500,3311.89800,0
2025-05-28T09:00:00Z,3311.86500,3316.14500,3297.17500,3304.79800,0
2025-05-28T10:00:00Z,3304.79800,3308.76500,3300.14500,3302.37500,0
2025-05-28T11:00:00Z,3302.39500,3302.54800,3292.34500,3295.83500,0
2025-05-28T12:00:00Z,3295.92500,3298.95500,3288.35500,3293.28500,0
2025-05-28T13:00:00Z,3293.24800,3298.88500,3291.14800,3296.41800,0
2025-05-28T14:00:00Z,3295.47500,3302.79800,3295.47500,3301.89800,0
2025-05-28T15:00:00Z,3301.82500,3302.96500,3293.57500,3296.76500,0
2025-05-28T16:00:00Z,3296.76500,3297.13500,3276.07500,3286.71500,0
2025-05-28T18:00:00Z,3288.14800,3294.34800,3281.45800,3286.24800,0
2025-05-28T19:00:00Z,3285.98500,3287.39800,3249.72500,3259.54800,0
2025-05-28T20:00:00Z,3259.54800,3268.84800,3253.45500,3264.84800,0
2025-05-28T21:00:00Z,3264.74500,3265.74800,3245.19800,3263.34800,0
2025-05-28T22:00:00Z,3263.34800,3275.19800,3260.61800,3269.80800,0
2025-05-28T23:00:00Z,3269.81800,3280.00500,3267.76800,3274.39800,0
2025-05-29T00:00:00Z,3274.39800,3275.19800,3268.76800,3268.78500,0
2025-05-29T01:00:00Z,3268.80500,3272.40500,3265.84800,3272.26500,0
2025-05-29T02:00:00Z,3272.25500,3276.15500,3267.81500,3271.45500,0
2025-05-29T03:00:00Z,3271.57500,3287.18500,3271.51500,3286.17500,0
2025-05-29T04:00:00Z,3286.17500,3289.07500,3277.90500,3281.49500,0
2025-05-29T05:00:00Z,3281.47500,3282.99800,3275.98500,3281.85500,0
2025-05-29T06:00:00Z,3281.85500,3300.51500,3281.65500,3296.50500,0
2025-05-29T07:00:00Z,3296.50500,3305.26500,3295.15500,3299.54500,0
2025-05-29T08:00:00Z,3299.54500,3317.30500,3298.44800,3316.23500,0
2025-05-29T09:00:00Z,3316.20900,3321.87500,3310.05500,3312.16800,0
2025-05-29T10:00:00Z,3312.14500,3319.19800,3304.49800,3310.02500,0
2025-05-29T11:00:00Z,3310.03500,3321.84800,3309.47500,3321.48500,0
2025-05-29T12:00:00Z,3321.49800,3330.77500,3319.59800,3322.01500,0
2025-05-29T13:00:00Z,3321.99800,3324.33500,3317.87500,3324.09500,0
2025-05-29T14:00:00Z,3324.15500,3325.64500,3317.29800,3321.09800,0
2025-05-29T15:00:00Z,3321.09800,3321.29800,3315.29800,3316.48500,0
2025-05-29T16:00:00Z,3316.55500,3318.09500,3314.96500,3317.77500,0
2025-05-29T18:00:00Z,3317.18500,3320.79800,3313.31800,3314.09800,0
2025-05-29T19:00:00Z,3314.23500,3316.94800,3312.57500,3315.39500,0
2025-05-29T20:00:00Z,3315.39500,3318.67500,3309.19500,3312.26500,0
2025-05-29T21:00:00Z,3312.34800,3322.44800,3307.84800,3309.64800,0
2025-05-29T22:00:00Z,3309.62500,3311.94800,3294.64800,3297.00500,0
2025-05-29T23:00:00Z,3296.99800,3302.14800,3290.98500,3294.19800,0
2025-05-30T00:00:00Z,3293.98500,3296.29800,3291.33500,3296.04800,0
2025-05-30T01:00:00Z,3295.94800,3304.79800,3289.89800,3303.44800,0
2025-05-30T02:00:00Z,3303.44800,3303.95500,3290.24500,3301.62500,0
2025-05-30T03:00:00Z,3301.62500,3301.62500,3287.14800,3294.74800,0
2025-05-30T04:00:00Z,3294.74800,3299.04800,3291.31500,3295.49800,0
2025-05-30T05:00:00Z,3295.46500,3298.97500,3292.26500,3295.32500,0
2025-05-30T06:00:00Z,3295.37500,3300.34800,3292.31500,3295.02500,0
2025-05-30T07:00:00Z,3295.00500,3297.09500,3288.36500,3293.79800,0
2025-05-30T08:00:00Z,3293.79800,3306.39800,3282.27500,3303.74800,0
2025-05-30T09:00:00Z,3303.74800,3307.99800,3274.89800,3276.33500,0
2025-05-30T10:00:00Z,3276.35500,3287.03500,3271.09500,3282.49800,0
2025-05-30T11:00:00Z,3282.49800,3292.41500,3275.74800,3288.39800,0
2025-05-30T12:00:00Z,3288.39800,3295.51500,3283.70500,3293.01500,0
2025-05-30T13:00:00Z,3293.01500,3294.64800,3289.50500,3290.72500,0
2025-05-30T14:00:00Z,3290.72500,3294.96500,3290.72500,3293.55500,0
2025-05-30T15:00:00Z,3293.54800,3294.95500,3291.55500,3294.74500,0
2025-05-30T16:00:00Z,3294.71500,3295.59500,3288.42500,3288.86500,0
2025-06-01T18:00:00Z,3298.37500,3314.81500,3295.20800,3312.79800,0
2025-06-01T19:00:00Z,3312.41500,3316.44800,3308.79500,3309.93500,0
2025-06-01T20:00:00Z,3309.95500,3314.69800,3302.96800,3311.09800,0
2025-06-01T21:00:00Z,3311.21500,3313.51500,3301.19500,3303.29800,0
2025-06-01T22:00:00Z,3303.29800,3311.36500,3302.99800,3307.10500,0
2025-06-01T23:00:00Z,3307.10500,3308.69800,3302.95500,3308.44800,0
2025-06-02T00:00:00Z,3308.42500,3317.99800,3308.42500,3313.75800,0
2025-06-02T01:00:00Z,3313.56500,3325.54800,3313.51500,3323.44800,0
2025-06-02T02:00:00Z,3323.46500,3345.19800,3323.46500,3344.16500,0
2025-06-02T03:00:00Z,3344.25500,3358.74800,3342.87900,3352.26500,0
2025-06-02T04:00:00Z,3352.38500,3356.14800,3349.79800,3351.74800,0
2025-06-02T05:00:00Z,3351.71900,3352.14800,3344.16500,3348.12500,0
2025-06-02T06:00:00Z,3348.06500,3351.16500,3344.29800,3348.39800,0
2025-06-02T07:00:00Z,3348.39800,3360.09800,3345.79800,3356.06500,0
2025-06-02T08:00:00Z,3356.01500,3363.34800,3353.75500,3355.26500,0
2025-06-02T09:00:00Z,3355.46500,3375.94800,3349.92500,3370.36800,0
2025-06-02T10:00:00Z,3370.36800,3378.74500,3367.41500,3375.81500,0
2025-06-02T11:00:00Z,3375.82500,3378.64800,3369.55500,3374.08500,0
2025-06-02T12:00:00Z,3374.08500,3379.16500,3368.97500,3371.52500,0
2025-06-02T13:00:00Z,3371.44800,3375.74800,3370.99500,3374.20500,0
2025-06-02T14:00:00Z,3374.18500,3379.89500,3370.54800,3379.02500,0
2025-06-02T15:00:00Z,3378.97800,3382.27500,3377.63800,3381.41500,0
2025-06-02T16:00:00Z,3381.41500,3382.69500,3378.21500,3381.21500,0
2025-06-02T18:00:00Z,3382.89800,3391.16500,3381.89800,3389.76500,0
2025-06-02T19:00:00Z,3389.79500,3391.93500,3382.84800,3387.19800,0
2025-06-02T20:00:00Z,3387.22500,3388.39800,3373.57500,3375.61500,0
2025-06-02T21:00:00Z,3375.69500,3375.79800,3362.99500,3372.53500,0
2025-06-02T22:00:00Z,3372.46500,3377.76500,3364.17500,3368.46500,0
2025-06-02T23:00:00Z,3368.46500,3369.29800,3359.44500,3360.75800,0
2025-06-03T00:00:00Z,3360.75500,3364.89800,3359.00000,3362.49800,0
2025-06-03T01:00:00Z,3362.49800,3367.57500,3356.03800,3364.76500,0
2025-06-03T02:00:00Z,3364.71500,3367.06500,3350.93800,3358.59800,0
2025-06-03T03:00:00Z,3358.61500,3360.89800,3352.24500,3359.34800,0
2025-06-03T04:00:00Z,3359.34800,3364.54800,3359.33900,3360.99800,0
2025-06-03T05:00:00Z,3361.01500,3362.45500,3354.69800,3356.59800,0
2025-06-03T06:00:00Z,3356.60500,3358.50800,3354.71500,3355.24800,0
2025-06-03T07:00:00Z,3355.24800,3360.29800,3353.08500,3359.09800,0
2025-06-03T08:00:00Z,3359.09800,3362.91800,3348.79800,3359.09800,0
2025-06-03T09:00:00Z,3359.03500,3362.94800,3340.56500,3345.42500,0
2025-06-03T10:00:00Z,3345.40500,3349.94500,3332.57500,3346.19800,0
2025-06-03T11:00:00Z,3346.19800,3351.39800,3343.84800,3350.19800,0
2025-06-03T12:00:00Z,3350.19800,3353.39500,3344.39800,3348.30500,0
2025-06-03T13:00:00Z,3348.27500,3354.34800,3347.02500,3352.90500,0
2025-06-03T14:00:00Z,3352.89800,3353.59800,3350.14500,3353.29800,0
2025-06-03T15:00:00Z,3353.36500,3355.24500,3351.03500,3352.37500,0
2025-06-03T16:00:00Z,3352.39500,3355.08500,3352.34500,3352.88500,0
2025-06-03T18:00:00Z,3353.51500,3358.24800,3353.23500,3356.83800,0
2025-06-03T19:00:00Z,3356.62500,3361.35500,3354.95500,3359.69800,0
2025-06-03T20:00:00Z,3359.69800,3359.89800,3349.66800,3349.99800,0
2025-06-03T21:00:00Z,3349.99800,3372.02500,3346.19500,3370.54800,0
2025-06-03T22:00:00Z,3370.54800,3372.44500,3362.69500,3365.26500,0
2025-06-03T23:00:00Z,3365.22500,3367.35500,3358.16500,3358.99800,0
2025-06-04T00:00:00Z,3358.99800,3361.23500,3352.13800,3354.50500,0
2025-06-04T01:00:00Z,3354.53500,3356.25500,3347.74500,3350.79800,0
2025-06-04T02:00:00Z,3350.83500,3358.24500,3348.73500,3355.46500,0
2025-06-04T03:00:00Z,3355.44800,3364.94800,3353.45500,3354.47500,0
2025-06-04T04:00:00Z,3354.41500,3363.99500,3351.35500,3362.57500,0
2025-06-04T05:00:00Z,3362.60500,3364.93500,3359.11500,3362.79500,0
2025-06-04T06:00:00Z,3362.74500,3363.77500,3347.04800,3350.59800,0
2025-06-04T07:00:00Z,3350.50500,3351.79500,3343.44800,3346.31500,0
2025-06-04T08:00:00Z,3346.41500,3360.59800,3343.98500,3358.69800,0
2025-06-04T09:00:00Z,3358.71500,3362.54500,3350.61500,3352.39500,0
2025-06-04T10:00:00Z,3352.39500,3384.49500,3350.61500,3377.14800,0
2025-06-04T11:00:00Z,3377.14800,3378.79800,3370.00000,3371.49800,0
2025-06-04T12:00:00Z,3371.49800,3376.07500,3370.66500,3374.84800,0
2025-06-04T13:00:00Z,3374.84800,3380.70500,3372.74800,3378.92500,0
2025-06-04T14:00:00Z,3378.95500,3381.87500,3374.76500,3375.89800,0
2025-06-04T15:00:00Z,3375.89800,3376.13500,3371.64800,3373.34800,0
2025-06-04T16:00:00Z,3373.18500,3374.84800,3370.50500,3372.44500,0
2025-06-04T18:00:00Z,3374.24500,3375.74800,3372.09800,3373.25800,0
2025-06-04T19:00:00Z,3373.23500,3378.79800,3372.22800,3377.93500,0
2025-06-04T20:00:00Z,3377.86500,3381.50500,3372.50000,3379.96500,0
2025-06-04T21:00:00Z,3379.94800,3383.97500,3370.30800,3373.63500,0
2025-06-04T22:00:00Z,3373.58500,3374.94500,3367.89800,3370.67500,0
2025-06-04T23:00:00Z,3370.67500,3377.17500,3368.94500,3369.44800,0
2025-06-05T00:00:00Z,3369.44800,3372.29500,3363.61500,3368.23500,0
2025-06-05T01:00:00Z,3368.28500,3369.54800,3360.92500,3364.02500,0
2025-06-05T02:00:00Z,3364.04500,3369.79800,3363.61500,3365.84500,0
2025-06-05T03:00:00Z,3365.79800,3374.29800,3365.06500,3371.09800,0
2025-06-05T04:00:00Z,3371.11500,3376.69800,3369.59500,3375.04500,0
2025-06-05T05:00:00Z,3375.04500,3391.15500,3373.82500,3389.36500,0
2025-06-05T06:00:00Z,3389.32500,3400.19500,3387.94800,3399.74800,0
2025-06-05T07:00:00Z,3399.76500,3403.17800,3391.32500,3391.99800,0
2025-06-05T08:00:00Z,3392.34500,3399.84800,3377.40500,3382.84800,0
2025-06-05T09:00:00Z,3382.84800,3388.19800,3370.83500,3377.90500,0
2025-06-05T10:00:00Z,3378.27500,3382.99800,3363.60500,3367.41500,0
2025-06-05T11:00:00Z,3367.40500,3372.76500,3339.04800,3344.54500,0
2025-06-05T12:00:00Z,3344.44800,3356.17500,3339.54800,3353.80500,0
2025-06-05T13:00:00Z,3354.11500,3354.56500,3348.60500,3353.68500,0
2025-06-05T14:00:00Z,3353.68500,3355.94800,3350.24500,3353.24800,0
2025-06-05T15:00:00Z,3353.23500,3361.11500,3352.59500,3356.50500,0
2025-06-05T16:00:00Z,3356.53500,3357.54800,3351.74800,3352.28500,0
2025-06-05T18:00:00Z,3353.74500,3363.20800,3352.73500,3358.74800,0
2025-06-05T19:00:00Z,3358.60500,3362.43500,3357.24800,3361.64800,0
2025-06-05T20:00:00Z,3361.64800,3364.03500,3357.04800,3359.14800,0
2025-06-05T21:00:00Z,3359.16500,3368.40500,3355.84800,3363.64500,0
2025-06-05T22:00:00Z,3363.54800,3366.34800,3361.84800,3363.67500,0
2025-06-05T23:00:00Z,3363.65500,3371.72500,3359.23500,3369.44800,0
2025-06-06T00:00:00Z,3369.36500,3374.36500,3368.89800,3373.44800,0
2025-06-06T01:00:00Z,3373.44800,3375.34800,3361.90500,3365.78500,0
2025-06-06T02:00:00Z,3365.83500,3366.87500,3355.83500,3360.52500,0
2025-06-06T03:00:00Z,3360.53500,3362.14500,3352.61500,3359.24800,0
2025-06-06T04:00:00Z,3359.41500,3367.55900,3358.11500,3365.18500,0
2025-06-06T05:00:00Z,3365.24500,3365.24500,3352.66500,3356.52500,0
2025-06-06T06:00:00Z,3356.54500,3360.73500,3355.58800,3360.49500,0
2025-06-06T07:00:00Z,3360.56500,3364.16500,3357.91500,3358.09500,0
2025-06-06T08:00:00Z,3358.26500,3364.09800,3343.14800,3353.14500,0
2025-06-06T09:00:00Z,3353.07500,3360.71800,3342.15500,3342.92500,0
2025-06-06T10:00:00Z,3342.93500,3344.64800,3316.06500,3325.96500,0
2025-06-06T11:00:00Z,3326.02500,3336.59800,3323.07500,3331.89800,0
2025-06-06T12:00:00Z,3331.87500,3332.49800,3320.61500,3322.58500,0
2025-06-06T13:00:00Z,3322.62500,3326.54800,3321.13500,3323.44500,0
2025-06-06T14:00:00Z,3323.48500,3323.89500,3313.44800,3317.26500,0
2025-06-06T15:00:00Z,3317.28500,3318.76500,3311.09500,3312.11800,0
2025-06-06T16:00:00Z,3312.13500,3312.59500,3306.91500,3309.62500,0
2025-06-08T18:00:00Z,3311.39500,3320.98500,3309.01800,3314.54800,0
2025-06-08T19:00:00Z,3314.40500,3318.34800,3313.10800,3317.79800,0
2025-06-08T20:00:00Z,3317.90500,3318.44800,3297.94800,3305.24800,0
2025-06-08T21:00:00Z,3305.21500,3309.14800,3294.81500,3295.91500,0
2025-06-08T22:00:00Z,3295.99500,3307.38500,3293.19800,3305.24500,0
2025-06-08T23:00:00Z,3305.21500,3311.74800,3303.90800,3310.51800,0
2025-06-09T00:00:00Z,3310.44800,3313.24800,3308.94800,3311.55500,0
2025-06-09T01:00:00Z,3311.53500,3316.30500,3309.34800,3314.35500,0
2025-06-09T02:00:00Z,3314.36500,3324.79500,3312.30500,3324.20500,0
2025-06-09T03:00:00Z,3324.19900,3328.41500,3321.34500,3323.94800,0
2025-06-09T04:00:00Z,3323.95500,3325.48500,3319.54500,3319.61500,0
2025-06-09T05:00:00Z,3319.67900,3323.29800,3316.56500,3318.45500,0
2025-06-09T06:00:00Z,3318.45500,3319.52500,3311.97900,3314.51500,0
2025-06-09T07:00:00Z,3314.50500,3321.13500,3313.44500,3317.24800,0
2025-06-09T08:00:00Z,3317.27500,3322.19500,3312.87500,3319.85500,0
2025-06-09T09:00:00Z,3319.88500,3321.50500,3310.52500,3319.13500,0
2025-06-09T10:00:00Z,3319.13500,3326.58500,3315.92500,3320.65500,0
2025-06-09T11:00:00Z,3320.67500,3331.96500,3320.18500,3328.39500,0
2025-06-09T12:00:00Z,3328.37800,3337.70500,3327.30500,3337.51500,0
2025-06-09T13:00:00Z,3337.51900,3338.06500,3332.74500,3333.49500,0
2025-06-09T14:00:00Z,3333.49500,3336.84500,3332.54800,3333.03500,0
2025-06-09T15:00:00Z,3333.02900,3335.32500,3325.65500,3327.05500,0
2025-06-09T16:00:00Z,3327.04900,3329.40500,3324.73500,3325.21500,0
2025-06-09T18:00:00Z,3325.12500,3327.14800,3321.33800,3323.19800,0
2025-06-09T19:00:00Z,3323.13500,3327.72500,3323.13500,3326.55500,0
2025-06-09T20:00:00Z,3326.57500,3326.59500,3314.23500,3316.39800,0
2025-06-09T21:00:00Z,3316.39800,3319.78500,3302.67500,3305.91500,0
2025-06-09T22:00:00Z,3305.87500,3310.08500,3301.69800,3309.15500,0
2025-06-09T23:00:00Z,3309.10500,3310.14800,3304.82500,3307.30500,0
2025-06-10T00:00:00Z,3307.34500,3308.54500,3302.64500,3307.04800,0
2025-06-10T01:00:00Z,3307.01500,3318.99500,3306.50500,3317.29800,0
2025-06-10T02:00:00Z,3317.39800,3331.12500,3315.24500,3325.24800,0
2025-06-10T03:00:00Z,3325.25500,3332.05500,3323.77500,3329.92500,0
2025-06-10T04:00:00Z,3330.02500,3334.77500,3325.94800,3329.20500,0
2025-06-10T05:00:00Z,3329.20500,3331.70500,3326.86500,3329.54500,0
2025-06-10T06:00:00Z,3329.57500,3336.03500,3328.18500,3335.10500,0
2025-06-10T07:00:00Z,3335.09800,3342.29800,3332.11800,3333.54500,0
2025-06-10T08:00:00Z,3333.59500,3340.13500,3328.01500,3336.93500,0
2025-06-10T09:00:00Z,3337.07500,3348.89500,3335.30500,3343.35500,0
2025-06-10T10:00:00Z,3343.35500,3343.49800,3325.23500,3328.33500,0
2025-06-10T11:00:00Z,3328.33500,3329.07500,3322.96500,3326.49500,0
2025-06-10T12:00:00Z,3326.45500,3327.56500,3319.75500,3321.06500,0
2025-06-10T13:00:00Z,3321.06500,3325.72500,3320.23500,3324.57500,0
2025-06-10T14:00:00Z,3324.61500,3325.22500,3319.21500,3321.40500,0
2025-06-10T15:00:00Z,3321.42500,3334.34800,3321.24800,3328.48500,0
2025-06-10T16:00:00Z,3328.53500,3328.65500,3322.23500,3323.29500,0
2025-06-10T18:00:00Z,3322.29800,3327.17500,3320.44500,3324.19800,0
2025-06-10T19:00:00Z,3324.08500,3327.95500,3315.24500,3327.75500,0
2025-06-10T20:00:00Z,3327.82500,3334.99500,3324.83500,3332.16500,0
2025-06-10T21:00:00Z,3332.14800,3337.27900,3327.38500,3328.34500,0
2025-06-10T22:00:00Z,3328.26500,3339.41500,3326.83500,3337.96500,0
2025-06-10T23:00:00Z,3337.96500,3341.47500,3336.27500,3339.10500,0
2025-06-11T00:00:00Z,3339.09800,3342.73500,3336.74500,3341.52500,0
2025-06-11T01:00:00Z,3341.51900,3342.89500,3335.32500,3339.49800,0
2025-06-11T02:00:00Z,3339.52500,3339.99800,3332.22500,3337.12500,0
2025-06-11T03:00:00Z,3337.08500,3348.40500,3334.96500,3345.41500,0
2025-06-11T04:00:00Z,3345.40900,3346.55500,3342.51800,3344.29800,0
2025-06-11T05:00:00Z,3344.22500,3344.39800,3331.00500,3333.52500,0
2025-06-11T06:00:00Z,3333.71500,3336.59500,3328.19500,3329.68500,0
2025-06-11T07:00:00Z,3329.70500,3335.04800,3325.75500,3332.86500,0
2025-06-11T08:00:00Z,3332.93500,3360.40500,3326.83500,3336.52500,0
2025-06-11T09:00:00Z,3336.47500,3344.34500,3327.44500,3329.59800,0
2025-06-11T10:00:00Z,3329.59800,3341.09800,3328.17500,3337.39800,0
2025-06-11T11:00:00Z,3337.39800,3342.61500,3329.36500,3332.99800,0
2025-06-11T12:00:00Z,3332.99800,3334.24800,3327.90500,3330.04500,0
2025-06-11T13:00:00Z,3330.08500,3331.15500,3319.40500,3324.14800,0
2025-06-11T14:00:00Z,3324.09500,3346.99800,3323.64800,3343.69800,0
2025-06-11T15:00:00Z,3343.69800,3349.06500,3342.19800,3346.53800,0
2025-06-11T16:00:00Z,3346.51800,3355.59500,3346.35800,3355.00500,0
2025-06-11T18:00:00Z,3356.91500,3369.44800,3356.06500,3368.69800,0
2025-06-11T19:00:00Z,3368.66500,3373.16800,3357.38500,3365.26500,0
2025-06-11T20:00:00Z,3365.16500,3371.13500,3361.93800,3365.55500,0
2025-06-11T21:00:00Z,3365.53500,3376.84800,3362.20500,3370.75500,0
2025-06-11T22:00:00Z,3370.69800,3377.54800,3368.64500,3374.50500,0
2025-06-11T23:00:00Z,3374.48500,3376.62500,3371.48500,3373.19800,0
2025-06-12T00:00:00Z,3373.14500,3373.54500,3369.24800,3370.20500,0
2025-06-12T01:00:00Z,3370.19800,3375.65500,3367.44800,3374.32500,0
2025-06-12T02:00:00Z,3374.46500,3375.43500,3365.04800,3374.77500,0
2025-06-12T03:00:00Z,3374.69500,3375.02500,3338.38500,3345.92500,0
2025-06-12T04:00:00Z,3345.87500,3360.95500,3345.87500,3356.56500,0
2025-06-12T05:00:00Z,3356.54800,3367.64800,3355.14500,3365.19500,0
2025-06-12T06:00:00Z,3365.39500,3385.65500,3362.25500,3382.29800,0
2025-06-12T07:00:00Z,3382.30800,3388.35500,3372.94800,3379.09500,0
2025-06-12T08:00:00Z,3378.95500,3390.28500,3376.26500,3387.83800,0
2025-06-12T09:00:00Z,3387.91500,3398.74500,3378.89500,3391.84800,0
2025-06-12T10:00:00Z,3391.84800,3392.94800,3382.79500,3383.68500,0
2025-06-12T11:00:00Z,3383.67500,3390.19500,3377.63500,3385.49800,0
2025-06-12T12:00:00Z,3385.49800,3391.19800,3380.69800,3383.40500,0
2025-06-12T13:00:00Z,3383.44500,3384.74800,3377.79800,3382.44800,0
2025-06-12T14:00:00Z,3382.44800,3386.11500,3381.57800,3385.75500,0
2025-06-12T15:00:00Z,3385.74800,3389.24800,3384.64800,3388.04800,0
2025-06-12T16:00:00Z,3387.87500,3388.84800,3384.53800,3385.62500,0
2025-06-12T18:00:00Z,3385.50500,3386.34800,3379.37800,3383.19800,0
2025-06-12T19:00:00Z,3382.88500,3395.95500,3382.28500,3395.54500,0
2025-06-12T20:00:00Z,3395.42500,3419.77500,3391.46500,3416.16500,0
2025-06-12T21:00:00Z,3416.34800,3433.13500,3413.46800,3427.37500,0
2025-06-12T22:00:00Z,3427.24500,3443.96500,3424.54800,3441.15500,0
2025-06-12T23:00:00Z,3441.13500,3444.12500,3423.36800,3425.34800,0
2025-06-13T00:00:00Z,3425.24800,3430.13500,3422.55500,3425.09500,0
2025-06-13T01:00:00Z,3425.18500,3428.61500,3417.89800,3425.90500,0
2025-06-13T02:00:00Z,3425.93500,3428.63500,3408.16500,3416.12500,0
2025-06-13T03:00:00Z,3416.13500,3418.83500,3407.75500,3414.71500,0
2025-06-13T04:00:00Z,3414.69500,3425.91500,3414.07500,3424.14800,0
2025-06-13T05:00:00Z,3424.14800,3427.14800,3419.81800,3424.19500,0
2025-06-13T06:00:00Z,3424.15500,3427.54500,3411.39500,3415.68500,0
2025-06-13T07:00:00Z,3415.74500,3422.83500,3412.29500,3422.00500,0
2025-06-13T08:00:00Z,3422.04500,3437.99800,3421.56500,3436.43500,0
2025-06-13T09:00:00Z,3436.34800,3446.64800,3433.58900,3436.86500,0
2025-06-13T10:00:00Z,3436.90500,3439.69800,3423.49500,3427.71500,0
2025-06-13T11:00:00Z,3427.73500,3430.19800,3420.72800,3426.04500,0
2025-06-13T12:00:00Z,3426.03500,3430.97500,3419.05500,3429.91500,0
2025-06-13T13:00:00Z,3429.91500,3433.29800,3427.20500,3430.19800,0
2025-06-13T14:00:00Z,3430.22500,3439.39500,3428.53500,3436.52500,0
2025-06-13T15:00:00Z,3436.53500,3438.07500,3431.64500,3432.16500,0
2025-06-13T16:00:00Z,3432.23500,3434.64500,3428.90500,3431.85500,0
2025-06-15T18:00:00Z,3451.06500,3451.06500,3428.07500,3448.09800,0
2025-06-15T19:00:00Z,3448.09500,3449.84800,3439.25500,3444.01500,0
2025-06-15T20:00:00Z,3443.99800,3451.08500,3434.09500,3436.14800,0
2025-06-15T21:00:00Z,3435.94500,3442.90500,3432.85500,3441.30500,0
2025-06-15T22:00:00Z,3441.39500,3446.10500,3437.67500,3438.15500,0
2025-06-15T23:00:00Z,3438.13500,3439.35500,3429.04800,3431.36500,0
2025-06-16T00:00:00Z,3431.34500,3433.16500,3426.70500,3427.33500,0
2025-06-16T01:00:00Z,3427.51500,3430.25500,3417.55500,3421.34800,0
2025-06-16T02:00:00Z,3421.34800,3421.34800,3412.69800,3418.10500,0
2025-06-16T03:00:00Z,3418.08500,3419.65500,3409.16500,3412.45500,0
2025-06-16T04:00:00Z,3412.37500,3418.29800,3409.47500,3413.62500,0
2025-06-16T05:00:00Z,3413.71500,3419.34800,3411.73800,3411.79800,0
2025-06-16T06:00:00Z,3412.02500,3421.13500,3410.54500,3420.90500,0
2025-06-16T07:00:00Z,3420.87500,3422.45500,3410.54800,3414.77500,0
2025-06-16T08:00:00Z,3414.82500,3417.65500,3410.82500,3415.41500,0
2025-06-16T09:00:00Z,3415.39500,3417.72500,3382.52500,3387.70800,0
2025-06-16T10:00:00Z,3387.79800,3399.24800,3387.00500,3396.76500,0
2025-06-16T11:00:00Z,3396.85500,3405.44800,3396.85500,3404.37500,0
2025-06-16T12:00:00Z,3404.37500,3404.84800,3397.28500,3399.14800,0
2025-06-16T13:00:00Z,3399.12500,3400.11500,3390.88500,3392.41500,0
2025-06-16T14:00:00Z,3392.36500,3393.88500,3383.80500,3385.16500,0
2025-06-16T15:00:00Z,3385.33500,3388.34800,3382.66500,3383.88500,0
2025-06-16T16:00:00Z,3383.74500,3385.91500,3383.17500,3383.48500,0
2025-06-16T18:00:00Z,3386.82500,3398.24800,3384.78800,3395.34800,0
2025-06-16T19:00:00Z,3395.25500,3402.65500,3392.72800,3402.59800,0
2025-06-16T20:00:00Z,3402.63500,3403.09800,3391.33500,3394.05500,0
2025-06-16T21:00:00Z,3394.12500,3402.28500,3392.99800,3393.53500,0
2025-06-16T22:00:00Z,3393.53500,3400.21500,3388.28500,3389.75500,0
2025-06-16T23:00:00Z,3389.74800,3392.35500,3373.23500,3387.34800,0
2025-06-17T00:00:00Z,3387.36500,3396.06500,3386.83500,3393.74800,0
2025-06-17T01:00:00Z,3393.74800,3395.14800,3390.39500,3392.34800,0
2025-06-17T02:00:00Z,3392.34800,3392.34800,3380.80500,3385.28500,0
2025-06-17T03:00:00Z,3385.27500,3391.71500,3382.96500,3387.60500,0
2025-06-17T04:00:00Z,3387.64500,3388.46500,3377.36500,3378.64500,0
2025-06-17T05:00:00Z,3378.54800,3385.74500,3375.44500,3385.42500,0
2025-06-17T06:00:00Z,3385.50500,3398.59500,3385.14500,3397.98500,0
2025-06-17T07:00:00Z,3398.02500,3399.94800,3387.94800,3388.34800,0
2025-06-17T08:00:00Z,3388.34800,3391.34500,3383.30500,3386.52500,0
2025-06-17T09:00:00Z,3386.60500,3397.27500,3385.64800,3390.38500,0
2025-06-17T10:00:00Z,3390.32500,3391.74800,3365.83500,3384.78500,0
2025-06-17T11:00:00Z,3384.77500,3388.07500,3372.17800,3379.09800,0
2025-06-17T12:00:00Z,3379.19800,3385.84500,3376.44800,3382.73500,0
2025-06-17T13:00:00Z,3382.73500,3391.11500,3380.99800,3390.15500,0
2025-06-17T14:00:00Z,3390.33500,3392.29800,3382.21800,3382.65500,0
2025-06-17T15:00:00Z,3382.83500,3386.26500,3382.23500,3385.52500,0
2025-06-17T16:00:00Z,3385.49500,3390.19500,3383.39800,3387.38500,0
2025-06-17T18:00:00Z,3389.69800,3395.99800,3388.50500,3388.51800,0
2025-06-17T19:00:00Z,3388.75500,3390.04500,3384.77500,3387.15500,0
2025-06-17T20:00:00Z,3387.09800,3388.64500,3382.74800,3385.54800,0
2025-06-17T21:00:00Z,3385.54800,3388.39800,3378.51500,3378.77500,0
2025-06-17T22:00:00Z,3378.62500,3379.49500,3370.34500,3379.14800,0
2025-06-17T23:00:00Z,3379.16500,3391.30500,3379.04800,3390.77500,0
2025-06-18T00:00:00Z,3390.80500,3399.84500,3389.22500,3394.97500,0
2025-06-18T01:00:00Z,3394.99500,3395.44500,3383.96500,3386.21500,0
2025-06-18T02:00:00Z,3386.21500,3386.51500,3379.14800,3382.14800,0
2025-06-18T03:00:00Z,3382.07500,3385.89800,3376.86500,3385.69500,0
2025-06-18T04:00:00Z,3385.64800,3388.20500,3382.35500,3383.34800,0
2025-06-18T05:00:00Z,3383.34800,3385.34800,3375.24800,3377.91500,0
2025-06-18T06:00:00Z,3377.99800,3382.14800,3375.43500,3380.04800,0
2025-06-18T07:00:00Z,3380.04800,3386.90500,3378.74500,3381.91500,0
2025-06-18T08:00:00Z,3381.88500,3389.64500,3381.50500,3386.48500,0
2025-06-18T09:00:00Z,3386.50500,3396.64800,3385.36800,3391.99800,0
2025-06-18T10:00:00Z,3391.99800,3392.19800,3373.54500,3386.63500,0
2025-06-18T11:00:00Z,3386.64500,3392.64800,3381.08500,3392.53500,0
2025-06-18T12:00:00Z,3392.48500,3394.49800,3389.73500,3390.74500,0
2025-06-18T13:00:00Z,3390.74500,3390.99800,3384.06800,3384.70800,0
2025-06-18T14:00:00Z,3384.76800,3395.59800,3378.14800,3378.87500,0
2025-06-18T15:00:00Z,3378.86900,3378.97500,3362.70500,3366.59800,0
2025-06-18T16:00:00Z,3366.59800,3369.46500,3362.35500,3368.84500,0
2025-06-18T18:00:00Z,3369.44500,3379.59800,3369.44500,3374.94800,0
2025-06-18T19:00:00Z,3374.85500,3376.79800,3370.44800,3374.88500,0
2025-06-18T20:00:00Z,3374.92500,3383.13500,3374.56500,3379.25500,0
2025-06-18T21:00:00Z,3379.20500,3387.79800,3374.34800,3374.61500,0
2025-06-18T22:00:00Z,3374.72500,3379.26500,3373.84500,3376.49800,0
2025-06-18T23:00:00Z,3376.51500,3377.09800,3369.43800,3373.36500,0
2025-06-19T00:00:00Z,3373.32500,3374.99800,3371.76500,3374.32500,0
2025-06-19T01:00:00Z,3374.32500,3375.06500,3359.94800,3364.41500,0
2025-06-19T02:00:00Z,3364.40500,3364.60500,3347.26500,3357.27500,0
2025-06-19T03:00:00Z,3357.26900,3368.90500,3350.47500,3365.74500,0
2025-06-19T04:00:00Z,3365.71500,3371.40500,3362.05800,3368.47500,0
2025-06-19T05:00:00Z,3368.47500,3373.49500,3363.34800,3370.14500,0
2025-06-19T06:00:00Z,3370.14500,3378.89100,3368.81800,3374.75500,0
2025-06-19T07:00:00Z,3374.79500,3375.29500,3370.27800,3371.73500,0
2025-06-19T08:00:00Z,3371.77500,3372.33500,3363.73800,3367.74800,0
2025-06-19T09:00:00Z,3367.77500,3372.75500,3361.26500,3369.21800,0
2025-06-19T10:00:00Z,3369.20500,3370.71800,3361.34800,3364.40500,0
2025-06-19T11:00:00Z,3364.39800,3371.84800,3361.98500,3369.01500,0
2025-06-19T12:00:00Z,3369.03500,3371.49800,3365.89500,3370.79500,0
2025-06-19T13:00:00Z,3370.76500,3375.19800,3365.61500,3368.02500,0
2025-06-19T14:00:00Z,3367.95500,3371.18500,3366.34800,3370.07500,0
2025-06-19T18:00:00Z,3368.40500,3370.31500,3361.72500,3365.39800,0
2025-06-19T19:00:00Z,3365.49800,3370.26500,3363.28500,3368.58500,0
2025-06-19T20:00:00Z,3368.58500,3370.11500,3364.50500,3367.89800,0
2025-06-19T21:00:00Z,3367.81500,3368.09800,3355.89800,3356.19800,0
2025-06-19T22:00:00Z,3356.19800,3360.39800,3351.34800,3352.24500,0
2025-06-19T23:00:00Z,3352.27500,3356.04500,3344.37500,3355.34500,0
2025-06-20T00:00:00Z,3355.35500,3357.46500,3352.35500,3354.16500,0
2025-06-20T01:00:00Z,3354.14500,3354.89800,3342.43500,3344.52500,0
2025-06-20T02:00:00Z,3344.54500,3348.62500,3340.17500,3345.08500,0
2025-06-20T03:00:00Z,3345.04800,3355.11500,3343.14500,3347.46500,0
2025-06-20T04:00:00Z,3347.37500,3352.24800,3346.49500,3350.84500,0
2025-06-20T05:00:00Z,3350.81500,3359.08500,3348.99500,3355.05500,0
2025-06-20T06:00:00Z,3355.08500,3357.77500,3354.77500,3355.26500,0
2025-06-20T07:00:00Z,3355.23500,3355.86500,3346.39800,3346.79800,0
2025-06-20T08:00:00Z,3347.07500,3350.60500,3341.71500,3344.30500,0
2025-06-20T09:00:00Z,3344.35500,3373.57500,3342.79800,3370.04800,0
2025-06-20T10:00:00Z,3370.04800,3374.26500,3365.01800,3368.97500,0
2025-06-20T11:00:00Z,3369.04500,3371.54800,3365.65500,3369.59800,0
2025-06-20T12:00:00Z,3369.52500,3373.14800,3367.54800,3371.24800,0
2025-06-20T13:00:00Z,3371.24800,3371.54800,3366.34800,3367.14800,0
2025-06-20T14:00:00Z,3367.16500,3367.77500,3364.45500,3366.44800,0
2025-06-20T15:00:00Z,3366.47500,3370.58500,3364.60800,3365.34500,0
2025-06-20T16:00:00Z,3365.34500,3369.14800,3364.48800,3368.00500,0
2025-06-22T18:00:00Z,3390.69800,3396.64800,3372.00800,3378.74800,0
2025-06-22T19:00:00Z,3378.55500,3380.24800,3370.89800,3372.49800,0
2025-06-22T20:00:00Z,3372.45500,3373.34800,3358.11500,3365.40500,0
2025-06-22T21:00:00Z,3365.43500,3367.84800,3351.76500,3355.06500,0
2025-06-22T22:00:00Z,3355.06500,3364.74500,3354.64500,3361.33500,0
2025-06-22T23:00:00Z,3361.31500,3366.18500,3360.17500,3363.15500,0
2025-06-23T00:00:00Z,3363.10500,3364.86500,3356.62500,3358.28500,0
2025-06-23T01:00:00Z,3358.28500,3360.39500,3346.67500,3356.61500,0
2025-06-23T02:00:00Z,3356.65500,3359.68500,3352.37800,3357.39800,0
2025-06-23T03:00:00Z,3357.35500,3358.59500,3351.46500,3357.37500,0
2025-06-23T04:00:00Z,3357.40500,3362.12500,3357.40500,3361.66500,0
2025-06-23T05:00:00Z,3361.56500,3368.86500,3361.43500,3366.34800,0
2025-06-23T06:00:00Z,3366.29500,3368.04800,3363.75500,3367.57500,0
2025-06-23T07:00:00Z,3367.61500,3381.84800,3367.61500,3380.55500,0
2025-06-23T08:00:00Z,3380.58500,3380.87500,3355.69500,3360.20500,0
2025-06-23T09:00:00Z,3360.14800,3387.54800,3359.66500,3380.13500,0
2025-06-23T10:00:00Z,3380.14500,3386.58500,3369.39500,3386.25500,0
2025-06-23T11:00:00Z,3386.26500,3389.61500,3384.34500,3386.98500,0
2025-06-23T12:00:00Z,3386.96500,3393.34800,3380.11500,3389.69500,0
2025-06-23T13:00:00Z,3389.60500,3391.31500,3375.26500,3382.23500,0
2025-06-23T14:00:00Z,3382.27500,3387.25500,3376.55500,3378.37500,0
2025-06-23T15:00:00Z,3378.46500,3381.89800,3375.42500,3376.24800,0
2025-06-23T16:00:00Z,3376.24800,3377.10500,3366.78800,3367.95500,0
2025-06-23T18:00:00Z,3367.29800,3369.54500,3350.07500,3355.09800,0
2025-06-23T19:00:00Z,3354.94500,3357.24800,3341.09500,3343.89800,0
2025-06-23T20:00:00Z,3343.99800,3354.95500,3332.86500,3350.88500,0
2025-06-23T21:00:00Z,3350.92500,3354.14800,3341.89800,3347.46500,0
2025-06-23T22:00:00Z,3347.33500,3352.64500,3345.75500,3351.73500,0
2025-06-23T23:00:00Z,3351.76500,3357.61500,3351.39800,3352.23500,0
2025-06-24T00:00:00Z,3352.23500,3353.18500,3346.89500,3348.34800,0
2025-06-24T01:00:00Z,3348.34800,3348.65500,3326.37500,3331.84500,0
2025-06-24T02:00:00Z,3332.17500,3332.96500,3315.85500,3322.54800,0
2025-06-24T03:00:00Z,3322.54500,3331.45500,3316.29800,3329.54500,0
2025-06-24T04:00:00Z,3329.45500,3332.23500,3324.47500,3327.21500,0
2025-06-24T05:00:00Z,3327.21500,3328.63500,3317.72500,3318.41500,0
2025-06-24T06:00:00Z,3318.41500,3327.55500,3318.38500,3325.41500,0
2025-06-24T07:00:00Z,3325.35500,3328.78500,3317.64800,3320.95500,0
2025-06-24T08:00:00Z,3320.89800,3320.89800,3304.40800,3314.44800,0
2025-06-24T09:00:00Z,3314.18500,3317.70500,3295.09800,3301.62500,0
2025-06-24T10:00:00Z,3301.59800,3310.09500,3298.42500,3304.37500,0
2025-06-24T11:00:00Z,3304.34800,3316.95500,3299.51500,3313.01500,0
2025-06-24T12:00:00Z,3313.06500,3320.19800,3311.09800,3318.18500,0
2025-06-24T13:00:00Z,3318.26500,3321.04800,3317.69500,3317.76500,0
2025-06-24T14:00:00Z,3317.84800,3318.75500,3315.39500,3316.93500,0
2025-06-24T15:00:00Z,3316.93500,3325.00500,3315.84500,3323.36500,0
2025-06-24T16:00:00Z,3323.42500,3324.29800,3321.35800,3322.62500,0
2025-06-24T18:00:00Z,3323.72500,3325.19800,3320.65500,3321.34800,0
2025-06-24T19:00:00Z,3321.25500,3324.68500,3321.25500,3324.01500,0
2025-06-24T20:00:00Z,3323.97500,3329.85500,3323.41500,3326.72500,0
2025-06-24T21:00:00Z,3326.75500,3334.70500,3326.19500,3334.53500,0
2025-06-24T22:00:00Z,3334.49500,3335.04800,3327.59800,3329.22500,0
2025-06-24T23:00:00Z,3329.24500,3331.82500,3327.00500,3328.14500,0
2025-06-25T00:00:00Z,3328.14500,3329.10500,3325.60500,3327.35500,0
2025-06-25T01:00:00Z,3327.32500,3333.54500,3326.54500,3331.39800,0
2025-06-25T02:00:00Z,3331.39800,3333.15500,3328.68500,3331.55500,0
2025-06-25T03:00:00Z,3331.52500,3336.84800,3326.49800,3330.41800,0
2025-06-25T04:00:00Z,3330.36500,3332.19500,3326.30500,3327.01500,0
2025-06-25T05:00:00Z,3327.01500,3327.07500,3321.34800,3325.14800,0
2025-06-25T06:00:00Z,3325.14800,3329.47800,3323.94500,3324.28500,0
2025-06-25T07:00:00Z,3324.24500,3329.35500,3321.87800,3322.34800,0
2025-06-25T08:00:00Z,3322.34800,3329.28500,3317.91800,3320.49500,0
2025-06-25T09:00:00Z,3320.52500,3321.45500,3311.70500,3314.18800,0
2025-06-25T10:00:00Z,3314.21800,3326.06500,3311.94800,3323.25500,0
2025-06-25T11:00:00Z,3323.23500,3326.99800,3321.47500,3325.42500,0
2025-06-25T12:00:00Z,3325.42500,3334.97500,3323.89800,3334.57500,0
2025-06-25T13:00:00Z,3334.60500,3335.18500,3324.41500,3327.69800,0
2025-06-25T14:00:00Z,3327.69500,3331.52500,3326.03500,3331.39800,0
2025-06-25T15:00:00Z,3331.39800,3335.84800,3330.22500,3333.46500,0
2025-06-25T16:00:00Z,3333.59500,3335.41500,3331.17500,3332.09500,0
2025-06-25T18:00:00Z,3334.24500,3335.59800,3331.06500,3332.99800,0
2025-06-25T19:00:00Z,3332.93500,3340.01500,3332.52500,3338.80500,0
2025-06-25T20:00:00Z,3338.83500,3339.12500,3331.84800,3333.74800,0
2025-06-25T21:00:00Z,3333.75500,3336.59800,3328.99800,3329.95500,0
2025-06-25T22:00:00Z,3329.85500,3341.64800,3328.99800,3339.31500,0
2025-06-25T23:00:00Z,3339.38500,3342.98500,3336.15500,3337.75500,0
2025-06-26T00:00:00Z,3337.75500,3337.86500,3333.15500,3333.74800,0
2025-06-26T01:00:00Z,3333.74800,3338.02500,3332.14800,3333.84800,0
2025-06-26T02:00:00Z,3333.86500,3340.17500,3330.75500,3339.64800,0
2025-06-26T03:00:00Z,3339.64800,3346.95500,3339.52500,3345.83500,0
2025-06-26T04:00:00Z,3345.81500,3350.02500,3344.14800,3347.89800,0
2025-06-26T05:00:00Z,3347.89800,3348.47800,3338.45500,3340.41500,0
2025-06-26T06:00:00Z,3340.41500,3343.18500,3338.00000,3343.04800,0
2025-06-26T07:00:00Z,3343.04800,3343.81900,3331.23500,3332.62500,0
2025-06-26T08:00:00Z,3332.65500,3343.90500,3321.46500,3321.86500,0
2025-06-26T09:00:00Z,3321.87500,3328.54800,3309.69500,3319.47800,0
2025-06-26T10:00:00Z,3319.47800,3323.56800,3311.70500,3318.09800,0
2025-06-26T11:00:00Z,3318.14500,3324.84800,3318.14500,3324.74800,0
2025-06-26T12:00:00Z,3324.68500,3333.09800,3323.50500,3331.06800,0
2025-06-26T13:00:00Z,3330.99500,3336.19800,3330.88900,3332.47800,0
2025-06-26T14:00:00Z,3332.51800,3334.64800,3331.03800,3333.81500,0
2025-06-26T15:00:00Z,3333.81500,3334.10500,3328.04800,3331.04800,0
2025-06-26T16:00:00Z,3331.08500,3332.14500,3327.40500,3327.70500,0
2025-06-26T18:00:00Z,3327.35800,3327.69800,3318.64800,3321.14800,0
2025-06-26T19:00:00Z,3321.02500,3323.34800,3315.94800,3318.49800,0
2025-06-26T20:00:00Z,3318.39500,3319.64800,3312.99800,3318.64800,0
2025-06-26T21:00:00Z,3318.63500,3321.84500,3314.61500,3316.19500,0
2025-06-26T22:00:00Z,3316.19500,3320.21500,3308.31500,3308.61500,0
2025-06-26T23:00:00Z,3308.56500,3310.69800,3292.39800,3294.06500,0
2025-06-27T00:00:00Z,3294.05500,3297.42500,3290.82500,3293.77500,0
2025-06-27T01:00:00Z,3293.81500,3300.72500,3288.99800,3297.13500,0
2025-06-27T02:00:00Z,3297.13500,3299.75500,3286.62800,3294.74800,0
2025-06-27T03:00:00Z,3294.74800,3295.04800,3283.34500,3284.19500,0
2025-06-27T04:00:00Z,3284.19500,3290.91500,3281.69800,3289.27500,0
2025-06-27T05:00:00Z,3289.25500,3289.64500,3281.89500,3282.56500,0
2025-06-27T06:00:00Z,3282.61500,3290.71500,3279.54500,3285.51500,0
2025-06-27T07:00:00Z,3285.54500,3287.81500,3275.88500,3281.20500,0
2025-06-27T08:00:00Z,3281.15500,3282.11500,3269.32500,3269.85500,0
2025-06-27T09:00:00Z,3269.97500,3274.38500,3255.48500,3273.86800,0
2025-06-27T10:00:00Z,3273.80500,3277.95500,3263.40500,3272.29500,0
2025-06-27T11:00:00Z,3272.31500,3277.27500,3270.77500,3274.43500,0
2025-06-27T12:00:00Z,3274.43500,3278.41500,3273.20500,3277.44500,0
2025-06-27T13:00:00Z,3277.46500,3282.59800,3272.56900,3277.09800,0
2025-06-27T14:00:00Z,3277.09800,3278.12800,3270.24500,3275.62500,0
2025-06-27T15:00:00Z,3275.66500,3276.38500,3268.18500,3270.42500,0
2025-06-27T16:00:00Z,3270.49500,3275.27500,3270.10500,3273.33500,0
2025-06-29T18:00:00Z,3272.14500,3281.29800,3244.92500,3263.49800,0
2025-06-29T19:00:00Z,3263.37500,3270.64800,3262.64500,3263.58500,0
2025-06-29T20:00:00Z,3263.55500,3269.44800,3262.43500,3264.22500,0
2025-06-29T21:00:00Z,3264.14500,3275.64800,3259.19500,3273.65500,0
2025-06-29T22:00:00Z,3273.68500,3283.09800,3273.31500,3279.98500,0
2025-06-29T23:00:00Z,3279.96500,3282.57500,3277.71500,3278.79500,0
2025-06-30T00:00:00Z,3278.79800,3286.04800,3277.00800,3285.29800,0
2025-06-30T01:00:00Z,3285.29800,3291.21500,3284.43500,3288.96800,0
2025-06-30T02:00:00Z,3288.83500,3295.30500,3287.75500,3291.84800,0
2025-06-30T03:00:00Z,3291.84800,3296.59800,3290.49500,3292.78500,0
2025-06-30T04:00:00Z,3292.66500,3296.34800,3287.87500,3288.91500,0
2025-06-30T05:00:00Z,3288.89800,3288.89800,3277.24500,3287.65500,0
2025-06-30T06:00:00Z,3287.69500,3288.67500,3282.26500,3283.33500,0
2025-06-30T07:00:00Z,3283.35500,3283.59800,3274.40500,3277.70500,0
2025-06-30T08:00:00Z,3277.94500,3288.84500,3277.89500,3281.88500,0
2025-06-30T09:00:00Z,3281.89500,3286.89800,3277.72500,3284.55800,0
2025-06-30T10:00:00Z,3284.55800,3289.39500,3278.97800,3287.54800,0
2025-06-30T11:00:00Z,3287.46500,3290.59500,3283.46800,3289.44500,0
2025-06-30T12:00:00Z,3289.47500,3297.30500,3289.00500,3297.13500,0
2025-06-30T13:00:00Z,3297.09800,3298.36500,3292.06500,3293.96500,0
2025-06-30T14:00:00Z,3293.96500,3299.36800,3292.61500,3298.26500,0
2025-06-30T15:00:00Z,3298.43500,3309.34800,3297.85500,3308.49800,0
2025-06-30T16:00:00Z,3308.49800,3309.04800,3301.83500,3302.15500,0
2025-06-30T18:00:00Z,3302.89800,3314.39800,3301.95800,3311.11500,0
2025-06-30T19:00:00Z,3311.11500,3312.29800,3308.36500,3312.29800,0
2025-06-30T20:00:00Z,3312.24900,3314.71500,3309.67500,3314.54800,0
2025-06-30T21:00:00Z,3314.51500,3320.77800,3313.70500,3317.54800,0
2025-06-30T22:00:00Z,3317.54800,3319.09800,3314.14800,3315.84800,0
2025-06-30T23:00:00Z,3315.84800,3322.40500,3315.54800,3320.94800,0
2025-07-01T00:00:00Z,3320.81500,3322.89800,3318.64800,3322.84800,0
2025-07-01T01:00:00Z,3322.73500,3332.17500,3322.70500,3328.54500,0
2025-07-01T02:00:00Z,3328.56500,3334.34800,3324.79800,3331.17500,0
2025-07-01T03:00:00Z,3331.20500,3339.68500,3330.65500,3339.34800,0
2025-07-01T04:00:00Z,3339.34800,3342.25500,3336.55500,3339.41500,0
2025-07-01T05:00:00Z,3339.43500,3347.92500,3338.07800,3345.58500,0
2025-07-01T06:00:00Z,3345.59500,3349.53500,3344.17500,3348.39500,0
2025-07-01T07:00:00Z,3348.39500,3352.82500,3346.80500,3348.78500,0
2025-07-01T08:00:00Z,3348.84500,3357.86500,3348.19500,3354.47500,0
2025-07-01T09:00:00Z,3354.40500,3355.43500,3344.14500,3351.32800,0
2025-07-01T10:00:00Z,3351.31500,3354.21500,3343.41500,3345.68500,0
2025-07-01T11:00:00Z,3345.66500,3346.51500,3336.79800,3340.06500,0
2025-07-01T12:00:00Z,3340.08500,3343.36500,3337.38500,3341.50500,0
2025-07-01T13:00:00Z,3341.50500,3342.02500,3336.78500,3339.56500,0
2025-07-01T14:00:00Z,3339.56500,3339.70500,3336.69800,3337.75800,0
2025-07-01T15:00:00Z,3337.79500,3339.88500,3336.65800,3337.90500,0
2025-07-01T16:00:00Z,3337.90500,3340.14500,3336.69800,3337.53500,0
2025-07-01T18:00:00Z,3338.69800,3343.54800,3336.55500,3341.24800,0
2025-07-01T19:00:00Z,3341.26500,3341.54800,3336.67500,3337.87500,0
2025-07-01T20:00:00Z,3337.93500,3344.76500,3334.35500,3338.72500,0
2025-07-01T21:00:00Z,3338.72500,3342.71500,3330.66500,3331.94800,0
2025-07-01T22:00:00Z,3331.94800,3338.00500,3328.20800,3336.44500,0
2025-07-01T23:00:00Z,3336.47500,3341.89800,3334.69800,3339.64800,0
2025-07-02T00:00:00Z,3339.62500,3341.74500,3339.22500,3339.88500,0
2025-07-02T01:00:00Z,3339.88500,3343.69800,3336.28500,3338.54800,0
2025-07-02T02:00:00Z,3338.60500,3339.14800,3329.63500,3333.24500,0
2025-07-02T03:00:00Z,3333.19800,3336.51500,3327.27500,3334.55500,0
2025-07-02T04:00:00Z,3334.48800,3337.77500,3332.73500,3333.31500,0
2025-07-02T05:00:00Z,3333.29800,3342.17500,3332.84500,3341.49500,0
2025-07-02T06:00:00Z,3341.44500,3345.46500,3340.39500,3344.09800,0
2025-07-02T07:00:00Z,3344.12500,3347.54800,3339.62500,3342.08500,0
2025-07-02T08:00:00Z,3342.05500,3350.94800,3336.68500,3346.40800,0
2025-07-02T09:00:00Z,3346.40800,3346.42500,3334.73500,3337.18500,0
2025-07-02T10:00:00Z,3337.25500,3343.32500,3333.63500,3342.75500,0
2025-07-02T11:00:00Z,3342.67500,3343.55500,3338.48500,3340.82500,0
2025-07-02T12:00:00Z,3340.78500,3349.11500,3340.78500,3348.52500,0
2025-07-02T13:00:00Z,3348.47500,3350.43500,3347.19500,3349.46900,0
2025-07-02T14:00:00Z,3349.46900,3355.13500,3348.34500,3354.90500,0
2025-07-02T15:00:00Z,3354.90500,3359.32500,3354.36500,3358.04500,0
2025-07-02T16:00:00Z,3358.15500,3359.81500,3355.34500,3357.20500,0
2025-07-02T18:00:00Z,3356.69800,3365.45500,3356.69800,3361.64800,0
2025-07-02T19:00:00Z,3361.64800,3361.94800,3348.60500,3349.09800,0
2025-07-02T20:00:00Z,3349.11500,3349.64800,3343.26800,3344.48500,0
2025-07-02T21:00:00Z,3344.55500,3347.99800,3341.64800,3345.80500,0
2025-07-02T22:00:00Z,3345.83500,3351.27500,3345.52500,3350.82500,0
2025-07-02T23:00:00Z,3350.84500,3351.31500,3345.24800,3347.28500,0
2025-07-03T00:00:00Z,3347.29800,3351.60500,3347.19800,3350.49800,0
2025-07-03T01:00:00Z,3350.48500,3360.30500,3349.89800,3359.13500,0
2025-07-03T02:00:00Z,3359.15500,3363.54500,3356.32800,3361.64800,0
2025-07-03T03:00:00Z,3361.64800,3362.90500,3352.26500,3352.79500,0
2025-07-03T04:00:00Z,3352.82500,3358.15500,3351.39500,3355.99500,0
2025-07-03T05:00:00Z,3355.95500,3356.22500,3343.69800,3345.45500,0
2025-07-03T06:00:00Z,3345.54800,3355.27500,3344.56500,3352.99500,0
2025-07-03T07:00:00Z,3353.03500,3353.56500,3342.86500,3345.87500,0
2025-07-03T08:00:00Z,3345.78500,3352.11500,3311.21500,3324.19500,0
2025-07-03T09:00:00Z,3324.39500,3338.30800,3321.79500,3331.71800,0
2025-07-03T10:00:00Z,3331.71800,3334.49500,3323.24800,3324.47500,0
2025-07-03T11:00:00Z,3324.46500,3331.24800,3322.84500,3327.84500,0
2025-07-03T12:00:00Z,3327.89500,3334.45500,3325.54500,3333.70500,0
2025-07-03T13:00:00Z,3333.70500,3334.69800,3328.77500,3329.10500,0
2025-07-03T14:00:00Z,3329.01500,3330.05500,3327.75500,3328.87500,0
2025-07-03T15:00:00Z,3328.86500,3329.39500,3327.01500,3328.53500,0
2025-07-03T16:00:00Z,3328.51500,3328.64500,3325.15500,3326.08500,0
2025-07-03T18:00:00Z,3324.99800,3329.34800,3323.34500,3328.74800,0
2025-07-03T19:00:00Z,3328.60500,3331.79800,3328.14800,3330.64800,0
2025-07-03T20:00:00Z,3330.56500,3330.84800,3325.61500,3328.74800,0
2025-07-03T21:00:00Z,3328.64800,3334.07500,3326.15500,3329.77500,0
2025-07-03T22:00:00Z,3329.64800,3332.25500,3326.79800,3327.16500,0
2025-07-03T23:00:00Z,3327.16500,3338.68500,3325.88500,3338.24800,0
2025-07-04T00:00:00Z,3338.22500,3342.04800,3337.74500,3340.64500,0
2025-07-04T01:00:00Z,3340.68500,3341.99500,3338.19800,3339.29800,0
2025-07-04T02:00:00Z,3339.29800,3344.90500,3339.02500,3342.44500,0
2025-07-04T03:00:00Z,3342.64500,3343.57500,3336.24500,3342.77500,0
2025-07-04T04:00:00Z,3342.78500,3344.02500,3340.65500,3342.60500,0
2025-07-04T05:00:00Z,3342.60500,3342.86800,3332.80500,3334.18800,0
2025-07-04T06:00:00Z,3334.18800,3337.84800,3331.30500,3336.54800,0
2025-07-04T07:00:00Z,3336.48500,3337.64800,3334.22500,3334.45800,0
2025-07-04T08:00:00Z,3334.45800,3337.59800,3331.18900,3333.64800,0
2025-07-04T09:00:00Z,3333.64900,3337.85500,3331.98800,3333.58500,0
2025-07-04T10:00:00Z,3333.55500,3333.98500,3330.56900,3333.01500,0
2025-07-04T11:00:00Z,3333.04500,3333.64800,3330.52900,3332.16900,0
2025-07-04T12:00:00Z,3332.16500,3337.29800,3332.04800,3336.24800,0
2025-07-06T18:00:00Z,3334.01500,3342.34800,3332.20500,3333.09800,0
2025-07-06T19:00:00Z,3333.00500,3334.24800,3326.06500,3328.65500,0
2025-07-06T20:00:00Z,3328.68500,3329.49500,3321.54500,3326.26500,0
2025-07-06T21:00:00Z,3326.28500,3327.54800,3306.47500,3316.29800,0
2025-07-06T22:00:00Z,3316.29800,3317.49800,3305.76500,3308.69500,0
2025-07-06T23:00:00Z,3308.69500,3315.09500,3306.83500,3310.75500,0
2025-07-07T00:00:00Z,3310.78500,3312.15500,3305.00500,3307.52500,0
2025-07-07T01:00:00Z,3307.64500,3314.99500,3306.74800,3313.17500,0
2025-07-07T02:00:00Z,3313.17500,3315.07500,3308.14500,3309.73500,0
2025-07-07T03:00:00Z,3309.69500,3313.04800,3300.43500,3302.03500,0
2025-07-07T04:00:00Z,3301.99800,3312.62500,3301.08500,3310.00500,0
2025-07-07T05:00:00Z,3309.93800,3311.74800,3305.94500,3308.79500,0
2025-07-07T06:00:00Z,3308.74800,3310.54500,3296.19500,3301.87500,0
2025-07-07T07:00:00Z,3301.87500,3307.38500,3299.50500,3301.71500,0
2025-07-07T08:00:00Z,3301.63500,3312.49500,3300.31500,3309.41500,0
2025-07-07T09:00:00Z,3309.39800,3317.06500,3305.93500,3316.14800,0
2025-07-07T10:00:00Z,3316.24800,3321.19800,3313.00500,3317.77500,0
2025-07-07T11:00:00Z,3317.78500,3321.82500,3316.01900,3320.66500,0
2025-07-07T12:00:00Z,3320.63500,3327.87500,3319.94500,3327.26500,0
2025-07-07T13:00:00Z,3327.37500,3335.68500,3327.18500,3331.74500,0
2025-07-07T14:00:00Z,3331.86500,3335.46500,3328.19800,3334.15500,0
2025-07-07T15:00:00Z,3334.15900,3340.28900,3334.09800,3336.92500,0
2025-07-07T16:00:00Z,3337.04500,3337.95500,3335.35500,3336.54500,0
2025-07-07T18:00:00Z,3338.49800,3345.54800,3338.29800,3339.54800,0
2025-07-07T19:00:00Z,3339.46900,3339.84800,3333.59800,3334.39800,0
2025-07-07T20:00:00Z,3334.39800,3336.90900,3330.85900,3333.94800,0
2025-07-07T21:00:00Z,3333.84900,3336.77500,3329.32800,3334.49800,0
2025-07-07T22:00:00Z,3334.49800,3337.83500,3332.54800,3334.25500,0
2025-07-07T23:00:00Z,3334.23500,3335.26500,3329.36500,3331.26500,0
2025-07-08T00:00:00Z,3331.28500,3332.54800,3327.11500,3329.46500,0
2025-07-08T01:00:00Z,3329.48500,3336.32500,3329.30500,3333.84900,0
2025-07-08T02:00:00Z,3333.85500,3335.79800,3330.42500,3335.50500,0
2025-07-08T03:00:00Z,3335.55500,3339.28500,3330.28500,3333.76500,0
2025-07-08T04:00:00Z,3333.72500,3333.72500,3323.05500,3323.45500,0
2025-07-08T05:00:00Z,3323.45500,3326.60500,3320.98500,3321.89500,0
2025-07-08T06:00:00Z,3321.89500,3326.94500,3320.33500,3324.41500,0
2025-07-08T07:00:00Z,3324.46500,3327.31500,3319.71500,3324.86500,0
2025-07-08T08:00:00Z,3324.90500,3329.64800,3324.56500,3327.91500,0
2025-07-08T09:00:00Z,3327.91500,3328.40500,3314.61900,3314.96500,0
2025-07-08T10:00:00Z,3314.92500,3315.69800,3294.10800,3296.28500,0
2025-07-08T11:00:00Z,3296.27500,3300.12500,3286.90500,3298.03500,0
2025-07-08T12:00:00Z,3298.03500,3301.38500,3295.68500,3300.14800,0
2025-07-08T13:00:00Z,3300.09500,3310.19900,3299.10500,3306.19800,0
2025-07-08T14:00:00Z,3306.19800,3307.99800,3300.41500,3305.12500,0
2025-07-08T15:00:00Z,3305.15500,3305.91500,3302.20800,3302.71800,0
2025-07-08T16:00:00Z,3302.64500,3303.50500,3299.13500,3300.69500,0
2025-07-08T18:00:00Z,3301.09800,3303.90500,3300.40500,3301.35500,0
2025-07-08T19:00:00Z,3301.39500,3303.74500,3296.96500,3301.99500,0
2025-07-08T20:00:00Z,3302.00500,3307.72500,3301.52500,3306.89800,0
2025-07-08T21:00:00Z,3306.86500,3307.04800,3299.12500,3301.60500,0
2025-07-08T22:00:00Z,3301.55500,3302.69500,3286.31500,3288.17500,0
2025-07-08T23:00:00Z,3288.14500,3294.50500,3284.63800,3293.07500,0
2025-07-09T00:00:00Z,3293.07500,3296.09800,3290.86500,3293.70500,0
2025-07-09T01:00:00Z,3293.70500,3297.54800,3288.74800,3289.21500,0
2025-07-09T02:00:00Z,3289.22500,3292.57500,3285.41500,3292.04800,0
2025-07-09T03:00:00Z,3292.07500,3295.80500,3288.07500,3291.66500,0
2025-07-09T04:00:00Z,3291.64500,3292.44800,3282.42500,3284.78500,0
2025-07-09T05:00:00Z,3284.67500,3290.14800,3284.22500,3288.98500,0
2025-07-09T06:00:00Z,3288.96500,3295.79500,3288.05500,3295.32500,0
2025-07-09T07:00:00Z,3295.56500,3295.74800,3283.00500,3284.69800,0
2025-07-09T08:00:00Z,3284.69800,3297.34500,3284.69800,3296.19800,0
2025-07-09T09:00:00Z,3296.22500,3305.02500,3291.71500,3300.08500,0
2025-07-09T10:00:00Z,3300.15500,3312.73500,3299.61800,3312.14500,0
2025-07-09T11:00:00Z,3312.17500,3312.77500,3306.16500,3309.43500,0
2025-07-09T12:00:00Z,3309.40500,3313.17500,3307.73500,3311.69500,0
2025-07-09T13:00:00Z,3311.69500,3314.46500,3307.95800,3309.06800,0
2025-07-09T14:00:00Z,3309.07800,3313.54800,3307.57500,3311.21500,0
2025-07-09T15:00:00Z,3311.16500,3316.59800,3310.67500,3315.46500,0
2025-07-09T16:00:00Z,3315.54500,3315.64800,3311.34800,3313.44500,0
2025-07-09T18:00:00Z,3312.94800,3320.95500,3312.54500,3319.39800,0
2025-07-09T19:00:00Z,3319.36500,3319.56500,3315.35500,3317.42500,0
2025-07-09T20:00:00Z,3317.44500,3321.69800,3316.36500,3317.44800,0
2025-07-09T21:00:00Z,3317.44800,3326.08500,3316.41500,3321.87500,0
2025-07-09T22:00:00Z,3321.90500,3323.40500,3317.99800,3318.89800,0
2025-07-09T23:00:00Z,3318.89800,3319.94800,3315.33800,3315.54500,0
2025-07-10T00:00:00Z,3315.53900,3322.29500,3314.65500,3322.07800,0
2025-07-10T01:00:00Z,3322.05500,3324.84800,3320.49800,3320.94500,0
2025-07-10T02:00:00Z,3320.92500,3328.16500,3320.74500,3325.08500,0
2025-07-10T03:00:00Z,3325.11500,3329.28500,3319.69800,3320.89800,0
2025-07-10T04:00:00Z,3320.89800,3329.97500,3319.70500,3328.49500,0
2025-07-10T05:00:00Z,3328.49500,3330.08500,3323.06500,3326.28500,0
2025-07-10T06:00:00Z,3326.30500,3328.56500,3321.99500,3325.06500,0
2025-07-10T07:00:00Z,3325.09500,3330.05500,3318.08500,3320.25500,0
2025-07-10T08:00:00Z,3320.28500,3325.92500,3317.65800,3323.47500,0
2025-07-10T09:00:00Z,3323.47500,3329.24800,3311.67500,3312.59800,0
2025-07-10T10:00:00Z,3312.45500,3321.39500,3309.90500,3314.81500,0
2025-07-10T11:00:00Z,3314.80500,3321.39500,3314.48500,3319.45500,0
2025-07-10T12:00:00Z,3319.49500,3319.81500,3311.97500,3314.96500,0
2025-07-10T13:00:00Z,3314.86500,3318.47500,3314.53500,3317.32500,0
2025-07-10T14:00:00Z,3317.31500,3321.70500,3316.20500,3321.33500,0
2025-07-10T15:00:00Z,3321.38500,3325.79500,3321.26500,3324.72500,0
2025-07-10T16:00:00Z,3324.71900,3325.17500,3323.17500,3323.50500,0
2025-07-10T18:00:00Z,3322.93500,3326.19800,3321.58500,3322.89800,0
2025-07-10T19:00:00Z,3322.30500,3326.19500,3322.30500,3323.55500,0
2025-07-10T20:00:00Z,3323.50500,3335.97500,3323.34500,3329.85800,0
2025-07-10T21:00:00Z,3329.85800,3331.30500,3324.89800,3329.33500,0
2025-07-10T22:00:00Z,3329.38500,3334.74500,3326.97500,3332.23500,0
2025-07-10T23:00:00Z,3332.21500,3335.89800,3331.86500,3333.49800,0
2025-07-11T00:00:00Z,3333.42500,3335.05500,3329.32500,3331.75500,0
2025-07-11T01:00:00Z,3331.71500,3341.50800,3331.71500,3333.88500,0
2025-07-11T02:00:00Z,3333.92500,3343.47500,3331.81500,3332.18500,0
2025-07-11T03:00:00Z,3332.14500,3341.92800,3330.83500,3341.66500,0
2025-07-11T04:00:00Z,3341.68500,3343.47500,3332.61800,3332.85500,0
2025-07-11T05:00:00Z,3332.89500,3339.69800,3332.63500,3339.10800,0
2025-07-11T06:00:00Z,3339.10500,3348.00800,3339.10500,3344.71500,0
2025-07-11T07:00:00Z,3344.71500,3349.95800,3341.69500,3347.17500,0
2025-07-11T08:00:00Z,3347.17500,3356.71500,3343.86500,3354.91900,0
2025-07-11T09:00:00Z,3354.91900,3358.95900,3349.79800,3351.59900,0
2025-07-11T10:00:00Z,3351.59900,3363.56500,3349.91500,3360.90500,0
2025-07-11T11:00:00Z,3360.82900,3368.55900,3356.65900,3358.66900,0
2025-07-11T12:00:00Z,3358.54900,3359.54900,3352.52800,3353.57800,0
2025-07-11T13:00:00Z,3353.57800,3353.94900,3348.96500,3353.18500,0
2025-07-11T14:00:00Z,3353.22500,3358.26500,3353.16500,3355.90500,0
2025-07-11T15:00:00Z,3355.90500,3359.49500,3355.38500,3356.27500,0
2025-07-11T16:00:00Z,3356.31500,3358.70500,3353.31500,3354.72500,0
2025-07-13T18:00:00Z,3362.94800,3370.79800,3358.69800,3368.94800,0
2025-07-13T19:00:00Z,3368.64500,3373.70500,3366.05500,3367.49800,0
2025-07-13T20:00:00Z,3367.49800,3373.10500,3364.48500,3367.10500,0
2025-07-13T21:00:00Z,3367.01500,3369.92500,3356.72500,3358.34500,0
2025-07-13T22:00:00Z,3358.29500,3359.36500,3353.57500,3357.19500,0
2025-07-13T23:00:00Z,3357.16500,3359.40500,3355.14800,3356.83500,0
2025-07-14T00:00:00Z,3356.79500,3361.47500,3353.56500,3359.47500,0
2025-07-14T01:00:00Z,3359.34500,3360.19500,3353.43500,3357.41500,0
2025-07-14T02:00:00Z,3357.47500,3369.50500,3356.30500,3368.71500,0
2025-07-14T03:00:00Z,3368.57500,3374.80500,3366.41500,3371.72500,0
2025-07-14T04:00:00Z,3371.80500,3372.42500,3365.14500,3366.13500,0
2025-07-14T05:00:00Z,3366.14800,3370.22500,3363.64800,3370.07500,0
2025-07-14T06:00:00Z,3370.14500,3374.44500,3369.54500,3371.81500,0
2025-07-14T07:00:00Z,3371.83500,3372.92500,3363.62800,3363.88800,0
2025-07-14T08:00:00Z,3363.88800,3366.44500,3349.13800,3349.84800,0
2025-07-14T09:00:00Z,3349.86500,3358.75500,3346.98500,3355.11500,0
2025-07-14T10:00:00Z,3354.96800,3356.02500,3340.75500,3342.84500,0
2025-07-14T11:00:00Z,3343.03500,3349.45800,3342.21500,3344.92500,0
2025-07-14T12:00:00Z,3344.96500,3349.12500,3342.90500,3347.59500,0
2025-07-14T13:00:00Z,3347.61500,3351.51500,3347.22500,3350.87500,0
2025-07-14T14:00:00Z,3350.89500,3351.03500,3347.70500,3348.70500,0
2025-07-14T15:00:00Z,3348.72500,3350.28500,3342.99500,3343.95500,0
2025-07-14T16:00:00Z,3344.06500,3345.45500,3341.10500,3342.78500,0
2025-07-14T18:00:00Z,3342.80500,3345.61500,3341.12500,3345.44800,0
2025-07-14T19:00:00Z,3345.44800,3346.26500,3343.62500,3345.04800,0
2025-07-14T20:00:00Z,3345.03500,3349.16500,3344.41500,3347.34800,0
2025-07-14T21:00:00Z,3347.34500,3350.47500,3345.87500,3346.39500,0
2025-07-14T22:00:00Z,3346.43500,3351.88500,3345.53500,3350.70500,0
2025-07-14T23:00:00Z,3350.65500,3358.09500,3350.56500,3357.68500,0
2025-07-15T00:00:00Z,3357.66500,3361.19800,3357.44500,3360.00500,0
2025-07-15T01:00:00Z,3360.03500,3364.95500,3360.02500,3361.89800,0
2025-07-15T02:00:00Z,3361.89800,3364.02500,3357.38800,3357.93500,0
2025-07-15T03:00:00Z,3358.05500,3364.97500,3357.28500,3364.16500,0
2025-07-15T04:00:00Z,3364.13500,3365.44500,3356.34500,3360.74800,0
2025-07-15T05:00:00Z,3360.78500,3364.49500,3358.34800,3363.17800,0
2025-07-15T06:00:00Z,3363.17800,3366.14800,3361.02500,3361.15500,0
2025-07-15T07:00:00Z,3361.19500,3361.84500,3353.93500,3354.64800,0
2025-07-15T08:00:00Z,3354.67500,3360.04800,3346.20500,3348.61500,0
2025-07-15T09:00:00Z,3348.67900,3352.27500,3334.16900,3346.40500,0
2025-07-15T10:00:00Z,3346.55500,3351.94900,3342.25900,3347.71900,0
2025-07-15T11:00:00Z,3347.71900,3349.79800,3325.14500,3328.76500,0
2025-07-15T12:00:00Z,3328.74500,3330.17500,3320.05500,3329.11900,0
2025-07-15T13:00:00Z,3329.09900,3331.16900,3325.67500,3327.96500,0
2025-07-15T14:00:00Z,3327.96900,3331.79800,3325.63900,3328.68900,0
2025-07-15T15:00:00Z,3328.68900,3331.10500,3326.35500,3330.32500,0
2025-07-15T16:00:00Z,3330.28500,3330.83500,3323.06500,3323.13500,0
2025-07-15T18:00:00Z,3324.09500,3327.46500,3323.50500,3326.34800,0
2025-07-15T19:00:00Z,3326.44800,3331.54500,3325.80800,3330.79800,0
2025-07-15T20:00:00Z,3330.82500,3332.47500,3328.76500,3330.26500,0
2025-07-15T21:00:00Z,3330.29500,3334.84500,3328.66500,3330.67500,0
2025-07-15T22:00:00Z,3330.90500,3331.30500,3324.86500,3325.99500,0
2025-07-15T23:00:00Z,3325.99500,3334.91500,3325.69500,3334.15500,0
2025-07-16T00:00:00Z,3334.20500,3338.35800,3332.62500,3338.00500,0
2025-07-16T01:00:00Z,3337.98800,3339.69500,3335.44800,3337.84800,0
2025-07-16T02:00:00Z,3337.84800,3341.86500,3337.47500,3339.01500,0
2025-07-16T03:00:00Z,3338.95900,3339.97500,3335.83500,3337.70500,0
2025-07-16T04:00:00Z,3337.88500,3342.49500,3337.62500,3341.80500,0
2025-07-16T05:00:00Z,3341.73500,3342.77500,3338.79800,3339.82500,0
2025-07-16T06:00:00Z,3339.78500,3340.26500,3333.89800,3334.69500,0
2025-07-16T07:00:00Z,3334.60500,3339.93500,3333.58500,3339.10500,0
2025-07-16T08:00:00Z,3339.08500,3340.80500,3330.74900,3334.34500,0
2025-07-16T09:00:00Z,3334.36500,3339.27500,3321.81900,3326.64800,0
2025-07-16T10:00:00Z,3326.55900,3342.35900,3319.49900,3337.81900,0
2025-07-16T11:00:00Z,3337.81900,3377.18500,3335.22500,3343.14800,0
2025-07-16T12:00:00Z,3343.24500,3354.80500,3338.74800,3348.79800,0
2025-07-16T13:00:00Z,3348.83500,3357.09800,3348.50500,3354.48500,0
2025-07-16T14:00:00Z,3354.48500,3357.17500,3348.83500,3350.09500,0
2025-07-16T15:00:00Z,3350.04800,3350.39500,3345.79800,3346.85500,0
2025-07-16T16:00:00Z,3346.84900,3349.19800,3345.94800,3346.04500,0
2025-07-16T18:00:00Z,3347.29800,3352.02500,3347.29800,3349.19800,0
2025-07-16T19:00:00Z,3349.10500,3349.93800,3345.12500,3346.27500,0
2025-07-16T20:00:00Z,3346.24800,3347.16500,3339.49500,3340.55500,0
2025-07-16T21:00:00Z,3340.51500,3344.33500,3336.99500,3343.81500,0
2025-07-16T22:00:00Z,3343.79800,3344.47500,3337.45500,3341.09500,0
2025-07-16T23:00:00Z,3341.18500,3342.19500,3336.14800,3341.30500,0
2025-07-17T00:00:00Z,3341.28500,3344.54800,3338.16500,3342.49800,0
2025-07-17T01:00:00Z,3342.49800,3342.71500,3335.69500,3339.22500,0
2025-07-17T02:00:00Z,3339.24500,3339.62500,3327.98800,3335.21500,0
2025-07-17T03:00:00Z,3335.24500,3335.99500,3324.95500,3325.63500,0
2025-07-17T04:00:00Z,3325.66500,3331.89500,3325.36500,3328.60500,0
2025-07-17T05:00:00Z,3328.56500,3332.25500,3324.49500,3325.41500,0
2025-07-17T06:00:00Z,3325.41500,3330.92500,3324.76500,3325.64500,0
2025-07-17T07:00:00Z,3325.59800,3328.29800,3322.09800,3323.99800,0
2025-07-17T08:00:00Z,3324.00500,3328.36500,3309.57500,3312.94500,0
2025-07-17T09:00:00Z,3312.93500,3321.62500,3310.81500,3318.89800,0
2025-07-17T10:00:00Z,3318.89800,3335.02500,3318.03500,3333.93500,0
2025-07-17T11:00:00Z,3333.96500,3338.24800,3331.00500,3336.60500,0
2025-07-17T12:00:00Z,3336.60500,3339.79900,3335.27500,3338.59900,0
2025-07-17T13:00:00Z,3338.58900,3340.89500,3336.12500,3337.25500,0
2025-07-17T14:00:00Z,3337.27500,3338.79900,3335.47900,3338.32900,0
2025-07-17T15:00:00Z,3338.39800,3340.60500,3337.99800,3339.53500,0
2025-07-17T16:00:00Z,3339.53500,3340.14800,3337.20500,3338.35500,0
2025-07-17T18:00:00Z,3340.72500,3343.89500,3337.93500,3343.04800,0
2025-07-17T19:00:00Z,3342.95500,3343.14800,3339.28500,3340.05500,0
2025-07-17T20:00:00Z,3340.09500,3341.24800,3337.63500,3339.67500,0
2025-07-17T21:00:00Z,3339.69500,3342.78500,3335.07800,3337.52500,0
2025-07-17T22:00:00Z,3337.50500,3344.04800,3336.67500,3337.49800,0
2025-07-17T23:00:00Z,3337.49800,3338.24800,3333.89500,3334.41500,0
2025-07-18T00:00:00Z,3334.34500,3336.87500,3333.54500,3336.87500,0
2025-07-18T01:00:00Z,3336.83500,3340.01500,3333.16500,3333.26500,0
2025-07-18T02:00:00Z,3333.25800,3342.53500,3331.64500,3341.93500,0
2025-07-18T03:00:00Z,3341.92500,3349.93500,3340.48500,3349.65500,0
2025-07-18T04:00:00Z,3349.68500,3350.18500,3346.02500,3347.34500,0
2025-07-18T05:00:00Z,3347.36500,3354.70500,3347.25500,3352.19500,0
2025-07-18T06:00:00Z,3352.16500,3352.49800,3347.62500,3351.27500,0
2025-07-18T07:00:00Z,3351.20900,3357.49800,3350.63900,3354.12500,0
2025-07-18T08:00:00Z,3354.08500,3361.03500,3353.94800,3359.72500,0
2025-07-18T09:00:00Z,3359.72500,3360.14500,3352.00500,3355.18500,0
2025-07-18T10:00:00Z,3355.18500,3358.93500,3350.99500,3354.51500,0
2025-07-18T11:00:00Z,3354.55500,3356.14800,3352.19500,3353.48500,0
2025-07-18T12:00:00Z,3353.50500,3357.23500,3351.02500,3353.47500,0
2025-07-18T13:00:00Z,3353.50500,3353.55500,3350.34500,3351.98500,0
2025-07-18T14:00:00Z,3352.02500,3353.18500,3349.99800,3351.15500,0
2025-07-18T15:00:00Z,3351.17500,3352.60500,3347.49500,3348.15500,0
2025-07-18T16:00:00Z,3348.14900,3351.74500,3347.55500,3349.65500,0
2025-07-20T18:00:00Z,3349.89800,3350.01500,3344.79800,3347.39800,0
2025-07-20T19:00:00Z,3347.12500,3349.34800,3345.24500,3348.89800,0
2025-07-20T20:00:00Z,3348.83500,3354.29800,3347.41800,3352.02500,0
2025-07-20T21:00:00Z,3351.99500,3358.35500,3351.69800,3356.26500,0
2025-07-20T22:00:00Z,3356.33500,3357.24500,3352.09800,3353.89500,0
2025-07-20T23:00:00Z,3353.86500,3356.63500,3350.79800,3351.03500,0
2025-07-21T00:00:00Z,3351.01500,3358.51500,3350.39800,3357.65800,0
2025-07-21T01:00:00Z,3357.58500,3369.39500,3357.58500,3366.58800,0
2025-07-21T02:00:00Z,3366.58800,3370.56500,3365.14500,3368.12500,0
2025-07-21T03:00:00Z,3368.05500,3370.24500,3363.74500,3364.50500,0
2025-07-21T04:00:00Z,3364.54500,3366.69800,3362.83500,3365.80500,0
2025-07-21T05:00:00Z,3365.88500,3366.34500,3362.59500,3365.89500,0
2025-07-21T06:00:00Z,3365.92500,3367.96500,3362.66500,3365.98500,0
2025-07-21T07:00:00Z,3365.99500,3375.45500,3365.09500,3375.20500,0
2025-07-21T08:00:00Z,3375.19500,3388.40500,3374.35500,3387.07500,0
2025-07-21T09:00:00Z,3387.16500,3395.14800,3383.32800,3388.39500,0
2025-07-21T10:00:00Z,3388.35500,3401.33900,3385.64500,3400.16900,0
2025-07-21T11:00:00Z,3400.16900,3400.85500,3395.25500,3397.77500,0
2025-07-21T12:00:00Z,3397.82500,3398.94500,3393.64500,3395.40500,0
2025-07-21T13:00:00Z,3395.41500,3395.65500,3391.14500,3393.11500,0
2025-07-21T14:00:00Z,3393.09500,3395.62500,3392.86500,3395.28500,0
2025-07-21T15:00:00Z,3395.25900,3399.54800,3394.85500,3398.64800,0
2025-07-21T16:00:00Z,3398.64800,3399.14800,3396.47500,3396.53500,0
2025-07-21T18:00:00Z,3396.89500,3400.81500,3396.84500,3399.04500,0
2025-07-21T19:00:00Z,3399.04500,3402.47500,3392.89800,3396.29800,0
2025-07-21T20:00:00Z,3396.29800,3397.47500,3390.09500,3394.21500,0
2025-07-21T21:00:00Z,3394.20500,3395.67500,3384.94500,3385.69800,0
2025-07-21T22:00:00Z,3385.67500,3391.80500,3385.09800,3391.38500,0
2025-07-21T23:00:00Z,3391.36500,3393.42500,3388.64500,3392.36500,0
2025-07-22T00:00:00Z,3392.23500,3392.23500,3387.79800,3390.79800,0
2025-07-22T01:00:00Z,3390.94500,3391.64500,3384.49800,3385.26500,0
2025-07-22T02:00:00Z,3385.26500,3387.80500,3384.09500,3384.45800,0
2025-07-22T03:00:00Z,3384.45800,3387.37500,3383.11500,3387.37500,0
2025-07-22T04:00:00Z,3387.42500,3389.94500,3385.82500,3388.84500,0
2025-07-22T05:00:00Z,3388.78500,3390.43500,3384.44500,3385.92500,0
2025-07-22T06:00:00Z,3385.99900,3388.49800,3385.65500,3386.88800,0
2025-07-22T07:00:00Z,3386.79500,3391.44500,3386.48500,3391.16500,0
2025-07-22T08:00:00Z,3391.12500,3407.68500,3390.72500,3407.37500,0
2025-07-22T09:00:00Z,3407.36900,3419.94500,3406.19800,3412.14800,0
2025-07-22T10:00:00Z,3412.14800,3427.58500,3404.36500,3426.11500,0
2025-07-22T11:00:00Z,3426.08500,3430.36500,3423.39500,3426.29500,0
2025-07-22T12:00:00Z,3426.31500,3432.69900,3426.07900,3432.01500,0
2025-07-22T13:00:00Z,3432.03500,3433.27900,3426.24800,3429.16900,0
2025-07-22T14:00:00Z,3429.17900,3430.81900,3427.63500,3429.46500,0
2025-07-22T15:00:00Z,3429.47900,3432.31900,3428.74500,3431.24800,0
2025-07-22T16:00:00Z,3431.24800,3432.54800,3427.44800,3430.85500,0
2025-07-22T18:00:00Z,3431.60500,3432.69800,3427.18800,3427.59800,0
2025-07-22T19:00:00Z,3427.41500,3432.91500,3426.01500,3427.30500,0
2025-07-22T20:00:00Z,3427.30500,3438.65500,3426.83500,3428.59800,0
2025-07-22T21:00:00Z,3428.52500,3430.47500,3420.62500,3420.86500,0
2025-07-22T22:00:00Z,3420.88500,3424.74500,3418.91500,3422.90500,0
2025-07-22T23:00:00Z,3422.85500,3428.42500,3422.54500,3422.74500,0
2025-07-23T00:00:00Z,3422.82500,3425.05500,3421.81500,3423.43500,0
2025-07-23T01:00:00Z,3423.40500,3423.67500,3416.16500,3420.13500,0
2025-07-23T02:00:00Z,3420.13500,3425.00500,3419.25500,3424.83500,0
2025-07-23T03:00:00Z,3424.87500,3429.46500,3419.70800,3420.48500,0
2025-07-23T04:00:00Z,3420.50500,3428.60500,3420.32500,3428.30500,0
2025-07-23T05:00:00Z,3428.33500,3433.64800,3428.10500,3430.90500,0
2025-07-23T06:00:00Z,3430.84500,3431.13900,3420.95500,3422.48500,0
2025-07-23T07:00:00Z,3422.40500,3429.62500,3420.00500,3428.05500,0
2025-07-23T08:00:00Z,3428.04500,3429.75500,3419.69500,3419.77500,0
2025-07-23T09:00:00Z,3419.74800,3420.34800,3405.26800,3412.95800,0
2025-07-23T10:00:00Z,3412.95800,3419.67500,3410.51500,3413.35500,0
2025-07-23T11:00:00Z,3413.34500,3415.64500,3398.00000,3398.01500,0
2025-07-23T12:00:00Z,3398.00900,3398.00900,3381.21500,3387.22500,0
2025-07-23T13:00:00Z,3387.20500,3394.50500,3385.48500,3393.02500,0
2025-07-23T14:00:00Z,3393.04500,3395.76500,3391.77500,3393.36500,0
2025-07-23T15:00:00Z,3393.39500,3395.74800,3388.35800,3390.03500,0
2025-07-23T16:00:00Z,3390.03500,3390.30500,3385.76500,3386.61500,0
2025-07-23T18:00:00Z,3387.69800,3392.23500,3386.24800,3386.44800,0
2025-07-23T19:00:00Z,3386.30500,3391.35500,3386.14800,3389.88500,0
2025-07-23T20:00:00Z,3389.98500,3393.04500,3388.34800,3391.25500,0
2025-07-23T21:00:00Z,3391.23500,3393.16500,3383.85500,3387.37500,0
2025-07-23T22:00:00Z,3387.37500,3388.56500,3380.41500,3383.58500,0
2025-07-23T23:00:00Z,3383.49500,3385.64500,3374.34800,3383.56500,0
2025-07-24T00:00:00Z,3383.50500,3385.13500,3380.75500,3382.37500,0
2025-07-24T01:00:00Z,3382.38500,3382.68500,3374.21500,3379.07500,0
2025-07-24T02:00:00Z,3379.09500,3379.47500,3369.67800,3375.62500,0
2025-07-24T03:00:00Z,3375.54800,3377.33500,3365.78500,3367.39500,0
2025-07-24T04:00:00Z,3367.41500,3374.48500,3365.61800,3369.48500,0
2025-07-24T05:00:00Z,3369.46500,3369.87500,3361.81500,3363.39500,0
2025-07-24T06:00:00Z,3363.46500,3366.98500,3361.96500,3364.14800,0
2025-07-24T07:00:00Z,3364.14800,3366.34800,3361.06500,3361.97500,0
2025-07-24T08:00:00Z,3362.01500,3365.39800,3353.00000,3353.19800,0
2025-07-24T09:00:00Z,3353.17500,3371.95900,3351.16800,3366.32800,0
2025-07-24T10:00:00Z,3366.27500,3377.14500,3365.52900,3373.46900,0
2025-07-24T11:00:00Z,3373.46900,3375.13900,3370.10500,3372.40900,0
2025-07-24T12:00:00Z,3372.37500,3373.63900,3366.70500,3366.78500,0
2025-07-24T13:00:00Z,3366.78500,3371.64800,3366.12500,3369.74500,0
2025-07-24T14:00:00Z,3369.76500,3373.21500,3367.29500,3371.76900,0
2025-07-24T15:00:00Z,3371.76900,3372.95500,3369.97800,3370.26500,0
2025-07-24T16:00:00Z,3370.27500,3371.02500,3367.10500,3367.90500,0
2025-07-24T18:00:00Z,3367.69500,3369.74800,3364.94800,3368.57500,0
2025-07-24T19:00:00Z,3368.49800,3371.16500,3366.57500,3369.14800,0
2025-07-24T20:00:00Z,3369.14500,3373.29500,3368.14500,3371.91500,0
2025-07-24T21:00:00Z,3371.94500,3372.44800,3366.22500,3370.29800,0
2025-07-24T22:00:00Z,3370.29800,3370.39800,3362.17500,3362.83500,0
2025-07-24T23:00:00Z,3362.78500,3363.24500,3358.47500,3358.95500,0
2025-07-25T00:00:00Z,3358.93500,3363.24800,3357.65800,3360.65500,0
2025-07-25T01:00:00Z,3360.67500,3362.06500,3355.08500,3358.44500,0
2025-07-25T02:00:00Z,3358.47500,3359.39800,3354.41500,3359.21500,0
2025-07-25T03:00:00Z,3359.05500,3359.95500,3352.51500,3353.88500,0
2025-07-25T04:00:00Z,3353.90500,3355.12500,3344.26500,3345.20500,0
2025-07-25T05:00:00Z,3345.19800,3348.64800,3342.84500,3345.71500,0
2025-07-25T06:00:00Z,3345.67500,3347.84500,3340.76900,3342.68500,0
2025-07-25T07:00:00Z,3342.71500,3344.97500,3338.46500,3340.86500,0
2025-07-25T08:00:00Z,3340.80500,3343.97500,3336.16500,3340.57900,0
2025-07-25T09:00:00Z,3340.54500,3347.39800,3336.59800,3343.74800,0
2025-07-25T10:00:00Z,3343.74800,3344.66500,3330.29900,3331.59800,0
2025-07-25T11:00:00Z,3331.59800,3335.74800,3324.80500,3327.57500,0
2025-07-25T12:00:00Z,3327.51500,3331.24800,3326.04800,3329.59500,0
2025-07-25T13:00:00Z,3329.63500,3336.64500,3329.44800,3335.77500,0
2025-07-25T14:00:00Z,3335.80500,3339.26500,3335.69500,3338.54800,0
2025-07-25T15:00:00Z,3338.54800,3340.08500,3336.98500,3337.38500,0
2025-07-25T16:00:00Z,3337.34900,3338.89800,3335.54500,3335.57500,0
2025-07-27T18:00:00Z,3316.93800,3335.12500,3316.93800,3329.29800,0
2025-07-27T19:00:00Z,3329.11500,3337.14800,3328.99800,3333.39800,0
2025-07-27T20:00:00Z,3333.39500,3335.77500,3327.46500,3333.14800,0
2025-07-27T21:00:00Z,3333.10500,3338.54500,3329.69500,3331.80500,0
2025-07-27T22:00:00Z,3331.84500,3336.34800,3330.43500,3335.45500,0
2025-07-27T23:00:00Z,3335.39500,3343.15500,3334.29500,3343.09500,0
2025-07-28T00:00:00Z,3343.07500,3343.82500,3339.24500,3339.40500,0
2025-07-28T01:00:00Z,3339.39500,3343.89800,3337.84500,3343.11500,0
2025-07-28T02:00:00Z,3343.14500,3345.14500,3335.61500,3339.84800,0
2025-07-28T03:00:00Z,3339.88500,3341.79500,3333.74800,3334.79500,0
2025-07-28T04:00:00Z,3334.77500,3338.58500,3332.06500,3335.84800,0
2025-07-28T05:00:00Z,3335.94800,3340.57500,3335.64800,3337.64500,0
2025-07-28T06:00:00Z,3337.61500,3338.62500,3334.02500,3335.69500,0
2025-07-28T07:00:00Z,3335.73500,3338.15500,3334.20800,3336.26500,0
2025-07-28T08:00:00Z,3336.37500,3338.17500,3325.34500,3328.19500,0
2025-07-28T09:00:00Z,3328.21500,3330.42900,3301.50500,3302.08500,0
2025-07-28T10:00:00Z,3302.07500,3314.63500,3301.46500,3307.75900,0
2025-07-28T11:00:00Z,3307.73500,3316.99800,3306.42500,3314.56500,0
2025-07-28T12:00:00Z,3314.49500,3314.79900,3311.22900,3312.08500,0
2025-07-28T13:00:00Z,3312.08500,3313.06500,3308.60500,3310.57500,0
2025-07-28T14:00:00Z,3310.57500,3315.45500,3310.07500,3313.44500,0
2025-07-28T15:00:00Z,3313.51500,3318.78500,3312.79800,3317.01500,0
2025-07-28T16:00:00Z,3317.00900,3318.31500,3312.07500,3312.07500,0
2025-07-28T18:00:00Z,3314.25500,3315.19800,3311.70500,3314.44800,0
2025-07-28T19:00:00Z,3314.21500,3314.54800,3310.15500,3312.40500,0
2025-07-28T20:00:00Z,3312.38500,3315.61500,3307.81500,3311.45500,0
2025-07-28T21:00:00Z,3311.43500,3320.64800,3308.18500,3318.79800,0
2025-07-28T22:00:00Z,3318.69500,3320.11500,3317.23500,3318.73500,0
2025-07-28T23:00:00Z,3318.67500,3318.67500,3311.06500,3312.39800,0
2025-07-29T00:00:00Z,3312.40500,3317.27500,3308.81500,3316.29500,0
2025-07-29T01:00:00Z,3316.20500,3319.91800,3314.05500,3319.74500,0
2025-07-29T02:00:00Z,3319.75500,3322.19800,3316.02500,3316.74500,0
2025-07-29T03:00:00Z,3316.81500,3318.41500,3311.10500,3316.84800,0
2025-07-29T04:00:00Z,3316.84500,3329.73500,3316.45500,3326.15500,0
2025-07-29T05:00:00Z,3326.15500,3328.07500,3320.61500,3324.30500,0
2025-07-29T06:00:00Z,3324.34500,3326.20500,3321.72500,3321.84800,0
2025-07-29T07:00:00Z,3321.84800,3321.96500,3314.68500,3315.05500,0
2025-07-29T08:00:00Z,3315.01500,3324.43500,3315.01500,3322.99800,0
2025-07-29T09:00:00Z,3323.01500,3324.06500,3312.51800,3316.78800,0
2025-07-29T10:00:00Z,3316.68800,3329.43500,3311.67500,3328.70500,0
2025-07-29T11:00:00Z,3328.74500,3333.90800,3319.41900,3320.51900,0
2025-07-29T12:00:00Z,3320.48500,3324.54800,3318.84500,3323.00500,0
2025-07-29T13:00:00Z,3322.95500,3329.14500,3322.81500,3328.08500,0
2025-07-29T14:00:00Z,3328.11500,3330.64800,3325.14800,3325.64800,0
2025-07-29T15:00:00Z,3325.64800,3328.50800,3322.41800,3324.84800,0
2025-07-29T16:00:00Z,3324.93500,3326.68500,3324.51500,3325.57500,0
2025-07-29T18:00:00Z,3326.49800,3328.99800,3325.76500,3327.39800,0
2025-07-29T19:00:00Z,3327.27500,3328.04800,3325.89800,3327.19800,0
2025-07-29T20:00:00Z,3327.17500,3333.50500,3326.98500,3330.01500,0
2025-07-29T21:00:00Z,3329.92500,3333.06500,3321.65500,3323.09800,0
2025-07-29T22:00:00Z,3323.12900,3332.16500,3323.07500,3329.20500,0
2025-07-29T23:00:00Z,3329.14500,3329.74800,3326.01500,3328.20500,0
2025-07-30T00:00:00Z,3328.20500,3329.64800,3325.53500,3326.91500,0
2025-07-30T01:00:00Z,3326.65500,3330.43500,3324.16500,3324.69500,0
2025-07-30T02:00:00Z,3324.74500,3327.38500,3322.79800,3326.90500,0
2025-07-30T03:00:00Z,3326.92500,3332.01500,3325.34800,3327.56500,0
2025-07-30T04:00:00Z,3327.58500,3333.23500,3327.39500,3332.03500,0
2025-07-30T05:00:00Z,3331.85900,3333.81500,3329.16500,3331.00500,0
2025-07-30T06:00:00Z,3330.97500,3332.74500,3326.42500,3328.33500,0
2025-07-30T07:00:00Z,3328.39500,3331.44500,3323.79500,3330.67500,0
2025-07-30T08:00:00Z,3330.67500,3331.72500,3310.42900,3313.12500,0
2025-07-30T09:00:00Z,3313.09800,3315.94800,3298.19900,3302.77500,0
2025-07-30T10:00:00Z,3302.74500,3308.19800,3301.10900,3301.94900,0
2025-07-30T11:00:00Z,3301.88900,3303.15900,3288.41500,3290.23500,0
2025-07-30T12:00:00Z,3290.24500,3298.38500,3289.78500,3297.89500,0
2025-07-30T13:00:00Z,3297.92500,3301.73500,3297.56900,3300.45200,0
2025-07-30T14:00:00Z,3300.50800,3304.73500,3279.34500,3280.01500,0
2025-07-30T15:00:00Z,3280.01500,3282.42500,3267.95500,3269.19500,0
2025-07-30T16:00:00Z,3269.21500,3276.07500,3268.74500,3274.77500,0
2025-07-30T18:00:00Z,3275.29800,3279.84800,3273.50500,3278.59800,0
2025-07-30T19:00:00Z,3278.69800,3285.61500,3277.49800,3285.07500,0
2025-07-30T20:00:00Z,3285.04500,3288.25500,3282.53500,3286.34800,0
2025-07-30T21:00:00Z,3286.30500,3293.79500,3284.84800,3293.63500,0
2025-07-30T22:00:00Z,3293.60500,3297.29800,3290.25500,3297.08500,0
2025-07-30T23:00:00Z,3297.15500,3298.43500,3293.19500,3294.84800,0
2025-07-31T00:00:00Z,3294.74800,3298.25500,3293.48500,3297.91500,0
2025-07-31T01:00:00Z,3297.93500,3301.38500,3294.56500,3299.53500,0
2025-07-31T02:00:00Z,3299.54500,3304.56500,3297.77500,3298.90500,0
2025-07-31T03:00:00Z,3298.92500,3309.50500,3297.84500,3304.46500,0
2025-07-31T04:00:00Z,3304.43500,3314.70500,3303.39500,3309.65500,0
2025-07-31T05:00:00Z,3309.64800,3312.91500,3304.66500,3306.45500,0
2025-07-31T06:00:00Z,3306.45500,3307.86500,3293.55500,3296.10500,0
2025-07-31T07:00:00Z,3296.06500,3307.56500,3294.97800,3305.99800,0
2025-07-31T08:00:00Z,3305.86500,3310.99500,3303.66500,3307.35500,0
2025-07-31T09:00:00Z,3307.39500,3310.19800,3300.31500,3301.14500,0
2025-07-31T10:00:00Z,3301.09800,3302.84800,3291.16500,3295.94800,0
2025-07-31T11:00:00Z,3295.94800,3298.91900,3291.05500,3295.27500,0
2025-07-31T12:00:00Z,3295.27500,3297.14800,3289.47500,3294.78900,0
2025-07-31T13:00:00Z,3294.84900,3298.23500,3293.85500,3294.78500,0
2025-07-31T14:00:00Z,3294.78500,3296.86900,3292.61800,3295.52500,0
2025-07-31T15:00:00Z,3295.53900,3296.19800,3290.29500,3290.74500,0
2025-07-31T16:00:00Z,3290.73500,3293.54800,3289.27500,3289.27500,0
2025-07-31T18:00:00Z,3289.66500,3294.99500,3288.64800,3294.69800,0
2025-07-31T19:00:00Z,3294.61500,3294.79800,3287.84500,3288.35500,0
2025-07-31T20:00:00Z,3288.37500,3293.59800,3286.21500,3290.09800,0
2025-07-31T21:00:00Z,3290.01500,3293.39800,3281.43500,3283.50500,0
2025-07-31T22:00:00Z,3283.41900,3292.19800,3283.11500,3291.46800,0
2025-07-31T23:00:00Z,3291.41500,3296.87500,3290.33500,3291.19500,0
2025-08-01T00:00:00Z,3291.19500,3295.24800,3289.83500,3291.94800,0
2025-08-01T01:00:00Z,3291.89500,3300.14800,3291.54800,3296.45500,0
2025-08-01T02:00:00Z,3296.48500,3297.39500,3290.39500,3292.24500,0
2025-08-01T03:00:00Z,3292.22500,3293.27500,3284.99800,3286.62500,0
2025-08-01T04:00:00Z,3286.59800,3294.24800,3285.11500,3294.09500,0
2025-08-01T05:00:00Z,3294.07500,3296.19800,3292.56500,3294.24800,0
2025-08-01T06:00:00Z,3294.27500,3302.90500,3293.07500,3298.06500,0
2025-08-01T07:00:00Z,3298.34500,3301.24800,3296.69800,3300.19800,0
2025-08-01T08:00:00Z,3300.23500,3344.94800,3297.27500,3341.01500,0
2025-08-01T09:00:00Z,3341.07500,3354.45500,3338.56500,3341.80500,0
2025-08-01T10:00:00Z,3341.80500,3354.95500,3341.07900,3345.65500,0
2025-08-01T11:00:00Z,3345.70500,3351.04800,3341.33900,3348.34800,0
2025-08-01T12:00:00Z,3348.33900,3349.21500,3340.29800,3347.04500,0
2025-08-01T13:00:00Z,3347.03800,3349.19800,3345.41500,3348.01500,0
2025-08-01T14:00:00Z,3348.01500,3351.14800,3345.74800,3347.39800,0
2025-08-01T15:00:00Z,3347.36900,3361.04800,3347.34500,3356.95500,0
2025-08-01T16:00:00Z,3356.96500,3363.42500,3356.77500,3362.42500,0
2025-08-03T18:00:00Z,3364.69800,3369.08500,3357.47500,3358.74800,0
2025-08-03T19:00:00Z,3358.60500,3361.84800,3354.31500,3361.80500,0
2025-08-03T20:00:00Z,3361.78500,3362.12500,3349.98500,3352.04500,0
2025-08-03T21:00:00Z,3351.87500,3353.44500,3344.74800,3352.04800,0
2025-08-03T22:00:00Z,3352.04800,3355.05500,3350.01500,3354.10500,0
2025-08-03T23:00:00Z,3354.08500,3360.69800,3354.08500,3360.09800,0
2025-08-04T00:00:00Z,3360.05500,3362.04800,3358.46500,3358.69500,0
2025-08-04T01:00:00Z,3358.84500,3360.74800,3355.29800,3357.37500,0
2025-08-04T02:00:00Z,3357.38500,3362.49500,3353.29500,3362.44500,0
2025-08-04T03:00:00Z,3362.41500,3362.41500,3351.49800,3355.64800,0
2025-08-04T04:00:00Z,3355.66500,3359.64800,3353.81500,3358.29500,0
2025-08-04T05:00:00Z,3358.27500,3361.61500,3356.63500,3357.78500,0
2025-08-04T06:00:00Z,3357.74500,3358.74800,3352.65500,3357.65500,0
2025-08-04T07:00:00Z,3357.69500,3370.50500,3357.55500,3370.14500,0
2025-08-04T08:00:00Z,3370.17500,3371.34800,3360.88500,3367.61500,0
2025-08-04T09:00:00Z,3367.61500,3385.20500,3366.74800,3382.68800,0
2025-08-04T10:00:00Z,3382.68800,3384.39800,3371.68500,3373.75900,0
2025-08-04T11:00:00Z,3373.67500,3375.89500,3370.56500,3374.07800,0
2025-08-04T12:00:00Z,3374.04900,3377.99800,3370.37900,3370.75900,0
2025-08-04T13:00:00Z,3370.72900,3374.24800,3370.44800,3373.78900,0
2025-08-04T14:00:00Z,3373.84800,3376.65500,3373.04800,3375.59800,0
2025-08-04T15:00:00Z,3375.63500,3376.99800,3374.44800,3375.84800,0
2025-08-04T16:00:00Z,3375.83500,3376.75500,3372.59500,3372.59500,0
2025-08-04T18:00:00Z,3374.09800,3376.17500,3373.45800,3374.44800,0
2025-08-04T19:00:00Z,3374.17900,3379.49500,3374.17900,3377.19800,0
2025-08-04T20:00:00Z,3377.19800,3381.19500,3375.62800,3379.65500,0
2025-08-04T21:00:00Z,3379.62500,3382.19800,3377.60500,3378.84800,0
2025-08-04T22:00:00Z,3378.84800,3381.14800,3373.37800,3373.37800,0
2025-08-04T23:00:00Z,3373.34500,3375.26500,3371.89800,3371.89800,0
2025-08-05T00:00:00Z,3371.82500,3372.99500,3370.80500,3370.96500,0
2025-08-05T01:00:00Z,3370.94500,3373.89800,3367.49800,3373.79800,0
2025-08-05T02:00:00Z,3373.82500,3373.98500,3365.57500,3366.01500,0
2025-08-05T03:00:00Z,3366.00500,3375.38500,3365.85500,3373.53500,0
2025-08-05T04:00:00Z,3373.50500,3374.44800,3365.84500,3365.88500,0
2025-08-05T05:00:00Z,3365.85500,3366.10500,3358.70500,3359.46500,0
2025-08-05T06:00:00Z,3359.44500,3361.53500,3352.76500,3353.01500,0
2025-08-05T07:00:00Z,3353.00500,3354.10500,3349.63900,3351.11500,0
2025-08-05T08:00:00Z,3351.06900,3366.81500,3349.66800,3365.89800,0
2025-08-05T09:00:00Z,3365.99800,3379.59800,3365.67500,3373.15500,0
2025-08-05T10:00:00Z,3373.21500,3386.44800,3370.30500,3385.14800,0
2025-08-05T11:00:00Z,3385.14800,3389.90500,3381.97500,3389.39800,0
2025-08-05T12:00:00Z,3389.39800,3390.28900,3376.62500,3381.89800,0
2025-08-05T13:00:00Z,3381.86900,3382.65500,3378.76900,3379.88900,0
2025-08-05T14:00:00Z,3379.93500,3380.99800,3378.27500,3379.87500,0
2025-08-05T15:00:00Z,3379.84500,3381.24800,3377.94500,3378.83800,0
2025-08-05T16:00:00Z,3378.84500,3380.72500,3378.28500,3380.00500,0
2025-08-05T18:00:00Z,3380.34500,3381.59500,3377.96500,3379.47800,0
2025-08-05T19:00:00Z,3379.29900,3383.75500,3378.74500,3383.06500,0
2025-08-05T20:00:00Z,3383.00500,3385.09800,3380.65500,3383.22500,0
2025-08-05T21:00:00Z,3383.19500,3383.39800,3372.94800,3375.89500,0
2025-08-05T22:00:00Z,3375.79800,3377.65500,3373.99800,3376.07500,0
2025-08-05T23:00:00Z,3376.09500,3378.17500,3373.21500,3374.37500,0
2025-08-06T00:00:00Z,3374.44800,3376.29800,3372.04500,3372.25500,0
2025-08-06T01:00:00Z,3372.22500,3374.52500,3370.50500,3374.14500,0
2025-08-06T02:00:00Z,3374.15500,3378.49500,3373.03500,3374.94800,0
2025-08-06T03:00:00Z,3374.94800,3376.94500,3368.87500,3373.44500,0
2025-08-06T04:00:00Z,3373.40500,3374.66500,3364.64500,3364.94500,0
2025-08-06T05:00:00Z,3364.97500,3367.65500,3358.01500,3358.76500,0
2025-08-06T06:00:00Z,3358.76500,3365.31500,3358.05500,3363.47500,0
2025-08-06T07:00:00Z,3363.39800,3366.84500,3360.54500,3365.00500,0
2025-08-06T08:00:00Z,3365.00500,3369.09800,3360.03500,3367.42500,0
2025-08-06T09:00:00Z,3367.34800,3373.30500,3365.07500,3371.46500,0
2025-08-06T10:00:00Z,3371.44800,3379.19500,3369.31500,3379.16500,0
2025-08-06T11:00:00Z,3379.17500,3379.79800,3369.72500,3377.29800,0
2025-08-06T12:00:00Z,3377.21500,3379.29500,3372.70500,3375.89500,0
2025-08-06T13:00:00Z,3375.92500,3377.48800,3370.70500,3374.38500,0
2025-08-06T14:00:00Z,3374.42500,3374.45500,3368.86500,3371.53500,0
2025-08-06T15:00:00Z,3371.53500,3373.01800,3370.08500,3371.49500,0
2025-08-06T16:00:00Z,3371.48500,3371.94800,3366.92500,3368.42500,0
2025-08-06T18:00:00Z,3368.49500,3374.38500,3368.49500,3371.59800,0
2025-08-06T19:00:00Z,3371.54500,3371.59800,3367.30500,3369.90500,0
2025-08-06T20:00:00Z,3369.93500,3374.39500,3364.89500,3371.90500,0
2025-08-06T21:00:00Z,3371.91500,3382.35500,3369.88500,3382.13500,0
2025-08-06T22:00:00Z,3382.12500,3384.00500,3378.06500,3379.36500,0
2025-08-06T23:00:00Z,3379.34500,3379.94500,3376.32500,3379.44800,0
2025-08-07T00:00:00Z,3379.44800,3380.42500,3376.52500,3377.28500,0
2025-08-07T01:00:00Z,3377.29500,3380.82500,3371.49800,3375.08500,0
2025-08-07T02:00:00Z,3375.27500,3387.64800,3374.55500,3387.56500,0
2025-08-07T03:00:00Z,3387.58500,3397.10500,3386.04500,3395.97500,0
2025-08-07T04:00:00Z,3396.00500,3396.41500,3371.93500,3378.08500,0
2025-08-07T05:00:00Z,3378.11500,3380.91500,3373.02500,3376.55500,0
2025-08-07T06:00:00Z,3376.57500,3378.62500,3371.54500,3372.64500,0
2025-08-07T07:00:00Z,3372.63500,3383.12500,3371.65500,3378.01500,0
2025-08-07T08:00:00Z,3378.03500,3389.51500,3374.75500,3380.44500,0
2025-08-07T09:00:00Z,3380.53500,3393.62500,3379.77900,3384.73500,0
2025-08-07T10:00:00Z,3384.72500,3390.17900,3373.50500,3387.56500,0
2025-08-07T11:00:00Z,3387.58500,3390.65500,3384.00900,3389.95500,0
2025-08-07T12:00:00Z,3389.94500,3392.36500,3386.93800,3388.68500,0
2025-08-07T13:00:00Z,3388.65500,3392.75900,3384.14500,3392.04500,0
2025-08-07T14:00:00Z,3392.04500,3393.83500,3387.27500,3387.96500,0
2025-08-07T15:00:00Z,3387.95900,3400.49800,3386.97500,3399.58500,0
2025-08-07T16:00:00Z,3399.57900,3401.79800,3392.01800,3396.71500,0
2025-08-07T18:00:00Z,3404.16500,3408.67500,3387.18500,3406.16500,0
2025-08-07T19:00:00Z,3399.94500,3402.70500,3394.70900,3400.10900,0
2025-08-07T20:00:00Z,3400.11900,3402.32900,3386.64900,3389.45900,0
2025-08-07T21:00:00Z,3389.48900,3390.32900,3380.83900,3383.05900,0
2025-08-07T22:00:00Z,3382.96900,3389.52900,3382.78900,3388.08900,0
2025-08-07T23:00:00Z,3388.11900,3397.41900,3381.89800,3395.66900,0
2025-08-08T00:00:00Z,3395.36900,3399.03900,3393.12100,3393.89900,0
2025-08-08T01:00:00Z,3393.89900,3395.90900,3389.93800,3391.86900,0
2025-08-08T02:00:00Z,3391.87900,3397.75500,3388.35800,3392.96500,0
2025-08-08T03:00:00Z,3393.09900,3403.92500,3390.70500,3401.75500,0
2025-08-08T04:00:00Z,3401.42500,3402.42300,3393.69800,3393.99500,0
2025-08-08T05:00:00Z,3394.03500,3401.12500,3393.56500,3400.48500,0
2025-08-08T06:00:00Z,3400.26500,3400.81500,3383.75500,3384.72500,0
2025-08-08T07:00:00Z,3384.60500,3388.41500,3380.03500,3385.78500,0
2025-08-08T08:00:00Z,3385.80900,3401.52900,3384.64900,3391.27500,0
2025-08-08T09:00:00Z,3391.39500,3401.42500,3386.95500,3399.62500,0
2025-08-08T10:00:00Z,3399.69500,3401.10500,3380.88500,3390.32500,0
2025-08-08T11:00:00Z,3390.36500,3395.19500,3388.48800,3395.12500,0
2025-08-08T12:00:00Z,3395.20500,3400.62900,3393.22900,3397.27500,0
2025-08-08T13:00:00Z,3397.27500,3399.27500,3374.59900,3380.74900,0
2025-08-08T14:00:00Z,3383.48900,3404.21300,3373.28800,3395.10500,0
2025-08-08T15:00:00Z,3394.97800,3400.87900,3391.99900,3398.14800,0
2025-08-08T16:00:00Z,3398.14800,3398.70900,3390.88500,3398.57900,0
2025-08-10T18:00:00Z,3397.29800,3404.79800,3389.35900,3394.92500,0
2025-08-10T19:00:00Z,3394.95500,3396.83500,3389.71500,3391.25500,0
2025-08-10T20:00:00Z,3391.27500,3391.42500,3381.06500,3381.38500,0
2025-08-10T21:00:00Z,3381.43500,3383.69800,3367.20500,3377.39500,0
2025-08-10T22:00:00Z,3377.41500,3379.79900,3369.34500,3377.00500,0
2025-08-10T23:00:00Z,3376.96500,3380.02900,3373.90900,3378.02500,0
2025-08-11T00:00:00Z,3378.07500,3379.61900,3375.28900,3375.64500,0
2025-08-11T01:00:00Z,3375.64500,3379.89500,3373.81500,3376.91500,0
2025-08-11T02:00:00Z,3377.10500,3377.20500,3363.53500,3365.64500,0
2025-08-11T03:00:00Z,3365.55500,3366.17900,3356.80500,3359.93500,0
2025-08-11T04:00:00Z,3359.97500,3365.66500,3358.56500,3361.63500,0
2025-08-11T05:00:00Z,3361.51900,3363.53900,3352.68500,3353.02500,0
2025-08-11T06:00:00Z,3353.02500,3363.67500,3352.79800,3358.28500,0
2025-08-11T07:00:00Z,3358.24500,3358.63500,3349.50500,3355.11500,0
2025-08-11T08:00:00Z,3355.07500,3357.38500,3344.17500,3356.71500,0
2025-08-11T09:00:00Z,3356.69500,3362.66500,3348.01500,3358.30500,0
2025-08-11T10:00:00Z,3358.29800,3359.19800,3341.22800,3346.09500,0
2025-08-11T11:00:00Z,3346.35500,3352.09500,3344.64500,3349.23500,0
2025-08-11T12:00:00Z,3349.23500,3350.09500,3342.41900,3343.92500,0
2025-08-11T13:00:00Z,3343.93900,3358.74800,3340.80800,3357.44500,0
2025-08-11T14:00:00Z,3357.47500,3358.45500,3352.09500,3356.01500,0
2025-08-11T15:00:00Z,3356.01500,3356.67500,3350.29500,3351.40500,0
2025-08-11T16:00:00Z,3351.48500,3351.66500,3341.14500,3341.14500,0
2025-08-11T18:00:00Z,3342.29800,3346.89800,3342.04800,3346.69800,0
2025-08-11T19:00:00Z,3346.47500,3349.38500,3345.90500,3348.84800,0
2025-08-11T20:00:00Z,3348.84800,3355.54500,3347.24800,3354.31500,0
2025-08-11T21:00:00Z,3354.34500,3357.23500,3345.92500,3349.57500,0
2025-08-11T22:00:00Z,3349.53500,3354.15500,3349.47500,3352.79800,0
2025-08-11T23:00:00Z,3352.79800,3355.15500,3347.92500,3349.26500,0
2025-08-12T00:00:00Z,3349.26500,3355.47500,3348.44500,3354.21500,0
2025-08-12T01:00:00Z,3354.24500,3355.54500,3350.40800,3354.29800,0
2025-08-12T02:00:00Z,3354.29800,3354.69800,3341.88500,3345.29500,0
2025-08-12T03:00:00Z,3345.29500,3357.94500,3343.61500,3355.40500,0
2025-08-12T04:00:00Z,3355.37500,3355.59500,3345.33500,3347.69800,0
2025-08-12T05:00:00Z,3347.69800,3351.63500,3344.09800,3345.40500,0
2025-08-12T06:00:00Z,3345.31500,3350.37500,3343.74800,3344.64800,0
2025-08-12T07:00:00Z,3344.55900,3348.17500,3335.91500,3347.33500,0
2025-08-12T08:00:00Z,3347.36500,3357.88500,3338.27500,3349.67500,0
2025-08-12T09:00:00Z,3349.64800,3356.54500,3339.88500,3345.40500,0
2025-08-12T10:00:00Z,3345.45500,3346.37500,3330.89800,3337.27500,0
2025-08-12T11:00:00Z,3337.23500,3359.19800,3336.72500,3349.61500,0
2025-08-12T12:00:00Z,3349.65500,3351.05900,3345.65500,3349.25500,0
2025-08-12T13:00:00Z,3349.31500,3350.51500,3346.19500,3348.84500,0
2025-08-12T14:00:00Z,3348.80500,3350.62500,3347.31500,3348.80900,0
2025-08-12T15:00:00Z,3348.80900,3349.15900,3345.40500,3347.47500,0
2025-08-12T16:00:00Z,3347.40500,3349.91500,3345.83500,3347.77500,0
2025-08-12T18:00:00Z,3347.49800,3353.56500,3347.46500,3350.19800,0
2025-08-12T19:00:00Z,3350.19800,3351.86500,3349.50500,3350.43500,0
2025-08-12T20:00:00Z,3350.43500,3350.57500,3342.43900,3343.35900,0
2025-08-12T21:00:00Z,3343.45900,3351.87900,3342.45900,3350.66500,0
2025-08-12T22:00:00Z,3350.71500,3354.19900,3346.40900,3351.61500,0
2025-08-12T23:00:00Z,3351.61500,3352.75900,3348.38500,3349.46900,0
2025-08-13T00:00:00Z,3349.46900,3352.14800,3347.99900,3351.59800,0
2025-08-13T01:00:00Z,3351.59800,3351.91500,3345.39800,3348.99800,0
2025-08-13T02:00:00Z,3348.99800,3357.42500,3348.69800,3356.99500,0
2025-08-13T03:00:00Z,3356.99500,3360.79800,3353.75500,3354.39500,0
2025-08-13T04:00:00Z,3354.21900,3363.31500,3352.54800,3360.10500,0
2025-08-13T05:00:00Z,3360.08500,3366.48500,3358.39800,3364.47900,0
2025-08-13T06:00:00Z,3364.44900,3366.86500,3362.82900,3365.92500,0
2025-08-13T07:00:00Z,3365.95500,3366.86500,3358.69900,3362.15500,0
2025-08-13T08:00:00Z,3362.21500,3363.59800,3355.27500,3357.91500,0
2025-08-13T09:00:00Z,3357.87500,3365.84800,3353.88900,3364.89800,0
2025-08-13T10:00:00Z,3364.86500,3370.50500,3360.86500,3362.92500,0
2025-08-13T11:00:00Z,3362.96500,3363.59800,3354.14500,3357.56900,0
2025-08-13T12:00:00Z,3357.56900,3360.75500,3356.76500,3357.71900,0
2025-08-13T13:00:00Z,3357.69500,3359.19800,3352.56500,3353.51500,0
2025-08-13T14:00:00Z,3353.54500,3354.26500,3349.75500,3353.53900,0
2025-08-13T15:00:00Z,3353.53900,3358.63500,3352.36500,3357.66500,0
2025-08-13T16:00:00Z,3357.64500,3358.04800,3355.15500,3355.15500,0
2025-08-13T18:00:00Z,3355.89800,3358.90500,3355.89800,3357.38800,0
2025-08-13T19:00:00Z,3357.29800,3363.25500,3357.29800,3362.56500,0
2025-08-13T20:00:00Z,3362.56500,3374.55500,3362.52500,3369.29500,0
2025-08-13T21:00:00Z,3369.29500,3370.64800,3364.94800,3367.19800,0
2025-08-13T22:00:00Z,3367.19800,3369.09800,3362.47500,3362.57500,0
2025-08-13T23:00:00Z,3362.46500,3363.87500,3355.26500,3360.32500,0
2025-08-14T00:00:00Z,3360.32500,3361.62500,3358.35500,3360.23500,0
2025-08-14T01:00:00Z,3360.21500,3361.65500,3356.02500,3358.69500,0
2025-08-14T02:00:00Z,3358.62500,3362.23500,3355.68900,3361.88500,0
2025-08-14T03:00:00Z,3361.82500,3366.24800,3343.36500,3345.87500,0
2025-08-14T04:00:00Z,3345.83500,3350.21500,3341.27800,3345.92500,0
2025-08-14T05:00:00Z,3345.94800,3358.99800,3344.88500,3356.36500,0
2025-08-14T06:00:00Z,3356.38500,3358.94800,3351.95500,3354.76500,0
2025-08-14T07:00:00Z,3354.89500,3356.92500,3352.35500,3355.27500,0
2025-08-14T08:00:00Z,3355.29500,3358.24800,3340.74000,3350.35800,0
2025-08-14T09:00:00Z,3350.35800,3355.88500,3343.48500,3343.90500,0
2025-08-14T10:00:00Z,3343.89500,3346.50500,3333.94800,3340.44800,0
2025-08-14T11:00:00Z,3340.44800,3342.68500,3335.07500,3341.59800,0
2025-08-14T12:00:00Z,3341.54500,3341.90500,3329.64500,3334.19500,0
2025-08-14T13:00:00Z,3334.14500,3338.31500,3331.64800,3337.60500,0
2025-08-14T14:00:00Z,3337.66500,3339.19500,3335.84800,3337.99800,0
2025-08-14T15:00:00Z,3337.99800,3340.94800,3337.72500,3337.81500,0
2025-08-14T16:00:00Z,3337.80900,3338.32500,3334.31500,3334.90500,0
2025-08-14T18:00:00Z,3335.49800,3337.44500,3332.31500,3332.94800,0
2025-08-14T19:00:00Z,3332.85500,3336.34500,3331.94500,3335.24800,0
2025-08-14T20:00:00Z,3335.24500,3338.49800,3332.15500,3336.78500,0
2025-08-14T21:00:00Z,3336.80500,3340.11500,3333.11500,3339.43500,0
2025-08-14T22:00:00Z,3339.39500,3340.69800,3336.46500,3340.27500,0
2025-08-14T23:00:00Z,3340.29500,3344.66500,3339.89800,3343.19500,0
2025-08-15T00:00:00Z,3343.16500,3346.50800,3343.08500,3345.26500,0
2025-08-15T01:00:00Z,3345.26500,3348.59500,3341.74800,3343.65500,0
2025-08-15T02:00:00Z,3343.63500,3343.95500,3340.04500,3340.25500,0
2025-08-15T03:00:00Z,3340.22500,3346.45500,3339.92500,3346.10500,0
2025-08-15T04:00:00Z,3346.07500,3348.14800,3338.15500,3341.12500,0
2025-08-15T05:00:00Z,3341.10500,3344.79800,3338.32500,3342.54800,0
2025-08-15T06:00:00Z,3342.50500,3342.54800,3336.00500,3337.54800,0
2025-08-15T07:00:00Z,3337.54800,3344.04800,3336.89800,3342.12500,0
2025-08-15T08:00:00Z,3342.10500,3343.78500,3333.34800,3342.48500,0
2025-08-15T09:00:00Z,3342.50500,3345.80500,3332.70500,3334.81800,0
2025-08-15T10:00:00Z,3334.68500,3343.43500,3334.42500,3341.59800,0
2025-08-15T11:00:00Z,3341.55500,3344.95500,3341.19800,3342.14800,0
2025-08-15T12:00:00Z,3342.14800,3342.24800,3335.57500,3337.99800,0
2025-08-15T13:00:00Z,3337.99800,3338.79800,3334.83500,3335.87500,0
2025-08-15T14:00:00Z,3335.89500,3338.12500,3334.60500,3335.83500,0
2025-08-15T15:00:00Z,3335.81500,3339.47900,3334.22500,3338.94800,0
2025-08-15T16:00:00Z,3338.94800,3339.34800,3334.64500,3334.64500,0
2025-08-17T18:00:00Z,3336.01500,3338.84800,3332.29800,3333.99800,0
2025-08-17T19:00:00Z,3333.91500,3334.19800,3323.33500,3326.89500,0
2025-08-17T20:00:00Z,3326.94500,3342.59500,3326.62500,3340.41500,0
2025-08-17T21:00:00Z,3340.37500,3347.24500,3339.42500,3346.70500,0
2025-08-17T22:00:00Z,3346.68500,3347.37500,3342.12500,3343.21500,0
2025-08-17T23:00:00Z,3343.15500,3351.59800,3343.12500,3346.85500,0
2025-08-18T00:00:00Z,3346.85500,3358.03500,3346.58500,3357.34500,0
2025-08-18T01:00:00Z,3357.31500,3358.21500,3346.31500,3349.33500,0
2025-08-18T02:00:00Z,3349.35500,3351.00500,3345.96800,3349.33500,0
2025-08-18T03:00:00Z,3349.48500,3355.46500,3346.99800,3348.79800,0
2025-08-18T04:00:00Z,3348.72500,3349.72500,3344.24800,3348.44500,0
2025-08-18T05:00:00Z,3348.42500,3351.53500,3347.32500,3347.94800,0
2025-08-18T06:00:00Z,3347.91800,3351.24800,3346.31500,3346.39800,0
2025-08-18T07:00:00Z,3346.42500,3348.59800,3344.40500,3345.17900,0
2025-08-18T08:00:00Z,3345.41500,3348.62500,3342.90900,3344.66500,0
2025-08-18T09:00:00Z,3344.63500,3344.71500,3335.43500,3336.66500,0
2025-08-18T10:00:00Z,3336.54500,3338.49500,3332.25500,3334.14800,0
2025-08-18T11:00:00Z,3334.14800,3336.74800,3332.03500,3335.44800,0
2025-08-18T12:00:00Z,3335.44800,3335.68900,3331.60800,3334.09800,0
2025-08-18T13:00:00Z,3334.11500,3334.70500,3331.54500,3333.49800,0
2025-08-18T14:00:00Z,3333.49500,3333.63500,3331.29500,3331.73500,0
2025-08-18T15:00:00Z,3331.81500,3334.15500,3330.08500,3333.39500,0
2025-08-18T16:00:00Z,3333.36500,3334.14800,3331.81500,3331.81500,0
2025-08-18T18:00:00Z,3333.09800,3334.54800,3332.64500,3334.24800,0
2025-08-18T19:00:00Z,3334.24800,3334.59800,3330.30500,3330.74500,0
2025-08-18T20:00:00Z,3330.72500,3339.03500,3325.88500,3335.00500,0
2025-08-18T21:00:00Z,3335.03500,3335.49800,3330.05500,3332.78500,0
2025-08-18T22:00:00Z,3332.76500,3337.92500,3329.30500,3337.82500,0
2025-08-18T23:00:00Z,3337.87500,3341.39500,3336.80500,3337.59800,0
2025-08-19T00:00:00Z,3337.52500,3338.09800,3334.24500,3337.52500,0
2025-08-19T01:00:00Z,3337.55500,3340.46500,3335.44800,3335.84800,0
2025-08-19T02:00:00Z,3335.88500,3338.59800,3334.28500,3335.80500,0
2025-08-19T03:00:00Z,3335.86500,3341.64800,3334.79500,3340.59800,0
2025-08-19T04:00:00Z,3340.59800,3340.82500,3336.29800,3337.79500,0
2025-08-19T05:00:00Z,3337.81500,3339.48500,3336.80500,3339.16500,0
2025-08-19T06:00:00Z,3339.13500,3345.16500,3339.10500,3343.45500,0
2025-08-19T07:00:00Z,3343.44800,3344.57500,3339.06800,3339.49800,0
2025-08-19T08:00:00Z,3339.50500,3340.34800,3334.00900,3334.56900,0
2025-08-19T09:00:00Z,3334.56900,3339.20500,3325.50000,3333.81500,0
2025-08-19T10:00:00Z,3333.80900,3336.79800,3320.77800,3325.21500,0
2025-08-19T11:00:00Z,3325.30500,3326.59800,3321.42500,3322.49800,0
2025-08-19T12:00:00Z,3322.49800,3324.24500,3316.85500,3317.31500,0
2025-08-19T13:00:00Z,3317.31500,3319.89500,3314.77500,3317.37500,0
2025-08-19T14:00:00Z,3317.34500,3320.02500,3316.59800,3318.40500,0
2025-08-19T15:00:00Z,3318.41500,3318.82500,3315.38500,3315.73500,0
2025-08-19T16:00:00Z,3315.69500,3317.30500,3314.85500,3316.03500,0
2025-08-19T18:00:00Z,3315.46500,3317.36500,3315.26500,3316.54800,0
2025-08-19T19:00:00Z,3316.54800,3316.54800,3312.66500,3314.13500,0
2025-08-19T20:00:00Z,3313.93500,3316.74800,3312.55500,3315.84800,0
2025-08-19T21:00:00Z,3315.84800,3317.60500,3311.25500,3315.05500,0
2025-08-19T22:00:00Z,3315.04500,3316.97500,3312.19500,3313.82500,0
2025-08-19T23:00:00Z,3313.81900,3318.37500,3313.76500,3317.34500,0
2025-08-20T00:00:00Z,3317.32500,3320.73500,3317.04500,3318.59800,0
2025-08-20T01:00:00Z,3318.59800,3323.69500,3317.93500,3323.28500,0
2025-08-20T02:00:00Z,3323.29500,3325.80500,3322.02500,3322.91500,0
2025-08-20T03:00:00Z,3322.88500,3327.29500,3321.38500,3324.64900,0
2025-08-20T04:00:00Z,3324.67900,3325.49800,3320.74800,3324.78500,0
2025-08-20T05:00:00Z,3324.78500,3327.19800,3323.38500,3326.01500,0
2025-08-20T06:00:00Z,3325.99500,3327.72900,3323.62500,3326.38500,0
2025-08-20T07:00:00Z,3326.21500,3332.73800,3325.54500,3332.09500,0
2025-08-20T08:00:00Z,3332.27500,3344.69500,3331.86500,3342.68500,0
2025-08-20T09:00:00Z,3342.66500,3348.19800,3338.70500,3344.69800,0
2025-08-20T10:00:00Z,3344.89800,3350.19800,3339.76500,3346.72500,0
2025-08-20T11:00:00Z,3346.72500,3346.78500,3338.70500,3340.54500,0
2025-08-20T12:00:00Z,3340.55500,3345.88500,3340.55500,3345.02500,0
2025-08-20T13:00:00Z,3344.94500,3347.99800,3343.94500,3346.48800,0
2025-08-20T14:00:00Z,3346.57800,3346.84800,3343.82900,3345.59800,0
2025-08-20T15:00:00Z,3345.59800,3349.07500,3344.88500,3348.64800,0
2025-08-20T16:00:00Z,3348.54800,3349.12500,3347.33500,3347.33500,0
2025-08-20T18:00:00Z,3349.09800,3351.93500,3348.41500,3349.34800,0
2025-08-20T19:00:00Z,3349.31500,3349.31500,3346.18500,3346.76500,0
2025-08-20T20:00:00Z,3346.73500,3346.73500,3341.24800,3342.07500,0
2025-08-20T21:00:00Z,3342.09500,3346.23500,3340.55500,3342.58500,0
2025-08-20T22:00:00Z,3342.56500,3344.87500,3340.20500,3344.42500,0
2025-08-20T23:00:00Z,3344.51500,3344.63500,3339.45500,3339.69800,0
2025-08-21T00:00:00Z,3339.50500,3340.94500,3337.76500,3338.11500,0
2025-08-21T01:00:00Z,3338.13500,3340.53500,3336.87500,3338.54800,0
2025-08-21T02:00:00Z,3338.57500,3339.77500,3334.00800,3336.46500,0
2025-08-21T03:00:00Z,3336.44500,3341.33500,3335.26500,3339.49500,0
2025-08-21T04:00:00Z,3339.47500,3341.19500,3337.64800,3339.34800,0
2025-08-21T05:00:00Z,3339.34800,3342.02500,3337.76500,3340.49500,0
2025-08-21T06:00:00Z,3340.54500,3341.40500,3327.26500,3328.24800,0
2025-08-21T07:00:00Z,3328.42500,3334.21500,3324.94800,3333.44500,0
2025-08-21T08:00:00Z,3333.52500,3344.84800,3333.52500,3341.72500,0
2025-08-21T09:00:00Z,3341.69500,3347.37500,3335.79800,3338.92500,0
2025-08-21T10:00:00Z,3338.88500,3347.93500,3337.61500,3344.04500,0
2025-08-21T11:00:00Z,3344.08500,3346.04500,3337.35500,3343.46500,0
2025-08-21T12:00:00Z,3343.45500,3343.75500,3338.07900,3339.54800,0
2025-08-21T13:00:00Z,3339.54800,3341.94800,3336.80500,3336.88500,0
2025-08-21T14:00:00Z,3336.92500,3339.40500,3336.42500,3339.15500,0
2025-08-21T15:00:00Z,3339.16500,3341.79500,3337.74800,3338.61500,0
2025-08-21T16:00:00Z,3338.59500,3339.11500,3337.71500,3338.93500,0
2025-08-21T18:00:00Z,3338.40500,3340.43500,3337.80500,3338.66500,0
2025-08-21T19:00:00Z,3338.71500,3339.35500,3337.21500,3338.18500,0
2025-08-21T20:00:00Z,3338.14500,3339.64500,3334.87500,3339.40500,0
2025-08-21T21:00:00Z,3339.43500,3340.07500,3333.39800,3333.82500,0
2025-08-21T22:00:00Z,3333.84800,3336.02500,3332.60500,3333.91500,0
2025-08-21T23:00:00Z,3333.93500,3335.19500,3331.57500,3331.76500,0
2025-08-22T00:00:00Z,3331.85500,3332.56500,3327.77800,3328.26500,0
2025-08-22T01:00:00Z,3328.16500,3331.44000,3327.01500,3329.89800,0
2025-08-22T02:00:00Z,3329.79800,3330.21500,3325.59800,3329.36500,0
2025-08-22T03:00:00Z,3329.38500,3334.93500,3325.52500,3327.29500,0
2025-08-22T04:00:00Z,3327.27500,3330.49500,3325.16500,3328.58900,0
2025-08-22T05:00:00Z,3328.60900,3331.47500,3328.01500,3329.99500,0
2025-08-22T06:00:00Z,3329.99500,3331.59500,3328.82500,3330.78500,0
2025-08-22T07:00:00Z,3330.78500,3330.90500,3327.49500,3329.21500,0
2025-08-22T08:00:00Z,3329.21500,3329.84800,3321.04500,3323.32500,0
2025-08-22T09:00:00Z,3323.28500,3335.94800,3323.07500,3333.60500,0
2025-08-22T10:00:00Z,3334.83000,3376.45500,3334.71500,3373.67500,0
2025-08-22T11:00:00Z,3373.65500,3378.58500,3367.05800,3367.64800,0
2025-08-22T12:00:00Z,3367.64800,3374.04800,3367.64800,3370.37500,0
2025-08-22T13:00:00Z,3370.39500,3375.36500,3370.26500,3374.05500,0
2025-08-22T14:00:00Z,3374.05500,3374.87500,3370.81500,3372.53500,0
2025-08-22T15:00:00Z,3372.56500,3373.49800,3368.64800,3373.09800,0
2025-08-22T16:00:00Z,3372.99800,3373.39800,3369.92500,3371.23500,0
2025-08-24T18:00:00Z,3370.83500,3371.69800,3365.68500,3367.04800,0
2025-08-24T19:00:00Z,3366.88500,3370.85500,3365.93800,3368.86500,0
2025-08-24T20:00:00Z,3368.84500,3369.41500,3363.11500,3364.64800,0
2025-08-24T21:00:00Z,3364.66500,3367.70500,3360.44800,3362.66500,0
2025-08-24T22:00:00Z,3362.64800,3364.97500,3359.49500,3364.31500,0
2025-08-24T23:00:00Z,3364.28500,3367.91500,3364.04500,3367.14500,0
2025-08-25T00:00:00Z,3367.14500,3367.45500,3363.65500,3365.90500,0
2025-08-25T01:00:00Z,3365.86500,3365.88500,3362.91500,3364.44500,0
2025-08-25T02:00:00Z,3364.46500,3369.40500,3364.33500,3368.80500,0
2025-08-25T03:00:00Z,3368.77500,3369.69500,3365.80500,3365.99800,0
2025-08-25T04:00:00Z,3365.99800,3366.45800,3363.18500,3363.78500,0
2025-08-25T05:00:00Z,3363.74500,3367.86500,3361.82500,3367.23500,0
2025-08-25T06:00:00Z,3367.26500,3368.33500,3364.84500,3365.84500,0
2025-08-25T07:00:00Z,3365.83500,3371.37500,3365.45500,3370.33500,0
2025-08-25T08:00:00Z,3370.38500,3371.05500,3363.99500,3364.28500,0
2025-08-25T09:00:00Z,3364.31500,3371.12500,3361.90500,3370.50500,0
2025-08-25T10:00:00Z,3370.43500,3375.25500,3369.06500,3374.20500,0
2025-08-25T11:00:00Z,3374.20500,3376.13500,3371.73500,3373.85500,0
2025-08-25T12:00:00Z,3373.86500,3374.19800,3371.49500,3373.67500,0
2025-08-25T13:00:00Z,3373.72500,3374.67500,3370.66800,3370.85500,0
2025-08-25T14:00:00Z,3370.94800,3373.06500,3369.70500,3370.39500,0
2025-08-25T15:00:00Z,3370.41500,3370.74500,3365.00500,3365.22500,0
2025-08-25T16:00:00Z,3365.22500,3366.16500,3364.09800,3365.60500,0
2025-08-25T18:00:00Z,3365.13500,3367.00500,3363.48500,3363.95800,0
2025-08-25T19:00:00Z,3363.96800,3363.96800,3351.43500,3354.64800,0
2025-08-25T20:00:00Z,3354.72500,3386.42500,3351.17500,3383.09500,0
2025-08-25T21:00:00Z,3383.03900,3384.48500,3371.26500,3376.64500,0
2025-08-25T22:00:00Z,3376.60500,3378.88500,3372.57500,3375.19800,0
2025-08-25T23:00:00Z,3375.05900,3375.24500,3369.54800,3372.05800,0
2025-08-26T00:00:00Z,3372.01500,3378.84500,3371.97500,3377.19500,0
2025-08-26T01:00:00Z,3377.23500,3378.86500,3372.31500,3376.39500,0
2025-08-26T02:00:00Z,3376.40500,3377.56500,3372.29500,3376.11500,0
2025-08-26T03:00:00Z,3376.14500,3378.95500,3366.98500,3376.63500,0
2025-08-26T04:00:00Z,3376.66500,3379.72500,3375.42500,3376.50500,0
2025-08-26T05:00:00Z,3376.48500,3378.38500,3369.20500,3371.74500,0
2025-08-26T06:00:00Z,3371.77500,3375.00500,3367.04500,3371.84500,0
2025-08-26T07:00:00Z,3371.88500,3380.23500,3370.55500,3377.37500,0
2025-08-26T08:00:00Z,3377.40500,3379.59500,3370.74800,3371.60500,0
2025-08-26T09:00:00Z,3371.64800,3377.93500,3370.34500,3375.44500,0
2025-08-26T10:00:00Z,3375.33500,3379.44800,3370.11500,3379.18500,0
2025-08-26T11:00:00Z,3379.22500,3389.17500,3378.44500,3386.34800,0
2025-08-26T12:00:00Z,3386.34800,3387.52500,3382.14800,3382.79500,0
2025-08-26T13:00:00Z,3382.74800,3385.74800,3381.27800,3381.45800,0
2025-08-26T14:00:00Z,3381.45800,3385.44800,3380.11500,3385.36800,0
2025-08-26T15:00:00Z,3385.44800,3390.67500,3384.77500,3389.54800,0
2025-08-26T16:00:00Z,3389.54800,3393.49500,3388.98500,3393.46500,0
2025-08-26T18:00:00Z,3392.64800,3394.19500,3388.57500,3390.58800,0
2025-08-26T19:00:00Z,3390.66800,3392.68500,3389.78500,3390.64800,0
2025-08-26T20:00:00Z,3390.57500,3393.29500,3388.74800,3389.34800,0
2025-08-26T21:00:00Z,3389.34800,3389.77900,3383.14500,3386.08500,0
2025-08-26T22:00:00Z,3386.02500,3386.82500,3381.91500,3383.95500,0
2025-08-26T23:00:00Z,3383.97500,3384.36500,3380.30500,3380.48500,0
2025-08-27T00:00:00Z,3380.53500,3381.02500,3373.69500,3374.73500,0
2025-08-27T01:00:00Z,3374.78500,3378.72500,3373.86500,3377.04500,0
2025-08-27T02:00:00Z,3377.06500,3381.80500,3376.16500,3377.33500,0
2025-08-27T03:00:00Z,3377.29500,3381.44500,3373.66500,3381.35500,0
2025-08-27T04:00:00Z,3381.33500,3384.86500,3380.82500,3384.40500,0
2025-08-27T05:00:00Z,3384.34500,3385.32500,3377.33500,3377.89500,0
2025-08-27T06:00:00Z,3377.92800,3378.98500,3374.58500,3375.37500,0
2025-08-27T07:00:00Z,3375.41500,3377.99500,3373.72500,3376.62500,0
2025-08-27T08:00:00Z,3376.59500,3382.74500,3374.09500,3381.02500,0
2025-08-27T09:00:00Z,3381.04500,3384.65500,3375.34500,3377.74800,0
2025-08-27T10:00:00Z,3377.74800,3386.76500,3375.99500,3386.29500,0
2025-08-27T11:00:00Z,3386.33500,3390.15800,3384.95500,3387.79500,0
2025-08-27T12:00:00Z,3387.79500,3398.56900,3387.32500,3395.22500,0
2025-08-27T13:00:00Z,3395.20500,3397.31500,3394.58500,3394.96500,0
2025-08-27T14:00:00Z,3394.94800,3396.07500,3392.06500,3394.34800,0
2025-08-27T15:00:00Z,3394.34800,3396.17500,3393.42800,3395.94500,0
2025-08-27T16:00:00Z,3396.07500,3397.98500,3393.99500,3396.49500,0
2025-08-27T18:00:00Z,3397.83500,3398.77500,3394.31500,3395.41500,0
2025-08-27T19:00:00Z,3395.38500,3399.17500,3394.85500,3395.46500,0
2025-08-27T20:00:00Z,3395.48500,3397.87500,3391.00500,3391.74500,0
2025-08-27T21:00:00Z,3391.70500,3392.64500,3385.24500,3385.74500,0
2025-08-27T22:00:00Z,3385.74500,3391.20500,3384.44500,3391.17500,0
2025-08-27T23:00:00Z,3391.16500,3392.27500,3388.70500,3389.99500,0
2025-08-28T00:00:00Z,3389.95500,3392.05500,3388.59500,3390.10500,0
2025-08-28T01:00:00Z,3390.08500,3390.69500,3387.41500,3388.99500,0
2025-08-28T02:00:00Z,3388.98500,3395.52500,3388.64500,3395.25500,0
2025-08-28T03:00:00Z,3395.27500,3397.55500,3393.53500,3395.65500,0
2025-08-28T04:00:00Z,3395.50500,3400.85500,3393.71500,3400.54500,0
2025-08-28T05:00:00Z,3400.55500,3401.41500,3398.27500,3399.04500,0
2025-08-28T06:00:00Z,3399.02500,3399.08500,3393.55500,3396.88500,0
2025-08-28T07:00:00Z,3396.84900,3407.48500,3396.04500,3403.88500,0
2025-08-28T08:00:00Z,3403.89500,3408.51500,3396.59800,3396.90500,0
2025-08-28T09:00:00Z,3396.91500,3410.14800,3393.83500,3406.97800,0
2025-08-28T10:00:00Z,3406.97800,3413.34500,3405.98500,3411.90900,0
2025-08-28T11:00:00Z,3411.90900,3413.07500,3403.94800,3410.79800,0
2025-08-28T12:00:00Z,3410.79800,3417.62900,3409.76500,3415.36500,0
2025-08-28T13:00:00Z,3415.32900,3418.62800,3414.43500,3417.77900,0
2025-08-28T14:00:00Z,3417.77900,3420.13500,3417.05500,3419.85500,0
2025-08-28T15:00:00Z,3419.82500,3423.06900,3417.48500,3421.93500,0
2025-08-28T16:00:00Z,3421.93500,3422.30900,3415.59500,3415.79500,0
2025-08-28T18:00:00Z,3416.96500,3417.45500,3414.70800,3416.54800,0
2025-08-28T19:00:00Z,3416.44800,3416.46500,3414.50800,3414.50800,0
2025-08-28T20:00:00Z,3414.50800,3417.64500,3412.74500,3413.24500,0
2025-08-28T21:00:00Z,3413.24500,3413.34500,3407.69500,3409.70500,0
2025-08-28T22:00:00Z,3409.69900,3413.78500,3409.59500,3411.11500,0
2025-08-28T23:00:00Z,3411.14500,3413.45500,3409.73500,3410.67500,0
2025-08-29T00:00:00Z,3410.65500,3411.18500,3407.20500,3408.69500,0
2025-08-29T01:00:00Z,3408.68500,3410.62500,3406.80500,3410.19500,0
2025-08-29T02:00:00Z,3410.21500,3412.44500,3407.69500,3410.02500,0
2025-08-29T03:00:00Z,3409.98900,3412.51500,3406.21500,3412.05500,0
2025-08-29T04:00:00Z,3412.07500,3414.63500,3409.40500,3410.19800,0
2025-08-29T05:00:00Z,3410.19800,3410.85500,3406.56500,3407.25500,0
2025-08-29T06:00:00Z,3407.27500,3408.67500,3404.58500,3405.42500,0
2025-08-29T07:00:00Z,3405.42500,3411.16500,3404.18500,3410.60500,0
2025-08-29T08:00:00Z,3410.60500,3416.71500,3406.52500,3416.34500,0
2025-08-29T09:00:00Z,3416.36500,3428.93500,3413.40500,3428.42500,0
2025-08-29T10:00:00Z,3428.42500,3440.92500,3428.42500,3440.76500,0
2025-08-29T11:00:00Z,3440.71500,3447.43500,3438.75500,3445.24500,0
2025-08-29T12:00:00Z,3445.23500,3449.25500,3442.04500,3449.00500,0
2025-08-29T13:00:00Z,3448.97500,3450.09800,3440.55800,3443.69500,0
2025-08-29T14:00:00Z,3443.69500,3445.59800,3440.90500,3442.66500,0
2025-08-29T15:00:00Z,3442.66500,3453.56500,3441.24800,3452.49800,0
2025-08-29T16:00:00Z,3452.49800,3452.51500,3444.84500,3446.80500,0
2025-08-31T18:00:00Z,3445.64800,3452.25500,3441.82500,3449.74800,0
2025-08-31T19:00:00Z,3449.74800,3450.54800,3444.23500,3447.68500,0
2025-08-31T20:00:00Z,3447.68500,3447.68500,3442.39800,3443.78500,0
2025-08-31T21:00:00Z,3443.81500,3458.93500,3436.54800,3456.85500,0
2025-08-31T22:00:00Z,3456.96900,3484.33500,3454.69500,3483.17500,0
2025-08-31T23:00:00Z,3483.22500,3485.79800,3469.18500,3474.36500,0
2025-09-01T00:00:00Z,3474.40500,3479.00500,3472.04800,3474.99800,0
2025-09-01T01:00:00Z,3474.99800,3482.48500,3474.11800,3476.63500,0
2025-09-01T02:00:00Z,3476.53500,3489.59500,3476.50500,3478.88500,0
2025-09-01T03:00:00Z,3478.89900,3480.62500,3467.29500,3477.67500,0
2025-09-01T04:00:00Z,3477.69500,3479.65500,3474.30500,3476.73500,0
2025-09-01T05:00:00Z,3476.72500,3476.78500,3467.08500,3469.26500,0
2025-09-01T06:00:00Z,3469.29500,3473.72500,3465.90500,3470.37500,0
2025-09-01T07:00:00Z,3470.37500,3473.31500,3467.35500,3469.89500,0
2025-09-01T08:00:00Z,3469.87500,3471.47500,3466.98500,3469.32500,0
2025-09-01T09:00:00Z,3469.32500,3478.95500,3468.75500,3475.13500,0
2025-09-01T10:00:00Z,3475.11500,3481.16500,3473.39500,3475.46500,0
2025-09-01T11:00:00Z,3475.34500,3478.91500,3473.24800,3473.90500,0
2025-09-01T12:00:00Z,3473.90500,3477.58500,3472.14500,3477.18500,0
2025-09-01T13:00:00Z,3477.16500,3478.78500,3476.00500,3477.76500,0
2025-09-01T14:00:00Z,3477.74500,3477.81500,3475.99500,3476.22500,0
2025-09-01T18:00:00Z,3476.50500,3479.15500,3474.16500,3474.66800,0
2025-09-01T19:00:00Z,3474.68800,3480.99800,3473.87800,3478.96500,0
2025-09-01T20:00:00Z,3478.91500,3484.79800,3477.83500,3478.91500,0
2025-09-01T21:00:00Z,3478.84500,3508.22800,3476.62500,3497.19500,0
2025-09-01T22:00:00Z,3497.26500,3500.52500,3490.92800,3496.08500,0
2025-09-01T23:00:00Z,3495.72500,3495.87500,3489.66500,3494.87500,0
2025-09-02T00:00:00Z,3494.83500,3498.11500,3493.02500,3496.47500,0
2025-09-02T01:00:00Z,3496.51500,3497.63500,3491.55500,3492.73500,0
2025-09-02T02:00:00Z,3492.73500,3495.59500,3483.03500,3485.42500,0
2025-09-02T03:00:00Z,3485.39800,3488.08500,3471.91500,3476.60500,0
2025-09-02T04:00:00Z,3476.61500,3481.17500,3469.80500,3477.51500,0
2025-09-02T05:00:00Z,3477.51500,3480.15500,3475.71500,3476.44500,0
2025-09-02T06:00:00Z,3476.42500,3485.56500,3475.52500,3485.50500,0
2025-09-02T07:00:00Z,3485.50500,3489.84500,3478.15500,3489.59500,0
2025-09-02T08:00:00Z,3489.57500,3493.98500,3474.13500,3481.72900,0
2025-09-02T09:00:00Z,3481.75500,3493.31900,3477.96500,3487.82800,0
2025-09-02T10:00:00Z,3487.82800,3513.60800,3485.54800,3510.79500,0
2025-09-02T11:00:00Z,3510.81500,3520.21500,3509.15500,3520.21500,0
2025-09-02T12:00:00Z,3520.20500,3528.56500,3517.84500,3527.45500,0
2025-09-02T13:00:00Z,3527.48500,3529.92500,3521.74500,3528.93800,0
2025-09-02T14:00:00Z,3528.93800,3531.95500,3524.97500,3528.18800,0
2025-09-02T15:00:00Z,3528.18800,3539.84900,3528.00800,3536.69800,0
2025-09-02T16:00:00Z,3536.69800,3537.54800,3532.40500,3532.40500,0
2025-09-02T18:00:00Z,3532.69800,3534.75500,3528.47800,3528.74800,0
2025-09-02T19:00:00Z,3528.74800,3532.90500,3525.84800,3529.69800,0
2025-09-02T20:00:00Z,3529.69800,3546.39800,3527.74800,3535.87500,0
2025-09-02T21:00:00Z,3535.77500,3541.49800,3531.55500,3538.63500,0
2025-09-02T22:00:00Z,3538.59500,3545.72500,3530.77800,3531.38500,0
2025-09-02T23:00:00Z,3531.34500,3533.26500,3529.17500,3530.63500,0
2025-09-03T00:00:00Z,3530.66500,3538.06500,3530.45500,3536.68500,0
2025-09-03T01:00:00Z,3536.67500,3537.80500,3526.50800,3529.72500,0
2025-09-03T02:00:00Z,3529.74500,3537.31500,3529.67500,3535.13500,0
2025-09-03T03:00:00Z,3535.10500,3536.72500,3529.01500,3533.72500,0
2025-09-03T04:00:00Z,3533.67500,3541.18800,3533.59500,3539.87500,0
2025-09-03T05:00:00Z,3539.89500,3541.78500,3533.64500,3534.06500,0
2025-09-03T06:00:00Z,3534.06500,3541.47500,3532.06500,3539.89500,0
2025-09-03T07:00:00Z,3539.90500,3549.38500,3539.73500,3547.42500,0
2025-09-03T08:00:00Z,3547.40500,3551.33500,3541.10500,3550.37500,0
2025-09-03T09:00:00Z,3550.40500,3561.09900,3548.95500,3553.00500,0
2025-09-03T10:00:00Z,3553.01500,3565.33500,3551.25500,3558.29800,0
2025-09-03T11:00:00Z,3558.21500,3567.18500,3557.24800,3563.73500,0
2025-09-03T12:00:00Z,3563.69800,3572.37500,3561.99500,3572.21500,0
2025-09-03T13:00:00Z,3572.23500,3575.74800,3569.84800,3574.25500,0
2025-09-03T14:00:00Z,3574.39500,3578.17500,3564.97800,3570.11500,0
2025-09-03T15:00:00Z,3570.11500,3571.43500,3561.03500,3563.41500,0
2025-09-03T16:00:00Z,3563.41500,3565.95500,3558.47500,3558.47500,0
2025-09-03T18:00:00Z,3560.44800,3563.99800,3558.81500,3561.34800,0
2025-09-03T19:00:00Z,3561.22900,3561.42500,3554.20500,3560.17500,0
2025-09-03T20:00:00Z,3560.21500,3562.39800,3551.55500,3561.29500,0
2025-09-03T21:00:00Z,3561.37500,3563.14800,3543.09800,3545.91800,0
2025-09-03T22:00:00Z,3545.91800,3550.36500,3525.98500,3530.45500,0
2025-09-03T23:00:00Z,3530.20500,3531.27500,3510.42500,3528.85500,0
2025-09-04T00:00:00Z,3528.83500,3534.13500,3528.63500,3532.88500,0
2025-09-04T01:00:00Z,3532.90500,3533.91500,3525.17500,3526.94800,0
2025-09-04T02:00:00Z,3526.96500,3541.47500,3524.14500,3535.83500,0
2025-09-04T03:00:00Z,3535.97500,3541.06500,3532.50500,3540.91500,0
2025-09-04T04:00:00Z,3540.86500,3545.41500,3537.14500,3541.10500,0
2025-09-04T05:00:00Z,3541.12500,3544.79500,3536.58500,3538.55500,0
2025-09-04T06:00:00Z,3538.57500,3546.82500,3538.19500,3540.71500,0
2025-09-04T07:00:00Z,3540.68500,3549.65500,3536.19800,3545.37500,0
2025-09-04T08:00:00Z,3545.19500,3551.64800,3540.96800,3548.12500,0
2025-09-04T09:00:00Z,3548.10500,3558.46500,3539.58800,3546.07800,0
2025-09-04T10:00:00Z,3545.85800,3546.10500,3534.54800,3545.67500,0
2025-09-04T11:00:00Z,3545.86500,3553.14800,3542.18500,3552.69800,0
2025-09-04T12:00:00Z,3552.69800,3555.86500,3549.04500,3552.36500,0
2025-09-04T13:00:00Z,3552.36500,3555.27500,3542.35500,3542.72500,0
2025-09-04T14:00:00Z,3542.74500,3548.11500,3542.57500,3546.15500,0
2025-09-04T15:00:00Z,3546.13500,3550.87900,3545.44500,3549.50500,0
2025-09-04T16:00:00Z,3549.55500,3550.24800,3544.09500,3544.64500,0
2025-09-04T18:00:00Z,3545.93500,3546.29800,3539.71500,3540.71800,0
2025-09-04T19:00:00Z,3540.45500,3554.20500,3540.39500,3552.41500,0
2025-09-04T20:00:00Z,3552.39500,3556.35500,3548.79500,3551.99500,0
2025-09-04T21:00:00Z,3551.95500,3556.30500,3549.51500,3552.12500,0
2025-09-04T22:00:00Z,3551.99800,3555.14500,3545.51500,3550.64500,0
2025-09-04T23:00:00Z,3550.64500,3558.85500,3548.43500,3558.13500,0
2025-09-05T00:00:00Z,3558.18500,3558.96500,3555.99500,3558.31500,0
2025-09-05T01:00:00Z,3558.35500,3560.96500,3555.36500,3557.53900,0
2025-09-05T02:00:00Z,3557.53900,3557.86500,3547.84500,3552.48500,0
2025-09-05T03:00:00Z,3552.51500,3554.11800,3546.44500,3548.02500,0
2025-09-05T04:00:00Z,3547.89500,3549.70500,3544.60500,3545.74500,0
2025-09-05T05:00:00Z,3545.78500,3553.56500,3545.69500,3552.20500,0
2025-09-05T06:00:00Z,3552.22500,3552.76500,3549.25500,3551.67500,0
2025-09-05T07:00:00Z,3551.70500,3554.98500,3547.73500,3553.07500,0
2025-09-05T08:00:00Z,3553.17500,3586.57500,3548.62500,3580.16500,0
2025-09-05T09:00:00Z,3580.19500,3595.10500,3572.99500,3594.15500,0
2025-09-05T10:00:00Z,3594.20500,3597.55800,3572.39500,3590.00500,0
2025-09-05T11:00:00Z,3589.98500,3595.20500,3581.36500,3591.82500,0
2025-09-05T12:00:00Z,3591.78500,3599.90500,3590.92500,3594.96500,0
2025-09-05T13:00:00Z,3594.99500,3597.27500,3590.18500,3596.29500,0
2025-09-05T14:00:00Z,3596.37500,3597.11500,3592.28500,3595.12800,0
2025-09-05T15:00:00Z,3595.12800,3595.93900,3592.35500,3594.49800,0
2025-09-05T16:00:00Z,3594.49800,3594.95500,3585.19500,3585.19500,0
2025-09-07T18:00:00Z,3582.10400,3596.34900,3577.69800,3591.79500,0
2025-09-07T19:00:00Z,3591.89500,3593.77500,3587.37500,3590.79800,0
2025-09-07T20:00:00Z,3590.79800,3594.20500,3586.57500,3594.14500,0
2025-09-07T21:00:00Z,3594.17500,3596.81500,3584.47500,3589.31500,0
2025-09-07T22:00:00Z,3589.45500,3594.15500,3586.17500,3590.52500,0
2025-09-07T23:00:00Z,3590.50500,3592.04500,3582.66500,3583.13500,0
2025-09-08T00:00:00Z,3583.15500,3584.61500,3579.36500,3581.43500,0
2025-09-08T01:00:00Z,3581.22500,3591.43500,3580.90500,3591.04500,0
2025-09-08T02:00:00Z,3591.01500,3598.63500,3589.30500,3597.89500,0
2025-09-08T03:00:00Z,3597.93500,3613.39500,3596.23500,3609.18500,0
2025-09-08T04:00:00Z,3609.15500,3616.84800,3607.01500,3610.98500,0
2025-09-08T05:00:00Z,3611.00500,3614.81500,3608.38500,3613.59500,0
2025-09-08T06:00:00Z,3613.63500,3622.24500,3613.22500,3616.82500,0
2025-09-08T07:00:00Z,3616.81500,3619.84500,3612.39800,3619.65500,0
2025-09-08T08:00:00Z,3619.63500,3625.81500,3614.38500,3623.98500,0
2025-09-08T09:00:00Z,3624.23500,3636.71500,3619.96800,3633.20500,0
2025-09-08T10:00:00Z,3633.18500,3640.68500,3628.63500,3640.49500,0
2025-09-08T11:00:00Z,3640.47500,3646.11500,3632.98500,3639.15500,0
2025-09-08T12:00:00Z,3639.15500,3641.40800,3635.62500,3640.39500,0
2025-09-08T13:00:00Z,3640.42500,3640.93500,3632.37500,3633.27500,0
2025-09-08T14:00:00Z,3633.30500,3636.47500,3631.76500,3635.90500,0
2025-09-08T15:00:00Z,3635.93500,3637.49900,3632.38500,3636.38500,0
2025-09-08T16:00:00Z,3636.38500,3637.84800,3633.89500,3633.89500,0
2025-09-08T18:00:00Z,3635.61500,3636.49800,3628.49800,3628.94800,0
2025-09-08T19:00:00Z,3629.17500,3636.00500,3628.03500,3634.73500,0
2025-09-08T20:00:00Z,3634.69500,3640.62500,3633.30500,3638.29500,0
2025-09-08T21:00:00Z,3638.28900,3647.26500,3635.79500,3646.17500,0
2025-09-08T22:00:00Z,3646.13500,3654.44800,3644.56500,3647.24800,0
2025-09-08T23:00:00Z,3647.24800,3651.56500,3642.34500,3645.68500,0
2025-09-09T00:00:00Z,3645.73500,3656.92500,3645.49500,3654.83500,0
2025-09-09T01:00:00Z,3654.82900,3659.12500,3652.49500,3654.91500,0
2025-09-09T02:00:00Z,3654.90900,3655.98500,3636.37500,3647.40500,0
2025-09-09T03:00:00Z,3647.43500,3650.67800,3641.36500,3644.13800,0
2025-09-09T04:00:00Z,3644.13800,3650.87500,3641.64500,3647.93500,0
2025-09-09T05:00:00Z,3647.95500,3656.49500,3647.42500,3653.42500,0
2025-09-09T06:00:00Z,3653.55500,3655.84500,3648.58500,3651.69500,0
2025-09-09T07:00:00Z,3651.72500,3653.99500,3646.62500,3647.79500,0
2025-09-09T08:00:00Z,3647.84500,3655.22500,3643.51500,3647.25500,0
2025-09-09T09:00:00Z,3647.28500,3668.01500,3646.03500,3665.41800,0
2025-09-09T10:00:00Z,3665.41800,3673.64500,3635.67800,3644.73500,0
2025-09-09T11:00:00Z,3644.75500,3646.22500,3626.66500,3645.36500,0
2025-09-09T12:00:00Z,3645.35500,3649.19800,3643.89500,3644.78800,0
2025-09-09T13:00:00Z,3644.78800,3646.21500,3641.16500,3642.61500,0
2025-09-09T14:00:00Z,3642.63500,3644.84500,3639.46800,3640.14500,0
2025-09-09T15:00:00Z,3640.16500,3640.94800,3628.33500,3629.18500,0
2025-09-09T16:00:00Z,3629.15500,3632.62500,3623.99500,3623.99500,0
2025-09-09T18:00:00Z,3619.63500,3635.57500,3618.50500,3635.19800,0
2025-09-09T19:00:00Z,3635.19800,3640.49800,3633.01500,3633.35500,0
2025-09-09T20:00:00Z,3633.38500,3634.18500,3621.22500,3623.82500,0
2025-09-09T21:00:00Z,3623.87500,3632.42500,3619.96500,3630.41500,0
2025-09-09T22:00:00Z,3630.56900,3638.04800,3629.74500,3635.98500,0
2025-09-09T23:00:00Z,3635.94800,3636.76500,3632.84500,3636.36500,0
2025-09-10T00:00:00Z,3636.37500,3643.22500,3636.37500,3642.77500,0
2025-09-10T01:00:00Z,3642.77500,3645.05500,3639.76500,3642.83500,0
2025-09-10T02:00:00Z,3642.83500,3647.41500,3640.40500,3643.52500,0
2025-09-10T03:00:00Z,3643.56500,3648.28500,3640.83500,3643.81500,0
2025-09-10T04:00:00Z,3643.85500,3647.51500,3641.73500,3645.69500,0
2025-09-10T05:00:00Z,3645.69500,3655.89500,3644.60500,3655.02500,0
2025-09-10T06:00:00Z,3655.02500,3657.23800,3651.31500,3655.05500,0
2025-09-10T07:00:00Z,3655.07500,3656.17500,3648.19800,3648.85800,0
2025-09-10T08:00:00Z,3648.85800,3656.56500,3640.00800,3643.81500,0
2025-09-10T09:00:00Z,3643.83500,3653.77500,3641.53500,3651.11500,0
2025-09-10T10:00:00Z,3651.08500,3655.15500,3643.68500,3647.41500,0
2025-09-10T11:00:00Z,3647.46500,3648.41500,3638.31800,3644.39500,0
2025-09-10T12:00:00Z,3644.36500,3646.75500,3639.74500,3642.56500,0
2025-09-10T13:00:00Z,3642.61500,3647.41500,3641.47500,3647.18500,0
2025-09-10T14:00:00Z,3647.15500,3649.59800,3644.41500,3645.20500,0
2025-09-10T15:00:00Z,3645.36500,3646.19500,3635.06500,3641.78500,0
2025-09-10T16:00:00Z,3641.77500,3642.74500,3637.88500,3639.80500,0
2025-09-10T18:00:00Z,3641.09800,3644.28500,3637.64500,3639.44800,0
2025-09-10T19:00:00Z,3639.75900,3645.34500,3638.17500,3644.68500,0
2025-09-10T20:00:00Z,3644.70500,3646.96500,3642.25500,3643.65500,0
2025-09-10T21:00:00Z,3643.72500,3648.89500,3639.61500,3640.86500,0
2025-09-10T22:00:00Z,3640.84500,3643.30500,3633.99500,3637.08500,0
2025-09-10T23:00:00Z,3637.16500,3637.16500,3629.71500,3631.79500,0
2025-09-11T00:00:00Z,3631.92500,3634.20500,3630.00500,3630.42500,0
2025-09-11T01:00:00Z,3630.39500,3633.30500,3623.22500,3624.83500,0
2025-09-11T02:00:00Z,3624.88500,3637.70500,3622.39500,3632.94800,0
2025-09-11T03:00:00Z,3632.98500,3633.04800,3623.55500,3629.70500,0
2025-09-11T04:00:00Z,3629.68500,3631.58500,3625.21500,3625.97500,0
2025-09-11T05:00:00Z,3625.88500,3625.88500,3613.94500,3621.70500,0
2025-09-11T06:00:00Z,3621.73500,3624.75500,3619.43500,3621.70500,0
2025-09-11T07:00:00Z,3621.66500,3622.03500,3615.26500,3616.56500,0
2025-09-11T08:00:00Z,3616.59500,3643.84800,3611.46500,3628.74800,0
2025-09-11T09:00:00Z,3628.82500,3636.91500,3618.10500,3630.05500,0
2025-09-11T10:00:00Z,3630.07500,3637.67500,3625.69500,3629.30500,0
2025-09-11T11:00:00Z,3629.32500,3638.85500,3629.32500,3632.93500,0
2025-09-11T12:00:00Z,3632.93500,3641.77500,3632.87500,3635.89500,0
2025-09-11T13:00:00Z,3635.94500,3636.49500,3631.49800,3634.71500,0
2025-09-11T14:00:00Z,3634.67500,3636.83500,3630.22500,3632.24500,0
2025-09-11T15:00:00Z,3632.22500,3637.30500,3632.06500,3636.68500,0
2025-09-11T16:00:00Z,3636.60500,3637.44800,3632.48500,3632.48500,0
2025-09-11T18:00:00Z,3632.95500,3638.07500,3632.95500,3634.49500,0
2025-09-11T19:00:00Z,3634.50500,3635.65500,3631.26500,3631.59500,0
2025-09-11T20:00:00Z,3631.57500,3637.86500,3630.29500,3636.34800,0
2025-09-11T21:00:00Z,3636.34800,3647.34500,3636.29800,3646.17500,0
2025-09-11T22:00:00Z,3646.17500,3650.85500,3644.65500,3648.84500,0
2025-09-11T23:00:00Z,3648.84500,3653.06500,3646.40500,3652.73500,0
2025-09-12T00:00:00Z,3652.70500,3655.96500,3651.38500,3654.72500,0
2025-09-12T01:00:00Z,3654.74500,3656.43500,3651.82500,3652.91500,0
2025-09-12T02:00:00Z,3652.93500,3653.84500,3648.16500,3650.43500,0
2025-09-12T03:00:00Z,3650.38500,3653.66500,3647.64500,3648.14500,0
2025-09-12T04:00:00Z,3648.12500,3651.14800,3639.49500,3640.66500,0
2025-09-12T05:00:00Z,3640.64500,3646.87500,3637.37500,3646.18500,0
2025-09-12T06:00:00Z,3646.25500,3651.97500,3646.03500,3650.96500,0
2025-09-12T07:00:00Z,3650.98500,3651.89500,3646.70500,3646.85500,0
2025-09-12T08:00:00Z,3646.87500,3648.75500,3637.84800,3645.22500,0
2025-09-12T09:00:00Z,3645.40500,3652.44800,3643.08500,3649.96500,0
2025-09-12T10:00:00Z,3650.08500,3654.18500,3647.12500,3647.89800,0
2025-09-12T11:00:00Z,3647.89800,3648.04500,3641.52500,3644.28500,0
2025-09-12T12:00:00Z,3644.27500,3649.50500,3642.39500,3648.98500,0
2025-09-12T13:00:00Z,3649.03500,3650.55500,3647.39500,3648.52500,0
2025-09-12T14:00:00Z,3648.55500,3649.29500,3646.84500,3648.34500,0
2025-09-12T15:00:00Z,3648.35500,3648.38500,3643.39800,3644.05500,0
2025-09-12T16:00:00Z,3643.99500,3645.14500,3640.77500,3642.63500,0
2025-09-14T18:00:00Z,3643.60500,3646.04800,3639.60500,3641.64800,0
2025-09-14T19:00:00Z,3641.61500,3641.74800,3636.66500,3637.96500,0
2025-09-14T20:00:00Z,3637.95500,3642.45500,3631.72500,3633.15500,0
2025-09-14T21:00:00Z,3633.14800,3634.64500,3626.14800,3634.27500,0
2025-09-14T22:00:00Z,3634.38500,3645.32500,3634.14500,3640.84500,0
2025-09-14T23:00:00Z,3640.84500,3646.20500,3640.02500,3645.88500,0
2025-09-15T00:00:00Z,3645.91500,3646.71500,3643.51500,3645.44500,0
2025-09-15T01:00:00Z,3645.49500,3646.08500,3641.97500,3643.35500,0
2025-09-15T02:00:00Z,3643.34500,3643.66500,3636.34800,3636.34800,0
2025-09-15T03:00:00Z,3636.34800,3644.85500,3633.46900,3643.69500,0
2025-09-15T04:00:00Z,3643.60500,3645.61500,3640.65500,3645.31500,0
2025-09-15T05:00:00Z,3645.31500,3645.84500,3635.54800,3641.07500,0
2025-09-15T06:00:00Z,3641.09500,3646.26500,3638.84500,3639.65500,0
2025-09-15T07:00:00Z,3639.67500,3646.61500,3638.74800,3642.39500,0
2025-09-15T08:00:00Z,3642.41500,3650.79800,3636.59800,3650.19500,0
2025-09-15T09:00:00Z,3650.21500,3664.12500,3646.58500,3656.97500,0
2025-09-15T10:00:00Z,3656.94500,3663.60500,3653.67500,3663.32500,0
2025-09-15T11:00:00Z,3663.42500,3681.63500,3662.78500,3680.19500,0
2025-09-15T12:00:00Z,3680.22500,3685.34500,3674.43500,3679.02500,0
2025-09-15T13:00:00Z,3679.04500,3682.47500,3678.35500,3681.57500,0
2025-09-15T14:00:00Z,3681.55500,3681.89500,3675.67500,3676.72500,0
2025-09-15T15:00:00Z,3676.75500,3682.50500,3676.51500,3680.73500,0
2025-09-15T16:00:00Z,3680.73500,3681.89800,3677.21500,3677.21500,0
2025-09-15T18:00:00Z,3679.69800,3680.84800,3676.17500,3678.34800,0
2025-09-15T19:00:00Z,3678.11500,3680.26500,3675.83500,3676.59800,0
2025-09-15T20:00:00Z,3676.59800,3686.64500,3676.14800,3686.21500,0
2025-09-15T21:00:00Z,3686.24500,3689.16900,3676.77500,3679.16500,0
2025-09-15T22:00:00Z,3679.13500,3682.57500,3674.45500,3677.52500,0
2025-09-15T23:00:00Z,3677.30500,3682.88500,3676.80500,3680.82500,0
2025-09-16T00:00:00Z,3680.95500,3685.26500,3679.99500,3684.10500,0
2025-09-16T01:00:00Z,3684.04500,3684.32900,3680.03500,3682.50500,0
2025-09-16T02:00:00Z,3682.52500,3694.01500,3681.39800,3693.23500,0
2025-09-16T03:00:00Z,3693.25500,3693.95500,3686.12500,3686.22500,0
2025-09-16T04:00:00Z,3686.22500,3697.03500,3685.93500,3694.11500,0
2025-09-16T05:00:00Z,3694.13500,3698.76500,3692.81500,3698.10500,0
2025-09-16T06:00:00Z,3698.07500,3698.58500,3692.48800,3692.93800,0
2025-09-16T07:00:00Z,3692.93800,3699.36500,3690.28500,3697.01500,0
2025-09-16T08:00:00Z,3697.08500,3697.26500,3686.18800,3689.05500,0
2025-09-16T09:00:00Z,3688.82500,3698.31500,3684.96500,3695.48500,0
2025-09-16T10:00:00Z,3695.45500,3702.82800,3685.47500,3686.01500,0
2025-09-16T11:00:00Z,3686.07500,3688.69800,3678.62500,3686.08500,0
2025-09-16T12:00:00Z,3686.06500,3691.04500,3684.48500,3689.63500,0
2025-09-16T13:00:00Z,3689.58500,3690.79500,3685.99500,3687.47500,0
2025-09-16T14:00:00Z,3687.50500,3690.70500,3686.28500,3690.43500,0
2025-09-16T15:00:00Z,3690.40500,3690.94500,3687.58500,3689.42500,0
2025-09-16T16:00:00Z,3689.38500,3693.62500,3689.19500,3689.36500,0
2025-09-16T18:00:00Z,3689.09800,3692.57800,3688.75500,3691.39800,0
2025-09-16T19:00:00Z,3691.43800,3695.05500,3691.17800,3694.08500,0
2025-09-16T20:00:00Z,3694.06500,3695.18500,3690.86500,3690.96500,0
2025-09-16T21:00:00Z,3690.94500,3691.73500,3676.00000,3679.11800,0
2025-09-16T22:00:00Z,3679.26500,3683.68500,3674.20800,3681.96500,0
2025-09-16T23:00:00Z,3681.97500,3683.26500,3679.62500,3681.51500,0
2025-09-17T00:00:00Z,3681.53500,3682.33500,3680.24500,3680.52500,0
2025-09-17T01:00:00Z,3680.54500,3685.70500,3675.58500,3678.97500,0
2025-09-17T02:00:00Z,3678.96500,3679.83500,3670.26500,3674.89500,0
2025-09-17T03:00:00Z,3674.85500,3677.17500,3666.43500,3666.78500,0
2025-09-17T04:00:00Z,3666.75800,3667.76500,3662.24500,3664.70500,0
2025-09-17T05:00:00Z,3664.68500,3670.84500,3663.73500,3667.66500,0
2025-09-17T06:00:00Z,3667.66500,3669.59500,3660.04500,3661.27500,0
2025-09-17T07:00:00Z,3661.24500,3669.70500,3659.81500,3665.78500,0
2025-09-17T08:00:00Z,3665.83500,3679.21500,3665.44500,3678.55500,0
2025-09-17T09:00:00Z,3678.59500,3682.31500,3672.45500,3678.57500,0
2025-09-17T10:00:00Z,3678.61500,3685.88500,3676.58500,3684.12500,0
2025-09-17T11:00:00Z,3684.09500,3687.00500,3682.66500,3684.01500,0
2025-09-17T12:00:00Z,3684.03500,3688.34800,3683.77500,3684.51500,0
2025-09-17T13:00:00Z,3684.54500,3687.42500,3678.50500,3685.95800,0
2025-09-17T14:00:00Z,3685.95800,3707.30800,3645.76500,3649.92500,0
2025-09-17T15:00:00Z,3649.94500,3666.70800,3645.89800,3661.49800,0
2025-09-17T16:00:00Z,3661.46500,3661.50500,3655.95500,3659.00500,0
2025-09-17T18:00:00Z,3659.28500,3665.13500,3652.40500,3662.64800,0
2025-09-17T19:00:00Z,3662.64800,3671.73500,3661.75500,3668.74800,0
2025-09-17T20:00:00Z,3668.83500,3669.63500,3657.75500,3664.98500,0
2025-09-17T21:00:00Z,3665.07500,3668.64800,3651.56500,3656.87500,0
2025-09-17T22:00:00Z,3656.92500,3665.57600,3655.14500,3664.57500,0
2025-09-17T23:00:00Z,3664.60500,3665.82500,3657.63500,3658.37500,0
2025-09-18T00:00:00Z,3658.45500,3659.09500,3653.11800,3653.31500,0
2025-09-18T01:00:00Z,3653.32500,3658.94500,3649.08800,3651.26500,0
2025-09-18T02:00:00Z,3651.19800,3651.64500,3633.48500,3637.32500,0
2025-09-18T03:00:00Z,3637.35500,3659.69500,3635.32500,3658.78500,0
2025-09-18T04:00:00Z,3658.83500,3665.63500,3653.51500,3665.37500,0
2025-09-18T05:00:00Z,3665.34500,3672.78500,3664.41500,3671.46500,0
2025-09-18T06:00:00Z,3671.44500,3672.41500,3665.26500,3666.92500,0
2025-09-18T07:00:00Z,3667.10500,3670.77500,3664.19800,3666.94500,0
2025-09-18T08:00:00Z,3666.96500,3672.24800,3662.71500,3663.14800,0
2025-09-18T09:00:00Z,3663.14800,3664.08500,3627.46500,3641.85500,0
2025-09-18T10:00:00Z,3641.92500,3646.22500,3634.12500,3638.09800,0
2025-09-18T11:00:00Z,3638.20500,3642.14800,3636.52500,3641.08500,0
2025-09-18T12:00:00Z,3641.09500,3647.04500,3640.65500,3646.16500,0
2025-09-18T13:00:00Z,3646.13500,3646.63500,3643.09500,3643.33500,0
2025-09-18T14:00:00Z,3643.29500,3643.34500,3640.23500,3641.09800,0
2025-09-18T15:00:00Z,3641.09800,3646.89500,3640.36500,3646.36500,0
2025-09-18T16:00:00Z,3646.44800,3646.90500,3643.41500,3643.41500,0
2025-09-18T18:00:00Z,3643.67500,3644.01500,3639.06800,3639.89800,0
2025-09-18T19:00:00Z,3639.73500,3641.43500,3637.60500,3639.89500,0
2025-09-18T20:00:00Z,3639.98500,3642.51500,3635.79800,3639.80500,0
2025-09-18T21:00:00Z,3639.77500,3651.00500,3631.93800,3639.65500,0
2025-09-18T22:00:00Z,3639.69500,3650.07500,3638.61500,3647.20500,0
2025-09-18T23:00:00Z,3647.18500,3656.08500,3645.03500,3653.50500,0
2025-09-19T00:00:00Z,3653.52500,3659.85500,3653.50500,3658.61500,0
2025-09-19T01:00:00Z,3658.61500,3661.02500,3651.06500,3652.21500,0
2025-09-19T02:00:00Z,3652.26500,3653.95500,3643.02500,3646.72500,0
2025-09-19T03:00:00Z,3646.77500,3657.20500,3644.31500,3653.75500,0
2025-09-19T04:00:00Z,3653.73500,3656.39500,3649.41500,3655.50500,0
2025-09-19T05:00:00Z,3655.53500,3658.61500,3655.07500,3658.44500,0
2025-09-19T06:00:00Z,3658.38500,3658.99500,3654.93500,3655.73500,0
2025-09-19T07:00:00Z,3655.64800,3655.74500,3645.49500,3648.27500,0
2025-09-19T08:00:00Z,3648.29500,3651.68500,3644.17500,3649.12500,0
2025-09-19T09:00:00Z,3649.08500,3664.16500,3643.49500,3662.99500,0
2025-09-19T10:00:00Z,3663.04500,3669.03500,3656.15500,3666.80500,0
2025-09-19T11:00:00Z,3666.87500,3675.69500,3665.05800,3670.62500,0
2025-09-19T12:00:00Z,3670.65500,3673.06500,3666.35500,3668.09500,0
2025-09-19T13:00:00Z,3668.06500,3679.26500,3667.89500,3678.40500,0
2025-09-19T14:00:00Z,3678.43500,3683.94500,3677.76800,3683.40500,0
2025-09-19T15:00:00Z,3683.41500,3685.08900,3681.21900,3684.23900,0
2025-09-19T16:00:00Z,3684.27900,3684.74800,3680.76500,3684.48900,0
2025-09-21T18:00:00Z,3686.69800,3691.89500,3683.36500,3687.94800,0
2025-09-21T19:00:00Z,3687.67500,3690.24500,3685.44800,3686.06500,0
2025-09-21T20:00:00Z,3686.08500,3690.84500,3685.37500,3690.64500,0
2025-09-21T21:00:00Z,3690.68500,3696.52500,3686.47500,3689.17500,0
2025-09-21T22:00:00Z,3689.14500,3693.14500,3685.23500,3686.20500,0
2025-09-21T23:00:00Z,3686.17500,3697.30500,3685.77500,3695.26500,0
2025-09-22T00:00:00Z,3695.26500,3695.72500,3689.79500,3691.97500,0
2025-09-22T01:00:00Z,3691.97500,3700.04500,3691.72500,3696.82500,0
2025-09-22T02:00:00Z,3696.85500,3719.64500,3695.32500,3714.14500,0
2025-09-22T03:00:00Z,3714.12500,3716.17500,3708.38500,3713.04500,0
2025-09-22T04:00:00Z,3713.00500,3722.21500,3712.22500,3720.02800,0
2025-09-22T05:00:00Z,3720.02800,3726.43500,3719.08500,3722.98500,0
2025-09-22T06:00:00Z,3723.02500,3728.14500,3720.78500,3727.24800,0
2025-09-22T07:00:00Z,3727.26500,3728.12500,3720.92500,3724.47500,0
2025-09-22T08:00:00Z,3724.52500,3725.19800,3711.89800,3721.37500,0
2025-09-22T09:00:00Z,3721.41500,3725.32500,3713.22500,3722.10500,0
2025-09-22T10:00:00Z,3722.12500,3726.08500,3716.52500,3725.66500,0
2025-09-22T11:00:00Z,3725.77500,3736.21500,3723.44500,3736.03500,0
2025-09-22T12:00:00Z,3736.00500,3739.36500,3734.95500,3736.83500,0
2025-09-22T13:00:00Z,3736.94800,3747.03500,3736.93500,3746.36500,0
2025-09-22T14:00:00Z,3746.38500,3747.84800,3744.39500,3747.39800,0
2025-09-22T15:00:00Z,3747.39800,3748.53500,3742.22500,3747.50500,0
2025-09-22T16:00:00Z,3747.41800,3748.35500,3745.20800,3745.84500,0
2025-09-22T18:00:00Z,3745.69800,3747.42500,3737.72800,3739.59800,0
2025-09-22T19:00:00Z,3739.47500,3748.94800,3738.53500,3747.59800,0
2025-09-22T20:00:00Z,3747.59800,3750.43500,3744.78500,3746.98500,0
2025-09-22T21:00:00Z,3746.98500,3759.03500,3745.35800,3754.36500,0
2025-09-22T22:00:00Z,3754.33500,3755.18500,3736.45500,3741.59500,0
2025-09-22T23:00:00Z,3741.57500,3746.92500,3738.89500,3746.41500,0
2025-09-23T00:00:00Z,3746.39500,3747.31500,3743.02500,3744.60500,0
2025-09-23T01:00:00Z,3744.56500,3758.61500,3743.11500,3752.96500,0
2025-09-23T02:00:00Z,3752.95500,3757.20500,3751.05500,3753.66500,0
2025-09-23T03:00:00Z,3753.59800,3757.22500,3748.72500,3753.16500,0
2025-09-23T04:00:00Z,3753.12500,3774.99500,3752.90500,3774.14500,0
2025-09-23T05:00:00Z,3774.17500,3790.86500,3774.00500,3784.64500,0
2025-09-23T06:00:00Z,3784.67500,3787.64800,3780.58500,3782.77500,0
2025-09-23T07:00:00Z,3782.80500,3788.64500,3779.45500,3783.37500,0
2025-09-23T08:00:00Z,3783.39500,3785.17500,3777.23500,3784.06500,0
2025-09-23T09:00:00Z,3784.13500,3788.64800,3773.72500,3783.49800,0
2025-09-23T10:00:00Z,3783.49800,3784.64800,3767.18500,3773.88500,0
2025-09-23T11:00:00Z,3773.88500,3781.78500,3772.65500,3779.11500,0
2025-09-23T12:00:00Z,3779.33500,3781.79800,3764.80500,3779.03500,0
2025-09-23T13:00:00Z,3779.16500,3785.51500,3775.59500,3777.19500,0
2025-09-23T14:00:00Z,3777.22500,3781.16500,3756.06500,3756.59500,0
2025-09-23T15:00:00Z,3756.42500,3767.99500,3751.80500,3764.15500,0
2025-09-23T16:00:00Z,3764.16500,3767.20800,3762.34500,3762.98500,0
2025-09-23T18:00:00Z,3764.69800,3767.14800,3761.35900,3765.19800,0
2025-09-23T19:00:00Z,3765.03900,3769.84800,3761.68500,3763.53500,0
2025-09-23T20:00:00Z,3763.50500,3765.29500,3758.72500,3764.95500,0
2025-09-23T21:00:00Z,3764.97500,3771.54500,3754.82500,3756.24800,0
2025-09-23T22:00:00Z,3756.24800,3759.14800,3750.32900,3756.69800,0
2025-09-23T23:00:00Z,3756.69800,3766.36500,3751.99800,3765.16500,0
2025-09-24T00:00:00Z,3765.13500,3768.12500,3763.05500,3768.04500,0
2025-09-24T01:00:00Z,3768.03500,3776.79500,3767.73500,3774.64800,0
2025-09-24T02:00:00Z,3774.64800,3775.90500,3768.94500,3771.00500,0
2025-09-24T03:00:00Z,3770.98500,3778.99800,3770.49500,3777.21500,0
2025-09-24T04:00:00Z,3777.24500,3777.60500,3766.85500,3769.92500,0
2025-09-24T05:00:00Z,3769.90500,3771.56500,3762.92500,3768.29800,0
2025-09-24T06:00:00Z,3768.29800,3768.44800,3759.56500,3761.94500,0
2025-09-24T07:00:00Z,3761.97500,3769.35500,3759.47500,3768.87500,0
2025-09-24T08:00:00Z,3768.85500,3771.34500,3763.79500,3767.87500,0
2025-09-24T09:00:00Z,3767.85500,3772.74800,3758.82500,3760.58500,0
2025-09-24T10:00:00Z,3760.77500,3765.02500,3749.46500,3752.57500,0
2025-09-24T11:00:00Z,3752.84500,3756.45500,3739.53500,3740.99500,0
2025-09-24T12:00:00Z,3740.96500,3745.10500,3732.11500,3735.63500,0
2025-09-24T13:00:00Z,3735.60500,3738.63500,3732.01500,3733.01500,0
2025-09-24T14:00:00Z,3733.01500,3733.78500,3722.58500,3724.09500,0
2025-09-24T15:00:00Z,3724.07500,3731.56900,3717.34800,3729.85800,0
2025-09-24T16:00:00Z,3729.85800,3737.26500,3729.76500,3735.80500,0
2025-09-24T18:00:00Z,3735.89500,3744.99800,3735.88500,3740.69500,0
2025-09-24T19:00:00Z,3740.69500,3745.12500,3738.75500,3742.81500,0
2025-09-24T20:00:00Z,3742.77500,3751.34800,3741.26500,3748.74800,0
2025-09-24T21:00:00Z,3748.74800,3750.34800,3732.70500,3735.88500,0
2025-09-24T22:00:00Z,3735.81500,3742.13500,3729.36500,3739.41500,0
2025-09-24T23:00:00Z,3739.37500,3739.49500,3734.12500,3736.42500,0
2025-09-25T00:00:00Z,3736.42500,3740.57500,3731.54800,3737.89500,0
2025-09-25T01:00:00Z,3737.96500,3741.13500,3733.91500,3738.34800,0
2025-09-25T02:00:00Z,3738.34800,3748.09500,3737.29500,3740.71500,0
2025-09-25T03:00:00Z,3740.75500,3754.77500,3739.84500,3752.09500,0
2025-09-25T04:00:00Z,3752.06500,3761.42500,3750.95500,3756.24500,0
2025-09-25T05:00:00Z,3756.29500,3760.93500,3750.20500,3756.82500,0
2025-09-25T06:00:00Z,3756.85500,3760.68500,3755.31500,3756.90500,0
2025-09-25T07:00:00Z,3756.90500,3757.34800,3740.94500,3752.85500,0
2025-09-25T08:00:00Z,3752.88500,3755.68500,3730.42500,3738.56500,0
2025-09-25T09:00:00Z,3738.58500,3745.38500,3721.91500,3733.23800,0
2025-09-25T10:00:00Z,3733.30500,3736.28500,3723.54800,3731.25800,0
2025-09-25T11:00:00Z,3731.33500,3738.52500,3727.88500,3735.77500,0
2025-09-25T12:00:00Z,3735.75500,3742.54500,3732.42800,3733.50500,0
2025-09-25T13:00:00Z,3733.47500,3744.05500,3732.17500,3741.56500,0
2025-09-25T14:00:00Z,3741.59500,3758.05500,3736.44500,3755.00500,0
2025-09-25T15:00:00Z,3755.00500,3756.54500,3744.53500,3746.40500,0
2025-09-25T16:00:00Z,3746.40500,3752.31500,3745.88500,3748.40500,0
2025-09-25T18:00:00Z,3749.49800,3751.33500,3746.11500,3748.39500,0
2025-09-25T19:00:00Z,3748.37500,3749.58500,3737.75500,3744.47500,0
2025-09-25T20:00:00Z,3744.44500,3749.44500,3739.91500,3749.38500,0
2025-09-25T21:00:00Z,3749.44500,3753.03500,3737.56500,3738.91500,0
2025-09-25T22:00:00Z,3738.95500,3742.61500,3737.39500,3738.19500,0
2025-09-25T23:00:00Z,3738.22500,3745.82500,3734.27500,3745.33500,0
2025-09-26T00:00:00Z,3745.37500,3747.54500,3744.41500,3747.50500,0
2025-09-26T01:00:00Z,3747.48500,3749.39500,3741.37800,3741.67500,0
2025-09-26T02:00:00Z,3741.68900,3753.84500,3741.10500,3743.34500,0
2025-09-26T03:00:00Z,3743.34500,3749.37500,3739.01500,3747.85500,0
2025-09-26T04:00:00Z,3747.88500,3754.97500,3746.95500,3752.75500,0
2025-09-26T05:00:00Z,3752.72500,3754.22500,3747.01800,3751.33500,0
2025-09-26T06:00:00Z,3751.30500,3754.85500,3742.75500,3744.34800,0
2025-09-26T07:00:00Z,3744.45900,3752.70500,3744.19500,3748.49500,0
2025-09-26T08:00:00Z,3748.51500,3757.20500,3746.13500,3751.78500,0
2025-09-26T09:00:00Z,3751.78500,3766.06500,3750.87500,3761.35800,0
2025-09-26T10:00:00Z,3761.35800,3783.59500,3761.00500,3778.66500,0
2025-09-26T11:00:00Z,3778.65500,3780.79500,3772.79500,3780.24500,0
2025-09-26T12:00:00Z,3780.23500,3781.03500,3771.19500,3774.01500,0
2025-09-26T13:00:00Z,3774.11500,3782.89500,3773.82500,3782.72500,0
2025-09-26T14:00:00Z,3782.75500,3783.04500,3774.48500,3778.34800,0
2025-09-26T15:00:00Z,3778.34800,3778.34800,3764.34500,3766.52500,0
2025-09-26T16:00:00Z,3766.47500,3769.41500,3758.94800,3759.00500,0
2025-09-28T18:00:00Z,3756.04500,3770.92500,3755.89800,3769.99800,0
2025-09-28T19:00:00Z,3769.89800,3772.28500,3766.16800,3766.64800,0
2025-09-28T20:00:00Z,3766.64800,3787.31500,3763.66500,3786.83500,0
2025-09-28T21:00:00Z,3786.89500,3788.44800,3767.62500,3778.46500,0
2025-09-28T22:00:00Z,3778.43500,3798.46500,3777.45500,3792.63500,0
2025-09-28T23:00:00Z,3792.65500,3799.24500,3791.94800,3794.15500,0
2025-09-29T00:00:00Z,3794.13500,3808.73500,3792.29500,3804.80500,0
2025-09-29T01:00:00Z,3804.78500,3814.30500,3800.80500,3813.34500,0
2025-09-29T02:00:00Z,3813.36500,3819.57500,3810.66500,3817.15500,0
2025-09-29T03:00:00Z,3817.18500,3819.34800,3804.68800,3805.99800,0
2025-09-29T04:00:00Z,3805.99800,3819.32500,3805.99800,3818.53500,0
2025-09-29T05:00:00Z,3818.54500,3819.56500,3806.68500,3807.27500,0
2025-09-29T06:00:00Z,3807.25500,3818.37500,3806.25500,3817.72500,0
2025-09-29T07:00:00Z,3817.72500,3831.20500,3816.31500,3828.73500,0
2025-09-29T08:00:00Z,3828.75500,3830.26500,3811.43500,3813.50500,0
2025-09-29T09:00:00Z,3813.53500,3827.91500,3809.08500,3820.96800,0
2025-09-29T10:00:00Z,3820.68500,3830.34500,3816.16900,3828.02500,0
2025-09-29T11:00:00Z,3828.06500,3833.04500,3820.52800,3830.21500,0
2025-09-29T12:00:00Z,3830.23500,3833.30500,3827.89800,3830.15500,0
2025-09-29T13:00:00Z,3830.17500,3832.69500,3823.87500,3828.63500,0
2025-09-29T14:00:00Z,3828.65500,3830.46500,3823.10500,3824.24500,0
2025-09-29T15:00:00Z,3824.25500,3829.64500,3822.37500,3828.61500,0
2025-09-29T16:00:00Z,3828.54500,3834.00500,3827.52500,3832.93500,0
2025-09-29T18:00:00Z,3833.02500,3833.32500,3825.41500,3830.34800,0
2025-09-29T19:00:00Z,3830.15900,3833.20500,3827.85500,3832.65500,0
2025-09-29T20:00:00Z,3832.68500,3840.47500,3830.79800,3838.79500,0
2025-09-29T21:00:00Z,3838.75500,3850.65500,3837.79500,3847.87500,0
2025-09-29T22:00:00Z,3847.87500,3851.75500,3842.34500,3847.79500,0
2025-09-29T23:00:00Z,3847.95500,3867.01500,3845.70500,3864.46500,0
2025-09-30T00:00:00Z,3864.55500,3866.84500,3861.79500,3866.80500,0
2025-09-30T01:00:00Z,3866.80500,3870.16500,3862.31500,3869.50500,0
2025-09-30T02:00:00Z,3869.52500,3871.50500,3854.53500,3855.39800,0
2025-09-30T03:00:00Z,3855.49800,3859.19800,3839.19500,3843.64500,0
2025-09-30T04:00:00Z,3843.67500,3847.03500,3807.30800,3816.06500,0
2025-09-30T05:00:00Z,3816.03500,3821.28500,3792.87500,3798.51500,0
2025-09-30T06:00:00Z,3798.51500,3814.42500,3797.94500,3811.95500,0
2025-09-30T07:00:00Z,3811.92500,3817.57500,3804.25500,3815.04500,0
2025-09-30T08:00:00Z,3815.04500,3821.50500,3808.74500,3819.04500,0
2025-09-30T09:00:00Z,3819.03500,3829.64500,3811.50500,3823.22800,0
2025-09-30T10:00:00Z,3822.56800,3854.43500,3819.95500,3853.76500,0
2025-09-30T11:00:00Z,3853.78500,3853.84800,3831.08500,3838.76500,0
2025-09-30T12:00:00Z,3838.61500,3847.73500,3837.64800,3845.72500,0
2025-09-30T13:00:00Z,3845.78500,3849.14500,3842.53500,3843.82500,0
2025-09-30T14:00:00Z,3843.86500,3848.74800,3839.49800,3847.66800,0
2025-09-30T15:00:00Z,3847.60900,3860.53500,3846.94500,3858.79800,0
2025-09-30T16:00:00Z,3858.89800,3859.87800,3850.36500,3857.36500,0
2025-09-30T18:00:00Z,3858.89800,3861.08500,3854.42500,3859.64800,0
2025-09-30T19:00:00Z,3859.77900,3862.86500,3859.74800,3862.76500,0
2025-09-30T20:00:00Z,3862.77500,3865.12500,3858.44500,3860.23500,0
2025-09-30T21:00:00Z,3860.24800,3868.79500,3858.98500,3868.77500,0
2025-09-30T22:00:00Z,3868.80500,3875.29500,3858.11500,3863.16500,0
2025-09-30T23:00:00Z,3863.03500,3866.26500,3855.38500,3861.87500,0
2025-10-01T00:00:00Z,3861.87500,3864.84500,3857.29500,3864.70500,0
2025-10-01T01:00:00Z,3864.74500,3869.67500,3861.95500,3863.29500,0
2025-10-01T02:00:00Z,3863.30500,3864.64800,3853.05500,3859.04500,0
2025-10-01T03:00:00Z,3859.28500,3879.51800,3858.80500,3878.99500,0
2025-10-01T04:00:00Z,3879.03500,3895.14500,3878.83500,3892.69800,0
2025-10-01T05:00:00Z,3892.66500,3894.90500,3883.41800,3888.69800,0
2025-10-01T06:00:00Z,3888.69800,3889.37500,3884.96500,3887.41500,0
2025-10-01T07:00:00Z,3887.40500,3888.30500,3877.79800,3883.41500,0
2025-10-01T08:00:00Z,3883.48500,3890.89800,3864.37500,3870.29500,0
2025-10-01T09:00:00Z,3870.30500,3876.84800,3863.47500,3872.24500,0
2025-10-01T10:00:00Z,3872.29500,3878.58500,3856.31500,3872.77500,0
2025-10-01T11:00:00Z,3872.71500,3876.44800,3857.84500,3868.31500,0
2025-10-01T12:00:00Z,3868.30500,3871.35500,3860.43800,3870.65500,0
2025-10-01T13:00:00Z,3870.65500,3871.67500,3860.41500,3860.59500,0
2025-10-01T14:00:00Z,3860.58500,3866.07500,3854.88500,3861.95500,0
2025-10-01T15:00:00Z,3862.00500,3870.75500,3861.24500,3867.49800,0
2025-10-01T16:00:00Z,3867.49800,3867.59500,3860.16500,3865.41500,0
2025-10-01T18:00:00Z,3865.74500,3870.20500,3858.34800,3861.77500,0
2025-10-01T19:00:00Z,3861.48500,3866.29500,3857.37500,3863.16500,0
2025-10-01T20:00:00Z,3863.19500,3863.39500,3855.73500,3855.82500,0
2025-10-01T21:00:00Z,3855.81900,3864.93500,3852.63500,3864.84500,0
2025-10-01T22:00:00Z,3864.86500,3869.84800,3861.31500,3865.80500,0
2025-10-01T23:00:00Z,3865.78500,3869.16500,3863.63500,3866.23500,0
2025-10-02T00:00:00Z,3866.25500,3867.29800,3861.57500,3863.99500,0
2025-10-02T01:00:00Z,3864.02500,3870.90500,3864.02500,3867.65500,0
2025-10-02T02:00:00Z,3867.70500,3873.96500,3861.66800,3863.85800,0
2025-10-02T03:00:00Z,3863.81500,3874.61500,3861.51800,3868.29800,0
2025-10-02T04:00:00Z,3868.29800,3878.51500,3864.49500,3874.36500,0
2025-10-02T05:00:00Z,3874.31500,3879.61500,3873.14500,3878.90500,0
2025-10-02T06:00:00Z,3878.93500,3883.62500,3875.52500,3881.50500,0
2025-10-02T07:00:00Z,3881.47500,3886.44800,3879.48800,3886.04800,0
2025-10-02T08:00:00Z,3886.04800,3891.88500,3879.87800,3884.24500,0
2025-10-02T09:00:00Z,3884.20500,3896.95800,3873.35500,3874.79500,0
2025-10-02T10:00:00Z,3874.79500,3876.50800,3825.13500,3839.70500,0
2025-10-02T11:00:00Z,3839.64500,3844.60500,3819.09500,3828.01500,0
2025-10-02T12:00:00Z,3827.97800,3845.01500,3826.98500,3844.63500,0
2025-10-02T13:00:00Z,3844.53500,3847.51500,3840.37500,3844.00500,0
2025-10-02T14:00:00Z,3844.02500,3851.24800,3843.22500,3850.54500,0
2025-10-02T15:00:00Z,3850.61500,3858.89500,3850.26500,3855.34500,0
2025-10-02T16:00:00Z,3855.35500,3859.09800,3853.32500,3855.54500,0
2025-10-02T18:00:00Z,3855.62500,3858.20500,3851.79500,3856.70500,0
2025-10-02T19:00:00Z,3856.72500,3863.45500,3856.49800,3862.14500,0
2025-10-02T20:00:00Z,3862.10500,3862.51500,3856.11500,3856.59800,0
2025-10-02T21:00:00Z,3856.61900,3862.43500,3847.17500,3858.19500,0
2025-10-02T22:00:00Z,3858.14800,3858.78500,3847.34500,3847.84800,0
2025-10-02T23:00:00Z,3847.74900,3850.78500,3837.78500,3842.57500,0
2025-10-03T00:00:00Z,3842.53500,3848.05500,3841.41500,3843.78500,0
2025-10-03T01:00:00Z,3843.84800,3858.96500,3843.72500,3854.88500,0
2025-10-03T02:00:00Z,3854.90500,3860.70500,3850.72500,3858.92500,0
2025-10-03T03:00:00Z,3858.95500,3865.09500,3856.67500,3864.10500,0
2025-10-03T04:00:00Z,3864.08500,3865.53500,3859.91800,3864.55800,0
2025-10-03T05:00:00Z,3864.51500,3864.63500,3856.81500,3864.10500,0
2025-10-03T06:00:00Z,3864.13500,3867.52500,3861.80500,3865.60500,0
2025-10-03T07:00:00Z,3865.60500,3866.97800,3854.54800,3861.88500,0
2025-10-03T08:00:00Z,3861.91500,3874.87500,3860.33500,3873.67800,0
2025-10-03T09:00:00Z,3873.67800,3890.45500,3869.97800,3881.93500,0
2025-10-03T10:00:00Z,3882.57500,3885.56500,3866.11500,3879.45500,0
2025-10-03T11:00:00Z,3879.50500,3891.47500,3873.60500,3889.27500,0
2025-10-03T12:00:00Z,3889.28500,3889.53500,3880.34800,3883.34800,0
2025-10-03T13:00:00Z,3883.40500,3885.78500,3877.05500,3881.61500,0
2025-10-03T14:00:00Z,3881.64500,3889.03500,3879.78500,3885.83500,0
2025-10-03T15:00:00Z,3885.83500,3889.01500,3883.26500,3885.55500,0
2025-10-03T16:00:00Z,3885.55500,3886.98500,3882.69800,3886.82500,0
2025-10-05T18:00:00Z,3887.95500,3903.14800,3883.24800,3899.22800,0
2025-10-05T19:00:00Z,3899.22800,3920.48500,3897.53500,3909.35500,0
2025-10-05T20:00:00Z,3909.42500,3909.79500,3898.65800,3900.14800,0
2025-10-05T21:00:00Z,3900.28500,3918.11500,3899.47500,3917.84500,0
2025-10-05T22:00:00Z,3917.87500,3924.54500,3917.44500,3920.76500,0
2025-10-05T23:00:00Z,3920.71500,3931.80500,3919.70500,3929.37500,0
2025-10-06T00:00:00Z,3929.37500,3940.22500,3928.61500,3938.50500,0
2025-10-06T01:00:00Z,3938.48500,3944.95500,3927.06500,3932.25500,0
2025-10-06T02:00:00Z,3932.20500,3934.65500,3922.23500,3934.17500,0
2025-10-06T03:00:00Z,3934.15500,3943.76500,3929.00500,3941.32500,0
2025-10-06T04:00:00Z,3941.40500,3949.30500,3935.10500,3942.21500,0
2025-10-06T05:00:00Z,3942.23500,3944.70500,3936.33500,3942.12500,0
2025-10-06T06:00:00Z,3942.15500,3946.43500,3932.50500,3941.94800,0
2025-10-06T07:00:00Z,3941.94800,3942.49800,3930.87500,3938.00500,0
2025-10-06T08:00:00Z,3937.98500,3941.14500,3926.44500,3933.99500,0
2025-10-06T09:00:00Z,3934.07500,3946.91500,3927.02500,3944.50500,0
2025-10-06T10:00:00Z,3944.50500,3958.65500,3940.11500,3954.77500,0
2025-10-06T11:00:00Z,3954.73500,3963.95500,3947.90800,3962.27500,0
2025-10-06T12:00:00Z,3962.28500,3969.92500,3945.64800,3953.83500,0
2025-10-06T13:00:00Z,3954.01500,3958.75500,3950.84800,3957.74500,0
2025-10-06T14:00:00Z,3957.78500,3960.33500,3955.67500,3958.22500,0
2025-10-06T15:00:00Z,3958.17500,3964.84500,3958.07500,3959.24500,0
2025-10-06T16:00:00Z,3959.22500,3962.19500,3957.01500,3959.01500,0
2025-10-06T18:00:00Z,3958.70500,3975.92500,3958.12500,3962.94800,0
2025-10-06T19:00:00Z,3962.94800,3972.45500,3961.24800,3969.24800,0
2025-10-06T20:00:00Z,3969.24800,3977.12500,3961.13800,3962.44800,0
2025-10-06T21:00:00Z,3962.34800,3963.53500,3955.58500,3957.71500,0
2025-10-06T22:00:00Z,3957.70900,3966.76500,3957.09800,3964.60500,0
2025-10-06T23:00:00Z,3964.58500,3974.47500,3960.63500,3973.24500,0
2025-10-07T00:00:00Z,3973.21500,3976.76500,3971.26500,3975.76500,0
2025-10-07T01:00:00Z,3975.73500,3976.70500,3959.74800,3964.48500,0
2025-10-07T02:00:00Z,3964.49500,3966.14500,3953.54800,3954.78500,0
2025-10-07T03:00:00Z,3954.76500,3955.97500,3943.14800,3945.72500,0
2025-10-07T04:00:00Z,3945.61500,3953.77500,3940.68500,3951.05500,0
2025-10-07T05:00:00Z,3951.00500,3963.30500,3950.81500,3954.98500,0
2025-10-07T06:00:00Z,3954.98500,3962.56500,3953.89500,3959.89500,0
2025-10-07T07:00:00Z,3959.99500,3968.96500,3956.18500,3966.82500,0
2025-10-07T08:00:00Z,3966.86500,3979.81500,3964.21500,3979.27500,0
2025-10-07T09:00:00Z,3979.29500,3985.40500,3970.24500,3979.10500,0
2025-10-07T10:00:00Z,3979.04500,3986.45500,3968.90500,3985.40500,0
2025-10-07T11:00:00Z,3985.49500,3990.84500,3961.55500,3965.89800,0
2025-10-07T12:00:00Z,3965.89800,3979.34500,3962.83500,3976.47500,0
2025-10-07T13:00:00Z,3976.50500,3987.50500,3976.20500,3980.53800,0
2025-10-07T14:00:00Z,3980.57500,3983.68500,3973.89500,3980.83500,0
2025-10-07T15:00:00Z,3980.74500,3983.16500,3978.27800,3979.91500,0
2025-10-07T16:00:00Z,3979.91500,3986.36500,3979.90800,3984.18500,0
2025-10-07T18:00:00Z,3984.29800,3990.34800,3982.74800,3989.24800,0
2025-10-07T19:00:00Z,3989.24800,3995.77500,3988.13500,3994.14500,0
2025-10-07T20:00:00Z,3994.09800,3999.04800,3989.16500,3992.09800,0
2025-10-07T21:00:00Z,3992.09800,4000.52500,3984.04500,4000.34500,0
2025-10-07T22:00:00Z,4000.45500,4011.54500,3995.39500,4011.43500,0
2025-10-07T23:00:00Z,4011.41500,4016.34500,4008.69800,4014.49800,0
2025-10-08T00:00:00Z,4014.59800,4027.07500,4014.34800,4026.56500,0
2025-10-08T01:00:00Z,4026.53500,4036.78500,4024.39500,4028.90500,0
2025-10-08T02:00:00Z,4028.91500,4032.88500,4021.04800,4031.40500,0
2025-10-08T03:00:00Z,4031.37500,4038.88500,4029.97500,4034.05500,0
2025-10-08T04:00:00Z,4033.97500,4040.30500,4032.92500,4036.14500,0
2025-10-08T05:00:00Z,4036.18500,4049.39800,4030.52500,4049.11500,0
2025-10-08T06:00:00Z,4049.08500,4049.39800,4033.20500,4036.91500,0
2025-10-08T07:00:00Z,4037.01500,4037.92500,4031.84500,4037.79500,0
2025-10-08T08:00:00Z,4037.79500,4046.21500,4030.80500,4039.87500,0
2025-10-08T09:00:00Z,4039.85500,4049.38500,4026.05500,4037.84800,0
2025-10-08T10:00:00Z,4037.74800,4048.93500,4035.41500,4047.92500,0
2025-10-08T11:00:00Z,4047.93500,4050.32500,4036.99500,4045.51500,0
2025-10-08T12:00:00Z,4045.49500,4059.09800,4044.12500,4056.41500,0
2025-10-08T13:00:00Z,4056.44500,4057.81500,4042.75500,4050.58800,0
2025-10-08T14:00:00Z,4050.75800,4052.96500,4038.35500,4049.76500,0
2025-10-08T15:00:00Z,4049.80500,4054.34800,4031.87500,4044.55500,0
2025-10-08T16:00:00Z,4044.62500,4046.45500,4038.34500,4040.74500,0
2025-10-08T18:00:00Z,4042.41500,4044.13500,4014.74800,4021.04800,0
2025-10-08T19:00:00Z,4021.04800,4021.71500,4001.02500,4011.46500,0
2025-10-08T20:00:00Z,4011.44800,4027.78500,4008.19800,4022.75500,0
2025-10-08T21:00:00Z,4022.82500,4036.13500,4007.74500,4019.31500,0
2025-10-08T22:00:00Z,4019.29800,4021.11500,4002.39500,4018.38500,0
2025-10-08T23:00:00Z,4018.36500,4029.37500,4016.91500,4026.58500,0
2025-10-09T00:00:00Z,4026.61500,4040.84500,4026.61500,4038.72500,0
2025-10-09T01:00:00Z,4038.55500,4043.40500,4034.09800,4039.50500,0
2025-10-09T02:00:00Z,4039.51500,4040.69500,4022.36500,4025.64800,0
2025-10-09T03:00:00Z,4025.65500,4032.59800,4024.47500,4031.37500,0
2025-10-09T04:00:00Z,4031.33500,4040.21500,4030.12800,4038.06800,0
2025-10-09T05:00:00Z,4038.06800,4041.96500,4033.80500,4037.35500,0
2025-10-09T06:00:00Z,4037.40500,4044.00500,4036.12500,4043.97500,0
2025-10-09T07:00:00Z,4043.99500,4046.45500,4033.35500,4044.23500,0
2025-10-09T08:00:00Z,4044.20500,4053.46500,4037.22500,4053.15500,0
2025-10-09T09:00:00Z,4053.17500,4057.76500,4016.72500,4016.80500,0
2025-10-09T10:00:00Z,4016.77900,4028.87500,4003.76500,4023.88500,0
2025-10-09T11:00:00Z,4023.69900,4028.63500,4006.31500,4014.39500,0
2025-10-09T12:00:00Z,4014.28500,4021.49800,3963.43500,3968.76500,0
2025-10-09T13:00:00Z,3968.59500,3974.08500,3943.78800,3950.00500,0
2025-10-09T14:00:00Z,3949.74500,3968.58500,3949.24800,3957.19500,0
2025-10-09T15:00:00Z,3957.24500,3981.86500,3955.01500,3972.89500,0
2025-10-09T16:00:00Z,3972.98500,3978.79500,3972.75500,3976.27500,0
2025-10-09T18:00:00Z,3974.92500,3980.84800,3957.95500,3974.81800,0
2025-10-09T19:00:00Z,3974.84800,3990.71500,3973.94800,3989.54800,0
2025-10-09T20:00:00Z,3989.39900,3994.17500,3985.19800,3990.87500,0
2025-10-09T21:00:00Z,3990.84500,3992.16500,3969.58800,3972.85500,0
2025-10-09T22:00:00Z,3972.81500,3986.58500,3972.81500,3978.17500,0
2025-10-09T23:00:00Z,3978.17500,3978.96500,3960.49800,3961.49900,0
2025-10-10T00:00:00Z,3961.49900,3966.51500,3946.67500,3965.96500,0
2025-10-10T01:00:00Z,3965.93500,3977.57500,3965.41500,3974.49800,0
2025-10-10T02:00:00Z,3974.55500,3975.69800,3962.35500,3968.04500,0
2025-10-10T03:00:00Z,3968.04500,3976.06500,3952.24500,3971.70500,0
2025-10-10T04:00:00Z,3971.72500,3994.51500,3969.93500,3991.69800,0
2025-10-10T05:00:00Z,3991.69800,4006.38500,3990.09500,3995.45500,0
2025-10-10T06:00:00Z,3995.34500,3999.89500,3990.54800,3993.64500,0
2025-10-10T07:00:00Z,3993.67500,3999.62500,3982.98800,3986.84500,0
2025-10-10T08:00:00Z,3986.83500,3993.23500,3979.85500,3985.47500,0
2025-10-10T09:00:00Z,3985.41500,3997.84500,3975.17500,3979.94500,0
2025-10-10T10:00:00Z,3979.86500,3993.79800,3970.48500,3989.63500,0
2025-10-10T11:00:00Z,3989.69500,4022.74800,3987.93500,3997.52500,0
2025-10-10T12:00:00Z,3997.60500,3998.34800,3976.88500,3983.19500,0
2025-10-10T13:00:00Z,3983.24500,3991.72800,3974.84500,3989.60500,0
2025-10-10T14:00:00Z,3989.73500,4008.81500,3984.00500,3998.77500,0
2025-10-10T15:00:00Z,3998.80500,4021.07500,3995.69500,4011.01500,0
2025-10-10T16:00:00Z,4011.05500,4020.59500,4005.46500,4017.84500,0
2025-10-12T18:00:00Z,4000.53500,4044.84500,4000.53500,4041.94800,0
2025-10-12T19:00:00Z,4041.87900,4059.93800,4031.88500,4034.70500,0
2025-10-12T20:00:00Z,4034.88500,4059.42500,4024.29500,4043.41500,0
2025-10-12T21:00:00Z,4043.36500,4054.72500,4035.44500,4052.86500,0
2025-10-12T22:00:00Z,4052.58500,4055.68500,4041.12500,4047.90500,0
2025-10-12T23:00:00Z,4047.87500,4056.04500,4046.03500,4051.72800,0
2025-10-13T00:00:00Z,4051.72800,4058.89500,4050.67500,4055.86500,0
2025-10-13T01:00:00Z,4055.86500,4077.74800,4054.30900,4063.34800,0
2025-10-13T02:00:00Z,4063.34500,4073.31500,4059.39800,4069.09800,0
2025-10-13T03:00:00Z,4068.92900,4077.10500,4066.14500,4070.70500,0
2025-10-13T04:00:00Z,4070.65500,4079.01500,4068.71500,4077.53500,0
2025-10-13T05:00:00Z,4077.50500,4079.55500,4069.94500,4077.04500,0
2025-10-13T06:00:00Z,4077.05800,4085.06500,4070.85500,4080.78500,0
2025-10-13T07:00:00Z,4080.74500,4084.53500,4073.43500,4073.74500,0
2025-10-13T08:00:00Z,4073.78500,4085.78500,4072.96500,4079.44500,0
2025-10-13T09:00:00Z,4079.47500,4095.31800,4078.03500,4093.92500,0
2025-10-13T10:00:00Z,4093.93500,4103.57500,4090.47500,4097.08500,0
2025-10-13T11:00:00Z,4097.09500,4107.15800,4091.41800,4104.67500,0
2025-10-13T12:00:00Z,4104.73500,4117.00500,4103.54800,4105.41500,0
2025-10-13T13:00:00Z,4105.43500,4115.21500,4099.92500,4103.49800,0
2025-10-13T14:00:00Z,4103.45500,4107.29500,4099.10500,4101.58500,0
2025-10-13T15:00:00Z,4101.57500,4110.65500,4090.56500,4108.38500,0
2025-10-13T16:00:00Z,4108.44500,4112.44800,4105.80500,4109.09500,0
2025-10-13T18:00:00Z,4110.22500,4115.44800,4106.36500,4114.64800,0
2025-10-13T19:00:00Z,4114.27500,4131.74800,4112.65500,4127.79800,0
2025-10-13T20:00:00Z,4127.89800,4130.08500,4119.06500,4124.15500,0
2025-10-13T21:00:00Z,4124.15500,4149.68500,4122.84500,4136.71500,0
2025-10-13T22:00:00Z,4136.68500,4149.63500,4136.47500,4145.64500,0
2025-10-13T23:00:00Z,4145.68500,4166.06500,4144.86500,4162.88500,0
2025-10-14T00:00:00Z,4162.78500,4169.66500,4155.50500,4167.86500,0
2025-10-14T01:00:00Z,4167.83500,4179.35500,4110.44800,4120.58500,0
2025-10-14T02:00:00Z,4120.53500,4133.44800,4089.80500,4111.86500,0
2025-10-14T03:00:00Z,4111.29800,4127.58500,4102.32500,4126.17500,0
2025-10-14T04:00:00Z,4126.15500,4144.89800,4124.43500,4143.59800,0
2025-10-14T05:00:00Z,4143.55500,4143.89800,4121.28800,4127.04800,0
2025-10-14T06:00:00Z,4127.06500,4144.06500,4124.45500,4131.29800,0
2025-10-14T07:00:00Z,4131.29800,4137.68500,4125.56900,4130.15500,0
2025-10-14T08:00:00Z,4130.17500,4134.33500,4103.17800,4106.31800,0
2025-10-14T09:00:00Z,4106.31800,4129.19500,4097.59800,4123.71500,0
2025-10-14T10:00:00Z,4123.75500,4137.43500,4120.91500,4128.97500,0
2025-10-14T11:00:00Z,4129.01500,4142.34800,4126.05500,4137.67500,0
2025-10-14T12:00:00Z,4137.69500,4155.07500,4127.55500,4140.13500,0
2025-10-14T13:00:00Z,4140.14500,4152.69800,4137.01500,4147.82500,0
2025-10-14T14:00:00Z,4147.97500,4152.36500,4142.90500,4148.01500,0
2025-10-14T15:00:00Z,4147.98500,4150.44800,4134.19500,4141.35500,0
2025-10-14T16:00:00Z,4141.49500,4145.76500,4139.16500,4140.92500,0
2025-10-14T18:00:00Z,4141.95500,4163.24800,4140.06500,4158.09800,0
2025-10-14T19:00:00Z,4158.20900,4166.95500,4156.67500,4161.32500,0
2025-10-14T20:00:00Z,4161.30500,4169.41500,4153.46500,4162.21500,0
2025-10-14T21:00:00Z,4162.18500,4186.56500,4161.74500,4181.44500,0
2025-10-14T22:00:00Z,4181.55500,4184.34500,4166.69800,4176.27500,0
2025-10-14T23:00:00Z,4176.34500,4190.51500,4175.95500,4186.81500,0
2025-10-15T00:00:00Z,4186.90500,4187.32500,4172.84800,4179.40500,0
2025-10-15T01:00:00Z,4179.36500,4193.31800,4176.29500,4185.54800,0
2025-10-15T02:00:00Z,4185.44800,4200.15500,4183.84800,4199.25500,0
2025-10-15T03:00:00Z,4199.12500,4209.64500,4194.14500,4207.54500,0
2025-10-15T04:00:00Z,4207.59500,4217.99500,4206.92500,4207.88500,0
2025-10-15T05:00:00Z,4207.88500,4211.86500,4163.14900,4192.17500,0
2025-10-15T06:00:00Z,4192.11900,4206.04800,4190.11900,4202.52500,0
2025-10-15T07:00:00Z,4202.42500,4203.97500,4193.38500,4198.46500,0
2025-10-15T08:00:00Z,4198.49800,4202.46500,4175.77900,4190.42500,0
2025-10-15T09:00:00Z,4190.41500,4198.49500,4182.64500,4191.84800,0
2025-10-15T10:00:00Z,4191.84800,4212.13500,4191.28500,4199.80500,0
2025-10-15T11:00:00Z,4199.82500,4202.75500,4179.14500,4190.34800,0
2025-10-15T12:00:00Z,4190.34800,4199.67500,4185.97500,4198.73500,0
2025-10-15T13:00:00Z,4198.74500,4199.44800,4182.34500,4197.64800,0
2025-10-15T14:00:00Z,4197.54800,4204.49800,4194.82800,4200.45500,0
2025-10-15T15:00:00Z,4200.44800,4213.28500,4200.24500,4210.01500,0
2025-10-15T16:00:00Z,4210.09800,4212.54800,4205.79800,4206.57500,0
2025-10-15T18:00:00Z,4208.39500,4215.55500,4199.28500,4212.84800,0
2025-10-15T19:00:00Z,4212.80900,4215.44800,4205.68500,4209.28500,0
2025-10-15T20:00:00Z,4209.28500,4226.99500,4204.69800,4210.12500,0
2025-10-15T21:00:00Z,4210.12500,4232.74500,4210.12500,4229.99800,0
2025-10-15T22:00:00Z,4230.00800,4239.33500,4225.65500,4239.29500,0
2025-10-15T23:00:00Z,4239.11500,4241.95500,4228.79800,4233.54500,0
2025-10-16T00:00:00Z,4233.23500,4239.18500,4227.83500,4233.31500,0
2025-10-16T01:00:00Z,4233.32500,4234.59500,4203.17500,4204.60500,0
2025-10-16T02:00:00Z,4204.29500,4227.09500,4203.31500,4222.57500,0
2025-10-16T03:00:00Z,4222.28500,4233.85500,4222.14800,4230.45500,0
2025-10-16T04:00:00Z,4230.48500,4235.78500,4228.30500,4232.70500,0
2025-10-16T05:00:00Z,4232.78500,4241.73500,4221.66500,4239.16500,0
2025-10-16T06:00:00Z,4239.13500,4245.90500,4233.84500,4242.55500,0
2025-10-16T07:00:00Z,4242.42500,4247.35500,4239.21500,4240.26500,0
2025-10-16T08:00:00Z,4240.26500,4250.77500,4227.18500,4235.80500,0
2025-10-16T09:00:00Z,4235.82500,4258.44800,4234.71500,4245.99500,0
2025-10-16T10:00:00Z,4245.33500,4267.31500,4245.12500,4263.04800,0
2025-10-16T11:00:00Z,4263.05500,4275.74800,4260.27500,4273.34500,0
2025-10-16T12:00:00Z,4273.37500,4291.84800,4261.21500,4282.49500,0
2025-10-16T13:00:00Z,4282.47500,4298.40500,4279.65500,4293.84800,0
2025-10-16T14:00:00Z,4293.84800,4294.63500,4272.95500,4290.53500,0
2025-10-16T15:00:00Z,4290.52900,4312.64800,4287.43500,4307.02500,0
2025-10-16T16:00:00Z,4307.13500,4330.46500,4307.09800,4327.19500,0
2025-10-16T18:00:00Z,4330.96500,4379.12500,4326.28500,4346.31500,0
2025-10-16T19:00:00Z,4346.31500,4378.90500,4340.90800,4365.22500,0
2025-10-16T20:00:00Z,4365.20500,4371.44500,4353.36500,4358.01500,0
2025-10-16T21:00:00Z,4357.85500,4362.07500,4278.29500,4313.70500,0
2025-10-16T22:00:00Z,4313.73500,4348.20500,4311.66800,4342.32500,0
2025-10-16T23:00:00Z,4342.26500,4366.54500,4338.53500,4366.52500,0
2025-10-17T00:00:00Z,4366.55500,4377.00500,4354.64800,4376.15500,0
2025-10-17T01:00:00Z,4376.13500,4378.45500,4341.62500,4365.78500,0
2025-10-17T02:00:00Z,4365.82500,4369.38500,4346.54500,4359.84500,0
2025-10-17T03:00:00Z,4359.91500,4361.63500,4308.23500,4342.08500,0
2025-10-17T04:00:00Z,4342.16500,4349.50500,4320.74500,4347.41800,0
2025-10-17T05:00:00Z,4347.41800,4348.14800,4332.08500,4339.98500,0
2025-10-17T06:00:00Z,4339.93500,4341.96500,4319.41500,4327.39500,0
2025-10-17T07:00:00Z,4327.35500,4335.75500,4286.43500,4286.79500,0
2025-10-17T08:00:00Z,4286.77500,4319.78500,4283.35500,4314.20900,0
2025-10-17T09:00:00Z,4314.34900,4317.27500,4258.11500,4273.48500,0
2025-10-17T10:00:00Z,4273.63500,4274.22500,4216.46500,4248.63500,0
2025-10-17T11:00:00Z,4248.63500,4259.12500,4230.67500,4237.23500,0
2025-10-17T12:00:00Z,4237.24500,4244.72500,4200.05500,4204.46500,0
2025-10-17T13:00:00Z,4204.54500,4228.24800,4185.42500,4220.64800,0
2025-10-17T14:00:00Z,4220.70500,4244.44500,4217.74800,4235.33500,0
2025-10-17T15:00:00Z,4235.64500,4237.72500,4212.38500,4225.39500,0
2025-10-17T16:00:00Z,4225.72500,4252.19800,4219.76500,4250.85500,0
2025-10-19T18:00:00Z,4247.77500,4273.68500,4239.34800,4254.89800,0
2025-10-19T19:00:00Z,4254.90800,4255.53500,4233.29800,4237.60500,0
2025-10-19T20:00:00Z,4237.62500,4250.34500,4218.50500,4248.95500,0
2025-10-19T21:00:00Z,4248.98500,4268.78500,4229.04500,4262.13500,0
2025-10-19T22:00:00Z,4262.16500,4270.99500,4253.10500,4255.42900,0
2025-10-19T23:00:00Z,4255.42900,4265.00900,4248.33500,4264.37900,0
2025-10-20T00:00:00Z,4264.37900,4268.04800,4260.16500,4266.04500,0
2025-10-20T01:00:00Z,4265.45900,4266.43900,4239.35500,4239.44500,0
2025-10-20T02:00:00Z,4239.52500,4245.49800,4221.00500,4235.94800,0
2025-10-20T03:00:00Z,4235.94800,4260.61500,4234.30500,4254.89500,0
2025-10-20T04:00:00Z,4254.87500,4265.91500,4252.11500,4258.45500,0
2025-10-20T05:00:00Z,4258.49500,4263.49500,4250.17500,4260.47500,0
2025-10-20T06:00:00Z,4260.45500,4260.59800,4245.43500,4254.29500,0
2025-10-20T07:00:00Z,4254.27800,4279.23500,4250.66500,4278.90500,0
2025-10-20T08:00:00Z,4278.90500,4326.97500,4272.35500,4323.24500,0
2025-10-20T09:00:00Z,4323.21500,4324.65500,4299.19500,4300.52500,0
2025-10-20T10:00:00Z,4300.49500,4334.59800,4292.62800,4331.94800,0
2025-10-20T11:00:00Z,4331.96900,4355.34500,4331.94800,4348.89800,0
2025-10-20T12:00:00Z,4348.89800,4350.69800,4342.37900,4347.59800,0
2025-10-20T13:00:00Z,4347.59800,4350.85500,4336.94500,4347.29800,0
2025-10-20T14:00:00Z,4347.63500,4364.41500,4344.33500,4359.08500,0
2025-10-20T15:00:00Z,4359.06900,4381.29800,4358.94800,4377.84800,0
2025-10-20T16:00:00Z,4377.88500,4379.94800,4345.94800,4355.68500,0
2025-10-20T18:00:00Z,4354.69800,4375.24800,4352.49800,4366.99800,0
2025-10-20T19:00:00Z,4367.09800,4371.19800,4356.40500,4359.90500,0
2025-10-20T20:00:00Z,4360.00500,4370.88500,4356.16500,4368.39800,0
2025-10-20T21:00:00Z,4368.39800,4372.10800,4332.59500,4350.74500,0
2025-10-20T22:00:00Z,4350.76500,4355.19800,4335.15500,4338.71500,0
2025-10-20T23:00:00Z,4338.49500,4350.61500,4337.73500,4346.39500,0
2025-10-21T00:00:00Z,4346.36500,4346.82500,4336.81500,4341.72500,0
2025-10-21T01:00:00Z,4341.54800,4344.08500,4316.96500,4322.90500,0
2025-10-21T02:00:00Z,4322.77500,4343.99500,4316.94500,4343.04500,0
2025-10-21T03:00:00Z,4343.01500,4343.01500,4293.12500,4298.00500,0
2025-10-21T04:00:00Z,4298.00500,4301.42500,4244.08500,4273.79500,0
2025-10-21T05:00:00Z,4273.83500,4277.78500,4254.42500,4264.79500,0
2025-10-21T06:00:00Z,4264.89500,4266.31500,4249.18500,4253.57800,0
2025-10-21T07:00:00Z,4253.57800,4272.20500,4245.35500,4253.14500,0
2025-10-21T08:00:00Z,4253.16500,4257.44500,4205.50500,4210.81500,0
2025-10-21T09:00:00Z,4210.83500,4225.29800,4167.23900,4173.17500,0
2025-10-21T10:00:00Z,4173.35500,4187.90800,4078.25900,4138.46900,0
2025-10-21T11:00:00Z,4138.41900,4150.17500,4119.68500,4138.38500,0
2025-10-21T12:00:00Z,4138.40500,4143.69500,4100.30500,4113.10900,0
2025-10-21T13:00:00Z,4113.09900,4120.13500,4092.94500,4110.92500,0
2025-10-21T14:00:00Z,4110.94500,4125.66500,4106.17500,4114.71500,0
2025-10-21T15:00:00Z,4114.73500,4122.03500,4100.30500,4108.68500,0
2025-10-21T16:00:00Z,4108.63800,4130.74500,4105.90500,4124.35500,0
2025-10-21T19:00:00Z,4122.56500,4127.57500,4089.64500,4092.61800,0
2025-10-21T20:00:00Z,4092.61800,4093.34500,4003.29800,4074.59800,0
2025-10-21T21:00:00Z,4074.59800,4120.26500,4064.00900,4086.71500,0
2025-10-21T22:00:00Z,4086.88500,4117.52500,4086.78500,4114.68500,0
2025-10-21T23:00:00Z,4114.45500,4142.81500,4106.81500,4128.24800,0
2025-10-22T00:00:00Z,4128.24800,4133.17500,4106.66500,4127.86500,0
2025-10-22T01:00:00Z,4127.88500,4146.74500,4126.07500,4134.72900,0
2025-10-22T02:00:00Z,4134.79800,4161.16500,4127.28500,4155.49500,0
2025-10-22T03:00:00Z,4155.47500,4156.22500,4129.22500,4132.71500,0
2025-10-22T04:00:00Z,4132.61800,4135.59500,4061.90900,4069.88500,0
2025-10-22T05:00:00Z,4069.92500,4101.28500,4061.37500,4069.12500,0
2025-10-22T06:00:00Z,4069.00900,4090.34800,4022.74800,4034.70900,0
2025-10-22T07:00:00Z,4034.64900,4044.63800,4014.75800,4027.40500,0
2025-10-22T08:00:00Z,4027.43500,4053.25500,4022.64500,4033.47500,0
2025-10-22T09:00:00Z,4033.49500,4084.91500,4032.95800,4075.71500,0
2025-10-22T10:00:00Z,4075.57500,4078.19500,4010.79500,4014.70500,0
2025-10-22T11:00:00Z,4014.62500,4047.02800,4014.62500,4036.78500,0
2025-10-22T12:00:00Z,4036.88500,4063.91500,4022.95500,4059.00500,0
2025-10-22T13:00:00Z,4058.87900,4070.81500,4043.83500,4069.76900,0
2025-10-22T14:00:00Z,4069.76900,4081.38500,4066.41500,4076.48500,0
2025-10-22T15:00:00Z,4076.71500,4113.36500,4076.37500,4102.14500,0
2025-10-22T16:00:00Z,4101.88500,4107.02800,4088.30500,4098.05500,0
2025-10-22T18:00:00Z,4094.61500,4116.05500,4091.73500,4101.51800,0
2025-10-22T19:00:00Z,4101.57800,4104.27800,4080.07800,4087.30500,0
2025-10-22T20:00:00Z,4087.29500,4096.34800,4065.40500,4081.74500,0
2025-10-22T21:00:00Z,4081.77500,4092.47500,4071.60500,4072.74800,0
2025-10-22T22:00:00Z,4072.79800,4085.06500,4071.53500,4082.07800,0
2025-10-22T23:00:00Z,4082.19800,4100.63500,4077.63500,4090.93500,0
2025-10-23T00:00:00Z,4090.95500,4092.83500,4079.46800,4089.29500,0
2025-10-23T01:00:00Z,4089.32500,4110.21500,4083.69500,4110.11500,0
2025-10-23T02:00:00Z,4110.13500,4137.44800,4109.99500,4113.36500,0
2025-10-23T03:00:00Z,4113.34500,4120.84800,4091.56500,4093.89500,0
2025-10-23T04:00:00Z,4094.01500,4118.73500,4094.01500,4116.08500,0
2025-10-23T05:00:00Z,4116.07500,4125.24500,4110.86500,4124.21500,0
2025-10-23T06:00:00Z,4124.31500,4125.04500,4101.54500,4108.82500,0
2025-10-23T07:00:00Z,4108.92500,4120.75500,4107.45500,4109.37500,0
2025-10-23T08:00:00Z,4109.39500,4129.09800,4099.96500,4127.16500,0
2025-10-23T09:00:00Z,4126.87500,4150.71500,4125.58500,4144.50900,0
2025-10-23T10:00:00Z,4144.50900,4154.43500,4135.80500,4147.94500,0
2025-10-23T11:00:00Z,4148.12500,4151.54800,4136.85500,4141.56500,0
2025-10-23T12:00:00Z,4141.57500,4148.33500,4126.00000,4132.58500,0
2025-10-23T13:00:00Z,4132.54900,4138.99800,4124.65500,4137.36500,0
2025-10-23T14:00:00Z,4137.38500,4143.22500,4132.81500,4135.73500,0
2025-10-23T15:00:00Z,4135.79800,4137.96500,4116.28500,4118.12500,0
2025-10-23T16:00:00Z,4118.19500,4126.79800,4107.24500,4125.18500,0
2025-10-23T18:00:00Z,4127.09800,4132.30500,4111.08500,4115.59800,0
2025-10-23T19:00:00Z,4115.69800,4122.57500,4105.67500,4121.37500,0
2025-10-23T20:00:00Z,4121.40500,4133.42500,4117.55500,4132.42500,0
2025-10-23T21:00:00Z,4132.49500,4144.14500,4111.81500,4118.46500,0
2025-10-23T22:00:00Z,4118.46500,4118.79500,4109.14800,4109.34800,0
2025-10-23T23:00:00Z,4109.34800,4123.26500,4107.25500,4122.12500,0
2025-10-24T00:00:00Z,4122.08500,4123.04500,4102.54800,4111.31500,0
2025-10-24T01:00:00Z,4111.52500,4117.67500,4102.30500,4104.04800,0
2025-10-24T02:00:00Z,4104.04800,4104.49800,4081.04800,4091.70800,0
2025-10-24T03:00:00Z,4091.70800,4095.64800,4069.30500,4073.94800,0
2025-10-24T04:00:00Z,4073.96500,4077.42500,4047.31500,4065.11500,0
2025-10-24T05:00:00Z,4065.08500,4073.38500,4054.02900,4060.62500,0
2025-10-24T06:00:00Z,4060.65500,4070.64500,4053.35500,4054.58500,0
2025-10-24T07:00:00Z,4054.47500,4065.41500,4043.61800,4061.25500,0
2025-10-24T08:00:00Z,4061.20500,4092.70500,4059.61500,4081.86500,0
2025-10-24T09:00:00Z,4081.90500,4121.84500,4078.71800,4104.72500,0
2025-10-24T10:00:00Z,4105.42500,4134.74500,4101.72500,4117.28500,0
2025-10-24T11:00:00Z,4117.25500,4131.63500,4113.03500,4130.19500,0
2025-10-24T12:00:00Z,4130.23500,4138.32500,4121.53500,4129.13500,0
2025-10-24T13:00:00Z,4129.16500,4134.06500,4105.54500,4107.40500,0
2025-10-24T14:00:00Z,4107.43500,4113.39500,4101.73500,4110.07500,0
2025-10-24T15:00:00Z,4110.12500,4117.27500,4102.00500,4103.86500,0
2025-10-24T16:00:00Z,4103.94500,4113.65500,4096.51500,4111.55500,0
2025-10-26T17:00:00Z,4064.05100,4108.59800,4063.58500,4081.15800,0
2025-10-26T18:00:00Z,4081.18800,4087.84800,4061.31500,4064.16500,0
2025-10-26T19:00:00Z,4064.27500,4084.01500,4057.84500,4080.93500,0
2025-10-26T20:00:00Z,4081.00500,4097.54500,4074.72500,4081.70500,0
2025-10-26T21:00:00Z,4081.62500,4081.89500,4070.01500,4071.32500,0
2025-10-26T22:00:00Z,4071.30500,4081.61500,4065.07500,4069.46500,0
2025-10-26T23:00:00Z,4069.40500,4071.34800,4053.50500,4068.52500,0
2025-10-27T00:00:00Z,4068.56500,4084.29500,4068.45500,4079.45500,0
2025-10-27T01:00:00Z,4079.39500,4084.73500,4073.61500,4077.97500,0
2025-10-27T02:00:00Z,4078.01500,4079.52500,4063.73800,4068.51500,0
2025-10-27T03:00:00Z,4068.36500,4070.23500,4024.47500,4043.04500,0
2025-10-27T04:00:00Z,4043.13500,4049.91500,4029.53500,4039.56500,0
2025-10-27T05:00:00Z,4039.59500,4047.57500,4028.65500,4037.20500,0
2025-10-27T06:00:00Z,4037.22500,4041.21500,4015.05500,4023.82500,0
2025-10-27T07:00:00Z,4023.85500,4046.21500,4022.17500,4045.62500,0
2025-10-27T08:00:00Z,4045.81500,4050.09500,4013.05500,4021.75800,0
2025-10-27T09:00:00Z,4021.90500,4023.11500,3982.63500,3987.69500,0
2025-10-27T10:00:00Z,3987.75500,3993.20500,3971.06800,3989.74800,0
2025-10-27T11:00:00Z,3989.69800,4000.16500,3983.72800,3999.12500,0
2025-10-27T12:00:00Z,3999.09500,4008.60500,3990.39500,4006.25500,0
2025-10-27T13:00:00Z,4006.25500,4009.84500,3997.67500,3999.02500,0
2025-10-27T14:00:00Z,3999.35500,4005.30500,3985.37500,3989.96500,0
2025-10-27T15:00:00Z,3989.97500,3999.98500,3978.88500,3981.09500,0
2025-10-27T17:00:00Z,3983.91500,3996.01500,3979.10500,3989.46800,0
2025-10-27T18:00:00Z,3989.56800,4004.29500,3982.47500,3998.20500,0
2025-10-27T19:00:00Z,3998.17500,4009.34500,3972.44500,4006.27800,0
2025-10-27T20:00:00Z,4006.43500,4019.40500,4003.94800,4010.65500,0
2025-10-27T21:00:00Z,4010.63800,4013.54500,3980.40500,3983.65500,0
2025-10-27T22:00:00Z,3983.60500,3994.21500,3982.98500,3992.63500,0
2025-10-27T23:00:00Z,3992.68500,3994.00500,3963.28800,3973.35500,0
2025-10-28T00:00:00Z,3974.09500,3979.76500,3958.89500,3966.13500,0
2025-10-28T01:00:00Z,3966.31500,3968.28500,3938.01500,3942.23500,0
2025-10-28T02:00:00Z,3942.22500,3948.38500,3921.24800,3932.11500,0
2025-10-28T03:00:00Z,3932.14500,3935.55500,3896.12500,3896.94800,0
2025-10-28T04:00:00Z,3896.90800,3910.81500,3886.19900,3904.37500,0
2025-10-28T05:00:00Z,3904.40500,3930.73500,3899.74800,3926.26500,0
2025-10-28T06:00:00Z,3926.29500,3929.77500,3910.62500,3923.05500,0
2025-10-28T07:00:00Z,3923.37500,3929.64800,3905.33500,3912.44800,0
2025-10-28T08:00:00Z,3912.44800,3940.11500,3911.91500,3938.42500,0
2025-10-28T09:00:00Z,3938.36500,3953.67500,3934.67500,3949.56500,0
2025-10-28T10:00:00Z,3949.52500,3969.40500,3946.86500,3964.58500,0
2025-10-28T11:00:00Z,3964.59500,3965.32500,3950.75800,3958.35500,0
2025-10-28T12:00:00Z,3958.34500,3970.20500,3954.98500,3962.17500,0
2025-10-28T13:00:00Z,3962.18500,3964.00500,3944.93500,3956.29800,0
2025-10-28T14:00:00Z,3956.29800,3962.55500,3950.59500,3960.27500,0
2025-10-28T15:00:00Z,3960.12500,3960.78500,3949.36500,3951.94500,0
2025-10-28T17:00:00Z,3952.59800,3960.47500,3914.54800,3933.34800,0
2025-10-28T18:00:00Z,3933.13500,3967.51500,3933.13500,3964.53500,0
2025-10-28T19:00:00Z,3964.53500,3982.07500,3958.83500,3975.01500,0
2025-10-28T20:00:00Z,3975.04500,3979.54500,3965.81500,3973.36500,0
2025-10-28T21:00:00Z,3973.31500,3974.01500,3943.60500,3960.82500,0
2025-10-28T22:00:00Z,3960.84500,3971.74500,3958.25500,3962.95800,0
2025-10-28T23:00:00Z,3963.00500,3964.67500,3950.66800,3951.75500,0
2025-10-29T00:00:00Z,3951.77500,3966.06500,3950.82500,3962.30500,0
2025-10-29T01:00:00Z,3962.27500,3984.59500,3959.63500,3978.04500,0
2025-10-29T02:00:00Z,3978.03500,4001.38500,3974.56500,4001.38500,0
2025-10-29T03:00:00Z,4001.38500,4018.33500,4000.27800,4016.70500,0
2025-10-29T04:00:00Z,4016.69500,4029.35800,4013.16500,4023.64800,0
2025-10-29T05:00:00Z,4023.67500,4029.52500,4016.87800,4023.19500,0
2025-10-29T06:00:00Z,4023.21500,4028.13500,4013.13500,4016.39500,0
2025-10-29T07:00:00Z,4016.36500,4029.95500,4013.31500,4025.20500,0
2025-10-29T08:00:00Z,4025.23500,4025.37500,4002.08500,4011.98500,0
2025-10-29T09:00:00Z,4011.98500,4022.08500,4007.13500,4008.00500,0
2025-10-29T10:00:00Z,4008.01500,4011.64800,3989.16500,3992.69500,0
2025-10-29T11:00:00Z,3992.72500,4000.97800,3991.11500,3992.54500,0
2025-10-29T12:00:00Z,3992.39800,3997.54500,3985.49500,3993.95800,0
2025-10-29T13:00:00Z,3993.96500,4007.02500,3941.98800,3969.03500,0
2025-10-29T14:00:00Z,3968.80500,3979.67500,3927.58500,3945.47500,0
2025-10-29T15:00:00Z,3945.43500,3953.73500,3927.61500,3928.43500,0
2025-10-29T17:00:00Z,3921.72500,3948.12500,3916.34800,3940.68800,0
2025-10-29T18:00:00Z,3940.69800,3953.68500,3938.94800,3952.46500,0
2025-10-29T19:00:00Z,3952.49500,3964.14500,3937.30500,3949.91500,0
2025-10-29T20:00:00Z,3949.83500,3966.21500,3944.84500,3947.57500,0
2025-10-29T21:00:00Z,3947.60500,3947.93500,3921.57500,3921.69500,0
2025-10-29T22:00:00Z,3921.78500,3937.93500,3915.06500,3937.80500,0
2025-10-29T23:00:00Z,3937.83500,3982.29500,3934.50500,3972.11500,0
2025-10-30T00:00:00Z,3972.13500,3977.88800,3946.95800,3963.51500,0
2025-10-30T01:00:00Z,3963.43500,3976.92500,3956.06500,3976.59500,0
2025-10-30T02:00:00Z,3976.60500,3977.02500,3955.64500,3961.00500,0
2025-10-30T03:00:00Z,3960.99500,3976.54500,3959.89500,3976.23500,0
2025-10-30T04:00:00Z,3976.21500,4011.49800,3975.79800,3998.33500,0
2025-10-30T05:00:00Z,3998.27500,4000.59800,3973.34500,3983.91500,0
2025-10-30T06:00:00Z,3983.90500,3984.79500,3963.62500,3974.22500,0
2025-10-30T07:00:00Z,3974.24500,3985.31500,3960.74500,3960.96500,0
2025-10-30T08:00:00Z,3960.85500,3995.04800,3959.95500,3995.04800,0
2025-10-30T09:00:00Z,3995.04800,4014.63500,3986.51500,3996.24500,0
2025-10-30T10:00:00Z,3996.22500,4008.50500,3987.84800,4001.58500,0
2025-10-30T11:00:00Z,4001.56500,4003.86500,3990.90500,4001.27500,0
2025-10-30T12:00:00Z,4001.27500,4017.77500,3994.26500,4004.32500,0
2025-10-30T13:00:00Z,4004.34500,4017.49800,3999.88500,4015.89800,0
2025-10-30T14:00:00Z,4015.89800,4025.70500,4015.09800,4023.20500,0
2025-10-30T15:00:00Z,4023.15500,4026.94800,4016.09800,4024.30500,0
2025-10-30T17:00:00Z,4023.07500,4045.92500,4015.95500,4037.34800,0
2025-10-30T18:00:00Z,4037.44800,4042.83500,4018.41500,4036.34500,0
2025-10-30T19:00:00Z,4036.22500,4036.62500,4023.61500,4024.84500,0
2025-10-30T20:00:00Z,4024.67500,4039.13500,4012.45800,4018.59500,0
2025-10-30T21:00:00Z,4018.36500,4018.99500,4001.24500,4010.79500,0
2025-10-30T22:00:00Z,4010.76500,4013.63500,3990.93800,3995.95500,0
2025-10-30T23:00:00Z,3995.99500,4010.29500,3988.76500,4005.50500,0
2025-10-31T00:00:00Z,4005.27500,4010.96500,3993.78500,4004.77500,0
2025-10-31T01:00:00Z,4004.82500,4014.52500,4001.78500,4012.84500,0
2025-10-31T02:00:00Z,4012.86500,4025.30500,4007.30500,4020.75500,0
2025-10-31T03:00:00Z,4020.78500,4026.80800,4006.45500,4010.20500,0
2025-10-31T04:00:00Z,4009.99500,4014.04800,3998.51500,4008.17800,0
2025-10-31T05:00:00Z,4008.28500,4016.50500,4003.37500,4007.17500,0
2025-10-31T06:00:00Z,4007.07500,4010.89500,4001.43500,4010.14500,0
2025-10-31T07:00:00Z,4010.33500,4036.03500,4008.80500,4022.75800,0
2025-10-31T08:00:00Z,4022.75800,4035.42500,4009.98500,4016.12500,0
2025-10-31T09:00:00Z,4016.28500,4027.02500,4010.82500,4020.46500,0
2025-10-31T10:00:00Z,4020.57500,4022.71500,4009.37500,4012.48500,0
2025-10-31T11:00:00Z,4012.44500,4014.94500,3971.96500,3980.46500,0
2025-10-31T12:00:00Z,3980.59500,4003.44500,3980.16500,3997.34500,0
2025-10-31T13:00:00Z,3997.34500,4009.76500,3995.18500,3999.74800,0
2025-10-31T14:00:00Z,3999.74800,4005.29800,3990.91800,4001.07500,0
2025-10-31T15:00:00Z,4001.04500,4006.24800,3995.95500,4001.50500,0
2025-11-02T18:00:00Z,3983.49800,3998.62500,3977.41500,3979.43500,0
2025-11-02T19:00:00Z,3979.28500,3987.54500,3962.32500,3970.40500,0
2025-11-02T20:00:00Z,3970.39500,4001.55500,3965.30500,3995.70500,0
2025-11-02T21:00:00Z,3995.68500,4006.25500,3990.03500,4003.79500,0
2025-11-02T22:00:00Z,4003.86500,4015.14500,4001.92500,4011.06500,0
2025-11-02T23:00:00Z,4011.05500,4014.11500,4001.61500,4003.36800,0
2025-11-03T00:00:00Z,4003.37800,4018.07500,3997.47900,4013.61500,0
2025-11-03T01:00:00Z,4013.69800,4018.33500,4009.82500,4017.20500,0
2025-11-03T02:00:00Z,4017.22500,4025.62500,4013.27500,4025.07800,0
2025-11-03T03:00:00Z,4025.07800,4027.86500,4010.90500,4019.39500,0
2025-11-03T04:00:00Z,4019.64500,4025.75500,3992.87500,4000.16500,0
2025-11-03T05:00:00Z,4000.35500,4004.61500,3994.15500,3998.37500,0
2025-11-03T06:00:00Z,3998.35800,4008.40500,3994.09800,4007.36500,0
2025-11-03T07:00:00Z,4007.40500,4013.36500,4001.56500,4013.23500,0
2025-11-03T08:00:00Z,4013.23500,4020.19500,4010.52500,4015.74500,0
2025-11-03T09:00:00Z,4015.76500,4025.82500,4001.41500,4022.08500,0
2025-11-03T10:00:00Z,4023.72600,4030.38500,4002.94500,4008.30500,0
2025-11-03T11:00:00Z,4008.17900,4013.20900,3994.98900,4008.09500,0
2025-11-03T12:00:00Z,4008.11500,4011.91500,4003.21500,4005.84900,0
2025-11-03T13:00:00Z,4005.88900,4009.33500,3999.21500,4006.12500,0
2025-11-03T14:00:00Z,4006.08900,4007.96500,3995.07500,4004.39500,0
2025-11-03T15:00:00Z,4004.39500,4014.69500,4004.33500,4010.10500,0
2025-11-03T16:00:00Z,4010.10500,4010.10500,3999.69500,4001.06500,0
2025-11-03T18:00:00Z,4000.89800,4005.19500,3980.62500,3996.92500,0
2025-11-03T19:00:00Z,3996.97500,3999.04500,3978.24500,3986.12500,0
2025-11-03T20:00:00Z,3986.15500,3994.22500,3979.19800,3987.20500,0
2025-11-03T21:00:00Z,3987.19500,3987.19500,3975.43500,3986.47500,0
2025-11-03T22:00:00Z,3986.51500,3999.15500,3981.48500,3994.34500,0
2025-11-03T23:00:00Z,3994.33500,3994.96500,3983.86500,3985.37500,0
2025-11-04T00:00:00Z,3985.33500,3986.89500,3972.47500,3973.02500,0
2025-11-04T01:00:00Z,3973.04500,3987.90500,3966.39500,3984.86500,0
2025-11-04T02:00:00Z,3984.88500,3996.21500,3982.07500,3993.64500,0
2025-11-04T03:00:00Z,3993.98500,4000.47500,3990.44500,3995.89500,0
2025-11-04T04:00:00Z,3995.91500,3999.29500,3990.23500,3991.02500,0
2025-11-04T05:00:00Z,3991.00500,3997.41500,3985.76500,3993.63500,0
2025-11-04T06:00:00Z,3993.80500,3999.94800,3991.46500,3994.68500,0
2025-11-04T07:00:00Z,3994.73500,3997.29500,3983.46500,3984.45500,0
2025-11-04T08:00:00Z,3984.47500,3995.76500,3971.64800,3975.47500,0
2025-11-04T09:00:00Z,3975.48500,3977.49500,3928.47500,3956.70800,0
2025-11-04T10:00:00Z,3956.72800,3967.95500,3941.00500,3956.62500,0
2025-11-04T11:00:00Z,3956.66500,3975.40500,3956.51500,3968.85500,0
2025-11-04T12:00:00Z,3968.94500,3970.80500,3952.14800,3954.81500,0
2025-11-04T13:00:00Z,3954.65900,3956.58500,3931.85500,3937.60500,0
2025-11-04T14:00:00Z,3937.63500,3944.00500,3934.40500,3937.14500,0
2025-11-04T15:00:00Z,3937.19500,3941.92500,3931.25500,3938.50500,0
2025-11-04T16:00:00Z,3938.65500,3938.75900,3930.27500,3931.63500,0
2025-11-04T18:00:00Z,3932.76500,3939.98500,3930.69500,3934.32800,0
2025-11-04T19:00:00Z,3934.32500,3942.70500,3929.64800,3939.45500,0
2025-11-04T20:00:00Z,3939.63500,3949.24500,3934.25500,3936.81500,0
2025-11-04T21:00:00Z,3936.78500,3950.77500,3935.38500,3948.34500,0
2025-11-04T22:00:00Z,3948.31500,3964.99500,3947.33500,3960.56500,0
2025-11-04T23:00:00Z,3960.45900,3973.47500,3959.58500,3970.06500,0
2025-11-05T00:00:00Z,3970.08500,3978.34500,3961.64800,3964.65500,0
2025-11-05T01:00:00Z,3964.67500,3973.41500,3961.71500,3966.04500,0
2025-11-05T02:00:00Z,3966.09500,3974.56800,3963.48500,3972.30500,0
2025-11-05T03:00:00Z,3972.28500,3986.91500,3972.28500,3979.80500,0
2025-11-05T04:00:00Z,3979.68500,3981.10500,3963.30500,3971.64500,0
2025-11-05T05:00:00Z,3971.61500,3971.64500,3955.82500,3964.27500,0
2025-11-05T06:00:00Z,3964.28500,3968.75500,3957.19500,3966.68500,0
2025-11-05T07:00:00Z,3966.65500,3969.69500,3961.94500,3969.48500,0
2025-11-05T08:00:00Z,3969.50500,3979.27500,3964.64500,3975.67500,0
2025-11-05T09:00:00Z,3975.72500,3985.42500,3969.38500,3973.00500,0
2025-11-05T10:00:00Z,3972.94500,3984.29800,3963.69500,3978.07500,0
2025-11-05T11:00:00Z,3978.17500,3990.23500,3974.74500,3986.67500,0
2025-11-05T12:00:00Z,3986.66500,3989.44500,3978.39500,3981.87500,0
2025-11-05T13:00:00Z,3981.84500,3985.81500,3978.73500,3982.21500,0
2025-11-05T14:00:00Z,3982.28500,3988.59800,3978.98500,3987.49800,0
2025-11-05T15:00:00Z,3987.59800,3989.97500,3981.40500,3984.26500,0
2025-11-05T16:00:00Z,3984.25500,3984.84500,3977.77500,3979.75500,0
2025-11-05T18:00:00Z,3975.45500,3979.94500,3966.09500,3973.51500,0
2025-11-05T19:00:00Z,3973.47500,3976.01500,3969.39500,3976.01500,0
2025-11-05T20:00:00Z,3976.04500,3977.17500,3964.35500,3976.37500,0
2025-11-05T21:00:00Z,3976.39500,3984.91500,3974.02500,3983.14500,0
2025-11-05T22:00:00Z,3983.17500,3990.20500,3979.29500,3987.31500,0
2025-11-05T23:00:00Z,3987.34500,3989.56500,3984.44800,3988.59500,0
2025-11-06T00:00:00Z,3988.54500,3990.54500,3985.59800,3987.37500,0
2025-11-06T01:00:00Z,3987.54800,3992.59800,3982.03500,3991.26500,0
2025-11-06T02:00:00Z,3991.27500,4009.04500,3990.91500,4005.44500,0
2025-11-06T03:00:00Z,4005.39800,4016.67500,4004.41500,4014.54800,0
2025-11-06T04:00:00Z,4014.54800,4014.93500,4008.93500,4010.69500,0
2025-11-06T05:00:00Z,4010.71500,4010.82500,4004.15500,4008.11500,0
2025-11-06T06:00:00Z,4008.14500,4019.17500,4006.76500,4017.78500,0
2025-11-06T07:00:00Z,4017.74500,4019.27500,4002.61500,4005.00500,0
2025-11-06T08:00:00Z,4005.03500,4015.90500,4003.45500,4011.95500,0
2025-11-06T09:00:00Z,4011.94500,4013.67500,3988.80500,3993.06500,0
2025-11-06T10:00:00Z,3993.06500,3993.49500,3974.89500,3979.94500,0
2025-11-06T11:00:00Z,3979.97500,3986.04500,3976.23500,3980.69500,0
2025-11-06T12:00:00Z,3980.70500,3987.86500,3965.42500,3985.94500,0
2025-11-06T13:00:00Z,3985.94500,3990.65500,3979.94500,3987.52500,0
2025-11-06T14:00:00Z,3987.54500,3994.97500,3982.83500,3984.99800,0
2025-11-06T15:00:00Z,3984.63500,3986.91500,3979.08800,3980.38800,0
2025-11-06T16:00:00Z,3980.45800,3981.93500,3976.45500,3976.52500,0
2025-11-06T18:00:00Z,3976.19500,3989.51500,3973.65500,3988.87500,0
2025-11-06T19:00:00Z,3988.90500,3994.32500,3984.29500,3988.30500,0
2025-11-06T20:00:00Z,3988.28500,4002.50500,3986.96500,4001.46500,0
2025-11-06T21:00:00Z,4001.47500,4003.11500,3991.26500,3995.16500,0
2025-11-06T22:00:00Z,3995.11500,3996.37500,3987.92500,3990.15500,0
2025-11-06T23:00:00Z,3990.12500,3998.30500,3985.27500,3998.08500,0
2025-11-07T00:00:00Z,3998.12500,3998.68500,3991.76500,3994.74800,0
2025-11-07T01:00:00Z,3994.67500,4008.33500,3992.06500,4006.54500,0
2025-11-07T02:00:00Z,4006.56500,4009.59500,4002.54500,4007.61500,0
2025-11-07T03:00:00Z,4007.70800,4010.27500,4003.44500,4009.44500,0
2025-11-07T04:00:00Z,4009.49500,4013.97500,4003.99500,4006.49500,0
2025-11-07T05:00:00Z,4006.53500,4009.38500,4002.99500,4007.71500,0
2025-11-07T06:00:00Z,4007.71500,4011.68500,3993.53500,4002.72500,0
2025-11-07T07:00:00Z,4002.74500,4008.24500,3991.54500,3995.68500,0
2025-11-07T08:00:00Z,3995.82500,4001.76500,3991.56500,3997.49500,0
2025-11-07T09:00:00Z,3997.46500,4007.07500,3984.06500,3992.97500,0
2025-11-07T10:00:00Z,3993.02500,3998.94500,3983.85500,3990.77500,0
2025-11-07T11:00:00Z,3990.77500,4027.22500,3989.78500,4007.58500,0
2025-11-07T12:00:00Z,4007.62500,4009.54500,3992.16500,4005.24500,0
2025-11-07T13:00:00Z,4005.38500,4008.98500,3999.36500,4005.43500,0
2025-11-07T14:00:00Z,4005.39500,4008.79500,4001.55500,4006.50500,0
2025-11-07T15:00:00Z,4006.42900,4006.66500,3994.24500,4003.86500,0
2025-11-07T16:00:00Z,4003.64500,4004.95500,3998.16500,4000.28900,0
2025-11-09T18:00:00Z,3997.89800,4012.10500,3996.69800,4011.63500,0
2025-11-09T19:00:00Z,4011.66500,4023.68500,4010.91500,4020.06500,0
2025-11-09T20:00:00Z,4020.04500,4053.12500,4018.79500,4043.85500,0
2025-11-09T21:00:00Z,4043.82500,4048.86500,4037.43500,4047.92500,0
2025-11-09T22:00:00Z,4047.90500,4052.63500,4044.68500,4049.97500,0
2025-11-09T23:00:00Z,4049.83500,4056.63500,4049.61500,4053.93500,0
2025-11-10T00:00:00Z,4053.96500,4069.71500,4049.99500,4069.22500,0
2025-11-10T01:00:00Z,4069.29500,4078.31500,4066.63500,4074.85500,0
2025-11-10T02:00:00Z,4074.87500,4078.87500,4072.04500,4075.07500,0
2025-11-10T03:00:00Z,4075.10500,4084.99500,4074.92500,4082.06500,0
2025-11-10T04:00:00Z,4082.09500,4086.11500,4071.26500,4076.39500,0
2025-11-10T05:00:00Z,4076.41500,4083.24800,4075.70500,4080.77500,0
2025-11-10T06:00:00Z,4080.83500,4085.29500,4075.62500,4085.16500,0
2025-11-10T07:00:00Z,4085.20500,4099.83500,4084.19500,4097.36500,0
2025-11-10T08:00:00Z,4097.43500,4105.71500,4090.15500,4091.43500,0
2025-11-10T09:00:00Z,4091.40500,4093.92500,4074.06500,4083.35500,0
2025-11-10T10:00:00Z,4083.25500,4094.12500,4077.59500,4084.14500,0
2025-11-10T11:00:00Z,4084.12500,4095.49800,4081.81500,4094.82500,0
2025-11-10T12:00:00Z,4094.84500,4102.54500,4093.21500,4102.36500,0
2025-11-10T13:00:00Z,4102.38500,4115.60500,4101.44500,4109.88500,0
2025-11-10T14:00:00Z,4109.88500,4115.23500,4107.63800,4113.02500,0
2025-11-10T15:00:00Z,4113.04500,4114.35500,4106.42500,4111.44800,0
2025-11-10T16:00:00Z,4111.44800,4116.39500,4110.22500,4115.61500,0
2025-11-10T18:00:00Z,4113.09800,4122.51500,4112.90800,4119.70500,0
2025-11-10T19:00:00Z,4119.99500,4133.49500,4116.05500,4130.71500,0
2025-11-10T20:00:00Z,4130.69500,4141.04500,4127.79500,4136.10500,0
2025-11-10T21:00:00Z,4136.08500,4139.41500,4129.32500,4137.85500,0
2025-11-10T22:00:00Z,4137.87500,4147.84500,4136.92500,4146.67500,0
2025-11-10T23:00:00Z,4146.65500,4148.75500,4141.75800,4142.94500,0
2025-11-11T00:00:00Z,4142.90500,4144.17500,4124.52500,4130.77500,0
2025-11-11T01:00:00Z,4130.74500,4137.64500,4126.55500,4129.72500,0
2025-11-11T02:00:00Z,4129.74500,4132.84800,4124.79500,4129.42500,0
2025-11-11T03:00:00Z,4129.30500,4137.55500,4128.58500,4135.42500,0
2025-11-11T04:00:00Z,4135.40500,4145.72500,4134.20500,4141.60500,0
2025-11-11T05:00:00Z,4141.65500,4144.05500,4136.59500,4141.67500,0
2025-11-11T06:00:00Z,4141.80500,4144.52500,4138.89800,4142.59900,0
2025-11-11T07:00:00Z,4142.59900,4143.65900,4132.99500,4134.20500,0
2025-11-11T08:00:00Z,4134.24500,4146.54500,4133.67500,4142.42500,0
2025-11-11T09:00:00Z,4142.38500,4142.96500,4119.65500,4124.76500,0
2025-11-11T10:00:00Z,4124.43900,4125.93500,4096.84500,4106.47500,0
2025-11-11T11:00:00Z,4106.46500,4115.58500,4105.00000,4113.06500,0
2025-11-11T12:00:00Z,4113.03500,4117.66500,4110.36500,4114.15500,0
2025-11-11T13:00:00Z,4114.18500,4116.15500,4106.43500,4113.67500,0
2025-11-11T14:00:00Z,4113.66500,4125.94500,4111.84500,4122.88500,0
2025-11-11T15:00:00Z,4122.98500,4131.73500,4122.23500,4129.24500,0
2025-11-11T16:00:00Z,4129.36500,4131.24500,4125.39500,4125.49500,0
2025-11-11T18:00:00Z,4125.49800,4144.46500,4125.49800,4142.40500,0
2025-11-11T19:00:00Z,4142.37500,4145.25500,4131.99500,4132.82500,0
2025-11-11T20:00:00Z,4132.86500,4136.96500,4125.93500,4131.24800,0
2025-11-11T21:00:00Z,4131.20500,4135.25500,4118.48500,4123.86500,0
2025-11-11T22:00:00Z,4123.94500,4125.13500,4111.61500,4111.78500,0
2025-11-11T23:00:00Z,4111.74500,4113.07500,4103.50500,4110.37500,0
2025-11-12T00:00:00Z,4110.34500,4110.83500,4098.66500,4104.46500,0
2025-11-12T01:00:00Z,4104.49500,4118.88500,4102.97500,4118.32500,0
2025-11-12T02:00:00Z,4118.33500,4125.04500,4113.16500,4116.92500,0
2025-11-12T03:00:00Z,4116.95500,4132.61500,4112.01500,4131.14500,0
2025-11-12T04:00:00Z,4131.14500,4133.38500,4120.24900,4124.47500,0
2025-11-12T05:00:00Z,4124.50500,4129.14500,4117.71500,4127.56500,0
2025-11-12T06:00:00Z,4127.69500,4131.01500,4122.82500,4125.76500,0
2025-11-12T07:00:00Z,4125.79500,4139.27500,4124.73500,4130.00000,0
2025-11-12T08:00:00Z,4130.07500,4132.43500,4122.49500,4126.97500,0
2025-11-12T09:00:00Z,4127.01500,4139.92500,4124.79500,4136.39500,0
2025-11-12T10:00:00Z,4136.37500,4185.41500,4134.40800,4181.10900,0
2025-11-12T11:00:00Z,4181.09500,4197.54800,4179.83500,4196.16500,0
2025-11-12T12:00:00Z,4196.15500,4206.25900,4192.17900,4199.29900,0
2025-11-12T13:00:00Z,4199.29900,4211.49500,4190.21900,4206.63900,0
2025-11-12T14:00:00Z,4206.71500,4209.85900,4191.82500,4197.22900,0
2025-11-12T15:00:00Z,4197.17900,4199.41500,4190.30500,4195.71500,0
2025-11-12T16:00:00Z,4195.74500,4201.84500,4190.72500,4194.60500,0
2025-11-12T18:00:00Z,4194.27500,4208.17800,4187.00500,4190.97500,0
2025-11-12T19:00:00Z,4190.96500,4208.72500,4185.70900,4205.71500,0
2025-11-12T20:00:00Z,4205.73500,4209.02500,4179.62500,4191.99500,0
2025-11-12T21:00:00Z,4191.94500,4195.66500,4183.25500,4189.88500,0
2025-11-12T22:00:00Z,4189.85500,4212.90500,4189.79500,4212.56500,0
2025-11-12T23:00:00Z,4212.54500,4219.12500,4203.14500,4209.16500,0
2025-11-13T00:00:00Z,4209.13500,4217.54500,4207.19500,4211.74900,0
2025-11-13T01:00:00Z,4211.74900,4212.07100,4203.06500,4210.26500,0
2025-11-13T02:00:00Z,4210.26500,4219.98500,4208.14500,4219.96500,0
2025-11-13T03:00:00Z,4219.94500,4239.25500,4218.97500,4232.50900,0
2025-11-13T04:00:00Z,4232.50900,4239.31500,4224.76500,4232.92500,0
2025-11-13T05:00:00Z,4232.89500,4239.90500,4221.45500,4225.32500,0
2025-11-13T06:00:00Z,4225.37500,4232.10500,4219.00500,4230.31500,0
2025-11-13T07:00:00Z,4230.16500,4244.92500,4229.89800,4242.39500,0
2025-11-13T08:00:00Z,4242.46500,4243.64500,4220.12500,4231.49800,0
2025-11-13T09:00:00Z,4231.76500,4232.11500,4184.35500,4195.16500,0
2025-11-13T10:00:00Z,4195.03800,4204.86500,4186.19800,4202.27500,0
2025-11-13T11:00:00Z,4202.30500,4210.69800,4195.42500,4206.58500,0
2025-11-13T12:00:00Z,4206.42500,4208.26500,4192.94500,4201.54500,0
2025-11-13T13:00:00Z,4201.61500,4203.03500,4144.96500,4157.63900,0
2025-11-13T14:00:00Z,4157.63900,4170.35500,4145.59500,4163.65500,0
2025-11-13T15:00:00Z,4163.67500,4170.52500,4159.99500,4163.73500,0
2025-11-13T16:00:00Z,4163.68500,4180.90500,4160.93500,4170.86500,0
2025-11-13T18:00:00Z,4168.40800,4186.45500,4168.40800,4185.72500,0
2025-11-13T19:00:00Z,4185.79500,4189.58500,4177.83500,4183.50500,0
2025-11-13T20:00:00Z,4183.29800,4193.49800,4173.34500,4189.64500,0
2025-11-13T21:00:00Z,4189.73500,4210.02500,4188.36500,4206.85500,0
2025-11-13T22:00:00Z,4206.77500,4211.01500,4201.14500,4204.11500,0
2025-11-13T23:00:00Z,4204.08500,4205.45500,4196.67500,4202.93500,0
2025-11-14T00:00:00Z,4202.96500,4203.31500,4183.66500,4189.59800,0
2025-11-14T01:00:00Z,4189.59800,4193.06500,4169.39500,4175.04500,0
2025-11-14T02:00:00Z,4175.02500,4182.18500,4158.68500,4180.95500,0
2025-11-14T03:00:00Z,4180.89500,4186.83500,4169.87500,4175.85500,0
2025-11-14T04:00:00Z,4175.80500,4180.38500,4166.25500,4169.14500,0
2025-11-14T05:00:00Z,4169.10500,4170.85500,4159.02800,4167.69500,0
2025-11-14T06:00:00Z,4167.71500,4169.70500,4130.68500,4132.72500,0
2025-11-14T07:00:00Z,4132.72500,4140.46500,4107.59500,4115.88500,0
2025-11-14T08:00:00Z,4115.90500,4118.83500,4040.98500,4055.53500,0
2025-11-14T09:00:00Z,4055.26500,4083.81500,4031.95500,4082.58500,0
2025-11-14T10:00:00Z,4082.53500,4096.42500,4067.96500,4093.40500,0
2025-11-14T11:00:00Z,4093.51500,4110.91500,4080.73500,4104.97500,0
2025-11-14T12:00:00Z,4105.00500,4110.44500,4093.95500,4099.71500,0
2025-11-14T13:00:00Z,4099.69500,4103.48500,4080.64500,4097.86500,0
2025-11-14T14:00:00Z,4097.89500,4099.82500,4087.52900,4089.78500,0
2025-11-14T15:00:00Z,4089.85500,4092.19500,4075.34500,4086.98900,0
2025-11-14T16:00:00Z,4086.92500,4086.92500,4077.50900,4082.01900,0
2025-11-16T18:00:00Z,4084.89800,4106.29500,4070.39500,4096.19800,0
2025-11-16T19:00:00Z,4096.24800,4098.02800,4080.43500,4082.93500,0
2025-11-16T20:00:00Z,4082.90500,4101.60500,4082.26500,4090.91500,0
2025-11-16T21:00:00Z,4090.78500,4093.55500,4080.46500,4081.45800,0
2025-11-16T22:00:00Z,4081.24900,4085.40500,4069.57500,4082.65500,0
2025-11-16T23:00:00Z,4082.63500,4087.71500,4076.64500,4078.37500,0
2025-11-17T00:00:00Z,4078.41500,4078.51500,4049.50500,4058.10500,0
2025-11-17T01:00:00Z,4058.13500,4071.67500,4054.51500,4065.80500,0
2025-11-17T02:00:00Z,4065.55900,4088.98500,4064.94500,4087.89500,0
2025-11-17T03:00:00Z,4088.09500,4095.68500,4071.88500,4077.19500,0
2025-11-17T04:00:00Z,4077.16500,4088.51500,4072.09500,4081.91500,0
2025-11-17T05:00:00Z,4081.92500,4089.26500,4068.10500,4069.96500,0
2025-11-17T06:00:00Z,4069.98500,4085.69500,4060.90500,4078.25500,0
2025-11-17T07:00:00Z,4078.24500,4085.11500,4074.46500,4076.99500,0
2025-11-17T08:00:00Z,4076.97500,4092.06500,4060.48500,4065.15500,0
2025-11-17T09:00:00Z,4065.17500,4081.77500,4060.43500,4075.99500,0
2025-11-17T10:00:00Z,4076.09500,4077.32500,4060.54500,4064.07500,0
2025-11-17T11:00:00Z,4063.94500,4073.48500,4051.98500,4069.76500,0
2025-11-17T12:00:00Z,4069.83500,4080.89500,4069.39800,4073.09800,0
2025-11-17T13:00:00Z,4073.13500,4075.94500,4062.10500,4062.44500,0
2025-11-17T14:00:00Z,4062.44500,4064.96500,4010.65500,4011.01500,0
2025-11-17T15:00:00Z,4010.98500,4043.92500,4006.73500,4040.80500,0
2025-11-17T16:00:00Z,4040.83500,4045.89800,4038.59500,4044.50500,0
2025-11-17T18:00:00Z,4042.49800,4054.84800,4028.58500,4036.34500,0
2025-11-17T19:00:00Z,4036.43500,4040.97500,4027.04500,4039.82500,0
2025-11-17T20:00:00Z,4039.86500,4044.93500,4022.19800,4024.82500,0
2025-11-17T21:00:00Z,4024.33900,4035.63500,4015.08500,4017.63500,0
2025-11-17T22:00:00Z,4017.61500,4026.25500,4008.21500,4013.07500,0
2025-11-17T23:00:00Z,4013.09500,4017.83500,4004.41900,4010.13500,0
2025-11-18T00:00:00Z,4010.19500,4024.98500,4007.88500,4018.70500,0
2025-11-18T01:00:00Z,4018.78500,4020.27500,4007.41500,4008.66500,0
2025-11-18T02:00:00Z,4008.68500,4017.29500,3997.65800,4013.56500,0
2025-11-18T03:00:00Z,4013.58500,4042.51500,4010.22500,4036.49500,0
2025-11-18T04:00:00Z,4036.46500,4046.99500,4030.03500,4040.01500,0
2025-11-18T05:00:00Z,4040.00500,4050.15500,4037.18500,4043.98500,0
2025-11-18T06:00:00Z,4044.06500,4050.18500,4036.68500,4039.29500,0
2025-11-18T07:00:00Z,4039.31500,4044.93500,4028.90500,4032.23500,0
2025-11-18T08:00:00Z,4032.05500,4070.16500,4031.21500,4065.02500,0
2025-11-18T09:00:00Z,4065.11500,4081.64500,4057.95500,4064.96500,0
2025-11-18T10:00:00Z,4064.89500,4072.17500,4048.95500,4052.76500,0
2025-11-18T11:00:00Z,4052.92500,4068.98500,4040.14500,4066.63500,0
2025-11-18T12:00:00Z,4066.62500,4075.51500,4059.12500,4071.32500,0
2025-11-18T13:00:00Z,4071.42500,4074.56500,4062.94500,4072.37500,0
2025-11-18T14:00:00Z,4072.35500,4081.79800,4072.35500,4080.96500,0
2025-11-18T15:00:00Z,4080.99500,4082.27500,4067.13500,4069.39500,0
2025-11-18T16:00:00Z,4069.42500,4072.19500,4064.73500,4066.60500,0
2025-11-18T18:00:00Z,4067.84800,4077.72500,4065.14500,4076.63500,0
2025-11-18T19:00:00Z,4076.59500,4078.10500,4067.32500,4069.13500,0
2025-11-18T20:00:00Z,4069.16500,4070.12500,4056.15500,4058.89800,0
2025-11-18T21:00:00Z,4058.85900,4080.44500,4055.24800,4075.44500,0
2025-11-18T22:00:00Z,4075.37500,4078.46500,4065.89500,4066.73500,0
2025-11-18T23:00:00Z,4066.75500,4076.78500,4064.33500,4074.98500,0
2025-11-19T00:00:00Z,4075.02500,4097.31500,4074.04500,4095.32500,0
2025-11-19T01:00:00Z,4095.31500,4098.41500,4088.86500,4090.79500,0
2025-11-19T02:00:00Z,4090.79500,4096.66800,4084.62500,4086.74500,0
2025-11-19T03:00:00Z,4086.73500,4088.61500,4078.12500,4083.21500,0
2025-11-19T04:00:00Z,4083.06500,4116.12500,4080.94500,4113.12500,0
2025-11-19T05:00:00Z,4113.21500,4118.90500,4106.86500,4108.84500,0
2025-11-19T06:00:00Z,4108.80500,4117.42500,4106.24500,4112.73500,0
2025-11-19T07:00:00Z,4112.71500,4119.63500,4111.99500,4114.35500,0
2025-11-19T08:00:00Z,4114.39500,4117.58500,4100.61500,4110.49500,0
2025-11-19T09:00:00Z,4110.53500,4128.75500,4101.78500,4127.60500,0
2025-11-19T10:00:00Z,4127.58500,4132.67500,4089.85500,4096.51500,0
2025-11-19T11:00:00Z,4096.45500,4098.36500,4067.71500,4074.45500,0
2025-11-19T12:00:00Z,4074.46500,4080.97500,4055.38500,4078.61500,0
2025-11-19T13:00:00Z,4078.72500,4091.16500,4075.56500,4086.78500,0
2025-11-19T14:00:00Z,4086.77500,4086.82500,4069.04500,4073.47500,0
2025-11-19T15:00:00Z,4073.50500,4081.95500,4072.09500,4076.14500,0
2025-11-19T16:00:00Z,4076.11500,4084.55500,4065.42500,4075.84500,0
2025-11-19T18:00:00Z,4077.26500,4107.82500,4076.38500,4104.16500,0
2025-11-19T19:00:00Z,4104.26500,4109.80500,4100.17500,4102.86500,0
2025-11-19T20:00:00Z,4102.82500,4108.94500,4080.92500,4081.23500,0
2025-11-19T21:00:00Z,4081.08500,4081.41500,4039.99800,4066.71500,0
2025-11-19T22:00:00Z,4066.66500,4085.36500,4064.61500,4072.07500,0
2025-11-19T23:00:00Z,4072.10500,4080.27500,4068.11500,4075.29500,0
2025-11-20T00:00:00Z,4075.30500,4075.69500,4064.18500,4066.50500,0
2025-11-20T01:00:00Z,4066.46500,4077.54500,4058.28500,4068.15500,0
2025-11-20T02:00:00Z,4068.09500,4076.38500,4054.02500,4059.65500,0
2025-11-20T03:00:00Z,4059.53500,4069.22500,4038.60500,4063.27500,0
2025-11-20T04:00:00Z,4063.25500,4072.49500,4055.40500,4063.86500,0
2025-11-20T05:00:00Z,4063.89500,4067.96500,4057.93500,4059.55500,0
2025-11-20T06:00:00Z,4059.54500,4068.26500,4050.75500,4060.51500,0
2025-11-20T07:00:00Z,4060.38500,4081.73500,4059.85500,4081.52500,0
2025-11-20T08:00:00Z,4081.56500,4096.06500,4066.21800,4080.09500,0
2025-11-20T09:00:00Z,4079.91500,4107.05500,4071.90500,4092.67500,0
2025-11-20T10:00:00Z,4092.67500,4098.47500,4069.89800,4070.02800,0
2025-11-20T11:00:00Z,4069.96500,4082.29500,4044.48500,4048.89500,0
2025-11-20T12:00:00Z,4048.76500,4068.22500,4043.34800,4065.94500,0
2025-11-20T13:00:00Z,4065.89500,4072.31500,4055.93500,4060.28500,0
2025-11-20T14:00:00Z,4060.26500,4086.96500,4058.69900,4084.39800,0
2025-11-20T15:00:00Z,4084.37500,4084.84800,4073.15500,4077.10500,0
2025-11-20T16:00:00Z,4077.10500,4080.83500,4074.09500,4076.51500,0
2025-11-20T18:00:00Z,4074.49800,4088.64500,4072.32500,4078.67500,0
2025-11-20T19:00:00Z,4078.66500,4081.01500,4071.31500,4073.60500,0
2025-11-20T20:00:00Z,4073.62500,4074.37500,4060.26500,4068.32500,0
2025-11-20T21:00:00Z,4068.32500,4079.80500,4056.22500,4056.94500,0
2025-11-20T22:00:00Z,4056.95500,4059.19500,4049.06500,4055.88500,0
2025-11-20T23:00:00Z,4055.89500,4062.15500,4047.35800,4052.00500,0
2025-11-21T00:00:00Z,4052.00500,4059.54500,4039.63500,4058.26500,0
2025-11-21T01:00:00Z,4058.30500,4064.64500,4028.96500,4032.43500,0
2025-11-21T02:00:00Z,4032.32900,4039.52500,4024.53800,4031.32500,0
2025-11-21T03:00:00Z,4031.36500,4047.78500,4022.07500,4040.83500,0
2025-11-21T04:00:00Z,4040.80500,4063.14500,4039.90500,4050.24500,0
2025-11-21T05:00:00Z,4050.21500,4052.42500,4032.05500,4036.79500,0
2025-11-21T06:00:00Z,4036.77500,4046.61500,4030.80500,4036.32500,0
2025-11-21T07:00:00Z,4036.27500,4071.54800,4034.48500,4065.59500,0
2025-11-21T08:00:00Z,4065.64500,4081.03500,4058.88900,4079.38500,0
2025-11-21T09:00:00Z,4079.36500,4083.64500,4061.31500,4071.02500,0
2025-11-21T10:00:00Z,4070.69800,4076.50500,4054.87800,4069.36500,0
2025-11-21T11:00:00Z,4069.28900,4100.42500,4062.70500,4099.67500,0
2025-11-21T12:00:00Z,4099.61900,4100.83900,4078.79500,4085.33500,0
2025-11-21T13:00:00Z,4085.26900,4087.96900,4076.20500,4082.60900,0
2025-11-21T14:00:00Z,4082.60900,4091.88900,4082.34500,4087.35900,0
2025-11-21T15:00:00Z,4087.36500,4088.49500,4054.95500,4067.09800,0
2025-11-21T16:00:00Z,4067.09800,4068.89800,4054.38500,4064.27900,0
2025-11-23T18:00:00Z,4070.09800,4077.28500,4064.74500,4074.90500,0
2025-11-23T19:00:00Z,4074.89500,4075.85500,4057.93500,4067.19800,0
2025-11-23T20:00:00Z,4067.25800,4073.03800,4042.38500,4043.84500,0
2025-11-23T21:00:00Z,4043.80500,4051.38500,4040.37500,4043.34500,0
2025-11-23T22:00:00Z,4043.32500,4057.96500,4043.32500,4050.11500,0
2025-11-23T23:00:00Z,4050.07500,4061.09500,4041.93500,4043.88500,0
2025-11-24T00:00:00Z,4043.92500,4049.28500,4039.94500,4046.20500,0
2025-11-24T01:00:00Z,4046.17500,4057.75500,4045.30500,4053.04500,0
2025-11-24T02:00:00Z,4053.05500,4067.36500,4051.18500,4059.87500,0
2025-11-24T03:00:00Z,4059.82500,4066.77500,4059.42500,4063.17500,0
2025-11-24T04:00:00Z,4063.13500,4074.06500,4062.84500,4071.69500,0
2025-11-24T05:00:00Z,4071.71500,4077.01500,4062.93500,4063.59500,0
2025-11-24T06:00:00Z,4063.55500,4071.43500,4062.88500,4069.73500,0
2025-11-24T07:00:00Z,4069.71500,4083.78500,4065.32500,4080.08500,0
2025-11-24T08:00:00Z,4080.11500,4085.57500,4073.33500,4077.52500,0
2025-11-24T09:00:00Z,4077.54500,4085.96800,4068.07500,4081.12500,0
2025-11-24T10:00:00Z,4081.23500,4093.57500,4080.98500,4091.53800,0
2025-11-24T11:00:00Z,4091.47500,4098.67500,4089.39800,4096.96500,0
2025-11-24T12:00:00Z,4096.97500,4100.17500,4088.54800,4092.70500,0
2025-11-24T13:00:00Z,4092.70500,4125.55500,4087.68500,4120.20500,0
2025-11-24T14:00:00Z,4120.26500,4123.89500,4113.72500,4118.24500,0
2025-11-24T15:00:00Z,4118.18900,4133.40500,4117.72500,4132.31500,0
2025-11-24T16:00:00Z,4132.24800,4139.63500,4129.74500,4134.71900,0
2025-11-24T18:00:00Z,4131.37800,4144.14800,4124.76500,4143.49800,0
2025-11-24T19:00:00Z,4143.29800,4144.19800,4127.16500,4129.28500,0
2025-11-24T20:00:00Z,4129.46500,4138.95500,4122.26500,4134.50500,0
2025-11-24T21:00:00Z,4134.47500,4155.58500,4132.52500,4150.35800,0
2025-11-24T22:00:00Z,4150.36800,4150.45800,4139.21500,4142.89500,0
2025-11-24T23:00:00Z,4142.89500,4148.04500,4139.21500,4140.44500,0
2025-11-25T00:00:00Z,4140.49800,4151.72500,4140.49800,4150.76500,0
2025-11-25T01:00:00Z,4150.70500,4151.81500,4138.36500,4141.23500,0
2025-11-25T02:00:00Z,4141.18500,4145.65500,4129.78500,4132.16800,0
2025-11-25T03:00:00Z,4132.18500,4139.13800,4109.41500,4115.70900,0
2025-11-25T04:00:00Z,4115.79500,4131.18500,4113.76500,4128.22500,0
2025-11-25T05:00:00Z,4128.24500,4138.58500,4127.19500,4131.11500,0
2025-11-25T06:00:00Z,4131.09500,4137.18500,4127.62500,4133.27500,0
2025-11-25T07:00:00Z,4133.26500,4138.58500,4115.93500,4129.62500,0
2025-11-25T08:00:00Z,4129.68500,4150.54800,4129.21500,4147.36900,0
2025-11-25T09:00:00Z,4147.34800,4148.33800,4110.68500,4125.05500,0
2025-11-25T10:00:00Z,4125.05500,4133.64500,4117.64500,4123.07800,0
2025-11-25T11:00:00Z,4123.07800,4141.05800,4121.85800,4136.14500,0
2025-11-25T12:00:00Z,4136.14500,4159.04500,4135.80500,4145.93500,0
2025-11-25T13:00:00Z,4145.94500,4150.66500,4132.34500,4133.97500,0
2025-11-25T14:00:00Z,4133.94500,4140.02500,4128.29800,4133.50500,0
2025-11-25T15:00:00Z,4133.53500,4138.12900,4130.38500,4132.00500,0
2025-11-25T16:00:00Z,4132.05900,4132.24500,4127.67800,4130.50500,0
2025-11-25T18:00:00Z,4131.09800,4136.71500,4129.57500,4133.50500,0
2025-11-25T19:00:00Z,4133.52500,4144.10500,4132.44500,4142.55500,0
2025-11-25T20:00:00Z,4142.67500,4152.58500,4138.31500,4148.13500,0
2025-11-25T21:00:00Z,4148.10500,4166.37500,4147.07500,4161.43500,0
2025-11-25T22:00:00Z,4161.74500,4169.25500,4159.94500,4165.76500,0
2025-11-25T23:00:00Z,4165.74500,4166.77500,4156.25500,4161.66500,0
2025-11-26T00:00:00Z,4161.68500,4168.42500,4159.99500,4162.05500,0
2025-11-26T01:00:00Z,4161.96500,4162.50500,4146.43500,4149.81500,0
2025-11-26T02:00:00Z,4149.82500,4161.35500,4148.94500,4157.20500,0
2025-11-26T03:00:00Z,4157.22500,4168.21500,4154.47500,4160.77500,0
2025-11-26T04:00:00Z,4160.71500,4164.26500,4156.17500,4162.48500,0
2025-11-26T05:00:00Z,4162.50500,4164.84500,4155.73500,4159.77500,0
2025-11-26T06:00:00Z,4159.84800,4172.84800,4157.47500,4171.30500,0
2025-11-26T07:00:00Z,4171.27500,4173.14500,4148.60500,4154.95500,0
2025-11-26T08:00:00Z,4154.98500,4166.37500,4148.79500,4153.14800,0
2025-11-26T09:00:00Z,4153.14800,4156.66500,4140.00000,4141.82500,0
2025-11-26T10:00:00Z,4141.82500,4165.48500,4135.67500,4165.11500,0
2025-11-26T11:00:00Z,4165.23500,4168.38500,4160.45500,4166.91500,0
2025-11-26T12:00:00Z,4166.94500,4169.67500,4164.86500,4167.06500,0
2025-11-26T13:00:00Z,4167.08500,4171.48500,4157.85500,4164.55500,0
2025-11-26T14:00:00Z,4164.52500,4169.54500,4162.28500,4163.08500,0
2025-11-26T15:00:00Z,4163.06500,4167.28500,4161.16500,4163.79500,0
2025-11-26T16:00:00Z,4163.79500,4167.36500,4161.98500,4162.56500,0
2025-11-26T18:00:00Z,4164.16500,4168.40500,4161.82500,4164.24800,0
2025-11-26T19:00:00Z,4163.82500,4166.79800,4161.45800,4164.28500,0
2025-11-26T20:00:00Z,4164.26500,4165.10500,4148.48500,4154.06500,0
2025-11-26T21:00:00Z,4154.09500,4156.00500,4144.31500,4145.26500,0
2025-11-26T22:00:00Z,4145.23500,4150.42500,4143.94500,4147.20500,0
2025-11-26T23:00:00Z,4147.17500,4154.48500,4142.42500,4150.66500,0
2025-11-27T00:00:00Z,4150.65500,4154.53500,4144.42500,4146.79800,0
2025-11-27T01:00:00Z,4146.72500,4158.99500,4146.72500,4157.30500,0
2025-11-27T02:00:00Z,4157.30500,4162.23500,4155.29500,4159.82800,0
2025-11-27T03:00:00Z,4159.90500,4166.82500,4159.30500,4165.55500,0
2025-11-27T04:00:00Z,4165.55500,4165.62500,4148.16500,4158.30500,0
2025-11-27T05:00:00Z,4158.31500,4160.33500,4152.18500,4156.22500,0
2025-11-27T06:00:00Z,4156.20500,4162.23500,4155.67500,4157.11500,0
2025-11-27T07:00:00Z,4157.12500,4159.00500,4153.31500,4153.88500,0
2025-11-27T08:00:00Z,4153.65500,4157.87500,4148.89500,4154.70500,0
2025-11-27T09:00:00Z,4154.73500,4160.50500,4152.68500,4153.06500,0
2025-11-27T10:00:00Z,4153.08500,4161.57500,4152.74500,4157.82500,0
2025-11-27T11:00:00Z,4157.80500,4158.14500,4151.23500,4156.09500,0
2025-11-27T12:00:00Z,4156.11500,4158.96500,4154.46500,4157.67500,0
2025-11-27T13:00:00Z,4157.66500,4159.65500,4155.54500,4158.96500,0
2025-11-27T14:00:00Z,4158.95500,4160.11500,4157.44800,4157.44800,0
2025-11-27T18:00:00Z,4156.82500,4163.56500,4156.35500,4163.02500,0
2025-11-27T19:00:00Z,4163.02500,4183.30500,4162.62500,4180.42500,0
2025-11-27T20:00:00Z,4180.40500,4193.01500,4180.34500,4190.95500,0
2025-11-27T21:00:00Z,4190.89500,4191.77800,4185.75500,4188.63500,0
2025-11-27T22:00:00Z,4188.63500,4191.65500,4181.91500,4183.63500,0
2025-11-27T23:00:00Z,4183.55500,4188.58500,4176.85800,4188.43500,0
2025-11-28T00:00:00Z,4188.21500,4188.51500,4174.97900,4181.82500,0
2025-11-28T01:00:00Z,4181.53500,4188.49500,4180.16500,4186.89500,0
2025-11-28T02:00:00Z,4186.92500,4187.35500,4170.74000,4174.29500,0
2025-11-28T03:00:00Z,4174.29500,4174.74500,4150.07500,4167.98500,0
2025-11-28T04:00:00Z,4167.97900,4167.97900,4155.22500,4165.31900,0
2025-11-28T05:00:00Z,4165.40900,4177.37900,4159.07800,4162.56900,0
2025-11-28T06:00:00Z,4162.56900,4179.45500,4161.71900,4170.91800,0
2025-11-28T07:00:00Z,4170.91800,4177.45800,4166.93500,4175.93500,0
2025-11-28T08:00:00Z,4175.93500,4182.71500,4168.03800,4182.38500,0
2025-11-28T09:00:00Z,4182.38500,4208.63500,4182.38500,4197.77500,0
2025-11-28T10:00:00Z,4197.76500,4203.89500,4185.41500,4203.64500,0
2025-11-28T11:00:00Z,4203.56500,4210.65500,4197.59500,4206.08500,0
2025-11-28T12:00:00Z,4206.09500,4216.78500,4204.16500,4216.69500,0
2025-11-28T13:00:00Z,4216.78500,4226.73500,4210.75500,4220.20500,0
2025-11-28T14:00:00Z,4220.18500,4221.72500,4216.05500,4218.95900,0
2025-11-30T18:00:00Z,4222.29800,4230.34900,4204.34800,4221.80500,0
2025-11-30T19:00:00Z,4221.65500,4233.37500,4218.05500,4230.52500,0
2025-11-30T20:00:00Z,4230.49500,4256.05500,4219.56500,4255.25500,0
2025-11-30T21:00:00Z,4255.23500,4256.24500,4233.91500,4242.47500,0
2025-11-30T22:00:00Z,4242.47500,4243.65500,4232.32500,4239.05500,0
2025-11-30T23:00:00Z,4239.07500,4246.66500,4236.15500,4245.35500,0
2025-12-01T00:00:00Z,4245.39500,4246.37500,4215.27500,4229.31500,0
2025-12-01T01:00:00Z,4229.29500,4240.23500,4225.88500,4236.72500,0
2025-12-01T02:00:00Z,4237.04500,4246.36800,4231.62800,4244.99800,0
2025-12-01T03:00:00Z,4244.99800,4253.32500,4237.95800,4244.37500,0
2025-12-01T04:00:00Z,4244.39500,4251.46500,4243.41500,4249.75500,0
2025-12-01T05:00:00Z,4249.78500,4262.02500,4248.88800,4255.26500,0
2025-12-01T06:00:00Z,4255.39500,4258.21500,4247.94500,4254.35500,0
2025-12-01T07:00:00Z,4254.33500,4256.44500,4243.97500,4246.34500,0
2025-12-01T08:00:00Z,4246.37500,4264.38500,4245.44500,4247.17500,0
2025-12-01T09:00:00Z,4247.22500,4249.09500,4219.34500,4239.35500,0
2025-12-01T10:00:00Z,4239.35500,4244.59900,4219.42500,4232.22500,0
2025-12-01T11:00:00Z,4232.25500,4242.34500,4225.00500,4226.00500,0
2025-12-01T12:00:00Z,4226.12500,4239.85800,4222.83500,4232.02500,0
2025-12-01T13:00:00Z,4232.06500,4244.48500,4232.06500,4240.07500,0
2025-12-01T14:00:00Z,4240.11500,4243.64800,4229.08900,4236.74500,0
2025-12-01T15:00:00Z,4236.67500,4241.22500,4234.22500,4237.19500,0
2025-12-01T16:00:00Z,4237.05500,4240.22500,4229.99500,4231.25500,0
2025-12-01T18:00:00Z,4231.19800,4235.85500,4224.23500,4227.24800,0
2025-12-01T19:00:00Z,4227.34800,4229.47500,4221.36500,4226.52500,0
2025-12-01T20:00:00Z,4226.41500,4226.87500,4197.89500,4219.31500,0
2025-12-01T21:00:00Z,4219.28500,4224.35500,4214.17500,4221.40500,0
2025-12-01T22:00:00Z,4221.38500,4226.16800,4215.43500,4216.51500,0
2025-12-01T23:00:00Z,4216.54500,4220.42500,4213.42500,4218.51500,0
2025-12-02T00:00:00Z,4218.47500,4225.32500,4214.86500,4224.71500,0
2025-12-02T01:00:00Z,4224.71800,4226.10500,4202.98500,4212.57500,0
2025-12-02T02:00:00Z,4212.59500,4219.19500,4209.45500,4213.16500,0
2025-12-02T03:00:00Z,4213.19500,4216.95500,4206.87500,4209.98500,0
2025-12-02T04:00:00Z,4209.93500,4212.97500,4180.89500,4191.78500,0
2025-12-02T05:00:00Z,4191.68500,4192.21500,4182.04500,4185.52500,0
2025-12-02T06:00:00Z,4185.49500,4205.73500,4184.73500,4205.28500,0
2025-12-02T07:00:00Z,4205.25500,4209.39500,4200.81500,4208.45500,0
2025-12-02T08:00:00Z,4208.71500,4215.02500,4201.91500,4212.28500,0
2025-12-02T09:00:00Z,4212.24500,4230.36500,4212.12500,4218.73500,0
2025-12-02T10:00:00Z,4218.63500,4219.41500,4163.45800,4169.25500,0
2025-12-02T11:00:00Z,4169.37500,4190.03500,4166.54500,4184.65500,0
2025-12-02T12:00:00Z,4184.74500,4196.66500,4184.46500,4193.68500,0
2025-12-02T13:00:00Z,4193.57500,4196.69500,4182.98500,4190.61500,0
2025-12-02T14:00:00Z,4190.64500,4200.04800,4190.64500,4196.13500,0
2025-12-02T15:00:00Z,4196.16500,4212.21500,4194.55500,4209.89500,0
2025-12-02T16:00:00Z,4209.88500,4211.57500,4204.99800,4205.69500,0
2025-12-02T18:00:00Z,4206.99800,4215.82500,4202.09800,4212.43500,0
2025-12-02T19:00:00Z,4212.40500,4212.60500,4204.32500,4211.66500,0
2025-12-02T20:00:00Z,4211.40800,4220.92500,4211.40800,4214.21500,0
2025-12-02T21:00:00Z,4214.18500,4228.76500,4214.02500,4226.43500,0
2025-12-02T22:00:00Z,4226.41500,4227.31500,4219.82500,4220.93500,0
2025-12-02T23:00:00Z,4220.87500,4225.18500,4217.07500,4222.15500,0
2025-12-03T00:00:00Z,4222.08500,4223.73500,4203.15500,4207.44800,0
2025-12-03T01:00:00Z,4207.44800,4211.65500,4204.49500,4207.90500,0
2025-12-03T02:00:00Z,4207.97500,4210.12500,4200.06500,4206.08500,0
2025-12-03T03:00:00Z,4206.51500,4210.00800,4203.57500,4206.24500,0
2025-12-03T04:00:00Z,4206.17500,4207.37500,4196.93500,4201.94500,0
2025-12-03T05:00:00Z,4201.85500,4204.69500,4194.40500,4200.41500,0
2025-12-03T06:00:00Z,4200.44500,4208.96500,4196.86500,4208.46500,0
2025-12-03T07:00:00Z,4208.50500,4214.13500,4204.87500,4213.30500,0
2025-12-03T08:00:00Z,4213.36500,4238.24500,4210.75800,4237.05500,0
2025-12-03T09:00:00Z,4237.02500,4241.23500,4204.83500,4211.85500,0
2025-12-03T10:00:00Z,4209.81500,4229.22500,4205.79500,4216.14500,0
2025-12-03T11:00:00Z,4216.10500,4224.98500,4195.58500,4200.61500,0
2025-12-03T12:00:00Z,4200.61500,4215.19500,4200.07500,4210.79500,0
2025-12-03T13:00:00Z,4210.83500,4211.29500,4194.94500,4196.74500,0
2025-12-03T14:00:00Z,4196.93500,4209.79800,4196.70500,4207.62500,0
2025-12-03T15:00:00Z,4207.63500,4212.56500,4203.28800,4205.94500,0
2025-12-03T16:00:00Z,4206.02500,4209.86500,4201.91500,4202.41500,0
2025-12-03T18:00:00Z,4202.89800,4208.73900,4202.44500,4206.98500,0
2025-12-03T19:00:00Z,4206.95500,4215.64500,4204.34500,4211.47500,0
2025-12-03T20:00:00Z,4211.44500,4216.71500,4205.58500,4208.94500,0
2025-12-03T21:00:00Z,4209.02500,4209.02500,4198.75500,4200.36500,0
2025-12-03T22:00:00Z,4200.39500,4201.29500,4187.12500,4195.56500,0
2025-12-03T23:00:00Z,4195.50500,4198.88500,4192.54500,4196.74500,0
2025-12-04T00:00:00Z,4196.70500,4198.83500,4175.00500,4180.85500,0
2025-12-04T01:00:00Z,4180.88500,4190.13500,4178.45500,4189.97500,0
2025-12-04T02:00:00Z,4190.01500,4194.90500,4186.33500,4193.59500,0
2025-12-04T03:00:00Z,4193.58500,4196.19800,4184.56500,4184.56500,0
2025-12-04T04:00:00Z,4184.75500,4202.02500,4183.31500,4199.71500,0
2025-12-04T05:00:00Z,4199.73500,4202.53500,4196.40500,4197.12500,0
2025-12-04T06:00:00Z,4197.16500,4206.33500,4196.91900,4198.30500,0
2025-12-04T07:00:00Z,4198.19900,4201.60500,4188.50500,4190.24500,0
2025-12-04T08:00:00Z,4190.14500,4198.24500,4185.15500,4198.09500,0
2025-12-04T09:00:00Z,4198.04500,4213.27500,4193.28500,4201.02500,0
2025-12-04T10:00:00Z,4201.02500,4210.02500,4191.21500,4207.14800,0
2025-12-04T11:00:00Z,4207.23500,4219.25500,4206.31500,4215.46500,0
2025-12-04T12:00:00Z,4215.57500,4217.42500,4208.65500,4216.40500,0
2025-12-04T13:00:00Z,4216.35500,4217.39500,4207.17500,4207.75500,0
2025-12-04T14:00:00Z,4207.83500,4209.91500,4199.43500,4208.77500,0
2025-12-04T15:00:00Z,4208.63500,4210.14800,4205.24500,4209.68500,0
2025-12-04T16:00:00Z,4209.67500,4210.09500,4206.90500,4207.41500,0
2025-12-04T18:00:00Z,4206.89800,4209.59800,4203.65500,4205.91500,0
2025-12-04T19:00:00Z,4205.97500,4210.25500,4200.91800,4201.48500,0
2025-12-04T20:00:00Z,4201.41500,4204.22500,4194.46500,4202.78500,0
2025-12-04T21:00:00Z,4202.81500,4208.37500,4196.47800,4206.99800,0
2025-12-04T22:00:00Z,4206.99800,4210.51800,4201.44500,4209.34500,0
2025-12-04T23:00:00Z,4209.32500,4217.25500,4207.81500,4216.56500,0
2025-12-05T00:00:00Z,4216.56500,4221.19500,4214.13500,4220.34500,0
2025-12-05T01:00:00Z,4220.32500,4229.00500,4218.38500,4224.36500,0
2025-12-05T02:00:00Z,4224.40500,4230.48500,4222.28500,4224.24500,0
2025-12-05T03:00:00Z,4224.24500,4226.98500,4220.34500,4220.38500,0
2025-12-05T04:00:00Z,4220.21800,4224.93500,4215.73500,4223.17500,0
2025-12-05T05:00:00Z,4223.19500,4227.30500,4222.25500,4222.75800,0
2025-12-05T06:00:00Z,4222.75800,4225.55500,4219.83500,4223.52500,0
2025-12-05T07:00:00Z,4223.52500,4229.58500,4222.63500,4228.54500,0
2025-12-05T08:00:00Z,4228.57500,4238.70500,4221.28500,4234.36500,0
2025-12-05T09:00:00Z,4234.34500,4245.19800,4228.04500,4241.49500,0
2025-12-05T10:00:00Z,4241.48500,4259.10500,4233.94500,4243.46500,0
2025-12-07T18:00:00Z,4199.61500,4202.49500,4193.38500,4200.66500,0
2025-12-07T19:00:00Z,4201.24500,4211.60500,4199.26500,4210.50500,0
2025-12-07T20:00:00Z,4210.52500,4211.59800,4197.22500,4200.89500,0
2025-12-07T21:00:00Z,4200.91500,4212.32500,4198.28500,4208.19500,0
2025-12-07T22:00:00Z,4208.22500,4212.91500,4206.63500,4209.91500,0
2025-12-07T23:00:00Z,4209.87500,4213.04500,4206.78500,4208.38500,0
2025-12-08T00:00:00Z,4208.35500,4217.02500,4204.43500,4217.00500,0
2025-12-08T01:00:00Z,4216.98500,4218.75500,4211.92500,4216.80500,0
2025-12-08T02:00:00Z,4216.83500,4217.25500,4206.07500,4206.59500,0
2025-12-08T03:00:00Z,4206.56500,4216.40500,4202.89500,4209.59500,0
2025-12-08T04:00:00Z,4209.38500,4212.70500,4204.03500,4207.64800,0
2025-12-08T05:00:00Z,4207.61500,4210.25500,4200.88500,4203.39500,0
2025-12-08T06:00:00Z,4203.35500,4214.07500,4199.41800,4208.39500,0
2025-12-08T07:00:00Z,4208.37500,4215.27500,4208.24800,4213.57500,0
2025-12-08T08:00:00Z,4213.56500,4214.46500,4197.52500,4201.49500,0
2025-12-08T09:00:00Z,4201.57500,4211.60500,4195.39800,4196.30500,0
2025-12-08T10:00:00Z,4196.27800,4196.51500,4175.99800,4182.66500,0
2025-12-08T11:00:00Z,4182.62500,4197.65500,4176.66500,4191.39500,0
2025-12-08T12:00:00Z,4191.37500,4195.45500,4185.39500,4194.75500,0
2025-12-08T13:00:00Z,4194.79500,4195.50500,4184.25500,4187.03500,0
2025-12-08T14:00:00Z,4187.10500,4188.66500,4184.03500,4186.86500,0
2025-12-08T15:00:00Z,4186.79500,4195.35500,4184.70500,4191.41500,0
2025-12-08T16:00:00Z,4191.42500,4193.07500,4188.16500,4189.88500,0
2025-12-08T18:00:00Z,4189.29800,4195.06500,4188.53500,4194.53500,0
2025-12-08T19:00:00Z,4194.43500,4195.51500,4189.71500,4190.25500,0
2025-12-08T20:00:00Z,4190.20500,4197.11500,4188.54500,4196.01500,0
2025-12-08T21:00:00Z,4195.99500,4196.95500,4185.78500,4189.66500,0
2025-12-08T22:00:00Z,4189.70500,4198.56800,4189.70500,4194.40500,0
2025-12-08T23:00:00Z,4194.29500,4195.43500,4184.27500,4186.57500,0
2025-12-09T00:00:00Z,4186.55500,4187.05500,4177.80500,4179.41500,0
2025-12-09T01:00:00Z,4179.46500,4183.82500,4169.84500,4181.75500,0
2025-12-09T02:00:00Z,4181.82500,4185.66500,4175.61500,4182.13500,0
2025-12-09T03:00:00Z,4182.18500,4191.72500,4182.18500,4191.35500,0
2025-12-09T04:00:00Z,4191.39800,4212.64500,4190.49800,4202.63500,0
2025-12-09T05:00:00Z,4202.92500,4208.16500,4201.09500,4203.82500,0
2025-12-09T06:00:00Z,4203.79500,4206.32500,4200.96500,4202.88500,0
2025-12-09T07:00:00Z,4202.95500,4207.35500,4198.32500,4203.94800,0
2025-12-09T08:00:00Z,4204.02500,4207.97500,4195.44500,4201.17500,0
2025-12-09T09:00:00Z,4201.38500,4210.19500,4189.22900,4204.48500,0
2025-12-09T10:00:00Z,4204.46500,4216.10500,4189.80500,4212.28800,0
2025-12-09T11:00:00Z,4212.27800,4221.34500,4209.79800,4212.10500,0
2025-12-09T12:00:00Z,4212.12500,4216.04500,4201.47500,4202.83500,0
2025-12-09T13:00:00Z,4202.80500,4209.66500,4201.08500,4208.89500,0
2025-12-09T14:00:00Z,4208.65500,4214.25500,4206.97500,4212.40500,0
2025-12-09T15:00:00Z,4212.37500,4215.80500,4208.70800,4211.92500,0
2025-12-09T16:00:00Z,4211.98500,4212.79500,4206.91500,4207.07500,0
2025-12-09T18:00:00Z,4207.23500,4212.79800,4204.89500,4210.44800,0
2025-12-09T19:00:00Z,4210.44800,4212.36500,4206.69800,4207.98500,0
2025-12-09T20:00:00Z,4207.99900,4217.85500,4206.64800,4213.53500,0
2025-12-09T21:00:00Z,4213.52900,4218.61500,4211.37500,4216.83500,0
2025-12-09T22:00:00Z,4216.81500,4216.98500,4203.36500,4206.09500,0
2025-12-09T23:00:00Z,4206.02500,4209.50500,4205.21800,4206.82500,0
2025-12-10T00:00:00Z,4206.74800,4214.22500,4201.52500,4211.18500,0
2025-12-10T01:00:00Z,4211.14500,4211.50500,4202.76500,4207.08500,0
2025-12-10T02:00:00Z,4207.09500,4208.99500,4202.98500,4203.14500,0
2025-12-10T03:00:00Z,4203.11500,4206.43500,4196.80500,4197.71500,0
2025-12-10T04:00:00Z,4197.65500,4200.28500,4192.44500,4194.14500,0
2025-12-10T05:00:00Z,4194.11500,4196.30500,4187.52500,4192.99500,0
2025-12-10T06:00:00Z,4193.08500,4197.56500,4192.41500,4197.13500,0
2025-12-10T07:00:00Z,4197.11500,4202.09500,4195.08500,4196.26500,0
2025-12-10T08:00:00Z,4196.21500,4204.94500,4192.85500,4200.46500,0
2025-12-10T09:00:00Z,4200.44500,4206.82500,4191.09500,4192.28500,0
2025-12-10T10:00:00Z,4192.31500,4201.00500,4188.64500,4193.47500,0
2025-12-10T11:00:00Z,4193.57500,4204.91500,4192.68500,4204.64500,0
2025-12-10T12:00:00Z,4204.64500,4204.64500,4196.69800,4199.58500,0
2025-12-10T13:00:00Z,4199.61500,4200.55500,4191.83500,4193.39800,0
2025-12-10T14:00:00Z,4193.40800,4219.54500,4181.56500,4216.36500,0
2025-12-10T15:00:00Z,4216.33500,4238.44500,4210.93500,4229.34800,0
2025-12-10T16:00:00Z,4229.20500,4232.06500,4221.07500,4227.64500,0
2025-12-10T18:00:00Z,4228.44800,4233.94500,4223.83500,4232.22500,0
2025-12-10T19:00:00Z,4232.23500,4244.96500,4231.20500,4237.02500,0
2025-12-10T20:00:00Z,4237.00500,4247.46500,4232.79500,4238.05500,0
2025-12-10T21:00:00Z,4238.03500,4240.55500,4220.22500,4222.01500,0
2025-12-10T22:00:00Z,4221.97500,4224.70500,4209.09500,4216.53500,0
2025-12-10T23:00:00Z,4216.46900,4218.18500,4208.23500,4213.28500,0
2025-12-11T00:00:00Z,4213.26500,4216.04500,4205.84800,4207.11500,0
2025-12-11T01:00:00Z,4207.15500,4215.24500,4203.90500,4214.28500,0
2025-12-11T02:00:00Z,4214.31500,4218.49500,4210.35500,4215.84500,0
2025-12-11T03:00:00Z,4215.86500,4219.39500,4212.63500,4216.41500,0
2025-12-11T04:00:00Z,4216.39500,4221.28500,4210.19500,4218.19500,0
2025-12-11T05:00:00Z,4218.22500,4225.77500,4211.54500,4216.80500,0
2025-12-11T06:00:00Z,4216.82500,4218.93500,4209.44500,4210.99500,0
2025-12-11T07:00:00Z,4211.01500,4220.29500,4208.52500,4220.23500,0
2025-12-11T08:00:00Z,4220.27500,4223.23500,4205.03500,4220.77500,0
2025-12-11T09:00:00Z,4220.88500,4244.33500,4217.68500,4229.99500,0
2025-12-11T10:00:00Z,4229.96500,4261.21500,4225.97500,4255.78500,0
2025-12-11T11:00:00Z,4255.82500,4278.74800,4249.85500,4273.35500,0
2025-12-11T12:00:00Z,4273.37500,4281.49800,4272.00500,4278.48500,0
2025-12-11T13:00:00Z,4278.46500,4285.70500,4266.51500,4267.97500,0
2025-12-11T14:00:00Z,4267.71500,4277.49500,4262.30500,4273.31500,0
2025-12-11T15:00:00Z,4273.28500,4276.29800,4263.99500,4275.94800,0
2025-12-11T16:00:00Z,4276.09800,4283.54800,4272.47500,4279.39500,0
2025-12-11T18:00:00Z,4278.89800,4283.24500,4271.93500,4275.90500,0
2025-12-11T19:00:00Z,4275.90500,4279.94800,4268.74500,4269.24500,0
2025-12-11T20:00:00Z,4269.26500,4275.92500,4264.14800,4270.75500,0
2025-12-11T21:00:00Z,4270.70500,4276.71500,4269.04500,4270.18500,0
2025-12-11T22:00:00Z,4270.15500,4274.41500,4268.59500,4270.42500,0
2025-12-11T23:00:00Z,4270.40500,4270.74500,4266.05500,4266.08500,0
2025-12-12T00:00:00Z,4266.13500,4280.42500,4265.80500,4278.60800,0
2025-12-12T01:00:00Z,4278.60800,4283.01500,4276.19800,4282.64500,0
2025-12-12T02:00:00Z,4282.67500,4290.24500,4281.13500,4286.97500,0
2025-12-12T03:00:00Z,4286.89500,4309.23800,4286.89500,4307.94800,0
2025-12-12T04:00:00Z,4307.99800,4320.27800,4306.64800,4318.03800,0
2025-12-12T05:00:00Z,4318.07800,4330.82500,4314.56500,4329.65500,0
2025-12-12T06:00:00Z,4329.64500,4339.07500,4326.77500,4336.16500,0
2025-12-12T07:00:00Z,4336.13500,4339.04500,4324.48500,4325.50500,0
2025-12-12T08:00:00Z,4325.87300,4345.93500,4321.16500,4340.82500,0
2025-12-12T09:00:00Z,4340.83500,4353.32500,4330.78500,4346.58900,0
2025-12-12T10:00:00Z,4346.58900,4351.21500,4282.89500,4290.07500,0
2025-12-12T11:00:00Z,4290.05500,4296.28500,4256.84500,4281.56500,0
2025-12-12T12:00:00Z,4281.78500,4298.22500,4270.70500,4294.07500,0
2025-12-12T13:00:00Z,4294.10500,4303.55500,4290.38500,4294.73500,0
2025-12-12T14:00:00Z,4295.00500,4299.54500,4289.64800,4296.38500,0
2025-12-12T15:00:00Z,4296.36500,4302.76500,4288.47500,4299.10500,0
2025-12-12T16:00:00Z,4299.13500,4303.93500,4297.47000,4298.70500,0
2025-12-14T18:00:00Z,4299.29800,4308.19500,4293.79800,4301.97500,0
2025-12-14T19:00:00Z,4302.15500,4307.66500,4299.94500,4307.19800,0
2025-12-14T20:00:00Z,4307.19800,4325.55500,4305.27500,4322.31500,0
2025-12-14T21:00:00Z,4322.12500,4329.02500,4320.47800,4326.05500,0
2025-12-14T22:00:00Z,4326.10500,4329.41500,4319.06500,4327.00500,0
2025-12-14T23:00:00Z,4326.95500,4329.83500,4322.91500,4325.88500,0
2025-12-15T00:00:00Z,4325.94500,4344.15500,4324.54500,4343.33500,0
2025-12-15T01:00:00Z,4343.31500,4347.18500,4339.12800,4343.31500,0
2025-12-15T02:00:00Z,4343.31500,4344.44500,4333.25800,4338.98500,0
2025-12-15T03:00:00Z,4338.97500,4348.81500,4338.46500,4346.78500,0
2025-12-15T04:00:00Z,4346.61500,4349.99500,4342.14500,4342.30500,0
2025-12-15T05:00:00Z,4342.34500,4347.92500,4337.50500,4339.27900,0
2025-12-15T06:00:00Z,4339.27900,4343.41500,4335.00800,4342.57500,0
2025-12-15T07:00:00Z,4342.55500,4348.19500,4342.33800,4345.54500,0
2025-12-15T08:00:00Z,4345.51500,4345.98500,4330.39800,4331.78500,0
2025-12-15T09:00:00Z,4331.81500,4336.55500,4317.17500,4323.40500,0
2025-12-15T10:00:00Z,4323.38500,4327.62500,4311.31500,4318.03500,0
2025-12-15T11:00:00Z,4318.00500,4318.69500,4285.05500,4297.40500,0
2025-12-15T12:00:00Z,4297.37500,4306.40500,4290.63500,4304.19500,0
2025-12-15T13:00:00Z,4304.24500,4313.40500,4299.67500,4312.93500,0
2025-12-15T14:00:00Z,4312.91500,4317.54800,4307.64500,4314.01500,0
2025-12-15T15:00:00Z,4314.03500,4314.19800,4299.36500,4304.33500,0
2025-12-15T16:00:00Z,4304.33500,4305.53800,4300.55500,4303.99500,0
2025-12-15T18:00:00Z,4304.89800,4309.42500,4303.17500,4303.96500,0
2025-12-15T19:00:00Z,4303.95500,4313.01500,4302.64500,4307.64500,0
2025-12-15T20:00:00Z,4307.99500,4317.69500,4298.89500,4308.55500,0
2025-12-15T21:00:00Z,4308.45500,4312.04500,4286.33500,4289.47500,0
2025-12-15T22:00:00Z,4289.43500,4294.29500,4280.38500,4290.72500,0
2025-12-15T23:00:00Z,4290.69500,4292.03500,4286.47500,4288.92500,0
2025-12-16T00:00:00Z,4288.88500,4292.05500,4271.12500,4283.86500,0
2025-12-16T01:00:00Z,4283.95500,4291.99500,4282.27500,4289.08500,0
2025-12-16T02:00:00Z,4289.14500,4289.73500,4279.24500,4287.45500,0
2025-12-16T03:00:00Z,4287.35500,4289.21500,4275.22500,4284.41500,0
2025-12-16T04:00:00Z,4284.37500,4285.64500,4276.24500,4280.21500,0
2025-12-16T05:00:00Z,4280.27500,4284.16500,4274.42800,4277.23500,0
2025-12-16T06:00:00Z,4277.00500,4279.43500,4273.58500,4278.34500,0
2025-12-16T07:00:00Z,4278.34500,4294.67500,4276.60500,4294.29500,0
2025-12-16T08:00:00Z,4294.32500,4313.07500,4290.67800,4312.79500,0
2025-12-16T09:00:00Z,4312.82500,4331.88500,4311.18500,4324.22500,0
2025-12-16T10:00:00Z,4324.30500,4334.93500,4312.26500,4319.62500,0
2025-12-16T11:00:00Z,4319.59500,4323.08500,4291.07500,4300.35500,0
2025-12-16T12:00:00Z,4300.38500,4310.78500,4300.01500,4303.41500,0
2025-12-16T13:00:00Z,4303.38500,4313.29500,4298.01500,4311.16500,0
2025-12-16T14:00:00Z,4311.13500,4315.53500,4296.86500,4310.31500,0
2025-12-16T15:00:00Z,4310.29900,4314.12500,4302.54800,4304.44500,0
2025-12-16T16:00:00Z,4304.42500,4305.30500,4300.53500,4301.04500,0
2025-12-16T18:00:00Z,4302.09800,4308.87500,4300.84800,4307.69500,0
2025-12-16T19:00:00Z,4307.76500,4314.91500,4307.27500,4312.89500,0
2025-12-16T20:00:00Z,4312.89500,4326.49500,4311.27500,4326.41500,0
2025-12-16T21:00:00Z,4326.47500,4327.56500,4310.88500,4314.04800,0
2025-12-16T22:00:00Z,4313.99500,4324.93500,4312.34800,4323.56500,0
2025-12-16T23:00:00Z,4323.58500,4331.34500,4320.28500,4329.47500,0
2025-12-17T00:00:00Z,4329.50500,4342.25500,4327.84500,4333.56800,0
2025-12-17T01:00:00Z,4333.56800,4337.47500,4324.44800,4328.51500,0
2025-12-17T02:00:00Z,4328.53500,4328.53500,4315.37500,4317.71500,0
2025-12-17T03:00:00Z,4317.62500,4320.74800,4308.14500,4318.95500,0
2025-12-17T04:00:00Z,4318.93500,4323.07500,4315.75500,4316.71500,0
2025-12-17T05:00:00Z,4316.69500,4322.04500,4306.30500,4317.50500,0
2025-12-17T06:00:00Z,4317.53500,4320.23500,4314.93800,4316.11500,0
2025-12-17T07:00:00Z,4316.12500,4322.94800,4314.72500,4317.34500,0
2025-12-17T08:00:00Z,4317.44500,4343.87800,4314.85500,4341.87800,0
2025-12-17T09:00:00Z,4341.87800,4345.82500,4322.72500,4337.88500,0
2025-12-17T10:00:00Z,4337.84900,4348.67500,4324.03500,4330.11500,0
2025-12-17T11:00:00Z,4330.35500,4337.37500,4319.98500,4333.34500,0
2025-12-17T12:00:00Z,4333.33500,4342.34500,4328.33500,4342.34500,0
2025-12-17T13:00:00Z,4342.36500,4346.37500,4328.54800,4335.95500,0
2025-12-17T14:00:00Z,4335.92500,4340.78500,4330.09500,4336.89500,0
2025-12-17T15:00:00Z,4336.93500,4345.83500,4335.08500,4341.26500,0
2025-12-17T16:00:00Z,4341.27500,4346.13500,4337.30500,4337.33500,0
2025-12-17T18:00:00Z,4339.53000,4343.04800,4335.41500,4338.64800,0
2025-12-17T19:00:00Z,4338.64800,4342.73500,4332.95500,4334.60500,0
2025-12-17T20:00:00Z,4334.63500,4336.87500,4324.20500,4331.44500,0
2025-12-17T21:00:00Z,4331.40500,4337.61500,4329.66500,4332.96500,0
2025-12-17T22:00:00Z,4332.92500,4336.56500,4330.68500,4332.95500,0
2025-12-17T23:00:00Z,4332.92500,4333.29500,4328.37500,4331.59500,0
2025-12-18T00:00:00Z,4331.52900,4337.21500,4330.80500,4333.03500,0
2025-12-18T01:00:00Z,4332.98500,4335.89500,4330.44500,4333.70500,0
2025-12-18T02:00:00Z,4333.76500,4337.59500,4329.83500,4331.20500,0
2025-12-18T03:00:00Z,4331.18500,4332.37500,4321.66500,4326.31500,0
2025-12-18T04:00:00Z,4326.35500,4328.44500,4320.48500,4323.27500,0
2025-12-18T05:00:00Z,4323.24500,4327.37500,4321.76500,4325.23500,0
2025-12-18T06:00:00Z,4325.25500,4328.55500,4324.03500,4325.46500,0
2025-12-18T07:00:00Z,4325.45500,4326.43500,4317.00500,4320.58500,0
2025-12-18T08:00:00Z,4320.52500,4342.84500,4314.43500,4336.31500,0
2025-12-18T09:00:00Z,4336.31500,4341.11500,4308.28500,4328.29500,0
2025-12-18T10:00:00Z,4328.37500,4341.38500,4324.74500,4337.86800,0
2025-12-18T11:00:00Z,4337.74500,4374.39500,4337.49500,4360.01500,0
2025-12-18T12:00:00Z,4360.19500,4363.09500,4321.76500,4333.07500,0
2025-12-18T13:00:00Z,4333.13500,4341.06500,4325.46500,4331.55500,0
2025-12-18T14:00:00Z,4331.55500,4334.63500,4322.52500,4324.73500,0
2025-12-18T15:00:00Z,4324.79500,4338.08500,4324.35500,4334.67500,0
2025-12-18T16:00:00Z,4334.58500,4334.58500,4328.31500,4330.62500,0
2025-12-18T18:00:00Z,4331.69800,4336.69500,4331.39500,4334.86500,0
2025-12-18T19:00:00Z,4334.84500,4335.49500,4325.55500,4325.85500,0
2025-12-18T20:00:00Z,4325.87500,4328.30500,4308.71500,4323.03500,0
2025-12-18T21:00:00Z,4323.15500,4327.70500,4313.96500,4316.48500,0
2025-12-18T22:00:00Z,4316.45500,4322.21500,4312.48500,4317.83500,0
2025-12-18T23:00:00Z,4317.80500,4322.70500,4316.72500,4322.49500,0
2025-12-19T00:00:00Z,4322.52500,4328.75500,4317.30500,4325.68500,0
2025-12-19T01:00:00Z,4325.66500,4329.31500,4321.41500,4326.15500,0
2025-12-19T02:00:00Z,4326.13500,4329.41500,4321.39800,4322.44500,0
2025-12-19T03:00:00Z,4322.33500,4330.69500,4320.81500,4325.78500,0
2025-12-19T04:00:00Z,4325.73500,4333.47500,4324.19500,4329.25500,0
2025-12-19T05:00:00Z,4329.27500,4331.51500,4322.23500,4327.60500,0
2025-12-19T06:00:00Z,4327.51500,4329.32500,4324.91500,4327.07500,0
2025-12-19T07:00:00Z,4327.07500,4328.68500,4320.47500,4326.46800,0
2025-12-19T08:00:00Z,4326.47500,4335.15500,4325.81500,4328.07500,0
2025-12-19T09:00:00Z,4328.10500,4337.71500,4319.52800,4331.97500,0
2025-12-19T10:00:00Z,4331.90500,4348.97500,4331.71500,4347.63500,0
2025-12-19T11:00:00Z,4347.59500,4354.38800,4341.84500,4349.70500,0
2025-12-19T12:00:00Z,4349.72500,4355.71500,4346.79800,4353.30500,0
2025-12-19T13:00:00Z,4353.34500,4356.36500,4342.99500,4348.36500,0
2025-12-19T14:00:00Z,4348.38500,4350.37500,4344.93500,4345.06500,0
2025-12-19T15:00:00Z,4345.02500,4346.29500,4336.56500,4339.40500,0
2025-12-19T16:00:00Z,4339.44500,4340.04500,4336.27500,4338.66900,0
2025-12-21T18:00:00Z,4338.89800,4355.94800,4336.63500,4354.91500,0
2025-12-21T19:00:00Z,4354.88500,4366.11500,4354.88500,4364.77500,0
2025-12-21T20:00:00Z,4364.83500,4384.62800,4361.02500,4382.60500,0
2025-12-21T21:00:00Z,4382.53900,4388.43500,4378.34500,4385.59500,0
2025-12-21T22:00:00Z,4385.67500,4394.61500,4383.99500,4392.26500,0
2025-12-21T23:00:00Z,4392.24800,4400.79500,4390.94800,4398.09800,0
2025-12-22T00:00:00Z,4398.07900,4409.24500,4396.44500,4399.76800,0
2025-12-22T01:00:00Z,4399.83500,4419.69500,4398.51500,4419.02500,0
2025-12-22T02:00:00Z,4419.04500,4420.16500,4410.05800,4414.01900,0
2025-12-22T03:00:00Z,4414.01900,4414.68500,4405.89500,4407.93900,0
2025-12-22T04:00:00Z,4407.93900,4414.53500,4407.63900,4410.78500,0
2025-12-22T05:00:00Z,4410.82500,4415.55500,4405.79800,4408.34500,0
2025-12-22T06:00:00Z,4408.33500,4411.46800,4405.75500,4410.04500,0
2025-12-22T07:00:00Z,4410.02500,4415.75500,4405.90500,4415.53500,0
2025-12-22T08:00:00Z,4415.53500,4427.03500,4413.02500,4423.47500,0
2025-12-22T09:00:00Z,4423.50500,4429.32500,4414.48500,4419.06500,0
2025-12-22T10:00:00Z,4419.04500,4435.33800,4411.72500,4431.54800,0
2025-12-22T11:00:00Z,4431.54800,4441.94800,4427.97500,4438.41500,0
2025-12-22T12:00:00Z,4438.43500,4441.88500,4431.82500,4438.27500,0
2025-12-22T13:00:00Z,4438.32500,4438.72500,4429.20500,4435.10500,0
2025-12-22T14:00:00Z,4435.05500,4435.70500,4428.67500,4433.39500,0
2025-12-22T15:00:00Z,4433.29800,4439.09800,4431.38500,4438.45500,0
2025-12-22T16:00:00Z,4438.41500,4448.94500,4438.21500,4442.80500,0
2025-12-22T18:00:00Z,4446.09800,4461.59800,4444.26900,4459.86500,0
2025-12-22T19:00:00Z,4459.86500,4470.32500,4457.70500,4470.30500,0
2025-12-22T20:00:00Z,4470.25500,4490.48500,4469.29900,4486.45500,0
2025-12-22T21:00:00Z,4486.43500,4497.34500,4481.01500,4493.22500,0
2025-12-22T22:00:00Z,4493.15500,4496.47500,4482.76500,4486.42500,0
2025-12-22T23:00:00Z,4486.33500,4488.14500,4478.64500,4482.33500,0
2025-12-23T00:00:00Z,4482.31500,4485.37500,4474.66500,4475.04500,0
2025-12-23T01:00:00Z,4475.02500,4481.31500,4469.26500,4481.21500,0
2025-12-23T02:00:00Z,4481.18500,4489.40500,4478.05500,4486.37500,0
2025-12-23T03:00:00Z,4486.34500,4492.99500,4484.42500,4489.57500,0
2025-12-23T04:00:00Z,4489.54500,4490.83500,4477.94500,4479.94500,0
2025-12-23T05:00:00Z,4479.99500,4487.25500,4479.12500,4484.00500,0
2025-12-23T06:00:00Z,4483.98500,4494.00500,4482.85500,4493.32500,0
2025-12-23T07:00:00Z,4493.26500,4493.51500,4482.97500,4486.17500,0
2025-12-23T08:00:00Z,4486.02500,4497.17500,4473.01500,4478.91500,0
2025-12-23T09:00:00Z,4478.91500,4479.69500,4441.13800,4445.48500,0
2025-12-23T10:00:00Z,4445.45500,4459.06500,4429.97500,4458.14800,0
2025-12-23T11:00:00Z,4458.18500,4476.38500,4455.55900,4474.05500,0
2025-12-23T12:00:00Z,4474.04500,4479.69800,4469.50500,4472.54500,0
2025-12-23T13:00:00Z,4472.80500,4484.81500,4472.55500,4484.30500,0
2025-12-23T14:00:00Z,4484.34500,4496.10500,4484.05900,4490.61800,0
2025-12-23T15:00:00Z,4490.61800,4499.66900,4489.06500,4497.44800,0
2025-12-23T16:00:00Z,4497.44800,4498.49900,4483.21500,4483.93500,0
2025-12-23T18:00:00Z,4486.29800,4510.17500,4481.29800,4503.12500,0
2025-12-23T19:00:00Z,4503.09500,4518.03500,4500.49500,4511.74800,0
2025-12-23T20:00:00Z,4511.74800,4525.76500,4506.67500,4518.63500,0
2025-12-23T21:00:00Z,4518.63500,4519.03500,4474.03500,4477.27500,0
2025-12-23T22:00:00Z,4477.18500,4498.25500,4467.91900,4492.82500,0
2025-12-23T23:00:00Z,4492.87500,4501.22500,4491.00500,4498.99500,0
2025-12-24T00:00:00Z,4498.94500,4500.19800,4484.77500,4488.23500,0
2025-12-24T01:00:00Z,4488.28500,4497.73500,4484.93500,4493.36500,0
2025-12-24T02:00:00Z,4493.35500,4494.67500,4483.19500,4483.62500,0
2025-12-24T03:00:00Z,4483.58500,4492.54800,4477.80500,4481.99500,0
2025-12-24T04:00:00Z,4482.00500,4495.88500,4481.63500,4494.47500,0
2025-12-24T05:00:00Z,4494.47500,4499.52500,4481.98800,4489.17500,0
2025-12-24T06:00:00Z,4489.21500,4491.68500,4482.79500,4491.23500,0
2025-12-24T07:00:00Z,4491.23500,4495.70500,4489.43500,4490.34500,0
2025-12-24T08:00:00Z,4490.48500,4493.24500,4474.17500,4487.63500,0
2025-12-24T09:00:00Z,4487.71500,4489.19500,4460.33500,4464.44500,0
2025-12-24T10:00:00Z,4464.59500,4476.27500,4447.89500,4458.23500,0
2025-12-24T11:00:00Z,4458.19500,4477.77500,4455.72500,4476.47500,0
2025-12-24T12:00:00Z,4476.45500,4487.51500,4475.12500,4480.24900,0
2025-12-24T13:00:00Z,4480.27900,4481.97900,4476.91800,4479.02900,0
2025-12-25T18:00:00Z,4490.04500,4499.62500,4482.65500,4494.78500,0
2025-12-25T19:00:00Z,4494.87500,4517.46500,4491.94500,4517.33500,0
2025-12-25T20:00:00Z,4517.37500,4530.97500,4496.85500,4503.84500,0
2025-12-25T21:00:00Z,4503.54500,4509.50500,4491.53500,4508.40800,0
2025-12-25T22:00:00Z,4508.40800,4513.01500,4497.17500,4501.56500,0
2025-12-25T23:00:00Z,4501.58900,4511.36500,4500.23500,4508.77500,0
2025-12-26T00:00:00Z,4508.76900,4514.51500,4505.64500,4509.59500,0
2025-12-26T01:00:00Z,4509.59500,4519.15500,4507.55500,4511.27500,0
2025-12-26T02:00:00Z,4511.26900,4515.22500,4507.48800,4510.55500,0
2025-12-26T03:00:00Z,4510.62500,4519.14500,4509.17500,4518.50500,0
2025-12-26T04:00:00Z,4518.44500,4520.17800,4511.51800,4512.25800,0
2025-12-26T05:00:00Z,4512.29500,4523.16500,4510.80800,4513.86500,0
2025-12-26T06:00:00Z,4513.92500,4515.22800,4502.50500,4509.49500,0
2025-12-26T07:00:00Z,4509.54500,4514.90500,4506.25500,4508.53500,0
2025-12-26T08:00:00Z,4508.48500,4528.15500,4503.20500,4524.83900,0
2025-12-26T09:00:00Z,4524.86500,4532.85500,4512.38500,4520.67500,0
2025-12-26T10:00:00Z,4520.69500,4547.04500,4519.27500,4546.24500,0
2025-12-26T11:00:00Z,4546.27500,4549.71500,4531.15500,4536.15500,0
2025-12-26T12:00:00Z,4536.15500,4537.69800,4509.62500,4518.79500,0
2025-12-26T13:00:00Z,4518.72900,4532.53500,4514.51500,4530.87500,0
2025-12-26T14:00:00Z,4530.89500,4535.36500,4519.62500,4523.51500,0
2025-12-26T15:00:00Z,4523.53500,4535.39500,4521.49800,4530.75500,0
2025-12-26T16:00:00Z,4530.77900,4534.40800,4526.83500,4532.36500,0
2025-12-28T18:00:00Z,4538.69800,4549.29800,4522.62500,4526.44800,0
2025-12-28T19:00:00Z,4526.44800,4527.54500,4471.49800,4496.99800,0
2025-12-28T20:00:00Z,4496.89900,4516.95900,4491.40800,4496.79500,0
2025-12-28T21:00:00Z,4496.80500,4515.59500,4495.92500,4512.02500,0
2025-12-28T22:00:00Z,4512.02500,4520.17500,4509.04500,4516.31500,0
2025-12-28T23:00:00Z,4516.14500,4519.32500,4507.56900,4515.42500,0
2025-12-29T00:00:00Z,4515.34900,4519.24500,4504.69900,4506.22500,0
2025-12-29T01:00:00Z,4506.32500,4510.28900,4470.81500,4474.71500,0
2025-12-29T02:00:00Z,4474.64800,4481.61900,4444.73500,4474.17500,0
2025-12-29T03:00:00Z,4474.27500,4488.25500,4452.22500,4460.59900,0
2025-12-29T04:00:00Z,4460.59900,4476.09500,4458.80500,4471.85500,0
2025-12-29T05:00:00Z,4471.79500,4474.26500,4456.73500,4460.55500,0
2025-12-29T06:00:00Z,4460.50500,4467.53500,4433.83500,4446.32500,0
2025-12-29T07:00:00Z,4446.54500,4464.54800,4445.21500,4463.99800,0
2025-12-29T08:00:00Z,4464.09800,4467.28800,4406.77500,4421.07500,0
2025-12-29T09:00:00Z,4421.10500,4421.10500,4356.15500,4359.84500,0
2025-12-29T10:00:00Z,4359.88500,4360.06500,4300.69800,4325.06500,0
2025-12-29T11:00:00Z,4325.01500,4347.14800,4323.21500,4341.32500,0
2025-12-29T12:00:00Z,4341.78500,4342.64500,4314.84500,4328.00500,0
2025-12-29T13:00:00Z,4327.97500,4334.62500,4322.54500,4331.09800,0
2025-12-29T14:00:00Z,4331.39800,4337.63500,4327.29800,4336.65500,0
2025-12-29T15:00:00Z,4336.68500,4344.26500,4325.54500,4334.45500,0
2025-12-29T16:00:00Z,4334.53500,4339.08500,4327.09500,4331.47500,0
2025-12-29T18:00:00Z,4332.49800,4346.81500,4322.96500,4345.45500,0
2025-12-29T19:00:00Z,4345.46500,4350.46500,4334.28500,4339.55500,0
2025-12-29T20:00:00Z,4339.58500,4359.96500,4324.19500,4359.96500,0
2025-12-29T21:00:00Z,4359.93500,4364.46900,4348.59800,4362.25900,0
2025-12-29T22:00:00Z,4362.37500,4368.92500,4355.96500,4358.87500,0
2025-12-29T23:00:00Z,4358.89500,4369.59500,4357.28500,4363.27500,0
2025-12-30T00:00:00Z,4363.31500,4379.76500,4358.51500,4377.34800,0
2025-12-30T01:00:00Z,4377.27500,4378.11500,4359.60500,4364.27500,0
2025-12-30T02:00:00Z,4364.28500,4383.03500,4358.71500,4372.09800,0
2025-12-30T03:00:00Z,4372.09800,4373.44500,4349.95500,4364.59500,0
2025-12-30T04:00:00Z,4364.56500,4376.24500,4363.90500,4371.91500,0
2025-12-30T05:00:00Z,4371.89500,4391.51500,4367.57500,4384.48500,0
2025-12-30T06:00:00Z,4385.22500,4390.03500,4380.87500,4383.96500,0
2025-12-30T07:00:00Z,4383.96500,4402.43500,4383.11500,4400.89500,0
2025-12-30T08:00:00Z,4401.06500,4403.99800,4375.90500,4388.03500,0
2025-12-30T09:00:00Z,4388.07500,4391.90500,4355.33500,4365.91500,0
2025-12-30T10:00:00Z,4365.90900,4377.24500,4359.29500,4364.88500,0
2025-12-30T11:00:00Z,4365.08500,4379.57500,4354.58500,4377.40500,0
2025-12-30T12:00:00Z,4377.39500,4381.62500,4363.96500,4369.88500,0
2025-12-30T13:00:00Z,4369.92500,4378.42500,4362.35500,4364.25900,0
2025-12-30T14:00:00Z,4364.25900,4367.75500,4337.56500,4348.34500,0
2025-12-30T15:00:00Z,4348.34500,4355.24500,4337.73500,4341.39500,0
2025-12-30T16:00:00Z,4341.39500,4350.06500,4334.45500,4338.02900,0
2025-12-30T18:00:00Z,4340.09800,4346.05500,4328.76500,4338.65500,0
2025-12-30T19:00:00Z,4338.65500,4346.29800,4332.38500,4341.92500,0
2025-12-30T20:00:00Z,4342.10500,4372.90500,4336.54900,4365.59500,0
2025-12-30T21:00:00Z,4365.69800,4371.00500,4346.37500,4348.52500,0
2025-12-30T22:00:00Z,4348.54500,4359.41500,4340.43500,4347.89800,0
2025-12-30T23:00:00Z,4348.09800,4350.89800,4330.25500,4332.59800,0
2025-12-31T00:00:00Z,4332.37500,4342.86500,4275.52500,4285.36500,0
2025-12-31T01:00:00Z,4285.38500,4328.49800,4273.80500,4327.69800,0
2025-12-31T02:00:00Z,4327.95500,4334.83500,4323.28500,4330.73800,0
2025-12-31T03:00:00Z,4330.73800,4332.60500,4302.99800,4307.18500,0
2025-12-31T04:00:00Z,4307.13500,4337.06500,4306.88500,4325.44800,0
2025-12-31T05:00:00Z,4325.44800,4331.03500,4303.01500,4306.32500,0
2025-12-31T06:00:00Z,4306.15500,4316.16500,4303.85800,4310.72500,0
2025-12-31T07:00:00Z,4310.77500,4317.92500,4302.59800,4313.51500,0
2025-12-31T08:00:00Z,4313.48500,4347.91500,4307.74500,4345.39500,0
2025-12-31T09:00:00Z,4345.46500,4353.04800,4332.31500,4345.54800,0
2025-12-31T10:00:00Z,4345.54800,4345.68500,4326.41800,4337.14500,0
2025-12-31T11:00:00Z,4337.17500,4339.50500,4316.68500,4322.61800,0
2025-12-31T12:00:00Z,4322.61800,4329.15800,4317.88500,4321.39500,0
2025-12-31T13:00:00Z,4321.55500,4331.27500,4315.36500,4319.25500,0
2025-12-31T14:00:00Z,4319.54500,4322.52500,4307.58500,4311.11500,0
2025-12-31T15:00:00Z,4311.12500,4324.28500,4304.19500,4313.04500,0
2025-12-31T16:00:00Z,4313.30500,4318.45900,4306.83500,4318.37900,0
