Datetime,Open,High,Low,Close,Volume
2026-02-11 05:00:00+00:00,5071.2001953125,5074.5,5067.60009765625,5072.2998046875,253
2026-02-11 05:15:00+00:00,5072.10009765625,5078.2001953125,5070.10009765625,5077.10009765625,335
2026-02-11 05:30:00+00:00,5077.60009765625,5088.10009765625,5076.39990234375,5086.2998046875,812
2026-02-11 05:45:00+00:00,5086.2001953125,5086.89990234375,5070.10009765625,5076.7998046875,816
2026-02-11 06:00:00+00:00,5076.60009765625,5081.2998046875,5073.60009765625,5078.60009765625,362
2026-02-11 06:15:00+00:00,5078.2998046875,5086.0,5077.60009765625,5080.89990234375,412
2026-02-11 06:30:00+00:00,5079.7998046875,5084.0,5077.2001953125,5077.89990234375,486
2026-02-11 06:45:00+00:00,5077.7998046875,5088.7998046875,5076.0,5088.2998046875,909
2026-02-11 07:00:00+00:00,5088.39990234375,5093.2998046875,5080.7998046875,5083.2998046875,2136
2026-02-11 07:15:00+00:00,5083.2998046875,5089.7998046875,5076.39990234375,5083.89990234375,1668
2026-02-11 07:30:00+00:00,5083.60009765625,5086.2001953125,5076.2998046875,5078.39990234375,1456
2026-02-11 07:45:00+00:00,5078.5,5080.0,5072.2001953125,5078.7001953125,670
2026-02-11 08:00:00+00:00,5078.89990234375,5084.10009765625,5075.2998046875,5075.7001953125,630
2026-02-11 08:15:00+00:00,5075.7001953125,5079.10009765625,5073.89990234375,5075.0,384
2026-02-11 08:30:00+00:00,5075.2998046875,5077.5,5068.7998046875,5076.10009765625,749
2026-02-11 08:45:00+00:00,5076.0,5078.5,5073.89990234375,5077.0,455
2026-02-11 09:00:00+00:00,5077.39990234375,5079.2001953125,5070.39990234375,5074.89990234375,449
2026-02-11 09:15:00+00:00,5075.10009765625,5078.10009765625,5073.2001953125,5078.10009765625,524
2026-02-11 09:30:00+00:00,5078.0,5090.5,5077.2998046875,5088.10009765625,1264
2026-02-11 09:45:00+00:00,5088.2998046875,5095.89990234375,5082.7001953125,5086.60009765625,1533
2026-02-11 10:00:00+00:00,5086.5,5093.89990234375,5086.0,5092.7001953125,708
2026-02-11 10:15:00+00:00,5093.10009765625,5100.7001953125,5092.10009765625,5095.0,1751
2026-02-11 10:30:00+00:00,5094.7998046875,5128.7998046875,5092.0,5124.89990234375,3529
2026-02-11 10:45:00+00:00,5124.7001953125,5127.10009765625,5116.2998046875,5118.60009765625,3437
2026-02-11 11:00:00+00:00,5118.7998046875,5121.10009765625,5107.39990234375,5114.5,1814
2026-02-11 11:15:00+00:00,5115.0,5133.60009765625,5115.0,5132.39990234375,1825
2026-02-11 11:30:00+00:00,5133.10009765625,5135.2998046875,5125.7998046875,5134.2001953125,1224
2026-02-11 11:45:00+00:00,5134.39990234375,5141.7998046875,5133.5,5136.7998046875,1749
2026-02-11 12:00:00+00:00,5137.39990234375,5144.5,5123.7998046875,5131.2998046875,1811
2026-02-11 12:15:00+00:00,5131.60009765625,5132.2998046875,5111.5,5119.89990234375,1624
2026-02-11 12:30:00+00:00,5120.60009765625,5124.0,5071.39990234375,5091.89990234375,5364
2026-02-11 12:45:00+00:00,5091.39990234375,5108.5,5088.60009765625,5107.2001953125,2655
2026-02-11 13:00:00+00:00,5107.5,5111.5,5095.5,5106.0,1987
2026-02-11 13:15:00+00:00,5105.60009765625,5115.0,5087.10009765625,5108.89990234375,2409
2026-02-11 13:30:00+00:00,5104.39990234375,5104.39990234375,5036.2998046875,5083.39990234375,9386
2026-02-11 13:45:00+00:00,5082.39990234375,5096.0,5077.2998046875,5089.60009765625,2670
2026-02-11 14:00:00+00:00,5088.2001953125,5102.39990234375,5084.2998046875,5097.0,2272
2026-02-11 14:15:00+00:00,5097.5,5107.10009765625,5089.2998046875,5094.0,2178
2026-02-11 14:30:00+00:00,5093.89990234375,5100.10009765625,5058.7001953125,5065.2001953125,3936
2026-02-11 14:45:00+00:00,5065.39990234375,5088.39990234375,5064.2998046875,5082.2998046875,2534
2026-02-11 15:00:00+00:00,5082.2998046875,5105.5,5076.0,5090.2998046875,3862
2026-02-11 15:15:00+00:00,5090.60009765625,5098.2998046875,5066.7001953125,5072.60009765625,2551
2026-02-11 15:30:00+00:00,5071.10009765625,5081.0,5062.0,5071.0,2648
2026-02-11 15:45:00+00:00,5070.7998046875,5085.89990234375,5067.89990234375,5084.2001953125,1763
2026-02-11 16:00:00+00:00,5083.10009765625,5087.89990234375,5074.5,5079.10009765625,1441
2026-02-11 16:15:00+00:00,5079.7998046875,5085.89990234375,5065.5,5085.2001953125,1681
2026-02-11 16:30:00+00:00,5084.0,5101.7998046875,5078.60009765625,5097.89990234375,2624
2026-02-11 16:45:00+00:00,5097.89990234375,5100.2998046875,5095.0,5099.2001953125,1246
2026-02-11 17:00:00+00:00,5098.7001953125,5110.2001953125,5091.39990234375,5109.0,2310
2026-02-11 17:15:00+00:00,5109.7001953125,5116.7998046875,5101.7998046875,5112.39990234375,1923
2026-02-11 17:30:00+00:00,5111.60009765625,5123.39990234375,5106.0,5120.5,1887
2026-02-11 17:45:00+00:00,5120.5,5122.0,5112.60009765625,5116.5,1482
2026-02-11 18:00:00+00:00,5115.7998046875,5117.89990234375,5090.10009765625,5098.0,2290
2026-02-11 18:15:00+00:00,5097.2001953125,5104.0,5093.0,5098.2001953125,3593
2026-02-11 18:30:00+00:00,5097.89990234375,5110.39990234375,5095.2001953125,5107.7001953125,2495
2026-02-11 18:45:00+00:00,5107.5,5112.2998046875,5104.2998046875,5107.39990234375,985
2026-02-11 19:00:00+00:00,5107.7998046875,5117.7001953125,5106.60009765625,5114.10009765625,961
2026-02-11 19:15:00+00:00,5114.2998046875,5119.39990234375,5112.60009765625,5116.0,680
2026-02-11 19:30:00+00:00,5116.0,5116.60009765625,5106.10009765625,5110.2001953125,846
2026-02-11 19:45:00+00:00,5110.7998046875,5113.39990234375,5101.10009765625,5106.5,1024
2026-02-11 20:00:00+00:00,5106.2001953125,5112.7998046875,5104.39990234375,5112.39990234375,407
2026-02-11 20:15:00+00:00,5112.7001953125,5113.39990234375,5107.7998046875,5109.2001953125,308
2026-02-11 20:30:00+00:00,5108.7998046875,5111.7998046875,5102.39990234375,5110.89990234375,509
2026-02-11 20:45:00+00:00,5111.5,5114.7998046875,5108.89990234375,5111.39990234375,621
2026-02-11 21:00:00+00:00,5111.39990234375,5113.7001953125,5108.89990234375,5112.60009765625,264
2026-02-11 21:15:00+00:00,5113.10009765625,5118.0,5101.89990234375,5106.89990234375,749
2026-02-11 21:30:00+00:00,5107.2001953125,5109.0,5094.10009765625,5104.7998046875,482
2026-02-11 21:45:00+00:00,5104.5,5109.89990234375,5101.39990234375,5107.7998046875,305
2026-02-11 23:00:00+00:00,5107.2998046875,5122.7998046875,5074.0,5086.0,1176
2026-02-11 23:15:00+00:00,5085.10009765625,5093.7998046875,5081.2001953125,5091.39990234375,696
2026-02-11 23:30:00+00:00,5090.7001953125,5092.60009765625,5082.0,5086.5,238
2026-02-11 23:45:00+00:00,5098.5,5098.5,5081.60009765625,5083.5,510
2026-02-12 00:00:00+00:00,5083.5,5090.0,5071.0,5079.2001953125,992
2026-02-12 00:15:00+00:00,5079.10009765625,5088.39990234375,5075.39990234375,5081.5,619
2026-02-12 00:30:00+00:00,5083.0,5088.0,5077.10009765625,5081.10009765625,336
2026-02-12 00:45:00+00:00,5081.2998046875,5087.7001953125,5080.0,5084.89990234375,400
2026-02-12 01:00:00+00:00,5083.0,5084.89990234375,5065.0,5071.0,965
2026-02-12 01:15:00+00:00,5070.10009765625,5083.2001953125,5068.0,5080.0,594
2026-02-12 01:30:00+00:00,5079.2998046875,5085.7998046875,5076.2001953125,5082.5,579
2026-02-12 01:45:00+00:00,5081.89990234375,5084.7998046875,5074.2998046875,5084.7998046875,683
2026-02-12 02:00:00+00:00,5084.89990234375,5093.7001953125,5084.2998046875,5089.0,612
2026-02-12 02:15:00+00:00,5088.7001953125,5094.0,5082.7998046875,5087.2998046875,482
2026-02-12 02:30:00+00:00,5087.39990234375,5090.7001953125,5077.0,5079.2001953125,414
2026-02-12 02:45:00+00:00,5078.5,5087.7001953125,5075.5,5086.7001953125,520
2026-02-12 03:00:00+00:00,5085.7001953125,5096.0,5083.60009765625,5089.60009765625,433
2026-02-12 03:15:00+00:00,5089.10009765625,5092.0,5075.7001953125,5081.2998046875,738
2026-02-12 03:30:00+00:00,5081.2001953125,5088.0,5079.7998046875,5086.2998046875,273
2026-02-12 03:45:00+00:00,5086.2998046875,5086.2998046875,5076.2001953125,5078.2001953125,353
2026-02-12 04:00:00+00:00,5077.7001953125,5080.7998046875,5073.39990234375,5076.2001953125,259
2026-02-12 04:15:00+00:00,5076.0,5079.10009765625,5072.2001953125,5077.7001953125,361
2026-02-12 04:30:00+00:00,5076.60009765625,5081.7001953125,5075.2001953125,5078.7998046875,146
2026-02-12 04:45:00+00:00,5078.7001953125,5091.10009765625,5076.2001953125,5090.39990234375,349
2026-02-12 05:00:00+00:00,5090.0,5099.2998046875,5086.2001953125,5095.7998046875,983
2026-02-12 05:15:00+00:00,5096.0,5099.10009765625,5091.60009765625,5092.2998046875,441
2026-02-12 05:30:00+00:00,5092.7001953125,5093.39990234375,5085.7001953125,5092.7998046875,673
2026-02-12 05:45:00+00:00,5093.89990234375,5097.39990234375,5088.60009765625,5096.2998046875,312
2026-02-12 06:00:00+00:00,5097.2001953125,5097.7998046875,5083.60009765625,5090.7998046875,460
2026-02-12 06:15:00+00:00,5091.0,5092.0,5077.0,5077.0,684
2026-02-12 06:30:00+00:00,5076.89990234375,5080.0,5068.89990234375,5080.0,1254
2026-02-12 06:45:00+00:00,5080.0,5083.60009765625,5075.10009765625,5081.10009765625,878
2026-02-12 07:00:00+00:00,5080.89990234375,5087.5,5073.60009765625,5084.10009765625,840
2026-02-12 07:15:00+00:00,5085.0,5086.2998046875,5078.0,5083.60009765625,567
2026-02-12 07:30:00+00:00,5083.60009765625,5085.39990234375,5079.2998046875,5079.60009765625,317
2026-02-12 07:45:00+00:00,5079.0,5087.0,5078.10009765625,5085.2998046875,474
2026-02-12 08:00:00+00:00,5085.7001953125,5095.0,5085.2998046875,5089.2998046875,902
2026-02-12 08:15:00+00:00,5090.2001953125,5091.2001953125,5082.0,5082.0,544
2026-02-12 08:30:00+00:00,5081.7998046875,5084.89990234375,5073.5,5084.5,769
2026-02-12 08:45:00+00:00,5084.60009765625,5093.60009765625,5081.5,5090.0,815
2026-02-12 09:00:00+00:00,5089.5,5097.60009765625,5087.2998046875,5094.89990234375,1107
2026-02-12 09:15:00+00:00,5094.89990234375,5099.2001953125,5092.60009765625,5092.7998046875,632
2026-02-12 09:30:00+00:00,5093.2998046875,5095.89990234375,5090.0,5094.7001953125,528
2026-02-12 09:45:00+00:00,5094.89990234375,5102.5,5093.10009765625,5095.0,924
2026-02-12 10:00:00+00:00,5094.7998046875,5099.2998046875,5085.60009765625,5088.0,1112
2026-02-12 10:15:00+00:00,5087.7001953125,5088.5,5082.5,5083.2001953125,806
2026-02-12 10:30:00+00:00,5083.5,5088.0,5082.89990234375,5083.89990234375,1012
2026-02-12 10:45:00+00:00,5083.7998046875,5084.5,5077.0,5083.7998046875,1175
2026-02-12 11:00:00+00:00,5084.0,5087.2998046875,5080.60009765625,5082.7998046875,492
2026-02-12 11:15:00+00:00,5082.89990234375,5087.7998046875,5082.89990234375,5084.7001953125,309
2026-02-12 11:30:00+00:00,5084.7001953125,5086.7998046875,5083.0,5085.60009765625,218
2026-02-12 11:45:00+00:00,5086.10009765625,5090.2001953125,5083.5,5085.60009765625,534
2026-02-12 12:00:00+00:00,5086.5,5088.39990234375,5078.2998046875,5083.7998046875,767
2026-02-12 12:15:00+00:00,5083.7998046875,5086.2001953125,5081.89990234375,5084.2998046875,527
2026-02-12 12:30:00+00:00,5084.60009765625,5090.7998046875,5076.2001953125,5079.5,849
2026-02-12 12:45:00+00:00,5078.89990234375,5080.2001953125,5070.60009765625,5074.2001953125,1530
2026-02-12 13:00:00+00:00,5074.39990234375,5087.7001953125,5073.10009765625,5087.5,1396
2026-02-12 13:15:00+00:00,5087.10009765625,5096.5,5084.10009765625,5086.7001953125,1931
2026-02-12 13:30:00+00:00,5087.10009765625,5100.2998046875,5082.5,5098.5,1810
2026-02-12 13:45:00+00:00,5098.60009765625,5106.7001953125,5097.60009765625,5098.2001953125,1718
2026-02-12 14:00:00+00:00,5098.2001953125,5101.10009765625,5084.7001953125,5088.7001953125,2879
2026-02-12 14:15:00+00:00,5088.89990234375,5092.2001953125,5078.0,5082.60009765625,2232
2026-02-12 14:30:00+00:00,5083.10009765625,5094.7998046875,5076.5,5078.2001953125,2796
2026-02-12 14:45:00+00:00,5078.89990234375,5084.60009765625,5061.2998046875,5067.0,3804
2026-02-12 15:00:00+00:00,5066.39990234375,5090.0,5061.7001953125,5087.5,3910
2026-02-12 15:15:00+00:00,5087.10009765625,5092.10009765625,5084.10009765625,5088.39990234375,2258
2026-02-12 15:30:00+00:00,5088.2998046875,5095.2001953125,5087.89990234375,5093.2998046875,1966
2026-02-12 15:45:00+00:00,5093.89990234375,5098.0,5082.7998046875,5083.89990234375,2320
2026-02-12 16:00:00+00:00,5083.5,5091.60009765625,4965.2998046875,4972.89990234375,12350
2026-02-12 16:15:00+00:00,4972.89990234375,4987.7998046875,4900.0,4919.2001953125,21295
2026-02-12 16:30:00+00:00,4918.0,4990.7998046875,4915.89990234375,4976.0,11949
2026-02-12 16:45:00+00:00,4974.2998046875,4983.60009765625,4951.2001953125,4976.2998046875,5918
2026-02-12 17:00:00+00:00,4974.5,4988.7998046875,4960.5,4980.10009765625,4353
2026-02-12 17:15:00+00:00,4980.0,5004.39990234375,4976.2001953125,4985.5,3822
2026-02-12 17:30:00+00:00,4985.2001953125,4996.2001953125,4978.2001953125,4990.0,3127
2026-02-12 17:45:00+00:00,4990.60009765625,4992.0,4959.89990234375,4961.5,2665
2026-02-12 18:00:00+00:00,4961.7001953125,4972.0,4941.2998046875,4954.0,3664
2026-02-12 18:15:00+00:00,4953.39990234375,4955.7998046875,4926.89990234375,4948.5,5490
2026-02-12 18:30:00+00:00,4949.2998046875,4967.0,4945.7001953125,4960.39990234375,2516
2026-02-12 18:45:00+00:00,4960.7998046875,4972.39990234375,4953.7001953125,4955.89990234375,1444
2026-02-12 19:00:00+00:00,4956.10009765625,4962.0,4947.10009765625,4953.2998046875,1159
2026-02-12 19:15:00+00:00,4953.39990234375,4965.0,4949.60009765625,4951.5,1105
2026-02-12 19:30:00+00:00,4952.10009765625,4971.2001953125,4951.5,4966.89990234375,865
2026-02-12 19:45:00+00:00,4966.7001953125,4978.2998046875,4963.89990234375,4965.0,1390
2026-02-12 20:00:00+00:00,4965.2998046875,4968.39990234375,4952.0,4960.60009765625,739
2026-02-12 20:15:00+00:00,4960.7998046875,4960.7998046875,4941.39990234375,4943.2998046875,1044
2026-02-12 20:30:00+00:00,4942.5,4948.7001953125,4931.0,4941.10009765625,1364
2026-02-12 20:45:00+00:00,4941.89990234375,4945.7998046875,4931.2001953125,4935.10009765625,1484
2026-02-12 21:00:00+00:00,4935.7001953125,4943.60009765625,4932.0,4937.39990234375,885
2026-02-12 21:15:00+00:00,4936.7001953125,4945.0,4933.39990234375,4940.60009765625,557
2026-02-12 21:30:00+00:00,4940.2001953125,4947.0,4938.0,4939.10009765625,479
2026-02-12 21:45:00+00:00,4937.89990234375,4947.2998046875,4935.7998046875,4941.39990234375,393
2026-02-12 23:00:00+00:00,4950.0,4951.5,4907.10009765625,4930.7998046875,788
2026-02-12 23:15:00+00:00,4931.10009765625,4948.10009765625,4931.10009765625,4940.2998046875,897
2026-02-12 23:30:00+00:00,4939.2998046875,4946.0,4925.5,4933.39990234375,910
2026-02-12 23:45:00+00:00,4933.89990234375,4939.7001953125,4924.60009765625,4939.7001953125,411
2026-02-13 00:00:00+00:00,4938.5,4967.7001953125,4932.10009765625,4960.89990234375,1262
2026-02-13 00:15:00+00:00,4960.10009765625,4966.39990234375,4952.7998046875,4955.39990234375,544
2026-02-13 00:30:00+00:00,4955.60009765625,4965.0,4950.60009765625,4959.10009765625,755
2026-02-13 00:45:00+00:00,4958.7001953125,4963.2001953125,4945.2001953125,4946.7001953125,582
2026-02-13 01:00:00+00:00,4946.7001953125,4986.0,4945.60009765625,4983.7998046875,1720
2026-02-13 01:15:00+00:00,4984.2001953125,4998.89990234375,4980.7001953125,4988.5,1225
2026-02-13 01:30:00+00:00,4987.7001953125,5001.39990234375,4983.0,4998.89990234375,1248
2026-02-13 01:45:00+00:00,4999.7001953125,5007.7998046875,4994.10009765625,4999.7998046875,1336
2026-02-13 02:00:00+00:00,5000.2998046875,5003.89990234375,4991.10009765625,4997.5,697
2026-02-13 02:15:00+00:00,4996.60009765625,5005.2001953125,4994.7998046875,5005.2001953125,344
2026-02-13 02:30:00+00:00,5004.60009765625,5008.39990234375,4992.0,5002.60009765625,989
2026-02-13 02:45:00+00:00,5002.2001953125,5011.0,4991.0,5008.0,936
2026-02-13 03:00:00+00:00,5007.7998046875,5008.5,4999.0,5001.7001953125,516
2026-02-13 03:15:00+00:00,5002.0,5003.2001953125,4992.0,4996.2998046875,407
2026-02-13 03:30:00+00:00,4996.60009765625,5002.5,4993.7001953125,4996.0,302
2026-02-13 03:45:00+00:00,4995.7001953125,5003.39990234375,4994.39990234375,5001.60009765625,258
2026-02-13 04:00:00+00:00,5000.0,5006.7001953125,4994.5,5004.89990234375,447
2026-02-13 04:15:00+00:00,5005.5,5016.39990234375,5003.60009765625,5004.10009765625,441
2026-02-13 04:30:00+00:00,5004.60009765625,5005.0,4994.39990234375,4996.10009765625,314
2026-02-13 04:45:00+00:00,4996.7001953125,4997.2001953125,4991.7001953125,4994.0,213
2026-02-13 05:00:00+00:00,4996.10009765625,5001.39990234375,4993.10009765625,4997.2001953125,299
2026-02-13 05:15:00+00:00,4997.60009765625,5005.39990234375,4984.10009765625,4999.2001953125,787
2026-02-13 05:30:00+00:00,4999.10009765625,4999.10009765625,4978.0,4983.0,1126
2026-02-13 05:45:00+00:00,4983.60009765625,4984.2001953125,4963.2001953125,4965.39990234375,1272
2026-02-13 06:00:00+00:00,4964.60009765625,4980.89990234375,4964.39990234375,4976.7001953125,934
2026-02-13 06:15:00+00:00,4977.2998046875,4980.10009765625,4968.0,4972.39990234375,676
2026-02-13 06:30:00+00:00,4971.2998046875,4980.7001953125,4969.39990234375,4973.39990234375,491
2026-02-13 06:45:00+00:00,4974.60009765625,4988.0,4969.10009765625,4986.7001953125,981
2026-02-13 07:00:00+00:00,4985.89990234375,4987.5,4970.0,4979.10009765625,1245
2026-02-13 07:15:00+00:00,4978.7001953125,4996.0,4978.0,4987.39990234375,1367
2026-02-13 07:30:00+00:00,4988.0,5001.89990234375,4985.2998046875,4990.2001953125,959
2026-02-13 07:45:00+00:00,4990.2998046875,5001.60009765625,4988.60009765625,4994.60009765625,674
2026-02-13 08:00:00+00:00,4995.0,5009.5,4991.2001953125,4998.7998046875,1087
2026-02-13 08:15:00+00:00,4999.2001953125,5005.89990234375,4996.2998046875,5001.7998046875,589
2026-02-13 08:30:00+00:00,5001.89990234375,5005.39990234375,4998.2001953125,5002.5,555
2026-02-13 08:45:00+00:00,5003.7001953125,5006.60009765625,4990.0,5001.89990234375,942
2026-02-13 09:00:00+00:00,5002.7998046875,5002.7998046875,4996.0,4997.39990234375,721
2026-02-13 09:15:00+00:00,4997.5,5001.60009765625,4984.0,4984.89990234375,890
2026-02-13 09:30:00+00:00,4984.0,4994.39990234375,4981.2001953125,4991.0,586
2026-02-13 09:45:00+00:00,4990.39990234375,4997.0,4988.89990234375,4990.10009765625,793
2026-02-13 10:00:00+00:00,4990.0,4998.0,4987.39990234375,4992.7001953125,1040
2026-02-13 10:15:00+00:00,4993.0,5000.89990234375,4986.7998046875,4997.2001953125,1070
2026-02-13 10:30:00+00:00,4998.2001953125,4998.5,4988.10009765625,4989.5,918
2026-02-13 10:45:00+00:00,4989.2998046875,4990.7001953125,4967.2001953125,4970.7998046875,1712
2026-02-13 11:00:00+00:00,4970.7998046875,4974.2001953125,4961.0,4972.2001953125,1955
2026-02-13 11:15:00+00:00,4971.39990234375,4972.2998046875,4952.7998046875,4965.0,1814
2026-02-13 11:30:00+00:00,4965.60009765625,4968.7998046875,4955.2998046875,4964.2001953125,1154
2026-02-13 11:45:00+00:00,4963.2998046875,4975.0,4959.2998046875,4973.39990234375,760
2026-02-13 12:00:00+00:00,4973.10009765625,4984.39990234375,4971.7998046875,4984.0,1383
2026-02-13 12:15:00+00:00,4983.10009765625,4993.0,4982.89990234375,4987.5,982
2026-02-13 12:30:00+00:00,4987.7001953125,4993.7998046875,4983.60009765625,4985.89990234375,690
2026-02-13 12:45:00+00:00,4986.7001953125,4994.0,4983.7001953125,4988.7998046875,871
2026-02-13 13:00:00+00:00,4990.0,4996.2998046875,4985.0,4987.5,639
2026-02-13 13:15:00+00:00,4987.5,4991.10009765625,4977.10009765625,4988.2001953125,1560
2026-02-13 13:30:00+00:00,4988.2001953125,5024.5,4987.0,5005.39990234375,5870
2026-02-13 13:45:00+00:00,5005.7001953125,5013.89990234375,4993.5,5008.39990234375,2167
2026-02-13 14:00:00+00:00,5007.2001953125,5022.0,5006.10009765625,5020.10009765625,2015
2026-02-13 14:15:00+00:00,5020.2998046875,5029.5,5016.39990234375,5024.10009765625,2156
2026-02-13 14:30:00+00:00,5024.5,5036.7001953125,4986.10009765625,5012.89990234375,6369
2026-02-13 14:45:00+00:00,5012.5,5028.60009765625,5010.0,5017.39990234375,3285
2026-02-13 15:00:00+00:00,5017.39990234375,5034.2998046875,5014.0,5025.0,3696
2026-02-13 15:15:00+00:00,5026.2001953125,5034.39990234375,5015.7001953125,5032.2998046875,2148
2026-02-13 15:30:00+00:00,5032.0,5043.2998046875,5026.7998046875,5028.7998046875,2755
2026-02-13 15:45:00+00:00,5029.5,5032.60009765625,4995.2001953125,4998.7001953125,3405
2026-02-13 16:00:00+00:00,4999.0,5019.60009765625,4997.39990234375,5019.60009765625,2196
2026-02-13 16:15:00+00:00,5019.0,5056.7998046875,5018.2001953125,5050.60009765625,4702
2026-02-13 16:30:00+00:00,5050.7001953125,5051.2998046875,5034.2001953125,5039.39990234375,2980
2026-02-13 16:45:00+00:00,5039.5,5041.2998046875,5027.2001953125,5030.0,1313
2026-02-13 17:00:00+00:00,5030.0,5045.5,5029.89990234375,5037.5,1315
2026-02-13 17:15:00+00:00,5037.2998046875,5041.7998046875,5027.7998046875,5039.5,1045
2026-02-13 17:30:00+00:00,5039.5,5051.5,5038.0,5044.7998046875,1681
2026-02-13 17:45:00+00:00,5045.0,5046.39990234375,5038.7001953125,5043.5,884
2026-02-13 18:00:00+00:00,5043.5,5052.60009765625,5038.0,5051.7998046875,1138
2026-02-13 18:15:00+00:00,5051.39990234375,5054.0,5042.5,5044.7001953125,2390
2026-02-13 18:30:00+00:00,5045.0,5055.2001953125,5042.7001953125,5052.7998046875,1415
2026-02-13 18:45:00+00:00,5052.60009765625,5058.89990234375,5049.10009765625,5054.10009765625,1401
2026-02-13 19:00:00+00:00,5054.7001953125,5069.10009765625,5053.10009765625,5062.2998046875,1605
2026-02-13 19:15:00+00:00,5062.0,5068.0,5059.0,5063.7001953125,863
2026-02-13 19:30:00+00:00,5063.89990234375,5065.5,5055.5,5057.2998046875,989
2026-02-13 19:45:00+00:00,5057.60009765625,5060.7998046875,5046.39990234375,5046.39990234375,1079
2026-02-13 20:00:00+00:00,5046.2001953125,5057.10009765625,5045.10009765625,5051.89990234375,1055
2026-02-13 20:15:00+00:00,5051.10009765625,5055.7998046875,5049.10009765625,5051.2998046875,1042
2026-02-13 20:30:00+00:00,5050.7998046875,5056.39990234375,5046.7998046875,5052.7001953125,967
2026-02-13 20:45:00+00:00,5052.2998046875,5056.2998046875,5043.2998046875,5054.0,1123
2026-02-13 21:00:00+00:00,5053.89990234375,5057.89990234375,5051.39990234375,5055.0,495
2026-02-13 21:15:00+00:00,5055.10009765625,5056.2001953125,5052.10009765625,5055.0,216
2026-02-13 21:30:00+00:00,5054.2001953125,5060.60009765625,5052.60009765625,5060.10009765625,263
2026-02-13 21:45:00+00:00,5060.0,5067.39990234375,5046.2998046875,5046.2998046875,738
2026-02-15 23:15:00+00:00,5046.2998046875,5050.2998046875,5040.2998046875,5048.10009765625,134
2026-02-15 23:30:00+00:00,5047.89990234375,5051.60009765625,5036.10009765625,5039.2998046875,450
2026-02-15 23:45:00+00:00,5039.0,5040.7998046875,5031.60009765625,5038.5,333
2026-02-16 00:00:00+00:00,5038.39990234375,5040.7998046875,5018.2001953125,5035.7001953125,972
2026-02-16 00:15:00+00:00,5036.60009765625,5040.2998046875,5027.0,5031.0,313
2026-02-16 00:30:00+00:00,5031.7001953125,5033.7998046875,5027.60009765625,5033.10009765625,223
2026-02-16 00:45:00+00:00,5032.5,5043.0,5029.7001953125,5035.0,205
2026-02-16 01:00:00+00:00,5034.10009765625,5042.5,5026.39990234375,5041.39990234375,372
2026-02-16 01:15:00+00:00,5041.60009765625,5051.39990234375,5041.60009765625,5048.7001953125,570
2026-02-16 01:30:00+00:00,5049.0,5050.5,5045.10009765625,5049.2998046875,214
2026-02-16 01:45:00+00:00,5049.7998046875,5049.89990234375,5044.2998046875,5047.60009765625,231
2026-02-16 02:00:00+00:00,5048.39990234375,5051.0,5039.10009765625,5040.89990234375,299
2026-02-16 02:15:00+00:00,5041.5,5044.7001953125,5037.5,5038.2998046875,136
2026-02-16 02:30:00+00:00,5038.7001953125,5040.7998046875,5020.0,5021.60009765625,972
2026-02-16 02:45:00+00:00,5022.2001953125,5022.2001953125,5011.2998046875,5014.7998046875,701
2026-02-16 03:00:00+00:00,5013.7001953125,5019.5,5007.10009765625,5017.2001953125,737
2026-02-16 03:15:00+00:00,5017.5,5018.0,5013.2998046875,5014.2001953125,359
2026-02-16 03:30:00+00:00,5014.0,5016.5,5008.0,5010.7998046875,428
2026-02-16 03:45:00+00:00,5009.7998046875,5013.60009765625,4986.0,5007.2001953125,1128
2026-02-16 04:00:00+00:00,5006.2001953125,5012.2001953125,4988.0,4995.2998046875,1015
2026-02-16 04:15:00+00:00,4995.0,4999.2001953125,4991.10009765625,4995.60009765625,438
2026-02-16 04:30:00+00:00,4994.10009765625,4997.10009765625,4991.2998046875,4994.7001953125,377
2026-02-16 04:45:00+00:00,4994.2998046875,4999.10009765625,4993.10009765625,4994.7001953125,252
2026-02-17 05:00:00+00:00,4970.7998046875,4972.2998046875,4945.2001953125,4946.7001953125,939
2026-02-17 05:15:00+00:00,4945.89990234375,4946.7998046875,4906.10009765625,4919.2001953125,4285
2026-02-17 05:30:00+00:00,4919.89990234375,4921.10009765625,4875.2001953125,4898.5,3885
2026-02-17 05:45:00+00:00,4897.10009765625,4919.0,4892.2001953125,4906.89990234375,1283
2026-02-17 06:00:00+00:00,4906.7001953125,4914.5,4906.7001953125,4909.89990234375,814
2026-02-17 06:15:00+00:00,4910.2998046875,4921.89990234375,4905.10009765625,4913.10009765625,643
2026-02-17 06:30:00+00:00,4912.7001953125,4932.89990234375,4910.0,4927.2998046875,1016
2026-02-17 06:45:00+00:00,4927.7001953125,4932.2001953125,4917.60009765625,4930.0,1333
2026-02-17 07:00:00+00:00,4928.5,4932.2001953125,4922.39990234375,4925.2998046875,629
2026-02-17 07:15:00+00:00,4925.7998046875,4937.60009765625,4924.5,4926.89990234375,800
2026-02-17 07:30:00+00:00,4926.7001953125,4939.7998046875,4922.2998046875,4936.0,880
2026-02-17 07:45:00+00:00,4935.60009765625,4941.7001953125,4933.2998046875,4935.7998046875,520
2026-02-17 08:00:00+00:00,4936.0,4949.39990234375,4934.7998046875,4946.2998046875,1112
2026-02-17 08:15:00+00:00,4946.7001953125,4948.0,4938.0,4939.2998046875,506
2026-02-17 08:30:00+00:00,4938.7998046875,4944.2001953125,4935.0,4936.60009765625,623
2026-02-17 08:45:00+00:00,4936.89990234375,4944.2001953125,4936.7001953125,4939.5,477
2026-02-17 09:00:00+00:00,4939.0,4948.39990234375,4937.7998046875,4940.60009765625,652
2026-02-17 09:15:00+00:00,4940.2998046875,4943.0,4936.7001953125,4937.89990234375,419
2026-02-17 09:30:00+00:00,4937.89990234375,4944.10009765625,4935.2998046875,4940.0,595
2026-02-17 09:45:00+00:00,4940.10009765625,4951.60009765625,4926.2998046875,4945.2001953125,1406
2026-02-17 10:00:00+00:00,4944.60009765625,4959.5,4942.5,4955.5,1120
2026-02-17 10:15:00+00:00,4955.89990234375,4956.60009765625,4947.39990234375,4947.5,637
2026-02-17 10:30:00+00:00,4947.2001953125,4947.7998046875,4938.89990234375,4941.2998046875,1376
2026-02-17 10:45:00+00:00,4940.89990234375,4942.60009765625,4927.10009765625,4932.10009765625,1257
2026-02-17 11:00:00+00:00,4932.5,4946.2001953125,4932.5,4945.0,894
2026-02-17 11:15:00+00:00,4945.0,4950.2998046875,4943.7001953125,4947.10009765625,418
2026-02-17 11:30:00+00:00,4947.60009765625,4949.7998046875,4941.7001953125,4947.0,602
2026-02-17 11:45:00+00:00,4947.60009765625,4950.2001953125,4940.60009765625,4948.7001953125,671
2026-02-17 12:00:00+00:00,4948.39990234375,4958.60009765625,4947.5,4952.89990234375,1175
2026-02-17 12:15:00+00:00,4953.39990234375,4964.0,4953.39990234375,4962.2001953125,1022
2026-02-17 12:30:00+00:00,4962.0,4963.60009765625,4952.89990234375,4957.39990234375,1030
2026-02-17 12:45:00+00:00,4957.39990234375,4957.5,4948.5,4951.60009765625,638
2026-02-17 13:00:00+00:00,4951.2998046875,4953.0,4938.0,4941.5,1128
2026-02-17 13:15:00+00:00,4941.2001953125,4942.7001953125,4930.7001953125,4939.2001953125,2085
2026-02-17 13:30:00+00:00,4940.7998046875,4942.2998046875,4926.7998046875,4941.5,2343
2026-02-17 13:45:00+00:00,4940.7998046875,4944.7001953125,4887.7998046875,4889.39990234375,6313
2026-02-17 14:00:00+00:00,4888.7001953125,4918.7001953125,4854.2001953125,4915.5,10325
2026-02-17 14:15:00+00:00,4914.89990234375,4923.5,4908.2001953125,4917.0,2938
2026-02-17 14:30:00+00:00,4916.39990234375,4926.2998046875,4885.7001953125,4889.0,4831
2026-02-17 14:45:00+00:00,4888.2998046875,4899.10009765625,4874.10009765625,4881.2998046875,3152
2026-02-17 15:00:00+00:00,4880.7998046875,4891.60009765625,4867.0,4876.0,3602
2026-02-17 15:15:00+00:00,4875.2001953125,4896.89990234375,4871.60009765625,4880.39990234375,2502
2026-02-17 15:30:00+00:00,4880.0,4891.7001953125,4871.0,4887.39990234375,2100
2026-02-17 15:45:00+00:00,4886.5,4902.10009765625,4879.60009765625,4897.2001953125,1519
2026-02-17 16:00:00+00:00,4897.10009765625,4913.0,4894.10009765625,4902.7998046875,2801
2026-02-17 16:15:00+00:00,4902.89990234375,4910.5,4899.39990234375,4902.5,1234
2026-02-17 16:30:00+00:00,4902.39990234375,4906.60009765625,4892.7998046875,4897.0,1901
2026-02-17 16:45:00+00:00,4896.89990234375,4902.89990234375,4886.7998046875,4887.7001953125,1286
2026-02-17 17:00:00+00:00,4887.5,4890.0,4868.0,4874.0,3039
2026-02-17 17:15:00+00:00,4873.5,4884.10009765625,4873.5,4883.5,1021
2026-02-17 17:30:00+00:00,4883.2998046875,4887.0,4878.0,4878.2998046875,1053
2026-02-17 17:45:00+00:00,4879.10009765625,4886.5,4872.39990234375,4884.0,1819
2026-02-17 18:00:00+00:00,4883.5,4890.7998046875,4881.10009765625,4885.2001953125,1466
2026-02-17 18:15:00+00:00,4886.0,4910.7001953125,4885.7001953125,4906.10009765625,3779
2026-02-17 18:30:00+00:00,4905.5,4914.7998046875,4898.7001953125,4907.7001953125,1562
2026-02-17 18:45:00+00:00,4908.2998046875,4931.0,4904.7001953125,4917.7001953125,2149
2026-02-17 19:00:00+00:00,4917.89990234375,4920.60009765625,4911.5,4912.5,985
2026-02-17 19:15:00+00:00,4912.5,4917.10009765625,4900.39990234375,4902.7998046875,1045
2026-02-17 19:30:00+00:00,4902.5,4907.2001953125,4895.2001953125,4903.0,791
2026-02-17 19:45:00+00:00,4902.89990234375,4904.7998046875,4898.7001953125,4899.2998046875,309
2026-02-17 20:00:00+00:00,4899.2001953125,4901.2001953125,4892.2001953125,4898.2998046875,539
2026-02-17 20:15:00+00:00,4898.60009765625,4898.89990234375,4891.7001953125,4896.89990234375,371
2026-02-17 20:30:00+00:00,4895.60009765625,4902.39990234375,4892.2001953125,4897.2001953125,465
2026-02-17 20:45:00+00:00,4897.60009765625,4902.60009765625,4895.10009765625,4896.7001953125,697
2026-02-17 21:00:00+00:00,4896.2001953125,4903.2001953125,4893.5,4899.2001953125,379
2026-02-17 21:15:00+00:00,4899.10009765625,4905.2001953125,4896.0,4898.2998046875,359
2026-02-17 21:30:00+00:00,4898.0,4900.2998046875,4897.2001953125,4897.89990234375,144
2026-02-17 21:45:00+00:00,4897.60009765625,4898.39990234375,4894.60009765625,4896.10009765625,215
2026-02-17 23:00:00+00:00,4898.5,4901.0,4868.5,4899.2001953125,324
2026-02-17 23:15:00+00:00,4900.0,4902.2001953125,4885.39990234375,4896.5,488
2026-02-17 23:30:00+00:00,4895.7998046875,4901.7001953125,4884.0,4894.7998046875,334
2026-02-17 23:45:00+00:00,4893.5,4893.5,4871.2998046875,4876.89990234375,857
2026-02-18 00:00:00+00:00,4876.0,4888.7001953125,4875.7998046875,4881.89990234375,511
2026-02-18 00:15:00+00:00,4881.10009765625,4890.0,4876.0,4886.89990234375,450
2026-02-18 00:30:00+00:00,4886.7998046875,4899.5,4885.7998046875,4895.5,416
2026-02-18 00:45:00+00:00,4895.5,4901.2001953125,4887.5,4891.7998046875,371
2026-02-18 01:00:00+00:00,4891.7998046875,4909.0,4891.7998046875,4904.39990234375,861
2026-02-18 01:15:00+00:00,4904.7998046875,4909.7998046875,4899.0,4905.2001953125,606
2026-02-18 01:30:00+00:00,4904.5,4911.7001953125,4901.89990234375,4904.0,265
2026-02-18 01:45:00+00:00,4903.39990234375,4910.60009765625,4900.2998046875,4908.0,400
2026-02-18 02:00:00+00:00,4907.2998046875,4920.2998046875,4904.60009765625,4916.89990234375,700
2026-02-18 02:15:00+00:00,4916.5,4923.0,4913.5,4919.0,563
2026-02-18 02:30:00+00:00,4919.2998046875,4925.0,4919.0,4923.2001953125,300
2026-02-18 02:45:00+00:00,4923.5,4925.7998046875,4921.0,4923.7998046875,187
2026-02-18 03:00:00+00:00,4924.0,4936.0,4922.7001953125,4931.2998046875,750
2026-02-18 03:15:00+00:00,4931.5,4938.89990234375,4931.2998046875,4937.89990234375,322
2026-02-18 03:30:00+00:00,4938.10009765625,4939.7001953125,4935.0,4937.0,250
2026-02-18 03:45:00+00:00,4937.2001953125,4940.60009765625,4936.7001953125,4939.5,420
2026-02-18 04:00:00+00:00,4939.10009765625,4950.0,4937.0,4947.60009765625,673
2026-02-18 04:15:00+00:00,4947.60009765625,4952.2998046875,4943.5,4952.0,339
2026-02-18 04:30:00+00:00,4952.2998046875,4955.7998046875,4950.2001953125,4952.2001953125,315
2026-02-18 04:45:00+00:00,4952.2998046875,4961.7998046875,4951.2998046875,4951.60009765625,465
2026-02-18 05:00:00+00:00,4953.5,4957.89990234375,4949.2001953125,4951.7001953125,520
2026-02-18 05:15:00+00:00,4952.39990234375,4958.60009765625,4950.7001953125,4954.7001953125,167
2026-02-18 05:30:00+00:00,4954.89990234375,4959.10009765625,4953.7998046875,4954.0,232
2026-02-18 05:45:00+00:00,4953.7998046875,4958.0,4952.0,4952.39990234375,131
2026-02-18 06:00:00+00:00,4952.7001953125,4952.89990234375,4944.2001953125,4945.89990234375,505
2026-02-18 06:15:00+00:00,4946.5,4952.5,4944.5,4949.60009765625,279
2026-02-18 06:30:00+00:00,4949.2998046875,4952.0,4945.7998046875,4950.7001953125,355
2026-02-18 06:45:00+00:00,4950.7001953125,4955.2998046875,4949.7001953125,4949.7001953125,309
2026-02-18 07:00:00+00:00,4949.60009765625,4961.5,4949.5,4957.0,632
2026-02-18 07:15:00+00:00,4958.10009765625,4962.2001953125,4951.2001953125,4958.5,549
2026-02-18 07:30:00+00:00,4957.89990234375,4960.0,4953.0,4954.10009765625,396
2026-02-18 07:45:00+00:00,4953.7998046875,4954.7998046875,4948.60009765625,4949.5,481
2026-02-18 08:00:00+00:00,4950.2001953125,4953.2001953125,4946.60009765625,4948.7998046875,863
2026-02-18 08:15:00+00:00,4949.0,4949.2998046875,4942.39990234375,4946.0,907
2026-02-18 08:30:00+00:00,4946.10009765625,4947.10009765625,4939.2998046875,4940.7001953125,950
2026-02-18 08:45:00+00:00,4941.60009765625,4942.60009765625,4936.2998046875,4937.7001953125,788
2026-02-18 09:00:00+00:00,4937.5,4940.7001953125,4933.10009765625,4937.2001953125,1180
2026-02-18 09:15:00+00:00,4937.5,4943.2998046875,4933.2001953125,4941.2001953125,918
2026-02-18 09:30:00+00:00,4941.2001953125,4943.5,4936.2998046875,4940.7001953125,612
2026-02-18 09:45:00+00:00,4941.2001953125,4942.39990234375,4936.5,4937.89990234375,457
2026-02-18 10:00:00+00:00,4937.39990234375,4945.39990234375,4937.2001953125,4940.5,890
2026-02-18 10:15:00+00:00,4940.89990234375,4945.10009765625,4938.2998046875,4942.10009765625,1140
2026-02-18 10:30:00+00:00,4941.7998046875,4941.7998046875,4929.2998046875,4931.7998046875,1274
2026-02-18 10:45:00+00:00,4932.10009765625,4937.10009765625,4930.39990234375,4935.0,532
2026-02-18 11:00:00+00:00,4934.5,4936.7001953125,4932.5,4936.0,432
2026-02-18 11:15:00+00:00,4936.5,4938.2001953125,4935.0,4935.60009765625,512
2026-02-18 11:30:00+00:00,4935.60009765625,4937.10009765625,4931.2998046875,4931.60009765625,396
2026-02-18 11:45:00+00:00,4931.89990234375,4936.39990234375,4925.89990234375,4933.39990234375,827
2026-02-18 12:00:00+00:00,4932.7001953125,4946.89990234375,4931.89990234375,4942.0,1778
2026-02-18 12:15:00+00:00,4942.5,4950.0,4941.39990234375,4941.39990234375,1360
2026-02-18 12:30:00+00:00,4941.2998046875,4951.89990234375,4938.10009765625,4949.7998046875,1011
2026-02-18 12:45:00+00:00,4949.7998046875,4967.5,4948.7998046875,4963.5,2054
2026-02-18 13:00:00+00:00,4963.2998046875,4983.10009765625,4962.89990234375,4978.0,3705
2026-02-18 13:15:00+00:00,4978.39990234375,4980.7998046875,4973.0,4977.7001953125,1863
2026-02-18 13:30:00+00:00,4978.2001953125,4989.7998046875,4972.60009765625,4976.2998046875,3254
2026-02-18 13:45:00+00:00,4976.7998046875,4977.0,4969.7001953125,4974.2001953125,1689
2026-02-18 14:00:00+00:00,4975.0,4982.0,4972.60009765625,4979.7001953125,1370
2026-02-18 14:15:00+00:00,4979.60009765625,4984.39990234375,4975.7001953125,4980.89990234375,1184
2026-02-18 14:30:00+00:00,4981.39990234375,5007.2001953125,4975.5,5002.89990234375,5136
2026-02-18 14:45:00+00:00,5002.89990234375,5015.5,5001.2001953125,5012.2998046875,3256
2026-02-18 15:00:00+00:00,5012.10009765625,5029.0,5011.7001953125,5024.7001953125,5744
2026-02-18 15:15:00+00:00,5025.0,5029.60009765625,5020.89990234375,5025.10009765625,2341
2026-02-18 15:30:00+00:00,5025.5,5025.60009765625,5017.7998046875,5021.0,2028
2026-02-18 15:45:00+00:00,5021.2001953125,5021.2001953125,5015.60009765625,5018.7998046875,1673
2026-02-18 16:00:00+00:00,5018.89990234375,5024.0,5017.39990234375,5020.60009765625,1561
2026-02-18 16:15:00+00:00,5020.0,5021.0,5011.5,5017.7001953125,1525
2026-02-18 16:30:00+00:00,5017.39990234375,5027.5,5015.0,5025.7998046875,1478
2026-02-18 16:45:00+00:00,5026.39990234375,5031.89990234375,5020.2001953125,5021.2001953125,1714
2026-02-18 17:00:00+00:00,5021.39990234375,5022.7998046875,5016.39990234375,5020.0,1595
2026-02-18 17:15:00+00:00,5020.5,5021.7001953125,5018.5,5020.2001953125,646
2026-02-18 17:30:00+00:00,5020.2001953125,5020.89990234375,5014.2001953125,5019.10009765625,1113
2026-02-18 17:45:00+00:00,5019.0,5021.89990234375,5018.10009765625,5020.10009765625,668
2026-02-18 18:00:00+00:00,5020.2001953125,5024.2001953125,5018.7998046875,5018.7998046875,813
2026-02-18 18:15:00+00:00,5019.0,5020.7001953125,5007.7001953125,5009.5,2420
2026-02-18 18:30:00+00:00,5009.0,5014.2001953125,5001.2001953125,5004.60009765625,2082
2026-02-18 18:45:00+00:00,5004.0,5008.5,5002.89990234375,5008.2001953125,798
2026-02-18 19:00:00+00:00,5007.60009765625,5015.60009765625,5005.0,5012.5,1523
2026-02-18 19:15:00+00:00,5012.39990234375,5016.39990234375,4993.7998046875,4999.7001953125,1755
2026-02-18 19:30:00+00:00,5000.0,5005.2998046875,4993.7001953125,5003.2001953125,1233
2026-02-18 19:45:00+00:00,5003.5,5005.5,4999.2001953125,5000.7001953125,535
2026-02-18 20:00:00+00:00,5000.7001953125,5005.2998046875,4995.89990234375,4999.0,641
2026-02-18 20:15:00+00:00,4998.7001953125,5001.89990234375,4997.0,4998.0,569
2026-02-18 20:30:00+00:00,4997.89990234375,5008.39990234375,4997.5,5006.2998046875,543
2026-02-18 20:45:00+00:00,5005.5,5006.89990234375,4999.7998046875,5005.2998046875,985
2026-02-18 21:00:00+00:00,5004.89990234375,5006.7001953125,5001.0,5001.2998046875,269
2026-02-18 21:15:00+00:00,5001.10009765625,5004.5,5001.0,5002.2001953125,161
2026-02-18 21:30:00+00:00,5002.2001953125,5002.5,4998.89990234375,5000.39990234375,194
2026-02-18 21:45:00+00:00,5000.10009765625,5001.10009765625,4995.60009765625,4996.10009765625,222
2026-02-18 23:00:00+00:00,4993.7001953125,5000.0,4971.5,4996.10009765625,435
2026-02-18 23:15:00+00:00,4995.5,5003.0,4990.0,5000.89990234375,301
2026-02-18 23:30:00+00:00,5001.2001953125,5007.7998046875,4997.7998046875,5000.60009765625,385
2026-02-18 23:45:00+00:00,5000.60009765625,5001.7998046875,4987.0,4994.7998046875,522
2026-02-19 00:00:00+00:00,4994.60009765625,4994.7998046875,4979.5,4986.89990234375,639
2026-02-19 00:15:00+00:00,4987.2001953125,4991.39990234375,4982.2998046875,4986.60009765625,352
2026-02-19 00:30:00+00:00,4986.39990234375,4992.0,4983.5,4984.2001953125,331
2026-02-19 00:45:00+00:00,4983.2001953125,4984.60009765625,4978.5,4980.2001953125,362
2026-02-19 01:00:00+00:00,4980.2001953125,4988.0,4979.10009765625,4984.7998046875,444
2026-02-19 01:15:00+00:00,4984.2001953125,4986.39990234375,4980.10009765625,4983.10009765625,175
2026-02-19 01:30:00+00:00,4983.5,4989.60009765625,4980.2998046875,4989.5,296
2026-02-19 01:45:00+00:00,4990.0,4995.0,4987.89990234375,4992.10009765625,269
2026-02-19 02:00:00+00:00,4992.7001953125,4996.2001953125,4990.60009765625,4993.0,294
2026-02-19 02:15:00+00:00,4993.5,4993.7001953125,4984.89990234375,4992.2001953125,363
2026-02-19 02:30:00+00:00,4992.10009765625,4992.60009765625,4987.60009765625,4990.39990234375,214
2026-02-19 02:45:00+00:00,4990.0,4992.2001953125,4986.2998046875,4986.89990234375,168
2026-02-19 03:00:00+00:00,4986.89990234375,4990.0,4985.2001953125,4988.5,212
2026-02-19 03:15:00+00:00,4988.2998046875,4990.7001953125,4985.89990234375,4988.39990234375,175
2026-02-19 03:30:00+00:00,4988.7998046875,4998.2001953125,4988.5,4996.5,824
2026-02-19 03:45:00+00:00,4995.7998046875,5002.60009765625,4995.7998046875,5000.39990234375,427
2026-02-19 04:00:00+00:00,5000.0,5003.7998046875,4997.2998046875,5000.60009765625,310
2026-02-19 04:15:00+00:00,5000.2001953125,5002.10009765625,4996.7998046875,4998.39990234375,214
2026-02-19 04:30:00+00:00,4998.10009765625,5004.7001953125,4997.7998046875,4999.2001953125,294
2026-02-19 04:45:00+00:00,4999.7998046875,5004.0,4995.2998046875,5002.7998046875,344
2026-02-19 05:00:00+00:00,5002.5,5012.2001953125,5002.5,5009.0,438
2026-02-19 05:15:00+00:00,5008.39990234375,5008.7998046875,5005.60009765625,5007.5,255
2026-02-19 05:30:00+00:00,5007.7001953125,5014.7001953125,5007.2001953125,5014.10009765625,348
2026-02-19 05:45:00+00:00,5014.5,5017.60009765625,5013.2998046875,5015.5,489
2026-02-19 06:00:00+00:00,5015.10009765625,5018.39990234375,5014.39990234375,5017.2001953125,404
2026-02-19 06:15:00+00:00,5017.5,5020.60009765625,5015.39990234375,5019.2001953125,387
2026-02-19 06:30:00+00:00,5018.7998046875,5028.7998046875,5018.7998046875,5026.7001953125,657
2026-02-19 06:45:00+00:00,5027.2998046875,5038.0,5027.2998046875,5035.39990234375,1146
2026-02-19 07:00:00+00:00,5036.5,5039.7998046875,5034.5,5035.7001953125,828
2026-02-19 07:15:00+00:00,5035.7998046875,5038.10009765625,5032.5,5036.0,458
2026-02-19 07:30:00+00:00,5036.39990234375,5038.60009765625,5032.7998046875,5033.7001953125,344
2026-02-19 07:45:00+00:00,5033.2001953125,5035.10009765625,5026.89990234375,5028.0,612
2026-02-19 08:00:00+00:00,5028.0,5030.2998046875,5023.89990234375,5029.89990234375,731
2026-02-19 08:15:00+00:00,5029.7998046875,5033.39990234375,5027.39990234375,5033.39990234375,541
2026-02-19 08:30:00+00:00,5033.2001953125,5038.89990234375,5028.5,5037.7998046875,440
2026-02-19 08:45:00+00:00,5038.7998046875,5040.89990234375,5031.7001953125,5035.5,930
2026-02-19 09:00:00+00:00,5035.7998046875,5038.5,5034.0,5038.0,476
2026-02-19 09:15:00+00:00,5038.2001953125,5039.10009765625,5016.2001953125,5019.5,1598
2026-02-19 09:30:00+00:00,5019.89990234375,5024.89990234375,5012.0,5022.2998046875,1287
2026-02-19 09:45:00+00:00,5021.89990234375,5024.2998046875,5014.39990234375,5014.39990234375,685
2026-02-19 10:00:00+00:00,5014.39990234375,5015.2001953125,5002.2001953125,5008.89990234375,1480
2026-02-19 10:15:00+00:00,5008.2998046875,5011.7998046875,5004.60009765625,5006.2001953125,766
2026-02-19 10:30:00+00:00,5006.0,5014.7998046875,5000.7001953125,5008.39990234375,1437
2026-02-19 10:45:00+00:00,5008.10009765625,5013.0,5007.39990234375,5013.0,502
2026-02-19 11:00:00+00:00,5013.0,5016.7998046875,5008.5,5012.39990234375,589
2026-02-19 11:15:00+00:00,5012.89990234375,5014.0,4997.10009765625,5004.39990234375,1499
2026-02-19 11:30:00+00:00,5004.39990234375,5006.60009765625,5001.60009765625,5002.10009765625,739
2026-02-19 11:45:00+00:00,5001.60009765625,5005.5,4997.2001953125,5003.2998046875,993
2026-02-19 12:00:00+00:00,5003.7998046875,5009.7998046875,4999.7998046875,5007.60009765625,838
2026-02-19 12:15:00+00:00,5008.0,5011.2998046875,5003.5,5011.2998046875,547
2026-02-19 12:30:00+00:00,5011.5,5012.0,5002.5,5005.60009765625,970
2026-02-19 12:45:00+00:00,5006.39990234375,5007.60009765625,5000.2998046875,5004.39990234375,563
2026-02-19 13:00:00+00:00,5005.10009765625,5005.7998046875,4994.10009765625,5003.10009765625,1102
2026-02-19 13:15:00+00:00,5003.10009765625,5007.5,4999.2998046875,5003.0,829
2026-02-19 13:30:00+00:00,5001.5,5017.39990234375,4990.10009765625,5013.7998046875,2444
2026-02-19 13:45:00+00:00,5013.89990234375,5018.5,5011.10009765625,5016.60009765625,1304
2026-02-19 14:00:00+00:00,5016.5,5016.89990234375,4990.5,4992.2001953125,2178
2026-02-19 14:15:00+00:00,4991.7998046875,5001.89990234375,4991.39990234375,4997.39990234375,1166
2026-02-19 14:30:00+00:00,4997.2001953125,5014.39990234375,4982.0,5011.7001953125,4345
2026-02-19 14:45:00+00:00,5011.60009765625,5029.60009765625,5006.39990234375,5024.60009765625,3304
2026-02-19 15:00:00+00:00,5025.2001953125,5029.5,5018.10009765625,5018.39990234375,3394
2026-02-19 15:15:00+00:00,5018.89990234375,5035.7998046875,5014.7001953125,5035.7001953125,2860
2026-02-19 15:30:00+00:00,5035.2001953125,5042.7998046875,5031.89990234375,5035.0,3482
2026-02-19 15:45:00+00:00,5035.2001953125,5035.89990234375,5026.2998046875,5033.39990234375,1815
2026-02-19 16:00:00+00:00,5033.89990234375,5034.2001953125,5020.60009765625,5024.7001953125,1865
2026-02-19 16:15:00+00:00,5025.2998046875,5026.2001953125,5011.5,5017.89990234375,2149
2026-02-19 16:30:00+00:00,5018.10009765625,5028.60009765625,5017.60009765625,5026.10009765625,1320
2026-02-19 16:45:00+00:00,5025.60009765625,5026.60009765625,5008.7998046875,5014.2001953125,1413
2026-02-19 17:00:00+00:00,5014.2001953125,5019.10009765625,5011.0,5016.0,961
2026-02-19 17:15:00+00:00,5015.60009765625,5021.10009765625,5011.7998046875,5013.2998046875,990
2026-02-19 17:30:00+00:00,5013.5,5015.60009765625,5005.0,5012.7001953125,1039
2026-02-19 17:45:00+00:00,5012.2998046875,5013.7001953125,5001.89990234375,5004.2001953125,955
2026-02-19 18:00:00+00:00,5004.5,5008.10009765625,4998.10009765625,5007.0,1443
2026-02-19 18:15:00+00:00,5007.60009765625,5008.7998046875,4995.0,4997.0,1862
2026-02-19 18:30:00+00:00,4997.2998046875,5002.2998046875,4994.0,4994.89990234375,949
2026-02-19 18:45:00+00:00,4995.39990234375,5003.7001953125,4995.39990234375,5000.7001953125,744
2026-02-19 19:00:00+00:00,5000.7001953125,5008.89990234375,4999.5,5006.39990234375,599
2026-02-19 19:15:00+00:00,5005.60009765625,5009.7001953125,5005.10009765625,5008.10009765625,371
2026-02-19 19:30:00+00:00,5008.39990234375,5009.2001953125,4996.7998046875,5003.7998046875,743
2026-02-19 19:45:00+00:00,5004.0,5007.5,5001.0,5006.5,506
2026-02-19 20:00:00+00:00,5006.89990234375,5011.0,5006.89990234375,5009.7001953125,463
2026-02-19 20:15:00+00:00,5009.7001953125,5016.0,5008.0,5014.39990234375,438
2026-02-19 20:30:00+00:00,5014.5,5019.39990234375,5013.7998046875,5017.7998046875,555
2026-02-19 20:45:00+00:00,5018.2998046875,5022.2001953125,5017.2001953125,5020.60009765625,992
2026-02-19 21:00:00+00:00,5020.7001953125,5022.7998046875,5016.2001953125,5018.39990234375,539
2026-02-19 21:15:00+00:00,5018.7001953125,5020.0,5010.2001953125,5012.10009765625,619
2026-02-19 21:30:00+00:00,5012.5,5017.89990234375,5012.39990234375,5017.7001953125,204
2026-02-19 21:45:00+00:00,5017.2998046875,5018.5,5011.39990234375,5015.5,313
2026-02-19 23:00:00+00:00,5015.0,5026.5,5012.0,5017.2998046875,285
2026-02-19 23:15:00+00:00,5018.7001953125,5021.5,5011.2998046875,5015.0,314
2026-02-19 23:30:00+00:00,5015.7998046875,5019.5,5013.7001953125,5014.89990234375,218
2026-02-19 23:45:00+00:00,5015.2001953125,5018.89990234375,5003.5,5005.60009765625,466
2026-02-20 00:00:00+00:00,5006.39990234375,5015.0,5003.5,5011.60009765625,315
2026-02-20 00:15:00+00:00,5012.7001953125,5014.39990234375,5006.2998046875,5009.2998046875,136
2026-02-20 00:30:00+00:00,5009.89990234375,5015.10009765625,5005.10009765625,5011.89990234375,198
2026-02-20 00:45:00+00:00,5012.10009765625,5025.5,5012.10009765625,5024.5,375
2026-02-20 01:00:00+00:00,5024.60009765625,5033.39990234375,5024.39990234375,5031.89990234375,754
2026-02-20 01:15:00+00:00,5031.39990234375,5031.5,5014.2001953125,5017.7998046875,682
2026-02-20 01:30:00+00:00,5018.0,5022.10009765625,5012.89990234375,5016.39990234375,428
2026-02-20 01:45:00+00:00,5016.39990234375,5018.5,5013.7998046875,5015.39990234375,278
2026-02-20 02:00:00+00:00,5015.5,5025.7001953125,5010.60009765625,5015.0,712
2026-02-20 02:15:00+00:00,5015.2001953125,5017.5,5010.89990234375,5015.39990234375,412
2026-02-20 02:30:00+00:00,5015.7998046875,5021.7998046875,5015.7998046875,5017.10009765625,219
2026-02-20 02:45:00+00:00,5017.2001953125,5017.2998046875,5010.89990234375,5013.7001953125,373
2026-02-20 03:00:00+00:00,5013.7001953125,5015.2998046875,5006.60009765625,5012.2001953125,403
2026-02-20 03:15:00+00:00,5012.60009765625,5016.7001953125,5010.0,5010.0,127
2026-02-20 03:30:00+00:00,5010.60009765625,5017.2001953125,4999.2998046875,5004.60009765625,747
2026-02-20 03:45:00+00:00,5005.2998046875,5013.60009765625,5003.7001953125,5006.0,506
2026-02-20 04:00:00+00:00,5005.60009765625,5010.60009765625,5004.2001953125,5010.10009765625,202
2026-02-20 04:15:00+00:00,5010.5,5012.7001953125,5008.10009765625,5012.2998046875,105
2026-02-20 04:30:00+00:00,5012.7998046875,5021.2001953125,5011.5,5016.10009765625,290
2026-02-20 04:45:00+00:00,5016.5,5018.2001953125,5014.0,5017.5,107
2026-02-20 05:00:00+00:00,5018.10009765625,5023.89990234375,5018.0,5019.2998046875,354
2026-02-20 05:15:00+00:00,5019.2998046875,5020.5,5016.5,5019.2998046875,223
2026-02-20 05:30:00+00:00,5019.2998046875,5022.60009765625,5015.89990234375,5017.39990234375,322
2026-02-20 05:45:00+00:00,5017.2998046875,5030.10009765625,5016.10009765625,5030.10009765625,548
2026-02-20 06:00:00+00:00,5030.5,5038.5,5029.7001953125,5034.7001953125,840
2026-02-20 06:15:00+00:00,5034.7001953125,5048.60009765625,5034.7001953125,5040.7998046875,1028
2026-02-20 06:30:00+00:00,5041.10009765625,5046.89990234375,5039.10009765625,5045.2001953125,418
2026-02-20 06:45:00+00:00,5045.5,5048.89990234375,5038.39990234375,5039.60009765625,637
2026-02-20 07:00:00+00:00,5040.2998046875,5047.2998046875,5034.39990234375,5041.10009765625,703
2026-02-20 07:15:00+00:00,5042.0,5042.2001953125,5028.39990234375,5034.10009765625,854
2026-02-20 07:30:00+00:00,5034.5,5036.7001953125,5031.5,5035.5,840
2026-02-20 07:45:00+00:00,5034.89990234375,5035.39990234375,5024.60009765625,5025.2998046875,982
2026-02-20 08:00:00+00:00,5025.60009765625,5035.5,5023.7998046875,5031.2998046875,1229
2026-02-20 08:15:00+00:00,5031.10009765625,5039.0,5030.10009765625,5037.2001953125,741
2026-02-20 08:30:00+00:00,5037.7998046875,5046.7001953125,5037.0,5041.89990234375,984
2026-02-20 08:45:00+00:00,5042.10009765625,5050.60009765625,5042.10009765625,5048.7001953125,1119
2026-02-20 09:00:00+00:00,5048.5,5061.39990234375,5047.2998046875,5059.0,1721
2026-02-20 09:15:00+00:00,5058.7998046875,5063.0,5053.0,5053.89990234375,1370
2026-02-20 09:30:00+00:00,5053.7998046875,5055.5,5049.2001953125,5052.10009765625,1092
2026-02-20 09:45:00+00:00,5052.2998046875,5054.5,5046.89990234375,5047.60009765625,741
2026-02-20 10:00:00+00:00,5047.7998046875,5048.2998046875,5038.5,5045.5,1036
2026-02-20 10:15:00+00:00,5045.7998046875,5051.0,5042.60009765625,5046.0,1109
2026-02-20 10:30:00+00:00,5046.5,5058.10009765625,5046.5,5053.7001953125,1422
2026-02-20 10:45:00+00:00,5053.60009765625,5057.0,5045.2998046875,5054.60009765625,1188
2026-02-20 11:00:00+00:00,5054.7001953125,5054.7998046875,5050.7001953125,5051.39990234375,585
2026-02-20 11:15:00+00:00,5051.10009765625,5052.2998046875,5045.7998046875,5048.7001953125,740
2026-02-20 11:30:00+00:00,5048.39990234375,5052.89990234375,5042.0,5046.5,1235
2026-02-20 11:45:00+00:00,5046.10009765625,5048.10009765625,5034.7001953125,5036.7998046875,1821
2026-02-20 12:00:00+00:00,5037.0,5042.7998046875,5032.60009765625,5040.89990234375,1458
2026-02-20 12:15:00+00:00,5041.60009765625,5042.2998046875,5030.10009765625,5030.60009765625,1553
2026-02-20 12:30:00+00:00,5030.7001953125,5044.7001953125,5025.7001953125,5044.0,2476
2026-02-20 12:45:00+00:00,5044.10009765625,5045.60009765625,5040.5,5044.5,507
2026-02-20 13:00:00+00:00,5044.10009765625,5047.5,5042.2998046875,5044.0,632
2026-02-20 13:15:00+00:00,5044.2998046875,5051.10009765625,5044.0,5048.2998046875,1001
2026-02-20 13:30:00+00:00,5048.39990234375,5052.7001953125,5037.7001953125,5050.39990234375,1887
2026-02-20 13:45:00+00:00,5051.10009765625,5068.7001953125,5050.5,5063.5,3678
2026-02-20 14:00:00+00:00,5063.10009765625,5067.10009765625,5056.7998046875,5062.7001953125,2534
2026-02-20 14:15:00+00:00,5063.0,5064.7998046875,5058.2001953125,5061.10009765625,1949
2026-02-20 14:30:00+00:00,5060.7998046875,5079.0,5057.2001953125,5072.7998046875,5888
2026-02-20 14:45:00+00:00,5073.5,5081.2001953125,5067.89990234375,5074.7998046875,2917
2026-02-20 15:00:00+00:00,5073.60009765625,5084.5,5005.5,5041.2998046875,12790
2026-02-20 15:15:00+00:00,5042.0,5064.2998046875,5030.7001953125,5044.60009765625,5656
2026-02-20 15:30:00+00:00,5045.0,5066.2001953125,5036.2001953125,5065.0,3502
2026-02-20 15:45:00+00:00,5065.2998046875,5072.7998046875,5056.2001953125,5062.2998046875,2898
2026-02-20 16:00:00+00:00,5062.2998046875,5076.2001953125,5058.2001953125,5075.0,2400
2026-02-20 16:15:00+00:00,5075.0,5077.0,5064.89990234375,5073.7001953125,1964
2026-02-20 16:30:00+00:00,5073.7998046875,5089.7998046875,5072.89990234375,5083.7001953125,3083
2026-02-20 16:45:00+00:00,5083.7998046875,5088.5,5080.7001953125,5087.0,1911
2026-02-20 17:00:00+00:00,5087.0,5094.2998046875,5084.89990234375,5087.5,2649
2026-02-20 17:15:00+00:00,5087.5,5088.89990234375,5075.2001953125,5085.2001953125,2341
2026-02-20 17:30:00+00:00,5085.0,5091.0,5082.60009765625,5089.0,1554
2026-02-20 17:45:00+00:00,5089.39990234375,5097.2998046875,5088.0,5093.7001953125,1927
2026-02-20 18:00:00+00:00,5093.7001953125,5094.39990234375,5087.39990234375,5090.60009765625,1466
2026-02-20 18:15:00+00:00,5090.89990234375,5091.89990234375,5075.10009765625,5079.89990234375,3956
2026-02-20 18:30:00+00:00,5079.7998046875,5097.0,5078.2001953125,5088.7998046875,3700
2026-02-20 18:45:00+00:00,5088.7998046875,5096.2001953125,5088.7998046875,5094.0,1345
2026-02-20 19:00:00+00:00,5093.60009765625,5098.0,5091.2998046875,5094.2001953125,1018
2026-02-20 19:15:00+00:00,5093.7998046875,5098.39990234375,5091.10009765625,5092.7001953125,1604
2026-02-20 19:30:00+00:00,5092.7001953125,5097.0,5092.7001953125,5096.39990234375,576
2026-02-20 19:45:00+00:00,5096.2001953125,5104.60009765625,5094.89990234375,5102.39990234375,1400
2026-02-20 20:00:00+00:00,5102.2998046875,5104.2998046875,5099.7998046875,5102.2998046875,941
2026-02-20 20:15:00+00:00,5102.2001953125,5109.89990234375,5101.2998046875,5107.7001953125,1264
2026-02-20 20:30:00+00:00,5107.7001953125,5110.39990234375,5105.7001953125,5107.5,1172
2026-02-20 20:45:00+00:00,5107.7998046875,5120.7001953125,5106.10009765625,5119.39990234375,1881
2026-02-20 21:00:00+00:00,5119.5,5121.7001953125,5114.39990234375,5115.7001953125,958
2026-02-20 21:15:00+00:00,5116.0,5121.60009765625,5114.2998046875,5120.89990234375,903
2026-02-20 21:30:00+00:00,5120.89990234375,5123.2001953125,5120.39990234375,5122.10009765625,613
2026-02-20 21:45:00+00:00,5122.5,5131.0,5080.89990234375,5080.89990234375,1271
2026-02-22 23:00:00+00:00,5157.0,5168.2001953125,5157.0,5168.0,824
2026-02-22 23:15:00+00:00,5167.89990234375,5174.0,5162.2998046875,5168.10009765625,1296
2026-02-22 23:30:00+00:00,5167.7998046875,5181.2998046875,5166.5,5181.2001953125,1984
2026-02-22 23:45:00+00:00,5180.60009765625,5194.2001953125,5175.89990234375,5187.2001953125,1512
2026-02-23 00:00:00+00:00,5187.0,5188.5,5153.2001953125,5160.7001953125,3429
2026-02-23 00:15:00+00:00,5161.2998046875,5175.7998046875,5151.0,5175.10009765625,2000
2026-02-23 00:30:00+00:00,5175.2998046875,5182.7001953125,5160.60009765625,5162.7001953125,1515
2026-02-23 00:45:00+00:00,5161.7001953125,5168.2001953125,5156.0,5165.89990234375,748
2026-02-23 01:00:00+00:00,5166.2998046875,5180.10009765625,5161.60009765625,5169.10009765625,1072
2026-02-23 01:15:00+00:00,5170.2998046875,5182.0,5168.0,5181.2001953125,804
2026-02-23 01:30:00+00:00,5181.5,5188.7998046875,5177.2998046875,5188.2001953125,799
2026-02-23 01:45:00+00:00,5188.5,5190.0,5177.7998046875,5179.39990234375,794
2026-02-23 02:00:00+00:00,5179.10009765625,5189.2998046875,5178.7998046875,5183.0,709
2026-02-23 02:15:00+00:00,5182.7998046875,5189.7001953125,5179.89990234375,5183.10009765625,620
2026-02-23 02:30:00+00:00,5183.60009765625,5198.7998046875,5183.2998046875,5196.0,1082
2026-02-23 02:45:00+00:00,5196.60009765625,5198.7001953125,5185.60009765625,5195.0,787
2026-02-23 03:00:00+00:00,5195.2001953125,5197.60009765625,5173.2001953125,5180.7001953125,1530
2026-02-23 03:15:00+00:00,5180.0,5186.7998046875,5176.0,5186.2998046875,740
2026-02-23 03:30:00+00:00,5186.39990234375,5192.7998046875,5186.39990234375,5190.5,529
2026-02-23 03:45:00+00:00,5190.39990234375,5192.7998046875,5187.7998046875,5188.39990234375,373
2026-02-23 04:00:00+00:00,5188.2998046875,5190.2998046875,5177.2998046875,5183.60009765625,682
2026-02-23 04:15:00+00:00,5184.0,5186.2001953125,5180.5,5181.39990234375,229
2026-02-23 04:30:00+00:00,5182.39990234375,5185.2998046875,5177.2998046875,5181.5,472
2026-02-23 04:45:00+00:00,5181.10009765625,5183.60009765625,5179.2001953125,5181.2998046875,313
2026-02-23 05:00:00+00:00,5182.0,5183.2998046875,5173.89990234375,5179.89990234375,720
2026-02-23 05:15:00+00:00,5180.10009765625,5180.89990234375,5174.7998046875,5179.60009765625,317
2026-02-23 05:30:00+00:00,5179.5,5179.7998046875,5175.2001953125,5178.5,311
2026-02-23 05:45:00+00:00,5178.7001953125,5181.60009765625,5177.89990234375,5179.89990234375,354
2026-02-23 06:00:00+00:00,5180.2998046875,5182.89990234375,5179.0,5181.2998046875,389
2026-02-23 06:15:00+00:00,5181.39990234375,5183.2001953125,5173.60009765625,5174.2001953125,388
2026-02-23 06:30:00+00:00,5174.89990234375,5178.60009765625,5168.60009765625,5169.89990234375,967
2026-02-23 06:45:00+00:00,5170.10009765625,5174.39990234375,5166.10009765625,5167.2998046875,765
2026-02-23 07:00:00+00:00,5167.39990234375,5176.2998046875,5159.2998046875,5169.2001953125,1715
2026-02-23 07:15:00+00:00,5169.2001953125,5171.2001953125,5145.10009765625,5158.0,1966
2026-02-23 07:30:00+00:00,5157.7001953125,5158.7998046875,5146.39990234375,5157.39990234375,1341
2026-02-23 07:45:00+00:00,5157.7001953125,5160.5,5156.0,5157.60009765625,1005
2026-02-23 08:00:00+00:00,5157.5,5160.7998046875,5152.2001953125,5159.2998046875,994
2026-02-23 08:15:00+00:00,5159.7998046875,5160.5,5143.0,5146.10009765625,1235
2026-02-23 08:30:00+00:00,5146.0,5153.10009765625,5142.7998046875,5148.7998046875,1071
2026-02-23 08:45:00+00:00,5148.7998046875,5162.89990234375,5148.60009765625,5161.0,1241
2026-02-23 09:00:00+00:00,5160.7001953125,5167.7998046875,5159.39990234375,5166.7001953125,1774
2026-02-23 09:15:00+00:00,5167.0,5170.2998046875,5165.5,5169.89990234375,946
2026-02-23 09:30:00+00:00,5170.0,5170.60009765625,5163.60009765625,5167.0,781
2026-02-23 09:45:00+00:00,5167.2001953125,5170.5,5164.7001953125,5170.10009765625,461
2026-02-23 10:00:00+00:00,5170.39990234375,5174.0,5167.10009765625,5170.60009765625,938
2026-02-23 10:15:00+00:00,5170.39990234375,5177.2998046875,5170.10009765625,5176.60009765625,1745
2026-02-23 10:30:00+00:00,5176.60009765625,5178.39990234375,5165.60009765625,5173.10009765625,2001
2026-02-23 10:45:00+00:00,5173.39990234375,5184.7998046875,5172.7998046875,5184.0,1395
2026-02-23 11:00:00+00:00,5184.0,5184.5,5173.7001953125,5174.10009765625,852
2026-02-23 11:15:00+00:00,5174.5,5175.2998046875,5167.2998046875,5171.10009765625,1165
2026-02-23 11:30:00+00:00,5171.2001953125,5174.2001953125,5168.5,5171.39990234375,626
2026-02-23 11:45:00+00:00,5171.7001953125,5175.2001953125,5170.0,5170.2998046875,579
2026-02-23 12:00:00+00:00,5170.2998046875,5175.39990234375,5167.5,5169.2001953125,1039
2026-02-23 12:15:00+00:00,5170.39990234375,5172.7998046875,5165.89990234375,5170.7001953125,819
2026-02-23 12:30:00+00:00,5171.10009765625,5185.39990234375,5170.10009765625,5185.2998046875,1487
2026-02-23 12:45:00+00:00,5185.2998046875,5186.39990234375,5180.39990234375,5185.0,1258
2026-02-23 13:00:00+00:00,5185.0,5186.39990234375,5173.7001953125,5175.89990234375,1604
2026-02-23 13:15:00+00:00,5175.5,5177.39990234375,5164.10009765625,5170.10009765625,2142
2026-02-23 13:30:00+00:00,5170.60009765625,5174.5,5168.0,5173.10009765625,1377
2026-02-23 13:45:00+00:00,5172.7001953125,5173.5,5165.2998046875,5166.2001953125,1416
2026-02-23 14:00:00+00:00,5165.89990234375,5178.2001953125,5161.5,5177.2001953125,1671
2026-02-23 14:15:00+00:00,5177.2001953125,5185.7998046875,5176.2001953125,5185.7998046875,1878
2026-02-23 14:30:00+00:00,5185.39990234375,5212.2001953125,5185.10009765625,5211.7001953125,5734
2026-02-23 14:45:00+00:00,5212.0,5221.89990234375,5208.0,5213.5,6593
2026-02-23 15:00:00+00:00,5213.10009765625,5220.60009765625,5201.60009765625,5220.5,4320
2026-02-23 15:15:00+00:00,5220.5,5225.0,5212.7998046875,5218.7998046875,3554
2026-02-23 15:30:00+00:00,5219.2998046875,5224.0,5207.2998046875,5222.60009765625,2287
2026-02-23 15:45:00+00:00,5222.5,5226.2001953125,5211.5,5216.60009765625,3107
2026-02-23 16:00:00+00:00,5216.2998046875,5226.10009765625,5196.0,5223.60009765625,4147
2026-02-23 16:15:00+00:00,5223.89990234375,5240.89990234375,5222.10009765625,5236.39990234375,4403
2026-02-23 16:30:00+00:00,5236.60009765625,5237.10009765625,5227.7998046875,5230.7998046875,2399
2026-02-23 16:45:00+00:00,5230.89990234375,5238.7998046875,5227.39990234375,5230.39990234375,1889
2026-02-23 17:00:00+00:00,5231.10009765625,5234.5,5220.39990234375,5224.5,2441
2026-02-23 17:15:00+00:00,5224.2998046875,5233.0,5223.39990234375,5230.7001953125,1306
2026-02-23 17:30:00+00:00,5231.0,5231.5,5211.2001953125,5219.7001953125,2555
2026-02-23 17:45:00+00:00,5219.2998046875,5228.0,5216.7001953125,5227.39990234375,976
2026-02-23 18:00:00+00:00,5228.0,5235.89990234375,5227.0,5232.5,1190
2026-02-23 18:15:00+00:00,5232.60009765625,5233.2998046875,5220.7998046875,5226.2001953125,3184
2026-02-23 18:30:00+00:00,5226.10009765625,5233.2998046875,5225.0,5226.60009765625,1140
2026-02-23 18:45:00+00:00,5226.7998046875,5232.2998046875,5225.89990234375,5229.5,653
2026-02-23 19:00:00+00:00,5229.0,5232.39990234375,5226.39990234375,5231.2001953125,578
2026-02-23 19:15:00+00:00,5231.39990234375,5235.2998046875,5227.10009765625,5229.2998046875,919
2026-02-23 19:30:00+00:00,5229.39990234375,5237.2001953125,5228.39990234375,5236.7998046875,892
2026-02-23 19:45:00+00:00,5236.60009765625,5238.39990234375,5234.2001953125,5235.39990234375,901
2026-02-23 20:00:00+00:00,5235.0,5244.5,5234.60009765625,5243.2998046875,1400
2026-02-23 20:15:00+00:00,5242.7998046875,5246.10009765625,5241.89990234375,5245.2001953125,1257
2026-02-23 20:30:00+00:00,5245.10009765625,5249.89990234375,5244.60009765625,5247.5,865
2026-02-23 20:45:00+00:00,5247.39990234375,5257.2998046875,5244.60009765625,5255.60009765625,1812
2026-02-23 21:00:00+00:00,5255.2001953125,5256.5,5249.2001953125,5250.60009765625,852
2026-02-23 21:15:00+00:00,5250.10009765625,5251.60009765625,5248.2001953125,5249.39990234375,355
2026-02-23 21:30:00+00:00,5249.0,5252.2998046875,5245.89990234375,5248.60009765625,413
2026-02-23 21:45:00+00:00,5247.89990234375,5251.0,5246.2998046875,5247.89990234375,472
2026-02-23 23:00:00+00:00,5247.5,5269.39990234375,5241.0,5262.7001953125,776
2026-02-23 23:15:00+00:00,5264.0,5269.2998046875,5253.2998046875,5255.2998046875,740
2026-02-23 23:30:00+00:00,5256.89990234375,5266.60009765625,5256.39990234375,5261.39990234375,619
2026-02-23 23:45:00+00:00,5261.39990234375,5261.89990234375,5253.60009765625,5254.5,426
2026-02-24 00:00:00+00:00,5254.10009765625,5254.10009765625,5236.7998046875,5248.7001953125,2329
2026-02-24 00:15:00+00:00,5249.10009765625,5257.39990234375,5243.7001953125,5246.7001953125,1301
2026-02-24 00:30:00+00:00,5247.0,5252.0,5243.60009765625,5250.0,628
2026-02-24 00:45:00+00:00,5249.60009765625,5251.5,5239.2001953125,5243.10009765625,1227
2026-02-24 01:00:00+00:00,5243.0,5243.0,5202.0,5204.7998046875,5900
2026-02-24 01:15:00+00:00,5204.89990234375,5208.2001953125,5164.10009765625,5184.2998046875,6202
2026-02-24 01:30:00+00:00,5184.7001953125,5196.0,5180.39990234375,5193.7001953125,1959
2026-02-24 01:45:00+00:00,5193.7998046875,5199.0,5183.2001953125,5196.60009765625,1709
2026-02-24 02:00:00+00:00,5197.0,5200.7001953125,5186.2001953125,5192.7001953125,1330
2026-02-24 02:15:00+00:00,5191.5,5194.89990234375,5184.5,5192.10009765625,551
2026-02-24 02:30:00+00:00,5192.0,5208.5,5192.0,5203.10009765625,1246
2026-02-24 02:45:00+00:00,5204.2001953125,5210.89990234375,5203.10009765625,5209.0,743
2026-02-24 03:00:00+00:00,5209.39990234375,5212.2001953125,5205.39990234375,5209.0,508
2026-02-24 03:15:00+00:00,5208.60009765625,5210.10009765625,5201.39990234375,5201.7998046875,383
2026-02-24 03:30:00+00:00,5202.89990234375,5208.2998046875,5195.5,5199.10009765625,481
2026-02-24 03:45:00+00:00,5199.0,5199.7998046875,5190.7001953125,5192.0,454
2026-02-24 04:00:00+00:00,5191.5,5192.0,5181.0,5187.7001953125,824
2026-02-24 04:15:00+00:00,5188.7001953125,5195.2998046875,5188.7001953125,5191.7998046875,403
2026-02-24 04:30:00+00:00,5192.89990234375,5192.89990234375,5184.89990234375,5184.89990234375,343
2026-02-24 04:45:00+00:00,5184.0,5191.0,5183.0,5188.39990234375,432
2026-02-24 05:00:00+00:00,5188.10009765625,5194.39990234375,5183.7001953125,5192.2001953125,719
2026-02-24 05:15:00+00:00,5191.7998046875,5195.39990234375,5186.2998046875,5187.10009765625,546
2026-02-24 05:30:00+00:00,5187.5,5194.60009765625,5184.10009765625,5192.60009765625,804
2026-02-24 05:45:00+00:00,5192.5,5205.60009765625,5192.39990234375,5203.0,767
2026-02-24 06:00:00+00:00,5203.2001953125,5204.7998046875,5197.2001953125,5203.0,695
2026-02-24 06:15:00+00:00,5203.0,5203.60009765625,5186.7998046875,5188.7998046875,570
2026-02-24 06:30:00+00:00,5188.39990234375,5193.2998046875,5173.60009765625,5189.39990234375,1528
2026-02-24 06:45:00+00:00,5189.60009765625,5195.2001953125,5188.0,5193.60009765625,503
2026-02-24 07:00:00+00:00,5193.0,5193.5,5183.60009765625,5190.5,1637
2026-02-24 07:15:00+00:00,5191.0,5203.0,5188.89990234375,5202.39990234375,1572
2026-02-24 07:30:00+00:00,5202.10009765625,5203.60009765625,5193.89990234375,5199.60009765625,1459
2026-02-24 07:45:00+00:00,5199.0,5202.39990234375,5194.2001953125,5198.7001953125,507
2026-02-24 08:00:00+00:00,5198.60009765625,5199.0,5188.89990234375,5190.2998046875,1501
2026-02-24 08:15:00+00:00,5190.10009765625,5193.7998046875,5184.5,5189.89990234375,1058
2026-02-24 08:30:00+00:00,5189.39990234375,5201.60009765625,5189.0,5194.7001953125,1046
2026-02-24 08:45:00+00:00,5193.89990234375,5196.0,5188.7001953125,5193.0,872
2026-02-24 09:00:00+00:00,5192.2998046875,5199.39990234375,5190.7998046875,5191.5,805
2026-02-24 09:15:00+00:00,5190.89990234375,5194.0,5187.0,5187.7001953125,765
2026-02-24 09:30:00+00:00,5187.89990234375,5192.89990234375,5185.39990234375,5189.2001953125,613
2026-02-24 09:45:00+00:00,5188.7998046875,5192.10009765625,5186.39990234375,5190.7001953125,362
2026-02-24 10:00:00+00:00,5190.2001953125,5195.0,5190.2001953125,5193.7001953125,622
2026-02-24 10:15:00+00:00,5193.7001953125,5201.0,5191.2998046875,5194.7001953125,770
2026-02-24 10:30:00+00:00,5195.2998046875,5196.0,5182.2998046875,5189.5,2428
2026-02-24 10:45:00+00:00,5189.39990234375,5193.7998046875,5188.0,5192.2998046875,422
2026-02-24 11:00:00+00:00,5192.2998046875,5196.60009765625,5191.7001953125,5195.7998046875,510
2026-02-24 11:15:00+00:00,5195.89990234375,5196.2998046875,5190.60009765625,5194.2001953125,360
2026-02-24 11:30:00+00:00,5194.2001953125,5197.5,5192.5,5197.5,315
2026-02-24 11:45:00+00:00,5197.7001953125,5198.0,5191.39990234375,5191.89990234375,708
2026-02-24 12:00:00+00:00,5192.10009765625,5192.5,5183.7998046875,5186.60009765625,1067
2026-02-24 12:15:00+00:00,5186.39990234375,5187.7998046875,5165.0,5180.2998046875,3091
2026-02-24 12:30:00+00:00,5180.5,5183.5,5172.2001953125,5176.60009765625,1694
2026-02-24 12:45:00+00:00,5175.89990234375,5177.5,5162.2001953125,5168.7998046875,1827
2026-02-24 13:00:00+00:00,5169.2001953125,5180.10009765625,5169.2001953125,5178.0,2490
2026-02-24 13:15:00+00:00,5177.2998046875,5177.2998046875,5170.2001953125,5174.5,2219
2026-02-24 13:30:00+00:00,5175.2998046875,5177.39990234375,5151.39990234375,5164.0,4298
2026-02-24 13:45:00+00:00,5163.7001953125,5164.60009765625,5126.89990234375,5132.2998046875,6658
2026-02-24 14:00:00+00:00,5132.0,5145.0,5109.5,5123.2001953125,7578
2026-02-24 14:15:00+00:00,5122.2001953125,5137.7001953125,5117.7998046875,5132.89990234375,4486
2026-02-24 14:30:00+00:00,5132.39990234375,5157.0,5127.39990234375,5155.10009765625,5489
2026-02-24 14:45:00+00:00,5155.2001953125,5157.0,5144.2001953125,5145.5,3089
2026-02-24 15:00:00+00:00,5147.7001953125,5156.0,5135.2001953125,5155.0,3304
2026-02-24 15:15:00+00:00,5155.10009765625,5164.7001953125,5152.89990234375,5156.39990234375,3155
2026-02-24 15:30:00+00:00,5156.10009765625,5168.60009765625,5152.2001953125,5167.7998046875,2605
2026-02-24 15:45:00+00:00,5168.2001953125,5173.39990234375,5163.2998046875,5168.2001953125,2169
2026-02-24 16:00:00+00:00,5168.5,5170.7001953125,5159.60009765625,5165.7001953125,1573
2026-02-24 16:15:00+00:00,5165.39990234375,5169.5,5159.7001953125,5162.0,984
2026-02-24 16:30:00+00:00,5162.10009765625,5168.7998046875,5153.10009765625,5163.2998046875,2126
2026-02-24 16:45:00+00:00,5163.39990234375,5163.7001953125,5147.7998046875,5159.7001953125,1865
2026-02-24 17:00:00+00:00,5159.7001953125,5175.7001953125,5159.39990234375,5174.2001953125,1735
2026-02-24 17:15:00+00:00,5174.39990234375,5181.5,5173.10009765625,5176.7998046875,2583
2026-02-24 17:30:00+00:00,5177.0,5179.60009765625,5174.89990234375,5178.7001953125,880
2026-02-24 17:45:00+00:00,5178.7998046875,5182.2998046875,5175.7001953125,5182.0,801
2026-02-24 18:00:00+00:00,5182.10009765625,5188.5,5182.10009765625,5182.5,2132
2026-02-24 18:15:00+00:00,5182.60009765625,5183.7998046875,5173.7001953125,5176.60009765625,3811
2026-02-24 18:30:00+00:00,5176.7998046875,5179.60009765625,5171.2998046875,5177.2998046875,1240
2026-02-24 18:45:00+00:00,5177.89990234375,5181.39990234375,5174.2998046875,5178.89990234375,639
2026-02-24 19:00:00+00:00,5178.0,5178.5,5166.7001953125,5174.39990234375,1130
2026-02-24 19:15:00+00:00,5174.5,5175.39990234375,5164.2001953125,5169.2001953125,896
2026-02-24 19:30:00+00:00,5169.7998046875,5175.0,5167.0,5170.39990234375,815
2026-02-24 19:45:00+00:00,5170.0,5173.5,5169.60009765625,5171.7998046875,480
2026-02-24 20:00:00+00:00,5172.10009765625,5173.7001953125,5164.2001953125,5166.60009765625,587
2026-02-24 20:15:00+00:00,5166.7998046875,5188.2001953125,5165.89990234375,5186.5,1388
2026-02-24 20:30:00+00:00,5186.7001953125,5191.39990234375,5183.60009765625,5190.10009765625,1165
2026-02-24 20:45:00+00:00,5190.10009765625,5190.39990234375,5175.89990234375,5181.7998046875,1106
2026-02-24 21:00:00+00:00,5181.89990234375,5183.89990234375,5174.39990234375,5179.39990234375,499
2026-02-24 21:15:00+00:00,5179.39990234375,5180.7998046875,5171.7001953125,5173.60009765625,283
2026-02-24 21:30:00+00:00,5173.7998046875,5173.7998046875,5164.2998046875,5168.7001953125,506
2026-02-24 21:45:00+00:00,5168.89990234375,5168.89990234375,5158.0,5160.5,433
2026-02-24 23:00:00+00:00,5160.0,5164.0,5135.89990234375,5152.89990234375,583
2026-02-24 23:15:00+00:00,5153.89990234375,5155.60009765625,5146.7001953125,5148.10009765625,254
2026-02-24 23:30:00+00:00,5148.39990234375,5168.0,5147.7001953125,5164.7001953125,808
2026-02-24 23:45:00+00:00,5164.7998046875,5170.0,5163.2001953125,5165.0,405
2026-02-25 00:00:00+00:00,5165.10009765625,5167.7998046875,5154.2998046875,5159.0,497
2026-02-25 00:15:00+00:00,5158.2998046875,5165.0,5155.60009765625,5158.2001953125,283
2026-02-25 00:30:00+00:00,5159.0,5174.0,5159.0,5165.89990234375,571
2026-02-25 00:45:00+00:00,5165.60009765625,5175.2998046875,5160.10009765625,5171.0,551
2026-02-25 01:00:00+00:00,5171.10009765625,5195.2998046875,5162.7998046875,5192.2998046875,1913
2026-02-25 01:15:00+00:00,5192.60009765625,5206.60009765625,5191.89990234375,5202.89990234375,1811
2026-02-25 01:30:00+00:00,5202.60009765625,5208.0,5196.2001953125,5198.2001953125,1030
2026-02-25 01:45:00+00:00,5198.2998046875,5204.2998046875,5192.2001953125,5195.10009765625,622
2026-02-25 02:00:00+00:00,5194.39990234375,5207.2998046875,5194.39990234375,5207.0,684
2026-02-25 02:15:00+00:00,5207.0,5212.0,5202.7998046875,5208.0,980
2026-02-25 02:30:00+00:00,5208.2998046875,5208.89990234375,5200.0,5203.7001953125,586
2026-02-25 02:45:00+00:00,5203.60009765625,5204.7001953125,5184.2998046875,5198.60009765625,1185
2026-02-25 03:00:00+00:00,5199.2998046875,5208.7001953125,5199.2998046875,5204.10009765625,614
2026-02-25 03:15:00+00:00,5203.7998046875,5205.7998046875,5197.10009765625,5204.7998046875,473
2026-02-25 03:30:00+00:00,5204.0,5206.7001953125,5197.2001953125,5202.7001953125,623
2026-02-25 03:45:00+00:00,5202.10009765625,5205.60009765625,5196.5,5200.60009765625,503
2026-02-25 04:00:00+00:00,5200.10009765625,5202.60009765625,5189.2998046875,5199.5,762
2026-02-25 04:15:00+00:00,5198.7001953125,5203.89990234375,5198.7001953125,5201.60009765625,459
2026-02-25 04:30:00+00:00,5201.2001953125,5203.2998046875,5198.7001953125,5203.2998046875,278
2026-02-25 04:45:00+00:00,5203.2998046875,5203.60009765625,5198.7001953125,5201.2998046875,280
2026-02-25 05:00:00+00:00,5202.10009765625,5210.60009765625,5201.7001953125,5207.2998046875,665
2026-02-25 05:15:00+00:00,5207.60009765625,5215.60009765625,5206.7998046875,5214.39990234375,868
2026-02-25 05:30:00+00:00,5214.10009765625,5223.7001953125,5211.10009765625,5222.10009765625,1782
2026-02-25 05:45:00+00:00,5222.7998046875,5230.0,5220.39990234375,5221.2001953125,1551
2026-02-25 06:00:00+00:00,5220.10009765625,5220.89990234375,5201.7001953125,5211.5,1658
2026-02-25 06:15:00+00:00,5211.5,5214.7001953125,5208.2001953125,5209.0,630
2026-02-25 06:30:00+00:00,5208.2001953125,5213.39990234375,5207.2998046875,5211.0,302
2026-02-25 06:45:00+00:00,5210.10009765625,5213.89990234375,5208.5,5213.2001953125,343
2026-02-25 07:00:00+00:00,5213.7001953125,5214.39990234375,5206.60009765625,5208.0,764
2026-02-25 07:15:00+00:00,5207.7001953125,5210.0,5200.5,5208.2001953125,733
2026-02-25 07:30:00+00:00,5208.2998046875,5209.5,5204.89990234375,5205.39990234375,536
2026-02-25 07:45:00+00:00,5205.2001953125,5208.2001953125,5199.5,5203.7998046875,732
2026-02-25 08:00:00+00:00,5203.7001953125,5209.60009765625,5203.5,5206.39990234375,511
2026-02-25 08:15:00+00:00,5206.39990234375,5213.39990234375,5205.89990234375,5212.7001953125,679
2026-02-25 08:30:00+00:00,5212.7998046875,5216.60009765625,5210.0,5211.2998046875,672
2026-02-25 08:45:00+00:00,5211.10009765625,5211.60009765625,5203.0,5204.5,764
2026-02-25 09:00:00+00:00,5204.2998046875,5207.0,5194.5,5202.60009765625,1568
2026-02-25 09:15:00+00:00,5202.60009765625,5207.5,5200.7998046875,5205.7998046875,948
2026-02-25 09:30:00+00:00,5206.0,5212.7998046875,5204.7001953125,5210.0,887
2026-02-25 09:45:00+00:00,5210.10009765625,5213.89990234375,5207.0,5212.89990234375,947
2026-02-25 10:00:00+00:00,5212.39990234375,5214.7001953125,5202.0,5203.39990234375,932
2026-02-25 10:15:00+00:00,5203.5,5203.7998046875,5191.5,5194.0,1648
2026-02-25 10:30:00+00:00,5193.89990234375,5199.89990234375,5188.0,5195.60009765625,1694
2026-02-25 10:45:00+00:00,5195.39990234375,5195.89990234375,5191.0,5193.7001953125,419
2026-02-25 11:00:00+00:00,5193.2998046875,5194.60009765625,5180.39990234375,5181.10009765625,1439
2026-02-25 11:15:00+00:00,5181.7998046875,5187.7001953125,5173.2001953125,5186.89990234375,1871
2026-02-25 11:30:00+00:00,5187.2998046875,5192.60009765625,5185.0,5191.2998046875,1013
2026-02-25 11:45:00+00:00,5191.7001953125,5200.7998046875,5190.2001953125,5199.5,1007
2026-02-25 12:00:00+00:00,5199.2998046875,5201.0,5196.2001953125,5199.60009765625,1038
2026-02-25 12:15:00+00:00,5200.10009765625,5205.2001953125,5199.7001953125,5201.5,1047
2026-02-25 12:30:00+00:00,5201.5,5204.10009765625,5195.0,5202.39990234375,1070
2026-02-25 12:45:00+00:00,5202.7998046875,5203.39990234375,5196.7998046875,5201.0,696
2026-02-25 13:00:00+00:00,5201.89990234375,5208.2998046875,5199.0,5205.39990234375,1833
2026-02-25 13:15:00+00:00,5205.7001953125,5210.0,5204.2001953125,5206.2998046875,1221
2026-02-25 13:30:00+00:00,5206.7001953125,5209.89990234375,5200.2998046875,5205.5,1196
2026-02-25 13:45:00+00:00,5205.7001953125,5209.5,5202.39990234375,5203.7001953125,1263
2026-02-25 14:00:00+00:00,5203.2001953125,5210.0,5202.0,5203.7001953125,1339
2026-02-25 14:15:00+00:00,5203.89990234375,5204.60009765625,5192.7998046875,5196.10009765625,2212
2026-02-25 14:30:00+00:00,5196.39990234375,5199.89990234375,5177.0,5193.2998046875,5815
2026-02-25 14:45:00+00:00,5193.0,5211.7998046875,5192.7998046875,5210.2001953125,3732
2026-02-25 15:00:00+00:00,5209.2998046875,5222.0,5208.60009765625,5211.89990234375,4933
2026-02-25 15:15:00+00:00,5212.60009765625,5215.0,5193.0,5199.2001953125,2594
2026-02-25 15:30:00+00:00,5199.5,5212.5,5190.2998046875,5210.39990234375,2088
2026-02-25 15:45:00+00:00,5210.2998046875,5217.7001953125,5205.2998046875,5214.5,1945
2026-02-25 16:00:00+00:00,5214.10009765625,5218.2998046875,5209.10009765625,5212.10009765625,1672
2026-02-25 16:15:00+00:00,5212.39990234375,5226.39990234375,5211.5,5222.39990234375,2179
2026-02-25 16:30:00+00:00,5222.5,5227.2001953125,5218.60009765625,5227.2001953125,1646
2026-02-25 16:45:00+00:00,5227.2001953125,5233.60009765625,5226.39990234375,5231.7001953125,2189
2026-02-25 17:00:00+00:00,5232.0,5237.2998046875,5227.10009765625,5234.7001953125,1640
2026-02-25 17:15:00+00:00,5234.89990234375,5235.60009765625,5230.7998046875,5232.60009765625,1154
2026-02-25 17:30:00+00:00,5232.89990234375,5234.0,5227.60009765625,5228.2001953125,1186
2026-02-25 17:45:00+00:00,5228.2998046875,5230.2998046875,5222.89990234375,5226.5,1400
2026-02-25 18:00:00+00:00,5226.5,5227.0,5226.39990234375,5226.39990234375,8
2026-02-25 19:45:00+00:00,5226.2001953125,5229.2998046875,5218.10009765625,5224.39990234375,2742
2026-02-25 20:00:00+00:00,5224.10009765625,5225.0,5214.2001953125,5214.7001953125,1239
2026-02-25 20:15:00+00:00,5214.5,5215.39990234375,5202.0,5205.10009765625,2060
2026-02-25 20:30:00+00:00,5205.2998046875,5209.7998046875,5191.2001953125,5200.39990234375,1978
2026-02-25 20:45:00+00:00,5200.10009765625,5200.10009765625,5163.2998046875,5169.89990234375,3695
2026-02-25 21:00:00+00:00,5171.2001953125,5184.0,5168.60009765625,5180.10009765625,1806
2026-02-25 21:15:00+00:00,5179.7998046875,5191.39990234375,5179.2001953125,5186.89990234375,1149
2026-02-25 21:30:00+00:00,5187.2001953125,5191.2001953125,5184.39990234375,5187.89990234375,447
2026-02-25 21:45:00+00:00,5187.7998046875,5189.60009765625,5180.5,5183.7001953125,651
2026-02-25 23:00:00+00:00,5175.2998046875,5198.10009765625,5175.2001953125,5185.10009765625,400
2026-02-25 23:15:00+00:00,5184.7998046875,5195.7998046875,5180.0,5186.0,719
2026-02-25 23:30:00+00:00,5185.7001953125,5190.10009765625,5179.10009765625,5188.0,691
2026-02-25 23:45:00+00:00,5188.7998046875,5195.2001953125,5176.2001953125,5180.0,1382
2026-02-26 00:00:00+00:00,5179.10009765625,5185.0,5170.10009765625,5183.2001953125,1207
2026-02-26 00:15:00+00:00,5183.10009765625,5201.7001953125,5183.10009765625,5200.10009765625,1068
2026-02-26 00:30:00+00:00,5200.89990234375,5204.7998046875,5196.2998046875,5203.5,908
2026-02-26 00:45:00+00:00,5203.89990234375,5207.39990234375,5200.0,5203.2001953125,639
2026-02-26 01:00:00+00:00,5203.7998046875,5213.39990234375,5197.7001953125,5203.7001953125,1550
2026-02-26 01:15:00+00:00,5204.2998046875,5211.0,5194.7001953125,5196.39990234375,869
2026-02-26 01:30:00+00:00,5196.2001953125,5208.2998046875,5194.5,5205.0,893
2026-02-26 01:45:00+00:00,5204.89990234375,5209.39990234375,5200.2001953125,5206.7998046875,682
2026-02-26 02:00:00+00:00,5207.0,5211.5,5198.0,5198.39990234375,716
2026-02-26 02:15:00+00:00,5199.0,5205.2998046875,5196.0,5196.0,556
2026-02-26 02:30:00+00:00,5195.7998046875,5199.39990234375,5188.7998046875,5191.2998046875,1039
2026-02-26 02:45:00+00:00,5191.60009765625,5202.0,5191.60009765625,5199.60009765625,480
2026-02-26 03:00:00+00:00,5199.39990234375,5203.7998046875,5198.2001953125,5202.39990234375,340
2026-02-26 03:15:00+00:00,5202.89990234375,5209.39990234375,5201.2001953125,5203.89990234375,677
2026-02-26 03:30:00+00:00,5203.89990234375,5205.5,5201.60009765625,5202.2001953125,265
2026-02-26 03:45:00+00:00,5201.7998046875,5208.60009765625,5200.0,5208.10009765625,340
2026-02-26 04:00:00+00:00,5208.10009765625,5215.39990234375,5207.89990234375,5212.5,690
2026-02-26 04:15:00+00:00,5212.7001953125,5213.0,5207.39990234375,5210.10009765625,409
2026-02-26 04:30:00+00:00,5209.89990234375,5211.60009765625,5208.89990234375,5210.0,622
2026-02-26 04:45:00+00:00,5210.2998046875,5210.89990234375,5206.60009765625,5208.7001953125,287
2026-02-26 05:00:00+00:00,5208.7998046875,5215.7001953125,5206.10009765625,5214.0,436
2026-02-26 05:15:00+00:00,5214.0,5221.89990234375,5212.5,5216.60009765625,1082
2026-02-26 05:30:00+00:00,5216.2998046875,5219.7001953125,5212.2998046875,5215.7998046875,693
2026-02-26 05:45:00+00:00,5216.10009765625,5216.5,5207.5,5214.39990234375,711
2026-02-26 06:00:00+00:00,5214.7998046875,5216.10009765625,5209.89990234375,5215.0,470
2026-02-26 06:15:00+00:00,5214.60009765625,5214.60009765625,5209.5,5210.10009765625,464
2026-02-26 06:30:00+00:00,5209.7998046875,5215.10009765625,5209.7998046875,5213.2001953125,660
2026-02-26 06:45:00+00:00,5213.60009765625,5214.2001953125,5207.0,5209.7998046875,816
2026-02-26 07:00:00+00:00,5210.2001953125,5211.5,5198.0,5204.2001953125,1095
2026-02-26 07:15:00+00:00,5204.2001953125,5207.2998046875,5198.7001953125,5201.60009765625,918
2026-02-26 07:30:00+00:00,5202.0,5206.5,5201.10009765625,5203.10009765625,813
2026-02-26 07:45:00+00:00,5202.7998046875,5204.89990234375,5196.39990234375,5202.60009765625,817
2026-02-26 08:00:00+00:00,5202.7998046875,5207.89990234375,5195.89990234375,5206.2998046875,1139
2026-02-26 08:15:00+00:00,5206.10009765625,5207.5,5191.10009765625,5193.10009765625,1337
2026-02-26 08:30:00+00:00,5192.60009765625,5196.7001953125,5186.5,5190.60009765625,1909
2026-02-26 08:45:00+00:00,5190.39990234375,5198.5,5182.89990234375,5195.7998046875,1468
2026-02-26 09:00:00+00:00,5195.39990234375,5198.60009765625,5190.10009765625,5197.60009765625,958
2026-02-26 09:15:00+00:00,5197.7998046875,5198.39990234375,5190.89990234375,5197.2001953125,854
2026-02-26 09:30:00+00:00,5197.10009765625,5199.7998046875,5195.39990234375,5197.7001953125,1126
2026-02-26 09:45:00+00:00,5198.2998046875,5205.7998046875,5198.10009765625,5202.39990234375,1514
2026-02-26 10:00:00+00:00,5202.60009765625,5206.39990234375,5201.7998046875,5204.0,597
2026-02-26 10:15:00+00:00,5204.2001953125,5204.7998046875,5194.89990234375,5195.0,1223
2026-02-26 10:30:00+00:00,5194.89990234375,5195.2998046875,5187.60009765625,5188.0,1860
2026-02-26 10:45:00+00:00,5187.5,5191.10009765625,5180.60009765625,5187.10009765625,1827
2026-02-26 11:00:00+00:00,5186.7998046875,5194.2998046875,5184.7998046875,5191.7998046875,1427
2026-02-26 11:15:00+00:00,5191.60009765625,5192.0,5186.7001953125,5187.89990234375,880
2026-02-26 11:30:00+00:00,5188.10009765625,5191.7998046875,5187.7001953125,5190.2001953125,532
2026-02-26 11:45:00+00:00,5190.5,5190.5,5176.39990234375,5180.7001953125,1331
2026-02-26 12:00:00+00:00,5180.89990234375,5186.0,5173.10009765625,5184.60009765625,1785
2026-02-26 12:15:00+00:00,5184.2001953125,5196.5,5182.2001953125,5194.7001953125,1538
2026-02-26 12:30:00+00:00,5195.10009765625,5203.7998046875,5194.2001953125,5203.7001953125,1850
2026-02-26 12:45:00+00:00,5203.89990234375,5204.2001953125,5195.2998046875,5200.0,1121
2026-02-26 13:00:00+00:00,5200.10009765625,5202.10009765625,5184.60009765625,5190.2001953125,2315
2026-02-26 13:15:00+00:00,5189.89990234375,5195.2001953125,5187.10009765625,5191.10009765625,1527
2026-02-26 13:30:00+00:00,5191.2001953125,5193.2001953125,5180.2001953125,5181.2001953125,1928
2026-02-26 13:45:00+00:00,5181.10009765625,5187.89990234375,5180.89990234375,5182.2998046875,1320
2026-02-26 14:00:00+00:00,5182.2001953125,5186.0,5176.0,5182.2998046875,1900
2026-02-26 14:15:00+00:00,5182.0,5188.5,5179.2998046875,5186.7001953125,1379
2026-02-26 14:30:00+00:00,5186.39990234375,5191.39990234375,5154.60009765625,5188.5,6979
2026-02-26 14:45:00+00:00,5188.7001953125,5192.2001953125,5179.7001953125,5181.10009765625,2286
2026-02-26 15:00:00+00:00,5180.7001953125,5188.60009765625,5174.89990234375,5178.39990234375,2650
2026-02-26 15:15:00+00:00,5178.5,5179.39990234375,5144.7998046875,5157.5,6250
2026-02-26 15:30:00+00:00,5157.2998046875,5192.7001953125,5156.2001953125,5192.2998046875,4658
2026-02-26 15:45:00+00:00,5192.10009765625,5210.10009765625,5191.2998046875,5202.5,5248
2026-02-26 16:00:00+00:00,5203.0,5204.2998046875,5189.39990234375,5193.7001953125,2827
2026-02-26 16:15:00+00:00,5194.2001953125,5201.7998046875,5190.7998046875,5197.60009765625,1714
2026-02-26 16:30:00+00:00,5196.89990234375,5203.2001953125,5194.7001953125,5199.7001953125,1624
2026-02-26 16:45:00+00:00,5200.2998046875,5202.2998046875,5192.10009765625,5196.2998046875,1556
2026-02-26 17:00:00+00:00,5196.7001953125,5207.39990234375,5195.2998046875,5196.5,1862
2026-02-26 17:15:00+00:00,5196.7998046875,5199.0,5190.39990234375,5191.0,1345
2026-02-26 17:30:00+00:00,5191.2001953125,5194.7998046875,5188.7001953125,5190.7998046875,1146
2026-02-26 17:45:00+00:00,5191.2998046875,5192.5,5178.60009765625,5184.0,2260
2026-02-26 18:00:00+00:00,5184.2001953125,5190.7001953125,5180.5,5190.60009765625,1876
2026-02-26 18:15:00+00:00,5190.2998046875,5195.2998046875,5188.5,5194.10009765625,3423
2026-02-26 18:30:00+00:00,5194.2001953125,5199.0,5176.2998046875,5198.10009765625,3725
2026-02-26 18:45:00+00:00,5198.10009765625,5202.7998046875,5195.0,5196.89990234375,1586
2026-02-26 19:00:00+00:00,5197.2998046875,5205.2001953125,5195.89990234375,5203.0,1236
2026-02-26 19:15:00+00:00,5203.10009765625,5206.2001953125,5201.5,5202.7001953125,936
2026-02-26 19:30:00+00:00,5203.0,5208.0,5200.2001953125,5203.39990234375,1206
2026-02-26 19:45:00+00:00,5204.10009765625,5211.2998046875,5203.2998046875,5204.2001953125,1262
2026-02-26 20:00:00+00:00,5203.89990234375,5215.0,5203.7998046875,5213.7998046875,1014
2026-02-26 20:15:00+00:00,5213.7001953125,5215.10009765625,5208.7001953125,5210.7998046875,987
2026-02-26 20:30:00+00:00,5210.89990234375,5216.7001953125,5207.7998046875,5215.7001953125,968
2026-02-26 20:45:00+00:00,5215.7998046875,5218.2001953125,5206.89990234375,5213.5,1520
2026-02-26 21:00:00+00:00,5213.7998046875,5217.7998046875,5213.5,5213.5,485
2026-02-26 21:15:00+00:00,5213.5,5214.2001953125,5202.2001953125,5203.2998046875,631
2026-02-26 21:30:00+00:00,5202.89990234375,5208.5,5201.7001953125,5207.60009765625,332
2026-02-26 21:45:00+00:00,5207.2998046875,5207.2998046875,5200.2001953125,5201.5,367
2026-02-26 23:00:00+00:00,5201.89990234375,5206.7001953125,5191.5,5200.2001953125,517
2026-02-26 23:15:00+00:00,5200.39990234375,5204.2001953125,5197.7998046875,5200.89990234375,298
2026-02-26 23:30:00+00:00,5201.0,5206.10009765625,5198.0,5202.2998046875,508
2026-02-26 23:45:00+00:00,5202.2001953125,5205.2001953125,5199.0,5200.89990234375,345
2026-02-27 00:00:00+00:00,5201.60009765625,5203.39990234375,5195.10009765625,5202.7001953125,607
2026-02-27 00:15:00+00:00,5202.2001953125,5212.0,5201.7001953125,5204.2001953125,696
2026-02-27 00:30:00+00:00,5204.2001953125,5206.10009765625,5186.0,5191.39990234375,1207
2026-02-27 00:45:00+00:00,5191.2001953125,5194.0,5188.0,5191.60009765625,508
2026-02-27 01:00:00+00:00,5191.10009765625,5195.39990234375,5182.89990234375,5192.89990234375,1435
2026-02-27 01:15:00+00:00,5193.39990234375,5196.7998046875,5191.2001953125,5191.39990234375,354
2026-02-27 01:30:00+00:00,5191.10009765625,5207.5,5189.39990234375,5204.5,796
2026-02-27 01:45:00+00:00,5204.7001953125,5210.5,5203.10009765625,5210.2001953125,709
2026-02-27 02:00:00+00:00,5210.2001953125,5216.2001953125,5207.60009765625,5211.0,1476
2026-02-27 02:15:00+00:00,5210.89990234375,5211.7001953125,5200.7998046875,5200.89990234375,789
2026-02-27 02:30:00+00:00,5201.2998046875,5203.10009765625,5191.2998046875,5198.5,1587
2026-02-27 02:45:00+00:00,5199.10009765625,5201.60009765625,5190.2001953125,5200.2998046875,657
2026-02-27 03:00:00+00:00,5200.7001953125,5202.0,5197.5,5199.0,561
2026-02-27 03:15:00+00:00,5199.39990234375,5205.0,5198.10009765625,5203.5,523
2026-02-27 03:30:00+00:00,5203.39990234375,5205.60009765625,5200.2001953125,5203.5,438
2026-02-27 03:45:00+00:00,5203.60009765625,5207.39990234375,5200.89990234375,5201.2001953125,588
2026-02-27 04:00:00+00:00,5200.60009765625,5204.2998046875,5200.60009765625,5203.10009765625,232
2026-02-27 04:15:00+00:00,5203.39990234375,5205.5,5198.0,5204.10009765625,318
2026-02-27 04:30:00+00:00,5203.7998046875,5205.2998046875,5202.0,5203.7998046875,128
2026-02-27 04:45:00+00:00,5203.7998046875,5204.2001953125,5199.10009765625,5200.5,259
2026-02-27 05:00:00+00:00,5198.10009765625,5204.2001953125,5198.0,5204.2001953125,311
2026-02-27 05:15:00+00:00,5204.2001953125,5211.5,5202.5,5211.5,561
2026-02-27 05:30:00+00:00,5211.5,5214.2998046875,5207.2998046875,5208.7998046875,1068
2026-02-27 05:45:00+00:00,5209.10009765625,5217.5,5207.7998046875,5214.7001953125,818
2026-02-27 06:00:00+00:00,5214.60009765625,5215.5,5210.0,5213.60009765625,708
2026-02-27 06:15:00+00:00,5213.7001953125,5216.2998046875,5209.2001953125,5210.10009765625,545
2026-02-27 06:30:00+00:00,5210.5,5213.7001953125,5208.60009765625,5210.2998046875,575
2026-02-27 06:45:00+00:00,5211.0,5211.0,5201.89990234375,5202.7998046875,988
2026-02-27 07:00:00+00:00,5202.89990234375,5206.5,5198.2001953125,5198.5,1849
2026-02-27 07:15:00+00:00,5198.7998046875,5202.2998046875,5194.5,5195.39990234375,2068
2026-02-27 07:30:00+00:00,5195.60009765625,5199.60009765625,5192.60009765625,5197.39990234375,845
2026-02-27 07:45:00+00:00,5197.5,5199.39990234375,5192.60009765625,5193.10009765625,907
2026-02-27 08:00:00+00:00,5193.2001953125,5199.39990234375,5193.2001953125,5195.2001953125,866
2026-02-27 08:15:00+00:00,5195.7001953125,5197.10009765625,5191.10009765625,5194.60009765625,853
2026-02-27 08:30:00+00:00,5194.10009765625,5199.2001953125,5193.7001953125,5197.10009765625,653
2026-02-27 08:45:00+00:00,5197.0,5199.0,5193.10009765625,5195.10009765625,623
2026-02-27 09:00:00+00:00,5195.39990234375,5198.0,5191.5,5194.7001953125,853
2026-02-27 09:15:00+00:00,5194.7998046875,5198.60009765625,5193.60009765625,5195.7001953125,659
2026-02-27 09:30:00+00:00,5195.2001953125,5198.10009765625,5194.2001953125,5197.5,527
2026-02-27 09:45:00+00:00,5197.7998046875,5199.2998046875,5188.5,5192.2998046875,1488
2026-02-27 10:00:00+00:00,5192.5,5193.2998046875,5183.2001953125,5190.60009765625,1137
2026-02-27 10:15:00+00:00,5190.5,5197.2001953125,5188.5,5189.5,1304
2026-02-27 10:30:00+00:00,5189.60009765625,5192.7001953125,5184.60009765625,5192.0,1449
2026-02-27 10:45:00+00:00,5192.0,5195.60009765625,5191.39990234375,5193.60009765625,665
2026-02-27 11:00:00+00:00,5193.60009765625,5194.2998046875,5189.2001953125,5189.7001953125,471
2026-02-27 11:15:00+00:00,5189.60009765625,5195.2001953125,5188.2998046875,5193.7001953125,688
2026-02-27 11:30:00+00:00,5193.89990234375,5196.5,5192.89990234375,5193.7998046875,802
2026-02-27 11:45:00+00:00,5194.0,5202.2001953125,5193.89990234375,5202.0,928
2026-02-27 12:00:00+00:00,5202.10009765625,5207.0,5201.5,5202.2998046875,1184
2026-02-27 12:15:00+00:00,5202.2998046875,5206.39990234375,5201.7998046875,5203.60009765625,720
2026-02-27 12:30:00+00:00,5203.7998046875,5205.0,5200.7001953125,5201.89990234375,865
2026-02-27 12:45:00+00:00,5201.7001953125,5205.7001953125,5199.60009765625,5204.2998046875,930
2026-02-27 13:00:00+00:00,5204.5,5235.0,5203.5,5230.89990234375,6919
2026-02-27 13:15:00+00:00,5231.39990234375,5259.2998046875,5230.89990234375,5254.89990234375,7332
2026-02-27 13:30:00+00:00,5254.0,5256.0,5225.39990234375,5234.0,6597
2026-02-27 13:45:00+00:00,5234.2001953125,5243.39990234375,5228.60009765625,5240.7998046875,2973
2026-02-27 14:00:00+00:00,5240.7998046875,5248.0,5235.10009765625,5244.2998046875,2804
2026-02-27 14:15:00+00:00,5244.60009765625,5254.2998046875,5241.39990234375,5248.89990234375,2580
2026-02-27 14:30:00+00:00,5248.89990234375,5251.39990234375,5230.60009765625,5243.0,4716
2026-02-27 14:45:00+00:00,5242.2998046875,5247.0,5233.10009765625,5240.89990234375,3463
2026-02-27 15:00:00+00:00,5240.7998046875,5258.10009765625,5237.0,5255.7001953125,5890
2026-02-27 15:15:00+00:00,5256.10009765625,5258.5,5232.60009765625,5248.89990234375,4167
2026-02-27 15:30:00+00:00,5249.39990234375,5255.0,5244.7001953125,5248.39990234375,2733
2026-02-27 15:45:00+00:00,5249.0,5265.0,5247.7001953125,5257.7998046875,4661
2026-02-27 16:00:00+00:00,5258.0,5274.5,5252.0,5273.39990234375,4577
2026-02-27 16:15:00+00:00,5272.7001953125,5276.60009765625,5240.60009765625,5252.5,5159
2026-02-27 16:30:00+00:00,5252.5,5257.10009765625,5247.60009765625,5253.89990234375,2539
2026-02-27 16:45:00+00:00,5253.89990234375,5256.2998046875,5246.7001953125,5246.89990234375,1776
2026-02-27 17:00:00+00:00,5247.10009765625,5253.5,5243.7001953125,5248.5,2969
2026-02-27 17:15:00+00:00,5248.7001953125,5249.7998046875,5240.60009765625,5246.2998046875,2500
2026-02-27 17:30:00+00:00,5246.0,5254.39990234375,5237.39990234375,5251.89990234375,3150
2026-02-27 17:45:00+00:00,5251.89990234375,5254.5,5249.7001953125,5252.39990234375,1224
2026-02-27 18:00:00+00:00,5252.2001953125,5256.2998046875,5251.2998046875,5251.5,1376
2026-02-27 18:15:00+00:00,5251.2001953125,5252.2001953125,5240.0,5248.2001953125,3684
2026-02-27 18:30:00+00:00,5248.10009765625,5257.7998046875,5244.5,5257.2998046875,1654
2026-02-27 18:45:00+00:00,5257.2001953125,5264.7998046875,5256.39990234375,5263.0,1501
2026-02-27 19:00:00+00:00,5262.7998046875,5269.10009765625,5258.2001953125,5265.2001953125,1829
2026-02-27 19:15:00+00:00,5264.89990234375,5270.7998046875,5263.39990234375,5266.5,969
2026-02-27 19:30:00+00:00,5266.89990234375,5269.7998046875,5262.0,5264.39990234375,814
2026-02-27 19:45:00+00:00,5264.5,5269.5,5264.10009765625,5268.39990234375,705
2026-02-27 20:00:00+00:00,5267.89990234375,5271.10009765625,5266.89990234375,5270.0,565
2026-02-27 20:15:00+00:00,5270.5,5280.7998046875,5270.5,5275.5,1660
2026-02-27 20:30:00+00:00,5275.39990234375,5281.60009765625,5273.2998046875,5278.2998046875,1148
2026-02-27 20:45:00+00:00,5278.2001953125,5283.7998046875,5278.0,5281.2998046875,1646
2026-02-27 21:00:00+00:00,5281.60009765625,5282.60009765625,5276.2001953125,5278.10009765625,1211
2026-02-27 21:15:00+00:00,5278.10009765625,5282.2001953125,5275.60009765625,5280.7001953125,852
2026-02-27 21:30:00+00:00,5280.39990234375,5294.2998046875,5278.5,5292.2998046875,1303
2026-02-27 21:45:00+00:00,5292.2998046875,5299.0,5247.89990234375,5247.89990234375,1121
2026-03-01 23:00:00+00:00,5364.2001953125,5371.2001953125,5354.2998046875,5360.2998046875,1415
2026-03-01 23:15:00+00:00,5360.2998046875,5372.0,5357.0,5368.5,3158
2026-03-01 23:30:00+00:00,5369.2001953125,5409.7001953125,5366.60009765625,5395.5,4082
2026-03-01 23:45:00+00:00,5395.10009765625,5405.0,5387.7998046875,5400.39990234375,2226
2026-03-02 00:00:00+00:00,5401.2998046875,5402.0,5376.0,5390.7001953125,2497
2026-03-02 00:15:00+00:00,5389.5,5389.7001953125,5363.2001953125,5379.2998046875,1955
2026-03-02 00:30:00+00:00,5379.2998046875,5388.0,5373.89990234375,5380.0,1061
2026-03-02 00:45:00+00:00,5378.2998046875,5380.7001953125,5353.89990234375,5360.60009765625,2107
2026-03-02 01:00:00+00:00,5360.5,5360.60009765625,5328.2001953125,5353.60009765625,5757
2026-03-02 01:15:00+00:00,5353.7998046875,5359.60009765625,5315.2998046875,5320.5,3272
2026-03-02 01:30:00+00:00,5320.2998046875,5352.0,5317.60009765625,5345.7998046875,2430
2026-03-02 01:45:00+00:00,5345.7001953125,5350.89990234375,5334.5,5338.2998046875,1499
2026-03-02 02:00:00+00:00,5338.5,5348.10009765625,5329.2001953125,5341.2998046875,1552
2026-03-02 02:15:00+00:00,5342.0,5349.89990234375,5339.5,5344.39990234375,925
2026-03-02 02:30:00+00:00,5343.7998046875,5364.89990234375,5341.60009765625,5363.60009765625,1173
2026-03-02 02:45:00+00:00,5363.60009765625,5364.2001953125,5353.7998046875,5358.7998046875,990
2026-03-02 03:00:00+00:00,5358.7998046875,5370.60009765625,5357.39990234375,5368.89990234375,878
2026-03-02 03:15:00+00:00,5367.89990234375,5372.7998046875,5363.0,5368.5,701
2026-03-02 03:30:00+00:00,5368.0,5378.0,5366.39990234375,5374.7001953125,907
2026-03-02 03:45:00+00:00,5374.2998046875,5379.5,5372.7001953125,5378.7001953125,591
2026-03-02 04:00:00+00:00,5378.60009765625,5380.0,5368.10009765625,5368.7998046875,755
2026-03-02 04:15:00+00:00,5369.0,5379.2998046875,5368.5,5377.0,543
2026-03-02 04:30:00+00:00,5377.2001953125,5377.60009765625,5358.39990234375,5366.7001953125,969
2026-03-02 04:45:00+00:00,5366.7998046875,5371.2998046875,5363.5,5369.7998046875,353
2026-03-02 05:00:00+00:00,5368.2001953125,5368.2001953125,5358.89990234375,5363.0,666
2026-03-02 05:15:00+00:00,5362.7001953125,5367.39990234375,5353.39990234375,5363.5,736
2026-03-02 05:30:00+00:00,5364.10009765625,5376.7998046875,5361.89990234375,5373.7998046875,884
2026-03-02 05:45:00+00:00,5373.10009765625,5380.0,5372.60009765625,5378.89990234375,852
2026-03-02 06:00:00+00:00,5378.7998046875,5393.39990234375,5376.7001953125,5388.7998046875,1640
2026-03-02 06:15:00+00:00,5388.39990234375,5397.0,5387.10009765625,5395.39990234375,1317
2026-03-02 06:30:00+00:00,5394.89990234375,5397.39990234375,5388.2998046875,5389.7998046875,1456
2026-03-02 06:45:00+00:00,5390.2001953125,5403.89990234375,5390.2001953125,5401.5,1660
2026-03-02 07:00:00+00:00,5401.7001953125,5422.2001953125,5398.89990234375,5420.60009765625,3172
2026-03-02 07:15:00+00:00,5421.60009765625,5434.10009765625,5419.5,5422.0,3218
2026-03-02 07:30:00+00:00,5422.5,5426.0,5416.2001953125,5417.60009765625,1978
2026-03-02 07:45:00+00:00,5418.0,5429.2001953125,5416.7998046875,5423.0,1748
2026-03-02 08:00:00+00:00,5422.7998046875,5428.5,5417.39990234375,5425.0,1926
2026-03-02 08:15:00+00:00,5425.2998046875,5431.39990234375,5416.5,5431.0,2223
2026-03-02 08:30:00+00:00,5431.2001953125,5432.0,5411.60009765625,5416.7998046875,2351
2026-03-02 08:45:00+00:00,5416.39990234375,5425.2998046875,5406.2998046875,5408.89990234375,2958
2026-03-02 09:00:00+00:00,5409.10009765625,5415.39990234375,5404.39990234375,5409.10009765625,2138
2026-03-02 09:15:00+00:00,5409.60009765625,5413.60009765625,5400.0,5409.2001953125,1546
2026-03-02 09:30:00+00:00,5409.2001953125,5418.39990234375,5408.39990234375,5411.60009765625,1519
2026-03-02 09:45:00+00:00,5411.7001953125,5411.7998046875,5402.2998046875,5406.89990234375,1289
2026-03-02 10:00:00+00:00,5407.7998046875,5409.39990234375,5393.60009765625,5405.5,2230
2026-03-02 10:15:00+00:00,5405.2001953125,5407.2998046875,5398.60009765625,5404.89990234375,1154
2026-03-02 10:30:00+00:00,5405.10009765625,5416.7998046875,5401.7998046875,5415.39990234375,2072
2026-03-02 10:45:00+00:00,5415.89990234375,5416.10009765625,5396.0,5404.10009765625,1754
2026-03-02 11:00:00+00:00,5404.2001953125,5409.2001953125,5396.7001953125,5403.0,1240
2026-03-02 11:15:00+00:00,5402.60009765625,5412.0,5402.39990234375,5405.10009765625,1009
2026-03-02 11:30:00+00:00,5405.5,5415.0,5403.39990234375,5403.39990234375,898
2026-03-02 11:45:00+00:00,5403.2001953125,5404.2998046875,5386.0,5399.60009765625,2484
2026-03-02 12:00:00+00:00,5399.89990234375,5413.0,5393.5,5406.2998046875,2001
2026-03-02 12:15:00+00:00,5406.2998046875,5410.7001953125,5399.2998046875,5409.0,1157
2026-03-02 12:30:00+00:00,5409.10009765625,5413.60009765625,5403.7001953125,5411.39990234375,1119
2026-03-02 12:45:00+00:00,5411.7001953125,5413.7001953125,5401.10009765625,5412.39990234375,1502
2026-03-02 13:00:00+00:00,5412.2001953125,5425.60009765625,5396.7998046875,5399.39990234375,4417
2026-03-02 13:15:00+00:00,5398.89990234375,5425.2001953125,5397.7998046875,5416.89990234375,3902
2026-03-02 13:30:00+00:00,5417.39990234375,5432.2001953125,5408.2998046875,5409.10009765625,4261
2026-03-02 13:45:00+00:00,5409.2001953125,5414.0,5404.5,5409.7998046875,1961
2026-03-02 14:00:00+00:00,5409.0,5410.7998046875,5378.0,5390.0,4872
2026-03-02 14:15:00+00:00,5389.5,5391.5,5320.2998046875,5347.7001953125,11301
2026-03-02 14:30:00+00:00,5347.89990234375,5370.10009765625,5318.60009765625,5360.5,10343
2026-03-02 14:45:00+00:00,5361.7001953125,5365.10009765625,5334.0,5346.39990234375,5089
2026-03-02 15:00:00+00:00,5346.10009765625,5360.60009765625,5324.39990234375,5347.2998046875,6406
2026-03-02 15:15:00+00:00,5347.10009765625,5353.5,5331.2001953125,5344.7998046875,3307
2026-03-02 15:30:00+00:00,5344.7998046875,5364.2998046875,5344.2001953125,5357.2001953125,2196
2026-03-02 15:45:00+00:00,5356.7001953125,5360.0,5321.60009765625,5329.60009765625,4027
2026-03-02 16:00:00+00:00,5328.7001953125,5329.2998046875,5272.89990234375,5314.7998046875,11445
2026-03-02 16:15:00+00:00,5314.5,5328.7001953125,5294.0,5324.2001953125,4930
2026-03-02 16:30:00+00:00,5323.89990234375,5326.39990234375,5295.89990234375,5315.5,3736
2026-03-02 16:45:00+00:00,5315.7998046875,5320.60009765625,5303.0,5304.0,1906
2026-03-02 17:00:00+00:00,5303.60009765625,5325.5,5300.39990234375,5312.7998046875,2663
2026-03-02 17:15:00+00:00,5313.2001953125,5327.2001953125,5306.0,5319.0,1346
2026-03-02 17:30:00+00:00,5318.89990234375,5335.10009765625,5317.39990234375,5318.7001953125,1690
2026-03-02 17:45:00+00:00,5318.5,5324.89990234375,5311.89990234375,5321.10009765625,1017
2026-03-02 18:00:00+00:00,5321.39990234375,5322.2998046875,5302.89990234375,5309.0,1204
2026-03-02 18:15:00+00:00,5309.2001953125,5320.0,5307.0,5311.0,3275
2026-03-02 18:30:00+00:00,5311.0,5316.7001953125,5304.2001953125,5316.7001953125,1629
2026-03-02 18:45:00+00:00,5316.7001953125,5330.7998046875,5315.89990234375,5329.7998046875,1843
2026-03-02 19:00:00+00:00,5329.89990234375,5347.2001953125,5328.2001953125,5344.7001953125,2399
2026-03-02 19:15:00+00:00,5345.10009765625,5347.0,5332.7998046875,5345.0,1388
2026-03-02 19:30:00+00:00,5345.10009765625,5348.5,5338.39990234375,5338.89990234375,985
2026-03-02 19:45:00+00:00,5338.89990234375,5346.0,5337.10009765625,5344.2001953125,911
2026-03-02 20:00:00+00:00,5344.10009765625,5360.89990234375,5342.2001953125,5351.39990234375,1956
2026-03-02 20:15:00+00:00,5351.7998046875,5360.7998046875,5342.5,5347.7001953125,1914
2026-03-02 20:30:00+00:00,5348.0,5359.7001953125,5346.7998046875,5356.10009765625,934
2026-03-02 20:45:00+00:00,5356.10009765625,5357.2998046875,5345.0,5346.10009765625,1193
2026-03-02 21:00:00+00:00,5346.5,5354.0,5345.5,5349.7001953125,686
2026-03-02 21:15:00+00:00,5349.89990234375,5354.60009765625,5346.0,5346.7001953125,256
2026-03-02 21:30:00+00:00,5346.7001953125,5347.5,5340.2998046875,5345.5,405
2026-03-02 21:45:00+00:00,5345.39990234375,5345.39990234375,5335.39990234375,5335.89990234375,513
2026-03-02 23:00:00+00:00,5335.7001953125,5360.89990234375,5334.89990234375,5352.2998046875,453
2026-03-02 23:15:00+00:00,5352.89990234375,5355.2001953125,5342.7998046875,5350.10009765625,473
2026-03-02 23:30:00+00:00,5350.7001953125,5350.7001953125,5344.10009765625,5345.0,311
2026-03-02 23:45:00+00:00,5345.2998046875,5360.39990234375,5343.7998046875,5359.10009765625,512
2026-03-03 00:00:00+00:00,5359.89990234375,5365.0,5350.10009765625,5362.2001953125,569
2026-03-03 00:15:00+00:00,5362.60009765625,5374.60009765625,5361.89990234375,5371.7998046875,1055
2026-03-03 00:30:00+00:00,5371.89990234375,5376.89990234375,5362.0,5368.7998046875,820
2026-03-03 00:45:00+00:00,5369.7001953125,5374.0,5360.39990234375,5364.5,753
2026-03-03 01:00:00+00:00,5364.89990234375,5386.7001953125,5361.2001953125,5382.5,2282
2026-03-03 01:15:00+00:00,5382.39990234375,5394.2001953125,5379.7001953125,5391.2998046875,1248
2026-03-03 01:30:00+00:00,5391.7998046875,5392.39990234375,5375.7998046875,5376.60009765625,959
2026-03-03 01:45:00+00:00,5376.2001953125,5379.10009765625,5351.5,5352.89990234375,1981
2026-03-03 02:00:00+00:00,5353.7001953125,5370.7001953125,5346.7001953125,5363.0,1797
2026-03-03 02:15:00+00:00,5364.2001953125,5373.60009765625,5358.39990234375,5372.89990234375,796
2026-03-03 02:30:00+00:00,5372.39990234375,5378.89990234375,5368.89990234375,5375.60009765625,875
2026-03-03 02:45:00+00:00,5373.2001953125,5381.7998046875,5372.7001953125,5380.0,798
2026-03-03 03:00:00+00:00,5380.7001953125,5385.10009765625,5378.2001953125,5379.7998046875,719
2026-03-03 03:15:00+00:00,5380.89990234375,5387.2001953125,5376.7998046875,5380.5,718
2026-03-03 03:30:00+00:00,5380.5,5383.89990234375,5378.7998046875,5383.2998046875,272
2026-03-03 03:45:00+00:00,5382.89990234375,5383.2998046875,5372.2001953125,5381.2001953125,426
2026-03-03 04:00:00+00:00,5380.7998046875,5381.2001953125,5373.0,5375.39990234375,589
2026-03-03 04:15:00+00:00,5375.60009765625,5389.0,5373.5,5385.2001953125,700
2026-03-03 04:30:00+00:00,5385.2001953125,5389.2001953125,5381.0,5383.7998046875,399
2026-03-03 04:45:00+00:00,5384.0,5384.0,5375.2998046875,5377.89990234375,705
2026-03-03 05:00:00+00:00,5374.7001953125,5381.5,5368.10009765625,5375.39990234375,900
2026-03-03 05:15:00+00:00,5376.7001953125,5378.7001953125,5366.7998046875,5372.89990234375,609
2026-03-03 05:30:00+00:00,5373.10009765625,5373.39990234375,5347.5,5359.39990234375,1536
2026-03-03 05:45:00+00:00,5358.7998046875,5360.5,5318.0,5331.89990234375,2751
2026-03-03 06:00:00+00:00,5333.7001953125,5336.2001953125,5292.10009765625,5302.2001953125,2905
2026-03-03 06:15:00+00:00,5302.7998046875,5333.0,5300.7001953125,5329.7998046875,2756
2026-03-03 06:30:00+00:00,5330.10009765625,5331.89990234375,5308.0,5322.5,2236
2026-03-03 06:45:00+00:00,5323.60009765625,5328.10009765625,5303.2998046875,5323.0,1425
2026-03-03 07:00:00+00:00,5322.7998046875,5331.2001953125,5318.5,5327.39990234375,1067
2026-03-03 07:15:00+00:00,5327.5,5332.0,5322.7001953125,5326.0,1314
2026-03-03 07:30:00+00:00,5326.0,5341.39990234375,5326.0,5339.7001953125,1222
2026-03-03 07:45:00+00:00,5339.7998046875,5346.10009765625,5336.89990234375,5340.60009765625,1215
2026-03-03 08:00:00+00:00,5340.5,5349.0,5333.2998046875,5333.89990234375,1549
2026-03-03 08:15:00+00:00,5334.60009765625,5341.5,5323.89990234375,5325.5,1402
2026-03-03 08:30:00+00:00,5325.7001953125,5326.7001953125,5308.5,5318.2001953125,2318
2026-03-03 08:45:00+00:00,5318.2998046875,5324.10009765625,5302.7998046875,5308.7998046875,1641
2026-03-03 09:00:00+00:00,5308.5,5317.39990234375,5295.0,5308.7001953125,2432
2026-03-03 09:15:00+00:00,5308.5,5314.89990234375,5236.0,5253.2998046875,7102
2026-03-03 09:30:00+00:00,5253.7998046875,5282.5,5251.7001953125,5275.89990234375,5719
2026-03-03 09:45:00+00:00,5276.2001953125,5292.89990234375,5271.5,5286.7998046875,2740
2026-03-03 10:00:00+00:00,5287.2998046875,5300.10009765625,5280.10009765625,5285.10009765625,1837
2026-03-03 10:15:00+00:00,5285.39990234375,5293.2001953125,5275.39990234375,5289.10009765625,996
2026-03-03 10:30:00+00:00,5287.0,5288.2998046875,5259.10009765625,5272.2001953125,2624
2026-03-03 10:45:00+00:00,5272.2998046875,5272.2998046875,5246.10009765625,5259.7001953125,2813
2026-03-03 11:00:00+00:00,5258.2998046875,5274.7998046875,5168.0,5209.2998046875,9833
2026-03-03 11:15:00+00:00,5208.10009765625,5219.2998046875,5122.10009765625,5136.39990234375,7642
2026-03-03 11:30:00+00:00,5136.2998046875,5152.2001953125,5081.39990234375,5132.89990234375,12230
2026-03-03 11:45:00+00:00,5132.7998046875,5168.2001953125,5131.60009765625,5154.0,5321
2026-03-03 12:00:00+00:00,5154.5,5203.5,5148.2001953125,5203.2998046875,5658
2026-03-03 12:15:00+00:00,5203.0,5220.60009765625,5191.2998046875,5215.89990234375,4999
2026-03-03 12:30:00+00:00,5215.7001953125,5223.2998046875,5198.39990234375,5213.60009765625,3566
2026-03-03 12:45:00+00:00,5213.39990234375,5236.89990234375,5205.7001953125,5234.5,3478
2026-03-03 13:00:00+00:00,5234.60009765625,5234.60009765625,5152.10009765625,5174.2998046875,7596
2026-03-03 13:15:00+00:00,5174.39990234375,5195.5,5170.10009765625,5188.60009765625,3315
2026-03-03 13:30:00+00:00,5188.5,5197.60009765625,5157.5,5165.89990234375,3159
2026-03-03 13:45:00+00:00,5166.2001953125,5169.2001953125,5137.2001953125,5166.5,4611
2026-03-03 14:00:00+00:00,5166.89990234375,5185.7998046875,5159.7001953125,5176.10009765625,3240
2026-03-03 14:15:00+00:00,5175.7998046875,5177.2001953125,5130.89990234375,5155.7998046875,3924
2026-03-03 14:30:00+00:00,5154.7998046875,5154.7998046875,5071.0,5081.39990234375,10939
2026-03-03 14:45:00+00:00,5080.2998046875,5088.7998046875,5025.0,5048.0,15365
2026-03-03 15:00:00+00:00,5048.7998046875,5079.2001953125,5034.7001953125,5048.7001953125,9765
2026-03-03 15:15:00+00:00,5048.7998046875,5063.7998046875,5005.0,5053.60009765625,8693
2026-03-03 15:30:00+00:00,5053.5,5081.7001953125,5047.2998046875,5072.0,5628
2026-03-03 15:45:00+00:00,5071.89990234375,5107.39990234375,5063.5,5105.2998046875,5100
2026-03-03 16:00:00+00:00,5105.39990234375,5133.0,5100.2998046875,5119.0,4411
2026-03-03 16:15:00+00:00,5118.7001953125,5137.0,5109.2001953125,5123.39990234375,3331
2026-03-03 16:30:00+00:00,5123.5,5145.2001953125,5117.60009765625,5122.2001953125,3739
2026-03-03 16:45:00+00:00,5122.5,5126.7998046875,5108.2001953125,5117.89990234375,3394
2026-03-03 17:00:00+00:00,5117.7998046875,5117.7998046875,5091.2998046875,5108.89990234375,3353
2026-03-03 17:15:00+00:00,5108.5,5120.60009765625,5090.89990234375,5092.89990234375,2293
2026-03-03 17:30:00+00:00,5093.7001953125,5096.2001953125,5075.10009765625,5088.60009765625,2894
2026-03-03 17:45:00+00:00,5088.60009765625,5094.7001953125,5077.7001953125,5089.5,2313
2026-03-03 18:00:00+00:00,5089.39990234375,5114.7001953125,5089.2998046875,5113.89990234375,2696
2026-03-03 18:15:00+00:00,5114.7998046875,5128.10009765625,5103.7001953125,5123.39990234375,4328
2026-03-03 18:30:00+00:00,5123.2998046875,5149.7998046875,5118.10009765625,5144.2998046875,2864
2026-03-03 18:45:00+00:00,5144.7998046875,5149.60009765625,5138.2001953125,5146.5,1403
2026-03-03 19:00:00+00:00,5147.0,5161.5,5120.60009765625,5122.60009765625,2374
2026-03-03 19:15:00+00:00,5123.2998046875,5132.39990234375,5112.7001953125,5116.89990234375,1830
2026-03-03 19:30:00+00:00,5116.7998046875,5129.2001953125,5109.2998046875,5129.10009765625,1614
2026-03-03 19:45:00+00:00,5129.39990234375,5138.60009765625,5117.5,5122.2998046875,1420
2026-03-03 20:00:00+00:00,5123.7001953125,5136.89990234375,5121.10009765625,5129.7998046875,975
2026-03-03 20:15:00+00:00,5128.7001953125,5141.7001953125,5123.60009765625,5133.39990234375,928
2026-03-03 20:30:00+00:00,5133.5,5136.60009765625,5112.89990234375,5121.39990234375,1073
2026-03-03 20:45:00+00:00,5121.7001953125,5123.2998046875,5096.0,5109.2998046875,2218
2026-03-03 21:00:00+00:00,5108.60009765625,5122.0,5105.7998046875,5110.2998046875,697
2026-03-03 21:15:00+00:00,5110.5,5112.2001953125,5100.10009765625,5100.89990234375,509
2026-03-03 21:30:00+00:00,5101.0,5107.7998046875,5095.0,5102.7998046875,744
2026-03-03 21:45:00+00:00,5101.89990234375,5104.7001953125,5093.2998046875,5099.5,488
2026-03-03 23:00:00+00:00,5110.0,5127.7998046875,5092.7998046875,5126.2001953125,370
2026-03-03 23:15:00+00:00,5127.2001953125,5137.2001953125,5125.0,5134.89990234375,903
2026-03-03 23:30:00+00:00,5135.7001953125,5137.7998046875,5125.89990234375,5135.10009765625,427
2026-03-03 23:45:00+00:00,5134.0,5139.10009765625,5129.10009765625,5133.39990234375,425
2026-03-04 00:00:00+00:00,5134.5,5134.7001953125,5114.2998046875,5124.2998046875,788
2026-03-04 00:15:00+00:00,5124.7998046875,5137.10009765625,5121.2001953125,5134.0,777
2026-03-04 00:30:00+00:00,5134.2001953125,5146.89990234375,5131.5,5140.7001953125,657
2026-03-04 00:45:00+00:00,5140.5,5149.5,5136.7001953125,5147.2998046875,1156
2026-03-04 01:00:00+00:00,5148.2001953125,5171.10009765625,5147.89990234375,5167.5,2337
2026-03-04 01:15:00+00:00,5168.2001953125,5173.0,5153.5,5153.5,1569
2026-03-04 01:30:00+00:00,5153.39990234375,5172.0,5150.7001953125,5171.10009765625,1479
2026-03-04 01:45:00+00:00,5171.89990234375,5188.10009765625,5166.60009765625,5183.7001953125,2297
2026-03-04 02:00:00+00:00,5183.89990234375,5200.7001953125,5177.5,5199.60009765625,1639
2026-03-04 02:15:00+00:00,5197.89990234375,5199.60009765625,5185.0,5187.39990234375,1535
2026-03-04 02:30:00+00:00,5187.2998046875,5189.7001953125,5172.60009765625,5188.7001953125,1272
2026-03-04 02:45:00+00:00,5189.39990234375,5189.7001953125,5162.60009765625,5165.39990234375,1654
2026-03-04 03:00:00+00:00,5164.7998046875,5169.7001953125,5150.0,5165.2998046875,1390
2026-03-04 03:15:00+00:00,5165.60009765625,5177.2998046875,5160.2998046875,5171.2001953125,727
2026-03-04 03:30:00+00:00,5171.60009765625,5176.89990234375,5162.2001953125,5170.89990234375,859
2026-03-04 03:45:00+00:00,5170.5,5186.2998046875,5168.0,5183.10009765625,748
2026-03-04 04:00:00+00:00,5183.2998046875,5189.60009765625,5180.7998046875,5183.2001953125,525
2026-03-04 04:15:00+00:00,5183.2001953125,5183.39990234375,5171.5,5177.39990234375,570
2026-03-04 04:30:00+00:00,5176.2998046875,5179.89990234375,5160.10009765625,5170.0,685
2026-03-04 04:45:00+00:00,5170.2998046875,5173.2001953125,5163.60009765625,5166.39990234375,564
2026-03-04 05:00:00+00:00,5165.7001953125,5174.7998046875,5160.5,5169.10009765625,367
2026-03-04 05:15:00+00:00,5167.7998046875,5174.5,5161.2998046875,5165.39990234375,316
2026-03-04 05:30:00+00:00,5165.2998046875,5176.10009765625,5163.7998046875,5169.0,789
2026-03-04 05:45:00+00:00,5169.2001953125,5177.2001953125,5162.7998046875,5169.5,783
2026-03-04 06:00:00+00:00,5168.39990234375,5168.89990234375,5130.0,5151.0,2521
2026-03-04 06:15:00+00:00,5151.39990234375,5160.7001953125,5135.5,5143.5,1219
2026-03-04 06:30:00+00:00,5143.39990234375,5166.89990234375,5141.7001953125,5158.39990234375,1075
2026-03-04 06:45:00+00:00,5157.7998046875,5170.2998046875,5156.2001953125,5170.2998046875,1097
2026-03-04 07:00:00+00:00,5169.0,5186.0,5168.5,5177.5,1976
2026-03-04 07:15:00+00:00,5177.10009765625,5184.39990234375,5172.7998046875,5177.60009765625,2094
2026-03-04 07:30:00+00:00,5177.2998046875,5183.0,5173.39990234375,5179.0,733
2026-03-04 07:45:00+00:00,5179.10009765625,5185.7998046875,5178.2001953125,5178.2001953125,733
2026-03-04 08:00:00+00:00,5178.2998046875,5182.10009765625,5157.7998046875,5167.2001953125,1637
2026-03-04 08:15:00+00:00,5167.2001953125,5178.89990234375,5162.0,5173.0,1083
2026-03-04 08:30:00+00:00,5172.7001953125,5186.7001953125,5172.0,5186.0,1033
2026-03-04 08:45:00+00:00,5186.2001953125,5192.7998046875,5177.2998046875,5178.60009765625,1553
2026-03-04 09:00:00+00:00,5177.89990234375,5181.89990234375,5170.0,5175.60009765625,1818
2026-03-04 09:15:00+00:00,5174.5,5189.5,5172.7998046875,5181.5,1091
2026-03-04 09:30:00+00:00,5181.7001953125,5195.7998046875,5180.0,5193.60009765625,1104
2026-03-04 09:45:00+00:00,5194.2998046875,5196.39990234375,5187.10009765625,5193.89990234375,1110
2026-03-04 10:00:00+00:00,5194.0,5210.0,5193.5,5209.7998046875,3094
2026-03-04 10:15:00+00:00,5210.39990234375,5214.7001953125,5199.0,5200.0,2209
2026-03-04 10:30:00+00:00,5200.60009765625,5202.7998046875,5191.2001953125,5197.39990234375,2379
2026-03-04 10:45:00+00:00,5197.39990234375,5205.60009765625,5193.2998046875,5201.89990234375,1372
2026-03-04 11:00:00+00:00,5201.2998046875,5208.7998046875,5199.2998046875,5206.89990234375,887
2026-03-04 11:15:00+00:00,5207.2998046875,5209.89990234375,5201.7001953125,5206.7001953125,726
2026-03-04 11:30:00+00:00,5207.5,5213.2001953125,5203.39990234375,5205.10009765625,1245
2026-03-04 11:45:00+00:00,5205.5,5206.5,5199.39990234375,5204.2001953125,689
2026-03-04 12:00:00+00:00,5204.2998046875,5218.2998046875,5204.0,5209.7001953125,1542
2026-03-04 12:15:00+00:00,5210.39990234375,5210.39990234375,5186.39990234375,5190.39990234375,2087
2026-03-04 12:30:00+00:00,5190.2998046875,5190.5,5167.89990234375,5178.89990234375,2270
2026-03-04 12:45:00+00:00,5178.2001953125,5184.89990234375,5170.7001953125,5182.0,1196
2026-03-04 13:00:00+00:00,5182.2001953125,5207.5,5182.10009765625,5205.0,2223
2026-03-04 13:15:00+00:00,5205.2998046875,5207.10009765625,5190.0,5203.10009765625,2461
2026-03-04 13:30:00+00:00,5203.2998046875,5203.7001953125,5192.7998046875,5199.89990234375,1402
2026-03-04 13:45:00+00:00,5199.0,5203.2001953125,5177.2998046875,5178.5,1608
2026-03-04 14:00:00+00:00,5178.10009765625,5191.2998046875,5173.7001953125,5175.2998046875,2174
2026-03-04 14:15:00+00:00,5175.0,5185.0,5169.60009765625,5175.60009765625,1953
2026-03-04 14:30:00+00:00,5176.5,5195.2001953125,5172.39990234375,5181.39990234375,3677
2026-03-04 14:45:00+00:00,5182.0,5189.2001953125,5148.39990234375,5155.7001953125,5517
2026-03-04 15:00:00+00:00,5155.2001953125,5173.0,5140.2001953125,5143.2001953125,4609
2026-03-04 15:15:00+00:00,5143.10009765625,5170.0,5141.7998046875,5166.39990234375,4640
2026-03-04 15:30:00+00:00,5167.60009765625,5177.2998046875,5148.0,5153.7001953125,3120
2026-03-04 15:45:00+00:00,5154.0,5163.2001953125,5143.0,5161.60009765625,1966
2026-03-04 16:00:00+00:00,5161.2001953125,5172.60009765625,5153.39990234375,5158.39990234375,1786
2026-03-04 16:15:00+00:00,5158.89990234375,5167.2001953125,5148.5,5157.39990234375,2208
2026-03-04 16:30:00+00:00,5157.2998046875,5170.2001953125,5155.0,5158.5,1765
2026-03-04 16:45:00+00:00,5158.39990234375,5164.5,5154.2998046875,5161.5,1412
2026-03-04 17:00:00+00:00,5160.89990234375,5165.0,5154.0,5158.60009765625,1163
2026-03-04 17:15:00+00:00,5158.5,5161.7001953125,5131.5,5145.7998046875,2739
2026-03-04 17:30:00+00:00,5146.7998046875,5151.2001953125,5140.7998046875,5148.60009765625,1541
2026-03-04 17:45:00+00:00,5149.2001953125,5160.0,5147.60009765625,5153.60009765625,1260
2026-03-04 18:00:00+00:00,5152.7001953125,5155.5,5126.5,5136.0,2258
2026-03-04 18:15:00+00:00,5136.60009765625,5138.7001953125,5121.10009765625,5134.39990234375,4136
2026-03-04 18:30:00+00:00,5134.7001953125,5140.2998046875,5119.39990234375,5135.89990234375,1971
2026-03-04 18:45:00+00:00,5136.39990234375,5145.60009765625,5134.2998046875,5144.7001953125,1057
2026-03-04 19:00:00+00:00,5144.7998046875,5147.7001953125,5136.7998046875,5141.89990234375,925
2026-03-04 19:15:00+00:00,5142.2001953125,5143.89990234375,5135.0,5135.2001953125,596
2026-03-04 19:30:00+00:00,5134.7998046875,5143.0,5133.60009765625,5141.60009765625,609
2026-03-04 19:45:00+00:00,5142.10009765625,5150.5,5140.5,5148.7001953125,753
2026-03-04 20:00:00+00:00,5148.39990234375,5149.7998046875,5137.60009765625,5140.2001953125,385
2026-03-04 20:15:00+00:00,5140.5,5149.7998046875,5134.7998046875,5148.2998046875,606
2026-03-04 20:30:00+00:00,5149.0,5159.2001953125,5148.60009765625,5155.39990234375,620
2026-03-04 20:45:00+00:00,5155.7001953125,5156.10009765625,5145.0,5146.7998046875,1099
2026-03-04 21:00:00+00:00,5146.89990234375,5156.2998046875,5146.10009765625,5152.60009765625,664
2026-03-04 21:15:00+00:00,5152.2998046875,5153.7998046875,5148.2998046875,5153.60009765625,336
2026-03-04 21:30:00+00:00,5153.60009765625,5153.60009765625,5141.39990234375,5147.2998046875,495
2026-03-04 21:45:00+00:00,5147.39990234375,5154.5,5147.0,5151.60009765625,273
2026-03-04 23:00:00+00:00,5155.7001953125,5166.60009765625,5152.0,5158.2001953125,313
2026-03-04 23:15:00+00:00,5158.5,5168.0,5158.2998046875,5164.89990234375,616
2026-03-04 23:30:00+00:00,5165.10009765625,5167.2001953125,5159.89990234375,5166.39990234375,221
2026-03-04 23:45:00+00:00,5167.2001953125,5177.7998046875,5165.89990234375,5176.2001953125,758
2026-03-05 00:00:00+00:00,5176.5,5184.2998046875,5170.39990234375,5182.39990234375,863
2026-03-05 00:15:00+00:00,5182.5,5191.5,5182.0,5185.39990234375,825
2026-03-05 00:30:00+00:00,5184.7001953125,5188.60009765625,5179.89990234375,5183.89990234375,362
2026-03-05 00:45:00+00:00,5182.7001953125,5188.60009765625,5177.5,5183.89990234375,563
2026-03-05 01:00:00+00:00,5184.10009765625,5198.0,5181.0,5187.39990234375,1573
2026-03-05 01:15:00+00:00,5188.2001953125,5193.7001953125,5183.2001953125,5187.7998046875,792
2026-03-05 01:30:00+00:00,5187.7998046875,5189.89990234375,5177.10009765625,5182.2998046875,1378
2026-03-05 01:45:00+00:00,5182.5,5189.39990234375,5178.5,5181.7001953125,792
2026-03-05 02:00:00+00:00,5181.2001953125,5190.5,5180.89990234375,5187.89990234375,785
2026-03-05 02:15:00+00:00,5187.2001953125,5198.0,5185.5,5193.7001953125,859
2026-03-05 02:30:00+00:00,5193.2001953125,5196.60009765625,5183.89990234375,5184.89990234375,695
2026-03-05 02:45:00+00:00,5184.2998046875,5201.7998046875,5183.2998046875,5201.60009765625,1170
2026-03-05 03:00:00+00:00,5201.7001953125,5204.2998046875,5192.89990234375,5195.0,781
2026-03-05 03:15:00+00:00,5194.5,5200.7001953125,5193.2001953125,5194.5,457
2026-03-05 03:30:00+00:00,5193.60009765625,5200.0,5190.0,5197.5,584
2026-03-05 03:45:00+00:00,5197.7001953125,5199.7998046875,5187.2998046875,5189.5,404
2026-03-05 04:00:00+00:00,5189.39990234375,5195.0,5185.5,5192.39990234375,566
2026-03-05 04:15:00+00:00,5192.89990234375,5195.89990234375,5184.0,5187.5,462
2026-03-05 04:30:00+00:00,5187.2998046875,5189.10009765625,5182.89990234375,5183.39990234375,158
2026-03-05 04:45:00+00:00,5183.7001953125,5184.7998046875,5175.2001953125,5179.7001953125,721
2026-03-05 05:00:00+00:00,5181.0,5185.7001953125,5178.39990234375,5184.89990234375,323
2026-03-05 05:15:00+00:00,5184.89990234375,5185.89990234375,5179.0,5181.7998046875,351
2026-03-05 05:30:00+00:00,5181.60009765625,5183.7998046875,5170.7001953125,5175.2001953125,991
2026-03-05 05:45:00+00:00,5174.39990234375,5178.5,5156.89990234375,5157.7001953125,1099
2026-03-05 06:00:00+00:00,5157.89990234375,5164.2001953125,5129.0,5141.7998046875,3297
2026-03-05 06:15:00+00:00,5142.10009765625,5152.89990234375,5133.2001953125,5151.39990234375,1366
2026-03-05 06:30:00+00:00,5150.7998046875,5165.39990234375,5148.5,5159.60009765625,898
2026-03-05 06:45:00+00:00,5159.2998046875,5177.5,5157.2998046875,5176.5,835
2026-03-05 07:00:00+00:00,5175.89990234375,5181.7998046875,5170.7001953125,5171.10009765625,1059
2026-03-05 07:15:00+00:00,5170.89990234375,5177.2001953125,5168.60009765625,5175.7001953125,1056
2026-03-05 07:30:00+00:00,5175.0,5176.2001953125,5168.7001953125,5169.39990234375,555
2026-03-05 07:45:00+00:00,5170.2001953125,5175.7001953125,5168.0,5171.39990234375,589
2026-03-05 08:00:00+00:00,5171.10009765625,5172.0,5151.5,5151.5,1420
2026-03-05 08:15:00+00:00,5151.39990234375,5157.10009765625,5146.2001953125,5153.60009765625,1287
2026-03-05 08:30:00+00:00,5153.2001953125,5172.89990234375,5152.60009765625,5170.5,1316
2026-03-05 08:45:00+00:00,5170.89990234375,5180.10009765625,5170.89990234375,5176.0,1545
2026-03-05 09:00:00+00:00,5175.89990234375,5192.5,5171.2998046875,5190.10009765625,2162
2026-03-05 09:15:00+00:00,5190.5,5192.0,5177.89990234375,5180.2998046875,1155
2026-03-05 09:30:00+00:00,5179.7998046875,5180.10009765625,5162.7001953125,5173.10009765625,1526
2026-03-05 09:45:00+00:00,5173.60009765625,5176.2998046875,5167.7998046875,5171.7998046875,639
2026-03-05 10:00:00+00:00,5171.10009765625,5171.10009765625,5156.89990234375,5165.2001953125,1381
2026-03-05 10:15:00+00:00,5164.39990234375,5169.2001953125,5161.89990234375,5166.5,568
2026-03-05 10:30:00+00:00,5166.39990234375,5169.60009765625,5157.7001953125,5167.0,1264
2026-03-05 10:45:00+00:00,5167.5,5178.5,5166.7001953125,5175.60009765625,1073
2026-03-05 11:00:00+00:00,5175.5,5178.5,5172.10009765625,5175.5,903
2026-03-05 11:15:00+00:00,5176.0,5178.10009765625,5171.39990234375,5173.7001953125,598
2026-03-05 11:30:00+00:00,5173.39990234375,5175.10009765625,5168.0,5171.60009765625,465
2026-03-05 11:45:00+00:00,5171.60009765625,5176.10009765625,5171.0,5174.7998046875,890
2026-03-05 12:00:00+00:00,5175.10009765625,5182.7001953125,5174.2001953125,5180.0,1428
2026-03-05 12:15:00+00:00,5179.7998046875,5181.2998046875,5172.60009765625,5172.60009765625,594
2026-03-05 12:30:00+00:00,5172.5,5179.0,5171.5,5174.0,425
2026-03-05 12:45:00+00:00,5173.2998046875,5176.7998046875,5171.89990234375,5173.0,613
2026-03-05 13:00:00+00:00,5173.60009765625,5174.89990234375,5156.5,5165.89990234375,2963
2026-03-05 13:15:00+00:00,5165.7998046875,5170.10009765625,5085.5,5131.60009765625,12912
2026-03-05 13:30:00+00:00,5130.7001953125,5147.0,5123.2001953125,5140.2998046875,4386
2026-03-05 13:45:00+00:00,5139.89990234375,5141.0,5118.60009765625,5126.5,2880
2026-03-05 14:00:00+00:00,5126.7998046875,5139.2001953125,5119.2001953125,5121.7001953125,2483
2026-03-05 14:15:00+00:00,5121.5,5129.7001953125,5111.2001953125,5128.7998046875,2689
2026-03-05 14:30:00+00:00,5128.39990234375,5132.60009765625,5099.2001953125,5105.7998046875,4865
2026-03-05 14:45:00+00:00,5105.89990234375,5120.0,5100.0,5110.7998046875,3869
2026-03-05 15:00:00+00:00,5110.7001953125,5128.5,5065.5,5094.10009765625,8854
2026-03-05 15:15:00+00:00,5093.60009765625,5103.2001953125,5080.0,5095.10009765625,3945
2026-03-05 15:30:00+00:00,5095.0,5102.60009765625,5086.2001953125,5089.0,2723
2026-03-05 15:45:00+00:00,5089.39990234375,5112.5,5088.2001953125,5111.2998046875,2006
2026-03-05 16:00:00+00:00,5111.7998046875,5113.5,5082.60009765625,5091.2001953125,2650
2026-03-05 16:15:00+00:00,5091.60009765625,5094.2001953125,5068.0,5072.0,2687
2026-03-05 16:30:00+00:00,5072.60009765625,5081.2998046875,5062.39990234375,5079.60009765625,3066
2026-03-05 16:45:00+00:00,5079.5,5089.7998046875,5079.10009765625,5086.5,1531
2026-03-05 17:00:00+00:00,5086.60009765625,5098.5,5082.2998046875,5095.2001953125,2718
2026-03-05 17:15:00+00:00,5095.60009765625,5097.7998046875,5083.89990234375,5083.89990234375,1755
2026-03-05 17:30:00+00:00,5084.5,5086.39990234375,5063.5,5072.0,2712
2026-03-05 17:45:00+00:00,5071.7998046875,5077.60009765625,5063.7998046875,5071.2001953125,1763
2026-03-05 18:00:00+00:00,5071.0,5082.39990234375,5058.89990234375,5080.60009765625,2764
2026-03-05 18:15:00+00:00,5080.39990234375,5084.7998046875,5070.0,5080.0,3857
2026-03-05 18:30:00+00:00,5080.2001953125,5094.60009765625,5079.2001953125,5092.0,2153
2026-03-05 18:45:00+00:00,5092.2998046875,5092.2998046875,5076.0,5077.60009765625,1301
2026-03-05 19:00:00+00:00,5077.60009765625,5089.7001953125,5076.10009765625,5081.89990234375,822
2026-03-05 19:15:00+00:00,5081.39990234375,5081.7001953125,5070.2998046875,5075.10009765625,1037
2026-03-05 19:30:00+00:00,5074.7998046875,5075.5,5063.5,5073.7001953125,1007
2026-03-05 19:45:00+00:00,5073.7998046875,5078.5,5070.7998046875,5074.60009765625,635
2026-03-05 20:00:00+00:00,5074.2998046875,5089.39990234375,5071.2001953125,5088.2001953125,1910
2026-03-05 20:15:00+00:00,5088.89990234375,5104.39990234375,5085.60009765625,5089.7998046875,2195
2026-03-05 20:30:00+00:00,5090.39990234375,5091.89990234375,5084.0,5090.2998046875,680
2026-03-05 20:45:00+00:00,5090.39990234375,5091.2001953125,5082.2001953125,5086.60009765625,1368
2026-03-05 21:00:00+00:00,5086.2998046875,5093.89990234375,5082.0,5086.10009765625,803
2026-03-05 21:15:00+00:00,5085.7001953125,5091.0,5085.10009765625,5091.0,343
2026-03-05 21:30:00+00:00,5090.60009765625,5092.39990234375,5082.2001953125,5084.7998046875,346
2026-03-05 21:45:00+00:00,5084.2998046875,5094.60009765625,5083.5,5093.2998046875,432
2026-03-05 23:00:00+00:00,5099.7001953125,5119.2001953125,5092.2001953125,5096.0,271
2026-03-05 23:15:00+00:00,5095.39990234375,5107.0,5093.39990234375,5100.39990234375,670
2026-03-05 23:30:00+00:00,5101.5,5111.7001953125,5096.89990234375,5110.89990234375,507
2026-03-05 23:45:00+00:00,5110.0,5110.10009765625,5094.2998046875,5095.60009765625,702
2026-03-06 00:00:00+00:00,5095.5,5100.60009765625,5082.89990234375,5094.60009765625,1010
2026-03-06 00:15:00+00:00,5094.7001953125,5101.0,5087.89990234375,5099.7998046875,348
2026-03-06 00:30:00+00:00,5100.10009765625,5100.7998046875,5084.2001953125,5092.39990234375,428
2026-03-06 00:45:00+00:00,5091.7998046875,5098.10009765625,5085.2998046875,5092.5,566
2026-03-06 01:00:00+00:00,5092.39990234375,5094.7998046875,5074.0,5085.2998046875,1397
2026-03-06 01:15:00+00:00,5086.7998046875,5097.0,5083.0,5093.7998046875,670
2026-03-06 01:30:00+00:00,5093.7001953125,5128.60009765625,5093.7001953125,5126.10009765625,1803
2026-03-06 01:45:00+00:00,5126.0,5151.2998046875,5125.2001953125,5142.10009765625,2901
2026-03-06 02:00:00+00:00,5142.0,5145.89990234375,5133.5,5138.0,1620
2026-03-06 02:15:00+00:00,5138.10009765625,5142.39990234375,5135.7998046875,5136.89990234375,612
2026-03-06 02:30:00+00:00,5137.10009765625,5140.0,5129.7998046875,5133.0,707
2026-03-06 02:45:00+00:00,5131.5,5136.7998046875,5130.10009765625,5133.89990234375,527
2026-03-06 03:00:00+00:00,5134.7998046875,5143.0,5132.10009765625,5141.39990234375,763
2026-03-06 03:15:00+00:00,5141.10009765625,5149.7998046875,5138.7001953125,5144.60009765625,1017
2026-03-06 03:30:00+00:00,5144.60009765625,5146.39990234375,5137.60009765625,5140.89990234375,569
2026-03-06 03:45:00+00:00,5141.60009765625,5143.7001953125,5138.60009765625,5139.89990234375,219
2026-03-06 04:00:00+00:00,5139.89990234375,5144.7001953125,5139.60009765625,5143.39990234375,274
2026-03-06 04:15:00+00:00,5144.7998046875,5145.2001953125,5136.2001953125,5138.2998046875,273
2026-03-06 04:30:00+00:00,5138.5,5142.0,5137.2001953125,5141.5,227
2026-03-06 04:45:00+00:00,5142.10009765625,5144.7001953125,5135.0,5137.2001953125,334
2026-03-06 05:00:00+00:00,5136.0,5138.7001953125,5131.2001953125,5135.89990234375,533
2026-03-06 05:15:00+00:00,5135.10009765625,5138.89990234375,5131.5,5138.39990234375,444
2026-03-06 05:30:00+00:00,5138.60009765625,5138.60009765625,5127.39990234375,5129.5,835
2026-03-06 05:45:00+00:00,5130.2001953125,5131.7001953125,5122.89990234375,5126.60009765625,779
2026-03-06 06:00:00+00:00,5126.10009765625,5130.0,5118.7001953125,5125.2998046875,656
2026-03-06 06:15:00+00:00,5125.2998046875,5131.89990234375,5123.0,5128.7001953125,372
2026-03-06 06:30:00+00:00,5128.10009765625,5131.7998046875,5125.10009765625,5130.0,573
2026-03-06 06:45:00+00:00,5129.39990234375,5131.60009765625,5123.89990234375,5124.89990234375,639
2026-03-06 07:00:00+00:00,5124.7001953125,5126.0,5114.0,5119.2998046875,1177
2026-03-06 07:15:00+00:00,5119.60009765625,5128.10009765625,5119.10009765625,5123.10009765625,1218
2026-03-06 07:30:00+00:00,5123.2001953125,5125.2001953125,5116.39990234375,5123.0,1252
2026-03-06 07:45:00+00:00,5122.89990234375,5129.39990234375,5121.0,5128.2001953125,650
2026-03-06 08:00:00+00:00,5128.0,5132.2998046875,5119.5,5124.2001953125,954
2026-03-06 08:15:00+00:00,5123.89990234375,5126.60009765625,5107.89990234375,5109.0,1124
2026-03-06 08:30:00+00:00,5108.5,5117.0,5104.5,5116.0,770
2026-03-06 08:45:00+00:00,5115.5,5122.10009765625,5115.5,5116.7001953125,645
2026-03-06 09:00:00+00:00,5117.60009765625,5117.7998046875,5103.0,5104.39990234375,1513
2026-03-06 09:15:00+00:00,5104.0,5111.2001953125,5100.5,5107.60009765625,1136
2026-03-06 09:30:00+00:00,5106.89990234375,5112.60009765625,5094.0,5104.7001953125,2105
2026-03-06 09:45:00+00:00,5104.2998046875,5106.10009765625,5091.39990234375,5093.5,960
2026-03-06 10:00:00+00:00,5094.5,5099.0,5084.2001953125,5091.2001953125,1560
2026-03-06 10:15:00+00:00,5090.89990234375,5102.0,5088.10009765625,5096.10009765625,1290
2026-03-06 10:30:00+00:00,5095.7001953125,5099.89990234375,5089.5,5089.5,1081
2026-03-06 10:45:00+00:00,5090.5,5102.0,5090.5,5099.89990234375,855
2026-03-06 11:00:00+00:00,5100.7001953125,5100.7001953125,5089.39990234375,5094.89990234375,1134
2026-03-06 11:15:00+00:00,5094.7998046875,5107.39990234375,5094.7998046875,5104.2001953125,939
2026-03-06 11:30:00+00:00,5103.5,5109.60009765625,5090.10009765625,5090.5,963
2026-03-06 11:45:00+00:00,5090.2001953125,5096.2998046875,5071.0,5086.10009765625,2140
2026-03-06 12:00:00+00:00,5086.2998046875,5100.0,5085.2998046875,5098.60009765625,1402
2026-03-06 12:15:00+00:00,5098.89990234375,5105.5,5094.7001953125,5097.2998046875,1218
2026-03-06 12:30:00+00:00,5097.39990234375,5105.7998046875,5094.0,5105.10009765625,925
2026-03-06 12:45:00+00:00,5105.5,5105.5,5090.0,5091.89990234375,1117
2026-03-06 13:00:00+00:00,5091.60009765625,5092.60009765625,5073.89990234375,5081.60009765625,2777
2026-03-06 13:15:00+00:00,5081.10009765625,5097.0,5080.7998046875,5092.7001953125,1653
2026-03-06 13:30:00+00:00,5092.7001953125,5140.0,5092.7001953125,5129.2998046875,7319
2026-03-06 13:45:00+00:00,5130.0,5130.7001953125,5082.0,5093.7998046875,5621
2026-03-06 14:00:00+00:00,5093.2001953125,5111.60009765625,5089.89990234375,5104.7001953125,3820
2026-03-06 14:15:00+00:00,5105.10009765625,5118.0,5096.39990234375,5112.2001953125,2919
2026-03-06 14:30:00+00:00,5112.89990234375,5123.89990234375,5092.0,5096.39990234375,4144
2026-03-06 14:45:00+00:00,5097.39990234375,5142.39990234375,5095.5,5139.2998046875,4469
2026-03-06 15:00:00+00:00,5139.2998046875,5171.7001953125,5137.39990234375,5159.2001953125,10128
2026-03-06 15:15:00+00:00,5159.7001953125,5182.0,5154.0,5172.0,4938
2026-03-06 15:30:00+00:00,5172.2998046875,5176.7001953125,5159.7001953125,5164.0,3672
2026-03-06 15:45:00+00:00,5164.39990234375,5167.2998046875,5144.2998046875,5151.2001953125,3489
2026-03-06 16:00:00+00:00,5151.7001953125,5160.7998046875,5145.5,5153.7998046875,1654
2026-03-06 16:15:00+00:00,5153.10009765625,5163.0,5146.39990234375,5151.7998046875,1677
2026-03-06 16:30:00+00:00,5152.7998046875,5156.0,5136.0,5151.7001953125,2508
2026-03-06 16:45:00+00:00,5151.5,5158.39990234375,5139.2001953125,5149.5,3255
2026-03-06 17:00:00+00:00,5150.10009765625,5152.2001953125,5138.7001953125,5146.2998046875,1785
2026-03-06 17:15:00+00:00,5145.89990234375,5155.5,5143.39990234375,5153.10009765625,1615
2026-03-06 17:30:00+00:00,5151.89990234375,5162.7998046875,5145.89990234375,5146.7001953125,1574
2026-03-06 17:45:00+00:00,5147.2001953125,5150.39990234375,5141.7001953125,5150.2001953125,1240
2026-03-06 18:00:00+00:00,5149.89990234375,5156.7001953125,5147.89990234375,5154.2001953125,2468
2026-03-06 18:15:00+00:00,5154.39990234375,5160.2998046875,5152.10009765625,5159.2998046875,7925
2026-03-06 18:30:00+00:00,5159.2998046875,5174.7998046875,5157.5,5174.39990234375,3997
2026-03-06 18:45:00+00:00,5174.5,5176.5,5165.7001953125,5170.2998046875,1400
2026-03-06 19:00:00+00:00,5170.39990234375,5180.39990234375,5169.7998046875,5180.39990234375,1490
2026-03-06 19:15:00+00:00,5180.39990234375,5183.7998046875,5173.2998046875,5173.5,963
2026-03-06 19:30:00+00:00,5174.39990234375,5176.2998046875,5166.2001953125,5166.7001953125,735
2026-03-06 19:45:00+00:00,5167.2998046875,5172.7998046875,5165.2001953125,5168.5,557
2026-03-06 20:00:00+00:00,5168.2001953125,5171.2001953125,5162.10009765625,5163.60009765625,1276
2026-03-06 20:15:00+00:00,5163.89990234375,5169.2001953125,5161.10009765625,5162.60009765625,840
2026-03-06 20:30:00+00:00,5162.2998046875,5169.60009765625,5157.5,5165.5,971
2026-03-06 20:45:00+00:00,5165.89990234375,5168.39990234375,5159.0,5161.39990234375,1057
2026-03-06 21:00:00+00:00,5161.10009765625,5175.89990234375,5159.2001953125,5173.5,990
2026-03-06 21:15:00+00:00,5173.7998046875,5178.89990234375,5173.2001953125,5176.39990234375,582
2026-03-06 21:30:00+00:00,5176.39990234375,5180.2001953125,5174.89990234375,5178.2001953125,331
2026-03-06 21:45:00+00:00,5178.2001953125,5185.0,5158.7001953125,5158.7001953125,548
2026-03-08 22:00:00+00:00,5165.5,5180.0,5161.10009765625,5170.2998046875,429
2026-03-08 22:15:00+00:00,5168.5,5171.2001953125,5138.0,5165.39990234375,1672
2026-03-08 22:30:00+00:00,5165.89990234375,5175.0,5115.2001953125,5135.5,1797
2026-03-08 22:45:00+00:00,5136.7001953125,5145.0,5113.5,5138.5,1721
2026-03-08 23:00:00+00:00,5140.2998046875,5145.5,5094.5,5110.0,2208
2026-03-08 23:15:00+00:00,5110.0,5114.39990234375,5101.60009765625,5111.89990234375,1353
2026-03-08 23:30:00+00:00,5112.7001953125,5113.2001953125,5050.0,5081.10009765625,4723
2026-03-08 23:45:00+00:00,5079.89990234375,5087.7001953125,5061.89990234375,5083.39990234375,1874
2026-03-09 00:00:00+00:00,5083.10009765625,5088.89990234375,5035.5,5043.10009765625,3805
2026-03-09 00:15:00+00:00,5044.0,5060.39990234375,5040.0,5053.89990234375,1743
2026-03-09 00:30:00+00:00,5052.39990234375,5067.2001953125,5050.89990234375,5059.7001953125,1006
2026-03-09 00:45:00+00:00,5060.0,5064.7998046875,5040.2998046875,5056.89990234375,1757
2026-03-09 01:00:00+00:00,5056.7001953125,5081.10009765625,5021.2001953125,5078.0,4081
2026-03-09 01:15:00+00:00,5078.2001953125,5094.39990234375,5075.7001953125,5078.7998046875,3111
2026-03-09 01:30:00+00:00,5077.7001953125,5092.2998046875,5077.2998046875,5086.39990234375,1264
2026-03-09 01:45:00+00:00,5085.39990234375,5089.2998046875,5071.10009765625,5077.60009765625,1207
2026-03-09 02:00:00+00:00,5076.39990234375,5102.2998046875,5061.89990234375,5101.2001953125,2856
2026-03-09 02:15:00+00:00,5101.2001953125,5101.60009765625,5078.39990234375,5083.7001953125,1587
2026-03-09 02:30:00+00:00,5083.89990234375,5100.2001953125,5082.10009765625,5099.2998046875,1698
2026-03-09 02:45:00+00:00,5099.2001953125,5105.7998046875,5092.10009765625,5100.89990234375,1451
2026-03-09 03:00:00+00:00,5101.2998046875,5105.89990234375,5090.2001953125,5093.5,958
2026-03-09 03:15:00+00:00,5092.7001953125,5109.10009765625,5090.7998046875,5091.10009765625,1365
2026-03-09 03:30:00+00:00,5091.89990234375,5100.7001953125,5087.60009765625,5093.39990234375,695
2026-03-09 03:45:00+00:00,5093.7998046875,5100.0,5093.7998046875,5098.0,349
2026-03-09 04:00:00+00:00,5098.0,5103.39990234375,5093.2001953125,5096.89990234375,308
2026-03-09 04:15:00+00:00,5097.2001953125,5101.5,5094.7001953125,5096.2998046875,279
2026-03-09 04:30:00+00:00,5096.10009765625,5099.7998046875,5093.7998046875,5096.7998046875,227
2026-03-09 04:45:00+00:00,5096.39990234375,5097.60009765625,5091.2998046875,5096.39990234375,387
2026-03-09 05:00:00+00:00,5096.60009765625,5109.0,5087.10009765625,5103.0,1040
2026-03-09 05:15:00+00:00,5103.5,5112.0,5094.39990234375,5102.5,1128
2026-03-09 05:30:00+00:00,5102.2001953125,5129.0,5099.10009765625,5128.39990234375,1500
2026-03-09 05:45:00+00:00,5128.39990234375,5147.60009765625,5126.2998046875,5131.60009765625,2191
2026-03-09 06:00:00+00:00,5131.39990234375,5141.7001953125,5126.0,5135.10009765625,1357
2026-03-09 06:15:00+00:00,5135.39990234375,5138.2001953125,5130.39990234375,5133.89990234375,665
2026-03-09 06:30:00+00:00,5134.10009765625,5136.5,5112.2001953125,5113.89990234375,1034
2026-03-09 06:45:00+00:00,5114.2001953125,5119.10009765625,5103.60009765625,5104.7998046875,1220
2026-03-09 07:00:00+00:00,5104.7998046875,5109.7998046875,5095.39990234375,5103.89990234375,1730
2026-03-09 07:15:00+00:00,5104.2001953125,5114.2001953125,5102.60009765625,5114.2001953125,1197
2026-03-09 07:30:00+00:00,5114.39990234375,5115.2001953125,5107.2001953125,5108.89990234375,1002
2026-03-09 07:45:00+00:00,5108.89990234375,5109.2998046875,5101.10009765625,5106.7001953125,1126
2026-03-09 08:00:00+00:00,5106.7998046875,5118.7001953125,5106.39990234375,5107.5,1442
2026-03-09 08:15:00+00:00,5107.2998046875,5114.5,5098.10009765625,5099.0,1089
2026-03-09 08:30:00+00:00,5098.89990234375,5105.0,5094.89990234375,5098.0,1037
2026-03-09 08:45:00+00:00,5097.7998046875,5110.39990234375,5095.0,5104.39990234375,964
2026-03-09 09:00:00+00:00,5104.10009765625,5124.7998046875,5102.7998046875,5120.60009765625,1579
2026-03-09 09:15:00+00:00,5120.7998046875,5134.89990234375,5120.0,5133.2998046875,1391
2026-03-09 09:30:00+00:00,5133.0,5140.5,5111.60009765625,5112.10009765625,2471
2026-03-09 09:45:00+00:00,5111.39990234375,5116.10009765625,5105.2998046875,5114.2998046875,1867
2026-03-09 10:00:00+00:00,5114.0,5119.7998046875,5111.39990234375,5117.5,1421
2026-03-09 10:15:00+00:00,5117.7998046875,5118.89990234375,5106.60009765625,5107.89990234375,1441
2026-03-09 10:30:00+00:00,5107.7001953125,5107.7001953125,5096.60009765625,5103.39990234375,2287
2026-03-09 10:45:00+00:00,5103.0,5104.10009765625,5090.89990234375,5094.7998046875,1553
2026-03-09 11:00:00+00:00,5094.7998046875,5104.7998046875,5094.7998046875,5098.0,906
2026-03-09 11:15:00+00:00,5097.39990234375,5100.0,5086.5,5093.2998046875,2139
2026-03-09 11:30:00+00:00,5093.7998046875,5100.7001953125,5089.7998046875,5093.39990234375,1639
2026-03-09 11:45:00+00:00,5092.89990234375,5101.7001953125,5091.7001953125,5095.7001953125,949
2026-03-09 12:00:00+00:00,5096.2001953125,5107.39990234375,5096.2001953125,5103.7001953125,1934
2026-03-09 12:15:00+00:00,5104.0,5118.10009765625,5102.2998046875,5117.2998046875,1930
2026-03-09 12:30:00+00:00,5117.7998046875,5120.5,5111.7998046875,5114.7998046875,1732
2026-03-09 12:45:00+00:00,5115.10009765625,5115.10009765625,5101.0,5103.10009765625,1655
2026-03-09 13:00:00+00:00,5103.10009765625,5107.2001953125,5095.39990234375,5101.0,1696
2026-03-09 13:15:00+00:00,5100.0,5106.2998046875,5092.39990234375,5102.5,1887
2026-03-09 13:30:00+00:00,5102.39990234375,5119.5,5082.39990234375,5084.7001953125,5898
2026-03-09 13:45:00+00:00,5083.7998046875,5093.0,5075.0,5081.5,3717
2026-03-09 14:00:00+00:00,5081.10009765625,5095.89990234375,5066.89990234375,5078.89990234375,4134
2026-03-09 14:15:00+00:00,5079.2001953125,5092.39990234375,5072.10009765625,5091.10009765625,2458
2026-03-09 14:30:00+00:00,5089.39990234375,5123.7001953125,5088.0,5120.89990234375,4277
2026-03-09 14:45:00+00:00,5121.0,5124.7001953125,5094.2998046875,5102.60009765625,3238
2026-03-09 15:00:00+00:00,5102.2001953125,5103.2998046875,5087.7998046875,5099.89990234375,4840
2026-03-09 15:15:00+00:00,5099.7001953125,5108.2001953125,5089.7998046875,5107.5,2946
2026-03-09 15:30:00+00:00,5107.5,5111.2001953125,5101.60009765625,5103.2998046875,1717
2026-03-09 15:45:00+00:00,5103.5,5112.0,5102.60009765625,5108.5,2180
2026-03-09 16:00:00+00:00,5108.10009765625,5118.39990234375,5105.39990234375,5111.7001953125,1870
2026-03-09 16:15:00+00:00,5112.2001953125,5114.0,5103.10009765625,5112.7001953125,1750
2026-03-09 16:30:00+00:00,5112.5,5119.7001953125,5110.89990234375,5115.89990234375,1886
2026-03-09 16:45:00+00:00,5116.10009765625,5117.2001953125,5111.5,5113.10009765625,2282
2026-03-09 17:00:00+00:00,5113.2001953125,5115.5,5106.7998046875,5108.7998046875,2865
2026-03-09 17:15:00+00:00,5108.39990234375,5111.0,5099.60009765625,5103.7998046875,4761
2026-03-09 17:30:00+00:00,5104.0,5106.7001953125,5097.7001953125,5100.2001953125,2052
2026-03-09 17:45:00+00:00,5099.5,5108.60009765625,5099.5,5104.89990234375,978
2026-03-09 18:00:00+00:00,5104.89990234375,5107.0,5101.60009765625,5106.7001953125,840
2026-03-09 18:15:00+00:00,5106.60009765625,5116.5,5105.7998046875,5114.39990234375,856
2026-03-09 18:30:00+00:00,5114.7001953125,5130.0,5113.5,5127.89990234375,2494
2026-03-09 18:45:00+00:00,5128.10009765625,5136.7001953125,5125.0,5133.2001953125,3281
2026-03-09 19:00:00+00:00,5133.2998046875,5140.7998046875,5128.2998046875,5132.7998046875,1475
2026-03-09 19:15:00+00:00,5132.60009765625,5154.7001953125,5128.2998046875,5150.2001953125,2440
2026-03-09 19:30:00+00:00,5150.10009765625,5150.39990234375,5136.10009765625,5145.5,2025
2026-03-09 19:45:00+00:00,5145.10009765625,5153.7998046875,5139.39990234375,5150.5,1715
2026-03-09 20:00:00+00:00,5150.89990234375,5158.0,5147.5,5149.2001953125,963
2026-03-09 20:15:00+00:00,5149.2001953125,5150.0,5143.7001953125,5149.10009765625,581
2026-03-09 20:30:00+00:00,5148.60009765625,5149.2001953125,5143.89990234375,5148.7001953125,393
2026-03-09 20:45:00+00:00,5148.5,5150.10009765625,5143.7001953125,5148.7001953125,541
2026-03-09 22:00:00+00:00,5152.39990234375,5161.10009765625,5130.0,5142.39990234375,344
2026-03-09 22:15:00+00:00,5142.39990234375,5145.39990234375,5127.10009765625,5141.2998046875,493
2026-03-09 22:30:00+00:00,5140.89990234375,5148.5,5137.0,5144.7998046875,400
2026-03-09 22:45:00+00:00,5144.7001953125,5163.0,5144.60009765625,5162.10009765625,601
2026-03-09 23:00:00+00:00,5161.89990234375,5164.2998046875,5147.39990234375,5155.5,716
2026-03-09 23:15:00+00:00,5155.2001953125,5165.60009765625,5152.2001953125,5155.0,643
2026-03-09 23:30:00+00:00,5154.7001953125,5159.2998046875,5145.60009765625,5147.2998046875,514
2026-03-09 23:45:00+00:00,5147.7001953125,5153.60009765625,5146.7998046875,5149.7998046875,383
2026-03-10 00:00:00+00:00,5149.2998046875,5151.10009765625,5140.5,5146.7998046875,539
2026-03-10 00:15:00+00:00,5146.39990234375,5148.2001953125,5138.7001953125,5141.10009765625,678
2026-03-10 00:30:00+00:00,5139.89990234375,5147.39990234375,5134.7998046875,5147.2998046875,940
2026-03-10 00:45:00+00:00,5147.0,5150.0,5137.89990234375,5140.2001953125,625
2026-03-10 01:00:00+00:00,5140.2998046875,5163.2998046875,5134.0,5153.0,1736
2026-03-10 01:15:00+00:00,5152.5,5177.60009765625,5152.10009765625,5167.39990234375,2556
2026-03-10 01:30:00+00:00,5168.5,5177.2001953125,5162.2998046875,5174.7001953125,1739
2026-03-10 01:45:00+00:00,5174.60009765625,5195.2001953125,5173.0,5193.2001953125,2097
2026-03-10 02:00:00+00:00,5192.7998046875,5195.7998046875,5179.0,5184.2001953125,1740
2026-03-10 02:15:00+00:00,5184.2998046875,5189.39990234375,5181.2001953125,5188.60009765625,863
2026-03-10 02:30:00+00:00,5188.2001953125,5193.0,5184.2998046875,5190.89990234375,924
2026-03-10 02:45:00+00:00,5191.0,5194.2001953125,5172.10009765625,5174.2998046875,1359
2026-03-10 03:00:00+00:00,5173.7998046875,5181.89990234375,5173.39990234375,5175.0,898
2026-03-10 03:15:00+00:00,5174.60009765625,5179.0,5170.0,5175.10009765625,767
2026-03-10 03:30:00+00:00,5174.60009765625,5176.2001953125,5167.89990234375,5170.7001953125,462
2026-03-10 03:45:00+00:00,5171.10009765625,5171.39990234375,5163.0,5166.39990234375,661
2026-03-10 04:00:00+00:00,5165.2998046875,5174.0,5162.39990234375,5172.7001953125,902
2026-03-10 04:15:00+00:00,5173.10009765625,5175.2998046875,5170.0,5171.10009765625,735
2026-03-10 04:30:00+00:00,5171.0,5174.10009765625,5170.2998046875,5170.89990234375,166
2026-03-10 04:45:00+00:00,5170.2998046875,5174.10009765625,5170.2998046875,5172.10009765625,128
2026-03-10 05:00:00+00:00,5172.5,5182.2998046875,5172.39990234375,5182.2998046875,554
2026-03-10 05:15:00+00:00,5182.2998046875,5183.2001953125,5178.10009765625,5180.10009765625,263
2026-03-10 05:30:00+00:00,5180.60009765625,5183.2001953125,5176.39990234375,5177.7001953125,458
2026-03-10 05:45:00+00:00,5177.60009765625,5188.2001953125,5176.0,5186.7001953125,553
2026-03-10 06:00:00+00:00,5187.2998046875,5190.0,5183.2001953125,5188.39990234375,505
2026-03-10 06:15:00+00:00,5188.5,5188.5,5180.7001953125,5185.2001953125,560
2026-03-10 06:30:00+00:00,5185.60009765625,5188.39990234375,5183.10009765625,5184.39990234375,682
2026-03-10 06:45:00+00:00,5184.7001953125,5186.10009765625,5182.39990234375,5183.60009765625,610
2026-03-10 07:00:00+00:00,5184.10009765625,5188.0,5179.7001953125,5183.60009765625,863
2026-03-10 07:15:00+00:00,5182.7998046875,5186.2998046875,5167.2998046875,5178.7998046875,1468
2026-03-10 07:30:00+00:00,5179.0,5187.60009765625,5174.5,5185.39990234375,1359
2026-03-10 07:45:00+00:00,5185.89990234375,5191.2998046875,5183.89990234375,5190.5,1131
2026-03-10 08:00:00+00:00,5190.60009765625,5195.0,5184.5,5189.10009765625,1673
2026-03-10 08:15:00+00:00,5189.0,5193.5,5185.0,5193.39990234375,1205
2026-03-10 08:30:00+00:00,5193.2998046875,5204.0,5192.2001953125,5198.60009765625,2529
2026-03-10 08:45:00+00:00,5199.10009765625,5203.7998046875,5191.89990234375,5192.5,1946
2026-03-10 09:00:00+00:00,5192.60009765625,5198.39990234375,5189.7001953125,5197.2001953125,1101
2026-03-10 09:15:00+00:00,5197.0,5198.2001953125,5189.7998046875,5196.0,1369
2026-03-10 09:30:00+00:00,5195.60009765625,5197.0,5190.5,5196.7001953125,905
2026-03-10 09:45:00+00:00,5196.5,5198.2001953125,5191.5,5191.7998046875,587
2026-03-10 10:00:00+00:00,5191.5,5193.2998046875,5184.10009765625,5190.2998046875,1709
2026-03-10 10:15:00+00:00,5190.2001953125,5191.0,5182.10009765625,5183.0,851
2026-03-10 10:30:00+00:00,5183.2998046875,5185.7998046875,5165.60009765625,5178.2001953125,2677
2026-03-10 10:45:00+00:00,5178.10009765625,5187.5,5178.0,5186.60009765625,1238
2026-03-10 11:00:00+00:00,5186.60009765625,5201.10009765625,5185.7998046875,5196.60009765625,2144
2026-03-10 11:15:00+00:00,5196.7001953125,5199.89990234375,5189.2998046875,5192.89990234375,1616
2026-03-10 11:30:00+00:00,5192.7998046875,5194.5,5183.0,5183.7001953125,1626
2026-03-10 11:45:00+00:00,5183.5,5188.89990234375,5180.89990234375,5184.2001953125,1390
2026-03-10 12:00:00+00:00,5184.60009765625,5185.7001953125,5171.39990234375,5180.2001953125,1770
2026-03-10 12:15:00+00:00,5179.7998046875,5189.7998046875,5174.39990234375,5188.89990234375,1689
2026-03-10 12:30:00+00:00,5189.10009765625,5195.0,5187.7998046875,5194.7998046875,1513
2026-03-10 12:45:00+00:00,5195.0,5198.89990234375,5189.89990234375,5196.5,1669
2026-03-10 13:00:00+00:00,5196.2001953125,5213.39990234375,5194.89990234375,5210.89990234375,6656
2026-03-10 13:15:00+00:00,5211.0,5238.89990234375,5209.10009765625,5230.7998046875,6713
2026-03-10 13:30:00+00:00,5231.2998046875,5231.7998046875,5216.2998046875,5218.39990234375,4845
2026-03-10 13:45:00+00:00,5218.39990234375,5224.60009765625,5204.60009765625,5214.2001953125,5130
2026-03-10 14:00:00+00:00,5215.39990234375,5218.5,5193.60009765625,5203.89990234375,5420
2026-03-10 14:15:00+00:00,5203.60009765625,5224.0,5203.0,5218.2998046875,4907
2026-03-10 14:30:00+00:00,5217.89990234375,5222.7998046875,5212.0,5215.2001953125,3526
2026-03-10 14:45:00+00:00,5215.7998046875,5221.39990234375,5214.0,5215.7998046875,2600
2026-03-10 15:00:00+00:00,5216.0,5236.0,5212.0,5232.89990234375,5446
2026-03-10 15:15:00+00:00,5233.2998046875,5238.5,5231.5,5235.39990234375,2477
2026-03-10 15:30:00+00:00,5235.39990234375,5246.60009765625,5235.0,5245.7001953125,4230
2026-03-10 15:45:00+00:00,5245.7998046875,5248.7001953125,5236.0,5238.0,4057
2026-03-10 16:00:00+00:00,5238.10009765625,5239.7998046875,5232.2001953125,5233.2998046875,2005
2026-03-10 16:15:00+00:00,5232.89990234375,5245.10009765625,5232.2998046875,5242.10009765625,4640
2026-03-10 16:30:00+00:00,5242.0,5244.0,5236.7001953125,5237.60009765625,2106
2026-03-10 16:45:00+00:00,5237.7001953125,5241.2998046875,5235.10009765625,5236.89990234375,2018
2026-03-10 17:00:00+00:00,5236.89990234375,5244.5,5236.10009765625,5243.5,3522
2026-03-10 17:15:00+00:00,5243.2001953125,5243.60009765625,5232.60009765625,5242.60009765625,6139
2026-03-10 17:30:00+00:00,5242.2998046875,5244.10009765625,5236.89990234375,5237.2001953125,2476
2026-03-10 17:45:00+00:00,5236.89990234375,5241.89990234375,5235.5,5237.10009765625,1199
2026-03-10 18:00:00+00:00,5237.0,5237.2998046875,5224.2001953125,5224.7998046875,2295
2026-03-10 18:15:00+00:00,5225.0,5227.7001953125,5169.0,5211.39990234375,9386
2026-03-10 18:30:00+00:00,5211.60009765625,5217.2001953125,5198.7998046875,5204.7998046875,1610
2026-03-10 18:45:00+00:00,5202.5,5213.7998046875,5199.60009765625,5200.0,1200
2026-03-10 19:00:00+00:00,5200.2998046875,5208.39990234375,5193.0,5206.7998046875,1185
2026-03-10 19:15:00+00:00,5207.0,5216.5,5206.60009765625,5209.0,980
2026-03-10 19:30:00+00:00,5209.2001953125,5209.39990234375,5188.7001953125,5196.0,2566
2026-03-10 19:45:00+00:00,5196.39990234375,5208.0,5196.2001953125,5207.0,1072
2026-03-10 20:00:00+00:00,5206.7001953125,5207.39990234375,5201.7001953125,5206.2001953125,539
2026-03-10 20:15:00+00:00,5206.2001953125,5207.2001953125,5200.2998046875,5203.2998046875,398
2026-03-10 20:30:00+00:00,5203.0,5206.39990234375,5201.5,5206.39990234375,278
2026-03-10 20:45:00+00:00,5206.2998046875,5207.7001953125,5198.5,5198.7001953125,407
2026-03-10 22:00:00+00:00,5194.0,5204.5,5191.2998046875,5199.2998046875,232
2026-03-10 22:15:00+00:00,5198.60009765625,5206.2001953125,5197.2998046875,5199.60009765625,493
2026-03-10 22:30:00+00:00,5198.10009765625,5203.7998046875,5195.2001953125,5200.7998046875,366
2026-03-10 22:45:00+00:00,5200.7998046875,5203.0,5193.60009765625,5196.7001953125,432
2026-03-10 23:00:00+00:00,5197.2001953125,5204.5,5196.39990234375,5199.7001953125,378
2026-03-10 23:15:00+00:00,5199.39990234375,5206.0,5195.2001953125,5201.39990234375,401
2026-03-10 23:30:00+00:00,5201.2998046875,5203.7998046875,5198.2001953125,5198.7998046875,260
2026-03-10 23:45:00+00:00,5199.2998046875,5205.0,5195.39990234375,5204.89990234375,448
2026-03-11 00:00:00+00:00,5205.0,5205.89990234375,5194.0,5199.89990234375,612
2026-03-11 00:15:00+00:00,5199.60009765625,5223.2001953125,5199.2001953125,5219.7998046875,1403
2026-03-11 00:30:00+00:00,5220.2001953125,5220.2001953125,5213.5,5218.7998046875,629
2026-03-11 00:45:00+00:00,5218.7998046875,5227.0,5218.7998046875,5223.10009765625,1127
2026-03-11 01:00:00+00:00,5223.0,5230.7001953125,5219.60009765625,5222.7001953125,1090
2026-03-11 01:15:00+00:00,5222.60009765625,5230.89990234375,5218.2001953125,5222.2998046875,1080
2026-03-11 01:30:00+00:00,5223.2001953125,5227.7001953125,5220.60009765625,5222.2998046875,584
2026-03-11 01:45:00+00:00,5223.0,5225.5,5215.89990234375,5215.89990234375,447
2026-03-11 02:00:00+00:00,5215.89990234375,5217.0,5202.0,5209.2998046875,1475
2026-03-11 02:15:00+00:00,5209.0,5214.5,5208.39990234375,5212.10009765625,530
2026-03-11 02:30:00+00:00,5212.2001953125,5218.0,5209.89990234375,5215.7001953125,769
2026-03-11 02:45:00+00:00,5216.7001953125,5228.7001953125,5215.7998046875,5225.39990234375,1177
2026-03-11 03:00:00+00:00,5225.5,5228.5,5219.89990234375,5221.7998046875,448
2026-03-11 03:15:00+00:00,5221.7001953125,5222.89990234375,5212.89990234375,5212.89990234375,860
2026-03-11 03:30:00+00:00,5212.7998046875,5217.89990234375,5211.7001953125,5215.7998046875,376
2026-03-11 03:45:00+00:00,5216.39990234375,5216.7001953125,5207.5,5211.10009765625,700
2026-03-11 04:00:00+00:00,5211.5,5215.0,5207.89990234375,5214.0,392
2026-03-11 04:15:00+00:00,5214.10009765625,5217.10009765625,5213.0,5215.7001953125,500
2026-03-11 04:30:00+00:00,5215.60009765625,5216.7998046875,5212.5,5214.7998046875,235
2026-03-11 04:45:00+00:00,5214.7998046875,5214.7998046875,5210.2001953125,5212.7998046875,286
2026-03-11 05:00:00+00:00,5212.5,5216.7998046875,5211.7001953125,5212.7998046875,315
2026-03-11 05:15:00+00:00,5212.7001953125,5214.60009765625,5208.39990234375,5208.89990234375,309
2026-03-11 05:30:00+00:00,5208.89990234375,5213.10009765625,5197.7998046875,5209.10009765625,1433
2026-03-11 05:45:00+00:00,5208.39990234375,5209.60009765625,5203.7001953125,5207.60009765625,512
2026-03-11 06:00:00+00:00,5207.2001953125,5218.10009765625,5204.2998046875,5217.0,637
2026-03-11 06:15:00+00:00,5216.7001953125,5218.39990234375,5210.60009765625,5214.2001953125,506
2026-03-11 06:30:00+00:00,5213.7001953125,5213.89990234375,5199.60009765625,5202.7998046875,910
2026-03-11 06:45:00+00:00,5202.2998046875,5206.89990234375,5200.0,5205.7998046875,753
2026-03-11 07:00:00+00:00,5205.0,5209.7998046875,5202.7998046875,5206.39990234375,1202
2026-03-11 07:15:00+00:00,5206.89990234375,5207.7998046875,5203.2001953125,5205.2001953125,884
2026-03-11 07:30:00+00:00,5206.0,5206.39990234375,5192.10009765625,5198.89990234375,1967
2026-03-11 07:45:00+00:00,5199.10009765625,5205.7998046875,5197.60009765625,5203.7001953125,1195
2026-03-11 08:00:00+00:00,5203.2998046875,5206.7001953125,5196.10009765625,5206.2998046875,812
2026-03-11 08:15:00+00:00,5205.89990234375,5205.89990234375,5188.5,5193.10009765625,1512
2026-03-11 08:30:00+00:00,5192.60009765625,5195.2001953125,5183.2998046875,5189.39990234375,2292
2026-03-11 08:45:00+00:00,5189.10009765625,5196.10009765625,5187.0,5195.2001953125,1041
2026-03-11 09:00:00+00:00,5194.89990234375,5195.7998046875,5187.10009765625,5191.60009765625,900
2026-03-11 09:15:00+00:00,5191.39990234375,5198.0,5191.39990234375,5195.2998046875,1235
2026-03-11 09:30:00+00:00,5194.89990234375,5205.10009765625,5194.89990234375,5199.5,1128
2026-03-11 09:45:00+00:00,5199.7001953125,5202.60009765625,5194.39990234375,5195.7001953125,1199
2026-03-11 10:00:00+00:00,5195.7998046875,5203.0,5194.2998046875,5201.2001953125,1080
2026-03-11 10:15:00+00:00,5201.39990234375,5203.0,5197.2998046875,5199.7998046875,704
2026-03-11 10:30:00+00:00,5199.89990234375,5200.10009765625,5184.7998046875,5187.10009765625,2162
2026-03-11 10:45:00+00:00,5186.7998046875,5198.89990234375,5184.7998046875,5194.10009765625,980
2026-03-11 11:00:00+00:00,5194.2998046875,5201.10009765625,5192.0,5195.2001953125,1301
2026-03-11 11:15:00+00:00,5195.5,5197.5,5187.2001953125,5188.7998046875,1073
2026-03-11 11:30:00+00:00,5188.60009765625,5198.60009765625,5187.7998046875,5193.0,1296
2026-03-11 11:45:00+00:00,5192.7998046875,5196.60009765625,5182.2998046875,5189.2001953125,1155
2026-03-11 12:00:00+00:00,5188.7001953125,5201.5,5185.5,5199.2998046875,1842
2026-03-11 12:15:00+00:00,5199.60009765625,5203.39990234375,5195.7001953125,5199.7001953125,1503
2026-03-11 12:30:00+00:00,5200.39990234375,5207.5,5180.2001953125,5187.7998046875,3290
2026-03-11 12:45:00+00:00,5187.5,5188.2001953125,5172.0,5175.10009765625,2813
2026-03-11 13:00:00+00:00,5174.7001953125,5189.5,5169.10009765625,5185.2998046875,3393
2026-03-11 13:15:00+00:00,5185.0,5191.10009765625,5183.39990234375,5189.2998046875,1258
2026-03-11 13:30:00+00:00,5189.0,5189.0,5172.0,5172.7001953125,3340
2026-03-11 13:45:00+00:00,5172.39990234375,5184.89990234375,5155.89990234375,5184.2998046875,6352
2026-03-11 14:00:00+00:00,5184.0,5197.60009765625,5182.2001953125,5197.0,3980
2026-03-11 14:15:00+00:00,5197.39990234375,5203.7998046875,5189.5,5201.89990234375,2979
2026-03-11 14:30:00+00:00,5201.89990234375,5204.2998046875,5181.7998046875,5191.0,3072
2026-03-11 14:45:00+00:00,5190.60009765625,5201.39990234375,5188.0,5190.7998046875,3608
2026-03-11 15:00:00+00:00,5190.7001953125,5193.7998046875,5177.7001953125,5177.7998046875,3465
2026-03-11 15:15:00+00:00,5177.7998046875,5187.0,5175.5,5180.10009765625,2182
2026-03-11 15:30:00+00:00,5179.60009765625,5181.5,5173.7998046875,5176.60009765625,3193
2026-03-11 15:45:00+00:00,5176.60009765625,5182.7001953125,5169.89990234375,5173.39990234375,1306
2026-03-11 16:00:00+00:00,5173.39990234375,5180.0,5170.7998046875,5179.7998046875,1962
2026-03-11 16:15:00+00:00,5179.7001953125,5179.7001953125,5171.60009765625,5174.2998046875,1473
2026-03-11 16:30:00+00:00,5174.0,5184.39990234375,5173.2998046875,5181.7001953125,1570
2026-03-11 16:45:00+00:00,5181.7998046875,5185.5,5177.7998046875,5183.10009765625,1388
2026-03-11 17:00:00+00:00,5183.2998046875,5188.5,5181.7001953125,5183.2998046875,2877
2026-03-11 17:15:00+00:00,5183.2001953125,5185.7998046875,5177.0,5179.39990234375,8739
2026-03-11 17:30:00+00:00,5179.39990234375,5179.89990234375,5158.39990234375,5170.2001953125,7229
2026-03-11 17:45:00+00:00,5170.2998046875,5177.10009765625,5168.2998046875,5176.60009765625,1245
2026-03-11 18:00:00+00:00,5176.60009765625,5182.2998046875,5176.2001953125,5179.60009765625,894
2026-03-11 18:15:00+00:00,5179.39990234375,5186.10009765625,5179.2998046875,5185.39990234375,1654
2026-03-11 18:30:00+00:00,5185.39990234375,5186.2998046875,5184.2001953125,5185.2001953125,773
2026-03-11 18:45:00+00:00,5185.2001953125,5186.0,5178.10009765625,5180.10009765625,594
2026-03-11 19:00:00+00:00,5180.2001953125,5181.7998046875,5176.89990234375,5179.89990234375,607
2026-03-11 19:15:00+00:00,5179.7001953125,5185.5,5179.60009765625,5184.7001953125,411
2026-03-11 19:30:00+00:00,5185.2998046875,5187.7998046875,5183.60009765625,5187.2001953125,504
2026-03-11 19:45:00+00:00,5187.39990234375,5191.2001953125,5184.60009765625,5191.0,744
2026-03-11 20:00:00+00:00,5190.7998046875,5191.5,5184.5,5186.10009765625,422
2026-03-11 20:15:00+00:00,5185.7998046875,5187.10009765625,5182.89990234375,5185.60009765625,424
2026-03-11 20:30:00+00:00,5185.7001953125,5185.7998046875,5183.7001953125,5184.10009765625,177
2026-03-11 20:45:00+00:00,5184.0,5186.2001953125,5183.10009765625,5183.89990234375,273
2026-03-11 22:00:00+00:00,5185.39990234375,5189.7998046875,5169.7998046875,5181.5,447
2026-03-11 22:15:00+00:00,5181.60009765625,5182.7998046875,5171.39990234375,5175.2998046875,382
2026-03-11 22:30:00+00:00,5175.2001953125,5175.2001953125,5158.60009765625,5163.7998046875,828
2026-03-11 22:45:00+00:00,5164.2998046875,5174.2001953125,5135.0,5144.7998046875,1740
2026-03-11 23:00:00+00:00,5144.5,5160.2998046875,5141.0,5157.5,1056
2026-03-11 23:15:00+00:00,5158.7001953125,5162.7998046875,5156.5,5161.7001953125,364
2026-03-11 23:30:00+00:00,5161.60009765625,5163.89990234375,5151.2998046875,5152.10009765625,591
2026-03-11 23:45:00+00:00,5151.7001953125,5152.0,5138.7998046875,5140.0,944
2026-03-12 00:00:00+00:00,5139.39990234375,5147.7998046875,5130.0,5143.89990234375,1713
2026-03-12 00:15:00+00:00,5144.89990234375,5164.10009765625,5144.89990234375,5159.0,1117
2026-03-12 00:30:00+00:00,5158.2998046875,5168.0,5157.39990234375,5159.60009765625,961
2026-03-12 00:45:00+00:00,5159.60009765625,5161.39990234375,5155.60009765625,5158.10009765625,547
2026-03-12 01:00:00+00:00,5158.2001953125,5171.89990234375,5156.7998046875,5162.0,1609
2026-03-12 01:15:00+00:00,5162.5,5166.10009765625,5156.2001953125,5161.2998046875,726
2026-03-12 01:30:00+00:00,5162.89990234375,5175.7001953125,5159.10009765625,5175.10009765625,1211
2026-03-12 01:45:00+00:00,5174.7998046875,5178.39990234375,5169.5,5174.39990234375,933
2026-03-12 02:00:00+00:00,5173.7001953125,5180.0,5172.5,5179.39990234375,584
2026-03-12 02:15:00+00:00,5178.7001953125,5180.60009765625,5172.2001953125,5173.39990234375,818
2026-03-12 02:30:00+00:00,5173.2998046875,5176.89990234375,5160.2998046875,5162.10009765625,1360
2026-03-12 02:45:00+00:00,5163.0,5163.2001953125,5150.5,5156.0,1691
2026-03-12 03:00:00+00:00,5155.7001953125,5160.5,5153.60009765625,5159.0,702
2026-03-12 03:15:00+00:00,5158.89990234375,5159.7001953125,5152.0,5156.2001953125,1005
2026-03-12 03:30:00+00:00,5156.0,5158.7001953125,5152.7998046875,5157.39990234375,561
2026-03-12 03:45:00+00:00,5157.5,5159.60009765625,5156.2001953125,5158.2001953125,275
2026-03-12 04:00:00+00:00,5158.39990234375,5158.39990234375,5155.0,5157.39990234375,158
2026-03-12 04:15:00+00:00,5157.39990234375,5159.2001953125,5155.2001953125,5157.60009765625,434
2026-03-12 04:30:00+00:00,5157.10009765625,5157.39990234375,5148.60009765625,5148.60009765625,669
2026-03-12 04:45:00+00:00,5148.89990234375,5151.60009765625,5145.2998046875,5147.39990234375,514
2026-03-12 05:00:00+00:00,5147.60009765625,5153.7998046875,5146.10009765625,5151.2001953125,560
2026-03-12 05:15:00+00:00,5150.7998046875,5153.7998046875,5142.0,5147.2001953125,600
2026-03-12 05:30:00+00:00,5147.89990234375,5159.7998046875,5145.7001953125,5158.5,644
2026-03-12 05:45:00+00:00,5157.89990234375,5162.5,5156.7998046875,5159.7001953125,665
2026-03-12 06:00:00+00:00,5159.60009765625,5163.10009765625,5156.7001953125,5159.7998046875,396
2026-03-12 06:15:00+00:00,5159.0,5162.7001953125,5152.7001953125,5161.7001953125,512
2026-03-12 06:30:00+00:00,5162.0,5175.5,5161.10009765625,5174.2998046875,1206
2026-03-12 06:45:00+00:00,5174.39990234375,5176.2001953125,5170.7998046875,5172.60009765625,1014
2026-03-12 07:00:00+00:00,5171.89990234375,5176.2998046875,5170.2998046875,5175.7998046875,668
2026-03-12 07:15:00+00:00,5175.7998046875,5176.2998046875,5171.7001953125,5174.7998046875,945
2026-03-12 07:30:00+00:00,5174.7001953125,5185.60009765625,5174.0,5184.5,1299
2026-03-12 07:45:00+00:00,5184.89990234375,5190.89990234375,5181.89990234375,5188.39990234375,1180
2026-03-12 08:00:00+00:00,5188.2001953125,5195.89990234375,5186.7998046875,5187.89990234375,1764
2026-03-12 08:15:00+00:00,5187.7001953125,5190.89990234375,5183.2998046875,5183.89990234375,1068
2026-03-12 08:30:00+00:00,5183.89990234375,5188.2001953125,5183.89990234375,5187.39990234375,629
2026-03-12 08:45:00+00:00,5187.60009765625,5189.2001953125,5181.39990234375,5184.39990234375,734
2026-03-12 09:00:00+00:00,5184.60009765625,5187.39990234375,5181.60009765625,5182.2001953125,1113
2026-03-12 09:15:00+00:00,5182.39990234375,5187.39990234375,5179.7998046875,5186.0,1163
2026-03-12 09:30:00+00:00,5186.2001953125,5193.5,5186.2001953125,5190.89990234375,970
2026-03-12 09:45:00+00:00,5191.0,5196.2001953125,5189.0,5194.2001953125,1202
2026-03-12 10:00:00+00:00,5194.10009765625,5197.7998046875,5192.7998046875,5193.39990234375,1173
2026-03-12 10:15:00+00:00,5193.5,5193.60009765625,5186.0,5186.2001953125,847
2026-03-12 10:30:00+00:00,5186.60009765625,5189.60009765625,5181.7998046875,5187.2998046875,1936
2026-03-12 10:45:00+00:00,5188.10009765625,5189.60009765625,5184.2001953125,5188.2001953125,1019
2026-03-12 11:00:00+00:00,5187.89990234375,5189.60009765625,5184.2001953125,5185.2001953125,366
2026-03-12 11:15:00+00:00,5184.89990234375,5185.5,5178.60009765625,5182.39990234375,738
2026-03-12 11:30:00+00:00,5182.7001953125,5186.7001953125,5181.2998046875,5186.60009765625,632
2026-03-12 11:45:00+00:00,5187.10009765625,5187.5,5182.5,5184.7998046875,713
2026-03-12 12:00:00+00:00,5185.0,5186.2001953125,5173.10009765625,5174.7998046875,1539
2026-03-12 12:15:00+00:00,5174.5,5179.39990234375,5168.5,5179.39990234375,2225
2026-03-12 12:30:00+00:00,5179.39990234375,5182.7998046875,5174.39990234375,5180.2998046875,1806
2026-03-12 12:45:00+00:00,5180.2998046875,5192.2998046875,5180.2998046875,5187.7001953125,2372
2026-03-12 13:00:00+00:00,5187.5,5192.5,5185.2998046875,5190.89990234375,2537
2026-03-12 13:15:00+00:00,5191.39990234375,5191.39990234375,5164.7998046875,5177.2998046875,3120
2026-03-12 13:30:00+00:00,5177.60009765625,5177.60009765625,5161.7001953125,5166.5,4193
2026-03-12 13:45:00+00:00,5165.2998046875,5166.2998046875,5152.10009765625,5157.39990234375,3141
2026-03-12 14:00:00+00:00,5157.0,5170.2001953125,5156.0,5166.89990234375,2427
2026-03-12 14:15:00+00:00,5168.0,5169.7001953125,5156.2001953125,5159.10009765625,2055
2026-03-12 14:30:00+00:00,5158.5,5160.7001953125,5145.7998046875,5155.2001953125,2864
2026-03-12 14:45:00+00:00,5154.89990234375,5160.0,5144.2001953125,5148.7998046875,2982
2026-03-12 15:00:00+00:00,5148.60009765625,5150.89990234375,5114.60009765625,5129.89990234375,7889
2026-03-12 15:15:00+00:00,5130.2001953125,5138.2001953125,5123.2001953125,5134.7001953125,2471
2026-03-12 15:30:00+00:00,5134.7001953125,5140.5,5124.39990234375,5137.0,3532
2026-03-12 15:45:00+00:00,5137.2001953125,5141.0,5131.5,5138.0,2167
2026-03-12 16:00:00+00:00,5138.10009765625,5141.10009765625,5126.7998046875,5133.89990234375,2106
2026-03-12 16:15:00+00:00,5134.60009765625,5144.0,5133.60009765625,5137.5,3156
2026-03-12 16:30:00+00:00,5137.7998046875,5144.2998046875,5131.0,5141.39990234375,2999
2026-03-12 16:45:00+00:00,5141.5,5141.7001953125,5128.2998046875,5130.10009765625,1909
2026-03-12 17:00:00+00:00,5129.89990234375,5136.5,5127.5,5128.60009765625,1621
2026-03-12 17:15:00+00:00,5128.60009765625,5129.89990234375,5120.10009765625,5126.0,5915
2026-03-12 17:30:00+00:00,5126.10009765625,5127.0,5111.7001953125,5117.0,4386
2026-03-12 17:45:00+00:00,5117.2998046875,5119.2998046875,5109.0,5112.39990234375,1989
2026-03-12 18:00:00+00:00,5111.89990234375,5119.5,5111.7001953125,5114.0,1719
2026-03-12 18:15:00+00:00,5114.2001953125,5117.5,5107.60009765625,5111.2001953125,1270
2026-03-12 18:30:00+00:00,5110.7998046875,5110.89990234375,5103.39990234375,5104.5,1544
2026-03-12 18:45:00+00:00,5104.2001953125,5105.2001953125,5095.2998046875,5100.0,2345
2026-03-12 19:00:00+00:00,5100.2001953125,5101.0,5084.5,5090.60009765625,2682
2026-03-12 19:15:00+00:00,5091.0,5101.5,5086.89990234375,5099.5,1582
2026-03-12 19:30:00+00:00,5099.2998046875,5102.89990234375,5097.0,5098.2998046875,919
2026-03-12 19:45:00+00:00,5098.0,5102.7001953125,5088.39990234375,5091.7001953125,1847
2026-03-12 20:00:00+00:00,5092.0,5097.60009765625,5091.10009765625,5091.89990234375,654
2026-03-12 20:15:00+00:00,5091.7998046875,5095.60009765625,5076.7998046875,5077.39990234375,2455
2026-03-12 20:30:00+00:00,5077.39990234375,5077.60009765625,5058.2001953125,5077.0,4062
2026-03-12 20:45:00+00:00,5076.89990234375,5086.39990234375,5076.7998046875,5084.10009765625,1080
2026-03-12 22:00:00+00:00,5084.0,5090.5,5074.60009765625,5084.5,445
2026-03-12 22:15:00+00:00,5084.2998046875,5098.89990234375,5084.10009765625,5096.2001953125,931
2026-03-12 22:30:00+00:00,5095.39990234375,5095.7001953125,5088.89990234375,5092.60009765625,296
2026-03-12 22:45:00+00:00,5093.5,5099.2998046875,5091.7001953125,5099.10009765625,297
2026-03-12 23:00:00+00:00,5099.60009765625,5099.7998046875,5092.60009765625,5094.2001953125,624
2026-03-12 23:15:00+00:00,5094.0,5102.7998046875,5094.0,5097.7001953125,669
2026-03-12 23:30:00+00:00,5097.39990234375,5101.7001953125,5095.39990234375,5098.0,1006
2026-03-12 23:45:00+00:00,5097.7001953125,5104.39990234375,5097.7001953125,5101.5,465
2026-03-13 00:00:00+00:00,5101.0,5111.5,5100.39990234375,5109.10009765625,1150
2026-03-13 00:15:00+00:00,5109.10009765625,5112.0,5107.2998046875,5109.7998046875,660
2026-03-13 00:30:00+00:00,5109.39990234375,5113.7001953125,5109.39990234375,5111.0,830
2026-03-13 00:45:00+00:00,5110.7998046875,5118.10009765625,5110.39990234375,5116.60009765625,824
2026-03-13 01:00:00+00:00,5116.7001953125,5124.60009765625,5116.2998046875,5122.39990234375,2046
2026-03-13 01:15:00+00:00,5122.89990234375,5123.89990234375,5116.89990234375,5122.0,1444
2026-03-13 01:30:00+00:00,5122.2998046875,5125.2001953125,5113.39990234375,5115.39990234375,1650
2026-03-13 01:45:00+00:00,5115.5,5128.5,5111.39990234375,5128.5,2195
2026-03-13 02:00:00+00:00,5127.89990234375,5132.39990234375,5126.5,5127.2998046875,1164
2026-03-13 02:15:00+00:00,5126.89990234375,5127.2001953125,5118.2998046875,5126.2001953125,1192
2026-03-13 02:30:00+00:00,5126.0,5126.0,5119.7998046875,5122.2001953125,477
2026-03-13 02:45:00+00:00,5122.0,5122.39990234375,5113.7001953125,5115.39990234375,869
2026-03-13 03:00:00+00:00,5115.7998046875,5119.5,5112.39990234375,5113.7001953125,941
2026-03-13 03:15:00+00:00,5114.60009765625,5117.60009765625,5111.2998046875,5113.5,466
2026-03-13 03:30:00+00:00,5113.7001953125,5115.39990234375,5109.39990234375,5114.2998046875,414
2026-03-13 03:45:00+00:00,5114.0,5120.0,5113.89990234375,5119.2001953125,508
2026-03-13 04:00:00+00:00,5118.89990234375,5121.10009765625,5115.7001953125,5117.60009765625,706
2026-03-13 04:15:00+00:00,5117.39990234375,5117.7001953125,5106.7998046875,5107.7001953125,385
2026-03-13 04:30:00+00:00,5108.89990234375,5110.2998046875,5105.5,5107.5,574
2026-03-13 04:45:00+00:00,5107.60009765625,5109.60009765625,5105.7998046875,5107.10009765625,372
2026-03-13 05:00:00+00:00,5107.39990234375,5112.2001953125,5105.7001953125,5112.0,842
2026-03-13 05:15:00+00:00,5111.60009765625,5113.60009765625,5107.89990234375,5108.89990234375,505
2026-03-13 05:30:00+00:00,5109.10009765625,5114.89990234375,5102.39990234375,5103.2001953125,1345
2026-03-13 05:45:00+00:00,5103.7001953125,5108.60009765625,5100.60009765625,5106.2001953125,1376
2026-03-13 06:00:00+00:00,5106.10009765625,5111.2998046875,5104.89990234375,5107.60009765625,933
2026-03-13 06:15:00+00:00,5107.2998046875,5107.89990234375,5092.0,5099.10009765625,1823
2026-03-13 06:30:00+00:00,5099.10009765625,5101.89990234375,5091.7001953125,5094.89990234375,1428
2026-03-13 06:45:00+00:00,5095.60009765625,5098.7001953125,5088.60009765625,5092.2001953125,1201
2026-03-13 07:00:00+00:00,5092.2001953125,5098.2998046875,5087.2001953125,5094.10009765625,1061
2026-03-13 07:15:00+00:00,5094.10009765625,5094.5,5075.5,5089.10009765625,2326
2026-03-13 07:30:00+00:00,5089.2001953125,5097.39990234375,5088.0,5093.89990234375,1187
2026-03-13 07:45:00+00:00,5093.39990234375,5096.89990234375,5086.60009765625,5089.5,1061
2026-03-13 08:00:00+00:00,5089.7998046875,5089.7998046875,5070.7001953125,5082.5,1986
2026-03-13 08:15:00+00:00,5082.2001953125,5083.89990234375,5066.0,5075.0,1954
2026-03-13 08:30:00+00:00,5074.89990234375,5088.89990234375,5074.89990234375,5081.2001953125,1663
2026-03-13 08:45:00+00:00,5080.60009765625,5092.7998046875,5080.2998046875,5092.2001953125,1010
2026-03-13 09:00:00+00:00,5092.2998046875,5101.89990234375,5091.0,5097.39990234375,1472
2026-03-13 09:15:00+00:00,5097.39990234375,5098.0,5088.7998046875,5096.60009765625,1076
2026-03-13 09:30:00+00:00,5096.89990234375,5097.60009765625,5087.89990234375,5089.89990234375,888
2026-03-13 09:45:00+00:00,5089.89990234375,5098.7001953125,5089.2998046875,5094.2998046875,667
2026-03-13 10:00:00+00:00,5094.0,5098.2001953125,5090.39990234375,5098.2001953125,782
2026-03-13 10:15:00+00:00,5098.2001953125,5101.39990234375,5093.0,5094.2001953125,795
2026-03-13 10:30:00+00:00,5093.89990234375,5094.39990234375,5085.0,5092.2998046875,1668
2026-03-13 10:45:00+00:00,5092.2998046875,5103.39990234375,5089.2998046875,5099.60009765625,1316
2026-03-13 11:00:00+00:00,5099.89990234375,5102.39990234375,5091.10009765625,5095.89990234375,1288
2026-03-13 11:15:00+00:00,5095.39990234375,5102.5,5094.10009765625,5100.60009765625,1074
2026-03-13 11:30:00+00:00,5100.89990234375,5101.10009765625,5096.89990234375,5099.2001953125,838
2026-03-13 11:45:00+00:00,5100.10009765625,5112.89990234375,5096.89990234375,5112.89990234375,1628
2026-03-13 12:00:00+00:00,5113.0,5124.2001953125,5112.7001953125,5114.2998046875,2235
2026-03-13 12:15:00+00:00,5113.89990234375,5121.2001953125,5109.7998046875,5119.60009765625,1611
2026-03-13 12:30:00+00:00,5121.7998046875,5122.89990234375,5114.39990234375,5118.2998046875,1670
2026-03-13 12:45:00+00:00,5118.60009765625,5128.5,5117.5,5124.39990234375,2145
2026-03-13 13:00:00+00:00,5124.60009765625,5127.89990234375,5116.10009765625,5118.7001953125,2295
2026-03-13 13:15:00+00:00,5118.89990234375,5121.10009765625,5113.2998046875,5114.60009765625,1185
2026-03-13 13:30:00+00:00,5114.2998046875,5118.5,5102.10009765625,5118.10009765625,3083
2026-03-13 13:45:00+00:00,5118.10009765625,5123.2001953125,5105.2998046875,5107.5,2355
2026-03-13 14:00:00+00:00,5107.10009765625,5114.10009765625,5095.2001953125,5095.2001953125,2941
2026-03-13 14:15:00+00:00,5095.5,5100.2998046875,5088.39990234375,5094.5,2759
2026-03-13 14:30:00+00:00,5094.2998046875,5097.2998046875,5079.39990234375,5084.5,3051
2026-03-13 14:45:00+00:00,5084.2001953125,5084.39990234375,5039.2998046875,5045.7998046875,8826
2026-03-13 15:00:00+00:00,5045.89990234375,5076.0,5042.2001953125,5074.2001953125,7946
2026-03-13 15:15:00+00:00,5073.7001953125,5076.2001953125,5061.5,5067.7001953125,2797
2026-03-13 15:30:00+00:00,5067.2998046875,5072.7998046875,5046.5,5051.89990234375,3223
2026-03-13 15:45:00+00:00,5050.89990234375,5062.10009765625,5032.2001953125,5039.10009765625,6634
2026-03-13 16:00:00+00:00,5038.7998046875,5045.10009765625,5022.7998046875,5036.39990234375,7124
2026-03-13 16:15:00+00:00,5035.7001953125,5045.89990234375,5034.2998046875,5044.7998046875,2770
2026-03-13 16:30:00+00:00,5045.2001953125,5057.0,5044.2001953125,5048.60009765625,2464
2026-03-13 16:45:00+00:00,5049.39990234375,5056.0,5045.60009765625,5050.60009765625,1605
2026-03-13 17:00:00+00:00,5050.10009765625,5061.39990234375,5047.7001953125,5061.0,1912
2026-03-13 17:15:00+00:00,5061.5,5066.2998046875,5056.10009765625,5060.5,5416
2026-03-13 17:30:00+00:00,5060.7998046875,5068.10009765625,5055.5,5057.89990234375,1526
2026-03-13 17:45:00+00:00,5057.7001953125,5059.7001953125,5047.5,5050.89990234375,1062
2026-03-13 18:00:00+00:00,5050.7998046875,5056.0,5045.2001953125,5046.60009765625,1016
2026-03-13 18:15:00+00:00,5047.2998046875,5050.5,5040.7001953125,5046.10009765625,1166
2026-03-13 18:30:00+00:00,5045.7001953125,5053.60009765625,5044.7998046875,5048.89990234375,1324
2026-03-13 18:45:00+00:00,5048.5,5050.89990234375,5045.7001953125,5050.89990234375,1066
2026-03-13 19:00:00+00:00,5050.89990234375,5054.2001953125,5038.2998046875,5044.39990234375,2334
2026-03-13 19:15:00+00:00,5044.89990234375,5045.0,5036.89990234375,5040.0,1588
2026-03-13 19:30:00+00:00,5040.0,5041.39990234375,5026.7998046875,5029.7001953125,1480
2026-03-13 19:45:00+00:00,5029.7001953125,5029.7001953125,5014.10009765625,5022.0,3575
2026-03-13 20:00:00+00:00,5022.2998046875,5026.60009765625,5017.2001953125,5021.5,1191
2026-03-13 20:15:00+00:00,5021.39990234375,5026.2998046875,5017.0,5018.7998046875,1046
2026-03-13 20:30:00+00:00,5018.5,5030.0,5017.7001953125,5029.10009765625,853
2026-03-13 20:45:00+00:00,5028.89990234375,5029.2001953125,5021.10009765625,5023.10009765625,934
2026-03-15 22:00:00+00:00,5027.60009765625,5029.89990234375,5022.10009765625,5026.89990234375,215
2026-03-15 22:15:00+00:00,5027.0,5027.2998046875,5003.0,5016.5,1227
2026-03-15 22:30:00+00:00,5015.7001953125,5021.5,5011.10009765625,5013.7998046875,1079
2026-03-15 22:45:00+00:00,5013.5,5029.39990234375,5013.5,5028.7998046875,600
2026-03-15 23:00:00+00:00,5028.0,5030.0,5004.5,5010.10009765625,1088
2026-03-15 23:15:00+00:00,5010.5,5011.2998046875,4970.10009765625,4992.7998046875,3113
2026-03-15 23:30:00+00:00,4993.60009765625,4996.0,4982.10009765625,4988.39990234375,857
2026-03-15 23:45:00+00:00,4987.89990234375,5002.2001953125,4975.2998046875,5000.60009765625,1393
2026-03-16 00:00:00+00:00,5001.10009765625,5032.89990234375,5000.0,5027.2998046875,2354
2026-03-16 00:15:00+00:00,5027.2001953125,5027.89990234375,5018.2998046875,5019.7998046875,623
2026-03-16 00:30:00+00:00,5021.7998046875,5035.39990234375,5018.7001953125,5032.0,1657
2026-03-16 00:45:00+00:00,5031.89990234375,5035.0,5021.2998046875,5030.39990234375,870
2026-03-16 01:00:00+00:00,5031.5,5031.5,4990.0,4990.2001953125,2330
2026-03-16 01:15:00+00:00,4990.0,5009.89990234375,4986.0,4992.2998046875,1935
2026-03-16 01:30:00+00:00,4992.2998046875,5009.2998046875,4986.10009765625,5008.2001953125,1368
2026-03-16 01:45:00+00:00,5008.7001953125,5020.2001953125,5007.10009765625,5020.0,862
2026-03-16 02:00:00+00:00,5019.39990234375,5022.7001953125,5013.5,5018.0,657
2026-03-16 02:15:00+00:00,5018.0,5022.0,5013.60009765625,5016.5,675
2026-03-16 02:30:00+00:00,5016.0,5016.7001953125,5005.89990234375,5009.60009765625,878
2026-03-16 02:45:00+00:00,5009.10009765625,5012.39990234375,5001.39990234375,5006.60009765625,744
2026-03-16 03:00:00+00:00,5007.2001953125,5010.60009765625,5001.5,5001.7998046875,880
2026-03-16 03:15:00+00:00,5002.2001953125,5015.0,5001.39990234375,5014.0,478
2026-03-16 03:30:00+00:00,5014.60009765625,5022.60009765625,5013.7001953125,5022.2001953125,634
2026-03-16 03:45:00+00:00,5022.60009765625,5024.2998046875,5019.39990234375,5022.5,361
2026-03-16 04:00:00+00:00,5023.2001953125,5029.89990234375,5022.7998046875,5027.89990234375,650
2026-03-16 04:15:00+00:00,5028.2001953125,5030.10009765625,5024.39990234375,5025.5,360
2026-03-16 04:30:00+00:00,5025.5,5028.7998046875,5018.5,5020.60009765625,411
2026-03-16 04:45:00+00:00,5020.10009765625,5021.0,5016.0,5016.5,135
2026-03-16 05:00:00+00:00,5016.39990234375,5020.0,5014.7998046875,5016.0,288
2026-03-16 05:15:00+00:00,5017.2001953125,5017.2001953125,5011.7998046875,5014.89990234375,511
2026-03-16 05:30:00+00:00,5014.2998046875,5021.60009765625,5006.89990234375,5020.10009765625,865
2026-03-16 05:45:00+00:00,5019.7998046875,5024.0,5019.39990234375,5021.10009765625,535
2026-03-16 06:00:00+00:00,5021.0,5031.60009765625,5016.7998046875,5030.7998046875,1176
2026-03-16 06:15:00+00:00,5030.7001953125,5039.7998046875,5029.39990234375,5031.5,1311
2026-03-16 06:30:00+00:00,5031.7998046875,5033.2001953125,5024.5,5026.60009765625,797
2026-03-16 06:45:00+00:00,5026.0,5026.7001953125,5008.5,5016.2001953125,1935
2026-03-16 07:00:00+00:00,5016.10009765625,5020.0,5013.2998046875,5013.60009765625,644
2026-03-16 07:15:00+00:00,5013.0,5013.2998046875,5002.5,5006.60009765625,2262
2026-03-16 07:30:00+00:00,5007.2998046875,5011.7001953125,4992.89990234375,4995.7001953125,2840
2026-03-16 07:45:00+00:00,4996.2001953125,5003.60009765625,4996.2001953125,4998.89990234375,1110
2026-03-16 08:00:00+00:00,4998.7001953125,5004.7001953125,4991.60009765625,4993.10009765625,2251
2026-03-16 08:15:00+00:00,4992.7001953125,5008.0,4991.60009765625,5001.2001953125,2549
2026-03-16 08:30:00+00:00,5001.10009765625,5002.5,4988.2001953125,4990.7998046875,1848
2026-03-16 08:45:00+00:00,4990.39990234375,5001.5,4989.2001953125,4995.0,1420
2026-03-16 09:00:00+00:00,4994.10009765625,4995.0,4983.5,4988.60009765625,3649
2026-03-16 09:15:00+00:00,4988.2001953125,4994.2001953125,4987.5,4992.39990234375,1285
2026-03-16 09:30:00+00:00,4992.7001953125,4995.60009765625,4985.10009765625,4985.7001953125,2381
2026-03-16 09:45:00+00:00,4985.2001953125,4989.2998046875,4976.5,4979.39990234375,2266
2026-03-16 10:00:00+00:00,4979.7001953125,4983.7001953125,4973.5,4980.7001953125,1843
2026-03-16 10:15:00+00:00,4980.2998046875,4995.7001953125,4980.2001953125,4990.7001953125,1994
2026-03-16 10:30:00+00:00,4991.5,4994.2998046875,4985.0,4990.39990234375,1884
2026-03-16 10:45:00+00:00,4990.0,5005.2998046875,4988.7001953125,5004.2001953125,2139
2026-03-16 11:00:00+00:00,5004.2998046875,5013.10009765625,5001.0,5007.7001953125,1773
2026-03-16 11:15:00+00:00,5008.0,5028.2001953125,5007.89990234375,5024.10009765625,2763
2026-03-16 11:30:00+00:00,5024.10009765625,5025.2998046875,5018.5,5020.7998046875,1257
2026-03-16 11:45:00+00:00,5020.89990234375,5023.5,4996.7998046875,5001.89990234375,3556
2026-03-16 12:00:00+00:00,5001.7001953125,5012.0,4999.5,5010.60009765625,1740
2026-03-16 12:15:00+00:00,5010.39990234375,5030.60009765625,5007.89990234375,5028.2998046875,5525
2026-03-16 12:30:00+00:00,5028.2001953125,5033.5,5024.0,5027.2998046875,2756
2026-03-16 12:45:00+00:00,5027.5,5027.60009765625,5016.2001953125,5024.89990234375,3032
2026-03-16 13:00:00+00:00,5025.39990234375,5028.7998046875,5018.7998046875,5027.7001953125,1738
2026-03-16 13:15:00+00:00,5027.7998046875,5036.5,5024.2001953125,5027.0,4218
2026-03-16 13:30:00+00:00,5027.10009765625,5041.2998046875,5023.39990234375,5038.0,3485
2026-03-16 13:45:00+00:00,5037.5,5039.89990234375,5029.0,5035.7001953125,3467
2026-03-16 14:00:00+00:00,5035.7998046875,5044.5,5033.0,5034.10009765625,3750
2026-03-16 14:15:00+00:00,5034.7001953125,5036.0,5020.39990234375,5020.39990234375,3034
2026-03-16 14:30:00+00:00,5020.39990234375,5021.2001953125,5005.5,5006.39990234375,3993
2026-03-16 14:45:00+00:00,5006.5,5007.60009765625,4992.10009765625,5000.7998046875,5380
2026-03-16 15:00:00+00:00,5000.39990234375,5007.5,4994.7001953125,5003.60009765625,5285
2026-03-16 15:15:00+00:00,5003.2001953125,5010.89990234375,4988.5,4997.0,3480
2026-03-16 15:30:00+00:00,4996.7001953125,5008.7001953125,4995.2001953125,5001.89990234375,2976
2026-03-16 15:45:00+00:00,5001.7001953125,5004.2001953125,4988.60009765625,4991.89990234375,3038
2026-03-16 16:00:00+00:00,4991.5,5004.2001953125,4990.5,5001.7001953125,1582
2026-03-16 16:15:00+00:00,5001.2998046875,5003.39990234375,4982.7998046875,4984.5,3121
2026-03-16 16:30:00+00:00,4985.0,4995.10009765625,4978.60009765625,4992.60009765625,3361
2026-03-16 16:45:00+00:00,4992.2001953125,4998.2001953125,4988.2001953125,4995.89990234375,1400
2026-03-16 17:00:00+00:00,4996.10009765625,5009.60009765625,4995.89990234375,5007.7998046875,2484
2026-03-16 17:15:00+00:00,5007.5,5008.5,5000.0,5001.60009765625,3320
2026-03-16 17:30:00+00:00,5001.2998046875,5002.2001953125,4991.0,4993.0,1736
2026-03-16 17:45:00+00:00,4993.89990234375,4998.2001953125,4989.5,4996.7001953125,951
2026-03-16 18:00:00+00:00,4997.0,5007.0,4995.7998046875,5004.7998046875,1849
2026-03-16 18:15:00+00:00,5005.5,5014.10009765625,5003.2001953125,5012.7001953125,1276
2026-03-16 18:30:00+00:00,5012.2001953125,5021.7001953125,5011.39990234375,5020.7998046875,1530
2026-03-16 18:45:00+00:00,5020.89990234375,5024.0,5017.7998046875,5018.89990234375,985
2026-03-16 19:00:00+00:00,5018.7001953125,5026.5,5014.7998046875,5017.89990234375,1600
2026-03-16 19:15:00+00:00,5017.7001953125,5021.5,5015.60009765625,5016.39990234375,666
2026-03-16 19:30:00+00:00,5016.2998046875,5020.60009765625,5014.0,5016.2998046875,767
2026-03-16 19:45:00+00:00,5016.7998046875,5021.89990234375,5014.5,5019.2998046875,1123
2026-03-16 20:00:00+00:00,5018.89990234375,5028.0,5014.2001953125,5022.89990234375,1015
2026-03-16 20:15:00+00:00,5022.7001953125,5023.7001953125,5020.10009765625,5020.2001953125,328
2026-03-16 20:30:00+00:00,5020.0,5020.2998046875,5013.60009765625,5015.10009765625,426
2026-03-16 20:45:00+00:00,5014.7998046875,5016.7998046875,5010.7998046875,5011.2998046875,639
2026-03-16 22:00:00+00:00,5012.2001953125,5021.89990234375,5006.5,5009.60009765625,332
2026-03-16 22:15:00+00:00,5009.2998046875,5013.60009765625,5004.2001953125,5006.7998046875,402
2026-03-16 22:30:00+00:00,5007.60009765625,5010.2001953125,5003.89990234375,5006.7998046875,175
2026-03-16 22:45:00+00:00,5006.5,5011.5,5005.7001953125,5007.60009765625,247
2026-03-16 23:00:00+00:00,5007.2001953125,5011.5,5007.0,5011.2998046875,168
2026-03-16 23:15:00+00:00,5010.89990234375,5015.0,5010.2998046875,5014.5,185
2026-03-16 23:30:00+00:00,5014.89990234375,5019.2001953125,5013.5,5013.60009765625,629
2026-03-16 23:45:00+00:00,5013.89990234375,5021.0,5011.5,5018.0,300
2026-03-17 00:00:00+00:00,5018.0,5019.2998046875,5006.89990234375,5010.89990234375,799
2026-03-17 00:15:00+00:00,5010.7001953125,5015.0,5004.89990234375,5008.39990234375,431
2026-03-17 00:30:00+00:00,5008.2998046875,5011.5,5002.5,5006.39990234375,306
2026-03-17 00:45:00+00:00,5005.7001953125,5010.2998046875,5002.2998046875,5007.10009765625,339
2026-03-17 01:00:00+00:00,5006.2998046875,5016.60009765625,4998.7001953125,5013.7998046875,1209
2026-03-17 01:15:00+00:00,5014.2998046875,5018.5,5011.2001953125,5017.5,543
2026-03-17 01:30:00+00:00,5017.0,5024.2001953125,5015.39990234375,5021.7998046875,889
2026-03-17 01:45:00+00:00,5021.60009765625,5032.7001953125,5021.0,5032.10009765625,1052
2026-03-17 02:00:00+00:00,5032.2998046875,5034.10009765625,5024.7001953125,5025.2998046875,678
2026-03-17 02:15:00+00:00,5026.2001953125,5029.7998046875,5024.10009765625,5029.7998046875,365
2026-03-17 02:30:00+00:00,5029.60009765625,5033.39990234375,5025.7998046875,5033.0,428
2026-03-17 02:45:00+00:00,5033.5,5033.5,5025.60009765625,5026.2001953125,312
2026-03-17 03:00:00+00:00,5026.0,5029.5,5024.2001953125,5026.39990234375,272
2026-03-17 03:15:00+00:00,5026.2998046875,5036.7998046875,5026.0,5036.5,581
2026-03-17 03:30:00+00:00,5036.7001953125,5037.5,5031.10009765625,5032.2001953125,495
2026-03-17 03:45:00+00:00,5032.2998046875,5034.10009765625,5029.7001953125,5030.2998046875,350
2026-03-17 04:00:00+00:00,5031.10009765625,5034.0,5030.5,5033.2001953125,170
2026-03-17 04:15:00+00:00,5033.39990234375,5037.10009765625,5030.10009765625,5036.89990234375,334
2026-03-17 04:30:00+00:00,5036.89990234375,5046.7001953125,5036.2001953125,5044.5,1073
2026-03-17 04:45:00+00:00,5044.7001953125,5046.7001953125,5041.60009765625,5042.39990234375,767
2026-03-17 05:00:00+00:00,5043.10009765625,5045.7001953125,5036.7001953125,5044.89990234375,802
2026-03-17 05:15:00+00:00,5045.39990234375,5049.39990234375,5038.2998046875,5040.2998046875,1028
2026-03-17 05:30:00+00:00,5040.2001953125,5044.60009765625,5036.0,5036.89990234375,882
2026-03-17 05:45:00+00:00,5037.10009765625,5037.60009765625,5024.2998046875,5024.5,1313
2026-03-17 06:00:00+00:00,5025.2998046875,5027.0,5011.0,5016.7001953125,2180
2026-03-17 06:15:00+00:00,5017.10009765625,5018.60009765625,5009.0,5015.89990234375,1256
2026-03-17 06:30:00+00:00,5015.60009765625,5021.10009765625,5014.2001953125,5018.7998046875,549
2026-03-17 06:45:00+00:00,5019.10009765625,5019.7998046875,5012.2001953125,5013.89990234375,1016
2026-03-17 07:00:00+00:00,5013.7001953125,5021.10009765625,5013.10009765625,5018.2998046875,1347
2026-03-17 07:15:00+00:00,5018.10009765625,5022.89990234375,5013.0,5020.60009765625,1094
2026-03-17 07:30:00+00:00,5020.5,5031.89990234375,5020.2001953125,5026.7998046875,1366
2026-03-17 07:45:00+00:00,5027.10009765625,5029.2998046875,5021.10009765625,5025.0,875
2026-03-17 08:00:00+00:00,5025.2001953125,5029.7998046875,5022.5,5025.7001953125,1322
2026-03-17 08:15:00+00:00,5025.10009765625,5033.5,5023.10009765625,5025.2001953125,1196
2026-03-17 08:30:00+00:00,5025.2998046875,5029.39990234375,5022.89990234375,5026.0,955
2026-03-17 08:45:00+00:00,5026.39990234375,5029.7001953125,5022.2998046875,5029.0,1040
2026-03-17 09:00:00+00:00,5029.2001953125,5030.2998046875,5017.7001953125,5018.2001953125,1482
2026-03-17 09:15:00+00:00,5018.2998046875,5023.7998046875,5016.39990234375,5022.10009765625,1432
2026-03-17 09:30:00+00:00,5021.5,5022.7998046875,5015.2001953125,5018.5,1028
2026-03-17 09:45:00+00:00,5018.10009765625,5020.0,5014.39990234375,5014.7001953125,836
2026-03-17 10:00:00+00:00,5014.7001953125,5020.7001953125,5005.39990234375,5008.2998046875,2379
2026-03-17 10:15:00+00:00,5008.2001953125,5013.5,5005.7001953125,5008.10009765625,1273
2026-03-17 10:30:00+00:00,5007.7998046875,5014.10009765625,4994.7998046875,5003.2001953125,2978
2026-03-17 10:45:00+00:00,5002.7998046875,5008.89990234375,4999.0,5004.39990234375,1519
2026-03-17 11:00:00+00:00,5004.0,5010.2998046875,5001.0,5009.10009765625,1238
2026-03-17 11:15:00+00:00,5009.39990234375,5014.39990234375,5009.10009765625,5011.39990234375,954
2026-03-17 11:30:00+00:00,5011.5,5014.2998046875,5008.2998046875,5013.7998046875,673
2026-03-17 11:45:00+00:00,5013.89990234375,5016.10009765625,5006.2001953125,5007.2998046875,1265
2026-03-17 12:00:00+00:00,5007.0,5014.39990234375,5003.2998046875,5013.0,1637
2026-03-17 12:15:00+00:00,5013.39990234375,5025.5,5013.0,5024.89990234375,2140
2026-03-17 12:30:00+00:00,5025.0,5029.0,5021.2001953125,5022.39990234375,2272
2026-03-17 12:45:00+00:00,5023.0,5023.0,5014.7001953125,5016.2998046875,2009
2026-03-17 13:00:00+00:00,5016.60009765625,5022.89990234375,5015.0,5021.2001953125,1778
2026-03-17 13:15:00+00:00,5021.2001953125,5024.2998046875,5015.2001953125,5017.10009765625,1873
2026-03-17 13:30:00+00:00,5017.5,5036.7001953125,5015.89990234375,5032.7001953125,5117
2026-03-17 13:45:00+00:00,5032.5,5033.2001953125,5010.60009765625,5021.89990234375,3239
2026-03-17 14:00:00+00:00,5021.60009765625,5026.5,5014.60009765625,5023.7001953125,1894
2026-03-17 14:15:00+00:00,5023.60009765625,5024.10009765625,5011.39990234375,5013.2001953125,1736
2026-03-17 14:30:00+00:00,5012.89990234375,5019.5,5007.2001953125,5018.0,2391
2026-03-17 14:45:00+00:00,5018.2001953125,5024.2998046875,5011.7001953125,5012.5,2034
2026-03-17 15:00:00+00:00,5011.89990234375,5022.2001953125,5010.7001953125,5012.89990234375,3076
2026-03-17 15:15:00+00:00,5013.2998046875,5019.7001953125,4997.7001953125,4999.0,3419
2026-03-17 15:30:00+00:00,4999.5,5005.2001953125,4977.0,4988.60009765625,6684
2026-03-17 15:45:00+00:00,4988.5,5003.60009765625,4988.0,5002.60009765625,2880
2026-03-17 16:00:00+00:00,5002.5,5003.60009765625,4995.60009765625,4998.39990234375,1496
2026-03-17 16:15:00+00:00,4998.89990234375,5010.0,4997.10009765625,5008.2001953125,2386
2026-03-17 16:30:00+00:00,5008.39990234375,5010.2998046875,5004.2998046875,5006.60009765625,1865
2026-03-17 16:45:00+00:00,5006.7001953125,5008.2998046875,5002.0,5006.39990234375,1205
2026-03-17 17:00:00+00:00,5006.5,5011.39990234375,5006.10009765625,5008.2998046875,2055
2026-03-17 17:15:00+00:00,5008.5,5013.7001953125,5006.10009765625,5007.39990234375,2164
2026-03-17 17:30:00+00:00,5007.39990234375,5011.2001953125,5002.10009765625,5002.2998046875,2426
2026-03-17 17:45:00+00:00,5002.5,5008.2001953125,5001.0,5007.0,599
2026-03-17 18:00:00+00:00,5007.39990234375,5012.39990234375,5005.5,5011.0,827
2026-03-17 18:15:00+00:00,5011.10009765625,5013.5,5008.10009765625,5008.2001953125,718
2026-03-17 18:30:00+00:00,5008.0,5008.5,5003.89990234375,5006.7998046875,632
2026-03-17 18:45:00+00:00,5007.2001953125,5012.2001953125,5006.7001953125,5007.5,600
2026-03-17 19:00:00+00:00,5007.10009765625,5009.39990234375,5004.0,5005.2001953125,688
2026-03-17 19:15:00+00:00,5005.2998046875,5006.39990234375,5002.2998046875,5004.0,777
2026-03-17 19:30:00+00:00,5004.2001953125,5008.0,5000.39990234375,5006.10009765625,965
2026-03-17 19:45:00+00:00,5006.5,5007.5,5002.89990234375,5005.10009765625,872
2026-03-17 20:00:00+00:00,5004.89990234375,5011.0,5004.7001953125,5008.2998046875,538
2026-03-17 20:15:00+00:00,5008.2001953125,5009.60009765625,5006.60009765625,5008.60009765625,257
2026-03-17 20:30:00+00:00,5008.60009765625,5009.7001953125,5007.60009765625,5008.5,227
2026-03-17 20:45:00+00:00,5008.39990234375,5011.60009765625,5006.0,5011.2998046875,671
2026-03-17 22:00:00+00:00,5010.60009765625,5011.2001953125,5001.10009765625,5006.39990234375,123
2026-03-17 22:15:00+00:00,5007.0,5008.7998046875,5004.0,5006.2998046875,126
2026-03-17 22:30:00+00:00,5005.5,5005.5,4999.10009765625,4999.89990234375,275
2026-03-17 22:45:00+00:00,5000.2998046875,5007.10009765625,4996.89990234375,5003.60009765625,477
2026-03-17 23:00:00+00:00,5003.39990234375,5007.10009765625,5002.2001953125,5002.89990234375,177
2026-03-17 23:15:00+00:00,5003.0,5005.5,5002.7001953125,5003.7001953125,210
2026-03-17 23:30:00+00:00,5003.7998046875,5007.89990234375,5003.60009765625,5005.7001953125,161
2026-03-17 23:45:00+00:00,5006.0,5007.0,5005.0,5006.60009765625,39
2026-03-18 00:00:00+00:00,5006.60009765625,5017.2998046875,5005.0,5014.0,1068
2026-03-18 00:15:00+00:00,5014.7998046875,5016.5,5007.0,5007.39990234375,566
2026-03-18 00:30:00+00:00,5006.89990234375,5009.39990234375,5004.7001953125,5008.7998046875,1018
2026-03-18 00:45:00+00:00,5008.7001953125,5012.7998046875,5005.60009765625,5008.39990234375,522
2026-03-18 01:00:00+00:00,5008.89990234375,5021.0,5002.0,5016.89990234375,1876
2026-03-18 01:15:00+00:00,5016.89990234375,5022.0,5012.2998046875,5012.7998046875,729
2026-03-18 01:30:00+00:00,5012.39990234375,5014.10009765625,5005.7998046875,5005.7998046875,863
2026-03-18 01:45:00+00:00,5005.7998046875,5005.7998046875,4994.2998046875,5002.2001953125,1658
2026-03-18 02:00:00+00:00,5002.2001953125,5005.7998046875,4999.7001953125,5002.7001953125,499
2026-03-18 02:15:00+00:00,5003.0,5010.7001953125,5002.2998046875,5005.60009765625,459
2026-03-18 02:30:00+00:00,5006.0,5007.0,5003.2001953125,5004.89990234375,328
2026-03-18 02:45:00+00:00,5005.39990234375,5007.39990234375,4993.0,4994.89990234375,901
2026-03-18 03:00:00+00:00,4994.89990234375,4999.7001953125,4988.5,4997.10009765625,1206
2026-03-18 03:15:00+00:00,4997.60009765625,5000.0,4996.7998046875,4999.2998046875,338
2026-03-18 03:30:00+00:00,4999.5,5000.89990234375,4996.89990234375,4997.5,271
2026-03-18 03:45:00+00:00,4998.10009765625,4998.2998046875,4991.7998046875,4992.7001953125,273
2026-03-18 04:00:00+00:00,4994.5,4995.7998046875,4992.39990234375,4994.10009765625,333
2026-03-18 04:15:00+00:00,4993.89990234375,4997.0,4993.39990234375,4993.39990234375,347
2026-03-18 04:30:00+00:00,4994.0,4994.0,4984.89990234375,4987.5,1262
2026-03-18 04:45:00+00:00,4987.7001953125,4990.39990234375,4985.2998046875,4989.89990234375,637
2026-03-18 05:00:00+00:00,4990.39990234375,4995.0,4987.7001953125,4993.7001953125,928
2026-03-18 05:15:00+00:00,4993.10009765625,4996.2998046875,4988.7001953125,4994.0,741
2026-03-18 05:30:00+00:00,4994.2998046875,5004.5,4990.5,5002.39990234375,1355
2026-03-18 05:45:00+00:00,5002.10009765625,5006.2001953125,4998.0,5001.10009765625,758
2026-03-18 06:00:00+00:00,5000.39990234375,5013.0,4999.60009765625,5012.7998046875,1020
2026-03-18 06:15:00+00:00,5013.0,5015.0,5010.7001953125,5012.5,1113
2026-03-18 06:30:00+00:00,5012.7998046875,5020.5,5012.7001953125,5015.39990234375,1266
2026-03-18 06:45:00+00:00,5015.10009765625,5018.7001953125,5012.2998046875,5013.7998046875,1045
2026-03-18 07:00:00+00:00,5014.10009765625,5019.39990234375,5013.7001953125,5014.2998046875,681
2026-03-18 07:15:00+00:00,5014.0,5014.39990234375,5010.2998046875,5013.2998046875,751
2026-03-18 07:30:00+00:00,5013.5,5014.0,5005.2001953125,5006.10009765625,769
2026-03-18 07:45:00+00:00,5005.7001953125,5006.2998046875,4994.7001953125,4999.10009765625,1733
2026-03-18 08:00:00+00:00,4999.0,5001.7001953125,4991.5,4996.7001953125,3161
2026-03-18 08:15:00+00:00,4997.10009765625,4999.60009765625,4987.5,4993.2001953125,1822
2026-03-18 08:30:00+00:00,4992.7998046875,4996.10009765625,4988.10009765625,4989.10009765625,1621
2026-03-18 08:45:00+00:00,4989.0,4994.0,4981.10009765625,4990.7001953125,4124
2026-03-18 09:00:00+00:00,4991.10009765625,4994.7001953125,4989.7001953125,4990.2998046875,1037
2026-03-18 09:15:00+00:00,4990.2998046875,4998.5,4988.7001953125,4996.60009765625,1572
2026-03-18 09:30:00+00:00,4996.7998046875,5000.0,4996.0,4998.10009765625,815
2026-03-18 09:45:00+00:00,4998.0,4999.60009765625,4995.0,4996.39990234375,602
2026-03-18 10:00:00+00:00,4996.2998046875,4996.39990234375,4991.89990234375,4993.60009765625,1422
2026-03-18 10:15:00+00:00,4993.7001953125,4995.2998046875,4985.10009765625,4986.89990234375,1039
2026-03-18 10:30:00+00:00,4986.7998046875,4991.89990234375,4963.5,4981.7998046875,5948
2026-03-18 10:45:00+00:00,4981.39990234375,4984.39990234375,4962.60009765625,4971.7001953125,2921
2026-03-18 11:00:00+00:00,4971.7001953125,4974.39990234375,4953.60009765625,4973.39990234375,4546
2026-03-18 11:15:00+00:00,4973.39990234375,4977.7001953125,4950.0,4952.2998046875,2914
2026-03-18 11:30:00+00:00,4952.0,4965.7001953125,4935.39990234375,4942.7001953125,6177
2026-03-18 11:45:00+00:00,4942.10009765625,4948.7998046875,4928.0,4933.2998046875,4898
2026-03-18 12:00:00+00:00,4933.89990234375,4935.89990234375,4908.10009765625,4911.2998046875,7270
2026-03-18 12:15:00+00:00,4910.89990234375,4915.7998046875,4897.2998046875,4903.7001953125,6984
2026-03-18 12:30:00+00:00,4905.7001953125,4906.0,4877.0,4880.7998046875,10672
2026-03-18 12:45:00+00:00,4881.2998046875,4894.7998046875,4873.0,4884.39990234375,5958
2026-03-18 13:00:00+00:00,4884.0,4884.2001953125,4851.2001953125,4861.60009765625,10847
2026-03-18 13:15:00+00:00,4861.2001953125,4868.89990234375,4837.10009765625,4864.2001953125,6890
2026-03-18 13:30:00+00:00,4864.5,4889.2001953125,4852.89990234375,4876.7998046875,7836
2026-03-18 13:45:00+00:00,4876.5,4884.0,4863.60009765625,4881.7998046875,4469
2026-03-18 14:00:00+00:00,4881.89990234375,4899.0,4875.7001953125,4884.5,5555
2026-03-18 14:15:00+00:00,4884.7001953125,4887.2998046875,4862.10009765625,4863.7998046875,3692
2026-03-18 14:30:00+00:00,4864.2998046875,4868.39990234375,4859.39990234375,4864.7998046875,3220
2026-03-18 14:45:00+00:00,4864.10009765625,4876.10009765625,4863.60009765625,4873.10009765625,2153
2026-03-18 15:00:00+00:00,4872.89990234375,4881.7998046875,4869.10009765625,4879.0,2742
2026-03-18 15:15:00+00:00,4879.2001953125,4883.60009765625,4870.60009765625,4875.39990234375,2362
2026-03-18 15:30:00+00:00,4875.0,4879.0,4867.89990234375,4868.2001953125,1352
2026-03-18 15:45:00+00:00,4867.7998046875,4870.5,4864.5,4866.2998046875,1624
2026-03-18 16:00:00+00:00,4866.2001953125,4883.2998046875,4864.7001953125,4881.7001953125,1863
2026-03-18 16:15:00+00:00,4881.7001953125,4887.2001953125,4877.7998046875,4886.7001953125,1300
2026-03-18 16:30:00+00:00,4886.7001953125,4887.0,4877.2001953125,4886.60009765625,1923
2026-03-18 16:45:00+00:00,4886.60009765625,4894.7998046875,4884.0,4891.2001953125,2248
2026-03-18 17:00:00+00:00,4891.39990234375,4894.5,4888.10009765625,4891.2001953125,1436
2026-03-18 17:15:00+00:00,4891.5,4902.60009765625,4889.60009765625,4895.39990234375,4238
2026-03-18 17:30:00+00:00,4895.7001953125,4904.0,4891.5,4899.39990234375,3057
2026-03-18 17:45:00+00:00,4899.0,4900.39990234375,4893.5,4895.10009765625,1820
2026-03-18 18:00:00+00:00,4895.2001953125,4904.5,4885.10009765625,4891.7998046875,3651
2026-03-18 18:15:00+00:00,4891.7998046875,4894.39990234375,4880.7998046875,4890.10009765625,2377
2026-03-18 18:30:00+00:00,4890.2001953125,4892.7001953125,4876.60009765625,4882.89990234375,2903
2026-03-18 18:45:00+00:00,4882.0,4882.7001953125,4856.2001953125,4857.2998046875,3164
2026-03-18 19:00:00+00:00,4856.89990234375,4865.0,4847.0,4860.60009765625,4097
2026-03-18 19:15:00+00:00,4861.10009765625,4868.89990234375,4847.0,4852.39990234375,2498
2026-03-18 19:30:00+00:00,4852.2001953125,4864.10009765625,4849.7998046875,4854.39990234375,1610
2026-03-18 19:45:00+00:00,4854.5,4855.0,4841.39990234375,4846.7998046875,2908
2026-03-18 20:00:00+00:00,4846.5,4852.10009765625,4827.60009765625,4829.5,2074
2026-03-18 20:15:00+00:00,4829.2001953125,4831.89990234375,4811.60009765625,4814.2998046875,2728
2026-03-18 20:30:00+00:00,4813.7001953125,4825.0,4809.2998046875,4824.2998046875,2118
2026-03-18 20:45:00+00:00,4824.7001953125,4830.7001953125,4820.2998046875,4823.89990234375,995
2026-03-18 22:00:00+00:00,4828.0,4839.89990234375,4817.7001953125,4821.10009765625,701
2026-03-18 22:15:00+00:00,4820.39990234375,4827.5,4806.0,4818.0,1373
2026-03-18 22:30:00+00:00,4818.5,4832.0,4811.60009765625,4830.2998046875,765
2026-03-18 22:45:00+00:00,4828.7001953125,4842.0,4828.2998046875,4837.10009765625,848
2026-03-18 23:00:00+00:00,4836.5,4839.60009765625,4831.5,4836.7001953125,501
2026-03-18 23:15:00+00:00,4836.10009765625,4843.10009765625,4830.5,4839.7998046875,643
2026-03-18 23:30:00+00:00,4839.2001953125,4845.0,4836.10009765625,4836.7001953125,411
2026-03-18 23:45:00+00:00,4836.2001953125,4840.5,4832.0,4839.2001953125,382
2026-03-19 00:00:00+00:00,4838.39990234375,4850.7998046875,4837.60009765625,4845.60009765625,841
2026-03-19 00:15:00+00:00,4845.7998046875,4846.0,4838.39990234375,4844.2001953125,521
2026-03-19 00:30:00+00:00,4843.5,4850.60009765625,4839.7001953125,4842.89990234375,798
2026-03-19 00:45:00+00:00,4842.60009765625,4847.7001953125,4839.10009765625,4842.60009765625,547
2026-03-19 01:00:00+00:00,4842.2998046875,4855.0,4833.7001953125,4840.2001953125,1511
2026-03-19 01:15:00+00:00,4838.7998046875,4847.2001953125,4834.5,4847.2001953125,1036
2026-03-19 01:30:00+00:00,4847.10009765625,4868.7001953125,4844.0,4866.89990234375,1798
2026-03-19 01:45:00+00:00,4866.7001953125,4867.2001953125,4850.39990234375,4851.2998046875,1213
2026-03-19 02:00:00+00:00,4851.2001953125,4853.5,4842.60009765625,4850.2998046875,908
2026-03-19 02:15:00+00:00,4850.7998046875,4859.2001953125,4849.39990234375,4858.60009765625,634
2026-03-19 02:30:00+00:00,4858.5,4863.39990234375,4855.0,4863.39990234375,580
2026-03-19 02:45:00+00:00,4863.0,4863.2998046875,4854.89990234375,4859.5,662
2026-03-19 03:00:00+00:00,4859.7998046875,4866.60009765625,4856.5,4865.7001953125,684
2026-03-19 03:15:00+00:00,4865.60009765625,4867.39990234375,4858.10009765625,4861.7001953125,494
2026-03-19 03:30:00+00:00,4861.2998046875,4861.7998046875,4853.7001953125,4857.2998046875,346
2026-03-19 03:45:00+00:00,4857.2001953125,4858.2998046875,4852.2998046875,4852.7001953125,514
2026-03-19 04:00:00+00:00,4852.39990234375,4853.2998046875,4848.7001953125,4852.39990234375,410
2026-03-19 04:15:00+00:00,4852.2001953125,4855.2001953125,4851.10009765625,4851.2998046875,268
2026-03-19 04:30:00+00:00,4851.89990234375,4854.39990234375,4849.60009765625,4850.7998046875,263
2026-03-19 04:45:00+00:00,4850.7001953125,4852.10009765625,4847.0,4851.7998046875,252
2026-03-19 05:00:00+00:00,4851.5,4855.39990234375,4848.10009765625,4852.10009765625,667
2026-03-19 05:15:00+00:00,4852.5,4855.7001953125,4848.0,4849.10009765625,528
2026-03-19 05:30:00+00:00,4848.10009765625,4848.2998046875,4833.7001953125,4835.0,1807
2026-03-19 05:45:00+00:00,4835.2001953125,4841.7001953125,4828.10009765625,4829.2001953125,1296
2026-03-19 06:00:00+00:00,4829.10009765625,4844.2001953125,4828.89990234375,4834.2998046875,1145
2026-03-19 06:15:00+00:00,4834.89990234375,4835.5,4813.7998046875,4815.2998046875,1789
2026-03-19 06:30:00+00:00,4815.60009765625,4821.5,4782.39990234375,4788.7998046875,4752
2026-03-19 06:45:00+00:00,4788.7998046875,4791.0,4749.0,4765.2001953125,6605
2026-03-19 07:00:00+00:00,4765.2998046875,4786.0,4765.10009765625,4779.2998046875,2208
2026-03-19 07:15:00+00:00,4781.0,4783.5,4759.2001953125,4772.60009765625,2581
2026-03-19 07:30:00+00:00,4772.0,4773.39990234375,4736.2001953125,4741.10009765625,3250
2026-03-19 07:45:00+00:00,4740.7998046875,4756.2001953125,4727.2998046875,4729.60009765625,3315
2026-03-19 08:00:00+00:00,4729.2998046875,4742.2001953125,4703.0,4715.89990234375,4938
2026-03-19 08:15:00+00:00,4717.0,4738.60009765625,4714.7998046875,4720.2998046875,3619
2026-03-19 08:30:00+00:00,4719.7998046875,4724.0,4688.0,4690.2998046875,4691
2026-03-19 08:45:00+00:00,4689.39990234375,4721.10009765625,4688.39990234375,4710.60009765625,2866
2026-03-19 09:00:00+00:00,4711.2001953125,4723.0,4690.2998046875,4697.2001953125,3058
2026-03-19 09:15:00+00:00,4697.60009765625,4724.89990234375,4695.7998046875,4711.60009765625,3864
2026-03-19 09:30:00+00:00,4710.7998046875,4728.10009765625,4705.60009765625,4707.2001953125,2658
2026-03-19 09:45:00+00:00,4707.10009765625,4719.60009765625,4698.10009765625,4701.10009765625,3206
2026-03-19 10:00:00+00:00,4700.60009765625,4722.0,4699.60009765625,4707.7998046875,2706
2026-03-19 10:15:00+00:00,4707.0,4708.10009765625,4672.5,4685.60009765625,4020
2026-03-19 10:30:00+00:00,4685.7001953125,4703.2998046875,4676.2998046875,4686.7998046875,3759
2026-03-19 10:45:00+00:00,4686.2998046875,4692.39990234375,4669.39990234375,4681.89990234375,5956
2026-03-19 11:00:00+00:00,4682.2998046875,4702.7001953125,4681.7001953125,4689.60009765625,4951
2026-03-19 11:15:00+00:00,4689.2001953125,4696.0,4679.5,4689.7001953125,2609
2026-03-19 11:30:00+00:00,4689.89990234375,4699.5,4660.7001953125,4667.5,4782
2026-03-19 11:45:00+00:00,4667.10009765625,4671.0,4652.39990234375,4654.39990234375,4540
2026-03-19 12:00:00+00:00,4654.89990234375,4657.0,4611.2998046875,4621.10009765625,8534
2026-03-19 12:15:00+00:00,4621.39990234375,4633.5,4605.0,4608.5,7775
2026-03-19 12:30:00+00:00,4608.5,4620.7998046875,4561.7998046875,4565.2001953125,12090
2026-03-19 12:45:00+00:00,4565.2998046875,4588.5,4533.10009765625,4577.2998046875,11830
2026-03-19 13:00:00+00:00,4576.10009765625,4576.10009765625,4505.0,4541.10009765625,15225
2026-03-19 13:15:00+00:00,4540.89990234375,4584.0,4525.7001953125,4578.89990234375,8344
2026-03-19 13:30:00+00:00,4579.39990234375,4585.60009765625,4548.5,4561.60009765625,6992
2026-03-19 13:45:00+00:00,4561.0,4625.0,4540.7001953125,4624.0,11210
2026-03-19 14:00:00+00:00,4624.89990234375,4651.7998046875,4620.2001953125,4634.0,11220
2026-03-19 14:15:00+00:00,4633.7998046875,4638.2998046875,4586.60009765625,4587.2998046875,8040
2026-03-19 14:30:00+00:00,4586.7998046875,4625.0,4583.39990234375,4615.2998046875,6052
2026-03-19 14:45:00+00:00,4614.5,4630.39990234375,4600.0,4603.5,4265
2026-03-19 15:00:00+00:00,4603.2001953125,4641.7001953125,4595.2001953125,4630.5,5902
2026-03-19 15:15:00+00:00,4630.60009765625,4632.0,4598.39990234375,4605.5,4049
2026-03-19 15:30:00+00:00,4604.89990234375,4604.89990234375,4571.2998046875,4573.10009765625,5455
2026-03-19 15:45:00+00:00,4572.7998046875,4613.7001953125,4566.0,4598.2998046875,5501
2026-03-19 16:00:00+00:00,4598.0,4628.0,4594.5,4606.2998046875,4376
2026-03-19 16:15:00+00:00,4606.2998046875,4619.2001953125,4594.89990234375,4602.2001953125,3305
2026-03-19 16:30:00+00:00,4602.60009765625,4610.60009765625,4586.60009765625,4595.89990234375,2830
2026-03-19 16:45:00+00:00,4596.10009765625,4601.10009765625,4579.2001953125,4587.10009765625,2722
2026-03-19 17:00:00+00:00,4587.2001953125,4599.2001953125,4576.7001953125,4582.10009765625,2753
2026-03-19 17:15:00+00:00,4582.39990234375,4617.0,4577.0,4606.2998046875,5187
2026-03-19 17:30:00+00:00,4606.89990234375,4622.10009765625,4602.89990234375,4607.39990234375,3089
2026-03-19 17:45:00+00:00,4608.2001953125,4633.2998046875,4608.2001953125,4618.7998046875,3075
2026-03-19 18:00:00+00:00,4619.2998046875,4621.7001953125,4603.60009765625,4616.89990234375,2575
2026-03-19 18:15:00+00:00,4616.89990234375,4620.39990234375,4607.0,4611.39990234375,862
2026-03-19 18:30:00+00:00,4611.5,4614.0,4598.7001953125,4612.0,1679
2026-03-19 18:45:00+00:00,4611.5,4626.2998046875,4607.60009765625,4625.7998046875,2040
2026-03-19 19:00:00+00:00,4625.7998046875,4666.89990234375,4625.7998046875,4660.2998046875,5306
2026-03-19 19:15:00+00:00,4660.2001953125,4665.39990234375,4636.7998046875,4647.2998046875,3750
2026-03-19 19:30:00+00:00,4647.89990234375,4652.7998046875,4636.10009765625,4642.10009765625,2944
2026-03-19 19:45:00+00:00,4641.7998046875,4653.7001953125,4635.0,4647.89990234375,2104
2026-03-19 20:00:00+00:00,4647.5,4661.10009765625,4646.0,4657.2998046875,1129
2026-03-19 20:15:00+00:00,4657.39990234375,4664.2001953125,4653.2001953125,4660.2001953125,811
2026-03-19 20:30:00+00:00,4660.7998046875,4662.60009765625,4656.2998046875,4657.5,574
2026-03-19 20:45:00+00:00,4657.5,4664.7001953125,4650.2001953125,4651.89990234375,969
2026-03-19 22:00:00+00:00,4653.89990234375,4674.60009765625,4652.7998046875,4673.7001953125,768
2026-03-19 22:15:00+00:00,4673.7001953125,4679.5,4662.89990234375,4668.5,963
2026-03-19 22:30:00+00:00,4668.10009765625,4668.10009765625,4647.89990234375,4647.89990234375,656
2026-03-19 22:45:00+00:00,4648.39990234375,4652.39990234375,4638.0,4638.10009765625,684
2026-03-19 23:00:00+00:00,4638.7001953125,4650.0,4638.7001953125,4641.0,512
2026-03-19 23:15:00+00:00,4641.39990234375,4649.10009765625,4640.2001953125,4646.0,603
2026-03-19 23:30:00+00:00,4646.7998046875,4650.0,4635.7998046875,4638.10009765625,513
2026-03-19 23:45:00+00:00,4637.7001953125,4649.0,4637.7001953125,4645.5,465
2026-03-20 00:00:00+00:00,4645.5,4664.60009765625,4645.10009765625,4663.60009765625,1068
2026-03-20 00:15:00+00:00,4662.89990234375,4666.60009765625,4643.89990234375,4650.0,713
2026-03-20 00:30:00+00:00,4650.39990234375,4657.89990234375,4646.60009765625,4656.5,606
2026-03-20 00:45:00+00:00,4657.39990234375,4661.7001953125,4648.7998046875,4649.5,652
2026-03-20 01:00:00+00:00,4649.60009765625,4681.5,4640.5,4653.60009765625,3014
2026-03-20 01:15:00+00:00,4652.89990234375,4664.2001953125,4650.0,4664.2001953125,1233
2026-03-20 01:30:00+00:00,4664.5,4691.0,4663.5,4689.0,2462
2026-03-20 01:45:00+00:00,4688.7998046875,4701.5,4674.7001953125,4679.10009765625,1967
2026-03-20 02:00:00+00:00,4680.0,4691.0,4672.2001953125,4686.89990234375,1363
2026-03-20 02:15:00+00:00,4686.89990234375,4691.39990234375,4682.10009765625,4685.0,939
2026-03-20 02:30:00+00:00,4685.39990234375,4692.39990234375,4680.0,4686.5,1153
2026-03-20 02:45:00+00:00,4686.39990234375,4704.5,4683.5,4699.2998046875,1655
2026-03-20 03:00:00+00:00,4698.89990234375,4725.0,4694.39990234375,4717.7998046875,1714
2026-03-20 03:15:00+00:00,4717.7998046875,4737.10009765625,4717.10009765625,4734.60009765625,2003
2026-03-20 03:30:00+00:00,4734.7998046875,4738.2001953125,4728.5,4731.2001953125,956
2026-03-20 03:45:00+00:00,4730.7998046875,4730.89990234375,4722.10009765625,4725.2001953125,1037
2026-03-20 04:00:00+00:00,4726.2998046875,4728.0,4717.60009765625,4719.39990234375,847
2026-03-20 04:15:00+00:00,4719.7998046875,4724.60009765625,4719.0,4723.60009765625,596
2026-03-20 04:30:00+00:00,4723.7998046875,4727.10009765625,4718.39990234375,4720.5,742
2026-03-20 04:45:00+00:00,4719.89990234375,4723.0,4715.5,4722.0,491
2026-03-20 05:00:00+00:00,4722.0,4722.2998046875,4711.0,4718.2001953125,935
2026-03-20 05:15:00+00:00,4719.0,4724.10009765625,4717.7001953125,4720.39990234375,608
2026-03-20 05:30:00+00:00,4719.89990234375,4720.39990234375,4702.39990234375,4710.39990234375,1808
2026-03-20 05:45:00+00:00,4711.5,4711.7998046875,4686.7998046875,4689.89990234375,2144
2026-03-20 06:00:00+00:00,4690.0,4702.60009765625,4686.0,4692.60009765625,1468
2026-03-20 06:15:00+00:00,4692.0,4697.10009765625,4681.2001953125,4689.2001953125,1644
2026-03-20 06:30:00+00:00,4689.39990234375,4690.7001953125,4661.60009765625,4666.39990234375,2233
2026-03-20 06:45:00+00:00,4666.2998046875,4676.5,4663.10009765625,4670.2998046875,1786
2026-03-20 07:00:00+00:00,4669.89990234375,4685.2998046875,4668.7998046875,4680.2998046875,2276
2026-03-20 07:15:00+00:00,4679.89990234375,4689.7998046875,4677.10009765625,4689.0,1195
2026-03-20 07:30:00+00:00,4689.0,4699.10009765625,4686.2001953125,4695.2001953125,1415
2026-03-20 07:45:00+00:00,4695.39990234375,4709.0,4695.39990234375,4707.2001953125,1882
2026-03-20 08:00:00+00:00,4707.7001953125,4718.5,4702.89990234375,4717.0,2434
2026-03-20 08:15:00+00:00,4716.7998046875,4736.2998046875,4716.7998046875,4724.10009765625,3773
2026-03-20 08:30:00+00:00,4724.2998046875,4724.39990234375,4700.7001953125,4709.2001953125,3035
2026-03-20 08:45:00+00:00,4709.2001953125,4710.0,4685.2001953125,4695.10009765625,2301
2026-03-20 09:00:00+00:00,4694.5,4701.7998046875,4685.5,4695.10009765625,1514
2026-03-20 09:15:00+00:00,4695.10009765625,4698.39990234375,4685.10009765625,4693.0,1240
2026-03-20 09:30:00+00:00,4693.39990234375,4693.39990234375,4671.7998046875,4674.2001953125,1763
2026-03-20 09:45:00+00:00,4674.2998046875,4678.7001953125,4660.5,4668.39990234375,2666
2026-03-20 10:00:00+00:00,4668.2998046875,4670.10009765625,4650.39990234375,4663.60009765625,3169
2026-03-20 10:15:00+00:00,4663.2998046875,4667.39990234375,4646.39990234375,4658.2998046875,2086
2026-03-20 10:30:00+00:00,4658.2998046875,4670.5,4649.89990234375,4660.60009765625,2755
2026-03-20 10:45:00+00:00,4660.10009765625,4661.2001953125,4639.10009765625,4646.39990234375,2076
2026-03-20 11:00:00+00:00,4645.7998046875,4668.5,4638.2001953125,4664.2998046875,2369
2026-03-20 11:15:00+00:00,4664.2001953125,4670.2998046875,4660.39990234375,4666.7001953125,1390
2026-03-20 11:30:00+00:00,4667.2001953125,4676.0,4663.0,4671.10009765625,1892
2026-03-20 11:45:00+00:00,4671.2001953125,4674.0,4658.7998046875,4673.39990234375,1395
2026-03-20 12:00:00+00:00,4673.39990234375,4696.89990234375,4673.39990234375,4686.7001953125,3388
2026-03-20 12:15:00+00:00,4686.89990234375,4693.5,4678.89990234375,4679.5,2807
2026-03-20 12:30:00+00:00,4679.7998046875,4683.2001953125,4662.7998046875,4671.0,3383
2026-03-20 12:45:00+00:00,4670.7001953125,4682.2001953125,4666.5,4679.0,1877
2026-03-20 13:00:00+00:00,4679.39990234375,4680.5,4654.10009765625,4662.39990234375,4361
2026-03-20 13:15:00+00:00,4662.7998046875,4670.5,4655.89990234375,4661.10009765625,2031
2026-03-20 13:30:00+00:00,4660.89990234375,4666.60009765625,4637.2001953125,4662.89990234375,6449
2026-03-20 13:45:00+00:00,4663.60009765625,4665.89990234375,4613.10009765625,4617.0,7024
2026-03-20 14:00:00+00:00,4617.10009765625,4623.2001953125,4585.7001953125,4587.7001953125,7130
2026-03-20 14:15:00+00:00,4587.0,4588.89990234375,4551.10009765625,4560.60009765625,8477
2026-03-20 14:30:00+00:00,4558.2001953125,4585.89990234375,4557.5,4577.10009765625,5916
2026-03-20 14:45:00+00:00,4576.5,4583.89990234375,4547.60009765625,4564.89990234375,4684
2026-03-20 15:00:00+00:00,4564.5,4582.39990234375,4561.60009765625,4578.39990234375,4816
2026-03-20 15:15:00+00:00,4578.60009765625,4578.60009765625,4542.10009765625,4564.7001953125,5727
2026-03-20 15:30:00+00:00,4564.39990234375,4577.7998046875,4558.39990234375,4564.7001953125,3272
2026-03-20 15:45:00+00:00,4564.2998046875,4564.7998046875,4545.7001953125,4555.2998046875,2848
2026-03-20 16:00:00+00:00,4554.89990234375,4590.7998046875,4554.0,4590.39990234375,4505
2026-03-20 16:15:00+00:00,4590.7001953125,4616.2998046875,4585.5,4586.89990234375,5741
2026-03-20 16:30:00+00:00,4586.60009765625,4594.89990234375,4572.2001953125,4583.5,3514
2026-03-20 16:45:00+00:00,4583.10009765625,4590.2998046875,4568.7998046875,4585.2998046875,3012
2026-03-20 17:00:00+00:00,4585.60009765625,4602.5,4575.2001953125,4584.0,4045
2026-03-20 17:15:00+00:00,4584.39990234375,4584.7998046875,4570.7001953125,4574.2001953125,3442
2026-03-20 17:30:00+00:00,4574.60009765625,4576.7998046875,4556.7001953125,4568.2001953125,3749
2026-03-20 17:45:00+00:00,4568.0,4579.5,4564.7998046875,4575.89990234375,2320
2026-03-20 18:00:00+00:00,4576.10009765625,4580.5,4563.7998046875,4565.89990234375,1695
2026-03-20 18:15:00+00:00,4566.89990234375,4570.39990234375,4538.7001953125,4557.0,3140
2026-03-20 18:30:00+00:00,4556.39990234375,4559.2998046875,4526.0,4528.39990234375,2374
2026-03-20 18:45:00+00:00,4528.60009765625,4531.39990234375,4478.39990234375,4500.7001953125,9040
2026-03-20 19:00:00+00:00,4501.2998046875,4517.60009765625,4487.5,4501.5,3697
2026-03-20 19:15:00+00:00,4501.60009765625,4509.60009765625,4487.39990234375,4500.0,1875
2026-03-20 19:30:00+00:00,4500.7998046875,4518.7001953125,4494.10009765625,4515.7998046875,2083
2026-03-20 19:45:00+00:00,4515.7001953125,4518.5,4498.89990234375,4503.7998046875,2407
2026-03-20 20:00:00+00:00,4503.5,4509.5,4495.60009765625,4507.2001953125,1421
2026-03-20 20:15:00+00:00,4507.5,4516.60009765625,4503.0,4503.0,850
2026-03-20 20:30:00+00:00,4503.2001953125,4507.0,4498.89990234375,4505.2998046875,678
2026-03-20 20:45:00+00:00,4505.7001953125,4506.5,4492.0,4496.2998046875,899
2026-03-22 22:00:00+00:00,4511.7001953125,4515.89990234375,4490.0,4508.2998046875,643
2026-03-22 22:15:00+00:00,4508.10009765625,4537.10009765625,4504.0,4525.0,2619
2026-03-22 22:30:00+00:00,4525.7001953125,4527.10009765625,4505.0,4507.60009765625,1325
2026-03-22 22:45:00+00:00,4508.2998046875,4515.60009765625,4490.2001953125,4498.10009765625,1163
2026-03-22 23:00:00+00:00,4499.2998046875,4511.2001953125,4486.0,4491.60009765625,2146
2026-03-22 23:15:00+00:00,4490.7998046875,4500.2998046875,4482.60009765625,4486.2001953125,1237
2026-03-22 23:30:00+00:00,4485.0,4491.5,4473.2001953125,4489.39990234375,1504
2026-03-22 23:45:00+00:00,4489.0,4494.39990234375,4453.2001953125,4465.89990234375,2440
2026-03-23 00:00:00+00:00,4466.2001953125,4474.7998046875,4427.10009765625,4437.39990234375,3667
2026-03-23 00:15:00+00:00,4438.39990234375,4447.5,4406.39990234375,4428.7998046875,4761
2026-03-23 00:30:00+00:00,4429.60009765625,4438.2001953125,4332.10009765625,4365.5,10345
2026-03-23 00:45:00+00:00,4365.2001953125,4375.10009765625,4322.0,4356.39990234375,5160
2026-03-23 01:00:00+00:00,4357.7001953125,4424.7998046875,4330.0,4409.0,6844
2026-03-23 01:15:00+00:00,4408.39990234375,4444.89990234375,4408.39990234375,4423.5,3671
2026-03-23 01:30:00+00:00,4424.0,4455.0,4417.5,4436.39990234375,2906
2026-03-23 01:45:00+00:00,4435.89990234375,4437.60009765625,4381.7001953125,4390.0,3225
2026-03-23 02:00:00+00:00,4389.39990234375,4423.7998046875,4384.5,4398.7001953125,3728
2026-03-23 02:15:00+00:00,4398.39990234375,4419.7001953125,4396.39990234375,4402.60009765625,2134
2026-03-23 02:30:00+00:00,4401.7001953125,4404.10009765625,4369.2998046875,4386.7001953125,3502
2026-03-23 02:45:00+00:00,4386.39990234375,4386.39990234375,4356.0,4362.2998046875,2765
2026-03-23 03:00:00+00:00,4362.0,4379.39990234375,4349.60009765625,4351.0,3396
2026-03-23 03:15:00+00:00,4351.60009765625,4368.0,4349.2001953125,4354.0,1776
2026-03-23 03:30:00+00:00,4354.0,4367.10009765625,4337.5,4344.10009765625,2277
2026-03-23 03:45:00+00:00,4344.5,4362.7001953125,4339.60009765625,4355.2998046875,1280
2026-03-23 04:00:00+00:00,4355.89990234375,4374.89990234375,4355.89990234375,4367.7998046875,1629
2026-03-23 04:15:00+00:00,4366.39990234375,4374.60009765625,4364.2998046875,4371.7998046875,912
2026-03-23 04:30:00+00:00,4371.10009765625,4385.0,4363.5,4378.7998046875,1692
2026-03-23 04:45:00+00:00,4378.0,4379.7001953125,4353.2001953125,4370.89990234375,1926
2026-03-23 05:00:00+00:00,4370.5,4383.2001953125,4369.2998046875,4375.7998046875,1493
2026-03-23 05:15:00+00:00,4375.39990234375,4377.0,4354.7001953125,4360.2998046875,986
2026-03-23 05:30:00+00:00,4359.60009765625,4359.60009765625,4323.7001953125,4325.89990234375,4038
2026-03-23 05:45:00+00:00,4324.89990234375,4329.60009765625,4305.5,4314.10009765625,5032
2026-03-23 06:00:00+00:00,4313.7998046875,4314.60009765625,4276.10009765625,4300.7998046875,8244
2026-03-23 06:15:00+00:00,4300.7998046875,4317.10009765625,4244.39990234375,4248.39990234375,7906
2026-03-23 06:30:00+00:00,4249.60009765625,4255.5,4186.7001953125,4187.0,9090
2026-03-23 06:45:00+00:00,4187.0,4235.0,4166.0,4225.10009765625,8836
2026-03-23 07:00:00+00:00,4224.7998046875,4227.0,4127.2001953125,4130.89990234375,8493
2026-03-23 07:15:00+00:00,4132.0,4162.60009765625,4100.0,4137.2001953125,9386
2026-03-23 07:30:00+00:00,4137.10009765625,4218.60009765625,4132.2998046875,4218.60009765625,8051
2026-03-23 07:45:00+00:00,4216.60009765625,4233.7998046875,4188.2998046875,4205.7001953125,6432
2026-03-23 08:00:00+00:00,4206.5,4257.89990234375,4203.60009765625,4255.7001953125,8081
2026-03-23 08:15:00+00:00,4255.7001953125,4258.60009765625,4212.2998046875,4228.60009765625,4561
2026-03-23 08:30:00+00:00,4228.60009765625,4273.2998046875,4225.0,4258.39990234375,4447
2026-03-23 08:45:00+00:00,4259.60009765625,4271.60009765625,4220.7001953125,4251.7001953125,4560
2026-03-23 09:00:00+00:00,4252.60009765625,4271.0,4246.89990234375,4270.60009765625,3470
2026-03-23 09:15:00+00:00,4271.10009765625,4306.0,4269.7001953125,4306.0,5084
2026-03-23 09:30:00+00:00,4305.7001953125,4310.2998046875,4225.0,4225.0,7053
2026-03-23 09:45:00+00:00,4226.60009765625,4257.7001953125,4224.10009765625,4254.5,3091
2026-03-23 10:00:00+00:00,4254.7001953125,4273.7998046875,4244.2998046875,4264.89990234375,2807
2026-03-23 10:15:00+00:00,4265.39990234375,4276.0,4257.10009765625,4270.0,1912
2026-03-23 10:30:00+00:00,4270.2998046875,4270.7001953125,4241.7998046875,4259.0,3109
2026-03-23 10:45:00+00:00,4257.89990234375,4283.0,4250.7001953125,4270.0,2380
2026-03-23 11:00:00+00:00,4270.39990234375,4466.2998046875,4270.10009765625,4458.5,12504
2026-03-23 11:15:00+00:00,4458.89990234375,4466.2998046875,4356.0,4400.39990234375,8725
2026-03-23 11:30:00+00:00,4402.39990234375,4434.5,4385.5,4414.2001953125,6100
2026-03-23 11:45:00+00:00,4414.0,4420.10009765625,4363.39990234375,4379.2001953125,5859
2026-03-23 12:00:00+00:00,4380.10009765625,4382.10009765625,4338.0,4356.2001953125,5562
2026-03-23 12:15:00+00:00,4354.2998046875,4407.7001953125,4354.10009765625,4391.7998046875,3925
2026-03-23 12:30:00+00:00,4391.89990234375,4443.7001953125,4375.5,4443.2998046875,4813
2026-03-23 12:45:00+00:00,4443.5,4495.5,4434.10009765625,4480.60009765625,7327
2026-03-23 13:00:00+00:00,4481.60009765625,4489.0,4432.2001953125,4448.60009765625,7440
2026-03-23 13:15:00+00:00,4448.7998046875,4454.39990234375,4407.0,4412.5,4612
2026-03-23 13:30:00+00:00,4412.7001953125,4452.7001953125,4404.0,4425.60009765625,6803
2026-03-23 13:45:00+00:00,4423.7998046875,4470.2001953125,4422.2998046875,4457.60009765625,4414
2026-03-23 14:00:00+00:00,4457.60009765625,4482.2998046875,4455.89990234375,4467.2001953125,5027
2026-03-23 14:15:00+00:00,4467.60009765625,4516.5,4464.10009765625,4489.2001953125,8174
2026-03-23 14:30:00+00:00,4488.7001953125,4507.2998046875,4472.5,4482.0,5487
2026-03-23 14:45:00+00:00,4482.10009765625,4487.89990234375,4459.10009765625,4463.5,5074
2026-03-23 15:00:00+00:00,4464.39990234375,4488.89990234375,4456.60009765625,4466.5,5754
2026-03-23 15:15:00+00:00,4466.7998046875,4470.2998046875,4428.5,4448.2998046875,6231
2026-03-23 15:30:00+00:00,4448.2998046875,4457.7001953125,4407.60009765625,4410.2998046875,4905
2026-03-23 15:45:00+00:00,4409.60009765625,4415.89990234375,4350.7998046875,4365.60009765625,8768
2026-03-23 16:00:00+00:00,4364.10009765625,4392.2001953125,4354.10009765625,4386.0,5441
2026-03-23 16:15:00+00:00,4385.39990234375,4391.5,4354.5,4357.2998046875,3812
2026-03-23 16:30:00+00:00,4357.5,4390.5,4356.0,4389.2001953125,3159
2026-03-23 16:45:00+00:00,4388.2998046875,4394.0,4373.5,4378.10009765625,2760
2026-03-23 17:00:00+00:00,4378.0,4407.89990234375,4372.7001953125,4399.10009765625,4651
2026-03-23 17:15:00+00:00,4400.0,4416.2998046875,4390.39990234375,4407.2001953125,8075
2026-03-23 17:30:00+00:00,4407.39990234375,4441.5,4405.7998046875,4422.7001953125,3611
2026-03-23 17:45:00+00:00,4422.2001953125,4432.0,4406.5,4428.7998046875,1710
2026-03-23 18:00:00+00:00,4428.89990234375,4431.60009765625,4404.7998046875,4425.0,1556
2026-03-23 18:15:00+00:00,4423.39990234375,4433.10009765625,4411.60009765625,4427.89990234375,1357
2026-03-23 18:30:00+00:00,4428.5,4464.7001953125,4427.60009765625,4464.7001953125,2192
2026-03-23 18:45:00+00:00,4463.7001953125,4469.5,4448.39990234375,4451.0,1728
2026-03-23 19:00:00+00:00,4451.60009765625,4452.5,4404.5,4408.39990234375,3215
2026-03-23 19:15:00+00:00,4408.0,4416.5,4394.60009765625,4412.2001953125,1946
2026-03-23 19:30:00+00:00,4412.7998046875,4419.10009765625,4403.39990234375,4419.10009765625,1566
2026-03-23 19:45:00+00:00,4418.89990234375,4430.0,4399.39990234375,4401.5,2514
2026-03-23 20:00:00+00:00,4400.7001953125,4411.10009765625,4385.0,4405.7998046875,1368
2026-03-23 20:15:00+00:00,4406.7998046875,4415.5,4406.60009765625,4409.10009765625,326
2026-03-23 20:30:00+00:00,4409.7998046875,4414.10009765625,4398.5,4413.2001953125,471
2026-03-23 20:45:00+00:00,4414.0,4416.10009765625,4407.7998046875,4410.39990234375,326
2026-03-23 22:00:00+00:00,4414.7998046875,4423.10009765625,4363.5,4400.5,895
2026-03-23 22:15:00+00:00,4400.2001953125,4417.7001953125,4391.5,4416.89990234375,864
2026-03-23 22:30:00+00:00,4416.7998046875,4418.7998046875,4400.7998046875,4411.7001953125,691
2026-03-23 22:45:00+00:00,4410.89990234375,4433.7998046875,4408.60009765625,4429.89990234375,707
2026-03-23 23:00:00+00:00,4428.7001953125,4440.39990234375,4425.5,4438.5,663
2026-03-23 23:15:00+00:00,4437.7998046875,4450.5,4436.0,4444.2998046875,981
2026-03-23 23:30:00+00:00,4443.0,4447.39990234375,4424.0,4434.0,740
2026-03-23 23:45:00+00:00,4433.2998046875,4448.2998046875,4424.2998046875,4442.7998046875,806
2026-03-24 00:00:00+00:00,4442.7001953125,4448.39990234375,4422.10009765625,4424.2001953125,1045
2026-03-24 00:15:00+00:00,4423.2998046875,4424.7001953125,4369.89990234375,4380.2998046875,2039
2026-03-24 00:30:00+00:00,4380.0,4389.7001953125,4329.0,4346.5,2789
2026-03-24 00:45:00+00:00,4348.7001953125,4389.2001953125,4345.5,4366.89990234375,1804
2026-03-24 01:00:00+00:00,4366.60009765625,4376.89990234375,4330.7001953125,4333.89990234375,3197
2026-03-24 01:15:00+00:00,4333.7998046875,4371.39990234375,4333.0,4356.7998046875,2012
2026-03-24 01:30:00+00:00,4356.89990234375,4369.7998046875,4322.60009765625,4323.10009765625,2075
2026-03-24 01:45:00+00:00,4322.60009765625,4333.10009765625,4309.2001953125,4323.39990234375,1947
2026-03-24 02:00:00+00:00,4323.10009765625,4338.10009765625,4306.2998046875,4312.5,1898
2026-03-24 02:15:00+00:00,4313.7001953125,4354.10009765625,4310.0,4353.0,1681
2026-03-24 02:30:00+00:00,4352.0,4374.2998046875,4345.2998046875,4366.7998046875,1714
2026-03-24 02:45:00+00:00,4367.60009765625,4380.10009765625,4352.10009765625,4366.89990234375,1328
2026-03-24 03:00:00+00:00,4367.10009765625,4368.60009765625,4350.5,4358.7998046875,925
2026-03-24 03:15:00+00:00,4358.7998046875,4368.39990234375,4356.89990234375,4365.39990234375,705
2026-03-24 03:30:00+00:00,4365.10009765625,4365.7001953125,4338.2998046875,4341.0,943
2026-03-24 03:45:00+00:00,4341.10009765625,4350.2001953125,4335.39990234375,4346.7998046875,500
2026-03-24 04:00:00+00:00,4347.39990234375,4357.7001953125,4347.2001953125,4351.0,530
2026-03-24 04:15:00+00:00,4350.7998046875,4350.7998046875,4327.0,4339.60009765625,1074
2026-03-24 04:30:00+00:00,4339.2998046875,4348.7998046875,4337.2998046875,4341.7998046875,485
2026-03-24 04:45:00+00:00,4341.10009765625,4350.0,4332.60009765625,4334.0,492
2026-03-24 05:00:00+00:00,4334.5,4346.0,4319.89990234375,4335.89990234375,1437
2026-03-24 05:15:00+00:00,4336.2001953125,4347.39990234375,4335.10009765625,4336.0,928
2026-03-24 05:30:00+00:00,4336.2001953125,4375.39990234375,4322.10009765625,4359.89990234375,2362
2026-03-24 05:45:00+00:00,4358.7998046875,4371.5,4346.10009765625,4349.5,1505
2026-03-24 06:00:00+00:00,4348.89990234375,4378.5,4345.5,4369.89990234375,1424
2026-03-24 06:15:00+00:00,4369.7001953125,4398.89990234375,4362.0,4390.0,1835
2026-03-24 06:30:00+00:00,4388.5,4399.5,4376.60009765625,4379.5,1204
2026-03-24 06:45:00+00:00,4380.10009765625,4406.7001953125,4375.89990234375,4403.7998046875,1650
2026-03-24 07:00:00+00:00,4402.5,4427.60009765625,4401.7998046875,4426.5,2614
2026-03-24 07:15:00+00:00,4424.2001953125,4427.2001953125,4407.5,4413.7998046875,1731
2026-03-24 07:30:00+00:00,4413.5,4413.5,4401.0,4409.60009765625,1641
2026-03-24 07:45:00+00:00,4410.0,4437.60009765625,4403.0,4420.2001953125,2486
2026-03-24 08:00:00+00:00,4420.10009765625,4423.60009765625,4404.2001953125,4416.89990234375,2330
2026-03-24 08:15:00+00:00,4416.60009765625,4419.5,4392.7001953125,4398.10009765625,3114
2026-03-24 08:30:00+00:00,4397.2998046875,4407.39990234375,4393.2001953125,4402.5,1139
2026-03-24 08:45:00+00:00,4401.7998046875,4416.2998046875,4399.39990234375,4413.5,2217
2026-03-24 09:00:00+00:00,4413.10009765625,4420.89990234375,4398.39990234375,4400.7001953125,1694
2026-03-24 09:15:00+00:00,4400.5,4416.60009765625,4397.2998046875,4408.7001953125,1645
2026-03-24 09:30:00+00:00,4408.10009765625,4422.7998046875,4406.10009765625,4417.7001953125,1523
2026-03-24 09:45:00+00:00,4417.5,4432.2001953125,4413.60009765625,4427.7001953125,1827
2026-03-24 10:00:00+00:00,4428.0,4432.7998046875,4417.0,4428.2001953125,2334
2026-03-24 10:15:00+00:00,4428.2001953125,4435.10009765625,4422.2001953125,4423.60009765625,1734
2026-03-24 10:30:00+00:00,4423.10009765625,4428.89990234375,4415.2001953125,4428.60009765625,1597
2026-03-24 10:45:00+00:00,4428.60009765625,4442.89990234375,4419.60009765625,4439.7001953125,1919
2026-03-24 11:00:00+00:00,4438.89990234375,4443.2001953125,4372.39990234375,4421.7001953125,6554
2026-03-24 11:15:00+00:00,4419.7998046875,4421.60009765625,4404.2001953125,4414.39990234375,1996
2026-03-24 11:30:00+00:00,4413.2998046875,4432.2001953125,4412.0,4422.7998046875,2252
2026-03-24 11:45:00+00:00,4422.89990234375,4428.39990234375,4390.89990234375,4408.0,3342
2026-03-24 12:00:00+00:00,4408.2001953125,4422.89990234375,4405.0,4420.5,2182
2026-03-24 12:15:00+00:00,4420.7001953125,4427.60009765625,4396.2998046875,4402.5,3440
2026-03-24 12:30:00+00:00,4402.39990234375,4407.0,4361.7001953125,4368.89990234375,6064
2026-03-24 12:45:00+00:00,4369.39990234375,4390.7998046875,4369.2998046875,4378.7001953125,3503
2026-03-24 13:00:00+00:00,4379.0,4390.7001953125,4364.0,4378.39990234375,4517
2026-03-24 13:15:00+00:00,4378.7001953125,4384.89990234375,4354.60009765625,4357.60009765625,4590
2026-03-24 13:30:00+00:00,4356.2998046875,4371.5,4350.39990234375,4356.7001953125,6101
2026-03-24 13:45:00+00:00,4357.5,4383.39990234375,4350.5,4382.5,4895
2026-03-24 14:00:00+00:00,4381.0,4405.0,4380.39990234375,4395.0,4901
2026-03-24 14:15:00+00:00,4395.5,4415.39990234375,4388.7001953125,4409.7998046875,3314
2026-03-24 14:30:00+00:00,4409.0,4421.2998046875,4400.2998046875,4412.7998046875,3120
2026-03-24 14:45:00+00:00,4413.10009765625,4435.0,4401.10009765625,4416.2998046875,5859
2026-03-24 15:00:00+00:00,4415.7998046875,4421.10009765625,4396.5,4412.5,4997
2026-03-24 15:15:00+00:00,4412.0,4421.2001953125,4403.5,4413.7998046875,3298
2026-03-24 15:30:00+00:00,4414.10009765625,4430.0,4411.10009765625,4425.89990234375,2539
2026-03-24 15:45:00+00:00,4425.5,4431.2001953125,4410.2001953125,4412.7998046875,3312
2026-03-24 16:00:00+00:00,4412.39990234375,4415.7001953125,4403.7001953125,4415.10009765625,2893
2026-03-24 16:15:00+00:00,4414.7001953125,4427.10009765625,4412.7998046875,4422.0,3738
2026-03-24 16:30:00+00:00,4422.10009765625,4425.39990234375,4409.60009765625,4425.2001953125,2932
2026-03-24 16:45:00+00:00,4425.5,4428.89990234375,4419.5,4422.2001953125,1994
2026-03-24 17:00:00+00:00,4422.2001953125,4427.60009765625,4388.7998046875,4398.10009765625,4332
2026-03-24 17:15:00+00:00,4398.39990234375,4407.0,4395.2001953125,4401.0,3464
2026-03-24 17:30:00+00:00,4400.5,4401.0,4374.60009765625,4378.2001953125,3532
2026-03-24 17:45:00+00:00,4377.39990234375,4395.5,4372.2001953125,4388.2998046875,2466
2026-03-24 18:00:00+00:00,4388.2998046875,4394.0,4383.60009765625,4389.5,1901
2026-03-24 18:15:00+00:00,4390.2998046875,4410.0,4387.0,4407.2001953125,1179
2026-03-24 18:30:00+00:00,4407.7001953125,4424.5,4396.2998046875,4401.39990234375,3225
2026-03-24 18:45:00+00:00,4401.2001953125,4403.0,4384.0,4390.89990234375,1598
2026-03-24 19:00:00+00:00,4390.0,4406.7998046875,4389.39990234375,4405.0,666
2026-03-24 19:15:00+00:00,4404.10009765625,4411.89990234375,4400.2998046875,4407.7998046875,1068
2026-03-24 19:30:00+00:00,4408.0,4408.0,4394.7998046875,4401.5,822
2026-03-24 19:45:00+00:00,4401.7001953125,4404.89990234375,4397.2998046875,4400.89990234375,1012
2026-03-24 20:00:00+00:00,4400.7998046875,4404.89990234375,4397.7001953125,4401.7001953125,514
2026-03-24 20:15:00+00:00,4401.89990234375,4485.60009765625,4399.7998046875,4456.89990234375,5028
2026-03-24 20:30:00+00:00,4456.39990234375,4474.39990234375,4448.5,4461.60009765625,2362
2026-03-24 20:45:00+00:00,4462.39990234375,4483.89990234375,4458.10009765625,4474.89990234375,1525
2026-03-24 22:00:00+00:00,4473.5,4492.2998046875,4468.89990234375,4485.60009765625,997
2026-03-24 22:15:00+00:00,4485.0,4487.7001953125,4470.89990234375,4473.39990234375,927
2026-03-24 22:30:00+00:00,4472.2001953125,4474.39990234375,4458.2001953125,4471.89990234375,918
2026-03-24 22:45:00+00:00,4472.7001953125,4487.7001953125,4470.0,4487.7001953125,574
2026-03-24 23:00:00+00:00,4487.5,4488.60009765625,4475.39990234375,4487.89990234375,1145
2026-03-24 23:15:00+00:00,4487.2998046875,4513.60009765625,4485.89990234375,4513.5,2231
2026-03-24 23:30:00+00:00,4513.7998046875,4550.0,4507.7001953125,4543.10009765625,3731
2026-03-24 23:45:00+00:00,4541.60009765625,4555.0,4534.89990234375,4549.2001953125,2226
2026-03-25 00:00:00+00:00,4549.0,4557.7998046875,4540.5,4552.89990234375,2703
2026-03-25 00:15:00+00:00,4552.5,4559.5,4541.2001953125,4555.60009765625,2647
2026-03-25 00:30:00+00:00,4555.39990234375,4571.2998046875,4549.0,4568.39990234375,3408
2026-03-25 00:45:00+00:00,4569.2001953125,4572.7998046875,4562.7998046875,4564.89990234375,2017
2026-03-25 01:00:00+00:00,4564.7998046875,4578.7998046875,4553.2998046875,4570.5,4151
2026-03-25 01:15:00+00:00,4570.7998046875,4579.0,4568.0,4575.60009765625,1803
2026-03-25 01:30:00+00:00,4575.10009765625,4590.0,4574.39990234375,4583.60009765625,4183
2026-03-25 01:45:00+00:00,4583.5,4600.0,4582.10009765625,4593.2001953125,3790
2026-03-25 02:00:00+00:00,4593.2998046875,4594.7001953125,4578.2998046875,4583.7998046875,2893
2026-03-25 02:15:00+00:00,4583.5,4591.0,4582.7001953125,4585.0,1385
2026-03-25 02:30:00+00:00,4585.7001953125,4595.7001953125,4579.7001953125,4592.10009765625,2090
2026-03-25 02:45:00+00:00,4591.89990234375,4601.0,4579.60009765625,4581.89990234375,2845
2026-03-25 03:00:00+00:00,4581.5,4584.39990234375,4571.2998046875,4574.60009765625,2348
2026-03-25 03:15:00+00:00,4575.10009765625,4578.0,4570.0,4574.0,1463
2026-03-25 03:30:00+00:00,4574.0,4576.2998046875,4568.0,4568.10009765625,1080
2026-03-25 03:45:00+00:00,4568.7001953125,4572.89990234375,4566.10009765625,4567.7998046875,1185
2026-03-25 04:00:00+00:00,4568.5,4573.2001953125,4563.89990234375,4572.39990234375,1214
2026-03-25 04:15:00+00:00,4572.5,4573.0,4569.2998046875,4572.60009765625,702
2026-03-25 04:30:00+00:00,4572.5,4572.7001953125,4564.39990234375,4568.2001953125,730
2026-03-25 04:45:00+00:00,4568.0,4572.2998046875,4566.2001953125,4571.2001953125,431
2026-03-25 05:00:00+00:00,4571.10009765625,4572.0,4565.0,4570.0,734
2026-03-25 05:15:00+00:00,4569.7998046875,4569.7998046875,4553.0,4554.10009765625,1781
2026-03-25 05:30:00+00:00,4553.7001953125,4566.5,4546.7001953125,4565.5,2022
2026-03-25 05:45:00+00:00,4565.89990234375,4566.10009765625,4553.0,4555.0,1373
2026-03-25 06:00:00+00:00,4555.0,4556.0,4532.5,4533.7998046875,2369
2026-03-25 06:15:00+00:00,4534.10009765625,4552.2998046875,4533.7001953125,4549.7001953125,2142
2026-03-25 06:30:00+00:00,4550.0,4556.10009765625,4543.89990234375,4546.5,1472
2026-03-25 06:45:00+00:00,4546.0,4550.10009765625,4541.89990234375,4543.7998046875,1634
2026-03-25 07:00:00+00:00,4543.89990234375,4557.7001953125,4543.39990234375,4555.39990234375,1927
2026-03-25 07:15:00+00:00,4555.10009765625,4561.7998046875,4554.39990234375,4559.5,2570
2026-03-25 07:30:00+00:00,4559.7998046875,4559.7998046875,4541.5,4546.0,2302
2026-03-25 07:45:00+00:00,4546.0,4549.39990234375,4536.7001953125,4539.0,2758
2026-03-25 08:00:00+00:00,4539.2001953125,4559.0,4535.60009765625,4558.2001953125,2905
2026-03-25 08:15:00+00:00,4558.2998046875,4568.7001953125,4556.89990234375,4565.2998046875,2600
2026-03-25 08:30:00+00:00,4565.10009765625,4567.5,4553.10009765625,4564.7001953125,2149
2026-03-25 08:45:00+00:00,4565.0,4567.2001953125,4554.5,4555.60009765625,2628
2026-03-25 09:00:00+00:00,4555.7001953125,4567.0,4553.5,4561.39990234375,1560
2026-03-25 09:15:00+00:00,4561.10009765625,4565.10009765625,4553.60009765625,4557.39990234375,1538
2026-03-25 09:30:00+00:00,4556.89990234375,4559.2001953125,4547.39990234375,4549.2998046875,2451
2026-03-25 09:45:00+00:00,4549.0,4553.5,4525.7001953125,4550.39990234375,4943
2026-03-25 10:00:00+00:00,4550.7001953125,4559.2001953125,4549.60009765625,4553.39990234375,2232
2026-03-25 10:15:00+00:00,4553.2001953125,4557.0,4550.2998046875,4554.10009765625,1453
2026-03-25 10:30:00+00:00,4553.7001953125,4557.60009765625,4549.5,4550.89990234375,1189
2026-03-25 10:45:00+00:00,4550.60009765625,4561.2998046875,4550.2001953125,4557.10009765625,1312
2026-03-25 11:00:00+00:00,4557.5,4568.0,4554.60009765625,4566.39990234375,1350
2026-03-25 11:15:00+00:00,4566.5,4581.39990234375,4563.2001953125,4578.10009765625,3048
2026-03-25 11:30:00+00:00,4578.39990234375,4586.2001953125,4578.39990234375,4582.10009765625,1880
2026-03-25 11:45:00+00:00,4582.39990234375,4582.60009765625,4571.2001953125,4577.39990234375,2083
2026-03-25 12:00:00+00:00,4577.7998046875,4582.5,4571.7001953125,4576.2001953125,2345
2026-03-25 12:15:00+00:00,4576.2998046875,4577.7998046875,4538.2998046875,4543.5,5799
2026-03-25 12:30:00+00:00,4543.7001953125,4553.0,4519.5,4546.39990234375,5853
2026-03-25 12:45:00+00:00,4545.7001953125,4551.39990234375,4534.60009765625,4542.39990234375,3119
2026-03-25 13:00:00+00:00,4542.7998046875,4570.0,4540.0,4558.10009765625,5325
2026-03-25 13:15:00+00:00,4558.5,4568.89990234375,4550.10009765625,4567.60009765625,2937
2026-03-25 13:30:00+00:00,4567.5,4575.7998046875,4555.2998046875,4560.2001953125,5783
2026-03-25 13:45:00+00:00,4560.0,4562.39990234375,4539.2001953125,4543.2998046875,6181
2026-03-25 14:00:00+00:00,4543.2998046875,4553.60009765625,4531.2001953125,4550.5,4077
2026-03-25 14:15:00+00:00,4552.2001953125,4561.10009765625,4544.60009765625,4561.10009765625,3978
2026-03-25 14:30:00+00:00,4561.2998046875,4567.60009765625,4555.60009765625,4564.10009765625,2960
2026-03-25 14:45:00+00:00,4564.2998046875,4577.60009765625,4562.2998046875,4565.2998046875,3169
2026-03-25 15:00:00+00:00,4565.2001953125,4567.60009765625,4547.7001953125,4548.10009765625,4732
2026-03-25 15:15:00+00:00,4547.7001953125,4560.0,4522.0,4559.2001953125,6754
2026-03-25 15:30:00+00:00,4559.2001953125,4563.89990234375,4553.39990234375,4555.7001953125,3943
2026-03-25 15:45:00+00:00,4556.0,4564.10009765625,4552.2001953125,4557.39990234375,2470
2026-03-25 16:00:00+00:00,4557.10009765625,4563.2001953125,4551.0,4551.7001953125,1940
2026-03-25 16:15:00+00:00,4551.60009765625,4559.60009765625,4543.5,4553.60009765625,3196
2026-03-25 16:30:00+00:00,4553.5,4558.89990234375,4549.2998046875,4554.2998046875,1536
2026-03-25 16:45:00+00:00,4553.5,4557.60009765625,4548.0,4553.39990234375,1617
2026-03-25 17:00:00+00:00,4553.5,4556.2001953125,4541.0,4549.39990234375,5572
2026-03-25 17:15:00+00:00,4549.5,4556.2998046875,4540.7998046875,4551.2001953125,6894
2026-03-25 17:30:00+00:00,4551.60009765625,4561.7001953125,4548.0,4558.5,4337
2026-03-25 17:45:00+00:00,4558.39990234375,4559.60009765625,4543.5,4548.2001953125,2291
2026-03-25 18:00:00+00:00,4548.0,4566.60009765625,4543.0,4548.2998046875,4740
2026-03-25 18:15:00+00:00,4549.39990234375,4554.0,4543.7998046875,4549.5,1303
2026-03-25 18:30:00+00:00,4550.2998046875,4555.2998046875,4544.7001953125,4547.0,1025
2026-03-25 18:45:00+00:00,4546.7001953125,4547.7001953125,4528.2001953125,4535.7001953125,2445
2026-03-25 19:00:00+00:00,4535.0,4537.2998046875,4484.2998046875,4507.2998046875,5959
2026-03-25 19:15:00+00:00,4506.89990234375,4516.5,4499.89990234375,4510.39990234375,2335
2026-03-25 19:30:00+00:00,4511.10009765625,4524.7998046875,4503.7001953125,4519.39990234375,1878
2026-03-25 19:45:00+00:00,4520.0,4531.39990234375,4511.5,4528.7001953125,2293
2026-03-25 20:00:00+00:00,4528.2998046875,4539.60009765625,4520.10009765625,4526.0,1429
2026-03-25 20:15:00+00:00,4527.0,4531.7001953125,4519.7001953125,4520.7998046875,576
2026-03-25 20:30:00+00:00,4521.0,4522.39990234375,4492.89990234375,4501.7998046875,1653
2026-03-25 20:45:00+00:00,4501.7998046875,4505.39990234375,4499.39990234375,4503.2998046875,650
2026-03-25 22:00:00+00:00,4508.89990234375,4528.7001953125,4504.60009765625,4509.2998046875,558
2026-03-25 22:15:00+00:00,4509.39990234375,4516.10009765625,4501.89990234375,4508.5,477
2026-03-25 22:30:00+00:00,4507.7998046875,4531.10009765625,4504.2998046875,4529.0,779
2026-03-25 22:45:00+00:00,4528.10009765625,4529.5,4509.10009765625,4513.89990234375,721
2026-03-25 23:00:00+00:00,4513.89990234375,4515.2001953125,4494.2001953125,4505.89990234375,1017
2026-03-25 23:15:00+00:00,4504.89990234375,4510.0,4493.5,4502.39990234375,730
2026-03-25 23:30:00+00:00,4501.7998046875,4507.89990234375,4485.60009765625,4491.60009765625,1191
2026-03-25 23:45:00+00:00,4491.7998046875,4496.60009765625,4487.7998046875,4495.2998046875,660
2026-03-26 00:00:00+00:00,4495.2998046875,4525.0,4495.2001953125,4525.0,1600
2026-03-26 00:15:00+00:00,4524.2001953125,4532.7998046875,4521.0,4522.89990234375,1286
2026-03-26 00:30:00+00:00,4522.10009765625,4529.7998046875,4521.89990234375,4525.2001953125,724
2026-03-26 00:45:00+00:00,4525.2001953125,4536.60009765625,4524.60009765625,4533.2998046875,957
2026-03-26 01:00:00+00:00,4533.0,4541.60009765625,4528.2001953125,4534.89990234375,1490
2026-03-26 01:15:00+00:00,4534.89990234375,4534.89990234375,4523.60009765625,4530.60009765625,944
2026-03-26 01:30:00+00:00,4531.60009765625,4534.2001953125,4522.5,4526.7001953125,553
2026-03-26 01:45:00+00:00,4526.39990234375,4532.7998046875,4518.7001953125,4532.0,716
2026-03-26 02:00:00+00:00,4532.2998046875,4532.2998046875,4524.39990234375,4529.0,389
2026-03-26 02:15:00+00:00,4528.2001953125,4529.39990234375,4520.7998046875,4525.10009765625,969
2026-03-26 02:30:00+00:00,4524.10009765625,4527.10009765625,4507.2001953125,4516.2998046875,1291
2026-03-26 02:45:00+00:00,4515.60009765625,4517.7001953125,4501.89990234375,4505.2001953125,893
2026-03-26 03:00:00+00:00,4505.10009765625,4507.7001953125,4497.7998046875,4507.7001953125,989
2026-03-26 03:15:00+00:00,4507.0,4509.7998046875,4495.7998046875,4502.89990234375,734
2026-03-26 03:30:00+00:00,4502.7001953125,4515.0,4502.7001953125,4511.60009765625,620
2026-03-26 03:45:00+00:00,4511.60009765625,4512.2998046875,4506.5,4510.2001953125,308
2026-03-26 04:00:00+00:00,4513.2998046875,4515.7001953125,4508.0,4515.5,523
2026-03-26 04:15:00+00:00,4514.60009765625,4518.2998046875,4512.5,4517.10009765625,419
2026-03-26 04:30:00+00:00,4517.60009765625,4518.7001953125,4512.89990234375,4514.39990234375,299
2026-03-26 04:45:00+00:00,4514.10009765625,4520.89990234375,4514.10009765625,4516.89990234375,508
2026-03-26 05:00:00+00:00,4517.0,4518.7001953125,4503.7998046875,4505.10009765625,1175
2026-03-26 05:15:00+00:00,4505.5,4508.0,4485.7001953125,4490.5,1140
2026-03-26 05:30:00+00:00,4490.5,4492.0,4476.2001953125,4479.7998046875,2539
2026-03-26 05:45:00+00:00,4478.89990234375,4480.5,4434.89990234375,4435.0,4634
2026-03-26 06:00:00+00:00,4434.7001953125,4446.60009765625,4414.5,4417.5,3687
2026-03-26 06:15:00+00:00,4419.2001953125,4438.2998046875,4412.10009765625,4437.2998046875,2185
2026-03-26 06:30:00+00:00,4436.5,4444.0,4427.2001953125,4443.89990234375,2127
2026-03-26 06:45:00+00:00,4444.0,4456.39990234375,4440.2998046875,4452.89990234375,2333
2026-03-26 07:00:00+00:00,4453.10009765625,4456.60009765625,4438.39990234375,4443.60009765625,1910
2026-03-26 07:15:00+00:00,4444.39990234375,4447.89990234375,4434.2998046875,4444.5,1990
2026-03-26 07:30:00+00:00,4445.10009765625,4460.5,4443.7998046875,4457.2001953125,2844
2026-03-26 07:45:00+00:00,4456.7001953125,4459.2001953125,4447.10009765625,4449.39990234375,1391
2026-03-26 08:00:00+00:00,4448.7001953125,4456.0,4436.89990234375,4441.39990234375,2225
2026-03-26 08:15:00+00:00,4441.7998046875,4443.5,4421.0,4425.10009765625,2959
2026-03-26 08:30:00+00:00,4425.10009765625,4434.2998046875,4409.2998046875,4416.89990234375,3409
2026-03-26 08:45:00+00:00,4416.39990234375,4436.89990234375,4415.5,4424.7998046875,3257
2026-03-26 09:00:00+00:00,4425.39990234375,4431.39990234375,4415.2998046875,4428.10009765625,2961
2026-03-26 09:15:00+00:00,4427.5,4434.10009765625,4422.39990234375,4429.7998046875,2378
2026-03-26 09:30:00+00:00,4429.2001953125,4429.2001953125,4412.10009765625,4421.7998046875,3066
2026-03-26 09:45:00+00:00,4421.2998046875,4425.2998046875,4414.2001953125,4421.2998046875,1926
2026-03-26 10:00:00+00:00,4421.10009765625,4425.89990234375,4414.60009765625,4422.60009765625,1581
2026-03-26 10:15:00+00:00,4422.2998046875,4445.2998046875,4422.2998046875,4439.2001953125,2282
2026-03-26 10:30:00+00:00,4439.0,4441.5,4420.2001953125,4424.89990234375,3603
2026-03-26 10:45:00+00:00,4424.60009765625,4444.2001953125,4422.10009765625,4440.2001953125,3728
2026-03-26 11:00:00+00:00,4440.5,4445.7998046875,4436.7998046875,4438.0,1667
2026-03-26 11:15:00+00:00,4438.2998046875,4453.10009765625,4436.39990234375,4439.7001953125,2887
2026-03-26 11:30:00+00:00,4440.0,4449.10009765625,4434.60009765625,4437.5,3504
2026-03-26 11:45:00+00:00,4437.89990234375,4439.60009765625,4415.89990234375,4419.7001953125,3788
2026-03-26 12:00:00+00:00,4420.10009765625,4442.2998046875,4412.7001953125,4439.5,3707
2026-03-26 12:15:00+00:00,4438.7998046875,4442.39990234375,4431.2998046875,4435.7998046875,2904
2026-03-26 12:30:00+00:00,4435.7998046875,4442.5,4429.60009765625,4433.5,2433
2026-03-26 12:45:00+00:00,4434.2998046875,4441.2998046875,4425.39990234375,4426.7998046875,4156
2026-03-26 13:00:00+00:00,4426.5,4442.5,4417.60009765625,4436.0,5335
2026-03-26 13:15:00+00:00,4436.0,4451.2001953125,4431.89990234375,4445.7998046875,3788
2026-03-26 13:30:00+00:00,4445.10009765625,4450.60009765625,4426.10009765625,4450.60009765625,5749
2026-03-26 13:45:00+00:00,4450.7998046875,4457.7998046875,4433.89990234375,4450.10009765625,6948
2026-03-26 14:00:00+00:00,4450.39990234375,4453.7001953125,4433.7001953125,4443.2001953125,3477
2026-03-26 14:15:00+00:00,4443.7998046875,4466.89990234375,4441.60009765625,4456.2998046875,7173
2026-03-26 14:30:00+00:00,4455.7998046875,4476.60009765625,4455.10009765625,4457.2001953125,6580
2026-03-26 14:45:00+00:00,4457.0,4465.89990234375,4442.60009765625,4461.89990234375,4498
2026-03-26 15:00:00+00:00,4461.5,4466.10009765625,4446.2998046875,4452.5,4766
2026-03-26 15:15:00+00:00,4452.7001953125,4455.2001953125,4445.7001953125,4451.2998046875,3158
2026-03-26 15:30:00+00:00,4450.2998046875,4450.5,4432.2001953125,4436.10009765625,5051
2026-03-26 15:45:00+00:00,4436.10009765625,4442.7998046875,4429.7998046875,4434.0,5061
2026-03-26 16:00:00+00:00,4434.0,4438.89990234375,4421.7998046875,4436.0,4779
2026-03-26 16:15:00+00:00,4435.89990234375,4435.89990234375,4380.60009765625,4392.2998046875,8968
2026-03-26 16:30:00+00:00,4391.5,4391.5,4362.7998046875,4377.2998046875,6911
2026-03-26 16:45:00+00:00,4376.7998046875,4388.5,4374.39990234375,4385.2998046875,4278
2026-03-26 17:00:00+00:00,4384.89990234375,4398.5,4380.7998046875,4390.5,4334
2026-03-26 17:15:00+00:00,4390.89990234375,4393.10009765625,4372.5,4378.89990234375,5610
2026-03-26 17:30:00+00:00,4379.0,4388.89990234375,4373.2001953125,4381.2001953125,4209
2026-03-26 17:45:00+00:00,4381.2001953125,4387.2998046875,4375.60009765625,4377.60009765625,2053
2026-03-26 18:00:00+00:00,4377.2001953125,4387.60009765625,4376.39990234375,4384.2998046875,2128
2026-03-26 18:15:00+00:00,4384.5,4384.5,4363.7001953125,4370.60009765625,2153
2026-03-26 18:30:00+00:00,4370.7998046875,4392.2998046875,4370.10009765625,4389.89990234375,1880
2026-03-26 18:45:00+00:00,4389.60009765625,4394.5,4387.2998046875,4391.0,1242
2026-03-26 19:00:00+00:00,4391.7001953125,4395.89990234375,4378.39990234375,4384.2001953125,1847
2026-03-26 19:15:00+00:00,4384.10009765625,4388.89990234375,4374.7001953125,4377.2998046875,1539
2026-03-26 19:30:00+00:00,4377.5,4384.89990234375,4371.7998046875,4375.5,1743
2026-03-26 19:45:00+00:00,4375.7998046875,4376.7001953125,4356.39990234375,4361.2998046875,2705
2026-03-26 20:00:00+00:00,4361.10009765625,4410.89990234375,4348.2001953125,4394.10009765625,5207
2026-03-26 20:15:00+00:00,4394.60009765625,4412.10009765625,4375.0,4400.2001953125,3334
2026-03-26 20:30:00+00:00,4400.60009765625,4416.7998046875,4393.0,4401.2998046875,1329
2026-03-26 20:45:00+00:00,4402.2001953125,4406.60009765625,4368.39990234375,4376.89990234375,2027
2026-03-26 22:00:00+00:00,4371.7998046875,4399.0,4369.10009765625,4396.10009765625,346
2026-03-26 22:15:00+00:00,4396.10009765625,4403.10009765625,4389.2998046875,4393.5,203
2026-03-26 22:30:00+00:00,4391.0,4409.60009765625,4390.7001953125,4401.2998046875,322
2026-03-26 22:45:00+00:00,4399.89990234375,4406.5,4394.39990234375,4406.5,230
2026-03-26 23:00:00+00:00,4404.89990234375,4408.5,4383.7998046875,4387.89990234375,480
2026-03-26 23:15:00+00:00,4385.7998046875,4394.7998046875,4385.7998046875,4393.60009765625,204
2026-03-26 23:30:00+00:00,4394.0,4402.2998046875,4390.0,4395.0,447
2026-03-26 23:45:00+00:00,4396.89990234375,4400.2998046875,4391.2001953125,4400.2998046875,480
2026-03-27 00:00:00+00:00,4399.39990234375,4405.2998046875,4398.2998046875,4399.89990234375,286
2026-03-27 00:15:00+00:00,4398.10009765625,4398.10009765625,4377.10009765625,4385.39990234375,320
2026-03-27 00:30:00+00:00,4387.7001953125,4390.7001953125,4381.60009765625,4385.60009765625,330
2026-03-27 00:45:00+00:00,4385.7001953125,4385.7001953125,4370.5,4374.0,232
2026-03-27 01:00:00+00:00,4372.2998046875,4393.89990234375,4372.2998046875,4387.60009765625,404
2026-03-27 01:15:00+00:00,4388.7001953125,4400.5,4386.39990234375,4400.2998046875,292
2026-03-27 01:30:00+00:00,4400.60009765625,4414.2998046875,4397.89990234375,4413.89990234375,453
2026-03-27 01:45:00+00:00,4412.7998046875,4414.0,4405.5,4411.39990234375,251
2026-03-27 02:00:00+00:00,4413.39990234375,4433.60009765625,4413.39990234375,4429.0,390
2026-03-27 02:15:00+00:00,4428.7001953125,4430.7001953125,4421.0,4425.7998046875,265
2026-03-27 02:30:00+00:00,4425.7001953125,4428.0,4419.7998046875,4424.39990234375,132
2026-03-27 02:45:00+00:00,4424.39990234375,4434.60009765625,4423.2998046875,4426.10009765625,172
2026-03-27 03:00:00+00:00,4427.0,4428.7998046875,4415.0,4423.7998046875,184
2026-03-27 03:15:00+00:00,4423.2001953125,4430.7998046875,4422.7001953125,4430.0,130
2026-03-27 03:30:00+00:00,4430.2001953125,4440.2001953125,4426.2001953125,4433.5,165
2026-03-27 03:45:00+00:00,4430.39990234375,4433.2001953125,4428.0,4432.0,86
2026-03-27 04:00:00+00:00,4431.7998046875,4434.2001953125,4427.5,4428.89990234375,66
2026-03-27 04:15:00+00:00,4427.0,4432.0,4426.2001953125,4428.0,74
2026-03-27 04:30:00+00:00,4429.39990234375,4436.2998046875,4428.7998046875,4434.7998046875,87
2026-03-27 04:45:00+00:00,4436.2001953125,4444.2001953125,4436.2001953125,4440.89990234375,173
2026-03-27 05:00:00+00:00,4440.10009765625,4441.2001953125,4437.2998046875,4439.60009765625,366
2026-03-27 05:15:00+00:00,4439.0,4441.5,4434.7001953125,4437.2001953125,357
2026-03-27 05:30:00+00:00,4437.2998046875,4469.2998046875,4437.2998046875,4460.2001953125,512
2026-03-27 05:45:00+00:00,4459.89990234375,4462.2001953125,4447.2998046875,4448.89990234375,206
2026-03-27 06:00:00+00:00,4448.0,4466.7998046875,4446.0,4464.7001953125,319
2026-03-27 06:15:00+00:00,4464.7998046875,4465.10009765625,4452.7001953125,4457.0,131
2026-03-27 06:30:00+00:00,4456.7998046875,4462.60009765625,4455.0,4459.2001953125,154
2026-03-27 06:45:00+00:00,4458.5,4459.2001953125,4449.10009765625,4453.60009765625,199
2026-03-27 07:00:00+00:00,4453.10009765625,4456.7001953125,4441.2001953125,4449.0,694
2026-03-27 07:15:00+00:00,4449.0,4451.10009765625,4444.60009765625,4446.60009765625,346
2026-03-27 07:30:00+00:00,4445.60009765625,4483.2001953125,4445.39990234375,4475.2001953125,28764
2026-03-27 07:45:00+00:00,4475.5,4481.0,4470.39990234375,4475.2001953125,3549
2026-03-27 08:00:00+00:00,4475.2998046875,4478.2001953125,4470.2998046875,4474.5,2187
2026-03-27 08:15:00+00:00,4474.2998046875,4474.89990234375,4458.10009765625,4461.7998046875,2638
2026-03-27 08:30:00+00:00,4461.7001953125,4467.2998046875,4456.39990234375,4462.5,1556
2026-03-27 08:45:00+00:00,4462.60009765625,4466.10009765625,4451.2998046875,4452.10009765625,1503
2026-03-27 09:00:00+00:00,4452.0,4459.0,4448.2998046875,4457.5,2045
2026-03-27 09:15:00+00:00,4457.39990234375,4464.10009765625,4456.2998046875,4462.5,1293
2026-03-27 09:30:00+00:00,4462.60009765625,4466.2001953125,4458.10009765625,4461.10009765625,998
2026-03-27 09:45:00+00:00,4461.0,4461.2001953125,4455.7998046875,4457.2001953125,1538
2026-03-27 10:00:00+00:00,4457.2001953125,4461.0,4452.0,4454.2998046875,1302
2026-03-27 10:15:00+00:00,4454.60009765625,4459.7998046875,4452.10009765625,4457.10009765625,2644
2026-03-27 10:30:00+00:00,4457.10009765625,4458.39990234375,4440.2998046875,4443.7001953125,2706
2026-03-27 10:45:00+00:00,4443.60009765625,4446.89990234375,4438.60009765625,4442.7998046875,1812
2026-03-27 11:00:00+00:00,4443.2998046875,4445.2001953125,4432.2001953125,4441.10009765625,2828
2026-03-27 11:15:00+00:00,4441.10009765625,4444.7998046875,4435.5,4442.89990234375,1474
2026-03-27 11:30:00+00:00,4443.0,4449.39990234375,4441.2998046875,4449.39990234375,1915
2026-03-27 11:45:00+00:00,4449.39990234375,4453.7001953125,4442.89990234375,4447.5,2859
2026-03-27 12:00:00+00:00,4447.60009765625,4454.2001953125,4439.7998046875,4452.10009765625,1841
2026-03-27 12:15:00+00:00,4452.10009765625,4461.60009765625,4444.2001953125,4456.7998046875,3244
2026-03-27 12:30:00+00:00,4457.0,4464.60009765625,4451.7998046875,4460.7001953125,2013
2026-03-27 12:45:00+00:00,4461.10009765625,4472.39990234375,4461.10009765625,4465.39990234375,2706
2026-03-27 13:00:00+00:00,4465.5,4471.2001953125,4451.5,4456.5,4220
2026-03-27 13:15:00+00:00,4456.60009765625,4469.5,4445.0,4449.2001953125,3762
2026-03-27 13:30:00+00:00,4449.89990234375,4459.7998046875,4441.0,4457.2998046875,5631
2026-03-27 13:45:00+00:00,4457.60009765625,4470.0,4449.0,4458.60009765625,2944
2026-03-27 14:00:00+00:00,4460.5,4492.10009765625,4459.0,4488.7998046875,6106
2026-03-27 14:15:00+00:00,4488.39990234375,4499.5,4481.10009765625,4484.2001953125,5564
2026-03-27 14:30:00+00:00,4483.89990234375,4493.0,4480.60009765625,4492.7001953125,3392
2026-03-27 14:45:00+00:00,4493.0,4545.5,4492.5,4540.10009765625,10529
2026-03-27 15:00:00+00:00,4540.2998046875,4564.2001953125,4531.60009765625,4555.60009765625,11172
2026-03-27 15:15:00+00:00,4558.89990234375,4585.2998046875,4552.60009765625,4573.10009765625,7469
2026-03-27 15:30:00+00:00,4573.7001953125,4582.7998046875,4556.89990234375,4562.10009765625,4788
2026-03-27 15:45:00+00:00,4562.2001953125,4566.60009765625,4551.2998046875,4554.39990234375,3076
2026-03-27 16:00:00+00:00,4554.60009765625,4563.2998046875,4548.10009765625,4558.60009765625,2409
2026-03-27 16:15:00+00:00,4558.0,4563.7998046875,4554.89990234375,4558.7998046875,4234
2026-03-27 16:30:00+00:00,4558.5,4559.10009765625,4535.7998046875,4541.60009765625,5760
2026-03-27 16:45:00+00:00,4541.60009765625,4551.7998046875,4537.89990234375,4546.5,2718
2026-03-27 17:00:00+00:00,4546.5,4552.7001953125,4536.89990234375,4541.7001953125,4664
2026-03-27 17:15:00+00:00,4541.89990234375,4542.2001953125,4516.7998046875,4524.7001953125,6075
2026-03-27 17:30:00+00:00,4524.39990234375,4530.39990234375,4516.2001953125,4520.7001953125,3849
2026-03-27 17:45:00+00:00,4521.10009765625,4529.39990234375,4515.0,4515.5,2373
2026-03-27 18:00:00+00:00,4515.7998046875,4528.39990234375,4515.7998046875,4527.60009765625,1528
2026-03-27 18:15:00+00:00,4528.39990234375,4540.60009765625,4528.39990234375,4539.0,2027
2026-03-27 18:30:00+00:00,4538.89990234375,4558.2998046875,4538.2998046875,4555.39990234375,2207
2026-03-27 18:45:00+00:00,4554.7001953125,4555.10009765625,4542.60009765625,4546.10009765625,1157
2026-03-27 19:00:00+00:00,4547.10009765625,4548.5,4536.0,4540.39990234375,1267
2026-03-27 19:15:00+00:00,4539.7001953125,4553.10009765625,4539.39990234375,4552.10009765625,1061
2026-03-27 19:30:00+00:00,4552.10009765625,4555.2001953125,4529.39990234375,4539.0,1766
2026-03-27 19:45:00+00:00,4538.39990234375,4551.39990234375,4532.2001953125,4543.10009765625,2002
2026-03-27 20:00:00+00:00,4543.5,4549.2998046875,4535.0,4538.7001953125,1156
2026-03-27 20:15:00+00:00,4539.0,4539.10009765625,4532.7998046875,4535.7001953125,839
2026-03-27 20:30:00+00:00,4535.39990234375,4540.89990234375,4526.7001953125,4533.89990234375,1137
2026-03-27 20:45:00+00:00,4533.7998046875,4533.7998046875,4518.89990234375,4520.5,1249
2026-03-29 22:00:00+00:00,4510.10009765625,4527.2001953125,4506.2998046875,4522.2998046875,534
2026-03-29 22:15:00+00:00,4523.10009765625,4538.0,4515.2001953125,4534.60009765625,1385
2026-03-29 22:30:00+00:00,4535.39990234375,4538.89990234375,4516.60009765625,4518.2998046875,942
2026-03-29 22:45:00+00:00,4520.0,4523.2998046875,4507.60009765625,4512.2998046875,1115
2026-03-29 23:00:00+00:00,4513.39990234375,4521.10009765625,4493.0,4506.60009765625,1414
2026-03-29 23:15:00+00:00,4506.60009765625,4513.2001953125,4499.60009765625,4500.0,595
2026-03-29 23:30:00+00:00,4500.0,4500.5,4473.0,4479.7001953125,2594
2026-03-29 23:45:00+00:00,4481.0,4483.89990234375,4472.0,4476.89990234375,1265
2026-03-30 00:00:00+00:00,4477.0,4479.7001953125,4444.7001953125,4453.5,2876
2026-03-30 00:15:00+00:00,4453.7998046875,4494.2001953125,4451.10009765625,4477.39990234375,3679
2026-03-30 00:30:00+00:00,4477.5,4486.60009765625,4463.2998046875,4466.5,1278
2026-03-30 00:45:00+00:00,4467.10009765625,4471.0,4458.7001953125,4461.2001953125,1339
2026-03-30 01:00:00+00:00,4460.60009765625,4491.2001953125,4460.2998046875,4488.10009765625,3133
2026-03-30 01:15:00+00:00,4488.7001953125,4495.60009765625,4475.0,4477.2998046875,1286
2026-03-30 01:30:00+00:00,4477.7001953125,4506.39990234375,4474.5,4500.10009765625,1833
2026-03-30 01:45:00+00:00,4501.0,4505.0,4491.7001953125,4498.5,1006
2026-03-30 02:00:00+00:00,4498.7998046875,4503.7001953125,4494.5,4502.5,817
2026-03-30 02:15:00+00:00,4502.39990234375,4503.7001953125,4495.60009765625,4502.10009765625,694
2026-03-30 02:30:00+00:00,4501.0,4528.7001953125,4487.7998046875,4524.10009765625,1616
2026-03-30 02:45:00+00:00,4523.2998046875,4525.7001953125,4508.7001953125,4510.89990234375,1327
2026-03-30 03:00:00+00:00,4510.39990234375,4538.7998046875,4508.10009765625,4534.39990234375,1538
2026-03-30 03:15:00+00:00,4534.89990234375,4548.0,4533.7998046875,4536.7998046875,1807
2026-03-30 03:30:00+00:00,4536.60009765625,4537.7998046875,4529.7998046875,4533.5,771
2026-03-30 03:45:00+00:00,4533.0,4537.60009765625,4526.0,4528.10009765625,619
2026-03-30 04:00:00+00:00,4526.5,4528.5,4516.2998046875,4517.7998046875,761
2026-03-30 04:15:00+00:00,4518.0,4525.2001953125,4517.2001953125,4520.60009765625,487
2026-03-30 04:30:00+00:00,4520.7998046875,4521.10009765625,4514.89990234375,4517.89990234375,613
2026-03-30 04:45:00+00:00,4517.60009765625,4528.5,4516.2998046875,4526.7998046875,660
2026-03-30 05:00:00+00:00,4526.7998046875,4537.7998046875,4526.60009765625,4534.2998046875,856
2026-03-30 05:15:00+00:00,4535.2998046875,4545.5,4533.39990234375,4534.89990234375,917
2026-03-30 05:30:00+00:00,4534.89990234375,4544.5,4532.2998046875,4539.10009765625,763
2026-03-30 05:45:00+00:00,4540.0,4557.39990234375,4539.39990234375,4551.5,1389
2026-03-30 06:00:00+00:00,4551.60009765625,4562.7998046875,4545.7001953125,4558.60009765625,1492
2026-03-30 06:15:00+00:00,4558.5,4563.7001953125,4554.89990234375,4556.7998046875,830
2026-03-30 06:30:00+00:00,4557.60009765625,4570.2001953125,4554.2001953125,4569.0,1461
2026-03-30 06:45:00+00:00,4568.7001953125,4579.2001953125,4558.7001953125,4560.0,2253
2026-03-30 07:00:00+00:00,4559.60009765625,4562.2998046875,4551.39990234375,4562.10009765625,1899
2026-03-30 07:15:00+00:00,4561.89990234375,4562.7998046875,4548.0,4550.60009765625,1371
2026-03-30 07:30:00+00:00,4550.0,4553.5,4543.2998046875,4548.89990234375,1517
2026-03-30 07:45:00+00:00,4549.5,4555.7001953125,4546.7998046875,4555.2001953125,701
2026-03-30 08:00:00+00:00,4555.10009765625,4565.0,4552.7001953125,4561.60009765625,1690
2026-03-30 08:15:00+00:00,4561.39990234375,4563.7001953125,4553.10009765625,4556.5,1423
2026-03-30 08:30:00+00:00,4556.2998046875,4566.0,4556.2998046875,4561.10009765625,1197
2026-03-30 08:45:00+00:00,4561.5,4569.0,4561.0,4566.89990234375,1071
2026-03-30 09:00:00+00:00,4566.60009765625,4569.39990234375,4556.5,4558.0,1229
2026-03-30 09:15:00+00:00,4557.7001953125,4565.2998046875,4551.2998046875,4556.2001953125,1804
2026-03-30 09:30:00+00:00,4555.89990234375,4566.7001953125,4552.5,4566.10009765625,1159
2026-03-30 09:45:00+00:00,4566.10009765625,4567.2001953125,4557.39990234375,4562.0,1086
2026-03-30 10:00:00+00:00,4561.89990234375,4565.60009765625,4558.5,4561.89990234375,826
2026-03-30 10:15:00+00:00,4563.0,4569.2001953125,4556.60009765625,4560.2001953125,1294
2026-03-30 10:30:00+00:00,4560.2001953125,4563.2998046875,4557.2001953125,4562.39990234375,766
2026-03-30 10:45:00+00:00,4562.89990234375,4564.7001953125,4557.5,4561.2001953125,750
2026-03-30 11:00:00+00:00,4561.39990234375,4569.60009765625,4553.89990234375,4567.2001953125,1169
2026-03-30 11:15:00+00:00,4567.60009765625,4578.0,4564.2001953125,4573.0,2557
2026-03-30 11:30:00+00:00,4573.5,4595.10009765625,4568.0,4595.10009765625,2370
2026-03-30 11:45:00+00:00,4595.0,4611.39990234375,4585.7998046875,4589.0,4561
2026-03-30 12:00:00+00:00,4589.5,4591.39990234375,4574.60009765625,4586.2998046875,2919
2026-03-30 12:15:00+00:00,4586.10009765625,4598.39990234375,4585.5,4596.10009765625,1886
2026-03-30 12:30:00+00:00,4595.7998046875,4608.10009765625,4594.2998046875,4604.10009765625,2135
2026-03-30 12:45:00+00:00,4604.10009765625,4604.10009765625,4593.89990234375,4599.60009765625,1827
2026-03-30 13:00:00+00:00,4599.89990234375,4609.0,4591.2998046875,4595.7001953125,2328
2026-03-30 13:15:00+00:00,4595.5,4601.2998046875,4589.0,4598.0,1705
2026-03-30 13:30:00+00:00,4597.39990234375,4603.89990234375,4573.0,4574.39990234375,4553
2026-03-30 13:45:00+00:00,4574.7001953125,4578.7001953125,4546.7001953125,4553.7001953125,5970
2026-03-30 14:00:00+00:00,4553.2001953125,4566.5,4547.2001953125,4564.2998046875,5012
2026-03-30 14:15:00+00:00,4563.7001953125,4565.2998046875,4542.0,4549.0,2706
2026-03-30 14:30:00+00:00,4548.7998046875,4565.2001953125,4547.39990234375,4553.0,2377
2026-03-30 14:45:00+00:00,4552.7001953125,4571.89990234375,4551.89990234375,4569.2001953125,2801
2026-03-30 15:00:00+00:00,4569.0,4574.0,4562.2998046875,4563.2001953125,1914
2026-03-30 15:15:00+00:00,4563.2998046875,4564.39990234375,4554.5,4561.7001953125,2422
2026-03-30 15:30:00+00:00,4561.7001953125,4583.5,4557.5,4581.7998046875,2267
2026-03-30 15:45:00+00:00,4581.89990234375,4587.10009765625,4574.89990234375,4578.10009765625,3245
2026-03-30 16:00:00+00:00,4578.39990234375,4580.0,4568.10009765625,4574.39990234375,1655
2026-03-30 16:15:00+00:00,4574.0,4579.0,4566.60009765625,4566.60009765625,1915
2026-03-30 16:30:00+00:00,4566.60009765625,4578.2998046875,4560.10009765625,4578.2998046875,1930
2026-03-30 16:45:00+00:00,4578.10009765625,4578.60009765625,4566.2998046875,4569.5,1262
2026-03-30 17:00:00+00:00,4569.10009765625,4572.0,4548.5,4551.7998046875,2075
2026-03-30 17:15:00+00:00,4551.7998046875,4560.89990234375,4549.7001953125,4557.0,2038
2026-03-30 17:30:00+00:00,4556.89990234375,4557.0,4544.2998046875,4554.60009765625,2100
2026-03-30 17:45:00+00:00,4554.10009765625,4558.89990234375,4540.89990234375,4544.7998046875,2180
2026-03-30 18:00:00+00:00,4545.10009765625,4553.10009765625,4543.10009765625,4548.7001953125,1633
2026-03-30 18:15:00+00:00,4549.10009765625,4551.7001953125,4540.89990234375,4543.89990234375,848
2026-03-30 18:30:00+00:00,4544.10009765625,4549.5,4542.2001953125,4545.39990234375,858
2026-03-30 18:45:00+00:00,4545.2001953125,4548.60009765625,4528.0,4528.7998046875,1859
2026-03-30 19:00:00+00:00,4528.5,4534.7998046875,4523.0,4527.2001953125,1666
2026-03-30 19:15:00+00:00,4527.39990234375,4534.10009765625,4522.7001953125,4531.5,1015
2026-03-30 19:30:00+00:00,4531.7001953125,4542.89990234375,4527.7001953125,4534.7998046875,1351
2026-03-30 19:45:00+00:00,4534.60009765625,4548.2998046875,4534.60009765625,4543.2001953125,1293
2026-03-30 20:00:00+00:00,4543.7001953125,4547.0,4535.39990234375,4537.60009765625,887
2026-03-30 20:15:00+00:00,4538.7001953125,4539.7001953125,4531.7001953125,4535.39990234375,321
2026-03-30 20:30:00+00:00,4536.0,4536.7001953125,4530.2001953125,4532.7998046875,366
2026-03-30 20:45:00+00:00,4532.7998046875,4540.89990234375,4532.10009765625,4540.39990234375,396
2026-03-30 22:00:00+00:00,4538.89990234375,4552.5,4536.2001953125,4537.89990234375,364
2026-03-30 22:15:00+00:00,4538.10009765625,4544.10009765625,4530.5,4543.0,657
2026-03-30 22:30:00+00:00,4543.89990234375,4548.10009765625,4536.7001953125,4537.10009765625,202
2026-03-30 22:45:00+00:00,4537.39990234375,4544.39990234375,4537.2998046875,4539.39990234375,282
2026-03-30 23:00:00+00:00,4539.10009765625,4539.10009765625,4520.7998046875,4527.2001953125,793
2026-03-30 23:15:00+00:00,4526.39990234375,4538.60009765625,4526.0,4533.39990234375,398
2026-03-30 23:30:00+00:00,4533.10009765625,4548.0,4532.0,4546.60009765625,459
2026-03-30 23:45:00+00:00,4546.2998046875,4550.10009765625,4535.7998046875,4542.10009765625,489
2026-03-31 00:00:00+00:00,4541.39990234375,4556.39990234375,4538.60009765625,4543.5,1029
2026-03-31 00:15:00+00:00,4545.0,4546.60009765625,4510.0,4539.5,2395
2026-03-31 00:30:00+00:00,4538.7998046875,4566.10009765625,4534.0,4564.60009765625,1841
2026-03-31 00:45:00+00:00,4565.10009765625,4577.2998046875,4563.0,4576.60009765625,2092
2026-03-31 01:00:00+00:00,4576.5,4579.89990234375,4560.89990234375,4572.7001953125,1673
2026-03-31 01:15:00+00:00,4573.10009765625,4615.10009765625,4571.89990234375,4611.0,4442
2026-03-31 01:30:00+00:00,4611.5,4649.5,4608.2998046875,4647.7998046875,4776
2026-03-31 01:45:00+00:00,4648.2001953125,4649.39990234375,4626.2001953125,4635.5,3126
2026-03-31 02:00:00+00:00,4634.7001953125,4637.60009765625,4617.0,4619.7001953125,1872
2026-03-31 02:15:00+00:00,4619.5,4622.39990234375,4608.89990234375,4612.2001953125,1081
2026-03-31 02:30:00+00:00,4612.5,4618.2001953125,4608.89990234375,4616.7998046875,1266
2026-03-31 02:45:00+00:00,4616.89990234375,4617.7001953125,4595.7001953125,4597.7998046875,1375
2026-03-31 03:00:00+00:00,4597.5,4607.2998046875,4596.0,4600.0,1017
2026-03-31 03:15:00+00:00,4600.39990234375,4600.7998046875,4585.5,4591.7001953125,1059
2026-03-31 03:30:00+00:00,4591.10009765625,4595.5,4579.10009765625,4580.2998046875,953
2026-03-31 03:45:00+00:00,4580.2001953125,4586.2998046875,4578.5,4584.89990234375,665
2026-03-31 04:00:00+00:00,4585.89990234375,4594.2998046875,4585.5,4586.0,857
2026-03-31 04:15:00+00:00,4586.5,4597.7998046875,4585.7001953125,4590.0,819
2026-03-31 04:30:00+00:00,4589.7998046875,4593.89990234375,4588.39990234375,4592.5,385
2026-03-31 04:45:00+00:00,4592.89990234375,4597.39990234375,4589.2001953125,4592.89990234375,707
2026-03-31 05:00:00+00:00,4592.7001953125,4598.7001953125,4575.7001953125,4578.7001953125,1064
2026-03-31 05:15:00+00:00,4578.0,4596.39990234375,4577.7998046875,4589.89990234375,872
2026-03-31 05:30:00+00:00,4589.2998046875,4608.2998046875,4587.2998046875,4605.2001953125,1624
2026-03-31 05:45:00+00:00,4605.10009765625,4610.2001953125,4595.7001953125,4597.0,1183
2026-03-31 06:00:00+00:00,4596.7001953125,4596.7001953125,4584.7001953125,4588.0,1540
2026-03-31 06:15:00+00:00,4587.7998046875,4593.60009765625,4581.39990234375,4589.60009765625,1054
2026-03-31 06:30:00+00:00,4589.39990234375,4594.5,4585.0,4587.89990234375,869
2026-03-31 06:45:00+00:00,4588.60009765625,4591.0,4583.2998046875,4586.39990234375,642
2026-03-31 07:00:00+00:00,4586.89990234375,4593.10009765625,4578.5,4581.89990234375,1108
2026-03-31 07:15:00+00:00,4581.5,4586.2998046875,4571.7998046875,4581.39990234375,1422
2026-03-31 07:30:00+00:00,4581.5,4591.5,4581.39990234375,4589.60009765625,1497
2026-03-31 07:45:00+00:00,4590.60009765625,4596.0,4587.2001953125,4594.7001953125,1305
2026-03-31 08:00:00+00:00,4594.5,4603.39990234375,4590.60009765625,4596.2998046875,1950
2026-03-31 08:15:00+00:00,4596.10009765625,4603.60009765625,4595.2998046875,4602.7001953125,1376
2026-03-31 08:30:00+00:00,4602.39990234375,4605.5,4597.89990234375,4601.5,1008
2026-03-31 08:45:00+00:00,4601.89990234375,4604.5,4597.7998046875,4599.0,1247
2026-03-31 09:00:00+00:00,4599.2998046875,4602.7001953125,4593.2998046875,4597.7001953125,1340
2026-03-31 09:15:00+00:00,4597.39990234375,4601.0,4592.0,4592.5,802
2026-03-31 09:30:00+00:00,4592.2998046875,4592.7001953125,4580.10009765625,4585.39990234375,1816
2026-03-31 09:45:00+00:00,4585.60009765625,4592.10009765625,4580.7998046875,4585.2998046875,888
2026-03-31 10:00:00+00:00,4584.7001953125,4591.60009765625,4584.5,4586.5,645
2026-03-31 10:15:00+00:00,4585.89990234375,4590.89990234375,4585.2998046875,4590.0,495
2026-03-31 10:30:00+00:00,4589.60009765625,4590.39990234375,4558.89990234375,4570.7998046875,2590
2026-03-31 10:45:00+00:00,4570.2998046875,4582.60009765625,4569.60009765625,4576.60009765625,1539
2026-03-31 11:00:00+00:00,4577.5,4594.89990234375,4571.0,4581.2998046875,1882
2026-03-31 11:15:00+00:00,4582.10009765625,4614.10009765625,4580.0,4605.60009765625,3534
2026-03-31 11:30:00+00:00,4605.89990234375,4623.89990234375,4599.10009765625,4622.5,2803
2026-03-31 11:45:00+00:00,4622.89990234375,4623.60009765625,4606.89990234375,4612.7998046875,1685
2026-03-31 12:00:00+00:00,4613.2998046875,4628.0,4604.39990234375,4606.2001953125,3086
2026-03-31 12:15:00+00:00,4605.7001953125,4613.39990234375,4601.7998046875,4609.2001953125,3005
2026-03-31 12:30:00+00:00,4609.60009765625,4620.7001953125,4607.89990234375,4609.5,1382
2026-03-31 12:45:00+00:00,4609.0,4611.5,4599.39990234375,4604.5,1289
2026-03-31 13:00:00+00:00,4605.39990234375,4613.60009765625,4597.7998046875,4611.60009765625,1485
2026-03-31 13:15:00+00:00,4610.89990234375,4617.7998046875,4603.0,4603.0,1337
2026-03-31 13:30:00+00:00,4603.0,4619.7001953125,4598.2998046875,4618.0,3264
2026-03-31 13:45:00+00:00,4618.39990234375,4640.0,4615.0,4637.2998046875,7957
2026-03-31 14:00:00+00:00,4637.2001953125,4656.10009765625,4632.39990234375,4646.2001953125,6460
2026-03-31 14:15:00+00:00,4645.7998046875,4650.60009765625,4632.7998046875,4649.2001953125,2761
2026-03-31 14:30:00+00:00,4649.7001953125,4662.0,4634.2998046875,4638.5,4104
2026-03-31 14:45:00+00:00,4638.60009765625,4641.7001953125,4625.2998046875,4628.7001953125,3774
2026-03-31 15:00:00+00:00,4629.5,4654.5,4629.2998046875,4653.7001953125,3032
2026-03-31 15:15:00+00:00,4653.60009765625,4655.7998046875,4638.10009765625,4640.2998046875,3587
2026-03-31 15:30:00+00:00,4640.5,4652.2001953125,4637.2998046875,4651.5,1934
2026-03-31 15:45:00+00:00,4651.60009765625,4654.39990234375,4638.2998046875,4640.0,1829
2026-03-31 16:00:00+00:00,4640.10009765625,4650.2001953125,4637.5,4642.89990234375,1430
2026-03-31 16:15:00+00:00,4642.2998046875,4649.2998046875,4639.89990234375,4648.7001953125,1803
2026-03-31 16:30:00+00:00,4648.7001953125,4682.7001953125,4645.7998046875,4673.10009765625,4992
2026-03-31 16:45:00+00:00,4673.10009765625,4681.0,4661.7998046875,4669.10009765625,3549
2026-03-31 17:00:00+00:00,4669.2001953125,4686.7001953125,4667.0,4673.60009765625,3361
2026-03-31 17:15:00+00:00,4673.39990234375,4690.5,4671.2001953125,4679.5,4854
2026-03-31 17:30:00+00:00,4679.7001953125,4697.0,4676.5,4691.7998046875,4023
2026-03-31 17:45:00+00:00,4691.7998046875,4698.5,4684.0,4685.5,2312
2026-03-31 18:00:00+00:00,4685.0,4701.10009765625,4684.10009765625,4697.0,2492
2026-03-31 18:15:00+00:00,4697.39990234375,4699.89990234375,4690.89990234375,4694.89990234375,957
2026-03-31 18:30:00+00:00,4695.2001953125,4702.0,4691.2998046875,4698.39990234375,1132
2026-03-31 18:45:00+00:00,4698.89990234375,4701.5,4694.39990234375,4698.2001953125,1071
2026-03-31 19:00:00+00:00,4698.2001953125,4707.0,4691.7998046875,4701.7998046875,1876
2026-03-31 19:15:00+00:00,4702.0,4711.60009765625,4699.60009765625,4703.39990234375,1553
2026-03-31 19:30:00+00:00,4703.60009765625,4714.2001953125,4702.7998046875,4711.39990234375,1777
2026-03-31 19:45:00+00:00,4711.39990234375,4716.2998046875,4710.0,4713.2998046875,2080
2026-03-31 20:00:00+00:00,4713.39990234375,4717.60009765625,4706.39990234375,4709.60009765625,1653
2026-03-31 20:15:00+00:00,4709.60009765625,4712.10009765625,4698.39990234375,4699.5,800
2026-03-31 20:30:00+00:00,4699.2998046875,4705.7998046875,4697.2998046875,4698.7001953125,562
2026-03-31 20:45:00+00:00,4698.2998046875,4700.60009765625,4695.0,4699.60009765625,827
2026-03-31 22:00:00+00:00,4698.39990234375,4710.0,4690.0,4696.89990234375,1093
2026-03-31 22:15:00+00:00,4697.0,4714.89990234375,4691.0,4703.0,1952
2026-03-31 22:30:00+00:00,4702.0,4725.89990234375,4698.89990234375,4712.7998046875,2542
2026-03-31 22:45:00+00:00,4713.5,4716.2001953125,4690.10009765625,4709.7001953125,3534
2026-03-31 23:00:00+00:00,4709.39990234375,4710.60009765625,4701.60009765625,4704.89990234375,616
2026-03-31 23:15:00+00:00,4705.2998046875,4712.7001953125,4700.2998046875,4711.2998046875,769
2026-03-31 23:30:00+00:00,4710.60009765625,4723.10009765625,4709.2998046875,4719.2001953125,697
2026-03-31 23:45:00+00:00,4718.39990234375,4728.7998046875,4716.2998046875,4723.60009765625,880
2026-04-01 00:00:00+00:00,4723.60009765625,4733.60009765625,4721.5,4731.89990234375,1363
2026-04-01 00:15:00+00:00,4732.0,4750.0,4731.39990234375,4749.60009765625,1773
2026-04-01 00:30:00+00:00,4749.7998046875,4750.5,4727.7998046875,4734.10009765625,1865
2026-04-01 00:45:00+00:00,4733.89990234375,4746.5,4731.5,4738.7998046875,2351
2026-04-01 01:00:00+00:00,4738.60009765625,4751.89990234375,4716.7001953125,4734.7998046875,2369
2026-04-01 01:15:00+00:00,4735.89990234375,4735.89990234375,4719.10009765625,4735.2001953125,1200
2026-04-01 01:30:00+00:00,4734.7001953125,4734.89990234375,4708.2998046875,4714.60009765625,1849
2026-04-01 01:45:00+00:00,4714.2998046875,4723.39990234375,4712.89990234375,4718.7998046875,1025
2026-04-01 02:00:00+00:00,4719.89990234375,4727.5,4713.89990234375,4720.60009765625,1131
2026-04-01 02:15:00+00:00,4719.89990234375,4724.5,4710.0,4714.2001953125,1160
2026-04-01 02:30:00+00:00,4714.2001953125,4717.0,4704.5,4708.7001953125,1431
2026-04-01 02:45:00+00:00,4707.7998046875,4716.0,4705.0,4711.10009765625,1026
2026-04-01 03:00:00+00:00,4710.2998046875,4718.89990234375,4709.0,4715.60009765625,1102
2026-04-01 03:15:00+00:00,4716.0,4720.2001953125,4710.7001953125,4713.7001953125,782
2026-04-01 03:30:00+00:00,4713.7001953125,4714.89990234375,4709.2001953125,4713.2001953125,623
2026-04-01 03:45:00+00:00,4713.39990234375,4715.0,4705.5,4707.0,732
2026-04-01 04:00:00+00:00,4707.60009765625,4707.7001953125,4699.0,4699.89990234375,866
2026-04-01 04:15:00+00:00,4699.89990234375,4700.5,4693.0,4698.5,1251
2026-04-01 04:30:00+00:00,4698.7001953125,4703.2001953125,4695.0,4703.2001953125,845
2026-04-01 04:45:00+00:00,4702.89990234375,4707.60009765625,4698.89990234375,4702.7001953125,684
2026-04-01 05:00:00+00:00,4702.89990234375,4710.7001953125,4700.7998046875,4709.0,568
2026-04-01 05:15:00+00:00,4709.2001953125,4717.60009765625,4706.60009765625,4712.7998046875,1837
2026-04-01 05:30:00+00:00,4713.0,4730.0,4713.0,4728.2998046875,1587
2026-04-01 05:45:00+00:00,4728.2998046875,4730.0,4710.10009765625,4710.2998046875,1350
2026-04-01 06:00:00+00:00,4710.7998046875,4723.89990234375,4708.89990234375,4723.7998046875,1860
2026-04-01 06:15:00+00:00,4724.0,4737.39990234375,4718.7998046875,4734.7001953125,2404
2026-04-01 06:30:00+00:00,4734.7001953125,4738.7001953125,4728.2001953125,4734.7001953125,1746
2026-04-01 06:45:00+00:00,4734.89990234375,4759.89990234375,4734.5,4757.39990234375,3433
2026-04-01 07:00:00+00:00,4757.5,4759.5,4740.2998046875,4741.7998046875,2075
2026-04-01 07:15:00+00:00,4741.10009765625,4752.2998046875,4739.2998046875,4749.7001953125,1388
2026-04-01 07:30:00+00:00,4749.39990234375,4774.2001953125,4748.89990234375,4756.7998046875,3391
2026-04-01 07:45:00+00:00,4756.60009765625,4759.2998046875,4735.60009765625,4739.39990234375,3165
2026-04-01 08:00:00+00:00,4739.60009765625,4753.5,4737.0,4745.7001953125,2899
2026-04-01 08:15:00+00:00,4746.2001953125,4763.2001953125,4744.0,4757.60009765625,1592
2026-04-01 08:30:00+00:00,4757.5,4767.5,4753.7998046875,4759.10009765625,1539
2026-04-01 08:45:00+00:00,4759.2998046875,4760.0,4753.7998046875,4755.7998046875,1391
2026-04-01 09:00:00+00:00,4755.7998046875,4757.60009765625,4745.0,4745.39990234375,970
2026-04-01 09:15:00+00:00,4745.2001953125,4751.10009765625,4741.10009765625,4746.7001953125,1105
2026-04-01 09:30:00+00:00,4746.5,4750.2001953125,4740.0,4746.2001953125,1449
2026-04-01 09:45:00+00:00,4746.7998046875,4755.2001953125,4746.39990234375,4750.5,842
2026-04-01 10:00:00+00:00,4750.0,4751.89990234375,4742.7001953125,4742.7001953125,605
2026-04-01 10:15:00+00:00,4742.7001953125,4756.7001953125,4742.39990234375,4755.60009765625,957
2026-04-01 10:30:00+00:00,4755.39990234375,4763.7001953125,4753.39990234375,4762.0,1197
2026-04-01 10:45:00+00:00,4762.39990234375,4766.0,4753.60009765625,4758.7001953125,1511
2026-04-01 11:00:00+00:00,4758.2001953125,4767.7001953125,4755.2001953125,4764.2001953125,1298
2026-04-01 11:15:00+00:00,4764.39990234375,4773.7998046875,4764.0,4772.10009765625,1977
2026-04-01 11:30:00+00:00,4772.7998046875,4791.5,4772.2001953125,4788.5,2555
2026-04-01 11:45:00+00:00,4789.10009765625,4789.5,4780.2001953125,4780.2001953125,1451
2026-04-01 12:00:00+00:00,4780.2001953125,4782.0,4767.60009765625,4771.5,1930
2026-04-01 12:15:00+00:00,4770.5,4773.2998046875,4752.10009765625,4762.89990234375,2729
2026-04-01 12:30:00+00:00,4762.10009765625,4781.7001953125,4759.39990234375,4775.5,4249
2026-04-01 12:45:00+00:00,4776.2998046875,4782.0,4752.0,4752.10009765625,3548
2026-04-01 13:00:00+00:00,4752.0,4760.7001953125,4743.2998046875,4758.60009765625,3355
2026-04-01 13:15:00+00:00,4758.10009765625,4769.5,4757.60009765625,4763.39990234375,2022
2026-04-01 13:30:00+00:00,4763.39990234375,4776.7998046875,4758.0,4770.5,3375
2026-04-01 13:45:00+00:00,4769.5,4776.10009765625,4761.2001953125,4765.39990234375,2374
2026-04-01 14:00:00+00:00,4765.2001953125,4775.2998046875,4751.2998046875,4771.39990234375,3691
2026-04-01 14:15:00+00:00,4772.10009765625,4783.0,4758.0,4770.0,4368
2026-04-01 14:30:00+00:00,4769.7001953125,4784.89990234375,4763.0,4781.89990234375,2453
2026-04-01 14:45:00+00:00,4782.2001953125,4796.7998046875,4780.60009765625,4788.39990234375,3446
2026-04-01 15:00:00+00:00,4788.7998046875,4803.0,4785.2001953125,4792.0,4157
2026-04-01 15:15:00+00:00,4792.2998046875,4803.5,4789.7001953125,4800.10009765625,2392
2026-04-01 15:30:00+00:00,4800.2001953125,4814.89990234375,4797.0,4813.0,2911
2026-04-01 15:45:00+00:00,4813.5,4816.2001953125,4809.7998046875,4814.39990234375,1997
2026-04-01 16:00:00+00:00,4814.2998046875,4818.89990234375,4802.10009765625,4802.7998046875,2338
2026-04-01 16:15:00+00:00,4802.5,4811.0,4802.2998046875,4804.5,1272
2026-04-01 16:30:00+00:00,4804.39990234375,4813.0,4803.39990234375,4812.2998046875,1040
2026-04-01 16:45:00+00:00,4812.10009765625,4816.60009765625,4809.7998046875,4815.0,862
2026-04-01 17:00:00+00:00,4815.2001953125,4821.0,4814.39990234375,4816.2998046875,1443
2026-04-01 17:15:00+00:00,4816.10009765625,4819.0,4809.7998046875,4812.39990234375,2820
2026-04-01 17:30:00+00:00,4812.0,4813.2001953125,4802.7998046875,4808.89990234375,1210
2026-04-01 17:45:00+00:00,4809.2001953125,4810.2998046875,4800.39990234375,4801.39990234375,830
2026-04-01 18:00:00+00:00,4801.10009765625,4802.60009765625,4785.39990234375,4798.5,2725
2026-04-01 18:15:00+00:00,4798.2001953125,4798.2001953125,4779.10009765625,4780.5,1786
2026-04-01 18:30:00+00:00,4781.0,4793.2001953125,4768.2001953125,4783.7001953125,3326
2026-04-01 18:45:00+00:00,4783.5,4785.10009765625,4778.10009765625,4779.5,1022
2026-04-01 19:00:00+00:00,4780.0,4791.7998046875,4777.60009765625,4786.39990234375,871
2026-04-01 19:15:00+00:00,4786.10009765625,4795.5,4784.89990234375,4792.10009765625,943
2026-04-01 19:30:00+00:00,4792.2998046875,4804.39990234375,4789.5,4795.89990234375,1252
2026-04-01 19:45:00+00:00,4795.39990234375,4798.5,4784.10009765625,4791.7001953125,2036
2026-04-01 20:00:00+00:00,4791.7001953125,4795.7001953125,4788.39990234375,4794.5,583
2026-04-01 20:15:00+00:00,4795.10009765625,4797.2001953125,4786.89990234375,4788.0,262
2026-04-01 20:30:00+00:00,4787.7998046875,4789.7001953125,4780.0,4785.7001953125,421
2026-04-01 20:45:00+00:00,4785.7001953125,4789.39990234375,4782.2001953125,4784.60009765625,317
2026-04-01 22:00:00+00:00,4783.0,4791.7998046875,4776.60009765625,4785.10009765625,237
2026-04-01 22:15:00+00:00,4785.2998046875,4799.60009765625,4785.2001953125,4798.0,578
2026-04-01 22:30:00+00:00,4797.5,4806.7001953125,4795.89990234375,4801.5,703
2026-04-01 22:45:00+00:00,4801.89990234375,4808.10009765625,4800.5,4801.10009765625,464
2026-04-01 23:00:00+00:00,4802.2001953125,4816.89990234375,4798.5,4816.2998046875,729
2026-04-01 23:15:00+00:00,4816.89990234375,4824.5,4813.5,4819.7998046875,1248
2026-04-01 23:30:00+00:00,4820.2998046875,4825.89990234375,4813.39990234375,4814.39990234375,769
2026-04-01 23:45:00+00:00,4814.39990234375,4814.39990234375,4803.0,4808.89990234375,750
2026-04-02 00:00:00+00:00,4809.2998046875,4818.7998046875,4800.0,4817.5,903
2026-04-02 00:15:00+00:00,4817.89990234375,4823.89990234375,4813.7998046875,4815.10009765625,829
2026-04-02 00:30:00+00:00,4814.7998046875,4821.7001953125,4809.7998046875,4813.39990234375,1066
2026-04-02 00:45:00+00:00,4813.5,4817.7998046875,4809.60009765625,4810.39990234375,1234
2026-04-02 01:00:00+00:00,4811.0,4813.39990234375,4750.0,4779.60009765625,6032
2026-04-02 01:15:00+00:00,4777.5,4780.60009765625,4714.5,4724.39990234375,7359
2026-04-02 01:30:00+00:00,4723.60009765625,4736.7001953125,4675.7001953125,4717.2001953125,7700
2026-04-02 01:45:00+00:00,4716.2001953125,4739.39990234375,4712.0,4723.7998046875,2489
2026-04-02 02:00:00+00:00,4723.10009765625,4732.2001953125,4706.10009765625,4717.2998046875,2737
2026-04-02 02:15:00+00:00,4717.7001953125,4731.10009765625,4716.7998046875,4718.2998046875,1684
2026-04-02 02:30:00+00:00,4717.5,4718.89990234375,4683.39990234375,4704.2998046875,4268
2026-04-02 02:45:00+00:00,4704.5,4717.60009765625,4701.7001953125,4715.10009765625,1739
2026-04-02 03:00:00+00:00,4714.0,4719.2998046875,4705.60009765625,4717.7001953125,836
2026-04-02 03:15:00+00:00,4717.5,4726.7998046875,4715.7998046875,4719.5,1152
2026-04-02 03:30:00+00:00,4718.39990234375,4720.2001953125,4711.0,4712.7998046875,855
2026-04-02 03:45:00+00:00,4713.39990234375,4715.10009765625,4702.7998046875,4707.10009765625,779
2026-04-02 04:00:00+00:00,4703.60009765625,4708.60009765625,4691.2001953125,4695.0,1396
2026-04-02 04:15:00+00:00,4694.7001953125,4698.89990234375,4688.7998046875,4692.7001953125,933
2026-04-02 04:30:00+00:00,4692.7998046875,4696.2998046875,4684.60009765625,4688.5,759
2026-04-02 04:45:00+00:00,4687.89990234375,4699.5,4683.7998046875,4698.89990234375,725
2026-04-02 05:00:00+00:00,4699.2998046875,4701.39990234375,4692.60009765625,4696.39990234375,551
2026-04-02 05:15:00+00:00,4696.7998046875,4706.60009765625,4695.0,4703.2998046875,760
2026-04-02 05:30:00+00:00,4702.89990234375,4705.0,4654.7001953125,4660.2001953125,3539
2026-04-02 05:45:00+00:00,4660.2001953125,4660.7998046875,4612.2001953125,4622.10009765625,5767
2026-04-02 06:00:00+00:00,4621.7998046875,4623.89990234375,4580.39990234375,4607.39990234375,5714
2026-04-02 06:15:00+00:00,4607.5,4625.39990234375,4600.7998046875,4617.7998046875,3861
2026-04-02 06:30:00+00:00,4616.60009765625,4625.0,4608.2998046875,4614.60009765625,2523
2026-04-02 06:45:00+00:00,4613.89990234375,4635.60009765625,4610.39990234375,4625.0,4157
2026-04-02 07:00:00+00:00,4624.5,4648.5,4623.7001953125,4647.2998046875,2249
2026-04-02 07:15:00+00:00,4646.60009765625,4653.10009765625,4643.2998046875,4646.7998046875,2139
2026-04-02 07:30:00+00:00,4646.7998046875,4668.5,4645.0,4663.0,2047
2026-04-02 07:45:00+00:00,4663.2998046875,4677.0,4661.39990234375,4668.2001953125,1739
2026-04-02 08:00:00+00:00,4668.10009765625,4674.5,4654.60009765625,4667.2001953125,2289
2026-04-02 08:15:00+00:00,4666.5,4670.60009765625,4656.60009765625,4659.7001953125,1383
2026-04-02 08:30:00+00:00,4659.89990234375,4669.5,4655.0,4656.10009765625,1729
2026-04-02 08:45:00+00:00,4656.7001953125,4659.89990234375,4641.60009765625,4646.10009765625,2259
2026-04-02 09:00:00+00:00,4645.5,4650.7001953125,4638.2001953125,4649.2001953125,1490
2026-04-02 09:15:00+00:00,4648.89990234375,4657.2998046875,4642.7998046875,4646.39990234375,1386
2026-04-02 09:30:00+00:00,4646.10009765625,4651.2998046875,4640.7998046875,4647.2001953125,1809
2026-04-02 09:45:00+00:00,4646.60009765625,4654.2998046875,4643.2998046875,4647.2998046875,1244
2026-04-02 10:00:00+00:00,4647.5,4661.10009765625,4644.0,4650.39990234375,1134
2026-04-02 10:15:00+00:00,4651.2001953125,4652.7001953125,4629.5,4644.2998046875,1168
2026-04-02 10:30:00+00:00,4644.2998046875,4657.2998046875,4639.2001953125,4650.7998046875,1548
2026-04-02 10:45:00+00:00,4650.89990234375,4655.89990234375,4645.7001953125,4646.7001953125,743
2026-04-02 11:00:00+00:00,4647.10009765625,4656.2001953125,4642.7001953125,4653.2998046875,590
2026-04-02 11:15:00+00:00,4654.0,4656.7998046875,4639.10009765625,4640.7998046875,908
2026-04-02 11:30:00+00:00,4640.89990234375,4643.2998046875,4618.7998046875,4626.2998046875,1825
2026-04-02 11:45:00+00:00,4625.7001953125,4637.89990234375,4622.5,4626.2001953125,1604
2026-04-02 12:00:00+00:00,4626.60009765625,4639.5,4620.7998046875,4638.7001953125,1847
2026-04-02 12:15:00+00:00,4639.2001953125,4656.5,4636.0,4653.2001953125,1883
2026-04-02 12:30:00+00:00,4653.2998046875,4653.7001953125,4642.0,4644.2998046875,1810
2026-04-02 12:45:00+00:00,4644.7001953125,4652.60009765625,4626.2001953125,4628.10009765625,1879
2026-04-02 13:00:00+00:00,4628.2998046875,4639.2998046875,4606.0,4612.89990234375,4741
2026-04-02 13:15:00+00:00,4612.60009765625,4625.5,4605.5,4622.7001953125,2641
2026-04-02 13:30:00+00:00,4622.89990234375,4632.7998046875,4611.2001953125,4626.39990234375,3457
2026-04-02 13:45:00+00:00,4627.2998046875,4679.10009765625,4626.10009765625,4672.89990234375,5477
2026-04-02 14:00:00+00:00,4672.7001953125,4686.5,4657.60009765625,4674.2001953125,5516
2026-04-02 14:15:00+00:00,4674.0,4702.60009765625,4672.89990234375,4691.89990234375,3583
2026-04-02 14:30:00+00:00,4691.5,4726.39990234375,4686.2001953125,4720.0,8261
2026-04-02 14:45:00+00:00,4720.10009765625,4720.7001953125,4698.10009765625,4707.89990234375,3416
2026-04-02 15:00:00+00:00,4708.39990234375,4710.2998046875,4692.5,4698.10009765625,3066
2026-04-02 15:15:00+00:00,4698.5,4707.7001953125,4684.0,4698.2001953125,2607
2026-04-02 15:30:00+00:00,4699.10009765625,4702.0,4688.0,4691.7001953125,1478
2026-04-02 15:45:00+00:00,4692.0,4692.7001953125,4678.5,4687.5,1832
2026-04-02 16:00:00+00:00,4686.89990234375,4694.2998046875,4672.7998046875,4681.10009765625,1773
2026-04-02 16:15:00+00:00,4680.7998046875,4683.5,4668.60009765625,4676.2998046875,1487
2026-04-02 16:30:00+00:00,4676.7001953125,4696.39990234375,4676.2001953125,4685.7001953125,3261
2026-04-02 16:45:00+00:00,4685.10009765625,4697.89990234375,4683.5,4686.5,2209
2026-04-02 17:00:00+00:00,4685.7001953125,4695.7998046875,4683.2001953125,4691.0,1394
2026-04-02 17:15:00+00:00,4691.5,4693.0,4677.7998046875,4679.2001953125,2410
2026-04-02 17:30:00+00:00,4679.39990234375,4685.2998046875,4673.39990234375,4685.0,1680
2026-04-02 17:45:00+00:00,4685.2001953125,4686.2998046875,4672.7001953125,4675.7001953125,1086
2026-04-02 18:00:00+00:00,4676.5,4686.2001953125,4674.10009765625,4680.2001953125,719
2026-04-02 18:15:00+00:00,4681.60009765625,4684.2001953125,4677.10009765625,4678.7001953125,470
2026-04-02 18:30:00+00:00,4678.7998046875,4690.5,4678.7998046875,4689.89990234375,673
2026-04-02 18:45:00+00:00,4690.0,4699.0,4689.10009765625,4695.2001953125,937
2026-04-02 19:00:00+00:00,4695.7998046875,4708.60009765625,4695.7998046875,4701.2001953125,1248
2026-04-02 19:15:00+00:00,4701.60009765625,4704.2001953125,4690.89990234375,4691.7001953125,837
2026-04-02 19:30:00+00:00,4691.5,4694.60009765625,4687.7998046875,4692.2998046875,563
2026-04-02 19:45:00+00:00,4692.5,4702.7001953125,4692.2998046875,4697.89990234375,921
2026-04-02 20:00:00+00:00,4698.60009765625,4702.89990234375,4697.89990234375,4699.89990234375,354
2026-04-02 20:15:00+00:00,4699.60009765625,4700.2998046875,4690.39990234375,4693.7001953125,566
2026-04-02 20:30:00+00:00,4694.60009765625,4699.7998046875,4693.60009765625,4695.0,299
2026-04-02 20:45:00+00:00,4695.39990234375,4703.60009765625,4693.2998046875,4702.7001953125,755
2026-04-05 22:00:00+00:00,4675.0,4699.2998046875,4638.89990234375,4656.5,2197
2026-04-05 22:15:00+00:00,4657.7001953125,4669.39990234375,4656.60009765625,4663.7001953125,967
2026-04-05 22:30:00+00:00,4662.7998046875,4673.2001953125,4659.0,4669.7001953125,613
2026-04-05 22:45:00+00:00,4669.60009765625,4682.89990234375,4634.89990234375,4673.60009765625,3793
2026-04-05 23:00:00+00:00,4673.7998046875,4678.39990234375,4654.5,4657.2998046875,1052
2026-04-05 23:15:00+00:00,4660.2001953125,4661.2998046875,4635.60009765625,4636.2001953125,992
2026-04-05 23:30:00+00:00,4637.0,4644.10009765625,4631.0,4632.5,869
2026-04-05 23:45:00+00:00,4635.2998046875,4646.2001953125,4635.2998046875,4636.7998046875,553
2026-04-06 00:00:00+00:00,4637.2001953125,4653.10009765625,4632.60009765625,4652.89990234375,1221
2026-04-06 00:15:00+00:00,4652.2001953125,4655.7001953125,4626.2001953125,4630.0,895
2026-04-06 00:30:00+00:00,4631.10009765625,4647.5,4629.10009765625,4644.7001953125,587
2026-04-06 00:45:00+00:00,4644.10009765625,4652.0,4641.2001953125,4647.89990234375,305
2026-04-06 01:00:00+00:00,4648.89990234375,4668.60009765625,4648.89990234375,4667.2001953125,684
2026-04-06 01:15:00+00:00,4668.0,4668.7001953125,4645.7998046875,4667.2001953125,1404
2026-04-06 01:30:00+00:00,4666.39990234375,4667.10009765625,4648.10009765625,4653.7001953125,1274
2026-04-06 01:45:00+00:00,4654.2001953125,4655.0,4647.10009765625,4651.7998046875,215
2026-04-06 02:00:00+00:00,4650.60009765625,4666.0,4649.7998046875,4662.60009765625,547
2026-04-06 02:15:00+00:00,4662.2001953125,4697.5,4662.2001953125,4686.39990234375,1647
2026-04-06 02:30:00+00:00,4687.0,4692.2998046875,4669.89990234375,4676.7001953125,1236
2026-04-06 02:45:00+00:00,4677.5,4681.7998046875,4672.7001953125,4673.60009765625,412
2026-04-06 03:00:00+00:00,4673.10009765625,4673.5,4653.89990234375,4658.89990234375,1606
2026-04-06 03:15:00+00:00,4658.7998046875,4662.2001953125,4651.0,4656.0,455
2026-04-06 03:30:00+00:00,4655.7001953125,4658.60009765625,4650.5,4658.39990234375,330
2026-04-06 03:45:00+00:00,4657.5,4667.60009765625,4656.10009765625,4666.2998046875,429
2026-04-06 04:00:00+00:00,4665.2998046875,4674.0,4665.10009765625,4669.10009765625,585
2026-04-06 04:15:00+00:00,4669.2998046875,4671.7001953125,4666.5,4671.7001953125,183
2026-04-06 04:30:00+00:00,4672.2001953125,4676.5,4668.10009765625,4674.2001953125,235
2026-04-06 04:45:00+00:00,4674.7001953125,4685.2998046875,4672.10009765625,4685.10009765625,478
2026-04-06 05:00:00+00:00,4684.89990234375,4702.2998046875,4683.2998046875,4699.60009765625,1094
2026-04-06 05:15:00+00:00,4698.89990234375,4704.39990234375,4691.5,4693.60009765625,809
2026-04-06 05:30:00+00:00,4693.89990234375,4694.2998046875,4687.0,4687.39990234375,303
2026-04-06 05:45:00+00:00,4687.39990234375,4693.60009765625,4677.5,4678.5,768
2026-04-06 06:00:00+00:00,4678.7001953125,4687.7998046875,4669.2998046875,4687.2998046875,1167
2026-04-06 06:15:00+00:00,4687.0,4688.0,4678.0,4682.5,651
2026-04-06 06:30:00+00:00,4682.7001953125,4685.39990234375,4677.39990234375,4681.2998046875,317
2026-04-06 06:45:00+00:00,4680.60009765625,4693.2998046875,4679.39990234375,4691.7001953125,808
2026-04-06 07:00:00+00:00,4691.89990234375,4692.10009765625,4673.7001953125,4677.39990234375,765
2026-04-06 07:15:00+00:00,4677.7001953125,4681.39990234375,4670.2998046875,4675.89990234375,544
2026-04-06 07:30:00+00:00,4676.0,4691.10009765625,4676.0,4689.10009765625,574
2026-04-06 07:45:00+00:00,4690.2001953125,4714.2998046875,4688.0,4710.5,1647
2026-04-06 08:00:00+00:00,4710.39990234375,4720.89990234375,4704.7001953125,4715.2001953125,1123
2026-04-06 08:15:00+00:00,4715.2998046875,4722.0,4710.60009765625,4717.10009765625,982
2026-04-06 08:30:00+00:00,4717.0,4722.0,4715.89990234375,4718.7998046875,643
2026-04-06 08:45:00+00:00,4719.2998046875,4724.7001953125,4717.89990234375,4722.7998046875,764
2026-04-06 09:00:00+00:00,4722.7998046875,4729.5,4722.7998046875,4727.2001953125,865
2026-04-06 09:15:00+00:00,4727.60009765625,4730.0,4723.2001953125,4729.10009765625,551
2026-04-06 09:30:00+00:00,4729.10009765625,4733.10009765625,4727.2998046875,4730.10009765625,481
2026-04-06 09:45:00+00:00,4730.0,4731.39990234375,4717.0,4719.89990234375,1267
2026-04-06 10:00:00+00:00,4720.0,4723.89990234375,4712.39990234375,4712.7998046875,621
2026-04-06 10:15:00+00:00,4713.2001953125,4719.60009765625,4712.2001953125,4716.0,394
2026-04-06 10:30:00+00:00,4715.7001953125,4723.60009765625,4714.0,4721.60009765625,629
2026-04-06 10:45:00+00:00,4722.0,4722.2998046875,4710.10009765625,4715.2998046875,740
2026-04-06 11:00:00+00:00,4716.2998046875,4723.2001953125,4715.2998046875,4716.0,301
2026-04-06 11:15:00+00:00,4715.2998046875,4718.60009765625,4711.39990234375,4714.89990234375,326
2026-04-06 11:30:00+00:00,4714.89990234375,4720.7998046875,4711.5,4711.7001953125,1154
2026-04-06 11:45:00+00:00,4711.89990234375,4712.2001953125,4703.39990234375,4704.60009765625,980
2026-04-06 12:00:00+00:00,4704.89990234375,4712.89990234375,4697.7001953125,4699.0,764
2026-04-06 12:15:00+00:00,4698.2998046875,4700.2001953125,4685.60009765625,4692.10009765625,1366
2026-04-06 12:30:00+00:00,4692.5,4704.89990234375,4692.0,4702.7998046875,1072
2026-04-06 12:45:00+00:00,4703.0,4707.10009765625,4699.60009765625,4701.5,526
2026-04-06 13:00:00+00:00,4701.7998046875,4703.5,4687.60009765625,4693.7001953125,1495
2026-04-06 13:15:00+00:00,4694.7001953125,4698.7001953125,4684.5,4694.0,1390
2026-04-06 13:30:00+00:00,4694.2998046875,4704.7998046875,4686.60009765625,4691.0,2310
2026-04-06 13:45:00+00:00,4691.7998046875,4708.2001953125,4687.2001953125,4705.60009765625,1559
2026-04-06 14:00:00+00:00,4707.39990234375,4716.89990234375,4686.0,4698.2001953125,2404
2026-04-06 14:15:00+00:00,4698.7001953125,4714.39990234375,4696.39990234375,4712.39990234375,1950
2026-04-06 14:30:00+00:00,4712.60009765625,4724.0,4705.0,4710.60009765625,2037
2026-04-06 14:45:00+00:00,4710.10009765625,4714.0,4700.89990234375,4708.60009765625,1766
2026-04-06 15:00:00+00:00,4709.0,4709.7001953125,4686.5,4687.5,2439
2026-04-06 15:15:00+00:00,4687.2998046875,4695.39990234375,4680.10009765625,4692.39990234375,2034
2026-04-06 15:30:00+00:00,4692.7998046875,4696.2001953125,4677.39990234375,4686.2001953125,1570
2026-04-06 15:45:00+00:00,4685.7001953125,4694.5,4685.0,4693.39990234375,705
2026-04-06 16:00:00+00:00,4693.5,4696.89990234375,4687.7998046875,4695.39990234375,942
2026-04-06 16:15:00+00:00,4695.89990234375,4698.0,4690.10009765625,4691.10009765625,1213
2026-04-06 16:30:00+00:00,4690.89990234375,4696.39990234375,4688.2001953125,4688.7998046875,657
2026-04-06 16:45:00+00:00,4688.7001953125,4692.2001953125,4683.39990234375,4685.60009765625,563
2026-04-06 17:00:00+00:00,4685.89990234375,4686.7001953125,4671.39990234375,4679.0,1557
2026-04-06 17:15:00+00:00,4679.0,4688.10009765625,4676.0,4683.10009765625,1933
2026-04-06 17:30:00+00:00,4683.2001953125,4688.60009765625,4679.60009765625,4683.60009765625,1012
2026-04-06 17:45:00+00:00,4683.5,4684.2998046875,4678.39990234375,4680.60009765625,418
2026-04-06 18:00:00+00:00,4680.7998046875,4694.0,4677.7998046875,4685.89990234375,815
2026-04-06 18:15:00+00:00,4686.39990234375,4692.0,4686.39990234375,4687.2001953125,597
2026-04-06 18:30:00+00:00,4687.7001953125,4691.0,4676.2001953125,4677.39990234375,801
2026-04-06 18:45:00+00:00,4677.7001953125,4686.0,4675.89990234375,4685.2001953125,971
2026-04-06 19:00:00+00:00,4685.2001953125,4686.60009765625,4677.0,4677.7998046875,680
2026-04-06 19:15:00+00:00,4677.7998046875,4678.39990234375,4672.60009765625,4677.2998046875,666
2026-04-06 19:30:00+00:00,4677.5,4681.0,4675.7998046875,4678.7001953125,487
2026-04-06 19:45:00+00:00,4678.5,4685.2001953125,4678.5,4682.2001953125,740
2026-04-06 20:00:00+00:00,4682.60009765625,4684.5,4679.2001953125,4684.5,355
2026-04-06 20:15:00+00:00,4684.2998046875,4685.10009765625,4682.60009765625,4683.10009765625,150
2026-04-06 20:30:00+00:00,4683.2998046875,4685.60009765625,4678.10009765625,4679.89990234375,238
2026-04-06 20:45:00+00:00,4680.10009765625,4681.5,4674.60009765625,4676.10009765625,177
2026-04-06 22:00:00+00:00,4678.60009765625,4694.89990234375,4675.60009765625,4690.7998046875,171
2026-04-06 22:15:00+00:00,4690.0,4693.2001953125,4685.7001953125,4689.0,252
2026-04-06 22:30:00+00:00,4689.10009765625,4689.5,4685.2998046875,4686.0,139
2026-04-06 22:45:00+00:00,4685.89990234375,4689.0,4683.10009765625,4685.10009765625,195
2026-04-06 23:00:00+00:00,4684.89990234375,4688.0,4683.39990234375,4686.60009765625,242
2026-04-06 23:15:00+00:00,4686.89990234375,4687.5,4679.7998046875,4681.5,182
2026-04-06 23:30:00+00:00,4680.7001953125,4683.10009765625,4677.89990234375,4681.89990234375,224
2026-04-06 23:45:00+00:00,4681.89990234375,4687.2998046875,4680.89990234375,4685.89990234375,211
2026-04-07 00:00:00+00:00,4685.89990234375,4688.2001953125,4675.7998046875,4684.7001953125,702
2026-04-07 00:15:00+00:00,4685.39990234375,4688.39990234375,4683.7001953125,4686.0,298
2026-04-07 00:30:00+00:00,4686.10009765625,4688.39990234375,4684.89990234375,4687.7001953125,327
2026-04-07 00:45:00+00:00,4687.60009765625,4689.10009765625,4681.2998046875,4681.89990234375,365
2026-04-07 01:00:00+00:00,4681.39990234375,4692.0,4651.60009765625,4667.89990234375,4500
2026-04-07 01:15:00+00:00,4666.60009765625,4684.0,4664.2001953125,4680.89990234375,1126
2026-04-07 01:30:00+00:00,4681.0,4689.0,4654.0,4667.10009765625,2808
2026-04-07 01:45:00+00:00,4667.2001953125,4672.39990234375,4641.39990234375,4651.89990234375,2537
2026-04-07 02:00:00+00:00,4652.2998046875,4659.39990234375,4645.0,4651.10009765625,997
2026-04-07 02:15:00+00:00,4650.0,4660.7001953125,4647.5,4659.60009765625,542
2026-04-07 02:30:00+00:00,4659.2001953125,4672.0,4658.5,4671.39990234375,727
2026-04-07 02:45:00+00:00,4670.89990234375,4679.2001953125,4668.7001953125,4675.89990234375,1172
2026-04-07 03:00:00+00:00,4675.89990234375,4679.39990234375,4666.7998046875,4670.10009765625,494
2026-04-07 03:15:00+00:00,4670.10009765625,4672.7998046875,4664.7001953125,4668.10009765625,491
2026-04-07 03:30:00+00:00,4667.60009765625,4674.7998046875,4667.60009765625,4673.10009765625,432
2026-04-07 03:45:00+00:00,4673.2001953125,4676.39990234375,4672.2001953125,4674.89990234375,289
2026-04-07 04:00:00+00:00,4675.2001953125,4676.7001953125,4670.7998046875,4671.2998046875,301
2026-04-07 04:15:00+00:00,4671.2001953125,4676.7001953125,4671.10009765625,4675.2001953125,335
2026-04-07 04:30:00+00:00,4675.10009765625,4690.2998046875,4674.89990234375,4687.7998046875,1226
2026-04-07 04:45:00+00:00,4688.10009765625,4690.0,4685.2998046875,4686.39990234375,614
2026-04-07 05:00:00+00:00,4686.89990234375,4687.5,4680.2001953125,4681.7001953125,333
2026-04-07 05:15:00+00:00,4681.39990234375,4684.60009765625,4656.0,4658.2998046875,1479
2026-04-07 05:30:00+00:00,4658.39990234375,4668.2998046875,4648.39990234375,4656.7998046875,2471
2026-04-07 05:45:00+00:00,4656.10009765625,4672.0,4654.7998046875,4668.0,782
2026-04-07 06:00:00+00:00,4668.10009765625,4673.10009765625,4663.0,4672.10009765625,1055
2026-04-07 06:15:00+00:00,4672.2998046875,4674.0,4662.7998046875,4666.10009765625,1064
2026-04-07 06:30:00+00:00,4666.5,4679.0,4666.2998046875,4677.5,1138
2026-04-07 06:45:00+00:00,4677.2998046875,4681.89990234375,4673.5,4680.5,696
2026-04-07 07:00:00+00:00,4684.7001953125,4684.7001953125,4674.60009765625,4677.0,1001
2026-04-07 07:15:00+00:00,4676.0,4679.2001953125,4664.0,4665.2998046875,880
2026-04-07 07:30:00+00:00,4664.39990234375,4671.5,4661.60009765625,4669.10009765625,763
2026-04-07 07:45:00+00:00,4669.2001953125,4672.5,4664.0,4671.10009765625,1106
2026-04-07 08:00:00+00:00,4671.2001953125,4691.7998046875,4669.60009765625,4690.10009765625,2877
2026-04-07 08:15:00+00:00,4689.60009765625,4717.60009765625,4684.0,4704.7998046875,3283
2026-04-07 08:30:00+00:00,4704.7998046875,4714.39990234375,4703.2001953125,4709.7998046875,1080
2026-04-07 08:45:00+00:00,4710.0,4714.2001953125,4705.60009765625,4709.60009765625,954
2026-04-07 09:00:00+00:00,4709.7998046875,4720.0,4707.5,4712.2001953125,1365
2026-04-07 09:15:00+00:00,4712.2998046875,4721.2001953125,4709.2998046875,4713.7998046875,1628
2026-04-07 09:30:00+00:00,4713.10009765625,4714.10009765625,4690.39990234375,4693.10009765625,2795
2026-04-07 09:45:00+00:00,4693.10009765625,4701.60009765625,4684.0,4696.60009765625,2773
2026-04-07 10:00:00+00:00,4696.7998046875,4706.0,4688.2001953125,4702.89990234375,3337
2026-04-07 10:15:00+00:00,4702.5,4706.60009765625,4683.2998046875,4693.7001953125,1813
2026-04-07 10:30:00+00:00,4694.39990234375,4698.10009765625,4678.0,4687.89990234375,1126
2026-04-07 10:45:00+00:00,4687.7001953125,4687.7998046875,4674.89990234375,4677.5,2126
2026-04-07 11:00:00+00:00,4677.10009765625,4681.89990234375,4653.89990234375,4661.2998046875,2786
2026-04-07 11:15:00+00:00,4660.60009765625,4677.0,4658.5,4673.0,1933
2026-04-07 11:30:00+00:00,4673.0,4688.39990234375,4672.0,4688.0,1450
2026-04-07 11:45:00+00:00,4688.39990234375,4690.0,4681.0,4684.60009765625,831
2026-04-07 12:00:00+00:00,4685.2001953125,4691.5,4675.7998046875,4680.0,1510
2026-04-07 12:15:00+00:00,4679.7001953125,4696.2998046875,4676.0,4691.2001953125,1748
2026-04-07 12:30:00+00:00,4691.89990234375,4693.89990234375,4681.10009765625,4682.0,1030
2026-04-07 12:45:00+00:00,4682.0,4687.39990234375,4671.60009765625,4676.10009765625,1851
2026-04-07 13:00:00+00:00,4676.2001953125,4685.2998046875,4673.0,4681.7001953125,1400
2026-04-07 13:15:00+00:00,4682.0,4688.5,4675.2998046875,4683.60009765625,1007
2026-04-07 13:30:00+00:00,4683.60009765625,4688.7998046875,4660.0,4664.5,3210
2026-04-07 13:45:00+00:00,4664.0,4679.2001953125,4661.89990234375,4668.60009765625,2465
2026-04-07 14:00:00+00:00,4668.5,4670.10009765625,4631.89990234375,4647.5,7139
2026-04-07 14:15:00+00:00,4646.5,4675.60009765625,4634.10009765625,4670.2001953125,3924
2026-04-07 14:30:00+00:00,4670.39990234375,4687.39990234375,4667.60009765625,4672.89990234375,3354
2026-04-07 14:45:00+00:00,4672.89990234375,4682.7001953125,4654.60009765625,4658.2998046875,2553
2026-04-07 15:00:00+00:00,4658.2998046875,4668.7998046875,4650.0,4668.2998046875,2946
2026-04-07 15:15:00+00:00,4668.2998046875,4679.0,4666.2001953125,4678.7001953125,2377
2026-04-07 15:30:00+00:00,4678.7998046875,4682.7998046875,4666.10009765625,4671.2998046875,3129
2026-04-07 15:45:00+00:00,4671.39990234375,4685.0,4670.7001953125,4681.2998046875,1436
2026-04-07 16:00:00+00:00,4681.7998046875,4694.60009765625,4678.10009765625,4684.60009765625,2444
2026-04-07 16:15:00+00:00,4684.89990234375,4693.39990234375,4680.0,4688.5,1496
2026-04-07 16:30:00+00:00,4688.89990234375,4689.89990234375,4681.5,4686.7998046875,1583
2026-04-07 16:45:00+00:00,4686.2998046875,4688.5,4681.89990234375,4682.39990234375,794
2026-04-07 17:00:00+00:00,4682.5,4699.10009765625,4682.10009765625,4693.7998046875,1728
2026-04-07 17:15:00+00:00,4693.5,4693.5,4679.39990234375,4686.0,1733
2026-04-07 17:30:00+00:00,4686.10009765625,4712.7998046875,4686.10009765625,4698.2001953125,3352
2026-04-07 17:45:00+00:00,4698.89990234375,4706.10009765625,4697.2998046875,4701.7001953125,1001
2026-04-07 18:00:00+00:00,4702.2998046875,4710.7001953125,4702.2998046875,4710.5,864
2026-04-07 18:15:00+00:00,4709.89990234375,4712.2998046875,4703.10009765625,4706.7001953125,1048
2026-04-07 18:30:00+00:00,4707.0,4712.7001953125,4703.60009765625,4706.0,1517
2026-04-07 18:45:00+00:00,4705.7998046875,4706.5,4683.0,4688.5,1938
2026-04-07 19:00:00+00:00,4688.5,4694.7998046875,4686.89990234375,4694.2001953125,873
2026-04-07 19:15:00+00:00,4694.10009765625,4729.39990234375,4690.89990234375,4713.89990234375,3803
2026-04-07 19:30:00+00:00,4713.89990234375,4717.7998046875,4708.2998046875,4713.5,1370
2026-04-07 19:45:00+00:00,4712.60009765625,4745.7001953125,4712.5,4727.2998046875,4485
2026-04-07 20:00:00+00:00,4727.2998046875,4737.10009765625,4723.0,4734.89990234375,1310
2026-04-07 20:15:00+00:00,4735.5,4739.7998046875,4730.10009765625,4737.39990234375,641
2026-04-07 20:30:00+00:00,4738.2998046875,4743.7001953125,4729.0,4734.5,1148
2026-04-07 20:45:00+00:00,4734.7001953125,4740.0,4731.10009765625,4733.2998046875,759
2026-04-07 22:00:00+00:00,4747.2001953125,4779.2998046875,4741.2998046875,4758.89990234375,1264
2026-04-07 22:15:00+00:00,4759.7001953125,4763.10009765625,4752.89990234375,4762.7998046875,923
2026-04-07 22:30:00+00:00,4763.0,4808.7001953125,4740.5,4797.60009765625,5515
2026-04-07 22:45:00+00:00,4797.10009765625,4847.10009765625,4788.0,4845.10009765625,4966
2026-04-07 23:00:00+00:00,4844.7998046875,4852.2001953125,4828.2998046875,4845.10009765625,3876
2026-04-07 23:15:00+00:00,4846.2001953125,4857.89990234375,4835.60009765625,4843.10009765625,3112
2026-04-07 23:30:00+00:00,4843.2001953125,4845.89990234375,4832.2001953125,4841.0,2441
2026-04-07 23:45:00+00:00,4841.5,4863.5,4837.89990234375,4860.7001953125,2361
2026-04-08 00:00:00+00:00,4860.7001953125,4888.0,4858.5,4863.7998046875,5462
2026-04-08 00:15:00+00:00,4863.39990234375,4867.2001953125,4847.10009765625,4850.60009765625,3317
2026-04-08 00:30:00+00:00,4851.60009765625,4853.10009765625,4840.2001953125,4842.0,2784
2026-04-08 00:45:00+00:00,4841.7001953125,4856.10009765625,4836.89990234375,4845.60009765625,2784
2026-04-08 01:00:00+00:00,4846.7001953125,4854.10009765625,4834.0,4848.60009765625,5101
2026-04-08 01:15:00+00:00,4849.0,4850.89990234375,4821.2998046875,4823.60009765625,6906
2026-04-08 01:30:00+00:00,4823.10009765625,4833.7001953125,4817.2001953125,4828.39990234375,2168
2026-04-08 01:45:00+00:00,4828.89990234375,4843.5,4827.7001953125,4838.60009765625,1189
2026-04-08 02:00:00+00:00,4838.5,4853.7998046875,4838.39990234375,4843.10009765625,2691
2026-04-08 02:15:00+00:00,4842.2998046875,4842.60009765625,4836.39990234375,4839.7001953125,796
2026-04-08 02:30:00+00:00,4840.2998046875,4849.7001953125,4835.2998046875,4836.2998046875,1208
2026-04-08 02:45:00+00:00,4835.39990234375,4838.2001953125,4828.2001953125,4833.39990234375,998
2026-04-08 03:00:00+00:00,4833.7998046875,4835.2998046875,4827.10009765625,4828.5,753
2026-04-08 03:15:00+00:00,4827.39990234375,4834.60009765625,4825.7998046875,4832.5,898
2026-04-08 03:30:00+00:00,4832.10009765625,4834.60009765625,4824.39990234375,4830.10009765625,785
2026-04-08 03:45:00+00:00,4829.2998046875,4834.0,4827.60009765625,4828.2001953125,894
2026-04-08 04:00:00+00:00,4826.7998046875,4831.0,4823.10009765625,4827.10009765625,1071
2026-04-08 04:15:00+00:00,4826.5,4833.5,4819.7998046875,4832.0,1450
2026-04-08 04:30:00+00:00,4831.39990234375,4836.10009765625,4830.0,4832.0,604
2026-04-08 04:45:00+00:00,4832.39990234375,4833.2001953125,4826.7001953125,4832.7001953125,561
2026-04-08 05:00:00+00:00,4833.0,4839.7998046875,4829.39990234375,4838.5,848
2026-04-08 05:15:00+00:00,4837.89990234375,4844.89990234375,4835.0,4843.89990234375,928
2026-04-08 05:30:00+00:00,4844.0,4853.2998046875,4841.7001953125,4850.5,1287
2026-04-08 05:45:00+00:00,4850.0,4872.2001953125,4848.7998046875,4855.5,3232
2026-04-08 06:00:00+00:00,4855.2001953125,4862.7998046875,4848.60009765625,4854.0,2119
2026-04-08 06:15:00+00:00,4854.2998046875,4863.89990234375,4852.39990234375,4863.7001953125,2965
2026-04-08 06:30:00+00:00,4863.2001953125,4866.7998046875,4856.2998046875,4862.2998046875,2834
2026-04-08 06:45:00+00:00,4862.5,4866.0,4846.2001953125,4846.60009765625,2455
2026-04-08 07:00:00+00:00,4846.7998046875,4847.2998046875,4831.0,4839.0,1580
2026-04-08 07:15:00+00:00,4838.10009765625,4847.2001953125,4835.39990234375,4844.2998046875,1549
2026-04-08 07:30:00+00:00,4844.10009765625,4844.60009765625,4831.60009765625,4835.10009765625,1296
2026-04-08 07:45:00+00:00,4834.89990234375,4846.7001953125,4834.5,4839.7001953125,1218
2026-04-08 08:00:00+00:00,4839.89990234375,4845.39990234375,4834.2998046875,4841.7001953125,1241
2026-04-08 08:15:00+00:00,4841.5,4846.0,4825.0,4835.5,1614
2026-04-08 08:30:00+00:00,4834.7998046875,4835.60009765625,4818.0,4821.2998046875,1792
2026-04-08 08:45:00+00:00,4820.89990234375,4831.39990234375,4817.5,4821.7998046875,1927
2026-04-08 09:00:00+00:00,4821.89990234375,4829.2998046875,4821.2001953125,4828.89990234375,1241
2026-04-08 09:15:00+00:00,4828.39990234375,4834.0,4822.7998046875,4825.39990234375,1323
2026-04-08 09:30:00+00:00,4825.2998046875,4831.0,4804.0,4809.10009765625,2615
2026-04-08 09:45:00+00:00,4810.2001953125,4816.39990234375,4802.89990234375,4810.2001953125,2228
2026-04-08 10:00:00+00:00,4810.2998046875,4819.0,4809.2001953125,4810.10009765625,908
2026-04-08 10:15:00+00:00,4810.0,4810.7001953125,4798.2001953125,4809.7998046875,1770
2026-04-08 10:30:00+00:00,4809.5,4819.60009765625,4806.89990234375,4818.7001953125,963
2026-04-08 10:45:00+00:00,4818.5,4823.10009765625,4809.7001953125,4809.7001953125,1603
2026-04-08 11:00:00+00:00,4809.2998046875,4818.7998046875,4807.2001953125,4815.2001953125,1538
2026-04-08 11:15:00+00:00,4815.10009765625,4825.5,4810.60009765625,4818.7998046875,2460
2026-04-08 11:30:00+00:00,4819.2001953125,4820.7998046875,4806.39990234375,4818.7998046875,1706
2026-04-08 11:45:00+00:00,4818.2998046875,4830.39990234375,4817.2998046875,4826.39990234375,1870
2026-04-08 12:00:00+00:00,4826.2998046875,4834.7998046875,4825.0,4832.39990234375,2154
2026-04-08 12:15:00+00:00,4832.5,4832.89990234375,4793.7001953125,4810.7998046875,5255
2026-04-08 12:30:00+00:00,4810.89990234375,4825.0,4809.7998046875,4821.7001953125,2190
2026-04-08 12:45:00+00:00,4822.0,4829.7001953125,4821.7001953125,4827.10009765625,1506
2026-04-08 13:00:00+00:00,4826.60009765625,4833.60009765625,4818.0,4820.5,2055
2026-04-08 13:15:00+00:00,4820.5,4826.89990234375,4816.7998046875,4818.10009765625,2238
2026-04-08 13:30:00+00:00,4817.7001953125,4822.2001953125,4800.60009765625,4801.2998046875,5242
2026-04-08 13:45:00+00:00,4801.10009765625,4816.0,4792.7998046875,4804.10009765625,4543
2026-04-08 14:00:00+00:00,4803.7001953125,4818.7998046875,4803.10009765625,4807.0,4142
2026-04-08 14:15:00+00:00,4807.0,4812.2001953125,4788.0,4795.10009765625,3882
2026-04-08 14:30:00+00:00,4794.89990234375,4797.2998046875,4776.0,4787.5,4981
2026-04-08 14:45:00+00:00,4787.10009765625,4792.0,4757.60009765625,4762.2001953125,7495
2026-04-08 15:00:00+00:00,4761.60009765625,4775.39990234375,4759.89990234375,4769.7001953125,3870
2026-04-08 15:15:00+00:00,4769.0,4783.2998046875,4769.0,4776.2001953125,2799
2026-04-08 15:30:00+00:00,4776.2998046875,4787.10009765625,4776.2001953125,4781.2001953125,2142
2026-04-08 15:45:00+00:00,4781.2998046875,4788.7998046875,4780.0,4782.0,1401
2026-04-08 16:00:00+00:00,4782.2001953125,4788.2998046875,4779.10009765625,4779.2001953125,1510
2026-04-08 16:15:00+00:00,4779.39990234375,4780.10009765625,4770.89990234375,4775.10009765625,2268
2026-04-08 16:30:00+00:00,4775.60009765625,4785.7998046875,4773.2998046875,4784.39990234375,1264
2026-04-08 16:45:00+00:00,4783.5,4791.10009765625,4781.89990234375,4785.89990234375,1223
2026-04-08 17:00:00+00:00,4785.7001953125,4789.89990234375,4782.2001953125,4786.60009765625,1025
2026-04-08 17:15:00+00:00,4786.7998046875,4788.5,4771.5,4776.60009765625,4255
2026-04-08 17:30:00+00:00,4776.7998046875,4780.10009765625,4761.7998046875,4766.0,3756
2026-04-08 17:45:00+00:00,4766.10009765625,4767.2001953125,4755.5,4759.5,1108
2026-04-08 18:00:00+00:00,4759.10009765625,4769.7998046875,4751.5,4768.60009765625,1578
2026-04-08 18:15:00+00:00,4768.89990234375,4769.5,4741.10009765625,4747.39990234375,5237
2026-04-08 18:30:00+00:00,4747.60009765625,4750.0,4732.2998046875,4734.5,2051
2026-04-08 18:45:00+00:00,4733.89990234375,4742.0,4728.10009765625,4730.10009765625,2496
2026-04-08 19:00:00+00:00,4729.2998046875,4741.39990234375,4720.60009765625,4740.5,2293
2026-04-08 19:15:00+00:00,4740.2998046875,4743.7001953125,4732.2001953125,4733.5,1098
2026-04-08 19:30:00+00:00,4733.0,4750.0,4733.0,4747.2001953125,1405
2026-04-08 19:45:00+00:00,4746.60009765625,4756.60009765625,4746.60009765625,4755.2998046875,1268
2026-04-08 20:00:00+00:00,4755.2001953125,4757.2998046875,4751.2001953125,4752.89990234375,588
2026-04-08 20:15:00+00:00,4752.60009765625,4755.0,4746.5,4748.2998046875,419
2026-04-08 20:30:00+00:00,4747.39990234375,4749.2001953125,4746.10009765625,4747.10009765625,155
2026-04-08 20:45:00+00:00,4747.2001953125,4749.2998046875,4742.10009765625,4745.0,639
2026-04-08 22:00:00+00:00,4744.7998046875,4757.7001953125,4733.0,4736.2001953125,481
2026-04-08 22:15:00+00:00,4736.10009765625,4741.2001953125,4728.5,4737.2001953125,859
2026-04-08 22:30:00+00:00,4738.0,4743.7001953125,4730.0,4736.2998046875,824
2026-04-08 22:45:00+00:00,4735.5,4744.2001953125,4735.5,4741.5,397
2026-04-08 23:00:00+00:00,4741.2001953125,4741.2998046875,4728.5,4731.7998046875,844
2026-04-08 23:15:00+00:00,4732.2001953125,4739.5,4729.2998046875,4734.60009765625,644
2026-04-08 23:30:00+00:00,4733.7001953125,4738.7001953125,4730.7001953125,4736.7998046875,399
2026-04-08 23:45:00+00:00,4736.2001953125,4743.39990234375,4735.7998046875,4738.7998046875,372
2026-04-09 00:00:00+00:00,4739.39990234375,4739.60009765625,4718.60009765625,4726.0,1491
2026-04-09 00:15:00+00:00,4726.0,4735.39990234375,4724.10009765625,4730.2001953125,831
2026-04-09 00:30:00+00:00,4730.10009765625,4741.7998046875,4728.60009765625,4741.5,822
2026-04-09 00:45:00+00:00,4741.7998046875,4742.39990234375,4729.10009765625,4730.39990234375,737
2026-04-09 01:00:00+00:00,4730.2001953125,4745.5,4722.39990234375,4743.5,1860
2026-04-09 01:15:00+00:00,4743.2998046875,4746.60009765625,4725.2998046875,4727.60009765625,1636
2026-04-09 01:30:00+00:00,4727.2998046875,4744.5,4727.0,4740.89990234375,1314
2026-04-09 01:45:00+00:00,4741.2001953125,4752.2001953125,4740.89990234375,4751.2001953125,1101
2026-04-09 02:00:00+00:00,4751.5,4752.7998046875,4744.7998046875,4746.39990234375,908
2026-04-09 02:15:00+00:00,4747.0,4751.60009765625,4746.7001953125,4749.10009765625,745
2026-04-09 02:30:00+00:00,4748.7998046875,4756.39990234375,4748.7998046875,4755.7998046875,977
2026-04-09 02:45:00+00:00,4756.10009765625,4756.60009765625,4741.0,4742.10009765625,1169
2026-04-09 03:00:00+00:00,4742.2001953125,4743.39990234375,4734.39990234375,4735.60009765625,845
2026-04-09 03:15:00+00:00,4735.2998046875,4736.0,4728.0,4735.39990234375,1148
2026-04-09 03:30:00+00:00,4735.7998046875,4737.7998046875,4734.89990234375,4736.60009765625,334
2026-04-09 03:45:00+00:00,4737.7001953125,4737.7001953125,4729.5,4735.0,735
2026-04-09 04:00:00+00:00,4734.60009765625,4745.2001953125,4733.0,4744.89990234375,526
2026-04-09 04:15:00+00:00,4745.0,4746.2998046875,4739.60009765625,4739.7998046875,373
2026-04-09 04:30:00+00:00,4739.39990234375,4746.39990234375,4737.2001953125,4743.7998046875,594
2026-04-09 04:45:00+00:00,4743.89990234375,4748.39990234375,4742.89990234375,4744.2001953125,457
2026-04-09 05:00:00+00:00,4743.89990234375,4746.39990234375,4733.60009765625,4736.39990234375,629
2026-04-09 05:15:00+00:00,4736.5,4749.60009765625,4736.0,4749.5,535
2026-04-09 05:30:00+00:00,4749.2001953125,4749.60009765625,4739.10009765625,4746.39990234375,862
2026-04-09 05:45:00+00:00,4746.5,4747.39990234375,4729.10009765625,4736.39990234375,1566
2026-04-09 06:00:00+00:00,4736.7001953125,4749.2001953125,4735.0,4743.39990234375,1314
2026-04-09 06:15:00+00:00,4743.2998046875,4745.60009765625,4736.2001953125,4741.2001953125,768
2026-04-09 06:30:00+00:00,4741.7001953125,4746.60009765625,4735.5,4737.2998046875,1053
2026-04-09 06:45:00+00:00,4736.89990234375,4738.89990234375,4727.2001953125,4736.2998046875,1743
2026-04-09 07:00:00+00:00,4736.5,4754.10009765625,4732.5,4748.0,2814
2026-04-09 07:15:00+00:00,4748.10009765625,4748.39990234375,4729.5,4732.2001953125,1884
2026-04-09 07:30:00+00:00,4732.7998046875,4755.2001953125,4732.7001953125,4746.89990234375,2447
2026-04-09 07:45:00+00:00,4746.5,4748.7998046875,4735.5,4748.39990234375,1750
2026-04-09 08:00:00+00:00,4748.2998046875,4750.60009765625,4744.10009765625,4748.10009765625,778
2026-04-09 08:15:00+00:00,4748.10009765625,4752.10009765625,4745.39990234375,4745.60009765625,1104
2026-04-09 08:30:00+00:00,4745.89990234375,4757.7998046875,4744.89990234375,4754.2001953125,1188
2026-04-09 08:45:00+00:00,4754.5,4758.60009765625,4750.5,4750.5,1144
2026-04-09 09:00:00+00:00,4750.10009765625,4758.0,4747.7001953125,4755.39990234375,1075
2026-04-09 09:15:00+00:00,4755.5,4758.5,4753.60009765625,4754.39990234375,793
2026-04-09 09:30:00+00:00,4754.10009765625,4757.5,4751.39990234375,4751.39990234375,942
2026-04-09 09:45:00+00:00,4751.2998046875,4755.2001953125,4748.2001953125,4753.89990234375,1023
2026-04-09 10:00:00+00:00,4753.89990234375,4758.0,4750.60009765625,4752.10009765625,486
2026-04-09 10:15:00+00:00,4751.5,4764.7001953125,4748.10009765625,4762.60009765625,1555
2026-04-09 10:30:00+00:00,4763.2001953125,4766.0,4761.10009765625,4765.60009765625,821
2026-04-09 10:45:00+00:00,4765.7001953125,4771.39990234375,4764.10009765625,4765.7001953125,1103
2026-04-09 11:00:00+00:00,4765.7998046875,4768.7998046875,4762.89990234375,4763.7998046875,617
2026-04-09 11:15:00+00:00,4763.89990234375,4772.2001953125,4763.2998046875,4770.2998046875,629
2026-04-09 11:30:00+00:00,4770.2998046875,4776.0,4767.7001953125,4775.60009765625,1018
2026-04-09 11:45:00+00:00,4775.89990234375,4782.7001953125,4775.10009765625,4781.2998046875,1780
2026-04-09 12:00:00+00:00,4781.7001953125,4785.0,4766.89990234375,4767.39990234375,1743
2026-04-09 12:15:00+00:00,4767.60009765625,4769.2001953125,4759.60009765625,4762.2001953125,1872
2026-04-09 12:30:00+00:00,4763.0,4773.2998046875,4760.10009765625,4769.10009765625,1963
2026-04-09 12:45:00+00:00,4769.60009765625,4772.60009765625,4762.60009765625,4770.89990234375,1211
2026-04-09 13:00:00+00:00,4771.2998046875,4781.7001953125,4763.89990234375,4779.2998046875,2340
2026-04-09 13:15:00+00:00,4779.89990234375,4784.0,4776.60009765625,4777.0,1716
2026-04-09 13:30:00+00:00,4778.10009765625,4802.7998046875,4775.39990234375,4801.10009765625,4212
2026-04-09 13:45:00+00:00,4801.39990234375,4802.2998046875,4784.60009765625,4789.60009765625,3113
2026-04-09 14:00:00+00:00,4790.0,4801.7998046875,4787.10009765625,4796.5,3184
2026-04-09 14:15:00+00:00,4796.10009765625,4798.7001953125,4785.10009765625,4791.2998046875,2733
2026-04-09 14:30:00+00:00,4791.2001953125,4793.10009765625,4772.5,4781.10009765625,3479
2026-04-09 14:45:00+00:00,4780.60009765625,4794.0,4780.2998046875,4794.0,1485
2026-04-09 15:00:00+00:00,4794.0,4795.89990234375,4786.2001953125,4794.2998046875,1589
2026-04-09 15:15:00+00:00,4794.89990234375,4812.39990234375,4794.89990234375,4804.5,4782
2026-04-09 15:30:00+00:00,4803.89990234375,4823.89990234375,4803.2998046875,4815.7998046875,5287
2026-04-09 15:45:00+00:00,4815.60009765625,4819.0,4808.7998046875,4817.39990234375,4804
2026-04-09 16:00:00+00:00,4817.7001953125,4825.5,4812.2001953125,4812.89990234375,2487
2026-04-09 16:15:00+00:00,4812.89990234375,4822.7001953125,4811.7001953125,4817.2998046875,1691
2026-04-09 16:30:00+00:00,4817.7001953125,4819.89990234375,4810.10009765625,4811.7001953125,1211
2026-04-09 16:45:00+00:00,4811.89990234375,4815.7001953125,4808.7998046875,4813.0,1118
2026-04-09 17:00:00+00:00,4813.5,4818.5,4810.89990234375,4817.7001953125,1205
2026-04-09 17:15:00+00:00,4817.2998046875,4822.7001953125,4814.60009765625,4817.10009765625,3335
2026-04-09 17:30:00+00:00,4817.2998046875,4826.0,4811.7998046875,4819.60009765625,2464
2026-04-09 17:45:00+00:00,4819.7998046875,4825.60009765625,4819.7998046875,4822.2998046875,1393
2026-04-09 18:00:00+00:00,4822.60009765625,4822.7001953125,4804.60009765625,4807.89990234375,2185
2026-04-09 18:15:00+00:00,4807.89990234375,4812.5,4802.0,4806.2998046875,1049
2026-04-09 18:30:00+00:00,4805.89990234375,4806.10009765625,4792.7001953125,4795.0,1887
2026-04-09 18:45:00+00:00,4794.39990234375,4800.7998046875,4792.2001953125,4796.60009765625,1324
2026-04-09 19:00:00+00:00,4796.60009765625,4806.89990234375,4793.39990234375,4803.2998046875,1028
2026-04-09 19:15:00+00:00,4804.0,4804.89990234375,4796.39990234375,4797.7001953125,595
2026-04-09 19:30:00+00:00,4798.39990234375,4802.10009765625,4793.2998046875,4796.2001953125,892
2026-04-09 19:45:00+00:00,4796.39990234375,4798.2001953125,4790.7001953125,4793.0,968
2026-04-09 20:00:00+00:00,4793.0,4795.7001953125,4791.2001953125,4793.89990234375,343
2026-04-09 20:15:00+00:00,4794.39990234375,4797.39990234375,4790.2001953125,4794.2001953125,324
2026-04-09 20:30:00+00:00,4794.89990234375,4796.0,4784.60009765625,4788.7001953125,535
2026-04-09 20:45:00+00:00,4788.2998046875,4793.2998046875,4788.0,4790.5,347
2026-04-09 22:00:00+00:00,4790.5,4810.0,4789.2998046875,4793.7998046875,196
2026-04-09 22:15:00+00:00,4794.39990234375,4794.39990234375,4786.89990234375,4787.7001953125,527
2026-04-09 22:30:00+00:00,4788.39990234375,4791.0,4782.60009765625,4785.0,539
2026-04-09 22:45:00+00:00,4785.0,4788.10009765625,4782.2001953125,4787.60009765625,688
2026-04-09 23:00:00+00:00,4787.39990234375,4787.39990234375,4780.60009765625,4782.7998046875,610
2026-04-09 23:15:00+00:00,4783.0,4785.0,4779.7998046875,4781.2998046875,304
2026-04-09 23:30:00+00:00,4781.2001953125,4786.2998046875,4781.2001953125,4783.2998046875,475
2026-04-09 23:45:00+00:00,4783.10009765625,4787.10009765625,4781.5,4787.0,440
2026-04-10 00:00:00+00:00,4786.60009765625,4786.60009765625,4773.7998046875,4777.5,1020
2026-04-10 00:15:00+00:00,4777.60009765625,4781.89990234375,4774.2998046875,4777.0,1169
2026-04-10 00:30:00+00:00,4777.2998046875,4784.7001953125,4777.2998046875,4779.10009765625,692
2026-04-10 00:45:00+00:00,4778.7001953125,4786.5,4778.2998046875,4786.39990234375,624
2026-04-10 01:00:00+00:00,4786.2001953125,4790.5,4781.39990234375,4783.7998046875,1339
2026-04-10 01:15:00+00:00,4783.7998046875,4788.7001953125,4781.2998046875,4785.7001953125,795
2026-04-10 01:30:00+00:00,4785.60009765625,4800.39990234375,4783.39990234375,4794.89990234375,1708
2026-04-10 01:45:00+00:00,4794.89990234375,4796.39990234375,4783.2001953125,4787.2998046875,1267
2026-04-10 02:00:00+00:00,4787.5,4788.2001953125,4771.10009765625,4774.89990234375,1535
2026-04-10 02:15:00+00:00,4775.0,4776.89990234375,4764.0,4766.7001953125,2070
2026-04-10 02:30:00+00:00,4766.89990234375,4772.2998046875,4760.39990234375,4771.89990234375,1473
2026-04-10 02:45:00+00:00,4772.2998046875,4776.0,4770.0,4775.5,1129
2026-04-10 03:00:00+00:00,4775.60009765625,4784.7998046875,4775.2001953125,4782.7001953125,1026
2026-04-10 03:15:00+00:00,4783.2998046875,4785.0,4778.10009765625,4779.2001953125,825
2026-04-10 03:30:00+00:00,4779.5,4792.10009765625,4779.2001953125,4788.89990234375,1306
2026-04-10 03:45:00+00:00,4788.7001953125,4793.2998046875,4787.5,4789.10009765625,751
2026-04-10 04:00:00+00:00,4790.39990234375,4792.0,4788.10009765625,4790.7001953125,330
2026-04-10 04:15:00+00:00,4790.5,4794.60009765625,4789.0,4789.2998046875,518
2026-04-10 04:30:00+00:00,4789.2001953125,4789.39990234375,4785.5,4786.5,697
2026-04-10 04:45:00+00:00,4786.10009765625,4789.2998046875,4781.7998046875,4781.7998046875,533
2026-04-10 05:00:00+00:00,4782.5,4787.2001953125,4781.2998046875,4783.7998046875,628
2026-04-10 05:15:00+00:00,4783.2001953125,4787.89990234375,4782.2998046875,4783.7001953125,289
2026-04-10 05:30:00+00:00,4783.10009765625,4792.10009765625,4783.10009765625,4788.2998046875,617
2026-04-10 05:45:00+00:00,4789.10009765625,4793.0,4788.60009765625,4789.89990234375,507
2026-04-10 06:00:00+00:00,4790.0,4790.2001953125,4779.10009765625,4779.89990234375,1050
2026-04-10 06:15:00+00:00,4779.7998046875,4781.0,4775.10009765625,4779.10009765625,1230
2026-04-10 06:30:00+00:00,4779.10009765625,4782.0,4773.0,4774.7998046875,1075
2026-04-10 06:45:00+00:00,4774.7998046875,4778.0,4766.2998046875,4769.7001953125,1578
2026-04-10 07:00:00+00:00,4769.60009765625,4777.7001953125,4764.60009765625,4770.10009765625,1179
2026-04-10 07:15:00+00:00,4770.10009765625,4779.60009765625,4769.7001953125,4777.0,641
2026-04-10 07:30:00+00:00,4777.2001953125,4781.2001953125,4774.7998046875,4777.60009765625,571
2026-04-10 07:45:00+00:00,4777.7001953125,4778.5,4772.0,4773.0,424
2026-04-10 08:00:00+00:00,4773.2998046875,4776.5,4770.39990234375,4773.0,1315
2026-04-10 08:15:00+00:00,4773.10009765625,4773.5,4765.5,4769.7998046875,1266
2026-04-10 08:30:00+00:00,4769.39990234375,4775.2998046875,4763.7998046875,4764.89990234375,1095
2026-04-10 08:45:00+00:00,4765.60009765625,4766.7998046875,4752.7001953125,4763.10009765625,2450
2026-04-10 09:00:00+00:00,4763.60009765625,4769.39990234375,4763.10009765625,4769.39990234375,1008
2026-04-10 09:15:00+00:00,4769.2001953125,4783.2998046875,4767.10009765625,4771.89990234375,2108
2026-04-10 09:30:00+00:00,4771.5,4774.2998046875,4768.5,4773.7998046875,983
2026-04-10 09:45:00+00:00,4773.89990234375,4776.39990234375,4771.10009765625,4774.60009765625,687
2026-04-10 10:00:00+00:00,4774.7001953125,4776.60009765625,4765.2998046875,4770.2001953125,1073
2026-04-10 10:15:00+00:00,4769.7998046875,4784.0,4769.60009765625,4781.60009765625,839
2026-04-10 10:30:00+00:00,4781.60009765625,4783.10009765625,4777.39990234375,4779.10009765625,640
2026-04-10 10:45:00+00:00,4779.2001953125,4784.0,4778.10009765625,4780.7001953125,452
2026-04-10 11:00:00+00:00,4780.7001953125,4783.39990234375,4777.10009765625,4779.60009765625,424
2026-04-10 11:15:00+00:00,4779.2001953125,4786.89990234375,4778.10009765625,4785.60009765625,613
2026-04-10 11:30:00+00:00,4785.2998046875,4791.10009765625,4782.2998046875,4791.10009765625,515
2026-04-10 11:45:00+00:00,4791.2001953125,4792.89990234375,4787.0,4792.0,851
2026-04-10 12:00:00+00:00,4792.10009765625,4794.0,4787.2001953125,4791.10009765625,1111
2026-04-10 12:15:00+00:00,4791.0,4795.5,4783.89990234375,4785.60009765625,1488
2026-04-10 12:30:00+00:00,4785.10009765625,4806.89990234375,4784.89990234375,4795.7998046875,5128
2026-04-10 12:45:00+00:00,4796.2001953125,4797.7001953125,4787.2998046875,4795.5,2029
2026-04-10 13:00:00+00:00,4795.39990234375,4801.60009765625,4791.7998046875,4796.39990234375,1605
2026-04-10 13:15:00+00:00,4796.7998046875,4804.39990234375,4790.2001953125,4799.7998046875,3111
2026-04-10 13:30:00+00:00,4800.2001953125,4803.0,4788.89990234375,4793.7001953125,3074
2026-04-10 13:45:00+00:00,4793.39990234375,4802.39990234375,4790.0,4799.2998046875,1775
2026-04-10 14:00:00+00:00,4799.10009765625,4805.7001953125,4791.7001953125,4805.0,3380
2026-04-10 14:15:00+00:00,4805.2998046875,4818.0,4803.89990234375,4815.7001953125,3113
2026-04-10 14:30:00+00:00,4815.7001953125,4820.0,4798.0,4805.2001953125,3334
2026-04-10 14:45:00+00:00,4805.60009765625,4807.7998046875,4795.0,4799.2998046875,2433
2026-04-10 15:00:00+00:00,4799.39990234375,4808.5,4793.7001953125,4806.2998046875,1867
2026-04-10 15:15:00+00:00,4806.5,4811.89990234375,4800.5,4800.7998046875,1621
2026-04-10 15:30:00+00:00,4800.7998046875,4802.7998046875,4779.2998046875,4790.2001953125,3547
2026-04-10 15:45:00+00:00,4789.7998046875,4794.10009765625,4782.7998046875,4785.7998046875,2197
2026-04-10 16:00:00+00:00,4785.89990234375,4787.7001953125,4768.39990234375,4787.2001953125,3298
2026-04-10 16:15:00+00:00,4787.0,4789.39990234375,4778.2001953125,4782.60009765625,1572
2026-04-10 16:30:00+00:00,4782.10009765625,4789.60009765625,4780.60009765625,4781.5,2181
2026-04-10 16:45:00+00:00,4781.2998046875,4790.7001953125,4780.5,4788.10009765625,1166
2026-04-10 17:00:00+00:00,4788.39990234375,4790.7998046875,4782.39990234375,4789.0,997
2026-04-10 17:15:00+00:00,4788.89990234375,4793.2998046875,4785.5,4787.2001953125,3834
2026-04-10 17:30:00+00:00,4787.2998046875,4790.0,4782.10009765625,4783.39990234375,1419
2026-04-10 17:45:00+00:00,4783.0,4789.2001953125,4783.0,4784.5,655
2026-04-10 18:00:00+00:00,4784.7001953125,4788.10009765625,4775.10009765625,4787.7998046875,1769
2026-04-10 18:15:00+00:00,4787.7001953125,4794.0,4787.2001953125,4790.2998046875,1390
2026-04-10 18:30:00+00:00,4790.5,4797.7001953125,4790.10009765625,4792.60009765625,827
2026-04-10 18:45:00+00:00,4792.2001953125,4792.5,4787.39990234375,4789.5,581
2026-04-10 19:00:00+00:00,4789.5,4792.2998046875,4788.5,4791.0,555
2026-04-10 19:15:00+00:00,4790.0,4794.60009765625,4787.0,4787.7001953125,816
2026-04-10 19:30:00+00:00,4787.7001953125,4789.2001953125,4784.60009765625,4787.60009765625,404
2026-04-10 19:45:00+00:00,4787.5,4788.5,4782.0,4783.60009765625,926
2026-04-10 20:00:00+00:00,4783.5,4783.5,4775.2998046875,4777.2998046875,862
2026-04-10 20:15:00+00:00,4777.0,4777.10009765625,4764.0,4769.2001953125,869
2026-04-10 20:30:00+00:00,4769.10009765625,4776.10009765625,4769.0,4774.89990234375,740
2026-04-10 20:45:00+00:00,4774.7998046875,4776.5,4770.10009765625,4771.0,783
2026-04-12 22:00:00+00:00,4688.7001953125,4707.39990234375,4687.89990234375,4698.60009765625,518
2026-04-12 22:15:00+00:00,4698.2001953125,4705.7001953125,4665.2001953125,4669.0,4000
2026-04-12 22:30:00+00:00,4669.0,4680.7998046875,4666.7001953125,4679.7998046875,1619
2026-04-12 22:45:00+00:00,4679.2998046875,4682.5,4673.10009765625,4680.60009765625,799
2026-04-12 23:00:00+00:00,4680.5,4682.7001953125,4673.60009765625,4680.7998046875,723
2026-04-12 23:15:00+00:00,4681.0,4681.5,4664.60009765625,4674.7998046875,1050
2026-04-12 23:30:00+00:00,4674.39990234375,4682.0,4671.60009765625,4677.0,751
2026-04-12 23:45:00+00:00,4677.7998046875,4694.2001953125,4677.60009765625,4693.60009765625,1291
2026-04-13 00:00:00+00:00,4693.7001953125,4695.7001953125,4686.89990234375,4695.10009765625,780
2026-04-13 00:15:00+00:00,4693.89990234375,4698.7001953125,4691.0,4695.7998046875,762
2026-04-13 00:30:00+00:00,4695.5,4705.0,4693.5,4701.0,881
2026-04-13 00:45:00+00:00,4700.2998046875,4721.0,4700.2998046875,4718.0,1352
2026-04-13 01:00:00+00:00,4717.5,4741.5,4716.0,4737.60009765625,3271
2026-04-13 01:15:00+00:00,4736.39990234375,4743.2998046875,4733.2998046875,4739.2001953125,1256
2026-04-13 01:30:00+00:00,4738.7998046875,4743.5,4732.0,4736.60009765625,1192
2026-04-13 01:45:00+00:00,4734.89990234375,4749.5,4731.2998046875,4743.10009765625,1367
2026-04-13 02:00:00+00:00,4743.7001953125,4747.2001953125,4740.5,4744.2998046875,649
2026-04-13 02:15:00+00:00,4743.7001953125,4746.2998046875,4740.60009765625,4741.2001953125,512
2026-04-13 02:30:00+00:00,4741.39990234375,4749.5,4736.60009765625,4736.89990234375,827
2026-04-13 02:45:00+00:00,4736.7001953125,4743.2001953125,4732.5,4742.0,771
2026-04-13 03:00:00+00:00,4742.5,4743.39990234375,4733.7001953125,4734.7998046875,392
2026-04-13 03:15:00+00:00,4734.89990234375,4742.89990234375,4734.2998046875,4740.60009765625,388
2026-04-13 03:30:00+00:00,4740.2001953125,4745.7998046875,4739.2998046875,4743.7998046875,394
2026-04-13 03:45:00+00:00,4744.2001953125,4744.2998046875,4739.10009765625,4741.60009765625,305
2026-04-13 04:00:00+00:00,4740.0,4740.2001953125,4729.2001953125,4735.7998046875,1066
2026-04-13 04:15:00+00:00,4736.5,4737.2998046875,4730.5,4734.7001953125,453
2026-04-13 04:30:00+00:00,4735.10009765625,4741.60009765625,4730.60009765625,4741.0,703
2026-04-13 04:45:00+00:00,4740.2998046875,4747.0,4738.2998046875,4744.7001953125,426
2026-04-13 05:00:00+00:00,4744.89990234375,4748.0,4740.10009765625,4740.7998046875,621
2026-04-13 05:15:00+00:00,4740.89990234375,4743.2998046875,4737.89990234375,4742.5,416
2026-04-13 05:30:00+00:00,4742.7001953125,4746.7998046875,4739.7998046875,4743.2998046875,547
2026-04-13 05:45:00+00:00,4743.0,4752.60009765625,4742.10009765625,4751.10009765625,803
2026-04-13 06:00:00+00:00,4751.5,4751.5,4744.7998046875,4747.7001953125,1016
2026-04-13 06:15:00+00:00,4748.0,4753.7001953125,4747.0,4753.5,961
2026-04-13 06:30:00+00:00,4753.7001953125,4754.7001953125,4747.39990234375,4748.39990234375,786
2026-04-13 06:45:00+00:00,4748.0,4748.39990234375,4742.7001953125,4747.89990234375,705
2026-04-13 07:00:00+00:00,4748.0,4761.10009765625,4747.39990234375,4750.5,1306
2026-04-13 07:15:00+00:00,4749.7998046875,4755.2001953125,4749.10009765625,4753.10009765625,705
2026-04-13 07:30:00+00:00,4753.5,4756.2001953125,4749.89990234375,4754.7998046875,375
2026-04-13 07:45:00+00:00,4754.39990234375,4762.5,4750.7998046875,4756.39990234375,1310
2026-04-13 08:00:00+00:00,4756.7001953125,4761.2001953125,4755.0,4756.0,574
2026-04-13 08:15:00+00:00,4755.10009765625,4757.0,4752.89990234375,4754.89990234375,434
2026-04-13 08:30:00+00:00,4754.7001953125,4759.2001953125,4743.89990234375,4744.10009765625,1157
2026-04-13 08:45:00+00:00,4744.2001953125,4752.7998046875,4743.2998046875,4746.2998046875,1186
2026-04-13 09:00:00+00:00,4746.2998046875,4751.5,4738.89990234375,4741.7998046875,1389
2026-04-13 09:15:00+00:00,4741.7001953125,4744.0,4736.89990234375,4738.2998046875,945
2026-04-13 09:30:00+00:00,4737.7998046875,4743.2998046875,4733.2001953125,4736.7001953125,1304
2026-04-13 09:45:00+00:00,4736.7001953125,4739.2001953125,4733.2998046875,4737.39990234375,424
2026-04-13 10:00:00+00:00,4737.39990234375,4741.5,4736.5,4740.60009765625,555
2026-04-13 10:15:00+00:00,4740.60009765625,4740.60009765625,4730.5,4734.7998046875,797
2026-04-13 10:30:00+00:00,4735.0,4741.10009765625,4734.0,4740.7001953125,485
2026-04-13 10:45:00+00:00,4740.2998046875,4746.2001953125,4739.7001953125,4744.2001953125,531
2026-04-13 11:00:00+00:00,4744.7998046875,4751.39990234375,4742.2001953125,4743.89990234375,748
2026-04-13 11:15:00+00:00,4744.2001953125,4746.10009765625,4740.5,4743.2001953125,561
2026-04-13 11:30:00+00:00,4742.60009765625,4744.39990234375,4726.2001953125,4729.10009765625,1383
2026-04-13 11:45:00+00:00,4729.5,4734.2998046875,4725.2001953125,4729.10009765625,1220
2026-04-13 12:00:00+00:00,4728.60009765625,4742.7998046875,4725.60009765625,4740.2001953125,1556
2026-04-13 12:15:00+00:00,4739.7998046875,4740.39990234375,4726.10009765625,4732.7998046875,1996
2026-04-13 12:30:00+00:00,4733.0,4739.0,4731.5,4738.2001953125,1086
2026-04-13 12:45:00+00:00,4737.89990234375,4747.7998046875,4737.7998046875,4745.89990234375,1419
2026-04-13 13:00:00+00:00,4745.7998046875,4759.89990234375,4745.2998046875,4757.7998046875,3160
2026-04-13 13:15:00+00:00,4758.10009765625,4760.7001953125,4752.10009765625,4756.7001953125,1696
2026-04-13 13:30:00+00:00,4757.10009765625,4761.5,4747.5,4750.0,2379
2026-04-13 13:45:00+00:00,4749.7001953125,4768.0,4743.0,4753.2998046875,6526
2026-04-13 14:00:00+00:00,4753.2001953125,4754.2998046875,4743.2998046875,4750.89990234375,2311
2026-04-13 14:15:00+00:00,4750.39990234375,4751.39990234375,4732.39990234375,4738.2001953125,2293
2026-04-13 14:30:00+00:00,4738.2998046875,4745.7998046875,4731.89990234375,4745.0,2064
2026-04-13 14:45:00+00:00,4744.7998046875,4747.5,4733.0,4742.2001953125,1739
2026-04-13 15:00:00+00:00,4742.60009765625,4743.10009765625,4722.5,4729.89990234375,2713
2026-04-13 15:15:00+00:00,4729.60009765625,4733.89990234375,4725.10009765625,4726.10009765625,910
2026-04-13 15:30:00+00:00,4725.7001953125,4740.5,4724.2001953125,4734.39990234375,1364
2026-04-13 15:45:00+00:00,4734.60009765625,4737.7998046875,4733.0,4736.89990234375,636
2026-04-13 16:00:00+00:00,4737.2001953125,4743.2998046875,4731.5,4742.2998046875,1439
2026-04-13 16:15:00+00:00,4742.2998046875,4757.5,4741.10009765625,4754.0,3970
2026-04-13 16:30:00+00:00,4753.39990234375,4763.60009765625,4751.2998046875,4763.10009765625,4478
2026-04-13 16:45:00+00:00,4763.60009765625,4770.60009765625,4755.7001953125,4756.39990234375,4279
2026-04-13 17:00:00+00:00,4756.7001953125,4762.2001953125,4748.39990234375,4753.89990234375,2553
2026-04-13 17:15:00+00:00,4754.0,4774.39990234375,4752.7001953125,4766.7998046875,5904
2026-04-13 17:30:00+00:00,4766.5,4771.10009765625,4766.10009765625,4767.7001953125,988
2026-04-13 17:45:00+00:00,4767.7001953125,4767.7001953125,4750.60009765625,4753.2998046875,2564
2026-04-13 18:00:00+00:00,4753.5,4756.60009765625,4752.5,4753.60009765625,538
2026-04-13 18:15:00+00:00,4753.7001953125,4754.5,4746.10009765625,4750.2001953125,900
2026-04-13 18:30:00+00:00,4750.60009765625,4758.2998046875,4750.0,4756.7001953125,532
2026-04-13 18:45:00+00:00,4756.7998046875,4764.2001953125,4756.7998046875,4762.0,698
2026-04-13 19:00:00+00:00,4762.0,4762.60009765625,4753.7998046875,4758.0,577
2026-04-13 19:15:00+00:00,4758.39990234375,4767.60009765625,4758.39990234375,4766.2998046875,582
2026-04-13 19:30:00+00:00,4766.2998046875,4770.7001953125,4762.2998046875,4765.5,718
2026-04-13 19:45:00+00:00,4765.2001953125,4769.7001953125,4763.10009765625,4765.5,1268
2026-04-13 20:00:00+00:00,4765.2998046875,4768.39990234375,4763.7998046875,4766.7001953125,351
2026-04-13 20:15:00+00:00,4766.60009765625,4767.7001953125,4762.5,4763.5,300
2026-04-13 20:30:00+00:00,4763.2001953125,4764.5,4762.2998046875,4763.60009765625,136
2026-04-13 20:45:00+00:00,4763.7001953125,4766.60009765625,4762.2001953125,4766.60009765625,304
2026-04-13 22:00:00+00:00,4769.2998046875,4780.5,4767.60009765625,4771.89990234375,171
2026-04-13 22:15:00+00:00,4772.39990234375,4773.60009765625,4769.2001953125,4771.7998046875,304
2026-04-13 22:30:00+00:00,4772.2001953125,4774.2001953125,4770.0,4774.0,232
2026-04-13 22:45:00+00:00,4774.2001953125,4783.2998046875,4772.7998046875,4782.0,626
2026-04-13 23:00:00+00:00,4782.0,4789.7001953125,4782.0,4786.7998046875,822
2026-04-13 23:15:00+00:00,4786.60009765625,4787.10009765625,4778.39990234375,4779.0,469
2026-04-13 23:30:00+00:00,4779.10009765625,4785.2998046875,4778.2001953125,4783.2998046875,436
2026-04-13 23:45:00+00:00,4783.39990234375,4785.60009765625,4780.39990234375,4781.2998046875,326
2026-04-14 00:00:00+00:00,4781.7001953125,4783.7998046875,4775.5,4783.39990234375,711
2026-04-14 00:15:00+00:00,4783.39990234375,4791.60009765625,4782.89990234375,4786.2001953125,795
2026-04-14 00:30:00+00:00,4786.39990234375,4799.39990234375,4784.7998046875,4793.89990234375,1284
2026-04-14 00:45:00+00:00,4793.2998046875,4795.2998046875,4791.7998046875,4792.7001953125,600
2026-04-14 01:00:00+00:00,4792.7001953125,4802.7998046875,4785.7001953125,4798.89990234375,1529
2026-04-14 01:15:00+00:00,4799.2001953125,4801.60009765625,4792.39990234375,4793.60009765625,822
2026-04-14 01:30:00+00:00,4793.60009765625,4795.89990234375,4786.89990234375,4795.89990234375,787
2026-04-14 01:45:00+00:00,4795.5,4796.2001953125,4784.10009765625,4787.2001953125,701
2026-04-14 02:00:00+00:00,4787.10009765625,4793.7001953125,4785.0,4790.10009765625,645
2026-04-14 02:15:00+00:00,4790.2001953125,4795.0,4790.10009765625,4791.60009765625,320
2026-04-14 02:30:00+00:00,4791.39990234375,4795.2998046875,4784.2998046875,4794.89990234375,631
2026-04-14 02:45:00+00:00,4795.10009765625,4800.39990234375,4795.0,4797.60009765625,681
2026-04-14 03:00:00+00:00,4797.7001953125,4797.7998046875,4790.7998046875,4791.10009765625,322
2026-04-14 03:15:00+00:00,4791.7001953125,4793.5,4788.0,4790.60009765625,409
2026-04-14 03:30:00+00:00,4790.5,4791.7001953125,4787.89990234375,4790.2998046875,228
2026-04-14 03:45:00+00:00,4790.2001953125,4794.2001953125,4790.0,4792.2998046875,191
2026-04-14 04:00:00+00:00,4790.0,4792.60009765625,4789.2001953125,4791.0,215
2026-04-14 04:15:00+00:00,4791.2001953125,4799.2001953125,4791.2001953125,4798.2001953125,335
2026-04-14 04:30:00+00:00,4798.10009765625,4798.60009765625,4793.5,4795.60009765625,323
2026-04-14 04:45:00+00:00,4795.7001953125,4798.2998046875,4795.10009765625,4796.2998046875,244
2026-04-14 05:00:00+00:00,4796.10009765625,4796.2998046875,4785.39990234375,4787.7998046875,532
2026-04-14 05:15:00+00:00,4787.89990234375,4790.5,4783.60009765625,4786.5,451
2026-04-14 05:30:00+00:00,4786.7001953125,4789.39990234375,4780.0,4783.2001953125,890
2026-04-14 05:45:00+00:00,4783.10009765625,4788.89990234375,4781.39990234375,4782.2998046875,711
2026-04-14 06:00:00+00:00,4782.60009765625,4792.60009765625,4782.39990234375,4788.7001953125,956
2026-04-14 06:15:00+00:00,4788.2998046875,4790.89990234375,4786.10009765625,4790.60009765625,424
2026-04-14 06:30:00+00:00,4790.60009765625,4793.2001953125,4787.10009765625,4792.89990234375,556
2026-04-14 06:45:00+00:00,4792.7998046875,4806.2998046875,4792.10009765625,4805.39990234375,1686
2026-04-14 07:00:00+00:00,4805.39990234375,4820.39990234375,4804.5,4814.10009765625,3106
2026-04-14 07:15:00+00:00,4814.10009765625,4815.39990234375,4790.89990234375,4795.89990234375,3289
2026-04-14 07:30:00+00:00,4795.60009765625,4802.89990234375,4794.7001953125,4801.10009765625,1070
2026-04-14 07:45:00+00:00,4800.5,4803.7001953125,4796.60009765625,4800.2001953125,1457
2026-04-14 08:00:00+00:00,4799.60009765625,4807.10009765625,4797.2001953125,4803.5,919
2026-04-14 08:15:00+00:00,4804.0,4809.89990234375,4798.89990234375,4808.7998046875,929
2026-04-14 08:30:00+00:00,4809.60009765625,4813.7001953125,4806.10009765625,4808.10009765625,954
2026-04-14 08:45:00+00:00,4808.60009765625,4810.0,4804.89990234375,4810.0,678
2026-04-14 09:00:00+00:00,4810.5,4811.60009765625,4803.2001953125,4809.5,974
2026-04-14 09:15:00+00:00,4809.5,4813.0,4802.0,4802.0,958
2026-04-14 09:30:00+00:00,4802.0,4803.10009765625,4794.7998046875,4801.5,1997
2026-04-14 09:45:00+00:00,4801.2001953125,4805.60009765625,4796.2998046875,4801.60009765625,1331
2026-04-14 10:00:00+00:00,4801.7001953125,4808.10009765625,4801.7001953125,4805.39990234375,690
2026-04-14 10:15:00+00:00,4805.39990234375,4811.10009765625,4803.2001953125,4807.2001953125,572
2026-04-14 10:30:00+00:00,4806.7001953125,4807.5,4773.2998046875,4789.10009765625,4236
2026-04-14 10:45:00+00:00,4789.2998046875,4795.2998046875,4789.0,4791.10009765625,906
2026-04-14 11:00:00+00:00,4790.60009765625,4799.7001953125,4789.39990234375,4799.39990234375,874
2026-04-14 11:15:00+00:00,4799.39990234375,4805.7998046875,4797.89990234375,4800.89990234375,1066
2026-04-14 11:30:00+00:00,4801.0,4802.39990234375,4795.89990234375,4800.39990234375,844
2026-04-14 11:45:00+00:00,4800.7998046875,4805.60009765625,4792.2998046875,4797.10009765625,2003
2026-04-14 12:00:00+00:00,4797.10009765625,4800.2001953125,4791.2001953125,4792.2001953125,1089
2026-04-14 12:15:00+00:00,4792.0,4795.0,4784.2001953125,4790.89990234375,1877
2026-04-14 12:30:00+00:00,4790.7001953125,4798.5,4790.0,4791.0,1842
2026-04-14 12:45:00+00:00,4791.10009765625,4796.10009765625,4784.2001953125,4793.2998046875,1757
2026-04-14 13:00:00+00:00,4793.0,4804.60009765625,4792.89990234375,4804.2998046875,1889
2026-04-14 13:15:00+00:00,4804.5,4815.7998046875,4803.2998046875,4805.7998046875,3175
2026-04-14 13:30:00+00:00,4805.2998046875,4828.89990234375,4802.89990234375,4816.7001953125,6372
2026-04-14 13:45:00+00:00,4816.5,4820.5,4812.7998046875,4818.7998046875,2290
2026-04-14 14:00:00+00:00,4818.39990234375,4827.7998046875,4816.7001953125,4818.7001953125,4428
2026-04-14 14:15:00+00:00,4818.7001953125,4834.60009765625,4818.7001953125,4833.0,5013
2026-04-14 14:30:00+00:00,4833.0,4842.0,4821.7998046875,4822.2001953125,4107
2026-04-14 14:45:00+00:00,4822.7001953125,4830.2998046875,4818.7001953125,4827.2998046875,2182
2026-04-14 15:00:00+00:00,4827.2998046875,4827.5,4814.39990234375,4817.7001953125,2166
2026-04-14 15:15:00+00:00,4817.7001953125,4829.2998046875,4816.2998046875,4826.2001953125,1686
2026-04-14 15:30:00+00:00,4826.2998046875,4837.2001953125,4826.2998046875,4832.60009765625,2254
2026-04-14 15:45:00+00:00,4832.89990234375,4839.7998046875,4830.0,4831.89990234375,1986
2026-04-14 16:00:00+00:00,4832.10009765625,4837.5,4829.0,4832.89990234375,1245
2026-04-14 16:15:00+00:00,4833.0,4842.60009765625,4830.2998046875,4839.7998046875,2183
2026-04-14 16:30:00+00:00,4839.5,4844.0,4836.60009765625,4838.60009765625,1311
2026-04-14 16:45:00+00:00,4838.60009765625,4843.7001953125,4832.5,4833.5,1606
2026-04-14 17:00:00+00:00,4833.39990234375,4860.0,4832.89990234375,4851.10009765625,7085
2026-04-14 17:15:00+00:00,4851.2001953125,4856.10009765625,4848.7998046875,4849.7998046875,4282
2026-04-14 17:30:00+00:00,4849.7001953125,4867.7001953125,4849.2001953125,4861.39990234375,3017
2026-04-14 17:45:00+00:00,4861.89990234375,4864.5,4858.7001953125,4859.5,852
2026-04-14 18:00:00+00:00,4859.60009765625,4867.7998046875,4858.7998046875,4863.39990234375,1387
2026-04-14 18:15:00+00:00,4863.0,4864.39990234375,4857.60009765625,4862.10009765625,1380
2026-04-14 18:30:00+00:00,4862.10009765625,4863.7998046875,4858.5,4859.2001953125,590
2026-04-14 18:45:00+00:00,4859.2998046875,4861.0,4855.2001953125,4860.10009765625,865
2026-04-14 19:00:00+00:00,4860.2998046875,4867.0,4860.2998046875,4865.7998046875,730
2026-04-14 19:15:00+00:00,4865.7001953125,4867.10009765625,4862.60009765625,4865.0,642
2026-04-14 19:30:00+00:00,4864.89990234375,4868.2998046875,4862.89990234375,4865.0,697
2026-04-14 19:45:00+00:00,4865.2001953125,4870.0,4863.60009765625,4868.7001953125,1290
2026-04-14 20:00:00+00:00,4869.2001953125,4870.2998046875,4865.5,4866.2998046875,490
2026-04-14 20:15:00+00:00,4866.60009765625,4866.89990234375,4863.0,4863.7998046875,336
2026-04-14 20:30:00+00:00,4864.2998046875,4867.0,4863.39990234375,4866.0,258
2026-04-14 20:45:00+00:00,4865.5,4866.89990234375,4863.7001953125,4864.5,475
2026-04-14 22:00:00+00:00,4862.7001953125,4874.60009765625,4860.7998046875,4868.10009765625,350
2026-04-14 22:15:00+00:00,4868.7998046875,4870.7998046875,4859.7001953125,4863.2001953125,557
2026-04-14 22:30:00+00:00,4863.10009765625,4867.39990234375,4861.5,4864.5,548
2026-04-14 22:45:00+00:00,4864.0,4864.0,4857.2001953125,4859.5,788
2026-04-14 23:00:00+00:00,4859.10009765625,4868.2001953125,4857.5,4861.2001953125,628
2026-04-14 23:15:00+00:00,4861.10009765625,4864.0,4859.2001953125,4860.0,819
2026-04-14 23:30:00+00:00,4860.2001953125,4867.7001953125,4859.5,4866.7998046875,622
2026-04-14 23:45:00+00:00,4867.0,4869.0,4860.7998046875,4861.7001953125,404
2026-04-15 00:00:00+00:00,4861.5,4864.10009765625,4855.7998046875,4858.2001953125,696
2026-04-15 00:15:00+00:00,4858.0,4860.7998046875,4852.7998046875,4858.2001953125,804
2026-04-15 00:30:00+00:00,4858.0,4858.0,4851.60009765625,4854.5,519
2026-04-15 00:45:00+00:00,4854.89990234375,4861.7998046875,4853.60009765625,4859.7001953125,601
2026-04-15 01:00:00+00:00,4860.10009765625,4877.2998046875,4852.5,4874.5,2065
2026-04-15 01:15:00+00:00,4874.39990234375,4895.39990234375,4865.89990234375,4874.2998046875,4645
2026-04-15 01:30:00+00:00,4873.89990234375,4875.2998046875,4866.0,4867.10009765625,986
2026-04-15 01:45:00+00:00,4867.7001953125,4872.60009765625,4863.5,4871.0,799
2026-04-15 02:00:00+00:00,4870.2998046875,4877.2001953125,4868.39990234375,4868.39990234375,985
2026-04-15 02:15:00+00:00,4868.7998046875,4869.39990234375,4856.39990234375,4858.89990234375,798
2026-04-15 02:30:00+00:00,4858.89990234375,4859.2001953125,4845.10009765625,4852.7998046875,1941
2026-04-15 02:45:00+00:00,4852.0,4854.60009765625,4844.5,4847.7001953125,793
2026-04-15 03:00:00+00:00,4848.2001953125,4848.89990234375,4841.0,4845.5,1457
2026-04-15 03:15:00+00:00,4845.10009765625,4852.2001953125,4845.10009765625,4850.7998046875,697
2026-04-15 03:30:00+00:00,4850.7001953125,4853.0,4849.7001953125,4852.60009765625,423
2026-04-15 03:45:00+00:00,4852.60009765625,4853.60009765625,4849.5,4849.60009765625,351
2026-04-15 04:00:00+00:00,4848.0,4850.5,4844.5,4849.7001953125,373
2026-04-15 04:15:00+00:00,4849.60009765625,4851.0,4845.7001953125,4848.39990234375,231
2026-04-15 04:30:00+00:00,4848.7001953125,4851.60009765625,4847.10009765625,4847.2001953125,239
2026-04-15 04:45:00+00:00,4847.2001953125,4850.5,4845.10009765625,4848.89990234375,246
2026-04-15 05:00:00+00:00,4849.10009765625,4852.7998046875,4846.2998046875,4850.2998046875,427
2026-04-15 05:15:00+00:00,4850.2001953125,4854.2998046875,4847.89990234375,4849.7001953125,451
2026-04-15 05:30:00+00:00,4850.0,4851.5,4835.89990234375,4840.5,1227
2026-04-15 05:45:00+00:00,4840.39990234375,4847.10009765625,4837.7001953125,4843.2998046875,1068
2026-04-15 06:00:00+00:00,4843.39990234375,4848.5,4840.10009765625,4842.7998046875,727
2026-04-15 06:15:00+00:00,4843.0,4843.10009765625,4837.2001953125,4838.5,532
2026-04-15 06:30:00+00:00,4838.2001953125,4841.39990234375,4834.60009765625,4839.7001953125,844
2026-04-15 06:45:00+00:00,4839.7998046875,4845.7001953125,4834.2001953125,4834.89990234375,1078
2026-04-15 07:00:00+00:00,4835.2001953125,4840.0,4827.39990234375,4838.60009765625,2204
2026-04-15 07:15:00+00:00,4838.7001953125,4839.0,4829.0,4835.7998046875,1522
2026-04-15 07:30:00+00:00,4835.7001953125,4838.7998046875,4831.60009765625,4833.5,786
2026-04-15 07:45:00+00:00,4833.2998046875,4835.7001953125,4829.0,4834.10009765625,913
2026-04-15 08:00:00+00:00,4833.7998046875,4835.5,4827.10009765625,4834.10009765625,1002
2026-04-15 08:15:00+00:00,4834.5,4837.39990234375,4828.7998046875,4833.2998046875,1143
2026-04-15 08:30:00+00:00,4832.0,4836.0,4828.7998046875,4833.7998046875,779
2026-04-15 08:45:00+00:00,4833.10009765625,4845.39990234375,4832.89990234375,4841.60009765625,1254
2026-04-15 09:00:00+00:00,4841.39990234375,4842.39990234375,4815.2001953125,4827.7998046875,2902
2026-04-15 09:15:00+00:00,4828.10009765625,4830.60009765625,4819.2001953125,4820.0,1252
2026-04-15 09:30:00+00:00,4820.0,4826.89990234375,4818.0,4818.7998046875,1784
2026-04-15 09:45:00+00:00,4818.7998046875,4823.0,4808.39990234375,4821.2001953125,1921
2026-04-15 10:00:00+00:00,4820.60009765625,4826.10009765625,4818.10009765625,4823.89990234375,699
2026-04-15 10:15:00+00:00,4823.89990234375,4824.2001953125,4812.7001953125,4817.5,1147
2026-04-15 10:30:00+00:00,4818.10009765625,4824.2001953125,4815.89990234375,4823.2001953125,915
2026-04-15 10:45:00+00:00,4823.2998046875,4829.2001953125,4821.60009765625,4822.7998046875,919
2026-04-15 11:00:00+00:00,4822.7998046875,4827.2001953125,4818.39990234375,4825.39990234375,600
2026-04-15 11:15:00+00:00,4825.7998046875,4829.7998046875,4822.60009765625,4827.7001953125,491
2026-04-15 11:30:00+00:00,4827.7998046875,4831.5,4825.0,4828.7001953125,705
2026-04-15 11:45:00+00:00,4828.39990234375,4837.7998046875,4826.2998046875,4835.7001953125,1562
2026-04-15 12:00:00+00:00,4835.0,4837.0,4829.2998046875,4836.39990234375,1158
2026-04-15 12:15:00+00:00,4836.7998046875,4838.7001953125,4832.2001953125,4835.2001953125,1432
2026-04-15 12:30:00+00:00,4834.89990234375,4838.5,4832.60009765625,4834.10009765625,737
2026-04-15 12:45:00+00:00,4834.10009765625,4837.89990234375,4830.39990234375,4833.89990234375,730
2026-04-15 13:00:00+00:00,4834.39990234375,4838.89990234375,4831.10009765625,4836.7998046875,1273
2026-04-15 13:15:00+00:00,4836.7998046875,4844.7001953125,4832.7998046875,4844.39990234375,1492
2026-04-15 13:30:00+00:00,4844.39990234375,4848.39990234375,4838.2998046875,4842.60009765625,2484
2026-04-15 13:45:00+00:00,4843.5,4853.5,4842.5,4851.89990234375,2161
2026-04-15 14:00:00+00:00,4851.7001953125,4853.0,4843.5,4851.7998046875,2326
2026-04-15 14:15:00+00:00,4852.0,4854.60009765625,4845.5,4848.2001953125,1890
2026-04-15 14:30:00+00:00,4848.5,4848.7998046875,4838.10009765625,4842.2998046875,1652
2026-04-15 14:45:00+00:00,4842.2001953125,4842.2001953125,4836.2001953125,4838.39990234375,1140
2026-04-15 15:00:00+00:00,4839.0,4839.0,4822.5,4832.60009765625,3367
2026-04-15 15:15:00+00:00,4832.2998046875,4833.60009765625,4819.2001953125,4820.2998046875,2287
2026-04-15 15:30:00+00:00,4820.39990234375,4828.7001953125,4807.89990234375,4826.0,3138
2026-04-15 15:45:00+00:00,4825.60009765625,4829.7998046875,4821.7998046875,4823.5,1786
2026-04-15 16:00:00+00:00,4824.0,4832.7998046875,4822.5,4830.7001953125,1528
2026-04-15 16:15:00+00:00,4830.60009765625,4835.0,4827.39990234375,4833.7001953125,1539
2026-04-15 16:30:00+00:00,4833.7998046875,4834.2001953125,4825.10009765625,4826.60009765625,1718
2026-04-15 16:45:00+00:00,4826.5,4829.39990234375,4822.0,4825.89990234375,1342
2026-04-15 17:00:00+00:00,4826.2001953125,4827.0,4820.10009765625,4820.10009765625,810
2026-04-15 17:15:00+00:00,4820.39990234375,4830.7998046875,4820.2998046875,4823.60009765625,2109
2026-04-15 17:30:00+00:00,4823.89990234375,4824.7001953125,4814.0,4815.60009765625,1653
2026-04-15 17:45:00+00:00,4815.89990234375,4818.10009765625,4812.89990234375,4814.7998046875,1040
2026-04-15 18:00:00+00:00,4814.7998046875,4823.2001953125,4812.2001953125,4819.5,1540
2026-04-15 18:15:00+00:00,4819.0,4821.0,4815.0,4817.0,508
2026-04-15 18:30:00+00:00,4817.2001953125,4820.5,4816.7001953125,4819.2001953125,290
2026-04-15 18:45:00+00:00,4819.5,4825.2998046875,4819.39990234375,4822.2001953125,1195
2026-04-15 19:00:00+00:00,4822.2001953125,4826.10009765625,4820.89990234375,4821.2998046875,474
2026-04-15 19:15:00+00:00,4821.39990234375,4825.7001953125,4820.2998046875,4825.2001953125,268
2026-04-15 19:30:00+00:00,4825.0,4825.60009765625,4817.5,4819.39990234375,386
2026-04-15 19:45:00+00:00,4819.2001953125,4823.7001953125,4817.10009765625,4818.2998046875,558
2026-04-15 20:00:00+00:00,4818.7001953125,4819.39990234375,4815.10009765625,4816.0,282
2026-04-15 20:15:00+00:00,4816.10009765625,4818.39990234375,4816.10009765625,4816.5,94
2026-04-15 20:30:00+00:00,4816.10009765625,4816.10009765625,4812.7998046875,4813.0,241
2026-04-15 20:45:00+00:00,4814.0,4816.0,4810.5,4813.89990234375,561
2026-04-15 22:00:00+00:00,4813.60009765625,4821.10009765625,4812.39990234375,4813.60009765625,223
2026-04-15 22:15:00+00:00,4814.7001953125,4823.7001953125,4814.7001953125,4822.0,453
2026-04-15 22:30:00+00:00,4823.2001953125,4825.0,4820.39990234375,4822.7001953125,365
2026-04-15 22:45:00+00:00,4823.0,4833.7998046875,4823.0,4829.2001953125,1028
2026-04-15 23:00:00+00:00,4829.2001953125,4834.60009765625,4829.2001953125,4834.10009765625,380
2026-04-15 23:15:00+00:00,4834.10009765625,4837.2998046875,4833.60009765625,4836.5,402
2026-04-15 23:30:00+00:00,4836.2998046875,4846.10009765625,4835.89990234375,4844.7001953125,1389
2026-04-15 23:45:00+00:00,4845.10009765625,4848.60009765625,4843.39990234375,4845.39990234375,518
2026-04-16 00:00:00+00:00,4845.39990234375,4854.2998046875,4845.39990234375,4852.2001953125,1129
2026-04-16 00:15:00+00:00,4852.5,4853.5,4843.7998046875,4846.7998046875,1718
2026-04-16 00:30:00+00:00,4846.89990234375,4859.7001953125,4841.10009765625,4854.60009765625,2811
2026-04-16 00:45:00+00:00,4854.2998046875,4859.5,4852.7998046875,4854.7001953125,602
2026-04-16 01:00:00+00:00,4854.7001953125,4858.60009765625,4850.2001953125,4851.60009765625,789
2026-04-16 01:15:00+00:00,4852.2998046875,4852.39990234375,4843.7001953125,4845.39990234375,634
2026-04-16 01:30:00+00:00,4845.5,4847.5,4832.89990234375,4838.2001953125,945
2026-04-16 01:45:00+00:00,4837.60009765625,4844.7001953125,4837.2998046875,4839.89990234375,695
2026-04-16 02:00:00+00:00,4840.7001953125,4847.2001953125,4839.60009765625,4844.0,428
2026-04-16 02:15:00+00:00,4843.39990234375,4845.89990234375,4841.10009765625,4841.39990234375,540
2026-04-16 02:30:00+00:00,4841.39990234375,4843.5,4834.60009765625,4839.10009765625,482
2026-04-16 02:45:00+00:00,4840.0,4843.60009765625,4837.7001953125,4842.10009765625,284
2026-04-16 03:00:00+00:00,4841.7998046875,4849.60009765625,4841.5,4849.0,406
2026-04-16 03:15:00+00:00,4848.7001953125,4849.0,4845.0,4846.5,269
2026-04-16 03:30:00+00:00,4846.60009765625,4848.60009765625,4841.5,4842.89990234375,437
2026-04-16 03:45:00+00:00,4843.10009765625,4849.10009765625,4843.10009765625,4847.7001953125,245
2026-04-16 04:00:00+00:00,4846.2998046875,4849.89990234375,4845.2001953125,4849.39990234375,264
2026-04-16 04:15:00+00:00,4849.5,4852.60009765625,4848.0,4848.89990234375,380
2026-04-16 04:30:00+00:00,4849.0,4853.89990234375,4847.5,4852.89990234375,311
2026-04-16 04:45:00+00:00,4853.39990234375,4856.10009765625,4851.89990234375,4855.7001953125,249
2026-04-16 05:00:00+00:00,4855.5,4861.2998046875,4855.39990234375,4857.0,873
2026-04-16 05:15:00+00:00,4858.0,4859.2001953125,4854.39990234375,4855.5,497
2026-04-16 05:30:00+00:00,4856.0,4856.89990234375,4847.5,4848.2998046875,1487
2026-04-16 05:45:00+00:00,4848.39990234375,4852.60009765625,4843.7001953125,4844.10009765625,1533
2026-04-16 06:00:00+00:00,4843.60009765625,4850.7998046875,4843.60009765625,4845.2001953125,1217
2026-04-16 06:15:00+00:00,4845.10009765625,4848.0,4836.0,4838.0,1722
2026-04-16 06:30:00+00:00,4838.2998046875,4846.5,4836.60009765625,4846.2001953125,2639
2026-04-16 06:45:00+00:00,4845.7001953125,4852.10009765625,4844.0,4848.2998046875,2793
2026-04-16 07:00:00+00:00,4848.0,4852.7998046875,4844.2998046875,4846.2998046875,2338
2026-04-16 07:15:00+00:00,4846.39990234375,4851.39990234375,4838.2998046875,4849.7001953125,2685
2026-04-16 07:30:00+00:00,4849.7001953125,4851.89990234375,4845.60009765625,4849.2998046875,980
2026-04-16 07:45:00+00:00,4848.89990234375,4849.7998046875,4840.60009765625,4843.0,616
2026-04-16 08:00:00+00:00,4842.7998046875,4843.2001953125,4828.0,4833.10009765625,1966
2026-04-16 08:15:00+00:00,4833.0,4836.0,4830.7998046875,4832.89990234375,632
2026-04-16 08:30:00+00:00,4833.0,4834.7998046875,4827.7998046875,4833.2001953125,810
2026-04-16 08:45:00+00:00,4833.39990234375,4836.0,4829.39990234375,4834.7001953125,933
2026-04-16 09:00:00+00:00,4834.89990234375,4839.5,4833.0,4837.7001953125,482
2026-04-16 09:15:00+00:00,4837.2998046875,4838.5,4832.5,4834.2998046875,602
2026-04-16 09:30:00+00:00,4834.2001953125,4836.10009765625,4827.7001953125,4835.7001953125,1550
2026-04-16 09:45:00+00:00,4835.7001953125,4836.7998046875,4831.0,4834.2001953125,690
2026-04-16 10:00:00+00:00,4834.10009765625,4836.7998046875,4828.10009765625,4828.2998046875,716
2026-04-16 10:15:00+00:00,4828.10009765625,4831.5,4825.60009765625,4828.39990234375,351
2026-04-16 10:30:00+00:00,4828.2001953125,4833.5,4826.39990234375,4829.39990234375,523
2026-04-16 10:45:00+00:00,4828.7998046875,4838.7001953125,4827.7998046875,4838.7001953125,593
2026-04-16 11:00:00+00:00,4838.7001953125,4842.10009765625,4837.5,4838.7998046875,720
2026-04-16 11:15:00+00:00,4839.0,4841.5,4836.7998046875,4837.60009765625,479
2026-04-16 11:30:00+00:00,4838.0,4841.60009765625,4837.39990234375,4839.2998046875,414
2026-04-16 11:45:00+00:00,4839.2001953125,4844.2998046875,4837.60009765625,4843.89990234375,572
2026-04-16 12:00:00+00:00,4844.10009765625,4845.0,4833.0,4838.39990234375,1484
2026-04-16 12:15:00+00:00,4838.39990234375,4840.7001953125,4835.5,4837.0,767
2026-04-16 12:30:00+00:00,4836.89990234375,4842.2001953125,4833.10009765625,4838.39990234375,1324
2026-04-16 12:45:00+00:00,4838.5,4840.7001953125,4835.2998046875,4837.7998046875,877
2026-04-16 13:00:00+00:00,4838.2998046875,4844.7998046875,4836.10009765625,4839.10009765625,1820
2026-04-16 13:15:00+00:00,4839.5,4843.39990234375,4837.2001953125,4837.60009765625,1006
2026-04-16 13:30:00+00:00,4837.7998046875,4846.2001953125,4834.39990234375,4837.7998046875,2710
2026-04-16 13:45:00+00:00,4838.0,4841.7001953125,4805.2998046875,4815.89990234375,6600
2026-04-16 14:00:00+00:00,4815.7998046875,4828.39990234375,4806.39990234375,4823.39990234375,5993
2026-04-16 14:15:00+00:00,4823.60009765625,4825.5,4813.2001953125,4821.0,1789
2026-04-16 14:30:00+00:00,4821.5,4823.0,4792.10009765625,4809.2001953125,4427
2026-04-16 14:45:00+00:00,4808.7998046875,4815.2001953125,4806.7001953125,4810.2998046875,1848
2026-04-16 15:00:00+00:00,4810.39990234375,4834.7001953125,4809.89990234375,4828.0,3175
2026-04-16 15:15:00+00:00,4828.60009765625,4831.2998046875,4823.2001953125,4823.2001953125,1458
2026-04-16 15:30:00+00:00,4823.2001953125,4833.10009765625,4819.2998046875,4824.5,2302
2026-04-16 15:45:00+00:00,4824.2001953125,4830.10009765625,4822.2001953125,4828.2001953125,965
2026-04-16 16:00:00+00:00,4828.60009765625,4831.39990234375,4824.60009765625,4826.2001953125,724
2026-04-16 16:15:00+00:00,4826.39990234375,4827.0,4817.7001953125,4820.2998046875,1028
2026-04-16 16:30:00+00:00,4821.0,4821.0,4807.2001953125,4811.0,2720
2026-04-16 16:45:00+00:00,4810.89990234375,4814.5,4806.0,4812.7001953125,1364
2026-04-16 17:00:00+00:00,4812.60009765625,4816.60009765625,4810.60009765625,4812.39990234375,1059
2026-04-16 17:15:00+00:00,4812.2998046875,4815.10009765625,4805.5,4805.7998046875,1715
2026-04-16 17:30:00+00:00,4806.0,4810.2001953125,4802.0,4807.7998046875,1494
2026-04-16 17:45:00+00:00,4808.10009765625,4812.0,4803.10009765625,4810.10009765625,1328
2026-04-16 18:00:00+00:00,4810.0,4815.5,4806.5,4810.60009765625,886
2026-04-16 18:15:00+00:00,4810.5,4814.0,4807.60009765625,4807.7001953125,589
2026-04-16 18:30:00+00:00,4807.7001953125,4812.2998046875,4807.5,4810.60009765625,396
2026-04-16 18:45:00+00:00,4810.89990234375,4813.60009765625,4808.89990234375,4809.7001953125,316
2026-04-16 19:00:00+00:00,4810.89990234375,4815.89990234375,4810.2998046875,4810.60009765625,537
2026-04-16 19:15:00+00:00,4811.39990234375,4814.89990234375,4811.2998046875,4811.60009765625,387
2026-04-16 19:30:00+00:00,4811.5,4818.7998046875,4811.5,4818.5,517
2026-04-16 19:45:00+00:00,4819.10009765625,4819.7001953125,4813.60009765625,4814.5,804
2026-04-16 20:00:00+00:00,4814.7998046875,4815.10009765625,4811.0,4811.5,220
2026-04-16 20:15:00+00:00,4811.2001953125,4812.89990234375,4809.2998046875,4810.39990234375,226
2026-04-16 20:30:00+00:00,4810.2001953125,4811.5,4807.2998046875,4809.60009765625,231
2026-04-16 20:45:00+00:00,4810.0,4812.10009765625,4806.0,4810.89990234375,495
2026-04-16 22:00:00+00:00,4811.7998046875,4818.7998046875,4811.7998046875,4816.0,269
2026-04-16 22:15:00+00:00,4815.89990234375,4817.2998046875,4813.0,4815.2998046875,169
2026-04-16 22:30:00+00:00,4814.5,4816.7998046875,4811.39990234375,4816.0,336
2026-04-16 22:45:00+00:00,4815.2001953125,4818.0,4815.2001953125,4816.0,217
2026-04-16 23:00:00+00:00,4815.60009765625,4816.0,4812.60009765625,4813.2998046875,127
2026-04-16 23:15:00+00:00,4813.7001953125,4818.7001953125,4813.10009765625,4814.2998046875,161
2026-04-16 23:30:00+00:00,4814.39990234375,4817.2001953125,4812.7998046875,4816.7001953125,139
2026-04-16 23:45:00+00:00,4816.0,4817.7001953125,4812.39990234375,4812.5,234
2026-04-17 00:00:00+00:00,4812.0,4812.7998046875,4806.7001953125,4811.2998046875,507
2026-04-17 00:15:00+00:00,4811.10009765625,4814.0,4808.2998046875,4814.0,236
2026-04-17 00:30:00+00:00,4814.0,4819.5,4813.60009765625,4819.39990234375,408
2026-04-17 00:45:00+00:00,4819.2001953125,4822.2001953125,4814.60009765625,4816.2998046875,420
2026-04-17 01:00:00+00:00,4815.60009765625,4816.5,4785.89990234375,4799.2001953125,2115
2026-04-17 01:15:00+00:00,4799.0,4805.89990234375,4787.7001953125,4789.2998046875,1318
2026-04-17 01:30:00+00:00,4788.89990234375,4797.7998046875,4787.89990234375,4796.89990234375,1270
2026-04-17 01:45:00+00:00,4797.7998046875,4811.5,4795.2998046875,4810.2001953125,1149
2026-04-17 02:00:00+00:00,4809.7998046875,4814.39990234375,4808.2998046875,4811.39990234375,730
2026-04-17 02:15:00+00:00,4811.7998046875,4812.0,4808.2998046875,4808.7001953125,312
2026-04-17 02:30:00+00:00,4808.60009765625,4815.0,4808.39990234375,4811.7998046875,409
2026-04-17 02:45:00+00:00,4811.2998046875,4813.7998046875,4804.2998046875,4804.60009765625,410
2026-04-17 03:00:00+00:00,4804.7998046875,4818.0,4804.7998046875,4816.5,785
2026-04-17 03:15:00+00:00,4816.5,4819.10009765625,4813.60009765625,4815.0,431
2026-04-17 03:30:00+00:00,4814.5,4815.7998046875,4812.2998046875,4814.7998046875,276
2026-04-17 03:45:00+00:00,4815.0,4817.5,4813.7001953125,4814.10009765625,198
2026-04-17 04:00:00+00:00,4813.89990234375,4816.89990234375,4813.10009765625,4815.7001953125,293
2026-04-17 04:15:00+00:00,4816.39990234375,4817.10009765625,4814.5,4816.7998046875,157
2026-04-17 04:30:00+00:00,4817.0,4822.7998046875,4816.2001953125,4822.2001953125,605
2026-04-17 04:45:00+00:00,4822.2001953125,4825.60009765625,4819.2001953125,4824.2001953125,592
2026-04-17 05:00:00+00:00,4823.7001953125,4827.2001953125,4820.60009765625,4826.10009765625,440
2026-04-17 05:15:00+00:00,4826.0,4826.39990234375,4822.60009765625,4824.7998046875,320
2026-04-17 05:30:00+00:00,4824.5,4826.60009765625,4817.0,4818.0,963
2026-04-17 05:45:00+00:00,4818.10009765625,4822.10009765625,4815.10009765625,4815.89990234375,1031
2026-04-17 06:00:00+00:00,4815.89990234375,4816.5,4808.10009765625,4809.0,1054
2026-04-17 06:15:00+00:00,4808.89990234375,4811.2001953125,4804.5,4805.2001953125,815
2026-04-17 06:30:00+00:00,4804.7998046875,4808.0,4800.0,4806.10009765625,1081
2026-04-17 06:45:00+00:00,4806.2998046875,4807.89990234375,4804.60009765625,4805.5,565
2026-04-17 07:00:00+00:00,4806.0,4812.0,4804.7998046875,4807.7001953125,1014
2026-04-17 07:15:00+00:00,4808.2001953125,4813.5,4805.39990234375,4812.0,762
2026-04-17 07:30:00+00:00,4812.0,4815.2998046875,4803.60009765625,4807.39990234375,1269
2026-04-17 07:45:00+00:00,4807.39990234375,4807.5,4800.2001953125,4805.5,1024
2026-04-17 08:00:00+00:00,4806.10009765625,4812.5,4802.60009765625,4805.10009765625,1065
2026-04-17 08:15:00+00:00,4805.0,4808.60009765625,4804.2001953125,4806.10009765625,487
2026-04-17 08:30:00+00:00,4806.0,4818.7001953125,4806.0,4818.7001953125,1099
2026-04-17 08:45:00+00:00,4818.7998046875,4818.7998046875,4812.60009765625,4817.7998046875,699
2026-04-17 09:00:00+00:00,4817.7998046875,4822.7001953125,4814.39990234375,4814.7998046875,1101
2026-04-17 09:15:00+00:00,4814.89990234375,4820.2001953125,4813.60009765625,4817.60009765625,776
2026-04-17 09:30:00+00:00,4817.89990234375,4820.7001953125,4815.7001953125,4816.2998046875,838
2026-04-17 09:45:00+00:00,4816.39990234375,4816.7001953125,4812.0,4812.2001953125,731
2026-04-17 10:00:00+00:00,4812.60009765625,4814.5,4809.10009765625,4813.7001953125,729
2026-04-17 10:15:00+00:00,4813.60009765625,4816.0,4810.5,4811.7001953125,363
2026-04-17 10:30:00+00:00,4811.2001953125,4811.7001953125,4803.10009765625,4806.60009765625,669
2026-04-17 10:45:00+00:00,4806.60009765625,4810.2998046875,4804.0,4809.0,751
2026-04-17 11:00:00+00:00,4809.2001953125,4811.2001953125,4805.5,4807.89990234375,591
2026-04-17 11:15:00+00:00,4807.7998046875,4815.39990234375,4806.2001953125,4814.89990234375,708
2026-04-17 11:30:00+00:00,4814.89990234375,4820.7998046875,4811.7001953125,4820.7001953125,789
2026-04-17 11:45:00+00:00,4820.7998046875,4834.0,4820.7998046875,4822.0,2865
2026-04-17 12:00:00+00:00,4821.7001953125,4828.10009765625,4819.7998046875,4826.10009765625,1023
2026-04-17 12:15:00+00:00,4826.2998046875,4842.2001953125,4825.7001953125,4839.39990234375,2943
2026-04-17 12:30:00+00:00,4839.7001953125,4847.5,4837.7998046875,4845.60009765625,2755
2026-04-17 12:45:00+00:00,4846.0,4870.7998046875,4844.2998046875,4869.0,9670
2026-04-17 13:00:00+00:00,4869.0,4917.7001953125,4856.89990234375,4906.2998046875,12310
2026-04-17 13:15:00+00:00,4906.2998046875,4906.7001953125,4872.39990234375,4874.60009765625,6885
2026-04-17 13:30:00+00:00,4873.89990234375,4897.0,4870.7001953125,4887.0,4827
2026-04-17 13:45:00+00:00,4887.60009765625,4905.5,4874.39990234375,4903.10009765625,6149
2026-04-17 14:00:00+00:00,4903.2998046875,4908.89990234375,4883.39990234375,4890.10009765625,4458
2026-04-17 14:15:00+00:00,4890.5,4903.60009765625,4888.60009765625,4894.39990234375,2711
2026-04-17 14:30:00+00:00,4895.0,4906.2001953125,4892.39990234375,4900.39990234375,3650
2026-04-17 14:45:00+00:00,4900.5,4904.60009765625,4892.7998046875,4895.7001953125,2425
2026-04-17 15:00:00+00:00,4896.2001953125,4903.5,4885.0,4890.60009765625,3836
2026-04-17 15:15:00+00:00,4890.7001953125,4897.39990234375,4885.2998046875,4888.60009765625,3467
2026-04-17 15:30:00+00:00,4888.60009765625,4896.60009765625,4877.2998046875,4880.89990234375,2182
2026-04-17 15:45:00+00:00,4881.0,4894.10009765625,4880.39990234375,4889.7001953125,1509
2026-04-17 16:00:00+00:00,4889.5,4896.0,4886.0,4894.2001953125,1302
2026-04-17 16:15:00+00:00,4894.2998046875,4895.89990234375,4889.89990234375,4889.89990234375,696
2026-04-17 16:30:00+00:00,4890.7001953125,4895.5,4889.7998046875,4890.60009765625,760
2026-04-17 16:45:00+00:00,4890.89990234375,4891.2998046875,4887.2001953125,4889.0,752
2026-04-17 17:00:00+00:00,4889.0,4891.60009765625,4879.0,4884.7998046875,1573
2026-04-17 17:15:00+00:00,4885.2001953125,4887.2998046875,4875.39990234375,4880.5,2287
2026-04-17 17:30:00+00:00,4880.2001953125,4884.7998046875,4875.0,4876.39990234375,1160
2026-04-17 17:45:00+00:00,4876.7998046875,4885.5,4876.7998046875,4884.60009765625,697
2026-04-17 18:00:00+00:00,4884.7001953125,4888.39990234375,4882.10009765625,4882.7998046875,837
2026-04-17 18:15:00+00:00,4883.0,4890.10009765625,4880.60009765625,4882.89990234375,676
2026-04-17 18:30:00+00:00,4882.7998046875,4888.39990234375,4882.2001953125,4883.7998046875,495
2026-04-17 18:45:00+00:00,4884.39990234375,4884.60009765625,4877.0,4879.60009765625,575
2026-04-17 19:00:00+00:00,4879.89990234375,4880.10009765625,4875.2001953125,4878.10009765625,566
2026-04-17 19:15:00+00:00,4878.0,4879.7001953125,4875.60009765625,4878.2998046875,372
2026-04-17 19:30:00+00:00,4878.0,4882.60009765625,4877.0,4881.39990234375,885
2026-04-17 19:45:00+00:00,4881.2001953125,4881.39990234375,4873.60009765625,4875.5,1301
2026-04-17 20:00:00+00:00,4875.60009765625,4876.2998046875,4865.2001953125,4866.5,1567
2026-04-17 20:15:00+00:00,4866.60009765625,4872.7001953125,4865.2001953125,4867.0,1033
2026-04-17 20:30:00+00:00,4866.39990234375,4868.0,4854.60009765625,4856.60009765625,1321
2026-04-17 20:45:00+00:00,4856.60009765625,4879.60009765625,4848.0,4879.60009765625,1422
2026-04-19 22:00:00+00:00,4813.39990234375,4815.0,4801.89990234375,4809.89990234375,1404
2026-04-19 22:15:00+00:00,4809.89990234375,4815.0,4803.5,4805.2001953125,1324
2026-04-19 22:30:00+00:00,4805.2998046875,4810.60009765625,4798.39990234375,4799.5,714
2026-04-19 22:45:00+00:00,4800.0,4806.89990234375,4797.60009765625,4799.39990234375,626
2026-04-19 23:00:00+00:00,4798.89990234375,4799.39990234375,4792.0,4792.89990234375,1140
2026-04-19 23:15:00+00:00,4792.7998046875,4796.2001953125,4788.2001953125,4789.2998046875,733
2026-04-19 23:30:00+00:00,4789.7998046875,4793.5,4752.0,4771.2001953125,3201
2026-04-19 23:45:00+00:00,4771.0,4775.0,4756.0,4775.0,2433
2026-04-20 00:00:00+00:00,4774.39990234375,4774.7998046875,4764.2001953125,4771.7001953125,1683
2026-04-20 00:15:00+00:00,4772.0,4785.89990234375,4771.5,4785.5,1888
2026-04-20 00:30:00+00:00,4785.10009765625,4788.2001953125,4780.5,4784.0,704
2026-04-20 00:45:00+00:00,4784.7998046875,4793.7998046875,4779.0,4792.0,1291
2026-04-20 01:00:00+00:00,4792.0,4813.7001953125,4790.2998046875,4812.89990234375,3302
2026-04-20 01:15:00+00:00,4813.2998046875,4823.10009765625,4808.0,4822.10009765625,1627
2026-04-20 01:30:00+00:00,4821.7001953125,4831.2998046875,4820.60009765625,4826.10009765625,1904
2026-04-20 01:45:00+00:00,4825.7998046875,4834.5,4825.60009765625,4827.7998046875,1424
2026-04-20 02:00:00+00:00,4827.39990234375,4828.7998046875,4820.10009765625,4820.2998046875,1395
2026-04-20 02:15:00+00:00,4820.7001953125,4823.39990234375,4816.60009765625,4819.60009765625,890
2026-04-20 02:30:00+00:00,4821.0,4821.39990234375,4813.2001953125,4815.39990234375,904
2026-04-20 02:45:00+00:00,4815.5,4817.0,4813.10009765625,4813.2998046875,125
2026-04-20 09:30:00+00:00,4879.60009765625,4879.60009765625,4804.60009765625,4811.2001953125,23928
2026-04-20 09:45:00+00:00,4811.5,4817.10009765625,4809.2001953125,4811.39990234375,1290
2026-04-20 10:00:00+00:00,4811.7001953125,4820.0,4809.60009765625,4815.89990234375,1072
2026-04-20 10:15:00+00:00,4816.10009765625,4821.2001953125,4815.39990234375,4818.39990234375,587
2026-04-20 10:30:00+00:00,4818.5,4820.10009765625,4815.10009765625,4815.2998046875,247
2026-04-20 10:45:00+00:00,4815.39990234375,4879.60009765625,4815.0,4815.7001953125,330
2026-04-20 11:00:00+00:00,4815.7001953125,4816.10009765625,4806.39990234375,4809.39990234375,919
2026-04-20 11:15:00+00:00,4809.2998046875,4810.7001953125,4806.2998046875,4807.89990234375,510
2026-04-20 11:30:00+00:00,4808.0,4811.7001953125,4807.39990234375,4811.2998046875,499
2026-04-20 11:45:00+00:00,4879.60009765625,4879.60009765625,4822.39990234375,4830.89990234375,3137
2026-04-20 12:00:00+00:00,4830.7998046875,4832.89990234375,4822.7001953125,4830.60009765625,2464
2026-04-20 12:15:00+00:00,4831.0,4842.89990234375,4824.0,4825.89990234375,4340
2026-04-20 12:30:00+00:00,4825.7001953125,4829.7001953125,4818.7998046875,4826.0,1676
2026-04-20 12:45:00+00:00,4826.10009765625,4828.7998046875,4820.89990234375,4823.2998046875,1491
2026-04-20 13:00:00+00:00,4823.60009765625,4837.10009765625,4819.7001953125,4835.89990234375,2178
2026-04-20 13:15:00+00:00,4836.0,4846.5,4832.2998046875,4845.0,2143
2026-04-20 13:30:00+00:00,4845.0,4847.2998046875,4836.5,4843.2001953125,2653
2026-04-20 13:45:00+00:00,4843.10009765625,4845.2001953125,4837.7998046875,4838.7998046875,1736
2026-04-20 14:00:00+00:00,4838.7998046875,4839.39990234375,4826.5,4836.0,4815
2026-04-20 14:15:00+00:00,4835.7001953125,4847.2001953125,4834.10009765625,4843.2998046875,2252
2026-04-20 14:30:00+00:00,4843.5,4847.89990234375,4830.5,4834.7001953125,2078
2026-04-20 14:45:00+00:00,4833.89990234375,4835.10009765625,4811.89990234375,4824.89990234375,3542
2026-04-20 15:00:00+00:00,4825.7001953125,4827.2001953125,4812.60009765625,4818.10009765625,2291
2026-04-20 15:15:00+00:00,4818.0,4829.7998046875,4814.10009765625,4828.39990234375,2830
2026-04-20 15:30:00+00:00,4828.39990234375,4829.5,4819.60009765625,4820.10009765625,1241
2026-04-20 15:45:00+00:00,4820.2001953125,4821.7001953125,4815.0,4819.89990234375,1276
2026-04-20 16:00:00+00:00,4819.7998046875,4821.5,4814.10009765625,4818.2998046875,991
2026-04-20 16:15:00+00:00,4818.39990234375,4821.89990234375,4812.5,4821.5,1433
2026-04-20 16:30:00+00:00,4821.89990234375,4824.60009765625,4818.7001953125,4822.0,1004
2026-04-20 16:45:00+00:00,4822.10009765625,4826.60009765625,4821.7001953125,4825.60009765625,994
2026-04-20 17:00:00+00:00,4825.89990234375,4830.7001953125,4824.0,4828.7001953125,1154
2026-04-20 17:15:00+00:00,4828.89990234375,4831.5,4826.2001953125,4830.10009765625,1942
2026-04-20 17:30:00+00:00,4830.2998046875,4832.39990234375,4825.39990234375,4829.89990234375,1023
2026-04-20 17:45:00+00:00,4829.7998046875,4830.2001953125,4825.7998046875,4827.10009765625,509
2026-04-20 18:00:00+00:00,4827.60009765625,4836.5,4827.60009765625,4836.2001953125,945
2026-04-20 18:15:00+00:00,4835.89990234375,4835.89990234375,4832.0,4833.89990234375,614
2026-04-20 18:30:00+00:00,4834.0,4835.7998046875,4831.2001953125,4835.10009765625,511
2026-04-20 18:45:00+00:00,4835.10009765625,4837.0,4833.60009765625,4834.7998046875,503
2026-04-20 19:00:00+00:00,4834.7001953125,4842.10009765625,4834.7001953125,4841.0,757
2026-04-20 19:15:00+00:00,4840.89990234375,4840.89990234375,4836.60009765625,4837.60009765625,508
2026-04-20 19:30:00+00:00,4837.60009765625,4837.60009765625,4829.7001953125,4831.7998046875,1080
2026-04-20 19:45:00+00:00,4832.10009765625,4834.89990234375,4831.39990234375,4834.7998046875,571
2026-04-20 20:00:00+00:00,4835.0,4837.39990234375,4832.7998046875,4834.0,606
2026-04-20 20:15:00+00:00,4834.2998046875,4837.7001953125,4832.89990234375,4836.60009765625,244
2026-04-20 20:30:00+00:00,4836.5,4838.0,4833.39990234375,4837.2001953125,389
2026-04-20 20:45:00+00:00,4837.10009765625,4842.7001953125,4836.89990234375,4841.0,395
2026-04-20 22:00:00+00:00,4842.39990234375,4854.7998046875,4841.10009765625,4849.89990234375,668
2026-04-20 22:15:00+00:00,4850.39990234375,4854.2001953125,4849.39990234375,4849.39990234375,700
2026-04-20 22:30:00+00:00,4849.7001953125,4852.0,4845.7998046875,4851.89990234375,616
2026-04-20 22:45:00+00:00,4851.60009765625,4852.89990234375,4846.2998046875,4848.5,468
2026-04-20 23:00:00+00:00,4848.7001953125,4852.5,4844.5,4846.7998046875,681
2026-04-20 23:15:00+00:00,4846.5,4848.0,4844.7001953125,4846.5,199
2026-04-20 23:30:00+00:00,4846.39990234375,4846.39990234375,4843.60009765625,4844.5,363
2026-04-20 23:45:00+00:00,4845.10009765625,4845.60009765625,4840.5,4842.39990234375,316
2026-04-21 00:00:00+00:00,4843.0,4851.2001953125,4841.0,4848.7001953125,708
2026-04-21 00:15:00+00:00,4848.5,4849.60009765625,4839.2001953125,4839.5,803
2026-04-21 00:30:00+00:00,4839.7998046875,4844.2998046875,4836.39990234375,4842.39990234375,711
2026-04-21 00:45:00+00:00,4842.39990234375,4845.89990234375,4841.2001953125,4843.60009765625,394
2026-04-21 01:00:00+00:00,4843.7998046875,4844.2998046875,4832.60009765625,4834.60009765625,882
2026-04-21 01:15:00+00:00,4834.5,4838.2001953125,4833.7001953125,4838.2001953125,509
2026-04-21 01:30:00+00:00,4837.7001953125,4839.0,4828.2998046875,4832.60009765625,689
2026-04-21 01:45:00+00:00,4833.10009765625,4833.60009765625,4825.2998046875,4829.7998046875,837
2026-04-21 02:00:00+00:00,4830.10009765625,4830.2001953125,4825.0,4826.60009765625,631
2026-04-21 02:15:00+00:00,4827.0,4828.10009765625,4822.0,4827.2001953125,481
2026-04-21 02:30:00+00:00,4826.7998046875,4826.89990234375,4821.60009765625,4825.2998046875,634
2026-04-21 02:45:00+00:00,4825.2998046875,4827.5,4821.5,4826.0,547
2026-04-21 03:00:00+00:00,4826.2001953125,4826.89990234375,4819.2001953125,4819.7001953125,662
2026-04-21 03:15:00+00:00,4819.60009765625,4821.2001953125,4812.60009765625,4817.7001953125,1473
2026-04-21 03:30:00+00:00,4818.0,4819.39990234375,4811.2001953125,4813.7998046875,1419
2026-04-21 03:45:00+00:00,4813.60009765625,4816.39990234375,4812.60009765625,4816.2998046875,580
2026-04-21 04:00:00+00:00,4816.10009765625,4816.60009765625,4812.10009765625,4812.89990234375,766
2026-04-21 04:15:00+00:00,4812.7001953125,4815.10009765625,4809.2998046875,4810.7998046875,1245
2026-04-21 04:30:00+00:00,4810.7001953125,4812.7998046875,4808.0,4810.0,719
2026-04-21 04:45:00+00:00,4810.2998046875,4811.89990234375,4807.0,4807.7001953125,1009
2026-04-21 05:00:00+00:00,4807.7998046875,4811.5,4804.2998046875,4807.7998046875,1694
2026-04-21 05:15:00+00:00,4808.0,4809.7998046875,4804.2998046875,4806.10009765625,1098
2026-04-21 05:30:00+00:00,4806.2001953125,4815.7001953125,4804.39990234375,4815.10009765625,1457
2026-04-21 05:45:00+00:00,4815.2998046875,4815.2998046875,4801.7001953125,4802.89990234375,1557
2026-04-21 06:00:00+00:00,4802.60009765625,4809.39990234375,4794.10009765625,4803.60009765625,2950
2026-04-21 06:15:00+00:00,4803.39990234375,4804.5,4795.60009765625,4796.7001953125,2329
2026-04-21 06:30:00+00:00,4828.7998046875,4828.7998046875,4794.60009765625,4799.39990234375,1957
2026-04-21 06:45:00+00:00,4799.0,4802.60009765625,4793.0,4796.7998046875,2035
2026-04-21 07:00:00+00:00,4796.2998046875,4804.2998046875,4790.7998046875,4801.39990234375,1689
2026-04-21 07:15:00+00:00,4801.7001953125,4806.7001953125,4799.39990234375,4802.2001953125,719
2026-04-21 07:30:00+00:00,4802.5,4806.0,4799.5,4805.2998046875,527
2026-04-21 07:45:00+00:00,4805.10009765625,4811.5,4803.0,4804.89990234375,1118
2026-04-21 08:00:00+00:00,4804.5,4806.60009765625,4793.2998046875,4794.7001953125,1261
2026-04-21 08:15:00+00:00,4794.39990234375,4808.0,4794.0,4805.89990234375,1130
2026-04-21 08:30:00+00:00,4805.89990234375,4812.2001953125,4803.7001953125,4810.2998046875,974
2026-04-21 08:45:00+00:00,4810.7001953125,4811.7998046875,4805.0,4805.0,495
2026-04-21 09:00:00+00:00,4804.89990234375,4805.5,4800.0,4803.10009765625,639
2026-04-21 09:15:00+00:00,4802.7001953125,4806.89990234375,4800.10009765625,4801.10009765625,564
2026-04-21 09:30:00+00:00,4800.89990234375,4806.0,4800.7998046875,4805.7998046875,1310
2026-04-21 09:45:00+00:00,4806.0,4808.2998046875,4802.0,4802.39990234375,1625
2026-04-21 10:00:00+00:00,4802.7998046875,4805.0,4801.2001953125,4801.89990234375,523
2026-04-21 10:15:00+00:00,4802.10009765625,4803.89990234375,4799.60009765625,4802.10009765625,508
2026-04-21 10:30:00+00:00,4802.10009765625,4807.0,4801.7001953125,4805.39990234375,469
2026-04-21 10:45:00+00:00,4805.39990234375,4809.7001953125,4805.2998046875,4809.0,612
2026-04-21 11:00:00+00:00,4809.2001953125,4809.5,4794.2998046875,4801.0,1456
2026-04-21 11:15:00+00:00,4800.89990234375,4803.89990234375,4798.2001953125,4802.39990234375,549
2026-04-21 11:30:00+00:00,4802.39990234375,4814.39990234375,4802.2001953125,4812.60009765625,1588
2026-04-21 11:45:00+00:00,4812.7998046875,4818.0,4811.2998046875,4814.2001953125,1072
2026-04-21 12:00:00+00:00,4814.39990234375,4816.7001953125,4810.2998046875,4810.2998046875,1199
2026-04-21 12:15:00+00:00,4810.89990234375,4811.10009765625,4798.2001953125,4799.7001953125,1991
2026-04-21 12:30:00+00:00,4799.2998046875,4809.2998046875,4781.60009765625,4797.2998046875,4914
2026-04-21 12:45:00+00:00,4797.2001953125,4802.10009765625,4794.39990234375,4797.60009765625,1518
2026-04-21 13:00:00+00:00,4797.60009765625,4802.7998046875,4783.2998046875,4783.7998046875,2984
2026-04-21 13:15:00+00:00,4783.60009765625,4793.7001953125,4777.2998046875,4793.10009765625,2813
2026-04-21 13:30:00+00:00,4792.89990234375,4812.10009765625,4788.7998046875,4808.39990234375,4365
2026-04-21 13:45:00+00:00,4808.2001953125,4813.7998046875,4796.5,4798.2001953125,3080
2026-04-21 14:00:00+00:00,4798.2001953125,4801.89990234375,4792.2998046875,4798.39990234375,2440
2026-04-21 14:15:00+00:00,4797.2001953125,4799.5,4788.5,4792.60009765625,1802
2026-04-21 14:30:00+00:00,4792.5,4793.5,4761.2001953125,4762.7998046875,8314
2026-04-21 14:45:00+00:00,4762.7001953125,4763.89990234375,4740.89990234375,4757.39990234375,12562
2026-04-21 15:00:00+00:00,4757.7998046875,4769.2001953125,4745.89990234375,4766.89990234375,7213
2026-04-21 15:15:00+00:00,4766.2998046875,4776.60009765625,4760.2998046875,4761.10009765625,4285
2026-04-21 15:30:00+00:00,4761.2001953125,4766.39990234375,4755.2998046875,4764.2001953125,1793
2026-04-21 15:45:00+00:00,4764.0,4768.60009765625,4757.0,4759.7998046875,2031
2026-04-21 16:00:00+00:00,4760.2998046875,4765.89990234375,4745.7001953125,4749.5,2927
2026-04-21 16:15:00+00:00,4749.2998046875,4753.39990234375,4737.60009765625,4739.89990234375,3094
2026-04-21 16:30:00+00:00,4739.5,4746.7998046875,4738.39990234375,4740.0,2558
2026-04-21 16:45:00+00:00,4739.7001953125,4741.89990234375,4726.39990234375,4729.5,4445
2026-04-21 17:00:00+00:00,4729.2998046875,4737.60009765625,4718.10009765625,4724.10009765625,5346
2026-04-21 17:15:00+00:00,4725.0,4727.0,4715.0,4719.10009765625,3880
2026-04-21 17:30:00+00:00,4719.2998046875,4742.0,4716.2998046875,4737.39990234375,4989
2026-04-21 17:45:00+00:00,4737.7001953125,4738.5,4725.7998046875,4731.0,1891
2026-04-21 18:00:00+00:00,4730.89990234375,4734.2001953125,4723.7001953125,4724.10009765625,1345
2026-04-21 18:15:00+00:00,4724.7001953125,4724.7001953125,4712.0,4716.2001953125,2726
2026-04-21 18:30:00+00:00,4716.39990234375,4723.10009765625,4716.39990234375,4722.39990234375,1233
2026-04-21 18:45:00+00:00,4721.89990234375,4732.7998046875,4718.0,4728.10009765625,1829
2026-04-21 19:00:00+00:00,4728.7001953125,4732.0,4722.7998046875,4726.2001953125,1341
2026-04-21 19:15:00+00:00,4726.89990234375,4734.10009765625,4723.89990234375,4732.89990234375,1581
2026-04-21 19:30:00+00:00,4732.7998046875,4733.5,4685.7998046875,4690.39990234375,5034
2026-04-21 19:45:00+00:00,4690.60009765625,4704.2001953125,4689.60009765625,4698.2998046875,3273
2026-04-21 20:00:00+00:00,4698.5,4721.39990234375,4688.39990234375,4716.5,3324
2026-04-21 20:15:00+00:00,4717.7998046875,4730.2998046875,4713.89990234375,4724.60009765625,1885
2026-04-21 20:30:00+00:00,4724.2998046875,4732.7998046875,4724.2998046875,4730.2998046875,760
2026-04-21 20:45:00+00:00,4729.89990234375,4739.60009765625,4728.0,4738.5,848
2026-04-21 22:00:00+00:00,4738.7001953125,4748.10009765625,4734.2998046875,4739.39990234375,532
2026-04-21 22:15:00+00:00,4740.0,4740.0,4734.39990234375,4737.0,201
2026-04-21 22:30:00+00:00,4737.2998046875,4737.7001953125,4734.0,4735.5,360
2026-04-21 22:45:00+00:00,4734.7001953125,4738.10009765625,4733.10009765625,4737.60009765625,368
2026-04-21 23:00:00+00:00,4737.10009765625,4747.60009765625,4736.0,4745.2001953125,826
2026-04-21 23:15:00+00:00,4745.7998046875,4751.10009765625,4744.0,4748.0,817
2026-04-21 23:30:00+00:00,4747.60009765625,4752.0,4746.2998046875,4749.7998046875,597
2026-04-21 23:45:00+00:00,4749.5,4758.39990234375,4749.5,4755.7998046875,951
2026-04-22 00:00:00+00:00,4756.2998046875,4766.0,4756.2998046875,4760.89990234375,1118
2026-04-22 00:15:00+00:00,4760.60009765625,4763.89990234375,4758.2998046875,4760.60009765625,560
2026-04-22 00:30:00+00:00,4760.2998046875,4765.10009765625,4759.2998046875,4759.89990234375,685
2026-04-22 00:45:00+00:00,4760.2998046875,4764.60009765625,4756.10009765625,4757.7001953125,765
2026-04-22 01:00:00+00:00,4757.39990234375,4763.0,4753.5,4756.2001953125,1430
2026-04-22 01:15:00+00:00,4756.10009765625,4767.39990234375,4756.0,4764.10009765625,909
2026-04-22 01:30:00+00:00,4764.2001953125,4771.89990234375,4764.0,4767.2998046875,1753
2026-04-22 01:45:00+00:00,4767.2998046875,4772.5,4765.7001953125,4769.7998046875,1181
2026-04-22 02:00:00+00:00,4770.2998046875,4774.10009765625,4767.5,4773.5,846
2026-04-22 02:15:00+00:00,4773.2001953125,4775.7998046875,4771.0,4773.39990234375,619
2026-04-22 02:30:00+00:00,4773.0,4776.2001953125,4768.89990234375,4769.10009765625,825
2026-04-22 02:45:00+00:00,4768.89990234375,4774.60009765625,4768.2998046875,4773.5,653
2026-04-22 03:00:00+00:00,4773.10009765625,4778.5,4770.39990234375,4775.2998046875,857
2026-04-22 03:15:00+00:00,4774.89990234375,4781.0,4774.0,4780.7001953125,877
2026-04-22 03:30:00+00:00,4780.39990234375,4782.7001953125,4774.60009765625,4776.7998046875,858
2026-04-22 03:45:00+00:00,4777.2998046875,4778.60009765625,4774.7998046875,4777.0,405
2026-04-22 04:00:00+00:00,4776.10009765625,4777.39990234375,4773.2001953125,4775.2001953125,536
2026-04-22 04:15:00+00:00,4775.5,4775.5,4772.39990234375,4773.5,392
2026-04-22 04:30:00+00:00,4773.5,4775.0,4770.2998046875,4774.10009765625,738
2026-04-22 04:45:00+00:00,4774.0,4777.2998046875,4770.10009765625,4772.39990234375,1397
2026-04-22 05:00:00+00:00,4772.39990234375,4775.10009765625,4769.89990234375,4774.89990234375,531
2026-04-22 05:15:00+00:00,4774.7001953125,4789.7998046875,4774.2998046875,4784.2001953125,2594
2026-04-22 05:30:00+00:00,4784.10009765625,4787.2001953125,4781.7001953125,4785.39990234375,748
2026-04-22 05:45:00+00:00,4785.0,4789.89990234375,4782.60009765625,4786.39990234375,1853
2026-04-22 06:00:00+00:00,4786.0,4786.5,4777.5,4781.2001953125,1738
2026-04-22 06:15:00+00:00,4781.0,4785.7998046875,4778.7998046875,4785.39990234375,752
2026-04-22 06:30:00+00:00,4785.2001953125,4786.10009765625,4782.0,4782.10009765625,488
2026-04-22 06:45:00+00:00,4781.7001953125,4786.2001953125,4781.7001953125,4786.0,522
2026-04-22 07:00:00+00:00,4785.89990234375,4790.7998046875,4783.60009765625,4784.2998046875,1170
2026-04-22 07:15:00+00:00,4784.0,4786.60009765625,4780.7998046875,4784.7001953125,964
2026-04-22 07:30:00+00:00,4784.60009765625,4785.39990234375,4780.5,4782.0,816
2026-04-22 07:45:00+00:00,4782.60009765625,4783.2998046875,4778.39990234375,4779.5,723
2026-04-22 08:00:00+00:00,4779.60009765625,4781.39990234375,4776.7001953125,4776.89990234375,791
2026-04-22 08:15:00+00:00,4777.10009765625,4778.89990234375,4772.89990234375,4773.0,1162
2026-04-22 08:30:00+00:00,4773.0,4776.0,4770.5,4774.89990234375,975
2026-04-22 08:45:00+00:00,4774.7001953125,4777.10009765625,4772.5,4775.7001953125,566
2026-04-22 09:00:00+00:00,4775.5,4780.2001953125,4775.2998046875,4779.39990234375,1065
2026-04-22 09:15:00+00:00,4779.39990234375,4780.89990234375,4774.89990234375,4775.0,555
2026-04-22 09:30:00+00:00,4774.89990234375,4781.10009765625,4773.60009765625,4777.10009765625,1021
2026-04-22 09:45:00+00:00,4777.2998046875,4777.7001953125,4771.0,4773.39990234375,692
2026-04-22 10:00:00+00:00,4773.60009765625,4776.2998046875,4764.2998046875,4767.2001953125,1283
2026-04-22 10:15:00+00:00,4766.89990234375,4774.7998046875,4766.89990234375,4773.39990234375,789
2026-04-22 10:30:00+00:00,4773.39990234375,4778.39990234375,4772.39990234375,4774.89990234375,770
2026-04-22 10:45:00+00:00,4775.39990234375,4779.2001953125,4774.10009765625,4778.10009765625,380
2026-04-22 11:00:00+00:00,4777.89990234375,4779.0,4775.0,4775.7001953125,619
2026-04-22 11:15:00+00:00,4775.7998046875,4779.60009765625,4775.10009765625,4776.10009765625,711
2026-04-22 11:30:00+00:00,4776.2998046875,4778.7001953125,4766.89990234375,4767.39990234375,1285
2026-04-22 11:45:00+00:00,4767.5,4772.0,4766.2998046875,4768.89990234375,1229
2026-04-22 12:00:00+00:00,4769.2001953125,4776.5,4768.10009765625,4770.7001953125,1318
2026-04-22 12:15:00+00:00,4770.5,4779.0,4765.7001953125,4772.10009765625,1610
2026-04-22 12:30:00+00:00,4771.7001953125,4772.89990234375,4763.89990234375,4765.2001953125,1784
2026-04-22 12:45:00+00:00,4765.39990234375,4767.0,4761.10009765625,4762.60009765625,1534
2026-04-22 13:00:00+00:00,4762.89990234375,4769.2001953125,4757.2001953125,4761.0,2487
2026-04-22 13:15:00+00:00,4760.60009765625,4768.60009765625,4754.60009765625,4768.5,2337
2026-04-22 13:30:00+00:00,4768.7001953125,4775.0,4760.0,4773.7001953125,2542
2026-04-22 13:45:00+00:00,4773.7001953125,4779.39990234375,4769.5,4771.7001953125,2148
2026-04-22 14:00:00+00:00,4771.5,4776.2998046875,4760.7998046875,4765.10009765625,2615
2026-04-22 14:15:00+00:00,4764.7001953125,4769.7001953125,4761.89990234375,4763.0,1629
2026-04-22 14:30:00+00:00,4763.10009765625,4763.60009765625,4746.89990234375,4750.7998046875,3726
2026-04-22 14:45:00+00:00,4751.0,4757.7998046875,4750.39990234375,4754.2998046875,1715
2026-04-22 15:00:00+00:00,4754.2001953125,4758.39990234375,4752.5,4755.60009765625,1424
2026-04-22 15:15:00+00:00,4755.89990234375,4755.89990234375,4747.7001953125,4752.89990234375,1700
2026-04-22 15:30:00+00:00,4753.2001953125,4753.7001953125,4744.0,4745.60009765625,1373
2026-04-22 15:45:00+00:00,4745.5,4750.0,4743.2001953125,4746.2001953125,1105
2026-04-22 16:00:00+00:00,4746.10009765625,4754.10009765625,4744.2998046875,4748.89990234375,1248
2026-04-22 16:15:00+00:00,4748.7001953125,4749.10009765625,4742.10009765625,4745.5,976
2026-04-22 16:30:00+00:00,4745.5,4750.7998046875,4742.39990234375,4747.10009765625,1001
2026-04-22 16:45:00+00:00,4746.7001953125,4749.60009765625,4744.89990234375,4747.5,696
2026-04-22 17:00:00+00:00,4747.39990234375,4758.39990234375,4747.2001953125,4754.10009765625,1117
2026-04-22 17:15:00+00:00,4754.0,4756.5,4751.39990234375,4753.7998046875,1388
2026-04-22 17:30:00+00:00,4754.0,4756.89990234375,4753.0,4755.0,750
2026-04-22 17:45:00+00:00,4755.2001953125,4757.2998046875,4752.7001953125,4756.39990234375,811
2026-04-22 18:00:00+00:00,4756.10009765625,4757.60009765625,4754.0,4754.5,456
2026-04-22 18:15:00+00:00,4754.39990234375,4754.89990234375,4748.39990234375,4749.0,941
2026-04-22 18:30:00+00:00,4749.2001953125,4758.39990234375,4749.2001953125,4758.39990234375,1061
2026-04-22 18:45:00+00:00,4758.39990234375,4770.2001953125,4757.7001953125,4760.7001953125,2124
2026-04-22 19:00:00+00:00,4761.0,4762.39990234375,4755.7998046875,4757.5,893
2026-04-22 19:15:00+00:00,4757.7001953125,4764.39990234375,4757.10009765625,4763.5,451
2026-04-22 19:30:00+00:00,4763.5,4763.60009765625,4757.5,4758.2998046875,469
2026-04-22 19:45:00+00:00,4758.2001953125,4761.0,4756.0,4759.0,784
2026-04-22 20:00:00+00:00,4759.39990234375,4759.5,4753.5,4754.7998046875,466
2026-04-22 20:15:00+00:00,4754.89990234375,4756.7998046875,4753.10009765625,4755.7998046875,321
2026-04-22 20:30:00+00:00,4756.0,4758.39990234375,4754.89990234375,4756.2998046875,320
2026-04-22 20:45:00+00:00,4756.7001953125,4759.89990234375,4756.0,4758.2998046875,362
2026-04-22 22:00:00+00:00,4759.2001953125,4763.60009765625,4753.2998046875,4753.60009765625,206
2026-04-22 22:15:00+00:00,4753.7998046875,4755.39990234375,4750.0,4750.10009765625,404
2026-04-22 22:30:00+00:00,4750.5,4752.39990234375,4746.89990234375,4747.2998046875,389
2026-04-22 22:45:00+00:00,4747.2998046875,4749.2001953125,4742.7998046875,4743.2001953125,521
2026-04-22 23:00:00+00:00,4743.5,4745.2998046875,4740.60009765625,4742.89990234375,589
2026-04-22 23:15:00+00:00,4743.2998046875,4746.7998046875,4742.60009765625,4745.39990234375,339
2026-04-22 23:30:00+00:00,4744.7001953125,4745.10009765625,4741.0,4741.39990234375,201
2026-04-22 23:45:00+00:00,4741.7998046875,4746.5,4741.7998046875,4745.0,393
2026-04-23 00:00:00+00:00,4745.0,4745.39990234375,4714.5,4716.2001953125,2343
2026-04-23 00:15:00+00:00,4715.7001953125,4759.39990234375,4710.39990234375,4758.7001953125,4980
2026-04-23 00:30:00+00:00,4758.60009765625,4769.2001953125,4757.7001953125,4761.7001953125,1890
2026-04-23 00:45:00+00:00,4762.10009765625,4771.2998046875,4760.60009765625,4765.5,1021
2026-04-23 01:00:00+00:00,4765.2998046875,4767.5,4753.2001953125,4754.7001953125,1077
2026-04-23 01:15:00+00:00,4754.10009765625,4756.0,4746.5,4747.10009765625,786
