Date,Open,High,Low,Close,Volume
2023-01-02 16:00,1826.837,1832.105,1823.287,1830.555,0
2023-01-02 20:00,1830.565,1843.055,1826.685,1840.188,0
2023-01-03 00:00,1840.268,1849.865,1834.435,1836.025,0
2023-01-03 04:00,1836.035,1841.855,1830.755,1834.468,0
2023-01-03 08:00,1834.668,1849.735,1827.525,1834.165,0
2023-01-03 12:00,1834.155,1840.085,1833.898,1838.095,0
2023-01-03 16:00,1837.915,1839.658,1836.048,1838.625,0
2023-01-03 20:00,1838.625,1847.055,1838.155,1846.457,0
2023-01-04 00:00,1846.448,1865.035,1844.605,1859.778,0
2023-01-04 04:00,1859.778,1862.785,1852.985,1853.515,0
2023-01-04 08:00,1853.535,1862.565,1848.898,1858.485,0
2023-01-04 12:00,1858.485,1859.945,1846.938,1855.198,0
2023-01-04 16:00,1855.198,1857.048,1853.548,1855.055,0
2023-01-04 20:00,1855.045,1858.875,1850.097,1851.898,0
2023-01-05 00:00,1851.838,1855.595,1843.725,1846.325,0
2023-01-05 04:00,1846.335,1851.048,1844.575,1845.305,0
2023-01-05 08:00,1845.285,1848.275,1824.995,1830.538,0
2023-01-05 12:00,1830.588,1837.325,1829.568,1832.875,0
2023-01-05 16:00,1833.025,1834.735,1830.032,1834.295,0
2023-01-05 20:00,1834.315,1840.755,1832.255,1837.925,0
2023-01-06 00:00,1837.908,1840.495,1835.575,1837.025,0
2023-01-06 04:00,1837.005,1839.915,1833.165,1836.228,0
2023-01-06 08:00,1836.288,1864.218,1834.477,1863.295,0
2023-01-06 12:00,1863.295,1869.765,1860.848,1866.715,0
2023-01-06 16:00,1866.798,1867.198,1865.448,1865.598,0
2023-01-08 16:00,1867.537,1870.745,1864.477,1868.455,0
2023-01-08 20:00,1868.465,1879.365,1868.055,1876.835,0
2023-01-09 00:00,1876.828,1880.905,1873.495,1873.765,0
2023-01-09 04:00,1873.755,1875.575,1870.425,1874.788,0
2023-01-09 08:00,1874.805,1881.445,1872.025,1876.048,0
2023-01-09 12:00,1876.048,1876.048,1868.955,1871.075,0
2023-01-09 16:00,1871.055,1871.698,1867.745,1870.595,0
2023-01-09 20:00,1870.615,1875.915,1869.818,1871.245,0
2023-01-10 00:00,1871.195,1876.165,1870.515,1874.985,0
2023-01-10 04:00,1874.975,1877.215,1870.268,1871.635,0
2023-01-10 08:00,1871.665,1880.635,1870.718,1871.495,0
2023-01-10 12:00,1871.455,1878.648,1871.285,1877.985,0
2023-01-10 16:00,1877.985,1878.065,1875.675,1877.848,0
2023-01-10 20:00,1877.848,1878.325,1871.848,1877.785,0
2023-01-11 00:00,1877.748,1885.995,1877.315,1883.778,0
2023-01-11 04:00,1883.778,1886.548,1875.605,1877.065,0
2023-01-11 08:00,1877.048,1880.325,1867.015,1872.985,0
2023-01-11 12:00,1872.995,1878.398,1872.748,1876.425,0
2023-01-11 16:00,1876.498,1878.275,1874.348,1877.545,0
2023-01-11 20:00,1877.575,1884.795,1877.235,1884.248,0
2023-01-12 00:00,1884.255,1884.915,1879.828,1881.995,0
2023-01-12 04:00,1881.975,1889.977,1881.075,1887.288,0
2023-01-12 08:00,1887.305,1901.475,1872.76,1892.435,0
2023-01-12 12:00,1892.398,1899.485,1891.625,1898.285,0
2023-01-12 16:00,1898.325,1900.855,1894.797,1898.035,0
2023-01-12 20:00,1898.025,1899.795,1895.715,1895.795,0
2023-01-13 00:00,1895.807,1909.538,1892.205,1906.335,0
2023-01-13 04:00,1906.355,1908.855,1893.707,1896.485,0
2023-01-13 08:00,1896.495,1916.355,1893.615,1912.108,0
2023-01-13 12:00,1912.108,1921.798,1910.865,1920.598,0
2023-01-13 16:00,1920.498,1920.948,1918.315,1919.398,0
2023-01-15 16:00,1920.337,1922.047,1916.695,1919.045,0
2023-01-15 20:00,1918.945,1928.885,1918.245,1922.175,0
2023-01-16 00:00,1922.185,1922.238,1910.665,1911.635,0
2023-01-16 04:00,1911.645,1919.195,1911.515,1914.765,0
2023-01-16 08:00,1914.745,1916.955,1911.315,1913.525,0
2023-01-16 12:00,1913.515,1913.905,1912.755,1913.705,0
2023-01-16 16:00,1914.837,1918.925,1913.967,1918.108,0
2023-01-16 20:00,1918.075,1918.738,1907.987,1911.235,0
2023-01-17 00:00,1911.245,1913.155,1906.808,1909.515,0
2023-01-17 04:00,1909.495,1913.785,1904.175,1909.285,0
2023-01-17 08:00,1909.255,1916.545,1906.965,1912.025,0
2023-01-17 12:00,1912.045,1912.355,1903.675,1909.095,0
2023-01-17 16:00,1909.075,1909.075,1906.608,1907.208,0
2023-01-17 20:00,1907.195,1910.235,1897.228,1899.475,0
2023-01-18 00:00,1899.455,1914.958,1896.495,1912.095,0
2023-01-18 04:00,1912.115,1917.885,1910.165,1917.215,0
2023-01-18 08:00,1917.185,1925.798,1905.815,1908.298,0
2023-01-18 12:00,1908.338,1908.798,1901.438,1903.365,0
2023-01-18 16:00,1903.335,1909.455,1902.877,1905.028,0
2023-01-18 20:00,1905.028,1910.865,1900.855,1909.655,0
2023-01-19 00:00,1909.668,1916.665,1906.305,1912.525,0
2023-01-19 04:00,1912.535,1912.635,1906.575,1907.958,0
2023-01-19 08:00,1907.925,1923.245,1906.745,1920.605,0
2023-01-19 12:00,1920.585,1935.045,1918.305,1933.448,0
2023-01-19 16:00,1933.448,1933.765,1930.185,1930.298,0
2023-01-19 20:00,1930.317,1934.708,1923.628,1923.638,0
2023-01-20 00:00,1923.638,1937.435,1923.038,1928.485,0
2023-01-20 04:00,1928.485,1932.455,1926.358,1928.615,0
2023-01-20 08:00,1928.615,1930.885,1920.508,1924.785,0
2023-01-20 12:00,1924.755,1930.858,1922.685,1927.015,0
2023-01-20 16:00,1927.028,1927.445,1924.005,1925.298,0
2023-01-22 16:00,1926.128,1932.375,1923.608,1932.148,0
2023-01-22 20:00,1932.115,1935.445,1928.585,1929.405,0
2023-01-23 00:00,1929.395,1929.765,1919.0,1923.798,0
2023-01-23 04:00,1923.898,1929.335,1921.898,1926.488,0
2023-01-23 08:00,1926.455,1927.615,1911.248,1922.115,0
2023-01-23 12:00,1922.118,1931.638,1919.088,1931.095,0
2023-01-23 16:00,1931.085,1932.538,1930.397,1930.695,0
2023-01-23 20:00,1930.715,1936.985,1930.715,1932.618,0
2023-01-24 00:00,1932.728,1942.348,1932.405,1938.065,0
2023-01-24 04:00,1938.075,1939.278,1934.255,1936.595,0
2023-01-24 08:00,1936.625,1937.345,1917.065,1932.315,0
2023-01-24 12:00,1932.295,1938.148,1931.975,1937.785,0
2023-01-24 16:00,1937.768,1938.385,1934.845,1936.785,0
2023-01-24 20:00,1936.775,1939.528,1927.575,1928.357,0
2023-01-25 00:00,1928.355,1933.637,1925.705,1929.145,0
2023-01-25 04:00,1929.145,1931.295,1922.605,1926.395,0
2023-01-25 08:00,1926.365,1938.648,1919.697,1936.638,0
2023-01-25 12:00,1936.638,1947.945,1936.085,1946.675,0
2023-01-25 16:00,1946.655,1949.085,1945.095,1945.175,0
2023-01-25 20:00,1945.175,1948.608,1942.415,1946.585,0
2023-01-26 00:00,1946.575,1948.875,1937.847,1941.828,0
2023-01-26 04:00,1941.807,1943.265,1933.045,1936.715,0
2023-01-26 08:00,1936.685,1942.315,1918.627,1925.835,0
2023-01-26 12:00,1925.808,1933.005,1925.168,1929.535,0
2023-01-26 16:00,1929.535,1934.725,1927.437,1933.785,0
2023-01-26 20:00,1933.765,1933.835,1919.685,1921.535,0
2023-01-27 00:00,1921.515,1925.875,1921.305,1925.755,0
2023-01-27 04:00,1925.755,1932.205,1924.318,1930.615,0
2023-01-27 08:00,1930.615,1934.918,1916.525,1929.485,0
2023-01-27 12:00,1929.467,1931.898,1925.475,1926.548,0
2023-01-27 16:00,1926.548,1928.848,1926.475,1927.598,0
2023-01-29 16:00,1927.108,1929.865,1925.378,1928.525,0
2023-01-29 20:00,1928.525,1934.425,1924.227,1933.248,0
2023-01-30 00:00,1933.237,1933.625,1920.585,1923.185,0
2023-01-30 04:00,1924.605,1930.615,1922.005,1925.985,0
2023-01-30 08:00,1926.005,1930.268,1922.575,1924.235,0
2023-01-30 12:00,1924.235,1924.955,1920.735,1921.938,0
2023-01-30 16:00,1921.938,1923.478,1920.968,1922.695,0
2023-01-30 20:00,1922.735,1927.268,1918.748,1920.095,0
2023-01-31 00:00,1920.095,1921.158,1904.918,1906.745,0
2023-01-31 04:00,1906.725,1912.635,1900.665,1907.095,0
2023-01-31 08:00,1907.115,1929.465,1906.258,1927.225,0
2023-01-31 12:00,1927.225,1930.998,1926.578,1928.385,0
2023-01-31 16:00,1928.385,1928.648,1926.485,1927.465,0
2023-01-31 20:00,1927.485,1928.665,1924.418,1925.588,0
2023-02-01 00:00,1925.547,1929.118,1923.087,1925.635,0
2023-02-01 04:00,1925.615,1931.465,1923.368,1929.498,0
2023-02-01 08:00,1929.535,1933.125,1922.655,1925.015,0
2023-02-01 12:00,1924.965,1953.398,1920.435,1953.398,0
2023-02-01 16:00,1953.398,1956.025,1949.308,1952.365,0
2023-02-01 20:00,1952.405,1957.138,1951.145,1953.288,0
2023-02-02 00:00,1953.288,1959.625,1951.175,1957.145,0
2023-02-02 04:00,1957.125,1957.365,1951.545,1953.375,0
2023-02-02 08:00,1953.395,1954.725,1914.915,1918.515,0
2023-02-02 12:00,1918.505,1919.845,1911.225,1912.775,0
2023-02-02 16:00,1912.725,1916.765,1911.298,1916.285,0
2023-02-02 20:00,1916.325,1918.485,1913.677,1915.935,0
2023-02-03 00:00,1915.955,1918.145,1910.017,1912.015,0
2023-02-03 04:00,1912.045,1916.985,1909.195,1915.108,0
2023-02-03 08:00,1915.098,1916.585,1865.575,1868.245,0
2023-02-03 12:00,1868.225,1868.225,1861.255,1864.608,0
2023-02-03 16:00,1864.608,1866.145,1864.048,1864.548,0
2023-02-05 16:00,1864.508,1869.975,1859.647,1869.695,0
2023-02-05 20:00,1869.715,1878.505,1864.665,1878.275,0
2023-02-06 00:00,1878.277,1881.198,1874.188,1878.025,0
2023-02-06 04:00,1877.985,1878.565,1868.135,1872.205,0
2023-02-06 08:00,1872.185,1875.655,1862.935,1866.318,0
2023-02-06 12:00,1866.318,1871.118,1863.495,1868.198,0
2023-02-06 16:00,1868.208,1870.845,1866.597,1869.845,0
2023-02-06 20:00,1869.875,1875.505,1869.845,1873.025,0
2023-02-07 00:00,1873.005,1877.645,1871.695,1872.275,0
2023-02-07 04:00,1872.275,1877.808,1865.908,1870.355,0
2023-02-07 08:00,1870.355,1879.985,1865.595,1874.428,0
2023-02-07 12:00,1874.428,1884.348,1864.898,1870.165,0
2023-02-07 16:00,1870.075,1877.948,1867.058,1876.565,0
2023-02-07 20:00,1876.545,1878.295,1874.185,1876.905,0
2023-02-08 00:00,1876.895,1886.345,1873.145,1883.815,0
2023-02-08 04:00,1883.845,1886.005,1878.237,1879.655,0
2023-02-08 08:00,1879.675,1882.998,1868.898,1875.385,0
2023-02-08 12:00,1875.365,1879.745,1873.685,1875.165,0
2023-02-08 16:00,1875.265,1875.998,1873.605,1874.255,0
2023-02-08 20:00,1874.235,1880.295,1871.908,1879.375,0
2023-02-09 00:00,1879.345,1885.275,1876.688,1883.695,0
2023-02-09 04:00,1883.725,1886.005,1879.755,1881.965,0
2023-02-09 08:00,1882.005,1890.098,1865.428,1874.065,0
2023-02-09 12:00,1874.005,1874.955,1858.855,1860.665,0
2023-02-09 16:00,1860.685,1862.948,1859.785,1862.765,0
2023-02-09 20:00,1862.785,1865.395,1853.688,1853.825,0
2023-02-10 00:00,1853.825,1872.035,1852.588,1867.655,0
2023-02-10 04:00,1867.675,1869.925,1860.397,1863.828,0
2023-02-10 08:00,1863.828,1868.428,1856.205,1858.008,0
2023-02-10 12:00,1858.008,1864.948,1857.408,1864.118,0
2023-02-10 16:00,1864.118,1865.498,1863.085,1864.698,0
2023-02-12 16:00,1863.917,1865.178,1860.585,1863.055,0
2023-02-12 20:00,1863.045,1863.775,1857.635,1857.675,0
2023-02-13 00:00,1857.685,1866.395,1856.848,1862.385,0
2023-02-13 04:00,1862.405,1862.945,1853.687,1860.535,0
2023-02-13 08:00,1860.515,1862.255,1850.508,1851.135,0
2023-02-13 12:00,1851.155,1855.824,1850.325,1854.248,0
2023-02-13 16:00,1854.215,1856.645,1852.748,1856.098,0
2023-02-13 20:00,1856.098,1859.005,1854.325,1858.058,0
2023-02-14 00:00,1858.058,1864.775,1857.685,1860.025,0
2023-02-14 04:00,1860.045,1863.748,1853.578,1860.015,0
2023-02-14 08:00,1859.995,1870.467,1843.165,1849.455,0
2023-02-14 12:00,1849.465,1858.735,1846.268,1855.825,0
2023-02-14 16:00,1855.785,1855.785,1853.348,1855.685,0
2023-02-14 20:00,1855.668,1859.998,1846.485,1847.715,0
2023-02-15 00:00,1847.695,1847.715,1831.735,1833.635,0
2023-02-15 04:00,1833.645,1837.635,1832.635,1835.665,0
2023-02-15 08:00,1835.625,1838.795,1830.475,1836.585,0
2023-02-15 12:00,1836.557,1838.135,1832.125,1837.455,0
2023-02-15 16:00,1837.355,1838.458,1835.138,1835.275,0
2023-02-15 20:00,1835.255,1842.505,1834.405,1839.248,0
2023-02-16 00:00,1839.265,1844.705,1834.225,1837.555,0
2023-02-16 04:00,1837.535,1840.045,1834.685,1839.735,0
2023-02-16 08:00,1839.715,1843.008,1827.555,1840.815,0
2023-02-16 12:00,1840.825,1845.158,1835.755,1836.425,0
2023-02-16 16:00,1836.425,1838.935,1830.635,1832.495,0
2023-02-16 20:00,1832.485,1833.475,1823.715,1826.665,0
2023-02-17 00:00,1826.665,1827.555,1818.805,1822.285,0
2023-02-17 04:00,1822.255,1828.765,1819.277,1826.578,0
2023-02-17 08:00,1826.578,1840.805,1822.565,1839.505,0
2023-02-17 12:00,1839.495,1843.505,1839.285,1841.685,0
2023-02-17 16:00,1841.675,1842.835,1841.255,1841.898,0
2023-02-19 16:00,1840.407,1841.798,1837.145,1838.825,0
2023-02-19 20:00,1838.795,1844.708,1837.898,1842.505,0
2023-02-20 00:00,1842.585,1847.405,1840.995,1843.585,0
2023-02-20 04:00,1843.575,1845.865,1843.078,1844.725,0
2023-02-20 08:00,1842.815,1846.725,1842.225,1843.104,0
2023-02-20 12:00,1842.648,1842.868,1840.655,1840.965,0
2023-02-20 16:00,1841.304,1843.725,1840.375,1841.545,0
2023-02-20 20:00,1841.565,1843.335,1837.015,1839.025,0
2023-02-21 00:00,1839.025,1839.695,1830.995,1834.655,0
2023-02-21 04:00,1834.645,1836.645,1830.095,1833.125,0
2023-02-21 08:00,1836.564,1843.738,1832.694,1832.925,0
2023-02-21 12:00,1836.565,1837.375,1831.625,1834.595,0
2023-02-21 16:00,1835.425,1836.968,1834.845,1836.828,0
2023-02-21 20:00,1836.828,1838.335,1834.948,1836.425,0
2023-02-22 00:00,1836.435,1841.065,1832.778,1834.685,0
2023-02-22 04:00,1834.655,1845.905,1832.025,1841.475,0
2023-02-22 08:00,1838.535,1838.995,1832.475,1833.025,0
2023-02-22 12:00,1833.085,1834.175,1823.425,1824.655,0
2023-02-22 16:00,1825.035,1825.645,1823.045,1824.435,0
2023-02-22 20:00,1824.465,1830.355,1824.415,1829.785,0
2023-02-23 00:00,1829.765,1833.685,1826.428,1826.555,0
2023-02-23 04:00,1826.598,1827.345,1824.285,1826.378,0
2023-02-23 08:00,1826.748,1828.255,1817.395,1823.404,0
2023-02-23 12:00,1819.905,1824.018,1818.885,1822.848,0
2023-02-23 16:00,1823.348,1826.525,1821.585,1826.325,0
2023-02-23 20:00,1826.335,1827.715,1824.045,1825.425,0
2023-02-24 00:00,1825.455,1826.235,1819.635,1822.785,0
2023-02-24 04:00,1822.765,1825.365,1815.185,1817.005,0
2023-02-24 08:00,1815.435,1815.758,1808.875,1812.764,0
2023-02-24 12:00,1812.215,1812.508,1809.255,1810.895,0
2023-02-24 16:00,1810.805,1811.715,1810.384,1810.665,0
2023-02-26 16:00,1811.615,1813.795,1810.215,1813.408,0
2023-02-26 20:00,1813.355,1814.045,1806.538,1809.145,0
2023-02-27 00:00,1809.135,1813.615,1807.065,1810.015,0
2023-02-27 04:00,1810.005,1813.235,1808.215,1811.345,0
2023-02-27 08:00,1815.115,1818.745,1812.495,1816.855,0
2023-02-27 12:00,1818.605,1820.055,1815.915,1817.175,0
2023-02-27 16:00,1816.634,1818.085,1815.995,1816.368,0
2023-02-27 20:00,1816.444,1819.278,1813.715,1814.385,0
2023-02-28 00:00,1814.368,1816.885,1804.594,1810.565,0
2023-02-28 04:00,1810.575,1812.965,1807.745,1808.975,0
2023-02-28 08:00,1809.258,1826.645,1807.108,1823.975,0
2023-02-28 12:00,1826.518,1831.045,1826.255,1828.915,0
2023-02-28 16:00,1826.375,1827.345,1822.938,1823.355,0
2023-02-28 20:00,1823.365,1831.585,1823.105,1829.995,0
2023-03-01 00:00,1830.005,1836.565,1829.785,1835.718,0
2023-03-01 04:00,1835.718,1838.368,1830.325,1835.148,0
2023-03-01 08:00,1840.418,1844.405,1833.715,1842.154,0
2023-03-01 12:00,1841.365,1841.565,1836.365,1838.405,0
2023-03-01 16:00,1837.215,1838.354,1835.385,1835.558,0
2023-03-01 20:00,1835.558,1835.915,1830.945,1834.305,0
2023-03-02 00:00,1834.315,1834.725,1829.854,1833.825,0
2023-03-02 04:00,1833.815,1835.145,1830.338,1831.445,0
2023-03-02 08:00,1832.415,1838.865,1829.965,1836.545,0
2023-03-02 12:00,1835.975,1836.755,1832.185,1835.535,0
2023-03-02 16:00,1835.968,1840.435,1835.285,1839.308,0
2023-03-02 20:00,1839.325,1841.435,1837.984,1838.345,0
2023-03-03 00:00,1838.345,1845.645,1837.765,1844.144,0
2023-03-03 04:00,1844.114,1848.565,1844.058,1845.685,0
2023-03-03 08:00,1845.685,1848.105,1841.875,1843.564,0
2023-03-03 12:00,1847.705,1856.208,1845.614,1855.065,0
2023-03-05 16:00,1852.255,1854.075,1851.315,1852.044,0
2023-03-05 20:00,1852.094,1856.375,1850.668,1853.895,0
2023-03-06 00:00,1853.905,1858.168,1852.334,1853.325,0
2023-03-06 04:00,1853.305,1854.868,1849.808,1850.014,0
2023-03-06 08:00,1852.175,1853.718,1849.164,1851.525,0
2023-03-06 12:00,1846.975,1847.055,1845.015,1846.035,0
2023-03-06 16:00,1846.475,1846.985,1844.045,1845.815,0
2023-03-06 20:00,1845.825,1850.395,1844.805,1847.218,0
2023-03-07 00:00,1847.175,1851.555,1845.275,1846.245,0
2023-03-07 04:00,1846.235,1846.865,1838.765,1839.505,0
2023-03-07 08:00,1839.505,1840.115,1815.555,1817.905,0
2023-03-07 12:00,1819.905,1823.038,1812.775,1814.395,0
2023-03-07 16:00,1813.855,1814.045,1812.215,1813.255,0
2023-03-07 20:00,1813.255,1814.035,1809.248,1811.445,0
2023-03-08 00:00,1811.425,1815.108,1810.375,1813.235,0
2023-03-08 04:00,1813.615,1815.838,1812.265,1815.105,0
2023-03-08 08:00,1815.085,1824.185,1812.065,1820.555,0
2023-03-08 12:00,1815.498,1816.285,1812.795,1813.305,0
2023-03-08 16:00,1812.808,1816.345,1812.768,1815.725,0
2023-03-08 20:00,1815.735,1816.338,1811.805,1814.205,0
2023-03-09 00:00,1814.235,1818.965,1812.635,1817.065,0
2023-03-09 04:00,1817.055,1819.045,1816.115,1817.985,0
2023-03-09 08:00,1817.795,1835.565,1815.375,1825.905,0
2023-03-09 12:00,1829.235,1834.898,1828.145,1830.485,0
2023-03-09 16:00,1831.428,1834.765,1831.198,1833.908,0
2023-03-09 20:00,1833.925,1834.018,1827.675,1829.695,0
2023-03-10 00:00,1829.675,1837.245,1828.435,1835.055,0
2023-03-10 04:00,1831.458,1834.985,1830.778,1832.665,0
2023-03-10 08:00,1842.375,1867.348,1839.885,1855.215,0
2023-03-10 12:00,1864.104,1869.948,1860.748,1869.698,0
2023-03-12 16:00,1872.398,1894.184,1872.398,1876.885,0
2023-03-12 20:00,1876.855,1888.775,1872.058,1881.418,0
2023-03-13 00:00,1881.315,1886.065,1871.328,1885.405,0
2023-03-13 04:00,1885.415,1893.698,1880.815,1889.505,0
2023-03-13 08:00,1899.315,1912.995,1893.465,1904.678,0
2023-03-13 12:00,1909.035,1913.908,1907.885,1912.705,0
2023-03-13 16:00,1909.924,1913.984,1909.758,1912.295,0
2023-03-13 20:00,1912.275,1912.695,1901.515,1904.105,0
2023-03-14 00:00,1904.105,1913.445,1900.655,1904.255,0
2023-03-14 04:00,1904.275,1904.805,1900.695,1904.105,0
2023-03-14 08:00,1909.965,1910.725,1895.228,1904.055,0
2023-03-14 12:00,1908.595,1910.048,1902.145,1902.375,0
2023-03-14 16:00,1904.098,1904.478,1899.795,1901.608,0
2023-03-14 20:00,1901.608,1905.508,1900.804,1901.715,0
2023-03-15 00:00,1901.745,1902.305,1885.565,1887.435,0
2023-03-15 04:00,1887.435,1930.085,1886.525,1927.715,0
2023-03-15 08:00,1924.285,1937.295,1921.495,1933.455,0
2023-03-15 12:00,1915.525,1921.375,1914.795,1916.675,0
2023-03-15 16:00,1917.708,1924.285,1913.095,1913.405,0
2023-03-15 20:00,1913.435,1915.225,1907.455,1913.158,0
2023-03-16 00:00,1913.044,1922.425,1912.118,1918.955,0
2023-03-16 04:00,1918.985,1926.975,1917.565,1926.825,0
2023-03-16 08:00,1923.725,1932.255,1914.225,1914.755,0
2023-03-16 12:00,1916.118,1920.948,1916.114,1919.248,0
2023-03-16 16:00,1920.774,1922.305,1918.248,1919.455,0
2023-03-16 20:00,1919.475,1930.935,1918.135,1930.835,0
2023-03-17 00:00,1930.855,1934.265,1927.195,1928.605,0
2023-03-17 04:00,1928.625,1937.048,1927.995,1934.955,0
2023-03-17 08:00,1944.855,1964.448,1944.285,1959.245,0
2023-03-17 12:00,1961.708,1987.665,1961.385,1983.485,0
2023-03-19 16:00,1984.148,1990.548,1971.708,1971.908,0
2023-03-19 20:00,1971.915,1975.375,1968.015,1974.755,0
2023-03-20 00:00,1974.745,2009.695,1974.305,1996.265,0
2023-03-20 04:00,1996.255,1999.305,1978.965,1983.755,0
2023-03-20 08:00,1974.425,1984.748,1967.115,1973.725,0
2023-03-20 12:00,1974.695,1984.225,1974.055,1977.115,0
2023-03-20 16:00,1978.114,1982.505,1975.275,1980.325,0
2023-03-20 20:00,1980.345,1985.025,1979.085,1981.248,0
2023-03-21 00:00,1981.228,1983.145,1962.778,1966.255,0
2023-03-21 04:00,1966.255,1969.745,1960.315,1963.515,0
2023-03-21 08:00,1952.724,1954.845,1940.055,1944.174,0
2023-03-21 12:00,1936.575,1940.608,1935.935,1939.205,0
2023-03-21 16:00,1940.844,1944.635,1940.844,1943.415,0
2023-03-21 20:00,1943.415,1946.145,1937.825,1939.215,0
2023-03-22 00:00,1939.215,1945.215,1934.175,1941.825,0
2023-03-22 04:00,1941.825,1945.555,1937.005,1937.435,0
2023-03-22 08:00,1942.815,1951.515,1942.425,1948.948,0
2023-03-22 12:00,1945.924,1978.705,1945.744,1969.525,0
2023-03-22 16:00,1969.714,1973.695,1964.644,1972.785,0
2023-03-22 20:00,1972.765,1978.028,1966.245,1977.628,0
2023-03-23 00:00,1977.624,1983.525,1974.155,1976.425,0
2023-03-23 04:00,1976.405,1980.595,1974.835,1977.564,0
2023-03-23 08:00,1971.808,1995.115,1971.235,1994.135,0
2023-03-23 12:00,1999.464,2003.185,1992.408,1992.598,0
2023-03-23 16:00,1993.198,1994.438,1989.695,1993.678,0
2023-03-23 20:00,1993.615,1994.825,1989.614,1993.148,0
2023-03-24 00:00,1993.095,1993.248,1981.135,1985.375,0
2023-03-24 04:00,1985.385,2002.848,1985.375,1998.825,0
2023-03-24 08:00,1994.355,1995.645,1986.934,1987.205,0
2023-03-24 12:00,1986.745,1987.125,1975.535,1975.905,0
2023-03-26 16:00,1979.798,1979.798,1969.104,1973.664,0
2023-03-26 20:00,1975.645,1978.615,1972.025,1974.555,0
2023-03-27 00:00,1974.535,1975.435,1965.815,1970.795,0
2023-03-27 04:00,1970.695,1972.125,1948.045,1949.675,0
2023-03-27 08:00,1954.075,1958.645,1943.895,1956.795,0
2023-03-27 12:00,1952.625,1956.645,1952.575,1955.945,0
2023-03-27 16:00,1956.788,1957.998,1955.504,1957.004,0
2023-03-27 20:00,1958.005,1963.935,1957.645,1959.565,0
2023-03-28 00:00,1959.545,1960.785,1951.785,1953.815,0
2023-03-28 04:00,1953.825,1957.198,1949.028,1956.605,0
2023-03-28 08:00,1956.918,1969.868,1956.818,1969.008,0
2023-03-28 12:00,1966.545,1974.998,1965.605,1974.414,0
2023-03-28 16:00,1973.265,1974.224,1971.284,1971.835,0
2023-03-28 20:00,1971.865,1972.735,1965.725,1966.375,0
2023-03-29 00:00,1966.405,1968.815,1958.575,1961.548,0
2023-03-29 04:00,1961.548,1969.075,1960.688,1967.715,0
2023-03-29 08:00,1964.774,1969.298,1960.595,1961.785,0
2023-03-29 12:00,1964.905,1969.075,1960.975,1963.025,0
2023-03-29 16:00,1963.098,1964.535,1962.555,1963.145,0
2023-03-29 20:00,1963.195,1963.475,1955.204,1959.425,0
2023-03-30 00:00,1959.438,1971.425,1958.838,1966.605,0
2023-03-30 04:00,1966.595,1971.088,1964.888,1968.565,0
2023-03-30 08:00,1968.585,1975.268,1963.845,1971.955,0
2023-03-30 12:00,1983.065,1983.385,1978.065,1981.195,0
2023-03-30 16:00,1979.884,1980.554,1977.895,1978.385,0
2023-03-30 20:00,1978.365,1983.545,1977.565,1981.038,0
2023-03-31 00:00,1981.078,1984.965,1974.785,1975.245,0
2023-03-31 04:00,1975.235,1980.898,1973.095,1979.268,0
2023-03-31 08:00,1980.094,1987.485,1975.175,1977.878,0
2023-03-31 12:00,1979.518,1979.608,1968.195,1970.788,0
2023-03-31 16:00,1970.795,1970.795,1968.258,1968.748,0
2023-04-02 16:00,1972.298,1972.298,1959.995,1962.394,0
2023-04-02 20:00,1957.015,1964.435,1949.595,1951.735,0
2023-04-03 00:00,1951.715,1961.935,1950.425,1961.735,0
2023-04-03 04:00,1961.735,1972.385,1961.088,1972.345,0
2023-04-03 08:00,1978.505,1989.725,1975.544,1985.918,0
2023-04-03 12:00,1987.804,1990.365,1982.055,1982.275,0
2023-04-03 16:00,1984.935,1985.798,1983.344,1983.798,0
2023-04-03 20:00,1984.825,1985.208,1977.698,1978.045,0
2023-04-04 00:00,1978.045,1983.715,1976.825,1982.085,0
2023-04-04 04:00,1982.095,1984.135,1978.415,1981.905,0
2023-04-04 08:00,1983.475,2023.025,1983.274,2020.145,0
2023-04-04 12:00,2020.135,2024.848,2019.535,2021.748,0
2023-04-04 16:00,2020.414,2023.488,2020.414,2021.755,0
2023-04-04 20:00,2021.735,2025.235,2019.198,2022.975,0
2023-04-05 00:00,2022.935,2028.255,2021.995,2025.325,0
2023-04-05 04:00,2025.335,2028.045,2021.665,2022.205,0
2023-04-05 08:00,2022.895,2031.915,2009.885,2018.645,0
2023-04-05 12:00,2021.255,2023.148,2019.025,2020.925,0
2023-04-05 16:00,2020.154,2020.948,2019.975,2020.165,0
2023-04-05 20:00,2020.175,2020.375,2007.915,2011.265,0
2023-04-06 00:00,2011.295,2017.975,2010.425,2016.258,0
2023-04-06 04:00,2016.248,2020.804,2014.685,2018.435,0
2023-04-06 08:00,2012.774,2014.054,2001.0,2011.055,0
2023-04-06 12:00,2011.615,2012.465,2006.145,2006.348,0
2023-04-06 16:00,2006.325,2007.965,2005.675,2006.476,0
2023-04-09 16:00,2005.384,2005.885,2004.634,2005.358,0
2023-04-09 20:00,2005.415,2005.758,1988.808,1990.845,0
2023-04-10 00:00,1990.845,1997.535,1989.555,1997.314,0
2023-04-10 04:00,1997.308,2002.875,1995.798,2001.408,0
2023-04-10 08:00,1989.405,1994.248,1986.114,1988.575,0
2023-04-10 12:00,1989.555,1992.755,1987.924,1991.398,0
2023-04-10 16:00,1991.154,1992.455,1990.848,1992.275,0
2023-04-10 20:00,1992.255,1998.115,1988.615,1997.478,0
2023-04-11 00:00,1997.478,2003.605,1997.225,2002.005,0
2023-04-11 04:00,2001.985,2007.348,2001.125,2004.345,0
2023-04-11 08:00,2000.355,2004.598,1998.078,2002.308,0
2023-04-11 12:00,2004.075,2006.455,2003.855,2004.425,0
2023-04-11 16:00,2004.055,2004.555,2002.755,2003.698,0
2023-04-11 20:00,2004.638,2019.315,2003.845,2017.074,0
2023-04-12 00:00,2017.064,2020.978,2011.565,2012.925,0
2023-04-12 04:00,2012.925,2013.534,2007.228,2008.765,0
2023-04-12 08:00,2007.655,2028.235,2003.015,2006.885,0
2023-04-12 12:00,2005.665,2016.848,2005.095,2015.625,0
2023-04-12 16:00,2013.535,2015.074,2013.148,2014.998,0
2023-04-12 20:00,2018.055,2019.705,2015.615,2017.385,0
2023-04-13 00:00,2017.405,2025.565,2015.158,2024.378,0
2023-04-13 04:00,2024.395,2029.055,2024.318,2026.595,0
2023-04-13 08:00,2028.525,2048.538,2026.425,2034.085,0
2023-04-13 12:00,2038.795,2043.858,2037.195,2038.205,0
2023-04-13 16:00,2040.445,2040.948,2039.454,2039.874,0
2023-04-13 20:00,2039.645,2047.335,2038.545,2044.985,0
2023-04-14 00:00,2044.975,2046.365,2036.495,2039.085,0
2023-04-14 04:00,2039.065,2042.095,2031.725,2038.128,0
2023-04-14 08:00,2033.165,2040.074,1997.825,1998.375,0
2023-04-14 12:00,1995.545,2006.765,1992.285,2006.265,0
2023-04-14 16:00,2005.115,2005.545,2003.498,2003.498,0
2023-04-16 16:00,2001.048,2004.774,2001.034,2002.765,0
2023-04-16 20:00,2002.814,2006.198,1995.295,2004.475,0
2023-04-17 00:00,2004.465,2014.885,2003.715,2010.735,0
2023-04-17 04:00,2010.715,2012.665,2006.855,2007.545,0
2023-04-17 08:00,2009.065,2010.535,1980.974,1989.825,0
2023-04-17 12:00,1995.135,1997.025,1993.898,1996.165,0
2023-04-17 16:00,1994.688,1995.128,1993.808,1994.408,0
2023-04-17 20:00,1993.875,2001.675,1993.198,2000.125,0
2023-04-18 00:00,2000.155,2004.085,1996.254,2002.168,0
2023-04-18 04:00,2002.198,2005.085,1998.995,2003.748,0
2023-04-18 08:00,2001.175,2011.748,1991.195,2008.268,0
2023-04-18 12:00,2007.075,2008.185,2003.765,2004.015,0
2023-04-18 16:00,2004.075,2006.245,2004.055,2005.608,0
2023-04-18 20:00,2005.605,2008.045,2001.854,2003.365,0
2023-04-19 00:00,2003.385,2004.365,1986.875,1991.255,0
2023-04-19 04:00,1991.275,1991.365,1971.205,1972.895,0
2023-04-19 08:00,1980.175,1995.798,1979.205,1992.675,0
2023-04-19 12:00,1995.885,1996.648,1993.535,1996.265,0
2023-04-19 16:00,1994.375,1995.635,1993.604,1994.288,0
2023-04-19 20:00,1993.655,1998.645,1990.385,1992.665,0
2023-04-20 00:00,1992.705,2001.105,1991.275,1997.105,0
2023-04-20 04:00,1997.125,2004.695,1992.285,2003.535,0
2023-04-20 08:00,2006.614,2007.205,1998.814,2002.445,0
2023-04-20 12:00,2005.638,2008.225,2002.135,2003.045,0
2023-04-20 16:00,2004.488,2005.495,2001.705,2005.195,0
2023-04-20 20:00,2005.205,2005.445,2000.345,2002.065,0
2023-04-21 00:00,2002.075,2002.265,1981.738,1986.685,0
2023-04-21 04:00,1986.685,1992.308,1983.985,1988.015,0
2023-04-21 08:00,1987.835,1990.975,1971.515,1978.788,0
2023-04-21 12:00,1977.315,1982.465,1977.258,1979.085,0
2023-04-23 16:00,1983.824,1985.298,1983.798,1984.605,0
2023-04-23 20:00,1984.545,1984.545,1978.325,1980.725,0
2023-04-24 00:00,1980.745,1983.008,1976.355,1982.615,0
2023-04-24 04:00,1982.625,1986.805,1980.788,1982.928,0
2023-04-24 08:00,1982.904,1985.375,1980.855,1984.705,0
2023-04-24 12:00,1984.645,1989.768,1984.508,1988.648,0
2023-04-24 16:00,1988.648,1996.498,1988.135,1994.935,0
2023-04-24 20:00,1994.955,2000.865,1992.765,1992.775,0
2023-04-25 00:00,1992.765,1997.185,1987.435,1990.105,0
2023-04-25 04:00,1990.115,1990.898,1976.565,1977.485,0
2023-04-25 08:00,1992.814,1993.558,1983.714,1989.834,0
2023-04-25 12:00,1989.815,1999.648,1988.148,1998.915,0
2023-04-25 16:00,1997.004,1998.225,1995.774,1997.448,0
2023-04-25 20:00,2000.115,2002.365,1992.995,1993.995,0
2023-04-26 00:00,1994.015,1999.195,1994.015,1997.795,0
2023-04-26 04:00,1997.815,2001.625,1991.285,1995.648,0
2023-04-26 08:00,1997.855,2009.204,1991.335,1991.365,0
2023-04-26 12:00,1991.375,1992.355,1985.345,1987.945,0
2023-04-26 16:00,1987.945,1991.805,1987.145,1991.585,0
2023-04-26 20:00,1991.505,2000.745,1989.428,1999.655,0
2023-04-27 00:00,1999.695,2003.085,1997.185,1999.325,0
2023-04-27 04:00,1999.325,2001.078,1996.038,1996.765,0
2023-04-27 08:00,1985.744,1988.708,1973.865,1982.074,0
2023-04-27 12:00,1984.124,1990.924,1983.514,1988.055,0
2023-04-27 16:00,1988.045,1988.545,1986.245,1986.825,0
2023-04-27 20:00,1986.785,1991.465,1984.895,1988.665,0
2023-04-28 00:00,1988.658,1990.298,1981.404,1982.245,0
2023-04-28 04:00,1982.365,1984.338,1979.625,1983.255,0
2023-04-28 08:00,1983.185,1993.595,1975.905,1992.275,0
2023-04-28 12:00,1991.625,1993.985,1987.385,1989.045,0
2023-04-30 16:00,1988.934,1989.064,1986.515,1986.748,0
2023-04-30 20:00,1986.725,1987.248,1980.515,1983.225,0
2023-05-01 00:00,1983.235,1986.348,1978.835,1980.818,0
2023-05-01 04:00,1980.795,1988.665,1976.925,1988.465,0
2023-05-01 08:00,1988.915,2005.198,1982.935,1984.175,0
2023-05-01 12:00,1982.895,1983.975,1979.795,1980.595,0
2023-05-01 16:00,1979.675,1982.525,1979.554,1981.198,0
2023-05-01 20:00,1981.335,1985.165,1981.114,1982.025,0
2023-05-02 00:00,1981.945,1985.665,1980.315,1981.295,0
2023-05-02 04:00,1981.325,1988.315,1978.324,1988.155,0
2023-05-02 08:00,1986.265,2012.948,1985.065,2008.345,0
2023-05-02 12:00,2014.305,2019.248,2011.205,2018.098,0
2023-05-02 16:00,2018.098,2018.098,2015.378,2015.785,0
2023-05-02 20:00,2015.795,2018.675,2014.115,2018.455,0
2023-05-03 00:00,2018.445,2019.465,2012.508,2014.715,0
2023-05-03 04:00,2014.725,2017.365,2014.225,2016.475,0
2023-05-03 08:00,2015.755,2021.898,2007.414,2021.145,0
2023-05-03 12:00,2023.394,2035.944,2016.905,2022.855,0
2023-05-03 16:00,2035.048,2079.778,2028.935,2056.454,0
2023-05-03 20:00,2051.814,2057.025,2038.345,2040.885,0
2023-05-04 00:00,2040.885,2045.335,2030.214,2034.475,0
2023-05-04 04:00,2034.455,2044.734,2031.015,2041.878,0
2023-05-04 08:00,2041.835,2059.525,2033.555,2055.115,0
2023-05-04 12:00,2050.618,2050.945,2044.385,2049.355,0
2023-05-04 16:00,2048.884,2049.948,2048.498,2049.755,0
2023-05-04 20:00,2049.774,2052.925,2045.395,2049.685,0
2023-05-05 00:00,2049.745,2051.015,2039.285,2040.465,0
2023-05-05 04:00,2040.425,2041.605,2034.695,2035.375,0
2023-05-05 08:00,2010.335,2015.134,2000.865,2015.124,0
2023-05-05 12:00,2017.045,2018.725,2014.734,2017.624,0
2023-05-07 20:00,2015.964,2023.924,2015.064,2023.144,0
2023-05-08 00:00,2023.174,2024.665,2020.014,2021.414,0
2023-05-08 04:00,2021.414,2025.414,2019.904,2022.204,0
2023-05-08 08:00,2026.045,2029.224,2017.804,2027.054,0
2023-05-08 12:00,2027.044,2027.834,2020.175,2020.235,0
2023-05-08 16:00,2020.404,2022.355,2020.404,2022.024,0
2023-05-08 20:00,2021.224,2024.915,2019.344,2024.865,0
2023-05-09 00:00,2024.895,2028.644,2021.614,2024.584,0
2023-05-09 04:00,2024.604,2032.754,2021.344,2030.945,0
2023-05-09 08:00,2026.925,2030.464,2022.864,2026.844,0
2023-05-09 12:00,2030.924,2037.494,2030.664,2034.168,0
2023-05-09 16:00,2035.904,2037.115,2035.768,2036.204,0
2023-05-09 20:00,2036.244,2038.144,2030.414,2031.615,0
2023-05-10 00:00,2031.615,2032.945,2027.375,2031.604,0
2023-05-10 04:00,2031.624,2031.774,2026.138,2028.974,0
2023-05-10 08:00,2029.245,2048.114,2021.434,2024.944,0
2023-05-10 12:00,2027.754,2033.214,2027.304,2030.875,0
2023-05-10 16:00,2030.875,2031.984,2027.308,2031.418,0
2023-05-10 20:00,2031.418,2036.325,2031.054,2032.294,0
2023-05-11 00:00,2032.324,2033.055,2021.714,2025.544,0
2023-05-11 04:00,2025.544,2039.174,2021.594,2036.714,0
2023-05-11 08:00,2036.714,2041.214,2013.085,2013.474,0
2023-05-11 12:00,2015.574,2017.574,2013.334,2014.105,0
2023-05-11 16:00,2015.804,2016.598,2015.194,2016.224,0
2023-05-11 20:00,2016.274,2017.435,2008.654,2011.574,0
2023-05-12 00:00,2011.574,2012.555,2005.595,2008.714,0
2023-05-12 04:00,2008.714,2009.655,2000.825,2006.035,0
2023-05-12 08:00,2004.684,2021.384,2003.404,2011.174,0
2023-05-12 12:00,2013.614,2016.304,2013.235,2014.344,0
2023-05-12 16:00,2010.815,2011.375,2009.798,2009.798,0
2023-05-14 16:00,2010.904,2010.914,2009.284,2009.504,0
2023-05-14 20:00,2009.504,2018.744,2008.595,2013.914,0
2023-05-15 00:00,2013.914,2019.934,2013.204,2018.334,0
2023-05-15 04:00,2018.334,2020.834,2011.824,2013.004,0
2023-05-15 08:00,2017.034,2022.114,2014.115,2017.634,0
2023-05-15 12:00,2020.174,2021.335,2014.345,2014.925,0
2023-05-15 16:00,2015.744,2015.754,2013.644,2014.345,0
2023-05-15 20:00,2014.355,2018.235,2014.095,2016.854,0
2023-05-16 00:00,2016.854,2017.625,2002.604,2010.024,0
2023-05-16 04:00,2009.984,2010.224,2005.054,2005.424,0
2023-05-16 08:00,2011.924,2012.384,1994.545,1995.924,0
2023-05-16 12:00,1987.505,1991.095,1985.405,1989.838,0
2023-05-16 16:00,1989.834,1989.844,1988.774,1989.625,0
2023-05-16 20:00,1989.625,1992.985,1989.625,1991.288,0
2023-05-17 00:00,1991.288,1992.054,1986.654,1987.614,0
2023-05-17 04:00,1987.575,1989.034,1983.634,1987.324,0
2023-05-17 08:00,1982.925,1983.304,1979.494,1980.335,0
2023-05-17 12:00,1983.784,1984.414,1980.334,1982.925,0
2023-05-17 16:00,1982.888,1983.495,1981.228,1982.625,0
2023-05-17 20:00,1982.654,1985.944,1981.315,1982.234,0
2023-05-18 00:00,1982.234,1982.684,1973.368,1974.474,0
2023-05-18 04:00,1974.474,1978.825,1972.074,1976.964,0
2023-05-18 08:00,1974.075,1975.348,1954.315,1955.245,0
2023-05-18 12:00,1955.965,1958.865,1954.065,1956.205,0
2023-05-18 16:00,1957.205,1958.875,1956.418,1958.374,0
2023-05-18 20:00,1958.325,1963.585,1953.905,1963.185,0
2023-05-19 00:00,1963.215,1968.614,1960.515,1966.835,0
2023-05-19 04:00,1966.825,1968.085,1962.185,1963.615,0
2023-05-19 08:00,1960.735,1984.075,1957.695,1974.645,0
2023-05-19 12:00,1978.255,1983.078,1974.098,1976.065,0
2023-05-21 16:00,1976.478,1981.185,1976.478,1980.014,0
2023-05-21 20:00,1980.715,1982.225,1976.195,1977.705,0
2023-05-22 00:00,1977.715,1978.705,1971.145,1976.755,0
2023-05-22 04:00,1976.745,1982.505,1969.695,1972.865,0
2023-05-22 08:00,1972.865,1978.495,1970.775,1972.395,0
2023-05-22 12:00,1974.394,1978.778,1971.615,1972.055,0
2023-05-22 16:00,1971.104,1971.514,1969.415,1969.645,0
2023-05-22 20:00,1969.695,1971.685,1960.165,1962.595,0
2023-05-23 00:00,1962.575,1964.515,1955.308,1957.125,0
2023-05-23 04:00,1957.105,1961.225,1954.084,1958.235,0
2023-05-23 08:00,1958.765,1973.458,1957.625,1968.675,0
2023-05-23 12:00,1967.245,1977.554,1966.225,1976.065,0
2023-05-23 16:00,1974.745,1976.958,1974.118,1976.728,0
2023-05-23 20:00,1974.935,1976.905,1972.654,1976.435,0
2023-05-24 00:00,1976.445,1980.458,1970.585,1973.915,0
2023-05-24 04:00,1973.945,1981.945,1973.435,1981.815,0
2023-05-24 08:00,1979.835,1980.775,1966.525,1969.385,0
2023-05-24 12:00,1958.975,1964.255,1957.975,1958.915,0
2023-05-24 16:00,1960.858,1960.888,1957.955,1959.715,0
2023-05-24 20:00,1959.725,1960.075,1954.905,1957.125,0
2023-05-25 00:00,1957.175,1961.315,1954.835,1959.395,0
2023-05-25 04:00,1959.375,1964.625,1959.155,1961.865,0
2023-05-25 08:00,1961.925,1962.958,1939.044,1945.098,0
2023-05-25 12:00,1945.295,1946.845,1938.658,1940.055,0
2023-05-25 16:00,1940.035,1942.064,1939.335,1940.465,0
2023-05-25 20:00,1940.475,1948.775,1936.655,1948.385,0
2023-05-26 00:00,1948.395,1957.215,1946.885,1956.145,0
2023-05-26 04:00,1956.125,1956.675,1950.955,1951.395,0
2023-05-26 08:00,1947.295,1950.375,1938.685,1943.415,0
2023-05-26 12:00,1944.015,1946.865,1942.965,1946.105,0
2023-05-28 16:00,1943.844,1944.614,1943.114,1943.615,0
2023-05-28 20:00,1943.605,1946.135,1940.145,1945.525,0
2023-05-29 00:00,1945.525,1948.835,1943.735,1944.155,0
2023-05-29 04:00,1944.135,1946.565,1940.755,1946.265,0
2023-05-29 08:00,1948.708,1949.495,1945.055,1946.915,0
2023-05-29 12:00,1945.774,1945.774,1942.864,1943.054,0
2023-05-29 16:00,1943.704,1944.154,1942.438,1942.848,0
2023-05-29 20:00,1941.344,1946.505,1939.235,1939.304,0
2023-05-30 00:00,1939.284,1942.214,1931.905,1942.184,0
2023-05-30 04:00,1942.164,1960.665,1941.585,1960.135,0
2023-05-30 08:00,1960.165,1962.185,1950.314,1958.315,0
2023-05-30 12:00,1959.635,1960.658,1957.648,1960.085,0
2023-05-30 16:00,1960.065,1960.065,1957.838,1958.394,0
2023-05-30 20:00,1958.404,1960.345,1953.498,1957.965,0
2023-05-31 00:00,1957.955,1965.285,1955.528,1956.005,0
2023-05-31 04:00,1955.995,1959.985,1954.825,1957.125,0
2023-05-31 08:00,1960.305,1974.628,1959.784,1969.805,0
2023-05-31 12:00,1968.468,1969.175,1963.645,1964.465,0
2023-05-31 16:00,1962.995,1966.694,1961.97,1966.248,0
2023-05-31 20:00,1966.225,1967.395,1961.985,1964.165,0
2023-06-01 00:00,1964.165,1965.755,1955.028,1955.455,0
2023-06-01 04:00,1955.515,1966.925,1953.255,1966.475,0
2023-06-01 08:00,1967.668,1977.308,1958.545,1976.138,0
2023-06-01 12:00,1982.015,1982.535,1975.535,1975.995,0
2023-06-01 16:00,1978.045,1978.295,1976.115,1977.188,0
2023-06-01 20:00,1976.945,1983.315,1973.945,1982.375,0
2023-06-02 00:00,1982.395,1982.735,1975.705,1975.955,0
2023-06-02 04:00,1975.925,1981.005,1974.905,1978.505,0
2023-06-02 08:00,1970.788,1976.454,1961.095,1961.975,0
2023-06-02 12:00,1952.158,1953.675,1947.988,1948.585,0
2023-06-04 16:00,1947.045,1949.995,1946.788,1948.794,0
2023-06-04 20:00,1949.245,1949.405,1943.915,1947.035,0
2023-06-05 00:00,1946.975,1947.265,1938.365,1939.815,0
2023-06-05 04:00,1939.785,1945.865,1938.525,1943.415,0
2023-06-05 08:00,1942.175,1961.845,1938.045,1957.435,0
2023-06-05 12:00,1960.184,1962.545,1959.995,1960.615,0
2023-06-05 16:00,1961.055,1963.015,1960.865,1961.195,0
2023-06-05 20:00,1961.215,1964.495,1958.845,1959.155,0
2023-06-06 00:00,1959.244,1962.615,1956.725,1957.435,0
2023-06-06 04:00,1957.425,1964.738,1957.195,1962.648,0
2023-06-06 08:00,1961.748,1964.578,1954.255,1963.345,0
2023-06-06 12:00,1963.335,1966.195,1960.985,1963.175,0
2023-06-06 16:00,1963.504,1964.128,1962.598,1963.295,0
2023-06-06 20:00,1963.335,1966.688,1962.798,1963.315,0
2023-06-07 00:00,1963.325,1964.865,1954.845,1956.085,0
2023-06-07 04:00,1956.075,1966.288,1955.705,1962.585,0
2023-06-07 08:00,1961.215,1969.575,1956.435,1957.585,0
2023-06-07 12:00,1947.055,1947.585,1940.815,1942.635,0
2023-06-07 16:00,1939.985,1943.385,1939.544,1942.088,0
2023-06-07 20:00,1944.415,1947.005,1944.245,1946.275,0
2023-06-08 00:00,1946.275,1948.198,1942.725,1947.158,0
2023-06-08 04:00,1947.158,1949.025,1944.855,1946.535,0
2023-06-08 08:00,1966.465,1970.398,1964.954,1967.115,0
2023-06-08 12:00,1966.674,1969.064,1962.805,1965.095,0
2023-06-08 16:00,1964.865,1966.285,1959.838,1965.928,0
2023-06-08 20:00,1965.225,1965.558,1963.038,1963.745,0
2023-06-09 00:00,1963.725,1965.965,1962.238,1963.014,0
2023-06-09 04:00,1963.005,1966.845,1960.498,1966.365,0
2023-06-09 08:00,1962.815,1965.355,1956.475,1962.075,0
2023-06-09 12:00,1961.105,1962.735,1959.518,1960.075,0
2023-06-09 16:00,1960.065,1961.008,1959.938,1960.798,0
2023-06-11 16:00,1958.774,1960.505,1957.844,1959.905,0
2023-06-11 20:00,1959.875,1960.395,1954.185,1958.378,0
2023-06-12 00:00,1958.378,1961.925,1956.505,1960.525,0
2023-06-12 04:00,1960.505,1966.865,1960.115,1964.015,0
2023-06-12 08:00,1963.885,1965.848,1949.315,1954.145,0
2023-06-12 12:00,1955.325,1957.788,1952.985,1956.498,0
2023-06-12 16:00,1957.965,1958.535,1956.638,1958.128,0
2023-06-12 20:00,1959.825,1962.025,1955.885,1961.945,0
2023-06-13 00:00,1961.965,1965.265,1958.155,1962.098,0
2023-06-13 04:00,1962.084,1966.098,1961.365,1963.638,0
2023-06-13 08:00,1961.325,1965.825,1941.975,1943.045,0
2023-06-13 12:00,1943.025,1947.045,1939.935,1943.425,0
2023-06-13 16:00,1943.898,1943.898,1941.954,1943.795,0
2023-06-13 20:00,1943.845,1949.255,1942.695,1949.185,0
2023-06-14 00:00,1949.165,1951.418,1945.125,1949.555,0
2023-06-14 04:00,1949.545,1952.755,1947.675,1947.695,0
2023-06-14 08:00,1946.905,1960.205,1946.098,1957.825,0
2023-06-14 12:00,1955.905,1957.355,1939.898,1949.945,0
2023-06-14 16:00,1944.795,1946.055,1939.498,1943.844,0
2023-06-14 20:00,1945.175,1945.175,1932.305,1934.785,0
2023-06-15 00:00,1934.805,1939.715,1928.835,1933.418,0
2023-06-15 04:00,1933.395,1936.665,1930.638,1933.655,0
2023-06-15 08:00,1928.415,1959.638,1924.898,1952.945,0
2023-06-15 12:00,1956.475,1960.085,1956.435,1958.615,0
2023-06-15 16:00,1957.008,1958.545,1956.908,1958.314,0
2023-06-15 20:00,1958.115,1961.935,1955.125,1956.575,0
2023-06-16 00:00,1956.595,1963.245,1954.545,1961.428,0
2023-06-16 04:00,1961.465,1965.445,1959.814,1964.755,0
2023-06-16 08:00,1965.525,1967.825,1953.165,1960.085,0
2023-06-16 12:00,1956.195,1959.645,1953.845,1958.505,0
2023-06-16 16:00,1955.268,1957.978,1955.055,1957.358,0
2023-06-18 16:00,1957.894,1958.194,1956.148,1957.035,0
2023-06-18 20:00,1957.065,1958.548,1953.844,1955.655,0
2023-06-19 00:00,1955.645,1957.355,1952.575,1955.015,0
2023-06-19 04:00,1954.995,1958.685,1948.915,1949.625,0
2023-06-19 08:00,1952.004,1953.255,1950.664,1952.525,0
2023-06-19 12:00,1950.105,1950.515,1949.415,1949.535,0
2023-06-19 16:00,1950.575,1953.938,1950.474,1952.028,0
2023-06-19 20:00,1952.375,1952.895,1945.005,1950.195,0
2023-06-20 00:00,1950.195,1956.675,1946.745,1954.805,0
2023-06-20 04:00,1954.795,1955.505,1950.365,1951.275,0
2023-06-20 08:00,1944.615,1945.105,1930.915,1935.065,0
2023-06-20 12:00,1937.485,1938.605,1935.815,1936.045,0
2023-06-20 16:00,1936.384,1938.658,1936.145,1937.205,0
2023-06-20 20:00,1937.215,1939.375,1935.335,1936.888,0
2023-06-21 00:00,1936.894,1937.285,1931.155,1934.935,0
2023-06-21 04:00,1934.935,1935.825,1931.964,1934.215,0
2023-06-21 08:00,1934.415,1935.245,1924.145,1931.905,0
2023-06-21 12:00,1932.095,1937.505,1930.258,1935.795,0
2023-06-21 16:00,1933.475,1934.355,1931.788,1932.198,0
2023-06-21 20:00,1933.815,1934.165,1931.384,1932.555,0
2023-06-22 00:00,1932.555,1933.005,1926.955,1929.905,0
2023-06-22 04:00,1929.875,1931.375,1924.764,1927.178,0
2023-06-22 08:00,1923.355,1927.305,1912.675,1913.375,0
2023-06-22 12:00,1913.365,1917.715,1912.965,1915.145,0
2023-06-22 16:00,1913.805,1914.445,1912.224,1913.528,0
2023-06-22 20:00,1914.375,1915.955,1910.065,1912.345,0
2023-06-23 00:00,1912.365,1918.855,1911.945,1917.914,0
2023-06-23 04:00,1917.915,1919.965,1916.505,1917.545,0
2023-06-23 08:00,1919.105,1932.954,1918.775,1926.865,0
2023-06-23 12:00,1920.955,1922.245,1917.825,1920.415,0
2023-06-23 16:00,1919.005,1921.498,1918.935,1920.388,0
2023-06-25 20:00,1925.275,1928.485,1924.018,1925.405,0
2023-06-26 00:00,1925.425,1927.585,1922.065,1922.625,0
2023-06-26 04:00,1928.785,1933.245,1928.755,1931.768,0
2023-06-26 08:00,1931.275,1933.005,1922.445,1923.195,0
2023-06-26 12:00,1925.598,1926.438,1922.975,1923.375,0
2023-06-26 16:00,1922.805,1924.575,1921.875,1924.458,0
2023-06-26 20:00,1922.348,1930.285,1921.615,1928.365,0
2023-06-27 00:00,1928.395,1929.595,1924.055,1928.044,0
2023-06-27 04:00,1928.028,1928.545,1919.605,1922.995,0
2023-06-27 08:00,1922.985,1930.355,1911.385,1917.075,0
2023-06-27 12:00,1913.405,1916.495,1911.915,1913.638,0
2023-06-27 16:00,1913.655,1915.775,1912.815,1915.385,0
2023-06-27 20:00,1915.395,1917.155,1913.325,1915.028,0
2023-06-28 00:00,1915.038,1916.645,1909.065,1910.778,0
2023-06-28 04:00,1910.774,1911.855,1905.605,1907.055,0
2023-06-28 08:00,1907.085,1913.158,1905.498,1910.674,0
2023-06-28 12:00,1912.205,1913.245,1911.415,1912.048,0
2023-06-28 16:00,1909.708,1910.608,1909.418,1909.498,0
2023-06-28 20:00,1909.548,1912.705,1902.648,1905.355,0
2023-06-29 00:00,1905.345,1907.365,1902.455,1905.625,0
2023-06-29 04:00,1905.625,1910.905,1903.865,1909.895,0
2023-06-29 08:00,1909.894,1912.995,1895.435,1910.835,0
2023-06-29 12:00,1910.165,1910.655,1906.115,1907.555,0
2023-06-29 16:00,1907.704,1908.825,1907.404,1908.008,0
2023-06-29 20:00,1908.625,1909.585,1906.985,1908.225,0
2023-06-30 00:00,1908.245,1909.855,1903.575,1905.185,0
2023-06-30 04:00,1905.195,1906.375,1900.465,1906.155,0
2023-06-30 08:00,1905.225,1918.945,1904.495,1915.355,0
2023-06-30 12:00,1918.935,1920.495,1917.375,1918.865,0
2023-06-30 16:00,1919.898,1919.898,1917.888,1919.538,0
2023-07-02 16:00,1919.174,1919.184,1917.12,1918.105,0
2023-07-02 20:00,1918.125,1918.905,1914.488,1918.194,0
2023-07-03 00:00,1918.194,1920.438,1911.995,1912.095,0
2023-07-03 04:00,1912.115,1914.295,1909.965,1912.445,0
2023-07-03 08:00,1912.445,1930.174,1911.528,1926.458,0
2023-07-03 12:00,1921.935,1922.015,1920.545,1921.285,0
2023-07-03 16:00,1920.998,1921.255,1919.644,1921.155,0
2023-07-03 20:00,1921.155,1923.435,1919.955,1922.945,0
2023-07-04 00:00,1922.955,1928.335,1922.675,1927.935,0
2023-07-04 04:00,1927.945,1930.555,1925.675,1928.405,0
2023-07-04 08:00,1926.685,1928.835,1926.055,1926.915,0
2023-07-04 12:00,1924.105,1925.654,1923.915,1925.294,0
2023-07-04 16:00,1925.674,1926.924,1924.148,1925.998,0
2023-07-04 20:00,1926.245,1927.045,1923.115,1924.285,0
2023-07-05 00:00,1924.265,1927.584,1920.745,1927.308,0
2023-07-05 04:00,1927.285,1928.975,1925.045,1927.385,0
2023-07-05 08:00,1929.215,1934.905,1922.105,1923.074,0
2023-07-05 12:00,1921.465,1921.465,1915.085,1915.735,0
2023-07-05 16:00,1916.044,1917.105,1915.348,1916.765,0
2023-07-05 20:00,1916.765,1919.605,1916.025,1918.098,0
2023-07-06 00:00,1917.884,1921.405,1916.848,1918.825,0
2023-07-06 04:00,1918.805,1924.905,1916.108,1924.735,0
2023-07-06 08:00,1926.565,1927.505,1902.505,1907.738,0
2023-07-06 12:00,1909.815,1910.995,1908.835,1910.815,0
2023-07-06 16:00,1910.145,1911.155,1909.408,1910.808,0
2023-07-06 20:00,1911.545,1912.365,1909.525,1911.085,0
2023-07-07 00:00,1911.095,1916.365,1910.215,1914.495,0
2023-07-07 04:00,1914.505,1917.685,1913.235,1916.215,0
2023-07-07 08:00,1917.415,1933.995,1914.195,1933.595,0
2023-07-07 12:00,1927.515,1929.225,1925.258,1926.208,0
2023-07-07 16:00,1924.635,1925.448,1923.838,1923.838,0
2023-07-09 20:00,1924.825,1926.835,1922.435,1923.815,0
2023-07-10 00:00,1923.795,1925.558,1919.295,1924.758,0
2023-07-10 04:00,1924.724,1925.645,1922.575,1924.568,0
2023-07-10 08:00,1913.875,1924.415,1913.875,1923.408,0
2023-07-10 12:00,1925.525,1926.755,1924.778,1925.608,0
2023-07-10 16:00,1924.468,1925.565,1924.228,1924.898,0
2023-07-10 20:00,1924.765,1928.905,1924.355,1926.615,0
2023-07-11 00:00,1926.585,1938.265,1926.345,1932.175,0
2023-07-11 04:00,1932.175,1938.185,1931.915,1936.245,0
2023-07-11 08:00,1931.908,1935.278,1929.315,1931.695,0
2023-07-11 12:00,1931.0,1932.755,1929.255,1932.415,0
2023-07-11 16:00,1932.034,1933.655,1931.964,1933.258,0
2023-07-11 20:00,1933.235,1940.855,1933.165,1938.385,0
2023-07-12 00:00,1938.415,1940.155,1933.755,1934.615,0
2023-07-12 04:00,1934.615,1936.385,1933.635,1934.165,0
2023-07-12 08:00,1934.575,1958.195,1933.485,1955.538,0
2023-07-12 16:00,1955.934,1958.105,1955.724,1957.484,0
2023-07-12 20:00,1957.675,1961.635,1956.225,1960.205,0
2023-07-13 00:00,1960.215,1963.275,1955.165,1961.705,0
2023-07-13 04:00,1961.695,1962.635,1957.915,1959.738,0
2023-07-13 08:00,1960.825,1961.424,1954.625,1954.905,0
2023-07-13 12:00,1958.718,1960.705,1957.475,1959.815,0
2023-07-13 16:00,1959.834,1960.748,1959.728,1959.738,0
2023-07-13 20:00,1959.924,1963.585,1958.248,1962.445,0
2023-07-14 00:00,1962.425,1962.425,1954.265,1956.805,0
2023-07-14 04:00,1956.785,1959.925,1955.225,1959.088,0
2023-07-14 08:00,1959.084,1962.584,1950.875,1960.155,0
2023-07-14 12:00,1957.995,1959.215,1954.235,1954.235,0
2023-07-14 16:00,1954.255,1955.488,1954.026,1954.748,0
2023-07-16 16:00,1952.934,1953.345,1951.194,1953.265,0
2023-07-16 20:00,1953.255,1955.865,1950.835,1952.025,0
2023-07-17 00:00,1952.025,1956.705,1950.485,1952.225,0
2023-07-17 04:00,1952.215,1959.105,1951.875,1957.468,0
2023-07-17 08:00,1948.545,1955.018,1945.638,1954.508,0
2023-07-17 12:00,1954.465,1956.275,1952.335,1955.255,0
2023-07-17 16:00,1954.784,1956.205,1954.784,1955.355,0
2023-07-17 20:00,1955.345,1960.505,1954.585,1959.695,0
2023-07-18 00:00,1959.705,1964.015,1957.705,1961.385,0
2023-07-18 04:00,1961.415,1964.255,1960.395,1962.995,0
2023-07-18 08:00,1962.885,1983.588,1960.575,1982.695,0
2023-07-18 12:00,1977.978,1981.345,1975.245,1976.665,0
2023-07-18 16:00,1977.535,1979.045,1977.248,1978.608,0
2023-07-18 20:00,1977.355,1978.385,1974.335,1975.425,0
2023-07-19 00:00,1975.435,1980.775,1972.915,1977.845,0
2023-07-19 04:00,1977.845,1979.045,1971.535,1973.605,0
2023-07-19 08:00,1977.385,1979.738,1972.335,1973.745,0
2023-07-19 12:00,1977.378,1978.805,1976.105,1978.348,0
2023-07-19 16:00,1977.245,1977.805,1976.815,1977.695,0
2023-07-19 20:00,1977.635,1987.385,1977.205,1985.055,0
2023-07-20 00:00,1985.055,1985.328,1977.795,1979.145,0
2023-07-20 04:00,1979.145,1983.685,1978.095,1980.375,0
2023-07-20 08:00,1981.355,1981.485,1965.685,1970.405,0
2023-07-20 12:00,1968.565,1971.415,1965.198,1969.548,0
2023-07-20 16:00,1968.655,1970.665,1968.365,1970.538,0
2023-07-20 20:00,1972.155,1973.705,1969.825,1970.045,0
2023-07-21 00:00,1970.025,1972.165,1964.028,1964.178,0
2023-07-21 04:00,1964.178,1965.185,1960.985,1963.755,0
2023-07-21 08:00,1965.584,1967.968,1957.945,1959.705,0
2023-07-21 12:00,1960.175,1964.115,1960.045,1963.035,0
2023-07-21 16:00,1962.348,1962.488,1961.378,1961.428,0
2023-07-23 16:00,1961.498,1962.805,1961.408,1961.744,0
2023-07-23 20:00,1961.028,1962.555,1959.015,1960.015,0
2023-07-24 00:00,1959.995,1965.525,1957.735,1963.128,0
2023-07-24 04:00,1963.114,1966.395,1959.335,1965.375,0
2023-07-24 08:00,1964.828,1967.585,1957.755,1959.565,0
2023-07-24 12:00,1959.765,1960.585,1953.975,1954.855,0
2023-07-24 16:00,1954.215,1955.375,1953.955,1954.765,0
2023-07-24 20:00,1954.365,1963.405,1953.805,1961.565,0
2023-07-25 00:00,1961.555,1964.045,1959.635,1961.135,0
2023-07-25 04:00,1961.095,1963.514,1959.035,1959.148,0
2023-07-25 08:00,1959.234,1961.778,1951.898,1961.584,0
2023-07-25 12:00,1962.245,1965.145,1961.135,1964.415,0
2023-07-25 16:00,1964.345,1966.125,1963.978,1964.395,0
2023-07-25 20:00,1965.235,1965.945,1961.945,1963.815,0
2023-07-26 00:00,1963.835,1971.015,1962.295,1970.468,0
2023-07-26 04:00,1970.445,1972.425,1969.505,1971.705,0
2023-07-26 08:00,1972.055,1973.995,1964.185,1968.875,0
2023-07-26 12:00,1972.255,1978.118,1965.285,1977.075,0
2023-07-26 16:00,1974.685,1974.695,1970.985,1973.298,0
2023-07-26 20:00,1971.905,1982.085,1971.095,1977.865,0
2023-07-27 00:00,1977.905,1982.075,1973.918,1979.795,0
2023-07-27 04:00,1979.785,1981.035,1973.445,1978.975,0
2023-07-27 08:00,1960.165,1960.305,1943.185,1946.815,0
2023-07-27 12:00,1944.205,1949.625,1943.235,1944.125,0
2023-07-27 16:00,1946.755,1947.975,1945.315,1947.385,0
2023-07-27 20:00,1947.355,1954.825,1945.925,1954.125,0
2023-07-28 00:00,1954.135,1956.695,1948.098,1949.498,0
2023-07-28 04:00,1949.498,1957.878,1947.715,1956.458,0
2023-07-28 08:00,1955.478,1960.495,1952.165,1960.078,0
2023-07-28 12:00,1960.965,1962.295,1957.375,1958.995,0
2023-07-28 16:00,1958.995,1959.405,1958.425,1958.465,0
2023-07-30 16:00,1958.608,1960.455,1957.204,1957.875,0
2023-07-30 20:00,1957.865,1958.785,1953.608,1954.515,0
2023-07-31 00:00,1954.525,1957.045,1953.035,1954.815,0
2023-07-31 04:00,1954.835,1960.935,1950.655,1958.955,0
2023-07-31 08:00,1958.935,1972.295,1957.338,1970.558,0
2023-07-31 12:00,1970.524,1972.155,1964.145,1964.465,0
2023-07-31 16:00,1964.465,1965.915,1963.755,1963.815,0
2023-07-31 20:00,1963.778,1964.595,1958.915,1962.055,0
2023-08-01 00:00,1962.035,1962.215,1954.355,1955.445,0
2023-08-01 04:00,1955.435,1957.565,1953.065,1953.505,0
2023-08-01 08:00,1953.505,1955.915,1941.345,1944.165,0
2023-08-01 12:00,1944.165,1945.485,1941.118,1944.335,0
2023-08-01 16:00,1944.365,1952.755,1943.498,1952.045,0
2023-08-01 20:00,1952.055,1952.295,1946.538,1949.215,0
2023-08-02 00:00,1949.205,1950.295,1945.165,1948.258,0
2023-08-02 04:00,1948.224,1954.675,1948.195,1950.635,0
2023-08-02 08:00,1950.635,1951.815,1932.885,1935.465,0
2023-08-02 12:00,1935.455,1938.994,1934.935,1935.175,0
2023-08-02 16:00,1935.165,1936.815,1933.605,1935.965,0
2023-08-02 20:00,1935.975,1938.815,1933.795,1937.215,0
2023-08-03 00:00,1937.115,1938.145,1930.845,1936.815,0
2023-08-03 04:00,1936.795,1938.315,1932.785,1934.985,0
2023-08-03 08:00,1934.955,1938.655,1929.425,1933.015,0
2023-08-03 12:00,1933.005,1935.875,1932.415,1934.175,0
2023-08-03 16:00,1934.195,1936.898,1933.644,1935.745,0
2023-08-03 20:00,1935.745,1937.925,1934.228,1935.105,0
2023-08-04 00:00,1935.125,1937.345,1932.035,1932.805,0
2023-08-04 04:00,1932.785,1934.135,1931.135,1932.185,0
2023-08-04 08:00,1932.205,1946.798,1924.898,1942.605,0
2023-08-04 12:00,1942.575,1943.385,1939.745,1941.218,0
2023-08-04 16:00,1941.218,1943.098,1940.925,1942.568,0
2023-08-06 16:00,1942.098,1946.605,1941.348,1943.785,0
2023-08-06 20:00,1943.785,1945.215,1938.104,1939.255,0
2023-08-07 00:00,1939.225,1939.385,1935.415,1936.725,0
2023-08-07 04:00,1936.705,1937.535,1933.278,1936.115,0
2023-08-07 08:00,1936.135,1941.605,1931.365,1932.425,0
2023-08-07 12:00,1932.415,1937.518,1932.025,1936.605,0
2023-08-07 16:00,1936.615,1937.945,1935.525,1936.605,0
2023-08-07 20:00,1936.615,1937.255,1931.075,1933.015,0
2023-08-08 00:00,1933.005,1934.785,1930.165,1930.355,0
2023-08-08 04:00,1930.435,1935.575,1928.035,1928.755,0
2023-08-08 08:00,1928.785,1931.955,1922.655,1925.685,0
2023-08-08 12:00,1925.685,1928.365,1923.525,1924.785,0
2023-08-08 16:00,1924.735,1925.635,1924.465,1925.408,0
2023-08-08 20:00,1925.405,1930.765,1924.135,1930.005,0
2023-08-09 00:00,1930.035,1932.255,1928.468,1930.465,0
2023-08-09 04:00,1930.485,1930.665,1923.185,1924.425,0
2023-08-09 08:00,1924.415,1927.505,1915.455,1916.625,0
2023-08-09 12:00,1916.635,1918.075,1915.325,1915.465,0
2023-08-09 16:00,1915.415,1916.875,1913.505,1916.535,0
2023-08-09 20:00,1916.565,1919.095,1915.188,1918.595,0
2023-08-10 00:00,1918.595,1920.525,1915.445,1919.255,0
2023-08-10 04:00,1919.235,1922.615,1918.565,1921.795,0
2023-08-10 08:00,1921.775,1929.995,1912.738,1919.905,0
2023-08-10 12:00,1919.915,1921.615,1912.805,1913.265,0
2023-08-10 16:00,1913.235,1913.565,1910.694,1912.315,0
2023-08-10 20:00,1912.285,1915.885,1911.815,1914.555,0
2023-08-11 00:00,1914.555,1917.935,1912.535,1917.795,0
2023-08-11 04:00,1917.775,1919.745,1916.035,1918.854,0
2023-08-11 08:00,1918.854,1920.815,1912.775,1913.965,0
2023-08-11 12:00,1913.965,1915.405,1912.095,1913.448,0
2023-08-11 16:00,1913.448,1913.835,1912.744,1913.378,0
2023-08-13 16:00,1912.255,1915.105,1911.915,1913.565,0
2023-08-13 20:00,1913.575,1913.655,1909.944,1912.665,0
2023-08-14 00:00,1912.645,1915.894,1910.458,1914.375,0
2023-08-14 04:00,1914.445,1916.135,1912.068,1913.875,0
2023-08-14 08:00,1913.805,1913.915,1902.595,1910.585,0
2023-08-14 12:00,1910.555,1913.125,1907.155,1907.515,0
2023-08-14 16:00,1907.445,1908.005,1904.885,1907.505,0
2023-08-14 20:00,1907.475,1908.145,1903.595,1907.085,0
2023-08-15 00:00,1907.055,1907.405,1903.415,1904.865,0
2023-08-15 04:00,1904.845,1905.055,1901.855,1904.135,0
2023-08-15 08:00,1904.165,1911.525,1896.215,1906.795,0
2023-08-15 12:00,1906.775,1907.305,1902.315,1902.585,0
2023-08-15 16:00,1902.595,1903.495,1900.085,1901.345,0
2023-08-15 20:00,1901.365,1905.185,1900.385,1903.995,0
2023-08-16 00:00,1903.985,1906.435,1902.688,1904.505,0
2023-08-16 04:00,1904.505,1907.095,1903.025,1903.035,0
2023-08-16 08:00,1903.015,1906.385,1899.065,1901.815,0
2023-08-16 12:00,1901.805,1902.495,1891.745,1892.145,0
2023-08-16 16:00,1892.165,1894.865,1891.148,1893.165,0
2023-08-16 20:00,1893.165,1893.785,1889.545,1892.665,0
2023-08-17 00:00,1892.625,1897.505,1892.015,1896.365,0
2023-08-17 04:00,1896.345,1899.465,1893.494,1898.735,0
2023-08-17 08:00,1898.715,1903.375,1889.055,1889.385,0
2023-08-17 12:00,1889.425,1891.105,1884.925,1888.895,0
2023-08-17 16:00,1888.928,1891.575,1888.238,1891.195,0
2023-08-17 20:00,1891.215,1895.065,1890.625,1892.615,0
2023-08-18 00:00,1892.655,1894.015,1891.045,1892.475,0
2023-08-18 04:00,1892.478,1895.455,1891.228,1893.695,0
2023-08-18 08:00,1893.735,1896.678,1888.555,1891.205,0
2023-08-18 12:00,1891.205,1891.865,1886.675,1889.185,0
2023-08-18 16:00,1889.165,1889.785,1888.198,1889.258,0
2023-08-20 16:00,1889.335,1890.755,1888.685,1889.955,0
2023-08-20 20:00,1889.955,1893.605,1884.755,1891.505,0
2023-08-21 00:00,1891.565,1894.015,1887.315,1888.045,0
2023-08-21 04:00,1888.035,1893.025,1886.715,1892.945,0
2023-08-21 08:00,1892.935,1898.665,1885.155,1889.085,0
2023-08-21 12:00,1889.105,1895.285,1888.968,1894.158,0
2023-08-21 16:00,1894.158,1895.848,1894.095,1894.655,0
2023-08-21 20:00,1894.655,1897.195,1893.585,1896.025,0
2023-08-22 00:00,1896.025,1901.805,1893.755,1901.395,0
2023-08-22 04:00,1901.405,1904.405,1898.285,1902.105,0
2023-08-22 08:00,1902.085,1903.335,1889.018,1897.725,0
2023-08-22 12:00,1897.775,1898.845,1896.315,1897.515,0
2023-08-22 16:00,1897.515,1898.555,1896.955,1898.475,0
2023-08-22 20:00,1898.475,1902.955,1898.385,1901.505,0
2023-08-23 00:00,1901.515,1904.635,1900.635,1903.535,0
2023-08-23 04:00,1903.515,1905.358,1901.185,1903.215,0
2023-08-23 08:00,1903.195,1918.805,1902.555,1918.215,0
2023-08-23 12:00,1918.225,1920.275,1916.198,1916.678,0
2023-08-23 16:00,1916.678,1917.985,1914.295,1917.805,0
2023-08-23 20:00,1917.815,1921.535,1917.265,1920.778,0
2023-08-24 00:00,1920.745,1922.805,1919.415,1919.445,0
2023-08-24 04:00,1919.465,1921.945,1916.335,1916.535,0
2023-08-24 08:00,1916.565,1923.225,1911.655,1920.935,0
2023-08-24 12:00,1920.925,1921.298,1916.595,1916.665,0
2023-08-24 16:00,1916.715,1917.435,1915.495,1915.805,0
2023-08-24 20:00,1915.775,1917.485,1913.045,1913.355,0
2023-08-25 00:00,1913.375,1916.075,1912.695,1914.125,0
2023-08-25 04:00,1914.125,1918.375,1913.195,1918.275,0
2023-08-25 08:00,1918.275,1922.265,1903.705,1907.705,0
2023-08-25 12:00,1907.745,1914.588,1907.515,1914.285,0
2023-08-25 16:00,1914.275,1915.135,1913.178,1914.778,0
2023-08-27 16:00,1915.548,1916.148,1914.165,1914.905,0
2023-08-27 20:00,1914.895,1917.385,1914.458,1916.235,0
2023-08-28 00:00,1916.235,1917.608,1914.195,1914.385,0
2023-08-28 04:00,1914.385,1915.585,1913.378,1914.715,0
2023-08-28 08:00,1914.715,1925.955,1912.675,1924.638,0
2023-08-28 12:00,1924.584,1925.175,1916.765,1919.625,0
2023-08-28 16:00,1919.625,1921.625,1918.375,1921.155,0
2023-08-28 20:00,1921.185,1925.745,1920.955,1925.335,0
2023-08-29 00:00,1925.335,1925.535,1921.535,1923.165,0
2023-08-29 04:00,1923.165,1924.405,1916.615,1917.065,0
2023-08-29 08:00,1917.078,1937.555,1914.355,1936.615,0
2023-08-29 12:00,1936.635,1938.095,1933.965,1937.985,0
2023-08-29 16:00,1937.965,1937.965,1935.895,1936.125,0
2023-08-29 20:00,1936.065,1937.425,1935.228,1936.705,0
2023-08-30 00:00,1936.715,1936.958,1934.838,1936.445,0
2023-08-30 04:00,1936.465,1939.565,1935.365,1938.985,0
2023-08-30 08:00,1938.975,1948.965,1938.645,1944.785,0
2023-08-30 12:00,1944.774,1945.535,1942.728,1943.325,0
2023-08-30 16:00,1943.335,1945.348,1941.855,1944.145,0
2023-08-30 20:00,1944.245,1947.665,1944.095,1945.075,0
2023-08-31 00:00,1945.055,1946.195,1943.155,1944.975,0
2023-08-31 04:00,1944.905,1945.838,1943.565,1945.555,0
2023-08-31 08:00,1945.535,1947.825,1938.864,1940.535,0
2023-08-31 12:00,1940.555,1942.358,1939.005,1939.995,0
2023-08-31 16:00,1939.975,1940.465,1938.875,1939.805,0
2023-08-31 20:00,1939.815,1944.005,1938.625,1938.825,0
2023-09-01 00:00,1938.815,1943.435,1938.105,1943.025,0
2023-09-01 04:00,1943.005,1945.785,1941.795,1944.365,0
2023-09-01 08:00,1944.348,1952.905,1934.355,1938.755,0
2023-09-01 12:00,1938.735,1941.425,1937.235,1940.445,0
2023-09-01 16:00,1940.495,1940.598,1939.238,1939.238,0
2023-09-03 16:00,1939.948,1940.985,1939.274,1940.428,0
2023-09-03 20:00,1940.425,1946.025,1939.958,1944.855,0
2023-09-04 00:00,1944.865,1946.185,1942.964,1943.708,0
2023-09-04 04:00,1943.708,1944.395,1939.775,1941.555,0
2023-09-04 08:00,1941.545,1941.635,1936.675,1938.595,0
2023-09-04 12:00,1938.555,1938.825,1937.875,1938.225,0
2023-09-04 16:00,1937.798,1938.715,1937.435,1937.515,0
2023-09-04 20:00,1937.515,1938.595,1934.845,1936.905,0
2023-09-05 00:00,1936.915,1938.905,1935.035,1935.465,0
2023-09-05 04:00,1935.445,1935.585,1930.0,1930.405,0
2023-09-05 08:00,1930.385,1934.645,1925.205,1925.958,0
2023-09-05 12:00,1925.958,1927.865,1925.375,1925.745,0
2023-09-05 16:00,1925.745,1926.835,1925.285,1926.525,0
2023-09-05 20:00,1926.535,1926.675,1924.098,1926.465,0
2023-09-06 00:00,1926.485,1928.375,1922.755,1922.855,0
2023-09-06 04:00,1922.875,1927.635,1922.6,1925.305,0
2023-09-06 08:00,1925.315,1929.055,1915.175,1916.675,0
2023-09-06 12:00,1916.695,1920.605,1915.898,1916.615,0
2023-09-06 16:00,1916.625,1918.105,1915.835,1917.055,0
2023-09-06 20:00,1917.025,1920.615,1916.188,1920.065,0
2023-09-07 00:00,1920.045,1920.175,1916.998,1918.228,0
2023-09-07 04:00,1918.228,1922.125,1917.275,1921.745,0
2023-09-07 08:00,1921.755,1923.495,1916.095,1920.875,0
2023-09-07 12:00,1920.855,1921.398,1917.358,1918.645,0
2023-09-07 16:00,1918.705,1920.214,1918.668,1920.128,0
2023-09-07 20:00,1920.095,1927.135,1919.908,1924.885,0
2023-09-08 00:00,1924.905,1927.155,1923.785,1924.015,0
2023-09-08 04:00,1924.025,1925.785,1922.485,1922.885,0
2023-09-08 08:00,1922.905,1929.595,1919.058,1919.485,0
2023-09-08 12:00,1919.495,1920.548,1917.225,1919.115,0
2023-09-08 16:00,1919.115,1919.275,1918.258,1918.258,0
2023-09-10 16:00,1919.865,1920.574,1916.584,1918.785,0
2023-09-10 20:00,1918.785,1924.055,1918.295,1923.255,0
2023-09-11 00:00,1923.235,1930.558,1922.875,1926.355,0
2023-09-11 04:00,1926.335,1927.925,1924.528,1925.105,0
2023-09-11 08:00,1925.135,1930.015,1921.295,1922.935,0
2023-09-11 12:00,1923.005,1925.045,1921.375,1922.645,0
2023-09-11 16:00,1922.625,1923.238,1921.088,1921.545,0
2023-09-11 20:00,1921.545,1924.235,1920.245,1923.645,0
2023-09-12 00:00,1923.595,1924.395,1918.678,1918.878,0
2023-09-12 04:00,1918.918,1921.275,1910.974,1912.875,0
2023-09-12 08:00,1912.855,1914.645,1907.478,1912.395,0
2023-09-12 12:00,1912.475,1914.955,1911.615,1912.925,0
2023-09-12 16:00,1912.905,1913.665,1911.508,1912.795,0
2023-09-12 20:00,1912.785,1913.745,1908.078,1909.548,0
2023-09-13 00:00,1909.535,1912.575,1908.115,1911.925,0
2023-09-13 04:00,1911.905,1912.978,1910.685,1912.215,0
2023-09-13 08:00,1912.235,1915.655,1905.555,1910.355,0
2023-09-13 12:00,1910.345,1911.585,1908.095,1908.705,0
2023-09-13 16:00,1908.725,1909.695,1907.335,1909.155,0
2023-09-13 20:00,1909.155,1912.825,1908.645,1909.635,0
2023-09-14 00:00,1909.645,1910.945,1905.028,1905.795,0
2023-09-14 04:00,1905.785,1909.035,1905.425,1907.398,0
2023-09-14 08:00,1907.418,1911.275,1900.898,1907.885,0
2023-09-14 12:00,1907.895,1911.958,1907.885,1909.345,0
2023-09-14 16:00,1909.318,1911.035,1909.115,1909.745,0
2023-09-14 20:00,1909.765,1915.915,1909.725,1915.565,0
2023-09-15 00:00,1915.565,1919.485,1914.845,1917.948,0
2023-09-15 04:00,1917.948,1919.855,1916.645,1919.165,0
2023-09-15 08:00,1919.185,1930.308,1915.905,1926.325,0
2023-09-15 12:00,1926.355,1927.748,1922.268,1922.375,0
2023-09-15 16:00,1922.365,1923.795,1922.295,1922.738,0
2023-09-17 16:00,1923.408,1924.364,1922.378,1923.175,0
2023-09-17 20:00,1923.185,1929.385,1923.145,1928.698,0
2023-09-18 00:00,1928.698,1930.575,1926.375,1926.395,0
2023-09-18 04:00,1926.375,1928.115,1925.035,1926.705,0
2023-09-18 08:00,1926.735,1929.325,1922.678,1928.875,0
2023-09-18 12:00,1928.955,1933.498,1927.554,1933.225,0
2023-09-18 16:00,1933.155,1934.425,1932.975,1934.055,0
2023-09-18 20:00,1934.065,1934.505,1931.595,1932.138,0
2023-09-19 00:00,1932.138,1934.715,1929.684,1934.375,0
2023-09-19 04:00,1934.365,1936.705,1933.375,1935.185,0
2023-09-19 08:00,1935.165,1937.275,1930.938,1933.005,0
2023-09-19 12:00,1933.015,1933.655,1929.675,1931.925,0
2023-09-19 16:00,1931.925,1932.245,1930.785,1931.315,0
2023-09-19 20:00,1931.305,1931.485,1928.395,1930.515,0
2023-09-20 00:00,1930.535,1932.245,1927.855,1928.665,0
2023-09-20 04:00,1928.645,1932.615,1928.625,1931.975,0
2023-09-20 08:00,1931.954,1945.744,1930.845,1941.728,0
2023-09-20 12:00,1941.728,1947.315,1932.805,1932.955,0
2023-09-20 16:00,1932.965,1933.585,1929.048,1929.308,0
2023-09-20 20:00,1929.278,1929.605,1924.085,1928.188,0
2023-09-21 00:00,1928.165,1930.425,1926.245,1927.055,0
2023-09-21 04:00,1927.065,1927.325,1920.145,1920.675,0
2023-09-21 08:00,1920.655,1923.695,1913.808,1917.375,0
2023-09-21 12:00,1917.385,1921.175,1916.245,1919.675,0
2023-09-21 16:00,1919.665,1921.455,1919.035,1921.295,0
2023-09-21 20:00,1921.315,1925.415,1921.145,1923.755,0
2023-09-22 00:00,1923.755,1928.595,1923.325,1927.915,0
2023-09-22 04:00,1927.905,1927.905,1924.215,1925.358,0
2023-09-22 08:00,1925.364,1929.015,1924.055,1927.615,0
2023-09-22 12:00,1927.605,1928.465,1924.245,1925.375,0
2023-09-22 16:00,1925.335,1925.465,1924.528,1924.818,0
2023-09-24 16:00,1924.335,1926.324,1924.315,1924.665,0
2023-09-24 20:00,1924.665,1925.235,1922.565,1923.575,0
2023-09-25 00:00,1923.555,1927.115,1920.765,1923.365,0
2023-09-25 04:00,1923.375,1924.915,1920.808,1923.985,0
2023-09-25 08:00,1923.955,1926.745,1915.045,1917.375,0
2023-09-25 12:00,1917.375,1918.175,1915.115,1915.445,0
2023-09-25 16:00,1915.435,1916.715,1915.385,1916.165,0
2023-09-25 20:00,1916.145,1916.405,1912.935,1913.565,0
2023-09-26 00:00,1913.505,1915.075,1909.575,1913.555,0
2023-09-26 04:00,1913.595,1915.565,1910.438,1911.485,0
2023-09-26 08:00,1911.485,1912.755,1900.695,1902.295,0
2023-09-26 12:00,1902.315,1903.525,1899.005,1900.465,0
2023-09-26 16:00,1900.485,1901.995,1900.078,1901.465,0
2023-09-26 20:00,1901.455,1903.825,1899.405,1899.825,0
2023-09-27 00:00,1899.795,1899.795,1895.535,1896.625,0
2023-09-27 04:00,1896.605,1897.755,1892.415,1892.778,0
2023-09-27 08:00,1892.768,1892.978,1879.655,1881.385,0
2023-09-27 12:00,1881.405,1881.485,1872.445,1876.595,0
2023-09-27 16:00,1876.605,1877.595,1874.338,1877.505,0
2023-09-27 20:00,1877.515,1877.825,1873.475,1874.585,0
2023-09-28 00:00,1874.585,1878.145,1873.605,1875.655,0
2023-09-28 04:00,1875.685,1877.135,1873.565,1875.955,0
2023-09-28 08:00,1875.995,1879.485,1857.565,1864.695,0
2023-09-28 12:00,1864.665,1867.265,1860.845,1867.085,0
2023-09-28 16:00,1867.075,1867.215,1863.645,1866.645,0
2023-09-28 20:00,1866.635,1867.175,1862.875,1863.225,0
2023-09-29 00:00,1863.175,1873.895,1863.015,1873.465,0
2023-09-29 04:00,1873.445,1873.665,1867.465,1869.328,0
2023-09-29 08:00,1869.328,1879.765,1852.165,1854.715,0
2023-09-29 12:00,1854.725,1856.375,1846.205,1848.145,0
2023-09-29 16:00,1848.035,1849.728,1847.635,1848.098,0
2023-10-01 16:00,1847.268,1848.645,1845.595,1848.285,0
2023-10-01 20:00,1848.295,1848.835,1842.785,1843.375,0
2023-10-02 00:00,1843.365,1846.175,1839.145,1839.705,0
2023-10-02 04:00,1839.685,1843.115,1831.014,1837.245,0
2023-10-02 08:00,1837.235,1840.528,1827.065,1832.545,0
2023-10-02 12:00,1832.555,1833.495,1829.175,1829.305,0
2023-10-02 16:00,1829.215,1829.605,1820.405,1824.845,0
2023-10-02 20:00,1824.818,1825.155,1815.245,1820.378,0
2023-10-03 00:00,1820.448,1824.505,1818.115,1823.975,0
2023-10-03 04:00,1823.945,1829.065,1823.605,1825.885,0
2023-10-03 08:00,1825.895,1833.205,1819.145,1824.738,0
2023-10-03 12:00,1824.738,1828.025,1821.825,1823.865,0
2023-10-03 16:00,1823.795,1824.965,1822.018,1823.255,0
2023-10-03 20:00,1823.225,1824.945,1819.495,1820.645,0
2023-10-04 00:00,1820.655,1823.705,1816.635,1823.015,0
2023-10-04 04:00,1822.985,1827.095,1820.118,1824.885,0
2023-10-04 08:00,1824.918,1830.455,1816.975,1823.745,0
2023-10-04 12:00,1823.835,1823.935,1816.475,1823.198,0
2023-10-04 16:00,1823.198,1823.955,1820.335,1822.425,0
2023-10-04 20:00,1822.445,1828.595,1821.625,1828.265,0
2023-10-05 00:00,1828.265,1829.105,1819.805,1820.675,0
2023-10-05 04:00,1820.695,1823.845,1819.565,1822.935,0
2023-10-05 08:00,1822.925,1823.805,1812.924,1815.445,0
2023-10-05 12:00,1815.445,1820.775,1814.755,1820.265,0
2023-10-05 16:00,1820.305,1822.998,1819.395,1821.138,0
2023-10-05 20:00,1821.125,1824.375,1819.595,1823.925,0
2023-10-06 00:00,1823.915,1824.475,1818.525,1821.275,0
2023-10-06 04:00,1821.295,1825.025,1819.195,1821.175,0
2023-10-06 08:00,1821.155,1834.725,1810.288,1832.485,0
2023-10-06 12:00,1832.515,1833.845,1828.725,1829.335,0
2023-10-06 16:00,1829.335,1832.835,1828.855,1832.698,0
2023-10-08 16:00,1847.405,1855.435,1845.235,1847.865,0
2023-10-08 20:00,1847.895,1852.715,1846.098,1851.005,0
2023-10-09 00:00,1851.045,1854.278,1847.905,1850.318,0
2023-10-09 04:00,1850.255,1852.255,1848.885,1849.935,0
2023-10-09 08:00,1849.965,1853.135,1844.135,1851.495,0
2023-10-09 12:00,1851.525,1863.395,1848.585,1863.148,0
2023-10-09 16:00,1863.148,1863.148,1860.195,1862.418,0
2023-10-09 20:00,1862.405,1865.315,1861.295,1862.385,0
2023-10-10 00:00,1862.385,1862.425,1855.075,1857.275,0
2023-10-10 04:00,1857.285,1859.725,1854.765,1857.075,0
2023-10-10 08:00,1857.105,1862.205,1852.888,1861.205,0
2023-10-10 12:00,1861.215,1862.665,1858.015,1860.055,0
2023-10-10 16:00,1860.035,1860.755,1859.185,1859.495,0
2023-10-10 20:00,1859.498,1862.025,1859.358,1860.005,0
2023-10-11 00:00,1860.005,1868.105,1858.535,1867.875,0
2023-10-11 04:00,1867.865,1874.675,1866.815,1870.895,0
2023-10-11 08:00,1870.955,1874.945,1867.118,1872.955,0
2023-10-11 12:00,1872.945,1877.105,1870.725,1873.468,0
2023-10-11 16:00,1873.468,1875.705,1873.298,1875.195,0
2023-10-11 20:00,1875.215,1878.675,1874.355,1877.565,0
2023-10-12 00:00,1877.585,1882.575,1876.685,1878.765,0
2023-10-12 04:00,1878.755,1884.385,1878.555,1883.455,0
2023-10-12 08:00,1883.485,1884.885,1870.505,1872.225,0
2023-10-12 12:00,1872.265,1873.595,1867.825,1868.275,0
2023-10-12 16:00,1868.275,1871.155,1868.245,1870.505,0
2023-10-12 20:00,1870.515,1873.915,1870.045,1873.565,0
2023-10-13 00:00,1873.555,1883.025,1873.475,1882.075,0
2023-10-13 04:00,1882.045,1899.778,1881.915,1896.298,0
2023-10-13 08:00,1896.295,1923.015,1896.285,1922.885,0
2023-10-13 12:00,1922.864,1930.638,1922.315,1928.275,0
2023-10-13 16:00,1928.375,1932.875,1927.005,1932.738,0
2023-10-15 16:00,1927.998,1929.355,1921.034,1925.765,0
2023-10-15 20:00,1925.775,1925.845,1917.955,1919.975,0
2023-10-16 00:00,1919.985,1920.385,1908.085,1911.365,0
2023-10-16 04:00,1911.365,1918.255,1909.865,1915.535,0
2023-10-16 08:00,1915.515,1924.428,1914.365,1921.405,0
2023-10-16 12:00,1921.435,1922.705,1917.775,1918.885,0
2023-10-16 16:00,1918.885,1921.725,1918.635,1919.355,0
2023-10-16 20:00,1919.355,1919.935,1912.315,1916.775,0
2023-10-17 00:00,1916.775,1921.235,1914.145,1919.995,0
2023-10-17 04:00,1919.955,1926.518,1918.545,1923.965,0
2023-10-17 08:00,1923.875,1931.414,1918.915,1926.718,0
2023-10-17 12:00,1926.718,1926.718,1919.035,1922.545,0
2023-10-17 16:00,1922.565,1925.385,1922.038,1924.548,0
2023-10-17 20:00,1924.565,1942.645,1923.678,1937.395,0
2023-10-18 00:00,1937.365,1940.045,1934.958,1939.585,0
2023-10-18 04:00,1939.545,1947.365,1937.115,1946.038,0
2023-10-18 08:00,1946.034,1962.545,1938.125,1945.125,0
2023-10-18 12:00,1945.105,1956.505,1944.575,1950.278,0
2023-10-18 16:00,1950.345,1951.615,1946.625,1950.745,0
2023-10-18 20:00,1950.775,1953.215,1945.125,1946.275,0
2023-10-19 00:00,1946.265,1952.658,1945.205,1949.365,0
2023-10-19 04:00,1949.345,1954.395,1947.775,1952.095,0
2023-10-19 08:00,1952.095,1959.805,1949.685,1956.075,0
2023-10-19 12:00,1956.095,1977.575,1951.985,1974.235,0
2023-10-19 16:00,1974.365,1982.205,1972.358,1977.035,0
2023-10-19 20:00,1977.038,1981.828,1971.905,1977.725,0
2023-10-20 00:00,1977.705,1982.065,1974.045,1980.055,0
2023-10-20 04:00,1980.095,1985.795,1976.268,1977.165,0
2023-10-20 08:00,1977.175,1997.135,1973.185,1991.495,0
2023-10-20 12:00,1991.515,1992.405,1974.255,1979.595,0
2023-10-20 16:00,1979.565,1981.755,1978.835,1980.648,0
2023-10-22 16:00,1967.114,1978.535,1964.865,1971.445,0
2023-10-22 20:00,1971.445,1974.665,1964.275,1973.558,0
2023-10-23 00:00,1973.558,1979.675,1972.665,1979.395,0
2023-10-23 04:00,1979.375,1982.725,1975.148,1979.275,0
2023-10-23 08:00,1979.275,1981.865,1970.025,1975.265,0
2023-10-23 12:00,1975.295,1979.225,1971.075,1973.145,0
2023-10-23 16:00,1973.145,1973.715,1971.285,1973.455,0
2023-10-23 20:00,1973.465,1980.735,1972.365,1976.835,0
2023-10-24 00:00,1976.805,1979.105,1974.385,1975.225,0
2023-10-24 04:00,1975.265,1975.845,1953.404,1963.558,0
2023-10-24 08:00,1963.515,1969.938,1958.855,1969.628,0
2023-10-24 12:00,1969.624,1977.485,1968.795,1972.595,0
2023-10-24 16:00,1972.605,1973.305,1969.845,1972.725,0
2023-10-24 20:00,1972.745,1976.905,1970.805,1973.155,0
2023-10-25 00:00,1973.135,1975.865,1968.195,1971.085,0
2023-10-25 04:00,1971.105,1976.375,1969.358,1974.605,0
2023-10-25 08:00,1974.685,1987.115,1962.854,1981.095,0
2023-10-25 12:00,1981.105,1985.525,1976.435,1980.715,0
2023-10-25 16:00,1980.725,1984.055,1977.535,1982.895,0
2023-10-25 20:00,1982.875,1987.235,1982.315,1987.105,0
2023-10-26 00:00,1987.135,1990.045,1983.895,1990.025,0
2023-10-26 04:00,1990.025,1993.385,1982.364,1984.525,0
2023-10-26 08:00,1984.545,1986.625,1971.655,1980.105,0
2023-10-26 12:00,1980.098,1989.165,1979.625,1984.255,0
2023-10-26 16:00,1984.225,1986.665,1983.268,1984.345,0
2023-10-26 20:00,1984.345,1988.745,1982.795,1987.785,0
2023-10-27 00:00,1987.895,1989.835,1985.658,1987.275,0
2023-10-27 04:00,1987.255,1987.815,1979.855,1981.765,0
2023-10-27 08:00,1981.765,1986.085,1976.755,1979.845,0
2023-10-27 12:00,1979.825,2009.395,1979.095,2007.0,0
2023-10-27 16:00,2007.0,2007.048,2004.228,2005.648,0
2023-10-29 16:00,2004.135,2006.685,1996.814,2004.535,0
2023-10-29 20:00,2004.525,2005.655,2000.115,2001.425,0
2023-10-30 00:00,2001.385,2002.585,1990.835,1993.578,0
2023-10-30 04:00,1993.615,1999.965,1991.438,1997.885,0
2023-10-30 08:00,1997.875,2002.435,1991.828,1998.788,0
2023-10-30 12:00,1998.788,1999.805,1994.615,1995.728,0
2023-10-30 16:00,1995.015,1996.275,1993.915,1995.535,0
2023-10-30 20:00,1995.515,1997.205,1990.475,1992.665,0
2023-10-31 00:00,1992.685,1999.058,1992.305,1996.854,0
2023-10-31 04:00,1996.845,2001.365,1994.698,1995.454,0
2023-10-31 08:00,1995.364,2007.734,1986.464,1990.665,0
2023-10-31 12:00,1990.725,1991.155,1978.735,1983.498,0
2023-10-31 16:00,1982.778,1986.065,1978.685,1979.905,0
2023-10-31 20:00,1979.865,1981.275,1975.058,1977.555,0
2023-11-01 00:00,1977.545,1982.855,1976.255,1982.395,0
2023-11-01 04:00,1982.405,1988.435,1980.445,1986.505,0
2023-11-01 08:00,1986.525,1991.898,1974.425,1977.725,0
2023-11-01 12:00,1977.735,1982.748,1969.815,1982.248,0
2023-11-01 16:00,1983.525,1986.115,1981.275,1984.605,0
2023-11-01 20:00,1984.575,1988.048,1983.275,1985.915,0
2023-11-02 00:00,1985.925,1988.355,1983.585,1986.715,0
2023-11-02 04:00,1986.725,1990.895,1985.665,1990.245,0
2023-11-02 08:00,1990.215,1990.935,1978.775,1981.725,0
2023-11-02 12:00,1981.705,1986.528,1981.415,1985.478,0
2023-11-02 16:00,1984.758,1986.445,1984.275,1985.505,0
2023-11-02 20:00,1985.535,1987.775,1983.155,1985.705,0
2023-11-03 00:00,1985.715,1989.155,1984.384,1988.438,0
2023-11-03 04:00,1988.415,2003.968,1985.494,2000.075,0
2023-11-03 08:00,2000.045,2001.685,1986.325,1990.235,0
2023-11-03 12:00,1990.295,1995.045,1989.765,1992.058,0
2023-11-05 16:00,1991.698,1992.748,1986.965,1991.025,0
2023-11-05 20:00,1990.985,1992.955,1981.845,1983.635,0
2023-11-06 00:00,1983.645,1987.865,1982.185,1985.885,0
2023-11-06 04:00,1985.965,1988.255,1983.355,1984.315,0
2023-11-06 08:00,1984.405,1988.995,1979.855,1983.395,0
2023-11-06 12:00,1983.375,1984.385,1977.375,1977.535,0
2023-11-06 16:00,1977.555,1978.695,1975.435,1975.925,0
2023-11-06 20:00,1975.925,1976.635,1970.858,1971.335,0
2023-11-07 00:00,1971.355,1974.185,1965.888,1966.605,0
2023-11-07 04:00,1966.574,1968.825,1957.115,1958.705,0
2023-11-07 08:00,1958.685,1967.135,1956.598,1964.605,0
2023-11-07 12:00,1964.675,1969.738,1961.705,1968.848,0
2023-11-07 16:00,1968.765,1969.935,1967.745,1967.975,0
2023-11-07 20:00,1967.975,1970.955,1967.155,1967.535,0
2023-11-08 00:00,1967.545,1969.055,1964.885,1968.135,0
2023-11-08 04:00,1968.115,1968.195,1959.485,1962.715,0
2023-11-08 08:00,1962.745,1966.555,1950.898,1954.755,0
2023-11-08 12:00,1954.775,1956.548,1947.325,1949.595,0
2023-11-08 16:00,1949.615,1952.015,1948.845,1951.985,0
2023-11-08 20:00,1951.925,1954.505,1947.735,1949.415,0
2023-11-09 00:00,1949.405,1950.425,1944.575,1948.345,0
2023-11-09 04:00,1948.325,1949.625,1944.955,1945.715,0
2023-11-09 08:00,1945.755,1964.795,1944.725,1960.505,0
2023-11-09 12:00,1960.475,1965.498,1956.075,1957.125,0
2023-11-09 16:00,1957.125,1960.575,1956.845,1960.455,0
2023-11-09 20:00,1960.415,1960.695,1956.365,1957.675,0
2023-11-10 00:00,1957.705,1958.145,1953.595,1954.835,0
2023-11-10 04:00,1954.805,1955.255,1943.435,1947.265,0
2023-11-10 08:00,1947.245,1948.555,1937.105,1939.415,0
2023-11-10 12:00,1939.405,1939.995,1932.865,1935.985,0
2023-11-10 16:00,1936.035,1938.748,1935.725,1938.148,0
2023-11-12 16:00,1938.165,1941.748,1933.845,1939.158,0
2023-11-12 20:00,1939.218,1941.205,1933.895,1935.675,0
2023-11-13 00:00,1935.675,1941.145,1935.655,1936.505,0
2023-11-13 04:00,1936.525,1940.385,1935.254,1936.115,0
2023-11-13 08:00,1936.095,1946.465,1931.515,1945.735,0
2023-11-13 12:00,1945.705,1949.115,1944.714,1946.568,0
2023-11-13 16:00,1946.585,1947.215,1945.565,1946.735,0
2023-11-13 20:00,1946.785,1948.258,1943.684,1944.675,0
2023-11-14 00:00,1944.645,1946.435,1943.675,1945.305,0
2023-11-14 04:00,1945.305,1948.075,1944.685,1945.055,0
2023-11-14 08:00,1945.065,1970.835,1937.978,1964.125,0
2023-11-14 12:00,1964.115,1965.025,1961.545,1963.698,0
2023-11-14 16:00,1963.615,1963.898,1961.525,1963.558,0
2023-11-14 20:00,1963.558,1967.828,1961.515,1967.435,0
2023-11-15 00:00,1967.445,1972.475,1965.825,1971.445,0
2023-11-15 04:00,1971.405,1974.005,1969.925,1971.505,0
2023-11-15 08:00,1971.485,1975.148,1955.325,1962.225,0
2023-11-15 12:00,1962.215,1963.075,1958.925,1959.375,0
2023-11-15 16:00,1959.315,1961.305,1958.975,1959.525,0
2023-11-15 20:00,1959.505,1962.505,1956.365,1962.505,0
2023-11-16 00:00,1962.475,1967.745,1961.978,1967.375,0
2023-11-16 04:00,1967.395,1968.455,1962.015,1964.225,0
2023-11-16 08:00,1964.245,1987.848,1964.105,1981.935,0
2023-11-16 12:00,1981.965,1985.115,1980.688,1980.688,0
2023-11-16 16:00,1980.688,1984.875,1980.125,1984.865,0
2023-11-16 20:00,1984.865,1986.955,1982.578,1986.005,0
2023-11-17 00:00,1985.995,1989.025,1982.595,1988.625,0
2023-11-17 04:00,1988.635,1993.335,1987.315,1988.595,0
2023-11-17 08:00,1988.615,1991.545,1979.295,1981.055,0
2023-11-17 12:00,1980.935,1982.685,1978.478,1980.735,0
2023-11-17 16:00,1980.735,1980.735,1979.798,1980.398,0
2023-11-19 16:00,1977.698,1978.664,1973.265,1977.415,0
2023-11-19 20:00,1977.445,1985.085,1977.235,1981.345,0
2023-11-20 00:00,1981.325,1983.315,1976.0,1976.845,0
2023-11-20 04:00,1976.785,1980.405,1970.465,1972.385,0
2023-11-20 08:00,1972.355,1975.035,1965.355,1974.505,0
2023-11-20 12:00,1974.535,1978.845,1972.445,1977.755,0
2023-11-20 16:00,1977.775,1986.665,1976.965,1986.375,0
2023-11-20 20:00,1986.355,1994.195,1983.828,1992.075,0
2023-11-21 00:00,1992.045,1994.215,1986.455,1987.775,0
2023-11-21 04:00,1987.735,1989.925,1984.158,1989.005,0
2023-11-21 08:00,1989.125,2007.475,1989.125,2001.025,0
2023-11-21 12:00,2001.025,2001.745,1996.155,1998.965,0
2023-11-21 16:00,1998.945,1999.795,1996.865,1997.335,0
2023-11-21 20:00,1997.355,2000.235,1995.358,1999.148,0
2023-11-22 00:00,1999.145,2006.318,1996.575,1999.575,0
2023-11-22 04:00,1999.555,2003.505,1999.015,2001.785,0
2023-11-22 08:00,2001.765,2003.105,1989.885,1990.995,0
2023-11-22 12:00,1991.045,1992.575,1986.805,1989.665,0
2023-11-22 16:00,1989.665,1992.065,1988.415,1991.865,0
2023-11-22 20:00,1991.845,1998.125,1991.108,1995.115,0
2023-11-23 00:00,1995.105,1998.408,1993.665,1994.885,0
2023-11-23 04:00,1994.804,1995.355,1991.845,1992.275,0
2023-11-23 08:00,1992.264,1994.805,1989.715,1990.475,0
2023-11-23 12:00,1990.475,1992.955,1990.475,1992.555,0
2023-11-23 16:00,1991.698,1994.728,1991.698,1993.714,0
2023-11-23 20:00,1993.714,1994.855,1991.338,1993.615,0
2023-11-24 00:00,1993.608,1994.385,1991.944,1993.228,0
2023-11-24 04:00,1993.228,1996.998,1993.098,1995.405,0
2023-11-24 08:00,1995.405,2003.515,1994.285,1999.778,0
2023-11-24 12:00,1999.778,2002.228,1999.448,2000.505,0
2023-11-26 16:00,2000.995,2004.165,2000.398,2002.015,0
2023-11-26 20:00,2002.115,2018.085,2002.035,2012.828,0
2023-11-27 00:00,2012.834,2013.825,2008.685,2013.785,0
2023-11-27 04:00,2013.805,2015.395,2011.475,2013.535,0
2023-11-27 08:00,2013.565,2016.215,2005.608,2010.698,0
2023-11-27 12:00,2010.635,2014.598,2008.645,2014.298,0
2023-11-27 16:00,2014.305,2017.975,2012.885,2017.015,0
2023-11-27 20:00,2017.028,2017.904,2013.845,2015.075,0
2023-11-28 00:00,2015.135,2016.735,2012.005,2015.278,0
2023-11-28 04:00,2015.275,2016.635,2013.325,2014.285,0
2023-11-28 08:00,2014.335,2040.608,2011.478,2039.625,0
2023-11-28 12:00,2039.645,2042.915,2038.115,2041.058,0
2023-11-28 16:00,2041.025,2049.505,2039.888,2049.425,0
2023-11-28 20:00,2049.495,2051.865,2042.935,2046.115,0
2023-11-29 00:00,2046.125,2048.895,2040.985,2042.655,0
2023-11-29 04:00,2042.645,2043.305,2035.205,2041.305,0
2023-11-29 08:00,2041.315,2046.845,2037.0,2042.035,0
2023-11-29 12:00,2042.055,2049.438,2041.515,2044.498,0
2023-11-29 16:00,2044.518,2046.765,2043.638,2046.548,0
2023-11-29 20:00,2046.504,2047.118,2042.525,2044.495,0
2023-11-30 00:00,2044.575,2046.845,2039.855,2040.394,0
2023-11-30 04:00,2040.438,2042.195,2035.835,2038.235,0
2023-11-30 08:00,2038.305,2043.975,2031.258,2039.515,0
2023-11-30 12:00,2039.585,2041.235,2033.575,2036.125,0
2023-11-30 16:00,2036.135,2042.415,2034.745,2041.895,0
2023-11-30 20:00,2041.845,2043.325,2038.628,2040.115,0
2023-12-01 00:00,2040.125,2045.965,2039.158,2045.225,0
2023-12-01 04:00,2045.245,2049.745,2033.805,2035.868,0
2023-12-01 08:00,2035.885,2060.548,2034.935,2058.745,0
2023-12-01 12:00,2058.755,2075.265,2057.245,2070.748,0
2023-12-01 16:00,2070.748,2072.108,2070.325,2071.668,0
2023-12-03 16:00,2072.525,2145.135,2071.604,2095.775,0
2023-12-03 20:00,2095.915,2098.278,2081.585,2085.385,0
2023-12-04 00:00,2085.405,2090.385,2057.685,2069.675,0
2023-12-04 04:00,2069.685,2076.048,2063.968,2069.665,0
2023-12-04 08:00,2069.675,2070.358,2019.925,2025.895,0
2023-12-04 12:00,2025.875,2032.215,2022.008,2026.255,0
2023-12-04 16:00,2026.395,2041.155,2026.395,2036.685,0
2023-12-04 20:00,2036.665,2038.365,2030.354,2032.205,0
2023-12-05 00:00,2032.275,2039.495,2030.895,2034.375,0
2023-12-05 04:00,2034.355,2034.395,2021.455,2024.845,0
2023-12-05 08:00,2024.705,2030.775,2009.855,2014.745,0
2023-12-05 12:00,2014.755,2020.775,2014.645,2019.025,0
2023-12-05 16:00,2019.025,2022.225,2017.098,2021.698,0
2023-12-05 20:00,2021.708,2024.155,2018.955,2021.925,0
2023-12-06 00:00,2021.915,2035.785,2021.125,2025.295,0
2023-12-06 04:00,2025.305,2027.695,2020.075,2026.095,0
2023-12-06 08:00,2026.095,2032.935,2022.555,2029.855,0
2023-12-06 12:00,2029.878,2031.108,2025.075,2026.485,0
2023-12-06 16:00,2026.425,2029.525,2024.318,2028.515,0
2023-12-06 20:00,2028.548,2029.945,2025.335,2025.995,0
2023-12-07 00:00,2025.985,2034.785,2025.155,2032.825,0
2023-12-07 04:00,2032.795,2035.025,2029.475,2033.115,0
2023-12-07 08:00,2033.125,2039.778,2025.085,2026.345,0
2023-12-07 12:00,2026.355,2031.865,2020.075,2029.265,0
2023-12-07 16:00,2029.345,2033.028,2026.755,2031.055,0
2023-12-07 20:00,2031.055,2033.874,2028.675,2031.425,0
2023-12-08 00:00,2031.465,2031.845,2026.425,2028.105,0
2023-12-08 04:00,2028.085,2032.295,2026.535,2027.415,0
2023-12-08 08:00,2027.465,2028.805,2001.105,2002.215,0
2023-12-08 12:00,2002.205,2003.428,1994.555,2002.678,0
2023-12-08 16:00,2002.675,2004.908,2002.445,2004.418,0
2023-12-10 16:00,2002.794,2007.705,2002.484,2004.785,0
2023-12-10 20:00,2004.785,2004.885,1994.765,1996.595,0
2023-12-11 00:00,1996.575,2000.515,1991.215,1996.025,0
2023-12-11 04:00,1996.015,1996.965,1991.175,1994.935,0
2023-12-11 08:00,1994.935,1995.685,1980.005,1981.505,0
2023-12-11 12:00,1981.485,1982.985,1975.725,1980.725,0
2023-12-11 16:00,1980.745,1989.415,1980.605,1985.605,0
2023-12-11 20:00,1985.585,1986.345,1981.895,1985.585,0
2023-12-12 00:00,1985.665,1989.005,1983.625,1983.705,0
2023-12-12 04:00,1983.665,1989.015,1982.615,1988.215,0
2023-12-12 08:00,1988.315,1996.625,1979.105,1980.865,0
2023-12-12 12:00,1980.875,1981.285,1977.115,1979.455,0
2023-12-12 16:00,1979.465,1982.725,1978.785,1980.725,0
2023-12-12 20:00,1980.755,1981.585,1977.555,1978.205,0
2023-12-13 00:00,1978.215,1982.225,1972.935,1980.225,0
2023-12-13 04:00,1980.215,1983.495,1979.475,1981.375,0
2023-12-13 08:00,1981.395,1986.648,1978.335,1981.245,0
2023-12-13 12:00,1981.235,2024.275,1979.575,2023.845,0
2023-12-13 16:00,2023.865,2039.175,2021.475,2037.905,0
2023-12-13 20:00,2038.105,2038.125,2029.928,2031.135,0
2023-12-14 00:00,2031.095,2040.215,2029.165,2036.385,0
2023-12-14 04:00,2036.425,2039.135,2032.215,2038.745,0
2023-12-14 08:00,2038.875,2047.775,2027.445,2039.375,0
2023-12-14 12:00,2039.365,2039.545,2029.015,2036.265,0
2023-12-14 16:00,2036.165,2038.615,2031.225,2032.695,0
2023-12-14 20:00,2032.735,2037.375,2031.775,2036.585,0
2023-12-15 00:00,2036.605,2040.365,2034.198,2039.935,0
2023-12-15 04:00,2039.945,2044.815,2039.905,2040.995,0
2023-12-15 08:00,2041.095,2043.948,2026.838,2033.785,0
2023-12-15 12:00,2033.775,2034.348,2015.515,2017.878,0
2023-12-15 16:00,2017.878,2019.675,2017.728,2019.485,0
2023-12-17 16:00,2018.898,2020.675,2015.885,2019.935,0
2023-12-17 20:00,2019.825,2024.055,2018.655,2023.075,0
2023-12-18 00:00,2023.095,2026.155,2021.435,2024.285,0
2023-12-18 04:00,2024.305,2027.215,2018.658,2023.505,0
2023-12-18 08:00,2023.435,2026.805,2020.225,2022.175,0
2023-12-18 12:00,2022.255,2033.615,2021.145,2026.405,0
2023-12-18 16:00,2026.385,2029.215,2025.505,2027.155,0
2023-12-18 20:00,2027.175,2028.015,2021.605,2024.058,0
2023-12-19 00:00,2024.028,2028.365,2022.355,2027.035,0
2023-12-19 04:00,2027.045,2029.985,2024.118,2029.405,0
2023-12-19 08:00,2029.375,2046.905,2028.335,2044.228,0
2023-12-19 12:00,2044.215,2045.385,2036.568,2040.168,0
2023-12-19 16:00,2040.115,2041.535,2038.635,2039.135,0
2023-12-19 20:00,2039.205,2040.965,2036.605,2040.425,0
2023-12-20 00:00,2040.448,2043.375,2039.275,2040.955,0
2023-12-20 04:00,2040.975,2042.365,2031.695,2033.925,0
2023-12-20 08:00,2033.945,2039.755,2029.478,2034.675,0
2023-12-20 12:00,2034.745,2037.045,2029.455,2029.615,0
2023-12-20 16:00,2029.605,2034.075,2027.258,2033.565,0
2023-12-20 20:00,2033.585,2037.835,2033.295,2036.225,0
2023-12-21 00:00,2036.245,2038.098,2033.885,2036.375,0
2023-12-21 04:00,2036.375,2039.355,2032.925,2037.885,0
2023-12-21 08:00,2037.895,2045.865,2032.028,2041.595,0
2023-12-21 12:00,2041.615,2045.005,2037.375,2044.005,0
2023-12-21 16:00,2043.998,2054.875,2043.798,2048.055,0
2023-12-21 20:00,2048.075,2051.265,2046.715,2049.498,0
2023-12-22 00:00,2049.555,2052.028,2047.015,2051.305,0
2023-12-22 04:00,2051.358,2065.965,2051.328,2060.018,0
2023-12-22 08:00,2060.035,2070.525,2051.015,2053.205,0
2023-12-22 12:00,2053.205,2057.958,2051.588,2053.128,0
2023-12-22 16:00,2053.135,2053.618,2052.328,2052.908,0
2023-12-25 16:00,2053.025,2057.655,2052.895,2054.915,0
2023-12-25 20:00,2054.915,2065.025,2054.765,2063.918,0
2023-12-26 00:00,2063.928,2064.975,2061.215,2061.375,0
2023-12-26 04:00,2061.385,2064.035,2060.525,2061.735,0
2023-12-26 08:00,2061.605,2063.788,2054.465,2059.465,0
2023-12-26 12:00,2059.485,2068.514,2057.025,2068.248,0
2023-12-26 16:00,2068.248,2068.948,2063.825,2065.428,0
2023-12-26 20:00,2065.448,2067.755,2063.995,2065.755,0
2023-12-27 00:00,2065.745,2068.255,2064.198,2067.215,0
2023-12-27 04:00,2067.225,2070.195,2061.385,2067.575,0
2023-12-27 08:00,2067.565,2082.345,2066.025,2081.605,0
2023-12-27 12:00,2081.635,2084.345,2075.775,2077.998,0
2023-12-27 16:00,2077.998,2081.065,2076.508,2079.645,0
2023-12-27 20:00,2079.645,2088.355,2079.485,2086.465,0
2023-12-28 00:00,2086.445,2087.455,2076.515,2077.305,0
2023-12-28 04:00,2077.345,2079.195,2071.215,2076.405,0
2023-12-28 08:00,2076.375,2081.005,2071.865,2074.065,0
2023-12-28 12:00,2074.095,2076.025,2065.875,2066.405,0
2023-12-28 16:00,2066.475,2067.708,2064.448,2066.795,0
2023-12-28 20:00,2066.825,2071.245,2066.605,2069.865,0
2023-12-29 00:00,2069.855,2074.645,2068.578,2068.628,0
2023-12-29 04:00,2068.615,2069.645,2061.698,2065.335,0
2023-12-29 08:00,2065.315,2067.895,2058.105,2065.995,0
2023-12-29 12:00,2065.995,2068.065,2061.065,2063.055,0
2023-12-29 16:00,2063.105,2063.555,2062.338,2062.728,0
2024-01-01 16:00,2062.598,2066.595,2062.275,2065.358,0
2024-01-01 20:00,2065.358,2070.578,2063.915,2069.505,0
2024-01-02 00:00,2069.525,2076.665,2069.415,2073.235,0
2024-01-02 04:00,2073.235,2078.825,2064.995,2067.845,0
2024-01-02 08:00,2067.815,2070.965,2055.818,2066.005,0
2024-01-02 12:00,2066.085,2066.865,2057.915,2058.115,0
2024-01-02 16:00,2058.225,2062.045,2057.975,2060.105,0
2024-01-02 20:00,2060.115,2065.525,2059.475,2064.775,0
2024-01-03 00:00,2064.755,2065.835,2058.805,2059.908,0
2024-01-03 04:00,2059.965,2060.485,2041.685,2045.595,0
2024-01-03 08:00,2045.565,2048.698,2031.218,2032.345,0
2024-01-03 12:00,2032.405,2042.205,2030.515,2040.878,0
2024-01-03 16:00,2040.955,2043.835,2040.215,2042.065,0
2024-01-03 20:00,2042.075,2046.808,2040.055,2043.015,0
2024-01-04 00:00,2043.005,2049.445,2042.345,2046.715,0
2024-01-04 04:00,2046.695,2050.855,2043.245,2045.835,0
2024-01-04 08:00,2045.895,2047.625,2036.155,2044.675,0
2024-01-04 12:00,2044.725,2044.955,2040.765,2042.995,0
2024-01-04 16:00,2043.025,2044.665,2042.725,2044.265,0
2024-01-04 20:00,2044.275,2048.155,2043.995,2044.555,0
2024-01-05 00:00,2044.515,2046.925,2040.805,2042.385,0
2024-01-05 04:00,2042.305,2043.598,2037.035,2040.115,0
2024-01-05 08:00,2040.135,2063.838,2024.255,2044.948,0
2024-01-05 12:00,2044.925,2050.195,2040.335,2043.575,0
2024-01-05 16:00,2043.645,2046.068,2043.645,2045.355,0
2024-01-07 16:00,2044.385,2046.245,2042.805,2045.875,0
2024-01-07 20:00,2045.855,2046.525,2034.975,2035.715,0
2024-01-08 00:00,2035.665,2036.045,2026.925,2028.205,0
2024-01-08 04:00,2028.165,2031.685,2016.604,2024.585,0
2024-01-08 08:00,2024.605,2036.778,2018.345,2032.085,0
2024-01-08 12:00,2032.155,2033.015,2025.978,2027.048,0
2024-01-08 16:00,2027.048,2034.798,2026.998,2034.208,0
2024-01-08 20:00,2034.205,2035.775,2031.115,2032.795,0
2024-01-09 00:00,2032.815,2038.078,2030.245,2034.145,0
2024-01-09 04:00,2034.145,2038.428,2033.025,2036.255,0
2024-01-09 08:00,2036.295,2041.898,2026.015,2031.075,0
2024-01-09 12:00,2031.078,2031.945,2026.688,2028.315,0
2024-01-09 16:00,2028.335,2031.125,2028.275,2030.155,0
2024-01-09 20:00,2030.175,2032.785,2027.145,2029.725,0
2024-01-10 00:00,2029.785,2035.845,2023.795,2035.195,0
2024-01-10 04:00,2035.165,2040.135,2031.145,2031.415,0
2024-01-10 08:00,2031.435,2033.895,2024.635,2026.918,0
2024-01-10 12:00,2026.905,2027.628,2020.395,2023.495,0
2024-01-10 16:00,2023.485,2028.325,2023.128,2027.748,0
2024-01-10 20:00,2027.748,2032.185,2026.928,2031.995,0
2024-01-11 00:00,2032.095,2035.655,2030.295,2030.718,0
2024-01-11 04:00,2030.708,2034.935,2030.125,2032.315,0
2024-01-11 08:00,2032.325,2043.864,2013.545,2016.595,0
2024-01-11 12:00,2016.675,2028.475,2013.225,2027.395,0
2024-01-11 16:00,2027.415,2035.455,2027.093,2031.035,0
2024-01-11 20:00,2031.025,2035.575,2029.975,2034.578,0
2024-01-12 00:00,2034.578,2039.765,2033.575,2038.645,0
2024-01-12 04:00,2038.605,2053.625,2037.755,2047.665,0
2024-01-12 08:00,2047.765,2062.145,2044.258,2048.235,0
2024-01-12 12:00,2048.155,2048.505,2041.325,2043.815,0
2024-01-14 16:00,2048.498,2048.605,2045.675,2047.775,0
2024-01-14 20:00,2047.735,2057.985,2047.405,2054.235,0
2024-01-15 00:00,2054.215,2058.505,2052.765,2056.545,0
2024-01-15 04:00,2056.475,2056.925,2051.265,2052.655,0
2024-01-15 08:00,2052.725,2054.868,2049.29,2053.965,0
2024-01-15 12:00,2053.945,2056.218,2053.458,2054.505,0
2024-01-15 16:00,2053.914,2055.495,2050.685,2051.345,0
2024-01-15 20:00,2051.335,2053.238,2048.265,2049.325,0
2024-01-16 00:00,2049.345,2050.825,2042.025,2043.015,0
2024-01-16 04:00,2042.995,2043.825,2035.535,2038.365,0
2024-01-16 08:00,2038.335,2044.915,2031.275,2033.358,0
2024-01-16 12:00,2033.355,2033.715,2024.165,2028.128,0
2024-01-16 16:00,2028.128,2028.805,2025.515,2028.405,0
2024-01-16 20:00,2028.344,2032.815,2023.185,2025.355,0
2024-01-17 00:00,2025.335,2026.498,2017.598,2021.365,0
2024-01-17 04:00,2021.325,2028.898,2018.915,2028.255,0
2024-01-17 08:00,2028.325,2028.568,2004.215,2005.365,0
2024-01-17 12:00,2005.345,2007.975,2001.755,2006.015,0
2024-01-17 16:00,2006.045,2010.758,2004.905,2010.658,0
2024-01-17 20:00,2010.678,2012.055,2006.345,2008.035,0
2024-01-18 00:00,2008.045,2014.045,2005.705,2009.595,0
2024-01-18 04:00,2009.585,2017.155,2008.075,2014.885,0
2024-01-18 08:00,2014.885,2017.635,2007.175,2014.805,0
2024-01-18 12:00,2014.805,2022.565,2013.165,2022.195,0
2024-01-18 16:00,2022.155,2024.555,2021.095,2023.005,0
2024-01-18 20:00,2022.995,2025.475,2020.625,2020.995,0
2024-01-19 00:00,2020.975,2030.115,2020.325,2029.635,0
2024-01-19 04:00,2029.625,2035.055,2027.525,2032.735,0
2024-01-19 08:00,2032.725,2039.278,2023.035,2024.745,0
2024-01-19 12:00,2024.765,2029.475,2024.265,2028.295,0
2024-01-19 16:00,2028.225,2029.815,2028.058,2029.375,0
2024-01-21 16:00,2029.715,2029.715,2025.385,2028.925,0
2024-01-21 20:00,2028.945,2032.005,2024.565,2025.405,0
2024-01-22 00:00,2025.335,2026.165,2018.985,2022.155,0
2024-01-22 04:00,2022.155,2030.028,2020.495,2029.558,0
2024-01-22 08:00,2029.555,2029.588,2016.448,2023.535,0
2024-01-22 12:00,2023.505,2024.438,2019.055,2020.745,0
2024-01-22 16:00,2020.725,2023.025,2020.135,2022.665,0
2024-01-22 20:00,2022.665,2027.855,2019.515,2027.508,0
2024-01-23 00:00,2027.494,2037.808,2027.165,2028.875,0
2024-01-23 04:00,2028.875,2030.405,2022.298,2025.578,0
2024-01-23 08:00,2025.578,2030.265,2021.325,2025.635,0
2024-01-23 12:00,2025.638,2030.558,2022.565,2028.575,0
2024-01-23 16:00,2028.555,2029.555,2026.915,2027.345,0
2024-01-23 20:00,2027.325,2028.925,2023.628,2024.405,0
2024-01-24 00:00,2024.395,2032.175,2022.725,2030.795,0
2024-01-24 04:00,2030.775,2034.298,2029.165,2032.635,0
2024-01-24 08:00,2032.635,2036.575,2011.825,2015.195,0
2024-01-24 12:00,2015.215,2019.715,2011.105,2012.195,0
2024-01-24 16:00,2012.205,2017.565,2011.955,2015.385,0
2024-01-24 20:00,2015.375,2017.175,2014.435,2015.665,0
2024-01-25 00:00,2015.665,2018.225,2012.555,2013.745,0
2024-01-25 04:00,2013.745,2019.445,2012.715,2013.665,0
2024-01-25 08:00,2013.665,2025.175,2009.455,2014.455,0
2024-01-25 12:00,2014.475,2020.225,2012.415,2020.035,0
2024-01-25 16:00,2020.035,2021.811,2018.275,2021.105,0
2024-01-25 20:00,2021.105,2024.125,2020.945,2021.115,0
2024-01-26 00:00,2021.075,2023.395,2019.735,2020.385,0
2024-01-26 04:00,2020.415,2024.545,2018.105,2021.175,0
2024-01-26 08:00,2021.175,2026.715,2015.845,2018.095,0
2024-01-26 12:00,2018.055,2019.205,2015.955,2018.465,0
2024-01-26 16:00,2018.405,2019.055,2017.875,2017.915,0
2024-01-28 16:00,2024.215,2028.384,2019.195,2021.535,0
2024-01-28 20:00,2021.445,2027.445,2021.015,2026.185,0
2024-01-29 00:00,2026.205,2033.795,2024.625,2031.505,0
2024-01-29 04:00,2031.525,2031.865,2025.358,2028.335,0
2024-01-29 08:00,2028.445,2037.465,2020.485,2027.005,0
2024-01-29 12:00,2027.025,2035.145,2025.045,2032.608,0
2024-01-29 16:00,2032.485,2034.025,2029.055,2033.525,0
2024-01-29 20:00,2033.515,2033.905,2029.745,2031.705,0
2024-01-30 00:00,2031.595,2040.285,2031.485,2038.215,0
2024-01-30 04:00,2038.265,2038.555,2031.298,2035.875,0
2024-01-30 08:00,2035.895,2048.448,2028.935,2035.805,0
2024-01-30 12:00,2035.805,2036.918,2031.345,2035.878,0
2024-01-30 16:00,2035.835,2038.528,2035.545,2035.985,0
2024-01-30 20:00,2035.945,2037.105,2032.735,2034.475,0
2024-01-31 00:00,2034.465,2040.305,2033.165,2038.955,0
2024-01-31 04:00,2038.915,2039.675,2036.425,2038.358,0
2024-01-31 08:00,2038.358,2055.878,2035.955,2049.895,0
2024-01-31 12:00,2049.835,2050.975,2031.0,2034.785,0
2024-01-31 16:00,2034.755,2042.575,2033.265,2040.645,0
2024-01-31 20:00,2040.645,2049.475,2039.908,2045.634,0
2024-02-01 00:00,2045.605,2046.215,2038.885,2041.875,0
2024-02-01 04:00,2041.845,2042.735,2029.905,2034.165,0
2024-02-01 08:00,2034.135,2065.348,2030.745,2059.245,0
2024-02-01 12:00,2059.265,2062.345,2051.158,2055.495,0
2024-02-01 16:00,2055.405,2056.845,2053.765,2054.905,0
2024-02-01 20:00,2054.935,2055.935,2051.775,2054.965,0
2024-02-02 00:00,2054.945,2056.855,2053.595,2053.945,0
2024-02-02 04:00,2053.905,2056.265,2052.595,2055.115,0
2024-02-02 08:00,2055.185,2057.545,2027.635,2036.165,0
2024-02-02 12:00,2036.215,2038.665,2033.838,2035.945,0
2024-02-02 16:00,2036.005,2039.735,2036.005,2039.275,0
2024-02-04 16:00,2040.054,2042.034,2033.545,2035.575,0
2024-02-04 20:00,2035.535,2038.645,2030.108,2031.825,0
2024-02-05 00:00,2031.785,2031.965,2021.385,2023.365,0
2024-02-05 04:00,2023.355,2028.258,2020.555,2022.558,0
2024-02-05 08:00,2022.505,2023.558,2014.835,2022.088,0
2024-02-05 12:00,2022.065,2027.465,2021.245,2024.895,0
2024-02-05 16:00,2024.895,2027.555,2023.665,2026.744,0
2024-02-05 20:00,2026.735,2028.505,2023.395,2026.245,0
2024-02-06 00:00,2026.285,2029.715,2023.285,2023.735,0
2024-02-06 04:00,2023.705,2027.828,2022.795,2027.685,0
2024-02-06 08:00,2027.635,2038.785,2026.175,2036.498,0
2024-02-06 12:00,2036.495,2038.295,2032.005,2035.655,0
2024-02-06 16:00,2035.635,2036.078,2034.325,2034.995,0
2024-02-06 20:00,2034.995,2035.755,2033.965,2035.145,0
2024-02-07 00:00,2035.125,2036.085,2031.138,2032.805,0
2024-02-07 04:00,2032.845,2035.705,2030.505,2033.385,0
2024-02-07 08:00,2033.475,2044.465,2032.265,2038.325,0
2024-02-07 12:00,2038.255,2038.365,2034.0,2034.638,0
2024-02-07 16:00,2034.635,2037.665,2033.605,2037.205,0
2024-02-07 20:00,2037.255,2038.635,2031.605,2032.125,0
2024-02-08 00:00,2032.045,2035.045,2028.835,2030.735,0
2024-02-08 04:00,2030.725,2038.355,2023.555,2024.865,0
2024-02-08 08:00,2024.945,2033.935,2020.095,2031.835,0
2024-02-08 12:00,2031.845,2035.175,2030.245,2032.885,0
2024-02-08 16:00,2032.915,2034.848,2031.785,2031.975,0
2024-02-08 20:00,2031.975,2034.978,2031.975,2032.655,0
2024-02-09 00:00,2032.615,2034.825,2030.425,2032.325,0
2024-02-09 04:00,2032.325,2033.495,2028.475,2028.725,0
2024-02-09 08:00,2028.705,2037.058,2020.195,2021.535,0
2024-02-09 12:00,2021.455,2026.245,2021.185,2025.035,0
2024-02-09 16:00,2025.035,2025.505,2023.795,2024.155,0
2024-02-11 16:00,2023.495,2026.708,2023.194,2025.065,0
2024-02-11 20:00,2025.095,2026.505,2021.755,2023.075,0
2024-02-12 00:00,2023.105,2027.158,2022.865,2023.605,0
2024-02-12 04:00,2023.565,2023.775,2019.915,2021.325,0
2024-02-12 08:00,2021.395,2027.505,2011.795,2015.865,0
2024-02-12 12:00,2015.865,2021.448,2015.575,2019.955,0
2024-02-12 16:00,2020.035,2020.408,2018.235,2019.398,0
2024-02-12 20:00,2019.334,2021.125,2016.785,2018.895,0
2024-02-13 00:00,2018.905,2026.195,2018.905,2026.075,0
2024-02-13 04:00,2026.005,2029.255,2025.095,2028.175,0
2024-02-13 08:00,2028.155,2032.845,1989.985,1994.815,0
2024-02-13 12:00,1994.845,1995.935,1991.165,1992.525,0
2024-02-13 16:00,1992.545,1993.468,1990.655,1992.555,0
2024-02-13 20:00,1992.605,1993.515,1988.735,1992.285,0
2024-02-14 00:00,1992.265,1993.245,1985.945,1988.355,0
2024-02-14 04:00,1988.375,1993.315,1988.298,1990.175,0
2024-02-14 08:00,1990.195,1993.545,1984.088,1993.075,0
2024-02-14 12:00,1993.055,1996.025,1989.535,1991.025,0
2024-02-14 16:00,1990.945,1994.165,1990.258,1993.585,0
2024-02-14 20:00,1993.535,1994.195,1990.175,1991.945,0
2024-02-15 00:00,1991.925,1995.935,1991.495,1995.065,0
2024-02-15 04:00,1995.068,1999.035,1993.775,1997.915,0
2024-02-15 08:00,1997.915,2008.175,1995.585,2000.085,0
2024-02-15 12:00,2000.105,2006.375,2000.005,2004.315,0
2024-02-15 16:00,2004.335,2004.658,2002.228,2002.428,0
2024-02-15 20:00,2002.428,2005.555,2002.278,2003.555,0
2024-02-16 00:00,2003.535,2006.405,2002.625,2004.875,0
2024-02-16 04:00,2004.905,2008.045,2004.105,2006.755,0
2024-02-16 08:00,2006.705,2010.915,1994.985,2009.125,0
2024-02-16 12:00,2009.115,2015.095,2008.635,2011.835,0
2024-02-16 16:00,2011.855,2013.835,2011.855,2013.055,0
2024-02-18 16:00,2014.595,2019.995,2009.935,2018.715,0
2024-02-18 20:00,2018.705,2022.785,2016.295,2018.985,0
2024-02-19 00:00,2018.985,2022.895,2018.475,2020.075,0
2024-02-19 04:00,2020.095,2020.635,2015.905,2016.685,0
2024-02-19 08:00,2016.665,2019.158,2013.185,2016.145,0
2024-02-19 12:00,2016.165,2018.435,2015.925,2017.775,0
2024-02-19 16:00,2017.498,2017.855,2014.945,2016.135,0
2024-02-19 20:00,2016.135,2019.645,2015.135,2019.405,0
2024-02-20 00:00,2019.465,2022.885,2017.635,2022.735,0
2024-02-20 04:00,2022.678,2027.915,2022.435,2026.565,0
2024-02-20 08:00,2026.595,2030.765,2025.315,2026.805,0
2024-02-20 12:00,2026.805,2028.785,2023.465,2024.225,0
2024-02-20 16:00,2024.315,2024.885,2022.835,2023.455,0
2024-02-20 20:00,2023.465,2031.195,2023.215,2030.765,0
2024-02-21 00:00,2030.825,2032.195,2026.105,2026.455,0
2024-02-21 04:00,2026.445,2030.075,2025.845,2029.355,0
2024-02-21 08:00,2029.335,2031.475,2023.135,2023.855,0
2024-02-21 12:00,2023.905,2026.895,2019.915,2024.268,0
2024-02-21 16:00,2024.265,2026.685,2023.858,2026.375,0
2024-02-21 20:00,2026.395,2028.835,2025.448,2028.745,0
2024-02-22 00:00,2028.815,2034.708,2028.098,2033.135,0
2024-02-22 04:00,2033.155,2033.155,2027.155,2028.175,0
2024-02-22 08:00,2028.195,2028.485,2019.725,2020.865,0
2024-02-22 12:00,2020.885,2024.598,2019.555,2024.528,0
2024-02-22 16:00,2024.528,2026.075,2022.685,2024.395,0
2024-02-22 20:00,2024.394,2027.295,2023.955,2025.995,0
2024-02-23 00:00,2026.035,2026.095,2018.025,2019.455,0
2024-02-23 04:00,2019.445,2028.695,2015.955,2027.905,0
2024-02-23 08:00,2027.935,2038.455,2024.065,2038.265,0
2024-02-23 12:00,2038.335,2041.285,2035.605,2036.535,0
2024-02-23 16:00,2036.465,2036.515,2034.955,2035.215,0
2024-02-25 16:00,2034.295,2034.865,2029.795,2030.235,0
2024-02-25 20:00,2030.255,2033.955,2029.775,2032.155,0
2024-02-26 00:00,2032.095,2036.965,2031.795,2033.965,0
2024-02-26 04:00,2033.935,2035.325,2030.645,2032.775,0
2024-02-26 08:00,2032.694,2034.328,2024.975,2027.685,0
2024-02-26 12:00,2027.715,2033.555,2026.475,2032.208,0
2024-02-26 16:00,2032.198,2032.425,2030.398,2031.425,0
2024-02-26 20:00,2031.445,2034.495,2031.185,2033.675,0
2024-02-27 00:00,2033.685,2039.375,2032.745,2038.005,0
2024-02-27 04:00,2038.025,2038.978,2034.525,2038.215,0
2024-02-27 08:00,2038.235,2038.565,2031.715,2033.015,0
2024-02-27 12:00,2033.045,2035.965,2028.725,2030.065,0
2024-02-27 16:00,2030.065,2031.175,2029.075,2030.725,0
2024-02-27 20:00,2030.725,2033.625,2029.645,2030.118,0
2024-02-28 00:00,2030.064,2031.965,2026.575,2026.695,0
2024-02-28 04:00,2026.655,2030.345,2024.355,2029.475,0
2024-02-28 08:00,2029.478,2037.805,2028.958,2033.505,0
2024-02-28 12:00,2033.525,2035.478,2030.738,2033.658,0
2024-02-28 16:00,2033.645,2035.505,2032.975,2034.095,0
2024-02-28 20:00,2034.095,2037.015,2034.095,2035.048,0
2024-02-29 00:00,2035.085,2037.735,2034.355,2037.135,0
2024-02-29 04:00,2037.255,2037.385,2028.015,2030.155,0
2024-02-29 08:00,2030.165,2050.605,2030.095,2044.835,0
2024-02-29 12:00,2044.804,2046.785,2043.138,2043.935,0
2024-02-29 16:00,2043.995,2044.235,2042.765,2043.594,0
2024-02-29 20:00,2043.594,2046.755,2042.955,2045.425,0
2024-03-01 00:00,2045.505,2048.745,2038.915,2039.745,0
2024-03-01 04:00,2039.725,2057.395,2039.365,2052.275,0
2024-03-01 08:00,2052.258,2081.865,2045.495,2081.045,0
2024-03-01 12:00,2080.875,2088.215,2079.925,2083.375,0
2024-03-01 16:00,2083.375,2083.898,2082.345,2082.395,0
2024-03-03 16:00,2081.835,2086.145,2081.835,2082.535,0
2024-03-03 20:00,2082.635,2083.365,2079.308,2080.715,0
2024-03-04 00:00,2080.635,2088.195,2080.395,2083.765,0
2024-03-04 04:00,2083.785,2086.065,2081.755,2082.465,0
2024-03-04 08:00,2082.465,2119.805,2081.018,2119.178,0
2024-03-04 12:00,2119.165,2119.648,2113.208,2116.585,0
2024-03-04 16:00,2116.555,2117.205,2113.295,2115.395,0
2024-03-04 20:00,2115.345,2116.725,2110.375,2115.815,0
2024-03-05 00:00,2115.765,2123.275,2113.845,2120.575,0
2024-03-05 04:00,2120.645,2127.235,2118.925,2124.278,0
2024-03-05 08:00,2124.295,2141.748,2122.265,2128.225,0
2024-03-05 12:00,2128.258,2134.655,2127.425,2129.528,0
2024-03-05 16:00,2129.528,2129.958,2126.035,2126.805,0
2024-03-05 20:00,2126.805,2127.918,2123.615,2126.115,0
2024-03-06 00:00,2126.085,2131.445,2124.255,2124.975,0
2024-03-06 04:00,2124.975,2134.958,2124.575,2134.125,0
2024-03-06 08:00,2134.105,2149.755,2131.345,2148.078,0
2024-03-06 12:00,2148.078,2152.085,2139.345,2146.615,0
2024-03-06 16:00,2146.555,2151.135,2144.445,2148.815,0
2024-03-06 20:00,2148.855,2161.435,2144.048,2158.115,0
2024-03-07 00:00,2158.125,2159.735,2151.435,2155.225,0
2024-03-07 04:00,2155.225,2158.845,2153.128,2158.295,0
2024-03-07 08:00,2158.295,2164.635,2147.825,2156.095,0
2024-03-07 12:00,2156.115,2160.785,2155.185,2158.535,0
2024-03-07 16:00,2158.575,2163.475,2158.275,2160.775,0
2024-03-07 20:00,2160.795,2161.675,2153.895,2157.625,0
2024-03-08 00:00,2157.665,2168.615,2156.385,2165.085,0
2024-03-08 04:00,2165.125,2170.995,2164.525,2165.905,0
2024-03-08 08:00,2165.905,2185.305,2155.778,2180.575,0
2024-03-08 12:00,2180.585,2195.085,2168.215,2177.185,0
2024-03-08 16:00,2177.114,2179.155,2176.755,2178.965,0
2024-03-10 16:00,2179.015,2188.925,2177.005,2186.595,0
2024-03-10 20:00,2186.605,2186.685,2176.755,2180.585,0
2024-03-11 00:00,2180.615,2182.958,2176.625,2177.335,0
2024-03-11 04:00,2177.325,2181.445,2175.785,2177.035,0
2024-03-11 08:00,2177.015,2185.595,2174.695,2180.715,0
2024-03-11 12:00,2180.755,2184.048,2177.045,2182.085,0
2024-03-11 16:00,2182.008,2184.625,2180.165,2180.335,0
2024-03-11 20:00,2180.345,2183.005,2176.695,2178.085,0
2024-03-12 00:00,2178.095,2179.075,2173.485,2177.715,0
2024-03-12 04:00,2177.745,2181.868,2160.908,2169.675,0
2024-03-12 08:00,2169.655,2169.795,2152.545,2165.655,0
2024-03-12 12:00,2165.648,2165.648,2150.455,2158.045,0
2024-03-12 16:00,2157.538,2161.335,2155.665,2159.215,0
2024-03-12 20:00,2159.235,2161.495,2157.198,2159.255,0
2024-03-13 00:00,2159.215,2161.408,2157.835,2158.115,0
2024-03-13 04:00,2158.105,2166.185,2157.395,2163.408,0
2024-03-13 08:00,2163.405,2174.575,2161.345,2173.585,0
2024-03-13 12:00,2173.585,2179.745,2171.665,2174.065,0
2024-03-13 16:00,2173.568,2176.495,2173.485,2176.195,0
2024-03-13 20:00,2176.255,2176.848,2170.915,2171.635,0
2024-03-14 00:00,2171.595,2171.845,2167.325,2169.465,0
2024-03-14 04:00,2169.475,2171.935,2160.345,2162.675,0
2024-03-14 08:00,2162.655,2167.145,2152.665,2158.548,0
2024-03-14 12:00,2158.544,2164.905,2157.928,2161.765,0
2024-03-14 16:00,2161.338,2163.035,2160.485,2162.575,0
2024-03-14 20:00,2162.575,2165.875,2161.575,2164.365,0
2024-03-15 00:00,2164.435,2169.975,2163.485,2168.895,0
2024-03-15 04:00,2168.925,2172.615,2157.475,2161.705,0
2024-03-15 08:00,2161.695,2166.615,2156.435,2158.685,0
2024-03-15 12:00,2158.715,2160.495,2155.115,2155.625,0
2024-03-17 16:00,2155.395,2157.435,2151.435,2156.515,0
2024-03-17 20:00,2156.505,2156.535,2145.985,2147.255,0
2024-03-18 00:00,2147.195,2154.385,2145.985,2153.378,0
2024-03-18 04:00,2153.378,2163.455,2153.208,2158.985,0
2024-03-18 08:00,2158.955,2161.178,2154.465,2159.805,0
2024-03-18 12:00,2159.815,2161.048,2158.015,2159.995,0
2024-03-18 16:00,2159.698,2162.745,2159.698,2160.545,0
2024-03-18 20:00,2160.545,2162.675,2158.485,2160.165,0
2024-03-19 00:00,2160.165,2160.375,2147.045,2153.015,0
2024-03-19 04:00,2153.055,2158.535,2150.645,2156.865,0
2024-03-19 08:00,2156.845,2158.615,2148.285,2154.425,0
2024-03-19 12:00,2154.445,2158.355,2154.245,2156.995,0
2024-03-19 16:00,2157.298,2159.565,2155.125,2157.075,0
2024-03-19 20:00,2157.105,2160.135,2156.535,2156.785,0
2024-03-20 00:00,2156.795,2159.378,2154.375,2156.085,0
2024-03-20 04:00,2156.085,2156.105,2149.475,2153.105,0
2024-03-20 08:00,2153.155,2164.755,2150.385,2157.585,0
2024-03-20 12:00,2157.605,2188.735,2156.485,2185.855,0
2024-03-20 16:00,2186.255,2222.875,2186.185,2198.865,0
2024-03-20 20:00,2198.825,2212.275,2197.865,2203.185,0
2024-03-21 00:00,2203.205,2210.095,2196.735,2201.455,0
2024-03-21 04:00,2201.515,2211.685,2199.795,2207.595,0
2024-03-21 08:00,2207.615,2208.035,2166.264,2179.815,0
2024-03-21 12:00,2179.815,2183.875,2178.425,2180.815,0
2024-03-21 16:00,2181.285,2185.965,2180.698,2184.895,0
2024-03-21 20:00,2184.885,2185.805,2171.735,2173.505,0
2024-03-22 00:00,2173.505,2176.175,2162.475,2167.865,0
2024-03-22 04:00,2167.895,2176.108,2165.075,2174.495,0
2024-03-22 08:00,2174.485,2180.035,2161.525,2162.595,0
2024-03-22 12:00,2162.545,2167.155,2157.035,2165.055,0
2024-03-24 16:00,2165.475,2169.355,2163.965,2165.435,0
2024-03-24 20:00,2165.465,2178.245,2163.885,2169.345,0
2024-03-25 00:00,2169.375,2170.985,2163.455,2165.605,0
2024-03-25 04:00,2165.625,2176.935,2164.225,2174.415,0
2024-03-25 08:00,2174.405,2181.205,2172.925,2175.705,0
2024-03-25 12:00,2175.715,2176.555,2170.615,2171.235,0
2024-03-25 16:00,2171.195,2174.295,2171.088,2173.745,0
2024-03-25 20:00,2173.765,2174.235,2167.458,2172.215,0
2024-03-26 00:00,2172.185,2179.145,2169.525,2178.215,0
2024-03-26 04:00,2178.215,2199.995,2178.215,2187.825,0
2024-03-26 08:00,2187.845,2192.748,2171.595,2176.688,0
2024-03-26 12:00,2176.665,2179.095,2174.508,2178.515,0
2024-03-26 16:00,2178.065,2180.085,2176.625,2177.385,0
2024-03-26 20:00,2177.355,2181.615,2173.275,2178.285,0
2024-03-27 00:00,2178.265,2182.585,2175.625,2177.345,0
2024-03-27 04:00,2177.305,2197.505,2176.495,2185.968,0
2024-03-27 08:00,2185.975,2195.125,2183.435,2192.335,0
2024-03-27 12:00,2192.315,2195.065,2188.925,2194.335,0
2024-03-27 16:00,2193.998,2194.065,2187.225,2188.958,0
2024-03-27 20:00,2188.965,2196.775,2187.378,2195.565,0
2024-03-28 00:00,2195.555,2200.545,2190.725,2194.635,0
2024-03-28 04:00,2194.645,2216.805,2192.385,2215.605,0
2024-03-28 08:00,2215.615,2225.365,2202.094,2220.285,0
2024-03-28 12:00,2220.305,2236.015,2216.608,2232.698,0
2024-03-31 16:00,2238.435,2245.185,2234.845,2236.805,0
2024-03-31 20:00,2245.935,2265.035,2243.755,2264.325,0
2024-04-01 00:00,2264.345,2265.585,2256.785,2257.358,0
2024-04-01 04:00,2257.355,2260.085,2245.435,2246.745,0
2024-04-01 08:00,2246.745,2257.758,2228.395,2239.625,0
2024-04-01 12:00,2239.605,2244.648,2234.635,2244.648,0
2024-04-01 16:00,2244.648,2255.745,2242.948,2248.885,0
2024-04-01 20:00,2248.865,2255.165,2246.585,2251.485,0
2024-04-02 00:00,2251.585,2259.798,2250.295,2256.315,0
2024-04-02 04:00,2256.315,2266.695,2255.168,2260.495,0
2024-04-02 08:00,2260.555,2276.858,2250.785,2258.528,0
2024-04-02 12:00,2258.525,2279.325,2254.035,2277.348,0
2024-04-02 16:00,2277.375,2288.185,2275.635,2279.845,0
2024-04-02 20:00,2279.674,2287.885,2276.564,2284.985,0
2024-04-03 00:00,2285.025,2286.898,2270.338,2271.075,0
2024-04-03 04:00,2271.065,2275.995,2267.558,2273.598,0
2024-04-03 08:00,2273.565,2288.245,2265.405,2286.215,0
2024-04-03 12:00,2286.215,2298.745,2280.605,2297.365,0
2024-04-03 16:00,2297.485,2302.555,2296.245,2297.445,0
2024-04-03 20:00,2297.515,2304.795,2297.235,2299.015,0
2024-04-04 00:00,2299.078,2300.558,2291.755,2292.925,0
2024-04-04 04:00,2292.904,2295.045,2288.745,2289.205,0
2024-04-04 08:00,2289.235,2299.305,2282.604,2291.985,0
2024-04-04 12:00,2291.914,2305.425,2279.688,2284.775,0
2024-04-04 16:00,2284.725,2293.265,2284.725,2288.635,0
2024-04-04 20:00,2288.675,2290.255,2267.605,2276.595,0
2024-04-05 00:00,2276.655,2290.495,2276.455,2289.075,0
2024-04-05 04:00,2289.045,2295.985,2284.768,2291.055,0
2024-04-05 08:00,2290.905,2328.278,2280.235,2326.085,0
2024-04-05 12:00,2326.085,2330.345,2320.575,2323.115,0
2024-04-05 16:00,2323.165,2330.025,2322.745,2328.195,0
2024-04-07 16:00,2323.125,2328.255,2303.705,2311.115,0
2024-04-07 20:00,2311.195,2353.835,2302.755,2345.425,0
2024-04-08 00:00,2345.435,2345.505,2331.705,2337.695,0
2024-04-08 04:00,2337.695,2343.435,2333.215,2337.225,0
2024-04-08 08:00,2337.235,2337.905,2318.575,2327.795,0
2024-04-08 12:00,2327.885,2341.905,2325.925,2338.305,0
2024-04-08 16:00,2338.305,2340.375,2336.795,2338.685,0
2024-04-08 20:00,2338.685,2348.345,2337.725,2343.855,0
2024-04-09 00:00,2343.855,2356.805,2342.948,2353.855,0
2024-04-09 04:00,2353.855,2365.185,2349.465,2354.455,0
2024-04-09 08:00,2354.455,2364.135,2338.125,2340.225,0
2024-04-09 12:00,2340.218,2351.428,2339.975,2351.055,0
2024-04-09 16:00,2351.055,2355.148,2350.328,2354.775,0
2024-04-09 20:00,2354.715,2355.465,2344.665,2351.225,0
2024-04-10 00:00,2351.205,2360.065,2350.825,2352.965,0
2024-04-10 04:00,2353.138,2355.795,2344.715,2346.935,0
2024-04-10 08:00,2346.915,2352.285,2319.265,2336.925,0
2024-04-10 12:00,2336.895,2345.125,2325.715,2329.625,0
2024-04-10 16:00,2329.505,2337.175,2329.465,2335.435,0
2024-04-10 20:00,2335.495,2346.765,2333.195,2343.825,0
2024-04-11 00:00,2343.835,2346.005,2333.785,2336.325,0
2024-04-11 04:00,2336.345,2339.498,2325.655,2337.135,0
2024-04-11 08:00,2337.135,2347.345,2331.645,2344.655,0
2024-04-11 12:00,2344.665,2374.505,2342.575,2372.745,0
2024-04-11 16:00,2372.885,2379.455,2370.724,2376.725,0
2024-04-11 20:00,2376.965,2395.265,2374.485,2384.105,0
2024-04-12 00:00,2384.095,2400.215,2382.685,2399.865,0
2024-04-12 04:00,2399.875,2400.575,2390.315,2395.325,0
2024-04-12 08:00,2395.325,2431.385,2381.945,2395.505,0
2024-04-12 12:00,2395.435,2395.435,2333.755,2343.295,0
2024-04-12 16:00,2343.295,2345.005,2341.635,2343.285,0
2024-04-14 16:00,2352.098,2372.435,2346.735,2364.585,0
2024-04-14 20:00,2364.645,2365.755,2348.255,2358.475,0
2024-04-15 00:00,2358.385,2362.335,2349.865,2353.035,0
2024-04-15 04:00,2353.015,2361.075,2344.615,2357.875,0
2024-04-15 08:00,2357.878,2361.015,2323.858,2351.555,0
2024-04-15 12:00,2351.555,2387.448,2346.065,2386.305,0
2024-04-15 16:00,2386.305,2392.035,2379.985,2381.825,0
2024-04-15 20:00,2381.744,2389.198,2379.185,2387.818,0
2024-04-16 00:00,2387.825,2388.935,2362.844,2365.385,0
2024-04-16 04:00,2365.445,2375.228,2365.035,2373.888,0
2024-04-16 08:00,2373.878,2392.908,2363.435,2385.865,0
2024-04-16 12:00,2385.928,2398.128,2379.615,2389.528,0
2024-04-16 16:00,2389.485,2390.175,2378.275,2382.575,0
2024-04-16 20:00,2382.585,2386.105,2380.615,2381.605,0
2024-04-17 00:00,2381.588,2383.185,2372.575,2382.378,0
2024-04-17 04:00,2382.378,2394.165,2382.378,2387.195,0
2024-04-17 08:00,2387.215,2395.448,2378.248,2382.075,0
2024-04-17 12:00,2382.075,2384.335,2360.955,2372.555,0
2024-04-17 16:00,2372.545,2373.195,2354.435,2367.815,0
2024-04-17 20:00,2367.815,2375.205,2363.965,2374.735,0
2024-04-18 00:00,2374.655,2380.855,2373.148,2377.715,0
2024-04-18 04:00,2377.698,2385.195,2377.155,2380.795,0
2024-04-18 08:00,2380.795,2392.624,2369.468,2383.978,0
2024-04-18 12:00,2383.978,2389.228,2378.025,2380.095,0
2024-04-18 16:00,2380.095,2381.375,2376.845,2379.795,0
2024-04-18 20:00,2379.685,2417.745,2373.685,2391.235,0
2024-04-19 00:00,2391.235,2393.795,2378.505,2385.255,0
2024-04-19 04:00,2385.195,2386.208,2372.805,2376.735,0
2024-04-19 08:00,2376.735,2395.895,2373.005,2394.765,0
2024-04-19 12:00,2394.715,2401.845,2386.565,2387.495,0
2024-04-19 16:00,2387.455,2392.088,2386.595,2390.295,0
2024-04-21 16:00,2387.635,2388.425,2381.275,2386.405,0
2024-04-21 20:00,2386.405,2386.455,2361.664,2369.285,0
2024-04-22 00:00,2369.345,2372.805,2351.265,2360.865,0
2024-04-22 04:00,2360.845,2363.565,2339.295,2342.085,0
2024-04-22 08:00,2342.085,2350.228,2330.965,2334.595,0
2024-04-22 12:00,2334.595,2336.345,2324.555,2329.145,0
2024-04-22 16:00,2329.125,2333.815,2325.225,2333.665,0
2024-04-22 20:00,2333.595,2334.305,2295.408,2302.465,0
2024-04-23 00:00,2302.485,2314.605,2298.718,2308.895,0
2024-04-23 04:00,2308.905,2309.605,2291.265,2302.035,0
2024-04-23 08:00,2302.055,2332.045,2301.125,2323.145,0
2024-04-23 12:00,2323.125,2331.214,2321.115,2322.168,0
2024-04-23 16:00,2322.198,2324.165,2321.205,2323.155,0
2024-04-23 20:00,2323.215,2328.045,2315.725,2327.815,0
2024-04-24 00:00,2327.815,2331.215,2320.575,2320.575,0
2024-04-24 04:00,2320.595,2321.835,2311.635,2316.035,0
2024-04-24 08:00,2316.015,2337.128,2311.985,2322.465,0
2024-04-24 12:00,2322.455,2330.395,2317.665,2318.858,0
2024-04-24 16:00,2318.885,2319.455,2313.555,2316.085,0
2024-04-24 20:00,2316.085,2321.985,2304.898,2313.075,0
2024-04-25 00:00,2313.084,2326.075,2312.275,2325.555,0
2024-04-25 04:00,2325.555,2330.478,2323.995,2328.425,0
2024-04-25 08:00,2328.425,2344.708,2312.734,2330.265,0
2024-04-25 12:00,2330.265,2336.288,2322.855,2332.795,0
2024-04-25 16:00,2332.815,2333.578,2329.995,2330.545,0
2024-04-25 20:00,2330.535,2336.128,2326.165,2334.565,0
2024-04-26 00:00,2334.575,2347.088,2333.435,2345.405,0
2024-04-26 04:00,2345.415,2352.418,2343.268,2344.775,0
2024-04-26 08:00,2344.785,2351.428,2328.605,2336.615,0
2024-04-26 12:00,2336.595,2341.275,2332.565,2339.915,0
2024-04-26 16:00,2339.915,2340.045,2336.298,2337.245,0
2024-04-28 16:00,2336.065,2337.095,2332.405,2335.845,0
2024-04-28 20:00,2335.775,2336.145,2319.728,2328.338,0
2024-04-29 00:00,2328.338,2337.805,2327.255,2337.165,0
2024-04-29 04:00,2337.065,2344.285,2335.295,2336.955,0
2024-04-29 08:00,2336.965,2339.358,2325.455,2337.695,0
2024-04-29 12:00,2337.735,2346.585,2332.895,2335.615,0
2024-04-29 16:00,2335.605,2337.005,2332.705,2333.025,0
2024-04-29 20:00,2333.005,2336.055,2326.745,2329.054,0
2024-04-30 00:00,2329.045,2329.385,2315.215,2317.445,0
2024-04-30 04:00,2317.455,2318.375,2309.435,2312.625,0
2024-04-30 08:00,2312.605,2313.355,2293.018,2295.835,0
2024-04-30 12:00,2295.845,2299.235,2289.205,2290.655,0
2024-04-30 16:00,2290.625,2293.405,2284.975,2291.265,0
2024-04-30 20:00,2291.185,2292.765,2282.745,2284.075,0
2024-05-01 00:00,2284.025,2289.695,2281.515,2285.725,0
2024-05-01 04:00,2285.725,2296.975,2283.695,2294.445,0
2024-05-01 08:00,2294.445,2310.325,2294.028,2307.128,0
2024-05-01 12:00,2307.215,2328.225,2295.445,2309.675,0
2024-05-01 16:00,2309.795,2324.685,2306.948,2323.638,0
2024-05-01 20:00,2323.678,2326.325,2317.205,2319.395,0
2024-05-02 00:00,2319.475,2320.875,2308.025,2309.115,0
2024-05-02 04:00,2309.225,2310.915,2295.065,2298.878,0
2024-05-02 08:00,2298.824,2306.825,2285.358,2299.773,0
2024-05-02 12:00,2299.805,2309.335,2297.805,2302.795,0
2024-05-02 16:00,2302.748,2305.545,2300.535,2304.115,0
2024-05-02 20:00,2304.115,2306.208,2299.725,2302.345,0
2024-05-03 00:00,2302.365,2308.615,2297.675,2299.078,0
2024-05-03 04:00,2299.105,2303.055,2296.265,2298.215,0
2024-05-03 08:00,2298.195,2320.548,2277.165,2293.598,0
2024-05-03 12:00,2293.608,2302.985,2292.735,2301.268,0
2024-05-03 16:00,2301.255,2303.235,2300.545,2301.175,0
2024-05-05 16:00,2304.655,2305.855,2293.185,2293.875,0
2024-05-05 20:00,2293.875,2315.215,2291.645,2309.215,0
2024-05-06 00:00,2309.215,2324.045,2308.015,2322.645,0
2024-05-06 04:00,2322.645,2322.965,2315.485,2318.165,0
2024-05-06 08:00,2318.145,2331.988,2314.485,2324.665,0
2024-05-06 12:00,2324.655,2327.278,2317.565,2324.915,0
2024-05-06 16:00,2324.874,2328.795,2322.095,2325.935,0
2024-05-06 20:00,2325.975,2329.788,2319.568,2324.775,0
2024-05-07 00:00,2324.795,2324.925,2317.635,2319.195,0
2024-05-07 04:00,2319.185,2319.755,2311.608,2312.245,0
2024-05-07 08:00,2312.215,2323.528,2309.818,2314.655,0
2024-05-07 12:00,2314.685,2317.295,2310.955,2314.555,0
2024-05-07 16:00,2314.555,2316.715,2312.628,2315.105,0
2024-05-07 20:00,2315.125,2318.045,2306.875,2316.925,0
2024-05-08 00:00,2316.975,2321.345,2305.115,2305.505,0
2024-05-08 04:00,2305.505,2317.938,2303.555,2314.595,0
2024-05-08 08:00,2314.575,2320.265,2306.685,2320.265,0
2024-05-08 12:00,2320.265,2320.945,2307.855,2308.005,0
2024-05-08 16:00,2308.125,2310.815,2307.755,2308.695,0
2024-05-08 20:00,2308.795,2312.948,2307.738,2312.235,0
2024-05-09 00:00,2312.065,2319.638,2307.555,2309.215,0
2024-05-09 04:00,2309.205,2316.524,2306.615,2315.818,0
2024-05-09 08:00,2315.778,2338.665,2311.968,2330.275,0
2024-05-09 12:00,2330.315,2343.975,2329.075,2343.675,0
2024-05-09 16:00,2343.654,2348.245,2342.965,2346.404,0
2024-05-09 20:00,2346.495,2355.674,2345.865,2353.255,0
2024-05-10 00:00,2353.285,2370.225,2351.115,2366.535,0
2024-05-10 04:00,2366.535,2378.365,2365.725,2372.075,0
2024-05-10 08:00,2371.995,2375.648,2356.495,2364.755,0
2024-05-10 12:00,2364.755,2370.815,2361.585,2363.295,0
2024-05-10 16:00,2363.315,2364.945,2359.605,2360.175,0
2024-05-12 16:00,2362.895,2363.995,2359.625,2360.278,0
2024-05-12 20:00,2360.325,2364.355,2354.715,2356.958,0
2024-05-13 00:00,2356.925,2356.925,2346.395,2348.518,0
2024-05-13 04:00,2348.518,2350.258,2338.325,2344.475,0
2024-05-13 08:00,2344.364,2349.678,2331.985,2335.778,0
2024-05-13 12:00,2335.765,2338.408,2334.385,2337.248,0
2024-05-13 16:00,2337.248,2339.195,2334.935,2338.275,0
2024-05-13 20:00,2338.275,2344.385,2334.695,2343.008,0
2024-05-14 00:00,2342.975,2345.798,2335.985,2339.085,0
2024-05-14 04:00,2339.135,2348.108,2337.695,2343.415,0
2024-05-14 08:00,2343.415,2356.935,2336.395,2347.848,0
2024-05-14 12:00,2347.838,2359.558,2346.205,2356.505,0
2024-05-14 16:00,2356.585,2358.378,2354.975,2355.695,0
2024-05-14 20:00,2355.695,2360.895,2354.774,2360.238,0
2024-05-15 00:00,2360.238,2364.838,2355.575,2362.315,0
2024-05-15 04:00,2362.315,2374.175,2361.915,2362.668,0
2024-05-15 08:00,2362.625,2385.665,2351.735,2377.488,0
2024-05-15 12:00,2377.518,2390.188,2376.975,2386.305,0
2024-05-15 16:00,2386.295,2391.815,2385.065,2391.715,0
2024-05-15 20:00,2391.755,2397.275,2386.415,2388.595,0
2024-05-16 00:00,2388.595,2394.388,2384.545,2389.205,0
2024-05-16 04:00,2389.185,2391.255,2380.805,2384.508,0
2024-05-16 08:00,2384.485,2386.125,2370.845,2381.428,0
2024-05-16 12:00,2381.415,2383.645,2377.704,2378.045,0
2024-05-16 16:00,2378.085,2379.585,2375.788,2377.705,0
2024-05-16 20:00,2377.785,2381.095,2373.788,2377.755,0
2024-05-17 00:00,2377.765,2387.668,2376.515,2383.748,0
2024-05-17 04:00,2383.748,2390.028,2381.185,2389.685,0
2024-05-17 08:00,2389.685,2418.988,2386.755,2407.615,0
2024-05-17 12:00,2407.675,2419.055,2405.625,2416.358,0
2024-05-17 16:00,2416.365,2422.575,2413.298,2414.525,0
2024-05-19 16:00,2417.098,2425.195,2416.715,2420.185,0
2024-05-19 20:00,2420.185,2440.465,2416.415,2437.518,0
2024-05-20 00:00,2437.488,2449.985,2431.848,2442.108,0
2024-05-20 04:00,2442.075,2447.015,2427.525,2430.495,0
2024-05-20 08:00,2430.435,2430.695,2407.145,2424.808,0
2024-05-20 12:00,2424.768,2437.205,2422.365,2426.648,0
2024-05-20 16:00,2426.825,2430.435,2423.195,2426.105,0
2024-05-20 20:00,2426.115,2432.955,2406.158,2413.665,0
2024-05-21 00:00,2413.645,2422.075,2408.484,2419.185,0
2024-05-21 04:00,2419.235,2423.628,2412.058,2423.325,0
2024-05-21 08:00,2423.325,2433.838,2419.915,2423.275,0
2024-05-21 12:00,2423.255,2424.928,2417.238,2423.228,0
2024-05-21 16:00,2423.225,2423.338,2420.258,2421.494,0
2024-05-21 20:00,2421.564,2426.344,2412.224,2413.904,0
2024-05-22 00:00,2413.914,2418.314,2411.214,2417.024,0
2024-05-22 04:00,2417.034,2419.195,2404.648,2408.665,0
2024-05-22 08:00,2408.645,2414.968,2382.105,2391.918,0
2024-05-22 12:00,2391.895,2394.915,2374.855,2379.108,0
2024-05-22 16:00,2379.058,2382.635,2377.315,2382.105,0
2024-05-22 20:00,2382.115,2383.605,2366.628,2372.365,0
2024-05-23 00:00,2372.315,2373.808,2354.855,2355.955,0
2024-05-23 04:00,2355.955,2369.315,2355.005,2367.945,0
2024-05-23 08:00,2367.908,2369.705,2340.175,2346.018,0
2024-05-23 12:00,2346.048,2350.055,2330.845,2331.418,0
2024-05-23 16:00,2331.395,2333.515,2326.848,2331.908,0
2024-05-23 20:00,2331.908,2335.058,2325.265,2330.495,0
2024-05-24 00:00,2330.495,2340.495,2330.355,2337.618,0
2024-05-24 04:00,2337.608,2343.735,2335.975,2338.108,0
2024-05-24 08:00,2338.108,2347.325,2332.255,2334.475,0
2024-05-24 12:00,2334.495,2336.868,2331.765,2333.658,0
2024-05-24 16:00,2333.815,2335.028,2333.075,2333.405,0
2024-05-26 16:00,2336.365,2340.588,2332.125,2337.105,0
2024-05-26 20:00,2337.135,2347.485,2334.328,2345.905,0
2024-05-27 00:00,2345.885,2345.948,2337.975,2338.458,0
2024-05-27 04:00,2338.555,2346.085,2338.055,2344.975,0
2024-05-27 08:00,2344.975,2358.388,2343.575,2352.328,0
2024-05-27 12:00,2352.285,2355.445,2350.498,2350.754,0
2024-05-27 16:00,2351.098,2353.765,2350.945,2352.365,0
2024-05-27 20:00,2352.365,2356.228,2349.015,2350.788,0
2024-05-28 00:00,2350.745,2353.625,2341.235,2343.975,0
2024-05-28 04:00,2343.935,2348.348,2340.155,2347.348,0
2024-05-28 08:00,2347.294,2363.975,2345.815,2360.188,0
2024-05-28 12:00,2360.155,2362.105,2352.685,2358.108,0
2024-05-28 16:00,2358.055,2362.105,2357.705,2359.685,0
2024-05-28 20:00,2359.495,2360.915,2354.288,2358.045,0
2024-05-29 00:00,2358.075,2361.275,2349.925,2350.425,0
2024-05-29 04:00,2350.405,2351.715,2338.435,2341.585,0
2024-05-29 08:00,2341.495,2347.065,2334.438,2339.048,0
2024-05-29 12:00,2339.038,2344.198,2335.895,2336.648,0
2024-05-29 16:00,2336.675,2339.105,2335.785,2338.285,0
2024-05-29 20:00,2338.235,2339.758,2327.885,2334.268,0
2024-05-30 00:00,2334.255,2337.588,2322.458,2334.255,0
2024-05-30 04:00,2334.355,2340.795,2330.455,2335.748,0
2024-05-30 08:00,2335.745,2351.698,2331.895,2343.738,0
2024-05-30 12:00,2343.738,2348.755,2339.795,2341.428,0
2024-05-30 16:00,2341.425,2346.275,2341.335,2343.864,0
2024-05-30 20:00,2343.865,2347.608,2336.845,2343.595,0
2024-05-31 00:00,2343.595,2346.945,2339.825,2340.295,0
2024-05-31 04:00,2340.315,2344.785,2339.615,2343.725,0
2024-05-31 08:00,2343.705,2359.598,2327.625,2329.978,0
2024-05-31 12:00,2329.925,2336.618,2320.395,2327.588,0
2024-05-31 16:00,2327.525,2330.495,2326.915,2326.995,0
2024-06-02 16:00,2327.425,2329.315,2323.205,2325.748,0
2024-06-02 20:00,2325.795,2331.005,2320.785,2321.285,0
2024-06-03 00:00,2321.335,2328.755,2314.635,2325.845,0
2024-06-03 04:00,2325.845,2333.128,2324.308,2329.868,0
2024-06-03 08:00,2329.868,2345.575,2325.535,2342.675,0
2024-06-03 12:00,2342.675,2354.565,2341.235,2347.588,0
2024-06-03 16:00,2347.555,2352.005,2346.865,2350.488,0
2024-06-03 20:00,2350.485,2352.645,2343.068,2345.578,0
2024-06-04 00:00,2345.578,2351.675,2339.008,2339.585,0
2024-06-04 04:00,2339.605,2339.625,2325.4,2327.865,0
2024-06-04 08:00,2327.865,2337.925,2315.508,2325.968,0
2024-06-04 12:00,2325.955,2330.198,2322.395,2327.128,0
2024-06-04 16:00,2327.115,2328.788,2325.918,2328.668,0
2024-06-04 20:00,2328.678,2337.748,2325.785,2337.048,0
2024-06-05 00:00,2337.048,2341.535,2327.945,2331.485,0
2024-06-05 04:00,2331.465,2335.434,2329.348,2332.435,0
2024-06-05 08:00,2332.435,2357.278,2332.078,2353.575,0
2024-06-05 12:00,2353.615,2356.628,2351.238,2353.928,0
2024-06-05 16:00,2353.958,2357.785,2352.778,2354.935,0
2024-06-05 20:00,2354.935,2374.805,2354.408,2368.328,0
2024-06-06 00:00,2368.328,2371.268,2362.045,2362.785,0
2024-06-06 04:00,2362.755,2363.778,2358.395,2359.705,0
2024-06-06 08:00,2359.665,2378.408,2353.305,2374.128,0
2024-06-06 12:00,2374.128,2376.805,2368.895,2372.428,0
2024-06-06 16:00,2372.425,2378.015,2372.258,2376.718,0
2024-06-06 20:00,2376.675,2381.845,2369.278,2380.085,0
2024-06-07 00:00,2380.025,2387.595,2372.738,2373.445,0
2024-06-07 04:00,2373.415,2373.765,2330.965,2336.485,0
2024-06-07 08:00,2336.468,2339.255,2304.415,2304.918,0
2024-06-07 12:00,2304.905,2314.445,2287.528,2288.195,0
2024-06-07 16:00,2288.115,2294.205,2286.628,2293.415,0
2024-06-09 16:00,2294.415,2300.038,2288.755,2298.328,0
2024-06-09 20:00,2298.315,2301.128,2293.835,2295.178,0
2024-06-10 00:00,2295.178,2297.165,2287.665,2296.405,0
2024-06-10 04:00,2296.405,2305.175,2291.705,2304.975,0
2024-06-10 08:00,2304.975,2308.605,2300.235,2307.228,0
2024-06-10 12:00,2307.525,2313.655,2306.855,2308.638,0
2024-06-10 16:00,2308.645,2312.385,2308.395,2309.798,0
2024-06-10 20:00,2309.825,2311.835,2298.625,2303.528,0
2024-06-11 00:00,2303.515,2305.325,2297.595,2304.425,0
2024-06-11 04:00,2304.445,2308.738,2301.425,2307.545,0
2024-06-11 08:00,2307.515,2319.865,2307.505,2310.018,0
2024-06-11 12:00,2310.018,2315.605,2305.795,2315.218,0
2024-06-11 16:00,2315.248,2317.508,2313.835,2315.008,0
2024-06-11 20:00,2315.055,2316.625,2310.584,2313.915,0
2024-06-12 00:00,2313.915,2317.645,2311.025,2314.445,0
2024-06-12 04:00,2314.445,2315.628,2310.665,2312.828,0
2024-06-12 08:00,2312.745,2341.495,2311.465,2335.475,0
2024-06-12 12:00,2335.475,2339.408,2315.755,2321.215,0
2024-06-12 16:00,2321.235,2325.398,2320.145,2320.448,0
2024-06-12 20:00,2320.445,2322.815,2307.985,2314.138,0
2024-06-13 00:00,2314.085,2318.525,2308.855,2316.905,0
2024-06-13 04:00,2317.005,2319.855,2303.845,2306.948,0
2024-06-13 08:00,2306.935,2326.495,2297.645,2298.858,0
2024-06-13 12:00,2298.795,2304.865,2295.395,2303.328,0
2024-06-13 16:00,2303.305,2304.238,2301.648,2302.208,0
2024-06-13 20:00,2302.145,2308.575,2301.415,2305.358,0
2024-06-14 00:00,2305.338,2316.548,2303.385,2315.215,0
2024-06-14 04:00,2315.215,2336.575,2314.675,2331.885,0
2024-06-14 08:00,2331.885,2335.358,2323.945,2325.985,0
2024-06-14 12:00,2326.055,2335.455,2325.325,2332.348,0
2024-06-14 16:00,2332.294,2332.898,2330.888,2332.184,0
2024-06-16 16:00,2331.098,2332.488,2327.228,2328.748,0
2024-06-16 20:00,2328.748,2328.815,2321.375,2324.268,0
2024-06-17 00:00,2324.255,2326.128,2315.365,2316.848,0
2024-06-17 04:00,2316.835,2322.535,2316.318,2318.078,0
2024-06-17 08:00,2318.055,2327.495,2309.895,2312.455,0
2024-06-17 12:00,2312.455,2320.475,2312.455,2320.075,0
2024-06-17 16:00,2320.068,2321.088,2318.098,2320.545,0
2024-06-17 20:00,2320.545,2325.535,2319.108,2324.348,0
2024-06-18 00:00,2324.338,2324.688,2314.865,2315.398,0
2024-06-18 04:00,2315.364,2315.364,2306.465,2313.275,0
2024-06-18 08:00,2313.275,2329.685,2311.355,2326.758,0
2024-06-18 12:00,2326.768,2333.008,2326.365,2329.158,0
2024-06-18 16:00,2329.215,2330.485,2327.308,2328.195,0
2024-06-18 20:00,2328.215,2331.635,2326.348,2328.145,0
2024-06-19 00:00,2328.145,2332.555,2326.675,2331.725,0
2024-06-19 04:00,2331.725,2334.868,2325.715,2330.325,0
2024-06-19 08:00,2330.335,2332.835,2323.984,2329.678,0
2024-06-19 12:00,2329.698,2331.278,2327.425,2327.695,0
2024-06-19 16:00,2327.865,2330.515,2327.865,2329.265,0
2024-06-19 20:00,2329.285,2338.878,2327.628,2333.805,0
2024-06-20 00:00,2333.825,2345.555,2333.645,2338.498,0
2024-06-20 04:00,2338.485,2341.268,2331.475,2339.205,0
2024-06-20 08:00,2339.198,2365.375,2335.205,2353.595,0
2024-06-20 12:00,2353.585,2360.968,2352.705,2358.828,0
2024-06-20 16:00,2358.858,2360.965,2357.978,2360.715,0
2024-06-20 20:00,2360.728,2364.685,2356.998,2362.018,0
2024-06-21 00:00,2362.035,2365.485,2354.995,2362.835,0
2024-06-21 04:00,2362.835,2368.558,2361.178,2366.158,0
2024-06-21 08:00,2366.125,2367.978,2323.165,2327.828,0
2024-06-21 12:00,2327.828,2329.195,2316.588,2322.068,0
2024-06-21 16:00,2322.038,2322.578,2320.685,2321.755,0
2024-06-23 16:00,2322.775,2322.775,2317.575,2319.085,0
2024-06-23 20:00,2318.995,2326.578,2317.818,2325.335,0
2024-06-24 00:00,2325.365,2331.688,2321.215,2330.678,0
2024-06-24 04:00,2330.645,2332.688,2320.625,2326.098,0
2024-06-24 08:00,2326.095,2333.765,2323.205,2327.528,0
2024-06-24 12:00,2327.508,2334.588,2326.758,2331.578,0
2024-06-24 16:00,2331.675,2334.595,2330.105,2330.755,0
2024-06-24 20:00,2330.815,2330.835,2323.035,2323.985,0
2024-06-25 00:00,2323.985,2330.018,2322.608,2324.745,0
2024-06-25 04:00,2324.695,2337.018,2322.785,2329.975,0
2024-06-25 08:00,2329.965,2330.345,2315.455,2324.585,0
2024-06-25 12:00,2324.645,2324.935,2315.405,2319.698,0
2024-06-25 16:00,2319.698,2321.215,2317.885,2319.898,0
2024-06-25 20:00,2319.845,2323.738,2310.455,2317.125,0
2024-06-26 00:00,2317.115,2318.105,2309.608,2315.985,0
2024-06-26 04:00,2315.985,2318.285,2304.265,2312.918,0
2024-06-26 08:00,2312.925,2317.728,2293.464,2299.938,0
2024-06-26 12:00,2299.895,2302.928,2296.835,2298.575,0
2024-06-26 16:00,2298.665,2299.148,2296.615,2298.258,0
2024-06-26 20:00,2298.288,2300.025,2296.635,2298.858,0
2024-06-27 00:00,2298.835,2303.335,2296.425,2302.215,0
2024-06-27 04:00,2302.205,2317.758,2301.935,2316.928,0
2024-06-27 08:00,2316.928,2330.825,2315.985,2327.365,0
2024-06-27 12:00,2327.378,2328.198,2322.355,2325.968,0
2024-06-27 16:00,2325.955,2328.445,2325.395,2327.588,0
2024-06-27 20:00,2327.618,2328.185,2318.905,2321.638,0
2024-06-28 00:00,2321.635,2328.748,2319.645,2327.078,0
2024-06-28 04:00,2327.145,2337.068,2326.355,2333.798,0
2024-06-28 08:00,2333.798,2339.635,2322.745,2328.475,0
2024-06-28 12:00,2328.515,2332.618,2322.918,2324.938,0
2024-06-28 16:00,2324.928,2326.675,2322.735,2326.275,0
2024-06-30 16:00,2326.315,2326.775,2322.505,2324.825,0
2024-06-30 20:00,2324.815,2328.425,2322.065,2324.608,0
2024-07-01 00:00,2324.578,2328.865,2318.395,2323.638,0
2024-07-01 04:00,2323.514,2338.118,2321.775,2338.065,0
2024-07-01 08:00,2338.115,2338.388,2319.125,2327.698,0
2024-07-01 12:00,2327.728,2331.768,2326.575,2330.908,0
2024-07-01 16:00,2330.955,2332.595,2330.775,2332.138,0
2024-07-01 20:00,2332.095,2334.208,2325.628,2325.888,0
2024-07-02 00:00,2325.898,2331.645,2323.198,2330.688,0
2024-07-02 04:00,2330.688,2332.325,2319.895,2320.585,0
2024-07-02 08:00,2320.675,2336.668,2318.945,2324.618,0
2024-07-02 12:00,2324.638,2331.318,2320.818,2330.778,0
2024-07-02 16:00,2330.785,2331.308,2328.625,2330.138,0
2024-07-02 20:00,2330.115,2332.378,2326.685,2331.598,0
2024-07-03 00:00,2331.598,2347.074,2331.598,2345.275,0
2024-07-03 04:00,2345.225,2349.418,2342.015,2345.308,0
2024-07-03 08:00,2345.305,2364.795,2344.815,2362.945,0
2024-07-03 12:00,2362.945,2363.055,2353.585,2354.218,0
2024-07-03 16:00,2354.218,2359.455,2354.115,2358.675,0
2024-07-03 20:00,2358.725,2362.385,2356.365,2357.965,0
2024-07-04 00:00,2357.965,2359.485,2350.364,2357.445,0
2024-07-04 04:00,2357.435,2359.888,2355.415,2358.368,0
2024-07-04 08:00,2358.365,2361.758,2355.355,2357.318,0
2024-07-04 12:00,2357.305,2359.028,2356.035,2356.555,0
2024-07-04 16:00,2356.615,2357.605,2354.115,2356.655,0
2024-07-04 20:00,2356.655,2363.018,2355.908,2361.655,0
2024-07-05 00:00,2361.655,2367.345,2361.238,2365.115,0
2024-07-05 04:00,2365.115,2367.955,2361.715,2365.725,0
2024-07-05 08:00,2365.725,2388.308,2347.515,2384.595,0
2024-07-05 12:00,2384.615,2392.815,2383.845,2388.668,0
2024-07-05 16:00,2388.668,2391.518,2388.125,2390.705,0
2024-07-07 16:00,2385.498,2390.008,2384.625,2385.938,0
2024-07-07 20:00,2385.915,2390.935,2380.535,2382.805,0
2024-07-08 00:00,2382.835,2386.645,2376.538,2377.778,0
2024-07-08 04:00,2377.755,2378.695,2368.175,2375.238,0
2024-07-08 08:00,2375.248,2379.405,2350.945,2355.385,0
2024-07-08 12:00,2355.385,2359.748,2350.915,2359.105,0
2024-07-08 16:00,2359.125,2361.955,2357.908,2361.655,0
2024-07-08 20:00,2361.645,2367.825,2360.378,2367.548,0
2024-07-09 00:00,2367.568,2368.658,2358.265,2358.875,0
2024-07-09 04:00,2358.875,2365.515,2357.455,2360.498,0
2024-07-09 08:00,2360.498,2371.358,2349.455,2361.958,0
2024-07-09 12:00,2361.958,2365.535,2356.425,2363.448,0
2024-07-09 16:00,2363.408,2365.955,2362.091,2364.918,0
2024-07-09 20:00,2364.828,2370.165,2363.168,2368.065,0
2024-07-10 00:00,2368.068,2374.885,2366.505,2372.525,0
2024-07-10 04:00,2372.528,2378.238,2371.358,2378.218,0
2024-07-10 08:00,2378.235,2386.548,2373.848,2378.728,0
2024-07-10 12:00,2378.728,2381.238,2369.785,2371.708,0
2024-07-10 16:00,2371.678,2372.775,2370.235,2372.694,0
2024-07-10 20:00,2372.708,2380.108,2371.375,2378.648,0
2024-07-11 00:00,2378.638,2383.125,2378.375,2379.828,0
2024-07-11 04:00,2379.795,2384.465,2378.945,2380.705,0
2024-07-11 08:00,2380.695,2424.395,2377.668,2417.268,0
2024-07-11 12:00,2417.278,2419.128,2409.865,2414.018,0
2024-07-11 16:00,2413.975,2415.995,2410.995,2415.875,0
2024-07-11 20:00,2415.875,2416.165,2406.558,2408.658,0
2024-07-12 00:00,2408.638,2409.965,2400.165,2404.055,0
2024-07-12 04:00,2404.045,2408.148,2398.195,2401.645,0
2024-07-12 08:00,2401.675,2413.635,2391.325,2411.618,0
2024-07-12 12:00,2411.595,2418.128,2411.595,2412.738,0
2024-07-12 16:00,2412.695,2412.695,2410.534,2410.534,0
2024-07-14 16:00,2412.455,2414.855,2405.525,2408.545,0
2024-07-14 20:00,2408.575,2411.848,2404.815,2411.508,0
2024-07-15 00:00,2411.465,2413.815,2401.225,2407.825,0
2024-07-15 04:00,2407.805,2420.178,2406.835,2418.115,0
2024-07-15 08:00,2418.155,2437.355,2411.385,2433.198,0
2024-07-15 12:00,2433.164,2439.628,2419.665,2421.008,0
2024-07-15 16:00,2420.985,2422.618,2420.575,2422.435,0
2024-07-15 20:00,2422.435,2431.368,2419.835,2428.518,0
2024-07-16 00:00,2428.495,2439.205,2424.955,2436.845,0
2024-07-16 04:00,2436.875,2443.345,2433.488,2439.445,0
2024-07-16 08:00,2439.425,2465.128,2429.285,2463.048,0
2024-07-16 12:00,2463.048,2468.588,2457.754,2468.488,0
2024-07-16 16:00,2468.505,2469.865,2466.135,2468.175,0
2024-07-16 20:00,2468.148,2482.325,2463.878,2471.615,0
2024-07-17 00:00,2471.645,2474.275,2461.718,2474.115,0
2024-07-17 04:00,2474.095,2478.755,2466.578,2469.988,0
2024-07-17 08:00,2469.988,2483.548,2457.925,2463.375,0
2024-07-17 12:00,2463.385,2464.918,2451.425,2457.928,0
2024-07-17 16:00,2457.928,2461.728,2457.178,2461.215,0
2024-07-17 20:00,2461.215,2468.775,2457.225,2467.928,0
2024-07-18 00:00,2467.928,2474.805,2464.475,2471.825,0
2024-07-18 04:00,2471.815,2473.595,2461.415,2464.388,0
2024-07-18 08:00,2464.365,2469.775,2457.495,2461.208,0
2024-07-18 12:00,2461.208,2461.948,2440.195,2442.865,0
2024-07-18 16:00,2442.935,2445.705,2441.148,2441.148,0
2024-07-18 20:00,2441.148,2441.218,2420.315,2428.578,0
2024-07-19 00:00,2428.585,2429.175,2412.748,2418.065,0
2024-07-19 04:00,2418.065,2421.525,2408.375,2409.905,0
2024-07-19 08:00,2409.925,2410.095,2393.675,2405.275,0
2024-07-19 12:00,2405.275,2405.865,2395.515,2398.548,0
2024-07-19 16:00,2398.625,2401.365,2397.655,2400.485,0
2024-07-21 16:00,2401.298,2411.815,2400.875,2411.435,0
2024-07-21 20:00,2411.435,2412.035,2403.145,2406.628,0
2024-07-22 00:00,2406.625,2407.175,2398.825,2402.408,0
2024-07-22 04:00,2402.455,2408.268,2397.938,2397.958,0
2024-07-22 08:00,2397.935,2400.005,2383.715,2386.168,0
2024-07-22 12:00,2386.145,2399.998,2385.975,2398.978,0
2024-07-22 16:00,2398.885,2399.388,2394.675,2395.565,0
2024-07-22 20:00,2395.555,2403.875,2395.385,2398.185,0
2024-07-23 00:00,2398.185,2399.465,2388.135,2397.745,0
2024-07-23 04:00,2397.775,2411.908,2396.215,2407.458,0
2024-07-23 08:00,2407.455,2409.135,2399.425,2405.338,0
2024-07-23 12:00,2405.308,2408.945,2402.518,2407.498,0
2024-07-23 16:00,2407.498,2409.885,2405.268,2408.408,0
2024-07-23 20:00,2408.408,2418.228,2404.795,2416.375,0
2024-07-24 00:00,2416.375,2419.105,2411.505,2414.475,0
2024-07-24 04:00,2414.454,2417.658,2409.665,2417.345,0
2024-07-24 08:00,2417.378,2431.945,2413.555,2424.668,0
2024-07-24 12:00,2424.655,2424.798,2398.268,2398.348,0
2024-07-24 16:00,2398.405,2401.045,2392.895,2398.595,0
2024-07-24 20:00,2398.645,2399.935,2366.625,2374.598,0
2024-07-25 00:00,2374.598,2378.605,2365.725,2373.898,0
2024-07-25 04:00,2373.865,2382.485,2367.935,2368.415,0
2024-07-25 08:00,2368.435,2376.925,2357.918,2362.998,0
2024-07-25 12:00,2362.985,2365.425,2353.005,2362.438,0
2024-07-25 16:00,2362.415,2365.295,2359.255,2363.635,0
2024-07-25 20:00,2363.685,2379.265,2355.728,2371.605,0
2024-07-26 00:00,2371.625,2375.145,2365.098,2371.375,0
2024-07-26 04:00,2371.485,2375.635,2369.235,2373.105,0
2024-07-26 08:00,2373.105,2390.655,2370.898,2385.048,0
2024-07-26 12:00,2385.098,2390.228,2381.015,2386.205,0
2024-07-26 16:00,2386.345,2388.658,2385.315,2386.765,0
2024-07-28 16:00,2387.645,2402.995,2387.115,2396.875,0
2024-07-28 20:00,2396.935,2402.395,2388.528,2394.445,0
2024-07-29 00:00,2394.445,2396.108,2389.355,2391.468,0
2024-07-29 04:00,2391.468,2395.275,2386.738,2387.645,0
2024-07-29 08:00,2387.655,2396.585,2369.518,2376.698,0
2024-07-29 12:00,2376.815,2385.305,2374.405,2382.998,0
2024-07-29 16:00,2382.924,2384.825,2380.775,2380.988,0
2024-07-29 20:00,2381.095,2385.878,2376.358,2385.638,0
2024-07-30 00:00,2385.668,2391.915,2385.565,2390.218,0
2024-07-30 04:00,2390.168,2392.295,2386.835,2386.938,0
2024-07-30 08:00,2387.035,2397.648,2383.265,2385.205,0
2024-07-30 12:00,2385.235,2410.798,2384.915,2406.978,0
2024-07-30 16:00,2406.905,2412.705,2406.884,2409.675,0
2024-07-30 20:00,2409.715,2418.895,2403.765,2416.325,0
2024-07-31 00:00,2416.305,2425.355,2414.285,2417.015,0
2024-07-31 04:00,2417.015,2423.118,2415.315,2419.445,0
2024-07-31 08:00,2419.465,2428.918,2417.225,2423.008,0
2024-07-31 12:00,2422.945,2450.745,2421.394,2449.748,0
2024-07-31 16:00,2449.714,2450.848,2444.128,2445.638,0
2024-07-31 20:00,2445.615,2458.295,2437.218,2442.598,0
2024-08-01 00:00,2442.585,2448.748,2439.828,2440.185,0
2024-08-01 04:00,2440.118,2442.875,2430.075,2440.658,0
2024-08-01 08:00,2440.675,2462.125,2440.175,2445.095,0
2024-08-01 12:00,2445.075,2448.635,2434.828,2443.035,0
2024-08-01 16:00,2443.075,2447.468,2441.738,2445.705,0
2024-08-01 20:00,2445.705,2459.335,2434.815,2454.375,0
2024-08-02 00:00,2454.375,2468.285,2454.108,2461.485,0
2024-08-02 04:00,2461.505,2465.225,2457.485,2459.095,0
2024-08-02 08:00,2459.068,2477.494,2410.664,2433.075,0
2024-08-02 12:00,2433.075,2439.124,2422.898,2437.448,0
2024-08-02 16:00,2437.448,2443.815,2435.488,2443.055,0
2024-08-04 16:00,2443.975,2447.345,2437.574,2440.865,0
2024-08-04 20:00,2440.865,2452.395,2413.908,2450.835,0
2024-08-05 00:00,2450.835,2458.655,2422.025,2431.794,0
2024-08-05 04:00,2431.815,2434.335,2383.105,2386.675,0
2024-08-05 08:00,2386.625,2412.074,2364.164,2402.678,0
2024-08-05 12:00,2402.655,2412.995,2398.928,2407.598,0
2024-08-05 16:00,2407.625,2412.405,2404.285,2404.675,0
2024-08-05 20:00,2404.695,2418.215,2404.455,2408.895,0
2024-08-06 00:00,2408.895,2412.535,2394.728,2409.688,0
2024-08-06 04:00,2409.645,2416.195,2408.025,2410.805,0
2024-08-06 08:00,2410.815,2412.095,2381.515,2387.455,0
2024-08-06 12:00,2387.545,2395.885,2385.525,2387.578,0
2024-08-06 16:00,2387.605,2391.675,2382.665,2383.748,0
2024-08-06 20:00,2383.735,2388.295,2378.868,2385.785,0
2024-08-07 00:00,2385.785,2397.445,2385.548,2389.195,0
2024-08-07 04:00,2389.178,2402.185,2388.195,2400.958,0
2024-08-07 08:00,2400.915,2406.858,2391.845,2394.448,0
2024-08-07 12:00,2394.395,2399.635,2383.715,2385.608,0
2024-08-07 16:00,2385.525,2387.218,2380.855,2384.685,0
2024-08-07 20:00,2384.715,2394.588,2383.085,2394.175,0
2024-08-08 00:00,2394.175,2400.645,2392.345,2396.715,0
2024-08-08 04:00,2396.715,2413.475,2392.745,2412.135,0
2024-08-08 08:00,2412.105,2424.195,2402.205,2418.578,0
2024-08-08 12:00,2418.534,2426.178,2415.665,2423.448,0
2024-08-08 16:00,2423.485,2427.848,2422.785,2424.445,0
2024-08-08 20:00,2424.485,2428.845,2419.198,2420.908,0
2024-08-09 00:00,2420.825,2426.915,2416.815,2423.028,0
2024-08-09 04:00,2423.028,2432.505,2422.115,2426.565,0
2024-08-09 08:00,2426.575,2435.798,2420.965,2431.358,0
2024-08-09 12:00,2431.348,2436.884,2427.118,2429.005,0
2024-08-09 16:00,2429.035,2431.115,2429.035,2430.925,0
2024-08-11 16:00,2430.298,2433.305,2426.835,2427.765,0
2024-08-11 20:00,2427.835,2430.115,2423.695,2428.445,0
2024-08-12 00:00,2428.415,2442.745,2428.095,2441.515,0
2024-08-12 04:00,2441.525,2445.015,2439.518,2441.495,0
2024-08-12 08:00,2441.485,2460.358,2441.345,2459.705,0
2024-08-12 12:00,2459.705,2472.065,2458.894,2470.418,0
2024-08-12 16:00,2470.408,2475.855,2469.825,2475.425,0
2024-08-12 20:00,2475.445,2476.845,2460.764,2463.318,0
2024-08-13 00:00,2463.325,2466.065,2458.365,2464.085,0
2024-08-13 04:00,2464.125,2466.498,2458.775,2465.648,0
2024-08-13 08:00,2465.648,2475.505,2458.818,2468.498,0
2024-08-13 12:00,2468.454,2470.925,2462.105,2466.965,0
2024-08-13 16:00,2466.888,2467.728,2462.808,2463.975,0
2024-08-13 20:00,2463.985,2472.415,2455.225,2460.765,0
2024-08-14 00:00,2460.745,2471.815,2459.098,2470.828,0
2024-08-14 04:00,2470.825,2478.615,2468.605,2474.638,0
2024-08-14 08:00,2474.668,2479.715,2441.948,2443.935,0
2024-08-14 12:00,2443.955,2448.275,2438.0,2447.115,0
2024-08-14 16:00,2447.075,2449.348,2446.355,2449.295,0
2024-08-14 20:00,2449.315,2454.195,2448.075,2453.565,0
2024-08-15 00:00,2453.565,2458.665,2450.205,2455.665,0
2024-08-15 04:00,2455.665,2464.065,2453.485,2463.418,0
2024-08-15 08:00,2463.418,2469.945,2432.015,2458.255,0
2024-08-15 12:00,2458.328,2461.558,2453.338,2455.414,0
2024-08-15 16:00,2455.415,2458.098,2454.225,2457.195,0
2024-08-15 20:00,2457.225,2459.908,2450.565,2452.308,0
2024-08-16 00:00,2452.285,2464.405,2451.025,2461.885,0
2024-08-16 04:00,2461.925,2472.195,2458.954,2472.015,0
2024-08-16 08:00,2472.015,2500.045,2471.148,2491.635,0
2024-08-16 12:00,2491.645,2508.875,2491.565,2507.824,0
2024-08-16 16:00,2507.765,2509.638,2505.405,2506.844,0
2024-08-18 16:00,2508.298,2509.998,2502.148,2506.305,0
2024-08-18 20:00,2506.325,2506.645,2494.845,2503.155,0
2024-08-19 00:00,2503.155,2505.098,2498.695,2502.925,0
2024-08-19 04:00,2502.865,2507.065,2486.415,2494.365,0
2024-08-19 08:00,2494.365,2505.865,2485.515,2503.848,0
2024-08-19 12:00,2503.848,2507.345,2500.605,2505.345,0
2024-08-19 16:00,2505.515,2505.538,2501.928,2503.515,0
2024-08-19 20:00,2503.615,2508.065,2498.558,2501.665,0
2024-08-20 00:00,2501.685,2515.005,2497.235,2514.825,0
2024-08-20 04:00,2514.825,2526.978,2514.275,2526.178,0
2024-08-20 08:00,2526.205,2531.558,2505.654,2508.398,0
2024-08-20 12:00,2508.368,2515.304,2500.685,2514.878,0
2024-08-20 16:00,2514.938,2516.828,2512.638,2512.795,0
2024-08-20 20:00,2512.795,2519.795,2510.725,2517.275,0
2024-08-21 00:00,2517.325,2519.428,2508.005,2509.635,0
2024-08-21 04:00,2509.595,2513.115,2504.345,2511.698,0
2024-08-21 08:00,2511.698,2513.585,2493.698,2508.194,0
2024-08-21 12:00,2508.278,2518.995,2503.065,2511.418,0
2024-08-21 16:00,2511.325,2514.235,2509.668,2512.585,0
2024-08-21 20:00,2512.635,2514.545,2499.815,2502.268,0
2024-08-22 00:00,2502.205,2510.485,2499.204,2506.948,0
2024-08-22 04:00,2506.935,2509.008,2497.895,2499.395,0
2024-08-22 08:00,2499.465,2504.045,2470.705,2481.768,0
2024-08-22 12:00,2481.798,2485.885,2478.425,2482.795,0
2024-08-22 16:00,2482.868,2487.525,2482.348,2487.475,0
2024-08-22 20:00,2487.475,2493.618,2486.355,2493.075,0
2024-08-23 00:00,2493.095,2495.665,2490.465,2493.335,0
2024-08-23 04:00,2493.275,2502.355,2492.935,2501.495,0
2024-08-23 08:00,2501.495,2518.195,2494.315,2509.678,0
2024-08-23 12:00,2509.678,2513.105,2501.668,2510.698,0
2024-08-23 16:00,2510.708,2512.575,2509.448,2512.235,0
2024-08-25 16:00,2511.275,2516.585,2510.105,2515.785,0
2024-08-25 20:00,2515.795,2516.845,2509.205,2509.745,0
2024-08-26 00:00,2509.725,2521.715,2508.585,2521.305,0
2024-08-26 04:00,2521.305,2526.708,2520.585,2526.425,0
2024-08-26 08:00,2526.425,2526.648,2510.548,2515.748,0
2024-08-26 12:00,2515.705,2523.255,2513.465,2518.048,0
2024-08-26 16:00,2518.078,2518.958,2515.335,2515.335,0
2024-08-26 20:00,2515.355,2516.625,2505.698,2508.955,0
2024-08-27 00:00,2508.955,2517.395,2504.458,2504.858,0
2024-08-27 04:00,2504.858,2513.605,2503.415,2511.355,0
2024-08-27 08:00,2511.355,2520.205,2503.325,2512.045,0
2024-08-27 12:00,2511.985,2525.818,2509.758,2524.975,0
2024-08-27 16:00,2524.965,2528.888,2523.675,2525.178,0
2024-08-27 20:00,2525.155,2525.725,2513.115,2515.755,0
2024-08-28 00:00,2515.745,2516.035,2503.338,2509.865,0
2024-08-28 04:00,2509.865,2511.275,2500.615,2501.338,0
2024-08-28 08:00,2501.305,2510.505,2493.515,2506.058,0
2024-08-28 12:00,2506.018,2509.465,2496.295,2507.528,0
2024-08-28 16:00,2507.585,2508.685,2502.675,2508.094,0
2024-08-28 20:00,2508.094,2516.695,2507.964,2516.475,0
2024-08-29 00:00,2516.495,2521.065,2513.635,2519.025,0
2024-08-29 04:00,2519.055,2524.295,2514.954,2519.785,0
2024-08-29 08:00,2519.758,2525.498,2503.515,2522.438,0
2024-08-29 12:00,2522.455,2528.558,2517.305,2521.045,0
2024-08-29 16:00,2521.068,2522.218,2518.725,2519.435,0
2024-08-29 20:00,2519.455,2519.968,2512.175,2513.425,0
2024-08-30 00:00,2513.365,2523.848,2512.035,2519.215,0
2024-08-30 04:00,2519.198,2526.725,2514.885,2519.378,0
2024-08-30 08:00,2519.275,2524.575,2500.135,2502.365,0
2024-08-30 12:00,2502.365,2505.955,2494.048,2502.208,0
2024-08-30 16:00,2502.185,2503.398,2501.775,2502.925,0
2024-09-01 16:00,2502.435,2504.545,2501.195,2502.885,0
2024-09-01 20:00,2502.875,2504.825,2489.915,2496.165,0
2024-09-02 00:00,2496.175,2501.285,2495.145,2498.105,0
2024-09-02 04:00,2498.075,2507.125,2496.995,2499.678,0
2024-09-02 08:00,2499.645,2503.075,2497.565,2501.495,0
2024-09-02 12:00,2501.505,2501.805,2498.515,2499.228,0
2024-09-02 16:00,2499.098,2499.855,2496.305,2497.175,0
2024-09-02 20:00,2497.155,2497.548,2489.534,2494.665,0
2024-09-03 00:00,2494.655,2501.938,2492.635,2500.725,0
2024-09-03 04:00,2500.725,2506.165,2484.575,2489.558,0
2024-09-03 08:00,2489.558,2502.034,2473.245,2488.285,0
2024-09-03 12:00,2488.285,2494.295,2483.808,2491.978,0
2024-09-03 16:00,2491.978,2494.524,2491.248,2493.155,0
2024-09-03 20:00,2493.115,2496.835,2491.155,2494.945,0
2024-09-04 00:00,2494.955,2496.625,2481.885,2482.045,0
2024-09-04 04:00,2482.045,2491.085,2471.718,2489.085,0
2024-09-04 08:00,2489.085,2500.145,2481.915,2493.938,0
2024-09-04 12:00,2493.915,2497.848,2491.415,2493.275,0
2024-09-04 16:00,2493.275,2496.825,2492.835,2495.695,0
2024-09-04 20:00,2495.768,2499.174,2494.355,2494.718,0
2024-09-05 00:00,2494.708,2507.445,2493.665,2506.325,0
2024-09-05 04:00,2506.385,2518.258,2505.875,2515.075,0
2024-09-05 08:00,2515.085,2523.448,2503.805,2507.018,0
2024-09-05 12:00,2507.015,2516.778,2505.955,2514.778,0
2024-09-05 16:00,2514.865,2517.828,2514.765,2517.125,0
2024-09-05 20:00,2517.155,2518.258,2512.895,2518.155,0
2024-09-06 00:00,2518.155,2521.668,2516.175,2516.408,0
2024-09-06 04:00,2516.355,2520.205,2514.595,2516.165,0
2024-09-06 08:00,2516.135,2529.125,2500.375,2505.318,0
2024-09-06 12:00,2505.295,2505.645,2485.015,2495.868,0
2024-09-06 16:00,2495.838,2497.758,2494.668,2497.035,0
2024-09-08 16:00,2497.098,2498.124,2495.415,2496.745,0
2024-09-08 20:00,2496.775,2500.365,2494.625,2499.128,0
2024-09-09 00:00,2499.128,2499.345,2485.405,2494.125,0
2024-09-09 04:00,2494.195,2499.035,2489.945,2497.128,0
2024-09-09 08:00,2497.105,2505.098,2493.115,2499.005,0
2024-09-09 12:00,2498.995,2506.405,2498.995,2505.875,0
2024-09-09 16:00,2505.865,2507.515,2505.185,2506.625,0
2024-09-09 20:00,2506.665,2507.358,2501.314,2502.395,0
2024-09-10 00:00,2502.395,2507.595,2500.618,2502.595,0
2024-09-10 04:00,2502.565,2509.555,2500.024,2504.498,0
2024-09-10 08:00,2504.415,2518.304,2500.984,2512.618,0
2024-09-10 12:00,2512.685,2517.355,2510.585,2517.155,0
2024-09-10 16:00,2517.155,2518.688,2515.658,2518.555,0
2024-09-10 20:00,2518.498,2522.415,2514.845,2519.288,0
2024-09-11 00:00,2519.285,2528.885,2518.455,2521.338,0
2024-09-11 04:00,2521.325,2527.085,2519.635,2522.105,0
2024-09-11 08:00,2522.065,2523.368,2500.825,2514.675,0
2024-09-11 12:00,2514.675,2519.944,2509.675,2512.824,0
2024-09-11 16:00,2512.795,2513.748,2511.015,2511.778,0
2024-09-11 20:00,2511.775,2515.965,2510.885,2515.715,0
2024-09-12 00:00,2515.715,2522.195,2514.385,2515.785,0
2024-09-12 04:00,2515.775,2520.905,2512.905,2519.425,0
2024-09-12 08:00,2519.435,2555.035,2518.775,2553.154,0
2024-09-12 12:00,2553.165,2558.985,2544.698,2557.748,0
2024-09-12 16:00,2557.704,2559.978,2556.538,2558.344,0
2024-09-12 20:00,2558.334,2569.925,2556.625,2567.805,0
2024-09-13 00:00,2567.795,2570.888,2563.035,2569.668,0
2024-09-13 04:00,2569.695,2572.825,2563.584,2567.165,0
2024-09-13 08:00,2567.265,2583.258,2565.935,2582.048,0
2024-09-13 12:00,2582.095,2585.965,2578.515,2582.518,0
2024-09-13 16:00,2582.515,2582.798,2577.575,2577.615,0
2024-09-15 16:00,2578.725,2580.464,2577.384,2579.025,0
2024-09-15 20:00,2579.015,2588.865,2578.715,2586.225,0
2024-09-16 00:00,2586.205,2589.515,2579.325,2581.985,0
2024-09-16 04:00,2581.965,2588.375,2575.115,2582.905,0
2024-09-16 08:00,2582.925,2589.205,2575.945,2579.735,0
2024-09-16 12:00,2579.768,2583.995,2579.455,2582.438,0
2024-09-16 16:00,2582.438,2583.805,2581.428,2583.545,0
2024-09-16 20:00,2583.535,2586.165,2576.645,2577.058,0
2024-09-17 00:00,2577.004,2586.835,2574.395,2583.714,0
2024-09-17 04:00,2583.714,2584.084,2569.645,2579.745,0
2024-09-17 08:00,2579.775,2582.115,2561.625,2565.475,0
2024-09-17 12:00,2565.458,2571.558,2560.984,2568.568,0
2024-09-17 16:00,2568.578,2574.244,2568.178,2573.885,0
2024-09-17 20:00,2573.875,2576.314,2569.855,2575.785,0
2024-09-18 00:00,2575.785,2576.295,2565.715,2571.505,0
2024-09-18 04:00,2571.515,2580.575,2567.825,2577.285,0
2024-09-18 08:00,2577.295,2578.708,2567.895,2569.565,0
2024-09-18 12:00,2569.615,2599.995,2546.645,2548.834,0
2024-09-18 16:00,2548.754,2561.395,2548.098,2559.175,0
2024-09-18 20:00,2559.185,2566.558,2551.005,2563.978,0
2024-09-19 00:00,2563.905,2584.574,2559.435,2584.324,0
2024-09-19 04:00,2584.324,2594.775,2581.268,2589.315,0
2024-09-19 08:00,2589.265,2591.105,2569.625,2588.935,0
2024-09-19 12:00,2589.025,2592.535,2585.798,2588.265,0
2024-09-19 16:00,2588.245,2589.648,2585.835,2587.135,0
2024-09-19 20:00,2587.125,2593.475,2584.654,2591.305,0
2024-09-20 00:00,2591.295,2609.615,2591.185,2607.015,0
2024-09-20 04:00,2607.014,2615.318,2602.385,2613.608,0
2024-09-20 08:00,2613.608,2622.835,2602.445,2622.678,0
2024-09-20 12:00,2622.728,2625.574,2617.785,2620.958,0
2024-09-20 16:00,2621.008,2622.375,2618.938,2621.504,0
2024-09-22 16:00,2620.915,2622.615,2617.984,2620.165,0
2024-09-22 20:00,2620.155,2631.035,2615.945,2628.358,0
2024-09-23 00:00,2628.355,2631.205,2613.685,2615.018,0
2024-09-23 04:00,2615.018,2625.688,2614.498,2623.955,0
2024-09-23 08:00,2623.995,2634.715,2619.894,2629.168,0
2024-09-23 12:00,2629.168,2630.758,2625.575,2626.188,0
2024-09-23 16:00,2626.138,2628.595,2625.684,2626.205,0
2024-09-23 20:00,2626.235,2635.995,2623.685,2633.965,0
2024-09-24 00:00,2633.965,2639.945,2622.475,2628.795,0
2024-09-24 04:00,2628.785,2636.045,2623.245,2626.275,0
2024-09-24 08:00,2626.295,2648.285,2623.345,2643.025,0
2024-09-24 12:00,2643.025,2664.204,2642.298,2662.548,0
2024-09-24 16:00,2662.524,2663.588,2656.334,2658.035,0
2024-09-24 20:00,2658.035,2670.348,2655.345,2661.385,0
2024-09-25 00:00,2661.415,2661.545,2651.215,2656.788,0
2024-09-25 04:00,2656.845,2658.435,2652.615,2657.258,0
2024-09-25 08:00,2657.258,2667.345,2654.178,2657.574,0
2024-09-25 12:00,2657.574,2662.855,2649.715,2659.638,0
2024-09-25 16:00,2659.638,2660.178,2656.084,2656.188,0
2024-09-25 20:00,2656.184,2662.398,2655.268,2662.398,0
2024-09-26 00:00,2662.415,2666.795,2657.855,2664.535,0
2024-09-26 04:00,2664.535,2685.405,2664.485,2682.665,0
2024-09-26 08:00,2682.655,2684.105,2654.685,2671.214,0
2024-09-26 12:00,2671.254,2677.708,2662.744,2673.548,0
2024-09-26 16:00,2673.598,2673.958,2670.708,2672.495,0
2024-09-26 20:00,2672.495,2673.855,2666.075,2673.555,0
2024-09-27 00:00,2673.555,2673.785,2660.825,2664.568,0
2024-09-27 04:00,2664.588,2669.038,2658.198,2665.955,0
2024-09-27 08:00,2665.975,2674.134,2644.665,2649.635,0
2024-09-27 12:00,2649.635,2656.145,2643.111,2651.915,0
2024-09-27 16:00,2651.888,2659.905,2651.038,2657.955,0
2024-09-29 16:00,2657.935,2664.905,2657.025,2663.418,0
2024-09-29 20:00,2663.418,2665.858,2647.285,2653.388,0
2024-09-30 00:00,2653.408,2660.495,2650.588,2650.818,0
2024-09-30 04:00,2650.788,2656.485,2634.305,2641.475,0
2024-09-30 08:00,2641.485,2644.065,2628.614,2633.734,0
2024-09-30 12:00,2633.808,2641.678,2624.538,2630.835,0
2024-09-30 16:00,2630.898,2636.035,2630.615,2635.595,0
2024-09-30 20:00,2635.595,2639.905,2633.815,2637.845,0
2024-10-01 00:00,2637.845,2647.318,2637.335,2645.485,0
2024-10-01 04:00,2645.505,2651.955,2642.295,2650.178,0
2024-10-01 08:00,2650.115,2671.735,2647.865,2663.315,0
2024-10-01 12:00,2663.275,2672.908,2657.425,2658.588,0
2024-10-01 16:00,2658.565,2663.855,2657.755,2660.218,0
2024-10-01 20:00,2660.195,2661.878,2654.955,2655.238,0
2024-10-02 00:00,2655.205,2656.355,2644.395,2655.315,0
2024-10-02 04:00,2655.315,2655.715,2647.845,2649.448,0
2024-10-02 08:00,2649.465,2663.194,2640.954,2649.835,0
2024-10-02 12:00,2649.835,2658.838,2647.095,2658.498,0
2024-10-02 16:00,2658.504,2661.064,2657.725,2660.135,0
2024-10-02 20:00,2660.135,2662.775,2653.175,2655.878,0
2024-10-03 00:00,2655.908,2657.315,2643.304,2645.145,0
2024-10-03 04:00,2645.068,2648.935,2640.895,2647.935,0
2024-10-03 08:00,2647.948,2654.435,2636.255,2648.735,0
2024-10-03 12:00,2648.805,2662.008,2648.455,2657.815,0
2024-10-03 16:00,2657.815,2657.815,2654.178,2655.615,0
2024-10-03 20:00,2655.655,2663.474,2655.315,2660.985,0
2024-10-04 00:00,2660.965,2667.675,2658.605,2660.888,0
2024-10-04 04:00,2660.865,2662.455,2656.755,2661.205,0
2024-10-04 08:00,2661.185,2670.065,2632.068,2653.045,0
2024-10-04 12:00,2653.045,2653.685,2641.755,2651.458,0
2024-10-04 16:00,2651.495,2653.835,2649.705,2653.545,0
2024-10-06 16:00,2650.375,2652.615,2648.875,2650.055,0
2024-10-06 20:00,2650.125,2651.778,2643.708,2647.255,0
2024-10-07 00:00,2647.255,2652.695,2639.605,2651.925,0
2024-10-07 04:00,2651.975,2659.465,2650.565,2656.835,0
2024-10-07 08:00,2656.868,2659.155,2637.688,2645.608,0
2024-10-07 12:00,2645.608,2648.635,2639.505,2643.148,0
2024-10-07 16:00,2643.058,2648.975,2641.595,2642.855,0
2024-10-07 20:00,2642.895,2648.095,2633.665,2642.805,0
2024-10-08 00:00,2642.805,2646.335,2631.025,2633.815,0
2024-10-08 04:00,2633.845,2651.835,2628.425,2650.615,0
2024-10-08 08:00,2650.695,2652.885,2604.575,2612.825,0
2024-10-08 12:00,2612.805,2623.485,2605.325,2622.815,0
2024-10-08 16:00,2622.905,2623.665,2618.785,2621.865,0
2024-10-08 20:00,2621.835,2624.085,2614.735,2617.085,0
2024-10-09 00:00,2617.085,2624.165,2608.974,2611.515,0
2024-10-09 04:00,2611.538,2622.258,2610.345,2618.885,0
2024-10-09 08:00,2618.908,2622.225,2605.185,2614.705,0
2024-10-09 12:00,2614.715,2615.645,2605.045,2609.038,0
2024-10-09 16:00,2609.055,2609.298,2606.788,2608.645,0
2024-10-09 20:00,2606.925,2616.785,2605.785,2611.615,0
2024-10-10 00:00,2611.545,2616.915,2610.125,2616.605,0
2024-10-10 04:00,2616.635,2618.778,2611.135,2612.915,0
2024-10-10 08:00,2612.915,2629.564,2601.734,2623.475,0
2024-10-10 12:00,2623.505,2631.308,2616.365,2629.048,0
2024-10-10 16:00,2629.078,2635.855,2627.995,2633.005,0
2024-10-10 20:00,2633.065,2645.958,2631.975,2645.364,0
2024-10-11 00:00,2645.355,2647.075,2637.868,2645.245,0
2024-10-11 04:00,2645.265,2646.065,2636.025,2644.585,0
2024-10-11 08:00,2644.535,2659.098,2640.465,2658.655,0
2024-10-11 12:00,2658.635,2661.258,2655.148,2656.028,0
2024-10-11 16:00,2656.015,2657.175,2654.598,2656.835,0
2024-10-13 16:00,2656.298,2656.775,2644.985,2647.865,0
2024-10-13 20:00,2647.935,2657.285,2643.058,2655.445,0
2024-10-14 00:00,2655.435,2666.705,2655.145,2660.298,0
2024-10-14 04:00,2660.295,2662.885,2650.935,2651.995,0
2024-10-14 08:00,2651.995,2661.065,2643.835,2646.625,0
2024-10-14 12:00,2646.645,2652.498,2645.735,2652.348,0
2024-10-14 16:00,2652.385,2653.198,2646.025,2649.255,0
2024-10-14 20:00,2649.255,2652.608,2644.265,2645.555,0
2024-10-15 00:00,2645.555,2653.765,2637.955,2650.615,0
2024-10-15 04:00,2650.555,2656.645,2645.505,2647.595,0
2024-10-15 08:00,2647.595,2665.005,2645.905,2664.515,0
2024-10-15 12:00,2664.525,2668.805,2658.875,2661.598,0
2024-10-15 16:00,2661.554,2663.005,2660.138,2660.345,0
2024-10-15 20:00,2660.275,2669.935,2658.558,2667.025,0
2024-10-16 00:00,2667.165,2677.545,2665.475,2676.005,0
2024-10-16 04:00,2675.844,2682.648,2673.0,2678.245,0
2024-10-16 08:00,2678.345,2685.298,2667.448,2669.878,0
2024-10-16 12:00,2669.878,2676.524,2666.645,2674.698,0
2024-10-16 16:00,2674.605,2674.868,2673.015,2673.998,0
2024-10-16 20:00,2674.035,2684.755,2673.955,2676.614,0
2024-10-17 00:00,2676.615,2685.645,2676.385,2681.865,0
2024-10-17 04:00,2681.865,2688.668,2676.794,2681.198,0
2024-10-17 08:00,2681.165,2696.605,2672.914,2693.158,0
2024-10-17 12:00,2693.145,2694.055,2683.795,2691.975,0
2024-10-17 16:00,2691.975,2694.295,2690.828,2693.635,0
2024-10-17 20:00,2693.665,2711.815,2692.745,2709.885,0
2024-10-18 00:00,2709.885,2713.888,2702.158,2702.188,0
2024-10-18 04:00,2702.188,2713.085,2701.615,2709.705,0
2024-10-18 08:00,2709.705,2720.005,2704.815,2714.708,0
2024-10-18 12:00,2714.705,2721.178,2713.418,2719.548,0
2024-10-18 16:00,2719.564,2722.405,2719.075,2721.105,0
2024-10-20 16:00,2720.098,2724.915,2719.448,2723.315,0
2024-10-20 20:00,2723.395,2732.675,2720.908,2731.425,0
2024-10-21 00:00,2731.385,2732.348,2723.465,2730.258,0
2024-10-21 04:00,2730.275,2737.938,2727.628,2734.368,0
2024-10-21 08:00,2734.335,2740.418,2716.775,2720.018,0
2024-10-21 12:00,2720.018,2725.465,2714.165,2719.764,0
2024-10-21 16:00,2719.775,2722.485,2718.695,2721.325,0
2024-10-21 20:00,2721.325,2732.985,2720.505,2730.868,0
2024-10-22 00:00,2730.795,2737.025,2728.875,2733.545,0
2024-10-22 04:00,2733.494,2739.238,2729.438,2731.885,0
2024-10-22 08:00,2731.905,2744.085,2731.465,2737.455,0
2024-10-22 12:00,2737.435,2748.748,2737.058,2748.245,0
2024-10-22 16:00,2748.245,2748.775,2745.755,2746.408,0
2024-10-22 20:00,2746.385,2747.065,2737.765,2745.955,0
2024-10-23 00:00,2745.955,2755.485,2745.215,2754.855,0
2024-10-23 04:00,2754.815,2758.338,2749.015,2749.785,0
2024-10-23 08:00,2749.785,2750.355,2708.635,2721.625,0
2024-10-23 12:00,2721.635,2723.135,2712.0,2716.095,0
2024-10-23 16:00,2716.095,2721.755,2714.095,2721.178,0
2024-10-23 20:00,2721.165,2726.695,2717.704,2722.805,0
2024-10-24 00:00,2722.805,2736.948,2722.695,2733.475,0
2024-10-24 04:00,2733.475,2739.475,2732.355,2738.475,0
2024-10-24 08:00,2738.455,2743.175,2722.385,2730.965,0
2024-10-24 12:00,2730.965,2737.638,2725.628,2736.898,0
2024-10-24 16:00,2736.998,2736.998,2733.495,2733.688,0
2024-10-24 20:00,2733.658,2735.008,2724.295,2725.885,0
2024-10-25 00:00,2725.875,2732.425,2723.805,2726.325,0
2024-10-25 04:00,2726.375,2729.245,2716.885,2724.068,0
2024-10-25 08:00,2724.065,2741.968,2723.125,2737.038,0
2024-10-25 12:00,2736.965,2744.905,2733.825,2742.428,0
2024-10-25 16:00,2742.388,2747.635,2742.335,2746.625,0
2024-10-27 16:00,2735.698,2740.095,2730.115,2732.315,0
2024-10-27 20:00,2732.295,2735.475,2724.545,2732.795,0
2024-10-28 00:00,2732.905,2744.445,2731.075,2731.845,0
2024-10-28 04:00,2731.965,2734.725,2727.715,2734.175,0
2024-10-28 08:00,2734.175,2745.788,2732.695,2742.575,0
2024-10-28 12:00,2742.555,2744.865,2740.035,2742.055,0
2024-10-28 16:00,2741.678,2746.725,2739.605,2745.648,0
2024-10-28 20:00,2745.598,2757.615,2745.468,2754.635,0
2024-10-29 00:00,2754.755,2756.718,2746.225,2754.575,0
2024-10-29 04:00,2754.575,2756.465,2746.445,2748.998,0
2024-10-29 08:00,2748.654,2771.605,2748.045,2769.275,0
2024-10-29 12:00,2769.275,2774.715,2766.205,2774.425,0
2024-10-29 16:00,2773.898,2779.015,2772.735,2778.005,0
2024-10-29 20:00,2778.045,2781.995,2775.915,2780.015,0
2024-10-30 00:00,2780.015,2789.668,2777.965,2781.815,0
2024-10-30 04:00,2781.815,2786.388,2773.125,2782.415,0
2024-10-30 08:00,2782.395,2787.365,2770.795,2785.318,0
2024-10-30 12:00,2785.318,2789.925,2783.825,2787.205,0
2024-10-30 16:00,2788.014,2788.065,2784.585,2787.485,0
2024-10-30 20:00,2787.505,2790.005,2781.955,2784.315,0
2024-10-31 00:00,2784.315,2786.455,2776.875,2778.995,0
2024-10-31 04:00,2778.985,2782.465,2771.935,2773.565,0
2024-10-31 08:00,2773.555,2773.845,2731.415,2740.615,0
2024-10-31 12:00,2740.585,2749.608,2738.115,2743.765,0
2024-10-31 16:00,2743.945,2747.785,2743.265,2744.888,0
2024-10-31 20:00,2744.865,2752.815,2744.705,2752.095,0
2024-11-01 00:00,2752.095,2757.535,2747.055,2753.335,0
2024-11-01 04:00,2753.335,2759.725,2744.685,2753.688,0
2024-11-01 08:00,2753.635,2762.048,2739.575,2743.005,0
2024-11-01 12:00,2743.005,2743.785,2733.095,2735.895,0
2024-11-03 16:00,2733.298,2740.814,2730.0,2740.235,0
2024-11-03 20:00,2740.215,2742.315,2735.185,2740.905,0
2024-11-04 00:00,2740.905,2744.675,2731.765,2733.225,0
2024-11-04 04:00,2733.215,2745.105,2732.435,2743.265,0
2024-11-04 08:00,2743.265,2748.015,2732.195,2734.085,0
2024-11-04 12:00,2734.095,2739.558,2731.638,2737.288,0
2024-11-04 16:00,2737.268,2737.755,2733.908,2734.955,0
2024-11-04 20:00,2734.935,2736.225,2724.695,2734.315,0
2024-11-05 00:00,2734.295,2743.135,2731.605,2742.415,0
2024-11-05 04:00,2742.415,2744.935,2735.495,2737.774,0
2024-11-05 08:00,2737.785,2749.875,2732.908,2738.865,0
2024-11-05 12:00,2738.895,2743.785,2738.155,2742.885,0
2024-11-05 16:00,2742.895,2746.215,2735.185,2737.845,0
2024-11-05 20:00,2737.875,2749.605,2730.425,2741.615,0
2024-11-06 00:00,2741.645,2743.438,2701.245,2724.325,0
2024-11-06 04:00,2724.315,2728.445,2693.265,2695.065,0
2024-11-06 08:00,2694.995,2694.995,2652.295,2666.045,0
2024-11-06 12:00,2666.075,2669.385,2659.245,2660.615,0
2024-11-06 16:00,2660.615,2664.155,2658.375,2661.405,0
2024-11-06 20:00,2661.365,2663.885,2643.134,2654.455,0
2024-11-07 00:00,2654.625,2667.505,2652.635,2657.475,0
2024-11-07 04:00,2657.475,2674.015,2657.335,2673.515,0
2024-11-07 08:00,2673.515,2700.038,2672.295,2695.635,0
2024-11-07 12:00,2695.645,2710.244,2687.405,2704.284,0
2024-11-07 16:00,2704.284,2710.235,2703.515,2706.185,0
2024-11-07 20:00,2706.185,2707.465,2693.125,2693.424,0
2024-11-08 00:00,2693.415,2696.165,2680.215,2688.585,0
2024-11-08 04:00,2688.585,2694.815,2682.0,2691.795,0
2024-11-08 08:00,2691.775,2703.935,2682.785,2683.155,0
2024-11-08 12:00,2683.155,2688.658,2683.155,2684.955,0
2024-11-08 16:00,2684.915,2685.725,2682.695,2684.035,0
2024-11-10 16:00,2683.898,2686.025,2678.898,2683.915,0
2024-11-10 20:00,2683.875,2684.735,2666.375,2671.985,0
2024-11-11 00:00,2671.985,2674.115,2666.875,2669.525,0
2024-11-11 04:00,2669.435,2675.225,2656.565,2657.125,0
2024-11-11 08:00,2657.125,2657.475,2612.615,2615.045,0
2024-11-11 12:00,2615.015,2626.075,2610.515,2621.955,0
2024-11-11 16:00,2621.865,2625.078,2618.598,2623.828,0
2024-11-11 20:00,2623.795,2627.015,2615.515,2617.625,0
2024-11-12 00:00,2617.635,2618.035,2595.074,2600.495,0
2024-11-12 04:00,2600.485,2606.958,2589.508,2605.125,0
2024-11-12 08:00,2605.145,2616.885,2597.245,2600.675,0
2024-11-12 12:00,2600.645,2601.975,2592.305,2599.588,0
2024-11-12 16:00,2599.578,2600.604,2597.025,2599.335,0
2024-11-12 20:00,2599.325,2613.118,2599.325,2606.065,0
2024-11-13 00:00,2606.135,2610.645,2600.894,2607.505,0
2024-11-13 04:00,2607.495,2612.585,2605.705,2609.505,0
2024-11-13 08:00,2609.525,2618.628,2584.635,2585.755,0
2024-11-13 12:00,2585.735,2586.755,2572.875,2573.665,0
2024-11-13 16:00,2573.695,2581.198,2569.175,2572.258,0
2024-11-13 20:00,2572.278,2572.728,2558.785,2565.025,0
2024-11-14 00:00,2565.025,2565.035,2550.255,2556.045,0
2024-11-14 04:00,2556.035,2558.248,2536.664,2552.085,0
2024-11-14 08:00,2552.075,2577.315,2551.125,2573.885,0
2024-11-14 12:00,2573.885,2576.795,2563.738,2567.115,0
2024-11-14 16:00,2567.125,2569.425,2563.898,2566.735,0
2024-11-14 20:00,2566.735,2571.585,2562.914,2566.925,0
2024-11-15 00:00,2566.965,2568.828,2554.335,2566.745,0
2024-11-15 04:00,2566.695,2573.158,2562.905,2568.955,0
2024-11-15 08:00,2568.978,2575.908,2561.005,2562.035,0
2024-11-15 12:00,2562.035,2567.905,2559.408,2562.095,0
2024-11-15 16:00,2562.095,2563.535,2560.975,2562.715,0
2024-11-17 16:00,2564.258,2577.165,2563.835,2576.535,0
2024-11-17 20:00,2576.535,2597.155,2576.438,2592.115,0
2024-11-18 00:00,2592.075,2592.195,2580.284,2585.515,0
2024-11-18 04:00,2585.505,2597.185,2583.655,2594.985,0
2024-11-18 08:00,2594.965,2614.955,2592.765,2611.435,0
2024-11-18 12:00,2611.435,2612.475,2607.215,2610.198,0
2024-11-18 16:00,2610.205,2613.565,2609.748,2613.185,0
2024-11-18 20:00,2613.235,2625.408,2611.545,2622.805,0
2024-11-19 00:00,2622.768,2626.908,2617.625,2626.255,0
2024-11-19 04:00,2626.225,2639.205,2625.185,2639.105,0
2024-11-19 08:00,2639.135,2639.325,2620.935,2626.308,0
2024-11-19 12:00,2626.275,2634.505,2625.478,2633.598,0
2024-11-19 16:00,2633.595,2639.025,2630.445,2637.715,0
2024-11-19 20:00,2637.735,2641.665,2635.625,2636.515,0
2024-11-20 00:00,2636.495,2638.355,2618.705,2624.095,0
2024-11-20 04:00,2624.075,2632.325,2620.774,2631.685,0
2024-11-20 08:00,2631.645,2650.715,2631.018,2650.505,0
2024-11-20 12:00,2650.505,2655.275,2645.295,2648.855,0
2024-11-20 16:00,2648.855,2658.695,2648.015,2658.385,0
2024-11-20 20:00,2658.375,2660.285,2650.284,2656.908,0
2024-11-21 00:00,2656.835,2670.118,2654.435,2668.705,0
2024-11-21 04:00,2668.715,2673.385,2662.855,2663.165,0
2024-11-21 08:00,2663.145,2671.465,2660.315,2664.545,0
2024-11-21 12:00,2664.555,2673.308,2661.635,2671.375,0
2024-11-21 16:00,2671.375,2673.395,2667.915,2673.025,0
2024-11-21 20:00,2673.035,2692.275,2672.995,2688.625,0
2024-11-22 00:00,2688.665,2700.315,2682.935,2697.225,0
2024-11-22 04:00,2697.225,2710.035,2693.375,2702.835,0
2024-11-22 08:00,2702.835,2706.498,2684.325,2705.025,0
2024-11-22 12:00,2705.015,2711.365,2703.465,2705.695,0
2024-11-22 16:00,2705.695,2716.165,2705.664,2715.805,0
2024-11-24 16:00,2713.375,2721.185,2691.251,2710.475,0
2024-11-24 20:00,2710.505,2710.975,2658.824,2672.305,0
2024-11-25 00:00,2672.305,2673.845,2658.064,2671.895,0
2024-11-25 04:00,2671.885,2688.595,2668.658,2680.815,0
2024-11-25 08:00,2680.805,2687.785,2626.135,2631.925,0
2024-11-25 12:00,2631.905,2634.095,2615.455,2625.995,0
2024-11-25 16:00,2625.975,2628.478,2605.085,2619.695,0
2024-11-25 20:00,2619.675,2632.085,2617.928,2626.275,0
2024-11-26 00:00,2626.275,2626.365,2610.668,2613.225,0
2024-11-26 04:00,2613.228,2634.625,2612.705,2630.895,0
2024-11-26 08:00,2630.865,2641.774,2616.568,2628.525,0
2024-11-26 12:00,2628.485,2632.665,2619.414,2631.525,0
2024-11-26 16:00,2631.555,2633.995,2627.074,2627.625,0
2024-11-26 20:00,2627.705,2640.575,2626.935,2638.895,0
2024-11-27 00:00,2638.895,2653.495,2638.075,2653.315,0
2024-11-27 04:00,2653.365,2654.875,2643.074,2651.125,0
2024-11-27 08:00,2651.135,2658.098,2635.364,2638.804,0
2024-11-27 12:00,2638.794,2642.648,2633.898,2636.895,0
2024-11-27 16:00,2636.895,2638.315,2634.745,2635.525,0
2024-11-27 20:00,2635.505,2636.185,2620.815,2631.104,0
2024-11-28 00:00,2631.105,2646.255,2629.975,2643.935,0
2024-11-28 04:00,2643.935,2649.518,2642.645,2645.935,0
2024-11-28 08:00,2645.905,2647.805,2636.165,2641.935,0
2024-11-28 12:00,2641.915,2642.225,2637.175,2637.215,0
2024-11-28 16:00,2637.505,2639.105,2635.575,2635.965,0
2024-11-28 20:00,2635.965,2664.118,2633.925,2659.785,0
2024-11-29 00:00,2659.785,2666.195,2654.378,2657.155,0
2024-11-29 04:00,2657.135,2665.775,2655.725,2659.805,0
2024-11-29 08:00,2659.895,2663.165,2650.495,2662.105,0
2024-11-29 12:00,2662.055,2662.145,2648.525,2649.945,0
2024-12-01 16:00,2653.075,2653.115,2629.845,2637.325,0
2024-12-01 20:00,2637.305,2639.115,2622.765,2628.445,0
2024-12-02 00:00,2628.435,2633.495,2622.0,2629.395,0
2024-12-02 04:00,2629.295,2646.205,2628.424,2640.905,0
2024-12-02 08:00,2640.925,2651.648,2636.878,2641.225,0
2024-12-02 12:00,2641.255,2644.115,2633.425,2636.985,0
2024-12-02 16:00,2636.975,2644.175,2636.425,2640.975,0
2024-12-02 20:00,2640.985,2645.125,2633.965,2639.695,0
2024-12-03 00:00,2639.674,2649.924,2636.985,2645.015,0
2024-12-03 04:00,2645.015,2647.955,2638.085,2639.725,0
2024-12-03 08:00,2639.745,2655.528,2635.115,2648.245,0
2024-12-03 12:00,2648.245,2649.005,2640.135,2642.015,0
2024-12-03 16:00,2642.025,2643.865,2639.545,2640.395,0
2024-12-03 20:00,2640.385,2648.485,2637.575,2648.295,0
2024-12-04 00:00,2648.265,2651.285,2636.515,2641.178,0
2024-12-04 04:00,2641.148,2647.585,2636.115,2636.945,0
2024-12-04 08:00,2636.885,2656.998,2632.315,2649.555,0
2024-12-04 12:00,2649.565,2655.314,2646.695,2649.935,0
2024-12-04 16:00,2649.884,2651.408,2647.615,2648.235,0
2024-12-04 20:00,2648.235,2650.625,2644.595,2646.154,0
2024-12-05 00:00,2646.154,2655.445,2641.895,2643.035,0
2024-12-05 04:00,2643.015,2653.255,2641.755,2653.165,0
2024-12-05 08:00,2653.185,2654.418,2631.885,2635.065,0
2024-12-05 12:00,2635.105,2635.775,2623.385,2631.175,0
2024-12-05 16:00,2631.248,2633.725,2628.015,2628.325,0
2024-12-05 20:00,2628.345,2644.405,2612.585,2642.095,0
2024-12-06 00:00,2642.075,2645.065,2635.165,2644.034,0
2024-12-06 04:00,2644.045,2645.535,2632.295,2638.415,0
2024-12-06 08:00,2638.405,2643.185,2623.864,2640.295,0
2024-12-06 12:00,2640.355,2640.535,2631.365,2631.758,0
2024-12-06 16:00,2631.725,2633.675,2630.955,2632.664,0
2024-12-08 16:00,2646.52,2648.105,2627.455,2630.865,0
2024-12-08 20:00,2630.875,2650.515,2630.795,2635.845,0
2024-12-09 00:00,2635.855,2651.125,2635.748,2649.265,0
2024-12-09 04:00,2649.255,2660.345,2648.635,2656.095,0
2024-12-09 08:00,2656.095,2676.255,2654.545,2667.515,0
2024-12-09 12:00,2667.535,2669.255,2656.675,2657.745,0
2024-12-09 16:00,2657.745,2665.398,2657.715,2664.865,0
2024-12-09 20:00,2664.865,2673.625,2660.445,2670.165,0
2024-12-10 00:00,2670.214,2671.495,2661.064,2663.075,0
2024-12-10 04:00,2663.095,2679.355,2661.515,2677.604,0
2024-12-10 08:00,2677.675,2692.425,2672.205,2692.215,0
2024-12-10 12:00,2692.215,2695.378,2690.364,2691.655,0
2024-12-10 16:00,2691.655,2701.785,2691.498,2700.905,0
2024-12-10 20:00,2700.895,2704.098,2680.948,2684.435,0
2024-12-11 00:00,2684.278,2697.538,2674.345,2690.814,0
2024-12-11 04:00,2690.814,2699.585,2685.724,2695.554,0
2024-12-11 08:00,2695.554,2718.384,2690.334,2715.134,0
2024-12-11 12:00,2715.114,2721.005,2713.125,2717.065,0
2024-12-11 16:00,2717.035,2723.705,2715.885,2723.575,0
2024-12-11 20:00,2724.915,2725.675,2697.885,2712.485,0
2024-12-12 00:00,2712.525,2720.315,2709.588,2717.695,0
2024-12-12 04:00,2717.775,2718.555,2705.805,2706.465,0
2024-12-12 08:00,2706.465,2710.684,2675.055,2683.394,0
2024-12-12 12:00,2683.355,2686.855,2679.235,2679.595,0
2024-12-12 16:00,2679.555,2685.555,2678.675,2685.305,0
2024-12-12 20:00,2685.334,2692.595,2684.054,2687.275,0
2024-12-13 00:00,2687.355,2690.324,2674.495,2674.865,0
2024-12-13 04:00,2674.765,2676.845,2662.805,2672.325,0
2024-12-13 08:00,2672.335,2672.805,2654.525,2661.894,0
2024-12-13 12:00,2661.898,2662.144,2646.265,2647.745,0
2024-12-13 16:00,2647.795,2649.805,2645.945,2647.385,0
2024-12-15 16:00,2649.098,2652.845,2643.374,2647.055,0
2024-12-15 20:00,2647.045,2655.448,2646.595,2652.618,0
2024-12-16 00:00,2652.618,2661.838,2649.374,2657.805,0
2024-12-16 04:00,2657.765,2664.248,2655.598,2659.845,0
2024-12-16 08:00,2659.844,2664.118,2648.475,2652.005,0
2024-12-16 12:00,2651.915,2655.594,2651.135,2652.585,0
2024-12-16 16:00,2652.665,2655.325,2651.015,2655.145,0
2024-12-16 20:00,2655.145,2658.465,2650.728,2651.565,0
2024-12-17 00:00,2651.645,2656.948,2641.365,2644.085,0
2024-12-17 04:00,2644.065,2645.955,2635.994,2642.685,0
2024-12-17 08:00,2642.675,2646.748,2632.795,2638.714,0
2024-12-17 12:00,2638.714,2648.865,2637.648,2643.364,0
2024-12-17 16:00,2643.605,2650.255,2643.274,2649.975,0
2024-12-17 20:00,2649.885,2651.525,2642.555,2644.925,0
2024-12-18 00:00,2644.915,2649.535,2641.945,2647.835,0
2024-12-18 04:00,2647.765,2649.348,2643.325,2643.795,0
2024-12-18 08:00,2643.785,2647.435,2633.025,2634.665,0
2024-12-18 12:00,2634.615,2639.895,2586.998,2592.355,0
2024-12-18 16:00,2592.535,2596.985,2582.264,2595.011,0
2024-12-18 20:00,2595.055,2617.948,2593.148,2609.075,0
2024-12-19 00:00,2609.075,2622.435,2603.195,2618.264,0
2024-12-19 04:00,2618.264,2626.325,2604.145,2606.024,0
2024-12-19 08:00,2606.098,2606.098,2586.815,2591.695,0
2024-12-19 12:00,2591.675,2600.925,2590.675,2596.705,0
2024-12-19 16:00,2596.725,2596.835,2590.375,2590.675,0
2024-12-19 20:00,2590.655,2603.825,2589.475,2597.804,0
2024-12-20 00:00,2597.804,2607.598,2596.335,2605.334,0
2024-12-20 04:00,2605.354,2606.875,2599.904,2603.385,0
2024-12-20 08:00,2603.365,2631.698,2599.715,2624.968,0
2024-12-20 12:00,2624.968,2629.175,2621.995,2622.575,0
2024-12-20 16:00,2622.615,2623.925,2619.065,2622.435,0
2024-12-22 16:00,2623.698,2625.128,2617.285,2621.405,0
2024-12-22 20:00,2621.405,2627.255,2618.348,2625.335,0
2024-12-23 00:00,2625.465,2633.135,2624.325,2629.785,0
2024-12-23 04:00,2629.795,2630.575,2612.908,2614.884,0
2024-12-23 08:00,2614.884,2619.795,2608.055,2615.694,0
2024-12-23 12:00,2615.648,2616.394,2608.955,2610.755,0
2024-12-23 16:00,2610.785,2617.155,2610.105,2616.475,0
2024-12-23 20:00,2616.555,2620.348,2614.364,2619.938,0
2024-12-24 00:00,2619.948,2621.205,2616.275,2617.205,0
2024-12-24 04:00,2617.205,2618.248,2612.155,2613.635,0
2024-12-24 08:00,2613.555,2617.695,2609.935,2615.875,0
2024-12-24 12:00,2615.855,2619.245,2614.565,2616.348,0
2024-12-25 16:00,2619.205,2622.545,2614.248,2621.455,0
2024-12-25 20:00,2621.448,2629.065,2620.645,2627.098,0
2024-12-26 00:00,2627.074,2629.498,2623.435,2627.335,0
2024-12-26 04:00,2627.344,2629.808,2624.455,2626.515,0
2024-12-26 08:00,2626.498,2638.975,2621.598,2631.954,0
2024-12-26 12:00,2631.954,2636.205,2627.818,2634.115,0
2024-12-26 16:00,2634.128,2634.375,2630.425,2631.305,0
2024-12-26 20:00,2631.295,2635.348,2628.765,2633.455,0
2024-12-27 00:00,2633.455,2638.105,2626.0,2626.048,0
2024-12-27 04:00,2626.048,2631.395,2623.248,2625.998,0
2024-12-27 08:00,2625.998,2627.165,2611.285,2617.815,0
2024-12-27 12:00,2617.825,2621.234,2612.448,2615.315,0
2024-12-27 16:00,2615.265,2621.598,2615.175,2621.348,0
2024-12-29 16:00,2620.154,2625.998,2618.914,2622.385,0
2024-12-29 20:00,2622.305,2627.985,2621.285,2621.975,0
2024-12-30 00:00,2621.948,2624.515,2609.125,2611.775,0
2024-12-30 04:00,2611.765,2622.325,2608.975,2621.355,0
2024-12-30 08:00,2621.335,2622.425,2595.905,2599.575,0
2024-12-30 12:00,2599.645,2609.365,2599.645,2607.585,0
2024-12-30 16:00,2607.595,2608.505,2603.548,2607.585,0
2024-12-30 20:00,2607.585,2611.375,2603.305,2606.455,0
2024-12-31 00:00,2606.475,2617.595,2602.475,2616.415,0
2024-12-31 04:00,2616.354,2616.648,2609.075,2610.905,0
2024-12-31 08:00,2610.905,2627.015,2605.195,2625.165,0
2024-12-31 12:00,2625.164,2627.364,2621.924,2623.064,0
2024-12-31 16:00,2622.964,2624.675,2622.715,2624.155,0
2025-01-01 16:00,2625.098,2627.765,2621.475,2625.185,0
2025-01-01 20:00,2625.185,2636.298,2623.645,2633.754,0
2025-01-02 00:00,2633.754,2637.558,2630.985,2636.348,0
2025-01-02 04:00,2636.365,2646.265,2632.535,2643.165,0
2025-01-02 08:00,2643.155,2660.348,2635.865,2659.148,0
2025-01-02 12:00,2659.144,2660.375,2652.348,2659.598,0
2025-01-02 16:00,2659.455,2660.985,2656.415,2660.655,0
2025-01-02 20:00,2660.655,2665.185,2656.025,2662.735,0
2025-01-03 00:00,2662.745,2662.775,2649.795,2652.805,0
2025-01-03 04:00,2652.805,2659.155,2652.695,2655.085,0
2025-01-03 08:00,2655.095,2656.175,2639.0,2639.805,0
2025-01-03 12:00,2639.805,2642.844,2636.725,2638.115,0
2025-01-03 16:00,2638.115,2640.555,2636.625,2639.898,0
2025-01-05 16:00,2639.298,2643.165,2638.425,2643.065,0
2025-01-05 20:00,2643.035,2647.275,2634.185,2635.295,0
2025-01-06 00:00,2635.285,2636.065,2625.035,2631.385,0
2025-01-06 04:00,2631.295,2649.305,2630.775,2645.198,0
2025-01-06 08:00,2645.065,2648.668,2614.365,2640.598,0
2025-01-06 12:00,2640.665,2640.898,2632.785,2634.485,0
2025-01-06 16:00,2634.444,2636.935,2632.775,2634.895,0
2025-01-06 20:00,2634.875,2641.105,2634.704,2638.055,0
2025-01-07 00:00,2638.055,2646.515,2636.855,2642.485,0
2025-01-07 04:00,2642.425,2652.575,2640.025,2651.395,0
2025-01-07 08:00,2651.375,2664.098,2642.035,2651.615,0
2025-01-07 12:00,2651.594,2655.848,2646.808,2650.198,0
2025-01-07 16:00,2650.185,2651.375,2647.505,2650.435,0
2025-01-07 20:00,2650.445,2650.755,2645.095,2646.848,0
2025-01-08 00:00,2646.848,2654.255,2646.515,2651.848,0
2025-01-08 04:00,2651.744,2654.995,2645.674,2651.848,0
2025-01-08 08:00,2651.748,2669.844,2650.005,2669.498,0
2025-01-08 12:00,2669.498,2669.654,2649.114,2663.348,0
2025-01-08 16:00,2663.235,2663.945,2659.305,2659.775,0
2025-01-08 20:00,2659.785,2661.945,2655.305,2658.845,0
2025-01-09 00:00,2658.815,2666.775,2657.535,2664.124,0
2025-01-09 04:00,2664.234,2675.048,2662.068,2673.884,0
2025-01-09 08:00,2673.824,2678.395,2666.038,2667.445,0
2025-01-09 12:00,2667.445,2672.324,2662.548,2669.605,0
2025-01-09 16:00,2669.555,2671.275,2668.325,2670.395,0
2025-01-09 20:00,2670.435,2674.585,2669.065,2671.705,0
2025-01-10 00:00,2671.615,2680.355,2671.385,2679.705,0
2025-01-10 04:00,2679.765,2682.938,2674.578,2678.084,0
2025-01-10 08:00,2678.085,2697.654,2663.205,2695.984,0
2025-01-10 12:00,2696.004,2697.709,2683.948,2690.455,0
2025-01-10 16:00,2690.495,2693.648,2687.545,2689.755,0
2025-01-12 16:00,2690.155,2693.245,2687.189,2689.395,0
2025-01-12 20:00,2689.395,2690.725,2679.145,2685.745,0
2025-01-13 00:00,2685.825,2691.235,2683.085,2686.929,0
2025-01-13 04:00,2686.929,2688.315,2664.098,2670.899,0
2025-01-13 08:00,2670.899,2674.135,2660.498,2661.049,0
2025-01-13 12:00,2661.049,2663.898,2656.615,2662.245,0
2025-01-13 16:00,2662.185,2670.945,2660.745,2670.255,0
2025-01-13 20:00,2670.245,2673.885,2667.675,2673.405,0
2025-01-14 00:00,2673.455,2675.155,2666.985,2670.815,0
2025-01-14 04:00,2670.755,2671.485,2664.439,2668.165,0
2025-01-14 08:00,2668.165,2674.148,2659.645,2671.418,0
2025-01-14 12:00,2671.375,2676.348,2666.495,2676.348,0
2025-01-14 16:00,2676.299,2679.198,2672.535,2672.645,0
2025-01-14 20:00,2672.685,2676.575,2669.315,2675.375,0
2025-01-15 00:00,2675.415,2685.225,2674.385,2683.805,0
2025-01-15 04:00,2683.805,2688.925,2682.745,2684.465,0
2025-01-15 08:00,2684.445,2695.925,2676.439,2689.098,0
2025-01-15 12:00,2689.245,2696.359,2688.249,2696.245,0
2025-01-15 16:00,2696.255,2698.005,2692.648,2695.045,0
2025-01-15 20:00,2695.125,2702.008,2694.245,2697.148,0
2025-01-16 00:00,2697.148,2703.195,2689.725,2698.819,0
2025-01-16 04:00,2698.819,2711.045,2697.318,2703.565,0
2025-01-16 08:00,2703.565,2722.235,2701.099,2720.185,0
2025-01-16 12:00,2720.165,2724.565,2714.305,2715.685,0
2025-01-16 16:00,2715.645,2716.005,2712.195,2714.509,0
2025-01-16 20:00,2714.549,2717.375,2709.725,2714.615,0
2025-01-17 00:00,2714.615,2715.375,2708.525,2711.555,0
2025-01-17 04:00,2711.555,2711.809,2702.669,2710.755,0
2025-01-17 08:00,2710.785,2717.185,2702.555,2715.935,0
2025-01-17 12:00,2715.935,2716.355,2699.785,2700.705,0
2025-01-17 16:00,2700.705,2702.905,2698.445,2702.645,0
2025-01-19 16:00,2701.105,2702.765,2690.875,2694.345,0
2025-01-19 20:00,2694.355,2706.295,2689.308,2705.775,0
2025-01-20 00:00,2705.745,2713.655,2702.625,2706.835,0
2025-01-20 04:00,2706.775,2712.445,2702.845,2707.985,0
2025-01-20 08:00,2707.975,2711.835,2701.498,2707.205,0
2025-01-20 12:00,2707.185,2710.955,2704.065,2707.248,0
2025-01-20 16:00,2706.055,2711.258,2702.745,2705.285,0
2025-01-20 20:00,2705.325,2727.715,2703.025,2727.245,0
2025-01-21 00:00,2727.285,2732.725,2721.208,2723.165,0
2025-01-21 04:00,2723.135,2727.125,2716.345,2726.595,0
2025-01-21 08:00,2726.405,2744.825,2724.435,2743.005,0
2025-01-21 12:00,2743.005,2745.848,2739.555,2742.305,0
2025-01-21 16:00,2742.285,2748.995,2741.705,2748.045,0
2025-01-21 20:00,2748.045,2752.775,2746.078,2751.908,0
2025-01-22 00:00,2751.908,2758.475,2745.425,2753.045,0
2025-01-22 04:00,2753.025,2763.205,2751.385,2758.278,0
2025-01-22 08:00,2758.278,2761.648,2750.148,2758.115,0
2025-01-22 12:00,2758.175,2759.265,2754.725,2756.565,0
2025-01-22 16:00,2756.565,2756.935,2753.015,2755.178,0
2025-01-22 20:00,2755.178,2756.088,2749.385,2751.425,0
2025-01-23 00:00,2751.498,2755.398,2751.018,2752.605,0
2025-01-23 04:00,2752.665,2754.245,2740.898,2744.655,0
2025-01-23 08:00,2744.645,2757.128,2735.665,2753.708,0
2025-01-23 12:00,2753.598,2758.655,2751.078,2753.768,0
2025-01-23 16:00,2753.728,2760.925,2751.868,2759.585,0
2025-01-23 20:00,2759.585,2777.215,2758.398,2771.825,0
2025-01-24 00:00,2771.805,2778.115,2769.885,2773.995,0
2025-01-24 04:00,2773.975,2779.955,2770.768,2778.415,0
2025-01-24 08:00,2778.398,2785.825,2769.708,2771.825,0
2025-01-24 12:00,2771.725,2775.985,2770.435,2770.905,0
2025-01-24 16:00,2770.875,2772.005,2769.805,2769.805,0
2025-01-26 16:00,2770.305,2770.815,2764.455,2769.455,0
2025-01-26 20:00,2769.575,2772.415,2753.618,2757.935,0
2025-01-27 00:00,2757.805,2759.695,2747.065,2757.055,0
2025-01-27 04:00,2757.055,2771.855,2755.455,2761.155,0
2025-01-27 08:00,2761.155,2762.245,2733.075,2734.275,0
2025-01-27 12:00,2734.285,2742.365,2730.529,2741.338,0
2025-01-27 16:00,2741.368,2745.048,2738.913,2740.455,0
2025-01-27 20:00,2740.598,2745.065,2737.675,2742.135,0
2025-01-28 00:00,2742.435,2744.755,2734.738,2741.045,0
2025-01-28 04:00,2741.115,2745.405,2740.295,2745.395,0
2025-01-28 08:00,2745.415,2759.308,2744.985,2758.425,0
2025-01-28 12:00,2758.425,2764.875,2757.285,2763.998,0
2025-01-28 16:00,2763.948,2764.595,2761.855,2763.755,0
2025-01-28 20:00,2763.708,2765.985,2761.385,2762.295,0
2025-01-29 00:00,2762.245,2765.928,2757.275,2763.885,0
2025-01-29 04:00,2763.945,2764.265,2755.385,2756.365,0
2025-01-29 08:00,2756.395,2760.925,2748.0,2751.415,0
2025-01-29 12:00,2751.445,2758.965,2745.0,2754.808,0
2025-01-29 16:00,2754.758,2762.405,2753.895,2761.828,0
2025-01-29 20:00,2761.925,2763.165,2758.785,2760.185,0
2025-01-30 00:00,2760.185,2776.435,2758.475,2776.055,0
2025-01-30 04:00,2776.075,2781.115,2771.215,2780.115,0
2025-01-30 08:00,2779.985,2798.305,2776.955,2790.545,0
2025-01-30 12:00,2790.535,2798.075,2788.435,2795.465,0
2025-01-30 16:00,2795.465,2799.375,2789.405,2795.705,0
2025-01-30 20:00,2795.685,2798.065,2794.345,2795.835,0
2025-01-31 00:00,2795.835,2800.645,2791.385,2793.135,0
2025-01-31 04:00,2793.185,2807.565,2790.895,2805.265,0
2025-01-31 08:00,2805.125,2816.935,2802.818,2807.295,0
2025-01-31 12:00,2807.315,2816.088,2793.965,2800.698,0
2025-01-31 16:00,2800.738,2802.295,2796.605,2798.085,0
2025-02-02 16:00,2793.987,2803.148,2782.548,2792.005,0
2025-02-02 20:00,2791.975,2792.035,2771.885,2780.595,0
2025-02-03 00:00,2780.575,2800.305,2779.775,2796.565,0
2025-02-03 04:00,2796.585,2810.505,2792.765,2810.188,0
2025-02-03 08:00,2810.188,2830.305,2807.208,2813.965,0
2025-02-03 12:00,2813.955,2822.765,2813.525,2816.485,0
2025-02-03 16:00,2816.485,2817.348,2810.978,2816.855,0
2025-02-03 20:00,2817.215,2824.445,2815.685,2818.815,0
2025-02-04 00:00,2818.825,2819.105,2806.925,2814.965,0
2025-02-04 04:00,2814.945,2822.875,2812.385,2821.615,0
2025-02-04 08:00,2821.635,2845.335,2821.205,2840.305,0
2025-02-04 12:00,2840.325,2844.875,2839.295,2844.135,0
2025-02-04 16:00,2844.155,2847.995,2840.148,2845.085,0
2025-02-04 20:00,2845.105,2857.984,2839.335,2854.975,0
2025-02-05 00:00,2854.995,2869.485,2853.445,2867.345,0
2025-02-05 04:00,2867.315,2876.905,2864.595,2870.195,0
2025-02-05 08:00,2870.135,2882.215,2858.315,2874.795,0
2025-02-05 12:00,2874.775,2876.548,2859.805,2862.485,0
2025-02-05 16:00,2862.365,2870.775,2860.935,2869.535,0
2025-02-05 20:00,2869.565,2873.085,2863.448,2868.218,0
2025-02-06 00:00,2868.135,2871.235,2848.535,2855.978,0
2025-02-06 04:00,2855.978,2870.045,2855.445,2864.245,0
2025-02-06 08:00,2864.235,2864.775,2833.955,2848.715,0
2025-02-06 12:00,2848.705,2857.195,2847.985,2856.348,0
2025-02-06 16:00,2856.475,2860.255,2854.665,2858.275,0
2025-02-06 20:00,2858.275,2870.395,2857.415,2866.195,0
2025-02-07 00:00,2866.248,2866.945,2858.845,2866.175,0
2025-02-07 04:00,2866.165,2870.505,2863.235,2863.465,0
2025-02-07 08:00,2863.525,2886.605,2852.085,2860.595,0
2025-02-07 12:00,2860.585,2864.905,2853.135,2860.485,0
2025-02-07 16:00,2860.485,2863.115,2859.698,2860.135,0
2025-02-09 16:00,2858.065,2870.305,2854.448,2867.825,0
2025-02-09 20:00,2867.855,2879.365,2865.855,2879.065,0
2025-02-10 00:00,2879.045,2898.829,2875.915,2896.425,0
2025-02-10 04:00,2896.395,2906.905,2896.025,2902.725,0
2025-02-10 08:00,2902.675,2911.655,2896.205,2900.885,0
2025-02-10 12:00,2900.875,2907.605,2896.315,2907.148,0
2025-02-10 16:00,2907.109,2924.848,2905.085,2922.115,0
2025-02-10 20:00,2922.228,2942.665,2905.015,2916.035,0
2025-02-11 00:00,2916.035,2929.275,2906.845,2907.245,0
2025-02-11 04:00,2907.195,2912.035,2886.365,2889.325,0
2025-02-11 08:00,2889.035,2908.475,2881.635,2902.215,0
2025-02-11 12:00,2902.195,2907.155,2893.855,2897.345,0
2025-02-11 16:00,2897.455,2900.585,2889.065,2892.135,0
2025-02-11 20:00,2892.085,2897.745,2883.345,2885.005,0
2025-02-12 00:00,2885.215,2895.705,2883.505,2891.545,0
2025-02-12 04:00,2891.555,2893.295,2878.718,2884.849,0
2025-02-12 08:00,2884.889,2904.295,2863.685,2902.285,0
2025-02-12 12:00,2902.295,2909.035,2893.385,2900.815,0
2025-02-12 16:00,2900.809,2908.898,2899.915,2906.065,0
2025-02-12 20:00,2906.005,2919.035,2901.188,2918.355,0
2025-02-13 00:00,2918.395,2922.575,2909.305,2911.525,0
2025-02-13 04:00,2911.535,2921.105,2909.645,2917.455,0
2025-02-13 08:00,2917.455,2920.815,2905.548,2913.685,0
2025-02-13 12:00,2913.655,2928.865,2913.365,2928.275,0
2025-02-13 16:00,2928.245,2932.215,2926.675,2927.645,0
2025-02-13 20:00,2927.745,2933.705,2922.915,2928.235,0
2025-02-14 00:00,2928.265,2938.385,2926.525,2934.985,0
2025-02-14 04:00,2934.925,2939.935,2927.655,2930.615,0
2025-02-14 08:00,2930.585,2933.145,2888.345,2895.655,0
2025-02-14 12:00,2895.645,2897.225,2876.805,2885.248,0
2025-02-14 16:00,2885.248,2885.555,2881.635,2882.085,0
2025-02-16 16:00,2881.745,2893.405,2878.015,2883.275,0
2025-02-16 20:00,2883.285,2904.775,2882.195,2898.898,0
2025-02-17 00:00,2898.925,2905.075,2888.155,2900.035,0
2025-02-17 04:00,2900.029,2906.215,2895.328,2897.315,0
2025-02-17 08:00,2897.308,2903.945,2895.428,2899.035,0
2025-02-17 12:00,2899.045,2899.625,2896.625,2898.275,0
2025-02-17 16:00,2898.545,2900.185,2896.895,2899.135,0
2025-02-17 20:00,2899.145,2910.785,2891.775,2910.555,0
2025-02-18 00:00,2910.875,2915.535,2908.175,2912.165,0
2025-02-18 04:00,2912.155,2918.755,2906.915,2917.985,0
2025-02-18 08:00,2917.985,2933.495,2913.115,2932.595,0
2025-02-18 12:00,2932.595,2936.825,2928.108,2933.215,0
2025-02-18 16:00,2933.305,2936.485,2928.255,2929.035,0
2025-02-18 20:00,2928.825,2939.465,2924.0,2929.145,0
2025-02-19 00:00,2929.215,2939.985,2927.775,2938.435,0
2025-02-19 04:00,2938.415,2946.865,2931.075,2933.315,0
2025-02-19 08:00,2933.315,2941.515,2922.855,2927.845,0
2025-02-19 12:00,2927.838,2936.425,2918.365,2935.658,0
2025-02-19 16:00,2935.675,2941.195,2932.075,2940.685,0
2025-02-19 20:00,2940.695,2943.815,2933.615,2939.645,0
2025-02-20 00:00,2939.735,2954.645,2939.125,2954.315,0
2025-02-20 04:00,2954.335,2954.755,2938.448,2945.485,0
2025-02-20 08:00,2945.385,2947.565,2923.945,2942.875,0
2025-02-20 12:00,2942.845,2946.885,2933.165,2937.775,0
2025-02-20 16:00,2937.665,2943.235,2936.898,2939.795,0
2025-02-20 20:00,2939.795,2949.545,2926.238,2928.275,0
2025-02-21 00:00,2928.195,2933.815,2916.615,2923.095,0
2025-02-21 04:00,2923.065,2935.935,2922.835,2929.925,0
2025-02-21 08:00,2929.935,2938.815,2921.355,2936.545,0
2025-02-21 12:00,2936.575,2942.625,2932.285,2934.525,0
2025-02-21 16:00,2934.555,2938.025,2931.935,2934.955,0
2025-02-23 16:00,2934.815,2940.068,2929.215,2930.055,0
2025-02-23 20:00,2930.035,2944.575,2921.055,2940.485,0
2025-02-24 00:00,2940.505,2948.665,2935.115,2946.185,0
2025-02-24 04:00,2946.085,2951.015,2934.735,2946.385,0
2025-02-24 08:00,2946.355,2956.035,2930.585,2943.225,0
2025-02-24 12:00,2943.225,2951.405,2940.845,2950.395,0
2025-02-24 16:00,2950.365,2953.348,2947.955,2949.455,0
2025-02-24 20:00,2949.475,2952.245,2935.0,2936.645,0
2025-02-25 00:00,2936.625,2942.235,2929.365,2941.455,0
2025-02-25 04:00,2941.445,2942.285,2923.805,2928.385,0
2025-02-25 08:00,2928.405,2944.648,2888.085,2896.245,0
2025-02-25 12:00,2896.235,2913.665,2893.455,2912.555,0
2025-02-25 16:00,2912.575,2925.945,2912.525,2923.335,0
2025-02-25 20:00,2923.335,2929.995,2912.485,2914.875,0
2025-02-26 00:00,2914.905,2920.865,2905.595,2917.835,0
2025-02-26 04:00,2917.795,2918.865,2909.905,2913.615,0
2025-02-26 08:00,2913.655,2916.605,2890.588,2912.935,0
2025-02-26 12:00,2912.935,2916.565,2910.135,2916.125,0
2025-02-26 16:00,2916.075,2920.615,2914.605,2916.965,0
2025-02-26 20:00,2916.965,2918.215,2895.975,2897.115,0
2025-02-27 00:00,2897.155,2898.335,2880.135,2881.205,0
2025-02-27 04:00,2881.095,2894.845,2876.715,2884.865,0
2025-02-27 08:00,2884.825,2892.175,2867.565,2877.248,0
2025-02-27 12:00,2877.248,2887.508,2872.538,2873.765,0
2025-02-27 16:00,2873.765,2880.125,2871.125,2876.755,0
2025-02-27 20:00,2876.858,2884.925,2856.785,2863.278,0
2025-02-28 00:00,2863.268,2866.885,2850.788,2855.865,0
2025-02-28 04:00,2855.845,2864.745,2854.178,2856.148,0
2025-02-28 08:00,2856.145,2862.105,2832.455,2848.485,0
2025-02-28 12:00,2848.475,2854.935,2838.0,2854.475,0
2025-02-28 16:00,2854.495,2859.525,2853.145,2856.998,0
2025-03-02 16:00,2855.205,2876.905,2855.075,2865.495,0
2025-03-02 20:00,2865.525,2871.848,2859.055,2867.248,0
2025-03-03 00:00,2867.248,2868.705,2858.735,2868.445,0
2025-03-03 04:00,2868.495,2877.478,2864.145,2875.475,0
2025-03-03 08:00,2875.445,2892.935,2868.465,2891.245,0
2025-03-03 12:00,2891.235,2892.815,2878.115,2890.325,0
2025-03-03 16:00,2890.435,2894.985,2889.835,2891.625,0
2025-03-03 20:00,2891.625,2892.895,2881.648,2891.048,0
2025-03-04 00:00,2891.048,2918.458,2884.155,2913.875,0
2025-03-04 04:00,2913.955,2925.325,2911.785,2924.725,0
2025-03-04 08:00,2924.695,2927.715,2899.835,2914.848,0
2025-03-04 12:00,2914.848,2920.285,2908.035,2917.205,0
2025-03-04 16:00,2917.135,2918.445,2911.985,2913.845,0
2025-03-04 20:00,2913.835,2914.835,2901.758,2910.295,0
2025-03-05 00:00,2910.205,2921.765,2909.715,2919.775,0
2025-03-05 04:00,2919.775,2922.355,2908.675,2915.849,0
2025-03-05 08:00,2915.919,2929.748,2894.145,2923.595,0
2025-03-05 12:00,2923.605,2925.045,2911.125,2921.855,0
2025-03-05 16:00,2922.045,2922.205,2916.138,2916.505,0
2025-03-05 20:00,2916.498,2926.425,2915.695,2917.148,0
2025-03-06 00:00,2917.148,2922.895,2900.905,2904.625,0
2025-03-06 04:00,2904.575,2907.505,2890.815,2903.035,0
2025-03-06 08:00,2903.025,2922.628,2900.515,2916.955,0
2025-03-06 12:00,2916.955,2921.258,2908.308,2908.555,0
2025-03-06 16:00,2908.525,2913.465,2895.698,2904.535,0
2025-03-06 20:00,2904.565,2909.985,2900.985,2906.465,0
2025-03-07 00:00,2906.535,2922.845,2906.235,2922.205,0
2025-03-07 04:00,2922.195,2922.875,2916.445,2918.458,0
2025-03-07 08:00,2918.445,2930.185,2903.229,2913.795,0
2025-03-07 12:00,2913.775,2915.955,2901.825,2909.525,0
2025-03-07 16:00,2909.565,2912.448,2908.305,2909.355,0
2025-03-09 16:00,2910.905,2917.848,2909.475,2913.665,0
2025-03-09 20:00,2913.715,2918.125,2907.975,2910.658,0
2025-03-10 00:00,2910.665,2915.255,2897.409,2897.669,0
2025-03-10 04:00,2897.669,2915.275,2895.425,2906.455,0
2025-03-10 08:00,2906.525,2910.288,2895.685,2895.795,0
2025-03-10 12:00,2895.795,2895.868,2879.935,2888.325,0
2025-03-10 16:00,2888.098,2889.935,2882.048,2886.998,0
2025-03-10 20:00,2887.145,2900.315,2879.938,2897.485,0
2025-03-11 00:00,2897.445,2910.235,2892.405,2909.905,0
2025-03-11 04:00,2909.905,2915.835,2908.595,2912.925,0
2025-03-11 08:00,2912.935,2922.048,2906.665,2916.965,0
2025-03-11 12:00,2916.965,2921.245,2913.895,2915.625,0
2025-03-11 16:00,2914.998,2919.455,2911.875,2914.085,0
2025-03-11 20:00,2914.035,2919.795,2910.558,2914.785,0
2025-03-12 00:00,2914.785,2922.075,2908.785,2922.055,0
2025-03-12 04:00,2922.065,2925.135,2911.935,2917.305,0
2025-03-12 08:00,2917.295,2938.948,2905.755,2936.095,0
2025-03-12 12:00,2936.139,2940.348,2930.655,2932.925,0
2025-03-12 16:00,2933.698,2939.195,2932.885,2938.425,0
2025-03-12 20:00,2938.475,2946.975,2936.248,2944.455,0
2025-03-13 00:00,2944.495,2944.925,2932.768,2941.345,0
2025-03-13 04:00,2941.365,2949.055,2940.875,2942.205,0
2025-03-13 08:00,2942.245,2985.075,2938.738,2979.935,0
2025-03-13 12:00,2979.945,2989.165,2976.165,2988.075,0
2025-03-13 16:00,2988.698,2989.785,2982.748,2986.465,0
2025-03-13 20:00,2986.498,2993.835,2981.475,2985.205,0
2025-03-14 00:00,2985.395,2993.145,2981.0,2992.795,0
2025-03-14 04:00,2992.795,3004.725,2986.385,2993.655,0
2025-03-14 08:00,2993.655,2995.848,2978.085,2989.498,0
2025-03-14 12:00,2989.655,2990.285,2981.625,2983.795,0
2025-03-16 16:00,2984.285,2993.905,2983.048,2990.765,0
2025-03-16 20:00,2990.745,2992.895,2982.165,2982.375,0
2025-03-17 00:00,2982.565,2990.545,2981.975,2988.285,0
2025-03-17 04:00,2988.285,3001.075,2984.535,2986.945,0
2025-03-17 08:00,2986.975,3000.355,2985.805,2994.285,0
2025-03-17 12:00,2994.295,3001.755,2994.225,3000.425,0
2025-03-17 16:00,3000.098,3003.455,2999.258,3001.298,0
2025-03-17 20:00,3001.288,3016.975,2999.265,3014.208,0
2025-03-18 00:00,3014.208,3027.175,3005.848,3026.439,0
2025-03-18 04:00,3026.418,3035.585,3018.009,3034.048,0
2025-03-18 08:00,3034.025,3038.058,3024.438,3035.805,0
2025-03-18 12:00,3035.955,3037.855,3029.545,3034.075,0
2025-03-18 16:00,3033.335,3034.848,3030.198,3031.195,0
2025-03-18 20:00,3031.195,3038.795,3027.175,3036.275,0
2025-03-19 00:00,3036.385,3045.155,3024.375,3024.848,0
2025-03-19 04:00,3024.848,3040.898,3022.315,3036.948,0
2025-03-19 08:00,3036.948,3038.195,3025.678,3032.895,0
2025-03-19 12:00,3032.935,3051.758,3028.538,3045.955,0
2025-03-19 16:00,3047.648,3055.285,3046.685,3052.978,0
2025-03-19 20:00,3052.968,3057.245,3044.768,3052.098,0
2025-03-20 00:00,3052.138,3053.368,3038.475,3041.785,0
2025-03-20 04:00,3041.785,3046.065,3025.428,3040.655,0
2025-03-20 08:00,3040.845,3043.125,3029.848,3038.115,0
2025-03-20 12:00,3038.135,3045.925,3034.548,3044.725,0
2025-03-20 16:00,3043.925,3047.265,3042.075,3042.625,0
2025-03-20 20:00,3042.655,3044.395,3027.708,3029.675,0
2025-03-21 00:00,3029.725,3034.525,3021.305,3032.745,0
2025-03-21 04:00,3032.625,3037.975,3027.555,3033.808,0
2025-03-21 08:00,3033.798,3036.655,2999.268,3014.945,0
2025-03-21 12:00,3015.035,3024.125,3012.548,3022.705,0
2025-03-23 16:00,3020.155,3026.045,3016.895,3018.355,0
2025-03-23 20:00,3018.305,3025.495,3013.475,3019.145,0
2025-03-24 00:00,3019.145,3028.815,3017.125,3028.618,0
2025-03-24 04:00,3028.655,3033.135,3022.225,3024.115,0
2025-03-24 08:00,3023.965,3028.055,3006.0,3009.555,0
2025-03-24 12:00,3009.545,3014.475,3002.145,3011.435,0
2025-03-24 16:00,3011.415,3014.715,3008.855,3013.905,0
2025-03-24 20:00,3013.968,3016.215,3007.315,3014.995,0
2025-03-25 00:00,3014.978,3021.695,3010.218,3021.175,0
2025-03-25 04:00,3021.055,3026.305,3013.938,3021.568,0
2025-03-25 08:00,3020.995,3035.905,3017.768,3023.005,0
2025-03-25 12:00,3023.065,3023.125,3017.575,3019.675,0
2025-03-25 16:00,3018.745,3022.035,3017.625,3017.865,0
2025-03-25 20:00,3017.845,3026.955,3014.015,3015.015,0
2025-03-26 00:00,3015.055,3031.945,3013.048,3023.905,0
2025-03-26 04:00,3023.935,3030.285,3016.855,3026.925,0
2025-03-26 08:00,3026.935,3027.275,3012.125,3015.495,0
2025-03-26 12:00,3015.489,3021.675,3015.115,3018.685,0
2025-03-26 16:00,3018.668,3025.595,3017.298,3025.125,0
2025-03-26 20:00,3025.145,3038.495,3022.698,3033.915,0
2025-03-27 00:00,3033.965,3037.848,3026.535,3035.905,0
2025-03-27 04:00,3035.915,3055.805,3034.458,3049.875,0
2025-03-27 08:00,3049.845,3059.518,3033.295,3048.205,0
2025-03-27 12:00,3048.225,3057.685,3047.575,3055.515,0
2025-03-27 16:00,3055.498,3063.335,3053.875,3061.885,0
2025-03-27 20:00,3061.635,3077.365,3061.635,3073.685,0
2025-03-28 00:00,3073.735,3085.845,3065.798,3072.718,0
2025-03-28 04:00,3072.715,3081.725,3067.155,3077.265,0
2025-03-28 08:00,3077.245,3086.725,3067.115,3083.725,0
2025-03-28 12:00,3083.725,3085.698,3073.365,3083.898,0
2025-03-30 16:00,3086.498,3097.715,3085.355,3089.795,0
2025-03-30 20:00,3088.845,3111.575,3076.485,3106.948,0
2025-03-31 00:00,3106.875,3127.825,3105.715,3124.348,0
2025-03-31 04:00,3124.348,3126.985,3111.648,3119.315,0
2025-03-31 08:00,3119.335,3127.085,3099.685,3113.645,0
2025-03-31 12:00,3113.645,3124.529,3111.405,3124.285,0
2025-03-31 16:00,3124.305,3126.398,3119.828,3120.348,0
2025-03-31 20:00,3120.265,3147.195,3120.065,3145.815,0
2025-04-01 00:00,3145.815,3148.835,3123.919,3127.348,0
2025-04-01 04:00,3127.348,3138.819,3126.158,3130.148,0
2025-04-01 08:00,3130.165,3136.925,3113.195,3113.505,0
2025-04-01 12:00,3113.499,3118.998,3100.665,3118.698,0
2025-04-01 16:00,3118.598,3120.625,3107.455,3114.998,0
2025-04-01 20:00,3114.998,3135.525,3112.768,3125.215,0
2025-04-02 00:00,3125.308,3126.508,3108.005,3125.075,0
2025-04-02 04:00,3125.105,3133.745,3110.0,3121.175,0
2025-04-02 08:00,3121.195,3131.945,3116.425,3125.648,0
2025-04-02 12:00,3125.655,3134.085,3118.465,3123.915,0
2025-04-02 16:00,3123.898,3167.548,3104.175,3162.475,0
2025-04-02 20:00,3162.455,3164.575,3140.358,3147.865,0
2025-04-03 00:00,3147.715,3149.515,3116.175,3128.855,0
2025-04-03 04:00,3128.955,3131.935,3085.085,3092.955,0
2025-04-03 08:00,3092.935,3135.425,3053.935,3110.385,0
2025-04-03 12:00,3110.365,3114.048,3099.698,3107.405,0
2025-04-03 16:00,3107.495,3119.705,3107.145,3112.625,0
2025-04-03 20:00,3112.645,3115.515,3086.838,3098.198,0
2025-04-04 00:00,3098.085,3109.698,3091.775,3092.655,0
2025-04-04 04:00,3092.635,3136.435,3078.255,3110.098,0
2025-04-04 08:00,3110.145,3111.515,3016.518,3019.745,0
2025-04-04 12:00,3021.775,3040.765,3015.335,3036.375,0
2025-04-04 16:00,3036.315,3040.815,3033.755,3037.998,0
2025-04-06 16:00,3006.765,3032.185,2976.585,2999.548,0
2025-04-06 20:00,2999.548,3055.18,2970.305,3018.605,0
2025-04-07 00:00,3018.585,3044.295,3013.095,3018.345,0
2025-04-07 04:00,3018.385,3045.965,3017.375,3030.825,0
2025-04-07 08:00,3030.915,3037.545,2979.753,2987.293,0
2025-04-07 12:00,2987.293,2987.593,2956.125,2976.365,0
2025-04-07 16:00,2976.235,2988.435,2969.145,2981.075,0
2025-04-07 20:00,2980.985,3004.595,2980.125,2994.505,0
2025-04-08 00:00,2994.435,3015.555,2990.465,3003.415,0
2025-04-08 04:00,3003.425,3019.345,2994.715,3017.185,0
2025-04-08 08:00,3017.265,3022.485,3000.975,3001.285,0
2025-04-08 12:00,3001.255,3001.255,2974.565,2984.575,0
2025-04-08 16:00,2984.569,2990.215,2969.605,2978.265,0
2025-04-08 20:00,2978.435,3010.835,2971.745,3004.015,0
2025-04-09 00:00,3003.995,3052.229,2998.695,3040.675,0
2025-04-09 04:00,3040.685,3067.715,3035.625,3066.385,0
2025-04-09 08:00,3066.445,3087.645,3042.435,3086.115,0
2025-04-09 12:00,3086.215,3099.465,3048.385,3093.165,0
2025-04-09 16:00,3093.069,3095.205,3070.935,3086.495,0
2025-04-09 20:00,3086.495,3131.615,3078.105,3125.095,0
2025-04-10 00:00,3125.095,3132.245,3106.445,3108.215,0
2025-04-10 04:00,3108.235,3125.445,3103.165,3124.525,0
2025-04-10 08:00,3124.575,3174.695,3115.965,3157.915,0
2025-04-10 12:00,3157.915,3176.229,3151.385,3170.695,0
2025-04-10 16:00,3170.689,3191.045,3168.345,3188.775,0
2025-04-10 20:00,3188.755,3219.935,3184.665,3217.555,0
2025-04-11 00:00,3217.625,3219.005,3186.605,3212.185,0
2025-04-11 04:00,3212.165,3237.325,3208.145,3213.545,0
2025-04-11 08:00,3213.485,3243.945,3210.845,3240.165,0
2025-04-11 12:00,3240.235,3245.025,3219.395,3230.785,0
2025-04-11 16:00,3230.735,3238.145,3230.455,3236.375,0
2025-04-13 16:00,3229.155,3229.205,3209.205,3223.545,0
2025-04-13 20:00,3223.575,3245.515,3215.265,3232.145,0
2025-04-14 00:00,3232.155,3237.735,3221.115,3227.715,0
2025-04-14 04:00,3227.775,3231.545,3206.025,3223.115,0
2025-04-14 08:00,3223.135,3227.505,3193.315,3197.815,0
2025-04-14 12:00,3197.875,3216.355,3197.515,3212.575,0
2025-04-14 16:00,3212.625,3214.965,3207.155,3212.395,0
2025-04-14 20:00,3212.375,3228.785,3209.685,3228.175,0
2025-04-15 00:00,3228.105,3232.475,3217.095,3225.435,0
2025-04-15 04:00,3225.445,3232.005,3216.555,3219.865,0
2025-04-15 08:00,3219.925,3226.755,3211.385,3221.115,0
2025-04-15 12:00,3221.145,3231.725,3219.325,3229.785,0
2025-04-15 16:00,3229.745,3251.665,3226.275,3251.665,0
2025-04-15 20:00,3251.655,3281.675,3251.455,3281.415,0
2025-04-16 00:00,3281.395,3300.625,3268.895,3300.275,0
2025-04-16 04:00,3300.235,3317.575,3288.075,3306.595,0
2025-04-16 08:00,3306.455,3327.965,3296.585,3325.175,0
2025-04-16 12:00,3325.175,3342.425,3321.155,3336.515,0
2025-04-16 16:00,3336.455,3357.455,3333.955,3349.885,0
2025-04-16 20:00,3349.925,3356.065,3320.515,3344.305,0
2025-04-17 00:00,3344.035,3345.345,3314.015,3323.235,0
2025-04-17 04:00,3323.265,3333.585,3312.485,3327.235,0
2025-04-17 08:00,3327.205,3341.815,3283.345,3296.075,0
2025-04-17 12:00,3296.125,3322.335,3294.665,3320.605,0
2025-04-17 16:00,3320.645,3328.605,3317.815,3326.925,0
2025-04-20 16:00,3331.835,3352.965,3327.985,3347.975,0
2025-04-20 20:00,3348.295,3385.115,3347.285,3382.205,0
2025-04-21 00:00,3382.175,3395.855,3368.845,3384.845,0
2025-04-21 04:00,3384.839,3405.725,3383.395,3404.285,0
2025-04-21 08:00,3404.315,3430.015,3397.405,3422.695,0
2025-04-21 12:00,3422.685,3430.355,3405.825,3423.275,0
2025-04-21 16:00,3423.325,3444.045,3419.505,3434.954,0
2025-04-21 20:00,3434.986,3494.625,3411.075,3487.655,0
2025-04-22 00:00,3487.745,3499.915,3460.195,3468.155,0
2025-04-22 04:00,3468.355,3472.475,3442.775,3456.545,0
2025-04-22 08:00,3456.525,3464.655,3408.065,3417.465,0
2025-04-22 12:00,3417.375,3420.685,3366.525,3374.505,0
2025-04-22 16:00,3374.499,3382.505,3312.625,3336.315,0
2025-04-22 20:00,3336.345,3386.375,3328.695,3338.715,0
2025-04-23 00:00,3338.755,3349.055,3291.165,3318.835,0
2025-04-23 04:00,3318.785,3340.255,3305.285,3324.33,0
2025-04-23 08:00,3324.355,3333.055,3259.485,3280.045,0
2025-04-23 12:00,3280.395,3305.505,3277.545,3293.635,0
2025-04-23 16:00,3293.695,3316.695,3283.675,3316.145,0
2025-04-23 20:00,3316.165,3367.015,3313.035,3326.885,0
2025-04-24 00:00,3326.735,3339.605,3314.005,3333.485,0
2025-04-24 04:00,3333.415,3343.595,3325.085,3336.665,0
2025-04-24 08:00,3336.635,3344.425,3306.245,3329.235,0
2025-04-24 12:00,3329.275,3346.765,3322.135,3342.005,0
2025-04-24 16:00,3342.155,3370.065,3337.815,3348.745,0
2025-04-24 20:00,3348.755,3362.685,3322.095,3323.345,0
2025-04-25 00:00,3323.315,3327.545,3286.545,3307.205,0
2025-04-25 04:00,3307.165,3308.715,3287.595,3293.245,0
2025-04-25 08:00,3293.225,3302.935,3264.785,3282.725,0
2025-04-25 12:00,3282.755,3312.205,3280.075,3304.505,0
2025-04-25 16:00,3304.505,3319.355,3304.445,3318.625,0
2025-04-27 16:00,3324.265,3335.995,3298.275,3302.415,0
2025-04-27 20:00,3302.485,3315.695,3267.765,3290.595,0
2025-04-28 00:00,3290.575,3300.775,3277.165,3287.035,0
2025-04-28 04:00,3287.065,3296.925,3273.065,3293.885,0
2025-04-28 08:00,3293.935,3335.715,3286.735,3324.695,0
2025-04-28 12:00,3324.725,3352.835,3324.105,3351.935,0
2025-04-28 16:00,3351.695,3352.135,3332.015,3337.325,0
2025-04-28 20:00,3337.285,3339.665,3307.695,3315.835,0
2025-04-29 00:00,3315.815,3323.625,3304.715,3322.745,0
2025-04-29 04:00,3322.775,3324.685,3306.005,3309.145,0
2025-04-29 08:00,3309.145,3320.995,3299.325,3312.195,0
2025-04-29 12:00,3312.205,3329.725,3311.955,3320.305,0
2025-04-29 16:00,3320.245,3323.175,3310.635,3316.775,0
2025-04-29 20:00,3316.825,3327.865,3303.335,3304.385,0
2025-04-30 00:00,3304.385,3314.455,3301.025,3306.765,0
2025-04-30 04:00,3306.805,3307.435,3268.055,3272.115,0
2025-04-30 08:00,3272.175,3319.555,3266.875,3307.735,0
2025-04-30 12:00,3307.835,3313.945,3291.919,3295.655,0
2025-04-30 16:00,3295.649,3297.705,3270.0,3272.545,0
2025-04-30 20:00,3272.575,3276.095,3228.435,3228.995,0
2025-05-01 00:00,3229.035,3243.045,3220.605,3229.905,0
2025-05-01 04:00,3229.899,3236.465,3203.065,3205.155,0
2025-05-01 08:00,3205.115,3233.075,3201.685,3216.265,0
2025-05-01 12:00,3216.265,3229.475,3208.685,3228.005,0
2025-05-01 16:00,3227.999,3243.015,3227.565,3236.955,0
2025-05-01 20:00,3237.129,3258.455,3227.115,3254.595,0
2025-05-02 00:00,3254.555,3263.145,3246.125,3258.785,0
2025-05-02 04:00,3258.785,3268.805,3254.735,3262.265,0
2025-05-02 08:00,3262.235,3264.735,3229.835,3231.395,0
2025-05-02 12:00,3231.445,3239.655,3222.395,3233.405,0
2025-05-02 16:00,3233.435,3241.085,3232.525,3239.415,0
2025-05-04 16:00,3239.195,3252.115,3236.745,3247.745,0
2025-05-04 20:00,3247.775,3272.205,3240.885,3254.195,0
2025-05-05 00:00,3254.125,3267.585,3253.355,3264.665,0
2025-05-05 04:00,3264.605,3318.715,3262.915,3312.655,0
2025-05-05 08:00,3312.405,3328.415,3308.655,3311.745,0
2025-05-05 12:00,3311.675,3337.395,3305.285,3328.615,0
2025-05-05 16:00,3328.609,3337.495,3327.015,3333.765,0
2025-05-05 20:00,3333.665,3386.745,3321.108,3360.055,0
2025-05-06 00:00,3360.255,3379.325,3349.745,3371.125,0
2025-05-06 04:00,3371.145,3384.805,3368.305,3378.875,0
2025-05-06 08:00,3378.925,3399.665,3372.865,3394.835,0
2025-05-06 12:00,3394.805,3423.835,3394.415,3422.785,0
2025-05-06 16:00,3422.765,3437.655,3376.305,3400.385,0
2025-05-06 20:00,3400.495,3401.075,3359.735,3374.915,0
2025-05-07 00:00,3374.915,3397.165,3374.455,3387.775,0
2025-05-07 04:00,3387.775,3393.155,3369.075,3386.695,0
2025-05-07 08:00,3386.695,3397.875,3375.435,3384.855,0
2025-05-07 12:00,3384.935,3397.635,3363.495,3371.535,0
2025-05-07 16:00,3371.565,3376.625,3363.035,3376.015,0
2025-05-07 20:00,3376.259,3414.705,3373.445,3396.425,0
2025-05-08 00:00,3396.405,3399.005,3319.835,3342.695,0
2025-05-08 04:00,3342.765,3346.455,3330.135,3344.175,0
2025-05-08 08:00,3344.195,3369.185,3326.405,3329.955,0
2025-05-08 12:00,3330.025,3330.025,3288.445,3306.085,0
2025-05-08 16:00,3306.175,3323.545,3303.585,3316.025,0
2025-05-08 20:00,3316.065,3322.725,3274.295,3307.835,0
2025-05-09 00:00,3307.825,3331.995,3307.825,3327.045,0
2025-05-09 04:00,3327.065,3338.105,3319.925,3332.825,0
2025-05-09 08:00,3332.865,3345.905,3320.115,3344.825,0
2025-05-09 12:00,3344.785,3347.365,3325.255,3328.615,0
2025-05-09 16:00,3328.425,3330.205,3323.345,3323.345,0
2025-05-11 16:00,3271.805,3292.675,3265.485,3287.315,0
2025-05-11 20:00,3287.375,3289.675,3258.535,3283.045,0
2025-05-12 00:00,3282.995,3283.335,3215.775,3222.575,0
2025-05-12 04:00,3222.545,3234.165,3207.495,3224.625,0
2025-05-12 08:00,3224.489,3248.395,3220.125,3239.015,0
2025-05-12 12:00,3238.965,3239.875,3220.125,3235.315,0
2025-05-12 16:00,3235.295,3241.525,3229.565,3236.585,0
2025-05-12 20:00,3236.585,3243.095,3215.535,3236.465,0
2025-05-13 00:00,3236.415,3265.405,3234.735,3258.905,0
2025-05-13 04:00,3258.985,3261.055,3248.545,3248.885,0
2025-05-13 08:00,3248.945,3255.435,3225.145,3252.905,0
2025-05-13 12:00,3252.905,3257.635,3241.895,3249.115,0
2025-05-13 16:00,3249.195,3256.685,3247.755,3253.925,0
2025-05-13 20:00,3254.145,3254.305,3225.875,3228.145,0
2025-05-14 00:00,3228.145,3238.595,3222.0,3237.735,0
2025-05-14 04:00,3237.405,3243.495,3219.205,3219.995,0
2025-05-14 08:00,3219.905,3222.305,3174.505,3182.345,0
2025-05-14 12:00,3182.765,3190.525,3167.545,3180.455,0
2025-05-14 16:00,3180.449,3187.175,3176.625,3185.815,0
2025-05-14 20:00,3185.815,3192.555,3147.735,3150.195,0
2025-05-15 00:00,3150.245,3153.785,3120.205,3141.985,0
2025-05-15 04:00,3141.985,3179.845,3138.715,3178.845,0
2025-05-15 08:00,3178.815,3219.755,3177.175,3219.405,0
2025-05-15 12:00,3219.415,3232.575,3215.515,3231.905,0
2025-05-15 16:00,3231.825,3251.805,3230.815,3236.845,0
2025-05-15 20:00,3236.815,3244.245,3206.255,3211.625,0
2025-05-16 00:00,3211.585,3230.875,3204.975,3207.345,0
2025-05-16 04:00,3207.279,3212.675,3153.475,3162.685,0
2025-05-16 08:00,3162.825,3188.345,3154.375,3183.205,0
2025-05-16 12:00,3183.195,3195.645,3180.075,3192.425,0
2025-05-16 16:00,3192.345,3204.785,3192.005,3202.465,0
2025-05-18 16:00,3218.455,3245.025,3205.785,3234.265,0
2025-05-18 20:00,3234.295,3249.505,3207.755,3211.915,0
2025-05-19 00:00,3211.915,3234.315,3206.305,3232.155,0
2025-05-19 04:00,3232.225,3248.285,3229.675,3243.595,0
2025-05-19 08:00,3243.595,3244.245,3216.905,3231.355,0
2025-05-19 12:00,3231.375,3235.665,3225.035,3232.855,0
2025-05-19 16:00,3232.895,3233.655,3218.705,3222.195,0
2025-05-19 20:00,3222.225,3232.445,3204.205,3211.275,0
2025-05-20 00:00,3211.215,3225.135,3207.665,3222.575,0
2025-05-20 04:00,3222.559,3241.425,3218.059,3241.005,0
2025-05-20 08:00,3240.905,3285.535,3232.615,3277.025,0
2025-05-20 12:00,3277.005,3295.015,3274.995,3294.005,0
2025-05-20 16:00,3293.985,3303.765,3288.355,3290.435,0
2025-05-20 20:00,3290.385,3314.485,3285.105,3307.515,0
2025-05-21 00:00,3307.515,3320.455,3298.145,3309.585,0
2025-05-21 04:00,3309.605,3318.105,3303.725,3310.995,0
2025-05-21 08:00,3310.995,3315.005,3290.668,3311.725,0
2025-05-21 12:00,3311.745,3324.748,3302.455,3318.095,0
2025-05-21 16:00,3318.095,3323.998,3312.898,3319.835,0
2025-05-21 20:00,3320.075,3345.198,3319.128,3335.148,0
2025-05-22 00:00,3335.035,3339.148,3322.355,3327.395,0
2025-05-22 04:00,3327.415,3329.698,3282.785,3314.225,0
2025-05-22 08:00,3314.055,3315.535,3278.789,3294.448,0
2025-05-22 12:00,3294.515,3304.635,3288.915,3290.075,0
2025-05-22 16:00,3290.075,3301.695,3289.325,3299.748,0
2025-05-22 20:00,3299.825,3308.648,3286.765,3301.848,0
2025-05-23 00:00,3301.848,3334.135,3301.748,3328.948,0
2025-05-23 04:00,3328.948,3349.448,3322.295,3347.688,0
2025-05-23 08:00,3347.705,3364.398,3336.248,3361.435,0
2025-05-23 12:00,3361.525,3365.798,3356.165,3360.548,0
2025-05-23 16:00,3360.548,3361.598,3355.975,3356.575,0
2025-05-25 16:00,3355.698,3356.085,3340.905,3342.298,0
2025-05-25 20:00,3342.425,3356.598,3331.198,3347.348,0
2025-05-26 00:00,3347.245,3351.548,3331.875,3337.148,0
2025-05-26 04:00,3337.045,3339.398,3323.298,3332.898,0
2025-05-26 08:00,3332.905,3341.348,3326.048,3337.798,0
2025-05-26 12:00,3337.745,3343.348,3337.398,3341.635,0
2025-05-26 16:00,3342.498,3348.515,3342.298,3345.945,0
2025-05-26 20:00,3345.915,3349.748,3331.495,3340.918,0
2025-05-27 00:00,3340.898,3341.198,3292.265,3296.048,0
2025-05-27 04:00,3296.048,3310.148,3287.548,3288.148,0
2025-05-27 08:00,3288.125,3304.748,3284.159,3293.298,0
2025-05-27 12:00,3293.298,3307.885,3292.798,3304.165,0
2025-05-27 16:00,3304.415,3310.848,3297.085,3309.148,0
2025-05-27 20:00,3309.148,3315.525,3291.398,3297.505,0
2025-05-28 00:00,3297.565,3322.268,3294.135,3318.948,0
2025-05-28 04:00,3318.948,3325.318,3307.195,3310.915,0
2025-05-28 08:00,3310.895,3316.145,3292.345,3295.835,0
2025-05-28 12:00,3295.925,3302.965,3288.355,3296.765,0
2025-05-28 16:00,3296.765,3297.135,3249.725,3259.548,0
2025-05-28 20:00,3259.548,3280.005,3245.198,3274.398,0
2025-05-29 00:00,3274.398,3287.185,3265.848,3286.175,0
2025-05-29 04:00,3286.175,3305.265,3275.985,3299.545,0
2025-05-29 08:00,3299.545,3321.875,3298.448,3321.485,0
2025-05-29 12:00,3321.498,3330.775,3315.298,3316.485,0
2025-05-29 16:00,3316.555,3320.798,3312.575,3315.395,0
2025-05-29 20:00,3315.395,3322.448,3290.985,3294.198,0
2025-05-30 00:00,3293.985,3304.798,3287.148,3294.748,0
2025-05-30 04:00,3294.748,3300.348,3288.365,3293.798,0
2025-05-30 08:00,3293.798,3307.998,3271.095,3288.398,0
2025-05-30 12:00,3288.398,3295.515,3283.705,3294.745,0
2025-05-30 16:00,3294.715,3295.595,3288.425,3288.865,0
2025-06-01 16:00,3298.375,3316.448,3295.208,3309.935,0
2025-06-01 20:00,3309.955,3314.698,3301.195,3308.448,0
2025-06-02 00:00,3308.425,3358.748,3308.425,3352.265,0
2025-06-02 04:00,3352.385,3360.098,3344.165,3356.065,0
2025-06-02 08:00,3356.015,3378.745,3349.925,3374.085,0
2025-06-02 12:00,3374.085,3382.275,3368.975,3381.415,0
2025-06-02 16:00,3381.415,3391.935,3378.215,3387.198,0
2025-06-02 20:00,3387.225,3388.398,3359.445,3360.758,0
2025-06-03 00:00,3360.755,3367.575,3350.938,3359.348,0
2025-06-03 04:00,3359.348,3364.548,3353.085,3359.098,0
2025-06-03 08:00,3359.098,3362.948,3332.575,3350.198,0
2025-06-03 12:00,3350.198,3355.245,3344.398,3352.375,0
2025-06-03 16:00,3352.395,3361.355,3352.345,3359.698,0
2025-06-03 20:00,3359.698,3372.445,3346.195,3358.998,0
2025-06-04 00:00,3358.998,3364.948,3347.745,3354.475,0
2025-06-04 04:00,3354.415,3364.935,3343.448,3346.315,0
2025-06-04 08:00,3346.415,3384.495,3343.985,3371.498,0
2025-06-04 12:00,3371.498,3381.875,3370.665,3373.348,0
2025-06-04 16:00,3373.185,3378.798,3370.505,3377.935,0
2025-06-04 20:00,3377.865,3383.975,3367.898,3369.448,0
2025-06-05 00:00,3369.448,3374.298,3360.925,3371.098,0
2025-06-05 04:00,3371.115,3403.178,3369.595,3391.998,0
2025-06-05 08:00,3392.345,3399.848,3339.048,3344.545,0
2025-06-05 12:00,3344.448,3361.115,3339.548,3356.505,0
2025-06-05 16:00,3356.535,3363.208,3351.748,3361.648,0
2025-06-05 20:00,3361.648,3371.725,3355.848,3369.448,0
2025-06-06 00:00,3369.365,3375.348,3352.615,3359.248,0
2025-06-06 04:00,3359.415,3367.559,3352.665,3358.095,0
2025-06-06 08:00,3358.265,3364.098,3316.065,3331.898,0
2025-06-06 12:00,3331.875,3332.498,3311.095,3312.118,0
2025-06-06 16:00,3312.135,3312.595,3306.915,3309.625,0
2025-06-08 16:00,3311.395,3320.985,3309.018,3317.798,0
2025-06-08 20:00,3317.905,3318.448,3293.198,3310.518,0
2025-06-09 00:00,3310.448,3328.415,3308.948,3323.948,0
2025-06-09 04:00,3323.955,3325.485,3311.979,3317.248,0
2025-06-09 08:00,3317.275,3331.965,3310.525,3328.395,0
2025-06-09 12:00,3328.378,3338.065,3325.655,3327.055,0
2025-06-09 16:00,3327.049,3329.405,3321.338,3326.555,0
2025-06-09 20:00,3326.575,3326.595,3301.698,3307.305,0
2025-06-10 00:00,3307.345,3332.055,3302.645,3329.925,0
2025-06-10 04:00,3330.025,3342.298,3325.948,3333.545,0
2025-06-10 08:00,3333.595,3348.895,3322.965,3326.495,0
2025-06-10 12:00,3326.455,3334.348,3319.215,3328.485,0
2025-06-10 16:00,3328.535,3328.655,3315.245,3327.755,0
2025-06-10 20:00,3327.825,3341.475,3324.835,3339.105,0
2025-06-11 00:00,3339.098,3348.405,3332.225,3345.415,0
2025-06-11 04:00,3345.409,3346.555,3325.755,3332.865,0
2025-06-11 08:00,3332.935,3360.405,3326.835,3332.998,0
2025-06-11 12:00,3332.998,3349.065,3319.405,3346.538,0
2025-06-11 16:00,3346.518,3373.168,3346.358,3365.265,0
2025-06-11 20:00,3365.165,3377.548,3361.938,3373.198,0
2025-06-12 00:00,3373.145,3375.655,3338.385,3345.925,0
2025-06-12 04:00,3345.875,3388.355,3345.875,3379.095,0
2025-06-12 08:00,3378.955,3398.745,3376.265,3385.498,0
2025-06-12 12:00,3385.498,3391.198,3377.798,3388.048,0
2025-06-12 16:00,3387.875,3395.955,3379.378,3395.545,0
2025-06-12 20:00,3395.425,3444.125,3391.465,3425.348,0
2025-06-13 00:00,3425.248,3430.135,3407.755,3414.715,0
2025-06-13 04:00,3414.695,3427.545,3411.395,3422.005,0
2025-06-13 08:00,3422.045,3446.648,3420.728,3426.045,0
2025-06-13 12:00,3426.035,3439.395,3419.055,3432.165,0
2025-06-13 16:00,3432.235,3434.645,3428.905,3431.855,0
2025-06-15 16:00,3451.065,3451.065,3428.075,3444.015,0
2025-06-15 20:00,3443.998,3451.085,3429.048,3431.365,0
2025-06-16 00:00,3431.345,3433.165,3409.165,3412.455,0
2025-06-16 04:00,3412.375,3422.455,3409.475,3414.775,0
2025-06-16 08:00,3414.825,3417.725,3382.525,3404.375,0
2025-06-16 12:00,3404.375,3404.848,3382.665,3383.885,0
2025-06-16 16:00,3383.745,3402.655,3383.175,3402.598,0
2025-06-16 20:00,3402.635,3403.098,3373.235,3387.348,0
2025-06-17 00:00,3387.365,3396.065,3380.805,3387.605,0
2025-06-17 04:00,3387.645,3399.948,3375.445,3388.348,0
2025-06-17 08:00,3388.348,3397.275,3365.835,3379.098,0
2025-06-17 12:00,3379.198,3392.298,3376.448,3385.525,0
2025-06-17 16:00,3385.495,3395.998,3383.398,3387.155,0
2025-06-17 20:00,3387.098,3391.305,3370.345,3390.775,0
2025-06-18 00:00,3390.805,3399.845,3376.865,3385.695,0
2025-06-18 04:00,3385.648,3388.205,3375.248,3381.915,0
2025-06-18 08:00,3381.885,3396.648,3373.545,3392.535,0
2025-06-18 12:00,3392.485,3395.598,3362.705,3366.598,0
2025-06-18 16:00,3366.598,3379.598,3362.355,3374.885,0
2025-06-18 20:00,3374.925,3387.798,3369.438,3373.365,0
2025-06-19 00:00,3373.325,3375.065,3347.265,3365.745,0
2025-06-19 04:00,3365.715,3378.891,3362.058,3371.735,0
2025-06-19 08:00,3371.775,3372.755,3361.265,3369.015,0
2025-06-19 12:00,3369.035,3375.198,3365.615,3370.075,0
2025-06-19 16:00,3368.405,3370.315,3361.725,3368.585,0
2025-06-19 20:00,3368.585,3370.115,3344.375,3355.345,0
2025-06-20 00:00,3355.355,3357.465,3340.175,3347.465,0
2025-06-20 04:00,3347.375,3359.085,3346.398,3346.798,0
2025-06-20 08:00,3347.075,3374.265,3341.715,3369.598,0
2025-06-20 12:00,3369.525,3373.148,3364.455,3365.345,0
2025-06-20 16:00,3365.345,3369.148,3364.488,3368.005,0
2025-06-22 16:00,3390.698,3396.648,3370.898,3372.498,0
2025-06-22 20:00,3372.455,3373.348,3351.765,3363.155,0
2025-06-23 00:00,3363.105,3364.865,3346.675,3357.375,0
2025-06-23 04:00,3357.405,3381.848,3357.405,3380.555,0
2025-06-23 08:00,3380.585,3389.615,3355.695,3386.985,0
2025-06-23 12:00,3386.965,3393.348,3375.265,3376.248,0
2025-06-23 16:00,3376.248,3377.105,3341.095,3343.898,0
2025-06-23 20:00,3343.998,3357.615,3332.865,3352.235,0
2025-06-24 00:00,3352.235,3353.185,3315.855,3329.545,0
2025-06-24 04:00,3329.455,3332.235,3317.648,3320.955,0
2025-06-24 08:00,3320.898,3320.898,3295.098,3313.015,0
2025-06-24 12:00,3313.065,3325.005,3311.098,3323.365,0
2025-06-24 16:00,3323.425,3325.198,3320.655,3324.015,0
2025-06-24 20:00,3323.975,3335.048,3323.415,3328.145,0
2025-06-25 00:00,3328.145,3336.848,3325.605,3330.418,0
2025-06-25 04:00,3330.365,3332.195,3321.348,3322.348,0
2025-06-25 08:00,3322.348,3329.285,3311.705,3325.425,0
2025-06-25 12:00,3325.425,3335.848,3323.898,3333.465,0
2025-06-25 16:00,3333.595,3340.015,3331.065,3338.805,0
2025-06-25 20:00,3338.835,3342.985,3328.998,3337.755,0
2025-06-26 00:00,3337.755,3346.955,3330.755,3345.835,0
2025-06-26 04:00,3345.815,3350.025,3331.235,3332.625,0
2025-06-26 08:00,3332.655,3343.905,3309.695,3324.748,0
2025-06-26 12:00,3324.685,3336.198,3323.505,3331.048,0
2025-06-26 16:00,3331.085,3332.145,3315.948,3318.498,0
2025-06-26 20:00,3318.395,3321.845,3292.398,3294.065,0
2025-06-27 00:00,3294.055,3300.725,3283.345,3284.195,0
2025-06-27 04:00,3284.195,3290.915,3275.885,3281.205,0
2025-06-27 08:00,3281.155,3282.115,3255.485,3274.435,0
2025-06-27 12:00,3274.435,3282.598,3268.185,3270.425,0
2025-06-27 16:00,3270.495,3275.275,3270.105,3273.335,0
2025-06-29 16:00,3272.145,3281.298,3244.925,3263.585,0
2025-06-29 20:00,3263.555,3283.098,3259.195,3278.795,0
2025-06-30 00:00,3278.798,3296.598,3277.008,3292.785,0
2025-06-30 04:00,3292.665,3296.348,3274.405,3277.705,0
2025-06-30 08:00,3277.945,3290.595,3277.725,3289.445,0
2025-06-30 12:00,3289.475,3309.348,3289.005,3308.498,0
2025-06-30 16:00,3308.498,3314.398,3301.835,3312.298,0
2025-06-30 20:00,3312.249,3322.405,3309.675,3320.948,0
2025-07-01 00:00,3320.815,3339.685,3318.648,3339.348,0
2025-07-01 04:00,3339.348,3352.825,3336.555,3348.785,0
2025-07-01 08:00,3348.845,3357.865,3336.798,3340.065,0
2025-07-01 12:00,3340.085,3343.365,3336.658,3337.905,0
2025-07-01 16:00,3337.905,3343.548,3336.555,3337.875,0
2025-07-01 20:00,3337.935,3344.765,3328.208,3339.648,0
2025-07-02 00:00,3339.625,3343.698,3327.275,3334.555,0
2025-07-02 04:00,3334.488,3347.548,3332.735,3342.085,0
2025-07-02 08:00,3342.055,3350.948,3333.635,3340.825,0
2025-07-02 12:00,3340.785,3359.325,3340.785,3358.045,0
2025-07-02 16:00,3358.155,3365.455,3348.605,3349.098,0
2025-07-02 20:00,3349.115,3351.315,3341.648,3347.285,0
2025-07-03 00:00,3347.298,3363.545,3347.198,3352.795,0
2025-07-03 04:00,3352.825,3358.155,3342.865,3345.875,0
2025-07-03 08:00,3345.785,3352.115,3311.215,3327.845,0
2025-07-03 12:00,3327.895,3334.698,3325.545,3328.535,0
2025-07-03 16:00,3328.515,3331.798,3323.345,3330.648,0
2025-07-03 20:00,3330.565,3338.685,3325.615,3338.248,0
2025-07-04 00:00,3338.225,3344.905,3336.245,3342.775,0
2025-07-04 04:00,3342.785,3344.025,3331.305,3334.458,0
2025-07-04 08:00,3334.458,3337.855,3330.529,3332.169,0
2025-07-04 12:00,3332.165,3337.298,3332.048,3336.248,0
2025-07-06 16:00,3334.015,3342.348,3326.065,3328.655,0
2025-07-06 20:00,3328.685,3329.495,3305.765,3310.755,0
2025-07-07 00:00,3310.785,3315.075,3300.435,3302.035,0
2025-07-07 04:00,3301.998,3312.625,3296.195,3301.715,0
2025-07-07 08:00,3301.635,3321.825,3300.315,3320.665,0
2025-07-07 12:00,3320.635,3340.289,3319.945,3336.925,0
2025-07-07 16:00,3337.045,3345.548,3333.598,3334.398,0
2025-07-07 20:00,3334.398,3337.835,3329.328,3331.265,0
2025-07-08 00:00,3331.285,3339.285,3327.115,3333.765,0
2025-07-08 04:00,3333.725,3333.725,3319.715,3324.865,0
2025-07-08 08:00,3324.905,3329.648,3286.905,3298.035,0
2025-07-08 12:00,3298.035,3310.199,3295.685,3302.718,0
2025-07-08 16:00,3302.645,3303.905,3296.965,3301.995,0
2025-07-08 20:00,3302.005,3307.725,3284.638,3293.075,0
2025-07-09 00:00,3293.075,3297.548,3285.415,3291.665,0
2025-07-09 04:00,3291.645,3295.795,3282.425,3284.698,0
2025-07-09 08:00,3284.698,3312.775,3284.698,3309.435,0
2025-07-09 12:00,3309.405,3316.598,3307.575,3315.465,0
2025-07-09 16:00,3315.545,3320.955,3311.348,3317.425,0
2025-07-09 20:00,3317.445,3326.085,3315.338,3315.545,0
2025-07-10 00:00,3315.539,3329.285,3314.655,3320.898,0
2025-07-10 04:00,3320.898,3330.085,3318.085,3320.255,0
2025-07-10 08:00,3320.285,3329.248,3309.905,3319.455,0
2025-07-10 12:00,3319.495,3325.795,3311.975,3324.725,0
2025-07-10 16:00,3324.719,3326.198,3321.585,3323.555,0
2025-07-10 20:00,3323.505,3335.975,3323.345,3333.498,0
2025-07-11 00:00,3333.425,3343.475,3329.325,3341.665,0
2025-07-11 04:00,3341.685,3349.958,3332.618,3347.175,0
2025-07-11 08:00,3347.175,3368.559,3343.865,3358.669,0
2025-07-11 12:00,3358.549,3359.549,3348.965,3356.275,0
2025-07-11 16:00,3356.315,3358.705,3353.315,3354.725,0
2025-07-13 16:00,3362.948,3373.705,3358.698,3367.498,0
2025-07-13 20:00,3367.498,3373.105,3353.575,3356.835,0
2025-07-14 00:00,3356.795,3374.805,3353.435,3371.725,0
2025-07-14 04:00,3371.805,3374.445,3363.628,3363.888,0
2025-07-14 08:00,3363.888,3366.445,3340.755,3344.925,0
2025-07-14 12:00,3344.965,3351.515,3342.905,3343.955,0
2025-07-14 16:00,3344.065,3346.265,3341.105,3345.048,0
2025-07-14 20:00,3345.035,3358.095,3344.415,3357.685,0
2025-07-15 00:00,3357.665,3364.975,3357.285,3364.165,0
2025-07-15 04:00,3364.135,3366.148,3353.935,3354.648,0
2025-07-15 08:00,3354.675,3360.048,3325.145,3328.765,0
2025-07-15 12:00,3328.745,3331.798,3320.055,3330.325,0
2025-07-15 16:00,3330.285,3331.545,3323.065,3330.798,0
2025-07-15 20:00,3330.825,3334.915,3324.865,3334.155,0
2025-07-16 00:00,3334.205,3341.865,3332.625,3337.705,0
2025-07-16 04:00,3337.885,3342.775,3333.585,3339.105,0
2025-07-16 08:00,3339.085,3377.185,3319.499,3343.148,0
2025-07-16 12:00,3343.245,3357.175,3338.748,3346.855,0
2025-07-16 16:00,3346.849,3352.025,3345.125,3346.275,0
2025-07-16 20:00,3346.248,3347.165,3336.148,3341.305,0
2025-07-17 00:00,3341.285,3344.548,3324.955,3325.635,0
2025-07-17 04:00,3325.665,3332.255,3322.098,3323.998,0
2025-07-17 08:00,3324.005,3338.248,3309.575,3336.605,0
2025-07-17 12:00,3336.605,3340.895,3335.275,3339.535,0
2025-07-17 16:00,3339.535,3343.895,3337.205,3340.055,0
2025-07-17 20:00,3340.095,3344.048,3333.895,3334.415,0
2025-07-18 00:00,3334.345,3349.935,3331.645,3349.655,0
2025-07-18 04:00,3349.685,3357.498,3346.025,3354.125,0
2025-07-18 08:00,3354.085,3361.035,3350.995,3353.485,0
2025-07-18 12:00,3353.505,3357.235,3347.495,3348.155,0
2025-07-18 16:00,3348.149,3351.745,3347.555,3349.655,0
2025-07-20 16:00,3349.898,3350.015,3344.798,3348.898,0
2025-07-20 20:00,3348.835,3358.355,3347.418,3351.035,0
2025-07-21 00:00,3351.015,3370.565,3350.398,3364.505,0
2025-07-21 04:00,3364.545,3375.455,3362.595,3375.205,0
2025-07-21 08:00,3375.195,3401.339,3374.355,3397.775,0
2025-07-21 12:00,3397.825,3399.548,3391.145,3398.648,0
2025-07-21 16:00,3398.648,3402.475,3392.898,3396.298,0
2025-07-21 20:00,3396.298,3397.475,3384.945,3392.365,0
2025-07-22 00:00,3392.235,3392.235,3383.115,3387.375,0
2025-07-22 04:00,3387.425,3391.445,3384.445,3391.165,0
2025-07-22 08:00,3391.125,3430.365,3390.725,3426.295,0
2025-07-22 12:00,3426.315,3433.279,3426.079,3431.248,0
2025-07-22 16:00,3431.248,3432.915,3426.015,3427.305,0
2025-07-22 20:00,3427.305,3438.655,3418.915,3422.745,0
2025-07-23 00:00,3422.825,3429.465,3416.165,3420.485,0
2025-07-23 04:00,3420.505,3433.648,3420.005,3428.055,0
2025-07-23 08:00,3428.045,3429.755,3398.0,3398.015,0
2025-07-23 12:00,3398.009,3398.009,3381.215,3390.035,0
2025-07-23 16:00,3390.035,3392.235,3385.765,3389.885,0
2025-07-23 20:00,3389.985,3393.165,3374.348,3383.565,0
2025-07-24 00:00,3383.505,3385.135,3365.785,3367.395,0
2025-07-24 04:00,3367.415,3374.485,3361.065,3361.975,0
2025-07-24 08:00,3362.015,3377.145,3351.168,3372.409,0
2025-07-24 12:00,3372.375,3373.639,3366.125,3370.265,0
2025-07-24 16:00,3370.275,3371.165,3364.948,3369.148,0
2025-07-24 20:00,3369.145,3373.295,3358.475,3358.955,0
2025-07-25 00:00,3358.935,3363.248,3352.515,3353.885,0
2025-07-25 04:00,3353.905,3355.125,3338.465,3340.865,0
2025-07-25 08:00,3340.805,3347.398,3324.805,3327.575,0
2025-07-25 12:00,3327.515,3340.085,3326.048,3337.385,0
2025-07-25 16:00,3337.349,3338.898,3335.545,3335.575,0
2025-07-27 16:00,3316.938,3337.148,3316.938,3333.398,0
2025-07-27 20:00,3333.395,3343.155,3327.465,3343.095,0
2025-07-28 00:00,3343.075,3345.145,3333.748,3334.795,0
2025-07-28 04:00,3334.775,3340.575,3332.065,3336.265,0
2025-07-28 08:00,3336.375,3338.175,3301.465,3314.565,0
2025-07-28 12:00,3314.495,3318.785,3308.605,3317.015,0
2025-07-28 16:00,3317.009,3318.315,3310.155,3312.405,0
2025-07-28 20:00,3312.385,3320.648,3307.815,3312.398,0
2025-07-29 00:00,3312.405,3322.198,3308.815,3316.848,0
2025-07-29 04:00,3316.845,3329.735,3314.685,3315.055,0
2025-07-29 08:00,3315.015,3333.908,3311.675,3320.519,0
2025-07-29 12:00,3320.485,3330.648,3318.845,3324.848,0
2025-07-29 16:00,3324.935,3328.998,3324.515,3327.198,0
2025-07-29 20:00,3327.175,3333.505,3321.655,3328.205,0
2025-07-30 00:00,3328.205,3332.015,3322.798,3327.565,0
2025-07-30 04:00,3327.585,3333.815,3323.795,3330.675,0
2025-07-30 08:00,3330.675,3331.725,3288.415,3290.235,0
2025-07-30 12:00,3290.245,3304.735,3267.955,3269.195,0
2025-07-30 16:00,3269.215,3285.615,3268.745,3285.075,0
2025-07-30 20:00,3285.045,3298.435,3282.535,3294.848,0
2025-07-31 00:00,3294.748,3309.505,3293.485,3304.465,0
2025-07-31 04:00,3304.435,3314.705,3293.555,3305.998,0
2025-07-31 08:00,3305.865,3310.995,3291.055,3295.275,0
2025-07-31 12:00,3295.275,3298.235,3289.475,3290.745,0
2025-07-31 16:00,3290.735,3294.995,3287.845,3288.355,0
2025-07-31 20:00,3288.375,3296.875,3281.435,3291.195,0
2025-08-01 00:00,3291.195,3300.148,3284.998,3286.625,0
2025-08-01 04:00,3286.598,3302.905,3285.115,3300.198,0
2025-08-01 08:00,3300.235,3354.955,3297.275,3348.348,0
2025-08-01 12:00,3348.339,3361.048,3340.298,3356.955,0
2025-08-01 16:00,3356.965,3363.425,3356.775,3362.425,0
2025-08-03 16:00,3364.698,3369.085,3354.315,3361.805,0
2025-08-03 20:00,3361.785,3362.125,3344.748,3360.098,0
2025-08-04 00:00,3360.055,3362.495,3351.498,3355.648,0
2025-08-04 04:00,3355.665,3370.505,3352.655,3370.145,0
2025-08-04 08:00,3370.175,3385.205,3360.885,3374.078,0
2025-08-04 12:00,3374.049,3377.998,3370.379,3375.848,0
2025-08-04 16:00,3375.835,3379.495,3372.595,3377.198,0
2025-08-04 20:00,3377.198,3382.198,3371.898,3371.898,0
2025-08-05 00:00,3371.825,3375.385,3365.575,3373.535,0
2025-08-05 04:00,3373.505,3374.448,3349.639,3351.115,0
2025-08-05 08:00,3351.069,3389.905,3349.668,3389.398,0
2025-08-05 12:00,3389.398,3390.289,3376.625,3378.838,0
2025-08-05 16:00,3378.845,3383.755,3377.965,3383.065,0
2025-08-05 20:00,3383.005,3385.098,3372.948,3374.375,0
2025-08-06 00:00,3374.448,3378.495,3368.875,3373.445,0
2025-08-06 04:00,3373.405,3374.665,3358.015,3365.005,0
2025-08-06 08:00,3365.005,3379.798,3360.035,3377.298,0
2025-08-06 12:00,3377.215,3379.295,3368.865,3371.495,0
2025-08-06 16:00,3371.485,3374.385,3366.925,3369.905,0
2025-08-06 20:00,3369.935,3384.005,3364.895,3379.448,0
2025-08-07 00:00,3379.448,3397.105,3371.498,3395.975,0
2025-08-07 04:00,3396.005,3396.415,3371.545,3378.015,0
2025-08-07 08:00,3378.035,3393.625,3373.505,3389.955,0
2025-08-07 12:00,3389.945,3400.498,3384.145,3399.585,0
2025-08-07 16:00,3399.579,3408.675,3387.185,3400.109,0
2025-08-07 20:00,3400.119,3402.329,3380.839,3395.669,0
2025-08-08 00:00,3395.369,3403.925,3388.358,3401.755,0
2025-08-08 04:00,3401.425,3402.423,3380.035,3385.785,0
2025-08-08 08:00,3385.809,3401.529,3380.885,3395.125,0
2025-08-08 12:00,3395.205,3404.213,3373.288,3398.148,0
2025-08-08 16:00,3398.148,3398.709,3390.885,3398.579,0
2025-08-10 16:00,3397.298,3404.798,3389.359,3391.255,0
2025-08-10 20:00,3391.275,3391.425,3367.205,3378.025,0
2025-08-11 00:00,3378.075,3379.895,3356.805,3359.935,0
2025-08-11 04:00,3359.975,3365.665,3349.505,3355.115,0
2025-08-11 08:00,3355.075,3362.665,3341.228,3349.235,0
2025-08-11 12:00,3349.235,3358.748,3340.808,3351.405,0
2025-08-11 16:00,3351.485,3351.665,3341.145,3348.848,0
2025-08-11 20:00,3348.848,3357.235,3345.925,3349.265,0
2025-08-12 00:00,3349.265,3357.945,3341.885,3355.405,0
2025-08-12 04:00,3355.375,3355.595,3335.915,3347.335,0
2025-08-12 08:00,3347.365,3359.198,3330.898,3349.615,0
2025-08-12 12:00,3349.655,3351.059,3345.405,3347.475,0
2025-08-12 16:00,3347.405,3353.565,3345.835,3350.435,0
2025-08-12 20:00,3350.435,3354.199,3342.439,3349.469,0
2025-08-13 00:00,3349.469,3360.798,3345.398,3354.395,0
2025-08-13 04:00,3354.219,3366.865,3352.548,3362.155,0
2025-08-13 08:00,3362.215,3370.505,3353.889,3357.569,0
2025-08-13 12:00,3357.569,3360.755,3349.755,3357.665,0
2025-08-13 16:00,3357.645,3363.255,3355.155,3362.565,0
2025-08-13 20:00,3362.565,3374.555,3355.265,3360.325,0
2025-08-14 00:00,3360.325,3366.248,3343.365,3345.875,0
2025-08-14 04:00,3345.835,3358.998,3341.278,3355.275,0
2025-08-14 08:00,3355.295,3358.248,3333.948,3341.598,0
2025-08-14 12:00,3341.545,3341.905,3329.645,3337.815,0
2025-08-14 16:00,3337.809,3338.325,3331.945,3335.248,0
2025-08-14 20:00,3335.245,3344.665,3332.155,3343.195,0
2025-08-15 00:00,3343.165,3348.595,3339.925,3346.105,0
2025-08-15 04:00,3346.075,3348.148,3336.005,3342.125,0
2025-08-15 08:00,3342.105,3345.805,3332.705,3342.148,0
2025-08-15 12:00,3342.148,3342.248,3334.225,3338.948,0
2025-08-15 16:00,3338.948,3339.348,3334.645,3334.645,0
2025-08-17 16:00,3336.015,3338.848,3323.335,3326.895,0
2025-08-17 20:00,3326.945,3351.598,3326.625,3346.855,0
2025-08-18 00:00,3346.855,3358.215,3345.968,3348.798,0
2025-08-18 04:00,3348.725,3351.535,3344.248,3345.179,0
2025-08-18 08:00,3345.415,3348.625,3332.035,3335.448,0
2025-08-18 12:00,3335.448,3335.689,3330.085,3333.395,0
2025-08-18 16:00,3333.365,3334.598,3330.305,3330.745,0
2025-08-18 20:00,3330.725,3341.395,3325.885,3337.598,0
2025-08-19 00:00,3337.525,3341.648,3334.245,3340.598,0
2025-08-19 04:00,3340.598,3345.165,3336.298,3339.498,0
2025-08-19 08:00,3339.505,3340.348,3320.778,3322.498,0
2025-08-19 12:00,3322.498,3324.245,3314.775,3315.735,0
2025-08-19 16:00,3315.695,3317.365,3312.665,3314.135,0
2025-08-19 20:00,3313.935,3318.375,3311.255,3317.345,0
2025-08-20 00:00,3317.325,3327.295,3317.045,3324.649,0
2025-08-20 04:00,3324.679,3332.738,3320.748,3332.095,0
2025-08-20 08:00,3332.275,3350.198,3331.865,3340.545,0
2025-08-20 12:00,3340.555,3349.075,3340.555,3348.648,0
2025-08-20 16:00,3348.548,3351.935,3346.185,3346.765,0
2025-08-20 20:00,3346.735,3346.735,3339.455,3339.698,0
2025-08-21 00:00,3339.505,3341.335,3334.008,3339.495,0
2025-08-21 04:00,3339.475,3342.025,3324.948,3333.445,0
2025-08-21 08:00,3333.525,3347.935,3333.525,3343.465,0
2025-08-21 12:00,3343.455,3343.755,3336.425,3338.615,0
2025-08-21 16:00,3338.595,3340.435,3337.215,3338.185,0
2025-08-21 20:00,3338.145,3340.075,3331.575,3331.765,0
2025-08-22 00:00,3331.855,3334.935,3325.525,3327.295,0
2025-08-22 04:00,3327.275,3331.595,3325.165,3329.215,0
2025-08-22 08:00,3329.215,3378.585,3321.045,3367.648,0
2025-08-22 12:00,3367.648,3375.365,3367.648,3373.098,0
2025-08-22 16:00,3372.998,3373.398,3369.925,3371.235,0
2025-08-24 16:00,3370.835,3371.698,3365.685,3368.865,0
2025-08-24 20:00,3368.845,3369.415,3359.495,3367.145,0
2025-08-25 00:00,3367.145,3369.695,3362.915,3365.998,0
2025-08-25 04:00,3365.998,3371.375,3361.825,3370.335,0
2025-08-25 08:00,3370.385,3376.135,3361.905,3373.855,0
2025-08-25 12:00,3373.865,3374.675,3365.005,3365.225,0
2025-08-25 16:00,3365.225,3367.005,3351.435,3354.648,0
2025-08-25 20:00,3354.725,3386.425,3351.175,3372.058,0
2025-08-26 00:00,3372.015,3378.955,3366.985,3376.635,0
2025-08-26 04:00,3376.665,3380.235,3367.045,3377.375,0
2025-08-26 08:00,3377.405,3389.175,3370.115,3386.348,0
2025-08-26 12:00,3386.348,3390.675,3380.115,3389.548,0
2025-08-26 16:00,3389.548,3394.195,3388.575,3390.648,0
2025-08-26 20:00,3390.575,3393.295,3380.305,3380.485,0
2025-08-27 00:00,3380.535,3381.805,3373.665,3381.355,0
2025-08-27 04:00,3381.335,3385.325,3373.725,3376.625,0
2025-08-27 08:00,3376.595,3390.158,3374.095,3387.795,0
2025-08-27 12:00,3387.795,3398.569,3387.325,3395.945,0
2025-08-27 16:00,3396.075,3399.175,3393.995,3395.465,0
2025-08-27 20:00,3395.485,3397.875,3384.445,3389.995,0
2025-08-28 00:00,3389.955,3397.555,3387.415,3395.655,0
2025-08-28 04:00,3395.505,3407.485,3393.555,3403.885,0
2025-08-28 08:00,3403.895,3413.345,3393.835,3410.798,0
2025-08-28 12:00,3410.798,3423.069,3409.765,3421.935,0
2025-08-28 16:00,3421.935,3422.309,3414.508,3414.508,0
2025-08-28 20:00,3414.508,3417.645,3407.695,3410.675,0
2025-08-29 00:00,3410.655,3412.515,3406.215,3412.055,0
2025-08-29 04:00,3412.075,3414.635,3404.185,3410.605,0
2025-08-29 08:00,3410.605,3447.435,3406.525,3445.245,0
2025-08-29 12:00,3445.235,3453.565,3440.558,3452.498,0
2025-08-29 16:00,3452.498,3452.515,3444.845,3446.805,0
2025-08-31 16:00,3445.648,3452.255,3441.825,3447.685,0
2025-08-31 20:00,3447.685,3485.798,3436.548,3474.365,0
2025-09-01 00:00,3474.405,3489.595,3467.295,3477.675,0
2025-09-01 04:00,3477.695,3479.655,3465.905,3469.895,0
2025-09-01 08:00,3469.875,3481.165,3466.985,3473.905,0
2025-09-01 12:00,3473.905,3478.785,3472.145,3476.225,0
2025-09-01 16:00,3476.505,3480.998,3473.878,3478.965,0
2025-09-01 20:00,3478.915,3508.228,3476.625,3494.875,0
2025-09-02 00:00,3494.835,3498.115,3471.915,3476.605,0
2025-09-02 04:00,3476.615,3489.845,3469.805,3489.595,0
2025-09-02 08:00,3489.575,3520.215,3474.135,3520.215,0
2025-09-02 12:00,3520.205,3539.849,3517.845,3536.698,0
2025-09-02 16:00,3536.698,3537.548,3525.848,3529.698,0
2025-09-02 20:00,3529.698,3546.398,3527.748,3530.635,0
2025-09-03 00:00,3530.665,3538.065,3526.508,3533.725,0
2025-09-03 04:00,3533.675,3549.385,3532.065,3547.425,0
2025-09-03 08:00,3547.405,3567.185,3541.105,3563.735,0
2025-09-03 12:00,3563.698,3578.175,3561.035,3563.415,0
2025-09-03 16:00,3563.415,3565.955,3554.205,3560.175,0
2025-09-03 20:00,3560.215,3563.148,3510.425,3528.855,0
2025-09-04 00:00,3528.835,3541.475,3524.145,3540.915,0
2025-09-04 04:00,3540.865,3549.655,3536.198,3545.375,0
2025-09-04 08:00,3545.195,3558.465,3534.548,3552.698,0
2025-09-04 12:00,3552.698,3555.865,3542.355,3549.505,0
2025-09-04 16:00,3549.555,3554.205,3539.715,3552.415,0
2025-09-04 20:00,3552.395,3558.855,3545.515,3558.135,0
2025-09-05 00:00,3558.185,3560.965,3546.445,3548.025,0
2025-09-05 04:00,3547.895,3554.985,3544.605,3553.075,0
2025-09-05 08:00,3553.175,3597.558,3548.625,3591.825,0
2025-09-05 12:00,3591.785,3599.905,3590.185,3594.498,0
2025-09-05 16:00,3594.498,3594.955,3585.195,3585.195,0
2025-09-07 16:00,3582.104,3596.349,3577.698,3590.798,0
2025-09-07 20:00,3590.798,3596.815,3582.665,3583.135,0
2025-09-08 00:00,3583.155,3613.395,3579.365,3609.185,0
2025-09-08 04:00,3609.155,3622.245,3607.015,3619.655,0
2025-09-08 08:00,3619.635,3646.115,3614.385,3639.155,0
2025-09-08 12:00,3639.155,3641.408,3631.765,3636.385,0
2025-09-08 16:00,3636.385,3637.848,3628.035,3634.735,0
2025-09-08 20:00,3634.695,3654.448,3633.305,3645.685,0
2025-09-09 00:00,3645.735,3659.125,3636.375,3644.138,0
2025-09-09 04:00,3644.138,3656.495,3641.645,3647.795,0
2025-09-09 08:00,3647.845,3673.645,3626.665,3645.365,0
2025-09-09 12:00,3645.355,3649.198,3628.335,3629.185,0
2025-09-09 16:00,3629.155,3640.498,3618.505,3633.355,0
2025-09-09 20:00,3633.385,3638.048,3619.965,3636.365,0
2025-09-10 00:00,3636.375,3648.285,3636.375,3643.815,0
2025-09-10 04:00,3643.855,3657.238,3641.735,3648.858,0
2025-09-10 08:00,3648.858,3656.565,3638.318,3644.395,0
2025-09-10 12:00,3644.365,3649.598,3635.065,3641.785,0
2025-09-10 16:00,3641.775,3645.345,3637.645,3644.685,0
2025-09-10 20:00,3644.705,3648.895,3629.715,3631.795,0
2025-09-11 00:00,3631.925,3637.705,3622.395,3629.705,0
2025-09-11 04:00,3629.685,3631.585,3613.945,3616.565,0
2025-09-11 08:00,3616.595,3643.848,3611.465,3632.935,0
2025-09-11 12:00,3632.935,3641.775,3630.225,3636.685,0
2025-09-11 16:00,3636.605,3638.075,3631.265,3631.595,0
2025-09-11 20:00,3631.575,3653.065,3630.295,3652.735,0
2025-09-12 00:00,3652.705,3656.435,3647.645,3648.145,0
2025-09-12 04:00,3648.125,3651.975,3637.375,3646.855,0
2025-09-12 08:00,3646.875,3654.185,3637.848,3644.285,0
2025-09-12 12:00,3644.275,3650.555,3642.395,3644.055,0
2025-09-12 16:00,3643.995,3645.145,3640.775,3642.635,0
2025-09-14 16:00,3643.605,3646.048,3636.665,3637.965,0
2025-09-14 20:00,3637.955,3646.205,3626.148,3645.885,0
2025-09-15 00:00,3645.915,3646.715,3633.469,3643.695,0
2025-09-15 04:00,3643.605,3646.615,3635.548,3642.395,0
2025-09-15 08:00,3642.415,3681.635,3636.598,3680.195,0
2025-09-15 12:00,3680.225,3685.345,3674.435,3680.735,0
2025-09-15 16:00,3680.735,3681.898,3675.835,3676.598,0
2025-09-15 20:00,3676.598,3689.169,3674.455,3680.825,0
2025-09-16 00:00,3680.955,3694.015,3679.995,3686.225,0
2025-09-16 04:00,3686.225,3699.365,3685.935,3697.015,0
2025-09-16 08:00,3697.085,3702.828,3678.625,3686.085,0
2025-09-16 12:00,3686.065,3691.045,3684.485,3689.425,0
2025-09-16 16:00,3689.385,3695.055,3688.755,3694.085,0
2025-09-16 20:00,3694.065,3695.185,3674.208,3681.515,0
2025-09-17 00:00,3681.535,3685.705,3666.435,3666.785,0
2025-09-17 04:00,3666.758,3670.845,3659.815,3665.785,0
2025-09-17 08:00,3665.835,3687.005,3665.445,3684.015,0
2025-09-17 12:00,3684.035,3707.308,3645.765,3661.498,0
2025-09-17 16:00,3661.465,3671.735,3652.405,3668.748,0
2025-09-17 20:00,3668.835,3669.635,3651.565,3658.375,0
2025-09-18 00:00,3658.455,3659.695,3633.485,3658.785,0
2025-09-18 04:00,3658.835,3672.785,3653.515,3666.945,0
2025-09-18 08:00,3666.965,3672.248,3627.465,3641.085,0
2025-09-18 12:00,3641.095,3647.045,3640.235,3646.365,0
2025-09-18 16:00,3646.448,3646.905,3637.605,3639.895,0
2025-09-18 20:00,3639.985,3656.085,3631.938,3653.505,0
2025-09-19 00:00,3653.525,3661.025,3643.025,3653.755,0
2025-09-19 04:00,3653.735,3658.995,3645.495,3648.275,0
2025-09-19 08:00,3648.295,3675.695,3643.495,3670.625,0
2025-09-19 12:00,3670.655,3685.089,3666.355,3684.239,0
2025-09-19 16:00,3684.279,3684.748,3680.765,3684.489,0
2025-09-21 16:00,3686.698,3691.895,3683.365,3686.065,0
2025-09-21 20:00,3686.085,3697.305,3685.235,3695.265,0
2025-09-22 00:00,3695.265,3719.645,3689.795,3713.045,0
2025-09-22 04:00,3713.005,3728.145,3712.225,3724.475,0
2025-09-22 08:00,3724.525,3736.215,3711.898,3736.035,0
2025-09-22 12:00,3736.005,3748.535,3734.955,3747.505,0
2025-09-22 16:00,3747.418,3748.948,3737.728,3747.598,0
2025-09-22 20:00,3747.598,3759.035,3736.455,3746.415,0
2025-09-23 00:00,3746.395,3758.615,3743.025,3753.165,0
2025-09-23 04:00,3753.125,3790.865,3752.905,3783.375,0
2025-09-23 08:00,3783.395,3788.648,3767.185,3779.115,0
2025-09-23 12:00,3779.335,3785.515,3751.805,3764.155,0
2025-09-23 16:00,3764.165,3769.848,3761.359,3763.535,0
2025-09-23 20:00,3763.505,3771.545,3750.329,3765.165,0
2025-09-24 00:00,3765.135,3778.998,3763.055,3777.215,0
2025-09-24 04:00,3777.245,3777.605,3759.475,3768.875,0
2025-09-24 08:00,3768.855,3772.748,3739.535,3740.995,0
2025-09-24 12:00,3740.965,3745.105,3717.348,3729.858,0
2025-09-24 16:00,3729.858,3745.125,3729.765,3742.815,0
2025-09-24 20:00,3742.775,3751.348,3729.365,3736.425,0
2025-09-25 00:00,3736.425,3754.775,3731.548,3752.095,0
2025-09-25 04:00,3752.065,3761.425,3740.945,3752.855,0
2025-09-25 08:00,3752.885,3755.685,3721.915,3735.775,0
2025-09-25 12:00,3735.755,3758.055,3732.175,3746.405,0
2025-09-25 16:00,3746.405,3752.315,3737.755,3744.475,0
2025-09-25 20:00,3744.445,3753.035,3734.275,3745.335,0
2025-09-26 00:00,3745.375,3753.845,3739.015,3747.855,0
2025-09-26 04:00,3747.885,3754.975,3742.755,3748.495,0
2025-09-26 08:00,3748.515,3783.595,3746.135,3780.245,0
2025-09-26 12:00,3780.235,3783.045,3764.345,3766.525,0
2025-09-26 16:00,3766.475,3769.415,3758.948,3759.005,0
2025-09-28 16:00,3756.045,3772.285,3755.898,3766.648,0
2025-09-28 20:00,3766.648,3799.245,3763.665,3794.155,0
2025-09-29 00:00,3794.135,3819.575,3792.295,3805.998,0
2025-09-29 04:00,3805.998,3831.205,3805.998,3828.735,0
2025-09-29 08:00,3828.755,3833.045,3809.085,3830.215,0
2025-09-29 12:00,3830.235,3833.305,3822.375,3828.615,0
2025-09-29 16:00,3828.545,3834.005,3825.415,3832.655,0
2025-09-29 20:00,3832.685,3867.015,3830.798,3864.465,0
2025-09-30 00:00,3864.555,3871.505,3839.195,3843.645,0
2025-09-30 04:00,3843.675,3847.035,3792.875,3815.045,0
2025-09-30 08:00,3815.045,3854.435,3808.745,3838.765,0
2025-09-30 12:00,3838.615,3860.535,3837.648,3858.798,0
2025-09-30 16:00,3858.898,3862.865,3850.365,3862.765,0
2025-09-30 20:00,3862.775,3875.295,3855.385,3861.875,0
2025-10-01 00:00,3861.875,3879.518,3853.055,3878.995,0
2025-10-01 04:00,3879.035,3895.145,3877.798,3883.415,0
2025-10-01 08:00,3883.485,3890.898,3856.315,3868.315,0
2025-10-01 12:00,3868.305,3871.675,3854.885,3867.498,0
2025-10-01 16:00,3867.498,3870.205,3857.375,3863.165,0
2025-10-01 20:00,3863.195,3869.848,3852.635,3866.235,0
2025-10-02 00:00,3866.255,3874.615,3861.518,3868.298,0
2025-10-02 04:00,3868.298,3886.448,3864.495,3886.048,0
2025-10-02 08:00,3886.048,3896.958,3819.095,3828.015,0
2025-10-02 12:00,3827.978,3858.895,3826.985,3855.345,0
2025-10-02 16:00,3855.355,3863.455,3851.795,3862.145,0
2025-10-02 20:00,3862.105,3862.515,3837.785,3842.575,0
2025-10-03 00:00,3842.535,3865.095,3841.415,3864.105,0
2025-10-03 04:00,3864.085,3867.525,3854.548,3861.885,0
2025-10-03 08:00,3861.915,3891.475,3860.335,3889.275,0
2025-10-03 12:00,3889.285,3889.535,3877.055,3885.555,0
2025-10-03 16:00,3885.555,3886.985,3882.698,3886.825,0
2025-10-05 16:00,3887.955,3920.485,3883.248,3909.355,0
2025-10-05 20:00,3909.425,3931.805,3898.658,3929.375,0
2025-10-06 00:00,3929.375,3944.955,3922.235,3941.325,0
2025-10-06 04:00,3941.405,3949.305,3930.875,3938.005,0
2025-10-06 08:00,3937.985,3963.955,3926.445,3962.275,0
2025-10-06 12:00,3962.285,3969.925,3945.648,3959.245,0
2025-10-06 16:00,3959.225,3975.925,3957.015,3969.248,0
2025-10-06 20:00,3969.248,3977.125,3955.585,3973.245,0
2025-10-07 00:00,3973.215,3976.765,3943.148,3945.725,0
2025-10-07 04:00,3945.615,3968.965,3940.685,3966.825,0
2025-10-07 08:00,3966.865,3990.845,3961.555,3965.898,0
2025-10-07 12:00,3965.898,3987.505,3962.835,3979.915,0
2025-10-07 16:00,3979.915,3995.775,3979.908,3994.145,0
2025-10-07 20:00,3994.098,4016.345,3984.045,4014.498,0
2025-10-08 00:00,4014.598,4038.885,4014.348,4034.055,0
2025-10-08 04:00,4033.975,4049.398,4030.525,4037.795,0
2025-10-08 08:00,4037.795,4050.325,4026.055,4045.515,0
2025-10-08 12:00,4045.495,4059.098,4031.875,4044.555,0
2025-10-08 16:00,4044.625,4046.455,4001.025,4011.465,0
2025-10-08 20:00,4011.448,4036.135,4002.395,4026.585,0
2025-10-09 00:00,4026.615,4043.405,4022.365,4031.375,0
2025-10-09 04:00,4031.335,4046.455,4030.128,4044.235,0
2025-10-09 08:00,4044.205,4057.765,4003.765,4014.395,0
2025-10-09 12:00,4014.285,4021.498,3943.788,3972.895,0
2025-10-09 16:00,3972.985,3990.715,3957.955,3989.548,0
2025-10-09 20:00,3989.399,3994.175,3960.498,3961.499,0
2025-10-10 00:00,3961.499,3977.575,3946.675,3971.705,0
2025-10-10 04:00,3971.725,4006.385,3969.935,3986.845,0
2025-10-10 08:00,3986.835,4022.748,3970.485,3997.525,0
2025-10-10 12:00,3997.605,4021.075,3974.845,4011.015,0
2025-10-10 16:00,4011.055,4020.595,4005.465,4017.845,0
2025-10-12 16:00,4000.535,4059.938,4000.535,4034.705,0
2025-10-12 20:00,4034.885,4059.425,4024.295,4051.728,0
2025-10-13 00:00,4051.728,4077.748,4050.675,4070.705,0
2025-10-13 04:00,4070.655,4085.065,4068.715,4073.745,0
2025-10-13 08:00,4073.785,4107.158,4072.965,4104.675,0
2025-10-13 12:00,4104.735,4117.005,4090.565,4108.385,0
2025-10-13 16:00,4108.445,4131.748,4105.805,4127.798,0
2025-10-13 20:00,4127.898,4166.065,4119.065,4162.885,0
2025-10-14 00:00,4162.785,4179.355,4089.805,4126.175,0
2025-10-14 04:00,4126.155,4144.898,4121.288,4130.155,0
2025-10-14 08:00,4130.175,4142.348,4097.598,4137.675,0
2025-10-14 12:00,4137.695,4155.075,4127.555,4141.355,0
2025-10-14 16:00,4141.495,4166.955,4139.165,4161.325,0
2025-10-14 20:00,4161.305,4190.515,4153.465,4186.815,0
2025-10-15 00:00,4186.905,4209.645,4172.848,4207.545,0
2025-10-15 04:00,4207.595,4217.995,4163.149,4198.465,0
2025-10-15 08:00,4198.498,4212.135,4175.779,4190.348,0
2025-10-15 12:00,4190.348,4213.285,4182.345,4210.015,0
2025-10-15 16:00,4210.098,4215.555,4199.285,4209.285,0
2025-10-15 20:00,4209.285,4241.955,4204.698,4233.545,0
2025-10-16 00:00,4233.235,4239.185,4203.175,4230.455,0
2025-10-16 04:00,4230.485,4247.355,4221.665,4240.265,0
2025-10-16 08:00,4240.265,4275.748,4227.185,4273.345,0
2025-10-16 12:00,4273.375,4312.648,4261.215,4307.025,0
2025-10-16 16:00,4307.135,4379.125,4307.098,4365.225,0
2025-10-16 20:00,4365.205,4371.445,4278.295,4366.525,0
2025-10-17 00:00,4366.555,4378.455,4308.235,4342.085,0
2025-10-17 04:00,4342.165,4349.505,4286.435,4286.795,0
2025-10-17 08:00,4286.775,4319.785,4216.465,4237.235,0
2025-10-17 12:00,4237.245,4244.725,4185.425,4225.395,0
2025-10-17 16:00,4225.725,4252.198,4219.765,4250.855,0
2025-10-19 16:00,4247.775,4273.685,4233.298,4237.605,0
2025-10-19 20:00,4237.625,4270.995,4218.505,4264.379,0
2025-10-20 00:00,4264.379,4268.048,4221.005,4254.895,0
2025-10-20 04:00,4254.875,4279.235,4245.435,4278.905,0
2025-10-20 08:00,4278.905,4355.345,4272.355,4348.898,0
2025-10-20 12:00,4348.898,4381.298,4336.945,4377.848,0
2025-10-20 16:00,4377.885,4379.948,4345.948,4359.905,0
2025-10-20 20:00,4360.005,4372.108,4332.595,4346.395,0
2025-10-21 00:00,4346.365,4346.825,4293.125,4298.005,0
2025-10-21 04:00,4298.005,4301.425,4244.085,4253.145,0
2025-10-21 08:00,4253.165,4257.445,4078.259,4138.385,0
2025-10-21 12:00,4138.405,4143.695,4092.945,4108.685,0
2025-10-21 16:00,4108.638,4130.745,4089.645,4092.618,0
2025-10-21 20:00,4092.618,4142.815,4003.298,4128.248,0
2025-10-22 00:00,4128.248,4161.165,4106.665,4132.715,0
2025-10-22 04:00,4132.618,4135.595,4014.758,4027.405,0
2025-10-22 08:00,4027.435,4084.915,4010.795,4036.785,0
2025-10-22 12:00,4036.885,4113.365,4022.955,4102.145,0
2025-10-22 16:00,4101.885,4116.055,4080.078,4087.305,0
2025-10-22 20:00,4087.295,4100.635,4065.405,4090.935,0
2025-10-23 00:00,4090.955,4137.448,4079.468,4093.895,0
2025-10-23 04:00,4094.015,4125.245,4094.015,4109.375,0
2025-10-23 08:00,4109.395,4154.435,4099.965,4141.565,0
2025-10-23 12:00,4141.575,4148.335,4116.285,4118.125,0
2025-10-23 16:00,4118.195,4132.305,4105.675,4121.375,0
2025-10-23 20:00,4121.405,4144.145,4107.255,4122.125,0
2025-10-24 00:00,4122.085,4123.045,4069.305,4073.948,0
2025-10-24 04:00,4073.965,4077.425,4043.618,4061.255,0
2025-10-24 08:00,4061.205,4134.745,4059.615,4130.195,0
2025-10-24 12:00,4130.235,4138.325,4101.735,4103.865,0
2025-10-24 16:00,4103.945,4113.655,4096.515,4111.555,0
2025-10-26 16:00,4064.051,4108.598,4057.845,4080.935,0
2025-10-26 20:00,4081.005,4097.545,4053.505,4068.525,0
2025-10-27 00:00,4068.565,4084.735,4024.475,4043.045,0
2025-10-27 04:00,4043.135,4049.915,4015.055,4045.625,0
2025-10-27 08:00,4045.815,4050.095,3971.068,3999.125,0
2025-10-27 12:00,3999.095,4009.845,3978.885,3981.095,0
2025-10-27 16:00,3983.915,4009.345,3972.445,4006.278,0
2025-10-27 20:00,4006.435,4019.405,3963.288,3973.355,0
2025-10-28 00:00,3974.095,3979.765,3896.125,3896.948,0
2025-10-28 04:00,3896.908,3930.735,3886.199,3912.448,0
2025-10-28 08:00,3912.448,3969.405,3911.915,3958.355,0
2025-10-28 12:00,3958.345,3970.205,3944.935,3951.945,0
2025-10-28 16:00,3952.598,3982.075,3914.548,3975.015,0
2025-10-28 20:00,3975.045,3979.545,3943.605,3951.755,0
2025-10-29 00:00,3951.775,4018.335,3950.825,4016.705,0
2025-10-29 04:00,4016.695,4029.955,4013.135,4025.205,0
2025-10-29 08:00,4025.235,4025.375,3989.165,3992.545,0
2025-10-29 12:00,3992.398,4007.025,3927.585,3928.435,0
2025-10-29 16:00,3921.725,3964.145,3916.348,3949.915,0
2025-10-29 20:00,3949.835,3982.295,3915.065,3972.115,0
2025-10-30 00:00,3972.135,3977.888,3946.958,3976.235,0
2025-10-30 04:00,3976.215,4011.498,3960.745,3960.965,0
2025-10-30 08:00,3960.855,4014.635,3959.955,4001.275,0
2025-10-30 12:00,4001.275,4026.948,3994.265,4024.305,0
2025-10-30 16:00,4023.075,4045.925,4015.955,4024.845,0
2025-10-30 20:00,4024.675,4039.135,3988.765,4005.505,0
2025-10-31 00:00,4005.275,4026.808,3993.785,4010.205,0
2025-10-31 04:00,4009.995,4036.035,3998.515,4022.758,0
2025-10-31 08:00,4022.758,4035.425,3971.965,3980.465,0
2025-10-31 12:00,3980.595,4009.765,3980.165,4001.505,0
2025-11-02 16:00,3983.498,3998.625,3962.325,3970.405,0
2025-11-02 20:00,3970.395,4015.145,3965.305,4003.368,0
2025-11-03 00:00,4003.378,4027.865,3997.479,4019.395,0
2025-11-03 04:00,4019.645,4025.755,3992.875,4013.235,0
2025-11-03 08:00,4013.235,4030.385,3994.989,4008.095,0
2025-11-03 12:00,4008.115,4014.695,3995.075,4010.105,0
2025-11-03 16:00,4010.105,4010.105,3978.245,3986.125,0
2025-11-03 20:00,3986.155,3999.155,3975.435,3985.375,0
2025-11-04 00:00,3985.335,4000.475,3966.395,3995.895,0
2025-11-04 04:00,3995.915,3999.948,3983.465,3984.455,0
2025-11-04 08:00,3984.475,3995.765,3928.475,3968.855,0
2025-11-04 12:00,3968.945,3970.805,3931.255,3938.505,0
2025-11-04 16:00,3938.655,3942.705,3929.648,3939.455,0
2025-11-04 20:00,3939.635,3973.475,3934.255,3970.065,0
2025-11-05 00:00,3970.085,3986.915,3961.648,3979.805,0
2025-11-05 04:00,3979.685,3981.105,3955.825,3969.485,0
2025-11-05 08:00,3969.505,3990.235,3963.695,3986.675,0
2025-11-05 12:00,3986.665,3989.975,3978.395,3984.265,0
2025-11-05 16:00,3984.255,3984.845,3966.095,3976.015,0
2025-11-05 20:00,3976.045,3990.205,3964.355,3988.595,0
2025-11-06 00:00,3988.545,4016.675,3982.035,4014.548,0
2025-11-06 04:00,4014.548,4019.275,4002.615,4005.005,0
2025-11-06 08:00,4005.035,4015.905,3974.895,3980.695,0
2025-11-06 12:00,3980.705,3994.975,3965.425,3980.388,0
2025-11-06 16:00,3980.458,3994.325,3973.655,3988.305,0
2025-11-06 20:00,3988.285,4003.115,3985.275,3998.085,0
2025-11-07 00:00,3998.125,4010.275,3991.765,4009.445,0
2025-11-07 04:00,4009.495,4013.975,3991.545,3995.685,0
2025-11-07 08:00,3995.825,4027.225,3983.855,4007.585,0
2025-11-07 12:00,4007.625,4009.545,3992.165,4003.865,0
2025-11-07 16:00,4003.645,4004.955,3998.165,4000.289,0
2025-11-09 16:00,3997.898,4023.685,3996.698,4020.065,0
2025-11-09 20:00,4020.045,4056.635,4018.795,4053.935,0
2025-11-10 00:00,4053.965,4084.995,4049.995,4082.065,0
2025-11-10 04:00,4082.095,4099.835,4071.265,4097.365,0
2025-11-10 08:00,4097.435,4105.715,4074.065,4094.825,0
2025-11-10 12:00,4094.845,4115.605,4093.215,4111.448,0
2025-11-10 16:00,4111.448,4133.495,4110.225,4130.715,0
2025-11-10 20:00,4130.695,4148.755,4127.795,4142.945,0
2025-11-11 00:00,4142.905,4144.175,4124.525,4135.425,0
2025-11-11 04:00,4135.405,4145.725,4132.995,4134.205,0
2025-11-11 08:00,4134.245,4146.545,4096.845,4113.065,0
2025-11-11 12:00,4113.035,4131.735,4106.435,4129.245,0
2025-11-11 16:00,4129.365,4145.255,4125.395,4132.825,0
2025-11-11 20:00,4132.865,4136.965,4103.505,4110.375,0
2025-11-12 00:00,4110.345,4132.615,4098.665,4131.145,0
2025-11-12 04:00,4131.145,4139.275,4117.715,4130.0,0
2025-11-12 08:00,4130.075,4197.548,4122.495,4196.165,0
2025-11-12 12:00,4196.155,4211.495,4190.219,4195.715,0
2025-11-12 16:00,4195.745,4208.725,4185.709,4205.715,0
2025-11-12 20:00,4205.735,4219.125,4179.625,4209.165,0
2025-11-13 00:00,4209.135,4239.255,4203.065,4232.509,0
2025-11-13 04:00,4232.509,4244.925,4219.005,4242.395,0
2025-11-13 08:00,4242.465,4243.645,4184.355,4206.585,0
2025-11-13 12:00,4206.425,4208.265,4144.965,4163.735,0
2025-11-13 16:00,4163.685,4189.585,4160.935,4183.505,0
2025-11-13 20:00,4183.298,4211.015,4173.345,4202.935,0
2025-11-14 00:00,4202.965,4203.315,4158.685,4175.855,0
2025-11-14 04:00,4175.805,4180.385,4107.595,4115.885,0
2025-11-14 08:00,4115.905,4118.835,4031.955,4104.975,0
2025-11-14 12:00,4105.005,4110.445,4075.345,4086.989,0
2025-11-14 16:00,4086.925,4086.925,4077.509,4082.019,0
2025-11-16 16:00,4084.898,4106.295,4070.395,4082.935,0
2025-11-16 20:00,4082.905,4101.605,4069.575,4078.375,0
2025-11-17 00:00,4078.415,4095.685,4049.505,4077.195,0
2025-11-17 04:00,4077.165,4089.265,4060.905,4076.995,0
2025-11-17 08:00,4076.975,4092.065,4051.985,4069.765,0
2025-11-17 12:00,4069.835,4080.895,4006.735,4040.805,0
2025-11-17 16:00,4040.835,4054.848,4027.045,4039.825,0
2025-11-17 20:00,4039.865,4044.935,4004.419,4010.135,0
2025-11-18 00:00,4010.195,4042.515,3997.658,4036.495,0
2025-11-18 04:00,4036.465,4050.185,4028.905,4032.235,0
2025-11-18 08:00,4032.055,4081.645,4031.215,4066.635,0
2025-11-18 12:00,4066.625,4082.275,4059.125,4069.395,0
2025-11-18 16:00,4069.425,4078.105,4064.735,4069.135,0
2025-11-18 20:00,4069.165,4080.445,4055.248,4074.985,0
2025-11-19 00:00,4075.025,4098.415,4074.045,4083.215,0
2025-11-19 04:00,4083.065,4119.635,4080.945,4114.355,0
2025-11-19 08:00,4114.395,4132.675,4067.715,4074.455,0
2025-11-19 12:00,4074.465,4091.165,4055.385,4076.145,0
2025-11-19 16:00,4076.115,4109.805,4065.425,4102.865,0
2025-11-19 20:00,4102.825,4108.945,4039.998,4075.295,0
2025-11-20 00:00,4075.305,4077.545,4038.605,4063.275,0
2025-11-20 04:00,4063.255,4081.735,4050.755,4081.525,0
2025-11-20 08:00,4081.565,4107.055,4044.485,4048.895,0
2025-11-20 12:00,4048.765,4086.965,4043.348,4077.105,0
2025-11-20 16:00,4077.105,4088.645,4071.315,4073.605,0
2025-11-20 20:00,4073.625,4079.805,4047.358,4052.005,0
2025-11-21 00:00,4052.005,4064.645,4022.075,4040.835,0
2025-11-21 04:00,4040.805,4071.548,4030.805,4065.595,0
2025-11-21 08:00,4065.645,4100.425,4054.878,4099.675,0
2025-11-21 12:00,4099.619,4100.839,4054.955,4067.098,0
2025-11-21 16:00,4067.098,4068.898,4054.385,4064.279,0
2025-11-23 16:00,4070.098,4077.285,4057.935,4067.198,0
2025-11-23 20:00,4067.258,4073.038,4040.375,4043.885,0
2025-11-24 00:00,4043.925,4067.365,4039.945,4063.175,0
2025-11-24 04:00,4063.135,4083.785,4062.845,4080.085,0
2025-11-24 08:00,4080.115,4098.675,4068.075,4096.965,0
2025-11-24 12:00,4096.975,4133.405,4087.685,4132.315,0
2025-11-24 16:00,4132.248,4144.198,4124.765,4129.285,0
2025-11-24 20:00,4129.465,4155.585,4122.265,4140.445,0
2025-11-25 00:00,4140.498,4151.815,4109.415,4115.709,0
2025-11-25 04:00,4115.795,4138.585,4113.765,4129.625,0
2025-11-25 08:00,4129.685,4150.548,4110.685,4136.145,0
2025-11-25 12:00,4136.145,4159.045,4128.298,4132.005,0
2025-11-25 16:00,4132.059,4144.105,4127.678,4142.555,0
2025-11-25 20:00,4142.675,4169.255,4138.315,4161.665,0
2025-11-26 00:00,4161.685,4168.425,4146.435,4160.775,0
2025-11-26 04:00,4160.715,4173.145,4148.605,4154.955,0
2025-11-26 08:00,4154.985,4168.385,4135.675,4166.915,0
2025-11-26 12:00,4166.945,4171.485,4157.855,4163.795,0
2025-11-26 16:00,4163.795,4168.405,4161.458,4164.285,0
2025-11-26 20:00,4164.265,4165.105,4142.425,4150.665,0
2025-11-27 00:00,4150.655,4166.825,4144.425,4165.555,0
2025-11-27 04:00,4165.555,4165.625,4148.165,4153.885,0
2025-11-27 08:00,4153.655,4161.575,4148.895,4156.095,0
2025-11-27 12:00,4156.115,4160.115,4154.465,4157.448,0
2025-11-27 16:00,4156.825,4183.305,4156.355,4180.425,0
2025-11-27 20:00,4180.405,4193.015,4176.858,4188.435,0
2025-11-28 00:00,4188.215,4188.515,4150.075,4167.985,0
2025-11-28 04:00,4167.979,4179.455,4155.225,4175.935,0
2025-11-28 08:00,4175.935,4210.655,4168.038,4206.085,0
2025-11-28 12:00,4206.095,4226.735,4204.165,4218.959,0
2025-11-30 16:00,4222.298,4233.375,4204.348,4230.525,0
2025-11-30 20:00,4230.495,4256.245,4219.565,4245.355,0
2025-12-01 00:00,4245.395,4253.325,4215.275,4244.375,0
2025-12-01 04:00,4244.395,4262.025,4243.415,4246.345,0
2025-12-01 08:00,4246.375,4264.385,4219.345,4226.005,0
2025-12-01 12:00,4226.125,4244.485,4222.835,4237.195,0
2025-12-01 16:00,4237.055,4240.225,4221.365,4226.525,0
2025-12-01 20:00,4226.415,4226.875,4197.895,4218.515,0
2025-12-02 00:00,4218.475,4226.105,4202.985,4209.985,0
2025-12-02 04:00,4209.935,4212.975,4180.895,4208.455,0
2025-12-02 08:00,4208.715,4230.365,4163.458,4184.655,0
2025-12-02 12:00,4184.745,4212.215,4182.985,4209.895,0
2025-12-02 16:00,4209.885,4215.825,4202.098,4211.665,0
2025-12-02 20:00,4211.408,4228.765,4211.408,4222.155,0
2025-12-03 00:00,4222.085,4223.735,4200.065,4206.245,0
2025-12-03 04:00,4206.175,4214.135,4194.405,4213.305,0
2025-12-03 08:00,4213.365,4241.235,4195.585,4200.615,0
2025-12-03 12:00,4200.615,4215.195,4194.945,4205.945,0
2025-12-03 16:00,4206.025,4215.645,4201.915,4211.475,0
2025-12-03 20:00,4211.445,4216.715,4187.125,4196.745,0
2025-12-04 00:00,4196.705,4198.835,4175.005,4184.565,0
2025-12-04 04:00,4184.755,4206.335,4183.315,4190.245,0
2025-12-04 08:00,4190.145,4219.255,4185.155,4215.465,0
2025-12-04 12:00,4215.575,4217.425,4199.435,4209.685,0
2025-12-04 16:00,4209.675,4210.255,4200.918,4201.485,0
2025-12-04 20:00,4201.415,4217.255,4194.465,4216.565,0
2025-12-05 00:00,4216.565,4230.485,4214.135,4220.385,0
2025-12-05 04:00,4220.218,4229.585,4215.735,4228.545,0
2025-12-05 08:00,4228.575,4259.105,4221.285,4243.465,0
2025-12-07 16:00,4199.615,4211.605,4193.385,4210.505,0
2025-12-07 20:00,4210.525,4213.045,4197.225,4208.385,0
2025-12-08 00:00,4208.355,4218.755,4202.895,4209.595,0
2025-12-08 04:00,4209.385,4215.275,4199.418,4213.575,0
2025-12-08 08:00,4213.565,4214.465,4175.998,4191.395,0
2025-12-08 12:00,4191.375,4195.505,4184.035,4191.415,0
2025-12-08 16:00,4191.425,4195.515,4188.165,4190.255,0
2025-12-08 20:00,4190.205,4198.568,4184.275,4186.575,0
2025-12-09 00:00,4186.555,4191.725,4169.845,4191.355,0
2025-12-09 04:00,4191.398,4212.645,4190.498,4203.948,0
2025-12-09 08:00,4204.025,4221.345,4189.229,4212.105,0
2025-12-09 12:00,4212.125,4216.045,4201.085,4211.925,0
2025-12-09 16:00,4211.985,4212.798,4204.895,4207.985,0
2025-12-09 20:00,4207.999,4218.615,4203.365,4206.825,0
2025-12-10 00:00,4206.748,4214.225,4196.805,4197.715,0
2025-12-10 04:00,4197.655,4202.095,4187.525,4196.265,0
2025-12-10 08:00,4196.215,4206.825,4188.645,4204.645,0
2025-12-10 12:00,4204.645,4238.445,4181.565,4229.348,0
2025-12-10 16:00,4229.205,4244.965,4221.075,4237.025,0
2025-12-10 20:00,4237.005,4247.465,4208.235,4213.285,0
2025-12-11 00:00,4213.265,4219.395,4203.905,4216.415,0
2025-12-11 04:00,4216.395,4225.775,4208.525,4220.235,0
2025-12-11 08:00,4220.275,4278.748,4205.035,4273.355,0
2025-12-11 12:00,4273.375,4285.705,4262.305,4275.948,0
2025-12-11 16:00,4276.098,4283.548,4268.745,4269.245,0
2025-12-11 20:00,4269.265,4276.715,4264.148,4266.085,0
2025-12-12 00:00,4266.135,4309.238,4265.805,4307.948,0
2025-12-12 04:00,4307.998,4339.075,4306.648,4325.505,0
2025-12-12 08:00,4325.873,4353.325,4256.845,4281.565,0
2025-12-12 12:00,4281.785,4303.555,4270.705,4299.105,0
2025-12-12 16:00,4299.135,4303.935,4297.47,4298.705,0
2025-12-14 16:00,4299.298,4308.195,4293.798,4307.198,0
2025-12-14 20:00,4307.198,4329.835,4305.275,4325.885,0
2025-12-15 00:00,4325.945,4348.815,4324.545,4346.785,0
2025-12-15 04:00,4346.615,4349.995,4335.008,4345.545,0
2025-12-15 08:00,4345.515,4345.985,4285.055,4297.405,0
2025-12-15 12:00,4297.375,4317.548,4290.635,4304.335,0
2025-12-15 16:00,4304.335,4313.015,4300.555,4307.645,0
2025-12-15 20:00,4307.995,4317.695,4280.385,4288.925,0
2025-12-16 00:00,4288.885,4292.055,4271.125,4284.415,0
2025-12-16 04:00,4284.375,4294.675,4273.585,4294.295,0
2025-12-16 08:00,4294.325,4334.935,4290.678,4300.355,0
2025-12-16 12:00,4300.385,4315.535,4296.865,4304.445,0
2025-12-16 16:00,4304.425,4314.915,4300.535,4312.895,0
2025-12-16 20:00,4312.895,4331.345,4310.885,4329.475,0
2025-12-17 00:00,4329.505,4342.255,4308.145,4318.955,0
2025-12-17 04:00,4318.935,4323.075,4306.305,4317.345,0
2025-12-17 08:00,4317.445,4348.675,4314.855,4333.345,0
2025-12-17 12:00,4333.335,4346.375,4328.335,4341.265,0
2025-12-17 16:00,4341.275,4346.135,4332.955,4334.605,0
2025-12-17 20:00,4334.635,4337.615,4324.205,4331.595,0
2025-12-18 00:00,4331.529,4337.595,4321.665,4326.315,0
2025-12-18 04:00,4326.355,4328.555,4317.005,4320.585,0
2025-12-18 08:00,4320.525,4374.395,4308.285,4360.015,0
2025-12-18 12:00,4360.195,4363.095,4321.765,4334.675,0
2025-12-18 16:00,4334.585,4336.695,4325.555,4325.855,0
2025-12-18 20:00,4325.875,4328.305,4308.715,4322.495,0
2025-12-19 00:00,4322.525,4330.695,4317.305,4325.785,0
2025-12-19 04:00,4325.735,4333.475,4320.475,4326.468,0
2025-12-19 08:00,4326.475,4354.388,4319.528,4349.705,0
2025-12-19 12:00,4349.725,4356.365,4336.565,4339.405,0
2025-12-19 16:00,4339.445,4340.045,4336.275,4338.669,0
2025-12-21 16:00,4338.898,4366.115,4336.635,4364.775,0
2025-12-21 20:00,4364.835,4400.795,4361.025,4398.098,0
2025-12-22 00:00,4398.079,4420.165,4396.445,4407.939,0
2025-12-22 04:00,4407.939,4415.755,4405.755,4415.535,0
2025-12-22 08:00,4415.535,4441.948,4411.725,4438.415,0
2025-12-22 12:00,4438.435,4441.885,4428.675,4438.455,0
2025-12-22 16:00,4438.415,4470.325,4438.215,4470.305,0
2025-12-22 20:00,4470.255,4497.345,4469.299,4482.335,0
2025-12-23 00:00,4482.315,4492.995,4469.265,4489.575,0
2025-12-23 04:00,4489.545,4494.005,4477.945,4486.175,0
2025-12-23 08:00,4486.025,4497.175,4429.975,4474.055,0
2025-12-23 12:00,4474.045,4499.669,4469.505,4497.448,0
2025-12-23 16:00,4497.448,4518.035,4481.298,4511.748,0
2025-12-23 20:00,4511.748,4525.765,4467.919,4498.995,0
2025-12-24 00:00,4498.945,4500.198,4477.805,4481.995,0
2025-12-24 04:00,4482.005,4499.525,4481.635,4490.345,0
2025-12-24 08:00,4490.485,4493.245,4447.895,4476.475,0
2025-12-24 12:00,4476.455,4487.515,4475.125,4479.029,0
2025-12-25 16:00,4490.045,4517.465,4482.655,4517.335,0
2025-12-25 20:00,4517.375,4530.975,4491.535,4508.775,0
2025-12-26 00:00,4508.769,4519.155,4505.645,4518.505,0
2025-12-26 04:00,4518.445,4523.165,4502.505,4508.535,0
2025-12-26 08:00,4508.485,4549.715,4503.205,4536.155,0
2025-12-26 12:00,4536.155,4537.698,4509.625,4530.755,0
2025-12-26 16:00,4530.779,4534.408,4526.835,4532.365,0
2025-12-28 16:00,4538.698,4549.298,4471.498,4496.998,0
2025-12-28 20:00,4496.899,4520.175,4491.408,4515.425,0
2025-12-29 00:00,4515.349,4519.245,4444.735,4460.599,0
2025-12-29 04:00,4460.599,4476.095,4433.835,4463.998,0
2025-12-29 08:00,4464.098,4467.288,4300.698,4341.325,0
2025-12-29 12:00,4341.785,4344.265,4314.845,4334.455,0
2025-12-29 16:00,4334.535,4350.465,4322.965,4339.555,0
2025-12-29 20:00,4339.585,4369.595,4324.195,4363.275,0
2025-12-30 00:00,4363.315,4383.035,4349.955,4364.595,0
2025-12-30 04:00,4364.565,4402.435,4363.905,4400.895,0
2025-12-30 08:00,4401.065,4403.998,4354.585,4377.405,0
2025-12-30 12:00,4377.395,4381.625,4337.565,4341.395,0
2025-12-30 16:00,4341.395,4350.065,4328.765,4341.925,0
2025-12-30 20:00,4342.105,4372.905,4330.255,4332.598,0
2025-12-31 00:00,4332.375,4342.865,4273.805,4307.185,0
2025-12-31 04:00,4307.135,4337.065,4302.598,4313.515,0
2025-12-31 08:00,4313.485,4353.048,4307.745,4322.618,0
2025-12-31 12:00,4322.618,4331.275,4304.195,4313.045,0
2025-12-31 16:00,4313.305,4318.459,4306.835,4318.379,0
