2026-05-07 17:50:57 | WARNING  | ayumi.risk | No state file at /tmp/pytest-of-root/pytest-525/test_start_restores_no_state0/risk_state.json — starting fresh
2026-05-07 17:50:57 | WARNING  | ayumi.risk | No state file at /tmp/pytest-of-root/pytest-525/test_signal_processing0/risk_state.json — starting fresh
2026-05-07 17:50:57 | WARNING  | ayumi.risk | No state file at /tmp/pytest-of-root/pytest-525/test_multiple_signals_in_seque0/risk_state.json — starting fresh
2026-05-07 17:50:57 | WARNING  | ayumi.risk | No state file at /tmp/pytest-of-root/pytest-525/test_fill_handling_updates_bal0/risk_state.json — starting fresh
2026-05-07 17:50:57 | WARNING  | ayumi.risk | No state file at /tmp/pytest-of-root/pytest-525/test_state_save_on_stop0/risk_state.json — starting fresh
2026-05-07 17:50:57 | WARNING  | ayumi.risk | No state file at /tmp/pytest-of-root/pytest-525/test_state_restore_on_start0/risk_state.json — starting fresh
2026-05-07 17:51:18 | WARNING  | ayumi.orchestrator | Signal REJECTED by routing: strategy=test_strat symbol=EURUSD score=0.200
2026-05-07 17:51:18 | WARNING  | ayumi.orchestrator | Signal REJECTED by routing: strategy=test_strat symbol=EURUSD score=0.390
2026-05-07 17:51:18 | WARNING  | ayumi.orchestrator | Signal REJECTED by sizing: strategy=test_strat symbol=EURUSD reason=SL distance 1.0 pips < minimum 5.0 pips
2026-05-07 17:51:18 | WARNING  | ayumi.orchestrator | Signal REJECTED by sizing: strategy=test_strat symbol=EURUSD reason=Trade risk $50.00 exceeds daily remaining $0.00
2026-05-07 17:51:18 | WARNING  | ayumi.orchestrator | Signal REJECTED by sizing: strategy=test_strat symbol=EURUSD reason=Trading halted until 2026-05-08T17:51:18.145866+00:00: test breaker
2026-05-07 17:51:18 | WARNING  | ayumi.orchestrator | Signal REJECTED by sizing: strategy=test_strat symbol=FAKEPAIR reason=Unknown instrument: FAKEPAIR
2026-05-07 17:51:18 | WARNING  | ayumi.risk | No state file at /tmp/pytest-of-root/pytest-525/test_restore_missing_file0/risk_state.json — starting fresh
2026-05-07 17:51:18 | ERROR    | ayumi.risk | Corrupt state file /tmp/pytest-of-root/pytest-525/test_restore_corrupt_file0/risk_state.json: Expecting value: line 1 column 1 (char 0)
2026-05-07 17:56:18 | WARNING  | ayumi.risk | No state file at /tmp/pytest-of-root/pytest-526/test_start_restores_no_state0/risk_state.json — starting fresh
2026-05-07 17:56:18 | WARNING  | ayumi.risk | No state file at /tmp/pytest-of-root/pytest-526/test_signal_processing0/risk_state.json — starting fresh
2026-05-07 17:56:18 | WARNING  | ayumi.risk | No state file at /tmp/pytest-of-root/pytest-526/test_multiple_signals_in_seque0/risk_state.json — starting fresh
2026-05-07 17:56:18 | WARNING  | ayumi.risk | No state file at /tmp/pytest-of-root/pytest-526/test_fill_handling_updates_bal0/risk_state.json — starting fresh
2026-05-07 17:56:18 | WARNING  | ayumi.risk | No state file at /tmp/pytest-of-root/pytest-526/test_state_save_on_stop0/risk_state.json — starting fresh
2026-05-07 17:56:18 | WARNING  | ayumi.risk | No state file at /tmp/pytest-of-root/pytest-526/test_state_restore_on_start0/risk_state.json — starting fresh
2026-05-07 17:56:38 | WARNING  | ayumi.orchestrator | Signal REJECTED by routing: strategy=test_strat symbol=EURUSD score=0.200
2026-05-07 17:56:38 | WARNING  | ayumi.orchestrator | Signal REJECTED by routing: strategy=test_strat symbol=EURUSD score=0.390
2026-05-07 17:56:38 | WARNING  | ayumi.orchestrator | Signal REJECTED by sizing: strategy=test_strat symbol=EURUSD reason=SL distance 1.0 pips < minimum 5.0 pips
2026-05-07 17:56:38 | WARNING  | ayumi.orchestrator | Signal REJECTED by sizing: strategy=test_strat symbol=EURUSD reason=Trade risk $50.00 exceeds daily remaining $0.00
2026-05-07 17:56:38 | WARNING  | ayumi.orchestrator | Signal REJECTED by sizing: strategy=test_strat symbol=EURUSD reason=Trading halted until 2026-05-08T17:56:38.978189+00:00: test breaker
2026-05-07 17:56:38 | WARNING  | ayumi.orchestrator | Signal REJECTED by sizing: strategy=test_strat symbol=FAKEPAIR reason=Unknown instrument: FAKEPAIR
2026-05-07 17:56:39 | WARNING  | ayumi.risk | No state file at /tmp/pytest-of-root/pytest-526/test_restore_missing_file0/risk_state.json — starting fresh
2026-05-07 17:56:39 | ERROR    | ayumi.risk | Corrupt state file /tmp/pytest-of-root/pytest-526/test_restore_corrupt_file0/risk_state.json: Expecting value: line 1 column 1 (char 0)
2026-05-07 18:13:00 | INFO     | ayumi.blend_launcher | === Ayumi Multi-Strategy Forward Test (Blend Pipeline) ===
2026-05-07 18:13:00 | INFO     | ayumi.blend_launcher | Symbols: ['GBPUSD', 'USDJPY']
2026-05-07 18:13:03 | WARNING  | ayumi.blend_launcher | Could not fetch symbol list from OpenAPI: 'CTraderOpenApiClient' object has no attribute 'get_symbols' — using static mapping
2026-05-07 18:13:03 | INFO     | ayumi.blend_launcher | Fetching 100 H1 bars for GBPUSD (id=2)...
2026-05-07 18:13:05 | INFO     | ayumi.blend_launcher | Fetched 0 H1 bars for GBPUSD
2026-05-07 18:13:05 | INFO     | ayumi.blend_launcher | Fetching 200 M15 bars for GBPUSD (id=2)...
2026-05-07 18:13:07 | INFO     | ayumi.blend_launcher | Fetched 0 M15 bars for GBPUSD
2026-05-07 18:13:07 | INFO     | ayumi.blend_launcher | Fetching 100 H1 bars for USDJPY (id=4)...
2026-05-07 18:13:09 | INFO     | ayumi.blend_launcher | Fetched 0 H1 bars for USDJPY
2026-05-07 18:13:09 | INFO     | ayumi.blend_launcher | Fetching 200 M15 bars for USDJPY (id=4)...
2026-05-07 18:13:11 | INFO     | ayumi.blend_launcher | Fetched 0 M15 bars for USDJPY
2026-05-07 18:13:11 | INFO     | ayumi.blend_launcher | Registered 5 strategies: ['SRMR+', 'Killzone Momentum', 'Donchian Channel Breakout', 'Session-Range Mean Reversion', 'BB+RSI Mean Reversion']
2026-05-07 18:13:11 | INFO     | ayumi.blend_launcher | All strategy .name properties verified against maps
2026-05-07 18:13:11 | INFO     | ayumi.risk | Restored risk state from data/risk_state_blend.json
2026-05-07 18:13:11 | INFO     | ayumi.forward_test | BlendForwardTestRunner started — balance=$10000.00
2026-05-07 18:13:11 | INFO     | ayumi.blend_launcher | === STARTING MULTI-STRATEGY FORWARD TEST ===
2026-05-07 18:13:11 | INFO     | ayumi.blend_launcher | Pipeline: SRMR+ + Killzone + Momentum + SessionRangeMR → Correlation Gate → Blend Runner → Paper
2026-05-07 18:13:11 | WARNING  | ayumi.forward_test | Credential validation: sender_comp_id is empty — may cause FIX logon failure
2026-05-07 18:13:11 | INFO     | ayumi.openapi_spot_feed | Connected to demo.ctraderapi.com:5035
2026-05-07 18:13:12 | INFO     | ayumi.openapi_spot_feed | Application authenticated
2026-05-07 18:13:13 | INFO     | ayumi.openapi_spot_feed | Account authenticated
2026-05-07 18:13:13 | INFO     | ayumi.openapi_spot_feed | Requesting symbol list for account 46877902
2026-05-07 18:13:14 | ERROR    | ayumi.openapi_spot_feed | API error: INVALID_REQUEST — Trading account is not authorized
2026-05-07 18:13:18 | INFO     | ayumi.blend_launcher | Shutdown signal — stopping engine...
2026-05-07 18:13:18 | INFO     | ayumi.risk | Saved risk state to data/risk_state_blend.json
2026-05-07 18:13:18 | INFO     | ayumi.forward_test | BlendForwardTestRunner stopped — balance=$10000.00
2026-05-07 18:13:30 | INFO     | ayumi.blend_launcher | === Ayumi Multi-Strategy Forward Test (Blend Pipeline) ===
2026-05-07 18:13:30 | INFO     | ayumi.blend_launcher | Symbols: ['GBPUSD', 'USDJPY']
2026-05-07 18:13:33 | WARNING  | ayumi.blend_launcher | Could not fetch symbol list from OpenAPI: 'CTraderOpenApiClient' object has no attribute 'get_symbols' — using static mapping
2026-05-07 18:13:33 | INFO     | ayumi.blend_launcher | Fetching 100 H1 bars for GBPUSD (id=2)...
2026-05-07 18:13:35 | INFO     | ayumi.blend_launcher | Fetched 0 H1 bars for GBPUSD
2026-05-07 18:13:35 | INFO     | ayumi.blend_launcher | Fetching 200 M15 bars for GBPUSD (id=2)...
2026-05-07 18:13:37 | INFO     | ayumi.blend_launcher | Fetched 0 M15 bars for GBPUSD
2026-05-07 18:13:37 | INFO     | ayumi.blend_launcher | Fetching 100 H1 bars for USDJPY (id=4)...
2026-05-07 18:13:39 | INFO     | ayumi.blend_launcher | Fetched 0 H1 bars for USDJPY
2026-05-07 18:13:39 | INFO     | ayumi.blend_launcher | Fetching 200 M15 bars for USDJPY (id=4)...
2026-05-07 18:13:41 | INFO     | ayumi.blend_launcher | Fetched 0 M15 bars for USDJPY
2026-05-07 18:13:41 | INFO     | ayumi.blend_launcher | Registered 5 strategies: ['SRMR+', 'Killzone Momentum', 'Donchian Channel Breakout', 'Session-Range Mean Reversion', 'BB+RSI Mean Reversion']
2026-05-07 18:13:41 | INFO     | ayumi.blend_launcher | All strategy .name properties verified against maps
2026-05-07 18:13:41 | INFO     | ayumi.risk | Restored risk state from data/risk_state_blend.json
2026-05-07 18:13:41 | INFO     | ayumi.forward_test | BlendForwardTestRunner started — balance=$10000.00
2026-05-07 18:13:41 | INFO     | ayumi.blend_launcher | === STARTING MULTI-STRATEGY FORWARD TEST ===
2026-05-07 18:13:41 | INFO     | ayumi.blend_launcher | Pipeline: SRMR+ + Killzone + Momentum + SessionRangeMR → Correlation Gate → Blend Runner → Paper
2026-05-07 18:13:41 | WARNING  | ayumi.forward_test | Credential validation: sender_comp_id is empty — may cause FIX logon failure
2026-05-07 18:13:41 | INFO     | ayumi.openapi_spot_feed | Connected to demo.ctraderapi.com:5035
2026-05-07 18:13:42 | INFO     | ayumi.openapi_spot_feed | Application authenticated
2026-05-07 18:13:43 | INFO     | ayumi.openapi_spot_feed | Account authenticated
2026-05-07 18:13:43 | INFO     | ayumi.openapi_spot_feed | Requesting symbol list for account 46877902
2026-05-07 18:13:44 | ERROR    | ayumi.openapi_spot_feed | API error: INVALID_REQUEST — Trading account is not authorized
2026-05-07 18:14:24 | INFO     | ayumi.blend_launcher | Shutdown signal — stopping engine...
2026-05-07 18:14:24 | INFO     | ayumi.risk | Saved risk state to data/risk_state_blend.json
2026-05-07 18:14:24 | INFO     | ayumi.forward_test | BlendForwardTestRunner stopped — balance=$10000.00
2026-05-07 18:14:26 | INFO     | ayumi.blend_launcher | === Ayumi Multi-Strategy Forward Test (Blend Pipeline) ===
2026-05-07 18:14:26 | INFO     | ayumi.blend_launcher | Symbols: ['GBPUSD', 'USDJPY']
2026-05-07 18:14:29 | WARNING  | ayumi.blend_launcher | Could not fetch symbol list from OpenAPI: 'CTraderOpenApiClient' object has no attribute 'get_symbols' — using static mapping
2026-05-07 18:14:29 | INFO     | ayumi.blend_launcher | Fetching 100 H1 bars for GBPUSD (id=2)...
2026-05-07 18:14:31 | INFO     | ayumi.blend_launcher | Fetched 0 H1 bars for GBPUSD
2026-05-07 18:14:31 | INFO     | ayumi.blend_launcher | Fetching 200 M15 bars for GBPUSD (id=2)...
2026-05-07 18:14:33 | INFO     | ayumi.blend_launcher | Fetched 0 M15 bars for GBPUSD
2026-05-07 18:14:33 | INFO     | ayumi.blend_launcher | Fetching 100 H1 bars for USDJPY (id=4)...
2026-05-07 18:14:35 | INFO     | ayumi.blend_launcher | Fetched 0 H1 bars for USDJPY
2026-05-07 18:14:35 | INFO     | ayumi.blend_launcher | Fetching 200 M15 bars for USDJPY (id=4)...
2026-05-07 18:14:37 | INFO     | ayumi.blend_launcher | Fetched 0 M15 bars for USDJPY
2026-05-07 18:14:37 | INFO     | ayumi.blend_launcher | Registered 5 strategies: ['SRMR+', 'Killzone Momentum', 'Donchian Channel Breakout', 'Session-Range Mean Reversion', 'BB+RSI Mean Reversion']
2026-05-07 18:14:37 | INFO     | ayumi.blend_launcher | All strategy .name properties verified against maps
2026-05-07 18:14:37 | INFO     | ayumi.risk | Restored risk state from data/risk_state_blend.json
2026-05-07 18:14:37 | INFO     | ayumi.forward_test | BlendForwardTestRunner started — balance=$10000.00
2026-05-07 18:14:37 | INFO     | ayumi.blend_launcher | === STARTING MULTI-STRATEGY FORWARD TEST ===
2026-05-07 18:14:37 | INFO     | ayumi.blend_launcher | Pipeline: SRMR+ + Killzone + Momentum + SessionRangeMR → Correlation Gate → Blend Runner → Paper
2026-05-07 18:14:37 | WARNING  | ayumi.forward_test | Credential validation: sender_comp_id is empty — may cause FIX logon failure
2026-05-07 18:14:37 | INFO     | ayumi.openapi_spot_feed | Connected to demo.ctraderapi.com:5035
2026-05-07 18:14:38 | INFO     | ayumi.openapi_spot_feed | Application authenticated
2026-05-07 18:14:39 | INFO     | ayumi.openapi_spot_feed | Account authenticated
2026-05-07 18:14:39 | INFO     | ayumi.openapi_spot_feed | Requesting symbol list for account 46877902
2026-05-07 18:14:40 | ERROR    | ayumi.openapi_spot_feed | API error: INVALID_REQUEST — Trading account is not authorized
2026-05-07 18:14:40 | ERROR    | ayumi.openapi_spot_feed | Symbol list request failed with error: INVALID_REQUEST — Trading account is not authorized
2026-05-07 18:14:40 | WARNING  | ayumi.openapi_spot_feed | Symbol list API failed, using static fallback
2026-05-07 18:14:40 | INFO     | ayumi.openapi_spot_feed | Loaded 3 symbols from static fallback
2026-05-07 18:14:40 | INFO     | ayumi.openapi_spot_feed | Subscribed to spot events for symbol_id=2
2026-05-07 18:14:40 | INFO     | ayumi.openapi_spot_feed | OpenApiSpotFeed started: account=46877902 symbols_loaded=3
2026-05-07 18:14:40 | INFO     | ayumi.forward_test | Open API spot feed connected for ['GBPUSD']
2026-05-07 18:14:40 | INFO     | ayumi.forward_test | Forward test started: symbols=['GBPUSD'] strategies=['SRMR+', 'Killzone Momentum', 'Donchian Channel Breakout', 'Session-Range Mean Reversion', 'BB+RSI Mean Reversion'] mode=PAPER eval_interval=1.0s bar_period=60m
2026-05-07 18:14:40 | INFO     | ayumi.blend_launcher | === Ayumi Multi-Strategy Forward Test (Blend Pipeline) ===
2026-05-07 18:14:40 | INFO     | ayumi.blend_launcher | Symbols: ['GBPUSD', 'USDJPY']
2026-05-07 18:14:41 | ERROR    | ayumi.openapi_spot_feed | API error: INVALID_REQUEST — Trading account is not authorized
2026-05-07 18:14:43 | WARNING  | ayumi.blend_launcher | Could not fetch symbol list from OpenAPI: 'CTraderOpenApiClient' object has no attribute 'get_symbols' — using static mapping
2026-05-07 18:14:43 | INFO     | ayumi.blend_launcher | Fetching 100 H1 bars for GBPUSD (id=2)...
2026-05-07 18:14:45 | INFO     | ayumi.blend_launcher | Fetched 0 H1 bars for GBPUSD
2026-05-07 18:14:45 | INFO     | ayumi.blend_launcher | Fetching 200 M15 bars for GBPUSD (id=2)...
2026-05-07 18:14:47 | INFO     | ayumi.blend_launcher | Fetched 0 M15 bars for GBPUSD
2026-05-07 18:14:47 | INFO     | ayumi.blend_launcher | Fetching 100 H1 bars for USDJPY (id=4)...
2026-05-07 18:14:49 | INFO     | ayumi.blend_launcher | Fetched 0 H1 bars for USDJPY
2026-05-07 18:14:49 | INFO     | ayumi.blend_launcher | Fetching 200 M15 bars for USDJPY (id=4)...
2026-05-07 18:14:51 | INFO     | ayumi.blend_launcher | Fetched 0 M15 bars for USDJPY
2026-05-07 18:14:51 | INFO     | ayumi.blend_launcher | Registered 5 strategies: ['SRMR+', 'Killzone Momentum', 'Donchian Channel Breakout', 'Session-Range Mean Reversion', 'BB+RSI Mean Reversion']
2026-05-07 18:14:51 | INFO     | ayumi.blend_launcher | All strategy .name properties verified against maps
2026-05-07 18:14:51 | INFO     | ayumi.risk | Restored risk state from data/risk_state_blend.json
2026-05-07 18:14:51 | INFO     | ayumi.forward_test | BlendForwardTestRunner started — balance=$10000.00
2026-05-07 18:14:51 | INFO     | ayumi.blend_launcher | === STARTING MULTI-STRATEGY FORWARD TEST ===
2026-05-07 18:14:51 | INFO     | ayumi.blend_launcher | Pipeline: SRMR+ + Killzone + Momentum + SessionRangeMR → Correlation Gate → Blend Runner → Paper
2026-05-07 18:14:51 | WARNING  | ayumi.forward_test | Credential validation: sender_comp_id is empty — may cause FIX logon failure
2026-05-07 18:14:51 | INFO     | ayumi.openapi_spot_feed | Connected to demo.ctraderapi.com:5035
2026-05-07 18:14:52 | INFO     | ayumi.openapi_spot_feed | Application authenticated
2026-05-07 18:14:53 | INFO     | ayumi.openapi_spot_feed | Account authenticated
2026-05-07 18:14:53 | INFO     | ayumi.openapi_spot_feed | Requesting symbol list for account 46877902
2026-05-07 18:14:54 | ERROR    | ayumi.openapi_spot_feed | API error: INVALID_REQUEST — Trading account is not authorized
2026-05-07 18:14:54 | ERROR    | ayumi.openapi_spot_feed | Symbol list request failed with error: INVALID_REQUEST — Trading account is not authorized
2026-05-07 18:14:54 | WARNING  | ayumi.openapi_spot_feed | Symbol list API failed, using static fallback
2026-05-07 18:14:54 | INFO     | ayumi.openapi_spot_feed | Loaded 3 symbols from static fallback
2026-05-07 18:14:54 | INFO     | ayumi.openapi_spot_feed | Subscribed to spot events for symbol_id=2
2026-05-07 18:14:54 | INFO     | ayumi.openapi_spot_feed | OpenApiSpotFeed started: account=46877902 symbols_loaded=3
2026-05-07 18:14:54 | INFO     | ayumi.forward_test | Open API spot feed connected for ['GBPUSD']
2026-05-07 18:14:54 | INFO     | ayumi.forward_test | Forward test started: symbols=['GBPUSD'] strategies=['SRMR+', 'Killzone Momentum', 'Donchian Channel Breakout', 'Session-Range Mean Reversion', 'BB+RSI Mean Reversion'] mode=PAPER eval_interval=1.0s bar_period=60m
2026-05-07 18:14:55 | ERROR    | ayumi.openapi_spot_feed | API error: INVALID_REQUEST — Trading account is not authorized
2026-05-07 18:15:10 | INFO     | ayumi.forward_test | Shutdown signal received (sig=15)
2026-05-07 18:15:10 | INFO     | ayumi.openapi_spot_feed | Unsubscribed from spot events for symbol_id=2
2026-05-07 18:15:10 | INFO     | ayumi.openapi_spot_feed | OpenApiSpotFeed stopped
2026-05-07 18:15:10 | INFO     | ayumi.forward_test | Forward test stopped: balance=10000.00 trades=0 pnl=0.00 errors=0 reconnects=0
2026-05-07 18:15:10 | WARNING  | ayumi.openapi_spot_feed | Disconnected: [Failure instance: Traceback (failure with no frames): <class 'twisted.internet.error.ConnectionDone'>: Connection was closed cleanly.
]
2026-05-07 18:15:23 | INFO     | ayumi.forward_test | Shutdown signal received (sig=15)
2026-05-07 18:15:23 | INFO     | ayumi.forward_test | Shutdown signal received (sig=15)
2026-05-07 18:15:23 | INFO     | ayumi.openapi_spot_feed | Unsubscribed from spot events for symbol_id=2
2026-05-07 18:15:23 | INFO     | ayumi.openapi_spot_feed | OpenApiSpotFeed stopped
2026-05-07 18:15:23 | INFO     | ayumi.forward_test | Forward test stopped: balance=10000.00 trades=0 pnl=0.00 errors=0 reconnects=0
2026-05-07 18:15:23 | WARNING  | ayumi.openapi_spot_feed | Disconnected: [Failure instance: Traceback (failure with no frames): <class 'twisted.internet.error.ConnectionDone'>: Connection was closed cleanly.
]
2026-05-07 18:15:38 | INFO     | ayumi.blend_launcher | === Ayumi Multi-Strategy Forward Test (Blend Pipeline) ===
2026-05-07 18:15:38 | INFO     | ayumi.blend_launcher | Symbols: ['GBPUSD', 'USDJPY']
2026-05-07 18:15:41 | WARNING  | ayumi.blend_launcher | Could not fetch symbol list from OpenAPI: 'CTraderOpenApiClient' object has no attribute 'get_symbols' — using static mapping
2026-05-07 18:15:41 | INFO     | ayumi.blend_launcher | Fetching 100 H1 bars for GBPUSD (id=2)...
2026-05-07 18:15:43 | INFO     | ayumi.blend_launcher | Fetched 0 H1 bars for GBPUSD
2026-05-07 18:15:43 | INFO     | ayumi.blend_launcher | Fetching 200 M15 bars for GBPUSD (id=2)...
2026-05-07 18:15:45 | INFO     | ayumi.blend_launcher | Fetched 0 M15 bars for GBPUSD
2026-05-07 18:15:45 | INFO     | ayumi.blend_launcher | Fetching 100 H1 bars for USDJPY (id=4)...
2026-05-07 18:15:47 | INFO     | ayumi.blend_launcher | Fetched 0 H1 bars for USDJPY
2026-05-07 18:15:47 | INFO     | ayumi.blend_launcher | Fetching 200 M15 bars for USDJPY (id=4)...
2026-05-07 18:15:49 | INFO     | ayumi.blend_launcher | Fetched 0 M15 bars for USDJPY
2026-05-07 18:15:49 | INFO     | ayumi.blend_launcher | Registered 5 strategies: ['SRMR+', 'Killzone Momentum', 'Donchian Channel Breakout', 'Session-Range Mean Reversion', 'BB+RSI Mean Reversion']
2026-05-07 18:15:49 | INFO     | ayumi.blend_launcher | All strategy .name properties verified against maps
2026-05-07 18:15:49 | INFO     | ayumi.risk | Restored risk state from data/risk_state_blend.json
2026-05-07 18:15:49 | INFO     | ayumi.forward_test | BlendForwardTestRunner started — balance=$10000.00
2026-05-07 18:15:49 | INFO     | ayumi.blend_launcher | === STARTING MULTI-STRATEGY FORWARD TEST ===
2026-05-07 18:15:49 | INFO     | ayumi.blend_launcher | Pipeline: SRMR+ + Killzone + Momentum + SessionRangeMR → Correlation Gate → Blend Runner → Paper
2026-05-07 18:15:49 | WARNING  | ayumi.forward_test | Credential validation: sender_comp_id is empty — may cause FIX logon failure
2026-05-07 18:15:49 | INFO     | ayumi.openapi_spot_feed | Connected to demo.ctraderapi.com:5035
2026-05-07 18:15:50 | INFO     | ayumi.openapi_spot_feed | Application authenticated
2026-05-07 18:15:51 | INFO     | ayumi.openapi_spot_feed | Account authenticated
2026-05-07 18:15:51 | INFO     | ayumi.openapi_spot_feed | Requesting symbol list for account 46877902
2026-05-07 18:15:52 | ERROR    | ayumi.openapi_spot_feed | API error: INVALID_REQUEST — Trading account is not authorized
2026-05-07 18:15:52 | ERROR    | ayumi.openapi_spot_feed | Symbol list request failed with error: INVALID_REQUEST — Trading account is not authorized
2026-05-07 18:15:52 | WARNING  | ayumi.openapi_spot_feed | Symbol list API failed, using static fallback
2026-05-07 18:15:52 | INFO     | ayumi.openapi_spot_feed | Loaded 3 symbols from static fallback
2026-05-07 18:15:52 | INFO     | ayumi.openapi_spot_feed | Subscribed to spot events for symbol_id=2
2026-05-07 18:15:52 | INFO     | ayumi.openapi_spot_feed | OpenApiSpotFeed started: account=46877902 symbols_loaded=3
2026-05-07 18:15:52 | INFO     | ayumi.forward_test | Open API spot feed connected for ['GBPUSD']
2026-05-07 18:15:52 | INFO     | ayumi.forward_test | Forward test started: symbols=['GBPUSD'] strategies=['SRMR+', 'Killzone Momentum', 'Donchian Channel Breakout', 'Session-Range Mean Reversion', 'BB+RSI Mean Reversion'] mode=PAPER eval_interval=1.0s bar_period=60m
2026-05-07 18:15:53 | ERROR    | ayumi.openapi_spot_feed | API error: INVALID_REQUEST — Trading account is not authorized
2026-05-07 18:17:11 | INFO     | ayumi.forward_test | Shutdown signal received (sig=15)
2026-05-07 18:17:11 | INFO     | ayumi.openapi_spot_feed | Unsubscribed from spot events for symbol_id=2
2026-05-07 18:17:11 | INFO     | ayumi.openapi_spot_feed | OpenApiSpotFeed stopped
2026-05-07 18:17:11 | INFO     | ayumi.forward_test | Forward test stopped: balance=10000.00 trades=0 pnl=0.00 errors=0 reconnects=0
2026-05-07 18:17:11 | WARNING  | ayumi.openapi_spot_feed | Disconnected: [Failure instance: Traceback (failure with no frames): <class 'twisted.internet.error.ConnectionDone'>: Connection was closed cleanly.
]
2026-05-07 18:17:18 | INFO     | ayumi.blend_launcher | === Ayumi Multi-Strategy Forward Test (Blend Pipeline) ===
2026-05-07 18:17:18 | INFO     | ayumi.blend_launcher | Symbols: ['GBPUSD', 'USDJPY']
2026-05-07 18:17:20 | WARNING  | ayumi.blend_launcher | Could not fetch symbol list from OpenAPI: 'CTraderOpenApiClient' object has no attribute 'get_symbols' — using static mapping
2026-05-07 18:17:20 | INFO     | ayumi.blend_launcher | Fetching 100 H1 bars for GBPUSD (id=2)...
2026-05-07 18:17:22 | INFO     | ayumi.blend_launcher | Fetched 99 H1 bars for GBPUSD
2026-05-07 18:17:22 | INFO     | ayumi.blend_launcher | Fetching 200 M15 bars for GBPUSD (id=2)...
2026-05-07 18:17:24 | INFO     | ayumi.blend_launcher | Fetched 199 M15 bars for GBPUSD
2026-05-07 18:17:24 | INFO     | ayumi.blend_launcher | Fetching 100 H1 bars for USDJPY (id=4)...
2026-05-07 18:17:26 | INFO     | ayumi.blend_launcher | Fetched 99 H1 bars for USDJPY
2026-05-07 18:17:26 | INFO     | ayumi.blend_launcher | Fetching 200 M15 bars for USDJPY (id=4)...
2026-05-07 18:17:28 | INFO     | ayumi.blend_launcher | Fetched 199 M15 bars for USDJPY
2026-05-07 18:17:28 | INFO     | ayumi.blend_launcher | Registered 5 strategies: ['SRMR+', 'Killzone Momentum', 'Donchian Channel Breakout', 'Session-Range Mean Reversion', 'BB+RSI Mean Reversion']
2026-05-07 18:17:28 | INFO     | ayumi.blend_launcher | All strategy .name properties verified against maps
2026-05-07 18:17:28 | INFO     | ayumi.risk | Restored risk state from data/risk_state_blend.json
2026-05-07 18:17:28 | INFO     | ayumi.forward_test | BlendForwardTestRunner started — balance=$10000.00
2026-05-07 18:17:28 | INFO     | ayumi.blend_launcher | === STARTING MULTI-STRATEGY FORWARD TEST ===
2026-05-07 18:17:28 | INFO     | ayumi.blend_launcher | Pipeline: SRMR+ + Killzone + Momentum + SessionRangeMR → Correlation Gate → Blend Runner → Paper
2026-05-07 18:17:28 | WARNING  | ayumi.forward_test | Credential validation: sender_comp_id is empty — may cause FIX logon failure
2026-05-07 18:17:28 | INFO     | ayumi.openapi_spot_feed | Connected to demo.ctraderapi.com:5035
2026-05-07 18:17:29 | INFO     | ayumi.openapi_spot_feed | Application authenticated
2026-05-07 18:17:30 | INFO     | ayumi.openapi_spot_feed | Account authenticated
2026-05-07 18:17:30 | INFO     | ayumi.openapi_spot_feed | Requesting symbol list for account 46877902
2026-05-07 18:17:31 | INFO     | ayumi.openapi_spot_feed | Loaded 830 symbol name mappings from API
2026-05-07 18:17:32 | INFO     | ayumi.openapi_spot_feed | Fetched symbol details: id=2 digits=5
2026-05-07 18:17:32 | INFO     | ayumi.openapi_spot_feed | Subscribed to spot events for symbol_id=2
2026-05-07 18:17:32 | INFO     | ayumi.openapi_spot_feed | OpenApiSpotFeed started: account=46877902 symbols_loaded=1
2026-05-07 18:17:32 | INFO     | ayumi.forward_test | Open API spot feed connected for ['GBPUSD']
2026-05-07 18:17:32 | INFO     | ayumi.forward_test | Forward test started: symbols=['GBPUSD'] strategies=['SRMR+', 'Killzone Momentum', 'Donchian Channel Breakout', 'Session-Range Mean Reversion', 'BB+RSI Mean Reversion'] mode=PAPER eval_interval=1.0s bar_period=60m
2026-05-07 18:17:46 | INFO     | ayumi.blend_launcher | === Ayumi Multi-Strategy Forward Test (Blend Pipeline) ===
2026-05-07 18:17:46 | INFO     | ayumi.blend_launcher | Symbols: ['GBPUSD', 'USDJPY']
2026-05-07 18:17:49 | WARNING  | ayumi.blend_launcher | Could not fetch symbol list from OpenAPI: 'CTraderOpenApiClient' object has no attribute 'get_symbols' — using static mapping
2026-05-07 18:17:49 | INFO     | ayumi.blend_launcher | Fetching 100 H1 bars for GBPUSD (id=2)...
2026-05-07 18:17:51 | INFO     | ayumi.blend_launcher | Fetched 99 H1 bars for GBPUSD
2026-05-07 18:17:51 | INFO     | ayumi.blend_launcher | Fetching 200 M15 bars for GBPUSD (id=2)...
2026-05-07 18:17:53 | INFO     | ayumi.blend_launcher | Fetched 199 M15 bars for GBPUSD
2026-05-07 18:17:53 | INFO     | ayumi.blend_launcher | Fetching 100 H1 bars for USDJPY (id=4)...
2026-05-07 18:17:55 | INFO     | ayumi.blend_launcher | Fetched 99 H1 bars for USDJPY
2026-05-07 18:17:55 | INFO     | ayumi.blend_launcher | Fetching 200 M15 bars for USDJPY (id=4)...
2026-05-07 18:17:57 | INFO     | ayumi.blend_launcher | Fetched 199 M15 bars for USDJPY
2026-05-07 18:17:57 | INFO     | ayumi.blend_launcher | Registered 5 strategies: ['SRMR+', 'Killzone Momentum', 'Donchian Channel Breakout', 'Session-Range Mean Reversion', 'BB+RSI Mean Reversion']
2026-05-07 18:17:57 | INFO     | ayumi.blend_launcher | All strategy .name properties verified against maps
2026-05-07 18:17:57 | INFO     | ayumi.risk | Restored risk state from data/risk_state_blend.json
2026-05-07 18:17:57 | INFO     | ayumi.forward_test | BlendForwardTestRunner started — balance=$10000.00
2026-05-07 18:17:57 | INFO     | ayumi.blend_launcher | === STARTING MULTI-STRATEGY FORWARD TEST ===
2026-05-07 18:17:57 | INFO     | ayumi.blend_launcher | Pipeline: SRMR+ + Killzone + Momentum + SessionRangeMR → Correlation Gate → Blend Runner → Paper
2026-05-07 18:17:57 | WARNING  | ayumi.forward_test | Credential validation: sender_comp_id is empty — may cause FIX logon failure
2026-05-07 18:17:57 | INFO     | ayumi.openapi_spot_feed | Connected to demo.ctraderapi.com:5035
2026-05-07 18:17:58 | INFO     | ayumi.openapi_spot_feed | Application authenticated
2026-05-07 18:17:59 | INFO     | ayumi.openapi_spot_feed | Account authenticated
2026-05-07 18:17:59 | INFO     | ayumi.openapi_spot_feed | Requesting symbol list for account 46877902
2026-05-07 18:18:00 | INFO     | ayumi.openapi_spot_feed | Loaded 830 symbol name mappings from API
2026-05-07 18:18:01 | INFO     | ayumi.openapi_spot_feed | Fetched symbol details: id=2 digits=5
2026-05-07 18:18:01 | INFO     | ayumi.openapi_spot_feed | Subscribed to spot events for symbol_id=2
2026-05-07 18:18:01 | INFO     | ayumi.openapi_spot_feed | OpenApiSpotFeed started: account=46877902 symbols_loaded=1
2026-05-07 18:18:01 | INFO     | ayumi.forward_test | Open API spot feed connected for ['GBPUSD']
2026-05-07 18:18:01 | INFO     | ayumi.forward_test | Forward test started: symbols=['GBPUSD'] strategies=['SRMR+', 'Killzone Momentum', 'Donchian Channel Breakout', 'Session-Range Mean Reversion', 'BB+RSI Mean Reversion'] mode=PAPER eval_interval=1.0s bar_period=60m
2026-05-07 18:37:21 | INFO     | ayumi.forward_test | Shutdown signal received (sig=15)
2026-05-07 18:37:21 | INFO     | ayumi.openapi_spot_feed | Unsubscribed from spot events for symbol_id=2
2026-05-07 18:37:21 | INFO     | ayumi.openapi_spot_feed | OpenApiSpotFeed stopped
2026-05-07 18:37:21 | INFO     | ayumi.forward_test | Forward test stopped: balance=10000.00 trades=0 pnl=0.00 errors=0 reconnects=0
2026-05-07 18:37:21 | WARNING  | ayumi.openapi_spot_feed | Disconnected: [Failure instance: Traceback (failure with no frames): <class 'twisted.internet.error.ConnectionDone'>: Connection was closed cleanly.
]
2026-05-07 18:37:44 | INFO     | ayumi.blend_launcher | === Ayumi Multi-Strategy Forward Test (Blend Pipeline) ===
2026-05-07 18:37:44 | INFO     | ayumi.blend_launcher | Symbols: ['GBPUSD', 'USDJPY']
2026-05-07 18:37:47 | WARNING  | ayumi.blend_launcher | Could not fetch symbol list from OpenAPI: 'CTraderOpenApiClient' object has no attribute 'get_symbols' — using static mapping
2026-05-07 18:37:47 | INFO     | ayumi.blend_launcher | Fetching 100 H1 bars for GBPUSD (id=2)...
2026-05-07 18:37:49 | INFO     | ayumi.blend_launcher | Fetched 99 H1 bars for GBPUSD
2026-05-07 18:37:49 | INFO     | ayumi.blend_launcher | Fetching 200 M15 bars for GBPUSD (id=2)...
2026-05-07 18:37:51 | INFO     | ayumi.blend_launcher | Fetched 199 M15 bars for GBPUSD
2026-05-07 18:37:51 | INFO     | ayumi.blend_launcher | Fetching 100 H1 bars for USDJPY (id=4)...
2026-05-07 18:37:53 | INFO     | ayumi.blend_launcher | Fetched 99 H1 bars for USDJPY
2026-05-07 18:37:53 | INFO     | ayumi.blend_launcher | Fetching 200 M15 bars for USDJPY (id=4)...
2026-05-07 18:37:55 | INFO     | ayumi.blend_launcher | Fetched 199 M15 bars for USDJPY
2026-05-07 18:37:55 | INFO     | ayumi.blend_launcher | Registered 5 strategies: ['SRMR+', 'Killzone Momentum', 'Donchian Channel Breakout', 'Session-Range Mean Reversion', 'BB+RSI Mean Reversion']
2026-05-07 18:37:55 | INFO     | ayumi.blend_launcher | All strategy .name properties verified against maps
2026-05-07 18:37:55 | INFO     | ayumi.risk | Restored risk state from data/risk_state_blend.json
2026-05-07 18:37:55 | INFO     | ayumi.forward_test | BlendForwardTestRunner started — balance=$10000.00
2026-05-07 18:37:55 | INFO     | ayumi.blend_launcher | === STARTING MULTI-STRATEGY FORWARD TEST ===
2026-05-07 18:37:55 | INFO     | ayumi.blend_launcher | Pipeline: SRMR+ + Killzone + Momentum + SessionRangeMR → Correlation Gate → Blend Runner → Paper
2026-05-07 18:37:55 | WARNING  | ayumi.forward_test | Credential validation: sender_comp_id is empty — may cause FIX logon failure
2026-05-07 18:37:55 | INFO     | ayumi.openapi_spot_feed | Connected to demo.ctraderapi.com:5035
2026-05-07 18:37:56 | INFO     | ayumi.openapi_spot_feed | Application authenticated
2026-05-07 18:37:57 | INFO     | ayumi.openapi_spot_feed | Account authenticated
2026-05-07 18:37:57 | INFO     | ayumi.openapi_spot_feed | Requesting symbol list for account 46877902
2026-05-07 18:37:58 | INFO     | ayumi.openapi_spot_feed | Loaded 830 symbol name mappings from API
2026-05-07 18:37:58 | INFO     | ayumi.openapi_spot_feed | Pre-fetching details for GBPUSD (id=2)
2026-05-07 18:37:59 | INFO     | ayumi.openapi_spot_feed | Fetched symbol details: id=2 digits=5
2026-05-07 18:37:59 | INFO     | ayumi.openapi_spot_feed | Subscribed to spot events for symbol_id=2
2026-05-07 18:37:59 | INFO     | ayumi.openapi_spot_feed | OpenApiSpotFeed started: account=46877902 symbols_loaded=1
2026-05-07 18:37:59 | INFO     | ayumi.forward_test | Open API spot feed connected for ['GBPUSD']
2026-05-07 18:37:59 | INFO     | ayumi.forward_test | Forward test started: symbols=['GBPUSD'] strategies=['SRMR+', 'Killzone Momentum', 'Donchian Channel Breakout', 'Session-Range Mean Reversion', 'BB+RSI Mean Reversion'] mode=PAPER eval_interval=1.0s bar_period=60m
2026-05-07 18:42:47 | INFO     | ayumi.blend_launcher | === Ayumi Multi-Strategy Forward Test (Blend Pipeline) ===
2026-05-07 18:42:47 | INFO     | ayumi.blend_launcher | Symbols: ['GBPUSD', 'USDJPY']
2026-05-07 18:42:50 | WARNING  | ayumi.blend_launcher | Could not fetch symbol list from OpenAPI: 'CTraderOpenApiClient' object has no attribute 'get_symbols' — using static mapping
2026-05-07 18:42:50 | INFO     | ayumi.blend_launcher | Fetching 100 H1 bars for GBPUSD (id=2)...
2026-05-07 18:42:52 | INFO     | ayumi.blend_launcher | Fetched 99 H1 bars for GBPUSD
2026-05-07 18:42:52 | INFO     | ayumi.blend_launcher | Fetching 200 M15 bars for GBPUSD (id=2)...
2026-05-07 18:42:54 | INFO     | ayumi.blend_launcher | Fetched 199 M15 bars for GBPUSD
2026-05-07 18:42:54 | INFO     | ayumi.blend_launcher | Fetching 100 H1 bars for USDJPY (id=4)...
2026-05-07 18:42:56 | INFO     | ayumi.blend_launcher | Fetched 99 H1 bars for USDJPY
2026-05-07 18:42:56 | INFO     | ayumi.blend_launcher | Fetching 200 M15 bars for USDJPY (id=4)...
2026-05-07 18:42:58 | INFO     | ayumi.blend_launcher | Fetched 199 M15 bars for USDJPY
2026-05-07 18:42:58 | INFO     | ayumi.blend_launcher | Registered 5 strategies: ['SRMR+', 'Killzone Momentum', 'Donchian Channel Breakout', 'Session-Range Mean Reversion', 'BB+RSI Mean Reversion']
2026-05-07 18:42:58 | INFO     | ayumi.blend_launcher | All strategy .name properties verified against maps
2026-05-07 18:42:58 | INFO     | ayumi.risk | Restored risk state from data/risk_state_blend.json
2026-05-07 18:42:58 | INFO     | ayumi.forward_test | BlendForwardTestRunner started — balance=$10000.00
2026-05-07 18:42:58 | INFO     | ayumi.blend_launcher | === STARTING MULTI-STRATEGY FORWARD TEST ===
2026-05-07 18:42:58 | INFO     | ayumi.blend_launcher | Pipeline: SRMR+ + Killzone + Momentum + SessionRangeMR → Correlation Gate → Blend Runner → Paper
2026-05-07 18:42:58 | WARNING  | ayumi.forward_test | Credential validation: sender_comp_id is empty — may cause FIX logon failure
2026-05-07 18:42:58 | INFO     | ayumi.openapi_spot_feed | Connected to demo.ctraderapi.com:5035
2026-05-07 18:42:59 | INFO     | ayumi.openapi_spot_feed | Application authenticated
2026-05-07 18:43:00 | INFO     | ayumi.openapi_spot_feed | Account authenticated
2026-05-07 18:43:00 | INFO     | ayumi.openapi_spot_feed | Requesting symbol list for account 46877902
2026-05-07 18:43:01 | INFO     | ayumi.openapi_spot_feed | Loaded 830 symbol name mappings from API
2026-05-07 18:43:01 | INFO     | ayumi.openapi_spot_feed | Pre-fetching details for GBPUSD (id=2)
2026-05-07 18:43:02 | INFO     | ayumi.openapi_spot_feed | Fetched symbol details: id=2 digits=5
2026-05-07 18:43:02 | INFO     | ayumi.openapi_spot_feed | Pre-fetching details for USDJPY (id=4)
2026-05-07 18:43:03 | INFO     | ayumi.openapi_spot_feed | Fetched symbol details: id=4 digits=3
2026-05-07 18:43:03 | INFO     | ayumi.openapi_spot_feed | Subscribed to spot events for symbol_id=2
2026-05-07 18:43:03 | INFO     | ayumi.openapi_spot_feed | Subscribed to spot events for symbol_id=4
2026-05-07 18:43:03 | INFO     | ayumi.openapi_spot_feed | OpenApiSpotFeed started: account=46877902 symbols_loaded=2
2026-05-07 18:43:03 | INFO     | ayumi.forward_test | Open API spot feed connected for ['GBPUSD', 'USDJPY']
2026-05-07 18:43:03 | INFO     | ayumi.forward_test | Forward test started: symbols=['GBPUSD', 'USDJPY'] strategies=['SRMR+', 'Killzone Momentum', 'Donchian Channel Breakout', 'Session-Range Mean Reversion', 'BB+RSI Mean Reversion'] mode=PAPER eval_interval=1.0s bar_period=60m
2026-05-07 20:45:03 | WARNING  | ayumi.forward_test | Connection health check failed: connected=True last_tick_ago=909.9s threshold=900.0s — reconnecting
2026-05-07 20:45:03 | INFO     | ayumi.forward_test | Reconnection attempt 1 (backoff=5.0s)
2026-05-07 20:45:03 | INFO     | ayumi.openapi_spot_feed | Unsubscribed from spot events for symbol_id=2
2026-05-07 20:45:03 | INFO     | ayumi.openapi_spot_feed | Unsubscribed from spot events for symbol_id=4
2026-05-07 20:45:03 | INFO     | ayumi.openapi_spot_feed | OpenApiSpotFeed stopped
2026-05-07 20:45:03 | WARNING  | ayumi.openapi_spot_feed | Disconnected: [Failure instance: Traceback (failure with no frames): <class 'twisted.internet.error.ConnectionDone'>: Connection was closed cleanly.
]
2026-05-07 20:45:03 | INFO     | ayumi.openapi_spot_feed | Connected to demo.ctraderapi.com:5035
2026-05-07 20:45:04 | INFO     | ayumi.openapi_spot_feed | Application authenticated
2026-05-07 20:45:05 | INFO     | ayumi.openapi_spot_feed | Account authenticated
2026-05-07 20:45:05 | INFO     | ayumi.openapi_spot_feed | Requesting symbol list for account 46877902
2026-05-07 20:45:06 | INFO     | ayumi.openapi_spot_feed | Loaded 830 symbol name mappings from API
2026-05-07 20:45:06 | INFO     | ayumi.openapi_spot_feed | Pre-fetching details for GBPUSD (id=2)
2026-05-07 20:45:07 | INFO     | ayumi.openapi_spot_feed | Fetched symbol details: id=2 digits=5
2026-05-07 20:45:07 | INFO     | ayumi.openapi_spot_feed | Pre-fetching details for USDJPY (id=4)
2026-05-07 20:45:08 | INFO     | ayumi.openapi_spot_feed | Fetched symbol details: id=4 digits=3
2026-05-07 20:45:08 | INFO     | ayumi.openapi_spot_feed | Subscribed to spot events for symbol_id=2
2026-05-07 20:45:08 | INFO     | ayumi.openapi_spot_feed | Subscribed to spot events for symbol_id=4
2026-05-07 20:45:08 | INFO     | ayumi.openapi_spot_feed | OpenApiSpotFeed started: account=46877902 symbols_loaded=2
2026-05-07 20:45:08 | INFO     | ayumi.forward_test | Open API spot feed connected for ['GBPUSD', 'USDJPY']
2026-05-07 20:45:08 | INFO     | ayumi.forward_test | Reconnection successful — reset consecutive failure counter
2026-05-08 19:41:24 | WARNING  | ayumi.openapi_spot_feed | Disconnected: [Failure instance: Traceback (failure with no frames): <class 'twisted.internet.error.ConnectionLost'>: Connection to the other side was lost in a non-clean fashion: Connection lost.
]
2026-05-08 19:41:24 | INFO     | ayumi.openapi_spot_feed | Reconnect scheduled in 6.2s (attempt 1)
2026-05-08 19:41:26 | INFO     | ayumi.openapi_spot_feed | Connected to demo.ctraderapi.com:5035
2026-05-08 19:41:30 | INFO     | ayumi.openapi_spot_feed | Attempting reconnection...
2026-05-08 19:41:30 | INFO     | ayumi.openapi_spot_feed | Connected to demo.ctraderapi.com:5035
2026-05-08 19:41:30 | WARNING  | ayumi.openapi_spot_feed | Disconnected: [Failure instance: Traceback (failure with no frames): <class 'twisted.internet.error.ConnectionDone'>: Connection was closed cleanly.
]
2026-05-08 19:41:30 | INFO     | ayumi.openapi_spot_feed | Reconnect scheduled in 11.9s (attempt 2)
2026-05-08 19:41:31 | INFO     | ayumi.openapi_spot_feed | Application authenticated
2026-05-08 19:41:32 | INFO     | ayumi.openapi_spot_feed | Account authenticated
2026-05-08 19:41:32 | INFO     | ayumi.openapi_spot_feed | Subscribed to spot events for symbol_id=2
2026-05-08 19:41:32 | INFO     | ayumi.openapi_spot_feed | Subscribed to spot events for symbol_id=4
2026-05-08 19:41:32 | INFO     | ayumi.openapi_spot_feed | Reconnection successful (not yet stable — keeping backoff at 20.0s, attempt 2)
2026-05-08 19:41:42 | INFO     | ayumi.openapi_spot_feed | Attempting reconnection...
2026-05-08 19:41:42 | WARNING  | ayumi.openapi_spot_feed | Disconnected: [Failure instance: Traceback (failure with no frames): <class 'twisted.internet.error.ConnectionDone'>: Connection was closed cleanly.
]
2026-05-08 19:41:42 | INFO     | ayumi.openapi_spot_feed | Reconnect scheduled in 25.6s (attempt 3)
2026-05-08 19:41:42 | INFO     | ayumi.openapi_spot_feed | Connected to demo.ctraderapi.com:5035
2026-05-08 19:41:43 | INFO     | ayumi.openapi_spot_feed | Application authenticated
2026-05-08 19:41:44 | INFO     | ayumi.openapi_spot_feed | Account authenticated
2026-05-08 19:41:44 | INFO     | ayumi.openapi_spot_feed | Subscribed to spot events for symbol_id=2
2026-05-08 19:41:44 | INFO     | ayumi.openapi_spot_feed | Subscribed to spot events for symbol_id=4
2026-05-08 19:41:44 | INFO     | ayumi.openapi_spot_feed | Reconnection successful (not yet stable — keeping backoff at 40.0s, attempt 3)
2026-05-08 19:42:08 | INFO     | ayumi.openapi_spot_feed | Attempting reconnection...
2026-05-08 19:42:08 | WARNING  | ayumi.openapi_spot_feed | Disconnected: [Failure instance: Traceback (failure with no frames): <class 'twisted.internet.error.ConnectionDone'>: Connection was closed cleanly.
]
2026-05-08 19:42:08 | INFO     | ayumi.openapi_spot_feed | Reconnect scheduled in 40.4s (attempt 4)
2026-05-08 19:42:08 | INFO     | ayumi.openapi_spot_feed | Connected to demo.ctraderapi.com:5035
2026-05-08 19:42:09 | INFO     | ayumi.openapi_spot_feed | Application authenticated
2026-05-08 19:42:10 | INFO     | ayumi.openapi_spot_feed | Account authenticated
2026-05-08 19:42:10 | INFO     | ayumi.openapi_spot_feed | Subscribed to spot events for symbol_id=2
2026-05-08 19:42:10 | INFO     | ayumi.openapi_spot_feed | Subscribed to spot events for symbol_id=4
2026-05-08 19:42:10 | INFO     | ayumi.openapi_spot_feed | Reconnection successful (not yet stable — keeping backoff at 80.0s, attempt 4)
2026-05-08 19:42:48 | INFO     | ayumi.openapi_spot_feed | Attempting reconnection...
2026-05-08 19:42:48 | WARNING  | ayumi.openapi_spot_feed | Disconnected: [Failure instance: Traceback (failure with no frames): <class 'twisted.internet.error.ConnectionDone'>: Connection was closed cleanly.
]
2026-05-08 19:42:48 | INFO     | ayumi.openapi_spot_feed | Reconnect scheduled in 103.4s (attempt 5)
2026-05-08 19:42:48 | INFO     | ayumi.openapi_spot_feed | Connected to demo.ctraderapi.com:5035
2026-05-08 19:42:50 | INFO     | ayumi.openapi_spot_feed | Application authenticated
2026-05-08 19:42:51 | INFO     | ayumi.openapi_spot_feed | Account authenticated
2026-05-08 19:42:51 | INFO     | ayumi.openapi_spot_feed | Subscribed to spot events for symbol_id=2
2026-05-08 19:42:51 | INFO     | ayumi.openapi_spot_feed | Subscribed to spot events for symbol_id=4
2026-05-08 19:42:51 | INFO     | ayumi.openapi_spot_feed | Reconnection successful (not yet stable — keeping backoff at 120.0s, attempt 5)
2026-05-08 19:44:32 | INFO     | ayumi.openapi_spot_feed | Attempting reconnection...
2026-05-08 19:44:32 | INFO     | ayumi.openapi_spot_feed | Connected to demo.ctraderapi.com:5035
2026-05-08 19:44:32 | WARNING  | ayumi.openapi_spot_feed | Disconnected: [Failure instance: Traceback (failure with no frames): <class 'twisted.internet.error.ConnectionDone'>: Connection was closed cleanly.
]
2026-05-08 19:44:32 | INFO     | ayumi.openapi_spot_feed | Reconnect scheduled in 127.0s (attempt 6)
2026-05-08 19:44:33 | INFO     | ayumi.openapi_spot_feed | Application authenticated
2026-05-08 19:44:34 | INFO     | ayumi.openapi_spot_feed | Account authenticated
2026-05-08 19:44:34 | INFO     | ayumi.openapi_spot_feed | Subscribed to spot events for symbol_id=2
2026-05-08 19:44:34 | INFO     | ayumi.openapi_spot_feed | Subscribed to spot events for symbol_id=4
2026-05-08 19:44:34 | INFO     | ayumi.openapi_spot_feed | Reconnection successful (not yet stable — keeping backoff at 120.0s, attempt 6)
2026-05-08 19:46:39 | INFO     | ayumi.openapi_spot_feed | Attempting reconnection...
2026-05-08 19:46:39 | WARNING  | ayumi.openapi_spot_feed | Disconnected: [Failure instance: Traceback (failure with no frames): <class 'twisted.internet.error.ConnectionDone'>: Connection was closed cleanly.
]
2026-05-08 19:46:39 | INFO     | ayumi.openapi_spot_feed | Reconnect scheduled in 153.0s (attempt 7)
2026-05-08 19:46:39 | INFO     | ayumi.openapi_spot_feed | Connected to demo.ctraderapi.com:5035
2026-05-08 19:46:40 | INFO     | ayumi.openapi_spot_feed | Application authenticated
2026-05-08 19:46:41 | INFO     | ayumi.openapi_spot_feed | Account authenticated
2026-05-08 19:46:41 | INFO     | ayumi.openapi_spot_feed | Subscribed to spot events for symbol_id=2
2026-05-08 19:46:41 | INFO     | ayumi.openapi_spot_feed | Subscribed to spot events for symbol_id=4
2026-05-08 19:46:41 | INFO     | ayumi.openapi_spot_feed | Reconnection successful (not yet stable — keeping backoff at 120.0s, attempt 7)
2026-05-08 19:49:12 | INFO     | ayumi.openapi_spot_feed | Attempting reconnection...
2026-05-08 19:49:12 | WARNING  | ayumi.openapi_spot_feed | Disconnected: [Failure instance: Traceback (failure with no frames): <class 'twisted.internet.error.ConnectionDone'>: Connection was closed cleanly.
]
2026-05-08 19:49:12 | INFO     | ayumi.openapi_spot_feed | Reconnect scheduled in 149.6s (attempt 8)
2026-05-08 19:49:12 | INFO     | ayumi.openapi_spot_feed | Connected to demo.ctraderapi.com:5035
2026-05-08 19:49:13 | INFO     | ayumi.openapi_spot_feed | Application authenticated
2026-05-08 19:49:14 | INFO     | ayumi.openapi_spot_feed | Account authenticated
2026-05-08 19:49:14 | INFO     | ayumi.openapi_spot_feed | Subscribed to spot events for symbol_id=2
2026-05-08 19:49:14 | INFO     | ayumi.openapi_spot_feed | Subscribed to spot events for symbol_id=4
2026-05-08 19:49:14 | INFO     | ayumi.openapi_spot_feed | Reconnection successful (not yet stable — keeping backoff at 120.0s, attempt 8)
2026-05-08 19:51:42 | INFO     | ayumi.openapi_spot_feed | Attempting reconnection...
2026-05-08 19:51:42 | WARNING  | ayumi.openapi_spot_feed | Disconnected: [Failure instance: Traceback (failure with no frames): <class 'twisted.internet.error.ConnectionDone'>: Connection was closed cleanly.
]
2026-05-08 19:51:42 | INFO     | ayumi.openapi_spot_feed | Reconnect scheduled in 129.1s (attempt 9)
2026-05-08 19:51:42 | INFO     | ayumi.openapi_spot_feed | Connected to demo.ctraderapi.com:5035
2026-05-08 19:51:43 | INFO     | ayumi.openapi_spot_feed | Application authenticated
2026-05-08 19:51:44 | INFO     | ayumi.openapi_spot_feed | Account authenticated
2026-05-08 19:51:44 | INFO     | ayumi.openapi_spot_feed | Subscribed to spot events for symbol_id=2
2026-05-08 19:51:44 | INFO     | ayumi.openapi_spot_feed | Subscribed to spot events for symbol_id=4
2026-05-08 19:51:44 | INFO     | ayumi.openapi_spot_feed | Reconnection successful (not yet stable — keeping backoff at 120.0s, attempt 9)
2026-05-08 19:53:51 | INFO     | ayumi.openapi_spot_feed | Attempting reconnection...
2026-05-08 19:53:51 | WARNING  | ayumi.openapi_spot_feed | Disconnected: [Failure instance: Traceback (failure with no frames): <class 'twisted.internet.error.ConnectionDone'>: Connection was closed cleanly.
]
2026-05-08 19:53:51 | INFO     | ayumi.openapi_spot_feed | Reconnect scheduled in 130.3s (attempt 10)
2026-05-08 19:53:51 | INFO     | ayumi.openapi_spot_feed | Connected to demo.ctraderapi.com:5035
2026-05-08 19:53:52 | INFO     | ayumi.openapi_spot_feed | Application authenticated
2026-05-08 19:53:53 | INFO     | ayumi.openapi_spot_feed | Account authenticated
2026-05-08 19:53:53 | INFO     | ayumi.openapi_spot_feed | Subscribed to spot events for symbol_id=2
2026-05-08 19:53:53 | INFO     | ayumi.openapi_spot_feed | Subscribed to spot events for symbol_id=4
2026-05-08 19:53:53 | INFO     | ayumi.openapi_spot_feed | Reconnection successful (not yet stable — keeping backoff at 120.0s, attempt 10)
2026-05-08 19:56:01 | INFO     | ayumi.openapi_spot_feed | Attempting reconnection...
2026-05-08 19:56:01 | INFO     | ayumi.openapi_spot_feed | Connected to demo.ctraderapi.com:5035
2026-05-08 19:56:01 | WARNING  | ayumi.openapi_spot_feed | Disconnected: [Failure instance: Traceback (failure with no frames): <class 'twisted.internet.error.ConnectionDone'>: Connection was closed cleanly.
]
2026-05-08 19:56:01 | INFO     | ayumi.openapi_spot_feed | Reconnect scheduled in 133.7s (attempt 11)
2026-05-08 19:56:03 | INFO     | ayumi.openapi_spot_feed | Application authenticated
2026-05-08 19:56:04 | INFO     | ayumi.openapi_spot_feed | Account authenticated
2026-05-08 19:56:04 | INFO     | ayumi.openapi_spot_feed | Subscribed to spot events for symbol_id=2
2026-05-08 19:56:04 | INFO     | ayumi.openapi_spot_feed | Subscribed to spot events for symbol_id=4
2026-05-08 19:56:04 | INFO     | ayumi.openapi_spot_feed | Reconnection successful (not yet stable — keeping backoff at 120.0s, attempt 11)
2026-05-08 19:58:15 | INFO     | ayumi.openapi_spot_feed | Attempting reconnection...
2026-05-08 19:58:15 | INFO     | ayumi.openapi_spot_feed | Connected to demo.ctraderapi.com:5035
2026-05-08 19:58:15 | WARNING  | ayumi.openapi_spot_feed | Disconnected: [Failure instance: Traceback (failure with no frames): <class 'twisted.internet.error.ConnectionDone'>: Connection was closed cleanly.
]
2026-05-08 19:58:15 | INFO     | ayumi.openapi_spot_feed | Reconnect scheduled in 143.7s (attempt 12)
2026-05-08 19:58:16 | INFO     | ayumi.openapi_spot_feed | Application authenticated
2026-05-08 19:58:17 | INFO     | ayumi.openapi_spot_feed | Account authenticated
2026-05-08 19:58:17 | INFO     | ayumi.openapi_spot_feed | Subscribed to spot events for symbol_id=2
2026-05-08 19:58:17 | INFO     | ayumi.openapi_spot_feed | Subscribed to spot events for symbol_id=4
2026-05-08 19:58:17 | INFO     | ayumi.openapi_spot_feed | Reconnection successful (not yet stable — keeping backoff at 120.0s, attempt 12)
2026-05-08 20:00:39 | INFO     | ayumi.openapi_spot_feed | Attempting reconnection...
2026-05-08 20:00:39 | WARNING  | ayumi.openapi_spot_feed | Disconnected: [Failure instance: Traceback (failure with no frames): <class 'twisted.internet.error.ConnectionDone'>: Connection was closed cleanly.
]
2026-05-08 20:00:39 | INFO     | ayumi.openapi_spot_feed | Reconnect scheduled in 137.4s (attempt 13)
2026-05-08 20:00:39 | INFO     | ayumi.openapi_spot_feed | Connected to demo.ctraderapi.com:5035
2026-05-08 20:00:40 | INFO     | ayumi.openapi_spot_feed | Application authenticated
2026-05-08 20:00:41 | INFO     | ayumi.openapi_spot_feed | Account authenticated
2026-05-08 20:00:41 | INFO     | ayumi.openapi_spot_feed | Subscribed to spot events for symbol_id=2
2026-05-08 20:00:41 | INFO     | ayumi.openapi_spot_feed | Subscribed to spot events for symbol_id=4
2026-05-08 20:00:41 | INFO     | ayumi.openapi_spot_feed | Reconnection successful (not yet stable — keeping backoff at 120.0s, attempt 13)
2026-05-08 20:02:56 | INFO     | ayumi.openapi_spot_feed | Attempting reconnection...
2026-05-08 20:02:57 | WARNING  | ayumi.openapi_spot_feed | Disconnected: [Failure instance: Traceback (failure with no frames): <class 'twisted.internet.error.ConnectionDone'>: Connection was closed cleanly.
]
2026-05-08 20:02:57 | INFO     | ayumi.openapi_spot_feed | Reconnect scheduled in 147.7s (attempt 14)
2026-05-08 20:02:57 | INFO     | ayumi.openapi_spot_feed | Connected to demo.ctraderapi.com:5035
2026-05-08 20:02:58 | INFO     | ayumi.openapi_spot_feed | Application authenticated
2026-05-08 20:02:59 | INFO     | ayumi.openapi_spot_feed | Account authenticated
2026-05-08 20:02:59 | INFO     | ayumi.openapi_spot_feed | Subscribed to spot events for symbol_id=2
2026-05-08 20:02:59 | INFO     | ayumi.openapi_spot_feed | Subscribed to spot events for symbol_id=4
2026-05-08 20:02:59 | INFO     | ayumi.openapi_spot_feed | Reconnection successful (not yet stable — keeping backoff at 120.0s, attempt 14)
2026-05-08 20:05:24 | INFO     | ayumi.openapi_spot_feed | Attempting reconnection...
2026-05-08 20:05:24 | WARNING  | ayumi.openapi_spot_feed | Disconnected: [Failure instance: Traceback (failure with no frames): <class 'twisted.internet.error.ConnectionDone'>: Connection was closed cleanly.
]
2026-05-08 20:05:24 | INFO     | ayumi.openapi_spot_feed | Reconnect scheduled in 143.7s (attempt 15)
2026-05-08 20:05:24 | INFO     | ayumi.openapi_spot_feed | Connected to demo.ctraderapi.com:5035
2026-05-08 20:05:26 | INFO     | ayumi.openapi_spot_feed | Application authenticated
2026-05-08 20:05:27 | INFO     | ayumi.openapi_spot_feed | Account authenticated
2026-05-08 20:05:27 | INFO     | ayumi.openapi_spot_feed | Subscribed to spot events for symbol_id=2
2026-05-08 20:05:27 | INFO     | ayumi.openapi_spot_feed | Subscribed to spot events for symbol_id=4
2026-05-08 20:05:27 | INFO     | ayumi.openapi_spot_feed | Reconnection successful (not yet stable — keeping backoff at 120.0s, attempt 15)
2026-05-08 20:07:48 | INFO     | ayumi.openapi_spot_feed | Attempting reconnection...
2026-05-08 20:07:48 | INFO     | ayumi.openapi_spot_feed | Connected to demo.ctraderapi.com:5035
2026-05-08 20:07:48 | WARNING  | ayumi.openapi_spot_feed | Disconnected: [Failure instance: Traceback (failure with no frames): <class 'twisted.internet.error.ConnectionDone'>: Connection was closed cleanly.
]
2026-05-08 20:07:48 | INFO     | ayumi.openapi_spot_feed | Reconnect scheduled in 145.5s (attempt 16)
2026-05-08 20:07:49 | INFO     | ayumi.openapi_spot_feed | Application authenticated
2026-05-08 20:07:50 | INFO     | ayumi.openapi_spot_feed | Account authenticated
2026-05-08 20:07:50 | INFO     | ayumi.openapi_spot_feed | Subscribed to spot events for symbol_id=2
2026-05-08 20:07:50 | INFO     | ayumi.openapi_spot_feed | Subscribed to spot events for symbol_id=4
2026-05-08 20:07:50 | INFO     | ayumi.openapi_spot_feed | Reconnection successful (not yet stable — keeping backoff at 120.0s, attempt 16)
2026-05-08 20:10:14 | INFO     | ayumi.openapi_spot_feed | Attempting reconnection...
2026-05-08 20:10:14 | INFO     | ayumi.openapi_spot_feed | Connected to demo.ctraderapi.com:5035
2026-05-08 20:10:14 | WARNING  | ayumi.openapi_spot_feed | Disconnected: [Failure instance: Traceback (failure with no frames): <class 'twisted.internet.error.ConnectionDone'>: Connection was closed cleanly.
]
2026-05-08 20:10:14 | INFO     | ayumi.openapi_spot_feed | Reconnect scheduled in 146.0s (attempt 17)
2026-05-08 20:10:15 | INFO     | ayumi.openapi_spot_feed | Application authenticated
2026-05-08 20:10:16 | INFO     | ayumi.openapi_spot_feed | Account authenticated
2026-05-08 20:10:16 | INFO     | ayumi.openapi_spot_feed | Subscribed to spot events for symbol_id=2
2026-05-08 20:10:16 | INFO     | ayumi.openapi_spot_feed | Subscribed to spot events for symbol_id=4
2026-05-08 20:10:16 | INFO     | ayumi.openapi_spot_feed | Reconnection successful (not yet stable — keeping backoff at 120.0s, attempt 17)
2026-05-08 20:12:40 | INFO     | ayumi.openapi_spot_feed | Attempting reconnection...
2026-05-08 20:12:40 | INFO     | ayumi.openapi_spot_feed | Connected to demo.ctraderapi.com:5035
2026-05-08 20:12:40 | WARNING  | ayumi.openapi_spot_feed | Disconnected: [Failure instance: Traceback (failure with no frames): <class 'twisted.internet.error.ConnectionDone'>: Connection was closed cleanly.
]
2026-05-08 20:12:40 | INFO     | ayumi.openapi_spot_feed | Reconnect scheduled in 149.5s (attempt 18)
2026-05-08 20:12:41 | INFO     | ayumi.openapi_spot_feed | Application authenticated
2026-05-08 20:12:42 | INFO     | ayumi.openapi_spot_feed | Account authenticated
2026-05-08 20:12:42 | INFO     | ayumi.openapi_spot_feed | Subscribed to spot events for symbol_id=2
2026-05-08 20:12:42 | INFO     | ayumi.openapi_spot_feed | Subscribed to spot events for symbol_id=4
2026-05-08 20:12:42 | INFO     | ayumi.openapi_spot_feed | Reconnection successful (not yet stable — keeping backoff at 120.0s, attempt 18)
2026-05-08 20:15:09 | INFO     | ayumi.openapi_spot_feed | Attempting reconnection...
2026-05-08 20:15:09 | INFO     | ayumi.openapi_spot_feed | Connected to demo.ctraderapi.com:5035
2026-05-08 20:15:09 | WARNING  | ayumi.openapi_spot_feed | Disconnected: [Failure instance: Traceback (failure with no frames): <class 'twisted.internet.error.ConnectionDone'>: Connection was closed cleanly.
]
2026-05-08 20:15:09 | INFO     | ayumi.openapi_spot_feed | Reconnect scheduled in 144.3s (attempt 19)
2026-05-08 20:15:10 | INFO     | ayumi.openapi_spot_feed | Application authenticated
2026-05-08 20:15:11 | INFO     | ayumi.openapi_spot_feed | Account authenticated
2026-05-08 20:15:11 | INFO     | ayumi.openapi_spot_feed | Subscribed to spot events for symbol_id=2
2026-05-08 20:15:12 | INFO     | ayumi.openapi_spot_feed | Subscribed to spot events for symbol_id=4
2026-05-08 20:15:12 | INFO     | ayumi.openapi_spot_feed | Reconnection successful (not yet stable — keeping backoff at 120.0s, attempt 19)
2026-05-08 20:17:34 | INFO     | ayumi.openapi_spot_feed | Attempting reconnection...
2026-05-08 20:17:34 | WARNING  | ayumi.openapi_spot_feed | Disconnected: [Failure instance: Traceback (failure with no frames): <class 'twisted.internet.error.ConnectionDone'>: Connection was closed cleanly.
]
2026-05-08 20:17:34 | INFO     | ayumi.openapi_spot_feed | Reconnect scheduled in 138.5s (attempt 20)
2026-05-08 20:17:34 | INFO     | ayumi.openapi_spot_feed | Connected to demo.ctraderapi.com:5035
2026-05-08 20:17:35 | INFO     | ayumi.openapi_spot_feed | Application authenticated
2026-05-08 20:17:36 | INFO     | ayumi.openapi_spot_feed | Account authenticated
2026-05-08 20:17:36 | INFO     | ayumi.openapi_spot_feed | Subscribed to spot events for symbol_id=2
2026-05-08 20:17:36 | INFO     | ayumi.openapi_spot_feed | Subscribed to spot events for symbol_id=4
2026-05-08 20:17:36 | INFO     | ayumi.openapi_spot_feed | Reconnection successful (not yet stable — keeping backoff at 120.0s, attempt 20)
2026-05-08 20:19:52 | INFO     | ayumi.openapi_spot_feed | Attempting reconnection...
2026-05-08 20:19:52 | WARNING  | ayumi.openapi_spot_feed | Disconnected: [Failure instance: Traceback (failure with no frames): <class 'twisted.internet.error.ConnectionDone'>: Connection was closed cleanly.
]
2026-05-08 20:19:52 | CRITICAL | ayumi.openapi_spot_feed | Reconnect circuit-breaker tripped: 21 attempts (max=20)
2026-05-08 20:19:53 | INFO     | ayumi.openapi_spot_feed | Connected to demo.ctraderapi.com:5035
2026-05-08 20:19:54 | INFO     | ayumi.openapi_spot_feed | Application authenticated
2026-05-08 20:19:55 | INFO     | ayumi.openapi_spot_feed | Account authenticated
2026-05-08 20:19:55 | INFO     | ayumi.openapi_spot_feed | Subscribed to spot events for symbol_id=2
2026-05-08 20:19:55 | INFO     | ayumi.openapi_spot_feed | Subscribed to spot events for symbol_id=4
2026-05-08 20:19:55 | INFO     | ayumi.openapi_spot_feed | Reconnection successful (not yet stable — keeping backoff at 120.0s, attempt 21)
2026-05-08 20:20:00 | WARNING  | ayumi.forward_test | Connection health check failed: connected=False last_tick_ago=1.9s threshold=900.0s — reconnecting
2026-05-08 20:20:00 | INFO     | ayumi.forward_test | Reconnection attempt 1 (backoff=5.0s)
2026-05-08 20:20:01 | INFO     | ayumi.openapi_spot_feed | Connected to demo.ctraderapi.com:5035
2026-05-08 20:20:02 | ERROR    | ayumi.openapi_spot_feed | API error: ALREADY_LOGGED_IN — Open API application is already authorized
2026-05-08 20:20:11 | ERROR    | ayumi.openapi_spot_feed | Send-and-wait failed: [Failure instance: Traceback: <class 'twisted.internet.defer.TimeoutError'>: (10, 'Deferred')
/home/TacoPants/projects/Ayumi/.venv/lib/python3.12/site-packages/twisted/internet/defer.py:798:timeItOut
/home/TacoPants/projects/Ayumi/.venv/lib/python3.12/site-packages/twisted/internet/defer.py:957:cancel
/home/TacoPants/projects/Ayumi/.venv/lib/python3.12/site-packages/twisted/internet/defer.py:916:errback
/home/TacoPants/projects/Ayumi/.venv/lib/python3.12/site-packages/twisted/internet/defer.py:984:_startRunCallbacks
--- <exception caught here> ---
/home/TacoPants/projects/Ayumi/.venv/lib/python3.12/site-packages/twisted/internet/defer.py:1078:_runCallbacks
/home/TacoPants/projects/Ayumi/.venv/lib/python3.12/site-packages/twisted/internet/defer.py:809:convertCancelled
/home/TacoPants/projects/Ayumi/.venv/lib/python3.12/site-packages/twisted/internet/defer.py:293:_cancelledToTimedOutError
]
2026-05-08 20:20:11 | ERROR    | ayumi.openapi_spot_feed | Application auth failed
2026-05-08 20:20:11 | WARNING  | ayumi.forward_test | Reconnection failed — next attempt in 10.0s
2026-05-08 20:20:21 | WARNING  | ayumi.forward_test | Connection health check failed: connected=False last_tick_ago=1.6s threshold=900.0s — reconnecting
2026-05-08 20:20:21 | INFO     | ayumi.forward_test | Reconnection attempt 2 (backoff=10.0s)
2026-05-08 20:20:21 | INFO     | ayumi.openapi_spot_feed | Connected to demo.ctraderapi.com:5035
2026-05-08 20:20:22 | ERROR    | ayumi.openapi_spot_feed | API error: ALREADY_LOGGED_IN — Open API application is already authorized
2026-05-08 20:20:31 | ERROR    | ayumi.openapi_spot_feed | Send-and-wait failed: [Failure instance: Traceback: <class 'twisted.internet.defer.TimeoutError'>: (10, 'Deferred')
/home/TacoPants/projects/Ayumi/.venv/lib/python3.12/site-packages/twisted/internet/defer.py:798:timeItOut
/home/TacoPants/projects/Ayumi/.venv/lib/python3.12/site-packages/twisted/internet/defer.py:957:cancel
/home/TacoPants/projects/Ayumi/.venv/lib/python3.12/site-packages/twisted/internet/defer.py:916:errback
/home/TacoPants/projects/Ayumi/.venv/lib/python3.12/site-packages/twisted/internet/defer.py:984:_startRunCallbacks
--- <exception caught here> ---
/home/TacoPants/projects/Ayumi/.venv/lib/python3.12/site-packages/twisted/internet/defer.py:1078:_runCallbacks
/home/TacoPants/projects/Ayumi/.venv/lib/python3.12/site-packages/twisted/internet/defer.py:809:convertCancelled
/home/TacoPants/projects/Ayumi/.venv/lib/python3.12/site-packages/twisted/internet/defer.py:293:_cancelledToTimedOutError
]
2026-05-08 20:20:31 | ERROR    | ayumi.openapi_spot_feed | Application auth failed
2026-05-08 20:20:31 | WARNING  | ayumi.forward_test | Reconnection failed — next attempt in 20.0s
2026-05-08 20:20:31 | WARNING  | ayumi.openapi_spot_feed | Disconnected: [Failure instance: Traceback (failure with no frames): <class 'twisted.internet.error.ConnectionDone'>: Connection was closed cleanly.
]
2026-05-08 20:20:33 | INFO     | ayumi.openapi_spot_feed | Connected to demo.ctraderapi.com:5035
2026-05-08 20:20:41 | WARNING  | ayumi.forward_test | Connection health check failed: connected=False last_tick_ago=0.7s threshold=900.0s — reconnecting
2026-05-08 20:20:41 | INFO     | ayumi.forward_test | Reconnection attempt 3 (backoff=20.0s)
2026-05-08 20:20:41 | INFO     | ayumi.openapi_spot_feed | Connected to demo.ctraderapi.com:5035
2026-05-08 20:20:51 | ERROR    | ayumi.openapi_spot_feed | Send-and-wait failed: [Failure instance: Traceback: <class 'twisted.internet.defer.TimeoutError'>: (10, 'Deferred')
/home/TacoPants/projects/Ayumi/.venv/lib/python3.12/site-packages/twisted/internet/defer.py:798:timeItOut
/home/TacoPants/projects/Ayumi/.venv/lib/python3.12/site-packages/twisted/internet/defer.py:957:cancel
/home/TacoPants/projects/Ayumi/.venv/lib/python3.12/site-packages/twisted/internet/defer.py:916:errback
/home/TacoPants/projects/Ayumi/.venv/lib/python3.12/site-packages/twisted/internet/defer.py:984:_startRunCallbacks
--- <exception caught here> ---
/home/TacoPants/projects/Ayumi/.venv/lib/python3.12/site-packages/twisted/internet/defer.py:1078:_runCallbacks
/home/TacoPants/projects/Ayumi/.venv/lib/python3.12/site-packages/twisted/internet/defer.py:809:convertCancelled
/home/TacoPants/projects/Ayumi/.venv/lib/python3.12/site-packages/twisted/internet/defer.py:293:_cancelledToTimedOutError
]
2026-05-08 20:20:51 | ERROR    | ayumi.openapi_spot_feed | Application auth failed
2026-05-08 20:20:51 | WARNING  | ayumi.forward_test | Reconnection failed — next attempt in 40.0s
2026-05-08 20:20:51 | WARNING  | ayumi.openapi_spot_feed | Disconnected: [Failure instance: Traceback (failure with no frames): <class 'twisted.internet.error.ConnectionDone'>: Connection was closed cleanly.
]
2026-05-08 20:20:53 | INFO     | ayumi.openapi_spot_feed | Connected to demo.ctraderapi.com:5035
2026-05-08 20:21:11 | WARNING  | ayumi.openapi_spot_feed | Disconnected: [Failure instance: Traceback (failure with no frames): <class 'twisted.internet.error.ConnectionDone'>: Connection was closed cleanly.
]
2026-05-08 20:21:13 | INFO     | ayumi.openapi_spot_feed | Connected to demo.ctraderapi.com:5035
2026-05-08 20:21:21 | WARNING  | ayumi.forward_test | Connection health check failed: connected=False last_tick_ago=1.1s threshold=900.0s — reconnecting
2026-05-08 20:21:21 | INFO     | ayumi.forward_test | Reconnection attempt 4 (backoff=40.0s)
2026-05-08 20:21:21 | INFO     | ayumi.openapi_spot_feed | Connected to demo.ctraderapi.com:5035
2026-05-08 20:21:23 | WARNING  | ayumi.openapi_spot_feed | Disconnected: [Failure instance: Traceback (failure with no frames): <class 'twisted.internet.error.ConnectionDone'>: Connection was closed cleanly.
]
2026-05-08 20:21:25 | INFO     | ayumi.openapi_spot_feed | Connected to demo.ctraderapi.com:5035
2026-05-08 20:21:31 | ERROR    | ayumi.openapi_spot_feed | Send-and-wait failed: [Failure instance: Traceback: <class 'twisted.internet.defer.TimeoutError'>: (10, 'Deferred')
/home/TacoPants/projects/Ayumi/.venv/lib/python3.12/site-packages/twisted/internet/defer.py:798:timeItOut
/home/TacoPants/projects/Ayumi/.venv/lib/python3.12/site-packages/twisted/internet/defer.py:957:cancel
/home/TacoPants/projects/Ayumi/.venv/lib/python3.12/site-packages/twisted/internet/defer.py:916:errback
/home/TacoPants/projects/Ayumi/.venv/lib/python3.12/site-packages/twisted/internet/defer.py:984:_startRunCallbacks
--- <exception caught here> ---
/home/TacoPants/projects/Ayumi/.venv/lib/python3.12/site-packages/twisted/internet/defer.py:1078:_runCallbacks
/home/TacoPants/projects/Ayumi/.venv/lib/python3.12/site-packages/twisted/internet/defer.py:809:convertCancelled
/home/TacoPants/projects/Ayumi/.venv/lib/python3.12/site-packages/twisted/internet/defer.py:293:_cancelledToTimedOutError
]
2026-05-08 20:21:31 | ERROR    | ayumi.openapi_spot_feed | Application auth failed
2026-05-08 20:21:31 | WARNING  | ayumi.forward_test | Reconnection failed — next attempt in 80.0s
2026-05-08 20:21:43 | WARNING  | ayumi.openapi_spot_feed | Disconnected: [Failure instance: Traceback (failure with no frames): <class 'twisted.internet.error.ConnectionDone'>: Connection was closed cleanly.
]
2026-05-08 20:21:46 | INFO     | ayumi.openapi_spot_feed | Connected to demo.ctraderapi.com:5035
2026-05-08 20:21:51 | WARNING  | ayumi.openapi_spot_feed | Disconnected: [Failure instance: Traceback (failure with no frames): <class 'twisted.internet.error.ConnectionDone'>: Connection was closed cleanly.
]
2026-05-08 20:21:54 | INFO     | ayumi.openapi_spot_feed | Connected to demo.ctraderapi.com:5035
2026-05-08 20:21:55 | WARNING  | ayumi.openapi_spot_feed | Disconnected: [Failure instance: Traceback (failure with no frames): <class 'twisted.internet.error.ConnectionDone'>: Connection was closed cleanly.
]
2026-05-08 20:21:57 | INFO     | ayumi.openapi_spot_feed | Connected to demo.ctraderapi.com:5035
2026-05-08 20:22:16 | WARNING  | ayumi.openapi_spot_feed | Disconnected: [Failure instance: Traceback (failure with no frames): <class 'twisted.internet.error.ConnectionDone'>: Connection was closed cleanly.
]
2026-05-08 20:22:18 | INFO     | ayumi.openapi_spot_feed | Connected to demo.ctraderapi.com:5035
2026-05-08 20:22:24 | WARNING  | ayumi.openapi_spot_feed | Disconnected: [Failure instance: Traceback (failure with no frames): <class 'twisted.internet.error.ConnectionDone'>: Connection was closed cleanly.
]
2026-05-08 20:22:26 | INFO     | ayumi.openapi_spot_feed | Connected to demo.ctraderapi.com:5035
2026-05-08 20:22:27 | WARNING  | ayumi.openapi_spot_feed | Disconnected: [Failure instance: Traceback (failure with no frames): <class 'twisted.internet.error.ConnectionDone'>: Connection was closed cleanly.
]
2026-05-08 20:22:29 | INFO     | ayumi.openapi_spot_feed | Connected to demo.ctraderapi.com:5035
2026-05-08 20:22:41 | WARNING  | ayumi.forward_test | Connection health check failed: connected=False last_tick_ago=1.1s threshold=900.0s — reconnecting
2026-05-08 20:22:41 | INFO     | ayumi.forward_test | Reconnection attempt 5 (backoff=80.0s)
2026-05-08 20:22:41 | INFO     | ayumi.openapi_spot_feed | Connected to demo.ctraderapi.com:5035
2026-05-08 20:22:48 | WARNING  | ayumi.openapi_spot_feed | Disconnected: [Failure instance: Traceback (failure with no frames): <class 'twisted.internet.error.ConnectionDone'>: Connection was closed cleanly.
]
2026-05-08 20:22:50 | INFO     | ayumi.openapi_spot_feed | Connected to demo.ctraderapi.com:5035
2026-05-08 20:22:51 | ERROR    | ayumi.openapi_spot_feed | Send-and-wait failed: [Failure instance: Traceback: <class 'twisted.internet.defer.TimeoutError'>: (10, 'Deferred')
/home/TacoPants/projects/Ayumi/.venv/lib/python3.12/site-packages/twisted/internet/defer.py:798:timeItOut
/home/TacoPants/projects/Ayumi/.venv/lib/python3.12/site-packages/twisted/internet/defer.py:957:cancel
/home/TacoPants/projects/Ayumi/.venv/lib/python3.12/site-packages/twisted/internet/defer.py:916:errback
/home/TacoPants/projects/Ayumi/.venv/lib/python3.12/site-packages/twisted/internet/defer.py:984:_startRunCallbacks
--- <exception caught here> ---
/home/TacoPants/projects/Ayumi/.venv/lib/python3.12/site-packages/twisted/internet/defer.py:1078:_runCallbacks
/home/TacoPants/projects/Ayumi/.venv/lib/python3.12/site-packages/twisted/internet/defer.py:809:convertCancelled
/home/TacoPants/projects/Ayumi/.venv/lib/python3.12/site-packages/twisted/internet/defer.py:293:_cancelledToTimedOutError
]
2026-05-08 20:22:51 | ERROR    | ayumi.openapi_spot_feed | Application auth failed
2026-05-08 20:22:51 | WARNING  | ayumi.forward_test | Reconnection failed — next attempt in 120.0s
2026-05-08 20:22:56 | WARNING  | ayumi.openapi_spot_feed | Disconnected: [Failure instance: Traceback (failure with no frames): <class 'twisted.internet.error.ConnectionDone'>: Connection was closed cleanly.
]
2026-05-08 20:22:58 | INFO     | ayumi.openapi_spot_feed | Connected to demo.ctraderapi.com:5035
2026-05-08 20:23:11 | WARNING  | ayumi.openapi_spot_feed | Disconnected: [Failure instance: Traceback (failure with no frames): <class 'twisted.internet.error.ConnectionDone'>: Connection was closed cleanly.
]
2026-05-08 20:23:14 | INFO     | ayumi.openapi_spot_feed | Connected to demo.ctraderapi.com:5035
2026-05-08 20:23:20 | WARNING  | ayumi.openapi_spot_feed | Disconnected: [Failure instance: Traceback (failure with no frames): <class 'twisted.internet.error.ConnectionDone'>: Connection was closed cleanly.
]
2026-05-08 20:23:22 | INFO     | ayumi.openapi_spot_feed | Connected to demo.ctraderapi.com:5035
2026-05-08 20:23:28 | WARNING  | ayumi.openapi_spot_feed | Disconnected: [Failure instance: Traceback (failure with no frames): <class 'twisted.internet.error.ConnectionDone'>: Connection was closed cleanly.
]
2026-05-08 20:23:30 | INFO     | ayumi.openapi_spot_feed | Connected to demo.ctraderapi.com:5035
2026-05-08 20:23:44 | WARNING  | ayumi.openapi_spot_feed | Disconnected: [Failure instance: Traceback (failure with no frames): <class 'twisted.internet.error.ConnectionDone'>: Connection was closed cleanly.
]
2026-05-08 20:23:46 | INFO     | ayumi.openapi_spot_feed | Connected to demo.ctraderapi.com:5035
2026-05-08 20:23:52 | WARNING  | ayumi.openapi_spot_feed | Disconnected: [Failure instance: Traceback (failure with no frames): <class 'twisted.internet.error.ConnectionDone'>: Connection was closed cleanly.
]
2026-05-08 20:23:54 | INFO     | ayumi.openapi_spot_feed | Connected to demo.ctraderapi.com:5035
2026-05-08 20:24:00 | WARNING  | ayumi.openapi_spot_feed | Disconnected: [Failure instance: Traceback (failure with no frames): <class 'twisted.internet.error.ConnectionDone'>: Connection was closed cleanly.
]
2026-05-08 20:24:03 | INFO     | ayumi.openapi_spot_feed | Connected to demo.ctraderapi.com:5035
2026-05-08 20:24:16 | WARNING  | ayumi.openapi_spot_feed | Disconnected: [Failure instance: Traceback (failure with no frames): <class 'twisted.internet.error.ConnectionDone'>: Connection was closed cleanly.
]
2026-05-08 20:24:18 | INFO     | ayumi.openapi_spot_feed | Connected to demo.ctraderapi.com:5035
2026-05-08 20:24:24 | WARNING  | ayumi.openapi_spot_feed | Disconnected: [Failure instance: Traceback (failure with no frames): <class 'twisted.internet.error.ConnectionDone'>: Connection was closed cleanly.
]
2026-05-08 20:24:26 | INFO     | ayumi.openapi_spot_feed | Connected to demo.ctraderapi.com:5035
2026-05-08 20:24:33 | WARNING  | ayumi.openapi_spot_feed | Disconnected: [Failure instance: Traceback (failure with no frames): <class 'twisted.internet.error.ConnectionDone'>: Connection was closed cleanly.
]
2026-05-08 20:24:35 | INFO     | ayumi.openapi_spot_feed | Connected to demo.ctraderapi.com:5035
2026-05-08 20:24:41 | WARNING  | ayumi.forward_test | Connection health check failed: connected=False last_tick_ago=8.3s threshold=900.0s — reconnecting
2026-05-08 20:24:41 | INFO     | ayumi.forward_test | Reconnection attempt 6 (backoff=120.0s)
2026-05-08 20:24:41 | INFO     | ayumi.openapi_spot_feed | Connected to demo.ctraderapi.com:5035
2026-05-08 20:24:51 | ERROR    | ayumi.openapi_spot_feed | Send-and-wait failed: [Failure instance: Traceback: <class 'twisted.internet.defer.TimeoutError'>: (10, 'Deferred')
/home/TacoPants/projects/Ayumi/.venv/lib/python3.12/site-packages/twisted/internet/defer.py:798:timeItOut
/home/TacoPants/projects/Ayumi/.venv/lib/python3.12/site-packages/twisted/internet/defer.py:957:cancel
/home/TacoPants/projects/Ayumi/.venv/lib/python3.12/site-packages/twisted/internet/defer.py:916:errback
/home/TacoPants/projects/Ayumi/.venv/lib/python3.12/site-packages/twisted/internet/defer.py:984:_startRunCallbacks
--- <exception caught here> ---
/home/TacoPants/projects/Ayumi/.venv/lib/python3.12/site-packages/twisted/internet/defer.py:1078:_runCallbacks
/home/TacoPants/projects/Ayumi/.venv/lib/python3.12/site-packages/twisted/internet/defer.py:809:convertCancelled
/home/TacoPants/projects/Ayumi/.venv/lib/python3.12/site-packages/twisted/internet/defer.py:293:_cancelledToTimedOutError
]
2026-05-08 20:24:51 | ERROR    | ayumi.openapi_spot_feed | Application auth failed
2026-05-08 20:24:51 | WARNING  | ayumi.forward_test | Reconnection failed — next attempt in 120.0s
2026-05-08 20:24:56 | WARNING  | ayumi.openapi_spot_feed | Disconnected: [Failure instance: Traceback (failure with no frames): <class 'twisted.internet.error.ConnectionDone'>: Connection was closed cleanly.
]
2026-05-08 20:24:59 | INFO     | ayumi.openapi_spot_feed | Connected to demo.ctraderapi.com:5035
2026-05-08 20:25:05 | WARNING  | ayumi.openapi_spot_feed | Disconnected: [Failure instance: Traceback (failure with no frames): <class 'twisted.internet.error.ConnectionDone'>: Connection was closed cleanly.
]
2026-05-08 20:25:07 | INFO     | ayumi.openapi_spot_feed | Connected to demo.ctraderapi.com:5035
2026-05-08 20:25:11 | WARNING  | ayumi.openapi_spot_feed | Disconnected: [Failure instance: Traceback (failure with no frames): <class 'twisted.internet.error.ConnectionDone'>: Connection was closed cleanly.
]
2026-05-08 20:25:13 | INFO     | ayumi.openapi_spot_feed | Connected to demo.ctraderapi.com:5035
2026-05-08 20:25:29 | WARNING  | ayumi.openapi_spot_feed | Disconnected: [Failure instance: Traceback (failure with no frames): <class 'twisted.internet.error.ConnectionDone'>: Connection was closed cleanly.
]
2026-05-08 20:25:31 | INFO     | ayumi.openapi_spot_feed | Connected to demo.ctraderapi.com:5035
2026-05-08 20:25:37 | WARNING  | ayumi.openapi_spot_feed | Disconnected: [Failure instance: Traceback (failure with no frames): <class 'twisted.internet.error.ConnectionDone'>: Connection was closed cleanly.
]
2026-05-08 20:25:39 | INFO     | ayumi.openapi_spot_feed | Connected to demo.ctraderapi.com:5035
2026-05-08 20:25:43 | WARNING  | ayumi.openapi_spot_feed | Disconnected: [Failure instance: Traceback (failure with no frames): <class 'twisted.internet.error.ConnectionDone'>: Connection was closed cleanly.
]
2026-05-08 20:25:45 | INFO     | ayumi.openapi_spot_feed | Connected to demo.ctraderapi.com:5035
2026-05-08 20:26:01 | WARNING  | ayumi.openapi_spot_feed | Disconnected: [Failure instance: Traceback (failure with no frames): <class 'twisted.internet.error.ConnectionDone'>: Connection was closed cleanly.
]
2026-05-08 20:26:04 | INFO     | ayumi.openapi_spot_feed | Connected to demo.ctraderapi.com:5035
2026-05-08 20:26:09 | WARNING  | ayumi.openapi_spot_feed | Disconnected: [Failure instance: Traceback (failure with no frames): <class 'twisted.internet.error.ConnectionDone'>: Connection was closed cleanly.
]
2026-05-08 20:26:12 | INFO     | ayumi.openapi_spot_feed | Connected to demo.ctraderapi.com:5035
2026-05-08 20:26:15 | WARNING  | ayumi.openapi_spot_feed | Disconnected: [Failure instance: Traceback (failure with no frames): <class 'twisted.internet.error.ConnectionDone'>: Connection was closed cleanly.
]
2026-05-08 20:26:18 | INFO     | ayumi.openapi_spot_feed | Connected to demo.ctraderapi.com:5035
2026-05-08 20:26:34 | WARNING  | ayumi.openapi_spot_feed | Disconnected: [Failure instance: Traceback (failure with no frames): <class 'twisted.internet.error.ConnectionDone'>: Connection was closed cleanly.
]
2026-05-08 20:26:36 | INFO     | ayumi.openapi_spot_feed | Connected to demo.ctraderapi.com:5035
2026-05-08 20:26:41 | WARNING  | ayumi.forward_test | Connection health check failed: connected=False last_tick_ago=0.4s threshold=900.0s — reconnecting
2026-05-08 20:26:41 | INFO     | ayumi.forward_test | Reconnection attempt 7 (backoff=120.0s)
2026-05-08 20:26:41 | INFO     | ayumi.openapi_spot_feed | Connected to demo.ctraderapi.com:5035
2026-05-08 20:26:42 | WARNING  | ayumi.openapi_spot_feed | Disconnected: [Failure instance: Traceback (failure with no frames): <class 'twisted.internet.error.ConnectionDone'>: Connection was closed cleanly.
]
2026-05-08 20:26:43 | INFO     | ayumi.openapi_spot_feed | Connected to demo.ctraderapi.com:5035
2026-05-08 20:26:48 | WARNING  | ayumi.openapi_spot_feed | Disconnected: [Failure instance: Traceback (failure with no frames): <class 'twisted.internet.error.ConnectionDone'>: Connection was closed cleanly.
]
2026-05-08 20:26:50 | INFO     | ayumi.openapi_spot_feed | Connected to demo.ctraderapi.com:5035
2026-05-08 20:26:51 | ERROR    | ayumi.openapi_spot_feed | Send-and-wait failed: [Failure instance: Traceback: <class 'twisted.internet.defer.TimeoutError'>: (10, 'Deferred')
/home/TacoPants/projects/Ayumi/.venv/lib/python3.12/site-packages/twisted/internet/defer.py:798:timeItOut
/home/TacoPants/projects/Ayumi/.venv/lib/python3.12/site-packages/twisted/internet/defer.py:957:cancel
/home/TacoPants/projects/Ayumi/.venv/lib/python3.12/site-packages/twisted/internet/defer.py:916:errback
/home/TacoPants/projects/Ayumi/.venv/lib/python3.12/site-packages/twisted/internet/defer.py:984:_startRunCallbacks
--- <exception caught here> ---
/home/TacoPants/projects/Ayumi/.venv/lib/python3.12/site-packages/twisted/internet/defer.py:1078:_runCallbacks
/home/TacoPants/projects/Ayumi/.venv/lib/python3.12/site-packages/twisted/internet/defer.py:809:convertCancelled
/home/TacoPants/projects/Ayumi/.venv/lib/python3.12/site-packages/twisted/internet/defer.py:293:_cancelledToTimedOutError
]
2026-05-08 20:26:51 | ERROR    | ayumi.openapi_spot_feed | Application auth failed
2026-05-08 20:26:51 | WARNING  | ayumi.forward_test | Reconnection failed — next attempt in 120.0s
2026-05-08 20:27:06 | WARNING  | ayumi.openapi_spot_feed | Disconnected: [Failure instance: Traceback (failure with no frames): <class 'twisted.internet.error.ConnectionDone'>: Connection was closed cleanly.
]
2026-05-08 20:27:08 | INFO     | ayumi.openapi_spot_feed | Connected to demo.ctraderapi.com:5035
2026-05-08 20:27:11 | WARNING  | ayumi.openapi_spot_feed | Disconnected: [Failure instance: Traceback (failure with no frames): <class 'twisted.internet.error.ConnectionDone'>: Connection was closed cleanly.
]
2026-05-08 20:27:13 | INFO     | ayumi.openapi_spot_feed | Connected to demo.ctraderapi.com:5035
2026-05-08 20:27:14 | WARNING  | ayumi.openapi_spot_feed | Disconnected: [Failure instance: Traceback (failure with no frames): <class 'twisted.internet.error.ConnectionDone'>: Connection was closed cleanly.
]
2026-05-08 20:27:15 | INFO     | ayumi.openapi_spot_feed | Connected to demo.ctraderapi.com:5035
2026-05-08 20:27:20 | WARNING  | ayumi.openapi_spot_feed | Disconnected: [Failure instance: Traceback (failure with no frames): <class 'twisted.internet.error.ConnectionDone'>: Connection was closed cleanly.
]
2026-05-08 20:27:22 | INFO     | ayumi.openapi_spot_feed | Connected to demo.ctraderapi.com:5035
2026-05-08 20:27:38 | WARNING  | ayumi.openapi_spot_feed | Disconnected: [Failure instance: Traceback (failure with no frames): <class 'twisted.internet.error.ConnectionDone'>: Connection was closed cleanly.
]
2026-05-08 20:27:40 | INFO     | ayumi.openapi_spot_feed | Connected to demo.ctraderapi.com:5035
2026-05-08 20:27:43 | WARNING  | ayumi.openapi_spot_feed | Disconnected: [Failure instance: Traceback (failure with no frames): <class 'twisted.internet.error.ConnectionDone'>: Connection was closed cleanly.
]
2026-05-08 20:27:45 | INFO     | ayumi.openapi_spot_feed | Connected to demo.ctraderapi.com:5035
2026-05-08 20:27:45 | WARNING  | ayumi.openapi_spot_feed | Disconnected: [Failure instance: Traceback (failure with no frames): <class 'twisted.internet.error.ConnectionDone'>: Connection was closed cleanly.
]
2026-05-08 20:27:48 | INFO     | ayumi.openapi_spot_feed | Connected to demo.ctraderapi.com:5035
2026-05-08 20:27:52 | WARNING  | ayumi.openapi_spot_feed | Disconnected: [Failure instance: Traceback (failure with no frames): <class 'twisted.internet.error.ConnectionDone'>: Connection was closed cleanly.
]
2026-05-08 20:27:54 | INFO     | ayumi.openapi_spot_feed | Connected to demo.ctraderapi.com:5035
2026-05-08 20:28:11 | WARNING  | ayumi.openapi_spot_feed | Disconnected: [Failure instance: Traceback (failure with no frames): <class 'twisted.internet.error.ConnectionDone'>: Connection was closed cleanly.
]
2026-05-08 20:28:12 | INFO     | ayumi.openapi_spot_feed | Connected to demo.ctraderapi.com:5035
2026-05-08 20:28:15 | WARNING  | ayumi.openapi_spot_feed | Disconnected: [Failure instance: Traceback (failure with no frames): <class 'twisted.internet.error.ConnectionDone'>: Connection was closed cleanly.
]
2026-05-08 20:28:18 | WARNING  | ayumi.openapi_spot_feed | Disconnected: [Failure instance: Traceback (failure with no frames): <class 'twisted.internet.error.ConnectionDone'>: Connection was closed cleanly.
]
2026-05-08 20:28:18 | INFO     | ayumi.openapi_spot_feed | Connected to demo.ctraderapi.com:5035
2026-05-08 20:28:20 | INFO     | ayumi.openapi_spot_feed | Connected to demo.ctraderapi.com:5035
2026-05-08 20:28:24 | WARNING  | ayumi.openapi_spot_feed | Disconnected: [Failure instance: Traceback (failure with no frames): <class 'twisted.internet.error.ConnectionDone'>: Connection was closed cleanly.
]
2026-05-08 20:28:26 | INFO     | ayumi.openapi_spot_feed | Connected to demo.ctraderapi.com:5035
2026-05-08 20:28:41 | WARNING  | ayumi.forward_test | Connection health check failed: connected=False last_tick_ago=5.0s threshold=900.0s — reconnecting
2026-05-08 20:28:41 | INFO     | ayumi.forward_test | Reconnection attempt 8 (backoff=120.0s)
2026-05-08 20:28:41 | INFO     | ayumi.openapi_spot_feed | Connected to demo.ctraderapi.com:5035
2026-05-08 20:28:42 | WARNING  | ayumi.openapi_spot_feed | Disconnected: [Failure instance: Traceback (failure with no frames): <class 'twisted.internet.error.ConnectionDone'>: Connection was closed cleanly.
]
2026-05-08 20:28:44 | INFO     | ayumi.openapi_spot_feed | Connected to demo.ctraderapi.com:5035
2026-05-08 20:28:48 | WARNING  | ayumi.openapi_spot_feed | Disconnected: [Failure instance: Traceback (failure with no frames): <class 'twisted.internet.error.ConnectionDone'>: Connection was closed cleanly.
]
2026-05-08 20:28:50 | WARNING  | ayumi.openapi_spot_feed | Disconnected: [Failure instance: Traceback (failure with no frames): <class 'twisted.internet.error.ConnectionDone'>: Connection was closed cleanly.
]
2026-05-08 20:28:50 | INFO     | ayumi.openapi_spot_feed | Connected to demo.ctraderapi.com:5035
2026-05-08 20:28:51 | ERROR    | ayumi.openapi_spot_feed | Send-and-wait failed: [Failure instance: Traceback: <class 'twisted.internet.defer.TimeoutError'>: (10, 'Deferred')
/home/TacoPants/projects/Ayumi/.venv/lib/python3.12/site-packages/twisted/internet/defer.py:798:timeItOut
/home/TacoPants/projects/Ayumi/.venv/lib/python3.12/site-packages/twisted/internet/defer.py:957:cancel
/home/TacoPants/projects/Ayumi/.venv/lib/python3.12/site-packages/twisted/internet/defer.py:916:errback
/home/TacoPants/projects/Ayumi/.venv/lib/python3.12/site-packages/twisted/internet/defer.py:984:_startRunCallbacks
--- <exception caught here> ---
/home/TacoPants/projects/Ayumi/.venv/lib/python3.12/site-packages/twisted/internet/defer.py:1078:_runCallbacks
/home/TacoPants/projects/Ayumi/.venv/lib/python3.12/site-packages/twisted/internet/defer.py:809:convertCancelled
/home/TacoPants/projects/Ayumi/.venv/lib/python3.12/site-packages/twisted/internet/defer.py:293:_cancelledToTimedOutError
]
2026-05-08 20:28:51 | ERROR    | ayumi.openapi_spot_feed | Application auth failed
2026-05-08 20:28:51 | WARNING  | ayumi.forward_test | Reconnection failed — next attempt in 120.0s
2026-05-08 20:28:52 | INFO     | ayumi.openapi_spot_feed | Connected to demo.ctraderapi.com:5035
2026-05-08 20:28:56 | WARNING  | ayumi.openapi_spot_feed | Disconnected: [Failure instance: Traceback (failure with no frames): <class 'twisted.internet.error.ConnectionDone'>: Connection was closed cleanly.
]
2026-05-08 20:28:58 | INFO     | ayumi.openapi_spot_feed | Connected to demo.ctraderapi.com:5035
2026-05-08 20:29:12 | WARNING  | ayumi.openapi_spot_feed | Disconnected: [Failure instance: Traceback (failure with no frames): <class 'twisted.internet.error.ConnectionDone'>: Connection was closed cleanly.
]
2026-05-08 20:29:13 | INFO     | ayumi.openapi_spot_feed | Connected to demo.ctraderapi.com:5035
2026-05-08 20:29:14 | WARNING  | ayumi.openapi_spot_feed | Disconnected: [Failure instance: Traceback (failure with no frames): <class 'twisted.internet.error.ConnectionDone'>: Connection was closed cleanly.
]
2026-05-08 20:29:16 | INFO     | ayumi.openapi_spot_feed | Connected to demo.ctraderapi.com:5035
2026-05-08 20:29:20 | WARNING  | ayumi.openapi_spot_feed | Disconnected: [Failure instance: Traceback (failure with no frames): <class 'twisted.internet.error.ConnectionDone'>: Connection was closed cleanly.
]
2026-05-08 20:29:22 | WARNING  | ayumi.openapi_spot_feed | Disconnected: [Failure instance: Traceback (failure with no frames): <class 'twisted.internet.error.ConnectionDone'>: Connection was closed cleanly.
]
2026-05-08 20:29:23 | INFO     | ayumi.openapi_spot_feed | Connected to demo.ctraderapi.com:5035
2026-05-08 20:29:24 | INFO     | ayumi.openapi_spot_feed | Connected to demo.ctraderapi.com:5035
2026-05-08 20:29:28 | WARNING  | ayumi.openapi_spot_feed | Disconnected: [Failure instance: Traceback (failure with no frames): <class 'twisted.internet.error.ConnectionDone'>: Connection was closed cleanly.
]
2026-05-08 20:29:31 | INFO     | ayumi.openapi_spot_feed | Connected to demo.ctraderapi.com:5035
2026-05-08 20:29:44 | WARNING  | ayumi.openapi_spot_feed | Disconnected: [Failure instance: Traceback (failure with no frames): <class 'twisted.internet.error.ConnectionDone'>: Connection was closed cleanly.
]
2026-05-08 20:29:46 | INFO     | ayumi.openapi_spot_feed | Connected to demo.ctraderapi.com:5035
2026-05-08 20:29:46 | WARNING  | ayumi.openapi_spot_feed | Disconnected: [Failure instance: Traceback (failure with no frames): <class 'twisted.internet.error.ConnectionDone'>: Connection was closed cleanly.
]
2026-05-08 20:29:48 | INFO     | ayumi.openapi_spot_feed | Connected to demo.ctraderapi.com:5035
2026-05-08 20:29:53 | WARNING  | ayumi.openapi_spot_feed | Disconnected: [Failure instance: Traceback (failure with no frames): <class 'twisted.internet.error.ConnectionDone'>: Connection was closed cleanly.
]
2026-05-08 20:29:54 | WARNING  | ayumi.openapi_spot_feed | Disconnected: [Failure instance: Traceback (failure with no frames): <class 'twisted.internet.error.ConnectionDone'>: Connection was closed cleanly.
]
2026-05-08 20:29:55 | INFO     | ayumi.openapi_spot_feed | Connected to demo.ctraderapi.com:5035
2026-05-08 20:29:56 | INFO     | ayumi.openapi_spot_feed | Connected to demo.ctraderapi.com:5035
2026-05-08 20:30:01 | WARNING  | ayumi.openapi_spot_feed | Disconnected: [Failure instance: Traceback (failure with no frames): <class 'twisted.internet.error.ConnectionDone'>: Connection was closed cleanly.
]
2026-05-08 20:30:03 | INFO     | ayumi.openapi_spot_feed | Connected to demo.ctraderapi.com:5035
2026-05-08 20:30:16 | WARNING  | ayumi.openapi_spot_feed | Disconnected: [Failure instance: Traceback (failure with no frames): <class 'twisted.internet.error.ConnectionDone'>: Connection was closed cleanly.
]
2026-05-08 20:30:18 | INFO     | ayumi.openapi_spot_feed | Connected to demo.ctraderapi.com:5035
2026-05-08 20:30:19 | WARNING  | ayumi.openapi_spot_feed | Disconnected: [Failure instance: Traceback (failure with no frames): <class 'twisted.internet.error.ConnectionDone'>: Connection was closed cleanly.
]
2026-05-08 20:30:21 | INFO     | ayumi.openapi_spot_feed | Connected to demo.ctraderapi.com:5035
2026-05-08 20:30:26 | WARNING  | ayumi.openapi_spot_feed | Disconnected: [Failure instance: Traceback (failure with no frames): <class 'twisted.internet.error.ConnectionDone'>: Connection was closed cleanly.
]
2026-05-08 20:30:26 | WARNING  | ayumi.openapi_spot_feed | Disconnected: [Failure instance: Traceback (failure with no frames): <class 'twisted.internet.error.ConnectionDone'>: Connection was closed cleanly.
]
2026-05-08 20:30:27 | INFO     | ayumi.openapi_spot_feed | Connected to demo.ctraderapi.com:5035
2026-05-08 20:30:29 | INFO     | ayumi.openapi_spot_feed | Connected to demo.ctraderapi.com:5035
2026-05-08 20:30:33 | WARNING  | ayumi.openapi_spot_feed | Disconnected: [Failure instance: Traceback (failure with no frames): <class 'twisted.internet.error.ConnectionDone'>: Connection was closed cleanly.
]
2026-05-08 20:30:35 | INFO     | ayumi.openapi_spot_feed | Connected to demo.ctraderapi.com:5035
2026-05-08 20:30:41 | WARNING  | ayumi.forward_test | Connection health check failed: connected=False last_tick_ago=47.0s threshold=900.0s — reconnecting
2026-05-08 20:30:41 | INFO     | ayumi.forward_test | Reconnection attempt 9 (backoff=120.0s)
2026-05-08 20:30:41 | INFO     | ayumi.openapi_spot_feed | Connected to demo.ctraderapi.com:5035
2026-05-08 20:30:49 | WARNING  | ayumi.openapi_spot_feed | Disconnected: [Failure instance: Traceback (failure with no frames): <class 'twisted.internet.error.ConnectionDone'>: Connection was closed cleanly.
]
2026-05-08 20:30:51 | INFO     | ayumi.openapi_spot_feed | Connected to demo.ctraderapi.com:5035
2026-05-08 20:30:51 | WARNING  | ayumi.openapi_spot_feed | Disconnected: [Failure instance: Traceback (failure with no frames): <class 'twisted.internet.error.ConnectionDone'>: Connection was closed cleanly.
]
2026-05-08 20:30:51 | ERROR    | ayumi.openapi_spot_feed | Send-and-wait failed: [Failure instance: Traceback: <class 'twisted.internet.defer.TimeoutError'>: (10, 'Deferred')
/home/TacoPants/projects/Ayumi/.venv/lib/python3.12/site-packages/twisted/internet/defer.py:798:timeItOut
/home/TacoPants/projects/Ayumi/.venv/lib/python3.12/site-packages/twisted/internet/defer.py:957:cancel
/home/TacoPants/projects/Ayumi/.venv/lib/python3.12/site-packages/twisted/internet/defer.py:916:errback
/home/TacoPants/projects/Ayumi/.venv/lib/python3.12/site-packages/twisted/internet/defer.py:984:_startRunCallbacks
--- <exception caught here> ---
/home/TacoPants/projects/Ayumi/.venv/lib/python3.12/site-packages/twisted/internet/defer.py:1078:_runCallbacks
/home/TacoPants/projects/Ayumi/.venv/lib/python3.12/site-packages/twisted/internet/defer.py:809:convertCancelled
/home/TacoPants/projects/Ayumi/.venv/lib/python3.12/site-packages/twisted/internet/defer.py:293:_cancelledToTimedOutError
]
2026-05-08 20:30:51 | ERROR    | ayumi.openapi_spot_feed | Application auth failed
2026-05-08 20:30:51 | WARNING  | ayumi.forward_test | Reconnection failed — next attempt in 120.0s
2026-05-08 20:30:54 | INFO     | ayumi.openapi_spot_feed | Connected to demo.ctraderapi.com:5035
2026-05-08 20:30:59 | WARNING  | ayumi.openapi_spot_feed | Disconnected: [Failure instance: Traceback (failure with no frames): <class 'twisted.internet.error.ConnectionDone'>: Connection was closed cleanly.
]
2026-05-08 20:31:01 | INFO     | ayumi.openapi_spot_feed | Connected to demo.ctraderapi.com:5035
2026-05-08 20:31:05 | WARNING  | ayumi.openapi_spot_feed | Disconnected: [Failure instance: Traceback (failure with no frames): <class 'twisted.internet.error.ConnectionDone'>: Connection was closed cleanly.
]
2026-05-08 20:31:07 | INFO     | ayumi.openapi_spot_feed | Connected to demo.ctraderapi.com:5035
2026-05-08 20:31:12 | WARNING  | ayumi.openapi_spot_feed | Disconnected: [Failure instance: Traceback (failure with no frames): <class 'twisted.internet.error.ConnectionDone'>: Connection was closed cleanly.
]
2026-05-08 20:31:13 | INFO     | ayumi.openapi_spot_feed | Connected to demo.ctraderapi.com:5035
2026-05-08 20:31:21 | WARNING  | ayumi.openapi_spot_feed | Disconnected: [Failure instance: Traceback (failure with no frames): <class 'twisted.internet.error.ConnectionDone'>: Connection was closed cleanly.
]
2026-05-08 20:31:23 | INFO     | ayumi.openapi_spot_feed | Connected to demo.ctraderapi.com:5035
2026-05-08 20:31:24 | WARNING  | ayumi.openapi_spot_feed | Disconnected: [Failure instance: Traceback (failure with no frames): <class 'twisted.internet.error.ConnectionDone'>: Connection was closed cleanly.
]
2026-05-08 20:31:26 | INFO     | ayumi.openapi_spot_feed | Connected to demo.ctraderapi.com:5035
2026-05-08 20:31:31 | WARNING  | ayumi.openapi_spot_feed | Disconnected: [Failure instance: Traceback (failure with no frames): <class 'twisted.internet.error.ConnectionDone'>: Connection was closed cleanly.
]
2026-05-08 20:31:33 | INFO     | ayumi.openapi_spot_feed | Connected to demo.ctraderapi.com:5035
2026-05-08 20:31:37 | WARNING  | ayumi.openapi_spot_feed | Disconnected: [Failure instance: Traceback (failure with no frames): <class 'twisted.internet.error.ConnectionDone'>: Connection was closed cleanly.
]
2026-05-08 20:31:40 | INFO     | ayumi.openapi_spot_feed | Connected to demo.ctraderapi.com:5035
2026-05-08 20:31:43 | WARNING  | ayumi.openapi_spot_feed | Disconnected: [Failure instance: Traceback (failure with no frames): <class 'twisted.internet.error.ConnectionDone'>: Connection was closed cleanly.
]
2026-05-08 20:31:46 | INFO     | ayumi.openapi_spot_feed | Connected to demo.ctraderapi.com:5035
2026-05-08 20:31:53 | WARNING  | ayumi.openapi_spot_feed | Disconnected: [Failure instance: Traceback (failure with no frames): <class 'twisted.internet.error.ConnectionDone'>: Connection was closed cleanly.
]
2026-05-08 20:31:56 | WARNING  | ayumi.openapi_spot_feed | Disconnected: [Failure instance: Traceback (failure with no frames): <class 'twisted.internet.error.ConnectionDone'>: Connection was closed cleanly.
]
2026-05-08 20:31:56 | INFO     | ayumi.openapi_spot_feed | Connected to demo.ctraderapi.com:5035
2026-05-08 20:31:58 | INFO     | ayumi.openapi_spot_feed | Connected to demo.ctraderapi.com:5035
2026-05-08 20:32:03 | WARNING  | ayumi.openapi_spot_feed | Disconnected: [Failure instance: Traceback (failure with no frames): <class 'twisted.internet.error.ConnectionDone'>: Connection was closed cleanly.
]
2026-05-08 20:32:05 | INFO     | ayumi.openapi_spot_feed | Connected to demo.ctraderapi.com:5035
2026-05-08 20:32:10 | WARNING  | ayumi.openapi_spot_feed | Disconnected: [Failure instance: Traceback (failure with no frames): <class 'twisted.internet.error.ConnectionDone'>: Connection was closed cleanly.
]
2026-05-08 20:32:12 | INFO     | ayumi.openapi_spot_feed | Connected to demo.ctraderapi.com:5035
2026-05-08 20:32:16 | WARNING  | ayumi.openapi_spot_feed | Disconnected: [Failure instance: Traceback (failure with no frames): <class 'twisted.internet.error.ConnectionDone'>: Connection was closed cleanly.
]
2026-05-08 20:32:18 | INFO     | ayumi.openapi_spot_feed | Connected to demo.ctraderapi.com:5035
2026-05-08 20:32:26 | WARNING  | ayumi.openapi_spot_feed | Disconnected: [Failure instance: Traceback (failure with no frames): <class 'twisted.internet.error.ConnectionDone'>: Connection was closed cleanly.
]
2026-05-08 20:32:28 | INFO     | ayumi.openapi_spot_feed | Connected to demo.ctraderapi.com:5035
2026-05-08 20:32:28 | WARNING  | ayumi.openapi_spot_feed | Disconnected: [Failure instance: Traceback (failure with no frames): <class 'twisted.internet.error.ConnectionDone'>: Connection was closed cleanly.
]
2026-05-08 20:32:30 | INFO     | ayumi.openapi_spot_feed | Connected to demo.ctraderapi.com:5035
2026-05-08 20:32:35 | WARNING  | ayumi.openapi_spot_feed | Disconnected: [Failure instance: Traceback (failure with no frames): <class 'twisted.internet.error.ConnectionDone'>: Connection was closed cleanly.
]
2026-05-08 20:32:37 | INFO     | ayumi.openapi_spot_feed | Connected to demo.ctraderapi.com:5035
2026-05-08 20:32:41 | WARNING  | ayumi.forward_test | Connection health check failed: connected=False last_tick_ago=167.2s threshold=900.0s — reconnecting
2026-05-08 20:32:41 | INFO     | ayumi.forward_test | Reconnection attempt 10 (backoff=120.0s)
2026-05-08 20:32:42 | INFO     | ayumi.openapi_spot_feed | Connected to demo.ctraderapi.com:5035
2026-05-08 20:32:42 | ERROR    | ayumi.openapi_spot_feed | API error: ALREADY_LOGGED_IN — Open API application is already authorized
2026-05-08 20:32:42 | WARNING  | ayumi.openapi_spot_feed | Disconnected: [Failure instance: Traceback (failure with no frames): <class 'twisted.internet.error.ConnectionDone'>: Connection was closed cleanly.
]
2026-05-08 20:32:44 | INFO     | ayumi.openapi_spot_feed | Connected to demo.ctraderapi.com:5035
2026-05-08 20:32:48 | WARNING  | ayumi.openapi_spot_feed | Disconnected: [Failure instance: Traceback (failure with no frames): <class 'twisted.internet.error.ConnectionDone'>: Connection was closed cleanly.
]
2026-05-08 20:32:50 | INFO     | ayumi.openapi_spot_feed | Connected to demo.ctraderapi.com:5035
2026-05-08 20:32:52 | ERROR    | ayumi.openapi_spot_feed | Send-and-wait failed: [Failure instance: Traceback: <class 'twisted.internet.defer.TimeoutError'>: (10, 'Deferred')
/home/TacoPants/projects/Ayumi/.venv/lib/python3.12/site-packages/twisted/internet/defer.py:798:timeItOut
/home/TacoPants/projects/Ayumi/.venv/lib/python3.12/site-packages/twisted/internet/defer.py:957:cancel
/home/TacoPants/projects/Ayumi/.venv/lib/python3.12/site-packages/twisted/internet/defer.py:916:errback
/home/TacoPants/projects/Ayumi/.venv/lib/python3.12/site-packages/twisted/internet/defer.py:984:_startRunCallbacks
--- <exception caught here> ---
/home/TacoPants/projects/Ayumi/.venv/lib/python3.12/site-packages/twisted/internet/defer.py:1078:_runCallbacks
/home/TacoPants/projects/Ayumi/.venv/lib/python3.12/site-packages/twisted/internet/defer.py:809:convertCancelled
/home/TacoPants/projects/Ayumi/.venv/lib/python3.12/site-packages/twisted/internet/defer.py:293:_cancelledToTimedOutError
]
2026-05-08 20:32:52 | ERROR    | ayumi.openapi_spot_feed | Application auth failed
2026-05-08 20:32:52 | WARNING  | ayumi.forward_test | Reconnection failed — next attempt in 120.0s
2026-05-08 20:32:58 | WARNING  | ayumi.openapi_spot_feed | Disconnected: [Failure instance: Traceback (failure with no frames): <class 'twisted.internet.error.ConnectionDone'>: Connection was closed cleanly.
]
2026-05-08 20:33:00 | WARNING  | ayumi.openapi_spot_feed | Disconnected: [Failure instance: Traceback (failure with no frames): <class 'twisted.internet.error.ConnectionDone'>: Connection was closed cleanly.
]
2026-05-08 20:33:00 | INFO     | ayumi.openapi_spot_feed | Connected to demo.ctraderapi.com:5035
2026-05-08 20:33:02 | INFO     | ayumi.openapi_spot_feed | Connected to demo.ctraderapi.com:5035
2026-05-08 20:33:07 | WARNING  | ayumi.openapi_spot_feed | Disconnected: [Failure instance: Traceback (failure with no frames): <class 'twisted.internet.error.ConnectionDone'>: Connection was closed cleanly.
]
2026-05-08 20:33:10 | INFO     | ayumi.openapi_spot_feed | Connected to demo.ctraderapi.com:5035
2026-05-08 20:33:12 | WARNING  | ayumi.openapi_spot_feed | Disconnected: [Failure instance: Traceback (failure with no frames): <class 'twisted.internet.error.ConnectionDone'>: Connection was closed cleanly.
]
2026-05-08 20:33:14 | INFO     | ayumi.openapi_spot_feed | Connected to demo.ctraderapi.com:5035
2026-05-08 20:33:14 | WARNING  | ayumi.openapi_spot_feed | Disconnected: [Failure instance: Traceback (failure with no frames): <class 'twisted.internet.error.ConnectionDone'>: Connection was closed cleanly.
]
2026-05-08 20:33:16 | INFO     | ayumi.openapi_spot_feed | Connected to demo.ctraderapi.com:5035
2026-05-08 20:33:20 | WARNING  | ayumi.openapi_spot_feed | Disconnected: [Failure instance: Traceback (failure with no frames): <class 'twisted.internet.error.ConnectionDone'>: Connection was closed cleanly.
]
2026-05-08 20:33:23 | INFO     | ayumi.openapi_spot_feed | Connected to demo.ctraderapi.com:5035
2026-05-08 20:33:30 | WARNING  | ayumi.openapi_spot_feed | Disconnected: [Failure instance: Traceback (failure with no frames): <class 'twisted.internet.error.ConnectionDone'>: Connection was closed cleanly.
]
2026-05-08 20:33:32 | WARNING  | ayumi.openapi_spot_feed | Disconnected: [Failure instance: Traceback (failure with no frames): <class 'twisted.internet.error.ConnectionDone'>: Connection was closed cleanly.
]
2026-05-08 20:33:32 | INFO     | ayumi.openapi_spot_feed | Connected to demo.ctraderapi.com:5035
2026-05-08 20:33:34 | INFO     | ayumi.openapi_spot_feed | Connected to demo.ctraderapi.com:5035
2026-05-08 20:33:40 | WARNING  | ayumi.openapi_spot_feed | Disconnected: [Failure instance: Traceback (failure with no frames): <class 'twisted.internet.error.ConnectionDone'>: Connection was closed cleanly.
]
2026-05-08 20:33:42 | INFO     | ayumi.openapi_spot_feed | Connected to demo.ctraderapi.com:5035
2026-05-08 20:33:44 | WARNING  | ayumi.openapi_spot_feed | Disconnected: [Failure instance: Traceback (failure with no frames): <class 'twisted.internet.error.ConnectionDone'>: Connection was closed cleanly.
]
2026-05-08 20:33:46 | INFO     | ayumi.openapi_spot_feed | Connected to demo.ctraderapi.com:5035
2026-05-08 20:33:46 | WARNING  | ayumi.openapi_spot_feed | Disconnected: [Failure instance: Traceback (failure with no frames): <class 'twisted.internet.error.ConnectionDone'>: Connection was closed cleanly.
]
2026-05-08 20:33:49 | INFO     | ayumi.openapi_spot_feed | Connected to demo.ctraderapi.com:5035
2026-05-08 20:33:53 | WARNING  | ayumi.openapi_spot_feed | Disconnected: [Failure instance: Traceback (failure with no frames): <class 'twisted.internet.error.ConnectionDone'>: Connection was closed cleanly.
]
2026-05-08 20:33:55 | INFO     | ayumi.openapi_spot_feed | Connected to demo.ctraderapi.com:5035
2026-05-08 20:34:02 | WARNING  | ayumi.openapi_spot_feed | Disconnected: [Failure instance: Traceback (failure with no frames): <class 'twisted.internet.error.ConnectionDone'>: Connection was closed cleanly.
]
2026-05-08 20:34:04 | WARNING  | ayumi.openapi_spot_feed | Disconnected: [Failure instance: Traceback (failure with no frames): <class 'twisted.internet.error.ConnectionDone'>: Connection was closed cleanly.
]
2026-05-08 20:34:05 | INFO     | ayumi.openapi_spot_feed | Connected to demo.ctraderapi.com:5035
2026-05-08 20:34:07 | INFO     | ayumi.openapi_spot_feed | Connected to demo.ctraderapi.com:5035
2026-05-08 20:34:12 | WARNING  | ayumi.openapi_spot_feed | Disconnected: [Failure instance: Traceback (failure with no frames): <class 'twisted.internet.error.ConnectionDone'>: Connection was closed cleanly.
]
2026-05-08 20:34:14 | INFO     | ayumi.openapi_spot_feed | Connected to demo.ctraderapi.com:5035
2026-05-08 20:34:16 | WARNING  | ayumi.openapi_spot_feed | Disconnected: [Failure instance: Traceback (failure with no frames): <class 'twisted.internet.error.ConnectionDone'>: Connection was closed cleanly.
]
2026-05-08 20:34:18 | INFO     | ayumi.openapi_spot_feed | Connected to demo.ctraderapi.com:5035
2026-05-08 20:34:19 | WARNING  | ayumi.openapi_spot_feed | Disconnected: [Failure instance: Traceback (failure with no frames): <class 'twisted.internet.error.ConnectionDone'>: Connection was closed cleanly.
]
2026-05-08 20:34:21 | INFO     | ayumi.openapi_spot_feed | Connected to demo.ctraderapi.com:5035
2026-05-08 20:34:25 | WARNING  | ayumi.openapi_spot_feed | Disconnected: [Failure instance: Traceback (failure with no frames): <class 'twisted.internet.error.ConnectionDone'>: Connection was closed cleanly.
]
2026-05-08 20:34:27 | INFO     | ayumi.openapi_spot_feed | Connected to demo.ctraderapi.com:5035
2026-05-08 20:34:35 | WARNING  | ayumi.openapi_spot_feed | Disconnected: [Failure instance: Traceback (failure with no frames): <class 'twisted.internet.error.ConnectionDone'>: Connection was closed cleanly.
]
2026-05-08 20:34:36 | INFO     | ayumi.openapi_spot_feed | Connected to demo.ctraderapi.com:5035
2026-05-08 20:34:37 | WARNING  | ayumi.openapi_spot_feed | Disconnected: [Failure instance: Traceback (failure with no frames): <class 'twisted.internet.error.ConnectionDone'>: Connection was closed cleanly.
]
2026-05-08 20:34:39 | INFO     | ayumi.openapi_spot_feed | Connected to demo.ctraderapi.com:5035
2026-05-08 20:34:42 | WARNING  | ayumi.forward_test | Connection health check failed: connected=False last_tick_ago=287.2s threshold=900.0s — reconnecting
2026-05-08 20:34:42 | INFO     | ayumi.forward_test | Reconnection attempt 11 (backoff=120.0s)
2026-05-08 20:34:42 | INFO     | ayumi.openapi_spot_feed | Connected to demo.ctraderapi.com:5035
2026-05-08 20:34:45 | WARNING  | ayumi.openapi_spot_feed | Disconnected: [Failure instance: Traceback (failure with no frames): <class 'twisted.internet.error.ConnectionDone'>: Connection was closed cleanly.
]
2026-05-08 20:34:46 | INFO     | ayumi.openapi_spot_feed | Connected to demo.ctraderapi.com:5035
2026-05-08 20:34:49 | WARNING  | ayumi.openapi_spot_feed | Disconnected: [Failure instance: Traceback (failure with no frames): <class 'twisted.internet.error.ConnectionDone'>: Connection was closed cleanly.
]
2026-05-08 20:34:50 | INFO     | ayumi.openapi_spot_feed | Connected to demo.ctraderapi.com:5035
2026-05-08 20:34:51 | WARNING  | ayumi.openapi_spot_feed | Disconnected: [Failure instance: Traceback (failure with no frames): <class 'twisted.internet.error.ConnectionDone'>: Connection was closed cleanly.
]
2026-05-08 20:34:52 | ERROR    | ayumi.openapi_spot_feed | Send-and-wait failed: [Failure instance: Traceback: <class 'twisted.internet.defer.TimeoutError'>: (10, 'Deferred')
/home/TacoPants/projects/Ayumi/.venv/lib/python3.12/site-packages/twisted/internet/defer.py:798:timeItOut
/home/TacoPants/projects/Ayumi/.venv/lib/python3.12/site-packages/twisted/internet/defer.py:957:cancel
/home/TacoPants/projects/Ayumi/.venv/lib/python3.12/site-packages/twisted/internet/defer.py:916:errback
/home/TacoPants/projects/Ayumi/.venv/lib/python3.12/site-packages/twisted/internet/defer.py:984:_startRunCallbacks
--- <exception caught here> ---
/home/TacoPants/projects/Ayumi/.venv/lib/python3.12/site-packages/twisted/internet/defer.py:1078:_runCallbacks
/home/TacoPants/projects/Ayumi/.venv/lib/python3.12/site-packages/twisted/internet/defer.py:809:convertCancelled
/home/TacoPants/projects/Ayumi/.venv/lib/python3.12/site-packages/twisted/internet/defer.py:293:_cancelledToTimedOutError
]
2026-05-08 20:34:52 | ERROR    | ayumi.openapi_spot_feed | Application auth failed
2026-05-08 20:34:52 | WARNING  | ayumi.forward_test | Reconnection failed — next attempt in 120.0s
2026-05-08 20:34:53 | INFO     | ayumi.openapi_spot_feed | Connected to demo.ctraderapi.com:5035
2026-05-08 20:35:07 | WARNING  | ayumi.openapi_spot_feed | Disconnected: [Failure instance: Traceback (failure with no frames): <class 'twisted.internet.error.ConnectionDone'>: Connection was closed cleanly.
]
2026-05-08 20:35:09 | INFO     | ayumi.openapi_spot_feed | Connected to demo.ctraderapi.com:5035
2026-05-08 20:35:09 | WARNING  | ayumi.openapi_spot_feed | Disconnected: [Failure instance: Traceback (failure with no frames): <class 'twisted.internet.error.ConnectionDone'>: Connection was closed cleanly.
]
2026-05-08 20:35:12 | INFO     | ayumi.openapi_spot_feed | Connected to demo.ctraderapi.com:5035
2026-05-08 20:35:12 | WARNING  | ayumi.openapi_spot_feed | Disconnected: [Failure instance: Traceback (failure with no frames): <class 'twisted.internet.error.ConnectionDone'>: Connection was closed cleanly.
]
2026-05-08 20:35:14 | INFO     | ayumi.openapi_spot_feed | Connected to demo.ctraderapi.com:5035
2026-05-08 20:35:17 | WARNING  | ayumi.openapi_spot_feed | Disconnected: [Failure instance: Traceback (failure with no frames): <class 'twisted.internet.error.ConnectionDone'>: Connection was closed cleanly.
]
2026-05-08 20:35:19 | INFO     | ayumi.openapi_spot_feed | Connected to demo.ctraderapi.com:5035
2026-05-08 20:35:20 | WARNING  | ayumi.openapi_spot_feed | Disconnected: [Failure instance: Traceback (failure with no frames): <class 'twisted.internet.error.ConnectionDone'>: Connection was closed cleanly.
]
2026-05-08 20:35:22 | INFO     | ayumi.openapi_spot_feed | Connected to demo.ctraderapi.com:5035
2026-05-08 20:35:23 | WARNING  | ayumi.openapi_spot_feed | Disconnected: [Failure instance: Traceback (failure with no frames): <class 'twisted.internet.error.ConnectionDone'>: Connection was closed cleanly.
]
2026-05-08 20:35:26 | INFO     | ayumi.openapi_spot_feed | Connected to demo.ctraderapi.com:5035
2026-05-08 20:35:39 | WARNING  | ayumi.openapi_spot_feed | Disconnected: [Failure instance: Traceback (failure with no frames): <class 'twisted.internet.error.ConnectionDone'>: Connection was closed cleanly.
]
2026-05-08 20:35:40 | INFO     | ayumi.openapi_spot_feed | Connected to demo.ctraderapi.com:5035
2026-05-08 20:35:42 | WARNING  | ayumi.openapi_spot_feed | Disconnected: [Failure instance: Traceback (failure with no frames): <class 'twisted.internet.error.ConnectionDone'>: Connection was closed cleanly.
]
2026-05-08 20:35:43 | INFO     | ayumi.openapi_spot_feed | Connected to demo.ctraderapi.com:5035
2026-05-08 20:35:44 | WARNING  | ayumi.openapi_spot_feed | Disconnected: [Failure instance: Traceback (failure with no frames): <class 'twisted.internet.error.ConnectionDone'>: Connection was closed cleanly.
]
2026-05-08 20:35:46 | INFO     | ayumi.openapi_spot_feed | Connected to demo.ctraderapi.com:5035
2026-05-08 20:35:49 | WARNING  | ayumi.openapi_spot_feed | Disconnected: [Failure instance: Traceback (failure with no frames): <class 'twisted.internet.error.ConnectionDone'>: Connection was closed cleanly.
]
2026-05-08 20:35:51 | INFO     | ayumi.openapi_spot_feed | Connected to demo.ctraderapi.com:5035
2026-05-08 20:35:52 | WARNING  | ayumi.openapi_spot_feed | Disconnected: [Failure instance: Traceback (failure with no frames): <class 'twisted.internet.error.ConnectionDone'>: Connection was closed cleanly.
]
2026-05-08 20:35:54 | INFO     | ayumi.openapi_spot_feed | Connected to demo.ctraderapi.com:5035
2026-05-08 20:35:56 | WARNING  | ayumi.openapi_spot_feed | Disconnected: [Failure instance: Traceback (failure with no frames): <class 'twisted.internet.error.ConnectionDone'>: Connection was closed cleanly.
]
2026-05-08 20:35:58 | INFO     | ayumi.openapi_spot_feed | Connected to demo.ctraderapi.com:5035
2026-05-08 20:36:10 | WARNING  | ayumi.openapi_spot_feed | Disconnected: [Failure instance: Traceback (failure with no frames): <class 'twisted.internet.error.ConnectionDone'>: Connection was closed cleanly.
]
2026-05-08 20:36:13 | INFO     | ayumi.openapi_spot_feed | Connected to demo.ctraderapi.com:5035
2026-05-08 20:36:14 | WARNING  | ayumi.openapi_spot_feed | Disconnected: [Failure instance: Traceback (failure with no frames): <class 'twisted.internet.error.ConnectionDone'>: Connection was closed cleanly.
]
2026-05-08 20:36:15 | INFO     | ayumi.openapi_spot_feed | Connected to demo.ctraderapi.com:5035
2026-05-08 20:36:16 | WARNING  | ayumi.openapi_spot_feed | Disconnected: [Failure instance: Traceback (failure with no frames): <class 'twisted.internet.error.ConnectionDone'>: Connection was closed cleanly.
]
2026-05-08 20:36:19 | INFO     | ayumi.openapi_spot_feed | Connected to demo.ctraderapi.com:5035
2026-05-08 20:36:21 | WARNING  | ayumi.openapi_spot_feed | Disconnected: [Failure instance: Traceback (failure with no frames): <class 'twisted.internet.error.ConnectionDone'>: Connection was closed cleanly.
]
2026-05-08 20:36:23 | INFO     | ayumi.openapi_spot_feed | Connected to demo.ctraderapi.com:5035
2026-05-08 20:36:24 | WARNING  | ayumi.openapi_spot_feed | Disconnected: [Failure instance: Traceback (failure with no frames): <class 'twisted.internet.error.ConnectionDone'>: Connection was closed cleanly.
]
2026-05-08 20:36:26 | INFO     | ayumi.openapi_spot_feed | Connected to demo.ctraderapi.com:5035
2026-05-08 20:36:28 | WARNING  | ayumi.openapi_spot_feed | Disconnected: [Failure instance: Traceback (failure with no frames): <class 'twisted.internet.error.ConnectionDone'>: Connection was closed cleanly.
]
2026-05-08 20:36:31 | INFO     | ayumi.openapi_spot_feed | Connected to demo.ctraderapi.com:5035
2026-05-08 20:36:42 | WARNING  | ayumi.forward_test | Connection health check failed: connected=False last_tick_ago=407.4s threshold=900.0s — reconnecting
2026-05-08 20:36:42 | INFO     | ayumi.forward_test | Reconnection attempt 12 (backoff=120.0s)
2026-05-08 20:36:42 | INFO     | ayumi.openapi_spot_feed | Connected to demo.ctraderapi.com:5035
2026-05-08 20:36:43 | WARNING  | ayumi.openapi_spot_feed | Disconnected: [Failure instance: Traceback (failure with no frames): <class 'twisted.internet.error.ConnectionDone'>: Connection was closed cleanly.
]
2026-05-08 20:36:45 | WARNING  | ayumi.openapi_spot_feed | Disconnected: [Failure instance: Traceback (failure with no frames): <class 'twisted.internet.error.ConnectionDone'>: Connection was closed cleanly.
]
2026-05-08 20:36:46 | INFO     | ayumi.openapi_spot_feed | Connected to demo.ctraderapi.com:5035
2026-05-08 20:36:47 | INFO     | ayumi.openapi_spot_feed | Connected to demo.ctraderapi.com:5035
2026-05-08 20:36:49 | WARNING  | ayumi.openapi_spot_feed | Disconnected: [Failure instance: Traceback (failure with no frames): <class 'twisted.internet.error.ConnectionDone'>: Connection was closed cleanly.
]
2026-05-08 20:36:51 | INFO     | ayumi.openapi_spot_feed | Connected to demo.ctraderapi.com:5035
2026-05-08 20:36:52 | ERROR    | ayumi.openapi_spot_feed | Send-and-wait failed: [Failure instance: Traceback: <class 'twisted.internet.defer.TimeoutError'>: (10, 'Deferred')
/home/TacoPants/projects/Ayumi/.venv/lib/python3.12/site-packages/twisted/internet/defer.py:798:timeItOut
/home/TacoPants/projects/Ayumi/.venv/lib/python3.12/site-packages/twisted/internet/defer.py:957:cancel
/home/TacoPants/projects/Ayumi/.venv/lib/python3.12/site-packages/twisted/internet/defer.py:916:errback
/home/TacoPants/projects/Ayumi/.venv/lib/python3.12/site-packages/twisted/internet/defer.py:984:_startRunCallbacks
--- <exception caught here> ---
/home/TacoPants/projects/Ayumi/.venv/lib/python3.12/site-packages/twisted/internet/defer.py:1078:_runCallbacks
/home/TacoPants/projects/Ayumi/.venv/lib/python3.12/site-packages/twisted/internet/defer.py:809:convertCancelled
/home/TacoPants/projects/Ayumi/.venv/lib/python3.12/site-packages/twisted/internet/defer.py:293:_cancelledToTimedOutError
]
2026-05-08 20:36:52 | ERROR    | ayumi.openapi_spot_feed | Application auth failed
2026-05-08 20:36:52 | WARNING  | ayumi.forward_test | Reconnection failed — next attempt in 120.0s
2026-05-08 20:36:53 | WARNING  | ayumi.openapi_spot_feed | Disconnected: [Failure instance: Traceback (failure with no frames): <class 'twisted.internet.error.ConnectionDone'>: Connection was closed cleanly.
]
2026-05-08 20:36:55 | INFO     | ayumi.openapi_spot_feed | Connected to demo.ctraderapi.com:5035
2026-05-08 20:37:01 | WARNING  | ayumi.openapi_spot_feed | Disconnected: [Failure instance: Traceback (failure with no frames): <class 'twisted.internet.error.ConnectionDone'>: Connection was closed cleanly.
]
2026-05-08 20:37:03 | INFO     | ayumi.openapi_spot_feed | Connected to demo.ctraderapi.com:5035
2026-05-08 20:37:12 | WARNING  | ayumi.openapi_spot_feed | Disconnected: [Failure instance: Traceback (failure with no frames): <class 'twisted.internet.error.ConnectionDone'>: Connection was closed cleanly.
]
2026-05-08 20:37:14 | INFO     | ayumi.openapi_spot_feed | Connected to demo.ctraderapi.com:5035
2026-05-08 20:37:16 | WARNING  | ayumi.openapi_spot_feed | Disconnected: [Failure instance: Traceback (failure with no frames): <class 'twisted.internet.error.ConnectionDone'>: Connection was closed cleanly.
]
2026-05-08 20:37:17 | WARNING  | ayumi.openapi_spot_feed | Disconnected: [Failure instance: Traceback (failure with no frames): <class 'twisted.internet.error.ConnectionDone'>: Connection was closed cleanly.
]
2026-05-08 20:37:18 | INFO     | ayumi.openapi_spot_feed | Connected to demo.ctraderapi.com:5035
2026-05-08 20:37:19 | INFO     | ayumi.openapi_spot_feed | Connected to demo.ctraderapi.com:5035
2026-05-08 20:37:21 | WARNING  | ayumi.openapi_spot_feed | Disconnected: [Failure instance: Traceback (failure with no frames): <class 'twisted.internet.error.ConnectionDone'>: Connection was closed cleanly.
]
2026-05-08 20:37:23 | INFO     | ayumi.openapi_spot_feed | Connected to demo.ctraderapi.com:5035
2026-05-08 20:37:25 | WARNING  | ayumi.openapi_spot_feed | Disconnected: [Failure instance: Traceback (failure with no frames): <class 'twisted.internet.error.ConnectionDone'>: Connection was closed cleanly.
]
2026-05-08 20:37:27 | INFO     | ayumi.openapi_spot_feed | Connected to demo.ctraderapi.com:5035
2026-05-08 20:37:33 | WARNING  | ayumi.openapi_spot_feed | Disconnected: [Failure instance: Traceback (failure with no frames): <class 'twisted.internet.error.ConnectionDone'>: Connection was closed cleanly.
]
2026-05-08 20:37:36 | INFO     | ayumi.openapi_spot_feed | Connected to demo.ctraderapi.com:5035
2026-05-08 20:37:44 | WARNING  | ayumi.openapi_spot_feed | Disconnected: [Failure instance: Traceback (failure with no frames): <class 'twisted.internet.error.ConnectionDone'>: Connection was closed cleanly.
]
2026-05-08 20:37:47 | INFO     | ayumi.openapi_spot_feed | Connected to demo.ctraderapi.com:5035
2026-05-08 20:37:48 | WARNING  | ayumi.openapi_spot_feed | Disconnected: [Failure instance: Traceback (failure with no frames): <class 'twisted.internet.error.ConnectionDone'>: Connection was closed cleanly.
]
2026-05-08 20:37:49 | WARNING  | ayumi.openapi_spot_feed | Disconnected: [Failure instance: Traceback (failure with no frames): <class 'twisted.internet.error.ConnectionDone'>: Connection was closed cleanly.
]
2026-05-08 20:37:50 | INFO     | ayumi.openapi_spot_feed | Connected to demo.ctraderapi.com:5035
2026-05-08 20:37:52 | INFO     | ayumi.openapi_spot_feed | Connected to demo.ctraderapi.com:5035
2026-05-08 20:37:53 | WARNING  | ayumi.openapi_spot_feed | Disconnected: [Failure instance: Traceback (failure with no frames): <class 'twisted.internet.error.ConnectionDone'>: Connection was closed cleanly.
]
2026-05-08 20:37:55 | INFO     | ayumi.openapi_spot_feed | Connected to demo.ctraderapi.com:5035
2026-05-08 20:37:58 | WARNING  | ayumi.openapi_spot_feed | Disconnected: [Failure instance: Traceback (failure with no frames): <class 'twisted.internet.error.ConnectionDone'>: Connection was closed cleanly.
]
2026-05-08 20:37:59 | INFO     | ayumi.openapi_spot_feed | Connected to demo.ctraderapi.com:5035
2026-05-08 20:38:06 | WARNING  | ayumi.openapi_spot_feed | Disconnected: [Failure instance: Traceback (failure with no frames): <class 'twisted.internet.error.ConnectionDone'>: Connection was closed cleanly.
]
2026-05-08 20:38:09 | INFO     | ayumi.openapi_spot_feed | Connected to demo.ctraderapi.com:5035
2026-05-08 20:38:17 | WARNING  | ayumi.openapi_spot_feed | Disconnected: [Failure instance: Traceback (failure with no frames): <class 'twisted.internet.error.ConnectionDone'>: Connection was closed cleanly.
]
2026-05-08 20:38:19 | INFO     | ayumi.openapi_spot_feed | Connected to demo.ctraderapi.com:5035
2026-05-08 20:38:20 | WARNING  | ayumi.openapi_spot_feed | Disconnected: [Failure instance: Traceback (failure with no frames): <class 'twisted.internet.error.ConnectionDone'>: Connection was closed cleanly.
]
2026-05-08 20:38:22 | WARNING  | ayumi.openapi_spot_feed | Disconnected: [Failure instance: Traceback (failure with no frames): <class 'twisted.internet.error.ConnectionDone'>: Connection was closed cleanly.
]
2026-05-08 20:38:22 | INFO     | ayumi.openapi_spot_feed | Connected to demo.ctraderapi.com:5035
2026-05-08 20:38:24 | INFO     | ayumi.openapi_spot_feed | Connected to demo.ctraderapi.com:5035
2026-05-08 20:38:25 | WARNING  | ayumi.openapi_spot_feed | Disconnected: [Failure instance: Traceback (failure with no frames): <class 'twisted.internet.error.ConnectionDone'>: Connection was closed cleanly.
]
2026-05-08 20:38:28 | INFO     | ayumi.openapi_spot_feed | Connected to demo.ctraderapi.com:5035
2026-05-08 20:38:30 | WARNING  | ayumi.openapi_spot_feed | Disconnected: [Failure instance: Traceback (failure with no frames): <class 'twisted.internet.error.ConnectionDone'>: Connection was closed cleanly.
]
2026-05-08 20:38:32 | INFO     | ayumi.openapi_spot_feed | Connected to demo.ctraderapi.com:5035
2026-05-08 20:38:39 | WARNING  | ayumi.openapi_spot_feed | Disconnected: [Failure instance: Traceback (failure with no frames): <class 'twisted.internet.error.ConnectionDone'>: Connection was closed cleanly.
]
2026-05-08 20:38:41 | INFO     | ayumi.openapi_spot_feed | Connected to demo.ctraderapi.com:5035
2026-05-08 20:38:42 | WARNING  | ayumi.forward_test | Connection health check failed: connected=False last_tick_ago=527.5s threshold=900.0s — reconnecting
2026-05-08 20:38:42 | INFO     | ayumi.forward_test | Reconnection attempt 13 (backoff=120.0s)
2026-05-08 20:38:42 | INFO     | ayumi.openapi_spot_feed | Connected to demo.ctraderapi.com:5035
2026-05-08 20:38:49 | WARNING  | ayumi.openapi_spot_feed | Disconnected: [Failure instance: Traceback (failure with no frames): <class 'twisted.internet.error.ConnectionDone'>: Connection was closed cleanly.
]
2026-05-08 20:38:51 | INFO     | ayumi.openapi_spot_feed | Connected to demo.ctraderapi.com:5035
2026-05-08 20:38:52 | ERROR    | ayumi.openapi_spot_feed | Send-and-wait failed: [Failure instance: Traceback: <class 'twisted.internet.defer.TimeoutError'>: (10, 'Deferred')
/home/TacoPants/projects/Ayumi/.venv/lib/python3.12/site-packages/twisted/internet/defer.py:798:timeItOut
/home/TacoPants/projects/Ayumi/.venv/lib/python3.12/site-packages/twisted/internet/defer.py:957:cancel
/home/TacoPants/projects/Ayumi/.venv/lib/python3.12/site-packages/twisted/internet/defer.py:916:errback
/home/TacoPants/projects/Ayumi/.venv/lib/python3.12/site-packages/twisted/internet/defer.py:984:_startRunCallbacks
--- <exception caught here> ---
/home/TacoPants/projects/Ayumi/.venv/lib/python3.12/site-packages/twisted/internet/defer.py:1078:_runCallbacks
/home/TacoPants/projects/Ayumi/.venv/lib/python3.12/site-packages/twisted/internet/defer.py:809:convertCancelled
/home/TacoPants/projects/Ayumi/.venv/lib/python3.12/site-packages/twisted/internet/defer.py:293:_cancelledToTimedOutError
]
2026-05-08 20:38:52 | ERROR    | ayumi.openapi_spot_feed | Application auth failed
2026-05-08 20:38:52 | WARNING  | ayumi.forward_test | Reconnection failed — next attempt in 120.0s
2026-05-08 20:38:52 | WARNING  | ayumi.openapi_spot_feed | Disconnected: [Failure instance: Traceback (failure with no frames): <class 'twisted.internet.error.ConnectionDone'>: Connection was closed cleanly.
]
2026-05-08 20:38:54 | WARNING  | ayumi.openapi_spot_feed | Disconnected: [Failure instance: Traceback (failure with no frames): <class 'twisted.internet.error.ConnectionDone'>: Connection was closed cleanly.
]
2026-05-08 20:38:55 | INFO     | ayumi.openapi_spot_feed | Connected to demo.ctraderapi.com:5035
2026-05-08 20:38:56 | INFO     | ayumi.openapi_spot_feed | Connected to demo.ctraderapi.com:5035
2026-05-08 20:38:58 | WARNING  | ayumi.openapi_spot_feed | Disconnected: [Failure instance: Traceback (failure with no frames): <class 'twisted.internet.error.ConnectionDone'>: Connection was closed cleanly.
]
2026-05-08 20:39:00 | INFO     | ayumi.openapi_spot_feed | Connected to demo.ctraderapi.com:5035
2026-05-08 20:39:02 | WARNING  | ayumi.openapi_spot_feed | Disconnected: [Failure instance: Traceback (failure with no frames): <class 'twisted.internet.error.ConnectionDone'>: Connection was closed cleanly.
]
2026-05-08 20:39:04 | INFO     | ayumi.openapi_spot_feed | Connected to demo.ctraderapi.com:5035
2026-05-08 20:39:11 | WARNING  | ayumi.openapi_spot_feed | Disconnected: [Failure instance: Traceback (failure with no frames): <class 'twisted.internet.error.ConnectionDone'>: Connection was closed cleanly.
]
2026-05-08 20:39:12 | WARNING  | ayumi.openapi_spot_feed | Disconnected: [Failure instance: Traceback (failure with no frames): <class 'twisted.internet.error.ConnectionDone'>: Connection was closed cleanly.
]
2026-05-08 20:39:12 | INFO     | ayumi.openapi_spot_feed | Connected to demo.ctraderapi.com:5035
2026-05-08 20:39:14 | INFO     | ayumi.openapi_spot_feed | Connected to demo.ctraderapi.com:5035
2026-05-08 20:39:21 | WARNING  | ayumi.openapi_spot_feed | Disconnected: [Failure instance: Traceback (failure with no frames): <class 'twisted.internet.error.ConnectionDone'>: Connection was closed cleanly.
]
2026-05-08 20:39:23 | INFO     | ayumi.openapi_spot_feed | Connected to demo.ctraderapi.com:5035
2026-05-08 20:39:25 | WARNING  | ayumi.openapi_spot_feed | Disconnected: [Failure instance: Traceback (failure with no frames): <class 'twisted.internet.error.ConnectionDone'>: Connection was closed cleanly.
]
2026-05-08 20:39:26 | WARNING  | ayumi.openapi_spot_feed | Disconnected: [Failure instance: Traceback (failure with no frames): <class 'twisted.internet.error.ConnectionDone'>: Connection was closed cleanly.
]
2026-05-08 20:39:27 | INFO     | ayumi.openapi_spot_feed | Connected to demo.ctraderapi.com:5035
2026-05-08 20:39:28 | INFO     | ayumi.openapi_spot_feed | Connected to demo.ctraderapi.com:5035
2026-05-08 20:39:30 | WARNING  | ayumi.openapi_spot_feed | Disconnected: [Failure instance: Traceback (failure with no frames): <class 'twisted.internet.error.ConnectionDone'>: Connection was closed cleanly.
]
2026-05-08 20:39:32 | INFO     | ayumi.openapi_spot_feed | Connected to demo.ctraderapi.com:5035
2026-05-08 20:39:34 | WARNING  | ayumi.openapi_spot_feed | Disconnected: [Failure instance: Traceback (failure with no frames): <class 'twisted.internet.error.ConnectionDone'>: Connection was closed cleanly.
]
2026-05-08 20:39:35 | INFO     | ayumi.openapi_spot_feed | Connected to demo.ctraderapi.com:5035
2026-05-08 20:39:43 | WARNING  | ayumi.openapi_spot_feed | Disconnected: [Failure instance: Traceback (failure with no frames): <class 'twisted.internet.error.ConnectionDone'>: Connection was closed cleanly.
]
2026-05-08 20:39:44 | WARNING  | ayumi.openapi_spot_feed | Disconnected: [Failure instance: Traceback (failure with no frames): <class 'twisted.internet.error.ConnectionDone'>: Connection was closed cleanly.
]
2026-05-08 20:39:45 | INFO     | ayumi.openapi_spot_feed | Connected to demo.ctraderapi.com:5035
2026-05-08 20:39:46 | INFO     | ayumi.openapi_spot_feed | Connected to demo.ctraderapi.com:5035
2026-05-08 20:39:53 | WARNING  | ayumi.openapi_spot_feed | Disconnected: [Failure instance: Traceback (failure with no frames): <class 'twisted.internet.error.ConnectionDone'>: Connection was closed cleanly.
]
2026-05-08 20:39:55 | INFO     | ayumi.openapi_spot_feed | Connected to demo.ctraderapi.com:5035
2026-05-08 20:39:57 | WARNING  | ayumi.openapi_spot_feed | Disconnected: [Failure instance: Traceback (failure with no frames): <class 'twisted.internet.error.ConnectionDone'>: Connection was closed cleanly.
]
2026-05-08 20:39:58 | WARNING  | ayumi.openapi_spot_feed | Disconnected: [Failure instance: Traceback (failure with no frames): <class 'twisted.internet.error.ConnectionDone'>: Connection was closed cleanly.
]
2026-05-08 20:39:59 | INFO     | ayumi.openapi_spot_feed | Connected to demo.ctraderapi.com:5035
2026-05-08 20:40:00 | INFO     | ayumi.openapi_spot_feed | Connected to demo.ctraderapi.com:5035
2026-05-08 20:40:02 | WARNING  | ayumi.openapi_spot_feed | Disconnected: [Failure instance: Traceback (failure with no frames): <class 'twisted.internet.error.ConnectionDone'>: Connection was closed cleanly.
]
2026-05-08 20:40:03 | INFO     | ayumi.openapi_spot_feed | Connected to demo.ctraderapi.com:5035
2026-05-08 20:40:06 | WARNING  | ayumi.openapi_spot_feed | Disconnected: [Failure instance: Traceback (failure with no frames): <class 'twisted.internet.error.ConnectionDone'>: Connection was closed cleanly.
]
2026-05-08 20:40:08 | INFO     | ayumi.openapi_spot_feed | Connected to demo.ctraderapi.com:5035
2026-05-08 20:40:15 | WARNING  | ayumi.openapi_spot_feed | Disconnected: [Failure instance: Traceback (failure with no frames): <class 'twisted.internet.error.ConnectionDone'>: Connection was closed cleanly.
]
2026-05-08 20:40:16 | WARNING  | ayumi.openapi_spot_feed | Disconnected: [Failure instance: Traceback (failure with no frames): <class 'twisted.internet.error.ConnectionDone'>: Connection was closed cleanly.
]
2026-05-08 20:40:16 | INFO     | ayumi.openapi_spot_feed | Connected to demo.ctraderapi.com:5035
2026-05-08 20:40:18 | INFO     | ayumi.openapi_spot_feed | Connected to demo.ctraderapi.com:5035
2026-05-08 20:40:25 | WARNING  | ayumi.openapi_spot_feed | Disconnected: [Failure instance: Traceback (failure with no frames): <class 'twisted.internet.error.ConnectionDone'>: Connection was closed cleanly.
]
2026-05-08 20:40:27 | INFO     | ayumi.openapi_spot_feed | Connected to demo.ctraderapi.com:5035
2026-05-08 20:40:29 | WARNING  | ayumi.openapi_spot_feed | Disconnected: [Failure instance: Traceback (failure with no frames): <class 'twisted.internet.error.ConnectionDone'>: Connection was closed cleanly.
]
2026-05-08 20:40:30 | WARNING  | ayumi.openapi_spot_feed | Disconnected: [Failure instance: Traceback (failure with no frames): <class 'twisted.internet.error.ConnectionDone'>: Connection was closed cleanly.
]
2026-05-08 20:40:31 | INFO     | ayumi.openapi_spot_feed | Connected to demo.ctraderapi.com:5035
2026-05-08 20:40:33 | INFO     | ayumi.openapi_spot_feed | Connected to demo.ctraderapi.com:5035
2026-05-08 20:40:33 | WARNING  | ayumi.openapi_spot_feed | Disconnected: [Failure instance: Traceback (failure with no frames): <class 'twisted.internet.error.ConnectionDone'>: Connection was closed cleanly.
]
2026-05-08 20:40:35 | INFO     | ayumi.openapi_spot_feed | Connected to demo.ctraderapi.com:5035
2026-05-08 20:40:38 | WARNING  | ayumi.openapi_spot_feed | Disconnected: [Failure instance: Traceback (failure with no frames): <class 'twisted.internet.error.ConnectionDone'>: Connection was closed cleanly.
]
2026-05-08 20:40:39 | INFO     | ayumi.openapi_spot_feed | Connected to demo.ctraderapi.com:5035
2026-05-08 20:40:42 | WARNING  | ayumi.forward_test | Connection health check failed: connected=False last_tick_ago=647.6s threshold=900.0s — reconnecting
2026-05-08 20:40:42 | INFO     | ayumi.forward_test | Reconnection attempt 14 (backoff=120.0s)
2026-05-08 20:40:42 | INFO     | ayumi.openapi_spot_feed | Connected to demo.ctraderapi.com:5035
2026-05-08 20:40:47 | WARNING  | ayumi.openapi_spot_feed | Disconnected: [Failure instance: Traceback (failure with no frames): <class 'twisted.internet.error.ConnectionDone'>: Connection was closed cleanly.
]
2026-05-08 20:40:49 | WARNING  | ayumi.openapi_spot_feed | Disconnected: [Failure instance: Traceback (failure with no frames): <class 'twisted.internet.error.ConnectionDone'>: Connection was closed cleanly.
]
2026-05-08 20:40:49 | INFO     | ayumi.openapi_spot_feed | Connected to demo.ctraderapi.com:5035
2026-05-08 20:40:51 | INFO     | ayumi.openapi_spot_feed | Connected to demo.ctraderapi.com:5035
2026-05-08 20:40:52 | ERROR    | ayumi.openapi_spot_feed | Send-and-wait failed: [Failure instance: Traceback: <class 'twisted.internet.defer.TimeoutError'>: (10, 'Deferred')
/home/TacoPants/projects/Ayumi/.venv/lib/python3.12/site-packages/twisted/internet/defer.py:798:timeItOut
/home/TacoPants/projects/Ayumi/.venv/lib/python3.12/site-packages/twisted/internet/defer.py:957:cancel
/home/TacoPants/projects/Ayumi/.venv/lib/python3.12/site-packages/twisted/internet/defer.py:916:errback
/home/TacoPants/projects/Ayumi/.venv/lib/python3.12/site-packages/twisted/internet/defer.py:984:_startRunCallbacks
--- <exception caught here> ---
/home/TacoPants/projects/Ayumi/.venv/lib/python3.12/site-packages/twisted/internet/defer.py:1078:_runCallbacks
/home/TacoPants/projects/Ayumi/.venv/lib/python3.12/site-packages/twisted/internet/defer.py:809:convertCancelled
/home/TacoPants/projects/Ayumi/.venv/lib/python3.12/site-packages/twisted/internet/defer.py:293:_cancelledToTimedOutError
]
2026-05-08 20:40:52 | ERROR    | ayumi.openapi_spot_feed | Application auth failed
2026-05-08 20:40:52 | WARNING  | ayumi.forward_test | Reconnection failed — next attempt in 120.0s
2026-05-08 20:40:58 | WARNING  | ayumi.openapi_spot_feed | Disconnected: [Failure instance: Traceback (failure with no frames): <class 'twisted.internet.error.ConnectionDone'>: Connection was closed cleanly.
]
2026-05-08 20:41:00 | INFO     | ayumi.openapi_spot_feed | Connected to demo.ctraderapi.com:5035
2026-05-08 20:41:01 | WARNING  | ayumi.openapi_spot_feed | Disconnected: [Failure instance: Traceback (failure with no frames): <class 'twisted.internet.error.ConnectionDone'>: Connection was closed cleanly.
]
2026-05-08 20:41:03 | WARNING  | ayumi.openapi_spot_feed | Disconnected: [Failure instance: Traceback (failure with no frames): <class 'twisted.internet.error.ConnectionDone'>: Connection was closed cleanly.
]
2026-05-08 20:41:03 | INFO     | ayumi.openapi_spot_feed | Connected to demo.ctraderapi.com:5035
2026-05-08 20:41:05 | INFO     | ayumi.openapi_spot_feed | Connected to demo.ctraderapi.com:5035
2026-05-08 20:41:05 | WARNING  | ayumi.openapi_spot_feed | Disconnected: [Failure instance: Traceback (failure with no frames): <class 'twisted.internet.error.ConnectionDone'>: Connection was closed cleanly.
]
2026-05-08 20:41:07 | INFO     | ayumi.openapi_spot_feed | Connected to demo.ctraderapi.com:5035
2026-05-08 20:41:10 | WARNING  | ayumi.openapi_spot_feed | Disconnected: [Failure instance: Traceback (failure with no frames): <class 'twisted.internet.error.ConnectionDone'>: Connection was closed cleanly.
]
2026-05-08 20:41:12 | WARNING  | ayumi.openapi_spot_feed | Disconnected: [Failure instance: Traceback (failure with no frames): <class 'twisted.internet.error.ConnectionDone'>: Connection was closed cleanly.
]
2026-05-08 20:41:12 | INFO     | ayumi.openapi_spot_feed | Connected to demo.ctraderapi.com:5035
2026-05-08 20:41:14 | INFO     | ayumi.openapi_spot_feed | Connected to demo.ctraderapi.com:5035
2026-05-08 20:41:19 | WARNING  | ayumi.openapi_spot_feed | Disconnected: [Failure instance: Traceback (failure with no frames): <class 'twisted.internet.error.ConnectionDone'>: Connection was closed cleanly.
]
2026-05-08 20:41:21 | INFO     | ayumi.openapi_spot_feed | Connected to demo.ctraderapi.com:5035
2026-05-08 20:41:21 | WARNING  | ayumi.openapi_spot_feed | Disconnected: [Failure instance: Traceback (failure with no frames): <class 'twisted.internet.error.ConnectionDone'>: Connection was closed cleanly.
]
2026-05-08 20:41:23 | INFO     | ayumi.openapi_spot_feed | Connected to demo.ctraderapi.com:5035
2026-05-08 20:41:30 | WARNING  | ayumi.openapi_spot_feed | Disconnected: [Failure instance: Traceback (failure with no frames): <class 'twisted.internet.error.ConnectionDone'>: Connection was closed cleanly.
]
2026-05-08 20:41:32 | INFO     | ayumi.openapi_spot_feed | Connected to demo.ctraderapi.com:5035
2026-05-08 20:41:33 | WARNING  | ayumi.openapi_spot_feed | Disconnected: [Failure instance: Traceback (failure with no frames): <class 'twisted.internet.error.ConnectionDone'>: Connection was closed cleanly.
]
2026-05-08 20:41:35 | WARNING  | ayumi.openapi_spot_feed | Disconnected: [Failure instance: Traceback (failure with no frames): <class 'twisted.internet.error.ConnectionDone'>: Connection was closed cleanly.
]
2026-05-08 20:41:35 | INFO     | ayumi.openapi_spot_feed | Connected to demo.ctraderapi.com:5035
2026-05-08 20:41:37 | INFO     | ayumi.openapi_spot_feed | Connected to demo.ctraderapi.com:5035
2026-05-08 20:41:38 | WARNING  | ayumi.openapi_spot_feed | Disconnected: [Failure instance: Traceback (failure with no frames): <class 'twisted.internet.error.ConnectionDone'>: Connection was closed cleanly.
]
2026-05-08 20:41:40 | INFO     | ayumi.openapi_spot_feed | Connected to demo.ctraderapi.com:5035
2026-05-08 20:41:42 | WARNING  | ayumi.openapi_spot_feed | Disconnected: [Failure instance: Traceback (failure with no frames): <class 'twisted.internet.error.ConnectionDone'>: Connection was closed cleanly.
]
2026-05-08 20:41:44 | INFO     | ayumi.openapi_spot_feed | Connected to demo.ctraderapi.com:5035
2026-05-08 20:41:44 | WARNING  | ayumi.openapi_spot_feed | Disconnected: [Failure instance: Traceback (failure with no frames): <class 'twisted.internet.error.ConnectionDone'>: Connection was closed cleanly.
]
2026-05-08 20:41:46 | INFO     | ayumi.openapi_spot_feed | Connected to demo.ctraderapi.com:5035
2026-05-08 20:41:51 | WARNING  | ayumi.openapi_spot_feed | Disconnected: [Failure instance: Traceback (failure with no frames): <class 'twisted.internet.error.ConnectionDone'>: Connection was closed cleanly.
]
2026-05-08 20:41:53 | WARNING  | ayumi.openapi_spot_feed | Disconnected: [Failure instance: Traceback (failure with no frames): <class 'twisted.internet.error.ConnectionDone'>: Connection was closed cleanly.
]
2026-05-08 20:41:54 | INFO     | ayumi.openapi_spot_feed | Connected to demo.ctraderapi.com:5035
2026-05-08 20:41:55 | INFO     | ayumi.openapi_spot_feed | Connected to demo.ctraderapi.com:5035
2026-05-08 20:42:02 | WARNING  | ayumi.openapi_spot_feed | Disconnected: [Failure instance: Traceback (failure with no frames): <class 'twisted.internet.error.ConnectionDone'>: Connection was closed cleanly.
]
2026-05-08 20:42:04 | INFO     | ayumi.openapi_spot_feed | Connected to demo.ctraderapi.com:5035
2026-05-08 20:42:06 | WARNING  | ayumi.openapi_spot_feed | Disconnected: [Failure instance: Traceback (failure with no frames): <class 'twisted.internet.error.ConnectionDone'>: Connection was closed cleanly.
]
2026-05-08 20:42:07 | WARNING  | ayumi.openapi_spot_feed | Disconnected: [Failure instance: Traceback (failure with no frames): <class 'twisted.internet.error.ConnectionDone'>: Connection was closed cleanly.
]
2026-05-08 20:42:07 | INFO     | ayumi.openapi_spot_feed | Connected to demo.ctraderapi.com:5035
2026-05-08 20:42:09 | INFO     | ayumi.openapi_spot_feed | Connected to demo.ctraderapi.com:5035
2026-05-08 20:42:10 | WARNING  | ayumi.openapi_spot_feed | Disconnected: [Failure instance: Traceback (failure with no frames): <class 'twisted.internet.error.ConnectionDone'>: Connection was closed cleanly.
]
2026-05-08 20:42:12 | INFO     | ayumi.openapi_spot_feed | Connected to demo.ctraderapi.com:5035
2026-05-08 20:42:14 | WARNING  | ayumi.openapi_spot_feed | Disconnected: [Failure instance: Traceback (failure with no frames): <class 'twisted.internet.error.ConnectionDone'>: Connection was closed cleanly.
]
2026-05-08 20:42:16 | INFO     | ayumi.openapi_spot_feed | Connected to demo.ctraderapi.com:5035
2026-05-08 20:42:16 | WARNING  | ayumi.openapi_spot_feed | Disconnected: [Failure instance: Traceback (failure with no frames): <class 'twisted.internet.error.ConnectionDone'>: Connection was closed cleanly.
]
2026-05-08 20:42:18 | INFO     | ayumi.openapi_spot_feed | Connected to demo.ctraderapi.com:5035
2026-05-08 20:42:24 | WARNING  | ayumi.openapi_spot_feed | Disconnected: [Failure instance: Traceback (failure with no frames): <class 'twisted.internet.error.ConnectionDone'>: Connection was closed cleanly.
]
2026-05-08 20:42:25 | WARNING  | ayumi.openapi_spot_feed | Disconnected: [Failure instance: Traceback (failure with no frames): <class 'twisted.internet.error.ConnectionDone'>: Connection was closed cleanly.
]
2026-05-08 20:42:26 | INFO     | ayumi.openapi_spot_feed | Connected to demo.ctraderapi.com:5035
2026-05-08 20:42:27 | INFO     | ayumi.openapi_spot_feed | Connected to demo.ctraderapi.com:5035
2026-05-08 20:42:34 | WARNING  | ayumi.openapi_spot_feed | Disconnected: [Failure instance: Traceback (failure with no frames): <class 'twisted.internet.error.ConnectionDone'>: Connection was closed cleanly.
]
2026-05-08 20:42:36 | INFO     | ayumi.openapi_spot_feed | Connected to demo.ctraderapi.com:5035
2026-05-08 20:42:37 | WARNING  | ayumi.openapi_spot_feed | Disconnected: [Failure instance: Traceback (failure with no frames): <class 'twisted.internet.error.ConnectionDone'>: Connection was closed cleanly.
]
2026-05-08 20:42:39 | WARNING  | ayumi.openapi_spot_feed | Disconnected: [Failure instance: Traceback (failure with no frames): <class 'twisted.internet.error.ConnectionDone'>: Connection was closed cleanly.
]
2026-05-08 20:42:39 | INFO     | ayumi.openapi_spot_feed | Connected to demo.ctraderapi.com:5035
2026-05-08 20:42:41 | INFO     | ayumi.openapi_spot_feed | Connected to demo.ctraderapi.com:5035
2026-05-08 20:42:42 | WARNING  | ayumi.openapi_spot_feed | Disconnected: [Failure instance: Traceback (failure with no frames): <class 'twisted.internet.error.ConnectionDone'>: Connection was closed cleanly.
]
2026-05-08 20:42:42 | WARNING  | ayumi.forward_test | Connection health check failed: connected=False last_tick_ago=767.8s threshold=900.0s — reconnecting
2026-05-08 20:42:42 | INFO     | ayumi.forward_test | Reconnection attempt 15 (backoff=120.0s)
2026-05-08 20:42:42 | INFO     | ayumi.openapi_spot_feed | Connected to demo.ctraderapi.com:5035
2026-05-08 20:42:43 | INFO     | ayumi.openapi_spot_feed | Connected to demo.ctraderapi.com:5035
2026-05-08 20:42:46 | WARNING  | ayumi.openapi_spot_feed | Disconnected: [Failure instance: Traceback (failure with no frames): <class 'twisted.internet.error.ConnectionDone'>: Connection was closed cleanly.
]
2026-05-08 20:42:48 | INFO     | ayumi.openapi_spot_feed | Connected to demo.ctraderapi.com:5035
2026-05-08 20:42:49 | WARNING  | ayumi.openapi_spot_feed | Disconnected: [Failure instance: Traceback (failure with no frames): <class 'twisted.internet.error.ConnectionDone'>: Connection was closed cleanly.
]
2026-05-08 20:42:51 | INFO     | ayumi.openapi_spot_feed | Connected to demo.ctraderapi.com:5035
2026-05-08 20:42:52 | ERROR    | ayumi.openapi_spot_feed | Send-and-wait failed: [Failure instance: Traceback: <class 'twisted.internet.defer.TimeoutError'>: (10, 'Deferred')
/home/TacoPants/projects/Ayumi/.venv/lib/python3.12/site-packages/twisted/internet/defer.py:798:timeItOut
/home/TacoPants/projects/Ayumi/.venv/lib/python3.12/site-packages/twisted/internet/defer.py:957:cancel
/home/TacoPants/projects/Ayumi/.venv/lib/python3.12/site-packages/twisted/internet/defer.py:916:errback
/home/TacoPants/projects/Ayumi/.venv/lib/python3.12/site-packages/twisted/internet/defer.py:984:_startRunCallbacks
--- <exception caught here> ---
/home/TacoPants/projects/Ayumi/.venv/lib/python3.12/site-packages/twisted/internet/defer.py:1078:_runCallbacks
/home/TacoPants/projects/Ayumi/.venv/lib/python3.12/site-packages/twisted/internet/defer.py:809:convertCancelled
/home/TacoPants/projects/Ayumi/.venv/lib/python3.12/site-packages/twisted/internet/defer.py:293:_cancelledToTimedOutError
]
2026-05-08 20:42:52 | ERROR    | ayumi.openapi_spot_feed | Application auth failed
2026-05-08 20:42:52 | WARNING  | ayumi.forward_test | Reconnection failed — next attempt in 120.0s
2026-05-08 20:42:56 | WARNING  | ayumi.openapi_spot_feed | Disconnected: [Failure instance: Traceback (failure with no frames): <class 'twisted.internet.error.ConnectionDone'>: Connection was closed cleanly.
]
2026-05-08 20:42:57 | WARNING  | ayumi.openapi_spot_feed | Disconnected: [Failure instance: Traceback (failure with no frames): <class 'twisted.internet.error.ConnectionDone'>: Connection was closed cleanly.
]
2026-05-08 20:42:58 | INFO     | ayumi.openapi_spot_feed | Connected to demo.ctraderapi.com:5035
2026-05-08 20:43:00 | INFO     | ayumi.openapi_spot_feed | Connected to demo.ctraderapi.com:5035
2026-05-08 20:43:06 | WARNING  | ayumi.openapi_spot_feed | Disconnected: [Failure instance: Traceback (failure with no frames): <class 'twisted.internet.error.ConnectionDone'>: Connection was closed cleanly.
]
2026-05-08 20:43:08 | INFO     | ayumi.openapi_spot_feed | Connected to demo.ctraderapi.com:5035
2026-05-08 20:43:09 | WARNING  | ayumi.openapi_spot_feed | Disconnected: [Failure instance: Traceback (failure with no frames): <class 'twisted.internet.error.ConnectionDone'>: Connection was closed cleanly.
]
2026-05-08 20:43:11 | WARNING  | ayumi.openapi_spot_feed | Disconnected: [Failure instance: Traceback (failure with no frames): <class 'twisted.internet.error.ConnectionDone'>: Connection was closed cleanly.
]
2026-05-08 20:43:12 | INFO     | ayumi.openapi_spot_feed | Connected to demo.ctraderapi.com:5035
2026-05-08 20:43:12 | WARNING  | ayumi.openapi_spot_feed | Disconnected: [Failure instance: Traceback (failure with no frames): <class 'twisted.internet.error.ConnectionDone'>: Connection was closed cleanly.
]
2026-05-08 20:43:13 | INFO     | ayumi.openapi_spot_feed | Connected to demo.ctraderapi.com:5035
2026-05-08 20:43:13 | WARNING  | ayumi.openapi_spot_feed | Disconnected: [Failure instance: Traceback (failure with no frames): <class 'twisted.internet.error.ConnectionDone'>: Connection was closed cleanly.
]
2026-05-08 20:43:14 | INFO     | ayumi.openapi_spot_feed | Connected to demo.ctraderapi.com:5035
2026-05-08 20:43:15 | INFO     | ayumi.openapi_spot_feed | Connected to demo.ctraderapi.com:5035
2026-05-08 20:43:18 | WARNING  | ayumi.openapi_spot_feed | Disconnected: [Failure instance: Traceback (failure with no frames): <class 'twisted.internet.error.ConnectionDone'>: Connection was closed cleanly.
]
2026-05-08 20:43:21 | INFO     | ayumi.openapi_spot_feed | Connected to demo.ctraderapi.com:5035
2026-05-08 20:43:21 | WARNING  | ayumi.openapi_spot_feed | Disconnected: [Failure instance: Traceback (failure with no frames): <class 'twisted.internet.error.ConnectionDone'>: Connection was closed cleanly.
]
2026-05-08 20:43:23 | INFO     | ayumi.openapi_spot_feed | Connected to demo.ctraderapi.com:5035
2026-05-08 20:43:28 | WARNING  | ayumi.openapi_spot_feed | Disconnected: [Failure instance: Traceback (failure with no frames): <class 'twisted.internet.error.ConnectionDone'>: Connection was closed cleanly.
]
2026-05-08 20:43:30 | WARNING  | ayumi.openapi_spot_feed | Disconnected: [Failure instance: Traceback (failure with no frames): <class 'twisted.internet.error.ConnectionDone'>: Connection was closed cleanly.
]
2026-05-08 20:43:31 | INFO     | ayumi.openapi_spot_feed | Connected to demo.ctraderapi.com:5035
2026-05-08 20:43:32 | INFO     | ayumi.openapi_spot_feed | Connected to demo.ctraderapi.com:5035
2026-05-08 20:43:38 | WARNING  | ayumi.openapi_spot_feed | Disconnected: [Failure instance: Traceback (failure with no frames): <class 'twisted.internet.error.ConnectionDone'>: Connection was closed cleanly.
]
2026-05-08 20:43:40 | INFO     | ayumi.openapi_spot_feed | Connected to demo.ctraderapi.com:5035
2026-05-08 20:43:42 | WARNING  | ayumi.openapi_spot_feed | Disconnected: [Failure instance: Traceback (failure with no frames): <class 'twisted.internet.error.ConnectionDone'>: Connection was closed cleanly.
]
2026-05-08 20:43:43 | WARNING  | ayumi.openapi_spot_feed | Disconnected: [Failure instance: Traceback (failure with no frames): <class 'twisted.internet.error.ConnectionDone'>: Connection was closed cleanly.
]
2026-05-08 20:43:44 | INFO     | ayumi.openapi_spot_feed | Connected to demo.ctraderapi.com:5035
2026-05-08 20:43:44 | WARNING  | ayumi.openapi_spot_feed | Disconnected: [Failure instance: Traceback (failure with no frames): <class 'twisted.internet.error.ConnectionDone'>: Connection was closed cleanly.
]
2026-05-08 20:43:45 | INFO     | ayumi.openapi_spot_feed | Connected to demo.ctraderapi.com:5035
2026-05-08 20:43:45 | WARNING  | ayumi.openapi_spot_feed | Disconnected: [Failure instance: Traceback (failure with no frames): <class 'twisted.internet.error.ConnectionDone'>: Connection was closed cleanly.
]
2026-05-08 20:43:46 | INFO     | ayumi.openapi_spot_feed | Connected to demo.ctraderapi.com:5035
2026-05-08 20:43:47 | INFO     | ayumi.openapi_spot_feed | Connected to demo.ctraderapi.com:5035
2026-05-08 20:43:51 | WARNING  | ayumi.openapi_spot_feed | Disconnected: [Failure instance: Traceback (failure with no frames): <class 'twisted.internet.error.ConnectionDone'>: Connection was closed cleanly.
]
2026-05-08 20:43:53 | INFO     | ayumi.openapi_spot_feed | Connected to demo.ctraderapi.com:5035
2026-05-08 20:43:53 | WARNING  | ayumi.openapi_spot_feed | Disconnected: [Failure instance: Traceback (failure with no frames): <class 'twisted.internet.error.ConnectionDone'>: Connection was closed cleanly.
]
2026-05-08 20:43:55 | INFO     | ayumi.openapi_spot_feed | Connected to demo.ctraderapi.com:5035
2026-05-08 20:44:01 | WARNING  | ayumi.openapi_spot_feed | Disconnected: [Failure instance: Traceback (failure with no frames): <class 'twisted.internet.error.ConnectionDone'>: Connection was closed cleanly.
]
2026-05-08 20:44:02 | WARNING  | ayumi.openapi_spot_feed | Disconnected: [Failure instance: Traceback (failure with no frames): <class 'twisted.internet.error.ConnectionDone'>: Connection was closed cleanly.
]
2026-05-08 20:44:03 | INFO     | ayumi.openapi_spot_feed | Connected to demo.ctraderapi.com:5035
2026-05-08 20:44:04 | INFO     | ayumi.openapi_spot_feed | Connected to demo.ctraderapi.com:5035
2026-05-08 20:44:10 | WARNING  | ayumi.openapi_spot_feed | Disconnected: [Failure instance: Traceback (failure with no frames): <class 'twisted.internet.error.ConnectionDone'>: Connection was closed cleanly.
]
2026-05-08 20:44:12 | INFO     | ayumi.openapi_spot_feed | Connected to demo.ctraderapi.com:5035
2026-05-08 20:44:14 | WARNING  | ayumi.openapi_spot_feed | Disconnected: [Failure instance: Traceback (failure with no frames): <class 'twisted.internet.error.ConnectionDone'>: Connection was closed cleanly.
]
2026-05-08 20:44:15 | WARNING  | ayumi.openapi_spot_feed | Disconnected: [Failure instance: Traceback (failure with no frames): <class 'twisted.internet.error.ConnectionDone'>: Connection was closed cleanly.
]
2026-05-08 20:44:16 | WARNING  | ayumi.openapi_spot_feed | Disconnected: [Failure instance: Traceback (failure with no frames): <class 'twisted.internet.error.ConnectionDone'>: Connection was closed cleanly.
]
2026-05-08 20:44:17 | INFO     | ayumi.openapi_spot_feed | Connected to demo.ctraderapi.com:5035
2026-05-08 20:44:17 | WARNING  | ayumi.openapi_spot_feed | Disconnected: [Failure instance: Traceback (failure with no frames): <class 'twisted.internet.error.ConnectionDone'>: Connection was closed cleanly.
]
2026-05-08 20:44:17 | INFO     | ayumi.openapi_spot_feed | Connected to demo.ctraderapi.com:5035
2026-05-08 20:44:19 | INFO     | ayumi.openapi_spot_feed | Connected to demo.ctraderapi.com:5035
2026-05-08 20:44:19 | INFO     | ayumi.openapi_spot_feed | Connected to demo.ctraderapi.com:5035
2026-05-08 20:44:23 | WARNING  | ayumi.openapi_spot_feed | Disconnected: [Failure instance: Traceback (failure with no frames): <class 'twisted.internet.error.ConnectionDone'>: Connection was closed cleanly.
]
2026-05-08 20:44:25 | INFO     | ayumi.openapi_spot_feed | Connected to demo.ctraderapi.com:5035
2026-05-08 20:44:26 | WARNING  | ayumi.openapi_spot_feed | Disconnected: [Failure instance: Traceback (failure with no frames): <class 'twisted.internet.error.ConnectionDone'>: Connection was closed cleanly.
]
2026-05-08 20:44:28 | INFO     | ayumi.openapi_spot_feed | Connected to demo.ctraderapi.com:5035
2026-05-08 20:44:33 | WARNING  | ayumi.openapi_spot_feed | Disconnected: [Failure instance: Traceback (failure with no frames): <class 'twisted.internet.error.ConnectionDone'>: Connection was closed cleanly.
]
2026-05-08 20:44:34 | WARNING  | ayumi.openapi_spot_feed | Disconnected: [Failure instance: Traceback (failure with no frames): <class 'twisted.internet.error.ConnectionDone'>: Connection was closed cleanly.
]
2026-05-08 20:44:35 | INFO     | ayumi.openapi_spot_feed | Connected to demo.ctraderapi.com:5035
2026-05-08 20:44:36 | INFO     | ayumi.openapi_spot_feed | Connected to demo.ctraderapi.com:5035
2026-05-08 20:44:42 | WARNING  | ayumi.forward_test | Connection health check failed: connected=False last_tick_ago=887.8s threshold=900.0s — reconnecting
2026-05-08 20:44:42 | INFO     | ayumi.forward_test | Reconnection attempt 16 (backoff=120.0s)
2026-05-08 20:44:42 | INFO     | ayumi.openapi_spot_feed | Connected to demo.ctraderapi.com:5035
2026-05-08 20:44:43 | WARNING  | ayumi.openapi_spot_feed | Disconnected: [Failure instance: Traceback (failure with no frames): <class 'twisted.internet.error.ConnectionDone'>: Connection was closed cleanly.
]
2026-05-08 20:44:45 | INFO     | ayumi.openapi_spot_feed | Connected to demo.ctraderapi.com:5035
2026-05-08 20:44:47 | WARNING  | ayumi.openapi_spot_feed | Disconnected: [Failure instance: Traceback (failure with no frames): <class 'twisted.internet.error.ConnectionDone'>: Connection was closed cleanly.
]
2026-05-08 20:44:49 | WARNING  | ayumi.openapi_spot_feed | Disconnected: [Failure instance: Traceback (failure with no frames): <class 'twisted.internet.error.ConnectionDone'>: Connection was closed cleanly.
]
2026-05-08 20:44:49 | WARNING  | ayumi.openapi_spot_feed | Disconnected: [Failure instance: Traceback (failure with no frames): <class 'twisted.internet.error.ConnectionDone'>: Connection was closed cleanly.
]
2026-05-08 20:44:49 | INFO     | ayumi.openapi_spot_feed | Connected to demo.ctraderapi.com:5035
2026-05-08 20:44:51 | INFO     | ayumi.openapi_spot_feed | Connected to demo.ctraderapi.com:5035
2026-05-08 20:44:51 | INFO     | ayumi.openapi_spot_feed | Connected to demo.ctraderapi.com:5035
2026-05-08 20:44:52 | ERROR    | ayumi.openapi_spot_feed | Send-and-wait failed: [Failure instance: Traceback: <class 'twisted.internet.defer.TimeoutError'>: (10, 'Deferred')
/home/TacoPants/projects/Ayumi/.venv/lib/python3.12/site-packages/twisted/internet/defer.py:798:timeItOut
/home/TacoPants/projects/Ayumi/.venv/lib/python3.12/site-packages/twisted/internet/defer.py:957:cancel
/home/TacoPants/projects/Ayumi/.venv/lib/python3.12/site-packages/twisted/internet/defer.py:916:errback
/home/TacoPants/projects/Ayumi/.venv/lib/python3.12/site-packages/twisted/internet/defer.py:984:_startRunCallbacks
--- <exception caught here> ---
/home/TacoPants/projects/Ayumi/.venv/lib/python3.12/site-packages/twisted/internet/defer.py:1078:_runCallbacks
/home/TacoPants/projects/Ayumi/.venv/lib/python3.12/site-packages/twisted/internet/defer.py:809:convertCancelled
/home/TacoPants/projects/Ayumi/.venv/lib/python3.12/site-packages/twisted/internet/defer.py:293:_cancelledToTimedOutError
]
2026-05-08 20:44:52 | ERROR    | ayumi.openapi_spot_feed | Application auth failed
2026-05-08 20:44:52 | WARNING  | ayumi.forward_test | Reconnection failed — next attempt in 120.0s
2026-05-08 20:44:55 | WARNING  | ayumi.openapi_spot_feed | Disconnected: [Failure instance: Traceback (failure with no frames): <class 'twisted.internet.error.ConnectionDone'>: Connection was closed cleanly.
]
2026-05-08 20:44:57 | INFO     | ayumi.openapi_spot_feed | Connected to demo.ctraderapi.com:5035
2026-05-08 20:44:58 | WARNING  | ayumi.openapi_spot_feed | Disconnected: [Failure instance: Traceback (failure with no frames): <class 'twisted.internet.error.ConnectionDone'>: Connection was closed cleanly.
]
2026-05-08 20:45:00 | INFO     | ayumi.openapi_spot_feed | Connected to demo.ctraderapi.com:5035
2026-05-08 20:45:05 | WARNING  | ayumi.openapi_spot_feed | Disconnected: [Failure instance: Traceback (failure with no frames): <class 'twisted.internet.error.ConnectionDone'>: Connection was closed cleanly.
]
2026-05-08 20:45:06 | WARNING  | ayumi.openapi_spot_feed | Disconnected: [Failure instance: Traceback (failure with no frames): <class 'twisted.internet.error.ConnectionDone'>: Connection was closed cleanly.
]
2026-05-08 20:45:08 | INFO     | ayumi.openapi_spot_feed | Connected to demo.ctraderapi.com:5035
2026-05-08 20:45:08 | INFO     | ayumi.openapi_spot_feed | Connected to demo.ctraderapi.com:5035
2026-05-08 20:45:12 | WARNING  | ayumi.openapi_spot_feed | Disconnected: [Failure instance: Traceback (failure with no frames): <class 'twisted.internet.error.ConnectionDone'>: Connection was closed cleanly.
]
2026-05-08 20:45:14 | INFO     | ayumi.openapi_spot_feed | Connected to demo.ctraderapi.com:5035
2026-05-08 20:45:15 | WARNING  | ayumi.openapi_spot_feed | Disconnected: [Failure instance: Traceback (failure with no frames): <class 'twisted.internet.error.ConnectionDone'>: Connection was closed cleanly.
]
2026-05-08 20:45:17 | INFO     | ayumi.openapi_spot_feed | Connected to demo.ctraderapi.com:5035
2026-05-08 20:45:19 | WARNING  | ayumi.openapi_spot_feed | Disconnected: [Failure instance: Traceback (failure with no frames): <class 'twisted.internet.error.ConnectionDone'>: Connection was closed cleanly.
]
2026-05-08 20:45:21 | WARNING  | ayumi.openapi_spot_feed | Disconnected: [Failure instance: Traceback (failure with no frames): <class 'twisted.internet.error.ConnectionDone'>: Connection was closed cleanly.
]
2026-05-08 20:45:21 | INFO     | ayumi.openapi_spot_feed | Connected to demo.ctraderapi.com:5035
2026-05-08 20:45:21 | WARNING  | ayumi.openapi_spot_feed | Disconnected: [Failure instance: Traceback (failure with no frames): <class 'twisted.internet.error.ConnectionDone'>: Connection was closed cleanly.
]
2026-05-08 20:45:23 | INFO     | ayumi.openapi_spot_feed | Connected to demo.ctraderapi.com:5035
2026-05-08 20:45:24 | INFO     | ayumi.openapi_spot_feed | Connected to demo.ctraderapi.com:5035
2026-05-08 20:45:27 | WARNING  | ayumi.openapi_spot_feed | Disconnected: [Failure instance: Traceback (failure with no frames): <class 'twisted.internet.error.ConnectionDone'>: Connection was closed cleanly.
]
2026-05-08 20:45:29 | INFO     | ayumi.openapi_spot_feed | Connected to demo.ctraderapi.com:5035
2026-05-08 20:45:30 | WARNING  | ayumi.openapi_spot_feed | Disconnected: [Failure instance: Traceback (failure with no frames): <class 'twisted.internet.error.ConnectionDone'>: Connection was closed cleanly.
]
2026-05-08 20:45:32 | INFO     | ayumi.openapi_spot_feed | Connected to demo.ctraderapi.com:5035
2026-05-08 20:45:38 | WARNING  | ayumi.openapi_spot_feed | Disconnected: [Failure instance: Traceback (failure with no frames): <class 'twisted.internet.error.ConnectionDone'>: Connection was closed cleanly.
]
2026-05-08 20:45:38 | WARNING  | ayumi.openapi_spot_feed | Disconnected: [Failure instance: Traceback (failure with no frames): <class 'twisted.internet.error.ConnectionDone'>: Connection was closed cleanly.
]
2026-05-08 20:45:39 | INFO     | ayumi.openapi_spot_feed | Connected to demo.ctraderapi.com:5035
2026-05-08 20:45:40 | INFO     | ayumi.openapi_spot_feed | Connected to demo.ctraderapi.com:5035
2026-05-08 20:45:44 | WARNING  | ayumi.openapi_spot_feed | Disconnected: [Failure instance: Traceback (failure with no frames): <class 'twisted.internet.error.ConnectionDone'>: Connection was closed cleanly.
]
2026-05-08 20:45:47 | INFO     | ayumi.openapi_spot_feed | Connected to demo.ctraderapi.com:5035
2026-05-08 20:45:48 | WARNING  | ayumi.openapi_spot_feed | Disconnected: [Failure instance: Traceback (failure with no frames): <class 'twisted.internet.error.ConnectionDone'>: Connection was closed cleanly.
]
2026-05-08 20:45:50 | INFO     | ayumi.openapi_spot_feed | Connected to demo.ctraderapi.com:5035
2026-05-08 20:45:51 | WARNING  | ayumi.openapi_spot_feed | Disconnected: [Failure instance: Traceback (failure with no frames): <class 'twisted.internet.error.ConnectionDone'>: Connection was closed cleanly.
]
2026-05-08 20:45:53 | WARNING  | ayumi.openapi_spot_feed | Disconnected: [Failure instance: Traceback (failure with no frames): <class 'twisted.internet.error.ConnectionDone'>: Connection was closed cleanly.
]
2026-05-08 20:45:53 | INFO     | ayumi.openapi_spot_feed | Connected to demo.ctraderapi.com:5035
2026-05-08 20:45:54 | WARNING  | ayumi.openapi_spot_feed | Disconnected: [Failure instance: Traceback (failure with no frames): <class 'twisted.internet.error.ConnectionDone'>: Connection was closed cleanly.
]
2026-05-08 20:45:56 | INFO     | ayumi.openapi_spot_feed | Connected to demo.ctraderapi.com:5035
2026-05-08 20:45:56 | INFO     | ayumi.openapi_spot_feed | Connected to demo.ctraderapi.com:5035
2026-05-08 20:45:59 | WARNING  | ayumi.openapi_spot_feed | Disconnected: [Failure instance: Traceback (failure with no frames): <class 'twisted.internet.error.ConnectionDone'>: Connection was closed cleanly.
]
2026-05-08 20:46:02 | INFO     | ayumi.openapi_spot_feed | Connected to demo.ctraderapi.com:5035
2026-05-08 20:46:02 | WARNING  | ayumi.openapi_spot_feed | Disconnected: [Failure instance: Traceback (failure with no frames): <class 'twisted.internet.error.ConnectionDone'>: Connection was closed cleanly.
]
2026-05-08 20:46:04 | INFO     | ayumi.openapi_spot_feed | Connected to demo.ctraderapi.com:5035
2026-05-08 20:46:10 | WARNING  | ayumi.openapi_spot_feed | Disconnected: [Failure instance: Traceback (failure with no frames): <class 'twisted.internet.error.ConnectionDone'>: Connection was closed cleanly.
]
2026-05-08 20:46:10 | WARNING  | ayumi.openapi_spot_feed | Disconnected: [Failure instance: Traceback (failure with no frames): <class 'twisted.internet.error.ConnectionDone'>: Connection was closed cleanly.
]
2026-05-08 20:46:11 | INFO     | ayumi.openapi_spot_feed | Connected to demo.ctraderapi.com:5035
2026-05-08 20:46:12 | INFO     | ayumi.openapi_spot_feed | Connected to demo.ctraderapi.com:5035
2026-05-08 20:46:17 | WARNING  | ayumi.openapi_spot_feed | Disconnected: [Failure instance: Traceback (failure with no frames): <class 'twisted.internet.error.ConnectionDone'>: Connection was closed cleanly.
]
2026-05-08 20:46:18 | INFO     | ayumi.openapi_spot_feed | Connected to demo.ctraderapi.com:5035
2026-05-08 20:46:20 | WARNING  | ayumi.openapi_spot_feed | Disconnected: [Failure instance: Traceback (failure with no frames): <class 'twisted.internet.error.ConnectionDone'>: Connection was closed cleanly.
]
2026-05-08 20:46:22 | INFO     | ayumi.openapi_spot_feed | Connected to demo.ctraderapi.com:5035
2026-05-08 20:46:23 | WARNING  | ayumi.openapi_spot_feed | Disconnected: [Failure instance: Traceback (failure with no frames): <class 'twisted.internet.error.ConnectionDone'>: Connection was closed cleanly.
]
2026-05-08 20:46:26 | INFO     | ayumi.openapi_spot_feed | Connected to demo.ctraderapi.com:5035
2026-05-08 20:46:26 | WARNING  | ayumi.openapi_spot_feed | Disconnected: [Failure instance: Traceback (failure with no frames): <class 'twisted.internet.error.ConnectionDone'>: Connection was closed cleanly.
]
2026-05-08 20:46:26 | WARNING  | ayumi.openapi_spot_feed | Disconnected: [Failure instance: Traceback (failure with no frames): <class 'twisted.internet.error.ConnectionDone'>: Connection was closed cleanly.
]
2026-05-08 20:46:28 | INFO     | ayumi.openapi_spot_feed | Connected to demo.ctraderapi.com:5035
2026-05-08 20:46:28 | INFO     | ayumi.openapi_spot_feed | Connected to demo.ctraderapi.com:5035
2026-05-08 20:46:32 | WARNING  | ayumi.openapi_spot_feed | Disconnected: [Failure instance: Traceback (failure with no frames): <class 'twisted.internet.error.ConnectionDone'>: Connection was closed cleanly.
]
2026-05-08 20:46:34 | INFO     | ayumi.openapi_spot_feed | Connected to demo.ctraderapi.com:5035
2026-05-08 20:46:35 | WARNING  | ayumi.openapi_spot_feed | Disconnected: [Failure instance: Traceback (failure with no frames): <class 'twisted.internet.error.ConnectionDone'>: Connection was closed cleanly.
]
2026-05-08 20:46:36 | INFO     | ayumi.openapi_spot_feed | Connected to demo.ctraderapi.com:5035
2026-05-08 20:46:41 | WARNING  | ayumi.openapi_spot_feed | Disconnected: [Failure instance: Traceback (failure with no frames): <class 'twisted.internet.error.ConnectionDone'>: Connection was closed cleanly.
]
2026-05-08 20:46:42 | WARNING  | ayumi.forward_test | Connection health check failed: connected=False last_tick_ago=1008.0s threshold=900.0s — reconnecting
2026-05-08 20:46:42 | INFO     | ayumi.forward_test | Reconnection attempt 17 (backoff=120.0s)
2026-05-08 20:46:42 | INFO     | ayumi.openapi_spot_feed | Connected to demo.ctraderapi.com:5035
2026-05-08 20:46:42 | WARNING  | ayumi.openapi_spot_feed | Disconnected: [Failure instance: Traceback (failure with no frames): <class 'twisted.internet.error.ConnectionDone'>: Connection was closed cleanly.
]
2026-05-08 20:46:44 | INFO     | ayumi.openapi_spot_feed | Connected to demo.ctraderapi.com:5035
2026-05-08 20:46:45 | INFO     | ayumi.openapi_spot_feed | Connected to demo.ctraderapi.com:5035
2026-05-08 20:46:49 | WARNING  | ayumi.openapi_spot_feed | Disconnected: [Failure instance: Traceback (failure with no frames): <class 'twisted.internet.error.ConnectionDone'>: Connection was closed cleanly.
]
2026-05-08 20:46:51 | INFO     | ayumi.openapi_spot_feed | Connected to demo.ctraderapi.com:5035
2026-05-08 20:46:52 | WARNING  | ayumi.openapi_spot_feed | Disconnected: [Failure instance: Traceback (failure with no frames): <class 'twisted.internet.error.ConnectionDone'>: Connection was closed cleanly.
]
2026-05-08 20:46:52 | ERROR    | ayumi.openapi_spot_feed | Send-and-wait failed: [Failure instance: Traceback: <class 'twisted.internet.defer.TimeoutError'>: (10, 'Deferred')
/home/TacoPants/projects/Ayumi/.venv/lib/python3.12/site-packages/twisted/internet/defer.py:798:timeItOut
/home/TacoPants/projects/Ayumi/.venv/lib/python3.12/site-packages/twisted/internet/defer.py:957:cancel
/home/TacoPants/projects/Ayumi/.venv/lib/python3.12/site-packages/twisted/internet/defer.py:916:errback
/home/TacoPants/projects/Ayumi/.venv/lib/python3.12/site-packages/twisted/internet/defer.py:984:_startRunCallbacks
--- <exception caught here> ---
/home/TacoPants/projects/Ayumi/.venv/lib/python3.12/site-packages/twisted/internet/defer.py:1078:_runCallbacks
/home/TacoPants/projects/Ayumi/.venv/lib/python3.12/site-packages/twisted/internet/defer.py:809:convertCancelled
/home/TacoPants/projects/Ayumi/.venv/lib/python3.12/site-packages/twisted/internet/defer.py:293:_cancelledToTimedOutError
]
2026-05-08 20:46:52 | ERROR    | ayumi.openapi_spot_feed | Application auth failed
2026-05-08 20:46:52 | WARNING  | ayumi.forward_test | Reconnection failed — next attempt in 120.0s
2026-05-08 20:46:55 | INFO     | ayumi.openapi_spot_feed | Connected to demo.ctraderapi.com:5035
2026-05-08 20:46:56 | WARNING  | ayumi.openapi_spot_feed | Disconnected: [Failure instance: Traceback (failure with no frames): <class 'twisted.internet.error.ConnectionDone'>: Connection was closed cleanly.
]
2026-05-08 20:46:57 | INFO     | ayumi.openapi_spot_feed | Connected to demo.ctraderapi.com:5035
2026-05-08 20:46:58 | WARNING  | ayumi.openapi_spot_feed | Disconnected: [Failure instance: Traceback (failure with no frames): <class 'twisted.internet.error.ConnectionDone'>: Connection was closed cleanly.
]
2026-05-08 20:46:58 | WARNING  | ayumi.openapi_spot_feed | Disconnected: [Failure instance: Traceback (failure with no frames): <class 'twisted.internet.error.ConnectionDone'>: Connection was closed cleanly.
]
2026-05-08 20:47:00 | INFO     | ayumi.openapi_spot_feed | Connected to demo.ctraderapi.com:5035
2026-05-08 20:47:01 | INFO     | ayumi.openapi_spot_feed | Connected to demo.ctraderapi.com:5035
2026-05-08 20:47:04 | WARNING  | ayumi.openapi_spot_feed | Disconnected: [Failure instance: Traceback (failure with no frames): <class 'twisted.internet.error.ConnectionDone'>: Connection was closed cleanly.
]
2026-05-08 20:47:06 | INFO     | ayumi.openapi_spot_feed | Connected to demo.ctraderapi.com:5035
2026-05-08 20:47:06 | WARNING  | ayumi.openapi_spot_feed | Disconnected: [Failure instance: Traceback (failure with no frames): <class 'twisted.internet.error.ConnectionDone'>: Connection was closed cleanly.
]
2026-05-08 20:47:09 | INFO     | ayumi.openapi_spot_feed | Connected to demo.ctraderapi.com:5035
2026-05-08 20:47:13 | WARNING  | ayumi.openapi_spot_feed | Disconnected: [Failure instance: Traceback (failure with no frames): <class 'twisted.internet.error.ConnectionDone'>: Connection was closed cleanly.
]
2026-05-08 20:47:14 | WARNING  | ayumi.openapi_spot_feed | Disconnected: [Failure instance: Traceback (failure with no frames): <class 'twisted.internet.error.ConnectionDone'>: Connection was closed cleanly.
]
2026-05-08 20:47:15 | INFO     | ayumi.openapi_spot_feed | Connected to demo.ctraderapi.com:5035
2026-05-08 20:47:15 | WARNING  | ayumi.openapi_spot_feed | Disconnected: [Failure instance: Traceback (failure with no frames): <class 'twisted.internet.error.ConnectionDone'>: Connection was closed cleanly.
]
2026-05-08 20:47:16 | INFO     | ayumi.openapi_spot_feed | Connected to demo.ctraderapi.com:5035
2026-05-08 20:47:17 | INFO     | ayumi.openapi_spot_feed | Connected to demo.ctraderapi.com:5035
2026-05-08 20:47:21 | WARNING  | ayumi.openapi_spot_feed | Disconnected: [Failure instance: Traceback (failure with no frames): <class 'twisted.internet.error.ConnectionDone'>: Connection was closed cleanly.
]
2026-05-08 20:47:23 | INFO     | ayumi.openapi_spot_feed | Connected to demo.ctraderapi.com:5035
2026-05-08 20:47:25 | WARNING  | ayumi.openapi_spot_feed | Disconnected: [Failure instance: Traceback (failure with no frames): <class 'twisted.internet.error.ConnectionDone'>: Connection was closed cleanly.
]
2026-05-08 20:47:27 | INFO     | ayumi.openapi_spot_feed | Connected to demo.ctraderapi.com:5035
2026-05-08 20:47:28 | WARNING  | ayumi.openapi_spot_feed | Disconnected: [Failure instance: Traceback (failure with no frames): <class 'twisted.internet.error.ConnectionDone'>: Connection was closed cleanly.
]
2026-05-08 20:47:30 | WARNING  | ayumi.openapi_spot_feed | Disconnected: [Failure instance: Traceback (failure with no frames): <class 'twisted.internet.error.ConnectionDone'>: Connection was closed cleanly.
]
2026-05-08 20:47:30 | INFO     | ayumi.openapi_spot_feed | Connected to demo.ctraderapi.com:5035
2026-05-08 20:47:31 | WARNING  | ayumi.openapi_spot_feed | Disconnected: [Failure instance: Traceback (failure with no frames): <class 'twisted.internet.error.ConnectionDone'>: Connection was closed cleanly.
]
2026-05-08 20:47:32 | INFO     | ayumi.openapi_spot_feed | Connected to demo.ctraderapi.com:5035
2026-05-08 20:47:33 | INFO     | ayumi.openapi_spot_feed | Connected to demo.ctraderapi.com:5035
2026-05-08 20:47:36 | WARNING  | ayumi.openapi_spot_feed | Disconnected: [Failure instance: Traceback (failure with no frames): <class 'twisted.internet.error.ConnectionDone'>: Connection was closed cleanly.
]
2026-05-08 20:47:38 | INFO     | ayumi.openapi_spot_feed | Connected to demo.ctraderapi.com:5035
2026-05-08 20:47:39 | WARNING  | ayumi.openapi_spot_feed | Disconnected: [Failure instance: Traceback (failure with no frames): <class 'twisted.internet.error.ConnectionDone'>: Connection was closed cleanly.
]
2026-05-08 20:47:41 | INFO     | ayumi.openapi_spot_feed | Connected to demo.ctraderapi.com:5035
2026-05-08 20:47:45 | WARNING  | ayumi.openapi_spot_feed | Disconnected: [Failure instance: Traceback (failure with no frames): <class 'twisted.internet.error.ConnectionDone'>: Connection was closed cleanly.
]
2026-05-08 20:47:46 | WARNING  | ayumi.openapi_spot_feed | Disconnected: [Failure instance: Traceback (failure with no frames): <class 'twisted.internet.error.ConnectionDone'>: Connection was closed cleanly.
]
2026-05-08 20:47:47 | INFO     | ayumi.openapi_spot_feed | Connected to demo.ctraderapi.com:5035
2026-05-08 20:47:47 | WARNING  | ayumi.openapi_spot_feed | Disconnected: [Failure instance: Traceback (failure with no frames): <class 'twisted.internet.error.ConnectionDone'>: Connection was closed cleanly.
]
2026-05-08 20:47:48 | INFO     | ayumi.openapi_spot_feed | Connected to demo.ctraderapi.com:5035
2026-05-08 20:47:49 | INFO     | ayumi.openapi_spot_feed | Connected to demo.ctraderapi.com:5035
2026-05-08 20:47:53 | WARNING  | ayumi.openapi_spot_feed | Disconnected: [Failure instance: Traceback (failure with no frames): <class 'twisted.internet.error.ConnectionDone'>: Connection was closed cleanly.
]
2026-05-08 20:47:55 | INFO     | ayumi.openapi_spot_feed | Connected to demo.ctraderapi.com:5035
2026-05-08 20:47:57 | WARNING  | ayumi.openapi_spot_feed | Disconnected: [Failure instance: Traceback (failure with no frames): <class 'twisted.internet.error.ConnectionDone'>: Connection was closed cleanly.
]
2026-05-08 20:47:59 | INFO     | ayumi.openapi_spot_feed | Connected to demo.ctraderapi.com:5035
2026-05-08 20:48:00 | WARNING  | ayumi.openapi_spot_feed | Disconnected: [Failure instance: Traceback (failure with no frames): <class 'twisted.internet.error.ConnectionDone'>: Connection was closed cleanly.
]
2026-05-08 20:48:02 | WARNING  | ayumi.openapi_spot_feed | Disconnected: [Failure instance: Traceback (failure with no frames): <class 'twisted.internet.error.ConnectionDone'>: Connection was closed cleanly.
]
2026-05-08 20:48:02 | INFO     | ayumi.openapi_spot_feed | Connected to demo.ctraderapi.com:5035
2026-05-08 20:48:03 | WARNING  | ayumi.openapi_spot_feed | Disconnected: [Failure instance: Traceback (failure with no frames): <class 'twisted.internet.error.ConnectionDone'>: Connection was closed cleanly.
]
2026-05-08 20:48:05 | INFO     | ayumi.openapi_spot_feed | Connected to demo.ctraderapi.com:5035
2026-05-08 20:48:06 | INFO     | ayumi.openapi_spot_feed | Connected to demo.ctraderapi.com:5035
2026-05-08 20:48:08 | WARNING  | ayumi.openapi_spot_feed | Disconnected: [Failure instance: Traceback (failure with no frames): <class 'twisted.internet.error.ConnectionDone'>: Connection was closed cleanly.
]
2026-05-08 20:48:10 | INFO     | ayumi.openapi_spot_feed | Connected to demo.ctraderapi.com:5035
2026-05-08 20:48:11 | WARNING  | ayumi.openapi_spot_feed | Disconnected: [Failure instance: Traceback (failure with no frames): <class 'twisted.internet.error.ConnectionDone'>: Connection was closed cleanly.
]
2026-05-08 20:48:13 | INFO     | ayumi.openapi_spot_feed | Connected to demo.ctraderapi.com:5035
2026-05-08 20:48:17 | WARNING  | ayumi.openapi_spot_feed | Disconnected: [Failure instance: Traceback (failure with no frames): <class 'twisted.internet.error.ConnectionDone'>: Connection was closed cleanly.
]
2026-05-08 20:48:18 | WARNING  | ayumi.openapi_spot_feed | Disconnected: [Failure instance: Traceback (failure with no frames): <class 'twisted.internet.error.ConnectionDone'>: Connection was closed cleanly.
]
2026-05-08 20:48:19 | INFO     | ayumi.openapi_spot_feed | Connected to demo.ctraderapi.com:5035
2026-05-08 20:48:19 | WARNING  | ayumi.openapi_spot_feed | Disconnected: [Failure instance: Traceback (failure with no frames): <class 'twisted.internet.error.ConnectionDone'>: Connection was closed cleanly.
]
2026-05-08 20:48:19 | INFO     | ayumi.openapi_spot_feed | Connected to demo.ctraderapi.com:5035
2026-05-08 20:48:21 | INFO     | ayumi.openapi_spot_feed | Connected to demo.ctraderapi.com:5035
2026-05-08 20:48:25 | WARNING  | ayumi.openapi_spot_feed | Disconnected: [Failure instance: Traceback (failure with no frames): <class 'twisted.internet.error.ConnectionDone'>: Connection was closed cleanly.
]
2026-05-08 20:48:28 | INFO     | ayumi.openapi_spot_feed | Connected to demo.ctraderapi.com:5035
2026-05-08 20:48:29 | WARNING  | ayumi.openapi_spot_feed | Disconnected: [Failure instance: Traceback (failure with no frames): <class 'twisted.internet.error.ConnectionDone'>: Connection was closed cleanly.
]
2026-05-08 20:48:29 | INFO     | ayumi.forward_test | Shutdown signal received (sig=15)
2026-05-08 20:48:29 | INFO     | ayumi.forward_test | Forward test stopped: balance=10000.00 trades=0 pnl=0.00 errors=0 reconnects=17
2026-05-08 20:48:30 | INFO     | ayumi.openapi_spot_feed | Connected to demo.ctraderapi.com:5035
2026-05-08 20:48:32 | WARNING  | ayumi.openapi_spot_feed | Disconnected: [Failure instance: Traceback (failure with no frames): <class 'twisted.internet.error.ConnectionDone'>: Connection was closed cleanly.
]
2026-05-08 20:48:34 | INFO     | ayumi.openapi_spot_feed | Connected to demo.ctraderapi.com:5035
2026-05-08 20:48:35 | WARNING  | ayumi.openapi_spot_feed | Disconnected: [Failure instance: Traceback (failure with no frames): <class 'twisted.internet.error.ConnectionDone'>: Connection was closed cleanly.
]
