2026-05-12 03:25:55 | WARNING  | ayumi.risk | No state file at /tmp/pytest-of-root/pytest-551/test_start_restores_no_state0/risk_state.json — starting fresh
2026-05-12 03:25:55 | WARNING  | ayumi.risk | No state file at /tmp/pytest-of-root/pytest-551/test_signal_processing0/risk_state.json — starting fresh
2026-05-12 03:25:55 | WARNING  | ayumi.risk | No state file at /tmp/pytest-of-root/pytest-551/test_multiple_signals_in_seque0/risk_state.json — starting fresh
2026-05-12 03:25:55 | WARNING  | ayumi.risk | No state file at /tmp/pytest-of-root/pytest-551/test_fill_handling_updates_bal0/risk_state.json — starting fresh
2026-05-12 03:25:55 | WARNING  | ayumi.risk | No state file at /tmp/pytest-of-root/pytest-551/test_state_save_on_stop0/risk_state.json — starting fresh
2026-05-12 03:25:55 | WARNING  | ayumi.risk | No state file at /tmp/pytest-of-root/pytest-551/test_state_restore_on_start0/risk_state.json — starting fresh
2026-05-12 03:25:57 | WARNING  | ayumi.forward_test | Reconnection failed — next attempt in 0.0s
2026-05-12 03:25:57 | WARNING  | ayumi.forward_test | Reconnection failed — next attempt in 0.0s
2026-05-12 03:25:57 | WARNING  | ayumi.forward_test | Reconnection failed — next attempt in 0.0s
2026-05-12 03:25:57 | WARNING  | ayumi.forward_test | Reconnection failed — next attempt in 0.0s
2026-05-12 03:25:57 | WARNING  | ayumi.forward_test | Reconnection failed — next attempt in 0.0s
2026-05-12 03:25:57 | WARNING  | ayumi.forward_test | Reconnection failed — next attempt in 0.0s
2026-05-12 03:25:57 | WARNING  | ayumi.forward_test | Reconnection failed — next attempt in 0.0s
2026-05-12 03:25:57 | WARNING  | ayumi.forward_test | Reconnection failed — next attempt in 0.0s
2026-05-12 03:25:57 | WARNING  | ayumi.forward_test | Reconnection failed — next attempt in 0.0s
2026-05-12 03:25:57 | CRITICAL | ayumi.forward_test | Reconnect circuit-breaker tripped: 10 consecutive attempts with no ticks (max=10). Stopping engine gracefully.
2026-05-12 03:25:57 | WARNING  | ayumi.forward_test | Reconnection failed — next attempt in 0.0s
2026-05-12 03:25:57 | WARNING  | ayumi.forward_test | Reconnection failed — next attempt in 0.0s
2026-05-12 03:25:57 | WARNING  | ayumi.forward_test | Reconnection failed — next attempt in 0.0s
2026-05-12 03:25:57 | WARNING  | ayumi.forward_test | Reconnection failed — next attempt in 0.0s
2026-05-12 03:25:57 | WARNING  | ayumi.forward_test | Reconnection failed — next attempt in 0.0s
2026-05-12 03:25:57 | WARNING  | ayumi.forward_test | Reconnection failed — next attempt in 0.0s
2026-05-12 03:25:57 | WARNING  | ayumi.forward_test | Reconnection failed — next attempt in 0.0s
2026-05-12 03:25:57 | CRITICAL | ayumi.forward_test | Reconnect circuit-breaker tripped: 3 consecutive attempts with no ticks (max=3). Stopping engine gracefully.
2026-05-12 03:25:57 | WARNING  | ayumi.forward_test | Connection health check failed: connected=False last_tick_ago=infs threshold=900.0s — reconnecting
2026-05-12 03:25:57 | WARNING  | ayumi.forward_test | Reconnection failed — next attempt in 0.0s
2026-05-12 03:25:57 | WARNING  | ayumi.forward_test | Connection health check failed: connected=False last_tick_ago=infs threshold=30.0s — reconnecting
2026-05-12 03:25:57 | WARNING  | ayumi.forward_test | Reconnection failed — next attempt in 0.0s
2026-05-12 03:25:57 | WARNING  | ayumi.forward_test | Connection health check failed: connected=False last_tick_ago=infs threshold=30.0s — reconnecting
2026-05-12 03:25:57 | WARNING  | ayumi.forward_test | Reconnection failed — next attempt in 0.0s
2026-05-12 03:30:10 | WARNING  | ayumi.risk | No state file at /tmp/pytest-of-root/pytest-552/test_start_restores_no_state0/risk_state.json — starting fresh
2026-05-12 03:30:10 | WARNING  | ayumi.risk | No state file at /tmp/pytest-of-root/pytest-552/test_signal_processing0/risk_state.json — starting fresh
2026-05-12 03:30:10 | WARNING  | ayumi.risk | No state file at /tmp/pytest-of-root/pytest-552/test_multiple_signals_in_seque0/risk_state.json — starting fresh
2026-05-12 03:30:10 | WARNING  | ayumi.risk | No state file at /tmp/pytest-of-root/pytest-552/test_fill_handling_updates_bal0/risk_state.json — starting fresh
2026-05-12 03:30:10 | WARNING  | ayumi.risk | No state file at /tmp/pytest-of-root/pytest-552/test_state_save_on_stop0/risk_state.json — starting fresh
2026-05-12 03:30:10 | WARNING  | ayumi.risk | No state file at /tmp/pytest-of-root/pytest-552/test_state_restore_on_start0/risk_state.json — starting fresh
2026-05-12 03:30:12 | WARNING  | ayumi.forward_test | Reconnection failed — next attempt in 0.0s
2026-05-12 03:30:12 | WARNING  | ayumi.forward_test | Reconnection failed — next attempt in 0.0s
2026-05-12 03:30:12 | WARNING  | ayumi.forward_test | Reconnection failed — next attempt in 0.0s
2026-05-12 03:30:12 | WARNING  | ayumi.forward_test | Reconnection failed — next attempt in 0.0s
2026-05-12 03:30:12 | WARNING  | ayumi.forward_test | Reconnection failed — next attempt in 0.0s
2026-05-12 03:30:12 | WARNING  | ayumi.forward_test | Reconnection failed — next attempt in 0.0s
2026-05-12 03:30:12 | WARNING  | ayumi.forward_test | Reconnection failed — next attempt in 0.0s
2026-05-12 03:30:12 | WARNING  | ayumi.forward_test | Reconnection failed — next attempt in 0.0s
2026-05-12 03:30:12 | WARNING  | ayumi.forward_test | Reconnection failed — next attempt in 0.0s
2026-05-12 03:30:12 | CRITICAL | ayumi.forward_test | Reconnect circuit-breaker tripped: 10 consecutive attempts with no ticks (max=10). Stopping engine gracefully.
2026-05-12 03:30:12 | WARNING  | ayumi.forward_test | Reconnection failed — next attempt in 0.0s
2026-05-12 03:30:12 | WARNING  | ayumi.forward_test | Reconnection failed — next attempt in 0.0s
2026-05-12 03:30:12 | WARNING  | ayumi.forward_test | Reconnection failed — next attempt in 0.0s
2026-05-12 03:30:12 | WARNING  | ayumi.forward_test | Reconnection failed — next attempt in 0.0s
2026-05-12 03:30:12 | WARNING  | ayumi.forward_test | Reconnection failed — next attempt in 0.0s
2026-05-12 03:30:12 | WARNING  | ayumi.forward_test | Reconnection failed — next attempt in 0.0s
2026-05-12 03:30:12 | WARNING  | ayumi.forward_test | Reconnection failed — next attempt in 0.0s
2026-05-12 03:30:12 | CRITICAL | ayumi.forward_test | Reconnect circuit-breaker tripped: 3 consecutive attempts with no ticks (max=3). Stopping engine gracefully.
2026-05-12 03:30:12 | WARNING  | ayumi.forward_test | Connection health check failed: connected=False last_tick_ago=infs threshold=900.0s — reconnecting
2026-05-12 03:30:12 | WARNING  | ayumi.forward_test | Reconnection failed — next attempt in 0.0s
2026-05-12 03:30:12 | WARNING  | ayumi.forward_test | Connection health check failed: connected=False last_tick_ago=infs threshold=30.0s — reconnecting
2026-05-12 03:30:12 | WARNING  | ayumi.forward_test | Reconnection failed — next attempt in 0.0s
2026-05-12 03:30:12 | WARNING  | ayumi.forward_test | Connection health check failed: connected=False last_tick_ago=infs threshold=30.0s — reconnecting
2026-05-12 03:30:12 | WARNING  | ayumi.forward_test | Reconnection failed — next attempt in 0.0s
2026-05-12 03:43:36 | WARNING  | ayumi.risk | No state file at /tmp/pytest-of-root/pytest-553/test_start_restores_no_state0/risk_state.json — starting fresh
2026-05-12 03:43:36 | WARNING  | ayumi.risk | No state file at /tmp/pytest-of-root/pytest-553/test_signal_processing0/risk_state.json — starting fresh
2026-05-12 03:43:36 | WARNING  | ayumi.risk | No state file at /tmp/pytest-of-root/pytest-553/test_multiple_signals_in_seque0/risk_state.json — starting fresh
2026-05-12 03:43:36 | WARNING  | ayumi.risk | No state file at /tmp/pytest-of-root/pytest-553/test_fill_handling_updates_bal0/risk_state.json — starting fresh
2026-05-12 03:43:36 | WARNING  | ayumi.risk | No state file at /tmp/pytest-of-root/pytest-553/test_state_save_on_stop0/risk_state.json — starting fresh
2026-05-12 03:43:36 | WARNING  | ayumi.risk | No state file at /tmp/pytest-of-root/pytest-553/test_state_restore_on_start0/risk_state.json — starting fresh
2026-05-12 03:43:38 | WARNING  | ayumi.forward_test | Reconnection failed — next attempt in 0.0s
2026-05-12 03:43:38 | WARNING  | ayumi.forward_test | Reconnection failed — next attempt in 0.0s
2026-05-12 03:43:38 | WARNING  | ayumi.forward_test | Reconnection failed — next attempt in 0.0s
2026-05-12 03:43:38 | WARNING  | ayumi.forward_test | Reconnection failed — next attempt in 0.0s
2026-05-12 03:43:38 | WARNING  | ayumi.forward_test | Reconnection failed — next attempt in 0.0s
2026-05-12 03:43:38 | WARNING  | ayumi.forward_test | Reconnection failed — next attempt in 0.0s
2026-05-12 03:43:38 | WARNING  | ayumi.forward_test | Reconnection failed — next attempt in 0.0s
2026-05-12 03:43:38 | WARNING  | ayumi.forward_test | Reconnection failed — next attempt in 0.0s
2026-05-12 03:43:38 | WARNING  | ayumi.forward_test | Reconnection failed — next attempt in 0.0s
2026-05-12 03:43:38 | CRITICAL | ayumi.forward_test | Reconnect circuit-breaker tripped: 10 consecutive attempts with no ticks (max=10). Stopping engine gracefully.
2026-05-12 03:43:38 | WARNING  | ayumi.forward_test | Reconnection failed — next attempt in 0.0s
2026-05-12 03:43:38 | WARNING  | ayumi.forward_test | Reconnection failed — next attempt in 0.0s
2026-05-12 03:43:38 | WARNING  | ayumi.forward_test | Reconnection failed — next attempt in 0.0s
2026-05-12 03:43:38 | WARNING  | ayumi.forward_test | Reconnection failed — next attempt in 0.0s
2026-05-12 03:43:38 | WARNING  | ayumi.forward_test | Reconnection failed — next attempt in 0.0s
2026-05-12 03:43:38 | WARNING  | ayumi.forward_test | Reconnection failed — next attempt in 0.0s
2026-05-12 03:43:38 | WARNING  | ayumi.forward_test | Reconnection failed — next attempt in 0.0s
2026-05-12 03:43:38 | CRITICAL | ayumi.forward_test | Reconnect circuit-breaker tripped: 3 consecutive attempts with no ticks (max=3). Stopping engine gracefully.
2026-05-12 03:43:38 | WARNING  | ayumi.forward_test | Connection health check failed: connected=False last_tick_ago=infs threshold=900.0s — reconnecting
2026-05-12 03:43:38 | WARNING  | ayumi.forward_test | Reconnection failed — next attempt in 0.0s
2026-05-12 03:43:38 | WARNING  | ayumi.forward_test | Connection health check failed: connected=False last_tick_ago=infs threshold=30.0s — reconnecting
2026-05-12 03:43:38 | WARNING  | ayumi.forward_test | Reconnection failed — next attempt in 0.0s
2026-05-12 03:43:38 | WARNING  | ayumi.forward_test | Connection health check failed: connected=False last_tick_ago=infs threshold=30.0s — reconnecting
2026-05-12 03:43:38 | WARNING  | ayumi.forward_test | Reconnection failed — next attempt in 0.0s
2026-05-12 03:55:02 | WARNING  | ayumi.risk | No state file at /tmp/pytest-of-root/pytest-554/test_start_restores_no_state0/risk_state.json — starting fresh
2026-05-12 03:55:02 | WARNING  | ayumi.risk | No state file at /tmp/pytest-of-root/pytest-554/test_signal_processing0/risk_state.json — starting fresh
2026-05-12 03:55:02 | WARNING  | ayumi.risk | No state file at /tmp/pytest-of-root/pytest-554/test_multiple_signals_in_seque0/risk_state.json — starting fresh
2026-05-12 03:55:02 | WARNING  | ayumi.risk | No state file at /tmp/pytest-of-root/pytest-554/test_fill_handling_updates_bal0/risk_state.json — starting fresh
2026-05-12 03:55:02 | WARNING  | ayumi.risk | No state file at /tmp/pytest-of-root/pytest-554/test_state_save_on_stop0/risk_state.json — starting fresh
2026-05-12 03:55:02 | WARNING  | ayumi.risk | No state file at /tmp/pytest-of-root/pytest-554/test_state_restore_on_start0/risk_state.json — starting fresh
2026-05-12 03:55:05 | WARNING  | ayumi.forward_test | Reconnection failed — next attempt in 0.0s
2026-05-12 03:55:05 | WARNING  | ayumi.forward_test | Reconnection failed — next attempt in 0.0s
2026-05-12 03:55:05 | WARNING  | ayumi.forward_test | Reconnection failed — next attempt in 0.0s
2026-05-12 03:55:05 | WARNING  | ayumi.forward_test | Reconnection failed — next attempt in 0.0s
2026-05-12 03:55:05 | WARNING  | ayumi.forward_test | Reconnection failed — next attempt in 0.0s
2026-05-12 03:55:05 | WARNING  | ayumi.forward_test | Reconnection failed — next attempt in 0.0s
2026-05-12 03:55:05 | WARNING  | ayumi.forward_test | Reconnection failed — next attempt in 0.0s
2026-05-12 03:55:05 | WARNING  | ayumi.forward_test | Reconnection failed — next attempt in 0.0s
2026-05-12 03:55:05 | WARNING  | ayumi.forward_test | Reconnection failed — next attempt in 0.0s
2026-05-12 03:55:05 | CRITICAL | ayumi.forward_test | Reconnect circuit-breaker tripped: 10 consecutive attempts with no ticks (max=10). Stopping engine gracefully.
2026-05-12 03:55:05 | WARNING  | ayumi.forward_test | Reconnection failed — next attempt in 0.0s
2026-05-12 03:55:05 | WARNING  | ayumi.forward_test | Reconnection failed — next attempt in 0.0s
2026-05-12 03:55:05 | WARNING  | ayumi.forward_test | Reconnection failed — next attempt in 0.0s
2026-05-12 03:55:05 | WARNING  | ayumi.forward_test | Reconnection failed — next attempt in 0.0s
2026-05-12 03:55:05 | WARNING  | ayumi.forward_test | Reconnection failed — next attempt in 0.0s
2026-05-12 03:55:05 | WARNING  | ayumi.forward_test | Reconnection failed — next attempt in 0.0s
2026-05-12 03:55:05 | WARNING  | ayumi.forward_test | Reconnection failed — next attempt in 0.0s
2026-05-12 03:55:05 | CRITICAL | ayumi.forward_test | Reconnect circuit-breaker tripped: 3 consecutive attempts with no ticks (max=3). Stopping engine gracefully.
2026-05-12 03:55:05 | WARNING  | ayumi.forward_test | Connection health check failed: connected=False last_tick_ago=infs threshold=900.0s — reconnecting
2026-05-12 03:55:05 | WARNING  | ayumi.forward_test | Reconnection failed — next attempt in 0.0s
2026-05-12 03:55:05 | WARNING  | ayumi.forward_test | Connection health check failed: connected=False last_tick_ago=infs threshold=30.0s — reconnecting
2026-05-12 03:55:05 | WARNING  | ayumi.forward_test | Reconnection failed — next attempt in 0.0s
2026-05-12 03:55:05 | WARNING  | ayumi.forward_test | Connection health check failed: connected=False last_tick_ago=infs threshold=30.0s — reconnecting
2026-05-12 03:55:05 | WARNING  | ayumi.forward_test | Reconnection failed — next attempt in 0.0s
2026-05-12 19:54:31 | INFO     | ayumi.pid_guard | PID file /home/TacoPants/projects/Ayumi/data/forward_test.pid removed
2026-05-12 19:54:45 | INFO     | ayumi.pid_guard | PID file /home/TacoPants/projects/Ayumi/data/forward_test.pid removed
2026-05-12 19:55:18 | INFO     | ayumi.pid_guard | PID file /home/TacoPants/projects/Ayumi/data/forward_test.pid removed
2026-05-12 19:55:51 | INFO     | ayumi.pid_guard | PID file /home/TacoPants/projects/Ayumi/data/forward_test.pid removed
2026-05-12 19:56:23 | INFO     | ayumi.pid_guard | PID file /home/TacoPants/projects/Ayumi/data/forward_test.pid removed
2026-05-12 19:56:56 | INFO     | ayumi.pid_guard | PID file /home/TacoPants/projects/Ayumi/data/forward_test.pid removed
2026-05-12 19:57:27 | INFO     | ayumi.pid_guard | PID file /home/TacoPants/projects/Ayumi/data/forward_test.pid removed
2026-05-12 19:57:28 | INFO     | ayumi.pid_guard | PID file /home/TacoPants/projects/Ayumi/data/forward_test.pid removed
2026-05-12 19:58:01 | INFO     | ayumi.pid_guard | PID file /home/TacoPants/projects/Ayumi/data/forward_test.pid removed
2026-05-12 19:58:33 | INFO     | ayumi.pid_guard | PID file /home/TacoPants/projects/Ayumi/data/forward_test.pid removed
2026-05-12 19:59:46 | INFO     | ayumi.pid_guard | PID file /home/TacoPants/projects/Ayumi/data/forward_test.pid removed
2026-05-12 20:00:18 | INFO     | ayumi.pid_guard | PID file /home/TacoPants/projects/Ayumi/data/forward_test.pid removed
2026-05-12 20:00:50 | INFO     | ayumi.pid_guard | PID 804289 written to /home/TacoPants/projects/Ayumi/data/forward_test.pid
2026-05-12 20:00:50 | INFO     | ayumi.blend_launcher | === Ayumi Multi-Strategy Forward Test (Blend Pipeline) ===
2026-05-12 20:00:50 | INFO     | ayumi.blend_launcher | Symbols: ['GBPUSD', 'USDJPY']
2026-05-12 20:00:53 | WARNING  | ayumi.blend_launcher | Could not fetch symbol list from OpenAPI: 'CTraderOpenApiClient' object has no attribute 'get_symbols' — using static mapping
2026-05-12 20:00:53 | INFO     | ayumi.blend_launcher | Fetching 100 H1 bars for GBPUSD (id=2)...
2026-05-12 20:00:55 | INFO     | ayumi.blend_launcher | Fetched 99 H1 bars for GBPUSD
2026-05-12 20:00:55 | INFO     | ayumi.blend_launcher | Fetching 200 M15 bars for GBPUSD (id=2)...
2026-05-12 20:00:57 | INFO     | ayumi.blend_launcher | Fetched 199 M15 bars for GBPUSD
2026-05-12 20:00:57 | INFO     | ayumi.blend_launcher | Fetching 100 H1 bars for USDJPY (id=4)...
2026-05-12 20:00:59 | INFO     | ayumi.blend_launcher | Fetched 99 H1 bars for USDJPY
2026-05-12 20:00:59 | INFO     | ayumi.blend_launcher | Fetching 200 M15 bars for USDJPY (id=4)...
2026-05-12 20:01:01 | INFO     | ayumi.blend_launcher | Fetched 199 M15 bars for USDJPY
2026-05-12 20:01:01 | INFO     | ayumi.blend_launcher | Registered 5 strategies: ['SRMR+', 'Killzone Momentum', 'Donchian Channel Breakout', 'Session-Range Mean Reversion', 'BB+RSI Mean Reversion']
2026-05-12 20:01:01 | INFO     | ayumi.blend_launcher | All strategy .name properties verified against maps
2026-05-12 20:01:01 | INFO     | ayumi.risk | Restored risk state from data/risk_state_blend.json
2026-05-12 20:01:01 | INFO     | ayumi.forward_test | BlendForwardTestRunner started — balance=$10000.00
2026-05-12 20:01:01 | INFO     | ayumi.forward_test | Preloaded 99 bars into key 'GBPUSD:60'
2026-05-12 20:01:01 | INFO     | ayumi.blend_launcher | Preloaded 99 60min bars for GBPUSD into engine
2026-05-12 20:01:01 | INFO     | ayumi.forward_test | Preloaded 199 bars into key 'GBPUSD:15'
2026-05-12 20:01:01 | INFO     | ayumi.blend_launcher | Preloaded 199 15min bars for GBPUSD into engine
2026-05-12 20:01:01 | INFO     | ayumi.forward_test | Preloaded 99 bars into key 'USDJPY:60'
2026-05-12 20:01:01 | INFO     | ayumi.blend_launcher | Preloaded 99 60min bars for USDJPY into engine
2026-05-12 20:01:01 | INFO     | ayumi.forward_test | Preloaded 199 bars into key 'USDJPY:15'
2026-05-12 20:01:01 | INFO     | ayumi.blend_launcher | Preloaded 199 15min bars for USDJPY into engine
2026-05-12 20:01:01 | INFO     | ayumi.blend_launcher | === STARTING MULTI-STRATEGY FORWARD TEST ===
2026-05-12 20:01:01 | INFO     | ayumi.blend_launcher | Pipeline: SRMR+ + Killzone + Momentum + SessionRangeMR → Correlation Gate → Blend Runner → Paper
2026-05-12 20:01:01 | INFO     | ayumi.blend_launcher | Startup diagnostic: strategies=['SRMR+', 'Killzone Momentum', 'Donchian Channel Breakout', 'Session-Range Mean Reversion', 'BB+RSI Mean Reversion']
2026-05-12 20:01:01 | INFO     | ayumi.blend_launcher | Startup diagnostic: symbols=['GBPUSD', 'USDJPY']
2026-05-12 20:01:01 | INFO     | ayumi.blend_launcher | Startup diagnostic: bar_period=60m, min_confidence=0.50
2026-05-12 20:01:01 | INFO     | ayumi.blend_launcher | Startup diagnostic: strategy_timeframes={'SRMR+': 60, 'Killzone Momentum': 15, 'Donchian Channel Breakout': 15, 'Session-Range Mean Reversion': 60, 'BB+RSI Mean Reversion': 60}
2026-05-12 20:01:01 | WARNING  | ayumi.forward_test | Credential validation: sender_comp_id is empty — may cause FIX logon failure
2026-05-12 20:01:01 | INFO     | ayumi.openapi_spot_feed | Connected to demo.ctraderapi.com:5035
2026-05-12 20:01:02 | INFO     | ayumi.openapi_spot_feed | Application authenticated
2026-05-12 20:01:03 | INFO     | ayumi.openapi_spot_feed | No token lifetime from server — defaulting to 86400s
2026-05-12 20:01:03 | INFO     | ayumi.openapi_spot_feed | Scheduling proactive token refresh in 69120s (token lifetime=86400s)
2026-05-12 20:01:03 | INFO     | ayumi.openapi_spot_feed | Account authenticated
2026-05-12 20:01:03 | INFO     | ayumi.openapi_spot_feed | Requesting symbol list for account 46877902
2026-05-12 20:01:04 | INFO     | ayumi.openapi_spot_feed | Loaded 830 symbol name mappings from API
2026-05-12 20:01:04 | INFO     | ayumi.openapi_spot_feed | Pre-fetching details for GBPUSD (id=2)
2026-05-12 20:01:05 | INFO     | ayumi.openapi_spot_feed | Fetched symbol details: id=2 digits=5
2026-05-12 20:01:05 | INFO     | ayumi.openapi_spot_feed | Pre-fetching details for USDJPY (id=4)
2026-05-12 20:01:06 | INFO     | ayumi.openapi_spot_feed | Fetched symbol details: id=4 digits=3
2026-05-12 20:01:06 | INFO     | ayumi.openapi_spot_feed | Subscribed to spot events for symbol_id=2
2026-05-12 20:01:06 | INFO     | ayumi.openapi_spot_feed | Subscribed to spot events for symbol_id=4
2026-05-12 20:01:06 | INFO     | ayumi.openapi_spot_feed | OpenApiSpotFeed started: account=46877902 symbols_loaded=2
2026-05-12 20:01:06 | INFO     | ayumi.forward_test | Open API spot feed connected for ['GBPUSD', 'USDJPY']
2026-05-12 20:01:06 | INFO     | ayumi.forward_test | Forward test started: symbols=['GBPUSD', 'USDJPY'] strategies=['SRMR+', 'Killzone Momentum', 'Donchian Channel Breakout', 'Session-Range Mean Reversion', 'BB+RSI Mean Reversion'] mode=PAPER eval_interval=1.0s bar_period=60m
2026-05-12 20:01:06 | INFO     | ayumi.forward_test | [B5 Startup] Strategy list: ['SRMR+', 'Killzone Momentum', 'Donchian Channel Breakout', 'Session-Range Mean Reversion', 'BB+RSI Mean Reversion']
2026-05-12 20:01:06 | INFO     | ayumi.forward_test | [B5 Startup] Symbols: ['GBPUSD', 'USDJPY']
2026-05-12 20:01:06 | INFO     | ayumi.forward_test | [B5 Startup] Bar period: 60m
2026-05-12 20:01:06 | INFO     | ayumi.forward_test | [B5 Startup] Min confidence: 0.50
2026-05-12 20:01:06 | INFO     | ayumi.forward_test | [B5 Startup] Min bars for evaluation: 50
2026-05-12 20:01:06 | INFO     | ayumi.forward_test | [B5 Startup] Strategy timeframes: {'SRMR+': 60, 'Killzone Momentum': 60, 'Donchian Channel Breakout': 60, 'Session-Range Mean Reversion': 60, 'BB+RSI Mean Reversion': 60}
2026-05-12 20:01:06 | INFO     | ayumi.forward_test | [B5 Startup] Required timeframes: [60]
2026-05-12 20:02:06 | INFO     | ayumi.forward_test | [B5 Periodic] ticks=74 bars_built=1 signals=0 traded=0 eval_errors=0
2026-05-12 20:02:06 | INFO     | ayumi.blend_launcher | [B5 Health] ticks=74 tps=2.22 bars=1 signals=0 trades=0 balance=10000.00 uptime=60s
2026-05-12 20:02:27 | INFO     | ayumi.forward_test | Shutdown signal received (sig=15)
2026-05-12 20:02:27 | INFO     | ayumi.openapi_spot_feed | Unsubscribed from spot events for symbol_id=2
2026-05-12 20:02:27 | INFO     | ayumi.openapi_spot_feed | Unsubscribed from spot events for symbol_id=4
2026-05-12 20:02:27 | INFO     | ayumi.openapi_spot_feed | OpenApiSpotFeed stopped
2026-05-12 20:02:27 | INFO     | ayumi.forward_test | Forward test stopped: balance=10000.00 trades=0 pnl=0.00 errors=0 reconnects=0
2026-05-12 20:02:27 | WARNING  | ayumi.openapi_spot_feed | Disconnected: [Failure instance: Traceback (failure with no frames): <class 'twisted.internet.error.ConnectionDone'>: Connection was closed cleanly.
]
2026-05-12 20:03:06 | INFO     | ayumi.blend_launcher | [B5 Health] ticks=110 tps=2.34 bars=3 signals=0 trades=0 balance=10000.00 uptime=120s
2026-05-12 20:03:27 | INFO     | ayumi.pid_guard | PID 804952 written to /home/TacoPants/projects/Ayumi/data/forward_test.pid
2026-05-12 20:03:27 | INFO     | ayumi.blend_launcher | === Ayumi Multi-Strategy Forward Test (Blend Pipeline) ===
2026-05-12 20:03:27 | INFO     | ayumi.blend_launcher | Symbols: ['GBPUSD', 'USDJPY']
2026-05-12 20:03:29 | WARNING  | ayumi.blend_launcher | Could not fetch symbol list from OpenAPI: 'CTraderOpenApiClient' object has no attribute 'get_symbols' — using static mapping
2026-05-12 20:03:29 | INFO     | ayumi.blend_launcher | Fetching 100 H1 bars for GBPUSD (id=2)...
2026-05-12 20:03:31 | INFO     | ayumi.blend_launcher | Fetched 99 H1 bars for GBPUSD
2026-05-12 20:03:31 | INFO     | ayumi.blend_launcher | Fetching 200 M15 bars for GBPUSD (id=2)...
2026-05-12 20:03:33 | INFO     | ayumi.blend_launcher | Fetched 199 M15 bars for GBPUSD
2026-05-12 20:03:33 | INFO     | ayumi.blend_launcher | Fetching 100 H1 bars for USDJPY (id=4)...
2026-05-12 20:03:35 | INFO     | ayumi.blend_launcher | Fetched 99 H1 bars for USDJPY
2026-05-12 20:03:35 | INFO     | ayumi.blend_launcher | Fetching 200 M15 bars for USDJPY (id=4)...
2026-05-12 20:03:37 | INFO     | ayumi.blend_launcher | Fetched 199 M15 bars for USDJPY
2026-05-12 20:03:37 | INFO     | ayumi.blend_launcher | Registered 5 strategies: ['SRMR+', 'Killzone Momentum', 'Donchian Channel Breakout', 'Session-Range Mean Reversion', 'BB+RSI Mean Reversion']
2026-05-12 20:03:37 | INFO     | ayumi.blend_launcher | All strategy .name properties verified against maps
2026-05-12 20:03:37 | INFO     | ayumi.risk | Restored risk state from data/risk_state_blend.json
2026-05-12 20:03:37 | INFO     | ayumi.forward_test | BlendForwardTestRunner started — balance=$10000.00
2026-05-12 20:03:37 | INFO     | ayumi.forward_test | Preloaded 99 bars into key 'GBPUSD:60'
2026-05-12 20:03:37 | INFO     | ayumi.blend_launcher | Preloaded 99 60min bars for GBPUSD into engine
2026-05-12 20:03:37 | INFO     | ayumi.forward_test | Preloaded 199 bars into key 'GBPUSD:15'
2026-05-12 20:03:37 | INFO     | ayumi.blend_launcher | Preloaded 199 15min bars for GBPUSD into engine
2026-05-12 20:03:37 | INFO     | ayumi.forward_test | Preloaded 99 bars into key 'USDJPY:60'
2026-05-12 20:03:37 | INFO     | ayumi.blend_launcher | Preloaded 99 60min bars for USDJPY into engine
2026-05-12 20:03:37 | INFO     | ayumi.forward_test | Preloaded 199 bars into key 'USDJPY:15'
2026-05-12 20:03:37 | INFO     | ayumi.blend_launcher | Preloaded 199 15min bars for USDJPY into engine
2026-05-12 20:03:37 | INFO     | ayumi.blend_launcher | === STARTING MULTI-STRATEGY FORWARD TEST ===
2026-05-12 20:03:37 | INFO     | ayumi.blend_launcher | Pipeline: SRMR+ + Killzone + Momentum + SessionRangeMR → Correlation Gate → Blend Runner → Paper
2026-05-12 20:03:37 | INFO     | ayumi.blend_launcher | Startup diagnostic: strategies=['SRMR+', 'Killzone Momentum', 'Donchian Channel Breakout', 'Session-Range Mean Reversion', 'BB+RSI Mean Reversion']
2026-05-12 20:03:37 | INFO     | ayumi.blend_launcher | Startup diagnostic: symbols=['GBPUSD', 'USDJPY']
2026-05-12 20:03:37 | INFO     | ayumi.blend_launcher | Startup diagnostic: bar_period=60m, min_confidence=0.50
2026-05-12 20:03:37 | INFO     | ayumi.blend_launcher | Startup diagnostic: strategy_timeframes={'SRMR+': 60, 'Killzone Momentum': 15, 'Donchian Channel Breakout': 15, 'Session-Range Mean Reversion': 60, 'BB+RSI Mean Reversion': 60}
2026-05-12 20:03:37 | WARNING  | ayumi.forward_test | Credential validation: sender_comp_id is empty — may cause FIX logon failure
2026-05-12 20:03:37 | INFO     | ayumi.openapi_spot_feed | Connected to demo.ctraderapi.com:5035
2026-05-12 20:03:38 | INFO     | ayumi.openapi_spot_feed | Application authenticated
2026-05-12 20:03:39 | INFO     | ayumi.openapi_spot_feed | No token lifetime from server — defaulting to 86400s
2026-05-12 20:03:39 | INFO     | ayumi.openapi_spot_feed | Scheduling proactive token refresh in 69120s (token lifetime=86400s)
2026-05-12 20:03:39 | INFO     | ayumi.openapi_spot_feed | Account authenticated
2026-05-12 20:03:39 | INFO     | ayumi.openapi_spot_feed | Requesting symbol list for account 46877902
2026-05-12 20:03:40 | INFO     | ayumi.openapi_spot_feed | Loaded 830 symbol name mappings from API
2026-05-12 20:03:40 | INFO     | ayumi.openapi_spot_feed | Pre-fetching details for GBPUSD (id=2)
2026-05-12 20:03:41 | INFO     | ayumi.openapi_spot_feed | Fetched symbol details: id=2 digits=5
2026-05-12 20:03:41 | INFO     | ayumi.openapi_spot_feed | Pre-fetching details for USDJPY (id=4)
2026-05-12 20:03:42 | INFO     | ayumi.openapi_spot_feed | Fetched symbol details: id=4 digits=3
2026-05-12 20:03:42 | INFO     | ayumi.openapi_spot_feed | Subscribed to spot events for symbol_id=2
2026-05-12 20:03:42 | INFO     | ayumi.openapi_spot_feed | Subscribed to spot events for symbol_id=4
2026-05-12 20:03:42 | INFO     | ayumi.openapi_spot_feed | OpenApiSpotFeed started: account=46877902 symbols_loaded=2
2026-05-12 20:03:42 | INFO     | ayumi.forward_test | Open API spot feed connected for ['GBPUSD', 'USDJPY']
2026-05-12 20:03:42 | INFO     | ayumi.forward_test | Forward test started: symbols=['GBPUSD', 'USDJPY'] strategies=['SRMR+', 'Killzone Momentum', 'Donchian Channel Breakout', 'Session-Range Mean Reversion', 'BB+RSI Mean Reversion'] mode=PAPER eval_interval=1.0s bar_period=60m
2026-05-12 20:03:42 | INFO     | ayumi.forward_test | [B5 Startup] Strategy list: ['SRMR+', 'Killzone Momentum', 'Donchian Channel Breakout', 'Session-Range Mean Reversion', 'BB+RSI Mean Reversion']
2026-05-12 20:03:42 | INFO     | ayumi.forward_test | [B5 Startup] Symbols: ['GBPUSD', 'USDJPY']
2026-05-12 20:03:42 | INFO     | ayumi.forward_test | [B5 Startup] Bar period: 60m
2026-05-12 20:03:42 | INFO     | ayumi.forward_test | [B5 Startup] Min confidence: 0.50
2026-05-12 20:03:42 | INFO     | ayumi.forward_test | [B5 Startup] Min bars for evaluation: 50
2026-05-12 20:03:42 | INFO     | ayumi.forward_test | [B5 Startup] Strategy timeframes: {'SRMR+': 60, 'Killzone Momentum': 60, 'Donchian Channel Breakout': 60, 'Session-Range Mean Reversion': 60, 'BB+RSI Mean Reversion': 60}
2026-05-12 20:03:42 | INFO     | ayumi.forward_test | [B5 Startup] Required timeframes: [60]
2026-05-12 20:04:42 | INFO     | ayumi.forward_test | [B5 Periodic] ticks=38 bars_built=2 signals=0 traded=0 eval_errors=0
2026-05-12 20:04:42 | INFO     | ayumi.blend_launcher | [B5 Health] ticks=38 tps=0.46 bars=2 signals=0 trades=0 balance=10000.00 uptime=60s
2026-05-12 20:05:42 | INFO     | ayumi.forward_test | [B5 Periodic] ticks=83 bars_built=2 signals=0 traded=0 eval_errors=0
2026-05-12 20:05:42 | INFO     | ayumi.blend_launcher | [B5 Health] ticks=83 tps=0.97 bars=2 signals=0 trades=0 balance=10000.00 uptime=120s
2026-05-12 20:06:42 | INFO     | ayumi.forward_test | [B5 Periodic] ticks=119 bars_built=2 signals=0 traded=0 eval_errors=0
2026-05-12 20:06:42 | INFO     | ayumi.blend_launcher | [B5 Health] ticks=119 tps=0.82 bars=2 signals=0 trades=0 balance=10000.00 uptime=180s
2026-05-12 20:07:42 | INFO     | ayumi.forward_test | [B5 Periodic] ticks=165 bars_built=2 signals=0 traded=0 eval_errors=0
2026-05-12 20:07:42 | INFO     | ayumi.blend_launcher | [B5 Health] ticks=165 tps=1.07 bars=2 signals=0 trades=0 balance=10000.00 uptime=240s
2026-05-12 20:08:42 | INFO     | ayumi.forward_test | [B5 Periodic] ticks=199 bars_built=2 signals=0 traded=0 eval_errors=0
2026-05-12 20:08:42 | INFO     | ayumi.blend_launcher | [B5 Health] ticks=199 tps=0.79 bars=2 signals=0 trades=0 balance=10000.00 uptime=300s
2026-05-12 20:09:42 | INFO     | ayumi.forward_test | [B5 Periodic] ticks=230 bars_built=2 signals=0 traded=0 eval_errors=0
2026-05-12 20:09:42 | INFO     | ayumi.blend_launcher | [B5 Health] ticks=230 tps=0.54 bars=2 signals=0 trades=0 balance=10000.00 uptime=360s
2026-05-12 20:10:42 | INFO     | ayumi.forward_test | [B5 Periodic] ticks=290 bars_built=2 signals=0 traded=0 eval_errors=0
2026-05-12 20:10:42 | INFO     | ayumi.blend_launcher | [B5 Health] ticks=290 tps=0.74 bars=2 signals=0 trades=0 balance=10000.00 uptime=420s
2026-05-12 20:11:42 | INFO     | ayumi.forward_test | [B5 Periodic] ticks=317 bars_built=2 signals=0 traded=0 eval_errors=0
2026-05-12 20:11:42 | INFO     | ayumi.blend_launcher | [B5 Health] ticks=317 tps=0.71 bars=2 signals=0 trades=0 balance=10000.00 uptime=480s
2026-05-12 20:12:42 | INFO     | ayumi.forward_test | [B5 Periodic] ticks=377 bars_built=2 signals=0 traded=0 eval_errors=0
2026-05-12 20:12:42 | INFO     | ayumi.blend_launcher | [B5 Health] ticks=377 tps=1.54 bars=2 signals=0 trades=0 balance=10000.00 uptime=540s
2026-05-12 20:13:42 | INFO     | ayumi.forward_test | [B5 Periodic] ticks=433 bars_built=2 signals=0 traded=0 eval_errors=0
2026-05-12 20:13:42 | INFO     | ayumi.blend_launcher | [B5 Health] ticks=433 tps=1.14 bars=2 signals=0 trades=0 balance=10000.00 uptime=600s
2026-05-12 20:14:42 | INFO     | ayumi.forward_test | [B5 Periodic] ticks=463 bars_built=2 signals=0 traded=0 eval_errors=0
2026-05-12 20:14:42 | INFO     | ayumi.blend_launcher | [B5 Health] ticks=463 tps=0.27 bars=2 signals=0 trades=0 balance=10000.00 uptime=660s
2026-05-12 20:15:42 | INFO     | ayumi.forward_test | [B5 Periodic] ticks=513 bars_built=2 signals=0 traded=0 eval_errors=0
2026-05-12 20:15:42 | INFO     | ayumi.blend_launcher | [B5 Health] ticks=513 tps=1.60 bars=2 signals=0 trades=0 balance=10000.00 uptime=720s
2026-05-12 20:16:42 | INFO     | ayumi.forward_test | [B5 Periodic] ticks=549 bars_built=2 signals=0 traded=0 eval_errors=0
2026-05-12 20:16:42 | INFO     | ayumi.blend_launcher | [B5 Health] ticks=549 tps=0.52 bars=2 signals=0 trades=0 balance=10000.00 uptime=780s
2026-05-12 20:17:42 | INFO     | ayumi.forward_test | [B5 Periodic] ticks=585 bars_built=2 signals=0 traded=0 eval_errors=0
2026-05-12 20:17:42 | INFO     | ayumi.blend_launcher | [B5 Health] ticks=586 tps=0.42 bars=2 signals=0 trades=0 balance=10000.00 uptime=840s
2026-05-12 20:18:42 | INFO     | ayumi.forward_test | [B5 Periodic] ticks=626 bars_built=2 signals=0 traded=0 eval_errors=0
2026-05-12 20:18:42 | INFO     | ayumi.blend_launcher | [B5 Health] ticks=626 tps=0.94 bars=2 signals=0 trades=0 balance=10000.00 uptime=900s
2026-05-12 20:19:42 | INFO     | ayumi.forward_test | [B5 Periodic] ticks=678 bars_built=2 signals=0 traded=0 eval_errors=0
2026-05-12 20:19:42 | INFO     | ayumi.blend_launcher | [B5 Health] ticks=678 tps=0.71 bars=2 signals=0 trades=0 balance=10000.00 uptime=960s
2026-05-12 20:20:42 | INFO     | ayumi.forward_test | [B5 Periodic] ticks=717 bars_built=2 signals=0 traded=0 eval_errors=0
2026-05-12 20:20:42 | INFO     | ayumi.blend_launcher | [B5 Health] ticks=717 tps=0.66 bars=2 signals=0 trades=0 balance=10000.00 uptime=1020s
2026-05-12 20:21:42 | INFO     | ayumi.forward_test | [B5 Periodic] ticks=768 bars_built=2 signals=0 traded=0 eval_errors=0
2026-05-12 20:21:42 | INFO     | ayumi.blend_launcher | [B5 Health] ticks=768 tps=1.52 bars=2 signals=0 trades=0 balance=10000.00 uptime=1080s
2026-05-12 20:22:42 | INFO     | ayumi.forward_test | [B5 Periodic] ticks=817 bars_built=2 signals=0 traded=0 eval_errors=0
2026-05-12 20:22:42 | INFO     | ayumi.blend_launcher | [B5 Health] ticks=818 tps=0.72 bars=2 signals=0 trades=0 balance=10000.00 uptime=1140s
2026-05-12 20:23:42 | INFO     | ayumi.forward_test | [B5 Periodic] ticks=854 bars_built=2 signals=0 traded=0 eval_errors=0
2026-05-12 20:23:42 | INFO     | ayumi.blend_launcher | [B5 Health] ticks=854 tps=0.40 bars=2 signals=0 trades=0 balance=10000.00 uptime=1200s
2026-05-12 20:24:42 | INFO     | ayumi.forward_test | [B5 Periodic] ticks=883 bars_built=2 signals=0 traded=0 eval_errors=0
2026-05-12 20:24:42 | INFO     | ayumi.blend_launcher | [B5 Health] ticks=883 tps=0.55 bars=2 signals=0 trades=0 balance=10000.00 uptime=1260s
2026-05-12 20:25:42 | INFO     | ayumi.forward_test | [B5 Periodic] ticks=929 bars_built=2 signals=0 traded=0 eval_errors=0
2026-05-12 20:25:43 | INFO     | ayumi.blend_launcher | [B5 Health] ticks=929 tps=0.76 bars=2 signals=0 trades=0 balance=10000.00 uptime=1320s
2026-05-12 20:26:42 | INFO     | ayumi.forward_test | [B5 Periodic] ticks=982 bars_built=2 signals=0 traded=0 eval_errors=0
2026-05-12 20:26:43 | INFO     | ayumi.blend_launcher | [B5 Health] ticks=982 tps=0.52 bars=2 signals=0 trades=0 balance=10000.00 uptime=1380s
2026-05-12 20:27:42 | INFO     | ayumi.forward_test | [B5 Periodic] ticks=1000 bars_built=2 signals=0 traded=0 eval_errors=0
2026-05-12 20:27:43 | INFO     | ayumi.blend_launcher | [B5 Health] ticks=1000 tps=1.98 bars=2 signals=0 trades=0 balance=10000.00 uptime=1440s
2026-05-12 20:28:42 | INFO     | ayumi.forward_test | [B5 Periodic] ticks=1054 bars_built=2 signals=0 traded=0 eval_errors=0
2026-05-12 20:28:43 | INFO     | ayumi.blend_launcher | [B5 Health] ticks=1054 tps=0.92 bars=2 signals=0 trades=0 balance=10000.00 uptime=1500s
2026-05-12 20:29:42 | INFO     | ayumi.forward_test | [B5 Periodic] ticks=1092 bars_built=2 signals=0 traded=0 eval_errors=0
2026-05-12 20:29:43 | INFO     | ayumi.blend_launcher | [B5 Health] ticks=1092 tps=0.58 bars=2 signals=0 trades=0 balance=10000.00 uptime=1560s
2026-05-12 20:30:42 | INFO     | ayumi.forward_test | [B5 Periodic] ticks=1107 bars_built=2 signals=0 traded=0 eval_errors=0
2026-05-12 20:30:43 | INFO     | ayumi.blend_launcher | [B5 Health] ticks=1107 tps=1.81 bars=2 signals=0 trades=0 balance=10000.00 uptime=1620s
2026-05-12 20:31:42 | INFO     | ayumi.forward_test | [B5 Periodic] ticks=1107 bars_built=2 signals=0 traded=0 eval_errors=0
2026-05-12 20:31:43 | INFO     | ayumi.blend_launcher | [B5 Health] ticks=1107 tps=1.81 bars=2 signals=0 trades=0 balance=10000.00 uptime=1680s
2026-05-12 20:32:42 | INFO     | ayumi.forward_test | [B5 Periodic] ticks=1107 bars_built=2 signals=0 traded=0 eval_errors=0
2026-05-12 20:32:43 | INFO     | ayumi.blend_launcher | [B5 Health] ticks=1107 tps=1.81 bars=2 signals=0 trades=0 balance=10000.00 uptime=1740s
2026-05-12 20:33:42 | INFO     | ayumi.forward_test | [B5 Periodic] ticks=1107 bars_built=2 signals=0 traded=0 eval_errors=0
2026-05-12 20:33:43 | INFO     | ayumi.blend_launcher | [B5 Health] ticks=1107 tps=1.81 bars=2 signals=0 trades=0 balance=10000.00 uptime=1800s
2026-05-12 20:34:42 | INFO     | ayumi.forward_test | [B5 Periodic] ticks=1107 bars_built=2 signals=0 traded=0 eval_errors=0
2026-05-12 20:34:43 | INFO     | ayumi.blend_launcher | [B5 Health] ticks=1107 tps=1.81 bars=2 signals=0 trades=0 balance=10000.00 uptime=1860s
2026-05-12 20:35:42 | INFO     | ayumi.forward_test | [B5 Periodic] ticks=1107 bars_built=2 signals=0 traded=0 eval_errors=0
2026-05-12 20:35:43 | INFO     | ayumi.blend_launcher | [B5 Health] ticks=1107 tps=1.81 bars=2 signals=0 trades=0 balance=10000.00 uptime=1920s
2026-05-12 20:36:42 | INFO     | ayumi.forward_test | [B5 Periodic] ticks=1107 bars_built=2 signals=0 traded=0 eval_errors=0
2026-05-12 20:36:43 | INFO     | ayumi.blend_launcher | [B5 Health] ticks=1107 tps=1.81 bars=2 signals=0 trades=0 balance=10000.00 uptime=1980s
2026-05-12 20:37:42 | INFO     | ayumi.forward_test | [B5 Periodic] ticks=1107 bars_built=2 signals=0 traded=0 eval_errors=0
2026-05-12 20:37:43 | INFO     | ayumi.blend_launcher | [B5 Health] ticks=1107 tps=1.81 bars=2 signals=0 trades=0 balance=10000.00 uptime=2040s
2026-05-12 20:38:42 | INFO     | ayumi.forward_test | [B5 Periodic] ticks=1107 bars_built=2 signals=0 traded=0 eval_errors=0
2026-05-12 20:38:43 | INFO     | ayumi.blend_launcher | [B5 Health] ticks=1107 tps=1.81 bars=2 signals=0 trades=0 balance=10000.00 uptime=2100s
2026-05-12 20:39:42 | INFO     | ayumi.forward_test | [B5 Periodic] ticks=1107 bars_built=2 signals=0 traded=0 eval_errors=0
2026-05-12 20:39:43 | INFO     | ayumi.blend_launcher | [B5 Health] ticks=1107 tps=1.81 bars=2 signals=0 trades=0 balance=10000.00 uptime=2160s
2026-05-12 20:40:42 | INFO     | ayumi.forward_test | [B5 Periodic] ticks=1107 bars_built=2 signals=0 traded=0 eval_errors=0
2026-05-12 20:40:43 | INFO     | ayumi.blend_launcher | [B5 Health] ticks=1107 tps=1.81 bars=2 signals=0 trades=0 balance=10000.00 uptime=2220s
2026-05-12 20:41:42 | INFO     | ayumi.forward_test | [B5 Periodic] ticks=1107 bars_built=2 signals=0 traded=0 eval_errors=0
2026-05-12 20:41:43 | INFO     | ayumi.blend_launcher | [B5 Health] ticks=1107 tps=1.81 bars=2 signals=0 trades=0 balance=10000.00 uptime=2280s
2026-05-12 20:42:42 | INFO     | ayumi.forward_test | [B5 Periodic] ticks=1107 bars_built=2 signals=0 traded=0 eval_errors=0
2026-05-12 20:42:43 | INFO     | ayumi.blend_launcher | [B5 Health] ticks=1107 tps=1.81 bars=2 signals=0 trades=0 balance=10000.00 uptime=2340s
2026-05-12 20:43:42 | INFO     | ayumi.forward_test | [B5 Periodic] ticks=1107 bars_built=2 signals=0 traded=0 eval_errors=0
2026-05-12 20:43:43 | INFO     | ayumi.blend_launcher | [B5 Health] ticks=1107 tps=1.81 bars=2 signals=0 trades=0 balance=10000.00 uptime=2400s
2026-05-12 20:44:42 | INFO     | ayumi.forward_test | [B5 Periodic] ticks=1107 bars_built=2 signals=0 traded=0 eval_errors=0
2026-05-12 20:44:43 | INFO     | ayumi.blend_launcher | [B5 Health] ticks=1107 tps=1.81 bars=2 signals=0 trades=0 balance=10000.00 uptime=2460s
2026-05-12 20:45:02 | WARNING  | ayumi.forward_test | Connection health check failed: connected=True last_tick_ago=908.1s threshold=900.0s — reconnecting
2026-05-12 20:45:02 | INFO     | ayumi.forward_test | Reconnection attempt 1 (backoff=5.0s)
2026-05-12 20:45:02 | INFO     | ayumi.openapi_spot_feed | Unsubscribed from spot events for symbol_id=2
2026-05-12 20:45:02 | INFO     | ayumi.openapi_spot_feed | Unsubscribed from spot events for symbol_id=4
2026-05-12 20:45:02 | INFO     | ayumi.openapi_spot_feed | OpenApiSpotFeed stopped
2026-05-12 20:45:02 | WARNING  | ayumi.openapi_spot_feed | Disconnected: [Failure instance: Traceback (failure with no frames): <class 'twisted.internet.error.ConnectionDone'>: Connection was closed cleanly.
]
2026-05-12 20:45:03 | INFO     | ayumi.openapi_spot_feed | Connected to demo.ctraderapi.com:5035
2026-05-12 20:45:04 | INFO     | ayumi.openapi_spot_feed | Application authenticated
2026-05-12 20:45:05 | INFO     | ayumi.openapi_spot_feed | No token lifetime from server — defaulting to 86400s
2026-05-12 20:45:05 | INFO     | ayumi.openapi_spot_feed | Scheduling proactive token refresh in 69120s (token lifetime=86400s)
2026-05-12 20:45:05 | INFO     | ayumi.openapi_spot_feed | Account authenticated
2026-05-12 20:45:05 | INFO     | ayumi.openapi_spot_feed | Requesting symbol list for account 46877902
2026-05-12 20:45:06 | INFO     | ayumi.openapi_spot_feed | Loaded 830 symbol name mappings from API
2026-05-12 20:45:06 | INFO     | ayumi.openapi_spot_feed | Pre-fetching details for GBPUSD (id=2)
2026-05-12 20:45:07 | INFO     | ayumi.openapi_spot_feed | Fetched symbol details: id=2 digits=5
2026-05-12 20:45:07 | INFO     | ayumi.openapi_spot_feed | Pre-fetching details for USDJPY (id=4)
2026-05-12 20:45:08 | INFO     | ayumi.openapi_spot_feed | Fetched symbol details: id=4 digits=3
2026-05-12 20:45:08 | INFO     | ayumi.openapi_spot_feed | Subscribed to spot events for symbol_id=2
2026-05-12 20:45:08 | INFO     | ayumi.openapi_spot_feed | Subscribed to spot events for symbol_id=4
2026-05-12 20:45:08 | INFO     | ayumi.openapi_spot_feed | OpenApiSpotFeed started: account=46877902 symbols_loaded=2
2026-05-12 20:45:08 | INFO     | ayumi.forward_test | Open API spot feed connected for ['GBPUSD', 'USDJPY']
2026-05-12 20:45:08 | INFO     | ayumi.forward_test | Reconnection successful — reset consecutive failure counter
2026-05-12 20:45:43 | INFO     | ayumi.blend_launcher | [B5 Health] ticks=1108 tps=0.00 bars=3 signals=0 trades=0 balance=10000.00 uptime=2520s
2026-05-12 20:45:48 | INFO     | ayumi.forward_test | [B5 Periodic] ticks=1108 bars_built=3 signals=0 traded=0 eval_errors=0
2026-05-12 20:46:43 | INFO     | ayumi.blend_launcher | [B5 Health] ticks=1108 tps=0.00 bars=3 signals=0 trades=0 balance=10000.00 uptime=2580s
2026-05-12 20:46:48 | INFO     | ayumi.forward_test | [B5 Periodic] ticks=1108 bars_built=3 signals=0 traded=0 eval_errors=0
2026-05-12 20:47:43 | INFO     | ayumi.blend_launcher | [B5 Health] ticks=1108 tps=0.00 bars=3 signals=0 trades=0 balance=10000.00 uptime=2640s
2026-05-12 20:47:48 | INFO     | ayumi.forward_test | [B5 Periodic] ticks=1108 bars_built=3 signals=0 traded=0 eval_errors=0
2026-05-12 20:48:43 | INFO     | ayumi.blend_launcher | [B5 Health] ticks=1108 tps=0.00 bars=3 signals=0 trades=0 balance=10000.00 uptime=2700s
2026-05-12 20:48:48 | INFO     | ayumi.forward_test | [B5 Periodic] ticks=1108 bars_built=3 signals=0 traded=0 eval_errors=0
2026-05-12 20:49:43 | INFO     | ayumi.blend_launcher | [B5 Health] ticks=1108 tps=0.00 bars=3 signals=0 trades=0 balance=10000.00 uptime=2760s
2026-05-12 20:49:48 | INFO     | ayumi.forward_test | [B5 Periodic] ticks=1108 bars_built=3 signals=0 traded=0 eval_errors=0
2026-05-12 20:50:43 | INFO     | ayumi.blend_launcher | [B5 Health] ticks=1108 tps=0.00 bars=3 signals=0 trades=0 balance=10000.00 uptime=2820s
2026-05-12 20:50:48 | INFO     | ayumi.forward_test | [B5 Periodic] ticks=1108 bars_built=3 signals=0 traded=0 eval_errors=0
2026-05-12 20:51:43 | INFO     | ayumi.blend_launcher | [B5 Health] ticks=1108 tps=0.00 bars=3 signals=0 trades=0 balance=10000.00 uptime=2880s
2026-05-12 20:51:48 | INFO     | ayumi.forward_test | [B5 Periodic] ticks=1108 bars_built=3 signals=0 traded=0 eval_errors=0
2026-05-12 20:52:43 | INFO     | ayumi.blend_launcher | [B5 Health] ticks=1108 tps=0.00 bars=3 signals=0 trades=0 balance=10000.00 uptime=2940s
2026-05-12 20:52:48 | INFO     | ayumi.forward_test | [B5 Periodic] ticks=1108 bars_built=3 signals=0 traded=0 eval_errors=0
2026-05-12 20:53:43 | INFO     | ayumi.blend_launcher | [B5 Health] ticks=1108 tps=0.00 bars=3 signals=0 trades=0 balance=10000.00 uptime=3000s
2026-05-12 20:53:48 | INFO     | ayumi.forward_test | [B5 Periodic] ticks=1108 bars_built=3 signals=0 traded=0 eval_errors=0
2026-05-12 20:54:43 | INFO     | ayumi.blend_launcher | [B5 Health] ticks=1108 tps=0.00 bars=3 signals=0 trades=0 balance=10000.00 uptime=3060s
2026-05-12 20:54:48 | INFO     | ayumi.forward_test | [B5 Periodic] ticks=1108 bars_built=3 signals=0 traded=0 eval_errors=0
2026-05-12 20:55:43 | INFO     | ayumi.blend_launcher | [B5 Health] ticks=1108 tps=0.00 bars=3 signals=0 trades=0 balance=10000.00 uptime=3120s
2026-05-12 20:55:48 | INFO     | ayumi.forward_test | [B5 Periodic] ticks=1108 bars_built=3 signals=0 traded=0 eval_errors=0
2026-05-12 20:56:43 | INFO     | ayumi.blend_launcher | [B5 Health] ticks=1108 tps=0.00 bars=3 signals=0 trades=0 balance=10000.00 uptime=3180s
2026-05-12 20:56:48 | INFO     | ayumi.forward_test | [B5 Periodic] ticks=1108 bars_built=3 signals=0 traded=0 eval_errors=0
2026-05-12 20:57:43 | INFO     | ayumi.blend_launcher | [B5 Health] ticks=1108 tps=0.00 bars=3 signals=0 trades=0 balance=10000.00 uptime=3240s
2026-05-12 20:57:48 | INFO     | ayumi.forward_test | [B5 Periodic] ticks=1108 bars_built=3 signals=0 traded=0 eval_errors=0
2026-05-12 20:58:43 | INFO     | ayumi.blend_launcher | [B5 Health] ticks=1108 tps=0.00 bars=3 signals=0 trades=0 balance=10000.00 uptime=3300s
2026-05-12 20:58:48 | INFO     | ayumi.forward_test | [B5 Periodic] ticks=1108 bars_built=3 signals=0 traded=0 eval_errors=0
2026-05-12 20:59:43 | INFO     | ayumi.blend_launcher | [B5 Health] ticks=1108 tps=0.00 bars=3 signals=0 trades=0 balance=10000.00 uptime=3360s
2026-05-12 20:59:48 | INFO     | ayumi.forward_test | [B5 Periodic] ticks=1108 bars_built=3 signals=0 traded=0 eval_errors=0
2026-05-12 21:00:43 | INFO     | ayumi.blend_launcher | [B5 Health] ticks=1115 tps=3.04 bars=4 signals=0 trades=0 balance=10000.00 uptime=3420s
2026-05-12 21:00:48 | INFO     | ayumi.forward_test | [B5 Periodic] ticks=1117 bars_built=4 signals=0 traded=0 eval_errors=0
2026-05-12 21:01:43 | INFO     | ayumi.blend_launcher | [B5 Health] ticks=1118 tps=0.00 bars=4 signals=0 trades=0 balance=10000.00 uptime=3480s
2026-05-12 21:01:48 | INFO     | ayumi.forward_test | [B5 Periodic] ticks=1119 bars_built=4 signals=0 traded=0 eval_errors=0
2026-05-12 21:02:43 | INFO     | ayumi.blend_launcher | [B5 Health] ticks=1119 tps=0.00 bars=4 signals=0 trades=0 balance=10000.00 uptime=3540s
2026-05-12 21:02:48 | INFO     | ayumi.forward_test | [B5 Periodic] ticks=1119 bars_built=4 signals=0 traded=0 eval_errors=0
2026-05-12 21:03:43 | INFO     | ayumi.blend_launcher | [B5 Health] ticks=1119 tps=0.00 bars=4 signals=0 trades=0 balance=10000.00 uptime=3600s
2026-05-12 21:03:48 | INFO     | ayumi.forward_test | [B5 Periodic] ticks=1119 bars_built=4 signals=0 traded=0 eval_errors=0
2026-05-12 21:04:43 | INFO     | ayumi.blend_launcher | [B5 Health] ticks=1119 tps=0.00 bars=4 signals=0 trades=0 balance=10000.00 uptime=3660s
2026-05-12 21:04:48 | INFO     | ayumi.forward_test | [B5 Periodic] ticks=1119 bars_built=4 signals=0 traded=0 eval_errors=0
2026-05-12 21:05:43 | INFO     | ayumi.blend_launcher | [B5 Health] ticks=1121 tps=0.00 bars=4 signals=0 trades=0 balance=10000.00 uptime=3720s
2026-05-12 21:05:48 | INFO     | ayumi.forward_test | [B5 Periodic] ticks=1121 bars_built=4 signals=0 traded=0 eval_errors=0
2026-05-12 21:06:43 | INFO     | ayumi.blend_launcher | [B5 Health] ticks=1121 tps=0.00 bars=4 signals=0 trades=0 balance=10000.00 uptime=3780s
2026-05-12 21:06:48 | INFO     | ayumi.forward_test | [B5 Periodic] ticks=1121 bars_built=4 signals=0 traded=0 eval_errors=0
2026-05-12 21:07:43 | INFO     | ayumi.blend_launcher | [B5 Health] ticks=1122 tps=0.00 bars=4 signals=0 trades=0 balance=10000.00 uptime=3840s
2026-05-12 21:07:48 | INFO     | ayumi.forward_test | [B5 Periodic] ticks=1122 bars_built=4 signals=0 traded=0 eval_errors=0
2026-05-12 21:08:43 | INFO     | ayumi.blend_launcher | [B5 Health] ticks=1122 tps=0.00 bars=4 signals=0 trades=0 balance=10000.00 uptime=3900s
2026-05-12 21:08:48 | INFO     | ayumi.forward_test | [B5 Periodic] ticks=1122 bars_built=4 signals=0 traded=0 eval_errors=0
2026-05-12 21:09:43 | INFO     | ayumi.blend_launcher | [B5 Health] ticks=1122 tps=0.00 bars=4 signals=0 trades=0 balance=10000.00 uptime=3960s
2026-05-12 21:09:48 | INFO     | ayumi.forward_test | [B5 Periodic] ticks=1122 bars_built=4 signals=0 traded=0 eval_errors=0
2026-05-12 21:10:43 | INFO     | ayumi.blend_launcher | [B5 Health] ticks=1123 tps=0.00 bars=4 signals=0 trades=0 balance=10000.00 uptime=4020s
2026-05-12 21:10:48 | INFO     | ayumi.forward_test | [B5 Periodic] ticks=1125 bars_built=4 signals=0 traded=0 eval_errors=0
2026-05-12 21:11:43 | INFO     | ayumi.blend_launcher | [B5 Health] ticks=1126 tps=0.20 bars=4 signals=0 trades=0 balance=10000.00 uptime=4080s
2026-05-12 21:11:48 | INFO     | ayumi.forward_test | [B5 Periodic] ticks=1126 bars_built=4 signals=0 traded=0 eval_errors=0
2026-05-12 21:12:43 | INFO     | ayumi.blend_launcher | [B5 Health] ticks=1133 tps=0.00 bars=4 signals=0 trades=0 balance=10000.00 uptime=4140s
2026-05-12 21:12:48 | INFO     | ayumi.forward_test | [B5 Periodic] ticks=1133 bars_built=4 signals=0 traded=0 eval_errors=0
2026-05-12 21:13:43 | INFO     | ayumi.blend_launcher | [B5 Health] ticks=1137 tps=0.47 bars=4 signals=0 trades=0 balance=10000.00 uptime=4200s
2026-05-12 21:13:48 | INFO     | ayumi.forward_test | [B5 Periodic] ticks=1137 bars_built=4 signals=0 traded=0 eval_errors=0
2026-05-12 21:14:43 | INFO     | ayumi.blend_launcher | [B5 Health] ticks=1141 tps=0.37 bars=4 signals=0 trades=0 balance=10000.00 uptime=4260s
2026-05-12 21:14:48 | INFO     | ayumi.forward_test | [B5 Periodic] ticks=1143 bars_built=4 signals=0 traded=0 eval_errors=0
2026-05-12 21:15:43 | INFO     | ayumi.blend_launcher | [B5 Health] ticks=1146 tps=0.00 bars=4 signals=0 trades=0 balance=10000.00 uptime=4320s
2026-05-12 21:15:48 | INFO     | ayumi.forward_test | [B5 Periodic] ticks=1147 bars_built=4 signals=0 traded=0 eval_errors=0
2026-05-12 21:16:43 | INFO     | ayumi.blend_launcher | [B5 Health] ticks=1163 tps=1.07 bars=4 signals=0 trades=0 balance=10000.00 uptime=4381s
2026-05-12 21:16:48 | INFO     | ayumi.forward_test | [B5 Periodic] ticks=1163 bars_built=4 signals=0 traded=0 eval_errors=0
2026-05-12 21:17:43 | INFO     | ayumi.blend_launcher | [B5 Health] ticks=1168 tps=6.64 bars=4 signals=0 trades=0 balance=10000.00 uptime=4441s
2026-05-12 21:17:48 | INFO     | ayumi.forward_test | [B5 Periodic] ticks=1169 bars_built=4 signals=0 traded=0 eval_errors=0
2026-05-12 21:18:43 | INFO     | ayumi.blend_launcher | [B5 Health] ticks=1173 tps=0.31 bars=4 signals=0 trades=0 balance=10000.00 uptime=4501s
2026-05-12 21:18:48 | INFO     | ayumi.forward_test | [B5 Periodic] ticks=1173 bars_built=4 signals=0 traded=0 eval_errors=0
2026-05-12 21:19:43 | INFO     | ayumi.blend_launcher | [B5 Health] ticks=1177 tps=2.00 bars=4 signals=0 trades=0 balance=10000.00 uptime=4561s
2026-05-12 21:19:48 | INFO     | ayumi.forward_test | [B5 Periodic] ticks=1177 bars_built=4 signals=0 traded=0 eval_errors=0
2026-05-12 21:20:43 | INFO     | ayumi.blend_launcher | [B5 Health] ticks=1187 tps=0.43 bars=4 signals=0 trades=0 balance=10000.00 uptime=4621s
2026-05-12 21:20:48 | INFO     | ayumi.forward_test | [B5 Periodic] ticks=1187 bars_built=4 signals=0 traded=0 eval_errors=0
2026-05-12 21:21:43 | INFO     | ayumi.blend_launcher | [B5 Health] ticks=1192 tps=0.35 bars=4 signals=0 trades=0 balance=10000.00 uptime=4681s
2026-05-12 21:21:48 | INFO     | ayumi.forward_test | [B5 Periodic] ticks=1192 bars_built=4 signals=0 traded=0 eval_errors=0
2026-05-12 21:22:43 | INFO     | ayumi.blend_launcher | [B5 Health] ticks=1197 tps=0.00 bars=4 signals=0 trades=0 balance=10000.00 uptime=4741s
2026-05-12 21:22:48 | INFO     | ayumi.forward_test | [B5 Periodic] ticks=1197 bars_built=4 signals=0 traded=0 eval_errors=0
2026-05-12 21:23:43 | INFO     | ayumi.blend_launcher | [B5 Health] ticks=1201 tps=0.75 bars=4 signals=0 trades=0 balance=10000.00 uptime=4801s
2026-05-12 21:23:48 | INFO     | ayumi.forward_test | [B5 Periodic] ticks=1201 bars_built=4 signals=0 traded=0 eval_errors=0
2026-05-12 21:24:43 | INFO     | ayumi.blend_launcher | [B5 Health] ticks=1207 tps=0.48 bars=4 signals=0 trades=0 balance=10000.00 uptime=4861s
2026-05-12 21:24:48 | INFO     | ayumi.forward_test | [B5 Periodic] ticks=1207 bars_built=4 signals=0 traded=0 eval_errors=0
2026-05-12 21:25:43 | INFO     | ayumi.blend_launcher | [B5 Health] ticks=1213 tps=0.00 bars=4 signals=0 trades=0 balance=10000.00 uptime=4921s
2026-05-12 21:25:48 | INFO     | ayumi.forward_test | [B5 Periodic] ticks=1213 bars_built=4 signals=0 traded=0 eval_errors=0
2026-05-12 21:26:43 | INFO     | ayumi.blend_launcher | [B5 Health] ticks=1219 tps=0.00 bars=4 signals=0 trades=0 balance=10000.00 uptime=4981s
2026-05-12 21:26:48 | INFO     | ayumi.forward_test | [B5 Periodic] ticks=1219 bars_built=4 signals=0 traded=0 eval_errors=0
2026-05-12 21:27:43 | INFO     | ayumi.blend_launcher | [B5 Health] ticks=1227 tps=0.00 bars=4 signals=0 trades=0 balance=10000.00 uptime=5041s
2026-05-12 21:27:48 | INFO     | ayumi.forward_test | [B5 Periodic] ticks=1229 bars_built=4 signals=0 traded=0 eval_errors=0
2026-05-12 21:28:43 | INFO     | ayumi.blend_launcher | [B5 Health] ticks=1233 tps=0.44 bars=4 signals=0 trades=0 balance=10000.00 uptime=5101s
2026-05-12 21:28:48 | INFO     | ayumi.forward_test | [B5 Periodic] ticks=1233 bars_built=4 signals=0 traded=0 eval_errors=0
2026-05-12 21:29:43 | INFO     | ayumi.blend_launcher | [B5 Health] ticks=1238 tps=0.30 bars=4 signals=0 trades=0 balance=10000.00 uptime=5161s
2026-05-12 21:29:48 | INFO     | ayumi.forward_test | [B5 Periodic] ticks=1238 bars_built=4 signals=0 traded=0 eval_errors=0
2026-05-12 21:30:43 | INFO     | ayumi.blend_launcher | [B5 Health] ticks=1253 tps=1.34 bars=4 signals=0 trades=0 balance=10000.00 uptime=5221s
2026-05-12 21:30:48 | INFO     | ayumi.forward_test | [B5 Periodic] ticks=1253 bars_built=4 signals=0 traded=0 eval_errors=0
2026-05-12 21:31:43 | INFO     | ayumi.blend_launcher | [B5 Health] ticks=1259 tps=0.00 bars=4 signals=0 trades=0 balance=10000.00 uptime=5281s
2026-05-12 21:31:48 | INFO     | ayumi.forward_test | [B5 Periodic] ticks=1260 bars_built=4 signals=0 traded=0 eval_errors=0
2026-05-12 21:32:43 | INFO     | ayumi.blend_launcher | [B5 Health] ticks=1275 tps=0.34 bars=4 signals=0 trades=0 balance=10000.00 uptime=5341s
2026-05-12 21:32:48 | INFO     | ayumi.forward_test | [B5 Periodic] ticks=1278 bars_built=4 signals=0 traded=0 eval_errors=0
2026-05-12 21:33:43 | INFO     | ayumi.blend_launcher | [B5 Health] ticks=1303 tps=0.00 bars=4 signals=0 trades=0 balance=10000.00 uptime=5401s
2026-05-12 21:33:48 | INFO     | ayumi.forward_test | [B5 Periodic] ticks=1303 bars_built=4 signals=0 traded=0 eval_errors=0
2026-05-12 21:34:43 | INFO     | ayumi.blend_launcher | [B5 Health] ticks=1318 tps=0.55 bars=4 signals=0 trades=0 balance=10000.00 uptime=5461s
2026-05-12 21:34:48 | INFO     | ayumi.forward_test | [B5 Periodic] ticks=1319 bars_built=4 signals=0 traded=0 eval_errors=0
2026-05-12 21:35:43 | INFO     | ayumi.blend_launcher | [B5 Health] ticks=1338 tps=0.69 bars=4 signals=0 trades=0 balance=10000.00 uptime=5521s
2026-05-12 21:35:48 | INFO     | ayumi.forward_test | [B5 Periodic] ticks=1339 bars_built=4 signals=0 traded=0 eval_errors=0
2026-05-12 21:36:43 | INFO     | ayumi.blend_launcher | [B5 Health] ticks=1353 tps=0.67 bars=4 signals=0 trades=0 balance=10000.00 uptime=5581s
2026-05-12 21:36:48 | INFO     | ayumi.forward_test | [B5 Periodic] ticks=1357 bars_built=4 signals=0 traded=0 eval_errors=0
2026-05-12 21:37:43 | INFO     | ayumi.blend_launcher | [B5 Health] ticks=1366 tps=6.69 bars=4 signals=0 trades=0 balance=10000.00 uptime=5641s
2026-05-12 21:37:48 | INFO     | ayumi.forward_test | [B5 Periodic] ticks=1366 bars_built=4 signals=0 traded=0 eval_errors=0
2026-05-12 21:38:43 | INFO     | ayumi.blend_launcher | [B5 Health] ticks=1374 tps=0.58 bars=4 signals=0 trades=0 balance=10000.00 uptime=5701s
2026-05-12 21:38:48 | INFO     | ayumi.forward_test | [B5 Periodic] ticks=1377 bars_built=4 signals=0 traded=0 eval_errors=0
2026-05-12 21:39:43 | INFO     | ayumi.blend_launcher | [B5 Health] ticks=1385 tps=1.11 bars=4 signals=0 trades=0 balance=10000.00 uptime=5761s
2026-05-12 21:39:48 | INFO     | ayumi.forward_test | [B5 Periodic] ticks=1385 bars_built=4 signals=0 traded=0 eval_errors=0
2026-05-12 21:40:43 | INFO     | ayumi.blend_launcher | [B5 Health] ticks=1385 tps=1.11 bars=4 signals=0 trades=0 balance=10000.00 uptime=5821s
2026-05-12 21:40:48 | INFO     | ayumi.forward_test | [B5 Periodic] ticks=1385 bars_built=4 signals=0 traded=0 eval_errors=0
2026-05-12 21:41:43 | INFO     | ayumi.blend_launcher | [B5 Health] ticks=1387 tps=0.00 bars=4 signals=0 trades=0 balance=10000.00 uptime=5881s
2026-05-12 21:41:48 | INFO     | ayumi.forward_test | [B5 Periodic] ticks=1387 bars_built=4 signals=0 traded=0 eval_errors=0
2026-05-12 21:42:43 | INFO     | ayumi.blend_launcher | [B5 Health] ticks=1388 tps=0.00 bars=4 signals=0 trades=0 balance=10000.00 uptime=5941s
2026-05-12 21:42:48 | INFO     | ayumi.forward_test | [B5 Periodic] ticks=1388 bars_built=4 signals=0 traded=0 eval_errors=0
2026-05-12 21:43:43 | INFO     | ayumi.blend_launcher | [B5 Health] ticks=1389 tps=0.00 bars=4 signals=0 trades=0 balance=10000.00 uptime=6001s
2026-05-12 21:43:48 | INFO     | ayumi.forward_test | [B5 Periodic] ticks=1389 bars_built=4 signals=0 traded=0 eval_errors=0
2026-05-12 21:44:43 | INFO     | ayumi.blend_launcher | [B5 Health] ticks=1391 tps=6.67 bars=4 signals=0 trades=0 balance=10000.00 uptime=6061s
2026-05-12 21:44:48 | INFO     | ayumi.forward_test | [B5 Periodic] ticks=1391 bars_built=4 signals=0 traded=0 eval_errors=0
2026-05-12 21:45:43 | INFO     | ayumi.blend_launcher | [B5 Health] ticks=1397 tps=0.00 bars=4 signals=0 trades=0 balance=10000.00 uptime=6121s
2026-05-12 21:45:48 | INFO     | ayumi.forward_test | [B5 Periodic] ticks=1397 bars_built=4 signals=0 traded=0 eval_errors=0
2026-05-12 21:46:43 | INFO     | ayumi.blend_launcher | [B5 Health] ticks=1410 tps=0.99 bars=4 signals=0 trades=0 balance=10000.00 uptime=6181s
2026-05-12 21:46:48 | INFO     | ayumi.forward_test | [B5 Periodic] ticks=1413 bars_built=4 signals=0 traded=0 eval_errors=0
2026-05-12 21:47:43 | INFO     | ayumi.blend_launcher | [B5 Health] ticks=1430 tps=0.78 bars=4 signals=0 trades=0 balance=10000.00 uptime=6241s
2026-05-12 21:47:48 | INFO     | ayumi.forward_test | [B5 Periodic] ticks=1432 bars_built=4 signals=0 traded=0 eval_errors=0
2026-05-12 21:48:43 | INFO     | ayumi.blend_launcher | [B5 Health] ticks=1451 tps=0.52 bars=4 signals=0 trades=0 balance=10000.00 uptime=6301s
2026-05-12 21:48:48 | INFO     | ayumi.forward_test | [B5 Periodic] ticks=1451 bars_built=4 signals=0 traded=0 eval_errors=0
2026-05-12 21:49:43 | INFO     | ayumi.blend_launcher | [B5 Health] ticks=1465 tps=1.03 bars=4 signals=0 trades=0 balance=10000.00 uptime=6361s
2026-05-12 21:49:48 | INFO     | ayumi.forward_test | [B5 Periodic] ticks=1466 bars_built=4 signals=0 traded=0 eval_errors=0
2026-05-12 21:50:43 | INFO     | ayumi.blend_launcher | [B5 Health] ticks=1466 tps=0.53 bars=4 signals=0 trades=0 balance=10000.00 uptime=6421s
2026-05-12 21:50:48 | INFO     | ayumi.forward_test | [B5 Periodic] ticks=1466 bars_built=4 signals=0 traded=0 eval_errors=0
2026-05-12 21:51:43 | INFO     | ayumi.blend_launcher | [B5 Health] ticks=1479 tps=0.44 bars=4 signals=0 trades=0 balance=10000.00 uptime=6481s
2026-05-12 21:51:48 | INFO     | ayumi.forward_test | [B5 Periodic] ticks=1481 bars_built=4 signals=0 traded=0 eval_errors=0
2026-05-12 21:52:43 | INFO     | ayumi.blend_launcher | [B5 Health] ticks=1489 tps=0.34 bars=4 signals=0 trades=0 balance=10000.00 uptime=6541s
2026-05-12 21:52:48 | INFO     | ayumi.forward_test | [B5 Periodic] ticks=1491 bars_built=4 signals=0 traded=0 eval_errors=0
2026-05-12 21:53:43 | INFO     | ayumi.blend_launcher | [B5 Health] ticks=1496 tps=0.77 bars=4 signals=0 trades=0 balance=10000.00 uptime=6601s
2026-05-12 21:53:48 | INFO     | ayumi.forward_test | [B5 Periodic] ticks=1496 bars_built=4 signals=0 traded=0 eval_errors=0
2026-05-12 21:54:43 | INFO     | ayumi.blend_launcher | [B5 Health] ticks=1505 tps=0.76 bars=4 signals=0 trades=0 balance=10000.00 uptime=6661s
2026-05-12 21:54:48 | INFO     | ayumi.forward_test | [B5 Periodic] ticks=1506 bars_built=4 signals=0 traded=0 eval_errors=0
2026-05-12 21:55:43 | INFO     | ayumi.blend_launcher | [B5 Health] ticks=1520 tps=0.53 bars=4 signals=0 trades=0 balance=10000.00 uptime=6721s
2026-05-12 21:55:48 | INFO     | ayumi.forward_test | [B5 Periodic] ticks=1520 bars_built=4 signals=0 traded=0 eval_errors=0
2026-05-12 21:56:43 | INFO     | ayumi.blend_launcher | [B5 Health] ticks=1536 tps=0.53 bars=4 signals=0 trades=0 balance=10000.00 uptime=6781s
2026-05-12 21:56:48 | INFO     | ayumi.forward_test | [B5 Periodic] ticks=1540 bars_built=4 signals=0 traded=0 eval_errors=0
2026-05-12 21:57:43 | INFO     | ayumi.blend_launcher | [B5 Health] ticks=1569 tps=0.80 bars=4 signals=0 trades=0 balance=10000.00 uptime=6841s
2026-05-12 21:57:48 | INFO     | ayumi.forward_test | [B5 Periodic] ticks=1572 bars_built=4 signals=0 traded=0 eval_errors=0
2026-05-12 21:58:43 | INFO     | ayumi.blend_launcher | [B5 Health] ticks=1588 tps=0.66 bars=4 signals=0 trades=0 balance=10000.00 uptime=6901s
2026-05-12 21:58:48 | INFO     | ayumi.forward_test | [B5 Periodic] ticks=1589 bars_built=4 signals=0 traded=0 eval_errors=0
2026-05-12 21:59:43 | INFO     | ayumi.blend_launcher | [B5 Health] ticks=1601 tps=0.33 bars=4 signals=0 trades=0 balance=10000.00 uptime=6961s
2026-05-12 21:59:48 | INFO     | ayumi.forward_test | [B5 Periodic] ticks=1604 bars_built=4 signals=0 traded=0 eval_errors=0
2026-05-12 22:00:43 | INFO     | ayumi.blend_launcher | [B5 Health] ticks=1649 tps=0.00 bars=4 signals=0 trades=0 balance=10000.00 uptime=7021s
2026-05-12 22:00:48 | INFO     | ayumi.forward_test | [B5 Periodic] ticks=1652 bars_built=4 signals=0 traded=0 eval_errors=0
2026-05-12 22:01:43 | INFO     | ayumi.blend_launcher | [B5 Health] ticks=1666 tps=5.15 bars=4 signals=0 trades=0 balance=10000.00 uptime=7081s
2026-05-12 22:01:48 | INFO     | ayumi.forward_test | [B5 Periodic] ticks=1669 bars_built=4 signals=0 traded=0 eval_errors=0
2026-05-12 22:02:43 | INFO     | ayumi.blend_launcher | [B5 Health] ticks=1682 tps=0.45 bars=4 signals=0 trades=0 balance=10000.00 uptime=7141s
2026-05-12 22:02:48 | INFO     | ayumi.forward_test | [B5 Periodic] ticks=1682 bars_built=4 signals=0 traded=0 eval_errors=0
2026-05-12 22:03:43 | INFO     | ayumi.blend_launcher | [B5 Health] ticks=1704 tps=4.29 bars=4 signals=0 trades=0 balance=10000.00 uptime=7201s
2026-05-12 22:03:48 | INFO     | ayumi.forward_test | [B5 Periodic] ticks=1709 bars_built=4 signals=0 traded=0 eval_errors=0
2026-05-12 22:04:43 | INFO     | ayumi.blend_launcher | [B5 Health] ticks=1730 tps=1.53 bars=4 signals=0 trades=0 balance=10000.00 uptime=7261s
2026-05-12 22:04:48 | INFO     | ayumi.forward_test | [B5 Periodic] ticks=1731 bars_built=4 signals=0 traded=0 eval_errors=0
2026-05-12 22:05:43 | INFO     | ayumi.blend_launcher | [B5 Health] ticks=1749 tps=0.00 bars=4 signals=0 trades=0 balance=10000.00 uptime=7321s
2026-05-12 22:05:48 | INFO     | ayumi.forward_test | [B5 Periodic] ticks=1750 bars_built=4 signals=0 traded=0 eval_errors=0
2026-05-12 22:06:43 | INFO     | ayumi.blend_launcher | [B5 Health] ticks=1763 tps=0.28 bars=4 signals=0 trades=0 balance=10000.00 uptime=7381s
2026-05-12 22:06:48 | INFO     | ayumi.forward_test | [B5 Periodic] ticks=1764 bars_built=4 signals=0 traded=0 eval_errors=0
2026-05-12 22:07:43 | INFO     | ayumi.blend_launcher | [B5 Health] ticks=1780 tps=0.52 bars=4 signals=0 trades=0 balance=10000.00 uptime=7441s
2026-05-12 22:07:48 | INFO     | ayumi.forward_test | [B5 Periodic] ticks=1781 bars_built=4 signals=0 traded=0 eval_errors=0
2026-05-12 22:08:43 | INFO     | ayumi.blend_launcher | [B5 Health] ticks=1794 tps=0.76 bars=4 signals=0 trades=0 balance=10000.00 uptime=7501s
2026-05-12 22:08:48 | INFO     | ayumi.forward_test | [B5 Periodic] ticks=1795 bars_built=4 signals=0 traded=0 eval_errors=0
2026-05-12 22:09:43 | INFO     | ayumi.blend_launcher | [B5 Health] ticks=1816 tps=1.43 bars=4 signals=0 trades=0 balance=10000.00 uptime=7561s
2026-05-12 22:09:48 | INFO     | ayumi.forward_test | [B5 Periodic] ticks=1816 bars_built=4 signals=0 traded=0 eval_errors=0
2026-05-12 22:10:43 | INFO     | ayumi.blend_launcher | [B5 Health] ticks=1835 tps=1.15 bars=4 signals=0 trades=0 balance=10000.00 uptime=7621s
2026-05-12 22:10:48 | INFO     | ayumi.forward_test | [B5 Periodic] ticks=1836 bars_built=4 signals=0 traded=0 eval_errors=0
2026-05-12 22:11:43 | INFO     | ayumi.blend_launcher | [B5 Health] ticks=1842 tps=0.21 bars=4 signals=0 trades=0 balance=10000.00 uptime=7681s
2026-05-12 22:11:48 | INFO     | ayumi.forward_test | [B5 Periodic] ticks=1843 bars_built=4 signals=0 traded=0 eval_errors=0
2026-05-12 22:12:43 | INFO     | ayumi.blend_launcher | [B5 Health] ticks=1856 tps=0.41 bars=4 signals=0 trades=0 balance=10000.00 uptime=7741s
2026-05-12 22:12:48 | INFO     | ayumi.forward_test | [B5 Periodic] ticks=1856 bars_built=4 signals=0 traded=0 eval_errors=0
2026-05-12 22:13:43 | INFO     | ayumi.blend_launcher | [B5 Health] ticks=1867 tps=0.34 bars=4 signals=0 trades=0 balance=10000.00 uptime=7801s
2026-05-12 22:13:48 | INFO     | ayumi.forward_test | [B5 Periodic] ticks=1868 bars_built=4 signals=0 traded=0 eval_errors=0
2026-05-12 22:14:43 | INFO     | ayumi.blend_launcher | [B5 Health] ticks=1880 tps=0.35 bars=4 signals=0 trades=0 balance=10000.00 uptime=7861s
2026-05-12 22:14:48 | INFO     | ayumi.forward_test | [B5 Periodic] ticks=1880 bars_built=4 signals=0 traded=0 eval_errors=0
2026-05-12 22:15:43 | INFO     | ayumi.blend_launcher | [B5 Health] ticks=1905 tps=0.61 bars=4 signals=0 trades=0 balance=10000.00 uptime=7921s
2026-05-12 22:15:48 | INFO     | ayumi.forward_test | [B5 Periodic] ticks=1909 bars_built=4 signals=0 traded=0 eval_errors=0
2026-05-12 22:16:43 | INFO     | ayumi.blend_launcher | [B5 Health] ticks=1948 tps=1.12 bars=4 signals=0 trades=0 balance=10000.00 uptime=7981s
2026-05-12 22:16:48 | INFO     | ayumi.forward_test | [B5 Periodic] ticks=1952 bars_built=4 signals=0 traded=0 eval_errors=0
2026-05-12 22:17:43 | INFO     | ayumi.blend_launcher | [B5 Health] ticks=1977 tps=0.63 bars=4 signals=0 trades=0 balance=10000.00 uptime=8041s
2026-05-12 22:17:48 | INFO     | ayumi.forward_test | [B5 Periodic] ticks=1977 bars_built=4 signals=0 traded=0 eval_errors=0
2026-05-12 22:18:43 | INFO     | ayumi.blend_launcher | [B5 Health] ticks=1990 tps=0.51 bars=4 signals=0 trades=0 balance=10000.00 uptime=8101s
2026-05-12 22:18:48 | INFO     | ayumi.forward_test | [B5 Periodic] ticks=1990 bars_built=4 signals=0 traded=0 eval_errors=0
2026-05-12 22:19:43 | INFO     | ayumi.blend_launcher | [B5 Health] ticks=2002 tps=0.89 bars=4 signals=0 trades=0 balance=10000.00 uptime=8161s
2026-05-12 22:19:48 | INFO     | ayumi.forward_test | [B5 Periodic] ticks=2003 bars_built=4 signals=0 traded=0 eval_errors=0
2026-05-12 22:20:43 | INFO     | ayumi.blend_launcher | [B5 Health] ticks=2024 tps=0.37 bars=4 signals=0 trades=0 balance=10000.00 uptime=8221s
2026-05-12 22:20:48 | INFO     | ayumi.forward_test | [B5 Periodic] ticks=2026 bars_built=4 signals=0 traded=0 eval_errors=0
2026-05-12 22:21:43 | INFO     | ayumi.blend_launcher | [B5 Health] ticks=2038 tps=0.42 bars=4 signals=0 trades=0 balance=10000.00 uptime=8281s
2026-05-12 22:21:48 | INFO     | ayumi.forward_test | [B5 Periodic] ticks=2038 bars_built=4 signals=0 traded=0 eval_errors=0
2026-05-12 22:22:43 | INFO     | ayumi.blend_launcher | [B5 Health] ticks=2043 tps=0.00 bars=4 signals=0 trades=0 balance=10000.00 uptime=8341s
2026-05-12 22:22:48 | INFO     | ayumi.forward_test | [B5 Periodic] ticks=2047 bars_built=4 signals=0 traded=0 eval_errors=0
2026-05-12 22:23:43 | INFO     | ayumi.blend_launcher | [B5 Health] ticks=2068 tps=0.37 bars=4 signals=0 trades=0 balance=10000.00 uptime=8401s
2026-05-12 22:23:48 | INFO     | ayumi.forward_test | [B5 Periodic] ticks=2071 bars_built=4 signals=0 traded=0 eval_errors=0
2026-05-12 22:24:43 | INFO     | ayumi.blend_launcher | [B5 Health] ticks=2093 tps=0.85 bars=4 signals=0 trades=0 balance=10000.00 uptime=8461s
2026-05-12 22:24:48 | INFO     | ayumi.forward_test | [B5 Periodic] ticks=2094 bars_built=4 signals=0 traded=0 eval_errors=0
2026-05-12 22:25:43 | INFO     | ayumi.blend_launcher | [B5 Health] ticks=2110 tps=0.74 bars=4 signals=0 trades=0 balance=10000.00 uptime=8521s
2026-05-12 22:25:48 | INFO     | ayumi.forward_test | [B5 Periodic] ticks=2110 bars_built=4 signals=0 traded=0 eval_errors=0
2026-05-12 22:26:43 | INFO     | ayumi.blend_launcher | [B5 Health] ticks=2124 tps=0.43 bars=4 signals=0 trades=0 balance=10000.00 uptime=8581s
2026-05-12 22:26:48 | INFO     | ayumi.forward_test | [B5 Periodic] ticks=2126 bars_built=4 signals=0 traded=0 eval_errors=0
2026-05-12 22:27:43 | INFO     | ayumi.blend_launcher | [B5 Health] ticks=2143 tps=0.36 bars=4 signals=0 trades=0 balance=10000.00 uptime=8641s
2026-05-12 22:27:48 | INFO     | ayumi.forward_test | [B5 Periodic] ticks=2146 bars_built=4 signals=0 traded=0 eval_errors=0
2026-05-12 22:28:43 | INFO     | ayumi.blend_launcher | [B5 Health] ticks=2154 tps=0.00 bars=4 signals=0 trades=0 balance=10000.00 uptime=8701s
2026-05-12 22:28:48 | INFO     | ayumi.forward_test | [B5 Periodic] ticks=2155 bars_built=4 signals=0 traded=0 eval_errors=0
2026-05-12 22:29:43 | INFO     | ayumi.blend_launcher | [B5 Health] ticks=2163 tps=0.00 bars=4 signals=0 trades=0 balance=10000.00 uptime=8761s
2026-05-12 22:29:48 | INFO     | ayumi.forward_test | [B5 Periodic] ticks=2163 bars_built=4 signals=0 traded=0 eval_errors=0
2026-05-12 22:30:43 | INFO     | ayumi.blend_launcher | [B5 Health] ticks=2180 tps=0.61 bars=4 signals=0 trades=0 balance=10000.00 uptime=8821s
2026-05-12 22:30:48 | INFO     | ayumi.forward_test | [B5 Periodic] ticks=2180 bars_built=4 signals=0 traded=0 eval_errors=0
2026-05-12 22:31:43 | INFO     | ayumi.blend_launcher | [B5 Health] ticks=2185 tps=0.00 bars=4 signals=0 trades=0 balance=10000.00 uptime=8881s
2026-05-12 22:31:48 | INFO     | ayumi.forward_test | [B5 Periodic] ticks=2185 bars_built=4 signals=0 traded=0 eval_errors=0
2026-05-12 22:32:43 | INFO     | ayumi.blend_launcher | [B5 Health] ticks=2193 tps=1.66 bars=4 signals=0 trades=0 balance=10000.00 uptime=8941s
2026-05-12 22:32:48 | INFO     | ayumi.forward_test | [B5 Periodic] ticks=2195 bars_built=4 signals=0 traded=0 eval_errors=0
2026-05-12 22:33:44 | INFO     | ayumi.blend_launcher | [B5 Health] ticks=2223 tps=1.20 bars=4 signals=0 trades=0 balance=10000.00 uptime=9001s
2026-05-12 22:33:48 | INFO     | ayumi.forward_test | [B5 Periodic] ticks=2227 bars_built=4 signals=0 traded=0 eval_errors=0
2026-05-12 22:34:44 | INFO     | ayumi.blend_launcher | [B5 Health] ticks=2241 tps=0.44 bars=4 signals=0 trades=0 balance=10000.00 uptime=9061s
2026-05-12 22:34:48 | INFO     | ayumi.forward_test | [B5 Periodic] ticks=2242 bars_built=4 signals=0 traded=0 eval_errors=0
2026-05-12 22:35:44 | INFO     | ayumi.blend_launcher | [B5 Health] ticks=2249 tps=0.40 bars=4 signals=0 trades=0 balance=10000.00 uptime=9121s
2026-05-12 22:35:48 | INFO     | ayumi.forward_test | [B5 Periodic] ticks=2249 bars_built=4 signals=0 traded=0 eval_errors=0
2026-05-12 22:36:44 | INFO     | ayumi.blend_launcher | [B5 Health] ticks=2254 tps=0.00 bars=4 signals=0 trades=0 balance=10000.00 uptime=9181s
2026-05-12 22:36:48 | INFO     | ayumi.forward_test | [B5 Periodic] ticks=2254 bars_built=4 signals=0 traded=0 eval_errors=0
2026-05-12 22:37:44 | INFO     | ayumi.blend_launcher | [B5 Health] ticks=2262 tps=0.41 bars=4 signals=0 trades=0 balance=10000.00 uptime=9241s
2026-05-12 22:37:48 | INFO     | ayumi.forward_test | [B5 Periodic] ticks=2262 bars_built=4 signals=0 traded=0 eval_errors=0
2026-05-12 22:38:44 | INFO     | ayumi.blend_launcher | [B5 Health] ticks=2274 tps=0.25 bars=4 signals=0 trades=0 balance=10000.00 uptime=9301s
2026-05-12 22:38:48 | INFO     | ayumi.forward_test | [B5 Periodic] ticks=2274 bars_built=4 signals=0 traded=0 eval_errors=0
2026-05-12 22:39:44 | INFO     | ayumi.blend_launcher | [B5 Health] ticks=2290 tps=6.65 bars=4 signals=0 trades=0 balance=10000.00 uptime=9361s
2026-05-12 22:39:48 | INFO     | ayumi.forward_test | [B5 Periodic] ticks=2291 bars_built=4 signals=0 traded=0 eval_errors=0
2026-05-12 22:40:44 | INFO     | ayumi.blend_launcher | [B5 Health] ticks=2298 tps=0.00 bars=4 signals=0 trades=0 balance=10000.00 uptime=9421s
2026-05-12 22:40:48 | INFO     | ayumi.forward_test | [B5 Periodic] ticks=2300 bars_built=4 signals=0 traded=0 eval_errors=0
2026-05-12 22:41:44 | INFO     | ayumi.blend_launcher | [B5 Health] ticks=2317 tps=1.59 bars=4 signals=0 trades=0 balance=10000.00 uptime=9481s
2026-05-12 22:41:48 | INFO     | ayumi.forward_test | [B5 Periodic] ticks=2317 bars_built=4 signals=0 traded=0 eval_errors=0
2026-05-12 22:42:44 | INFO     | ayumi.blend_launcher | [B5 Health] ticks=2327 tps=0.36 bars=4 signals=0 trades=0 balance=10000.00 uptime=9541s
2026-05-12 22:42:48 | INFO     | ayumi.forward_test | [B5 Periodic] ticks=2328 bars_built=4 signals=0 traded=0 eval_errors=0
2026-05-12 22:43:44 | INFO     | ayumi.blend_launcher | [B5 Health] ticks=2338 tps=0.88 bars=4 signals=0 trades=0 balance=10000.00 uptime=9601s
2026-05-12 22:43:48 | INFO     | ayumi.forward_test | [B5 Periodic] ticks=2338 bars_built=4 signals=0 traded=0 eval_errors=0
2026-05-12 22:44:44 | INFO     | ayumi.blend_launcher | [B5 Health] ticks=2360 tps=0.91 bars=4 signals=0 trades=0 balance=10000.00 uptime=9661s
2026-05-12 22:44:48 | INFO     | ayumi.forward_test | [B5 Periodic] ticks=2361 bars_built=4 signals=0 traded=0 eval_errors=0
2026-05-12 22:45:44 | INFO     | ayumi.blend_launcher | [B5 Health] ticks=2375 tps=1.57 bars=4 signals=0 trades=0 balance=10000.00 uptime=9721s
2026-05-12 22:45:48 | INFO     | ayumi.forward_test | [B5 Periodic] ticks=2375 bars_built=4 signals=0 traded=0 eval_errors=0
2026-05-12 22:46:44 | INFO     | ayumi.blend_launcher | [B5 Health] ticks=2388 tps=0.29 bars=4 signals=0 trades=0 balance=10000.00 uptime=9781s
2026-05-12 22:46:48 | INFO     | ayumi.forward_test | [B5 Periodic] ticks=2388 bars_built=4 signals=0 traded=0 eval_errors=0
2026-05-12 22:47:44 | INFO     | ayumi.blend_launcher | [B5 Health] ticks=2392 tps=0.44 bars=4 signals=0 trades=0 balance=10000.00 uptime=9841s
2026-05-12 22:47:48 | INFO     | ayumi.forward_test | [B5 Periodic] ticks=2393 bars_built=4 signals=0 traded=0 eval_errors=0
2026-05-12 22:48:44 | INFO     | ayumi.blend_launcher | [B5 Health] ticks=2402 tps=6.58 bars=4 signals=0 trades=0 balance=10000.00 uptime=9901s
2026-05-12 22:48:48 | INFO     | ayumi.forward_test | [B5 Periodic] ticks=2403 bars_built=4 signals=0 traded=0 eval_errors=0
2026-05-12 22:49:44 | INFO     | ayumi.blend_launcher | [B5 Health] ticks=2430 tps=0.44 bars=4 signals=0 trades=0 balance=10000.00 uptime=9961s
2026-05-12 22:49:48 | INFO     | ayumi.forward_test | [B5 Periodic] ticks=2432 bars_built=4 signals=0 traded=0 eval_errors=0
2026-05-12 22:50:44 | INFO     | ayumi.blend_launcher | [B5 Health] ticks=2454 tps=0.78 bars=4 signals=0 trades=0 balance=10000.00 uptime=10021s
2026-05-12 22:50:48 | INFO     | ayumi.forward_test | [B5 Periodic] ticks=2457 bars_built=4 signals=0 traded=0 eval_errors=0
2026-05-12 22:51:44 | INFO     | ayumi.blend_launcher | [B5 Health] ticks=2475 tps=0.34 bars=4 signals=0 trades=0 balance=10000.00 uptime=10081s
2026-05-12 22:51:48 | INFO     | ayumi.forward_test | [B5 Periodic] ticks=2476 bars_built=4 signals=0 traded=0 eval_errors=0
2026-05-12 22:52:44 | INFO     | ayumi.blend_launcher | [B5 Health] ticks=2501 tps=1.36 bars=4 signals=0 trades=0 balance=10000.00 uptime=10141s
2026-05-12 22:52:48 | INFO     | ayumi.forward_test | [B5 Periodic] ticks=2502 bars_built=4 signals=0 traded=0 eval_errors=0
2026-05-12 22:53:44 | INFO     | ayumi.blend_launcher | [B5 Health] ticks=2528 tps=0.48 bars=4 signals=0 trades=0 balance=10000.00 uptime=10201s
2026-05-12 22:53:48 | INFO     | ayumi.forward_test | [B5 Periodic] ticks=2528 bars_built=4 signals=0 traded=0 eval_errors=0
2026-05-12 22:54:44 | INFO     | ayumi.blend_launcher | [B5 Health] ticks=2538 tps=0.48 bars=4 signals=0 trades=0 balance=10000.00 uptime=10261s
2026-05-12 22:54:48 | INFO     | ayumi.forward_test | [B5 Periodic] ticks=2538 bars_built=4 signals=0 traded=0 eval_errors=0
2026-05-12 22:55:44 | INFO     | ayumi.blend_launcher | [B5 Health] ticks=2568 tps=0.77 bars=4 signals=0 trades=0 balance=10000.00 uptime=10321s
2026-05-12 22:55:48 | INFO     | ayumi.forward_test | [B5 Periodic] ticks=2568 bars_built=4 signals=0 traded=0 eval_errors=0
2026-05-12 22:56:44 | INFO     | ayumi.blend_launcher | [B5 Health] ticks=2583 tps=1.31 bars=4 signals=0 trades=0 balance=10000.00 uptime=10381s
2026-05-12 22:56:48 | INFO     | ayumi.forward_test | [B5 Periodic] ticks=2584 bars_built=4 signals=0 traded=0 eval_errors=0
2026-05-12 22:57:44 | INFO     | ayumi.blend_launcher | [B5 Health] ticks=2611 tps=0.71 bars=4 signals=0 trades=0 balance=10000.00 uptime=10441s
2026-05-12 22:57:48 | INFO     | ayumi.forward_test | [B5 Periodic] ticks=2616 bars_built=4 signals=0 traded=0 eval_errors=0
2026-05-12 22:58:44 | INFO     | ayumi.blend_launcher | [B5 Health] ticks=2624 tps=0.31 bars=4 signals=0 trades=0 balance=10000.00 uptime=10501s
2026-05-12 22:58:48 | INFO     | ayumi.forward_test | [B5 Periodic] ticks=2626 bars_built=4 signals=0 traded=0 eval_errors=0
2026-05-12 22:59:44 | INFO     | ayumi.blend_launcher | [B5 Health] ticks=2630 tps=1.49 bars=4 signals=0 trades=0 balance=10000.00 uptime=10561s
2026-05-12 22:59:48 | INFO     | ayumi.forward_test | [B5 Periodic] ticks=2630 bars_built=4 signals=0 traded=0 eval_errors=0
2026-05-12 23:00:44 | INFO     | ayumi.blend_launcher | [B5 Health] ticks=2647 tps=0.00 bars=4 signals=0 trades=0 balance=10000.00 uptime=10621s
2026-05-12 23:00:48 | INFO     | ayumi.forward_test | [B5 Periodic] ticks=2652 bars_built=4 signals=0 traded=0 eval_errors=0
2026-05-12 23:01:44 | INFO     | ayumi.blend_launcher | [B5 Health] ticks=2670 tps=0.47 bars=4 signals=0 trades=0 balance=10000.00 uptime=10681s
2026-05-12 23:01:48 | INFO     | ayumi.forward_test | [B5 Periodic] ticks=2673 bars_built=4 signals=0 traded=0 eval_errors=0
2026-05-12 23:02:44 | INFO     | ayumi.blend_launcher | [B5 Health] ticks=2691 tps=0.33 bars=4 signals=0 trades=0 balance=10000.00 uptime=10741s
2026-05-12 23:02:48 | INFO     | ayumi.forward_test | [B5 Periodic] ticks=2693 bars_built=4 signals=0 traded=0 eval_errors=0
2026-05-12 23:03:44 | INFO     | ayumi.blend_launcher | [B5 Health] ticks=2704 tps=0.62 bars=4 signals=0 trades=0 balance=10000.00 uptime=10801s
2026-05-12 23:03:48 | INFO     | ayumi.forward_test | [B5 Periodic] ticks=2706 bars_built=4 signals=0 traded=0 eval_errors=0
2026-05-12 23:04:44 | INFO     | ayumi.blend_launcher | [B5 Health] ticks=2735 tps=0.75 bars=4 signals=0 trades=0 balance=10000.00 uptime=10861s
2026-05-12 23:04:48 | INFO     | ayumi.forward_test | [B5 Periodic] ticks=2737 bars_built=4 signals=0 traded=0 eval_errors=0
2026-05-12 23:05:44 | INFO     | ayumi.blend_launcher | [B5 Health] ticks=2761 tps=0.45 bars=4 signals=0 trades=0 balance=10000.00 uptime=10921s
2026-05-12 23:05:48 | INFO     | ayumi.forward_test | [B5 Periodic] ticks=2763 bars_built=4 signals=0 traded=0 eval_errors=0
2026-05-12 23:06:44 | INFO     | ayumi.blend_launcher | [B5 Health] ticks=2790 tps=0.41 bars=4 signals=0 trades=0 balance=10000.00 uptime=10981s
2026-05-12 23:06:48 | INFO     | ayumi.forward_test | [B5 Periodic] ticks=2792 bars_built=4 signals=0 traded=0 eval_errors=0
2026-05-12 23:07:44 | INFO     | ayumi.blend_launcher | [B5 Health] ticks=2804 tps=0.27 bars=4 signals=0 trades=0 balance=10000.00 uptime=11041s
2026-05-12 23:07:48 | INFO     | ayumi.forward_test | [B5 Periodic] ticks=2808 bars_built=4 signals=0 traded=0 eval_errors=0
2026-05-12 23:08:44 | INFO     | ayumi.blend_launcher | [B5 Health] ticks=2852 tps=1.47 bars=4 signals=0 trades=0 balance=10000.00 uptime=11101s
2026-05-12 23:08:48 | INFO     | ayumi.forward_test | [B5 Periodic] ticks=2854 bars_built=4 signals=0 traded=0 eval_errors=0
2026-05-12 23:09:44 | INFO     | ayumi.blend_launcher | [B5 Health] ticks=2877 tps=0.33 bars=4 signals=0 trades=0 balance=10000.00 uptime=11162s
2026-05-12 23:09:48 | INFO     | ayumi.forward_test | [B5 Periodic] ticks=2877 bars_built=4 signals=0 traded=0 eval_errors=0
2026-05-12 23:10:44 | INFO     | ayumi.blend_launcher | [B5 Health] ticks=2912 tps=0.37 bars=4 signals=0 trades=0 balance=10000.00 uptime=11222s
2026-05-12 23:10:48 | INFO     | ayumi.forward_test | [B5 Periodic] ticks=2917 bars_built=4 signals=0 traded=0 eval_errors=0
2026-05-12 23:11:44 | INFO     | ayumi.blend_launcher | [B5 Health] ticks=2955 tps=0.68 bars=4 signals=0 trades=0 balance=10000.00 uptime=11282s
2026-05-12 23:11:48 | INFO     | ayumi.forward_test | [B5 Periodic] ticks=2958 bars_built=4 signals=0 traded=0 eval_errors=0
2026-05-12 23:12:44 | INFO     | ayumi.blend_launcher | [B5 Health] ticks=2972 tps=0.86 bars=4 signals=0 trades=0 balance=10000.00 uptime=11342s
2026-05-12 23:12:48 | INFO     | ayumi.forward_test | [B5 Periodic] ticks=2972 bars_built=4 signals=0 traded=0 eval_errors=0
2026-05-12 23:13:44 | INFO     | ayumi.blend_launcher | [B5 Health] ticks=2994 tps=0.57 bars=4 signals=0 trades=0 balance=10000.00 uptime=11402s
2026-05-12 23:13:48 | INFO     | ayumi.forward_test | [B5 Periodic] ticks=2995 bars_built=4 signals=0 traded=0 eval_errors=0
2026-05-12 23:14:44 | INFO     | ayumi.blend_launcher | [B5 Health] ticks=3014 tps=0.57 bars=4 signals=0 trades=0 balance=10000.00 uptime=11462s
2026-05-12 23:14:48 | INFO     | ayumi.forward_test | [B5 Periodic] ticks=3015 bars_built=4 signals=0 traded=0 eval_errors=0
2026-05-12 23:15:44 | INFO     | ayumi.blend_launcher | [B5 Health] ticks=3030 tps=0.72 bars=4 signals=0 trades=0 balance=10000.00 uptime=11522s
2026-05-12 23:15:48 | INFO     | ayumi.forward_test | [B5 Periodic] ticks=3030 bars_built=4 signals=0 traded=0 eval_errors=0
2026-05-12 23:16:44 | INFO     | ayumi.blend_launcher | [B5 Health] ticks=3042 tps=0.43 bars=4 signals=0 trades=0 balance=10000.00 uptime=11582s
2026-05-12 23:16:48 | INFO     | ayumi.forward_test | [B5 Periodic] ticks=3043 bars_built=4 signals=0 traded=0 eval_errors=0
2026-05-12 23:17:44 | INFO     | ayumi.blend_launcher | [B5 Health] ticks=3050 tps=0.00 bars=4 signals=0 trades=0 balance=10000.00 uptime=11642s
2026-05-12 23:17:48 | INFO     | ayumi.forward_test | [B5 Periodic] ticks=3050 bars_built=4 signals=0 traded=0 eval_errors=0
2026-05-12 23:18:44 | INFO     | ayumi.blend_launcher | [B5 Health] ticks=3064 tps=0.00 bars=4 signals=0 trades=0 balance=10000.00 uptime=11702s
2026-05-12 23:18:48 | INFO     | ayumi.forward_test | [B5 Periodic] ticks=3064 bars_built=4 signals=0 traded=0 eval_errors=0
2026-05-12 23:19:44 | INFO     | ayumi.blend_launcher | [B5 Health] ticks=3073 tps=1.58 bars=4 signals=0 trades=0 balance=10000.00 uptime=11762s
2026-05-12 23:19:48 | INFO     | ayumi.forward_test | [B5 Periodic] ticks=3074 bars_built=4 signals=0 traded=0 eval_errors=0
2026-05-12 23:20:44 | INFO     | ayumi.blend_launcher | [B5 Health] ticks=3089 tps=1.56 bars=4 signals=0 trades=0 balance=10000.00 uptime=11822s
2026-05-12 23:20:48 | INFO     | ayumi.forward_test | [B5 Periodic] ticks=3091 bars_built=4 signals=0 traded=0 eval_errors=0
2026-05-12 23:21:44 | INFO     | ayumi.blend_launcher | [B5 Health] ticks=3101 tps=0.37 bars=4 signals=0 trades=0 balance=10000.00 uptime=11882s
2026-05-12 23:21:48 | INFO     | ayumi.forward_test | [B5 Periodic] ticks=3102 bars_built=4 signals=0 traded=0 eval_errors=0
2026-05-12 23:22:44 | INFO     | ayumi.blend_launcher | [B5 Health] ticks=3136 tps=0.87 bars=4 signals=0 trades=0 balance=10000.00 uptime=11942s
2026-05-12 23:22:48 | INFO     | ayumi.forward_test | [B5 Periodic] ticks=3137 bars_built=4 signals=0 traded=0 eval_errors=0
2026-05-12 23:23:44 | INFO     | ayumi.blend_launcher | [B5 Health] ticks=3164 tps=0.73 bars=4 signals=0 trades=0 balance=10000.00 uptime=12002s
2026-05-12 23:23:48 | INFO     | ayumi.forward_test | [B5 Periodic] ticks=3164 bars_built=4 signals=0 traded=0 eval_errors=0
2026-05-12 23:24:44 | INFO     | ayumi.blend_launcher | [B5 Health] ticks=3186 tps=0.35 bars=4 signals=0 trades=0 balance=10000.00 uptime=12062s
2026-05-12 23:24:48 | INFO     | ayumi.forward_test | [B5 Periodic] ticks=3189 bars_built=4 signals=0 traded=0 eval_errors=0
2026-05-12 23:25:44 | INFO     | ayumi.blend_launcher | [B5 Health] ticks=3199 tps=0.71 bars=4 signals=0 trades=0 balance=10000.00 uptime=12122s
2026-05-12 23:25:48 | INFO     | ayumi.forward_test | [B5 Periodic] ticks=3200 bars_built=4 signals=0 traded=0 eval_errors=0
2026-05-12 23:26:44 | INFO     | ayumi.blend_launcher | [B5 Health] ticks=3209 tps=0.54 bars=4 signals=0 trades=0 balance=10000.00 uptime=12182s
2026-05-12 23:26:48 | INFO     | ayumi.forward_test | [B5 Periodic] ticks=3209 bars_built=4 signals=0 traded=0 eval_errors=0
2026-05-12 23:27:44 | INFO     | ayumi.blend_launcher | [B5 Health] ticks=3218 tps=0.00 bars=4 signals=0 trades=0 balance=10000.00 uptime=12242s
2026-05-12 23:27:48 | INFO     | ayumi.forward_test | [B5 Periodic] ticks=3218 bars_built=4 signals=0 traded=0 eval_errors=0
2026-05-12 23:28:44 | INFO     | ayumi.blend_launcher | [B5 Health] ticks=3230 tps=1.21 bars=4 signals=0 trades=0 balance=10000.00 uptime=12302s
2026-05-12 23:28:48 | INFO     | ayumi.forward_test | [B5 Periodic] ticks=3233 bars_built=4 signals=0 traded=0 eval_errors=0
2026-05-12 23:29:44 | INFO     | ayumi.blend_launcher | [B5 Health] ticks=3247 tps=0.41 bars=4 signals=0 trades=0 balance=10000.00 uptime=12362s
2026-05-12 23:29:48 | INFO     | ayumi.forward_test | [B5 Periodic] ticks=3247 bars_built=4 signals=0 traded=0 eval_errors=0
2026-05-12 23:30:44 | INFO     | ayumi.blend_launcher | [B5 Health] ticks=3260 tps=0.22 bars=4 signals=0 trades=0 balance=10000.00 uptime=12422s
2026-05-12 23:30:48 | INFO     | ayumi.forward_test | [B5 Periodic] ticks=3260 bars_built=4 signals=0 traded=0 eval_errors=0
2026-05-12 23:31:44 | INFO     | ayumi.blend_launcher | [B5 Health] ticks=3273 tps=0.23 bars=4 signals=0 trades=0 balance=10000.00 uptime=12482s
2026-05-12 23:31:48 | INFO     | ayumi.forward_test | [B5 Periodic] ticks=3276 bars_built=4 signals=0 traded=0 eval_errors=0
2026-05-12 23:32:44 | INFO     | ayumi.blend_launcher | [B5 Health] ticks=3287 tps=0.35 bars=4 signals=0 trades=0 balance=10000.00 uptime=12542s
2026-05-12 23:32:48 | INFO     | ayumi.forward_test | [B5 Periodic] ticks=3287 bars_built=4 signals=0 traded=0 eval_errors=0
2026-05-12 23:33:44 | INFO     | ayumi.blend_launcher | [B5 Health] ticks=3299 tps=0.28 bars=4 signals=0 trades=0 balance=10000.00 uptime=12602s
2026-05-12 23:33:48 | INFO     | ayumi.forward_test | [B5 Periodic] ticks=3299 bars_built=4 signals=0 traded=0 eval_errors=0
2026-05-12 23:34:44 | INFO     | ayumi.blend_launcher | [B5 Health] ticks=3313 tps=0.73 bars=4 signals=0 trades=0 balance=10000.00 uptime=12662s
2026-05-12 23:34:48 | INFO     | ayumi.forward_test | [B5 Periodic] ticks=3319 bars_built=4 signals=0 traded=0 eval_errors=0
2026-05-12 23:35:44 | INFO     | ayumi.blend_launcher | [B5 Health] ticks=3353 tps=0.89 bars=4 signals=0 trades=0 balance=10000.00 uptime=12722s
2026-05-12 23:35:48 | INFO     | ayumi.forward_test | [B5 Periodic] ticks=3353 bars_built=4 signals=0 traded=0 eval_errors=0
2026-05-12 23:36:44 | INFO     | ayumi.blend_launcher | [B5 Health] ticks=3369 tps=0.73 bars=4 signals=0 trades=0 balance=10000.00 uptime=12782s
2026-05-12 23:36:48 | INFO     | ayumi.forward_test | [B5 Periodic] ticks=3375 bars_built=4 signals=0 traded=0 eval_errors=0
2026-05-12 23:37:44 | INFO     | ayumi.blend_launcher | [B5 Health] ticks=3396 tps=0.68 bars=4 signals=0 trades=0 balance=10000.00 uptime=12842s
2026-05-12 23:37:48 | INFO     | ayumi.forward_test | [B5 Periodic] ticks=3397 bars_built=4 signals=0 traded=0 eval_errors=0
2026-05-12 23:38:44 | INFO     | ayumi.blend_launcher | [B5 Health] ticks=3410 tps=0.43 bars=4 signals=0 trades=0 balance=10000.00 uptime=12902s
2026-05-12 23:38:48 | INFO     | ayumi.forward_test | [B5 Periodic] ticks=3410 bars_built=4 signals=0 traded=0 eval_errors=0
2026-05-12 23:39:44 | INFO     | ayumi.blend_launcher | [B5 Health] ticks=3427 tps=0.50 bars=4 signals=0 trades=0 balance=10000.00 uptime=12962s
2026-05-12 23:39:48 | INFO     | ayumi.forward_test | [B5 Periodic] ticks=3428 bars_built=4 signals=0 traded=0 eval_errors=0
2026-05-12 23:40:44 | INFO     | ayumi.blend_launcher | [B5 Health] ticks=3454 tps=0.63 bars=4 signals=0 trades=0 balance=10000.00 uptime=13022s
2026-05-12 23:40:48 | INFO     | ayumi.forward_test | [B5 Periodic] ticks=3456 bars_built=4 signals=0 traded=0 eval_errors=0
2026-05-12 23:41:44 | INFO     | ayumi.blend_launcher | [B5 Health] ticks=3468 tps=0.74 bars=4 signals=0 trades=0 balance=10000.00 uptime=13082s
2026-05-12 23:41:48 | INFO     | ayumi.forward_test | [B5 Periodic] ticks=3468 bars_built=4 signals=0 traded=0 eval_errors=0
2026-05-12 23:42:44 | INFO     | ayumi.blend_launcher | [B5 Health] ticks=3489 tps=0.92 bars=4 signals=0 trades=0 balance=10000.00 uptime=13142s
2026-05-12 23:42:48 | INFO     | ayumi.forward_test | [B5 Periodic] ticks=3491 bars_built=4 signals=0 traded=0 eval_errors=0
2026-05-12 23:43:44 | INFO     | ayumi.blend_launcher | [B5 Health] ticks=3517 tps=0.24 bars=4 signals=0 trades=0 balance=10000.00 uptime=13202s
2026-05-12 23:43:48 | INFO     | ayumi.forward_test | [B5 Periodic] ticks=3517 bars_built=4 signals=0 traded=0 eval_errors=0
2026-05-12 23:44:44 | INFO     | ayumi.blend_launcher | [B5 Health] ticks=3537 tps=0.94 bars=4 signals=0 trades=0 balance=10000.00 uptime=13262s
2026-05-12 23:44:48 | INFO     | ayumi.forward_test | [B5 Periodic] ticks=3541 bars_built=4 signals=0 traded=0 eval_errors=0
2026-05-12 23:45:44 | INFO     | ayumi.blend_launcher | [B5 Health] ticks=3562 tps=0.39 bars=4 signals=0 trades=0 balance=10000.00 uptime=13322s
2026-05-12 23:45:48 | INFO     | ayumi.forward_test | [B5 Periodic] ticks=3564 bars_built=4 signals=0 traded=0 eval_errors=0
2026-05-12 23:46:44 | INFO     | ayumi.blend_launcher | [B5 Health] ticks=3578 tps=0.31 bars=4 signals=0 trades=0 balance=10000.00 uptime=13382s
2026-05-12 23:46:48 | INFO     | ayumi.forward_test | [B5 Periodic] ticks=3581 bars_built=4 signals=0 traded=0 eval_errors=0
2026-05-12 23:47:44 | INFO     | ayumi.blend_launcher | [B5 Health] ticks=3602 tps=0.52 bars=4 signals=0 trades=0 balance=10000.00 uptime=13442s
2026-05-12 23:47:48 | INFO     | ayumi.forward_test | [B5 Periodic] ticks=3605 bars_built=4 signals=0 traded=0 eval_errors=0
2026-05-12 23:48:44 | INFO     | ayumi.blend_launcher | [B5 Health] ticks=3648 tps=0.84 bars=4 signals=0 trades=0 balance=10000.00 uptime=13502s
2026-05-12 23:48:48 | INFO     | ayumi.forward_test | [B5 Periodic] ticks=3653 bars_built=4 signals=0 traded=0 eval_errors=0
2026-05-12 23:49:44 | INFO     | ayumi.blend_launcher | [B5 Health] ticks=3695 tps=1.31 bars=4 signals=0 trades=0 balance=10000.00 uptime=13562s
2026-05-12 23:49:48 | INFO     | ayumi.forward_test | [B5 Periodic] ticks=3700 bars_built=4 signals=0 traded=0 eval_errors=0
2026-05-12 23:50:44 | INFO     | ayumi.blend_launcher | [B5 Health] ticks=3726 tps=6.66 bars=4 signals=0 trades=0 balance=10000.00 uptime=13622s
2026-05-12 23:50:48 | INFO     | ayumi.forward_test | [B5 Periodic] ticks=3732 bars_built=4 signals=0 traded=0 eval_errors=0
2026-05-12 23:51:44 | INFO     | ayumi.blend_launcher | [B5 Health] ticks=3781 tps=0.41 bars=4 signals=0 trades=0 balance=10000.00 uptime=13682s
2026-05-12 23:51:48 | INFO     | ayumi.forward_test | [B5 Periodic] ticks=3789 bars_built=4 signals=0 traded=0 eval_errors=0
2026-05-12 23:52:44 | INFO     | ayumi.blend_launcher | [B5 Health] ticks=3837 tps=1.63 bars=4 signals=0 trades=0 balance=10000.00 uptime=13742s
2026-05-12 23:52:48 | INFO     | ayumi.forward_test | [B5 Periodic] ticks=3837 bars_built=4 signals=0 traded=0 eval_errors=0
2026-05-12 23:53:44 | INFO     | ayumi.blend_launcher | [B5 Health] ticks=3874 tps=0.83 bars=4 signals=0 trades=0 balance=10000.00 uptime=13802s
2026-05-12 23:53:48 | INFO     | ayumi.forward_test | [B5 Periodic] ticks=3879 bars_built=4 signals=0 traded=0 eval_errors=0
2026-05-12 23:54:44 | INFO     | ayumi.blend_launcher | [B5 Health] ticks=3922 tps=0.70 bars=4 signals=0 trades=0 balance=10000.00 uptime=13862s
2026-05-12 23:54:48 | INFO     | ayumi.forward_test | [B5 Periodic] ticks=3926 bars_built=4 signals=0 traded=0 eval_errors=0
2026-05-12 23:55:44 | INFO     | ayumi.blend_launcher | [B5 Health] ticks=3978 tps=0.62 bars=4 signals=0 trades=0 balance=10000.00 uptime=13922s
2026-05-12 23:55:48 | INFO     | ayumi.forward_test | [B5 Periodic] ticks=3980 bars_built=4 signals=0 traded=0 eval_errors=0
2026-05-12 23:56:44 | INFO     | ayumi.blend_launcher | [B5 Health] ticks=4010 tps=0.40 bars=4 signals=0 trades=0 balance=10000.00 uptime=13982s
2026-05-12 23:56:48 | INFO     | ayumi.forward_test | [B5 Periodic] ticks=4016 bars_built=4 signals=0 traded=0 eval_errors=0
2026-05-12 23:57:44 | INFO     | ayumi.blend_launcher | [B5 Health] ticks=4052 tps=0.95 bars=4 signals=0 trades=0 balance=10000.00 uptime=14042s
2026-05-12 23:57:48 | INFO     | ayumi.forward_test | [B5 Periodic] ticks=4054 bars_built=4 signals=0 traded=0 eval_errors=0
2026-05-12 23:58:44 | INFO     | ayumi.blend_launcher | [B5 Health] ticks=4084 tps=0.61 bars=4 signals=0 trades=0 balance=10000.00 uptime=14102s
2026-05-12 23:58:48 | INFO     | ayumi.forward_test | [B5 Periodic] ticks=4086 bars_built=4 signals=0 traded=0 eval_errors=0
2026-05-12 23:59:44 | INFO     | ayumi.blend_launcher | [B5 Health] ticks=4116 tps=0.85 bars=4 signals=0 trades=0 balance=10000.00 uptime=14162s
2026-05-12 23:59:48 | INFO     | ayumi.forward_test | [B5 Periodic] ticks=4120 bars_built=4 signals=0 traded=0 eval_errors=0
2026-05-13 00:00:44 | INFO     | ayumi.blend_launcher | [B5 Health] ticks=4210 tps=1.22 bars=4 signals=0 trades=0 balance=10000.00 uptime=14222s
2026-05-13 00:00:48 | INFO     | ayumi.forward_test | [B5 Periodic] ticks=4215 bars_built=4 signals=0 traded=0 eval_errors=0
2026-05-13 00:01:44 | INFO     | ayumi.blend_launcher | [B5 Health] ticks=4293 tps=1.88 bars=4 signals=0 trades=0 balance=10000.00 uptime=14282s
2026-05-13 00:01:48 | INFO     | ayumi.forward_test | [B5 Periodic] ticks=4301 bars_built=4 signals=0 traded=0 eval_errors=0
2026-05-13 00:02:44 | INFO     | ayumi.blend_launcher | [B5 Health] ticks=4393 tps=1.83 bars=4 signals=0 trades=0 balance=10000.00 uptime=14342s
2026-05-13 00:02:48 | INFO     | ayumi.forward_test | [B5 Periodic] ticks=4398 bars_built=4 signals=0 traded=0 eval_errors=0
2026-05-13 00:03:44 | INFO     | ayumi.blend_launcher | [B5 Health] ticks=4453 tps=0.91 bars=4 signals=0 trades=0 balance=10000.00 uptime=14402s
2026-05-13 00:03:48 | INFO     | ayumi.forward_test | [B5 Periodic] ticks=4460 bars_built=4 signals=0 traded=0 eval_errors=0
2026-05-13 00:04:44 | INFO     | ayumi.blend_launcher | [B5 Health] ticks=4548 tps=1.69 bars=4 signals=0 trades=0 balance=10000.00 uptime=14462s
2026-05-13 00:04:48 | INFO     | ayumi.forward_test | [B5 Periodic] ticks=4551 bars_built=4 signals=0 traded=0 eval_errors=0
2026-05-13 00:05:44 | INFO     | ayumi.blend_launcher | [B5 Health] ticks=4631 tps=1.20 bars=4 signals=0 trades=0 balance=10000.00 uptime=14522s
2026-05-13 00:05:48 | INFO     | ayumi.forward_test | [B5 Periodic] ticks=4636 bars_built=4 signals=0 traded=0 eval_errors=0
2026-05-13 00:06:44 | INFO     | ayumi.blend_launcher | [B5 Health] ticks=4717 tps=1.48 bars=4 signals=0 trades=0 balance=10000.00 uptime=14582s
2026-05-13 00:06:48 | INFO     | ayumi.forward_test | [B5 Periodic] ticks=4719 bars_built=4 signals=0 traded=0 eval_errors=0
2026-05-13 00:07:44 | INFO     | ayumi.blend_launcher | [B5 Health] ticks=4783 tps=1.08 bars=4 signals=0 trades=0 balance=10000.00 uptime=14642s
2026-05-13 00:07:48 | INFO     | ayumi.forward_test | [B5 Periodic] ticks=4785 bars_built=4 signals=0 traded=0 eval_errors=0
2026-05-13 00:08:44 | INFO     | ayumi.blend_launcher | [B5 Health] ticks=4850 tps=1.63 bars=4 signals=0 trades=0 balance=10000.00 uptime=14702s
2026-05-13 00:08:48 | INFO     | ayumi.forward_test | [B5 Periodic] ticks=4852 bars_built=4 signals=0 traded=0 eval_errors=0
2026-05-13 00:09:44 | INFO     | ayumi.blend_launcher | [B5 Health] ticks=4924 tps=0.77 bars=4 signals=0 trades=0 balance=10000.00 uptime=14762s
2026-05-13 00:09:48 | INFO     | ayumi.forward_test | [B5 Periodic] ticks=4926 bars_built=4 signals=0 traded=0 eval_errors=0
2026-05-13 00:10:44 | INFO     | ayumi.blend_launcher | [B5 Health] ticks=4980 tps=0.50 bars=4 signals=0 trades=0 balance=10000.00 uptime=14822s
2026-05-13 00:10:48 | INFO     | ayumi.forward_test | [B5 Periodic] ticks=4982 bars_built=4 signals=0 traded=0 eval_errors=0
2026-05-13 00:11:44 | INFO     | ayumi.blend_launcher | [B5 Health] ticks=5039 tps=2.99 bars=4 signals=0 trades=0 balance=10000.00 uptime=14882s
2026-05-13 00:11:48 | INFO     | ayumi.forward_test | [B5 Periodic] ticks=5043 bars_built=4 signals=0 traded=0 eval_errors=0
2026-05-13 00:12:44 | INFO     | ayumi.blend_launcher | [B5 Health] ticks=5093 tps=1.06 bars=4 signals=0 trades=0 balance=10000.00 uptime=14942s
2026-05-13 00:12:48 | INFO     | ayumi.forward_test | [B5 Periodic] ticks=5096 bars_built=4 signals=0 traded=0 eval_errors=0
2026-05-13 00:13:44 | INFO     | ayumi.blend_launcher | [B5 Health] ticks=5173 tps=1.50 bars=4 signals=0 trades=0 balance=10000.00 uptime=15002s
2026-05-13 00:13:48 | INFO     | ayumi.forward_test | [B5 Periodic] ticks=5179 bars_built=4 signals=0 traded=0 eval_errors=0
2026-05-13 00:14:44 | INFO     | ayumi.blend_launcher | [B5 Health] ticks=5244 tps=0.82 bars=4 signals=0 trades=0 balance=10000.00 uptime=15062s
2026-05-13 00:14:48 | INFO     | ayumi.forward_test | [B5 Periodic] ticks=5244 bars_built=4 signals=0 traded=0 eval_errors=0
2026-05-13 00:15:44 | INFO     | ayumi.blend_launcher | [B5 Health] ticks=5309 tps=1.65 bars=4 signals=0 trades=0 balance=10000.00 uptime=15122s
2026-05-13 00:15:48 | INFO     | ayumi.forward_test | [B5 Periodic] ticks=5313 bars_built=4 signals=0 traded=0 eval_errors=0
2026-05-13 00:16:44 | INFO     | ayumi.blend_launcher | [B5 Health] ticks=5371 tps=1.39 bars=4 signals=0 trades=0 balance=10000.00 uptime=15182s
2026-05-13 00:16:48 | INFO     | ayumi.forward_test | [B5 Periodic] ticks=5378 bars_built=4 signals=0 traded=0 eval_errors=0
2026-05-13 00:17:44 | INFO     | ayumi.blend_launcher | [B5 Health] ticks=5442 tps=1.60 bars=4 signals=0 trades=0 balance=10000.00 uptime=15242s
2026-05-13 00:17:48 | INFO     | ayumi.forward_test | [B5 Periodic] ticks=5449 bars_built=4 signals=0 traded=0 eval_errors=0
2026-05-13 00:18:44 | INFO     | ayumi.blend_launcher | [B5 Health] ticks=5534 tps=1.85 bars=4 signals=0 trades=0 balance=10000.00 uptime=15302s
2026-05-13 00:18:48 | INFO     | ayumi.forward_test | [B5 Periodic] ticks=5539 bars_built=4 signals=0 traded=0 eval_errors=0
2026-05-13 00:19:44 | INFO     | ayumi.blend_launcher | [B5 Health] ticks=5619 tps=0.94 bars=4 signals=0 trades=0 balance=10000.00 uptime=15362s
2026-05-13 00:19:48 | INFO     | ayumi.forward_test | [B5 Periodic] ticks=5630 bars_built=4 signals=0 traded=0 eval_errors=0
2026-05-13 00:20:44 | INFO     | ayumi.blend_launcher | [B5 Health] ticks=5715 tps=1.43 bars=4 signals=0 trades=0 balance=10000.00 uptime=15422s
2026-05-13 00:20:48 | INFO     | ayumi.forward_test | [B5 Periodic] ticks=5717 bars_built=4 signals=0 traded=0 eval_errors=0
2026-05-13 00:21:44 | INFO     | ayumi.blend_launcher | [B5 Health] ticks=5816 tps=1.73 bars=4 signals=0 trades=0 balance=10000.00 uptime=15482s
2026-05-13 00:21:48 | INFO     | ayumi.forward_test | [B5 Periodic] ticks=5827 bars_built=4 signals=0 traded=0 eval_errors=0
2026-05-13 00:22:44 | INFO     | ayumi.blend_launcher | [B5 Health] ticks=5890 tps=1.41 bars=4 signals=0 trades=0 balance=10000.00 uptime=15542s
2026-05-13 00:22:48 | INFO     | ayumi.forward_test | [B5 Periodic] ticks=5897 bars_built=4 signals=0 traded=0 eval_errors=0
2026-05-13 00:23:44 | INFO     | ayumi.blend_launcher | [B5 Health] ticks=5979 tps=2.02 bars=4 signals=0 trades=0 balance=10000.00 uptime=15602s
2026-05-13 00:23:48 | INFO     | ayumi.forward_test | [B5 Periodic] ticks=5985 bars_built=4 signals=0 traded=0 eval_errors=0
2026-05-13 00:24:44 | INFO     | ayumi.blend_launcher | [B5 Health] ticks=6068 tps=1.22 bars=4 signals=0 trades=0 balance=10000.00 uptime=15662s
2026-05-13 00:24:48 | INFO     | ayumi.forward_test | [B5 Periodic] ticks=6071 bars_built=4 signals=0 traded=0 eval_errors=0
2026-05-13 00:25:44 | INFO     | ayumi.blend_launcher | [B5 Health] ticks=6124 tps=1.25 bars=4 signals=0 trades=0 balance=10000.00 uptime=15722s
2026-05-13 00:25:48 | INFO     | ayumi.forward_test | [B5 Periodic] ticks=6128 bars_built=4 signals=0 traded=0 eval_errors=0
2026-05-13 00:26:44 | INFO     | ayumi.blend_launcher | [B5 Health] ticks=6167 tps=0.80 bars=4 signals=0 trades=0 balance=10000.00 uptime=15782s
2026-05-13 00:26:48 | INFO     | ayumi.forward_test | [B5 Periodic] ticks=6168 bars_built=4 signals=0 traded=0 eval_errors=0
2026-05-13 00:27:44 | INFO     | ayumi.blend_launcher | [B5 Health] ticks=6232 tps=1.56 bars=4 signals=0 trades=0 balance=10000.00 uptime=15842s
2026-05-13 00:27:48 | INFO     | ayumi.forward_test | [B5 Periodic] ticks=6235 bars_built=4 signals=0 traded=0 eval_errors=0
2026-05-13 00:28:44 | INFO     | ayumi.blend_launcher | [B5 Health] ticks=6311 tps=1.60 bars=4 signals=0 trades=0 balance=10000.00 uptime=15902s
2026-05-13 00:28:48 | INFO     | ayumi.forward_test | [B5 Periodic] ticks=6313 bars_built=4 signals=0 traded=0 eval_errors=0
2026-05-13 00:29:44 | INFO     | ayumi.blend_launcher | [B5 Health] ticks=6390 tps=1.70 bars=4 signals=0 trades=0 balance=10000.00 uptime=15962s
2026-05-13 00:29:48 | INFO     | ayumi.forward_test | [B5 Periodic] ticks=6392 bars_built=4 signals=0 traded=0 eval_errors=0
2026-05-13 00:30:44 | INFO     | ayumi.blend_launcher | [B5 Health] ticks=6466 tps=1.62 bars=4 signals=0 trades=0 balance=10000.00 uptime=16022s
2026-05-13 00:30:48 | INFO     | ayumi.forward_test | [B5 Periodic] ticks=6469 bars_built=4 signals=0 traded=0 eval_errors=0
2026-05-13 00:31:44 | INFO     | ayumi.blend_launcher | [B5 Health] ticks=6532 tps=1.01 bars=4 signals=0 trades=0 balance=10000.00 uptime=16082s
2026-05-13 00:31:48 | INFO     | ayumi.forward_test | [B5 Periodic] ticks=6532 bars_built=4 signals=0 traded=0 eval_errors=0
2026-05-13 00:32:44 | INFO     | ayumi.blend_launcher | [B5 Health] ticks=6615 tps=2.03 bars=4 signals=0 trades=0 balance=10000.00 uptime=16142s
2026-05-13 00:32:48 | INFO     | ayumi.forward_test | [B5 Periodic] ticks=6623 bars_built=4 signals=0 traded=0 eval_errors=0
2026-05-13 00:33:44 | INFO     | ayumi.blend_launcher | [B5 Health] ticks=6715 tps=1.70 bars=4 signals=0 trades=0 balance=10000.00 uptime=16202s
2026-05-13 00:33:48 | INFO     | ayumi.forward_test | [B5 Periodic] ticks=6716 bars_built=4 signals=0 traded=0 eval_errors=0
2026-05-13 00:34:44 | INFO     | ayumi.blend_launcher | [B5 Health] ticks=6782 tps=1.81 bars=4 signals=0 trades=0 balance=10000.00 uptime=16262s
2026-05-13 00:34:48 | INFO     | ayumi.forward_test | [B5 Periodic] ticks=6789 bars_built=4 signals=0 traded=0 eval_errors=0
2026-05-13 00:35:44 | INFO     | ayumi.blend_launcher | [B5 Health] ticks=6863 tps=1.17 bars=4 signals=0 trades=0 balance=10000.00 uptime=16322s
2026-05-13 00:35:48 | INFO     | ayumi.forward_test | [B5 Periodic] ticks=6867 bars_built=4 signals=0 traded=0 eval_errors=0
2026-05-13 00:36:44 | INFO     | ayumi.blend_launcher | [B5 Health] ticks=6921 tps=1.57 bars=4 signals=0 trades=0 balance=10000.00 uptime=16382s
2026-05-13 00:36:48 | INFO     | ayumi.forward_test | [B5 Periodic] ticks=6927 bars_built=4 signals=0 traded=0 eval_errors=0
2026-05-13 00:37:44 | INFO     | ayumi.blend_launcher | [B5 Health] ticks=6963 tps=0.41 bars=4 signals=0 trades=0 balance=10000.00 uptime=16442s
2026-05-13 00:37:48 | INFO     | ayumi.forward_test | [B5 Periodic] ticks=6966 bars_built=4 signals=0 traded=0 eval_errors=0
2026-05-13 00:38:44 | INFO     | ayumi.blend_launcher | [B5 Health] ticks=7007 tps=1.00 bars=4 signals=0 trades=0 balance=10000.00 uptime=16502s
2026-05-13 00:38:48 | INFO     | ayumi.forward_test | [B5 Periodic] ticks=7007 bars_built=4 signals=0 traded=0 eval_errors=0
2026-05-13 00:39:44 | INFO     | ayumi.blend_launcher | [B5 Health] ticks=7061 tps=1.49 bars=4 signals=0 trades=0 balance=10000.00 uptime=16562s
2026-05-13 00:39:48 | INFO     | ayumi.forward_test | [B5 Periodic] ticks=7071 bars_built=4 signals=0 traded=0 eval_errors=0
2026-05-13 00:40:44 | INFO     | ayumi.blend_launcher | [B5 Health] ticks=7175 tps=2.42 bars=4 signals=0 trades=0 balance=10000.00 uptime=16622s
2026-05-13 00:40:48 | INFO     | ayumi.forward_test | [B5 Periodic] ticks=7188 bars_built=4 signals=0 traded=0 eval_errors=0
2026-05-13 00:41:44 | INFO     | ayumi.blend_launcher | [B5 Health] ticks=7252 tps=1.31 bars=4 signals=0 trades=0 balance=10000.00 uptime=16682s
2026-05-13 00:41:48 | INFO     | ayumi.forward_test | [B5 Periodic] ticks=7260 bars_built=4 signals=0 traded=0 eval_errors=0
2026-05-13 00:42:44 | INFO     | ayumi.blend_launcher | [B5 Health] ticks=7313 tps=1.12 bars=4 signals=0 trades=0 balance=10000.00 uptime=16742s
2026-05-13 00:42:48 | INFO     | ayumi.forward_test | [B5 Periodic] ticks=7317 bars_built=4 signals=0 traded=0 eval_errors=0
2026-05-13 00:43:44 | INFO     | ayumi.blend_launcher | [B5 Health] ticks=7373 tps=1.14 bars=4 signals=0 trades=0 balance=10000.00 uptime=16802s
2026-05-13 00:43:48 | INFO     | ayumi.forward_test | [B5 Periodic] ticks=7373 bars_built=4 signals=0 traded=0 eval_errors=0
2026-05-13 00:44:44 | INFO     | ayumi.blend_launcher | [B5 Health] ticks=7424 tps=1.13 bars=4 signals=0 trades=0 balance=10000.00 uptime=16862s
2026-05-13 00:44:48 | INFO     | ayumi.forward_test | [B5 Periodic] ticks=7430 bars_built=4 signals=0 traded=0 eval_errors=0
2026-05-13 00:45:44 | INFO     | ayumi.blend_launcher | [B5 Health] ticks=7503 tps=1.73 bars=4 signals=0 trades=0 balance=10000.00 uptime=16922s
2026-05-13 00:45:48 | INFO     | ayumi.forward_test | [B5 Periodic] ticks=7510 bars_built=4 signals=0 traded=0 eval_errors=0
2026-05-13 00:46:44 | INFO     | ayumi.blend_launcher | [B5 Health] ticks=7572 tps=1.67 bars=4 signals=0 trades=0 balance=10000.00 uptime=16982s
2026-05-13 00:46:48 | INFO     | ayumi.forward_test | [B5 Periodic] ticks=7579 bars_built=4 signals=0 traded=0 eval_errors=0
2026-05-13 00:47:44 | INFO     | ayumi.blend_launcher | [B5 Health] ticks=7645 tps=1.40 bars=4 signals=0 trades=0 balance=10000.00 uptime=17042s
2026-05-13 00:47:48 | INFO     | ayumi.forward_test | [B5 Periodic] ticks=7650 bars_built=4 signals=0 traded=0 eval_errors=0
2026-05-13 00:48:45 | INFO     | ayumi.blend_launcher | [B5 Health] ticks=7701 tps=1.03 bars=4 signals=0 trades=0 balance=10000.00 uptime=17102s
2026-05-13 00:48:48 | INFO     | ayumi.forward_test | [B5 Periodic] ticks=7707 bars_built=4 signals=0 traded=0 eval_errors=0
2026-05-13 00:49:45 | INFO     | ayumi.blend_launcher | [B5 Health] ticks=7756 tps=1.36 bars=4 signals=0 trades=0 balance=10000.00 uptime=17162s
2026-05-13 00:49:48 | INFO     | ayumi.forward_test | [B5 Periodic] ticks=7759 bars_built=4 signals=0 traded=0 eval_errors=0
2026-05-13 00:50:45 | INFO     | ayumi.blend_launcher | [B5 Health] ticks=7832 tps=2.23 bars=4 signals=0 trades=0 balance=10000.00 uptime=17222s
2026-05-13 00:50:48 | INFO     | ayumi.forward_test | [B5 Periodic] ticks=7835 bars_built=4 signals=0 traded=0 eval_errors=0
2026-05-13 00:51:45 | INFO     | ayumi.blend_launcher | [B5 Health] ticks=7898 tps=0.97 bars=4 signals=0 trades=0 balance=10000.00 uptime=17282s
2026-05-13 00:51:48 | INFO     | ayumi.forward_test | [B5 Periodic] ticks=7900 bars_built=4 signals=0 traded=0 eval_errors=0
2026-05-13 00:52:45 | INFO     | ayumi.blend_launcher | [B5 Health] ticks=7966 tps=1.98 bars=4 signals=0 trades=0 balance=10000.00 uptime=17342s
2026-05-13 00:52:48 | INFO     | ayumi.forward_test | [B5 Periodic] ticks=7971 bars_built=4 signals=0 traded=0 eval_errors=0
2026-05-13 00:53:45 | INFO     | ayumi.blend_launcher | [B5 Health] ticks=8067 tps=1.21 bars=4 signals=0 trades=0 balance=10000.00 uptime=17402s
2026-05-13 00:53:48 | INFO     | ayumi.forward_test | [B5 Periodic] ticks=8075 bars_built=4 signals=0 traded=0 eval_errors=0
2026-05-13 00:54:45 | INFO     | ayumi.blend_launcher | [B5 Health] ticks=8195 tps=2.74 bars=4 signals=0 trades=0 balance=10000.00 uptime=17462s
2026-05-13 00:54:48 | INFO     | ayumi.forward_test | [B5 Periodic] ticks=8205 bars_built=4 signals=0 traded=0 eval_errors=0
2026-05-13 00:55:45 | INFO     | ayumi.blend_launcher | [B5 Health] ticks=8355 tps=2.72 bars=4 signals=0 trades=0 balance=10000.00 uptime=17522s
2026-05-13 00:55:48 | INFO     | ayumi.forward_test | [B5 Periodic] ticks=8363 bars_built=4 signals=0 traded=0 eval_errors=0
2026-05-13 00:56:45 | INFO     | ayumi.blend_launcher | [B5 Health] ticks=8436 tps=1.49 bars=4 signals=0 trades=0 balance=10000.00 uptime=17582s
2026-05-13 00:56:48 | INFO     | ayumi.forward_test | [B5 Periodic] ticks=8443 bars_built=4 signals=0 traded=0 eval_errors=0
2026-05-13 00:57:45 | INFO     | ayumi.blend_launcher | [B5 Health] ticks=8524 tps=1.83 bars=4 signals=0 trades=0 balance=10000.00 uptime=17642s
2026-05-13 00:57:48 | INFO     | ayumi.forward_test | [B5 Periodic] ticks=8528 bars_built=4 signals=0 traded=0 eval_errors=0
2026-05-13 00:58:45 | INFO     | ayumi.blend_launcher | [B5 Health] ticks=8617 tps=1.86 bars=4 signals=0 trades=0 balance=10000.00 uptime=17702s
2026-05-13 00:58:48 | INFO     | ayumi.forward_test | [B5 Periodic] ticks=8623 bars_built=4 signals=0 traded=0 eval_errors=0
2026-05-13 00:59:45 | INFO     | ayumi.blend_launcher | [B5 Health] ticks=8719 tps=2.01 bars=4 signals=0 trades=0 balance=10000.00 uptime=17762s
2026-05-13 00:59:48 | INFO     | ayumi.forward_test | [B5 Periodic] ticks=8727 bars_built=4 signals=0 traded=0 eval_errors=0
2026-05-13 01:00:45 | INFO     | ayumi.blend_launcher | [B5 Health] ticks=8866 tps=2.16 bars=4 signals=0 trades=0 balance=10000.00 uptime=17822s
2026-05-13 01:00:48 | INFO     | ayumi.forward_test | [B5 Periodic] ticks=8876 bars_built=4 signals=0 traded=0 eval_errors=0
2026-05-13 01:01:45 | INFO     | ayumi.blend_launcher | [B5 Health] ticks=8961 tps=1.86 bars=4 signals=0 trades=0 balance=10000.00 uptime=17882s
2026-05-13 01:01:48 | INFO     | ayumi.forward_test | [B5 Periodic] ticks=8970 bars_built=4 signals=0 traded=0 eval_errors=0
2026-05-13 01:02:45 | INFO     | ayumi.blend_launcher | [B5 Health] ticks=9088 tps=2.52 bars=4 signals=0 trades=0 balance=10000.00 uptime=17942s
2026-05-13 01:02:48 | INFO     | ayumi.forward_test | [B5 Periodic] ticks=9096 bars_built=4 signals=0 traded=0 eval_errors=0
2026-05-13 01:03:45 | INFO     | ayumi.blend_launcher | [B5 Health] ticks=9222 tps=2.11 bars=4 signals=0 trades=0 balance=10000.00 uptime=18002s
2026-05-13 01:03:48 | INFO     | ayumi.forward_test | [B5 Periodic] ticks=9223 bars_built=4 signals=0 traded=0 eval_errors=0
2026-05-13 01:04:45 | INFO     | ayumi.blend_launcher | [B5 Health] ticks=9302 tps=1.62 bars=4 signals=0 trades=0 balance=10000.00 uptime=18062s
2026-05-13 01:04:48 | INFO     | ayumi.forward_test | [B5 Periodic] ticks=9304 bars_built=4 signals=0 traded=0 eval_errors=0
2026-05-13 01:05:45 | INFO     | ayumi.blend_launcher | [B5 Health] ticks=9382 tps=0.71 bars=4 signals=0 trades=0 balance=10000.00 uptime=18122s
2026-05-13 01:05:48 | INFO     | ayumi.forward_test | [B5 Periodic] ticks=9384 bars_built=4 signals=0 traded=0 eval_errors=0
2026-05-13 01:06:45 | INFO     | ayumi.blend_launcher | [B5 Health] ticks=9451 tps=1.27 bars=4 signals=0 trades=0 balance=10000.00 uptime=18182s
2026-05-13 01:06:48 | INFO     | ayumi.forward_test | [B5 Periodic] ticks=9451 bars_built=4 signals=0 traded=0 eval_errors=0
2026-05-13 01:07:45 | INFO     | ayumi.blend_launcher | [B5 Health] ticks=9503 tps=1.94 bars=4 signals=0 trades=0 balance=10000.00 uptime=18242s
2026-05-13 01:07:48 | INFO     | ayumi.forward_test | [B5 Periodic] ticks=9504 bars_built=4 signals=0 traded=0 eval_errors=0
2026-05-13 01:08:45 | INFO     | ayumi.blend_launcher | [B5 Health] ticks=9581 tps=1.73 bars=4 signals=0 trades=0 balance=10000.00 uptime=18302s
2026-05-13 01:08:48 | INFO     | ayumi.forward_test | [B5 Periodic] ticks=9581 bars_built=4 signals=0 traded=0 eval_errors=0
2026-05-13 01:09:45 | INFO     | ayumi.blend_launcher | [B5 Health] ticks=9645 tps=1.40 bars=4 signals=0 trades=0 balance=10000.00 uptime=18362s
2026-05-13 01:09:48 | INFO     | ayumi.forward_test | [B5 Periodic] ticks=9647 bars_built=4 signals=0 traded=0 eval_errors=0
2026-05-13 01:10:45 | INFO     | ayumi.blend_launcher | [B5 Health] ticks=9712 tps=1.72 bars=4 signals=0 trades=0 balance=10000.00 uptime=18422s
2026-05-13 01:10:48 | INFO     | ayumi.forward_test | [B5 Periodic] ticks=9719 bars_built=4 signals=0 traded=0 eval_errors=0
2026-05-13 01:11:45 | INFO     | ayumi.blend_launcher | [B5 Health] ticks=9785 tps=1.50 bars=4 signals=0 trades=0 balance=10000.00 uptime=18482s
2026-05-13 01:11:48 | INFO     | ayumi.forward_test | [B5 Periodic] ticks=9797 bars_built=4 signals=0 traded=0 eval_errors=0
2026-05-13 01:12:45 | INFO     | ayumi.blend_launcher | [B5 Health] ticks=9858 tps=1.10 bars=4 signals=0 trades=0 balance=10000.00 uptime=18542s
2026-05-13 01:12:48 | INFO     | ayumi.forward_test | [B5 Periodic] ticks=9860 bars_built=4 signals=0 traded=0 eval_errors=0
2026-05-13 01:13:45 | INFO     | ayumi.blend_launcher | [B5 Health] ticks=9910 tps=1.04 bars=4 signals=0 trades=0 balance=10000.00 uptime=18602s
2026-05-13 01:13:48 | INFO     | ayumi.forward_test | [B5 Periodic] ticks=9914 bars_built=4 signals=0 traded=0 eval_errors=0
2026-05-13 01:14:45 | INFO     | ayumi.blend_launcher | [B5 Health] ticks=10001 tps=2.29 bars=4 signals=0 trades=0 balance=10000.00 uptime=18662s
2026-05-13 01:14:48 | INFO     | ayumi.forward_test | [B5 Periodic] ticks=10004 bars_built=4 signals=0 traded=0 eval_errors=0
2026-05-13 01:15:45 | INFO     | ayumi.blend_launcher | [B5 Health] ticks=10106 tps=2.07 bars=4 signals=0 trades=0 balance=10000.00 uptime=18722s
2026-05-13 01:15:48 | INFO     | ayumi.forward_test | [B5 Periodic] ticks=10107 bars_built=4 signals=0 traded=0 eval_errors=0
2026-05-13 01:16:45 | INFO     | ayumi.blend_launcher | [B5 Health] ticks=10178 tps=1.74 bars=4 signals=0 trades=0 balance=10000.00 uptime=18782s
2026-05-13 01:16:48 | INFO     | ayumi.forward_test | [B5 Periodic] ticks=10183 bars_built=4 signals=0 traded=0 eval_errors=0
2026-05-13 01:17:45 | INFO     | ayumi.blend_launcher | [B5 Health] ticks=10239 tps=1.47 bars=4 signals=0 trades=0 balance=10000.00 uptime=18842s
2026-05-13 01:17:48 | INFO     | ayumi.forward_test | [B5 Periodic] ticks=10246 bars_built=4 signals=0 traded=0 eval_errors=0
2026-05-13 01:18:45 | INFO     | ayumi.blend_launcher | [B5 Health] ticks=10303 tps=0.76 bars=4 signals=0 trades=0 balance=10000.00 uptime=18902s
2026-05-13 01:18:48 | INFO     | ayumi.forward_test | [B5 Periodic] ticks=10304 bars_built=4 signals=0 traded=0 eval_errors=0
2026-05-13 01:19:45 | INFO     | ayumi.blend_launcher | [B5 Health] ticks=10373 tps=1.76 bars=4 signals=0 trades=0 balance=10000.00 uptime=18962s
2026-05-13 01:19:48 | INFO     | ayumi.forward_test | [B5 Periodic] ticks=10379 bars_built=4 signals=0 traded=0 eval_errors=0
2026-05-13 01:20:45 | INFO     | ayumi.blend_launcher | [B5 Health] ticks=10455 tps=0.53 bars=4 signals=0 trades=0 balance=10000.00 uptime=19022s
2026-05-13 01:20:48 | INFO     | ayumi.forward_test | [B5 Periodic] ticks=10458 bars_built=4 signals=0 traded=0 eval_errors=0
2026-05-13 01:21:45 | INFO     | ayumi.blend_launcher | [B5 Health] ticks=10526 tps=0.95 bars=4 signals=0 trades=0 balance=10000.00 uptime=19082s
2026-05-13 01:21:48 | INFO     | ayumi.forward_test | [B5 Periodic] ticks=10529 bars_built=4 signals=0 traded=0 eval_errors=0
2026-05-13 01:22:45 | INFO     | ayumi.blend_launcher | [B5 Health] ticks=10624 tps=1.53 bars=4 signals=0 trades=0 balance=10000.00 uptime=19142s
2026-05-13 01:22:48 | INFO     | ayumi.forward_test | [B5 Periodic] ticks=10630 bars_built=4 signals=0 traded=0 eval_errors=0
2026-05-13 01:23:45 | INFO     | ayumi.blend_launcher | [B5 Health] ticks=10675 tps=0.61 bars=4 signals=0 trades=0 balance=10000.00 uptime=19202s
2026-05-13 01:23:48 | INFO     | ayumi.forward_test | [B5 Periodic] ticks=10677 bars_built=4 signals=0 traded=0 eval_errors=0
2026-05-13 01:24:45 | INFO     | ayumi.blend_launcher | [B5 Health] ticks=10728 tps=2.08 bars=4 signals=0 trades=0 balance=10000.00 uptime=19262s
2026-05-13 01:24:48 | INFO     | ayumi.forward_test | [B5 Periodic] ticks=10738 bars_built=4 signals=0 traded=0 eval_errors=0
2026-05-13 01:25:45 | INFO     | ayumi.blend_launcher | [B5 Health] ticks=10919 tps=3.54 bars=4 signals=0 trades=0 balance=10000.00 uptime=19322s
2026-05-13 01:25:48 | INFO     | ayumi.forward_test | [B5 Periodic] ticks=10931 bars_built=4 signals=0 traded=0 eval_errors=0
2026-05-13 01:26:45 | INFO     | ayumi.blend_launcher | [B5 Health] ticks=11052 tps=2.10 bars=4 signals=0 trades=0 balance=10000.00 uptime=19382s
2026-05-13 01:26:48 | INFO     | ayumi.forward_test | [B5 Periodic] ticks=11062 bars_built=4 signals=0 traded=0 eval_errors=0
2026-05-13 01:27:45 | INFO     | ayumi.blend_launcher | [B5 Health] ticks=11140 tps=1.73 bars=4 signals=0 trades=0 balance=10000.00 uptime=19442s
2026-05-13 01:27:48 | INFO     | ayumi.forward_test | [B5 Periodic] ticks=11147 bars_built=4 signals=0 traded=0 eval_errors=0
2026-05-13 01:28:45 | INFO     | ayumi.blend_launcher | [B5 Health] ticks=11210 tps=1.54 bars=4 signals=0 trades=0 balance=10000.00 uptime=19502s
2026-05-13 01:28:48 | INFO     | ayumi.forward_test | [B5 Periodic] ticks=11213 bars_built=4 signals=0 traded=0 eval_errors=0
2026-05-13 01:29:45 | INFO     | ayumi.blend_launcher | [B5 Health] ticks=11275 tps=0.92 bars=4 signals=0 trades=0 balance=10000.00 uptime=19562s
2026-05-13 01:29:48 | INFO     | ayumi.forward_test | [B5 Periodic] ticks=11280 bars_built=4 signals=0 traded=0 eval_errors=0
2026-05-13 01:30:45 | INFO     | ayumi.blend_launcher | [B5 Health] ticks=11376 tps=2.10 bars=4 signals=0 trades=0 balance=10000.00 uptime=19622s
2026-05-13 01:30:48 | INFO     | ayumi.forward_test | [B5 Periodic] ticks=11384 bars_built=4 signals=0 traded=0 eval_errors=0
2026-05-13 01:31:45 | INFO     | ayumi.blend_launcher | [B5 Health] ticks=11459 tps=1.30 bars=4 signals=0 trades=0 balance=10000.00 uptime=19682s
2026-05-13 01:31:48 | INFO     | ayumi.forward_test | [B5 Periodic] ticks=11464 bars_built=4 signals=0 traded=0 eval_errors=0
2026-05-13 01:32:45 | INFO     | ayumi.blend_launcher | [B5 Health] ticks=11541 tps=1.65 bars=4 signals=0 trades=0 balance=10000.00 uptime=19742s
2026-05-13 01:32:48 | INFO     | ayumi.forward_test | [B5 Periodic] ticks=11545 bars_built=4 signals=0 traded=0 eval_errors=0
2026-05-13 01:33:45 | INFO     | ayumi.blend_launcher | [B5 Health] ticks=11621 tps=2.04 bars=4 signals=0 trades=0 balance=10000.00 uptime=19802s
2026-05-13 01:33:48 | INFO     | ayumi.forward_test | [B5 Periodic] ticks=11622 bars_built=4 signals=0 traded=0 eval_errors=0
2026-05-13 01:34:45 | INFO     | ayumi.blend_launcher | [B5 Health] ticks=11704 tps=1.52 bars=4 signals=0 trades=0 balance=10000.00 uptime=19862s
2026-05-13 01:34:48 | INFO     | ayumi.forward_test | [B5 Periodic] ticks=11709 bars_built=4 signals=0 traded=0 eval_errors=0
2026-05-13 01:35:45 | INFO     | ayumi.blend_launcher | [B5 Health] ticks=11799 tps=1.84 bars=4 signals=0 trades=0 balance=10000.00 uptime=19923s
2026-05-13 01:35:48 | INFO     | ayumi.forward_test | [B5 Periodic] ticks=11806 bars_built=4 signals=0 traded=0 eval_errors=0
2026-05-13 01:36:45 | INFO     | ayumi.blend_launcher | [B5 Health] ticks=11899 tps=2.27 bars=4 signals=0 trades=0 balance=10000.00 uptime=19983s
2026-05-13 01:36:48 | INFO     | ayumi.forward_test | [B5 Periodic] ticks=11902 bars_built=4 signals=0 traded=0 eval_errors=0
2026-05-13 01:37:45 | INFO     | ayumi.blend_launcher | [B5 Health] ticks=11963 tps=1.66 bars=4 signals=0 trades=0 balance=10000.00 uptime=20043s
2026-05-13 01:37:48 | INFO     | ayumi.forward_test | [B5 Periodic] ticks=11972 bars_built=4 signals=0 traded=0 eval_errors=0
2026-05-13 01:38:45 | INFO     | ayumi.blend_launcher | [B5 Health] ticks=12043 tps=1.26 bars=4 signals=0 trades=0 balance=10000.00 uptime=20103s
2026-05-13 01:38:48 | INFO     | ayumi.forward_test | [B5 Periodic] ticks=12045 bars_built=4 signals=0 traded=0 eval_errors=0
2026-05-13 01:39:45 | INFO     | ayumi.blend_launcher | [B5 Health] ticks=12115 tps=1.36 bars=4 signals=0 trades=0 balance=10000.00 uptime=20163s
2026-05-13 01:39:48 | INFO     | ayumi.forward_test | [B5 Periodic] ticks=12118 bars_built=4 signals=0 traded=0 eval_errors=0
2026-05-13 01:40:45 | INFO     | ayumi.blend_launcher | [B5 Health] ticks=12194 tps=1.23 bars=4 signals=0 trades=0 balance=10000.00 uptime=20223s
2026-05-13 01:40:48 | INFO     | ayumi.forward_test | [B5 Periodic] ticks=12199 bars_built=4 signals=0 traded=0 eval_errors=0
2026-05-13 01:41:45 | INFO     | ayumi.blend_launcher | [B5 Health] ticks=12260 tps=1.52 bars=4 signals=0 trades=0 balance=10000.00 uptime=20283s
2026-05-13 01:41:48 | INFO     | ayumi.forward_test | [B5 Periodic] ticks=12261 bars_built=4 signals=0 traded=0 eval_errors=0
2026-05-13 01:42:45 | INFO     | ayumi.blend_launcher | [B5 Health] ticks=12317 tps=1.09 bars=4 signals=0 trades=0 balance=10000.00 uptime=20343s
2026-05-13 01:42:48 | INFO     | ayumi.forward_test | [B5 Periodic] ticks=12322 bars_built=4 signals=0 traded=0 eval_errors=0
2026-05-13 01:43:45 | INFO     | ayumi.blend_launcher | [B5 Health] ticks=12375 tps=1.21 bars=4 signals=0 trades=0 balance=10000.00 uptime=20403s
2026-05-13 01:43:48 | INFO     | ayumi.forward_test | [B5 Periodic] ticks=12380 bars_built=4 signals=0 traded=0 eval_errors=0
2026-05-13 01:44:45 | INFO     | ayumi.blend_launcher | [B5 Health] ticks=12434 tps=1.32 bars=4 signals=0 trades=0 balance=10000.00 uptime=20463s
2026-05-13 01:44:48 | INFO     | ayumi.forward_test | [B5 Periodic] ticks=12435 bars_built=4 signals=0 traded=0 eval_errors=0
2026-05-13 01:45:45 | INFO     | ayumi.blend_launcher | [B5 Health] ticks=12505 tps=1.29 bars=4 signals=0 trades=0 balance=10000.00 uptime=20523s
2026-05-13 01:45:48 | INFO     | ayumi.forward_test | [B5 Periodic] ticks=12510 bars_built=4 signals=0 traded=0 eval_errors=0
2026-05-13 01:46:45 | INFO     | ayumi.blend_launcher | [B5 Health] ticks=12574 tps=1.40 bars=4 signals=0 trades=0 balance=10000.00 uptime=20583s
2026-05-13 01:46:48 | INFO     | ayumi.forward_test | [B5 Periodic] ticks=12578 bars_built=4 signals=0 traded=0 eval_errors=0
2026-05-13 01:47:45 | INFO     | ayumi.blend_launcher | [B5 Health] ticks=12641 tps=1.54 bars=4 signals=0 trades=0 balance=10000.00 uptime=20643s
2026-05-13 01:47:48 | INFO     | ayumi.forward_test | [B5 Periodic] ticks=12641 bars_built=4 signals=0 traded=0 eval_errors=0
2026-05-13 01:48:45 | INFO     | ayumi.blend_launcher | [B5 Health] ticks=12732 tps=1.75 bars=4 signals=0 trades=0 balance=10000.00 uptime=20703s
2026-05-13 01:48:48 | INFO     | ayumi.forward_test | [B5 Periodic] ticks=12741 bars_built=4 signals=0 traded=0 eval_errors=0
2026-05-13 01:49:45 | INFO     | ayumi.blend_launcher | [B5 Health] ticks=12830 tps=1.35 bars=4 signals=0 trades=0 balance=10000.00 uptime=20763s
2026-05-13 01:49:48 | INFO     | ayumi.forward_test | [B5 Periodic] ticks=12834 bars_built=4 signals=0 traded=0 eval_errors=0
2026-05-13 01:50:45 | INFO     | ayumi.blend_launcher | [B5 Health] ticks=12911 tps=1.41 bars=4 signals=0 trades=0 balance=10000.00 uptime=20823s
2026-05-13 01:50:48 | INFO     | ayumi.forward_test | [B5 Periodic] ticks=12915 bars_built=4 signals=0 traded=0 eval_errors=0
2026-05-13 01:51:45 | INFO     | ayumi.blend_launcher | [B5 Health] ticks=13006 tps=1.47 bars=4 signals=0 trades=0 balance=10000.00 uptime=20883s
2026-05-13 01:51:48 | INFO     | ayumi.forward_test | [B5 Periodic] ticks=13011 bars_built=4 signals=0 traded=0 eval_errors=0
2026-05-13 01:52:45 | INFO     | ayumi.blend_launcher | [B5 Health] ticks=13067 tps=0.59 bars=4 signals=0 trades=0 balance=10000.00 uptime=20943s
2026-05-13 01:52:48 | INFO     | ayumi.forward_test | [B5 Periodic] ticks=13072 bars_built=4 signals=0 traded=0 eval_errors=0
2026-05-13 01:53:45 | INFO     | ayumi.blend_launcher | [B5 Health] ticks=13119 tps=1.05 bars=4 signals=0 trades=0 balance=10000.00 uptime=21003s
2026-05-13 01:53:48 | INFO     | ayumi.forward_test | [B5 Periodic] ticks=13119 bars_built=4 signals=0 traded=0 eval_errors=0
2026-05-13 01:54:45 | INFO     | ayumi.blend_launcher | [B5 Health] ticks=13189 tps=2.05 bars=4 signals=0 trades=0 balance=10000.00 uptime=21063s
2026-05-13 01:54:48 | INFO     | ayumi.forward_test | [B5 Periodic] ticks=13194 bars_built=4 signals=0 traded=0 eval_errors=0
2026-05-13 01:55:45 | INFO     | ayumi.blend_launcher | [B5 Health] ticks=13248 tps=1.31 bars=4 signals=0 trades=0 balance=10000.00 uptime=21123s
2026-05-13 01:55:48 | INFO     | ayumi.forward_test | [B5 Periodic] ticks=13249 bars_built=4 signals=0 traded=0 eval_errors=0
2026-05-13 01:56:45 | INFO     | ayumi.blend_launcher | [B5 Health] ticks=13317 tps=0.94 bars=4 signals=0 trades=0 balance=10000.00 uptime=21183s
2026-05-13 01:56:48 | INFO     | ayumi.forward_test | [B5 Periodic] ticks=13317 bars_built=4 signals=0 traded=0 eval_errors=0
2026-05-13 01:57:45 | INFO     | ayumi.blend_launcher | [B5 Health] ticks=13374 tps=2.10 bars=4 signals=0 trades=0 balance=10000.00 uptime=21243s
2026-05-13 01:57:48 | INFO     | ayumi.forward_test | [B5 Periodic] ticks=13376 bars_built=4 signals=0 traded=0 eval_errors=0
2026-05-13 01:58:45 | INFO     | ayumi.blend_launcher | [B5 Health] ticks=13474 tps=2.31 bars=4 signals=0 trades=0 balance=10000.00 uptime=21303s
2026-05-13 01:58:48 | INFO     | ayumi.forward_test | [B5 Periodic] ticks=13481 bars_built=4 signals=0 traded=0 eval_errors=0
2026-05-13 01:59:45 | INFO     | ayumi.blend_launcher | [B5 Health] ticks=13551 tps=1.79 bars=4 signals=0 trades=0 balance=10000.00 uptime=21363s
2026-05-13 01:59:48 | INFO     | ayumi.forward_test | [B5 Periodic] ticks=13558 bars_built=4 signals=0 traded=0 eval_errors=0
2026-05-13 02:00:45 | INFO     | ayumi.blend_launcher | [B5 Health] ticks=13662 tps=1.77 bars=4 signals=0 trades=0 balance=10000.00 uptime=21423s
2026-05-13 02:00:48 | INFO     | ayumi.forward_test | [B5 Periodic] ticks=13667 bars_built=4 signals=0 traded=0 eval_errors=0
2026-05-13 02:01:45 | INFO     | ayumi.blend_launcher | [B5 Health] ticks=13760 tps=1.25 bars=4 signals=0 trades=0 balance=10000.00 uptime=21483s
2026-05-13 02:01:48 | INFO     | ayumi.forward_test | [B5 Periodic] ticks=13763 bars_built=4 signals=0 traded=0 eval_errors=0
2026-05-13 02:02:45 | INFO     | ayumi.blend_launcher | [B5 Health] ticks=13836 tps=0.81 bars=4 signals=0 trades=0 balance=10000.00 uptime=21543s
2026-05-13 02:02:48 | INFO     | ayumi.forward_test | [B5 Periodic] ticks=13838 bars_built=4 signals=0 traded=0 eval_errors=0
2026-05-13 02:03:45 | INFO     | ayumi.blend_launcher | [B5 Health] ticks=13902 tps=1.73 bars=4 signals=0 trades=0 balance=10000.00 uptime=21603s
2026-05-13 02:03:48 | INFO     | ayumi.forward_test | [B5 Periodic] ticks=13909 bars_built=4 signals=0 traded=0 eval_errors=0
2026-05-13 02:04:45 | INFO     | ayumi.blend_launcher | [B5 Health] ticks=13961 tps=1.15 bars=4 signals=0 trades=0 balance=10000.00 uptime=21663s
2026-05-13 02:04:48 | INFO     | ayumi.forward_test | [B5 Periodic] ticks=13964 bars_built=4 signals=0 traded=0 eval_errors=0
2026-05-13 02:05:45 | INFO     | ayumi.blend_launcher | [B5 Health] ticks=14052 tps=1.92 bars=4 signals=0 trades=0 balance=10000.00 uptime=21723s
2026-05-13 02:05:48 | INFO     | ayumi.forward_test | [B5 Periodic] ticks=14058 bars_built=4 signals=0 traded=0 eval_errors=0
2026-05-13 02:06:45 | INFO     | ayumi.blend_launcher | [B5 Health] ticks=14136 tps=1.61 bars=4 signals=0 trades=0 balance=10000.00 uptime=21783s
2026-05-13 02:06:48 | INFO     | ayumi.forward_test | [B5 Periodic] ticks=14139 bars_built=4 signals=0 traded=0 eval_errors=0
2026-05-13 02:07:45 | INFO     | ayumi.blend_launcher | [B5 Health] ticks=14203 tps=1.79 bars=4 signals=0 trades=0 balance=10000.00 uptime=21843s
2026-05-13 02:07:48 | INFO     | ayumi.forward_test | [B5 Periodic] ticks=14206 bars_built=4 signals=0 traded=0 eval_errors=0
2026-05-13 02:08:45 | INFO     | ayumi.blend_launcher | [B5 Health] ticks=14289 tps=1.65 bars=4 signals=0 trades=0 balance=10000.00 uptime=21903s
2026-05-13 02:08:48 | INFO     | ayumi.forward_test | [B5 Periodic] ticks=14291 bars_built=4 signals=0 traded=0 eval_errors=0
2026-05-13 02:09:45 | INFO     | ayumi.blend_launcher | [B5 Health] ticks=14347 tps=1.21 bars=4 signals=0 trades=0 balance=10000.00 uptime=21963s
2026-05-13 02:09:48 | INFO     | ayumi.forward_test | [B5 Periodic] ticks=14351 bars_built=4 signals=0 traded=0 eval_errors=0
2026-05-13 02:10:45 | INFO     | ayumi.blend_launcher | [B5 Health] ticks=14428 tps=1.71 bars=4 signals=0 trades=0 balance=10000.00 uptime=22023s
2026-05-13 02:10:48 | INFO     | ayumi.forward_test | [B5 Periodic] ticks=14431 bars_built=4 signals=0 traded=0 eval_errors=0
2026-05-13 02:11:45 | INFO     | ayumi.blend_launcher | [B5 Health] ticks=14482 tps=1.06 bars=4 signals=0 trades=0 balance=10000.00 uptime=22083s
2026-05-13 02:11:48 | INFO     | ayumi.forward_test | [B5 Periodic] ticks=14485 bars_built=4 signals=0 traded=0 eval_errors=0
2026-05-13 02:12:45 | INFO     | ayumi.blend_launcher | [B5 Health] ticks=14524 tps=0.93 bars=4 signals=0 trades=0 balance=10000.00 uptime=22143s
2026-05-13 02:12:48 | INFO     | ayumi.forward_test | [B5 Periodic] ticks=14525 bars_built=4 signals=0 traded=0 eval_errors=0
2026-05-13 02:13:45 | INFO     | ayumi.blend_launcher | [B5 Health] ticks=14576 tps=0.84 bars=4 signals=0 trades=0 balance=10000.00 uptime=22203s
2026-05-13 02:13:48 | INFO     | ayumi.forward_test | [B5 Periodic] ticks=14578 bars_built=4 signals=0 traded=0 eval_errors=0
2026-05-13 02:14:45 | INFO     | ayumi.blend_launcher | [B5 Health] ticks=14628 tps=1.27 bars=4 signals=0 trades=0 balance=10000.00 uptime=22263s
2026-05-13 02:14:48 | INFO     | ayumi.forward_test | [B5 Periodic] ticks=14628 bars_built=4 signals=0 traded=0 eval_errors=0
2026-05-13 02:15:45 | INFO     | ayumi.blend_launcher | [B5 Health] ticks=14685 tps=1.45 bars=4 signals=0 trades=0 balance=10000.00 uptime=22323s
2026-05-13 02:15:48 | INFO     | ayumi.forward_test | [B5 Periodic] ticks=14685 bars_built=4 signals=0 traded=0 eval_errors=0
2026-05-13 02:16:45 | INFO     | ayumi.blend_launcher | [B5 Health] ticks=14734 tps=1.65 bars=4 signals=0 trades=0 balance=10000.00 uptime=22383s
2026-05-13 02:16:48 | INFO     | ayumi.forward_test | [B5 Periodic] ticks=14734 bars_built=4 signals=0 traded=0 eval_errors=0
2026-05-13 02:17:45 | INFO     | ayumi.blend_launcher | [B5 Health] ticks=14778 tps=1.11 bars=4 signals=0 trades=0 balance=10000.00 uptime=22443s
2026-05-13 02:17:48 | INFO     | ayumi.forward_test | [B5 Periodic] ticks=14781 bars_built=4 signals=0 traded=0 eval_errors=0
2026-05-13 02:18:45 | INFO     | ayumi.blend_launcher | [B5 Health] ticks=14822 tps=0.64 bars=4 signals=0 trades=0 balance=10000.00 uptime=22503s
2026-05-13 02:18:48 | INFO     | ayumi.forward_test | [B5 Periodic] ticks=14823 bars_built=4 signals=0 traded=0 eval_errors=0
2026-05-13 02:19:45 | INFO     | ayumi.blend_launcher | [B5 Health] ticks=14858 tps=0.69 bars=4 signals=0 trades=0 balance=10000.00 uptime=22563s
2026-05-13 02:19:48 | INFO     | ayumi.forward_test | [B5 Periodic] ticks=14860 bars_built=4 signals=0 traded=0 eval_errors=0
2026-05-13 02:20:45 | INFO     | ayumi.blend_launcher | [B5 Health] ticks=14926 tps=1.44 bars=4 signals=0 trades=0 balance=10000.00 uptime=22623s
2026-05-13 02:20:48 | INFO     | ayumi.forward_test | [B5 Periodic] ticks=14929 bars_built=4 signals=0 traded=0 eval_errors=0
2026-05-13 02:21:45 | INFO     | ayumi.blend_launcher | [B5 Health] ticks=14981 tps=0.85 bars=4 signals=0 trades=0 balance=10000.00 uptime=22683s
2026-05-13 02:21:48 | INFO     | ayumi.forward_test | [B5 Periodic] ticks=14984 bars_built=4 signals=0 traded=0 eval_errors=0
2026-05-13 02:22:45 | INFO     | ayumi.blend_launcher | [B5 Health] ticks=15043 tps=0.89 bars=4 signals=0 trades=0 balance=10000.00 uptime=22743s
2026-05-13 02:22:48 | INFO     | ayumi.forward_test | [B5 Periodic] ticks=15045 bars_built=4 signals=0 traded=0 eval_errors=0
2026-05-13 02:23:45 | INFO     | ayumi.blend_launcher | [B5 Health] ticks=15068 tps=3.15 bars=4 signals=0 trades=0 balance=10000.00 uptime=22803s
2026-05-13 02:23:48 | INFO     | ayumi.forward_test | [B5 Periodic] ticks=15070 bars_built=4 signals=0 traded=0 eval_errors=0
2026-05-13 02:24:45 | INFO     | ayumi.blend_launcher | [B5 Health] ticks=15110 tps=0.30 bars=4 signals=0 trades=0 balance=10000.00 uptime=22863s
2026-05-13 02:24:48 | INFO     | ayumi.forward_test | [B5 Periodic] ticks=15110 bars_built=4 signals=0 traded=0 eval_errors=0
2026-05-13 02:25:45 | INFO     | ayumi.blend_launcher | [B5 Health] ticks=15157 tps=1.48 bars=4 signals=0 trades=0 balance=10000.00 uptime=22923s
2026-05-13 02:25:48 | INFO     | ayumi.forward_test | [B5 Periodic] ticks=15162 bars_built=4 signals=0 traded=0 eval_errors=0
2026-05-13 02:26:45 | INFO     | ayumi.blend_launcher | [B5 Health] ticks=15204 tps=1.13 bars=4 signals=0 trades=0 balance=10000.00 uptime=22983s
2026-05-13 02:26:48 | INFO     | ayumi.forward_test | [B5 Periodic] ticks=15205 bars_built=4 signals=0 traded=0 eval_errors=0
2026-05-13 02:27:45 | INFO     | ayumi.blend_launcher | [B5 Health] ticks=15267 tps=1.08 bars=4 signals=0 trades=0 balance=10000.00 uptime=23043s
2026-05-13 02:27:48 | INFO     | ayumi.forward_test | [B5 Periodic] ticks=15268 bars_built=4 signals=0 traded=0 eval_errors=0
2026-05-13 02:28:45 | INFO     | ayumi.blend_launcher | [B5 Health] ticks=15291 tps=0.70 bars=4 signals=0 trades=0 balance=10000.00 uptime=23103s
2026-05-13 02:28:48 | INFO     | ayumi.forward_test | [B5 Periodic] ticks=15294 bars_built=4 signals=0 traded=0 eval_errors=0
2026-05-13 02:29:45 | INFO     | ayumi.blend_launcher | [B5 Health] ticks=15336 tps=0.50 bars=4 signals=0 trades=0 balance=10000.00 uptime=23163s
2026-05-13 02:29:48 | INFO     | ayumi.forward_test | [B5 Periodic] ticks=15336 bars_built=4 signals=0 traded=0 eval_errors=0
2026-05-13 02:30:45 | INFO     | ayumi.blend_launcher | [B5 Health] ticks=15380 tps=1.55 bars=4 signals=0 trades=0 balance=10000.00 uptime=23223s
2026-05-13 02:30:48 | INFO     | ayumi.forward_test | [B5 Periodic] ticks=15382 bars_built=4 signals=0 traded=0 eval_errors=0
2026-05-13 02:31:45 | INFO     | ayumi.blend_launcher | [B5 Health] ticks=15451 tps=1.02 bars=4 signals=0 trades=0 balance=10000.00 uptime=23283s
2026-05-13 02:31:48 | INFO     | ayumi.forward_test | [B5 Periodic] ticks=15454 bars_built=4 signals=0 traded=0 eval_errors=0
2026-05-13 02:32:45 | INFO     | ayumi.blend_launcher | [B5 Health] ticks=15497 tps=0.63 bars=4 signals=0 trades=0 balance=10000.00 uptime=23343s
2026-05-13 02:32:48 | INFO     | ayumi.forward_test | [B5 Periodic] ticks=15501 bars_built=4 signals=0 traded=0 eval_errors=0
2026-05-13 02:33:45 | INFO     | ayumi.blend_launcher | [B5 Health] ticks=15535 tps=1.03 bars=4 signals=0 trades=0 balance=10000.00 uptime=23403s
2026-05-13 02:33:48 | INFO     | ayumi.forward_test | [B5 Periodic] ticks=15536 bars_built=4 signals=0 traded=0 eval_errors=0
2026-05-13 02:34:45 | INFO     | ayumi.blend_launcher | [B5 Health] ticks=15582 tps=1.46 bars=4 signals=0 trades=0 balance=10000.00 uptime=23463s
2026-05-13 02:34:48 | INFO     | ayumi.forward_test | [B5 Periodic] ticks=15585 bars_built=4 signals=0 traded=0 eval_errors=0
2026-05-13 02:35:45 | INFO     | ayumi.blend_launcher | [B5 Health] ticks=15636 tps=0.47 bars=4 signals=0 trades=0 balance=10000.00 uptime=23523s
2026-05-13 02:35:48 | INFO     | ayumi.forward_test | [B5 Periodic] ticks=15639 bars_built=4 signals=0 traded=0 eval_errors=0
2026-05-13 02:36:45 | INFO     | ayumi.blend_launcher | [B5 Health] ticks=15685 tps=1.07 bars=4 signals=0 trades=0 balance=10000.00 uptime=23583s
2026-05-13 02:36:48 | INFO     | ayumi.forward_test | [B5 Periodic] ticks=15685 bars_built=4 signals=0 traded=0 eval_errors=0
2026-05-13 02:37:45 | INFO     | ayumi.blend_launcher | [B5 Health] ticks=15720 tps=0.56 bars=4 signals=0 trades=0 balance=10000.00 uptime=23643s
2026-05-13 02:37:48 | INFO     | ayumi.forward_test | [B5 Periodic] ticks=15723 bars_built=4 signals=0 traded=0 eval_errors=0
2026-05-13 02:38:45 | INFO     | ayumi.blend_launcher | [B5 Health] ticks=15758 tps=1.13 bars=4 signals=0 trades=0 balance=10000.00 uptime=23703s
2026-05-13 02:38:48 | INFO     | ayumi.forward_test | [B5 Periodic] ticks=15758 bars_built=4 signals=0 traded=0 eval_errors=0
2026-05-13 02:39:45 | INFO     | ayumi.blend_launcher | [B5 Health] ticks=15795 tps=1.62 bars=4 signals=0 trades=0 balance=10000.00 uptime=23763s
2026-05-13 02:39:48 | INFO     | ayumi.forward_test | [B5 Periodic] ticks=15798 bars_built=4 signals=0 traded=0 eval_errors=0
2026-05-13 02:40:45 | INFO     | ayumi.blend_launcher | [B5 Health] ticks=15845 tps=1.08 bars=4 signals=0 trades=0 balance=10000.00 uptime=23823s
2026-05-13 02:40:48 | INFO     | ayumi.forward_test | [B5 Periodic] ticks=15846 bars_built=4 signals=0 traded=0 eval_errors=0
2026-05-13 02:41:45 | INFO     | ayumi.blend_launcher | [B5 Health] ticks=15862 tps=0.57 bars=4 signals=0 trades=0 balance=10000.00 uptime=23883s
2026-05-13 02:41:48 | INFO     | ayumi.forward_test | [B5 Periodic] ticks=15864 bars_built=4 signals=0 traded=0 eval_errors=0
2026-05-13 02:42:45 | INFO     | ayumi.blend_launcher | [B5 Health] ticks=15906 tps=0.93 bars=4 signals=0 trades=0 balance=10000.00 uptime=23943s
2026-05-13 02:42:48 | INFO     | ayumi.forward_test | [B5 Periodic] ticks=15909 bars_built=4 signals=0 traded=0 eval_errors=0
2026-05-13 02:43:45 | INFO     | ayumi.blend_launcher | [B5 Health] ticks=15951 tps=0.89 bars=4 signals=0 trades=0 balance=10000.00 uptime=24003s
2026-05-13 02:43:48 | INFO     | ayumi.forward_test | [B5 Periodic] ticks=15952 bars_built=4 signals=0 traded=0 eval_errors=0
2026-05-13 02:44:45 | INFO     | ayumi.blend_launcher | [B5 Health] ticks=15991 tps=1.36 bars=4 signals=0 trades=0 balance=10000.00 uptime=24063s
2026-05-13 02:44:48 | INFO     | ayumi.forward_test | [B5 Periodic] ticks=15991 bars_built=4 signals=0 traded=0 eval_errors=0
2026-05-13 02:45:45 | INFO     | ayumi.blend_launcher | [B5 Health] ticks=16030 tps=1.26 bars=4 signals=0 trades=0 balance=10000.00 uptime=24123s
2026-05-13 02:45:48 | INFO     | ayumi.forward_test | [B5 Periodic] ticks=16033 bars_built=4 signals=0 traded=0 eval_errors=0
2026-05-13 02:46:45 | INFO     | ayumi.blend_launcher | [B5 Health] ticks=16079 tps=1.30 bars=4 signals=0 trades=0 balance=10000.00 uptime=24183s
2026-05-13 02:46:48 | INFO     | ayumi.forward_test | [B5 Periodic] ticks=16082 bars_built=4 signals=0 traded=0 eval_errors=0
2026-05-13 02:47:45 | INFO     | ayumi.blend_launcher | [B5 Health] ticks=16120 tps=1.29 bars=4 signals=0 trades=0 balance=10000.00 uptime=24243s
2026-05-13 02:47:48 | INFO     | ayumi.forward_test | [B5 Periodic] ticks=16121 bars_built=4 signals=0 traded=0 eval_errors=0
2026-05-13 02:48:46 | INFO     | ayumi.blend_launcher | [B5 Health] ticks=16169 tps=0.53 bars=4 signals=0 trades=0 balance=10000.00 uptime=24303s
2026-05-13 02:48:48 | INFO     | ayumi.forward_test | [B5 Periodic] ticks=16171 bars_built=4 signals=0 traded=0 eval_errors=0
2026-05-13 02:49:46 | INFO     | ayumi.blend_launcher | [B5 Health] ticks=16214 tps=1.28 bars=4 signals=0 trades=0 balance=10000.00 uptime=24363s
2026-05-13 02:49:48 | INFO     | ayumi.forward_test | [B5 Periodic] ticks=16216 bars_built=4 signals=0 traded=0 eval_errors=0
2026-05-13 02:50:46 | INFO     | ayumi.blend_launcher | [B5 Health] ticks=16254 tps=1.41 bars=4 signals=0 trades=0 balance=10000.00 uptime=24423s
2026-05-13 02:50:48 | INFO     | ayumi.forward_test | [B5 Periodic] ticks=16254 bars_built=4 signals=0 traded=0 eval_errors=0
2026-05-13 02:51:46 | INFO     | ayumi.blend_launcher | [B5 Health] ticks=16286 tps=0.78 bars=4 signals=0 trades=0 balance=10000.00 uptime=24483s
2026-05-13 02:51:48 | INFO     | ayumi.forward_test | [B5 Periodic] ticks=16286 bars_built=4 signals=0 traded=0 eval_errors=0
2026-05-13 02:52:46 | INFO     | ayumi.blend_launcher | [B5 Health] ticks=16348 tps=1.75 bars=4 signals=0 trades=0 balance=10000.00 uptime=24543s
2026-05-13 02:52:48 | INFO     | ayumi.forward_test | [B5 Periodic] ticks=16349 bars_built=4 signals=0 traded=0 eval_errors=0
2026-05-13 02:53:46 | INFO     | ayumi.blend_launcher | [B5 Health] ticks=16410 tps=0.82 bars=4 signals=0 trades=0 balance=10000.00 uptime=24603s
2026-05-13 02:53:48 | INFO     | ayumi.forward_test | [B5 Periodic] ticks=16414 bars_built=4 signals=0 traded=0 eval_errors=0
2026-05-13 02:54:46 | INFO     | ayumi.blend_launcher | [B5 Health] ticks=16474 tps=1.01 bars=4 signals=0 trades=0 balance=10000.00 uptime=24663s
2026-05-13 02:54:48 | INFO     | ayumi.forward_test | [B5 Periodic] ticks=16478 bars_built=4 signals=0 traded=0 eval_errors=0
2026-05-13 02:55:46 | INFO     | ayumi.blend_launcher | [B5 Health] ticks=16537 tps=1.72 bars=4 signals=0 trades=0 balance=10000.00 uptime=24723s
2026-05-13 02:55:48 | INFO     | ayumi.forward_test | [B5 Periodic] ticks=16542 bars_built=4 signals=0 traded=0 eval_errors=0
2026-05-13 02:56:46 | INFO     | ayumi.blend_launcher | [B5 Health] ticks=16621 tps=1.54 bars=4 signals=0 trades=0 balance=10000.00 uptime=24783s
2026-05-13 02:56:48 | INFO     | ayumi.forward_test | [B5 Periodic] ticks=16628 bars_built=4 signals=0 traded=0 eval_errors=0
2026-05-13 02:57:46 | INFO     | ayumi.blend_launcher | [B5 Health] ticks=16675 tps=0.71 bars=4 signals=0 trades=0 balance=10000.00 uptime=24843s
2026-05-13 02:57:48 | INFO     | ayumi.forward_test | [B5 Periodic] ticks=16677 bars_built=4 signals=0 traded=0 eval_errors=0
2026-05-13 02:58:46 | INFO     | ayumi.blend_launcher | [B5 Health] ticks=16724 tps=1.36 bars=4 signals=0 trades=0 balance=10000.00 uptime=24903s
2026-05-13 02:58:48 | INFO     | ayumi.forward_test | [B5 Periodic] ticks=16727 bars_built=4 signals=0 traded=0 eval_errors=0
2026-05-13 02:59:46 | INFO     | ayumi.blend_launcher | [B5 Health] ticks=16771 tps=0.99 bars=4 signals=0 trades=0 balance=10000.00 uptime=24963s
2026-05-13 02:59:48 | INFO     | ayumi.forward_test | [B5 Periodic] ticks=16773 bars_built=4 signals=0 traded=0 eval_errors=0
2026-05-13 03:00:46 | INFO     | ayumi.blend_launcher | [B5 Health] ticks=16833 tps=1.25 bars=4 signals=0 trades=0 balance=10000.00 uptime=25023s
2026-05-13 03:00:48 | INFO     | ayumi.forward_test | [B5 Periodic] ticks=16836 bars_built=4 signals=0 traded=0 eval_errors=0
2026-05-13 03:01:46 | INFO     | ayumi.blend_launcher | [B5 Health] ticks=16878 tps=1.36 bars=4 signals=0 trades=0 balance=10000.00 uptime=25083s
2026-05-13 03:01:48 | INFO     | ayumi.forward_test | [B5 Periodic] ticks=16880 bars_built=4 signals=0 traded=0 eval_errors=0
2026-05-13 03:02:46 | INFO     | ayumi.blend_launcher | [B5 Health] ticks=16940 tps=1.35 bars=4 signals=0 trades=0 balance=10000.00 uptime=25143s
2026-05-13 03:02:48 | INFO     | ayumi.forward_test | [B5 Periodic] ticks=16941 bars_built=4 signals=0 traded=0 eval_errors=0
2026-05-13 03:03:46 | INFO     | ayumi.blend_launcher | [B5 Health] ticks=17039 tps=1.83 bars=4 signals=0 trades=0 balance=10000.00 uptime=25203s
2026-05-13 03:03:48 | INFO     | ayumi.forward_test | [B5 Periodic] ticks=17045 bars_built=4 signals=0 traded=0 eval_errors=0
2026-05-13 03:04:46 | INFO     | ayumi.blend_launcher | [B5 Health] ticks=17116 tps=1.62 bars=4 signals=0 trades=0 balance=10000.00 uptime=25263s
2026-05-13 03:04:48 | INFO     | ayumi.forward_test | [B5 Periodic] ticks=17119 bars_built=4 signals=0 traded=0 eval_errors=0
2026-05-13 03:05:46 | INFO     | ayumi.blend_launcher | [B5 Health] ticks=17175 tps=1.35 bars=4 signals=0 trades=0 balance=10000.00 uptime=25323s
2026-05-13 03:05:48 | INFO     | ayumi.forward_test | [B5 Periodic] ticks=17179 bars_built=4 signals=0 traded=0 eval_errors=0
2026-05-13 03:06:46 | INFO     | ayumi.blend_launcher | [B5 Health] ticks=17237 tps=1.52 bars=4 signals=0 trades=0 balance=10000.00 uptime=25383s
2026-05-13 03:06:48 | INFO     | ayumi.forward_test | [B5 Periodic] ticks=17238 bars_built=4 signals=0 traded=0 eval_errors=0
2026-05-13 03:07:46 | INFO     | ayumi.blend_launcher | [B5 Health] ticks=17281 tps=0.76 bars=4 signals=0 trades=0 balance=10000.00 uptime=25443s
2026-05-13 03:07:48 | INFO     | ayumi.forward_test | [B5 Periodic] ticks=17281 bars_built=4 signals=0 traded=0 eval_errors=0
2026-05-13 03:08:46 | INFO     | ayumi.blend_launcher | [B5 Health] ticks=17362 tps=0.84 bars=4 signals=0 trades=0 balance=10000.00 uptime=25503s
2026-05-13 03:08:48 | INFO     | ayumi.forward_test | [B5 Periodic] ticks=17366 bars_built=4 signals=0 traded=0 eval_errors=0
2026-05-13 03:09:46 | INFO     | ayumi.blend_launcher | [B5 Health] ticks=17455 tps=1.97 bars=4 signals=0 trades=0 balance=10000.00 uptime=25563s
2026-05-13 03:09:48 | INFO     | ayumi.forward_test | [B5 Periodic] ticks=17455 bars_built=4 signals=0 traded=0 eval_errors=0
2026-05-13 03:10:46 | INFO     | ayumi.blend_launcher | [B5 Health] ticks=17555 tps=1.69 bars=4 signals=0 trades=0 balance=10000.00 uptime=25623s
2026-05-13 03:10:48 | INFO     | ayumi.forward_test | [B5 Periodic] ticks=17560 bars_built=4 signals=0 traded=0 eval_errors=0
2026-05-13 03:11:46 | INFO     | ayumi.blend_launcher | [B5 Health] ticks=17621 tps=0.91 bars=4 signals=0 trades=0 balance=10000.00 uptime=25683s
2026-05-13 03:11:48 | INFO     | ayumi.forward_test | [B5 Periodic] ticks=17625 bars_built=4 signals=0 traded=0 eval_errors=0
2026-05-13 03:12:46 | INFO     | ayumi.blend_launcher | [B5 Health] ticks=17698 tps=1.09 bars=4 signals=0 trades=0 balance=10000.00 uptime=25743s
2026-05-13 03:12:48 | INFO     | ayumi.forward_test | [B5 Periodic] ticks=17701 bars_built=4 signals=0 traded=0 eval_errors=0
2026-05-13 03:13:46 | INFO     | ayumi.blend_launcher | [B5 Health] ticks=17734 tps=1.20 bars=4 signals=0 trades=0 balance=10000.00 uptime=25803s
2026-05-13 03:13:48 | INFO     | ayumi.forward_test | [B5 Periodic] ticks=17739 bars_built=4 signals=0 traded=0 eval_errors=0
2026-05-13 03:14:46 | INFO     | ayumi.blend_launcher | [B5 Health] ticks=17795 tps=0.63 bars=4 signals=0 trades=0 balance=10000.00 uptime=25863s
2026-05-13 03:14:48 | INFO     | ayumi.forward_test | [B5 Periodic] ticks=17797 bars_built=4 signals=0 traded=0 eval_errors=0
2026-05-13 03:15:46 | INFO     | ayumi.blend_launcher | [B5 Health] ticks=17849 tps=1.08 bars=4 signals=0 trades=0 balance=10000.00 uptime=25923s
2026-05-13 03:15:48 | INFO     | ayumi.forward_test | [B5 Periodic] ticks=17851 bars_built=4 signals=0 traded=0 eval_errors=0
2026-05-13 03:16:46 | INFO     | ayumi.blend_launcher | [B5 Health] ticks=17899 tps=0.72 bars=4 signals=0 trades=0 balance=10000.00 uptime=25983s
2026-05-13 03:16:48 | INFO     | ayumi.forward_test | [B5 Periodic] ticks=17900 bars_built=4 signals=0 traded=0 eval_errors=0
2026-05-13 03:17:46 | INFO     | ayumi.blend_launcher | [B5 Health] ticks=17941 tps=0.53 bars=4 signals=0 trades=0 balance=10000.00 uptime=26043s
2026-05-13 03:17:48 | INFO     | ayumi.forward_test | [B5 Periodic] ticks=17941 bars_built=4 signals=0 traded=0 eval_errors=0
2026-05-13 03:18:46 | INFO     | ayumi.blend_launcher | [B5 Health] ticks=18000 tps=0.81 bars=4 signals=0 trades=0 balance=10000.00 uptime=26103s
2026-05-13 03:18:48 | INFO     | ayumi.forward_test | [B5 Periodic] ticks=18001 bars_built=4 signals=0 traded=0 eval_errors=0
2026-05-13 03:19:46 | INFO     | ayumi.blend_launcher | [B5 Health] ticks=18050 tps=1.07 bars=4 signals=0 trades=0 balance=10000.00 uptime=26163s
2026-05-13 03:19:48 | INFO     | ayumi.forward_test | [B5 Periodic] ticks=18051 bars_built=4 signals=0 traded=0 eval_errors=0
2026-05-13 03:20:46 | INFO     | ayumi.blend_launcher | [B5 Health] ticks=18090 tps=0.61 bars=4 signals=0 trades=0 balance=10000.00 uptime=26224s
2026-05-13 03:20:48 | INFO     | ayumi.forward_test | [B5 Periodic] ticks=18090 bars_built=4 signals=0 traded=0 eval_errors=0
2026-05-13 03:21:46 | INFO     | ayumi.blend_launcher | [B5 Health] ticks=18136 tps=0.61 bars=4 signals=0 trades=0 balance=10000.00 uptime=26284s
2026-05-13 03:21:48 | INFO     | ayumi.forward_test | [B5 Periodic] ticks=18136 bars_built=4 signals=0 traded=0 eval_errors=0
2026-05-13 03:22:46 | INFO     | ayumi.blend_launcher | [B5 Health] ticks=18170 tps=0.64 bars=4 signals=0 trades=0 balance=10000.00 uptime=26344s
2026-05-13 03:22:48 | INFO     | ayumi.forward_test | [B5 Periodic] ticks=18171 bars_built=4 signals=0 traded=0 eval_errors=0
2026-05-13 03:23:46 | INFO     | ayumi.blend_launcher | [B5 Health] ticks=18216 tps=0.81 bars=4 signals=0 trades=0 balance=10000.00 uptime=26404s
2026-05-13 03:23:48 | INFO     | ayumi.forward_test | [B5 Periodic] ticks=18218 bars_built=4 signals=0 traded=0 eval_errors=0
2026-05-13 03:24:46 | INFO     | ayumi.blend_launcher | [B5 Health] ticks=18231 tps=0.50 bars=4 signals=0 trades=0 balance=10000.00 uptime=26464s
2026-05-13 03:24:48 | INFO     | ayumi.forward_test | [B5 Periodic] ticks=18231 bars_built=4 signals=0 traded=0 eval_errors=0
2026-05-13 03:25:46 | INFO     | ayumi.blend_launcher | [B5 Health] ticks=18279 tps=1.62 bars=4 signals=0 trades=0 balance=10000.00 uptime=26524s
2026-05-13 03:25:48 | INFO     | ayumi.forward_test | [B5 Periodic] ticks=18282 bars_built=4 signals=0 traded=0 eval_errors=0
2026-05-13 03:26:46 | INFO     | ayumi.blend_launcher | [B5 Health] ticks=18328 tps=0.82 bars=4 signals=0 trades=0 balance=10000.00 uptime=26584s
2026-05-13 03:26:48 | INFO     | ayumi.forward_test | [B5 Periodic] ticks=18328 bars_built=4 signals=0 traded=0 eval_errors=0
2026-05-13 03:27:46 | INFO     | ayumi.blend_launcher | [B5 Health] ticks=18366 tps=0.50 bars=4 signals=0 trades=0 balance=10000.00 uptime=26644s
2026-05-13 03:27:48 | INFO     | ayumi.forward_test | [B5 Periodic] ticks=18370 bars_built=4 signals=0 traded=0 eval_errors=0
2026-05-13 03:28:46 | INFO     | ayumi.blend_launcher | [B5 Health] ticks=18435 tps=0.86 bars=4 signals=0 trades=0 balance=10000.00 uptime=26704s
2026-05-13 03:28:48 | INFO     | ayumi.forward_test | [B5 Periodic] ticks=18435 bars_built=4 signals=0 traded=0 eval_errors=0
2026-05-13 03:29:46 | INFO     | ayumi.blend_launcher | [B5 Health] ticks=18501 tps=0.67 bars=4 signals=0 trades=0 balance=10000.00 uptime=26764s
2026-05-13 03:29:48 | INFO     | ayumi.forward_test | [B5 Periodic] ticks=18503 bars_built=4 signals=0 traded=0 eval_errors=0
2026-05-13 03:30:46 | INFO     | ayumi.blend_launcher | [B5 Health] ticks=18571 tps=2.10 bars=4 signals=0 trades=0 balance=10000.00 uptime=26824s
2026-05-13 03:30:48 | INFO     | ayumi.forward_test | [B5 Periodic] ticks=18571 bars_built=4 signals=0 traded=0 eval_errors=0
2026-05-13 03:31:46 | INFO     | ayumi.blend_launcher | [B5 Health] ticks=18625 tps=0.85 bars=4 signals=0 trades=0 balance=10000.00 uptime=26884s
2026-05-13 03:31:48 | INFO     | ayumi.forward_test | [B5 Periodic] ticks=18627 bars_built=4 signals=0 traded=0 eval_errors=0
2026-05-13 03:32:46 | INFO     | ayumi.blend_launcher | [B5 Health] ticks=18669 tps=0.49 bars=4 signals=0 trades=0 balance=10000.00 uptime=26944s
2026-05-13 03:32:48 | INFO     | ayumi.forward_test | [B5 Periodic] ticks=18669 bars_built=4 signals=0 traded=0 eval_errors=0
2026-05-13 03:33:46 | INFO     | ayumi.blend_launcher | [B5 Health] ticks=18730 tps=1.91 bars=4 signals=0 trades=0 balance=10000.00 uptime=27004s
2026-05-13 03:33:48 | INFO     | ayumi.forward_test | [B5 Periodic] ticks=18734 bars_built=4 signals=0 traded=0 eval_errors=0
2026-05-13 03:34:46 | INFO     | ayumi.blend_launcher | [B5 Health] ticks=18790 tps=1.02 bars=4 signals=0 trades=0 balance=10000.00 uptime=27064s
2026-05-13 03:34:48 | INFO     | ayumi.forward_test | [B5 Periodic] ticks=18793 bars_built=4 signals=0 traded=0 eval_errors=0
2026-05-13 03:35:46 | INFO     | ayumi.blend_launcher | [B5 Health] ticks=18833 tps=0.88 bars=4 signals=0 trades=0 balance=10000.00 uptime=27124s
2026-05-13 03:35:48 | INFO     | ayumi.forward_test | [B5 Periodic] ticks=18833 bars_built=4 signals=0 traded=0 eval_errors=0
2026-05-13 03:36:46 | INFO     | ayumi.blend_launcher | [B5 Health] ticks=18910 tps=1.77 bars=4 signals=0 trades=0 balance=10000.00 uptime=27184s
2026-05-13 03:36:48 | INFO     | ayumi.forward_test | [B5 Periodic] ticks=18915 bars_built=4 signals=0 traded=0 eval_errors=0
2026-05-13 03:37:46 | INFO     | ayumi.blend_launcher | [B5 Health] ticks=18961 tps=0.60 bars=4 signals=0 trades=0 balance=10000.00 uptime=27244s
2026-05-13 03:37:48 | INFO     | ayumi.forward_test | [B5 Periodic] ticks=18964 bars_built=4 signals=0 traded=0 eval_errors=0
2026-05-13 03:38:46 | INFO     | ayumi.blend_launcher | [B5 Health] ticks=19012 tps=1.41 bars=4 signals=0 trades=0 balance=10000.00 uptime=27304s
2026-05-13 03:38:48 | INFO     | ayumi.forward_test | [B5 Periodic] ticks=19013 bars_built=4 signals=0 traded=0 eval_errors=0
2026-05-13 03:39:46 | INFO     | ayumi.blend_launcher | [B5 Health] ticks=19088 tps=2.15 bars=4 signals=0 trades=0 balance=10000.00 uptime=27364s
2026-05-13 03:39:48 | INFO     | ayumi.forward_test | [B5 Periodic] ticks=19088 bars_built=4 signals=0 traded=0 eval_errors=0
2026-05-13 03:40:46 | INFO     | ayumi.blend_launcher | [B5 Health] ticks=19145 tps=1.22 bars=4 signals=0 trades=0 balance=10000.00 uptime=27424s
2026-05-13 03:40:48 | INFO     | ayumi.forward_test | [B5 Periodic] ticks=19147 bars_built=4 signals=0 traded=0 eval_errors=0
2026-05-13 03:41:46 | INFO     | ayumi.blend_launcher | [B5 Health] ticks=19201 tps=1.25 bars=4 signals=0 trades=0 balance=10000.00 uptime=27484s
2026-05-13 03:41:48 | INFO     | ayumi.forward_test | [B5 Periodic] ticks=19201 bars_built=4 signals=0 traded=0 eval_errors=0
2026-05-13 03:42:46 | INFO     | ayumi.blend_launcher | [B5 Health] ticks=19232 tps=0.56 bars=4 signals=0 trades=0 balance=10000.00 uptime=27544s
2026-05-13 03:42:48 | INFO     | ayumi.forward_test | [B5 Periodic] ticks=19232 bars_built=4 signals=0 traded=0 eval_errors=0
2026-05-13 03:43:46 | INFO     | ayumi.blend_launcher | [B5 Health] ticks=19266 tps=0.77 bars=4 signals=0 trades=0 balance=10000.00 uptime=27604s
2026-05-13 03:43:48 | INFO     | ayumi.forward_test | [B5 Periodic] ticks=19269 bars_built=4 signals=0 traded=0 eval_errors=0
2026-05-13 03:44:46 | INFO     | ayumi.blend_launcher | [B5 Health] ticks=19302 tps=1.11 bars=4 signals=0 trades=0 balance=10000.00 uptime=27664s
2026-05-13 03:44:48 | INFO     | ayumi.forward_test | [B5 Periodic] ticks=19305 bars_built=4 signals=0 traded=0 eval_errors=0
2026-05-13 03:45:46 | INFO     | ayumi.blend_launcher | [B5 Health] ticks=19352 tps=0.81 bars=4 signals=0 trades=0 balance=10000.00 uptime=27724s
2026-05-13 03:45:48 | INFO     | ayumi.forward_test | [B5 Periodic] ticks=19353 bars_built=4 signals=0 traded=0 eval_errors=0
2026-05-13 03:46:46 | INFO     | ayumi.blend_launcher | [B5 Health] ticks=19385 tps=0.86 bars=4 signals=0 trades=0 balance=10000.00 uptime=27784s
2026-05-13 03:46:48 | INFO     | ayumi.forward_test | [B5 Periodic] ticks=19388 bars_built=4 signals=0 traded=0 eval_errors=0
2026-05-13 03:47:46 | INFO     | ayumi.blend_launcher | [B5 Health] ticks=19426 tps=0.95 bars=4 signals=0 trades=0 balance=10000.00 uptime=27844s
2026-05-13 03:47:48 | INFO     | ayumi.forward_test | [B5 Periodic] ticks=19428 bars_built=4 signals=0 traded=0 eval_errors=0
2026-05-13 03:48:46 | INFO     | ayumi.blend_launcher | [B5 Health] ticks=19473 tps=0.80 bars=4 signals=0 trades=0 balance=10000.00 uptime=27904s
2026-05-13 03:48:48 | INFO     | ayumi.forward_test | [B5 Periodic] ticks=19473 bars_built=4 signals=0 traded=0 eval_errors=0
2026-05-13 03:49:46 | INFO     | ayumi.blend_launcher | [B5 Health] ticks=19500 tps=0.44 bars=4 signals=0 trades=0 balance=10000.00 uptime=27964s
2026-05-13 03:49:48 | INFO     | ayumi.forward_test | [B5 Periodic] ticks=19501 bars_built=4 signals=0 traded=0 eval_errors=0
2026-05-13 03:50:46 | INFO     | ayumi.blend_launcher | [B5 Health] ticks=19540 tps=1.10 bars=4 signals=0 trades=0 balance=10000.00 uptime=28024s
2026-05-13 03:50:48 | INFO     | ayumi.forward_test | [B5 Periodic] ticks=19540 bars_built=4 signals=0 traded=0 eval_errors=0
2026-05-13 03:51:46 | INFO     | ayumi.blend_launcher | [B5 Health] ticks=19563 tps=4.33 bars=4 signals=0 trades=0 balance=10000.00 uptime=28084s
2026-05-13 03:51:48 | INFO     | ayumi.forward_test | [B5 Periodic] ticks=19563 bars_built=4 signals=0 traded=0 eval_errors=0
2026-05-13 03:52:46 | INFO     | ayumi.blend_launcher | [B5 Health] ticks=19596 tps=0.67 bars=4 signals=0 trades=0 balance=10000.00 uptime=28144s
2026-05-13 03:52:48 | INFO     | ayumi.forward_test | [B5 Periodic] ticks=19597 bars_built=4 signals=0 traded=0 eval_errors=0
2026-05-13 03:53:46 | INFO     | ayumi.blend_launcher | [B5 Health] ticks=19639 tps=0.64 bars=4 signals=0 trades=0 balance=10000.00 uptime=28204s
2026-05-13 03:53:48 | INFO     | ayumi.forward_test | [B5 Periodic] ticks=19641 bars_built=4 signals=0 traded=0 eval_errors=0
2026-05-13 03:54:46 | INFO     | ayumi.blend_launcher | [B5 Health] ticks=19687 tps=0.85 bars=4 signals=0 trades=0 balance=10000.00 uptime=28264s
2026-05-13 03:54:48 | INFO     | ayumi.forward_test | [B5 Periodic] ticks=19688 bars_built=4 signals=0 traded=0 eval_errors=0
2026-05-13 03:55:46 | INFO     | ayumi.blend_launcher | [B5 Health] ticks=19740 tps=1.22 bars=4 signals=0 trades=0 balance=10000.00 uptime=28324s
2026-05-13 03:55:48 | INFO     | ayumi.forward_test | [B5 Periodic] ticks=19741 bars_built=4 signals=0 traded=0 eval_errors=0
2026-05-13 03:56:46 | INFO     | ayumi.blend_launcher | [B5 Health] ticks=19774 tps=0.51 bars=4 signals=0 trades=0 balance=10000.00 uptime=28384s
2026-05-13 03:56:48 | INFO     | ayumi.forward_test | [B5 Periodic] ticks=19774 bars_built=4 signals=0 traded=0 eval_errors=0
2026-05-13 03:57:46 | INFO     | ayumi.blend_launcher | [B5 Health] ticks=19802 tps=0.56 bars=4 signals=0 trades=0 balance=10000.00 uptime=28444s
2026-05-13 03:57:48 | INFO     | ayumi.forward_test | [B5 Periodic] ticks=19802 bars_built=4 signals=0 traded=0 eval_errors=0
2026-05-13 03:58:46 | INFO     | ayumi.blend_launcher | [B5 Health] ticks=19851 tps=1.61 bars=4 signals=0 trades=0 balance=10000.00 uptime=28504s
2026-05-13 03:58:48 | INFO     | ayumi.forward_test | [B5 Periodic] ticks=19852 bars_built=4 signals=0 traded=0 eval_errors=0
2026-05-13 03:59:46 | INFO     | ayumi.blend_launcher | [B5 Health] ticks=19892 tps=0.72 bars=4 signals=0 trades=0 balance=10000.00 uptime=28564s
2026-05-13 03:59:48 | INFO     | ayumi.forward_test | [B5 Periodic] ticks=19893 bars_built=4 signals=0 traded=0 eval_errors=0
2026-05-13 04:00:46 | INFO     | ayumi.blend_launcher | [B5 Health] ticks=19978 tps=1.21 bars=4 signals=0 trades=0 balance=10000.00 uptime=28624s
2026-05-13 04:00:48 | INFO     | ayumi.forward_test | [B5 Periodic] ticks=19978 bars_built=4 signals=0 traded=0 eval_errors=0
2026-05-13 04:01:46 | INFO     | ayumi.blend_launcher | [B5 Health] ticks=20035 tps=1.50 bars=4 signals=0 trades=0 balance=10000.00 uptime=28684s
2026-05-13 04:01:48 | INFO     | ayumi.forward_test | [B5 Periodic] ticks=20037 bars_built=4 signals=0 traded=0 eval_errors=0
2026-05-13 04:02:46 | INFO     | ayumi.blend_launcher | [B5 Health] ticks=20074 tps=0.61 bars=4 signals=0 trades=0 balance=10000.00 uptime=28744s
2026-05-13 04:02:48 | INFO     | ayumi.forward_test | [B5 Periodic] ticks=20074 bars_built=4 signals=0 traded=0 eval_errors=0
2026-05-13 04:03:46 | INFO     | ayumi.blend_launcher | [B5 Health] ticks=20116 tps=0.67 bars=4 signals=0 trades=0 balance=10000.00 uptime=28804s
2026-05-13 04:03:48 | INFO     | ayumi.forward_test | [B5 Periodic] ticks=20118 bars_built=4 signals=0 traded=0 eval_errors=0
2026-05-13 04:04:46 | INFO     | ayumi.blend_launcher | [B5 Health] ticks=20147 tps=0.53 bars=4 signals=0 trades=0 balance=10000.00 uptime=28864s
2026-05-13 04:04:48 | INFO     | ayumi.forward_test | [B5 Periodic] ticks=20147 bars_built=4 signals=0 traded=0 eval_errors=0
2026-05-13 04:05:46 | INFO     | ayumi.blend_launcher | [B5 Health] ticks=20168 tps=0.47 bars=4 signals=0 trades=0 balance=10000.00 uptime=28924s
2026-05-13 04:05:48 | INFO     | ayumi.forward_test | [B5 Periodic] ticks=20169 bars_built=4 signals=0 traded=0 eval_errors=0
2026-05-13 04:06:46 | INFO     | ayumi.blend_launcher | [B5 Health] ticks=20208 tps=0.91 bars=4 signals=0 trades=0 balance=10000.00 uptime=28984s
2026-05-13 04:06:48 | INFO     | ayumi.forward_test | [B5 Periodic] ticks=20208 bars_built=4 signals=0 traded=0 eval_errors=0
2026-05-13 04:07:46 | INFO     | ayumi.blend_launcher | [B5 Health] ticks=20245 tps=0.48 bars=4 signals=0 trades=0 balance=10000.00 uptime=29044s
2026-05-13 04:07:48 | INFO     | ayumi.forward_test | [B5 Periodic] ticks=20245 bars_built=4 signals=0 traded=0 eval_errors=0
2026-05-13 04:08:46 | INFO     | ayumi.blend_launcher | [B5 Health] ticks=20282 tps=0.87 bars=4 signals=0 trades=0 balance=10000.00 uptime=29104s
2026-05-13 04:08:48 | INFO     | ayumi.forward_test | [B5 Periodic] ticks=20283 bars_built=4 signals=0 traded=0 eval_errors=0
2026-05-13 04:09:46 | INFO     | ayumi.blend_launcher | [B5 Health] ticks=20304 tps=0.79 bars=4 signals=0 trades=0 balance=10000.00 uptime=29164s
2026-05-13 04:09:48 | INFO     | ayumi.forward_test | [B5 Periodic] ticks=20304 bars_built=4 signals=0 traded=0 eval_errors=0
2026-05-13 04:10:46 | INFO     | ayumi.blend_launcher | [B5 Health] ticks=20323 tps=1.29 bars=4 signals=0 trades=0 balance=10000.00 uptime=29224s
2026-05-13 04:10:48 | INFO     | ayumi.forward_test | [B5 Periodic] ticks=20324 bars_built=4 signals=0 traded=0 eval_errors=0
2026-05-13 04:11:46 | INFO     | ayumi.blend_launcher | [B5 Health] ticks=20362 tps=0.80 bars=4 signals=0 trades=0 balance=10000.00 uptime=29284s
2026-05-13 04:11:48 | INFO     | ayumi.forward_test | [B5 Periodic] ticks=20364 bars_built=4 signals=0 traded=0 eval_errors=0
2026-05-13 04:12:46 | INFO     | ayumi.blend_launcher | [B5 Health] ticks=20398 tps=0.72 bars=4 signals=0 trades=0 balance=10000.00 uptime=29344s
2026-05-13 04:12:48 | INFO     | ayumi.forward_test | [B5 Periodic] ticks=20400 bars_built=4 signals=0 traded=0 eval_errors=0
2026-05-13 04:13:46 | INFO     | ayumi.blend_launcher | [B5 Health] ticks=20440 tps=0.62 bars=4 signals=0 trades=0 balance=10000.00 uptime=29404s
2026-05-13 04:13:48 | INFO     | ayumi.forward_test | [B5 Periodic] ticks=20442 bars_built=4 signals=0 traded=0 eval_errors=0
2026-05-13 04:14:46 | INFO     | ayumi.blend_launcher | [B5 Health] ticks=20466 tps=0.34 bars=4 signals=0 trades=0 balance=10000.00 uptime=29464s
2026-05-13 04:14:48 | INFO     | ayumi.forward_test | [B5 Periodic] ticks=20466 bars_built=4 signals=0 traded=0 eval_errors=0
2026-05-13 04:15:46 | INFO     | ayumi.blend_launcher | [B5 Health] ticks=20518 tps=1.39 bars=4 signals=0 trades=0 balance=10000.00 uptime=29524s
2026-05-13 04:15:48 | INFO     | ayumi.forward_test | [B5 Periodic] ticks=20518 bars_built=4 signals=0 traded=0 eval_errors=0
2026-05-13 04:16:46 | INFO     | ayumi.blend_launcher | [B5 Health] ticks=20555 tps=0.75 bars=4 signals=0 trades=0 balance=10000.00 uptime=29584s
2026-05-13 04:16:48 | INFO     | ayumi.forward_test | [B5 Periodic] ticks=20556 bars_built=4 signals=0 traded=0 eval_errors=0
2026-05-13 04:17:46 | INFO     | ayumi.blend_launcher | [B5 Health] ticks=20593 tps=0.40 bars=4 signals=0 trades=0 balance=10000.00 uptime=29644s
2026-05-13 04:17:48 | INFO     | ayumi.forward_test | [B5 Periodic] ticks=20594 bars_built=4 signals=0 traded=0 eval_errors=0
2026-05-13 04:18:46 | INFO     | ayumi.blend_launcher | [B5 Health] ticks=20605 tps=0.00 bars=4 signals=0 trades=0 balance=10000.00 uptime=29704s
2026-05-13 04:18:48 | INFO     | ayumi.forward_test | [B5 Periodic] ticks=20605 bars_built=4 signals=0 traded=0 eval_errors=0
2026-05-13 04:19:46 | INFO     | ayumi.blend_launcher | [B5 Health] ticks=20630 tps=0.85 bars=4 signals=0 trades=0 balance=10000.00 uptime=29764s
2026-05-13 04:19:48 | INFO     | ayumi.forward_test | [B5 Periodic] ticks=20631 bars_built=4 signals=0 traded=0 eval_errors=0
2026-05-13 04:20:46 | INFO     | ayumi.blend_launcher | [B5 Health] ticks=20653 tps=0.63 bars=4 signals=0 trades=0 balance=10000.00 uptime=29824s
2026-05-13 04:20:48 | INFO     | ayumi.forward_test | [B5 Periodic] ticks=20657 bars_built=4 signals=0 traded=0 eval_errors=0
2026-05-13 04:21:46 | INFO     | ayumi.blend_launcher | [B5 Health] ticks=20702 tps=0.82 bars=4 signals=0 trades=0 balance=10000.00 uptime=29884s
2026-05-13 04:21:48 | INFO     | ayumi.forward_test | [B5 Periodic] ticks=20704 bars_built=4 signals=0 traded=0 eval_errors=0
2026-05-13 04:22:46 | INFO     | ayumi.blend_launcher | [B5 Health] ticks=20741 tps=1.27 bars=4 signals=0 trades=0 balance=10000.00 uptime=29944s
2026-05-13 04:22:48 | INFO     | ayumi.forward_test | [B5 Periodic] ticks=20743 bars_built=4 signals=0 traded=0 eval_errors=0
2026-05-13 04:23:46 | INFO     | ayumi.blend_launcher | [B5 Health] ticks=20790 tps=0.60 bars=4 signals=0 trades=0 balance=10000.00 uptime=30004s
2026-05-13 04:23:48 | INFO     | ayumi.forward_test | [B5 Periodic] ticks=20792 bars_built=4 signals=0 traded=0 eval_errors=0
2026-05-13 04:24:46 | INFO     | ayumi.blend_launcher | [B5 Health] ticks=20839 tps=1.03 bars=4 signals=0 trades=0 balance=10000.00 uptime=30064s
2026-05-13 04:24:48 | INFO     | ayumi.forward_test | [B5 Periodic] ticks=20843 bars_built=4 signals=0 traded=0 eval_errors=0
2026-05-13 04:25:46 | INFO     | ayumi.blend_launcher | [B5 Health] ticks=20898 tps=1.24 bars=4 signals=0 trades=0 balance=10000.00 uptime=30124s
2026-05-13 04:25:48 | INFO     | ayumi.forward_test | [B5 Periodic] ticks=20901 bars_built=4 signals=0 traded=0 eval_errors=0
2026-05-13 04:26:46 | INFO     | ayumi.blend_launcher | [B5 Health] ticks=20916 tps=0.37 bars=4 signals=0 trades=0 balance=10000.00 uptime=30184s
2026-05-13 04:26:48 | INFO     | ayumi.forward_test | [B5 Periodic] ticks=20917 bars_built=4 signals=0 traded=0 eval_errors=0
2026-05-13 04:27:46 | INFO     | ayumi.blend_launcher | [B5 Health] ticks=20944 tps=0.80 bars=4 signals=0 trades=0 balance=10000.00 uptime=30244s
2026-05-13 04:27:48 | INFO     | ayumi.forward_test | [B5 Periodic] ticks=20947 bars_built=4 signals=0 traded=0 eval_errors=0
2026-05-13 04:28:46 | INFO     | ayumi.blend_launcher | [B5 Health] ticks=20997 tps=1.93 bars=4 signals=0 trades=0 balance=10000.00 uptime=30304s
2026-05-13 04:28:48 | INFO     | ayumi.forward_test | [B5 Periodic] ticks=20999 bars_built=4 signals=0 traded=0 eval_errors=0
2026-05-13 04:29:46 | INFO     | ayumi.blend_launcher | [B5 Health] ticks=21052 tps=0.85 bars=4 signals=0 trades=0 balance=10000.00 uptime=30364s
2026-05-13 04:29:48 | INFO     | ayumi.forward_test | [B5 Periodic] ticks=21054 bars_built=4 signals=0 traded=0 eval_errors=0
2026-05-13 04:30:46 | INFO     | ayumi.blend_launcher | [B5 Health] ticks=21086 tps=1.05 bars=4 signals=0 trades=0 balance=10000.00 uptime=30424s
2026-05-13 04:30:48 | INFO     | ayumi.forward_test | [B5 Periodic] ticks=21088 bars_built=4 signals=0 traded=0 eval_errors=0
2026-05-13 04:31:46 | INFO     | ayumi.blend_launcher | [B5 Health] ticks=21150 tps=0.85 bars=4 signals=0 trades=0 balance=10000.00 uptime=30484s
2026-05-13 04:31:48 | INFO     | ayumi.forward_test | [B5 Periodic] ticks=21151 bars_built=4 signals=0 traded=0 eval_errors=0
2026-05-13 04:32:47 | INFO     | ayumi.blend_launcher | [B5 Health] ticks=21203 tps=1.12 bars=4 signals=0 trades=0 balance=10000.00 uptime=30544s
2026-05-13 04:32:48 | INFO     | ayumi.forward_test | [B5 Periodic] ticks=21204 bars_built=4 signals=0 traded=0 eval_errors=0
2026-05-13 04:33:47 | INFO     | ayumi.blend_launcher | [B5 Health] ticks=21245 tps=1.28 bars=4 signals=0 trades=0 balance=10000.00 uptime=30604s
2026-05-13 04:33:48 | INFO     | ayumi.forward_test | [B5 Periodic] ticks=21247 bars_built=4 signals=0 traded=0 eval_errors=0
2026-05-13 04:34:47 | INFO     | ayumi.blend_launcher | [B5 Health] ticks=21298 tps=1.14 bars=4 signals=0 trades=0 balance=10000.00 uptime=30664s
2026-05-13 04:34:48 | INFO     | ayumi.forward_test | [B5 Periodic] ticks=21300 bars_built=4 signals=0 traded=0 eval_errors=0
2026-05-13 04:35:47 | INFO     | ayumi.blend_launcher | [B5 Health] ticks=21346 tps=1.12 bars=4 signals=0 trades=0 balance=10000.00 uptime=30724s
2026-05-13 04:35:48 | INFO     | ayumi.forward_test | [B5 Periodic] ticks=21347 bars_built=4 signals=0 traded=0 eval_errors=0
2026-05-13 04:36:47 | INFO     | ayumi.blend_launcher | [B5 Health] ticks=21397 tps=0.96 bars=4 signals=0 trades=0 balance=10000.00 uptime=30784s
2026-05-13 04:36:48 | INFO     | ayumi.forward_test | [B5 Periodic] ticks=21398 bars_built=4 signals=0 traded=0 eval_errors=0
2026-05-13 04:37:47 | INFO     | ayumi.blend_launcher | [B5 Health] ticks=21452 tps=1.25 bars=4 signals=0 trades=0 balance=10000.00 uptime=30844s
2026-05-13 04:37:48 | INFO     | ayumi.forward_test | [B5 Periodic] ticks=21454 bars_built=4 signals=0 traded=0 eval_errors=0
2026-05-13 04:38:47 | INFO     | ayumi.blend_launcher | [B5 Health] ticks=21498 tps=1.23 bars=4 signals=0 trades=0 balance=10000.00 uptime=30904s
2026-05-13 04:38:48 | INFO     | ayumi.forward_test | [B5 Periodic] ticks=21499 bars_built=4 signals=0 traded=0 eval_errors=0
2026-05-13 04:39:47 | INFO     | ayumi.blend_launcher | [B5 Health] ticks=21541 tps=0.40 bars=4 signals=0 trades=0 balance=10000.00 uptime=30964s
2026-05-13 04:39:48 | INFO     | ayumi.forward_test | [B5 Periodic] ticks=21541 bars_built=4 signals=0 traded=0 eval_errors=0
2026-05-13 04:40:47 | INFO     | ayumi.blend_launcher | [B5 Health] ticks=21576 tps=0.38 bars=4 signals=0 trades=0 balance=10000.00 uptime=31024s
2026-05-13 04:40:48 | INFO     | ayumi.forward_test | [B5 Periodic] ticks=21578 bars_built=4 signals=0 traded=0 eval_errors=0
2026-05-13 04:41:47 | INFO     | ayumi.blend_launcher | [B5 Health] ticks=21617 tps=0.64 bars=4 signals=0 trades=0 balance=10000.00 uptime=31084s
2026-05-13 04:41:48 | INFO     | ayumi.forward_test | [B5 Periodic] ticks=21617 bars_built=4 signals=0 traded=0 eval_errors=0
2026-05-13 04:42:47 | INFO     | ayumi.blend_launcher | [B5 Health] ticks=21638 tps=0.30 bars=4 signals=0 trades=0 balance=10000.00 uptime=31144s
2026-05-13 04:42:48 | INFO     | ayumi.forward_test | [B5 Periodic] ticks=21638 bars_built=4 signals=0 traded=0 eval_errors=0
2026-05-13 04:43:47 | INFO     | ayumi.blend_launcher | [B5 Health] ticks=21670 tps=0.33 bars=4 signals=0 trades=0 balance=10000.00 uptime=31204s
2026-05-13 04:43:48 | INFO     | ayumi.forward_test | [B5 Periodic] ticks=21671 bars_built=4 signals=0 traded=0 eval_errors=0
2026-05-13 04:44:47 | INFO     | ayumi.blend_launcher | [B5 Health] ticks=21720 tps=1.07 bars=4 signals=0 trades=0 balance=10000.00 uptime=31264s
2026-05-13 04:44:48 | INFO     | ayumi.forward_test | [B5 Periodic] ticks=21721 bars_built=4 signals=0 traded=0 eval_errors=0
2026-05-13 04:45:47 | INFO     | ayumi.blend_launcher | [B5 Health] ticks=21751 tps=0.69 bars=4 signals=0 trades=0 balance=10000.00 uptime=31324s
2026-05-13 04:45:48 | INFO     | ayumi.forward_test | [B5 Periodic] ticks=21751 bars_built=4 signals=0 traded=0 eval_errors=0
2026-05-13 04:46:47 | INFO     | ayumi.blend_launcher | [B5 Health] ticks=21777 tps=0.88 bars=4 signals=0 trades=0 balance=10000.00 uptime=31384s
2026-05-13 04:46:48 | INFO     | ayumi.forward_test | [B5 Periodic] ticks=21777 bars_built=4 signals=0 traded=0 eval_errors=0
2026-05-13 04:47:47 | INFO     | ayumi.blend_launcher | [B5 Health] ticks=21804 tps=0.31 bars=4 signals=0 trades=0 balance=10000.00 uptime=31444s
2026-05-13 04:47:48 | INFO     | ayumi.forward_test | [B5 Periodic] ticks=21804 bars_built=4 signals=0 traded=0 eval_errors=0
2026-05-13 04:48:47 | INFO     | ayumi.blend_launcher | [B5 Health] ticks=21841 tps=0.48 bars=4 signals=0 trades=0 balance=10000.00 uptime=31504s
2026-05-13 04:48:48 | INFO     | ayumi.forward_test | [B5 Periodic] ticks=21841 bars_built=4 signals=0 traded=0 eval_errors=0
2026-05-13 04:49:47 | INFO     | ayumi.blend_launcher | [B5 Health] ticks=21866 tps=1.18 bars=4 signals=0 trades=0 balance=10000.00 uptime=31564s
2026-05-13 04:49:48 | INFO     | ayumi.forward_test | [B5 Periodic] ticks=21866 bars_built=4 signals=0 traded=0 eval_errors=0
2026-05-13 04:50:47 | INFO     | ayumi.blend_launcher | [B5 Health] ticks=21901 tps=0.81 bars=4 signals=0 trades=0 balance=10000.00 uptime=31624s
2026-05-13 04:50:48 | INFO     | ayumi.forward_test | [B5 Periodic] ticks=21902 bars_built=4 signals=0 traded=0 eval_errors=0
2026-05-13 04:51:47 | INFO     | ayumi.blend_launcher | [B5 Health] ticks=21956 tps=1.30 bars=4 signals=0 trades=0 balance=10000.00 uptime=31684s
2026-05-13 04:51:48 | INFO     | ayumi.forward_test | [B5 Periodic] ticks=21957 bars_built=4 signals=0 traded=0 eval_errors=0
2026-05-13 04:52:47 | INFO     | ayumi.blend_launcher | [B5 Health] ticks=21997 tps=0.97 bars=4 signals=0 trades=0 balance=10000.00 uptime=31744s
2026-05-13 04:52:48 | INFO     | ayumi.forward_test | [B5 Periodic] ticks=21999 bars_built=4 signals=0 traded=0 eval_errors=0
2026-05-13 04:53:47 | INFO     | ayumi.blend_launcher | [B5 Health] ticks=22030 tps=0.68 bars=4 signals=0 trades=0 balance=10000.00 uptime=31804s
2026-05-13 04:53:48 | INFO     | ayumi.forward_test | [B5 Periodic] ticks=22030 bars_built=4 signals=0 traded=0 eval_errors=0
2026-05-13 04:54:47 | INFO     | ayumi.blend_launcher | [B5 Health] ticks=22065 tps=0.85 bars=4 signals=0 trades=0 balance=10000.00 uptime=31864s
2026-05-13 04:54:48 | INFO     | ayumi.forward_test | [B5 Periodic] ticks=22067 bars_built=4 signals=0 traded=0 eval_errors=0
2026-05-13 04:55:47 | INFO     | ayumi.blend_launcher | [B5 Health] ticks=22112 tps=1.07 bars=4 signals=0 trades=0 balance=10000.00 uptime=31924s
2026-05-13 04:55:48 | INFO     | ayumi.forward_test | [B5 Periodic] ticks=22113 bars_built=4 signals=0 traded=0 eval_errors=0
2026-05-13 04:56:47 | INFO     | ayumi.blend_launcher | [B5 Health] ticks=22152 tps=0.61 bars=4 signals=0 trades=0 balance=10000.00 uptime=31984s
2026-05-13 04:56:48 | INFO     | ayumi.forward_test | [B5 Periodic] ticks=22153 bars_built=4 signals=0 traded=0 eval_errors=0
2026-05-13 04:57:47 | INFO     | ayumi.blend_launcher | [B5 Health] ticks=22196 tps=0.58 bars=4 signals=0 trades=0 balance=10000.00 uptime=32044s
2026-05-13 04:57:48 | INFO     | ayumi.forward_test | [B5 Periodic] ticks=22196 bars_built=4 signals=0 traded=0 eval_errors=0
2026-05-13 04:58:47 | INFO     | ayumi.blend_launcher | [B5 Health] ticks=22226 tps=0.98 bars=4 signals=0 trades=0 balance=10000.00 uptime=32104s
2026-05-13 04:58:48 | INFO     | ayumi.forward_test | [B5 Periodic] ticks=22226 bars_built=4 signals=0 traded=0 eval_errors=0
2026-05-13 04:59:47 | INFO     | ayumi.blend_launcher | [B5 Health] ticks=22279 tps=0.96 bars=4 signals=0 trades=0 balance=10000.00 uptime=32164s
2026-05-13 04:59:48 | INFO     | ayumi.forward_test | [B5 Periodic] ticks=22280 bars_built=4 signals=0 traded=0 eval_errors=0
2026-05-13 05:00:47 | INFO     | ayumi.blend_launcher | [B5 Health] ticks=22345 tps=2.45 bars=4 signals=0 trades=0 balance=10000.00 uptime=32224s
2026-05-13 05:00:48 | INFO     | ayumi.forward_test | [B5 Periodic] ticks=22346 bars_built=4 signals=0 traded=0 eval_errors=0
2026-05-13 05:01:47 | INFO     | ayumi.blend_launcher | [B5 Health] ticks=22377 tps=0.64 bars=4 signals=0 trades=0 balance=10000.00 uptime=32284s
2026-05-13 05:01:48 | INFO     | ayumi.forward_test | [B5 Periodic] ticks=22378 bars_built=4 signals=0 traded=0 eval_errors=0
2026-05-13 05:02:47 | INFO     | ayumi.blend_launcher | [B5 Health] ticks=22429 tps=1.68 bars=4 signals=0 trades=0 balance=10000.00 uptime=32344s
2026-05-13 05:02:48 | INFO     | ayumi.forward_test | [B5 Periodic] ticks=22432 bars_built=4 signals=0 traded=0 eval_errors=0
2026-05-13 05:03:47 | INFO     | ayumi.blend_launcher | [B5 Health] ticks=22510 tps=1.11 bars=4 signals=0 trades=0 balance=10000.00 uptime=32404s
2026-05-13 05:03:48 | INFO     | ayumi.forward_test | [B5 Periodic] ticks=22511 bars_built=4 signals=0 traded=0 eval_errors=0
2026-05-13 05:04:47 | INFO     | ayumi.blend_launcher | [B5 Health] ticks=22570 tps=1.23 bars=4 signals=0 trades=0 balance=10000.00 uptime=32464s
2026-05-13 05:04:48 | INFO     | ayumi.forward_test | [B5 Periodic] ticks=22570 bars_built=4 signals=0 traded=0 eval_errors=0
2026-05-13 05:05:47 | INFO     | ayumi.blend_launcher | [B5 Health] ticks=22628 tps=1.72 bars=4 signals=0 trades=0 balance=10000.00 uptime=32524s
2026-05-13 05:05:48 | INFO     | ayumi.forward_test | [B5 Periodic] ticks=22630 bars_built=4 signals=0 traded=0 eval_errors=0
2026-05-13 05:06:47 | INFO     | ayumi.blend_launcher | [B5 Health] ticks=22677 tps=1.04 bars=4 signals=0 trades=0 balance=10000.00 uptime=32584s
2026-05-13 05:06:48 | INFO     | ayumi.forward_test | [B5 Periodic] ticks=22678 bars_built=4 signals=0 traded=0 eval_errors=0
2026-05-13 05:07:47 | INFO     | ayumi.blend_launcher | [B5 Health] ticks=22731 tps=1.18 bars=4 signals=0 trades=0 balance=10000.00 uptime=32644s
2026-05-13 05:07:48 | INFO     | ayumi.forward_test | [B5 Periodic] ticks=22731 bars_built=4 signals=0 traded=0 eval_errors=0
2026-05-13 05:08:47 | INFO     | ayumi.blend_launcher | [B5 Health] ticks=22772 tps=0.44 bars=4 signals=0 trades=0 balance=10000.00 uptime=32704s
2026-05-13 05:08:48 | INFO     | ayumi.forward_test | [B5 Periodic] ticks=22775 bars_built=4 signals=0 traded=0 eval_errors=0
2026-05-13 05:09:47 | INFO     | ayumi.blend_launcher | [B5 Health] ticks=22814 tps=0.98 bars=4 signals=0 trades=0 balance=10000.00 uptime=32764s
2026-05-13 05:09:48 | INFO     | ayumi.forward_test | [B5 Periodic] ticks=22817 bars_built=4 signals=0 traded=0 eval_errors=0
2026-05-13 05:10:47 | INFO     | ayumi.blend_launcher | [B5 Health] ticks=22868 tps=2.14 bars=4 signals=0 trades=0 balance=10000.00 uptime=32824s
2026-05-13 05:10:48 | INFO     | ayumi.forward_test | [B5 Periodic] ticks=22868 bars_built=4 signals=0 traded=0 eval_errors=0
2026-05-13 05:11:47 | INFO     | ayumi.blend_launcher | [B5 Health] ticks=22923 tps=2.42 bars=4 signals=0 trades=0 balance=10000.00 uptime=32885s
2026-05-13 05:11:48 | INFO     | ayumi.forward_test | [B5 Periodic] ticks=22924 bars_built=4 signals=0 traded=0 eval_errors=0
2026-05-13 05:12:47 | INFO     | ayumi.blend_launcher | [B5 Health] ticks=22968 tps=0.77 bars=4 signals=0 trades=0 balance=10000.00 uptime=32945s
2026-05-13 05:12:48 | INFO     | ayumi.forward_test | [B5 Periodic] ticks=22970 bars_built=4 signals=0 traded=0 eval_errors=0
2026-05-13 05:13:47 | INFO     | ayumi.blend_launcher | [B5 Health] ticks=23021 tps=0.76 bars=4 signals=0 trades=0 balance=10000.00 uptime=33005s
2026-05-13 05:13:48 | INFO     | ayumi.forward_test | [B5 Periodic] ticks=23021 bars_built=4 signals=0 traded=0 eval_errors=0
2026-05-13 05:14:47 | INFO     | ayumi.blend_launcher | [B5 Health] ticks=23073 tps=0.90 bars=4 signals=0 trades=0 balance=10000.00 uptime=33065s
2026-05-13 05:14:48 | INFO     | ayumi.forward_test | [B5 Periodic] ticks=23076 bars_built=4 signals=0 traded=0 eval_errors=0
2026-05-13 05:15:47 | INFO     | ayumi.blend_launcher | [B5 Health] ticks=23134 tps=1.08 bars=4 signals=0 trades=0 balance=10000.00 uptime=33125s
2026-05-13 05:15:48 | INFO     | ayumi.forward_test | [B5 Periodic] ticks=23134 bars_built=4 signals=0 traded=0 eval_errors=0
2026-05-13 05:16:47 | INFO     | ayumi.blend_launcher | [B5 Health] ticks=23184 tps=0.77 bars=4 signals=0 trades=0 balance=10000.00 uptime=33185s
2026-05-13 05:16:48 | INFO     | ayumi.forward_test | [B5 Periodic] ticks=23184 bars_built=4 signals=0 traded=0 eval_errors=0
2026-05-13 05:17:47 | INFO     | ayumi.blend_launcher | [B5 Health] ticks=23216 tps=0.76 bars=4 signals=0 trades=0 balance=10000.00 uptime=33245s
2026-05-13 05:17:48 | INFO     | ayumi.forward_test | [B5 Periodic] ticks=23219 bars_built=4 signals=0 traded=0 eval_errors=0
2026-05-13 05:18:47 | INFO     | ayumi.blend_launcher | [B5 Health] ticks=23256 tps=0.93 bars=4 signals=0 trades=0 balance=10000.00 uptime=33305s
2026-05-13 05:18:48 | INFO     | ayumi.forward_test | [B5 Periodic] ticks=23257 bars_built=4 signals=0 traded=0 eval_errors=0
2026-05-13 05:19:47 | INFO     | ayumi.blend_launcher | [B5 Health] ticks=23294 tps=0.85 bars=4 signals=0 trades=0 balance=10000.00 uptime=33365s
2026-05-13 05:19:48 | INFO     | ayumi.forward_test | [B5 Periodic] ticks=23295 bars_built=4 signals=0 traded=0 eval_errors=0
2026-05-13 05:20:47 | INFO     | ayumi.blend_launcher | [B5 Health] ticks=23348 tps=1.07 bars=4 signals=0 trades=0 balance=10000.00 uptime=33425s
2026-05-13 05:20:48 | INFO     | ayumi.forward_test | [B5 Periodic] ticks=23348 bars_built=4 signals=0 traded=0 eval_errors=0
2026-05-13 05:21:47 | INFO     | ayumi.blend_launcher | [B5 Health] ticks=23391 tps=1.31 bars=4 signals=0 trades=0 balance=10000.00 uptime=33485s
2026-05-13 05:21:48 | INFO     | ayumi.forward_test | [B5 Periodic] ticks=23391 bars_built=4 signals=0 traded=0 eval_errors=0
2026-05-13 05:22:47 | INFO     | ayumi.blend_launcher | [B5 Health] ticks=23441 tps=1.28 bars=4 signals=0 trades=0 balance=10000.00 uptime=33545s
2026-05-13 05:22:48 | INFO     | ayumi.forward_test | [B5 Periodic] ticks=23442 bars_built=4 signals=0 traded=0 eval_errors=0
2026-05-13 05:23:47 | INFO     | ayumi.blend_launcher | [B5 Health] ticks=23475 tps=0.68 bars=4 signals=0 trades=0 balance=10000.00 uptime=33605s
2026-05-13 05:23:48 | INFO     | ayumi.forward_test | [B5 Periodic] ticks=23477 bars_built=4 signals=0 traded=0 eval_errors=0
2026-05-13 05:24:47 | INFO     | ayumi.blend_launcher | [B5 Health] ticks=23518 tps=2.11 bars=4 signals=0 trades=0 balance=10000.00 uptime=33665s
2026-05-13 05:24:48 | INFO     | ayumi.forward_test | [B5 Periodic] ticks=23520 bars_built=4 signals=0 traded=0 eval_errors=0
2026-05-13 05:25:47 | INFO     | ayumi.blend_launcher | [B5 Health] ticks=23557 tps=1.43 bars=4 signals=0 trades=0 balance=10000.00 uptime=33725s
2026-05-13 05:25:48 | INFO     | ayumi.forward_test | [B5 Periodic] ticks=23558 bars_built=4 signals=0 traded=0 eval_errors=0
2026-05-13 05:26:47 | INFO     | ayumi.blend_launcher | [B5 Health] ticks=23606 tps=0.70 bars=4 signals=0 trades=0 balance=10000.00 uptime=33785s
2026-05-13 05:26:48 | INFO     | ayumi.forward_test | [B5 Periodic] ticks=23608 bars_built=4 signals=0 traded=0 eval_errors=0
2026-05-13 05:27:47 | INFO     | ayumi.blend_launcher | [B5 Health] ticks=23659 tps=1.04 bars=4 signals=0 trades=0 balance=10000.00 uptime=33845s
2026-05-13 05:27:48 | INFO     | ayumi.forward_test | [B5 Periodic] ticks=23659 bars_built=4 signals=0 traded=0 eval_errors=0
2026-05-13 05:28:47 | INFO     | ayumi.blend_launcher | [B5 Health] ticks=23724 tps=1.46 bars=4 signals=0 trades=0 balance=10000.00 uptime=33905s
2026-05-13 05:28:48 | INFO     | ayumi.forward_test | [B5 Periodic] ticks=23728 bars_built=4 signals=0 traded=0 eval_errors=0
2026-05-13 05:29:47 | INFO     | ayumi.blend_launcher | [B5 Health] ticks=23784 tps=1.12 bars=4 signals=0 trades=0 balance=10000.00 uptime=33965s
2026-05-13 05:29:48 | INFO     | ayumi.forward_test | [B5 Periodic] ticks=23786 bars_built=4 signals=0 traded=0 eval_errors=0
2026-05-13 05:30:47 | INFO     | ayumi.blend_launcher | [B5 Health] ticks=23859 tps=0.77 bars=4 signals=0 trades=0 balance=10000.00 uptime=34025s
2026-05-13 05:30:48 | INFO     | ayumi.forward_test | [B5 Periodic] ticks=23859 bars_built=4 signals=0 traded=0 eval_errors=0
2026-05-13 05:31:47 | INFO     | ayumi.blend_launcher | [B5 Health] ticks=23915 tps=0.58 bars=4 signals=0 trades=0 balance=10000.00 uptime=34085s
2026-05-13 05:31:48 | INFO     | ayumi.forward_test | [B5 Periodic] ticks=23915 bars_built=4 signals=0 traded=0 eval_errors=0
2026-05-13 05:32:47 | INFO     | ayumi.blend_launcher | [B5 Health] ticks=23980 tps=1.31 bars=4 signals=0 trades=0 balance=10000.00 uptime=34145s
2026-05-13 05:32:48 | INFO     | ayumi.forward_test | [B5 Periodic] ticks=23982 bars_built=4 signals=0 traded=0 eval_errors=0
2026-05-13 05:33:47 | INFO     | ayumi.blend_launcher | [B5 Health] ticks=24037 tps=1.58 bars=4 signals=0 trades=0 balance=10000.00 uptime=34205s
2026-05-13 05:33:48 | INFO     | ayumi.forward_test | [B5 Periodic] ticks=24041 bars_built=4 signals=0 traded=0 eval_errors=0
2026-05-13 05:34:47 | INFO     | ayumi.blend_launcher | [B5 Health] ticks=24097 tps=0.82 bars=4 signals=0 trades=0 balance=10000.00 uptime=34265s
2026-05-13 05:34:48 | INFO     | ayumi.forward_test | [B5 Periodic] ticks=24098 bars_built=4 signals=0 traded=0 eval_errors=0
2026-05-13 05:35:47 | INFO     | ayumi.blend_launcher | [B5 Health] ticks=24155 tps=1.30 bars=4 signals=0 trades=0 balance=10000.00 uptime=34325s
2026-05-13 05:35:48 | INFO     | ayumi.forward_test | [B5 Periodic] ticks=24155 bars_built=4 signals=0 traded=0 eval_errors=0
2026-05-13 05:36:47 | INFO     | ayumi.blend_launcher | [B5 Health] ticks=24212 tps=1.21 bars=4 signals=0 trades=0 balance=10000.00 uptime=34385s
2026-05-13 05:36:48 | INFO     | ayumi.forward_test | [B5 Periodic] ticks=24213 bars_built=4 signals=0 traded=0 eval_errors=0
2026-05-13 05:37:47 | INFO     | ayumi.blend_launcher | [B5 Health] ticks=24245 tps=0.56 bars=4 signals=0 trades=0 balance=10000.00 uptime=34445s
2026-05-13 05:37:48 | INFO     | ayumi.forward_test | [B5 Periodic] ticks=24246 bars_built=4 signals=0 traded=0 eval_errors=0
2026-05-13 05:38:47 | INFO     | ayumi.blend_launcher | [B5 Health] ticks=24278 tps=0.90 bars=4 signals=0 trades=0 balance=10000.00 uptime=34505s
2026-05-13 05:38:48 | INFO     | ayumi.forward_test | [B5 Periodic] ticks=24280 bars_built=4 signals=0 traded=0 eval_errors=0
2026-05-13 05:39:47 | INFO     | ayumi.blend_launcher | [B5 Health] ticks=24330 tps=0.96 bars=4 signals=0 trades=0 balance=10000.00 uptime=34565s
2026-05-13 05:39:48 | INFO     | ayumi.forward_test | [B5 Periodic] ticks=24330 bars_built=4 signals=0 traded=0 eval_errors=0
2026-05-13 05:40:47 | INFO     | ayumi.blend_launcher | [B5 Health] ticks=24379 tps=1.69 bars=4 signals=0 trades=0 balance=10000.00 uptime=34625s
2026-05-13 05:40:48 | INFO     | ayumi.forward_test | [B5 Periodic] ticks=24380 bars_built=4 signals=0 traded=0 eval_errors=0
2026-05-13 05:41:47 | INFO     | ayumi.blend_launcher | [B5 Health] ticks=24431 tps=1.65 bars=4 signals=0 trades=0 balance=10000.00 uptime=34685s
2026-05-13 05:41:48 | INFO     | ayumi.forward_test | [B5 Periodic] ticks=24431 bars_built=4 signals=0 traded=0 eval_errors=0
2026-05-13 05:42:47 | INFO     | ayumi.blend_launcher | [B5 Health] ticks=24478 tps=2.06 bars=4 signals=0 trades=0 balance=10000.00 uptime=34745s
2026-05-13 05:42:48 | INFO     | ayumi.forward_test | [B5 Periodic] ticks=24478 bars_built=4 signals=0 traded=0 eval_errors=0
2026-05-13 05:43:47 | INFO     | ayumi.blend_launcher | [B5 Health] ticks=24517 tps=0.56 bars=4 signals=0 trades=0 balance=10000.00 uptime=34805s
2026-05-13 05:43:48 | INFO     | ayumi.forward_test | [B5 Periodic] ticks=24522 bars_built=4 signals=0 traded=0 eval_errors=0
2026-05-13 05:44:47 | INFO     | ayumi.blend_launcher | [B5 Health] ticks=24581 tps=1.27 bars=4 signals=0 trades=0 balance=10000.00 uptime=34865s
2026-05-13 05:44:48 | INFO     | ayumi.forward_test | [B5 Periodic] ticks=24583 bars_built=4 signals=0 traded=0 eval_errors=0
2026-05-13 05:45:47 | INFO     | ayumi.blend_launcher | [B5 Health] ticks=24659 tps=1.72 bars=4 signals=0 trades=0 balance=10000.00 uptime=34925s
2026-05-13 05:45:48 | INFO     | ayumi.forward_test | [B5 Periodic] ticks=24662 bars_built=4 signals=0 traded=0 eval_errors=0
2026-05-13 05:46:47 | INFO     | ayumi.blend_launcher | [B5 Health] ticks=24727 tps=1.17 bars=4 signals=0 trades=0 balance=10000.00 uptime=34985s
2026-05-13 05:46:49 | INFO     | ayumi.forward_test | [B5 Periodic] ticks=24730 bars_built=4 signals=0 traded=0 eval_errors=0
2026-05-13 05:47:47 | INFO     | ayumi.blend_launcher | [B5 Health] ticks=24782 tps=1.04 bars=4 signals=0 trades=0 balance=10000.00 uptime=35045s
2026-05-13 05:47:49 | INFO     | ayumi.forward_test | [B5 Periodic] ticks=24785 bars_built=4 signals=0 traded=0 eval_errors=0
2026-05-13 05:48:47 | INFO     | ayumi.blend_launcher | [B5 Health] ticks=24832 tps=0.82 bars=4 signals=0 trades=0 balance=10000.00 uptime=35105s
2026-05-13 05:48:49 | INFO     | ayumi.forward_test | [B5 Periodic] ticks=24834 bars_built=4 signals=0 traded=0 eval_errors=0
2026-05-13 05:49:47 | INFO     | ayumi.blend_launcher | [B5 Health] ticks=24882 tps=1.19 bars=4 signals=0 trades=0 balance=10000.00 uptime=35165s
2026-05-13 05:49:49 | INFO     | ayumi.forward_test | [B5 Periodic] ticks=24885 bars_built=4 signals=0 traded=0 eval_errors=0
2026-05-13 05:50:47 | INFO     | ayumi.blend_launcher | [B5 Health] ticks=24944 tps=1.34 bars=4 signals=0 trades=0 balance=10000.00 uptime=35225s
2026-05-13 05:50:49 | INFO     | ayumi.forward_test | [B5 Periodic] ticks=24944 bars_built=4 signals=0 traded=0 eval_errors=0
2026-05-13 05:51:47 | INFO     | ayumi.blend_launcher | [B5 Health] ticks=25020 tps=1.40 bars=4 signals=0 trades=0 balance=10000.00 uptime=35285s
2026-05-13 05:51:49 | INFO     | ayumi.forward_test | [B5 Periodic] ticks=25023 bars_built=4 signals=0 traded=0 eval_errors=0
2026-05-13 05:52:47 | INFO     | ayumi.blend_launcher | [B5 Health] ticks=25089 tps=1.02 bars=4 signals=0 trades=0 balance=10000.00 uptime=35345s
2026-05-13 05:52:49 | INFO     | ayumi.forward_test | [B5 Periodic] ticks=25090 bars_built=4 signals=0 traded=0 eval_errors=0
2026-05-13 05:53:47 | INFO     | ayumi.blend_launcher | [B5 Health] ticks=25132 tps=2.42 bars=4 signals=0 trades=0 balance=10000.00 uptime=35405s
2026-05-13 05:53:49 | INFO     | ayumi.forward_test | [B5 Periodic] ticks=25134 bars_built=4 signals=0 traded=0 eval_errors=0
2026-05-13 05:54:47 | INFO     | ayumi.blend_launcher | [B5 Health] ticks=25210 tps=1.28 bars=4 signals=0 trades=0 balance=10000.00 uptime=35465s
2026-05-13 05:54:49 | INFO     | ayumi.forward_test | [B5 Periodic] ticks=25211 bars_built=4 signals=0 traded=0 eval_errors=0
2026-05-13 05:55:47 | INFO     | ayumi.blend_launcher | [B5 Health] ticks=25301 tps=1.21 bars=4 signals=0 trades=0 balance=10000.00 uptime=35525s
2026-05-13 05:55:49 | INFO     | ayumi.forward_test | [B5 Periodic] ticks=25302 bars_built=4 signals=0 traded=0 eval_errors=0
2026-05-13 05:56:47 | INFO     | ayumi.blend_launcher | [B5 Health] ticks=25393 tps=1.50 bars=4 signals=0 trades=0 balance=10000.00 uptime=35585s
2026-05-13 05:56:49 | INFO     | ayumi.forward_test | [B5 Periodic] ticks=25394 bars_built=4 signals=0 traded=0 eval_errors=0
2026-05-13 05:57:47 | INFO     | ayumi.blend_launcher | [B5 Health] ticks=25463 tps=1.14 bars=4 signals=0 trades=0 balance=10000.00 uptime=35645s
2026-05-13 05:57:49 | INFO     | ayumi.forward_test | [B5 Periodic] ticks=25466 bars_built=4 signals=0 traded=0 eval_errors=0
2026-05-13 05:58:47 | INFO     | ayumi.blend_launcher | [B5 Health] ticks=25527 tps=1.21 bars=4 signals=0 trades=0 balance=10000.00 uptime=35705s
2026-05-13 05:58:49 | INFO     | ayumi.forward_test | [B5 Periodic] ticks=25527 bars_built=4 signals=0 traded=0 eval_errors=0
2026-05-13 05:59:47 | INFO     | ayumi.blend_launcher | [B5 Health] ticks=25593 tps=1.10 bars=4 signals=0 trades=0 balance=10000.00 uptime=35765s
2026-05-13 05:59:49 | INFO     | ayumi.forward_test | [B5 Periodic] ticks=25593 bars_built=4 signals=0 traded=0 eval_errors=0
2026-05-13 06:00:47 | INFO     | ayumi.blend_launcher | [B5 Health] ticks=25704 tps=1.64 bars=4 signals=0 trades=0 balance=10000.00 uptime=35825s
2026-05-13 06:00:49 | INFO     | ayumi.forward_test | [B5 Periodic] ticks=25706 bars_built=4 signals=0 traded=0 eval_errors=0
2026-05-13 06:01:47 | INFO     | ayumi.blend_launcher | [B5 Health] ticks=25794 tps=3.09 bars=4 signals=0 trades=0 balance=10000.00 uptime=35885s
2026-05-13 06:01:49 | INFO     | ayumi.forward_test | [B5 Periodic] ticks=25795 bars_built=4 signals=0 traded=0 eval_errors=0
2026-05-13 06:02:47 | INFO     | ayumi.blend_launcher | [B5 Health] ticks=25862 tps=0.74 bars=4 signals=0 trades=0 balance=10000.00 uptime=35945s
2026-05-13 06:02:49 | INFO     | ayumi.forward_test | [B5 Periodic] ticks=25864 bars_built=4 signals=0 traded=0 eval_errors=0
2026-05-13 06:03:47 | INFO     | ayumi.blend_launcher | [B5 Health] ticks=25942 tps=1.01 bars=4 signals=0 trades=0 balance=10000.00 uptime=36005s
2026-05-13 06:03:49 | INFO     | ayumi.forward_test | [B5 Periodic] ticks=25944 bars_built=4 signals=0 traded=0 eval_errors=0
2026-05-13 06:04:47 | INFO     | ayumi.blend_launcher | [B5 Health] ticks=26047 tps=1.72 bars=4 signals=0 trades=0 balance=10000.00 uptime=36065s
2026-05-13 06:04:49 | INFO     | ayumi.forward_test | [B5 Periodic] ticks=26050 bars_built=4 signals=0 traded=0 eval_errors=0
2026-05-13 06:05:48 | INFO     | ayumi.blend_launcher | [B5 Health] ticks=26138 tps=1.10 bars=4 signals=0 trades=0 balance=10000.00 uptime=36125s
2026-05-13 06:05:49 | INFO     | ayumi.forward_test | [B5 Periodic] ticks=26139 bars_built=4 signals=0 traded=0 eval_errors=0
2026-05-13 06:06:48 | INFO     | ayumi.blend_launcher | [B5 Health] ticks=26194 tps=1.31 bars=4 signals=0 trades=0 balance=10000.00 uptime=36185s
2026-05-13 06:06:49 | INFO     | ayumi.forward_test | [B5 Periodic] ticks=26194 bars_built=4 signals=0 traded=0 eval_errors=0
2026-05-13 06:07:48 | INFO     | ayumi.blend_launcher | [B5 Health] ticks=26261 tps=1.42 bars=4 signals=0 trades=0 balance=10000.00 uptime=36245s
2026-05-13 06:07:49 | INFO     | ayumi.forward_test | [B5 Periodic] ticks=26261 bars_built=4 signals=0 traded=0 eval_errors=0
2026-05-13 06:08:48 | INFO     | ayumi.blend_launcher | [B5 Health] ticks=26334 tps=0.76 bars=4 signals=0 trades=0 balance=10000.00 uptime=36305s
2026-05-13 06:08:49 | INFO     | ayumi.forward_test | [B5 Periodic] ticks=26335 bars_built=4 signals=0 traded=0 eval_errors=0
2026-05-13 06:09:48 | INFO     | ayumi.blend_launcher | [B5 Health] ticks=26409 tps=1.66 bars=4 signals=0 trades=0 balance=10000.00 uptime=36365s
2026-05-13 06:09:49 | INFO     | ayumi.forward_test | [B5 Periodic] ticks=26411 bars_built=4 signals=0 traded=0 eval_errors=0
2026-05-13 06:10:48 | INFO     | ayumi.blend_launcher | [B5 Health] ticks=26477 tps=1.04 bars=4 signals=0 trades=0 balance=10000.00 uptime=36425s
2026-05-13 06:10:49 | INFO     | ayumi.forward_test | [B5 Periodic] ticks=26477 bars_built=4 signals=0 traded=0 eval_errors=0
2026-05-13 06:11:48 | INFO     | ayumi.blend_launcher | [B5 Health] ticks=26568 tps=1.98 bars=4 signals=0 trades=0 balance=10000.00 uptime=36485s
2026-05-13 06:11:49 | INFO     | ayumi.forward_test | [B5 Periodic] ticks=26568 bars_built=4 signals=0 traded=0 eval_errors=0
2026-05-13 06:12:48 | INFO     | ayumi.blend_launcher | [B5 Health] ticks=26646 tps=1.60 bars=4 signals=0 trades=0 balance=10000.00 uptime=36545s
2026-05-13 06:12:49 | INFO     | ayumi.forward_test | [B5 Periodic] ticks=26646 bars_built=4 signals=0 traded=0 eval_errors=0
2026-05-13 06:13:48 | INFO     | ayumi.blend_launcher | [B5 Health] ticks=26718 tps=0.95 bars=4 signals=0 trades=0 balance=10000.00 uptime=36605s
2026-05-13 06:13:49 | INFO     | ayumi.forward_test | [B5 Periodic] ticks=26718 bars_built=4 signals=0 traded=0 eval_errors=0
2026-05-13 06:14:48 | INFO     | ayumi.blend_launcher | [B5 Health] ticks=26803 tps=1.21 bars=4 signals=0 trades=0 balance=10000.00 uptime=36665s
2026-05-13 06:14:49 | INFO     | ayumi.forward_test | [B5 Periodic] ticks=26805 bars_built=4 signals=0 traded=0 eval_errors=0
2026-05-13 06:15:48 | INFO     | ayumi.blend_launcher | [B5 Health] ticks=26904 tps=1.74 bars=4 signals=0 trades=0 balance=10000.00 uptime=36725s
2026-05-13 06:15:49 | INFO     | ayumi.forward_test | [B5 Periodic] ticks=26905 bars_built=4 signals=0 traded=0 eval_errors=0
2026-05-13 06:16:48 | INFO     | ayumi.blend_launcher | [B5 Health] ticks=26988 tps=2.02 bars=4 signals=0 trades=0 balance=10000.00 uptime=36785s
2026-05-13 06:16:49 | INFO     | ayumi.forward_test | [B5 Periodic] ticks=26989 bars_built=4 signals=0 traded=0 eval_errors=0
2026-05-13 06:17:48 | INFO     | ayumi.blend_launcher | [B5 Health] ticks=27070 tps=1.79 bars=4 signals=0 trades=0 balance=10000.00 uptime=36845s
2026-05-13 06:17:49 | INFO     | ayumi.forward_test | [B5 Periodic] ticks=27070 bars_built=4 signals=0 traded=0 eval_errors=0
2026-05-13 06:18:48 | INFO     | ayumi.blend_launcher | [B5 Health] ticks=27134 tps=0.53 bars=4 signals=0 trades=0 balance=10000.00 uptime=36905s
2026-05-13 06:18:49 | INFO     | ayumi.forward_test | [B5 Periodic] ticks=27136 bars_built=4 signals=0 traded=0 eval_errors=0
2026-05-13 06:19:48 | INFO     | ayumi.blend_launcher | [B5 Health] ticks=27210 tps=1.49 bars=4 signals=0 trades=0 balance=10000.00 uptime=36965s
2026-05-13 06:19:49 | INFO     | ayumi.forward_test | [B5 Periodic] ticks=27210 bars_built=4 signals=0 traded=0 eval_errors=0
2026-05-13 06:20:48 | INFO     | ayumi.blend_launcher | [B5 Health] ticks=27290 tps=1.57 bars=4 signals=0 trades=0 balance=10000.00 uptime=37025s
2026-05-13 06:20:49 | INFO     | ayumi.forward_test | [B5 Periodic] ticks=27291 bars_built=4 signals=0 traded=0 eval_errors=0
2026-05-13 06:21:48 | INFO     | ayumi.blend_launcher | [B5 Health] ticks=27363 tps=2.04 bars=4 signals=0 trades=0 balance=10000.00 uptime=37085s
2026-05-13 06:21:49 | INFO     | ayumi.forward_test | [B5 Periodic] ticks=27366 bars_built=4 signals=0 traded=0 eval_errors=0
2026-05-13 06:22:48 | INFO     | ayumi.blend_launcher | [B5 Health] ticks=27424 tps=0.82 bars=4 signals=0 trades=0 balance=10000.00 uptime=37145s
2026-05-13 06:22:49 | INFO     | ayumi.forward_test | [B5 Periodic] ticks=27426 bars_built=4 signals=0 traded=0 eval_errors=0
2026-05-13 06:23:48 | INFO     | ayumi.blend_launcher | [B5 Health] ticks=27495 tps=0.70 bars=4 signals=0 trades=0 balance=10000.00 uptime=37205s
2026-05-13 06:23:49 | INFO     | ayumi.forward_test | [B5 Periodic] ticks=27497 bars_built=4 signals=0 traded=0 eval_errors=0
2026-05-13 06:24:48 | INFO     | ayumi.blend_launcher | [B5 Health] ticks=27569 tps=1.33 bars=4 signals=0 trades=0 balance=10000.00 uptime=37265s
2026-05-13 06:24:49 | INFO     | ayumi.forward_test | [B5 Periodic] ticks=27570 bars_built=4 signals=0 traded=0 eval_errors=0
2026-05-13 06:25:48 | INFO     | ayumi.blend_launcher | [B5 Health] ticks=27650 tps=2.55 bars=4 signals=0 trades=0 balance=10000.00 uptime=37325s
2026-05-13 06:25:49 | INFO     | ayumi.forward_test | [B5 Periodic] ticks=27651 bars_built=4 signals=0 traded=0 eval_errors=0
2026-05-13 06:26:48 | INFO     | ayumi.blend_launcher | [B5 Health] ticks=27707 tps=0.81 bars=4 signals=0 trades=0 balance=10000.00 uptime=37385s
2026-05-13 06:26:49 | INFO     | ayumi.forward_test | [B5 Periodic] ticks=27707 bars_built=4 signals=0 traded=0 eval_errors=0
2026-05-13 06:27:48 | INFO     | ayumi.blend_launcher | [B5 Health] ticks=27775 tps=1.28 bars=4 signals=0 trades=0 balance=10000.00 uptime=37445s
2026-05-13 06:27:49 | INFO     | ayumi.forward_test | [B5 Periodic] ticks=27775 bars_built=4 signals=0 traded=0 eval_errors=0
2026-05-13 06:28:48 | INFO     | ayumi.blend_launcher | [B5 Health] ticks=27838 tps=1.38 bars=4 signals=0 trades=0 balance=10000.00 uptime=37506s
2026-05-13 06:28:49 | INFO     | ayumi.forward_test | [B5 Periodic] ticks=27838 bars_built=4 signals=0 traded=0 eval_errors=0
2026-05-13 06:29:48 | INFO     | ayumi.blend_launcher | [B5 Health] ticks=27928 tps=2.99 bars=4 signals=0 trades=0 balance=10000.00 uptime=37566s
2026-05-13 06:29:49 | INFO     | ayumi.forward_test | [B5 Periodic] ticks=27928 bars_built=4 signals=0 traded=0 eval_errors=0
2026-05-13 06:30:48 | INFO     | ayumi.blend_launcher | [B5 Health] ticks=28019 tps=1.49 bars=4 signals=0 trades=0 balance=10000.00 uptime=37626s
2026-05-13 06:30:49 | INFO     | ayumi.forward_test | [B5 Periodic] ticks=28020 bars_built=4 signals=0 traded=0 eval_errors=0
2026-05-13 06:31:48 | INFO     | ayumi.blend_launcher | [B5 Health] ticks=28123 tps=2.01 bars=4 signals=0 trades=0 balance=10000.00 uptime=37686s
2026-05-13 06:31:49 | INFO     | ayumi.forward_test | [B5 Periodic] ticks=28124 bars_built=4 signals=0 traded=0 eval_errors=0
2026-05-13 06:32:48 | INFO     | ayumi.blend_launcher | [B5 Health] ticks=28198 tps=1.34 bars=4 signals=0 trades=0 balance=10000.00 uptime=37746s
2026-05-13 06:32:49 | INFO     | ayumi.forward_test | [B5 Periodic] ticks=28198 bars_built=4 signals=0 traded=0 eval_errors=0
2026-05-13 06:33:48 | INFO     | ayumi.blend_launcher | [B5 Health] ticks=28283 tps=1.56 bars=4 signals=0 trades=0 balance=10000.00 uptime=37806s
2026-05-13 06:33:49 | INFO     | ayumi.forward_test | [B5 Periodic] ticks=28283 bars_built=4 signals=0 traded=0 eval_errors=0
2026-05-13 06:34:48 | INFO     | ayumi.blend_launcher | [B5 Health] ticks=28349 tps=0.96 bars=4 signals=0 trades=0 balance=10000.00 uptime=37866s
2026-05-13 06:34:49 | INFO     | ayumi.forward_test | [B5 Periodic] ticks=28351 bars_built=4 signals=0 traded=0 eval_errors=0
2026-05-13 06:35:48 | INFO     | ayumi.blend_launcher | [B5 Health] ticks=28429 tps=1.20 bars=4 signals=0 trades=0 balance=10000.00 uptime=37926s
2026-05-13 06:35:49 | INFO     | ayumi.forward_test | [B5 Periodic] ticks=28430 bars_built=4 signals=0 traded=0 eval_errors=0
2026-05-13 06:36:48 | INFO     | ayumi.blend_launcher | [B5 Health] ticks=28505 tps=0.98 bars=4 signals=0 trades=0 balance=10000.00 uptime=37986s
2026-05-13 06:36:49 | INFO     | ayumi.forward_test | [B5 Periodic] ticks=28506 bars_built=4 signals=0 traded=0 eval_errors=0
2026-05-13 06:37:48 | INFO     | ayumi.blend_launcher | [B5 Health] ticks=28586 tps=1.16 bars=4 signals=0 trades=0 balance=10000.00 uptime=38046s
2026-05-13 06:37:49 | INFO     | ayumi.forward_test | [B5 Periodic] ticks=28586 bars_built=4 signals=0 traded=0 eval_errors=0
2026-05-13 06:38:48 | INFO     | ayumi.blend_launcher | [B5 Health] ticks=28658 tps=1.40 bars=4 signals=0 trades=0 balance=10000.00 uptime=38106s
2026-05-13 06:38:49 | INFO     | ayumi.forward_test | [B5 Periodic] ticks=28658 bars_built=4 signals=0 traded=0 eval_errors=0
2026-05-13 06:39:48 | INFO     | ayumi.blend_launcher | [B5 Health] ticks=28728 tps=1.55 bars=4 signals=0 trades=0 balance=10000.00 uptime=38166s
2026-05-13 06:39:49 | INFO     | ayumi.forward_test | [B5 Periodic] ticks=28729 bars_built=4 signals=0 traded=0 eval_errors=0
2026-05-13 06:40:48 | INFO     | ayumi.blend_launcher | [B5 Health] ticks=28805 tps=0.96 bars=4 signals=0 trades=0 balance=10000.00 uptime=38226s
2026-05-13 06:40:49 | INFO     | ayumi.forward_test | [B5 Periodic] ticks=28808 bars_built=4 signals=0 traded=0 eval_errors=0
2026-05-13 06:41:48 | INFO     | ayumi.blend_launcher | [B5 Health] ticks=28868 tps=1.01 bars=4 signals=0 trades=0 balance=10000.00 uptime=38286s
2026-05-13 06:41:49 | INFO     | ayumi.forward_test | [B5 Periodic] ticks=28869 bars_built=4 signals=0 traded=0 eval_errors=0
2026-05-13 06:42:48 | INFO     | ayumi.blend_launcher | [B5 Health] ticks=28950 tps=1.40 bars=4 signals=0 trades=0 balance=10000.00 uptime=38346s
2026-05-13 06:42:49 | INFO     | ayumi.forward_test | [B5 Periodic] ticks=28952 bars_built=4 signals=0 traded=0 eval_errors=0
2026-05-13 06:43:48 | INFO     | ayumi.blend_launcher | [B5 Health] ticks=29020 tps=1.67 bars=4 signals=0 trades=0 balance=10000.00 uptime=38406s
2026-05-13 06:43:49 | INFO     | ayumi.forward_test | [B5 Periodic] ticks=29022 bars_built=4 signals=0 traded=0 eval_errors=0
2026-05-13 06:44:48 | INFO     | ayumi.blend_launcher | [B5 Health] ticks=29095 tps=1.72 bars=4 signals=0 trades=0 balance=10000.00 uptime=38466s
2026-05-13 06:44:49 | INFO     | ayumi.forward_test | [B5 Periodic] ticks=29095 bars_built=4 signals=0 traded=0 eval_errors=0
2026-05-13 06:45:48 | INFO     | ayumi.blend_launcher | [B5 Health] ticks=29175 tps=1.55 bars=4 signals=0 trades=0 balance=10000.00 uptime=38526s
2026-05-13 06:45:49 | INFO     | ayumi.forward_test | [B5 Periodic] ticks=29175 bars_built=4 signals=0 traded=0 eval_errors=0
2026-05-13 06:46:48 | INFO     | ayumi.blend_launcher | [B5 Health] ticks=29252 tps=1.71 bars=4 signals=0 trades=0 balance=10000.00 uptime=38586s
2026-05-13 06:46:49 | INFO     | ayumi.forward_test | [B5 Periodic] ticks=29253 bars_built=4 signals=0 traded=0 eval_errors=0
2026-05-13 06:47:48 | INFO     | ayumi.blend_launcher | [B5 Health] ticks=29324 tps=1.45 bars=4 signals=0 trades=0 balance=10000.00 uptime=38646s
2026-05-13 06:47:49 | INFO     | ayumi.forward_test | [B5 Periodic] ticks=29324 bars_built=4 signals=0 traded=0 eval_errors=0
2026-05-13 06:48:48 | INFO     | ayumi.blend_launcher | [B5 Health] ticks=29400 tps=0.99 bars=4 signals=0 trades=0 balance=10000.00 uptime=38706s
2026-05-13 06:48:49 | INFO     | ayumi.forward_test | [B5 Periodic] ticks=29400 bars_built=4 signals=0 traded=0 eval_errors=0
2026-05-13 06:49:48 | INFO     | ayumi.blend_launcher | [B5 Health] ticks=29482 tps=1.41 bars=4 signals=0 trades=0 balance=10000.00 uptime=38766s
2026-05-13 06:49:49 | INFO     | ayumi.forward_test | [B5 Periodic] ticks=29485 bars_built=4 signals=0 traded=0 eval_errors=0
2026-05-13 06:50:48 | INFO     | ayumi.blend_launcher | [B5 Health] ticks=29550 tps=0.81 bars=4 signals=0 trades=0 balance=10000.00 uptime=38826s
2026-05-13 06:50:49 | INFO     | ayumi.forward_test | [B5 Periodic] ticks=29550 bars_built=4 signals=0 traded=0 eval_errors=0
2026-05-13 06:51:48 | INFO     | ayumi.blend_launcher | [B5 Health] ticks=29657 tps=2.70 bars=4 signals=0 trades=0 balance=10000.00 uptime=38886s
2026-05-13 06:51:49 | INFO     | ayumi.forward_test | [B5 Periodic] ticks=29658 bars_built=4 signals=0 traded=0 eval_errors=0
2026-05-13 06:52:48 | INFO     | ayumi.blend_launcher | [B5 Health] ticks=29744 tps=1.47 bars=4 signals=0 trades=0 balance=10000.00 uptime=38946s
2026-05-13 06:52:49 | INFO     | ayumi.forward_test | [B5 Periodic] ticks=29744 bars_built=4 signals=0 traded=0 eval_errors=0
2026-05-13 06:53:48 | INFO     | ayumi.blend_launcher | [B5 Health] ticks=29851 tps=2.41 bars=4 signals=0 trades=0 balance=10000.00 uptime=39006s
2026-05-13 06:53:49 | INFO     | ayumi.forward_test | [B5 Periodic] ticks=29854 bars_built=4 signals=0 traded=0 eval_errors=0
2026-05-13 06:54:48 | INFO     | ayumi.blend_launcher | [B5 Health] ticks=29961 tps=2.11 bars=4 signals=0 trades=0 balance=10000.00 uptime=39066s
2026-05-13 06:54:49 | INFO     | ayumi.forward_test | [B5 Periodic] ticks=29961 bars_built=4 signals=0 traded=0 eval_errors=0
2026-05-13 06:55:48 | INFO     | ayumi.blend_launcher | [B5 Health] ticks=30047 tps=1.70 bars=4 signals=0 trades=0 balance=10000.00 uptime=39126s
2026-05-13 06:55:49 | INFO     | ayumi.forward_test | [B5 Periodic] ticks=30049 bars_built=4 signals=0 traded=0 eval_errors=0
2026-05-13 06:56:48 | INFO     | ayumi.blend_launcher | [B5 Health] ticks=30137 tps=0.70 bars=4 signals=0 trades=0 balance=10000.00 uptime=39186s
2026-05-13 06:56:49 | INFO     | ayumi.forward_test | [B5 Periodic] ticks=30138 bars_built=4 signals=0 traded=0 eval_errors=0
2026-05-13 06:57:48 | INFO     | ayumi.blend_launcher | [B5 Health] ticks=30209 tps=1.50 bars=4 signals=0 trades=0 balance=10000.00 uptime=39246s
2026-05-13 06:57:49 | INFO     | ayumi.forward_test | [B5 Periodic] ticks=30210 bars_built=4 signals=0 traded=0 eval_errors=0
2026-05-13 06:58:48 | INFO     | ayumi.blend_launcher | [B5 Health] ticks=30297 tps=2.12 bars=4 signals=0 trades=0 balance=10000.00 uptime=39306s
2026-05-13 06:58:49 | INFO     | ayumi.forward_test | [B5 Periodic] ticks=30298 bars_built=4 signals=0 traded=0 eval_errors=0
2026-05-13 06:59:48 | INFO     | ayumi.blend_launcher | [B5 Health] ticks=30386 tps=1.70 bars=4 signals=0 trades=0 balance=10000.00 uptime=39366s
2026-05-13 06:59:49 | INFO     | ayumi.forward_test | [B5 Periodic] ticks=30386 bars_built=4 signals=0 traded=0 eval_errors=0
2026-05-13 07:00:48 | INFO     | ayumi.blend_launcher | [B5 Health] ticks=30491 tps=2.06 bars=4 signals=0 trades=0 balance=10000.00 uptime=39426s
2026-05-13 07:00:49 | INFO     | ayumi.forward_test | [B5 Periodic] ticks=30492 bars_built=4 signals=0 traded=0 eval_errors=0
2026-05-13 07:01:48 | INFO     | ayumi.blend_launcher | [B5 Health] ticks=30584 tps=1.00 bars=4 signals=0 trades=0 balance=10000.00 uptime=39486s
2026-05-13 07:01:49 | INFO     | ayumi.forward_test | [B5 Periodic] ticks=30586 bars_built=4 signals=0 traded=0 eval_errors=0
2026-05-13 07:02:48 | INFO     | ayumi.blend_launcher | [B5 Health] ticks=30747 tps=2.02 bars=4 signals=0 trades=0 balance=10000.00 uptime=39546s
2026-05-13 07:02:49 | INFO     | ayumi.forward_test | [B5 Periodic] ticks=30748 bars_built=4 signals=0 traded=0 eval_errors=0
2026-05-13 07:03:48 | INFO     | ayumi.blend_launcher | [B5 Health] ticks=30854 tps=1.98 bars=4 signals=0 trades=0 balance=10000.00 uptime=39606s
2026-05-13 07:03:49 | INFO     | ayumi.forward_test | [B5 Periodic] ticks=30855 bars_built=4 signals=0 traded=0 eval_errors=0
2026-05-13 07:04:48 | INFO     | ayumi.blend_launcher | [B5 Health] ticks=30954 tps=1.33 bars=4 signals=0 trades=0 balance=10000.00 uptime=39666s
2026-05-13 07:04:49 | INFO     | ayumi.forward_test | [B5 Periodic] ticks=30955 bars_built=4 signals=0 traded=0 eval_errors=0
2026-05-13 07:05:48 | INFO     | ayumi.blend_launcher | [B5 Health] ticks=31066 tps=1.87 bars=4 signals=0 trades=0 balance=10000.00 uptime=39726s
2026-05-13 07:05:49 | INFO     | ayumi.forward_test | [B5 Periodic] ticks=31068 bars_built=4 signals=0 traded=0 eval_errors=0
2026-05-13 07:06:48 | INFO     | ayumi.blend_launcher | [B5 Health] ticks=31169 tps=1.94 bars=4 signals=0 trades=0 balance=10000.00 uptime=39786s
2026-05-13 07:06:49 | INFO     | ayumi.forward_test | [B5 Periodic] ticks=31169 bars_built=4 signals=0 traded=0 eval_errors=0
2026-05-13 07:07:48 | INFO     | ayumi.blend_launcher | [B5 Health] ticks=31246 tps=1.35 bars=4 signals=0 trades=0 balance=10000.00 uptime=39846s
2026-05-13 07:07:49 | INFO     | ayumi.forward_test | [B5 Periodic] ticks=31246 bars_built=4 signals=0 traded=0 eval_errors=0
2026-05-13 07:08:48 | INFO     | ayumi.blend_launcher | [B5 Health] ticks=31330 tps=2.27 bars=4 signals=0 trades=0 balance=10000.00 uptime=39906s
2026-05-13 07:08:49 | INFO     | ayumi.forward_test | [B5 Periodic] ticks=31330 bars_built=4 signals=0 traded=0 eval_errors=0
2026-05-13 07:09:48 | INFO     | ayumi.blend_launcher | [B5 Health] ticks=31429 tps=1.92 bars=4 signals=0 trades=0 balance=10000.00 uptime=39966s
2026-05-13 07:09:49 | INFO     | ayumi.forward_test | [B5 Periodic] ticks=31429 bars_built=4 signals=0 traded=0 eval_errors=0
2026-05-13 07:10:48 | INFO     | ayumi.blend_launcher | [B5 Health] ticks=31546 tps=2.00 bars=4 signals=0 trades=0 balance=10000.00 uptime=40026s
2026-05-13 07:10:49 | INFO     | ayumi.forward_test | [B5 Periodic] ticks=31548 bars_built=4 signals=0 traded=0 eval_errors=0
2026-05-13 07:11:48 | INFO     | ayumi.blend_launcher | [B5 Health] ticks=31632 tps=1.16 bars=4 signals=0 trades=0 balance=10000.00 uptime=40086s
2026-05-13 07:11:49 | INFO     | ayumi.forward_test | [B5 Periodic] ticks=31632 bars_built=4 signals=0 traded=0 eval_errors=0
2026-05-13 07:12:48 | INFO     | ayumi.blend_launcher | [B5 Health] ticks=31718 tps=2.21 bars=4 signals=0 trades=0 balance=10000.00 uptime=40146s
2026-05-13 07:12:49 | INFO     | ayumi.forward_test | [B5 Periodic] ticks=31718 bars_built=4 signals=0 traded=0 eval_errors=0
2026-05-13 07:13:48 | INFO     | ayumi.blend_launcher | [B5 Health] ticks=31811 tps=2.41 bars=4 signals=0 trades=0 balance=10000.00 uptime=40206s
2026-05-13 07:13:49 | INFO     | ayumi.forward_test | [B5 Periodic] ticks=31811 bars_built=4 signals=0 traded=0 eval_errors=0
2026-05-13 07:14:48 | INFO     | ayumi.blend_launcher | [B5 Health] ticks=31903 tps=1.97 bars=4 signals=0 trades=0 balance=10000.00 uptime=40266s
2026-05-13 07:14:49 | INFO     | ayumi.forward_test | [B5 Periodic] ticks=31903 bars_built=4 signals=0 traded=0 eval_errors=0
2026-05-13 07:15:48 | INFO     | ayumi.blend_launcher | [B5 Health] ticks=31983 tps=1.63 bars=4 signals=0 trades=0 balance=10000.00 uptime=40326s
2026-05-13 07:15:49 | INFO     | ayumi.forward_test | [B5 Periodic] ticks=31984 bars_built=4 signals=0 traded=0 eval_errors=0
2026-05-13 07:16:48 | INFO     | ayumi.blend_launcher | [B5 Health] ticks=32054 tps=1.04 bars=4 signals=0 trades=0 balance=10000.00 uptime=40386s
2026-05-13 07:16:49 | INFO     | ayumi.forward_test | [B5 Periodic] ticks=32055 bars_built=4 signals=0 traded=0 eval_errors=0
2026-05-13 07:17:48 | INFO     | ayumi.blend_launcher | [B5 Health] ticks=32125 tps=2.09 bars=4 signals=0 trades=0 balance=10000.00 uptime=40446s
2026-05-13 07:17:49 | INFO     | ayumi.forward_test | [B5 Periodic] ticks=32125 bars_built=4 signals=0 traded=0 eval_errors=0
2026-05-13 07:18:48 | INFO     | ayumi.blend_launcher | [B5 Health] ticks=32210 tps=0.88 bars=4 signals=0 trades=0 balance=10000.00 uptime=40506s
2026-05-13 07:18:49 | INFO     | ayumi.forward_test | [B5 Periodic] ticks=32211 bars_built=4 signals=0 traded=0 eval_errors=0
2026-05-13 07:19:48 | INFO     | ayumi.blend_launcher | [B5 Health] ticks=32319 tps=2.27 bars=4 signals=0 trades=0 balance=10000.00 uptime=40566s
2026-05-13 07:19:49 | INFO     | ayumi.forward_test | [B5 Periodic] ticks=32319 bars_built=4 signals=0 traded=0 eval_errors=0
2026-05-13 07:20:48 | INFO     | ayumi.blend_launcher | [B5 Health] ticks=32439 tps=2.50 bars=4 signals=0 trades=0 balance=10000.00 uptime=40626s
2026-05-13 07:20:49 | INFO     | ayumi.forward_test | [B5 Periodic] ticks=32439 bars_built=4 signals=0 traded=0 eval_errors=0
2026-05-13 07:21:48 | INFO     | ayumi.blend_launcher | [B5 Health] ticks=32542 tps=2.40 bars=4 signals=0 trades=0 balance=10000.00 uptime=40686s
2026-05-13 07:21:49 | INFO     | ayumi.forward_test | [B5 Periodic] ticks=32543 bars_built=4 signals=0 traded=0 eval_errors=0
2026-05-13 07:22:48 | INFO     | ayumi.blend_launcher | [B5 Health] ticks=32616 tps=2.09 bars=4 signals=0 trades=0 balance=10000.00 uptime=40746s
2026-05-13 07:22:49 | INFO     | ayumi.forward_test | [B5 Periodic] ticks=32617 bars_built=4 signals=0 traded=0 eval_errors=0
2026-05-13 07:23:48 | INFO     | ayumi.blend_launcher | [B5 Health] ticks=32688 tps=1.49 bars=4 signals=0 trades=0 balance=10000.00 uptime=40806s
2026-05-13 07:23:49 | INFO     | ayumi.forward_test | [B5 Periodic] ticks=32689 bars_built=4 signals=0 traded=0 eval_errors=0
2026-05-13 07:24:48 | INFO     | ayumi.blend_launcher | [B5 Health] ticks=32757 tps=0.81 bars=4 signals=0 trades=0 balance=10000.00 uptime=40866s
2026-05-13 07:24:49 | INFO     | ayumi.forward_test | [B5 Periodic] ticks=32757 bars_built=4 signals=0 traded=0 eval_errors=0
2026-05-13 07:25:48 | INFO     | ayumi.blend_launcher | [B5 Health] ticks=32840 tps=1.29 bars=4 signals=0 trades=0 balance=10000.00 uptime=40926s
2026-05-13 07:25:49 | INFO     | ayumi.forward_test | [B5 Periodic] ticks=32840 bars_built=4 signals=0 traded=0 eval_errors=0
2026-05-13 07:26:48 | INFO     | ayumi.blend_launcher | [B5 Health] ticks=32918 tps=1.30 bars=4 signals=0 trades=0 balance=10000.00 uptime=40986s
2026-05-13 07:26:49 | INFO     | ayumi.forward_test | [B5 Periodic] ticks=32918 bars_built=4 signals=0 traded=0 eval_errors=0
2026-05-13 07:27:48 | INFO     | ayumi.blend_launcher | [B5 Health] ticks=32974 tps=0.82 bars=4 signals=0 trades=0 balance=10000.00 uptime=41046s
2026-05-13 07:27:49 | INFO     | ayumi.forward_test | [B5 Periodic] ticks=32975 bars_built=4 signals=0 traded=0 eval_errors=0
2026-05-13 07:28:48 | INFO     | ayumi.blend_launcher | [B5 Health] ticks=33031 tps=1.17 bars=4 signals=0 trades=0 balance=10000.00 uptime=41106s
2026-05-13 07:28:49 | INFO     | ayumi.forward_test | [B5 Periodic] ticks=33032 bars_built=4 signals=0 traded=0 eval_errors=0
2026-05-13 07:29:48 | INFO     | ayumi.blend_launcher | [B5 Health] ticks=33096 tps=1.24 bars=4 signals=0 trades=0 balance=10000.00 uptime=41166s
2026-05-13 07:29:49 | INFO     | ayumi.forward_test | [B5 Periodic] ticks=33096 bars_built=4 signals=0 traded=0 eval_errors=0
2026-05-13 07:30:48 | INFO     | ayumi.blend_launcher | [B5 Health] ticks=33187 tps=1.65 bars=4 signals=0 trades=0 balance=10000.00 uptime=41226s
2026-05-13 07:30:49 | INFO     | ayumi.forward_test | [B5 Periodic] ticks=33187 bars_built=4 signals=0 traded=0 eval_errors=0
2026-05-13 07:31:48 | INFO     | ayumi.blend_launcher | [B5 Health] ticks=33276 tps=1.65 bars=4 signals=0 trades=0 balance=10000.00 uptime=41286s
2026-05-13 07:31:49 | INFO     | ayumi.forward_test | [B5 Periodic] ticks=33278 bars_built=4 signals=0 traded=0 eval_errors=0
2026-05-13 07:32:48 | INFO     | ayumi.blend_launcher | [B5 Health] ticks=33343 tps=1.93 bars=4 signals=0 trades=0 balance=10000.00 uptime=41346s
2026-05-13 07:32:49 | INFO     | ayumi.forward_test | [B5 Periodic] ticks=33343 bars_built=4 signals=0 traded=0 eval_errors=0
2026-05-13 07:33:48 | INFO     | ayumi.blend_launcher | [B5 Health] ticks=33415 tps=1.53 bars=4 signals=0 trades=0 balance=10000.00 uptime=41406s
2026-05-13 07:33:49 | INFO     | ayumi.forward_test | [B5 Periodic] ticks=33416 bars_built=4 signals=0 traded=0 eval_errors=0
2026-05-13 07:34:48 | INFO     | ayumi.blend_launcher | [B5 Health] ticks=33497 tps=1.44 bars=4 signals=0 trades=0 balance=10000.00 uptime=41466s
2026-05-13 07:34:49 | INFO     | ayumi.forward_test | [B5 Periodic] ticks=33498 bars_built=4 signals=0 traded=0 eval_errors=0
2026-05-13 07:35:48 | INFO     | ayumi.blend_launcher | [B5 Health] ticks=33574 tps=1.95 bars=4 signals=0 trades=0 balance=10000.00 uptime=41526s
2026-05-13 07:35:49 | INFO     | ayumi.forward_test | [B5 Periodic] ticks=33574 bars_built=4 signals=0 traded=0 eval_errors=0
2026-05-13 07:36:48 | INFO     | ayumi.blend_launcher | [B5 Health] ticks=33633 tps=1.82 bars=4 signals=0 trades=0 balance=10000.00 uptime=41586s
2026-05-13 07:36:49 | INFO     | ayumi.forward_test | [B5 Periodic] ticks=33633 bars_built=4 signals=0 traded=0 eval_errors=0
2026-05-13 07:37:48 | INFO     | ayumi.blend_launcher | [B5 Health] ticks=33704 tps=1.36 bars=4 signals=0 trades=0 balance=10000.00 uptime=41646s
2026-05-13 07:37:49 | INFO     | ayumi.forward_test | [B5 Periodic] ticks=33704 bars_built=4 signals=0 traded=0 eval_errors=0
2026-05-13 07:38:48 | INFO     | ayumi.blend_launcher | [B5 Health] ticks=33810 tps=1.55 bars=4 signals=0 trades=0 balance=10000.00 uptime=41706s
2026-05-13 07:38:49 | INFO     | ayumi.forward_test | [B5 Periodic] ticks=33810 bars_built=4 signals=0 traded=0 eval_errors=0
2026-05-13 07:39:48 | INFO     | ayumi.blend_launcher | [B5 Health] ticks=33926 tps=2.30 bars=4 signals=0 trades=0 balance=10000.00 uptime=41766s
2026-05-13 07:39:49 | INFO     | ayumi.forward_test | [B5 Periodic] ticks=33926 bars_built=4 signals=0 traded=0 eval_errors=0
2026-05-13 07:40:48 | INFO     | ayumi.blend_launcher | [B5 Health] ticks=34049 tps=1.89 bars=4 signals=0 trades=0 balance=10000.00 uptime=41826s
2026-05-13 07:40:49 | INFO     | ayumi.forward_test | [B5 Periodic] ticks=34050 bars_built=4 signals=0 traded=0 eval_errors=0
2026-05-13 07:41:48 | INFO     | ayumi.blend_launcher | [B5 Health] ticks=34154 tps=1.38 bars=4 signals=0 trades=0 balance=10000.00 uptime=41886s
2026-05-13 07:41:49 | INFO     | ayumi.forward_test | [B5 Periodic] ticks=34154 bars_built=4 signals=0 traded=0 eval_errors=0
2026-05-13 07:42:48 | INFO     | ayumi.blend_launcher | [B5 Health] ticks=34234 tps=1.82 bars=4 signals=0 trades=0 balance=10000.00 uptime=41946s
2026-05-13 07:42:49 | INFO     | ayumi.forward_test | [B5 Periodic] ticks=34234 bars_built=4 signals=0 traded=0 eval_errors=0
2026-05-13 07:43:49 | INFO     | ayumi.blend_launcher | [B5 Health] ticks=34326 tps=2.00 bars=4 signals=0 trades=0 balance=10000.00 uptime=42006s
2026-05-13 07:43:49 | INFO     | ayumi.forward_test | [B5 Periodic] ticks=34326 bars_built=4 signals=0 traded=0 eval_errors=0
2026-05-13 07:44:49 | INFO     | ayumi.blend_launcher | [B5 Health] ticks=34414 tps=1.91 bars=4 signals=0 trades=0 balance=10000.00 uptime=42066s
2026-05-13 07:44:49 | INFO     | ayumi.forward_test | [B5 Periodic] ticks=34415 bars_built=4 signals=0 traded=0 eval_errors=0
2026-05-13 07:45:49 | INFO     | ayumi.blend_launcher | [B5 Health] ticks=34499 tps=1.52 bars=4 signals=0 trades=0 balance=10000.00 uptime=42126s
2026-05-13 07:45:49 | INFO     | ayumi.forward_test | [B5 Periodic] ticks=34499 bars_built=4 signals=0 traded=0 eval_errors=0
2026-05-13 07:46:49 | INFO     | ayumi.blend_launcher | [B5 Health] ticks=34592 tps=1.21 bars=4 signals=0 trades=0 balance=10000.00 uptime=42186s
2026-05-13 07:46:49 | INFO     | ayumi.forward_test | [B5 Periodic] ticks=34592 bars_built=4 signals=0 traded=0 eval_errors=0
2026-05-13 07:47:49 | INFO     | ayumi.blend_launcher | [B5 Health] ticks=34690 tps=1.63 bars=4 signals=0 trades=0 balance=10000.00 uptime=42246s
2026-05-13 07:47:49 | INFO     | ayumi.forward_test | [B5 Periodic] ticks=34690 bars_built=4 signals=0 traded=0 eval_errors=0
2026-05-13 07:48:49 | INFO     | ayumi.blend_launcher | [B5 Health] ticks=34767 tps=1.09 bars=4 signals=0 trades=0 balance=10000.00 uptime=42306s
2026-05-13 07:48:49 | INFO     | ayumi.forward_test | [B5 Periodic] ticks=34768 bars_built=4 signals=0 traded=0 eval_errors=0
2026-05-13 07:49:49 | INFO     | ayumi.blend_launcher | [B5 Health] ticks=34837 tps=1.35 bars=4 signals=0 trades=0 balance=10000.00 uptime=42366s
2026-05-13 07:49:49 | INFO     | ayumi.forward_test | [B5 Periodic] ticks=34837 bars_built=4 signals=0 traded=0 eval_errors=0
2026-05-13 07:50:49 | INFO     | ayumi.blend_launcher | [B5 Health] ticks=34929 tps=2.02 bars=4 signals=0 trades=0 balance=10000.00 uptime=42426s
2026-05-13 07:50:49 | INFO     | ayumi.forward_test | [B5 Periodic] ticks=34929 bars_built=4 signals=0 traded=0 eval_errors=0
2026-05-13 07:51:49 | INFO     | ayumi.blend_launcher | [B5 Health] ticks=35039 tps=1.35 bars=4 signals=0 trades=0 balance=10000.00 uptime=42486s
2026-05-13 07:51:49 | INFO     | ayumi.forward_test | [B5 Periodic] ticks=35039 bars_built=4 signals=0 traded=0 eval_errors=0
2026-05-13 07:52:49 | INFO     | ayumi.blend_launcher | [B5 Health] ticks=35122 tps=1.46 bars=4 signals=0 trades=0 balance=10000.00 uptime=42546s
2026-05-13 07:52:49 | INFO     | ayumi.forward_test | [B5 Periodic] ticks=35123 bars_built=4 signals=0 traded=0 eval_errors=0
2026-05-13 07:53:49 | INFO     | ayumi.blend_launcher | [B5 Health] ticks=35212 tps=1.43 bars=4 signals=0 trades=0 balance=10000.00 uptime=42606s
2026-05-13 07:53:49 | INFO     | ayumi.forward_test | [B5 Periodic] ticks=35212 bars_built=4 signals=0 traded=0 eval_errors=0
2026-05-13 07:54:49 | INFO     | ayumi.blend_launcher | [B5 Health] ticks=35293 tps=1.59 bars=4 signals=0 trades=0 balance=10000.00 uptime=42666s
2026-05-13 07:54:49 | INFO     | ayumi.forward_test | [B5 Periodic] ticks=35293 bars_built=4 signals=0 traded=0 eval_errors=0
2026-05-13 07:55:49 | INFO     | ayumi.blend_launcher | [B5 Health] ticks=35393 tps=1.53 bars=4 signals=0 trades=0 balance=10000.00 uptime=42726s
2026-05-13 07:55:49 | INFO     | ayumi.forward_test | [B5 Periodic] ticks=35393 bars_built=4 signals=0 traded=0 eval_errors=0
2026-05-13 07:56:49 | INFO     | ayumi.blend_launcher | [B5 Health] ticks=35485 tps=1.45 bars=4 signals=0 trades=0 balance=10000.00 uptime=42786s
2026-05-13 07:56:49 | INFO     | ayumi.forward_test | [B5 Periodic] ticks=35485 bars_built=4 signals=0 traded=0 eval_errors=0
2026-05-13 07:57:49 | INFO     | ayumi.blend_launcher | [B5 Health] ticks=35553 tps=1.92 bars=4 signals=0 trades=0 balance=10000.00 uptime=42846s
2026-05-13 07:57:49 | INFO     | ayumi.forward_test | [B5 Periodic] ticks=35553 bars_built=4 signals=0 traded=0 eval_errors=0
2026-05-13 07:58:49 | INFO     | ayumi.blend_launcher | [B5 Health] ticks=35679 tps=2.10 bars=4 signals=0 trades=0 balance=10000.00 uptime=42906s
2026-05-13 07:58:49 | INFO     | ayumi.forward_test | [B5 Periodic] ticks=35680 bars_built=4 signals=0 traded=0 eval_errors=0
2026-05-13 07:59:49 | INFO     | ayumi.blend_launcher | [B5 Health] ticks=35791 tps=2.05 bars=4 signals=0 trades=0 balance=10000.00 uptime=42966s
2026-05-13 07:59:49 | INFO     | ayumi.forward_test | [B5 Periodic] ticks=35792 bars_built=4 signals=0 traded=0 eval_errors=0
2026-05-13 08:00:49 | INFO     | ayumi.blend_launcher | [B5 Health] ticks=35943 tps=3.31 bars=4 signals=0 trades=0 balance=10000.00 uptime=43026s
2026-05-13 08:00:49 | INFO     | ayumi.forward_test | [B5 Periodic] ticks=35944 bars_built=4 signals=0 traded=0 eval_errors=0
2026-05-13 08:01:49 | INFO     | ayumi.blend_launcher | [B5 Health] ticks=36078 tps=2.59 bars=4 signals=0 trades=0 balance=10000.00 uptime=43086s
2026-05-13 08:01:49 | INFO     | ayumi.forward_test | [B5 Periodic] ticks=36078 bars_built=4 signals=0 traded=0 eval_errors=0
2026-05-13 08:02:49 | INFO     | ayumi.blend_launcher | [B5 Health] ticks=36208 tps=2.91 bars=4 signals=0 trades=0 balance=10000.00 uptime=43146s
2026-05-13 08:02:49 | INFO     | ayumi.forward_test | [B5 Periodic] ticks=36209 bars_built=4 signals=0 traded=0 eval_errors=0
2026-05-13 08:03:49 | INFO     | ayumi.blend_launcher | [B5 Health] ticks=36312 tps=1.27 bars=4 signals=0 trades=0 balance=10000.00 uptime=43206s
2026-05-13 08:03:49 | INFO     | ayumi.forward_test | [B5 Periodic] ticks=36312 bars_built=4 signals=0 traded=0 eval_errors=0
2026-05-13 08:04:49 | INFO     | ayumi.blend_launcher | [B5 Health] ticks=36416 tps=1.62 bars=4 signals=0 trades=0 balance=10000.00 uptime=43266s
2026-05-13 08:04:49 | INFO     | ayumi.forward_test | [B5 Periodic] ticks=36416 bars_built=4 signals=0 traded=0 eval_errors=0
2026-05-13 08:05:49 | INFO     | ayumi.blend_launcher | [B5 Health] ticks=36520 tps=1.94 bars=4 signals=0 trades=0 balance=10000.00 uptime=43326s
2026-05-13 08:05:49 | INFO     | ayumi.forward_test | [B5 Periodic] ticks=36520 bars_built=4 signals=0 traded=0 eval_errors=0
2026-05-13 08:06:49 | INFO     | ayumi.blend_launcher | [B5 Health] ticks=36616 tps=1.64 bars=4 signals=0 trades=0 balance=10000.00 uptime=43386s
2026-05-13 08:06:49 | INFO     | ayumi.forward_test | [B5 Periodic] ticks=36616 bars_built=4 signals=0 traded=0 eval_errors=0
2026-05-13 08:07:49 | INFO     | ayumi.blend_launcher | [B5 Health] ticks=36706 tps=1.69 bars=4 signals=0 trades=0 balance=10000.00 uptime=43446s
2026-05-13 08:07:49 | INFO     | ayumi.forward_test | [B5 Periodic] ticks=36706 bars_built=4 signals=0 traded=0 eval_errors=0
2026-05-13 08:08:49 | INFO     | ayumi.blend_launcher | [B5 Health] ticks=36811 tps=2.50 bars=4 signals=0 trades=0 balance=10000.00 uptime=43506s
2026-05-13 08:08:49 | INFO     | ayumi.forward_test | [B5 Periodic] ticks=36811 bars_built=4 signals=0 traded=0 eval_errors=0
2026-05-13 08:09:49 | INFO     | ayumi.blend_launcher | [B5 Health] ticks=36897 tps=1.07 bars=4 signals=0 trades=0 balance=10000.00 uptime=43566s
2026-05-13 08:09:49 | INFO     | ayumi.forward_test | [B5 Periodic] ticks=36897 bars_built=4 signals=0 traded=0 eval_errors=0
2026-05-13 08:10:49 | INFO     | ayumi.blend_launcher | [B5 Health] ticks=36992 tps=2.12 bars=4 signals=0 trades=0 balance=10000.00 uptime=43626s
2026-05-13 08:10:49 | INFO     | ayumi.forward_test | [B5 Periodic] ticks=36992 bars_built=4 signals=0 traded=0 eval_errors=0
2026-05-13 08:11:49 | INFO     | ayumi.blend_launcher | [B5 Health] ticks=37065 tps=1.50 bars=4 signals=0 trades=0 balance=10000.00 uptime=43686s
2026-05-13 08:11:49 | INFO     | ayumi.forward_test | [B5 Periodic] ticks=37065 bars_built=4 signals=0 traded=0 eval_errors=0
2026-05-13 08:12:49 | INFO     | ayumi.blend_launcher | [B5 Health] ticks=37140 tps=0.85 bars=4 signals=0 trades=0 balance=10000.00 uptime=43746s
2026-05-13 08:12:49 | INFO     | ayumi.forward_test | [B5 Periodic] ticks=37140 bars_built=4 signals=0 traded=0 eval_errors=0
2026-05-13 08:13:49 | INFO     | ayumi.blend_launcher | [B5 Health] ticks=37200 tps=1.46 bars=4 signals=0 trades=0 balance=10000.00 uptime=43806s
2026-05-13 08:13:49 | INFO     | ayumi.forward_test | [B5 Periodic] ticks=37200 bars_built=4 signals=0 traded=0 eval_errors=0
2026-05-13 08:14:49 | INFO     | ayumi.forward_test | [B5 Periodic] ticks=37250 bars_built=4 signals=0 traded=0 eval_errors=0
2026-05-13 08:14:49 | INFO     | ayumi.blend_launcher | [B5 Health] ticks=37250 tps=1.01 bars=4 signals=0 trades=0 balance=10000.00 uptime=43866s
2026-05-13 08:15:49 | INFO     | ayumi.forward_test | [B5 Periodic] ticks=37318 bars_built=4 signals=0 traded=0 eval_errors=0
2026-05-13 08:15:49 | INFO     | ayumi.blend_launcher | [B5 Health] ticks=37318 tps=1.57 bars=4 signals=0 trades=0 balance=10000.00 uptime=43926s
2026-05-13 08:16:49 | INFO     | ayumi.forward_test | [B5 Periodic] ticks=37397 bars_built=4 signals=0 traded=0 eval_errors=0
2026-05-13 08:16:49 | INFO     | ayumi.blend_launcher | [B5 Health] ticks=37397 tps=1.74 bars=4 signals=0 trades=0 balance=10000.00 uptime=43986s
2026-05-13 08:17:49 | INFO     | ayumi.forward_test | [B5 Periodic] ticks=37466 bars_built=4 signals=0 traded=0 eval_errors=0
2026-05-13 08:17:49 | INFO     | ayumi.blend_launcher | [B5 Health] ticks=37466 tps=1.44 bars=4 signals=0 trades=0 balance=10000.00 uptime=44046s
2026-05-13 08:18:49 | INFO     | ayumi.forward_test | [B5 Periodic] ticks=37540 bars_built=4 signals=0 traded=0 eval_errors=0
2026-05-13 08:18:49 | INFO     | ayumi.blend_launcher | [B5 Health] ticks=37540 tps=1.73 bars=4 signals=0 trades=0 balance=10000.00 uptime=44106s
2026-05-13 08:19:49 | INFO     | ayumi.forward_test | [B5 Periodic] ticks=37599 bars_built=4 signals=0 traded=0 eval_errors=0
2026-05-13 08:19:49 | INFO     | ayumi.blend_launcher | [B5 Health] ticks=37599 tps=1.72 bars=4 signals=0 trades=0 balance=10000.00 uptime=44166s
2026-05-13 08:20:49 | INFO     | ayumi.forward_test | [B5 Periodic] ticks=37668 bars_built=4 signals=0 traded=0 eval_errors=0
2026-05-13 08:20:49 | INFO     | ayumi.blend_launcher | [B5 Health] ticks=37668 tps=1.13 bars=4 signals=0 trades=0 balance=10000.00 uptime=44226s
2026-05-13 08:21:49 | INFO     | ayumi.forward_test | [B5 Periodic] ticks=37737 bars_built=4 signals=0 traded=0 eval_errors=0
2026-05-13 08:21:49 | INFO     | ayumi.blend_launcher | [B5 Health] ticks=37737 tps=2.21 bars=4 signals=0 trades=0 balance=10000.00 uptime=44286s
2026-05-13 08:22:49 | INFO     | ayumi.forward_test | [B5 Periodic] ticks=37792 bars_built=4 signals=0 traded=0 eval_errors=0
2026-05-13 08:22:49 | INFO     | ayumi.blend_launcher | [B5 Health] ticks=37792 tps=1.02 bars=4 signals=0 trades=0 balance=10000.00 uptime=44347s
2026-05-13 08:23:49 | INFO     | ayumi.forward_test | [B5 Periodic] ticks=37868 bars_built=4 signals=0 traded=0 eval_errors=0
2026-05-13 08:23:49 | INFO     | ayumi.blend_launcher | [B5 Health] ticks=37868 tps=1.16 bars=4 signals=0 trades=0 balance=10000.00 uptime=44407s
2026-05-13 08:24:49 | INFO     | ayumi.forward_test | [B5 Periodic] ticks=37920 bars_built=4 signals=0 traded=0 eval_errors=0
2026-05-13 08:24:49 | INFO     | ayumi.blend_launcher | [B5 Health] ticks=37920 tps=0.91 bars=4 signals=0 trades=0 balance=10000.00 uptime=44467s
2026-05-13 08:25:49 | INFO     | ayumi.forward_test | [B5 Periodic] ticks=37987 bars_built=4 signals=0 traded=0 eval_errors=0
2026-05-13 08:25:49 | INFO     | ayumi.blend_launcher | [B5 Health] ticks=37987 tps=0.95 bars=4 signals=0 trades=0 balance=10000.00 uptime=44527s
2026-05-13 08:26:49 | INFO     | ayumi.forward_test | [B5 Periodic] ticks=38033 bars_built=4 signals=0 traded=0 eval_errors=0
2026-05-13 08:26:49 | INFO     | ayumi.blend_launcher | [B5 Health] ticks=38033 tps=0.96 bars=4 signals=0 trades=0 balance=10000.00 uptime=44587s
2026-05-13 08:27:49 | INFO     | ayumi.forward_test | [B5 Periodic] ticks=38086 bars_built=4 signals=0 traded=0 eval_errors=0
2026-05-13 08:27:49 | INFO     | ayumi.blend_launcher | [B5 Health] ticks=38087 tps=0.79 bars=4 signals=0 trades=0 balance=10000.00 uptime=44647s
2026-05-13 08:28:49 | INFO     | ayumi.forward_test | [B5 Periodic] ticks=38161 bars_built=4 signals=0 traded=0 eval_errors=0
2026-05-13 08:28:49 | INFO     | ayumi.blend_launcher | [B5 Health] ticks=38161 tps=1.26 bars=4 signals=0 trades=0 balance=10000.00 uptime=44707s
2026-05-13 08:29:49 | INFO     | ayumi.forward_test | [B5 Periodic] ticks=38245 bars_built=4 signals=0 traded=0 eval_errors=0
2026-05-13 08:29:49 | INFO     | ayumi.blend_launcher | [B5 Health] ticks=38245 tps=2.41 bars=4 signals=0 trades=0 balance=10000.00 uptime=44767s
2026-05-13 08:30:49 | INFO     | ayumi.forward_test | [B5 Periodic] ticks=38342 bars_built=4 signals=0 traded=0 eval_errors=0
2026-05-13 08:30:49 | INFO     | ayumi.blend_launcher | [B5 Health] ticks=38342 tps=2.54 bars=4 signals=0 trades=0 balance=10000.00 uptime=44827s
2026-05-13 08:31:49 | INFO     | ayumi.forward_test | [B5 Periodic] ticks=38416 bars_built=4 signals=0 traded=0 eval_errors=0
2026-05-13 08:31:49 | INFO     | ayumi.blend_launcher | [B5 Health] ticks=38416 tps=1.31 bars=4 signals=0 trades=0 balance=10000.00 uptime=44887s
2026-05-13 08:32:49 | INFO     | ayumi.forward_test | [B5 Periodic] ticks=38477 bars_built=4 signals=0 traded=0 eval_errors=0
2026-05-13 08:32:49 | INFO     | ayumi.blend_launcher | [B5 Health] ticks=38477 tps=1.05 bars=4 signals=0 trades=0 balance=10000.00 uptime=44947s
2026-05-13 08:33:49 | INFO     | ayumi.forward_test | [B5 Periodic] ticks=38527 bars_built=4 signals=0 traded=0 eval_errors=0
2026-05-13 08:33:49 | INFO     | ayumi.blend_launcher | [B5 Health] ticks=38527 tps=1.65 bars=4 signals=0 trades=0 balance=10000.00 uptime=45007s
2026-05-13 08:34:49 | INFO     | ayumi.forward_test | [B5 Periodic] ticks=38586 bars_built=4 signals=0 traded=0 eval_errors=0
2026-05-13 08:34:49 | INFO     | ayumi.blend_launcher | [B5 Health] ticks=38586 tps=1.31 bars=4 signals=0 trades=0 balance=10000.00 uptime=45067s
2026-05-13 08:35:49 | INFO     | ayumi.forward_test | [B5 Periodic] ticks=38630 bars_built=4 signals=0 traded=0 eval_errors=0
2026-05-13 08:35:49 | INFO     | ayumi.blend_launcher | [B5 Health] ticks=38630 tps=1.58 bars=4 signals=0 trades=0 balance=10000.00 uptime=45127s
2026-05-13 08:36:49 | INFO     | ayumi.forward_test | [B5 Periodic] ticks=38693 bars_built=4 signals=0 traded=0 eval_errors=0
2026-05-13 08:36:49 | INFO     | ayumi.blend_launcher | [B5 Health] ticks=38693 tps=1.86 bars=4 signals=0 trades=0 balance=10000.00 uptime=45187s
2026-05-13 08:37:49 | INFO     | ayumi.forward_test | [B5 Periodic] ticks=38746 bars_built=4 signals=0 traded=0 eval_errors=0
2026-05-13 08:37:49 | INFO     | ayumi.blend_launcher | [B5 Health] ticks=38747 tps=0.94 bars=4 signals=0 trades=0 balance=10000.00 uptime=45247s
2026-05-13 08:38:49 | INFO     | ayumi.forward_test | [B5 Periodic] ticks=38810 bars_built=4 signals=0 traded=0 eval_errors=0
2026-05-13 08:38:49 | INFO     | ayumi.blend_launcher | [B5 Health] ticks=38811 tps=1.15 bars=4 signals=0 trades=0 balance=10000.00 uptime=45307s
2026-05-13 08:39:49 | INFO     | ayumi.forward_test | [B5 Periodic] ticks=38895 bars_built=4 signals=0 traded=0 eval_errors=0
2026-05-13 08:39:49 | INFO     | ayumi.blend_launcher | [B5 Health] ticks=38897 tps=1.43 bars=4 signals=0 trades=0 balance=10000.00 uptime=45367s
2026-05-13 08:40:49 | INFO     | ayumi.forward_test | [B5 Periodic] ticks=38969 bars_built=4 signals=0 traded=0 eval_errors=0
2026-05-13 08:40:49 | INFO     | ayumi.blend_launcher | [B5 Health] ticks=38969 tps=1.29 bars=4 signals=0 trades=0 balance=10000.00 uptime=45427s
2026-05-13 08:41:49 | INFO     | ayumi.forward_test | [B5 Periodic] ticks=39051 bars_built=4 signals=0 traded=0 eval_errors=0
2026-05-13 08:41:49 | INFO     | ayumi.blend_launcher | [B5 Health] ticks=39051 tps=1.51 bars=4 signals=0 trades=0 balance=10000.00 uptime=45487s
2026-05-13 08:42:49 | INFO     | ayumi.forward_test | [B5 Periodic] ticks=39111 bars_built=4 signals=0 traded=0 eval_errors=0
2026-05-13 08:42:49 | INFO     | ayumi.blend_launcher | [B5 Health] ticks=39111 tps=1.82 bars=4 signals=0 trades=0 balance=10000.00 uptime=45547s
2026-05-13 08:43:49 | INFO     | ayumi.forward_test | [B5 Periodic] ticks=39195 bars_built=4 signals=0 traded=0 eval_errors=0
2026-05-13 08:43:49 | INFO     | ayumi.blend_launcher | [B5 Health] ticks=39195 tps=2.77 bars=4 signals=0 trades=0 balance=10000.00 uptime=45607s
2026-05-13 08:44:49 | INFO     | ayumi.forward_test | [B5 Periodic] ticks=39251 bars_built=4 signals=0 traded=0 eval_errors=0
2026-05-13 08:44:49 | INFO     | ayumi.blend_launcher | [B5 Health] ticks=39251 tps=2.19 bars=4 signals=0 trades=0 balance=10000.00 uptime=45667s
2026-05-13 08:45:49 | INFO     | ayumi.forward_test | [B5 Periodic] ticks=39325 bars_built=4 signals=0 traded=0 eval_errors=0
2026-05-13 08:45:49 | INFO     | ayumi.blend_launcher | [B5 Health] ticks=39325 tps=1.61 bars=4 signals=0 trades=0 balance=10000.00 uptime=45727s
2026-05-13 08:46:49 | INFO     | ayumi.forward_test | [B5 Periodic] ticks=39383 bars_built=4 signals=0 traded=0 eval_errors=0
2026-05-13 08:46:49 | INFO     | ayumi.blend_launcher | [B5 Health] ticks=39383 tps=1.20 bars=4 signals=0 trades=0 balance=10000.00 uptime=45787s
2026-05-13 08:47:49 | INFO     | ayumi.forward_test | [B5 Periodic] ticks=39485 bars_built=4 signals=0 traded=0 eval_errors=0
2026-05-13 08:47:49 | INFO     | ayumi.blend_launcher | [B5 Health] ticks=39486 tps=1.87 bars=4 signals=0 trades=0 balance=10000.00 uptime=45847s
2026-05-13 08:48:49 | INFO     | ayumi.forward_test | [B5 Periodic] ticks=39561 bars_built=4 signals=0 traded=0 eval_errors=0
2026-05-13 08:48:49 | INFO     | ayumi.blend_launcher | [B5 Health] ticks=39561 tps=1.97 bars=4 signals=0 trades=0 balance=10000.00 uptime=45907s
2026-05-13 08:49:49 | INFO     | ayumi.forward_test | [B5 Periodic] ticks=39658 bars_built=4 signals=0 traded=0 eval_errors=0
2026-05-13 08:49:49 | INFO     | ayumi.blend_launcher | [B5 Health] ticks=39658 tps=2.53 bars=4 signals=0 trades=0 balance=10000.00 uptime=45967s
2026-05-13 08:50:49 | INFO     | ayumi.forward_test | [B5 Periodic] ticks=39758 bars_built=4 signals=0 traded=0 eval_errors=0
2026-05-13 08:50:49 | INFO     | ayumi.blend_launcher | [B5 Health] ticks=39758 tps=1.26 bars=4 signals=0 trades=0 balance=10000.00 uptime=46027s
2026-05-13 08:51:49 | INFO     | ayumi.forward_test | [B5 Periodic] ticks=39845 bars_built=4 signals=0 traded=0 eval_errors=0
2026-05-13 08:51:49 | INFO     | ayumi.blend_launcher | [B5 Health] ticks=39845 tps=2.00 bars=4 signals=0 trades=0 balance=10000.00 uptime=46087s
2026-05-13 08:52:49 | INFO     | ayumi.forward_test | [B5 Periodic] ticks=39923 bars_built=4 signals=0 traded=0 eval_errors=0
2026-05-13 08:52:49 | INFO     | ayumi.blend_launcher | [B5 Health] ticks=39924 tps=1.40 bars=4 signals=0 trades=0 balance=10000.00 uptime=46147s
2026-05-13 08:53:49 | INFO     | ayumi.forward_test | [B5 Periodic] ticks=40002 bars_built=4 signals=0 traded=0 eval_errors=0
2026-05-13 08:53:49 | INFO     | ayumi.blend_launcher | [B5 Health] ticks=40002 tps=1.73 bars=4 signals=0 trades=0 balance=10000.00 uptime=46207s
2026-05-13 08:54:49 | INFO     | ayumi.forward_test | [B5 Periodic] ticks=40083 bars_built=4 signals=0 traded=0 eval_errors=0
2026-05-13 08:54:49 | INFO     | ayumi.blend_launcher | [B5 Health] ticks=40083 tps=1.87 bars=4 signals=0 trades=0 balance=10000.00 uptime=46267s
2026-05-13 08:55:49 | INFO     | ayumi.forward_test | [B5 Periodic] ticks=40250 bars_built=4 signals=0 traded=0 eval_errors=0
2026-05-13 08:55:49 | INFO     | ayumi.blend_launcher | [B5 Health] ticks=40251 tps=3.03 bars=4 signals=0 trades=0 balance=10000.00 uptime=46327s
2026-05-13 08:56:49 | INFO     | ayumi.forward_test | [B5 Periodic] ticks=40396 bars_built=4 signals=0 traded=0 eval_errors=0
2026-05-13 08:56:49 | INFO     | ayumi.blend_launcher | [B5 Health] ticks=40396 tps=1.52 bars=4 signals=0 trades=0 balance=10000.00 uptime=46387s
2026-05-13 08:57:49 | INFO     | ayumi.forward_test | [B5 Periodic] ticks=40465 bars_built=4 signals=0 traded=0 eval_errors=0
2026-05-13 08:57:49 | INFO     | ayumi.blend_launcher | [B5 Health] ticks=40465 tps=1.50 bars=4 signals=0 trades=0 balance=10000.00 uptime=46447s
2026-05-13 08:58:49 | INFO     | ayumi.forward_test | [B5 Periodic] ticks=40534 bars_built=4 signals=0 traded=0 eval_errors=0
2026-05-13 08:58:49 | INFO     | ayumi.blend_launcher | [B5 Health] ticks=40534 tps=1.45 bars=4 signals=0 trades=0 balance=10000.00 uptime=46507s
2026-05-13 08:59:49 | INFO     | ayumi.forward_test | [B5 Periodic] ticks=40598 bars_built=4 signals=0 traded=0 eval_errors=0
2026-05-13 08:59:49 | INFO     | ayumi.blend_launcher | [B5 Health] ticks=40598 tps=1.33 bars=4 signals=0 trades=0 balance=10000.00 uptime=46567s
2026-05-13 09:00:49 | INFO     | ayumi.forward_test | [B5 Periodic] ticks=40662 bars_built=4 signals=0 traded=0 eval_errors=0
2026-05-13 09:00:49 | INFO     | ayumi.blend_launcher | [B5 Health] ticks=40662 tps=1.35 bars=4 signals=0 trades=0 balance=10000.00 uptime=46627s
2026-05-13 09:01:49 | INFO     | ayumi.forward_test | [B5 Periodic] ticks=40750 bars_built=4 signals=0 traded=0 eval_errors=0
2026-05-13 09:01:49 | INFO     | ayumi.blend_launcher | [B5 Health] ticks=40751 tps=2.29 bars=4 signals=0 trades=0 balance=10000.00 uptime=46687s
2026-05-13 09:02:49 | INFO     | ayumi.forward_test | [B5 Periodic] ticks=40885 bars_built=4 signals=0 traded=0 eval_errors=0
2026-05-13 09:02:49 | INFO     | ayumi.blend_launcher | [B5 Health] ticks=40886 tps=2.23 bars=4 signals=0 trades=0 balance=10000.00 uptime=46747s
2026-05-13 09:03:49 | INFO     | ayumi.forward_test | [B5 Periodic] ticks=40952 bars_built=4 signals=0 traded=0 eval_errors=0
2026-05-13 09:03:49 | INFO     | ayumi.blend_launcher | [B5 Health] ticks=40952 tps=1.77 bars=4 signals=0 trades=0 balance=10000.00 uptime=46807s
2026-05-13 09:04:49 | INFO     | ayumi.forward_test | [B5 Periodic] ticks=41022 bars_built=4 signals=0 traded=0 eval_errors=0
2026-05-13 09:04:49 | INFO     | ayumi.blend_launcher | [B5 Health] ticks=41023 tps=1.26 bars=4 signals=0 trades=0 balance=10000.00 uptime=46867s
2026-05-13 09:05:49 | INFO     | ayumi.forward_test | [B5 Periodic] ticks=41105 bars_built=4 signals=0 traded=0 eval_errors=0
2026-05-13 09:05:49 | INFO     | ayumi.blend_launcher | [B5 Health] ticks=41107 tps=1.31 bars=4 signals=0 trades=0 balance=10000.00 uptime=46927s
2026-05-13 09:06:49 | INFO     | ayumi.forward_test | [B5 Periodic] ticks=41178 bars_built=4 signals=0 traded=0 eval_errors=0
2026-05-13 09:06:49 | INFO     | ayumi.blend_launcher | [B5 Health] ticks=41179 tps=1.47 bars=4 signals=0 trades=0 balance=10000.00 uptime=46987s
2026-05-13 09:07:49 | INFO     | ayumi.forward_test | [B5 Periodic] ticks=41249 bars_built=4 signals=0 traded=0 eval_errors=0
2026-05-13 09:07:49 | INFO     | ayumi.blend_launcher | [B5 Health] ticks=41249 tps=1.70 bars=4 signals=0 trades=0 balance=10000.00 uptime=47047s
2026-05-13 09:08:49 | INFO     | ayumi.forward_test | [B5 Periodic] ticks=41333 bars_built=4 signals=0 traded=0 eval_errors=0
2026-05-13 09:08:49 | INFO     | ayumi.blend_launcher | [B5 Health] ticks=41333 tps=1.22 bars=4 signals=0 trades=0 balance=10000.00 uptime=47107s
2026-05-13 09:09:49 | INFO     | ayumi.forward_test | [B5 Periodic] ticks=41410 bars_built=4 signals=0 traded=0 eval_errors=0
2026-05-13 09:09:49 | INFO     | ayumi.blend_launcher | [B5 Health] ticks=41410 tps=1.96 bars=4 signals=0 trades=0 balance=10000.00 uptime=47167s
2026-05-13 09:10:49 | INFO     | ayumi.forward_test | [B5 Periodic] ticks=41478 bars_built=4 signals=0 traded=0 eval_errors=0
2026-05-13 09:10:49 | INFO     | ayumi.blend_launcher | [B5 Health] ticks=41478 tps=0.92 bars=4 signals=0 trades=0 balance=10000.00 uptime=47227s
2026-05-13 09:11:49 | INFO     | ayumi.forward_test | [B5 Periodic] ticks=41559 bars_built=4 signals=0 traded=0 eval_errors=0
2026-05-13 09:11:49 | INFO     | ayumi.blend_launcher | [B5 Health] ticks=41560 tps=1.76 bars=4 signals=0 trades=0 balance=10000.00 uptime=47287s
2026-05-13 09:12:49 | INFO     | ayumi.forward_test | [B5 Periodic] ticks=41664 bars_built=4 signals=0 traded=0 eval_errors=0
2026-05-13 09:12:49 | INFO     | ayumi.blend_launcher | [B5 Health] ticks=41664 tps=1.82 bars=4 signals=0 trades=0 balance=10000.00 uptime=47347s
2026-05-13 09:13:49 | INFO     | ayumi.forward_test | [B5 Periodic] ticks=41729 bars_built=4 signals=0 traded=0 eval_errors=0
2026-05-13 09:13:49 | INFO     | ayumi.blend_launcher | [B5 Health] ticks=41729 tps=1.44 bars=4 signals=0 trades=0 balance=10000.00 uptime=47407s
2026-05-13 09:14:49 | INFO     | ayumi.forward_test | [B5 Periodic] ticks=41788 bars_built=4 signals=0 traded=0 eval_errors=0
2026-05-13 09:14:49 | INFO     | ayumi.blend_launcher | [B5 Health] ticks=41789 tps=1.40 bars=4 signals=0 trades=0 balance=10000.00 uptime=47467s
2026-05-13 09:15:49 | INFO     | ayumi.forward_test | [B5 Periodic] ticks=41868 bars_built=4 signals=0 traded=0 eval_errors=0
2026-05-13 09:15:49 | INFO     | ayumi.blend_launcher | [B5 Health] ticks=41869 tps=1.86 bars=4 signals=0 trades=0 balance=10000.00 uptime=47527s
2026-05-13 09:16:49 | INFO     | ayumi.forward_test | [B5 Periodic] ticks=41940 bars_built=4 signals=0 traded=0 eval_errors=0
2026-05-13 09:16:49 | INFO     | ayumi.blend_launcher | [B5 Health] ticks=41940 tps=2.02 bars=4 signals=0 trades=0 balance=10000.00 uptime=47587s
2026-05-13 09:17:49 | INFO     | ayumi.forward_test | [B5 Periodic] ticks=42028 bars_built=4 signals=0 traded=0 eval_errors=0
2026-05-13 09:17:49 | INFO     | ayumi.blend_launcher | [B5 Health] ticks=42030 tps=2.40 bars=4 signals=0 trades=0 balance=10000.00 uptime=47647s
2026-05-13 09:18:49 | INFO     | ayumi.forward_test | [B5 Periodic] ticks=42156 bars_built=4 signals=0 traded=0 eval_errors=0
2026-05-13 09:18:49 | INFO     | ayumi.blend_launcher | [B5 Health] ticks=42156 tps=2.36 bars=4 signals=0 trades=0 balance=10000.00 uptime=47707s
2026-05-13 09:19:49 | INFO     | ayumi.forward_test | [B5 Periodic] ticks=42236 bars_built=4 signals=0 traded=0 eval_errors=0
2026-05-13 09:19:49 | INFO     | ayumi.blend_launcher | [B5 Health] ticks=42236 tps=1.21 bars=4 signals=0 trades=0 balance=10000.00 uptime=47767s
2026-05-13 09:20:49 | INFO     | ayumi.forward_test | [B5 Periodic] ticks=42307 bars_built=4 signals=0 traded=0 eval_errors=0
2026-05-13 09:20:49 | INFO     | ayumi.blend_launcher | [B5 Health] ticks=42308 tps=1.51 bars=4 signals=0 trades=0 balance=10000.00 uptime=47827s
2026-05-13 09:21:49 | INFO     | ayumi.forward_test | [B5 Periodic] ticks=42378 bars_built=4 signals=0 traded=0 eval_errors=0
2026-05-13 09:21:49 | INFO     | ayumi.blend_launcher | [B5 Health] ticks=42378 tps=1.48 bars=4 signals=0 trades=0 balance=10000.00 uptime=47887s
2026-05-13 09:22:49 | INFO     | ayumi.forward_test | [B5 Periodic] ticks=42435 bars_built=4 signals=0 traded=0 eval_errors=0
2026-05-13 09:22:50 | INFO     | ayumi.blend_launcher | [B5 Health] ticks=42437 tps=2.07 bars=4 signals=0 trades=0 balance=10000.00 uptime=47947s
2026-05-13 09:23:49 | INFO     | ayumi.forward_test | [B5 Periodic] ticks=42507 bars_built=4 signals=0 traded=0 eval_errors=0
2026-05-13 09:23:50 | INFO     | ayumi.blend_launcher | [B5 Health] ticks=42509 tps=1.01 bars=4 signals=0 trades=0 balance=10000.00 uptime=48007s
2026-05-13 09:24:49 | INFO     | ayumi.forward_test | [B5 Periodic] ticks=42601 bars_built=4 signals=0 traded=0 eval_errors=0
2026-05-13 09:24:50 | INFO     | ayumi.blend_launcher | [B5 Health] ticks=42603 tps=2.18 bars=4 signals=0 trades=0 balance=10000.00 uptime=48067s
2026-05-13 09:25:49 | INFO     | ayumi.forward_test | [B5 Periodic] ticks=42658 bars_built=4 signals=0 traded=0 eval_errors=0
2026-05-13 09:25:50 | INFO     | ayumi.blend_launcher | [B5 Health] ticks=42658 tps=1.50 bars=4 signals=0 trades=0 balance=10000.00 uptime=48127s
2026-05-13 09:26:49 | INFO     | ayumi.forward_test | [B5 Periodic] ticks=42726 bars_built=4 signals=0 traded=0 eval_errors=0
2026-05-13 09:26:50 | INFO     | ayumi.blend_launcher | [B5 Health] ticks=42726 tps=1.08 bars=4 signals=0 trades=0 balance=10000.00 uptime=48187s
2026-05-13 09:27:49 | INFO     | ayumi.forward_test | [B5 Periodic] ticks=42780 bars_built=4 signals=0 traded=0 eval_errors=0
2026-05-13 09:27:50 | INFO     | ayumi.blend_launcher | [B5 Health] ticks=42780 tps=1.08 bars=4 signals=0 trades=0 balance=10000.00 uptime=48247s
2026-05-13 09:28:49 | INFO     | ayumi.forward_test | [B5 Periodic] ticks=42831 bars_built=4 signals=0 traded=0 eval_errors=0
2026-05-13 09:28:50 | INFO     | ayumi.blend_launcher | [B5 Health] ticks=42832 tps=0.64 bars=4 signals=0 trades=0 balance=10000.00 uptime=48307s
2026-05-13 09:29:49 | INFO     | ayumi.forward_test | [B5 Periodic] ticks=42913 bars_built=4 signals=0 traded=0 eval_errors=0
2026-05-13 09:29:50 | INFO     | ayumi.blend_launcher | [B5 Health] ticks=42913 tps=1.68 bars=4 signals=0 trades=0 balance=10000.00 uptime=48367s
2026-05-13 09:30:49 | INFO     | ayumi.forward_test | [B5 Periodic] ticks=43021 bars_built=4 signals=0 traded=0 eval_errors=0
2026-05-13 09:30:50 | INFO     | ayumi.blend_launcher | [B5 Health] ticks=43022 tps=1.67 bars=4 signals=0 trades=0 balance=10000.00 uptime=48427s
2026-05-13 09:31:49 | INFO     | ayumi.forward_test | [B5 Periodic] ticks=43108 bars_built=4 signals=0 traded=0 eval_errors=0
2026-05-13 09:31:50 | INFO     | ayumi.blend_launcher | [B5 Health] ticks=43109 tps=1.92 bars=4 signals=0 trades=0 balance=10000.00 uptime=48487s
2026-05-13 09:32:49 | INFO     | ayumi.forward_test | [B5 Periodic] ticks=43183 bars_built=4 signals=0 traded=0 eval_errors=0
2026-05-13 09:32:50 | INFO     | ayumi.blend_launcher | [B5 Health] ticks=43187 tps=2.31 bars=4 signals=0 trades=0 balance=10000.00 uptime=48547s
2026-05-13 09:33:49 | INFO     | ayumi.forward_test | [B5 Periodic] ticks=43270 bars_built=4 signals=0 traded=0 eval_errors=0
2026-05-13 09:33:50 | INFO     | ayumi.blend_launcher | [B5 Health] ticks=43271 tps=1.70 bars=4 signals=0 trades=0 balance=10000.00 uptime=48607s
2026-05-13 09:34:49 | INFO     | ayumi.forward_test | [B5 Periodic] ticks=43353 bars_built=4 signals=0 traded=0 eval_errors=0
2026-05-13 09:34:50 | INFO     | ayumi.blend_launcher | [B5 Health] ticks=43353 tps=1.64 bars=4 signals=0 trades=0 balance=10000.00 uptime=48667s
2026-05-13 09:35:49 | INFO     | ayumi.forward_test | [B5 Periodic] ticks=43451 bars_built=4 signals=0 traded=0 eval_errors=0
2026-05-13 09:35:50 | INFO     | ayumi.blend_launcher | [B5 Health] ticks=43453 tps=1.37 bars=4 signals=0 trades=0 balance=10000.00 uptime=48727s
2026-05-13 09:36:49 | INFO     | ayumi.forward_test | [B5 Periodic] ticks=43576 bars_built=4 signals=0 traded=0 eval_errors=0
2026-05-13 09:36:50 | INFO     | ayumi.blend_launcher | [B5 Health] ticks=43577 tps=1.46 bars=4 signals=0 trades=0 balance=10000.00 uptime=48787s
2026-05-13 09:37:49 | INFO     | ayumi.forward_test | [B5 Periodic] ticks=43664 bars_built=4 signals=0 traded=0 eval_errors=0
2026-05-13 09:37:50 | INFO     | ayumi.blend_launcher | [B5 Health] ticks=43664 tps=1.82 bars=4 signals=0 trades=0 balance=10000.00 uptime=48847s
2026-05-13 09:38:49 | INFO     | ayumi.forward_test | [B5 Periodic] ticks=43709 bars_built=4 signals=0 traded=0 eval_errors=0
2026-05-13 09:38:50 | INFO     | ayumi.blend_launcher | [B5 Health] ticks=43710 tps=0.55 bars=4 signals=0 trades=0 balance=10000.00 uptime=48907s
2026-05-13 09:39:49 | INFO     | ayumi.forward_test | [B5 Periodic] ticks=43771 bars_built=4 signals=0 traded=0 eval_errors=0
2026-05-13 09:39:50 | INFO     | ayumi.blend_launcher | [B5 Health] ticks=43771 tps=1.34 bars=4 signals=0 trades=0 balance=10000.00 uptime=48967s
2026-05-13 09:40:49 | INFO     | ayumi.forward_test | [B5 Periodic] ticks=43838 bars_built=4 signals=0 traded=0 eval_errors=0
2026-05-13 09:40:50 | INFO     | ayumi.blend_launcher | [B5 Health] ticks=43838 tps=1.22 bars=4 signals=0 trades=0 balance=10000.00 uptime=49027s
2026-05-13 09:41:49 | INFO     | ayumi.forward_test | [B5 Periodic] ticks=43887 bars_built=4 signals=0 traded=0 eval_errors=0
2026-05-13 09:41:50 | INFO     | ayumi.blend_launcher | [B5 Health] ticks=43888 tps=1.22 bars=4 signals=0 trades=0 balance=10000.00 uptime=49087s
2026-05-13 09:42:49 | INFO     | ayumi.forward_test | [B5 Periodic] ticks=43945 bars_built=4 signals=0 traded=0 eval_errors=0
2026-05-13 09:42:50 | INFO     | ayumi.blend_launcher | [B5 Health] ticks=43945 tps=0.92 bars=4 signals=0 trades=0 balance=10000.00 uptime=49147s
2026-05-13 09:43:49 | INFO     | ayumi.forward_test | [B5 Periodic] ticks=43986 bars_built=4 signals=0 traded=0 eval_errors=0
2026-05-13 09:43:50 | INFO     | ayumi.blend_launcher | [B5 Health] ticks=43986 tps=0.79 bars=4 signals=0 trades=0 balance=10000.00 uptime=49207s
2026-05-13 09:44:49 | INFO     | ayumi.forward_test | [B5 Periodic] ticks=44042 bars_built=4 signals=0 traded=0 eval_errors=0
2026-05-13 09:44:50 | INFO     | ayumi.blend_launcher | [B5 Health] ticks=44042 tps=1.00 bars=4 signals=0 trades=0 balance=10000.00 uptime=49267s
2026-05-13 09:45:49 | INFO     | ayumi.forward_test | [B5 Periodic] ticks=44103 bars_built=4 signals=0 traded=0 eval_errors=0
2026-05-13 09:45:50 | INFO     | ayumi.blend_launcher | [B5 Health] ticks=44104 tps=1.50 bars=4 signals=0 trades=0 balance=10000.00 uptime=49327s
2026-05-13 09:46:49 | INFO     | ayumi.forward_test | [B5 Periodic] ticks=44169 bars_built=4 signals=0 traded=0 eval_errors=0
2026-05-13 09:46:50 | INFO     | ayumi.blend_launcher | [B5 Health] ticks=44169 tps=1.44 bars=4 signals=0 trades=0 balance=10000.00 uptime=49387s
2026-05-13 09:47:49 | INFO     | ayumi.forward_test | [B5 Periodic] ticks=44216 bars_built=4 signals=0 traded=0 eval_errors=0
2026-05-13 09:47:50 | INFO     | ayumi.blend_launcher | [B5 Health] ticks=44218 tps=1.73 bars=4 signals=0 trades=0 balance=10000.00 uptime=49447s
2026-05-13 09:48:49 | INFO     | ayumi.forward_test | [B5 Periodic] ticks=44277 bars_built=4 signals=0 traded=0 eval_errors=0
2026-05-13 09:48:50 | INFO     | ayumi.blend_launcher | [B5 Health] ticks=44277 tps=0.83 bars=4 signals=0 trades=0 balance=10000.00 uptime=49508s
2026-05-13 09:49:49 | INFO     | ayumi.forward_test | [B5 Periodic] ticks=44333 bars_built=4 signals=0 traded=0 eval_errors=0
2026-05-13 09:49:50 | INFO     | ayumi.blend_launcher | [B5 Health] ticks=44334 tps=1.17 bars=4 signals=0 trades=0 balance=10000.00 uptime=49568s
2026-05-13 09:50:49 | INFO     | ayumi.forward_test | [B5 Periodic] ticks=44398 bars_built=4 signals=0 traded=0 eval_errors=0
2026-05-13 09:50:50 | INFO     | ayumi.blend_launcher | [B5 Health] ticks=44399 tps=1.51 bars=4 signals=0 trades=0 balance=10000.00 uptime=49628s
2026-05-13 09:51:49 | INFO     | ayumi.forward_test | [B5 Periodic] ticks=44489 bars_built=4 signals=0 traded=0 eval_errors=0
2026-05-13 09:51:50 | INFO     | ayumi.blend_launcher | [B5 Health] ticks=44490 tps=2.28 bars=4 signals=0 trades=0 balance=10000.00 uptime=49688s
2026-05-13 09:52:49 | INFO     | ayumi.forward_test | [B5 Periodic] ticks=44558 bars_built=4 signals=0 traded=0 eval_errors=0
2026-05-13 09:52:50 | INFO     | ayumi.blend_launcher | [B5 Health] ticks=44558 tps=2.30 bars=4 signals=0 trades=0 balance=10000.00 uptime=49748s
2026-05-13 09:53:49 | INFO     | ayumi.forward_test | [B5 Periodic] ticks=44624 bars_built=4 signals=0 traded=0 eval_errors=0
2026-05-13 09:53:50 | INFO     | ayumi.blend_launcher | [B5 Health] ticks=44626 tps=1.44 bars=4 signals=0 trades=0 balance=10000.00 uptime=49808s
2026-05-13 09:54:49 | INFO     | ayumi.forward_test | [B5 Periodic] ticks=44690 bars_built=4 signals=0 traded=0 eval_errors=0
2026-05-13 09:54:50 | INFO     | ayumi.blend_launcher | [B5 Health] ticks=44695 tps=1.39 bars=4 signals=0 trades=0 balance=10000.00 uptime=49868s
2026-05-13 09:55:49 | INFO     | ayumi.forward_test | [B5 Periodic] ticks=44779 bars_built=4 signals=0 traded=0 eval_errors=0
2026-05-13 09:55:50 | INFO     | ayumi.blend_launcher | [B5 Health] ticks=44783 tps=2.02 bars=4 signals=0 trades=0 balance=10000.00 uptime=49928s
2026-05-13 09:56:49 | INFO     | ayumi.forward_test | [B5 Periodic] ticks=44854 bars_built=4 signals=0 traded=0 eval_errors=0
2026-05-13 09:56:50 | INFO     | ayumi.blend_launcher | [B5 Health] ticks=44854 tps=0.70 bars=4 signals=0 trades=0 balance=10000.00 uptime=49988s
2026-05-13 09:57:49 | INFO     | ayumi.forward_test | [B5 Periodic] ticks=44940 bars_built=4 signals=0 traded=0 eval_errors=0
2026-05-13 09:57:50 | INFO     | ayumi.blend_launcher | [B5 Health] ticks=44942 tps=1.85 bars=4 signals=0 trades=0 balance=10000.00 uptime=50048s
2026-05-13 09:58:49 | INFO     | ayumi.forward_test | [B5 Periodic] ticks=45021 bars_built=4 signals=0 traded=0 eval_errors=0
2026-05-13 09:58:50 | INFO     | ayumi.blend_launcher | [B5 Health] ticks=45023 tps=1.83 bars=4 signals=0 trades=0 balance=10000.00 uptime=50108s
2026-05-13 09:59:49 | INFO     | ayumi.forward_test | [B5 Periodic] ticks=45126 bars_built=4 signals=0 traded=0 eval_errors=0
2026-05-13 09:59:50 | INFO     | ayumi.blend_launcher | [B5 Health] ticks=45127 tps=1.69 bars=4 signals=0 trades=0 balance=10000.00 uptime=50168s
2026-05-13 10:00:49 | INFO     | ayumi.forward_test | [B5 Periodic] ticks=45224 bars_built=4 signals=0 traded=0 eval_errors=0
2026-05-13 10:00:50 | INFO     | ayumi.blend_launcher | [B5 Health] ticks=45225 tps=2.53 bars=4 signals=0 trades=0 balance=10000.00 uptime=50228s
2026-05-13 10:01:49 | INFO     | ayumi.forward_test | [B5 Periodic] ticks=45324 bars_built=4 signals=0 traded=0 eval_errors=0
2026-05-13 10:01:50 | INFO     | ayumi.blend_launcher | [B5 Health] ticks=45325 tps=1.53 bars=4 signals=0 trades=0 balance=10000.00 uptime=50288s
2026-05-13 10:02:49 | INFO     | ayumi.forward_test | [B5 Periodic] ticks=45382 bars_built=4 signals=0 traded=0 eval_errors=0
2026-05-13 10:02:50 | INFO     | ayumi.blend_launcher | [B5 Health] ticks=45383 tps=1.18 bars=4 signals=0 trades=0 balance=10000.00 uptime=50348s
2026-05-13 10:03:49 | INFO     | ayumi.forward_test | [B5 Periodic] ticks=45458 bars_built=4 signals=0 traded=0 eval_errors=0
2026-05-13 10:03:50 | INFO     | ayumi.blend_launcher | [B5 Health] ticks=45458 tps=1.53 bars=4 signals=0 trades=0 balance=10000.00 uptime=50408s
2026-05-13 10:04:49 | INFO     | ayumi.forward_test | [B5 Periodic] ticks=45522 bars_built=4 signals=0 traded=0 eval_errors=0
2026-05-13 10:04:50 | INFO     | ayumi.blend_launcher | [B5 Health] ticks=45523 tps=0.94 bars=4 signals=0 trades=0 balance=10000.00 uptime=50468s
2026-05-13 10:05:49 | INFO     | ayumi.forward_test | [B5 Periodic] ticks=45612 bars_built=4 signals=0 traded=0 eval_errors=0
2026-05-13 10:05:50 | INFO     | ayumi.blend_launcher | [B5 Health] ticks=45614 tps=1.41 bars=4 signals=0 trades=0 balance=10000.00 uptime=50528s
2026-05-13 10:06:49 | INFO     | ayumi.forward_test | [B5 Periodic] ticks=45692 bars_built=4 signals=0 traded=0 eval_errors=0
2026-05-13 10:06:50 | INFO     | ayumi.blend_launcher | [B5 Health] ticks=45695 tps=1.83 bars=4 signals=0 trades=0 balance=10000.00 uptime=50588s
2026-05-13 10:07:49 | INFO     | ayumi.forward_test | [B5 Periodic] ticks=45754 bars_built=4 signals=0 traded=0 eval_errors=0
2026-05-13 10:07:50 | INFO     | ayumi.blend_launcher | [B5 Health] ticks=45754 tps=0.73 bars=4 signals=0 trades=0 balance=10000.00 uptime=50648s
2026-05-13 10:08:49 | INFO     | ayumi.forward_test | [B5 Periodic] ticks=45810 bars_built=4 signals=0 traded=0 eval_errors=0
2026-05-13 10:08:50 | INFO     | ayumi.blend_launcher | [B5 Health] ticks=45811 tps=0.72 bars=4 signals=0 trades=0 balance=10000.00 uptime=50708s
2026-05-13 10:09:49 | INFO     | ayumi.forward_test | [B5 Periodic] ticks=45862 bars_built=4 signals=0 traded=0 eval_errors=0
2026-05-13 10:09:50 | INFO     | ayumi.blend_launcher | [B5 Health] ticks=45864 tps=0.71 bars=4 signals=0 trades=0 balance=10000.00 uptime=50768s
2026-05-13 10:10:49 | INFO     | ayumi.forward_test | [B5 Periodic] ticks=45964 bars_built=4 signals=0 traded=0 eval_errors=0
2026-05-13 10:10:50 | INFO     | ayumi.blend_launcher | [B5 Health] ticks=45965 tps=3.78 bars=4 signals=0 trades=0 balance=10000.00 uptime=50828s
2026-05-13 10:11:49 | INFO     | ayumi.forward_test | [B5 Periodic] ticks=46116 bars_built=4 signals=0 traded=0 eval_errors=0
2026-05-13 10:11:50 | INFO     | ayumi.blend_launcher | [B5 Health] ticks=46120 tps=2.23 bars=4 signals=0 trades=0 balance=10000.00 uptime=50888s
2026-05-13 10:12:49 | INFO     | ayumi.forward_test | [B5 Periodic] ticks=46336 bars_built=4 signals=0 traded=0 eval_errors=0
2026-05-13 10:12:50 | INFO     | ayumi.blend_launcher | [B5 Health] ticks=46340 tps=5.10 bars=4 signals=0 trades=0 balance=10000.00 uptime=50948s
2026-05-13 10:13:49 | INFO     | ayumi.forward_test | [B5 Periodic] ticks=46553 bars_built=4 signals=0 traded=0 eval_errors=0
2026-05-13 10:13:50 | INFO     | ayumi.blend_launcher | [B5 Health] ticks=46554 tps=2.95 bars=4 signals=0 trades=0 balance=10000.00 uptime=51008s
2026-05-13 10:14:49 | INFO     | ayumi.forward_test | [B5 Periodic] ticks=46705 bars_built=4 signals=0 traded=0 eval_errors=0
2026-05-13 10:14:50 | INFO     | ayumi.blend_launcher | [B5 Health] ticks=46705 tps=2.66 bars=4 signals=0 trades=0 balance=10000.00 uptime=51068s
2026-05-13 10:15:49 | INFO     | ayumi.forward_test | [B5 Periodic] ticks=46824 bars_built=4 signals=0 traded=0 eval_errors=0
2026-05-13 10:15:50 | INFO     | ayumi.blend_launcher | [B5 Health] ticks=46827 tps=2.07 bars=4 signals=0 trades=0 balance=10000.00 uptime=51128s
2026-05-13 10:16:49 | INFO     | ayumi.forward_test | [B5 Periodic] ticks=46934 bars_built=4 signals=0 traded=0 eval_errors=0
2026-05-13 10:16:50 | INFO     | ayumi.blend_launcher | [B5 Health] ticks=46936 tps=2.22 bars=4 signals=0 trades=0 balance=10000.00 uptime=51188s
2026-05-13 10:17:49 | INFO     | ayumi.forward_test | [B5 Periodic] ticks=47043 bars_built=4 signals=0 traded=0 eval_errors=0
2026-05-13 10:17:50 | INFO     | ayumi.blend_launcher | [B5 Health] ticks=47045 tps=2.35 bars=4 signals=0 trades=0 balance=10000.00 uptime=51248s
2026-05-13 10:18:49 | INFO     | ayumi.forward_test | [B5 Periodic] ticks=47129 bars_built=4 signals=0 traded=0 eval_errors=0
2026-05-13 10:18:50 | INFO     | ayumi.blend_launcher | [B5 Health] ticks=47130 tps=1.60 bars=4 signals=0 trades=0 balance=10000.00 uptime=51308s
2026-05-13 10:19:49 | INFO     | ayumi.forward_test | [B5 Periodic] ticks=47210 bars_built=4 signals=0 traded=0 eval_errors=0
2026-05-13 10:19:50 | INFO     | ayumi.blend_launcher | [B5 Health] ticks=47211 tps=1.11 bars=4 signals=0 trades=0 balance=10000.00 uptime=51368s
2026-05-13 10:20:49 | INFO     | ayumi.forward_test | [B5 Periodic] ticks=47292 bars_built=4 signals=0 traded=0 eval_errors=0
2026-05-13 10:20:50 | INFO     | ayumi.blend_launcher | [B5 Health] ticks=47295 tps=2.52 bars=4 signals=0 trades=0 balance=10000.00 uptime=51428s
2026-05-13 10:21:49 | INFO     | ayumi.forward_test | [B5 Periodic] ticks=47413 bars_built=4 signals=0 traded=0 eval_errors=0
2026-05-13 10:21:50 | INFO     | ayumi.blend_launcher | [B5 Health] ticks=47418 tps=2.49 bars=4 signals=0 trades=0 balance=10000.00 uptime=51488s
2026-05-13 10:22:49 | INFO     | ayumi.forward_test | [B5 Periodic] ticks=47575 bars_built=4 signals=0 traded=0 eval_errors=0
2026-05-13 10:22:50 | INFO     | ayumi.blend_launcher | [B5 Health] ticks=47577 tps=1.48 bars=4 signals=0 trades=0 balance=10000.00 uptime=51548s
2026-05-13 10:23:49 | INFO     | ayumi.forward_test | [B5 Periodic] ticks=47651 bars_built=4 signals=0 traded=0 eval_errors=0
2026-05-13 10:23:50 | INFO     | ayumi.blend_launcher | [B5 Health] ticks=47654 tps=1.55 bars=4 signals=0 trades=0 balance=10000.00 uptime=51608s
2026-05-13 10:24:49 | INFO     | ayumi.forward_test | [B5 Periodic] ticks=47764 bars_built=4 signals=0 traded=0 eval_errors=0
2026-05-13 10:24:50 | INFO     | ayumi.blend_launcher | [B5 Health] ticks=47765 tps=1.32 bars=4 signals=0 trades=0 balance=10000.00 uptime=51668s
2026-05-13 10:25:49 | INFO     | ayumi.forward_test | [B5 Periodic] ticks=47868 bars_built=4 signals=0 traded=0 eval_errors=0
2026-05-13 10:25:50 | INFO     | ayumi.blend_launcher | [B5 Health] ticks=47869 tps=1.56 bars=4 signals=0 trades=0 balance=10000.00 uptime=51728s
2026-05-13 10:26:49 | INFO     | ayumi.forward_test | [B5 Periodic] ticks=47962 bars_built=4 signals=0 traded=0 eval_errors=0
2026-05-13 10:26:50 | INFO     | ayumi.blend_launcher | [B5 Health] ticks=47965 tps=2.12 bars=4 signals=0 trades=0 balance=10000.00 uptime=51788s
2026-05-13 10:27:49 | INFO     | ayumi.forward_test | [B5 Periodic] ticks=48066 bars_built=4 signals=0 traded=0 eval_errors=0
2026-05-13 10:27:50 | INFO     | ayumi.blend_launcher | [B5 Health] ticks=48067 tps=2.01 bars=4 signals=0 trades=0 balance=10000.00 uptime=51848s
2026-05-13 10:28:49 | INFO     | ayumi.forward_test | [B5 Periodic] ticks=48139 bars_built=4 signals=0 traded=0 eval_errors=0
2026-05-13 10:28:50 | INFO     | ayumi.blend_launcher | [B5 Health] ticks=48139 tps=1.20 bars=4 signals=0 trades=0 balance=10000.00 uptime=51908s
2026-05-13 10:29:49 | INFO     | ayumi.forward_test | [B5 Periodic] ticks=48202 bars_built=4 signals=0 traded=0 eval_errors=0
2026-05-13 10:29:50 | INFO     | ayumi.blend_launcher | [B5 Health] ticks=48203 tps=1.22 bars=4 signals=0 trades=0 balance=10000.00 uptime=51968s
2026-05-13 10:30:49 | INFO     | ayumi.forward_test | [B5 Periodic] ticks=48283 bars_built=4 signals=0 traded=0 eval_errors=0
2026-05-13 10:30:50 | INFO     | ayumi.blend_launcher | [B5 Health] ticks=48285 tps=1.54 bars=4 signals=0 trades=0 balance=10000.00 uptime=52028s
2026-05-13 10:31:49 | INFO     | ayumi.forward_test | [B5 Periodic] ticks=48375 bars_built=4 signals=0 traded=0 eval_errors=0
2026-05-13 10:31:50 | INFO     | ayumi.blend_launcher | [B5 Health] ticks=48376 tps=1.60 bars=4 signals=0 trades=0 balance=10000.00 uptime=52088s
2026-05-13 10:32:49 | INFO     | ayumi.forward_test | [B5 Periodic] ticks=48428 bars_built=4 signals=0 traded=0 eval_errors=0
2026-05-13 10:32:50 | INFO     | ayumi.blend_launcher | [B5 Health] ticks=48429 tps=1.16 bars=4 signals=0 trades=0 balance=10000.00 uptime=52148s
2026-05-13 10:33:49 | INFO     | ayumi.forward_test | [B5 Periodic] ticks=48493 bars_built=4 signals=0 traded=0 eval_errors=0
2026-05-13 10:33:50 | INFO     | ayumi.blend_launcher | [B5 Health] ticks=48495 tps=1.10 bars=4 signals=0 trades=0 balance=10000.00 uptime=52208s
2026-05-13 10:34:49 | INFO     | ayumi.forward_test | [B5 Periodic] ticks=48539 bars_built=4 signals=0 traded=0 eval_errors=0
2026-05-13 10:34:50 | INFO     | ayumi.blend_launcher | [B5 Health] ticks=48540 tps=0.71 bars=4 signals=0 trades=0 balance=10000.00 uptime=52268s
2026-05-13 10:35:49 | INFO     | ayumi.forward_test | [B5 Periodic] ticks=48618 bars_built=4 signals=0 traded=0 eval_errors=0
2026-05-13 10:35:50 | INFO     | ayumi.blend_launcher | [B5 Health] ticks=48620 tps=1.48 bars=4 signals=0 trades=0 balance=10000.00 uptime=52328s
2026-05-13 10:36:49 | INFO     | ayumi.forward_test | [B5 Periodic] ticks=48673 bars_built=4 signals=0 traded=0 eval_errors=0
2026-05-13 10:36:50 | INFO     | ayumi.blend_launcher | [B5 Health] ticks=48676 tps=1.12 bars=4 signals=0 trades=0 balance=10000.00 uptime=52388s
2026-05-13 10:37:49 | INFO     | ayumi.forward_test | [B5 Periodic] ticks=48738 bars_built=4 signals=0 traded=0 eval_errors=0
2026-05-13 10:37:50 | INFO     | ayumi.blend_launcher | [B5 Health] ticks=48739 tps=1.07 bars=4 signals=0 trades=0 balance=10000.00 uptime=52448s
2026-05-13 10:38:49 | INFO     | ayumi.forward_test | [B5 Periodic] ticks=48799 bars_built=4 signals=0 traded=0 eval_errors=0
2026-05-13 10:38:50 | INFO     | ayumi.blend_launcher | [B5 Health] ticks=48800 tps=1.00 bars=4 signals=0 trades=0 balance=10000.00 uptime=52508s
2026-05-13 10:39:49 | INFO     | ayumi.forward_test | [B5 Periodic] ticks=48868 bars_built=4 signals=0 traded=0 eval_errors=0
2026-05-13 10:39:50 | INFO     | ayumi.blend_launcher | [B5 Health] ticks=48868 tps=1.23 bars=4 signals=0 trades=0 balance=10000.00 uptime=52568s
2026-05-13 10:40:49 | INFO     | ayumi.forward_test | [B5 Periodic] ticks=48945 bars_built=4 signals=0 traded=0 eval_errors=0
2026-05-13 10:40:50 | INFO     | ayumi.blend_launcher | [B5 Health] ticks=48946 tps=1.99 bars=4 signals=0 trades=0 balance=10000.00 uptime=52628s
2026-05-13 10:41:49 | INFO     | ayumi.forward_test | [B5 Periodic] ticks=49012 bars_built=4 signals=0 traded=0 eval_errors=0
2026-05-13 10:41:50 | INFO     | ayumi.blend_launcher | [B5 Health] ticks=49016 tps=1.24 bars=4 signals=0 trades=0 balance=10000.00 uptime=52688s
2026-05-13 10:42:49 | INFO     | ayumi.forward_test | [B5 Periodic] ticks=49081 bars_built=4 signals=0 traded=0 eval_errors=0
2026-05-13 10:42:50 | INFO     | ayumi.blend_launcher | [B5 Health] ticks=49085 tps=2.04 bars=4 signals=0 trades=0 balance=10000.00 uptime=52748s
2026-05-13 10:43:49 | INFO     | ayumi.forward_test | [B5 Periodic] ticks=49160 bars_built=4 signals=0 traded=0 eval_errors=0
2026-05-13 10:43:50 | INFO     | ayumi.blend_launcher | [B5 Health] ticks=49164 tps=2.17 bars=4 signals=0 trades=0 balance=10000.00 uptime=52808s
2026-05-13 10:44:49 | INFO     | ayumi.forward_test | [B5 Periodic] ticks=49238 bars_built=4 signals=0 traded=0 eval_errors=0
2026-05-13 10:44:50 | INFO     | ayumi.blend_launcher | [B5 Health] ticks=49241 tps=1.73 bars=4 signals=0 trades=0 balance=10000.00 uptime=52868s
2026-05-13 10:45:49 | INFO     | ayumi.forward_test | [B5 Periodic] ticks=49328 bars_built=4 signals=0 traded=0 eval_errors=0
2026-05-13 10:45:50 | INFO     | ayumi.blend_launcher | [B5 Health] ticks=49328 tps=2.84 bars=4 signals=0 trades=0 balance=10000.00 uptime=52928s
2026-05-13 10:46:49 | INFO     | ayumi.forward_test | [B5 Periodic] ticks=49381 bars_built=4 signals=0 traded=0 eval_errors=0
2026-05-13 10:46:50 | INFO     | ayumi.blend_launcher | [B5 Health] ticks=49381 tps=0.98 bars=4 signals=0 trades=0 balance=10000.00 uptime=52988s
2026-05-13 10:47:49 | INFO     | ayumi.forward_test | [B5 Periodic] ticks=49440 bars_built=4 signals=0 traded=0 eval_errors=0
2026-05-13 10:47:50 | INFO     | ayumi.blend_launcher | [B5 Health] ticks=49441 tps=1.12 bars=4 signals=0 trades=0 balance=10000.00 uptime=53048s
2026-05-13 10:48:49 | INFO     | ayumi.forward_test | [B5 Periodic] ticks=49526 bars_built=4 signals=0 traded=0 eval_errors=0
2026-05-13 10:48:50 | INFO     | ayumi.blend_launcher | [B5 Health] ticks=49526 tps=1.92 bars=4 signals=0 trades=0 balance=10000.00 uptime=53108s
2026-05-13 10:49:49 | INFO     | ayumi.forward_test | [B5 Periodic] ticks=49613 bars_built=4 signals=0 traded=0 eval_errors=0
2026-05-13 10:49:50 | INFO     | ayumi.blend_launcher | [B5 Health] ticks=49614 tps=1.90 bars=4 signals=0 trades=0 balance=10000.00 uptime=53168s
2026-05-13 10:50:49 | INFO     | ayumi.forward_test | [B5 Periodic] ticks=49695 bars_built=4 signals=0 traded=0 eval_errors=0
2026-05-13 10:50:50 | INFO     | ayumi.blend_launcher | [B5 Health] ticks=49696 tps=1.01 bars=4 signals=0 trades=0 balance=10000.00 uptime=53228s
2026-05-13 10:51:49 | INFO     | ayumi.forward_test | [B5 Periodic] ticks=49772 bars_built=4 signals=0 traded=0 eval_errors=0
2026-05-13 10:51:50 | INFO     | ayumi.blend_launcher | [B5 Health] ticks=49773 tps=2.04 bars=4 signals=0 trades=0 balance=10000.00 uptime=53288s
2026-05-13 10:52:49 | INFO     | ayumi.forward_test | [B5 Periodic] ticks=49832 bars_built=4 signals=0 traded=0 eval_errors=0
2026-05-13 10:52:50 | INFO     | ayumi.blend_launcher | [B5 Health] ticks=49832 tps=0.93 bars=4 signals=0 trades=0 balance=10000.00 uptime=53348s
2026-05-13 10:53:49 | INFO     | ayumi.forward_test | [B5 Periodic] ticks=49907 bars_built=4 signals=0 traded=0 eval_errors=0
2026-05-13 10:53:51 | INFO     | ayumi.blend_launcher | [B5 Health] ticks=49908 tps=1.44 bars=4 signals=0 trades=0 balance=10000.00 uptime=53408s
2026-05-13 10:54:49 | INFO     | ayumi.forward_test | [B5 Periodic] ticks=49987 bars_built=4 signals=0 traded=0 eval_errors=0
2026-05-13 10:54:51 | INFO     | ayumi.blend_launcher | [B5 Health] ticks=49989 tps=1.14 bars=4 signals=0 trades=0 balance=10000.00 uptime=53468s
2026-05-13 10:55:49 | INFO     | ayumi.forward_test | [B5 Periodic] ticks=50103 bars_built=4 signals=0 traded=0 eval_errors=0
2026-05-13 10:55:51 | INFO     | ayumi.blend_launcher | [B5 Health] ticks=50105 tps=1.13 bars=4 signals=0 trades=0 balance=10000.00 uptime=53528s
2026-05-13 10:56:49 | INFO     | ayumi.forward_test | [B5 Periodic] ticks=50231 bars_built=4 signals=0 traded=0 eval_errors=0
2026-05-13 10:56:51 | INFO     | ayumi.blend_launcher | [B5 Health] ticks=50237 tps=2.49 bars=4 signals=0 trades=0 balance=10000.00 uptime=53588s
2026-05-13 10:57:49 | INFO     | ayumi.forward_test | [B5 Periodic] ticks=50364 bars_built=4 signals=0 traded=0 eval_errors=0
2026-05-13 10:57:51 | INFO     | ayumi.blend_launcher | [B5 Health] ticks=50365 tps=1.57 bars=4 signals=0 trades=0 balance=10000.00 uptime=53648s
2026-05-13 10:58:49 | INFO     | ayumi.forward_test | [B5 Periodic] ticks=50488 bars_built=4 signals=0 traded=0 eval_errors=0
2026-05-13 10:58:51 | INFO     | ayumi.blend_launcher | [B5 Health] ticks=50492 tps=2.77 bars=4 signals=0 trades=0 balance=10000.00 uptime=53708s
2026-05-13 10:59:49 | INFO     | ayumi.forward_test | [B5 Periodic] ticks=50598 bars_built=4 signals=0 traded=0 eval_errors=0
2026-05-13 10:59:51 | INFO     | ayumi.blend_launcher | [B5 Health] ticks=50600 tps=1.39 bars=4 signals=0 trades=0 balance=10000.00 uptime=53768s
2026-05-13 11:00:49 | INFO     | ayumi.forward_test | [B5 Periodic] ticks=50698 bars_built=4 signals=0 traded=0 eval_errors=0
2026-05-13 11:00:51 | INFO     | ayumi.blend_launcher | [B5 Health] ticks=50703 tps=2.00 bars=4 signals=0 trades=0 balance=10000.00 uptime=53828s
2026-05-13 11:01:49 | INFO     | ayumi.forward_test | [B5 Periodic] ticks=50797 bars_built=4 signals=0 traded=0 eval_errors=0
2026-05-13 11:01:51 | INFO     | ayumi.blend_launcher | [B5 Health] ticks=50799 tps=1.34 bars=4 signals=0 trades=0 balance=10000.00 uptime=53888s
2026-05-13 11:02:49 | INFO     | ayumi.forward_test | [B5 Periodic] ticks=50903 bars_built=4 signals=0 traded=0 eval_errors=0
2026-05-13 11:02:51 | INFO     | ayumi.blend_launcher | [B5 Health] ticks=50905 tps=0.77 bars=4 signals=0 trades=0 balance=10000.00 uptime=53948s
2026-05-13 11:03:49 | INFO     | ayumi.forward_test | [B5 Periodic] ticks=50981 bars_built=4 signals=0 traded=0 eval_errors=0
2026-05-13 11:03:51 | INFO     | ayumi.blend_launcher | [B5 Health] ticks=50983 tps=1.24 bars=4 signals=0 trades=0 balance=10000.00 uptime=54008s
2026-05-13 11:04:49 | INFO     | ayumi.forward_test | [B5 Periodic] ticks=51052 bars_built=4 signals=0 traded=0 eval_errors=0
2026-05-13 11:04:51 | INFO     | ayumi.blend_launcher | [B5 Health] ticks=51055 tps=1.94 bars=4 signals=0 trades=0 balance=10000.00 uptime=54068s
2026-05-13 11:05:49 | INFO     | ayumi.forward_test | [B5 Periodic] ticks=51140 bars_built=4 signals=0 traded=0 eval_errors=0
2026-05-13 11:05:51 | INFO     | ayumi.blend_launcher | [B5 Health] ticks=51146 tps=2.20 bars=4 signals=0 trades=0 balance=10000.00 uptime=54128s
2026-05-13 11:06:49 | INFO     | ayumi.forward_test | [B5 Periodic] ticks=51230 bars_built=4 signals=0 traded=0 eval_errors=0
2026-05-13 11:06:51 | INFO     | ayumi.blend_launcher | [B5 Health] ticks=51231 tps=1.80 bars=4 signals=0 trades=0 balance=10000.00 uptime=54188s
2026-05-13 11:07:49 | INFO     | ayumi.forward_test | [B5 Periodic] ticks=51333 bars_built=4 signals=0 traded=0 eval_errors=0
2026-05-13 11:07:51 | INFO     | ayumi.blend_launcher | [B5 Health] ticks=51339 tps=2.97 bars=4 signals=0 trades=0 balance=10000.00 uptime=54248s
2026-05-13 11:08:49 | INFO     | ayumi.forward_test | [B5 Periodic] ticks=51434 bars_built=4 signals=0 traded=0 eval_errors=0
2026-05-13 11:08:51 | INFO     | ayumi.blend_launcher | [B5 Health] ticks=51439 tps=1.73 bars=4 signals=0 trades=0 balance=10000.00 uptime=54308s
2026-05-13 11:09:49 | INFO     | ayumi.forward_test | [B5 Periodic] ticks=51519 bars_built=4 signals=0 traded=0 eval_errors=0
2026-05-13 11:09:51 | INFO     | ayumi.blend_launcher | [B5 Health] ticks=51519 tps=2.23 bars=4 signals=0 trades=0 balance=10000.00 uptime=54368s
2026-05-13 11:10:49 | INFO     | ayumi.forward_test | [B5 Periodic] ticks=51613 bars_built=4 signals=0 traded=0 eval_errors=0
2026-05-13 11:10:51 | INFO     | ayumi.blend_launcher | [B5 Health] ticks=51615 tps=1.89 bars=4 signals=0 trades=0 balance=10000.00 uptime=54428s
2026-05-13 11:11:49 | INFO     | ayumi.forward_test | [B5 Periodic] ticks=51682 bars_built=4 signals=0 traded=0 eval_errors=0
2026-05-13 11:11:51 | INFO     | ayumi.blend_launcher | [B5 Health] ticks=51686 tps=0.51 bars=4 signals=0 trades=0 balance=10000.00 uptime=54488s
2026-05-13 11:12:49 | INFO     | ayumi.forward_test | [B5 Periodic] ticks=51779 bars_built=4 signals=0 traded=0 eval_errors=0
2026-05-13 11:12:51 | INFO     | ayumi.blend_launcher | [B5 Health] ticks=51779 tps=0.82 bars=4 signals=0 trades=0 balance=10000.00 uptime=54548s
2026-05-13 11:13:49 | INFO     | ayumi.forward_test | [B5 Periodic] ticks=51847 bars_built=4 signals=0 traded=0 eval_errors=0
2026-05-13 11:13:51 | INFO     | ayumi.blend_launcher | [B5 Health] ticks=51851 tps=1.30 bars=4 signals=0 trades=0 balance=10000.00 uptime=54608s
2026-05-13 11:14:49 | INFO     | ayumi.forward_test | [B5 Periodic] ticks=51934 bars_built=4 signals=0 traded=0 eval_errors=0
2026-05-13 11:14:51 | INFO     | ayumi.blend_launcher | [B5 Health] ticks=51936 tps=2.43 bars=4 signals=0 trades=0 balance=10000.00 uptime=54668s
2026-05-13 11:15:49 | INFO     | ayumi.forward_test | [B5 Periodic] ticks=52019 bars_built=4 signals=0 traded=0 eval_errors=0
2026-05-13 11:15:51 | INFO     | ayumi.blend_launcher | [B5 Health] ticks=52020 tps=2.00 bars=4 signals=0 trades=0 balance=10000.00 uptime=54728s
2026-05-13 11:16:49 | INFO     | ayumi.forward_test | [B5 Periodic] ticks=52099 bars_built=4 signals=0 traded=0 eval_errors=0
2026-05-13 11:16:51 | INFO     | ayumi.blend_launcher | [B5 Health] ticks=52102 tps=1.44 bars=4 signals=0 trades=0 balance=10000.00 uptime=54788s
2026-05-13 11:17:49 | INFO     | ayumi.forward_test | [B5 Periodic] ticks=52181 bars_built=4 signals=0 traded=0 eval_errors=0
2026-05-13 11:17:51 | INFO     | ayumi.blend_launcher | [B5 Health] ticks=52182 tps=1.93 bars=4 signals=0 trades=0 balance=10000.00 uptime=54848s
2026-05-13 11:18:49 | INFO     | ayumi.forward_test | [B5 Periodic] ticks=52236 bars_built=4 signals=0 traded=0 eval_errors=0
2026-05-13 11:18:51 | INFO     | ayumi.blend_launcher | [B5 Health] ticks=52239 tps=1.21 bars=4 signals=0 trades=0 balance=10000.00 uptime=54908s
2026-05-13 11:19:49 | INFO     | ayumi.forward_test | [B5 Periodic] ticks=52298 bars_built=4 signals=0 traded=0 eval_errors=0
2026-05-13 11:19:51 | INFO     | ayumi.blend_launcher | [B5 Health] ticks=52301 tps=0.87 bars=4 signals=0 trades=0 balance=10000.00 uptime=54968s
2026-05-13 11:20:49 | INFO     | ayumi.forward_test | [B5 Periodic] ticks=52368 bars_built=4 signals=0 traded=0 eval_errors=0
2026-05-13 11:20:51 | INFO     | ayumi.blend_launcher | [B5 Health] ticks=52371 tps=1.66 bars=4 signals=0 trades=0 balance=10000.00 uptime=55028s
2026-05-13 11:21:49 | INFO     | ayumi.forward_test | [B5 Periodic] ticks=52424 bars_built=4 signals=0 traded=0 eval_errors=0
2026-05-13 11:21:51 | INFO     | ayumi.blend_launcher | [B5 Health] ticks=52427 tps=1.23 bars=4 signals=0 trades=0 balance=10000.00 uptime=55088s
2026-05-13 11:22:49 | INFO     | ayumi.forward_test | [B5 Periodic] ticks=52468 bars_built=4 signals=0 traded=0 eval_errors=0
2026-05-13 11:22:51 | INFO     | ayumi.blend_launcher | [B5 Health] ticks=52469 tps=1.08 bars=4 signals=0 trades=0 balance=10000.00 uptime=55148s
2026-05-13 11:23:49 | INFO     | ayumi.forward_test | [B5 Periodic] ticks=52527 bars_built=4 signals=0 traded=0 eval_errors=0
2026-05-13 11:23:51 | INFO     | ayumi.blend_launcher | [B5 Health] ticks=52531 tps=1.55 bars=4 signals=0 trades=0 balance=10000.00 uptime=55208s
2026-05-13 11:24:49 | INFO     | ayumi.forward_test | [B5 Periodic] ticks=52599 bars_built=4 signals=0 traded=0 eval_errors=0
2026-05-13 11:24:51 | INFO     | ayumi.blend_launcher | [B5 Health] ticks=52601 tps=0.91 bars=4 signals=0 trades=0 balance=10000.00 uptime=55268s
2026-05-13 11:25:49 | INFO     | ayumi.forward_test | [B5 Periodic] ticks=52638 bars_built=4 signals=0 traded=0 eval_errors=0
2026-05-13 11:25:51 | INFO     | ayumi.blend_launcher | [B5 Health] ticks=52640 tps=1.29 bars=4 signals=0 trades=0 balance=10000.00 uptime=55328s
2026-05-13 11:26:49 | INFO     | ayumi.forward_test | [B5 Periodic] ticks=52705 bars_built=4 signals=0 traded=0 eval_errors=0
2026-05-13 11:26:51 | INFO     | ayumi.blend_launcher | [B5 Health] ticks=52707 tps=0.74 bars=4 signals=0 trades=0 balance=10000.00 uptime=55388s
2026-05-13 11:27:49 | INFO     | ayumi.forward_test | [B5 Periodic] ticks=52756 bars_built=4 signals=0 traded=0 eval_errors=0
2026-05-13 11:27:51 | INFO     | ayumi.blend_launcher | [B5 Health] ticks=52757 tps=1.21 bars=4 signals=0 trades=0 balance=10000.00 uptime=55448s
2026-05-13 11:28:49 | INFO     | ayumi.forward_test | [B5 Periodic] ticks=52820 bars_built=4 signals=0 traded=0 eval_errors=0
2026-05-13 11:28:51 | INFO     | ayumi.blend_launcher | [B5 Health] ticks=52822 tps=1.82 bars=4 signals=0 trades=0 balance=10000.00 uptime=55508s
2026-05-13 11:29:49 | INFO     | ayumi.forward_test | [B5 Periodic] ticks=52884 bars_built=4 signals=0 traded=0 eval_errors=0
2026-05-13 11:29:51 | INFO     | ayumi.blend_launcher | [B5 Health] ticks=52885 tps=1.33 bars=4 signals=0 trades=0 balance=10000.00 uptime=55569s
2026-05-13 11:30:49 | INFO     | ayumi.forward_test | [B5 Periodic] ticks=52955 bars_built=4 signals=0 traded=0 eval_errors=0
2026-05-13 11:30:51 | INFO     | ayumi.blend_launcher | [B5 Health] ticks=52955 tps=2.06 bars=4 signals=0 trades=0 balance=10000.00 uptime=55629s
2026-05-13 11:31:49 | INFO     | ayumi.forward_test | [B5 Periodic] ticks=53036 bars_built=4 signals=0 traded=0 eval_errors=0
2026-05-13 11:31:51 | INFO     | ayumi.blend_launcher | [B5 Health] ticks=53039 tps=1.21 bars=4 signals=0 trades=0 balance=10000.00 uptime=55689s
2026-05-13 11:32:49 | INFO     | ayumi.forward_test | [B5 Periodic] ticks=53093 bars_built=4 signals=0 traded=0 eval_errors=0
2026-05-13 11:32:51 | INFO     | ayumi.blend_launcher | [B5 Health] ticks=53095 tps=1.07 bars=4 signals=0 trades=0 balance=10000.00 uptime=55749s
2026-05-13 11:33:49 | INFO     | ayumi.forward_test | [B5 Periodic] ticks=53159 bars_built=4 signals=0 traded=0 eval_errors=0
2026-05-13 11:33:51 | INFO     | ayumi.blend_launcher | [B5 Health] ticks=53161 tps=0.90 bars=4 signals=0 trades=0 balance=10000.00 uptime=55809s
2026-05-13 11:34:49 | INFO     | ayumi.forward_test | [B5 Periodic] ticks=53266 bars_built=4 signals=0 traded=0 eval_errors=0
2026-05-13 11:34:51 | INFO     | ayumi.blend_launcher | [B5 Health] ticks=53269 tps=1.15 bars=4 signals=0 trades=0 balance=10000.00 uptime=55869s
2026-05-13 11:35:49 | INFO     | ayumi.forward_test | [B5 Periodic] ticks=53347 bars_built=4 signals=0 traded=0 eval_errors=0
2026-05-13 11:35:51 | INFO     | ayumi.blend_launcher | [B5 Health] ticks=53347 tps=0.80 bars=4 signals=0 trades=0 balance=10000.00 uptime=55929s
2026-05-13 11:36:49 | INFO     | ayumi.forward_test | [B5 Periodic] ticks=53423 bars_built=4 signals=0 traded=0 eval_errors=0
2026-05-13 11:36:51 | INFO     | ayumi.blend_launcher | [B5 Health] ticks=53425 tps=1.41 bars=4 signals=0 trades=0 balance=10000.00 uptime=55989s
2026-05-13 11:37:49 | INFO     | ayumi.forward_test | [B5 Periodic] ticks=53467 bars_built=4 signals=0 traded=0 eval_errors=0
2026-05-13 11:37:51 | INFO     | ayumi.blend_launcher | [B5 Health] ticks=53467 tps=0.95 bars=4 signals=0 trades=0 balance=10000.00 uptime=56049s
2026-05-13 11:38:49 | INFO     | ayumi.forward_test | [B5 Periodic] ticks=53537 bars_built=4 signals=0 traded=0 eval_errors=0
2026-05-13 11:38:51 | INFO     | ayumi.blend_launcher | [B5 Health] ticks=53541 tps=1.17 bars=4 signals=0 trades=0 balance=10000.00 uptime=56109s
2026-05-13 11:39:49 | INFO     | ayumi.forward_test | [B5 Periodic] ticks=53629 bars_built=4 signals=0 traded=0 eval_errors=0
2026-05-13 11:39:51 | INFO     | ayumi.blend_launcher | [B5 Health] ticks=53632 tps=0.82 bars=4 signals=0 trades=0 balance=10000.00 uptime=56169s
2026-05-13 11:40:49 | INFO     | ayumi.forward_test | [B5 Periodic] ticks=53683 bars_built=4 signals=0 traded=0 eval_errors=0
2026-05-13 11:40:51 | INFO     | ayumi.blend_launcher | [B5 Health] ticks=53684 tps=0.88 bars=4 signals=0 trades=0 balance=10000.00 uptime=56229s
2026-05-13 11:41:49 | INFO     | ayumi.forward_test | [B5 Periodic] ticks=53750 bars_built=4 signals=0 traded=0 eval_errors=0
2026-05-13 11:41:51 | INFO     | ayumi.blend_launcher | [B5 Health] ticks=53751 tps=1.54 bars=4 signals=0 trades=0 balance=10000.00 uptime=56289s
2026-05-13 11:42:49 | INFO     | ayumi.forward_test | [B5 Periodic] ticks=53799 bars_built=4 signals=0 traded=0 eval_errors=0
2026-05-13 11:42:51 | INFO     | ayumi.blend_launcher | [B5 Health] ticks=53801 tps=0.74 bars=4 signals=0 trades=0 balance=10000.00 uptime=56349s
2026-05-13 11:43:49 | INFO     | ayumi.forward_test | [B5 Periodic] ticks=53849 bars_built=4 signals=0 traded=0 eval_errors=0
2026-05-13 11:43:51 | INFO     | ayumi.blend_launcher | [B5 Health] ticks=53853 tps=0.75 bars=4 signals=0 trades=0 balance=10000.00 uptime=56409s
2026-05-13 11:44:49 | INFO     | ayumi.forward_test | [B5 Periodic] ticks=53888 bars_built=4 signals=0 traded=0 eval_errors=0
2026-05-13 11:44:51 | INFO     | ayumi.blend_launcher | [B5 Health] ticks=53888 tps=1.08 bars=4 signals=0 trades=0 balance=10000.00 uptime=56469s
2026-05-13 11:45:49 | INFO     | ayumi.forward_test | [B5 Periodic] ticks=53939 bars_built=4 signals=0 traded=0 eval_errors=0
2026-05-13 11:45:51 | INFO     | ayumi.blend_launcher | [B5 Health] ticks=53940 tps=0.72 bars=4 signals=0 trades=0 balance=10000.00 uptime=56529s
2026-05-13 11:46:49 | INFO     | ayumi.forward_test | [B5 Periodic] ticks=54021 bars_built=4 signals=0 traded=0 eval_errors=0
2026-05-13 11:46:51 | INFO     | ayumi.blend_launcher | [B5 Health] ticks=54023 tps=1.61 bars=4 signals=0 trades=0 balance=10000.00 uptime=56589s
2026-05-13 11:47:49 | INFO     | ayumi.forward_test | [B5 Periodic] ticks=54091 bars_built=4 signals=0 traded=0 eval_errors=0
2026-05-13 11:47:51 | INFO     | ayumi.blend_launcher | [B5 Health] ticks=54094 tps=1.72 bars=4 signals=0 trades=0 balance=10000.00 uptime=56649s
2026-05-13 11:48:49 | INFO     | ayumi.forward_test | [B5 Periodic] ticks=54180 bars_built=4 signals=0 traded=0 eval_errors=0
2026-05-13 11:48:51 | INFO     | ayumi.blend_launcher | [B5 Health] ticks=54186 tps=1.86 bars=4 signals=0 trades=0 balance=10000.00 uptime=56709s
2026-05-13 11:49:49 | INFO     | ayumi.forward_test | [B5 Periodic] ticks=54230 bars_built=4 signals=0 traded=0 eval_errors=0
2026-05-13 11:49:51 | INFO     | ayumi.blend_launcher | [B5 Health] ticks=54235 tps=1.50 bars=4 signals=0 trades=0 balance=10000.00 uptime=56769s
2026-05-13 11:50:49 | INFO     | ayumi.forward_test | [B5 Periodic] ticks=54302 bars_built=4 signals=0 traded=0 eval_errors=0
2026-05-13 11:50:51 | INFO     | ayumi.blend_launcher | [B5 Health] ticks=54310 tps=1.88 bars=4 signals=0 trades=0 balance=10000.00 uptime=56829s
2026-05-13 11:51:49 | INFO     | ayumi.forward_test | [B5 Periodic] ticks=54379 bars_built=4 signals=0 traded=0 eval_errors=0
2026-05-13 11:51:51 | INFO     | ayumi.blend_launcher | [B5 Health] ticks=54384 tps=1.74 bars=4 signals=0 trades=0 balance=10000.00 uptime=56889s
2026-05-13 11:52:49 | INFO     | ayumi.forward_test | [B5 Periodic] ticks=54444 bars_built=4 signals=0 traded=0 eval_errors=0
2026-05-13 11:52:51 | INFO     | ayumi.blend_launcher | [B5 Health] ticks=54445 tps=0.96 bars=4 signals=0 trades=0 balance=10000.00 uptime=56949s
2026-05-13 11:53:49 | INFO     | ayumi.forward_test | [B5 Periodic] ticks=54512 bars_built=4 signals=0 traded=0 eval_errors=0
2026-05-13 11:53:51 | INFO     | ayumi.blend_launcher | [B5 Health] ticks=54515 tps=1.56 bars=4 signals=0 trades=0 balance=10000.00 uptime=57009s
2026-05-13 11:54:49 | INFO     | ayumi.forward_test | [B5 Periodic] ticks=54578 bars_built=4 signals=0 traded=0 eval_errors=0
2026-05-13 11:54:51 | INFO     | ayumi.blend_launcher | [B5 Health] ticks=54579 tps=1.14 bars=4 signals=0 trades=0 balance=10000.00 uptime=57069s
2026-05-13 11:55:49 | INFO     | ayumi.forward_test | [B5 Periodic] ticks=54655 bars_built=4 signals=0 traded=0 eval_errors=0
2026-05-13 11:55:51 | INFO     | ayumi.blend_launcher | [B5 Health] ticks=54657 tps=1.33 bars=4 signals=0 trades=0 balance=10000.00 uptime=57129s
2026-05-13 11:56:49 | INFO     | ayumi.forward_test | [B5 Periodic] ticks=54740 bars_built=4 signals=0 traded=0 eval_errors=0
2026-05-13 11:56:51 | INFO     | ayumi.blend_launcher | [B5 Health] ticks=54744 tps=2.70 bars=4 signals=0 trades=0 balance=10000.00 uptime=57189s
2026-05-13 11:57:49 | INFO     | ayumi.forward_test | [B5 Periodic] ticks=54843 bars_built=4 signals=0 traded=0 eval_errors=0
2026-05-13 11:57:51 | INFO     | ayumi.blend_launcher | [B5 Health] ticks=54848 tps=2.25 bars=4 signals=0 trades=0 balance=10000.00 uptime=57249s
2026-05-13 11:58:49 | INFO     | ayumi.forward_test | [B5 Periodic] ticks=54908 bars_built=4 signals=0 traded=0 eval_errors=0
2026-05-13 11:58:51 | INFO     | ayumi.blend_launcher | [B5 Health] ticks=54911 tps=1.18 bars=4 signals=0 trades=0 balance=10000.00 uptime=57309s
2026-05-13 11:59:49 | INFO     | ayumi.forward_test | [B5 Periodic] ticks=54987 bars_built=4 signals=0 traded=0 eval_errors=0
2026-05-13 11:59:51 | INFO     | ayumi.blend_launcher | [B5 Health] ticks=54991 tps=1.18 bars=4 signals=0 trades=0 balance=10000.00 uptime=57369s
2026-05-13 12:00:49 | INFO     | ayumi.forward_test | [B5 Periodic] ticks=55069 bars_built=4 signals=0 traded=0 eval_errors=0
2026-05-13 12:00:51 | INFO     | ayumi.blend_launcher | [B5 Health] ticks=55072 tps=1.58 bars=4 signals=0 trades=0 balance=10000.00 uptime=57429s
2026-05-13 12:01:49 | INFO     | ayumi.forward_test | [B5 Periodic] ticks=55158 bars_built=4 signals=0 traded=0 eval_errors=0
2026-05-13 12:01:51 | INFO     | ayumi.blend_launcher | [B5 Health] ticks=55162 tps=1.83 bars=4 signals=0 trades=0 balance=10000.00 uptime=57489s
2026-05-13 12:02:49 | INFO     | ayumi.forward_test | [B5 Periodic] ticks=55223 bars_built=4 signals=0 traded=0 eval_errors=0
2026-05-13 12:02:51 | INFO     | ayumi.blend_launcher | [B5 Health] ticks=55225 tps=1.58 bars=4 signals=0 trades=0 balance=10000.00 uptime=57549s
2026-05-13 12:03:49 | INFO     | ayumi.forward_test | [B5 Periodic] ticks=55305 bars_built=4 signals=0 traded=0 eval_errors=0
2026-05-13 12:03:51 | INFO     | ayumi.blend_launcher | [B5 Health] ticks=55307 tps=1.50 bars=4 signals=0 trades=0 balance=10000.00 uptime=57609s
2026-05-13 12:04:49 | INFO     | ayumi.forward_test | [B5 Periodic] ticks=55371 bars_built=4 signals=0 traded=0 eval_errors=0
2026-05-13 12:04:51 | INFO     | ayumi.blend_launcher | [B5 Health] ticks=55377 tps=1.92 bars=4 signals=0 trades=0 balance=10000.00 uptime=57669s
2026-05-13 12:04:56 | INFO     | ayumi.forward_test | Shutdown signal received (sig=15)
2026-05-13 12:04:57 | INFO     | ayumi.openapi_spot_feed | Unsubscribed from spot events for symbol_id=2
2026-05-13 12:04:57 | INFO     | ayumi.openapi_spot_feed | Unsubscribed from spot events for symbol_id=4
2026-05-13 12:04:57 | INFO     | ayumi.openapi_spot_feed | OpenApiSpotFeed stopped
2026-05-13 12:04:57 | INFO     | ayumi.forward_test | Forward test stopped: balance=10000.00 trades=0 pnl=0.00 errors=0 reconnects=0
2026-05-13 12:04:57 | WARNING  | ayumi.openapi_spot_feed | Disconnected: [Failure instance: Traceback (failure with no frames): <class 'twisted.internet.error.ConnectionDone'>: Connection was closed cleanly.
]
2026-05-13 12:05:51 | INFO     | ayumi.blend_launcher | [B5 Health] ticks=55386 tps=2.38 bars=6 signals=0 trades=0 balance=10000.00 uptime=57729s
