2026-04-28 11:23:39 | INFO     | ayumi.blend_launcher | === Ayumi Multi-Strategy Forward Test (Blend Pipeline) ===
2026-04-28 11:23:42 | INFO     | ayumi.blend_launcher | Fetching 100 H1 bars (symbol_id=2) from OpenAPI...
2026-04-28 11:23:44 | INFO     | ayumi.blend_launcher | Twisted reactor stopped cleanly
2026-04-28 11:23:44 | INFO     | ayumi.blend_launcher | Fetched 99 bars
2026-04-28 11:23:44 | INFO     | ayumi.blend_launcher | Registered 3 strategies: ['SRMR+', 'Killzone Momentum', 'Donchian Channel Breakout']
2026-04-28 11:23:44 | WARNING  | ayumi.risk | No state file at data/risk_state_blend.json — starting fresh
2026-04-28 11:23:44 | INFO     | ayumi.forward_test | BlendForwardTestRunner started — balance=$10000.00
2026-04-28 11:23:44 | INFO     | ayumi.blend_launcher | Preloaded 99 H1 bars into engine._bars['GBPUSD']
2026-04-28 11:23:44 | INFO     | ayumi.blend_launcher | === STARTING MULTI-STRATEGY FORWARD TEST ===
2026-04-28 11:23:44 | INFO     | ayumi.blend_launcher | Pipeline: SRMR+ + Killzone + Momentum → Correlation Gate → Blend Runner → Paper
2026-04-28 11:23:44 | INFO     | ayumi.forward_test | Market data feed connected for GBPUSD
2026-04-28 11:23:44 | INFO     | ayumi.forward_test | Forward test started: symbol=GBPUSD strategies=['SRMR+', 'Killzone Momentum', 'Donchian Channel Breakout'] mode=PAPER eval_interval=1.0s bar_period=60m
2026-04-28 11:25:15 | INFO     | ayumi.forward_test | Shutdown signal received (sig=15)
2026-04-28 11:25:15 | INFO     | ayumi.forward_test | Forward test stopped: balance=10000.00 trades=0 pnl=0.00 errors=0 reconnects=0
2026-04-28 11:25:48 | INFO     | ayumi.forward_test | Shutdown signal received (sig=15)
2026-04-28 11:26:25 | INFO     | ayumi.blend_launcher | === Ayumi Multi-Strategy Forward Test (Blend Pipeline) ===
2026-04-28 11:26:28 | INFO     | ayumi.blend_launcher | Fetching 100 H1 bars (symbol_id=2) from OpenAPI...
2026-04-28 11:26:30 | INFO     | ayumi.blend_launcher | Twisted reactor stopped cleanly
2026-04-28 11:26:30 | INFO     | ayumi.blend_launcher | Fetched 99 bars
2026-04-28 11:26:30 | INFO     | ayumi.blend_launcher | Registered 3 strategies: ['SRMR+', 'Killzone Momentum', 'Donchian Channel Breakout']
2026-04-28 11:26:30 | WARNING  | ayumi.risk | No state file at data/risk_state_blend.json — starting fresh
2026-04-28 11:26:30 | INFO     | ayumi.forward_test | BlendForwardTestRunner started — balance=$10000.00
2026-04-28 11:26:30 | INFO     | ayumi.blend_launcher | Preloaded 99 H1 bars into engine._bars['GBPUSD']
2026-04-28 11:26:30 | INFO     | ayumi.blend_launcher | === STARTING MULTI-STRATEGY FORWARD TEST ===
2026-04-28 11:26:30 | INFO     | ayumi.blend_launcher | Pipeline: SRMR+ + Killzone + Momentum → Correlation Gate → Blend Runner → Paper
2026-04-28 11:26:30 | INFO     | ayumi.forward_test | Market data feed connected for GBPUSD
2026-04-28 11:26:30 | INFO     | ayumi.forward_test | Forward test started: symbol=GBPUSD strategies=['SRMR+', 'Killzone Momentum', 'Donchian Channel Breakout'] mode=PAPER eval_interval=1.0s bar_period=60m
2026-04-28 11:28:35 | INFO     | ayumi.forward_test | Shutdown signal received (sig=15)
2026-04-28 11:28:35 | INFO     | ayumi.forward_test | Forward test stopped: balance=10000.00 trades=0 pnl=0.00 errors=0 reconnects=0
2026-04-28 11:28:47 | INFO     | ayumi.blend_launcher | === Ayumi Multi-Strategy Forward Test (Blend Pipeline) ===
2026-04-28 11:28:50 | INFO     | ayumi.blend_launcher | Fetching 100 H1 bars (symbol_id=2) from OpenAPI...
2026-04-28 11:28:52 | INFO     | ayumi.blend_launcher | Twisted reactor stopped cleanly
2026-04-28 11:28:52 | INFO     | ayumi.blend_launcher | Fetched 99 bars
2026-04-28 11:28:52 | INFO     | ayumi.blend_launcher | Registered 3 strategies: ['SRMR+', 'Killzone Momentum', 'Donchian Channel Breakout']
2026-04-28 11:28:52 | WARNING  | ayumi.risk | No state file at data/risk_state_blend.json — starting fresh
2026-04-28 11:28:52 | INFO     | ayumi.forward_test | BlendForwardTestRunner started — balance=$10000.00
2026-04-28 11:28:52 | INFO     | ayumi.blend_launcher | Preloaded 99 H1 bars into engine._bars['GBPUSD']
2026-04-28 11:28:52 | INFO     | ayumi.blend_launcher | === STARTING MULTI-STRATEGY FORWARD TEST ===
2026-04-28 11:28:52 | INFO     | ayumi.blend_launcher | Pipeline: SRMR+ + Killzone + Momentum → Correlation Gate → Blend Runner → Paper
2026-04-28 11:28:52 | INFO     | ayumi.forward_test | Market data feed connected for GBPUSD
2026-04-28 11:28:52 | INFO     | ayumi.forward_test | Forward test started: symbol=GBPUSD strategies=['SRMR+', 'Killzone Momentum', 'Donchian Channel Breakout'] mode=PAPER eval_interval=1.0s bar_period=60m
2026-04-28 11:44:02 | WARNING  | ayumi.forward_test | Connection health check failed: connected=True last_tick_ago=906.8s threshold=900.0s — reconnecting
2026-04-28 11:44:02 | INFO     | ayumi.forward_test | Reconnection attempt 1 (backoff=5.0s)
2026-04-28 11:44:03 | INFO     | ayumi.forward_test | Market data feed connected for GBPUSD
2026-04-28 11:44:03 | INFO     | ayumi.forward_test | Reconnection successful — reset consecutive failure counter
2026-04-28 11:59:13 | WARNING  | ayumi.forward_test | Connection health check failed: connected=True last_tick_ago=906.0s threshold=900.0s — reconnecting
2026-04-28 11:59:13 | INFO     | ayumi.forward_test | Reconnection attempt 1 (backoff=5.0s)
2026-04-28 11:59:13 | INFO     | ayumi.forward_test | Market data feed connected for GBPUSD
2026-04-28 11:59:13 | INFO     | ayumi.forward_test | Reconnection successful — reset consecutive failure counter
2026-04-28 11:59:23 | WARNING  | ayumi.forward_test | Connection health check failed: connected=True last_tick_ago=916.3s threshold=900.0s — reconnecting
2026-04-28 11:59:23 | INFO     | ayumi.forward_test | Reconnection attempt 1 (backoff=5.0s)
2026-04-28 11:59:23 | INFO     | ayumi.forward_test | Market data feed connected for GBPUSD
2026-04-28 11:59:23 | INFO     | ayumi.forward_test | Reconnection successful — reset consecutive failure counter
2026-04-28 12:14:33 | WARNING  | ayumi.forward_test | Connection health check failed: connected=True last_tick_ago=909.9s threshold=900.0s — reconnecting
2026-04-28 12:14:33 | INFO     | ayumi.forward_test | Reconnection attempt 1 (backoff=5.0s)
2026-04-28 12:14:34 | INFO     | ayumi.forward_test | Market data feed connected for GBPUSD
2026-04-28 12:14:34 | INFO     | ayumi.forward_test | Reconnection successful — reset consecutive failure counter
2026-04-28 12:29:44 | WARNING  | ayumi.forward_test | Connection health check failed: connected=True last_tick_ago=909.5s threshold=900.0s — reconnecting
2026-04-28 12:29:44 | INFO     | ayumi.forward_test | Reconnection attempt 1 (backoff=5.0s)
2026-04-28 12:29:44 | INFO     | ayumi.forward_test | Market data feed connected for GBPUSD
2026-04-28 12:29:44 | INFO     | ayumi.forward_test | Reconnection successful — reset consecutive failure counter
2026-04-28 12:44:54 | WARNING  | ayumi.forward_test | Connection health check failed: connected=True last_tick_ago=907.6s threshold=900.0s — reconnecting
2026-04-28 12:44:54 | INFO     | ayumi.forward_test | Reconnection attempt 1 (backoff=5.0s)
2026-04-28 12:44:54 | INFO     | ayumi.forward_test | Market data feed connected for GBPUSD
2026-04-28 12:44:54 | INFO     | ayumi.forward_test | Reconnection successful — reset consecutive failure counter
2026-04-28 13:00:04 | WARNING  | ayumi.forward_test | Connection health check failed: connected=True last_tick_ago=908.0s threshold=900.0s — reconnecting
2026-04-28 13:00:04 | INFO     | ayumi.forward_test | Reconnection attempt 1 (backoff=5.0s)
2026-04-28 13:00:05 | WARNING  | ayumi.forward_test | Reconnection failed — next attempt in 10.0s
2026-04-28 13:00:15 | WARNING  | ayumi.forward_test | Connection health check failed: connected=False last_tick_ago=918.2s threshold=900.0s — reconnecting
2026-04-28 13:00:15 | INFO     | ayumi.forward_test | Reconnection attempt 2 (backoff=10.0s)
2026-04-28 13:00:15 | INFO     | ayumi.forward_test | Market data feed connected for GBPUSD
2026-04-28 13:00:15 | INFO     | ayumi.forward_test | Reconnection successful — reset consecutive failure counter
2026-04-28 13:15:25 | WARNING  | ayumi.forward_test | Connection health check failed: connected=True last_tick_ago=908.7s threshold=900.0s — reconnecting
2026-04-28 13:15:25 | INFO     | ayumi.forward_test | Reconnection attempt 1 (backoff=5.0s)
2026-04-28 13:15:25 | INFO     | ayumi.forward_test | Market data feed connected for GBPUSD
2026-04-28 13:15:25 | INFO     | ayumi.forward_test | Reconnection successful — reset consecutive failure counter
2026-04-28 13:30:35 | WARNING  | ayumi.forward_test | Connection health check failed: connected=True last_tick_ago=909.8s threshold=900.0s — reconnecting
2026-04-28 13:30:35 | INFO     | ayumi.forward_test | Reconnection attempt 1 (backoff=5.0s)
2026-04-28 13:30:36 | INFO     | ayumi.forward_test | Market data feed connected for GBPUSD
2026-04-28 13:30:36 | INFO     | ayumi.forward_test | Reconnection successful — reset consecutive failure counter
2026-04-28 13:45:46 | WARNING  | ayumi.forward_test | Connection health check failed: connected=True last_tick_ago=906.9s threshold=900.0s — reconnecting
2026-04-28 13:45:46 | INFO     | ayumi.forward_test | Reconnection attempt 1 (backoff=5.0s)
2026-04-28 13:45:46 | INFO     | ayumi.forward_test | Market data feed connected for GBPUSD
2026-04-28 13:45:46 | INFO     | ayumi.forward_test | Reconnection successful — reset consecutive failure counter
2026-04-28 14:00:56 | WARNING  | ayumi.forward_test | Connection health check failed: connected=True last_tick_ago=904.6s threshold=900.0s — reconnecting
2026-04-28 14:00:56 | INFO     | ayumi.forward_test | Reconnection attempt 1 (backoff=5.0s)
2026-04-28 14:00:56 | INFO     | ayumi.forward_test | Market data feed connected for GBPUSD
2026-04-28 14:00:56 | INFO     | ayumi.forward_test | Reconnection successful — reset consecutive failure counter
2026-04-28 14:16:06 | WARNING  | ayumi.forward_test | Connection health check failed: connected=True last_tick_ago=908.9s threshold=900.0s — reconnecting
2026-04-28 14:16:06 | INFO     | ayumi.forward_test | Reconnection attempt 1 (backoff=5.0s)
2026-04-28 14:16:07 | INFO     | ayumi.forward_test | Market data feed connected for GBPUSD
2026-04-28 14:16:07 | INFO     | ayumi.forward_test | Reconnection successful — reset consecutive failure counter
2026-04-28 14:31:17 | WARNING  | ayumi.forward_test | Connection health check failed: connected=True last_tick_ago=909.7s threshold=900.0s — reconnecting
2026-04-28 14:31:17 | INFO     | ayumi.forward_test | Reconnection attempt 1 (backoff=5.0s)
2026-04-28 14:31:17 | INFO     | ayumi.forward_test | Market data feed connected for GBPUSD
2026-04-28 14:31:17 | INFO     | ayumi.forward_test | Reconnection successful — reset consecutive failure counter
2026-04-28 14:46:27 | WARNING  | ayumi.forward_test | Connection health check failed: connected=True last_tick_ago=909.5s threshold=900.0s — reconnecting
2026-04-28 14:46:27 | INFO     | ayumi.forward_test | Reconnection attempt 1 (backoff=5.0s)
2026-04-28 14:46:27 | INFO     | ayumi.forward_test | Market data feed connected for GBPUSD
2026-04-28 14:46:27 | INFO     | ayumi.forward_test | Reconnection successful — reset consecutive failure counter
2026-04-28 14:55:43 | WARNING  | ayumi.risk | No state file at /tmp/pytest-of-root/pytest-405/test_start_restores_no_state0/risk_state.json — starting fresh
2026-04-28 14:55:43 | WARNING  | ayumi.risk | No state file at /tmp/pytest-of-root/pytest-405/test_signal_processing0/risk_state.json — starting fresh
2026-04-28 14:55:43 | WARNING  | ayumi.risk | No state file at /tmp/pytest-of-root/pytest-405/test_multiple_signals_in_seque0/risk_state.json — starting fresh
2026-04-28 14:55:43 | WARNING  | ayumi.risk | No state file at /tmp/pytest-of-root/pytest-405/test_fill_handling_updates_bal0/risk_state.json — starting fresh
2026-04-28 14:55:43 | WARNING  | ayumi.risk | No state file at /tmp/pytest-of-root/pytest-405/test_state_save_on_stop0/risk_state.json — starting fresh
2026-04-28 14:55:43 | WARNING  | ayumi.risk | No state file at /tmp/pytest-of-root/pytest-405/test_state_restore_on_start0/risk_state.json — starting fresh
2026-04-28 14:55:45 | WARNING  | ayumi.forward_test | Reconnection failed — next attempt in 0.0s
2026-04-28 14:55:45 | WARNING  | ayumi.forward_test | Reconnection failed — next attempt in 0.0s
2026-04-28 14:55:45 | WARNING  | ayumi.forward_test | Reconnection failed — next attempt in 0.0s
2026-04-28 14:55:45 | WARNING  | ayumi.forward_test | Reconnection failed — next attempt in 0.0s
2026-04-28 14:55:45 | WARNING  | ayumi.forward_test | Reconnection failed — next attempt in 0.0s
2026-04-28 14:55:45 | WARNING  | ayumi.forward_test | Reconnection failed — next attempt in 0.0s
2026-04-28 14:55:45 | WARNING  | ayumi.forward_test | Reconnection failed — next attempt in 0.0s
2026-04-28 14:55:45 | WARNING  | ayumi.forward_test | Reconnection failed — next attempt in 0.0s
2026-04-28 14:55:45 | WARNING  | ayumi.forward_test | Reconnection failed — next attempt in 0.0s
2026-04-28 14:55:45 | CRITICAL | ayumi.forward_test | Reconnect circuit-breaker tripped: 10 consecutive attempts with no ticks (max=10). Stopping engine gracefully.
2026-04-28 14:55:45 | WARNING  | ayumi.forward_test | Reconnection failed — next attempt in 0.0s
2026-04-28 14:55:45 | WARNING  | ayumi.forward_test | Reconnection failed — next attempt in 0.0s
2026-04-28 14:55:45 | WARNING  | ayumi.forward_test | Reconnection failed — next attempt in 0.0s
2026-04-28 14:55:45 | WARNING  | ayumi.forward_test | Reconnection failed — next attempt in 0.0s
2026-04-28 14:55:45 | WARNING  | ayumi.forward_test | Reconnection failed — next attempt in 0.0s
2026-04-28 14:55:45 | WARNING  | ayumi.forward_test | Reconnection failed — next attempt in 0.0s
2026-04-28 14:55:45 | WARNING  | ayumi.forward_test | Reconnection failed — next attempt in 0.0s
2026-04-28 14:55:45 | CRITICAL | ayumi.forward_test | Reconnect circuit-breaker tripped: 3 consecutive attempts with no ticks (max=3). Stopping engine gracefully.
2026-04-28 14:55:45 | WARNING  | ayumi.forward_test | Connection health check failed: connected=False last_tick_ago=infs threshold=900.0s — reconnecting
2026-04-28 14:55:45 | WARNING  | ayumi.forward_test | Reconnection failed — next attempt in 0.0s
2026-04-28 14:55:45 | WARNING  | ayumi.forward_test | Connection health check failed: connected=False last_tick_ago=infs threshold=30.0s — reconnecting
2026-04-28 14:55:45 | WARNING  | ayumi.forward_test | Reconnection failed — next attempt in 0.0s
2026-04-28 14:55:45 | WARNING  | ayumi.forward_test | Connection health check failed: connected=False last_tick_ago=infs threshold=30.0s — reconnecting
2026-04-28 14:55:45 | WARNING  | ayumi.forward_test | Reconnection failed — next attempt in 0.0s
2026-04-28 14:58:01 | INFO     | ayumi.forward_test | Shutdown signal received (sig=15)
2026-04-28 14:58:01 | INFO     | ayumi.forward_test | Forward test stopped: balance=10000.00 trades=0 pnl=0.00 errors=0 reconnects=0
2026-04-28 14:58:02 | WARNING  | ayumi.risk | No state file at /tmp/pytest-of-root/pytest-406/test_start_restores_no_state0/risk_state.json — starting fresh
2026-04-28 14:58:02 | WARNING  | ayumi.risk | No state file at /tmp/pytest-of-root/pytest-406/test_signal_processing0/risk_state.json — starting fresh
2026-04-28 14:58:02 | WARNING  | ayumi.risk | No state file at /tmp/pytest-of-root/pytest-406/test_multiple_signals_in_seque0/risk_state.json — starting fresh
2026-04-28 14:58:02 | WARNING  | ayumi.risk | No state file at /tmp/pytest-of-root/pytest-406/test_fill_handling_updates_bal0/risk_state.json — starting fresh
2026-04-28 14:58:02 | WARNING  | ayumi.risk | No state file at /tmp/pytest-of-root/pytest-406/test_state_save_on_stop0/risk_state.json — starting fresh
2026-04-28 14:58:02 | WARNING  | ayumi.risk | No state file at /tmp/pytest-of-root/pytest-406/test_state_restore_on_start0/risk_state.json — starting fresh
2026-04-28 14:58:13 | INFO     | ayumi.blend_launcher | === Ayumi Multi-Strategy Forward Test (Blend Pipeline) ===
2026-04-28 14:58:16 | INFO     | ayumi.blend_launcher | Fetching 100 H1 bars from OpenAPI...
2026-04-28 14:58:18 | INFO     | ayumi.blend_launcher | Fetching 200 M15 bars from OpenAPI...
2026-04-28 14:58:20 | INFO     | ayumi.blend_launcher | Twisted reactor stopped cleanly
2026-04-28 14:58:20 | INFO     | ayumi.blend_launcher | Fetched 99 H1 + 199 M15 bars
2026-04-28 14:58:20 | INFO     | ayumi.blend_launcher | Registered 4 strategies: ['SRMR+', 'Killzone Momentum', 'Donchian Channel Breakout', 'Session-Range Mean Reversion']
2026-04-28 14:58:20 | INFO     | ayumi.blend_launcher | All strategy .name properties verified against maps
2026-04-28 14:58:20 | WARNING  | ayumi.risk | No state file at data/risk_state_blend.json — starting fresh
2026-04-28 14:58:20 | INFO     | ayumi.forward_test | BlendForwardTestRunner started — balance=$10000.00
2026-04-28 14:58:20 | INFO     | ayumi.forward_test | Preloaded 99 bars into key 'GBPUSD:60'
2026-04-28 14:58:20 | INFO     | ayumi.blend_launcher | Preloaded 99 H1 bars
2026-04-28 14:58:20 | INFO     | ayumi.forward_test | Preloaded 199 bars into key 'GBPUSD:15'
2026-04-28 14:58:20 | INFO     | ayumi.blend_launcher | Preloaded 199 M15 bars
2026-04-28 14:58:20 | INFO     | ayumi.blend_launcher | === STARTING MULTI-STRATEGY FORWARD TEST ===
2026-04-28 14:58:20 | INFO     | ayumi.blend_launcher | Pipeline: SRMR+ + Killzone + Momentum + SessionRangeMR → Correlation Gate → Blend Runner → Paper
2026-04-28 14:58:20 | INFO     | ayumi.forward_test | Market data feed connected for GBPUSD
2026-04-28 14:58:20 | INFO     | ayumi.forward_test | Forward test started: symbol=GBPUSD strategies=['SRMR+', 'Killzone Momentum', 'Donchian Channel Breakout', 'Session-Range Mean Reversion'] mode=PAPER eval_interval=1.0s bar_period=60m
2026-04-28 14:58:37 | WARNING  | ayumi.risk | No state file at /tmp/pytest-of-root/pytest-407/test_start_restores_no_state0/risk_state.json — starting fresh
2026-04-28 14:58:37 | WARNING  | ayumi.risk | No state file at /tmp/pytest-of-root/pytest-407/test_signal_processing0/risk_state.json — starting fresh
2026-04-28 14:58:37 | WARNING  | ayumi.risk | No state file at /tmp/pytest-of-root/pytest-407/test_multiple_signals_in_seque0/risk_state.json — starting fresh
2026-04-28 14:58:37 | WARNING  | ayumi.risk | No state file at /tmp/pytest-of-root/pytest-407/test_fill_handling_updates_bal0/risk_state.json — starting fresh
2026-04-28 14:58:37 | WARNING  | ayumi.risk | No state file at /tmp/pytest-of-root/pytest-407/test_state_save_on_stop0/risk_state.json — starting fresh
2026-04-28 14:58:37 | WARNING  | ayumi.risk | No state file at /tmp/pytest-of-root/pytest-407/test_state_restore_on_start0/risk_state.json — starting fresh
2026-04-28 14:58:39 | WARNING  | ayumi.forward_test | Reconnection failed — next attempt in 0.0s
2026-04-28 14:58:39 | WARNING  | ayumi.forward_test | Reconnection failed — next attempt in 0.0s
2026-04-28 14:58:39 | WARNING  | ayumi.forward_test | Reconnection failed — next attempt in 0.0s
2026-04-28 14:58:39 | WARNING  | ayumi.forward_test | Reconnection failed — next attempt in 0.0s
2026-04-28 14:58:39 | WARNING  | ayumi.forward_test | Reconnection failed — next attempt in 0.0s
2026-04-28 14:58:39 | WARNING  | ayumi.forward_test | Reconnection failed — next attempt in 0.0s
2026-04-28 14:58:39 | WARNING  | ayumi.forward_test | Reconnection failed — next attempt in 0.0s
2026-04-28 14:58:39 | WARNING  | ayumi.forward_test | Reconnection failed — next attempt in 0.0s
2026-04-28 14:58:39 | WARNING  | ayumi.forward_test | Reconnection failed — next attempt in 0.0s
2026-04-28 14:58:39 | CRITICAL | ayumi.forward_test | Reconnect circuit-breaker tripped: 10 consecutive attempts with no ticks (max=10). Stopping engine gracefully.
2026-04-28 14:58:39 | WARNING  | ayumi.forward_test | Reconnection failed — next attempt in 0.0s
2026-04-28 14:58:39 | WARNING  | ayumi.forward_test | Reconnection failed — next attempt in 0.0s
2026-04-28 14:58:39 | WARNING  | ayumi.forward_test | Reconnection failed — next attempt in 0.0s
2026-04-28 14:58:39 | WARNING  | ayumi.forward_test | Reconnection failed — next attempt in 0.0s
2026-04-28 14:58:39 | WARNING  | ayumi.forward_test | Reconnection failed — next attempt in 0.0s
2026-04-28 14:58:39 | WARNING  | ayumi.forward_test | Reconnection failed — next attempt in 0.0s
2026-04-28 14:58:39 | WARNING  | ayumi.forward_test | Reconnection failed — next attempt in 0.0s
2026-04-28 14:58:39 | CRITICAL | ayumi.forward_test | Reconnect circuit-breaker tripped: 3 consecutive attempts with no ticks (max=3). Stopping engine gracefully.
2026-04-28 14:58:39 | WARNING  | ayumi.forward_test | Connection health check failed: connected=False last_tick_ago=infs threshold=900.0s — reconnecting
2026-04-28 14:58:39 | WARNING  | ayumi.forward_test | Reconnection failed — next attempt in 0.0s
2026-04-28 14:58:39 | WARNING  | ayumi.forward_test | Connection health check failed: connected=False last_tick_ago=infs threshold=30.0s — reconnecting
2026-04-28 14:58:39 | WARNING  | ayumi.forward_test | Reconnection failed — next attempt in 0.0s
2026-04-28 14:58:39 | WARNING  | ayumi.forward_test | Connection health check failed: connected=False last_tick_ago=infs threshold=30.0s — reconnecting
2026-04-28 14:58:39 | WARNING  | ayumi.forward_test | Reconnection failed — next attempt in 0.0s
2026-04-28 15:13:30 | WARNING  | ayumi.forward_test | Connection health check failed: connected=True last_tick_ago=908.5s threshold=900.0s — reconnecting
2026-04-28 15:13:30 | INFO     | ayumi.forward_test | Reconnection attempt 1 (backoff=5.0s)
2026-04-28 15:13:30 | INFO     | ayumi.forward_test | Market data feed connected for GBPUSD
2026-04-28 15:13:30 | INFO     | ayumi.forward_test | Reconnection successful — reset consecutive failure counter
2026-04-28 15:28:40 | WARNING  | ayumi.forward_test | Connection health check failed: connected=True last_tick_ago=908.7s threshold=900.0s — reconnecting
2026-04-28 15:28:40 | INFO     | ayumi.forward_test | Reconnection attempt 1 (backoff=5.0s)
2026-04-28 15:28:41 | INFO     | ayumi.forward_test | Market data feed connected for GBPUSD
2026-04-28 15:28:41 | INFO     | ayumi.forward_test | Reconnection successful — reset consecutive failure counter
2026-04-28 15:43:51 | WARNING  | ayumi.forward_test | Connection health check failed: connected=True last_tick_ago=909.9s threshold=900.0s — reconnecting
2026-04-28 15:43:51 | INFO     | ayumi.forward_test | Reconnection attempt 1 (backoff=5.0s)
2026-04-28 15:43:51 | INFO     | ayumi.forward_test | Market data feed connected for GBPUSD
2026-04-28 15:43:51 | INFO     | ayumi.forward_test | Reconnection successful — reset consecutive failure counter
2026-04-28 15:59:01 | WARNING  | ayumi.forward_test | Connection health check failed: connected=True last_tick_ago=900.8s threshold=900.0s — reconnecting
2026-04-28 15:59:01 | INFO     | ayumi.forward_test | Reconnection attempt 1 (backoff=5.0s)
2026-04-28 15:59:01 | INFO     | ayumi.forward_test | Market data feed connected for GBPUSD
2026-04-28 15:59:01 | INFO     | ayumi.forward_test | Reconnection successful — reset consecutive failure counter
2026-04-28 16:14:11 | WARNING  | ayumi.forward_test | Connection health check failed: connected=True last_tick_ago=906.5s threshold=900.0s — reconnecting
2026-04-28 16:14:11 | INFO     | ayumi.forward_test | Reconnection attempt 1 (backoff=5.0s)
2026-04-28 16:14:12 | INFO     | ayumi.forward_test | Market data feed connected for GBPUSD
2026-04-28 16:14:12 | INFO     | ayumi.forward_test | Reconnection successful — reset consecutive failure counter
2026-04-28 16:29:22 | WARNING  | ayumi.forward_test | Connection health check failed: connected=True last_tick_ago=907.0s threshold=900.0s — reconnecting
2026-04-28 16:29:22 | INFO     | ayumi.forward_test | Reconnection attempt 1 (backoff=5.0s)
2026-04-28 16:29:22 | INFO     | ayumi.forward_test | Market data feed connected for GBPUSD
2026-04-28 16:29:22 | INFO     | ayumi.forward_test | Reconnection successful — reset consecutive failure counter
2026-04-28 16:44:32 | WARNING  | ayumi.forward_test | Connection health check failed: connected=True last_tick_ago=906.5s threshold=900.0s — reconnecting
2026-04-28 16:44:32 | INFO     | ayumi.forward_test | Reconnection attempt 1 (backoff=5.0s)
2026-04-28 16:44:32 | INFO     | ayumi.forward_test | Market data feed connected for GBPUSD
2026-04-28 16:44:32 | INFO     | ayumi.forward_test | Reconnection successful — reset consecutive failure counter
2026-04-28 16:59:43 | WARNING  | ayumi.forward_test | Connection health check failed: connected=True last_tick_ago=907.2s threshold=900.0s — reconnecting
2026-04-28 16:59:43 | INFO     | ayumi.forward_test | Reconnection attempt 1 (backoff=5.0s)
2026-04-28 16:59:43 | INFO     | ayumi.forward_test | Market data feed connected for GBPUSD
2026-04-28 16:59:43 | INFO     | ayumi.forward_test | Reconnection successful — reset consecutive failure counter
2026-04-28 17:14:53 | WARNING  | ayumi.forward_test | Connection health check failed: connected=True last_tick_ago=903.9s threshold=900.0s — reconnecting
2026-04-28 17:14:53 | INFO     | ayumi.forward_test | Reconnection attempt 1 (backoff=5.0s)
2026-04-28 17:14:53 | INFO     | ayumi.forward_test | Market data feed connected for GBPUSD
2026-04-28 17:14:53 | INFO     | ayumi.forward_test | Reconnection successful — reset consecutive failure counter
2026-04-28 17:30:03 | WARNING  | ayumi.forward_test | Connection health check failed: connected=True last_tick_ago=908.0s threshold=900.0s — reconnecting
2026-04-28 17:30:03 | INFO     | ayumi.forward_test | Reconnection attempt 1 (backoff=5.0s)
2026-04-28 17:30:04 | INFO     | ayumi.forward_test | Market data feed connected for GBPUSD
2026-04-28 17:30:04 | INFO     | ayumi.forward_test | Reconnection successful — reset consecutive failure counter
2026-04-28 17:45:24 | WARNING  | ayumi.forward_test | Connection health check failed: connected=True last_tick_ago=901.4s threshold=900.0s — reconnecting
2026-04-28 17:45:24 | INFO     | ayumi.forward_test | Reconnection attempt 1 (backoff=5.0s)
2026-04-28 17:45:24 | INFO     | ayumi.forward_test | Market data feed connected for GBPUSD
2026-04-28 17:45:24 | INFO     | ayumi.forward_test | Reconnection successful — reset consecutive failure counter
2026-04-28 18:00:34 | WARNING  | ayumi.forward_test | Connection health check failed: connected=True last_tick_ago=903.2s threshold=900.0s — reconnecting
2026-04-28 18:00:34 | INFO     | ayumi.forward_test | Reconnection attempt 1 (backoff=5.0s)
2026-04-28 18:00:35 | INFO     | ayumi.forward_test | Market data feed connected for GBPUSD
2026-04-28 18:00:35 | INFO     | ayumi.forward_test | Reconnection successful — reset consecutive failure counter
2026-04-28 18:15:45 | WARNING  | ayumi.forward_test | Connection health check failed: connected=True last_tick_ago=909.2s threshold=900.0s — reconnecting
2026-04-28 18:15:45 | INFO     | ayumi.forward_test | Reconnection attempt 1 (backoff=5.0s)
2026-04-28 18:15:45 | INFO     | ayumi.forward_test | Market data feed connected for GBPUSD
2026-04-28 18:15:45 | INFO     | ayumi.forward_test | Reconnection successful — reset consecutive failure counter
2026-04-28 18:30:55 | WARNING  | ayumi.forward_test | Connection health check failed: connected=True last_tick_ago=909.8s threshold=900.0s — reconnecting
2026-04-28 18:30:55 | INFO     | ayumi.forward_test | Reconnection attempt 1 (backoff=5.0s)
2026-04-28 18:30:55 | WARNING  | ayumi.forward_test | Reconnection failed — next attempt in 10.0s
2026-04-28 18:31:05 | WARNING  | ayumi.forward_test | Connection health check failed: connected=False last_tick_ago=920.0s threshold=900.0s — reconnecting
2026-04-28 18:31:05 | INFO     | ayumi.forward_test | Reconnection attempt 2 (backoff=10.0s)
2026-04-28 18:31:05 | INFO     | ayumi.forward_test | Market data feed connected for GBPUSD
2026-04-28 18:31:05 | INFO     | ayumi.forward_test | Reconnection successful — reset consecutive failure counter
2026-04-28 18:46:16 | WARNING  | ayumi.forward_test | Connection health check failed: connected=True last_tick_ago=905.1s threshold=900.0s — reconnecting
2026-04-28 18:46:16 | INFO     | ayumi.forward_test | Reconnection attempt 1 (backoff=5.0s)
2026-04-28 18:46:16 | INFO     | ayumi.forward_test | Market data feed connected for GBPUSD
2026-04-28 18:46:16 | INFO     | ayumi.forward_test | Reconnection successful — reset consecutive failure counter
2026-04-28 19:01:26 | WARNING  | ayumi.forward_test | Connection health check failed: connected=True last_tick_ago=902.5s threshold=900.0s — reconnecting
2026-04-28 19:01:26 | INFO     | ayumi.forward_test | Reconnection attempt 1 (backoff=5.0s)
2026-04-28 19:01:26 | WARNING  | ayumi.forward_test | Reconnection failed — next attempt in 10.0s
2026-04-28 19:01:36 | WARNING  | ayumi.forward_test | Connection health check failed: connected=False last_tick_ago=912.7s threshold=900.0s — reconnecting
2026-04-28 19:01:36 | INFO     | ayumi.forward_test | Reconnection attempt 2 (backoff=10.0s)
2026-04-28 19:01:36 | INFO     | ayumi.forward_test | Market data feed connected for GBPUSD
2026-04-28 19:01:36 | INFO     | ayumi.forward_test | Reconnection successful — reset consecutive failure counter
2026-04-28 19:16:46 | WARNING  | ayumi.forward_test | Connection health check failed: connected=True last_tick_ago=903.8s threshold=900.0s — reconnecting
2026-04-28 19:16:46 | INFO     | ayumi.forward_test | Reconnection attempt 1 (backoff=5.0s)
2026-04-28 19:16:47 | INFO     | ayumi.forward_test | Market data feed connected for GBPUSD
2026-04-28 19:16:47 | INFO     | ayumi.forward_test | Reconnection successful — reset consecutive failure counter
2026-04-28 19:32:07 | WARNING  | ayumi.forward_test | Connection health check failed: connected=True last_tick_ago=907.1s threshold=900.0s — reconnecting
2026-04-28 19:32:07 | INFO     | ayumi.forward_test | Reconnection attempt 1 (backoff=5.0s)
2026-04-28 19:32:07 | INFO     | ayumi.forward_test | Market data feed connected for GBPUSD
2026-04-28 19:32:07 | INFO     | ayumi.forward_test | Reconnection successful — reset consecutive failure counter
2026-04-28 19:47:17 | WARNING  | ayumi.forward_test | Connection health check failed: connected=True last_tick_ago=908.0s threshold=900.0s — reconnecting
2026-04-28 19:47:17 | INFO     | ayumi.forward_test | Reconnection attempt 1 (backoff=5.0s)
2026-04-28 19:47:17 | INFO     | ayumi.forward_test | Market data feed connected for GBPUSD
2026-04-28 19:47:17 | INFO     | ayumi.forward_test | Reconnection successful — reset consecutive failure counter
2026-04-28 20:02:27 | WARNING  | ayumi.forward_test | Connection health check failed: connected=True last_tick_ago=904.1s threshold=900.0s — reconnecting
2026-04-28 20:02:27 | INFO     | ayumi.forward_test | Reconnection attempt 1 (backoff=5.0s)
2026-04-28 20:02:28 | INFO     | ayumi.forward_test | Market data feed connected for GBPUSD
2026-04-28 20:02:28 | INFO     | ayumi.forward_test | Reconnection successful — reset consecutive failure counter
2026-04-28 20:17:38 | WARNING  | ayumi.forward_test | Connection health check failed: connected=True last_tick_ago=907.4s threshold=900.0s — reconnecting
2026-04-28 20:17:38 | INFO     | ayumi.forward_test | Reconnection attempt 1 (backoff=5.0s)
2026-04-28 20:17:38 | INFO     | ayumi.forward_test | Market data feed connected for GBPUSD
2026-04-28 20:17:38 | INFO     | ayumi.forward_test | Reconnection successful — reset consecutive failure counter
2026-04-28 20:32:48 | WARNING  | ayumi.forward_test | Connection health check failed: connected=True last_tick_ago=907.3s threshold=900.0s — reconnecting
2026-04-28 20:32:48 | INFO     | ayumi.forward_test | Reconnection attempt 1 (backoff=5.0s)
2026-04-28 20:32:48 | INFO     | ayumi.forward_test | Market data feed connected for GBPUSD
2026-04-28 20:32:48 | INFO     | ayumi.forward_test | Reconnection successful — reset consecutive failure counter
2026-04-28 20:32:58 | WARNING  | ayumi.forward_test | Connection health check failed: connected=True last_tick_ago=917.6s threshold=900.0s — reconnecting
2026-04-28 20:32:58 | INFO     | ayumi.forward_test | Reconnection attempt 1 (backoff=5.0s)
2026-04-28 20:32:59 | INFO     | ayumi.forward_test | Market data feed connected for GBPUSD
2026-04-28 20:32:59 | INFO     | ayumi.forward_test | Reconnection successful — reset consecutive failure counter
2026-04-28 20:33:09 | WARNING  | ayumi.forward_test | Connection health check failed: connected=True last_tick_ago=927.9s threshold=900.0s — reconnecting
2026-04-28 20:33:09 | INFO     | ayumi.forward_test | Reconnection attempt 1 (backoff=5.0s)
2026-04-28 20:33:09 | INFO     | ayumi.forward_test | Market data feed connected for GBPUSD
2026-04-28 20:33:09 | INFO     | ayumi.forward_test | Reconnection successful — reset consecutive failure counter
2026-04-28 20:33:19 | WARNING  | ayumi.forward_test | Connection health check failed: connected=True last_tick_ago=938.3s threshold=900.0s — reconnecting
2026-04-28 20:33:19 | INFO     | ayumi.forward_test | Reconnection attempt 1 (backoff=5.0s)
2026-04-28 20:33:19 | INFO     | ayumi.forward_test | Market data feed connected for GBPUSD
2026-04-28 20:33:19 | INFO     | ayumi.forward_test | Reconnection successful — reset consecutive failure counter
2026-04-28 20:33:29 | WARNING  | ayumi.forward_test | Connection health check failed: connected=True last_tick_ago=948.6s threshold=900.0s — reconnecting
2026-04-28 20:33:29 | INFO     | ayumi.forward_test | Reconnection attempt 1 (backoff=5.0s)
2026-04-28 20:33:30 | INFO     | ayumi.forward_test | Market data feed connected for GBPUSD
2026-04-28 20:33:30 | INFO     | ayumi.forward_test | Reconnection successful — reset consecutive failure counter
2026-04-28 20:33:40 | WARNING  | ayumi.forward_test | Connection health check failed: connected=True last_tick_ago=958.8s threshold=900.0s — reconnecting
2026-04-28 20:33:40 | INFO     | ayumi.forward_test | Reconnection attempt 1 (backoff=5.0s)
2026-04-28 20:33:40 | INFO     | ayumi.forward_test | Market data feed connected for GBPUSD
2026-04-28 20:33:40 | INFO     | ayumi.forward_test | Reconnection successful — reset consecutive failure counter
2026-04-28 20:33:50 | WARNING  | ayumi.forward_test | Connection health check failed: connected=True last_tick_ago=969.1s threshold=900.0s — reconnecting
2026-04-28 20:33:50 | INFO     | ayumi.forward_test | Reconnection attempt 1 (backoff=5.0s)
2026-04-28 20:33:50 | INFO     | ayumi.forward_test | Market data feed connected for GBPUSD
2026-04-28 20:33:50 | INFO     | ayumi.forward_test | Reconnection successful — reset consecutive failure counter
2026-04-28 20:34:00 | WARNING  | ayumi.forward_test | Connection health check failed: connected=True last_tick_ago=979.4s threshold=900.0s — reconnecting
2026-04-28 20:34:00 | INFO     | ayumi.forward_test | Reconnection attempt 1 (backoff=5.0s)
2026-04-28 20:34:01 | INFO     | ayumi.forward_test | Market data feed connected for GBPUSD
2026-04-28 20:34:01 | INFO     | ayumi.forward_test | Reconnection successful — reset consecutive failure counter
2026-04-28 20:34:11 | WARNING  | ayumi.forward_test | Connection health check failed: connected=True last_tick_ago=989.7s threshold=900.0s — reconnecting
2026-04-28 20:34:11 | INFO     | ayumi.forward_test | Reconnection attempt 1 (backoff=5.0s)
2026-04-28 20:34:11 | INFO     | ayumi.forward_test | Market data feed connected for GBPUSD
2026-04-28 20:34:11 | INFO     | ayumi.forward_test | Reconnection successful — reset consecutive failure counter
2026-04-28 20:34:21 | WARNING  | ayumi.forward_test | Connection health check failed: connected=True last_tick_ago=1000.0s threshold=900.0s — reconnecting
2026-04-28 20:34:21 | INFO     | ayumi.forward_test | Reconnection attempt 1 (backoff=5.0s)
2026-04-28 20:34:21 | INFO     | ayumi.forward_test | Market data feed connected for GBPUSD
2026-04-28 20:34:21 | INFO     | ayumi.forward_test | Reconnection successful — reset consecutive failure counter
2026-04-28 20:34:31 | WARNING  | ayumi.forward_test | Connection health check failed: connected=True last_tick_ago=1010.3s threshold=900.0s — reconnecting
2026-04-28 20:34:31 | INFO     | ayumi.forward_test | Reconnection attempt 1 (backoff=5.0s)
2026-04-28 20:34:31 | INFO     | ayumi.forward_test | Market data feed connected for GBPUSD
2026-04-28 20:34:31 | INFO     | ayumi.forward_test | Reconnection successful — reset consecutive failure counter
2026-04-28 20:34:41 | WARNING  | ayumi.forward_test | Connection health check failed: connected=True last_tick_ago=1020.6s threshold=900.0s — reconnecting
2026-04-28 20:34:41 | INFO     | ayumi.forward_test | Reconnection attempt 1 (backoff=5.0s)
2026-04-28 20:34:42 | INFO     | ayumi.forward_test | Market data feed connected for GBPUSD
2026-04-28 20:34:42 | INFO     | ayumi.forward_test | Reconnection successful — reset consecutive failure counter
2026-04-28 20:34:52 | WARNING  | ayumi.forward_test | Connection health check failed: connected=True last_tick_ago=1030.9s threshold=900.0s — reconnecting
2026-04-28 20:34:52 | INFO     | ayumi.forward_test | Reconnection attempt 1 (backoff=5.0s)
2026-04-28 20:34:52 | INFO     | ayumi.forward_test | Market data feed connected for GBPUSD
2026-04-28 20:34:52 | INFO     | ayumi.forward_test | Reconnection successful — reset consecutive failure counter
2026-04-28 20:35:02 | WARNING  | ayumi.forward_test | Connection health check failed: connected=True last_tick_ago=1041.2s threshold=900.0s — reconnecting
2026-04-28 20:35:02 | INFO     | ayumi.forward_test | Reconnection attempt 1 (backoff=5.0s)
2026-04-28 20:35:02 | INFO     | ayumi.forward_test | Market data feed connected for GBPUSD
2026-04-28 20:35:02 | INFO     | ayumi.forward_test | Reconnection successful — reset consecutive failure counter
2026-04-28 20:35:12 | WARNING  | ayumi.forward_test | Connection health check failed: connected=True last_tick_ago=1051.5s threshold=900.0s — reconnecting
2026-04-28 20:35:12 | INFO     | ayumi.forward_test | Reconnection attempt 1 (backoff=5.0s)
2026-04-28 20:35:13 | INFO     | ayumi.forward_test | Market data feed connected for GBPUSD
2026-04-28 20:35:13 | INFO     | ayumi.forward_test | Reconnection successful — reset consecutive failure counter
2026-04-28 20:35:23 | WARNING  | ayumi.forward_test | Connection health check failed: connected=True last_tick_ago=1061.8s threshold=900.0s — reconnecting
2026-04-28 20:35:23 | INFO     | ayumi.forward_test | Reconnection attempt 1 (backoff=5.0s)
2026-04-28 20:35:23 | INFO     | ayumi.forward_test | Market data feed connected for GBPUSD
2026-04-28 20:35:23 | INFO     | ayumi.forward_test | Reconnection successful — reset consecutive failure counter
2026-04-28 20:35:33 | WARNING  | ayumi.forward_test | Connection health check failed: connected=True last_tick_ago=1072.1s threshold=900.0s — reconnecting
2026-04-28 20:35:33 | INFO     | ayumi.forward_test | Reconnection attempt 1 (backoff=5.0s)
2026-04-28 20:35:33 | INFO     | ayumi.forward_test | Market data feed connected for GBPUSD
2026-04-28 20:35:33 | INFO     | ayumi.forward_test | Reconnection successful — reset consecutive failure counter
2026-04-28 20:35:43 | WARNING  | ayumi.forward_test | Connection health check failed: connected=True last_tick_ago=1082.4s threshold=900.0s — reconnecting
2026-04-28 20:35:43 | INFO     | ayumi.forward_test | Reconnection attempt 1 (backoff=5.0s)
2026-04-28 20:35:44 | INFO     | ayumi.forward_test | Market data feed connected for GBPUSD
2026-04-28 20:35:44 | INFO     | ayumi.forward_test | Reconnection successful — reset consecutive failure counter
2026-04-28 20:35:54 | WARNING  | ayumi.forward_test | Connection health check failed: connected=True last_tick_ago=1092.7s threshold=900.0s — reconnecting
2026-04-28 20:35:54 | INFO     | ayumi.forward_test | Reconnection attempt 1 (backoff=5.0s)
2026-04-28 20:35:54 | INFO     | ayumi.forward_test | Market data feed connected for GBPUSD
2026-04-28 20:35:54 | INFO     | ayumi.forward_test | Reconnection successful — reset consecutive failure counter
2026-04-28 20:36:04 | WARNING  | ayumi.forward_test | Connection health check failed: connected=True last_tick_ago=1103.0s threshold=900.0s — reconnecting
2026-04-28 20:36:04 | INFO     | ayumi.forward_test | Reconnection attempt 1 (backoff=5.0s)
2026-04-28 20:36:04 | INFO     | ayumi.forward_test | Market data feed connected for GBPUSD
2026-04-28 20:36:04 | INFO     | ayumi.forward_test | Reconnection successful — reset consecutive failure counter
2026-04-28 20:36:14 | WARNING  | ayumi.forward_test | Connection health check failed: connected=True last_tick_ago=1113.3s threshold=900.0s — reconnecting
2026-04-28 20:36:14 | INFO     | ayumi.forward_test | Reconnection attempt 1 (backoff=5.0s)
2026-04-28 20:36:14 | INFO     | ayumi.forward_test | Market data feed connected for GBPUSD
2026-04-28 20:36:14 | INFO     | ayumi.forward_test | Reconnection successful — reset consecutive failure counter
2026-04-28 20:36:24 | WARNING  | ayumi.forward_test | Connection health check failed: connected=True last_tick_ago=1123.6s threshold=900.0s — reconnecting
2026-04-28 20:36:24 | INFO     | ayumi.forward_test | Reconnection attempt 1 (backoff=5.0s)
2026-04-28 20:36:25 | INFO     | ayumi.forward_test | Market data feed connected for GBPUSD
2026-04-28 20:36:25 | INFO     | ayumi.forward_test | Reconnection successful — reset consecutive failure counter
2026-04-28 20:36:35 | WARNING  | ayumi.forward_test | Connection health check failed: connected=True last_tick_ago=1133.9s threshold=900.0s — reconnecting
2026-04-28 20:36:35 | INFO     | ayumi.forward_test | Reconnection attempt 1 (backoff=5.0s)
2026-04-28 20:36:35 | INFO     | ayumi.forward_test | Market data feed connected for GBPUSD
2026-04-28 20:36:35 | INFO     | ayumi.forward_test | Reconnection successful — reset consecutive failure counter
2026-04-28 20:36:45 | WARNING  | ayumi.forward_test | Connection health check failed: connected=True last_tick_ago=1144.3s threshold=900.0s — reconnecting
2026-04-28 20:36:45 | INFO     | ayumi.forward_test | Reconnection attempt 1 (backoff=5.0s)
2026-04-28 20:36:45 | INFO     | ayumi.forward_test | Market data feed connected for GBPUSD
2026-04-28 20:36:45 | INFO     | ayumi.forward_test | Reconnection successful — reset consecutive failure counter
2026-04-28 20:36:55 | WARNING  | ayumi.forward_test | Connection health check failed: connected=True last_tick_ago=1154.6s threshold=900.0s — reconnecting
2026-04-28 20:36:55 | INFO     | ayumi.forward_test | Reconnection attempt 1 (backoff=5.0s)
2026-04-28 20:36:56 | INFO     | ayumi.forward_test | Market data feed connected for GBPUSD
2026-04-28 20:36:56 | INFO     | ayumi.forward_test | Reconnection successful — reset consecutive failure counter
2026-04-28 20:37:06 | WARNING  | ayumi.forward_test | Connection health check failed: connected=True last_tick_ago=1164.9s threshold=900.0s — reconnecting
2026-04-28 20:37:06 | INFO     | ayumi.forward_test | Reconnection attempt 1 (backoff=5.0s)
2026-04-28 20:37:06 | INFO     | ayumi.forward_test | Market data feed connected for GBPUSD
2026-04-28 20:37:06 | INFO     | ayumi.forward_test | Reconnection successful — reset consecutive failure counter
2026-04-28 20:37:16 | WARNING  | ayumi.forward_test | Connection health check failed: connected=True last_tick_ago=1175.1s threshold=900.0s — reconnecting
2026-04-28 20:37:16 | INFO     | ayumi.forward_test | Reconnection attempt 1 (backoff=5.0s)
2026-04-28 20:37:16 | INFO     | ayumi.forward_test | Market data feed connected for GBPUSD
2026-04-28 20:37:16 | INFO     | ayumi.forward_test | Reconnection successful — reset consecutive failure counter
2026-04-28 20:37:26 | WARNING  | ayumi.forward_test | Connection health check failed: connected=True last_tick_ago=1185.4s threshold=900.0s — reconnecting
2026-04-28 20:37:26 | INFO     | ayumi.forward_test | Reconnection attempt 1 (backoff=5.0s)
2026-04-28 20:37:27 | INFO     | ayumi.forward_test | Market data feed connected for GBPUSD
2026-04-28 20:37:27 | INFO     | ayumi.forward_test | Reconnection successful — reset consecutive failure counter
2026-04-28 20:37:37 | WARNING  | ayumi.forward_test | Connection health check failed: connected=True last_tick_ago=1195.7s threshold=900.0s — reconnecting
2026-04-28 20:37:37 | INFO     | ayumi.forward_test | Reconnection attempt 1 (backoff=5.0s)
2026-04-28 20:37:37 | INFO     | ayumi.forward_test | Market data feed connected for GBPUSD
2026-04-28 20:37:37 | INFO     | ayumi.forward_test | Reconnection successful — reset consecutive failure counter
2026-04-28 20:37:47 | WARNING  | ayumi.forward_test | Connection health check failed: connected=True last_tick_ago=1206.0s threshold=900.0s — reconnecting
2026-04-28 20:37:47 | INFO     | ayumi.forward_test | Reconnection attempt 1 (backoff=5.0s)
2026-04-28 20:37:47 | INFO     | ayumi.forward_test | Market data feed connected for GBPUSD
2026-04-28 20:37:47 | INFO     | ayumi.forward_test | Reconnection successful — reset consecutive failure counter
2026-04-28 20:37:57 | WARNING  | ayumi.forward_test | Connection health check failed: connected=True last_tick_ago=1216.3s threshold=900.0s — reconnecting
2026-04-28 20:37:57 | INFO     | ayumi.forward_test | Reconnection attempt 1 (backoff=5.0s)
2026-04-28 20:37:57 | INFO     | ayumi.forward_test | Market data feed connected for GBPUSD
2026-04-28 20:37:57 | INFO     | ayumi.forward_test | Reconnection successful — reset consecutive failure counter
2026-04-28 20:38:07 | WARNING  | ayumi.forward_test | Connection health check failed: connected=True last_tick_ago=1226.6s threshold=900.0s — reconnecting
2026-04-28 20:38:07 | INFO     | ayumi.forward_test | Reconnection attempt 1 (backoff=5.0s)
2026-04-28 20:38:08 | INFO     | ayumi.forward_test | Market data feed connected for GBPUSD
2026-04-28 20:38:08 | INFO     | ayumi.forward_test | Reconnection successful — reset consecutive failure counter
2026-04-28 20:38:18 | WARNING  | ayumi.forward_test | Connection health check failed: connected=True last_tick_ago=1236.9s threshold=900.0s — reconnecting
2026-04-28 20:38:18 | INFO     | ayumi.forward_test | Reconnection attempt 1 (backoff=5.0s)
2026-04-28 20:38:18 | INFO     | ayumi.forward_test | Market data feed connected for GBPUSD
2026-04-28 20:38:18 | INFO     | ayumi.forward_test | Reconnection successful — reset consecutive failure counter
2026-04-28 20:38:28 | WARNING  | ayumi.forward_test | Connection health check failed: connected=True last_tick_ago=1247.2s threshold=900.0s — reconnecting
2026-04-28 20:38:28 | INFO     | ayumi.forward_test | Reconnection attempt 1 (backoff=5.0s)
2026-04-28 20:38:28 | INFO     | ayumi.forward_test | Market data feed connected for GBPUSD
2026-04-28 20:38:28 | INFO     | ayumi.forward_test | Reconnection successful — reset consecutive failure counter
2026-04-28 20:38:38 | WARNING  | ayumi.forward_test | Connection health check failed: connected=True last_tick_ago=1257.5s threshold=900.0s — reconnecting
2026-04-28 20:38:38 | INFO     | ayumi.forward_test | Reconnection attempt 1 (backoff=5.0s)
2026-04-28 20:38:39 | INFO     | ayumi.forward_test | Market data feed connected for GBPUSD
2026-04-28 20:38:39 | INFO     | ayumi.forward_test | Reconnection successful — reset consecutive failure counter
2026-04-28 20:38:49 | WARNING  | ayumi.forward_test | Connection health check failed: connected=True last_tick_ago=1267.8s threshold=900.0s — reconnecting
2026-04-28 20:38:49 | INFO     | ayumi.forward_test | Reconnection attempt 1 (backoff=5.0s)
2026-04-28 20:38:49 | INFO     | ayumi.forward_test | Market data feed connected for GBPUSD
2026-04-28 20:38:49 | INFO     | ayumi.forward_test | Reconnection successful — reset consecutive failure counter
2026-04-28 20:38:59 | WARNING  | ayumi.forward_test | Connection health check failed: connected=True last_tick_ago=1278.1s threshold=900.0s — reconnecting
2026-04-28 20:38:59 | INFO     | ayumi.forward_test | Reconnection attempt 1 (backoff=5.0s)
2026-04-28 20:38:59 | INFO     | ayumi.forward_test | Market data feed connected for GBPUSD
2026-04-28 20:38:59 | INFO     | ayumi.forward_test | Reconnection successful — reset consecutive failure counter
2026-04-28 20:39:09 | WARNING  | ayumi.forward_test | Connection health check failed: connected=True last_tick_ago=1288.4s threshold=900.0s — reconnecting
2026-04-28 20:39:09 | INFO     | ayumi.forward_test | Reconnection attempt 1 (backoff=5.0s)
2026-04-28 20:39:09 | INFO     | ayumi.forward_test | Market data feed connected for GBPUSD
2026-04-28 20:39:09 | INFO     | ayumi.forward_test | Reconnection successful — reset consecutive failure counter
2026-04-28 20:39:19 | WARNING  | ayumi.forward_test | Connection health check failed: connected=True last_tick_ago=1298.7s threshold=900.0s — reconnecting
2026-04-28 20:39:19 | INFO     | ayumi.forward_test | Reconnection attempt 1 (backoff=5.0s)
2026-04-28 20:39:20 | INFO     | ayumi.forward_test | Market data feed connected for GBPUSD
2026-04-28 20:39:20 | INFO     | ayumi.forward_test | Reconnection successful — reset consecutive failure counter
2026-04-28 20:39:30 | WARNING  | ayumi.forward_test | Connection health check failed: connected=True last_tick_ago=1309.0s threshold=900.0s — reconnecting
2026-04-28 20:39:30 | INFO     | ayumi.forward_test | Reconnection attempt 1 (backoff=5.0s)
2026-04-28 20:39:30 | INFO     | ayumi.forward_test | Market data feed connected for GBPUSD
2026-04-28 20:39:30 | INFO     | ayumi.forward_test | Reconnection successful — reset consecutive failure counter
2026-04-28 20:39:40 | WARNING  | ayumi.forward_test | Connection health check failed: connected=True last_tick_ago=1319.3s threshold=900.0s — reconnecting
2026-04-28 20:39:40 | INFO     | ayumi.forward_test | Reconnection attempt 1 (backoff=5.0s)
2026-04-28 20:39:40 | INFO     | ayumi.forward_test | Market data feed connected for GBPUSD
2026-04-28 20:39:40 | INFO     | ayumi.forward_test | Reconnection successful — reset consecutive failure counter
2026-04-28 20:39:50 | WARNING  | ayumi.forward_test | Connection health check failed: connected=True last_tick_ago=1329.6s threshold=900.0s — reconnecting
2026-04-28 20:39:50 | INFO     | ayumi.forward_test | Reconnection attempt 1 (backoff=5.0s)
2026-04-28 20:39:51 | INFO     | ayumi.forward_test | Market data feed connected for GBPUSD
2026-04-28 20:39:51 | INFO     | ayumi.forward_test | Reconnection successful — reset consecutive failure counter
2026-04-28 20:40:01 | WARNING  | ayumi.forward_test | Connection health check failed: connected=True last_tick_ago=1339.9s threshold=900.0s — reconnecting
2026-04-28 20:40:01 | INFO     | ayumi.forward_test | Reconnection attempt 1 (backoff=5.0s)
2026-04-28 20:40:01 | INFO     | ayumi.forward_test | Market data feed connected for GBPUSD
2026-04-28 20:40:01 | INFO     | ayumi.forward_test | Reconnection successful — reset consecutive failure counter
2026-04-28 20:40:11 | WARNING  | ayumi.forward_test | Connection health check failed: connected=True last_tick_ago=1350.2s threshold=900.0s — reconnecting
2026-04-28 20:40:11 | INFO     | ayumi.forward_test | Reconnection attempt 1 (backoff=5.0s)
2026-04-28 20:40:11 | INFO     | ayumi.forward_test | Market data feed connected for GBPUSD
2026-04-28 20:40:11 | INFO     | ayumi.forward_test | Reconnection successful — reset consecutive failure counter
2026-04-28 20:40:21 | WARNING  | ayumi.forward_test | Connection health check failed: connected=True last_tick_ago=1360.5s threshold=900.0s — reconnecting
2026-04-28 20:40:21 | INFO     | ayumi.forward_test | Reconnection attempt 1 (backoff=5.0s)
2026-04-28 20:40:22 | INFO     | ayumi.forward_test | Market data feed connected for GBPUSD
2026-04-28 20:40:22 | INFO     | ayumi.forward_test | Reconnection successful — reset consecutive failure counter
2026-04-28 20:40:32 | WARNING  | ayumi.forward_test | Connection health check failed: connected=True last_tick_ago=1370.7s threshold=900.0s — reconnecting
2026-04-28 20:40:32 | INFO     | ayumi.forward_test | Reconnection attempt 1 (backoff=5.0s)
2026-04-28 20:40:32 | INFO     | ayumi.forward_test | Market data feed connected for GBPUSD
2026-04-28 20:40:32 | INFO     | ayumi.forward_test | Reconnection successful — reset consecutive failure counter
2026-04-28 20:40:42 | WARNING  | ayumi.forward_test | Connection health check failed: connected=True last_tick_ago=1381.0s threshold=900.0s — reconnecting
2026-04-28 20:40:42 | INFO     | ayumi.forward_test | Reconnection attempt 1 (backoff=5.0s)
2026-04-28 20:40:42 | INFO     | ayumi.forward_test | Market data feed connected for GBPUSD
2026-04-28 20:40:42 | INFO     | ayumi.forward_test | Reconnection successful — reset consecutive failure counter
2026-04-28 20:40:52 | WARNING  | ayumi.forward_test | Connection health check failed: connected=True last_tick_ago=1391.3s threshold=900.0s — reconnecting
2026-04-28 20:40:52 | INFO     | ayumi.forward_test | Reconnection attempt 1 (backoff=5.0s)
2026-04-28 20:40:52 | INFO     | ayumi.forward_test | Market data feed connected for GBPUSD
2026-04-28 20:40:52 | INFO     | ayumi.forward_test | Reconnection successful — reset consecutive failure counter
2026-04-28 20:41:02 | WARNING  | ayumi.forward_test | Connection health check failed: connected=True last_tick_ago=1401.6s threshold=900.0s — reconnecting
2026-04-28 20:41:02 | INFO     | ayumi.forward_test | Reconnection attempt 1 (backoff=5.0s)
2026-04-28 20:41:03 | INFO     | ayumi.forward_test | Market data feed connected for GBPUSD
2026-04-28 20:41:03 | INFO     | ayumi.forward_test | Reconnection successful — reset consecutive failure counter
2026-04-28 20:41:13 | WARNING  | ayumi.forward_test | Connection health check failed: connected=True last_tick_ago=1411.9s threshold=900.0s — reconnecting
2026-04-28 20:41:13 | INFO     | ayumi.forward_test | Reconnection attempt 1 (backoff=5.0s)
2026-04-28 20:41:13 | INFO     | ayumi.forward_test | Market data feed connected for GBPUSD
2026-04-28 20:41:13 | INFO     | ayumi.forward_test | Reconnection successful — reset consecutive failure counter
2026-04-28 20:41:23 | WARNING  | ayumi.forward_test | Connection health check failed: connected=True last_tick_ago=1422.2s threshold=900.0s — reconnecting
2026-04-28 20:41:23 | INFO     | ayumi.forward_test | Reconnection attempt 1 (backoff=5.0s)
2026-04-28 20:41:23 | INFO     | ayumi.forward_test | Market data feed connected for GBPUSD
2026-04-28 20:41:23 | INFO     | ayumi.forward_test | Reconnection successful — reset consecutive failure counter
2026-04-28 20:41:33 | WARNING  | ayumi.forward_test | Connection health check failed: connected=True last_tick_ago=1432.5s threshold=900.0s — reconnecting
2026-04-28 20:41:33 | INFO     | ayumi.forward_test | Reconnection attempt 1 (backoff=5.0s)
2026-04-28 20:41:34 | INFO     | ayumi.forward_test | Market data feed connected for GBPUSD
2026-04-28 20:41:34 | INFO     | ayumi.forward_test | Reconnection successful — reset consecutive failure counter
2026-04-28 20:41:44 | WARNING  | ayumi.forward_test | Connection health check failed: connected=True last_tick_ago=1442.8s threshold=900.0s — reconnecting
2026-04-28 20:41:44 | INFO     | ayumi.forward_test | Reconnection attempt 1 (backoff=5.0s)
2026-04-28 20:41:44 | INFO     | ayumi.forward_test | Market data feed connected for GBPUSD
2026-04-28 20:41:44 | INFO     | ayumi.forward_test | Reconnection successful — reset consecutive failure counter
2026-04-28 20:41:54 | WARNING  | ayumi.forward_test | Connection health check failed: connected=True last_tick_ago=1453.1s threshold=900.0s — reconnecting
2026-04-28 20:41:54 | INFO     | ayumi.forward_test | Reconnection attempt 1 (backoff=5.0s)
2026-04-28 20:41:54 | INFO     | ayumi.forward_test | Market data feed connected for GBPUSD
2026-04-28 20:41:54 | INFO     | ayumi.forward_test | Reconnection successful — reset consecutive failure counter
2026-04-28 20:42:04 | WARNING  | ayumi.forward_test | Connection health check failed: connected=True last_tick_ago=1463.4s threshold=900.0s — reconnecting
2026-04-28 20:42:04 | INFO     | ayumi.forward_test | Reconnection attempt 1 (backoff=5.0s)
2026-04-28 20:42:04 | INFO     | ayumi.forward_test | Market data feed connected for GBPUSD
2026-04-28 20:42:04 | INFO     | ayumi.forward_test | Reconnection successful — reset consecutive failure counter
2026-04-28 20:42:14 | WARNING  | ayumi.forward_test | Connection health check failed: connected=True last_tick_ago=1473.7s threshold=900.0s — reconnecting
2026-04-28 20:42:14 | INFO     | ayumi.forward_test | Reconnection attempt 1 (backoff=5.0s)
2026-04-28 20:42:15 | INFO     | ayumi.forward_test | Market data feed connected for GBPUSD
2026-04-28 20:42:15 | INFO     | ayumi.forward_test | Reconnection successful — reset consecutive failure counter
2026-04-28 20:42:25 | WARNING  | ayumi.forward_test | Connection health check failed: connected=True last_tick_ago=1484.0s threshold=900.0s — reconnecting
2026-04-28 20:42:25 | INFO     | ayumi.forward_test | Reconnection attempt 1 (backoff=5.0s)
2026-04-28 20:42:25 | INFO     | ayumi.forward_test | Market data feed connected for GBPUSD
2026-04-28 20:42:25 | INFO     | ayumi.forward_test | Reconnection successful — reset consecutive failure counter
2026-04-28 20:42:35 | WARNING  | ayumi.forward_test | Connection health check failed: connected=True last_tick_ago=1494.3s threshold=900.0s — reconnecting
2026-04-28 20:42:35 | INFO     | ayumi.forward_test | Reconnection attempt 1 (backoff=5.0s)
2026-04-28 20:42:35 | INFO     | ayumi.forward_test | Market data feed connected for GBPUSD
2026-04-28 20:42:35 | INFO     | ayumi.forward_test | Reconnection successful — reset consecutive failure counter
2026-04-28 20:42:45 | WARNING  | ayumi.forward_test | Connection health check failed: connected=True last_tick_ago=1504.6s threshold=900.0s — reconnecting
2026-04-28 20:42:45 | INFO     | ayumi.forward_test | Reconnection attempt 1 (backoff=5.0s)
2026-04-28 20:42:46 | INFO     | ayumi.forward_test | Market data feed connected for GBPUSD
2026-04-28 20:42:46 | INFO     | ayumi.forward_test | Reconnection successful — reset consecutive failure counter
2026-04-28 20:42:56 | WARNING  | ayumi.forward_test | Connection health check failed: connected=True last_tick_ago=1514.9s threshold=900.0s — reconnecting
2026-04-28 20:42:56 | INFO     | ayumi.forward_test | Reconnection attempt 1 (backoff=5.0s)
2026-04-28 20:42:56 | INFO     | ayumi.forward_test | Market data feed connected for GBPUSD
2026-04-28 20:42:56 | INFO     | ayumi.forward_test | Reconnection successful — reset consecutive failure counter
2026-04-28 20:43:06 | WARNING  | ayumi.forward_test | Connection health check failed: connected=True last_tick_ago=1525.2s threshold=900.0s — reconnecting
2026-04-28 20:43:06 | INFO     | ayumi.forward_test | Reconnection attempt 1 (backoff=5.0s)
2026-04-28 20:43:06 | INFO     | ayumi.forward_test | Market data feed connected for GBPUSD
2026-04-28 20:43:06 | INFO     | ayumi.forward_test | Reconnection successful — reset consecutive failure counter
2026-04-28 20:43:16 | WARNING  | ayumi.forward_test | Connection health check failed: connected=True last_tick_ago=1535.5s threshold=900.0s — reconnecting
2026-04-28 20:43:16 | INFO     | ayumi.forward_test | Reconnection attempt 1 (backoff=5.0s)
2026-04-28 20:43:17 | INFO     | ayumi.forward_test | Market data feed connected for GBPUSD
2026-04-28 20:43:17 | INFO     | ayumi.forward_test | Reconnection successful — reset consecutive failure counter
2026-04-28 20:43:27 | WARNING  | ayumi.forward_test | Connection health check failed: connected=True last_tick_ago=1545.8s threshold=900.0s — reconnecting
2026-04-28 20:43:27 | INFO     | ayumi.forward_test | Reconnection attempt 1 (backoff=5.0s)
2026-04-28 20:43:27 | INFO     | ayumi.forward_test | Market data feed connected for GBPUSD
2026-04-28 20:43:27 | INFO     | ayumi.forward_test | Reconnection successful — reset consecutive failure counter
2026-04-28 20:43:37 | WARNING  | ayumi.forward_test | Connection health check failed: connected=True last_tick_ago=1556.1s threshold=900.0s — reconnecting
2026-04-28 20:43:37 | INFO     | ayumi.forward_test | Reconnection attempt 1 (backoff=5.0s)
2026-04-28 20:43:37 | INFO     | ayumi.forward_test | Market data feed connected for GBPUSD
2026-04-28 20:43:37 | INFO     | ayumi.forward_test | Reconnection successful — reset consecutive failure counter
2026-04-28 20:43:47 | WARNING  | ayumi.forward_test | Connection health check failed: connected=True last_tick_ago=1566.4s threshold=900.0s — reconnecting
2026-04-28 20:43:47 | INFO     | ayumi.forward_test | Reconnection attempt 1 (backoff=5.0s)
2026-04-28 20:43:47 | INFO     | ayumi.forward_test | Market data feed connected for GBPUSD
2026-04-28 20:43:47 | INFO     | ayumi.forward_test | Reconnection successful — reset consecutive failure counter
2026-04-28 20:43:57 | WARNING  | ayumi.forward_test | Connection health check failed: connected=True last_tick_ago=1576.7s threshold=900.0s — reconnecting
2026-04-28 20:43:57 | INFO     | ayumi.forward_test | Reconnection attempt 1 (backoff=5.0s)
2026-04-28 20:43:58 | INFO     | ayumi.forward_test | Market data feed connected for GBPUSD
2026-04-28 20:43:58 | INFO     | ayumi.forward_test | Reconnection successful — reset consecutive failure counter
2026-04-28 20:44:08 | WARNING  | ayumi.forward_test | Connection health check failed: connected=True last_tick_ago=1587.0s threshold=900.0s — reconnecting
2026-04-28 20:44:08 | INFO     | ayumi.forward_test | Reconnection attempt 1 (backoff=5.0s)
2026-04-28 20:44:08 | INFO     | ayumi.forward_test | Market data feed connected for GBPUSD
2026-04-28 20:44:08 | INFO     | ayumi.forward_test | Reconnection successful — reset consecutive failure counter
2026-04-28 20:44:18 | WARNING  | ayumi.forward_test | Connection health check failed: connected=True last_tick_ago=1597.2s threshold=900.0s — reconnecting
2026-04-28 20:44:18 | INFO     | ayumi.forward_test | Reconnection attempt 1 (backoff=5.0s)
2026-04-28 20:44:18 | INFO     | ayumi.forward_test | Market data feed connected for GBPUSD
2026-04-28 20:44:18 | INFO     | ayumi.forward_test | Reconnection successful — reset consecutive failure counter
2026-04-28 20:44:28 | WARNING  | ayumi.forward_test | Connection health check failed: connected=True last_tick_ago=1607.5s threshold=900.0s — reconnecting
2026-04-28 20:44:28 | INFO     | ayumi.forward_test | Reconnection attempt 1 (backoff=5.0s)
2026-04-28 20:44:29 | INFO     | ayumi.forward_test | Market data feed connected for GBPUSD
2026-04-28 20:44:29 | INFO     | ayumi.forward_test | Reconnection successful — reset consecutive failure counter
2026-04-28 20:44:39 | WARNING  | ayumi.forward_test | Connection health check failed: connected=True last_tick_ago=1617.8s threshold=900.0s — reconnecting
2026-04-28 20:44:39 | INFO     | ayumi.forward_test | Reconnection attempt 1 (backoff=5.0s)
2026-04-28 20:44:39 | INFO     | ayumi.forward_test | Market data feed connected for GBPUSD
2026-04-28 20:44:39 | INFO     | ayumi.forward_test | Reconnection successful — reset consecutive failure counter
2026-04-28 20:44:49 | WARNING  | ayumi.forward_test | Connection health check failed: connected=True last_tick_ago=1628.1s threshold=900.0s — reconnecting
2026-04-28 20:44:49 | INFO     | ayumi.forward_test | Reconnection attempt 1 (backoff=5.0s)
2026-04-28 20:44:49 | INFO     | ayumi.forward_test | Market data feed connected for GBPUSD
2026-04-28 20:44:49 | INFO     | ayumi.forward_test | Reconnection successful — reset consecutive failure counter
2026-04-28 20:44:59 | WARNING  | ayumi.forward_test | Connection health check failed: connected=True last_tick_ago=1638.4s threshold=900.0s — reconnecting
2026-04-28 20:44:59 | INFO     | ayumi.forward_test | Reconnection attempt 1 (backoff=5.0s)
2026-04-28 20:45:00 | INFO     | ayumi.forward_test | Market data feed connected for GBPUSD
2026-04-28 20:45:00 | INFO     | ayumi.forward_test | Reconnection successful — reset consecutive failure counter
2026-04-28 20:45:10 | WARNING  | ayumi.forward_test | Connection health check failed: connected=True last_tick_ago=1648.7s threshold=900.0s — reconnecting
2026-04-28 20:45:10 | INFO     | ayumi.forward_test | Reconnection attempt 1 (backoff=5.0s)
2026-04-28 20:45:10 | INFO     | ayumi.forward_test | Market data feed connected for GBPUSD
2026-04-28 20:45:10 | INFO     | ayumi.forward_test | Reconnection successful — reset consecutive failure counter
2026-04-28 20:45:20 | WARNING  | ayumi.forward_test | Connection health check failed: connected=True last_tick_ago=1659.0s threshold=900.0s — reconnecting
2026-04-28 20:45:20 | INFO     | ayumi.forward_test | Reconnection attempt 1 (backoff=5.0s)
2026-04-28 20:45:20 | INFO     | ayumi.forward_test | Market data feed connected for GBPUSD
2026-04-28 20:45:20 | INFO     | ayumi.forward_test | Reconnection successful — reset consecutive failure counter
2026-04-28 20:45:30 | WARNING  | ayumi.forward_test | Connection health check failed: connected=True last_tick_ago=1669.3s threshold=900.0s — reconnecting
2026-04-28 20:45:30 | INFO     | ayumi.forward_test | Reconnection attempt 1 (backoff=5.0s)
2026-04-28 20:45:30 | INFO     | ayumi.forward_test | Market data feed connected for GBPUSD
2026-04-28 20:45:30 | INFO     | ayumi.forward_test | Reconnection successful — reset consecutive failure counter
2026-04-28 20:45:40 | WARNING  | ayumi.forward_test | Connection health check failed: connected=True last_tick_ago=1679.6s threshold=900.0s — reconnecting
2026-04-28 20:45:40 | INFO     | ayumi.forward_test | Reconnection attempt 1 (backoff=5.0s)
2026-04-28 20:45:41 | INFO     | ayumi.forward_test | Market data feed connected for GBPUSD
2026-04-28 20:45:41 | INFO     | ayumi.forward_test | Reconnection successful — reset consecutive failure counter
2026-04-28 20:45:51 | WARNING  | ayumi.forward_test | Connection health check failed: connected=True last_tick_ago=1689.9s threshold=900.0s — reconnecting
2026-04-28 20:45:51 | INFO     | ayumi.forward_test | Reconnection attempt 1 (backoff=5.0s)
2026-04-28 20:45:51 | INFO     | ayumi.forward_test | Market data feed connected for GBPUSD
2026-04-28 20:45:51 | INFO     | ayumi.forward_test | Reconnection successful — reset consecutive failure counter
2026-04-28 20:46:01 | WARNING  | ayumi.forward_test | Connection health check failed: connected=True last_tick_ago=1700.2s threshold=900.0s — reconnecting
2026-04-28 20:46:01 | INFO     | ayumi.forward_test | Reconnection attempt 1 (backoff=5.0s)
2026-04-28 20:46:01 | INFO     | ayumi.forward_test | Market data feed connected for GBPUSD
2026-04-28 20:46:01 | INFO     | ayumi.forward_test | Reconnection successful — reset consecutive failure counter
2026-04-28 20:46:11 | WARNING  | ayumi.forward_test | Connection health check failed: connected=True last_tick_ago=1710.5s threshold=900.0s — reconnecting
2026-04-28 20:46:11 | INFO     | ayumi.forward_test | Reconnection attempt 1 (backoff=5.0s)
2026-04-28 20:46:12 | INFO     | ayumi.forward_test | Market data feed connected for GBPUSD
2026-04-28 20:46:12 | INFO     | ayumi.forward_test | Reconnection successful — reset consecutive failure counter
2026-04-28 20:46:22 | WARNING  | ayumi.forward_test | Connection health check failed: connected=True last_tick_ago=1720.8s threshold=900.0s — reconnecting
2026-04-28 20:46:22 | INFO     | ayumi.forward_test | Reconnection attempt 1 (backoff=5.0s)
2026-04-28 20:46:22 | INFO     | ayumi.forward_test | Market data feed connected for GBPUSD
2026-04-28 20:46:22 | INFO     | ayumi.forward_test | Reconnection successful — reset consecutive failure counter
2026-04-28 20:46:32 | WARNING  | ayumi.forward_test | Connection health check failed: connected=True last_tick_ago=1731.1s threshold=900.0s — reconnecting
2026-04-28 20:46:32 | INFO     | ayumi.forward_test | Reconnection attempt 1 (backoff=5.0s)
2026-04-28 20:46:32 | INFO     | ayumi.forward_test | Market data feed connected for GBPUSD
2026-04-28 20:46:32 | INFO     | ayumi.forward_test | Reconnection successful — reset consecutive failure counter
2026-04-28 20:46:42 | WARNING  | ayumi.forward_test | Connection health check failed: connected=True last_tick_ago=1741.4s threshold=900.0s — reconnecting
2026-04-28 20:46:42 | INFO     | ayumi.forward_test | Reconnection attempt 1 (backoff=5.0s)
2026-04-28 20:46:42 | INFO     | ayumi.forward_test | Market data feed connected for GBPUSD
2026-04-28 20:46:42 | INFO     | ayumi.forward_test | Reconnection successful — reset consecutive failure counter
2026-04-28 20:46:52 | WARNING  | ayumi.forward_test | Connection health check failed: connected=True last_tick_ago=1751.7s threshold=900.0s — reconnecting
2026-04-28 20:46:52 | INFO     | ayumi.forward_test | Reconnection attempt 1 (backoff=5.0s)
2026-04-28 20:46:53 | INFO     | ayumi.forward_test | Market data feed connected for GBPUSD
2026-04-28 20:46:53 | INFO     | ayumi.forward_test | Reconnection successful — reset consecutive failure counter
2026-04-28 20:47:03 | WARNING  | ayumi.forward_test | Connection health check failed: connected=True last_tick_ago=1761.9s threshold=900.0s — reconnecting
2026-04-28 20:47:03 | INFO     | ayumi.forward_test | Reconnection attempt 1 (backoff=5.0s)
2026-04-28 20:47:03 | INFO     | ayumi.forward_test | Market data feed connected for GBPUSD
2026-04-28 20:47:03 | INFO     | ayumi.forward_test | Reconnection successful — reset consecutive failure counter
2026-04-28 20:47:13 | WARNING  | ayumi.forward_test | Connection health check failed: connected=True last_tick_ago=1772.2s threshold=900.0s — reconnecting
2026-04-28 20:47:13 | INFO     | ayumi.forward_test | Reconnection attempt 1 (backoff=5.0s)
2026-04-28 20:47:13 | INFO     | ayumi.forward_test | Market data feed connected for GBPUSD
2026-04-28 20:47:13 | INFO     | ayumi.forward_test | Reconnection successful — reset consecutive failure counter
2026-04-28 20:47:23 | WARNING  | ayumi.forward_test | Connection health check failed: connected=True last_tick_ago=1782.5s threshold=900.0s — reconnecting
2026-04-28 20:47:23 | INFO     | ayumi.forward_test | Reconnection attempt 1 (backoff=5.0s)
2026-04-28 20:47:24 | INFO     | ayumi.forward_test | Market data feed connected for GBPUSD
2026-04-28 20:47:24 | INFO     | ayumi.forward_test | Reconnection successful — reset consecutive failure counter
2026-04-28 20:47:34 | WARNING  | ayumi.forward_test | Connection health check failed: connected=True last_tick_ago=1792.8s threshold=900.0s — reconnecting
2026-04-28 20:47:34 | INFO     | ayumi.forward_test | Reconnection attempt 1 (backoff=5.0s)
2026-04-28 20:47:34 | INFO     | ayumi.forward_test | Market data feed connected for GBPUSD
2026-04-28 20:47:34 | INFO     | ayumi.forward_test | Reconnection successful — reset consecutive failure counter
2026-04-28 20:47:44 | WARNING  | ayumi.forward_test | Connection health check failed: connected=True last_tick_ago=1803.1s threshold=900.0s — reconnecting
2026-04-28 20:47:44 | INFO     | ayumi.forward_test | Reconnection attempt 1 (backoff=5.0s)
2026-04-28 20:47:44 | INFO     | ayumi.forward_test | Market data feed connected for GBPUSD
2026-04-28 20:47:44 | INFO     | ayumi.forward_test | Reconnection successful — reset consecutive failure counter
2026-04-28 20:47:54 | WARNING  | ayumi.forward_test | Connection health check failed: connected=True last_tick_ago=1813.4s threshold=900.0s — reconnecting
2026-04-28 20:47:54 | INFO     | ayumi.forward_test | Reconnection attempt 1 (backoff=5.0s)
2026-04-28 20:47:55 | INFO     | ayumi.forward_test | Market data feed connected for GBPUSD
2026-04-28 20:47:55 | INFO     | ayumi.forward_test | Reconnection successful — reset consecutive failure counter
2026-04-28 20:48:05 | WARNING  | ayumi.forward_test | Connection health check failed: connected=True last_tick_ago=1823.8s threshold=900.0s — reconnecting
2026-04-28 20:48:05 | INFO     | ayumi.forward_test | Reconnection attempt 1 (backoff=5.0s)
2026-04-28 20:48:05 | INFO     | ayumi.forward_test | Market data feed connected for GBPUSD
2026-04-28 20:48:05 | INFO     | ayumi.forward_test | Reconnection successful — reset consecutive failure counter
2026-04-28 20:48:15 | WARNING  | ayumi.forward_test | Connection health check failed: connected=True last_tick_ago=1834.1s threshold=900.0s — reconnecting
2026-04-28 20:48:15 | INFO     | ayumi.forward_test | Reconnection attempt 1 (backoff=5.0s)
2026-04-28 20:48:15 | INFO     | ayumi.forward_test | Market data feed connected for GBPUSD
2026-04-28 20:48:15 | INFO     | ayumi.forward_test | Reconnection successful — reset consecutive failure counter
2026-04-28 20:48:25 | WARNING  | ayumi.forward_test | Connection health check failed: connected=True last_tick_ago=1844.4s threshold=900.0s — reconnecting
2026-04-28 20:48:25 | INFO     | ayumi.forward_test | Reconnection attempt 1 (backoff=5.0s)
2026-04-28 20:48:25 | INFO     | ayumi.forward_test | Market data feed connected for GBPUSD
2026-04-28 20:48:25 | INFO     | ayumi.forward_test | Reconnection successful — reset consecutive failure counter
2026-04-28 20:48:35 | WARNING  | ayumi.forward_test | Connection health check failed: connected=True last_tick_ago=1854.7s threshold=900.0s — reconnecting
2026-04-28 20:48:35 | INFO     | ayumi.forward_test | Reconnection attempt 1 (backoff=5.0s)
2026-04-28 20:48:36 | INFO     | ayumi.forward_test | Market data feed connected for GBPUSD
2026-04-28 20:48:36 | INFO     | ayumi.forward_test | Reconnection successful — reset consecutive failure counter
2026-04-28 20:48:46 | WARNING  | ayumi.forward_test | Connection health check failed: connected=True last_tick_ago=1865.0s threshold=900.0s — reconnecting
2026-04-28 20:48:46 | INFO     | ayumi.forward_test | Reconnection attempt 1 (backoff=5.0s)
2026-04-28 20:48:46 | INFO     | ayumi.forward_test | Market data feed connected for GBPUSD
2026-04-28 20:48:46 | INFO     | ayumi.forward_test | Reconnection successful — reset consecutive failure counter
2026-04-28 20:48:56 | WARNING  | ayumi.forward_test | Connection health check failed: connected=True last_tick_ago=1875.3s threshold=900.0s — reconnecting
2026-04-28 20:48:56 | INFO     | ayumi.forward_test | Reconnection attempt 1 (backoff=5.0s)
2026-04-28 20:48:56 | INFO     | ayumi.forward_test | Market data feed connected for GBPUSD
2026-04-28 20:48:56 | INFO     | ayumi.forward_test | Reconnection successful — reset consecutive failure counter
2026-04-28 20:49:06 | WARNING  | ayumi.forward_test | Connection health check failed: connected=True last_tick_ago=1885.6s threshold=900.0s — reconnecting
2026-04-28 20:49:06 | INFO     | ayumi.forward_test | Reconnection attempt 1 (backoff=5.0s)
2026-04-28 20:49:07 | INFO     | ayumi.forward_test | Market data feed connected for GBPUSD
2026-04-28 20:49:07 | INFO     | ayumi.forward_test | Reconnection successful — reset consecutive failure counter
2026-04-28 20:49:17 | WARNING  | ayumi.forward_test | Connection health check failed: connected=True last_tick_ago=1895.9s threshold=900.0s — reconnecting
2026-04-28 20:49:17 | INFO     | ayumi.forward_test | Reconnection attempt 1 (backoff=5.0s)
2026-04-28 20:49:17 | INFO     | ayumi.forward_test | Market data feed connected for GBPUSD
2026-04-28 20:49:17 | INFO     | ayumi.forward_test | Reconnection successful — reset consecutive failure counter
2026-04-28 20:49:27 | WARNING  | ayumi.forward_test | Connection health check failed: connected=True last_tick_ago=1906.1s threshold=900.0s — reconnecting
2026-04-28 20:49:27 | INFO     | ayumi.forward_test | Reconnection attempt 1 (backoff=5.0s)
2026-04-28 20:49:27 | INFO     | ayumi.forward_test | Market data feed connected for GBPUSD
2026-04-28 20:49:27 | INFO     | ayumi.forward_test | Reconnection successful — reset consecutive failure counter
2026-04-28 20:49:37 | WARNING  | ayumi.forward_test | Connection health check failed: connected=True last_tick_ago=1916.5s threshold=900.0s — reconnecting
2026-04-28 20:49:37 | INFO     | ayumi.forward_test | Reconnection attempt 1 (backoff=5.0s)
2026-04-28 20:49:38 | INFO     | ayumi.forward_test | Market data feed connected for GBPUSD
2026-04-28 20:49:38 | INFO     | ayumi.forward_test | Reconnection successful — reset consecutive failure counter
2026-04-28 20:49:48 | WARNING  | ayumi.forward_test | Connection health check failed: connected=True last_tick_ago=1926.8s threshold=900.0s — reconnecting
2026-04-28 20:49:48 | INFO     | ayumi.forward_test | Reconnection attempt 1 (backoff=5.0s)
2026-04-28 20:49:48 | INFO     | ayumi.forward_test | Market data feed connected for GBPUSD
2026-04-28 20:49:48 | INFO     | ayumi.forward_test | Reconnection successful — reset consecutive failure counter
2026-04-28 20:49:58 | WARNING  | ayumi.forward_test | Connection health check failed: connected=True last_tick_ago=1937.0s threshold=900.0s — reconnecting
2026-04-28 20:49:58 | INFO     | ayumi.forward_test | Reconnection attempt 1 (backoff=5.0s)
2026-04-28 20:49:58 | INFO     | ayumi.forward_test | Market data feed connected for GBPUSD
2026-04-28 20:49:58 | INFO     | ayumi.forward_test | Reconnection successful — reset consecutive failure counter
2026-04-28 20:50:08 | WARNING  | ayumi.forward_test | Connection health check failed: connected=True last_tick_ago=1947.3s threshold=900.0s — reconnecting
2026-04-28 20:50:08 | INFO     | ayumi.forward_test | Reconnection attempt 1 (backoff=5.0s)
2026-04-28 20:50:08 | INFO     | ayumi.forward_test | Market data feed connected for GBPUSD
2026-04-28 20:50:08 | INFO     | ayumi.forward_test | Reconnection successful — reset consecutive failure counter
2026-04-28 20:50:18 | WARNING  | ayumi.forward_test | Connection health check failed: connected=True last_tick_ago=1957.6s threshold=900.0s — reconnecting
2026-04-28 20:50:18 | INFO     | ayumi.forward_test | Reconnection attempt 1 (backoff=5.0s)
2026-04-28 20:50:19 | INFO     | ayumi.forward_test | Market data feed connected for GBPUSD
2026-04-28 20:50:19 | INFO     | ayumi.forward_test | Reconnection successful — reset consecutive failure counter
2026-04-28 20:50:29 | WARNING  | ayumi.forward_test | Connection health check failed: connected=True last_tick_ago=1967.9s threshold=900.0s — reconnecting
2026-04-28 20:50:29 | INFO     | ayumi.forward_test | Reconnection attempt 1 (backoff=5.0s)
2026-04-28 20:50:29 | INFO     | ayumi.forward_test | Market data feed connected for GBPUSD
2026-04-28 20:50:29 | INFO     | ayumi.forward_test | Reconnection successful — reset consecutive failure counter
2026-04-28 20:50:39 | WARNING  | ayumi.forward_test | Connection health check failed: connected=True last_tick_ago=1978.2s threshold=900.0s — reconnecting
2026-04-28 20:50:39 | INFO     | ayumi.forward_test | Reconnection attempt 1 (backoff=5.0s)
2026-04-28 20:50:39 | INFO     | ayumi.forward_test | Market data feed connected for GBPUSD
2026-04-28 20:50:39 | INFO     | ayumi.forward_test | Reconnection successful — reset consecutive failure counter
2026-04-28 20:50:49 | WARNING  | ayumi.forward_test | Connection health check failed: connected=True last_tick_ago=1988.5s threshold=900.0s — reconnecting
2026-04-28 20:50:49 | INFO     | ayumi.forward_test | Reconnection attempt 1 (backoff=5.0s)
2026-04-28 20:50:50 | INFO     | ayumi.forward_test | Market data feed connected for GBPUSD
2026-04-28 20:50:50 | INFO     | ayumi.forward_test | Reconnection successful — reset consecutive failure counter
2026-04-28 20:51:00 | WARNING  | ayumi.forward_test | Connection health check failed: connected=True last_tick_ago=1998.8s threshold=900.0s — reconnecting
2026-04-28 20:51:00 | INFO     | ayumi.forward_test | Reconnection attempt 1 (backoff=5.0s)
2026-04-28 20:51:00 | INFO     | ayumi.forward_test | Market data feed connected for GBPUSD
2026-04-28 20:51:00 | INFO     | ayumi.forward_test | Reconnection successful — reset consecutive failure counter
2026-04-28 20:51:10 | WARNING  | ayumi.forward_test | Connection health check failed: connected=True last_tick_ago=2009.1s threshold=900.0s — reconnecting
2026-04-28 20:51:10 | INFO     | ayumi.forward_test | Reconnection attempt 1 (backoff=5.0s)
2026-04-28 20:51:10 | INFO     | ayumi.forward_test | Market data feed connected for GBPUSD
2026-04-28 20:51:10 | INFO     | ayumi.forward_test | Reconnection successful — reset consecutive failure counter
2026-04-28 20:51:20 | WARNING  | ayumi.forward_test | Connection health check failed: connected=True last_tick_ago=2019.4s threshold=900.0s — reconnecting
2026-04-28 20:51:20 | INFO     | ayumi.forward_test | Reconnection attempt 1 (backoff=5.0s)
2026-04-28 20:51:20 | INFO     | ayumi.forward_test | Market data feed connected for GBPUSD
2026-04-28 20:51:20 | INFO     | ayumi.forward_test | Reconnection successful — reset consecutive failure counter
2026-04-28 20:51:30 | WARNING  | ayumi.forward_test | Connection health check failed: connected=True last_tick_ago=2029.7s threshold=900.0s — reconnecting
2026-04-28 20:51:30 | INFO     | ayumi.forward_test | Reconnection attempt 1 (backoff=5.0s)
2026-04-28 20:51:31 | INFO     | ayumi.forward_test | Market data feed connected for GBPUSD
2026-04-28 20:51:31 | INFO     | ayumi.forward_test | Reconnection successful — reset consecutive failure counter
2026-04-28 20:51:41 | WARNING  | ayumi.forward_test | Connection health check failed: connected=True last_tick_ago=2040.0s threshold=900.0s — reconnecting
2026-04-28 20:51:41 | INFO     | ayumi.forward_test | Reconnection attempt 1 (backoff=5.0s)
2026-04-28 20:51:41 | INFO     | ayumi.forward_test | Market data feed connected for GBPUSD
2026-04-28 20:51:41 | INFO     | ayumi.forward_test | Reconnection successful — reset consecutive failure counter
2026-04-28 20:51:51 | WARNING  | ayumi.forward_test | Connection health check failed: connected=True last_tick_ago=2050.3s threshold=900.0s — reconnecting
2026-04-28 20:51:51 | INFO     | ayumi.forward_test | Reconnection attempt 1 (backoff=5.0s)
2026-04-28 20:51:51 | INFO     | ayumi.forward_test | Market data feed connected for GBPUSD
2026-04-28 20:51:51 | INFO     | ayumi.forward_test | Reconnection successful — reset consecutive failure counter
2026-04-28 20:52:01 | WARNING  | ayumi.forward_test | Connection health check failed: connected=True last_tick_ago=2060.6s threshold=900.0s — reconnecting
2026-04-28 20:52:01 | INFO     | ayumi.forward_test | Reconnection attempt 1 (backoff=5.0s)
2026-04-28 20:52:02 | INFO     | ayumi.forward_test | Market data feed connected for GBPUSD
2026-04-28 20:52:02 | INFO     | ayumi.forward_test | Reconnection successful — reset consecutive failure counter
2026-04-28 20:52:12 | WARNING  | ayumi.forward_test | Connection health check failed: connected=True last_tick_ago=2070.9s threshold=900.0s — reconnecting
2026-04-28 20:52:12 | INFO     | ayumi.forward_test | Reconnection attempt 1 (backoff=5.0s)
2026-04-28 20:52:12 | INFO     | ayumi.forward_test | Market data feed connected for GBPUSD
2026-04-28 20:52:12 | INFO     | ayumi.forward_test | Reconnection successful — reset consecutive failure counter
2026-04-28 20:52:22 | WARNING  | ayumi.forward_test | Connection health check failed: connected=True last_tick_ago=2081.2s threshold=900.0s — reconnecting
2026-04-28 20:52:22 | INFO     | ayumi.forward_test | Reconnection attempt 1 (backoff=5.0s)
2026-04-28 20:52:22 | INFO     | ayumi.forward_test | Market data feed connected for GBPUSD
2026-04-28 20:52:22 | INFO     | ayumi.forward_test | Reconnection successful — reset consecutive failure counter
2026-04-28 20:52:32 | WARNING  | ayumi.forward_test | Connection health check failed: connected=True last_tick_ago=2091.5s threshold=900.0s — reconnecting
2026-04-28 20:52:32 | INFO     | ayumi.forward_test | Reconnection attempt 1 (backoff=5.0s)
2026-04-28 20:52:33 | INFO     | ayumi.forward_test | Market data feed connected for GBPUSD
2026-04-28 20:52:33 | INFO     | ayumi.forward_test | Reconnection successful — reset consecutive failure counter
2026-04-28 20:52:43 | WARNING  | ayumi.forward_test | Connection health check failed: connected=True last_tick_ago=2101.8s threshold=900.0s — reconnecting
2026-04-28 20:52:43 | INFO     | ayumi.forward_test | Reconnection attempt 1 (backoff=5.0s)
2026-04-28 20:52:43 | INFO     | ayumi.forward_test | Market data feed connected for GBPUSD
2026-04-28 20:52:43 | INFO     | ayumi.forward_test | Reconnection successful — reset consecutive failure counter
2026-04-28 20:52:53 | WARNING  | ayumi.forward_test | Connection health check failed: connected=True last_tick_ago=2112.1s threshold=900.0s — reconnecting
2026-04-28 20:52:53 | INFO     | ayumi.forward_test | Reconnection attempt 1 (backoff=5.0s)
2026-04-28 20:52:53 | INFO     | ayumi.forward_test | Market data feed connected for GBPUSD
2026-04-28 20:52:53 | INFO     | ayumi.forward_test | Reconnection successful — reset consecutive failure counter
2026-04-28 20:53:03 | WARNING  | ayumi.forward_test | Connection health check failed: connected=True last_tick_ago=2122.4s threshold=900.0s — reconnecting
2026-04-28 20:53:03 | INFO     | ayumi.forward_test | Reconnection attempt 1 (backoff=5.0s)
2026-04-28 20:53:03 | INFO     | ayumi.forward_test | Market data feed connected for GBPUSD
2026-04-28 20:53:03 | INFO     | ayumi.forward_test | Reconnection successful — reset consecutive failure counter
2026-04-28 20:53:13 | WARNING  | ayumi.forward_test | Connection health check failed: connected=True last_tick_ago=2132.7s threshold=900.0s — reconnecting
2026-04-28 20:53:13 | INFO     | ayumi.forward_test | Reconnection attempt 1 (backoff=5.0s)
2026-04-28 20:53:14 | INFO     | ayumi.forward_test | Market data feed connected for GBPUSD
2026-04-28 20:53:14 | INFO     | ayumi.forward_test | Reconnection successful — reset consecutive failure counter
2026-04-28 20:53:24 | WARNING  | ayumi.forward_test | Connection health check failed: connected=True last_tick_ago=2143.0s threshold=900.0s — reconnecting
2026-04-28 20:53:24 | INFO     | ayumi.forward_test | Reconnection attempt 1 (backoff=5.0s)
2026-04-28 20:53:24 | INFO     | ayumi.forward_test | Market data feed connected for GBPUSD
2026-04-28 20:53:24 | INFO     | ayumi.forward_test | Reconnection successful — reset consecutive failure counter
2026-04-28 20:53:34 | WARNING  | ayumi.forward_test | Connection health check failed: connected=True last_tick_ago=2153.3s threshold=900.0s — reconnecting
2026-04-28 20:53:34 | INFO     | ayumi.forward_test | Reconnection attempt 1 (backoff=5.0s)
2026-04-28 20:53:34 | INFO     | ayumi.forward_test | Market data feed connected for GBPUSD
2026-04-28 20:53:34 | INFO     | ayumi.forward_test | Reconnection successful — reset consecutive failure counter
2026-04-28 20:53:44 | WARNING  | ayumi.forward_test | Connection health check failed: connected=True last_tick_ago=2163.6s threshold=900.0s — reconnecting
2026-04-28 20:53:44 | INFO     | ayumi.forward_test | Reconnection attempt 1 (backoff=5.0s)
2026-04-28 20:53:45 | INFO     | ayumi.forward_test | Market data feed connected for GBPUSD
2026-04-28 20:53:45 | INFO     | ayumi.forward_test | Reconnection successful — reset consecutive failure counter
2026-04-28 20:53:55 | WARNING  | ayumi.forward_test | Connection health check failed: connected=True last_tick_ago=2173.9s threshold=900.0s — reconnecting
2026-04-28 20:53:55 | INFO     | ayumi.forward_test | Reconnection attempt 1 (backoff=5.0s)
2026-04-28 20:53:55 | INFO     | ayumi.forward_test | Market data feed connected for GBPUSD
2026-04-28 20:53:55 | INFO     | ayumi.forward_test | Reconnection successful — reset consecutive failure counter
2026-04-28 20:54:05 | WARNING  | ayumi.forward_test | Connection health check failed: connected=True last_tick_ago=2184.2s threshold=900.0s — reconnecting
2026-04-28 20:54:05 | INFO     | ayumi.forward_test | Reconnection attempt 1 (backoff=5.0s)
2026-04-28 20:54:05 | INFO     | ayumi.forward_test | Market data feed connected for GBPUSD
2026-04-28 20:54:05 | INFO     | ayumi.forward_test | Reconnection successful — reset consecutive failure counter
2026-04-28 20:54:15 | WARNING  | ayumi.forward_test | Connection health check failed: connected=True last_tick_ago=2194.5s threshold=900.0s — reconnecting
2026-04-28 20:54:15 | INFO     | ayumi.forward_test | Reconnection attempt 1 (backoff=5.0s)
2026-04-28 20:54:16 | INFO     | ayumi.forward_test | Market data feed connected for GBPUSD
2026-04-28 20:54:16 | INFO     | ayumi.forward_test | Reconnection successful — reset consecutive failure counter
2026-04-28 20:54:26 | WARNING  | ayumi.forward_test | Connection health check failed: connected=True last_tick_ago=2204.8s threshold=900.0s — reconnecting
2026-04-28 20:54:26 | INFO     | ayumi.forward_test | Reconnection attempt 1 (backoff=5.0s)
2026-04-28 20:54:26 | INFO     | ayumi.forward_test | Market data feed connected for GBPUSD
2026-04-28 20:54:26 | INFO     | ayumi.forward_test | Reconnection successful — reset consecutive failure counter
2026-04-28 20:54:36 | WARNING  | ayumi.forward_test | Connection health check failed: connected=True last_tick_ago=2215.1s threshold=900.0s — reconnecting
2026-04-28 20:54:36 | INFO     | ayumi.forward_test | Reconnection attempt 1 (backoff=5.0s)
2026-04-28 20:54:36 | INFO     | ayumi.forward_test | Market data feed connected for GBPUSD
2026-04-28 20:54:36 | INFO     | ayumi.forward_test | Reconnection successful — reset consecutive failure counter
2026-04-28 20:54:46 | WARNING  | ayumi.forward_test | Connection health check failed: connected=True last_tick_ago=2225.4s threshold=900.0s — reconnecting
2026-04-28 20:54:46 | INFO     | ayumi.forward_test | Reconnection attempt 1 (backoff=5.0s)
2026-04-28 20:54:47 | INFO     | ayumi.forward_test | Market data feed connected for GBPUSD
2026-04-28 20:54:47 | INFO     | ayumi.forward_test | Reconnection successful — reset consecutive failure counter
2026-04-28 20:54:57 | WARNING  | ayumi.forward_test | Connection health check failed: connected=True last_tick_ago=2235.8s threshold=900.0s — reconnecting
2026-04-28 20:54:57 | INFO     | ayumi.forward_test | Reconnection attempt 1 (backoff=5.0s)
2026-04-28 20:54:57 | INFO     | ayumi.forward_test | Market data feed connected for GBPUSD
2026-04-28 20:54:57 | INFO     | ayumi.forward_test | Reconnection successful — reset consecutive failure counter
2026-04-28 20:55:07 | WARNING  | ayumi.forward_test | Connection health check failed: connected=True last_tick_ago=2246.1s threshold=900.0s — reconnecting
2026-04-28 20:55:07 | INFO     | ayumi.forward_test | Reconnection attempt 1 (backoff=5.0s)
2026-04-28 20:55:07 | INFO     | ayumi.forward_test | Market data feed connected for GBPUSD
2026-04-28 20:55:07 | INFO     | ayumi.forward_test | Reconnection successful — reset consecutive failure counter
2026-04-28 20:55:17 | WARNING  | ayumi.forward_test | Connection health check failed: connected=True last_tick_ago=2256.4s threshold=900.0s — reconnecting
2026-04-28 20:55:17 | INFO     | ayumi.forward_test | Reconnection attempt 1 (backoff=5.0s)
2026-04-28 20:55:18 | INFO     | ayumi.forward_test | Market data feed connected for GBPUSD
2026-04-28 20:55:18 | INFO     | ayumi.forward_test | Reconnection successful — reset consecutive failure counter
2026-04-28 20:55:28 | WARNING  | ayumi.forward_test | Connection health check failed: connected=True last_tick_ago=2266.7s threshold=900.0s — reconnecting
2026-04-28 20:55:28 | INFO     | ayumi.forward_test | Reconnection attempt 1 (backoff=5.0s)
2026-04-28 20:55:28 | INFO     | ayumi.forward_test | Market data feed connected for GBPUSD
2026-04-28 20:55:28 | INFO     | ayumi.forward_test | Reconnection successful — reset consecutive failure counter
2026-04-28 20:55:38 | WARNING  | ayumi.forward_test | Connection health check failed: connected=True last_tick_ago=2277.0s threshold=900.0s — reconnecting
2026-04-28 20:55:38 | INFO     | ayumi.forward_test | Reconnection attempt 1 (backoff=5.0s)
2026-04-28 20:55:38 | INFO     | ayumi.forward_test | Market data feed connected for GBPUSD
2026-04-28 20:55:38 | INFO     | ayumi.forward_test | Reconnection successful — reset consecutive failure counter
2026-04-28 20:55:48 | WARNING  | ayumi.forward_test | Connection health check failed: connected=True last_tick_ago=2287.3s threshold=900.0s — reconnecting
2026-04-28 20:55:48 | INFO     | ayumi.forward_test | Reconnection attempt 1 (backoff=5.0s)
2026-04-28 20:55:48 | INFO     | ayumi.forward_test | Market data feed connected for GBPUSD
2026-04-28 20:55:48 | INFO     | ayumi.forward_test | Reconnection successful — reset consecutive failure counter
2026-04-28 20:55:58 | WARNING  | ayumi.forward_test | Connection health check failed: connected=True last_tick_ago=2297.6s threshold=900.0s — reconnecting
2026-04-28 20:55:58 | INFO     | ayumi.forward_test | Reconnection attempt 1 (backoff=5.0s)
2026-04-28 20:55:59 | INFO     | ayumi.forward_test | Market data feed connected for GBPUSD
2026-04-28 20:55:59 | INFO     | ayumi.forward_test | Reconnection successful — reset consecutive failure counter
2026-04-28 20:56:09 | WARNING  | ayumi.forward_test | Connection health check failed: connected=True last_tick_ago=2307.9s threshold=900.0s — reconnecting
2026-04-28 20:56:09 | INFO     | ayumi.forward_test | Reconnection attempt 1 (backoff=5.0s)
2026-04-28 20:56:09 | INFO     | ayumi.forward_test | Market data feed connected for GBPUSD
2026-04-28 20:56:09 | INFO     | ayumi.forward_test | Reconnection successful — reset consecutive failure counter
2026-04-28 20:56:19 | WARNING  | ayumi.forward_test | Connection health check failed: connected=True last_tick_ago=2318.2s threshold=900.0s — reconnecting
2026-04-28 20:56:19 | INFO     | ayumi.forward_test | Reconnection attempt 1 (backoff=5.0s)
2026-04-28 20:56:19 | INFO     | ayumi.forward_test | Market data feed connected for GBPUSD
2026-04-28 20:56:19 | INFO     | ayumi.forward_test | Reconnection successful — reset consecutive failure counter
2026-04-28 20:56:29 | WARNING  | ayumi.forward_test | Connection health check failed: connected=True last_tick_ago=2328.5s threshold=900.0s — reconnecting
2026-04-28 20:56:29 | INFO     | ayumi.forward_test | Reconnection attempt 1 (backoff=5.0s)
2026-04-28 20:56:30 | INFO     | ayumi.forward_test | Market data feed connected for GBPUSD
2026-04-28 20:56:30 | INFO     | ayumi.forward_test | Reconnection successful — reset consecutive failure counter
2026-04-28 20:56:40 | WARNING  | ayumi.forward_test | Connection health check failed: connected=True last_tick_ago=2338.8s threshold=900.0s — reconnecting
2026-04-28 20:56:40 | INFO     | ayumi.forward_test | Reconnection attempt 1 (backoff=5.0s)
2026-04-28 20:56:40 | INFO     | ayumi.forward_test | Market data feed connected for GBPUSD
2026-04-28 20:56:40 | INFO     | ayumi.forward_test | Reconnection successful — reset consecutive failure counter
2026-04-28 20:56:50 | WARNING  | ayumi.forward_test | Connection health check failed: connected=True last_tick_ago=2349.1s threshold=900.0s — reconnecting
2026-04-28 20:56:50 | INFO     | ayumi.forward_test | Reconnection attempt 1 (backoff=5.0s)
2026-04-28 20:56:50 | INFO     | ayumi.forward_test | Market data feed connected for GBPUSD
2026-04-28 20:56:50 | INFO     | ayumi.forward_test | Reconnection successful — reset consecutive failure counter
2026-04-28 20:57:00 | WARNING  | ayumi.forward_test | Connection health check failed: connected=True last_tick_ago=2359.4s threshold=900.0s — reconnecting
2026-04-28 20:57:00 | INFO     | ayumi.forward_test | Reconnection attempt 1 (backoff=5.0s)
2026-04-28 20:57:01 | INFO     | ayumi.forward_test | Market data feed connected for GBPUSD
2026-04-28 20:57:01 | INFO     | ayumi.forward_test | Reconnection successful — reset consecutive failure counter
2026-04-28 20:57:11 | WARNING  | ayumi.forward_test | Connection health check failed: connected=True last_tick_ago=2369.7s threshold=900.0s — reconnecting
2026-04-28 20:57:11 | INFO     | ayumi.forward_test | Reconnection attempt 1 (backoff=5.0s)
2026-04-28 20:57:11 | INFO     | ayumi.forward_test | Market data feed connected for GBPUSD
2026-04-28 20:57:11 | INFO     | ayumi.forward_test | Reconnection successful — reset consecutive failure counter
2026-04-28 20:57:21 | WARNING  | ayumi.forward_test | Connection health check failed: connected=True last_tick_ago=2380.0s threshold=900.0s — reconnecting
2026-04-28 20:57:21 | INFO     | ayumi.forward_test | Reconnection attempt 1 (backoff=5.0s)
2026-04-28 20:57:21 | INFO     | ayumi.forward_test | Market data feed connected for GBPUSD
2026-04-28 20:57:21 | INFO     | ayumi.forward_test | Reconnection successful — reset consecutive failure counter
2026-04-28 20:57:31 | WARNING  | ayumi.forward_test | Connection health check failed: connected=True last_tick_ago=2390.3s threshold=900.0s — reconnecting
2026-04-28 20:57:31 | INFO     | ayumi.forward_test | Reconnection attempt 1 (backoff=5.0s)
2026-04-28 20:57:31 | INFO     | ayumi.forward_test | Market data feed connected for GBPUSD
2026-04-28 20:57:31 | INFO     | ayumi.forward_test | Reconnection successful — reset consecutive failure counter
2026-04-28 20:57:41 | WARNING  | ayumi.forward_test | Connection health check failed: connected=True last_tick_ago=2400.6s threshold=900.0s — reconnecting
2026-04-28 20:57:41 | INFO     | ayumi.forward_test | Reconnection attempt 1 (backoff=5.0s)
2026-04-28 20:57:42 | INFO     | ayumi.forward_test | Market data feed connected for GBPUSD
2026-04-28 20:57:42 | INFO     | ayumi.forward_test | Reconnection successful — reset consecutive failure counter
2026-04-28 20:57:52 | WARNING  | ayumi.forward_test | Connection health check failed: connected=True last_tick_ago=2411.0s threshold=900.0s — reconnecting
2026-04-28 20:57:52 | INFO     | ayumi.forward_test | Reconnection attempt 1 (backoff=5.0s)
2026-04-28 20:57:52 | INFO     | ayumi.forward_test | Market data feed connected for GBPUSD
2026-04-28 20:57:52 | INFO     | ayumi.forward_test | Reconnection successful — reset consecutive failure counter
2026-04-28 20:58:02 | WARNING  | ayumi.forward_test | Connection health check failed: connected=True last_tick_ago=2421.3s threshold=900.0s — reconnecting
2026-04-28 20:58:02 | INFO     | ayumi.forward_test | Reconnection attempt 1 (backoff=5.0s)
2026-04-28 20:58:02 | INFO     | ayumi.forward_test | Market data feed connected for GBPUSD
2026-04-28 20:58:02 | INFO     | ayumi.forward_test | Reconnection successful — reset consecutive failure counter
2026-04-28 20:58:12 | WARNING  | ayumi.forward_test | Connection health check failed: connected=True last_tick_ago=2431.6s threshold=900.0s — reconnecting
2026-04-28 20:58:12 | INFO     | ayumi.forward_test | Reconnection attempt 1 (backoff=5.0s)
2026-04-28 20:58:13 | INFO     | ayumi.forward_test | Market data feed connected for GBPUSD
2026-04-28 20:58:13 | INFO     | ayumi.forward_test | Reconnection successful — reset consecutive failure counter
2026-04-28 20:58:23 | WARNING  | ayumi.forward_test | Connection health check failed: connected=True last_tick_ago=2441.9s threshold=900.0s — reconnecting
2026-04-28 20:58:23 | INFO     | ayumi.forward_test | Reconnection attempt 1 (backoff=5.0s)
2026-04-28 20:58:23 | INFO     | ayumi.forward_test | Market data feed connected for GBPUSD
2026-04-28 20:58:23 | INFO     | ayumi.forward_test | Reconnection successful — reset consecutive failure counter
2026-04-28 20:58:33 | WARNING  | ayumi.forward_test | Connection health check failed: connected=True last_tick_ago=2452.2s threshold=900.0s — reconnecting
2026-04-28 20:58:33 | INFO     | ayumi.forward_test | Reconnection attempt 1 (backoff=5.0s)
2026-04-28 20:58:33 | INFO     | ayumi.forward_test | Market data feed connected for GBPUSD
2026-04-28 20:58:33 | INFO     | ayumi.forward_test | Reconnection successful — reset consecutive failure counter
2026-04-28 20:58:43 | WARNING  | ayumi.forward_test | Connection health check failed: connected=True last_tick_ago=2462.5s threshold=900.0s — reconnecting
2026-04-28 20:58:43 | INFO     | ayumi.forward_test | Reconnection attempt 1 (backoff=5.0s)
2026-04-28 20:58:44 | INFO     | ayumi.forward_test | Market data feed connected for GBPUSD
2026-04-28 20:58:44 | INFO     | ayumi.forward_test | Reconnection successful — reset consecutive failure counter
2026-04-28 20:58:54 | WARNING  | ayumi.forward_test | Connection health check failed: connected=True last_tick_ago=2472.8s threshold=900.0s — reconnecting
2026-04-28 20:58:54 | INFO     | ayumi.forward_test | Reconnection attempt 1 (backoff=5.0s)
2026-04-28 20:58:54 | INFO     | ayumi.forward_test | Market data feed connected for GBPUSD
2026-04-28 20:58:54 | INFO     | ayumi.forward_test | Reconnection successful — reset consecutive failure counter
2026-04-28 20:59:04 | WARNING  | ayumi.forward_test | Connection health check failed: connected=True last_tick_ago=2483.1s threshold=900.0s — reconnecting
2026-04-28 20:59:04 | INFO     | ayumi.forward_test | Reconnection attempt 1 (backoff=5.0s)
2026-04-28 20:59:04 | INFO     | ayumi.forward_test | Market data feed connected for GBPUSD
2026-04-28 20:59:04 | INFO     | ayumi.forward_test | Reconnection successful — reset consecutive failure counter
2026-04-28 20:59:14 | WARNING  | ayumi.forward_test | Connection health check failed: connected=True last_tick_ago=2493.4s threshold=900.0s — reconnecting
2026-04-28 20:59:14 | INFO     | ayumi.forward_test | Reconnection attempt 1 (backoff=5.0s)
2026-04-28 20:59:14 | INFO     | ayumi.forward_test | Market data feed connected for GBPUSD
2026-04-28 20:59:14 | INFO     | ayumi.forward_test | Reconnection successful — reset consecutive failure counter
2026-04-28 20:59:24 | WARNING  | ayumi.forward_test | Connection health check failed: connected=True last_tick_ago=2503.7s threshold=900.0s — reconnecting
2026-04-28 20:59:24 | INFO     | ayumi.forward_test | Reconnection attempt 1 (backoff=5.0s)
2026-04-28 20:59:25 | INFO     | ayumi.forward_test | Market data feed connected for GBPUSD
2026-04-28 20:59:25 | INFO     | ayumi.forward_test | Reconnection successful — reset consecutive failure counter
2026-04-28 20:59:35 | WARNING  | ayumi.forward_test | Connection health check failed: connected=True last_tick_ago=2514.0s threshold=900.0s — reconnecting
2026-04-28 20:59:35 | INFO     | ayumi.forward_test | Reconnection attempt 1 (backoff=5.0s)
2026-04-28 20:59:35 | INFO     | ayumi.forward_test | Market data feed connected for GBPUSD
2026-04-28 20:59:35 | INFO     | ayumi.forward_test | Reconnection successful — reset consecutive failure counter
2026-04-28 20:59:45 | WARNING  | ayumi.forward_test | Connection health check failed: connected=True last_tick_ago=2524.2s threshold=900.0s — reconnecting
2026-04-28 20:59:45 | INFO     | ayumi.forward_test | Reconnection attempt 1 (backoff=5.0s)
2026-04-28 20:59:45 | INFO     | ayumi.forward_test | Market data feed connected for GBPUSD
2026-04-28 20:59:45 | INFO     | ayumi.forward_test | Reconnection successful — reset consecutive failure counter
2026-04-28 20:59:55 | WARNING  | ayumi.forward_test | Connection health check failed: connected=True last_tick_ago=2534.5s threshold=900.0s — reconnecting
2026-04-28 20:59:55 | INFO     | ayumi.forward_test | Reconnection attempt 1 (backoff=5.0s)
2026-04-28 20:59:56 | INFO     | ayumi.forward_test | Market data feed connected for GBPUSD
2026-04-28 20:59:56 | INFO     | ayumi.forward_test | Reconnection successful — reset consecutive failure counter
2026-04-28 21:25:06 | WARNING  | ayumi.forward_test | Connection health check failed: connected=True last_tick_ago=904.8s threshold=900.0s — reconnecting
2026-04-28 21:25:06 | INFO     | ayumi.forward_test | Reconnection attempt 1 (backoff=5.0s)
2026-04-28 21:25:06 | INFO     | ayumi.forward_test | Market data feed connected for GBPUSD
2026-04-28 21:25:06 | INFO     | ayumi.forward_test | Reconnection successful — reset consecutive failure counter
2026-04-28 22:15:06 | WARNING  | ayumi.forward_test | Connection health check failed: connected=True last_tick_ago=900.3s threshold=900.0s — reconnecting
2026-04-28 22:15:06 | INFO     | ayumi.forward_test | Reconnection attempt 1 (backoff=5.0s)
2026-04-28 22:15:06 | INFO     | ayumi.forward_test | Market data feed connected for GBPUSD
2026-04-28 22:15:06 | INFO     | ayumi.forward_test | Reconnection successful — reset consecutive failure counter
2026-04-28 22:30:26 | WARNING  | ayumi.forward_test | Connection health check failed: connected=True last_tick_ago=903.1s threshold=900.0s — reconnecting
2026-04-28 22:30:26 | INFO     | ayumi.forward_test | Reconnection attempt 1 (backoff=5.0s)
2026-04-28 22:30:27 | INFO     | ayumi.forward_test | Market data feed connected for GBPUSD
2026-04-28 22:30:27 | INFO     | ayumi.forward_test | Reconnection successful — reset consecutive failure counter
2026-04-28 22:40:10 | INFO     | ayumi.forward_test | Shutdown signal received (sig=15)
2026-04-28 22:40:10 | INFO     | ayumi.forward_test | Forward test stopped: balance=10000.00 trades=0 pnl=0.00 errors=0 reconnects=0
2026-04-28 22:40:23 | INFO     | ayumi.blend_launcher | === Ayumi Multi-Strategy Forward Test (Blend Pipeline) ===
2026-04-28 22:40:23 | INFO     | ayumi.blend_launcher | Symbols: ['GBPUSD', 'USDJPY']
2026-04-28 22:40:26 | WARNING  | ayumi.blend_launcher | Could not fetch symbol list from OpenAPI: 'CTraderOpenApiClient' object has no attribute 'get_symbols' — using static mapping
2026-04-28 22:40:26 | INFO     | ayumi.blend_launcher | Fetching 100 H1 bars for GBPUSD (id=2)...
2026-04-28 22:40:28 | INFO     | ayumi.blend_launcher | Fetched 99 H1 bars for GBPUSD
2026-04-28 22:40:28 | INFO     | ayumi.blend_launcher | Fetching 200 M15 bars for GBPUSD (id=2)...
2026-04-28 22:40:30 | INFO     | ayumi.blend_launcher | Fetched 199 M15 bars for GBPUSD
2026-04-28 22:40:30 | INFO     | ayumi.blend_launcher | Fetching 100 H1 bars for USDJPY (id=3)...
2026-04-28 22:40:32 | INFO     | ayumi.blend_launcher | Fetched 99 H1 bars for USDJPY
2026-04-28 22:40:32 | INFO     | ayumi.blend_launcher | Fetching 200 M15 bars for USDJPY (id=3)...
2026-04-28 22:40:34 | INFO     | ayumi.blend_launcher | Fetched 199 M15 bars for USDJPY
2026-04-28 22:40:34 | INFO     | ayumi.blend_launcher | Twisted reactor stopped cleanly
2026-04-28 22:40:34 | INFO     | ayumi.blend_launcher | Registered 4 strategies: ['SRMR+', 'Killzone Momentum', 'Donchian Channel Breakout', 'Session-Range Mean Reversion']
2026-04-28 22:40:34 | INFO     | ayumi.blend_launcher | All strategy .name properties verified against maps
2026-04-28 22:40:34 | WARNING  | ayumi.risk | No state file at data/risk_state_blend.json — starting fresh
2026-04-28 22:40:34 | INFO     | ayumi.forward_test | BlendForwardTestRunner started — balance=$10000.00
2026-04-28 22:40:34 | INFO     | ayumi.forward_test | Preloaded 99 bars into key 'GBPUSD:60'
2026-04-28 22:40:34 | INFO     | ayumi.blend_launcher | Preloaded 99 H1 bars for GBPUSD
2026-04-28 22:40:34 | INFO     | ayumi.forward_test | Preloaded 199 bars into key 'GBPUSD:15'
2026-04-28 22:40:34 | INFO     | ayumi.blend_launcher | Preloaded 199 M15 bars for GBPUSD
2026-04-28 22:40:34 | INFO     | ayumi.forward_test | Preloaded 99 bars into key 'USDJPY:60'
2026-04-28 22:40:34 | INFO     | ayumi.blend_launcher | Preloaded 99 H1 bars for USDJPY
2026-04-28 22:40:34 | INFO     | ayumi.forward_test | Preloaded 199 bars into key 'USDJPY:15'
2026-04-28 22:40:34 | INFO     | ayumi.blend_launcher | Preloaded 199 M15 bars for USDJPY
2026-04-28 22:40:34 | INFO     | ayumi.blend_launcher | === STARTING MULTI-STRATEGY FORWARD TEST ===
2026-04-28 22:40:34 | INFO     | ayumi.blend_launcher | Pipeline: SRMR+ + Killzone + Momentum + SessionRangeMR → Correlation Gate → Blend Runner → Paper
2026-04-28 22:40:35 | INFO     | ayumi.forward_test | Market data feed connected for GBPUSD
2026-04-28 22:40:35 | INFO     | ayumi.forward_test | Forward test started: symbol=GBPUSD strategies=['SRMR+', 'Killzone Momentum', 'Donchian Channel Breakout', 'Session-Range Mean Reversion'] mode=PAPER eval_interval=1.0s bar_period=60m
2026-04-28 22:46:36 | INFO     | ayumi.forward_test | Shutdown signal received (sig=15)
2026-04-28 22:46:36 | INFO     | ayumi.forward_test | Forward test stopped: balance=10000.00 trades=0 pnl=0.00 errors=0 reconnects=0
2026-04-28 22:46:49 | INFO     | ayumi.blend_launcher | === Ayumi Multi-Strategy Forward Test (Blend Pipeline) ===
2026-04-28 22:46:49 | INFO     | ayumi.blend_launcher | Symbols: ['GBPUSD', 'USDJPY']
2026-04-28 22:46:51 | WARNING  | ayumi.blend_launcher | Could not fetch symbol list from OpenAPI: 'CTraderOpenApiClient' object has no attribute 'get_symbols' — using static mapping
2026-04-28 22:46:51 | INFO     | ayumi.blend_launcher | Fetching 100 H1 bars for GBPUSD (id=2)...
2026-04-28 22:46:53 | INFO     | ayumi.blend_launcher | Fetched 99 H1 bars for GBPUSD
2026-04-28 22:46:53 | INFO     | ayumi.blend_launcher | Fetching 200 M15 bars for GBPUSD (id=2)...
2026-04-28 22:46:55 | INFO     | ayumi.blend_launcher | Fetched 199 M15 bars for GBPUSD
2026-04-28 22:46:55 | INFO     | ayumi.blend_launcher | Fetching 100 H1 bars for USDJPY (id=3)...
2026-04-28 22:46:57 | INFO     | ayumi.blend_launcher | Fetched 99 H1 bars for USDJPY
2026-04-28 22:46:57 | INFO     | ayumi.blend_launcher | Fetching 200 M15 bars for USDJPY (id=3)...
2026-04-28 22:46:59 | INFO     | ayumi.blend_launcher | Fetched 199 M15 bars for USDJPY
2026-04-28 22:47:00 | INFO     | ayumi.blend_launcher | Twisted reactor stopped cleanly
2026-04-28 22:47:00 | INFO     | ayumi.blend_launcher | Registered 5 strategies: ['SRMR+', 'Killzone Momentum', 'Donchian Channel Breakout', 'Session-Range Mean Reversion', 'BB+RSI Mean Reversion']
2026-04-28 22:47:00 | INFO     | ayumi.blend_launcher | All strategy .name properties verified against maps
2026-04-28 22:47:00 | WARNING  | ayumi.risk | No state file at data/risk_state_blend.json — starting fresh
2026-04-28 22:47:00 | INFO     | ayumi.forward_test | BlendForwardTestRunner started — balance=$10000.00
2026-04-28 22:47:00 | INFO     | ayumi.forward_test | Preloaded 99 bars into key 'GBPUSD:60'
2026-04-28 22:47:00 | INFO     | ayumi.blend_launcher | Preloaded 99 H1 bars for GBPUSD
2026-04-28 22:47:00 | INFO     | ayumi.forward_test | Preloaded 199 bars into key 'GBPUSD:15'
2026-04-28 22:47:00 | INFO     | ayumi.blend_launcher | Preloaded 199 M15 bars for GBPUSD
2026-04-28 22:47:00 | INFO     | ayumi.forward_test | Preloaded 99 bars into key 'USDJPY:60'
2026-04-28 22:47:00 | INFO     | ayumi.blend_launcher | Preloaded 99 H1 bars for USDJPY
2026-04-28 22:47:00 | INFO     | ayumi.forward_test | Preloaded 199 bars into key 'USDJPY:15'
2026-04-28 22:47:00 | INFO     | ayumi.blend_launcher | Preloaded 199 M15 bars for USDJPY
2026-04-28 22:47:00 | INFO     | ayumi.blend_launcher | === STARTING MULTI-STRATEGY FORWARD TEST ===
2026-04-28 22:47:00 | INFO     | ayumi.blend_launcher | Pipeline: SRMR+ + Killzone + Momentum + SessionRangeMR → Correlation Gate → Blend Runner → Paper
2026-04-28 22:47:00 | INFO     | ayumi.forward_test | Market data feed connected for ['GBPUSD', 'USDJPY']
2026-04-28 22:47:00 | INFO     | ayumi.forward_test | Forward test started: symbols=['GBPUSD', 'USDJPY'] strategies=['SRMR+', 'Killzone Momentum', 'Donchian Channel Breakout', 'Session-Range Mean Reversion', 'BB+RSI Mean Reversion'] mode=PAPER eval_interval=1.0s bar_period=60m
2026-04-29 12:40:34 | INFO     | ayumi.forward_test | Shutdown signal received (sig=15)
2026-04-29 12:40:34 | INFO     | ayumi.forward_test | Forward test stopped: balance=10000.00 trades=0 pnl=0.00 errors=0 reconnects=0
