2026-04-29 12:38:31 | WARNING  | ayumi.risk | No state file at /tmp/pytest-of-root/pytest-452/test_start_restores_no_state0/risk_state.json — starting fresh
2026-04-29 12:38:31 | WARNING  | ayumi.risk | No state file at /tmp/pytest-of-root/pytest-452/test_signal_processing0/risk_state.json — starting fresh
2026-04-29 12:38:31 | WARNING  | ayumi.risk | No state file at /tmp/pytest-of-root/pytest-452/test_multiple_signals_in_seque0/risk_state.json — starting fresh
2026-04-29 12:38:31 | WARNING  | ayumi.risk | No state file at /tmp/pytest-of-root/pytest-452/test_fill_handling_updates_bal0/risk_state.json — starting fresh
2026-04-29 12:38:31 | WARNING  | ayumi.risk | No state file at /tmp/pytest-of-root/pytest-452/test_state_save_on_stop0/risk_state.json — starting fresh
2026-04-29 12:38:31 | WARNING  | ayumi.risk | No state file at /tmp/pytest-of-root/pytest-452/test_state_restore_on_start0/risk_state.json — starting fresh
2026-04-29 12:38:34 | WARNING  | ayumi.forward_test | Reconnection failed — next attempt in 0.0s
2026-04-29 12:38:34 | WARNING  | ayumi.forward_test | Reconnection failed — next attempt in 0.0s
2026-04-29 12:38:34 | WARNING  | ayumi.forward_test | Reconnection failed — next attempt in 0.0s
2026-04-29 12:38:34 | WARNING  | ayumi.forward_test | Reconnection failed — next attempt in 0.0s
2026-04-29 12:38:34 | WARNING  | ayumi.forward_test | Reconnection failed — next attempt in 0.0s
2026-04-29 12:38:34 | WARNING  | ayumi.forward_test | Reconnection failed — next attempt in 0.0s
2026-04-29 12:38:34 | WARNING  | ayumi.forward_test | Reconnection failed — next attempt in 0.0s
2026-04-29 12:38:34 | WARNING  | ayumi.forward_test | Reconnection failed — next attempt in 0.0s
2026-04-29 12:38:34 | WARNING  | ayumi.forward_test | Reconnection failed — next attempt in 0.0s
2026-04-29 12:38:34 | CRITICAL | ayumi.forward_test | Reconnect circuit-breaker tripped: 10 consecutive attempts with no ticks (max=10). Stopping engine gracefully.
2026-04-29 12:38:34 | WARNING  | ayumi.forward_test | Reconnection failed — next attempt in 0.0s
2026-04-29 12:38:34 | WARNING  | ayumi.forward_test | Reconnection failed — next attempt in 0.0s
2026-04-29 12:38:34 | WARNING  | ayumi.forward_test | Reconnection failed — next attempt in 0.0s
2026-04-29 12:38:34 | WARNING  | ayumi.forward_test | Reconnection failed — next attempt in 0.0s
2026-04-29 12:38:34 | WARNING  | ayumi.forward_test | Reconnection failed — next attempt in 0.0s
2026-04-29 12:38:34 | WARNING  | ayumi.forward_test | Reconnection failed — next attempt in 0.0s
2026-04-29 12:38:34 | WARNING  | ayumi.forward_test | Reconnection failed — next attempt in 0.0s
2026-04-29 12:38:34 | CRITICAL | ayumi.forward_test | Reconnect circuit-breaker tripped: 3 consecutive attempts with no ticks (max=3). Stopping engine gracefully.
2026-04-29 12:38:34 | WARNING  | ayumi.forward_test | Connection health check failed: connected=False last_tick_ago=infs threshold=900.0s — reconnecting
2026-04-29 12:38:34 | WARNING  | ayumi.forward_test | Reconnection failed — next attempt in 0.0s
2026-04-29 12:38:34 | WARNING  | ayumi.forward_test | Connection health check failed: connected=False last_tick_ago=infs threshold=30.0s — reconnecting
2026-04-29 12:38:34 | WARNING  | ayumi.forward_test | Reconnection failed — next attempt in 0.0s
2026-04-29 12:38:34 | WARNING  | ayumi.forward_test | Connection health check failed: connected=False last_tick_ago=infs threshold=30.0s — reconnecting
2026-04-29 12:38:34 | WARNING  | ayumi.forward_test | Reconnection failed — next attempt in 0.0s
2026-04-29 12:39:40 | WARNING  | ayumi.risk | No state file at /tmp/pytest-of-root/pytest-453/test_start_restores_no_state0/risk_state.json — starting fresh
2026-04-29 12:39:40 | WARNING  | ayumi.risk | No state file at /tmp/pytest-of-root/pytest-453/test_signal_processing0/risk_state.json — starting fresh
2026-04-29 12:39:40 | WARNING  | ayumi.risk | No state file at /tmp/pytest-of-root/pytest-453/test_multiple_signals_in_seque0/risk_state.json — starting fresh
2026-04-29 12:39:40 | WARNING  | ayumi.risk | No state file at /tmp/pytest-of-root/pytest-453/test_fill_handling_updates_bal0/risk_state.json — starting fresh
2026-04-29 12:39:40 | WARNING  | ayumi.risk | No state file at /tmp/pytest-of-root/pytest-453/test_state_save_on_stop0/risk_state.json — starting fresh
2026-04-29 12:39:40 | WARNING  | ayumi.risk | No state file at /tmp/pytest-of-root/pytest-453/test_state_restore_on_start0/risk_state.json — starting fresh
2026-04-29 12:39:43 | WARNING  | ayumi.forward_test | Reconnection failed — next attempt in 0.0s
2026-04-29 12:39:43 | WARNING  | ayumi.forward_test | Reconnection failed — next attempt in 0.0s
2026-04-29 12:39:43 | WARNING  | ayumi.forward_test | Reconnection failed — next attempt in 0.0s
2026-04-29 12:39:43 | WARNING  | ayumi.forward_test | Reconnection failed — next attempt in 0.0s
2026-04-29 12:39:43 | WARNING  | ayumi.forward_test | Reconnection failed — next attempt in 0.0s
2026-04-29 12:39:43 | WARNING  | ayumi.forward_test | Reconnection failed — next attempt in 0.0s
2026-04-29 12:39:43 | WARNING  | ayumi.forward_test | Reconnection failed — next attempt in 0.0s
2026-04-29 12:39:43 | WARNING  | ayumi.forward_test | Reconnection failed — next attempt in 0.0s
2026-04-29 12:39:43 | WARNING  | ayumi.forward_test | Reconnection failed — next attempt in 0.0s
2026-04-29 12:39:43 | CRITICAL | ayumi.forward_test | Reconnect circuit-breaker tripped: 10 consecutive attempts with no ticks (max=10). Stopping engine gracefully.
2026-04-29 12:39:43 | WARNING  | ayumi.forward_test | Reconnection failed — next attempt in 0.0s
2026-04-29 12:39:43 | WARNING  | ayumi.forward_test | Reconnection failed — next attempt in 0.0s
2026-04-29 12:39:43 | WARNING  | ayumi.forward_test | Reconnection failed — next attempt in 0.0s
2026-04-29 12:39:43 | WARNING  | ayumi.forward_test | Reconnection failed — next attempt in 0.0s
2026-04-29 12:39:43 | WARNING  | ayumi.forward_test | Reconnection failed — next attempt in 0.0s
2026-04-29 12:39:43 | WARNING  | ayumi.forward_test | Reconnection failed — next attempt in 0.0s
2026-04-29 12:39:43 | WARNING  | ayumi.forward_test | Reconnection failed — next attempt in 0.0s
2026-04-29 12:39:43 | CRITICAL | ayumi.forward_test | Reconnect circuit-breaker tripped: 3 consecutive attempts with no ticks (max=3). Stopping engine gracefully.
2026-04-29 12:39:43 | WARNING  | ayumi.forward_test | Connection health check failed: connected=False last_tick_ago=infs threshold=900.0s — reconnecting
2026-04-29 12:39:43 | WARNING  | ayumi.forward_test | Reconnection failed — next attempt in 0.0s
2026-04-29 12:39:43 | WARNING  | ayumi.forward_test | Connection health check failed: connected=False last_tick_ago=infs threshold=30.0s — reconnecting
2026-04-29 12:39:43 | WARNING  | ayumi.forward_test | Reconnection failed — next attempt in 0.0s
2026-04-29 12:39:43 | WARNING  | ayumi.forward_test | Connection health check failed: connected=False last_tick_ago=infs threshold=30.0s — reconnecting
2026-04-29 12:39:43 | WARNING  | ayumi.forward_test | Reconnection failed — next attempt in 0.0s
2026-04-29 12:40:47 | INFO     | ayumi.blend_launcher | === Ayumi Multi-Strategy Forward Test (Blend Pipeline) ===
2026-04-29 12:40:47 | INFO     | ayumi.blend_launcher | Symbols: ['GBPUSD', 'USDJPY']
2026-04-29 12:40:49 | WARNING  | ayumi.blend_launcher | Could not fetch symbol list from OpenAPI: 'CTraderOpenApiClient' object has no attribute 'get_symbols' — using static mapping
2026-04-29 12:40:49 | INFO     | ayumi.blend_launcher | Fetching 100 H1 bars for GBPUSD (id=2)...
2026-04-29 12:40:51 | INFO     | ayumi.blend_launcher | Fetched 99 H1 bars for GBPUSD
2026-04-29 12:40:51 | INFO     | ayumi.blend_launcher | Fetching 200 M15 bars for GBPUSD (id=2)...
2026-04-29 12:40:53 | INFO     | ayumi.blend_launcher | Fetched 199 M15 bars for GBPUSD
2026-04-29 12:40:53 | INFO     | ayumi.blend_launcher | Fetching 100 H1 bars for USDJPY (id=3)...
2026-04-29 12:40:55 | INFO     | ayumi.blend_launcher | Fetched 99 H1 bars for USDJPY
2026-04-29 12:40:55 | INFO     | ayumi.blend_launcher | Fetching 200 M15 bars for USDJPY (id=3)...
2026-04-29 12:40:57 | INFO     | ayumi.blend_launcher | Fetched 199 M15 bars for USDJPY
2026-04-29 12:40:57 | INFO     | ayumi.blend_launcher | Twisted reactor stopped cleanly
2026-04-29 12:40:57 | INFO     | ayumi.blend_launcher | Registered 5 strategies: ['SRMR+', 'Killzone Momentum', 'Donchian Channel Breakout', 'Session-Range Mean Reversion', 'BB+RSI Mean Reversion']
2026-04-29 12:40:57 | INFO     | ayumi.blend_launcher | All strategy .name properties verified against maps
2026-04-29 12:40:57 | WARNING  | ayumi.risk | No state file at data/risk_state_blend.json — starting fresh
2026-04-29 12:40:57 | INFO     | ayumi.forward_test | BlendForwardTestRunner started — balance=$10000.00
2026-04-29 12:40:57 | INFO     | ayumi.forward_test | Preloaded 99 bars into key 'GBPUSD:60'
2026-04-29 12:40:57 | INFO     | ayumi.blend_launcher | Preloaded 99 H1 bars for GBPUSD
2026-04-29 12:40:57 | INFO     | ayumi.forward_test | Preloaded 199 bars into key 'GBPUSD:15'
2026-04-29 12:40:57 | INFO     | ayumi.blend_launcher | Preloaded 199 M15 bars for GBPUSD
2026-04-29 12:40:57 | INFO     | ayumi.forward_test | Preloaded 99 bars into key 'USDJPY:60'
2026-04-29 12:40:57 | INFO     | ayumi.blend_launcher | Preloaded 99 H1 bars for USDJPY
2026-04-29 12:40:57 | INFO     | ayumi.forward_test | Preloaded 199 bars into key 'USDJPY:15'
2026-04-29 12:40:57 | INFO     | ayumi.blend_launcher | Preloaded 199 M15 bars for USDJPY
2026-04-29 12:40:57 | INFO     | ayumi.blend_launcher | === STARTING MULTI-STRATEGY FORWARD TEST ===
2026-04-29 12:40:57 | INFO     | ayumi.blend_launcher | Pipeline: SRMR+ + Killzone + Momentum + SessionRangeMR → Correlation Gate → Blend Runner → Paper
2026-04-29 12:40:58 | INFO     | ayumi.forward_test | Market data feed connected for ['GBPUSD', 'USDJPY']
2026-04-29 12:40:58 | INFO     | ayumi.forward_test | Forward test started: symbols=['GBPUSD', 'USDJPY'] strategies=['SRMR+', 'Killzone Momentum', 'Donchian Channel Breakout', 'Session-Range Mean Reversion', 'BB+RSI Mean Reversion'] mode=PAPER eval_interval=1.0s bar_period=60m
2026-04-29 12:40:58 | INFO     | ayumi.orchestrator | Adapted signal: strategy=srmr_plus symbol=USDJPY dir=LONG conf=0.57
2026-04-29 12:40:58 | INFO     | ayumi.orchestrator | Signal received: strategy=srmr_plus symbol=USDJPY direction=LONG confidence=0.570
2026-04-29 12:40:58 | INFO     | ayumi.orchestrator | Routing: strategy=srmr_plus symbol=USDJPY → profile=Profile.SWARM
2026-04-29 12:40:58 | WARNING  | ayumi.orchestrator | Signal REJECTED by sizing: strategy=srmr_plus symbol=USDJPY reason=SL distance 0.2 pips < minimum 5.0 pips
2026-04-29 12:40:58 | INFO     | ayumi.forward_test | Order rejected: USDJPY — SL distance 0.2 pips < minimum 5.0 pips
2026-04-29 12:40:58 | INFO     | ayumi.blend_launcher | Signal rejected by blend: srmr_plus long USDJPY conf=0.57 — SL distance 0.2 pips < minimum 5.0 pips
2026-04-29 12:42:32 | WARNING  | ayumi.risk | No state file at /tmp/pytest-of-root/pytest-455/test_start_restores_no_state0/risk_state.json — starting fresh
2026-04-29 12:42:32 | WARNING  | ayumi.risk | No state file at /tmp/pytest-of-root/pytest-455/test_signal_processing0/risk_state.json — starting fresh
2026-04-29 12:42:32 | WARNING  | ayumi.risk | No state file at /tmp/pytest-of-root/pytest-455/test_multiple_signals_in_seque0/risk_state.json — starting fresh
2026-04-29 12:42:32 | WARNING  | ayumi.risk | No state file at /tmp/pytest-of-root/pytest-455/test_fill_handling_updates_bal0/risk_state.json — starting fresh
2026-04-29 12:42:32 | WARNING  | ayumi.risk | No state file at /tmp/pytest-of-root/pytest-455/test_state_save_on_stop0/risk_state.json — starting fresh
2026-04-29 12:42:32 | WARNING  | ayumi.risk | No state file at /tmp/pytest-of-root/pytest-455/test_state_restore_on_start0/risk_state.json — starting fresh
2026-04-29 12:43:06 | WARNING  | ayumi.risk | No state file at /tmp/pytest-of-root/pytest-456/test_start_restores_no_state0/risk_state.json — starting fresh
2026-04-29 12:43:06 | WARNING  | ayumi.risk | No state file at /tmp/pytest-of-root/pytest-456/test_signal_processing0/risk_state.json — starting fresh
2026-04-29 12:43:06 | WARNING  | ayumi.risk | No state file at /tmp/pytest-of-root/pytest-456/test_multiple_signals_in_seque0/risk_state.json — starting fresh
2026-04-29 12:43:06 | WARNING  | ayumi.risk | No state file at /tmp/pytest-of-root/pytest-456/test_fill_handling_updates_bal0/risk_state.json — starting fresh
2026-04-29 12:43:06 | WARNING  | ayumi.risk | No state file at /tmp/pytest-of-root/pytest-456/test_state_save_on_stop0/risk_state.json — starting fresh
2026-04-29 12:43:06 | WARNING  | ayumi.risk | No state file at /tmp/pytest-of-root/pytest-456/test_state_restore_on_start0/risk_state.json — starting fresh
2026-04-29 12:50:35 | WARNING  | ayumi.risk | No state file at /tmp/pytest-of-root/pytest-457/test_start_restores_no_state0/risk_state.json — starting fresh
2026-04-29 12:50:35 | WARNING  | ayumi.risk | No state file at /tmp/pytest-of-root/pytest-457/test_signal_processing0/risk_state.json — starting fresh
2026-04-29 12:50:35 | WARNING  | ayumi.risk | No state file at /tmp/pytest-of-root/pytest-457/test_multiple_signals_in_seque0/risk_state.json — starting fresh
2026-04-29 12:50:35 | WARNING  | ayumi.risk | No state file at /tmp/pytest-of-root/pytest-457/test_fill_handling_updates_bal0/risk_state.json — starting fresh
2026-04-29 12:50:35 | WARNING  | ayumi.risk | No state file at /tmp/pytest-of-root/pytest-457/test_state_save_on_stop0/risk_state.json — starting fresh
2026-04-29 12:50:35 | WARNING  | ayumi.risk | No state file at /tmp/pytest-of-root/pytest-457/test_state_restore_on_start0/risk_state.json — starting fresh
2026-04-29 12:50:37 | WARNING  | ayumi.forward_test | Reconnection failed — next attempt in 0.0s
2026-04-29 12:50:37 | WARNING  | ayumi.forward_test | Reconnection failed — next attempt in 0.0s
2026-04-29 12:50:37 | WARNING  | ayumi.forward_test | Reconnection failed — next attempt in 0.0s
2026-04-29 12:50:37 | WARNING  | ayumi.forward_test | Reconnection failed — next attempt in 0.0s
2026-04-29 12:50:37 | WARNING  | ayumi.forward_test | Reconnection failed — next attempt in 0.0s
2026-04-29 12:50:37 | WARNING  | ayumi.forward_test | Reconnection failed — next attempt in 0.0s
2026-04-29 12:50:37 | WARNING  | ayumi.forward_test | Reconnection failed — next attempt in 0.0s
2026-04-29 12:50:37 | WARNING  | ayumi.forward_test | Reconnection failed — next attempt in 0.0s
2026-04-29 12:50:37 | WARNING  | ayumi.forward_test | Reconnection failed — next attempt in 0.0s
2026-04-29 12:50:37 | CRITICAL | ayumi.forward_test | Reconnect circuit-breaker tripped: 10 consecutive attempts with no ticks (max=10). Stopping engine gracefully.
2026-04-29 12:50:37 | WARNING  | ayumi.forward_test | Reconnection failed — next attempt in 0.0s
2026-04-29 12:50:37 | WARNING  | ayumi.forward_test | Reconnection failed — next attempt in 0.0s
2026-04-29 12:50:37 | WARNING  | ayumi.forward_test | Reconnection failed — next attempt in 0.0s
2026-04-29 12:50:37 | WARNING  | ayumi.forward_test | Reconnection failed — next attempt in 0.0s
2026-04-29 12:50:37 | WARNING  | ayumi.forward_test | Reconnection failed — next attempt in 0.0s
2026-04-29 12:50:37 | WARNING  | ayumi.forward_test | Reconnection failed — next attempt in 0.0s
2026-04-29 12:50:37 | WARNING  | ayumi.forward_test | Reconnection failed — next attempt in 0.0s
2026-04-29 12:50:37 | CRITICAL | ayumi.forward_test | Reconnect circuit-breaker tripped: 3 consecutive attempts with no ticks (max=3). Stopping engine gracefully.
2026-04-29 12:50:37 | WARNING  | ayumi.forward_test | Connection health check failed: connected=False last_tick_ago=infs threshold=900.0s — reconnecting
2026-04-29 12:50:37 | WARNING  | ayumi.forward_test | Reconnection failed — next attempt in 0.0s
2026-04-29 12:50:37 | WARNING  | ayumi.forward_test | Connection health check failed: connected=False last_tick_ago=infs threshold=30.0s — reconnecting
2026-04-29 12:50:37 | WARNING  | ayumi.forward_test | Reconnection failed — next attempt in 0.0s
2026-04-29 12:50:37 | WARNING  | ayumi.forward_test | Connection health check failed: connected=False last_tick_ago=infs threshold=30.0s — reconnecting
2026-04-29 12:50:37 | WARNING  | ayumi.forward_test | Reconnection failed — next attempt in 0.0s
2026-04-29 12:56:08 | WARNING  | ayumi.forward_test | Connection health check failed: connected=True last_tick_ago=906.5s threshold=900.0s — reconnecting
2026-04-29 12:56:08 | INFO     | ayumi.forward_test | Reconnection attempt 1 (backoff=5.0s)
2026-04-29 12:56:08 | INFO     | ayumi.forward_test | Market data feed connected for ['GBPUSD', 'USDJPY']
2026-04-29 12:56:08 | INFO     | ayumi.forward_test | Reconnection successful — reset consecutive failure counter
2026-04-29 12:56:18 | WARNING  | ayumi.forward_test | Connection health check failed: connected=True last_tick_ago=916.9s threshold=900.0s — reconnecting
2026-04-29 12:56:18 | INFO     | ayumi.forward_test | Reconnection attempt 1 (backoff=5.0s)
2026-04-29 12:56:18 | INFO     | ayumi.forward_test | Market data feed connected for ['GBPUSD', 'USDJPY']
2026-04-29 12:56:18 | INFO     | ayumi.forward_test | Reconnection successful — reset consecutive failure counter
2026-04-29 12:59:42 | INFO     | ayumi.forward_test | Shutdown signal received (sig=15)
2026-04-29 12:59:42 | INFO     | ayumi.forward_test | Forward test stopped: balance=10000.00 trades=0 pnl=0.00 errors=0 reconnects=0
2026-04-29 12:59:54 | INFO     | ayumi.blend_launcher | === Ayumi Multi-Strategy Forward Test (Blend Pipeline) ===
2026-04-29 12:59:54 | INFO     | ayumi.blend_launcher | Symbols: ['GBPUSD', 'USDJPY']
2026-04-29 12:59:56 | WARNING  | ayumi.blend_launcher | Could not fetch symbol list from OpenAPI: 'CTraderOpenApiClient' object has no attribute 'get_symbols' — using static mapping
2026-04-29 12:59:56 | INFO     | ayumi.blend_launcher | Fetching 100 H1 bars for GBPUSD (id=2)...
2026-04-29 12:59:58 | INFO     | ayumi.blend_launcher | Fetched 99 H1 bars for GBPUSD
2026-04-29 12:59:58 | INFO     | ayumi.blend_launcher | Fetching 200 M15 bars for GBPUSD (id=2)...
2026-04-29 13:00:00 | INFO     | ayumi.blend_launcher | Fetched 200 M15 bars for GBPUSD
2026-04-29 13:00:00 | INFO     | ayumi.blend_launcher | Fetching 100 H1 bars for USDJPY (id=3)...
2026-04-29 13:00:02 | INFO     | ayumi.blend_launcher | Fetched 100 H1 bars for USDJPY
2026-04-29 13:00:02 | INFO     | ayumi.blend_launcher | Fetching 200 M15 bars for USDJPY (id=3)...
2026-04-29 13:00:04 | INFO     | ayumi.blend_launcher | Fetched 200 M15 bars for USDJPY
2026-04-29 13:00:04 | INFO     | ayumi.blend_launcher | Twisted reactor stopped cleanly
2026-04-29 13:00:04 | INFO     | ayumi.blend_launcher | Registered 5 strategies: ['SRMR+', 'Killzone Momentum', 'Donchian Channel Breakout', 'Session-Range Mean Reversion', 'BB+RSI Mean Reversion']
2026-04-29 13:00:04 | INFO     | ayumi.blend_launcher | All strategy .name properties verified against maps
2026-04-29 13:00:04 | WARNING  | ayumi.risk | No state file at data/risk_state_blend.json — starting fresh
2026-04-29 13:00:04 | INFO     | ayumi.forward_test | BlendForwardTestRunner started — balance=$10000.00
2026-04-29 13:00:04 | INFO     | ayumi.forward_test | Preloaded 99 bars into key 'GBPUSD:60'
2026-04-29 13:00:04 | INFO     | ayumi.blend_launcher | Preloaded 99 H1 bars for GBPUSD
2026-04-29 13:00:04 | INFO     | ayumi.forward_test | Preloaded 200 bars into key 'GBPUSD:15'
2026-04-29 13:00:04 | INFO     | ayumi.blend_launcher | Preloaded 200 M15 bars for GBPUSD
2026-04-29 13:00:04 | INFO     | ayumi.forward_test | Preloaded 100 bars into key 'USDJPY:60'
2026-04-29 13:00:04 | INFO     | ayumi.blend_launcher | Preloaded 100 H1 bars for USDJPY
2026-04-29 13:00:04 | INFO     | ayumi.forward_test | Preloaded 200 bars into key 'USDJPY:15'
2026-04-29 13:00:04 | INFO     | ayumi.blend_launcher | Preloaded 200 M15 bars for USDJPY
2026-04-29 13:00:04 | INFO     | ayumi.blend_launcher | === STARTING MULTI-STRATEGY FORWARD TEST ===
2026-04-29 13:00:04 | INFO     | ayumi.blend_launcher | Pipeline: SRMR+ + Killzone + Momentum + SessionRangeMR → Correlation Gate → Blend Runner → Paper
2026-04-29 13:00:05 | INFO     | ayumi.forward_test | Market data feed connected for ['GBPUSD', 'USDJPY']
2026-04-29 13:00:05 | INFO     | ayumi.forward_test | Forward test started: symbols=['GBPUSD', 'USDJPY'] strategies=['SRMR+', 'Killzone Momentum', 'Donchian Channel Breakout', 'Session-Range Mean Reversion', 'BB+RSI Mean Reversion'] mode=PAPER eval_interval=1.0s bar_period=60m
2026-04-29 13:15:15 | WARNING  | ayumi.forward_test | Connection health check failed: connected=True last_tick_ago=906.6s threshold=900.0s — reconnecting
2026-04-29 13:15:15 | INFO     | ayumi.forward_test | Reconnection attempt 1 (backoff=5.0s)
2026-04-29 13:15:15 | INFO     | ayumi.forward_test | Market data feed connected for ['GBPUSD', 'USDJPY']
2026-04-29 13:15:15 | INFO     | ayumi.forward_test | Reconnection successful — reset consecutive failure counter
2026-04-29 13:30:25 | WARNING  | ayumi.forward_test | Connection health check failed: connected=True last_tick_ago=906.8s threshold=900.0s — reconnecting
2026-04-29 13:30:25 | INFO     | ayumi.forward_test | Reconnection attempt 1 (backoff=5.0s)
2026-04-29 13:30:25 | INFO     | ayumi.forward_test | Market data feed connected for ['GBPUSD', 'USDJPY']
2026-04-29 13:30:25 | INFO     | ayumi.forward_test | Reconnection successful — reset consecutive failure counter
2026-04-29 13:30:26 | INFO     | ayumi.orchestrator | Adapted signal: strategy=srmr_plus symbol=USDJPY dir=LONG conf=0.57
2026-04-29 13:30:26 | INFO     | ayumi.orchestrator | Signal received: strategy=srmr_plus symbol=USDJPY direction=LONG confidence=0.568
2026-04-29 13:30:26 | INFO     | ayumi.orchestrator | Routing: strategy=srmr_plus symbol=USDJPY → profile=Profile.SWARM
2026-04-29 13:30:26 | WARNING  | ayumi.orchestrator | Signal REJECTED by sizing: strategy=srmr_plus symbol=USDJPY reason=SL distance 0.2 pips < minimum 5.0 pips
2026-04-29 13:30:26 | INFO     | ayumi.forward_test | Order rejected: USDJPY — SL distance 0.2 pips < minimum 5.0 pips
2026-04-29 13:30:26 | INFO     | ayumi.blend_launcher | Signal rejected by blend: srmr_plus long USDJPY conf=0.57 — SL distance 0.2 pips < minimum 5.0 pips
2026-04-29 13:34:11 | INFO     | ayumi.forward_test | Shutdown signal received (sig=15)
2026-04-29 13:34:11 | INFO     | ayumi.forward_test | Forward test stopped: balance=10000.00 trades=0 pnl=0.00 errors=0 reconnects=0
2026-04-29 13:34:23 | INFO     | ayumi.blend_launcher | === Ayumi Multi-Strategy Forward Test (Blend Pipeline) ===
2026-04-29 13:34:23 | INFO     | ayumi.blend_launcher | Symbols: ['GBPUSD', 'USDJPY']
2026-04-29 13:34:26 | WARNING  | ayumi.blend_launcher | Could not fetch symbol list from OpenAPI: 'CTraderOpenApiClient' object has no attribute 'get_symbols' — using static mapping
2026-04-29 13:34:26 | INFO     | ayumi.blend_launcher | Fetching 100 H1 bars for GBPUSD (id=2)...
2026-04-29 13:34:28 | INFO     | ayumi.blend_launcher | Fetched 99 H1 bars for GBPUSD
2026-04-29 13:34:28 | INFO     | ayumi.blend_launcher | Fetching 200 M15 bars for GBPUSD (id=2)...
2026-04-29 13:34:30 | INFO     | ayumi.blend_launcher | Fetched 199 M15 bars for GBPUSD
2026-04-29 13:34:30 | INFO     | ayumi.blend_launcher | Fetching 100 H1 bars for USDJPY (id=3)...
2026-04-29 13:34:32 | INFO     | ayumi.blend_launcher | Fetched 99 H1 bars for USDJPY
2026-04-29 13:34:32 | INFO     | ayumi.blend_launcher | Fetching 200 M15 bars for USDJPY (id=3)...
2026-04-29 13:34:34 | INFO     | ayumi.blend_launcher | Fetched 199 M15 bars for USDJPY
2026-04-29 13:34:34 | INFO     | ayumi.blend_launcher | Twisted reactor stopped cleanly
2026-04-29 13:34:34 | INFO     | ayumi.blend_launcher | Registered 5 strategies: ['SRMR+', 'Killzone Momentum', 'Donchian Channel Breakout', 'Session-Range Mean Reversion', 'BB+RSI Mean Reversion']
2026-04-29 13:34:34 | INFO     | ayumi.blend_launcher | All strategy .name properties verified against maps
2026-04-29 13:34:34 | WARNING  | ayumi.risk | No state file at data/risk_state_blend.json — starting fresh
2026-04-29 13:34:34 | INFO     | ayumi.forward_test | BlendForwardTestRunner started — balance=$10000.00
2026-04-29 13:34:34 | INFO     | ayumi.forward_test | Preloaded 99 bars into key 'GBPUSD:60'
2026-04-29 13:34:34 | INFO     | ayumi.blend_launcher | Preloaded 99 H1 bars for GBPUSD
2026-04-29 13:34:34 | INFO     | ayumi.forward_test | Preloaded 199 bars into key 'GBPUSD:15'
2026-04-29 13:34:34 | INFO     | ayumi.blend_launcher | Preloaded 199 M15 bars for GBPUSD
2026-04-29 13:34:34 | INFO     | ayumi.forward_test | Preloaded 99 bars into key 'USDJPY:60'
2026-04-29 13:34:34 | INFO     | ayumi.blend_launcher | Preloaded 99 H1 bars for USDJPY
2026-04-29 13:34:34 | INFO     | ayumi.forward_test | Preloaded 199 bars into key 'USDJPY:15'
2026-04-29 13:34:34 | INFO     | ayumi.blend_launcher | Preloaded 199 M15 bars for USDJPY
2026-04-29 13:34:34 | INFO     | ayumi.blend_launcher | === STARTING MULTI-STRATEGY FORWARD TEST ===
2026-04-29 13:34:34 | INFO     | ayumi.blend_launcher | Pipeline: SRMR+ + Killzone + Momentum + SessionRangeMR → Correlation Gate → Blend Runner → Paper
2026-04-29 13:34:34 | INFO     | ayumi.forward_test | Market data feed connected for ['GBPUSD', 'USDJPY']
2026-04-29 13:34:34 | INFO     | ayumi.forward_test | Forward test started: symbols=['GBPUSD', 'USDJPY'] strategies=['SRMR+', 'Killzone Momentum', 'Donchian Channel Breakout', 'Session-Range Mean Reversion', 'BB+RSI Mean Reversion'] mode=PAPER eval_interval=1.0s bar_period=60m
2026-04-29 13:49:44 | WARNING  | ayumi.forward_test | Connection health check failed: connected=True last_tick_ago=907.8s threshold=900.0s — reconnecting
2026-04-29 13:49:44 | INFO     | ayumi.forward_test | Reconnection attempt 1 (backoff=5.0s)
2026-04-29 13:49:45 | INFO     | ayumi.forward_test | Market data feed connected for ['GBPUSD', 'USDJPY']
2026-04-29 13:49:45 | INFO     | ayumi.forward_test | Reconnection successful — reset consecutive failure counter
2026-04-29 13:49:45 | INFO     | ayumi.orchestrator | Adapted signal: strategy=srmr_plus symbol=USDJPY dir=LONG conf=0.57
2026-04-29 13:49:45 | INFO     | ayumi.orchestrator | Signal received: strategy=srmr_plus symbol=USDJPY direction=LONG confidence=0.568
2026-04-29 13:49:45 | INFO     | ayumi.orchestrator | Routing: strategy=srmr_plus symbol=USDJPY → profile=Profile.SWARM
2026-04-29 13:49:45 | WARNING  | ayumi.orchestrator | Signal REJECTED by sizing: strategy=srmr_plus symbol=USDJPY reason=SL distance 0.2 pips < minimum 5.0 pips
2026-04-29 13:49:45 | INFO     | ayumi.forward_test | Order rejected: USDJPY — SL distance 0.2 pips < minimum 5.0 pips
2026-04-29 13:49:45 | INFO     | ayumi.blend_launcher | Signal rejected by blend: srmr_plus long USDJPY conf=0.57 — SL distance 0.2 pips < minimum 5.0 pips
2026-04-29 13:49:46 | INFO     | ayumi.orchestrator | Adapted signal: strategy=srmr_plus symbol=USDJPY dir=SHORT conf=0.57
2026-04-29 13:49:46 | INFO     | ayumi.orchestrator | Signal received: strategy=srmr_plus symbol=USDJPY direction=SHORT confidence=0.568
2026-04-29 13:49:46 | INFO     | ayumi.orchestrator | Routing: strategy=srmr_plus symbol=USDJPY → profile=Profile.SWARM
2026-04-29 13:49:46 | INFO     | ayumi.orchestrator | Signal accepted: strategy=srmr_plus symbol=USDJPY lots=0.2200 risk=$25.00 sl=17.5pips
2026-04-29 13:49:46 | INFO     | ayumi.forward_test | Order accepted: USDJPY SHORT 0.2200 lots risk=$25.00
2026-04-29 13:49:46 | INFO     | ayumi.blend_launcher | Signal accepted: srmr_plus short USDJPY @ 187.12350 conf=0.57 lots=0.2200
2026-04-29 14:04:55 | WARNING  | ayumi.forward_test | Connection health check failed: connected=True last_tick_ago=907.0s threshold=900.0s — reconnecting
2026-04-29 14:04:55 | INFO     | ayumi.forward_test | Reconnection attempt 1 (backoff=5.0s)
2026-04-29 14:04:55 | WARNING  | ayumi.forward_test | Reconnection failed — next attempt in 10.0s
2026-04-29 14:05:05 | WARNING  | ayumi.forward_test | Connection health check failed: connected=False last_tick_ago=917.3s threshold=900.0s — reconnecting
2026-04-29 14:05:05 | INFO     | ayumi.forward_test | Reconnection attempt 2 (backoff=10.0s)
2026-04-29 14:05:05 | INFO     | ayumi.forward_test | Market data feed connected for ['GBPUSD', 'USDJPY']
2026-04-29 14:05:05 | INFO     | ayumi.forward_test | Reconnection successful — reset consecutive failure counter
2026-04-29 14:20:15 | WARNING  | ayumi.forward_test | Connection health check failed: connected=True last_tick_ago=909.8s threshold=900.0s — reconnecting
2026-04-29 14:20:15 | INFO     | ayumi.forward_test | Reconnection attempt 1 (backoff=5.0s)
2026-04-29 14:20:15 | INFO     | ayumi.forward_test | Market data feed connected for ['GBPUSD', 'USDJPY']
2026-04-29 14:20:15 | INFO     | ayumi.forward_test | Reconnection successful — reset consecutive failure counter
2026-04-29 14:35:26 | WARNING  | ayumi.forward_test | Connection health check failed: connected=True last_tick_ago=901.7s threshold=900.0s — reconnecting
2026-04-29 14:35:26 | INFO     | ayumi.forward_test | Reconnection attempt 1 (backoff=5.0s)
2026-04-29 14:35:26 | WARNING  | ayumi.forward_test | Reconnection failed — next attempt in 10.0s
2026-04-29 14:35:36 | WARNING  | ayumi.forward_test | Connection health check failed: connected=False last_tick_ago=912.0s threshold=900.0s — reconnecting
2026-04-29 14:35:36 | INFO     | ayumi.forward_test | Reconnection attempt 2 (backoff=10.0s)
2026-04-29 14:35:36 | INFO     | ayumi.forward_test | Market data feed connected for ['GBPUSD', 'USDJPY']
2026-04-29 14:35:36 | INFO     | ayumi.forward_test | Reconnection successful — reset consecutive failure counter
2026-04-29 14:50:46 | WARNING  | ayumi.forward_test | Connection health check failed: connected=True last_tick_ago=908.3s threshold=900.0s — reconnecting
2026-04-29 14:50:46 | INFO     | ayumi.forward_test | Reconnection attempt 1 (backoff=5.0s)
2026-04-29 14:50:46 | INFO     | ayumi.forward_test | Market data feed connected for ['GBPUSD', 'USDJPY']
2026-04-29 14:50:46 | INFO     | ayumi.forward_test | Reconnection successful — reset consecutive failure counter
2026-04-29 14:50:56 | WARNING  | ayumi.forward_test | Connection health check failed: connected=True last_tick_ago=918.7s threshold=900.0s — reconnecting
2026-04-29 14:50:56 | INFO     | ayumi.forward_test | Reconnection attempt 1 (backoff=5.0s)
2026-04-29 14:50:57 | INFO     | ayumi.forward_test | Market data feed connected for ['GBPUSD', 'USDJPY']
2026-04-29 14:50:57 | INFO     | ayumi.forward_test | Reconnection successful — reset consecutive failure counter
2026-04-29 15:06:17 | WARNING  | ayumi.forward_test | Connection health check failed: connected=True last_tick_ago=909.7s threshold=900.0s — reconnecting
2026-04-29 15:06:17 | INFO     | ayumi.forward_test | Reconnection attempt 1 (backoff=5.0s)
2026-04-29 15:06:17 | INFO     | ayumi.forward_test | Market data feed connected for ['GBPUSD', 'USDJPY']
2026-04-29 15:06:17 | INFO     | ayumi.forward_test | Reconnection successful — reset consecutive failure counter
2026-04-29 15:21:27 | WARNING  | ayumi.forward_test | Connection health check failed: connected=True last_tick_ago=902.8s threshold=900.0s — reconnecting
2026-04-29 15:21:27 | INFO     | ayumi.forward_test | Reconnection attempt 1 (backoff=5.0s)
2026-04-29 15:21:27 | WARNING  | ayumi.forward_test | Reconnection failed — next attempt in 10.0s
2026-04-29 15:21:37 | WARNING  | ayumi.forward_test | Connection health check failed: connected=False last_tick_ago=913.0s threshold=900.0s — reconnecting
2026-04-29 15:21:37 | INFO     | ayumi.forward_test | Reconnection attempt 2 (backoff=10.0s)
2026-04-29 15:21:38 | INFO     | ayumi.forward_test | Market data feed connected for ['GBPUSD', 'USDJPY']
2026-04-29 15:21:38 | INFO     | ayumi.forward_test | Reconnection successful — reset consecutive failure counter
2026-04-29 15:21:48 | WARNING  | ayumi.forward_test | Connection health check failed: connected=True last_tick_ago=923.3s threshold=900.0s — reconnecting
2026-04-29 15:21:48 | INFO     | ayumi.forward_test | Reconnection attempt 1 (backoff=5.0s)
2026-04-29 15:21:48 | INFO     | ayumi.forward_test | Market data feed connected for ['GBPUSD', 'USDJPY']
2026-04-29 15:21:48 | INFO     | ayumi.forward_test | Reconnection successful — reset consecutive failure counter
2026-04-29 15:37:08 | WARNING  | ayumi.forward_test | Connection health check failed: connected=True last_tick_ago=906.0s threshold=900.0s — reconnecting
2026-04-29 15:37:08 | INFO     | ayumi.forward_test | Reconnection attempt 1 (backoff=5.0s)
2026-04-29 15:37:08 | INFO     | ayumi.forward_test | Market data feed connected for ['GBPUSD', 'USDJPY']
2026-04-29 15:37:08 | INFO     | ayumi.forward_test | Reconnection successful — reset consecutive failure counter
2026-04-29 15:52:18 | WARNING  | ayumi.forward_test | Connection health check failed: connected=True last_tick_ago=906.0s threshold=900.0s — reconnecting
2026-04-29 15:52:18 | INFO     | ayumi.forward_test | Reconnection attempt 1 (backoff=5.0s)
2026-04-29 15:52:19 | INFO     | ayumi.forward_test | Market data feed connected for ['GBPUSD', 'USDJPY']
2026-04-29 15:52:19 | INFO     | ayumi.forward_test | Reconnection successful — reset consecutive failure counter
2026-04-29 16:07:29 | WARNING  | ayumi.forward_test | Connection health check failed: connected=True last_tick_ago=908.8s threshold=900.0s — reconnecting
2026-04-29 16:07:29 | INFO     | ayumi.forward_test | Reconnection attempt 1 (backoff=5.0s)
2026-04-29 16:07:29 | INFO     | ayumi.forward_test | Market data feed connected for ['GBPUSD', 'USDJPY']
2026-04-29 16:07:29 | INFO     | ayumi.forward_test | Reconnection successful — reset consecutive failure counter
2026-04-29 16:22:39 | WARNING  | ayumi.forward_test | Connection health check failed: connected=True last_tick_ago=902.9s threshold=900.0s — reconnecting
2026-04-29 16:22:39 | INFO     | ayumi.forward_test | Reconnection attempt 1 (backoff=5.0s)
2026-04-29 16:22:39 | INFO     | ayumi.forward_test | Market data feed connected for ['GBPUSD', 'USDJPY']
2026-04-29 16:22:39 | INFO     | ayumi.forward_test | Reconnection successful — reset consecutive failure counter
2026-04-29 16:37:49 | WARNING  | ayumi.forward_test | Connection health check failed: connected=True last_tick_ago=907.1s threshold=900.0s — reconnecting
2026-04-29 16:37:49 | INFO     | ayumi.forward_test | Reconnection attempt 1 (backoff=5.0s)
2026-04-29 16:37:50 | INFO     | ayumi.forward_test | Market data feed connected for ['GBPUSD', 'USDJPY']
2026-04-29 16:37:50 | INFO     | ayumi.forward_test | Reconnection successful — reset consecutive failure counter
2026-04-29 16:53:00 | WARNING  | ayumi.forward_test | Connection health check failed: connected=True last_tick_ago=906.0s threshold=900.0s — reconnecting
2026-04-29 16:53:00 | INFO     | ayumi.forward_test | Reconnection attempt 1 (backoff=5.0s)
2026-04-29 16:53:00 | INFO     | ayumi.forward_test | Market data feed connected for ['GBPUSD', 'USDJPY']
2026-04-29 16:53:00 | INFO     | ayumi.forward_test | Reconnection successful — reset consecutive failure counter
2026-04-29 17:08:10 | WARNING  | ayumi.forward_test | Connection health check failed: connected=True last_tick_ago=909.1s threshold=900.0s — reconnecting
2026-04-29 17:08:10 | INFO     | ayumi.forward_test | Reconnection attempt 1 (backoff=5.0s)
2026-04-29 17:08:10 | INFO     | ayumi.forward_test | Market data feed connected for ['GBPUSD', 'USDJPY']
2026-04-29 17:08:10 | INFO     | ayumi.forward_test | Reconnection successful — reset consecutive failure counter
2026-04-29 17:23:20 | WARNING  | ayumi.forward_test | Connection health check failed: connected=True last_tick_ago=908.0s threshold=900.0s — reconnecting
2026-04-29 17:23:20 | INFO     | ayumi.forward_test | Reconnection attempt 1 (backoff=5.0s)
2026-04-29 17:23:21 | INFO     | ayumi.forward_test | Market data feed connected for ['GBPUSD', 'USDJPY']
2026-04-29 17:23:21 | INFO     | ayumi.forward_test | Reconnection successful — reset consecutive failure counter
2026-04-29 17:38:31 | WARNING  | ayumi.forward_test | Connection health check failed: connected=True last_tick_ago=902.7s threshold=900.0s — reconnecting
2026-04-29 17:38:31 | INFO     | ayumi.forward_test | Reconnection attempt 1 (backoff=5.0s)
2026-04-29 17:38:31 | INFO     | ayumi.forward_test | Market data feed connected for ['GBPUSD', 'USDJPY']
2026-04-29 17:38:31 | INFO     | ayumi.forward_test | Reconnection successful — reset consecutive failure counter
2026-04-29 17:53:51 | WARNING  | ayumi.forward_test | Connection health check failed: connected=True last_tick_ago=909.6s threshold=900.0s — reconnecting
2026-04-29 17:53:51 | INFO     | ayumi.forward_test | Reconnection attempt 1 (backoff=5.0s)
2026-04-29 17:53:51 | INFO     | ayumi.forward_test | Market data feed connected for ['GBPUSD', 'USDJPY']
2026-04-29 17:53:51 | INFO     | ayumi.forward_test | Reconnection successful — reset consecutive failure counter
2026-04-29 18:09:21 | WARNING  | ayumi.forward_test | Connection health check failed: connected=True last_tick_ago=906.0s threshold=900.0s — reconnecting
2026-04-29 18:09:21 | INFO     | ayumi.forward_test | Reconnection attempt 1 (backoff=5.0s)
2026-04-29 18:09:22 | INFO     | ayumi.forward_test | Market data feed connected for ['GBPUSD', 'USDJPY']
2026-04-29 18:09:22 | INFO     | ayumi.forward_test | Reconnection successful — reset consecutive failure counter
2026-04-29 18:24:32 | WARNING  | ayumi.forward_test | Connection health check failed: connected=True last_tick_ago=906.8s threshold=900.0s — reconnecting
2026-04-29 18:24:32 | INFO     | ayumi.forward_test | Reconnection attempt 1 (backoff=5.0s)
2026-04-29 18:24:32 | INFO     | ayumi.forward_test | Market data feed connected for ['GBPUSD', 'USDJPY']
2026-04-29 18:24:32 | INFO     | ayumi.forward_test | Reconnection successful — reset consecutive failure counter
2026-04-29 18:31:03 | WARNING  | ayumi.risk | No state file at /tmp/pytest-of-root/pytest-459/test_start_restores_no_state0/risk_state.json — starting fresh
2026-04-29 18:31:03 | WARNING  | ayumi.risk | No state file at /tmp/pytest-of-root/pytest-459/test_signal_processing0/risk_state.json — starting fresh
2026-04-29 18:31:03 | WARNING  | ayumi.risk | No state file at /tmp/pytest-of-root/pytest-459/test_multiple_signals_in_seque0/risk_state.json — starting fresh
2026-04-29 18:31:03 | WARNING  | ayumi.risk | No state file at /tmp/pytest-of-root/pytest-459/test_fill_handling_updates_bal0/risk_state.json — starting fresh
2026-04-29 18:31:03 | WARNING  | ayumi.risk | No state file at /tmp/pytest-of-root/pytest-459/test_state_save_on_stop0/risk_state.json — starting fresh
2026-04-29 18:31:03 | WARNING  | ayumi.risk | No state file at /tmp/pytest-of-root/pytest-459/test_state_restore_on_start0/risk_state.json — starting fresh
2026-04-29 18:31:06 | WARNING  | ayumi.forward_test | Reconnection failed — next attempt in 0.0s
2026-04-29 18:31:06 | WARNING  | ayumi.forward_test | Reconnection failed — next attempt in 0.0s
2026-04-29 18:31:06 | WARNING  | ayumi.forward_test | Reconnection failed — next attempt in 0.0s
2026-04-29 18:31:06 | WARNING  | ayumi.forward_test | Reconnection failed — next attempt in 0.0s
2026-04-29 18:31:06 | WARNING  | ayumi.forward_test | Reconnection failed — next attempt in 0.0s
2026-04-29 18:31:06 | WARNING  | ayumi.forward_test | Reconnection failed — next attempt in 0.0s
2026-04-29 18:31:06 | WARNING  | ayumi.forward_test | Reconnection failed — next attempt in 0.0s
2026-04-29 18:31:06 | WARNING  | ayumi.forward_test | Reconnection failed — next attempt in 0.0s
2026-04-29 18:31:06 | WARNING  | ayumi.forward_test | Reconnection failed — next attempt in 0.0s
2026-04-29 18:31:06 | CRITICAL | ayumi.forward_test | Reconnect circuit-breaker tripped: 10 consecutive attempts with no ticks (max=10). Stopping engine gracefully.
2026-04-29 18:31:06 | WARNING  | ayumi.forward_test | Reconnection failed — next attempt in 0.0s
2026-04-29 18:31:06 | WARNING  | ayumi.forward_test | Reconnection failed — next attempt in 0.0s
2026-04-29 18:31:06 | WARNING  | ayumi.forward_test | Reconnection failed — next attempt in 0.0s
2026-04-29 18:31:06 | WARNING  | ayumi.forward_test | Reconnection failed — next attempt in 0.0s
2026-04-29 18:31:06 | WARNING  | ayumi.forward_test | Reconnection failed — next attempt in 0.0s
2026-04-29 18:31:06 | WARNING  | ayumi.forward_test | Reconnection failed — next attempt in 0.0s
2026-04-29 18:31:06 | WARNING  | ayumi.forward_test | Reconnection failed — next attempt in 0.0s
2026-04-29 18:31:06 | CRITICAL | ayumi.forward_test | Reconnect circuit-breaker tripped: 3 consecutive attempts with no ticks (max=3). Stopping engine gracefully.
2026-04-29 18:31:06 | WARNING  | ayumi.forward_test | Connection health check failed: connected=False last_tick_ago=infs threshold=900.0s — reconnecting
2026-04-29 18:31:06 | WARNING  | ayumi.forward_test | Reconnection failed — next attempt in 0.0s
2026-04-29 18:31:06 | WARNING  | ayumi.forward_test | Connection health check failed: connected=False last_tick_ago=infs threshold=30.0s — reconnecting
2026-04-29 18:31:06 | WARNING  | ayumi.forward_test | Reconnection failed — next attempt in 0.0s
2026-04-29 18:31:06 | WARNING  | ayumi.forward_test | Connection health check failed: connected=False last_tick_ago=infs threshold=30.0s — reconnecting
2026-04-29 18:31:06 | WARNING  | ayumi.forward_test | Reconnection failed — next attempt in 0.0s
2026-04-29 18:32:21 | WARNING  | ayumi.risk | No state file at /tmp/pytest-of-root/pytest-460/test_start_restores_no_state0/risk_state.json — starting fresh
2026-04-29 18:32:21 | WARNING  | ayumi.risk | No state file at /tmp/pytest-of-root/pytest-460/test_signal_processing0/risk_state.json — starting fresh
2026-04-29 18:32:21 | WARNING  | ayumi.risk | No state file at /tmp/pytest-of-root/pytest-460/test_multiple_signals_in_seque0/risk_state.json — starting fresh
2026-04-29 18:32:21 | WARNING  | ayumi.risk | No state file at /tmp/pytest-of-root/pytest-460/test_fill_handling_updates_bal0/risk_state.json — starting fresh
2026-04-29 18:32:21 | WARNING  | ayumi.risk | No state file at /tmp/pytest-of-root/pytest-460/test_state_save_on_stop0/risk_state.json — starting fresh
2026-04-29 18:32:21 | WARNING  | ayumi.risk | No state file at /tmp/pytest-of-root/pytest-460/test_state_restore_on_start0/risk_state.json — starting fresh
2026-04-29 18:32:24 | WARNING  | ayumi.forward_test | Reconnection failed — next attempt in 0.0s
2026-04-29 18:32:24 | WARNING  | ayumi.forward_test | Reconnection failed — next attempt in 0.0s
2026-04-29 18:32:24 | WARNING  | ayumi.forward_test | Reconnection failed — next attempt in 0.0s
2026-04-29 18:32:24 | WARNING  | ayumi.forward_test | Reconnection failed — next attempt in 0.0s
2026-04-29 18:32:24 | WARNING  | ayumi.forward_test | Reconnection failed — next attempt in 0.0s
2026-04-29 18:32:24 | WARNING  | ayumi.forward_test | Reconnection failed — next attempt in 0.0s
2026-04-29 18:32:24 | WARNING  | ayumi.forward_test | Reconnection failed — next attempt in 0.0s
2026-04-29 18:32:24 | WARNING  | ayumi.forward_test | Reconnection failed — next attempt in 0.0s
2026-04-29 18:32:24 | WARNING  | ayumi.forward_test | Reconnection failed — next attempt in 0.0s
2026-04-29 18:32:24 | CRITICAL | ayumi.forward_test | Reconnect circuit-breaker tripped: 10 consecutive attempts with no ticks (max=10). Stopping engine gracefully.
2026-04-29 18:32:24 | WARNING  | ayumi.forward_test | Reconnection failed — next attempt in 0.0s
2026-04-29 18:32:24 | WARNING  | ayumi.forward_test | Reconnection failed — next attempt in 0.0s
2026-04-29 18:32:24 | WARNING  | ayumi.forward_test | Reconnection failed — next attempt in 0.0s
2026-04-29 18:32:24 | WARNING  | ayumi.forward_test | Reconnection failed — next attempt in 0.0s
2026-04-29 18:32:24 | WARNING  | ayumi.forward_test | Reconnection failed — next attempt in 0.0s
2026-04-29 18:32:24 | WARNING  | ayumi.forward_test | Reconnection failed — next attempt in 0.0s
2026-04-29 18:32:24 | WARNING  | ayumi.forward_test | Reconnection failed — next attempt in 0.0s
2026-04-29 18:32:24 | CRITICAL | ayumi.forward_test | Reconnect circuit-breaker tripped: 3 consecutive attempts with no ticks (max=3). Stopping engine gracefully.
2026-04-29 18:32:24 | WARNING  | ayumi.forward_test | Connection health check failed: connected=False last_tick_ago=infs threshold=900.0s — reconnecting
2026-04-29 18:32:24 | WARNING  | ayumi.forward_test | Reconnection failed — next attempt in 0.0s
2026-04-29 18:32:24 | WARNING  | ayumi.forward_test | Connection health check failed: connected=False last_tick_ago=infs threshold=30.0s — reconnecting
2026-04-29 18:32:24 | WARNING  | ayumi.forward_test | Reconnection failed — next attempt in 0.0s
2026-04-29 18:32:24 | WARNING  | ayumi.forward_test | Connection health check failed: connected=False last_tick_ago=infs threshold=30.0s — reconnecting
2026-04-29 18:32:24 | WARNING  | ayumi.forward_test | Reconnection failed — next attempt in 0.0s
2026-04-29 18:33:02 | WARNING  | ayumi.orchestrator | Signal REJECTED by routing: strategy=test_strat symbol=EURUSD score=0.200
2026-04-29 18:33:02 | WARNING  | ayumi.orchestrator | Signal REJECTED by routing: strategy=test_strat symbol=EURUSD score=0.390
2026-04-29 18:33:02 | WARNING  | ayumi.orchestrator | Signal REJECTED by sizing: strategy=test_strat symbol=EURUSD reason=SL distance 1.0 pips < minimum 5.0 pips
2026-04-29 18:33:02 | WARNING  | ayumi.orchestrator | Signal REJECTED by sizing: strategy=test_strat symbol=EURUSD reason=Trade risk $50.00 exceeds daily remaining $0.00
2026-04-29 18:33:02 | WARNING  | ayumi.orchestrator | Signal REJECTED by sizing: strategy=test_strat symbol=EURUSD reason=Trading halted until 2026-04-30T18:33:02.470144+00:00: test breaker
2026-04-29 18:33:02 | WARNING  | ayumi.orchestrator | Signal REJECTED by sizing: strategy=test_strat symbol=FAKEPAIR reason=Unknown instrument: FAKEPAIR
2026-04-29 18:33:02 | WARNING  | ayumi.risk | No state file at /tmp/pytest-of-root/pytest-460/test_restore_missing_file0/risk_state.json — starting fresh
2026-04-29 18:33:02 | ERROR    | ayumi.risk | Corrupt state file /tmp/pytest-of-root/pytest-460/test_restore_corrupt_file0/risk_state.json: Expecting value: line 1 column 1 (char 0)
2026-04-29 18:33:41 | WARNING  | ayumi.risk | No state file at /tmp/pytest-of-root/pytest-461/test_start_restores_no_state0/risk_state.json — starting fresh
2026-04-29 18:33:41 | WARNING  | ayumi.risk | No state file at /tmp/pytest-of-root/pytest-461/test_signal_processing0/risk_state.json — starting fresh
2026-04-29 18:33:41 | WARNING  | ayumi.risk | No state file at /tmp/pytest-of-root/pytest-461/test_multiple_signals_in_seque0/risk_state.json — starting fresh
2026-04-29 18:33:41 | WARNING  | ayumi.risk | No state file at /tmp/pytest-of-root/pytest-461/test_fill_handling_updates_bal0/risk_state.json — starting fresh
2026-04-29 18:33:41 | WARNING  | ayumi.risk | No state file at /tmp/pytest-of-root/pytest-461/test_state_save_on_stop0/risk_state.json — starting fresh
2026-04-29 18:33:41 | WARNING  | ayumi.risk | No state file at /tmp/pytest-of-root/pytest-461/test_state_restore_on_start0/risk_state.json — starting fresh
2026-04-29 18:35:54 | WARNING  | ayumi.risk | No state file at /tmp/pytest-of-root/pytest-462/test_start_restores_no_state0/risk_state.json — starting fresh
2026-04-29 18:35:54 | WARNING  | ayumi.risk | No state file at /tmp/pytest-of-root/pytest-462/test_signal_processing0/risk_state.json — starting fresh
2026-04-29 18:35:54 | WARNING  | ayumi.risk | No state file at /tmp/pytest-of-root/pytest-462/test_multiple_signals_in_seque0/risk_state.json — starting fresh
2026-04-29 18:35:54 | WARNING  | ayumi.risk | No state file at /tmp/pytest-of-root/pytest-462/test_fill_handling_updates_bal0/risk_state.json — starting fresh
2026-04-29 18:35:54 | WARNING  | ayumi.risk | No state file at /tmp/pytest-of-root/pytest-462/test_state_save_on_stop0/risk_state.json — starting fresh
2026-04-29 18:35:54 | WARNING  | ayumi.risk | No state file at /tmp/pytest-of-root/pytest-462/test_state_restore_on_start0/risk_state.json — starting fresh
2026-04-29 18:35:56 | WARNING  | ayumi.forward_test | Reconnection failed — next attempt in 0.0s
2026-04-29 18:35:56 | WARNING  | ayumi.forward_test | Reconnection failed — next attempt in 0.0s
2026-04-29 18:35:56 | WARNING  | ayumi.forward_test | Reconnection failed — next attempt in 0.0s
2026-04-29 18:35:56 | WARNING  | ayumi.forward_test | Reconnection failed — next attempt in 0.0s
2026-04-29 18:35:56 | WARNING  | ayumi.forward_test | Reconnection failed — next attempt in 0.0s
2026-04-29 18:35:56 | WARNING  | ayumi.forward_test | Reconnection failed — next attempt in 0.0s
2026-04-29 18:35:56 | WARNING  | ayumi.forward_test | Reconnection failed — next attempt in 0.0s
2026-04-29 18:35:56 | WARNING  | ayumi.forward_test | Reconnection failed — next attempt in 0.0s
2026-04-29 18:35:56 | WARNING  | ayumi.forward_test | Reconnection failed — next attempt in 0.0s
2026-04-29 18:35:56 | CRITICAL | ayumi.forward_test | Reconnect circuit-breaker tripped: 10 consecutive attempts with no ticks (max=10). Stopping engine gracefully.
2026-04-29 18:35:56 | WARNING  | ayumi.forward_test | Reconnection failed — next attempt in 0.0s
2026-04-29 18:35:56 | WARNING  | ayumi.forward_test | Reconnection failed — next attempt in 0.0s
2026-04-29 18:35:56 | WARNING  | ayumi.forward_test | Reconnection failed — next attempt in 0.0s
2026-04-29 18:35:56 | WARNING  | ayumi.forward_test | Reconnection failed — next attempt in 0.0s
2026-04-29 18:35:56 | WARNING  | ayumi.forward_test | Reconnection failed — next attempt in 0.0s
2026-04-29 18:35:56 | WARNING  | ayumi.forward_test | Reconnection failed — next attempt in 0.0s
2026-04-29 18:35:56 | WARNING  | ayumi.forward_test | Reconnection failed — next attempt in 0.0s
2026-04-29 18:35:56 | CRITICAL | ayumi.forward_test | Reconnect circuit-breaker tripped: 3 consecutive attempts with no ticks (max=3). Stopping engine gracefully.
2026-04-29 18:35:56 | WARNING  | ayumi.forward_test | Connection health check failed: connected=False last_tick_ago=infs threshold=900.0s — reconnecting
2026-04-29 18:35:56 | WARNING  | ayumi.forward_test | Reconnection failed — next attempt in 0.0s
2026-04-29 18:35:56 | WARNING  | ayumi.forward_test | Connection health check failed: connected=False last_tick_ago=infs threshold=30.0s — reconnecting
2026-04-29 18:35:56 | WARNING  | ayumi.forward_test | Reconnection failed — next attempt in 0.0s
2026-04-29 18:35:56 | WARNING  | ayumi.forward_test | Connection health check failed: connected=False last_tick_ago=infs threshold=30.0s — reconnecting
2026-04-29 18:35:56 | WARNING  | ayumi.forward_test | Reconnection failed — next attempt in 0.0s
2026-04-29 18:36:46 | INFO     | ayumi.forward_test | Shutdown signal received (sig=15)
2026-04-29 18:36:46 | INFO     | ayumi.forward_test | Forward test stopped: balance=10000.00 trades=0 pnl=0.00 errors=0 reconnects=0
2026-04-29 18:36:58 | INFO     | ayumi.blend_launcher | === Ayumi Multi-Strategy Forward Test (Blend Pipeline) ===
2026-04-29 18:36:58 | INFO     | ayumi.blend_launcher | Symbols: ['GBPUSD', 'USDJPY']
2026-04-29 18:37:01 | WARNING  | ayumi.blend_launcher | Could not fetch symbol list from OpenAPI: 'CTraderOpenApiClient' object has no attribute 'get_symbols' — using static mapping
2026-04-29 18:37:01 | INFO     | ayumi.blend_launcher | Fetching 100 H1 bars for GBPUSD (id=2)...
2026-04-29 18:37:03 | INFO     | ayumi.blend_launcher | Fetched 99 H1 bars for GBPUSD
2026-04-29 18:37:03 | INFO     | ayumi.blend_launcher | Fetching 200 M15 bars for GBPUSD (id=2)...
2026-04-29 18:37:05 | INFO     | ayumi.blend_launcher | Fetched 199 M15 bars for GBPUSD
2026-04-29 18:37:05 | INFO     | ayumi.blend_launcher | Fetching 100 H1 bars for USDJPY (id=3)...
2026-04-29 18:37:07 | INFO     | ayumi.blend_launcher | Fetched 99 H1 bars for USDJPY
2026-04-29 18:37:07 | INFO     | ayumi.blend_launcher | Fetching 200 M15 bars for USDJPY (id=3)...
2026-04-29 18:37:09 | INFO     | ayumi.blend_launcher | Fetched 199 M15 bars for USDJPY
2026-04-29 18:37:09 | INFO     | ayumi.blend_launcher | Twisted reactor stopped cleanly
2026-04-29 18:37:09 | INFO     | ayumi.blend_launcher | Registered 5 strategies: ['SRMR+', 'Killzone Momentum', 'Donchian Channel Breakout', 'Session-Range Mean Reversion', 'BB+RSI Mean Reversion']
2026-04-29 18:37:09 | INFO     | ayumi.blend_launcher | All strategy .name properties verified against maps
2026-04-29 18:37:09 | WARNING  | ayumi.risk | No state file at data/risk_state_blend.json — starting fresh
2026-04-29 18:37:09 | INFO     | ayumi.forward_test | BlendForwardTestRunner started — balance=$10000.00
2026-04-29 18:37:09 | INFO     | ayumi.forward_test | Preloaded 99 bars into key 'GBPUSD:60'
2026-04-29 18:37:09 | INFO     | ayumi.blend_launcher | Preloaded 99 H1 bars for GBPUSD
2026-04-29 18:37:09 | INFO     | ayumi.forward_test | Preloaded 199 bars into key 'GBPUSD:15'
2026-04-29 18:37:09 | INFO     | ayumi.blend_launcher | Preloaded 199 M15 bars for GBPUSD
2026-04-29 18:37:09 | INFO     | ayumi.forward_test | Preloaded 99 bars into key 'USDJPY:60'
2026-04-29 18:37:09 | INFO     | ayumi.blend_launcher | Preloaded 99 H1 bars for USDJPY
2026-04-29 18:37:09 | INFO     | ayumi.forward_test | Preloaded 199 bars into key 'USDJPY:15'
2026-04-29 18:37:09 | INFO     | ayumi.blend_launcher | Preloaded 199 M15 bars for USDJPY
2026-04-29 18:37:09 | INFO     | ayumi.blend_launcher | === STARTING MULTI-STRATEGY FORWARD TEST ===
2026-04-29 18:37:09 | INFO     | ayumi.blend_launcher | Pipeline: SRMR+ + Killzone + Momentum + SessionRangeMR → Correlation Gate → Blend Runner → Paper
2026-04-29 18:37:10 | INFO     | ayumi.forward_test | Market data feed connected for ['GBPUSD', 'USDJPY']
2026-04-29 18:37:10 | INFO     | ayumi.forward_test | Forward test started: symbols=['GBPUSD', 'USDJPY'] strategies=['SRMR+', 'Killzone Momentum', 'Donchian Channel Breakout', 'Session-Range Mean Reversion', 'BB+RSI Mean Reversion'] mode=PAPER eval_interval=1.0s bar_period=60m
2026-04-29 18:52:20 | WARNING  | ayumi.forward_test | Connection health check failed: connected=True last_tick_ago=906.0s threshold=900.0s — reconnecting
2026-04-29 18:52:20 | INFO     | ayumi.forward_test | Reconnection attempt 1 (backoff=5.0s)
2026-04-29 18:52:20 | INFO     | ayumi.forward_test | Market data feed connected for ['GBPUSD', 'USDJPY']
2026-04-29 18:52:20 | INFO     | ayumi.forward_test | Reconnection successful — reset consecutive failure counter
2026-04-29 19:07:30 | WARNING  | ayumi.forward_test | Connection health check failed: connected=True last_tick_ago=905.3s threshold=900.0s — reconnecting
2026-04-29 19:07:30 | INFO     | ayumi.forward_test | Reconnection attempt 1 (backoff=5.0s)
2026-04-29 19:07:30 | INFO     | ayumi.forward_test | Market data feed connected for ['GBPUSD', 'USDJPY']
2026-04-29 19:07:30 | INFO     | ayumi.forward_test | Reconnection successful — reset consecutive failure counter
2026-04-29 19:22:40 | WARNING  | ayumi.forward_test | Connection health check failed: connected=True last_tick_ago=901.2s threshold=900.0s — reconnecting
2026-04-29 19:22:40 | INFO     | ayumi.forward_test | Reconnection attempt 1 (backoff=5.0s)
2026-04-29 19:22:41 | INFO     | ayumi.forward_test | Market data feed connected for ['GBPUSD', 'USDJPY']
2026-04-29 19:22:41 | INFO     | ayumi.forward_test | Reconnection successful — reset consecutive failure counter
2026-04-29 19:37:51 | WARNING  | ayumi.forward_test | Connection health check failed: connected=True last_tick_ago=907.0s threshold=900.0s — reconnecting
2026-04-29 19:37:51 | INFO     | ayumi.forward_test | Reconnection attempt 1 (backoff=5.0s)
2026-04-29 19:37:51 | INFO     | ayumi.forward_test | Market data feed connected for ['GBPUSD', 'USDJPY']
2026-04-29 19:37:51 | INFO     | ayumi.forward_test | Reconnection successful — reset consecutive failure counter
2026-04-29 19:53:11 | WARNING  | ayumi.forward_test | Connection health check failed: connected=True last_tick_ago=905.9s threshold=900.0s — reconnecting
2026-04-29 19:53:11 | INFO     | ayumi.forward_test | Reconnection attempt 1 (backoff=5.0s)
2026-04-29 19:53:11 | INFO     | ayumi.forward_test | Market data feed connected for ['GBPUSD', 'USDJPY']
2026-04-29 19:53:11 | INFO     | ayumi.forward_test | Reconnection successful — reset consecutive failure counter
2026-04-29 20:08:21 | WARNING  | ayumi.forward_test | Connection health check failed: connected=True last_tick_ago=901.9s threshold=900.0s — reconnecting
2026-04-29 20:08:21 | INFO     | ayumi.forward_test | Reconnection attempt 1 (backoff=5.0s)
2026-04-29 20:08:22 | INFO     | ayumi.forward_test | Market data feed connected for ['GBPUSD', 'USDJPY']
2026-04-29 20:08:22 | INFO     | ayumi.forward_test | Reconnection successful — reset consecutive failure counter
2026-04-29 20:23:32 | WARNING  | ayumi.forward_test | Connection health check failed: connected=True last_tick_ago=905.3s threshold=900.0s — reconnecting
2026-04-29 20:23:32 | INFO     | ayumi.forward_test | Reconnection attempt 1 (backoff=5.0s)
2026-04-29 20:23:32 | INFO     | ayumi.forward_test | Market data feed connected for ['GBPUSD', 'USDJPY']
2026-04-29 20:23:32 | INFO     | ayumi.forward_test | Reconnection successful — reset consecutive failure counter
2026-04-29 20:38:42 | WARNING  | ayumi.forward_test | Connection health check failed: connected=True last_tick_ago=902.9s threshold=900.0s — reconnecting
2026-04-29 20:38:42 | INFO     | ayumi.forward_test | Reconnection attempt 1 (backoff=5.0s)
2026-04-29 20:38:42 | INFO     | ayumi.forward_test | Market data feed connected for ['GBPUSD', 'USDJPY']
2026-04-29 20:38:42 | INFO     | ayumi.forward_test | Reconnection successful — reset consecutive failure counter
2026-04-29 20:38:52 | WARNING  | ayumi.forward_test | Connection health check failed: connected=True last_tick_ago=913.2s threshold=900.0s — reconnecting
2026-04-29 20:38:52 | INFO     | ayumi.forward_test | Reconnection attempt 1 (backoff=5.0s)
2026-04-29 20:38:53 | INFO     | ayumi.forward_test | Market data feed connected for ['GBPUSD', 'USDJPY']
2026-04-29 20:38:53 | INFO     | ayumi.forward_test | Reconnection successful — reset consecutive failure counter
2026-04-29 20:39:03 | WARNING  | ayumi.forward_test | Connection health check failed: connected=True last_tick_ago=923.5s threshold=900.0s — reconnecting
2026-04-29 20:39:03 | INFO     | ayumi.forward_test | Reconnection attempt 1 (backoff=5.0s)
2026-04-29 20:39:03 | INFO     | ayumi.forward_test | Market data feed connected for ['GBPUSD', 'USDJPY']
2026-04-29 20:39:03 | INFO     | ayumi.forward_test | Reconnection successful — reset consecutive failure counter
2026-04-29 20:39:13 | WARNING  | ayumi.forward_test | Connection health check failed: connected=True last_tick_ago=933.8s threshold=900.0s — reconnecting
2026-04-29 20:39:13 | INFO     | ayumi.forward_test | Reconnection attempt 1 (backoff=5.0s)
2026-04-29 20:39:13 | INFO     | ayumi.forward_test | Market data feed connected for ['GBPUSD', 'USDJPY']
2026-04-29 20:39:13 | INFO     | ayumi.forward_test | Reconnection successful — reset consecutive failure counter
2026-04-29 20:39:23 | WARNING  | ayumi.forward_test | Connection health check failed: connected=True last_tick_ago=944.1s threshold=900.0s — reconnecting
2026-04-29 20:39:23 | INFO     | ayumi.forward_test | Reconnection attempt 1 (backoff=5.0s)
2026-04-29 20:39:24 | INFO     | ayumi.forward_test | Market data feed connected for ['GBPUSD', 'USDJPY']
2026-04-29 20:39:24 | INFO     | ayumi.forward_test | Reconnection successful — reset consecutive failure counter
2026-04-29 20:39:34 | WARNING  | ayumi.forward_test | Connection health check failed: connected=True last_tick_ago=954.4s threshold=900.0s — reconnecting
2026-04-29 20:39:34 | INFO     | ayumi.forward_test | Reconnection attempt 1 (backoff=5.0s)
2026-04-29 20:39:34 | INFO     | ayumi.forward_test | Market data feed connected for ['GBPUSD', 'USDJPY']
2026-04-29 20:39:34 | INFO     | ayumi.forward_test | Reconnection successful — reset consecutive failure counter
2026-04-29 20:39:44 | WARNING  | ayumi.forward_test | Connection health check failed: connected=True last_tick_ago=965.0s threshold=900.0s — reconnecting
2026-04-29 20:39:44 | INFO     | ayumi.forward_test | Reconnection attempt 1 (backoff=5.0s)
2026-04-29 20:39:44 | INFO     | ayumi.forward_test | Market data feed connected for ['GBPUSD', 'USDJPY']
2026-04-29 20:39:44 | INFO     | ayumi.forward_test | Reconnection successful — reset consecutive failure counter
2026-04-29 20:39:54 | WARNING  | ayumi.forward_test | Connection health check failed: connected=True last_tick_ago=975.3s threshold=900.0s — reconnecting
2026-04-29 20:39:54 | INFO     | ayumi.forward_test | Reconnection attempt 1 (backoff=5.0s)
2026-04-29 20:39:55 | INFO     | ayumi.forward_test | Market data feed connected for ['GBPUSD', 'USDJPY']
2026-04-29 20:39:55 | INFO     | ayumi.forward_test | Reconnection successful — reset consecutive failure counter
2026-04-29 20:40:05 | WARNING  | ayumi.forward_test | Connection health check failed: connected=True last_tick_ago=985.6s threshold=900.0s — reconnecting
2026-04-29 20:40:05 | INFO     | ayumi.forward_test | Reconnection attempt 1 (backoff=5.0s)
2026-04-29 20:40:05 | INFO     | ayumi.forward_test | Market data feed connected for ['GBPUSD', 'USDJPY']
2026-04-29 20:40:05 | INFO     | ayumi.forward_test | Reconnection successful — reset consecutive failure counter
2026-04-29 20:40:15 | WARNING  | ayumi.forward_test | Connection health check failed: connected=True last_tick_ago=995.9s threshold=900.0s — reconnecting
2026-04-29 20:40:15 | INFO     | ayumi.forward_test | Reconnection attempt 1 (backoff=5.0s)
2026-04-29 20:40:15 | INFO     | ayumi.forward_test | Market data feed connected for ['GBPUSD', 'USDJPY']
2026-04-29 20:40:15 | INFO     | ayumi.forward_test | Reconnection successful — reset consecutive failure counter
2026-04-29 20:40:25 | WARNING  | ayumi.forward_test | Connection health check failed: connected=True last_tick_ago=1006.2s threshold=900.0s — reconnecting
2026-04-29 20:40:25 | INFO     | ayumi.forward_test | Reconnection attempt 1 (backoff=5.0s)
2026-04-29 20:40:26 | INFO     | ayumi.forward_test | Market data feed connected for ['GBPUSD', 'USDJPY']
2026-04-29 20:40:26 | INFO     | ayumi.forward_test | Reconnection successful — reset consecutive failure counter
2026-04-29 20:40:36 | WARNING  | ayumi.forward_test | Connection health check failed: connected=True last_tick_ago=1016.5s threshold=900.0s — reconnecting
2026-04-29 20:40:36 | INFO     | ayumi.forward_test | Reconnection attempt 1 (backoff=5.0s)
2026-04-29 20:40:36 | INFO     | ayumi.forward_test | Market data feed connected for ['GBPUSD', 'USDJPY']
2026-04-29 20:40:36 | INFO     | ayumi.forward_test | Reconnection successful — reset consecutive failure counter
2026-04-29 20:40:46 | WARNING  | ayumi.forward_test | Connection health check failed: connected=True last_tick_ago=1026.8s threshold=900.0s — reconnecting
2026-04-29 20:40:46 | INFO     | ayumi.forward_test | Reconnection attempt 1 (backoff=5.0s)
2026-04-29 20:40:46 | INFO     | ayumi.forward_test | Market data feed connected for ['GBPUSD', 'USDJPY']
2026-04-29 20:40:46 | INFO     | ayumi.forward_test | Reconnection successful — reset consecutive failure counter
2026-04-29 20:40:56 | WARNING  | ayumi.forward_test | Connection health check failed: connected=True last_tick_ago=1037.1s threshold=900.0s — reconnecting
2026-04-29 20:40:56 | INFO     | ayumi.forward_test | Reconnection attempt 1 (backoff=5.0s)
2026-04-29 20:40:57 | INFO     | ayumi.forward_test | Market data feed connected for ['GBPUSD', 'USDJPY']
2026-04-29 20:40:57 | INFO     | ayumi.forward_test | Reconnection successful — reset consecutive failure counter
2026-04-29 20:41:07 | WARNING  | ayumi.forward_test | Connection health check failed: connected=True last_tick_ago=1047.4s threshold=900.0s — reconnecting
2026-04-29 20:41:07 | INFO     | ayumi.forward_test | Reconnection attempt 1 (backoff=5.0s)
2026-04-29 20:41:07 | INFO     | ayumi.forward_test | Market data feed connected for ['GBPUSD', 'USDJPY']
2026-04-29 20:41:07 | INFO     | ayumi.forward_test | Reconnection successful — reset consecutive failure counter
2026-04-29 20:41:17 | WARNING  | ayumi.forward_test | Connection health check failed: connected=True last_tick_ago=1057.7s threshold=900.0s — reconnecting
2026-04-29 20:41:17 | INFO     | ayumi.forward_test | Reconnection attempt 1 (backoff=5.0s)
2026-04-29 20:41:17 | INFO     | ayumi.forward_test | Market data feed connected for ['GBPUSD', 'USDJPY']
2026-04-29 20:41:17 | INFO     | ayumi.forward_test | Reconnection successful — reset consecutive failure counter
2026-04-29 20:41:27 | WARNING  | ayumi.forward_test | Connection health check failed: connected=True last_tick_ago=1067.9s threshold=900.0s — reconnecting
2026-04-29 20:41:27 | INFO     | ayumi.forward_test | Reconnection attempt 1 (backoff=5.0s)
2026-04-29 20:41:27 | INFO     | ayumi.forward_test | Market data feed connected for ['GBPUSD', 'USDJPY']
2026-04-29 20:41:27 | INFO     | ayumi.forward_test | Reconnection successful — reset consecutive failure counter
2026-04-29 20:41:37 | WARNING  | ayumi.forward_test | Connection health check failed: connected=True last_tick_ago=1078.3s threshold=900.0s — reconnecting
2026-04-29 20:41:37 | INFO     | ayumi.forward_test | Reconnection attempt 1 (backoff=5.0s)
2026-04-29 20:41:38 | INFO     | ayumi.forward_test | Market data feed connected for ['GBPUSD', 'USDJPY']
2026-04-29 20:41:38 | INFO     | ayumi.forward_test | Reconnection successful — reset consecutive failure counter
2026-04-29 20:41:48 | WARNING  | ayumi.forward_test | Connection health check failed: connected=True last_tick_ago=1088.6s threshold=900.0s — reconnecting
2026-04-29 20:41:48 | INFO     | ayumi.forward_test | Reconnection attempt 1 (backoff=5.0s)
2026-04-29 20:41:48 | INFO     | ayumi.forward_test | Market data feed connected for ['GBPUSD', 'USDJPY']
2026-04-29 20:41:48 | INFO     | ayumi.forward_test | Reconnection successful — reset consecutive failure counter
2026-04-29 20:41:58 | WARNING  | ayumi.forward_test | Connection health check failed: connected=True last_tick_ago=1098.9s threshold=900.0s — reconnecting
2026-04-29 20:41:58 | INFO     | ayumi.forward_test | Reconnection attempt 1 (backoff=5.0s)
2026-04-29 20:41:58 | INFO     | ayumi.forward_test | Market data feed connected for ['GBPUSD', 'USDJPY']
2026-04-29 20:41:58 | INFO     | ayumi.forward_test | Reconnection successful — reset consecutive failure counter
2026-04-29 20:42:08 | WARNING  | ayumi.forward_test | Connection health check failed: connected=True last_tick_ago=1109.2s threshold=900.0s — reconnecting
2026-04-29 20:42:08 | INFO     | ayumi.forward_test | Reconnection attempt 1 (backoff=5.0s)
2026-04-29 20:42:09 | INFO     | ayumi.forward_test | Market data feed connected for ['GBPUSD', 'USDJPY']
2026-04-29 20:42:09 | INFO     | ayumi.forward_test | Reconnection successful — reset consecutive failure counter
2026-04-29 20:42:19 | WARNING  | ayumi.forward_test | Connection health check failed: connected=True last_tick_ago=1119.5s threshold=900.0s — reconnecting
2026-04-29 20:42:19 | INFO     | ayumi.forward_test | Reconnection attempt 1 (backoff=5.0s)
2026-04-29 20:42:19 | INFO     | ayumi.forward_test | Market data feed connected for ['GBPUSD', 'USDJPY']
2026-04-29 20:42:19 | INFO     | ayumi.forward_test | Reconnection successful — reset consecutive failure counter
2026-04-29 20:42:29 | WARNING  | ayumi.forward_test | Connection health check failed: connected=True last_tick_ago=1129.8s threshold=900.0s — reconnecting
2026-04-29 20:42:29 | INFO     | ayumi.forward_test | Reconnection attempt 1 (backoff=5.0s)
2026-04-29 20:42:29 | INFO     | ayumi.forward_test | Market data feed connected for ['GBPUSD', 'USDJPY']
2026-04-29 20:42:29 | INFO     | ayumi.forward_test | Reconnection successful — reset consecutive failure counter
2026-04-29 20:42:39 | WARNING  | ayumi.forward_test | Connection health check failed: connected=True last_tick_ago=1140.0s threshold=900.0s — reconnecting
2026-04-29 20:42:39 | INFO     | ayumi.forward_test | Reconnection attempt 1 (backoff=5.0s)
2026-04-29 20:42:40 | INFO     | ayumi.forward_test | Market data feed connected for ['GBPUSD', 'USDJPY']
2026-04-29 20:42:40 | INFO     | ayumi.forward_test | Reconnection successful — reset consecutive failure counter
2026-04-29 20:42:50 | WARNING  | ayumi.forward_test | Connection health check failed: connected=True last_tick_ago=1150.4s threshold=900.0s — reconnecting
2026-04-29 20:42:50 | INFO     | ayumi.forward_test | Reconnection attempt 1 (backoff=5.0s)
2026-04-29 20:42:50 | INFO     | ayumi.forward_test | Market data feed connected for ['GBPUSD', 'USDJPY']
2026-04-29 20:42:50 | INFO     | ayumi.forward_test | Reconnection successful — reset consecutive failure counter
2026-04-29 20:43:00 | WARNING  | ayumi.forward_test | Connection health check failed: connected=True last_tick_ago=1160.6s threshold=900.0s — reconnecting
2026-04-29 20:43:00 | INFO     | ayumi.forward_test | Reconnection attempt 1 (backoff=5.0s)
2026-04-29 20:43:00 | INFO     | ayumi.forward_test | Market data feed connected for ['GBPUSD', 'USDJPY']
2026-04-29 20:43:00 | INFO     | ayumi.forward_test | Reconnection successful — reset consecutive failure counter
2026-04-29 20:43:10 | WARNING  | ayumi.forward_test | Connection health check failed: connected=True last_tick_ago=1170.9s threshold=900.0s — reconnecting
2026-04-29 20:43:10 | INFO     | ayumi.forward_test | Reconnection attempt 1 (backoff=5.0s)
2026-04-29 20:43:10 | INFO     | ayumi.forward_test | Market data feed connected for ['GBPUSD', 'USDJPY']
2026-04-29 20:43:10 | INFO     | ayumi.forward_test | Reconnection successful — reset consecutive failure counter
2026-04-29 20:43:20 | WARNING  | ayumi.risk | No state file at /tmp/pytest-of-root/pytest-463/test_start_restores_no_state0/risk_state.json — starting fresh
2026-04-29 20:43:20 | WARNING  | ayumi.risk | No state file at /tmp/pytest-of-root/pytest-463/test_signal_processing0/risk_state.json — starting fresh
2026-04-29 20:43:20 | WARNING  | ayumi.risk | No state file at /tmp/pytest-of-root/pytest-463/test_multiple_signals_in_seque0/risk_state.json — starting fresh
2026-04-29 20:43:20 | WARNING  | ayumi.risk | No state file at /tmp/pytest-of-root/pytest-463/test_fill_handling_updates_bal0/risk_state.json — starting fresh
2026-04-29 20:43:20 | WARNING  | ayumi.risk | No state file at /tmp/pytest-of-root/pytest-463/test_state_save_on_stop0/risk_state.json — starting fresh
2026-04-29 20:43:20 | WARNING  | ayumi.risk | No state file at /tmp/pytest-of-root/pytest-463/test_state_restore_on_start0/risk_state.json — starting fresh
2026-04-29 20:43:20 | WARNING  | ayumi.forward_test | Connection health check failed: connected=True last_tick_ago=1181.2s threshold=900.0s — reconnecting
2026-04-29 20:43:20 | INFO     | ayumi.forward_test | Reconnection attempt 1 (backoff=5.0s)
2026-04-29 20:43:21 | INFO     | ayumi.forward_test | Market data feed connected for ['GBPUSD', 'USDJPY']
2026-04-29 20:43:21 | INFO     | ayumi.forward_test | Reconnection successful — reset consecutive failure counter
2026-04-29 20:43:23 | WARNING  | ayumi.forward_test | Reconnection failed — next attempt in 0.0s
2026-04-29 20:43:23 | WARNING  | ayumi.forward_test | Reconnection failed — next attempt in 0.0s
2026-04-29 20:43:23 | WARNING  | ayumi.forward_test | Reconnection failed — next attempt in 0.0s
2026-04-29 20:43:23 | WARNING  | ayumi.forward_test | Reconnection failed — next attempt in 0.0s
2026-04-29 20:43:23 | WARNING  | ayumi.forward_test | Reconnection failed — next attempt in 0.0s
2026-04-29 20:43:23 | WARNING  | ayumi.forward_test | Reconnection failed — next attempt in 0.0s
2026-04-29 20:43:23 | WARNING  | ayumi.forward_test | Reconnection failed — next attempt in 0.0s
2026-04-29 20:43:23 | WARNING  | ayumi.forward_test | Reconnection failed — next attempt in 0.0s
2026-04-29 20:43:23 | WARNING  | ayumi.forward_test | Reconnection failed — next attempt in 0.0s
2026-04-29 20:43:23 | CRITICAL | ayumi.forward_test | Reconnect circuit-breaker tripped: 10 consecutive attempts with no ticks (max=10). Stopping engine gracefully.
2026-04-29 20:43:23 | WARNING  | ayumi.forward_test | Reconnection failed — next attempt in 0.0s
2026-04-29 20:43:23 | WARNING  | ayumi.forward_test | Reconnection failed — next attempt in 0.0s
2026-04-29 20:43:23 | WARNING  | ayumi.forward_test | Reconnection failed — next attempt in 0.0s
2026-04-29 20:43:23 | WARNING  | ayumi.forward_test | Reconnection failed — next attempt in 0.0s
2026-04-29 20:43:23 | WARNING  | ayumi.forward_test | Reconnection failed — next attempt in 0.0s
2026-04-29 20:43:23 | WARNING  | ayumi.forward_test | Reconnection failed — next attempt in 0.0s
2026-04-29 20:43:23 | WARNING  | ayumi.forward_test | Reconnection failed — next attempt in 0.0s
2026-04-29 20:43:23 | CRITICAL | ayumi.forward_test | Reconnect circuit-breaker tripped: 3 consecutive attempts with no ticks (max=3). Stopping engine gracefully.
2026-04-29 20:43:23 | WARNING  | ayumi.forward_test | Connection health check failed: connected=False last_tick_ago=infs threshold=900.0s — reconnecting
2026-04-29 20:43:23 | WARNING  | ayumi.forward_test | Reconnection failed — next attempt in 0.0s
2026-04-29 20:43:23 | WARNING  | ayumi.forward_test | Connection health check failed: connected=False last_tick_ago=infs threshold=30.0s — reconnecting
2026-04-29 20:43:23 | WARNING  | ayumi.forward_test | Reconnection failed — next attempt in 0.0s
2026-04-29 20:43:23 | WARNING  | ayumi.forward_test | Connection health check failed: connected=False last_tick_ago=infs threshold=30.0s — reconnecting
2026-04-29 20:43:23 | WARNING  | ayumi.forward_test | Reconnection failed — next attempt in 0.0s
2026-04-29 20:43:31 | WARNING  | ayumi.forward_test | Connection health check failed: connected=True last_tick_ago=1191.5s threshold=900.0s — reconnecting
2026-04-29 20:43:31 | INFO     | ayumi.forward_test | Reconnection attempt 1 (backoff=5.0s)
2026-04-29 20:43:31 | INFO     | ayumi.forward_test | Market data feed connected for ['GBPUSD', 'USDJPY']
2026-04-29 20:43:31 | INFO     | ayumi.forward_test | Reconnection successful — reset consecutive failure counter
2026-04-29 20:43:41 | WARNING  | ayumi.forward_test | Connection health check failed: connected=True last_tick_ago=1201.8s threshold=900.0s — reconnecting
2026-04-29 20:43:41 | INFO     | ayumi.forward_test | Reconnection attempt 1 (backoff=5.0s)
2026-04-29 20:43:41 | INFO     | ayumi.forward_test | Market data feed connected for ['GBPUSD', 'USDJPY']
2026-04-29 20:43:41 | INFO     | ayumi.forward_test | Reconnection successful — reset consecutive failure counter
2026-04-29 20:43:51 | WARNING  | ayumi.forward_test | Connection health check failed: connected=True last_tick_ago=1212.1s threshold=900.0s — reconnecting
2026-04-29 20:43:51 | INFO     | ayumi.forward_test | Reconnection attempt 1 (backoff=5.0s)
2026-04-29 20:43:52 | INFO     | ayumi.forward_test | Market data feed connected for ['GBPUSD', 'USDJPY']
2026-04-29 20:43:52 | INFO     | ayumi.forward_test | Reconnection successful — reset consecutive failure counter
2026-04-29 20:44:02 | WARNING  | ayumi.forward_test | Connection health check failed: connected=True last_tick_ago=1222.4s threshold=900.0s — reconnecting
2026-04-29 20:44:02 | INFO     | ayumi.forward_test | Reconnection attempt 1 (backoff=5.0s)
2026-04-29 20:44:02 | INFO     | ayumi.forward_test | Market data feed connected for ['GBPUSD', 'USDJPY']
2026-04-29 20:44:02 | INFO     | ayumi.forward_test | Reconnection successful — reset consecutive failure counter
2026-04-29 20:44:12 | WARNING  | ayumi.forward_test | Connection health check failed: connected=True last_tick_ago=1232.7s threshold=900.0s — reconnecting
2026-04-29 20:44:12 | INFO     | ayumi.forward_test | Reconnection attempt 1 (backoff=5.0s)
2026-04-29 20:44:12 | INFO     | ayumi.forward_test | Market data feed connected for ['GBPUSD', 'USDJPY']
2026-04-29 20:44:12 | INFO     | ayumi.forward_test | Reconnection successful — reset consecutive failure counter
2026-04-29 20:44:22 | WARNING  | ayumi.forward_test | Connection health check failed: connected=True last_tick_ago=1243.0s threshold=900.0s — reconnecting
2026-04-29 20:44:22 | INFO     | ayumi.forward_test | Reconnection attempt 1 (backoff=5.0s)
2026-04-29 20:44:23 | INFO     | ayumi.forward_test | Market data feed connected for ['GBPUSD', 'USDJPY']
2026-04-29 20:44:23 | INFO     | ayumi.forward_test | Reconnection successful — reset consecutive failure counter
2026-04-29 20:44:33 | WARNING  | ayumi.forward_test | Connection health check failed: connected=True last_tick_ago=1253.3s threshold=900.0s — reconnecting
2026-04-29 20:44:33 | INFO     | ayumi.forward_test | Reconnection attempt 1 (backoff=5.0s)
2026-04-29 20:44:33 | INFO     | ayumi.forward_test | Market data feed connected for ['GBPUSD', 'USDJPY']
2026-04-29 20:44:33 | INFO     | ayumi.forward_test | Reconnection successful — reset consecutive failure counter
2026-04-29 20:44:43 | WARNING  | ayumi.forward_test | Connection health check failed: connected=True last_tick_ago=1263.6s threshold=900.0s — reconnecting
2026-04-29 20:44:43 | INFO     | ayumi.forward_test | Reconnection attempt 1 (backoff=5.0s)
2026-04-29 20:44:43 | INFO     | ayumi.forward_test | Market data feed connected for ['GBPUSD', 'USDJPY']
2026-04-29 20:44:43 | INFO     | ayumi.forward_test | Reconnection successful — reset consecutive failure counter
2026-04-29 20:44:53 | WARNING  | ayumi.forward_test | Connection health check failed: connected=True last_tick_ago=1273.9s threshold=900.0s — reconnecting
2026-04-29 20:44:53 | INFO     | ayumi.forward_test | Reconnection attempt 1 (backoff=5.0s)
2026-04-29 20:44:54 | INFO     | ayumi.forward_test | Market data feed connected for ['GBPUSD', 'USDJPY']
2026-04-29 20:44:54 | INFO     | ayumi.forward_test | Reconnection successful — reset consecutive failure counter
2026-04-29 20:45:04 | WARNING  | ayumi.forward_test | Connection health check failed: connected=True last_tick_ago=1284.3s threshold=900.0s — reconnecting
2026-04-29 20:45:04 | INFO     | ayumi.forward_test | Reconnection attempt 1 (backoff=5.0s)
2026-04-29 20:45:04 | INFO     | ayumi.forward_test | Market data feed connected for ['GBPUSD', 'USDJPY']
2026-04-29 20:45:04 | INFO     | ayumi.forward_test | Reconnection successful — reset consecutive failure counter
2026-04-29 20:45:14 | WARNING  | ayumi.forward_test | Connection health check failed: connected=True last_tick_ago=1294.6s threshold=900.0s — reconnecting
2026-04-29 20:45:14 | INFO     | ayumi.forward_test | Reconnection attempt 1 (backoff=5.0s)
2026-04-29 20:45:14 | INFO     | ayumi.forward_test | Market data feed connected for ['GBPUSD', 'USDJPY']
2026-04-29 20:45:14 | INFO     | ayumi.forward_test | Reconnection successful — reset consecutive failure counter
2026-04-29 20:45:24 | WARNING  | ayumi.forward_test | Connection health check failed: connected=True last_tick_ago=1304.9s threshold=900.0s — reconnecting
2026-04-29 20:45:24 | INFO     | ayumi.forward_test | Reconnection attempt 1 (backoff=5.0s)
2026-04-29 20:45:24 | INFO     | ayumi.forward_test | Market data feed connected for ['GBPUSD', 'USDJPY']
2026-04-29 20:45:24 | INFO     | ayumi.forward_test | Reconnection successful — reset consecutive failure counter
2026-04-29 20:45:34 | WARNING  | ayumi.forward_test | Connection health check failed: connected=True last_tick_ago=1315.2s threshold=900.0s — reconnecting
2026-04-29 20:45:34 | INFO     | ayumi.forward_test | Reconnection attempt 1 (backoff=5.0s)
2026-04-29 20:45:35 | INFO     | ayumi.forward_test | Market data feed connected for ['GBPUSD', 'USDJPY']
2026-04-29 20:45:35 | INFO     | ayumi.forward_test | Reconnection successful — reset consecutive failure counter
2026-04-29 20:45:45 | WARNING  | ayumi.forward_test | Connection health check failed: connected=True last_tick_ago=1325.5s threshold=900.0s — reconnecting
2026-04-29 20:45:45 | INFO     | ayumi.forward_test | Reconnection attempt 1 (backoff=5.0s)
2026-04-29 20:45:45 | INFO     | ayumi.forward_test | Market data feed connected for ['GBPUSD', 'USDJPY']
2026-04-29 20:45:45 | INFO     | ayumi.forward_test | Reconnection successful — reset consecutive failure counter
2026-04-29 20:45:55 | WARNING  | ayumi.forward_test | Connection health check failed: connected=True last_tick_ago=1335.8s threshold=900.0s — reconnecting
2026-04-29 20:45:55 | INFO     | ayumi.forward_test | Reconnection attempt 1 (backoff=5.0s)
2026-04-29 20:45:55 | INFO     | ayumi.forward_test | Market data feed connected for ['GBPUSD', 'USDJPY']
2026-04-29 20:45:55 | INFO     | ayumi.forward_test | Reconnection successful — reset consecutive failure counter
2026-04-29 20:46:05 | WARNING  | ayumi.forward_test | Connection health check failed: connected=True last_tick_ago=1346.1s threshold=900.0s — reconnecting
2026-04-29 20:46:05 | INFO     | ayumi.forward_test | Reconnection attempt 1 (backoff=5.0s)
2026-04-29 20:46:06 | INFO     | ayumi.forward_test | Market data feed connected for ['GBPUSD', 'USDJPY']
2026-04-29 20:46:06 | INFO     | ayumi.forward_test | Reconnection successful — reset consecutive failure counter
2026-04-29 20:46:16 | WARNING  | ayumi.forward_test | Connection health check failed: connected=True last_tick_ago=1356.4s threshold=900.0s — reconnecting
2026-04-29 20:46:16 | INFO     | ayumi.forward_test | Reconnection attempt 1 (backoff=5.0s)
2026-04-29 20:46:16 | INFO     | ayumi.forward_test | Market data feed connected for ['GBPUSD', 'USDJPY']
2026-04-29 20:46:16 | INFO     | ayumi.forward_test | Reconnection successful — reset consecutive failure counter
2026-04-29 20:46:26 | WARNING  | ayumi.forward_test | Connection health check failed: connected=True last_tick_ago=1366.7s threshold=900.0s — reconnecting
2026-04-29 20:46:26 | INFO     | ayumi.forward_test | Reconnection attempt 1 (backoff=5.0s)
2026-04-29 20:46:26 | INFO     | ayumi.forward_test | Market data feed connected for ['GBPUSD', 'USDJPY']
2026-04-29 20:46:26 | INFO     | ayumi.forward_test | Reconnection successful — reset consecutive failure counter
2026-04-29 20:46:36 | WARNING  | ayumi.forward_test | Connection health check failed: connected=True last_tick_ago=1377.0s threshold=900.0s — reconnecting
2026-04-29 20:46:36 | INFO     | ayumi.forward_test | Reconnection attempt 1 (backoff=5.0s)
2026-04-29 20:46:37 | INFO     | ayumi.forward_test | Market data feed connected for ['GBPUSD', 'USDJPY']
2026-04-29 20:46:37 | INFO     | ayumi.forward_test | Reconnection successful — reset consecutive failure counter
2026-04-29 20:46:47 | WARNING  | ayumi.forward_test | Connection health check failed: connected=True last_tick_ago=1387.3s threshold=900.0s — reconnecting
2026-04-29 20:46:47 | INFO     | ayumi.forward_test | Reconnection attempt 1 (backoff=5.0s)
2026-04-29 20:46:47 | INFO     | ayumi.forward_test | Market data feed connected for ['GBPUSD', 'USDJPY']
2026-04-29 20:46:47 | INFO     | ayumi.forward_test | Reconnection successful — reset consecutive failure counter
2026-04-29 20:46:57 | WARNING  | ayumi.forward_test | Connection health check failed: connected=True last_tick_ago=1397.6s threshold=900.0s — reconnecting
2026-04-29 20:46:57 | INFO     | ayumi.forward_test | Reconnection attempt 1 (backoff=5.0s)
2026-04-29 20:46:57 | INFO     | ayumi.forward_test | Market data feed connected for ['GBPUSD', 'USDJPY']
2026-04-29 20:46:57 | INFO     | ayumi.forward_test | Reconnection successful — reset consecutive failure counter
2026-04-29 20:47:07 | WARNING  | ayumi.forward_test | Connection health check failed: connected=True last_tick_ago=1407.9s threshold=900.0s — reconnecting
2026-04-29 20:47:07 | INFO     | ayumi.forward_test | Reconnection attempt 1 (backoff=5.0s)
2026-04-29 20:47:08 | INFO     | ayumi.forward_test | Market data feed connected for ['GBPUSD', 'USDJPY']
2026-04-29 20:47:08 | INFO     | ayumi.forward_test | Reconnection successful — reset consecutive failure counter
2026-04-29 20:47:18 | WARNING  | ayumi.forward_test | Connection health check failed: connected=True last_tick_ago=1418.5s threshold=900.0s — reconnecting
2026-04-29 20:47:18 | INFO     | ayumi.forward_test | Reconnection attempt 1 (backoff=5.0s)
2026-04-29 20:47:18 | INFO     | ayumi.forward_test | Market data feed connected for ['GBPUSD', 'USDJPY']
2026-04-29 20:47:18 | INFO     | ayumi.forward_test | Reconnection successful — reset consecutive failure counter
2026-04-29 20:47:28 | WARNING  | ayumi.forward_test | Connection health check failed: connected=True last_tick_ago=1428.8s threshold=900.0s — reconnecting
2026-04-29 20:47:28 | INFO     | ayumi.forward_test | Reconnection attempt 1 (backoff=5.0s)
2026-04-29 20:47:28 | INFO     | ayumi.forward_test | Market data feed connected for ['GBPUSD', 'USDJPY']
2026-04-29 20:47:28 | INFO     | ayumi.forward_test | Reconnection successful — reset consecutive failure counter
2026-04-29 20:47:38 | WARNING  | ayumi.forward_test | Connection health check failed: connected=True last_tick_ago=1439.1s threshold=900.0s — reconnecting
2026-04-29 20:47:38 | INFO     | ayumi.forward_test | Reconnection attempt 1 (backoff=5.0s)
2026-04-29 20:47:39 | INFO     | ayumi.forward_test | Market data feed connected for ['GBPUSD', 'USDJPY']
2026-04-29 20:47:39 | INFO     | ayumi.forward_test | Reconnection successful — reset consecutive failure counter
2026-04-29 20:47:49 | WARNING  | ayumi.forward_test | Connection health check failed: connected=True last_tick_ago=1449.4s threshold=900.0s — reconnecting
2026-04-29 20:47:49 | INFO     | ayumi.forward_test | Reconnection attempt 1 (backoff=5.0s)
2026-04-29 20:47:49 | INFO     | ayumi.forward_test | Market data feed connected for ['GBPUSD', 'USDJPY']
2026-04-29 20:47:49 | INFO     | ayumi.forward_test | Reconnection successful — reset consecutive failure counter
2026-04-29 20:47:59 | WARNING  | ayumi.forward_test | Connection health check failed: connected=True last_tick_ago=1459.7s threshold=900.0s — reconnecting
2026-04-29 20:47:59 | INFO     | ayumi.forward_test | Reconnection attempt 1 (backoff=5.0s)
2026-04-29 20:47:59 | INFO     | ayumi.forward_test | Market data feed connected for ['GBPUSD', 'USDJPY']
2026-04-29 20:47:59 | INFO     | ayumi.forward_test | Reconnection successful — reset consecutive failure counter
2026-04-29 20:48:09 | WARNING  | ayumi.forward_test | Connection health check failed: connected=True last_tick_ago=1470.0s threshold=900.0s — reconnecting
2026-04-29 20:48:09 | INFO     | ayumi.forward_test | Reconnection attempt 1 (backoff=5.0s)
2026-04-29 20:48:10 | INFO     | ayumi.forward_test | Market data feed connected for ['GBPUSD', 'USDJPY']
2026-04-29 20:48:10 | INFO     | ayumi.forward_test | Reconnection successful — reset consecutive failure counter
2026-04-29 20:48:20 | WARNING  | ayumi.forward_test | Connection health check failed: connected=True last_tick_ago=1480.3s threshold=900.0s — reconnecting
2026-04-29 20:48:20 | INFO     | ayumi.forward_test | Reconnection attempt 1 (backoff=5.0s)
2026-04-29 20:48:20 | INFO     | ayumi.forward_test | Market data feed connected for ['GBPUSD', 'USDJPY']
2026-04-29 20:48:20 | INFO     | ayumi.forward_test | Reconnection successful — reset consecutive failure counter
2026-04-29 20:48:30 | WARNING  | ayumi.forward_test | Connection health check failed: connected=True last_tick_ago=1490.6s threshold=900.0s — reconnecting
2026-04-29 20:48:30 | INFO     | ayumi.forward_test | Reconnection attempt 1 (backoff=5.0s)
2026-04-29 20:48:30 | INFO     | ayumi.forward_test | Market data feed connected for ['GBPUSD', 'USDJPY']
2026-04-29 20:48:30 | INFO     | ayumi.forward_test | Reconnection successful — reset consecutive failure counter
2026-04-29 20:48:40 | WARNING  | ayumi.forward_test | Connection health check failed: connected=True last_tick_ago=1500.9s threshold=900.0s — reconnecting
2026-04-29 20:48:40 | INFO     | ayumi.forward_test | Reconnection attempt 1 (backoff=5.0s)
2026-04-29 20:48:40 | INFO     | ayumi.forward_test | Market data feed connected for ['GBPUSD', 'USDJPY']
2026-04-29 20:48:40 | INFO     | ayumi.forward_test | Reconnection successful — reset consecutive failure counter
2026-04-29 20:48:50 | WARNING  | ayumi.forward_test | Connection health check failed: connected=True last_tick_ago=1511.2s threshold=900.0s — reconnecting
2026-04-29 20:48:50 | INFO     | ayumi.forward_test | Reconnection attempt 1 (backoff=5.0s)
2026-04-29 20:48:51 | INFO     | ayumi.forward_test | Market data feed connected for ['GBPUSD', 'USDJPY']
2026-04-29 20:48:51 | INFO     | ayumi.forward_test | Reconnection successful — reset consecutive failure counter
2026-04-29 20:49:01 | WARNING  | ayumi.forward_test | Connection health check failed: connected=True last_tick_ago=1521.5s threshold=900.0s — reconnecting
2026-04-29 20:49:01 | INFO     | ayumi.forward_test | Reconnection attempt 1 (backoff=5.0s)
2026-04-29 20:49:01 | INFO     | ayumi.forward_test | Market data feed connected for ['GBPUSD', 'USDJPY']
2026-04-29 20:49:01 | INFO     | ayumi.forward_test | Reconnection successful — reset consecutive failure counter
2026-04-29 20:49:11 | WARNING  | ayumi.forward_test | Connection health check failed: connected=True last_tick_ago=1531.8s threshold=900.0s — reconnecting
2026-04-29 20:49:11 | INFO     | ayumi.forward_test | Reconnection attempt 1 (backoff=5.0s)
2026-04-29 20:49:11 | INFO     | ayumi.forward_test | Market data feed connected for ['GBPUSD', 'USDJPY']
2026-04-29 20:49:11 | INFO     | ayumi.forward_test | Reconnection successful — reset consecutive failure counter
2026-04-29 20:49:21 | WARNING  | ayumi.forward_test | Connection health check failed: connected=True last_tick_ago=1542.1s threshold=900.0s — reconnecting
2026-04-29 20:49:21 | INFO     | ayumi.forward_test | Reconnection attempt 1 (backoff=5.0s)
2026-04-29 20:49:22 | INFO     | ayumi.forward_test | Market data feed connected for ['GBPUSD', 'USDJPY']
2026-04-29 20:49:22 | INFO     | ayumi.forward_test | Reconnection successful — reset consecutive failure counter
2026-04-29 20:49:32 | WARNING  | ayumi.forward_test | Connection health check failed: connected=True last_tick_ago=1552.4s threshold=900.0s — reconnecting
2026-04-29 20:49:32 | INFO     | ayumi.forward_test | Reconnection attempt 1 (backoff=5.0s)
2026-04-29 20:49:32 | INFO     | ayumi.forward_test | Market data feed connected for ['GBPUSD', 'USDJPY']
2026-04-29 20:49:32 | INFO     | ayumi.forward_test | Reconnection successful — reset consecutive failure counter
2026-04-29 20:49:42 | WARNING  | ayumi.forward_test | Connection health check failed: connected=True last_tick_ago=1562.7s threshold=900.0s — reconnecting
2026-04-29 20:49:42 | INFO     | ayumi.forward_test | Reconnection attempt 1 (backoff=5.0s)
2026-04-29 20:49:42 | INFO     | ayumi.forward_test | Market data feed connected for ['GBPUSD', 'USDJPY']
2026-04-29 20:49:42 | INFO     | ayumi.forward_test | Reconnection successful — reset consecutive failure counter
2026-04-29 20:49:52 | WARNING  | ayumi.forward_test | Connection health check failed: connected=True last_tick_ago=1573.0s threshold=900.0s — reconnecting
2026-04-29 20:49:52 | INFO     | ayumi.forward_test | Reconnection attempt 1 (backoff=5.0s)
2026-04-29 20:49:53 | INFO     | ayumi.forward_test | Market data feed connected for ['GBPUSD', 'USDJPY']
2026-04-29 20:49:53 | INFO     | ayumi.forward_test | Reconnection successful — reset consecutive failure counter
2026-04-29 20:50:03 | WARNING  | ayumi.forward_test | Connection health check failed: connected=True last_tick_ago=1583.3s threshold=900.0s — reconnecting
2026-04-29 20:50:03 | INFO     | ayumi.forward_test | Reconnection attempt 1 (backoff=5.0s)
2026-04-29 20:50:03 | INFO     | ayumi.forward_test | Market data feed connected for ['GBPUSD', 'USDJPY']
2026-04-29 20:50:03 | INFO     | ayumi.forward_test | Reconnection successful — reset consecutive failure counter
2026-04-29 20:50:10 | INFO     | ayumi.forward_test | Shutdown signal received (sig=15)
2026-04-29 20:50:10 | INFO     | ayumi.forward_test | Forward test stopped: balance=10000.00 trades=0 pnl=0.00 errors=0 reconnects=0
2026-04-29 20:50:22 | INFO     | ayumi.blend_launcher | === Ayumi Multi-Strategy Forward Test (Blend Pipeline) ===
2026-04-29 20:50:22 | INFO     | ayumi.blend_launcher | Symbols: ['GBPUSD', 'USDJPY']
2026-04-29 20:50:25 | WARNING  | ayumi.blend_launcher | Could not fetch symbol list from OpenAPI: 'CTraderOpenApiClient' object has no attribute 'get_symbols' — using static mapping
2026-04-29 20:50:25 | INFO     | ayumi.blend_launcher | Fetching 100 H1 bars for GBPUSD (id=2)...
2026-04-29 20:50:27 | INFO     | ayumi.blend_launcher | Fetched 99 H1 bars for GBPUSD
2026-04-29 20:50:27 | INFO     | ayumi.blend_launcher | Fetching 200 M15 bars for GBPUSD (id=2)...
2026-04-29 20:50:29 | INFO     | ayumi.blend_launcher | Fetched 200 M15 bars for GBPUSD
2026-04-29 20:50:29 | INFO     | ayumi.blend_launcher | Fetching 100 H1 bars for USDJPY (id=3)...
2026-04-29 20:50:31 | INFO     | ayumi.blend_launcher | Fetched 99 H1 bars for USDJPY
2026-04-29 20:50:31 | INFO     | ayumi.blend_launcher | Fetching 200 M15 bars for USDJPY (id=3)...
2026-04-29 20:50:33 | INFO     | ayumi.blend_launcher | Fetched 200 M15 bars for USDJPY
2026-04-29 20:50:33 | INFO     | ayumi.blend_launcher | Twisted reactor stopped cleanly
2026-04-29 20:50:33 | INFO     | ayumi.blend_launcher | Registered 5 strategies: ['SRMR+', 'Killzone Momentum', 'Donchian Channel Breakout', 'Session-Range Mean Reversion', 'BB+RSI Mean Reversion']
2026-04-29 20:50:33 | INFO     | ayumi.blend_launcher | All strategy .name properties verified against maps
2026-04-29 20:50:33 | WARNING  | ayumi.risk | No state file at data/risk_state_blend.json — starting fresh
2026-04-29 20:50:33 | INFO     | ayumi.forward_test | BlendForwardTestRunner started — balance=$10000.00
2026-04-29 20:50:33 | INFO     | ayumi.forward_test | Preloaded 99 bars into key 'GBPUSD:60'
2026-04-29 20:50:33 | INFO     | ayumi.blend_launcher | Preloaded 99 H1 bars for GBPUSD
2026-04-29 20:50:33 | INFO     | ayumi.forward_test | Preloaded 200 bars into key 'GBPUSD:15'
2026-04-29 20:50:33 | INFO     | ayumi.blend_launcher | Preloaded 200 M15 bars for GBPUSD
2026-04-29 20:50:33 | INFO     | ayumi.forward_test | Preloaded 99 bars into key 'USDJPY:60'
2026-04-29 20:50:33 | INFO     | ayumi.blend_launcher | Preloaded 99 H1 bars for USDJPY
2026-04-29 20:50:33 | INFO     | ayumi.forward_test | Preloaded 200 bars into key 'USDJPY:15'
2026-04-29 20:50:33 | INFO     | ayumi.blend_launcher | Preloaded 200 M15 bars for USDJPY
2026-04-29 20:50:33 | INFO     | ayumi.blend_launcher | === STARTING MULTI-STRATEGY FORWARD TEST ===
2026-04-29 20:50:33 | INFO     | ayumi.blend_launcher | Pipeline: SRMR+ + Killzone + Momentum + SessionRangeMR → Correlation Gate → Blend Runner → Paper
2026-04-29 20:50:33 | ERROR    | ayumi.forward_test | No CTRADER_OPENAPI_ACCOUNT_ID or CTRADER_OPENAPI_TRADER_LOGIN in env
2026-04-29 20:50:33 | ERROR    | ayumi.forward_test | Failed to start market data feed
2026-04-29 20:50:33 | ERROR    | ayumi.blend_launcher | Engine failed to start — FIX connection likely rejected. Check console output for details.
2026-04-29 20:50:33 | ERROR    | ayumi.blend_launcher | Verify: CTRADER_ACCOUNT, CTRADER_PASSWORD, CTRADER_HOST, CTRADER_READONLY_SSL_PORT in .env
2026-04-29 20:50:33 | INFO     | ayumi.risk | Saved risk state to data/risk_state_blend.json
2026-04-29 20:50:33 | INFO     | ayumi.forward_test | BlendForwardTestRunner stopped — balance=$10000.00
2026-04-29 20:50:51 | INFO     | ayumi.blend_launcher | === Ayumi Multi-Strategy Forward Test (Blend Pipeline) ===
2026-04-29 20:50:51 | INFO     | ayumi.blend_launcher | Symbols: ['GBPUSD', 'USDJPY']
2026-04-29 20:50:54 | WARNING  | ayumi.blend_launcher | Could not fetch symbol list from OpenAPI: 'CTraderOpenApiClient' object has no attribute 'get_symbols' — using static mapping
2026-04-29 20:50:54 | INFO     | ayumi.blend_launcher | Fetching 100 H1 bars for GBPUSD (id=2)...
2026-04-29 20:50:56 | INFO     | ayumi.blend_launcher | Fetched 99 H1 bars for GBPUSD
2026-04-29 20:50:56 | INFO     | ayumi.blend_launcher | Fetching 200 M15 bars for GBPUSD (id=2)...
2026-04-29 20:50:58 | INFO     | ayumi.blend_launcher | Fetched 200 M15 bars for GBPUSD
2026-04-29 20:50:58 | INFO     | ayumi.blend_launcher | Fetching 100 H1 bars for USDJPY (id=3)...
2026-04-29 20:51:00 | INFO     | ayumi.blend_launcher | Fetched 99 H1 bars for USDJPY
2026-04-29 20:51:00 | INFO     | ayumi.blend_launcher | Fetching 200 M15 bars for USDJPY (id=3)...
2026-04-29 20:51:02 | INFO     | ayumi.blend_launcher | Fetched 200 M15 bars for USDJPY
2026-04-29 20:51:02 | INFO     | ayumi.blend_launcher | Twisted reactor stopped cleanly
2026-04-29 20:51:02 | INFO     | ayumi.blend_launcher | Registered 5 strategies: ['SRMR+', 'Killzone Momentum', 'Donchian Channel Breakout', 'Session-Range Mean Reversion', 'BB+RSI Mean Reversion']
2026-04-29 20:51:02 | INFO     | ayumi.blend_launcher | All strategy .name properties verified against maps
2026-04-29 20:51:02 | INFO     | ayumi.risk | Restored risk state from data/risk_state_blend.json
2026-04-29 20:51:02 | INFO     | ayumi.forward_test | BlendForwardTestRunner started — balance=$10000.00
2026-04-29 20:51:02 | INFO     | ayumi.forward_test | Preloaded 99 bars into key 'GBPUSD:60'
2026-04-29 20:51:02 | INFO     | ayumi.blend_launcher | Preloaded 99 H1 bars for GBPUSD
2026-04-29 20:51:02 | INFO     | ayumi.forward_test | Preloaded 200 bars into key 'GBPUSD:15'
2026-04-29 20:51:02 | INFO     | ayumi.blend_launcher | Preloaded 200 M15 bars for GBPUSD
2026-04-29 20:51:02 | INFO     | ayumi.forward_test | Preloaded 99 bars into key 'USDJPY:60'
2026-04-29 20:51:02 | INFO     | ayumi.blend_launcher | Preloaded 99 H1 bars for USDJPY
2026-04-29 20:51:02 | INFO     | ayumi.forward_test | Preloaded 200 bars into key 'USDJPY:15'
2026-04-29 20:51:02 | INFO     | ayumi.blend_launcher | Preloaded 200 M15 bars for USDJPY
2026-04-29 20:51:02 | INFO     | ayumi.blend_launcher | === STARTING MULTI-STRATEGY FORWARD TEST ===
2026-04-29 20:51:02 | INFO     | ayumi.blend_launcher | Pipeline: SRMR+ + Killzone + Momentum + SessionRangeMR → Correlation Gate → Blend Runner → Paper
2026-04-29 20:51:02 | ERROR    | ayumi.forward_test | No CTRADER_OPENAPI_ACCOUNT_ID or CTRADER_OPENAPI_TRADER_LOGIN in env
2026-04-29 20:51:02 | ERROR    | ayumi.forward_test | Failed to start market data feed
2026-04-29 20:51:02 | ERROR    | ayumi.blend_launcher | Engine failed to start — FIX connection likely rejected. Check console output for details.
2026-04-29 20:51:02 | ERROR    | ayumi.blend_launcher | Verify: CTRADER_ACCOUNT, CTRADER_PASSWORD, CTRADER_HOST, CTRADER_READONLY_SSL_PORT in .env
2026-04-29 20:51:02 | INFO     | ayumi.risk | Saved risk state to data/risk_state_blend.json
2026-04-29 20:51:02 | INFO     | ayumi.forward_test | BlendForwardTestRunner stopped — balance=$10000.00
2026-04-29 20:51:19 | INFO     | ayumi.blend_launcher | === Ayumi Multi-Strategy Forward Test (Blend Pipeline) ===
2026-04-29 20:51:19 | INFO     | ayumi.blend_launcher | Symbols: ['GBPUSD', 'USDJPY']
2026-04-29 20:51:21 | WARNING  | ayumi.blend_launcher | Could not fetch symbol list from OpenAPI: 'CTraderOpenApiClient' object has no attribute 'get_symbols' — using static mapping
2026-04-29 20:51:21 | INFO     | ayumi.blend_launcher | Fetching 100 H1 bars for GBPUSD (id=2)...
2026-04-29 20:51:23 | INFO     | ayumi.blend_launcher | Fetched 99 H1 bars for GBPUSD
2026-04-29 20:51:23 | INFO     | ayumi.blend_launcher | Fetching 200 M15 bars for GBPUSD (id=2)...
2026-04-29 20:51:25 | INFO     | ayumi.blend_launcher | Fetched 200 M15 bars for GBPUSD
2026-04-29 20:51:25 | INFO     | ayumi.blend_launcher | Fetching 100 H1 bars for USDJPY (id=3)...
2026-04-29 20:51:27 | INFO     | ayumi.blend_launcher | Fetched 99 H1 bars for USDJPY
2026-04-29 20:51:27 | INFO     | ayumi.blend_launcher | Fetching 200 M15 bars for USDJPY (id=3)...
2026-04-29 20:51:29 | INFO     | ayumi.blend_launcher | Fetched 200 M15 bars for USDJPY
2026-04-29 20:51:29 | INFO     | ayumi.blend_launcher | Twisted reactor stopped cleanly
2026-04-29 20:51:29 | INFO     | ayumi.blend_launcher | Registered 5 strategies: ['SRMR+', 'Killzone Momentum', 'Donchian Channel Breakout', 'Session-Range Mean Reversion', 'BB+RSI Mean Reversion']
2026-04-29 20:51:29 | INFO     | ayumi.blend_launcher | All strategy .name properties verified against maps
2026-04-29 20:51:29 | INFO     | ayumi.risk | Restored risk state from data/risk_state_blend.json
2026-04-29 20:51:29 | INFO     | ayumi.forward_test | BlendForwardTestRunner started — balance=$10000.00
2026-04-29 20:51:29 | INFO     | ayumi.forward_test | Preloaded 99 bars into key 'GBPUSD:60'
2026-04-29 20:51:29 | INFO     | ayumi.blend_launcher | Preloaded 99 H1 bars for GBPUSD
2026-04-29 20:51:29 | INFO     | ayumi.forward_test | Preloaded 200 bars into key 'GBPUSD:15'
2026-04-29 20:51:29 | INFO     | ayumi.blend_launcher | Preloaded 200 M15 bars for GBPUSD
2026-04-29 20:51:29 | INFO     | ayumi.forward_test | Preloaded 99 bars into key 'USDJPY:60'
2026-04-29 20:51:29 | INFO     | ayumi.blend_launcher | Preloaded 99 H1 bars for USDJPY
2026-04-29 20:51:29 | INFO     | ayumi.forward_test | Preloaded 200 bars into key 'USDJPY:15'
2026-04-29 20:51:29 | INFO     | ayumi.blend_launcher | Preloaded 200 M15 bars for USDJPY
2026-04-29 20:51:29 | INFO     | ayumi.blend_launcher | === STARTING MULTI-STRATEGY FORWARD TEST ===
2026-04-29 20:51:29 | INFO     | ayumi.blend_launcher | Pipeline: SRMR+ + Killzone + Momentum + SessionRangeMR → Correlation Gate → Blend Runner → Paper
2026-04-29 20:51:29 | ERROR    | ayumi.forward_test | No CTRADER_OPENAPI_ACCOUNT_ID or CTRADER_OPENAPI_TRADER_LOGIN in env
2026-04-29 20:51:29 | ERROR    | ayumi.forward_test | Failed to start market data feed
2026-04-29 20:51:29 | ERROR    | ayumi.blend_launcher | Engine failed to start — FIX connection likely rejected. Check console output for details.
2026-04-29 20:51:29 | ERROR    | ayumi.blend_launcher | Verify: CTRADER_ACCOUNT, CTRADER_PASSWORD, CTRADER_HOST, CTRADER_READONLY_SSL_PORT in .env
2026-04-29 20:51:29 | INFO     | ayumi.risk | Saved risk state to data/risk_state_blend.json
2026-04-29 20:51:29 | INFO     | ayumi.forward_test | BlendForwardTestRunner stopped — balance=$10000.00
2026-04-29 20:51:45 | INFO     | ayumi.blend_launcher | === Ayumi Multi-Strategy Forward Test (Blend Pipeline) ===
2026-04-29 20:51:45 | INFO     | ayumi.blend_launcher | Symbols: ['GBPUSD', 'USDJPY']
2026-04-29 20:51:48 | WARNING  | ayumi.blend_launcher | Could not fetch symbol list from OpenAPI: 'CTraderOpenApiClient' object has no attribute 'get_symbols' — using static mapping
2026-04-29 20:51:48 | INFO     | ayumi.blend_launcher | Fetching 100 H1 bars for GBPUSD (id=2)...
2026-04-29 20:51:50 | INFO     | ayumi.blend_launcher | Fetched 99 H1 bars for GBPUSD
2026-04-29 20:51:50 | INFO     | ayumi.blend_launcher | Fetching 200 M15 bars for GBPUSD (id=2)...
2026-04-29 20:51:52 | INFO     | ayumi.blend_launcher | Fetched 200 M15 bars for GBPUSD
2026-04-29 20:51:52 | INFO     | ayumi.blend_launcher | Fetching 100 H1 bars for USDJPY (id=3)...
2026-04-29 20:51:54 | INFO     | ayumi.blend_launcher | Fetched 99 H1 bars for USDJPY
2026-04-29 20:51:54 | INFO     | ayumi.blend_launcher | Fetching 200 M15 bars for USDJPY (id=3)...
2026-04-29 20:51:56 | INFO     | ayumi.blend_launcher | Fetched 200 M15 bars for USDJPY
2026-04-29 20:51:56 | INFO     | ayumi.blend_launcher | Twisted reactor stopped cleanly
2026-04-29 20:51:56 | INFO     | ayumi.blend_launcher | Registered 5 strategies: ['SRMR+', 'Killzone Momentum', 'Donchian Channel Breakout', 'Session-Range Mean Reversion', 'BB+RSI Mean Reversion']
2026-04-29 20:51:56 | INFO     | ayumi.blend_launcher | All strategy .name properties verified against maps
2026-04-29 20:51:56 | INFO     | ayumi.risk | Restored risk state from data/risk_state_blend.json
2026-04-29 20:51:56 | INFO     | ayumi.forward_test | BlendForwardTestRunner started — balance=$10000.00
2026-04-29 20:51:56 | INFO     | ayumi.forward_test | Preloaded 99 bars into key 'GBPUSD:60'
2026-04-29 20:51:56 | INFO     | ayumi.blend_launcher | Preloaded 99 H1 bars for GBPUSD
2026-04-29 20:51:56 | INFO     | ayumi.forward_test | Preloaded 200 bars into key 'GBPUSD:15'
2026-04-29 20:51:56 | INFO     | ayumi.blend_launcher | Preloaded 200 M15 bars for GBPUSD
2026-04-29 20:51:56 | INFO     | ayumi.forward_test | Preloaded 99 bars into key 'USDJPY:60'
2026-04-29 20:51:56 | INFO     | ayumi.blend_launcher | Preloaded 99 H1 bars for USDJPY
2026-04-29 20:51:56 | INFO     | ayumi.forward_test | Preloaded 200 bars into key 'USDJPY:15'
2026-04-29 20:51:56 | INFO     | ayumi.blend_launcher | Preloaded 200 M15 bars for USDJPY
2026-04-29 20:51:56 | INFO     | ayumi.blend_launcher | === STARTING MULTI-STRATEGY FORWARD TEST ===
2026-04-29 20:51:56 | INFO     | ayumi.blend_launcher | Pipeline: SRMR+ + Killzone + Momentum + SessionRangeMR → Correlation Gate → Blend Runner → Paper
2026-04-29 20:52:13 | INFO     | ayumi.blend_launcher | === Ayumi Multi-Strategy Forward Test (Blend Pipeline) ===
2026-04-29 20:52:13 | INFO     | ayumi.blend_launcher | Symbols: ['GBPUSD', 'USDJPY']
2026-04-29 20:52:16 | WARNING  | ayumi.blend_launcher | Could not fetch symbol list from OpenAPI: 'CTraderOpenApiClient' object has no attribute 'get_symbols' — using static mapping
2026-04-29 20:52:16 | INFO     | ayumi.blend_launcher | Fetching 100 H1 bars for GBPUSD (id=2)...
2026-04-29 20:52:18 | INFO     | ayumi.blend_launcher | Fetched 99 H1 bars for GBPUSD
2026-04-29 20:52:18 | INFO     | ayumi.blend_launcher | Fetching 200 M15 bars for GBPUSD (id=2)...
2026-04-29 20:52:20 | INFO     | ayumi.blend_launcher | Fetched 200 M15 bars for GBPUSD
2026-04-29 20:52:20 | INFO     | ayumi.blend_launcher | Fetching 100 H1 bars for USDJPY (id=3)...
2026-04-29 20:52:22 | INFO     | ayumi.blend_launcher | Fetched 99 H1 bars for USDJPY
2026-04-29 20:52:22 | INFO     | ayumi.blend_launcher | Fetching 200 M15 bars for USDJPY (id=3)...
2026-04-29 20:52:24 | INFO     | ayumi.blend_launcher | Fetched 200 M15 bars for USDJPY
2026-04-29 20:52:24 | INFO     | ayumi.blend_launcher | Twisted reactor stopped cleanly
2026-04-29 20:52:24 | INFO     | ayumi.blend_launcher | Registered 5 strategies: ['SRMR+', 'Killzone Momentum', 'Donchian Channel Breakout', 'Session-Range Mean Reversion', 'BB+RSI Mean Reversion']
2026-04-29 20:52:24 | INFO     | ayumi.blend_launcher | All strategy .name properties verified against maps
2026-04-29 20:52:24 | INFO     | ayumi.risk | Restored risk state from data/risk_state_blend.json
2026-04-29 20:52:24 | INFO     | ayumi.forward_test | BlendForwardTestRunner started — balance=$10000.00
2026-04-29 20:52:24 | INFO     | ayumi.forward_test | Preloaded 99 bars into key 'GBPUSD:60'
2026-04-29 20:52:24 | INFO     | ayumi.blend_launcher | Preloaded 99 H1 bars for GBPUSD
2026-04-29 20:52:24 | INFO     | ayumi.forward_test | Preloaded 200 bars into key 'GBPUSD:15'
2026-04-29 20:52:24 | INFO     | ayumi.blend_launcher | Preloaded 200 M15 bars for GBPUSD
2026-04-29 20:52:24 | INFO     | ayumi.forward_test | Preloaded 99 bars into key 'USDJPY:60'
2026-04-29 20:52:24 | INFO     | ayumi.blend_launcher | Preloaded 99 H1 bars for USDJPY
2026-04-29 20:52:24 | INFO     | ayumi.forward_test | Preloaded 200 bars into key 'USDJPY:15'
2026-04-29 20:52:24 | INFO     | ayumi.blend_launcher | Preloaded 200 M15 bars for USDJPY
2026-04-29 20:52:24 | INFO     | ayumi.blend_launcher | === STARTING MULTI-STRATEGY FORWARD TEST ===
2026-04-29 20:52:24 | INFO     | ayumi.blend_launcher | Pipeline: SRMR+ + Killzone + Momentum + SessionRangeMR → Correlation Gate → Blend Runner → Paper
2026-04-29 20:52:41 | INFO     | ayumi.blend_launcher | === Ayumi Multi-Strategy Forward Test (Blend Pipeline) ===
2026-04-29 20:52:41 | INFO     | ayumi.blend_launcher | Symbols: ['GBPUSD', 'USDJPY']
2026-04-29 20:52:44 | WARNING  | ayumi.blend_launcher | Could not fetch symbol list from OpenAPI: 'CTraderOpenApiClient' object has no attribute 'get_symbols' — using static mapping
2026-04-29 20:52:44 | INFO     | ayumi.blend_launcher | Fetching 100 H1 bars for GBPUSD (id=2)...
2026-04-29 20:52:46 | INFO     | ayumi.blend_launcher | Fetched 99 H1 bars for GBPUSD
2026-04-29 20:52:46 | INFO     | ayumi.blend_launcher | Fetching 200 M15 bars for GBPUSD (id=2)...
2026-04-29 20:52:48 | INFO     | ayumi.blend_launcher | Fetched 200 M15 bars for GBPUSD
2026-04-29 20:52:48 | INFO     | ayumi.blend_launcher | Fetching 100 H1 bars for USDJPY (id=3)...
2026-04-29 20:52:50 | INFO     | ayumi.blend_launcher | Fetched 99 H1 bars for USDJPY
2026-04-29 20:52:50 | INFO     | ayumi.blend_launcher | Fetching 200 M15 bars for USDJPY (id=3)...
2026-04-29 20:52:52 | INFO     | ayumi.blend_launcher | Fetched 200 M15 bars for USDJPY
2026-04-29 20:52:52 | INFO     | ayumi.blend_launcher | Twisted reactor stopped cleanly
2026-04-29 20:52:52 | INFO     | ayumi.blend_launcher | Registered 5 strategies: ['SRMR+', 'Killzone Momentum', 'Donchian Channel Breakout', 'Session-Range Mean Reversion', 'BB+RSI Mean Reversion']
2026-04-29 20:52:52 | INFO     | ayumi.blend_launcher | All strategy .name properties verified against maps
2026-04-29 20:52:52 | INFO     | ayumi.risk | Restored risk state from data/risk_state_blend.json
2026-04-29 20:52:52 | INFO     | ayumi.forward_test | BlendForwardTestRunner started — balance=$10000.00
2026-04-29 20:52:52 | INFO     | ayumi.forward_test | Preloaded 99 bars into key 'GBPUSD:60'
2026-04-29 20:52:52 | INFO     | ayumi.blend_launcher | Preloaded 99 H1 bars for GBPUSD
2026-04-29 20:52:52 | INFO     | ayumi.forward_test | Preloaded 200 bars into key 'GBPUSD:15'
2026-04-29 20:52:52 | INFO     | ayumi.blend_launcher | Preloaded 200 M15 bars for GBPUSD
2026-04-29 20:52:52 | INFO     | ayumi.forward_test | Preloaded 99 bars into key 'USDJPY:60'
2026-04-29 20:52:52 | INFO     | ayumi.blend_launcher | Preloaded 99 H1 bars for USDJPY
2026-04-29 20:52:52 | INFO     | ayumi.forward_test | Preloaded 200 bars into key 'USDJPY:15'
2026-04-29 20:52:52 | INFO     | ayumi.blend_launcher | Preloaded 200 M15 bars for USDJPY
2026-04-29 20:52:52 | INFO     | ayumi.blend_launcher | === STARTING MULTI-STRATEGY FORWARD TEST ===
2026-04-29 20:52:52 | INFO     | ayumi.blend_launcher | Pipeline: SRMR+ + Killzone + Momentum + SessionRangeMR → Correlation Gate → Blend Runner → Paper
2026-04-29 20:53:09 | INFO     | ayumi.blend_launcher | === Ayumi Multi-Strategy Forward Test (Blend Pipeline) ===
2026-04-29 20:53:09 | INFO     | ayumi.blend_launcher | Symbols: ['GBPUSD', 'USDJPY']
2026-04-29 20:53:12 | WARNING  | ayumi.blend_launcher | Could not fetch symbol list from OpenAPI: 'CTraderOpenApiClient' object has no attribute 'get_symbols' — using static mapping
2026-04-29 20:53:12 | INFO     | ayumi.blend_launcher | Fetching 100 H1 bars for GBPUSD (id=2)...
2026-04-29 20:53:14 | INFO     | ayumi.blend_launcher | Fetched 99 H1 bars for GBPUSD
2026-04-29 20:53:14 | INFO     | ayumi.blend_launcher | Fetching 200 M15 bars for GBPUSD (id=2)...
2026-04-29 20:53:16 | INFO     | ayumi.blend_launcher | Fetched 200 M15 bars for GBPUSD
2026-04-29 20:53:16 | INFO     | ayumi.blend_launcher | Fetching 100 H1 bars for USDJPY (id=3)...
2026-04-29 20:53:18 | INFO     | ayumi.blend_launcher | Fetched 99 H1 bars for USDJPY
2026-04-29 20:53:18 | INFO     | ayumi.blend_launcher | Fetching 200 M15 bars for USDJPY (id=3)...
2026-04-29 20:53:20 | INFO     | ayumi.blend_launcher | Fetched 200 M15 bars for USDJPY
2026-04-29 20:53:20 | INFO     | ayumi.blend_launcher | Twisted reactor stopped cleanly
2026-04-29 20:53:20 | INFO     | ayumi.blend_launcher | Registered 5 strategies: ['SRMR+', 'Killzone Momentum', 'Donchian Channel Breakout', 'Session-Range Mean Reversion', 'BB+RSI Mean Reversion']
2026-04-29 20:53:20 | INFO     | ayumi.blend_launcher | All strategy .name properties verified against maps
2026-04-29 20:53:20 | INFO     | ayumi.risk | Restored risk state from data/risk_state_blend.json
2026-04-29 20:53:20 | INFO     | ayumi.forward_test | BlendForwardTestRunner started — balance=$10000.00
2026-04-29 20:53:20 | INFO     | ayumi.forward_test | Preloaded 99 bars into key 'GBPUSD:60'
2026-04-29 20:53:20 | INFO     | ayumi.blend_launcher | Preloaded 99 H1 bars for GBPUSD
2026-04-29 20:53:20 | INFO     | ayumi.forward_test | Preloaded 200 bars into key 'GBPUSD:15'
2026-04-29 20:53:20 | INFO     | ayumi.blend_launcher | Preloaded 200 M15 bars for GBPUSD
2026-04-29 20:53:20 | INFO     | ayumi.forward_test | Preloaded 99 bars into key 'USDJPY:60'
2026-04-29 20:53:20 | INFO     | ayumi.blend_launcher | Preloaded 99 H1 bars for USDJPY
2026-04-29 20:53:20 | INFO     | ayumi.forward_test | Preloaded 200 bars into key 'USDJPY:15'
2026-04-29 20:53:20 | INFO     | ayumi.blend_launcher | Preloaded 200 M15 bars for USDJPY
2026-04-29 20:53:20 | INFO     | ayumi.blend_launcher | === STARTING MULTI-STRATEGY FORWARD TEST ===
2026-04-29 20:53:20 | INFO     | ayumi.blend_launcher | Pipeline: SRMR+ + Killzone + Momentum + SessionRangeMR → Correlation Gate → Blend Runner → Paper
2026-04-29 20:53:37 | INFO     | ayumi.blend_launcher | === Ayumi Multi-Strategy Forward Test (Blend Pipeline) ===
2026-04-29 20:53:37 | INFO     | ayumi.blend_launcher | Symbols: ['GBPUSD', 'USDJPY']
2026-04-29 20:53:40 | WARNING  | ayumi.blend_launcher | Could not fetch symbol list from OpenAPI: 'CTraderOpenApiClient' object has no attribute 'get_symbols' — using static mapping
2026-04-29 20:53:40 | INFO     | ayumi.blend_launcher | Fetching 100 H1 bars for GBPUSD (id=2)...
2026-04-29 20:53:42 | INFO     | ayumi.blend_launcher | Fetched 99 H1 bars for GBPUSD
2026-04-29 20:53:42 | INFO     | ayumi.blend_launcher | Fetching 200 M15 bars for GBPUSD (id=2)...
2026-04-29 20:53:44 | INFO     | ayumi.blend_launcher | Fetched 200 M15 bars for GBPUSD
2026-04-29 20:53:44 | INFO     | ayumi.blend_launcher | Fetching 100 H1 bars for USDJPY (id=3)...
2026-04-29 20:53:46 | INFO     | ayumi.blend_launcher | Fetched 99 H1 bars for USDJPY
2026-04-29 20:53:46 | INFO     | ayumi.blend_launcher | Fetching 200 M15 bars for USDJPY (id=3)...
2026-04-29 20:53:48 | INFO     | ayumi.blend_launcher | Fetched 200 M15 bars for USDJPY
2026-04-29 20:53:48 | INFO     | ayumi.blend_launcher | Twisted reactor stopped cleanly
2026-04-29 20:53:48 | INFO     | ayumi.blend_launcher | Registered 5 strategies: ['SRMR+', 'Killzone Momentum', 'Donchian Channel Breakout', 'Session-Range Mean Reversion', 'BB+RSI Mean Reversion']
2026-04-29 20:53:48 | INFO     | ayumi.blend_launcher | All strategy .name properties verified against maps
2026-04-29 20:53:48 | INFO     | ayumi.risk | Restored risk state from data/risk_state_blend.json
2026-04-29 20:53:48 | INFO     | ayumi.forward_test | BlendForwardTestRunner started — balance=$10000.00
2026-04-29 20:53:48 | INFO     | ayumi.forward_test | Preloaded 99 bars into key 'GBPUSD:60'
2026-04-29 20:53:48 | INFO     | ayumi.blend_launcher | Preloaded 99 H1 bars for GBPUSD
2026-04-29 20:53:48 | INFO     | ayumi.forward_test | Preloaded 200 bars into key 'GBPUSD:15'
2026-04-29 20:53:48 | INFO     | ayumi.blend_launcher | Preloaded 200 M15 bars for GBPUSD
2026-04-29 20:53:48 | INFO     | ayumi.forward_test | Preloaded 99 bars into key 'USDJPY:60'
2026-04-29 20:53:48 | INFO     | ayumi.blend_launcher | Preloaded 99 H1 bars for USDJPY
2026-04-29 20:53:48 | INFO     | ayumi.forward_test | Preloaded 200 bars into key 'USDJPY:15'
2026-04-29 20:53:48 | INFO     | ayumi.blend_launcher | Preloaded 200 M15 bars for USDJPY
2026-04-29 20:53:48 | INFO     | ayumi.blend_launcher | === STARTING MULTI-STRATEGY FORWARD TEST ===
2026-04-29 20:53:48 | INFO     | ayumi.blend_launcher | Pipeline: SRMR+ + Killzone + Momentum + SessionRangeMR → Correlation Gate → Blend Runner → Paper
2026-04-29 20:54:05 | INFO     | ayumi.blend_launcher | === Ayumi Multi-Strategy Forward Test (Blend Pipeline) ===
2026-04-29 20:54:05 | INFO     | ayumi.blend_launcher | Symbols: ['GBPUSD', 'USDJPY']
2026-04-29 20:54:08 | WARNING  | ayumi.blend_launcher | Could not fetch symbol list from OpenAPI: 'CTraderOpenApiClient' object has no attribute 'get_symbols' — using static mapping
2026-04-29 20:54:08 | INFO     | ayumi.blend_launcher | Fetching 100 H1 bars for GBPUSD (id=2)...
2026-04-29 20:54:10 | INFO     | ayumi.blend_launcher | Fetched 99 H1 bars for GBPUSD
2026-04-29 20:54:10 | INFO     | ayumi.blend_launcher | Fetching 200 M15 bars for GBPUSD (id=2)...
2026-04-29 20:54:12 | INFO     | ayumi.blend_launcher | Fetched 200 M15 bars for GBPUSD
2026-04-29 20:54:12 | INFO     | ayumi.blend_launcher | Fetching 100 H1 bars for USDJPY (id=3)...
2026-04-29 20:54:14 | INFO     | ayumi.blend_launcher | Fetched 99 H1 bars for USDJPY
2026-04-29 20:54:14 | INFO     | ayumi.blend_launcher | Fetching 200 M15 bars for USDJPY (id=3)...
2026-04-29 20:54:16 | INFO     | ayumi.blend_launcher | Fetched 200 M15 bars for USDJPY
2026-04-29 20:54:16 | INFO     | ayumi.blend_launcher | Twisted reactor stopped cleanly
2026-04-29 20:54:16 | INFO     | ayumi.blend_launcher | Registered 5 strategies: ['SRMR+', 'Killzone Momentum', 'Donchian Channel Breakout', 'Session-Range Mean Reversion', 'BB+RSI Mean Reversion']
2026-04-29 20:54:16 | INFO     | ayumi.blend_launcher | All strategy .name properties verified against maps
2026-04-29 20:54:16 | INFO     | ayumi.risk | Restored risk state from data/risk_state_blend.json
2026-04-29 20:54:16 | INFO     | ayumi.forward_test | BlendForwardTestRunner started — balance=$10000.00
2026-04-29 20:54:16 | INFO     | ayumi.forward_test | Preloaded 99 bars into key 'GBPUSD:60'
2026-04-29 20:54:16 | INFO     | ayumi.blend_launcher | Preloaded 99 H1 bars for GBPUSD
2026-04-29 20:54:16 | INFO     | ayumi.forward_test | Preloaded 200 bars into key 'GBPUSD:15'
2026-04-29 20:54:16 | INFO     | ayumi.blend_launcher | Preloaded 200 M15 bars for GBPUSD
2026-04-29 20:54:16 | INFO     | ayumi.forward_test | Preloaded 99 bars into key 'USDJPY:60'
2026-04-29 20:54:16 | INFO     | ayumi.blend_launcher | Preloaded 99 H1 bars for USDJPY
2026-04-29 20:54:16 | INFO     | ayumi.forward_test | Preloaded 200 bars into key 'USDJPY:15'
2026-04-29 20:54:16 | INFO     | ayumi.blend_launcher | Preloaded 200 M15 bars for USDJPY
2026-04-29 20:54:16 | INFO     | ayumi.blend_launcher | === STARTING MULTI-STRATEGY FORWARD TEST ===
2026-04-29 20:54:16 | INFO     | ayumi.blend_launcher | Pipeline: SRMR+ + Killzone + Momentum + SessionRangeMR → Correlation Gate → Blend Runner → Paper
2026-04-29 20:54:16 | INFO     | ayumi.openapi_spot_feed | Started Twisted reactor (owns_reactor=True)
2026-04-29 20:54:20 | INFO     | ayumi.blend_launcher | Shutdown signal — stopping engine...
2026-04-29 20:54:20 | INFO     | ayumi.risk | Saved risk state to data/risk_state_blend.json
2026-04-29 20:54:20 | INFO     | ayumi.forward_test | BlendForwardTestRunner stopped — balance=$10000.00
2026-04-29 20:54:22 | INFO     | ayumi.blend_launcher | === Ayumi Multi-Strategy Forward Test (Blend Pipeline) ===
2026-04-29 20:54:22 | INFO     | ayumi.blend_launcher | Symbols: ['GBPUSD', 'USDJPY']
2026-04-29 20:54:25 | WARNING  | ayumi.blend_launcher | Could not fetch symbol list from OpenAPI: 'CTraderOpenApiClient' object has no attribute 'get_symbols' — using static mapping
2026-04-29 20:54:25 | INFO     | ayumi.blend_launcher | Fetching 100 H1 bars for GBPUSD (id=2)...
2026-04-29 20:54:27 | INFO     | ayumi.blend_launcher | Fetched 99 H1 bars for GBPUSD
2026-04-29 20:54:27 | INFO     | ayumi.blend_launcher | Fetching 200 M15 bars for GBPUSD (id=2)...
2026-04-29 20:54:29 | INFO     | ayumi.blend_launcher | Fetched 200 M15 bars for GBPUSD
2026-04-29 20:54:29 | INFO     | ayumi.blend_launcher | Fetching 100 H1 bars for USDJPY (id=3)...
2026-04-29 20:54:31 | INFO     | ayumi.blend_launcher | Fetched 99 H1 bars for USDJPY
2026-04-29 20:54:31 | INFO     | ayumi.blend_launcher | Fetching 200 M15 bars for USDJPY (id=3)...
2026-04-29 20:54:33 | INFO     | ayumi.blend_launcher | Fetched 200 M15 bars for USDJPY
2026-04-29 20:54:33 | INFO     | ayumi.blend_launcher | Twisted reactor stopped cleanly
2026-04-29 20:54:33 | INFO     | ayumi.blend_launcher | Registered 5 strategies: ['SRMR+', 'Killzone Momentum', 'Donchian Channel Breakout', 'Session-Range Mean Reversion', 'BB+RSI Mean Reversion']
2026-04-29 20:54:33 | INFO     | ayumi.blend_launcher | All strategy .name properties verified against maps
2026-04-29 20:54:33 | INFO     | ayumi.risk | Restored risk state from data/risk_state_blend.json
2026-04-29 20:54:33 | INFO     | ayumi.forward_test | BlendForwardTestRunner started — balance=$10000.00
2026-04-29 20:54:33 | INFO     | ayumi.forward_test | Preloaded 99 bars into key 'GBPUSD:60'
2026-04-29 20:54:33 | INFO     | ayumi.blend_launcher | Preloaded 99 H1 bars for GBPUSD
2026-04-29 20:54:33 | INFO     | ayumi.forward_test | Preloaded 200 bars into key 'GBPUSD:15'
2026-04-29 20:54:33 | INFO     | ayumi.blend_launcher | Preloaded 200 M15 bars for GBPUSD
2026-04-29 20:54:33 | INFO     | ayumi.forward_test | Preloaded 99 bars into key 'USDJPY:60'
2026-04-29 20:54:33 | INFO     | ayumi.blend_launcher | Preloaded 99 H1 bars for USDJPY
2026-04-29 20:54:33 | INFO     | ayumi.forward_test | Preloaded 200 bars into key 'USDJPY:15'
2026-04-29 20:54:33 | INFO     | ayumi.blend_launcher | Preloaded 200 M15 bars for USDJPY
2026-04-29 20:54:33 | INFO     | ayumi.blend_launcher | === STARTING MULTI-STRATEGY FORWARD TEST ===
2026-04-29 20:54:33 | INFO     | ayumi.blend_launcher | Pipeline: SRMR+ + Killzone + Momentum + SessionRangeMR → Correlation Gate → Blend Runner → Paper
2026-04-29 20:54:33 | INFO     | ayumi.openapi_spot_feed | Started Twisted reactor (owns_reactor=True)
2026-04-29 20:54:48 | ERROR    | ayumi.openapi_spot_feed | Connection timeout
2026-04-29 20:54:48 | ERROR    | ayumi.forward_test | Failed to start market data feed
2026-04-29 20:54:48 | ERROR    | ayumi.blend_launcher | Engine failed to start — FIX connection likely rejected. Check console output for details.
2026-04-29 20:54:48 | ERROR    | ayumi.blend_launcher | Verify: CTRADER_ACCOUNT, CTRADER_PASSWORD, CTRADER_HOST, CTRADER_READONLY_SSL_PORT in .env
2026-04-29 20:54:48 | INFO     | ayumi.risk | Saved risk state to data/risk_state_blend.json
2026-04-29 20:54:48 | INFO     | ayumi.forward_test | BlendForwardTestRunner stopped — balance=$10000.00
2026-04-29 20:54:57 | INFO     | ayumi.blend_launcher | === Ayumi Multi-Strategy Forward Test (Blend Pipeline) ===
2026-04-29 20:54:57 | INFO     | ayumi.blend_launcher | Symbols: ['GBPUSD', 'USDJPY']
2026-04-29 20:55:00 | WARNING  | ayumi.blend_launcher | Could not fetch symbol list from OpenAPI: 'CTraderOpenApiClient' object has no attribute 'get_symbols' — using static mapping
2026-04-29 20:55:00 | INFO     | ayumi.blend_launcher | Fetching 100 H1 bars for GBPUSD (id=2)...
2026-04-29 20:55:02 | INFO     | ayumi.blend_launcher | Fetched 99 H1 bars for GBPUSD
2026-04-29 20:55:02 | INFO     | ayumi.blend_launcher | Fetching 200 M15 bars for GBPUSD (id=2)...
2026-04-29 20:55:04 | INFO     | ayumi.blend_launcher | Fetched 200 M15 bars for GBPUSD
2026-04-29 20:55:04 | INFO     | ayumi.blend_launcher | Fetching 100 H1 bars for USDJPY (id=3)...
2026-04-29 20:55:06 | INFO     | ayumi.blend_launcher | Fetched 99 H1 bars for USDJPY
2026-04-29 20:55:06 | INFO     | ayumi.blend_launcher | Fetching 200 M15 bars for USDJPY (id=3)...
2026-04-29 20:55:08 | INFO     | ayumi.blend_launcher | Fetched 200 M15 bars for USDJPY
2026-04-29 20:55:08 | INFO     | ayumi.blend_launcher | Twisted reactor stopped cleanly
2026-04-29 20:55:08 | INFO     | ayumi.blend_launcher | Registered 5 strategies: ['SRMR+', 'Killzone Momentum', 'Donchian Channel Breakout', 'Session-Range Mean Reversion', 'BB+RSI Mean Reversion']
2026-04-29 20:55:08 | INFO     | ayumi.blend_launcher | All strategy .name properties verified against maps
2026-04-29 20:55:08 | INFO     | ayumi.risk | Restored risk state from data/risk_state_blend.json
2026-04-29 20:55:08 | INFO     | ayumi.forward_test | BlendForwardTestRunner started — balance=$10000.00
2026-04-29 20:55:08 | INFO     | ayumi.forward_test | Preloaded 99 bars into key 'GBPUSD:60'
2026-04-29 20:55:08 | INFO     | ayumi.blend_launcher | Preloaded 99 H1 bars for GBPUSD
2026-04-29 20:55:08 | INFO     | ayumi.forward_test | Preloaded 200 bars into key 'GBPUSD:15'
2026-04-29 20:55:08 | INFO     | ayumi.blend_launcher | Preloaded 200 M15 bars for GBPUSD
2026-04-29 20:55:08 | INFO     | ayumi.forward_test | Preloaded 99 bars into key 'USDJPY:60'
2026-04-29 20:55:08 | INFO     | ayumi.blend_launcher | Preloaded 99 H1 bars for USDJPY
2026-04-29 20:55:08 | INFO     | ayumi.forward_test | Preloaded 200 bars into key 'USDJPY:15'
2026-04-29 20:55:08 | INFO     | ayumi.blend_launcher | Preloaded 200 M15 bars for USDJPY
2026-04-29 20:55:08 | INFO     | ayumi.blend_launcher | === STARTING MULTI-STRATEGY FORWARD TEST ===
2026-04-29 20:55:08 | INFO     | ayumi.blend_launcher | Pipeline: SRMR+ + Killzone + Momentum + SessionRangeMR → Correlation Gate → Blend Runner → Paper
2026-04-29 20:55:08 | INFO     | ayumi.openapi_spot_feed | Started Twisted reactor (owns_reactor=True)
2026-04-29 20:55:20 | INFO     | ayumi.blend_launcher | Shutdown signal — stopping engine...
2026-04-29 20:55:20 | INFO     | ayumi.risk | Saved risk state to data/risk_state_blend.json
2026-04-29 20:55:20 | INFO     | ayumi.forward_test | BlendForwardTestRunner stopped — balance=$10000.00
2026-04-29 20:55:22 | INFO     | ayumi.blend_launcher | === Ayumi Multi-Strategy Forward Test (Blend Pipeline) ===
2026-04-29 20:55:22 | INFO     | ayumi.blend_launcher | Symbols: ['GBPUSD', 'USDJPY']
2026-04-29 20:55:25 | WARNING  | ayumi.blend_launcher | Could not fetch symbol list from OpenAPI: 'CTraderOpenApiClient' object has no attribute 'get_symbols' — using static mapping
2026-04-29 20:55:25 | INFO     | ayumi.blend_launcher | Fetching 100 H1 bars for GBPUSD (id=2)...
2026-04-29 20:55:27 | INFO     | ayumi.blend_launcher | Fetched 99 H1 bars for GBPUSD
2026-04-29 20:55:27 | INFO     | ayumi.blend_launcher | Fetching 200 M15 bars for GBPUSD (id=2)...
2026-04-29 20:55:29 | INFO     | ayumi.blend_launcher | Fetched 200 M15 bars for GBPUSD
2026-04-29 20:55:29 | INFO     | ayumi.blend_launcher | Fetching 100 H1 bars for USDJPY (id=3)...
2026-04-29 20:55:31 | INFO     | ayumi.blend_launcher | Fetched 99 H1 bars for USDJPY
2026-04-29 20:55:31 | INFO     | ayumi.blend_launcher | Fetching 200 M15 bars for USDJPY (id=3)...
2026-04-29 20:55:33 | INFO     | ayumi.blend_launcher | Fetched 200 M15 bars for USDJPY
2026-04-29 20:55:33 | INFO     | ayumi.blend_launcher | Twisted reactor stopped cleanly
2026-04-29 20:55:33 | INFO     | ayumi.blend_launcher | Registered 5 strategies: ['SRMR+', 'Killzone Momentum', 'Donchian Channel Breakout', 'Session-Range Mean Reversion', 'BB+RSI Mean Reversion']
2026-04-29 20:55:33 | INFO     | ayumi.blend_launcher | All strategy .name properties verified against maps
2026-04-29 20:55:33 | INFO     | ayumi.risk | Restored risk state from data/risk_state_blend.json
2026-04-29 20:55:33 | INFO     | ayumi.forward_test | BlendForwardTestRunner started — balance=$10000.00
2026-04-29 20:55:33 | INFO     | ayumi.forward_test | Preloaded 99 bars into key 'GBPUSD:60'
2026-04-29 20:55:33 | INFO     | ayumi.blend_launcher | Preloaded 99 H1 bars for GBPUSD
2026-04-29 20:55:33 | INFO     | ayumi.forward_test | Preloaded 200 bars into key 'GBPUSD:15'
2026-04-29 20:55:33 | INFO     | ayumi.blend_launcher | Preloaded 200 M15 bars for GBPUSD
2026-04-29 20:55:33 | INFO     | ayumi.forward_test | Preloaded 99 bars into key 'USDJPY:60'
2026-04-29 20:55:33 | INFO     | ayumi.blend_launcher | Preloaded 99 H1 bars for USDJPY
2026-04-29 20:55:33 | INFO     | ayumi.forward_test | Preloaded 200 bars into key 'USDJPY:15'
2026-04-29 20:55:33 | INFO     | ayumi.blend_launcher | Preloaded 200 M15 bars for USDJPY
2026-04-29 20:55:33 | INFO     | ayumi.blend_launcher | === STARTING MULTI-STRATEGY FORWARD TEST ===
2026-04-29 20:55:33 | INFO     | ayumi.blend_launcher | Pipeline: SRMR+ + Killzone + Momentum + SessionRangeMR → Correlation Gate → Blend Runner → Paper
2026-04-29 20:55:33 | INFO     | ayumi.openapi_spot_feed | Started Twisted reactor (owns_reactor=True)
2026-04-29 20:55:48 | ERROR    | ayumi.openapi_spot_feed | Connection timeout
2026-04-29 20:55:48 | ERROR    | ayumi.forward_test | Failed to start market data feed
2026-04-29 20:55:48 | ERROR    | ayumi.blend_launcher | Engine failed to start — FIX connection likely rejected. Check console output for details.
2026-04-29 20:55:48 | ERROR    | ayumi.blend_launcher | Verify: CTRADER_ACCOUNT, CTRADER_PASSWORD, CTRADER_HOST, CTRADER_READONLY_SSL_PORT in .env
2026-04-29 20:55:48 | INFO     | ayumi.risk | Saved risk state to data/risk_state_blend.json
2026-04-29 20:55:48 | INFO     | ayumi.forward_test | BlendForwardTestRunner stopped — balance=$10000.00
2026-04-29 20:56:05 | INFO     | ayumi.blend_launcher | === Ayumi Multi-Strategy Forward Test (Blend Pipeline) ===
2026-04-29 20:56:05 | INFO     | ayumi.blend_launcher | Symbols: ['GBPUSD', 'USDJPY']
2026-04-29 20:56:08 | WARNING  | ayumi.blend_launcher | Could not fetch symbol list from OpenAPI: 'CTraderOpenApiClient' object has no attribute 'get_symbols' — using static mapping
2026-04-29 20:56:08 | INFO     | ayumi.blend_launcher | Fetching 100 H1 bars for GBPUSD (id=2)...
2026-04-29 20:56:10 | INFO     | ayumi.blend_launcher | Fetched 99 H1 bars for GBPUSD
2026-04-29 20:56:10 | INFO     | ayumi.blend_launcher | Fetching 200 M15 bars for GBPUSD (id=2)...
2026-04-29 20:56:12 | INFO     | ayumi.blend_launcher | Fetched 200 M15 bars for GBPUSD
2026-04-29 20:56:12 | INFO     | ayumi.blend_launcher | Fetching 100 H1 bars for USDJPY (id=3)...
2026-04-29 20:56:14 | INFO     | ayumi.blend_launcher | Fetched 99 H1 bars for USDJPY
2026-04-29 20:56:14 | INFO     | ayumi.blend_launcher | Fetching 200 M15 bars for USDJPY (id=3)...
2026-04-29 20:56:16 | INFO     | ayumi.blend_launcher | Fetched 200 M15 bars for USDJPY
2026-04-29 20:56:16 | INFO     | ayumi.blend_launcher | Twisted reactor stopped cleanly
2026-04-29 20:56:16 | INFO     | ayumi.blend_launcher | Registered 5 strategies: ['SRMR+', 'Killzone Momentum', 'Donchian Channel Breakout', 'Session-Range Mean Reversion', 'BB+RSI Mean Reversion']
2026-04-29 20:56:16 | INFO     | ayumi.blend_launcher | All strategy .name properties verified against maps
2026-04-29 20:56:16 | INFO     | ayumi.risk | Restored risk state from data/risk_state_blend.json
2026-04-29 20:56:16 | INFO     | ayumi.forward_test | BlendForwardTestRunner started — balance=$10000.00
2026-04-29 20:56:16 | INFO     | ayumi.forward_test | Preloaded 99 bars into key 'GBPUSD:60'
2026-04-29 20:56:16 | INFO     | ayumi.blend_launcher | Preloaded 99 H1 bars for GBPUSD
2026-04-29 20:56:16 | INFO     | ayumi.forward_test | Preloaded 200 bars into key 'GBPUSD:15'
2026-04-29 20:56:16 | INFO     | ayumi.blend_launcher | Preloaded 200 M15 bars for GBPUSD
2026-04-29 20:56:16 | INFO     | ayumi.forward_test | Preloaded 99 bars into key 'USDJPY:60'
2026-04-29 20:56:16 | INFO     | ayumi.blend_launcher | Preloaded 99 H1 bars for USDJPY
2026-04-29 20:56:16 | INFO     | ayumi.forward_test | Preloaded 200 bars into key 'USDJPY:15'
2026-04-29 20:56:16 | INFO     | ayumi.blend_launcher | Preloaded 200 M15 bars for USDJPY
2026-04-29 20:56:16 | INFO     | ayumi.blend_launcher | === STARTING MULTI-STRATEGY FORWARD TEST ===
2026-04-29 20:56:16 | INFO     | ayumi.blend_launcher | Pipeline: SRMR+ + Killzone + Momentum + SessionRangeMR → Correlation Gate → Blend Runner → Paper
2026-04-29 20:56:16 | INFO     | ayumi.openapi_spot_feed | Started Twisted reactor (owns_reactor=True)
2026-04-29 20:56:31 | ERROR    | ayumi.openapi_spot_feed | Connection timeout
2026-04-29 20:56:31 | ERROR    | ayumi.forward_test | Failed to start market data feed
2026-04-29 20:56:31 | ERROR    | ayumi.blend_launcher | Engine failed to start — FIX connection likely rejected. Check console output for details.
2026-04-29 20:56:31 | ERROR    | ayumi.blend_launcher | Verify: CTRADER_ACCOUNT, CTRADER_PASSWORD, CTRADER_HOST, CTRADER_READONLY_SSL_PORT in .env
2026-04-29 20:56:31 | INFO     | ayumi.risk | Saved risk state to data/risk_state_blend.json
2026-04-29 20:56:31 | INFO     | ayumi.forward_test | BlendForwardTestRunner stopped — balance=$10000.00
2026-04-29 20:56:48 | INFO     | ayumi.blend_launcher | === Ayumi Multi-Strategy Forward Test (Blend Pipeline) ===
2026-04-29 20:56:48 | INFO     | ayumi.blend_launcher | Symbols: ['GBPUSD', 'USDJPY']
2026-04-29 20:56:51 | WARNING  | ayumi.blend_launcher | Could not fetch symbol list from OpenAPI: 'CTraderOpenApiClient' object has no attribute 'get_symbols' — using static mapping
2026-04-29 20:56:51 | INFO     | ayumi.blend_launcher | Fetching 100 H1 bars for GBPUSD (id=2)...
2026-04-29 20:56:53 | INFO     | ayumi.blend_launcher | Fetched 99 H1 bars for GBPUSD
2026-04-29 20:56:53 | INFO     | ayumi.blend_launcher | Fetching 200 M15 bars for GBPUSD (id=2)...
2026-04-29 20:56:55 | INFO     | ayumi.blend_launcher | Fetched 200 M15 bars for GBPUSD
2026-04-29 20:56:55 | INFO     | ayumi.blend_launcher | Fetching 100 H1 bars for USDJPY (id=3)...
2026-04-29 20:56:57 | INFO     | ayumi.blend_launcher | Fetched 99 H1 bars for USDJPY
2026-04-29 20:56:57 | INFO     | ayumi.blend_launcher | Fetching 200 M15 bars for USDJPY (id=3)...
2026-04-29 20:56:59 | INFO     | ayumi.blend_launcher | Fetched 200 M15 bars for USDJPY
2026-04-29 20:56:59 | INFO     | ayumi.blend_launcher | Twisted reactor stopped cleanly
2026-04-29 20:56:59 | INFO     | ayumi.blend_launcher | Registered 5 strategies: ['SRMR+', 'Killzone Momentum', 'Donchian Channel Breakout', 'Session-Range Mean Reversion', 'BB+RSI Mean Reversion']
2026-04-29 20:56:59 | INFO     | ayumi.blend_launcher | All strategy .name properties verified against maps
2026-04-29 20:56:59 | INFO     | ayumi.risk | Restored risk state from data/risk_state_blend.json
2026-04-29 20:56:59 | INFO     | ayumi.forward_test | BlendForwardTestRunner started — balance=$10000.00
2026-04-29 20:56:59 | INFO     | ayumi.forward_test | Preloaded 99 bars into key 'GBPUSD:60'
2026-04-29 20:56:59 | INFO     | ayumi.blend_launcher | Preloaded 99 H1 bars for GBPUSD
2026-04-29 20:56:59 | INFO     | ayumi.forward_test | Preloaded 200 bars into key 'GBPUSD:15'
2026-04-29 20:56:59 | INFO     | ayumi.blend_launcher | Preloaded 200 M15 bars for GBPUSD
2026-04-29 20:56:59 | INFO     | ayumi.forward_test | Preloaded 99 bars into key 'USDJPY:60'
2026-04-29 20:56:59 | INFO     | ayumi.blend_launcher | Preloaded 99 H1 bars for USDJPY
2026-04-29 20:56:59 | INFO     | ayumi.forward_test | Preloaded 200 bars into key 'USDJPY:15'
2026-04-29 20:56:59 | INFO     | ayumi.blend_launcher | Preloaded 200 M15 bars for USDJPY
2026-04-29 20:56:59 | INFO     | ayumi.blend_launcher | === STARTING MULTI-STRATEGY FORWARD TEST ===
2026-04-29 20:56:59 | INFO     | ayumi.blend_launcher | Pipeline: SRMR+ + Killzone + Momentum + SessionRangeMR → Correlation Gate → Blend Runner → Paper
2026-04-29 20:56:59 | INFO     | ayumi.openapi_spot_feed | Started Twisted reactor (owns_reactor=True)
2026-04-29 20:57:14 | ERROR    | ayumi.openapi_spot_feed | Connection timeout
2026-04-29 20:57:14 | ERROR    | ayumi.forward_test | Failed to start market data feed
2026-04-29 20:57:14 | ERROR    | ayumi.blend_launcher | Engine failed to start — FIX connection likely rejected. Check console output for details.
2026-04-29 20:57:14 | ERROR    | ayumi.blend_launcher | Verify: CTRADER_ACCOUNT, CTRADER_PASSWORD, CTRADER_HOST, CTRADER_READONLY_SSL_PORT in .env
2026-04-29 20:57:14 | INFO     | ayumi.risk | Saved risk state to data/risk_state_blend.json
2026-04-29 20:57:14 | INFO     | ayumi.forward_test | BlendForwardTestRunner stopped — balance=$10000.00
2026-04-29 20:57:31 | INFO     | ayumi.blend_launcher | === Ayumi Multi-Strategy Forward Test (Blend Pipeline) ===
2026-04-29 20:57:31 | INFO     | ayumi.blend_launcher | Symbols: ['GBPUSD', 'USDJPY']
2026-04-29 20:57:34 | WARNING  | ayumi.blend_launcher | Could not fetch symbol list from OpenAPI: 'CTraderOpenApiClient' object has no attribute 'get_symbols' — using static mapping
2026-04-29 20:57:34 | INFO     | ayumi.blend_launcher | Fetching 100 H1 bars for GBPUSD (id=2)...
2026-04-29 20:57:36 | INFO     | ayumi.blend_launcher | Fetched 99 H1 bars for GBPUSD
2026-04-29 20:57:36 | INFO     | ayumi.blend_launcher | Fetching 200 M15 bars for GBPUSD (id=2)...
2026-04-29 20:57:38 | INFO     | ayumi.blend_launcher | Fetched 200 M15 bars for GBPUSD
2026-04-29 20:57:38 | INFO     | ayumi.blend_launcher | Fetching 100 H1 bars for USDJPY (id=3)...
2026-04-29 20:57:40 | INFO     | ayumi.blend_launcher | Fetched 99 H1 bars for USDJPY
2026-04-29 20:57:40 | INFO     | ayumi.blend_launcher | Fetching 200 M15 bars for USDJPY (id=3)...
2026-04-29 20:57:42 | INFO     | ayumi.blend_launcher | Fetched 200 M15 bars for USDJPY
2026-04-29 20:57:42 | INFO     | ayumi.blend_launcher | Twisted reactor stopped cleanly
2026-04-29 20:57:42 | INFO     | ayumi.blend_launcher | Registered 5 strategies: ['SRMR+', 'Killzone Momentum', 'Donchian Channel Breakout', 'Session-Range Mean Reversion', 'BB+RSI Mean Reversion']
2026-04-29 20:57:42 | INFO     | ayumi.blend_launcher | All strategy .name properties verified against maps
2026-04-29 20:57:42 | INFO     | ayumi.risk | Restored risk state from data/risk_state_blend.json
2026-04-29 20:57:42 | INFO     | ayumi.forward_test | BlendForwardTestRunner started — balance=$10000.00
2026-04-29 20:57:42 | INFO     | ayumi.forward_test | Preloaded 99 bars into key 'GBPUSD:60'
2026-04-29 20:57:42 | INFO     | ayumi.blend_launcher | Preloaded 99 H1 bars for GBPUSD
2026-04-29 20:57:42 | INFO     | ayumi.forward_test | Preloaded 200 bars into key 'GBPUSD:15'
2026-04-29 20:57:42 | INFO     | ayumi.blend_launcher | Preloaded 200 M15 bars for GBPUSD
2026-04-29 20:57:42 | INFO     | ayumi.forward_test | Preloaded 99 bars into key 'USDJPY:60'
2026-04-29 20:57:42 | INFO     | ayumi.blend_launcher | Preloaded 99 H1 bars for USDJPY
2026-04-29 20:57:42 | INFO     | ayumi.forward_test | Preloaded 200 bars into key 'USDJPY:15'
2026-04-29 20:57:42 | INFO     | ayumi.blend_launcher | Preloaded 200 M15 bars for USDJPY
2026-04-29 20:57:42 | INFO     | ayumi.blend_launcher | === STARTING MULTI-STRATEGY FORWARD TEST ===
2026-04-29 20:57:42 | INFO     | ayumi.blend_launcher | Pipeline: SRMR+ + Killzone + Momentum + SessionRangeMR → Correlation Gate → Blend Runner → Paper
2026-04-29 20:57:42 | INFO     | ayumi.openapi_spot_feed | Started Twisted reactor (owns_reactor=True)
2026-04-29 20:57:57 | ERROR    | ayumi.openapi_spot_feed | Connection timeout
2026-04-29 20:57:57 | ERROR    | ayumi.forward_test | Failed to start market data feed
2026-04-29 20:57:57 | ERROR    | ayumi.blend_launcher | Engine failed to start — FIX connection likely rejected. Check console output for details.
2026-04-29 20:57:57 | ERROR    | ayumi.blend_launcher | Verify: CTRADER_ACCOUNT, CTRADER_PASSWORD, CTRADER_HOST, CTRADER_READONLY_SSL_PORT in .env
2026-04-29 20:57:57 | INFO     | ayumi.risk | Saved risk state to data/risk_state_blend.json
2026-04-29 20:57:57 | INFO     | ayumi.forward_test | BlendForwardTestRunner stopped — balance=$10000.00
2026-04-29 20:58:14 | INFO     | ayumi.blend_launcher | === Ayumi Multi-Strategy Forward Test (Blend Pipeline) ===
2026-04-29 20:58:14 | INFO     | ayumi.blend_launcher | Symbols: ['GBPUSD', 'USDJPY']
2026-04-29 20:58:17 | WARNING  | ayumi.blend_launcher | Could not fetch symbol list from OpenAPI: 'CTraderOpenApiClient' object has no attribute 'get_symbols' — using static mapping
2026-04-29 20:58:17 | INFO     | ayumi.blend_launcher | Fetching 100 H1 bars for GBPUSD (id=2)...
2026-04-29 20:58:19 | INFO     | ayumi.blend_launcher | Fetched 99 H1 bars for GBPUSD
2026-04-29 20:58:19 | INFO     | ayumi.blend_launcher | Fetching 200 M15 bars for GBPUSD (id=2)...
2026-04-29 20:58:21 | INFO     | ayumi.blend_launcher | Fetched 200 M15 bars for GBPUSD
2026-04-29 20:58:21 | INFO     | ayumi.blend_launcher | Fetching 100 H1 bars for USDJPY (id=3)...
2026-04-29 20:58:23 | INFO     | ayumi.blend_launcher | Fetched 99 H1 bars for USDJPY
2026-04-29 20:58:23 | INFO     | ayumi.blend_launcher | Fetching 200 M15 bars for USDJPY (id=3)...
2026-04-29 20:58:25 | INFO     | ayumi.blend_launcher | Fetched 200 M15 bars for USDJPY
2026-04-29 20:58:25 | INFO     | ayumi.blend_launcher | Twisted reactor stopped cleanly
2026-04-29 20:58:25 | INFO     | ayumi.blend_launcher | Registered 5 strategies: ['SRMR+', 'Killzone Momentum', 'Donchian Channel Breakout', 'Session-Range Mean Reversion', 'BB+RSI Mean Reversion']
2026-04-29 20:58:25 | INFO     | ayumi.blend_launcher | All strategy .name properties verified against maps
2026-04-29 20:58:25 | INFO     | ayumi.risk | Restored risk state from data/risk_state_blend.json
2026-04-29 20:58:25 | INFO     | ayumi.forward_test | BlendForwardTestRunner started — balance=$10000.00
2026-04-29 20:58:25 | INFO     | ayumi.forward_test | Preloaded 99 bars into key 'GBPUSD:60'
2026-04-29 20:58:25 | INFO     | ayumi.blend_launcher | Preloaded 99 H1 bars for GBPUSD
2026-04-29 20:58:25 | INFO     | ayumi.forward_test | Preloaded 200 bars into key 'GBPUSD:15'
2026-04-29 20:58:25 | INFO     | ayumi.blend_launcher | Preloaded 200 M15 bars for GBPUSD
2026-04-29 20:58:25 | INFO     | ayumi.forward_test | Preloaded 99 bars into key 'USDJPY:60'
2026-04-29 20:58:25 | INFO     | ayumi.blend_launcher | Preloaded 99 H1 bars for USDJPY
2026-04-29 20:58:25 | INFO     | ayumi.forward_test | Preloaded 200 bars into key 'USDJPY:15'
2026-04-29 20:58:25 | INFO     | ayumi.blend_launcher | Preloaded 200 M15 bars for USDJPY
2026-04-29 20:58:25 | INFO     | ayumi.blend_launcher | === STARTING MULTI-STRATEGY FORWARD TEST ===
2026-04-29 20:58:25 | INFO     | ayumi.blend_launcher | Pipeline: SRMR+ + Killzone + Momentum + SessionRangeMR → Correlation Gate → Blend Runner → Paper
2026-04-29 20:58:25 | INFO     | ayumi.openapi_spot_feed | Started Twisted reactor (owns_reactor=True)
2026-04-29 20:58:40 | ERROR    | ayumi.openapi_spot_feed | Connection timeout
2026-04-29 20:58:40 | ERROR    | ayumi.forward_test | Failed to start market data feed
2026-04-29 20:58:40 | ERROR    | ayumi.blend_launcher | Engine failed to start — FIX connection likely rejected. Check console output for details.
2026-04-29 20:58:40 | ERROR    | ayumi.blend_launcher | Verify: CTRADER_ACCOUNT, CTRADER_PASSWORD, CTRADER_HOST, CTRADER_READONLY_SSL_PORT in .env
2026-04-29 20:58:40 | INFO     | ayumi.risk | Saved risk state to data/risk_state_blend.json
2026-04-29 20:58:40 | INFO     | ayumi.forward_test | BlendForwardTestRunner stopped — balance=$10000.00
2026-04-29 20:58:58 | INFO     | ayumi.blend_launcher | === Ayumi Multi-Strategy Forward Test (Blend Pipeline) ===
2026-04-29 20:58:58 | INFO     | ayumi.blend_launcher | Symbols: ['GBPUSD', 'USDJPY']
2026-04-29 20:59:00 | WARNING  | ayumi.blend_launcher | Could not fetch symbol list from OpenAPI: 'CTraderOpenApiClient' object has no attribute 'get_symbols' — using static mapping
2026-04-29 20:59:00 | INFO     | ayumi.blend_launcher | Fetching 100 H1 bars for GBPUSD (id=2)...
2026-04-29 20:59:02 | INFO     | ayumi.blend_launcher | Fetched 99 H1 bars for GBPUSD
2026-04-29 20:59:02 | INFO     | ayumi.blend_launcher | Fetching 200 M15 bars for GBPUSD (id=2)...
2026-04-29 20:59:04 | INFO     | ayumi.blend_launcher | Fetched 200 M15 bars for GBPUSD
2026-04-29 20:59:04 | INFO     | ayumi.blend_launcher | Fetching 100 H1 bars for USDJPY (id=3)...
2026-04-29 20:59:06 | INFO     | ayumi.blend_launcher | Fetched 99 H1 bars for USDJPY
2026-04-29 20:59:06 | INFO     | ayumi.blend_launcher | Fetching 200 M15 bars for USDJPY (id=3)...
2026-04-29 20:59:08 | INFO     | ayumi.blend_launcher | Fetched 200 M15 bars for USDJPY
2026-04-29 20:59:08 | INFO     | ayumi.blend_launcher | Twisted reactor stopped cleanly
2026-04-29 20:59:08 | INFO     | ayumi.blend_launcher | Registered 5 strategies: ['SRMR+', 'Killzone Momentum', 'Donchian Channel Breakout', 'Session-Range Mean Reversion', 'BB+RSI Mean Reversion']
2026-04-29 20:59:08 | INFO     | ayumi.blend_launcher | All strategy .name properties verified against maps
2026-04-29 20:59:08 | INFO     | ayumi.risk | Restored risk state from data/risk_state_blend.json
2026-04-29 20:59:08 | INFO     | ayumi.forward_test | BlendForwardTestRunner started — balance=$10000.00
2026-04-29 20:59:08 | INFO     | ayumi.forward_test | Preloaded 99 bars into key 'GBPUSD:60'
2026-04-29 20:59:08 | INFO     | ayumi.blend_launcher | Preloaded 99 H1 bars for GBPUSD
2026-04-29 20:59:08 | INFO     | ayumi.forward_test | Preloaded 200 bars into key 'GBPUSD:15'
2026-04-29 20:59:08 | INFO     | ayumi.blend_launcher | Preloaded 200 M15 bars for GBPUSD
2026-04-29 20:59:08 | INFO     | ayumi.forward_test | Preloaded 99 bars into key 'USDJPY:60'
2026-04-29 20:59:08 | INFO     | ayumi.blend_launcher | Preloaded 99 H1 bars for USDJPY
2026-04-29 20:59:08 | INFO     | ayumi.forward_test | Preloaded 200 bars into key 'USDJPY:15'
2026-04-29 20:59:08 | INFO     | ayumi.blend_launcher | Preloaded 200 M15 bars for USDJPY
2026-04-29 20:59:08 | INFO     | ayumi.blend_launcher | === STARTING MULTI-STRATEGY FORWARD TEST ===
2026-04-29 20:59:08 | INFO     | ayumi.blend_launcher | Pipeline: SRMR+ + Killzone + Momentum + SessionRangeMR → Correlation Gate → Blend Runner → Paper
2026-04-29 20:59:08 | INFO     | ayumi.openapi_spot_feed | Started Twisted reactor (owns_reactor=True)
2026-04-29 20:59:24 | ERROR    | ayumi.openapi_spot_feed | Connection timeout
2026-04-29 20:59:24 | ERROR    | ayumi.forward_test | Failed to start market data feed
2026-04-29 20:59:24 | ERROR    | ayumi.blend_launcher | Engine failed to start — FIX connection likely rejected. Check console output for details.
2026-04-29 20:59:24 | ERROR    | ayumi.blend_launcher | Verify: CTRADER_ACCOUNT, CTRADER_PASSWORD, CTRADER_HOST, CTRADER_READONLY_SSL_PORT in .env
2026-04-29 20:59:24 | INFO     | ayumi.risk | Saved risk state to data/risk_state_blend.json
2026-04-29 20:59:24 | INFO     | ayumi.forward_test | BlendForwardTestRunner stopped — balance=$10000.00
2026-04-29 20:59:41 | INFO     | ayumi.blend_launcher | === Ayumi Multi-Strategy Forward Test (Blend Pipeline) ===
2026-04-29 20:59:41 | INFO     | ayumi.blend_launcher | Symbols: ['GBPUSD', 'USDJPY']
2026-04-29 20:59:43 | WARNING  | ayumi.blend_launcher | Could not fetch symbol list from OpenAPI: 'CTraderOpenApiClient' object has no attribute 'get_symbols' — using static mapping
2026-04-29 20:59:43 | INFO     | ayumi.blend_launcher | Fetching 100 H1 bars for GBPUSD (id=2)...
2026-04-29 20:59:45 | INFO     | ayumi.blend_launcher | Fetched 99 H1 bars for GBPUSD
2026-04-29 20:59:45 | INFO     | ayumi.blend_launcher | Fetching 200 M15 bars for GBPUSD (id=2)...
2026-04-29 20:59:47 | INFO     | ayumi.blend_launcher | Fetched 200 M15 bars for GBPUSD
2026-04-29 20:59:47 | INFO     | ayumi.blend_launcher | Fetching 100 H1 bars for USDJPY (id=3)...
2026-04-29 20:59:49 | INFO     | ayumi.blend_launcher | Fetched 99 H1 bars for USDJPY
2026-04-29 20:59:49 | INFO     | ayumi.blend_launcher | Fetching 200 M15 bars for USDJPY (id=3)...
2026-04-29 20:59:51 | INFO     | ayumi.blend_launcher | Fetched 200 M15 bars for USDJPY
2026-04-29 20:59:51 | INFO     | ayumi.blend_launcher | Twisted reactor stopped cleanly
2026-04-29 20:59:51 | INFO     | ayumi.blend_launcher | Registered 5 strategies: ['SRMR+', 'Killzone Momentum', 'Donchian Channel Breakout', 'Session-Range Mean Reversion', 'BB+RSI Mean Reversion']
2026-04-29 20:59:51 | INFO     | ayumi.blend_launcher | All strategy .name properties verified against maps
2026-04-29 20:59:51 | INFO     | ayumi.risk | Restored risk state from data/risk_state_blend.json
2026-04-29 20:59:51 | INFO     | ayumi.forward_test | BlendForwardTestRunner started — balance=$10000.00
2026-04-29 20:59:51 | INFO     | ayumi.forward_test | Preloaded 99 bars into key 'GBPUSD:60'
2026-04-29 20:59:51 | INFO     | ayumi.blend_launcher | Preloaded 99 H1 bars for GBPUSD
2026-04-29 20:59:51 | INFO     | ayumi.forward_test | Preloaded 200 bars into key 'GBPUSD:15'
2026-04-29 20:59:51 | INFO     | ayumi.blend_launcher | Preloaded 200 M15 bars for GBPUSD
2026-04-29 20:59:51 | INFO     | ayumi.forward_test | Preloaded 99 bars into key 'USDJPY:60'
2026-04-29 20:59:51 | INFO     | ayumi.blend_launcher | Preloaded 99 H1 bars for USDJPY
2026-04-29 20:59:51 | INFO     | ayumi.forward_test | Preloaded 200 bars into key 'USDJPY:15'
2026-04-29 20:59:51 | INFO     | ayumi.blend_launcher | Preloaded 200 M15 bars for USDJPY
2026-04-29 20:59:51 | INFO     | ayumi.blend_launcher | === STARTING MULTI-STRATEGY FORWARD TEST ===
2026-04-29 20:59:51 | INFO     | ayumi.blend_launcher | Pipeline: SRMR+ + Killzone + Momentum + SessionRangeMR → Correlation Gate → Blend Runner → Paper
2026-04-29 20:59:51 | INFO     | ayumi.openapi_spot_feed | Started Twisted reactor (owns_reactor=True)
2026-04-29 21:00:06 | ERROR    | ayumi.openapi_spot_feed | Connection timeout
2026-04-29 21:00:06 | ERROR    | ayumi.forward_test | Failed to start market data feed
2026-04-29 21:00:06 | ERROR    | ayumi.blend_launcher | Engine failed to start — FIX connection likely rejected. Check console output for details.
2026-04-29 21:00:06 | ERROR    | ayumi.blend_launcher | Verify: CTRADER_ACCOUNT, CTRADER_PASSWORD, CTRADER_HOST, CTRADER_READONLY_SSL_PORT in .env
2026-04-29 21:00:06 | INFO     | ayumi.risk | Saved risk state to data/risk_state_blend.json
2026-04-29 21:00:06 | INFO     | ayumi.forward_test | BlendForwardTestRunner stopped — balance=$10000.00
2026-04-29 21:00:24 | INFO     | ayumi.blend_launcher | === Ayumi Multi-Strategy Forward Test (Blend Pipeline) ===
2026-04-29 21:00:24 | INFO     | ayumi.blend_launcher | Symbols: ['GBPUSD', 'USDJPY']
2026-04-29 21:00:27 | WARNING  | ayumi.blend_launcher | Could not fetch symbol list from OpenAPI: 'CTraderOpenApiClient' object has no attribute 'get_symbols' — using static mapping
2026-04-29 21:00:27 | INFO     | ayumi.blend_launcher | Fetching 100 H1 bars for GBPUSD (id=2)...
2026-04-29 21:00:29 | INFO     | ayumi.blend_launcher | Fetched 99 H1 bars for GBPUSD
2026-04-29 21:00:29 | INFO     | ayumi.blend_launcher | Fetching 200 M15 bars for GBPUSD (id=2)...
2026-04-29 21:00:31 | INFO     | ayumi.blend_launcher | Fetched 199 M15 bars for GBPUSD
2026-04-29 21:00:31 | INFO     | ayumi.blend_launcher | Fetching 100 H1 bars for USDJPY (id=3)...
2026-04-29 21:00:33 | INFO     | ayumi.blend_launcher | Fetched 99 H1 bars for USDJPY
2026-04-29 21:00:33 | INFO     | ayumi.blend_launcher | Fetching 200 M15 bars for USDJPY (id=3)...
2026-04-29 21:00:35 | INFO     | ayumi.blend_launcher | Fetched 199 M15 bars for USDJPY
2026-04-29 21:00:35 | INFO     | ayumi.blend_launcher | Twisted reactor stopped cleanly
2026-04-29 21:00:35 | INFO     | ayumi.blend_launcher | Registered 5 strategies: ['SRMR+', 'Killzone Momentum', 'Donchian Channel Breakout', 'Session-Range Mean Reversion', 'BB+RSI Mean Reversion']
2026-04-29 21:00:35 | INFO     | ayumi.blend_launcher | All strategy .name properties verified against maps
2026-04-29 21:00:35 | INFO     | ayumi.risk | Restored risk state from data/risk_state_blend.json
2026-04-29 21:00:35 | INFO     | ayumi.forward_test | BlendForwardTestRunner started — balance=$10000.00
2026-04-29 21:00:35 | INFO     | ayumi.forward_test | Preloaded 99 bars into key 'GBPUSD:60'
2026-04-29 21:00:35 | INFO     | ayumi.blend_launcher | Preloaded 99 H1 bars for GBPUSD
2026-04-29 21:00:35 | INFO     | ayumi.forward_test | Preloaded 199 bars into key 'GBPUSD:15'
2026-04-29 21:00:35 | INFO     | ayumi.blend_launcher | Preloaded 199 M15 bars for GBPUSD
2026-04-29 21:00:35 | INFO     | ayumi.forward_test | Preloaded 99 bars into key 'USDJPY:60'
2026-04-29 21:00:35 | INFO     | ayumi.blend_launcher | Preloaded 99 H1 bars for USDJPY
2026-04-29 21:00:35 | INFO     | ayumi.forward_test | Preloaded 199 bars into key 'USDJPY:15'
2026-04-29 21:00:35 | INFO     | ayumi.blend_launcher | Preloaded 199 M15 bars for USDJPY
2026-04-29 21:00:35 | INFO     | ayumi.blend_launcher | === STARTING MULTI-STRATEGY FORWARD TEST ===
2026-04-29 21:00:35 | INFO     | ayumi.blend_launcher | Pipeline: SRMR+ + Killzone + Momentum + SessionRangeMR → Correlation Gate → Blend Runner → Paper
2026-04-29 21:00:35 | INFO     | ayumi.openapi_spot_feed | Started Twisted reactor (owns_reactor=True)
2026-04-29 21:00:50 | ERROR    | ayumi.openapi_spot_feed | Connection timeout
2026-04-29 21:00:50 | ERROR    | ayumi.forward_test | Failed to start market data feed
2026-04-29 21:00:50 | ERROR    | ayumi.blend_launcher | Engine failed to start — FIX connection likely rejected. Check console output for details.
2026-04-29 21:00:50 | ERROR    | ayumi.blend_launcher | Verify: CTRADER_ACCOUNT, CTRADER_PASSWORD, CTRADER_HOST, CTRADER_READONLY_SSL_PORT in .env
2026-04-29 21:00:50 | INFO     | ayumi.risk | Saved risk state to data/risk_state_blend.json
2026-04-29 21:00:50 | INFO     | ayumi.forward_test | BlendForwardTestRunner stopped — balance=$10000.00
2026-04-29 21:01:07 | INFO     | ayumi.blend_launcher | === Ayumi Multi-Strategy Forward Test (Blend Pipeline) ===
2026-04-29 21:01:07 | INFO     | ayumi.blend_launcher | Symbols: ['GBPUSD', 'USDJPY']
2026-04-29 21:01:10 | WARNING  | ayumi.blend_launcher | Could not fetch symbol list from OpenAPI: 'CTraderOpenApiClient' object has no attribute 'get_symbols' — using static mapping
2026-04-29 21:01:10 | INFO     | ayumi.blend_launcher | Fetching 100 H1 bars for GBPUSD (id=2)...
2026-04-29 21:01:12 | INFO     | ayumi.blend_launcher | Fetched 99 H1 bars for GBPUSD
2026-04-29 21:01:12 | INFO     | ayumi.blend_launcher | Fetching 200 M15 bars for GBPUSD (id=2)...
2026-04-29 21:01:14 | INFO     | ayumi.blend_launcher | Fetched 199 M15 bars for GBPUSD
2026-04-29 21:01:14 | INFO     | ayumi.blend_launcher | Fetching 100 H1 bars for USDJPY (id=3)...
2026-04-29 21:01:16 | INFO     | ayumi.blend_launcher | Fetched 99 H1 bars for USDJPY
2026-04-29 21:01:16 | INFO     | ayumi.blend_launcher | Fetching 200 M15 bars for USDJPY (id=3)...
2026-04-29 21:01:18 | INFO     | ayumi.blend_launcher | Fetched 199 M15 bars for USDJPY
2026-04-29 21:01:18 | INFO     | ayumi.blend_launcher | Twisted reactor stopped cleanly
2026-04-29 21:01:18 | INFO     | ayumi.blend_launcher | Registered 5 strategies: ['SRMR+', 'Killzone Momentum', 'Donchian Channel Breakout', 'Session-Range Mean Reversion', 'BB+RSI Mean Reversion']
2026-04-29 21:01:18 | INFO     | ayumi.blend_launcher | All strategy .name properties verified against maps
2026-04-29 21:01:18 | INFO     | ayumi.risk | Restored risk state from data/risk_state_blend.json
2026-04-29 21:01:18 | INFO     | ayumi.forward_test | BlendForwardTestRunner started — balance=$10000.00
2026-04-29 21:01:18 | INFO     | ayumi.forward_test | Preloaded 99 bars into key 'GBPUSD:60'
2026-04-29 21:01:18 | INFO     | ayumi.blend_launcher | Preloaded 99 H1 bars for GBPUSD
2026-04-29 21:01:18 | INFO     | ayumi.forward_test | Preloaded 199 bars into key 'GBPUSD:15'
2026-04-29 21:01:18 | INFO     | ayumi.blend_launcher | Preloaded 199 M15 bars for GBPUSD
2026-04-29 21:01:18 | INFO     | ayumi.forward_test | Preloaded 99 bars into key 'USDJPY:60'
2026-04-29 21:01:18 | INFO     | ayumi.blend_launcher | Preloaded 99 H1 bars for USDJPY
2026-04-29 21:01:18 | INFO     | ayumi.forward_test | Preloaded 199 bars into key 'USDJPY:15'
2026-04-29 21:01:18 | INFO     | ayumi.blend_launcher | Preloaded 199 M15 bars for USDJPY
2026-04-29 21:01:18 | INFO     | ayumi.blend_launcher | === STARTING MULTI-STRATEGY FORWARD TEST ===
2026-04-29 21:01:18 | INFO     | ayumi.blend_launcher | Pipeline: SRMR+ + Killzone + Momentum + SessionRangeMR → Correlation Gate → Blend Runner → Paper
2026-04-29 21:01:18 | INFO     | ayumi.openapi_spot_feed | Started Twisted reactor (owns_reactor=True)
2026-04-29 21:01:33 | ERROR    | ayumi.openapi_spot_feed | Connection timeout
2026-04-29 21:01:33 | ERROR    | ayumi.forward_test | Failed to start market data feed
2026-04-29 21:01:33 | ERROR    | ayumi.blend_launcher | Engine failed to start — FIX connection likely rejected. Check console output for details.
2026-04-29 21:01:33 | ERROR    | ayumi.blend_launcher | Verify: CTRADER_ACCOUNT, CTRADER_PASSWORD, CTRADER_HOST, CTRADER_READONLY_SSL_PORT in .env
2026-04-29 21:01:33 | INFO     | ayumi.risk | Saved risk state to data/risk_state_blend.json
2026-04-29 21:01:33 | INFO     | ayumi.forward_test | BlendForwardTestRunner stopped — balance=$10000.00
2026-04-29 21:01:50 | INFO     | ayumi.blend_launcher | === Ayumi Multi-Strategy Forward Test (Blend Pipeline) ===
2026-04-29 21:01:50 | INFO     | ayumi.blend_launcher | Symbols: ['GBPUSD', 'USDJPY']
2026-04-29 21:01:53 | WARNING  | ayumi.blend_launcher | Could not fetch symbol list from OpenAPI: 'CTraderOpenApiClient' object has no attribute 'get_symbols' — using static mapping
2026-04-29 21:01:53 | INFO     | ayumi.blend_launcher | Fetching 100 H1 bars for GBPUSD (id=2)...
2026-04-29 21:01:55 | INFO     | ayumi.blend_launcher | Fetched 99 H1 bars for GBPUSD
2026-04-29 21:01:55 | INFO     | ayumi.blend_launcher | Fetching 200 M15 bars for GBPUSD (id=2)...
2026-04-29 21:01:57 | INFO     | ayumi.blend_launcher | Fetched 199 M15 bars for GBPUSD
2026-04-29 21:01:57 | INFO     | ayumi.blend_launcher | Fetching 100 H1 bars for USDJPY (id=3)...
2026-04-29 21:01:59 | INFO     | ayumi.blend_launcher | Fetched 99 H1 bars for USDJPY
2026-04-29 21:01:59 | INFO     | ayumi.blend_launcher | Fetching 200 M15 bars for USDJPY (id=3)...
2026-04-29 21:02:01 | INFO     | ayumi.blend_launcher | Fetched 199 M15 bars for USDJPY
2026-04-29 21:02:01 | INFO     | ayumi.blend_launcher | Twisted reactor stopped cleanly
2026-04-29 21:02:01 | INFO     | ayumi.blend_launcher | Registered 5 strategies: ['SRMR+', 'Killzone Momentum', 'Donchian Channel Breakout', 'Session-Range Mean Reversion', 'BB+RSI Mean Reversion']
2026-04-29 21:02:01 | INFO     | ayumi.blend_launcher | All strategy .name properties verified against maps
2026-04-29 21:02:01 | INFO     | ayumi.risk | Restored risk state from data/risk_state_blend.json
2026-04-29 21:02:01 | INFO     | ayumi.forward_test | BlendForwardTestRunner started — balance=$10000.00
2026-04-29 21:02:01 | INFO     | ayumi.forward_test | Preloaded 99 bars into key 'GBPUSD:60'
2026-04-29 21:02:01 | INFO     | ayumi.blend_launcher | Preloaded 99 H1 bars for GBPUSD
2026-04-29 21:02:01 | INFO     | ayumi.forward_test | Preloaded 199 bars into key 'GBPUSD:15'
2026-04-29 21:02:01 | INFO     | ayumi.blend_launcher | Preloaded 199 M15 bars for GBPUSD
2026-04-29 21:02:01 | INFO     | ayumi.forward_test | Preloaded 99 bars into key 'USDJPY:60'
2026-04-29 21:02:01 | INFO     | ayumi.blend_launcher | Preloaded 99 H1 bars for USDJPY
2026-04-29 21:02:01 | INFO     | ayumi.forward_test | Preloaded 199 bars into key 'USDJPY:15'
2026-04-29 21:02:01 | INFO     | ayumi.blend_launcher | Preloaded 199 M15 bars for USDJPY
2026-04-29 21:02:01 | INFO     | ayumi.blend_launcher | === STARTING MULTI-STRATEGY FORWARD TEST ===
2026-04-29 21:02:01 | INFO     | ayumi.blend_launcher | Pipeline: SRMR+ + Killzone + Momentum + SessionRangeMR → Correlation Gate → Blend Runner → Paper
2026-04-29 21:02:01 | INFO     | ayumi.openapi_spot_feed | Started Twisted reactor (owns_reactor=True)
2026-04-29 21:02:16 | ERROR    | ayumi.openapi_spot_feed | Connection timeout
2026-04-29 21:02:16 | ERROR    | ayumi.forward_test | Failed to start market data feed
2026-04-29 21:02:16 | ERROR    | ayumi.blend_launcher | Engine failed to start — FIX connection likely rejected. Check console output for details.
2026-04-29 21:02:16 | ERROR    | ayumi.blend_launcher | Verify: CTRADER_ACCOUNT, CTRADER_PASSWORD, CTRADER_HOST, CTRADER_READONLY_SSL_PORT in .env
2026-04-29 21:02:16 | INFO     | ayumi.risk | Saved risk state to data/risk_state_blend.json
2026-04-29 21:02:16 | INFO     | ayumi.forward_test | BlendForwardTestRunner stopped — balance=$10000.00
2026-04-29 21:02:34 | INFO     | ayumi.blend_launcher | === Ayumi Multi-Strategy Forward Test (Blend Pipeline) ===
2026-04-29 21:02:34 | INFO     | ayumi.blend_launcher | Symbols: ['GBPUSD', 'USDJPY']
2026-04-29 21:02:34 | WARNING  | ayumi.blend_launcher | Could not fetch symbol list from OpenAPI: 'CTraderOpenApiClient' object has no attribute 'get_symbols' — using static mapping
2026-04-29 21:02:34 | INFO     | ayumi.blend_launcher | Fetching 100 H1 bars for GBPUSD (id=2)...
2026-04-29 21:05:20 | INFO     | ayumi.blend_launcher | === Ayumi Multi-Strategy Forward Test (Blend Pipeline) ===
2026-04-29 21:05:20 | INFO     | ayumi.blend_launcher | Symbols: ['GBPUSD', 'USDJPY']
2026-04-29 21:05:20 | WARNING  | ayumi.blend_launcher | Could not fetch symbol list from OpenAPI: 'CTraderOpenApiClient' object has no attribute 'get_symbols' — using static mapping
2026-04-29 21:05:20 | INFO     | ayumi.blend_launcher | Fetching 100 H1 bars for GBPUSD (id=2)...
2026-04-29 21:05:58 | INFO     | ayumi.blend_launcher | === Ayumi Multi-Strategy Forward Test (Blend Pipeline) ===
2026-04-29 21:05:58 | INFO     | ayumi.blend_launcher | Symbols: ['GBPUSD', 'USDJPY']
2026-04-29 21:06:01 | WARNING  | ayumi.blend_launcher | Could not fetch symbol list from OpenAPI: 'CTraderOpenApiClient' object has no attribute 'get_symbols' — using static mapping
2026-04-29 21:06:01 | INFO     | ayumi.blend_launcher | Fetching 100 H1 bars for GBPUSD (id=2)...
2026-04-29 21:06:03 | INFO     | ayumi.blend_launcher | Fetched 99 H1 bars for GBPUSD
2026-04-29 21:06:03 | INFO     | ayumi.blend_launcher | Fetching 200 M15 bars for GBPUSD (id=2)...
2026-04-29 21:06:05 | INFO     | ayumi.blend_launcher | Fetched 199 M15 bars for GBPUSD
2026-04-29 21:06:05 | INFO     | ayumi.blend_launcher | Fetching 100 H1 bars for USDJPY (id=3)...
2026-04-29 21:06:07 | INFO     | ayumi.blend_launcher | Fetched 99 H1 bars for USDJPY
2026-04-29 21:06:07 | INFO     | ayumi.blend_launcher | Fetching 200 M15 bars for USDJPY (id=3)...
2026-04-29 21:06:09 | INFO     | ayumi.blend_launcher | Fetched 199 M15 bars for USDJPY
2026-04-29 21:06:09 | INFO     | ayumi.blend_launcher | Registered 5 strategies: ['SRMR+', 'Killzone Momentum', 'Donchian Channel Breakout', 'Session-Range Mean Reversion', 'BB+RSI Mean Reversion']
2026-04-29 21:06:09 | INFO     | ayumi.blend_launcher | All strategy .name properties verified against maps
2026-04-29 21:06:09 | INFO     | ayumi.risk | Restored risk state from data/risk_state_blend.json
2026-04-29 21:06:09 | INFO     | ayumi.forward_test | BlendForwardTestRunner started — balance=$10000.00
2026-04-29 21:06:09 | INFO     | ayumi.forward_test | Preloaded 99 bars into key 'GBPUSD:60'
2026-04-29 21:06:09 | INFO     | ayumi.blend_launcher | Preloaded 99 H1 bars for GBPUSD
2026-04-29 21:06:09 | INFO     | ayumi.forward_test | Preloaded 199 bars into key 'GBPUSD:15'
2026-04-29 21:06:09 | INFO     | ayumi.blend_launcher | Preloaded 199 M15 bars for GBPUSD
2026-04-29 21:06:09 | INFO     | ayumi.forward_test | Preloaded 99 bars into key 'USDJPY:60'
2026-04-29 21:06:09 | INFO     | ayumi.blend_launcher | Preloaded 99 H1 bars for USDJPY
2026-04-29 21:06:09 | INFO     | ayumi.forward_test | Preloaded 199 bars into key 'USDJPY:15'
2026-04-29 21:06:09 | INFO     | ayumi.blend_launcher | Preloaded 199 M15 bars for USDJPY
2026-04-29 21:06:09 | INFO     | ayumi.blend_launcher | === STARTING MULTI-STRATEGY FORWARD TEST ===
2026-04-29 21:06:09 | INFO     | ayumi.blend_launcher | Pipeline: SRMR+ + Killzone + Momentum + SessionRangeMR → Correlation Gate → Blend Runner → Paper
2026-04-29 21:06:54 | INFO     | ayumi.blend_launcher | Shutdown signal — stopping engine...
2026-04-29 21:06:54 | INFO     | ayumi.risk | Saved risk state to data/risk_state_blend.json
2026-04-29 21:06:54 | INFO     | ayumi.forward_test | BlendForwardTestRunner stopped — balance=$10000.00
2026-04-29 21:06:56 | INFO     | ayumi.blend_launcher | === Ayumi Multi-Strategy Forward Test (Blend Pipeline) ===
2026-04-29 21:06:56 | INFO     | ayumi.blend_launcher | Symbols: ['GBPUSD', 'USDJPY']
2026-04-29 21:06:58 | WARNING  | ayumi.blend_launcher | Could not fetch symbol list from OpenAPI: 'CTraderOpenApiClient' object has no attribute 'get_symbols' — using static mapping
2026-04-29 21:06:58 | INFO     | ayumi.blend_launcher | Fetching 100 H1 bars for GBPUSD (id=2)...
2026-04-29 21:07:00 | INFO     | ayumi.blend_launcher | Fetched 99 H1 bars for GBPUSD
2026-04-29 21:07:00 | INFO     | ayumi.blend_launcher | Fetching 200 M15 bars for GBPUSD (id=2)...
2026-04-29 21:07:02 | INFO     | ayumi.blend_launcher | Fetched 199 M15 bars for GBPUSD
2026-04-29 21:07:02 | INFO     | ayumi.blend_launcher | Fetching 100 H1 bars for USDJPY (id=3)...
2026-04-29 21:07:04 | INFO     | ayumi.blend_launcher | Fetched 99 H1 bars for USDJPY
2026-04-29 21:07:04 | INFO     | ayumi.blend_launcher | Fetching 200 M15 bars for USDJPY (id=3)...
2026-04-29 21:07:06 | INFO     | ayumi.blend_launcher | Fetched 199 M15 bars for USDJPY
2026-04-29 21:07:06 | INFO     | ayumi.blend_launcher | Registered 5 strategies: ['SRMR+', 'Killzone Momentum', 'Donchian Channel Breakout', 'Session-Range Mean Reversion', 'BB+RSI Mean Reversion']
2026-04-29 21:07:06 | INFO     | ayumi.blend_launcher | All strategy .name properties verified against maps
2026-04-29 21:07:06 | INFO     | ayumi.risk | Restored risk state from data/risk_state_blend.json
2026-04-29 21:07:06 | INFO     | ayumi.forward_test | BlendForwardTestRunner started — balance=$10000.00
2026-04-29 21:07:06 | INFO     | ayumi.forward_test | Preloaded 99 bars into key 'GBPUSD:60'
2026-04-29 21:07:06 | INFO     | ayumi.blend_launcher | Preloaded 99 H1 bars for GBPUSD
2026-04-29 21:07:06 | INFO     | ayumi.forward_test | Preloaded 199 bars into key 'GBPUSD:15'
2026-04-29 21:07:06 | INFO     | ayumi.blend_launcher | Preloaded 199 M15 bars for GBPUSD
2026-04-29 21:07:06 | INFO     | ayumi.forward_test | Preloaded 99 bars into key 'USDJPY:60'
2026-04-29 21:07:06 | INFO     | ayumi.blend_launcher | Preloaded 99 H1 bars for USDJPY
2026-04-29 21:07:06 | INFO     | ayumi.forward_test | Preloaded 199 bars into key 'USDJPY:15'
2026-04-29 21:07:06 | INFO     | ayumi.blend_launcher | Preloaded 199 M15 bars for USDJPY
2026-04-29 21:07:06 | INFO     | ayumi.blend_launcher | === STARTING MULTI-STRATEGY FORWARD TEST ===
2026-04-29 21:07:06 | INFO     | ayumi.blend_launcher | Pipeline: SRMR+ + Killzone + Momentum + SessionRangeMR → Correlation Gate → Blend Runner → Paper
2026-04-29 21:07:07 | INFO     | ayumi.openapi_spot_feed | Connected to live.ctraderapi.com:5035
2026-04-29 21:07:08 | INFO     | ayumi.openapi_spot_feed | Account authenticated
2026-04-29 21:07:23 | ERROR    | ayumi.openapi_spot_feed | Symbol list fetch timeout
2026-04-29 21:07:23 | ERROR    | ayumi.forward_test | Failed to start market data feed
2026-04-29 21:07:23 | ERROR    | ayumi.blend_launcher | Engine failed to start — FIX connection likely rejected. Check console output for details.
2026-04-29 21:07:23 | ERROR    | ayumi.blend_launcher | Verify: CTRADER_ACCOUNT, CTRADER_PASSWORD, CTRADER_HOST, CTRADER_READONLY_SSL_PORT in .env
2026-04-29 21:07:23 | INFO     | ayumi.risk | Saved risk state to data/risk_state_blend.json
2026-04-29 21:07:23 | INFO     | ayumi.forward_test | BlendForwardTestRunner stopped — balance=$10000.00
2026-04-29 21:08:00 | INFO     | ayumi.blend_launcher | Shutdown signal — stopping engine...
2026-04-29 21:08:00 | INFO     | ayumi.risk | Saved risk state to data/risk_state_blend.json
2026-04-29 21:08:00 | INFO     | ayumi.forward_test | BlendForwardTestRunner stopped — balance=$10000.00
2026-04-29 21:08:02 | INFO     | ayumi.blend_launcher | === Ayumi Multi-Strategy Forward Test (Blend Pipeline) ===
2026-04-29 21:08:02 | INFO     | ayumi.blend_launcher | Symbols: ['GBPUSD', 'USDJPY']
2026-04-29 21:08:04 | WARNING  | ayumi.blend_launcher | Could not fetch symbol list from OpenAPI: 'CTraderOpenApiClient' object has no attribute 'get_symbols' — using static mapping
2026-04-29 21:08:04 | INFO     | ayumi.blend_launcher | Fetching 100 H1 bars for GBPUSD (id=2)...
2026-04-29 21:08:06 | INFO     | ayumi.blend_launcher | Fetched 99 H1 bars for GBPUSD
2026-04-29 21:08:06 | INFO     | ayumi.blend_launcher | Fetching 200 M15 bars for GBPUSD (id=2)...
2026-04-29 21:08:08 | INFO     | ayumi.blend_launcher | Fetched 199 M15 bars for GBPUSD
2026-04-29 21:08:08 | INFO     | ayumi.blend_launcher | Fetching 100 H1 bars for USDJPY (id=3)...
2026-04-29 21:08:10 | INFO     | ayumi.blend_launcher | Fetched 99 H1 bars for USDJPY
2026-04-29 21:08:10 | INFO     | ayumi.blend_launcher | Fetching 200 M15 bars for USDJPY (id=3)...
2026-04-29 21:08:12 | INFO     | ayumi.blend_launcher | Fetched 199 M15 bars for USDJPY
2026-04-29 21:08:12 | INFO     | ayumi.blend_launcher | Registered 5 strategies: ['SRMR+', 'Killzone Momentum', 'Donchian Channel Breakout', 'Session-Range Mean Reversion', 'BB+RSI Mean Reversion']
2026-04-29 21:08:12 | INFO     | ayumi.blend_launcher | All strategy .name properties verified against maps
2026-04-29 21:08:12 | INFO     | ayumi.risk | Restored risk state from data/risk_state_blend.json
2026-04-29 21:08:12 | INFO     | ayumi.forward_test | BlendForwardTestRunner started — balance=$10000.00
2026-04-29 21:08:12 | INFO     | ayumi.forward_test | Preloaded 99 bars into key 'GBPUSD:60'
2026-04-29 21:08:12 | INFO     | ayumi.blend_launcher | Preloaded 99 H1 bars for GBPUSD
2026-04-29 21:08:12 | INFO     | ayumi.forward_test | Preloaded 199 bars into key 'GBPUSD:15'
2026-04-29 21:08:12 | INFO     | ayumi.blend_launcher | Preloaded 199 M15 bars for GBPUSD
2026-04-29 21:08:12 | INFO     | ayumi.forward_test | Preloaded 99 bars into key 'USDJPY:60'
2026-04-29 21:08:12 | INFO     | ayumi.blend_launcher | Preloaded 99 H1 bars for USDJPY
2026-04-29 21:08:12 | INFO     | ayumi.forward_test | Preloaded 199 bars into key 'USDJPY:15'
2026-04-29 21:08:12 | INFO     | ayumi.blend_launcher | Preloaded 199 M15 bars for USDJPY
2026-04-29 21:08:12 | INFO     | ayumi.blend_launcher | === STARTING MULTI-STRATEGY FORWARD TEST ===
2026-04-29 21:08:12 | INFO     | ayumi.blend_launcher | Pipeline: SRMR+ + Killzone + Momentum + SessionRangeMR → Correlation Gate → Blend Runner → Paper
2026-04-29 21:08:12 | INFO     | ayumi.openapi_spot_feed | Connected to demo.ctraderapi.com:5035
2026-04-29 21:08:14 | INFO     | ayumi.openapi_spot_feed | Account authenticated
2026-04-29 21:08:29 | ERROR    | ayumi.openapi_spot_feed | Symbol list fetch timeout
2026-04-29 21:08:29 | ERROR    | ayumi.forward_test | Failed to start market data feed
2026-04-29 21:08:29 | ERROR    | ayumi.blend_launcher | Engine failed to start — FIX connection likely rejected. Check console output for details.
2026-04-29 21:08:29 | ERROR    | ayumi.blend_launcher | Verify: CTRADER_ACCOUNT, CTRADER_PASSWORD, CTRADER_HOST, CTRADER_READONLY_SSL_PORT in .env
2026-04-29 21:08:29 | INFO     | ayumi.risk | Saved risk state to data/risk_state_blend.json
2026-04-29 21:08:29 | INFO     | ayumi.forward_test | BlendForwardTestRunner stopped — balance=$10000.00
2026-04-29 21:09:55 | INFO     | ayumi.blend_launcher | Shutdown signal — stopping engine...
2026-04-29 21:09:55 | INFO     | ayumi.risk | Saved risk state to data/risk_state_blend.json
2026-04-29 21:09:55 | INFO     | ayumi.forward_test | BlendForwardTestRunner stopped — balance=$10000.00
2026-04-29 21:09:57 | INFO     | ayumi.blend_launcher | === Ayumi Multi-Strategy Forward Test (Blend Pipeline) ===
2026-04-29 21:09:57 | INFO     | ayumi.blend_launcher | Symbols: ['GBPUSD', 'USDJPY']
2026-04-29 21:09:59 | WARNING  | ayumi.blend_launcher | Could not fetch symbol list from OpenAPI: 'CTraderOpenApiClient' object has no attribute 'get_symbols' — using static mapping
2026-04-29 21:09:59 | INFO     | ayumi.blend_launcher | Fetching 100 H1 bars for GBPUSD (id=2)...
2026-04-29 21:10:01 | INFO     | ayumi.blend_launcher | Fetched 99 H1 bars for GBPUSD
2026-04-29 21:10:01 | INFO     | ayumi.blend_launcher | Fetching 200 M15 bars for GBPUSD (id=2)...
2026-04-29 21:10:03 | INFO     | ayumi.blend_launcher | Fetched 199 M15 bars for GBPUSD
2026-04-29 21:10:03 | INFO     | ayumi.blend_launcher | Fetching 100 H1 bars for USDJPY (id=3)...
2026-04-29 21:10:05 | INFO     | ayumi.blend_launcher | Fetched 99 H1 bars for USDJPY
2026-04-29 21:10:05 | INFO     | ayumi.blend_launcher | Fetching 200 M15 bars for USDJPY (id=3)...
2026-04-29 21:10:07 | INFO     | ayumi.blend_launcher | Fetched 199 M15 bars for USDJPY
2026-04-29 21:10:07 | INFO     | ayumi.blend_launcher | Registered 5 strategies: ['SRMR+', 'Killzone Momentum', 'Donchian Channel Breakout', 'Session-Range Mean Reversion', 'BB+RSI Mean Reversion']
2026-04-29 21:10:07 | INFO     | ayumi.blend_launcher | All strategy .name properties verified against maps
2026-04-29 21:10:07 | INFO     | ayumi.risk | Restored risk state from data/risk_state_blend.json
2026-04-29 21:10:07 | INFO     | ayumi.forward_test | BlendForwardTestRunner started — balance=$10000.00
2026-04-29 21:10:07 | INFO     | ayumi.forward_test | Preloaded 99 bars into key 'GBPUSD:60'
2026-04-29 21:10:07 | INFO     | ayumi.blend_launcher | Preloaded 99 H1 bars for GBPUSD
2026-04-29 21:10:07 | INFO     | ayumi.forward_test | Preloaded 199 bars into key 'GBPUSD:15'
2026-04-29 21:10:07 | INFO     | ayumi.blend_launcher | Preloaded 199 M15 bars for GBPUSD
2026-04-29 21:10:07 | INFO     | ayumi.forward_test | Preloaded 99 bars into key 'USDJPY:60'
2026-04-29 21:10:07 | INFO     | ayumi.blend_launcher | Preloaded 99 H1 bars for USDJPY
2026-04-29 21:10:07 | INFO     | ayumi.forward_test | Preloaded 199 bars into key 'USDJPY:15'
2026-04-29 21:10:07 | INFO     | ayumi.blend_launcher | Preloaded 199 M15 bars for USDJPY
2026-04-29 21:10:07 | INFO     | ayumi.blend_launcher | === STARTING MULTI-STRATEGY FORWARD TEST ===
2026-04-29 21:10:07 | INFO     | ayumi.blend_launcher | Pipeline: SRMR+ + Killzone + Momentum + SessionRangeMR → Correlation Gate → Blend Runner → Paper
2026-04-29 21:10:08 | INFO     | ayumi.openapi_spot_feed | Connected to demo.ctraderapi.com:5035
2026-04-29 21:10:09 | INFO     | ayumi.openapi_spot_feed | Account authenticated
2026-04-29 21:10:09 | INFO     | ayumi.openapi_spot_feed | Requesting symbol list for account 46877902
2026-04-29 21:10:24 | ERROR    | ayumi.openapi_spot_feed | Symbol list fetch timeout
2026-04-29 21:10:24 | ERROR    | ayumi.forward_test | Failed to start market data feed
2026-04-29 21:10:24 | ERROR    | ayumi.blend_launcher | Engine failed to start — FIX connection likely rejected. Check console output for details.
2026-04-29 21:10:24 | ERROR    | ayumi.blend_launcher | Verify: CTRADER_ACCOUNT, CTRADER_PASSWORD, CTRADER_HOST, CTRADER_READONLY_SSL_PORT in .env
2026-04-29 21:10:24 | INFO     | ayumi.risk | Saved risk state to data/risk_state_blend.json
2026-04-29 21:10:24 | INFO     | ayumi.forward_test | BlendForwardTestRunner stopped — balance=$10000.00
2026-04-29 21:13:38 | INFO     | ayumi.blend_launcher | Shutdown signal — stopping engine...
2026-04-29 21:13:38 | INFO     | ayumi.risk | Saved risk state to data/risk_state_blend.json
2026-04-29 21:13:38 | INFO     | ayumi.forward_test | BlendForwardTestRunner stopped — balance=$10000.00
2026-04-29 21:13:41 | INFO     | ayumi.blend_launcher | === Ayumi Multi-Strategy Forward Test (Blend Pipeline) ===
2026-04-29 21:13:41 | INFO     | ayumi.blend_launcher | Symbols: ['GBPUSD', 'USDJPY']
2026-04-29 21:13:43 | WARNING  | ayumi.blend_launcher | Could not fetch symbol list from OpenAPI: 'CTraderOpenApiClient' object has no attribute 'get_symbols' — using static mapping
2026-04-29 21:13:43 | INFO     | ayumi.blend_launcher | Fetching 100 H1 bars for GBPUSD (id=2)...
2026-04-29 21:13:45 | INFO     | ayumi.blend_launcher | Fetched 99 H1 bars for GBPUSD
2026-04-29 21:13:45 | INFO     | ayumi.blend_launcher | Fetching 200 M15 bars for GBPUSD (id=2)...
2026-04-29 21:13:47 | INFO     | ayumi.blend_launcher | Fetched 199 M15 bars for GBPUSD
2026-04-29 21:13:47 | INFO     | ayumi.blend_launcher | Fetching 100 H1 bars for USDJPY (id=3)...
2026-04-29 21:13:49 | INFO     | ayumi.blend_launcher | Fetched 99 H1 bars for USDJPY
2026-04-29 21:13:49 | INFO     | ayumi.blend_launcher | Fetching 200 M15 bars for USDJPY (id=3)...
2026-04-29 21:13:51 | INFO     | ayumi.blend_launcher | Fetched 199 M15 bars for USDJPY
2026-04-29 21:13:51 | INFO     | ayumi.blend_launcher | Registered 5 strategies: ['SRMR+', 'Killzone Momentum', 'Donchian Channel Breakout', 'Session-Range Mean Reversion', 'BB+RSI Mean Reversion']
2026-04-29 21:13:51 | INFO     | ayumi.blend_launcher | All strategy .name properties verified against maps
2026-04-29 21:13:51 | INFO     | ayumi.risk | Restored risk state from data/risk_state_blend.json
2026-04-29 21:13:51 | INFO     | ayumi.forward_test | BlendForwardTestRunner started — balance=$10000.00
2026-04-29 21:13:51 | INFO     | ayumi.forward_test | Preloaded 99 bars into key 'GBPUSD:60'
2026-04-29 21:13:51 | INFO     | ayumi.blend_launcher | Preloaded 99 H1 bars for GBPUSD
2026-04-29 21:13:51 | INFO     | ayumi.forward_test | Preloaded 199 bars into key 'GBPUSD:15'
2026-04-29 21:13:51 | INFO     | ayumi.blend_launcher | Preloaded 199 M15 bars for GBPUSD
2026-04-29 21:13:51 | INFO     | ayumi.forward_test | Preloaded 99 bars into key 'USDJPY:60'
2026-04-29 21:13:51 | INFO     | ayumi.blend_launcher | Preloaded 99 H1 bars for USDJPY
2026-04-29 21:13:51 | INFO     | ayumi.forward_test | Preloaded 199 bars into key 'USDJPY:15'
2026-04-29 21:13:51 | INFO     | ayumi.blend_launcher | Preloaded 199 M15 bars for USDJPY
2026-04-29 21:13:51 | INFO     | ayumi.blend_launcher | === STARTING MULTI-STRATEGY FORWARD TEST ===
2026-04-29 21:13:51 | INFO     | ayumi.blend_launcher | Pipeline: SRMR+ + Killzone + Momentum + SessionRangeMR → Correlation Gate → Blend Runner → Paper
2026-04-29 21:13:51 | INFO     | ayumi.openapi_spot_feed | Connected to demo.ctraderapi.com:5035
2026-04-29 21:13:52 | INFO     | ayumi.openapi_spot_feed | Account authenticated
2026-04-29 21:13:52 | INFO     | ayumi.openapi_spot_feed | Requesting symbol list for account 46877902
2026-04-29 21:14:07 | ERROR    | ayumi.openapi_spot_feed | Symbol list fetch timeout
2026-04-29 21:14:07 | WARNING  | ayumi.openapi_spot_feed | Symbol list fetch failed, using static fallback
2026-04-29 21:14:07 | INFO     | ayumi.openapi_spot_feed | Loaded 3 symbols from static fallback
2026-04-29 21:14:07 | INFO     | ayumi.openapi_spot_feed | Subscribed to spot events for symbol_id=2
2026-04-29 21:14:07 | INFO     | ayumi.openapi_spot_feed | Subscribed to spot events for symbol_id=3
2026-04-29 21:14:07 | INFO     | ayumi.openapi_spot_feed | OpenApiSpotFeed started: account=46877902 symbols_loaded=3
2026-04-29 21:14:07 | INFO     | ayumi.forward_test | Open API spot feed connected for ['GBPUSD', 'USDJPY']
2026-04-29 21:14:07 | INFO     | ayumi.forward_test | Forward test started: symbols=['GBPUSD', 'USDJPY'] strategies=['SRMR+', 'Killzone Momentum', 'Donchian Channel Breakout', 'Session-Range Mean Reversion', 'BB+RSI Mean Reversion'] mode=PAPER eval_interval=1.0s bar_period=60m
2026-04-29 21:16:13 | INFO     | ayumi.forward_test | Shutdown signal received (sig=15)
2026-04-29 21:16:13 | INFO     | ayumi.openapi_spot_feed | Unsubscribed from spot events for symbol_id=2
2026-04-29 21:16:13 | INFO     | ayumi.openapi_spot_feed | Unsubscribed from spot events for symbol_id=3
2026-04-29 21:16:13 | INFO     | ayumi.openapi_spot_feed | OpenApiSpotFeed stopped
2026-04-29 21:16:13 | INFO     | ayumi.forward_test | Forward test stopped: balance=10000.00 trades=0 pnl=0.00 errors=0 reconnects=0
2026-04-29 21:16:13 | WARNING  | ayumi.openapi_spot_feed | Disconnected: [Failure instance: Traceback (failure with no frames): <class 'twisted.internet.error.ConnectionDone'>: Connection was closed cleanly.
]
2026-04-29 21:16:25 | INFO     | ayumi.blend_launcher | === Ayumi Multi-Strategy Forward Test (Blend Pipeline) ===
2026-04-29 21:16:25 | INFO     | ayumi.blend_launcher | Symbols: ['GBPUSD', 'USDJPY']
2026-04-29 21:16:28 | WARNING  | ayumi.blend_launcher | Could not fetch symbol list from OpenAPI: 'CTraderOpenApiClient' object has no attribute 'get_symbols' — using static mapping
2026-04-29 21:16:28 | INFO     | ayumi.blend_launcher | Fetching 100 H1 bars for GBPUSD (id=2)...
2026-04-29 21:16:30 | INFO     | ayumi.blend_launcher | Fetched 99 H1 bars for GBPUSD
2026-04-29 21:16:30 | INFO     | ayumi.blend_launcher | Fetching 200 M15 bars for GBPUSD (id=2)...
2026-04-29 21:16:32 | INFO     | ayumi.blend_launcher | Fetched 199 M15 bars for GBPUSD
2026-04-29 21:16:32 | INFO     | ayumi.blend_launcher | Fetching 100 H1 bars for USDJPY (id=3)...
2026-04-29 21:16:34 | INFO     | ayumi.blend_launcher | Fetched 99 H1 bars for USDJPY
2026-04-29 21:16:34 | INFO     | ayumi.blend_launcher | Fetching 200 M15 bars for USDJPY (id=3)...
2026-04-29 21:16:36 | INFO     | ayumi.blend_launcher | Fetched 199 M15 bars for USDJPY
2026-04-29 21:16:36 | INFO     | ayumi.blend_launcher | Registered 5 strategies: ['SRMR+', 'Killzone Momentum', 'Donchian Channel Breakout', 'Session-Range Mean Reversion', 'BB+RSI Mean Reversion']
2026-04-29 21:16:36 | INFO     | ayumi.blend_launcher | All strategy .name properties verified against maps
2026-04-29 21:16:36 | INFO     | ayumi.risk | Restored risk state from data/risk_state_blend.json
2026-04-29 21:16:36 | INFO     | ayumi.forward_test | BlendForwardTestRunner started — balance=$10000.00
2026-04-29 21:16:36 | INFO     | ayumi.forward_test | Preloaded 99 bars into key 'GBPUSD:60'
2026-04-29 21:16:36 | INFO     | ayumi.blend_launcher | Preloaded 99 H1 bars for GBPUSD
2026-04-29 21:16:36 | INFO     | ayumi.forward_test | Preloaded 199 bars into key 'GBPUSD:15'
2026-04-29 21:16:36 | INFO     | ayumi.blend_launcher | Preloaded 199 M15 bars for GBPUSD
2026-04-29 21:16:36 | INFO     | ayumi.forward_test | Preloaded 99 bars into key 'USDJPY:60'
2026-04-29 21:16:36 | INFO     | ayumi.blend_launcher | Preloaded 99 H1 bars for USDJPY
2026-04-29 21:16:36 | INFO     | ayumi.forward_test | Preloaded 199 bars into key 'USDJPY:15'
2026-04-29 21:16:36 | INFO     | ayumi.blend_launcher | Preloaded 199 M15 bars for USDJPY
2026-04-29 21:16:36 | INFO     | ayumi.blend_launcher | === STARTING MULTI-STRATEGY FORWARD TEST ===
2026-04-29 21:16:36 | INFO     | ayumi.blend_launcher | Pipeline: SRMR+ + Killzone + Momentum + SessionRangeMR → Correlation Gate → Blend Runner → Paper
2026-04-29 21:16:36 | INFO     | ayumi.openapi_spot_feed | Connected to demo.ctraderapi.com:5035
2026-04-29 21:16:37 | INFO     | ayumi.openapi_spot_feed | Account authenticated
2026-04-29 21:16:37 | INFO     | ayumi.openapi_spot_feed | Requesting symbol list for account 46877902
2026-04-29 21:16:52 | ERROR    | ayumi.openapi_spot_feed | Symbol list fetch timeout
2026-04-29 21:16:52 | WARNING  | ayumi.openapi_spot_feed | Symbol list fetch failed, using static fallback
2026-04-29 21:16:52 | INFO     | ayumi.openapi_spot_feed | Loaded 3 symbols from static fallback
2026-04-29 21:16:52 | INFO     | ayumi.openapi_spot_feed | Subscribed to spot events for symbol_id=2
2026-04-29 21:16:52 | INFO     | ayumi.openapi_spot_feed | Subscribed to spot events for symbol_id=3
2026-04-29 21:16:52 | INFO     | ayumi.openapi_spot_feed | OpenApiSpotFeed started: account=46877902 symbols_loaded=3
2026-04-29 21:16:52 | INFO     | ayumi.forward_test | Open API spot feed connected for ['GBPUSD', 'USDJPY']
2026-04-29 21:16:52 | INFO     | ayumi.forward_test | Forward test started: symbols=['GBPUSD', 'USDJPY'] strategies=['SRMR+', 'Killzone Momentum', 'Donchian Channel Breakout', 'Session-Range Mean Reversion', 'BB+RSI Mean Reversion'] mode=PAPER eval_interval=1.0s bar_period=60m
2026-04-29 21:19:27 | INFO     | ayumi.forward_test | Shutdown signal received (sig=15)
2026-04-29 21:19:27 | INFO     | ayumi.openapi_spot_feed | Unsubscribed from spot events for symbol_id=2
2026-04-29 21:19:27 | INFO     | ayumi.openapi_spot_feed | Unsubscribed from spot events for symbol_id=3
2026-04-29 21:19:27 | INFO     | ayumi.openapi_spot_feed | OpenApiSpotFeed stopped
2026-04-29 21:19:27 | INFO     | ayumi.forward_test | Forward test stopped: balance=10000.00 trades=0 pnl=0.00 errors=0 reconnects=0
2026-04-29 21:19:27 | WARNING  | ayumi.openapi_spot_feed | Disconnected: [Failure instance: Traceback (failure with no frames): <class 'twisted.internet.error.ConnectionDone'>: Connection was closed cleanly.
]
2026-04-29 21:19:39 | INFO     | ayumi.blend_launcher | === Ayumi Multi-Strategy Forward Test (Blend Pipeline) ===
2026-04-29 21:19:39 | INFO     | ayumi.blend_launcher | Symbols: ['GBPUSD', 'USDJPY']
2026-04-29 21:19:41 | WARNING  | ayumi.blend_launcher | Could not fetch symbol list from OpenAPI: 'CTraderOpenApiClient' object has no attribute 'get_symbols' — using static mapping
2026-04-29 21:19:41 | INFO     | ayumi.blend_launcher | Fetching 100 H1 bars for GBPUSD (id=2)...
2026-04-29 21:19:43 | INFO     | ayumi.blend_launcher | Fetched 99 H1 bars for GBPUSD
2026-04-29 21:19:43 | INFO     | ayumi.blend_launcher | Fetching 200 M15 bars for GBPUSD (id=2)...
2026-04-29 21:19:45 | INFO     | ayumi.blend_launcher | Fetched 199 M15 bars for GBPUSD
2026-04-29 21:19:45 | INFO     | ayumi.blend_launcher | Fetching 100 H1 bars for USDJPY (id=3)...
2026-04-29 21:19:47 | INFO     | ayumi.blend_launcher | Fetched 99 H1 bars for USDJPY
2026-04-29 21:19:47 | INFO     | ayumi.blend_launcher | Fetching 200 M15 bars for USDJPY (id=3)...
2026-04-29 21:19:49 | INFO     | ayumi.blend_launcher | Fetched 199 M15 bars for USDJPY
2026-04-29 21:19:49 | INFO     | ayumi.blend_launcher | Registered 5 strategies: ['SRMR+', 'Killzone Momentum', 'Donchian Channel Breakout', 'Session-Range Mean Reversion', 'BB+RSI Mean Reversion']
2026-04-29 21:19:49 | INFO     | ayumi.blend_launcher | All strategy .name properties verified against maps
2026-04-29 21:19:49 | INFO     | ayumi.risk | Restored risk state from data/risk_state_blend.json
2026-04-29 21:19:49 | INFO     | ayumi.forward_test | BlendForwardTestRunner started — balance=$10000.00
2026-04-29 21:19:49 | INFO     | ayumi.forward_test | Preloaded 99 bars into key 'GBPUSD:60'
2026-04-29 21:19:49 | INFO     | ayumi.blend_launcher | Preloaded 99 H1 bars for GBPUSD
2026-04-29 21:19:49 | INFO     | ayumi.forward_test | Preloaded 199 bars into key 'GBPUSD:15'
2026-04-29 21:19:49 | INFO     | ayumi.blend_launcher | Preloaded 199 M15 bars for GBPUSD
2026-04-29 21:19:49 | INFO     | ayumi.forward_test | Preloaded 99 bars into key 'USDJPY:60'
2026-04-29 21:19:49 | INFO     | ayumi.blend_launcher | Preloaded 99 H1 bars for USDJPY
2026-04-29 21:19:49 | INFO     | ayumi.forward_test | Preloaded 199 bars into key 'USDJPY:15'
2026-04-29 21:19:49 | INFO     | ayumi.blend_launcher | Preloaded 199 M15 bars for USDJPY
2026-04-29 21:19:49 | INFO     | ayumi.blend_launcher | === STARTING MULTI-STRATEGY FORWARD TEST ===
2026-04-29 21:19:49 | INFO     | ayumi.blend_launcher | Pipeline: SRMR+ + Killzone + Momentum + SessionRangeMR → Correlation Gate → Blend Runner → Paper
2026-04-29 21:19:49 | INFO     | ayumi.openapi_spot_feed | Connected to demo.ctraderapi.com:5035
2026-04-29 21:19:50 | INFO     | ayumi.openapi_spot_feed | Account authenticated
2026-04-29 21:19:50 | INFO     | ayumi.openapi_spot_feed | Loaded 3 symbols from static fallback
2026-04-29 21:19:50 | INFO     | ayumi.openapi_spot_feed | Subscribed to spot events for symbol_id=2
2026-04-29 21:19:50 | INFO     | ayumi.openapi_spot_feed | Subscribed to spot events for symbol_id=3
2026-04-29 21:19:50 | INFO     | ayumi.openapi_spot_feed | OpenApiSpotFeed started: account=46877902 symbols_loaded=3
2026-04-29 21:19:50 | INFO     | ayumi.forward_test | Open API spot feed connected for ['GBPUSD', 'USDJPY']
2026-04-29 21:19:50 | INFO     | ayumi.forward_test | Forward test started: symbols=['GBPUSD', 'USDJPY'] strategies=['SRMR+', 'Killzone Momentum', 'Donchian Channel Breakout', 'Session-Range Mean Reversion', 'BB+RSI Mean Reversion'] mode=PAPER eval_interval=1.0s bar_period=60m
2026-04-29 21:27:32 | INFO     | ayumi.forward_test | Shutdown signal received (sig=15)
2026-04-29 21:27:32 | INFO     | ayumi.openapi_spot_feed | Unsubscribed from spot events for symbol_id=2
2026-04-29 21:27:32 | INFO     | ayumi.openapi_spot_feed | Unsubscribed from spot events for symbol_id=3
2026-04-29 21:27:32 | INFO     | ayumi.openapi_spot_feed | OpenApiSpotFeed stopped
2026-04-29 21:27:32 | INFO     | ayumi.forward_test | Forward test stopped: balance=10000.00 trades=0 pnl=0.00 errors=0 reconnects=0
2026-04-29 21:27:32 | WARNING  | ayumi.openapi_spot_feed | Disconnected: [Failure instance: Traceback (failure with no frames): <class 'twisted.internet.error.ConnectionDone'>: Connection was closed cleanly.
]
2026-04-29 21:27:44 | INFO     | ayumi.blend_launcher | === Ayumi Multi-Strategy Forward Test (Blend Pipeline) ===
2026-04-29 21:27:44 | INFO     | ayumi.blend_launcher | Symbols: ['GBPUSD', 'USDJPY']
2026-04-29 21:27:47 | WARNING  | ayumi.blend_launcher | Could not fetch symbol list from OpenAPI: 'CTraderOpenApiClient' object has no attribute 'get_symbols' — using static mapping
2026-04-29 21:27:47 | INFO     | ayumi.blend_launcher | Fetching 100 H1 bars for GBPUSD (id=2)...
2026-04-29 21:27:49 | INFO     | ayumi.blend_launcher | Fetched 99 H1 bars for GBPUSD
2026-04-29 21:27:49 | INFO     | ayumi.blend_launcher | Fetching 200 M15 bars for GBPUSD (id=2)...
2026-04-29 21:27:51 | INFO     | ayumi.blend_launcher | Fetched 199 M15 bars for GBPUSD
2026-04-29 21:27:51 | INFO     | ayumi.blend_launcher | Fetching 100 H1 bars for USDJPY (id=3)...
2026-04-29 21:27:53 | INFO     | ayumi.blend_launcher | Fetched 99 H1 bars for USDJPY
2026-04-29 21:27:53 | INFO     | ayumi.blend_launcher | Fetching 200 M15 bars for USDJPY (id=3)...
2026-04-29 21:27:55 | INFO     | ayumi.blend_launcher | Fetched 199 M15 bars for USDJPY
2026-04-29 21:27:55 | INFO     | ayumi.blend_launcher | Registered 5 strategies: ['SRMR+', 'Killzone Momentum', 'Donchian Channel Breakout', 'Session-Range Mean Reversion', 'BB+RSI Mean Reversion']
2026-04-29 21:27:55 | INFO     | ayumi.blend_launcher | All strategy .name properties verified against maps
2026-04-29 21:27:55 | INFO     | ayumi.risk | Restored risk state from data/risk_state_blend.json
2026-04-29 21:27:55 | INFO     | ayumi.forward_test | BlendForwardTestRunner started — balance=$10000.00
2026-04-29 21:27:55 | INFO     | ayumi.forward_test | Preloaded 99 bars into key 'GBPUSD:60'
2026-04-29 21:27:55 | INFO     | ayumi.blend_launcher | Preloaded 99 H1 bars for GBPUSD
2026-04-29 21:27:55 | INFO     | ayumi.forward_test | Preloaded 199 bars into key 'GBPUSD:15'
2026-04-29 21:27:55 | INFO     | ayumi.blend_launcher | Preloaded 199 M15 bars for GBPUSD
2026-04-29 21:27:55 | INFO     | ayumi.forward_test | Preloaded 99 bars into key 'USDJPY:60'
2026-04-29 21:27:55 | INFO     | ayumi.blend_launcher | Preloaded 99 H1 bars for USDJPY
2026-04-29 21:27:55 | INFO     | ayumi.forward_test | Preloaded 199 bars into key 'USDJPY:15'
2026-04-29 21:27:55 | INFO     | ayumi.blend_launcher | Preloaded 199 M15 bars for USDJPY
2026-04-29 21:27:55 | INFO     | ayumi.blend_launcher | === STARTING MULTI-STRATEGY FORWARD TEST ===
2026-04-29 21:27:55 | INFO     | ayumi.blend_launcher | Pipeline: SRMR+ + Killzone + Momentum + SessionRangeMR → Correlation Gate → Blend Runner → Paper
2026-04-29 21:27:55 | INFO     | ayumi.openapi_spot_feed | Connected to demo.ctraderapi.com:5035
2026-04-29 21:27:56 | INFO     | ayumi.openapi_spot_feed | Account authenticated
2026-04-29 21:27:56 | INFO     | ayumi.openapi_spot_feed | Loaded 3 symbols from static fallback
2026-04-29 21:27:56 | INFO     | ayumi.openapi_spot_feed | Subscribed to spot events for symbol_id=2
2026-04-29 21:27:56 | INFO     | ayumi.openapi_spot_feed | Subscribed to spot events for symbol_id=3
2026-04-29 21:27:56 | INFO     | ayumi.openapi_spot_feed | OpenApiSpotFeed started: account=46877902 symbols_loaded=3
2026-04-29 21:27:56 | INFO     | ayumi.forward_test | Open API spot feed connected for ['GBPUSD', 'USDJPY']
2026-04-29 21:27:56 | INFO     | ayumi.forward_test | Forward test started: symbols=['GBPUSD', 'USDJPY'] strategies=['SRMR+', 'Killzone Momentum', 'Donchian Channel Breakout', 'Session-Range Mean Reversion', 'BB+RSI Mean Reversion'] mode=PAPER eval_interval=1.0s bar_period=60m
2026-04-29 21:27:57 | ERROR    | ayumi.openapi_spot_feed | API error: INVALID_REQUEST — Trading account is not authorized
2026-04-29 21:27:57 | ERROR    | ayumi.openapi_spot_feed | API error: INVALID_REQUEST — Trading account is not authorized
2026-04-29 21:29:35 | INFO     | ayumi.forward_test | Shutdown signal received (sig=15)
2026-04-29 21:29:35 | INFO     | ayumi.openapi_spot_feed | Unsubscribed from spot events for symbol_id=2
2026-04-29 21:29:35 | INFO     | ayumi.openapi_spot_feed | Unsubscribed from spot events for symbol_id=3
2026-04-29 21:29:35 | INFO     | ayumi.openapi_spot_feed | OpenApiSpotFeed stopped
2026-04-29 21:29:35 | INFO     | ayumi.forward_test | Forward test stopped: balance=10000.00 trades=0 pnl=0.00 errors=0 reconnects=0
2026-04-29 21:29:36 | WARNING  | ayumi.openapi_spot_feed | Disconnected: [Failure instance: Traceback (failure with no frames): <class 'twisted.internet.error.ConnectionDone'>: Connection was closed cleanly.
]
2026-04-29 21:29:48 | INFO     | ayumi.blend_launcher | === Ayumi Multi-Strategy Forward Test (Blend Pipeline) ===
2026-04-29 21:29:48 | INFO     | ayumi.blend_launcher | Symbols: ['GBPUSD', 'USDJPY']
2026-04-29 21:29:50 | WARNING  | ayumi.blend_launcher | Could not fetch symbol list from OpenAPI: 'CTraderOpenApiClient' object has no attribute 'get_symbols' — using static mapping
2026-04-29 21:29:50 | INFO     | ayumi.blend_launcher | Fetching 100 H1 bars for GBPUSD (id=2)...
2026-04-29 21:29:52 | INFO     | ayumi.blend_launcher | Fetched 99 H1 bars for GBPUSD
2026-04-29 21:29:52 | INFO     | ayumi.blend_launcher | Fetching 200 M15 bars for GBPUSD (id=2)...
2026-04-29 21:29:54 | INFO     | ayumi.blend_launcher | Fetched 199 M15 bars for GBPUSD
2026-04-29 21:29:54 | INFO     | ayumi.blend_launcher | Fetching 100 H1 bars for USDJPY (id=3)...
2026-04-29 21:29:56 | INFO     | ayumi.blend_launcher | Fetched 99 H1 bars for USDJPY
2026-04-29 21:29:56 | INFO     | ayumi.blend_launcher | Fetching 200 M15 bars for USDJPY (id=3)...
2026-04-29 21:29:58 | INFO     | ayumi.blend_launcher | Fetched 199 M15 bars for USDJPY
2026-04-29 21:29:58 | INFO     | ayumi.blend_launcher | Registered 5 strategies: ['SRMR+', 'Killzone Momentum', 'Donchian Channel Breakout', 'Session-Range Mean Reversion', 'BB+RSI Mean Reversion']
2026-04-29 21:29:58 | INFO     | ayumi.blend_launcher | All strategy .name properties verified against maps
2026-04-29 21:29:58 | INFO     | ayumi.risk | Restored risk state from data/risk_state_blend.json
2026-04-29 21:29:58 | INFO     | ayumi.forward_test | BlendForwardTestRunner started — balance=$10000.00
2026-04-29 21:29:58 | INFO     | ayumi.forward_test | Preloaded 99 bars into key 'GBPUSD:60'
2026-04-29 21:29:58 | INFO     | ayumi.blend_launcher | Preloaded 99 H1 bars for GBPUSD
2026-04-29 21:29:58 | INFO     | ayumi.forward_test | Preloaded 199 bars into key 'GBPUSD:15'
2026-04-29 21:29:58 | INFO     | ayumi.blend_launcher | Preloaded 199 M15 bars for GBPUSD
2026-04-29 21:29:58 | INFO     | ayumi.forward_test | Preloaded 99 bars into key 'USDJPY:60'
2026-04-29 21:29:58 | INFO     | ayumi.blend_launcher | Preloaded 99 H1 bars for USDJPY
2026-04-29 21:29:58 | INFO     | ayumi.forward_test | Preloaded 199 bars into key 'USDJPY:15'
2026-04-29 21:29:58 | INFO     | ayumi.blend_launcher | Preloaded 199 M15 bars for USDJPY
2026-04-29 21:29:58 | INFO     | ayumi.blend_launcher | === STARTING MULTI-STRATEGY FORWARD TEST ===
2026-04-29 21:29:58 | INFO     | ayumi.blend_launcher | Pipeline: SRMR+ + Killzone + Momentum + SessionRangeMR → Correlation Gate → Blend Runner → Paper
2026-04-29 21:29:58 | INFO     | ayumi.openapi_spot_feed | Connected to demo.ctraderapi.com:5035
2026-04-29 21:29:59 | INFO     | ayumi.openapi_spot_feed | Account authenticated
2026-04-29 21:30:08 | ERROR    | ayumi.openapi_spot_feed | Application auth timeout
2026-04-29 21:30:08 | ERROR    | ayumi.forward_test | Failed to start market data feed
2026-04-29 21:30:08 | ERROR    | ayumi.blend_launcher | Engine failed to start — FIX connection likely rejected. Check console output for details.
2026-04-29 21:30:08 | ERROR    | ayumi.blend_launcher | Verify: CTRADER_ACCOUNT, CTRADER_PASSWORD, CTRADER_HOST, CTRADER_READONLY_SSL_PORT in .env
2026-04-29 21:30:08 | INFO     | ayumi.risk | Saved risk state to data/risk_state_blend.json
2026-04-29 21:30:08 | INFO     | ayumi.forward_test | BlendForwardTestRunner stopped — balance=$10000.00
2026-04-29 21:31:02 | INFO     | ayumi.blend_launcher | Shutdown signal — stopping engine...
2026-04-29 21:31:02 | INFO     | ayumi.risk | Saved risk state to data/risk_state_blend.json
2026-04-29 21:31:02 | INFO     | ayumi.forward_test | BlendForwardTestRunner stopped — balance=$10000.00
2026-04-29 21:31:04 | INFO     | ayumi.blend_launcher | === Ayumi Multi-Strategy Forward Test (Blend Pipeline) ===
2026-04-29 21:31:04 | INFO     | ayumi.blend_launcher | Symbols: ['GBPUSD', 'USDJPY']
2026-04-29 21:31:07 | WARNING  | ayumi.blend_launcher | Could not fetch symbol list from OpenAPI: 'CTraderOpenApiClient' object has no attribute 'get_symbols' — using static mapping
2026-04-29 21:31:07 | INFO     | ayumi.blend_launcher | Fetching 100 H1 bars for GBPUSD (id=2)...
2026-04-29 21:31:09 | INFO     | ayumi.blend_launcher | Fetched 99 H1 bars for GBPUSD
2026-04-29 21:31:09 | INFO     | ayumi.blend_launcher | Fetching 200 M15 bars for GBPUSD (id=2)...
2026-04-29 21:31:11 | INFO     | ayumi.blend_launcher | Fetched 199 M15 bars for GBPUSD
2026-04-29 21:31:11 | INFO     | ayumi.blend_launcher | Fetching 100 H1 bars for USDJPY (id=3)...
2026-04-29 21:31:13 | INFO     | ayumi.blend_launcher | Fetched 99 H1 bars for USDJPY
2026-04-29 21:31:13 | INFO     | ayumi.blend_launcher | Fetching 200 M15 bars for USDJPY (id=3)...
2026-04-29 21:31:15 | INFO     | ayumi.blend_launcher | Fetched 199 M15 bars for USDJPY
2026-04-29 21:31:15 | INFO     | ayumi.blend_launcher | Registered 5 strategies: ['SRMR+', 'Killzone Momentum', 'Donchian Channel Breakout', 'Session-Range Mean Reversion', 'BB+RSI Mean Reversion']
2026-04-29 21:31:15 | INFO     | ayumi.blend_launcher | All strategy .name properties verified against maps
2026-04-29 21:31:15 | INFO     | ayumi.risk | Restored risk state from data/risk_state_blend.json
2026-04-29 21:31:15 | INFO     | ayumi.forward_test | BlendForwardTestRunner started — balance=$10000.00
2026-04-29 21:31:15 | INFO     | ayumi.forward_test | Preloaded 99 bars into key 'GBPUSD:60'
2026-04-29 21:31:15 | INFO     | ayumi.blend_launcher | Preloaded 99 H1 bars for GBPUSD
2026-04-29 21:31:15 | INFO     | ayumi.forward_test | Preloaded 199 bars into key 'GBPUSD:15'
2026-04-29 21:31:15 | INFO     | ayumi.blend_launcher | Preloaded 199 M15 bars for GBPUSD
2026-04-29 21:31:15 | INFO     | ayumi.forward_test | Preloaded 99 bars into key 'USDJPY:60'
2026-04-29 21:31:15 | INFO     | ayumi.blend_launcher | Preloaded 99 H1 bars for USDJPY
2026-04-29 21:31:15 | INFO     | ayumi.forward_test | Preloaded 199 bars into key 'USDJPY:15'
2026-04-29 21:31:15 | INFO     | ayumi.blend_launcher | Preloaded 199 M15 bars for USDJPY
2026-04-29 21:31:15 | INFO     | ayumi.blend_launcher | === STARTING MULTI-STRATEGY FORWARD TEST ===
2026-04-29 21:31:15 | INFO     | ayumi.blend_launcher | Pipeline: SRMR+ + Killzone + Momentum + SessionRangeMR → Correlation Gate → Blend Runner → Paper
2026-04-29 21:31:15 | INFO     | ayumi.openapi_spot_feed | Connected to demo.ctraderapi.com:5035
2026-04-29 21:31:16 | INFO     | ayumi.openapi_spot_feed | Account authenticated
2026-04-29 21:31:25 | ERROR    | ayumi.openapi_spot_feed | Application auth timeout
2026-04-29 21:31:25 | ERROR    | ayumi.forward_test | Failed to start market data feed
2026-04-29 21:31:25 | ERROR    | ayumi.blend_launcher | Engine failed to start — FIX connection likely rejected. Check console output for details.
2026-04-29 21:31:25 | ERROR    | ayumi.blend_launcher | Verify: CTRADER_ACCOUNT, CTRADER_PASSWORD, CTRADER_HOST, CTRADER_READONLY_SSL_PORT in .env
2026-04-29 21:31:25 | INFO     | ayumi.risk | Saved risk state to data/risk_state_blend.json
2026-04-29 21:31:25 | INFO     | ayumi.forward_test | BlendForwardTestRunner stopped — balance=$10000.00
2026-04-29 21:32:04 | INFO     | ayumi.blend_launcher | Shutdown signal — stopping engine...
2026-04-29 21:32:04 | INFO     | ayumi.risk | Saved risk state to data/risk_state_blend.json
2026-04-29 21:32:04 | INFO     | ayumi.forward_test | BlendForwardTestRunner stopped — balance=$10000.00
2026-04-29 21:32:06 | INFO     | ayumi.blend_launcher | === Ayumi Multi-Strategy Forward Test (Blend Pipeline) ===
2026-04-29 21:32:06 | INFO     | ayumi.blend_launcher | Symbols: ['GBPUSD', 'USDJPY']
2026-04-29 21:32:09 | WARNING  | ayumi.blend_launcher | Could not fetch symbol list from OpenAPI: 'CTraderOpenApiClient' object has no attribute 'get_symbols' — using static mapping
2026-04-29 21:32:09 | INFO     | ayumi.blend_launcher | Fetching 100 H1 bars for GBPUSD (id=2)...
2026-04-29 21:32:11 | INFO     | ayumi.blend_launcher | Fetched 99 H1 bars for GBPUSD
2026-04-29 21:32:11 | INFO     | ayumi.blend_launcher | Fetching 200 M15 bars for GBPUSD (id=2)...
2026-04-29 21:32:13 | INFO     | ayumi.blend_launcher | Fetched 199 M15 bars for GBPUSD
2026-04-29 21:32:13 | INFO     | ayumi.blend_launcher | Fetching 100 H1 bars for USDJPY (id=3)...
2026-04-29 21:32:15 | INFO     | ayumi.blend_launcher | Fetched 99 H1 bars for USDJPY
2026-04-29 21:32:15 | INFO     | ayumi.blend_launcher | Fetching 200 M15 bars for USDJPY (id=3)...
2026-04-29 21:32:17 | INFO     | ayumi.blend_launcher | Fetched 199 M15 bars for USDJPY
2026-04-29 21:32:17 | INFO     | ayumi.blend_launcher | Registered 5 strategies: ['SRMR+', 'Killzone Momentum', 'Donchian Channel Breakout', 'Session-Range Mean Reversion', 'BB+RSI Mean Reversion']
2026-04-29 21:32:17 | INFO     | ayumi.blend_launcher | All strategy .name properties verified against maps
2026-04-29 21:32:17 | INFO     | ayumi.risk | Restored risk state from data/risk_state_blend.json
2026-04-29 21:32:17 | INFO     | ayumi.forward_test | BlendForwardTestRunner started — balance=$10000.00
2026-04-29 21:32:17 | INFO     | ayumi.forward_test | Preloaded 99 bars into key 'GBPUSD:60'
2026-04-29 21:32:17 | INFO     | ayumi.blend_launcher | Preloaded 99 H1 bars for GBPUSD
2026-04-29 21:32:17 | INFO     | ayumi.forward_test | Preloaded 199 bars into key 'GBPUSD:15'
2026-04-29 21:32:17 | INFO     | ayumi.blend_launcher | Preloaded 199 M15 bars for GBPUSD
2026-04-29 21:32:17 | INFO     | ayumi.forward_test | Preloaded 99 bars into key 'USDJPY:60'
2026-04-29 21:32:17 | INFO     | ayumi.blend_launcher | Preloaded 99 H1 bars for USDJPY
2026-04-29 21:32:17 | INFO     | ayumi.forward_test | Preloaded 199 bars into key 'USDJPY:15'
2026-04-29 21:32:17 | INFO     | ayumi.blend_launcher | Preloaded 199 M15 bars for USDJPY
2026-04-29 21:32:17 | INFO     | ayumi.blend_launcher | === STARTING MULTI-STRATEGY FORWARD TEST ===
2026-04-29 21:32:17 | INFO     | ayumi.blend_launcher | Pipeline: SRMR+ + Killzone + Momentum + SessionRangeMR → Correlation Gate → Blend Runner → Paper
2026-04-29 21:32:17 | INFO     | ayumi.openapi_spot_feed | Connected to demo.ctraderapi.com:5035
2026-04-29 21:32:18 | INFO     | ayumi.openapi_spot_feed | Account authenticated
2026-04-29 21:32:18 | INFO     | ayumi.openapi_spot_feed | Loaded 3 symbols from static fallback
2026-04-29 21:32:18 | INFO     | ayumi.openapi_spot_feed | Subscribed to spot events for symbol_id=2
2026-04-29 21:32:18 | INFO     | ayumi.openapi_spot_feed | Subscribed to spot events for symbol_id=3
2026-04-29 21:32:18 | INFO     | ayumi.openapi_spot_feed | OpenApiSpotFeed started: account=46877902 symbols_loaded=3
2026-04-29 21:32:18 | INFO     | ayumi.forward_test | Open API spot feed connected for ['GBPUSD', 'USDJPY']
2026-04-29 21:32:18 | INFO     | ayumi.forward_test | Forward test started: symbols=['GBPUSD', 'USDJPY'] strategies=['SRMR+', 'Killzone Momentum', 'Donchian Channel Breakout', 'Session-Range Mean Reversion', 'BB+RSI Mean Reversion'] mode=PAPER eval_interval=1.0s bar_period=60m
2026-04-29 21:32:19 | ERROR    | ayumi.openapi_spot_feed | API error: INVALID_REQUEST — Trading account is not authorized
2026-04-29 21:32:19 | ERROR    | ayumi.openapi_spot_feed | API error: INVALID_REQUEST — Trading account is not authorized
2026-04-29 21:35:50 | INFO     | ayumi.forward_test | Shutdown signal received (sig=15)
2026-04-29 21:35:50 | INFO     | ayumi.openapi_spot_feed | Unsubscribed from spot events for symbol_id=2
2026-04-29 21:35:50 | INFO     | ayumi.openapi_spot_feed | Unsubscribed from spot events for symbol_id=3
2026-04-29 21:35:50 | INFO     | ayumi.openapi_spot_feed | OpenApiSpotFeed stopped
2026-04-29 21:35:50 | INFO     | ayumi.forward_test | Forward test stopped: balance=10000.00 trades=0 pnl=0.00 errors=0 reconnects=0
2026-04-29 21:35:50 | WARNING  | ayumi.openapi_spot_feed | Disconnected: [Failure instance: Traceback (failure with no frames): <class 'twisted.internet.error.ConnectionDone'>: Connection was closed cleanly.
]
2026-04-29 21:36:02 | INFO     | ayumi.blend_launcher | === Ayumi Multi-Strategy Forward Test (Blend Pipeline) ===
2026-04-29 21:36:02 | INFO     | ayumi.blend_launcher | Symbols: ['GBPUSD', 'USDJPY']
2026-04-29 21:36:04 | WARNING  | ayumi.blend_launcher | Could not fetch symbol list from OpenAPI: 'CTraderOpenApiClient' object has no attribute 'get_symbols' — using static mapping
2026-04-29 21:36:04 | INFO     | ayumi.blend_launcher | Fetching 100 H1 bars for GBPUSD (id=2)...
2026-04-29 21:36:06 | INFO     | ayumi.blend_launcher | Fetched 99 H1 bars for GBPUSD
2026-04-29 21:36:06 | INFO     | ayumi.blend_launcher | Fetching 200 M15 bars for GBPUSD (id=2)...
2026-04-29 21:36:08 | INFO     | ayumi.blend_launcher | Fetched 199 M15 bars for GBPUSD
2026-04-29 21:36:08 | INFO     | ayumi.blend_launcher | Fetching 100 H1 bars for USDJPY (id=3)...
2026-04-29 21:36:10 | INFO     | ayumi.blend_launcher | Fetched 99 H1 bars for USDJPY
2026-04-29 21:36:10 | INFO     | ayumi.blend_launcher | Fetching 200 M15 bars for USDJPY (id=3)...
2026-04-29 21:36:12 | INFO     | ayumi.blend_launcher | Fetched 199 M15 bars for USDJPY
2026-04-29 21:36:12 | INFO     | ayumi.blend_launcher | Registered 5 strategies: ['SRMR+', 'Killzone Momentum', 'Donchian Channel Breakout', 'Session-Range Mean Reversion', 'BB+RSI Mean Reversion']
2026-04-29 21:36:12 | INFO     | ayumi.blend_launcher | All strategy .name properties verified against maps
2026-04-29 21:36:12 | INFO     | ayumi.risk | Restored risk state from data/risk_state_blend.json
2026-04-29 21:36:12 | INFO     | ayumi.forward_test | BlendForwardTestRunner started — balance=$10000.00
2026-04-29 21:36:12 | INFO     | ayumi.forward_test | Preloaded 99 bars into key 'GBPUSD:60'
2026-04-29 21:36:12 | INFO     | ayumi.blend_launcher | Preloaded 99 H1 bars for GBPUSD
2026-04-29 21:36:12 | INFO     | ayumi.forward_test | Preloaded 199 bars into key 'GBPUSD:15'
2026-04-29 21:36:12 | INFO     | ayumi.blend_launcher | Preloaded 199 M15 bars for GBPUSD
2026-04-29 21:36:12 | INFO     | ayumi.forward_test | Preloaded 99 bars into key 'USDJPY:60'
2026-04-29 21:36:12 | INFO     | ayumi.blend_launcher | Preloaded 99 H1 bars for USDJPY
2026-04-29 21:36:12 | INFO     | ayumi.forward_test | Preloaded 199 bars into key 'USDJPY:15'
2026-04-29 21:36:12 | INFO     | ayumi.blend_launcher | Preloaded 199 M15 bars for USDJPY
2026-04-29 21:36:12 | INFO     | ayumi.blend_launcher | === STARTING MULTI-STRATEGY FORWARD TEST ===
2026-04-29 21:36:12 | INFO     | ayumi.blend_launcher | Pipeline: SRMR+ + Killzone + Momentum + SessionRangeMR → Correlation Gate → Blend Runner → Paper
2026-04-29 21:36:12 | INFO     | ayumi.openapi_spot_feed | Connected to demo.ctraderapi.com:5035
2026-04-29 21:36:13 | INFO     | ayumi.openapi_spot_feed | Application authenticated
2026-04-29 21:36:14 | INFO     | ayumi.openapi_spot_feed | Account authenticated
2026-04-29 21:36:14 | INFO     | ayumi.openapi_spot_feed | Loaded 3 symbols from static fallback
2026-04-29 21:36:14 | INFO     | ayumi.openapi_spot_feed | Subscribed to spot events for symbol_id=2
2026-04-29 21:36:14 | INFO     | ayumi.openapi_spot_feed | Subscribed to spot events for symbol_id=3
2026-04-29 21:36:14 | INFO     | ayumi.openapi_spot_feed | OpenApiSpotFeed started: account=46877902 symbols_loaded=3
2026-04-29 21:36:14 | INFO     | ayumi.forward_test | Open API spot feed connected for ['GBPUSD', 'USDJPY']
2026-04-29 21:36:14 | INFO     | ayumi.forward_test | Forward test started: symbols=['GBPUSD', 'USDJPY'] strategies=['SRMR+', 'Killzone Momentum', 'Donchian Channel Breakout', 'Session-Range Mean Reversion', 'BB+RSI Mean Reversion'] mode=PAPER eval_interval=1.0s bar_period=60m
2026-04-29 21:36:15 | WARNING  | ayumi.openapi_spot_feed | Rejecting tick: spread too wide (symbol_id=3 spread=21.40000 max=0.10000)
2026-04-29 21:36:16 | WARNING  | ayumi.openapi_spot_feed | Rejecting tick: bid >= ask (symbol_id=3 bid=18720.30000 ask=0.00000)
2026-04-29 21:36:17 | WARNING  | ayumi.openapi_spot_feed | Rejecting tick: bid >= ask (symbol_id=3 bid=18720.00000 ask=0.00000)
2026-04-29 21:36:17 | WARNING  | ayumi.openapi_spot_feed | Rejecting tick: bid >= ask (symbol_id=3 bid=18719.90000 ask=0.00000)
2026-04-29 21:36:17 | WARNING  | ayumi.openapi_spot_feed | Rejecting tick: bid >= ask (symbol_id=3 bid=18720.00000 ask=0.00000)
2026-04-29 21:36:19 | WARNING  | ayumi.openapi_spot_feed | Rejecting tick: bid >= ask (symbol_id=3 bid=18719.90000 ask=0.00000)
2026-04-29 21:36:19 | WARNING  | ayumi.openapi_spot_feed | Rejecting tick: spread too wide (symbol_id=3 spread=18742.20000 max=0.10000)
2026-04-29 21:36:19 | WARNING  | ayumi.openapi_spot_feed | Rejecting tick: spread too wide (symbol_id=2 spread=1.34866 max=0.01000)
2026-04-29 21:36:20 | WARNING  | ayumi.openapi_spot_feed | Rejecting tick: spread too wide (symbol_id=3 spread=18741.90000 max=0.10000)
2026-04-29 21:36:20 | WARNING  | ayumi.openapi_spot_feed | Rejecting tick: spread too wide (symbol_id=3 spread=18742.20000 max=0.10000)
2026-04-29 21:36:21 | WARNING  | ayumi.openapi_spot_feed | Rejecting tick: spread too wide (symbol_id=2 spread=1.34865 max=0.01000)
2026-04-29 21:36:22 | WARNING  | ayumi.openapi_spot_feed | Rejecting tick: spread too wide (symbol_id=2 spread=1.34866 max=0.01000)
2026-04-29 21:36:22 | WARNING  | ayumi.openapi_spot_feed | Rejecting tick: bid >= ask (symbol_id=3 bid=18719.80000 ask=0.00000)
2026-04-29 21:36:23 | WARNING  | ayumi.openapi_spot_feed | Rejecting tick: bid >= ask (symbol_id=3 bid=18719.90000 ask=0.00000)
2026-04-29 21:36:24 | WARNING  | ayumi.openapi_spot_feed | Rejecting tick: bid >= ask (symbol_id=3 bid=18720.00000 ask=0.00000)
2026-04-29 21:36:24 | WARNING  | ayumi.openapi_spot_feed | Rejecting tick: bid >= ask (symbol_id=3 bid=18720.70000 ask=0.00000)
2026-04-29 21:36:27 | WARNING  | ayumi.openapi_spot_feed | Rejecting tick: spread too wide (symbol_id=3 spread=18741.90000 max=0.10000)
2026-04-29 21:36:28 | WARNING  | ayumi.openapi_spot_feed | Rejecting tick: spread too wide (symbol_id=3 spread=22.90000 max=0.10000)
2026-04-29 21:36:28 | WARNING  | ayumi.openapi_spot_feed | Rejecting tick: bid >= ask (symbol_id=3 bid=18719.50000 ask=0.00000)
2026-04-29 21:36:28 | WARNING  | ayumi.openapi_spot_feed | Rejecting tick: spread too wide (symbol_id=3 spread=22.00000 max=0.10000)
2026-04-29 21:36:32 | WARNING  | ayumi.openapi_spot_feed | Rejecting tick: bid >= ask (symbol_id=3 bid=18720.10000 ask=0.00000)
2026-04-29 21:36:32 | WARNING  | ayumi.openapi_spot_feed | Rejecting tick: bid >= ask (symbol_id=3 bid=18720.20000 ask=0.00000)
2026-04-29 21:36:34 | WARNING  | ayumi.openapi_spot_feed | Rejecting tick: spread too wide (symbol_id=3 spread=22.60000 max=0.10000)
2026-04-29 21:36:34 | WARNING  | ayumi.openapi_spot_feed | Rejecting tick: spread too wide (symbol_id=3 spread=21.40000 max=0.10000)
2026-04-29 21:36:34 | WARNING  | ayumi.openapi_spot_feed | Rejecting tick: bid >= ask (symbol_id=3 bid=18720.40000 ask=0.00000)
2026-04-29 21:36:35 | WARNING  | ayumi.openapi_spot_feed | Rejecting tick: bid >= ask (symbol_id=3 bid=18720.30000 ask=0.00000)
2026-04-29 21:36:40 | WARNING  | ayumi.openapi_spot_feed | Rejecting tick: bid >= ask (symbol_id=3 bid=18720.10000 ask=0.00000)
2026-04-29 21:36:40 | WARNING  | ayumi.openapi_spot_feed | Rejecting tick: spread too wide (symbol_id=3 spread=22.90000 max=0.10000)
2026-04-29 21:36:40 | WARNING  | ayumi.openapi_spot_feed | Rejecting tick: spread too wide (symbol_id=3 spread=18742.20000 max=0.10000)
2026-04-29 21:36:40 | WARNING  | ayumi.openapi_spot_feed | Rejecting tick: spread too wide (symbol_id=3 spread=21.30000 max=0.10000)
2026-04-29 21:36:41 | WARNING  | ayumi.openapi_spot_feed | Rejecting tick: bid >= ask (symbol_id=3 bid=18720.70000 ask=0.00000)
2026-04-29 21:36:41 | WARNING  | ayumi.openapi_spot_feed | Rejecting tick: spread too wide (symbol_id=3 spread=21.90000 max=0.10000)
2026-04-29 21:36:41 | WARNING  | ayumi.openapi_spot_feed | Rejecting tick: bid >= ask (symbol_id=3 bid=18720.20000 ask=0.00000)
2026-04-29 21:36:44 | WARNING  | ayumi.openapi_spot_feed | Rejecting tick: bid >= ask (symbol_id=3 bid=18720.30000 ask=0.00000)
2026-04-29 21:36:45 | WARNING  | ayumi.openapi_spot_feed | Rejecting tick: bid >= ask (symbol_id=3 bid=18720.20000 ask=0.00000)
2026-04-29 21:36:45 | WARNING  | ayumi.openapi_spot_feed | Rejecting tick: spread too wide (symbol_id=3 spread=23.00000 max=0.10000)
2026-04-29 21:36:45 | WARNING  | ayumi.openapi_spot_feed | Rejecting tick: bid >= ask (symbol_id=3 bid=18719.40000 ask=0.00000)
2026-04-29 21:36:47 | WARNING  | ayumi.openapi_spot_feed | Rejecting tick: bid >= ask (symbol_id=3 bid=18719.60000 ask=0.00000)
2026-04-29 21:36:48 | WARNING  | ayumi.openapi_spot_feed | Rejecting tick: spread too wide (symbol_id=3 spread=21.50000 max=0.10000)
2026-04-29 21:36:48 | WARNING  | ayumi.openapi_spot_feed | Rejecting tick: spread too wide (symbol_id=3 spread=21.40000 max=0.10000)
2026-04-29 21:36:49 | WARNING  | ayumi.openapi_spot_feed | Rejecting tick: spread too wide (symbol_id=3 spread=23.50000 max=0.10000)
2026-04-29 21:36:49 | WARNING  | ayumi.openapi_spot_feed | Rejecting tick: bid >= ask (symbol_id=3 bid=18718.70000 ask=0.00000)
2026-04-29 21:36:51 | WARNING  | ayumi.openapi_spot_feed | Rejecting tick: bid >= ask (symbol_id=3 bid=18718.40000 ask=0.00000)
2026-04-29 21:36:52 | WARNING  | ayumi.openapi_spot_feed | Rejecting tick: bid >= ask (symbol_id=3 bid=18718.60000 ask=0.00000)
2026-04-29 21:36:52 | WARNING  | ayumi.openapi_spot_feed | Rejecting tick: spread too wide (symbol_id=3 spread=18742.20000 max=0.10000)
2026-04-29 21:36:53 | WARNING  | ayumi.openapi_spot_feed | Rejecting tick: bid >= ask (symbol_id=3 bid=18718.20000 ask=0.00000)
2026-04-29 21:36:53 | WARNING  | ayumi.openapi_spot_feed | Rejecting tick: spread too wide (symbol_id=3 spread=23.50000 max=0.10000)
2026-04-29 21:36:54 | WARNING  | ayumi.openapi_spot_feed | Rejecting tick: bid >= ask (symbol_id=3 bid=18718.50000 ask=0.00000)
2026-04-29 21:36:54 | WARNING  | ayumi.openapi_spot_feed | Rejecting tick: bid >= ask (symbol_id=3 bid=18718.30000 ask=0.00000)
2026-04-29 21:36:55 | WARNING  | ayumi.openapi_spot_feed | Rejecting tick: bid >= ask (symbol_id=3 bid=18718.10000 ask=0.00000)
2026-04-29 21:36:55 | WARNING  | ayumi.openapi_spot_feed | Rejecting tick: spread too wide (symbol_id=3 spread=23.40000 max=0.10000)
2026-04-29 21:36:56 | WARNING  | ayumi.openapi_spot_feed | Rejecting tick: spread too wide (symbol_id=3 spread=18742.00000 max=0.10000)
2026-04-29 21:36:56 | WARNING  | ayumi.openapi_spot_feed | Rejecting tick: spread too wide (symbol_id=3 spread=23.90000 max=0.10000)
2026-04-29 21:36:56 | WARNING  | ayumi.openapi_spot_feed | Rejecting tick: spread too wide (symbol_id=3 spread=18742.10000 max=0.10000)
2026-04-29 21:36:58 | WARNING  | ayumi.openapi_spot_feed | Rejecting tick: spread too wide (symbol_id=3 spread=18742.30000 max=0.10000)
2026-04-29 21:36:58 | WARNING  | ayumi.openapi_spot_feed | Rejecting tick: bid >= ask (symbol_id=3 bid=18718.70000 ask=0.00000)
2026-04-29 21:36:59 | WARNING  | ayumi.openapi_spot_feed | Rejecting tick: bid >= ask (symbol_id=3 bid=18719.00000 ask=0.00000)
2026-04-29 21:37:00 | WARNING  | ayumi.openapi_spot_feed | Rejecting tick: spread too wide (symbol_id=3 spread=18742.20000 max=0.10000)
2026-04-29 21:37:00 | WARNING  | ayumi.openapi_spot_feed | Rejecting tick: spread too wide (symbol_id=3 spread=23.40000 max=0.10000)
2026-04-29 21:37:01 | WARNING  | ayumi.openapi_spot_feed | Rejecting tick: bid >= ask (symbol_id=3 bid=18718.50000 ask=0.00000)
2026-04-29 21:37:02 | WARNING  | ayumi.openapi_spot_feed | Rejecting tick: spread too wide (symbol_id=3 spread=22.90000 max=0.10000)
2026-04-29 21:37:02 | WARNING  | ayumi.openapi_spot_feed | Rejecting tick: spread too wide (symbol_id=3 spread=23.80000 max=0.10000)
2026-04-29 21:37:02 | WARNING  | ayumi.openapi_spot_feed | Rejecting tick: spread too wide (symbol_id=3 spread=23.50000 max=0.10000)
2026-04-29 21:37:02 | WARNING  | ayumi.openapi_spot_feed | Rejecting tick: bid >= ask (symbol_id=3 bid=18718.60000 ask=0.00000)
2026-04-29 21:37:03 | WARNING  | ayumi.openapi_spot_feed | Rejecting tick: bid >= ask (symbol_id=3 bid=18718.50000 ask=0.00000)
2026-04-29 21:37:04 | WARNING  | ayumi.openapi_spot_feed | Rejecting tick: bid >= ask (symbol_id=3 bid=18718.60000 ask=0.00000)
2026-04-29 21:37:04 | WARNING  | ayumi.openapi_spot_feed | Rejecting tick: spread too wide (symbol_id=3 spread=24.30000 max=0.10000)
2026-04-29 21:37:04 | WARNING  | ayumi.openapi_spot_feed | Rejecting tick: spread too wide (symbol_id=3 spread=22.60000 max=0.10000)
2026-04-29 21:37:05 | WARNING  | ayumi.openapi_spot_feed | Rejecting tick: bid >= ask (symbol_id=3 bid=18719.00000 ask=0.00000)
2026-04-29 21:37:05 | WARNING  | ayumi.openapi_spot_feed | Rejecting tick: spread too wide (symbol_id=3 spread=25.00000 max=0.10000)
2026-04-29 21:37:05 | WARNING  | ayumi.openapi_spot_feed | Rejecting tick: spread too wide (symbol_id=3 spread=23.70000 max=0.10000)
2026-04-29 21:37:06 | WARNING  | ayumi.openapi_spot_feed | Rejecting tick: spread too wide (symbol_id=3 spread=23.80000 max=0.10000)
2026-04-29 21:37:06 | WARNING  | ayumi.openapi_spot_feed | Rejecting tick: bid >= ask (symbol_id=3 bid=18718.60000 ask=0.00000)
2026-04-29 21:37:06 | WARNING  | ayumi.openapi_spot_feed | Rejecting tick: spread too wide (symbol_id=3 spread=18742.10000 max=0.10000)
2026-04-29 21:37:07 | WARNING  | ayumi.openapi_spot_feed | Rejecting tick: spread too wide (symbol_id=3 spread=23.80000 max=0.10000)
2026-04-29 21:37:07 | WARNING  | ayumi.openapi_spot_feed | Rejecting tick: bid >= ask (symbol_id=3 bid=18719.20000 ask=0.00000)
2026-04-29 21:37:08 | WARNING  | ayumi.openapi_spot_feed | Rejecting tick: spread too wide (symbol_id=3 spread=18741.80000 max=0.10000)
2026-04-29 21:37:09 | WARNING  | ayumi.openapi_spot_feed | Rejecting tick: spread too wide (symbol_id=3 spread=23.40000 max=0.10000)
2026-04-29 21:37:09 | WARNING  | ayumi.openapi_spot_feed | Rejecting tick: spread too wide (symbol_id=3 spread=24.80000 max=0.10000)
2026-04-29 21:37:09 | WARNING  | ayumi.openapi_spot_feed | Rejecting tick: spread too wide (symbol_id=3 spread=23.90000 max=0.10000)
2026-04-29 21:37:10 | WARNING  | ayumi.openapi_spot_feed | Rejecting tick: spread too wide (symbol_id=3 spread=23.90000 max=0.10000)
2026-04-29 21:37:10 | WARNING  | ayumi.openapi_spot_feed | Rejecting tick: spread too wide (symbol_id=3 spread=24.80000 max=0.10000)
2026-04-29 21:37:11 | WARNING  | ayumi.openapi_spot_feed | Rejecting tick: bid >= ask (symbol_id=3 bid=18717.40000 ask=0.00000)
2026-04-29 21:37:11 | WARNING  | ayumi.openapi_spot_feed | Rejecting tick: bid >= ask (symbol_id=3 bid=18717.80000 ask=0.00000)
2026-04-29 21:37:11 | WARNING  | ayumi.openapi_spot_feed | Rejecting tick: spread too wide (symbol_id=3 spread=23.70000 max=0.10000)
2026-04-29 21:37:15 | WARNING  | ayumi.openapi_spot_feed | Rejecting tick: spread too wide (symbol_id=3 spread=24.50000 max=0.10000)
2026-04-29 21:37:15 | WARNING  | ayumi.openapi_spot_feed | Rejecting tick: bid >= ask (symbol_id=3 bid=18719.20000 ask=0.00000)
2026-04-29 21:37:16 | WARNING  | ayumi.openapi_spot_feed | Rejecting tick: bid >= ask (symbol_id=3 bid=18719.10000 ask=0.00000)
2026-04-29 21:37:19 | WARNING  | ayumi.openapi_spot_feed | Rejecting tick: bid >= ask (symbol_id=3 bid=18718.40000 ask=0.00000)
2026-04-29 21:37:19 | WARNING  | ayumi.openapi_spot_feed | Rejecting tick: bid >= ask (symbol_id=3 bid=18718.30000 ask=0.00000)
2026-04-29 21:37:19 | WARNING  | ayumi.openapi_spot_feed | Rejecting tick: bid >= ask (symbol_id=3 bid=18719.30000 ask=0.00000)
2026-04-29 21:37:20 | WARNING  | ayumi.openapi_spot_feed | Rejecting tick: bid >= ask (symbol_id=3 bid=18719.20000 ask=0.00000)
2026-04-29 21:37:21 | WARNING  | ayumi.openapi_spot_feed | Rejecting tick: bid >= ask (symbol_id=3 bid=18719.30000 ask=0.00000)
2026-04-29 21:37:24 | WARNING  | ayumi.openapi_spot_feed | Rejecting tick: spread too wide (symbol_id=3 spread=24.40000 max=0.10000)
2026-04-29 21:37:25 | WARNING  | ayumi.openapi_spot_feed | Rejecting tick: bid >= ask (symbol_id=3 bid=18719.10000 ask=0.00000)
2026-04-29 21:37:25 | WARNING  | ayumi.openapi_spot_feed | Rejecting tick: spread too wide (symbol_id=3 spread=24.80000 max=0.10000)
2026-04-29 21:37:25 | WARNING  | ayumi.openapi_spot_feed | Rejecting tick: bid >= ask (symbol_id=3 bid=18719.20000 ask=0.00000)
2026-04-29 21:37:26 | WARNING  | ayumi.openapi_spot_feed | Rejecting tick: bid >= ask (symbol_id=3 bid=18718.50000 ask=0.00000)
2026-04-29 21:37:28 | WARNING  | ayumi.openapi_spot_feed | Rejecting tick: spread too wide (symbol_id=3 spread=26.00000 max=0.10000)
2026-04-29 21:37:28 | WARNING  | ayumi.openapi_spot_feed | Rejecting tick: spread too wide (symbol_id=3 spread=24.40000 max=0.10000)
2026-04-29 21:37:29 | WARNING  | ayumi.openapi_spot_feed | Rejecting tick: bid >= ask (symbol_id=3 bid=18718.50000 ask=0.00000)
2026-04-29 21:37:30 | WARNING  | ayumi.openapi_spot_feed | Rejecting tick: bid >= ask (symbol_id=3 bid=18718.60000 ask=0.00000)
2026-04-29 21:37:30 | WARNING  | ayumi.openapi_spot_feed | Rejecting tick: bid >= ask (symbol_id=3 bid=18718.40000 ask=0.00000)
2026-04-29 21:37:30 | WARNING  | ayumi.openapi_spot_feed | Rejecting tick: bid >= ask (symbol_id=3 bid=18718.30000 ask=0.00000)
2026-04-29 21:37:31 | WARNING  | ayumi.openapi_spot_feed | Rejecting tick: spread too wide (symbol_id=3 spread=25.70000 max=0.10000)
2026-04-29 21:37:31 | WARNING  | ayumi.openapi_spot_feed | Rejecting tick: spread too wide (symbol_id=3 spread=24.50000 max=0.10000)
2026-04-29 21:37:32 | WARNING  | ayumi.openapi_spot_feed | Rejecting tick: bid >= ask (symbol_id=3 bid=18718.60000 ask=0.00000)
2026-04-29 21:37:33 | WARNING  | ayumi.openapi_spot_feed | Rejecting tick: bid >= ask (symbol_id=3 bid=18718.50000 ask=0.00000)
2026-04-29 21:37:33 | WARNING  | ayumi.openapi_spot_feed | Rejecting tick: bid >= ask (symbol_id=3 bid=18718.40000 ask=0.00000)
2026-04-29 21:37:33 | WARNING  | ayumi.openapi_spot_feed | Rejecting tick: bid >= ask (symbol_id=3 bid=18718.50000 ask=0.00000)
2026-04-29 21:37:34 | INFO     | ayumi.forward_test | Shutdown signal received (sig=15)
2026-04-29 21:37:34 | INFO     | ayumi.openapi_spot_feed | Unsubscribed from spot events for symbol_id=2
2026-04-29 21:37:34 | INFO     | ayumi.openapi_spot_feed | Unsubscribed from spot events for symbol_id=3
2026-04-29 21:37:34 | INFO     | ayumi.openapi_spot_feed | OpenApiSpotFeed stopped
2026-04-29 21:37:34 | INFO     | ayumi.forward_test | Forward test stopped: balance=10000.00 trades=0 pnl=0.00 errors=0 reconnects=0
2026-04-29 21:37:34 | WARNING  | ayumi.openapi_spot_feed | Disconnected: [Failure instance: Traceback (failure with no frames): <class 'twisted.internet.error.ConnectionDone'>: Connection was closed cleanly.
]
2026-04-29 21:37:46 | INFO     | ayumi.blend_launcher | === Ayumi Multi-Strategy Forward Test (Blend Pipeline) ===
2026-04-29 21:37:46 | INFO     | ayumi.blend_launcher | Symbols: ['GBPUSD', 'USDJPY']
2026-04-29 21:37:48 | WARNING  | ayumi.blend_launcher | Could not fetch symbol list from OpenAPI: 'CTraderOpenApiClient' object has no attribute 'get_symbols' — using static mapping
2026-04-29 21:37:48 | INFO     | ayumi.blend_launcher | Fetching 100 H1 bars for GBPUSD (id=2)...
2026-04-29 21:37:50 | INFO     | ayumi.blend_launcher | Fetched 99 H1 bars for GBPUSD
2026-04-29 21:37:50 | INFO     | ayumi.blend_launcher | Fetching 200 M15 bars for GBPUSD (id=2)...
2026-04-29 21:37:52 | INFO     | ayumi.blend_launcher | Fetched 199 M15 bars for GBPUSD
2026-04-29 21:37:52 | INFO     | ayumi.blend_launcher | Fetching 100 H1 bars for USDJPY (id=3)...
2026-04-29 21:37:54 | INFO     | ayumi.blend_launcher | Fetched 99 H1 bars for USDJPY
2026-04-29 21:37:54 | INFO     | ayumi.blend_launcher | Fetching 200 M15 bars for USDJPY (id=3)...
2026-04-29 21:37:56 | INFO     | ayumi.blend_launcher | Fetched 199 M15 bars for USDJPY
2026-04-29 21:37:56 | INFO     | ayumi.blend_launcher | Registered 5 strategies: ['SRMR+', 'Killzone Momentum', 'Donchian Channel Breakout', 'Session-Range Mean Reversion', 'BB+RSI Mean Reversion']
2026-04-29 21:37:56 | INFO     | ayumi.blend_launcher | All strategy .name properties verified against maps
2026-04-29 21:37:56 | INFO     | ayumi.risk | Restored risk state from data/risk_state_blend.json
2026-04-29 21:37:56 | INFO     | ayumi.forward_test | BlendForwardTestRunner started — balance=$10000.00
2026-04-29 21:37:56 | INFO     | ayumi.forward_test | Preloaded 99 bars into key 'GBPUSD:60'
2026-04-29 21:37:56 | INFO     | ayumi.blend_launcher | Preloaded 99 H1 bars for GBPUSD
2026-04-29 21:37:56 | INFO     | ayumi.forward_test | Preloaded 199 bars into key 'GBPUSD:15'
2026-04-29 21:37:56 | INFO     | ayumi.blend_launcher | Preloaded 199 M15 bars for GBPUSD
2026-04-29 21:37:56 | INFO     | ayumi.forward_test | Preloaded 99 bars into key 'USDJPY:60'
2026-04-29 21:37:56 | INFO     | ayumi.blend_launcher | Preloaded 99 H1 bars for USDJPY
2026-04-29 21:37:56 | INFO     | ayumi.forward_test | Preloaded 199 bars into key 'USDJPY:15'
2026-04-29 21:37:56 | INFO     | ayumi.blend_launcher | Preloaded 199 M15 bars for USDJPY
2026-04-29 21:37:56 | INFO     | ayumi.blend_launcher | === STARTING MULTI-STRATEGY FORWARD TEST ===
2026-04-29 21:37:56 | INFO     | ayumi.blend_launcher | Pipeline: SRMR+ + Killzone + Momentum + SessionRangeMR → Correlation Gate → Blend Runner → Paper
2026-04-29 21:37:56 | INFO     | ayumi.openapi_spot_feed | Connected to demo.ctraderapi.com:5035
2026-04-29 21:37:57 | INFO     | ayumi.openapi_spot_feed | Application authenticated
2026-04-29 21:37:58 | INFO     | ayumi.openapi_spot_feed | Account authenticated
2026-04-29 21:37:58 | INFO     | ayumi.openapi_spot_feed | Loaded 3 symbols from static fallback
2026-04-29 21:37:58 | INFO     | ayumi.openapi_spot_feed | Subscribed to spot events for symbol_id=2
2026-04-29 21:37:58 | INFO     | ayumi.openapi_spot_feed | Subscribed to spot events for symbol_id=3
2026-04-29 21:37:58 | INFO     | ayumi.openapi_spot_feed | OpenApiSpotFeed started: account=46877902 symbols_loaded=3
2026-04-29 21:37:58 | INFO     | ayumi.forward_test | Open API spot feed connected for ['GBPUSD', 'USDJPY']
2026-04-29 21:37:58 | INFO     | ayumi.forward_test | Forward test started: symbols=['GBPUSD', 'USDJPY'] strategies=['SRMR+', 'Killzone Momentum', 'Donchian Channel Breakout', 'Session-Range Mean Reversion', 'BB+RSI Mean Reversion'] mode=PAPER eval_interval=1.0s bar_period=60m
2026-04-29 21:38:00 | WARNING  | ayumi.openapi_spot_feed | Rejecting tick: bid >= ask (symbol_id=3 bid=18716600.00000 ask=0.00000)
2026-04-29 21:38:01 | WARNING  | ayumi.openapi_spot_feed | Rejecting tick: bid >= ask (symbol_id=3 bid=18718600.00000 ask=0.00000)
2026-04-29 21:38:04 | WARNING  | ayumi.openapi_spot_feed | Rejecting tick: bid >= ask (symbol_id=3 bid=18718700.00000 ask=0.00000)
2026-04-29 21:38:04 | WARNING  | ayumi.openapi_spot_feed | Rejecting tick: bid >= ask (symbol_id=3 bid=18718600.00000 ask=0.00000)
2026-04-29 21:38:05 | WARNING  | ayumi.openapi_spot_feed | Rejecting tick: bid >= ask (symbol_id=3 bid=18718700.00000 ask=0.00000)
2026-04-29 21:38:07 | WARNING  | ayumi.openapi_spot_feed | Rejecting tick: bid >= ask (symbol_id=3 bid=18719300.00000 ask=0.00000)
2026-04-29 21:38:08 | WARNING  | ayumi.openapi_spot_feed | Rejecting tick: bid >= ask (symbol_id=3 bid=18717200.00000 ask=0.00000)
2026-04-29 21:38:08 | WARNING  | ayumi.openapi_spot_feed | Rejecting tick: bid >= ask (symbol_id=3 bid=18717100.00000 ask=0.00000)
2026-04-29 21:38:09 | WARNING  | ayumi.openapi_spot_feed | Rejecting tick: bid >= ask (symbol_id=3 bid=18717000.00000 ask=0.00000)
2026-04-29 21:38:12 | WARNING  | ayumi.openapi_spot_feed | Rejecting tick: bid >= ask (symbol_id=3 bid=18717300.00000 ask=0.00000)
2026-04-29 21:38:12 | WARNING  | ayumi.openapi_spot_feed | Rejecting tick: bid >= ask (symbol_id=3 bid=18717100.00000 ask=0.00000)
2026-04-29 21:38:12 | WARNING  | ayumi.openapi_spot_feed | Rejecting tick: bid >= ask (symbol_id=3 bid=18717200.00000 ask=0.00000)
2026-04-29 21:38:17 | WARNING  | ayumi.openapi_spot_feed | Rejecting tick: bid >= ask (symbol_id=3 bid=18717100.00000 ask=0.00000)
2026-04-29 21:38:18 | WARNING  | ayumi.openapi_spot_feed | Rejecting tick: bid >= ask (symbol_id=3 bid=18717000.00000 ask=0.00000)
2026-04-29 21:38:19 | WARNING  | ayumi.openapi_spot_feed | Rejecting tick: bid >= ask (symbol_id=3 bid=18716900.00000 ask=0.00000)
2026-04-29 21:38:20 | WARNING  | ayumi.openapi_spot_feed | Rejecting tick: spread too wide (symbol_id=3 spread=18743000.00000 max=93715.00000)
2026-04-29 21:38:20 | WARNING  | ayumi.openapi_spot_feed | Rejecting tick: spread too wide (symbol_id=3 spread=18742900.00000 max=93714.50000)
2026-04-29 21:38:21 | WARNING  | ayumi.openapi_spot_feed | Rejecting tick: bid >= ask (symbol_id=3 bid=18716500.00000 ask=0.00000)
2026-04-29 21:38:21 | WARNING  | ayumi.openapi_spot_feed | Rejecting tick: bid >= ask (symbol_id=3 bid=18716600.00000 ask=0.00000)
2026-04-29 21:38:24 | WARNING  | ayumi.openapi_spot_feed | Rejecting tick: bid >= ask (symbol_id=3 bid=18716800.00000 ask=0.00000)
2026-04-29 21:38:24 | WARNING  | ayumi.openapi_spot_feed | Rejecting tick: bid >= ask (symbol_id=3 bid=18716600.00000 ask=0.00000)
2026-04-29 21:38:25 | WARNING  | ayumi.openapi_spot_feed | Rejecting tick: bid >= ask (symbol_id=3 bid=18719100.00000 ask=0.00000)
2026-04-29 21:38:29 | WARNING  | ayumi.openapi_spot_feed | Rejecting tick: bid >= ask (symbol_id=3 bid=18718000.00000 ask=0.00000)
2026-04-29 21:38:31 | WARNING  | ayumi.openapi_spot_feed | Rejecting tick: bid >= ask (symbol_id=3 bid=18717100.00000 ask=0.00000)
2026-04-29 21:38:32 | WARNING  | ayumi.openapi_spot_feed | Rejecting tick: bid >= ask (symbol_id=3 bid=18717100.00000 ask=0.00000)
2026-04-29 21:38:32 | WARNING  | ayumi.openapi_spot_feed | Rejecting tick: bid >= ask (symbol_id=3 bid=18717200.00000 ask=0.00000)
2026-04-29 21:38:35 | WARNING  | ayumi.openapi_spot_feed | Rejecting tick: bid >= ask (symbol_id=3 bid=18717100.00000 ask=0.00000)
2026-04-29 21:38:35 | WARNING  | ayumi.openapi_spot_feed | Rejecting tick: bid >= ask (symbol_id=3 bid=18717200.00000 ask=0.00000)
2026-04-29 21:38:43 | WARNING  | ayumi.openapi_spot_feed | Rejecting tick: bid >= ask (symbol_id=3 bid=18717800.00000 ask=0.00000)
2026-04-29 21:38:43 | WARNING  | ayumi.openapi_spot_feed | Rejecting tick: spread too wide (symbol_id=3 spread=18743000.00000 max=93715.00000)
2026-04-29 21:38:44 | WARNING  | ayumi.openapi_spot_feed | Rejecting tick: bid >= ask (symbol_id=3 bid=18717700.00000 ask=0.00000)
2026-04-29 21:38:44 | WARNING  | ayumi.openapi_spot_feed | Rejecting tick: bid >= ask (symbol_id=3 bid=18717800.00000 ask=0.00000)
2026-04-29 21:38:45 | WARNING  | ayumi.openapi_spot_feed | Rejecting tick: spread too wide (symbol_id=3 spread=18742300.00000 max=93711.50000)
2026-04-29 21:38:46 | WARNING  | ayumi.openapi_spot_feed | Rejecting tick: bid >= ask (symbol_id=3 bid=18717700.00000 ask=0.00000)
2026-04-29 21:38:47 | WARNING  | ayumi.openapi_spot_feed | Rejecting tick: bid >= ask (symbol_id=3 bid=18717800.00000 ask=0.00000)
2026-04-29 21:38:48 | WARNING  | ayumi.openapi_spot_feed | Rejecting tick: bid >= ask (symbol_id=3 bid=18718100.00000 ask=0.00000)
2026-04-29 21:38:49 | WARNING  | ayumi.openapi_spot_feed | Rejecting tick: bid >= ask (symbol_id=3 bid=18716400.00000 ask=0.00000)
2026-04-29 21:38:50 | WARNING  | ayumi.openapi_spot_feed | Rejecting tick: bid >= ask (symbol_id=3 bid=18716300.00000 ask=0.00000)
2026-04-29 21:38:52 | WARNING  | ayumi.openapi_spot_feed | Rejecting tick: bid >= ask (symbol_id=3 bid=18717700.00000 ask=0.00000)
2026-04-29 21:38:53 | WARNING  | ayumi.openapi_spot_feed | Rejecting tick: bid >= ask (symbol_id=3 bid=18718100.00000 ask=0.00000)
2026-04-29 21:38:53 | WARNING  | ayumi.openapi_spot_feed | Rejecting tick: bid >= ask (symbol_id=3 bid=18718200.00000 ask=0.00000)
2026-04-29 21:38:53 | WARNING  | ayumi.openapi_spot_feed | Rejecting tick: bid >= ask (symbol_id=3 bid=18718000.00000 ask=0.00000)
2026-04-29 21:38:54 | WARNING  | ayumi.openapi_spot_feed | Rejecting tick: bid >= ask (symbol_id=3 bid=18718200.00000 ask=0.00000)
2026-04-29 21:38:54 | WARNING  | ayumi.openapi_spot_feed | Rejecting tick: bid >= ask (symbol_id=3 bid=18718100.00000 ask=0.00000)
2026-04-29 21:38:54 | WARNING  | ayumi.openapi_spot_feed | Rejecting tick: bid >= ask (symbol_id=3 bid=18718200.00000 ask=0.00000)
2026-04-29 21:38:55 | WARNING  | ayumi.openapi_spot_feed | Rejecting tick: bid >= ask (symbol_id=3 bid=18718300.00000 ask=0.00000)
2026-04-29 21:38:56 | WARNING  | ayumi.openapi_spot_feed | Rejecting tick: bid >= ask (symbol_id=3 bid=18718100.00000 ask=0.00000)
2026-04-29 21:38:56 | WARNING  | ayumi.openapi_spot_feed | Rejecting tick: bid >= ask (symbol_id=3 bid=18718200.00000 ask=0.00000)
2026-04-29 21:38:56 | WARNING  | ayumi.openapi_spot_feed | Rejecting tick: bid >= ask (symbol_id=3 bid=18718300.00000 ask=0.00000)
2026-04-29 21:38:57 | WARNING  | ayumi.openapi_spot_feed | Rejecting tick: bid >= ask (symbol_id=3 bid=18718400.00000 ask=0.00000)
2026-04-29 21:38:57 | WARNING  | ayumi.openapi_spot_feed | Rejecting tick: bid >= ask (symbol_id=3 bid=18718300.00000 ask=0.00000)
2026-04-29 21:38:57 | WARNING  | ayumi.openapi_spot_feed | Rejecting tick: bid >= ask (symbol_id=3 bid=18718200.00000 ask=0.00000)
2026-04-29 21:38:58 | WARNING  | ayumi.openapi_spot_feed | Rejecting tick: bid >= ask (symbol_id=3 bid=18718400.00000 ask=0.00000)
2026-04-29 21:38:58 | WARNING  | ayumi.openapi_spot_feed | Rejecting tick: bid >= ask (symbol_id=3 bid=18718100.00000 ask=0.00000)
2026-04-29 21:39:00 | WARNING  | ayumi.openapi_spot_feed | Rejecting tick: spread too wide (symbol_id=3 spread=18742900.00000 max=93714.50000)
2026-04-29 21:39:01 | WARNING  | ayumi.openapi_spot_feed | Rejecting tick: bid >= ask (symbol_id=3 bid=18717300.00000 ask=0.00000)
2026-04-29 21:39:01 | WARNING  | ayumi.openapi_spot_feed | Rejecting tick: bid >= ask (symbol_id=3 bid=18717500.00000 ask=0.00000)
2026-04-29 21:39:01 | WARNING  | ayumi.openapi_spot_feed | Rejecting tick: bid >= ask (symbol_id=3 bid=18717400.00000 ask=0.00000)
2026-04-29 21:39:02 | WARNING  | ayumi.openapi_spot_feed | Rejecting tick: bid >= ask (symbol_id=3 bid=18717500.00000 ask=0.00000)
2026-04-29 21:39:02 | WARNING  | ayumi.openapi_spot_feed | Rejecting tick: bid >= ask (symbol_id=3 bid=18717400.00000 ask=0.00000)
2026-04-29 21:39:02 | WARNING  | ayumi.openapi_spot_feed | Rejecting tick: bid >= ask (symbol_id=3 bid=18717300.00000 ask=0.00000)
2026-04-29 21:39:03 | WARNING  | ayumi.openapi_spot_feed | Rejecting tick: spread too wide (symbol_id=3 spread=18742900.00000 max=93714.50000)
2026-04-29 21:39:04 | WARNING  | ayumi.openapi_spot_feed | Rejecting tick: bid >= ask (symbol_id=3 bid=18717400.00000 ask=0.00000)
2026-04-29 21:39:04 | WARNING  | ayumi.openapi_spot_feed | Rejecting tick: bid >= ask (symbol_id=3 bid=18717300.00000 ask=0.00000)
2026-04-29 21:39:05 | WARNING  | ayumi.openapi_spot_feed | Rejecting tick: bid >= ask (symbol_id=3 bid=18717600.00000 ask=0.00000)
2026-04-29 21:39:05 | WARNING  | ayumi.openapi_spot_feed | Rejecting tick: bid >= ask (symbol_id=3 bid=18718700.00000 ask=0.00000)
2026-04-29 21:39:05 | WARNING  | ayumi.openapi_spot_feed | Rejecting tick: bid >= ask (symbol_id=3 bid=18718800.00000 ask=0.00000)
2026-04-29 21:39:06 | WARNING  | ayumi.openapi_spot_feed | Rejecting tick: bid >= ask (symbol_id=3 bid=18718400.00000 ask=0.00000)
2026-04-29 21:39:06 | WARNING  | ayumi.openapi_spot_feed | Rejecting tick: bid >= ask (symbol_id=3 bid=18718500.00000 ask=0.00000)
2026-04-29 21:39:07 | WARNING  | ayumi.openapi_spot_feed | Rejecting tick: bid >= ask (symbol_id=3 bid=18718400.00000 ask=0.00000)
2026-04-29 21:39:07 | WARNING  | ayumi.openapi_spot_feed | Rejecting tick: bid >= ask (symbol_id=3 bid=18718600.00000 ask=0.00000)
2026-04-29 21:39:09 | WARNING  | ayumi.openapi_spot_feed | Rejecting tick: bid >= ask (symbol_id=3 bid=18718100.00000 ask=0.00000)
2026-04-29 21:39:10 | WARNING  | ayumi.openapi_spot_feed | Rejecting tick: bid >= ask (symbol_id=3 bid=18718000.00000 ask=0.00000)
2026-04-29 21:39:11 | WARNING  | ayumi.openapi_spot_feed | Rejecting tick: bid >= ask (symbol_id=3 bid=18718200.00000 ask=0.00000)
2026-04-29 21:39:11 | WARNING  | ayumi.openapi_spot_feed | Rejecting tick: bid >= ask (symbol_id=3 bid=18718100.00000 ask=0.00000)
2026-04-29 21:39:12 | WARNING  | ayumi.openapi_spot_feed | Rejecting tick: spread too wide (symbol_id=3 spread=18742400.00000 max=93712.00000)
2026-04-29 21:39:12 | WARNING  | ayumi.openapi_spot_feed | Rejecting tick: bid >= ask (symbol_id=3 bid=18718200.00000 ask=0.00000)
2026-04-29 21:39:13 | WARNING  | ayumi.openapi_spot_feed | Rejecting tick: bid >= ask (symbol_id=3 bid=18718300.00000 ask=0.00000)
2026-04-29 21:39:14 | WARNING  | ayumi.openapi_spot_feed | Rejecting tick: bid >= ask (symbol_id=3 bid=18718300.00000 ask=0.00000)
2026-04-29 21:39:14 | WARNING  | ayumi.openapi_spot_feed | Rejecting tick: bid >= ask (symbol_id=3 bid=18718200.00000 ask=0.00000)
2026-04-29 21:39:15 | WARNING  | ayumi.openapi_spot_feed | Rejecting tick: bid >= ask (symbol_id=3 bid=18718300.00000 ask=0.00000)
2026-04-29 21:39:16 | WARNING  | ayumi.openapi_spot_feed | Rejecting tick: bid >= ask (symbol_id=3 bid=18718200.00000 ask=0.00000)
2026-04-29 21:39:16 | WARNING  | ayumi.openapi_spot_feed | Rejecting tick: bid >= ask (symbol_id=3 bid=18718300.00000 ask=0.00000)
2026-04-29 21:39:16 | WARNING  | ayumi.openapi_spot_feed | Rejecting tick: bid >= ask (symbol_id=3 bid=18718200.00000 ask=0.00000)
2026-04-29 21:39:17 | WARNING  | ayumi.openapi_spot_feed | Rejecting tick: bid >= ask (symbol_id=3 bid=18718100.00000 ask=0.00000)
2026-04-29 21:39:18 | WARNING  | ayumi.openapi_spot_feed | Rejecting tick: bid >= ask (symbol_id=3 bid=18718200.00000 ask=0.00000)
2026-04-29 21:39:18 | WARNING  | ayumi.openapi_spot_feed | Rejecting tick: bid >= ask (symbol_id=3 bid=18718300.00000 ask=0.00000)
2026-04-29 21:39:20 | WARNING  | ayumi.openapi_spot_feed | Rejecting tick: bid >= ask (symbol_id=3 bid=18719200.00000 ask=0.00000)
2026-04-29 21:39:22 | WARNING  | ayumi.openapi_spot_feed | Rejecting tick: bid >= ask (symbol_id=3 bid=18718600.00000 ask=0.00000)
2026-04-29 21:39:22 | WARNING  | ayumi.openapi_spot_feed | Rejecting tick: bid >= ask (symbol_id=3 bid=18718100.00000 ask=0.00000)
2026-04-29 21:39:23 | WARNING  | ayumi.openapi_spot_feed | Rejecting tick: spread too wide (symbol_id=3 spread=18743200.00000 max=93716.00000)
2026-04-29 21:39:24 | WARNING  | ayumi.openapi_spot_feed | Rejecting tick: spread too wide (symbol_id=3 spread=18743000.00000 max=93715.00000)
2026-04-29 21:39:24 | WARNING  | ayumi.openapi_spot_feed | Rejecting tick: bid >= ask (symbol_id=3 bid=18718200.00000 ask=0.00000)
2026-04-29 21:39:26 | WARNING  | ayumi.openapi_spot_feed | Rejecting tick: bid >= ask (symbol_id=3 bid=18718100.00000 ask=0.00000)
2026-04-29 21:39:29 | WARNING  | ayumi.openapi_spot_feed | Rejecting tick: bid >= ask (symbol_id=3 bid=18718200.00000 ask=0.00000)
2026-04-29 21:39:29 | WARNING  | ayumi.openapi_spot_feed | Rejecting tick: bid >= ask (symbol_id=3 bid=18718100.00000 ask=0.00000)
2026-04-29 21:39:30 | WARNING  | ayumi.openapi_spot_feed | Rejecting tick: bid >= ask (symbol_id=3 bid=18717800.00000 ask=0.00000)
2026-04-29 21:39:31 | WARNING  | ayumi.openapi_spot_feed | Rejecting tick: spread too wide (symbol_id=3 spread=18743100.00000 max=93715.50000)
2026-04-29 21:39:31 | WARNING  | ayumi.openapi_spot_feed | Rejecting tick: bid >= ask (symbol_id=3 bid=18717700.00000 ask=0.00000)
2026-04-29 21:39:31 | WARNING  | ayumi.openapi_spot_feed | Rejecting tick: bid >= ask (symbol_id=3 bid=18717900.00000 ask=0.00000)
2026-04-29 21:39:32 | WARNING  | ayumi.openapi_spot_feed | Rejecting tick: spread too wide (symbol_id=2 spread=134865.00000 max=674.32500)
2026-04-29 21:39:33 | WARNING  | ayumi.openapi_spot_feed | Rejecting tick: bid >= ask (symbol_id=3 bid=18718700.00000 ask=0.00000)
2026-04-29 21:39:33 | WARNING  | ayumi.openapi_spot_feed | Rejecting tick: bid >= ask (symbol_id=2 bid=134765.00000 ask=0.00000)
2026-04-29 21:39:33 | WARNING  | ayumi.openapi_spot_feed | Rejecting tick: bid >= ask (symbol_id=3 bid=18718300.00000 ask=0.00000)
2026-04-29 21:39:34 | WARNING  | ayumi.openapi_spot_feed | Rejecting tick: bid >= ask (symbol_id=3 bid=18718000.00000 ask=0.00000)
2026-04-29 21:39:34 | WARNING  | ayumi.openapi_spot_feed | Rejecting tick: bid >= ask (symbol_id=3 bid=18718200.00000 ask=0.00000)
2026-04-29 21:39:35 | WARNING  | ayumi.openapi_spot_feed | Rejecting tick: bid >= ask (symbol_id=3 bid=18717800.00000 ask=0.00000)
2026-04-29 21:39:37 | WARNING  | ayumi.openapi_spot_feed | Rejecting tick: spread too wide (symbol_id=3 spread=18743100.00000 max=93715.50000)
2026-04-29 21:39:38 | WARNING  | ayumi.openapi_spot_feed | Rejecting tick: spread too wide (symbol_id=3 spread=18743200.00000 max=93716.00000)
2026-04-29 21:39:38 | WARNING  | ayumi.openapi_spot_feed | Rejecting tick: bid >= ask (symbol_id=3 bid=18717400.00000 ask=0.00000)
2026-04-29 21:39:38 | WARNING  | ayumi.openapi_spot_feed | Rejecting tick: bid >= ask (symbol_id=3 bid=18717300.00000 ask=0.00000)
2026-04-29 21:39:39 | WARNING  | ayumi.openapi_spot_feed | Rejecting tick: bid >= ask (symbol_id=3 bid=18717400.00000 ask=0.00000)
2026-04-29 21:39:39 | WARNING  | ayumi.openapi_spot_feed | Rejecting tick: bid >= ask (symbol_id=2 bid=134760.00000 ask=0.00000)
2026-04-29 21:39:39 | WARNING  | ayumi.openapi_spot_feed | Rejecting tick: spread too wide (symbol_id=3 spread=18743100.00000 max=93715.50000)
2026-04-29 21:39:40 | WARNING  | ayumi.openapi_spot_feed | Rejecting tick: bid >= ask (symbol_id=3 bid=18718500.00000 ask=0.00000)
2026-04-29 21:39:42 | WARNING  | ayumi.openapi_spot_feed | Rejecting tick: bid >= ask (symbol_id=3 bid=18718000.00000 ask=0.00000)
2026-04-29 21:39:42 | WARNING  | ayumi.openapi_spot_feed | Rejecting tick: bid >= ask (symbol_id=3 bid=18718400.00000 ask=0.00000)
2026-04-29 21:39:42 | WARNING  | ayumi.openapi_spot_feed | Rejecting tick: bid >= ask (symbol_id=3 bid=18718200.00000 ask=0.00000)
2026-04-29 21:39:43 | WARNING  | ayumi.openapi_spot_feed | Rejecting tick: bid >= ask (symbol_id=3 bid=18718000.00000 ask=0.00000)
2026-04-29 21:39:43 | WARNING  | ayumi.openapi_spot_feed | Rejecting tick: bid >= ask (symbol_id=3 bid=18718100.00000 ask=0.00000)
2026-04-29 21:39:44 | WARNING  | ayumi.openapi_spot_feed | Rejecting tick: bid >= ask (symbol_id=3 bid=18717700.00000 ask=0.00000)
2026-04-29 21:39:44 | WARNING  | ayumi.openapi_spot_feed | Rejecting tick: bid >= ask (symbol_id=3 bid=18717900.00000 ask=0.00000)
2026-04-29 21:39:45 | WARNING  | ayumi.openapi_spot_feed | Rejecting tick: bid >= ask (symbol_id=3 bid=18718100.00000 ask=0.00000)
2026-04-29 21:39:45 | WARNING  | ayumi.openapi_spot_feed | Rejecting tick: bid >= ask (symbol_id=3 bid=18718500.00000 ask=0.00000)
2026-04-29 21:39:47 | WARNING  | ayumi.openapi_spot_feed | Rejecting tick: bid >= ask (symbol_id=3 bid=18718100.00000 ask=0.00000)
2026-04-29 21:39:47 | WARNING  | ayumi.openapi_spot_feed | Rejecting tick: bid >= ask (symbol_id=3 bid=18717900.00000 ask=0.00000)
2026-04-29 21:39:47 | WARNING  | ayumi.openapi_spot_feed | Rejecting tick: bid >= ask (symbol_id=3 bid=18718000.00000 ask=0.00000)
2026-04-29 21:39:47 | WARNING  | ayumi.openapi_spot_feed | Rejecting tick: bid >= ask (symbol_id=3 bid=18718100.00000 ask=0.00000)
2026-04-29 21:39:50 | WARNING  | ayumi.openapi_spot_feed | Rejecting tick: spread too wide (symbol_id=3 spread=18742900.00000 max=93714.50000)
2026-04-29 21:39:51 | WARNING  | ayumi.openapi_spot_feed | Rejecting tick: bid >= ask (symbol_id=3 bid=18718100.00000 ask=0.00000)
2026-04-29 21:39:51 | WARNING  | ayumi.openapi_spot_feed | Rejecting tick: bid >= ask (symbol_id=3 bid=18717800.00000 ask=0.00000)
2026-04-29 21:39:51 | WARNING  | ayumi.openapi_spot_feed | Rejecting tick: bid >= ask (symbol_id=3 bid=18717900.00000 ask=0.00000)
2026-04-29 21:39:52 | WARNING  | ayumi.openapi_spot_feed | Rejecting tick: bid >= ask (symbol_id=3 bid=18717800.00000 ask=0.00000)
2026-04-29 21:39:52 | WARNING  | ayumi.openapi_spot_feed | Rejecting tick: bid >= ask (symbol_id=3 bid=18717600.00000 ask=0.00000)
2026-04-29 21:39:54 | WARNING  | ayumi.openapi_spot_feed | Rejecting tick: bid >= ask (symbol_id=3 bid=18718600.00000 ask=0.00000)
2026-04-29 21:39:55 | WARNING  | ayumi.openapi_spot_feed | Rejecting tick: bid >= ask (symbol_id=2 bid=134758.00000 ask=0.00000)
2026-04-29 21:39:55 | WARNING  | ayumi.openapi_spot_feed | Rejecting tick: spread too wide (symbol_id=3 spread=18741900.00000 max=93709.50000)
2026-04-29 21:39:59 | WARNING  | ayumi.openapi_spot_feed | Rejecting tick: bid >= ask (symbol_id=3 bid=18718200.00000 ask=0.00000)
2026-04-29 21:40:00 | WARNING  | ayumi.openapi_spot_feed | Rejecting tick: bid >= ask (symbol_id=3 bid=18718600.00000 ask=0.00000)
2026-04-29 21:40:00 | WARNING  | ayumi.openapi_spot_feed | Rejecting tick: bid >= ask (symbol_id=3 bid=18718300.00000 ask=0.00000)
2026-04-29 21:40:01 | WARNING  | ayumi.openapi_spot_feed | Rejecting tick: bid >= ask (symbol_id=3 bid=18718500.00000 ask=0.00000)
2026-04-29 21:40:01 | WARNING  | ayumi.openapi_spot_feed | Rejecting tick: spread too wide (symbol_id=2 spread=134866.00000 max=674.33000)
2026-04-29 21:40:01 | WARNING  | ayumi.openapi_spot_feed | Rejecting tick: bid >= ask (symbol_id=3 bid=18718100.00000 ask=0.00000)
2026-04-29 21:40:02 | WARNING  | ayumi.openapi_spot_feed | Rejecting tick: bid >= ask (symbol_id=3 bid=18718900.00000 ask=0.00000)
2026-04-29 21:40:03 | WARNING  | ayumi.openapi_spot_feed | Rejecting tick: bid >= ask (symbol_id=3 bid=18718800.00000 ask=0.00000)
2026-04-29 21:40:04 | WARNING  | ayumi.openapi_spot_feed | Rejecting tick: spread too wide (symbol_id=2 spread=134865.00000 max=674.32500)
2026-04-29 21:40:05 | WARNING  | ayumi.openapi_spot_feed | Rejecting tick: spread too wide (symbol_id=3 spread=18742200.00000 max=93711.00000)
2026-04-29 21:40:06 | WARNING  | ayumi.openapi_spot_feed | Rejecting tick: spread too wide (symbol_id=2 spread=134866.00000 max=674.33000)
2026-04-29 21:40:06 | WARNING  | ayumi.openapi_spot_feed | Rejecting tick: bid >= ask (symbol_id=3 bid=18718000.00000 ask=0.00000)
2026-04-29 21:40:07 | WARNING  | ayumi.openapi_spot_feed | Rejecting tick: bid >= ask (symbol_id=3 bid=18717900.00000 ask=0.00000)
2026-04-29 21:40:07 | WARNING  | ayumi.openapi_spot_feed | Rejecting tick: spread too wide (symbol_id=3 spread=18742900.00000 max=93714.50000)
2026-04-29 21:40:07 | WARNING  | ayumi.openapi_spot_feed | Rejecting tick: spread too wide (symbol_id=2 spread=134864.00000 max=674.32000)
2026-04-29 21:40:11 | WARNING  | ayumi.openapi_spot_feed | Rejecting tick: spread too wide (symbol_id=2 spread=134863.00000 max=674.31500)
2026-04-29 21:40:12 | WARNING  | ayumi.openapi_spot_feed | Rejecting tick: bid >= ask (symbol_id=3 bid=18717500.00000 ask=0.00000)
2026-04-29 21:40:12 | WARNING  | ayumi.openapi_spot_feed | Rejecting tick: spread too wide (symbol_id=2 spread=134864.00000 max=674.32000)
2026-04-29 21:40:12 | WARNING  | ayumi.openapi_spot_feed | Rejecting tick: spread too wide (symbol_id=2 spread=134863.00000 max=674.31500)
2026-04-29 21:40:13 | WARNING  | ayumi.openapi_spot_feed | Rejecting tick: bid >= ask (symbol_id=3 bid=18717700.00000 ask=0.00000)
2026-04-29 21:40:16 | WARNING  | ayumi.openapi_spot_feed | Rejecting tick: spread too wide (symbol_id=2 spread=134865.00000 max=674.32500)
2026-04-29 21:40:16 | WARNING  | ayumi.openapi_spot_feed | Rejecting tick: bid >= ask (symbol_id=2 bid=134753.00000 ask=0.00000)
2026-04-29 21:40:16 | WARNING  | ayumi.openapi_spot_feed | Rejecting tick: spread too wide (symbol_id=2 spread=134864.00000 max=674.32000)
2026-04-29 21:40:17 | WARNING  | ayumi.openapi_spot_feed | Rejecting tick: spread too wide (symbol_id=2 spread=134865.00000 max=674.32500)
2026-04-29 21:40:17 | WARNING  | ayumi.openapi_spot_feed | Rejecting tick: bid >= ask (symbol_id=3 bid=18717000.00000 ask=0.00000)
2026-04-29 21:40:19 | WARNING  | ayumi.openapi_spot_feed | Rejecting tick: bid >= ask (symbol_id=3 bid=18717400.00000 ask=0.00000)
2026-04-29 21:40:20 | WARNING  | ayumi.openapi_spot_feed | Rejecting tick: spread too wide (symbol_id=2 spread=134864.00000 max=674.32000)
2026-04-29 21:40:21 | WARNING  | ayumi.openapi_spot_feed | Rejecting tick: bid >= ask (symbol_id=3 bid=18718300.00000 ask=0.00000)
2026-04-29 21:40:22 | WARNING  | ayumi.openapi_spot_feed | Rejecting tick: bid >= ask (symbol_id=3 bid=18718200.00000 ask=0.00000)
2026-04-29 21:40:23 | WARNING  | ayumi.openapi_spot_feed | Rejecting tick: spread too wide (symbol_id=3 spread=18742600.00000 max=93713.00000)
2026-04-29 21:40:24 | WARNING  | ayumi.openapi_spot_feed | Rejecting tick: bid >= ask (symbol_id=3 bid=18719700.00000 ask=0.00000)
2026-04-29 21:40:25 | WARNING  | ayumi.openapi_spot_feed | Rejecting tick: bid >= ask (symbol_id=3 bid=18718900.00000 ask=0.00000)
2026-04-29 21:40:25 | WARNING  | ayumi.openapi_spot_feed | Rejecting tick: spread too wide (symbol_id=2 spread=134866.00000 max=674.33000)
2026-04-29 21:40:25 | WARNING  | ayumi.openapi_spot_feed | Rejecting tick: spread too wide (symbol_id=2 spread=134863.00000 max=674.31500)
2026-04-29 21:40:25 | WARNING  | ayumi.openapi_spot_feed | Rejecting tick: bid >= ask (symbol_id=3 bid=18717900.00000 ask=0.00000)
2026-04-29 21:40:26 | WARNING  | ayumi.openapi_spot_feed | Rejecting tick: spread too wide (symbol_id=2 spread=134866.00000 max=674.33000)
2026-04-29 21:40:26 | WARNING  | ayumi.openapi_spot_feed | Rejecting tick: bid >= ask (symbol_id=3 bid=18718900.00000 ask=0.00000)
2026-04-29 21:40:26 | WARNING  | ayumi.openapi_spot_feed | Rejecting tick: spread too wide (symbol_id=2 spread=134865.00000 max=674.32500)
2026-04-29 21:40:27 | WARNING  | ayumi.openapi_spot_feed | Rejecting tick: spread too wide (symbol_id=2 spread=134863.00000 max=674.31500)
2026-04-29 21:40:27 | WARNING  | ayumi.openapi_spot_feed | Rejecting tick: spread too wide (symbol_id=2 spread=134866.00000 max=674.33000)
2026-04-29 21:40:28 | WARNING  | ayumi.openapi_spot_feed | Rejecting tick: spread too wide (symbol_id=2 spread=134864.00000 max=674.32000)
2026-04-29 21:40:28 | WARNING  | ayumi.openapi_spot_feed | Rejecting tick: bid >= ask (symbol_id=3 bid=18717900.00000 ask=0.00000)
2026-04-29 21:40:28 | WARNING  | ayumi.openapi_spot_feed | Rejecting tick: bid >= ask (symbol_id=3 bid=18718400.00000 ask=0.00000)
2026-04-29 21:40:29 | WARNING  | ayumi.openapi_spot_feed | Rejecting tick: bid >= ask (symbol_id=3 bid=18718000.00000 ask=0.00000)
2026-04-29 21:40:29 | WARNING  | ayumi.openapi_spot_feed | Rejecting tick: spread too wide (symbol_id=2 spread=134865.00000 max=674.32500)
2026-04-29 21:40:30 | WARNING  | ayumi.openapi_spot_feed | Rejecting tick: spread too wide (symbol_id=2 spread=134866.00000 max=674.33000)
2026-04-29 21:40:30 | WARNING  | ayumi.openapi_spot_feed | Rejecting tick: bid >= ask (symbol_id=3 bid=18717300.00000 ask=0.00000)
2026-04-29 21:40:30 | WARNING  | ayumi.openapi_spot_feed | Rejecting tick: bid >= ask (symbol_id=3 bid=18718200.00000 ask=0.00000)
2026-04-29 21:40:31 | WARNING  | ayumi.openapi_spot_feed | Rejecting tick: bid >= ask (symbol_id=3 bid=18718300.00000 ask=0.00000)
2026-04-29 21:40:35 | WARNING  | ayumi.openapi_spot_feed | Rejecting tick: bid >= ask (symbol_id=2 bid=134761.00000 ask=0.00000)
2026-04-29 21:40:35 | WARNING  | ayumi.openapi_spot_feed | Rejecting tick: spread too wide (symbol_id=3 spread=18741300.00000 max=93706.50000)
2026-04-29 21:40:35 | WARNING  | ayumi.openapi_spot_feed | Rejecting tick: spread too wide (symbol_id=3 spread=18741200.00000 max=93706.00000)
2026-04-29 21:40:36 | WARNING  | ayumi.openapi_spot_feed | Rejecting tick: spread too wide (symbol_id=3 spread=18741500.00000 max=93707.50000)
2026-04-29 21:40:36 | WARNING  | ayumi.openapi_spot_feed | Rejecting tick: spread too wide (symbol_id=3 spread=18741400.00000 max=93707.00000)
2026-04-29 21:40:38 | WARNING  | ayumi.openapi_spot_feed | Rejecting tick: spread too wide (symbol_id=3 spread=18741600.00000 max=93708.00000)
2026-04-29 21:40:40 | WARNING  | ayumi.openapi_spot_feed | Rejecting tick: spread too wide (symbol_id=3 spread=18741500.00000 max=93707.50000)
2026-04-29 21:40:41 | WARNING  | ayumi.openapi_spot_feed | Rejecting tick: spread too wide (symbol_id=3 spread=18741600.00000 max=93708.00000)
2026-04-29 21:40:42 | WARNING  | ayumi.openapi_spot_feed | Rejecting tick: bid >= ask (symbol_id=3 bid=18718200.00000 ask=0.00000)
2026-04-29 21:40:48 | WARNING  | ayumi.openapi_spot_feed | Rejecting tick: bid >= ask (symbol_id=2 bid=134764.00000 ask=0.00000)
2026-04-29 21:40:49 | WARNING  | ayumi.openapi_spot_feed | Rejecting tick: bid >= ask (symbol_id=3 bid=18718700.00000 ask=0.00000)
2026-04-29 21:40:49 | WARNING  | ayumi.openapi_spot_feed | Rejecting tick: bid >= ask (symbol_id=2 bid=134763.00000 ask=0.00000)
2026-04-29 21:40:51 | WARNING  | ayumi.openapi_spot_feed | Rejecting tick: bid >= ask (symbol_id=2 bid=134762.00000 ask=0.00000)
2026-04-29 21:40:52 | WARNING  | ayumi.openapi_spot_feed | Rejecting tick: bid >= ask (symbol_id=3 bid=18718300.00000 ask=0.00000)
2026-04-29 21:40:54 | WARNING  | ayumi.openapi_spot_feed | Rejecting tick: bid >= ask (symbol_id=3 bid=18718300.00000 ask=0.00000)
2026-04-29 21:40:55 | WARNING  | ayumi.openapi_spot_feed | Rejecting tick: bid >= ask (symbol_id=3 bid=18718400.00000 ask=0.00000)
2026-04-29 21:40:57 | WARNING  | ayumi.openapi_spot_feed | Rejecting tick: bid >= ask (symbol_id=3 bid=18718900.00000 ask=0.00000)
2026-04-29 21:40:57 | WARNING  | ayumi.openapi_spot_feed | Rejecting tick: bid >= ask (symbol_id=2 bid=134765.00000 ask=0.00000)
2026-04-29 21:41:02 | WARNING  | ayumi.openapi_spot_feed | Rejecting tick: bid >= ask (symbol_id=3 bid=18718500.00000 ask=0.00000)
2026-04-29 21:41:04 | WARNING  | ayumi.openapi_spot_feed | Rejecting tick: bid >= ask (symbol_id=3 bid=18718300.00000 ask=0.00000)
2026-04-29 21:41:10 | WARNING  | ayumi.openapi_spot_feed | Rejecting tick: spread too wide (symbol_id=3 spread=18740600.00000 max=93703.00000)
2026-04-29 21:41:16 | WARNING  | ayumi.openapi_spot_feed | Rejecting tick: spread too wide (symbol_id=3 spread=18740500.00000 max=93702.50000)
2026-04-29 21:41:26 | WARNING  | ayumi.openapi_spot_feed | Rejecting tick: spread too wide (symbol_id=3 spread=18739200.00000 max=93696.00000)
2026-04-29 21:41:36 | WARNING  | ayumi.openapi_spot_feed | Rejecting tick: bid >= ask (symbol_id=3 bid=18718400.00000 ask=0.00000)
2026-04-29 21:41:37 | WARNING  | ayumi.openapi_spot_feed | Rejecting tick: bid >= ask (symbol_id=3 bid=18718300.00000 ask=0.00000)
2026-04-29 21:41:45 | WARNING  | ayumi.openapi_spot_feed | Rejecting tick: spread too wide (symbol_id=3 spread=18739700.00000 max=93698.50000)
2026-04-29 21:41:50 | WARNING  | ayumi.openapi_spot_feed | Rejecting tick: spread too wide (symbol_id=3 spread=18739300.00000 max=93696.50000)
2026-04-29 21:41:52 | WARNING  | ayumi.openapi_spot_feed | Rejecting tick: bid >= ask (symbol_id=3 bid=18717900.00000 ask=0.00000)
2026-04-29 21:41:56 | WARNING  | ayumi.openapi_spot_feed | Rejecting tick: bid >= ask (symbol_id=2 bid=134770.00000 ask=0.00000)
2026-04-29 21:41:59 | WARNING  | ayumi.openapi_spot_feed | Rejecting tick: bid >= ask (symbol_id=3 bid=18717300.00000 ask=0.00000)
2026-04-29 21:42:01 | WARNING  | ayumi.openapi_spot_feed | Rejecting tick: bid >= ask (symbol_id=2 bid=134766.00000 ask=0.00000)
2026-04-29 21:42:01 | WARNING  | ayumi.openapi_spot_feed | Rejecting tick: bid >= ask (symbol_id=2 bid=134761.00000 ask=0.00000)
2026-04-29 21:42:02 | WARNING  | ayumi.openapi_spot_feed | Rejecting tick: bid >= ask (symbol_id=3 bid=18713500.00000 ask=0.00000)
2026-04-29 21:42:03 | WARNING  | ayumi.openapi_spot_feed | Rejecting tick: bid >= ask (symbol_id=3 bid=18713700.00000 ask=0.00000)
2026-04-29 21:42:04 | WARNING  | ayumi.openapi_spot_feed | Rejecting tick: spread too wide (symbol_id=2 spread=134865.00000 max=674.32500)
2026-04-29 21:42:05 | WARNING  | ayumi.openapi_spot_feed | Rejecting tick: spread too wide (symbol_id=2 spread=134866.00000 max=674.33000)
2026-04-29 21:42:06 | WARNING  | ayumi.openapi_spot_feed | Rejecting tick: bid >= ask (symbol_id=2 bid=134760.00000 ask=0.00000)
2026-04-29 21:42:06 | WARNING  | ayumi.openapi_spot_feed | Rejecting tick: spread too wide (symbol_id=2 spread=134865.00000 max=674.32500)
2026-04-29 21:42:07 | WARNING  | ayumi.openapi_spot_feed | Rejecting tick: bid >= ask (symbol_id=3 bid=18714100.00000 ask=0.00000)
2026-04-29 21:42:07 | WARNING  | ayumi.openapi_spot_feed | Rejecting tick: spread too wide (symbol_id=3 spread=18738600.00000 max=93693.00000)
2026-04-29 21:42:07 | WARNING  | ayumi.openapi_spot_feed | Rejecting tick: spread too wide (symbol_id=2 spread=134866.00000 max=674.33000)
2026-04-29 21:42:08 | WARNING  | ayumi.openapi_spot_feed | Rejecting tick: spread too wide (symbol_id=2 spread=134864.00000 max=674.32000)
2026-04-29 21:42:08 | WARNING  | ayumi.openapi_spot_feed | Rejecting tick: spread too wide (symbol_id=2 spread=134866.00000 max=674.33000)
2026-04-29 21:42:09 | WARNING  | ayumi.openapi_spot_feed | Rejecting tick: bid >= ask (symbol_id=3 bid=18716500.00000 ask=0.00000)
2026-04-29 21:42:10 | WARNING  | ayumi.openapi_spot_feed | Rejecting tick: spread too wide (symbol_id=2 spread=134865.00000 max=674.32500)
2026-04-29 21:42:11 | WARNING  | ayumi.openapi_spot_feed | Rejecting tick: bid >= ask (symbol_id=3 bid=18716100.00000 ask=0.00000)
2026-04-29 21:42:12 | WARNING  | ayumi.openapi_spot_feed | Rejecting tick: bid >= ask (symbol_id=3 bid=18716200.00000 ask=0.00000)
2026-04-29 21:42:12 | WARNING  | ayumi.openapi_spot_feed | Rejecting tick: spread too wide (symbol_id=3 spread=18741100.00000 max=93705.50000)
2026-04-29 21:42:17 | WARNING  | ayumi.openapi_spot_feed | Rejecting tick: spread too wide (symbol_id=2 spread=134859.00000 max=674.29500)
2026-04-29 21:42:18 | WARNING  | ayumi.openapi_spot_feed | Rejecting tick: bid >= ask (symbol_id=2 bid=134744.00000 ask=0.00000)
2026-04-29 21:42:18 | WARNING  | ayumi.openapi_spot_feed | Rejecting tick: spread too wide (symbol_id=3 spread=18738800.00000 max=93694.00000)
2026-04-29 21:42:19 | WARNING  | ayumi.openapi_spot_feed | Rejecting tick: spread too wide (symbol_id=3 spread=18738700.00000 max=93693.50000)
2026-04-29 21:42:20 | WARNING  | ayumi.openapi_spot_feed | Rejecting tick: spread too wide (symbol_id=2 spread=134855.00000 max=674.27500)
2026-04-29 21:42:21 | WARNING  | ayumi.openapi_spot_feed | Rejecting tick: bid >= ask (symbol_id=3 bid=18712400.00000 ask=0.00000)
2026-04-29 21:42:21 | WARNING  | ayumi.openapi_spot_feed | Rejecting tick: spread too wide (symbol_id=3 spread=18738300.00000 max=93691.50000)
2026-04-29 21:42:27 | WARNING  | ayumi.openapi_spot_feed | Rejecting tick: spread too wide (symbol_id=3 spread=18738500.00000 max=93692.50000)
2026-04-29 21:42:33 | WARNING  | ayumi.openapi_spot_feed | Rejecting tick: spread too wide (symbol_id=3 spread=18738700.00000 max=93693.50000)
2026-04-29 21:42:33 | WARNING  | ayumi.openapi_spot_feed | Rejecting tick: bid >= ask (symbol_id=2 bid=134755.00000 ask=0.00000)
2026-04-29 21:42:35 | WARNING  | ayumi.openapi_spot_feed | Rejecting tick: bid >= ask (symbol_id=2 bid=134750.00000 ask=0.00000)
2026-04-29 21:42:37 | WARNING  | ayumi.openapi_spot_feed | Rejecting tick: bid >= ask (symbol_id=3 bid=18713800.00000 ask=0.00000)
2026-04-29 21:42:41 | WARNING  | ayumi.openapi_spot_feed | Rejecting tick: spread too wide (symbol_id=2 spread=134857.00000 max=674.28500)
2026-04-29 21:42:41 | WARNING  | ayumi.openapi_spot_feed | Rejecting tick: bid >= ask (symbol_id=3 bid=18712100.00000 ask=0.00000)
2026-04-29 21:42:42 | WARNING  | ayumi.openapi_spot_feed | Rejecting tick: bid >= ask (symbol_id=2 bid=134756.00000 ask=0.00000)
2026-04-29 21:42:43 | WARNING  | ayumi.openapi_spot_feed | Rejecting tick: spread too wide (symbol_id=3 spread=18739600.00000 max=93698.00000)
2026-04-29 21:42:44 | WARNING  | ayumi.openapi_spot_feed | Rejecting tick: spread too wide (symbol_id=2 spread=134857.00000 max=674.28500)
2026-04-29 21:42:47 | WARNING  | ayumi.openapi_spot_feed | Rejecting tick: spread too wide (symbol_id=3 spread=18740500.00000 max=93702.50000)
2026-04-29 21:42:47 | WARNING  | ayumi.openapi_spot_feed | Rejecting tick: spread too wide (symbol_id=3 spread=18740600.00000 max=93703.00000)
2026-04-29 21:42:49 | WARNING  | ayumi.openapi_spot_feed | Rejecting tick: spread too wide (symbol_id=3 spread=18740700.00000 max=93703.50000)
2026-04-29 21:42:50 | WARNING  | ayumi.openapi_spot_feed | Rejecting tick: bid >= ask (symbol_id=2 bid=134754.00000 ask=0.00000)
2026-04-29 21:42:50 | WARNING  | ayumi.openapi_spot_feed | Rejecting tick: bid >= ask (symbol_id=3 bid=18713100.00000 ask=0.00000)
2026-04-29 21:42:53 | INFO     | ayumi.forward_test | Shutdown signal received (sig=15)
2026-04-29 21:42:53 | INFO     | ayumi.openapi_spot_feed | Unsubscribed from spot events for symbol_id=2
2026-04-29 21:42:53 | INFO     | ayumi.openapi_spot_feed | Unsubscribed from spot events for symbol_id=3
2026-04-29 21:42:53 | INFO     | ayumi.openapi_spot_feed | OpenApiSpotFeed stopped
2026-04-29 21:42:53 | INFO     | ayumi.forward_test | Forward test stopped: balance=10000.00 trades=0 pnl=0.00 errors=0 reconnects=0
2026-04-29 21:42:53 | WARNING  | ayumi.openapi_spot_feed | Disconnected: [Failure instance: Traceback (failure with no frames): <class 'twisted.internet.error.ConnectionDone'>: Connection was closed cleanly.
]
2026-04-29 21:43:05 | INFO     | ayumi.blend_launcher | === Ayumi Multi-Strategy Forward Test (Blend Pipeline) ===
2026-04-29 21:43:05 | INFO     | ayumi.blend_launcher | Symbols: ['GBPUSD', 'USDJPY']
2026-04-29 21:43:07 | WARNING  | ayumi.blend_launcher | Could not fetch symbol list from OpenAPI: 'CTraderOpenApiClient' object has no attribute 'get_symbols' — using static mapping
2026-04-29 21:43:07 | INFO     | ayumi.blend_launcher | Fetching 100 H1 bars for GBPUSD (id=2)...
2026-04-29 21:43:09 | INFO     | ayumi.blend_launcher | Fetched 99 H1 bars for GBPUSD
2026-04-29 21:43:09 | INFO     | ayumi.blend_launcher | Fetching 200 M15 bars for GBPUSD (id=2)...
2026-04-29 21:43:11 | INFO     | ayumi.blend_launcher | Fetched 199 M15 bars for GBPUSD
2026-04-29 21:43:11 | INFO     | ayumi.blend_launcher | Fetching 100 H1 bars for USDJPY (id=3)...
2026-04-29 21:43:13 | INFO     | ayumi.blend_launcher | Fetched 99 H1 bars for USDJPY
2026-04-29 21:43:13 | INFO     | ayumi.blend_launcher | Fetching 200 M15 bars for USDJPY (id=3)...
2026-04-29 21:43:15 | INFO     | ayumi.blend_launcher | Fetched 199 M15 bars for USDJPY
2026-04-29 21:43:15 | INFO     | ayumi.blend_launcher | Registered 5 strategies: ['SRMR+', 'Killzone Momentum', 'Donchian Channel Breakout', 'Session-Range Mean Reversion', 'BB+RSI Mean Reversion']
2026-04-29 21:43:15 | INFO     | ayumi.blend_launcher | All strategy .name properties verified against maps
2026-04-29 21:43:15 | INFO     | ayumi.risk | Restored risk state from data/risk_state_blend.json
2026-04-29 21:43:15 | INFO     | ayumi.forward_test | BlendForwardTestRunner started — balance=$10000.00
2026-04-29 21:43:15 | INFO     | ayumi.forward_test | Preloaded 99 bars into key 'GBPUSD:60'
2026-04-29 21:43:15 | INFO     | ayumi.blend_launcher | Preloaded 99 H1 bars for GBPUSD
2026-04-29 21:43:15 | INFO     | ayumi.forward_test | Preloaded 199 bars into key 'GBPUSD:15'
2026-04-29 21:43:15 | INFO     | ayumi.blend_launcher | Preloaded 199 M15 bars for GBPUSD
2026-04-29 21:43:15 | INFO     | ayumi.forward_test | Preloaded 99 bars into key 'USDJPY:60'
2026-04-29 21:43:15 | INFO     | ayumi.blend_launcher | Preloaded 99 H1 bars for USDJPY
2026-04-29 21:43:15 | INFO     | ayumi.forward_test | Preloaded 199 bars into key 'USDJPY:15'
2026-04-29 21:43:15 | INFO     | ayumi.blend_launcher | Preloaded 199 M15 bars for USDJPY
2026-04-29 21:43:15 | INFO     | ayumi.blend_launcher | === STARTING MULTI-STRATEGY FORWARD TEST ===
2026-04-29 21:43:15 | INFO     | ayumi.blend_launcher | Pipeline: SRMR+ + Killzone + Momentum + SessionRangeMR → Correlation Gate → Blend Runner → Paper
2026-04-29 21:43:16 | INFO     | ayumi.forward_test | Market data feed connected for ['GBPUSD', 'USDJPY']
2026-04-29 21:43:16 | INFO     | ayumi.forward_test | Forward test started: symbols=['GBPUSD', 'USDJPY'] strategies=['SRMR+', 'Killzone Momentum', 'Donchian Channel Breakout', 'Session-Range Mean Reversion', 'BB+RSI Mean Reversion'] mode=PAPER eval_interval=1.0s bar_period=60m
2026-04-29 21:46:34 | INFO     | ayumi.forward_test | Shutdown signal received (sig=15)
2026-04-29 21:46:34 | INFO     | ayumi.forward_test | Forward test stopped: balance=10000.00 trades=0 pnl=0.00 errors=0 reconnects=0
2026-04-29 21:46:46 | INFO     | ayumi.blend_launcher | === Ayumi Multi-Strategy Forward Test (Blend Pipeline) ===
2026-04-29 21:46:46 | INFO     | ayumi.blend_launcher | Symbols: ['GBPUSD', 'USDJPY']
2026-04-29 21:46:49 | WARNING  | ayumi.blend_launcher | Could not fetch symbol list from OpenAPI: 'CTraderOpenApiClient' object has no attribute 'get_symbols' — using static mapping
2026-04-29 21:46:49 | INFO     | ayumi.blend_launcher | Fetching 100 H1 bars for GBPUSD (id=2)...
2026-04-29 21:46:51 | INFO     | ayumi.blend_launcher | Fetched 99 H1 bars for GBPUSD
2026-04-29 21:46:51 | INFO     | ayumi.blend_launcher | Fetching 200 M15 bars for GBPUSD (id=2)...
2026-04-29 21:46:53 | INFO     | ayumi.blend_launcher | Fetched 199 M15 bars for GBPUSD
2026-04-29 21:46:53 | INFO     | ayumi.blend_launcher | Fetching 100 H1 bars for USDJPY (id=3)...
2026-04-29 21:46:55 | INFO     | ayumi.blend_launcher | Fetched 99 H1 bars for USDJPY
2026-04-29 21:46:55 | INFO     | ayumi.blend_launcher | Fetching 200 M15 bars for USDJPY (id=3)...
2026-04-29 21:46:57 | INFO     | ayumi.blend_launcher | Fetched 199 M15 bars for USDJPY
2026-04-29 21:46:57 | INFO     | ayumi.blend_launcher | Registered 5 strategies: ['SRMR+', 'Killzone Momentum', 'Donchian Channel Breakout', 'Session-Range Mean Reversion', 'BB+RSI Mean Reversion']
2026-04-29 21:46:57 | INFO     | ayumi.blend_launcher | All strategy .name properties verified against maps
2026-04-29 21:46:57 | INFO     | ayumi.risk | Restored risk state from data/risk_state_blend.json
2026-04-29 21:46:57 | INFO     | ayumi.forward_test | BlendForwardTestRunner started — balance=$10000.00
2026-04-29 21:46:57 | INFO     | ayumi.forward_test | Preloaded 99 bars into key 'GBPUSD:60'
2026-04-29 21:46:57 | INFO     | ayumi.blend_launcher | Preloaded 99 H1 bars for GBPUSD
2026-04-29 21:46:57 | INFO     | ayumi.forward_test | Preloaded 199 bars into key 'GBPUSD:15'
2026-04-29 21:46:57 | INFO     | ayumi.blend_launcher | Preloaded 199 M15 bars for GBPUSD
2026-04-29 21:46:57 | INFO     | ayumi.forward_test | Preloaded 99 bars into key 'USDJPY:60'
2026-04-29 21:46:57 | INFO     | ayumi.blend_launcher | Preloaded 99 H1 bars for USDJPY
2026-04-29 21:46:57 | INFO     | ayumi.forward_test | Preloaded 199 bars into key 'USDJPY:15'
2026-04-29 21:46:57 | INFO     | ayumi.blend_launcher | Preloaded 199 M15 bars for USDJPY
2026-04-29 21:46:57 | INFO     | ayumi.blend_launcher | === STARTING MULTI-STRATEGY FORWARD TEST ===
2026-04-29 21:46:57 | INFO     | ayumi.blend_launcher | Pipeline: SRMR+ + Killzone + Momentum + SessionRangeMR → Correlation Gate → Blend Runner → Paper
2026-04-29 21:46:57 | INFO     | ayumi.openapi_spot_feed | Connected to demo.ctraderapi.com:5035
2026-04-29 21:46:58 | INFO     | ayumi.openapi_spot_feed | Application authenticated
2026-04-29 21:46:59 | INFO     | ayumi.openapi_spot_feed | Account authenticated
2026-04-29 21:46:59 | INFO     | ayumi.openapi_spot_feed | Requesting symbol list for account 46877902
2026-04-29 21:47:00 | WARNING  | ayumi.openapi_spot_feed | Disconnected: [Failure instance: Traceback (failure with no frames): <class 'twisted.internet.error.ConnectionLost'>: Connection to the other side was lost in a non-clean fashion: Connection lost.
]
2026-04-29 21:47:02 | INFO     | ayumi.openapi_spot_feed | Connected to demo.ctraderapi.com:5035
2026-04-29 21:47:14 | ERROR    | ayumi.openapi_spot_feed | Send-and-wait failed: [Failure instance: Traceback: <class 'twisted.internet.defer.TimeoutError'>: (15, 'Deferred')
/home/TacoPants/projects/Ayumi/.venv/lib/python3.12/site-packages/twisted/internet/defer.py:798:timeItOut
/home/TacoPants/projects/Ayumi/.venv/lib/python3.12/site-packages/twisted/internet/defer.py:957:cancel
/home/TacoPants/projects/Ayumi/.venv/lib/python3.12/site-packages/twisted/internet/defer.py:916:errback
/home/TacoPants/projects/Ayumi/.venv/lib/python3.12/site-packages/twisted/internet/defer.py:984:_startRunCallbacks
--- <exception caught here> ---
/home/TacoPants/projects/Ayumi/.venv/lib/python3.12/site-packages/twisted/internet/defer.py:1078:_runCallbacks
/home/TacoPants/projects/Ayumi/.venv/lib/python3.12/site-packages/twisted/internet/defer.py:809:convertCancelled
/home/TacoPants/projects/Ayumi/.venv/lib/python3.12/site-packages/twisted/internet/defer.py:293:_cancelledToTimedOutError
]
2026-04-29 21:47:14 | ERROR    | ayumi.openapi_spot_feed | Symbol list API returned no response
2026-04-29 21:47:14 | WARNING  | ayumi.openapi_spot_feed | Symbol list API failed, using static fallback
2026-04-29 21:47:14 | INFO     | ayumi.openapi_spot_feed | Loaded 3 symbols from static fallback
2026-04-29 21:47:14 | INFO     | ayumi.openapi_spot_feed | Subscribed to spot events for symbol_id=2
2026-04-29 21:47:14 | INFO     | ayumi.openapi_spot_feed | Subscribed to spot events for symbol_id=3
2026-04-29 21:47:14 | INFO     | ayumi.openapi_spot_feed | OpenApiSpotFeed started: account=46877902 symbols_loaded=3
2026-04-29 21:47:14 | INFO     | ayumi.forward_test | Open API spot feed connected for ['GBPUSD', 'USDJPY']
2026-04-29 21:47:14 | INFO     | ayumi.forward_test | Forward test started: symbols=['GBPUSD', 'USDJPY'] strategies=['SRMR+', 'Killzone Momentum', 'Donchian Channel Breakout', 'Session-Range Mean Reversion', 'BB+RSI Mean Reversion'] mode=PAPER eval_interval=1.0s bar_period=60m
2026-04-29 21:47:15 | ERROR    | ayumi.openapi_spot_feed | API error: INVALID_REQUEST — Trading account is not authorized
2026-04-29 21:47:15 | ERROR    | ayumi.openapi_spot_feed | API error: INVALID_REQUEST — Trading account is not authorized
2026-04-29 21:47:32 | WARNING  | ayumi.openapi_spot_feed | Disconnected: [Failure instance: Traceback (failure with no frames): <class 'twisted.internet.error.ConnectionDone'>: Connection was closed cleanly.
]
2026-04-29 21:47:32 | INFO     | ayumi.openapi_spot_feed | Reconnect scheduled in 6.2s (attempt 1)
2026-04-29 21:47:33 | INFO     | ayumi.openapi_spot_feed | Connected to demo.ctraderapi.com:5035
2026-04-29 21:47:38 | INFO     | ayumi.openapi_spot_feed | Attempting reconnection...
2026-04-29 21:47:38 | INFO     | ayumi.openapi_spot_feed | Connected to demo.ctraderapi.com:5035
2026-04-29 21:47:38 | WARNING  | ayumi.openapi_spot_feed | Disconnected: [Failure instance: Traceback (failure with no frames): <class 'twisted.internet.error.ConnectionDone'>: Connection was closed cleanly.
]
2026-04-29 21:47:38 | INFO     | ayumi.openapi_spot_feed | Reconnect scheduled in 12.6s (attempt 2)
2026-04-29 21:47:39 | INFO     | ayumi.openapi_spot_feed | Application authenticated
2026-04-29 21:47:40 | INFO     | ayumi.openapi_spot_feed | Account authenticated
2026-04-29 21:47:40 | INFO     | ayumi.openapi_spot_feed | Subscribed to spot events for symbol_id=2
2026-04-29 21:47:40 | INFO     | ayumi.openapi_spot_feed | Subscribed to spot events for symbol_id=3
2026-04-29 21:47:40 | INFO     | ayumi.openapi_spot_feed | Reconnection successful
2026-04-29 21:47:42 | WARNING  | ayumi.openapi_spot_feed | Rejecting tick: bid >= ask (symbol_id=3 bid=18714.50000 ask=0.00000)
2026-04-29 21:47:42 | WARNING  | ayumi.openapi_spot_feed | Rejecting tick: bid >= ask (symbol_id=3 bid=18714.40000 ask=0.00000)
2026-04-29 21:47:42 | WARNING  | ayumi.openapi_spot_feed | Rejecting tick: bid >= ask (symbol_id=2 bid=1.34750 ask=0.00000)
2026-04-29 21:47:44 | WARNING  | ayumi.openapi_spot_feed | Rejecting tick: spread too wide (symbol_id=3 spread=18739.90000 max=93.69950)
2026-04-29 21:47:45 | WARNING  | ayumi.openapi_spot_feed | Rejecting tick: bid >= ask (symbol_id=3 bid=18714.70000 ask=0.00000)
2026-04-29 21:47:46 | WARNING  | ayumi.openapi_spot_feed | Rejecting tick: spread too wide (symbol_id=3 spread=18740.00000 max=93.70000)
2026-04-29 21:47:47 | WARNING  | ayumi.openapi_spot_feed | Rejecting tick: spread too wide (symbol_id=3 spread=18740.40000 max=93.70200)
2026-04-29 21:47:47 | WARNING  | ayumi.openapi_spot_feed | Rejecting tick: spread too wide (symbol_id=2 spread=1.34819 max=0.00674)
2026-04-29 21:47:48 | WARNING  | ayumi.openapi_spot_feed | Rejecting tick: spread too wide (symbol_id=3 spread=18739.70000 max=93.69850)
2026-04-29 21:47:48 | WARNING  | ayumi.openapi_spot_feed | Rejecting tick: spread too wide (symbol_id=3 spread=18740.00000 max=93.70000)
2026-04-29 21:47:50 | WARNING  | ayumi.openapi_spot_feed | Rejecting tick: spread too wide (symbol_id=3 spread=18740.50000 max=93.70250)
2026-04-29 21:47:50 | WARNING  | ayumi.openapi_spot_feed | Rejecting tick: bid >= ask (symbol_id=3 bid=18714.60000 ask=0.00000)
2026-04-29 21:47:51 | WARNING  | ayumi.openapi_spot_feed | Rejecting tick: bid >= ask (symbol_id=2 bid=1.34747 ask=0.00000)
2026-04-29 21:47:51 | INFO     | ayumi.openapi_spot_feed | Attempting reconnection...
2026-04-29 21:47:51 | INFO     | ayumi.openapi_spot_feed | Connected to demo.ctraderapi.com:5035
2026-04-29 21:47:51 | WARNING  | ayumi.openapi_spot_feed | Disconnected: [Failure instance: Traceback (failure with no frames): <class 'twisted.internet.error.ConnectionDone'>: Connection was closed cleanly.
]
2026-04-29 21:47:51 | INFO     | ayumi.openapi_spot_feed | Reconnect scheduled in 5.6s (attempt 1)
2026-04-29 21:47:52 | INFO     | ayumi.openapi_spot_feed | Application authenticated
2026-04-29 21:47:53 | INFO     | ayumi.openapi_spot_feed | Account authenticated
2026-04-29 21:47:53 | INFO     | ayumi.openapi_spot_feed | Subscribed to spot events for symbol_id=2
2026-04-29 21:47:53 | INFO     | ayumi.openapi_spot_feed | Subscribed to spot events for symbol_id=3
2026-04-29 21:47:53 | INFO     | ayumi.openapi_spot_feed | Reconnection successful
2026-04-29 21:47:54 | WARNING  | ayumi.openapi_spot_feed | Rejecting tick: bid >= ask (symbol_id=3 bid=18714.80000 ask=0.00000)
2026-04-29 21:47:56 | INFO     | ayumi.openapi_spot_feed | Attempting reconnection...
2026-04-29 21:47:56 | INFO     | ayumi.openapi_spot_feed | Connected to demo.ctraderapi.com:5035
2026-04-29 21:47:56 | WARNING  | ayumi.openapi_spot_feed | Rejecting tick: bid >= ask (symbol_id=3 bid=18714.70000 ask=0.00000)
2026-04-29 21:47:56 | WARNING  | ayumi.openapi_spot_feed | Disconnected: [Failure instance: Traceback (failure with no frames): <class 'twisted.internet.error.ConnectionDone'>: Connection was closed cleanly.
]
2026-04-29 21:47:56 | INFO     | ayumi.openapi_spot_feed | Reconnect scheduled in 6.4s (attempt 1)
2026-04-29 21:47:58 | INFO     | ayumi.openapi_spot_feed | Application authenticated
2026-04-29 21:47:59 | INFO     | ayumi.openapi_spot_feed | Account authenticated
2026-04-29 21:47:59 | INFO     | ayumi.openapi_spot_feed | Subscribed to spot events for symbol_id=2
2026-04-29 21:47:59 | INFO     | ayumi.openapi_spot_feed | Subscribed to spot events for symbol_id=3
2026-04-29 21:47:59 | INFO     | ayumi.openapi_spot_feed | Reconnection successful
2026-04-29 21:48:00 | WARNING  | ayumi.openapi_spot_feed | Rejecting tick: spread too wide (symbol_id=2 spread=1.34818 max=0.00674)
2026-04-29 21:48:00 | WARNING  | ayumi.openapi_spot_feed | Rejecting tick: spread too wide (symbol_id=3 spread=18737.40000 max=93.68700)
2026-04-29 21:48:01 | WARNING  | ayumi.openapi_spot_feed | Rejecting tick: bid >= ask (symbol_id=2 bid=1.34757 ask=0.00000)
2026-04-29 21:48:01 | WARNING  | ayumi.openapi_spot_feed | Rejecting tick: spread too wide (symbol_id=3 spread=18737.00000 max=93.68500)
2026-04-29 21:48:01 | WARNING  | ayumi.openapi_spot_feed | Rejecting tick: spread too wide (symbol_id=3 spread=18737.30000 max=93.68650)
2026-04-29 21:48:02 | WARNING  | ayumi.openapi_spot_feed | Rejecting tick: spread too wide (symbol_id=3 spread=18738.60000 max=93.69300)
2026-04-29 21:48:03 | WARNING  | ayumi.openapi_spot_feed | Rejecting tick: bid >= ask (symbol_id=3 bid=18716.00000 ask=0.00000)
2026-04-29 21:48:03 | INFO     | ayumi.openapi_spot_feed | Attempting reconnection...
2026-04-29 21:48:03 | INFO     | ayumi.openapi_spot_feed | Connected to demo.ctraderapi.com:5035
2026-04-29 21:48:03 | WARNING  | ayumi.openapi_spot_feed | Disconnected: [Failure instance: Traceback (failure with no frames): <class 'twisted.internet.error.ConnectionDone'>: Connection was closed cleanly.
]
2026-04-29 21:48:03 | INFO     | ayumi.openapi_spot_feed | Reconnect scheduled in 6.0s (attempt 1)
2026-04-29 21:48:04 | INFO     | ayumi.openapi_spot_feed | Application authenticated
2026-04-29 21:48:05 | INFO     | ayumi.openapi_spot_feed | Account authenticated
2026-04-29 21:48:05 | INFO     | ayumi.openapi_spot_feed | Subscribed to spot events for symbol_id=2
2026-04-29 21:48:05 | INFO     | ayumi.openapi_spot_feed | Subscribed to spot events for symbol_id=3
2026-04-29 21:48:05 | INFO     | ayumi.openapi_spot_feed | Reconnection successful
2026-04-29 21:48:06 | WARNING  | ayumi.openapi_spot_feed | Rejecting tick: bid >= ask (symbol_id=3 bid=18715.60000 ask=0.00000)
2026-04-29 21:48:07 | WARNING  | ayumi.openapi_spot_feed | Rejecting tick: bid >= ask (symbol_id=3 bid=18716.30000 ask=0.00000)
2026-04-29 21:48:08 | WARNING  | ayumi.openapi_spot_feed | Rejecting tick: spread too wide (symbol_id=2 spread=1.34815 max=0.00674)
2026-04-29 21:48:08 | WARNING  | ayumi.openapi_spot_feed | Rejecting tick: bid >= ask (symbol_id=3 bid=18716.20000 ask=0.00000)
2026-04-29 21:48:09 | INFO     | ayumi.openapi_spot_feed | Attempting reconnection...
2026-04-29 21:48:09 | WARNING  | ayumi.openapi_spot_feed | Rejecting tick: spread too wide (symbol_id=3 spread=18742.30000 max=93.71150)
2026-04-29 21:48:09 | INFO     | ayumi.openapi_spot_feed | Connected to demo.ctraderapi.com:5035
2026-04-29 21:48:09 | WARNING  | ayumi.openapi_spot_feed | Disconnected: [Failure instance: Traceback (failure with no frames): <class 'twisted.internet.error.ConnectionDone'>: Connection was closed cleanly.
]
2026-04-29 21:48:09 | INFO     | ayumi.openapi_spot_feed | Reconnect scheduled in 5.3s (attempt 1)
2026-04-29 21:48:10 | INFO     | ayumi.openapi_spot_feed | Application authenticated
2026-04-29 21:48:11 | INFO     | ayumi.openapi_spot_feed | Account authenticated
2026-04-29 21:48:11 | INFO     | ayumi.openapi_spot_feed | Subscribed to spot events for symbol_id=2
2026-04-29 21:48:11 | INFO     | ayumi.openapi_spot_feed | Subscribed to spot events for symbol_id=3
2026-04-29 21:48:11 | INFO     | ayumi.openapi_spot_feed | Reconnection successful
2026-04-29 21:48:14 | INFO     | ayumi.openapi_spot_feed | Attempting reconnection...
2026-04-29 21:48:14 | INFO     | ayumi.openapi_spot_feed | Connected to demo.ctraderapi.com:5035
2026-04-29 21:48:14 | WARNING  | ayumi.openapi_spot_feed | Disconnected: [Failure instance: Traceback (failure with no frames): <class 'twisted.internet.error.ConnectionDone'>: Connection was closed cleanly.
]
2026-04-29 21:48:14 | INFO     | ayumi.openapi_spot_feed | Reconnect scheduled in 6.4s (attempt 1)
2026-04-29 21:48:16 | INFO     | ayumi.openapi_spot_feed | Application authenticated
2026-04-29 21:48:17 | INFO     | ayumi.openapi_spot_feed | Account authenticated
2026-04-29 21:48:17 | INFO     | ayumi.openapi_spot_feed | Subscribed to spot events for symbol_id=2
2026-04-29 21:48:17 | INFO     | ayumi.openapi_spot_feed | Subscribed to spot events for symbol_id=3
2026-04-29 21:48:17 | INFO     | ayumi.openapi_spot_feed | Reconnection successful
2026-04-29 21:48:19 | WARNING  | ayumi.openapi_spot_feed | Rejecting tick: spread too wide (symbol_id=3 spread=18740.50000 max=93.70250)
2026-04-29 21:48:19 | WARNING  | ayumi.openapi_spot_feed | Rejecting tick: bid >= ask (symbol_id=3 bid=18716.10000 ask=0.00000)
2026-04-29 21:48:20 | WARNING  | ayumi.openapi_spot_feed | Rejecting tick: spread too wide (symbol_id=3 spread=18740.40000 max=93.70200)
2026-04-29 21:48:21 | INFO     | ayumi.forward_test | Shutdown signal received (sig=15)
2026-04-29 21:48:21 | INFO     | ayumi.openapi_spot_feed | Unsubscribed from spot events for symbol_id=2
2026-04-29 21:48:21 | INFO     | ayumi.openapi_spot_feed | Unsubscribed from spot events for symbol_id=3
2026-04-29 21:48:21 | INFO     | ayumi.openapi_spot_feed | OpenApiSpotFeed stopped
2026-04-29 21:48:21 | INFO     | ayumi.forward_test | Forward test stopped: balance=10000.00 trades=0 pnl=0.00 errors=0 reconnects=0
2026-04-29 21:48:21 | WARNING  | ayumi.openapi_spot_feed | Disconnected: [Failure instance: Traceback (failure with no frames): <class 'twisted.internet.error.ConnectionDone'>: Connection was closed cleanly.
]
2026-04-29 21:48:33 | INFO     | ayumi.blend_launcher | === Ayumi Multi-Strategy Forward Test (Blend Pipeline) ===
2026-04-29 21:48:33 | INFO     | ayumi.blend_launcher | Symbols: ['GBPUSD', 'USDJPY']
2026-04-29 21:48:35 | WARNING  | ayumi.blend_launcher | Could not fetch symbol list from OpenAPI: 'CTraderOpenApiClient' object has no attribute 'get_symbols' — using static mapping
2026-04-29 21:48:35 | INFO     | ayumi.blend_launcher | Fetching 100 H1 bars for GBPUSD (id=2)...
2026-04-29 21:48:37 | INFO     | ayumi.blend_launcher | Fetched 99 H1 bars for GBPUSD
2026-04-29 21:48:37 | INFO     | ayumi.blend_launcher | Fetching 200 M15 bars for GBPUSD (id=2)...
2026-04-29 21:48:39 | INFO     | ayumi.blend_launcher | Fetched 199 M15 bars for GBPUSD
2026-04-29 21:48:39 | INFO     | ayumi.blend_launcher | Fetching 100 H1 bars for USDJPY (id=3)...
2026-04-29 21:48:41 | INFO     | ayumi.blend_launcher | Fetched 99 H1 bars for USDJPY
2026-04-29 21:48:41 | INFO     | ayumi.blend_launcher | Fetching 200 M15 bars for USDJPY (id=3)...
2026-04-29 21:48:43 | INFO     | ayumi.blend_launcher | Fetched 199 M15 bars for USDJPY
2026-04-29 21:48:43 | INFO     | ayumi.blend_launcher | Registered 5 strategies: ['SRMR+', 'Killzone Momentum', 'Donchian Channel Breakout', 'Session-Range Mean Reversion', 'BB+RSI Mean Reversion']
2026-04-29 21:48:43 | INFO     | ayumi.blend_launcher | All strategy .name properties verified against maps
2026-04-29 21:48:43 | INFO     | ayumi.risk | Restored risk state from data/risk_state_blend.json
2026-04-29 21:48:43 | INFO     | ayumi.forward_test | BlendForwardTestRunner started — balance=$10000.00
2026-04-29 21:48:43 | INFO     | ayumi.forward_test | Preloaded 99 bars into key 'GBPUSD:60'
2026-04-29 21:48:43 | INFO     | ayumi.blend_launcher | Preloaded 99 H1 bars for GBPUSD
2026-04-29 21:48:43 | INFO     | ayumi.forward_test | Preloaded 199 bars into key 'GBPUSD:15'
2026-04-29 21:48:43 | INFO     | ayumi.blend_launcher | Preloaded 199 M15 bars for GBPUSD
2026-04-29 21:48:43 | INFO     | ayumi.forward_test | Preloaded 99 bars into key 'USDJPY:60'
2026-04-29 21:48:43 | INFO     | ayumi.blend_launcher | Preloaded 99 H1 bars for USDJPY
2026-04-29 21:48:43 | INFO     | ayumi.forward_test | Preloaded 199 bars into key 'USDJPY:15'
2026-04-29 21:48:43 | INFO     | ayumi.blend_launcher | Preloaded 199 M15 bars for USDJPY
2026-04-29 21:48:43 | INFO     | ayumi.blend_launcher | === STARTING MULTI-STRATEGY FORWARD TEST ===
2026-04-29 21:48:43 | INFO     | ayumi.blend_launcher | Pipeline: SRMR+ + Killzone + Momentum + SessionRangeMR → Correlation Gate → Blend Runner → Paper
2026-04-29 21:48:43 | INFO     | ayumi.openapi_spot_feed | Connected to demo.ctraderapi.com:5035
2026-04-29 21:48:44 | INFO     | ayumi.openapi_spot_feed | Application authenticated
2026-04-29 21:48:45 | INFO     | ayumi.openapi_spot_feed | Account authenticated
2026-04-29 21:48:45 | INFO     | ayumi.openapi_spot_feed | Requesting symbol list for account 46877902
2026-04-29 21:48:47 | INFO     | ayumi.openapi_spot_feed | Loaded 830 symbol name mappings from API
2026-04-29 21:48:47 | INFO     | ayumi.openapi_spot_feed | Loaded 830 symbol name mappings from API
2026-04-29 21:48:47 | WARNING  | ayumi.openapi_spot_feed | Symbol list API failed, using static fallback
2026-04-29 21:48:47 | INFO     | ayumi.openapi_spot_feed | Loaded 3 symbols from static fallback
2026-04-29 21:48:47 | INFO     | ayumi.openapi_spot_feed | Subscribed to spot events for symbol_id=2
2026-04-29 21:48:47 | INFO     | ayumi.openapi_spot_feed | Subscribed to spot events for symbol_id=3
2026-04-29 21:48:47 | INFO     | ayumi.openapi_spot_feed | OpenApiSpotFeed started: account=46877902 symbols_loaded=3
2026-04-29 21:48:47 | INFO     | ayumi.forward_test | Open API spot feed connected for ['GBPUSD', 'USDJPY']
2026-04-29 21:48:47 | INFO     | ayumi.forward_test | Forward test started: symbols=['GBPUSD', 'USDJPY'] strategies=['SRMR+', 'Killzone Momentum', 'Donchian Channel Breakout', 'Session-Range Mean Reversion', 'BB+RSI Mean Reversion'] mode=PAPER eval_interval=1.0s bar_period=60m
2026-04-29 21:48:48 | WARNING  | ayumi.openapi_spot_feed | Rejecting tick: spread too wide (symbol_id=3 spread=18741.00000 max=93.70500)
2026-04-29 21:48:48 | WARNING  | ayumi.openapi_spot_feed | Rejecting tick: spread too wide (symbol_id=3 spread=18740.90000 max=93.70450)
2026-04-29 21:48:49 | WARNING  | ayumi.openapi_spot_feed | Rejecting tick: bid >= ask (symbol_id=3 bid=18716.50000 ask=0.00000)
2026-04-29 21:48:49 | WARNING  | ayumi.openapi_spot_feed | Rejecting tick: bid >= ask (symbol_id=3 bid=18716.60000 ask=0.00000)
2026-04-29 21:48:49 | WARNING  | ayumi.openapi_spot_feed | Rejecting tick: spread too wide (symbol_id=2 spread=1.34807 max=0.00674)
2026-04-29 21:48:50 | WARNING  | ayumi.openapi_spot_feed | Rejecting tick: spread too wide (symbol_id=3 spread=18740.90000 max=93.70450)
2026-04-29 21:48:51 | WARNING  | ayumi.openapi_spot_feed | Rejecting tick: spread too wide (symbol_id=2 spread=1.34808 max=0.00674)
2026-04-29 21:48:51 | WARNING  | ayumi.openapi_spot_feed | Rejecting tick: spread too wide (symbol_id=3 spread=18740.90000 max=93.70450)
2026-04-29 21:48:52 | WARNING  | ayumi.openapi_spot_feed | Rejecting tick: spread too wide (symbol_id=3 spread=18741.00000 max=93.70500)
2026-04-29 21:48:54 | WARNING  | ayumi.openapi_spot_feed | Rejecting tick: spread too wide (symbol_id=2 spread=1.34809 max=0.00674)
2026-04-29 21:48:55 | WARNING  | ayumi.openapi_spot_feed | Rejecting tick: spread too wide (symbol_id=3 spread=18742.30000 max=93.71150)
2026-04-29 21:48:55 | WARNING  | ayumi.openapi_spot_feed | Rejecting tick: spread too wide (symbol_id=2 spread=1.34808 max=0.00674)
2026-04-29 21:48:58 | WARNING  | ayumi.openapi_spot_feed | Rejecting tick: bid >= ask (symbol_id=3 bid=18716.60000 ask=0.00000)
2026-04-29 21:48:59 | WARNING  | ayumi.openapi_spot_feed | Rejecting tick: spread too wide (symbol_id=2 spread=1.34810 max=0.00674)
2026-04-29 21:49:00 | WARNING  | ayumi.openapi_spot_feed | Rejecting tick: spread too wide (symbol_id=2 spread=1.34808 max=0.00674)
2026-04-29 21:49:02 | WARNING  | ayumi.openapi_spot_feed | Rejecting tick: spread too wide (symbol_id=3 spread=18742.20000 max=93.71100)
2026-04-29 21:49:02 | WARNING  | ayumi.openapi_spot_feed | Rejecting tick: bid >= ask (symbol_id=3 bid=18716.50000 ask=0.00000)
2026-04-29 21:49:03 | WARNING  | ayumi.openapi_spot_feed | Rejecting tick: spread too wide (symbol_id=2 spread=1.34804 max=0.00674)
2026-04-29 21:49:04 | WARNING  | ayumi.openapi_spot_feed | Rejecting tick: bid >= ask (symbol_id=2 bid=1.34732 ask=0.00000)
2026-04-29 21:49:05 | WARNING  | ayumi.openapi_spot_feed | Rejecting tick: spread too wide (symbol_id=3 spread=18742.50000 max=93.71250)
2026-04-29 21:49:07 | WARNING  | ayumi.openapi_spot_feed | Rejecting tick: bid >= ask (symbol_id=3 bid=18716.70000 ask=0.00000)
2026-04-29 21:49:08 | WARNING  | ayumi.openapi_spot_feed | Rejecting tick: bid >= ask (symbol_id=2 bid=1.34744 ask=0.00000)
2026-04-29 21:49:09 | WARNING  | ayumi.openapi_spot_feed | Rejecting tick: bid >= ask (symbol_id=2 bid=1.34738 ask=0.00000)
2026-04-29 21:49:10 | WARNING  | ayumi.openapi_spot_feed | Rejecting tick: bid >= ask (symbol_id=2 bid=1.34745 ask=0.00000)
2026-04-29 21:49:13 | WARNING  | ayumi.openapi_spot_feed | Rejecting tick: bid >= ask (symbol_id=3 bid=18717.10000 ask=0.00000)
2026-04-29 21:49:15 | WARNING  | ayumi.openapi_spot_feed | Rejecting tick: spread too wide (symbol_id=3 spread=18740.60000 max=93.70300)
2026-04-29 21:49:20 | WARNING  | ayumi.openapi_spot_feed | Rejecting tick: spread too wide (symbol_id=2 spread=1.34809 max=0.00674)
2026-04-29 21:49:20 | WARNING  | ayumi.openapi_spot_feed | Rejecting tick: spread too wide (symbol_id=2 spread=1.34826 max=0.00674)
2026-04-29 21:49:20 | WARNING  | ayumi.openapi_spot_feed | Rejecting tick: spread too wide (symbol_id=2 spread=1.34816 max=0.00674)
2026-04-29 21:49:21 | WARNING  | ayumi.openapi_spot_feed | Rejecting tick: spread too wide (symbol_id=3 spread=18740.60000 max=93.70300)
2026-04-29 21:49:22 | WARNING  | ayumi.openapi_spot_feed | Rejecting tick: spread too wide (symbol_id=3 spread=18740.80000 max=93.70400)
2026-04-29 21:49:26 | WARNING  | ayumi.openapi_spot_feed | Rejecting tick: bid >= ask (symbol_id=2 bid=1.34741 ask=0.00000)
2026-04-29 21:49:29 | WARNING  | ayumi.openapi_spot_feed | Rejecting tick: spread too wide (symbol_id=3 spread=18742.00000 max=93.71000)
2026-04-29 21:49:32 | WARNING  | ayumi.openapi_spot_feed | Rejecting tick: spread too wide (symbol_id=3 spread=18741.60000 max=93.70800)
2026-04-29 21:49:32 | WARNING  | ayumi.openapi_spot_feed | Rejecting tick: spread too wide (symbol_id=2 spread=1.34826 max=0.00674)
2026-04-29 21:49:39 | WARNING  | ayumi.openapi_spot_feed | Rejecting tick: spread too wide (symbol_id=2 spread=1.34827 max=0.00674)
2026-04-29 21:49:47 | WARNING  | ayumi.openapi_spot_feed | Rejecting tick: spread too wide (symbol_id=3 spread=18740.70000 max=93.70350)
2026-04-29 21:49:49 | WARNING  | ayumi.openapi_spot_feed | Rejecting tick: bid >= ask (symbol_id=3 bid=18717.60000 ask=0.00000)
2026-04-29 21:49:51 | WARNING  | ayumi.openapi_spot_feed | Rejecting tick: spread too wide (symbol_id=3 spread=18740.80000 max=93.70400)
2026-04-29 21:49:56 | WARNING  | ayumi.openapi_spot_feed | Rejecting tick: spread too wide (symbol_id=3 spread=18740.70000 max=93.70350)
2026-04-29 21:49:57 | WARNING  | ayumi.openapi_spot_feed | Rejecting tick: bid >= ask (symbol_id=2 bid=1.34744 ask=0.00000)
2026-04-29 21:49:59 | WARNING  | ayumi.openapi_spot_feed | Rejecting tick: spread too wide (symbol_id=2 spread=1.34828 max=0.00674)
2026-04-29 21:50:01 | WARNING  | ayumi.openapi_spot_feed | Rejecting tick: spread too wide (symbol_id=3 spread=18738.70000 max=93.69350)
2026-04-29 21:50:01 | INFO     | ayumi.forward_test | Shutdown signal received (sig=15)
2026-04-29 21:50:01 | INFO     | ayumi.openapi_spot_feed | Unsubscribed from spot events for symbol_id=2
2026-04-29 21:50:01 | INFO     | ayumi.openapi_spot_feed | Unsubscribed from spot events for symbol_id=3
2026-04-29 21:50:01 | INFO     | ayumi.openapi_spot_feed | OpenApiSpotFeed stopped
2026-04-29 21:50:01 | INFO     | ayumi.forward_test | Forward test stopped: balance=10000.00 trades=0 pnl=0.00 errors=0 reconnects=0
2026-04-29 21:50:01 | WARNING  | ayumi.openapi_spot_feed | Disconnected: [Failure instance: Traceback (failure with no frames): <class 'twisted.internet.error.ConnectionDone'>: Connection was closed cleanly.
]
2026-04-29 21:50:13 | INFO     | ayumi.blend_launcher | === Ayumi Multi-Strategy Forward Test (Blend Pipeline) ===
2026-04-29 21:50:13 | INFO     | ayumi.blend_launcher | Symbols: ['GBPUSD', 'USDJPY']
2026-04-29 21:50:16 | WARNING  | ayumi.blend_launcher | Could not fetch symbol list from OpenAPI: 'CTraderOpenApiClient' object has no attribute 'get_symbols' — using static mapping
2026-04-29 21:50:16 | INFO     | ayumi.blend_launcher | Fetching 100 H1 bars for GBPUSD (id=2)...
2026-04-29 21:50:18 | INFO     | ayumi.blend_launcher | Fetched 99 H1 bars for GBPUSD
2026-04-29 21:50:18 | INFO     | ayumi.blend_launcher | Fetching 200 M15 bars for GBPUSD (id=2)...
2026-04-29 21:50:20 | INFO     | ayumi.blend_launcher | Fetched 199 M15 bars for GBPUSD
2026-04-29 21:50:20 | INFO     | ayumi.blend_launcher | Fetching 100 H1 bars for USDJPY (id=3)...
2026-04-29 21:50:22 | INFO     | ayumi.blend_launcher | Fetched 99 H1 bars for USDJPY
2026-04-29 21:50:22 | INFO     | ayumi.blend_launcher | Fetching 200 M15 bars for USDJPY (id=3)...
2026-04-29 21:50:24 | INFO     | ayumi.blend_launcher | Fetched 199 M15 bars for USDJPY
2026-04-29 21:50:24 | INFO     | ayumi.blend_launcher | Registered 5 strategies: ['SRMR+', 'Killzone Momentum', 'Donchian Channel Breakout', 'Session-Range Mean Reversion', 'BB+RSI Mean Reversion']
2026-04-29 21:50:24 | INFO     | ayumi.blend_launcher | All strategy .name properties verified against maps
2026-04-29 21:50:24 | INFO     | ayumi.risk | Restored risk state from data/risk_state_blend.json
2026-04-29 21:50:24 | INFO     | ayumi.forward_test | BlendForwardTestRunner started — balance=$10000.00
2026-04-29 21:50:24 | INFO     | ayumi.forward_test | Preloaded 99 bars into key 'GBPUSD:60'
2026-04-29 21:50:24 | INFO     | ayumi.blend_launcher | Preloaded 99 H1 bars for GBPUSD
2026-04-29 21:50:24 | INFO     | ayumi.forward_test | Preloaded 199 bars into key 'GBPUSD:15'
2026-04-29 21:50:24 | INFO     | ayumi.blend_launcher | Preloaded 199 M15 bars for GBPUSD
2026-04-29 21:50:24 | INFO     | ayumi.forward_test | Preloaded 99 bars into key 'USDJPY:60'
2026-04-29 21:50:24 | INFO     | ayumi.blend_launcher | Preloaded 99 H1 bars for USDJPY
2026-04-29 21:50:24 | INFO     | ayumi.forward_test | Preloaded 199 bars into key 'USDJPY:15'
2026-04-29 21:50:24 | INFO     | ayumi.blend_launcher | Preloaded 199 M15 bars for USDJPY
2026-04-29 21:50:24 | INFO     | ayumi.blend_launcher | === STARTING MULTI-STRATEGY FORWARD TEST ===
2026-04-29 21:50:24 | INFO     | ayumi.blend_launcher | Pipeline: SRMR+ + Killzone + Momentum + SessionRangeMR → Correlation Gate → Blend Runner → Paper
2026-04-29 21:50:24 | INFO     | ayumi.openapi_spot_feed | Connected to demo.ctraderapi.com:5035
2026-04-29 21:50:25 | INFO     | ayumi.openapi_spot_feed | Application authenticated
2026-04-29 21:50:26 | INFO     | ayumi.openapi_spot_feed | Account authenticated
2026-04-29 21:50:26 | INFO     | ayumi.openapi_spot_feed | Requesting symbol list for account 46877902
2026-04-29 21:50:27 | INFO     | ayumi.openapi_spot_feed | Loaded 830 symbol name mappings from API
2026-04-29 21:51:05 | INFO     | ayumi.blend_launcher | Shutdown signal — stopping engine...
2026-04-29 21:51:05 | INFO     | ayumi.risk | Saved risk state to data/risk_state_blend.json
2026-04-29 21:51:05 | INFO     | ayumi.forward_test | BlendForwardTestRunner stopped — balance=$10000.00
2026-04-29 21:51:07 | INFO     | ayumi.blend_launcher | === Ayumi Multi-Strategy Forward Test (Blend Pipeline) ===
2026-04-29 21:51:07 | INFO     | ayumi.blend_launcher | Symbols: ['GBPUSD', 'USDJPY']
2026-04-29 21:51:10 | WARNING  | ayumi.blend_launcher | Could not fetch symbol list from OpenAPI: 'CTraderOpenApiClient' object has no attribute 'get_symbols' — using static mapping
2026-04-29 21:51:10 | INFO     | ayumi.blend_launcher | Fetching 100 H1 bars for GBPUSD (id=2)...
2026-04-29 21:51:12 | INFO     | ayumi.blend_launcher | Fetched 99 H1 bars for GBPUSD
2026-04-29 21:51:12 | INFO     | ayumi.blend_launcher | Fetching 200 M15 bars for GBPUSD (id=2)...
2026-04-29 21:51:14 | INFO     | ayumi.blend_launcher | Fetched 199 M15 bars for GBPUSD
2026-04-29 21:51:14 | INFO     | ayumi.blend_launcher | Fetching 100 H1 bars for USDJPY (id=3)...
2026-04-29 21:51:16 | INFO     | ayumi.blend_launcher | Fetched 99 H1 bars for USDJPY
2026-04-29 21:51:16 | INFO     | ayumi.blend_launcher | Fetching 200 M15 bars for USDJPY (id=3)...
2026-04-29 21:51:18 | INFO     | ayumi.blend_launcher | Fetched 199 M15 bars for USDJPY
2026-04-29 21:51:18 | INFO     | ayumi.blend_launcher | Registered 5 strategies: ['SRMR+', 'Killzone Momentum', 'Donchian Channel Breakout', 'Session-Range Mean Reversion', 'BB+RSI Mean Reversion']
2026-04-29 21:51:18 | INFO     | ayumi.blend_launcher | All strategy .name properties verified against maps
2026-04-29 21:51:18 | INFO     | ayumi.risk | Restored risk state from data/risk_state_blend.json
2026-04-29 21:51:18 | INFO     | ayumi.forward_test | BlendForwardTestRunner started — balance=$10000.00
2026-04-29 21:51:18 | INFO     | ayumi.forward_test | Preloaded 99 bars into key 'GBPUSD:60'
2026-04-29 21:51:18 | INFO     | ayumi.blend_launcher | Preloaded 99 H1 bars for GBPUSD
2026-04-29 21:51:18 | INFO     | ayumi.forward_test | Preloaded 199 bars into key 'GBPUSD:15'
2026-04-29 21:51:18 | INFO     | ayumi.blend_launcher | Preloaded 199 M15 bars for GBPUSD
2026-04-29 21:51:18 | INFO     | ayumi.forward_test | Preloaded 99 bars into key 'USDJPY:60'
2026-04-29 21:51:18 | INFO     | ayumi.blend_launcher | Preloaded 99 H1 bars for USDJPY
2026-04-29 21:51:18 | INFO     | ayumi.forward_test | Preloaded 199 bars into key 'USDJPY:15'
2026-04-29 21:51:18 | INFO     | ayumi.blend_launcher | Preloaded 199 M15 bars for USDJPY
2026-04-29 21:51:18 | INFO     | ayumi.blend_launcher | === STARTING MULTI-STRATEGY FORWARD TEST ===
2026-04-29 21:51:18 | INFO     | ayumi.blend_launcher | Pipeline: SRMR+ + Killzone + Momentum + SessionRangeMR → Correlation Gate → Blend Runner → Paper
2026-04-29 21:51:18 | INFO     | ayumi.openapi_spot_feed | Connected to demo.ctraderapi.com:5035
2026-04-29 21:51:19 | INFO     | ayumi.openapi_spot_feed | Application authenticated
2026-04-29 21:51:20 | INFO     | ayumi.openapi_spot_feed | Account authenticated
2026-04-29 21:51:20 | INFO     | ayumi.openapi_spot_feed | Requesting symbol list for account 46877902
2026-04-29 21:51:21 | INFO     | ayumi.openapi_spot_feed | Loaded 830 symbol name mappings from API
2026-04-29 21:51:22 | INFO     | ayumi.openapi_spot_feed | Fetched symbol details: id=2 digits=5
2026-04-29 21:51:22 | INFO     | ayumi.openapi_spot_feed | Subscribed to spot events for symbol_id=2
2026-04-29 21:51:23 | INFO     | ayumi.openapi_spot_feed | Fetched symbol details: id=4 digits=3
2026-04-29 21:51:23 | INFO     | ayumi.openapi_spot_feed | Subscribed to spot events for symbol_id=4
2026-04-29 21:51:23 | INFO     | ayumi.openapi_spot_feed | OpenApiSpotFeed started: account=46877902 symbols_loaded=2
2026-04-29 21:51:23 | INFO     | ayumi.forward_test | Open API spot feed connected for ['GBPUSD', 'USDJPY']
2026-04-29 21:51:23 | INFO     | ayumi.forward_test | Forward test started: symbols=['GBPUSD', 'USDJPY'] strategies=['SRMR+', 'Killzone Momentum', 'Donchian Channel Breakout', 'Session-Range Mean Reversion', 'BB+RSI Mean Reversion'] mode=PAPER eval_interval=1.0s bar_period=60m
2026-04-29 21:51:26 | WARNING  | ayumi.openapi_spot_feed | Rejecting tick: spread too wide (symbol_id=2 spread=1.34838 max=0.00674)
2026-04-29 21:51:27 | WARNING  | ayumi.openapi_spot_feed | Rejecting tick: bid >= ask (symbol_id=2 bid=1.34737 ask=0.00000)
2026-04-29 21:51:31 | WARNING  | ayumi.openapi_spot_feed | Rejecting tick: spread too wide (symbol_id=4 spread=16038.20000 max=80.19100)
2026-04-29 21:51:32 | WARNING  | ayumi.openapi_spot_feed | Rejecting tick: spread too wide (symbol_id=2 spread=1.34839 max=0.00674)
2026-04-29 21:51:33 | WARNING  | ayumi.openapi_spot_feed | Rejecting tick: spread too wide (symbol_id=2 spread=1.34838 max=0.00674)
2026-04-29 21:51:34 | WARNING  | ayumi.openapi_spot_feed | Rejecting tick: spread too wide (symbol_id=4 spread=16038.30000 max=80.19150)
2026-04-29 21:51:34 | WARNING  | ayumi.openapi_spot_feed | Rejecting tick: spread too wide (symbol_id=2 spread=1.34839 max=0.00674)
2026-04-29 21:51:35 | WARNING  | ayumi.openapi_spot_feed | Rejecting tick: spread too wide (symbol_id=2 spread=1.34838 max=0.00674)
2026-04-29 21:51:36 | WARNING  | ayumi.openapi_spot_feed | Rejecting tick: bid >= ask (symbol_id=2 bid=1.34747 ask=0.00000)
2026-04-29 21:51:37 | WARNING  | ayumi.openapi_spot_feed | Rejecting tick: spread too wide (symbol_id=2 spread=1.34840 max=0.00674)
2026-04-29 21:51:39 | WARNING  | ayumi.openapi_spot_feed | Rejecting tick: bid >= ask (symbol_id=2 bid=1.34746 ask=0.00000)
2026-04-29 21:51:40 | WARNING  | ayumi.openapi_spot_feed | Rejecting tick: bid >= ask (symbol_id=2 bid=1.34743 ask=0.00000)
2026-04-29 21:51:44 | WARNING  | ayumi.openapi_spot_feed | Rejecting tick: spread too wide (symbol_id=2 spread=1.34841 max=0.00674)
2026-04-29 21:51:44 | WARNING  | ayumi.openapi_spot_feed | Rejecting tick: spread too wide (symbol_id=2 spread=1.34840 max=0.00674)
2026-04-29 21:51:47 | WARNING  | ayumi.openapi_spot_feed | Rejecting tick: spread too wide (symbol_id=2 spread=1.34841 max=0.00674)
2026-04-29 21:51:50 | WARNING  | ayumi.openapi_spot_feed | Rejecting tick: bid >= ask (symbol_id=2 bid=1.34745 ask=0.00000)
2026-04-29 21:51:52 | WARNING  | ayumi.openapi_spot_feed | Rejecting tick: spread too wide (symbol_id=2 spread=1.34833 max=0.00674)
2026-04-29 21:51:53 | WARNING  | ayumi.openapi_spot_feed | Rejecting tick: spread too wide (symbol_id=2 spread=1.34841 max=0.00674)
2026-04-29 21:51:53 | WARNING  | ayumi.openapi_spot_feed | Rejecting tick: spread too wide (symbol_id=2 spread=1.34838 max=0.00674)
2026-04-29 21:51:54 | WARNING  | ayumi.openapi_spot_feed | Rejecting tick: spread too wide (symbol_id=2 spread=1.34839 max=0.00674)
2026-04-29 21:51:56 | WARNING  | ayumi.openapi_spot_feed | Rejecting tick: spread too wide (symbol_id=2 spread=1.34838 max=0.00674)
2026-04-29 21:51:56 | WARNING  | ayumi.openapi_spot_feed | Rejecting tick: bid >= ask (symbol_id=2 bid=1.34730 ask=0.00000)
2026-04-29 21:51:58 | WARNING  | ayumi.openapi_spot_feed | Rejecting tick: spread too wide (symbol_id=2 spread=1.34841 max=0.00674)
2026-04-29 21:51:59 | WARNING  | ayumi.openapi_spot_feed | Rejecting tick: spread too wide (symbol_id=2 spread=1.34828 max=0.00674)
2026-04-29 21:51:59 | WARNING  | ayumi.openapi_spot_feed | Rejecting tick: spread too wide (symbol_id=2 spread=1.34841 max=0.00674)
2026-04-29 21:52:04 | WARNING  | ayumi.openapi_spot_feed | Rejecting tick: spread too wide (symbol_id=4 spread=16038.80000 max=80.19400)
2026-04-29 21:52:07 | WARNING  | ayumi.openapi_spot_feed | Rejecting tick: spread too wide (symbol_id=2 spread=1.34835 max=0.00674)
2026-04-29 21:52:12 | WARNING  | ayumi.openapi_spot_feed | Rejecting tick: bid >= ask (symbol_id=2 bid=1.34714 ask=0.00000)
2026-04-29 21:52:13 | WARNING  | ayumi.openapi_spot_feed | Rejecting tick: bid >= ask (symbol_id=2 bid=1.34713 ask=0.00000)
2026-04-29 21:52:13 | WARNING  | ayumi.openapi_spot_feed | Rejecting tick: bid >= ask (symbol_id=2 bid=1.34734 ask=0.00000)
2026-04-29 21:52:14 | WARNING  | ayumi.openapi_spot_feed | Rejecting tick: spread too wide (symbol_id=2 spread=1.34838 max=0.00674)
2026-04-29 21:52:16 | INFO     | ayumi.forward_test | Shutdown signal received (sig=15)
2026-04-29 21:52:16 | INFO     | ayumi.openapi_spot_feed | Unsubscribed from spot events for symbol_id=2
2026-04-29 21:52:16 | INFO     | ayumi.openapi_spot_feed | Unsubscribed from spot events for symbol_id=4
2026-04-29 21:52:16 | INFO     | ayumi.openapi_spot_feed | OpenApiSpotFeed stopped
2026-04-29 21:52:16 | INFO     | ayumi.forward_test | Forward test stopped: balance=10000.00 trades=0 pnl=0.00 errors=0 reconnects=0
2026-04-29 21:52:16 | WARNING  | ayumi.openapi_spot_feed | Disconnected: [Failure instance: Traceback (failure with no frames): <class 'twisted.internet.error.ConnectionDone'>: Connection was closed cleanly.
]
2026-04-29 21:52:28 | INFO     | ayumi.blend_launcher | === Ayumi Multi-Strategy Forward Test (Blend Pipeline) ===
2026-04-29 21:52:28 | INFO     | ayumi.blend_launcher | Symbols: ['GBPUSD', 'USDJPY']
2026-04-29 21:52:31 | WARNING  | ayumi.blend_launcher | Could not fetch symbol list from OpenAPI: 'CTraderOpenApiClient' object has no attribute 'get_symbols' — using static mapping
2026-04-29 21:52:31 | INFO     | ayumi.blend_launcher | Fetching 100 H1 bars for GBPUSD (id=2)...
2026-04-29 21:52:33 | INFO     | ayumi.blend_launcher | Fetched 99 H1 bars for GBPUSD
2026-04-29 21:52:33 | INFO     | ayumi.blend_launcher | Fetching 200 M15 bars for GBPUSD (id=2)...
2026-04-29 21:52:35 | INFO     | ayumi.blend_launcher | Fetched 199 M15 bars for GBPUSD
2026-04-29 21:52:35 | INFO     | ayumi.blend_launcher | Fetching 100 H1 bars for USDJPY (id=3)...
2026-04-29 21:52:37 | INFO     | ayumi.blend_launcher | Fetched 99 H1 bars for USDJPY
2026-04-29 21:52:37 | INFO     | ayumi.blend_launcher | Fetching 200 M15 bars for USDJPY (id=3)...
2026-04-29 21:52:39 | INFO     | ayumi.blend_launcher | Fetched 199 M15 bars for USDJPY
2026-04-29 21:52:39 | INFO     | ayumi.blend_launcher | Registered 5 strategies: ['SRMR+', 'Killzone Momentum', 'Donchian Channel Breakout', 'Session-Range Mean Reversion', 'BB+RSI Mean Reversion']
2026-04-29 21:52:39 | INFO     | ayumi.blend_launcher | All strategy .name properties verified against maps
2026-04-29 21:52:39 | INFO     | ayumi.risk | Restored risk state from data/risk_state_blend.json
2026-04-29 21:52:39 | INFO     | ayumi.forward_test | BlendForwardTestRunner started — balance=$10000.00
2026-04-29 21:52:39 | INFO     | ayumi.forward_test | Preloaded 99 bars into key 'GBPUSD:60'
2026-04-29 21:52:39 | INFO     | ayumi.blend_launcher | Preloaded 99 H1 bars for GBPUSD
2026-04-29 21:52:39 | INFO     | ayumi.forward_test | Preloaded 199 bars into key 'GBPUSD:15'
2026-04-29 21:52:39 | INFO     | ayumi.blend_launcher | Preloaded 199 M15 bars for GBPUSD
2026-04-29 21:52:39 | INFO     | ayumi.forward_test | Preloaded 99 bars into key 'USDJPY:60'
2026-04-29 21:52:39 | INFO     | ayumi.blend_launcher | Preloaded 99 H1 bars for USDJPY
2026-04-29 21:52:39 | INFO     | ayumi.forward_test | Preloaded 199 bars into key 'USDJPY:15'
2026-04-29 21:52:39 | INFO     | ayumi.blend_launcher | Preloaded 199 M15 bars for USDJPY
2026-04-29 21:52:39 | INFO     | ayumi.blend_launcher | === STARTING MULTI-STRATEGY FORWARD TEST ===
2026-04-29 21:52:39 | INFO     | ayumi.blend_launcher | Pipeline: SRMR+ + Killzone + Momentum + SessionRangeMR → Correlation Gate → Blend Runner → Paper
2026-04-29 21:52:39 | INFO     | ayumi.openapi_spot_feed | Connected to demo.ctraderapi.com:5035
2026-04-29 21:52:40 | INFO     | ayumi.openapi_spot_feed | Application authenticated
2026-04-29 21:52:41 | INFO     | ayumi.openapi_spot_feed | Account authenticated
2026-04-29 21:52:41 | INFO     | ayumi.openapi_spot_feed | Requesting symbol list for account 46877902
2026-04-29 21:52:42 | INFO     | ayumi.openapi_spot_feed | Loaded 830 symbol name mappings from API
2026-04-29 21:52:43 | INFO     | ayumi.openapi_spot_feed | Fetched symbol details: id=2 digits=5
2026-04-29 21:52:43 | INFO     | ayumi.openapi_spot_feed | Subscribed to spot events for symbol_id=2
2026-04-29 21:52:44 | INFO     | ayumi.openapi_spot_feed | Fetched symbol details: id=4 digits=3
2026-04-29 21:52:44 | INFO     | ayumi.openapi_spot_feed | Subscribed to spot events for symbol_id=4
2026-04-29 21:52:44 | INFO     | ayumi.openapi_spot_feed | OpenApiSpotFeed started: account=46877902 symbols_loaded=2
2026-04-29 21:52:44 | INFO     | ayumi.forward_test | Open API spot feed connected for ['GBPUSD', 'USDJPY']
2026-04-29 21:52:44 | INFO     | ayumi.forward_test | Forward test started: symbols=['GBPUSD', 'USDJPY'] strategies=['SRMR+', 'Killzone Momentum', 'Donchian Channel Breakout', 'Session-Range Mean Reversion', 'BB+RSI Mean Reversion'] mode=PAPER eval_interval=1.0s bar_period=60m
2026-04-29 21:52:51 | WARNING  | ayumi.openapi_spot_feed | Rejecting tick: spread too wide (symbol_id=2 spread=1.34836 max=0.00674)
2026-04-29 21:52:51 | WARNING  | ayumi.openapi_spot_feed | Rejecting tick: spread too wide (symbol_id=4 spread=16038.90000 max=80.19450)
2026-04-29 21:52:53 | WARNING  | ayumi.openapi_spot_feed | Rejecting tick: spread too wide (symbol_id=2 spread=1.34831 max=0.00674)
2026-04-29 21:52:53 | WARNING  | ayumi.openapi_spot_feed | Rejecting tick: bid >= ask (symbol_id=2 bid=1.34750 ask=0.00000)
2026-04-29 21:52:54 | WARNING  | ayumi.openapi_spot_feed | Rejecting tick: spread too wide (symbol_id=2 spread=1.34835 max=0.00674)
2026-04-29 21:52:57 | WARNING  | ayumi.openapi_spot_feed | Rejecting tick: spread too wide (symbol_id=2 spread=1.34834 max=0.00674)
2026-04-29 21:52:59 | WARNING  | ayumi.openapi_spot_feed | Rejecting tick: bid >= ask (symbol_id=2 bid=1.34740 ask=0.00000)
2026-04-29 21:53:04 | WARNING  | ayumi.openapi_spot_feed | Rejecting tick: spread too wide (symbol_id=4 spread=16038.60000 max=80.19300)
2026-04-29 21:53:06 | WARNING  | ayumi.openapi_spot_feed | Rejecting tick: spread too wide (symbol_id=2 spread=1.34831 max=0.00674)
2026-04-29 21:53:10 | WARNING  | ayumi.openapi_spot_feed | Rejecting tick: spread too wide (symbol_id=2 spread=1.34830 max=0.00674)
2026-04-29 21:53:10 | WARNING  | ayumi.openapi_spot_feed | Rejecting tick: bid >= ask (symbol_id=2 bid=1.34741 ask=0.00000)
2026-04-29 21:53:11 | WARNING  | ayumi.openapi_spot_feed | Rejecting tick: spread too wide (symbol_id=2 spread=1.34835 max=0.00674)
2026-04-29 21:53:13 | WARNING  | ayumi.openapi_spot_feed | Rejecting tick: spread too wide (symbol_id=2 spread=1.34832 max=0.00674)
2026-04-29 21:53:13 | WARNING  | ayumi.openapi_spot_feed | Rejecting tick: spread too wide (symbol_id=2 spread=1.34836 max=0.00674)
2026-04-29 21:53:13 | WARNING  | ayumi.openapi_spot_feed | Rejecting tick: spread too wide (symbol_id=2 spread=1.34838 max=0.00674)
2026-04-29 21:53:22 | WARNING  | ayumi.openapi_spot_feed | Rejecting tick: spread too wide (symbol_id=2 spread=1.34841 max=0.00674)
2026-04-29 21:53:23 | WARNING  | ayumi.openapi_spot_feed | Rejecting tick: spread too wide (symbol_id=2 spread=1.34842 max=0.00674)
2026-04-29 21:53:24 | WARNING  | ayumi.openapi_spot_feed | Rejecting tick: bid >= ask (symbol_id=2 bid=1.34744 ask=0.00000)
2026-04-29 21:53:29 | WARNING  | ayumi.openapi_spot_feed | Rejecting tick: spread too wide (symbol_id=2 spread=1.34841 max=0.00674)
2026-04-29 21:53:35 | WARNING  | ayumi.openapi_spot_feed | Rejecting tick: spread too wide (symbol_id=2 spread=1.34827 max=0.00674)
2026-04-29 21:53:39 | WARNING  | ayumi.openapi_spot_feed | Rejecting tick: spread too wide (symbol_id=2 spread=1.34829 max=0.00674)
2026-04-29 21:53:39 | INFO     | ayumi.forward_test | Shutdown signal received (sig=15)
2026-04-29 21:53:39 | INFO     | ayumi.openapi_spot_feed | Unsubscribed from spot events for symbol_id=2
2026-04-29 21:53:39 | INFO     | ayumi.openapi_spot_feed | Unsubscribed from spot events for symbol_id=4
2026-04-29 21:53:39 | INFO     | ayumi.openapi_spot_feed | OpenApiSpotFeed stopped
2026-04-29 21:53:39 | INFO     | ayumi.forward_test | Forward test stopped: balance=10000.00 trades=0 pnl=0.00 errors=0 reconnects=0
2026-04-29 21:53:39 | WARNING  | ayumi.openapi_spot_feed | Disconnected: [Failure instance: Traceback (failure with no frames): <class 'twisted.internet.error.ConnectionDone'>: Connection was closed cleanly.
]
2026-04-29 21:53:51 | INFO     | ayumi.blend_launcher | === Ayumi Multi-Strategy Forward Test (Blend Pipeline) ===
2026-04-29 21:53:51 | INFO     | ayumi.blend_launcher | Symbols: ['GBPUSD', 'USDJPY']
2026-04-29 21:53:54 | WARNING  | ayumi.blend_launcher | Could not fetch symbol list from OpenAPI: 'CTraderOpenApiClient' object has no attribute 'get_symbols' — using static mapping
2026-04-29 21:53:54 | INFO     | ayumi.blend_launcher | Fetching 100 H1 bars for GBPUSD (id=2)...
2026-04-29 21:53:56 | INFO     | ayumi.blend_launcher | Fetched 99 H1 bars for GBPUSD
2026-04-29 21:53:56 | INFO     | ayumi.blend_launcher | Fetching 200 M15 bars for GBPUSD (id=2)...
2026-04-29 21:53:58 | INFO     | ayumi.blend_launcher | Fetched 199 M15 bars for GBPUSD
2026-04-29 21:53:58 | INFO     | ayumi.blend_launcher | Fetching 100 H1 bars for USDJPY (id=3)...
2026-04-29 21:54:00 | INFO     | ayumi.blend_launcher | Fetched 99 H1 bars for USDJPY
2026-04-29 21:54:00 | INFO     | ayumi.blend_launcher | Fetching 200 M15 bars for USDJPY (id=3)...
2026-04-29 21:54:02 | INFO     | ayumi.blend_launcher | Fetched 199 M15 bars for USDJPY
2026-04-29 21:54:02 | INFO     | ayumi.blend_launcher | Registered 5 strategies: ['SRMR+', 'Killzone Momentum', 'Donchian Channel Breakout', 'Session-Range Mean Reversion', 'BB+RSI Mean Reversion']
2026-04-29 21:54:02 | INFO     | ayumi.blend_launcher | All strategy .name properties verified against maps
2026-04-29 21:54:02 | INFO     | ayumi.risk | Restored risk state from data/risk_state_blend.json
2026-04-29 21:54:02 | INFO     | ayumi.forward_test | BlendForwardTestRunner started — balance=$10000.00
2026-04-29 21:54:02 | INFO     | ayumi.forward_test | Preloaded 99 bars into key 'GBPUSD:60'
2026-04-29 21:54:02 | INFO     | ayumi.blend_launcher | Preloaded 99 H1 bars for GBPUSD
2026-04-29 21:54:02 | INFO     | ayumi.forward_test | Preloaded 199 bars into key 'GBPUSD:15'
2026-04-29 21:54:02 | INFO     | ayumi.blend_launcher | Preloaded 199 M15 bars for GBPUSD
2026-04-29 21:54:02 | INFO     | ayumi.forward_test | Preloaded 99 bars into key 'USDJPY:60'
2026-04-29 21:54:02 | INFO     | ayumi.blend_launcher | Preloaded 99 H1 bars for USDJPY
2026-04-29 21:54:02 | INFO     | ayumi.forward_test | Preloaded 199 bars into key 'USDJPY:15'
2026-04-29 21:54:02 | INFO     | ayumi.blend_launcher | Preloaded 199 M15 bars for USDJPY
2026-04-29 21:54:02 | INFO     | ayumi.blend_launcher | === STARTING MULTI-STRATEGY FORWARD TEST ===
2026-04-29 21:54:02 | INFO     | ayumi.blend_launcher | Pipeline: SRMR+ + Killzone + Momentum + SessionRangeMR → Correlation Gate → Blend Runner → Paper
2026-04-29 21:54:02 | INFO     | ayumi.openapi_spot_feed | Connected to demo.ctraderapi.com:5035
2026-04-29 21:54:03 | INFO     | ayumi.openapi_spot_feed | Application authenticated
2026-04-29 21:54:04 | INFO     | ayumi.openapi_spot_feed | Account authenticated
2026-04-29 21:54:04 | INFO     | ayumi.openapi_spot_feed | Requesting symbol list for account 46877902
2026-04-29 21:54:05 | INFO     | ayumi.openapi_spot_feed | Loaded 830 symbol name mappings from API
2026-04-29 21:54:06 | INFO     | ayumi.openapi_spot_feed | Fetched symbol details: id=2 digits=5
2026-04-29 21:54:06 | INFO     | ayumi.openapi_spot_feed | Subscribed to spot events for symbol_id=2
2026-04-29 21:54:07 | INFO     | ayumi.openapi_spot_feed | Fetched symbol details: id=4 digits=3
2026-04-29 21:54:07 | INFO     | ayumi.openapi_spot_feed | Subscribed to spot events for symbol_id=4
2026-04-29 21:54:07 | INFO     | ayumi.openapi_spot_feed | OpenApiSpotFeed started: account=46877902 symbols_loaded=2
2026-04-29 21:54:07 | INFO     | ayumi.forward_test | Open API spot feed connected for ['GBPUSD', 'USDJPY']
2026-04-29 21:54:07 | INFO     | ayumi.forward_test | Forward test started: symbols=['GBPUSD', 'USDJPY'] strategies=['SRMR+', 'Killzone Momentum', 'Donchian Channel Breakout', 'Session-Range Mean Reversion', 'BB+RSI Mean Reversion'] mode=PAPER eval_interval=1.0s bar_period=60m
2026-04-29 21:54:09 | WARNING  | ayumi.openapi_spot_feed | Rejecting tick: spread too wide (symbol_id=2 spread=1.34841 max=0.00674)
2026-04-29 21:54:09 | WARNING  | ayumi.openapi_spot_feed | Rejecting tick: bid >= ask (symbol_id=4 bid=16029.70000 ask=0.00000)
2026-04-29 21:54:11 | WARNING  | ayumi.openapi_spot_feed | Rejecting tick: spread too wide (symbol_id=2 spread=1.34842 max=0.00674)
2026-04-29 21:54:18 | WARNING  | ayumi.openapi_spot_feed | Rejecting tick: spread too wide (symbol_id=4 spread=16038.50000 max=80.19250)
2026-04-29 21:54:19 | WARNING  | ayumi.openapi_spot_feed | Rejecting tick: spread too wide (symbol_id=2 spread=1.34835 max=0.00674)
2026-04-29 21:54:20 | WARNING  | ayumi.openapi_spot_feed | Rejecting tick: bid >= ask (symbol_id=2 bid=1.34731 ask=0.00000)
2026-04-29 21:54:30 | WARNING  | ayumi.openapi_spot_feed | Rejecting tick: bid >= ask (symbol_id=2 bid=1.34733 ask=0.00000)
2026-04-29 21:54:31 | WARNING  | ayumi.openapi_spot_feed | Rejecting tick: spread too wide (symbol_id=2 spread=1.34836 max=0.00674)
2026-04-29 21:54:37 | WARNING  | ayumi.openapi_spot_feed | Rejecting tick: spread too wide (symbol_id=2 spread=1.34835 max=0.00674)
2026-04-29 21:54:39 | WARNING  | ayumi.openapi_spot_feed | Rejecting tick: bid >= ask (symbol_id=2 bid=1.34739 ask=0.00000)
2026-04-29 21:54:41 | WARNING  | ayumi.openapi_spot_feed | Rejecting tick: bid >= ask (symbol_id=2 bid=1.34735 ask=0.00000)
2026-04-29 21:54:47 | WARNING  | ayumi.openapi_spot_feed | Rejecting tick: spread too wide (symbol_id=2 spread=1.34840 max=0.00674)
2026-04-29 21:54:49 | WARNING  | ayumi.openapi_spot_feed | Rejecting tick: spread too wide (symbol_id=2 spread=1.34838 max=0.00674)
2026-04-29 21:54:50 | WARNING  | ayumi.openapi_spot_feed | Rejecting tick: bid >= ask (symbol_id=2 bid=1.34740 ask=0.00000)
2026-04-29 21:54:52 | INFO     | ayumi.forward_test | Shutdown signal received (sig=15)
2026-04-29 21:54:52 | INFO     | ayumi.openapi_spot_feed | Unsubscribed from spot events for symbol_id=2
2026-04-29 21:54:52 | INFO     | ayumi.openapi_spot_feed | Unsubscribed from spot events for symbol_id=4
2026-04-29 21:54:52 | INFO     | ayumi.openapi_spot_feed | OpenApiSpotFeed stopped
2026-04-29 21:54:52 | INFO     | ayumi.forward_test | Forward test stopped: balance=10000.00 trades=0 pnl=0.00 errors=0 reconnects=0
2026-04-29 21:54:52 | WARNING  | ayumi.openapi_spot_feed | Disconnected: [Failure instance: Traceback (failure with no frames): <class 'twisted.internet.error.ConnectionDone'>: Connection was closed cleanly.
]
2026-04-29 21:55:04 | INFO     | ayumi.blend_launcher | === Ayumi Multi-Strategy Forward Test (Blend Pipeline) ===
2026-04-29 21:55:04 | INFO     | ayumi.blend_launcher | Symbols: ['GBPUSD', 'USDJPY']
2026-04-29 21:55:06 | WARNING  | ayumi.blend_launcher | Could not fetch symbol list from OpenAPI: 'CTraderOpenApiClient' object has no attribute 'get_symbols' — using static mapping
2026-04-29 21:55:06 | INFO     | ayumi.blend_launcher | Fetching 100 H1 bars for GBPUSD (id=2)...
2026-04-29 21:55:08 | INFO     | ayumi.blend_launcher | Fetched 99 H1 bars for GBPUSD
2026-04-29 21:55:08 | INFO     | ayumi.blend_launcher | Fetching 200 M15 bars for GBPUSD (id=2)...
2026-04-29 21:55:10 | INFO     | ayumi.blend_launcher | Fetched 199 M15 bars for GBPUSD
2026-04-29 21:55:10 | INFO     | ayumi.blend_launcher | Fetching 100 H1 bars for USDJPY (id=3)...
2026-04-29 21:55:12 | INFO     | ayumi.blend_launcher | Fetched 99 H1 bars for USDJPY
2026-04-29 21:55:12 | INFO     | ayumi.blend_launcher | Fetching 200 M15 bars for USDJPY (id=3)...
2026-04-29 21:55:14 | INFO     | ayumi.blend_launcher | Fetched 199 M15 bars for USDJPY
2026-04-29 21:55:14 | INFO     | ayumi.blend_launcher | Registered 5 strategies: ['SRMR+', 'Killzone Momentum', 'Donchian Channel Breakout', 'Session-Range Mean Reversion', 'BB+RSI Mean Reversion']
2026-04-29 21:55:14 | INFO     | ayumi.blend_launcher | All strategy .name properties verified against maps
2026-04-29 21:55:14 | INFO     | ayumi.risk | Restored risk state from data/risk_state_blend.json
2026-04-29 21:55:14 | INFO     | ayumi.forward_test | BlendForwardTestRunner started — balance=$10000.00
2026-04-29 21:55:14 | INFO     | ayumi.forward_test | Preloaded 99 bars into key 'GBPUSD:60'
2026-04-29 21:55:14 | INFO     | ayumi.blend_launcher | Preloaded 99 H1 bars for GBPUSD
2026-04-29 21:55:14 | INFO     | ayumi.forward_test | Preloaded 199 bars into key 'GBPUSD:15'
2026-04-29 21:55:14 | INFO     | ayumi.blend_launcher | Preloaded 199 M15 bars for GBPUSD
2026-04-29 21:55:14 | INFO     | ayumi.forward_test | Preloaded 99 bars into key 'USDJPY:60'
2026-04-29 21:55:14 | INFO     | ayumi.blend_launcher | Preloaded 99 H1 bars for USDJPY
2026-04-29 21:55:14 | INFO     | ayumi.forward_test | Preloaded 199 bars into key 'USDJPY:15'
2026-04-29 21:55:14 | INFO     | ayumi.blend_launcher | Preloaded 199 M15 bars for USDJPY
2026-04-29 21:55:14 | INFO     | ayumi.blend_launcher | === STARTING MULTI-STRATEGY FORWARD TEST ===
2026-04-29 21:55:14 | INFO     | ayumi.blend_launcher | Pipeline: SRMR+ + Killzone + Momentum + SessionRangeMR → Correlation Gate → Blend Runner → Paper
2026-04-29 21:55:14 | INFO     | ayumi.openapi_spot_feed | Connected to demo.ctraderapi.com:5035
2026-04-29 21:55:15 | INFO     | ayumi.openapi_spot_feed | Application authenticated
2026-04-29 21:55:16 | INFO     | ayumi.openapi_spot_feed | Account authenticated
2026-04-29 21:55:16 | INFO     | ayumi.openapi_spot_feed | Requesting symbol list for account 46877902
2026-04-29 21:55:17 | INFO     | ayumi.openapi_spot_feed | Loaded 830 symbol name mappings from API
2026-04-29 21:55:18 | INFO     | ayumi.openapi_spot_feed | Fetched symbol details: id=2 digits=5
2026-04-29 21:55:18 | INFO     | ayumi.openapi_spot_feed | Subscribed to spot events for symbol_id=2
2026-04-29 21:55:19 | INFO     | ayumi.openapi_spot_feed | SpotEvent: symbol_id=2 raw_bid=134736 raw_ask=134831 digits=5 bid=1.34736 ask=1.34831
2026-04-29 21:55:19 | INFO     | ayumi.openapi_spot_feed | Fetched symbol details: id=4 digits=3
2026-04-29 21:55:19 | INFO     | ayumi.openapi_spot_feed | Subscribed to spot events for symbol_id=4
2026-04-29 21:55:19 | INFO     | ayumi.openapi_spot_feed | OpenApiSpotFeed started: account=46877902 symbols_loaded=2
2026-04-29 21:55:19 | INFO     | ayumi.forward_test | Open API spot feed connected for ['GBPUSD', 'USDJPY']
2026-04-29 21:55:19 | INFO     | ayumi.forward_test | Forward test started: symbols=['GBPUSD', 'USDJPY'] strategies=['SRMR+', 'Killzone Momentum', 'Donchian Channel Breakout', 'Session-Range Mean Reversion', 'BB+RSI Mean Reversion'] mode=PAPER eval_interval=1.0s bar_period=60m
2026-04-29 21:55:20 | INFO     | ayumi.openapi_spot_feed | SpotEvent: symbol_id=4 raw_bid=16030600 raw_ask=16038300 digits=3 bid=16030.60000 ask=16038.30000
2026-04-29 21:55:21 | INFO     | ayumi.openapi_spot_feed | SpotEvent: symbol_id=2 raw_bid=134740 raw_ask=134830 digits=5 bid=1.34740 ask=1.34830
2026-04-29 21:55:22 | INFO     | ayumi.openapi_spot_feed | SpotEvent: symbol_id=4 raw_bid=0 raw_ask=16038400 digits=3 bid=0.00000 ask=16038.40000
2026-04-29 21:55:22 | WARNING  | ayumi.openapi_spot_feed | Rejecting tick: spread too wide (symbol_id=4 spread=16038.40000 max=80.19200)
2026-04-29 21:55:24 | INFO     | ayumi.openapi_spot_feed | SpotEvent: symbol_id=2 raw_bid=0 raw_ask=134832 digits=5 bid=0.00000 ask=1.34832
2026-04-29 21:55:24 | WARNING  | ayumi.openapi_spot_feed | Rejecting tick: spread too wide (symbol_id=2 spread=1.34832 max=0.00674)
2026-04-29 21:55:24 | INFO     | ayumi.openapi_spot_feed | SpotEvent: symbol_id=2 raw_bid=0 raw_ask=134831 digits=5 bid=0.00000 ask=1.34831
2026-04-29 21:55:24 | WARNING  | ayumi.openapi_spot_feed | Rejecting tick: spread too wide (symbol_id=2 spread=1.34831 max=0.00674)
2026-04-29 21:55:26 | INFO     | ayumi.openapi_spot_feed | SpotEvent: symbol_id=2 raw_bid=0 raw_ask=134832 digits=5 bid=0.00000 ask=1.34832
2026-04-29 21:55:26 | WARNING  | ayumi.openapi_spot_feed | Rejecting tick: spread too wide (symbol_id=2 spread=1.34832 max=0.00674)
2026-04-29 21:55:30 | INFO     | ayumi.openapi_spot_feed | SpotEvent: symbol_id=2 raw_bid=0 raw_ask=134831 digits=5 bid=0.00000 ask=1.34831
2026-04-29 21:55:30 | WARNING  | ayumi.openapi_spot_feed | Rejecting tick: spread too wide (symbol_id=2 spread=1.34831 max=0.00674)
2026-04-29 21:55:34 | INFO     | ayumi.openapi_spot_feed | SpotEvent: symbol_id=2 raw_bid=0 raw_ask=134832 digits=5 bid=0.00000 ask=1.34832
2026-04-29 21:55:34 | WARNING  | ayumi.openapi_spot_feed | Rejecting tick: spread too wide (symbol_id=2 spread=1.34832 max=0.00674)
2026-04-29 21:55:35 | INFO     | ayumi.openapi_spot_feed | SpotEvent: symbol_id=2 raw_bid=0 raw_ask=134833 digits=5 bid=0.00000 ask=1.34833
2026-04-29 21:55:35 | WARNING  | ayumi.openapi_spot_feed | Rejecting tick: spread too wide (symbol_id=2 spread=1.34833 max=0.00674)
2026-04-29 21:55:35 | INFO     | ayumi.openapi_spot_feed | SpotEvent: symbol_id=2 raw_bid=0 raw_ask=134829 digits=5 bid=0.00000 ask=1.34829
2026-04-29 21:55:35 | WARNING  | ayumi.openapi_spot_feed | Rejecting tick: spread too wide (symbol_id=2 spread=1.34829 max=0.00674)
2026-04-29 21:55:36 | INFO     | ayumi.openapi_spot_feed | SpotEvent: symbol_id=2 raw_bid=134736 raw_ask=134827 digits=5 bid=1.34736 ask=1.34827
2026-04-29 21:55:39 | INFO     | ayumi.openapi_spot_feed | SpotEvent: symbol_id=2 raw_bid=0 raw_ask=134828 digits=5 bid=0.00000 ask=1.34828
2026-04-29 21:55:39 | WARNING  | ayumi.openapi_spot_feed | Rejecting tick: spread too wide (symbol_id=2 spread=1.34828 max=0.00674)
2026-04-29 21:55:41 | INFO     | ayumi.openapi_spot_feed | SpotEvent: symbol_id=2 raw_bid=0 raw_ask=134827 digits=5 bid=0.00000 ask=1.34827
2026-04-29 21:55:41 | WARNING  | ayumi.openapi_spot_feed | Rejecting tick: spread too wide (symbol_id=2 spread=1.34827 max=0.00674)
2026-04-29 21:55:42 | INFO     | ayumi.openapi_spot_feed | SpotEvent: symbol_id=2 raw_bid=0 raw_ask=134828 digits=5 bid=0.00000 ask=1.34828
2026-04-29 21:55:42 | WARNING  | ayumi.openapi_spot_feed | Rejecting tick: spread too wide (symbol_id=2 spread=1.34828 max=0.00674)
2026-04-29 21:55:46 | INFO     | ayumi.openapi_spot_feed | SpotEvent: symbol_id=2 raw_bid=0 raw_ask=134826 digits=5 bid=0.00000 ask=1.34826
2026-04-29 21:55:46 | WARNING  | ayumi.openapi_spot_feed | Rejecting tick: spread too wide (symbol_id=2 spread=1.34826 max=0.00674)
2026-04-29 21:55:48 | INFO     | ayumi.openapi_spot_feed | SpotEvent: symbol_id=4 raw_bid=0 raw_ask=16038200 digits=3 bid=0.00000 ask=16038.20000
2026-04-29 21:55:48 | WARNING  | ayumi.openapi_spot_feed | Rejecting tick: spread too wide (symbol_id=4 spread=16038.20000 max=80.19100)
2026-04-29 21:55:50 | INFO     | ayumi.openapi_spot_feed | SpotEvent: symbol_id=2 raw_bid=0 raw_ask=134827 digits=5 bid=0.00000 ask=1.34827
2026-04-29 21:55:50 | WARNING  | ayumi.openapi_spot_feed | Rejecting tick: spread too wide (symbol_id=2 spread=1.34827 max=0.00674)
2026-04-29 21:55:55 | INFO     | ayumi.openapi_spot_feed | SpotEvent: symbol_id=2 raw_bid=0 raw_ask=134824 digits=5 bid=0.00000 ask=1.34824
2026-04-29 21:55:55 | WARNING  | ayumi.openapi_spot_feed | Rejecting tick: spread too wide (symbol_id=2 spread=1.34824 max=0.00674)
2026-04-29 21:55:56 | INFO     | ayumi.openapi_spot_feed | SpotEvent: symbol_id=2 raw_bid=0 raw_ask=134826 digits=5 bid=0.00000 ask=1.34826
2026-04-29 21:55:56 | WARNING  | ayumi.openapi_spot_feed | Rejecting tick: spread too wide (symbol_id=2 spread=1.34826 max=0.00674)
2026-04-29 21:55:58 | INFO     | ayumi.openapi_spot_feed | SpotEvent: symbol_id=2 raw_bid=0 raw_ask=134825 digits=5 bid=0.00000 ask=1.34825
2026-04-29 21:55:58 | WARNING  | ayumi.openapi_spot_feed | Rejecting tick: spread too wide (symbol_id=2 spread=1.34825 max=0.00674)
2026-04-29 21:55:58 | INFO     | ayumi.openapi_spot_feed | SpotEvent: symbol_id=2 raw_bid=134735 raw_ask=134824 digits=5 bid=1.34735 ask=1.34824
2026-04-29 21:55:59 | INFO     | ayumi.openapi_spot_feed | SpotEvent: symbol_id=2 raw_bid=0 raw_ask=134825 digits=5 bid=0.00000 ask=1.34825
2026-04-29 21:55:59 | WARNING  | ayumi.openapi_spot_feed | Rejecting tick: spread too wide (symbol_id=2 spread=1.34825 max=0.00674)
2026-04-29 21:56:02 | INFO     | ayumi.openapi_spot_feed | SpotEvent: symbol_id=2 raw_bid=0 raw_ask=134827 digits=5 bid=0.00000 ask=1.34827
2026-04-29 21:56:02 | WARNING  | ayumi.openapi_spot_feed | Rejecting tick: spread too wide (symbol_id=2 spread=1.34827 max=0.00674)
2026-04-29 21:56:09 | INFO     | ayumi.openapi_spot_feed | SpotEvent: symbol_id=2 raw_bid=134734 raw_ask=134825 digits=5 bid=1.34734 ask=1.34825
2026-04-29 21:56:09 | INFO     | ayumi.openapi_spot_feed | SpotEvent: symbol_id=2 raw_bid=134733 raw_ask=134827 digits=5 bid=1.34733 ask=1.34827
2026-04-29 21:56:20 | INFO     | ayumi.openapi_spot_feed | SpotEvent: symbol_id=4 raw_bid=16031500 raw_ask=0 digits=3 bid=16031.50000 ask=0.00000
2026-04-29 21:56:20 | WARNING  | ayumi.openapi_spot_feed | Rejecting tick: bid >= ask (symbol_id=4 bid=16031.50000 ask=0.00000)
2026-04-29 21:56:21 | INFO     | ayumi.openapi_spot_feed | SpotEvent: symbol_id=4 raw_bid=0 raw_ask=16038100 digits=3 bid=0.00000 ask=16038.10000
2026-04-29 21:56:21 | WARNING  | ayumi.openapi_spot_feed | Rejecting tick: spread too wide (symbol_id=4 spread=16038.10000 max=80.19050)
2026-04-29 21:56:21 | INFO     | ayumi.openapi_spot_feed | SpotEvent: symbol_id=2 raw_bid=0 raw_ask=134828 digits=5 bid=0.00000 ask=1.34828
2026-04-29 21:56:21 | WARNING  | ayumi.openapi_spot_feed | Rejecting tick: spread too wide (symbol_id=2 spread=1.34828 max=0.00674)
2026-04-29 21:56:23 | INFO     | ayumi.openapi_spot_feed | SpotEvent: symbol_id=2 raw_bid=0 raw_ask=134827 digits=5 bid=0.00000 ask=1.34827
2026-04-29 21:56:23 | WARNING  | ayumi.openapi_spot_feed | Rejecting tick: spread too wide (symbol_id=2 spread=1.34827 max=0.00674)
2026-04-29 21:56:29 | INFO     | ayumi.openapi_spot_feed | SpotEvent: symbol_id=4 raw_bid=16031000 raw_ask=16041000 digits=3 bid=16031.00000 ask=16041.00000
2026-04-29 21:56:29 | INFO     | ayumi.openapi_spot_feed | SpotEvent: symbol_id=2 raw_bid=0 raw_ask=134826 digits=5 bid=0.00000 ask=1.34826
2026-04-29 21:56:29 | WARNING  | ayumi.openapi_spot_feed | Rejecting tick: spread too wide (symbol_id=2 spread=1.34826 max=0.00674)
2026-04-29 21:56:29 | INFO     | ayumi.openapi_spot_feed | SpotEvent: symbol_id=4 raw_bid=16029600 raw_ask=16046500 digits=3 bid=16029.60000 ask=16046.50000
2026-04-29 21:56:29 | INFO     | ayumi.openapi_spot_feed | SpotEvent: symbol_id=2 raw_bid=0 raw_ask=134827 digits=5 bid=0.00000 ask=1.34827
2026-04-29 21:56:29 | WARNING  | ayumi.openapi_spot_feed | Rejecting tick: spread too wide (symbol_id=2 spread=1.34827 max=0.00674)
2026-04-29 21:56:30 | INFO     | ayumi.openapi_spot_feed | SpotEvent: symbol_id=2 raw_bid=0 raw_ask=134828 digits=5 bid=0.00000 ask=1.34828
2026-04-29 21:56:30 | WARNING  | ayumi.openapi_spot_feed | Rejecting tick: spread too wide (symbol_id=2 spread=1.34828 max=0.00674)
2026-04-29 21:56:30 | INFO     | ayumi.openapi_spot_feed | SpotEvent: symbol_id=2 raw_bid=0 raw_ask=134827 digits=5 bid=0.00000 ask=1.34827
2026-04-29 21:56:30 | WARNING  | ayumi.openapi_spot_feed | Rejecting tick: spread too wide (symbol_id=2 spread=1.34827 max=0.00674)
2026-04-29 21:56:30 | INFO     | ayumi.openapi_spot_feed | SpotEvent: symbol_id=4 raw_bid=16029500 raw_ask=16046400 digits=3 bid=16029.50000 ask=16046.40000
2026-04-29 21:56:30 | INFO     | ayumi.openapi_spot_feed | SpotEvent: symbol_id=2 raw_bid=0 raw_ask=134828 digits=5 bid=0.00000 ask=1.34828
2026-04-29 21:56:30 | WARNING  | ayumi.openapi_spot_feed | Rejecting tick: spread too wide (symbol_id=2 spread=1.34828 max=0.00674)
2026-04-29 21:56:31 | INFO     | ayumi.openapi_spot_feed | SpotEvent: symbol_id=4 raw_bid=16029700 raw_ask=16046600 digits=3 bid=16029.70000 ask=16046.60000
2026-04-29 21:56:32 | INFO     | ayumi.openapi_spot_feed | SpotEvent: symbol_id=2 raw_bid=0 raw_ask=134827 digits=5 bid=0.00000 ask=1.34827
2026-04-29 21:56:32 | WARNING  | ayumi.openapi_spot_feed | Rejecting tick: spread too wide (symbol_id=2 spread=1.34827 max=0.00674)
2026-04-29 21:56:33 | INFO     | ayumi.openapi_spot_feed | SpotEvent: symbol_id=2 raw_bid=0 raw_ask=134828 digits=5 bid=0.00000 ask=1.34828
2026-04-29 21:56:33 | WARNING  | ayumi.openapi_spot_feed | Rejecting tick: spread too wide (symbol_id=2 spread=1.34828 max=0.00674)
2026-04-29 21:56:33 | INFO     | ayumi.openapi_spot_feed | SpotEvent: symbol_id=4 raw_bid=16029600 raw_ask=16046500 digits=3 bid=16029.60000 ask=16046.50000
2026-04-29 21:56:33 | INFO     | ayumi.openapi_spot_feed | SpotEvent: symbol_id=4 raw_bid=16029700 raw_ask=16046600 digits=3 bid=16029.70000 ask=16046.60000
2026-04-29 21:56:34 | INFO     | ayumi.openapi_spot_feed | SpotEvent: symbol_id=2 raw_bid=0 raw_ask=134827 digits=5 bid=0.00000 ask=1.34827
2026-04-29 21:56:34 | WARNING  | ayumi.openapi_spot_feed | Rejecting tick: spread too wide (symbol_id=2 spread=1.34827 max=0.00674)
2026-04-29 21:56:35 | INFO     | ayumi.openapi_spot_feed | SpotEvent: symbol_id=2 raw_bid=134731 raw_ask=0 digits=5 bid=1.34731 ask=0.00000
2026-04-29 21:56:35 | WARNING  | ayumi.openapi_spot_feed | Rejecting tick: bid >= ask (symbol_id=2 bid=1.34731 ask=0.00000)
2026-04-29 21:56:35 | INFO     | ayumi.openapi_spot_feed | SpotEvent: symbol_id=4 raw_bid=16029500 raw_ask=16046400 digits=3 bid=16029.50000 ask=16046.40000
2026-04-29 21:56:37 | INFO     | ayumi.openapi_spot_feed | SpotEvent: symbol_id=4 raw_bid=16029600 raw_ask=0 digits=3 bid=16029.60000 ask=0.00000
2026-04-29 21:56:37 | WARNING  | ayumi.openapi_spot_feed | Rejecting tick: bid >= ask (symbol_id=4 bid=16029.60000 ask=0.00000)
2026-04-29 21:56:37 | INFO     | ayumi.openapi_spot_feed | SpotEvent: symbol_id=2 raw_bid=0 raw_ask=134828 digits=5 bid=0.00000 ask=1.34828
2026-04-29 21:56:37 | WARNING  | ayumi.openapi_spot_feed | Rejecting tick: spread too wide (symbol_id=2 spread=1.34828 max=0.00674)
2026-04-29 21:56:38 | INFO     | ayumi.openapi_spot_feed | SpotEvent: symbol_id=4 raw_bid=16029400 raw_ask=16046300 digits=3 bid=16029.40000 ask=16046.30000
2026-04-29 21:56:38 | INFO     | ayumi.openapi_spot_feed | SpotEvent: symbol_id=4 raw_bid=16029500 raw_ask=16046400 digits=3 bid=16029.50000 ask=16046.40000
2026-04-29 21:56:40 | INFO     | ayumi.openapi_spot_feed | SpotEvent: symbol_id=4 raw_bid=16029300 raw_ask=16046200 digits=3 bid=16029.30000 ask=16046.20000
2026-04-29 21:56:40 | INFO     | ayumi.openapi_spot_feed | SpotEvent: symbol_id=2 raw_bid=0 raw_ask=134827 digits=5 bid=0.00000 ask=1.34827
2026-04-29 21:56:40 | WARNING  | ayumi.openapi_spot_feed | Rejecting tick: spread too wide (symbol_id=2 spread=1.34827 max=0.00674)
2026-04-29 21:56:40 | INFO     | ayumi.openapi_spot_feed | SpotEvent: symbol_id=4 raw_bid=16029500 raw_ask=16046400 digits=3 bid=16029.50000 ask=16046.40000
2026-04-29 21:56:43 | INFO     | ayumi.forward_test | Shutdown signal received (sig=15)
2026-04-29 21:56:43 | INFO     | ayumi.openapi_spot_feed | Unsubscribed from spot events for symbol_id=2
2026-04-29 21:56:43 | INFO     | ayumi.openapi_spot_feed | Unsubscribed from spot events for symbol_id=4
2026-04-29 21:56:43 | INFO     | ayumi.openapi_spot_feed | OpenApiSpotFeed stopped
2026-04-29 21:56:43 | INFO     | ayumi.forward_test | Forward test stopped: balance=10000.00 trades=0 pnl=0.00 errors=0 reconnects=0
2026-04-29 21:56:45 | INFO     | ayumi.openapi_spot_feed | SpotEvent: symbol_id=4 raw_bid=16029600 raw_ask=0 digits=3 bid=16029.60000 ask=0.00000
2026-04-29 21:56:45 | WARNING  | ayumi.openapi_spot_feed | Rejecting tick: bid >= ask (symbol_id=4 bid=16029.60000 ask=0.00000)
2026-04-29 21:56:45 | WARNING  | ayumi.openapi_spot_feed | Disconnected: [Failure instance: Traceback (failure with no frames): <class 'twisted.internet.error.ConnectionDone'>: Connection was closed cleanly.
]
2026-04-29 21:56:55 | INFO     | ayumi.blend_launcher | === Ayumi Multi-Strategy Forward Test (Blend Pipeline) ===
2026-04-29 21:56:55 | INFO     | ayumi.blend_launcher | Symbols: ['GBPUSD', 'USDJPY']
2026-04-29 21:56:57 | WARNING  | ayumi.blend_launcher | Could not fetch symbol list from OpenAPI: 'CTraderOpenApiClient' object has no attribute 'get_symbols' — using static mapping
2026-04-29 21:56:57 | INFO     | ayumi.blend_launcher | Fetching 100 H1 bars for GBPUSD (id=2)...
2026-04-29 21:56:59 | INFO     | ayumi.blend_launcher | Fetched 99 H1 bars for GBPUSD
2026-04-29 21:56:59 | INFO     | ayumi.blend_launcher | Fetching 200 M15 bars for GBPUSD (id=2)...
2026-04-29 21:57:01 | INFO     | ayumi.blend_launcher | Fetched 199 M15 bars for GBPUSD
2026-04-29 21:57:01 | INFO     | ayumi.blend_launcher | Fetching 100 H1 bars for USDJPY (id=3)...
2026-04-29 21:57:03 | INFO     | ayumi.blend_launcher | Fetched 99 H1 bars for USDJPY
2026-04-29 21:57:03 | INFO     | ayumi.blend_launcher | Fetching 200 M15 bars for USDJPY (id=3)...
2026-04-29 21:57:05 | INFO     | ayumi.blend_launcher | Fetched 199 M15 bars for USDJPY
2026-04-29 21:57:05 | INFO     | ayumi.blend_launcher | Registered 5 strategies: ['SRMR+', 'Killzone Momentum', 'Donchian Channel Breakout', 'Session-Range Mean Reversion', 'BB+RSI Mean Reversion']
2026-04-29 21:57:05 | INFO     | ayumi.blend_launcher | All strategy .name properties verified against maps
2026-04-29 21:57:05 | INFO     | ayumi.risk | Restored risk state from data/risk_state_blend.json
2026-04-29 21:57:05 | INFO     | ayumi.forward_test | BlendForwardTestRunner started — balance=$10000.00
2026-04-29 21:57:05 | INFO     | ayumi.forward_test | Preloaded 99 bars into key 'GBPUSD:60'
2026-04-29 21:57:05 | INFO     | ayumi.blend_launcher | Preloaded 99 H1 bars for GBPUSD
2026-04-29 21:57:05 | INFO     | ayumi.forward_test | Preloaded 199 bars into key 'GBPUSD:15'
2026-04-29 21:57:05 | INFO     | ayumi.blend_launcher | Preloaded 199 M15 bars for GBPUSD
2026-04-29 21:57:05 | INFO     | ayumi.forward_test | Preloaded 99 bars into key 'USDJPY:60'
2026-04-29 21:57:05 | INFO     | ayumi.blend_launcher | Preloaded 99 H1 bars for USDJPY
2026-04-29 21:57:05 | INFO     | ayumi.forward_test | Preloaded 199 bars into key 'USDJPY:15'
2026-04-29 21:57:05 | INFO     | ayumi.blend_launcher | Preloaded 199 M15 bars for USDJPY
2026-04-29 21:57:05 | INFO     | ayumi.blend_launcher | === STARTING MULTI-STRATEGY FORWARD TEST ===
2026-04-29 21:57:05 | INFO     | ayumi.blend_launcher | Pipeline: SRMR+ + Killzone + Momentum + SessionRangeMR → Correlation Gate → Blend Runner → Paper
2026-04-29 21:57:06 | INFO     | ayumi.openapi_spot_feed | Connected to demo.ctraderapi.com:5035
2026-04-29 21:57:07 | INFO     | ayumi.openapi_spot_feed | Application authenticated
2026-04-29 21:57:08 | INFO     | ayumi.openapi_spot_feed | Account authenticated
2026-04-29 21:57:08 | INFO     | ayumi.openapi_spot_feed | Requesting symbol list for account 46877902
2026-04-29 21:57:09 | INFO     | ayumi.openapi_spot_feed | Loaded 830 symbol name mappings from API
2026-04-29 21:57:10 | INFO     | ayumi.openapi_spot_feed | Fetched symbol details: id=2 digits=5
2026-04-29 21:57:10 | INFO     | ayumi.openapi_spot_feed | Subscribed to spot events for symbol_id=2
2026-04-29 21:57:11 | INFO     | ayumi.openapi_spot_feed | Fetched symbol details: id=4 digits=3
2026-04-29 21:57:11 | INFO     | ayumi.openapi_spot_feed | Subscribed to spot events for symbol_id=4
2026-04-29 21:57:11 | INFO     | ayumi.openapi_spot_feed | OpenApiSpotFeed started: account=46877902 symbols_loaded=2
2026-04-29 21:57:11 | INFO     | ayumi.forward_test | Open API spot feed connected for ['GBPUSD', 'USDJPY']
2026-04-29 21:57:11 | INFO     | ayumi.forward_test | Forward test started: symbols=['GBPUSD', 'USDJPY'] strategies=['SRMR+', 'Killzone Momentum', 'Donchian Channel Breakout', 'Session-Range Mean Reversion', 'BB+RSI Mean Reversion'] mode=PAPER eval_interval=1.0s bar_period=60m
2026-04-29 22:04:20 | INFO     | ayumi.forward_test | Shutdown signal received (sig=15)
2026-04-29 22:04:20 | INFO     | ayumi.openapi_spot_feed | Unsubscribed from spot events for symbol_id=2
2026-04-29 22:04:20 | INFO     | ayumi.openapi_spot_feed | Unsubscribed from spot events for symbol_id=4
2026-04-29 22:04:20 | INFO     | ayumi.openapi_spot_feed | OpenApiSpotFeed stopped
2026-04-29 22:04:20 | INFO     | ayumi.forward_test | Forward test stopped: balance=10000.00 trades=0 pnl=0.00 errors=0 reconnects=0
2026-04-29 22:04:20 | WARNING  | ayumi.openapi_spot_feed | Disconnected: [Failure instance: Traceback (failure with no frames): <class 'twisted.internet.error.ConnectionDone'>: Connection was closed cleanly.
]
2026-04-29 22:04:24 | INFO     | ayumi.blend_launcher | === Ayumi Multi-Strategy Forward Test (Blend Pipeline) ===
2026-04-29 22:04:24 | INFO     | ayumi.blend_launcher | Symbols: ['GBPUSD', 'USDJPY']
2026-04-29 22:04:27 | WARNING  | ayumi.blend_launcher | Could not fetch symbol list from OpenAPI: 'CTraderOpenApiClient' object has no attribute 'get_symbols' — using static mapping
2026-04-29 22:04:27 | INFO     | ayumi.blend_launcher | Fetching 100 H1 bars for GBPUSD (id=2)...
2026-04-29 22:04:29 | INFO     | ayumi.blend_launcher | Fetched 99 H1 bars for GBPUSD
2026-04-29 22:04:29 | INFO     | ayumi.blend_launcher | Fetching 200 M15 bars for GBPUSD (id=2)...
2026-04-29 22:04:31 | INFO     | ayumi.blend_launcher | Fetched 199 M15 bars for GBPUSD
2026-04-29 22:04:31 | INFO     | ayumi.blend_launcher | Fetching 100 H1 bars for USDJPY (id=3)...
2026-04-29 22:04:33 | INFO     | ayumi.blend_launcher | Fetched 99 H1 bars for USDJPY
2026-04-29 22:04:33 | INFO     | ayumi.blend_launcher | Fetching 200 M15 bars for USDJPY (id=3)...
2026-04-29 22:04:35 | INFO     | ayumi.blend_launcher | Fetched 199 M15 bars for USDJPY
2026-04-29 22:04:35 | INFO     | ayumi.blend_launcher | Registered 5 strategies: ['SRMR+', 'Killzone Momentum', 'Donchian Channel Breakout', 'Session-Range Mean Reversion', 'BB+RSI Mean Reversion']
2026-04-29 22:04:35 | INFO     | ayumi.blend_launcher | All strategy .name properties verified against maps
2026-04-29 22:04:35 | INFO     | ayumi.risk | Restored risk state from data/risk_state_blend.json
2026-04-29 22:04:35 | INFO     | ayumi.forward_test | BlendForwardTestRunner started — balance=$10000.00
2026-04-29 22:04:35 | INFO     | ayumi.forward_test | Preloaded 99 bars into key 'GBPUSD:60'
2026-04-29 22:04:35 | INFO     | ayumi.blend_launcher | Preloaded 99 H1 bars for GBPUSD
2026-04-29 22:04:35 | INFO     | ayumi.forward_test | Preloaded 199 bars into key 'GBPUSD:15'
2026-04-29 22:04:35 | INFO     | ayumi.blend_launcher | Preloaded 199 M15 bars for GBPUSD
2026-04-29 22:04:35 | INFO     | ayumi.forward_test | Preloaded 99 bars into key 'USDJPY:60'
2026-04-29 22:04:35 | INFO     | ayumi.blend_launcher | Preloaded 99 H1 bars for USDJPY
2026-04-29 22:04:35 | INFO     | ayumi.forward_test | Preloaded 199 bars into key 'USDJPY:15'
2026-04-29 22:04:35 | INFO     | ayumi.blend_launcher | Preloaded 199 M15 bars for USDJPY
2026-04-29 22:04:35 | INFO     | ayumi.blend_launcher | === STARTING MULTI-STRATEGY FORWARD TEST ===
2026-04-29 22:04:35 | INFO     | ayumi.blend_launcher | Pipeline: SRMR+ + Killzone + Momentum + SessionRangeMR → Correlation Gate → Blend Runner → Paper
2026-04-29 22:04:35 | INFO     | ayumi.openapi_spot_feed | Connected to demo.ctraderapi.com:5035
2026-04-29 22:04:36 | INFO     | ayumi.openapi_spot_feed | Application authenticated
2026-04-29 22:04:37 | INFO     | ayumi.openapi_spot_feed | Account authenticated
2026-04-29 22:04:37 | INFO     | ayumi.openapi_spot_feed | Requesting symbol list for account 46877902
2026-04-29 22:04:38 | INFO     | ayumi.openapi_spot_feed | DIAG symbol: id=1 name='EURUSD' normalized='EURUSD'
2026-04-29 22:04:38 | INFO     | ayumi.openapi_spot_feed | DIAG symbol: id=22346 name='XPDUSD' normalized='XPDUSD'
2026-04-29 22:04:38 | INFO     | ayumi.openapi_spot_feed | DIAG symbol: id=10091 name='XBRUSD' normalized='XBRUSD'
2026-04-29 22:04:38 | INFO     | ayumi.openapi_spot_feed | DIAG symbol: id=22395 name='BTCUSD' normalized='BTCUSD'
2026-04-29 22:04:38 | INFO     | ayumi.openapi_spot_feed | DIAG symbol: id=2 name='GBPUSD' normalized='GBPUSD'
2026-04-29 22:04:38 | INFO     | ayumi.openapi_spot_feed | DIAG symbol: id=22348 name='XPTUSD' normalized='XPTUSD'
2026-04-29 22:04:38 | INFO     | ayumi.openapi_spot_feed | DIAG symbol: id=10092 name='XTIUSD' normalized='XTIUSD'
2026-04-29 22:04:38 | INFO     | ayumi.openapi_spot_feed | DIAG symbol: id=22396 name='BTCEUR' normalized='BTCEUR'
2026-04-29 22:04:38 | INFO     | ayumi.openapi_spot_feed | DIAG symbol: id=3 name='EURJPY' normalized='EURJPY'
2026-04-29 22:04:38 | INFO     | ayumi.openapi_spot_feed | DIAG symbol: id=41 name='XAUUSD' normalized='XAUUSD'
2026-04-29 22:04:38 | INFO     | ayumi.openapi_spot_feed | DIAG symbol: id=21683 name='EUROPE' normalized='EUROPE'
2026-04-29 22:04:38 | INFO     | ayumi.openapi_spot_feed | DIAG symbol: id=22397 name='ETHUSD' normalized='ETHUSD'
2026-04-29 22:04:38 | INFO     | ayumi.openapi_spot_feed | DIAG symbol: id=4 name='USDJPY' normalized='USDJPY'
2026-04-29 22:04:38 | INFO     | ayumi.openapi_spot_feed | DIAG symbol: id=42 name='XAGUSD' normalized='XAGUSD'
2026-04-29 22:04:38 | INFO     | ayumi.openapi_spot_feed | DIAG symbol: id=22398 name='ETHEUR' normalized='ETHEUR'
2026-04-29 22:04:38 | INFO     | ayumi.openapi_spot_feed | DIAG symbol: id=5 name='AUDUSD' normalized='AUDUSD'
2026-04-29 22:04:38 | INFO     | ayumi.openapi_spot_feed | DIAG symbol: id=22311 name='XAGEUR' normalized='XAGEUR'
2026-04-29 22:04:38 | INFO     | ayumi.openapi_spot_feed | DIAG symbol: id=6 name='USDCHF' normalized='USDCHF'
2026-04-29 22:04:38 | INFO     | ayumi.openapi_spot_feed | DIAG symbol: id=22312 name='XAUEUR' normalized='XAUEUR'
2026-04-29 22:04:38 | INFO     | ayumi.openapi_spot_feed | DIAG symbol: id=7 name='GBPJPY' normalized='GBPJPY'
2026-04-29 22:04:38 | INFO     | ayumi.openapi_spot_feed | DIAG symbol: id=8 name='USDCAD' normalized='USDCAD'
2026-04-29 22:04:38 | INFO     | ayumi.openapi_spot_feed | DIAG symbol: id=9 name='EURGBP' normalized='EURGBP'
2026-04-29 22:04:38 | INFO     | ayumi.openapi_spot_feed | DIAG symbol: id=10 name='EURCHF' normalized='EURCHF'
2026-04-29 22:04:38 | INFO     | ayumi.openapi_spot_feed | DIAG symbol: id=11 name='AUDJPY' normalized='AUDJPY'
2026-04-29 22:04:38 | INFO     | ayumi.openapi_spot_feed | DIAG symbol: id=12 name='NZDUSD' normalized='NZDUSD'
2026-04-29 22:04:38 | INFO     | ayumi.openapi_spot_feed | DIAG symbol: id=21577 name='EUROPE 50' normalized='EUROPE 50'
2026-04-29 22:04:38 | INFO     | ayumi.openapi_spot_feed | DIAG symbol: id=13 name='CHFJPY' normalized='CHFJPY'
2026-04-29 22:04:38 | INFO     | ayumi.openapi_spot_feed | DIAG symbol: id=14 name='EURAUD' normalized='EURAUD'
2026-04-29 22:04:38 | INFO     | ayumi.openapi_spot_feed | DIAG symbol: id=15 name='CADJPY' normalized='CADJPY'
2026-04-29 22:04:38 | INFO     | ayumi.openapi_spot_feed | DIAG symbol: id=16 name='GBPAUD' normalized='GBPAUD'
2026-04-29 22:04:38 | INFO     | ayumi.openapi_spot_feed | DIAG symbol: id=17 name='EURCAD' normalized='EURCAD'
2026-04-29 22:04:38 | INFO     | ayumi.openapi_spot_feed | DIAG symbol: id=19 name='GBPCAD' normalized='GBPCAD'
2026-04-29 22:04:38 | INFO     | ayumi.openapi_spot_feed | DIAG symbol: id=22 name='USDNOK' normalized='USDNOK'
2026-04-29 22:04:38 | INFO     | ayumi.openapi_spot_feed | DIAG symbol: id=24 name='USDMXN' normalized='USDMXN'
2026-04-29 22:04:38 | INFO     | ayumi.openapi_spot_feed | DIAG symbol: id=25 name='GBPNZD' normalized='GBPNZD'
2026-04-29 22:04:38 | INFO     | ayumi.openapi_spot_feed | DIAG symbol: id=29 name='USDSEK' normalized='USDSEK'
2026-04-29 22:04:38 | INFO     | ayumi.openapi_spot_feed | DIAG symbol: id=40 name='GBPCHF' normalized='GBPCHF'
2026-04-29 22:04:38 | INFO     | ayumi.openapi_spot_feed | DIAG symbol: id=22385 name='IBOXX USD HIGH YIELD' normalized='IBOXX USD HIGH YIELD'
2026-04-29 22:04:38 | INFO     | ayumi.openapi_spot_feed | DIAG symbol: id=46 name='USDCNH' normalized='USDCNH'
2026-04-29 22:04:38 | INFO     | ayumi.openapi_spot_feed | DIAG symbol: id=47 name='EURSEK' normalized='EURSEK'
2026-04-29 22:04:38 | INFO     | ayumi.openapi_spot_feed | DIAG symbol: id=48 name='GBPZAR' normalized='GBPZAR'
2026-04-29 22:04:38 | INFO     | ayumi.openapi_spot_feed | DIAG symbol: id=49 name='USDTRY' normalized='USDTRY'
2026-04-29 22:04:38 | INFO     | ayumi.openapi_spot_feed | DIAG symbol: id=51 name='EURPLN' normalized='EURPLN'
2026-04-29 22:04:38 | INFO     | ayumi.openapi_spot_feed | DIAG symbol: id=52 name='USDZAR' normalized='USDZAR'
2026-04-29 22:04:38 | INFO     | ayumi.openapi_spot_feed | DIAG symbol: id=53 name='EURMXN' normalized='EURMXN'
2026-04-29 22:04:38 | INFO     | ayumi.openapi_spot_feed | DIAG symbol: id=54 name='EURDKK' normalized='EURDKK'
2026-04-29 22:04:38 | INFO     | ayumi.openapi_spot_feed | DIAG symbol: id=55 name='EURHUF' normalized='EURHUF'
2026-04-29 22:04:38 | INFO     | ayumi.openapi_spot_feed | DIAG symbol: id=56 name='SGDJPY' normalized='SGDJPY'
2026-04-29 22:04:38 | INFO     | ayumi.openapi_spot_feed | DIAG symbol: id=57 name='EURNOK' normalized='EURNOK'
2026-04-29 22:04:38 | INFO     | ayumi.openapi_spot_feed | DIAG symbol: id=58 name='EURHKD' normalized='EURHKD'
2026-04-29 22:04:38 | INFO     | ayumi.openapi_spot_feed | DIAG symbol: id=59 name='GBPNOK' normalized='GBPNOK'
2026-04-29 22:04:38 | INFO     | ayumi.openapi_spot_feed | DIAG symbol: id=60 name='USDHUF' normalized='USDHUF'
2026-04-29 22:04:38 | INFO     | ayumi.openapi_spot_feed | DIAG symbol: id=62 name='EURZAR' normalized='EURZAR'
2026-04-29 22:04:38 | INFO     | ayumi.openapi_spot_feed | DIAG symbol: id=63 name='EURCZK' normalized='EURCZK'
2026-04-29 22:04:38 | INFO     | ayumi.openapi_spot_feed | DIAG symbol: id=65 name='USDPLN' normalized='USDPLN'
2026-04-29 22:04:38 | INFO     | ayumi.openapi_spot_feed | DIAG symbol: id=66 name='EURNZD' normalized='EURNZD'
2026-04-29 22:04:38 | INFO     | ayumi.openapi_spot_feed | DIAG symbol: id=68 name='EURTRY' normalized='EURTRY'
2026-04-29 22:04:38 | INFO     | ayumi.openapi_spot_feed | DIAG symbol: id=69 name='USDDKK' normalized='USDDKK'
2026-04-29 22:04:38 | INFO     | ayumi.openapi_spot_feed | DIAG symbol: id=70 name='NZDJPY' normalized='NZDJPY'
2026-04-29 22:04:38 | INFO     | ayumi.openapi_spot_feed | DIAG symbol: id=72 name='USDCZK' normalized='USDCZK'
2026-04-29 22:04:38 | INFO     | ayumi.openapi_spot_feed | DIAG symbol: id=73 name='USDSGD' normalized='USDSGD'
2026-04-29 22:04:38 | INFO     | ayumi.openapi_spot_feed | DIAG symbol: id=74 name='GBPSGD' normalized='GBPSGD'
2026-04-29 22:04:38 | INFO     | ayumi.openapi_spot_feed | DIAG symbol: id=22330 name='EURCNH' normalized='EURCNH'
2026-04-29 22:04:38 | INFO     | ayumi.openapi_spot_feed | DIAG symbol: id=22332 name='EURRON' normalized='EURRON'
2026-04-29 22:04:38 | INFO     | ayumi.openapi_spot_feed | DIAG symbol: id=22333 name='EURSGD' normalized='EURSGD'
2026-04-29 22:04:38 | INFO     | ayumi.openapi_spot_feed | DIAG symbol: id=22334 name='GBPDKK' normalized='GBPDKK'
2026-04-29 22:04:38 | INFO     | ayumi.openapi_spot_feed | DIAG symbol: id=22335 name='GBPTRY' normalized='GBPTRY'
2026-04-29 22:04:38 | INFO     | ayumi.openapi_spot_feed | DIAG symbol: id=22337 name='NOKJPY' normalized='NOKJPY'
2026-04-29 22:04:38 | INFO     | ayumi.openapi_spot_feed | DIAG symbol: id=22342 name='USDRON' normalized='USDRON'
2026-04-29 22:04:38 | INFO     | ayumi.openapi_spot_feed | DIAG symbol: id=22340 name='SEKJPY' normalized='SEKJPY'
2026-04-29 22:04:38 | INFO     | ayumi.openapi_spot_feed | DIAG symbol: id=10093 name='GBPSEK' normalized='GBPSEK'
2026-04-29 22:04:38 | INFO     | ayumi.openapi_spot_feed | Loaded 830 symbol name mappings from API
2026-04-29 22:04:39 | INFO     | ayumi.openapi_spot_feed | Fetched symbol details: id=2 digits=5
2026-04-29 22:04:39 | INFO     | ayumi.openapi_spot_feed | Subscribed to spot events for symbol_id=2
2026-04-29 22:04:40 | INFO     | ayumi.openapi_spot_feed | SpotEvent: symbol_id=2 raw_bid=134725 raw_ask=134726 digits=5 bid=1.34725 ask=1.34726
2026-04-29 22:04:40 | INFO     | ayumi.openapi_spot_feed | Fetched symbol details: id=4 digits=3
2026-04-29 22:04:40 | INFO     | ayumi.openapi_spot_feed | Subscribed to spot events for symbol_id=4
2026-04-29 22:04:40 | INFO     | ayumi.openapi_spot_feed | OpenApiSpotFeed started: account=46877902 symbols_loaded=2
2026-04-29 22:04:40 | INFO     | ayumi.forward_test | Open API spot feed connected for ['GBPUSD', 'USDJPY']
2026-04-29 22:04:40 | INFO     | ayumi.forward_test | Forward test started: symbols=['GBPUSD', 'USDJPY'] strategies=['SRMR+', 'Killzone Momentum', 'Donchian Channel Breakout', 'Session-Range Mean Reversion', 'BB+RSI Mean Reversion'] mode=PAPER eval_interval=1.0s bar_period=60m
2026-04-29 22:04:41 | INFO     | ayumi.openapi_spot_feed | SpotEvent: symbol_id=4 raw_bid=16043100 raw_ask=16043300 digits=3 bid=16043.10000 ask=16043.30000
2026-04-29 22:04:47 | INFO     | ayumi.openapi_spot_feed | SpotEvent: symbol_id=4 raw_bid=16043200 raw_ask=16043400 digits=3 bid=16043.20000 ask=16043.40000
2026-04-29 22:04:50 | INFO     | ayumi.openapi_spot_feed | SpotEvent: symbol_id=2 raw_bid=134726 raw_ask=134727 digits=5 bid=1.34726 ask=1.34727
2026-04-29 22:04:54 | INFO     | ayumi.openapi_spot_feed | SpotEvent: symbol_id=4 raw_bid=0 raw_ask=16043300 digits=3 bid=0.00000 ask=16043.30000
2026-04-29 22:04:59 | INFO     | ayumi.openapi_spot_feed | SpotEvent: symbol_id=4 raw_bid=16043300 raw_ask=16043400 digits=3 bid=16043.30000 ask=16043.40000
2026-04-29 22:05:00 | INFO     | ayumi.openapi_spot_feed | SpotEvent: symbol_id=4 raw_bid=16043200 raw_ask=16043300 digits=3 bid=16043.20000 ask=16043.30000
2026-04-29 22:05:00 | INFO     | ayumi.openapi_spot_feed | SpotEvent: symbol_id=2 raw_bid=134734 raw_ask=134735 digits=5 bid=1.34734 ask=1.34735
2026-04-29 22:05:00 | INFO     | ayumi.openapi_spot_feed | SpotEvent: symbol_id=4 raw_bid=16042800 raw_ask=16042900 digits=3 bid=16042.80000 ask=16042.90000
2026-04-29 22:05:00 | INFO     | ayumi.openapi_spot_feed | SpotEvent: symbol_id=2 raw_bid=134735 raw_ask=134736 digits=5 bid=1.34735 ask=1.34736
2026-04-29 22:05:00 | INFO     | ayumi.openapi_spot_feed | SpotEvent: symbol_id=4 raw_bid=16042600 raw_ask=16042700 digits=3 bid=16042.60000 ask=16042.70000
2026-04-29 22:05:00 | INFO     | ayumi.openapi_spot_feed | SpotEvent: symbol_id=2 raw_bid=134737 raw_ask=134738 digits=5 bid=1.34737 ask=1.34738
2026-04-29 22:05:01 | INFO     | ayumi.openapi_spot_feed | SpotEvent: symbol_id=4 raw_bid=16042100 raw_ask=16042200 digits=3 bid=16042.10000 ask=16042.20000
2026-04-29 22:05:01 | INFO     | ayumi.openapi_spot_feed | SpotEvent: symbol_id=2 raw_bid=134739 raw_ask=134740 digits=5 bid=1.34739 ask=1.34740
2026-04-29 22:05:01 | INFO     | ayumi.openapi_spot_feed | SpotEvent: symbol_id=4 raw_bid=16042200 raw_ask=16042300 digits=3 bid=16042.20000 ask=16042.30000
2026-04-29 22:05:01 | INFO     | ayumi.openapi_spot_feed | SpotEvent: symbol_id=4 raw_bid=16042100 raw_ask=16042200 digits=3 bid=16042.10000 ask=16042.20000
2026-04-29 22:05:02 | INFO     | ayumi.openapi_spot_feed | SpotEvent: symbol_id=4 raw_bid=0 raw_ask=16042300 digits=3 bid=0.00000 ask=16042.30000
2026-04-29 22:05:02 | INFO     | ayumi.openapi_spot_feed | SpotEvent: symbol_id=4 raw_bid=16042300 raw_ask=16042500 digits=3 bid=16042.30000 ask=16042.50000
2026-04-29 22:05:03 | INFO     | ayumi.openapi_spot_feed | SpotEvent: symbol_id=2 raw_bid=134741 raw_ask=134742 digits=5 bid=1.34741 ask=1.34742
2026-04-29 22:05:03 | INFO     | ayumi.openapi_spot_feed | SpotEvent: symbol_id=4 raw_bid=16042100 raw_ask=16042300 digits=3 bid=16042.10000 ask=16042.30000
2026-04-29 22:05:03 | INFO     | ayumi.openapi_spot_feed | SpotEvent: symbol_id=4 raw_bid=16042000 raw_ask=16042200 digits=3 bid=16042.00000 ask=16042.20000
2026-04-29 22:05:03 | INFO     | ayumi.openapi_spot_feed | SpotEvent: symbol_id=2 raw_bid=134743 raw_ask=134744 digits=5 bid=1.34743 ask=1.34744
2026-04-29 22:05:03 | INFO     | ayumi.openapi_spot_feed | SpotEvent: symbol_id=4 raw_bid=16042200 raw_ask=16042400 digits=3 bid=16042.20000 ask=16042.40000
2026-04-29 22:05:04 | INFO     | ayumi.openapi_spot_feed | SpotEvent: symbol_id=4 raw_bid=16042100 raw_ask=16042300 digits=3 bid=16042.10000 ask=16042.30000
2026-04-29 22:05:04 | INFO     | ayumi.openapi_spot_feed | SpotEvent: symbol_id=4 raw_bid=16041900 raw_ask=16042100 digits=3 bid=16041.90000 ask=16042.10000
2026-04-29 22:05:04 | INFO     | ayumi.openapi_spot_feed | SpotEvent: symbol_id=4 raw_bid=16042000 raw_ask=16042200 digits=3 bid=16042.00000 ask=16042.20000
2026-04-29 22:05:05 | INFO     | ayumi.openapi_spot_feed | SpotEvent: symbol_id=4 raw_bid=16041900 raw_ask=16042100 digits=3 bid=16041.90000 ask=16042.10000
2026-04-29 22:05:06 | INFO     | ayumi.openapi_spot_feed | SpotEvent: symbol_id=2 raw_bid=134741 raw_ask=134742 digits=5 bid=1.34741 ask=1.34742
2026-04-29 22:05:07 | INFO     | ayumi.openapi_spot_feed | SpotEvent: symbol_id=4 raw_bid=16042000 raw_ask=0 digits=3 bid=16042.00000 ask=0.00000
2026-04-29 22:05:07 | INFO     | ayumi.openapi_spot_feed | SpotEvent: symbol_id=2 raw_bid=134740 raw_ask=134741 digits=5 bid=1.34740 ask=1.34741
2026-04-29 22:05:08 | INFO     | ayumi.openapi_spot_feed | SpotEvent: symbol_id=2 raw_bid=134739 raw_ask=134739 digits=5 bid=1.34739 ask=1.34739
2026-04-29 22:05:09 | INFO     | ayumi.openapi_spot_feed | SpotEvent: symbol_id=4 raw_bid=16041900 raw_ask=16042000 digits=3 bid=16041.90000 ask=16042.00000
2026-04-29 22:05:09 | INFO     | ayumi.openapi_spot_feed | SpotEvent: symbol_id=2 raw_bid=0 raw_ask=134740 digits=5 bid=0.00000 ask=1.34740
2026-04-29 22:05:09 | INFO     | ayumi.openapi_spot_feed | SpotEvent: symbol_id=4 raw_bid=16041800 raw_ask=16041900 digits=3 bid=16041.80000 ask=16041.90000
2026-04-29 22:05:10 | INFO     | ayumi.openapi_spot_feed | SpotEvent: symbol_id=2 raw_bid=134738 raw_ask=134739 digits=5 bid=1.34738 ask=1.34739
2026-04-29 22:05:10 | INFO     | ayumi.openapi_spot_feed | SpotEvent: symbol_id=2 raw_bid=134736 raw_ask=134737 digits=5 bid=1.34736 ask=1.34737
2026-04-29 22:05:12 | INFO     | ayumi.openapi_spot_feed | SpotEvent: symbol_id=2 raw_bid=0 raw_ask=134736 digits=5 bid=0.00000 ask=1.34736
2026-04-29 22:05:15 | INFO     | ayumi.openapi_spot_feed | SpotEvent: symbol_id=4 raw_bid=16042000 raw_ask=16042100 digits=3 bid=16042.00000 ask=16042.10000
2026-04-29 22:05:15 | INFO     | ayumi.openapi_spot_feed | SpotEvent: symbol_id=2 raw_bid=134734 raw_ask=134735 digits=5 bid=1.34734 ask=1.34735
2026-04-29 22:05:16 | INFO     | ayumi.openapi_spot_feed | SpotEvent: symbol_id=2 raw_bid=134736 raw_ask=134737 digits=5 bid=1.34736 ask=1.34737
2026-04-29 22:05:18 | INFO     | ayumi.openapi_spot_feed | SpotEvent: symbol_id=2 raw_bid=134737 raw_ask=0 digits=5 bid=1.34737 ask=0.00000
2026-04-29 22:05:18 | INFO     | ayumi.openapi_spot_feed | SpotEvent: symbol_id=2 raw_bid=134738 raw_ask=134738 digits=5 bid=1.34738 ask=1.34738
2026-04-29 22:05:20 | INFO     | ayumi.openapi_spot_feed | SpotEvent: symbol_id=2 raw_bid=134739 raw_ask=134740 digits=5 bid=1.34739 ask=1.34740
2026-04-29 22:05:20 | INFO     | ayumi.openapi_spot_feed | SpotEvent: symbol_id=2 raw_bid=134738 raw_ask=134739 digits=5 bid=1.34738 ask=1.34739
2026-04-29 22:05:20 | INFO     | ayumi.openapi_spot_feed | SpotEvent: symbol_id=4 raw_bid=16041900 raw_ask=16042000 digits=3 bid=16041.90000 ask=16042.00000
2026-04-29 22:05:21 | INFO     | ayumi.openapi_spot_feed | SpotEvent: symbol_id=2 raw_bid=134737 raw_ask=134737 digits=5 bid=1.34737 ask=1.34737
2026-04-29 22:05:22 | INFO     | ayumi.openapi_spot_feed | SpotEvent: symbol_id=2 raw_bid=134738 raw_ask=134738 digits=5 bid=1.34738 ask=1.34738
2026-04-29 22:05:23 | INFO     | ayumi.openapi_spot_feed | SpotEvent: symbol_id=2 raw_bid=134737 raw_ask=0 digits=5 bid=1.34737 ask=0.00000
2026-04-29 22:05:24 | INFO     | ayumi.openapi_spot_feed | SpotEvent: symbol_id=2 raw_bid=134740 raw_ask=134741 digits=5 bid=1.34740 ask=1.34741
2026-04-29 22:05:24 | INFO     | ayumi.openapi_spot_feed | SpotEvent: symbol_id=2 raw_bid=134741 raw_ask=134742 digits=5 bid=1.34741 ask=1.34742
2026-04-29 22:05:24 | INFO     | ayumi.openapi_spot_feed | SpotEvent: symbol_id=4 raw_bid=16041700 raw_ask=16041800 digits=3 bid=16041.70000 ask=16041.80000
2026-04-29 22:05:25 | INFO     | ayumi.openapi_spot_feed | SpotEvent: symbol_id=2 raw_bid=134742 raw_ask=134743 digits=5 bid=1.34742 ask=1.34743
2026-04-29 22:05:35 | INFO     | ayumi.openapi_spot_feed | SpotEvent: symbol_id=4 raw_bid=16041800 raw_ask=0 digits=3 bid=16041.80000 ask=0.00000
2026-04-29 22:05:35 | INFO     | ayumi.openapi_spot_feed | SpotEvent: symbol_id=4 raw_bid=0 raw_ask=16041900 digits=3 bid=0.00000 ask=16041.90000
2026-04-29 22:05:38 | INFO     | ayumi.openapi_spot_feed | SpotEvent: symbol_id=4 raw_bid=16041700 raw_ask=16041800 digits=3 bid=16041.70000 ask=16041.80000
2026-04-29 22:05:39 | INFO     | ayumi.openapi_spot_feed | SpotEvent: symbol_id=2 raw_bid=134743 raw_ask=0 digits=5 bid=1.34743 ask=0.00000
2026-04-29 22:05:40 | INFO     | ayumi.openapi_spot_feed | SpotEvent: symbol_id=2 raw_bid=134746 raw_ask=134747 digits=5 bid=1.34746 ask=1.34747
2026-04-29 22:05:40 | INFO     | ayumi.openapi_spot_feed | SpotEvent: symbol_id=2 raw_bid=134747 raw_ask=134748 digits=5 bid=1.34747 ask=1.34748
2026-04-29 22:05:41 | INFO     | ayumi.openapi_spot_feed | SpotEvent: symbol_id=2 raw_bid=134745 raw_ask=134745 digits=5 bid=1.34745 ask=1.34745
2026-04-29 22:05:42 | INFO     | ayumi.openapi_spot_feed | SpotEvent: symbol_id=2 raw_bid=134746 raw_ask=134747 digits=5 bid=1.34746 ask=1.34747
2026-04-29 22:05:43 | INFO     | ayumi.openapi_spot_feed | SpotEvent: symbol_id=2 raw_bid=134745 raw_ask=134746 digits=5 bid=1.34745 ask=1.34746
2026-04-29 22:05:53 | INFO     | ayumi.openapi_spot_feed | SpotEvent: symbol_id=4 raw_bid=16041600 raw_ask=16041700 digits=3 bid=16041.60000 ask=16041.70000
2026-04-29 22:05:53 | INFO     | ayumi.openapi_spot_feed | SpotEvent: symbol_id=2 raw_bid=134746 raw_ask=134747 digits=5 bid=1.34746 ask=1.34747
2026-04-29 22:05:53 | INFO     | ayumi.openapi_spot_feed | SpotEvent: symbol_id=4 raw_bid=16041700 raw_ask=16041800 digits=3 bid=16041.70000 ask=16041.80000
2026-04-29 22:05:53 | INFO     | ayumi.openapi_spot_feed | SpotEvent: symbol_id=2 raw_bid=134747 raw_ask=0 digits=5 bid=1.34747 ask=0.00000
2026-04-29 22:05:54 | INFO     | ayumi.openapi_spot_feed | SpotEvent: symbol_id=2 raw_bid=134746 raw_ask=0 digits=5 bid=1.34746 ask=0.00000
2026-04-29 22:05:55 | INFO     | ayumi.openapi_spot_feed | SpotEvent: symbol_id=2 raw_bid=134744 raw_ask=134745 digits=5 bid=1.34744 ask=1.34745
2026-04-29 22:05:55 | INFO     | ayumi.openapi_spot_feed | SpotEvent: symbol_id=2 raw_bid=134745 raw_ask=0 digits=5 bid=1.34745 ask=0.00000
2026-04-29 22:05:56 | INFO     | ayumi.openapi_spot_feed | SpotEvent: symbol_id=4 raw_bid=16041800 raw_ask=16041900 digits=3 bid=16041.80000 ask=16041.90000
2026-04-29 22:05:57 | INFO     | ayumi.openapi_spot_feed | SpotEvent: symbol_id=4 raw_bid=16041700 raw_ask=16041800 digits=3 bid=16041.70000 ask=16041.80000
2026-04-29 22:05:58 | INFO     | ayumi.openapi_spot_feed | SpotEvent: symbol_id=2 raw_bid=134744 raw_ask=134744 digits=5 bid=1.34744 ask=1.34744
2026-04-29 22:05:58 | INFO     | ayumi.openapi_spot_feed | SpotEvent: symbol_id=4 raw_bid=16041400 raw_ask=16041500 digits=3 bid=16041.40000 ask=16041.50000
2026-04-29 22:05:58 | INFO     | ayumi.openapi_spot_feed | SpotEvent: symbol_id=2 raw_bid=134746 raw_ask=134747 digits=5 bid=1.34746 ask=1.34747
2026-04-29 22:05:59 | INFO     | ayumi.openapi_spot_feed | SpotEvent: symbol_id=4 raw_bid=16041100 raw_ask=16041200 digits=3 bid=16041.10000 ask=16041.20000
2026-04-29 22:05:59 | INFO     | ayumi.openapi_spot_feed | SpotEvent: symbol_id=4 raw_bid=16041200 raw_ask=16041300 digits=3 bid=16041.20000 ask=16041.30000
2026-04-29 22:05:59 | INFO     | ayumi.openapi_spot_feed | SpotEvent: symbol_id=4 raw_bid=16040900 raw_ask=16040900 digits=3 bid=16040.90000 ask=16040.90000
2026-04-29 22:05:59 | INFO     | ayumi.openapi_spot_feed | SpotEvent: symbol_id=2 raw_bid=134748 raw_ask=134749 digits=5 bid=1.34748 ask=1.34749
2026-04-29 22:06:00 | INFO     | ayumi.openapi_spot_feed | SpotEvent: symbol_id=4 raw_bid=16040700 raw_ask=16040800 digits=3 bid=16040.70000 ask=16040.80000
2026-04-29 22:06:00 | INFO     | ayumi.openapi_spot_feed | SpotEvent: symbol_id=2 raw_bid=134749 raw_ask=0 digits=5 bid=1.34749 ask=0.00000
2026-04-29 22:06:00 | INFO     | ayumi.openapi_spot_feed | SpotEvent: symbol_id=2 raw_bid=134750 raw_ask=134751 digits=5 bid=1.34750 ask=1.34751
2026-04-29 22:06:01 | INFO     | ayumi.openapi_spot_feed | SpotEvent: symbol_id=2 raw_bid=134752 raw_ask=134753 digits=5 bid=1.34752 ask=1.34753
2026-04-29 22:06:01 | INFO     | ayumi.openapi_spot_feed | SpotEvent: symbol_id=2 raw_bid=134751 raw_ask=134751 digits=5 bid=1.34751 ask=1.34751
2026-04-29 22:06:01 | INFO     | ayumi.openapi_spot_feed | SpotEvent: symbol_id=2 raw_bid=134752 raw_ask=134752 digits=5 bid=1.34752 ask=1.34752
2026-04-29 22:06:02 | INFO     | ayumi.openapi_spot_feed | SpotEvent: symbol_id=2 raw_bid=134753 raw_ask=134754 digits=5 bid=1.34753 ask=1.34754
2026-04-29 22:06:02 | INFO     | ayumi.openapi_spot_feed | SpotEvent: symbol_id=2 raw_bid=134752 raw_ask=134752 digits=5 bid=1.34752 ask=1.34752
2026-04-29 22:06:03 | INFO     | ayumi.openapi_spot_feed | SpotEvent: symbol_id=2 raw_bid=134754 raw_ask=134755 digits=5 bid=1.34754 ask=1.34755
2026-04-29 22:06:09 | INFO     | ayumi.openapi_spot_feed | SpotEvent: symbol_id=4 raw_bid=16040800 raw_ask=16040900 digits=3 bid=16040.80000 ask=16040.90000
2026-04-29 22:06:13 | INFO     | ayumi.openapi_spot_feed | SpotEvent: symbol_id=4 raw_bid=16040700 raw_ask=16040800 digits=3 bid=16040.70000 ask=16040.80000
2026-04-29 22:06:15 | INFO     | ayumi.openapi_spot_feed | SpotEvent: symbol_id=4 raw_bid=16040300 raw_ask=16040400 digits=3 bid=16040.30000 ask=16040.40000
2026-04-29 22:06:16 | INFO     | ayumi.openapi_spot_feed | SpotEvent: symbol_id=4 raw_bid=16039900 raw_ask=16039900 digits=3 bid=16039.90000 ask=16039.90000
2026-04-29 22:06:17 | INFO     | ayumi.openapi_spot_feed | SpotEvent: symbol_id=4 raw_bid=0 raw_ask=16040000 digits=3 bid=0.00000 ask=16040.00000
2026-04-29 22:06:18 | INFO     | ayumi.openapi_spot_feed | SpotEvent: symbol_id=4 raw_bid=16039700 raw_ask=16039800 digits=3 bid=16039.70000 ask=16039.80000
2026-04-29 22:06:20 | INFO     | ayumi.openapi_spot_feed | SpotEvent: symbol_id=2 raw_bid=134755 raw_ask=0 digits=5 bid=1.34755 ask=0.00000
2026-04-29 22:06:20 | INFO     | ayumi.openapi_spot_feed | SpotEvent: symbol_id=2 raw_bid=0 raw_ask=134756 digits=5 bid=0.00000 ask=1.34756
2026-04-29 22:06:22 | INFO     | ayumi.openapi_spot_feed | SpotEvent: symbol_id=4 raw_bid=16039900 raw_ask=16040000 digits=3 bid=16039.90000 ask=16040.00000
2026-04-29 22:06:22 | INFO     | ayumi.openapi_spot_feed | SpotEvent: symbol_id=2 raw_bid=134754 raw_ask=134754 digits=5 bid=1.34754 ask=1.34754
2026-04-29 22:06:22 | INFO     | ayumi.openapi_spot_feed | SpotEvent: symbol_id=4 raw_bid=16039800 raw_ask=16039900 digits=3 bid=16039.80000 ask=16039.90000
2026-04-29 22:06:24 | INFO     | ayumi.openapi_spot_feed | SpotEvent: symbol_id=2 raw_bid=0 raw_ask=134755 digits=5 bid=0.00000 ask=1.34755
2026-04-29 22:06:26 | INFO     | ayumi.openapi_spot_feed | SpotEvent: symbol_id=4 raw_bid=16039900 raw_ask=16040000 digits=3 bid=16039.90000 ask=16040.00000
2026-04-29 22:06:26 | INFO     | ayumi.openapi_spot_feed | SpotEvent: symbol_id=4 raw_bid=16039600 raw_ask=16039700 digits=3 bid=16039.60000 ask=16039.70000
2026-04-29 22:06:27 | INFO     | ayumi.openapi_spot_feed | SpotEvent: symbol_id=2 raw_bid=134755 raw_ask=0 digits=5 bid=1.34755 ask=0.00000
2026-04-29 22:06:27 | INFO     | ayumi.openapi_spot_feed | SpotEvent: symbol_id=2 raw_bid=134754 raw_ask=0 digits=5 bid=1.34754 ask=0.00000
2026-04-29 22:06:27 | INFO     | ayumi.openapi_spot_feed | SpotEvent: symbol_id=2 raw_bid=134756 raw_ask=134757 digits=5 bid=1.34756 ask=1.34757
2026-04-29 22:06:28 | INFO     | ayumi.openapi_spot_feed | SpotEvent: symbol_id=4 raw_bid=16039700 raw_ask=16039800 digits=3 bid=16039.70000 ask=16039.80000
2026-04-29 22:06:28 | INFO     | ayumi.openapi_spot_feed | SpotEvent: symbol_id=2 raw_bid=134754 raw_ask=134755 digits=5 bid=1.34754 ask=1.34755
2026-04-29 22:06:28 | INFO     | ayumi.openapi_spot_feed | SpotEvent: symbol_id=4 raw_bid=16039600 raw_ask=16039700 digits=3 bid=16039.60000 ask=16039.70000
2026-04-29 22:06:28 | INFO     | ayumi.openapi_spot_feed | SpotEvent: symbol_id=2 raw_bid=134755 raw_ask=134756 digits=5 bid=1.34755 ask=1.34756
2026-04-29 22:06:28 | INFO     | ayumi.openapi_spot_feed | SpotEvent: symbol_id=4 raw_bid=16039700 raw_ask=16039800 digits=3 bid=16039.70000 ask=16039.80000
2026-04-29 22:06:30 | INFO     | ayumi.openapi_spot_feed | SpotEvent: symbol_id=2 raw_bid=134754 raw_ask=134754 digits=5 bid=1.34754 ask=1.34754
2026-04-29 22:06:30 | INFO     | ayumi.openapi_spot_feed | SpotEvent: symbol_id=4 raw_bid=16039900 raw_ask=16039900 digits=3 bid=16039.90000 ask=16039.90000
2026-04-29 22:06:30 | INFO     | ayumi.openapi_spot_feed | SpotEvent: symbol_id=2 raw_bid=134753 raw_ask=134753 digits=5 bid=1.34753 ask=1.34753
2026-04-29 22:06:30 | INFO     | ayumi.openapi_spot_feed | SpotEvent: symbol_id=4 raw_bid=16040200 raw_ask=16040200 digits=3 bid=16040.20000 ask=16040.20000
2026-04-29 22:06:31 | INFO     | ayumi.openapi_spot_feed | SpotEvent: symbol_id=2 raw_bid=134752 raw_ask=134752 digits=5 bid=1.34752 ask=1.34752
2026-04-29 22:06:31 | INFO     | ayumi.openapi_spot_feed | SpotEvent: symbol_id=4 raw_bid=16040000 raw_ask=16040000 digits=3 bid=16040.00000 ask=16040.00000
2026-04-29 22:06:31 | INFO     | ayumi.openapi_spot_feed | SpotEvent: symbol_id=4 raw_bid=16039800 raw_ask=16039900 digits=3 bid=16039.80000 ask=16039.90000
2026-04-29 22:06:31 | INFO     | ayumi.openapi_spot_feed | SpotEvent: symbol_id=2 raw_bid=134753 raw_ask=134753 digits=5 bid=1.34753 ask=1.34753
2026-04-29 22:06:32 | INFO     | ayumi.openapi_spot_feed | SpotEvent: symbol_id=4 raw_bid=16039700 raw_ask=16039800 digits=3 bid=16039.70000 ask=16039.80000
2026-04-29 22:06:42 | INFO     | ayumi.openapi_spot_feed | SpotEvent: symbol_id=2 raw_bid=134752 raw_ask=134752 digits=5 bid=1.34752 ask=1.34752
2026-04-29 22:06:42 | INFO     | ayumi.openapi_spot_feed | SpotEvent: symbol_id=4 raw_bid=16039800 raw_ask=16039900 digits=3 bid=16039.80000 ask=16039.90000
2026-04-29 22:06:42 | INFO     | ayumi.openapi_spot_feed | SpotEvent: symbol_id=2 raw_bid=134750 raw_ask=134751 digits=5 bid=1.34750 ask=1.34751
2026-04-29 22:06:42 | INFO     | ayumi.openapi_spot_feed | SpotEvent: symbol_id=4 raw_bid=0 raw_ask=16039800 digits=3 bid=0.00000 ask=16039.80000
2026-04-29 22:06:42 | INFO     | ayumi.openapi_spot_feed | SpotEvent: symbol_id=2 raw_bid=134751 raw_ask=134752 digits=5 bid=1.34751 ask=1.34752
2026-04-29 22:06:42 | INFO     | ayumi.openapi_spot_feed | SpotEvent: symbol_id=4 raw_bid=0 raw_ask=16039900 digits=3 bid=0.00000 ask=16039.90000
2026-04-29 22:06:44 | INFO     | ayumi.openapi_spot_feed | SpotEvent: symbol_id=4 raw_bid=16039900 raw_ask=16040000 digits=3 bid=16039.90000 ask=16040.00000
2026-04-29 22:06:44 | INFO     | ayumi.openapi_spot_feed | SpotEvent: symbol_id=2 raw_bid=134752 raw_ask=134753 digits=5 bid=1.34752 ask=1.34753
2026-04-29 22:06:45 | INFO     | ayumi.openapi_spot_feed | SpotEvent: symbol_id=4 raw_bid=0 raw_ask=16039900 digits=3 bid=0.00000 ask=16039.90000
2026-04-29 22:06:47 | INFO     | ayumi.openapi_spot_feed | SpotEvent: symbol_id=4 raw_bid=0 raw_ask=16040000 digits=3 bid=0.00000 ask=16040.00000
2026-04-29 22:06:48 | INFO     | ayumi.openapi_spot_feed | SpotEvent: symbol_id=4 raw_bid=0 raw_ask=16039900 digits=3 bid=0.00000 ask=16039.90000
2026-04-29 22:06:48 | INFO     | ayumi.openapi_spot_feed | SpotEvent: symbol_id=4 raw_bid=0 raw_ask=16040000 digits=3 bid=0.00000 ask=16040.00000
2026-04-29 22:06:49 | INFO     | ayumi.openapi_spot_feed | SpotEvent: symbol_id=4 raw_bid=0 raw_ask=16039900 digits=3 bid=0.00000 ask=16039.90000
2026-04-29 22:06:50 | INFO     | ayumi.openapi_spot_feed | SpotEvent: symbol_id=4 raw_bid=0 raw_ask=16040000 digits=3 bid=0.00000 ask=16040.00000
2026-04-29 22:06:50 | INFO     | ayumi.openapi_spot_feed | SpotEvent: symbol_id=4 raw_bid=16039800 raw_ask=16039900 digits=3 bid=16039.80000 ask=16039.90000
2026-04-29 22:06:51 | INFO     | ayumi.openapi_spot_feed | SpotEvent: symbol_id=4 raw_bid=16039700 raw_ask=16039700 digits=3 bid=16039.70000 ask=16039.70000
2026-04-29 22:06:52 | INFO     | ayumi.openapi_spot_feed | SpotEvent: symbol_id=2 raw_bid=134754 raw_ask=134755 digits=5 bid=1.34754 ask=1.34755
2026-04-29 22:06:52 | INFO     | ayumi.openapi_spot_feed | SpotEvent: symbol_id=4 raw_bid=0 raw_ask=16039800 digits=3 bid=0.00000 ask=16039.80000
2026-04-29 22:06:52 | INFO     | ayumi.openapi_spot_feed | SpotEvent: symbol_id=2 raw_bid=0 raw_ask=134754 digits=5 bid=0.00000 ask=1.34754
2026-04-29 22:06:52 | INFO     | ayumi.openapi_spot_feed | SpotEvent: symbol_id=4 raw_bid=16039800 raw_ask=16039900 digits=3 bid=16039.80000 ask=16039.90000
2026-04-29 22:06:52 | INFO     | ayumi.openapi_spot_feed | SpotEvent: symbol_id=4 raw_bid=16039700 raw_ask=16039800 digits=3 bid=16039.70000 ask=16039.80000
2026-04-29 22:06:53 | INFO     | ayumi.openapi_spot_feed | SpotEvent: symbol_id=2 raw_bid=134753 raw_ask=134753 digits=5 bid=1.34753 ask=1.34753
2026-04-29 22:06:53 | INFO     | ayumi.openapi_spot_feed | SpotEvent: symbol_id=4 raw_bid=16039900 raw_ask=16040000 digits=3 bid=16039.90000 ask=16040.00000
2026-04-29 22:06:54 | INFO     | ayumi.openapi_spot_feed | SpotEvent: symbol_id=2 raw_bid=134752 raw_ask=0 digits=5 bid=1.34752 ask=0.00000
2026-04-29 22:06:55 | INFO     | ayumi.openapi_spot_feed | SpotEvent: symbol_id=4 raw_bid=16039800 raw_ask=16039900 digits=3 bid=16039.80000 ask=16039.90000
2026-04-29 22:06:56 | INFO     | ayumi.openapi_spot_feed | SpotEvent: symbol_id=4 raw_bid=16039700 raw_ask=16039800 digits=3 bid=16039.70000 ask=16039.80000
2026-04-29 22:06:56 | INFO     | ayumi.openapi_spot_feed | SpotEvent: symbol_id=2 raw_bid=0 raw_ask=134752 digits=5 bid=0.00000 ask=1.34752
2026-04-29 22:06:56 | INFO     | ayumi.openapi_spot_feed | SpotEvent: symbol_id=4 raw_bid=16039800 raw_ask=0 digits=3 bid=16039.80000 ask=0.00000
2026-04-29 22:06:57 | INFO     | ayumi.openapi_spot_feed | SpotEvent: symbol_id=2 raw_bid=134754 raw_ask=134754 digits=5 bid=1.34754 ask=1.34754
2026-04-29 22:06:57 | INFO     | ayumi.openapi_spot_feed | SpotEvent: symbol_id=4 raw_bid=16039900 raw_ask=16039900 digits=3 bid=16039.90000 ask=16039.90000
2026-04-29 22:06:57 | INFO     | ayumi.openapi_spot_feed | SpotEvent: symbol_id=2 raw_bid=134752 raw_ask=134752 digits=5 bid=1.34752 ask=1.34752
2026-04-29 22:06:57 | INFO     | ayumi.openapi_spot_feed | SpotEvent: symbol_id=4 raw_bid=16040000 raw_ask=16040100 digits=3 bid=16040.00000 ask=16040.10000
2026-04-29 22:07:00 | INFO     | ayumi.openapi_spot_feed | SpotEvent: symbol_id=4 raw_bid=0 raw_ask=16040000 digits=3 bid=0.00000 ask=16040.00000
2026-04-29 22:07:01 | INFO     | ayumi.openapi_spot_feed | SpotEvent: symbol_id=2 raw_bid=0 raw_ask=134753 digits=5 bid=0.00000 ask=1.34753
2026-04-29 22:07:01 | INFO     | ayumi.openapi_spot_feed | SpotEvent: symbol_id=2 raw_bid=0 raw_ask=134752 digits=5 bid=0.00000 ask=1.34752
2026-04-29 22:07:04 | INFO     | ayumi.openapi_spot_feed | SpotEvent: symbol_id=4 raw_bid=16040800 raw_ask=16040800 digits=3 bid=16040.80000 ask=16040.80000
2026-04-29 22:07:04 | INFO     | ayumi.openapi_spot_feed | SpotEvent: symbol_id=2 raw_bid=134750 raw_ask=134751 digits=5 bid=1.34750 ask=1.34751
2026-04-29 22:07:04 | INFO     | ayumi.openapi_spot_feed | SpotEvent: symbol_id=4 raw_bid=16041000 raw_ask=16041000 digits=3 bid=16041.00000 ask=16041.00000
2026-04-29 22:07:04 | INFO     | ayumi.openapi_spot_feed | SpotEvent: symbol_id=4 raw_bid=16041100 raw_ask=16041100 digits=3 bid=16041.10000 ask=16041.10000
2026-04-29 22:07:05 | INFO     | ayumi.openapi_spot_feed | SpotEvent: symbol_id=4 raw_bid=0 raw_ask=16041200 digits=3 bid=0.00000 ask=16041.20000
2026-04-29 22:07:06 | INFO     | ayumi.openapi_spot_feed | SpotEvent: symbol_id=2 raw_bid=134749 raw_ask=134749 digits=5 bid=1.34749 ask=1.34749
2026-04-29 22:07:07 | INFO     | ayumi.openapi_spot_feed | SpotEvent: symbol_id=4 raw_bid=16041900 raw_ask=16042000 digits=3 bid=16041.90000 ask=16042.00000
2026-04-29 22:07:07 | INFO     | ayumi.openapi_spot_feed | SpotEvent: symbol_id=2 raw_bid=134747 raw_ask=134747 digits=5 bid=1.34747 ask=1.34747
2026-04-29 22:07:08 | INFO     | ayumi.openapi_spot_feed | SpotEvent: symbol_id=4 raw_bid=16042100 raw_ask=16042200 digits=3 bid=16042.10000 ask=16042.20000
2026-04-29 22:07:08 | INFO     | ayumi.openapi_spot_feed | SpotEvent: symbol_id=2 raw_bid=134743 raw_ask=134744 digits=5 bid=1.34743 ask=1.34744
2026-04-29 22:07:08 | INFO     | ayumi.openapi_spot_feed | SpotEvent: symbol_id=2 raw_bid=134742 raw_ask=134743 digits=5 bid=1.34742 ask=1.34743
2026-04-29 22:07:08 | INFO     | ayumi.openapi_spot_feed | SpotEvent: symbol_id=2 raw_bid=134741 raw_ask=134741 digits=5 bid=1.34741 ask=1.34741
2026-04-29 22:07:09 | INFO     | ayumi.openapi_spot_feed | SpotEvent: symbol_id=4 raw_bid=0 raw_ask=16042300 digits=3 bid=0.00000 ask=16042.30000
2026-04-29 22:07:09 | INFO     | ayumi.openapi_spot_feed | SpotEvent: symbol_id=4 raw_bid=16042200 raw_ask=16042400 digits=3 bid=16042.20000 ask=16042.40000
2026-04-29 22:07:10 | INFO     | ayumi.openapi_spot_feed | SpotEvent: symbol_id=4 raw_bid=16042100 raw_ask=16042300 digits=3 bid=16042.10000 ask=16042.30000
2026-04-29 22:07:11 | INFO     | ayumi.openapi_spot_feed | SpotEvent: symbol_id=4 raw_bid=16042200 raw_ask=16042400 digits=3 bid=16042.20000 ask=16042.40000
2026-04-29 22:07:12 | INFO     | ayumi.openapi_spot_feed | SpotEvent: symbol_id=4 raw_bid=16042300 raw_ask=16042500 digits=3 bid=16042.30000 ask=16042.50000
2026-04-29 22:07:12 | INFO     | ayumi.openapi_spot_feed | SpotEvent: symbol_id=4 raw_bid=16042200 raw_ask=16042400 digits=3 bid=16042.20000 ask=16042.40000
2026-04-29 22:07:12 | INFO     | ayumi.openapi_spot_feed | SpotEvent: symbol_id=2 raw_bid=134740 raw_ask=0 digits=5 bid=1.34740 ask=0.00000
2026-04-29 22:07:14 | INFO     | ayumi.openapi_spot_feed | SpotEvent: symbol_id=4 raw_bid=16042000 raw_ask=16042200 digits=3 bid=16042.00000 ask=16042.20000
2026-04-29 22:07:14 | INFO     | ayumi.openapi_spot_feed | SpotEvent: symbol_id=4 raw_bid=16042100 raw_ask=16042300 digits=3 bid=16042.10000 ask=16042.30000
2026-04-29 22:07:15 | INFO     | ayumi.openapi_spot_feed | SpotEvent: symbol_id=2 raw_bid=0 raw_ask=134740 digits=5 bid=0.00000 ask=1.34740
2026-04-29 22:07:15 | INFO     | ayumi.openapi_spot_feed | SpotEvent: symbol_id=2 raw_bid=134737 raw_ask=134738 digits=5 bid=1.34737 ask=1.34738
2026-04-29 22:07:21 | INFO     | ayumi.openapi_spot_feed | SpotEvent: symbol_id=4 raw_bid=0 raw_ask=16042200 digits=3 bid=0.00000 ask=16042.20000
2026-04-29 22:07:21 | INFO     | ayumi.openapi_spot_feed | SpotEvent: symbol_id=4 raw_bid=16042200 raw_ask=16042300 digits=3 bid=16042.20000 ask=16042.30000
2026-04-29 22:07:22 | INFO     | ayumi.forward_test | Shutdown signal received (sig=15)
2026-04-29 22:07:22 | INFO     | ayumi.forward_test | Shutdown signal received (sig=15)
2026-04-29 22:07:22 | INFO     | ayumi.openapi_spot_feed | Unsubscribed from spot events for symbol_id=2
2026-04-29 22:07:22 | INFO     | ayumi.openapi_spot_feed | Unsubscribed from spot events for symbol_id=4
2026-04-29 22:07:22 | INFO     | ayumi.openapi_spot_feed | OpenApiSpotFeed stopped
2026-04-29 22:07:22 | INFO     | ayumi.forward_test | Forward test stopped: balance=10000.00 trades=0 pnl=0.00 errors=0 reconnects=0
2026-04-29 22:07:22 | WARNING  | ayumi.openapi_spot_feed | Disconnected: [Failure instance: Traceback (failure with no frames): <class 'twisted.internet.error.ConnectionDone'>: Connection was closed cleanly.
]
2026-04-29 22:07:26 | INFO     | ayumi.forward_test | Shutdown signal received (sig=15)
2026-04-29 22:07:26 | INFO     | ayumi.forward_test | Shutdown signal received (sig=15)
2026-04-29 22:07:31 | INFO     | ayumi.forward_test | Shutdown signal received (sig=15)
2026-04-29 22:07:31 | INFO     | ayumi.forward_test | Shutdown signal received (sig=15)
2026-04-29 22:07:35 | INFO     | ayumi.forward_test | Shutdown signal received (sig=15)
2026-04-29 22:07:35 | INFO     | ayumi.forward_test | Shutdown signal received (sig=15)
2026-04-29 22:07:56 | INFO     | ayumi.blend_launcher | === Ayumi Multi-Strategy Forward Test (Blend Pipeline) ===
2026-04-29 22:07:56 | INFO     | ayumi.blend_launcher | Symbols: ['GBPUSD', 'USDJPY']
2026-04-29 22:07:59 | WARNING  | ayumi.blend_launcher | Could not fetch symbol list from OpenAPI: 'CTraderOpenApiClient' object has no attribute 'get_symbols' — using static mapping
2026-04-29 22:07:59 | INFO     | ayumi.blend_launcher | Fetching 100 H1 bars for GBPUSD (id=2)...
2026-04-29 22:07:59 | INFO     | ayumi.blend_launcher | === Ayumi Multi-Strategy Forward Test (Blend Pipeline) ===
2026-04-29 22:07:59 | INFO     | ayumi.blend_launcher | Symbols: ['GBPUSD', 'USDJPY']
2026-04-29 22:08:01 | INFO     | ayumi.blend_launcher | Fetched 99 H1 bars for GBPUSD
2026-04-29 22:08:01 | INFO     | ayumi.blend_launcher | Fetching 200 M15 bars for GBPUSD (id=2)...
2026-04-29 22:08:02 | WARNING  | ayumi.blend_launcher | Could not fetch symbol list from OpenAPI: 'CTraderOpenApiClient' object has no attribute 'get_symbols' — using static mapping
2026-04-29 22:08:02 | INFO     | ayumi.blend_launcher | Fetching 100 H1 bars for GBPUSD (id=2)...
2026-04-29 22:08:03 | INFO     | ayumi.blend_launcher | Fetched 199 M15 bars for GBPUSD
2026-04-29 22:08:03 | INFO     | ayumi.blend_launcher | Fetching 100 H1 bars for USDJPY (id=3)...
2026-04-29 22:08:04 | INFO     | ayumi.blend_launcher | Fetched 99 H1 bars for GBPUSD
2026-04-29 22:08:04 | INFO     | ayumi.blend_launcher | Fetching 200 M15 bars for GBPUSD (id=2)...
2026-04-29 22:08:05 | INFO     | ayumi.blend_launcher | Fetched 99 H1 bars for USDJPY
2026-04-29 22:08:05 | INFO     | ayumi.blend_launcher | Fetching 200 M15 bars for USDJPY (id=3)...
2026-04-29 22:08:06 | INFO     | ayumi.blend_launcher | Fetched 199 M15 bars for GBPUSD
2026-04-29 22:08:06 | INFO     | ayumi.blend_launcher | Fetching 100 H1 bars for USDJPY (id=3)...
2026-04-29 22:08:07 | INFO     | ayumi.blend_launcher | Fetched 199 M15 bars for USDJPY
2026-04-29 22:08:07 | INFO     | ayumi.blend_launcher | Registered 5 strategies: ['SRMR+', 'Killzone Momentum', 'Donchian Channel Breakout', 'Session-Range Mean Reversion', 'BB+RSI Mean Reversion']
2026-04-29 22:08:07 | INFO     | ayumi.blend_launcher | All strategy .name properties verified against maps
2026-04-29 22:08:07 | INFO     | ayumi.risk | Restored risk state from data/risk_state_blend.json
2026-04-29 22:08:07 | INFO     | ayumi.forward_test | BlendForwardTestRunner started — balance=$10000.00
2026-04-29 22:08:07 | INFO     | ayumi.forward_test | Preloaded 99 bars into key 'GBPUSD:60'
2026-04-29 22:08:07 | INFO     | ayumi.blend_launcher | Preloaded 99 H1 bars for GBPUSD
2026-04-29 22:08:07 | INFO     | ayumi.forward_test | Preloaded 199 bars into key 'GBPUSD:15'
2026-04-29 22:08:07 | INFO     | ayumi.blend_launcher | Preloaded 199 M15 bars for GBPUSD
2026-04-29 22:08:07 | INFO     | ayumi.forward_test | Preloaded 99 bars into key 'USDJPY:60'
2026-04-29 22:08:07 | INFO     | ayumi.blend_launcher | Preloaded 99 H1 bars for USDJPY
2026-04-29 22:08:07 | INFO     | ayumi.forward_test | Preloaded 199 bars into key 'USDJPY:15'
2026-04-29 22:08:07 | INFO     | ayumi.blend_launcher | Preloaded 199 M15 bars for USDJPY
2026-04-29 22:08:07 | INFO     | ayumi.blend_launcher | === STARTING MULTI-STRATEGY FORWARD TEST ===
2026-04-29 22:08:07 | INFO     | ayumi.blend_launcher | Pipeline: SRMR+ + Killzone + Momentum + SessionRangeMR → Correlation Gate → Blend Runner → Paper
2026-04-29 22:08:07 | INFO     | ayumi.openapi_spot_feed | Connected to demo.ctraderapi.com:5035
2026-04-29 22:08:08 | INFO     | ayumi.blend_launcher | Fetched 99 H1 bars for USDJPY
2026-04-29 22:08:08 | INFO     | ayumi.blend_launcher | Fetching 200 M15 bars for USDJPY (id=3)...
2026-04-29 22:08:08 | INFO     | ayumi.openapi_spot_feed | Application authenticated
2026-04-29 22:08:09 | INFO     | ayumi.openapi_spot_feed | Account authenticated
2026-04-29 22:08:09 | INFO     | ayumi.openapi_spot_feed | Requesting symbol list for account 46877902
2026-04-29 22:08:10 | INFO     | ayumi.blend_launcher | Fetched 199 M15 bars for USDJPY
2026-04-29 22:08:10 | INFO     | ayumi.blend_launcher | Registered 5 strategies: ['SRMR+', 'Killzone Momentum', 'Donchian Channel Breakout', 'Session-Range Mean Reversion', 'BB+RSI Mean Reversion']
2026-04-29 22:08:10 | INFO     | ayumi.blend_launcher | All strategy .name properties verified against maps
2026-04-29 22:08:10 | INFO     | ayumi.risk | Restored risk state from data/risk_state_blend.json
2026-04-29 22:08:10 | INFO     | ayumi.forward_test | BlendForwardTestRunner started — balance=$10000.00
2026-04-29 22:08:10 | INFO     | ayumi.forward_test | Preloaded 99 bars into key 'GBPUSD:60'
2026-04-29 22:08:10 | INFO     | ayumi.blend_launcher | Preloaded 99 H1 bars for GBPUSD
2026-04-29 22:08:10 | INFO     | ayumi.forward_test | Preloaded 199 bars into key 'GBPUSD:15'
2026-04-29 22:08:10 | INFO     | ayumi.blend_launcher | Preloaded 199 M15 bars for GBPUSD
2026-04-29 22:08:10 | INFO     | ayumi.forward_test | Preloaded 99 bars into key 'USDJPY:60'
2026-04-29 22:08:10 | INFO     | ayumi.blend_launcher | Preloaded 99 H1 bars for USDJPY
2026-04-29 22:08:10 | INFO     | ayumi.forward_test | Preloaded 199 bars into key 'USDJPY:15'
2026-04-29 22:08:10 | INFO     | ayumi.blend_launcher | Preloaded 199 M15 bars for USDJPY
2026-04-29 22:08:10 | INFO     | ayumi.blend_launcher | === STARTING MULTI-STRATEGY FORWARD TEST ===
2026-04-29 22:08:10 | INFO     | ayumi.blend_launcher | Pipeline: SRMR+ + Killzone + Momentum + SessionRangeMR → Correlation Gate → Blend Runner → Paper
2026-04-29 22:08:10 | INFO     | ayumi.openapi_spot_feed | DIAG symbol: id=1 name='EURUSD' normalized='EURUSD'
2026-04-29 22:08:10 | INFO     | ayumi.openapi_spot_feed | DIAG symbol: id=22346 name='XPDUSD' normalized='XPDUSD'
2026-04-29 22:08:10 | INFO     | ayumi.openapi_spot_feed | DIAG symbol: id=10091 name='XBRUSD' normalized='XBRUSD'
2026-04-29 22:08:10 | INFO     | ayumi.openapi_spot_feed | DIAG symbol: id=22395 name='BTCUSD' normalized='BTCUSD'
2026-04-29 22:08:10 | INFO     | ayumi.openapi_spot_feed | Connected to demo.ctraderapi.com:5035
2026-04-29 22:08:10 | INFO     | ayumi.openapi_spot_feed | DIAG symbol: id=2 name='GBPUSD' normalized='GBPUSD'
2026-04-29 22:08:10 | INFO     | ayumi.openapi_spot_feed | DIAG symbol: id=22348 name='XPTUSD' normalized='XPTUSD'
2026-04-29 22:08:10 | INFO     | ayumi.openapi_spot_feed | DIAG symbol: id=10092 name='XTIUSD' normalized='XTIUSD'
2026-04-29 22:08:10 | INFO     | ayumi.openapi_spot_feed | DIAG symbol: id=22396 name='BTCEUR' normalized='BTCEUR'
2026-04-29 22:08:10 | INFO     | ayumi.openapi_spot_feed | DIAG symbol: id=3 name='EURJPY' normalized='EURJPY'
2026-04-29 22:08:10 | INFO     | ayumi.openapi_spot_feed | DIAG symbol: id=41 name='XAUUSD' normalized='XAUUSD'
2026-04-29 22:08:10 | INFO     | ayumi.openapi_spot_feed | DIAG symbol: id=21683 name='EUROPE' normalized='EUROPE'
2026-04-29 22:08:10 | INFO     | ayumi.openapi_spot_feed | DIAG symbol: id=22397 name='ETHUSD' normalized='ETHUSD'
2026-04-29 22:08:10 | INFO     | ayumi.openapi_spot_feed | DIAG symbol: id=4 name='USDJPY' normalized='USDJPY'
2026-04-29 22:08:10 | INFO     | ayumi.openapi_spot_feed | DIAG symbol: id=42 name='XAGUSD' normalized='XAGUSD'
2026-04-29 22:08:10 | INFO     | ayumi.openapi_spot_feed | DIAG symbol: id=22398 name='ETHEUR' normalized='ETHEUR'
2026-04-29 22:08:10 | INFO     | ayumi.openapi_spot_feed | DIAG symbol: id=5 name='AUDUSD' normalized='AUDUSD'
2026-04-29 22:08:10 | INFO     | ayumi.openapi_spot_feed | DIAG symbol: id=22311 name='XAGEUR' normalized='XAGEUR'
2026-04-29 22:08:10 | INFO     | ayumi.openapi_spot_feed | DIAG symbol: id=6 name='USDCHF' normalized='USDCHF'
2026-04-29 22:08:10 | INFO     | ayumi.openapi_spot_feed | DIAG symbol: id=22312 name='XAUEUR' normalized='XAUEUR'
2026-04-29 22:08:10 | INFO     | ayumi.openapi_spot_feed | DIAG symbol: id=7 name='GBPJPY' normalized='GBPJPY'
2026-04-29 22:08:10 | INFO     | ayumi.openapi_spot_feed | DIAG symbol: id=8 name='USDCAD' normalized='USDCAD'
2026-04-29 22:08:10 | INFO     | ayumi.openapi_spot_feed | DIAG symbol: id=9 name='EURGBP' normalized='EURGBP'
2026-04-29 22:08:10 | INFO     | ayumi.openapi_spot_feed | DIAG symbol: id=10 name='EURCHF' normalized='EURCHF'
2026-04-29 22:08:10 | INFO     | ayumi.openapi_spot_feed | DIAG symbol: id=11 name='AUDJPY' normalized='AUDJPY'
2026-04-29 22:08:10 | INFO     | ayumi.openapi_spot_feed | DIAG symbol: id=12 name='NZDUSD' normalized='NZDUSD'
2026-04-29 22:08:10 | INFO     | ayumi.openapi_spot_feed | DIAG symbol: id=21577 name='EUROPE 50' normalized='EUROPE 50'
2026-04-29 22:08:10 | INFO     | ayumi.openapi_spot_feed | DIAG symbol: id=13 name='CHFJPY' normalized='CHFJPY'
2026-04-29 22:08:10 | INFO     | ayumi.openapi_spot_feed | DIAG symbol: id=14 name='EURAUD' normalized='EURAUD'
2026-04-29 22:08:10 | INFO     | ayumi.openapi_spot_feed | DIAG symbol: id=15 name='CADJPY' normalized='CADJPY'
2026-04-29 22:08:10 | INFO     | ayumi.openapi_spot_feed | DIAG symbol: id=16 name='GBPAUD' normalized='GBPAUD'
2026-04-29 22:08:10 | INFO     | ayumi.openapi_spot_feed | DIAG symbol: id=17 name='EURCAD' normalized='EURCAD'
2026-04-29 22:08:10 | INFO     | ayumi.openapi_spot_feed | DIAG symbol: id=19 name='GBPCAD' normalized='GBPCAD'
2026-04-29 22:08:10 | INFO     | ayumi.openapi_spot_feed | DIAG symbol: id=22 name='USDNOK' normalized='USDNOK'
2026-04-29 22:08:10 | INFO     | ayumi.openapi_spot_feed | DIAG symbol: id=24 name='USDMXN' normalized='USDMXN'
2026-04-29 22:08:10 | INFO     | ayumi.openapi_spot_feed | DIAG symbol: id=25 name='GBPNZD' normalized='GBPNZD'
2026-04-29 22:08:10 | INFO     | ayumi.openapi_spot_feed | DIAG symbol: id=29 name='USDSEK' normalized='USDSEK'
2026-04-29 22:08:10 | INFO     | ayumi.openapi_spot_feed | DIAG symbol: id=40 name='GBPCHF' normalized='GBPCHF'
2026-04-29 22:08:10 | INFO     | ayumi.openapi_spot_feed | DIAG symbol: id=22385 name='IBOXX USD HIGH YIELD' normalized='IBOXX USD HIGH YIELD'
2026-04-29 22:08:10 | INFO     | ayumi.openapi_spot_feed | DIAG symbol: id=46 name='USDCNH' normalized='USDCNH'
2026-04-29 22:08:10 | INFO     | ayumi.openapi_spot_feed | DIAG symbol: id=47 name='EURSEK' normalized='EURSEK'
2026-04-29 22:08:10 | INFO     | ayumi.openapi_spot_feed | DIAG symbol: id=48 name='GBPZAR' normalized='GBPZAR'
2026-04-29 22:08:10 | INFO     | ayumi.openapi_spot_feed | DIAG symbol: id=49 name='USDTRY' normalized='USDTRY'
2026-04-29 22:08:10 | INFO     | ayumi.openapi_spot_feed | DIAG symbol: id=51 name='EURPLN' normalized='EURPLN'
2026-04-29 22:08:10 | INFO     | ayumi.openapi_spot_feed | DIAG symbol: id=52 name='USDZAR' normalized='USDZAR'
2026-04-29 22:08:10 | INFO     | ayumi.openapi_spot_feed | DIAG symbol: id=53 name='EURMXN' normalized='EURMXN'
2026-04-29 22:08:10 | INFO     | ayumi.openapi_spot_feed | DIAG symbol: id=54 name='EURDKK' normalized='EURDKK'
2026-04-29 22:08:10 | INFO     | ayumi.openapi_spot_feed | DIAG symbol: id=55 name='EURHUF' normalized='EURHUF'
2026-04-29 22:08:10 | INFO     | ayumi.openapi_spot_feed | DIAG symbol: id=56 name='SGDJPY' normalized='SGDJPY'
2026-04-29 22:08:10 | INFO     | ayumi.openapi_spot_feed | DIAG symbol: id=57 name='EURNOK' normalized='EURNOK'
2026-04-29 22:08:10 | INFO     | ayumi.openapi_spot_feed | DIAG symbol: id=58 name='EURHKD' normalized='EURHKD'
2026-04-29 22:08:10 | INFO     | ayumi.openapi_spot_feed | DIAG symbol: id=59 name='GBPNOK' normalized='GBPNOK'
2026-04-29 22:08:10 | INFO     | ayumi.openapi_spot_feed | DIAG symbol: id=60 name='USDHUF' normalized='USDHUF'
2026-04-29 22:08:10 | INFO     | ayumi.openapi_spot_feed | DIAG symbol: id=62 name='EURZAR' normalized='EURZAR'
2026-04-29 22:08:10 | INFO     | ayumi.openapi_spot_feed | DIAG symbol: id=63 name='EURCZK' normalized='EURCZK'
2026-04-29 22:08:10 | INFO     | ayumi.openapi_spot_feed | DIAG symbol: id=65 name='USDPLN' normalized='USDPLN'
2026-04-29 22:08:10 | INFO     | ayumi.openapi_spot_feed | DIAG symbol: id=66 name='EURNZD' normalized='EURNZD'
2026-04-29 22:08:10 | INFO     | ayumi.openapi_spot_feed | DIAG symbol: id=68 name='EURTRY' normalized='EURTRY'
2026-04-29 22:08:10 | INFO     | ayumi.openapi_spot_feed | DIAG symbol: id=69 name='USDDKK' normalized='USDDKK'
2026-04-29 22:08:10 | INFO     | ayumi.openapi_spot_feed | DIAG symbol: id=70 name='NZDJPY' normalized='NZDJPY'
2026-04-29 22:08:10 | INFO     | ayumi.openapi_spot_feed | DIAG symbol: id=72 name='USDCZK' normalized='USDCZK'
2026-04-29 22:08:10 | INFO     | ayumi.openapi_spot_feed | DIAG symbol: id=73 name='USDSGD' normalized='USDSGD'
2026-04-29 22:08:10 | INFO     | ayumi.openapi_spot_feed | DIAG symbol: id=74 name='GBPSGD' normalized='GBPSGD'
2026-04-29 22:08:10 | INFO     | ayumi.openapi_spot_feed | DIAG symbol: id=22330 name='EURCNH' normalized='EURCNH'
2026-04-29 22:08:10 | INFO     | ayumi.openapi_spot_feed | DIAG symbol: id=22332 name='EURRON' normalized='EURRON'
2026-04-29 22:08:10 | INFO     | ayumi.openapi_spot_feed | DIAG symbol: id=22333 name='EURSGD' normalized='EURSGD'
2026-04-29 22:08:10 | INFO     | ayumi.openapi_spot_feed | DIAG symbol: id=22334 name='GBPDKK' normalized='GBPDKK'
2026-04-29 22:08:10 | INFO     | ayumi.openapi_spot_feed | DIAG symbol: id=22335 name='GBPTRY' normalized='GBPTRY'
2026-04-29 22:08:10 | INFO     | ayumi.openapi_spot_feed | DIAG symbol: id=22337 name='NOKJPY' normalized='NOKJPY'
2026-04-29 22:08:10 | INFO     | ayumi.openapi_spot_feed | DIAG symbol: id=22342 name='USDRON' normalized='USDRON'
2026-04-29 22:08:10 | INFO     | ayumi.openapi_spot_feed | DIAG symbol: id=22340 name='SEKJPY' normalized='SEKJPY'
2026-04-29 22:08:10 | INFO     | ayumi.openapi_spot_feed | DIAG symbol: id=10093 name='GBPSEK' normalized='GBPSEK'
2026-04-29 22:08:10 | INFO     | ayumi.openapi_spot_feed | Loaded 830 symbol name mappings from API
2026-04-29 22:08:11 | INFO     | ayumi.openapi_spot_feed | DIAG symbol_detail: id=2 name='GBPUSD' digits=5 pip_position=4 bid_price=N/A ask_price=N/A
2026-04-29 22:08:11 | INFO     | ayumi.openapi_spot_feed | Fetched symbol details: id=2 digits=5
2026-04-29 22:08:11 | INFO     | ayumi.openapi_spot_feed | Subscribed to spot events for symbol_id=2
2026-04-29 22:08:11 | INFO     | ayumi.openapi_spot_feed | Application authenticated
2026-04-29 22:08:12 | INFO     | ayumi.openapi_spot_feed | SpotEvent: symbol_id=2 raw_bid=134750 raw_ask=134751 digits=5 bid=1.34750 ask=1.34751
2026-04-29 22:08:12 | INFO     | ayumi.openapi_spot_feed | DIAG symbol_detail: id=4 name='USDJPY' digits=3 pip_position=2 bid_price=N/A ask_price=N/A
2026-04-29 22:08:12 | INFO     | ayumi.openapi_spot_feed | Fetched symbol details: id=4 digits=3
2026-04-29 22:08:12 | INFO     | ayumi.openapi_spot_feed | Subscribed to spot events for symbol_id=4
2026-04-29 22:08:12 | INFO     | ayumi.openapi_spot_feed | OpenApiSpotFeed started: account=46877902 symbols_loaded=2
2026-04-29 22:08:12 | INFO     | ayumi.forward_test | Open API spot feed connected for ['GBPUSD', 'USDJPY']
2026-04-29 22:08:12 | INFO     | ayumi.forward_test | Forward test started: symbols=['GBPUSD', 'USDJPY'] strategies=['SRMR+', 'Killzone Momentum', 'Donchian Channel Breakout', 'Session-Range Mean Reversion', 'BB+RSI Mean Reversion'] mode=PAPER eval_interval=1.0s bar_period=60m
2026-04-29 22:08:12 | INFO     | ayumi.openapi_spot_feed | Account authenticated
2026-04-29 22:08:12 | INFO     | ayumi.openapi_spot_feed | Requesting symbol list for account 46877902
2026-04-29 22:08:13 | INFO     | ayumi.openapi_spot_feed | SpotEvent: symbol_id=4 raw_bid=16039800 raw_ask=16039900 digits=3 bid=16039.80000 ask=16039.90000
2026-04-29 22:08:13 | INFO     | ayumi.openapi_spot_feed | DIAG symbol: id=1 name='EURUSD' normalized='EURUSD'
2026-04-29 22:08:13 | INFO     | ayumi.openapi_spot_feed | DIAG symbol: id=22346 name='XPDUSD' normalized='XPDUSD'
2026-04-29 22:08:13 | INFO     | ayumi.openapi_spot_feed | DIAG symbol: id=10091 name='XBRUSD' normalized='XBRUSD'
2026-04-29 22:08:13 | INFO     | ayumi.openapi_spot_feed | DIAG symbol: id=22395 name='BTCUSD' normalized='BTCUSD'
2026-04-29 22:08:13 | INFO     | ayumi.openapi_spot_feed | DIAG symbol: id=2 name='GBPUSD' normalized='GBPUSD'
2026-04-29 22:08:13 | INFO     | ayumi.openapi_spot_feed | DIAG symbol: id=22348 name='XPTUSD' normalized='XPTUSD'
2026-04-29 22:08:13 | INFO     | ayumi.openapi_spot_feed | DIAG symbol: id=10092 name='XTIUSD' normalized='XTIUSD'
2026-04-29 22:08:13 | INFO     | ayumi.openapi_spot_feed | DIAG symbol: id=22396 name='BTCEUR' normalized='BTCEUR'
2026-04-29 22:08:13 | INFO     | ayumi.openapi_spot_feed | DIAG symbol: id=3 name='EURJPY' normalized='EURJPY'
2026-04-29 22:08:13 | INFO     | ayumi.openapi_spot_feed | DIAG symbol: id=41 name='XAUUSD' normalized='XAUUSD'
2026-04-29 22:08:13 | INFO     | ayumi.openapi_spot_feed | DIAG symbol: id=21683 name='EUROPE' normalized='EUROPE'
2026-04-29 22:08:13 | INFO     | ayumi.openapi_spot_feed | DIAG symbol: id=22397 name='ETHUSD' normalized='ETHUSD'
2026-04-29 22:08:13 | INFO     | ayumi.openapi_spot_feed | DIAG symbol: id=4 name='USDJPY' normalized='USDJPY'
2026-04-29 22:08:13 | INFO     | ayumi.openapi_spot_feed | DIAG symbol: id=42 name='XAGUSD' normalized='XAGUSD'
2026-04-29 22:08:13 | INFO     | ayumi.openapi_spot_feed | DIAG symbol: id=22398 name='ETHEUR' normalized='ETHEUR'
2026-04-29 22:08:13 | INFO     | ayumi.openapi_spot_feed | DIAG symbol: id=5 name='AUDUSD' normalized='AUDUSD'
2026-04-29 22:08:13 | INFO     | ayumi.openapi_spot_feed | DIAG symbol: id=22311 name='XAGEUR' normalized='XAGEUR'
2026-04-29 22:08:13 | INFO     | ayumi.openapi_spot_feed | DIAG symbol: id=6 name='USDCHF' normalized='USDCHF'
2026-04-29 22:08:13 | INFO     | ayumi.openapi_spot_feed | DIAG symbol: id=22312 name='XAUEUR' normalized='XAUEUR'
2026-04-29 22:08:13 | INFO     | ayumi.openapi_spot_feed | DIAG symbol: id=7 name='GBPJPY' normalized='GBPJPY'
2026-04-29 22:08:13 | INFO     | ayumi.openapi_spot_feed | DIAG symbol: id=8 name='USDCAD' normalized='USDCAD'
2026-04-29 22:08:13 | INFO     | ayumi.openapi_spot_feed | DIAG symbol: id=9 name='EURGBP' normalized='EURGBP'
2026-04-29 22:08:13 | INFO     | ayumi.openapi_spot_feed | DIAG symbol: id=10 name='EURCHF' normalized='EURCHF'
2026-04-29 22:08:13 | INFO     | ayumi.openapi_spot_feed | DIAG symbol: id=11 name='AUDJPY' normalized='AUDJPY'
2026-04-29 22:08:13 | INFO     | ayumi.openapi_spot_feed | DIAG symbol: id=12 name='NZDUSD' normalized='NZDUSD'
2026-04-29 22:08:13 | INFO     | ayumi.openapi_spot_feed | DIAG symbol: id=21577 name='EUROPE 50' normalized='EUROPE 50'
2026-04-29 22:08:13 | INFO     | ayumi.openapi_spot_feed | DIAG symbol: id=13 name='CHFJPY' normalized='CHFJPY'
2026-04-29 22:08:13 | INFO     | ayumi.openapi_spot_feed | DIAG symbol: id=14 name='EURAUD' normalized='EURAUD'
2026-04-29 22:08:13 | INFO     | ayumi.openapi_spot_feed | DIAG symbol: id=15 name='CADJPY' normalized='CADJPY'
2026-04-29 22:08:13 | INFO     | ayumi.openapi_spot_feed | DIAG symbol: id=16 name='GBPAUD' normalized='GBPAUD'
2026-04-29 22:08:13 | INFO     | ayumi.openapi_spot_feed | DIAG symbol: id=17 name='EURCAD' normalized='EURCAD'
2026-04-29 22:08:13 | INFO     | ayumi.openapi_spot_feed | DIAG symbol: id=19 name='GBPCAD' normalized='GBPCAD'
2026-04-29 22:08:13 | INFO     | ayumi.openapi_spot_feed | DIAG symbol: id=22 name='USDNOK' normalized='USDNOK'
2026-04-29 22:08:13 | INFO     | ayumi.openapi_spot_feed | DIAG symbol: id=24 name='USDMXN' normalized='USDMXN'
2026-04-29 22:08:13 | INFO     | ayumi.openapi_spot_feed | DIAG symbol: id=25 name='GBPNZD' normalized='GBPNZD'
2026-04-29 22:08:13 | INFO     | ayumi.openapi_spot_feed | DIAG symbol: id=29 name='USDSEK' normalized='USDSEK'
2026-04-29 22:08:13 | INFO     | ayumi.openapi_spot_feed | DIAG symbol: id=40 name='GBPCHF' normalized='GBPCHF'
2026-04-29 22:08:13 | INFO     | ayumi.openapi_spot_feed | DIAG symbol: id=22385 name='IBOXX USD HIGH YIELD' normalized='IBOXX USD HIGH YIELD'
2026-04-29 22:08:13 | INFO     | ayumi.openapi_spot_feed | DIAG symbol: id=46 name='USDCNH' normalized='USDCNH'
2026-04-29 22:08:13 | INFO     | ayumi.openapi_spot_feed | DIAG symbol: id=47 name='EURSEK' normalized='EURSEK'
2026-04-29 22:08:13 | INFO     | ayumi.openapi_spot_feed | DIAG symbol: id=48 name='GBPZAR' normalized='GBPZAR'
2026-04-29 22:08:13 | INFO     | ayumi.openapi_spot_feed | DIAG symbol: id=49 name='USDTRY' normalized='USDTRY'
2026-04-29 22:08:13 | INFO     | ayumi.openapi_spot_feed | DIAG symbol: id=51 name='EURPLN' normalized='EURPLN'
2026-04-29 22:08:13 | INFO     | ayumi.openapi_spot_feed | DIAG symbol: id=52 name='USDZAR' normalized='USDZAR'
2026-04-29 22:08:13 | INFO     | ayumi.openapi_spot_feed | DIAG symbol: id=53 name='EURMXN' normalized='EURMXN'
2026-04-29 22:08:13 | INFO     | ayumi.openapi_spot_feed | DIAG symbol: id=54 name='EURDKK' normalized='EURDKK'
2026-04-29 22:08:13 | INFO     | ayumi.openapi_spot_feed | DIAG symbol: id=55 name='EURHUF' normalized='EURHUF'
2026-04-29 22:08:13 | INFO     | ayumi.openapi_spot_feed | DIAG symbol: id=56 name='SGDJPY' normalized='SGDJPY'
2026-04-29 22:08:13 | INFO     | ayumi.openapi_spot_feed | DIAG symbol: id=57 name='EURNOK' normalized='EURNOK'
2026-04-29 22:08:13 | INFO     | ayumi.openapi_spot_feed | DIAG symbol: id=58 name='EURHKD' normalized='EURHKD'
2026-04-29 22:08:13 | INFO     | ayumi.openapi_spot_feed | DIAG symbol: id=59 name='GBPNOK' normalized='GBPNOK'
2026-04-29 22:08:13 | INFO     | ayumi.openapi_spot_feed | DIAG symbol: id=60 name='USDHUF' normalized='USDHUF'
2026-04-29 22:08:13 | INFO     | ayumi.openapi_spot_feed | DIAG symbol: id=62 name='EURZAR' normalized='EURZAR'
2026-04-29 22:08:13 | INFO     | ayumi.openapi_spot_feed | DIAG symbol: id=63 name='EURCZK' normalized='EURCZK'
2026-04-29 22:08:13 | INFO     | ayumi.openapi_spot_feed | DIAG symbol: id=65 name='USDPLN' normalized='USDPLN'
2026-04-29 22:08:13 | INFO     | ayumi.openapi_spot_feed | DIAG symbol: id=66 name='EURNZD' normalized='EURNZD'
2026-04-29 22:08:13 | INFO     | ayumi.openapi_spot_feed | DIAG symbol: id=68 name='EURTRY' normalized='EURTRY'
2026-04-29 22:08:13 | INFO     | ayumi.openapi_spot_feed | DIAG symbol: id=69 name='USDDKK' normalized='USDDKK'
2026-04-29 22:08:13 | INFO     | ayumi.openapi_spot_feed | DIAG symbol: id=70 name='NZDJPY' normalized='NZDJPY'
2026-04-29 22:08:13 | INFO     | ayumi.openapi_spot_feed | DIAG symbol: id=72 name='USDCZK' normalized='USDCZK'
2026-04-29 22:08:13 | INFO     | ayumi.openapi_spot_feed | DIAG symbol: id=73 name='USDSGD' normalized='USDSGD'
2026-04-29 22:08:13 | INFO     | ayumi.openapi_spot_feed | DIAG symbol: id=74 name='GBPSGD' normalized='GBPSGD'
2026-04-29 22:08:13 | INFO     | ayumi.openapi_spot_feed | DIAG symbol: id=22330 name='EURCNH' normalized='EURCNH'
2026-04-29 22:08:13 | INFO     | ayumi.openapi_spot_feed | DIAG symbol: id=22332 name='EURRON' normalized='EURRON'
2026-04-29 22:08:13 | INFO     | ayumi.openapi_spot_feed | DIAG symbol: id=22333 name='EURSGD' normalized='EURSGD'
2026-04-29 22:08:13 | INFO     | ayumi.openapi_spot_feed | DIAG symbol: id=22334 name='GBPDKK' normalized='GBPDKK'
2026-04-29 22:08:13 | INFO     | ayumi.openapi_spot_feed | DIAG symbol: id=22335 name='GBPTRY' normalized='GBPTRY'
2026-04-29 22:08:13 | INFO     | ayumi.openapi_spot_feed | DIAG symbol: id=22337 name='NOKJPY' normalized='NOKJPY'
2026-04-29 22:08:13 | INFO     | ayumi.openapi_spot_feed | DIAG symbol: id=22342 name='USDRON' normalized='USDRON'
2026-04-29 22:08:13 | INFO     | ayumi.openapi_spot_feed | DIAG symbol: id=22340 name='SEKJPY' normalized='SEKJPY'
2026-04-29 22:08:13 | INFO     | ayumi.openapi_spot_feed | DIAG symbol: id=10093 name='GBPSEK' normalized='GBPSEK'
2026-04-29 22:08:13 | INFO     | ayumi.openapi_spot_feed | Loaded 830 symbol name mappings from API
2026-04-29 22:08:14 | INFO     | ayumi.openapi_spot_feed | DIAG symbol_detail: id=2 name='GBPUSD' digits=5 pip_position=4 bid_price=N/A ask_price=N/A
2026-04-29 22:08:14 | INFO     | ayumi.openapi_spot_feed | Fetched symbol details: id=2 digits=5
2026-04-29 22:08:14 | INFO     | ayumi.openapi_spot_feed | Subscribed to spot events for symbol_id=2
2026-04-29 22:08:15 | INFO     | ayumi.openapi_spot_feed | SpotEvent: symbol_id=2 raw_bid=134750 raw_ask=134751 digits=5 bid=1.34750 ask=1.34751
2026-04-29 22:08:15 | INFO     | ayumi.openapi_spot_feed | DIAG symbol_detail: id=4 name='USDJPY' digits=3 pip_position=2 bid_price=N/A ask_price=N/A
2026-04-29 22:08:15 | INFO     | ayumi.openapi_spot_feed | Fetched symbol details: id=4 digits=3
2026-04-29 22:08:15 | INFO     | ayumi.openapi_spot_feed | Subscribed to spot events for symbol_id=4
2026-04-29 22:08:15 | INFO     | ayumi.openapi_spot_feed | OpenApiSpotFeed started: account=46877902 symbols_loaded=2
2026-04-29 22:08:15 | INFO     | ayumi.forward_test | Open API spot feed connected for ['GBPUSD', 'USDJPY']
2026-04-29 22:08:15 | INFO     | ayumi.forward_test | Forward test started: symbols=['GBPUSD', 'USDJPY'] strategies=['SRMR+', 'Killzone Momentum', 'Donchian Channel Breakout', 'Session-Range Mean Reversion', 'BB+RSI Mean Reversion'] mode=PAPER eval_interval=1.0s bar_period=60m
2026-04-29 22:08:16 | INFO     | ayumi.openapi_spot_feed | SpotEvent: symbol_id=4 raw_bid=16039800 raw_ask=16039900 digits=3 bid=16039.80000 ask=16039.90000
2026-04-29 22:08:21 | INFO     | ayumi.openapi_spot_feed | SpotEvent: symbol_id=4 raw_bid=16040100 raw_ask=16040200 digits=3 bid=16040.10000 ask=16040.20000
2026-04-29 22:08:21 | INFO     | ayumi.openapi_spot_feed | SpotEvent: symbol_id=4 raw_bid=16040100 raw_ask=16040200 digits=3 bid=16040.10000 ask=16040.20000
2026-04-29 22:08:21 | INFO     | ayumi.openapi_spot_feed | SpotEvent: symbol_id=4 raw_bid=16040200 raw_ask=16040300 digits=3 bid=16040.20000 ask=16040.30000
2026-04-29 22:08:21 | INFO     | ayumi.openapi_spot_feed | SpotEvent: symbol_id=4 raw_bid=16040200 raw_ask=16040300 digits=3 bid=16040.20000 ask=16040.30000
2026-04-29 22:08:22 | INFO     | ayumi.openapi_spot_feed | SpotEvent: symbol_id=4 raw_bid=16040300 raw_ask=16040400 digits=3 bid=16040.30000 ask=16040.40000
2026-04-29 22:08:22 | INFO     | ayumi.openapi_spot_feed | SpotEvent: symbol_id=4 raw_bid=16040300 raw_ask=16040400 digits=3 bid=16040.30000 ask=16040.40000
2026-04-29 22:08:24 | INFO     | ayumi.openapi_spot_feed | SpotEvent: symbol_id=4 raw_bid=16040400 raw_ask=16040500 digits=3 bid=16040.40000 ask=16040.50000
2026-04-29 22:08:24 | INFO     | ayumi.openapi_spot_feed | SpotEvent: symbol_id=4 raw_bid=16040400 raw_ask=16040500 digits=3 bid=16040.40000 ask=16040.50000
2026-04-29 22:08:25 | INFO     | ayumi.openapi_spot_feed | SpotEvent: symbol_id=2 raw_bid=134749 raw_ask=134749 digits=5 bid=1.34749 ask=1.34749
2026-04-29 22:08:25 | INFO     | ayumi.openapi_spot_feed | SpotEvent: symbol_id=2 raw_bid=134749 raw_ask=134749 digits=5 bid=1.34749 ask=1.34749
2026-04-29 22:08:25 | INFO     | ayumi.openapi_spot_feed | SpotEvent: symbol_id=4 raw_bid=16040300 raw_ask=16040400 digits=3 bid=16040.30000 ask=16040.40000
2026-04-29 22:08:25 | INFO     | ayumi.openapi_spot_feed | SpotEvent: symbol_id=4 raw_bid=16040300 raw_ask=16040400 digits=3 bid=16040.30000 ask=16040.40000
2026-04-29 22:08:26 | INFO     | ayumi.openapi_spot_feed | SpotEvent: symbol_id=2 raw_bid=134750 raw_ask=134751 digits=5 bid=1.34750 ask=1.34751
2026-04-29 22:08:26 | INFO     | ayumi.openapi_spot_feed | SpotEvent: symbol_id=2 raw_bid=134750 raw_ask=134751 digits=5 bid=1.34750 ask=1.34751
2026-04-29 22:08:39 | INFO     | ayumi.openapi_spot_feed | SpotEvent: symbol_id=4 raw_bid=16040400 raw_ask=16040500 digits=3 bid=16040.40000 ask=16040.50000
2026-04-29 22:08:39 | INFO     | ayumi.openapi_spot_feed | SpotEvent: symbol_id=4 raw_bid=16040400 raw_ask=16040500 digits=3 bid=16040.40000 ask=16040.50000
2026-04-29 22:08:39 | INFO     | ayumi.openapi_spot_feed | SpotEvent: symbol_id=4 raw_bid=0 raw_ask=16040400 digits=3 bid=0.00000 ask=16040.40000
2026-04-29 22:08:39 | INFO     | ayumi.openapi_spot_feed | SpotEvent: symbol_id=4 raw_bid=0 raw_ask=16040400 digits=3 bid=0.00000 ask=16040.40000
2026-04-29 22:08:43 | INFO     | ayumi.openapi_spot_feed | SpotEvent: symbol_id=4 raw_bid=16040300 raw_ask=16040300 digits=3 bid=16040.30000 ask=16040.30000
2026-04-29 22:08:43 | INFO     | ayumi.openapi_spot_feed | SpotEvent: symbol_id=4 raw_bid=16040300 raw_ask=16040300 digits=3 bid=16040.30000 ask=16040.30000
2026-04-29 22:08:43 | INFO     | ayumi.openapi_spot_feed | SpotEvent: symbol_id=2 raw_bid=134749 raw_ask=134750 digits=5 bid=1.34749 ask=1.34750
2026-04-29 22:08:43 | INFO     | ayumi.openapi_spot_feed | SpotEvent: symbol_id=2 raw_bid=134749 raw_ask=134750 digits=5 bid=1.34749 ask=1.34750
2026-04-29 22:08:44 | INFO     | ayumi.openapi_spot_feed | SpotEvent: symbol_id=4 raw_bid=0 raw_ask=16040400 digits=3 bid=0.00000 ask=16040.40000
2026-04-29 22:08:44 | INFO     | ayumi.openapi_spot_feed | SpotEvent: symbol_id=4 raw_bid=0 raw_ask=16040400 digits=3 bid=0.00000 ask=16040.40000
2026-04-29 22:08:48 | INFO     | ayumi.openapi_spot_feed | SpotEvent: symbol_id=2 raw_bid=134748 raw_ask=134749 digits=5 bid=1.34748 ask=1.34749
2026-04-29 22:08:48 | INFO     | ayumi.openapi_spot_feed | SpotEvent: symbol_id=2 raw_bid=134748 raw_ask=134749 digits=5 bid=1.34748 ask=1.34749
2026-04-29 22:08:48 | INFO     | ayumi.openapi_spot_feed | SpotEvent: symbol_id=2 raw_bid=134745 raw_ask=134746 digits=5 bid=1.34745 ask=1.34746
2026-04-29 22:08:48 | INFO     | ayumi.openapi_spot_feed | SpotEvent: symbol_id=2 raw_bid=134745 raw_ask=134746 digits=5 bid=1.34745 ask=1.34746
2026-04-29 22:08:48 | INFO     | ayumi.openapi_spot_feed | SpotEvent: symbol_id=2 raw_bid=134749 raw_ask=134750 digits=5 bid=1.34749 ask=1.34750
2026-04-29 22:08:48 | INFO     | ayumi.openapi_spot_feed | SpotEvent: symbol_id=2 raw_bid=134749 raw_ask=134750 digits=5 bid=1.34749 ask=1.34750
2026-04-29 22:08:49 | INFO     | ayumi.openapi_spot_feed | SpotEvent: symbol_id=2 raw_bid=134755 raw_ask=134756 digits=5 bid=1.34755 ask=1.34756
2026-04-29 22:08:49 | INFO     | ayumi.openapi_spot_feed | SpotEvent: symbol_id=2 raw_bid=134755 raw_ask=134756 digits=5 bid=1.34755 ask=1.34756
2026-04-29 22:08:49 | INFO     | ayumi.openapi_spot_feed | SpotEvent: symbol_id=4 raw_bid=16040200 raw_ask=16040300 digits=3 bid=16040.20000 ask=16040.30000
2026-04-29 22:08:49 | INFO     | ayumi.openapi_spot_feed | SpotEvent: symbol_id=4 raw_bid=16040200 raw_ask=16040300 digits=3 bid=16040.20000 ask=16040.30000
2026-04-29 22:08:49 | INFO     | ayumi.openapi_spot_feed | SpotEvent: symbol_id=2 raw_bid=134757 raw_ask=134758 digits=5 bid=1.34757 ask=1.34758
2026-04-29 22:08:49 | INFO     | ayumi.openapi_spot_feed | SpotEvent: symbol_id=2 raw_bid=134757 raw_ask=134758 digits=5 bid=1.34757 ask=1.34758
2026-04-29 22:08:49 | INFO     | ayumi.openapi_spot_feed | SpotEvent: symbol_id=4 raw_bid=16040000 raw_ask=16040100 digits=3 bid=16040.00000 ask=16040.10000
2026-04-29 22:08:49 | INFO     | ayumi.openapi_spot_feed | SpotEvent: symbol_id=4 raw_bid=16040000 raw_ask=16040100 digits=3 bid=16040.00000 ask=16040.10000
2026-04-29 22:08:49 | INFO     | ayumi.openapi_spot_feed | SpotEvent: symbol_id=2 raw_bid=134756 raw_ask=134756 digits=5 bid=1.34756 ask=1.34756
2026-04-29 22:08:49 | INFO     | ayumi.openapi_spot_feed | SpotEvent: symbol_id=2 raw_bid=134756 raw_ask=134756 digits=5 bid=1.34756 ask=1.34756
2026-04-29 22:08:50 | INFO     | ayumi.openapi_spot_feed | SpotEvent: symbol_id=4 raw_bid=16040100 raw_ask=16040200 digits=3 bid=16040.10000 ask=16040.20000
2026-04-29 22:08:50 | INFO     | ayumi.openapi_spot_feed | SpotEvent: symbol_id=4 raw_bid=16040100 raw_ask=16040200 digits=3 bid=16040.10000 ask=16040.20000
2026-04-29 22:08:50 | INFO     | ayumi.openapi_spot_feed | SpotEvent: symbol_id=2 raw_bid=0 raw_ask=134757 digits=5 bid=0.00000 ask=1.34757
2026-04-29 22:08:50 | INFO     | ayumi.openapi_spot_feed | SpotEvent: symbol_id=2 raw_bid=0 raw_ask=134757 digits=5 bid=0.00000 ask=1.34757
2026-04-29 22:08:50 | INFO     | ayumi.openapi_spot_feed | SpotEvent: symbol_id=2 raw_bid=134759 raw_ask=134760 digits=5 bid=1.34759 ask=1.34760
2026-04-29 22:08:50 | INFO     | ayumi.openapi_spot_feed | SpotEvent: symbol_id=2 raw_bid=134759 raw_ask=134760 digits=5 bid=1.34759 ask=1.34760
2026-04-29 22:08:50 | INFO     | ayumi.openapi_spot_feed | SpotEvent: symbol_id=2 raw_bid=134760 raw_ask=0 digits=5 bid=1.34760 ask=0.00000
2026-04-29 22:08:50 | INFO     | ayumi.openapi_spot_feed | SpotEvent: symbol_id=2 raw_bid=134760 raw_ask=0 digits=5 bid=1.34760 ask=0.00000
2026-04-29 22:08:51 | INFO     | ayumi.openapi_spot_feed | SpotEvent: symbol_id=2 raw_bid=134759 raw_ask=0 digits=5 bid=1.34759 ask=0.00000
2026-04-29 22:08:51 | INFO     | ayumi.openapi_spot_feed | SpotEvent: symbol_id=2 raw_bid=134759 raw_ask=0 digits=5 bid=1.34759 ask=0.00000
2026-04-29 22:08:51 | INFO     | ayumi.openapi_spot_feed | SpotEvent: symbol_id=2 raw_bid=134760 raw_ask=134761 digits=5 bid=1.34760 ask=1.34761
2026-04-29 22:08:51 | INFO     | ayumi.openapi_spot_feed | SpotEvent: symbol_id=2 raw_bid=134760 raw_ask=134761 digits=5 bid=1.34760 ask=1.34761
2026-04-29 22:08:55 | INFO     | ayumi.openapi_spot_feed | SpotEvent: symbol_id=4 raw_bid=16040200 raw_ask=0 digits=3 bid=16040.20000 ask=0.00000
2026-04-29 22:08:55 | INFO     | ayumi.openapi_spot_feed | SpotEvent: symbol_id=4 raw_bid=16040200 raw_ask=0 digits=3 bid=16040.20000 ask=0.00000
2026-04-29 22:08:56 | INFO     | ayumi.openapi_spot_feed | SpotEvent: symbol_id=2 raw_bid=134761 raw_ask=134762 digits=5 bid=1.34761 ask=1.34762
2026-04-29 22:08:56 | INFO     | ayumi.openapi_spot_feed | SpotEvent: symbol_id=2 raw_bid=134761 raw_ask=134762 digits=5 bid=1.34761 ask=1.34762
2026-04-29 22:08:59 | INFO     | ayumi.openapi_spot_feed | SpotEvent: symbol_id=2 raw_bid=134760 raw_ask=134760 digits=5 bid=1.34760 ask=1.34760
2026-04-29 22:08:59 | INFO     | ayumi.openapi_spot_feed | SpotEvent: symbol_id=2 raw_bid=134760 raw_ask=134760 digits=5 bid=1.34760 ask=1.34760
2026-04-29 22:09:00 | INFO     | ayumi.openapi_spot_feed | SpotEvent: symbol_id=4 raw_bid=16040000 raw_ask=16040100 digits=3 bid=16040.00000 ask=16040.10000
2026-04-29 22:09:00 | INFO     | ayumi.openapi_spot_feed | SpotEvent: symbol_id=4 raw_bid=16040000 raw_ask=16040100 digits=3 bid=16040.00000 ask=16040.10000
2026-04-29 22:09:00 | INFO     | ayumi.openapi_spot_feed | SpotEvent: symbol_id=2 raw_bid=134761 raw_ask=134762 digits=5 bid=1.34761 ask=1.34762
2026-04-29 22:09:00 | INFO     | ayumi.openapi_spot_feed | SpotEvent: symbol_id=2 raw_bid=134761 raw_ask=134762 digits=5 bid=1.34761 ask=1.34762
2026-04-29 22:09:01 | INFO     | ayumi.openapi_spot_feed | SpotEvent: symbol_id=2 raw_bid=134759 raw_ask=134760 digits=5 bid=1.34759 ask=1.34760
2026-04-29 22:09:01 | INFO     | ayumi.openapi_spot_feed | SpotEvent: symbol_id=2 raw_bid=134759 raw_ask=134760 digits=5 bid=1.34759 ask=1.34760
2026-04-29 22:09:01 | INFO     | ayumi.openapi_spot_feed | SpotEvent: symbol_id=2 raw_bid=134761 raw_ask=134762 digits=5 bid=1.34761 ask=1.34762
2026-04-29 22:09:01 | INFO     | ayumi.openapi_spot_feed | SpotEvent: symbol_id=2 raw_bid=134761 raw_ask=134762 digits=5 bid=1.34761 ask=1.34762
2026-04-29 22:09:01 | INFO     | ayumi.openapi_spot_feed | SpotEvent: symbol_id=2 raw_bid=134765 raw_ask=134766 digits=5 bid=1.34765 ask=1.34766
2026-04-29 22:09:01 | INFO     | ayumi.openapi_spot_feed | SpotEvent: symbol_id=2 raw_bid=134765 raw_ask=134766 digits=5 bid=1.34765 ask=1.34766
2026-04-29 22:09:01 | INFO     | ayumi.openapi_spot_feed | SpotEvent: symbol_id=4 raw_bid=16040100 raw_ask=0 digits=3 bid=16040.10000 ask=0.00000
2026-04-29 22:09:01 | INFO     | ayumi.openapi_spot_feed | SpotEvent: symbol_id=4 raw_bid=16040100 raw_ask=0 digits=3 bid=16040.10000 ask=0.00000
2026-04-29 22:09:02 | INFO     | ayumi.openapi_spot_feed | SpotEvent: symbol_id=2 raw_bid=134766 raw_ask=134767 digits=5 bid=1.34766 ask=1.34767
2026-04-29 22:09:02 | INFO     | ayumi.openapi_spot_feed | SpotEvent: symbol_id=2 raw_bid=134766 raw_ask=134767 digits=5 bid=1.34766 ask=1.34767
2026-04-29 22:09:03 | INFO     | ayumi.openapi_spot_feed | SpotEvent: symbol_id=2 raw_bid=134760 raw_ask=134761 digits=5 bid=1.34760 ask=1.34761
2026-04-29 22:09:03 | INFO     | ayumi.openapi_spot_feed | SpotEvent: symbol_id=2 raw_bid=134760 raw_ask=134761 digits=5 bid=1.34760 ask=1.34761
2026-04-29 22:09:03 | INFO     | ayumi.openapi_spot_feed | SpotEvent: symbol_id=4 raw_bid=16040300 raw_ask=16040400 digits=3 bid=16040.30000 ask=16040.40000
2026-04-29 22:09:03 | INFO     | ayumi.openapi_spot_feed | SpotEvent: symbol_id=4 raw_bid=16040300 raw_ask=16040400 digits=3 bid=16040.30000 ask=16040.40000
2026-04-29 22:09:03 | INFO     | ayumi.openapi_spot_feed | SpotEvent: symbol_id=2 raw_bid=134757 raw_ask=134758 digits=5 bid=1.34757 ask=1.34758
2026-04-29 22:09:03 | INFO     | ayumi.openapi_spot_feed | SpotEvent: symbol_id=2 raw_bid=134757 raw_ask=134758 digits=5 bid=1.34757 ask=1.34758
2026-04-29 22:09:03 | INFO     | ayumi.openapi_spot_feed | SpotEvent: symbol_id=4 raw_bid=16040200 raw_ask=16040200 digits=3 bid=16040.20000 ask=16040.20000
2026-04-29 22:09:03 | INFO     | ayumi.openapi_spot_feed | SpotEvent: symbol_id=4 raw_bid=16040200 raw_ask=16040200 digits=3 bid=16040.20000 ask=16040.20000
2026-04-29 22:09:04 | INFO     | ayumi.openapi_spot_feed | SpotEvent: symbol_id=4 raw_bid=16040100 raw_ask=0 digits=3 bid=16040.10000 ask=0.00000
2026-04-29 22:09:04 | INFO     | ayumi.openapi_spot_feed | SpotEvent: symbol_id=4 raw_bid=16040100 raw_ask=0 digits=3 bid=16040.10000 ask=0.00000
2026-04-29 22:09:04 | INFO     | ayumi.openapi_spot_feed | SpotEvent: symbol_id=4 raw_bid=16040200 raw_ask=16040300 digits=3 bid=16040.20000 ask=16040.30000
2026-04-29 22:09:04 | INFO     | ayumi.openapi_spot_feed | SpotEvent: symbol_id=4 raw_bid=16040200 raw_ask=16040300 digits=3 bid=16040.20000 ask=16040.30000
2026-04-29 22:09:06 | INFO     | ayumi.openapi_spot_feed | SpotEvent: symbol_id=4 raw_bid=16040300 raw_ask=16040400 digits=3 bid=16040.30000 ask=16040.40000
2026-04-29 22:09:06 | INFO     | ayumi.openapi_spot_feed | SpotEvent: symbol_id=4 raw_bid=16040300 raw_ask=16040400 digits=3 bid=16040.30000 ask=16040.40000
2026-04-29 22:09:07 | INFO     | ayumi.openapi_spot_feed | SpotEvent: symbol_id=4 raw_bid=16040400 raw_ask=0 digits=3 bid=16040.40000 ask=0.00000
2026-04-29 22:09:07 | INFO     | ayumi.openapi_spot_feed | SpotEvent: symbol_id=4 raw_bid=16040400 raw_ask=0 digits=3 bid=16040.40000 ask=0.00000
2026-04-29 22:09:07 | INFO     | ayumi.openapi_spot_feed | SpotEvent: symbol_id=2 raw_bid=0 raw_ask=134757 digits=5 bid=0.00000 ask=1.34757
2026-04-29 22:09:07 | INFO     | ayumi.openapi_spot_feed | SpotEvent: symbol_id=2 raw_bid=0 raw_ask=134757 digits=5 bid=0.00000 ask=1.34757
2026-04-29 22:09:09 | INFO     | ayumi.openapi_spot_feed | SpotEvent: symbol_id=2 raw_bid=134756 raw_ask=0 digits=5 bid=1.34756 ask=0.00000
2026-04-29 22:09:09 | INFO     | ayumi.openapi_spot_feed | SpotEvent: symbol_id=2 raw_bid=134756 raw_ask=0 digits=5 bid=1.34756 ask=0.00000
2026-04-29 22:09:13 | INFO     | ayumi.openapi_spot_feed | SpotEvent: symbol_id=4 raw_bid=16040800 raw_ask=16040900 digits=3 bid=16040.80000 ask=16040.90000
2026-04-29 22:09:13 | INFO     | ayumi.openapi_spot_feed | SpotEvent: symbol_id=4 raw_bid=16040800 raw_ask=16040900 digits=3 bid=16040.80000 ask=16040.90000
2026-04-29 22:09:14 | INFO     | ayumi.openapi_spot_feed | SpotEvent: symbol_id=4 raw_bid=16040700 raw_ask=16040800 digits=3 bid=16040.70000 ask=16040.80000
2026-04-29 22:09:14 | INFO     | ayumi.openapi_spot_feed | SpotEvent: symbol_id=4 raw_bid=16040700 raw_ask=16040800 digits=3 bid=16040.70000 ask=16040.80000
2026-04-29 22:09:15 | INFO     | ayumi.openapi_spot_feed | SpotEvent: symbol_id=2 raw_bid=134757 raw_ask=134758 digits=5 bid=1.34757 ask=1.34758
2026-04-29 22:09:15 | INFO     | ayumi.openapi_spot_feed | SpotEvent: symbol_id=2 raw_bid=134757 raw_ask=134758 digits=5 bid=1.34757 ask=1.34758
2026-04-29 22:09:15 | INFO     | ayumi.openapi_spot_feed | SpotEvent: symbol_id=4 raw_bid=16040800 raw_ask=16040900 digits=3 bid=16040.80000 ask=16040.90000
2026-04-29 22:09:15 | INFO     | ayumi.openapi_spot_feed | SpotEvent: symbol_id=4 raw_bid=16040800 raw_ask=16040900 digits=3 bid=16040.80000 ask=16040.90000
2026-04-29 22:09:15 | INFO     | ayumi.openapi_spot_feed | SpotEvent: symbol_id=4 raw_bid=16041000 raw_ask=16041000 digits=3 bid=16041.00000 ask=16041.00000
2026-04-29 22:09:15 | INFO     | ayumi.openapi_spot_feed | SpotEvent: symbol_id=4 raw_bid=16041000 raw_ask=16041000 digits=3 bid=16041.00000 ask=16041.00000
2026-04-29 22:09:16 | INFO     | ayumi.openapi_spot_feed | SpotEvent: symbol_id=4 raw_bid=16040900 raw_ask=0 digits=3 bid=16040.90000 ask=0.00000
2026-04-29 22:09:16 | INFO     | ayumi.openapi_spot_feed | SpotEvent: symbol_id=4 raw_bid=16040900 raw_ask=0 digits=3 bid=16040.90000 ask=0.00000
2026-04-29 22:09:16 | INFO     | ayumi.openapi_spot_feed | SpotEvent: symbol_id=4 raw_bid=16041100 raw_ask=16041100 digits=3 bid=16041.10000 ask=16041.10000
2026-04-29 22:09:16 | INFO     | ayumi.openapi_spot_feed | SpotEvent: symbol_id=4 raw_bid=16041100 raw_ask=16041100 digits=3 bid=16041.10000 ask=16041.10000
2026-04-29 22:09:17 | INFO     | ayumi.openapi_spot_feed | SpotEvent: symbol_id=2 raw_bid=134758 raw_ask=134759 digits=5 bid=1.34758 ask=1.34759
2026-04-29 22:09:17 | INFO     | ayumi.openapi_spot_feed | SpotEvent: symbol_id=2 raw_bid=134758 raw_ask=134759 digits=5 bid=1.34758 ask=1.34759
2026-04-29 22:09:17 | INFO     | ayumi.openapi_spot_feed | SpotEvent: symbol_id=4 raw_bid=16041000 raw_ask=16041000 digits=3 bid=16041.00000 ask=16041.00000
2026-04-29 22:09:17 | INFO     | ayumi.openapi_spot_feed | SpotEvent: symbol_id=4 raw_bid=16041000 raw_ask=16041000 digits=3 bid=16041.00000 ask=16041.00000
2026-04-29 22:09:18 | INFO     | ayumi.openapi_spot_feed | SpotEvent: symbol_id=4 raw_bid=16041100 raw_ask=16041100 digits=3 bid=16041.10000 ask=16041.10000
2026-04-29 22:09:18 | INFO     | ayumi.openapi_spot_feed | SpotEvent: symbol_id=4 raw_bid=16041100 raw_ask=16041100 digits=3 bid=16041.10000 ask=16041.10000
2026-04-29 22:09:19 | INFO     | ayumi.openapi_spot_feed | SpotEvent: symbol_id=4 raw_bid=16041000 raw_ask=16041000 digits=3 bid=16041.00000 ask=16041.00000
2026-04-29 22:09:19 | INFO     | ayumi.openapi_spot_feed | SpotEvent: symbol_id=4 raw_bid=16041000 raw_ask=16041000 digits=3 bid=16041.00000 ask=16041.00000
2026-04-29 22:09:19 | INFO     | ayumi.openapi_spot_feed | SpotEvent: symbol_id=4 raw_bid=16040900 raw_ask=0 digits=3 bid=16040.90000 ask=0.00000
2026-04-29 22:09:19 | INFO     | ayumi.openapi_spot_feed | SpotEvent: symbol_id=4 raw_bid=16040900 raw_ask=0 digits=3 bid=16040.90000 ask=0.00000
2026-04-29 22:09:20 | INFO     | ayumi.openapi_spot_feed | SpotEvent: symbol_id=2 raw_bid=134759 raw_ask=0 digits=5 bid=1.34759 ask=0.00000
2026-04-29 22:09:20 | INFO     | ayumi.openapi_spot_feed | SpotEvent: symbol_id=2 raw_bid=134759 raw_ask=0 digits=5 bid=1.34759 ask=0.00000
2026-04-29 22:09:22 | INFO     | ayumi.openapi_spot_feed | SpotEvent: symbol_id=4 raw_bid=16040600 raw_ask=16040700 digits=3 bid=16040.60000 ask=16040.70000
2026-04-29 22:09:22 | INFO     | ayumi.openapi_spot_feed | SpotEvent: symbol_id=4 raw_bid=16040600 raw_ask=16040700 digits=3 bid=16040.60000 ask=16040.70000
2026-04-29 22:09:22 | INFO     | ayumi.openapi_spot_feed | SpotEvent: symbol_id=2 raw_bid=134757 raw_ask=134758 digits=5 bid=1.34757 ask=1.34758
2026-04-29 22:09:22 | INFO     | ayumi.openapi_spot_feed | SpotEvent: symbol_id=2 raw_bid=134757 raw_ask=134758 digits=5 bid=1.34757 ask=1.34758
2026-04-29 22:09:39 | INFO     | ayumi.blend_launcher | === Ayumi Multi-Strategy Forward Test (Blend Pipeline) ===
2026-04-29 22:09:39 | INFO     | ayumi.blend_launcher | Symbols: ['GBPUSD', 'USDJPY']
2026-04-29 22:09:42 | WARNING  | ayumi.blend_launcher | Could not fetch symbol list from OpenAPI: 'CTraderOpenApiClient' object has no attribute 'get_symbols' — using static mapping
2026-04-29 22:09:42 | INFO     | ayumi.blend_launcher | Fetching 100 H1 bars for GBPUSD (id=2)...
2026-04-29 22:09:44 | INFO     | ayumi.blend_launcher | Fetched 99 H1 bars for GBPUSD
2026-04-29 22:09:44 | INFO     | ayumi.blend_launcher | Fetching 200 M15 bars for GBPUSD (id=2)...
2026-04-29 22:09:46 | INFO     | ayumi.blend_launcher | Fetched 199 M15 bars for GBPUSD
2026-04-29 22:09:46 | INFO     | ayumi.blend_launcher | Fetching 100 H1 bars for USDJPY (id=3)...
2026-04-29 22:09:48 | INFO     | ayumi.blend_launcher | Fetched 99 H1 bars for USDJPY
2026-04-29 22:09:48 | INFO     | ayumi.blend_launcher | Fetching 200 M15 bars for USDJPY (id=3)...
2026-04-29 22:09:50 | INFO     | ayumi.blend_launcher | Fetched 199 M15 bars for USDJPY
2026-04-29 22:09:50 | INFO     | ayumi.blend_launcher | Registered 5 strategies: ['SRMR+', 'Killzone Momentum', 'Donchian Channel Breakout', 'Session-Range Mean Reversion', 'BB+RSI Mean Reversion']
2026-04-29 22:09:50 | INFO     | ayumi.blend_launcher | All strategy .name properties verified against maps
2026-04-29 22:09:50 | INFO     | ayumi.risk | Restored risk state from data/risk_state_blend.json
2026-04-29 22:09:50 | INFO     | ayumi.forward_test | BlendForwardTestRunner started — balance=$10000.00
2026-04-29 22:09:50 | INFO     | ayumi.forward_test | Preloaded 99 bars into key 'GBPUSD:60'
2026-04-29 22:09:50 | INFO     | ayumi.blend_launcher | Preloaded 99 H1 bars for GBPUSD
2026-04-29 22:09:50 | INFO     | ayumi.forward_test | Preloaded 199 bars into key 'GBPUSD:15'
2026-04-29 22:09:50 | INFO     | ayumi.blend_launcher | Preloaded 199 M15 bars for GBPUSD
2026-04-29 22:09:50 | INFO     | ayumi.forward_test | Preloaded 99 bars into key 'USDJPY:60'
2026-04-29 22:09:50 | INFO     | ayumi.blend_launcher | Preloaded 99 H1 bars for USDJPY
2026-04-29 22:09:50 | INFO     | ayumi.forward_test | Preloaded 199 bars into key 'USDJPY:15'
2026-04-29 22:09:50 | INFO     | ayumi.blend_launcher | Preloaded 199 M15 bars for USDJPY
2026-04-29 22:09:50 | INFO     | ayumi.blend_launcher | === STARTING MULTI-STRATEGY FORWARD TEST ===
2026-04-29 22:09:50 | INFO     | ayumi.blend_launcher | Pipeline: SRMR+ + Killzone + Momentum + SessionRangeMR → Correlation Gate → Blend Runner → Paper
2026-04-29 22:09:50 | INFO     | ayumi.openapi_spot_feed | Connected to demo.ctraderapi.com:5035
2026-04-29 22:09:51 | INFO     | ayumi.openapi_spot_feed | Application authenticated
2026-04-29 22:09:52 | INFO     | ayumi.openapi_spot_feed | Account authenticated
2026-04-29 22:09:52 | INFO     | ayumi.openapi_spot_feed | Requesting symbol list for account 46877902
2026-04-29 22:09:53 | INFO     | ayumi.openapi_spot_feed | DIAG symbol: id=1 name='EURUSD' normalized='EURUSD'
2026-04-29 22:09:53 | INFO     | ayumi.openapi_spot_feed | DIAG symbol: id=22346 name='XPDUSD' normalized='XPDUSD'
2026-04-29 22:09:53 | INFO     | ayumi.openapi_spot_feed | DIAG symbol: id=10091 name='XBRUSD' normalized='XBRUSD'
2026-04-29 22:09:53 | INFO     | ayumi.openapi_spot_feed | DIAG symbol: id=22395 name='BTCUSD' normalized='BTCUSD'
2026-04-29 22:09:53 | INFO     | ayumi.openapi_spot_feed | DIAG symbol: id=2 name='GBPUSD' normalized='GBPUSD'
2026-04-29 22:09:53 | INFO     | ayumi.openapi_spot_feed | DIAG symbol: id=22348 name='XPTUSD' normalized='XPTUSD'
2026-04-29 22:09:53 | INFO     | ayumi.openapi_spot_feed | DIAG symbol: id=10092 name='XTIUSD' normalized='XTIUSD'
2026-04-29 22:09:53 | INFO     | ayumi.openapi_spot_feed | DIAG symbol: id=22396 name='BTCEUR' normalized='BTCEUR'
2026-04-29 22:09:53 | INFO     | ayumi.openapi_spot_feed | DIAG symbol: id=3 name='EURJPY' normalized='EURJPY'
2026-04-29 22:09:53 | INFO     | ayumi.openapi_spot_feed | DIAG symbol: id=41 name='XAUUSD' normalized='XAUUSD'
2026-04-29 22:09:53 | INFO     | ayumi.openapi_spot_feed | DIAG symbol: id=21683 name='EUROPE' normalized='EUROPE'
2026-04-29 22:09:53 | INFO     | ayumi.openapi_spot_feed | DIAG symbol: id=22397 name='ETHUSD' normalized='ETHUSD'
2026-04-29 22:09:53 | INFO     | ayumi.openapi_spot_feed | DIAG symbol: id=4 name='USDJPY' normalized='USDJPY'
2026-04-29 22:09:53 | INFO     | ayumi.openapi_spot_feed | DIAG symbol: id=42 name='XAGUSD' normalized='XAGUSD'
2026-04-29 22:09:53 | INFO     | ayumi.openapi_spot_feed | DIAG symbol: id=22398 name='ETHEUR' normalized='ETHEUR'
2026-04-29 22:09:53 | INFO     | ayumi.openapi_spot_feed | DIAG symbol: id=5 name='AUDUSD' normalized='AUDUSD'
2026-04-29 22:09:53 | INFO     | ayumi.openapi_spot_feed | DIAG symbol: id=22311 name='XAGEUR' normalized='XAGEUR'
2026-04-29 22:09:53 | INFO     | ayumi.openapi_spot_feed | DIAG symbol: id=6 name='USDCHF' normalized='USDCHF'
2026-04-29 22:09:53 | INFO     | ayumi.openapi_spot_feed | DIAG symbol: id=22312 name='XAUEUR' normalized='XAUEUR'
2026-04-29 22:09:53 | INFO     | ayumi.openapi_spot_feed | DIAG symbol: id=7 name='GBPJPY' normalized='GBPJPY'
2026-04-29 22:09:53 | INFO     | ayumi.openapi_spot_feed | DIAG symbol: id=8 name='USDCAD' normalized='USDCAD'
2026-04-29 22:09:53 | INFO     | ayumi.openapi_spot_feed | DIAG symbol: id=9 name='EURGBP' normalized='EURGBP'
2026-04-29 22:09:53 | INFO     | ayumi.openapi_spot_feed | DIAG symbol: id=10 name='EURCHF' normalized='EURCHF'
2026-04-29 22:09:53 | INFO     | ayumi.openapi_spot_feed | DIAG symbol: id=11 name='AUDJPY' normalized='AUDJPY'
2026-04-29 22:09:53 | INFO     | ayumi.openapi_spot_feed | DIAG symbol: id=12 name='NZDUSD' normalized='NZDUSD'
2026-04-29 22:09:53 | INFO     | ayumi.openapi_spot_feed | DIAG symbol: id=21577 name='EUROPE 50' normalized='EUROPE 50'
2026-04-29 22:09:53 | INFO     | ayumi.openapi_spot_feed | DIAG symbol: id=13 name='CHFJPY' normalized='CHFJPY'
2026-04-29 22:09:53 | INFO     | ayumi.openapi_spot_feed | DIAG symbol: id=14 name='EURAUD' normalized='EURAUD'
2026-04-29 22:09:53 | INFO     | ayumi.openapi_spot_feed | DIAG symbol: id=15 name='CADJPY' normalized='CADJPY'
2026-04-29 22:09:53 | INFO     | ayumi.openapi_spot_feed | DIAG symbol: id=16 name='GBPAUD' normalized='GBPAUD'
2026-04-29 22:09:53 | INFO     | ayumi.openapi_spot_feed | DIAG symbol: id=17 name='EURCAD' normalized='EURCAD'
2026-04-29 22:09:53 | INFO     | ayumi.openapi_spot_feed | DIAG symbol: id=19 name='GBPCAD' normalized='GBPCAD'
2026-04-29 22:09:53 | INFO     | ayumi.openapi_spot_feed | DIAG symbol: id=22 name='USDNOK' normalized='USDNOK'
2026-04-29 22:09:53 | INFO     | ayumi.openapi_spot_feed | DIAG symbol: id=24 name='USDMXN' normalized='USDMXN'
2026-04-29 22:09:53 | INFO     | ayumi.openapi_spot_feed | DIAG symbol: id=25 name='GBPNZD' normalized='GBPNZD'
2026-04-29 22:09:53 | INFO     | ayumi.openapi_spot_feed | DIAG symbol: id=29 name='USDSEK' normalized='USDSEK'
2026-04-29 22:09:53 | INFO     | ayumi.openapi_spot_feed | DIAG symbol: id=40 name='GBPCHF' normalized='GBPCHF'
2026-04-29 22:09:53 | INFO     | ayumi.openapi_spot_feed | DIAG symbol: id=22385 name='IBOXX USD HIGH YIELD' normalized='IBOXX USD HIGH YIELD'
2026-04-29 22:09:53 | INFO     | ayumi.openapi_spot_feed | DIAG symbol: id=46 name='USDCNH' normalized='USDCNH'
2026-04-29 22:09:53 | INFO     | ayumi.openapi_spot_feed | DIAG symbol: id=47 name='EURSEK' normalized='EURSEK'
2026-04-29 22:09:53 | INFO     | ayumi.openapi_spot_feed | DIAG symbol: id=48 name='GBPZAR' normalized='GBPZAR'
2026-04-29 22:09:53 | INFO     | ayumi.openapi_spot_feed | DIAG symbol: id=49 name='USDTRY' normalized='USDTRY'
2026-04-29 22:09:53 | INFO     | ayumi.openapi_spot_feed | DIAG symbol: id=51 name='EURPLN' normalized='EURPLN'
2026-04-29 22:09:53 | INFO     | ayumi.openapi_spot_feed | DIAG symbol: id=52 name='USDZAR' normalized='USDZAR'
2026-04-29 22:09:53 | INFO     | ayumi.openapi_spot_feed | DIAG symbol: id=53 name='EURMXN' normalized='EURMXN'
2026-04-29 22:09:53 | INFO     | ayumi.openapi_spot_feed | DIAG symbol: id=54 name='EURDKK' normalized='EURDKK'
2026-04-29 22:09:53 | INFO     | ayumi.openapi_spot_feed | DIAG symbol: id=55 name='EURHUF' normalized='EURHUF'
2026-04-29 22:09:53 | INFO     | ayumi.openapi_spot_feed | DIAG symbol: id=56 name='SGDJPY' normalized='SGDJPY'
2026-04-29 22:09:53 | INFO     | ayumi.openapi_spot_feed | DIAG symbol: id=57 name='EURNOK' normalized='EURNOK'
2026-04-29 22:09:53 | INFO     | ayumi.openapi_spot_feed | DIAG symbol: id=58 name='EURHKD' normalized='EURHKD'
2026-04-29 22:09:53 | INFO     | ayumi.openapi_spot_feed | DIAG symbol: id=59 name='GBPNOK' normalized='GBPNOK'
2026-04-29 22:09:53 | INFO     | ayumi.openapi_spot_feed | DIAG symbol: id=60 name='USDHUF' normalized='USDHUF'
2026-04-29 22:09:53 | INFO     | ayumi.openapi_spot_feed | DIAG symbol: id=62 name='EURZAR' normalized='EURZAR'
2026-04-29 22:09:53 | INFO     | ayumi.openapi_spot_feed | DIAG symbol: id=63 name='EURCZK' normalized='EURCZK'
2026-04-29 22:09:53 | INFO     | ayumi.openapi_spot_feed | DIAG symbol: id=65 name='USDPLN' normalized='USDPLN'
2026-04-29 22:09:53 | INFO     | ayumi.openapi_spot_feed | DIAG symbol: id=66 name='EURNZD' normalized='EURNZD'
2026-04-29 22:09:53 | INFO     | ayumi.openapi_spot_feed | DIAG symbol: id=68 name='EURTRY' normalized='EURTRY'
2026-04-29 22:09:53 | INFO     | ayumi.openapi_spot_feed | DIAG symbol: id=69 name='USDDKK' normalized='USDDKK'
2026-04-29 22:09:53 | INFO     | ayumi.openapi_spot_feed | DIAG symbol: id=70 name='NZDJPY' normalized='NZDJPY'
2026-04-29 22:09:53 | INFO     | ayumi.openapi_spot_feed | DIAG symbol: id=72 name='USDCZK' normalized='USDCZK'
2026-04-29 22:09:53 | INFO     | ayumi.openapi_spot_feed | DIAG symbol: id=73 name='USDSGD' normalized='USDSGD'
2026-04-29 22:09:53 | INFO     | ayumi.openapi_spot_feed | DIAG symbol: id=74 name='GBPSGD' normalized='GBPSGD'
2026-04-29 22:09:53 | INFO     | ayumi.openapi_spot_feed | DIAG symbol: id=22330 name='EURCNH' normalized='EURCNH'
2026-04-29 22:09:53 | INFO     | ayumi.openapi_spot_feed | DIAG symbol: id=22332 name='EURRON' normalized='EURRON'
2026-04-29 22:09:53 | INFO     | ayumi.openapi_spot_feed | DIAG symbol: id=22333 name='EURSGD' normalized='EURSGD'
2026-04-29 22:09:53 | INFO     | ayumi.openapi_spot_feed | DIAG symbol: id=22334 name='GBPDKK' normalized='GBPDKK'
2026-04-29 22:09:53 | INFO     | ayumi.openapi_spot_feed | DIAG symbol: id=22335 name='GBPTRY' normalized='GBPTRY'
2026-04-29 22:09:53 | INFO     | ayumi.openapi_spot_feed | DIAG symbol: id=22337 name='NOKJPY' normalized='NOKJPY'
2026-04-29 22:09:53 | INFO     | ayumi.openapi_spot_feed | DIAG symbol: id=22342 name='USDRON' normalized='USDRON'
2026-04-29 22:09:53 | INFO     | ayumi.openapi_spot_feed | DIAG symbol: id=22340 name='SEKJPY' normalized='SEKJPY'
2026-04-29 22:09:53 | INFO     | ayumi.openapi_spot_feed | DIAG symbol: id=10093 name='GBPSEK' normalized='GBPSEK'
2026-04-29 22:09:53 | INFO     | ayumi.openapi_spot_feed | Loaded 830 symbol name mappings from API
2026-04-29 22:09:54 | INFO     | ayumi.openapi_spot_feed | DIAG symbol_detail: id=2 name='GBPUSD' digits=5 pip_position=4 bid_price=N/A ask_price=N/A
2026-04-29 22:09:54 | INFO     | ayumi.openapi_spot_feed | Fetched symbol details: id=2 digits=5
2026-04-29 22:09:54 | INFO     | ayumi.openapi_spot_feed | Subscribed to spot events for symbol_id=2
2026-04-29 22:09:55 | INFO     | ayumi.openapi_spot_feed | SpotEvent: symbol_id=2 raw_bid=134760 raw_ask=134760 divisor=100000 bid=1.34760 ask=1.34760
2026-04-29 22:09:55 | INFO     | ayumi.openapi_spot_feed | DIAG symbol_detail: id=4 name='USDJPY' digits=3 pip_position=2 bid_price=N/A ask_price=N/A
2026-04-29 22:09:55 | INFO     | ayumi.openapi_spot_feed | Fetched symbol details: id=4 digits=3
2026-04-29 22:09:55 | INFO     | ayumi.openapi_spot_feed | Subscribed to spot events for symbol_id=4
2026-04-29 22:09:55 | INFO     | ayumi.openapi_spot_feed | OpenApiSpotFeed started: account=46877902 symbols_loaded=2
2026-04-29 22:09:55 | INFO     | ayumi.forward_test | Open API spot feed connected for ['GBPUSD', 'USDJPY']
2026-04-29 22:09:55 | INFO     | ayumi.forward_test | Forward test started: symbols=['GBPUSD', 'USDJPY'] strategies=['SRMR+', 'Killzone Momentum', 'Donchian Channel Breakout', 'Session-Range Mean Reversion', 'BB+RSI Mean Reversion'] mode=PAPER eval_interval=1.0s bar_period=60m
2026-04-29 22:09:56 | INFO     | ayumi.openapi_spot_feed | SpotEvent: symbol_id=4 raw_bid=16039700 raw_ask=16039800 divisor=100000 bid=160.39700 ask=160.39800
2026-04-29 22:09:57 | INFO     | ayumi.openapi_spot_feed | SpotEvent: symbol_id=4 raw_bid=16039800 raw_ask=16039900 divisor=100000 bid=160.39800 ask=160.39900
2026-04-29 22:09:57 | INFO     | ayumi.openapi_spot_feed | SpotEvent: symbol_id=2 raw_bid=134758 raw_ask=134758 divisor=100000 bid=1.34758 ask=1.34758
2026-04-29 22:09:57 | INFO     | ayumi.openapi_spot_feed | SpotEvent: symbol_id=4 raw_bid=16040000 raw_ask=16040100 divisor=100000 bid=160.40000 ask=160.40100
2026-04-29 22:09:57 | INFO     | ayumi.openapi_spot_feed | SpotEvent: symbol_id=2 raw_bid=134754 raw_ask=134755 divisor=100000 bid=1.34754 ask=1.34755
2026-04-29 22:09:57 | INFO     | ayumi.openapi_spot_feed | SpotEvent: symbol_id=4 raw_bid=16039900 raw_ask=16040000 divisor=100000 bid=160.39900 ask=160.40000
2026-04-29 22:09:58 | INFO     | ayumi.openapi_spot_feed | SpotEvent: symbol_id=2 raw_bid=134756 raw_ask=134757 divisor=100000 bid=1.34756 ask=1.34757
2026-04-29 22:09:58 | INFO     | ayumi.openapi_spot_feed | SpotEvent: symbol_id=4 raw_bid=16040000 raw_ask=0 divisor=100000 bid=160.40000 ask=0.00000
2026-04-29 22:10:00 | INFO     | ayumi.openapi_spot_feed | SpotEvent: symbol_id=2 raw_bid=134755 raw_ask=134756 divisor=100000 bid=1.34755 ask=1.34756
2026-04-29 22:10:00 | INFO     | ayumi.openapi_spot_feed | SpotEvent: symbol_id=4 raw_bid=16039800 raw_ask=16039800 divisor=100000 bid=160.39800 ask=160.39800
2026-04-29 22:10:00 | INFO     | ayumi.openapi_spot_feed | SpotEvent: symbol_id=4 raw_bid=16039700 raw_ask=0 divisor=100000 bid=160.39700 ask=0.00000
2026-04-29 22:10:01 | INFO     | ayumi.openapi_spot_feed | SpotEvent: symbol_id=2 raw_bid=134756 raw_ask=0 divisor=100000 bid=1.34756 ask=0.00000
2026-04-29 22:10:01 | INFO     | ayumi.openapi_spot_feed | SpotEvent: symbol_id=4 raw_bid=16039800 raw_ask=16039900 divisor=100000 bid=160.39800 ask=160.39900
2026-04-29 22:10:01 | INFO     | ayumi.openapi_spot_feed | SpotEvent: symbol_id=4 raw_bid=16039700 raw_ask=16039800 divisor=100000 bid=160.39700 ask=160.39800
2026-04-29 22:10:03 | INFO     | ayumi.openapi_spot_feed | SpotEvent: symbol_id=2 raw_bid=134755 raw_ask=134755 divisor=100000 bid=1.34755 ask=1.34755
2026-04-29 22:10:05 | INFO     | ayumi.openapi_spot_feed | SpotEvent: symbol_id=2 raw_bid=0 raw_ask=134756 divisor=100000 bid=0.00000 ask=1.34756
2026-04-29 22:10:06 | INFO     | ayumi.openapi_spot_feed | SpotEvent: symbol_id=2 raw_bid=134754 raw_ask=134754 divisor=100000 bid=1.34754 ask=1.34754
2026-04-29 22:10:07 | INFO     | ayumi.openapi_spot_feed | SpotEvent: symbol_id=2 raw_bid=134753 raw_ask=0 divisor=100000 bid=1.34753 ask=0.00000
2026-04-29 22:10:09 | INFO     | ayumi.openapi_spot_feed | SpotEvent: symbol_id=4 raw_bid=16039800 raw_ask=16039900 divisor=100000 bid=160.39800 ask=160.39900
2026-04-29 22:10:10 | INFO     | ayumi.openapi_spot_feed | SpotEvent: symbol_id=4 raw_bid=16039700 raw_ask=16039800 divisor=100000 bid=160.39700 ask=160.39800
2026-04-29 22:10:11 | INFO     | ayumi.openapi_spot_feed | SpotEvent: symbol_id=2 raw_bid=134757 raw_ask=134757 divisor=100000 bid=1.34757 ask=1.34757
2026-04-29 22:10:11 | INFO     | ayumi.openapi_spot_feed | SpotEvent: symbol_id=4 raw_bid=16039800 raw_ask=0 divisor=100000 bid=160.39800 ask=0.00000
2026-04-29 22:10:12 | INFO     | ayumi.openapi_spot_feed | SpotEvent: symbol_id=4 raw_bid=0 raw_ask=16039900 divisor=100000 bid=0.00000 ask=160.39900
2026-04-29 22:10:12 | INFO     | ayumi.openapi_spot_feed | SpotEvent: symbol_id=2 raw_bid=134756 raw_ask=0 divisor=100000 bid=1.34756 ask=0.00000
2026-04-29 22:10:13 | INFO     | ayumi.openapi_spot_feed | SpotEvent: symbol_id=4 raw_bid=16039900 raw_ask=16040000 divisor=100000 bid=160.39900 ask=160.40000
2026-04-29 22:10:14 | INFO     | ayumi.openapi_spot_feed | SpotEvent: symbol_id=4 raw_bid=16040000 raw_ask=0 divisor=100000 bid=160.40000 ask=0.00000
2026-04-29 22:10:14 | INFO     | ayumi.openapi_spot_feed | SpotEvent: symbol_id=2 raw_bid=0 raw_ask=134756 divisor=100000 bid=0.00000 ask=1.34756
2026-04-29 22:10:15 | INFO     | ayumi.openapi_spot_feed | SpotEvent: symbol_id=2 raw_bid=0 raw_ask=134757 divisor=100000 bid=0.00000 ask=1.34757
2026-04-29 22:10:16 | INFO     | ayumi.openapi_spot_feed | SpotEvent: symbol_id=2 raw_bid=134754 raw_ask=134755 divisor=100000 bid=1.34754 ask=1.34755
2026-04-29 22:10:17 | INFO     | ayumi.openapi_spot_feed | SpotEvent: symbol_id=2 raw_bid=0 raw_ask=134754 divisor=100000 bid=0.00000 ask=1.34754
2026-04-29 22:10:17 | INFO     | ayumi.openapi_spot_feed | SpotEvent: symbol_id=2 raw_bid=134753 raw_ask=134753 divisor=100000 bid=1.34753 ask=1.34753
2026-04-29 22:10:19 | INFO     | ayumi.openapi_spot_feed | SpotEvent: symbol_id=2 raw_bid=134755 raw_ask=134755 divisor=100000 bid=1.34755 ask=1.34755
2026-04-29 22:10:19 | INFO     | ayumi.openapi_spot_feed | SpotEvent: symbol_id=2 raw_bid=134754 raw_ask=134754 divisor=100000 bid=1.34754 ask=1.34754
2026-04-29 22:10:21 | INFO     | ayumi.openapi_spot_feed | SpotEvent: symbol_id=4 raw_bid=16039900 raw_ask=0 divisor=100000 bid=160.39900 ask=0.00000
2026-04-29 22:10:21 | INFO     | ayumi.openapi_spot_feed | SpotEvent: symbol_id=2 raw_bid=134755 raw_ask=134756 divisor=100000 bid=1.34755 ask=1.34756
2026-04-29 22:10:21 | INFO     | ayumi.openapi_spot_feed | SpotEvent: symbol_id=4 raw_bid=16040100 raw_ask=16040200 divisor=100000 bid=160.40100 ask=160.40200
2026-04-29 22:10:22 | INFO     | ayumi.openapi_spot_feed | SpotEvent: symbol_id=2 raw_bid=134754 raw_ask=134755 divisor=100000 bid=1.34754 ask=1.34755
2026-04-29 22:10:22 | INFO     | ayumi.openapi_spot_feed | SpotEvent: symbol_id=4 raw_bid=16040500 raw_ask=16040600 divisor=100000 bid=160.40500 ask=160.40600
2026-04-29 22:10:22 | INFO     | ayumi.openapi_spot_feed | SpotEvent: symbol_id=4 raw_bid=16040300 raw_ask=16040400 divisor=100000 bid=160.40300 ask=160.40400
2026-04-29 22:10:22 | INFO     | ayumi.openapi_spot_feed | SpotEvent: symbol_id=2 raw_bid=134755 raw_ask=0 divisor=100000 bid=1.34755 ask=0.00000
2026-04-29 22:10:22 | INFO     | ayumi.openapi_spot_feed | SpotEvent: symbol_id=4 raw_bid=16040200 raw_ask=16040300 divisor=100000 bid=160.40200 ask=160.40300
2026-04-29 22:10:23 | INFO     | ayumi.openapi_spot_feed | SpotEvent: symbol_id=4 raw_bid=16040300 raw_ask=16040400 divisor=100000 bid=160.40300 ask=160.40400
2026-04-29 22:10:23 | INFO     | ayumi.openapi_spot_feed | SpotEvent: symbol_id=4 raw_bid=16040400 raw_ask=0 divisor=100000 bid=160.40400 ask=0.00000
2026-04-29 22:10:23 | INFO     | ayumi.openapi_spot_feed | SpotEvent: symbol_id=2 raw_bid=0 raw_ask=134756 divisor=100000 bid=0.00000 ask=1.34756
2026-04-29 22:10:24 | INFO     | ayumi.openapi_spot_feed | SpotEvent: symbol_id=4 raw_bid=16040100 raw_ask=16040200 divisor=100000 bid=160.40100 ask=160.40200
2026-04-29 22:10:24 | INFO     | ayumi.openapi_spot_feed | SpotEvent: symbol_id=4 raw_bid=16039900 raw_ask=16040000 divisor=100000 bid=160.39900 ask=160.40000
2026-04-29 22:10:24 | INFO     | ayumi.openapi_spot_feed | SpotEvent: symbol_id=4 raw_bid=16039700 raw_ask=16039800 divisor=100000 bid=160.39700 ask=160.39800
2026-04-29 22:10:25 | INFO     | ayumi.openapi_spot_feed | SpotEvent: symbol_id=4 raw_bid=16039500 raw_ask=16039600 divisor=100000 bid=160.39500 ask=160.39600
2026-04-29 22:10:25 | INFO     | ayumi.openapi_spot_feed | SpotEvent: symbol_id=4 raw_bid=16039600 raw_ask=16039700 divisor=100000 bid=160.39600 ask=160.39700
2026-04-29 22:10:26 | INFO     | ayumi.openapi_spot_feed | SpotEvent: symbol_id=4 raw_bid=0 raw_ask=16039600 divisor=100000 bid=0.00000 ask=160.39600
2026-04-29 22:10:27 | INFO     | ayumi.openapi_spot_feed | SpotEvent: symbol_id=4 raw_bid=16039300 raw_ask=16039400 divisor=100000 bid=160.39300 ask=160.39400
2026-04-29 22:10:27 | INFO     | ayumi.openapi_spot_feed | SpotEvent: symbol_id=2 raw_bid=134756 raw_ask=134757 divisor=100000 bid=1.34756 ask=1.34757
2026-04-29 22:10:27 | INFO     | ayumi.openapi_spot_feed | SpotEvent: symbol_id=4 raw_bid=16039500 raw_ask=16039600 divisor=100000 bid=160.39500 ask=160.39600
2026-04-29 22:10:28 | INFO     | ayumi.openapi_spot_feed | SpotEvent: symbol_id=4 raw_bid=16039700 raw_ask=16039700 divisor=100000 bid=160.39700 ask=160.39700
2026-04-29 22:10:28 | INFO     | ayumi.openapi_spot_feed | SpotEvent: symbol_id=2 raw_bid=134759 raw_ask=134759 divisor=100000 bid=1.34759 ask=1.34759
2026-04-29 22:10:28 | INFO     | ayumi.openapi_spot_feed | SpotEvent: symbol_id=4 raw_bid=16039600 raw_ask=0 divisor=100000 bid=160.39600 ask=0.00000
2026-04-29 22:10:29 | INFO     | ayumi.openapi_spot_feed | SpotEvent: symbol_id=4 raw_bid=16039700 raw_ask=0 divisor=100000 bid=160.39700 ask=0.00000
2026-04-29 22:10:31 | INFO     | ayumi.openapi_spot_feed | SpotEvent: symbol_id=2 raw_bid=134758 raw_ask=134758 divisor=100000 bid=1.34758 ask=1.34758
2026-04-29 22:10:31 | INFO     | ayumi.openapi_spot_feed | SpotEvent: symbol_id=4 raw_bid=16039600 raw_ask=0 divisor=100000 bid=160.39600 ask=0.00000
2026-04-29 22:10:31 | INFO     | ayumi.openapi_spot_feed | SpotEvent: symbol_id=2 raw_bid=134759 raw_ask=134760 divisor=100000 bid=1.34759 ask=1.34760
2026-04-29 22:10:31 | INFO     | ayumi.openapi_spot_feed | SpotEvent: symbol_id=2 raw_bid=134760 raw_ask=134761 divisor=100000 bid=1.34760 ask=1.34761
2026-04-29 22:10:31 | INFO     | ayumi.openapi_spot_feed | SpotEvent: symbol_id=2 raw_bid=134759 raw_ask=134760 divisor=100000 bid=1.34759 ask=1.34760
2026-04-29 22:10:32 | INFO     | ayumi.openapi_spot_feed | SpotEvent: symbol_id=4 raw_bid=16039700 raw_ask=16039800 divisor=100000 bid=160.39700 ask=160.39800
2026-04-29 22:10:32 | INFO     | ayumi.openapi_spot_feed | SpotEvent: symbol_id=4 raw_bid=16039600 raw_ask=16039600 divisor=100000 bid=160.39600 ask=160.39600
2026-04-29 22:10:32 | INFO     | ayumi.openapi_spot_feed | SpotEvent: symbol_id=2 raw_bid=134758 raw_ask=134759 divisor=100000 bid=1.34758 ask=1.34759
2026-04-29 22:10:32 | INFO     | ayumi.openapi_spot_feed | SpotEvent: symbol_id=4 raw_bid=16039300 raw_ask=16039300 divisor=100000 bid=160.39300 ask=160.39300
2026-04-29 22:10:32 | INFO     | ayumi.openapi_spot_feed | SpotEvent: symbol_id=2 raw_bid=134757 raw_ask=134757 divisor=100000 bid=1.34757 ask=1.34757
2026-04-29 22:10:33 | INFO     | ayumi.openapi_spot_feed | SpotEvent: symbol_id=4 raw_bid=16039200 raw_ask=0 divisor=100000 bid=160.39200 ask=0.00000
2026-04-29 22:10:33 | INFO     | ayumi.openapi_spot_feed | SpotEvent: symbol_id=4 raw_bid=16039400 raw_ask=16039500 divisor=100000 bid=160.39400 ask=160.39500
2026-04-29 22:10:33 | INFO     | ayumi.openapi_spot_feed | SpotEvent: symbol_id=4 raw_bid=0 raw_ask=16039400 divisor=100000 bid=0.00000 ask=160.39400
2026-04-29 22:10:34 | INFO     | ayumi.openapi_spot_feed | SpotEvent: symbol_id=4 raw_bid=16039500 raw_ask=16039600 divisor=100000 bid=160.39500 ask=160.39600
2026-04-29 22:10:35 | INFO     | ayumi.openapi_spot_feed | SpotEvent: symbol_id=4 raw_bid=16039600 raw_ask=16039700 divisor=100000 bid=160.39600 ask=160.39700
2026-04-29 22:10:38 | INFO     | ayumi.openapi_spot_feed | SpotEvent: symbol_id=2 raw_bid=134756 raw_ask=0 divisor=100000 bid=1.34756 ask=0.00000
2026-04-29 22:10:40 | INFO     | ayumi.openapi_spot_feed | SpotEvent: symbol_id=4 raw_bid=0 raw_ask=16039600 divisor=100000 bid=0.00000 ask=160.39600
2026-04-29 22:10:42 | INFO     | ayumi.openapi_spot_feed | SpotEvent: symbol_id=2 raw_bid=134759 raw_ask=134759 divisor=100000 bid=1.34759 ask=1.34759
2026-04-29 22:10:42 | INFO     | ayumi.openapi_spot_feed | SpotEvent: symbol_id=4 raw_bid=16040000 raw_ask=16040100 divisor=100000 bid=160.40000 ask=160.40100
2026-04-29 22:10:42 | INFO     | ayumi.openapi_spot_feed | SpotEvent: symbol_id=2 raw_bid=134757 raw_ask=134758 divisor=100000 bid=1.34757 ask=1.34758
2026-04-29 22:10:42 | INFO     | ayumi.openapi_spot_feed | SpotEvent: symbol_id=4 raw_bid=16039500 raw_ask=16039600 divisor=100000 bid=160.39500 ask=160.39600
2026-04-29 22:10:42 | INFO     | ayumi.openapi_spot_feed | SpotEvent: symbol_id=2 raw_bid=134756 raw_ask=134756 divisor=100000 bid=1.34756 ask=1.34756
2026-04-29 22:10:42 | INFO     | ayumi.openapi_spot_feed | SpotEvent: symbol_id=4 raw_bid=16039000 raw_ask=16039100 divisor=100000 bid=160.39000 ask=160.39100
2026-04-29 22:10:42 | INFO     | ayumi.openapi_spot_feed | SpotEvent: symbol_id=2 raw_bid=134760 raw_ask=134760 divisor=100000 bid=1.34760 ask=1.34760
2026-04-29 22:10:43 | INFO     | ayumi.openapi_spot_feed | SpotEvent: symbol_id=4 raw_bid=16039200 raw_ask=16039300 divisor=100000 bid=160.39200 ask=160.39300
2026-04-29 22:10:43 | INFO     | ayumi.openapi_spot_feed | SpotEvent: symbol_id=2 raw_bid=134759 raw_ask=0 divisor=100000 bid=1.34759 ask=0.00000
2026-04-29 22:10:44 | INFO     | ayumi.openapi_spot_feed | SpotEvent: symbol_id=4 raw_bid=16039400 raw_ask=16039500 divisor=100000 bid=160.39400 ask=160.39500
2026-04-29 22:10:44 | INFO     | ayumi.openapi_spot_feed | SpotEvent: symbol_id=4 raw_bid=16039500 raw_ask=0 divisor=100000 bid=160.39500 ask=0.00000
2026-04-29 22:10:45 | INFO     | ayumi.openapi_spot_feed | SpotEvent: symbol_id=4 raw_bid=16039400 raw_ask=0 divisor=100000 bid=160.39400 ask=0.00000
2026-04-29 22:10:47 | INFO     | ayumi.openapi_spot_feed | SpotEvent: symbol_id=4 raw_bid=16039300 raw_ask=16039400 divisor=100000 bid=160.39300 ask=160.39400
2026-04-29 22:10:50 | INFO     | ayumi.openapi_spot_feed | SpotEvent: symbol_id=2 raw_bid=134760 raw_ask=134761 divisor=100000 bid=1.34760 ask=1.34761
2026-04-29 22:10:50 | INFO     | ayumi.openapi_spot_feed | SpotEvent: symbol_id=2 raw_bid=134762 raw_ask=134763 divisor=100000 bid=1.34762 ask=1.34763
2026-04-29 22:10:51 | INFO     | ayumi.openapi_spot_feed | SpotEvent: symbol_id=2 raw_bid=134761 raw_ask=134762 divisor=100000 bid=1.34761 ask=1.34762
2026-04-29 22:10:53 | INFO     | ayumi.openapi_spot_feed | SpotEvent: symbol_id=4 raw_bid=16039500 raw_ask=16039600 divisor=100000 bid=160.39500 ask=160.39600
2026-04-29 22:10:53 | INFO     | ayumi.openapi_spot_feed | SpotEvent: symbol_id=2 raw_bid=134762 raw_ask=0 divisor=100000 bid=1.34762 ask=0.00000
2026-04-29 22:10:53 | INFO     | ayumi.openapi_spot_feed | SpotEvent: symbol_id=2 raw_bid=134761 raw_ask=134761 divisor=100000 bid=1.34761 ask=1.34761
2026-04-29 22:10:56 | INFO     | ayumi.openapi_spot_feed | SpotEvent: symbol_id=4 raw_bid=0 raw_ask=16039500 divisor=100000 bid=0.00000 ask=160.39500
2026-04-29 22:10:59 | INFO     | ayumi.openapi_spot_feed | SpotEvent: symbol_id=4 raw_bid=0 raw_ask=16039600 divisor=100000 bid=0.00000 ask=160.39600
2026-04-29 22:11:04 | INFO     | ayumi.openapi_spot_feed | SpotEvent: symbol_id=2 raw_bid=134760 raw_ask=0 divisor=100000 bid=1.34760 ask=0.00000
2026-04-29 22:11:04 | INFO     | ayumi.openapi_spot_feed | SpotEvent: symbol_id=4 raw_bid=16039000 raw_ask=16039100 divisor=100000 bid=160.39000 ask=160.39100
2026-04-29 22:11:04 | INFO     | ayumi.openapi_spot_feed | SpotEvent: symbol_id=2 raw_bid=134759 raw_ask=134760 divisor=100000 bid=1.34759 ask=1.34760
2026-04-29 22:11:05 | INFO     | ayumi.openapi_spot_feed | SpotEvent: symbol_id=4 raw_bid=0 raw_ask=16039000 divisor=100000 bid=0.00000 ask=160.39000
2026-04-29 22:11:05 | INFO     | ayumi.openapi_spot_feed | SpotEvent: symbol_id=4 raw_bid=16038900 raw_ask=0 divisor=100000 bid=160.38900 ask=0.00000
2026-04-29 22:11:06 | INFO     | ayumi.openapi_spot_feed | SpotEvent: symbol_id=2 raw_bid=134757 raw_ask=134757 divisor=100000 bid=1.34757 ask=1.34757
2026-04-29 22:11:07 | INFO     | ayumi.openapi_spot_feed | SpotEvent: symbol_id=2 raw_bid=0 raw_ask=134758 divisor=100000 bid=0.00000 ask=1.34758
2026-04-29 22:11:07 | INFO     | ayumi.openapi_spot_feed | SpotEvent: symbol_id=4 raw_bid=16039400 raw_ask=16039400 divisor=100000 bid=160.39400 ask=160.39400
2026-04-29 22:11:08 | INFO     | ayumi.openapi_spot_feed | SpotEvent: symbol_id=4 raw_bid=0 raw_ask=16039500 divisor=100000 bid=0.00000 ask=160.39500
2026-04-29 22:11:09 | INFO     | ayumi.openapi_spot_feed | SpotEvent: symbol_id=2 raw_bid=134756 raw_ask=134756 divisor=100000 bid=1.34756 ask=1.34756
2026-04-29 22:11:09 | INFO     | ayumi.openapi_spot_feed | SpotEvent: symbol_id=4 raw_bid=16039500 raw_ask=0 divisor=100000 bid=160.39500 ask=0.00000
2026-04-29 22:11:10 | INFO     | ayumi.openapi_spot_feed | SpotEvent: symbol_id=4 raw_bid=16039400 raw_ask=0 divisor=100000 bid=160.39400 ask=0.00000
2026-04-29 22:11:14 | INFO     | ayumi.openapi_spot_feed | SpotEvent: symbol_id=4 raw_bid=0 raw_ask=16039400 divisor=100000 bid=0.00000 ask=160.39400
2026-04-29 22:11:14 | INFO     | ayumi.openapi_spot_feed | SpotEvent: symbol_id=2 raw_bid=134758 raw_ask=134758 divisor=100000 bid=1.34758 ask=1.34758
2026-04-29 22:11:15 | INFO     | ayumi.openapi_spot_feed | SpotEvent: symbol_id=2 raw_bid=134759 raw_ask=134759 divisor=100000 bid=1.34759 ask=1.34759
2026-04-29 22:11:16 | INFO     | ayumi.openapi_spot_feed | SpotEvent: symbol_id=2 raw_bid=0 raw_ask=134760 divisor=100000 bid=0.00000 ask=1.34760
2026-04-29 22:11:18 | INFO     | ayumi.openapi_spot_feed | SpotEvent: symbol_id=2 raw_bid=134760 raw_ask=134761 divisor=100000 bid=1.34760 ask=1.34761
2026-04-29 22:11:18 | INFO     | ayumi.openapi_spot_feed | SpotEvent: symbol_id=4 raw_bid=16038800 raw_ask=16038900 divisor=100000 bid=160.38800 ask=160.38900
2026-04-29 22:11:18 | INFO     | ayumi.openapi_spot_feed | SpotEvent: symbol_id=2 raw_bid=134763 raw_ask=134763 divisor=100000 bid=1.34763 ask=1.34763
2026-04-29 22:11:18 | INFO     | ayumi.openapi_spot_feed | SpotEvent: symbol_id=2 raw_bid=0 raw_ask=134764 divisor=100000 bid=0.00000 ask=1.34764
2026-04-29 22:11:18 | INFO     | ayumi.openapi_spot_feed | SpotEvent: symbol_id=4 raw_bid=0 raw_ask=16038800 divisor=100000 bid=0.00000 ask=160.38800
2026-04-29 22:11:19 | INFO     | ayumi.openapi_spot_feed | SpotEvent: symbol_id=2 raw_bid=134761 raw_ask=134761 divisor=100000 bid=1.34761 ask=1.34761
2026-04-29 22:11:19 | INFO     | ayumi.openapi_spot_feed | SpotEvent: symbol_id=4 raw_bid=16038700 raw_ask=0 divisor=100000 bid=160.38700 ask=0.00000
2026-04-29 22:11:19 | INFO     | ayumi.openapi_spot_feed | SpotEvent: symbol_id=2 raw_bid=0 raw_ask=134762 divisor=100000 bid=0.00000 ask=1.34762
2026-04-29 22:11:19 | INFO     | ayumi.openapi_spot_feed | SpotEvent: symbol_id=2 raw_bid=0 raw_ask=134761 divisor=100000 bid=0.00000 ask=1.34761
2026-04-29 22:11:20 | INFO     | ayumi.openapi_spot_feed | SpotEvent: symbol_id=4 raw_bid=16038800 raw_ask=16038900 divisor=100000 bid=160.38800 ask=160.38900
2026-04-29 22:11:20 | INFO     | ayumi.openapi_spot_feed | SpotEvent: symbol_id=2 raw_bid=134758 raw_ask=134759 divisor=100000 bid=1.34758 ask=1.34759
2026-04-29 22:11:21 | INFO     | ayumi.openapi_spot_feed | SpotEvent: symbol_id=2 raw_bid=134757 raw_ask=134758 divisor=100000 bid=1.34757 ask=1.34758
2026-04-29 22:11:21 | INFO     | ayumi.openapi_spot_feed | SpotEvent: symbol_id=2 raw_bid=134759 raw_ask=134760 divisor=100000 bid=1.34759 ask=1.34760
2026-04-29 22:11:21 | INFO     | ayumi.openapi_spot_feed | SpotEvent: symbol_id=2 raw_bid=134760 raw_ask=0 divisor=100000 bid=1.34760 ask=0.00000
2026-04-29 22:11:30 | INFO     | ayumi.openapi_spot_feed | SpotEvent: symbol_id=4 raw_bid=0 raw_ask=16038800 divisor=100000 bid=0.00000 ask=160.38800
2026-04-29 22:11:31 | INFO     | ayumi.openapi_spot_feed | SpotEvent: symbol_id=2 raw_bid=134759 raw_ask=134759 divisor=100000 bid=1.34759 ask=1.34759
2026-04-29 22:11:32 | INFO     | ayumi.openapi_spot_feed | SpotEvent: symbol_id=4 raw_bid=0 raw_ask=16038900 divisor=100000 bid=0.00000 ask=160.38900
2026-04-29 22:11:35 | INFO     | ayumi.openapi_spot_feed | SpotEvent: symbol_id=2 raw_bid=0 raw_ask=134760 divisor=100000 bid=0.00000 ask=1.34760
2026-04-29 22:11:35 | INFO     | ayumi.openapi_spot_feed | SpotEvent: symbol_id=2 raw_bid=134762 raw_ask=134762 divisor=100000 bid=1.34762 ask=1.34762
2026-04-29 22:11:36 | INFO     | ayumi.openapi_spot_feed | SpotEvent: symbol_id=2 raw_bid=134760 raw_ask=134761 divisor=100000 bid=1.34760 ask=1.34761
2026-04-29 22:11:37 | INFO     | ayumi.openapi_spot_feed | SpotEvent: symbol_id=2 raw_bid=134758 raw_ask=134759 divisor=100000 bid=1.34758 ask=1.34759
2026-04-29 22:11:37 | INFO     | ayumi.openapi_spot_feed | SpotEvent: symbol_id=4 raw_bid=16038700 raw_ask=16038800 divisor=100000 bid=160.38700 ask=160.38800
2026-04-29 22:11:41 | INFO     | ayumi.openapi_spot_feed | SpotEvent: symbol_id=2 raw_bid=0 raw_ask=134758 divisor=100000 bid=0.00000 ask=1.34758
2026-04-29 22:11:42 | INFO     | ayumi.openapi_spot_feed | SpotEvent: symbol_id=2 raw_bid=134760 raw_ask=134761 divisor=100000 bid=1.34760 ask=1.34761
2026-04-29 22:11:46 | INFO     | ayumi.openapi_spot_feed | SpotEvent: symbol_id=4 raw_bid=16038800 raw_ask=16038900 divisor=100000 bid=160.38800 ask=160.38900
2026-04-29 22:11:46 | INFO     | ayumi.openapi_spot_feed | SpotEvent: symbol_id=2 raw_bid=0 raw_ask=134760 divisor=100000 bid=0.00000 ask=1.34760
2026-04-29 22:11:46 | INFO     | ayumi.openapi_spot_feed | SpotEvent: symbol_id=2 raw_bid=0 raw_ask=134761 divisor=100000 bid=0.00000 ask=1.34761
2026-04-29 22:11:57 | INFO     | ayumi.openapi_spot_feed | SpotEvent: symbol_id=2 raw_bid=134759 raw_ask=134759 divisor=100000 bid=1.34759 ask=1.34759
2026-04-29 22:11:58 | INFO     | ayumi.openapi_spot_feed | SpotEvent: symbol_id=4 raw_bid=0 raw_ask=16038800 divisor=100000 bid=0.00000 ask=160.38800
2026-04-29 22:11:58 | INFO     | ayumi.openapi_spot_feed | SpotEvent: symbol_id=2 raw_bid=0 raw_ask=134760 divisor=100000 bid=0.00000 ask=1.34760
2026-04-29 22:12:01 | INFO     | ayumi.openapi_spot_feed | SpotEvent: symbol_id=4 raw_bid=16038900 raw_ask=16039000 divisor=100000 bid=160.38900 ask=160.39000
2026-04-29 22:12:01 | INFO     | ayumi.openapi_spot_feed | SpotEvent: symbol_id=4 raw_bid=16039300 raw_ask=16039400 divisor=100000 bid=160.39300 ask=160.39400
2026-04-29 22:12:20 | INFO     | ayumi.blend_launcher | === Ayumi Multi-Strategy Forward Test (Blend Pipeline) ===
2026-04-29 22:12:20 | INFO     | ayumi.blend_launcher | Symbols: ['GBPUSD', 'USDJPY']
2026-04-29 22:12:22 | WARNING  | ayumi.blend_launcher | Could not fetch symbol list from OpenAPI: 'CTraderOpenApiClient' object has no attribute 'get_symbols' — using static mapping
2026-04-29 22:12:22 | INFO     | ayumi.blend_launcher | Fetching 100 H1 bars for GBPUSD (id=2)...
2026-04-29 22:12:24 | INFO     | ayumi.blend_launcher | Fetched 99 H1 bars for GBPUSD
2026-04-29 22:12:24 | INFO     | ayumi.blend_launcher | Fetching 200 M15 bars for GBPUSD (id=2)...
2026-04-29 22:12:26 | INFO     | ayumi.blend_launcher | Fetched 199 M15 bars for GBPUSD
2026-04-29 22:12:26 | INFO     | ayumi.blend_launcher | Fetching 100 H1 bars for USDJPY (id=4)...
2026-04-29 22:12:28 | INFO     | ayumi.blend_launcher | Fetched 99 H1 bars for USDJPY
2026-04-29 22:12:28 | INFO     | ayumi.blend_launcher | Fetching 200 M15 bars for USDJPY (id=4)...
2026-04-29 22:12:30 | INFO     | ayumi.blend_launcher | Fetched 199 M15 bars for USDJPY
2026-04-29 22:12:30 | INFO     | ayumi.blend_launcher | Registered 5 strategies: ['SRMR+', 'Killzone Momentum', 'Donchian Channel Breakout', 'Session-Range Mean Reversion', 'BB+RSI Mean Reversion']
2026-04-29 22:12:30 | INFO     | ayumi.blend_launcher | All strategy .name properties verified against maps
2026-04-29 22:12:30 | INFO     | ayumi.risk | Restored risk state from data/risk_state_blend.json
2026-04-29 22:12:30 | INFO     | ayumi.forward_test | BlendForwardTestRunner started — balance=$10000.00
2026-04-29 22:12:30 | INFO     | ayumi.forward_test | Preloaded 99 bars into key 'GBPUSD:60'
2026-04-29 22:12:30 | INFO     | ayumi.blend_launcher | Preloaded 99 H1 bars for GBPUSD
2026-04-29 22:12:30 | INFO     | ayumi.forward_test | Preloaded 199 bars into key 'GBPUSD:15'
2026-04-29 22:12:30 | INFO     | ayumi.blend_launcher | Preloaded 199 M15 bars for GBPUSD
2026-04-29 22:12:30 | INFO     | ayumi.forward_test | Preloaded 99 bars into key 'USDJPY:60'
2026-04-29 22:12:30 | INFO     | ayumi.blend_launcher | Preloaded 99 H1 bars for USDJPY
2026-04-29 22:12:30 | INFO     | ayumi.forward_test | Preloaded 199 bars into key 'USDJPY:15'
2026-04-29 22:12:30 | INFO     | ayumi.blend_launcher | Preloaded 199 M15 bars for USDJPY
2026-04-29 22:12:30 | INFO     | ayumi.blend_launcher | === STARTING MULTI-STRATEGY FORWARD TEST ===
2026-04-29 22:12:30 | INFO     | ayumi.blend_launcher | Pipeline: SRMR+ + Killzone + Momentum + SessionRangeMR → Correlation Gate → Blend Runner → Paper
2026-04-29 22:12:30 | INFO     | ayumi.openapi_spot_feed | Connected to demo.ctraderapi.com:5035
2026-04-29 22:12:32 | INFO     | ayumi.openapi_spot_feed | Application authenticated
2026-04-29 22:12:33 | INFO     | ayumi.openapi_spot_feed | Account authenticated
2026-04-29 22:12:33 | INFO     | ayumi.openapi_spot_feed | Requesting symbol list for account 46877902
2026-04-29 22:12:34 | INFO     | ayumi.openapi_spot_feed | Loaded 830 symbol name mappings from API
2026-04-29 22:12:35 | INFO     | ayumi.openapi_spot_feed | Fetched symbol details: id=2 digits=5
2026-04-29 22:12:35 | INFO     | ayumi.openapi_spot_feed | Subscribed to spot events for symbol_id=2
2026-04-29 22:12:36 | INFO     | ayumi.openapi_spot_feed | Fetched symbol details: id=4 digits=3
2026-04-29 22:12:36 | INFO     | ayumi.openapi_spot_feed | Subscribed to spot events for symbol_id=4
2026-04-29 22:12:36 | INFO     | ayumi.openapi_spot_feed | OpenApiSpotFeed started: account=46877902 symbols_loaded=2
2026-04-29 22:12:36 | INFO     | ayumi.forward_test | Open API spot feed connected for ['GBPUSD', 'USDJPY']
2026-04-29 22:12:36 | INFO     | ayumi.forward_test | Forward test started: symbols=['GBPUSD', 'USDJPY'] strategies=['SRMR+', 'Killzone Momentum', 'Donchian Channel Breakout', 'Session-Range Mean Reversion', 'BB+RSI Mean Reversion'] mode=PAPER eval_interval=1.0s bar_period=60m
2026-04-29 23:11:20 | INFO     | ayumi.forward_test | Shutdown signal received (sig=15)
2026-04-29 23:11:20 | INFO     | ayumi.openapi_spot_feed | Unsubscribed from spot events for symbol_id=2
2026-04-29 23:11:20 | INFO     | ayumi.openapi_spot_feed | Unsubscribed from spot events for symbol_id=4
2026-04-29 23:11:20 | INFO     | ayumi.openapi_spot_feed | OpenApiSpotFeed stopped
2026-04-29 23:11:20 | INFO     | ayumi.forward_test | Forward test stopped: balance=10000.00 trades=0 pnl=0.00 errors=0 reconnects=0
2026-04-29 23:11:20 | WARNING  | ayumi.openapi_spot_feed | Disconnected: [Failure instance: Traceback (failure with no frames): <class 'twisted.internet.error.ConnectionDone'>: Connection was closed cleanly.
]
2026-04-29 23:11:25 | INFO     | ayumi.blend_launcher | === Ayumi Multi-Strategy Forward Test (Blend Pipeline) ===
2026-04-29 23:11:25 | INFO     | ayumi.blend_launcher | Symbols: ['GBPUSD', 'USDJPY']
2026-04-29 23:11:28 | WARNING  | ayumi.blend_launcher | Could not fetch symbol list from OpenAPI: 'CTraderOpenApiClient' object has no attribute 'get_symbols' — using static mapping
2026-04-29 23:11:28 | INFO     | ayumi.blend_launcher | Fetching 100 H1 bars for GBPUSD (id=2)...
2026-04-29 23:11:30 | INFO     | ayumi.blend_launcher | Fetched 99 H1 bars for GBPUSD
2026-04-29 23:11:30 | INFO     | ayumi.blend_launcher | Fetching 200 M15 bars for GBPUSD (id=2)...
2026-04-29 23:11:32 | INFO     | ayumi.blend_launcher | Fetched 199 M15 bars for GBPUSD
2026-04-29 23:11:32 | INFO     | ayumi.blend_launcher | Fetching 100 H1 bars for USDJPY (id=4)...
2026-04-29 23:11:34 | INFO     | ayumi.blend_launcher | Fetched 99 H1 bars for USDJPY
2026-04-29 23:11:34 | INFO     | ayumi.blend_launcher | Fetching 200 M15 bars for USDJPY (id=4)...
2026-04-29 23:11:36 | INFO     | ayumi.blend_launcher | Fetched 199 M15 bars for USDJPY
2026-04-29 23:11:36 | INFO     | ayumi.blend_launcher | Registered 5 strategies: ['SRMR+', 'Killzone Momentum', 'Donchian Channel Breakout', 'Session-Range Mean Reversion', 'BB+RSI Mean Reversion']
2026-04-29 23:11:36 | INFO     | ayumi.blend_launcher | All strategy .name properties verified against maps
2026-04-29 23:11:36 | INFO     | ayumi.risk | Restored risk state from data/risk_state_blend.json
2026-04-29 23:11:36 | INFO     | ayumi.forward_test | BlendForwardTestRunner started — balance=$10000.00
2026-04-29 23:11:36 | INFO     | ayumi.forward_test | Preloaded 99 bars into key 'GBPUSD:60'
2026-04-29 23:11:36 | INFO     | ayumi.blend_launcher | Preloaded 99 H1 bars for GBPUSD
2026-04-29 23:11:36 | INFO     | ayumi.forward_test | Preloaded 199 bars into key 'GBPUSD:15'
2026-04-29 23:11:36 | INFO     | ayumi.blend_launcher | Preloaded 199 M15 bars for GBPUSD
2026-04-29 23:11:36 | INFO     | ayumi.forward_test | Preloaded 99 bars into key 'USDJPY:60'
2026-04-29 23:11:36 | INFO     | ayumi.blend_launcher | Preloaded 99 H1 bars for USDJPY
2026-04-29 23:11:36 | INFO     | ayumi.forward_test | Preloaded 199 bars into key 'USDJPY:15'
2026-04-29 23:11:36 | INFO     | ayumi.blend_launcher | Preloaded 199 M15 bars for USDJPY
2026-04-29 23:11:36 | INFO     | ayumi.blend_launcher | === STARTING MULTI-STRATEGY FORWARD TEST ===
2026-04-29 23:11:36 | INFO     | ayumi.blend_launcher | Pipeline: SRMR+ + Killzone + Momentum + SessionRangeMR → Correlation Gate → Blend Runner → Paper
2026-04-29 23:11:36 | INFO     | ayumi.openapi_spot_feed | Connected to demo.ctraderapi.com:5035
2026-04-29 23:11:37 | INFO     | ayumi.openapi_spot_feed | Application authenticated
2026-04-29 23:11:38 | INFO     | ayumi.openapi_spot_feed | Account authenticated
2026-04-29 23:11:38 | INFO     | ayumi.openapi_spot_feed | Requesting symbol list for account 46877902
2026-04-29 23:11:39 | INFO     | ayumi.openapi_spot_feed | Loaded 830 symbol name mappings from API
2026-04-29 23:11:40 | INFO     | ayumi.openapi_spot_feed | Fetched symbol details: id=2 digits=5
2026-04-29 23:11:40 | INFO     | ayumi.openapi_spot_feed | Subscribed to spot events for symbol_id=2
2026-04-29 23:11:41 | INFO     | ayumi.openapi_spot_feed | Fetched symbol details: id=4 digits=3
2026-04-29 23:11:41 | INFO     | ayumi.openapi_spot_feed | Subscribed to spot events for symbol_id=4
2026-04-29 23:11:41 | INFO     | ayumi.openapi_spot_feed | OpenApiSpotFeed started: account=46877902 symbols_loaded=2
2026-04-29 23:11:41 | INFO     | ayumi.forward_test | Open API spot feed connected for ['GBPUSD', 'USDJPY']
2026-04-29 23:11:41 | INFO     | ayumi.forward_test | Forward test started: symbols=['GBPUSD', 'USDJPY'] strategies=['SRMR+', 'Killzone Momentum', 'Donchian Channel Breakout', 'Session-Range Mean Reversion', 'BB+RSI Mean Reversion'] mode=PAPER eval_interval=1.0s bar_period=60m
2026-04-29 23:11:52 | INFO     | ayumi.blend_launcher | === Ayumi Multi-Strategy Forward Test (Blend Pipeline) ===
2026-04-29 23:11:52 | INFO     | ayumi.blend_launcher | Symbols: ['GBPUSD', 'USDJPY']
2026-04-29 23:11:55 | WARNING  | ayumi.blend_launcher | Could not fetch symbol list from OpenAPI: 'CTraderOpenApiClient' object has no attribute 'get_symbols' — using static mapping
2026-04-29 23:11:55 | INFO     | ayumi.blend_launcher | Fetching 100 H1 bars for GBPUSD (id=2)...
2026-04-29 23:11:57 | INFO     | ayumi.blend_launcher | Fetched 99 H1 bars for GBPUSD
2026-04-29 23:11:57 | INFO     | ayumi.blend_launcher | Fetching 200 M15 bars for GBPUSD (id=2)...
2026-04-29 23:11:59 | INFO     | ayumi.blend_launcher | Fetched 199 M15 bars for GBPUSD
2026-04-29 23:11:59 | INFO     | ayumi.blend_launcher | Fetching 100 H1 bars for USDJPY (id=4)...
2026-04-29 23:12:01 | INFO     | ayumi.blend_launcher | Fetched 99 H1 bars for USDJPY
2026-04-29 23:12:01 | INFO     | ayumi.blend_launcher | Fetching 200 M15 bars for USDJPY (id=4)...
2026-04-29 23:12:03 | INFO     | ayumi.blend_launcher | Fetched 199 M15 bars for USDJPY
2026-04-29 23:12:03 | INFO     | ayumi.blend_launcher | Registered 5 strategies: ['SRMR+', 'Killzone Momentum', 'Donchian Channel Breakout', 'Session-Range Mean Reversion', 'BB+RSI Mean Reversion']
2026-04-29 23:12:03 | INFO     | ayumi.blend_launcher | All strategy .name properties verified against maps
2026-04-29 23:12:03 | INFO     | ayumi.risk | Restored risk state from data/risk_state_blend.json
2026-04-29 23:12:03 | INFO     | ayumi.forward_test | BlendForwardTestRunner started — balance=$10000.00
2026-04-29 23:12:03 | INFO     | ayumi.forward_test | Preloaded 99 bars into key 'GBPUSD:60'
2026-04-29 23:12:03 | INFO     | ayumi.blend_launcher | Preloaded 99 H1 bars for GBPUSD
2026-04-29 23:12:03 | INFO     | ayumi.forward_test | Preloaded 199 bars into key 'GBPUSD:15'
2026-04-29 23:12:03 | INFO     | ayumi.blend_launcher | Preloaded 199 M15 bars for GBPUSD
2026-04-29 23:12:03 | INFO     | ayumi.forward_test | Preloaded 99 bars into key 'USDJPY:60'
2026-04-29 23:12:03 | INFO     | ayumi.blend_launcher | Preloaded 99 H1 bars for USDJPY
2026-04-29 23:12:03 | INFO     | ayumi.forward_test | Preloaded 199 bars into key 'USDJPY:15'
2026-04-29 23:12:03 | INFO     | ayumi.blend_launcher | Preloaded 199 M15 bars for USDJPY
2026-04-29 23:12:03 | INFO     | ayumi.blend_launcher | === STARTING MULTI-STRATEGY FORWARD TEST ===
2026-04-29 23:12:03 | INFO     | ayumi.blend_launcher | Pipeline: SRMR+ + Killzone + Momentum + SessionRangeMR → Correlation Gate → Blend Runner → Paper
2026-04-29 23:12:03 | INFO     | ayumi.openapi_spot_feed | Connected to demo.ctraderapi.com:5035
2026-04-29 23:12:04 | INFO     | ayumi.openapi_spot_feed | Application authenticated
2026-04-29 23:12:05 | INFO     | ayumi.openapi_spot_feed | Account authenticated
2026-04-29 23:12:05 | INFO     | ayumi.openapi_spot_feed | Requesting symbol list for account 46877902
2026-04-29 23:12:06 | INFO     | ayumi.openapi_spot_feed | Loaded 830 symbol name mappings from API
2026-04-29 23:12:07 | INFO     | ayumi.openapi_spot_feed | Fetched symbol details: id=2 digits=5
2026-04-29 23:12:07 | INFO     | ayumi.openapi_spot_feed | Subscribed to spot events for symbol_id=2
2026-04-29 23:12:08 | INFO     | ayumi.openapi_spot_feed | Fetched symbol details: id=4 digits=3
2026-04-29 23:12:08 | INFO     | ayumi.openapi_spot_feed | Subscribed to spot events for symbol_id=4
2026-04-29 23:12:08 | INFO     | ayumi.openapi_spot_feed | OpenApiSpotFeed started: account=46877902 symbols_loaded=2
2026-04-29 23:12:08 | INFO     | ayumi.forward_test | Open API spot feed connected for ['GBPUSD', 'USDJPY']
2026-04-29 23:12:08 | INFO     | ayumi.forward_test | Forward test started: symbols=['GBPUSD', 'USDJPY'] strategies=['SRMR+', 'Killzone Momentum', 'Donchian Channel Breakout', 'Session-Range Mean Reversion', 'BB+RSI Mean Reversion'] mode=PAPER eval_interval=1.0s bar_period=60m
2026-04-30 02:49:34 | INFO     | ayumi.forward_test | Shutdown signal received (sig=15)
2026-04-30 02:49:34 | INFO     | ayumi.openapi_spot_feed | Unsubscribed from spot events for symbol_id=2
2026-04-30 02:49:34 | INFO     | ayumi.openapi_spot_feed | Unsubscribed from spot events for symbol_id=4
2026-04-30 02:49:34 | INFO     | ayumi.openapi_spot_feed | OpenApiSpotFeed stopped
2026-04-30 02:49:34 | INFO     | ayumi.forward_test | Forward test stopped: balance=10000.00 trades=0 pnl=0.00 errors=0 reconnects=0
2026-04-30 02:49:34 | WARNING  | ayumi.openapi_spot_feed | Disconnected: [Failure instance: Traceback (failure with no frames): <class 'twisted.internet.error.ConnectionDone'>: Connection was closed cleanly.
]
2026-04-30 10:06:08 | WARNING  | ayumi.openapi_spot_feed | Disconnected: [Failure instance: Traceback (failure with no frames): <class 'twisted.internet.error.ConnectionLost'>: Connection to the other side was lost in a non-clean fashion: Connection lost.
]
2026-04-30 10:06:08 | INFO     | ayumi.openapi_spot_feed | Reconnect scheduled in 5.4s (attempt 1)
2026-04-30 10:06:10 | INFO     | ayumi.openapi_spot_feed | Connected to demo.ctraderapi.com:5035
2026-04-30 10:06:13 | INFO     | ayumi.openapi_spot_feed | Attempting reconnection...
2026-04-30 10:06:13 | INFO     | ayumi.openapi_spot_feed | Connected to demo.ctraderapi.com:5035
2026-04-30 10:06:13 | WARNING  | ayumi.openapi_spot_feed | Disconnected: [Failure instance: Traceback (failure with no frames): <class 'twisted.internet.error.ConnectionDone'>: Connection was closed cleanly.
]
2026-04-30 10:06:13 | INFO     | ayumi.openapi_spot_feed | Reconnect scheduled in 12.7s (attempt 2)
2026-04-30 10:06:14 | INFO     | ayumi.openapi_spot_feed | Application authenticated
2026-04-30 10:06:15 | INFO     | ayumi.openapi_spot_feed | Account authenticated
2026-04-30 10:06:15 | INFO     | ayumi.openapi_spot_feed | Subscribed to spot events for symbol_id=2
2026-04-30 10:06:15 | INFO     | ayumi.openapi_spot_feed | Subscribed to spot events for symbol_id=4
2026-04-30 10:06:15 | INFO     | ayumi.openapi_spot_feed | Reconnection successful
2026-04-30 10:06:26 | INFO     | ayumi.openapi_spot_feed | Attempting reconnection...
2026-04-30 10:06:26 | INFO     | ayumi.openapi_spot_feed | Connected to demo.ctraderapi.com:5035
2026-04-30 10:06:26 | WARNING  | ayumi.openapi_spot_feed | Disconnected: [Failure instance: Traceback (failure with no frames): <class 'twisted.internet.error.ConnectionDone'>: Connection was closed cleanly.
]
2026-04-30 10:06:26 | INFO     | ayumi.openapi_spot_feed | Reconnect scheduled in 5.9s (attempt 1)
2026-04-30 10:06:27 | INFO     | ayumi.openapi_spot_feed | Application authenticated
2026-04-30 10:06:28 | INFO     | ayumi.openapi_spot_feed | Account authenticated
2026-04-30 10:06:28 | INFO     | ayumi.openapi_spot_feed | Subscribed to spot events for symbol_id=2
2026-04-30 10:06:28 | INFO     | ayumi.openapi_spot_feed | Subscribed to spot events for symbol_id=4
2026-04-30 10:06:28 | INFO     | ayumi.openapi_spot_feed | Reconnection successful
2026-04-30 10:06:32 | INFO     | ayumi.openapi_spot_feed | Attempting reconnection...
2026-04-30 10:06:32 | INFO     | ayumi.openapi_spot_feed | Connected to demo.ctraderapi.com:5035
2026-04-30 10:06:32 | WARNING  | ayumi.openapi_spot_feed | Disconnected: [Failure instance: Traceback (failure with no frames): <class 'twisted.internet.error.ConnectionDone'>: Connection was closed cleanly.
]
2026-04-30 10:06:32 | INFO     | ayumi.openapi_spot_feed | Reconnect scheduled in 6.3s (attempt 1)
2026-04-30 10:06:33 | INFO     | ayumi.openapi_spot_feed | Application authenticated
2026-04-30 10:06:34 | INFO     | ayumi.openapi_spot_feed | Account authenticated
2026-04-30 10:06:34 | INFO     | ayumi.openapi_spot_feed | Subscribed to spot events for symbol_id=2
2026-04-30 10:06:34 | INFO     | ayumi.openapi_spot_feed | Subscribed to spot events for symbol_id=4
2026-04-30 10:06:34 | INFO     | ayumi.openapi_spot_feed | Reconnection successful
2026-04-30 10:06:38 | INFO     | ayumi.openapi_spot_feed | Attempting reconnection...
2026-04-30 10:06:38 | INFO     | ayumi.openapi_spot_feed | Connected to demo.ctraderapi.com:5035
2026-04-30 10:06:38 | WARNING  | ayumi.openapi_spot_feed | Disconnected: [Failure instance: Traceback (failure with no frames): <class 'twisted.internet.error.ConnectionDone'>: Connection was closed cleanly.
]
2026-04-30 10:06:38 | INFO     | ayumi.openapi_spot_feed | Reconnect scheduled in 5.3s (attempt 1)
2026-04-30 10:06:40 | INFO     | ayumi.openapi_spot_feed | Application authenticated
2026-04-30 10:06:41 | INFO     | ayumi.openapi_spot_feed | Account authenticated
2026-04-30 10:06:41 | INFO     | ayumi.openapi_spot_feed | Subscribed to spot events for symbol_id=2
2026-04-30 10:06:41 | INFO     | ayumi.openapi_spot_feed | Subscribed to spot events for symbol_id=4
2026-04-30 10:06:41 | INFO     | ayumi.openapi_spot_feed | Reconnection successful
2026-04-30 10:06:44 | INFO     | ayumi.openapi_spot_feed | Attempting reconnection...
2026-04-30 10:06:44 | INFO     | ayumi.openapi_spot_feed | Connected to demo.ctraderapi.com:5035
2026-04-30 10:06:44 | WARNING  | ayumi.openapi_spot_feed | Disconnected: [Failure instance: Traceback (failure with no frames): <class 'twisted.internet.error.ConnectionDone'>: Connection was closed cleanly.
]
2026-04-30 10:06:44 | INFO     | ayumi.openapi_spot_feed | Reconnect scheduled in 5.9s (attempt 1)
2026-04-30 10:06:45 | INFO     | ayumi.openapi_spot_feed | Application authenticated
2026-04-30 10:06:46 | INFO     | ayumi.openapi_spot_feed | Account authenticated
2026-04-30 10:06:46 | INFO     | ayumi.openapi_spot_feed | Subscribed to spot events for symbol_id=2
2026-04-30 10:06:46 | INFO     | ayumi.openapi_spot_feed | Subscribed to spot events for symbol_id=4
2026-04-30 10:06:46 | INFO     | ayumi.openapi_spot_feed | Reconnection successful
2026-04-30 10:06:50 | INFO     | ayumi.openapi_spot_feed | Attempting reconnection...
2026-04-30 10:06:50 | INFO     | ayumi.openapi_spot_feed | Connected to demo.ctraderapi.com:5035
2026-04-30 10:06:50 | WARNING  | ayumi.openapi_spot_feed | Disconnected: [Failure instance: Traceback (failure with no frames): <class 'twisted.internet.error.ConnectionDone'>: Connection was closed cleanly.
]
2026-04-30 10:06:50 | INFO     | ayumi.openapi_spot_feed | Reconnect scheduled in 5.9s (attempt 1)
2026-04-30 10:06:51 | INFO     | ayumi.openapi_spot_feed | Application authenticated
2026-04-30 10:06:52 | INFO     | ayumi.openapi_spot_feed | Account authenticated
2026-04-30 10:06:52 | INFO     | ayumi.openapi_spot_feed | Subscribed to spot events for symbol_id=2
2026-04-30 10:06:52 | INFO     | ayumi.openapi_spot_feed | Subscribed to spot events for symbol_id=4
2026-04-30 10:06:52 | INFO     | ayumi.openapi_spot_feed | Reconnection successful
2026-04-30 10:06:56 | INFO     | ayumi.openapi_spot_feed | Attempting reconnection...
2026-04-30 10:06:56 | INFO     | ayumi.openapi_spot_feed | Connected to demo.ctraderapi.com:5035
2026-04-30 10:06:56 | WARNING  | ayumi.openapi_spot_feed | Disconnected: [Failure instance: Traceback (failure with no frames): <class 'twisted.internet.error.ConnectionDone'>: Connection was closed cleanly.
]
2026-04-30 10:06:56 | INFO     | ayumi.openapi_spot_feed | Reconnect scheduled in 5.8s (attempt 1)
2026-04-30 10:07:02 | INFO     | ayumi.openapi_spot_feed | Attempting reconnection...
2026-04-30 10:07:02 | INFO     | ayumi.openapi_spot_feed | Connected to demo.ctraderapi.com:5035
2026-04-30 10:07:02 | WARNING  | ayumi.openapi_spot_feed | Disconnected: [Failure instance: Traceback (failure with no frames): <class 'twisted.internet.error.ConnectionDone'>: Connection was closed cleanly.
]
2026-04-30 10:07:02 | INFO     | ayumi.openapi_spot_feed | Reconnect scheduled in 10.6s (attempt 2)
2026-04-30 10:07:03 | INFO     | ayumi.openapi_spot_feed | Application authenticated
2026-04-30 10:07:04 | INFO     | ayumi.openapi_spot_feed | Account authenticated
2026-04-30 10:07:04 | INFO     | ayumi.openapi_spot_feed | Subscribed to spot events for symbol_id=2
2026-04-30 10:07:04 | INFO     | ayumi.openapi_spot_feed | Subscribed to spot events for symbol_id=4
2026-04-30 10:07:04 | INFO     | ayumi.openapi_spot_feed | Reconnection successful
2026-04-30 10:07:06 | ERROR    | ayumi.openapi_spot_feed | Send-and-wait failed: [Failure instance: Traceback: <class 'twisted.internet.defer.TimeoutError'>: (10, 'Deferred')
/home/TacoPants/projects/Ayumi/.venv/lib/python3.12/site-packages/twisted/internet/defer.py:798:timeItOut
/home/TacoPants/projects/Ayumi/.venv/lib/python3.12/site-packages/twisted/internet/defer.py:957:cancel
/home/TacoPants/projects/Ayumi/.venv/lib/python3.12/site-packages/twisted/internet/defer.py:916:errback
/home/TacoPants/projects/Ayumi/.venv/lib/python3.12/site-packages/twisted/internet/defer.py:984:_startRunCallbacks
--- <exception caught here> ---
/home/TacoPants/projects/Ayumi/.venv/lib/python3.12/site-packages/twisted/internet/defer.py:1078:_runCallbacks
/home/TacoPants/projects/Ayumi/.venv/lib/python3.12/site-packages/twisted/internet/defer.py:809:convertCancelled
/home/TacoPants/projects/Ayumi/.venv/lib/python3.12/site-packages/twisted/internet/defer.py:293:_cancelledToTimedOutError
]
2026-04-30 10:07:06 | ERROR    | ayumi.openapi_spot_feed | Application auth failed
2026-04-30 10:07:06 | INFO     | ayumi.openapi_spot_feed | Reconnect scheduled in 6.3s (attempt 1)
2026-04-30 10:07:12 | INFO     | ayumi.openapi_spot_feed | Attempting reconnection...
2026-04-30 10:07:12 | INFO     | ayumi.openapi_spot_feed | Connected to demo.ctraderapi.com:5035
2026-04-30 10:07:12 | WARNING  | ayumi.openapi_spot_feed | Disconnected: [Failure instance: Traceback (failure with no frames): <class 'twisted.internet.error.ConnectionDone'>: Connection was closed cleanly.
]
2026-04-30 10:07:12 | INFO     | ayumi.openapi_spot_feed | Reconnect scheduled in 12.1s (attempt 2)
2026-04-30 10:07:12 | INFO     | ayumi.openapi_spot_feed | Attempting reconnection...
2026-04-30 10:07:12 | INFO     | ayumi.openapi_spot_feed | Connected to demo.ctraderapi.com:5035
2026-04-30 10:07:12 | WARNING  | ayumi.openapi_spot_feed | Disconnected: [Failure instance: Traceback (failure with no frames): <class 'twisted.internet.error.ConnectionDone'>: Connection was closed cleanly.
]
2026-04-30 10:07:12 | INFO     | ayumi.openapi_spot_feed | Reconnect scheduled in 25.8s (attempt 3)
2026-04-30 10:07:14 | INFO     | ayumi.openapi_spot_feed | Application authenticated
2026-04-30 10:07:15 | INFO     | ayumi.openapi_spot_feed | Account authenticated
2026-04-30 10:07:15 | INFO     | ayumi.openapi_spot_feed | Subscribed to spot events for symbol_id=2
2026-04-30 10:07:15 | INFO     | ayumi.openapi_spot_feed | Subscribed to spot events for symbol_id=4
2026-04-30 10:07:15 | INFO     | ayumi.openapi_spot_feed | Reconnection successful
2026-04-30 10:07:22 | ERROR    | ayumi.openapi_spot_feed | Send-and-wait failed: [Failure instance: Traceback: <class 'twisted.internet.defer.TimeoutError'>: (10, 'Deferred')
/home/TacoPants/projects/Ayumi/.venv/lib/python3.12/site-packages/twisted/internet/defer.py:798:timeItOut
/home/TacoPants/projects/Ayumi/.venv/lib/python3.12/site-packages/twisted/internet/defer.py:957:cancel
/home/TacoPants/projects/Ayumi/.venv/lib/python3.12/site-packages/twisted/internet/defer.py:916:errback
/home/TacoPants/projects/Ayumi/.venv/lib/python3.12/site-packages/twisted/internet/defer.py:984:_startRunCallbacks
--- <exception caught here> ---
/home/TacoPants/projects/Ayumi/.venv/lib/python3.12/site-packages/twisted/internet/defer.py:1078:_runCallbacks
/home/TacoPants/projects/Ayumi/.venv/lib/python3.12/site-packages/twisted/internet/defer.py:809:convertCancelled
/home/TacoPants/projects/Ayumi/.venv/lib/python3.12/site-packages/twisted/internet/defer.py:293:_cancelledToTimedOutError
]
2026-04-30 10:07:22 | ERROR    | ayumi.openapi_spot_feed | Application auth failed
2026-04-30 10:07:22 | INFO     | ayumi.openapi_spot_feed | Reconnect scheduled in 5.5s (attempt 1)
2026-04-30 10:07:24 | INFO     | ayumi.openapi_spot_feed | Attempting reconnection...
2026-04-30 10:07:24 | INFO     | ayumi.openapi_spot_feed | Connected to demo.ctraderapi.com:5035
2026-04-30 10:07:24 | WARNING  | ayumi.openapi_spot_feed | Disconnected: [Failure instance: Traceback (failure with no frames): <class 'twisted.internet.error.ConnectionDone'>: Connection was closed cleanly.
]
2026-04-30 10:07:24 | INFO     | ayumi.openapi_spot_feed | Reconnect scheduled in 12.7s (attempt 2)
2026-04-30 10:07:25 | INFO     | ayumi.openapi_spot_feed | Application authenticated
2026-04-30 10:07:26 | INFO     | ayumi.openapi_spot_feed | Account authenticated
2026-04-30 10:07:26 | INFO     | ayumi.openapi_spot_feed | Subscribed to spot events for symbol_id=2
2026-04-30 10:07:26 | INFO     | ayumi.openapi_spot_feed | Subscribed to spot events for symbol_id=4
2026-04-30 10:07:26 | INFO     | ayumi.openapi_spot_feed | Reconnection successful
2026-04-30 10:07:28 | INFO     | ayumi.openapi_spot_feed | Attempting reconnection...
2026-04-30 10:07:28 | INFO     | ayumi.openapi_spot_feed | Connected to demo.ctraderapi.com:5035
2026-04-30 10:07:28 | WARNING  | ayumi.openapi_spot_feed | Disconnected: [Failure instance: Traceback (failure with no frames): <class 'twisted.internet.error.ConnectionDone'>: Connection was closed cleanly.
]
2026-04-30 10:07:28 | INFO     | ayumi.openapi_spot_feed | Reconnect scheduled in 5.6s (attempt 1)
2026-04-30 10:07:29 | INFO     | ayumi.openapi_spot_feed | Application authenticated
2026-04-30 10:07:30 | INFO     | ayumi.openapi_spot_feed | Account authenticated
2026-04-30 10:07:30 | INFO     | ayumi.openapi_spot_feed | Subscribed to spot events for symbol_id=2
2026-04-30 10:07:30 | INFO     | ayumi.openapi_spot_feed | Subscribed to spot events for symbol_id=4
2026-04-30 10:07:30 | INFO     | ayumi.openapi_spot_feed | Reconnection successful
2026-04-30 10:07:33 | INFO     | ayumi.openapi_spot_feed | Attempting reconnection...
2026-04-30 10:07:33 | INFO     | ayumi.openapi_spot_feed | Connected to demo.ctraderapi.com:5035
2026-04-30 10:07:33 | WARNING  | ayumi.openapi_spot_feed | Disconnected: [Failure instance: Traceback (failure with no frames): <class 'twisted.internet.error.ConnectionDone'>: Connection was closed cleanly.
]
2026-04-30 10:07:33 | INFO     | ayumi.openapi_spot_feed | Reconnect scheduled in 5.9s (attempt 1)
2026-04-30 10:07:35 | INFO     | ayumi.openapi_spot_feed | Application authenticated
2026-04-30 10:07:36 | INFO     | ayumi.openapi_spot_feed | Account authenticated
2026-04-30 10:07:36 | INFO     | ayumi.openapi_spot_feed | Subscribed to spot events for symbol_id=2
2026-04-30 10:07:36 | INFO     | ayumi.openapi_spot_feed | Subscribed to spot events for symbol_id=4
2026-04-30 10:07:36 | INFO     | ayumi.openapi_spot_feed | Reconnection successful
2026-04-30 10:07:37 | INFO     | ayumi.openapi_spot_feed | Attempting reconnection...
2026-04-30 10:07:37 | INFO     | ayumi.openapi_spot_feed | Connected to demo.ctraderapi.com:5035
2026-04-30 10:07:37 | WARNING  | ayumi.openapi_spot_feed | Disconnected: [Failure instance: Traceback (failure with no frames): <class 'twisted.internet.error.ConnectionDone'>: Connection was closed cleanly.
]
2026-04-30 10:07:37 | INFO     | ayumi.openapi_spot_feed | Reconnect scheduled in 5.8s (attempt 1)
2026-04-30 10:07:38 | INFO     | ayumi.openapi_spot_feed | Application authenticated
2026-04-30 10:07:38 | INFO     | ayumi.openapi_spot_feed | Attempting reconnection...
2026-04-30 10:07:38 | INFO     | ayumi.openapi_spot_feed | Connected to demo.ctraderapi.com:5035
2026-04-30 10:07:38 | WARNING  | ayumi.openapi_spot_feed | Disconnected: [Failure instance: Traceback (failure with no frames): <class 'twisted.internet.error.ConnectionDone'>: Connection was closed cleanly.
]
2026-04-30 10:07:38 | INFO     | ayumi.openapi_spot_feed | Reconnect scheduled in 10.8s (attempt 2)
2026-04-30 10:07:39 | INFO     | ayumi.openapi_spot_feed | Attempting reconnection...
2026-04-30 10:07:39 | INFO     | ayumi.openapi_spot_feed | Connected to demo.ctraderapi.com:5035
2026-04-30 10:07:39 | INFO     | ayumi.openapi_spot_feed | Application authenticated
2026-04-30 10:07:39 | WARNING  | ayumi.openapi_spot_feed | Disconnected: [Failure instance: Traceback (failure with no frames): <class 'twisted.internet.error.ConnectionDone'>: Connection was closed cleanly.
]
2026-04-30 10:07:39 | INFO     | ayumi.openapi_spot_feed | Reconnect scheduled in 23.9s (attempt 3)
2026-04-30 10:07:41 | INFO     | ayumi.openapi_spot_feed | Application authenticated
2026-04-30 10:07:42 | INFO     | ayumi.openapi_spot_feed | Account authenticated
2026-04-30 10:07:42 | INFO     | ayumi.openapi_spot_feed | Subscribed to spot events for symbol_id=2
2026-04-30 10:07:42 | INFO     | ayumi.openapi_spot_feed | Subscribed to spot events for symbol_id=4
2026-04-30 10:07:42 | INFO     | ayumi.openapi_spot_feed | Reconnection successful
2026-04-30 10:07:43 | INFO     | ayumi.openapi_spot_feed | Attempting reconnection...
2026-04-30 10:07:43 | INFO     | ayumi.openapi_spot_feed | Connected to demo.ctraderapi.com:5035
2026-04-30 10:07:43 | WARNING  | ayumi.openapi_spot_feed | Disconnected: [Failure instance: Traceback (failure with no frames): <class 'twisted.internet.error.ConnectionDone'>: Connection was closed cleanly.
]
2026-04-30 10:07:43 | INFO     | ayumi.openapi_spot_feed | Reconnect scheduled in 6.5s (attempt 1)
2026-04-30 10:07:44 | INFO     | ayumi.openapi_spot_feed | Application authenticated
2026-04-30 10:07:45 | INFO     | ayumi.openapi_spot_feed | Account authenticated
2026-04-30 10:07:45 | INFO     | ayumi.openapi_spot_feed | Subscribed to spot events for symbol_id=2
2026-04-30 10:07:45 | INFO     | ayumi.openapi_spot_feed | Subscribed to spot events for symbol_id=4
2026-04-30 10:07:45 | INFO     | ayumi.openapi_spot_feed | Reconnection successful
2026-04-30 10:07:48 | ERROR    | ayumi.openapi_spot_feed | Send-and-wait failed: [Failure instance: Traceback: <class 'twisted.internet.defer.TimeoutError'>: (10, 'Deferred')
/home/TacoPants/projects/Ayumi/.venv/lib/python3.12/site-packages/twisted/internet/defer.py:798:timeItOut
/home/TacoPants/projects/Ayumi/.venv/lib/python3.12/site-packages/twisted/internet/defer.py:957:cancel
/home/TacoPants/projects/Ayumi/.venv/lib/python3.12/site-packages/twisted/internet/defer.py:916:errback
/home/TacoPants/projects/Ayumi/.venv/lib/python3.12/site-packages/twisted/internet/defer.py:984:_startRunCallbacks
--- <exception caught here> ---
/home/TacoPants/projects/Ayumi/.venv/lib/python3.12/site-packages/twisted/internet/defer.py:1078:_runCallbacks
/home/TacoPants/projects/Ayumi/.venv/lib/python3.12/site-packages/twisted/internet/defer.py:809:convertCancelled
/home/TacoPants/projects/Ayumi/.venv/lib/python3.12/site-packages/twisted/internet/defer.py:293:_cancelledToTimedOutError
]
2026-04-30 10:07:48 | ERROR    | ayumi.openapi_spot_feed | Account auth failed
2026-04-30 10:07:48 | INFO     | ayumi.openapi_spot_feed | Reconnect scheduled in 5.6s (attempt 1)
2026-04-30 10:07:49 | INFO     | ayumi.openapi_spot_feed | Attempting reconnection...
2026-04-30 10:07:49 | INFO     | ayumi.openapi_spot_feed | Connected to demo.ctraderapi.com:5035
2026-04-30 10:07:49 | WARNING  | ayumi.openapi_spot_feed | Disconnected: [Failure instance: Traceback (failure with no frames): <class 'twisted.internet.error.ConnectionDone'>: Connection was closed cleanly.
]
2026-04-30 10:07:49 | INFO     | ayumi.openapi_spot_feed | Reconnect scheduled in 11.9s (attempt 2)
2026-04-30 10:07:49 | ERROR    | ayumi.openapi_spot_feed | Send-and-wait failed: [Failure instance: Traceback: <class 'twisted.internet.defer.TimeoutError'>: (10, 'Deferred')
/home/TacoPants/projects/Ayumi/.venv/lib/python3.12/site-packages/twisted/internet/defer.py:798:timeItOut
/home/TacoPants/projects/Ayumi/.venv/lib/python3.12/site-packages/twisted/internet/defer.py:957:cancel
/home/TacoPants/projects/Ayumi/.venv/lib/python3.12/site-packages/twisted/internet/defer.py:916:errback
/home/TacoPants/projects/Ayumi/.venv/lib/python3.12/site-packages/twisted/internet/defer.py:984:_startRunCallbacks
--- <exception caught here> ---
/home/TacoPants/projects/Ayumi/.venv/lib/python3.12/site-packages/twisted/internet/defer.py:1078:_runCallbacks
/home/TacoPants/projects/Ayumi/.venv/lib/python3.12/site-packages/twisted/internet/defer.py:809:convertCancelled
/home/TacoPants/projects/Ayumi/.venv/lib/python3.12/site-packages/twisted/internet/defer.py:293:_cancelledToTimedOutError
]
2026-04-30 10:07:49 | ERROR    | ayumi.openapi_spot_feed | Account auth failed
2026-04-30 10:07:49 | INFO     | ayumi.openapi_spot_feed | Reconnect scheduled in 22.4s (attempt 3)
2026-04-30 10:07:50 | INFO     | ayumi.openapi_spot_feed | Attempting reconnection...
2026-04-30 10:07:50 | INFO     | ayumi.openapi_spot_feed | Connected to demo.ctraderapi.com:5035
2026-04-30 10:07:50 | WARNING  | ayumi.openapi_spot_feed | Disconnected: [Failure instance: Traceback (failure with no frames): <class 'twisted.internet.error.ConnectionDone'>: Connection was closed cleanly.
]
2026-04-30 10:07:50 | INFO     | ayumi.openapi_spot_feed | Reconnect scheduled in 50.5s (attempt 4)
2026-04-30 10:07:51 | INFO     | ayumi.openapi_spot_feed | Application authenticated
2026-04-30 10:07:52 | INFO     | ayumi.openapi_spot_feed | Account authenticated
2026-04-30 10:07:52 | INFO     | ayumi.openapi_spot_feed | Subscribed to spot events for symbol_id=2
2026-04-30 10:07:52 | INFO     | ayumi.openapi_spot_feed | Subscribed to spot events for symbol_id=4
2026-04-30 10:07:52 | INFO     | ayumi.openapi_spot_feed | Reconnection successful
2026-04-30 10:07:54 | INFO     | ayumi.openapi_spot_feed | Attempting reconnection...
2026-04-30 10:07:54 | INFO     | ayumi.openapi_spot_feed | Connected to demo.ctraderapi.com:5035
2026-04-30 10:07:54 | WARNING  | ayumi.openapi_spot_feed | Disconnected: [Failure instance: Traceback (failure with no frames): <class 'twisted.internet.error.ConnectionDone'>: Connection was closed cleanly.
]
2026-04-30 10:07:54 | INFO     | ayumi.openapi_spot_feed | Reconnect scheduled in 6.5s (attempt 1)
2026-04-30 10:07:55 | INFO     | ayumi.openapi_spot_feed | Application authenticated
2026-04-30 10:07:56 | INFO     | ayumi.openapi_spot_feed | Account authenticated
2026-04-30 10:07:56 | INFO     | ayumi.openapi_spot_feed | Subscribed to spot events for symbol_id=2
2026-04-30 10:07:56 | INFO     | ayumi.openapi_spot_feed | Subscribed to spot events for symbol_id=4
2026-04-30 10:07:56 | INFO     | ayumi.openapi_spot_feed | Reconnection successful
2026-04-30 10:07:59 | ERROR    | ayumi.openapi_spot_feed | Send-and-wait failed: [Failure instance: Traceback: <class 'twisted.internet.defer.TimeoutError'>: (10, 'Deferred')
/home/TacoPants/projects/Ayumi/.venv/lib/python3.12/site-packages/twisted/internet/defer.py:798:timeItOut
/home/TacoPants/projects/Ayumi/.venv/lib/python3.12/site-packages/twisted/internet/defer.py:957:cancel
/home/TacoPants/projects/Ayumi/.venv/lib/python3.12/site-packages/twisted/internet/defer.py:916:errback
/home/TacoPants/projects/Ayumi/.venv/lib/python3.12/site-packages/twisted/internet/defer.py:984:_startRunCallbacks
--- <exception caught here> ---
/home/TacoPants/projects/Ayumi/.venv/lib/python3.12/site-packages/twisted/internet/defer.py:1078:_runCallbacks
/home/TacoPants/projects/Ayumi/.venv/lib/python3.12/site-packages/twisted/internet/defer.py:809:convertCancelled
/home/TacoPants/projects/Ayumi/.venv/lib/python3.12/site-packages/twisted/internet/defer.py:293:_cancelledToTimedOutError
]
2026-04-30 10:07:59 | ERROR    | ayumi.openapi_spot_feed | Application auth failed
2026-04-30 10:07:59 | INFO     | ayumi.openapi_spot_feed | Reconnect scheduled in 5.8s (attempt 1)
2026-04-30 10:08:00 | INFO     | ayumi.openapi_spot_feed | Attempting reconnection...
2026-04-30 10:08:00 | INFO     | ayumi.openapi_spot_feed | Connected to demo.ctraderapi.com:5035
2026-04-30 10:08:01 | WARNING  | ayumi.openapi_spot_feed | Disconnected: [Failure instance: Traceback (failure with no frames): <class 'twisted.internet.error.ConnectionDone'>: Connection was closed cleanly.
]
2026-04-30 10:08:01 | INFO     | ayumi.openapi_spot_feed | Reconnect scheduled in 11.9s (attempt 2)
2026-04-30 10:08:01 | INFO     | ayumi.openapi_spot_feed | Attempting reconnection...
2026-04-30 10:08:01 | INFO     | ayumi.openapi_spot_feed | Connected to demo.ctraderapi.com:5035
2026-04-30 10:08:01 | WARNING  | ayumi.openapi_spot_feed | Disconnected: [Failure instance: Traceback (failure with no frames): <class 'twisted.internet.error.ConnectionDone'>: Connection was closed cleanly.
]
2026-04-30 10:08:01 | INFO     | ayumi.openapi_spot_feed | Reconnect scheduled in 24.5s (attempt 3)
2026-04-30 10:08:02 | INFO     | ayumi.openapi_spot_feed | Application authenticated
2026-04-30 10:08:03 | INFO     | ayumi.openapi_spot_feed | Attempting reconnection...
2026-04-30 10:08:03 | INFO     | ayumi.openapi_spot_feed | Connected to demo.ctraderapi.com:5035
2026-04-30 10:08:03 | INFO     | ayumi.openapi_spot_feed | Account authenticated
2026-04-30 10:08:03 | INFO     | ayumi.openapi_spot_feed | Subscribed to spot events for symbol_id=2
2026-04-30 10:08:03 | INFO     | ayumi.openapi_spot_feed | Subscribed to spot events for symbol_id=4
2026-04-30 10:08:03 | INFO     | ayumi.openapi_spot_feed | Reconnection successful
2026-04-30 10:08:03 | WARNING  | ayumi.openapi_spot_feed | Disconnected: [Failure instance: Traceback (failure with no frames): <class 'twisted.internet.error.ConnectionDone'>: Connection was closed cleanly.
]
2026-04-30 10:08:03 | INFO     | ayumi.openapi_spot_feed | Reconnect scheduled in 5.9s (attempt 1)
2026-04-30 10:08:04 | ERROR    | ayumi.openapi_spot_feed | API error: INVALID_REQUEST — Trading account is not authorized
2026-04-30 10:08:04 | ERROR    | ayumi.openapi_spot_feed | API error: INVALID_REQUEST — Trading account is not authorized
2026-04-30 10:08:04 | INFO     | ayumi.openapi_spot_feed | Account authenticated
2026-04-30 10:08:04 | INFO     | ayumi.openapi_spot_feed | Application authenticated
2026-04-30 10:08:05 | INFO     | ayumi.openapi_spot_feed | Attempting reconnection...
2026-04-30 10:08:05 | INFO     | ayumi.openapi_spot_feed | Connected to demo.ctraderapi.com:5035
2026-04-30 10:08:05 | WARNING  | ayumi.openapi_spot_feed | Disconnected: [Failure instance: Traceback (failure with no frames): <class 'twisted.internet.error.ConnectionDone'>: Connection was closed cleanly.
]
2026-04-30 10:08:05 | INFO     | ayumi.openapi_spot_feed | Reconnect scheduled in 11.1s (attempt 2)
2026-04-30 10:08:06 | INFO     | ayumi.openapi_spot_feed | Application authenticated
2026-04-30 10:08:07 | INFO     | ayumi.openapi_spot_feed | Account authenticated
2026-04-30 10:08:07 | INFO     | ayumi.openapi_spot_feed | Subscribed to spot events for symbol_id=2
2026-04-30 10:08:07 | INFO     | ayumi.openapi_spot_feed | Subscribed to spot events for symbol_id=4
2026-04-30 10:08:07 | INFO     | ayumi.openapi_spot_feed | Reconnection successful
2026-04-30 10:08:08 | INFO     | ayumi.orchestrator | Adapted signal: strategy=srmr_plus symbol=GBPUSD dir=SHORT conf=0.56 entry=1.35032 sl=1.35135 sl_dist=0.001026
2026-04-30 10:08:08 | INFO     | ayumi.orchestrator | Signal received: strategy=srmr_plus symbol=GBPUSD direction=SHORT confidence=0.558
2026-04-30 10:08:08 | INFO     | ayumi.orchestrator | Routing: strategy=srmr_plus symbol=GBPUSD → profile=Profile.SWARM
2026-04-30 10:08:08 | INFO     | ayumi.orchestrator | Signal accepted: strategy=srmr_plus symbol=GBPUSD lots=0.2400 risk=$25.00 sl=10.3pips
2026-04-30 10:08:08 | INFO     | ayumi.forward_test | Order accepted: GBPUSD SHORT 0.2400 lots risk=$25.00
2026-04-30 10:08:08 | INFO     | ayumi.blend_launcher | Signal accepted: srmr_plus short GBPUSD @ 1.35032 conf=0.56 lots=0.2400
2026-04-30 10:08:09 | INFO     | ayumi.openapi_spot_feed | Attempting reconnection...
2026-04-30 10:08:09 | INFO     | ayumi.openapi_spot_feed | Connected to demo.ctraderapi.com:5035
2026-04-30 10:08:09 | WARNING  | ayumi.openapi_spot_feed | Disconnected: [Failure instance: Traceback (failure with no frames): <class 'twisted.internet.error.ConnectionDone'>: Connection was closed cleanly.
]
2026-04-30 10:08:09 | INFO     | ayumi.openapi_spot_feed | Reconnect scheduled in 5.7s (attempt 1)
2026-04-30 10:08:10 | INFO     | ayumi.openapi_spot_feed | Application authenticated
2026-04-30 10:08:11 | ERROR    | ayumi.openapi_spot_feed | Send-and-wait failed: [Failure instance: Traceback: <class 'twisted.internet.defer.TimeoutError'>: (10, 'Deferred')
/home/TacoPants/projects/Ayumi/.venv/lib/python3.12/site-packages/twisted/internet/defer.py:798:timeItOut
/home/TacoPants/projects/Ayumi/.venv/lib/python3.12/site-packages/twisted/internet/defer.py:957:cancel
/home/TacoPants/projects/Ayumi/.venv/lib/python3.12/site-packages/twisted/internet/defer.py:916:errback
/home/TacoPants/projects/Ayumi/.venv/lib/python3.12/site-packages/twisted/internet/defer.py:984:_startRunCallbacks
--- <exception caught here> ---
/home/TacoPants/projects/Ayumi/.venv/lib/python3.12/site-packages/twisted/internet/defer.py:1078:_runCallbacks
/home/TacoPants/projects/Ayumi/.venv/lib/python3.12/site-packages/twisted/internet/defer.py:809:convertCancelled
/home/TacoPants/projects/Ayumi/.venv/lib/python3.12/site-packages/twisted/internet/defer.py:293:_cancelledToTimedOutError
]
2026-04-30 10:08:11 | ERROR    | ayumi.openapi_spot_feed | Application auth failed
2026-04-30 10:08:11 | INFO     | ayumi.openapi_spot_feed | Reconnect scheduled in 12.1s (attempt 2)
2026-04-30 10:08:11 | INFO     | ayumi.openapi_spot_feed | Account authenticated
2026-04-30 10:08:11 | INFO     | ayumi.openapi_spot_feed | Subscribed to spot events for symbol_id=2
2026-04-30 10:08:11 | INFO     | ayumi.openapi_spot_feed | Subscribed to spot events for symbol_id=4
2026-04-30 10:08:11 | INFO     | ayumi.openapi_spot_feed | Reconnection successful
2026-04-30 10:08:12 | INFO     | ayumi.openapi_spot_feed | Attempting reconnection...
2026-04-30 10:08:12 | INFO     | ayumi.openapi_spot_feed | Connected to demo.ctraderapi.com:5035
2026-04-30 10:08:12 | WARNING  | ayumi.openapi_spot_feed | Disconnected: [Failure instance: Traceback (failure with no frames): <class 'twisted.internet.error.ConnectionDone'>: Connection was closed cleanly.
]
2026-04-30 10:08:12 | INFO     | ayumi.openapi_spot_feed | Reconnect scheduled in 6.2s (attempt 1)
2026-04-30 10:08:12 | INFO     | ayumi.openapi_spot_feed | Attempting reconnection...
2026-04-30 10:08:13 | INFO     | ayumi.openapi_spot_feed | Connected to demo.ctraderapi.com:5035
2026-04-30 10:08:13 | WARNING  | ayumi.openapi_spot_feed | Disconnected: [Failure instance: Traceback (failure with no frames): <class 'twisted.internet.error.ConnectionDone'>: Connection was closed cleanly.
]
2026-04-30 10:08:13 | INFO     | ayumi.openapi_spot_feed | Reconnect scheduled in 11.9s (attempt 2)
2026-04-30 10:08:14 | INFO     | ayumi.openapi_spot_feed | Application authenticated
2026-04-30 10:08:14 | ERROR    | ayumi.openapi_spot_feed | Send-and-wait failed: [Failure instance: Traceback: <class 'twisted.internet.defer.TimeoutError'>: (10, 'Deferred')
/home/TacoPants/projects/Ayumi/.venv/lib/python3.12/site-packages/twisted/internet/defer.py:798:timeItOut
/home/TacoPants/projects/Ayumi/.venv/lib/python3.12/site-packages/twisted/internet/defer.py:957:cancel
/home/TacoPants/projects/Ayumi/.venv/lib/python3.12/site-packages/twisted/internet/defer.py:916:errback
/home/TacoPants/projects/Ayumi/.venv/lib/python3.12/site-packages/twisted/internet/defer.py:984:_startRunCallbacks
--- <exception caught here> ---
/home/TacoPants/projects/Ayumi/.venv/lib/python3.12/site-packages/twisted/internet/defer.py:1078:_runCallbacks
/home/TacoPants/projects/Ayumi/.venv/lib/python3.12/site-packages/twisted/internet/defer.py:809:convertCancelled
/home/TacoPants/projects/Ayumi/.venv/lib/python3.12/site-packages/twisted/internet/defer.py:293:_cancelledToTimedOutError
]
2026-04-30 10:08:14 | ERROR    | ayumi.openapi_spot_feed | Account auth failed
2026-04-30 10:08:14 | INFO     | ayumi.openapi_spot_feed | Reconnect scheduled in 22.2s (attempt 3)
2026-04-30 10:08:15 | INFO     | ayumi.openapi_spot_feed | Account authenticated
2026-04-30 10:08:15 | INFO     | ayumi.openapi_spot_feed | Subscribed to spot events for symbol_id=2
2026-04-30 10:08:15 | INFO     | ayumi.openapi_spot_feed | Subscribed to spot events for symbol_id=4
2026-04-30 10:08:15 | INFO     | ayumi.openapi_spot_feed | Reconnection successful
2026-04-30 10:08:15 | INFO     | ayumi.openapi_spot_feed | Attempting reconnection...
2026-04-30 10:08:15 | INFO     | ayumi.openapi_spot_feed | Connected to demo.ctraderapi.com:5035
2026-04-30 10:08:15 | WARNING  | ayumi.openapi_spot_feed | Disconnected: [Failure instance: Traceback (failure with no frames): <class 'twisted.internet.error.ConnectionDone'>: Connection was closed cleanly.
]
2026-04-30 10:08:15 | INFO     | ayumi.openapi_spot_feed | Reconnect scheduled in 5.7s (attempt 1)
2026-04-30 10:08:16 | INFO     | ayumi.openapi_spot_feed | Application authenticated
2026-04-30 10:08:16 | INFO     | ayumi.openapi_spot_feed | Attempting reconnection...
2026-04-30 10:08:16 | INFO     | ayumi.openapi_spot_feed | Connected to demo.ctraderapi.com:5035
2026-04-30 10:08:16 | WARNING  | ayumi.openapi_spot_feed | Disconnected: [Failure instance: Traceback (failure with no frames): <class 'twisted.internet.error.ConnectionDone'>: Connection was closed cleanly.
]
2026-04-30 10:08:16 | INFO     | ayumi.openapi_spot_feed | Reconnect scheduled in 10.7s (attempt 2)
2026-04-30 10:08:17 | INFO     | ayumi.openapi_spot_feed | Application authenticated
2026-04-30 10:08:18 | INFO     | ayumi.openapi_spot_feed | Attempting reconnection...
2026-04-30 10:08:18 | INFO     | ayumi.openapi_spot_feed | Connected to demo.ctraderapi.com:5035
2026-04-30 10:08:18 | WARNING  | ayumi.openapi_spot_feed | Disconnected: [Failure instance: Traceback (failure with no frames): <class 'twisted.internet.error.ConnectionDone'>: Connection was closed cleanly.
]
2026-04-30 10:08:18 | INFO     | ayumi.openapi_spot_feed | Reconnect scheduled in 20.8s (attempt 3)
2026-04-30 10:08:19 | INFO     | ayumi.openapi_spot_feed | Application authenticated
2026-04-30 10:08:20 | INFO     | ayumi.openapi_spot_feed | Account authenticated
2026-04-30 10:08:20 | INFO     | ayumi.openapi_spot_feed | Subscribed to spot events for symbol_id=2
2026-04-30 10:08:20 | INFO     | ayumi.openapi_spot_feed | Subscribed to spot events for symbol_id=4
2026-04-30 10:08:20 | INFO     | ayumi.openapi_spot_feed | Reconnection successful
2026-04-30 10:08:21 | INFO     | ayumi.openapi_spot_feed | Attempting reconnection...
2026-04-30 10:08:21 | INFO     | ayumi.openapi_spot_feed | Connected to demo.ctraderapi.com:5035
2026-04-30 10:08:21 | WARNING  | ayumi.openapi_spot_feed | Disconnected: [Failure instance: Traceback (failure with no frames): <class 'twisted.internet.error.ConnectionDone'>: Connection was closed cleanly.
]
2026-04-30 10:08:21 | INFO     | ayumi.openapi_spot_feed | Reconnect scheduled in 5.1s (attempt 1)
2026-04-30 10:08:22 | ERROR    | ayumi.openapi_spot_feed | Send-and-wait failed: [Failure instance: Traceback: <class 'twisted.internet.defer.TimeoutError'>: (10, 'Deferred')
/home/TacoPants/projects/Ayumi/.venv/lib/python3.12/site-packages/twisted/internet/defer.py:798:timeItOut
/home/TacoPants/projects/Ayumi/.venv/lib/python3.12/site-packages/twisted/internet/defer.py:957:cancel
/home/TacoPants/projects/Ayumi/.venv/lib/python3.12/site-packages/twisted/internet/defer.py:916:errback
/home/TacoPants/projects/Ayumi/.venv/lib/python3.12/site-packages/twisted/internet/defer.py:984:_startRunCallbacks
--- <exception caught here> ---
/home/TacoPants/projects/Ayumi/.venv/lib/python3.12/site-packages/twisted/internet/defer.py:1078:_runCallbacks
/home/TacoPants/projects/Ayumi/.venv/lib/python3.12/site-packages/twisted/internet/defer.py:809:convertCancelled
/home/TacoPants/projects/Ayumi/.venv/lib/python3.12/site-packages/twisted/internet/defer.py:293:_cancelledToTimedOutError
]
2026-04-30 10:08:22 | ERROR    | ayumi.openapi_spot_feed | Application auth failed
2026-04-30 10:08:22 | INFO     | ayumi.openapi_spot_feed | Reconnect scheduled in 11.2s (attempt 2)
2026-04-30 10:08:22 | INFO     | ayumi.openapi_spot_feed | Application authenticated
2026-04-30 10:08:23 | INFO     | ayumi.openapi_spot_feed | Attempting reconnection...
2026-04-30 10:08:23 | INFO     | ayumi.openapi_spot_feed | Connected to demo.ctraderapi.com:5035
2026-04-30 10:08:23 | WARNING  | ayumi.openapi_spot_feed | Disconnected: [Failure instance: Traceback (failure with no frames): <class 'twisted.internet.error.ConnectionDone'>: Connection was closed cleanly.
]
2026-04-30 10:08:23 | INFO     | ayumi.openapi_spot_feed | Reconnect scheduled in 25.3s (attempt 3)
2026-04-30 10:08:24 | INFO     | ayumi.openapi_spot_feed | Application authenticated
2026-04-30 10:08:24 | INFO     | ayumi.openapi_spot_feed | Attempting reconnection...
2026-04-30 10:08:25 | INFO     | ayumi.openapi_spot_feed | Connected to demo.ctraderapi.com:5035
2026-04-30 10:08:25 | WARNING  | ayumi.openapi_spot_feed | Disconnected: [Failure instance: Traceback (failure with no frames): <class 'twisted.internet.error.ConnectionDone'>: Connection was closed cleanly.
]
2026-04-30 10:08:25 | INFO     | ayumi.openapi_spot_feed | Reconnect scheduled in 40.8s (attempt 4)
2026-04-30 10:08:26 | INFO     | ayumi.openapi_spot_feed | Application authenticated
2026-04-30 10:08:26 | INFO     | ayumi.openapi_spot_feed | Attempting reconnection...
2026-04-30 10:08:26 | INFO     | ayumi.openapi_spot_feed | Connected to demo.ctraderapi.com:5035
2026-04-30 10:08:26 | WARNING  | ayumi.openapi_spot_feed | Disconnected: [Failure instance: Traceback (failure with no frames): <class 'twisted.internet.error.ConnectionDone'>: Connection was closed cleanly.
]
2026-04-30 10:08:26 | INFO     | ayumi.openapi_spot_feed | Reconnect scheduled in 81.1s (attempt 5)
2026-04-30 10:08:26 | INFO     | ayumi.openapi_spot_feed | Attempting reconnection...
2026-04-30 10:08:26 | INFO     | ayumi.openapi_spot_feed | Connected to demo.ctraderapi.com:5035
2026-04-30 10:08:26 | WARNING  | ayumi.openapi_spot_feed | Disconnected: [Failure instance: Traceback (failure with no frames): <class 'twisted.internet.error.ConnectionDone'>: Connection was closed cleanly.
]
2026-04-30 10:08:26 | INFO     | ayumi.openapi_spot_feed | Reconnect scheduled in 132.6s (attempt 6)
2026-04-30 10:08:26 | ERROR    | ayumi.openapi_spot_feed | Send-and-wait failed: [Failure instance: Traceback: <class 'twisted.internet.defer.TimeoutError'>: (10, 'Deferred')
/home/TacoPants/projects/Ayumi/.venv/lib/python3.12/site-packages/twisted/internet/defer.py:798:timeItOut
/home/TacoPants/projects/Ayumi/.venv/lib/python3.12/site-packages/twisted/internet/defer.py:957:cancel
/home/TacoPants/projects/Ayumi/.venv/lib/python3.12/site-packages/twisted/internet/defer.py:916:errback
/home/TacoPants/projects/Ayumi/.venv/lib/python3.12/site-packages/twisted/internet/defer.py:984:_startRunCallbacks
--- <exception caught here> ---
/home/TacoPants/projects/Ayumi/.venv/lib/python3.12/site-packages/twisted/internet/defer.py:1078:_runCallbacks
/home/TacoPants/projects/Ayumi/.venv/lib/python3.12/site-packages/twisted/internet/defer.py:809:convertCancelled
/home/TacoPants/projects/Ayumi/.venv/lib/python3.12/site-packages/twisted/internet/defer.py:293:_cancelledToTimedOutError
]
2026-04-30 10:08:26 | ERROR    | ayumi.openapi_spot_feed | Account auth failed
2026-04-30 10:08:26 | INFO     | ayumi.openapi_spot_feed | Reconnect scheduled in 135.0s (attempt 7)
2026-04-30 10:08:27 | INFO     | ayumi.openapi_spot_feed | Attempting reconnection...
2026-04-30 10:08:27 | INFO     | ayumi.openapi_spot_feed | Connected to demo.ctraderapi.com:5035
2026-04-30 10:08:27 | WARNING  | ayumi.openapi_spot_feed | Disconnected: [Failure instance: Traceback (failure with no frames): <class 'twisted.internet.error.ConnectionDone'>: Connection was closed cleanly.
]
2026-04-30 10:08:27 | INFO     | ayumi.openapi_spot_feed | Reconnect scheduled in 144.8s (attempt 8)
2026-04-30 10:08:27 | ERROR    | ayumi.openapi_spot_feed | Send-and-wait failed: [Failure instance: Traceback: <class 'twisted.internet.defer.TimeoutError'>: (10, 'Deferred')
/home/TacoPants/projects/Ayumi/.venv/lib/python3.12/site-packages/twisted/internet/defer.py:798:timeItOut
/home/TacoPants/projects/Ayumi/.venv/lib/python3.12/site-packages/twisted/internet/defer.py:957:cancel
/home/TacoPants/projects/Ayumi/.venv/lib/python3.12/site-packages/twisted/internet/defer.py:916:errback
/home/TacoPants/projects/Ayumi/.venv/lib/python3.12/site-packages/twisted/internet/defer.py:984:_startRunCallbacks
--- <exception caught here> ---
/home/TacoPants/projects/Ayumi/.venv/lib/python3.12/site-packages/twisted/internet/defer.py:1078:_runCallbacks
/home/TacoPants/projects/Ayumi/.venv/lib/python3.12/site-packages/twisted/internet/defer.py:809:convertCancelled
/home/TacoPants/projects/Ayumi/.venv/lib/python3.12/site-packages/twisted/internet/defer.py:293:_cancelledToTimedOutError
]
2026-04-30 10:08:27 | ERROR    | ayumi.openapi_spot_feed | Account auth failed
2026-04-30 10:08:27 | INFO     | ayumi.openapi_spot_feed | Reconnect scheduled in 130.4s (attempt 9)
2026-04-30 10:08:32 | ERROR    | ayumi.openapi_spot_feed | Send-and-wait failed: [Failure instance: Traceback: <class 'twisted.internet.defer.TimeoutError'>: (10, 'Deferred')
/home/TacoPants/projects/Ayumi/.venv/lib/python3.12/site-packages/twisted/internet/defer.py:798:timeItOut
/home/TacoPants/projects/Ayumi/.venv/lib/python3.12/site-packages/twisted/internet/defer.py:957:cancel
/home/TacoPants/projects/Ayumi/.venv/lib/python3.12/site-packages/twisted/internet/defer.py:916:errback
/home/TacoPants/projects/Ayumi/.venv/lib/python3.12/site-packages/twisted/internet/defer.py:984:_startRunCallbacks
--- <exception caught here> ---
/home/TacoPants/projects/Ayumi/.venv/lib/python3.12/site-packages/twisted/internet/defer.py:1078:_runCallbacks
/home/TacoPants/projects/Ayumi/.venv/lib/python3.12/site-packages/twisted/internet/defer.py:809:convertCancelled
/home/TacoPants/projects/Ayumi/.venv/lib/python3.12/site-packages/twisted/internet/defer.py:293:_cancelledToTimedOutError
]
2026-04-30 10:08:32 | ERROR    | ayumi.openapi_spot_feed | Account auth failed
2026-04-30 10:08:32 | INFO     | ayumi.openapi_spot_feed | Reconnect scheduled in 126.0s (attempt 10)
2026-04-30 10:08:33 | INFO     | ayumi.openapi_spot_feed | Attempting reconnection...
2026-04-30 10:08:33 | INFO     | ayumi.openapi_spot_feed | Connected to demo.ctraderapi.com:5035
2026-04-30 10:08:33 | WARNING  | ayumi.openapi_spot_feed | Disconnected: [Failure instance: Traceback (failure with no frames): <class 'twisted.internet.error.ConnectionDone'>: Connection was closed cleanly.
]
2026-04-30 10:08:33 | INFO     | ayumi.openapi_spot_feed | Reconnect scheduled in 152.0s (attempt 11)
2026-04-30 10:08:34 | ERROR    | ayumi.openapi_spot_feed | Send-and-wait failed: [Failure instance: Traceback: <class 'twisted.internet.defer.TimeoutError'>: (10, 'Deferred')
/home/TacoPants/projects/Ayumi/.venv/lib/python3.12/site-packages/twisted/internet/defer.py:798:timeItOut
/home/TacoPants/projects/Ayumi/.venv/lib/python3.12/site-packages/twisted/internet/defer.py:957:cancel
/home/TacoPants/projects/Ayumi/.venv/lib/python3.12/site-packages/twisted/internet/defer.py:916:errback
/home/TacoPants/projects/Ayumi/.venv/lib/python3.12/site-packages/twisted/internet/defer.py:984:_startRunCallbacks
--- <exception caught here> ---
/home/TacoPants/projects/Ayumi/.venv/lib/python3.12/site-packages/twisted/internet/defer.py:1078:_runCallbacks
/home/TacoPants/projects/Ayumi/.venv/lib/python3.12/site-packages/twisted/internet/defer.py:809:convertCancelled
/home/TacoPants/projects/Ayumi/.venv/lib/python3.12/site-packages/twisted/internet/defer.py:293:_cancelledToTimedOutError
]
2026-04-30 10:08:34 | ERROR    | ayumi.openapi_spot_feed | Account auth failed
2026-04-30 10:08:34 | INFO     | ayumi.openapi_spot_feed | Reconnect scheduled in 145.4s (attempt 12)
2026-04-30 10:08:34 | INFO     | ayumi.openapi_spot_feed | Application authenticated
2026-04-30 10:08:35 | INFO     | ayumi.openapi_spot_feed | Account authenticated
2026-04-30 10:08:35 | INFO     | ayumi.openapi_spot_feed | Subscribed to spot events for symbol_id=2
2026-04-30 10:08:35 | INFO     | ayumi.openapi_spot_feed | Subscribed to spot events for symbol_id=4
2026-04-30 10:08:35 | INFO     | ayumi.openapi_spot_feed | Reconnection successful
2026-04-30 10:08:36 | ERROR    | ayumi.openapi_spot_feed | Send-and-wait failed: [Failure instance: Traceback: <class 'twisted.internet.defer.TimeoutError'>: (10, 'Deferred')
/home/TacoPants/projects/Ayumi/.venv/lib/python3.12/site-packages/twisted/internet/defer.py:798:timeItOut
/home/TacoPants/projects/Ayumi/.venv/lib/python3.12/site-packages/twisted/internet/defer.py:957:cancel
/home/TacoPants/projects/Ayumi/.venv/lib/python3.12/site-packages/twisted/internet/defer.py:916:errback
/home/TacoPants/projects/Ayumi/.venv/lib/python3.12/site-packages/twisted/internet/defer.py:984:_startRunCallbacks
--- <exception caught here> ---
/home/TacoPants/projects/Ayumi/.venv/lib/python3.12/site-packages/twisted/internet/defer.py:1078:_runCallbacks
/home/TacoPants/projects/Ayumi/.venv/lib/python3.12/site-packages/twisted/internet/defer.py:809:convertCancelled
/home/TacoPants/projects/Ayumi/.venv/lib/python3.12/site-packages/twisted/internet/defer.py:293:_cancelledToTimedOutError
]
2026-04-30 10:08:36 | ERROR    | ayumi.openapi_spot_feed | Account auth failed
2026-04-30 10:08:36 | INFO     | ayumi.openapi_spot_feed | Reconnect scheduled in 5.5s (attempt 1)
2026-04-30 10:08:36 | ERROR    | ayumi.openapi_spot_feed | Send-and-wait failed: [Failure instance: Traceback: <class 'twisted.internet.defer.TimeoutError'>: (10, 'Deferred')
/home/TacoPants/projects/Ayumi/.venv/lib/python3.12/site-packages/twisted/internet/defer.py:798:timeItOut
/home/TacoPants/projects/Ayumi/.venv/lib/python3.12/site-packages/twisted/internet/defer.py:957:cancel
/home/TacoPants/projects/Ayumi/.venv/lib/python3.12/site-packages/twisted/internet/defer.py:916:errback
/home/TacoPants/projects/Ayumi/.venv/lib/python3.12/site-packages/twisted/internet/defer.py:984:_startRunCallbacks
--- <exception caught here> ---
/home/TacoPants/projects/Ayumi/.venv/lib/python3.12/site-packages/twisted/internet/defer.py:1078:_runCallbacks
/home/TacoPants/projects/Ayumi/.venv/lib/python3.12/site-packages/twisted/internet/defer.py:809:convertCancelled
/home/TacoPants/projects/Ayumi/.venv/lib/python3.12/site-packages/twisted/internet/defer.py:293:_cancelledToTimedOutError
]
2026-04-30 10:08:36 | ERROR    | ayumi.openapi_spot_feed | Application auth failed
2026-04-30 10:08:36 | INFO     | ayumi.openapi_spot_feed | Reconnect scheduled in 12.3s (attempt 2)
2026-04-30 10:08:36 | ERROR    | ayumi.openapi_spot_feed | Send-and-wait failed: [Failure instance: Traceback: <class 'twisted.internet.defer.TimeoutError'>: (10, 'Deferred')
/home/TacoPants/projects/Ayumi/.venv/lib/python3.12/site-packages/twisted/internet/defer.py:798:timeItOut
/home/TacoPants/projects/Ayumi/.venv/lib/python3.12/site-packages/twisted/internet/defer.py:957:cancel
/home/TacoPants/projects/Ayumi/.venv/lib/python3.12/site-packages/twisted/internet/defer.py:916:errback
/home/TacoPants/projects/Ayumi/.venv/lib/python3.12/site-packages/twisted/internet/defer.py:984:_startRunCallbacks
--- <exception caught here> ---
/home/TacoPants/projects/Ayumi/.venv/lib/python3.12/site-packages/twisted/internet/defer.py:1078:_runCallbacks
/home/TacoPants/projects/Ayumi/.venv/lib/python3.12/site-packages/twisted/internet/defer.py:809:convertCancelled
/home/TacoPants/projects/Ayumi/.venv/lib/python3.12/site-packages/twisted/internet/defer.py:293:_cancelledToTimedOutError
]
2026-04-30 10:08:36 | ERROR    | ayumi.openapi_spot_feed | Application auth failed
2026-04-30 10:08:36 | INFO     | ayumi.openapi_spot_feed | Reconnect scheduled in 22.3s (attempt 3)
2026-04-30 10:08:36 | INFO     | ayumi.blend_launcher | Signal blocked: srmr_plus | short GBPUSD conf=0.58 — correlation_block: srmr_plus already holds GBPUSD/short
2026-04-30 10:08:37 | INFO     | ayumi.openapi_spot_feed | Attempting reconnection...
2026-04-30 10:08:37 | INFO     | ayumi.openapi_spot_feed | Connected to demo.ctraderapi.com:5035
2026-04-30 10:08:37 | WARNING  | ayumi.openapi_spot_feed | Disconnected: [Failure instance: Traceback (failure with no frames): <class 'twisted.internet.error.ConnectionDone'>: Connection was closed cleanly.
]
2026-04-30 10:08:37 | INFO     | ayumi.openapi_spot_feed | Reconnect scheduled in 41.4s (attempt 4)
2026-04-30 10:08:37 | ERROR    | ayumi.openapi_spot_feed | Send-and-wait failed: [Failure instance: Traceback: <class 'twisted.internet.defer.TimeoutError'>: (10, 'Deferred')
/home/TacoPants/projects/Ayumi/.venv/lib/python3.12/site-packages/twisted/internet/defer.py:798:timeItOut
/home/TacoPants/projects/Ayumi/.venv/lib/python3.12/site-packages/twisted/internet/defer.py:957:cancel
/home/TacoPants/projects/Ayumi/.venv/lib/python3.12/site-packages/twisted/internet/defer.py:916:errback
/home/TacoPants/projects/Ayumi/.venv/lib/python3.12/site-packages/twisted/internet/defer.py:984:_startRunCallbacks
--- <exception caught here> ---
/home/TacoPants/projects/Ayumi/.venv/lib/python3.12/site-packages/twisted/internet/defer.py:1078:_runCallbacks
/home/TacoPants/projects/Ayumi/.venv/lib/python3.12/site-packages/twisted/internet/defer.py:809:convertCancelled
/home/TacoPants/projects/Ayumi/.venv/lib/python3.12/site-packages/twisted/internet/defer.py:293:_cancelledToTimedOutError
]
2026-04-30 10:08:37 | ERROR    | ayumi.openapi_spot_feed | Application auth failed
2026-04-30 10:08:37 | INFO     | ayumi.openapi_spot_feed | Reconnect scheduled in 94.7s (attempt 5)
2026-04-30 10:08:38 | INFO     | ayumi.openapi_spot_feed | Application authenticated
2026-04-30 10:08:39 | INFO     | ayumi.openapi_spot_feed | Account authenticated
2026-04-30 10:08:39 | INFO     | ayumi.openapi_spot_feed | Subscribed to spot events for symbol_id=2
2026-04-30 10:08:39 | INFO     | ayumi.openapi_spot_feed | Subscribed to spot events for symbol_id=4
2026-04-30 10:08:39 | INFO     | ayumi.openapi_spot_feed | Reconnection successful
2026-04-30 10:08:39 | INFO     | ayumi.openapi_spot_feed | Attempting reconnection...
2026-04-30 10:08:39 | INFO     | ayumi.openapi_spot_feed | Connected to demo.ctraderapi.com:5035
2026-04-30 10:08:39 | WARNING  | ayumi.openapi_spot_feed | Disconnected: [Failure instance: Traceback (failure with no frames): <class 'twisted.internet.error.ConnectionDone'>: Connection was closed cleanly.
]
2026-04-30 10:08:39 | INFO     | ayumi.openapi_spot_feed | Reconnect scheduled in 5.2s (attempt 1)
2026-04-30 10:08:40 | INFO     | ayumi.openapi_spot_feed | Attempting reconnection...
2026-04-30 10:08:40 | INFO     | ayumi.openapi_spot_feed | Connected to demo.ctraderapi.com:5035
2026-04-30 10:08:40 | WARNING  | ayumi.openapi_spot_feed | Disconnected: [Failure instance: Traceback (failure with no frames): <class 'twisted.internet.error.ConnectionDone'>: Connection was closed cleanly.
]
2026-04-30 10:08:40 | INFO     | ayumi.openapi_spot_feed | Reconnect scheduled in 10.1s (attempt 2)
2026-04-30 10:08:41 | INFO     | ayumi.openapi_spot_feed | Attempting reconnection...
2026-04-30 10:08:41 | INFO     | ayumi.openapi_spot_feed | Connected to demo.ctraderapi.com:5035
2026-04-30 10:08:41 | WARNING  | ayumi.openapi_spot_feed | Disconnected: [Failure instance: Traceback (failure with no frames): <class 'twisted.internet.error.ConnectionDone'>: Connection was closed cleanly.
]
2026-04-30 10:08:41 | INFO     | ayumi.openapi_spot_feed | Reconnect scheduled in 21.3s (attempt 3)
2026-04-30 10:08:42 | INFO     | ayumi.openapi_spot_feed | Application authenticated
2026-04-30 10:08:43 | INFO     | ayumi.openapi_spot_feed | Account authenticated
2026-04-30 10:08:43 | INFO     | ayumi.openapi_spot_feed | Subscribed to spot events for symbol_id=2
2026-04-30 10:08:43 | INFO     | ayumi.openapi_spot_feed | Subscribed to spot events for symbol_id=4
2026-04-30 10:08:43 | INFO     | ayumi.openapi_spot_feed | Reconnection successful
2026-04-30 10:08:44 | INFO     | ayumi.openapi_spot_feed | Attempting reconnection...
2026-04-30 10:08:45 | INFO     | ayumi.openapi_spot_feed | Connected to demo.ctraderapi.com:5035
2026-04-30 10:08:45 | WARNING  | ayumi.openapi_spot_feed | Disconnected: [Failure instance: Traceback (failure with no frames): <class 'twisted.internet.error.ConnectionDone'>: Connection was closed cleanly.
]
2026-04-30 10:08:45 | INFO     | ayumi.openapi_spot_feed | Reconnect scheduled in 5.3s (attempt 1)
2026-04-30 10:08:46 | INFO     | ayumi.openapi_spot_feed | Application authenticated
2026-04-30 10:08:47 | INFO     | ayumi.openapi_spot_feed | Account authenticated
2026-04-30 10:08:47 | INFO     | ayumi.openapi_spot_feed | Subscribed to spot events for symbol_id=2
2026-04-30 10:08:47 | INFO     | ayumi.openapi_spot_feed | Subscribed to spot events for symbol_id=4
2026-04-30 10:08:47 | INFO     | ayumi.openapi_spot_feed | Reconnection successful
2026-04-30 10:08:48 | INFO     | ayumi.openapi_spot_feed | Attempting reconnection...
2026-04-30 10:08:48 | INFO     | ayumi.openapi_spot_feed | Connected to demo.ctraderapi.com:5035
2026-04-30 10:08:48 | WARNING  | ayumi.openapi_spot_feed | Disconnected: [Failure instance: Traceback (failure with no frames): <class 'twisted.internet.error.ConnectionDone'>: Connection was closed cleanly.
]
2026-04-30 10:08:48 | INFO     | ayumi.openapi_spot_feed | Reconnect scheduled in 5.4s (attempt 1)
2026-04-30 10:08:48 | INFO     | ayumi.openapi_spot_feed | Attempting reconnection...
2026-04-30 10:08:48 | INFO     | ayumi.openapi_spot_feed | Connected to demo.ctraderapi.com:5035
2026-04-30 10:08:48 | WARNING  | ayumi.openapi_spot_feed | Disconnected: [Failure instance: Traceback (failure with no frames): <class 'twisted.internet.error.ConnectionDone'>: Connection was closed cleanly.
]
2026-04-30 10:08:48 | INFO     | ayumi.openapi_spot_feed | Reconnect scheduled in 11.1s (attempt 2)
2026-04-30 10:08:49 | ERROR    | ayumi.openapi_spot_feed | Send-and-wait failed: [Failure instance: Traceback: <class 'twisted.internet.defer.TimeoutError'>: (10, 'Deferred')
/home/TacoPants/projects/Ayumi/.venv/lib/python3.12/site-packages/twisted/internet/defer.py:798:timeItOut
/home/TacoPants/projects/Ayumi/.venv/lib/python3.12/site-packages/twisted/internet/defer.py:957:cancel
/home/TacoPants/projects/Ayumi/.venv/lib/python3.12/site-packages/twisted/internet/defer.py:916:errback
/home/TacoPants/projects/Ayumi/.venv/lib/python3.12/site-packages/twisted/internet/defer.py:984:_startRunCallbacks
--- <exception caught here> ---
/home/TacoPants/projects/Ayumi/.venv/lib/python3.12/site-packages/twisted/internet/defer.py:1078:_runCallbacks
/home/TacoPants/projects/Ayumi/.venv/lib/python3.12/site-packages/twisted/internet/defer.py:809:convertCancelled
/home/TacoPants/projects/Ayumi/.venv/lib/python3.12/site-packages/twisted/internet/defer.py:293:_cancelledToTimedOutError
]
2026-04-30 10:08:49 | ERROR    | ayumi.openapi_spot_feed | Application auth failed
2026-04-30 10:08:49 | INFO     | ayumi.openapi_spot_feed | Reconnect scheduled in 24.5s (attempt 3)
2026-04-30 10:08:49 | INFO     | ayumi.openapi_spot_feed | Application authenticated
2026-04-30 10:08:50 | INFO     | ayumi.openapi_spot_feed | Attempting reconnection...
2026-04-30 10:08:50 | INFO     | ayumi.openapi_spot_feed | Connected to demo.ctraderapi.com:5035
2026-04-30 10:08:50 | WARNING  | ayumi.openapi_spot_feed | Disconnected: [Failure instance: Traceback (failure with no frames): <class 'twisted.internet.error.ConnectionDone'>: Connection was closed cleanly.
]
2026-04-30 10:08:50 | INFO     | ayumi.openapi_spot_feed | Reconnect scheduled in 40.9s (attempt 4)
2026-04-30 10:08:50 | ERROR    | ayumi.openapi_spot_feed | Send-and-wait failed: [Failure instance: Traceback: <class 'twisted.internet.defer.TimeoutError'>: (10, 'Deferred')
/home/TacoPants/projects/Ayumi/.venv/lib/python3.12/site-packages/twisted/internet/defer.py:798:timeItOut
/home/TacoPants/projects/Ayumi/.venv/lib/python3.12/site-packages/twisted/internet/defer.py:957:cancel
/home/TacoPants/projects/Ayumi/.venv/lib/python3.12/site-packages/twisted/internet/defer.py:916:errback
/home/TacoPants/projects/Ayumi/.venv/lib/python3.12/site-packages/twisted/internet/defer.py:984:_startRunCallbacks
--- <exception caught here> ---
/home/TacoPants/projects/Ayumi/.venv/lib/python3.12/site-packages/twisted/internet/defer.py:1078:_runCallbacks
/home/TacoPants/projects/Ayumi/.venv/lib/python3.12/site-packages/twisted/internet/defer.py:809:convertCancelled
/home/TacoPants/projects/Ayumi/.venv/lib/python3.12/site-packages/twisted/internet/defer.py:293:_cancelledToTimedOutError
]
2026-04-30 10:08:50 | ERROR    | ayumi.openapi_spot_feed | Application auth failed
2026-04-30 10:08:50 | INFO     | ayumi.openapi_spot_feed | Reconnect scheduled in 94.7s (attempt 5)
2026-04-30 10:08:50 | INFO     | ayumi.openapi_spot_feed | Attempting reconnection...
2026-04-30 10:08:50 | INFO     | ayumi.openapi_spot_feed | Connected to demo.ctraderapi.com:5035
2026-04-30 10:08:50 | WARNING  | ayumi.openapi_spot_feed | Disconnected: [Failure instance: Traceback (failure with no frames): <class 'twisted.internet.error.ConnectionDone'>: Connection was closed cleanly.
]
2026-04-30 10:08:50 | INFO     | ayumi.openapi_spot_feed | Reconnect scheduled in 133.7s (attempt 6)
2026-04-30 10:08:51 | INFO     | ayumi.openapi_spot_feed | Application authenticated
2026-04-30 10:08:52 | INFO     | ayumi.openapi_spot_feed | Account authenticated
2026-04-30 10:08:52 | INFO     | ayumi.openapi_spot_feed | Subscribed to spot events for symbol_id=2
2026-04-30 10:08:52 | INFO     | ayumi.openapi_spot_feed | Subscribed to spot events for symbol_id=4
2026-04-30 10:08:52 | INFO     | ayumi.openapi_spot_feed | Reconnection successful
2026-04-30 10:08:53 | INFO     | ayumi.blend_launcher | Signal blocked: srmr_plus | short GBPUSD conf=0.59 — correlation_block: srmr_plus already holds GBPUSD/short
2026-04-30 10:08:54 | INFO     | ayumi.openapi_spot_feed | Attempting reconnection...
2026-04-30 10:08:54 | INFO     | ayumi.openapi_spot_feed | Connected to demo.ctraderapi.com:5035
2026-04-30 10:08:54 | WARNING  | ayumi.openapi_spot_feed | Disconnected: [Failure instance: Traceback (failure with no frames): <class 'twisted.internet.error.ConnectionDone'>: Connection was closed cleanly.
]
2026-04-30 10:08:54 | INFO     | ayumi.openapi_spot_feed | Reconnect scheduled in 6.4s (attempt 1)
2026-04-30 10:08:55 | INFO     | ayumi.openapi_spot_feed | Application authenticated
2026-04-30 10:08:56 | INFO     | ayumi.openapi_spot_feed | Account authenticated
2026-04-30 10:08:56 | INFO     | ayumi.openapi_spot_feed | Subscribed to spot events for symbol_id=2
2026-04-30 10:08:56 | INFO     | ayumi.openapi_spot_feed | Subscribed to spot events for symbol_id=4
2026-04-30 10:08:56 | INFO     | ayumi.openapi_spot_feed | Reconnection successful
2026-04-30 10:08:57 | INFO     | ayumi.blend_launcher | Signal blocked: srmr_plus | short GBPUSD conf=0.59 — correlation_block: srmr_plus already holds GBPUSD/short
2026-04-30 10:08:58 | ERROR    | ayumi.openapi_spot_feed | Send-and-wait failed: [Failure instance: Traceback: <class 'twisted.internet.defer.TimeoutError'>: (10, 'Deferred')
/home/TacoPants/projects/Ayumi/.venv/lib/python3.12/site-packages/twisted/internet/defer.py:798:timeItOut
/home/TacoPants/projects/Ayumi/.venv/lib/python3.12/site-packages/twisted/internet/defer.py:957:cancel
/home/TacoPants/projects/Ayumi/.venv/lib/python3.12/site-packages/twisted/internet/defer.py:916:errback
/home/TacoPants/projects/Ayumi/.venv/lib/python3.12/site-packages/twisted/internet/defer.py:984:_startRunCallbacks
--- <exception caught here> ---
/home/TacoPants/projects/Ayumi/.venv/lib/python3.12/site-packages/twisted/internet/defer.py:1078:_runCallbacks
/home/TacoPants/projects/Ayumi/.venv/lib/python3.12/site-packages/twisted/internet/defer.py:809:convertCancelled
/home/TacoPants/projects/Ayumi/.venv/lib/python3.12/site-packages/twisted/internet/defer.py:293:_cancelledToTimedOutError
]
2026-04-30 10:08:58 | ERROR    | ayumi.openapi_spot_feed | Application auth failed
2026-04-30 10:08:58 | INFO     | ayumi.openapi_spot_feed | Reconnect scheduled in 5.1s (attempt 1)
2026-04-30 10:08:58 | INFO     | ayumi.openapi_spot_feed | Attempting reconnection...
2026-04-30 10:08:58 | INFO     | ayumi.openapi_spot_feed | Connected to demo.ctraderapi.com:5035
2026-04-30 10:08:59 | WARNING  | ayumi.openapi_spot_feed | Disconnected: [Failure instance: Traceback (failure with no frames): <class 'twisted.internet.error.ConnectionDone'>: Connection was closed cleanly.
]
2026-04-30 10:08:59 | INFO     | ayumi.openapi_spot_feed | Reconnect scheduled in 11.4s (attempt 2)
2026-04-30 10:08:59 | ERROR    | ayumi.openapi_spot_feed | Send-and-wait failed: [Failure instance: Traceback: <class 'twisted.internet.defer.TimeoutError'>: (10, 'Deferred')
/home/TacoPants/projects/Ayumi/.venv/lib/python3.12/site-packages/twisted/internet/defer.py:798:timeItOut
/home/TacoPants/projects/Ayumi/.venv/lib/python3.12/site-packages/twisted/internet/defer.py:957:cancel
/home/TacoPants/projects/Ayumi/.venv/lib/python3.12/site-packages/twisted/internet/defer.py:916:errback
/home/TacoPants/projects/Ayumi/.venv/lib/python3.12/site-packages/twisted/internet/defer.py:984:_startRunCallbacks
--- <exception caught here> ---
/home/TacoPants/projects/Ayumi/.venv/lib/python3.12/site-packages/twisted/internet/defer.py:1078:_runCallbacks
/home/TacoPants/projects/Ayumi/.venv/lib/python3.12/site-packages/twisted/internet/defer.py:809:convertCancelled
/home/TacoPants/projects/Ayumi/.venv/lib/python3.12/site-packages/twisted/internet/defer.py:293:_cancelledToTimedOutError
]
2026-04-30 10:08:59 | ERROR    | ayumi.openapi_spot_feed | Account auth failed
2026-04-30 10:08:59 | INFO     | ayumi.openapi_spot_feed | Reconnect scheduled in 22.4s (attempt 3)
2026-04-30 10:08:59 | INFO     | ayumi.openapi_spot_feed | Attempting reconnection...
2026-04-30 10:09:00 | INFO     | ayumi.openapi_spot_feed | Connected to demo.ctraderapi.com:5035
2026-04-30 10:09:00 | WARNING  | ayumi.openapi_spot_feed | Disconnected: [Failure instance: Traceback (failure with no frames): <class 'twisted.internet.error.ConnectionDone'>: Connection was closed cleanly.
]
2026-04-30 10:09:00 | INFO     | ayumi.openapi_spot_feed | Reconnect scheduled in 50.5s (attempt 4)
2026-04-30 10:09:00 | ERROR    | ayumi.openapi_spot_feed | Send-and-wait failed: [Failure instance: Traceback: <class 'twisted.internet.defer.TimeoutError'>: (10, 'Deferred')
/home/TacoPants/projects/Ayumi/.venv/lib/python3.12/site-packages/twisted/internet/defer.py:798:timeItOut
/home/TacoPants/projects/Ayumi/.venv/lib/python3.12/site-packages/twisted/internet/defer.py:957:cancel
/home/TacoPants/projects/Ayumi/.venv/lib/python3.12/site-packages/twisted/internet/defer.py:916:errback
/home/TacoPants/projects/Ayumi/.venv/lib/python3.12/site-packages/twisted/internet/defer.py:984:_startRunCallbacks
--- <exception caught here> ---
/home/TacoPants/projects/Ayumi/.venv/lib/python3.12/site-packages/twisted/internet/defer.py:1078:_runCallbacks
/home/TacoPants/projects/Ayumi/.venv/lib/python3.12/site-packages/twisted/internet/defer.py:809:convertCancelled
/home/TacoPants/projects/Ayumi/.venv/lib/python3.12/site-packages/twisted/internet/defer.py:293:_cancelledToTimedOutError
]
2026-04-30 10:09:00 | ERROR    | ayumi.openapi_spot_feed | Application auth failed
2026-04-30 10:09:00 | INFO     | ayumi.openapi_spot_feed | Reconnect scheduled in 96.2s (attempt 5)
2026-04-30 10:09:00 | INFO     | ayumi.openapi_spot_feed | Attempting reconnection...
2026-04-30 10:09:00 | INFO     | ayumi.openapi_spot_feed | Connected to demo.ctraderapi.com:5035
2026-04-30 10:09:00 | WARNING  | ayumi.openapi_spot_feed | Disconnected: [Failure instance: Traceback (failure with no frames): <class 'twisted.internet.error.ConnectionDone'>: Connection was closed cleanly.
]
2026-04-30 10:09:00 | INFO     | ayumi.openapi_spot_feed | Reconnect scheduled in 142.7s (attempt 6)
2026-04-30 10:09:01 | INFO     | ayumi.openapi_spot_feed | Application authenticated
2026-04-30 10:09:02 | INFO     | ayumi.openapi_spot_feed | Account authenticated
2026-04-30 10:09:02 | INFO     | ayumi.openapi_spot_feed | Subscribed to spot events for symbol_id=2
2026-04-30 10:09:02 | INFO     | ayumi.openapi_spot_feed | Subscribed to spot events for symbol_id=4
2026-04-30 10:09:02 | INFO     | ayumi.openapi_spot_feed | Reconnection successful
2026-04-30 10:09:03 | INFO     | ayumi.openapi_spot_feed | Attempting reconnection...
2026-04-30 10:09:03 | INFO     | ayumi.openapi_spot_feed | Connected to demo.ctraderapi.com:5035
2026-04-30 10:09:03 | WARNING  | ayumi.openapi_spot_feed | Disconnected: [Failure instance: Traceback (failure with no frames): <class 'twisted.internet.error.ConnectionDone'>: Connection was closed cleanly.
]
2026-04-30 10:09:03 | INFO     | ayumi.openapi_spot_feed | Reconnect scheduled in 6.4s (attempt 1)
2026-04-30 10:09:03 | INFO     | ayumi.openapi_spot_feed | Attempting reconnection...
2026-04-30 10:09:03 | INFO     | ayumi.openapi_spot_feed | Connected to demo.ctraderapi.com:5035
2026-04-30 10:09:03 | WARNING  | ayumi.openapi_spot_feed | Disconnected: [Failure instance: Traceback (failure with no frames): <class 'twisted.internet.error.ConnectionDone'>: Connection was closed cleanly.
]
2026-04-30 10:09:03 | INFO     | ayumi.openapi_spot_feed | Reconnect scheduled in 12.8s (attempt 2)
2026-04-30 10:09:04 | INFO     | ayumi.openapi_spot_feed | Application authenticated
2026-04-30 10:09:05 | INFO     | ayumi.openapi_spot_feed | Account authenticated
2026-04-30 10:09:05 | INFO     | ayumi.openapi_spot_feed | Attempting reconnection...
2026-04-30 10:09:05 | INFO     | ayumi.openapi_spot_feed | Subscribed to spot events for symbol_id=2
2026-04-30 10:09:05 | INFO     | ayumi.openapi_spot_feed | Subscribed to spot events for symbol_id=4
2026-04-30 10:09:05 | INFO     | ayumi.openapi_spot_feed | Reconnection successful
2026-04-30 10:09:05 | INFO     | ayumi.openapi_spot_feed | Connected to demo.ctraderapi.com:5035
2026-04-30 10:09:05 | WARNING  | ayumi.openapi_spot_feed | Disconnected: [Failure instance: Traceback (failure with no frames): <class 'twisted.internet.error.ConnectionDone'>: Connection was closed cleanly.
]
2026-04-30 10:09:05 | INFO     | ayumi.openapi_spot_feed | Reconnect scheduled in 6.4s (attempt 1)
2026-04-30 10:09:07 | INFO     | ayumi.openapi_spot_feed | Application authenticated
2026-04-30 10:09:08 | INFO     | ayumi.openapi_spot_feed | Account authenticated
2026-04-30 10:09:08 | INFO     | ayumi.openapi_spot_feed | Subscribed to spot events for symbol_id=2
2026-04-30 10:09:08 | INFO     | ayumi.openapi_spot_feed | Subscribed to spot events for symbol_id=4
2026-04-30 10:09:08 | INFO     | ayumi.openapi_spot_feed | Reconnection successful
2026-04-30 10:09:08 | ERROR    | ayumi.openapi_spot_feed | Send-and-wait failed: [Failure instance: Traceback: <class 'twisted.internet.defer.TimeoutError'>: (10, 'Deferred')
/home/TacoPants/projects/Ayumi/.venv/lib/python3.12/site-packages/twisted/internet/defer.py:798:timeItOut
/home/TacoPants/projects/Ayumi/.venv/lib/python3.12/site-packages/twisted/internet/defer.py:957:cancel
/home/TacoPants/projects/Ayumi/.venv/lib/python3.12/site-packages/twisted/internet/defer.py:916:errback
/home/TacoPants/projects/Ayumi/.venv/lib/python3.12/site-packages/twisted/internet/defer.py:984:_startRunCallbacks
--- <exception caught here> ---
/home/TacoPants/projects/Ayumi/.venv/lib/python3.12/site-packages/twisted/internet/defer.py:1078:_runCallbacks
/home/TacoPants/projects/Ayumi/.venv/lib/python3.12/site-packages/twisted/internet/defer.py:809:convertCancelled
/home/TacoPants/projects/Ayumi/.venv/lib/python3.12/site-packages/twisted/internet/defer.py:293:_cancelledToTimedOutError
]
2026-04-30 10:09:08 | ERROR    | ayumi.openapi_spot_feed | Application auth failed
2026-04-30 10:09:08 | INFO     | ayumi.openapi_spot_feed | Reconnect scheduled in 6.5s (attempt 1)
2026-04-30 10:09:09 | INFO     | ayumi.openapi_spot_feed | Attempting reconnection...
2026-04-30 10:09:09 | INFO     | ayumi.openapi_spot_feed | Connected to demo.ctraderapi.com:5035
2026-04-30 10:09:09 | WARNING  | ayumi.openapi_spot_feed | Disconnected: [Failure instance: Traceback (failure with no frames): <class 'twisted.internet.error.ConnectionDone'>: Connection was closed cleanly.
]
2026-04-30 10:09:09 | INFO     | ayumi.openapi_spot_feed | Reconnect scheduled in 12.1s (attempt 2)
2026-04-30 10:09:10 | ERROR    | ayumi.openapi_spot_feed | Send-and-wait failed: [Failure instance: Traceback: <class 'twisted.internet.defer.TimeoutError'>: (10, 'Deferred')
/home/TacoPants/projects/Ayumi/.venv/lib/python3.12/site-packages/twisted/internet/defer.py:798:timeItOut
/home/TacoPants/projects/Ayumi/.venv/lib/python3.12/site-packages/twisted/internet/defer.py:957:cancel
/home/TacoPants/projects/Ayumi/.venv/lib/python3.12/site-packages/twisted/internet/defer.py:916:errback
/home/TacoPants/projects/Ayumi/.venv/lib/python3.12/site-packages/twisted/internet/defer.py:984:_startRunCallbacks
--- <exception caught here> ---
/home/TacoPants/projects/Ayumi/.venv/lib/python3.12/site-packages/twisted/internet/defer.py:1078:_runCallbacks
/home/TacoPants/projects/Ayumi/.venv/lib/python3.12/site-packages/twisted/internet/defer.py:809:convertCancelled
/home/TacoPants/projects/Ayumi/.venv/lib/python3.12/site-packages/twisted/internet/defer.py:293:_cancelledToTimedOutError
]
2026-04-30 10:09:10 | ERROR    | ayumi.openapi_spot_feed | Application auth failed
2026-04-30 10:09:10 | INFO     | ayumi.openapi_spot_feed | Reconnect scheduled in 20.4s (attempt 3)
2026-04-30 10:09:10 | INFO     | ayumi.openapi_spot_feed | Attempting reconnection...
2026-04-30 10:09:10 | INFO     | ayumi.openapi_spot_feed | Connected to demo.ctraderapi.com:5035
2026-04-30 10:09:10 | WARNING  | ayumi.openapi_spot_feed | Disconnected: [Failure instance: Traceback (failure with no frames): <class 'twisted.internet.error.ConnectionDone'>: Connection was closed cleanly.
]
2026-04-30 10:09:10 | INFO     | ayumi.openapi_spot_feed | Reconnect scheduled in 47.0s (attempt 4)
2026-04-30 10:09:11 | INFO     | ayumi.openapi_spot_feed | Application authenticated
2026-04-30 10:09:12 | INFO     | ayumi.openapi_spot_feed | Attempting reconnection...
2026-04-30 10:09:12 | INFO     | ayumi.openapi_spot_feed | Connected to demo.ctraderapi.com:5035
2026-04-30 10:09:12 | WARNING  | ayumi.openapi_spot_feed | Disconnected: [Failure instance: Traceback (failure with no frames): <class 'twisted.internet.error.ConnectionDone'>: Connection was closed cleanly.
]
2026-04-30 10:09:12 | INFO     | ayumi.openapi_spot_feed | Reconnect scheduled in 95.9s (attempt 5)
2026-04-30 10:09:13 | ERROR    | ayumi.openapi_spot_feed | Send-and-wait failed: [Failure instance: Traceback: <class 'twisted.internet.defer.TimeoutError'>: (10, 'Deferred')
/home/TacoPants/projects/Ayumi/.venv/lib/python3.12/site-packages/twisted/internet/defer.py:798:timeItOut
/home/TacoPants/projects/Ayumi/.venv/lib/python3.12/site-packages/twisted/internet/defer.py:957:cancel
/home/TacoPants/projects/Ayumi/.venv/lib/python3.12/site-packages/twisted/internet/defer.py:916:errback
/home/TacoPants/projects/Ayumi/.venv/lib/python3.12/site-packages/twisted/internet/defer.py:984:_startRunCallbacks
--- <exception caught here> ---
/home/TacoPants/projects/Ayumi/.venv/lib/python3.12/site-packages/twisted/internet/defer.py:1078:_runCallbacks
/home/TacoPants/projects/Ayumi/.venv/lib/python3.12/site-packages/twisted/internet/defer.py:809:convertCancelled
/home/TacoPants/projects/Ayumi/.venv/lib/python3.12/site-packages/twisted/internet/defer.py:293:_cancelledToTimedOutError
]
2026-04-30 10:09:13 | ERROR    | ayumi.openapi_spot_feed | Application auth failed
2026-04-30 10:09:13 | INFO     | ayumi.openapi_spot_feed | Reconnect scheduled in 147.1s (attempt 6)
2026-04-30 10:09:14 | INFO     | ayumi.openapi_spot_feed | Attempting reconnection...
2026-04-30 10:09:14 | INFO     | ayumi.openapi_spot_feed | Connected to demo.ctraderapi.com:5035
2026-04-30 10:09:14 | WARNING  | ayumi.openapi_spot_feed | Disconnected: [Failure instance: Traceback (failure with no frames): <class 'twisted.internet.error.ConnectionDone'>: Connection was closed cleanly.
]
2026-04-30 10:09:14 | INFO     | ayumi.openapi_spot_feed | Reconnect scheduled in 155.1s (attempt 7)
2026-04-30 10:09:15 | INFO     | ayumi.openapi_spot_feed | Application authenticated
2026-04-30 10:09:15 | INFO     | ayumi.openapi_spot_feed | Attempting reconnection...
2026-04-30 10:09:15 | INFO     | ayumi.openapi_spot_feed | Connected to demo.ctraderapi.com:5035
2026-04-30 10:09:15 | WARNING  | ayumi.openapi_spot_feed | Disconnected: [Failure instance: Traceback (failure with no frames): <class 'twisted.internet.error.ConnectionDone'>: Connection was closed cleanly.
]
2026-04-30 10:09:15 | INFO     | ayumi.openapi_spot_feed | Reconnect scheduled in 121.5s (attempt 8)
2026-04-30 10:09:16 | INFO     | ayumi.openapi_spot_feed | Application authenticated
2026-04-30 10:09:16 | INFO     | ayumi.openapi_spot_feed | Attempting reconnection...
2026-04-30 10:09:16 | INFO     | ayumi.openapi_spot_feed | Connected to demo.ctraderapi.com:5035
2026-04-30 10:09:16 | WARNING  | ayumi.openapi_spot_feed | Disconnected: [Failure instance: Traceback (failure with no frames): <class 'twisted.internet.error.ConnectionDone'>: Connection was closed cleanly.
]
2026-04-30 10:09:16 | INFO     | ayumi.openapi_spot_feed | Reconnect scheduled in 122.0s (attempt 9)
2026-04-30 10:09:17 | INFO     | ayumi.openapi_spot_feed | Application authenticated
2026-04-30 10:09:18 | INFO     | ayumi.openapi_spot_feed | Attempting reconnection...
2026-04-30 10:09:18 | INFO     | ayumi.openapi_spot_feed | Connected to demo.ctraderapi.com:5035
2026-04-30 10:09:18 | WARNING  | ayumi.openapi_spot_feed | Disconnected: [Failure instance: Traceback (failure with no frames): <class 'twisted.internet.error.ConnectionDone'>: Connection was closed cleanly.
]
2026-04-30 10:09:18 | INFO     | ayumi.openapi_spot_feed | Reconnect scheduled in 126.1s (attempt 10)
2026-04-30 10:09:19 | ERROR    | ayumi.openapi_spot_feed | Send-and-wait failed: [Failure instance: Traceback: <class 'twisted.internet.defer.TimeoutError'>: (10, 'Deferred')
/home/TacoPants/projects/Ayumi/.venv/lib/python3.12/site-packages/twisted/internet/defer.py:798:timeItOut
/home/TacoPants/projects/Ayumi/.venv/lib/python3.12/site-packages/twisted/internet/defer.py:957:cancel
/home/TacoPants/projects/Ayumi/.venv/lib/python3.12/site-packages/twisted/internet/defer.py:916:errback
/home/TacoPants/projects/Ayumi/.venv/lib/python3.12/site-packages/twisted/internet/defer.py:984:_startRunCallbacks
--- <exception caught here> ---
/home/TacoPants/projects/Ayumi/.venv/lib/python3.12/site-packages/twisted/internet/defer.py:1078:_runCallbacks
/home/TacoPants/projects/Ayumi/.venv/lib/python3.12/site-packages/twisted/internet/defer.py:809:convertCancelled
/home/TacoPants/projects/Ayumi/.venv/lib/python3.12/site-packages/twisted/internet/defer.py:293:_cancelledToTimedOutError
]
2026-04-30 10:09:19 | ERROR    | ayumi.openapi_spot_feed | Application auth failed
2026-04-30 10:09:19 | INFO     | ayumi.openapi_spot_feed | Reconnect scheduled in 144.3s (attempt 11)
2026-04-30 10:09:19 | INFO     | ayumi.openapi_spot_feed | Application authenticated
2026-04-30 10:09:20 | INFO     | ayumi.openapi_spot_feed | Account authenticated
2026-04-30 10:09:20 | INFO     | ayumi.openapi_spot_feed | Subscribed to spot events for symbol_id=2
2026-04-30 10:09:20 | INFO     | ayumi.openapi_spot_feed | Subscribed to spot events for symbol_id=4
2026-04-30 10:09:20 | INFO     | ayumi.openapi_spot_feed | Reconnection successful
2026-04-30 10:09:21 | ERROR    | ayumi.openapi_spot_feed | Send-and-wait failed: [Failure instance: Traceback: <class 'twisted.internet.defer.TimeoutError'>: (10, 'Deferred')
/home/TacoPants/projects/Ayumi/.venv/lib/python3.12/site-packages/twisted/internet/defer.py:798:timeItOut
/home/TacoPants/projects/Ayumi/.venv/lib/python3.12/site-packages/twisted/internet/defer.py:957:cancel
/home/TacoPants/projects/Ayumi/.venv/lib/python3.12/site-packages/twisted/internet/defer.py:916:errback
/home/TacoPants/projects/Ayumi/.venv/lib/python3.12/site-packages/twisted/internet/defer.py:984:_startRunCallbacks
--- <exception caught here> ---
/home/TacoPants/projects/Ayumi/.venv/lib/python3.12/site-packages/twisted/internet/defer.py:1078:_runCallbacks
/home/TacoPants/projects/Ayumi/.venv/lib/python3.12/site-packages/twisted/internet/defer.py:809:convertCancelled
/home/TacoPants/projects/Ayumi/.venv/lib/python3.12/site-packages/twisted/internet/defer.py:293:_cancelledToTimedOutError
]
2026-04-30 10:09:21 | ERROR    | ayumi.openapi_spot_feed | Account auth failed
2026-04-30 10:09:21 | INFO     | ayumi.openapi_spot_feed | Reconnect scheduled in 5.6s (attempt 1)
2026-04-30 10:09:21 | INFO     | ayumi.openapi_spot_feed | Attempting reconnection...
2026-04-30 10:09:21 | INFO     | ayumi.openapi_spot_feed | Connected to demo.ctraderapi.com:5035
2026-04-30 10:09:21 | WARNING  | ayumi.openapi_spot_feed | Disconnected: [Failure instance: Traceback (failure with no frames): <class 'twisted.internet.error.ConnectionDone'>: Connection was closed cleanly.
]
2026-04-30 10:09:21 | INFO     | ayumi.openapi_spot_feed | Reconnect scheduled in 11.2s (attempt 2)
2026-04-30 10:09:22 | INFO     | ayumi.openapi_spot_feed | Attempting reconnection...
2026-04-30 10:09:22 | INFO     | ayumi.openapi_spot_feed | Connected to demo.ctraderapi.com:5035
2026-04-30 10:09:22 | WARNING  | ayumi.openapi_spot_feed | Disconnected: [Failure instance: Traceback (failure with no frames): <class 'twisted.internet.error.ConnectionDone'>: Connection was closed cleanly.
]
2026-04-30 10:09:22 | INFO     | ayumi.openapi_spot_feed | Reconnect scheduled in 21.8s (attempt 3)
2026-04-30 10:09:22 | ERROR    | ayumi.openapi_spot_feed | Send-and-wait failed: [Failure instance: Traceback: <class 'twisted.internet.defer.TimeoutError'>: (10, 'Deferred')
/home/TacoPants/projects/Ayumi/.venv/lib/python3.12/site-packages/twisted/internet/defer.py:798:timeItOut
/home/TacoPants/projects/Ayumi/.venv/lib/python3.12/site-packages/twisted/internet/defer.py:957:cancel
/home/TacoPants/projects/Ayumi/.venv/lib/python3.12/site-packages/twisted/internet/defer.py:916:errback
/home/TacoPants/projects/Ayumi/.venv/lib/python3.12/site-packages/twisted/internet/defer.py:984:_startRunCallbacks
--- <exception caught here> ---
/home/TacoPants/projects/Ayumi/.venv/lib/python3.12/site-packages/twisted/internet/defer.py:1078:_runCallbacks
/home/TacoPants/projects/Ayumi/.venv/lib/python3.12/site-packages/twisted/internet/defer.py:809:convertCancelled
/home/TacoPants/projects/Ayumi/.venv/lib/python3.12/site-packages/twisted/internet/defer.py:293:_cancelledToTimedOutError
]
2026-04-30 10:09:22 | ERROR    | ayumi.openapi_spot_feed | Application auth failed
2026-04-30 10:09:22 | INFO     | ayumi.openapi_spot_feed | Reconnect scheduled in 42.0s (attempt 4)
2026-04-30 10:09:23 | INFO     | ayumi.openapi_spot_feed | Application authenticated
2026-04-30 10:09:24 | INFO     | ayumi.openapi_spot_feed | Account authenticated
2026-04-30 10:09:24 | INFO     | ayumi.openapi_spot_feed | Subscribed to spot events for symbol_id=2
2026-04-30 10:09:24 | INFO     | ayumi.openapi_spot_feed | Subscribed to spot events for symbol_id=4
2026-04-30 10:09:24 | INFO     | ayumi.openapi_spot_feed | Reconnection successful
2026-04-30 10:09:25 | ERROR    | ayumi.openapi_spot_feed | Send-and-wait failed: [Failure instance: Traceback: <class 'twisted.internet.defer.TimeoutError'>: (10, 'Deferred')
/home/TacoPants/projects/Ayumi/.venv/lib/python3.12/site-packages/twisted/internet/defer.py:798:timeItOut
/home/TacoPants/projects/Ayumi/.venv/lib/python3.12/site-packages/twisted/internet/defer.py:957:cancel
/home/TacoPants/projects/Ayumi/.venv/lib/python3.12/site-packages/twisted/internet/defer.py:916:errback
/home/TacoPants/projects/Ayumi/.venv/lib/python3.12/site-packages/twisted/internet/defer.py:984:_startRunCallbacks
--- <exception caught here> ---
/home/TacoPants/projects/Ayumi/.venv/lib/python3.12/site-packages/twisted/internet/defer.py:1078:_runCallbacks
/home/TacoPants/projects/Ayumi/.venv/lib/python3.12/site-packages/twisted/internet/defer.py:809:convertCancelled
/home/TacoPants/projects/Ayumi/.venv/lib/python3.12/site-packages/twisted/internet/defer.py:293:_cancelledToTimedOutError
]
2026-04-30 10:09:25 | ERROR    | ayumi.openapi_spot_feed | Account auth failed
2026-04-30 10:09:25 | INFO     | ayumi.openapi_spot_feed | Reconnect scheduled in 5.3s (attempt 1)
2026-04-30 10:09:26 | ERROR    | ayumi.openapi_spot_feed | Send-and-wait failed: [Failure instance: Traceback: <class 'twisted.internet.defer.TimeoutError'>: (10, 'Deferred')
/home/TacoPants/projects/Ayumi/.venv/lib/python3.12/site-packages/twisted/internet/defer.py:798:timeItOut
/home/TacoPants/projects/Ayumi/.venv/lib/python3.12/site-packages/twisted/internet/defer.py:957:cancel
/home/TacoPants/projects/Ayumi/.venv/lib/python3.12/site-packages/twisted/internet/defer.py:916:errback
/home/TacoPants/projects/Ayumi/.venv/lib/python3.12/site-packages/twisted/internet/defer.py:984:_startRunCallbacks
--- <exception caught here> ---
/home/TacoPants/projects/Ayumi/.venv/lib/python3.12/site-packages/twisted/internet/defer.py:1078:_runCallbacks
/home/TacoPants/projects/Ayumi/.venv/lib/python3.12/site-packages/twisted/internet/defer.py:809:convertCancelled
/home/TacoPants/projects/Ayumi/.venv/lib/python3.12/site-packages/twisted/internet/defer.py:293:_cancelledToTimedOutError
]
2026-04-30 10:09:26 | ERROR    | ayumi.openapi_spot_feed | Account auth failed
2026-04-30 10:09:26 | INFO     | ayumi.openapi_spot_feed | Reconnect scheduled in 12.3s (attempt 2)
2026-04-30 10:09:27 | INFO     | ayumi.openapi_spot_feed | Attempting reconnection...
2026-04-30 10:09:27 | INFO     | ayumi.openapi_spot_feed | Connected to demo.ctraderapi.com:5035
2026-04-30 10:09:27 | WARNING  | ayumi.openapi_spot_feed | Disconnected: [Failure instance: Traceback (failure with no frames): <class 'twisted.internet.error.ConnectionDone'>: Connection was closed cleanly.
]
2026-04-30 10:09:27 | INFO     | ayumi.openapi_spot_feed | Reconnect scheduled in 23.8s (attempt 3)
2026-04-30 10:09:27 | ERROR    | ayumi.openapi_spot_feed | Send-and-wait failed: [Failure instance: Traceback: <class 'twisted.internet.defer.TimeoutError'>: (10, 'Deferred')
/home/TacoPants/projects/Ayumi/.venv/lib/python3.12/site-packages/twisted/internet/defer.py:798:timeItOut
/home/TacoPants/projects/Ayumi/.venv/lib/python3.12/site-packages/twisted/internet/defer.py:957:cancel
/home/TacoPants/projects/Ayumi/.venv/lib/python3.12/site-packages/twisted/internet/defer.py:916:errback
/home/TacoPants/projects/Ayumi/.venv/lib/python3.12/site-packages/twisted/internet/defer.py:984:_startRunCallbacks
--- <exception caught here> ---
/home/TacoPants/projects/Ayumi/.venv/lib/python3.12/site-packages/twisted/internet/defer.py:1078:_runCallbacks
/home/TacoPants/projects/Ayumi/.venv/lib/python3.12/site-packages/twisted/internet/defer.py:809:convertCancelled
/home/TacoPants/projects/Ayumi/.venv/lib/python3.12/site-packages/twisted/internet/defer.py:293:_cancelledToTimedOutError
]
2026-04-30 10:09:27 | ERROR    | ayumi.openapi_spot_feed | Account auth failed
2026-04-30 10:09:27 | INFO     | ayumi.openapi_spot_feed | Reconnect scheduled in 41.9s (attempt 4)
2026-04-30 10:09:28 | INFO     | ayumi.openapi_spot_feed | Application authenticated
2026-04-30 10:09:29 | INFO     | ayumi.openapi_spot_feed | Account authenticated
2026-04-30 10:09:29 | INFO     | ayumi.openapi_spot_feed | Subscribed to spot events for symbol_id=2
2026-04-30 10:09:29 | INFO     | ayumi.openapi_spot_feed | Subscribed to spot events for symbol_id=4
2026-04-30 10:09:29 | INFO     | ayumi.openapi_spot_feed | Reconnection successful
2026-04-30 10:09:30 | INFO     | ayumi.openapi_spot_feed | Attempting reconnection...
2026-04-30 10:09:30 | WARNING  | ayumi.openapi_spot_feed | Disconnected: [Failure instance: Traceback (failure with no frames): <class 'twisted.internet.error.ConnectionDone'>: Connection was closed cleanly.
]
2026-04-30 10:09:30 | INFO     | ayumi.openapi_spot_feed | Reconnect scheduled in 6.3s (attempt 1)
2026-04-30 10:09:30 | INFO     | ayumi.openapi_spot_feed | Connected to demo.ctraderapi.com:5035
2026-04-30 10:09:30 | INFO     | ayumi.openapi_spot_feed | Attempting reconnection...
2026-04-30 10:09:30 | INFO     | ayumi.openapi_spot_feed | Connected to demo.ctraderapi.com:5035
2026-04-30 10:09:30 | WARNING  | ayumi.openapi_spot_feed | Disconnected: [Failure instance: Traceback (failure with no frames): <class 'twisted.internet.error.ConnectionDone'>: Connection was closed cleanly.
]
2026-04-30 10:09:30 | INFO     | ayumi.openapi_spot_feed | Reconnect scheduled in 10.5s (attempt 2)
2026-04-30 10:09:31 | INFO     | ayumi.openapi_spot_feed | Attempting reconnection...
2026-04-30 10:09:31 | INFO     | ayumi.openapi_spot_feed | Connected to demo.ctraderapi.com:5035
2026-04-30 10:09:31 | WARNING  | ayumi.openapi_spot_feed | Disconnected: [Failure instance: Traceback (failure with no frames): <class 'twisted.internet.error.ConnectionDone'>: Connection was closed cleanly.
]
2026-04-30 10:09:31 | INFO     | ayumi.openapi_spot_feed | Reconnect scheduled in 21.5s (attempt 3)
2026-04-30 10:09:31 | ERROR    | ayumi.openapi_spot_feed | Send-and-wait failed: [Failure instance: Traceback: <class 'twisted.internet.defer.TimeoutError'>: (10, 'Deferred')
/home/TacoPants/projects/Ayumi/.venv/lib/python3.12/site-packages/twisted/internet/defer.py:798:timeItOut
/home/TacoPants/projects/Ayumi/.venv/lib/python3.12/site-packages/twisted/internet/defer.py:957:cancel
/home/TacoPants/projects/Ayumi/.venv/lib/python3.12/site-packages/twisted/internet/defer.py:916:errback
/home/TacoPants/projects/Ayumi/.venv/lib/python3.12/site-packages/twisted/internet/defer.py:984:_startRunCallbacks
--- <exception caught here> ---
/home/TacoPants/projects/Ayumi/.venv/lib/python3.12/site-packages/twisted/internet/defer.py:1078:_runCallbacks
/home/TacoPants/projects/Ayumi/.venv/lib/python3.12/site-packages/twisted/internet/defer.py:809:convertCancelled
/home/TacoPants/projects/Ayumi/.venv/lib/python3.12/site-packages/twisted/internet/defer.py:293:_cancelledToTimedOutError
]
2026-04-30 10:09:31 | ERROR    | ayumi.openapi_spot_feed | Application auth failed
2026-04-30 10:09:31 | INFO     | ayumi.openapi_spot_feed | Reconnect scheduled in 49.8s (attempt 4)
2026-04-30 10:09:32 | INFO     | ayumi.openapi_spot_feed | Application authenticated
2026-04-30 10:09:33 | INFO     | ayumi.openapi_spot_feed | Attempting reconnection...
2026-04-30 10:09:33 | INFO     | ayumi.openapi_spot_feed | Connected to demo.ctraderapi.com:5035
2026-04-30 10:09:33 | WARNING  | ayumi.openapi_spot_feed | Disconnected: [Failure instance: Traceback (failure with no frames): <class 'twisted.internet.error.ConnectionDone'>: Connection was closed cleanly.
]
2026-04-30 10:09:33 | INFO     | ayumi.openapi_spot_feed | Reconnect scheduled in 85.1s (attempt 5)
2026-04-30 10:09:34 | INFO     | ayumi.openapi_spot_feed | Application authenticated
2026-04-30 10:09:35 | INFO     | ayumi.openapi_spot_feed | Account authenticated
2026-04-30 10:09:35 | INFO     | ayumi.openapi_spot_feed | Subscribed to spot events for symbol_id=2
2026-04-30 10:09:35 | INFO     | ayumi.openapi_spot_feed | Subscribed to spot events for symbol_id=4
2026-04-30 10:09:35 | INFO     | ayumi.openapi_spot_feed | Reconnection successful
2026-04-30 10:09:36 | INFO     | ayumi.openapi_spot_feed | Attempting reconnection...
2026-04-30 10:09:36 | INFO     | ayumi.openapi_spot_feed | Connected to demo.ctraderapi.com:5035
2026-04-30 10:09:36 | WARNING  | ayumi.openapi_spot_feed | Disconnected: [Failure instance: Traceback (failure with no frames): <class 'twisted.internet.error.ConnectionDone'>: Connection was closed cleanly.
]
2026-04-30 10:09:36 | INFO     | ayumi.openapi_spot_feed | Reconnect scheduled in 5.2s (attempt 1)
2026-04-30 10:09:38 | INFO     | ayumi.openapi_spot_feed | Application authenticated
2026-04-30 10:09:38 | INFO     | ayumi.openapi_spot_feed | Attempting reconnection...
2026-04-30 10:09:39 | INFO     | ayumi.openapi_spot_feed | Connected to demo.ctraderapi.com:5035
2026-04-30 10:09:39 | WARNING  | ayumi.openapi_spot_feed | Disconnected: [Failure instance: Traceback (failure with no frames): <class 'twisted.internet.error.ConnectionDone'>: Connection was closed cleanly.
]
2026-04-30 10:09:39 | INFO     | ayumi.openapi_spot_feed | Reconnect scheduled in 12.1s (attempt 2)
2026-04-30 10:09:40 | INFO     | ayumi.openapi_spot_feed | Application authenticated
2026-04-30 10:09:40 | ERROR    | ayumi.openapi_spot_feed | Send-and-wait failed: [Failure instance: Traceback: <class 'twisted.internet.defer.TimeoutError'>: (10, 'Deferred')
/home/TacoPants/projects/Ayumi/.venv/lib/python3.12/site-packages/twisted/internet/defer.py:798:timeItOut
/home/TacoPants/projects/Ayumi/.venv/lib/python3.12/site-packages/twisted/internet/defer.py:957:cancel
/home/TacoPants/projects/Ayumi/.venv/lib/python3.12/site-packages/twisted/internet/defer.py:916:errback
/home/TacoPants/projects/Ayumi/.venv/lib/python3.12/site-packages/twisted/internet/defer.py:984:_startRunCallbacks
--- <exception caught here> ---
/home/TacoPants/projects/Ayumi/.venv/lib/python3.12/site-packages/twisted/internet/defer.py:1078:_runCallbacks
/home/TacoPants/projects/Ayumi/.venv/lib/python3.12/site-packages/twisted/internet/defer.py:809:convertCancelled
/home/TacoPants/projects/Ayumi/.venv/lib/python3.12/site-packages/twisted/internet/defer.py:293:_cancelledToTimedOutError
]
2026-04-30 10:09:40 | ERROR    | ayumi.openapi_spot_feed | Application auth failed
2026-04-30 10:09:40 | INFO     | ayumi.openapi_spot_feed | Reconnect scheduled in 22.7s (attempt 3)
2026-04-30 10:09:40 | ERROR    | ayumi.openapi_spot_feed | Send-and-wait failed: [Failure instance: Traceback: <class 'twisted.internet.defer.TimeoutError'>: (10, 'Deferred')
/home/TacoPants/projects/Ayumi/.venv/lib/python3.12/site-packages/twisted/internet/defer.py:798:timeItOut
/home/TacoPants/projects/Ayumi/.venv/lib/python3.12/site-packages/twisted/internet/defer.py:957:cancel
/home/TacoPants/projects/Ayumi/.venv/lib/python3.12/site-packages/twisted/internet/defer.py:916:errback
/home/TacoPants/projects/Ayumi/.venv/lib/python3.12/site-packages/twisted/internet/defer.py:984:_startRunCallbacks
--- <exception caught here> ---
/home/TacoPants/projects/Ayumi/.venv/lib/python3.12/site-packages/twisted/internet/defer.py:1078:_runCallbacks
/home/TacoPants/projects/Ayumi/.venv/lib/python3.12/site-packages/twisted/internet/defer.py:809:convertCancelled
/home/TacoPants/projects/Ayumi/.venv/lib/python3.12/site-packages/twisted/internet/defer.py:293:_cancelledToTimedOutError
]
2026-04-30 10:09:40 | ERROR    | ayumi.openapi_spot_feed | Application auth failed
2026-04-30 10:09:40 | INFO     | ayumi.openapi_spot_feed | Reconnect scheduled in 47.2s (attempt 4)
2026-04-30 10:09:41 | INFO     | ayumi.openapi_spot_feed | Account authenticated
2026-04-30 10:09:41 | INFO     | ayumi.openapi_spot_feed | Subscribed to spot events for symbol_id=2
2026-04-30 10:09:41 | INFO     | ayumi.openapi_spot_feed | Subscribed to spot events for symbol_id=4
2026-04-30 10:09:41 | INFO     | ayumi.openapi_spot_feed | Reconnection successful
2026-04-30 10:09:41 | INFO     | ayumi.openapi_spot_feed | Attempting reconnection...
2026-04-30 10:09:41 | INFO     | ayumi.openapi_spot_feed | Connected to demo.ctraderapi.com:5035
2026-04-30 10:09:41 | WARNING  | ayumi.openapi_spot_feed | Disconnected: [Failure instance: Traceback (failure with no frames): <class 'twisted.internet.error.ConnectionDone'>: Connection was closed cleanly.
]
2026-04-30 10:09:41 | INFO     | ayumi.openapi_spot_feed | Reconnect scheduled in 6.1s (attempt 1)
2026-04-30 10:09:42 | INFO     | ayumi.openapi_spot_feed | Attempting reconnection...
2026-04-30 10:09:42 | INFO     | ayumi.openapi_spot_feed | Connected to demo.ctraderapi.com:5035
2026-04-30 10:09:42 | WARNING  | ayumi.openapi_spot_feed | Disconnected: [Failure instance: Traceback (failure with no frames): <class 'twisted.internet.error.ConnectionDone'>: Connection was closed cleanly.
]
2026-04-30 10:09:42 | INFO     | ayumi.openapi_spot_feed | Reconnect scheduled in 11.4s (attempt 2)
2026-04-30 10:09:42 | ERROR    | ayumi.openapi_spot_feed | Send-and-wait failed: [Failure instance: Traceback: <class 'twisted.internet.defer.TimeoutError'>: (10, 'Deferred')
/home/TacoPants/projects/Ayumi/.venv/lib/python3.12/site-packages/twisted/internet/defer.py:798:timeItOut
/home/TacoPants/projects/Ayumi/.venv/lib/python3.12/site-packages/twisted/internet/defer.py:957:cancel
/home/TacoPants/projects/Ayumi/.venv/lib/python3.12/site-packages/twisted/internet/defer.py:916:errback
/home/TacoPants/projects/Ayumi/.venv/lib/python3.12/site-packages/twisted/internet/defer.py:984:_startRunCallbacks
--- <exception caught here> ---
/home/TacoPants/projects/Ayumi/.venv/lib/python3.12/site-packages/twisted/internet/defer.py:1078:_runCallbacks
/home/TacoPants/projects/Ayumi/.venv/lib/python3.12/site-packages/twisted/internet/defer.py:809:convertCancelled
/home/TacoPants/projects/Ayumi/.venv/lib/python3.12/site-packages/twisted/internet/defer.py:293:_cancelledToTimedOutError
]
2026-04-30 10:09:42 | ERROR    | ayumi.openapi_spot_feed | Account auth failed
2026-04-30 10:09:42 | INFO     | ayumi.openapi_spot_feed | Reconnect scheduled in 20.9s (attempt 3)
2026-04-30 10:09:43 | INFO     | ayumi.openapi_spot_feed | Application authenticated
2026-04-30 10:09:44 | INFO     | ayumi.openapi_spot_feed | Attempting reconnection...
2026-04-30 10:09:44 | INFO     | ayumi.openapi_spot_feed | Connected to demo.ctraderapi.com:5035
2026-04-30 10:09:44 | WARNING  | ayumi.openapi_spot_feed | Disconnected: [Failure instance: Traceback (failure with no frames): <class 'twisted.internet.error.ConnectionDone'>: Connection was closed cleanly.
]
2026-04-30 10:09:44 | INFO     | ayumi.openapi_spot_feed | Reconnect scheduled in 44.2s (attempt 4)
2026-04-30 10:09:45 | INFO     | ayumi.openapi_spot_feed | Application authenticated
2026-04-30 10:09:46 | INFO     | ayumi.openapi_spot_feed | Account authenticated
2026-04-30 10:09:46 | INFO     | ayumi.openapi_spot_feed | Subscribed to spot events for symbol_id=2
2026-04-30 10:09:46 | INFO     | ayumi.openapi_spot_feed | Subscribed to spot events for symbol_id=4
2026-04-30 10:09:46 | INFO     | ayumi.openapi_spot_feed | Reconnection successful
2026-04-30 10:09:47 | INFO     | ayumi.openapi_spot_feed | Attempting reconnection...
2026-04-30 10:09:47 | INFO     | ayumi.openapi_spot_feed | Connected to demo.ctraderapi.com:5035
2026-04-30 10:09:47 | WARNING  | ayumi.openapi_spot_feed | Disconnected: [Failure instance: Traceback (failure with no frames): <class 'twisted.internet.error.ConnectionDone'>: Connection was closed cleanly.
]
2026-04-30 10:09:47 | INFO     | ayumi.openapi_spot_feed | Reconnect scheduled in 5.7s (attempt 1)
2026-04-30 10:09:47 | INFO     | ayumi.openapi_spot_feed | Attempting reconnection...
2026-04-30 10:09:47 | INFO     | ayumi.openapi_spot_feed | Connected to demo.ctraderapi.com:5035
2026-04-30 10:09:47 | WARNING  | ayumi.openapi_spot_feed | Disconnected: [Failure instance: Traceback (failure with no frames): <class 'twisted.internet.error.ConnectionDone'>: Connection was closed cleanly.
]
2026-04-30 10:09:47 | INFO     | ayumi.openapi_spot_feed | Reconnect scheduled in 12.5s (attempt 2)
2026-04-30 10:09:48 | ERROR    | ayumi.openapi_spot_feed | Send-and-wait failed: [Failure instance: Traceback: <class 'twisted.internet.defer.TimeoutError'>: (10, 'Deferred')
/home/TacoPants/projects/Ayumi/.venv/lib/python3.12/site-packages/twisted/internet/defer.py:798:timeItOut
/home/TacoPants/projects/Ayumi/.venv/lib/python3.12/site-packages/twisted/internet/defer.py:957:cancel
/home/TacoPants/projects/Ayumi/.venv/lib/python3.12/site-packages/twisted/internet/defer.py:916:errback
/home/TacoPants/projects/Ayumi/.venv/lib/python3.12/site-packages/twisted/internet/defer.py:984:_startRunCallbacks
--- <exception caught here> ---
/home/TacoPants/projects/Ayumi/.venv/lib/python3.12/site-packages/twisted/internet/defer.py:1078:_runCallbacks
/home/TacoPants/projects/Ayumi/.venv/lib/python3.12/site-packages/twisted/internet/defer.py:809:convertCancelled
/home/TacoPants/projects/Ayumi/.venv/lib/python3.12/site-packages/twisted/internet/defer.py:293:_cancelledToTimedOutError
]
2026-04-30 10:09:48 | ERROR    | ayumi.openapi_spot_feed | Account auth failed
2026-04-30 10:09:48 | INFO     | ayumi.openapi_spot_feed | Reconnect scheduled in 24.3s (attempt 3)
2026-04-30 10:09:48 | INFO     | ayumi.openapi_spot_feed | Application authenticated
2026-04-30 10:09:49 | INFO     | ayumi.openapi_spot_feed | Account authenticated
2026-04-30 10:09:49 | INFO     | ayumi.openapi_spot_feed | Subscribed to spot events for symbol_id=2
2026-04-30 10:09:49 | INFO     | ayumi.openapi_spot_feed | Subscribed to spot events for symbol_id=4
2026-04-30 10:09:49 | INFO     | ayumi.openapi_spot_feed | Reconnection successful
2026-04-30 10:09:50 | INFO     | ayumi.openapi_spot_feed | Attempting reconnection...
2026-04-30 10:09:50 | INFO     | ayumi.openapi_spot_feed | Connected to demo.ctraderapi.com:5035
2026-04-30 10:09:50 | WARNING  | ayumi.openapi_spot_feed | Disconnected: [Failure instance: Traceback (failure with no frames): <class 'twisted.internet.error.ConnectionDone'>: Connection was closed cleanly.
]
2026-04-30 10:09:50 | INFO     | ayumi.openapi_spot_feed | Reconnect scheduled in 6.0s (attempt 1)
2026-04-30 10:09:51 | INFO     | ayumi.openapi_spot_feed | Attempting reconnection...
2026-04-30 10:09:51 | INFO     | ayumi.openapi_spot_feed | Connected to demo.ctraderapi.com:5035
2026-04-30 10:09:51 | WARNING  | ayumi.openapi_spot_feed | Disconnected: [Failure instance: Traceback (failure with no frames): <class 'twisted.internet.error.ConnectionDone'>: Connection was closed cleanly.
]
2026-04-30 10:09:51 | INFO     | ayumi.openapi_spot_feed | Reconnect scheduled in 10.5s (attempt 2)
2026-04-30 10:09:51 | INFO     | ayumi.openapi_spot_feed | Attempting reconnection...
2026-04-30 10:09:51 | INFO     | ayumi.openapi_spot_feed | Connected to demo.ctraderapi.com:5035
2026-04-30 10:09:51 | ERROR    | ayumi.openapi_spot_feed | Send-and-wait failed: [Failure instance: Traceback: <class 'twisted.internet.defer.TimeoutError'>: (10, 'Deferred')
/home/TacoPants/projects/Ayumi/.venv/lib/python3.12/site-packages/twisted/internet/defer.py:798:timeItOut
/home/TacoPants/projects/Ayumi/.venv/lib/python3.12/site-packages/twisted/internet/defer.py:957:cancel
/home/TacoPants/projects/Ayumi/.venv/lib/python3.12/site-packages/twisted/internet/defer.py:916:errback
/home/TacoPants/projects/Ayumi/.venv/lib/python3.12/site-packages/twisted/internet/defer.py:984:_startRunCallbacks
--- <exception caught here> ---
/home/TacoPants/projects/Ayumi/.venv/lib/python3.12/site-packages/twisted/internet/defer.py:1078:_runCallbacks
/home/TacoPants/projects/Ayumi/.venv/lib/python3.12/site-packages/twisted/internet/defer.py:809:convertCancelled
/home/TacoPants/projects/Ayumi/.venv/lib/python3.12/site-packages/twisted/internet/defer.py:293:_cancelledToTimedOutError
]
2026-04-30 10:09:51 | ERROR    | ayumi.openapi_spot_feed | Application auth failed
2026-04-30 10:09:51 | INFO     | ayumi.openapi_spot_feed | Reconnect scheduled in 21.4s (attempt 3)
2026-04-30 10:09:51 | WARNING  | ayumi.openapi_spot_feed | Disconnected: [Failure instance: Traceback (failure with no frames): <class 'twisted.internet.error.ConnectionDone'>: Connection was closed cleanly.
]
2026-04-30 10:09:51 | INFO     | ayumi.openapi_spot_feed | Reconnect scheduled in 50.3s (attempt 4)
2026-04-30 10:09:52 | INFO     | ayumi.openapi_spot_feed | Application authenticated
2026-04-30 10:09:52 | INFO     | ayumi.openapi_spot_feed | Attempting reconnection...
2026-04-30 10:09:53 | INFO     | ayumi.openapi_spot_feed | Connected to demo.ctraderapi.com:5035
2026-04-30 10:09:53 | WARNING  | ayumi.openapi_spot_feed | Disconnected: [Failure instance: Traceback (failure with no frames): <class 'twisted.internet.error.ConnectionDone'>: Connection was closed cleanly.
]
2026-04-30 10:09:53 | INFO     | ayumi.openapi_spot_feed | Reconnect scheduled in 104.0s (attempt 5)
2026-04-30 10:09:53 | INFO     | ayumi.openapi_spot_feed | Attempting reconnection...
2026-04-30 10:09:53 | INFO     | ayumi.openapi_spot_feed | Connected to demo.ctraderapi.com:5035
2026-04-30 10:09:53 | ERROR    | ayumi.openapi_spot_feed | Send-and-wait failed: [Failure instance: Traceback: <class 'twisted.internet.defer.TimeoutError'>: (10, 'Deferred')
/home/TacoPants/projects/Ayumi/.venv/lib/python3.12/site-packages/twisted/internet/defer.py:798:timeItOut
/home/TacoPants/projects/Ayumi/.venv/lib/python3.12/site-packages/twisted/internet/defer.py:957:cancel
/home/TacoPants/projects/Ayumi/.venv/lib/python3.12/site-packages/twisted/internet/defer.py:916:errback
/home/TacoPants/projects/Ayumi/.venv/lib/python3.12/site-packages/twisted/internet/defer.py:984:_startRunCallbacks
--- <exception caught here> ---
/home/TacoPants/projects/Ayumi/.venv/lib/python3.12/site-packages/twisted/internet/defer.py:1078:_runCallbacks
/home/TacoPants/projects/Ayumi/.venv/lib/python3.12/site-packages/twisted/internet/defer.py:809:convertCancelled
/home/TacoPants/projects/Ayumi/.venv/lib/python3.12/site-packages/twisted/internet/defer.py:293:_cancelledToTimedOutError
]
2026-04-30 10:09:53 | ERROR    | ayumi.openapi_spot_feed | Account auth failed
2026-04-30 10:09:53 | INFO     | ayumi.openapi_spot_feed | Reconnect scheduled in 150.1s (attempt 6)
2026-04-30 10:09:53 | WARNING  | ayumi.openapi_spot_feed | Disconnected: [Failure instance: Traceback (failure with no frames): <class 'twisted.internet.error.ConnectionDone'>: Connection was closed cleanly.
]
2026-04-30 10:09:53 | INFO     | ayumi.openapi_spot_feed | Reconnect scheduled in 122.4s (attempt 7)
2026-04-30 10:09:53 | INFO     | ayumi.openapi_spot_feed | Attempting reconnection...
2026-04-30 10:09:53 | INFO     | ayumi.openapi_spot_feed | Connected to demo.ctraderapi.com:5035
2026-04-30 10:09:53 | WARNING  | ayumi.openapi_spot_feed | Disconnected: [Failure instance: Traceback (failure with no frames): <class 'twisted.internet.error.ConnectionDone'>: Connection was closed cleanly.
]
2026-04-30 10:09:53 | INFO     | ayumi.openapi_spot_feed | Reconnect scheduled in 139.6s (attempt 8)
2026-04-30 10:09:54 | INFO     | ayumi.openapi_spot_feed | Application authenticated
2026-04-30 10:09:55 | INFO     | ayumi.openapi_spot_feed | Account authenticated
2026-04-30 10:09:55 | INFO     | ayumi.openapi_spot_feed | Subscribed to spot events for symbol_id=2
2026-04-30 10:09:55 | INFO     | ayumi.openapi_spot_feed | Subscribed to spot events for symbol_id=4
2026-04-30 10:09:55 | INFO     | ayumi.openapi_spot_feed | Reconnection successful
2026-04-30 10:09:56 | INFO     | ayumi.openapi_spot_feed | Attempting reconnection...
2026-04-30 10:09:56 | INFO     | ayumi.openapi_spot_feed | Connected to demo.ctraderapi.com:5035
2026-04-30 10:09:56 | WARNING  | ayumi.openapi_spot_feed | Disconnected: [Failure instance: Traceback (failure with no frames): <class 'twisted.internet.error.ConnectionDone'>: Connection was closed cleanly.
]
2026-04-30 10:09:56 | INFO     | ayumi.openapi_spot_feed | Reconnect scheduled in 5.4s (attempt 1)
2026-04-30 10:09:57 | ERROR    | ayumi.openapi_spot_feed | Send-and-wait failed: [Failure instance: Traceback: <class 'twisted.internet.defer.TimeoutError'>: (10, 'Deferred')
/home/TacoPants/projects/Ayumi/.venv/lib/python3.12/site-packages/twisted/internet/defer.py:798:timeItOut
/home/TacoPants/projects/Ayumi/.venv/lib/python3.12/site-packages/twisted/internet/defer.py:957:cancel
/home/TacoPants/projects/Ayumi/.venv/lib/python3.12/site-packages/twisted/internet/defer.py:916:errback
/home/TacoPants/projects/Ayumi/.venv/lib/python3.12/site-packages/twisted/internet/defer.py:984:_startRunCallbacks
--- <exception caught here> ---
/home/TacoPants/projects/Ayumi/.venv/lib/python3.12/site-packages/twisted/internet/defer.py:1078:_runCallbacks
/home/TacoPants/projects/Ayumi/.venv/lib/python3.12/site-packages/twisted/internet/defer.py:809:convertCancelled
/home/TacoPants/projects/Ayumi/.venv/lib/python3.12/site-packages/twisted/internet/defer.py:293:_cancelledToTimedOutError
]
2026-04-30 10:09:57 | ERROR    | ayumi.openapi_spot_feed | Application auth failed
2026-04-30 10:09:57 | INFO     | ayumi.openapi_spot_feed | Reconnect scheduled in 12.8s (attempt 2)
2026-04-30 10:09:57 | INFO     | ayumi.openapi_spot_feed | Attempting reconnection...
2026-04-30 10:09:57 | INFO     | ayumi.openapi_spot_feed | Connected to demo.ctraderapi.com:5035
2026-04-30 10:09:57 | WARNING  | ayumi.openapi_spot_feed | Disconnected: [Failure instance: Traceback (failure with no frames): <class 'twisted.internet.error.ConnectionDone'>: Connection was closed cleanly.
]
2026-04-30 10:09:57 | INFO     | ayumi.openapi_spot_feed | Reconnect scheduled in 22.8s (attempt 3)
2026-04-30 10:09:58 | INFO     | ayumi.openapi_spot_feed | Application authenticated
2026-04-30 10:09:59 | INFO     | ayumi.openapi_spot_feed | Account authenticated
2026-04-30 10:09:59 | INFO     | ayumi.openapi_spot_feed | Subscribed to spot events for symbol_id=2
2026-04-30 10:09:59 | INFO     | ayumi.openapi_spot_feed | Subscribed to spot events for symbol_id=4
2026-04-30 10:09:59 | INFO     | ayumi.openapi_spot_feed | Reconnection successful
2026-04-30 10:10:00 | INFO     | ayumi.openapi_spot_feed | Attempting reconnection...
2026-04-30 10:10:00 | INFO     | ayumi.openapi_spot_feed | Connected to demo.ctraderapi.com:5035
2026-04-30 10:10:00 | WARNING  | ayumi.openapi_spot_feed | Disconnected: [Failure instance: Traceback (failure with no frames): <class 'twisted.internet.error.ConnectionDone'>: Connection was closed cleanly.
]
2026-04-30 10:10:00 | INFO     | ayumi.openapi_spot_feed | Reconnect scheduled in 5.8s (attempt 1)
2026-04-30 10:10:00 | ERROR    | ayumi.openapi_spot_feed | Send-and-wait failed: [Failure instance: Traceback: <class 'twisted.internet.defer.TimeoutError'>: (10, 'Deferred')
/home/TacoPants/projects/Ayumi/.venv/lib/python3.12/site-packages/twisted/internet/defer.py:798:timeItOut
/home/TacoPants/projects/Ayumi/.venv/lib/python3.12/site-packages/twisted/internet/defer.py:957:cancel
/home/TacoPants/projects/Ayumi/.venv/lib/python3.12/site-packages/twisted/internet/defer.py:916:errback
/home/TacoPants/projects/Ayumi/.venv/lib/python3.12/site-packages/twisted/internet/defer.py:984:_startRunCallbacks
--- <exception caught here> ---
/home/TacoPants/projects/Ayumi/.venv/lib/python3.12/site-packages/twisted/internet/defer.py:1078:_runCallbacks
/home/TacoPants/projects/Ayumi/.venv/lib/python3.12/site-packages/twisted/internet/defer.py:809:convertCancelled
/home/TacoPants/projects/Ayumi/.venv/lib/python3.12/site-packages/twisted/internet/defer.py:293:_cancelledToTimedOutError
]
2026-04-30 10:10:00 | ERROR    | ayumi.openapi_spot_feed | Application auth failed
2026-04-30 10:10:00 | INFO     | ayumi.openapi_spot_feed | Reconnect scheduled in 11.2s (attempt 2)
2026-04-30 10:10:01 | ERROR    | ayumi.openapi_spot_feed | Send-and-wait failed: [Failure instance: Traceback: <class 'twisted.internet.defer.TimeoutError'>: (10, 'Deferred')
/home/TacoPants/projects/Ayumi/.venv/lib/python3.12/site-packages/twisted/internet/defer.py:798:timeItOut
/home/TacoPants/projects/Ayumi/.venv/lib/python3.12/site-packages/twisted/internet/defer.py:957:cancel
/home/TacoPants/projects/Ayumi/.venv/lib/python3.12/site-packages/twisted/internet/defer.py:916:errback
/home/TacoPants/projects/Ayumi/.venv/lib/python3.12/site-packages/twisted/internet/defer.py:984:_startRunCallbacks
--- <exception caught here> ---
/home/TacoPants/projects/Ayumi/.venv/lib/python3.12/site-packages/twisted/internet/defer.py:1078:_runCallbacks
/home/TacoPants/projects/Ayumi/.venv/lib/python3.12/site-packages/twisted/internet/defer.py:809:convertCancelled
/home/TacoPants/projects/Ayumi/.venv/lib/python3.12/site-packages/twisted/internet/defer.py:293:_cancelledToTimedOutError
]
2026-04-30 10:10:01 | ERROR    | ayumi.openapi_spot_feed | Application auth failed
2026-04-30 10:10:01 | INFO     | ayumi.openapi_spot_feed | Reconnect scheduled in 24.7s (attempt 3)
2026-04-30 10:10:01 | INFO     | ayumi.openapi_spot_feed | Application authenticated
2026-04-30 10:10:01 | INFO     | ayumi.openapi_spot_feed | Attempting reconnection...
2026-04-30 10:10:01 | INFO     | ayumi.openapi_spot_feed | Connected to demo.ctraderapi.com:5035
2026-04-30 10:10:01 | WARNING  | ayumi.openapi_spot_feed | Disconnected: [Failure instance: Traceback (failure with no frames): <class 'twisted.internet.error.ConnectionDone'>: Connection was closed cleanly.
]
2026-04-30 10:10:01 | INFO     | ayumi.openapi_spot_feed | Reconnect scheduled in 46.1s (attempt 4)
2026-04-30 10:10:02 | INFO     | ayumi.openapi_spot_feed | Attempting reconnection...
2026-04-30 10:10:02 | INFO     | ayumi.openapi_spot_feed | Connected to demo.ctraderapi.com:5035
2026-04-30 10:10:02 | WARNING  | ayumi.openapi_spot_feed | Disconnected: [Failure instance: Traceback (failure with no frames): <class 'twisted.internet.error.ConnectionDone'>: Connection was closed cleanly.
]
2026-04-30 10:10:02 | INFO     | ayumi.openapi_spot_feed | Reconnect scheduled in 83.8s (attempt 5)
2026-04-30 10:10:02 | ERROR    | ayumi.openapi_spot_feed | Send-and-wait failed: [Failure instance: Traceback: <class 'twisted.internet.defer.TimeoutError'>: (10, 'Deferred')
/home/TacoPants/projects/Ayumi/.venv/lib/python3.12/site-packages/twisted/internet/defer.py:798:timeItOut
/home/TacoPants/projects/Ayumi/.venv/lib/python3.12/site-packages/twisted/internet/defer.py:957:cancel
/home/TacoPants/projects/Ayumi/.venv/lib/python3.12/site-packages/twisted/internet/defer.py:916:errback
/home/TacoPants/projects/Ayumi/.venv/lib/python3.12/site-packages/twisted/internet/defer.py:984:_startRunCallbacks
--- <exception caught here> ---
/home/TacoPants/projects/Ayumi/.venv/lib/python3.12/site-packages/twisted/internet/defer.py:1078:_runCallbacks
/home/TacoPants/projects/Ayumi/.venv/lib/python3.12/site-packages/twisted/internet/defer.py:809:convertCancelled
/home/TacoPants/projects/Ayumi/.venv/lib/python3.12/site-packages/twisted/internet/defer.py:293:_cancelledToTimedOutError
]
2026-04-30 10:10:02 | ERROR    | ayumi.openapi_spot_feed | Account auth failed
2026-04-30 10:10:02 | INFO     | ayumi.openapi_spot_feed | Reconnect scheduled in 122.0s (attempt 6)
2026-04-30 10:10:03 | ERROR    | ayumi.openapi_spot_feed | Send-and-wait failed: [Failure instance: Traceback: <class 'twisted.internet.defer.TimeoutError'>: (10, 'Deferred')
/home/TacoPants/projects/Ayumi/.venv/lib/python3.12/site-packages/twisted/internet/defer.py:798:timeItOut
/home/TacoPants/projects/Ayumi/.venv/lib/python3.12/site-packages/twisted/internet/defer.py:957:cancel
/home/TacoPants/projects/Ayumi/.venv/lib/python3.12/site-packages/twisted/internet/defer.py:916:errback
/home/TacoPants/projects/Ayumi/.venv/lib/python3.12/site-packages/twisted/internet/defer.py:984:_startRunCallbacks
--- <exception caught here> ---
/home/TacoPants/projects/Ayumi/.venv/lib/python3.12/site-packages/twisted/internet/defer.py:1078:_runCallbacks
/home/TacoPants/projects/Ayumi/.venv/lib/python3.12/site-packages/twisted/internet/defer.py:809:convertCancelled
/home/TacoPants/projects/Ayumi/.venv/lib/python3.12/site-packages/twisted/internet/defer.py:293:_cancelledToTimedOutError
]
2026-04-30 10:10:03 | ERROR    | ayumi.openapi_spot_feed | Application auth failed
2026-04-30 10:10:03 | INFO     | ayumi.openapi_spot_feed | Reconnect scheduled in 148.7s (attempt 7)
2026-04-30 10:10:03 | ERROR    | ayumi.openapi_spot_feed | Send-and-wait failed: [Failure instance: Traceback: <class 'twisted.internet.defer.TimeoutError'>: (10, 'Deferred')
/home/TacoPants/projects/Ayumi/.venv/lib/python3.12/site-packages/twisted/internet/defer.py:798:timeItOut
/home/TacoPants/projects/Ayumi/.venv/lib/python3.12/site-packages/twisted/internet/defer.py:957:cancel
/home/TacoPants/projects/Ayumi/.venv/lib/python3.12/site-packages/twisted/internet/defer.py:916:errback
/home/TacoPants/projects/Ayumi/.venv/lib/python3.12/site-packages/twisted/internet/defer.py:984:_startRunCallbacks
--- <exception caught here> ---
/home/TacoPants/projects/Ayumi/.venv/lib/python3.12/site-packages/twisted/internet/defer.py:1078:_runCallbacks
/home/TacoPants/projects/Ayumi/.venv/lib/python3.12/site-packages/twisted/internet/defer.py:809:convertCancelled
/home/TacoPants/projects/Ayumi/.venv/lib/python3.12/site-packages/twisted/internet/defer.py:293:_cancelledToTimedOutError
]
2026-04-30 10:10:03 | ERROR    | ayumi.openapi_spot_feed | Application auth failed
2026-04-30 10:10:03 | INFO     | ayumi.openapi_spot_feed | Reconnect scheduled in 126.0s (attempt 8)
2026-04-30 10:10:03 | INFO     | ayumi.openapi_spot_feed | Attempting reconnection...
2026-04-30 10:10:03 | INFO     | ayumi.openapi_spot_feed | Connected to demo.ctraderapi.com:5035
2026-04-30 10:10:03 | INFO     | ayumi.openapi_spot_feed | Application authenticated
2026-04-30 10:10:03 | WARNING  | ayumi.openapi_spot_feed | Disconnected: [Failure instance: Traceback (failure with no frames): <class 'twisted.internet.error.ConnectionDone'>: Connection was closed cleanly.
]
2026-04-30 10:10:03 | INFO     | ayumi.openapi_spot_feed | Reconnect scheduled in 146.5s (attempt 9)
2026-04-30 10:10:03 | INFO     | ayumi.openapi_spot_feed | Attempting reconnection...
2026-04-30 10:10:03 | INFO     | ayumi.openapi_spot_feed | Connected to demo.ctraderapi.com:5035
2026-04-30 10:10:03 | WARNING  | ayumi.openapi_spot_feed | Disconnected: [Failure instance: Traceback (failure with no frames): <class 'twisted.internet.error.ConnectionDone'>: Connection was closed cleanly.
]
2026-04-30 10:10:03 | INFO     | ayumi.openapi_spot_feed | Reconnect scheduled in 130.0s (attempt 10)
2026-04-30 10:10:04 | INFO     | ayumi.openapi_spot_feed | Attempting reconnection...
2026-04-30 10:10:04 | INFO     | ayumi.openapi_spot_feed | Connected to demo.ctraderapi.com:5035
2026-04-30 10:10:04 | INFO     | ayumi.openapi_spot_feed | Application authenticated
2026-04-30 10:10:04 | WARNING  | ayumi.openapi_spot_feed | Disconnected: [Failure instance: Traceback (failure with no frames): <class 'twisted.internet.error.ConnectionDone'>: Connection was closed cleanly.
]
2026-04-30 10:10:04 | INFO     | ayumi.openapi_spot_feed | Reconnect scheduled in 138.9s (attempt 11)
2026-04-30 10:10:05 | INFO     | ayumi.openapi_spot_feed | Application authenticated
2026-04-30 10:10:06 | INFO     | ayumi.openapi_spot_feed | Attempting reconnection...
2026-04-30 10:10:06 | INFO     | ayumi.openapi_spot_feed | Connected to demo.ctraderapi.com:5035
2026-04-30 10:10:06 | WARNING  | ayumi.openapi_spot_feed | Disconnected: [Failure instance: Traceback (failure with no frames): <class 'twisted.internet.error.ConnectionDone'>: Connection was closed cleanly.
]
2026-04-30 10:10:06 | INFO     | ayumi.openapi_spot_feed | Reconnect scheduled in 129.0s (attempt 12)
2026-04-30 10:10:06 | ERROR    | ayumi.openapi_spot_feed | Send-and-wait failed: [Failure instance: Traceback: <class 'twisted.internet.defer.TimeoutError'>: (10, 'Deferred')
/home/TacoPants/projects/Ayumi/.venv/lib/python3.12/site-packages/twisted/internet/defer.py:798:timeItOut
/home/TacoPants/projects/Ayumi/.venv/lib/python3.12/site-packages/twisted/internet/defer.py:957:cancel
/home/TacoPants/projects/Ayumi/.venv/lib/python3.12/site-packages/twisted/internet/defer.py:916:errback
/home/TacoPants/projects/Ayumi/.venv/lib/python3.12/site-packages/twisted/internet/defer.py:984:_startRunCallbacks
--- <exception caught here> ---
/home/TacoPants/projects/Ayumi/.venv/lib/python3.12/site-packages/twisted/internet/defer.py:1078:_runCallbacks
/home/TacoPants/projects/Ayumi/.venv/lib/python3.12/site-packages/twisted/internet/defer.py:809:convertCancelled
/home/TacoPants/projects/Ayumi/.venv/lib/python3.12/site-packages/twisted/internet/defer.py:293:_cancelledToTimedOutError
]
2026-04-30 10:10:06 | ERROR    | ayumi.openapi_spot_feed | Application auth failed
2026-04-30 10:10:06 | INFO     | ayumi.openapi_spot_feed | Reconnect scheduled in 144.5s (attempt 13)
2026-04-30 10:10:07 | INFO     | ayumi.openapi_spot_feed | Application authenticated
2026-04-30 10:10:08 | INFO     | ayumi.openapi_spot_feed | Account authenticated
2026-04-30 10:10:08 | INFO     | ayumi.openapi_spot_feed | Subscribed to spot events for symbol_id=2
2026-04-30 10:10:08 | INFO     | ayumi.openapi_spot_feed | Subscribed to spot events for symbol_id=4
2026-04-30 10:10:08 | INFO     | ayumi.openapi_spot_feed | Reconnection successful
2026-04-30 10:10:09 | INFO     | ayumi.openapi_spot_feed | Attempting reconnection...
2026-04-30 10:10:09 | INFO     | ayumi.openapi_spot_feed | Connected to demo.ctraderapi.com:5035
2026-04-30 10:10:09 | WARNING  | ayumi.openapi_spot_feed | Disconnected: [Failure instance: Traceback (failure with no frames): <class 'twisted.internet.error.ConnectionDone'>: Connection was closed cleanly.
]
2026-04-30 10:10:09 | INFO     | ayumi.openapi_spot_feed | Reconnect scheduled in 5.4s (attempt 1)
2026-04-30 10:10:10 | INFO     | ayumi.openapi_spot_feed | Attempting reconnection...
2026-04-30 10:10:10 | INFO     | ayumi.openapi_spot_feed | Connected to demo.ctraderapi.com:5035
2026-04-30 10:10:10 | WARNING  | ayumi.openapi_spot_feed | Disconnected: [Failure instance: Traceback (failure with no frames): <class 'twisted.internet.error.ConnectionDone'>: Connection was closed cleanly.
]
2026-04-30 10:10:10 | INFO     | ayumi.openapi_spot_feed | Reconnect scheduled in 11.4s (attempt 2)
2026-04-30 10:10:11 | INFO     | ayumi.openapi_spot_feed | Application authenticated
2026-04-30 10:10:11 | ERROR    | ayumi.openapi_spot_feed | Send-and-wait failed: [Failure instance: Traceback: <class 'twisted.internet.defer.TimeoutError'>: (10, 'Deferred')
/home/TacoPants/projects/Ayumi/.venv/lib/python3.12/site-packages/twisted/internet/defer.py:798:timeItOut
/home/TacoPants/projects/Ayumi/.venv/lib/python3.12/site-packages/twisted/internet/defer.py:957:cancel
/home/TacoPants/projects/Ayumi/.venv/lib/python3.12/site-packages/twisted/internet/defer.py:916:errback
/home/TacoPants/projects/Ayumi/.venv/lib/python3.12/site-packages/twisted/internet/defer.py:984:_startRunCallbacks
--- <exception caught here> ---
/home/TacoPants/projects/Ayumi/.venv/lib/python3.12/site-packages/twisted/internet/defer.py:1078:_runCallbacks
/home/TacoPants/projects/Ayumi/.venv/lib/python3.12/site-packages/twisted/internet/defer.py:809:convertCancelled
/home/TacoPants/projects/Ayumi/.venv/lib/python3.12/site-packages/twisted/internet/defer.py:293:_cancelledToTimedOutError
]
2026-04-30 10:10:11 | ERROR    | ayumi.openapi_spot_feed | Account auth failed
2026-04-30 10:10:11 | INFO     | ayumi.openapi_spot_feed | Reconnect scheduled in 22.0s (attempt 3)
2026-04-30 10:10:11 | ERROR    | ayumi.openapi_spot_feed | Send-and-wait failed: [Failure instance: Traceback: <class 'twisted.internet.defer.TimeoutError'>: (10, 'Deferred')
/home/TacoPants/projects/Ayumi/.venv/lib/python3.12/site-packages/twisted/internet/defer.py:798:timeItOut
/home/TacoPants/projects/Ayumi/.venv/lib/python3.12/site-packages/twisted/internet/defer.py:957:cancel
/home/TacoPants/projects/Ayumi/.venv/lib/python3.12/site-packages/twisted/internet/defer.py:916:errback
/home/TacoPants/projects/Ayumi/.venv/lib/python3.12/site-packages/twisted/internet/defer.py:984:_startRunCallbacks
--- <exception caught here> ---
/home/TacoPants/projects/Ayumi/.venv/lib/python3.12/site-packages/twisted/internet/defer.py:1078:_runCallbacks
/home/TacoPants/projects/Ayumi/.venv/lib/python3.12/site-packages/twisted/internet/defer.py:809:convertCancelled
/home/TacoPants/projects/Ayumi/.venv/lib/python3.12/site-packages/twisted/internet/defer.py:293:_cancelledToTimedOutError
]
2026-04-30 10:10:11 | ERROR    | ayumi.openapi_spot_feed | Application auth failed
2026-04-30 10:10:11 | INFO     | ayumi.openapi_spot_feed | Reconnect scheduled in 41.4s (attempt 4)
2026-04-30 10:10:11 | INFO     | ayumi.openapi_spot_feed | Attempting reconnection...
2026-04-30 10:10:11 | INFO     | ayumi.openapi_spot_feed | Connected to demo.ctraderapi.com:5035
2026-04-30 10:10:11 | WARNING  | ayumi.openapi_spot_feed | Disconnected: [Failure instance: Traceback (failure with no frames): <class 'twisted.internet.error.ConnectionDone'>: Connection was closed cleanly.
]
2026-04-30 10:10:11 | INFO     | ayumi.openapi_spot_feed | Reconnect scheduled in 94.8s (attempt 5)
2026-04-30 10:10:12 | INFO     | ayumi.openapi_spot_feed | Attempting reconnection...
2026-04-30 10:10:12 | INFO     | ayumi.openapi_spot_feed | Attempting reconnection...
2026-04-30 10:10:12 | INFO     | ayumi.openapi_spot_feed | Connected to demo.ctraderapi.com:5035
2026-04-30 10:10:12 | INFO     | ayumi.openapi_spot_feed | Connected to demo.ctraderapi.com:5035
2026-04-30 10:10:12 | WARNING  | ayumi.openapi_spot_feed | Disconnected: [Failure instance: Traceback (failure with no frames): <class 'twisted.internet.error.ConnectionDone'>: Connection was closed cleanly.
]
2026-04-30 10:10:12 | INFO     | ayumi.openapi_spot_feed | Reconnect scheduled in 125.9s (attempt 6)
2026-04-30 10:10:12 | INFO     | ayumi.openapi_spot_feed | Attempting reconnection...
2026-04-30 10:10:12 | INFO     | ayumi.openapi_spot_feed | Connected to demo.ctraderapi.com:5035
2026-04-30 10:10:12 | WARNING  | ayumi.openapi_spot_feed | Disconnected: [Failure instance: Traceback (failure with no frames): <class 'twisted.internet.error.ConnectionDone'>: Connection was closed cleanly.
]
2026-04-30 10:10:12 | INFO     | ayumi.openapi_spot_feed | Reconnect scheduled in 129.9s (attempt 7)
2026-04-30 10:10:13 | ERROR    | ayumi.openapi_spot_feed | Send-and-wait failed: [Failure instance: Traceback: <class 'twisted.internet.defer.TimeoutError'>: (10, 'Deferred')
/home/TacoPants/projects/Ayumi/.venv/lib/python3.12/site-packages/twisted/internet/defer.py:798:timeItOut
/home/TacoPants/projects/Ayumi/.venv/lib/python3.12/site-packages/twisted/internet/defer.py:957:cancel
/home/TacoPants/projects/Ayumi/.venv/lib/python3.12/site-packages/twisted/internet/defer.py:916:errback
/home/TacoPants/projects/Ayumi/.venv/lib/python3.12/site-packages/twisted/internet/defer.py:984:_startRunCallbacks
--- <exception caught here> ---
/home/TacoPants/projects/Ayumi/.venv/lib/python3.12/site-packages/twisted/internet/defer.py:1078:_runCallbacks
/home/TacoPants/projects/Ayumi/.venv/lib/python3.12/site-packages/twisted/internet/defer.py:809:convertCancelled
/home/TacoPants/projects/Ayumi/.venv/lib/python3.12/site-packages/twisted/internet/defer.py:293:_cancelledToTimedOutError
]
2026-04-30 10:10:13 | ERROR    | ayumi.openapi_spot_feed | Application auth failed
2026-04-30 10:10:13 | INFO     | ayumi.openapi_spot_feed | Reconnect scheduled in 146.6s (attempt 8)
2026-04-30 10:10:13 | ERROR    | ayumi.openapi_spot_feed | Send-and-wait failed: [Failure instance: Traceback: <class 'twisted.internet.defer.TimeoutError'>: (10, 'Deferred')
/home/TacoPants/projects/Ayumi/.venv/lib/python3.12/site-packages/twisted/internet/defer.py:798:timeItOut
/home/TacoPants/projects/Ayumi/.venv/lib/python3.12/site-packages/twisted/internet/defer.py:957:cancel
/home/TacoPants/projects/Ayumi/.venv/lib/python3.12/site-packages/twisted/internet/defer.py:916:errback
/home/TacoPants/projects/Ayumi/.venv/lib/python3.12/site-packages/twisted/internet/defer.py:984:_startRunCallbacks
--- <exception caught here> ---
/home/TacoPants/projects/Ayumi/.venv/lib/python3.12/site-packages/twisted/internet/defer.py:1078:_runCallbacks
/home/TacoPants/projects/Ayumi/.venv/lib/python3.12/site-packages/twisted/internet/defer.py:809:convertCancelled
/home/TacoPants/projects/Ayumi/.venv/lib/python3.12/site-packages/twisted/internet/defer.py:293:_cancelledToTimedOutError
]
2026-04-30 10:10:13 | ERROR    | ayumi.openapi_spot_feed | Account auth failed
2026-04-30 10:10:13 | INFO     | ayumi.openapi_spot_feed | Reconnect scheduled in 128.6s (attempt 9)
2026-04-30 10:10:14 | ERROR    | ayumi.openapi_spot_feed | Send-and-wait failed: [Failure instance: Traceback: <class 'twisted.internet.defer.TimeoutError'>: (10, 'Deferred')
/home/TacoPants/projects/Ayumi/.venv/lib/python3.12/site-packages/twisted/internet/defer.py:798:timeItOut
/home/TacoPants/projects/Ayumi/.venv/lib/python3.12/site-packages/twisted/internet/defer.py:957:cancel
/home/TacoPants/projects/Ayumi/.venv/lib/python3.12/site-packages/twisted/internet/defer.py:916:errback
/home/TacoPants/projects/Ayumi/.venv/lib/python3.12/site-packages/twisted/internet/defer.py:984:_startRunCallbacks
--- <exception caught here> ---
/home/TacoPants/projects/Ayumi/.venv/lib/python3.12/site-packages/twisted/internet/defer.py:1078:_runCallbacks
/home/TacoPants/projects/Ayumi/.venv/lib/python3.12/site-packages/twisted/internet/defer.py:809:convertCancelled
/home/TacoPants/projects/Ayumi/.venv/lib/python3.12/site-packages/twisted/internet/defer.py:293:_cancelledToTimedOutError
]
2026-04-30 10:10:14 | ERROR    | ayumi.openapi_spot_feed | Account auth failed
2026-04-30 10:10:14 | INFO     | ayumi.openapi_spot_feed | Reconnect scheduled in 129.4s (attempt 10)
2026-04-30 10:10:15 | INFO     | ayumi.openapi_spot_feed | Attempting reconnection...
2026-04-30 10:10:15 | INFO     | ayumi.openapi_spot_feed | Connected to demo.ctraderapi.com:5035
2026-04-30 10:10:15 | WARNING  | ayumi.openapi_spot_feed | Disconnected: [Failure instance: Traceback (failure with no frames): <class 'twisted.internet.error.ConnectionDone'>: Connection was closed cleanly.
]
2026-04-30 10:10:15 | INFO     | ayumi.openapi_spot_feed | Reconnect scheduled in 153.2s (attempt 11)
2026-04-30 10:10:15 | ERROR    | ayumi.openapi_spot_feed | Send-and-wait failed: [Failure instance: Traceback: <class 'twisted.internet.defer.TimeoutError'>: (10, 'Deferred')
/home/TacoPants/projects/Ayumi/.venv/lib/python3.12/site-packages/twisted/internet/defer.py:798:timeItOut
/home/TacoPants/projects/Ayumi/.venv/lib/python3.12/site-packages/twisted/internet/defer.py:957:cancel
/home/TacoPants/projects/Ayumi/.venv/lib/python3.12/site-packages/twisted/internet/defer.py:916:errback
/home/TacoPants/projects/Ayumi/.venv/lib/python3.12/site-packages/twisted/internet/defer.py:984:_startRunCallbacks
--- <exception caught here> ---
/home/TacoPants/projects/Ayumi/.venv/lib/python3.12/site-packages/twisted/internet/defer.py:1078:_runCallbacks
/home/TacoPants/projects/Ayumi/.venv/lib/python3.12/site-packages/twisted/internet/defer.py:809:convertCancelled
/home/TacoPants/projects/Ayumi/.venv/lib/python3.12/site-packages/twisted/internet/defer.py:293:_cancelledToTimedOutError
]
2026-04-30 10:10:15 | ERROR    | ayumi.openapi_spot_feed | Account auth failed
2026-04-30 10:10:15 | INFO     | ayumi.openapi_spot_feed | Reconnect scheduled in 130.1s (attempt 12)
2026-04-30 10:10:19 | ERROR    | ayumi.openapi_spot_feed | Send-and-wait failed: [Failure instance: Traceback: <class 'twisted.internet.defer.TimeoutError'>: (10, 'Deferred')
/home/TacoPants/projects/Ayumi/.venv/lib/python3.12/site-packages/twisted/internet/defer.py:798:timeItOut
/home/TacoPants/projects/Ayumi/.venv/lib/python3.12/site-packages/twisted/internet/defer.py:957:cancel
/home/TacoPants/projects/Ayumi/.venv/lib/python3.12/site-packages/twisted/internet/defer.py:916:errback
/home/TacoPants/projects/Ayumi/.venv/lib/python3.12/site-packages/twisted/internet/defer.py:984:_startRunCallbacks
--- <exception caught here> ---
/home/TacoPants/projects/Ayumi/.venv/lib/python3.12/site-packages/twisted/internet/defer.py:1078:_runCallbacks
/home/TacoPants/projects/Ayumi/.venv/lib/python3.12/site-packages/twisted/internet/defer.py:809:convertCancelled
/home/TacoPants/projects/Ayumi/.venv/lib/python3.12/site-packages/twisted/internet/defer.py:293:_cancelledToTimedOutError
]
2026-04-30 10:10:19 | ERROR    | ayumi.openapi_spot_feed | Application auth failed
2026-04-30 10:10:19 | INFO     | ayumi.openapi_spot_feed | Reconnect scheduled in 142.5s (attempt 13)
2026-04-30 10:10:20 | INFO     | ayumi.openapi_spot_feed | Attempting reconnection...
2026-04-30 10:10:20 | INFO     | ayumi.openapi_spot_feed | Connected to demo.ctraderapi.com:5035
2026-04-30 10:10:20 | WARNING  | ayumi.openapi_spot_feed | Disconnected: [Failure instance: Traceback (failure with no frames): <class 'twisted.internet.error.ConnectionDone'>: Connection was closed cleanly.
]
2026-04-30 10:10:20 | INFO     | ayumi.openapi_spot_feed | Reconnect scheduled in 127.3s (attempt 14)
2026-04-30 10:10:21 | ERROR    | ayumi.openapi_spot_feed | Send-and-wait failed: [Failure instance: Traceback: <class 'twisted.internet.defer.TimeoutError'>: (10, 'Deferred')
/home/TacoPants/projects/Ayumi/.venv/lib/python3.12/site-packages/twisted/internet/defer.py:798:timeItOut
/home/TacoPants/projects/Ayumi/.venv/lib/python3.12/site-packages/twisted/internet/defer.py:957:cancel
/home/TacoPants/projects/Ayumi/.venv/lib/python3.12/site-packages/twisted/internet/defer.py:916:errback
/home/TacoPants/projects/Ayumi/.venv/lib/python3.12/site-packages/twisted/internet/defer.py:984:_startRunCallbacks
--- <exception caught here> ---
/home/TacoPants/projects/Ayumi/.venv/lib/python3.12/site-packages/twisted/internet/defer.py:1078:_runCallbacks
/home/TacoPants/projects/Ayumi/.venv/lib/python3.12/site-packages/twisted/internet/defer.py:809:convertCancelled
/home/TacoPants/projects/Ayumi/.venv/lib/python3.12/site-packages/twisted/internet/defer.py:293:_cancelledToTimedOutError
]
2026-04-30 10:10:21 | ERROR    | ayumi.openapi_spot_feed | Account auth failed
2026-04-30 10:10:21 | INFO     | ayumi.openapi_spot_feed | Reconnect scheduled in 131.3s (attempt 15)
2026-04-30 10:10:21 | INFO     | ayumi.openapi_spot_feed | Attempting reconnection...
2026-04-30 10:10:21 | INFO     | ayumi.openapi_spot_feed | Connected to demo.ctraderapi.com:5035
2026-04-30 10:10:21 | WARNING  | ayumi.openapi_spot_feed | Disconnected: [Failure instance: Traceback (failure with no frames): <class 'twisted.internet.error.ConnectionDone'>: Connection was closed cleanly.
]
2026-04-30 10:10:21 | INFO     | ayumi.openapi_spot_feed | Reconnect scheduled in 149.9s (attempt 16)
2026-04-30 10:10:21 | INFO     | ayumi.openapi_spot_feed | Attempting reconnection...
2026-04-30 10:10:21 | INFO     | ayumi.openapi_spot_feed | Connected to demo.ctraderapi.com:5035
2026-04-30 10:10:21 | ERROR    | ayumi.openapi_spot_feed | Send-and-wait failed: [Failure instance: Traceback: <class 'twisted.internet.defer.TimeoutError'>: (10, 'Deferred')
/home/TacoPants/projects/Ayumi/.venv/lib/python3.12/site-packages/twisted/internet/defer.py:798:timeItOut
/home/TacoPants/projects/Ayumi/.venv/lib/python3.12/site-packages/twisted/internet/defer.py:957:cancel
/home/TacoPants/projects/Ayumi/.venv/lib/python3.12/site-packages/twisted/internet/defer.py:916:errback
/home/TacoPants/projects/Ayumi/.venv/lib/python3.12/site-packages/twisted/internet/defer.py:984:_startRunCallbacks
--- <exception caught here> ---
/home/TacoPants/projects/Ayumi/.venv/lib/python3.12/site-packages/twisted/internet/defer.py:1078:_runCallbacks
/home/TacoPants/projects/Ayumi/.venv/lib/python3.12/site-packages/twisted/internet/defer.py:809:convertCancelled
/home/TacoPants/projects/Ayumi/.venv/lib/python3.12/site-packages/twisted/internet/defer.py:293:_cancelledToTimedOutError
]
2026-04-30 10:10:21 | ERROR    | ayumi.openapi_spot_feed | Application auth failed
2026-04-30 10:10:21 | INFO     | ayumi.openapi_spot_feed | Reconnect scheduled in 152.2s (attempt 17)
2026-04-30 10:10:21 | WARNING  | ayumi.openapi_spot_feed | Disconnected: [Failure instance: Traceback (failure with no frames): <class 'twisted.internet.error.ConnectionDone'>: Connection was closed cleanly.
]
2026-04-30 10:10:21 | INFO     | ayumi.openapi_spot_feed | Reconnect scheduled in 148.1s (attempt 18)
2026-04-30 10:10:22 | ERROR    | ayumi.openapi_spot_feed | Send-and-wait failed: [Failure instance: Traceback: <class 'twisted.internet.defer.TimeoutError'>: (10, 'Deferred')
/home/TacoPants/projects/Ayumi/.venv/lib/python3.12/site-packages/twisted/internet/defer.py:798:timeItOut
/home/TacoPants/projects/Ayumi/.venv/lib/python3.12/site-packages/twisted/internet/defer.py:957:cancel
/home/TacoPants/projects/Ayumi/.venv/lib/python3.12/site-packages/twisted/internet/defer.py:916:errback
/home/TacoPants/projects/Ayumi/.venv/lib/python3.12/site-packages/twisted/internet/defer.py:984:_startRunCallbacks
--- <exception caught here> ---
/home/TacoPants/projects/Ayumi/.venv/lib/python3.12/site-packages/twisted/internet/defer.py:1078:_runCallbacks
/home/TacoPants/projects/Ayumi/.venv/lib/python3.12/site-packages/twisted/internet/defer.py:809:convertCancelled
/home/TacoPants/projects/Ayumi/.venv/lib/python3.12/site-packages/twisted/internet/defer.py:293:_cancelledToTimedOutError
]
2026-04-30 10:10:22 | ERROR    | ayumi.openapi_spot_feed | Send-and-wait failed: [Failure instance: Traceback: <class 'twisted.internet.defer.TimeoutError'>: (10, 'Deferred')
/home/TacoPants/projects/Ayumi/.venv/lib/python3.12/site-packages/twisted/internet/defer.py:798:timeItOut
/home/TacoPants/projects/Ayumi/.venv/lib/python3.12/site-packages/twisted/internet/defer.py:957:cancel
/home/TacoPants/projects/Ayumi/.venv/lib/python3.12/site-packages/twisted/internet/defer.py:916:errback
/home/TacoPants/projects/Ayumi/.venv/lib/python3.12/site-packages/twisted/internet/defer.py:984:_startRunCallbacks
--- <exception caught here> ---
/home/TacoPants/projects/Ayumi/.venv/lib/python3.12/site-packages/twisted/internet/defer.py:1078:_runCallbacks
/home/TacoPants/projects/Ayumi/.venv/lib/python3.12/site-packages/twisted/internet/defer.py:809:convertCancelled
/home/TacoPants/projects/Ayumi/.venv/lib/python3.12/site-packages/twisted/internet/defer.py:293:_cancelledToTimedOutError
]
2026-04-30 10:10:22 | ERROR    | ayumi.openapi_spot_feed | Application auth failed
2026-04-30 10:10:22 | ERROR    | ayumi.openapi_spot_feed | Application auth failed
2026-04-30 10:10:22 | INFO     | ayumi.openapi_spot_feed | Reconnect scheduled in 129.4s (attempt 19)
2026-04-30 10:10:22 | INFO     | ayumi.openapi_spot_feed | Reconnect scheduled in 130.9s (attempt 20)
2026-04-30 10:10:22 | ERROR    | ayumi.openapi_spot_feed | Send-and-wait failed: [Failure instance: Traceback: <class 'twisted.internet.defer.TimeoutError'>: (10, 'Deferred')
/home/TacoPants/projects/Ayumi/.venv/lib/python3.12/site-packages/twisted/internet/defer.py:798:timeItOut
/home/TacoPants/projects/Ayumi/.venv/lib/python3.12/site-packages/twisted/internet/defer.py:957:cancel
/home/TacoPants/projects/Ayumi/.venv/lib/python3.12/site-packages/twisted/internet/defer.py:916:errback
/home/TacoPants/projects/Ayumi/.venv/lib/python3.12/site-packages/twisted/internet/defer.py:984:_startRunCallbacks
--- <exception caught here> ---
/home/TacoPants/projects/Ayumi/.venv/lib/python3.12/site-packages/twisted/internet/defer.py:1078:_runCallbacks
/home/TacoPants/projects/Ayumi/.venv/lib/python3.12/site-packages/twisted/internet/defer.py:809:convertCancelled
/home/TacoPants/projects/Ayumi/.venv/lib/python3.12/site-packages/twisted/internet/defer.py:293:_cancelledToTimedOutError
]
2026-04-30 10:10:22 | ERROR    | ayumi.openapi_spot_feed | Application auth failed
2026-04-30 10:10:22 | CRITICAL | ayumi.openapi_spot_feed | Reconnect circuit-breaker tripped: 21 attempts (max=20)
2026-04-30 10:10:25 | ERROR    | ayumi.openapi_spot_feed | Send-and-wait failed: [Failure instance: Traceback: <class 'twisted.internet.defer.TimeoutError'>: (10, 'Deferred')
/home/TacoPants/projects/Ayumi/.venv/lib/python3.12/site-packages/twisted/internet/defer.py:798:timeItOut
/home/TacoPants/projects/Ayumi/.venv/lib/python3.12/site-packages/twisted/internet/defer.py:957:cancel
/home/TacoPants/projects/Ayumi/.venv/lib/python3.12/site-packages/twisted/internet/defer.py:916:errback
/home/TacoPants/projects/Ayumi/.venv/lib/python3.12/site-packages/twisted/internet/defer.py:984:_startRunCallbacks
--- <exception caught here> ---
/home/TacoPants/projects/Ayumi/.venv/lib/python3.12/site-packages/twisted/internet/defer.py:1078:_runCallbacks
/home/TacoPants/projects/Ayumi/.venv/lib/python3.12/site-packages/twisted/internet/defer.py:809:convertCancelled
/home/TacoPants/projects/Ayumi/.venv/lib/python3.12/site-packages/twisted/internet/defer.py:293:_cancelledToTimedOutError
]
2026-04-30 10:10:25 | ERROR    | ayumi.openapi_spot_feed | Application auth failed
2026-04-30 10:10:25 | CRITICAL | ayumi.openapi_spot_feed | Reconnect circuit-breaker tripped: 22 attempts (max=20)
2026-04-30 10:10:29 | WARNING  | ayumi.forward_test | Connection health check failed: connected=False last_tick_ago=20.2s threshold=900.0s — reconnecting
2026-04-30 10:10:29 | INFO     | ayumi.forward_test | Reconnection attempt 1 (backoff=5.0s)
2026-04-30 10:10:29 | INFO     | ayumi.openapi_spot_feed | Connected to demo.ctraderapi.com:5035
2026-04-30 10:10:30 | ERROR    | ayumi.openapi_spot_feed | Send-and-wait failed: [Failure instance: Traceback: <class 'twisted.internet.defer.TimeoutError'>: (10, 'Deferred')
/home/TacoPants/projects/Ayumi/.venv/lib/python3.12/site-packages/twisted/internet/defer.py:798:timeItOut
/home/TacoPants/projects/Ayumi/.venv/lib/python3.12/site-packages/twisted/internet/defer.py:957:cancel
/home/TacoPants/projects/Ayumi/.venv/lib/python3.12/site-packages/twisted/internet/defer.py:916:errback
/home/TacoPants/projects/Ayumi/.venv/lib/python3.12/site-packages/twisted/internet/defer.py:984:_startRunCallbacks
--- <exception caught here> ---
/home/TacoPants/projects/Ayumi/.venv/lib/python3.12/site-packages/twisted/internet/defer.py:1078:_runCallbacks
/home/TacoPants/projects/Ayumi/.venv/lib/python3.12/site-packages/twisted/internet/defer.py:809:convertCancelled
/home/TacoPants/projects/Ayumi/.venv/lib/python3.12/site-packages/twisted/internet/defer.py:293:_cancelledToTimedOutError
]
2026-04-30 10:10:30 | ERROR    | ayumi.openapi_spot_feed | Application auth failed
2026-04-30 10:10:30 | CRITICAL | ayumi.openapi_spot_feed | Reconnect circuit-breaker tripped: 23 attempts (max=20)
2026-04-30 10:10:31 | ERROR    | ayumi.openapi_spot_feed | Send-and-wait failed: [Failure instance: Traceback: <class 'twisted.internet.defer.TimeoutError'>: (10, 'Deferred')
/home/TacoPants/projects/Ayumi/.venv/lib/python3.12/site-packages/twisted/internet/defer.py:798:timeItOut
/home/TacoPants/projects/Ayumi/.venv/lib/python3.12/site-packages/twisted/internet/defer.py:957:cancel
/home/TacoPants/projects/Ayumi/.venv/lib/python3.12/site-packages/twisted/internet/defer.py:916:errback
/home/TacoPants/projects/Ayumi/.venv/lib/python3.12/site-packages/twisted/internet/defer.py:984:_startRunCallbacks
--- <exception caught here> ---
/home/TacoPants/projects/Ayumi/.venv/lib/python3.12/site-packages/twisted/internet/defer.py:1078:_runCallbacks
/home/TacoPants/projects/Ayumi/.venv/lib/python3.12/site-packages/twisted/internet/defer.py:809:convertCancelled
/home/TacoPants/projects/Ayumi/.venv/lib/python3.12/site-packages/twisted/internet/defer.py:293:_cancelledToTimedOutError
]
2026-04-30 10:10:31 | ERROR    | ayumi.openapi_spot_feed | Application auth failed
2026-04-30 10:10:31 | CRITICAL | ayumi.openapi_spot_feed | Reconnect circuit-breaker tripped: 24 attempts (max=20)
2026-04-30 10:10:31 | ERROR    | ayumi.openapi_spot_feed | Send-and-wait failed: [Failure instance: Traceback: <class 'twisted.internet.defer.TimeoutError'>: (10, 'Deferred')
/home/TacoPants/projects/Ayumi/.venv/lib/python3.12/site-packages/twisted/internet/defer.py:798:timeItOut
/home/TacoPants/projects/Ayumi/.venv/lib/python3.12/site-packages/twisted/internet/defer.py:957:cancel
/home/TacoPants/projects/Ayumi/.venv/lib/python3.12/site-packages/twisted/internet/defer.py:916:errback
/home/TacoPants/projects/Ayumi/.venv/lib/python3.12/site-packages/twisted/internet/defer.py:984:_startRunCallbacks
--- <exception caught here> ---
/home/TacoPants/projects/Ayumi/.venv/lib/python3.12/site-packages/twisted/internet/defer.py:1078:_runCallbacks
/home/TacoPants/projects/Ayumi/.venv/lib/python3.12/site-packages/twisted/internet/defer.py:809:convertCancelled
/home/TacoPants/projects/Ayumi/.venv/lib/python3.12/site-packages/twisted/internet/defer.py:293:_cancelledToTimedOutError
]
2026-04-30 10:10:31 | ERROR    | ayumi.openapi_spot_feed | Application auth failed
2026-04-30 10:10:31 | CRITICAL | ayumi.openapi_spot_feed | Reconnect circuit-breaker tripped: 25 attempts (max=20)
2026-04-30 10:10:39 | ERROR    | ayumi.openapi_spot_feed | Send-and-wait failed: [Failure instance: Traceback: <class 'twisted.internet.defer.TimeoutError'>: (10, 'Deferred')
/home/TacoPants/projects/Ayumi/.venv/lib/python3.12/site-packages/twisted/internet/defer.py:798:timeItOut
/home/TacoPants/projects/Ayumi/.venv/lib/python3.12/site-packages/twisted/internet/defer.py:957:cancel
/home/TacoPants/projects/Ayumi/.venv/lib/python3.12/site-packages/twisted/internet/defer.py:916:errback
/home/TacoPants/projects/Ayumi/.venv/lib/python3.12/site-packages/twisted/internet/defer.py:984:_startRunCallbacks
--- <exception caught here> ---
/home/TacoPants/projects/Ayumi/.venv/lib/python3.12/site-packages/twisted/internet/defer.py:1078:_runCallbacks
/home/TacoPants/projects/Ayumi/.venv/lib/python3.12/site-packages/twisted/internet/defer.py:809:convertCancelled
/home/TacoPants/projects/Ayumi/.venv/lib/python3.12/site-packages/twisted/internet/defer.py:293:_cancelledToTimedOutError
]
2026-04-30 10:10:39 | ERROR    | ayumi.openapi_spot_feed | Application auth failed
2026-04-30 10:10:39 | WARNING  | ayumi.forward_test | Reconnection failed — next attempt in 10.0s
2026-04-30 10:10:49 | WARNING  | ayumi.forward_test | Connection health check failed: connected=False last_tick_ago=40.2s threshold=900.0s — reconnecting
2026-04-30 10:10:49 | INFO     | ayumi.forward_test | Reconnection attempt 2 (backoff=10.0s)
2026-04-30 10:10:49 | INFO     | ayumi.openapi_spot_feed | Connected to demo.ctraderapi.com:5035
2026-04-30 10:10:59 | ERROR    | ayumi.openapi_spot_feed | Send-and-wait failed: [Failure instance: Traceback: <class 'twisted.internet.defer.TimeoutError'>: (10, 'Deferred')
/home/TacoPants/projects/Ayumi/.venv/lib/python3.12/site-packages/twisted/internet/defer.py:798:timeItOut
/home/TacoPants/projects/Ayumi/.venv/lib/python3.12/site-packages/twisted/internet/defer.py:957:cancel
/home/TacoPants/projects/Ayumi/.venv/lib/python3.12/site-packages/twisted/internet/defer.py:916:errback
/home/TacoPants/projects/Ayumi/.venv/lib/python3.12/site-packages/twisted/internet/defer.py:984:_startRunCallbacks
--- <exception caught here> ---
/home/TacoPants/projects/Ayumi/.venv/lib/python3.12/site-packages/twisted/internet/defer.py:1078:_runCallbacks
/home/TacoPants/projects/Ayumi/.venv/lib/python3.12/site-packages/twisted/internet/defer.py:809:convertCancelled
/home/TacoPants/projects/Ayumi/.venv/lib/python3.12/site-packages/twisted/internet/defer.py:293:_cancelledToTimedOutError
]
2026-04-30 10:10:59 | ERROR    | ayumi.openapi_spot_feed | Application auth failed
2026-04-30 10:10:59 | WARNING  | ayumi.forward_test | Reconnection failed — next attempt in 20.0s
2026-04-30 10:10:59 | WARNING  | ayumi.openapi_spot_feed | Disconnected: [Failure instance: Traceback (failure with no frames): <class 'twisted.internet.error.ConnectionDone'>: Connection was closed cleanly.
]
2026-04-30 10:11:02 | INFO     | ayumi.openapi_spot_feed | Connected to demo.ctraderapi.com:5035
2026-04-30 10:11:09 | WARNING  | ayumi.forward_test | Connection health check failed: connected=False last_tick_ago=60.3s threshold=900.0s — reconnecting
2026-04-30 10:11:09 | INFO     | ayumi.forward_test | Reconnection attempt 3 (backoff=20.0s)
2026-04-30 10:11:09 | INFO     | ayumi.openapi_spot_feed | Connected to demo.ctraderapi.com:5035
2026-04-30 10:11:19 | ERROR    | ayumi.openapi_spot_feed | Send-and-wait failed: [Failure instance: Traceback: <class 'twisted.internet.defer.TimeoutError'>: (10, 'Deferred')
/home/TacoPants/projects/Ayumi/.venv/lib/python3.12/site-packages/twisted/internet/defer.py:798:timeItOut
/home/TacoPants/projects/Ayumi/.venv/lib/python3.12/site-packages/twisted/internet/defer.py:957:cancel
/home/TacoPants/projects/Ayumi/.venv/lib/python3.12/site-packages/twisted/internet/defer.py:916:errback
/home/TacoPants/projects/Ayumi/.venv/lib/python3.12/site-packages/twisted/internet/defer.py:984:_startRunCallbacks
--- <exception caught here> ---
/home/TacoPants/projects/Ayumi/.venv/lib/python3.12/site-packages/twisted/internet/defer.py:1078:_runCallbacks
/home/TacoPants/projects/Ayumi/.venv/lib/python3.12/site-packages/twisted/internet/defer.py:809:convertCancelled
/home/TacoPants/projects/Ayumi/.venv/lib/python3.12/site-packages/twisted/internet/defer.py:293:_cancelledToTimedOutError
]
2026-04-30 10:11:19 | ERROR    | ayumi.openapi_spot_feed | Application auth failed
2026-04-30 10:11:19 | WARNING  | ayumi.forward_test | Reconnection failed — next attempt in 40.0s
2026-04-30 10:11:19 | WARNING  | ayumi.openapi_spot_feed | Disconnected: [Failure instance: Traceback (failure with no frames): <class 'twisted.internet.error.ConnectionDone'>: Connection was closed cleanly.
]
2026-04-30 10:11:21 | INFO     | ayumi.openapi_spot_feed | Connected to demo.ctraderapi.com:5035
2026-04-30 10:11:32 | WARNING  | ayumi.openapi_spot_feed | Disconnected: [Failure instance: Traceback (failure with no frames): <class 'twisted.internet.error.ConnectionDone'>: Connection was closed cleanly.
]
2026-04-30 10:11:34 | INFO     | ayumi.openapi_spot_feed | Connected to demo.ctraderapi.com:5035
2026-04-30 10:11:39 | WARNING  | ayumi.openapi_spot_feed | Disconnected: [Failure instance: Traceback (failure with no frames): <class 'twisted.internet.error.ConnectionDone'>: Connection was closed cleanly.
]
2026-04-30 10:11:41 | INFO     | ayumi.openapi_spot_feed | Connected to demo.ctraderapi.com:5035
2026-04-30 10:11:49 | WARNING  | ayumi.forward_test | Connection health check failed: connected=False last_tick_ago=100.3s threshold=900.0s — reconnecting
2026-04-30 10:11:49 | INFO     | ayumi.forward_test | Reconnection attempt 4 (backoff=40.0s)
2026-04-30 10:11:49 | INFO     | ayumi.openapi_spot_feed | Connected to demo.ctraderapi.com:5035
2026-04-30 10:11:51 | WARNING  | ayumi.openapi_spot_feed | Disconnected: [Failure instance: Traceback (failure with no frames): <class 'twisted.internet.error.ConnectionDone'>: Connection was closed cleanly.
]
2026-04-30 10:11:53 | INFO     | ayumi.openapi_spot_feed | Connected to demo.ctraderapi.com:5035
2026-04-30 10:11:59 | ERROR    | ayumi.openapi_spot_feed | Send-and-wait failed: [Failure instance: Traceback: <class 'twisted.internet.defer.TimeoutError'>: (10, 'Deferred')
/home/TacoPants/projects/Ayumi/.venv/lib/python3.12/site-packages/twisted/internet/defer.py:798:timeItOut
/home/TacoPants/projects/Ayumi/.venv/lib/python3.12/site-packages/twisted/internet/defer.py:957:cancel
/home/TacoPants/projects/Ayumi/.venv/lib/python3.12/site-packages/twisted/internet/defer.py:916:errback
/home/TacoPants/projects/Ayumi/.venv/lib/python3.12/site-packages/twisted/internet/defer.py:984:_startRunCallbacks
--- <exception caught here> ---
/home/TacoPants/projects/Ayumi/.venv/lib/python3.12/site-packages/twisted/internet/defer.py:1078:_runCallbacks
/home/TacoPants/projects/Ayumi/.venv/lib/python3.12/site-packages/twisted/internet/defer.py:809:convertCancelled
/home/TacoPants/projects/Ayumi/.venv/lib/python3.12/site-packages/twisted/internet/defer.py:293:_cancelledToTimedOutError
]
2026-04-30 10:11:59 | ERROR    | ayumi.openapi_spot_feed | Application auth failed
2026-04-30 10:11:59 | WARNING  | ayumi.forward_test | Reconnection failed — next attempt in 80.0s
2026-04-30 10:12:04 | WARNING  | ayumi.openapi_spot_feed | Disconnected: [Failure instance: Traceback (failure with no frames): <class 'twisted.internet.error.ConnectionDone'>: Connection was closed cleanly.
]
2026-04-30 10:12:06 | INFO     | ayumi.openapi_spot_feed | Connected to demo.ctraderapi.com:5035
2026-04-30 10:12:11 | WARNING  | ayumi.openapi_spot_feed | Disconnected: [Failure instance: Traceback (failure with no frames): <class 'twisted.internet.error.ConnectionDone'>: Connection was closed cleanly.
]
2026-04-30 10:12:13 | INFO     | ayumi.openapi_spot_feed | Connected to demo.ctraderapi.com:5035
2026-04-30 10:12:19 | WARNING  | ayumi.openapi_spot_feed | Disconnected: [Failure instance: Traceback (failure with no frames): <class 'twisted.internet.error.ConnectionDone'>: Connection was closed cleanly.
]
2026-04-30 10:12:21 | INFO     | ayumi.openapi_spot_feed | Connected to demo.ctraderapi.com:5035
2026-04-30 10:12:23 | WARNING  | ayumi.openapi_spot_feed | Disconnected: [Failure instance: Traceback (failure with no frames): <class 'twisted.internet.error.ConnectionDone'>: Connection was closed cleanly.
]
2026-04-30 10:12:26 | INFO     | ayumi.openapi_spot_feed | Connected to demo.ctraderapi.com:5035
2026-04-30 10:12:37 | WARNING  | ayumi.openapi_spot_feed | Disconnected: [Failure instance: Traceback (failure with no frames): <class 'twisted.internet.error.ConnectionDone'>: Connection was closed cleanly.
]
2026-04-30 10:12:39 | INFO     | ayumi.openapi_spot_feed | Connected to demo.ctraderapi.com:5035
2026-04-30 10:12:43 | WARNING  | ayumi.openapi_spot_feed | Disconnected: [Failure instance: Traceback (failure with no frames): <class 'twisted.internet.error.ConnectionDone'>: Connection was closed cleanly.
]
2026-04-30 10:12:45 | INFO     | ayumi.openapi_spot_feed | Connected to demo.ctraderapi.com:5035
2026-04-30 10:12:51 | WARNING  | ayumi.openapi_spot_feed | Disconnected: [Failure instance: Traceback (failure with no frames): <class 'twisted.internet.error.ConnectionDone'>: Connection was closed cleanly.
]
2026-04-30 10:12:54 | INFO     | ayumi.openapi_spot_feed | Connected to demo.ctraderapi.com:5035
2026-04-30 10:12:56 | WARNING  | ayumi.openapi_spot_feed | Disconnected: [Failure instance: Traceback (failure with no frames): <class 'twisted.internet.error.ConnectionDone'>: Connection was closed cleanly.
]
2026-04-30 10:12:57 | INFO     | ayumi.openapi_spot_feed | Connected to demo.ctraderapi.com:5035
2026-04-30 10:13:09 | WARNING  | ayumi.openapi_spot_feed | Disconnected: [Failure instance: Traceback (failure with no frames): <class 'twisted.internet.error.ConnectionDone'>: Connection was closed cleanly.
]
2026-04-30 10:13:09 | WARNING  | ayumi.forward_test | Connection health check failed: connected=False last_tick_ago=180.4s threshold=900.0s — reconnecting
2026-04-30 10:13:09 | INFO     | ayumi.forward_test | Reconnection attempt 5 (backoff=80.0s)
2026-04-30 10:13:09 | INFO     | ayumi.openapi_spot_feed | Connected to demo.ctraderapi.com:5035
2026-04-30 10:13:10 | INFO     | ayumi.openapi_spot_feed | Connected to demo.ctraderapi.com:5035
2026-04-30 10:13:19 | ERROR    | ayumi.openapi_spot_feed | Send-and-wait failed: [Failure instance: Traceback: <class 'twisted.internet.defer.TimeoutError'>: (10, 'Deferred')
/home/TacoPants/projects/Ayumi/.venv/lib/python3.12/site-packages/twisted/internet/defer.py:798:timeItOut
/home/TacoPants/projects/Ayumi/.venv/lib/python3.12/site-packages/twisted/internet/defer.py:957:cancel
/home/TacoPants/projects/Ayumi/.venv/lib/python3.12/site-packages/twisted/internet/defer.py:916:errback
/home/TacoPants/projects/Ayumi/.venv/lib/python3.12/site-packages/twisted/internet/defer.py:984:_startRunCallbacks
--- <exception caught here> ---
/home/TacoPants/projects/Ayumi/.venv/lib/python3.12/site-packages/twisted/internet/defer.py:1078:_runCallbacks
/home/TacoPants/projects/Ayumi/.venv/lib/python3.12/site-packages/twisted/internet/defer.py:809:convertCancelled
/home/TacoPants/projects/Ayumi/.venv/lib/python3.12/site-packages/twisted/internet/defer.py:293:_cancelledToTimedOutError
]
2026-04-30 10:13:19 | ERROR    | ayumi.openapi_spot_feed | Application auth failed
2026-04-30 10:13:19 | WARNING  | ayumi.forward_test | Reconnection failed — next attempt in 120.0s
2026-04-30 10:13:24 | WARNING  | ayumi.openapi_spot_feed | Disconnected: [Failure instance: Traceback (failure with no frames): <class 'twisted.internet.error.ConnectionDone'>: Connection was closed cleanly.
]
2026-04-30 10:13:26 | INFO     | ayumi.openapi_spot_feed | Connected to demo.ctraderapi.com:5035
2026-04-30 10:13:28 | WARNING  | ayumi.openapi_spot_feed | Disconnected: [Failure instance: Traceback (failure with no frames): <class 'twisted.internet.error.ConnectionDone'>: Connection was closed cleanly.
]
2026-04-30 10:13:30 | INFO     | ayumi.openapi_spot_feed | Connected to demo.ctraderapi.com:5035
2026-04-30 10:13:39 | WARNING  | ayumi.openapi_spot_feed | Disconnected: [Failure instance: Traceback (failure with no frames): <class 'twisted.internet.error.ConnectionDone'>: Connection was closed cleanly.
]
2026-04-30 10:13:41 | WARNING  | ayumi.openapi_spot_feed | Disconnected: [Failure instance: Traceback (failure with no frames): <class 'twisted.internet.error.ConnectionDone'>: Connection was closed cleanly.
]
2026-04-30 10:13:42 | INFO     | ayumi.openapi_spot_feed | Connected to demo.ctraderapi.com:5035
2026-04-30 10:13:42 | INFO     | ayumi.openapi_spot_feed | Connected to demo.ctraderapi.com:5035
2026-04-30 10:13:57 | WARNING  | ayumi.openapi_spot_feed | Disconnected: [Failure instance: Traceback (failure with no frames): <class 'twisted.internet.error.ConnectionDone'>: Connection was closed cleanly.
]
2026-04-30 10:13:59 | INFO     | ayumi.openapi_spot_feed | Connected to demo.ctraderapi.com:5035
2026-04-30 10:14:00 | WARNING  | ayumi.openapi_spot_feed | Disconnected: [Failure instance: Traceback (failure with no frames): <class 'twisted.internet.error.ConnectionDone'>: Connection was closed cleanly.
]
2026-04-30 10:14:02 | INFO     | ayumi.openapi_spot_feed | Connected to demo.ctraderapi.com:5035
2026-04-30 10:14:12 | WARNING  | ayumi.openapi_spot_feed | Disconnected: [Failure instance: Traceback (failure with no frames): <class 'twisted.internet.error.ConnectionDone'>: Connection was closed cleanly.
]
2026-04-30 10:14:12 | WARNING  | ayumi.openapi_spot_feed | Disconnected: [Failure instance: Traceback (failure with no frames): <class 'twisted.internet.error.ConnectionDone'>: Connection was closed cleanly.
]
2026-04-30 10:14:14 | INFO     | ayumi.openapi_spot_feed | Connected to demo.ctraderapi.com:5035
2026-04-30 10:14:15 | INFO     | ayumi.openapi_spot_feed | Connected to demo.ctraderapi.com:5035
2026-04-30 10:14:29 | WARNING  | ayumi.openapi_spot_feed | Disconnected: [Failure instance: Traceback (failure with no frames): <class 'twisted.internet.error.ConnectionDone'>: Connection was closed cleanly.
]
2026-04-30 10:14:31 | INFO     | ayumi.openapi_spot_feed | Connected to demo.ctraderapi.com:5035
2026-04-30 10:14:32 | WARNING  | ayumi.openapi_spot_feed | Disconnected: [Failure instance: Traceback (failure with no frames): <class 'twisted.internet.error.ConnectionDone'>: Connection was closed cleanly.
]
2026-04-30 10:14:34 | INFO     | ayumi.openapi_spot_feed | Connected to demo.ctraderapi.com:5035
2026-04-30 10:14:44 | WARNING  | ayumi.openapi_spot_feed | Disconnected: [Failure instance: Traceback (failure with no frames): <class 'twisted.internet.error.ConnectionDone'>: Connection was closed cleanly.
]
2026-04-30 10:14:45 | WARNING  | ayumi.openapi_spot_feed | Disconnected: [Failure instance: Traceback (failure with no frames): <class 'twisted.internet.error.ConnectionDone'>: Connection was closed cleanly.
]
2026-04-30 10:14:46 | INFO     | ayumi.openapi_spot_feed | Connected to demo.ctraderapi.com:5035
2026-04-30 10:14:47 | INFO     | ayumi.openapi_spot_feed | Connected to demo.ctraderapi.com:5035
2026-04-30 10:15:01 | WARNING  | ayumi.openapi_spot_feed | Disconnected: [Failure instance: Traceback (failure with no frames): <class 'twisted.internet.error.ConnectionDone'>: Connection was closed cleanly.
]
2026-04-30 10:15:03 | INFO     | ayumi.openapi_spot_feed | Connected to demo.ctraderapi.com:5035
2026-04-30 10:15:04 | WARNING  | ayumi.openapi_spot_feed | Disconnected: [Failure instance: Traceback (failure with no frames): <class 'twisted.internet.error.ConnectionDone'>: Connection was closed cleanly.
]
2026-04-30 10:15:07 | INFO     | ayumi.openapi_spot_feed | Connected to demo.ctraderapi.com:5035
2026-04-30 10:15:09 | WARNING  | ayumi.forward_test | Connection health check failed: connected=False last_tick_ago=300.5s threshold=900.0s — reconnecting
2026-04-30 10:15:09 | INFO     | ayumi.forward_test | Reconnection attempt 6 (backoff=120.0s)
2026-04-30 10:15:09 | INFO     | ayumi.openapi_spot_feed | Connected to demo.ctraderapi.com:5035
2026-04-30 10:15:16 | WARNING  | ayumi.openapi_spot_feed | Disconnected: [Failure instance: Traceback (failure with no frames): <class 'twisted.internet.error.ConnectionDone'>: Connection was closed cleanly.
]
2026-04-30 10:15:17 | WARNING  | ayumi.openapi_spot_feed | Disconnected: [Failure instance: Traceback (failure with no frames): <class 'twisted.internet.error.ConnectionDone'>: Connection was closed cleanly.
]
2026-04-30 10:15:18 | INFO     | ayumi.openapi_spot_feed | Connected to demo.ctraderapi.com:5035
2026-04-30 10:15:19 | INFO     | ayumi.openapi_spot_feed | Connected to demo.ctraderapi.com:5035
2026-04-30 10:15:19 | ERROR    | ayumi.openapi_spot_feed | Send-and-wait failed: [Failure instance: Traceback: <class 'twisted.internet.defer.TimeoutError'>: (10, 'Deferred')
/home/TacoPants/projects/Ayumi/.venv/lib/python3.12/site-packages/twisted/internet/defer.py:798:timeItOut
/home/TacoPants/projects/Ayumi/.venv/lib/python3.12/site-packages/twisted/internet/defer.py:957:cancel
/home/TacoPants/projects/Ayumi/.venv/lib/python3.12/site-packages/twisted/internet/defer.py:916:errback
/home/TacoPants/projects/Ayumi/.venv/lib/python3.12/site-packages/twisted/internet/defer.py:984:_startRunCallbacks
--- <exception caught here> ---
/home/TacoPants/projects/Ayumi/.venv/lib/python3.12/site-packages/twisted/internet/defer.py:1078:_runCallbacks
/home/TacoPants/projects/Ayumi/.venv/lib/python3.12/site-packages/twisted/internet/defer.py:809:convertCancelled
/home/TacoPants/projects/Ayumi/.venv/lib/python3.12/site-packages/twisted/internet/defer.py:293:_cancelledToTimedOutError
]
2026-04-30 10:15:19 | ERROR    | ayumi.openapi_spot_feed | Application auth failed
2026-04-30 10:15:19 | WARNING  | ayumi.forward_test | Reconnection failed — next attempt in 120.0s
2026-04-30 10:15:33 | WARNING  | ayumi.openapi_spot_feed | Disconnected: [Failure instance: Traceback (failure with no frames): <class 'twisted.internet.error.ConnectionDone'>: Connection was closed cleanly.
]
2026-04-30 10:15:35 | INFO     | ayumi.openapi_spot_feed | Connected to demo.ctraderapi.com:5035
2026-04-30 10:15:40 | WARNING  | ayumi.openapi_spot_feed | Disconnected: [Failure instance: Traceback (failure with no frames): <class 'twisted.internet.error.ConnectionDone'>: Connection was closed cleanly.
]
2026-04-30 10:15:41 | INFO     | ayumi.openapi_spot_feed | Connected to demo.ctraderapi.com:5035
2026-04-30 10:15:48 | WARNING  | ayumi.openapi_spot_feed | Disconnected: [Failure instance: Traceback (failure with no frames): <class 'twisted.internet.error.ConnectionDone'>: Connection was closed cleanly.
]
2026-04-30 10:15:49 | WARNING  | ayumi.openapi_spot_feed | Disconnected: [Failure instance: Traceback (failure with no frames): <class 'twisted.internet.error.ConnectionDone'>: Connection was closed cleanly.
]
2026-04-30 10:15:50 | INFO     | ayumi.openapi_spot_feed | Connected to demo.ctraderapi.com:5035
2026-04-30 10:15:52 | INFO     | ayumi.openapi_spot_feed | Connected to demo.ctraderapi.com:5035
2026-04-30 10:16:05 | WARNING  | ayumi.openapi_spot_feed | Disconnected: [Failure instance: Traceback (failure with no frames): <class 'twisted.internet.error.ConnectionDone'>: Connection was closed cleanly.
]
2026-04-30 10:16:07 | INFO     | ayumi.openapi_spot_feed | Connected to demo.ctraderapi.com:5035
2026-04-30 10:16:11 | WARNING  | ayumi.openapi_spot_feed | Disconnected: [Failure instance: Traceback (failure with no frames): <class 'twisted.internet.error.ConnectionDone'>: Connection was closed cleanly.
]
2026-04-30 10:16:13 | INFO     | ayumi.openapi_spot_feed | Connected to demo.ctraderapi.com:5035
2026-04-30 10:16:20 | WARNING  | ayumi.openapi_spot_feed | Disconnected: [Failure instance: Traceback (failure with no frames): <class 'twisted.internet.error.ConnectionDone'>: Connection was closed cleanly.
]
2026-04-30 10:16:22 | WARNING  | ayumi.openapi_spot_feed | Disconnected: [Failure instance: Traceback (failure with no frames): <class 'twisted.internet.error.ConnectionDone'>: Connection was closed cleanly.
]
2026-04-30 10:16:22 | INFO     | ayumi.openapi_spot_feed | Connected to demo.ctraderapi.com:5035
2026-04-30 10:16:24 | INFO     | ayumi.openapi_spot_feed | Connected to demo.ctraderapi.com:5035
2026-04-30 10:16:37 | WARNING  | ayumi.openapi_spot_feed | Disconnected: [Failure instance: Traceback (failure with no frames): <class 'twisted.internet.error.ConnectionDone'>: Connection was closed cleanly.
]
2026-04-30 10:16:39 | INFO     | ayumi.openapi_spot_feed | Connected to demo.ctraderapi.com:5035
2026-04-30 10:16:43 | WARNING  | ayumi.openapi_spot_feed | Disconnected: [Failure instance: Traceback (failure with no frames): <class 'twisted.internet.error.ConnectionDone'>: Connection was closed cleanly.
]
2026-04-30 10:16:45 | INFO     | ayumi.openapi_spot_feed | Connected to demo.ctraderapi.com:5035
2026-04-30 10:16:53 | WARNING  | ayumi.openapi_spot_feed | Disconnected: [Failure instance: Traceback (failure with no frames): <class 'twisted.internet.error.ConnectionDone'>: Connection was closed cleanly.
]
2026-04-30 10:16:54 | WARNING  | ayumi.openapi_spot_feed | Disconnected: [Failure instance: Traceback (failure with no frames): <class 'twisted.internet.error.ConnectionDone'>: Connection was closed cleanly.
]
2026-04-30 10:16:55 | INFO     | ayumi.openapi_spot_feed | Connected to demo.ctraderapi.com:5035
2026-04-30 10:16:56 | INFO     | ayumi.openapi_spot_feed | Connected to demo.ctraderapi.com:5035
2026-04-30 10:17:09 | WARNING  | ayumi.openapi_spot_feed | Disconnected: [Failure instance: Traceback (failure with no frames): <class 'twisted.internet.error.ConnectionDone'>: Connection was closed cleanly.
]
2026-04-30 10:17:09 | WARNING  | ayumi.forward_test | Connection health check failed: connected=False last_tick_ago=420.6s threshold=900.0s — reconnecting
2026-04-30 10:17:09 | INFO     | ayumi.forward_test | Reconnection attempt 7 (backoff=120.0s)
2026-04-30 10:17:09 | INFO     | ayumi.openapi_spot_feed | Connected to demo.ctraderapi.com:5035
2026-04-30 10:17:11 | INFO     | ayumi.openapi_spot_feed | Connected to demo.ctraderapi.com:5035
2026-04-30 10:17:15 | WARNING  | ayumi.openapi_spot_feed | Disconnected: [Failure instance: Traceback (failure with no frames): <class 'twisted.internet.error.ConnectionDone'>: Connection was closed cleanly.
]
2026-04-30 10:17:18 | INFO     | ayumi.openapi_spot_feed | Connected to demo.ctraderapi.com:5035
2026-04-30 10:17:19 | ERROR    | ayumi.openapi_spot_feed | Send-and-wait failed: [Failure instance: Traceback: <class 'twisted.internet.defer.TimeoutError'>: (10, 'Deferred')
/home/TacoPants/projects/Ayumi/.venv/lib/python3.12/site-packages/twisted/internet/defer.py:798:timeItOut
/home/TacoPants/projects/Ayumi/.venv/lib/python3.12/site-packages/twisted/internet/defer.py:957:cancel
/home/TacoPants/projects/Ayumi/.venv/lib/python3.12/site-packages/twisted/internet/defer.py:916:errback
/home/TacoPants/projects/Ayumi/.venv/lib/python3.12/site-packages/twisted/internet/defer.py:984:_startRunCallbacks
--- <exception caught here> ---
/home/TacoPants/projects/Ayumi/.venv/lib/python3.12/site-packages/twisted/internet/defer.py:1078:_runCallbacks
/home/TacoPants/projects/Ayumi/.venv/lib/python3.12/site-packages/twisted/internet/defer.py:809:convertCancelled
/home/TacoPants/projects/Ayumi/.venv/lib/python3.12/site-packages/twisted/internet/defer.py:293:_cancelledToTimedOutError
]
2026-04-30 10:17:19 | ERROR    | ayumi.openapi_spot_feed | Application auth failed
2026-04-30 10:17:19 | WARNING  | ayumi.forward_test | Reconnection failed — next attempt in 120.0s
2026-04-30 10:17:25 | WARNING  | ayumi.openapi_spot_feed | Disconnected: [Failure instance: Traceback (failure with no frames): <class 'twisted.internet.error.ConnectionDone'>: Connection was closed cleanly.
]
2026-04-30 10:17:26 | WARNING  | ayumi.openapi_spot_feed | Disconnected: [Failure instance: Traceback (failure with no frames): <class 'twisted.internet.error.ConnectionDone'>: Connection was closed cleanly.
]
2026-04-30 10:17:27 | INFO     | ayumi.openapi_spot_feed | Connected to demo.ctraderapi.com:5035
2026-04-30 10:17:28 | INFO     | ayumi.openapi_spot_feed | Connected to demo.ctraderapi.com:5035
2026-04-30 10:17:40 | WARNING  | ayumi.openapi_spot_feed | Disconnected: [Failure instance: Traceback (failure with no frames): <class 'twisted.internet.error.ConnectionDone'>: Connection was closed cleanly.
]
2026-04-30 10:17:41 | WARNING  | ayumi.openapi_spot_feed | Disconnected: [Failure instance: Traceback (failure with no frames): <class 'twisted.internet.error.ConnectionDone'>: Connection was closed cleanly.
]
2026-04-30 10:17:42 | INFO     | ayumi.openapi_spot_feed | Connected to demo.ctraderapi.com:5035
2026-04-30 10:17:43 | INFO     | ayumi.openapi_spot_feed | Connected to demo.ctraderapi.com:5035
2026-04-30 10:17:48 | WARNING  | ayumi.openapi_spot_feed | Disconnected: [Failure instance: Traceback (failure with no frames): <class 'twisted.internet.error.ConnectionDone'>: Connection was closed cleanly.
]
2026-04-30 10:17:50 | INFO     | ayumi.openapi_spot_feed | Connected to demo.ctraderapi.com:5035
2026-04-30 10:17:57 | WARNING  | ayumi.openapi_spot_feed | Disconnected: [Failure instance: Traceback (failure with no frames): <class 'twisted.internet.error.ConnectionDone'>: Connection was closed cleanly.
]
2026-04-30 10:17:58 | WARNING  | ayumi.openapi_spot_feed | Disconnected: [Failure instance: Traceback (failure with no frames): <class 'twisted.internet.error.ConnectionDone'>: Connection was closed cleanly.
]
2026-04-30 10:17:59 | INFO     | ayumi.openapi_spot_feed | Connected to demo.ctraderapi.com:5035
2026-04-30 10:18:00 | INFO     | ayumi.openapi_spot_feed | Connected to demo.ctraderapi.com:5035
2026-04-30 10:18:12 | WARNING  | ayumi.openapi_spot_feed | Disconnected: [Failure instance: Traceback (failure with no frames): <class 'twisted.internet.error.ConnectionDone'>: Connection was closed cleanly.
]
2026-04-30 10:18:13 | WARNING  | ayumi.openapi_spot_feed | Disconnected: [Failure instance: Traceback (failure with no frames): <class 'twisted.internet.error.ConnectionDone'>: Connection was closed cleanly.
]
2026-04-30 10:18:14 | INFO     | ayumi.openapi_spot_feed | Connected to demo.ctraderapi.com:5035
2026-04-30 10:18:15 | INFO     | ayumi.openapi_spot_feed | Connected to demo.ctraderapi.com:5035
2026-04-30 10:18:20 | WARNING  | ayumi.openapi_spot_feed | Disconnected: [Failure instance: Traceback (failure with no frames): <class 'twisted.internet.error.ConnectionDone'>: Connection was closed cleanly.
]
2026-04-30 10:18:22 | INFO     | ayumi.openapi_spot_feed | Connected to demo.ctraderapi.com:5035
2026-04-30 10:18:29 | WARNING  | ayumi.openapi_spot_feed | Disconnected: [Failure instance: Traceback (failure with no frames): <class 'twisted.internet.error.ConnectionDone'>: Connection was closed cleanly.
]
2026-04-30 10:18:30 | WARNING  | ayumi.openapi_spot_feed | Disconnected: [Failure instance: Traceback (failure with no frames): <class 'twisted.internet.error.ConnectionDone'>: Connection was closed cleanly.
]
2026-04-30 10:18:32 | INFO     | ayumi.openapi_spot_feed | Connected to demo.ctraderapi.com:5035
2026-04-30 10:18:32 | INFO     | ayumi.openapi_spot_feed | Connected to demo.ctraderapi.com:5035
2026-04-30 10:18:44 | WARNING  | ayumi.openapi_spot_feed | Disconnected: [Failure instance: Traceback (failure with no frames): <class 'twisted.internet.error.ConnectionDone'>: Connection was closed cleanly.
]
2026-04-30 10:18:45 | WARNING  | ayumi.openapi_spot_feed | Disconnected: [Failure instance: Traceback (failure with no frames): <class 'twisted.internet.error.ConnectionDone'>: Connection was closed cleanly.
]
2026-04-30 10:18:46 | INFO     | ayumi.openapi_spot_feed | Connected to demo.ctraderapi.com:5035
2026-04-30 10:18:48 | INFO     | ayumi.openapi_spot_feed | Connected to demo.ctraderapi.com:5035
2026-04-30 10:18:53 | WARNING  | ayumi.openapi_spot_feed | Disconnected: [Failure instance: Traceback (failure with no frames): <class 'twisted.internet.error.ConnectionDone'>: Connection was closed cleanly.
]
2026-04-30 10:18:55 | INFO     | ayumi.openapi_spot_feed | Connected to demo.ctraderapi.com:5035
2026-04-30 10:19:02 | WARNING  | ayumi.openapi_spot_feed | Disconnected: [Failure instance: Traceback (failure with no frames): <class 'twisted.internet.error.ConnectionDone'>: Connection was closed cleanly.
]
2026-04-30 10:19:02 | WARNING  | ayumi.openapi_spot_feed | Disconnected: [Failure instance: Traceback (failure with no frames): <class 'twisted.internet.error.ConnectionDone'>: Connection was closed cleanly.
]
2026-04-30 10:19:04 | INFO     | ayumi.openapi_spot_feed | Connected to demo.ctraderapi.com:5035
2026-04-30 10:19:04 | INFO     | ayumi.openapi_spot_feed | Connected to demo.ctraderapi.com:5035
2026-04-30 10:19:09 | WARNING  | ayumi.forward_test | Connection health check failed: connected=False last_tick_ago=540.7s threshold=900.0s — reconnecting
2026-04-30 10:19:09 | INFO     | ayumi.forward_test | Reconnection attempt 8 (backoff=120.0s)
2026-04-30 10:19:10 | INFO     | ayumi.openapi_spot_feed | Connected to demo.ctraderapi.com:5035
2026-04-30 10:19:16 | WARNING  | ayumi.openapi_spot_feed | Disconnected: [Failure instance: Traceback (failure with no frames): <class 'twisted.internet.error.ConnectionDone'>: Connection was closed cleanly.
]
2026-04-30 10:19:18 | INFO     | ayumi.openapi_spot_feed | Connected to demo.ctraderapi.com:5035
2026-04-30 10:19:20 | ERROR    | ayumi.openapi_spot_feed | Send-and-wait failed: [Failure instance: Traceback: <class 'twisted.internet.defer.TimeoutError'>: (10, 'Deferred')
/home/TacoPants/projects/Ayumi/.venv/lib/python3.12/site-packages/twisted/internet/defer.py:798:timeItOut
/home/TacoPants/projects/Ayumi/.venv/lib/python3.12/site-packages/twisted/internet/defer.py:957:cancel
/home/TacoPants/projects/Ayumi/.venv/lib/python3.12/site-packages/twisted/internet/defer.py:916:errback
/home/TacoPants/projects/Ayumi/.venv/lib/python3.12/site-packages/twisted/internet/defer.py:984:_startRunCallbacks
--- <exception caught here> ---
/home/TacoPants/projects/Ayumi/.venv/lib/python3.12/site-packages/twisted/internet/defer.py:1078:_runCallbacks
/home/TacoPants/projects/Ayumi/.venv/lib/python3.12/site-packages/twisted/internet/defer.py:809:convertCancelled
/home/TacoPants/projects/Ayumi/.venv/lib/python3.12/site-packages/twisted/internet/defer.py:293:_cancelledToTimedOutError
]
2026-04-30 10:19:20 | ERROR    | ayumi.openapi_spot_feed | Application auth failed
2026-04-30 10:19:20 | WARNING  | ayumi.forward_test | Reconnection failed — next attempt in 120.0s
2026-04-30 10:19:25 | WARNING  | ayumi.openapi_spot_feed | Disconnected: [Failure instance: Traceback (failure with no frames): <class 'twisted.internet.error.ConnectionDone'>: Connection was closed cleanly.
]
2026-04-30 10:19:27 | INFO     | ayumi.openapi_spot_feed | Connected to demo.ctraderapi.com:5035
2026-04-30 10:19:34 | WARNING  | ayumi.openapi_spot_feed | Disconnected: [Failure instance: Traceback (failure with no frames): <class 'twisted.internet.error.ConnectionDone'>: Connection was closed cleanly.
]
2026-04-30 10:19:34 | WARNING  | ayumi.openapi_spot_feed | Disconnected: [Failure instance: Traceback (failure with no frames): <class 'twisted.internet.error.ConnectionDone'>: Connection was closed cleanly.
]
2026-04-30 10:19:36 | INFO     | ayumi.openapi_spot_feed | Connected to demo.ctraderapi.com:5035
2026-04-30 10:19:36 | INFO     | ayumi.openapi_spot_feed | Connected to demo.ctraderapi.com:5035
2026-04-30 10:19:40 | WARNING  | ayumi.openapi_spot_feed | Disconnected: [Failure instance: Traceback (failure with no frames): <class 'twisted.internet.error.ConnectionDone'>: Connection was closed cleanly.
]
2026-04-30 10:19:42 | INFO     | ayumi.openapi_spot_feed | Connected to demo.ctraderapi.com:5035
2026-04-30 10:19:48 | WARNING  | ayumi.openapi_spot_feed | Disconnected: [Failure instance: Traceback (failure with no frames): <class 'twisted.internet.error.ConnectionDone'>: Connection was closed cleanly.
]
2026-04-30 10:19:50 | INFO     | ayumi.openapi_spot_feed | Connected to demo.ctraderapi.com:5035
2026-04-30 10:19:58 | WARNING  | ayumi.openapi_spot_feed | Disconnected: [Failure instance: Traceback (failure with no frames): <class 'twisted.internet.error.ConnectionDone'>: Connection was closed cleanly.
]
2026-04-30 10:19:59 | INFO     | ayumi.openapi_spot_feed | Connected to demo.ctraderapi.com:5035
2026-04-30 10:20:06 | WARNING  | ayumi.openapi_spot_feed | Disconnected: [Failure instance: Traceback (failure with no frames): <class 'twisted.internet.error.ConnectionDone'>: Connection was closed cleanly.
]
2026-04-30 10:20:06 | WARNING  | ayumi.openapi_spot_feed | Disconnected: [Failure instance: Traceback (failure with no frames): <class 'twisted.internet.error.ConnectionDone'>: Connection was closed cleanly.
]
2026-04-30 10:20:08 | INFO     | ayumi.openapi_spot_feed | Connected to demo.ctraderapi.com:5035
2026-04-30 10:20:08 | INFO     | ayumi.openapi_spot_feed | Connected to demo.ctraderapi.com:5035
2026-04-30 10:20:12 | WARNING  | ayumi.openapi_spot_feed | Disconnected: [Failure instance: Traceback (failure with no frames): <class 'twisted.internet.error.ConnectionDone'>: Connection was closed cleanly.
]
2026-04-30 10:20:14 | INFO     | ayumi.openapi_spot_feed | Connected to demo.ctraderapi.com:5035
2026-04-30 10:20:20 | WARNING  | ayumi.openapi_spot_feed | Disconnected: [Failure instance: Traceback (failure with no frames): <class 'twisted.internet.error.ConnectionDone'>: Connection was closed cleanly.
]
2026-04-30 10:20:22 | INFO     | ayumi.openapi_spot_feed | Connected to demo.ctraderapi.com:5035
2026-04-30 10:20:29 | WARNING  | ayumi.openapi_spot_feed | Disconnected: [Failure instance: Traceback (failure with no frames): <class 'twisted.internet.error.ConnectionDone'>: Connection was closed cleanly.
]
2026-04-30 10:20:32 | INFO     | ayumi.openapi_spot_feed | Connected to demo.ctraderapi.com:5035
2026-04-30 10:20:38 | WARNING  | ayumi.openapi_spot_feed | Disconnected: [Failure instance: Traceback (failure with no frames): <class 'twisted.internet.error.ConnectionDone'>: Connection was closed cleanly.
]
2026-04-30 10:20:38 | WARNING  | ayumi.openapi_spot_feed | Disconnected: [Failure instance: Traceback (failure with no frames): <class 'twisted.internet.error.ConnectionDone'>: Connection was closed cleanly.
]
2026-04-30 10:20:40 | INFO     | ayumi.openapi_spot_feed | Connected to demo.ctraderapi.com:5035
2026-04-30 10:20:40 | INFO     | ayumi.openapi_spot_feed | Connected to demo.ctraderapi.com:5035
2026-04-30 10:20:45 | WARNING  | ayumi.openapi_spot_feed | Disconnected: [Failure instance: Traceback (failure with no frames): <class 'twisted.internet.error.ConnectionDone'>: Connection was closed cleanly.
]
2026-04-30 10:20:46 | INFO     | ayumi.openapi_spot_feed | Connected to demo.ctraderapi.com:5035
2026-04-30 10:20:52 | WARNING  | ayumi.openapi_spot_feed | Disconnected: [Failure instance: Traceback (failure with no frames): <class 'twisted.internet.error.ConnectionDone'>: Connection was closed cleanly.
]
2026-04-30 10:20:54 | INFO     | ayumi.openapi_spot_feed | Connected to demo.ctraderapi.com:5035
2026-04-30 10:21:02 | WARNING  | ayumi.openapi_spot_feed | Disconnected: [Failure instance: Traceback (failure with no frames): <class 'twisted.internet.error.ConnectionDone'>: Connection was closed cleanly.
]
2026-04-30 10:21:04 | INFO     | ayumi.openapi_spot_feed | Connected to demo.ctraderapi.com:5035
2026-04-30 10:21:10 | WARNING  | ayumi.forward_test | Connection health check failed: connected=False last_tick_ago=660.8s threshold=900.0s — reconnecting
2026-04-30 10:21:10 | INFO     | ayumi.forward_test | Reconnection attempt 9 (backoff=120.0s)
2026-04-30 10:21:10 | INFO     | ayumi.openapi_spot_feed | Connected to demo.ctraderapi.com:5035
2026-04-30 10:21:10 | WARNING  | ayumi.openapi_spot_feed | Disconnected: [Failure instance: Traceback (failure with no frames): <class 'twisted.internet.error.ConnectionDone'>: Connection was closed cleanly.
]
2026-04-30 10:21:10 | WARNING  | ayumi.openapi_spot_feed | Disconnected: [Failure instance: Traceback (failure with no frames): <class 'twisted.internet.error.ConnectionDone'>: Connection was closed cleanly.
]
2026-04-30 10:21:12 | INFO     | ayumi.openapi_spot_feed | Connected to demo.ctraderapi.com:5035
2026-04-30 10:21:13 | INFO     | ayumi.openapi_spot_feed | Connected to demo.ctraderapi.com:5035
2026-04-30 10:21:16 | WARNING  | ayumi.openapi_spot_feed | Disconnected: [Failure instance: Traceback (failure with no frames): <class 'twisted.internet.error.ConnectionDone'>: Connection was closed cleanly.
]
2026-04-30 10:21:19 | INFO     | ayumi.openapi_spot_feed | Connected to demo.ctraderapi.com:5035
2026-04-30 10:21:20 | ERROR    | ayumi.openapi_spot_feed | Send-and-wait failed: [Failure instance: Traceback: <class 'twisted.internet.defer.TimeoutError'>: (10, 'Deferred')
/home/TacoPants/projects/Ayumi/.venv/lib/python3.12/site-packages/twisted/internet/defer.py:798:timeItOut
/home/TacoPants/projects/Ayumi/.venv/lib/python3.12/site-packages/twisted/internet/defer.py:957:cancel
/home/TacoPants/projects/Ayumi/.venv/lib/python3.12/site-packages/twisted/internet/defer.py:916:errback
/home/TacoPants/projects/Ayumi/.venv/lib/python3.12/site-packages/twisted/internet/defer.py:984:_startRunCallbacks
--- <exception caught here> ---
/home/TacoPants/projects/Ayumi/.venv/lib/python3.12/site-packages/twisted/internet/defer.py:1078:_runCallbacks
/home/TacoPants/projects/Ayumi/.venv/lib/python3.12/site-packages/twisted/internet/defer.py:809:convertCancelled
/home/TacoPants/projects/Ayumi/.venv/lib/python3.12/site-packages/twisted/internet/defer.py:293:_cancelledToTimedOutError
]
2026-04-30 10:21:20 | ERROR    | ayumi.openapi_spot_feed | Application auth failed
2026-04-30 10:21:20 | WARNING  | ayumi.forward_test | Reconnection failed — next attempt in 120.0s
2026-04-30 10:21:25 | WARNING  | ayumi.openapi_spot_feed | Disconnected: [Failure instance: Traceback (failure with no frames): <class 'twisted.internet.error.ConnectionDone'>: Connection was closed cleanly.
]
2026-04-30 10:21:27 | INFO     | ayumi.openapi_spot_feed | Connected to demo.ctraderapi.com:5035
2026-04-30 10:21:34 | WARNING  | ayumi.openapi_spot_feed | Disconnected: [Failure instance: Traceback (failure with no frames): <class 'twisted.internet.error.ConnectionDone'>: Connection was closed cleanly.
]
2026-04-30 10:21:36 | INFO     | ayumi.openapi_spot_feed | Connected to demo.ctraderapi.com:5035
2026-04-30 10:21:40 | WARNING  | ayumi.openapi_spot_feed | Disconnected: [Failure instance: Traceback (failure with no frames): <class 'twisted.internet.error.ConnectionDone'>: Connection was closed cleanly.
]
2026-04-30 10:21:42 | INFO     | ayumi.openapi_spot_feed | Connected to demo.ctraderapi.com:5035
2026-04-30 10:21:42 | WARNING  | ayumi.openapi_spot_feed | Disconnected: [Failure instance: Traceback (failure with no frames): <class 'twisted.internet.error.ConnectionDone'>: Connection was closed cleanly.
]
2026-04-30 10:21:43 | WARNING  | ayumi.openapi_spot_feed | Disconnected: [Failure instance: Traceback (failure with no frames): <class 'twisted.internet.error.ConnectionDone'>: Connection was closed cleanly.
]
2026-04-30 10:21:45 | INFO     | ayumi.openapi_spot_feed | Connected to demo.ctraderapi.com:5035
2026-04-30 10:21:45 | INFO     | ayumi.openapi_spot_feed | Connected to demo.ctraderapi.com:5035
2026-04-30 10:21:49 | WARNING  | ayumi.openapi_spot_feed | Disconnected: [Failure instance: Traceback (failure with no frames): <class 'twisted.internet.error.ConnectionDone'>: Connection was closed cleanly.
]
2026-04-30 10:21:51 | INFO     | ayumi.openapi_spot_feed | Connected to demo.ctraderapi.com:5035
2026-04-30 10:21:57 | WARNING  | ayumi.openapi_spot_feed | Disconnected: [Failure instance: Traceback (failure with no frames): <class 'twisted.internet.error.ConnectionDone'>: Connection was closed cleanly.
]
2026-04-30 10:21:59 | INFO     | ayumi.openapi_spot_feed | Connected to demo.ctraderapi.com:5035
2026-04-30 10:22:06 | WARNING  | ayumi.openapi_spot_feed | Disconnected: [Failure instance: Traceback (failure with no frames): <class 'twisted.internet.error.ConnectionDone'>: Connection was closed cleanly.
]
2026-04-30 10:22:08 | INFO     | ayumi.openapi_spot_feed | Connected to demo.ctraderapi.com:5035
2026-04-30 10:22:12 | WARNING  | ayumi.openapi_spot_feed | Disconnected: [Failure instance: Traceback (failure with no frames): <class 'twisted.internet.error.ConnectionDone'>: Connection was closed cleanly.
]
2026-04-30 10:22:15 | WARNING  | ayumi.openapi_spot_feed | Disconnected: [Failure instance: Traceback (failure with no frames): <class 'twisted.internet.error.ConnectionDone'>: Connection was closed cleanly.
]
2026-04-30 10:22:15 | WARNING  | ayumi.openapi_spot_feed | Disconnected: [Failure instance: Traceback (failure with no frames): <class 'twisted.internet.error.ConnectionDone'>: Connection was closed cleanly.
]
2026-04-30 10:22:15 | INFO     | ayumi.openapi_spot_feed | Connected to demo.ctraderapi.com:5035
2026-04-30 10:22:17 | INFO     | ayumi.openapi_spot_feed | Connected to demo.ctraderapi.com:5035
2026-04-30 10:22:17 | INFO     | ayumi.openapi_spot_feed | Connected to demo.ctraderapi.com:5035
2026-04-30 10:22:21 | WARNING  | ayumi.openapi_spot_feed | Disconnected: [Failure instance: Traceback (failure with no frames): <class 'twisted.internet.error.ConnectionDone'>: Connection was closed cleanly.
]
2026-04-30 10:22:24 | INFO     | ayumi.openapi_spot_feed | Connected to demo.ctraderapi.com:5035
2026-04-30 10:22:29 | WARNING  | ayumi.openapi_spot_feed | Disconnected: [Failure instance: Traceback (failure with no frames): <class 'twisted.internet.error.ConnectionDone'>: Connection was closed cleanly.
]
2026-04-30 10:22:31 | INFO     | ayumi.openapi_spot_feed | Connected to demo.ctraderapi.com:5035
2026-04-30 10:22:38 | WARNING  | ayumi.openapi_spot_feed | Disconnected: [Failure instance: Traceback (failure with no frames): <class 'twisted.internet.error.ConnectionDone'>: Connection was closed cleanly.
]
2026-04-30 10:22:40 | INFO     | ayumi.openapi_spot_feed | Connected to demo.ctraderapi.com:5035
2026-04-30 10:22:45 | WARNING  | ayumi.openapi_spot_feed | Disconnected: [Failure instance: Traceback (failure with no frames): <class 'twisted.internet.error.ConnectionDone'>: Connection was closed cleanly.
]
2026-04-30 10:22:47 | WARNING  | ayumi.openapi_spot_feed | Disconnected: [Failure instance: Traceback (failure with no frames): <class 'twisted.internet.error.ConnectionDone'>: Connection was closed cleanly.
]
2026-04-30 10:22:47 | WARNING  | ayumi.openapi_spot_feed | Disconnected: [Failure instance: Traceback (failure with no frames): <class 'twisted.internet.error.ConnectionDone'>: Connection was closed cleanly.
]
2026-04-30 10:22:47 | INFO     | ayumi.openapi_spot_feed | Connected to demo.ctraderapi.com:5035
2026-04-30 10:22:48 | INFO     | ayumi.openapi_spot_feed | Connected to demo.ctraderapi.com:5035
2026-04-30 10:22:49 | INFO     | ayumi.openapi_spot_feed | Connected to demo.ctraderapi.com:5035
2026-04-30 10:22:54 | WARNING  | ayumi.openapi_spot_feed | Disconnected: [Failure instance: Traceback (failure with no frames): <class 'twisted.internet.error.ConnectionDone'>: Connection was closed cleanly.
]
2026-04-30 10:22:55 | INFO     | ayumi.openapi_spot_feed | Connected to demo.ctraderapi.com:5035
2026-04-30 10:23:01 | WARNING  | ayumi.openapi_spot_feed | Disconnected: [Failure instance: Traceback (failure with no frames): <class 'twisted.internet.error.ConnectionDone'>: Connection was closed cleanly.
]
2026-04-30 10:23:03 | INFO     | ayumi.openapi_spot_feed | Connected to demo.ctraderapi.com:5035
2026-04-30 10:23:10 | WARNING  | ayumi.forward_test | Connection health check failed: connected=False last_tick_ago=780.9s threshold=900.0s — reconnecting
2026-04-30 10:23:10 | INFO     | ayumi.forward_test | Reconnection attempt 10 (backoff=120.0s)
2026-04-30 10:23:10 | INFO     | ayumi.openapi_spot_feed | Connected to demo.ctraderapi.com:5035
2026-04-30 10:23:10 | WARNING  | ayumi.openapi_spot_feed | Disconnected: [Failure instance: Traceback (failure with no frames): <class 'twisted.internet.error.ConnectionDone'>: Connection was closed cleanly.
]
2026-04-30 10:23:13 | INFO     | ayumi.openapi_spot_feed | Connected to demo.ctraderapi.com:5035
2026-04-30 10:23:17 | WARNING  | ayumi.openapi_spot_feed | Disconnected: [Failure instance: Traceback (failure with no frames): <class 'twisted.internet.error.ConnectionDone'>: Connection was closed cleanly.
]
2026-04-30 10:23:19 | WARNING  | ayumi.openapi_spot_feed | Disconnected: [Failure instance: Traceback (failure with no frames): <class 'twisted.internet.error.ConnectionDone'>: Connection was closed cleanly.
]
2026-04-30 10:23:19 | INFO     | ayumi.openapi_spot_feed | Connected to demo.ctraderapi.com:5035
2026-04-30 10:23:19 | WARNING  | ayumi.openapi_spot_feed | Disconnected: [Failure instance: Traceback (failure with no frames): <class 'twisted.internet.error.ConnectionDone'>: Connection was closed cleanly.
]
2026-04-30 10:23:20 | ERROR    | ayumi.openapi_spot_feed | Send-and-wait failed: [Failure instance: Traceback: <class 'twisted.internet.defer.TimeoutError'>: (10, 'Deferred')
/home/TacoPants/projects/Ayumi/.venv/lib/python3.12/site-packages/twisted/internet/defer.py:798:timeItOut
/home/TacoPants/projects/Ayumi/.venv/lib/python3.12/site-packages/twisted/internet/defer.py:957:cancel
/home/TacoPants/projects/Ayumi/.venv/lib/python3.12/site-packages/twisted/internet/defer.py:916:errback
/home/TacoPants/projects/Ayumi/.venv/lib/python3.12/site-packages/twisted/internet/defer.py:984:_startRunCallbacks
--- <exception caught here> ---
/home/TacoPants/projects/Ayumi/.venv/lib/python3.12/site-packages/twisted/internet/defer.py:1078:_runCallbacks
/home/TacoPants/projects/Ayumi/.venv/lib/python3.12/site-packages/twisted/internet/defer.py:809:convertCancelled
/home/TacoPants/projects/Ayumi/.venv/lib/python3.12/site-packages/twisted/internet/defer.py:293:_cancelledToTimedOutError
]
2026-04-30 10:23:20 | ERROR    | ayumi.openapi_spot_feed | Application auth failed
2026-04-30 10:23:20 | WARNING  | ayumi.forward_test | Reconnection failed — next attempt in 120.0s
2026-04-30 10:23:21 | INFO     | ayumi.openapi_spot_feed | Connected to demo.ctraderapi.com:5035
2026-04-30 10:23:22 | INFO     | ayumi.openapi_spot_feed | Connected to demo.ctraderapi.com:5035
2026-04-30 10:23:26 | WARNING  | ayumi.openapi_spot_feed | Disconnected: [Failure instance: Traceback (failure with no frames): <class 'twisted.internet.error.ConnectionDone'>: Connection was closed cleanly.
]
2026-04-30 10:23:27 | INFO     | ayumi.openapi_spot_feed | Connected to demo.ctraderapi.com:5035
2026-04-30 10:23:33 | WARNING  | ayumi.openapi_spot_feed | Disconnected: [Failure instance: Traceback (failure with no frames): <class 'twisted.internet.error.ConnectionDone'>: Connection was closed cleanly.
]
2026-04-30 10:23:36 | INFO     | ayumi.openapi_spot_feed | Connected to demo.ctraderapi.com:5035
2026-04-30 10:23:40 | WARNING  | ayumi.openapi_spot_feed | Disconnected: [Failure instance: Traceback (failure with no frames): <class 'twisted.internet.error.ConnectionDone'>: Connection was closed cleanly.
]
2026-04-30 10:23:42 | INFO     | ayumi.openapi_spot_feed | Connected to demo.ctraderapi.com:5035
2026-04-30 10:23:43 | WARNING  | ayumi.openapi_spot_feed | Disconnected: [Failure instance: Traceback (failure with no frames): <class 'twisted.internet.error.ConnectionDone'>: Connection was closed cleanly.
]
2026-04-30 10:23:45 | INFO     | ayumi.openapi_spot_feed | Connected to demo.ctraderapi.com:5035
2026-04-30 10:23:49 | WARNING  | ayumi.openapi_spot_feed | Disconnected: [Failure instance: Traceback (failure with no frames): <class 'twisted.internet.error.ConnectionDone'>: Connection was closed cleanly.
]
2026-04-30 10:23:51 | INFO     | ayumi.openapi_spot_feed | Connected to demo.ctraderapi.com:5035
2026-04-30 10:23:51 | WARNING  | ayumi.openapi_spot_feed | Disconnected: [Failure instance: Traceback (failure with no frames): <class 'twisted.internet.error.ConnectionDone'>: Connection was closed cleanly.
]
2026-04-30 10:23:52 | WARNING  | ayumi.openapi_spot_feed | Disconnected: [Failure instance: Traceback (failure with no frames): <class 'twisted.internet.error.ConnectionDone'>: Connection was closed cleanly.
]
2026-04-30 10:23:53 | INFO     | ayumi.openapi_spot_feed | Connected to demo.ctraderapi.com:5035
2026-04-30 10:23:54 | INFO     | ayumi.openapi_spot_feed | Connected to demo.ctraderapi.com:5035
2026-04-30 10:23:58 | WARNING  | ayumi.openapi_spot_feed | Disconnected: [Failure instance: Traceback (failure with no frames): <class 'twisted.internet.error.ConnectionDone'>: Connection was closed cleanly.
]
2026-04-30 10:23:59 | INFO     | ayumi.openapi_spot_feed | Connected to demo.ctraderapi.com:5035
2026-04-30 10:24:06 | WARNING  | ayumi.openapi_spot_feed | Disconnected: [Failure instance: Traceback (failure with no frames): <class 'twisted.internet.error.ConnectionDone'>: Connection was closed cleanly.
]
2026-04-30 10:24:08 | INFO     | ayumi.openapi_spot_feed | Connected to demo.ctraderapi.com:5035
2026-04-30 10:24:12 | WARNING  | ayumi.openapi_spot_feed | Disconnected: [Failure instance: Traceback (failure with no frames): <class 'twisted.internet.error.ConnectionDone'>: Connection was closed cleanly.
]
2026-04-30 10:24:15 | INFO     | ayumi.openapi_spot_feed | Connected to demo.ctraderapi.com:5035
2026-04-30 10:24:15 | WARNING  | ayumi.openapi_spot_feed | Disconnected: [Failure instance: Traceback (failure with no frames): <class 'twisted.internet.error.ConnectionDone'>: Connection was closed cleanly.
]
2026-04-30 10:24:17 | INFO     | ayumi.openapi_spot_feed | Connected to demo.ctraderapi.com:5035
2026-04-30 10:24:21 | WARNING  | ayumi.openapi_spot_feed | Disconnected: [Failure instance: Traceback (failure with no frames): <class 'twisted.internet.error.ConnectionDone'>: Connection was closed cleanly.
]
2026-04-30 10:24:23 | WARNING  | ayumi.openapi_spot_feed | Disconnected: [Failure instance: Traceback (failure with no frames): <class 'twisted.internet.error.ConnectionDone'>: Connection was closed cleanly.
]
2026-04-30 10:24:23 | INFO     | ayumi.openapi_spot_feed | Connected to demo.ctraderapi.com:5035
2026-04-30 10:24:25 | WARNING  | ayumi.openapi_spot_feed | Disconnected: [Failure instance: Traceback (failure with no frames): <class 'twisted.internet.error.ConnectionDone'>: Connection was closed cleanly.
]
2026-04-30 10:24:25 | INFO     | ayumi.openapi_spot_feed | Connected to demo.ctraderapi.com:5035
2026-04-30 10:24:27 | INFO     | ayumi.openapi_spot_feed | Connected to demo.ctraderapi.com:5035
2026-04-30 10:24:29 | WARNING  | ayumi.openapi_spot_feed | Disconnected: [Failure instance: Traceback (failure with no frames): <class 'twisted.internet.error.ConnectionDone'>: Connection was closed cleanly.
]
2026-04-30 10:24:31 | INFO     | ayumi.openapi_spot_feed | Connected to demo.ctraderapi.com:5035
2026-04-30 10:24:38 | WARNING  | ayumi.openapi_spot_feed | Disconnected: [Failure instance: Traceback (failure with no frames): <class 'twisted.internet.error.ConnectionDone'>: Connection was closed cleanly.
]
2026-04-30 10:24:40 | INFO     | ayumi.openapi_spot_feed | Connected to demo.ctraderapi.com:5035
2026-04-30 10:24:45 | WARNING  | ayumi.openapi_spot_feed | Disconnected: [Failure instance: Traceback (failure with no frames): <class 'twisted.internet.error.ConnectionDone'>: Connection was closed cleanly.
]
2026-04-30 10:24:46 | INFO     | ayumi.openapi_spot_feed | Connected to demo.ctraderapi.com:5035
2026-04-30 10:24:47 | WARNING  | ayumi.openapi_spot_feed | Disconnected: [Failure instance: Traceback (failure with no frames): <class 'twisted.internet.error.ConnectionDone'>: Connection was closed cleanly.
]
2026-04-30 10:24:49 | INFO     | ayumi.openapi_spot_feed | Connected to demo.ctraderapi.com:5035
2026-04-30 10:24:54 | WARNING  | ayumi.openapi_spot_feed | Disconnected: [Failure instance: Traceback (failure with no frames): <class 'twisted.internet.error.ConnectionDone'>: Connection was closed cleanly.
]
2026-04-30 10:24:55 | INFO     | ayumi.openapi_spot_feed | Connected to demo.ctraderapi.com:5035
2026-04-30 10:24:55 | WARNING  | ayumi.openapi_spot_feed | Disconnected: [Failure instance: Traceback (failure with no frames): <class 'twisted.internet.error.ConnectionDone'>: Connection was closed cleanly.
]
2026-04-30 10:24:57 | WARNING  | ayumi.openapi_spot_feed | Disconnected: [Failure instance: Traceback (failure with no frames): <class 'twisted.internet.error.ConnectionDone'>: Connection was closed cleanly.
]
2026-04-30 10:24:58 | INFO     | ayumi.openapi_spot_feed | Connected to demo.ctraderapi.com:5035
2026-04-30 10:24:59 | INFO     | ayumi.openapi_spot_feed | Connected to demo.ctraderapi.com:5035
2026-04-30 10:25:01 | WARNING  | ayumi.openapi_spot_feed | Disconnected: [Failure instance: Traceback (failure with no frames): <class 'twisted.internet.error.ConnectionDone'>: Connection was closed cleanly.
]
2026-04-30 10:25:03 | INFO     | ayumi.openapi_spot_feed | Connected to demo.ctraderapi.com:5035
2026-04-30 10:25:10 | WARNING  | ayumi.forward_test | Connection health check failed: connected=False last_tick_ago=901.0s threshold=900.0s — reconnecting
2026-04-30 10:25:10 | INFO     | ayumi.forward_test | Reconnection attempt 11 (backoff=120.0s)
2026-04-30 10:25:10 | INFO     | ayumi.openapi_spot_feed | Connected to demo.ctraderapi.com:5035
2026-04-30 10:25:10 | WARNING  | ayumi.openapi_spot_feed | Disconnected: [Failure instance: Traceback (failure with no frames): <class 'twisted.internet.error.ConnectionDone'>: Connection was closed cleanly.
]
2026-04-30 10:25:12 | INFO     | ayumi.openapi_spot_feed | Connected to demo.ctraderapi.com:5035
2026-04-30 10:25:17 | WARNING  | ayumi.openapi_spot_feed | Disconnected: [Failure instance: Traceback (failure with no frames): <class 'twisted.internet.error.ConnectionDone'>: Connection was closed cleanly.
]
2026-04-30 10:25:19 | INFO     | ayumi.openapi_spot_feed | Connected to demo.ctraderapi.com:5035
2026-04-30 10:25:19 | WARNING  | ayumi.openapi_spot_feed | Disconnected: [Failure instance: Traceback (failure with no frames): <class 'twisted.internet.error.ConnectionDone'>: Connection was closed cleanly.
]
2026-04-30 10:25:20 | ERROR    | ayumi.openapi_spot_feed | Send-and-wait failed: [Failure instance: Traceback: <class 'twisted.internet.defer.TimeoutError'>: (10, 'Deferred')
/home/TacoPants/projects/Ayumi/.venv/lib/python3.12/site-packages/twisted/internet/defer.py:798:timeItOut
/home/TacoPants/projects/Ayumi/.venv/lib/python3.12/site-packages/twisted/internet/defer.py:957:cancel
/home/TacoPants/projects/Ayumi/.venv/lib/python3.12/site-packages/twisted/internet/defer.py:916:errback
/home/TacoPants/projects/Ayumi/.venv/lib/python3.12/site-packages/twisted/internet/defer.py:984:_startRunCallbacks
--- <exception caught here> ---
/home/TacoPants/projects/Ayumi/.venv/lib/python3.12/site-packages/twisted/internet/defer.py:1078:_runCallbacks
/home/TacoPants/projects/Ayumi/.venv/lib/python3.12/site-packages/twisted/internet/defer.py:809:convertCancelled
/home/TacoPants/projects/Ayumi/.venv/lib/python3.12/site-packages/twisted/internet/defer.py:293:_cancelledToTimedOutError
]
2026-04-30 10:25:20 | ERROR    | ayumi.openapi_spot_feed | Application auth failed
2026-04-30 10:25:20 | WARNING  | ayumi.forward_test | Reconnection failed — next attempt in 120.0s
2026-04-30 10:25:21 | INFO     | ayumi.openapi_spot_feed | Connected to demo.ctraderapi.com:5035
2026-04-30 10:25:25 | WARNING  | ayumi.openapi_spot_feed | Disconnected: [Failure instance: Traceback (failure with no frames): <class 'twisted.internet.error.ConnectionDone'>: Connection was closed cleanly.
]
2026-04-30 10:25:27 | INFO     | ayumi.openapi_spot_feed | Connected to demo.ctraderapi.com:5035
2026-04-30 10:25:28 | WARNING  | ayumi.openapi_spot_feed | Disconnected: [Failure instance: Traceback (failure with no frames): <class 'twisted.internet.error.ConnectionDone'>: Connection was closed cleanly.
]
2026-04-30 10:25:29 | WARNING  | ayumi.openapi_spot_feed | Disconnected: [Failure instance: Traceback (failure with no frames): <class 'twisted.internet.error.ConnectionDone'>: Connection was closed cleanly.
]
2026-04-30 10:25:30 | INFO     | ayumi.openapi_spot_feed | Connected to demo.ctraderapi.com:5035
2026-04-30 10:25:32 | INFO     | ayumi.openapi_spot_feed | Connected to demo.ctraderapi.com:5035
2026-04-30 10:25:33 | WARNING  | ayumi.openapi_spot_feed | Disconnected: [Failure instance: Traceback (failure with no frames): <class 'twisted.internet.error.ConnectionDone'>: Connection was closed cleanly.
]
2026-04-30 10:25:36 | INFO     | ayumi.openapi_spot_feed | Connected to demo.ctraderapi.com:5035
2026-04-30 10:25:40 | WARNING  | ayumi.openapi_spot_feed | Disconnected: [Failure instance: Traceback (failure with no frames): <class 'twisted.internet.error.ConnectionDone'>: Connection was closed cleanly.
]
2026-04-30 10:25:42 | WARNING  | ayumi.openapi_spot_feed | Disconnected: [Failure instance: Traceback (failure with no frames): <class 'twisted.internet.error.ConnectionDone'>: Connection was closed cleanly.
]
2026-04-30 10:25:42 | INFO     | ayumi.openapi_spot_feed | Connected to demo.ctraderapi.com:5035
2026-04-30 10:25:45 | INFO     | ayumi.openapi_spot_feed | Connected to demo.ctraderapi.com:5035
2026-04-30 10:25:49 | WARNING  | ayumi.openapi_spot_feed | Disconnected: [Failure instance: Traceback (failure with no frames): <class 'twisted.internet.error.ConnectionDone'>: Connection was closed cleanly.
]
2026-04-30 10:25:51 | INFO     | ayumi.openapi_spot_feed | Connected to demo.ctraderapi.com:5035
2026-04-30 10:25:51 | WARNING  | ayumi.openapi_spot_feed | Disconnected: [Failure instance: Traceback (failure with no frames): <class 'twisted.internet.error.ConnectionDone'>: Connection was closed cleanly.
]
2026-04-30 10:25:53 | INFO     | ayumi.openapi_spot_feed | Connected to demo.ctraderapi.com:5035
2026-04-30 10:25:57 | WARNING  | ayumi.openapi_spot_feed | Disconnected: [Failure instance: Traceback (failure with no frames): <class 'twisted.internet.error.ConnectionDone'>: Connection was closed cleanly.
]
2026-04-30 10:26:00 | INFO     | ayumi.openapi_spot_feed | Connected to demo.ctraderapi.com:5035
2026-04-30 10:26:00 | WARNING  | ayumi.openapi_spot_feed | Disconnected: [Failure instance: Traceback (failure with no frames): <class 'twisted.internet.error.ConnectionDone'>: Connection was closed cleanly.
]
2026-04-30 10:26:02 | WARNING  | ayumi.openapi_spot_feed | Disconnected: [Failure instance: Traceback (failure with no frames): <class 'twisted.internet.error.ConnectionDone'>: Connection was closed cleanly.
]
2026-04-30 10:26:02 | INFO     | ayumi.openapi_spot_feed | Connected to demo.ctraderapi.com:5035
2026-04-30 10:26:04 | INFO     | ayumi.openapi_spot_feed | Connected to demo.ctraderapi.com:5035
2026-04-30 10:26:06 | WARNING  | ayumi.openapi_spot_feed | Disconnected: [Failure instance: Traceback (failure with no frames): <class 'twisted.internet.error.ConnectionDone'>: Connection was closed cleanly.
]
2026-04-30 10:26:08 | INFO     | ayumi.openapi_spot_feed | Connected to demo.ctraderapi.com:5035
2026-04-30 10:26:12 | WARNING  | ayumi.openapi_spot_feed | Disconnected: [Failure instance: Traceback (failure with no frames): <class 'twisted.internet.error.ConnectionDone'>: Connection was closed cleanly.
]
2026-04-30 10:26:15 | WARNING  | ayumi.openapi_spot_feed | Disconnected: [Failure instance: Traceback (failure with no frames): <class 'twisted.internet.error.ConnectionDone'>: Connection was closed cleanly.
]
2026-04-30 10:26:15 | INFO     | ayumi.openapi_spot_feed | Connected to demo.ctraderapi.com:5035
2026-04-30 10:26:16 | INFO     | ayumi.openapi_spot_feed | Connected to demo.ctraderapi.com:5035
2026-04-30 10:26:21 | WARNING  | ayumi.openapi_spot_feed | Disconnected: [Failure instance: Traceback (failure with no frames): <class 'twisted.internet.error.ConnectionDone'>: Connection was closed cleanly.
]
2026-04-30 10:26:23 | WARNING  | ayumi.openapi_spot_feed | Disconnected: [Failure instance: Traceback (failure with no frames): <class 'twisted.internet.error.ConnectionDone'>: Connection was closed cleanly.
]
2026-04-30 10:26:23 | INFO     | ayumi.openapi_spot_feed | Connected to demo.ctraderapi.com:5035
2026-04-30 10:26:25 | INFO     | ayumi.openapi_spot_feed | Connected to demo.ctraderapi.com:5035
2026-04-30 10:26:30 | WARNING  | ayumi.openapi_spot_feed | Disconnected: [Failure instance: Traceback (failure with no frames): <class 'twisted.internet.error.ConnectionDone'>: Connection was closed cleanly.
]
2026-04-30 10:26:32 | INFO     | ayumi.openapi_spot_feed | Connected to demo.ctraderapi.com:5035
2026-04-30 10:26:32 | WARNING  | ayumi.openapi_spot_feed | Disconnected: [Failure instance: Traceback (failure with no frames): <class 'twisted.internet.error.ConnectionDone'>: Connection was closed cleanly.
]
2026-04-30 10:26:34 | WARNING  | ayumi.openapi_spot_feed | Disconnected: [Failure instance: Traceback (failure with no frames): <class 'twisted.internet.error.ConnectionDone'>: Connection was closed cleanly.
]
2026-04-30 10:26:35 | INFO     | ayumi.openapi_spot_feed | Connected to demo.ctraderapi.com:5035
2026-04-30 10:26:37 | INFO     | ayumi.openapi_spot_feed | Connected to demo.ctraderapi.com:5035
2026-04-30 10:26:38 | WARNING  | ayumi.openapi_spot_feed | Disconnected: [Failure instance: Traceback (failure with no frames): <class 'twisted.internet.error.ConnectionDone'>: Connection was closed cleanly.
]
2026-04-30 10:26:41 | INFO     | ayumi.openapi_spot_feed | Connected to demo.ctraderapi.com:5035
2026-04-30 10:26:45 | WARNING  | ayumi.openapi_spot_feed | Disconnected: [Failure instance: Traceback (failure with no frames): <class 'twisted.internet.error.ConnectionDone'>: Connection was closed cleanly.
]
2026-04-30 10:26:47 | WARNING  | ayumi.openapi_spot_feed | Disconnected: [Failure instance: Traceback (failure with no frames): <class 'twisted.internet.error.ConnectionDone'>: Connection was closed cleanly.
]
2026-04-30 10:26:47 | INFO     | ayumi.openapi_spot_feed | Connected to demo.ctraderapi.com:5035
2026-04-30 10:26:49 | INFO     | ayumi.openapi_spot_feed | Connected to demo.ctraderapi.com:5035
2026-04-30 10:26:53 | WARNING  | ayumi.openapi_spot_feed | Disconnected: [Failure instance: Traceback (failure with no frames): <class 'twisted.internet.error.ConnectionDone'>: Connection was closed cleanly.
]
2026-04-30 10:26:55 | WARNING  | ayumi.openapi_spot_feed | Disconnected: [Failure instance: Traceback (failure with no frames): <class 'twisted.internet.error.ConnectionDone'>: Connection was closed cleanly.
]
2026-04-30 10:26:55 | INFO     | ayumi.openapi_spot_feed | Connected to demo.ctraderapi.com:5035
2026-04-30 10:26:57 | INFO     | ayumi.openapi_spot_feed | Connected to demo.ctraderapi.com:5035
2026-04-30 10:27:02 | WARNING  | ayumi.openapi_spot_feed | Disconnected: [Failure instance: Traceback (failure with no frames): <class 'twisted.internet.error.ConnectionDone'>: Connection was closed cleanly.
]
2026-04-30 10:27:05 | INFO     | ayumi.openapi_spot_feed | Connected to demo.ctraderapi.com:5035
2026-04-30 10:27:05 | WARNING  | ayumi.openapi_spot_feed | Disconnected: [Failure instance: Traceback (failure with no frames): <class 'twisted.internet.error.ConnectionDone'>: Connection was closed cleanly.
]
2026-04-30 10:27:07 | WARNING  | ayumi.openapi_spot_feed | Disconnected: [Failure instance: Traceback (failure with no frames): <class 'twisted.internet.error.ConnectionDone'>: Connection was closed cleanly.
]
2026-04-30 10:27:07 | INFO     | ayumi.openapi_spot_feed | Connected to demo.ctraderapi.com:5035
2026-04-30 10:27:08 | INFO     | ayumi.openapi_spot_feed | Connected to demo.ctraderapi.com:5035
2026-04-30 10:27:10 | WARNING  | ayumi.forward_test | Connection health check failed: connected=False last_tick_ago=1021.1s threshold=900.0s — reconnecting
2026-04-30 10:27:10 | INFO     | ayumi.forward_test | Reconnection attempt 12 (backoff=120.0s)
2026-04-30 10:27:10 | INFO     | ayumi.openapi_spot_feed | Connected to demo.ctraderapi.com:5035
2026-04-30 10:27:17 | WARNING  | ayumi.openapi_spot_feed | Disconnected: [Failure instance: Traceback (failure with no frames): <class 'twisted.internet.error.ConnectionDone'>: Connection was closed cleanly.
]
2026-04-30 10:27:19 | WARNING  | ayumi.openapi_spot_feed | Disconnected: [Failure instance: Traceback (failure with no frames): <class 'twisted.internet.error.ConnectionDone'>: Connection was closed cleanly.
]
2026-04-30 10:27:19 | INFO     | ayumi.openapi_spot_feed | Connected to demo.ctraderapi.com:5035
2026-04-30 10:27:20 | ERROR    | ayumi.openapi_spot_feed | Send-and-wait failed: [Failure instance: Traceback: <class 'twisted.internet.defer.TimeoutError'>: (10, 'Deferred')
/home/TacoPants/projects/Ayumi/.venv/lib/python3.12/site-packages/twisted/internet/defer.py:798:timeItOut
/home/TacoPants/projects/Ayumi/.venv/lib/python3.12/site-packages/twisted/internet/defer.py:957:cancel
/home/TacoPants/projects/Ayumi/.venv/lib/python3.12/site-packages/twisted/internet/defer.py:916:errback
/home/TacoPants/projects/Ayumi/.venv/lib/python3.12/site-packages/twisted/internet/defer.py:984:_startRunCallbacks
--- <exception caught here> ---
/home/TacoPants/projects/Ayumi/.venv/lib/python3.12/site-packages/twisted/internet/defer.py:1078:_runCallbacks
/home/TacoPants/projects/Ayumi/.venv/lib/python3.12/site-packages/twisted/internet/defer.py:809:convertCancelled
/home/TacoPants/projects/Ayumi/.venv/lib/python3.12/site-packages/twisted/internet/defer.py:293:_cancelledToTimedOutError
]
2026-04-30 10:27:20 | ERROR    | ayumi.openapi_spot_feed | Application auth failed
2026-04-30 10:27:20 | WARNING  | ayumi.forward_test | Reconnection failed — next attempt in 120.0s
2026-04-30 10:27:21 | INFO     | ayumi.openapi_spot_feed | Connected to demo.ctraderapi.com:5035
2026-04-30 10:27:25 | WARNING  | ayumi.openapi_spot_feed | Disconnected: [Failure instance: Traceback (failure with no frames): <class 'twisted.internet.error.ConnectionDone'>: Connection was closed cleanly.
]
2026-04-30 10:27:27 | INFO     | ayumi.openapi_spot_feed | Connected to demo.ctraderapi.com:5035
2026-04-30 10:27:28 | WARNING  | ayumi.openapi_spot_feed | Disconnected: [Failure instance: Traceback (failure with no frames): <class 'twisted.internet.error.ConnectionDone'>: Connection was closed cleanly.
]
2026-04-30 10:27:30 | INFO     | ayumi.openapi_spot_feed | Connected to demo.ctraderapi.com:5035
2026-04-30 10:27:35 | WARNING  | ayumi.openapi_spot_feed | Disconnected: [Failure instance: Traceback (failure with no frames): <class 'twisted.internet.error.ConnectionDone'>: Connection was closed cleanly.
]
2026-04-30 10:27:36 | INFO     | ayumi.openapi_spot_feed | Connected to demo.ctraderapi.com:5035
2026-04-30 10:27:37 | WARNING  | ayumi.openapi_spot_feed | Disconnected: [Failure instance: Traceback (failure with no frames): <class 'twisted.internet.error.ConnectionDone'>: Connection was closed cleanly.
]
2026-04-30 10:27:38 | WARNING  | ayumi.openapi_spot_feed | Disconnected: [Failure instance: Traceback (failure with no frames): <class 'twisted.internet.error.ConnectionDone'>: Connection was closed cleanly.
]
2026-04-30 10:27:39 | INFO     | ayumi.openapi_spot_feed | Connected to demo.ctraderapi.com:5035
2026-04-30 10:27:40 | INFO     | ayumi.openapi_spot_feed | Connected to demo.ctraderapi.com:5035
2026-04-30 10:27:40 | WARNING  | ayumi.openapi_spot_feed | Disconnected: [Failure instance: Traceback (failure with no frames): <class 'twisted.internet.error.ConnectionDone'>: Connection was closed cleanly.
]
2026-04-30 10:27:42 | INFO     | ayumi.openapi_spot_feed | Connected to demo.ctraderapi.com:5035
2026-04-30 10:27:49 | WARNING  | ayumi.openapi_spot_feed | Disconnected: [Failure instance: Traceback (failure with no frames): <class 'twisted.internet.error.ConnectionDone'>: Connection was closed cleanly.
]
2026-04-30 10:27:51 | WARNING  | ayumi.openapi_spot_feed | Disconnected: [Failure instance: Traceback (failure with no frames): <class 'twisted.internet.error.ConnectionDone'>: Connection was closed cleanly.
]
2026-04-30 10:27:52 | INFO     | ayumi.openapi_spot_feed | Connected to demo.ctraderapi.com:5035
2026-04-30 10:27:53 | INFO     | ayumi.openapi_spot_feed | Connected to demo.ctraderapi.com:5035
2026-04-30 10:27:57 | WARNING  | ayumi.openapi_spot_feed | Disconnected: [Failure instance: Traceback (failure with no frames): <class 'twisted.internet.error.ConnectionDone'>: Connection was closed cleanly.
]
2026-04-30 10:27:59 | INFO     | ayumi.openapi_spot_feed | Connected to demo.ctraderapi.com:5035
2026-04-30 10:28:00 | WARNING  | ayumi.openapi_spot_feed | Disconnected: [Failure instance: Traceback (failure with no frames): <class 'twisted.internet.error.ConnectionDone'>: Connection was closed cleanly.
]
2026-04-30 10:28:02 | INFO     | ayumi.openapi_spot_feed | Connected to demo.ctraderapi.com:5035
2026-04-30 10:28:07 | WARNING  | ayumi.openapi_spot_feed | Disconnected: [Failure instance: Traceback (failure with no frames): <class 'twisted.internet.error.ConnectionDone'>: Connection was closed cleanly.
]
2026-04-30 10:28:08 | INFO     | ayumi.openapi_spot_feed | Connected to demo.ctraderapi.com:5035
2026-04-30 10:28:10 | WARNING  | ayumi.openapi_spot_feed | Disconnected: [Failure instance: Traceback (failure with no frames): <class 'twisted.internet.error.ConnectionDone'>: Connection was closed cleanly.
]
2026-04-30 10:28:10 | WARNING  | ayumi.openapi_spot_feed | Disconnected: [Failure instance: Traceback (failure with no frames): <class 'twisted.internet.error.ConnectionDone'>: Connection was closed cleanly.
]
2026-04-30 10:28:12 | WARNING  | ayumi.openapi_spot_feed | Disconnected: [Failure instance: Traceback (failure with no frames): <class 'twisted.internet.error.ConnectionDone'>: Connection was closed cleanly.
]
2026-04-30 10:28:12 | INFO     | ayumi.openapi_spot_feed | Connected to demo.ctraderapi.com:5035
2026-04-30 10:28:13 | INFO     | ayumi.openapi_spot_feed | Connected to demo.ctraderapi.com:5035
2026-04-30 10:28:14 | INFO     | ayumi.openapi_spot_feed | Connected to demo.ctraderapi.com:5035
2026-04-30 10:28:22 | WARNING  | ayumi.openapi_spot_feed | Disconnected: [Failure instance: Traceback (failure with no frames): <class 'twisted.internet.error.ConnectionDone'>: Connection was closed cleanly.
]
2026-04-30 10:28:23 | WARNING  | ayumi.openapi_spot_feed | Disconnected: [Failure instance: Traceback (failure with no frames): <class 'twisted.internet.error.ConnectionDone'>: Connection was closed cleanly.
]
2026-04-30 10:28:24 | INFO     | ayumi.openapi_spot_feed | Connected to demo.ctraderapi.com:5035
2026-04-30 10:28:25 | INFO     | ayumi.openapi_spot_feed | Connected to demo.ctraderapi.com:5035
2026-04-30 10:28:29 | WARNING  | ayumi.openapi_spot_feed | Disconnected: [Failure instance: Traceback (failure with no frames): <class 'twisted.internet.error.ConnectionDone'>: Connection was closed cleanly.
]
2026-04-30 10:28:31 | INFO     | ayumi.openapi_spot_feed | Connected to demo.ctraderapi.com:5035
2026-04-30 10:28:32 | WARNING  | ayumi.openapi_spot_feed | Disconnected: [Failure instance: Traceback (failure with no frames): <class 'twisted.internet.error.ConnectionDone'>: Connection was closed cleanly.
]
2026-04-30 10:28:34 | INFO     | ayumi.openapi_spot_feed | Connected to demo.ctraderapi.com:5035
2026-04-30 10:28:39 | WARNING  | ayumi.openapi_spot_feed | Disconnected: [Failure instance: Traceback (failure with no frames): <class 'twisted.internet.error.ConnectionDone'>: Connection was closed cleanly.
]
2026-04-30 10:28:41 | INFO     | ayumi.openapi_spot_feed | Connected to demo.ctraderapi.com:5035
2026-04-30 10:28:42 | WARNING  | ayumi.openapi_spot_feed | Disconnected: [Failure instance: Traceback (failure with no frames): <class 'twisted.internet.error.ConnectionDone'>: Connection was closed cleanly.
]
2026-04-30 10:28:43 | WARNING  | ayumi.openapi_spot_feed | Disconnected: [Failure instance: Traceback (failure with no frames): <class 'twisted.internet.error.ConnectionDone'>: Connection was closed cleanly.
]
2026-04-30 10:28:44 | INFO     | ayumi.openapi_spot_feed | Connected to demo.ctraderapi.com:5035
2026-04-30 10:28:44 | INFO     | ayumi.openapi_spot_feed | Connected to demo.ctraderapi.com:5035
2026-04-30 10:28:44 | WARNING  | ayumi.openapi_spot_feed | Disconnected: [Failure instance: Traceback (failure with no frames): <class 'twisted.internet.error.ConnectionDone'>: Connection was closed cleanly.
]
2026-04-30 10:28:47 | INFO     | ayumi.openapi_spot_feed | Connected to demo.ctraderapi.com:5035
2026-04-30 10:28:54 | WARNING  | ayumi.openapi_spot_feed | Disconnected: [Failure instance: Traceback (failure with no frames): <class 'twisted.internet.error.ConnectionDone'>: Connection was closed cleanly.
]
2026-04-30 10:28:55 | WARNING  | ayumi.openapi_spot_feed | Disconnected: [Failure instance: Traceback (failure with no frames): <class 'twisted.internet.error.ConnectionDone'>: Connection was closed cleanly.
]
2026-04-30 10:28:56 | INFO     | ayumi.openapi_spot_feed | Connected to demo.ctraderapi.com:5035
2026-04-30 10:28:57 | INFO     | ayumi.openapi_spot_feed | Connected to demo.ctraderapi.com:5035
2026-04-30 10:29:01 | WARNING  | ayumi.openapi_spot_feed | Disconnected: [Failure instance: Traceback (failure with no frames): <class 'twisted.internet.error.ConnectionDone'>: Connection was closed cleanly.
]
2026-04-30 10:29:04 | INFO     | ayumi.openapi_spot_feed | Connected to demo.ctraderapi.com:5035
2026-04-30 10:29:04 | WARNING  | ayumi.openapi_spot_feed | Disconnected: [Failure instance: Traceback (failure with no frames): <class 'twisted.internet.error.ConnectionDone'>: Connection was closed cleanly.
]
2026-04-30 10:29:06 | INFO     | ayumi.openapi_spot_feed | Connected to demo.ctraderapi.com:5035
2026-04-30 10:29:10 | WARNING  | ayumi.forward_test | Connection health check failed: connected=False last_tick_ago=1141.1s threshold=900.0s — reconnecting
2026-04-30 10:29:10 | INFO     | ayumi.forward_test | Reconnection attempt 13 (backoff=120.0s)
2026-04-30 10:29:10 | INFO     | ayumi.openapi_spot_feed | Connected to demo.ctraderapi.com:5035
2026-04-30 10:29:11 | WARNING  | ayumi.openapi_spot_feed | Disconnected: [Failure instance: Traceback (failure with no frames): <class 'twisted.internet.error.ConnectionDone'>: Connection was closed cleanly.
]
2026-04-30 10:29:13 | INFO     | ayumi.openapi_spot_feed | Connected to demo.ctraderapi.com:5035
2026-04-30 10:29:14 | WARNING  | ayumi.openapi_spot_feed | Disconnected: [Failure instance: Traceback (failure with no frames): <class 'twisted.internet.error.ConnectionDone'>: Connection was closed cleanly.
]
2026-04-30 10:29:15 | WARNING  | ayumi.openapi_spot_feed | Disconnected: [Failure instance: Traceback (failure with no frames): <class 'twisted.internet.error.ConnectionDone'>: Connection was closed cleanly.
]
2026-04-30 10:29:15 | INFO     | ayumi.openapi_spot_feed | Connected to demo.ctraderapi.com:5035
2026-04-30 10:29:16 | INFO     | ayumi.openapi_spot_feed | Connected to demo.ctraderapi.com:5035
2026-04-30 10:29:17 | WARNING  | ayumi.openapi_spot_feed | Disconnected: [Failure instance: Traceback (failure with no frames): <class 'twisted.internet.error.ConnectionDone'>: Connection was closed cleanly.
]
2026-04-30 10:29:19 | INFO     | ayumi.openapi_spot_feed | Connected to demo.ctraderapi.com:5035
2026-04-30 10:29:20 | ERROR    | ayumi.openapi_spot_feed | Send-and-wait failed: [Failure instance: Traceback: <class 'twisted.internet.defer.TimeoutError'>: (10, 'Deferred')
/home/TacoPants/projects/Ayumi/.venv/lib/python3.12/site-packages/twisted/internet/defer.py:798:timeItOut
/home/TacoPants/projects/Ayumi/.venv/lib/python3.12/site-packages/twisted/internet/defer.py:957:cancel
/home/TacoPants/projects/Ayumi/.venv/lib/python3.12/site-packages/twisted/internet/defer.py:916:errback
/home/TacoPants/projects/Ayumi/.venv/lib/python3.12/site-packages/twisted/internet/defer.py:984:_startRunCallbacks
--- <exception caught here> ---
/home/TacoPants/projects/Ayumi/.venv/lib/python3.12/site-packages/twisted/internet/defer.py:1078:_runCallbacks
/home/TacoPants/projects/Ayumi/.venv/lib/python3.12/site-packages/twisted/internet/defer.py:809:convertCancelled
/home/TacoPants/projects/Ayumi/.venv/lib/python3.12/site-packages/twisted/internet/defer.py:293:_cancelledToTimedOutError
]
2026-04-30 10:29:20 | ERROR    | ayumi.openapi_spot_feed | Application auth failed
2026-04-30 10:29:20 | WARNING  | ayumi.forward_test | Reconnection failed — next attempt in 120.0s
2026-04-30 10:29:27 | WARNING  | ayumi.openapi_spot_feed | Disconnected: [Failure instance: Traceback (failure with no frames): <class 'twisted.internet.error.ConnectionDone'>: Connection was closed cleanly.
]
2026-04-30 10:29:29 | INFO     | ayumi.openapi_spot_feed | Connected to demo.ctraderapi.com:5035
2026-04-30 10:29:34 | WARNING  | ayumi.openapi_spot_feed | Disconnected: [Failure instance: Traceback (failure with no frames): <class 'twisted.internet.error.ConnectionDone'>: Connection was closed cleanly.
]
2026-04-30 10:29:36 | WARNING  | ayumi.openapi_spot_feed | Disconnected: [Failure instance: Traceback (failure with no frames): <class 'twisted.internet.error.ConnectionDone'>: Connection was closed cleanly.
]
2026-04-30 10:29:36 | INFO     | ayumi.openapi_spot_feed | Connected to demo.ctraderapi.com:5035
2026-04-30 10:29:38 | INFO     | ayumi.openapi_spot_feed | Connected to demo.ctraderapi.com:5035
2026-04-30 10:29:40 | WARNING  | ayumi.openapi_spot_feed | Disconnected: [Failure instance: Traceback (failure with no frames): <class 'twisted.internet.error.ConnectionDone'>: Connection was closed cleanly.
]
2026-04-30 10:29:42 | INFO     | ayumi.openapi_spot_feed | Connected to demo.ctraderapi.com:5035
2026-04-30 10:29:43 | WARNING  | ayumi.openapi_spot_feed | Disconnected: [Failure instance: Traceback (failure with no frames): <class 'twisted.internet.error.ConnectionDone'>: Connection was closed cleanly.
]
2026-04-30 10:29:46 | WARNING  | ayumi.openapi_spot_feed | Disconnected: [Failure instance: Traceback (failure with no frames): <class 'twisted.internet.error.ConnectionDone'>: Connection was closed cleanly.
]
2026-04-30 10:29:46 | INFO     | ayumi.openapi_spot_feed | Connected to demo.ctraderapi.com:5035
2026-04-30 10:29:47 | WARNING  | ayumi.openapi_spot_feed | Disconnected: [Failure instance: Traceback (failure with no frames): <class 'twisted.internet.error.ConnectionDone'>: Connection was closed cleanly.
]
2026-04-30 10:29:48 | INFO     | ayumi.openapi_spot_feed | Connected to demo.ctraderapi.com:5035
2026-04-30 10:29:48 | INFO     | ayumi.openapi_spot_feed | Connected to demo.ctraderapi.com:5035
2026-04-30 10:29:49 | WARNING  | ayumi.openapi_spot_feed | Disconnected: [Failure instance: Traceback (failure with no frames): <class 'twisted.internet.error.ConnectionDone'>: Connection was closed cleanly.
]
2026-04-30 10:29:51 | INFO     | ayumi.openapi_spot_feed | Connected to demo.ctraderapi.com:5035
2026-04-30 10:30:00 | WARNING  | ayumi.openapi_spot_feed | Disconnected: [Failure instance: Traceback (failure with no frames): <class 'twisted.internet.error.ConnectionDone'>: Connection was closed cleanly.
]
2026-04-30 10:30:01 | INFO     | ayumi.openapi_spot_feed | Connected to demo.ctraderapi.com:5035
2026-04-30 10:30:06 | WARNING  | ayumi.openapi_spot_feed | Disconnected: [Failure instance: Traceback (failure with no frames): <class 'twisted.internet.error.ConnectionDone'>: Connection was closed cleanly.
]
2026-04-30 10:30:08 | WARNING  | ayumi.openapi_spot_feed | Disconnected: [Failure instance: Traceback (failure with no frames): <class 'twisted.internet.error.ConnectionDone'>: Connection was closed cleanly.
]
2026-04-30 10:30:08 | INFO     | ayumi.openapi_spot_feed | Connected to demo.ctraderapi.com:5035
2026-04-30 10:30:10 | INFO     | ayumi.openapi_spot_feed | Connected to demo.ctraderapi.com:5035
2026-04-30 10:30:12 | WARNING  | ayumi.openapi_spot_feed | Disconnected: [Failure instance: Traceback (failure with no frames): <class 'twisted.internet.error.ConnectionDone'>: Connection was closed cleanly.
]
2026-04-30 10:30:14 | INFO     | ayumi.openapi_spot_feed | Connected to demo.ctraderapi.com:5035
2026-04-30 10:30:16 | WARNING  | ayumi.openapi_spot_feed | Disconnected: [Failure instance: Traceback (failure with no frames): <class 'twisted.internet.error.ConnectionDone'>: Connection was closed cleanly.
]
2026-04-30 10:30:18 | WARNING  | ayumi.openapi_spot_feed | Disconnected: [Failure instance: Traceback (failure with no frames): <class 'twisted.internet.error.ConnectionDone'>: Connection was closed cleanly.
]
2026-04-30 10:30:18 | INFO     | ayumi.openapi_spot_feed | Connected to demo.ctraderapi.com:5035
2026-04-30 10:30:19 | WARNING  | ayumi.openapi_spot_feed | Disconnected: [Failure instance: Traceback (failure with no frames): <class 'twisted.internet.error.ConnectionDone'>: Connection was closed cleanly.
]
2026-04-30 10:30:20 | INFO     | ayumi.openapi_spot_feed | Connected to demo.ctraderapi.com:5035
2026-04-30 10:30:21 | INFO     | ayumi.openapi_spot_feed | Connected to demo.ctraderapi.com:5035
2026-04-30 10:30:21 | WARNING  | ayumi.openapi_spot_feed | Disconnected: [Failure instance: Traceback (failure with no frames): <class 'twisted.internet.error.ConnectionDone'>: Connection was closed cleanly.
]
2026-04-30 10:30:23 | INFO     | ayumi.openapi_spot_feed | Connected to demo.ctraderapi.com:5035
2026-04-30 10:30:32 | WARNING  | ayumi.openapi_spot_feed | Disconnected: [Failure instance: Traceback (failure with no frames): <class 'twisted.internet.error.ConnectionDone'>: Connection was closed cleanly.
]
2026-04-30 10:30:33 | INFO     | ayumi.openapi_spot_feed | Connected to demo.ctraderapi.com:5035
2026-04-30 10:30:38 | WARNING  | ayumi.openapi_spot_feed | Disconnected: [Failure instance: Traceback (failure with no frames): <class 'twisted.internet.error.ConnectionDone'>: Connection was closed cleanly.
]
2026-04-30 10:30:40 | WARNING  | ayumi.openapi_spot_feed | Disconnected: [Failure instance: Traceback (failure with no frames): <class 'twisted.internet.error.ConnectionDone'>: Connection was closed cleanly.
]
2026-04-30 10:30:40 | INFO     | ayumi.openapi_spot_feed | Connected to demo.ctraderapi.com:5035
2026-04-30 10:30:42 | INFO     | ayumi.openapi_spot_feed | Connected to demo.ctraderapi.com:5035
2026-04-30 10:30:44 | WARNING  | ayumi.openapi_spot_feed | Disconnected: [Failure instance: Traceback (failure with no frames): <class 'twisted.internet.error.ConnectionDone'>: Connection was closed cleanly.
]
2026-04-30 10:30:46 | INFO     | ayumi.openapi_spot_feed | Connected to demo.ctraderapi.com:5035
2026-04-30 10:30:48 | WARNING  | ayumi.openapi_spot_feed | Disconnected: [Failure instance: Traceback (failure with no frames): <class 'twisted.internet.error.ConnectionDone'>: Connection was closed cleanly.
]
2026-04-30 10:30:50 | INFO     | ayumi.openapi_spot_feed | Connected to demo.ctraderapi.com:5035
2026-04-30 10:30:50 | WARNING  | ayumi.openapi_spot_feed | Disconnected: [Failure instance: Traceback (failure with no frames): <class 'twisted.internet.error.ConnectionDone'>: Connection was closed cleanly.
]
2026-04-30 10:30:51 | WARNING  | ayumi.openapi_spot_feed | Disconnected: [Failure instance: Traceback (failure with no frames): <class 'twisted.internet.error.ConnectionDone'>: Connection was closed cleanly.
]
2026-04-30 10:30:52 | INFO     | ayumi.openapi_spot_feed | Connected to demo.ctraderapi.com:5035
2026-04-30 10:30:53 | INFO     | ayumi.openapi_spot_feed | Connected to demo.ctraderapi.com:5035
2026-04-30 10:30:53 | WARNING  | ayumi.openapi_spot_feed | Disconnected: [Failure instance: Traceback (failure with no frames): <class 'twisted.internet.error.ConnectionDone'>: Connection was closed cleanly.
]
2026-04-30 10:30:56 | INFO     | ayumi.openapi_spot_feed | Connected to demo.ctraderapi.com:5035
2026-04-30 10:31:03 | WARNING  | ayumi.openapi_spot_feed | Disconnected: [Failure instance: Traceback (failure with no frames): <class 'twisted.internet.error.ConnectionDone'>: Connection was closed cleanly.
]
2026-04-30 10:31:05 | INFO     | ayumi.openapi_spot_feed | Connected to demo.ctraderapi.com:5035
2026-04-30 10:31:10 | WARNING  | ayumi.forward_test | Connection health check failed: connected=False last_tick_ago=1261.2s threshold=900.0s — reconnecting
2026-04-30 10:31:10 | INFO     | ayumi.forward_test | Reconnection attempt 14 (backoff=120.0s)
2026-04-30 10:31:10 | INFO     | ayumi.openapi_spot_feed | Connected to demo.ctraderapi.com:5035
2026-04-30 10:31:10 | WARNING  | ayumi.openapi_spot_feed | Disconnected: [Failure instance: Traceback (failure with no frames): <class 'twisted.internet.error.ConnectionDone'>: Connection was closed cleanly.
]
2026-04-30 10:31:13 | INFO     | ayumi.openapi_spot_feed | Connected to demo.ctraderapi.com:5035
2026-04-30 10:31:16 | WARNING  | ayumi.openapi_spot_feed | Disconnected: [Failure instance: Traceback (failure with no frames): <class 'twisted.internet.error.ConnectionDone'>: Connection was closed cleanly.
]
2026-04-30 10:31:18 | INFO     | ayumi.openapi_spot_feed | Connected to demo.ctraderapi.com:5035
2026-04-30 10:31:20 | WARNING  | ayumi.openapi_spot_feed | Disconnected: [Failure instance: Traceback (failure with no frames): <class 'twisted.internet.error.ConnectionDone'>: Connection was closed cleanly.
]
2026-04-30 10:31:20 | ERROR    | ayumi.openapi_spot_feed | Send-and-wait failed: [Failure instance: Traceback: <class 'twisted.internet.defer.TimeoutError'>: (10, 'Deferred')
/home/TacoPants/projects/Ayumi/.venv/lib/python3.12/site-packages/twisted/internet/defer.py:798:timeItOut
/home/TacoPants/projects/Ayumi/.venv/lib/python3.12/site-packages/twisted/internet/defer.py:957:cancel
/home/TacoPants/projects/Ayumi/.venv/lib/python3.12/site-packages/twisted/internet/defer.py:916:errback
/home/TacoPants/projects/Ayumi/.venv/lib/python3.12/site-packages/twisted/internet/defer.py:984:_startRunCallbacks
--- <exception caught here> ---
/home/TacoPants/projects/Ayumi/.venv/lib/python3.12/site-packages/twisted/internet/defer.py:1078:_runCallbacks
/home/TacoPants/projects/Ayumi/.venv/lib/python3.12/site-packages/twisted/internet/defer.py:809:convertCancelled
/home/TacoPants/projects/Ayumi/.venv/lib/python3.12/site-packages/twisted/internet/defer.py:293:_cancelledToTimedOutError
]
2026-04-30 10:31:20 | ERROR    | ayumi.openapi_spot_feed | Application auth failed
2026-04-30 10:31:20 | WARNING  | ayumi.forward_test | Reconnection failed — next attempt in 120.0s
2026-04-30 10:31:22 | WARNING  | ayumi.openapi_spot_feed | Disconnected: [Failure instance: Traceback (failure with no frames): <class 'twisted.internet.error.ConnectionDone'>: Connection was closed cleanly.
]
2026-04-30 10:31:22 | INFO     | ayumi.openapi_spot_feed | Connected to demo.ctraderapi.com:5035
2026-04-30 10:31:23 | WARNING  | ayumi.openapi_spot_feed | Disconnected: [Failure instance: Traceback (failure with no frames): <class 'twisted.internet.error.ConnectionDone'>: Connection was closed cleanly.
]
2026-04-30 10:31:25 | INFO     | ayumi.openapi_spot_feed | Connected to demo.ctraderapi.com:5035
2026-04-30 10:31:25 | INFO     | ayumi.openapi_spot_feed | Connected to demo.ctraderapi.com:5035
2026-04-30 10:31:26 | WARNING  | ayumi.openapi_spot_feed | Disconnected: [Failure instance: Traceback (failure with no frames): <class 'twisted.internet.error.ConnectionDone'>: Connection was closed cleanly.
]
2026-04-30 10:31:28 | INFO     | ayumi.openapi_spot_feed | Connected to demo.ctraderapi.com:5035
2026-04-30 10:31:35 | WARNING  | ayumi.openapi_spot_feed | Disconnected: [Failure instance: Traceback (failure with no frames): <class 'twisted.internet.error.ConnectionDone'>: Connection was closed cleanly.
]
2026-04-30 10:31:37 | INFO     | ayumi.openapi_spot_feed | Connected to demo.ctraderapi.com:5035
2026-04-30 10:31:40 | WARNING  | ayumi.openapi_spot_feed | Disconnected: [Failure instance: Traceback (failure with no frames): <class 'twisted.internet.error.ConnectionDone'>: Connection was closed cleanly.
]
2026-04-30 10:31:42 | INFO     | ayumi.openapi_spot_feed | Connected to demo.ctraderapi.com:5035
2026-04-30 10:31:43 | WARNING  | ayumi.openapi_spot_feed | Disconnected: [Failure instance: Traceback (failure with no frames): <class 'twisted.internet.error.ConnectionDone'>: Connection was closed cleanly.
]
2026-04-30 10:31:45 | INFO     | ayumi.openapi_spot_feed | Connected to demo.ctraderapi.com:5035
2026-04-30 10:31:48 | WARNING  | ayumi.openapi_spot_feed | Disconnected: [Failure instance: Traceback (failure with no frames): <class 'twisted.internet.error.ConnectionDone'>: Connection was closed cleanly.
]
2026-04-30 10:31:51 | INFO     | ayumi.openapi_spot_feed | Connected to demo.ctraderapi.com:5035
2026-04-30 10:31:53 | WARNING  | ayumi.openapi_spot_feed | Disconnected: [Failure instance: Traceback (failure with no frames): <class 'twisted.internet.error.ConnectionDone'>: Connection was closed cleanly.
]
2026-04-30 10:31:55 | WARNING  | ayumi.openapi_spot_feed | Disconnected: [Failure instance: Traceback (failure with no frames): <class 'twisted.internet.error.ConnectionDone'>: Connection was closed cleanly.
]
2026-04-30 10:31:55 | INFO     | ayumi.openapi_spot_feed | Connected to demo.ctraderapi.com:5035
2026-04-30 10:31:55 | WARNING  | ayumi.openapi_spot_feed | Disconnected: [Failure instance: Traceback (failure with no frames): <class 'twisted.internet.error.ConnectionDone'>: Connection was closed cleanly.
]
2026-04-30 10:31:57 | INFO     | ayumi.openapi_spot_feed | Connected to demo.ctraderapi.com:5035
2026-04-30 10:31:57 | INFO     | ayumi.openapi_spot_feed | Connected to demo.ctraderapi.com:5035
2026-04-30 10:31:58 | WARNING  | ayumi.openapi_spot_feed | Disconnected: [Failure instance: Traceback (failure with no frames): <class 'twisted.internet.error.ConnectionDone'>: Connection was closed cleanly.
]
2026-04-30 10:32:00 | INFO     | ayumi.openapi_spot_feed | Connected to demo.ctraderapi.com:5035
2026-04-30 10:32:07 | WARNING  | ayumi.openapi_spot_feed | Disconnected: [Failure instance: Traceback (failure with no frames): <class 'twisted.internet.error.ConnectionDone'>: Connection was closed cleanly.
]
2026-04-30 10:32:09 | INFO     | ayumi.openapi_spot_feed | Connected to demo.ctraderapi.com:5035
2026-04-30 10:32:12 | WARNING  | ayumi.openapi_spot_feed | Disconnected: [Failure instance: Traceback (failure with no frames): <class 'twisted.internet.error.ConnectionDone'>: Connection was closed cleanly.
]
2026-04-30 10:32:14 | INFO     | ayumi.openapi_spot_feed | Connected to demo.ctraderapi.com:5035
2026-04-30 10:32:15 | WARNING  | ayumi.openapi_spot_feed | Disconnected: [Failure instance: Traceback (failure with no frames): <class 'twisted.internet.error.ConnectionDone'>: Connection was closed cleanly.
]
2026-04-30 10:32:17 | INFO     | ayumi.openapi_spot_feed | Connected to demo.ctraderapi.com:5035
2026-04-30 10:32:21 | WARNING  | ayumi.openapi_spot_feed | Disconnected: [Failure instance: Traceback (failure with no frames): <class 'twisted.internet.error.ConnectionDone'>: Connection was closed cleanly.
]
2026-04-30 10:32:23 | INFO     | ayumi.openapi_spot_feed | Connected to demo.ctraderapi.com:5035
2026-04-30 10:32:25 | WARNING  | ayumi.openapi_spot_feed | Disconnected: [Failure instance: Traceback (failure with no frames): <class 'twisted.internet.error.ConnectionDone'>: Connection was closed cleanly.
]
2026-04-30 10:32:27 | WARNING  | ayumi.openapi_spot_feed | Disconnected: [Failure instance: Traceback (failure with no frames): <class 'twisted.internet.error.ConnectionDone'>: Connection was closed cleanly.
]
2026-04-30 10:32:27 | WARNING  | ayumi.openapi_spot_feed | Disconnected: [Failure instance: Traceback (failure with no frames): <class 'twisted.internet.error.ConnectionDone'>: Connection was closed cleanly.
]
2026-04-30 10:32:28 | INFO     | ayumi.openapi_spot_feed | Connected to demo.ctraderapi.com:5035
2026-04-30 10:32:28 | INFO     | ayumi.openapi_spot_feed | Connected to demo.ctraderapi.com:5035
2026-04-30 10:32:29 | INFO     | ayumi.openapi_spot_feed | Connected to demo.ctraderapi.com:5035
2026-04-30 10:32:30 | WARNING  | ayumi.openapi_spot_feed | Disconnected: [Failure instance: Traceback (failure with no frames): <class 'twisted.internet.error.ConnectionDone'>: Connection was closed cleanly.
]
2026-04-30 10:32:33 | INFO     | ayumi.openapi_spot_feed | Connected to demo.ctraderapi.com:5035
2026-04-30 10:32:39 | WARNING  | ayumi.openapi_spot_feed | Disconnected: [Failure instance: Traceback (failure with no frames): <class 'twisted.internet.error.ConnectionDone'>: Connection was closed cleanly.
]
2026-04-30 10:32:41 | INFO     | ayumi.openapi_spot_feed | Connected to demo.ctraderapi.com:5035
2026-04-30 10:32:44 | WARNING  | ayumi.openapi_spot_feed | Disconnected: [Failure instance: Traceback (failure with no frames): <class 'twisted.internet.error.ConnectionDone'>: Connection was closed cleanly.
]
2026-04-30 10:32:46 | INFO     | ayumi.openapi_spot_feed | Connected to demo.ctraderapi.com:5035
2026-04-30 10:32:47 | WARNING  | ayumi.openapi_spot_feed | Disconnected: [Failure instance: Traceback (failure with no frames): <class 'twisted.internet.error.ConnectionDone'>: Connection was closed cleanly.
]
2026-04-30 10:32:49 | INFO     | ayumi.openapi_spot_feed | Connected to demo.ctraderapi.com:5035
2026-04-30 10:32:53 | WARNING  | ayumi.openapi_spot_feed | Disconnected: [Failure instance: Traceback (failure with no frames): <class 'twisted.internet.error.ConnectionDone'>: Connection was closed cleanly.
]
2026-04-30 10:32:56 | INFO     | ayumi.openapi_spot_feed | Connected to demo.ctraderapi.com:5035
2026-04-30 10:32:58 | WARNING  | ayumi.openapi_spot_feed | Disconnected: [Failure instance: Traceback (failure with no frames): <class 'twisted.internet.error.ConnectionDone'>: Connection was closed cleanly.
]
2026-04-30 10:32:59 | WARNING  | ayumi.openapi_spot_feed | Disconnected: [Failure instance: Traceback (failure with no frames): <class 'twisted.internet.error.ConnectionDone'>: Connection was closed cleanly.
]
2026-04-30 10:33:00 | WARNING  | ayumi.openapi_spot_feed | Disconnected: [Failure instance: Traceback (failure with no frames): <class 'twisted.internet.error.ConnectionDone'>: Connection was closed cleanly.
]
2026-04-30 10:33:00 | INFO     | ayumi.openapi_spot_feed | Connected to demo.ctraderapi.com:5035
2026-04-30 10:33:01 | INFO     | ayumi.openapi_spot_feed | Connected to demo.ctraderapi.com:5035
2026-04-30 10:33:01 | INFO     | ayumi.openapi_spot_feed | Connected to demo.ctraderapi.com:5035
2026-04-30 10:33:03 | WARNING  | ayumi.openapi_spot_feed | Disconnected: [Failure instance: Traceback (failure with no frames): <class 'twisted.internet.error.ConnectionDone'>: Connection was closed cleanly.
]
2026-04-30 10:33:05 | INFO     | ayumi.openapi_spot_feed | Connected to demo.ctraderapi.com:5035
2026-04-30 10:33:10 | WARNING  | ayumi.forward_test | Connection health check failed: connected=False last_tick_ago=1381.3s threshold=900.0s — reconnecting
2026-04-30 10:33:10 | INFO     | ayumi.forward_test | Reconnection attempt 15 (backoff=120.0s)
2026-04-30 10:33:10 | INFO     | ayumi.openapi_spot_feed | Connected to demo.ctraderapi.com:5035
2026-04-30 10:33:11 | WARNING  | ayumi.openapi_spot_feed | Disconnected: [Failure instance: Traceback (failure with no frames): <class 'twisted.internet.error.ConnectionDone'>: Connection was closed cleanly.
]
2026-04-30 10:33:13 | INFO     | ayumi.openapi_spot_feed | Connected to demo.ctraderapi.com:5035
2026-04-30 10:33:17 | WARNING  | ayumi.openapi_spot_feed | Disconnected: [Failure instance: Traceback (failure with no frames): <class 'twisted.internet.error.ConnectionDone'>: Connection was closed cleanly.
]
2026-04-30 10:33:18 | INFO     | ayumi.openapi_spot_feed | Connected to demo.ctraderapi.com:5035
2026-04-30 10:33:19 | WARNING  | ayumi.openapi_spot_feed | Disconnected: [Failure instance: Traceback (failure with no frames): <class 'twisted.internet.error.ConnectionDone'>: Connection was closed cleanly.
]
2026-04-30 10:33:20 | ERROR    | ayumi.openapi_spot_feed | Send-and-wait failed: [Failure instance: Traceback: <class 'twisted.internet.defer.TimeoutError'>: (10, 'Deferred')
/home/TacoPants/projects/Ayumi/.venv/lib/python3.12/site-packages/twisted/internet/defer.py:798:timeItOut
/home/TacoPants/projects/Ayumi/.venv/lib/python3.12/site-packages/twisted/internet/defer.py:957:cancel
/home/TacoPants/projects/Ayumi/.venv/lib/python3.12/site-packages/twisted/internet/defer.py:916:errback
/home/TacoPants/projects/Ayumi/.venv/lib/python3.12/site-packages/twisted/internet/defer.py:984:_startRunCallbacks
--- <exception caught here> ---
/home/TacoPants/projects/Ayumi/.venv/lib/python3.12/site-packages/twisted/internet/defer.py:1078:_runCallbacks
/home/TacoPants/projects/Ayumi/.venv/lib/python3.12/site-packages/twisted/internet/defer.py:809:convertCancelled
/home/TacoPants/projects/Ayumi/.venv/lib/python3.12/site-packages/twisted/internet/defer.py:293:_cancelledToTimedOutError
]
2026-04-30 10:33:20 | ERROR    | ayumi.openapi_spot_feed | Application auth failed
2026-04-30 10:33:20 | WARNING  | ayumi.forward_test | Reconnection failed — next attempt in 120.0s
2026-04-30 10:33:21 | INFO     | ayumi.openapi_spot_feed | Connected to demo.ctraderapi.com:5035
2026-04-30 10:33:26 | WARNING  | ayumi.openapi_spot_feed | Disconnected: [Failure instance: Traceback (failure with no frames): <class 'twisted.internet.error.ConnectionDone'>: Connection was closed cleanly.
]
2026-04-30 10:33:28 | INFO     | ayumi.openapi_spot_feed | Connected to demo.ctraderapi.com:5035
2026-04-30 10:33:31 | WARNING  | ayumi.openapi_spot_feed | Disconnected: [Failure instance: Traceback (failure with no frames): <class 'twisted.internet.error.ConnectionDone'>: Connection was closed cleanly.
]
2026-04-30 10:33:31 | WARNING  | ayumi.openapi_spot_feed | Disconnected: [Failure instance: Traceback (failure with no frames): <class 'twisted.internet.error.ConnectionDone'>: Connection was closed cleanly.
]
2026-04-30 10:33:33 | INFO     | ayumi.openapi_spot_feed | Connected to demo.ctraderapi.com:5035
2026-04-30 10:33:33 | INFO     | ayumi.openapi_spot_feed | Connected to demo.ctraderapi.com:5035
2026-04-30 10:33:35 | WARNING  | ayumi.openapi_spot_feed | Disconnected: [Failure instance: Traceback (failure with no frames): <class 'twisted.internet.error.ConnectionDone'>: Connection was closed cleanly.
]
2026-04-30 10:33:37 | INFO     | ayumi.openapi_spot_feed | Connected to demo.ctraderapi.com:5035
2026-04-30 10:33:40 | WARNING  | ayumi.openapi_spot_feed | Disconnected: [Failure instance: Traceback (failure with no frames): <class 'twisted.internet.error.ConnectionDone'>: Connection was closed cleanly.
]
2026-04-30 10:33:42 | INFO     | ayumi.openapi_spot_feed | Connected to demo.ctraderapi.com:5035
2026-04-30 10:33:44 | WARNING  | ayumi.openapi_spot_feed | Disconnected: [Failure instance: Traceback (failure with no frames): <class 'twisted.internet.error.ConnectionDone'>: Connection was closed cleanly.
]
2026-04-30 10:33:46 | INFO     | ayumi.openapi_spot_feed | Connected to demo.ctraderapi.com:5035
2026-04-30 10:33:48 | WARNING  | ayumi.openapi_spot_feed | Disconnected: [Failure instance: Traceback (failure with no frames): <class 'twisted.internet.error.ConnectionDone'>: Connection was closed cleanly.
]
2026-04-30 10:33:51 | INFO     | ayumi.openapi_spot_feed | Connected to demo.ctraderapi.com:5035
2026-04-30 10:33:51 | WARNING  | ayumi.openapi_spot_feed | Disconnected: [Failure instance: Traceback (failure with no frames): <class 'twisted.internet.error.ConnectionDone'>: Connection was closed cleanly.
]
2026-04-30 10:33:54 | INFO     | ayumi.openapi_spot_feed | Connected to demo.ctraderapi.com:5035
2026-04-30 10:33:58 | WARNING  | ayumi.openapi_spot_feed | Disconnected: [Failure instance: Traceback (failure with no frames): <class 'twisted.internet.error.ConnectionDone'>: Connection was closed cleanly.
]
2026-04-30 10:34:01 | INFO     | ayumi.openapi_spot_feed | Connected to demo.ctraderapi.com:5035
2026-04-30 10:34:03 | WARNING  | ayumi.openapi_spot_feed | Disconnected: [Failure instance: Traceback (failure with no frames): <class 'twisted.internet.error.ConnectionDone'>: Connection was closed cleanly.
]
2026-04-30 10:34:03 | WARNING  | ayumi.openapi_spot_feed | Disconnected: [Failure instance: Traceback (failure with no frames): <class 'twisted.internet.error.ConnectionDone'>: Connection was closed cleanly.
]
2026-04-30 10:34:05 | INFO     | ayumi.openapi_spot_feed | Connected to demo.ctraderapi.com:5035
2026-04-30 10:34:05 | INFO     | ayumi.openapi_spot_feed | Connected to demo.ctraderapi.com:5035
2026-04-30 10:34:07 | WARNING  | ayumi.openapi_spot_feed | Disconnected: [Failure instance: Traceback (failure with no frames): <class 'twisted.internet.error.ConnectionDone'>: Connection was closed cleanly.
]
2026-04-30 10:34:09 | INFO     | ayumi.openapi_spot_feed | Connected to demo.ctraderapi.com:5035
2026-04-30 10:34:13 | WARNING  | ayumi.openapi_spot_feed | Disconnected: [Failure instance: Traceback (failure with no frames): <class 'twisted.internet.error.ConnectionDone'>: Connection was closed cleanly.
]
2026-04-30 10:34:15 | INFO     | ayumi.openapi_spot_feed | Connected to demo.ctraderapi.com:5035
2026-04-30 10:34:16 | WARNING  | ayumi.openapi_spot_feed | Disconnected: [Failure instance: Traceback (failure with no frames): <class 'twisted.internet.error.ConnectionDone'>: Connection was closed cleanly.
]
2026-04-30 10:34:18 | INFO     | ayumi.openapi_spot_feed | Connected to demo.ctraderapi.com:5035
2026-04-30 10:34:21 | WARNING  | ayumi.openapi_spot_feed | Disconnected: [Failure instance: Traceback (failure with no frames): <class 'twisted.internet.error.ConnectionDone'>: Connection was closed cleanly.
]
2026-04-30 10:34:23 | INFO     | ayumi.openapi_spot_feed | Connected to demo.ctraderapi.com:5035
2026-04-30 10:34:24 | WARNING  | ayumi.openapi_spot_feed | Disconnected: [Failure instance: Traceback (failure with no frames): <class 'twisted.internet.error.ConnectionDone'>: Connection was closed cleanly.
]
2026-04-30 10:34:26 | INFO     | ayumi.openapi_spot_feed | Connected to demo.ctraderapi.com:5035
2026-04-30 10:34:31 | WARNING  | ayumi.openapi_spot_feed | Disconnected: [Failure instance: Traceback (failure with no frames): <class 'twisted.internet.error.ConnectionDone'>: Connection was closed cleanly.
]
2026-04-30 10:34:33 | INFO     | ayumi.openapi_spot_feed | Connected to demo.ctraderapi.com:5035
2026-04-30 10:34:35 | WARNING  | ayumi.openapi_spot_feed | Disconnected: [Failure instance: Traceback (failure with no frames): <class 'twisted.internet.error.ConnectionDone'>: Connection was closed cleanly.
]
2026-04-30 10:34:36 | WARNING  | ayumi.openapi_spot_feed | Disconnected: [Failure instance: Traceback (failure with no frames): <class 'twisted.internet.error.ConnectionDone'>: Connection was closed cleanly.
]
2026-04-30 10:34:37 | INFO     | ayumi.openapi_spot_feed | Connected to demo.ctraderapi.com:5035
2026-04-30 10:34:38 | INFO     | ayumi.openapi_spot_feed | Connected to demo.ctraderapi.com:5035
2026-04-30 10:34:40 | WARNING  | ayumi.openapi_spot_feed | Disconnected: [Failure instance: Traceback (failure with no frames): <class 'twisted.internet.error.ConnectionDone'>: Connection was closed cleanly.
]
2026-04-30 10:34:42 | INFO     | ayumi.openapi_spot_feed | Connected to demo.ctraderapi.com:5035
2026-04-30 10:34:45 | WARNING  | ayumi.openapi_spot_feed | Disconnected: [Failure instance: Traceback (failure with no frames): <class 'twisted.internet.error.ConnectionDone'>: Connection was closed cleanly.
]
2026-04-30 10:34:47 | INFO     | ayumi.openapi_spot_feed | Connected to demo.ctraderapi.com:5035
2026-04-30 10:34:48 | WARNING  | ayumi.openapi_spot_feed | Disconnected: [Failure instance: Traceback (failure with no frames): <class 'twisted.internet.error.ConnectionDone'>: Connection was closed cleanly.
]
2026-04-30 10:34:50 | INFO     | ayumi.openapi_spot_feed | Connected to demo.ctraderapi.com:5035
2026-04-30 10:34:53 | WARNING  | ayumi.openapi_spot_feed | Disconnected: [Failure instance: Traceback (failure with no frames): <class 'twisted.internet.error.ConnectionDone'>: Connection was closed cleanly.
]
2026-04-30 10:34:56 | INFO     | ayumi.openapi_spot_feed | Connected to demo.ctraderapi.com:5035
2026-04-30 10:34:57 | WARNING  | ayumi.openapi_spot_feed | Disconnected: [Failure instance: Traceback (failure with no frames): <class 'twisted.internet.error.ConnectionDone'>: Connection was closed cleanly.
]
2026-04-30 10:34:59 | INFO     | ayumi.openapi_spot_feed | Connected to demo.ctraderapi.com:5035
2026-04-30 10:35:03 | WARNING  | ayumi.openapi_spot_feed | Disconnected: [Failure instance: Traceback (failure with no frames): <class 'twisted.internet.error.ConnectionDone'>: Connection was closed cleanly.
]
2026-04-30 10:35:05 | INFO     | ayumi.openapi_spot_feed | Connected to demo.ctraderapi.com:5035
2026-04-30 10:35:07 | WARNING  | ayumi.openapi_spot_feed | Disconnected: [Failure instance: Traceback (failure with no frames): <class 'twisted.internet.error.ConnectionDone'>: Connection was closed cleanly.
]
2026-04-30 10:35:08 | WARNING  | ayumi.openapi_spot_feed | Disconnected: [Failure instance: Traceback (failure with no frames): <class 'twisted.internet.error.ConnectionDone'>: Connection was closed cleanly.
]
2026-04-30 10:35:09 | INFO     | ayumi.openapi_spot_feed | Connected to demo.ctraderapi.com:5035
2026-04-30 10:35:10 | WARNING  | ayumi.forward_test | Connection health check failed: connected=False last_tick_ago=1501.3s threshold=900.0s — reconnecting
2026-04-30 10:35:10 | INFO     | ayumi.forward_test | Reconnection attempt 16 (backoff=120.0s)
2026-04-30 10:35:10 | INFO     | ayumi.openapi_spot_feed | Connected to demo.ctraderapi.com:5035
2026-04-30 10:35:10 | INFO     | ayumi.openapi_spot_feed | Connected to demo.ctraderapi.com:5035
2026-04-30 10:35:12 | WARNING  | ayumi.openapi_spot_feed | Disconnected: [Failure instance: Traceback (failure with no frames): <class 'twisted.internet.error.ConnectionDone'>: Connection was closed cleanly.
]
2026-04-30 10:35:14 | INFO     | ayumi.openapi_spot_feed | Connected to demo.ctraderapi.com:5035
2026-04-30 10:35:17 | WARNING  | ayumi.openapi_spot_feed | Disconnected: [Failure instance: Traceback (failure with no frames): <class 'twisted.internet.error.ConnectionDone'>: Connection was closed cleanly.
]
2026-04-30 10:35:19 | INFO     | ayumi.openapi_spot_feed | Connected to demo.ctraderapi.com:5035
2026-04-30 10:35:20 | ERROR    | ayumi.openapi_spot_feed | Send-and-wait failed: [Failure instance: Traceback: <class 'twisted.internet.defer.TimeoutError'>: (10, 'Deferred')
/home/TacoPants/projects/Ayumi/.venv/lib/python3.12/site-packages/twisted/internet/defer.py:798:timeItOut
/home/TacoPants/projects/Ayumi/.venv/lib/python3.12/site-packages/twisted/internet/defer.py:957:cancel
/home/TacoPants/projects/Ayumi/.venv/lib/python3.12/site-packages/twisted/internet/defer.py:916:errback
/home/TacoPants/projects/Ayumi/.venv/lib/python3.12/site-packages/twisted/internet/defer.py:984:_startRunCallbacks
--- <exception caught here> ---
/home/TacoPants/projects/Ayumi/.venv/lib/python3.12/site-packages/twisted/internet/defer.py:1078:_runCallbacks
/home/TacoPants/projects/Ayumi/.venv/lib/python3.12/site-packages/twisted/internet/defer.py:809:convertCancelled
/home/TacoPants/projects/Ayumi/.venv/lib/python3.12/site-packages/twisted/internet/defer.py:293:_cancelledToTimedOutError
]
2026-04-30 10:35:20 | ERROR    | ayumi.openapi_spot_feed | Application auth failed
2026-04-30 10:35:20 | WARNING  | ayumi.forward_test | Reconnection failed — next attempt in 120.0s
2026-04-30 10:35:21 | WARNING  | ayumi.openapi_spot_feed | Disconnected: [Failure instance: Traceback (failure with no frames): <class 'twisted.internet.error.ConnectionDone'>: Connection was closed cleanly.
]
2026-04-30 10:35:23 | INFO     | ayumi.openapi_spot_feed | Connected to demo.ctraderapi.com:5035
2026-04-30 10:35:26 | WARNING  | ayumi.openapi_spot_feed | Disconnected: [Failure instance: Traceback (failure with no frames): <class 'twisted.internet.error.ConnectionDone'>: Connection was closed cleanly.
]
2026-04-30 10:35:28 | INFO     | ayumi.openapi_spot_feed | Connected to demo.ctraderapi.com:5035
2026-04-30 10:35:29 | WARNING  | ayumi.openapi_spot_feed | Disconnected: [Failure instance: Traceback (failure with no frames): <class 'twisted.internet.error.ConnectionDone'>: Connection was closed cleanly.
]
2026-04-30 10:35:31 | INFO     | ayumi.openapi_spot_feed | Connected to demo.ctraderapi.com:5035
2026-04-30 10:35:35 | WARNING  | ayumi.openapi_spot_feed | Disconnected: [Failure instance: Traceback (failure with no frames): <class 'twisted.internet.error.ConnectionDone'>: Connection was closed cleanly.
]
2026-04-30 10:35:37 | INFO     | ayumi.openapi_spot_feed | Connected to demo.ctraderapi.com:5035
2026-04-30 10:35:39 | WARNING  | ayumi.openapi_spot_feed | Disconnected: [Failure instance: Traceback (failure with no frames): <class 'twisted.internet.error.ConnectionDone'>: Connection was closed cleanly.
]
2026-04-30 10:35:40 | WARNING  | ayumi.openapi_spot_feed | Disconnected: [Failure instance: Traceback (failure with no frames): <class 'twisted.internet.error.ConnectionDone'>: Connection was closed cleanly.
]
2026-04-30 10:35:41 | INFO     | ayumi.openapi_spot_feed | Connected to demo.ctraderapi.com:5035
2026-04-30 10:35:43 | INFO     | ayumi.openapi_spot_feed | Connected to demo.ctraderapi.com:5035
2026-04-30 10:35:44 | WARNING  | ayumi.openapi_spot_feed | Disconnected: [Failure instance: Traceback (failure with no frames): <class 'twisted.internet.error.ConnectionDone'>: Connection was closed cleanly.
]
2026-04-30 10:35:46 | INFO     | ayumi.openapi_spot_feed | Connected to demo.ctraderapi.com:5035
2026-04-30 10:35:49 | WARNING  | ayumi.openapi_spot_feed | Disconnected: [Failure instance: Traceback (failure with no frames): <class 'twisted.internet.error.ConnectionDone'>: Connection was closed cleanly.
]
2026-04-30 10:35:51 | INFO     | ayumi.openapi_spot_feed | Connected to demo.ctraderapi.com:5035
2026-04-30 10:35:53 | WARNING  | ayumi.openapi_spot_feed | Disconnected: [Failure instance: Traceback (failure with no frames): <class 'twisted.internet.error.ConnectionDone'>: Connection was closed cleanly.
]
2026-04-30 10:35:55 | INFO     | ayumi.openapi_spot_feed | Connected to demo.ctraderapi.com:5035
2026-04-30 10:35:58 | WARNING  | ayumi.openapi_spot_feed | Disconnected: [Failure instance: Traceback (failure with no frames): <class 'twisted.internet.error.ConnectionDone'>: Connection was closed cleanly.
]
2026-04-30 10:36:01 | WARNING  | ayumi.openapi_spot_feed | Disconnected: [Failure instance: Traceback (failure with no frames): <class 'twisted.internet.error.ConnectionDone'>: Connection was closed cleanly.
]
2026-04-30 10:36:01 | INFO     | ayumi.openapi_spot_feed | Connected to demo.ctraderapi.com:5035
2026-04-30 10:36:03 | INFO     | ayumi.openapi_spot_feed | Connected to demo.ctraderapi.com:5035
2026-04-30 10:36:07 | WARNING  | ayumi.openapi_spot_feed | Disconnected: [Failure instance: Traceback (failure with no frames): <class 'twisted.internet.error.ConnectionDone'>: Connection was closed cleanly.
]
2026-04-30 10:36:09 | INFO     | ayumi.openapi_spot_feed | Connected to demo.ctraderapi.com:5035
2026-04-30 10:36:11 | WARNING  | ayumi.openapi_spot_feed | Disconnected: [Failure instance: Traceback (failure with no frames): <class 'twisted.internet.error.ConnectionDone'>: Connection was closed cleanly.
]
2026-04-30 10:36:13 | INFO     | ayumi.openapi_spot_feed | Connected to demo.ctraderapi.com:5035
2026-04-30 10:36:13 | WARNING  | ayumi.openapi_spot_feed | Disconnected: [Failure instance: Traceback (failure with no frames): <class 'twisted.internet.error.ConnectionDone'>: Connection was closed cleanly.
]
2026-04-30 10:36:15 | INFO     | ayumi.openapi_spot_feed | Connected to demo.ctraderapi.com:5035
2026-04-30 10:36:16 | WARNING  | ayumi.openapi_spot_feed | Disconnected: [Failure instance: Traceback (failure with no frames): <class 'twisted.internet.error.ConnectionDone'>: Connection was closed cleanly.
]
2026-04-30 10:36:18 | INFO     | ayumi.openapi_spot_feed | Connected to demo.ctraderapi.com:5035
2026-04-30 10:36:22 | WARNING  | ayumi.openapi_spot_feed | Disconnected: [Failure instance: Traceback (failure with no frames): <class 'twisted.internet.error.ConnectionDone'>: Connection was closed cleanly.
]
2026-04-30 10:36:24 | INFO     | ayumi.openapi_spot_feed | Connected to demo.ctraderapi.com:5035
2026-04-30 10:36:25 | WARNING  | ayumi.openapi_spot_feed | Disconnected: [Failure instance: Traceback (failure with no frames): <class 'twisted.internet.error.ConnectionDone'>: Connection was closed cleanly.
]
2026-04-30 10:36:27 | INFO     | ayumi.openapi_spot_feed | Connected to demo.ctraderapi.com:5035
2026-04-30 10:36:31 | WARNING  | ayumi.openapi_spot_feed | Disconnected: [Failure instance: Traceback (failure with no frames): <class 'twisted.internet.error.ConnectionDone'>: Connection was closed cleanly.
]
2026-04-30 10:36:33 | WARNING  | ayumi.openapi_spot_feed | Disconnected: [Failure instance: Traceback (failure with no frames): <class 'twisted.internet.error.ConnectionDone'>: Connection was closed cleanly.
]
2026-04-30 10:36:34 | INFO     | ayumi.openapi_spot_feed | Connected to demo.ctraderapi.com:5035
2026-04-30 10:36:35 | INFO     | ayumi.openapi_spot_feed | Connected to demo.ctraderapi.com:5035
2026-04-30 10:36:39 | WARNING  | ayumi.openapi_spot_feed | Disconnected: [Failure instance: Traceback (failure with no frames): <class 'twisted.internet.error.ConnectionDone'>: Connection was closed cleanly.
]
2026-04-30 10:36:41 | INFO     | ayumi.openapi_spot_feed | Connected to demo.ctraderapi.com:5035
2026-04-30 10:36:43 | WARNING  | ayumi.openapi_spot_feed | Disconnected: [Failure instance: Traceback (failure with no frames): <class 'twisted.internet.error.ConnectionDone'>: Connection was closed cleanly.
]
2026-04-30 10:36:45 | INFO     | ayumi.openapi_spot_feed | Connected to demo.ctraderapi.com:5035
2026-04-30 10:36:45 | WARNING  | ayumi.openapi_spot_feed | Disconnected: [Failure instance: Traceback (failure with no frames): <class 'twisted.internet.error.ConnectionDone'>: Connection was closed cleanly.
]
2026-04-30 10:36:47 | INFO     | ayumi.openapi_spot_feed | Connected to demo.ctraderapi.com:5035
2026-04-30 10:36:48 | WARNING  | ayumi.openapi_spot_feed | Disconnected: [Failure instance: Traceback (failure with no frames): <class 'twisted.internet.error.ConnectionDone'>: Connection was closed cleanly.
]
2026-04-30 10:36:51 | INFO     | ayumi.openapi_spot_feed | Connected to demo.ctraderapi.com:5035
2026-04-30 10:36:54 | WARNING  | ayumi.openapi_spot_feed | Disconnected: [Failure instance: Traceback (failure with no frames): <class 'twisted.internet.error.ConnectionDone'>: Connection was closed cleanly.
]
2026-04-30 10:36:56 | INFO     | ayumi.openapi_spot_feed | Connected to demo.ctraderapi.com:5035
2026-04-30 10:36:57 | WARNING  | ayumi.openapi_spot_feed | Disconnected: [Failure instance: Traceback (failure with no frames): <class 'twisted.internet.error.ConnectionDone'>: Connection was closed cleanly.
]
2026-04-30 10:36:59 | INFO     | ayumi.openapi_spot_feed | Connected to demo.ctraderapi.com:5035
2026-04-30 10:37:04 | WARNING  | ayumi.openapi_spot_feed | Disconnected: [Failure instance: Traceback (failure with no frames): <class 'twisted.internet.error.ConnectionDone'>: Connection was closed cleanly.
]
2026-04-30 10:37:06 | WARNING  | ayumi.openapi_spot_feed | Disconnected: [Failure instance: Traceback (failure with no frames): <class 'twisted.internet.error.ConnectionDone'>: Connection was closed cleanly.
]
2026-04-30 10:37:06 | INFO     | ayumi.openapi_spot_feed | Connected to demo.ctraderapi.com:5035
2026-04-30 10:37:08 | INFO     | ayumi.openapi_spot_feed | Connected to demo.ctraderapi.com:5035
2026-04-30 10:37:10 | WARNING  | ayumi.forward_test | Connection health check failed: connected=False last_tick_ago=1621.4s threshold=900.0s — reconnecting
2026-04-30 10:37:10 | INFO     | ayumi.forward_test | Reconnection attempt 17 (backoff=120.0s)
2026-04-30 10:37:10 | INFO     | ayumi.openapi_spot_feed | Connected to demo.ctraderapi.com:5035
2026-04-30 10:37:11 | WARNING  | ayumi.openapi_spot_feed | Disconnected: [Failure instance: Traceback (failure with no frames): <class 'twisted.internet.error.ConnectionDone'>: Connection was closed cleanly.
]
2026-04-30 10:37:14 | INFO     | ayumi.openapi_spot_feed | Connected to demo.ctraderapi.com:5035
2026-04-30 10:37:15 | WARNING  | ayumi.openapi_spot_feed | Disconnected: [Failure instance: Traceback (failure with no frames): <class 'twisted.internet.error.ConnectionDone'>: Connection was closed cleanly.
]
2026-04-30 10:37:17 | INFO     | ayumi.openapi_spot_feed | Connected to demo.ctraderapi.com:5035
2026-04-30 10:37:17 | WARNING  | ayumi.openapi_spot_feed | Disconnected: [Failure instance: Traceback (failure with no frames): <class 'twisted.internet.error.ConnectionDone'>: Connection was closed cleanly.
]
2026-04-30 10:37:20 | INFO     | ayumi.openapi_spot_feed | Connected to demo.ctraderapi.com:5035
2026-04-30 10:37:20 | ERROR    | ayumi.openapi_spot_feed | Send-and-wait failed: [Failure instance: Traceback: <class 'twisted.internet.defer.TimeoutError'>: (10, 'Deferred')
/home/TacoPants/projects/Ayumi/.venv/lib/python3.12/site-packages/twisted/internet/defer.py:798:timeItOut
/home/TacoPants/projects/Ayumi/.venv/lib/python3.12/site-packages/twisted/internet/defer.py:957:cancel
/home/TacoPants/projects/Ayumi/.venv/lib/python3.12/site-packages/twisted/internet/defer.py:916:errback
/home/TacoPants/projects/Ayumi/.venv/lib/python3.12/site-packages/twisted/internet/defer.py:984:_startRunCallbacks
--- <exception caught here> ---
/home/TacoPants/projects/Ayumi/.venv/lib/python3.12/site-packages/twisted/internet/defer.py:1078:_runCallbacks
/home/TacoPants/projects/Ayumi/.venv/lib/python3.12/site-packages/twisted/internet/defer.py:809:convertCancelled
/home/TacoPants/projects/Ayumi/.venv/lib/python3.12/site-packages/twisted/internet/defer.py:293:_cancelledToTimedOutError
]
2026-04-30 10:37:20 | ERROR    | ayumi.openapi_spot_feed | Application auth failed
2026-04-30 10:37:20 | WARNING  | ayumi.forward_test | Reconnection failed — next attempt in 120.0s
2026-04-30 10:37:21 | WARNING  | ayumi.openapi_spot_feed | Disconnected: [Failure instance: Traceback (failure with no frames): <class 'twisted.internet.error.ConnectionDone'>: Connection was closed cleanly.
]
2026-04-30 10:37:23 | INFO     | ayumi.openapi_spot_feed | Connected to demo.ctraderapi.com:5035
2026-04-30 10:37:26 | WARNING  | ayumi.openapi_spot_feed | Disconnected: [Failure instance: Traceback (failure with no frames): <class 'twisted.internet.error.ConnectionDone'>: Connection was closed cleanly.
]
2026-04-30 10:37:29 | INFO     | ayumi.openapi_spot_feed | Connected to demo.ctraderapi.com:5035
2026-04-30 10:37:29 | WARNING  | ayumi.openapi_spot_feed | Disconnected: [Failure instance: Traceback (failure with no frames): <class 'twisted.internet.error.ConnectionDone'>: Connection was closed cleanly.
]
2026-04-30 10:37:32 | INFO     | ayumi.openapi_spot_feed | Connected to demo.ctraderapi.com:5035
2026-04-30 10:37:36 | WARNING  | ayumi.openapi_spot_feed | Disconnected: [Failure instance: Traceback (failure with no frames): <class 'twisted.internet.error.ConnectionDone'>: Connection was closed cleanly.
]
2026-04-30 10:37:38 | WARNING  | ayumi.openapi_spot_feed | Disconnected: [Failure instance: Traceback (failure with no frames): <class 'twisted.internet.error.ConnectionDone'>: Connection was closed cleanly.
]
2026-04-30 10:37:39 | INFO     | ayumi.openapi_spot_feed | Connected to demo.ctraderapi.com:5035
2026-04-30 10:37:40 | INFO     | ayumi.openapi_spot_feed | Connected to demo.ctraderapi.com:5035
2026-04-30 10:37:40 | WARNING  | ayumi.openapi_spot_feed | Disconnected: [Failure instance: Traceback (failure with no frames): <class 'twisted.internet.error.ConnectionDone'>: Connection was closed cleanly.
]
2026-04-30 10:37:42 | INFO     | ayumi.openapi_spot_feed | Connected to demo.ctraderapi.com:5035
2026-04-30 10:37:44 | WARNING  | ayumi.openapi_spot_feed | Disconnected: [Failure instance: Traceback (failure with no frames): <class 'twisted.internet.error.ConnectionDone'>: Connection was closed cleanly.
]
2026-04-30 10:37:46 | INFO     | ayumi.openapi_spot_feed | Connected to demo.ctraderapi.com:5035
2026-04-30 10:37:47 | WARNING  | ayumi.openapi_spot_feed | Disconnected: [Failure instance: Traceback (failure with no frames): <class 'twisted.internet.error.ConnectionDone'>: Connection was closed cleanly.
]
2026-04-30 10:37:49 | INFO     | ayumi.openapi_spot_feed | Connected to demo.ctraderapi.com:5035
2026-04-30 10:37:50 | WARNING  | ayumi.openapi_spot_feed | Disconnected: [Failure instance: Traceback (failure with no frames): <class 'twisted.internet.error.ConnectionDone'>: Connection was closed cleanly.
]
2026-04-30 10:37:52 | INFO     | ayumi.openapi_spot_feed | Connected to demo.ctraderapi.com:5035
2026-04-30 10:37:53 | WARNING  | ayumi.openapi_spot_feed | Disconnected: [Failure instance: Traceback (failure with no frames): <class 'twisted.internet.error.ConnectionDone'>: Connection was closed cleanly.
]
2026-04-30 10:37:55 | INFO     | ayumi.openapi_spot_feed | Connected to demo.ctraderapi.com:5035
2026-04-30 10:37:59 | WARNING  | ayumi.openapi_spot_feed | Disconnected: [Failure instance: Traceback (failure with no frames): <class 'twisted.internet.error.ConnectionDone'>: Connection was closed cleanly.
]
2026-04-30 10:38:00 | INFO     | ayumi.openapi_spot_feed | Connected to demo.ctraderapi.com:5035
2026-04-30 10:38:02 | WARNING  | ayumi.openapi_spot_feed | Disconnected: [Failure instance: Traceback (failure with no frames): <class 'twisted.internet.error.ConnectionDone'>: Connection was closed cleanly.
]
2026-04-30 10:38:05 | INFO     | ayumi.openapi_spot_feed | Connected to demo.ctraderapi.com:5035
2026-04-30 10:38:09 | WARNING  | ayumi.openapi_spot_feed | Disconnected: [Failure instance: Traceback (failure with no frames): <class 'twisted.internet.error.ConnectionDone'>: Connection was closed cleanly.
]
2026-04-30 10:38:10 | WARNING  | ayumi.openapi_spot_feed | Disconnected: [Failure instance: Traceback (failure with no frames): <class 'twisted.internet.error.ConnectionDone'>: Connection was closed cleanly.
]
2026-04-30 10:38:10 | INFO     | ayumi.openapi_spot_feed | Connected to demo.ctraderapi.com:5035
2026-04-30 10:38:12 | INFO     | ayumi.openapi_spot_feed | Connected to demo.ctraderapi.com:5035
2026-04-30 10:38:13 | WARNING  | ayumi.openapi_spot_feed | Disconnected: [Failure instance: Traceback (failure with no frames): <class 'twisted.internet.error.ConnectionDone'>: Connection was closed cleanly.
]
2026-04-30 10:38:15 | INFO     | ayumi.openapi_spot_feed | Connected to demo.ctraderapi.com:5035
2026-04-30 10:38:16 | WARNING  | ayumi.openapi_spot_feed | Disconnected: [Failure instance: Traceback (failure with no frames): <class 'twisted.internet.error.ConnectionDone'>: Connection was closed cleanly.
]
2026-04-30 10:38:18 | INFO     | ayumi.openapi_spot_feed | Connected to demo.ctraderapi.com:5035
2026-04-30 10:38:19 | WARNING  | ayumi.openapi_spot_feed | Disconnected: [Failure instance: Traceback (failure with no frames): <class 'twisted.internet.error.ConnectionDone'>: Connection was closed cleanly.
]
2026-04-30 10:38:21 | INFO     | ayumi.openapi_spot_feed | Connected to demo.ctraderapi.com:5035
2026-04-30 10:38:22 | WARNING  | ayumi.openapi_spot_feed | Disconnected: [Failure instance: Traceback (failure with no frames): <class 'twisted.internet.error.ConnectionDone'>: Connection was closed cleanly.
]
2026-04-30 10:38:23 | INFO     | ayumi.openapi_spot_feed | Connected to demo.ctraderapi.com:5035
2026-04-30 10:38:25 | WARNING  | ayumi.openapi_spot_feed | Disconnected: [Failure instance: Traceback (failure with no frames): <class 'twisted.internet.error.ConnectionDone'>: Connection was closed cleanly.
]
2026-04-30 10:38:27 | INFO     | ayumi.openapi_spot_feed | Connected to demo.ctraderapi.com:5035
2026-04-30 10:38:31 | WARNING  | ayumi.openapi_spot_feed | Disconnected: [Failure instance: Traceback (failure with no frames): <class 'twisted.internet.error.ConnectionDone'>: Connection was closed cleanly.
]
2026-04-30 10:38:33 | INFO     | ayumi.openapi_spot_feed | Connected to demo.ctraderapi.com:5035
2026-04-30 10:38:35 | WARNING  | ayumi.openapi_spot_feed | Disconnected: [Failure instance: Traceback (failure with no frames): <class 'twisted.internet.error.ConnectionDone'>: Connection was closed cleanly.
]
2026-04-30 10:38:37 | INFO     | ayumi.openapi_spot_feed | Connected to demo.ctraderapi.com:5035
2026-04-30 10:38:41 | WARNING  | ayumi.openapi_spot_feed | Disconnected: [Failure instance: Traceback (failure with no frames): <class 'twisted.internet.error.ConnectionDone'>: Connection was closed cleanly.
]
2026-04-30 10:38:42 | WARNING  | ayumi.openapi_spot_feed | Disconnected: [Failure instance: Traceback (failure with no frames): <class 'twisted.internet.error.ConnectionDone'>: Connection was closed cleanly.
]
2026-04-30 10:38:43 | INFO     | ayumi.openapi_spot_feed | Connected to demo.ctraderapi.com:5035
2026-04-30 10:38:45 | INFO     | ayumi.openapi_spot_feed | Connected to demo.ctraderapi.com:5035
2026-04-30 10:38:45 | WARNING  | ayumi.openapi_spot_feed | Disconnected: [Failure instance: Traceback (failure with no frames): <class 'twisted.internet.error.ConnectionDone'>: Connection was closed cleanly.
]
2026-04-30 10:38:47 | INFO     | ayumi.openapi_spot_feed | Connected to demo.ctraderapi.com:5035
2026-04-30 10:38:48 | WARNING  | ayumi.openapi_spot_feed | Disconnected: [Failure instance: Traceback (failure with no frames): <class 'twisted.internet.error.ConnectionDone'>: Connection was closed cleanly.
]
2026-04-30 10:38:50 | INFO     | ayumi.openapi_spot_feed | Connected to demo.ctraderapi.com:5035
2026-04-30 10:38:51 | WARNING  | ayumi.openapi_spot_feed | Disconnected: [Failure instance: Traceback (failure with no frames): <class 'twisted.internet.error.ConnectionDone'>: Connection was closed cleanly.
]
2026-04-30 10:38:53 | INFO     | ayumi.openapi_spot_feed | Connected to demo.ctraderapi.com:5035
2026-04-30 10:38:54 | WARNING  | ayumi.openapi_spot_feed | Disconnected: [Failure instance: Traceback (failure with no frames): <class 'twisted.internet.error.ConnectionDone'>: Connection was closed cleanly.
]
2026-04-30 10:38:55 | INFO     | ayumi.openapi_spot_feed | Connected to demo.ctraderapi.com:5035
2026-04-30 10:38:57 | WARNING  | ayumi.openapi_spot_feed | Disconnected: [Failure instance: Traceback (failure with no frames): <class 'twisted.internet.error.ConnectionDone'>: Connection was closed cleanly.
]
2026-04-30 10:38:58 | INFO     | ayumi.openapi_spot_feed | Connected to demo.ctraderapi.com:5035
2026-04-30 10:39:03 | WARNING  | ayumi.openapi_spot_feed | Disconnected: [Failure instance: Traceback (failure with no frames): <class 'twisted.internet.error.ConnectionDone'>: Connection was closed cleanly.
]
2026-04-30 10:39:05 | INFO     | ayumi.openapi_spot_feed | Connected to demo.ctraderapi.com:5035
2026-04-30 10:39:07 | WARNING  | ayumi.openapi_spot_feed | Disconnected: [Failure instance: Traceback (failure with no frames): <class 'twisted.internet.error.ConnectionDone'>: Connection was closed cleanly.
]
2026-04-30 10:39:09 | INFO     | ayumi.openapi_spot_feed | Connected to demo.ctraderapi.com:5035
2026-04-30 10:39:10 | WARNING  | ayumi.forward_test | Connection health check failed: connected=False last_tick_ago=1741.5s threshold=900.0s — reconnecting
2026-04-30 10:39:10 | INFO     | ayumi.forward_test | Reconnection attempt 18 (backoff=120.0s)
2026-04-30 10:39:10 | INFO     | ayumi.openapi_spot_feed | Connected to demo.ctraderapi.com:5035
2026-04-30 10:39:13 | WARNING  | ayumi.openapi_spot_feed | Disconnected: [Failure instance: Traceback (failure with no frames): <class 'twisted.internet.error.ConnectionDone'>: Connection was closed cleanly.
]
2026-04-30 10:39:15 | WARNING  | ayumi.openapi_spot_feed | Disconnected: [Failure instance: Traceback (failure with no frames): <class 'twisted.internet.error.ConnectionDone'>: Connection was closed cleanly.
]
2026-04-30 10:39:15 | INFO     | ayumi.openapi_spot_feed | Connected to demo.ctraderapi.com:5035
2026-04-30 10:39:17 | INFO     | ayumi.openapi_spot_feed | Connected to demo.ctraderapi.com:5035
2026-04-30 10:39:17 | WARNING  | ayumi.openapi_spot_feed | Disconnected: [Failure instance: Traceback (failure with no frames): <class 'twisted.internet.error.ConnectionDone'>: Connection was closed cleanly.
]
2026-04-30 10:39:19 | INFO     | ayumi.openapi_spot_feed | Connected to demo.ctraderapi.com:5035
2026-04-30 10:39:20 | ERROR    | ayumi.openapi_spot_feed | Send-and-wait failed: [Failure instance: Traceback: <class 'twisted.internet.defer.TimeoutError'>: (10, 'Deferred')
/home/TacoPants/projects/Ayumi/.venv/lib/python3.12/site-packages/twisted/internet/defer.py:798:timeItOut
/home/TacoPants/projects/Ayumi/.venv/lib/python3.12/site-packages/twisted/internet/defer.py:957:cancel
/home/TacoPants/projects/Ayumi/.venv/lib/python3.12/site-packages/twisted/internet/defer.py:916:errback
/home/TacoPants/projects/Ayumi/.venv/lib/python3.12/site-packages/twisted/internet/defer.py:984:_startRunCallbacks
--- <exception caught here> ---
/home/TacoPants/projects/Ayumi/.venv/lib/python3.12/site-packages/twisted/internet/defer.py:1078:_runCallbacks
/home/TacoPants/projects/Ayumi/.venv/lib/python3.12/site-packages/twisted/internet/defer.py:809:convertCancelled
/home/TacoPants/projects/Ayumi/.venv/lib/python3.12/site-packages/twisted/internet/defer.py:293:_cancelledToTimedOutError
]
2026-04-30 10:39:20 | ERROR    | ayumi.openapi_spot_feed | Application auth failed
2026-04-30 10:39:20 | WARNING  | ayumi.forward_test | Reconnection failed — next attempt in 120.0s
2026-04-30 10:39:20 | WARNING  | ayumi.openapi_spot_feed | Disconnected: [Failure instance: Traceback (failure with no frames): <class 'twisted.internet.error.ConnectionDone'>: Connection was closed cleanly.
]
2026-04-30 10:39:22 | INFO     | ayumi.openapi_spot_feed | Connected to demo.ctraderapi.com:5035
2026-04-30 10:39:24 | WARNING  | ayumi.openapi_spot_feed | Disconnected: [Failure instance: Traceback (failure with no frames): <class 'twisted.internet.error.ConnectionDone'>: Connection was closed cleanly.
]
2026-04-30 10:39:25 | INFO     | ayumi.openapi_spot_feed | Connected to demo.ctraderapi.com:5035
2026-04-30 10:39:26 | WARNING  | ayumi.openapi_spot_feed | Disconnected: [Failure instance: Traceback (failure with no frames): <class 'twisted.internet.error.ConnectionDone'>: Connection was closed cleanly.
]
2026-04-30 10:39:28 | INFO     | ayumi.openapi_spot_feed | Connected to demo.ctraderapi.com:5035
2026-04-30 10:39:36 | WARNING  | ayumi.openapi_spot_feed | Disconnected: [Failure instance: Traceback (failure with no frames): <class 'twisted.internet.error.ConnectionDone'>: Connection was closed cleanly.
]
2026-04-30 10:39:38 | INFO     | ayumi.openapi_spot_feed | Connected to demo.ctraderapi.com:5035
2026-04-30 10:39:39 | WARNING  | ayumi.openapi_spot_feed | Disconnected: [Failure instance: Traceback (failure with no frames): <class 'twisted.internet.error.ConnectionDone'>: Connection was closed cleanly.
]
2026-04-30 10:39:41 | WARNING  | ayumi.openapi_spot_feed | Disconnected: [Failure instance: Traceback (failure with no frames): <class 'twisted.internet.error.ConnectionDone'>: Connection was closed cleanly.
]
2026-04-30 10:39:41 | INFO     | ayumi.openapi_spot_feed | Connected to demo.ctraderapi.com:5035
2026-04-30 10:39:42 | INFO     | ayumi.openapi_spot_feed | Connected to demo.ctraderapi.com:5035
2026-04-30 10:39:45 | WARNING  | ayumi.openapi_spot_feed | Disconnected: [Failure instance: Traceback (failure with no frames): <class 'twisted.internet.error.ConnectionDone'>: Connection was closed cleanly.
]
2026-04-30 10:39:47 | WARNING  | ayumi.openapi_spot_feed | Disconnected: [Failure instance: Traceback (failure with no frames): <class 'twisted.internet.error.ConnectionDone'>: Connection was closed cleanly.
]
2026-04-30 10:39:47 | INFO     | ayumi.openapi_spot_feed | Connected to demo.ctraderapi.com:5035
2026-04-30 10:39:49 | INFO     | ayumi.openapi_spot_feed | Connected to demo.ctraderapi.com:5035
2026-04-30 10:39:49 | WARNING  | ayumi.openapi_spot_feed | Disconnected: [Failure instance: Traceback (failure with no frames): <class 'twisted.internet.error.ConnectionDone'>: Connection was closed cleanly.
]
2026-04-30 10:39:51 | INFO     | ayumi.openapi_spot_feed | Connected to demo.ctraderapi.com:5035
2026-04-30 10:39:52 | WARNING  | ayumi.openapi_spot_feed | Disconnected: [Failure instance: Traceback (failure with no frames): <class 'twisted.internet.error.ConnectionDone'>: Connection was closed cleanly.
]
2026-04-30 10:39:54 | INFO     | ayumi.openapi_spot_feed | Connected to demo.ctraderapi.com:5035
2026-04-30 10:39:55 | WARNING  | ayumi.openapi_spot_feed | Disconnected: [Failure instance: Traceback (failure with no frames): <class 'twisted.internet.error.ConnectionDone'>: Connection was closed cleanly.
]
2026-04-30 10:39:57 | INFO     | ayumi.openapi_spot_feed | Connected to demo.ctraderapi.com:5035
2026-04-30 10:39:58 | WARNING  | ayumi.openapi_spot_feed | Disconnected: [Failure instance: Traceback (failure with no frames): <class 'twisted.internet.error.ConnectionDone'>: Connection was closed cleanly.
]
2026-04-30 10:40:00 | INFO     | ayumi.openapi_spot_feed | Connected to demo.ctraderapi.com:5035
2026-04-30 10:40:08 | WARNING  | ayumi.openapi_spot_feed | Disconnected: [Failure instance: Traceback (failure with no frames): <class 'twisted.internet.error.ConnectionDone'>: Connection was closed cleanly.
]
2026-04-30 10:40:10 | INFO     | ayumi.openapi_spot_feed | Connected to demo.ctraderapi.com:5035
2026-04-30 10:40:12 | WARNING  | ayumi.openapi_spot_feed | Disconnected: [Failure instance: Traceback (failure with no frames): <class 'twisted.internet.error.ConnectionDone'>: Connection was closed cleanly.
]
2026-04-30 10:40:12 | WARNING  | ayumi.openapi_spot_feed | Disconnected: [Failure instance: Traceback (failure with no frames): <class 'twisted.internet.error.ConnectionDone'>: Connection was closed cleanly.
]
2026-04-30 10:40:14 | INFO     | ayumi.openapi_spot_feed | Connected to demo.ctraderapi.com:5035
2026-04-30 10:40:14 | INFO     | ayumi.openapi_spot_feed | Connected to demo.ctraderapi.com:5035
2026-04-30 10:40:18 | WARNING  | ayumi.openapi_spot_feed | Disconnected: [Failure instance: Traceback (failure with no frames): <class 'twisted.internet.error.ConnectionDone'>: Connection was closed cleanly.
]
2026-04-30 10:40:19 | WARNING  | ayumi.openapi_spot_feed | Disconnected: [Failure instance: Traceback (failure with no frames): <class 'twisted.internet.error.ConnectionDone'>: Connection was closed cleanly.
]
2026-04-30 10:40:20 | INFO     | ayumi.openapi_spot_feed | Connected to demo.ctraderapi.com:5035
2026-04-30 10:40:22 | WARNING  | ayumi.openapi_spot_feed | Disconnected: [Failure instance: Traceback (failure with no frames): <class 'twisted.internet.error.ConnectionDone'>: Connection was closed cleanly.
]
2026-04-30 10:40:22 | INFO     | ayumi.openapi_spot_feed | Connected to demo.ctraderapi.com:5035
2026-04-30 10:40:23 | INFO     | ayumi.openapi_spot_feed | Connected to demo.ctraderapi.com:5035
2026-04-30 10:40:24 | WARNING  | ayumi.openapi_spot_feed | Disconnected: [Failure instance: Traceback (failure with no frames): <class 'twisted.internet.error.ConnectionDone'>: Connection was closed cleanly.
]
2026-04-30 10:40:26 | INFO     | ayumi.openapi_spot_feed | Connected to demo.ctraderapi.com:5035
2026-04-30 10:40:27 | WARNING  | ayumi.openapi_spot_feed | Disconnected: [Failure instance: Traceback (failure with no frames): <class 'twisted.internet.error.ConnectionDone'>: Connection was closed cleanly.
]
2026-04-30 10:40:29 | INFO     | ayumi.openapi_spot_feed | Connected to demo.ctraderapi.com:5035
2026-04-30 10:40:30 | WARNING  | ayumi.openapi_spot_feed | Disconnected: [Failure instance: Traceback (failure with no frames): <class 'twisted.internet.error.ConnectionDone'>: Connection was closed cleanly.
]
2026-04-30 10:40:33 | INFO     | ayumi.openapi_spot_feed | Connected to demo.ctraderapi.com:5035
2026-04-30 10:40:40 | WARNING  | ayumi.openapi_spot_feed | Disconnected: [Failure instance: Traceback (failure with no frames): <class 'twisted.internet.error.ConnectionDone'>: Connection was closed cleanly.
]
2026-04-30 10:40:43 | INFO     | ayumi.openapi_spot_feed | Connected to demo.ctraderapi.com:5035
2026-04-30 10:40:44 | WARNING  | ayumi.openapi_spot_feed | Disconnected: [Failure instance: Traceback (failure with no frames): <class 'twisted.internet.error.ConnectionDone'>: Connection was closed cleanly.
]
2026-04-30 10:40:44 | WARNING  | ayumi.openapi_spot_feed | Disconnected: [Failure instance: Traceback (failure with no frames): <class 'twisted.internet.error.ConnectionDone'>: Connection was closed cleanly.
]
2026-04-30 10:40:46 | INFO     | ayumi.openapi_spot_feed | Connected to demo.ctraderapi.com:5035
2026-04-30 10:40:46 | INFO     | ayumi.openapi_spot_feed | Connected to demo.ctraderapi.com:5035
2026-04-30 10:40:50 | WARNING  | ayumi.openapi_spot_feed | Disconnected: [Failure instance: Traceback (failure with no frames): <class 'twisted.internet.error.ConnectionDone'>: Connection was closed cleanly.
]
2026-04-30 10:40:52 | WARNING  | ayumi.openapi_spot_feed | Disconnected: [Failure instance: Traceback (failure with no frames): <class 'twisted.internet.error.ConnectionDone'>: Connection was closed cleanly.
]
2026-04-30 10:40:52 | INFO     | ayumi.openapi_spot_feed | Connected to demo.ctraderapi.com:5035
2026-04-30 10:40:54 | WARNING  | ayumi.openapi_spot_feed | Disconnected: [Failure instance: Traceback (failure with no frames): <class 'twisted.internet.error.ConnectionDone'>: Connection was closed cleanly.
]
2026-04-30 10:40:54 | INFO     | ayumi.openapi_spot_feed | Connected to demo.ctraderapi.com:5035
2026-04-30 10:40:56 | INFO     | ayumi.openapi_spot_feed | Connected to demo.ctraderapi.com:5035
2026-04-30 10:40:56 | WARNING  | ayumi.openapi_spot_feed | Disconnected: [Failure instance: Traceback (failure with no frames): <class 'twisted.internet.error.ConnectionDone'>: Connection was closed cleanly.
]
2026-04-30 10:40:58 | INFO     | ayumi.openapi_spot_feed | Connected to demo.ctraderapi.com:5035
2026-04-30 10:40:59 | WARNING  | ayumi.openapi_spot_feed | Disconnected: [Failure instance: Traceback (failure with no frames): <class 'twisted.internet.error.ConnectionDone'>: Connection was closed cleanly.
]
2026-04-30 10:41:01 | INFO     | ayumi.openapi_spot_feed | Connected to demo.ctraderapi.com:5035
2026-04-30 10:41:03 | WARNING  | ayumi.openapi_spot_feed | Disconnected: [Failure instance: Traceback (failure with no frames): <class 'twisted.internet.error.ConnectionDone'>: Connection was closed cleanly.
]
2026-04-30 10:41:05 | INFO     | ayumi.openapi_spot_feed | Connected to demo.ctraderapi.com:5035
2026-04-30 10:41:10 | WARNING  | ayumi.forward_test | Connection health check failed: connected=False last_tick_ago=1861.6s threshold=900.0s — reconnecting
2026-04-30 10:41:10 | INFO     | ayumi.forward_test | Reconnection attempt 19 (backoff=120.0s)
2026-04-30 10:41:11 | INFO     | ayumi.openapi_spot_feed | Connected to demo.ctraderapi.com:5035
2026-04-30 10:41:13 | WARNING  | ayumi.openapi_spot_feed | Disconnected: [Failure instance: Traceback (failure with no frames): <class 'twisted.internet.error.ConnectionDone'>: Connection was closed cleanly.
]
2026-04-30 10:41:15 | INFO     | ayumi.openapi_spot_feed | Connected to demo.ctraderapi.com:5035
2026-04-30 10:41:16 | WARNING  | ayumi.openapi_spot_feed | Disconnected: [Failure instance: Traceback (failure with no frames): <class 'twisted.internet.error.ConnectionDone'>: Connection was closed cleanly.
]
2026-04-30 10:41:17 | WARNING  | ayumi.openapi_spot_feed | Disconnected: [Failure instance: Traceback (failure with no frames): <class 'twisted.internet.error.ConnectionDone'>: Connection was closed cleanly.
]
2026-04-30 10:41:18 | INFO     | ayumi.openapi_spot_feed | Connected to demo.ctraderapi.com:5035
2026-04-30 10:41:18 | INFO     | ayumi.openapi_spot_feed | Connected to demo.ctraderapi.com:5035
2026-04-30 10:41:21 | ERROR    | ayumi.openapi_spot_feed | Send-and-wait failed: [Failure instance: Traceback: <class 'twisted.internet.defer.TimeoutError'>: (10, 'Deferred')
/home/TacoPants/projects/Ayumi/.venv/lib/python3.12/site-packages/twisted/internet/defer.py:798:timeItOut
/home/TacoPants/projects/Ayumi/.venv/lib/python3.12/site-packages/twisted/internet/defer.py:957:cancel
/home/TacoPants/projects/Ayumi/.venv/lib/python3.12/site-packages/twisted/internet/defer.py:916:errback
/home/TacoPants/projects/Ayumi/.venv/lib/python3.12/site-packages/twisted/internet/defer.py:984:_startRunCallbacks
--- <exception caught here> ---
/home/TacoPants/projects/Ayumi/.venv/lib/python3.12/site-packages/twisted/internet/defer.py:1078:_runCallbacks
/home/TacoPants/projects/Ayumi/.venv/lib/python3.12/site-packages/twisted/internet/defer.py:809:convertCancelled
/home/TacoPants/projects/Ayumi/.venv/lib/python3.12/site-packages/twisted/internet/defer.py:293:_cancelledToTimedOutError
]
2026-04-30 10:41:21 | ERROR    | ayumi.openapi_spot_feed | Application auth failed
2026-04-30 10:41:21 | WARNING  | ayumi.forward_test | Reconnection failed — next attempt in 120.0s
2026-04-30 10:41:23 | WARNING  | ayumi.openapi_spot_feed | Disconnected: [Failure instance: Traceback (failure with no frames): <class 'twisted.internet.error.ConnectionDone'>: Connection was closed cleanly.
]
2026-04-30 10:41:24 | WARNING  | ayumi.openapi_spot_feed | Disconnected: [Failure instance: Traceback (failure with no frames): <class 'twisted.internet.error.ConnectionDone'>: Connection was closed cleanly.
]
2026-04-30 10:41:25 | INFO     | ayumi.openapi_spot_feed | Connected to demo.ctraderapi.com:5035
2026-04-30 10:41:26 | INFO     | ayumi.openapi_spot_feed | Connected to demo.ctraderapi.com:5035
2026-04-30 10:41:28 | WARNING  | ayumi.openapi_spot_feed | Disconnected: [Failure instance: Traceback (failure with no frames): <class 'twisted.internet.error.ConnectionDone'>: Connection was closed cleanly.
]
2026-04-30 10:41:30 | INFO     | ayumi.openapi_spot_feed | Connected to demo.ctraderapi.com:5035
2026-04-30 10:41:31 | WARNING  | ayumi.openapi_spot_feed | Disconnected: [Failure instance: Traceback (failure with no frames): <class 'twisted.internet.error.ConnectionDone'>: Connection was closed cleanly.
]
2026-04-30 10:41:33 | INFO     | ayumi.openapi_spot_feed | Connected to demo.ctraderapi.com:5035
2026-04-30 10:41:35 | WARNING  | ayumi.openapi_spot_feed | Disconnected: [Failure instance: Traceback (failure with no frames): <class 'twisted.internet.error.ConnectionDone'>: Connection was closed cleanly.
]
2026-04-30 10:41:37 | INFO     | ayumi.openapi_spot_feed | Connected to demo.ctraderapi.com:5035
2026-04-30 10:41:41 | WARNING  | ayumi.openapi_spot_feed | Disconnected: [Failure instance: Traceback (failure with no frames): <class 'twisted.internet.error.ConnectionDone'>: Connection was closed cleanly.
]
2026-04-30 10:41:43 | INFO     | ayumi.openapi_spot_feed | Connected to demo.ctraderapi.com:5035
2026-04-30 10:41:46 | WARNING  | ayumi.openapi_spot_feed | Disconnected: [Failure instance: Traceback (failure with no frames): <class 'twisted.internet.error.ConnectionDone'>: Connection was closed cleanly.
]
2026-04-30 10:41:47 | INFO     | ayumi.openapi_spot_feed | Connected to demo.ctraderapi.com:5035
2026-04-30 10:41:48 | WARNING  | ayumi.openapi_spot_feed | Disconnected: [Failure instance: Traceback (failure with no frames): <class 'twisted.internet.error.ConnectionDone'>: Connection was closed cleanly.
]
2026-04-30 10:41:49 | WARNING  | ayumi.openapi_spot_feed | Disconnected: [Failure instance: Traceback (failure with no frames): <class 'twisted.internet.error.ConnectionDone'>: Connection was closed cleanly.
]
2026-04-30 10:41:50 | INFO     | ayumi.openapi_spot_feed | Connected to demo.ctraderapi.com:5035
2026-04-30 10:41:51 | INFO     | ayumi.openapi_spot_feed | Connected to demo.ctraderapi.com:5035
2026-04-30 10:41:55 | WARNING  | ayumi.openapi_spot_feed | Disconnected: [Failure instance: Traceback (failure with no frames): <class 'twisted.internet.error.ConnectionDone'>: Connection was closed cleanly.
]
2026-04-30 10:41:56 | WARNING  | ayumi.openapi_spot_feed | Disconnected: [Failure instance: Traceback (failure with no frames): <class 'twisted.internet.error.ConnectionDone'>: Connection was closed cleanly.
]
2026-04-30 10:41:57 | INFO     | ayumi.openapi_spot_feed | Connected to demo.ctraderapi.com:5035
2026-04-30 10:41:59 | INFO     | ayumi.openapi_spot_feed | Connected to demo.ctraderapi.com:5035
2026-04-30 10:42:00 | WARNING  | ayumi.openapi_spot_feed | Disconnected: [Failure instance: Traceback (failure with no frames): <class 'twisted.internet.error.ConnectionDone'>: Connection was closed cleanly.
]
2026-04-30 10:42:02 | INFO     | ayumi.openapi_spot_feed | Connected to demo.ctraderapi.com:5035
2026-04-30 10:42:03 | WARNING  | ayumi.openapi_spot_feed | Disconnected: [Failure instance: Traceback (failure with no frames): <class 'twisted.internet.error.ConnectionDone'>: Connection was closed cleanly.
]
2026-04-30 10:42:05 | INFO     | ayumi.openapi_spot_feed | Connected to demo.ctraderapi.com:5035
2026-04-30 10:42:07 | WARNING  | ayumi.openapi_spot_feed | Disconnected: [Failure instance: Traceback (failure with no frames): <class 'twisted.internet.error.ConnectionDone'>: Connection was closed cleanly.
]
2026-04-30 10:42:09 | INFO     | ayumi.openapi_spot_feed | Connected to demo.ctraderapi.com:5035
2026-04-30 10:42:13 | WARNING  | ayumi.openapi_spot_feed | Disconnected: [Failure instance: Traceback (failure with no frames): <class 'twisted.internet.error.ConnectionDone'>: Connection was closed cleanly.
]
2026-04-30 10:42:15 | INFO     | ayumi.openapi_spot_feed | Connected to demo.ctraderapi.com:5035
2026-04-30 10:42:18 | WARNING  | ayumi.openapi_spot_feed | Disconnected: [Failure instance: Traceback (failure with no frames): <class 'twisted.internet.error.ConnectionDone'>: Connection was closed cleanly.
]
2026-04-30 10:42:20 | INFO     | ayumi.openapi_spot_feed | Connected to demo.ctraderapi.com:5035
2026-04-30 10:42:21 | WARNING  | ayumi.openapi_spot_feed | Disconnected: [Failure instance: Traceback (failure with no frames): <class 'twisted.internet.error.ConnectionDone'>: Connection was closed cleanly.
]
2026-04-30 10:42:21 | WARNING  | ayumi.openapi_spot_feed | Disconnected: [Failure instance: Traceback (failure with no frames): <class 'twisted.internet.error.ConnectionDone'>: Connection was closed cleanly.
]
2026-04-30 10:42:22 | INFO     | ayumi.openapi_spot_feed | Connected to demo.ctraderapi.com:5035
2026-04-30 10:42:23 | INFO     | ayumi.openapi_spot_feed | Connected to demo.ctraderapi.com:5035
2026-04-30 10:42:27 | WARNING  | ayumi.openapi_spot_feed | Disconnected: [Failure instance: Traceback (failure with no frames): <class 'twisted.internet.error.ConnectionDone'>: Connection was closed cleanly.
]
2026-04-30 10:42:29 | WARNING  | ayumi.openapi_spot_feed | Disconnected: [Failure instance: Traceback (failure with no frames): <class 'twisted.internet.error.ConnectionDone'>: Connection was closed cleanly.
]
2026-04-30 10:42:29 | INFO     | ayumi.openapi_spot_feed | Connected to demo.ctraderapi.com:5035
2026-04-30 10:42:31 | INFO     | ayumi.openapi_spot_feed | Connected to demo.ctraderapi.com:5035
2026-04-30 10:42:32 | WARNING  | ayumi.openapi_spot_feed | Disconnected: [Failure instance: Traceback (failure with no frames): <class 'twisted.internet.error.ConnectionDone'>: Connection was closed cleanly.
]
2026-04-30 10:42:34 | INFO     | ayumi.openapi_spot_feed | Connected to demo.ctraderapi.com:5035
2026-04-30 10:42:35 | WARNING  | ayumi.openapi_spot_feed | Disconnected: [Failure instance: Traceback (failure with no frames): <class 'twisted.internet.error.ConnectionDone'>: Connection was closed cleanly.
]
2026-04-30 10:42:37 | INFO     | ayumi.openapi_spot_feed | Connected to demo.ctraderapi.com:5035
2026-04-30 10:42:39 | WARNING  | ayumi.openapi_spot_feed | Disconnected: [Failure instance: Traceback (failure with no frames): <class 'twisted.internet.error.ConnectionDone'>: Connection was closed cleanly.
]
2026-04-30 10:42:41 | INFO     | ayumi.openapi_spot_feed | Connected to demo.ctraderapi.com:5035
2026-04-30 10:42:45 | WARNING  | ayumi.openapi_spot_feed | Disconnected: [Failure instance: Traceback (failure with no frames): <class 'twisted.internet.error.ConnectionDone'>: Connection was closed cleanly.
]
2026-04-30 10:42:47 | INFO     | ayumi.openapi_spot_feed | Connected to demo.ctraderapi.com:5035
2026-04-30 10:42:50 | WARNING  | ayumi.openapi_spot_feed | Disconnected: [Failure instance: Traceback (failure with no frames): <class 'twisted.internet.error.ConnectionDone'>: Connection was closed cleanly.
]
2026-04-30 10:42:52 | INFO     | ayumi.openapi_spot_feed | Connected to demo.ctraderapi.com:5035
2026-04-30 10:42:53 | WARNING  | ayumi.openapi_spot_feed | Disconnected: [Failure instance: Traceback (failure with no frames): <class 'twisted.internet.error.ConnectionDone'>: Connection was closed cleanly.
]
2026-04-30 10:42:53 | WARNING  | ayumi.openapi_spot_feed | Disconnected: [Failure instance: Traceback (failure with no frames): <class 'twisted.internet.error.ConnectionDone'>: Connection was closed cleanly.
]
2026-04-30 10:42:54 | INFO     | ayumi.openapi_spot_feed | Connected to demo.ctraderapi.com:5035
2026-04-30 10:42:54 | INFO     | ayumi.openapi_spot_feed | Connected to demo.ctraderapi.com:5035
2026-04-30 10:42:59 | WARNING  | ayumi.openapi_spot_feed | Disconnected: [Failure instance: Traceback (failure with no frames): <class 'twisted.internet.error.ConnectionDone'>: Connection was closed cleanly.
]
2026-04-30 10:43:01 | WARNING  | ayumi.openapi_spot_feed | Disconnected: [Failure instance: Traceback (failure with no frames): <class 'twisted.internet.error.ConnectionDone'>: Connection was closed cleanly.
]
2026-04-30 10:43:01 | INFO     | ayumi.openapi_spot_feed | Connected to demo.ctraderapi.com:5035
2026-04-30 10:43:03 | INFO     | ayumi.openapi_spot_feed | Connected to demo.ctraderapi.com:5035
2026-04-30 10:43:04 | WARNING  | ayumi.openapi_spot_feed | Disconnected: [Failure instance: Traceback (failure with no frames): <class 'twisted.internet.error.ConnectionDone'>: Connection was closed cleanly.
]
2026-04-30 10:43:07 | INFO     | ayumi.openapi_spot_feed | Connected to demo.ctraderapi.com:5035
2026-04-30 10:43:07 | WARNING  | ayumi.openapi_spot_feed | Disconnected: [Failure instance: Traceback (failure with no frames): <class 'twisted.internet.error.ConnectionDone'>: Connection was closed cleanly.
]
2026-04-30 10:43:09 | INFO     | ayumi.openapi_spot_feed | Connected to demo.ctraderapi.com:5035
2026-04-30 10:43:11 | WARNING  | ayumi.forward_test | Connection health check failed: connected=False last_tick_ago=1981.7s threshold=900.0s — reconnecting
2026-04-30 10:43:11 | CRITICAL | ayumi.forward_test | Reconnect circuit-breaker tripped: 20 consecutive attempts with no ticks (max=20). Stopping engine gracefully.
2026-04-30 10:43:11 | ERROR    | ayumi.forward_test | Health monitor error: cannot join current thread
Traceback (most recent call last):
  File "/home/TacoPants/projects/Ayumi/src/forex-bot/adapters/ctrader/forward_test_engine.py", line 731, in _health_monitor_loop
    self._check_connection_health()
  File "/home/TacoPants/projects/Ayumi/src/forex-bot/adapters/ctrader/forward_test_engine.py", line 792, in _check_connection_health
    self._attempt_reconnect()
  File "/home/TacoPants/projects/Ayumi/src/forex-bot/adapters/ctrader/forward_test_engine.py", line 806, in _attempt_reconnect
    self.stop()
  File "/home/TacoPants/projects/Ayumi/src/forex-bot/adapters/ctrader/forward_test_engine.py", line 280, in stop
    self._health_monitor_thread.join(timeout=10.0)
  File "/usr/lib/python3.12/threading.py", line 1144, in join
    raise RuntimeError("cannot join current thread")
RuntimeError: cannot join current thread
2026-04-30 10:43:11 | WARNING  | ayumi.openapi_spot_feed | Disconnected: [Failure instance: Traceback (failure with no frames): <class 'twisted.internet.error.ConnectionDone'>: Connection was closed cleanly.
]
2026-04-30 10:43:14 | INFO     | ayumi.openapi_spot_feed | Connected to demo.ctraderapi.com:5035
2026-04-30 10:43:17 | WARNING  | ayumi.openapi_spot_feed | Disconnected: [Failure instance: Traceback (failure with no frames): <class 'twisted.internet.error.ConnectionDone'>: Connection was closed cleanly.
]
2026-04-30 10:43:19 | INFO     | ayumi.openapi_spot_feed | Connected to demo.ctraderapi.com:5035
2026-04-30 10:43:23 | WARNING  | ayumi.openapi_spot_feed | Disconnected: [Failure instance: Traceback (failure with no frames): <class 'twisted.internet.error.ConnectionDone'>: Connection was closed cleanly.
]
2026-04-30 10:43:24 | WARNING  | ayumi.openapi_spot_feed | Disconnected: [Failure instance: Traceback (failure with no frames): <class 'twisted.internet.error.ConnectionDone'>: Connection was closed cleanly.
]
2026-04-30 10:43:24 | INFO     | ayumi.openapi_spot_feed | Connected to demo.ctraderapi.com:5035
2026-04-30 10:43:25 | WARNING  | ayumi.openapi_spot_feed | Disconnected: [Failure instance: Traceback (failure with no frames): <class 'twisted.internet.error.ConnectionDone'>: Connection was closed cleanly.
]
2026-04-30 10:43:26 | INFO     | ayumi.openapi_spot_feed | Connected to demo.ctraderapi.com:5035
2026-04-30 10:43:27 | INFO     | ayumi.openapi_spot_feed | Connected to demo.ctraderapi.com:5035
2026-04-30 10:43:31 | WARNING  | ayumi.openapi_spot_feed | Disconnected: [Failure instance: Traceback (failure with no frames): <class 'twisted.internet.error.ConnectionDone'>: Connection was closed cleanly.
]
2026-04-30 10:43:33 | INFO     | ayumi.openapi_spot_feed | Connected to demo.ctraderapi.com:5035
2026-04-30 10:43:33 | WARNING  | ayumi.openapi_spot_feed | Disconnected: [Failure instance: Traceback (failure with no frames): <class 'twisted.internet.error.ConnectionDone'>: Connection was closed cleanly.
]
2026-04-30 10:43:36 | INFO     | ayumi.openapi_spot_feed | Connected to demo.ctraderapi.com:5035
2026-04-30 10:43:37 | WARNING  | ayumi.openapi_spot_feed | Disconnected: [Failure instance: Traceback (failure with no frames): <class 'twisted.internet.error.ConnectionDone'>: Connection was closed cleanly.
]
2026-04-30 10:43:39 | INFO     | ayumi.openapi_spot_feed | Connected to demo.ctraderapi.com:5035
2026-04-30 10:43:40 | WARNING  | ayumi.openapi_spot_feed | Disconnected: [Failure instance: Traceback (failure with no frames): <class 'twisted.internet.error.ConnectionDone'>: Connection was closed cleanly.
]
2026-04-30 10:43:41 | INFO     | ayumi.openapi_spot_feed | Connected to demo.ctraderapi.com:5035
2026-04-30 10:43:44 | WARNING  | ayumi.openapi_spot_feed | Disconnected: [Failure instance: Traceback (failure with no frames): <class 'twisted.internet.error.ConnectionDone'>: Connection was closed cleanly.
]
2026-04-30 10:43:46 | INFO     | ayumi.openapi_spot_feed | Connected to demo.ctraderapi.com:5035
2026-04-30 10:43:49 | WARNING  | ayumi.openapi_spot_feed | Disconnected: [Failure instance: Traceback (failure with no frames): <class 'twisted.internet.error.ConnectionDone'>: Connection was closed cleanly.
]
2026-04-30 10:43:51 | INFO     | ayumi.openapi_spot_feed | Connected to demo.ctraderapi.com:5035
2026-04-30 10:43:54 | WARNING  | ayumi.openapi_spot_feed | Disconnected: [Failure instance: Traceback (failure with no frames): <class 'twisted.internet.error.ConnectionDone'>: Connection was closed cleanly.
]
2026-04-30 10:43:56 | WARNING  | ayumi.openapi_spot_feed | Disconnected: [Failure instance: Traceback (failure with no frames): <class 'twisted.internet.error.ConnectionDone'>: Connection was closed cleanly.
]
2026-04-30 10:43:57 | INFO     | ayumi.openapi_spot_feed | Connected to demo.ctraderapi.com:5035
2026-04-30 10:43:57 | WARNING  | ayumi.openapi_spot_feed | Disconnected: [Failure instance: Traceback (failure with no frames): <class 'twisted.internet.error.ConnectionDone'>: Connection was closed cleanly.
]
2026-04-30 10:43:58 | INFO     | ayumi.openapi_spot_feed | Connected to demo.ctraderapi.com:5035
2026-04-30 10:43:59 | INFO     | ayumi.openapi_spot_feed | Connected to demo.ctraderapi.com:5035
2026-04-30 10:44:03 | WARNING  | ayumi.openapi_spot_feed | Disconnected: [Failure instance: Traceback (failure with no frames): <class 'twisted.internet.error.ConnectionDone'>: Connection was closed cleanly.
]
2026-04-30 10:44:05 | INFO     | ayumi.openapi_spot_feed | Connected to demo.ctraderapi.com:5035
2026-04-30 10:44:06 | WARNING  | ayumi.openapi_spot_feed | Disconnected: [Failure instance: Traceback (failure with no frames): <class 'twisted.internet.error.ConnectionDone'>: Connection was closed cleanly.
]
2026-04-30 10:44:07 | INFO     | ayumi.openapi_spot_feed | Connected to demo.ctraderapi.com:5035
2026-04-30 10:44:09 | WARNING  | ayumi.openapi_spot_feed | Disconnected: [Failure instance: Traceback (failure with no frames): <class 'twisted.internet.error.ConnectionDone'>: Connection was closed cleanly.
]
2026-04-30 10:44:11 | INFO     | ayumi.openapi_spot_feed | Connected to demo.ctraderapi.com:5035
2026-04-30 10:44:11 | WARNING  | ayumi.openapi_spot_feed | Disconnected: [Failure instance: Traceback (failure with no frames): <class 'twisted.internet.error.ConnectionDone'>: Connection was closed cleanly.
]
2026-04-30 10:44:13 | INFO     | ayumi.openapi_spot_feed | Connected to demo.ctraderapi.com:5035
2026-04-30 10:44:16 | WARNING  | ayumi.openapi_spot_feed | Disconnected: [Failure instance: Traceback (failure with no frames): <class 'twisted.internet.error.ConnectionDone'>: Connection was closed cleanly.
]
2026-04-30 10:44:18 | INFO     | ayumi.openapi_spot_feed | Connected to demo.ctraderapi.com:5035
2026-04-30 10:44:21 | WARNING  | ayumi.openapi_spot_feed | Disconnected: [Failure instance: Traceback (failure with no frames): <class 'twisted.internet.error.ConnectionDone'>: Connection was closed cleanly.
]
2026-04-30 10:44:23 | INFO     | ayumi.openapi_spot_feed | Connected to demo.ctraderapi.com:5035
2026-04-30 10:44:27 | WARNING  | ayumi.openapi_spot_feed | Disconnected: [Failure instance: Traceback (failure with no frames): <class 'twisted.internet.error.ConnectionDone'>: Connection was closed cleanly.
]
2026-04-30 10:44:28 | WARNING  | ayumi.openapi_spot_feed | Disconnected: [Failure instance: Traceback (failure with no frames): <class 'twisted.internet.error.ConnectionDone'>: Connection was closed cleanly.
]
2026-04-30 10:44:29 | WARNING  | ayumi.openapi_spot_feed | Disconnected: [Failure instance: Traceback (failure with no frames): <class 'twisted.internet.error.ConnectionDone'>: Connection was closed cleanly.
]
2026-04-30 10:44:30 | INFO     | ayumi.openapi_spot_feed | Connected to demo.ctraderapi.com:5035
2026-04-30 10:44:30 | INFO     | ayumi.openapi_spot_feed | Connected to demo.ctraderapi.com:5035
2026-04-30 10:44:31 | INFO     | ayumi.openapi_spot_feed | Connected to demo.ctraderapi.com:5035
2026-04-30 10:44:35 | WARNING  | ayumi.openapi_spot_feed | Disconnected: [Failure instance: Traceback (failure with no frames): <class 'twisted.internet.error.ConnectionDone'>: Connection was closed cleanly.
]
2026-04-30 10:44:37 | INFO     | ayumi.openapi_spot_feed | Connected to demo.ctraderapi.com:5035
2026-04-30 10:44:38 | WARNING  | ayumi.openapi_spot_feed | Disconnected: [Failure instance: Traceback (failure with no frames): <class 'twisted.internet.error.ConnectionDone'>: Connection was closed cleanly.
]
2026-04-30 10:44:40 | INFO     | ayumi.openapi_spot_feed | Connected to demo.ctraderapi.com:5035
2026-04-30 10:44:41 | WARNING  | ayumi.openapi_spot_feed | Disconnected: [Failure instance: Traceback (failure with no frames): <class 'twisted.internet.error.ConnectionDone'>: Connection was closed cleanly.
]
2026-04-30 10:44:43 | INFO     | ayumi.openapi_spot_feed | Connected to demo.ctraderapi.com:5035
2026-04-30 10:44:43 | WARNING  | ayumi.openapi_spot_feed | Disconnected: [Failure instance: Traceback (failure with no frames): <class 'twisted.internet.error.ConnectionDone'>: Connection was closed cleanly.
]
2026-04-30 10:44:46 | INFO     | ayumi.openapi_spot_feed | Connected to demo.ctraderapi.com:5035
2026-04-30 10:44:49 | WARNING  | ayumi.openapi_spot_feed | Disconnected: [Failure instance: Traceback (failure with no frames): <class 'twisted.internet.error.ConnectionDone'>: Connection was closed cleanly.
]
2026-04-30 10:44:51 | INFO     | ayumi.openapi_spot_feed | Connected to demo.ctraderapi.com:5035
2026-04-30 10:44:53 | WARNING  | ayumi.openapi_spot_feed | Disconnected: [Failure instance: Traceback (failure with no frames): <class 'twisted.internet.error.ConnectionDone'>: Connection was closed cleanly.
]
2026-04-30 10:44:54 | INFO     | ayumi.openapi_spot_feed | Connected to demo.ctraderapi.com:5035
2026-04-30 10:45:00 | WARNING  | ayumi.openapi_spot_feed | Disconnected: [Failure instance: Traceback (failure with no frames): <class 'twisted.internet.error.ConnectionDone'>: Connection was closed cleanly.
]
2026-04-30 10:45:00 | WARNING  | ayumi.openapi_spot_feed | Disconnected: [Failure instance: Traceback (failure with no frames): <class 'twisted.internet.error.ConnectionDone'>: Connection was closed cleanly.
]
2026-04-30 10:45:01 | WARNING  | ayumi.openapi_spot_feed | Disconnected: [Failure instance: Traceback (failure with no frames): <class 'twisted.internet.error.ConnectionDone'>: Connection was closed cleanly.
]
2026-04-30 10:45:02 | INFO     | ayumi.openapi_spot_feed | Connected to demo.ctraderapi.com:5035
2026-04-30 10:45:02 | INFO     | ayumi.openapi_spot_feed | Connected to demo.ctraderapi.com:5035
2026-04-30 10:45:03 | INFO     | ayumi.openapi_spot_feed | Connected to demo.ctraderapi.com:5035
2026-04-30 10:45:07 | WARNING  | ayumi.openapi_spot_feed | Disconnected: [Failure instance: Traceback (failure with no frames): <class 'twisted.internet.error.ConnectionDone'>: Connection was closed cleanly.
]
2026-04-30 10:45:09 | INFO     | ayumi.openapi_spot_feed | Connected to demo.ctraderapi.com:5035
2026-04-30 10:45:10 | WARNING  | ayumi.openapi_spot_feed | Disconnected: [Failure instance: Traceback (failure with no frames): <class 'twisted.internet.error.ConnectionDone'>: Connection was closed cleanly.
]
2026-04-30 10:45:12 | INFO     | ayumi.openapi_spot_feed | Connected to demo.ctraderapi.com:5035
2026-04-30 10:45:13 | WARNING  | ayumi.openapi_spot_feed | Disconnected: [Failure instance: Traceback (failure with no frames): <class 'twisted.internet.error.ConnectionDone'>: Connection was closed cleanly.
]
2026-04-30 10:45:15 | INFO     | ayumi.openapi_spot_feed | Connected to demo.ctraderapi.com:5035
2026-04-30 10:45:16 | WARNING  | ayumi.openapi_spot_feed | Disconnected: [Failure instance: Traceback (failure with no frames): <class 'twisted.internet.error.ConnectionDone'>: Connection was closed cleanly.
]
2026-04-30 10:45:18 | INFO     | ayumi.openapi_spot_feed | Connected to demo.ctraderapi.com:5035
2026-04-30 10:45:21 | WARNING  | ayumi.openapi_spot_feed | Disconnected: [Failure instance: Traceback (failure with no frames): <class 'twisted.internet.error.ConnectionDone'>: Connection was closed cleanly.
]
2026-04-30 10:45:22 | INFO     | ayumi.openapi_spot_feed | Connected to demo.ctraderapi.com:5035
2026-04-30 10:45:25 | WARNING  | ayumi.openapi_spot_feed | Disconnected: [Failure instance: Traceback (failure with no frames): <class 'twisted.internet.error.ConnectionDone'>: Connection was closed cleanly.
]
2026-04-30 10:45:27 | INFO     | ayumi.openapi_spot_feed | Connected to demo.ctraderapi.com:5035
2026-04-30 10:45:32 | WARNING  | ayumi.openapi_spot_feed | Disconnected: [Failure instance: Traceback (failure with no frames): <class 'twisted.internet.error.ConnectionDone'>: Connection was closed cleanly.
]
2026-04-30 10:45:32 | WARNING  | ayumi.openapi_spot_feed | Disconnected: [Failure instance: Traceback (failure with no frames): <class 'twisted.internet.error.ConnectionDone'>: Connection was closed cleanly.
]
2026-04-30 10:45:33 | WARNING  | ayumi.openapi_spot_feed | Disconnected: [Failure instance: Traceback (failure with no frames): <class 'twisted.internet.error.ConnectionDone'>: Connection was closed cleanly.
]
2026-04-30 10:45:34 | INFO     | ayumi.openapi_spot_feed | Connected to demo.ctraderapi.com:5035
2026-04-30 10:45:34 | INFO     | ayumi.openapi_spot_feed | Connected to demo.ctraderapi.com:5035
2026-04-30 10:45:35 | INFO     | ayumi.openapi_spot_feed | Connected to demo.ctraderapi.com:5035
2026-04-30 10:45:39 | WARNING  | ayumi.openapi_spot_feed | Disconnected: [Failure instance: Traceback (failure with no frames): <class 'twisted.internet.error.ConnectionDone'>: Connection was closed cleanly.
]
2026-04-30 10:45:41 | INFO     | ayumi.openapi_spot_feed | Connected to demo.ctraderapi.com:5035
2026-04-30 10:45:42 | WARNING  | ayumi.openapi_spot_feed | Disconnected: [Failure instance: Traceback (failure with no frames): <class 'twisted.internet.error.ConnectionDone'>: Connection was closed cleanly.
]
2026-04-30 10:45:45 | INFO     | ayumi.openapi_spot_feed | Connected to demo.ctraderapi.com:5035
2026-04-30 10:45:46 | WARNING  | ayumi.openapi_spot_feed | Disconnected: [Failure instance: Traceback (failure with no frames): <class 'twisted.internet.error.ConnectionDone'>: Connection was closed cleanly.
]
2026-04-30 10:45:48 | INFO     | ayumi.openapi_spot_feed | Connected to demo.ctraderapi.com:5035
2026-04-30 10:45:49 | WARNING  | ayumi.openapi_spot_feed | Disconnected: [Failure instance: Traceback (failure with no frames): <class 'twisted.internet.error.ConnectionDone'>: Connection was closed cleanly.
]
2026-04-30 10:45:50 | INFO     | ayumi.openapi_spot_feed | Connected to demo.ctraderapi.com:5035
2026-04-30 10:45:53 | WARNING  | ayumi.openapi_spot_feed | Disconnected: [Failure instance: Traceback (failure with no frames): <class 'twisted.internet.error.ConnectionDone'>: Connection was closed cleanly.
]
2026-04-30 10:45:55 | INFO     | ayumi.openapi_spot_feed | Connected to demo.ctraderapi.com:5035
2026-04-30 10:45:57 | WARNING  | ayumi.openapi_spot_feed | Disconnected: [Failure instance: Traceback (failure with no frames): <class 'twisted.internet.error.ConnectionDone'>: Connection was closed cleanly.
]
2026-04-30 10:45:59 | INFO     | ayumi.openapi_spot_feed | Connected to demo.ctraderapi.com:5035
2026-04-30 10:46:04 | WARNING  | ayumi.openapi_spot_feed | Disconnected: [Failure instance: Traceback (failure with no frames): <class 'twisted.internet.error.ConnectionDone'>: Connection was closed cleanly.
]
2026-04-30 10:46:04 | WARNING  | ayumi.openapi_spot_feed | Disconnected: [Failure instance: Traceback (failure with no frames): <class 'twisted.internet.error.ConnectionDone'>: Connection was closed cleanly.
]
2026-04-30 10:46:06 | WARNING  | ayumi.openapi_spot_feed | Disconnected: [Failure instance: Traceback (failure with no frames): <class 'twisted.internet.error.ConnectionDone'>: Connection was closed cleanly.
]
2026-04-30 10:46:06 | INFO     | ayumi.openapi_spot_feed | Connected to demo.ctraderapi.com:5035
2026-04-30 10:46:07 | INFO     | ayumi.openapi_spot_feed | Connected to demo.ctraderapi.com:5035
2026-04-30 10:46:08 | INFO     | ayumi.openapi_spot_feed | Connected to demo.ctraderapi.com:5035
2026-04-30 10:46:12 | WARNING  | ayumi.openapi_spot_feed | Disconnected: [Failure instance: Traceback (failure with no frames): <class 'twisted.internet.error.ConnectionDone'>: Connection was closed cleanly.
]
2026-04-30 10:46:13 | INFO     | ayumi.openapi_spot_feed | Connected to demo.ctraderapi.com:5035
2026-04-30 10:46:15 | WARNING  | ayumi.openapi_spot_feed | Disconnected: [Failure instance: Traceback (failure with no frames): <class 'twisted.internet.error.ConnectionDone'>: Connection was closed cleanly.
]
2026-04-30 10:46:17 | INFO     | ayumi.openapi_spot_feed | Connected to demo.ctraderapi.com:5035
2026-04-30 10:46:18 | WARNING  | ayumi.openapi_spot_feed | Disconnected: [Failure instance: Traceback (failure with no frames): <class 'twisted.internet.error.ConnectionDone'>: Connection was closed cleanly.
]
2026-04-30 10:46:20 | INFO     | ayumi.openapi_spot_feed | Connected to demo.ctraderapi.com:5035
2026-04-30 10:46:21 | WARNING  | ayumi.openapi_spot_feed | Disconnected: [Failure instance: Traceback (failure with no frames): <class 'twisted.internet.error.ConnectionDone'>: Connection was closed cleanly.
]
2026-04-30 10:46:22 | INFO     | ayumi.openapi_spot_feed | Connected to demo.ctraderapi.com:5035
2026-04-30 10:46:25 | WARNING  | ayumi.openapi_spot_feed | Disconnected: [Failure instance: Traceback (failure with no frames): <class 'twisted.internet.error.ConnectionDone'>: Connection was closed cleanly.
]
2026-04-30 10:46:26 | INFO     | ayumi.openapi_spot_feed | Connected to demo.ctraderapi.com:5035
2026-04-30 10:46:29 | WARNING  | ayumi.openapi_spot_feed | Disconnected: [Failure instance: Traceback (failure with no frames): <class 'twisted.internet.error.ConnectionDone'>: Connection was closed cleanly.
]
2026-04-30 10:46:31 | INFO     | ayumi.openapi_spot_feed | Connected to demo.ctraderapi.com:5035
2026-04-30 10:46:36 | WARNING  | ayumi.openapi_spot_feed | Disconnected: [Failure instance: Traceback (failure with no frames): <class 'twisted.internet.error.ConnectionDone'>: Connection was closed cleanly.
]
2026-04-30 10:46:37 | WARNING  | ayumi.openapi_spot_feed | Disconnected: [Failure instance: Traceback (failure with no frames): <class 'twisted.internet.error.ConnectionDone'>: Connection was closed cleanly.
]
2026-04-30 10:46:38 | INFO     | ayumi.openapi_spot_feed | Connected to demo.ctraderapi.com:5035
2026-04-30 10:46:38 | WARNING  | ayumi.openapi_spot_feed | Disconnected: [Failure instance: Traceback (failure with no frames): <class 'twisted.internet.error.ConnectionDone'>: Connection was closed cleanly.
]
2026-04-30 10:46:39 | INFO     | ayumi.openapi_spot_feed | Connected to demo.ctraderapi.com:5035
2026-04-30 10:46:40 | INFO     | ayumi.openapi_spot_feed | Connected to demo.ctraderapi.com:5035
2026-04-30 10:46:43 | WARNING  | ayumi.openapi_spot_feed | Disconnected: [Failure instance: Traceback (failure with no frames): <class 'twisted.internet.error.ConnectionDone'>: Connection was closed cleanly.
]
2026-04-30 10:46:45 | INFO     | ayumi.openapi_spot_feed | Connected to demo.ctraderapi.com:5035
2026-04-30 10:46:47 | WARNING  | ayumi.openapi_spot_feed | Disconnected: [Failure instance: Traceback (failure with no frames): <class 'twisted.internet.error.ConnectionDone'>: Connection was closed cleanly.
]
2026-04-30 10:46:49 | INFO     | ayumi.openapi_spot_feed | Connected to demo.ctraderapi.com:5035
2026-04-30 10:46:50 | WARNING  | ayumi.openapi_spot_feed | Disconnected: [Failure instance: Traceback (failure with no frames): <class 'twisted.internet.error.ConnectionDone'>: Connection was closed cleanly.
]
2026-04-30 10:46:52 | INFO     | ayumi.openapi_spot_feed | Connected to demo.ctraderapi.com:5035
2026-04-30 10:46:53 | WARNING  | ayumi.openapi_spot_feed | Disconnected: [Failure instance: Traceback (failure with no frames): <class 'twisted.internet.error.ConnectionDone'>: Connection was closed cleanly.
]
2026-04-30 10:46:55 | INFO     | ayumi.openapi_spot_feed | Connected to demo.ctraderapi.com:5035
2026-04-30 10:46:57 | WARNING  | ayumi.openapi_spot_feed | Disconnected: [Failure instance: Traceback (failure with no frames): <class 'twisted.internet.error.ConnectionDone'>: Connection was closed cleanly.
]
2026-04-30 10:46:58 | INFO     | ayumi.openapi_spot_feed | Connected to demo.ctraderapi.com:5035
2026-04-30 10:47:01 | WARNING  | ayumi.openapi_spot_feed | Disconnected: [Failure instance: Traceback (failure with no frames): <class 'twisted.internet.error.ConnectionDone'>: Connection was closed cleanly.
]
2026-04-30 10:47:03 | INFO     | ayumi.openapi_spot_feed | Connected to demo.ctraderapi.com:5035
2026-04-30 10:47:08 | WARNING  | ayumi.openapi_spot_feed | Disconnected: [Failure instance: Traceback (failure with no frames): <class 'twisted.internet.error.ConnectionDone'>: Connection was closed cleanly.
]
2026-04-30 10:47:10 | WARNING  | ayumi.openapi_spot_feed | Disconnected: [Failure instance: Traceback (failure with no frames): <class 'twisted.internet.error.ConnectionDone'>: Connection was closed cleanly.
]
2026-04-30 10:47:10 | WARNING  | ayumi.openapi_spot_feed | Disconnected: [Failure instance: Traceback (failure with no frames): <class 'twisted.internet.error.ConnectionDone'>: Connection was closed cleanly.
]
2026-04-30 10:47:10 | INFO     | ayumi.openapi_spot_feed | Connected to demo.ctraderapi.com:5035
2026-04-30 10:47:11 | INFO     | ayumi.openapi_spot_feed | Connected to demo.ctraderapi.com:5035
2026-04-30 10:47:12 | INFO     | ayumi.openapi_spot_feed | Connected to demo.ctraderapi.com:5035
2026-04-30 10:47:15 | WARNING  | ayumi.openapi_spot_feed | Disconnected: [Failure instance: Traceback (failure with no frames): <class 'twisted.internet.error.ConnectionDone'>: Connection was closed cleanly.
]
2026-04-30 10:47:17 | INFO     | ayumi.openapi_spot_feed | Connected to demo.ctraderapi.com:5035
2026-04-30 10:47:20 | WARNING  | ayumi.openapi_spot_feed | Disconnected: [Failure instance: Traceback (failure with no frames): <class 'twisted.internet.error.ConnectionDone'>: Connection was closed cleanly.
]
2026-04-30 10:47:22 | INFO     | ayumi.openapi_spot_feed | Connected to demo.ctraderapi.com:5035
2026-04-30 10:47:22 | WARNING  | ayumi.openapi_spot_feed | Disconnected: [Failure instance: Traceback (failure with no frames): <class 'twisted.internet.error.ConnectionDone'>: Connection was closed cleanly.
]
2026-04-30 10:47:24 | INFO     | ayumi.openapi_spot_feed | Connected to demo.ctraderapi.com:5035
2026-04-30 10:47:25 | WARNING  | ayumi.openapi_spot_feed | Disconnected: [Failure instance: Traceback (failure with no frames): <class 'twisted.internet.error.ConnectionDone'>: Connection was closed cleanly.
]
2026-04-30 10:47:27 | INFO     | ayumi.openapi_spot_feed | Connected to demo.ctraderapi.com:5035
2026-04-30 10:47:28 | WARNING  | ayumi.openapi_spot_feed | Disconnected: [Failure instance: Traceback (failure with no frames): <class 'twisted.internet.error.ConnectionDone'>: Connection was closed cleanly.
]
2026-04-30 10:47:30 | INFO     | ayumi.openapi_spot_feed | Connected to demo.ctraderapi.com:5035
2026-04-30 10:47:33 | WARNING  | ayumi.openapi_spot_feed | Disconnected: [Failure instance: Traceback (failure with no frames): <class 'twisted.internet.error.ConnectionDone'>: Connection was closed cleanly.
]
2026-04-30 10:47:35 | INFO     | ayumi.openapi_spot_feed | Connected to demo.ctraderapi.com:5035
2026-04-30 10:47:41 | WARNING  | ayumi.openapi_spot_feed | Disconnected: [Failure instance: Traceback (failure with no frames): <class 'twisted.internet.error.ConnectionDone'>: Connection was closed cleanly.
]
2026-04-30 10:47:42 | WARNING  | ayumi.openapi_spot_feed | Disconnected: [Failure instance: Traceback (failure with no frames): <class 'twisted.internet.error.ConnectionDone'>: Connection was closed cleanly.
]
2026-04-30 10:47:42 | WARNING  | ayumi.openapi_spot_feed | Disconnected: [Failure instance: Traceback (failure with no frames): <class 'twisted.internet.error.ConnectionDone'>: Connection was closed cleanly.
]
2026-04-30 10:47:42 | INFO     | ayumi.openapi_spot_feed | Connected to demo.ctraderapi.com:5035
2026-04-30 10:47:43 | INFO     | ayumi.openapi_spot_feed | Connected to demo.ctraderapi.com:5035
2026-04-30 10:47:44 | INFO     | ayumi.openapi_spot_feed | Connected to demo.ctraderapi.com:5035
2026-04-30 10:47:47 | WARNING  | ayumi.openapi_spot_feed | Disconnected: [Failure instance: Traceback (failure with no frames): <class 'twisted.internet.error.ConnectionDone'>: Connection was closed cleanly.
]
2026-04-30 10:47:49 | INFO     | ayumi.openapi_spot_feed | Connected to demo.ctraderapi.com:5035
2026-04-30 10:47:52 | WARNING  | ayumi.openapi_spot_feed | Disconnected: [Failure instance: Traceback (failure with no frames): <class 'twisted.internet.error.ConnectionDone'>: Connection was closed cleanly.
]
2026-04-30 10:47:54 | INFO     | ayumi.openapi_spot_feed | Connected to demo.ctraderapi.com:5035
2026-04-30 10:47:54 | WARNING  | ayumi.openapi_spot_feed | Disconnected: [Failure instance: Traceback (failure with no frames): <class 'twisted.internet.error.ConnectionDone'>: Connection was closed cleanly.
]
2026-04-30 10:47:56 | INFO     | ayumi.openapi_spot_feed | Connected to demo.ctraderapi.com:5035
2026-04-30 10:47:57 | WARNING  | ayumi.openapi_spot_feed | Disconnected: [Failure instance: Traceback (failure with no frames): <class 'twisted.internet.error.ConnectionDone'>: Connection was closed cleanly.
]
2026-04-30 10:47:59 | INFO     | ayumi.openapi_spot_feed | Connected to demo.ctraderapi.com:5035
2026-04-30 10:48:00 | WARNING  | ayumi.openapi_spot_feed | Disconnected: [Failure instance: Traceback (failure with no frames): <class 'twisted.internet.error.ConnectionDone'>: Connection was closed cleanly.
]
2026-04-30 10:48:02 | INFO     | ayumi.openapi_spot_feed | Connected to demo.ctraderapi.com:5035
2026-04-30 10:48:06 | WARNING  | ayumi.openapi_spot_feed | Disconnected: [Failure instance: Traceback (failure with no frames): <class 'twisted.internet.error.ConnectionDone'>: Connection was closed cleanly.
]
2026-04-30 10:48:08 | INFO     | ayumi.openapi_spot_feed | Connected to demo.ctraderapi.com:5035
2026-04-30 10:48:12 | WARNING  | ayumi.openapi_spot_feed | Disconnected: [Failure instance: Traceback (failure with no frames): <class 'twisted.internet.error.ConnectionDone'>: Connection was closed cleanly.
]
2026-04-30 10:48:14 | WARNING  | ayumi.openapi_spot_feed | Disconnected: [Failure instance: Traceback (failure with no frames): <class 'twisted.internet.error.ConnectionDone'>: Connection was closed cleanly.
]
2026-04-30 10:48:14 | WARNING  | ayumi.openapi_spot_feed | Disconnected: [Failure instance: Traceback (failure with no frames): <class 'twisted.internet.error.ConnectionDone'>: Connection was closed cleanly.
]
2026-04-30 10:48:14 | INFO     | ayumi.openapi_spot_feed | Connected to demo.ctraderapi.com:5035
2026-04-30 10:48:15 | INFO     | ayumi.openapi_spot_feed | Connected to demo.ctraderapi.com:5035
2026-04-30 10:48:16 | INFO     | ayumi.openapi_spot_feed | Connected to demo.ctraderapi.com:5035
2026-04-30 10:48:19 | WARNING  | ayumi.openapi_spot_feed | Disconnected: [Failure instance: Traceback (failure with no frames): <class 'twisted.internet.error.ConnectionDone'>: Connection was closed cleanly.
]
2026-04-30 10:48:21 | INFO     | ayumi.openapi_spot_feed | Connected to demo.ctraderapi.com:5035
2026-04-30 10:48:24 | WARNING  | ayumi.openapi_spot_feed | Disconnected: [Failure instance: Traceback (failure with no frames): <class 'twisted.internet.error.ConnectionDone'>: Connection was closed cleanly.
]
2026-04-30 10:48:26 | INFO     | ayumi.openapi_spot_feed | Connected to demo.ctraderapi.com:5035
2026-04-30 10:48:26 | WARNING  | ayumi.openapi_spot_feed | Disconnected: [Failure instance: Traceback (failure with no frames): <class 'twisted.internet.error.ConnectionDone'>: Connection was closed cleanly.
]
2026-04-30 10:48:28 | INFO     | ayumi.openapi_spot_feed | Connected to demo.ctraderapi.com:5035
2026-04-30 10:48:30 | WARNING  | ayumi.openapi_spot_feed | Disconnected: [Failure instance: Traceback (failure with no frames): <class 'twisted.internet.error.ConnectionDone'>: Connection was closed cleanly.
]
2026-04-30 10:48:31 | INFO     | ayumi.openapi_spot_feed | Connected to demo.ctraderapi.com:5035
2026-04-30 10:48:32 | WARNING  | ayumi.openapi_spot_feed | Disconnected: [Failure instance: Traceback (failure with no frames): <class 'twisted.internet.error.ConnectionDone'>: Connection was closed cleanly.
]
2026-04-30 10:48:34 | INFO     | ayumi.openapi_spot_feed | Connected to demo.ctraderapi.com:5035
2026-04-30 10:48:38 | WARNING  | ayumi.openapi_spot_feed | Disconnected: [Failure instance: Traceback (failure with no frames): <class 'twisted.internet.error.ConnectionDone'>: Connection was closed cleanly.
]
2026-04-30 10:48:39 | INFO     | ayumi.openapi_spot_feed | Connected to demo.ctraderapi.com:5035
2026-04-30 10:48:44 | WARNING  | ayumi.openapi_spot_feed | Disconnected: [Failure instance: Traceback (failure with no frames): <class 'twisted.internet.error.ConnectionDone'>: Connection was closed cleanly.
]
2026-04-30 10:48:46 | WARNING  | ayumi.openapi_spot_feed | Disconnected: [Failure instance: Traceback (failure with no frames): <class 'twisted.internet.error.ConnectionDone'>: Connection was closed cleanly.
]
2026-04-30 10:48:46 | WARNING  | ayumi.openapi_spot_feed | Disconnected: [Failure instance: Traceback (failure with no frames): <class 'twisted.internet.error.ConnectionDone'>: Connection was closed cleanly.
]
2026-04-30 10:48:47 | INFO     | ayumi.openapi_spot_feed | Connected to demo.ctraderapi.com:5035
2026-04-30 10:48:48 | INFO     | ayumi.openapi_spot_feed | Connected to demo.ctraderapi.com:5035
2026-04-30 10:48:48 | INFO     | ayumi.openapi_spot_feed | Connected to demo.ctraderapi.com:5035
2026-04-30 10:48:51 | WARNING  | ayumi.openapi_spot_feed | Disconnected: [Failure instance: Traceback (failure with no frames): <class 'twisted.internet.error.ConnectionDone'>: Connection was closed cleanly.
]
2026-04-30 10:48:53 | INFO     | ayumi.openapi_spot_feed | Connected to demo.ctraderapi.com:5035
2026-04-30 10:48:56 | WARNING  | ayumi.openapi_spot_feed | Disconnected: [Failure instance: Traceback (failure with no frames): <class 'twisted.internet.error.ConnectionDone'>: Connection was closed cleanly.
]
2026-04-30 10:48:58 | WARNING  | ayumi.openapi_spot_feed | Disconnected: [Failure instance: Traceback (failure with no frames): <class 'twisted.internet.error.ConnectionDone'>: Connection was closed cleanly.
]
2026-04-30 10:48:58 | INFO     | ayumi.openapi_spot_feed | Connected to demo.ctraderapi.com:5035
2026-04-30 10:49:00 | INFO     | ayumi.openapi_spot_feed | Connected to demo.ctraderapi.com:5035
2026-04-30 10:49:02 | WARNING  | ayumi.openapi_spot_feed | Disconnected: [Failure instance: Traceback (failure with no frames): <class 'twisted.internet.error.ConnectionDone'>: Connection was closed cleanly.
]
2026-04-30 10:49:03 | INFO     | ayumi.openapi_spot_feed | Connected to demo.ctraderapi.com:5035
2026-04-30 10:49:04 | WARNING  | ayumi.openapi_spot_feed | Disconnected: [Failure instance: Traceback (failure with no frames): <class 'twisted.internet.error.ConnectionDone'>: Connection was closed cleanly.
]
2026-04-30 10:49:06 | INFO     | ayumi.openapi_spot_feed | Connected to demo.ctraderapi.com:5035
2026-04-30 10:49:10 | WARNING  | ayumi.openapi_spot_feed | Disconnected: [Failure instance: Traceback (failure with no frames): <class 'twisted.internet.error.ConnectionDone'>: Connection was closed cleanly.
]
2026-04-30 10:49:11 | INFO     | ayumi.openapi_spot_feed | Connected to demo.ctraderapi.com:5035
2026-04-30 10:49:17 | WARNING  | ayumi.openapi_spot_feed | Disconnected: [Failure instance: Traceback (failure with no frames): <class 'twisted.internet.error.ConnectionDone'>: Connection was closed cleanly.
]
2026-04-30 10:49:18 | WARNING  | ayumi.openapi_spot_feed | Disconnected: [Failure instance: Traceback (failure with no frames): <class 'twisted.internet.error.ConnectionDone'>: Connection was closed cleanly.
]
2026-04-30 10:49:19 | WARNING  | ayumi.openapi_spot_feed | Disconnected: [Failure instance: Traceback (failure with no frames): <class 'twisted.internet.error.ConnectionDone'>: Connection was closed cleanly.
]
2026-04-30 10:49:19 | INFO     | ayumi.openapi_spot_feed | Connected to demo.ctraderapi.com:5035
2026-04-30 10:49:20 | INFO     | ayumi.openapi_spot_feed | Connected to demo.ctraderapi.com:5035
2026-04-30 10:49:21 | INFO     | ayumi.openapi_spot_feed | Connected to demo.ctraderapi.com:5035
2026-04-30 10:49:23 | WARNING  | ayumi.openapi_spot_feed | Disconnected: [Failure instance: Traceback (failure with no frames): <class 'twisted.internet.error.ConnectionDone'>: Connection was closed cleanly.
]
2026-04-30 10:49:26 | INFO     | ayumi.openapi_spot_feed | Connected to demo.ctraderapi.com:5035
2026-04-30 10:49:29 | WARNING  | ayumi.openapi_spot_feed | Disconnected: [Failure instance: Traceback (failure with no frames): <class 'twisted.internet.error.ConnectionDone'>: Connection was closed cleanly.
]
2026-04-30 10:49:30 | INFO     | ayumi.openapi_spot_feed | Connected to demo.ctraderapi.com:5035
2026-04-30 10:49:31 | WARNING  | ayumi.openapi_spot_feed | Disconnected: [Failure instance: Traceback (failure with no frames): <class 'twisted.internet.error.ConnectionDone'>: Connection was closed cleanly.
]
2026-04-30 10:49:32 | INFO     | ayumi.openapi_spot_feed | Connected to demo.ctraderapi.com:5035
2026-04-30 10:49:33 | WARNING  | ayumi.openapi_spot_feed | Disconnected: [Failure instance: Traceback (failure with no frames): <class 'twisted.internet.error.ConnectionDone'>: Connection was closed cleanly.
]
2026-04-30 10:49:35 | INFO     | ayumi.openapi_spot_feed | Connected to demo.ctraderapi.com:5035
2026-04-30 10:49:37 | WARNING  | ayumi.openapi_spot_feed | Disconnected: [Failure instance: Traceback (failure with no frames): <class 'twisted.internet.error.ConnectionDone'>: Connection was closed cleanly.
]
2026-04-30 10:49:38 | INFO     | ayumi.openapi_spot_feed | Connected to demo.ctraderapi.com:5035
2026-04-30 10:49:41 | WARNING  | ayumi.openapi_spot_feed | Disconnected: [Failure instance: Traceback (failure with no frames): <class 'twisted.internet.error.ConnectionDone'>: Connection was closed cleanly.
]
2026-04-30 10:49:44 | INFO     | ayumi.openapi_spot_feed | Connected to demo.ctraderapi.com:5035
2026-04-30 10:49:49 | WARNING  | ayumi.openapi_spot_feed | Disconnected: [Failure instance: Traceback (failure with no frames): <class 'twisted.internet.error.ConnectionDone'>: Connection was closed cleanly.
]
2026-04-30 10:49:51 | WARNING  | ayumi.openapi_spot_feed | Disconnected: [Failure instance: Traceback (failure with no frames): <class 'twisted.internet.error.ConnectionDone'>: Connection was closed cleanly.
]
2026-04-30 10:49:51 | WARNING  | ayumi.openapi_spot_feed | Disconnected: [Failure instance: Traceback (failure with no frames): <class 'twisted.internet.error.ConnectionDone'>: Connection was closed cleanly.
]
2026-04-30 10:49:51 | INFO     | ayumi.openapi_spot_feed | Connected to demo.ctraderapi.com:5035
2026-04-30 10:49:53 | INFO     | ayumi.openapi_spot_feed | Connected to demo.ctraderapi.com:5035
2026-04-30 10:49:53 | INFO     | ayumi.openapi_spot_feed | Connected to demo.ctraderapi.com:5035
2026-04-30 10:49:56 | WARNING  | ayumi.openapi_spot_feed | Disconnected: [Failure instance: Traceback (failure with no frames): <class 'twisted.internet.error.ConnectionDone'>: Connection was closed cleanly.
]
2026-04-30 10:49:58 | INFO     | ayumi.openapi_spot_feed | Connected to demo.ctraderapi.com:5035
2026-04-30 10:50:01 | WARNING  | ayumi.openapi_spot_feed | Disconnected: [Failure instance: Traceback (failure with no frames): <class 'twisted.internet.error.ConnectionDone'>: Connection was closed cleanly.
]
2026-04-30 10:50:03 | WARNING  | ayumi.openapi_spot_feed | Disconnected: [Failure instance: Traceback (failure with no frames): <class 'twisted.internet.error.ConnectionDone'>: Connection was closed cleanly.
]
2026-04-30 10:50:03 | INFO     | ayumi.openapi_spot_feed | Connected to demo.ctraderapi.com:5035
2026-04-30 10:50:05 | INFO     | ayumi.openapi_spot_feed | Connected to demo.ctraderapi.com:5035
2026-04-30 10:50:05 | WARNING  | ayumi.openapi_spot_feed | Disconnected: [Failure instance: Traceback (failure with no frames): <class 'twisted.internet.error.ConnectionDone'>: Connection was closed cleanly.
]
2026-04-30 10:50:07 | INFO     | ayumi.openapi_spot_feed | Connected to demo.ctraderapi.com:5035
2026-04-30 10:50:08 | WARNING  | ayumi.openapi_spot_feed | Disconnected: [Failure instance: Traceback (failure with no frames): <class 'twisted.internet.error.ConnectionDone'>: Connection was closed cleanly.
]
2026-04-30 10:50:10 | INFO     | ayumi.openapi_spot_feed | Connected to demo.ctraderapi.com:5035
2026-04-30 10:50:14 | WARNING  | ayumi.openapi_spot_feed | Disconnected: [Failure instance: Traceback (failure with no frames): <class 'twisted.internet.error.ConnectionDone'>: Connection was closed cleanly.
]
2026-04-30 10:50:16 | INFO     | ayumi.openapi_spot_feed | Connected to demo.ctraderapi.com:5035
2026-04-30 10:50:21 | WARNING  | ayumi.openapi_spot_feed | Disconnected: [Failure instance: Traceback (failure with no frames): <class 'twisted.internet.error.ConnectionDone'>: Connection was closed cleanly.
]
2026-04-30 10:50:23 | WARNING  | ayumi.openapi_spot_feed | Disconnected: [Failure instance: Traceback (failure with no frames): <class 'twisted.internet.error.ConnectionDone'>: Connection was closed cleanly.
]
2026-04-30 10:50:23 | INFO     | ayumi.openapi_spot_feed | Connected to demo.ctraderapi.com:5035
2026-04-30 10:50:23 | WARNING  | ayumi.openapi_spot_feed | Disconnected: [Failure instance: Traceback (failure with no frames): <class 'twisted.internet.error.ConnectionDone'>: Connection was closed cleanly.
]
2026-04-30 10:50:25 | INFO     | ayumi.openapi_spot_feed | Connected to demo.ctraderapi.com:5035
2026-04-30 10:50:26 | INFO     | ayumi.openapi_spot_feed | Connected to demo.ctraderapi.com:5035
2026-04-30 10:50:28 | WARNING  | ayumi.openapi_spot_feed | Disconnected: [Failure instance: Traceback (failure with no frames): <class 'twisted.internet.error.ConnectionDone'>: Connection was closed cleanly.
]
2026-04-30 10:50:31 | INFO     | ayumi.openapi_spot_feed | Connected to demo.ctraderapi.com:5035
2026-04-30 10:50:33 | WARNING  | ayumi.openapi_spot_feed | Disconnected: [Failure instance: Traceback (failure with no frames): <class 'twisted.internet.error.ConnectionDone'>: Connection was closed cleanly.
]
2026-04-30 10:50:35 | WARNING  | ayumi.openapi_spot_feed | Disconnected: [Failure instance: Traceback (failure with no frames): <class 'twisted.internet.error.ConnectionDone'>: Connection was closed cleanly.
]
2026-04-30 10:50:36 | INFO     | ayumi.openapi_spot_feed | Connected to demo.ctraderapi.com:5035
2026-04-30 10:50:37 | INFO     | ayumi.openapi_spot_feed | Connected to demo.ctraderapi.com:5035
2026-04-30 10:50:38 | WARNING  | ayumi.openapi_spot_feed | Disconnected: [Failure instance: Traceback (failure with no frames): <class 'twisted.internet.error.ConnectionDone'>: Connection was closed cleanly.
]
2026-04-30 10:50:40 | INFO     | ayumi.openapi_spot_feed | Connected to demo.ctraderapi.com:5035
2026-04-30 10:50:41 | WARNING  | ayumi.openapi_spot_feed | Disconnected: [Failure instance: Traceback (failure with no frames): <class 'twisted.internet.error.ConnectionDone'>: Connection was closed cleanly.
]
2026-04-30 10:50:42 | INFO     | ayumi.openapi_spot_feed | Connected to demo.ctraderapi.com:5035
2026-04-30 10:50:46 | WARNING  | ayumi.openapi_spot_feed | Disconnected: [Failure instance: Traceback (failure with no frames): <class 'twisted.internet.error.ConnectionDone'>: Connection was closed cleanly.
]
2026-04-30 10:50:48 | INFO     | ayumi.openapi_spot_feed | Connected to demo.ctraderapi.com:5035
2026-04-30 10:50:54 | WARNING  | ayumi.openapi_spot_feed | Disconnected: [Failure instance: Traceback (failure with no frames): <class 'twisted.internet.error.ConnectionDone'>: Connection was closed cleanly.
]
2026-04-30 10:50:55 | WARNING  | ayumi.openapi_spot_feed | Disconnected: [Failure instance: Traceback (failure with no frames): <class 'twisted.internet.error.ConnectionDone'>: Connection was closed cleanly.
]
2026-04-30 10:50:56 | INFO     | ayumi.openapi_spot_feed | Connected to demo.ctraderapi.com:5035
2026-04-30 10:50:56 | WARNING  | ayumi.openapi_spot_feed | Disconnected: [Failure instance: Traceback (failure with no frames): <class 'twisted.internet.error.ConnectionDone'>: Connection was closed cleanly.
]
2026-04-30 10:50:57 | INFO     | ayumi.openapi_spot_feed | Connected to demo.ctraderapi.com:5035
2026-04-30 10:50:57 | INFO     | ayumi.openapi_spot_feed | Connected to demo.ctraderapi.com:5035
2026-04-30 10:51:01 | WARNING  | ayumi.openapi_spot_feed | Disconnected: [Failure instance: Traceback (failure with no frames): <class 'twisted.internet.error.ConnectionDone'>: Connection was closed cleanly.
]
2026-04-30 10:51:04 | INFO     | ayumi.openapi_spot_feed | Connected to demo.ctraderapi.com:5035
2026-04-30 10:51:06 | WARNING  | ayumi.openapi_spot_feed | Disconnected: [Failure instance: Traceback (failure with no frames): <class 'twisted.internet.error.ConnectionDone'>: Connection was closed cleanly.
]
2026-04-30 10:51:07 | WARNING  | ayumi.openapi_spot_feed | Disconnected: [Failure instance: Traceback (failure with no frames): <class 'twisted.internet.error.ConnectionDone'>: Connection was closed cleanly.
]
2026-04-30 10:51:08 | INFO     | ayumi.openapi_spot_feed | Connected to demo.ctraderapi.com:5035
2026-04-30 10:51:10 | INFO     | ayumi.openapi_spot_feed | Connected to demo.ctraderapi.com:5035
2026-04-30 10:51:10 | WARNING  | ayumi.openapi_spot_feed | Disconnected: [Failure instance: Traceback (failure with no frames): <class 'twisted.internet.error.ConnectionDone'>: Connection was closed cleanly.
]
2026-04-30 10:51:12 | INFO     | ayumi.openapi_spot_feed | Connected to demo.ctraderapi.com:5035
2026-04-30 10:51:13 | WARNING  | ayumi.openapi_spot_feed | Disconnected: [Failure instance: Traceback (failure with no frames): <class 'twisted.internet.error.ConnectionDone'>: Connection was closed cleanly.
]
2026-04-30 10:51:14 | INFO     | ayumi.openapi_spot_feed | Connected to demo.ctraderapi.com:5035
2026-04-30 10:51:19 | WARNING  | ayumi.openapi_spot_feed | Disconnected: [Failure instance: Traceback (failure with no frames): <class 'twisted.internet.error.ConnectionDone'>: Connection was closed cleanly.
]
2026-04-30 10:51:21 | INFO     | ayumi.openapi_spot_feed | Connected to demo.ctraderapi.com:5035
2026-04-30 10:51:26 | WARNING  | ayumi.openapi_spot_feed | Disconnected: [Failure instance: Traceback (failure with no frames): <class 'twisted.internet.error.ConnectionDone'>: Connection was closed cleanly.
]
2026-04-30 10:51:27 | WARNING  | ayumi.openapi_spot_feed | Disconnected: [Failure instance: Traceback (failure with no frames): <class 'twisted.internet.error.ConnectionDone'>: Connection was closed cleanly.
]
2026-04-30 10:51:27 | WARNING  | ayumi.openapi_spot_feed | Disconnected: [Failure instance: Traceback (failure with no frames): <class 'twisted.internet.error.ConnectionDone'>: Connection was closed cleanly.
]
2026-04-30 10:51:28 | INFO     | ayumi.openapi_spot_feed | Connected to demo.ctraderapi.com:5035
2026-04-30 10:51:29 | INFO     | ayumi.openapi_spot_feed | Connected to demo.ctraderapi.com:5035
2026-04-30 10:51:30 | INFO     | ayumi.openapi_spot_feed | Connected to demo.ctraderapi.com:5035
2026-04-30 10:51:34 | WARNING  | ayumi.openapi_spot_feed | Disconnected: [Failure instance: Traceback (failure with no frames): <class 'twisted.internet.error.ConnectionDone'>: Connection was closed cleanly.
]
2026-04-30 10:51:36 | INFO     | ayumi.openapi_spot_feed | Connected to demo.ctraderapi.com:5035
2026-04-30 10:51:38 | WARNING  | ayumi.openapi_spot_feed | Disconnected: [Failure instance: Traceback (failure with no frames): <class 'twisted.internet.error.ConnectionDone'>: Connection was closed cleanly.
]
2026-04-30 10:51:39 | INFO     | ayumi.openapi_spot_feed | Connected to demo.ctraderapi.com:5035
2026-04-30 10:51:40 | WARNING  | ayumi.openapi_spot_feed | Disconnected: [Failure instance: Traceback (failure with no frames): <class 'twisted.internet.error.ConnectionDone'>: Connection was closed cleanly.
]
2026-04-30 10:51:42 | WARNING  | ayumi.openapi_spot_feed | Disconnected: [Failure instance: Traceback (failure with no frames): <class 'twisted.internet.error.ConnectionDone'>: Connection was closed cleanly.
]
2026-04-30 10:51:42 | INFO     | ayumi.openapi_spot_feed | Connected to demo.ctraderapi.com:5035
2026-04-30 10:51:44 | INFO     | ayumi.openapi_spot_feed | Connected to demo.ctraderapi.com:5035
2026-04-30 10:51:44 | WARNING  | ayumi.openapi_spot_feed | Disconnected: [Failure instance: Traceback (failure with no frames): <class 'twisted.internet.error.ConnectionDone'>: Connection was closed cleanly.
]
2026-04-30 10:51:46 | INFO     | ayumi.openapi_spot_feed | Connected to demo.ctraderapi.com:5035
2026-04-30 10:51:51 | WARNING  | ayumi.openapi_spot_feed | Disconnected: [Failure instance: Traceback (failure with no frames): <class 'twisted.internet.error.ConnectionDone'>: Connection was closed cleanly.
]
2026-04-30 10:51:53 | INFO     | ayumi.openapi_spot_feed | Connected to demo.ctraderapi.com:5035
2026-04-30 10:51:58 | WARNING  | ayumi.openapi_spot_feed | Disconnected: [Failure instance: Traceback (failure with no frames): <class 'twisted.internet.error.ConnectionDone'>: Connection was closed cleanly.
]
2026-04-30 10:51:59 | WARNING  | ayumi.openapi_spot_feed | Disconnected: [Failure instance: Traceback (failure with no frames): <class 'twisted.internet.error.ConnectionDone'>: Connection was closed cleanly.
]
2026-04-30 10:52:00 | WARNING  | ayumi.openapi_spot_feed | Disconnected: [Failure instance: Traceback (failure with no frames): <class 'twisted.internet.error.ConnectionDone'>: Connection was closed cleanly.
]
2026-04-30 10:52:00 | INFO     | ayumi.openapi_spot_feed | Connected to demo.ctraderapi.com:5035
2026-04-30 10:52:02 | INFO     | ayumi.openapi_spot_feed | Connected to demo.ctraderapi.com:5035
2026-04-30 10:52:02 | INFO     | ayumi.openapi_spot_feed | Connected to demo.ctraderapi.com:5035
2026-04-30 10:52:06 | WARNING  | ayumi.openapi_spot_feed | Disconnected: [Failure instance: Traceback (failure with no frames): <class 'twisted.internet.error.ConnectionDone'>: Connection was closed cleanly.
]
2026-04-30 10:52:08 | INFO     | ayumi.openapi_spot_feed | Connected to demo.ctraderapi.com:5035
2026-04-30 10:52:10 | WARNING  | ayumi.openapi_spot_feed | Disconnected: [Failure instance: Traceback (failure with no frames): <class 'twisted.internet.error.ConnectionDone'>: Connection was closed cleanly.
]
2026-04-30 10:52:12 | INFO     | ayumi.openapi_spot_feed | Connected to demo.ctraderapi.com:5035
2026-04-30 10:52:12 | WARNING  | ayumi.openapi_spot_feed | Disconnected: [Failure instance: Traceback (failure with no frames): <class 'twisted.internet.error.ConnectionDone'>: Connection was closed cleanly.
]
2026-04-30 10:52:14 | INFO     | ayumi.openapi_spot_feed | Connected to demo.ctraderapi.com:5035
2026-04-30 10:52:15 | WARNING  | ayumi.openapi_spot_feed | Disconnected: [Failure instance: Traceback (failure with no frames): <class 'twisted.internet.error.ConnectionDone'>: Connection was closed cleanly.
]
2026-04-30 10:52:17 | WARNING  | ayumi.openapi_spot_feed | Disconnected: [Failure instance: Traceback (failure with no frames): <class 'twisted.internet.error.ConnectionDone'>: Connection was closed cleanly.
]
2026-04-30 10:52:17 | INFO     | ayumi.openapi_spot_feed | Connected to demo.ctraderapi.com:5035
2026-04-30 10:52:19 | INFO     | ayumi.openapi_spot_feed | Connected to demo.ctraderapi.com:5035
2026-04-30 10:52:23 | WARNING  | ayumi.openapi_spot_feed | Disconnected: [Failure instance: Traceback (failure with no frames): <class 'twisted.internet.error.ConnectionDone'>: Connection was closed cleanly.
]
2026-04-30 10:52:26 | INFO     | ayumi.openapi_spot_feed | Connected to demo.ctraderapi.com:5035
2026-04-30 10:52:30 | WARNING  | ayumi.openapi_spot_feed | Disconnected: [Failure instance: Traceback (failure with no frames): <class 'twisted.internet.error.ConnectionDone'>: Connection was closed cleanly.
]
2026-04-30 10:52:32 | WARNING  | ayumi.openapi_spot_feed | Disconnected: [Failure instance: Traceback (failure with no frames): <class 'twisted.internet.error.ConnectionDone'>: Connection was closed cleanly.
]
2026-04-30 10:52:32 | INFO     | ayumi.openapi_spot_feed | Connected to demo.ctraderapi.com:5035
2026-04-30 10:52:32 | WARNING  | ayumi.openapi_spot_feed | Disconnected: [Failure instance: Traceback (failure with no frames): <class 'twisted.internet.error.ConnectionDone'>: Connection was closed cleanly.
]
2026-04-30 10:52:34 | INFO     | ayumi.openapi_spot_feed | Connected to demo.ctraderapi.com:5035
2026-04-30 10:52:35 | INFO     | ayumi.openapi_spot_feed | Connected to demo.ctraderapi.com:5035
2026-04-30 10:52:38 | WARNING  | ayumi.openapi_spot_feed | Disconnected: [Failure instance: Traceback (failure with no frames): <class 'twisted.internet.error.ConnectionDone'>: Connection was closed cleanly.
]
2026-04-30 10:52:41 | INFO     | ayumi.openapi_spot_feed | Connected to demo.ctraderapi.com:5035
2026-04-30 10:52:42 | WARNING  | ayumi.openapi_spot_feed | Disconnected: [Failure instance: Traceback (failure with no frames): <class 'twisted.internet.error.ConnectionDone'>: Connection was closed cleanly.
]
2026-04-30 10:52:44 | INFO     | ayumi.openapi_spot_feed | Connected to demo.ctraderapi.com:5035
2026-04-30 10:52:44 | WARNING  | ayumi.openapi_spot_feed | Disconnected: [Failure instance: Traceback (failure with no frames): <class 'twisted.internet.error.ConnectionDone'>: Connection was closed cleanly.
]
2026-04-30 10:52:46 | INFO     | ayumi.openapi_spot_feed | Connected to demo.ctraderapi.com:5035
2026-04-30 10:52:47 | WARNING  | ayumi.openapi_spot_feed | Disconnected: [Failure instance: Traceback (failure with no frames): <class 'twisted.internet.error.ConnectionDone'>: Connection was closed cleanly.
]
2026-04-30 10:52:49 | INFO     | ayumi.openapi_spot_feed | Connected to demo.ctraderapi.com:5035
2026-04-30 10:52:49 | WARNING  | ayumi.openapi_spot_feed | Disconnected: [Failure instance: Traceback (failure with no frames): <class 'twisted.internet.error.ConnectionDone'>: Connection was closed cleanly.
]
2026-04-30 10:52:51 | INFO     | ayumi.openapi_spot_feed | Connected to demo.ctraderapi.com:5035
2026-04-30 10:52:56 | WARNING  | ayumi.openapi_spot_feed | Disconnected: [Failure instance: Traceback (failure with no frames): <class 'twisted.internet.error.ConnectionDone'>: Connection was closed cleanly.
]
2026-04-30 10:52:58 | INFO     | ayumi.openapi_spot_feed | Connected to demo.ctraderapi.com:5035
2026-04-30 10:53:02 | WARNING  | ayumi.openapi_spot_feed | Disconnected: [Failure instance: Traceback (failure with no frames): <class 'twisted.internet.error.ConnectionDone'>: Connection was closed cleanly.
]
2026-04-30 10:53:04 | WARNING  | ayumi.openapi_spot_feed | Disconnected: [Failure instance: Traceback (failure with no frames): <class 'twisted.internet.error.ConnectionDone'>: Connection was closed cleanly.
]
2026-04-30 10:53:04 | INFO     | ayumi.openapi_spot_feed | Connected to demo.ctraderapi.com:5035
2026-04-30 10:53:05 | WARNING  | ayumi.openapi_spot_feed | Disconnected: [Failure instance: Traceback (failure with no frames): <class 'twisted.internet.error.ConnectionDone'>: Connection was closed cleanly.
]
2026-04-30 10:53:06 | INFO     | ayumi.openapi_spot_feed | Connected to demo.ctraderapi.com:5035
2026-04-30 10:53:07 | INFO     | ayumi.openapi_spot_feed | Connected to demo.ctraderapi.com:5035
2026-04-30 10:53:11 | WARNING  | ayumi.openapi_spot_feed | Disconnected: [Failure instance: Traceback (failure with no frames): <class 'twisted.internet.error.ConnectionDone'>: Connection was closed cleanly.
]
2026-04-30 10:53:13 | INFO     | ayumi.openapi_spot_feed | Connected to demo.ctraderapi.com:5035
2026-04-30 10:53:14 | WARNING  | ayumi.openapi_spot_feed | Disconnected: [Failure instance: Traceback (failure with no frames): <class 'twisted.internet.error.ConnectionDone'>: Connection was closed cleanly.
]
2026-04-30 10:53:16 | WARNING  | ayumi.openapi_spot_feed | Disconnected: [Failure instance: Traceback (failure with no frames): <class 'twisted.internet.error.ConnectionDone'>: Connection was closed cleanly.
]
2026-04-30 10:53:16 | INFO     | ayumi.openapi_spot_feed | Connected to demo.ctraderapi.com:5035
2026-04-30 10:53:18 | INFO     | ayumi.openapi_spot_feed | Connected to demo.ctraderapi.com:5035
2026-04-30 10:53:19 | WARNING  | ayumi.openapi_spot_feed | Disconnected: [Failure instance: Traceback (failure with no frames): <class 'twisted.internet.error.ConnectionDone'>: Connection was closed cleanly.
]
2026-04-30 10:53:21 | WARNING  | ayumi.openapi_spot_feed | Disconnected: [Failure instance: Traceback (failure with no frames): <class 'twisted.internet.error.ConnectionDone'>: Connection was closed cleanly.
]
2026-04-30 10:53:21 | INFO     | ayumi.openapi_spot_feed | Connected to demo.ctraderapi.com:5035
2026-04-30 10:53:23 | INFO     | ayumi.openapi_spot_feed | Connected to demo.ctraderapi.com:5035
2026-04-30 10:53:28 | WARNING  | ayumi.openapi_spot_feed | Disconnected: [Failure instance: Traceback (failure with no frames): <class 'twisted.internet.error.ConnectionDone'>: Connection was closed cleanly.
]
2026-04-30 10:53:30 | INFO     | ayumi.openapi_spot_feed | Connected to demo.ctraderapi.com:5035
2026-04-30 10:53:34 | WARNING  | ayumi.openapi_spot_feed | Disconnected: [Failure instance: Traceback (failure with no frames): <class 'twisted.internet.error.ConnectionDone'>: Connection was closed cleanly.
]
2026-04-30 10:53:36 | WARNING  | ayumi.openapi_spot_feed | Disconnected: [Failure instance: Traceback (failure with no frames): <class 'twisted.internet.error.ConnectionDone'>: Connection was closed cleanly.
]
2026-04-30 10:53:37 | INFO     | ayumi.openapi_spot_feed | Connected to demo.ctraderapi.com:5035
2026-04-30 10:53:37 | WARNING  | ayumi.openapi_spot_feed | Disconnected: [Failure instance: Traceback (failure with no frames): <class 'twisted.internet.error.ConnectionDone'>: Connection was closed cleanly.
]
2026-04-30 10:53:38 | INFO     | ayumi.openapi_spot_feed | Connected to demo.ctraderapi.com:5035
2026-04-30 10:53:39 | INFO     | ayumi.openapi_spot_feed | Connected to demo.ctraderapi.com:5035
2026-04-30 10:53:43 | WARNING  | ayumi.openapi_spot_feed | Disconnected: [Failure instance: Traceback (failure with no frames): <class 'twisted.internet.error.ConnectionDone'>: Connection was closed cleanly.
]
2026-04-30 10:53:46 | INFO     | ayumi.openapi_spot_feed | Connected to demo.ctraderapi.com:5035
2026-04-30 10:53:46 | WARNING  | ayumi.openapi_spot_feed | Disconnected: [Failure instance: Traceback (failure with no frames): <class 'twisted.internet.error.ConnectionDone'>: Connection was closed cleanly.
]
2026-04-30 10:53:48 | WARNING  | ayumi.openapi_spot_feed | Disconnected: [Failure instance: Traceback (failure with no frames): <class 'twisted.internet.error.ConnectionDone'>: Connection was closed cleanly.
]
2026-04-30 10:53:49 | INFO     | ayumi.openapi_spot_feed | Connected to demo.ctraderapi.com:5035
2026-04-30 10:53:50 | INFO     | ayumi.openapi_spot_feed | Connected to demo.ctraderapi.com:5035
2026-04-30 10:53:51 | WARNING  | ayumi.openapi_spot_feed | Disconnected: [Failure instance: Traceback (failure with no frames): <class 'twisted.internet.error.ConnectionDone'>: Connection was closed cleanly.
]
2026-04-30 10:53:53 | WARNING  | ayumi.openapi_spot_feed | Disconnected: [Failure instance: Traceback (failure with no frames): <class 'twisted.internet.error.ConnectionDone'>: Connection was closed cleanly.
]
2026-04-30 10:53:53 | INFO     | ayumi.openapi_spot_feed | Connected to demo.ctraderapi.com:5035
2026-04-30 10:53:54 | INFO     | ayumi.openapi_spot_feed | Connected to demo.ctraderapi.com:5035
2026-04-30 10:54:00 | WARNING  | ayumi.openapi_spot_feed | Disconnected: [Failure instance: Traceback (failure with no frames): <class 'twisted.internet.error.ConnectionDone'>: Connection was closed cleanly.
]
2026-04-30 10:54:02 | INFO     | ayumi.openapi_spot_feed | Connected to demo.ctraderapi.com:5035
2026-04-30 10:54:07 | WARNING  | ayumi.openapi_spot_feed | Disconnected: [Failure instance: Traceback (failure with no frames): <class 'twisted.internet.error.ConnectionDone'>: Connection was closed cleanly.
]
2026-04-30 10:54:08 | WARNING  | ayumi.openapi_spot_feed | Disconnected: [Failure instance: Traceback (failure with no frames): <class 'twisted.internet.error.ConnectionDone'>: Connection was closed cleanly.
]
2026-04-30 10:54:09 | INFO     | ayumi.openapi_spot_feed | Connected to demo.ctraderapi.com:5035
2026-04-30 10:54:10 | WARNING  | ayumi.openapi_spot_feed | Disconnected: [Failure instance: Traceback (failure with no frames): <class 'twisted.internet.error.ConnectionDone'>: Connection was closed cleanly.
]
2026-04-30 10:54:10 | INFO     | ayumi.openapi_spot_feed | Connected to demo.ctraderapi.com:5035
2026-04-30 10:54:12 | INFO     | ayumi.openapi_spot_feed | Connected to demo.ctraderapi.com:5035
2026-04-30 10:54:16 | WARNING  | ayumi.openapi_spot_feed | Disconnected: [Failure instance: Traceback (failure with no frames): <class 'twisted.internet.error.ConnectionDone'>: Connection was closed cleanly.
]
2026-04-30 10:54:18 | INFO     | ayumi.openapi_spot_feed | Connected to demo.ctraderapi.com:5035
2026-04-30 10:54:19 | WARNING  | ayumi.openapi_spot_feed | Disconnected: [Failure instance: Traceback (failure with no frames): <class 'twisted.internet.error.ConnectionDone'>: Connection was closed cleanly.
]
2026-04-30 10:54:20 | WARNING  | ayumi.openapi_spot_feed | Disconnected: [Failure instance: Traceback (failure with no frames): <class 'twisted.internet.error.ConnectionDone'>: Connection was closed cleanly.
]
2026-04-30 10:54:21 | INFO     | ayumi.openapi_spot_feed | Connected to demo.ctraderapi.com:5035
2026-04-30 10:54:22 | INFO     | ayumi.openapi_spot_feed | Connected to demo.ctraderapi.com:5035
2026-04-30 10:54:23 | WARNING  | ayumi.openapi_spot_feed | Disconnected: [Failure instance: Traceback (failure with no frames): <class 'twisted.internet.error.ConnectionDone'>: Connection was closed cleanly.
]
2026-04-30 10:54:24 | WARNING  | ayumi.openapi_spot_feed | Disconnected: [Failure instance: Traceback (failure with no frames): <class 'twisted.internet.error.ConnectionDone'>: Connection was closed cleanly.
]
2026-04-30 10:54:26 | INFO     | ayumi.openapi_spot_feed | Connected to demo.ctraderapi.com:5035
2026-04-30 10:54:26 | INFO     | ayumi.openapi_spot_feed | Connected to demo.ctraderapi.com:5035
2026-04-30 10:54:32 | WARNING  | ayumi.openapi_spot_feed | Disconnected: [Failure instance: Traceback (failure with no frames): <class 'twisted.internet.error.ConnectionDone'>: Connection was closed cleanly.
]
2026-04-30 10:54:35 | INFO     | ayumi.openapi_spot_feed | Connected to demo.ctraderapi.com:5035
2026-04-30 10:54:39 | WARNING  | ayumi.openapi_spot_feed | Disconnected: [Failure instance: Traceback (failure with no frames): <class 'twisted.internet.error.ConnectionDone'>: Connection was closed cleanly.
]
2026-04-30 10:54:40 | WARNING  | ayumi.openapi_spot_feed | Disconnected: [Failure instance: Traceback (failure with no frames): <class 'twisted.internet.error.ConnectionDone'>: Connection was closed cleanly.
]
2026-04-30 10:54:42 | INFO     | ayumi.openapi_spot_feed | Connected to demo.ctraderapi.com:5035
2026-04-30 10:54:42 | WARNING  | ayumi.openapi_spot_feed | Disconnected: [Failure instance: Traceback (failure with no frames): <class 'twisted.internet.error.ConnectionDone'>: Connection was closed cleanly.
]
2026-04-30 10:54:43 | INFO     | ayumi.openapi_spot_feed | Connected to demo.ctraderapi.com:5035
2026-04-30 10:54:44 | INFO     | ayumi.openapi_spot_feed | Connected to demo.ctraderapi.com:5035
2026-04-30 10:54:48 | WARNING  | ayumi.openapi_spot_feed | Disconnected: [Failure instance: Traceback (failure with no frames): <class 'twisted.internet.error.ConnectionDone'>: Connection was closed cleanly.
]
2026-04-30 10:54:51 | INFO     | ayumi.openapi_spot_feed | Connected to demo.ctraderapi.com:5035
2026-04-30 10:54:51 | WARNING  | ayumi.openapi_spot_feed | Disconnected: [Failure instance: Traceback (failure with no frames): <class 'twisted.internet.error.ConnectionDone'>: Connection was closed cleanly.
]
2026-04-30 10:54:52 | WARNING  | ayumi.openapi_spot_feed | Disconnected: [Failure instance: Traceback (failure with no frames): <class 'twisted.internet.error.ConnectionDone'>: Connection was closed cleanly.
]
2026-04-30 10:54:53 | INFO     | ayumi.openapi_spot_feed | Connected to demo.ctraderapi.com:5035
2026-04-30 10:54:54 | INFO     | ayumi.openapi_spot_feed | Connected to demo.ctraderapi.com:5035
2026-04-30 10:54:56 | WARNING  | ayumi.openapi_spot_feed | Disconnected: [Failure instance: Traceback (failure with no frames): <class 'twisted.internet.error.ConnectionDone'>: Connection was closed cleanly.
]
2026-04-30 10:54:56 | WARNING  | ayumi.openapi_spot_feed | Disconnected: [Failure instance: Traceback (failure with no frames): <class 'twisted.internet.error.ConnectionDone'>: Connection was closed cleanly.
]
2026-04-30 10:54:58 | INFO     | ayumi.openapi_spot_feed | Connected to demo.ctraderapi.com:5035
2026-04-30 10:54:58 | INFO     | ayumi.openapi_spot_feed | Connected to demo.ctraderapi.com:5035
2026-04-30 10:55:05 | WARNING  | ayumi.openapi_spot_feed | Disconnected: [Failure instance: Traceback (failure with no frames): <class 'twisted.internet.error.ConnectionDone'>: Connection was closed cleanly.
]
2026-04-30 10:55:07 | INFO     | ayumi.openapi_spot_feed | Connected to demo.ctraderapi.com:5035
2026-04-30 10:55:12 | WARNING  | ayumi.openapi_spot_feed | Disconnected: [Failure instance: Traceback (failure with no frames): <class 'twisted.internet.error.ConnectionDone'>: Connection was closed cleanly.
]
2026-04-30 10:55:13 | WARNING  | ayumi.openapi_spot_feed | Disconnected: [Failure instance: Traceback (failure with no frames): <class 'twisted.internet.error.ConnectionDone'>: Connection was closed cleanly.
]
2026-04-30 10:55:14 | WARNING  | ayumi.openapi_spot_feed | Disconnected: [Failure instance: Traceback (failure with no frames): <class 'twisted.internet.error.ConnectionDone'>: Connection was closed cleanly.
]
2026-04-30 10:55:14 | INFO     | ayumi.openapi_spot_feed | Connected to demo.ctraderapi.com:5035
2026-04-30 10:55:15 | INFO     | ayumi.openapi_spot_feed | Connected to demo.ctraderapi.com:5035
2026-04-30 10:55:16 | INFO     | ayumi.openapi_spot_feed | Connected to demo.ctraderapi.com:5035
2026-04-30 10:55:21 | WARNING  | ayumi.openapi_spot_feed | Disconnected: [Failure instance: Traceback (failure with no frames): <class 'twisted.internet.error.ConnectionDone'>: Connection was closed cleanly.
]
2026-04-30 10:55:23 | INFO     | ayumi.openapi_spot_feed | Connected to demo.ctraderapi.com:5035
2026-04-30 10:55:23 | WARNING  | ayumi.openapi_spot_feed | Disconnected: [Failure instance: Traceback (failure with no frames): <class 'twisted.internet.error.ConnectionDone'>: Connection was closed cleanly.
]
2026-04-30 10:55:24 | WARNING  | ayumi.openapi_spot_feed | Disconnected: [Failure instance: Traceback (failure with no frames): <class 'twisted.internet.error.ConnectionDone'>: Connection was closed cleanly.
]
2026-04-30 10:55:25 | INFO     | ayumi.openapi_spot_feed | Connected to demo.ctraderapi.com:5035
2026-04-30 10:55:26 | INFO     | ayumi.openapi_spot_feed | Connected to demo.ctraderapi.com:5035
2026-04-30 10:55:28 | WARNING  | ayumi.openapi_spot_feed | Disconnected: [Failure instance: Traceback (failure with no frames): <class 'twisted.internet.error.ConnectionDone'>: Connection was closed cleanly.
]
2026-04-30 10:55:28 | WARNING  | ayumi.openapi_spot_feed | Disconnected: [Failure instance: Traceback (failure with no frames): <class 'twisted.internet.error.ConnectionDone'>: Connection was closed cleanly.
]
2026-04-30 10:55:30 | INFO     | ayumi.openapi_spot_feed | Connected to demo.ctraderapi.com:5035
2026-04-30 10:55:30 | INFO     | ayumi.openapi_spot_feed | Connected to demo.ctraderapi.com:5035
2026-04-30 10:55:37 | WARNING  | ayumi.openapi_spot_feed | Disconnected: [Failure instance: Traceback (failure with no frames): <class 'twisted.internet.error.ConnectionDone'>: Connection was closed cleanly.
]
2026-04-30 10:55:40 | INFO     | ayumi.openapi_spot_feed | Connected to demo.ctraderapi.com:5035
2026-04-30 10:55:44 | WARNING  | ayumi.openapi_spot_feed | Disconnected: [Failure instance: Traceback (failure with no frames): <class 'twisted.internet.error.ConnectionDone'>: Connection was closed cleanly.
]
2026-04-30 10:55:45 | WARNING  | ayumi.openapi_spot_feed | Disconnected: [Failure instance: Traceback (failure with no frames): <class 'twisted.internet.error.ConnectionDone'>: Connection was closed cleanly.
]
2026-04-30 10:55:46 | WARNING  | ayumi.openapi_spot_feed | Disconnected: [Failure instance: Traceback (failure with no frames): <class 'twisted.internet.error.ConnectionDone'>: Connection was closed cleanly.
]
2026-04-30 10:55:46 | INFO     | ayumi.openapi_spot_feed | Connected to demo.ctraderapi.com:5035
2026-04-30 10:55:47 | INFO     | ayumi.openapi_spot_feed | Connected to demo.ctraderapi.com:5035
2026-04-30 10:55:48 | INFO     | ayumi.openapi_spot_feed | Connected to demo.ctraderapi.com:5035
2026-04-30 10:55:53 | WARNING  | ayumi.openapi_spot_feed | Disconnected: [Failure instance: Traceback (failure with no frames): <class 'twisted.internet.error.ConnectionDone'>: Connection was closed cleanly.
]
2026-04-30 10:55:55 | WARNING  | ayumi.openapi_spot_feed | Disconnected: [Failure instance: Traceback (failure with no frames): <class 'twisted.internet.error.ConnectionDone'>: Connection was closed cleanly.
]
2026-04-30 10:55:55 | INFO     | ayumi.openapi_spot_feed | Connected to demo.ctraderapi.com:5035
2026-04-30 10:55:56 | WARNING  | ayumi.openapi_spot_feed | Disconnected: [Failure instance: Traceback (failure with no frames): <class 'twisted.internet.error.ConnectionDone'>: Connection was closed cleanly.
]
2026-04-30 10:55:57 | INFO     | ayumi.openapi_spot_feed | Connected to demo.ctraderapi.com:5035
2026-04-30 10:55:59 | INFO     | ayumi.openapi_spot_feed | Connected to demo.ctraderapi.com:5035
2026-04-30 10:56:00 | WARNING  | ayumi.openapi_spot_feed | Disconnected: [Failure instance: Traceback (failure with no frames): <class 'twisted.internet.error.ConnectionDone'>: Connection was closed cleanly.
]
2026-04-30 10:56:01 | WARNING  | ayumi.openapi_spot_feed | Disconnected: [Failure instance: Traceback (failure with no frames): <class 'twisted.internet.error.ConnectionDone'>: Connection was closed cleanly.
]
2026-04-30 10:56:03 | INFO     | ayumi.openapi_spot_feed | Connected to demo.ctraderapi.com:5035
2026-04-30 10:56:03 | INFO     | ayumi.openapi_spot_feed | Connected to demo.ctraderapi.com:5035
2026-04-30 10:56:10 | WARNING  | ayumi.openapi_spot_feed | Disconnected: [Failure instance: Traceback (failure with no frames): <class 'twisted.internet.error.ConnectionDone'>: Connection was closed cleanly.
]
2026-04-30 10:56:12 | INFO     | ayumi.openapi_spot_feed | Connected to demo.ctraderapi.com:5035
2026-04-30 10:56:16 | WARNING  | ayumi.openapi_spot_feed | Disconnected: [Failure instance: Traceback (failure with no frames): <class 'twisted.internet.error.ConnectionDone'>: Connection was closed cleanly.
]
2026-04-30 10:56:17 | WARNING  | ayumi.openapi_spot_feed | Disconnected: [Failure instance: Traceback (failure with no frames): <class 'twisted.internet.error.ConnectionDone'>: Connection was closed cleanly.
]
2026-04-30 10:56:19 | WARNING  | ayumi.openapi_spot_feed | Disconnected: [Failure instance: Traceback (failure with no frames): <class 'twisted.internet.error.ConnectionDone'>: Connection was closed cleanly.
]
2026-04-30 10:56:19 | INFO     | ayumi.openapi_spot_feed | Connected to demo.ctraderapi.com:5035
2026-04-30 10:56:19 | INFO     | ayumi.openapi_spot_feed | Connected to demo.ctraderapi.com:5035
2026-04-30 10:56:21 | INFO     | ayumi.openapi_spot_feed | Connected to demo.ctraderapi.com:5035
2026-04-30 10:56:26 | WARNING  | ayumi.openapi_spot_feed | Disconnected: [Failure instance: Traceback (failure with no frames): <class 'twisted.internet.error.ConnectionDone'>: Connection was closed cleanly.
]
2026-04-30 10:56:27 | WARNING  | ayumi.openapi_spot_feed | Disconnected: [Failure instance: Traceback (failure with no frames): <class 'twisted.internet.error.ConnectionDone'>: Connection was closed cleanly.
]
2026-04-30 10:56:28 | INFO     | ayumi.openapi_spot_feed | Connected to demo.ctraderapi.com:5035
2026-04-30 10:56:29 | INFO     | ayumi.openapi_spot_feed | Connected to demo.ctraderapi.com:5035
2026-04-30 10:56:29 | WARNING  | ayumi.openapi_spot_feed | Disconnected: [Failure instance: Traceback (failure with no frames): <class 'twisted.internet.error.ConnectionDone'>: Connection was closed cleanly.
]
2026-04-30 10:56:31 | INFO     | ayumi.openapi_spot_feed | Connected to demo.ctraderapi.com:5035
2026-04-30 10:56:33 | WARNING  | ayumi.openapi_spot_feed | Disconnected: [Failure instance: Traceback (failure with no frames): <class 'twisted.internet.error.ConnectionDone'>: Connection was closed cleanly.
]
2026-04-30 10:56:33 | WARNING  | ayumi.openapi_spot_feed | Disconnected: [Failure instance: Traceback (failure with no frames): <class 'twisted.internet.error.ConnectionDone'>: Connection was closed cleanly.
]
2026-04-30 10:56:35 | INFO     | ayumi.openapi_spot_feed | Connected to demo.ctraderapi.com:5035
2026-04-30 10:56:35 | INFO     | ayumi.openapi_spot_feed | Connected to demo.ctraderapi.com:5035
2026-04-30 10:56:42 | WARNING  | ayumi.openapi_spot_feed | Disconnected: [Failure instance: Traceback (failure with no frames): <class 'twisted.internet.error.ConnectionDone'>: Connection was closed cleanly.
]
2026-04-30 10:56:44 | INFO     | ayumi.openapi_spot_feed | Connected to demo.ctraderapi.com:5035
2026-04-30 10:56:49 | WARNING  | ayumi.openapi_spot_feed | Disconnected: [Failure instance: Traceback (failure with no frames): <class 'twisted.internet.error.ConnectionDone'>: Connection was closed cleanly.
]
2026-04-30 10:56:49 | WARNING  | ayumi.openapi_spot_feed | Disconnected: [Failure instance: Traceback (failure with no frames): <class 'twisted.internet.error.ConnectionDone'>: Connection was closed cleanly.
]
2026-04-30 10:56:51 | WARNING  | ayumi.openapi_spot_feed | Disconnected: [Failure instance: Traceback (failure with no frames): <class 'twisted.internet.error.ConnectionDone'>: Connection was closed cleanly.
]
2026-04-30 10:56:51 | INFO     | ayumi.openapi_spot_feed | Connected to demo.ctraderapi.com:5035
2026-04-30 10:56:52 | INFO     | ayumi.openapi_spot_feed | Connected to demo.ctraderapi.com:5035
2026-04-30 10:56:52 | INFO     | ayumi.openapi_spot_feed | Connected to demo.ctraderapi.com:5035
2026-04-30 10:56:58 | WARNING  | ayumi.openapi_spot_feed | Disconnected: [Failure instance: Traceback (failure with no frames): <class 'twisted.internet.error.ConnectionDone'>: Connection was closed cleanly.
]
2026-04-30 10:56:59 | WARNING  | ayumi.openapi_spot_feed | Disconnected: [Failure instance: Traceback (failure with no frames): <class 'twisted.internet.error.ConnectionDone'>: Connection was closed cleanly.
]
2026-04-30 10:57:00 | INFO     | ayumi.openapi_spot_feed | Connected to demo.ctraderapi.com:5035
2026-04-30 10:57:01 | INFO     | ayumi.openapi_spot_feed | Connected to demo.ctraderapi.com:5035
2026-04-30 10:57:01 | WARNING  | ayumi.openapi_spot_feed | Disconnected: [Failure instance: Traceback (failure with no frames): <class 'twisted.internet.error.ConnectionDone'>: Connection was closed cleanly.
]
2026-04-30 10:57:03 | INFO     | ayumi.openapi_spot_feed | Connected to demo.ctraderapi.com:5035
2026-04-30 10:57:05 | WARNING  | ayumi.openapi_spot_feed | Disconnected: [Failure instance: Traceback (failure with no frames): <class 'twisted.internet.error.ConnectionDone'>: Connection was closed cleanly.
]
2026-04-30 10:57:05 | WARNING  | ayumi.openapi_spot_feed | Disconnected: [Failure instance: Traceback (failure with no frames): <class 'twisted.internet.error.ConnectionDone'>: Connection was closed cleanly.
]
2026-04-30 10:57:07 | INFO     | ayumi.openapi_spot_feed | Connected to demo.ctraderapi.com:5035
2026-04-30 10:57:07 | INFO     | ayumi.openapi_spot_feed | Connected to demo.ctraderapi.com:5035
2026-04-30 10:57:15 | WARNING  | ayumi.openapi_spot_feed | Disconnected: [Failure instance: Traceback (failure with no frames): <class 'twisted.internet.error.ConnectionDone'>: Connection was closed cleanly.
]
2026-04-30 10:57:16 | INFO     | ayumi.openapi_spot_feed | Connected to demo.ctraderapi.com:5035
2026-04-30 10:57:21 | WARNING  | ayumi.openapi_spot_feed | Disconnected: [Failure instance: Traceback (failure with no frames): <class 'twisted.internet.error.ConnectionDone'>: Connection was closed cleanly.
]
2026-04-30 10:57:22 | WARNING  | ayumi.openapi_spot_feed | Disconnected: [Failure instance: Traceback (failure with no frames): <class 'twisted.internet.error.ConnectionDone'>: Connection was closed cleanly.
]
2026-04-30 10:57:23 | WARNING  | ayumi.openapi_spot_feed | Disconnected: [Failure instance: Traceback (failure with no frames): <class 'twisted.internet.error.ConnectionDone'>: Connection was closed cleanly.
]
2026-04-30 10:57:24 | INFO     | ayumi.openapi_spot_feed | Connected to demo.ctraderapi.com:5035
2026-04-30 10:57:24 | INFO     | ayumi.openapi_spot_feed | Connected to demo.ctraderapi.com:5035
2026-04-30 10:57:24 | INFO     | ayumi.openapi_spot_feed | Connected to demo.ctraderapi.com:5035
2026-04-30 10:57:30 | WARNING  | ayumi.openapi_spot_feed | Disconnected: [Failure instance: Traceback (failure with no frames): <class 'twisted.internet.error.ConnectionDone'>: Connection was closed cleanly.
]
2026-04-30 10:57:31 | WARNING  | ayumi.openapi_spot_feed | Disconnected: [Failure instance: Traceback (failure with no frames): <class 'twisted.internet.error.ConnectionDone'>: Connection was closed cleanly.
]
2026-04-30 10:57:32 | INFO     | ayumi.openapi_spot_feed | Connected to demo.ctraderapi.com:5035
2026-04-30 10:57:33 | INFO     | ayumi.openapi_spot_feed | Connected to demo.ctraderapi.com:5035
2026-04-30 10:57:33 | WARNING  | ayumi.openapi_spot_feed | Disconnected: [Failure instance: Traceback (failure with no frames): <class 'twisted.internet.error.ConnectionDone'>: Connection was closed cleanly.
]
2026-04-30 10:57:35 | INFO     | ayumi.openapi_spot_feed | Connected to demo.ctraderapi.com:5035
2026-04-30 10:57:37 | WARNING  | ayumi.openapi_spot_feed | Disconnected: [Failure instance: Traceback (failure with no frames): <class 'twisted.internet.error.ConnectionDone'>: Connection was closed cleanly.
]
2026-04-30 10:57:37 | WARNING  | ayumi.openapi_spot_feed | Disconnected: [Failure instance: Traceback (failure with no frames): <class 'twisted.internet.error.ConnectionDone'>: Connection was closed cleanly.
]
2026-04-30 10:57:39 | INFO     | ayumi.openapi_spot_feed | Connected to demo.ctraderapi.com:5035
2026-04-30 10:57:40 | INFO     | ayumi.openapi_spot_feed | Connected to demo.ctraderapi.com:5035
2026-04-30 10:57:47 | WARNING  | ayumi.openapi_spot_feed | Disconnected: [Failure instance: Traceback (failure with no frames): <class 'twisted.internet.error.ConnectionDone'>: Connection was closed cleanly.
]
2026-04-30 10:57:48 | INFO     | ayumi.openapi_spot_feed | Connected to demo.ctraderapi.com:5035
2026-04-30 10:57:54 | WARNING  | ayumi.openapi_spot_feed | Disconnected: [Failure instance: Traceback (failure with no frames): <class 'twisted.internet.error.ConnectionDone'>: Connection was closed cleanly.
]
2026-04-30 10:57:54 | WARNING  | ayumi.openapi_spot_feed | Disconnected: [Failure instance: Traceback (failure with no frames): <class 'twisted.internet.error.ConnectionDone'>: Connection was closed cleanly.
]
2026-04-30 10:57:55 | WARNING  | ayumi.openapi_spot_feed | Disconnected: [Failure instance: Traceback (failure with no frames): <class 'twisted.internet.error.ConnectionDone'>: Connection was closed cleanly.
]
2026-04-30 10:57:56 | INFO     | ayumi.openapi_spot_feed | Connected to demo.ctraderapi.com:5035
2026-04-30 10:57:56 | INFO     | ayumi.openapi_spot_feed | Connected to demo.ctraderapi.com:5035
2026-04-30 10:57:56 | INFO     | ayumi.openapi_spot_feed | Connected to demo.ctraderapi.com:5035
2026-04-30 10:58:02 | WARNING  | ayumi.openapi_spot_feed | Disconnected: [Failure instance: Traceback (failure with no frames): <class 'twisted.internet.error.ConnectionDone'>: Connection was closed cleanly.
]
2026-04-30 10:58:03 | WARNING  | ayumi.openapi_spot_feed | Disconnected: [Failure instance: Traceback (failure with no frames): <class 'twisted.internet.error.ConnectionDone'>: Connection was closed cleanly.
]
2026-04-30 10:58:04 | INFO     | ayumi.openapi_spot_feed | Connected to demo.ctraderapi.com:5035
2026-04-30 10:58:05 | INFO     | ayumi.openapi_spot_feed | Connected to demo.ctraderapi.com:5035
2026-04-30 10:58:05 | WARNING  | ayumi.openapi_spot_feed | Disconnected: [Failure instance: Traceback (failure with no frames): <class 'twisted.internet.error.ConnectionDone'>: Connection was closed cleanly.
]
2026-04-30 10:58:07 | INFO     | ayumi.openapi_spot_feed | Connected to demo.ctraderapi.com:5035
2026-04-30 10:58:10 | WARNING  | ayumi.openapi_spot_feed | Disconnected: [Failure instance: Traceback (failure with no frames): <class 'twisted.internet.error.ConnectionDone'>: Connection was closed cleanly.
]
2026-04-30 10:58:10 | WARNING  | ayumi.openapi_spot_feed | Disconnected: [Failure instance: Traceback (failure with no frames): <class 'twisted.internet.error.ConnectionDone'>: Connection was closed cleanly.
]
2026-04-30 10:58:11 | INFO     | ayumi.openapi_spot_feed | Connected to demo.ctraderapi.com:5035
2026-04-30 10:58:12 | INFO     | ayumi.openapi_spot_feed | Connected to demo.ctraderapi.com:5035
2026-04-30 10:58:19 | WARNING  | ayumi.openapi_spot_feed | Disconnected: [Failure instance: Traceback (failure with no frames): <class 'twisted.internet.error.ConnectionDone'>: Connection was closed cleanly.
]
2026-04-30 10:58:21 | INFO     | ayumi.openapi_spot_feed | Connected to demo.ctraderapi.com:5035
2026-04-30 10:58:26 | WARNING  | ayumi.openapi_spot_feed | Disconnected: [Failure instance: Traceback (failure with no frames): <class 'twisted.internet.error.ConnectionDone'>: Connection was closed cleanly.
]
2026-04-30 10:58:26 | WARNING  | ayumi.openapi_spot_feed | Disconnected: [Failure instance: Traceback (failure with no frames): <class 'twisted.internet.error.ConnectionDone'>: Connection was closed cleanly.
]
2026-04-30 10:58:26 | WARNING  | ayumi.openapi_spot_feed | Disconnected: [Failure instance: Traceback (failure with no frames): <class 'twisted.internet.error.ConnectionDone'>: Connection was closed cleanly.
]
2026-04-30 10:58:28 | INFO     | ayumi.openapi_spot_feed | Connected to demo.ctraderapi.com:5035
2026-04-30 10:58:28 | INFO     | ayumi.openapi_spot_feed | Connected to demo.ctraderapi.com:5035
2026-04-30 10:58:29 | INFO     | ayumi.openapi_spot_feed | Connected to demo.ctraderapi.com:5035
2026-04-30 10:58:34 | WARNING  | ayumi.openapi_spot_feed | Disconnected: [Failure instance: Traceback (failure with no frames): <class 'twisted.internet.error.ConnectionDone'>: Connection was closed cleanly.
]
2026-04-30 10:58:35 | WARNING  | ayumi.openapi_spot_feed | Disconnected: [Failure instance: Traceback (failure with no frames): <class 'twisted.internet.error.ConnectionDone'>: Connection was closed cleanly.
]
2026-04-30 10:58:37 | INFO     | ayumi.openapi_spot_feed | Connected to demo.ctraderapi.com:5035
2026-04-30 10:58:37 | INFO     | ayumi.openapi_spot_feed | Connected to demo.ctraderapi.com:5035
2026-04-30 10:58:37 | WARNING  | ayumi.openapi_spot_feed | Disconnected: [Failure instance: Traceback (failure with no frames): <class 'twisted.internet.error.ConnectionDone'>: Connection was closed cleanly.
]
2026-04-30 10:58:39 | INFO     | ayumi.openapi_spot_feed | Connected to demo.ctraderapi.com:5035
2026-04-30 10:58:42 | WARNING  | ayumi.openapi_spot_feed | Disconnected: [Failure instance: Traceback (failure with no frames): <class 'twisted.internet.error.ConnectionDone'>: Connection was closed cleanly.
]
2026-04-30 10:58:42 | WARNING  | ayumi.openapi_spot_feed | Disconnected: [Failure instance: Traceback (failure with no frames): <class 'twisted.internet.error.ConnectionDone'>: Connection was closed cleanly.
]
2026-04-30 10:58:43 | INFO     | ayumi.openapi_spot_feed | Connected to demo.ctraderapi.com:5035
2026-04-30 10:58:44 | INFO     | ayumi.openapi_spot_feed | Connected to demo.ctraderapi.com:5035
2026-04-30 10:58:51 | WARNING  | ayumi.openapi_spot_feed | Disconnected: [Failure instance: Traceback (failure with no frames): <class 'twisted.internet.error.ConnectionDone'>: Connection was closed cleanly.
]
2026-04-30 10:58:52 | INFO     | ayumi.openapi_spot_feed | Connected to demo.ctraderapi.com:5035
2026-04-30 10:58:58 | WARNING  | ayumi.openapi_spot_feed | Disconnected: [Failure instance: Traceback (failure with no frames): <class 'twisted.internet.error.ConnectionDone'>: Connection was closed cleanly.
]
2026-04-30 10:58:59 | WARNING  | ayumi.openapi_spot_feed | Disconnected: [Failure instance: Traceback (failure with no frames): <class 'twisted.internet.error.ConnectionDone'>: Connection was closed cleanly.
]
2026-04-30 10:58:59 | WARNING  | ayumi.openapi_spot_feed | Disconnected: [Failure instance: Traceback (failure with no frames): <class 'twisted.internet.error.ConnectionDone'>: Connection was closed cleanly.
]
2026-04-30 10:59:01 | INFO     | ayumi.openapi_spot_feed | Connected to demo.ctraderapi.com:5035
2026-04-30 10:59:01 | INFO     | ayumi.openapi_spot_feed | Connected to demo.ctraderapi.com:5035
2026-04-30 10:59:02 | INFO     | ayumi.openapi_spot_feed | Connected to demo.ctraderapi.com:5035
2026-04-30 10:59:07 | WARNING  | ayumi.openapi_spot_feed | Disconnected: [Failure instance: Traceback (failure with no frames): <class 'twisted.internet.error.ConnectionDone'>: Connection was closed cleanly.
]
2026-04-30 10:59:08 | WARNING  | ayumi.openapi_spot_feed | Disconnected: [Failure instance: Traceback (failure with no frames): <class 'twisted.internet.error.ConnectionDone'>: Connection was closed cleanly.
]
2026-04-30 10:59:09 | INFO     | ayumi.openapi_spot_feed | Connected to demo.ctraderapi.com:5035
2026-04-30 10:59:09 | INFO     | ayumi.openapi_spot_feed | Connected to demo.ctraderapi.com:5035
2026-04-30 10:59:10 | WARNING  | ayumi.openapi_spot_feed | Disconnected: [Failure instance: Traceback (failure with no frames): <class 'twisted.internet.error.ConnectionDone'>: Connection was closed cleanly.
]
2026-04-30 10:59:12 | INFO     | ayumi.openapi_spot_feed | Connected to demo.ctraderapi.com:5035
2026-04-30 10:59:13 | WARNING  | ayumi.openapi_spot_feed | Disconnected: [Failure instance: Traceback (failure with no frames): <class 'twisted.internet.error.ConnectionDone'>: Connection was closed cleanly.
]
2026-04-30 10:59:14 | WARNING  | ayumi.openapi_spot_feed | Disconnected: [Failure instance: Traceback (failure with no frames): <class 'twisted.internet.error.ConnectionDone'>: Connection was closed cleanly.
]
2026-04-30 10:59:15 | INFO     | ayumi.openapi_spot_feed | Connected to demo.ctraderapi.com:5035
2026-04-30 10:59:17 | INFO     | ayumi.openapi_spot_feed | Connected to demo.ctraderapi.com:5035
2026-04-30 10:59:23 | WARNING  | ayumi.openapi_spot_feed | Disconnected: [Failure instance: Traceback (failure with no frames): <class 'twisted.internet.error.ConnectionDone'>: Connection was closed cleanly.
]
2026-04-30 10:59:24 | INFO     | ayumi.openapi_spot_feed | Connected to demo.ctraderapi.com:5035
2026-04-30 10:59:31 | WARNING  | ayumi.openapi_spot_feed | Disconnected: [Failure instance: Traceback (failure with no frames): <class 'twisted.internet.error.ConnectionDone'>: Connection was closed cleanly.
]
2026-04-30 10:59:31 | WARNING  | ayumi.openapi_spot_feed | Disconnected: [Failure instance: Traceback (failure with no frames): <class 'twisted.internet.error.ConnectionDone'>: Connection was closed cleanly.
]
2026-04-30 10:59:32 | WARNING  | ayumi.openapi_spot_feed | Disconnected: [Failure instance: Traceback (failure with no frames): <class 'twisted.internet.error.ConnectionDone'>: Connection was closed cleanly.
]
2026-04-30 10:59:33 | INFO     | ayumi.openapi_spot_feed | Connected to demo.ctraderapi.com:5035
2026-04-30 10:59:33 | INFO     | ayumi.openapi_spot_feed | Connected to demo.ctraderapi.com:5035
2026-04-30 10:59:34 | INFO     | ayumi.openapi_spot_feed | Connected to demo.ctraderapi.com:5035
2026-04-30 10:59:39 | WARNING  | ayumi.openapi_spot_feed | Disconnected: [Failure instance: Traceback (failure with no frames): <class 'twisted.internet.error.ConnectionDone'>: Connection was closed cleanly.
]
2026-04-30 10:59:39 | WARNING  | ayumi.openapi_spot_feed | Disconnected: [Failure instance: Traceback (failure with no frames): <class 'twisted.internet.error.ConnectionDone'>: Connection was closed cleanly.
]
2026-04-30 10:59:41 | INFO     | ayumi.openapi_spot_feed | Connected to demo.ctraderapi.com:5035
2026-04-30 10:59:41 | INFO     | ayumi.openapi_spot_feed | Connected to demo.ctraderapi.com:5035
2026-04-30 10:59:42 | WARNING  | ayumi.openapi_spot_feed | Disconnected: [Failure instance: Traceback (failure with no frames): <class 'twisted.internet.error.ConnectionDone'>: Connection was closed cleanly.
]
2026-04-30 10:59:45 | INFO     | ayumi.openapi_spot_feed | Connected to demo.ctraderapi.com:5035
2026-04-30 10:59:45 | WARNING  | ayumi.openapi_spot_feed | Disconnected: [Failure instance: Traceback (failure with no frames): <class 'twisted.internet.error.ConnectionDone'>: Connection was closed cleanly.
]
2026-04-30 10:59:47 | INFO     | ayumi.openapi_spot_feed | Connected to demo.ctraderapi.com:5035
2026-04-30 10:59:47 | WARNING  | ayumi.openapi_spot_feed | Disconnected: [Failure instance: Traceback (failure with no frames): <class 'twisted.internet.error.ConnectionDone'>: Connection was closed cleanly.
]
2026-04-30 10:59:49 | INFO     | ayumi.openapi_spot_feed | Connected to demo.ctraderapi.com:5035
2026-04-30 10:59:55 | WARNING  | ayumi.openapi_spot_feed | Disconnected: [Failure instance: Traceback (failure with no frames): <class 'twisted.internet.error.ConnectionDone'>: Connection was closed cleanly.
]
2026-04-30 10:59:56 | INFO     | ayumi.openapi_spot_feed | Connected to demo.ctraderapi.com:5035
2026-04-30 11:00:03 | WARNING  | ayumi.openapi_spot_feed | Disconnected: [Failure instance: Traceback (failure with no frames): <class 'twisted.internet.error.ConnectionDone'>: Connection was closed cleanly.
]
2026-04-30 11:00:04 | WARNING  | ayumi.openapi_spot_feed | Disconnected: [Failure instance: Traceback (failure with no frames): <class 'twisted.internet.error.ConnectionDone'>: Connection was closed cleanly.
]
2026-04-30 11:00:04 | WARNING  | ayumi.openapi_spot_feed | Disconnected: [Failure instance: Traceback (failure with no frames): <class 'twisted.internet.error.ConnectionDone'>: Connection was closed cleanly.
]
2026-04-30 11:00:05 | INFO     | ayumi.openapi_spot_feed | Connected to demo.ctraderapi.com:5035
2026-04-30 11:00:06 | INFO     | ayumi.openapi_spot_feed | Connected to demo.ctraderapi.com:5035
2026-04-30 11:00:06 | INFO     | ayumi.openapi_spot_feed | Connected to demo.ctraderapi.com:5035
2026-04-30 11:00:11 | WARNING  | ayumi.openapi_spot_feed | Disconnected: [Failure instance: Traceback (failure with no frames): <class 'twisted.internet.error.ConnectionDone'>: Connection was closed cleanly.
]
2026-04-30 11:00:11 | WARNING  | ayumi.openapi_spot_feed | Disconnected: [Failure instance: Traceback (failure with no frames): <class 'twisted.internet.error.ConnectionDone'>: Connection was closed cleanly.
]
2026-04-30 11:00:13 | INFO     | ayumi.openapi_spot_feed | Connected to demo.ctraderapi.com:5035
2026-04-30 11:00:13 | INFO     | ayumi.openapi_spot_feed | Connected to demo.ctraderapi.com:5035
2026-04-30 11:00:15 | WARNING  | ayumi.openapi_spot_feed | Disconnected: [Failure instance: Traceback (failure with no frames): <class 'twisted.internet.error.ConnectionDone'>: Connection was closed cleanly.
]
2026-04-30 11:00:16 | INFO     | ayumi.openapi_spot_feed | Connected to demo.ctraderapi.com:5035
2026-04-30 11:00:17 | WARNING  | ayumi.openapi_spot_feed | Disconnected: [Failure instance: Traceback (failure with no frames): <class 'twisted.internet.error.ConnectionDone'>: Connection was closed cleanly.
]
2026-04-30 11:00:19 | INFO     | ayumi.openapi_spot_feed | Connected to demo.ctraderapi.com:5035
2026-04-30 11:00:19 | WARNING  | ayumi.openapi_spot_feed | Disconnected: [Failure instance: Traceback (failure with no frames): <class 'twisted.internet.error.ConnectionDone'>: Connection was closed cleanly.
]
2026-04-30 11:00:21 | INFO     | ayumi.openapi_spot_feed | Connected to demo.ctraderapi.com:5035
2026-04-30 11:00:26 | WARNING  | ayumi.openapi_spot_feed | Disconnected: [Failure instance: Traceback (failure with no frames): <class 'twisted.internet.error.ConnectionDone'>: Connection was closed cleanly.
]
2026-04-30 11:00:29 | INFO     | ayumi.openapi_spot_feed | Connected to demo.ctraderapi.com:5035
2026-04-30 11:00:35 | WARNING  | ayumi.openapi_spot_feed | Disconnected: [Failure instance: Traceback (failure with no frames): <class 'twisted.internet.error.ConnectionDone'>: Connection was closed cleanly.
]
2026-04-30 11:00:36 | WARNING  | ayumi.openapi_spot_feed | Disconnected: [Failure instance: Traceback (failure with no frames): <class 'twisted.internet.error.ConnectionDone'>: Connection was closed cleanly.
]
2026-04-30 11:00:36 | WARNING  | ayumi.openapi_spot_feed | Disconnected: [Failure instance: Traceback (failure with no frames): <class 'twisted.internet.error.ConnectionDone'>: Connection was closed cleanly.
]
2026-04-30 11:00:38 | INFO     | ayumi.openapi_spot_feed | Connected to demo.ctraderapi.com:5035
2026-04-30 11:00:38 | INFO     | ayumi.openapi_spot_feed | Connected to demo.ctraderapi.com:5035
2026-04-30 11:00:38 | INFO     | ayumi.openapi_spot_feed | Connected to demo.ctraderapi.com:5035
2026-04-30 11:00:43 | WARNING  | ayumi.openapi_spot_feed | Disconnected: [Failure instance: Traceback (failure with no frames): <class 'twisted.internet.error.ConnectionDone'>: Connection was closed cleanly.
]
2026-04-30 11:00:44 | WARNING  | ayumi.openapi_spot_feed | Disconnected: [Failure instance: Traceback (failure with no frames): <class 'twisted.internet.error.ConnectionDone'>: Connection was closed cleanly.
]
2026-04-30 11:00:46 | INFO     | ayumi.openapi_spot_feed | Connected to demo.ctraderapi.com:5035
2026-04-30 11:00:46 | INFO     | ayumi.openapi_spot_feed | Connected to demo.ctraderapi.com:5035
2026-04-30 11:00:47 | WARNING  | ayumi.openapi_spot_feed | Disconnected: [Failure instance: Traceback (failure with no frames): <class 'twisted.internet.error.ConnectionDone'>: Connection was closed cleanly.
]
2026-04-30 11:00:49 | INFO     | ayumi.openapi_spot_feed | Connected to demo.ctraderapi.com:5035
2026-04-30 11:00:49 | WARNING  | ayumi.openapi_spot_feed | Disconnected: [Failure instance: Traceback (failure with no frames): <class 'twisted.internet.error.ConnectionDone'>: Connection was closed cleanly.
]
2026-04-30 11:00:51 | INFO     | ayumi.openapi_spot_feed | Connected to demo.ctraderapi.com:5035
2026-04-30 11:00:51 | WARNING  | ayumi.openapi_spot_feed | Disconnected: [Failure instance: Traceback (failure with no frames): <class 'twisted.internet.error.ConnectionDone'>: Connection was closed cleanly.
]
2026-04-30 11:00:53 | INFO     | ayumi.openapi_spot_feed | Connected to demo.ctraderapi.com:5035
2026-04-30 11:00:59 | WARNING  | ayumi.openapi_spot_feed | Disconnected: [Failure instance: Traceback (failure with no frames): <class 'twisted.internet.error.ConnectionDone'>: Connection was closed cleanly.
]
2026-04-30 11:01:01 | INFO     | ayumi.openapi_spot_feed | Connected to demo.ctraderapi.com:5035
2026-04-30 11:01:08 | WARNING  | ayumi.openapi_spot_feed | Disconnected: [Failure instance: Traceback (failure with no frames): <class 'twisted.internet.error.ConnectionDone'>: Connection was closed cleanly.
]
2026-04-30 11:01:08 | WARNING  | ayumi.openapi_spot_feed | Disconnected: [Failure instance: Traceback (failure with no frames): <class 'twisted.internet.error.ConnectionDone'>: Connection was closed cleanly.
]
2026-04-30 11:01:08 | WARNING  | ayumi.openapi_spot_feed | Disconnected: [Failure instance: Traceback (failure with no frames): <class 'twisted.internet.error.ConnectionDone'>: Connection was closed cleanly.
]
2026-04-30 11:01:10 | INFO     | ayumi.openapi_spot_feed | Connected to demo.ctraderapi.com:5035
2026-04-30 11:01:10 | INFO     | ayumi.openapi_spot_feed | Connected to demo.ctraderapi.com:5035
2026-04-30 11:01:11 | INFO     | ayumi.openapi_spot_feed | Connected to demo.ctraderapi.com:5035
2026-04-30 11:01:16 | WARNING  | ayumi.openapi_spot_feed | Disconnected: [Failure instance: Traceback (failure with no frames): <class 'twisted.internet.error.ConnectionDone'>: Connection was closed cleanly.
]
2026-04-30 11:01:16 | WARNING  | ayumi.openapi_spot_feed | Disconnected: [Failure instance: Traceback (failure with no frames): <class 'twisted.internet.error.ConnectionDone'>: Connection was closed cleanly.
]
2026-04-30 11:01:17 | INFO     | ayumi.openapi_spot_feed | Connected to demo.ctraderapi.com:5035
2026-04-30 11:01:19 | INFO     | ayumi.openapi_spot_feed | Connected to demo.ctraderapi.com:5035
2026-04-30 11:01:19 | WARNING  | ayumi.openapi_spot_feed | Disconnected: [Failure instance: Traceback (failure with no frames): <class 'twisted.internet.error.ConnectionDone'>: Connection was closed cleanly.
]
2026-04-30 11:01:20 | INFO     | ayumi.openapi_spot_feed | Connected to demo.ctraderapi.com:5035
2026-04-30 11:01:21 | WARNING  | ayumi.openapi_spot_feed | Disconnected: [Failure instance: Traceback (failure with no frames): <class 'twisted.internet.error.ConnectionDone'>: Connection was closed cleanly.
]
2026-04-30 11:01:23 | INFO     | ayumi.openapi_spot_feed | Connected to demo.ctraderapi.com:5035
2026-04-30 11:01:24 | WARNING  | ayumi.openapi_spot_feed | Disconnected: [Failure instance: Traceback (failure with no frames): <class 'twisted.internet.error.ConnectionDone'>: Connection was closed cleanly.
]
2026-04-30 11:01:26 | INFO     | ayumi.openapi_spot_feed | Connected to demo.ctraderapi.com:5035
2026-04-30 11:01:31 | WARNING  | ayumi.openapi_spot_feed | Disconnected: [Failure instance: Traceback (failure with no frames): <class 'twisted.internet.error.ConnectionDone'>: Connection was closed cleanly.
]
2026-04-30 11:01:33 | INFO     | ayumi.openapi_spot_feed | Connected to demo.ctraderapi.com:5035
2026-04-30 11:01:40 | WARNING  | ayumi.openapi_spot_feed | Disconnected: [Failure instance: Traceback (failure with no frames): <class 'twisted.internet.error.ConnectionDone'>: Connection was closed cleanly.
]
2026-04-30 11:01:40 | WARNING  | ayumi.openapi_spot_feed | Disconnected: [Failure instance: Traceback (failure with no frames): <class 'twisted.internet.error.ConnectionDone'>: Connection was closed cleanly.
]
2026-04-30 11:01:41 | WARNING  | ayumi.openapi_spot_feed | Disconnected: [Failure instance: Traceback (failure with no frames): <class 'twisted.internet.error.ConnectionDone'>: Connection was closed cleanly.
]
2026-04-30 11:01:42 | INFO     | ayumi.openapi_spot_feed | Connected to demo.ctraderapi.com:5035
2026-04-30 11:01:43 | INFO     | ayumi.openapi_spot_feed | Connected to demo.ctraderapi.com:5035
2026-04-30 11:01:43 | INFO     | ayumi.openapi_spot_feed | Connected to demo.ctraderapi.com:5035
2026-04-30 11:01:48 | WARNING  | ayumi.openapi_spot_feed | Disconnected: [Failure instance: Traceback (failure with no frames): <class 'twisted.internet.error.ConnectionDone'>: Connection was closed cleanly.
]
2026-04-30 11:01:49 | WARNING  | ayumi.openapi_spot_feed | Disconnected: [Failure instance: Traceback (failure with no frames): <class 'twisted.internet.error.ConnectionDone'>: Connection was closed cleanly.
]
2026-04-30 11:01:50 | INFO     | ayumi.openapi_spot_feed | Connected to demo.ctraderapi.com:5035
2026-04-30 11:01:50 | WARNING  | ayumi.openapi_spot_feed | Disconnected: [Failure instance: Traceback (failure with no frames): <class 'twisted.internet.error.ConnectionDone'>: Connection was closed cleanly.
]
2026-04-30 11:01:51 | INFO     | ayumi.openapi_spot_feed | Connected to demo.ctraderapi.com:5035
2026-04-30 11:01:53 | INFO     | ayumi.openapi_spot_feed | Connected to demo.ctraderapi.com:5035
2026-04-30 11:01:53 | WARNING  | ayumi.openapi_spot_feed | Disconnected: [Failure instance: Traceback (failure with no frames): <class 'twisted.internet.error.ConnectionDone'>: Connection was closed cleanly.
]
2026-04-30 11:01:55 | INFO     | ayumi.openapi_spot_feed | Connected to demo.ctraderapi.com:5035
2026-04-30 11:01:56 | WARNING  | ayumi.openapi_spot_feed | Disconnected: [Failure instance: Traceback (failure with no frames): <class 'twisted.internet.error.ConnectionDone'>: Connection was closed cleanly.
]
2026-04-30 11:01:57 | INFO     | ayumi.openapi_spot_feed | Connected to demo.ctraderapi.com:5035
2026-04-30 11:02:04 | WARNING  | ayumi.openapi_spot_feed | Disconnected: [Failure instance: Traceback (failure with no frames): <class 'twisted.internet.error.ConnectionDone'>: Connection was closed cleanly.
]
2026-04-30 11:02:06 | INFO     | ayumi.openapi_spot_feed | Connected to demo.ctraderapi.com:5035
2026-04-30 11:02:12 | WARNING  | ayumi.openapi_spot_feed | Disconnected: [Failure instance: Traceback (failure with no frames): <class 'twisted.internet.error.ConnectionDone'>: Connection was closed cleanly.
]
2026-04-30 11:02:13 | WARNING  | ayumi.openapi_spot_feed | Disconnected: [Failure instance: Traceback (failure with no frames): <class 'twisted.internet.error.ConnectionDone'>: Connection was closed cleanly.
]
2026-04-30 11:02:13 | WARNING  | ayumi.openapi_spot_feed | Disconnected: [Failure instance: Traceback (failure with no frames): <class 'twisted.internet.error.ConnectionDone'>: Connection was closed cleanly.
]
2026-04-30 11:02:14 | INFO     | ayumi.openapi_spot_feed | Connected to demo.ctraderapi.com:5035
2026-04-30 11:02:15 | INFO     | ayumi.openapi_spot_feed | Connected to demo.ctraderapi.com:5035
2026-04-30 11:02:15 | INFO     | ayumi.openapi_spot_feed | Connected to demo.ctraderapi.com:5035
2026-04-30 11:02:20 | WARNING  | ayumi.openapi_spot_feed | Disconnected: [Failure instance: Traceback (failure with no frames): <class 'twisted.internet.error.ConnectionDone'>: Connection was closed cleanly.
]
2026-04-30 11:02:21 | WARNING  | ayumi.openapi_spot_feed | Disconnected: [Failure instance: Traceback (failure with no frames): <class 'twisted.internet.error.ConnectionDone'>: Connection was closed cleanly.
]
2026-04-30 11:02:22 | INFO     | ayumi.openapi_spot_feed | Connected to demo.ctraderapi.com:5035
2026-04-30 11:02:23 | INFO     | ayumi.openapi_spot_feed | Connected to demo.ctraderapi.com:5035
2026-04-30 11:02:23 | WARNING  | ayumi.openapi_spot_feed | Disconnected: [Failure instance: Traceback (failure with no frames): <class 'twisted.internet.error.ConnectionDone'>: Connection was closed cleanly.
]
2026-04-30 11:02:25 | INFO     | ayumi.openapi_spot_feed | Connected to demo.ctraderapi.com:5035
2026-04-30 11:02:25 | WARNING  | ayumi.openapi_spot_feed | Disconnected: [Failure instance: Traceback (failure with no frames): <class 'twisted.internet.error.ConnectionDone'>: Connection was closed cleanly.
]
2026-04-30 11:02:27 | WARNING  | ayumi.openapi_spot_feed | Disconnected: [Failure instance: Traceback (failure with no frames): <class 'twisted.internet.error.ConnectionDone'>: Connection was closed cleanly.
]
2026-04-30 11:02:27 | INFO     | ayumi.openapi_spot_feed | Connected to demo.ctraderapi.com:5035
2026-04-30 11:02:29 | INFO     | ayumi.openapi_spot_feed | Connected to demo.ctraderapi.com:5035
2026-04-30 11:02:36 | WARNING  | ayumi.openapi_spot_feed | Disconnected: [Failure instance: Traceback (failure with no frames): <class 'twisted.internet.error.ConnectionDone'>: Connection was closed cleanly.
]
2026-04-30 11:02:38 | INFO     | ayumi.openapi_spot_feed | Connected to demo.ctraderapi.com:5035
2026-04-30 11:02:44 | WARNING  | ayumi.openapi_spot_feed | Disconnected: [Failure instance: Traceback (failure with no frames): <class 'twisted.internet.error.ConnectionDone'>: Connection was closed cleanly.
]
2026-04-30 11:02:45 | WARNING  | ayumi.openapi_spot_feed | Disconnected: [Failure instance: Traceback (failure with no frames): <class 'twisted.internet.error.ConnectionDone'>: Connection was closed cleanly.
]
2026-04-30 11:02:46 | WARNING  | ayumi.openapi_spot_feed | Disconnected: [Failure instance: Traceback (failure with no frames): <class 'twisted.internet.error.ConnectionDone'>: Connection was closed cleanly.
]
2026-04-30 11:02:46 | INFO     | ayumi.openapi_spot_feed | Connected to demo.ctraderapi.com:5035
2026-04-30 11:02:47 | INFO     | ayumi.openapi_spot_feed | Connected to demo.ctraderapi.com:5035
2026-04-30 11:02:48 | INFO     | ayumi.openapi_spot_feed | Connected to demo.ctraderapi.com:5035
2026-04-30 11:02:53 | WARNING  | ayumi.openapi_spot_feed | Disconnected: [Failure instance: Traceback (failure with no frames): <class 'twisted.internet.error.ConnectionDone'>: Connection was closed cleanly.
]
2026-04-30 11:02:53 | WARNING  | ayumi.openapi_spot_feed | Disconnected: [Failure instance: Traceback (failure with no frames): <class 'twisted.internet.error.ConnectionDone'>: Connection was closed cleanly.
]
2026-04-30 11:02:54 | INFO     | ayumi.openapi_spot_feed | Connected to demo.ctraderapi.com:5035
2026-04-30 11:02:55 | INFO     | ayumi.openapi_spot_feed | Connected to demo.ctraderapi.com:5035
2026-04-30 11:02:55 | WARNING  | ayumi.openapi_spot_feed | Disconnected: [Failure instance: Traceback (failure with no frames): <class 'twisted.internet.error.ConnectionDone'>: Connection was closed cleanly.
]
2026-04-30 11:02:57 | INFO     | ayumi.openapi_spot_feed | Connected to demo.ctraderapi.com:5035
2026-04-30 11:02:58 | WARNING  | ayumi.openapi_spot_feed | Disconnected: [Failure instance: Traceback (failure with no frames): <class 'twisted.internet.error.ConnectionDone'>: Connection was closed cleanly.
]
2026-04-30 11:02:59 | INFO     | ayumi.openapi_spot_feed | Connected to demo.ctraderapi.com:5035
2026-04-30 11:02:59 | WARNING  | ayumi.openapi_spot_feed | Disconnected: [Failure instance: Traceback (failure with no frames): <class 'twisted.internet.error.ConnectionDone'>: Connection was closed cleanly.
]
2026-04-30 11:03:01 | INFO     | ayumi.openapi_spot_feed | Connected to demo.ctraderapi.com:5035
2026-04-30 11:03:08 | WARNING  | ayumi.openapi_spot_feed | Disconnected: [Failure instance: Traceback (failure with no frames): <class 'twisted.internet.error.ConnectionDone'>: Connection was closed cleanly.
]
2026-04-30 11:03:11 | INFO     | ayumi.openapi_spot_feed | Connected to demo.ctraderapi.com:5035
2026-04-30 11:03:17 | WARNING  | ayumi.openapi_spot_feed | Disconnected: [Failure instance: Traceback (failure with no frames): <class 'twisted.internet.error.ConnectionDone'>: Connection was closed cleanly.
]
2026-04-30 11:03:17 | WARNING  | ayumi.openapi_spot_feed | Disconnected: [Failure instance: Traceback (failure with no frames): <class 'twisted.internet.error.ConnectionDone'>: Connection was closed cleanly.
]
2026-04-30 11:03:18 | WARNING  | ayumi.openapi_spot_feed | Disconnected: [Failure instance: Traceback (failure with no frames): <class 'twisted.internet.error.ConnectionDone'>: Connection was closed cleanly.
]
2026-04-30 11:03:19 | INFO     | ayumi.openapi_spot_feed | Connected to demo.ctraderapi.com:5035
2026-04-30 11:03:19 | INFO     | ayumi.openapi_spot_feed | Connected to demo.ctraderapi.com:5035
2026-04-30 11:03:21 | INFO     | ayumi.openapi_spot_feed | Connected to demo.ctraderapi.com:5035
2026-04-30 11:03:25 | WARNING  | ayumi.openapi_spot_feed | Disconnected: [Failure instance: Traceback (failure with no frames): <class 'twisted.internet.error.ConnectionDone'>: Connection was closed cleanly.
]
2026-04-30 11:03:25 | WARNING  | ayumi.openapi_spot_feed | Disconnected: [Failure instance: Traceback (failure with no frames): <class 'twisted.internet.error.ConnectionDone'>: Connection was closed cleanly.
]
2026-04-30 11:03:26 | INFO     | ayumi.openapi_spot_feed | Connected to demo.ctraderapi.com:5035
2026-04-30 11:03:27 | INFO     | ayumi.openapi_spot_feed | Connected to demo.ctraderapi.com:5035
2026-04-30 11:03:27 | WARNING  | ayumi.openapi_spot_feed | Disconnected: [Failure instance: Traceback (failure with no frames): <class 'twisted.internet.error.ConnectionDone'>: Connection was closed cleanly.
]
2026-04-30 11:03:30 | INFO     | ayumi.openapi_spot_feed | Connected to demo.ctraderapi.com:5035
2026-04-30 11:03:30 | WARNING  | ayumi.openapi_spot_feed | Disconnected: [Failure instance: Traceback (failure with no frames): <class 'twisted.internet.error.ConnectionDone'>: Connection was closed cleanly.
]
2026-04-30 11:03:31 | WARNING  | ayumi.openapi_spot_feed | Disconnected: [Failure instance: Traceback (failure with no frames): <class 'twisted.internet.error.ConnectionDone'>: Connection was closed cleanly.
]
2026-04-30 11:03:32 | INFO     | ayumi.openapi_spot_feed | Connected to demo.ctraderapi.com:5035
2026-04-30 11:03:34 | INFO     | ayumi.openapi_spot_feed | Connected to demo.ctraderapi.com:5035
2026-04-30 11:03:41 | WARNING  | ayumi.openapi_spot_feed | Disconnected: [Failure instance: Traceback (failure with no frames): <class 'twisted.internet.error.ConnectionDone'>: Connection was closed cleanly.
]
2026-04-30 11:03:43 | INFO     | ayumi.openapi_spot_feed | Connected to demo.ctraderapi.com:5035
2026-04-30 11:03:49 | WARNING  | ayumi.openapi_spot_feed | Disconnected: [Failure instance: Traceback (failure with no frames): <class 'twisted.internet.error.ConnectionDone'>: Connection was closed cleanly.
]
2026-04-30 11:03:49 | WARNING  | ayumi.openapi_spot_feed | Disconnected: [Failure instance: Traceback (failure with no frames): <class 'twisted.internet.error.ConnectionDone'>: Connection was closed cleanly.
]
2026-04-30 11:03:51 | INFO     | ayumi.openapi_spot_feed | Connected to demo.ctraderapi.com:5035
2026-04-30 11:03:51 | WARNING  | ayumi.openapi_spot_feed | Disconnected: [Failure instance: Traceback (failure with no frames): <class 'twisted.internet.error.ConnectionDone'>: Connection was closed cleanly.
]
2026-04-30 11:03:51 | INFO     | ayumi.openapi_spot_feed | Connected to demo.ctraderapi.com:5035
2026-04-30 11:03:53 | INFO     | ayumi.openapi_spot_feed | Connected to demo.ctraderapi.com:5035
2026-04-30 11:03:57 | WARNING  | ayumi.openapi_spot_feed | Disconnected: [Failure instance: Traceback (failure with no frames): <class 'twisted.internet.error.ConnectionDone'>: Connection was closed cleanly.
]
2026-04-30 11:03:57 | WARNING  | ayumi.openapi_spot_feed | Disconnected: [Failure instance: Traceback (failure with no frames): <class 'twisted.internet.error.ConnectionDone'>: Connection was closed cleanly.
]
2026-04-30 11:03:59 | INFO     | ayumi.openapi_spot_feed | Connected to demo.ctraderapi.com:5035
2026-04-30 11:03:59 | INFO     | ayumi.openapi_spot_feed | Connected to demo.ctraderapi.com:5035
2026-04-30 11:04:00 | WARNING  | ayumi.openapi_spot_feed | Disconnected: [Failure instance: Traceback (failure with no frames): <class 'twisted.internet.error.ConnectionDone'>: Connection was closed cleanly.
]
2026-04-30 11:04:02 | INFO     | ayumi.openapi_spot_feed | Connected to demo.ctraderapi.com:5035
2026-04-30 11:04:02 | WARNING  | ayumi.openapi_spot_feed | Disconnected: [Failure instance: Traceback (failure with no frames): <class 'twisted.internet.error.ConnectionDone'>: Connection was closed cleanly.
]
2026-04-30 11:04:04 | WARNING  | ayumi.openapi_spot_feed | Disconnected: [Failure instance: Traceback (failure with no frames): <class 'twisted.internet.error.ConnectionDone'>: Connection was closed cleanly.
]
2026-04-30 11:04:04 | INFO     | ayumi.openapi_spot_feed | Connected to demo.ctraderapi.com:5035
2026-04-30 11:04:06 | INFO     | ayumi.openapi_spot_feed | Connected to demo.ctraderapi.com:5035
2026-04-30 11:04:13 | WARNING  | ayumi.openapi_spot_feed | Disconnected: [Failure instance: Traceback (failure with no frames): <class 'twisted.internet.error.ConnectionDone'>: Connection was closed cleanly.
]
2026-04-30 11:04:15 | INFO     | ayumi.openapi_spot_feed | Connected to demo.ctraderapi.com:5035
2026-04-30 11:04:21 | WARNING  | ayumi.openapi_spot_feed | Disconnected: [Failure instance: Traceback (failure with no frames): <class 'twisted.internet.error.ConnectionDone'>: Connection was closed cleanly.
]
2026-04-30 11:04:21 | WARNING  | ayumi.openapi_spot_feed | Disconnected: [Failure instance: Traceback (failure with no frames): <class 'twisted.internet.error.ConnectionDone'>: Connection was closed cleanly.
]
2026-04-30 11:04:23 | INFO     | ayumi.openapi_spot_feed | Connected to demo.ctraderapi.com:5035
2026-04-30 11:04:23 | WARNING  | ayumi.openapi_spot_feed | Disconnected: [Failure instance: Traceback (failure with no frames): <class 'twisted.internet.error.ConnectionDone'>: Connection was closed cleanly.
]
2026-04-30 11:04:23 | INFO     | ayumi.openapi_spot_feed | Connected to demo.ctraderapi.com:5035
2026-04-30 11:04:25 | INFO     | ayumi.openapi_spot_feed | Connected to demo.ctraderapi.com:5035
2026-04-30 11:04:29 | WARNING  | ayumi.openapi_spot_feed | Disconnected: [Failure instance: Traceback (failure with no frames): <class 'twisted.internet.error.ConnectionDone'>: Connection was closed cleanly.
]
2026-04-30 11:04:29 | WARNING  | ayumi.openapi_spot_feed | Disconnected: [Failure instance: Traceback (failure with no frames): <class 'twisted.internet.error.ConnectionDone'>: Connection was closed cleanly.
]
2026-04-30 11:04:31 | INFO     | ayumi.openapi_spot_feed | Connected to demo.ctraderapi.com:5035
2026-04-30 11:04:31 | INFO     | ayumi.openapi_spot_feed | Connected to demo.ctraderapi.com:5035
2026-04-30 11:04:32 | WARNING  | ayumi.openapi_spot_feed | Disconnected: [Failure instance: Traceback (failure with no frames): <class 'twisted.internet.error.ConnectionDone'>: Connection was closed cleanly.
]
2026-04-30 11:04:34 | INFO     | ayumi.openapi_spot_feed | Connected to demo.ctraderapi.com:5035
2026-04-30 11:04:34 | WARNING  | ayumi.openapi_spot_feed | Disconnected: [Failure instance: Traceback (failure with no frames): <class 'twisted.internet.error.ConnectionDone'>: Connection was closed cleanly.
]
2026-04-30 11:04:36 | WARNING  | ayumi.openapi_spot_feed | Disconnected: [Failure instance: Traceback (failure with no frames): <class 'twisted.internet.error.ConnectionDone'>: Connection was closed cleanly.
]
2026-04-30 11:04:37 | INFO     | ayumi.openapi_spot_feed | Connected to demo.ctraderapi.com:5035
2026-04-30 11:04:38 | INFO     | ayumi.openapi_spot_feed | Connected to demo.ctraderapi.com:5035
2026-04-30 11:04:45 | WARNING  | ayumi.openapi_spot_feed | Disconnected: [Failure instance: Traceback (failure with no frames): <class 'twisted.internet.error.ConnectionDone'>: Connection was closed cleanly.
]
2026-04-30 11:04:48 | INFO     | ayumi.openapi_spot_feed | Connected to demo.ctraderapi.com:5035
2026-04-30 11:04:53 | WARNING  | ayumi.openapi_spot_feed | Disconnected: [Failure instance: Traceback (failure with no frames): <class 'twisted.internet.error.ConnectionDone'>: Connection was closed cleanly.
]
2026-04-30 11:04:54 | WARNING  | ayumi.openapi_spot_feed | Disconnected: [Failure instance: Traceback (failure with no frames): <class 'twisted.internet.error.ConnectionDone'>: Connection was closed cleanly.
]
2026-04-30 11:04:54 | INFO     | ayumi.openapi_spot_feed | Connected to demo.ctraderapi.com:5035
2026-04-30 11:04:55 | WARNING  | ayumi.openapi_spot_feed | Disconnected: [Failure instance: Traceback (failure with no frames): <class 'twisted.internet.error.ConnectionDone'>: Connection was closed cleanly.
]
2026-04-30 11:04:56 | INFO     | ayumi.openapi_spot_feed | Connected to demo.ctraderapi.com:5035
2026-04-30 11:04:57 | INFO     | ayumi.openapi_spot_feed | Connected to demo.ctraderapi.com:5035
2026-04-30 11:05:02 | WARNING  | ayumi.openapi_spot_feed | Disconnected: [Failure instance: Traceback (failure with no frames): <class 'twisted.internet.error.ConnectionDone'>: Connection was closed cleanly.
]
2026-04-30 11:05:02 | WARNING  | ayumi.openapi_spot_feed | Disconnected: [Failure instance: Traceback (failure with no frames): <class 'twisted.internet.error.ConnectionDone'>: Connection was closed cleanly.
]
2026-04-30 11:05:03 | INFO     | ayumi.openapi_spot_feed | Connected to demo.ctraderapi.com:5035
2026-04-30 11:05:04 | INFO     | ayumi.openapi_spot_feed | Connected to demo.ctraderapi.com:5035
2026-04-30 11:05:04 | WARNING  | ayumi.openapi_spot_feed | Disconnected: [Failure instance: Traceback (failure with no frames): <class 'twisted.internet.error.ConnectionDone'>: Connection was closed cleanly.
]
2026-04-30 11:05:06 | INFO     | ayumi.openapi_spot_feed | Connected to demo.ctraderapi.com:5035
2026-04-30 11:05:07 | WARNING  | ayumi.openapi_spot_feed | Disconnected: [Failure instance: Traceback (failure with no frames): <class 'twisted.internet.error.ConnectionDone'>: Connection was closed cleanly.
]
2026-04-30 11:05:09 | INFO     | ayumi.openapi_spot_feed | Connected to demo.ctraderapi.com:5035
2026-04-30 11:05:09 | WARNING  | ayumi.openapi_spot_feed | Disconnected: [Failure instance: Traceback (failure with no frames): <class 'twisted.internet.error.ConnectionDone'>: Connection was closed cleanly.
]
2026-04-30 11:05:11 | INFO     | ayumi.openapi_spot_feed | Connected to demo.ctraderapi.com:5035
2026-04-30 11:05:18 | WARNING  | ayumi.openapi_spot_feed | Disconnected: [Failure instance: Traceback (failure with no frames): <class 'twisted.internet.error.ConnectionDone'>: Connection was closed cleanly.
]
2026-04-30 11:05:20 | INFO     | ayumi.openapi_spot_feed | Connected to demo.ctraderapi.com:5035
2026-04-30 11:05:24 | WARNING  | ayumi.openapi_spot_feed | Disconnected: [Failure instance: Traceback (failure with no frames): <class 'twisted.internet.error.ConnectionDone'>: Connection was closed cleanly.
]
2026-04-30 11:05:26 | WARNING  | ayumi.openapi_spot_feed | Disconnected: [Failure instance: Traceback (failure with no frames): <class 'twisted.internet.error.ConnectionDone'>: Connection was closed cleanly.
]
2026-04-30 11:05:26 | INFO     | ayumi.openapi_spot_feed | Connected to demo.ctraderapi.com:5035
2026-04-30 11:05:27 | WARNING  | ayumi.openapi_spot_feed | Disconnected: [Failure instance: Traceback (failure with no frames): <class 'twisted.internet.error.ConnectionDone'>: Connection was closed cleanly.
]
2026-04-30 11:05:28 | INFO     | ayumi.openapi_spot_feed | Connected to demo.ctraderapi.com:5035
2026-04-30 11:05:28 | INFO     | ayumi.openapi_spot_feed | Connected to demo.ctraderapi.com:5035
2026-04-30 11:05:33 | WARNING  | ayumi.openapi_spot_feed | Disconnected: [Failure instance: Traceback (failure with no frames): <class 'twisted.internet.error.ConnectionDone'>: Connection was closed cleanly.
]
2026-04-30 11:05:34 | WARNING  | ayumi.openapi_spot_feed | Disconnected: [Failure instance: Traceback (failure with no frames): <class 'twisted.internet.error.ConnectionDone'>: Connection was closed cleanly.
]
2026-04-30 11:05:35 | INFO     | ayumi.openapi_spot_feed | Connected to demo.ctraderapi.com:5035
2026-04-30 11:05:36 | INFO     | ayumi.openapi_spot_feed | Connected to demo.ctraderapi.com:5035
2026-04-30 11:05:37 | WARNING  | ayumi.openapi_spot_feed | Disconnected: [Failure instance: Traceback (failure with no frames): <class 'twisted.internet.error.ConnectionDone'>: Connection was closed cleanly.
]
2026-04-30 11:05:39 | WARNING  | ayumi.openapi_spot_feed | Disconnected: [Failure instance: Traceback (failure with no frames): <class 'twisted.internet.error.ConnectionDone'>: Connection was closed cleanly.
]
2026-04-30 11:05:39 | INFO     | ayumi.openapi_spot_feed | Connected to demo.ctraderapi.com:5035
2026-04-30 11:05:40 | INFO     | ayumi.openapi_spot_feed | Connected to demo.ctraderapi.com:5035
2026-04-30 11:05:41 | WARNING  | ayumi.openapi_spot_feed | Disconnected: [Failure instance: Traceback (failure with no frames): <class 'twisted.internet.error.ConnectionDone'>: Connection was closed cleanly.
]
2026-04-30 11:05:43 | INFO     | ayumi.openapi_spot_feed | Connected to demo.ctraderapi.com:5035
2026-04-30 11:05:50 | WARNING  | ayumi.openapi_spot_feed | Disconnected: [Failure instance: Traceback (failure with no frames): <class 'twisted.internet.error.ConnectionDone'>: Connection was closed cleanly.
]
2026-04-30 11:05:52 | INFO     | ayumi.openapi_spot_feed | Connected to demo.ctraderapi.com:5035
2026-04-30 11:05:56 | WARNING  | ayumi.openapi_spot_feed | Disconnected: [Failure instance: Traceback (failure with no frames): <class 'twisted.internet.error.ConnectionDone'>: Connection was closed cleanly.
]
2026-04-30 11:05:58 | WARNING  | ayumi.openapi_spot_feed | Disconnected: [Failure instance: Traceback (failure with no frames): <class 'twisted.internet.error.ConnectionDone'>: Connection was closed cleanly.
]
2026-04-30 11:05:58 | INFO     | ayumi.openapi_spot_feed | Connected to demo.ctraderapi.com:5035
2026-04-30 11:05:59 | WARNING  | ayumi.openapi_spot_feed | Disconnected: [Failure instance: Traceback (failure with no frames): <class 'twisted.internet.error.ConnectionDone'>: Connection was closed cleanly.
]
2026-04-30 11:06:00 | INFO     | ayumi.openapi_spot_feed | Connected to demo.ctraderapi.com:5035
2026-04-30 11:06:00 | INFO     | ayumi.openapi_spot_feed | Connected to demo.ctraderapi.com:5035
2026-04-30 11:06:06 | WARNING  | ayumi.openapi_spot_feed | Disconnected: [Failure instance: Traceback (failure with no frames): <class 'twisted.internet.error.ConnectionDone'>: Connection was closed cleanly.
]
2026-04-30 11:06:06 | WARNING  | ayumi.openapi_spot_feed | Disconnected: [Failure instance: Traceback (failure with no frames): <class 'twisted.internet.error.ConnectionDone'>: Connection was closed cleanly.
]
2026-04-30 11:06:08 | INFO     | ayumi.openapi_spot_feed | Connected to demo.ctraderapi.com:5035
2026-04-30 11:06:08 | INFO     | ayumi.openapi_spot_feed | Connected to demo.ctraderapi.com:5035
2026-04-30 11:06:09 | WARNING  | ayumi.openapi_spot_feed | Disconnected: [Failure instance: Traceback (failure with no frames): <class 'twisted.internet.error.ConnectionDone'>: Connection was closed cleanly.
]
2026-04-30 11:06:10 | WARNING  | ayumi.openapi_spot_feed | Disconnected: [Failure instance: Traceback (failure with no frames): <class 'twisted.internet.error.ConnectionDone'>: Connection was closed cleanly.
]
2026-04-30 11:06:11 | INFO     | ayumi.openapi_spot_feed | Connected to demo.ctraderapi.com:5035
2026-04-30 11:06:13 | INFO     | ayumi.openapi_spot_feed | Connected to demo.ctraderapi.com:5035
2026-04-30 11:06:13 | WARNING  | ayumi.openapi_spot_feed | Disconnected: [Failure instance: Traceback (failure with no frames): <class 'twisted.internet.error.ConnectionDone'>: Connection was closed cleanly.
]
2026-04-30 11:06:15 | INFO     | ayumi.openapi_spot_feed | Connected to demo.ctraderapi.com:5035
2026-04-30 11:06:22 | WARNING  | ayumi.openapi_spot_feed | Disconnected: [Failure instance: Traceback (failure with no frames): <class 'twisted.internet.error.ConnectionDone'>: Connection was closed cleanly.
]
2026-04-30 11:06:24 | INFO     | ayumi.openapi_spot_feed | Connected to demo.ctraderapi.com:5035
2026-04-30 11:06:29 | WARNING  | ayumi.openapi_spot_feed | Disconnected: [Failure instance: Traceback (failure with no frames): <class 'twisted.internet.error.ConnectionDone'>: Connection was closed cleanly.
]
2026-04-30 11:06:30 | WARNING  | ayumi.openapi_spot_feed | Disconnected: [Failure instance: Traceback (failure with no frames): <class 'twisted.internet.error.ConnectionDone'>: Connection was closed cleanly.
]
2026-04-30 11:06:30 | INFO     | ayumi.openapi_spot_feed | Connected to demo.ctraderapi.com:5035
2026-04-30 11:06:31 | WARNING  | ayumi.openapi_spot_feed | Disconnected: [Failure instance: Traceback (failure with no frames): <class 'twisted.internet.error.ConnectionDone'>: Connection was closed cleanly.
]
2026-04-30 11:06:33 | INFO     | ayumi.openapi_spot_feed | Connected to demo.ctraderapi.com:5035
2026-04-30 11:06:33 | INFO     | ayumi.openapi_spot_feed | Connected to demo.ctraderapi.com:5035
2026-04-30 11:06:38 | WARNING  | ayumi.openapi_spot_feed | Disconnected: [Failure instance: Traceback (failure with no frames): <class 'twisted.internet.error.ConnectionDone'>: Connection was closed cleanly.
]
2026-04-30 11:06:38 | WARNING  | ayumi.openapi_spot_feed | Disconnected: [Failure instance: Traceback (failure with no frames): <class 'twisted.internet.error.ConnectionDone'>: Connection was closed cleanly.
]
2026-04-30 11:06:40 | INFO     | ayumi.openapi_spot_feed | Connected to demo.ctraderapi.com:5035
2026-04-30 11:06:41 | INFO     | ayumi.openapi_spot_feed | Connected to demo.ctraderapi.com:5035
2026-04-30 11:06:41 | WARNING  | ayumi.openapi_spot_feed | Disconnected: [Failure instance: Traceback (failure with no frames): <class 'twisted.internet.error.ConnectionDone'>: Connection was closed cleanly.
]
2026-04-30 11:06:43 | WARNING  | ayumi.openapi_spot_feed | Disconnected: [Failure instance: Traceback (failure with no frames): <class 'twisted.internet.error.ConnectionDone'>: Connection was closed cleanly.
]
2026-04-30 11:06:43 | INFO     | ayumi.openapi_spot_feed | Connected to demo.ctraderapi.com:5035
2026-04-30 11:06:45 | INFO     | ayumi.openapi_spot_feed | Connected to demo.ctraderapi.com:5035
2026-04-30 11:06:45 | WARNING  | ayumi.openapi_spot_feed | Disconnected: [Failure instance: Traceback (failure with no frames): <class 'twisted.internet.error.ConnectionDone'>: Connection was closed cleanly.
]
2026-04-30 11:06:48 | INFO     | ayumi.openapi_spot_feed | Connected to demo.ctraderapi.com:5035
2026-04-30 11:06:54 | WARNING  | ayumi.openapi_spot_feed | Disconnected: [Failure instance: Traceback (failure with no frames): <class 'twisted.internet.error.ConnectionDone'>: Connection was closed cleanly.
]
2026-04-30 11:06:57 | INFO     | ayumi.openapi_spot_feed | Connected to demo.ctraderapi.com:5035
2026-04-30 11:07:01 | WARNING  | ayumi.openapi_spot_feed | Disconnected: [Failure instance: Traceback (failure with no frames): <class 'twisted.internet.error.ConnectionDone'>: Connection was closed cleanly.
]
2026-04-30 11:07:03 | INFO     | ayumi.openapi_spot_feed | Connected to demo.ctraderapi.com:5035
2026-04-30 11:07:03 | WARNING  | ayumi.openapi_spot_feed | Disconnected: [Failure instance: Traceback (failure with no frames): <class 'twisted.internet.error.ConnectionDone'>: Connection was closed cleanly.
]
2026-04-30 11:07:03 | WARNING  | ayumi.openapi_spot_feed | Disconnected: [Failure instance: Traceback (failure with no frames): <class 'twisted.internet.error.ConnectionDone'>: Connection was closed cleanly.
]
2026-04-30 11:07:04 | INFO     | ayumi.openapi_spot_feed | Connected to demo.ctraderapi.com:5035
2026-04-30 11:07:05 | INFO     | ayumi.openapi_spot_feed | Connected to demo.ctraderapi.com:5035
2026-04-30 11:07:10 | WARNING  | ayumi.openapi_spot_feed | Disconnected: [Failure instance: Traceback (failure with no frames): <class 'twisted.internet.error.ConnectionDone'>: Connection was closed cleanly.
]
2026-04-30 11:07:11 | WARNING  | ayumi.openapi_spot_feed | Disconnected: [Failure instance: Traceback (failure with no frames): <class 'twisted.internet.error.ConnectionDone'>: Connection was closed cleanly.
]
2026-04-30 11:07:13 | INFO     | ayumi.openapi_spot_feed | Connected to demo.ctraderapi.com:5035
2026-04-30 11:07:13 | INFO     | ayumi.openapi_spot_feed | Connected to demo.ctraderapi.com:5035
2026-04-30 11:07:13 | WARNING  | ayumi.openapi_spot_feed | Disconnected: [Failure instance: Traceback (failure with no frames): <class 'twisted.internet.error.ConnectionDone'>: Connection was closed cleanly.
]
2026-04-30 11:07:15 | WARNING  | ayumi.openapi_spot_feed | Disconnected: [Failure instance: Traceback (failure with no frames): <class 'twisted.internet.error.ConnectionDone'>: Connection was closed cleanly.
]
2026-04-30 11:07:16 | INFO     | ayumi.openapi_spot_feed | Connected to demo.ctraderapi.com:5035
2026-04-30 11:07:17 | INFO     | ayumi.openapi_spot_feed | Connected to demo.ctraderapi.com:5035
2026-04-30 11:07:18 | WARNING  | ayumi.openapi_spot_feed | Disconnected: [Failure instance: Traceback (failure with no frames): <class 'twisted.internet.error.ConnectionDone'>: Connection was closed cleanly.
]
2026-04-30 11:07:20 | INFO     | ayumi.openapi_spot_feed | Connected to demo.ctraderapi.com:5035
2026-04-30 11:07:27 | WARNING  | ayumi.openapi_spot_feed | Disconnected: [Failure instance: Traceback (failure with no frames): <class 'twisted.internet.error.ConnectionDone'>: Connection was closed cleanly.
]
2026-04-30 11:07:29 | INFO     | ayumi.openapi_spot_feed | Connected to demo.ctraderapi.com:5035
2026-04-30 11:07:33 | WARNING  | ayumi.openapi_spot_feed | Disconnected: [Failure instance: Traceback (failure with no frames): <class 'twisted.internet.error.ConnectionDone'>: Connection was closed cleanly.
]
2026-04-30 11:07:35 | WARNING  | ayumi.openapi_spot_feed | Disconnected: [Failure instance: Traceback (failure with no frames): <class 'twisted.internet.error.ConnectionDone'>: Connection was closed cleanly.
]
2026-04-30 11:07:35 | INFO     | ayumi.openapi_spot_feed | Connected to demo.ctraderapi.com:5035
2026-04-30 11:07:35 | WARNING  | ayumi.openapi_spot_feed | Disconnected: [Failure instance: Traceback (failure with no frames): <class 'twisted.internet.error.ConnectionDone'>: Connection was closed cleanly.
]
2026-04-30 11:07:37 | INFO     | ayumi.openapi_spot_feed | Connected to demo.ctraderapi.com:5035
2026-04-30 11:07:37 | INFO     | ayumi.openapi_spot_feed | Connected to demo.ctraderapi.com:5035
2026-04-30 11:07:43 | WARNING  | ayumi.openapi_spot_feed | Disconnected: [Failure instance: Traceback (failure with no frames): <class 'twisted.internet.error.ConnectionDone'>: Connection was closed cleanly.
]
2026-04-30 11:07:43 | WARNING  | ayumi.openapi_spot_feed | Disconnected: [Failure instance: Traceback (failure with no frames): <class 'twisted.internet.error.ConnectionDone'>: Connection was closed cleanly.
]
2026-04-30 11:07:45 | INFO     | ayumi.openapi_spot_feed | Connected to demo.ctraderapi.com:5035
2026-04-30 11:07:45 | INFO     | ayumi.openapi_spot_feed | Connected to demo.ctraderapi.com:5035
2026-04-30 11:07:46 | WARNING  | ayumi.openapi_spot_feed | Disconnected: [Failure instance: Traceback (failure with no frames): <class 'twisted.internet.error.ConnectionDone'>: Connection was closed cleanly.
]
2026-04-30 11:07:47 | WARNING  | ayumi.openapi_spot_feed | Disconnected: [Failure instance: Traceback (failure with no frames): <class 'twisted.internet.error.ConnectionDone'>: Connection was closed cleanly.
]
2026-04-30 11:07:48 | INFO     | ayumi.openapi_spot_feed | Connected to demo.ctraderapi.com:5035
2026-04-30 11:07:49 | INFO     | ayumi.openapi_spot_feed | Connected to demo.ctraderapi.com:5035
2026-04-30 11:07:50 | WARNING  | ayumi.openapi_spot_feed | Disconnected: [Failure instance: Traceback (failure with no frames): <class 'twisted.internet.error.ConnectionDone'>: Connection was closed cleanly.
]
2026-04-30 11:07:53 | INFO     | ayumi.openapi_spot_feed | Connected to demo.ctraderapi.com:5035
2026-04-30 11:07:59 | WARNING  | ayumi.openapi_spot_feed | Disconnected: [Failure instance: Traceback (failure with no frames): <class 'twisted.internet.error.ConnectionDone'>: Connection was closed cleanly.
]
2026-04-30 11:08:01 | INFO     | ayumi.openapi_spot_feed | Connected to demo.ctraderapi.com:5035
2026-04-30 11:08:05 | WARNING  | ayumi.openapi_spot_feed | Disconnected: [Failure instance: Traceback (failure with no frames): <class 'twisted.internet.error.ConnectionDone'>: Connection was closed cleanly.
]
2026-04-30 11:08:07 | WARNING  | ayumi.openapi_spot_feed | Disconnected: [Failure instance: Traceback (failure with no frames): <class 'twisted.internet.error.ConnectionDone'>: Connection was closed cleanly.
]
2026-04-30 11:08:07 | INFO     | ayumi.openapi_spot_feed | Connected to demo.ctraderapi.com:5035
2026-04-30 11:08:08 | WARNING  | ayumi.openapi_spot_feed | Disconnected: [Failure instance: Traceback (failure with no frames): <class 'twisted.internet.error.ConnectionDone'>: Connection was closed cleanly.
]
2026-04-30 11:08:09 | INFO     | ayumi.openapi_spot_feed | Connected to demo.ctraderapi.com:5035
2026-04-30 11:08:10 | INFO     | ayumi.openapi_spot_feed | Connected to demo.ctraderapi.com:5035
2026-04-30 11:08:15 | WARNING  | ayumi.openapi_spot_feed | Disconnected: [Failure instance: Traceback (failure with no frames): <class 'twisted.internet.error.ConnectionDone'>: Connection was closed cleanly.
]
2026-04-30 11:08:15 | WARNING  | ayumi.openapi_spot_feed | Disconnected: [Failure instance: Traceback (failure with no frames): <class 'twisted.internet.error.ConnectionDone'>: Connection was closed cleanly.
]
2026-04-30 11:08:17 | INFO     | ayumi.openapi_spot_feed | Connected to demo.ctraderapi.com:5035
2026-04-30 11:08:17 | INFO     | ayumi.openapi_spot_feed | Connected to demo.ctraderapi.com:5035
2026-04-30 11:08:18 | WARNING  | ayumi.openapi_spot_feed | Disconnected: [Failure instance: Traceback (failure with no frames): <class 'twisted.internet.error.ConnectionDone'>: Connection was closed cleanly.
]
2026-04-30 11:08:19 | WARNING  | ayumi.openapi_spot_feed | Disconnected: [Failure instance: Traceback (failure with no frames): <class 'twisted.internet.error.ConnectionDone'>: Connection was closed cleanly.
]
2026-04-30 11:08:20 | INFO     | ayumi.openapi_spot_feed | Connected to demo.ctraderapi.com:5035
2026-04-30 11:08:22 | INFO     | ayumi.openapi_spot_feed | Connected to demo.ctraderapi.com:5035
2026-04-30 11:08:23 | WARNING  | ayumi.openapi_spot_feed | Disconnected: [Failure instance: Traceback (failure with no frames): <class 'twisted.internet.error.ConnectionDone'>: Connection was closed cleanly.
]
2026-04-30 11:08:25 | INFO     | ayumi.openapi_spot_feed | Connected to demo.ctraderapi.com:5035
2026-04-30 11:08:31 | WARNING  | ayumi.openapi_spot_feed | Disconnected: [Failure instance: Traceback (failure with no frames): <class 'twisted.internet.error.ConnectionDone'>: Connection was closed cleanly.
]
2026-04-30 11:08:33 | INFO     | ayumi.openapi_spot_feed | Connected to demo.ctraderapi.com:5035
2026-04-30 11:08:37 | WARNING  | ayumi.openapi_spot_feed | Disconnected: [Failure instance: Traceback (failure with no frames): <class 'twisted.internet.error.ConnectionDone'>: Connection was closed cleanly.
]
2026-04-30 11:08:39 | WARNING  | ayumi.openapi_spot_feed | Disconnected: [Failure instance: Traceback (failure with no frames): <class 'twisted.internet.error.ConnectionDone'>: Connection was closed cleanly.
]
2026-04-30 11:08:40 | INFO     | ayumi.openapi_spot_feed | Connected to demo.ctraderapi.com:5035
2026-04-30 11:08:40 | WARNING  | ayumi.openapi_spot_feed | Disconnected: [Failure instance: Traceback (failure with no frames): <class 'twisted.internet.error.ConnectionDone'>: Connection was closed cleanly.
]
2026-04-30 11:08:41 | INFO     | ayumi.openapi_spot_feed | Connected to demo.ctraderapi.com:5035
2026-04-30 11:08:42 | INFO     | ayumi.openapi_spot_feed | Connected to demo.ctraderapi.com:5035
2026-04-30 11:08:47 | WARNING  | ayumi.openapi_spot_feed | Disconnected: [Failure instance: Traceback (failure with no frames): <class 'twisted.internet.error.ConnectionDone'>: Connection was closed cleanly.
]
2026-04-30 11:08:47 | WARNING  | ayumi.openapi_spot_feed | Disconnected: [Failure instance: Traceback (failure with no frames): <class 'twisted.internet.error.ConnectionDone'>: Connection was closed cleanly.
]
2026-04-30 11:08:49 | INFO     | ayumi.openapi_spot_feed | Connected to demo.ctraderapi.com:5035
2026-04-30 11:08:49 | INFO     | ayumi.openapi_spot_feed | Connected to demo.ctraderapi.com:5035
2026-04-30 11:08:50 | WARNING  | ayumi.openapi_spot_feed | Disconnected: [Failure instance: Traceback (failure with no frames): <class 'twisted.internet.error.ConnectionDone'>: Connection was closed cleanly.
]
2026-04-30 11:08:52 | INFO     | ayumi.openapi_spot_feed | Connected to demo.ctraderapi.com:5035
2026-04-30 11:08:52 | WARNING  | ayumi.openapi_spot_feed | Disconnected: [Failure instance: Traceback (failure with no frames): <class 'twisted.internet.error.ConnectionDone'>: Connection was closed cleanly.
]
2026-04-30 11:08:54 | INFO     | ayumi.openapi_spot_feed | Connected to demo.ctraderapi.com:5035
2026-04-30 11:08:55 | WARNING  | ayumi.openapi_spot_feed | Disconnected: [Failure instance: Traceback (failure with no frames): <class 'twisted.internet.error.ConnectionDone'>: Connection was closed cleanly.
]
2026-04-30 11:08:57 | INFO     | ayumi.openapi_spot_feed | Connected to demo.ctraderapi.com:5035
2026-04-30 11:09:03 | WARNING  | ayumi.openapi_spot_feed | Disconnected: [Failure instance: Traceback (failure with no frames): <class 'twisted.internet.error.ConnectionDone'>: Connection was closed cleanly.
]
2026-04-30 11:09:05 | INFO     | ayumi.openapi_spot_feed | Connected to demo.ctraderapi.com:5035
2026-04-30 11:09:10 | WARNING  | ayumi.openapi_spot_feed | Disconnected: [Failure instance: Traceback (failure with no frames): <class 'twisted.internet.error.ConnectionDone'>: Connection was closed cleanly.
]
2026-04-30 11:09:11 | WARNING  | ayumi.openapi_spot_feed | Disconnected: [Failure instance: Traceback (failure with no frames): <class 'twisted.internet.error.ConnectionDone'>: Connection was closed cleanly.
]
2026-04-30 11:09:12 | INFO     | ayumi.openapi_spot_feed | Connected to demo.ctraderapi.com:5035
2026-04-30 11:09:12 | WARNING  | ayumi.openapi_spot_feed | Disconnected: [Failure instance: Traceback (failure with no frames): <class 'twisted.internet.error.ConnectionDone'>: Connection was closed cleanly.
]
2026-04-30 11:09:13 | INFO     | ayumi.openapi_spot_feed | Connected to demo.ctraderapi.com:5035
2026-04-30 11:09:14 | INFO     | ayumi.openapi_spot_feed | Connected to demo.ctraderapi.com:5035
2026-04-30 11:09:19 | WARNING  | ayumi.openapi_spot_feed | Disconnected: [Failure instance: Traceback (failure with no frames): <class 'twisted.internet.error.ConnectionDone'>: Connection was closed cleanly.
]
2026-04-30 11:09:20 | WARNING  | ayumi.openapi_spot_feed | Disconnected: [Failure instance: Traceback (failure with no frames): <class 'twisted.internet.error.ConnectionDone'>: Connection was closed cleanly.
]
2026-04-30 11:09:21 | INFO     | ayumi.openapi_spot_feed | Connected to demo.ctraderapi.com:5035
2026-04-30 11:09:21 | INFO     | ayumi.openapi_spot_feed | Connected to demo.ctraderapi.com:5035
2026-04-30 11:09:22 | WARNING  | ayumi.openapi_spot_feed | Disconnected: [Failure instance: Traceback (failure with no frames): <class 'twisted.internet.error.ConnectionDone'>: Connection was closed cleanly.
]
2026-04-30 11:09:24 | INFO     | ayumi.openapi_spot_feed | Connected to demo.ctraderapi.com:5035
2026-04-30 11:09:24 | WARNING  | ayumi.openapi_spot_feed | Disconnected: [Failure instance: Traceback (failure with no frames): <class 'twisted.internet.error.ConnectionDone'>: Connection was closed cleanly.
]
2026-04-30 11:09:26 | INFO     | ayumi.openapi_spot_feed | Connected to demo.ctraderapi.com:5035
2026-04-30 11:09:27 | WARNING  | ayumi.openapi_spot_feed | Disconnected: [Failure instance: Traceback (failure with no frames): <class 'twisted.internet.error.ConnectionDone'>: Connection was closed cleanly.
]
2026-04-30 11:09:29 | INFO     | ayumi.openapi_spot_feed | Connected to demo.ctraderapi.com:5035
2026-04-30 11:09:36 | WARNING  | ayumi.openapi_spot_feed | Disconnected: [Failure instance: Traceback (failure with no frames): <class 'twisted.internet.error.ConnectionDone'>: Connection was closed cleanly.
]
2026-04-30 11:09:37 | INFO     | ayumi.openapi_spot_feed | Connected to demo.ctraderapi.com:5035
2026-04-30 11:09:42 | WARNING  | ayumi.openapi_spot_feed | Disconnected: [Failure instance: Traceback (failure with no frames): <class 'twisted.internet.error.ConnectionDone'>: Connection was closed cleanly.
]
2026-04-30 11:09:43 | WARNING  | ayumi.openapi_spot_feed | Disconnected: [Failure instance: Traceback (failure with no frames): <class 'twisted.internet.error.ConnectionDone'>: Connection was closed cleanly.
]
2026-04-30 11:09:44 | INFO     | ayumi.openapi_spot_feed | Connected to demo.ctraderapi.com:5035
2026-04-30 11:09:45 | WARNING  | ayumi.openapi_spot_feed | Disconnected: [Failure instance: Traceback (failure with no frames): <class 'twisted.internet.error.ConnectionDone'>: Connection was closed cleanly.
]
2026-04-30 11:09:45 | INFO     | ayumi.openapi_spot_feed | Connected to demo.ctraderapi.com:5035
2026-04-30 11:09:46 | INFO     | ayumi.openapi_spot_feed | Connected to demo.ctraderapi.com:5035
2026-04-30 11:09:52 | WARNING  | ayumi.openapi_spot_feed | Disconnected: [Failure instance: Traceback (failure with no frames): <class 'twisted.internet.error.ConnectionDone'>: Connection was closed cleanly.
]
2026-04-30 11:09:52 | WARNING  | ayumi.openapi_spot_feed | Disconnected: [Failure instance: Traceback (failure with no frames): <class 'twisted.internet.error.ConnectionDone'>: Connection was closed cleanly.
]
2026-04-30 11:09:53 | INFO     | ayumi.openapi_spot_feed | Connected to demo.ctraderapi.com:5035
2026-04-30 11:09:54 | WARNING  | ayumi.openapi_spot_feed | Disconnected: [Failure instance: Traceback (failure with no frames): <class 'twisted.internet.error.ConnectionDone'>: Connection was closed cleanly.
]
2026-04-30 11:09:54 | INFO     | ayumi.openapi_spot_feed | Connected to demo.ctraderapi.com:5035
2026-04-30 11:09:56 | INFO     | ayumi.openapi_spot_feed | Connected to demo.ctraderapi.com:5035
2026-04-30 11:09:56 | WARNING  | ayumi.openapi_spot_feed | Disconnected: [Failure instance: Traceback (failure with no frames): <class 'twisted.internet.error.ConnectionDone'>: Connection was closed cleanly.
]
2026-04-30 11:09:58 | INFO     | ayumi.openapi_spot_feed | Connected to demo.ctraderapi.com:5035
2026-04-30 11:09:59 | WARNING  | ayumi.openapi_spot_feed | Disconnected: [Failure instance: Traceback (failure with no frames): <class 'twisted.internet.error.ConnectionDone'>: Connection was closed cleanly.
]
2026-04-30 11:10:01 | INFO     | ayumi.openapi_spot_feed | Connected to demo.ctraderapi.com:5035
2026-04-30 11:10:08 | WARNING  | ayumi.openapi_spot_feed | Disconnected: [Failure instance: Traceback (failure with no frames): <class 'twisted.internet.error.ConnectionDone'>: Connection was closed cleanly.
]
2026-04-30 11:10:10 | INFO     | ayumi.openapi_spot_feed | Connected to demo.ctraderapi.com:5035
2026-04-30 11:10:14 | WARNING  | ayumi.openapi_spot_feed | Disconnected: [Failure instance: Traceback (failure with no frames): <class 'twisted.internet.error.ConnectionDone'>: Connection was closed cleanly.
]
2026-04-30 11:10:15 | WARNING  | ayumi.openapi_spot_feed | Disconnected: [Failure instance: Traceback (failure with no frames): <class 'twisted.internet.error.ConnectionDone'>: Connection was closed cleanly.
]
2026-04-30 11:10:16 | INFO     | ayumi.openapi_spot_feed | Connected to demo.ctraderapi.com:5035
2026-04-30 11:10:17 | WARNING  | ayumi.openapi_spot_feed | Disconnected: [Failure instance: Traceback (failure with no frames): <class 'twisted.internet.error.ConnectionDone'>: Connection was closed cleanly.
]
2026-04-30 11:10:17 | INFO     | ayumi.openapi_spot_feed | Connected to demo.ctraderapi.com:5035
2026-04-30 11:10:19 | INFO     | ayumi.openapi_spot_feed | Connected to demo.ctraderapi.com:5035
2026-04-30 11:10:24 | WARNING  | ayumi.openapi_spot_feed | Disconnected: [Failure instance: Traceback (failure with no frames): <class 'twisted.internet.error.ConnectionDone'>: Connection was closed cleanly.
]
2026-04-30 11:10:24 | WARNING  | ayumi.openapi_spot_feed | Disconnected: [Failure instance: Traceback (failure with no frames): <class 'twisted.internet.error.ConnectionDone'>: Connection was closed cleanly.
]
2026-04-30 11:10:25 | INFO     | ayumi.openapi_spot_feed | Connected to demo.ctraderapi.com:5035
2026-04-30 11:10:26 | WARNING  | ayumi.openapi_spot_feed | Disconnected: [Failure instance: Traceback (failure with no frames): <class 'twisted.internet.error.ConnectionDone'>: Connection was closed cleanly.
]
2026-04-30 11:10:27 | INFO     | ayumi.openapi_spot_feed | Connected to demo.ctraderapi.com:5035
2026-04-30 11:10:28 | INFO     | ayumi.openapi_spot_feed | Connected to demo.ctraderapi.com:5035
2026-04-30 11:10:28 | WARNING  | ayumi.openapi_spot_feed | Disconnected: [Failure instance: Traceback (failure with no frames): <class 'twisted.internet.error.ConnectionDone'>: Connection was closed cleanly.
]
2026-04-30 11:10:30 | INFO     | ayumi.openapi_spot_feed | Connected to demo.ctraderapi.com:5035
2026-04-30 11:10:31 | WARNING  | ayumi.openapi_spot_feed | Disconnected: [Failure instance: Traceback (failure with no frames): <class 'twisted.internet.error.ConnectionDone'>: Connection was closed cleanly.
]
2026-04-30 11:10:33 | INFO     | ayumi.openapi_spot_feed | Connected to demo.ctraderapi.com:5035
2026-04-30 11:10:40 | WARNING  | ayumi.openapi_spot_feed | Disconnected: [Failure instance: Traceback (failure with no frames): <class 'twisted.internet.error.ConnectionDone'>: Connection was closed cleanly.
]
2026-04-30 11:10:42 | INFO     | ayumi.openapi_spot_feed | Connected to demo.ctraderapi.com:5035
2026-04-30 11:10:46 | WARNING  | ayumi.openapi_spot_feed | Disconnected: [Failure instance: Traceback (failure with no frames): <class 'twisted.internet.error.ConnectionDone'>: Connection was closed cleanly.
]
2026-04-30 11:10:47 | WARNING  | ayumi.openapi_spot_feed | Disconnected: [Failure instance: Traceback (failure with no frames): <class 'twisted.internet.error.ConnectionDone'>: Connection was closed cleanly.
]
2026-04-30 11:10:49 | INFO     | ayumi.openapi_spot_feed | Connected to demo.ctraderapi.com:5035
2026-04-30 11:10:49 | INFO     | ayumi.openapi_spot_feed | Connected to demo.ctraderapi.com:5035
2026-04-30 11:10:49 | WARNING  | ayumi.openapi_spot_feed | Disconnected: [Failure instance: Traceback (failure with no frames): <class 'twisted.internet.error.ConnectionDone'>: Connection was closed cleanly.
]
2026-04-30 11:10:51 | INFO     | ayumi.openapi_spot_feed | Connected to demo.ctraderapi.com:5035
2026-04-30 11:10:55 | WARNING  | ayumi.openapi_spot_feed | Disconnected: [Failure instance: Traceback (failure with no frames): <class 'twisted.internet.error.ConnectionDone'>: Connection was closed cleanly.
]
2026-04-30 11:10:57 | WARNING  | ayumi.openapi_spot_feed | Disconnected: [Failure instance: Traceback (failure with no frames): <class 'twisted.internet.error.ConnectionDone'>: Connection was closed cleanly.
]
2026-04-30 11:10:58 | INFO     | ayumi.openapi_spot_feed | Connected to demo.ctraderapi.com:5035
2026-04-30 11:10:58 | WARNING  | ayumi.openapi_spot_feed | Disconnected: [Failure instance: Traceback (failure with no frames): <class 'twisted.internet.error.ConnectionDone'>: Connection was closed cleanly.
]
2026-04-30 11:10:59 | INFO     | ayumi.openapi_spot_feed | Connected to demo.ctraderapi.com:5035
2026-04-30 11:11:00 | INFO     | ayumi.openapi_spot_feed | Connected to demo.ctraderapi.com:5035
2026-04-30 11:11:00 | WARNING  | ayumi.openapi_spot_feed | Disconnected: [Failure instance: Traceback (failure with no frames): <class 'twisted.internet.error.ConnectionDone'>: Connection was closed cleanly.
]
2026-04-30 11:11:02 | INFO     | ayumi.openapi_spot_feed | Connected to demo.ctraderapi.com:5035
2026-04-30 11:11:04 | WARNING  | ayumi.openapi_spot_feed | Disconnected: [Failure instance: Traceback (failure with no frames): <class 'twisted.internet.error.ConnectionDone'>: Connection was closed cleanly.
]
2026-04-30 11:11:05 | INFO     | ayumi.openapi_spot_feed | Connected to demo.ctraderapi.com:5035
2026-04-30 11:11:12 | WARNING  | ayumi.openapi_spot_feed | Disconnected: [Failure instance: Traceback (failure with no frames): <class 'twisted.internet.error.ConnectionDone'>: Connection was closed cleanly.
]
2026-04-30 11:11:14 | INFO     | ayumi.openapi_spot_feed | Connected to demo.ctraderapi.com:5035
2026-04-30 11:11:19 | WARNING  | ayumi.openapi_spot_feed | Disconnected: [Failure instance: Traceback (failure with no frames): <class 'twisted.internet.error.ConnectionDone'>: Connection was closed cleanly.
]
2026-04-30 11:11:19 | WARNING  | ayumi.openapi_spot_feed | Disconnected: [Failure instance: Traceback (failure with no frames): <class 'twisted.internet.error.ConnectionDone'>: Connection was closed cleanly.
]
2026-04-30 11:11:21 | INFO     | ayumi.openapi_spot_feed | Connected to demo.ctraderapi.com:5035
2026-04-30 11:11:21 | INFO     | ayumi.openapi_spot_feed | Connected to demo.ctraderapi.com:5035
2026-04-30 11:11:21 | WARNING  | ayumi.openapi_spot_feed | Disconnected: [Failure instance: Traceback (failure with no frames): <class 'twisted.internet.error.ConnectionDone'>: Connection was closed cleanly.
]
2026-04-30 11:11:24 | INFO     | ayumi.openapi_spot_feed | Connected to demo.ctraderapi.com:5035
2026-04-30 11:11:28 | WARNING  | ayumi.openapi_spot_feed | Disconnected: [Failure instance: Traceback (failure with no frames): <class 'twisted.internet.error.ConnectionDone'>: Connection was closed cleanly.
]
2026-04-30 11:11:29 | WARNING  | ayumi.openapi_spot_feed | Disconnected: [Failure instance: Traceback (failure with no frames): <class 'twisted.internet.error.ConnectionDone'>: Connection was closed cleanly.
]
2026-04-30 11:11:30 | INFO     | ayumi.openapi_spot_feed | Connected to demo.ctraderapi.com:5035
2026-04-30 11:11:30 | WARNING  | ayumi.openapi_spot_feed | Disconnected: [Failure instance: Traceback (failure with no frames): <class 'twisted.internet.error.ConnectionDone'>: Connection was closed cleanly.
]
2026-04-30 11:11:31 | INFO     | ayumi.openapi_spot_feed | Connected to demo.ctraderapi.com:5035
2026-04-30 11:11:32 | WARNING  | ayumi.openapi_spot_feed | Disconnected: [Failure instance: Traceback (failure with no frames): <class 'twisted.internet.error.ConnectionDone'>: Connection was closed cleanly.
]
2026-04-30 11:11:32 | INFO     | ayumi.openapi_spot_feed | Connected to demo.ctraderapi.com:5035
2026-04-30 11:11:34 | INFO     | ayumi.openapi_spot_feed | Connected to demo.ctraderapi.com:5035
2026-04-30 11:11:35 | WARNING  | ayumi.openapi_spot_feed | Disconnected: [Failure instance: Traceback (failure with no frames): <class 'twisted.internet.error.ConnectionDone'>: Connection was closed cleanly.
]
2026-04-30 11:11:37 | INFO     | ayumi.openapi_spot_feed | Connected to demo.ctraderapi.com:5035
2026-04-30 11:11:44 | WARNING  | ayumi.openapi_spot_feed | Disconnected: [Failure instance: Traceback (failure with no frames): <class 'twisted.internet.error.ConnectionDone'>: Connection was closed cleanly.
]
2026-04-30 11:11:46 | INFO     | ayumi.openapi_spot_feed | Connected to demo.ctraderapi.com:5035
2026-04-30 11:11:51 | WARNING  | ayumi.openapi_spot_feed | Disconnected: [Failure instance: Traceback (failure with no frames): <class 'twisted.internet.error.ConnectionDone'>: Connection was closed cleanly.
]
2026-04-30 11:11:51 | WARNING  | ayumi.openapi_spot_feed | Disconnected: [Failure instance: Traceback (failure with no frames): <class 'twisted.internet.error.ConnectionDone'>: Connection was closed cleanly.
]
2026-04-30 11:11:53 | INFO     | ayumi.openapi_spot_feed | Connected to demo.ctraderapi.com:5035
2026-04-30 11:11:54 | INFO     | ayumi.openapi_spot_feed | Connected to demo.ctraderapi.com:5035
2026-04-30 11:11:54 | WARNING  | ayumi.openapi_spot_feed | Disconnected: [Failure instance: Traceback (failure with no frames): <class 'twisted.internet.error.ConnectionDone'>: Connection was closed cleanly.
]
2026-04-30 11:11:56 | INFO     | ayumi.openapi_spot_feed | Connected to demo.ctraderapi.com:5035
2026-04-30 11:12:00 | WARNING  | ayumi.openapi_spot_feed | Disconnected: [Failure instance: Traceback (failure with no frames): <class 'twisted.internet.error.ConnectionDone'>: Connection was closed cleanly.
]
2026-04-30 11:12:01 | WARNING  | ayumi.openapi_spot_feed | Disconnected: [Failure instance: Traceback (failure with no frames): <class 'twisted.internet.error.ConnectionDone'>: Connection was closed cleanly.
]
2026-04-30 11:12:02 | INFO     | ayumi.openapi_spot_feed | Connected to demo.ctraderapi.com:5035
2026-04-30 11:12:02 | WARNING  | ayumi.openapi_spot_feed | Disconnected: [Failure instance: Traceback (failure with no frames): <class 'twisted.internet.error.ConnectionDone'>: Connection was closed cleanly.
]
2026-04-30 11:12:03 | INFO     | ayumi.openapi_spot_feed | Connected to demo.ctraderapi.com:5035
2026-04-30 11:12:04 | WARNING  | ayumi.openapi_spot_feed | Disconnected: [Failure instance: Traceback (failure with no frames): <class 'twisted.internet.error.ConnectionDone'>: Connection was closed cleanly.
]
2026-04-30 11:12:04 | INFO     | ayumi.openapi_spot_feed | Connected to demo.ctraderapi.com:5035
2026-04-30 11:12:06 | INFO     | ayumi.openapi_spot_feed | Connected to demo.ctraderapi.com:5035
2026-04-30 11:12:07 | WARNING  | ayumi.openapi_spot_feed | Disconnected: [Failure instance: Traceback (failure with no frames): <class 'twisted.internet.error.ConnectionDone'>: Connection was closed cleanly.
]
2026-04-30 11:12:10 | INFO     | ayumi.openapi_spot_feed | Connected to demo.ctraderapi.com:5035
2026-04-30 11:12:16 | WARNING  | ayumi.openapi_spot_feed | Disconnected: [Failure instance: Traceback (failure with no frames): <class 'twisted.internet.error.ConnectionDone'>: Connection was closed cleanly.
]
2026-04-30 11:12:18 | INFO     | ayumi.openapi_spot_feed | Connected to demo.ctraderapi.com:5035
2026-04-30 11:12:23 | WARNING  | ayumi.openapi_spot_feed | Disconnected: [Failure instance: Traceback (failure with no frames): <class 'twisted.internet.error.ConnectionDone'>: Connection was closed cleanly.
]
2026-04-30 11:12:24 | WARNING  | ayumi.openapi_spot_feed | Disconnected: [Failure instance: Traceback (failure with no frames): <class 'twisted.internet.error.ConnectionDone'>: Connection was closed cleanly.
]
2026-04-30 11:12:25 | INFO     | ayumi.openapi_spot_feed | Connected to demo.ctraderapi.com:5035
2026-04-30 11:12:26 | WARNING  | ayumi.openapi_spot_feed | Disconnected: [Failure instance: Traceback (failure with no frames): <class 'twisted.internet.error.ConnectionDone'>: Connection was closed cleanly.
]
2026-04-30 11:12:26 | INFO     | ayumi.openapi_spot_feed | Connected to demo.ctraderapi.com:5035
2026-04-30 11:12:28 | INFO     | ayumi.openapi_spot_feed | Connected to demo.ctraderapi.com:5035
2026-04-30 11:12:32 | WARNING  | ayumi.openapi_spot_feed | Disconnected: [Failure instance: Traceback (failure with no frames): <class 'twisted.internet.error.ConnectionDone'>: Connection was closed cleanly.
]
2026-04-30 11:12:33 | WARNING  | ayumi.openapi_spot_feed | Disconnected: [Failure instance: Traceback (failure with no frames): <class 'twisted.internet.error.ConnectionDone'>: Connection was closed cleanly.
]
2026-04-30 11:12:34 | WARNING  | ayumi.openapi_spot_feed | Disconnected: [Failure instance: Traceback (failure with no frames): <class 'twisted.internet.error.ConnectionDone'>: Connection was closed cleanly.
]
2026-04-30 11:12:34 | INFO     | ayumi.openapi_spot_feed | Connected to demo.ctraderapi.com:5035
2026-04-30 11:12:35 | INFO     | ayumi.openapi_spot_feed | Connected to demo.ctraderapi.com:5035
2026-04-30 11:12:36 | WARNING  | ayumi.openapi_spot_feed | Disconnected: [Failure instance: Traceback (failure with no frames): <class 'twisted.internet.error.ConnectionDone'>: Connection was closed cleanly.
]
2026-04-30 11:12:36 | INFO     | ayumi.openapi_spot_feed | Connected to demo.ctraderapi.com:5035
2026-04-30 11:12:38 | INFO     | ayumi.openapi_spot_feed | Connected to demo.ctraderapi.com:5035
2026-04-30 11:12:40 | WARNING  | ayumi.openapi_spot_feed | Disconnected: [Failure instance: Traceback (failure with no frames): <class 'twisted.internet.error.ConnectionDone'>: Connection was closed cleanly.
]
2026-04-30 11:12:42 | INFO     | ayumi.openapi_spot_feed | Connected to demo.ctraderapi.com:5035
2026-04-30 11:12:48 | WARNING  | ayumi.openapi_spot_feed | Disconnected: [Failure instance: Traceback (failure with no frames): <class 'twisted.internet.error.ConnectionDone'>: Connection was closed cleanly.
]
2026-04-30 11:12:50 | INFO     | ayumi.openapi_spot_feed | Connected to demo.ctraderapi.com:5035
2026-04-30 11:12:55 | WARNING  | ayumi.openapi_spot_feed | Disconnected: [Failure instance: Traceback (failure with no frames): <class 'twisted.internet.error.ConnectionDone'>: Connection was closed cleanly.
]
2026-04-30 11:12:56 | WARNING  | ayumi.openapi_spot_feed | Disconnected: [Failure instance: Traceback (failure with no frames): <class 'twisted.internet.error.ConnectionDone'>: Connection was closed cleanly.
]
2026-04-30 11:12:58 | INFO     | ayumi.openapi_spot_feed | Connected to demo.ctraderapi.com:5035
2026-04-30 11:12:58 | INFO     | ayumi.openapi_spot_feed | Connected to demo.ctraderapi.com:5035
2026-04-30 11:12:58 | WARNING  | ayumi.openapi_spot_feed | Disconnected: [Failure instance: Traceback (failure with no frames): <class 'twisted.internet.error.ConnectionDone'>: Connection was closed cleanly.
]
2026-04-30 11:13:00 | INFO     | ayumi.openapi_spot_feed | Connected to demo.ctraderapi.com:5035
2026-04-30 11:13:04 | WARNING  | ayumi.openapi_spot_feed | Disconnected: [Failure instance: Traceback (failure with no frames): <class 'twisted.internet.error.ConnectionDone'>: Connection was closed cleanly.
]
2026-04-30 11:13:06 | WARNING  | ayumi.openapi_spot_feed | Disconnected: [Failure instance: Traceback (failure with no frames): <class 'twisted.internet.error.ConnectionDone'>: Connection was closed cleanly.
]
2026-04-30 11:13:06 | WARNING  | ayumi.openapi_spot_feed | Disconnected: [Failure instance: Traceback (failure with no frames): <class 'twisted.internet.error.ConnectionDone'>: Connection was closed cleanly.
]
2026-04-30 11:13:07 | INFO     | ayumi.openapi_spot_feed | Connected to demo.ctraderapi.com:5035
2026-04-30 11:13:07 | INFO     | ayumi.openapi_spot_feed | Connected to demo.ctraderapi.com:5035
2026-04-30 11:13:08 | INFO     | ayumi.openapi_spot_feed | Connected to demo.ctraderapi.com:5035
2026-04-30 11:13:08 | WARNING  | ayumi.openapi_spot_feed | Disconnected: [Failure instance: Traceback (failure with no frames): <class 'twisted.internet.error.ConnectionDone'>: Connection was closed cleanly.
]
2026-04-30 11:13:10 | INFO     | ayumi.openapi_spot_feed | Connected to demo.ctraderapi.com:5035
2026-04-30 11:13:12 | WARNING  | ayumi.openapi_spot_feed | Disconnected: [Failure instance: Traceback (failure with no frames): <class 'twisted.internet.error.ConnectionDone'>: Connection was closed cleanly.
]
2026-04-30 11:13:15 | INFO     | ayumi.openapi_spot_feed | Connected to demo.ctraderapi.com:5035
2026-04-30 11:13:16 | INFO     | ayumi.forward_test | Shutdown signal received (sig=15)
2026-04-30 11:13:21 | WARNING  | ayumi.openapi_spot_feed | Disconnected: [Failure instance: Traceback (failure with no frames): <class 'twisted.internet.error.ConnectionDone'>: Connection was closed cleanly.
]
2026-04-30 11:13:23 | INFO     | ayumi.openapi_spot_feed | Connected to demo.ctraderapi.com:5035
