2026-05-20 15:44:59 | INFO     | ayumi.pid_guard | PID 4145368 written to /home/TacoPants/projects/Ayumi/data/forward_test.pid
2026-05-20 15:44:59 | INFO     | ayumi.blend_launcher | === Ayumi Multi-Strategy Forward Test (Blend Pipeline) ===
2026-05-20 15:44:59 | INFO     | ayumi.blend_launcher | Symbols: ['GBPUSD', 'USDJPY']
2026-05-20 15:45:02 | WARNING  | ayumi.blend_launcher | Could not fetch symbol list from OpenAPI: 'CTraderOpenApiClient' object has no attribute 'get_symbols' — using static mapping
2026-05-20 15:45:02 | INFO     | ayumi.blend_launcher | Fetching 100 H1 bars for GBPUSD (id=2)...
2026-05-20 15:45:04 | INFO     | ayumi.blend_launcher | Fetched 99 H1 bars for GBPUSD
2026-05-20 15:45:04 | INFO     | ayumi.blend_launcher | Fetching 200 M15 bars for GBPUSD (id=2)...
2026-05-20 15:45:05 | INFO     | ayumi.blend_launcher | Fetched 199 M15 bars for GBPUSD
2026-05-20 15:45:05 | INFO     | ayumi.blend_launcher | Fetching 100 H1 bars for USDJPY (id=4)...
2026-05-20 15:45:07 | INFO     | ayumi.blend_launcher | Fetched 99 H1 bars for USDJPY
2026-05-20 15:45:07 | INFO     | ayumi.blend_launcher | Fetching 200 M15 bars for USDJPY (id=4)...
2026-05-20 15:45:08 | INFO     | ayumi.blend_launcher | Fetched 199 M15 bars for USDJPY
2026-05-20 15:45:08 | INFO     | ayumi.blend_launcher | Registered 8 strategies: ['SRMR+', 'Killzone Momentum', 'Donchian Channel Breakout', 'Session-Range Mean Reversion', 'BB+RSI Mean Reversion', 'Session Breakout London', 'Session Breakout NY', 'Session Breakout Asian']
2026-05-20 15:45:08 | INFO     | ayumi.blend_launcher | All strategy .name properties verified against maps
2026-05-20 15:45:08 | INFO     | ayumi.risk | Restored risk state from data/risk_state_blend.json
2026-05-20 15:45:08 | INFO     | ayumi.forward_test | BlendForwardTestRunner started — balance=$10000.00
2026-05-20 15:45:08 | INFO     | ayumi.forward_test | Preloaded 99 bars into key 'GBPUSD:60'
2026-05-20 15:45:08 | INFO     | ayumi.blend_launcher | Preloaded 99 60min bars for GBPUSD into engine
2026-05-20 15:45:08 | INFO     | ayumi.forward_test | Preloaded 199 bars into key 'GBPUSD:15'
2026-05-20 15:45:08 | INFO     | ayumi.blend_launcher | Preloaded 199 15min bars for GBPUSD into engine
2026-05-20 15:45:08 | INFO     | ayumi.forward_test | Preloaded 99 bars into key 'USDJPY:60'
2026-05-20 15:45:08 | INFO     | ayumi.blend_launcher | Preloaded 99 60min bars for USDJPY into engine
2026-05-20 15:45:08 | INFO     | ayumi.forward_test | Preloaded 199 bars into key 'USDJPY:15'
2026-05-20 15:45:08 | INFO     | ayumi.blend_launcher | Preloaded 199 15min bars for USDJPY into engine
2026-05-20 15:45:08 | INFO     | ayumi.blend_launcher | === STARTING MULTI-STRATEGY FORWARD TEST ===
2026-05-20 15:45:08 | INFO     | ayumi.blend_launcher | Pipeline: SRMR+ + Killzone + Momentum + SessionRangeMR → Correlation Gate → Blend Runner → Paper
2026-05-20 15:45:08 | INFO     | ayumi.blend_launcher | Startup diagnostic: strategies=['SRMR+', 'Killzone Momentum', 'Donchian Channel Breakout', 'Session-Range Mean Reversion', 'BB+RSI Mean Reversion', 'Session Breakout London', 'Session Breakout NY', 'Session Breakout Asian']
2026-05-20 15:45:08 | INFO     | ayumi.blend_launcher | Startup diagnostic: symbols=['GBPUSD', 'USDJPY']
2026-05-20 15:45:08 | INFO     | ayumi.blend_launcher | Startup diagnostic: bar_period=60m, min_confidence=0.50
2026-05-20 15:45:08 | INFO     | ayumi.blend_launcher | Startup diagnostic: strategy_timeframes={'SRMR+': 60, 'Killzone Momentum': 15, 'Donchian Channel Breakout': 15, 'Session-Range Mean Reversion': 60, 'BB+RSI Mean Reversion': 60, 'Session Breakout London': 15, 'Session Breakout NY': 15, 'Session Breakout Asian': 15}
2026-05-20 15:45:08 | WARNING  | ayumi.forward_test | Credential validation: sender_comp_id is empty — may cause FIX logon failure
2026-05-20 15:45:08 | INFO     | ayumi.forward_test | OpenApiLiveClient constructed for live_mode
2026-05-20 15:45:08 | INFO     | ayumi.openapi_spot_feed | Connected to demo.ctraderapi.com:5035
2026-05-20 15:45:08 | INFO     | ayumi.openapi_spot_feed | Reconnect restore: starting re-authentication...
2026-05-20 15:45:09 | INFO     | ayumi.openapi_spot_feed | Reconnect restore: application authenticated
2026-05-20 15:45:10 | INFO     | ayumi.openapi_spot_feed | Reconnect restore: account authenticated
2026-05-20 15:45:10 | INFO     | ayumi.openapi_spot_feed | Reconnect restore: completed successfully
2026-05-20 15:45:18 | ERROR    | ayumi.openapi_spot_feed | Send-and-wait failed: [Failure instance: Traceback: <class 'twisted.internet.defer.TimeoutError'>: (10, 'Deferred')
/home/TacoPants/projects/Ayumi/.venv/lib/python3.12/site-packages/twisted/internet/defer.py:798:timeItOut
/home/TacoPants/projects/Ayumi/.venv/lib/python3.12/site-packages/twisted/internet/defer.py:957:cancel
/home/TacoPants/projects/Ayumi/.venv/lib/python3.12/site-packages/twisted/internet/defer.py:916:errback
/home/TacoPants/projects/Ayumi/.venv/lib/python3.12/site-packages/twisted/internet/defer.py:984:_startRunCallbacks
--- <exception caught here> ---
/home/TacoPants/projects/Ayumi/.venv/lib/python3.12/site-packages/twisted/internet/defer.py:1078:_runCallbacks
/home/TacoPants/projects/Ayumi/.venv/lib/python3.12/site-packages/twisted/internet/defer.py:809:convertCancelled
/home/TacoPants/projects/Ayumi/.venv/lib/python3.12/site-packages/twisted/internet/defer.py:293:_cancelledToTimedOutError
]
2026-05-20 15:45:18 | ERROR    | ayumi.openapi_spot_feed | Application auth failed
2026-05-20 15:45:18 | ERROR    | ayumi.forward_test | Failed to start market data feed
2026-05-20 15:45:18 | ERROR    | ayumi.blend_launcher | Engine failed to start — FIX connection likely rejected. Check console output for details.
2026-05-20 15:45:18 | ERROR    | ayumi.blend_launcher | Verify: CTRADER_ACCOUNT, CTRADER_PASSWORD, CTRADER_HOST, CTRADER_READONLY_SSL_PORT in .env
2026-05-20 15:45:18 | INFO     | ayumi.risk | Saved risk state to data/risk_state_blend.json
2026-05-20 15:45:18 | INFO     | ayumi.forward_test | BlendForwardTestRunner stopped — balance=$10000.00
2026-05-20 15:45:18 | INFO     | ayumi.pid_guard | PID file /home/TacoPants/projects/Ayumi/data/forward_test.pid removed
2026-05-20 15:46:20 | INFO     | ayumi.pid_guard | PID 4145671 written to /home/TacoPants/projects/Ayumi/data/forward_test.pid
2026-05-20 15:46:20 | INFO     | ayumi.blend_launcher | === Ayumi Multi-Strategy Forward Test (Blend Pipeline) ===
2026-05-20 15:46:20 | INFO     | ayumi.blend_launcher | Symbols: ['GBPUSD', 'USDJPY']
2026-05-20 15:46:22 | WARNING  | ayumi.blend_launcher | Could not fetch symbol list from OpenAPI: 'CTraderOpenApiClient' object has no attribute 'get_symbols' — using static mapping
2026-05-20 15:46:22 | INFO     | ayumi.blend_launcher | Fetching 100 H1 bars for GBPUSD (id=2)...
2026-05-20 15:46:24 | INFO     | ayumi.blend_launcher | Fetched 99 H1 bars for GBPUSD
2026-05-20 15:46:24 | INFO     | ayumi.blend_launcher | Fetching 200 M15 bars for GBPUSD (id=2)...
2026-05-20 15:46:25 | INFO     | ayumi.blend_launcher | Fetched 199 M15 bars for GBPUSD
2026-05-20 15:46:25 | INFO     | ayumi.blend_launcher | Fetching 100 H1 bars for USDJPY (id=4)...
2026-05-20 15:46:27 | INFO     | ayumi.blend_launcher | Fetched 99 H1 bars for USDJPY
2026-05-20 15:46:27 | INFO     | ayumi.blend_launcher | Fetching 200 M15 bars for USDJPY (id=4)...
2026-05-20 15:46:28 | INFO     | ayumi.blend_launcher | Fetched 199 M15 bars for USDJPY
2026-05-20 15:46:28 | INFO     | ayumi.blend_launcher | Registered 8 strategies: ['SRMR+', 'Killzone Momentum', 'Donchian Channel Breakout', 'Session-Range Mean Reversion', 'BB+RSI Mean Reversion', 'Session Breakout London', 'Session Breakout NY', 'Session Breakout Asian']
2026-05-20 15:46:28 | INFO     | ayumi.blend_launcher | All strategy .name properties verified against maps
2026-05-20 15:46:28 | INFO     | ayumi.risk | Restored risk state from data/risk_state_blend.json
2026-05-20 15:46:28 | INFO     | ayumi.forward_test | BlendForwardTestRunner started — balance=$10000.00
2026-05-20 15:46:28 | INFO     | ayumi.forward_test | Preloaded 99 bars into key 'GBPUSD:60'
2026-05-20 15:46:28 | INFO     | ayumi.blend_launcher | Preloaded 99 60min bars for GBPUSD into engine
2026-05-20 15:46:28 | INFO     | ayumi.forward_test | Preloaded 199 bars into key 'GBPUSD:15'
2026-05-20 15:46:28 | INFO     | ayumi.blend_launcher | Preloaded 199 15min bars for GBPUSD into engine
2026-05-20 15:46:28 | INFO     | ayumi.forward_test | Preloaded 99 bars into key 'USDJPY:60'
2026-05-20 15:46:28 | INFO     | ayumi.blend_launcher | Preloaded 99 60min bars for USDJPY into engine
2026-05-20 15:46:28 | INFO     | ayumi.forward_test | Preloaded 199 bars into key 'USDJPY:15'
2026-05-20 15:46:28 | INFO     | ayumi.blend_launcher | Preloaded 199 15min bars for USDJPY into engine
2026-05-20 15:46:28 | INFO     | ayumi.blend_launcher | === STARTING MULTI-STRATEGY FORWARD TEST ===
2026-05-20 15:46:28 | INFO     | ayumi.blend_launcher | Pipeline: SRMR+ + Killzone + Momentum + SessionRangeMR → Correlation Gate → Blend Runner → Paper
2026-05-20 15:46:28 | INFO     | ayumi.blend_launcher | Startup diagnostic: strategies=['SRMR+', 'Killzone Momentum', 'Donchian Channel Breakout', 'Session-Range Mean Reversion', 'BB+RSI Mean Reversion', 'Session Breakout London', 'Session Breakout NY', 'Session Breakout Asian']
2026-05-20 15:46:28 | INFO     | ayumi.blend_launcher | Startup diagnostic: symbols=['GBPUSD', 'USDJPY']
2026-05-20 15:46:28 | INFO     | ayumi.blend_launcher | Startup diagnostic: bar_period=60m, min_confidence=0.50
2026-05-20 15:46:28 | INFO     | ayumi.blend_launcher | Startup diagnostic: strategy_timeframes={'SRMR+': 60, 'Killzone Momentum': 15, 'Donchian Channel Breakout': 15, 'Session-Range Mean Reversion': 60, 'BB+RSI Mean Reversion': 60, 'Session Breakout London': 15, 'Session Breakout NY': 15, 'Session Breakout Asian': 15}
2026-05-20 15:46:28 | WARNING  | ayumi.forward_test | Credential validation: sender_comp_id is empty — may cause FIX logon failure
2026-05-20 15:46:28 | INFO     | ayumi.forward_test | OpenApiLiveClient constructed for live_mode
2026-05-20 15:46:28 | INFO     | ayumi.openapi_spot_feed | Connected to demo.ctraderapi.com:5035
2026-05-20 15:46:28 | INFO     | ayumi.openapi_spot_feed | Reconnect restore: starting re-authentication...
2026-05-20 15:46:29 | INFO     | ayumi.openapi_spot_feed | Application authenticated
2026-05-20 15:46:30 | INFO     | ayumi.openapi_spot_feed | No token lifetime from server — defaulting to 86400s
2026-05-20 15:46:30 | INFO     | ayumi.openapi_spot_feed | Scheduling proactive token refresh in 69120s (token lifetime=86400s)
2026-05-20 15:46:30 | INFO     | ayumi.openapi_spot_feed | Account authenticated
2026-05-20 15:46:30 | INFO     | ayumi.openapi_spot_feed | Requesting symbol list for account 46877902
2026-05-20 15:46:31 | INFO     | ayumi.openapi_spot_feed | Loaded 830 symbol name mappings from API
2026-05-20 15:46:31 | INFO     | ayumi.openapi_spot_feed | Pre-fetching details for GBPUSD (id=2)
2026-05-20 15:46:32 | INFO     | ayumi.openapi_spot_feed | Fetched symbol details: id=2 digits=5
2026-05-20 15:46:32 | INFO     | ayumi.openapi_spot_feed | Pre-fetching details for USDJPY (id=4)
2026-05-20 15:46:33 | INFO     | ayumi.openapi_spot_feed | Fetched symbol details: id=4 digits=3
2026-05-20 15:46:33 | INFO     | ayumi.openapi_spot_feed | Subscribed to spot events for symbol_id=2
2026-05-20 15:46:33 | INFO     | ayumi.openapi_spot_feed | Subscribed to spot events for symbol_id=4
2026-05-20 15:46:33 | INFO     | ayumi.openapi_spot_feed | OpenApiSpotFeed started: account=46877902 symbols_loaded=2
2026-05-20 15:46:33 | INFO     | ayumi.forward_test | Open API spot feed connected for ['GBPUSD', 'USDJPY']
2026-05-20 15:46:33 | INFO     | ayumi.openapi_live_client | [OpenApiLiveClient] Symbol map set: 830 entries
2026-05-20 15:46:33 | INFO     | ayumi.openapi_live_client | [OpenApiLiveClient] Riding on spot feed's authenticated connection
2026-05-20 15:46:33 | INFO     | ayumi.forward_test | OpenApiLiveClient connected — live mode active
2026-05-20 15:46:33 | INFO     | ayumi.forward_test | Skipping preload for GBPUSD 60m — already has 99 bars
2026-05-20 15:46:33 | INFO     | ayumi.forward_test | Skipping preload for GBPUSD 15m — already has 199 bars
2026-05-20 15:46:33 | INFO     | ayumi.forward_test | Skipping preload for USDJPY 60m — already has 99 bars
2026-05-20 15:46:33 | INFO     | ayumi.forward_test | Skipping preload for USDJPY 15m — already has 199 bars
2026-05-20 15:46:33 | INFO     | ayumi.forward_test | Bar preloading complete
2026-05-20 15:46:33 | INFO     | ayumi.forward_test | Forward test started: symbols=['GBPUSD', 'USDJPY'] strategies=['SRMR+', 'Killzone Momentum', 'Donchian Channel Breakout', 'Session-Range Mean Reversion', 'BB+RSI Mean Reversion', 'Session Breakout London', 'Session Breakout NY', 'Session Breakout Asian'] mode=LIVE eval_interval=1.0s bar_period=60m
2026-05-20 15:46:33 | INFO     | ayumi.forward_test | [B5 Startup] Strategy list: ['SRMR+', 'Killzone Momentum', 'Donchian Channel Breakout', 'Session-Range Mean Reversion', 'BB+RSI Mean Reversion', 'Session Breakout London', 'Session Breakout NY', 'Session Breakout Asian']
2026-05-20 15:46:33 | INFO     | ayumi.forward_test | [B5 Startup] Symbols: ['GBPUSD', 'USDJPY']
2026-05-20 15:46:33 | INFO     | ayumi.forward_test | [B5 Startup] Bar period: 60m
2026-05-20 15:46:33 | INFO     | ayumi.forward_test | [B5 Startup] Min confidence: 0.50
2026-05-20 15:46:33 | INFO     | ayumi.forward_test | [B5 Startup] Min bars for evaluation: 55
2026-05-20 15:46:33 | INFO     | ayumi.forward_test | [B5 Startup] Strategy timeframes: {'SRMR+': 60, 'Killzone Momentum': 15, 'Donchian Channel Breakout': 15, 'Session-Range Mean Reversion': 60, 'BB+RSI Mean Reversion': 60, 'Session Breakout London': 15, 'Session Breakout NY': 15, 'Session Breakout Asian': 15}
2026-05-20 15:46:33 | INFO     | ayumi.forward_test | [B5 Startup] Required timeframes: [15, 60]
2026-05-20 15:46:34 | INFO     | ayumi.orchestrator | Adapted signal: strategy=srmr_plus symbol=GBPUSD dir=SHORT conf=0.61 entry=1.34516 sl=1.34659 sl_dist=0.001422
2026-05-20 15:46:34 | INFO     | ayumi.orchestrator | Signal received: strategy=srmr_plus symbol=GBPUSD direction=SHORT confidence=0.611
2026-05-20 15:46:34 | INFO     | ayumi.orchestrator | Routing: strategy=srmr_plus symbol=GBPUSD → profile=Profile.SWARM
2026-05-20 15:46:34 | INFO     | ayumi.orchestrator | Signal accepted: strategy=srmr_plus symbol=GBPUSD lots=0.1800 risk=$25.00 sl=14.2pips
2026-05-20 15:46:34 | INFO     | ayumi.forward_test | Order accepted: GBPUSD SHORT 0.1800 lots risk=$25.00
2026-05-20 15:46:34 | INFO     | ayumi.blend_launcher | Signal accepted: srmr_plus short GBPUSD @ 1.34516 conf=0.61 lots=0.1800
2026-05-20 15:46:34 | WARNING  | ayumi.blend_launcher | Trade execution failed: Risk:Reward 1.50 below minimum 1.5
2026-05-20 15:46:34 | INFO     | ayumi.orchestrator | Adapted signal: strategy=session_breakout_ny symbol=GBPUSD dir=LONG conf=0.90 entry=1.34516 sl=1.34250 sl_dist=0.002669
2026-05-20 15:46:34 | INFO     | ayumi.orchestrator | Signal received: strategy=session_breakout_ny symbol=GBPUSD direction=LONG confidence=0.900
2026-05-20 15:46:34 | INFO     | ayumi.orchestrator | Routing: strategy=session_breakout_ny symbol=GBPUSD → profile=Profile.SNIPER
2026-05-20 15:46:34 | INFO     | ayumi.orchestrator | Signal accepted: strategy=session_breakout_ny symbol=GBPUSD lots=0.1900 risk=$50.00 sl=26.7pips
2026-05-20 15:46:34 | INFO     | ayumi.forward_test | Order accepted: GBPUSD LONG 0.1900 lots risk=$50.00
2026-05-20 15:46:34 | INFO     | ayumi.blend_launcher | Signal accepted: session_breakout_ny long GBPUSD @ 1.34516 conf=0.90 lots=0.1900
2026-05-20 15:46:34 | ERROR    | ayumi.blend_launcher | Trade execution error: 'int' object has no attribute 'append'
Traceback (most recent call last):
  File "/home/TacoPants/projects/Ayumi/scripts/launch_blend_forward_test.py", line 337, in _route_signal
    exec_result = self._paper_trader.process_signal(
                  ^^^^^^^^^^^^^^^^^^^^^^^^^^^^^^^^^^
  File "/home/TacoPants/projects/Ayumi/src/forex-bot/adapters/ctrader/paper_trader.py", line 117, in process_signal
    trade_result = self._execute_order(
                   ^^^^^^^^^^^^^^^^^^^^
  File "/home/TacoPants/projects/Ayumi/src/forex-bot/adapters/ctrader/paper_trader.py", line 160, in _execute_order
    return self._order_manager.execute_live_order(
           ^^^^^^^^^^^^^^^^^^^^^^^^^^^^^^^^^^^^^^^
  File "/home/TacoPants/projects/Ayumi/src/forex-bot/adapters/ctrader/order_manager.py", line 283, in execute_live_order
    order = self._api_client.send_order(
            ^^^^^^^^^^^^^^^^^^^^^^^^^^^^
  File "/home/TacoPants/projects/Ayumi/src/forex-bot/adapters/ctrader/open_api_live_client.py", line 419, in send_order
    return self.send_market_order(
           ^^^^^^^^^^^^^^^^^^^^^^^
  File "/home/TacoPants/projects/Ayumi/src/forex-bot/adapters/ctrader/open_api_live_client.py", line 466, in send_market_order
    req.symbolId.append(symbol_id)
    ^^^^^^^^^^^^^^^^^^^
AttributeError: 'int' object has no attribute 'append'
2026-05-20 15:46:38 | ERROR    | ayumi.openapi_spot_feed | Send-and-wait failed: [Failure instance: Traceback: <class 'twisted.internet.defer.TimeoutError'>: (10, 'Deferred')
/home/TacoPants/projects/Ayumi/.venv/lib/python3.12/site-packages/twisted/internet/defer.py:798:timeItOut
/home/TacoPants/projects/Ayumi/.venv/lib/python3.12/site-packages/twisted/internet/defer.py:957:cancel
/home/TacoPants/projects/Ayumi/.venv/lib/python3.12/site-packages/twisted/internet/defer.py:916:errback
/home/TacoPants/projects/Ayumi/.venv/lib/python3.12/site-packages/twisted/internet/defer.py:984:_startRunCallbacks
--- <exception caught here> ---
/home/TacoPants/projects/Ayumi/.venv/lib/python3.12/site-packages/twisted/internet/defer.py:1078:_runCallbacks
/home/TacoPants/projects/Ayumi/.venv/lib/python3.12/site-packages/twisted/internet/defer.py:809:convertCancelled
/home/TacoPants/projects/Ayumi/.venv/lib/python3.12/site-packages/twisted/internet/defer.py:293:_cancelledToTimedOutError
]
2026-05-20 15:46:38 | ERROR    | ayumi.openapi_spot_feed | Reconnect restore: application auth failed
2026-05-20 15:46:39 | INFO     | ayumi.orchestrator | Adapted signal: strategy=srmr_plus symbol=GBPUSD dir=SHORT conf=0.61 entry=1.34518 sl=1.34660 sl_dist=0.001422
2026-05-20 15:46:39 | INFO     | ayumi.orchestrator | Signal received: strategy=srmr_plus symbol=GBPUSD direction=SHORT confidence=0.611
2026-05-20 15:46:39 | INFO     | ayumi.orchestrator | Routing: strategy=srmr_plus symbol=GBPUSD → profile=Profile.SWARM
2026-05-20 15:46:39 | INFO     | ayumi.orchestrator | Signal accepted: strategy=srmr_plus symbol=GBPUSD lots=0.1800 risk=$25.00 sl=14.2pips
2026-05-20 15:46:39 | INFO     | ayumi.forward_test | Order accepted: GBPUSD SHORT 0.1800 lots risk=$25.00
2026-05-20 15:46:39 | INFO     | ayumi.blend_launcher | Signal accepted: srmr_plus short GBPUSD @ 1.34518 conf=0.61 lots=0.1800
2026-05-20 15:46:39 | WARNING  | ayumi.blend_launcher | Trade execution failed: Risk:Reward 1.50 below minimum 1.5
2026-05-20 15:46:41 | INFO     | ayumi.orchestrator | Adapted signal: strategy=srmr_plus symbol=GBPUSD dir=SHORT conf=0.61 entry=1.34522 sl=1.34664 sl_dist=0.001422
2026-05-20 15:46:41 | INFO     | ayumi.orchestrator | Signal received: strategy=srmr_plus symbol=GBPUSD direction=SHORT confidence=0.611
2026-05-20 15:46:41 | INFO     | ayumi.orchestrator | Routing: strategy=srmr_plus symbol=GBPUSD → profile=Profile.SWARM
2026-05-20 15:46:41 | INFO     | ayumi.orchestrator | Signal accepted: strategy=srmr_plus symbol=GBPUSD lots=0.1800 risk=$25.00 sl=14.2pips
2026-05-20 15:46:41 | INFO     | ayumi.forward_test | Order accepted: GBPUSD SHORT 0.1800 lots risk=$25.00
2026-05-20 15:46:41 | INFO     | ayumi.blend_launcher | Signal accepted: srmr_plus short GBPUSD @ 1.34522 conf=0.61 lots=0.1800
2026-05-20 15:46:41 | WARNING  | ayumi.blend_launcher | Trade execution failed: Risk:Reward 1.50 below minimum 1.5
2026-05-20 15:46:42 | INFO     | ayumi.orchestrator | Adapted signal: strategy=srmr_plus symbol=GBPUSD dir=SHORT conf=0.61 entry=1.34522 sl=1.34664 sl_dist=0.001422
2026-05-20 15:46:42 | INFO     | ayumi.orchestrator | Signal received: strategy=srmr_plus symbol=GBPUSD direction=SHORT confidence=0.611
2026-05-20 15:46:42 | INFO     | ayumi.orchestrator | Routing: strategy=srmr_plus symbol=GBPUSD → profile=Profile.SWARM
2026-05-20 15:46:42 | INFO     | ayumi.orchestrator | Signal accepted: strategy=srmr_plus symbol=GBPUSD lots=0.1800 risk=$25.00 sl=14.2pips
2026-05-20 15:46:42 | INFO     | ayumi.forward_test | Order accepted: GBPUSD SHORT 0.1800 lots risk=$25.00
2026-05-20 15:46:42 | INFO     | ayumi.blend_launcher | Signal accepted: srmr_plus short GBPUSD @ 1.34522 conf=0.61 lots=0.1800
2026-05-20 15:46:42 | WARNING  | ayumi.blend_launcher | Trade execution failed: Risk:Reward 1.50 below minimum 1.5
2026-05-20 15:46:43 | INFO     | ayumi.orchestrator | Adapted signal: strategy=srmr_plus symbol=GBPUSD dir=SHORT conf=0.61 entry=1.34515 sl=1.34657 sl_dist=0.001422
2026-05-20 15:46:43 | INFO     | ayumi.orchestrator | Signal received: strategy=srmr_plus symbol=GBPUSD direction=SHORT confidence=0.611
2026-05-20 15:46:43 | INFO     | ayumi.orchestrator | Routing: strategy=srmr_plus symbol=GBPUSD → profile=Profile.SWARM
2026-05-20 15:46:43 | INFO     | ayumi.orchestrator | Signal accepted: strategy=srmr_plus symbol=GBPUSD lots=0.1800 risk=$25.00 sl=14.2pips
2026-05-20 15:46:43 | INFO     | ayumi.forward_test | Order accepted: GBPUSD SHORT 0.1800 lots risk=$25.00
2026-05-20 15:46:43 | INFO     | ayumi.blend_launcher | Signal accepted: srmr_plus short GBPUSD @ 1.34515 conf=0.61 lots=0.1800
2026-05-20 15:46:43 | WARNING  | ayumi.blend_launcher | Trade execution failed: Risk:Reward 1.50 below minimum 1.5
2026-05-20 15:46:48 | INFO     | ayumi.orchestrator | Adapted signal: strategy=srmr_plus symbol=GBPUSD dir=SHORT conf=0.61 entry=1.34520 sl=1.34662 sl_dist=0.001422
2026-05-20 15:46:48 | INFO     | ayumi.orchestrator | Signal received: strategy=srmr_plus symbol=GBPUSD direction=SHORT confidence=0.611
2026-05-20 15:46:48 | INFO     | ayumi.orchestrator | Routing: strategy=srmr_plus symbol=GBPUSD → profile=Profile.SWARM
2026-05-20 15:46:48 | INFO     | ayumi.orchestrator | Signal accepted: strategy=srmr_plus symbol=GBPUSD lots=0.1800 risk=$25.00 sl=14.2pips
2026-05-20 15:46:48 | INFO     | ayumi.forward_test | Order accepted: GBPUSD SHORT 0.1800 lots risk=$25.00
2026-05-20 15:46:48 | INFO     | ayumi.blend_launcher | Signal accepted: srmr_plus short GBPUSD @ 1.34520 conf=0.61 lots=0.1800
2026-05-20 15:46:48 | WARNING  | ayumi.blend_launcher | Trade execution failed: Risk:Reward 1.50 below minimum 1.5
2026-05-20 15:46:50 | INFO     | ayumi.orchestrator | Adapted signal: strategy=srmr_plus symbol=GBPUSD dir=SHORT conf=0.61 entry=1.34520 sl=1.34663 sl_dist=0.001422
2026-05-20 15:46:50 | INFO     | ayumi.orchestrator | Signal received: strategy=srmr_plus symbol=GBPUSD direction=SHORT confidence=0.611
2026-05-20 15:46:50 | INFO     | ayumi.orchestrator | Routing: strategy=srmr_plus symbol=GBPUSD → profile=Profile.SWARM
2026-05-20 15:46:50 | INFO     | ayumi.orchestrator | Signal accepted: strategy=srmr_plus symbol=GBPUSD lots=0.1800 risk=$25.00 sl=14.2pips
2026-05-20 15:46:50 | INFO     | ayumi.forward_test | Order accepted: GBPUSD SHORT 0.1800 lots risk=$25.00
2026-05-20 15:46:50 | INFO     | ayumi.blend_launcher | Signal accepted: srmr_plus short GBPUSD @ 1.34520 conf=0.61 lots=0.1800
2026-05-20 15:46:50 | WARNING  | ayumi.blend_launcher | Trade execution failed: Risk:Reward 1.50 below minimum 1.5
2026-05-20 15:46:52 | INFO     | ayumi.orchestrator | Adapted signal: strategy=srmr_plus symbol=GBPUSD dir=SHORT conf=0.61 entry=1.34518 sl=1.34660 sl_dist=0.001422
2026-05-20 15:46:52 | INFO     | ayumi.orchestrator | Signal received: strategy=srmr_plus symbol=GBPUSD direction=SHORT confidence=0.611
2026-05-20 15:46:52 | INFO     | ayumi.orchestrator | Routing: strategy=srmr_plus symbol=GBPUSD → profile=Profile.SWARM
2026-05-20 15:46:52 | INFO     | ayumi.orchestrator | Signal accepted: strategy=srmr_plus symbol=GBPUSD lots=0.1800 risk=$25.00 sl=14.2pips
2026-05-20 15:46:52 | INFO     | ayumi.forward_test | Order accepted: GBPUSD SHORT 0.1800 lots risk=$25.00
2026-05-20 15:46:52 | INFO     | ayumi.blend_launcher | Signal accepted: srmr_plus short GBPUSD @ 1.34518 conf=0.61 lots=0.1800
2026-05-20 15:46:52 | WARNING  | ayumi.blend_launcher | Trade execution failed: Risk:Reward 1.50 below minimum 1.5
2026-05-20 15:46:53 | INFO     | ayumi.orchestrator | Adapted signal: strategy=srmr_plus symbol=GBPUSD dir=SHORT conf=0.61 entry=1.34516 sl=1.34658 sl_dist=0.001422
2026-05-20 15:46:53 | INFO     | ayumi.orchestrator | Signal received: strategy=srmr_plus symbol=GBPUSD direction=SHORT confidence=0.611
2026-05-20 15:46:53 | INFO     | ayumi.orchestrator | Routing: strategy=srmr_plus symbol=GBPUSD → profile=Profile.SWARM
2026-05-20 15:46:53 | INFO     | ayumi.orchestrator | Signal accepted: strategy=srmr_plus symbol=GBPUSD lots=0.1800 risk=$25.00 sl=14.2pips
2026-05-20 15:46:53 | INFO     | ayumi.forward_test | Order accepted: GBPUSD SHORT 0.1800 lots risk=$25.00
2026-05-20 15:46:53 | INFO     | ayumi.blend_launcher | Signal accepted: srmr_plus short GBPUSD @ 1.34516 conf=0.61 lots=0.1800
2026-05-20 15:46:53 | WARNING  | ayumi.blend_launcher | Trade execution failed: Risk:Reward 1.50 below minimum 1.5
2026-05-20 15:46:56 | INFO     | ayumi.orchestrator | Adapted signal: strategy=srmr_plus symbol=GBPUSD dir=SHORT conf=0.61 entry=1.34512 sl=1.34655 sl_dist=0.001422
2026-05-20 15:46:56 | INFO     | ayumi.orchestrator | Signal received: strategy=srmr_plus symbol=GBPUSD direction=SHORT confidence=0.611
2026-05-20 15:46:56 | INFO     | ayumi.orchestrator | Routing: strategy=srmr_plus symbol=GBPUSD → profile=Profile.SWARM
2026-05-20 15:46:56 | INFO     | ayumi.orchestrator | Signal accepted: strategy=srmr_plus symbol=GBPUSD lots=0.1800 risk=$25.00 sl=14.2pips
2026-05-20 15:46:56 | INFO     | ayumi.forward_test | Order accepted: GBPUSD SHORT 0.1800 lots risk=$25.00
2026-05-20 15:46:56 | INFO     | ayumi.blend_launcher | Signal accepted: srmr_plus short GBPUSD @ 1.34512 conf=0.61 lots=0.1800
2026-05-20 15:46:56 | WARNING  | ayumi.blend_launcher | Trade execution failed: Risk:Reward 1.50 below minimum 1.5
2026-05-20 15:46:58 | INFO     | ayumi.orchestrator | Adapted signal: strategy=srmr_plus symbol=GBPUSD dir=SHORT conf=0.61 entry=1.34515 sl=1.34657 sl_dist=0.001422
2026-05-20 15:46:58 | INFO     | ayumi.orchestrator | Signal received: strategy=srmr_plus symbol=GBPUSD direction=SHORT confidence=0.611
2026-05-20 15:46:58 | INFO     | ayumi.orchestrator | Routing: strategy=srmr_plus symbol=GBPUSD → profile=Profile.SWARM
2026-05-20 15:46:58 | INFO     | ayumi.orchestrator | Signal accepted: strategy=srmr_plus symbol=GBPUSD lots=0.1800 risk=$25.00 sl=14.2pips
2026-05-20 15:46:58 | INFO     | ayumi.forward_test | Order accepted: GBPUSD SHORT 0.1800 lots risk=$25.00
2026-05-20 15:46:58 | INFO     | ayumi.blend_launcher | Signal accepted: srmr_plus short GBPUSD @ 1.34515 conf=0.61 lots=0.1800
2026-05-20 15:46:58 | WARNING  | ayumi.blend_launcher | Trade execution failed: Risk:Reward 1.50 below minimum 1.5
2026-05-20 15:47:03 | INFO     | ayumi.orchestrator | Adapted signal: strategy=srmr_plus symbol=GBPUSD dir=SHORT conf=0.61 entry=1.34515 sl=1.34657 sl_dist=0.001422
2026-05-20 15:47:03 | INFO     | ayumi.orchestrator | Signal received: strategy=srmr_plus symbol=GBPUSD direction=SHORT confidence=0.611
2026-05-20 15:47:03 | INFO     | ayumi.orchestrator | Routing: strategy=srmr_plus symbol=GBPUSD → profile=Profile.SWARM
2026-05-20 15:47:03 | INFO     | ayumi.orchestrator | Signal accepted: strategy=srmr_plus symbol=GBPUSD lots=0.1800 risk=$25.00 sl=14.2pips
2026-05-20 15:47:03 | INFO     | ayumi.forward_test | Order accepted: GBPUSD SHORT 0.1800 lots risk=$25.00
2026-05-20 15:47:03 | INFO     | ayumi.blend_launcher | Signal accepted: srmr_plus short GBPUSD @ 1.34515 conf=0.61 lots=0.1800
2026-05-20 15:47:03 | WARNING  | ayumi.blend_launcher | Trade execution failed: Risk:Reward 1.50 below minimum 1.5
2026-05-20 15:47:04 | INFO     | ayumi.orchestrator | Adapted signal: strategy=srmr_plus symbol=GBPUSD dir=SHORT conf=0.61 entry=1.34514 sl=1.34656 sl_dist=0.001422
2026-05-20 15:47:04 | INFO     | ayumi.orchestrator | Signal received: strategy=srmr_plus symbol=GBPUSD direction=SHORT confidence=0.611
2026-05-20 15:47:04 | INFO     | ayumi.orchestrator | Routing: strategy=srmr_plus symbol=GBPUSD → profile=Profile.SWARM
2026-05-20 15:47:04 | INFO     | ayumi.orchestrator | Signal accepted: strategy=srmr_plus symbol=GBPUSD lots=0.1800 risk=$25.00 sl=14.2pips
2026-05-20 15:47:04 | INFO     | ayumi.forward_test | Order accepted: GBPUSD SHORT 0.1800 lots risk=$25.00
2026-05-20 15:47:04 | INFO     | ayumi.blend_launcher | Signal accepted: srmr_plus short GBPUSD @ 1.34514 conf=0.61 lots=0.1800
2026-05-20 15:47:04 | WARNING  | ayumi.blend_launcher | Trade execution failed: Risk:Reward 1.50 below minimum 1.5
2026-05-20 15:47:05 | INFO     | ayumi.orchestrator | Adapted signal: strategy=srmr_plus symbol=GBPUSD dir=SHORT conf=0.61 entry=1.34512 sl=1.34655 sl_dist=0.001422
2026-05-20 15:47:05 | INFO     | ayumi.orchestrator | Signal received: strategy=srmr_plus symbol=GBPUSD direction=SHORT confidence=0.611
2026-05-20 15:47:05 | INFO     | ayumi.orchestrator | Routing: strategy=srmr_plus symbol=GBPUSD → profile=Profile.SWARM
2026-05-20 15:47:05 | INFO     | ayumi.orchestrator | Signal accepted: strategy=srmr_plus symbol=GBPUSD lots=0.1800 risk=$25.00 sl=14.2pips
2026-05-20 15:47:05 | INFO     | ayumi.forward_test | Order accepted: GBPUSD SHORT 0.1800 lots risk=$25.00
2026-05-20 15:47:05 | INFO     | ayumi.blend_launcher | Signal accepted: srmr_plus short GBPUSD @ 1.34512 conf=0.61 lots=0.1800
2026-05-20 15:47:05 | WARNING  | ayumi.blend_launcher | Trade execution failed: Risk:Reward 1.50 below minimum 1.5
2026-05-20 15:47:10 | INFO     | ayumi.orchestrator | Adapted signal: strategy=srmr_plus symbol=GBPUSD dir=SHORT conf=0.61 entry=1.34525 sl=1.34667 sl_dist=0.001422
2026-05-20 15:47:10 | INFO     | ayumi.orchestrator | Signal received: strategy=srmr_plus symbol=GBPUSD direction=SHORT confidence=0.611
2026-05-20 15:47:10 | INFO     | ayumi.orchestrator | Routing: strategy=srmr_plus symbol=GBPUSD → profile=Profile.SWARM
2026-05-20 15:47:10 | INFO     | ayumi.orchestrator | Signal accepted: strategy=srmr_plus symbol=GBPUSD lots=0.1800 risk=$25.00 sl=14.2pips
2026-05-20 15:47:10 | INFO     | ayumi.forward_test | Order accepted: GBPUSD SHORT 0.1800 lots risk=$25.00
2026-05-20 15:47:10 | INFO     | ayumi.blend_launcher | Signal accepted: srmr_plus short GBPUSD @ 1.34525 conf=0.61 lots=0.1800
2026-05-20 15:47:10 | WARNING  | ayumi.blend_launcher | Trade execution failed: Risk:Reward 1.50 below minimum 1.5
2026-05-20 15:47:12 | INFO     | ayumi.orchestrator | Adapted signal: strategy=srmr_plus symbol=GBPUSD dir=SHORT conf=0.61 entry=1.34517 sl=1.34659 sl_dist=0.001422
2026-05-20 15:47:12 | INFO     | ayumi.orchestrator | Signal received: strategy=srmr_plus symbol=GBPUSD direction=SHORT confidence=0.611
2026-05-20 15:47:12 | INFO     | ayumi.orchestrator | Routing: strategy=srmr_plus symbol=GBPUSD → profile=Profile.SWARM
2026-05-20 15:47:12 | INFO     | ayumi.orchestrator | Signal accepted: strategy=srmr_plus symbol=GBPUSD lots=0.1800 risk=$25.00 sl=14.2pips
2026-05-20 15:47:12 | INFO     | ayumi.forward_test | Order accepted: GBPUSD SHORT 0.1800 lots risk=$25.00
2026-05-20 15:47:12 | INFO     | ayumi.blend_launcher | Signal accepted: srmr_plus short GBPUSD @ 1.34517 conf=0.61 lots=0.1800
2026-05-20 15:47:12 | WARNING  | ayumi.blend_launcher | Trade execution failed: Risk:Reward 1.50 below minimum 1.5
2026-05-20 15:47:13 | INFO     | ayumi.orchestrator | Adapted signal: strategy=srmr_plus symbol=GBPUSD dir=SHORT conf=0.61 entry=1.34517 sl=1.34659 sl_dist=0.001422
2026-05-20 15:47:13 | INFO     | ayumi.orchestrator | Signal received: strategy=srmr_plus symbol=GBPUSD direction=SHORT confidence=0.611
2026-05-20 15:47:13 | INFO     | ayumi.orchestrator | Routing: strategy=srmr_plus symbol=GBPUSD → profile=Profile.SWARM
2026-05-20 15:47:13 | INFO     | ayumi.orchestrator | Signal accepted: strategy=srmr_plus symbol=GBPUSD lots=0.1800 risk=$25.00 sl=14.2pips
2026-05-20 15:47:13 | INFO     | ayumi.forward_test | Order accepted: GBPUSD SHORT 0.1800 lots risk=$25.00
2026-05-20 15:47:13 | INFO     | ayumi.blend_launcher | Signal accepted: srmr_plus short GBPUSD @ 1.34517 conf=0.61 lots=0.1800
2026-05-20 15:47:13 | WARNING  | ayumi.blend_launcher | Trade execution failed: Risk:Reward 1.50 below minimum 1.5
2026-05-20 15:47:14 | INFO     | ayumi.orchestrator | Adapted signal: strategy=srmr_plus symbol=GBPUSD dir=SHORT conf=0.61 entry=1.34515 sl=1.34657 sl_dist=0.001422
2026-05-20 15:47:14 | INFO     | ayumi.orchestrator | Signal received: strategy=srmr_plus symbol=GBPUSD direction=SHORT confidence=0.611
2026-05-20 15:47:14 | INFO     | ayumi.orchestrator | Routing: strategy=srmr_plus symbol=GBPUSD → profile=Profile.SWARM
2026-05-20 15:47:14 | INFO     | ayumi.orchestrator | Signal accepted: strategy=srmr_plus symbol=GBPUSD lots=0.1800 risk=$25.00 sl=14.2pips
2026-05-20 15:47:14 | INFO     | ayumi.forward_test | Order accepted: GBPUSD SHORT 0.1800 lots risk=$25.00
2026-05-20 15:47:14 | INFO     | ayumi.blend_launcher | Signal accepted: srmr_plus short GBPUSD @ 1.34515 conf=0.61 lots=0.1800
2026-05-20 15:47:14 | WARNING  | ayumi.blend_launcher | Trade execution failed: Risk:Reward 1.50 below minimum 1.5
2026-05-20 15:47:15 | INFO     | ayumi.orchestrator | Adapted signal: strategy=srmr_plus symbol=GBPUSD dir=SHORT conf=0.61 entry=1.34515 sl=1.34657 sl_dist=0.001422
2026-05-20 15:47:15 | INFO     | ayumi.orchestrator | Signal received: strategy=srmr_plus symbol=GBPUSD direction=SHORT confidence=0.611
2026-05-20 15:47:15 | INFO     | ayumi.orchestrator | Routing: strategy=srmr_plus symbol=GBPUSD → profile=Profile.SWARM
2026-05-20 15:47:15 | WARNING  | ayumi.orchestrator | Signal rejected: strategy=srmr_plus symbol=GBPUSD reason=sizing gate=Trade risk $25.00 exceeds daily remaining $0.00 sl_pips=14.2 risk_avail=0.00
2026-05-20 15:47:15 | INFO     | ayumi.forward_test | Order rejected: GBPUSD — Trade risk $25.00 exceeds daily remaining $0.00
2026-05-20 15:47:15 | INFO     | ayumi.blend_launcher | Signal rejected by blend: srmr_plus short GBPUSD conf=0.61 — Trade risk $25.00 exceeds daily remaining $0.00
2026-05-20 15:47:17 | INFO     | ayumi.orchestrator | Adapted signal: strategy=srmr_plus symbol=GBPUSD dir=SHORT conf=0.61 entry=1.34515 sl=1.34657 sl_dist=0.001422
2026-05-20 15:47:17 | INFO     | ayumi.orchestrator | Signal received: strategy=srmr_plus symbol=GBPUSD direction=SHORT confidence=0.611
2026-05-20 15:47:17 | INFO     | ayumi.orchestrator | Routing: strategy=srmr_plus symbol=GBPUSD → profile=Profile.SWARM
2026-05-20 15:47:17 | WARNING  | ayumi.orchestrator | Signal rejected: strategy=srmr_plus symbol=GBPUSD reason=sizing gate=Trade risk $25.00 exceeds daily remaining $0.00 sl_pips=14.2 risk_avail=0.00
2026-05-20 15:47:17 | INFO     | ayumi.forward_test | Order rejected: GBPUSD — Trade risk $25.00 exceeds daily remaining $0.00
2026-05-20 15:47:17 | INFO     | ayumi.blend_launcher | Signal rejected by blend: srmr_plus short GBPUSD conf=0.61 — Trade risk $25.00 exceeds daily remaining $0.00
2026-05-20 15:47:19 | INFO     | ayumi.orchestrator | Adapted signal: strategy=srmr_plus symbol=GBPUSD dir=SHORT conf=0.61 entry=1.34514 sl=1.34656 sl_dist=0.001422
2026-05-20 15:47:19 | INFO     | ayumi.orchestrator | Signal received: strategy=srmr_plus symbol=GBPUSD direction=SHORT confidence=0.611
2026-05-20 15:47:19 | INFO     | ayumi.orchestrator | Routing: strategy=srmr_plus symbol=GBPUSD → profile=Profile.SWARM
2026-05-20 15:47:19 | WARNING  | ayumi.orchestrator | Signal rejected: strategy=srmr_plus symbol=GBPUSD reason=sizing gate=Trade risk $25.00 exceeds daily remaining $0.00 sl_pips=14.2 risk_avail=0.00
2026-05-20 15:47:19 | INFO     | ayumi.forward_test | Order rejected: GBPUSD — Trade risk $25.00 exceeds daily remaining $0.00
2026-05-20 15:47:19 | INFO     | ayumi.blend_launcher | Signal rejected by blend: srmr_plus short GBPUSD conf=0.61 — Trade risk $25.00 exceeds daily remaining $0.00
2026-05-20 15:47:20 | INFO     | ayumi.orchestrator | Adapted signal: strategy=srmr_plus symbol=GBPUSD dir=SHORT conf=0.61 entry=1.34515 sl=1.34657 sl_dist=0.001422
2026-05-20 15:47:20 | INFO     | ayumi.orchestrator | Signal received: strategy=srmr_plus symbol=GBPUSD direction=SHORT confidence=0.611
2026-05-20 15:47:20 | INFO     | ayumi.orchestrator | Routing: strategy=srmr_plus symbol=GBPUSD → profile=Profile.SWARM
2026-05-20 15:47:20 | WARNING  | ayumi.orchestrator | Signal rejected: strategy=srmr_plus symbol=GBPUSD reason=sizing gate=Trade risk $25.00 exceeds daily remaining $0.00 sl_pips=14.2 risk_avail=0.00
2026-05-20 15:47:20 | INFO     | ayumi.forward_test | Order rejected: GBPUSD — Trade risk $25.00 exceeds daily remaining $0.00
2026-05-20 15:47:20 | INFO     | ayumi.blend_launcher | Signal rejected by blend: srmr_plus short GBPUSD conf=0.61 — Trade risk $25.00 exceeds daily remaining $0.00
2026-05-20 15:47:22 | INFO     | ayumi.orchestrator | Adapted signal: strategy=srmr_plus symbol=GBPUSD dir=SHORT conf=0.61 entry=1.34513 sl=1.34656 sl_dist=0.001422
2026-05-20 15:47:22 | INFO     | ayumi.orchestrator | Signal received: strategy=srmr_plus symbol=GBPUSD direction=SHORT confidence=0.611
2026-05-20 15:47:22 | INFO     | ayumi.orchestrator | Routing: strategy=srmr_plus symbol=GBPUSD → profile=Profile.SWARM
2026-05-20 15:47:22 | WARNING  | ayumi.orchestrator | Signal rejected: strategy=srmr_plus symbol=GBPUSD reason=sizing gate=Trade risk $25.00 exceeds daily remaining $0.00 sl_pips=14.2 risk_avail=0.00
2026-05-20 15:47:22 | INFO     | ayumi.forward_test | Order rejected: GBPUSD — Trade risk $25.00 exceeds daily remaining $0.00
2026-05-20 15:47:22 | INFO     | ayumi.blend_launcher | Signal rejected by blend: srmr_plus short GBPUSD conf=0.61 — Trade risk $25.00 exceeds daily remaining $0.00
2026-05-20 15:47:24 | INFO     | ayumi.orchestrator | Adapted signal: strategy=srmr_plus symbol=GBPUSD dir=SHORT conf=0.61 entry=1.34513 sl=1.34656 sl_dist=0.001422
2026-05-20 15:47:24 | INFO     | ayumi.orchestrator | Signal received: strategy=srmr_plus symbol=GBPUSD direction=SHORT confidence=0.611
2026-05-20 15:47:24 | INFO     | ayumi.orchestrator | Routing: strategy=srmr_plus symbol=GBPUSD → profile=Profile.SWARM
2026-05-20 15:47:24 | WARNING  | ayumi.orchestrator | Signal rejected: strategy=srmr_plus symbol=GBPUSD reason=sizing gate=Trade risk $25.00 exceeds daily remaining $0.00 sl_pips=14.2 risk_avail=0.00
2026-05-20 15:47:24 | INFO     | ayumi.forward_test | Order rejected: GBPUSD — Trade risk $25.00 exceeds daily remaining $0.00
2026-05-20 15:47:24 | INFO     | ayumi.blend_launcher | Signal rejected by blend: srmr_plus short GBPUSD conf=0.61 — Trade risk $25.00 exceeds daily remaining $0.00
2026-05-20 15:47:33 | INFO     | ayumi.orchestrator | Adapted signal: strategy=srmr_plus symbol=GBPUSD dir=SHORT conf=0.61 entry=1.34509 sl=1.34652 sl_dist=0.001422
2026-05-20 15:47:33 | INFO     | ayumi.orchestrator | Signal received: strategy=srmr_plus symbol=GBPUSD direction=SHORT confidence=0.611
2026-05-20 15:47:33 | INFO     | ayumi.orchestrator | Routing: strategy=srmr_plus symbol=GBPUSD → profile=Profile.SWARM
2026-05-20 15:47:33 | WARNING  | ayumi.orchestrator | Signal rejected: strategy=srmr_plus symbol=GBPUSD reason=sizing gate=Trade risk $25.00 exceeds daily remaining $0.00 sl_pips=14.2 risk_avail=0.00
2026-05-20 15:47:33 | INFO     | ayumi.forward_test | Order rejected: GBPUSD — Trade risk $25.00 exceeds daily remaining $0.00
2026-05-20 15:47:33 | INFO     | ayumi.blend_launcher | Signal rejected by blend: srmr_plus short GBPUSD conf=0.61 — Trade risk $25.00 exceeds daily remaining $0.00
2026-05-20 15:47:33 | INFO     | ayumi.forward_test | [B5 Periodic] ticks=122 bars_built=0 signals=26 traded=19 eval_errors=0
2026-05-20 15:47:33 | WARNING  | ayumi.forward_test | [B5 Pipeline] 122 ticks received but 0 bars built — tick-to-bar conversion may be stalled
2026-05-20 15:47:33 | INFO     | ayumi.blend_launcher | [B5 Health] ticks=122 tps=1.56 bars=0 signals=26 trades=0 balance=10000.00 uptime=60s
2026-05-20 15:47:33 | WARNING  | ayumi.blend_launcher | [B5 Pipeline] Ticks received (122) but zero bars built — tick-to-bar pipeline may be stalled
2026-05-20 15:47:34 | INFO     | ayumi.orchestrator | Adapted signal: strategy=srmr_plus symbol=GBPUSD dir=SHORT conf=0.61 entry=1.34508 sl=1.34650 sl_dist=0.001422
2026-05-20 15:47:34 | INFO     | ayumi.orchestrator | Signal received: strategy=srmr_plus symbol=GBPUSD direction=SHORT confidence=0.611
2026-05-20 15:47:34 | INFO     | ayumi.orchestrator | Routing: strategy=srmr_plus symbol=GBPUSD → profile=Profile.SWARM
2026-05-20 15:47:34 | WARNING  | ayumi.orchestrator | Signal rejected: strategy=srmr_plus symbol=GBPUSD reason=sizing gate=Trade risk $25.00 exceeds daily remaining $0.00 sl_pips=14.2 risk_avail=0.00
2026-05-20 15:47:34 | INFO     | ayumi.forward_test | Order rejected: GBPUSD — Trade risk $25.00 exceeds daily remaining $0.00
2026-05-20 15:47:34 | INFO     | ayumi.blend_launcher | Signal rejected by blend: srmr_plus short GBPUSD conf=0.61 — Trade risk $25.00 exceeds daily remaining $0.00
2026-05-20 15:47:35 | INFO     | ayumi.orchestrator | Adapted signal: strategy=srmr_plus symbol=GBPUSD dir=SHORT conf=0.61 entry=1.34505 sl=1.34648 sl_dist=0.001422
2026-05-20 15:47:35 | INFO     | ayumi.orchestrator | Signal received: strategy=srmr_plus symbol=GBPUSD direction=SHORT confidence=0.611
2026-05-20 15:47:35 | INFO     | ayumi.orchestrator | Routing: strategy=srmr_plus symbol=GBPUSD → profile=Profile.SWARM
2026-05-20 15:47:35 | WARNING  | ayumi.orchestrator | Signal rejected: strategy=srmr_plus symbol=GBPUSD reason=sizing gate=Trade risk $25.00 exceeds daily remaining $0.00 sl_pips=14.2 risk_avail=0.00
2026-05-20 15:47:35 | INFO     | ayumi.forward_test | Order rejected: GBPUSD — Trade risk $25.00 exceeds daily remaining $0.00
2026-05-20 15:47:35 | INFO     | ayumi.blend_launcher | Signal rejected by blend: srmr_plus short GBPUSD conf=0.61 — Trade risk $25.00 exceeds daily remaining $0.00
2026-05-20 15:48:08 | INFO     | ayumi.pid_guard | PID 4146120 written to /home/TacoPants/projects/Ayumi/data/forward_test.pid
2026-05-20 15:48:08 | INFO     | ayumi.blend_launcher | === Ayumi Multi-Strategy Forward Test (Blend Pipeline) ===
2026-05-20 15:48:08 | INFO     | ayumi.blend_launcher | Symbols: ['GBPUSD', 'USDJPY']
2026-05-20 15:48:10 | WARNING  | ayumi.blend_launcher | Could not fetch symbol list from OpenAPI: 'CTraderOpenApiClient' object has no attribute 'get_symbols' — using static mapping
2026-05-20 15:48:10 | INFO     | ayumi.blend_launcher | Fetching 100 H1 bars for GBPUSD (id=2)...
2026-05-20 15:48:12 | INFO     | ayumi.blend_launcher | Fetched 99 H1 bars for GBPUSD
2026-05-20 15:48:12 | INFO     | ayumi.blend_launcher | Fetching 200 M15 bars for GBPUSD (id=2)...
2026-05-20 15:48:13 | INFO     | ayumi.blend_launcher | Fetched 199 M15 bars for GBPUSD
2026-05-20 15:48:13 | INFO     | ayumi.blend_launcher | Fetching 100 H1 bars for USDJPY (id=4)...
2026-05-20 15:48:15 | INFO     | ayumi.blend_launcher | Fetched 99 H1 bars for USDJPY
2026-05-20 15:48:15 | INFO     | ayumi.blend_launcher | Fetching 200 M15 bars for USDJPY (id=4)...
2026-05-20 15:48:16 | INFO     | ayumi.blend_launcher | Fetched 199 M15 bars for USDJPY
2026-05-20 15:48:16 | INFO     | ayumi.blend_launcher | Registered 8 strategies: ['SRMR+', 'Killzone Momentum', 'Donchian Channel Breakout', 'Session-Range Mean Reversion', 'BB+RSI Mean Reversion', 'Session Breakout London', 'Session Breakout NY', 'Session Breakout Asian']
2026-05-20 15:48:16 | INFO     | ayumi.blend_launcher | All strategy .name properties verified against maps
2026-05-20 15:48:16 | INFO     | ayumi.risk | Restored risk state from data/risk_state_blend.json
2026-05-20 15:48:16 | INFO     | ayumi.forward_test | BlendForwardTestRunner started — balance=$10000.00
2026-05-20 15:48:16 | INFO     | ayumi.forward_test | Preloaded 99 bars into key 'GBPUSD:60'
2026-05-20 15:48:16 | INFO     | ayumi.blend_launcher | Preloaded 99 60min bars for GBPUSD into engine
2026-05-20 15:48:16 | INFO     | ayumi.forward_test | Preloaded 199 bars into key 'GBPUSD:15'
2026-05-20 15:48:16 | INFO     | ayumi.blend_launcher | Preloaded 199 15min bars for GBPUSD into engine
2026-05-20 15:48:16 | INFO     | ayumi.forward_test | Preloaded 99 bars into key 'USDJPY:60'
2026-05-20 15:48:16 | INFO     | ayumi.blend_launcher | Preloaded 99 60min bars for USDJPY into engine
2026-05-20 15:48:16 | INFO     | ayumi.forward_test | Preloaded 199 bars into key 'USDJPY:15'
2026-05-20 15:48:16 | INFO     | ayumi.blend_launcher | Preloaded 199 15min bars for USDJPY into engine
2026-05-20 15:48:16 | INFO     | ayumi.blend_launcher | === STARTING MULTI-STRATEGY FORWARD TEST ===
2026-05-20 15:48:16 | INFO     | ayumi.blend_launcher | Pipeline: SRMR+ + Killzone + Momentum + SessionRangeMR → Correlation Gate → Blend Runner → Paper
2026-05-20 15:48:16 | INFO     | ayumi.blend_launcher | Startup diagnostic: strategies=['SRMR+', 'Killzone Momentum', 'Donchian Channel Breakout', 'Session-Range Mean Reversion', 'BB+RSI Mean Reversion', 'Session Breakout London', 'Session Breakout NY', 'Session Breakout Asian']
2026-05-20 15:48:16 | INFO     | ayumi.blend_launcher | Startup diagnostic: symbols=['GBPUSD', 'USDJPY']
2026-05-20 15:48:16 | INFO     | ayumi.blend_launcher | Startup diagnostic: bar_period=60m, min_confidence=0.50
2026-05-20 15:48:16 | INFO     | ayumi.blend_launcher | Startup diagnostic: strategy_timeframes={'SRMR+': 60, 'Killzone Momentum': 15, 'Donchian Channel Breakout': 15, 'Session-Range Mean Reversion': 60, 'BB+RSI Mean Reversion': 60, 'Session Breakout London': 15, 'Session Breakout NY': 15, 'Session Breakout Asian': 15}
2026-05-20 15:48:16 | WARNING  | ayumi.forward_test | Credential validation: sender_comp_id is empty — may cause FIX logon failure
2026-05-20 15:48:16 | INFO     | ayumi.forward_test | OpenApiLiveClient constructed for live_mode
2026-05-20 15:48:16 | INFO     | ayumi.openapi_spot_feed | Connected to demo.ctraderapi.com:5035
2026-05-20 15:48:16 | INFO     | ayumi.openapi_spot_feed | Reconnect restore: starting re-authentication...
2026-05-20 15:48:17 | INFO     | ayumi.openapi_spot_feed | Application authenticated
2026-05-20 15:48:18 | INFO     | ayumi.openapi_spot_feed | No token lifetime from server — defaulting to 86400s
2026-05-20 15:48:18 | INFO     | ayumi.openapi_spot_feed | Scheduling proactive token refresh in 69120s (token lifetime=86400s)
2026-05-20 15:48:18 | INFO     | ayumi.openapi_spot_feed | Account authenticated
2026-05-20 15:48:18 | INFO     | ayumi.openapi_spot_feed | Requesting symbol list for account 46877902
2026-05-20 15:48:19 | INFO     | ayumi.openapi_spot_feed | Loaded 830 symbol name mappings from API
2026-05-20 15:48:19 | INFO     | ayumi.openapi_spot_feed | Pre-fetching details for GBPUSD (id=2)
2026-05-20 15:48:20 | INFO     | ayumi.openapi_spot_feed | Fetched symbol details: id=2 digits=5
2026-05-20 15:48:20 | INFO     | ayumi.openapi_spot_feed | Pre-fetching details for USDJPY (id=4)
2026-05-20 15:48:21 | INFO     | ayumi.openapi_spot_feed | Fetched symbol details: id=4 digits=3
2026-05-20 15:48:21 | INFO     | ayumi.openapi_spot_feed | Subscribed to spot events for symbol_id=2
2026-05-20 15:48:21 | INFO     | ayumi.openapi_spot_feed | Subscribed to spot events for symbol_id=4
2026-05-20 15:48:21 | INFO     | ayumi.openapi_spot_feed | OpenApiSpotFeed started: account=46877902 symbols_loaded=2
2026-05-20 15:48:21 | INFO     | ayumi.forward_test | Open API spot feed connected for ['GBPUSD', 'USDJPY']
2026-05-20 15:48:21 | INFO     | ayumi.openapi_live_client | [OpenApiLiveClient] Symbol map set: 830 entries
2026-05-20 15:48:21 | INFO     | ayumi.openapi_live_client | [OpenApiLiveClient] Riding on spot feed's authenticated connection
2026-05-20 15:48:21 | INFO     | ayumi.forward_test | OpenApiLiveClient connected — live mode active
2026-05-20 15:48:21 | INFO     | ayumi.forward_test | Skipping preload for GBPUSD 60m — already has 99 bars
2026-05-20 15:48:21 | INFO     | ayumi.forward_test | Skipping preload for GBPUSD 15m — already has 199 bars
2026-05-20 15:48:21 | INFO     | ayumi.forward_test | Skipping preload for USDJPY 60m — already has 99 bars
2026-05-20 15:48:21 | INFO     | ayumi.forward_test | Skipping preload for USDJPY 15m — already has 199 bars
2026-05-20 15:48:21 | INFO     | ayumi.forward_test | Bar preloading complete
2026-05-20 15:48:21 | INFO     | ayumi.forward_test | Forward test started: symbols=['GBPUSD', 'USDJPY'] strategies=['SRMR+', 'Killzone Momentum', 'Donchian Channel Breakout', 'Session-Range Mean Reversion', 'BB+RSI Mean Reversion', 'Session Breakout London', 'Session Breakout NY', 'Session Breakout Asian'] mode=LIVE eval_interval=1.0s bar_period=60m
2026-05-20 15:48:21 | INFO     | ayumi.forward_test | [B5 Startup] Strategy list: ['SRMR+', 'Killzone Momentum', 'Donchian Channel Breakout', 'Session-Range Mean Reversion', 'BB+RSI Mean Reversion', 'Session Breakout London', 'Session Breakout NY', 'Session Breakout Asian']
2026-05-20 15:48:21 | INFO     | ayumi.forward_test | [B5 Startup] Symbols: ['GBPUSD', 'USDJPY']
2026-05-20 15:48:21 | INFO     | ayumi.forward_test | [B5 Startup] Bar period: 60m
2026-05-20 15:48:21 | INFO     | ayumi.forward_test | [B5 Startup] Min confidence: 0.50
2026-05-20 15:48:21 | INFO     | ayumi.forward_test | [B5 Startup] Min bars for evaluation: 55
2026-05-20 15:48:21 | INFO     | ayumi.forward_test | [B5 Startup] Strategy timeframes: {'SRMR+': 60, 'Killzone Momentum': 15, 'Donchian Channel Breakout': 15, 'Session-Range Mean Reversion': 60, 'BB+RSI Mean Reversion': 60, 'Session Breakout London': 15, 'Session Breakout NY': 15, 'Session Breakout Asian': 15}
2026-05-20 15:48:21 | INFO     | ayumi.forward_test | [B5 Startup] Required timeframes: [15, 60]
2026-05-20 15:48:22 | INFO     | ayumi.orchestrator | Adapted signal: strategy=srmr_plus symbol=GBPUSD dir=SHORT conf=0.61 entry=1.34494 sl=1.34636 sl_dist=0.001422
2026-05-20 15:48:22 | INFO     | ayumi.orchestrator | Signal received: strategy=srmr_plus symbol=GBPUSD direction=SHORT confidence=0.612
2026-05-20 15:48:22 | INFO     | ayumi.orchestrator | Routing: strategy=srmr_plus symbol=GBPUSD → profile=Profile.SWARM
2026-05-20 15:48:22 | INFO     | ayumi.orchestrator | Signal accepted: strategy=srmr_plus symbol=GBPUSD lots=0.1800 risk=$25.00 sl=14.2pips
2026-05-20 15:48:22 | INFO     | ayumi.forward_test | Order accepted: GBPUSD SHORT 0.1800 lots risk=$25.00
2026-05-20 15:48:22 | INFO     | ayumi.blend_launcher | Signal accepted: srmr_plus short GBPUSD @ 1.34494 conf=0.61 lots=0.1800
2026-05-20 15:48:22 | WARNING  | ayumi.blend_launcher | Trade execution failed: Risk:Reward 1.50 below minimum 1.5
2026-05-20 15:48:22 | INFO     | ayumi.orchestrator | Adapted signal: strategy=session_breakout_ny symbol=GBPUSD dir=LONG conf=0.90 entry=1.34494 sl=1.34227 sl_dist=0.002670
2026-05-20 15:48:22 | INFO     | ayumi.orchestrator | Signal received: strategy=session_breakout_ny symbol=GBPUSD direction=LONG confidence=0.900
2026-05-20 15:48:22 | INFO     | ayumi.orchestrator | Routing: strategy=session_breakout_ny symbol=GBPUSD → profile=Profile.SNIPER
2026-05-20 15:48:22 | INFO     | ayumi.orchestrator | Signal accepted: strategy=session_breakout_ny symbol=GBPUSD lots=0.1900 risk=$50.00 sl=26.7pips
2026-05-20 15:48:22 | INFO     | ayumi.forward_test | Order accepted: GBPUSD LONG 0.1900 lots risk=$50.00
2026-05-20 15:48:22 | INFO     | ayumi.blend_launcher | Signal accepted: session_breakout_ny long GBPUSD @ 1.34494 conf=0.90 lots=0.1900
2026-05-20 15:48:22 | ERROR    | ayumi.blend_launcher | Trade execution error: 'int' object has no attribute 'append'
Traceback (most recent call last):
  File "/home/TacoPants/projects/Ayumi/scripts/launch_blend_forward_test.py", line 337, in _route_signal
    exec_result = self._paper_trader.process_signal(
                  ^^^^^^^^^^^^^^^^^^^^^^^^^^^^^^^^^^
  File "/home/TacoPants/projects/Ayumi/src/forex-bot/adapters/ctrader/paper_trader.py", line 117, in process_signal
    trade_result = self._execute_order(
                   ^^^^^^^^^^^^^^^^^^^^
  File "/home/TacoPants/projects/Ayumi/src/forex-bot/adapters/ctrader/paper_trader.py", line 160, in _execute_order
    return self._order_manager.execute_live_order(
           ^^^^^^^^^^^^^^^^^^^^^^^^^^^^^^^^^^^^^^^
  File "/home/TacoPants/projects/Ayumi/src/forex-bot/adapters/ctrader/order_manager.py", line 283, in execute_live_order
    order = self._api_client.send_order(
            ^^^^^^^^^^^^^^^^^^^^^^^^^^^^
  File "/home/TacoPants/projects/Ayumi/src/forex-bot/adapters/ctrader/open_api_live_client.py", line 419, in send_order
    return self.send_market_order(
           ^^^^^^^^^^^^^^^^^^^^^^^
  File "/home/TacoPants/projects/Ayumi/src/forex-bot/adapters/ctrader/open_api_live_client.py", line 466, in send_market_order
    req.symbolId.append(symbol_id)
    ^^^^^^^^^^^^^^^^^^^
AttributeError: 'int' object has no attribute 'append'
2026-05-20 15:48:23 | INFO     | ayumi.orchestrator | Adapted signal: strategy=srmr_plus symbol=GBPUSD dir=SHORT conf=0.61 entry=1.34495 sl=1.34637 sl_dist=0.001422
2026-05-20 15:48:23 | INFO     | ayumi.orchestrator | Signal received: strategy=srmr_plus symbol=GBPUSD direction=SHORT confidence=0.612
2026-05-20 15:48:23 | INFO     | ayumi.orchestrator | Routing: strategy=srmr_plus symbol=GBPUSD → profile=Profile.SWARM
2026-05-20 15:48:23 | INFO     | ayumi.orchestrator | Signal accepted: strategy=srmr_plus symbol=GBPUSD lots=0.1800 risk=$25.00 sl=14.2pips
2026-05-20 15:48:23 | INFO     | ayumi.forward_test | Order accepted: GBPUSD SHORT 0.1800 lots risk=$25.00
2026-05-20 15:48:23 | INFO     | ayumi.blend_launcher | Signal accepted: srmr_plus short GBPUSD @ 1.34495 conf=0.61 lots=0.1800
2026-05-20 15:48:23 | WARNING  | ayumi.blend_launcher | Trade execution failed: Risk:Reward 1.50 below minimum 1.5
2026-05-20 15:48:24 | INFO     | ayumi.orchestrator | Adapted signal: strategy=srmr_plus symbol=GBPUSD dir=SHORT conf=0.61 entry=1.34494 sl=1.34636 sl_dist=0.001422
2026-05-20 15:48:24 | INFO     | ayumi.orchestrator | Signal received: strategy=srmr_plus symbol=GBPUSD direction=SHORT confidence=0.612
2026-05-20 15:48:24 | INFO     | ayumi.orchestrator | Routing: strategy=srmr_plus symbol=GBPUSD → profile=Profile.SWARM
2026-05-20 15:48:24 | INFO     | ayumi.orchestrator | Signal accepted: strategy=srmr_plus symbol=GBPUSD lots=0.1800 risk=$25.00 sl=14.2pips
2026-05-20 15:48:24 | INFO     | ayumi.forward_test | Order accepted: GBPUSD SHORT 0.1800 lots risk=$25.00
2026-05-20 15:48:24 | INFO     | ayumi.blend_launcher | Signal accepted: srmr_plus short GBPUSD @ 1.34494 conf=0.61 lots=0.1800
2026-05-20 15:48:24 | WARNING  | ayumi.blend_launcher | Trade execution failed: Risk:Reward 1.50 below minimum 1.5
2026-05-20 15:48:26 | INFO     | ayumi.orchestrator | Adapted signal: strategy=srmr_plus symbol=GBPUSD dir=SHORT conf=0.61 entry=1.34493 sl=1.34636 sl_dist=0.001422
2026-05-20 15:48:26 | INFO     | ayumi.orchestrator | Signal received: strategy=srmr_plus symbol=GBPUSD direction=SHORT confidence=0.612
2026-05-20 15:48:26 | INFO     | ayumi.orchestrator | Routing: strategy=srmr_plus symbol=GBPUSD → profile=Profile.SWARM
2026-05-20 15:48:26 | INFO     | ayumi.orchestrator | Signal accepted: strategy=srmr_plus symbol=GBPUSD lots=0.1800 risk=$25.00 sl=14.2pips
2026-05-20 15:48:26 | INFO     | ayumi.forward_test | Order accepted: GBPUSD SHORT 0.1800 lots risk=$25.00
2026-05-20 15:48:26 | INFO     | ayumi.blend_launcher | Signal accepted: srmr_plus short GBPUSD @ 1.34493 conf=0.61 lots=0.1800
2026-05-20 15:48:26 | WARNING  | ayumi.blend_launcher | Trade execution failed: Risk:Reward 1.50 below minimum 1.5
2026-05-20 15:48:26 | ERROR    | ayumi.openapi_spot_feed | Send-and-wait failed: [Failure instance: Traceback: <class 'twisted.internet.defer.TimeoutError'>: (10, 'Deferred')
/home/TacoPants/projects/Ayumi/.venv/lib/python3.12/site-packages/twisted/internet/defer.py:798:timeItOut
/home/TacoPants/projects/Ayumi/.venv/lib/python3.12/site-packages/twisted/internet/defer.py:957:cancel
/home/TacoPants/projects/Ayumi/.venv/lib/python3.12/site-packages/twisted/internet/defer.py:916:errback
/home/TacoPants/projects/Ayumi/.venv/lib/python3.12/site-packages/twisted/internet/defer.py:984:_startRunCallbacks
--- <exception caught here> ---
/home/TacoPants/projects/Ayumi/.venv/lib/python3.12/site-packages/twisted/internet/defer.py:1078:_runCallbacks
/home/TacoPants/projects/Ayumi/.venv/lib/python3.12/site-packages/twisted/internet/defer.py:809:convertCancelled
/home/TacoPants/projects/Ayumi/.venv/lib/python3.12/site-packages/twisted/internet/defer.py:293:_cancelledToTimedOutError
]
2026-05-20 15:48:26 | ERROR    | ayumi.openapi_spot_feed | Reconnect restore: application auth failed
2026-05-20 15:48:27 | INFO     | ayumi.orchestrator | Adapted signal: strategy=srmr_plus symbol=GBPUSD dir=SHORT conf=0.61 entry=1.34492 sl=1.34635 sl_dist=0.001422
2026-05-20 15:48:27 | INFO     | ayumi.orchestrator | Signal received: strategy=srmr_plus symbol=GBPUSD direction=SHORT confidence=0.612
2026-05-20 15:48:27 | INFO     | ayumi.orchestrator | Routing: strategy=srmr_plus symbol=GBPUSD → profile=Profile.SWARM
2026-05-20 15:48:27 | INFO     | ayumi.orchestrator | Signal accepted: strategy=srmr_plus symbol=GBPUSD lots=0.1800 risk=$25.00 sl=14.2pips
2026-05-20 15:48:27 | INFO     | ayumi.forward_test | Order accepted: GBPUSD SHORT 0.1800 lots risk=$25.00
2026-05-20 15:48:27 | INFO     | ayumi.blend_launcher | Signal accepted: srmr_plus short GBPUSD @ 1.34492 conf=0.61 lots=0.1800
2026-05-20 15:48:27 | WARNING  | ayumi.blend_launcher | Trade execution failed: Risk:Reward 1.50 below minimum 1.5
2026-05-20 15:48:28 | INFO     | ayumi.orchestrator | Adapted signal: strategy=srmr_plus symbol=GBPUSD dir=SHORT conf=0.61 entry=1.34484 sl=1.34626 sl_dist=0.001422
2026-05-20 15:48:28 | INFO     | ayumi.orchestrator | Signal received: strategy=srmr_plus symbol=GBPUSD direction=SHORT confidence=0.612
2026-05-20 15:48:28 | INFO     | ayumi.orchestrator | Routing: strategy=srmr_plus symbol=GBPUSD → profile=Profile.SWARM
2026-05-20 15:48:28 | INFO     | ayumi.orchestrator | Signal accepted: strategy=srmr_plus symbol=GBPUSD lots=0.1800 risk=$25.00 sl=14.2pips
2026-05-20 15:48:28 | INFO     | ayumi.forward_test | Order accepted: GBPUSD SHORT 0.1800 lots risk=$25.00
2026-05-20 15:48:28 | INFO     | ayumi.blend_launcher | Signal accepted: srmr_plus short GBPUSD @ 1.34484 conf=0.61 lots=0.1800
2026-05-20 15:48:28 | WARNING  | ayumi.blend_launcher | Trade execution failed: Risk:Reward 1.50 below minimum 1.5
2026-05-20 15:48:30 | INFO     | ayumi.orchestrator | Adapted signal: strategy=srmr_plus symbol=GBPUSD dir=SHORT conf=0.61 entry=1.34484 sl=1.34626 sl_dist=0.001422
2026-05-20 15:48:30 | INFO     | ayumi.orchestrator | Signal received: strategy=srmr_plus symbol=GBPUSD direction=SHORT confidence=0.612
2026-05-20 15:48:30 | INFO     | ayumi.orchestrator | Routing: strategy=srmr_plus symbol=GBPUSD → profile=Profile.SWARM
2026-05-20 15:48:30 | INFO     | ayumi.orchestrator | Signal accepted: strategy=srmr_plus symbol=GBPUSD lots=0.1800 risk=$25.00 sl=14.2pips
2026-05-20 15:48:30 | INFO     | ayumi.forward_test | Order accepted: GBPUSD SHORT 0.1800 lots risk=$25.00
2026-05-20 15:48:30 | INFO     | ayumi.blend_launcher | Signal accepted: srmr_plus short GBPUSD @ 1.34484 conf=0.61 lots=0.1800
2026-05-20 15:48:30 | WARNING  | ayumi.blend_launcher | Trade execution failed: Risk:Reward 1.50 below minimum 1.5
2026-05-20 15:48:31 | INFO     | ayumi.orchestrator | Adapted signal: strategy=srmr_plus symbol=GBPUSD dir=SHORT conf=0.61 entry=1.34483 sl=1.34625 sl_dist=0.001422
2026-05-20 15:48:31 | INFO     | ayumi.orchestrator | Signal received: strategy=srmr_plus symbol=GBPUSD direction=SHORT confidence=0.612
2026-05-20 15:48:31 | INFO     | ayumi.orchestrator | Routing: strategy=srmr_plus symbol=GBPUSD → profile=Profile.SWARM
2026-05-20 15:48:31 | INFO     | ayumi.orchestrator | Signal accepted: strategy=srmr_plus symbol=GBPUSD lots=0.1800 risk=$25.00 sl=14.2pips
2026-05-20 15:48:31 | INFO     | ayumi.forward_test | Order accepted: GBPUSD SHORT 0.1800 lots risk=$25.00
2026-05-20 15:48:31 | INFO     | ayumi.blend_launcher | Signal accepted: srmr_plus short GBPUSD @ 1.34483 conf=0.61 lots=0.1800
2026-05-20 15:48:31 | WARNING  | ayumi.blend_launcher | Trade execution failed: Risk:Reward 1.50 below minimum 1.5
2026-05-20 15:48:33 | INFO     | ayumi.orchestrator | Adapted signal: strategy=srmr_plus symbol=GBPUSD dir=SHORT conf=0.61 entry=1.34483 sl=1.34625 sl_dist=0.001422
2026-05-20 15:48:33 | INFO     | ayumi.orchestrator | Signal received: strategy=srmr_plus symbol=GBPUSD direction=SHORT confidence=0.612
2026-05-20 15:48:33 | INFO     | ayumi.orchestrator | Routing: strategy=srmr_plus symbol=GBPUSD → profile=Profile.SWARM
2026-05-20 15:48:33 | INFO     | ayumi.orchestrator | Signal accepted: strategy=srmr_plus symbol=GBPUSD lots=0.1800 risk=$25.00 sl=14.2pips
2026-05-20 15:48:33 | INFO     | ayumi.forward_test | Order accepted: GBPUSD SHORT 0.1800 lots risk=$25.00
2026-05-20 15:48:33 | INFO     | ayumi.blend_launcher | Signal accepted: srmr_plus short GBPUSD @ 1.34483 conf=0.61 lots=0.1800
2026-05-20 15:48:33 | WARNING  | ayumi.blend_launcher | Trade execution failed: Risk:Reward 1.50 below minimum 1.5
2026-05-20 15:48:34 | INFO     | ayumi.orchestrator | Adapted signal: strategy=srmr_plus symbol=GBPUSD dir=SHORT conf=0.61 entry=1.34479 sl=1.34622 sl_dist=0.001422
2026-05-20 15:48:34 | INFO     | ayumi.orchestrator | Signal received: strategy=srmr_plus symbol=GBPUSD direction=SHORT confidence=0.612
2026-05-20 15:48:34 | INFO     | ayumi.orchestrator | Routing: strategy=srmr_plus symbol=GBPUSD → profile=Profile.SWARM
2026-05-20 15:48:34 | INFO     | ayumi.orchestrator | Signal accepted: strategy=srmr_plus symbol=GBPUSD lots=0.1800 risk=$25.00 sl=14.2pips
2026-05-20 15:48:34 | INFO     | ayumi.forward_test | Order accepted: GBPUSD SHORT 0.1800 lots risk=$25.00
2026-05-20 15:48:34 | INFO     | ayumi.blend_launcher | Signal accepted: srmr_plus short GBPUSD @ 1.34479 conf=0.61 lots=0.1800
2026-05-20 15:48:34 | WARNING  | ayumi.blend_launcher | Trade execution failed: Risk:Reward 1.50 below minimum 1.5
2026-05-20 15:48:35 | INFO     | ayumi.orchestrator | Adapted signal: strategy=srmr_plus symbol=GBPUSD dir=SHORT conf=0.61 entry=1.34476 sl=1.34618 sl_dist=0.001422
2026-05-20 15:48:35 | INFO     | ayumi.orchestrator | Signal received: strategy=srmr_plus symbol=GBPUSD direction=SHORT confidence=0.612
2026-05-20 15:48:35 | INFO     | ayumi.orchestrator | Routing: strategy=srmr_plus symbol=GBPUSD → profile=Profile.SWARM
2026-05-20 15:48:35 | INFO     | ayumi.orchestrator | Signal accepted: strategy=srmr_plus symbol=GBPUSD lots=0.1800 risk=$25.00 sl=14.2pips
2026-05-20 15:48:35 | INFO     | ayumi.forward_test | Order accepted: GBPUSD SHORT 0.1800 lots risk=$25.00
2026-05-20 15:48:35 | INFO     | ayumi.blend_launcher | Signal accepted: srmr_plus short GBPUSD @ 1.34476 conf=0.61 lots=0.1800
2026-05-20 15:48:35 | WARNING  | ayumi.blend_launcher | Trade execution failed: Risk:Reward 1.50 below minimum 1.5
2026-05-20 15:48:37 | INFO     | ayumi.orchestrator | Adapted signal: strategy=srmr_plus symbol=GBPUSD dir=SHORT conf=0.61 entry=1.34474 sl=1.34616 sl_dist=0.001422
2026-05-20 15:48:37 | INFO     | ayumi.orchestrator | Signal received: strategy=srmr_plus symbol=GBPUSD direction=SHORT confidence=0.612
2026-05-20 15:48:37 | INFO     | ayumi.orchestrator | Routing: strategy=srmr_plus symbol=GBPUSD → profile=Profile.SWARM
2026-05-20 15:48:37 | INFO     | ayumi.orchestrator | Signal accepted: strategy=srmr_plus symbol=GBPUSD lots=0.1800 risk=$25.00 sl=14.2pips
2026-05-20 15:48:37 | INFO     | ayumi.forward_test | Order accepted: GBPUSD SHORT 0.1800 lots risk=$25.00
2026-05-20 15:48:37 | INFO     | ayumi.blend_launcher | Signal accepted: srmr_plus short GBPUSD @ 1.34474 conf=0.61 lots=0.1800
2026-05-20 15:48:37 | WARNING  | ayumi.blend_launcher | Trade execution failed: Risk:Reward 1.50 below minimum 1.5
2026-05-20 15:48:38 | INFO     | ayumi.orchestrator | Adapted signal: strategy=srmr_plus symbol=GBPUSD dir=SHORT conf=0.61 entry=1.34475 sl=1.34617 sl_dist=0.001422
2026-05-20 15:48:38 | INFO     | ayumi.orchestrator | Signal received: strategy=srmr_plus symbol=GBPUSD direction=SHORT confidence=0.612
2026-05-20 15:48:38 | INFO     | ayumi.orchestrator | Routing: strategy=srmr_plus symbol=GBPUSD → profile=Profile.SWARM
2026-05-20 15:48:38 | INFO     | ayumi.orchestrator | Signal accepted: strategy=srmr_plus symbol=GBPUSD lots=0.1800 risk=$25.00 sl=14.2pips
2026-05-20 15:48:38 | INFO     | ayumi.forward_test | Order accepted: GBPUSD SHORT 0.1800 lots risk=$25.00
2026-05-20 15:48:38 | INFO     | ayumi.blend_launcher | Signal accepted: srmr_plus short GBPUSD @ 1.34475 conf=0.61 lots=0.1800
2026-05-20 15:48:38 | WARNING  | ayumi.blend_launcher | Trade execution failed: Risk:Reward 1.50 below minimum 1.5
2026-05-20 15:48:40 | INFO     | ayumi.orchestrator | Adapted signal: strategy=srmr_plus symbol=GBPUSD dir=SHORT conf=0.61 entry=1.34475 sl=1.34617 sl_dist=0.001422
2026-05-20 15:48:40 | INFO     | ayumi.orchestrator | Signal received: strategy=srmr_plus symbol=GBPUSD direction=SHORT confidence=0.612
2026-05-20 15:48:40 | INFO     | ayumi.orchestrator | Routing: strategy=srmr_plus symbol=GBPUSD → profile=Profile.SWARM
2026-05-20 15:48:40 | INFO     | ayumi.orchestrator | Signal accepted: strategy=srmr_plus symbol=GBPUSD lots=0.1800 risk=$25.00 sl=14.2pips
2026-05-20 15:48:40 | INFO     | ayumi.forward_test | Order accepted: GBPUSD SHORT 0.1800 lots risk=$25.00
2026-05-20 15:48:40 | INFO     | ayumi.blend_launcher | Signal accepted: srmr_plus short GBPUSD @ 1.34475 conf=0.61 lots=0.1800
2026-05-20 15:48:40 | WARNING  | ayumi.blend_launcher | Trade execution failed: Risk:Reward 1.50 below minimum 1.5
2026-05-20 15:48:44 | INFO     | ayumi.orchestrator | Adapted signal: strategy=srmr_plus symbol=GBPUSD dir=SHORT conf=0.61 entry=1.34474 sl=1.34616 sl_dist=0.001422
2026-05-20 15:48:44 | INFO     | ayumi.orchestrator | Signal received: strategy=srmr_plus symbol=GBPUSD direction=SHORT confidence=0.612
2026-05-20 15:48:44 | INFO     | ayumi.orchestrator | Routing: strategy=srmr_plus symbol=GBPUSD → profile=Profile.SWARM
2026-05-20 15:48:44 | INFO     | ayumi.orchestrator | Signal accepted: strategy=srmr_plus symbol=GBPUSD lots=0.1800 risk=$25.00 sl=14.2pips
2026-05-20 15:48:44 | INFO     | ayumi.forward_test | Order accepted: GBPUSD SHORT 0.1800 lots risk=$25.00
2026-05-20 15:48:44 | INFO     | ayumi.blend_launcher | Signal accepted: srmr_plus short GBPUSD @ 1.34474 conf=0.61 lots=0.1800
2026-05-20 15:48:44 | WARNING  | ayumi.blend_launcher | Trade execution failed: Risk:Reward 1.50 below minimum 1.5
2026-05-20 15:48:46 | INFO     | ayumi.orchestrator | Adapted signal: strategy=srmr_plus symbol=GBPUSD dir=SHORT conf=0.61 entry=1.34472 sl=1.34615 sl_dist=0.001422
2026-05-20 15:48:46 | INFO     | ayumi.orchestrator | Signal received: strategy=srmr_plus symbol=GBPUSD direction=SHORT confidence=0.612
2026-05-20 15:48:46 | INFO     | ayumi.orchestrator | Routing: strategy=srmr_plus symbol=GBPUSD → profile=Profile.SWARM
2026-05-20 15:48:46 | INFO     | ayumi.orchestrator | Signal accepted: strategy=srmr_plus symbol=GBPUSD lots=0.1800 risk=$25.00 sl=14.2pips
2026-05-20 15:48:46 | INFO     | ayumi.forward_test | Order accepted: GBPUSD SHORT 0.1800 lots risk=$25.00
2026-05-20 15:48:46 | INFO     | ayumi.blend_launcher | Signal accepted: srmr_plus short GBPUSD @ 1.34472 conf=0.61 lots=0.1800
2026-05-20 15:48:46 | WARNING  | ayumi.blend_launcher | Trade execution failed: Risk:Reward 1.50 below minimum 1.5
2026-05-20 15:48:50 | INFO     | ayumi.orchestrator | Adapted signal: strategy=srmr_plus symbol=GBPUSD dir=SHORT conf=0.61 entry=1.34474 sl=1.34616 sl_dist=0.001422
2026-05-20 15:48:50 | INFO     | ayumi.orchestrator | Signal received: strategy=srmr_plus symbol=GBPUSD direction=SHORT confidence=0.612
2026-05-20 15:48:50 | INFO     | ayumi.orchestrator | Routing: strategy=srmr_plus symbol=GBPUSD → profile=Profile.SWARM
2026-05-20 15:48:50 | INFO     | ayumi.orchestrator | Signal accepted: strategy=srmr_plus symbol=GBPUSD lots=0.1800 risk=$25.00 sl=14.2pips
2026-05-20 15:48:50 | INFO     | ayumi.forward_test | Order accepted: GBPUSD SHORT 0.1800 lots risk=$25.00
2026-05-20 15:48:50 | INFO     | ayumi.blend_launcher | Signal accepted: srmr_plus short GBPUSD @ 1.34474 conf=0.61 lots=0.1800
2026-05-20 15:48:50 | WARNING  | ayumi.blend_launcher | Trade execution failed: Risk:Reward 1.50 below minimum 1.5
2026-05-20 15:48:53 | INFO     | ayumi.orchestrator | Adapted signal: strategy=srmr_plus symbol=GBPUSD dir=SHORT conf=0.61 entry=1.34475 sl=1.34617 sl_dist=0.001422
2026-05-20 15:48:53 | INFO     | ayumi.orchestrator | Signal received: strategy=srmr_plus symbol=GBPUSD direction=SHORT confidence=0.612
2026-05-20 15:48:53 | INFO     | ayumi.orchestrator | Routing: strategy=srmr_plus symbol=GBPUSD → profile=Profile.SWARM
2026-05-20 15:48:53 | INFO     | ayumi.orchestrator | Signal accepted: strategy=srmr_plus symbol=GBPUSD lots=0.1800 risk=$25.00 sl=14.2pips
2026-05-20 15:48:53 | INFO     | ayumi.forward_test | Order accepted: GBPUSD SHORT 0.1800 lots risk=$25.00
2026-05-20 15:48:53 | INFO     | ayumi.blend_launcher | Signal accepted: srmr_plus short GBPUSD @ 1.34475 conf=0.61 lots=0.1800
2026-05-20 15:48:53 | WARNING  | ayumi.blend_launcher | Trade execution failed: Risk:Reward 1.50 below minimum 1.5
2026-05-20 15:48:54 | INFO     | ayumi.orchestrator | Adapted signal: strategy=srmr_plus symbol=GBPUSD dir=SHORT conf=0.61 entry=1.34477 sl=1.34619 sl_dist=0.001422
2026-05-20 15:48:54 | INFO     | ayumi.orchestrator | Signal received: strategy=srmr_plus symbol=GBPUSD direction=SHORT confidence=0.612
2026-05-20 15:48:54 | INFO     | ayumi.orchestrator | Routing: strategy=srmr_plus symbol=GBPUSD → profile=Profile.SWARM
2026-05-20 15:48:54 | WARNING  | ayumi.orchestrator | Signal rejected: strategy=srmr_plus symbol=GBPUSD reason=sizing gate=Trade risk $25.00 exceeds daily remaining $0.00 sl_pips=14.2 risk_avail=0.00
2026-05-20 15:48:54 | INFO     | ayumi.forward_test | Order rejected: GBPUSD — Trade risk $25.00 exceeds daily remaining $0.00
2026-05-20 15:48:54 | INFO     | ayumi.blend_launcher | Signal rejected by blend: srmr_plus short GBPUSD conf=0.61 — Trade risk $25.00 exceeds daily remaining $0.00
2026-05-20 15:48:57 | INFO     | ayumi.orchestrator | Adapted signal: strategy=srmr_plus symbol=GBPUSD dir=SHORT conf=0.61 entry=1.34476 sl=1.34619 sl_dist=0.001422
2026-05-20 15:48:57 | INFO     | ayumi.orchestrator | Signal received: strategy=srmr_plus symbol=GBPUSD direction=SHORT confidence=0.612
2026-05-20 15:48:57 | INFO     | ayumi.orchestrator | Routing: strategy=srmr_plus symbol=GBPUSD → profile=Profile.SWARM
2026-05-20 15:48:57 | WARNING  | ayumi.orchestrator | Signal rejected: strategy=srmr_plus symbol=GBPUSD reason=sizing gate=Trade risk $25.00 exceeds daily remaining $0.00 sl_pips=14.2 risk_avail=0.00
2026-05-20 15:48:57 | INFO     | ayumi.forward_test | Order rejected: GBPUSD — Trade risk $25.00 exceeds daily remaining $0.00
2026-05-20 15:48:57 | INFO     | ayumi.blend_launcher | Signal rejected by blend: srmr_plus short GBPUSD conf=0.61 — Trade risk $25.00 exceeds daily remaining $0.00
2026-05-20 15:49:00 | INFO     | ayumi.orchestrator | Adapted signal: strategy=srmr_plus symbol=GBPUSD dir=SHORT conf=0.61 entry=1.34476 sl=1.34618 sl_dist=0.001422
2026-05-20 15:49:00 | INFO     | ayumi.orchestrator | Signal received: strategy=srmr_plus symbol=GBPUSD direction=SHORT confidence=0.612
2026-05-20 15:49:00 | INFO     | ayumi.orchestrator | Routing: strategy=srmr_plus symbol=GBPUSD → profile=Profile.SWARM
2026-05-20 15:49:00 | WARNING  | ayumi.orchestrator | Signal rejected: strategy=srmr_plus symbol=GBPUSD reason=sizing gate=Trade risk $25.00 exceeds daily remaining $0.00 sl_pips=14.2 risk_avail=0.00
2026-05-20 15:49:00 | INFO     | ayumi.forward_test | Order rejected: GBPUSD — Trade risk $25.00 exceeds daily remaining $0.00
2026-05-20 15:49:00 | INFO     | ayumi.blend_launcher | Signal rejected by blend: srmr_plus short GBPUSD conf=0.61 — Trade risk $25.00 exceeds daily remaining $0.00
2026-05-20 15:49:05 | INFO     | ayumi.orchestrator | Adapted signal: strategy=srmr_plus symbol=GBPUSD dir=SHORT conf=0.61 entry=1.34478 sl=1.34620 sl_dist=0.001422
2026-05-20 15:49:05 | INFO     | ayumi.orchestrator | Signal received: strategy=srmr_plus symbol=GBPUSD direction=SHORT confidence=0.612
2026-05-20 15:49:05 | INFO     | ayumi.orchestrator | Routing: strategy=srmr_plus symbol=GBPUSD → profile=Profile.SWARM
2026-05-20 15:49:05 | WARNING  | ayumi.orchestrator | Signal rejected: strategy=srmr_plus symbol=GBPUSD reason=sizing gate=Trade risk $25.00 exceeds daily remaining $0.00 sl_pips=14.2 risk_avail=0.00
2026-05-20 15:49:05 | INFO     | ayumi.forward_test | Order rejected: GBPUSD — Trade risk $25.00 exceeds daily remaining $0.00
2026-05-20 15:49:05 | INFO     | ayumi.blend_launcher | Signal rejected by blend: srmr_plus short GBPUSD conf=0.61 — Trade risk $25.00 exceeds daily remaining $0.00
2026-05-20 15:49:06 | INFO     | ayumi.orchestrator | Adapted signal: strategy=srmr_plus symbol=GBPUSD dir=SHORT conf=0.61 entry=1.34478 sl=1.34620 sl_dist=0.001422
2026-05-20 15:49:06 | INFO     | ayumi.orchestrator | Signal received: strategy=srmr_plus symbol=GBPUSD direction=SHORT confidence=0.612
2026-05-20 15:49:06 | INFO     | ayumi.orchestrator | Routing: strategy=srmr_plus symbol=GBPUSD → profile=Profile.SWARM
2026-05-20 15:49:06 | WARNING  | ayumi.orchestrator | Signal rejected: strategy=srmr_plus symbol=GBPUSD reason=sizing gate=Trade risk $25.00 exceeds daily remaining $0.00 sl_pips=14.2 risk_avail=0.00
2026-05-20 15:49:06 | INFO     | ayumi.forward_test | Order rejected: GBPUSD — Trade risk $25.00 exceeds daily remaining $0.00
2026-05-20 15:49:06 | INFO     | ayumi.blend_launcher | Signal rejected by blend: srmr_plus short GBPUSD conf=0.61 — Trade risk $25.00 exceeds daily remaining $0.00
2026-05-20 15:49:08 | INFO     | ayumi.orchestrator | Adapted signal: strategy=srmr_plus symbol=GBPUSD dir=SHORT conf=0.61 entry=1.34479 sl=1.34622 sl_dist=0.001422
2026-05-20 15:49:08 | INFO     | ayumi.orchestrator | Signal received: strategy=srmr_plus symbol=GBPUSD direction=SHORT confidence=0.612
2026-05-20 15:49:08 | INFO     | ayumi.orchestrator | Routing: strategy=srmr_plus symbol=GBPUSD → profile=Profile.SWARM
2026-05-20 15:49:08 | WARNING  | ayumi.orchestrator | Signal rejected: strategy=srmr_plus symbol=GBPUSD reason=sizing gate=Trade risk $25.00 exceeds daily remaining $0.00 sl_pips=14.2 risk_avail=0.00
2026-05-20 15:49:08 | INFO     | ayumi.forward_test | Order rejected: GBPUSD — Trade risk $25.00 exceeds daily remaining $0.00
2026-05-20 15:49:08 | INFO     | ayumi.blend_launcher | Signal rejected by blend: srmr_plus short GBPUSD conf=0.61 — Trade risk $25.00 exceeds daily remaining $0.00
2026-05-20 15:49:11 | INFO     | ayumi.orchestrator | Adapted signal: strategy=srmr_plus symbol=GBPUSD dir=SHORT conf=0.61 entry=1.34493 sl=1.34636 sl_dist=0.001422
2026-05-20 15:49:11 | INFO     | ayumi.orchestrator | Signal received: strategy=srmr_plus symbol=GBPUSD direction=SHORT confidence=0.612
2026-05-20 15:49:11 | INFO     | ayumi.orchestrator | Routing: strategy=srmr_plus symbol=GBPUSD → profile=Profile.SWARM
2026-05-20 15:49:11 | WARNING  | ayumi.orchestrator | Signal rejected: strategy=srmr_plus symbol=GBPUSD reason=sizing gate=Trade risk $25.00 exceeds daily remaining $0.00 sl_pips=14.2 risk_avail=0.00
2026-05-20 15:49:11 | INFO     | ayumi.forward_test | Order rejected: GBPUSD — Trade risk $25.00 exceeds daily remaining $0.00
2026-05-20 15:49:11 | INFO     | ayumi.blend_launcher | Signal rejected by blend: srmr_plus short GBPUSD conf=0.61 — Trade risk $25.00 exceeds daily remaining $0.00
2026-05-20 15:49:12 | INFO     | ayumi.orchestrator | Adapted signal: strategy=srmr_plus symbol=GBPUSD dir=SHORT conf=0.61 entry=1.34496 sl=1.34638 sl_dist=0.001422
2026-05-20 15:49:12 | INFO     | ayumi.orchestrator | Signal received: strategy=srmr_plus symbol=GBPUSD direction=SHORT confidence=0.612
2026-05-20 15:49:12 | INFO     | ayumi.orchestrator | Routing: strategy=srmr_plus symbol=GBPUSD → profile=Profile.SWARM
2026-05-20 15:49:12 | WARNING  | ayumi.orchestrator | Signal rejected: strategy=srmr_plus symbol=GBPUSD reason=sizing gate=Trade risk $25.00 exceeds daily remaining $0.00 sl_pips=14.2 risk_avail=0.00
2026-05-20 15:49:12 | INFO     | ayumi.forward_test | Order rejected: GBPUSD — Trade risk $25.00 exceeds daily remaining $0.00
2026-05-20 15:49:12 | INFO     | ayumi.blend_launcher | Signal rejected by blend: srmr_plus short GBPUSD conf=0.61 — Trade risk $25.00 exceeds daily remaining $0.00
2026-05-20 15:49:15 | INFO     | ayumi.orchestrator | Adapted signal: strategy=srmr_plus symbol=GBPUSD dir=SHORT conf=0.61 entry=1.34491 sl=1.34633 sl_dist=0.001422
2026-05-20 15:49:15 | INFO     | ayumi.orchestrator | Signal received: strategy=srmr_plus symbol=GBPUSD direction=SHORT confidence=0.612
2026-05-20 15:49:15 | INFO     | ayumi.orchestrator | Routing: strategy=srmr_plus symbol=GBPUSD → profile=Profile.SWARM
2026-05-20 15:49:15 | WARNING  | ayumi.orchestrator | Signal rejected: strategy=srmr_plus symbol=GBPUSD reason=sizing gate=Trade risk $25.00 exceeds daily remaining $0.00 sl_pips=14.2 risk_avail=0.00
2026-05-20 15:49:15 | INFO     | ayumi.forward_test | Order rejected: GBPUSD — Trade risk $25.00 exceeds daily remaining $0.00
2026-05-20 15:49:15 | INFO     | ayumi.blend_launcher | Signal rejected by blend: srmr_plus short GBPUSD conf=0.61 — Trade risk $25.00 exceeds daily remaining $0.00
2026-05-20 15:49:18 | INFO     | ayumi.orchestrator | Adapted signal: strategy=srmr_plus symbol=GBPUSD dir=SHORT conf=0.61 entry=1.34490 sl=1.34632 sl_dist=0.001422
2026-05-20 15:49:18 | INFO     | ayumi.orchestrator | Signal received: strategy=srmr_plus symbol=GBPUSD direction=SHORT confidence=0.612
2026-05-20 15:49:18 | INFO     | ayumi.orchestrator | Routing: strategy=srmr_plus symbol=GBPUSD → profile=Profile.SWARM
2026-05-20 15:49:18 | WARNING  | ayumi.orchestrator | Signal rejected: strategy=srmr_plus symbol=GBPUSD reason=sizing gate=Trade risk $25.00 exceeds daily remaining $0.00 sl_pips=14.2 risk_avail=0.00
2026-05-20 15:49:18 | INFO     | ayumi.forward_test | Order rejected: GBPUSD — Trade risk $25.00 exceeds daily remaining $0.00
2026-05-20 15:49:18 | INFO     | ayumi.blend_launcher | Signal rejected by blend: srmr_plus short GBPUSD conf=0.61 — Trade risk $25.00 exceeds daily remaining $0.00
2026-05-20 15:49:19 | INFO     | ayumi.orchestrator | Adapted signal: strategy=srmr_plus symbol=GBPUSD dir=SHORT conf=0.61 entry=1.34488 sl=1.34630 sl_dist=0.001422
2026-05-20 15:49:19 | INFO     | ayumi.orchestrator | Signal received: strategy=srmr_plus symbol=GBPUSD direction=SHORT confidence=0.612
2026-05-20 15:49:19 | INFO     | ayumi.orchestrator | Routing: strategy=srmr_plus symbol=GBPUSD → profile=Profile.SWARM
2026-05-20 15:49:19 | WARNING  | ayumi.orchestrator | Signal rejected: strategy=srmr_plus symbol=GBPUSD reason=sizing gate=Trade risk $25.00 exceeds daily remaining $0.00 sl_pips=14.2 risk_avail=0.00
2026-05-20 15:49:19 | INFO     | ayumi.forward_test | Order rejected: GBPUSD — Trade risk $25.00 exceeds daily remaining $0.00
2026-05-20 15:49:19 | INFO     | ayumi.blend_launcher | Signal rejected by blend: srmr_plus short GBPUSD conf=0.61 — Trade risk $25.00 exceeds daily remaining $0.00
2026-05-20 15:49:21 | INFO     | ayumi.forward_test | [B5 Periodic] ticks=133 bars_built=0 signals=30 traded=19 eval_errors=0
2026-05-20 15:49:21 | WARNING  | ayumi.forward_test | [B5 Pipeline] 133 ticks received but 0 bars built — tick-to-bar conversion may be stalled
2026-05-20 15:49:21 | INFO     | ayumi.blend_launcher | [B5 Health] ticks=133 tps=3.04 bars=0 signals=30 trades=0 balance=10000.00 uptime=60s
2026-05-20 15:49:21 | WARNING  | ayumi.blend_launcher | [B5 Pipeline] Ticks received (133) but zero bars built — tick-to-bar pipeline may be stalled
2026-05-20 15:49:23 | INFO     | ayumi.orchestrator | Adapted signal: strategy=srmr_plus symbol=GBPUSD dir=SHORT conf=0.61 entry=1.34483 sl=1.34625 sl_dist=0.001422
2026-05-20 15:49:23 | INFO     | ayumi.orchestrator | Signal received: strategy=srmr_plus symbol=GBPUSD direction=SHORT confidence=0.612
2026-05-20 15:49:23 | INFO     | ayumi.orchestrator | Routing: strategy=srmr_plus symbol=GBPUSD → profile=Profile.SWARM
2026-05-20 15:49:23 | WARNING  | ayumi.orchestrator | Signal rejected: strategy=srmr_plus symbol=GBPUSD reason=sizing gate=Trade risk $25.00 exceeds daily remaining $0.00 sl_pips=14.2 risk_avail=0.00
2026-05-20 15:49:23 | INFO     | ayumi.forward_test | Order rejected: GBPUSD — Trade risk $25.00 exceeds daily remaining $0.00
2026-05-20 15:49:23 | INFO     | ayumi.blend_launcher | Signal rejected by blend: srmr_plus short GBPUSD conf=0.61 — Trade risk $25.00 exceeds daily remaining $0.00
2026-05-20 15:49:25 | INFO     | ayumi.orchestrator | Adapted signal: strategy=srmr_plus symbol=GBPUSD dir=SHORT conf=0.61 entry=1.34483 sl=1.34625 sl_dist=0.001422
2026-05-20 15:49:25 | INFO     | ayumi.orchestrator | Signal received: strategy=srmr_plus symbol=GBPUSD direction=SHORT confidence=0.612
2026-05-20 15:49:25 | INFO     | ayumi.orchestrator | Routing: strategy=srmr_plus symbol=GBPUSD → profile=Profile.SWARM
2026-05-20 15:49:25 | WARNING  | ayumi.orchestrator | Signal rejected: strategy=srmr_plus symbol=GBPUSD reason=sizing gate=Trade risk $25.00 exceeds daily remaining $0.00 sl_pips=14.2 risk_avail=0.00
2026-05-20 15:49:25 | INFO     | ayumi.forward_test | Order rejected: GBPUSD — Trade risk $25.00 exceeds daily remaining $0.00
2026-05-20 15:49:25 | INFO     | ayumi.blend_launcher | Signal rejected by blend: srmr_plus short GBPUSD conf=0.61 — Trade risk $25.00 exceeds daily remaining $0.00
2026-05-20 15:49:29 | INFO     | ayumi.orchestrator | Adapted signal: strategy=srmr_plus symbol=GBPUSD dir=SHORT conf=0.61 entry=1.34482 sl=1.34625 sl_dist=0.001422
2026-05-20 15:49:29 | INFO     | ayumi.orchestrator | Signal received: strategy=srmr_plus symbol=GBPUSD direction=SHORT confidence=0.612
2026-05-20 15:49:29 | INFO     | ayumi.orchestrator | Routing: strategy=srmr_plus symbol=GBPUSD → profile=Profile.SWARM
2026-05-20 15:49:29 | WARNING  | ayumi.orchestrator | Signal rejected: strategy=srmr_plus symbol=GBPUSD reason=sizing gate=Trade risk $25.00 exceeds daily remaining $0.00 sl_pips=14.2 risk_avail=0.00
2026-05-20 15:49:29 | INFO     | ayumi.forward_test | Order rejected: GBPUSD — Trade risk $25.00 exceeds daily remaining $0.00
2026-05-20 15:49:29 | INFO     | ayumi.blend_launcher | Signal rejected by blend: srmr_plus short GBPUSD conf=0.61 — Trade risk $25.00 exceeds daily remaining $0.00
2026-05-20 15:49:33 | INFO     | ayumi.orchestrator | Adapted signal: strategy=srmr_plus symbol=GBPUSD dir=SHORT conf=0.61 entry=1.34478 sl=1.34620 sl_dist=0.001422
2026-05-20 15:49:33 | INFO     | ayumi.orchestrator | Signal received: strategy=srmr_plus symbol=GBPUSD direction=SHORT confidence=0.612
2026-05-20 15:49:33 | INFO     | ayumi.orchestrator | Routing: strategy=srmr_plus symbol=GBPUSD → profile=Profile.SWARM
2026-05-20 15:49:33 | WARNING  | ayumi.orchestrator | Signal rejected: strategy=srmr_plus symbol=GBPUSD reason=sizing gate=Trade risk $25.00 exceeds daily remaining $0.00 sl_pips=14.2 risk_avail=0.00
2026-05-20 15:49:33 | INFO     | ayumi.forward_test | Order rejected: GBPUSD — Trade risk $25.00 exceeds daily remaining $0.00
2026-05-20 15:49:33 | INFO     | ayumi.blend_launcher | Signal rejected by blend: srmr_plus short GBPUSD conf=0.61 — Trade risk $25.00 exceeds daily remaining $0.00
2026-05-20 15:49:34 | INFO     | ayumi.orchestrator | Adapted signal: strategy=srmr_plus symbol=GBPUSD dir=SHORT conf=0.61 entry=1.34476 sl=1.34618 sl_dist=0.001422
2026-05-20 15:49:34 | INFO     | ayumi.orchestrator | Signal received: strategy=srmr_plus symbol=GBPUSD direction=SHORT confidence=0.612
2026-05-20 15:49:34 | INFO     | ayumi.orchestrator | Routing: strategy=srmr_plus symbol=GBPUSD → profile=Profile.SWARM
2026-05-20 15:49:34 | WARNING  | ayumi.orchestrator | Signal rejected: strategy=srmr_plus symbol=GBPUSD reason=sizing gate=Trade risk $25.00 exceeds daily remaining $0.00 sl_pips=14.2 risk_avail=0.00
2026-05-20 15:49:34 | INFO     | ayumi.forward_test | Order rejected: GBPUSD — Trade risk $25.00 exceeds daily remaining $0.00
2026-05-20 15:49:34 | INFO     | ayumi.blend_launcher | Signal rejected by blend: srmr_plus short GBPUSD conf=0.61 — Trade risk $25.00 exceeds daily remaining $0.00
2026-05-20 15:49:35 | INFO     | ayumi.orchestrator | Adapted signal: strategy=srmr_plus symbol=GBPUSD dir=SHORT conf=0.61 entry=1.34474 sl=1.34616 sl_dist=0.001422
2026-05-20 15:49:35 | INFO     | ayumi.orchestrator | Signal received: strategy=srmr_plus symbol=GBPUSD direction=SHORT confidence=0.612
2026-05-20 15:49:35 | INFO     | ayumi.orchestrator | Routing: strategy=srmr_plus symbol=GBPUSD → profile=Profile.SWARM
2026-05-20 15:49:35 | WARNING  | ayumi.orchestrator | Signal rejected: strategy=srmr_plus symbol=GBPUSD reason=sizing gate=Trade risk $25.00 exceeds daily remaining $0.00 sl_pips=14.2 risk_avail=0.00
2026-05-20 15:49:35 | INFO     | ayumi.forward_test | Order rejected: GBPUSD — Trade risk $25.00 exceeds daily remaining $0.00
2026-05-20 15:49:35 | INFO     | ayumi.blend_launcher | Signal rejected by blend: srmr_plus short GBPUSD conf=0.61 — Trade risk $25.00 exceeds daily remaining $0.00
2026-05-20 15:49:37 | INFO     | ayumi.orchestrator | Adapted signal: strategy=srmr_plus symbol=GBPUSD dir=SHORT conf=0.61 entry=1.34478 sl=1.34620 sl_dist=0.001422
2026-05-20 15:49:37 | INFO     | ayumi.orchestrator | Signal received: strategy=srmr_plus symbol=GBPUSD direction=SHORT confidence=0.612
2026-05-20 15:49:37 | INFO     | ayumi.orchestrator | Routing: strategy=srmr_plus symbol=GBPUSD → profile=Profile.SWARM
2026-05-20 15:49:37 | WARNING  | ayumi.orchestrator | Signal rejected: strategy=srmr_plus symbol=GBPUSD reason=sizing gate=Trade risk $25.00 exceeds daily remaining $0.00 sl_pips=14.2 risk_avail=0.00
2026-05-20 15:49:37 | INFO     | ayumi.forward_test | Order rejected: GBPUSD — Trade risk $25.00 exceeds daily remaining $0.00
2026-05-20 15:49:37 | INFO     | ayumi.blend_launcher | Signal rejected by blend: srmr_plus short GBPUSD conf=0.61 — Trade risk $25.00 exceeds daily remaining $0.00
2026-05-20 15:49:38 | INFO     | ayumi.orchestrator | Adapted signal: strategy=srmr_plus symbol=GBPUSD dir=SHORT conf=0.61 entry=1.34476 sl=1.34618 sl_dist=0.001422
2026-05-20 15:49:38 | INFO     | ayumi.orchestrator | Signal received: strategy=srmr_plus symbol=GBPUSD direction=SHORT confidence=0.612
2026-05-20 15:49:38 | INFO     | ayumi.orchestrator | Routing: strategy=srmr_plus symbol=GBPUSD → profile=Profile.SWARM
2026-05-20 15:49:38 | WARNING  | ayumi.orchestrator | Signal rejected: strategy=srmr_plus symbol=GBPUSD reason=sizing gate=Trade risk $25.00 exceeds daily remaining $0.00 sl_pips=14.2 risk_avail=0.00
2026-05-20 15:49:38 | INFO     | ayumi.forward_test | Order rejected: GBPUSD — Trade risk $25.00 exceeds daily remaining $0.00
2026-05-20 15:49:38 | INFO     | ayumi.blend_launcher | Signal rejected by blend: srmr_plus short GBPUSD conf=0.61 — Trade risk $25.00 exceeds daily remaining $0.00
2026-05-20 15:49:42 | INFO     | ayumi.orchestrator | Adapted signal: strategy=srmr_plus symbol=GBPUSD dir=SHORT conf=0.61 entry=1.34475 sl=1.34617 sl_dist=0.001422
2026-05-20 15:49:42 | INFO     | ayumi.orchestrator | Signal received: strategy=srmr_plus symbol=GBPUSD direction=SHORT confidence=0.612
2026-05-20 15:49:42 | INFO     | ayumi.orchestrator | Routing: strategy=srmr_plus symbol=GBPUSD → profile=Profile.SWARM
2026-05-20 15:49:42 | WARNING  | ayumi.orchestrator | Signal rejected: strategy=srmr_plus symbol=GBPUSD reason=sizing gate=Trade risk $25.00 exceeds daily remaining $0.00 sl_pips=14.2 risk_avail=0.00
2026-05-20 15:49:42 | INFO     | ayumi.forward_test | Order rejected: GBPUSD — Trade risk $25.00 exceeds daily remaining $0.00
2026-05-20 15:49:42 | INFO     | ayumi.blend_launcher | Signal rejected by blend: srmr_plus short GBPUSD conf=0.61 — Trade risk $25.00 exceeds daily remaining $0.00
2026-05-20 15:49:43 | INFO     | ayumi.orchestrator | Adapted signal: strategy=srmr_plus symbol=GBPUSD dir=SHORT conf=0.61 entry=1.34475 sl=1.34618 sl_dist=0.001422
2026-05-20 15:49:43 | INFO     | ayumi.orchestrator | Signal received: strategy=srmr_plus symbol=GBPUSD direction=SHORT confidence=0.612
2026-05-20 15:49:43 | INFO     | ayumi.orchestrator | Routing: strategy=srmr_plus symbol=GBPUSD → profile=Profile.SWARM
2026-05-20 15:49:43 | WARNING  | ayumi.orchestrator | Signal rejected: strategy=srmr_plus symbol=GBPUSD reason=sizing gate=Trade risk $25.00 exceeds daily remaining $0.00 sl_pips=14.2 risk_avail=0.00
2026-05-20 15:49:43 | INFO     | ayumi.forward_test | Order rejected: GBPUSD — Trade risk $25.00 exceeds daily remaining $0.00
2026-05-20 15:49:43 | INFO     | ayumi.blend_launcher | Signal rejected by blend: srmr_plus short GBPUSD conf=0.61 — Trade risk $25.00 exceeds daily remaining $0.00
2026-05-20 15:49:46 | INFO     | ayumi.orchestrator | Adapted signal: strategy=srmr_plus symbol=GBPUSD dir=SHORT conf=0.61 entry=1.34479 sl=1.34622 sl_dist=0.001422
2026-05-20 15:49:46 | INFO     | ayumi.orchestrator | Signal received: strategy=srmr_plus symbol=GBPUSD direction=SHORT confidence=0.612
2026-05-20 15:49:46 | INFO     | ayumi.orchestrator | Routing: strategy=srmr_plus symbol=GBPUSD → profile=Profile.SWARM
2026-05-20 15:49:46 | WARNING  | ayumi.orchestrator | Signal rejected: strategy=srmr_plus symbol=GBPUSD reason=sizing gate=Trade risk $25.00 exceeds daily remaining $0.00 sl_pips=14.2 risk_avail=0.00
2026-05-20 15:49:46 | INFO     | ayumi.forward_test | Order rejected: GBPUSD — Trade risk $25.00 exceeds daily remaining $0.00
2026-05-20 15:49:46 | INFO     | ayumi.blend_launcher | Signal rejected by blend: srmr_plus short GBPUSD conf=0.61 — Trade risk $25.00 exceeds daily remaining $0.00
2026-05-20 15:49:47 | INFO     | ayumi.orchestrator | Adapted signal: strategy=srmr_plus symbol=GBPUSD dir=SHORT conf=0.61 entry=1.34481 sl=1.34623 sl_dist=0.001422
2026-05-20 15:49:47 | INFO     | ayumi.orchestrator | Signal received: strategy=srmr_plus symbol=GBPUSD direction=SHORT confidence=0.612
2026-05-20 15:49:47 | INFO     | ayumi.orchestrator | Routing: strategy=srmr_plus symbol=GBPUSD → profile=Profile.SWARM
2026-05-20 15:49:47 | WARNING  | ayumi.orchestrator | Signal rejected: strategy=srmr_plus symbol=GBPUSD reason=sizing gate=Trade risk $25.00 exceeds daily remaining $0.00 sl_pips=14.2 risk_avail=0.00
2026-05-20 15:49:47 | INFO     | ayumi.forward_test | Order rejected: GBPUSD — Trade risk $25.00 exceeds daily remaining $0.00
2026-05-20 15:49:47 | INFO     | ayumi.blend_launcher | Signal rejected by blend: srmr_plus short GBPUSD conf=0.61 — Trade risk $25.00 exceeds daily remaining $0.00
2026-05-20 15:49:49 | INFO     | ayumi.orchestrator | Adapted signal: strategy=srmr_plus symbol=GBPUSD dir=SHORT conf=0.61 entry=1.34475 sl=1.34618 sl_dist=0.001422
2026-05-20 15:49:49 | INFO     | ayumi.orchestrator | Signal received: strategy=srmr_plus symbol=GBPUSD direction=SHORT confidence=0.612
2026-05-20 15:49:49 | INFO     | ayumi.orchestrator | Routing: strategy=srmr_plus symbol=GBPUSD → profile=Profile.SWARM
2026-05-20 15:49:49 | WARNING  | ayumi.orchestrator | Signal rejected: strategy=srmr_plus symbol=GBPUSD reason=sizing gate=Trade risk $25.00 exceeds daily remaining $0.00 sl_pips=14.2 risk_avail=0.00
2026-05-20 15:49:49 | INFO     | ayumi.forward_test | Order rejected: GBPUSD — Trade risk $25.00 exceeds daily remaining $0.00
2026-05-20 15:49:49 | INFO     | ayumi.blend_launcher | Signal rejected by blend: srmr_plus short GBPUSD conf=0.61 — Trade risk $25.00 exceeds daily remaining $0.00
2026-05-20 15:49:51 | INFO     | ayumi.orchestrator | Adapted signal: strategy=srmr_plus symbol=GBPUSD dir=SHORT conf=0.61 entry=1.34475 sl=1.34617 sl_dist=0.001422
2026-05-20 15:49:51 | INFO     | ayumi.orchestrator | Signal received: strategy=srmr_plus symbol=GBPUSD direction=SHORT confidence=0.612
2026-05-20 15:49:51 | INFO     | ayumi.orchestrator | Routing: strategy=srmr_plus symbol=GBPUSD → profile=Profile.SWARM
2026-05-20 15:49:51 | WARNING  | ayumi.orchestrator | Signal rejected: strategy=srmr_plus symbol=GBPUSD reason=sizing gate=Trade risk $25.00 exceeds daily remaining $0.00 sl_pips=14.2 risk_avail=0.00
2026-05-20 15:49:51 | INFO     | ayumi.forward_test | Order rejected: GBPUSD — Trade risk $25.00 exceeds daily remaining $0.00
2026-05-20 15:49:51 | INFO     | ayumi.blend_launcher | Signal rejected by blend: srmr_plus short GBPUSD conf=0.61 — Trade risk $25.00 exceeds daily remaining $0.00
2026-05-20 15:49:53 | INFO     | ayumi.orchestrator | Adapted signal: strategy=srmr_plus symbol=GBPUSD dir=SHORT conf=0.61 entry=1.34475 sl=1.34618 sl_dist=0.001422
2026-05-20 15:49:53 | INFO     | ayumi.orchestrator | Signal received: strategy=srmr_plus symbol=GBPUSD direction=SHORT confidence=0.612
2026-05-20 15:49:53 | INFO     | ayumi.orchestrator | Routing: strategy=srmr_plus symbol=GBPUSD → profile=Profile.SWARM
2026-05-20 15:49:53 | WARNING  | ayumi.orchestrator | Signal rejected: strategy=srmr_plus symbol=GBPUSD reason=sizing gate=Trade risk $25.00 exceeds daily remaining $0.00 sl_pips=14.2 risk_avail=0.00
2026-05-20 15:49:53 | INFO     | ayumi.forward_test | Order rejected: GBPUSD — Trade risk $25.00 exceeds daily remaining $0.00
2026-05-20 15:49:53 | INFO     | ayumi.blend_launcher | Signal rejected by blend: srmr_plus short GBPUSD conf=0.61 — Trade risk $25.00 exceeds daily remaining $0.00
2026-05-20 15:49:55 | INFO     | ayumi.orchestrator | Adapted signal: strategy=srmr_plus symbol=GBPUSD dir=SHORT conf=0.61 entry=1.34495 sl=1.34637 sl_dist=0.001422
2026-05-20 15:49:55 | INFO     | ayumi.orchestrator | Signal received: strategy=srmr_plus symbol=GBPUSD direction=SHORT confidence=0.612
2026-05-20 15:49:55 | INFO     | ayumi.orchestrator | Routing: strategy=srmr_plus symbol=GBPUSD → profile=Profile.SWARM
2026-05-20 15:49:55 | WARNING  | ayumi.orchestrator | Signal rejected: strategy=srmr_plus symbol=GBPUSD reason=sizing gate=Trade risk $25.00 exceeds daily remaining $0.00 sl_pips=14.2 risk_avail=0.00
2026-05-20 15:49:55 | INFO     | ayumi.forward_test | Order rejected: GBPUSD — Trade risk $25.00 exceeds daily remaining $0.00
2026-05-20 15:49:55 | INFO     | ayumi.blend_launcher | Signal rejected by blend: srmr_plus short GBPUSD conf=0.61 — Trade risk $25.00 exceeds daily remaining $0.00
2026-05-20 15:49:56 | INFO     | ayumi.orchestrator | Adapted signal: strategy=srmr_plus symbol=GBPUSD dir=SHORT conf=0.61 entry=1.34498 sl=1.34640 sl_dist=0.001422
2026-05-20 15:49:56 | INFO     | ayumi.orchestrator | Signal received: strategy=srmr_plus symbol=GBPUSD direction=SHORT confidence=0.611
2026-05-20 15:49:56 | INFO     | ayumi.orchestrator | Routing: strategy=srmr_plus symbol=GBPUSD → profile=Profile.SWARM
2026-05-20 15:49:56 | WARNING  | ayumi.orchestrator | Signal rejected: strategy=srmr_plus symbol=GBPUSD reason=sizing gate=Trade risk $25.00 exceeds daily remaining $0.00 sl_pips=14.2 risk_avail=0.00
2026-05-20 15:49:56 | INFO     | ayumi.forward_test | Order rejected: GBPUSD — Trade risk $25.00 exceeds daily remaining $0.00
2026-05-20 15:49:56 | INFO     | ayumi.blend_launcher | Signal rejected by blend: srmr_plus short GBPUSD conf=0.61 — Trade risk $25.00 exceeds daily remaining $0.00
2026-05-20 15:49:57 | INFO     | ayumi.orchestrator | Adapted signal: strategy=srmr_plus symbol=USDJPY dir=LONG conf=0.60 entry=158.74250 sl=158.63990 sl_dist=0.102600
2026-05-20 15:49:57 | INFO     | ayumi.orchestrator | Signal received: strategy=srmr_plus symbol=USDJPY direction=LONG confidence=0.596
2026-05-20 15:49:57 | INFO     | ayumi.orchestrator | Routing: strategy=srmr_plus symbol=USDJPY → profile=Profile.SWARM
2026-05-20 15:49:57 | WARNING  | ayumi.orchestrator | Signal rejected: strategy=srmr_plus symbol=USDJPY reason=sizing gate=Trade risk $25.00 exceeds daily remaining $0.00 sl_pips=10.3 risk_avail=0.00
2026-05-20 15:49:57 | INFO     | ayumi.forward_test | Order rejected: USDJPY — Trade risk $25.00 exceeds daily remaining $0.00
2026-05-20 15:49:57 | INFO     | ayumi.blend_launcher | Signal rejected by blend: srmr_plus long USDJPY conf=0.60 — Trade risk $25.00 exceeds daily remaining $0.00
2026-05-20 15:49:58 | INFO     | ayumi.orchestrator | Adapted signal: strategy=srmr_plus symbol=GBPUSD dir=SHORT conf=0.61 entry=1.34495 sl=1.34637 sl_dist=0.001422
2026-05-20 15:49:58 | INFO     | ayumi.orchestrator | Signal received: strategy=srmr_plus symbol=GBPUSD direction=SHORT confidence=0.611
2026-05-20 15:49:58 | INFO     | ayumi.orchestrator | Routing: strategy=srmr_plus symbol=GBPUSD → profile=Profile.SWARM
2026-05-20 15:49:58 | WARNING  | ayumi.orchestrator | Signal rejected: strategy=srmr_plus symbol=GBPUSD reason=sizing gate=Trade risk $25.00 exceeds daily remaining $0.00 sl_pips=14.2 risk_avail=0.00
2026-05-20 15:49:58 | INFO     | ayumi.forward_test | Order rejected: GBPUSD — Trade risk $25.00 exceeds daily remaining $0.00
2026-05-20 15:49:58 | INFO     | ayumi.blend_launcher | Signal rejected by blend: srmr_plus short GBPUSD conf=0.61 — Trade risk $25.00 exceeds daily remaining $0.00
2026-05-20 15:49:59 | INFO     | ayumi.orchestrator | Adapted signal: strategy=srmr_plus symbol=USDJPY dir=LONG conf=0.60 entry=158.74250 sl=158.63990 sl_dist=0.102600
2026-05-20 15:49:59 | INFO     | ayumi.orchestrator | Signal received: strategy=srmr_plus symbol=USDJPY direction=LONG confidence=0.596
2026-05-20 15:49:59 | INFO     | ayumi.orchestrator | Routing: strategy=srmr_plus symbol=USDJPY → profile=Profile.SWARM
2026-05-20 15:49:59 | WARNING  | ayumi.orchestrator | Signal rejected: strategy=srmr_plus symbol=USDJPY reason=sizing gate=Trade risk $25.00 exceeds daily remaining $0.00 sl_pips=10.3 risk_avail=0.00
2026-05-20 15:49:59 | INFO     | ayumi.forward_test | Order rejected: USDJPY — Trade risk $25.00 exceeds daily remaining $0.00
2026-05-20 15:49:59 | INFO     | ayumi.blend_launcher | Signal rejected by blend: srmr_plus long USDJPY conf=0.60 — Trade risk $25.00 exceeds daily remaining $0.00
2026-05-20 15:50:01 | INFO     | ayumi.orchestrator | Adapted signal: strategy=srmr_plus symbol=GBPUSD dir=SHORT conf=0.61 entry=1.34503 sl=1.34645 sl_dist=0.001422
2026-05-20 15:50:01 | INFO     | ayumi.orchestrator | Signal received: strategy=srmr_plus symbol=GBPUSD direction=SHORT confidence=0.611
2026-05-20 15:50:01 | INFO     | ayumi.orchestrator | Routing: strategy=srmr_plus symbol=GBPUSD → profile=Profile.SWARM
2026-05-20 15:50:01 | WARNING  | ayumi.orchestrator | Signal rejected: strategy=srmr_plus symbol=GBPUSD reason=sizing gate=Trade risk $25.00 exceeds daily remaining $0.00 sl_pips=14.2 risk_avail=0.00
2026-05-20 15:50:01 | INFO     | ayumi.forward_test | Order rejected: GBPUSD — Trade risk $25.00 exceeds daily remaining $0.00
2026-05-20 15:50:01 | INFO     | ayumi.blend_launcher | Signal rejected by blend: srmr_plus short GBPUSD conf=0.61 — Trade risk $25.00 exceeds daily remaining $0.00
2026-05-20 15:50:02 | INFO     | ayumi.orchestrator | Adapted signal: strategy=srmr_plus symbol=GBPUSD dir=SHORT conf=0.61 entry=1.34503 sl=1.34645 sl_dist=0.001422
2026-05-20 15:50:02 | INFO     | ayumi.orchestrator | Signal received: strategy=srmr_plus symbol=GBPUSD direction=SHORT confidence=0.611
2026-05-20 15:50:02 | INFO     | ayumi.orchestrator | Routing: strategy=srmr_plus symbol=GBPUSD → profile=Profile.SWARM
2026-05-20 15:50:02 | WARNING  | ayumi.orchestrator | Signal rejected: strategy=srmr_plus symbol=GBPUSD reason=sizing gate=Trade risk $25.00 exceeds daily remaining $0.00 sl_pips=14.2 risk_avail=0.00
2026-05-20 15:50:02 | INFO     | ayumi.forward_test | Order rejected: GBPUSD — Trade risk $25.00 exceeds daily remaining $0.00
2026-05-20 15:50:02 | INFO     | ayumi.blend_launcher | Signal rejected by blend: srmr_plus short GBPUSD conf=0.61 — Trade risk $25.00 exceeds daily remaining $0.00
2026-05-20 15:50:03 | INFO     | ayumi.orchestrator | Adapted signal: strategy=srmr_plus symbol=USDJPY dir=LONG conf=0.60 entry=158.73850 sl=158.63590 sl_dist=0.102600
2026-05-20 15:50:03 | INFO     | ayumi.orchestrator | Signal received: strategy=srmr_plus symbol=USDJPY direction=LONG confidence=0.596
2026-05-20 15:50:03 | INFO     | ayumi.orchestrator | Routing: strategy=srmr_plus symbol=USDJPY → profile=Profile.SWARM
2026-05-20 15:50:03 | WARNING  | ayumi.orchestrator | Signal rejected: strategy=srmr_plus symbol=USDJPY reason=sizing gate=Trade risk $25.00 exceeds daily remaining $0.00 sl_pips=10.3 risk_avail=0.00
2026-05-20 15:50:03 | INFO     | ayumi.forward_test | Order rejected: USDJPY — Trade risk $25.00 exceeds daily remaining $0.00
2026-05-20 15:50:03 | INFO     | ayumi.blend_launcher | Signal rejected by blend: srmr_plus long USDJPY conf=0.60 — Trade risk $25.00 exceeds daily remaining $0.00
2026-05-20 15:50:05 | INFO     | ayumi.orchestrator | Adapted signal: strategy=srmr_plus symbol=GBPUSD dir=SHORT conf=0.61 entry=1.34497 sl=1.34639 sl_dist=0.001422
2026-05-20 15:50:05 | INFO     | ayumi.orchestrator | Signal received: strategy=srmr_plus symbol=GBPUSD direction=SHORT confidence=0.611
2026-05-20 15:50:05 | INFO     | ayumi.orchestrator | Routing: strategy=srmr_plus symbol=GBPUSD → profile=Profile.SWARM
2026-05-20 15:50:05 | WARNING  | ayumi.orchestrator | Signal rejected: strategy=srmr_plus symbol=GBPUSD reason=sizing gate=Trade risk $25.00 exceeds daily remaining $0.00 sl_pips=14.2 risk_avail=0.00
2026-05-20 15:50:05 | INFO     | ayumi.forward_test | Order rejected: GBPUSD — Trade risk $25.00 exceeds daily remaining $0.00
2026-05-20 15:50:05 | INFO     | ayumi.blend_launcher | Signal rejected by blend: srmr_plus short GBPUSD conf=0.61 — Trade risk $25.00 exceeds daily remaining $0.00
2026-05-20 15:50:06 | INFO     | ayumi.orchestrator | Adapted signal: strategy=srmr_plus symbol=USDJPY dir=LONG conf=0.60 entry=158.74250 sl=158.63990 sl_dist=0.102600
2026-05-20 15:50:06 | INFO     | ayumi.orchestrator | Signal received: strategy=srmr_plus symbol=USDJPY direction=LONG confidence=0.596
2026-05-20 15:50:06 | INFO     | ayumi.orchestrator | Routing: strategy=srmr_plus symbol=USDJPY → profile=Profile.SWARM
2026-05-20 15:50:06 | WARNING  | ayumi.orchestrator | Signal rejected: strategy=srmr_plus symbol=USDJPY reason=sizing gate=Trade risk $25.00 exceeds daily remaining $0.00 sl_pips=10.3 risk_avail=0.00
2026-05-20 15:50:06 | INFO     | ayumi.forward_test | Order rejected: USDJPY — Trade risk $25.00 exceeds daily remaining $0.00
2026-05-20 15:50:06 | INFO     | ayumi.blend_launcher | Signal rejected by blend: srmr_plus long USDJPY conf=0.60 — Trade risk $25.00 exceeds daily remaining $0.00
2026-05-20 15:50:07 | INFO     | ayumi.orchestrator | Adapted signal: strategy=srmr_plus symbol=GBPUSD dir=SHORT conf=0.61 entry=1.34495 sl=1.34637 sl_dist=0.001422
2026-05-20 15:50:07 | INFO     | ayumi.orchestrator | Signal received: strategy=srmr_plus symbol=GBPUSD direction=SHORT confidence=0.611
2026-05-20 15:50:07 | INFO     | ayumi.orchestrator | Routing: strategy=srmr_plus symbol=GBPUSD → profile=Profile.SWARM
2026-05-20 15:50:07 | WARNING  | ayumi.orchestrator | Signal rejected: strategy=srmr_plus symbol=GBPUSD reason=sizing gate=Trade risk $25.00 exceeds daily remaining $0.00 sl_pips=14.2 risk_avail=0.00
2026-05-20 15:50:07 | INFO     | ayumi.forward_test | Order rejected: GBPUSD — Trade risk $25.00 exceeds daily remaining $0.00
2026-05-20 15:50:07 | INFO     | ayumi.blend_launcher | Signal rejected by blend: srmr_plus short GBPUSD conf=0.61 — Trade risk $25.00 exceeds daily remaining $0.00
2026-05-20 15:50:09 | INFO     | ayumi.orchestrator | Adapted signal: strategy=srmr_plus symbol=GBPUSD dir=SHORT conf=0.61 entry=1.34496 sl=1.34638 sl_dist=0.001422
2026-05-20 15:50:09 | INFO     | ayumi.orchestrator | Signal received: strategy=srmr_plus symbol=GBPUSD direction=SHORT confidence=0.611
2026-05-20 15:50:09 | INFO     | ayumi.orchestrator | Routing: strategy=srmr_plus symbol=GBPUSD → profile=Profile.SWARM
2026-05-20 15:50:09 | WARNING  | ayumi.orchestrator | Signal rejected: strategy=srmr_plus symbol=GBPUSD reason=sizing gate=Trade risk $25.00 exceeds daily remaining $0.00 sl_pips=14.2 risk_avail=0.00
2026-05-20 15:50:09 | INFO     | ayumi.forward_test | Order rejected: GBPUSD — Trade risk $25.00 exceeds daily remaining $0.00
2026-05-20 15:50:09 | INFO     | ayumi.blend_launcher | Signal rejected by blend: srmr_plus short GBPUSD conf=0.61 — Trade risk $25.00 exceeds daily remaining $0.00
2026-05-20 15:50:12 | INFO     | ayumi.orchestrator | Adapted signal: strategy=srmr_plus symbol=GBPUSD dir=SHORT conf=0.61 entry=1.34496 sl=1.34638 sl_dist=0.001422
2026-05-20 15:50:12 | INFO     | ayumi.orchestrator | Signal received: strategy=srmr_plus symbol=GBPUSD direction=SHORT confidence=0.611
2026-05-20 15:50:12 | INFO     | ayumi.orchestrator | Routing: strategy=srmr_plus symbol=GBPUSD → profile=Profile.SWARM
2026-05-20 15:50:12 | WARNING  | ayumi.orchestrator | Signal rejected: strategy=srmr_plus symbol=GBPUSD reason=sizing gate=Trade risk $25.00 exceeds daily remaining $0.00 sl_pips=14.2 risk_avail=0.00
2026-05-20 15:50:12 | INFO     | ayumi.forward_test | Order rejected: GBPUSD — Trade risk $25.00 exceeds daily remaining $0.00
2026-05-20 15:50:12 | INFO     | ayumi.blend_launcher | Signal rejected by blend: srmr_plus short GBPUSD conf=0.61 — Trade risk $25.00 exceeds daily remaining $0.00
2026-05-20 15:50:14 | INFO     | ayumi.orchestrator | Adapted signal: strategy=srmr_plus symbol=GBPUSD dir=SHORT conf=0.61 entry=1.34502 sl=1.34644 sl_dist=0.001422
2026-05-20 15:50:14 | INFO     | ayumi.orchestrator | Signal received: strategy=srmr_plus symbol=GBPUSD direction=SHORT confidence=0.611
2026-05-20 15:50:14 | INFO     | ayumi.orchestrator | Routing: strategy=srmr_plus symbol=GBPUSD → profile=Profile.SWARM
2026-05-20 15:50:14 | WARNING  | ayumi.orchestrator | Signal rejected: strategy=srmr_plus symbol=GBPUSD reason=sizing gate=Trade risk $25.00 exceeds daily remaining $0.00 sl_pips=14.2 risk_avail=0.00
2026-05-20 15:50:14 | INFO     | ayumi.forward_test | Order rejected: GBPUSD — Trade risk $25.00 exceeds daily remaining $0.00
2026-05-20 15:50:14 | INFO     | ayumi.blend_launcher | Signal rejected by blend: srmr_plus short GBPUSD conf=0.61 — Trade risk $25.00 exceeds daily remaining $0.00
2026-05-20 15:50:47 | INFO     | ayumi.pid_guard | PID 4147069 written to /home/TacoPants/projects/Ayumi/data/forward_test.pid
2026-05-20 15:50:47 | INFO     | ayumi.blend_launcher | === Ayumi Multi-Strategy Forward Test (Blend Pipeline) ===
2026-05-20 15:50:47 | INFO     | ayumi.blend_launcher | Symbols: ['GBPUSD', 'USDJPY']
2026-05-20 15:50:50 | WARNING  | ayumi.blend_launcher | Could not fetch symbol list from OpenAPI: 'CTraderOpenApiClient' object has no attribute 'get_symbols' — using static mapping
2026-05-20 15:50:50 | INFO     | ayumi.blend_launcher | Fetching 100 H1 bars for GBPUSD (id=2)...
2026-05-20 15:50:52 | INFO     | ayumi.blend_launcher | Fetched 99 H1 bars for GBPUSD
2026-05-20 15:50:52 | INFO     | ayumi.blend_launcher | Fetching 200 M15 bars for GBPUSD (id=2)...
2026-05-20 15:50:53 | INFO     | ayumi.blend_launcher | Fetched 199 M15 bars for GBPUSD
2026-05-20 15:50:53 | INFO     | ayumi.blend_launcher | Fetching 100 H1 bars for USDJPY (id=4)...
2026-05-20 15:50:55 | INFO     | ayumi.blend_launcher | Fetched 99 H1 bars for USDJPY
2026-05-20 15:50:55 | INFO     | ayumi.blend_launcher | Fetching 200 M15 bars for USDJPY (id=4)...
2026-05-20 15:50:56 | INFO     | ayumi.blend_launcher | Fetched 199 M15 bars for USDJPY
2026-05-20 15:50:56 | INFO     | ayumi.blend_launcher | Registered 8 strategies: ['SRMR+', 'Killzone Momentum', 'Donchian Channel Breakout', 'Session-Range Mean Reversion', 'BB+RSI Mean Reversion', 'Session Breakout London', 'Session Breakout NY', 'Session Breakout Asian']
2026-05-20 15:50:56 | INFO     | ayumi.blend_launcher | All strategy .name properties verified against maps
2026-05-20 15:50:56 | INFO     | ayumi.risk | Restored risk state from data/risk_state_blend.json
2026-05-20 15:50:56 | INFO     | ayumi.forward_test | BlendForwardTestRunner started — balance=$10000.00
2026-05-20 15:50:56 | INFO     | ayumi.forward_test | Preloaded 99 bars into key 'GBPUSD:60'
2026-05-20 15:50:56 | INFO     | ayumi.blend_launcher | Preloaded 99 60min bars for GBPUSD into engine
2026-05-20 15:50:56 | INFO     | ayumi.forward_test | Preloaded 199 bars into key 'GBPUSD:15'
2026-05-20 15:50:56 | INFO     | ayumi.blend_launcher | Preloaded 199 15min bars for GBPUSD into engine
2026-05-20 15:50:56 | INFO     | ayumi.forward_test | Preloaded 99 bars into key 'USDJPY:60'
2026-05-20 15:50:56 | INFO     | ayumi.blend_launcher | Preloaded 99 60min bars for USDJPY into engine
2026-05-20 15:50:56 | INFO     | ayumi.forward_test | Preloaded 199 bars into key 'USDJPY:15'
2026-05-20 15:50:56 | INFO     | ayumi.blend_launcher | Preloaded 199 15min bars for USDJPY into engine
2026-05-20 15:50:56 | INFO     | ayumi.blend_launcher | === STARTING MULTI-STRATEGY FORWARD TEST ===
2026-05-20 15:50:56 | INFO     | ayumi.blend_launcher | Pipeline: SRMR+ + Killzone + Momentum + SessionRangeMR → Correlation Gate → Blend Runner → Paper
2026-05-20 15:50:56 | INFO     | ayumi.blend_launcher | Startup diagnostic: strategies=['SRMR+', 'Killzone Momentum', 'Donchian Channel Breakout', 'Session-Range Mean Reversion', 'BB+RSI Mean Reversion', 'Session Breakout London', 'Session Breakout NY', 'Session Breakout Asian']
2026-05-20 15:50:56 | INFO     | ayumi.blend_launcher | Startup diagnostic: symbols=['GBPUSD', 'USDJPY']
2026-05-20 15:50:56 | INFO     | ayumi.blend_launcher | Startup diagnostic: bar_period=60m, min_confidence=0.50
2026-05-20 15:50:56 | INFO     | ayumi.blend_launcher | Startup diagnostic: strategy_timeframes={'SRMR+': 60, 'Killzone Momentum': 15, 'Donchian Channel Breakout': 15, 'Session-Range Mean Reversion': 60, 'BB+RSI Mean Reversion': 60, 'Session Breakout London': 15, 'Session Breakout NY': 15, 'Session Breakout Asian': 15}
2026-05-20 15:50:56 | WARNING  | ayumi.forward_test | Credential validation: sender_comp_id is empty — may cause FIX logon failure
2026-05-20 15:50:56 | INFO     | ayumi.forward_test | OpenApiLiveClient constructed for live_mode
2026-05-20 15:50:56 | INFO     | ayumi.openapi_spot_feed | Connected to demo.ctraderapi.com:5035
2026-05-20 15:50:56 | INFO     | ayumi.openapi_spot_feed | Reconnect restore: starting re-authentication...
2026-05-20 15:50:57 | INFO     | ayumi.openapi_spot_feed | Reconnect restore: application authenticated
2026-05-20 15:50:58 | INFO     | ayumi.openapi_spot_feed | Reconnect restore: account authenticated
2026-05-20 15:50:58 | INFO     | ayumi.openapi_spot_feed | Reconnect restore: completed successfully
2026-05-20 15:51:06 | ERROR    | ayumi.openapi_spot_feed | Send-and-wait failed: [Failure instance: Traceback: <class 'twisted.internet.defer.TimeoutError'>: (10, 'Deferred')
/home/TacoPants/projects/Ayumi/.venv/lib/python3.12/site-packages/twisted/internet/defer.py:798:timeItOut
/home/TacoPants/projects/Ayumi/.venv/lib/python3.12/site-packages/twisted/internet/defer.py:957:cancel
/home/TacoPants/projects/Ayumi/.venv/lib/python3.12/site-packages/twisted/internet/defer.py:916:errback
/home/TacoPants/projects/Ayumi/.venv/lib/python3.12/site-packages/twisted/internet/defer.py:984:_startRunCallbacks
--- <exception caught here> ---
/home/TacoPants/projects/Ayumi/.venv/lib/python3.12/site-packages/twisted/internet/defer.py:1078:_runCallbacks
/home/TacoPants/projects/Ayumi/.venv/lib/python3.12/site-packages/twisted/internet/defer.py:809:convertCancelled
/home/TacoPants/projects/Ayumi/.venv/lib/python3.12/site-packages/twisted/internet/defer.py:293:_cancelledToTimedOutError
]
2026-05-20 15:51:06 | ERROR    | ayumi.openapi_spot_feed | Application auth failed
2026-05-20 15:51:06 | ERROR    | ayumi.forward_test | Failed to start market data feed
2026-05-20 15:51:06 | ERROR    | ayumi.blend_launcher | Engine failed to start — FIX connection likely rejected. Check console output for details.
2026-05-20 15:51:06 | ERROR    | ayumi.blend_launcher | Verify: CTRADER_ACCOUNT, CTRADER_PASSWORD, CTRADER_HOST, CTRADER_READONLY_SSL_PORT in .env
2026-05-20 15:51:06 | INFO     | ayumi.risk | Saved risk state to data/risk_state_blend.json
2026-05-20 15:51:06 | INFO     | ayumi.forward_test | BlendForwardTestRunner stopped — balance=$10000.00
2026-05-20 15:51:06 | INFO     | ayumi.pid_guard | PID file /home/TacoPants/projects/Ayumi/data/forward_test.pid removed
2026-05-20 15:51:58 | WARNING  | ayumi.openapi_spot_feed | Disconnected: [Failure instance: Traceback (failure with no frames): <class 'twisted.internet.error.ConnectionDone'>: Connection was closed cleanly.
]
2026-05-20 15:52:05 | INFO     | ayumi.openapi_spot_feed | Connected to demo.ctraderapi.com:5035
2026-05-20 15:52:05 | INFO     | ayumi.openapi_spot_feed | Reconnect restore: starting re-authentication...
2026-05-20 15:52:07 | INFO     | ayumi.openapi_spot_feed | Account authenticated
2026-05-20 15:52:07 | INFO     | ayumi.openapi_spot_feed | Reconnect restore: application authenticated
2026-05-20 15:52:40 | INFO     | ayumi.pid_guard | PID 4150871 written to /home/TacoPants/projects/Ayumi/data/forward_test.pid
2026-05-20 15:52:40 | INFO     | ayumi.blend_launcher | === Ayumi Multi-Strategy Forward Test (Blend Pipeline) ===
2026-05-20 15:52:40 | INFO     | ayumi.blend_launcher | Symbols: ['GBPUSD', 'USDJPY']
2026-05-20 15:52:42 | WARNING  | ayumi.blend_launcher | Could not fetch symbol list from OpenAPI: 'CTraderOpenApiClient' object has no attribute 'get_symbols' — using static mapping
2026-05-20 15:52:42 | INFO     | ayumi.blend_launcher | Fetching 100 H1 bars for GBPUSD (id=2)...
2026-05-20 15:52:44 | INFO     | ayumi.blend_launcher | Fetched 99 H1 bars for GBPUSD
2026-05-20 15:52:44 | INFO     | ayumi.blend_launcher | Fetching 200 M15 bars for GBPUSD (id=2)...
2026-05-20 15:52:45 | INFO     | ayumi.blend_launcher | Fetched 199 M15 bars for GBPUSD
2026-05-20 15:52:45 | INFO     | ayumi.blend_launcher | Fetching 100 H1 bars for USDJPY (id=4)...
2026-05-20 15:52:47 | INFO     | ayumi.blend_launcher | Fetched 99 H1 bars for USDJPY
2026-05-20 15:52:47 | INFO     | ayumi.blend_launcher | Fetching 200 M15 bars for USDJPY (id=4)...
2026-05-20 15:52:48 | INFO     | ayumi.blend_launcher | Fetched 199 M15 bars for USDJPY
2026-05-20 15:52:48 | INFO     | ayumi.blend_launcher | Registered 8 strategies: ['SRMR+', 'Killzone Momentum', 'Donchian Channel Breakout', 'Session-Range Mean Reversion', 'BB+RSI Mean Reversion', 'Session Breakout London', 'Session Breakout NY', 'Session Breakout Asian']
2026-05-20 15:52:48 | INFO     | ayumi.blend_launcher | All strategy .name properties verified against maps
2026-05-20 15:52:48 | INFO     | ayumi.risk | Restored risk state from data/risk_state_blend.json
2026-05-20 15:52:48 | INFO     | ayumi.forward_test | BlendForwardTestRunner started — balance=$10000.00
2026-05-20 15:52:48 | INFO     | ayumi.forward_test | Preloaded 99 bars into key 'GBPUSD:60'
2026-05-20 15:52:48 | INFO     | ayumi.blend_launcher | Preloaded 99 60min bars for GBPUSD into engine
2026-05-20 15:52:48 | INFO     | ayumi.forward_test | Preloaded 199 bars into key 'GBPUSD:15'
2026-05-20 15:52:48 | INFO     | ayumi.blend_launcher | Preloaded 199 15min bars for GBPUSD into engine
2026-05-20 15:52:48 | INFO     | ayumi.forward_test | Preloaded 99 bars into key 'USDJPY:60'
2026-05-20 15:52:48 | INFO     | ayumi.blend_launcher | Preloaded 99 60min bars for USDJPY into engine
2026-05-20 15:52:48 | INFO     | ayumi.forward_test | Preloaded 199 bars into key 'USDJPY:15'
2026-05-20 15:52:48 | INFO     | ayumi.blend_launcher | Preloaded 199 15min bars for USDJPY into engine
2026-05-20 15:52:48 | INFO     | ayumi.blend_launcher | === STARTING MULTI-STRATEGY FORWARD TEST ===
2026-05-20 15:52:48 | INFO     | ayumi.blend_launcher | Pipeline: SRMR+ + Killzone + Momentum + SessionRangeMR → Correlation Gate → Blend Runner → Paper
2026-05-20 15:52:48 | INFO     | ayumi.blend_launcher | Startup diagnostic: strategies=['SRMR+', 'Killzone Momentum', 'Donchian Channel Breakout', 'Session-Range Mean Reversion', 'BB+RSI Mean Reversion', 'Session Breakout London', 'Session Breakout NY', 'Session Breakout Asian']
2026-05-20 15:52:48 | INFO     | ayumi.blend_launcher | Startup diagnostic: symbols=['GBPUSD', 'USDJPY']
2026-05-20 15:52:48 | INFO     | ayumi.blend_launcher | Startup diagnostic: bar_period=60m, min_confidence=0.50
2026-05-20 15:52:48 | INFO     | ayumi.blend_launcher | Startup diagnostic: strategy_timeframes={'SRMR+': 60, 'Killzone Momentum': 15, 'Donchian Channel Breakout': 15, 'Session-Range Mean Reversion': 60, 'BB+RSI Mean Reversion': 60, 'Session Breakout London': 15, 'Session Breakout NY': 15, 'Session Breakout Asian': 15}
2026-05-20 15:52:48 | WARNING  | ayumi.forward_test | Credential validation: sender_comp_id is empty — may cause FIX logon failure
2026-05-20 15:52:48 | INFO     | ayumi.forward_test | OpenApiLiveClient constructed for live_mode
2026-05-20 15:52:48 | INFO     | ayumi.openapi_spot_feed | Connected to demo.ctraderapi.com:5035
2026-05-20 15:52:48 | INFO     | ayumi.openapi_spot_feed | Reconnect restore: starting re-authentication...
2026-05-20 15:52:49 | INFO     | ayumi.openapi_spot_feed | Reconnect restore: application authenticated
2026-05-20 15:52:50 | INFO     | ayumi.openapi_spot_feed | Reconnect restore: account authenticated
2026-05-20 15:52:50 | INFO     | ayumi.openapi_spot_feed | Reconnect restore: completed successfully
2026-05-20 15:52:58 | ERROR    | ayumi.openapi_spot_feed | Send-and-wait failed: [Failure instance: Traceback: <class 'twisted.internet.defer.TimeoutError'>: (10, 'Deferred')
/home/TacoPants/projects/Ayumi/.venv/lib/python3.12/site-packages/twisted/internet/defer.py:798:timeItOut
/home/TacoPants/projects/Ayumi/.venv/lib/python3.12/site-packages/twisted/internet/defer.py:957:cancel
/home/TacoPants/projects/Ayumi/.venv/lib/python3.12/site-packages/twisted/internet/defer.py:916:errback
/home/TacoPants/projects/Ayumi/.venv/lib/python3.12/site-packages/twisted/internet/defer.py:984:_startRunCallbacks
--- <exception caught here> ---
/home/TacoPants/projects/Ayumi/.venv/lib/python3.12/site-packages/twisted/internet/defer.py:1078:_runCallbacks
/home/TacoPants/projects/Ayumi/.venv/lib/python3.12/site-packages/twisted/internet/defer.py:809:convertCancelled
/home/TacoPants/projects/Ayumi/.venv/lib/python3.12/site-packages/twisted/internet/defer.py:293:_cancelledToTimedOutError
]
2026-05-20 15:52:58 | ERROR    | ayumi.openapi_spot_feed | Application auth failed
2026-05-20 15:52:58 | ERROR    | ayumi.forward_test | Failed to start market data feed
2026-05-20 15:52:58 | ERROR    | ayumi.blend_launcher | Engine failed to start — FIX connection likely rejected. Check console output for details.
2026-05-20 15:52:58 | ERROR    | ayumi.blend_launcher | Verify: CTRADER_ACCOUNT, CTRADER_PASSWORD, CTRADER_HOST, CTRADER_READONLY_SSL_PORT in .env
2026-05-20 15:52:58 | INFO     | ayumi.risk | Saved risk state to data/risk_state_blend.json
2026-05-20 15:52:58 | INFO     | ayumi.forward_test | BlendForwardTestRunner stopped — balance=$10000.00
2026-05-20 15:52:58 | INFO     | ayumi.pid_guard | PID file /home/TacoPants/projects/Ayumi/data/forward_test.pid removed
2026-05-20 15:54:02 | INFO     | ayumi.pid_guard | PID 4151126 written to /home/TacoPants/projects/Ayumi/data/forward_test.pid
2026-05-20 15:54:02 | INFO     | ayumi.blend_launcher | === Ayumi Multi-Strategy Forward Test (Blend Pipeline) ===
2026-05-20 15:54:02 | INFO     | ayumi.blend_launcher | Symbols: ['GBPUSD', 'USDJPY']
2026-05-20 15:54:05 | WARNING  | ayumi.blend_launcher | Could not fetch symbol list from OpenAPI: 'CTraderOpenApiClient' object has no attribute 'get_symbols' — using static mapping
2026-05-20 15:54:05 | INFO     | ayumi.blend_launcher | Fetching 100 H1 bars for GBPUSD (id=2)...
2026-05-20 15:54:07 | INFO     | ayumi.blend_launcher | Fetched 99 H1 bars for GBPUSD
2026-05-20 15:54:07 | INFO     | ayumi.blend_launcher | Fetching 200 M15 bars for GBPUSD (id=2)...
2026-05-20 15:54:08 | INFO     | ayumi.blend_launcher | Fetched 199 M15 bars for GBPUSD
2026-05-20 15:54:08 | INFO     | ayumi.blend_launcher | Fetching 100 H1 bars for USDJPY (id=4)...
2026-05-20 15:54:10 | INFO     | ayumi.blend_launcher | Fetched 99 H1 bars for USDJPY
2026-05-20 15:54:10 | INFO     | ayumi.blend_launcher | Fetching 200 M15 bars for USDJPY (id=4)...
2026-05-20 15:54:11 | INFO     | ayumi.blend_launcher | Fetched 199 M15 bars for USDJPY
2026-05-20 15:54:11 | INFO     | ayumi.blend_launcher | Registered 8 strategies: ['SRMR+', 'Killzone Momentum', 'Donchian Channel Breakout', 'Session-Range Mean Reversion', 'BB+RSI Mean Reversion', 'Session Breakout London', 'Session Breakout NY', 'Session Breakout Asian']
2026-05-20 15:54:11 | INFO     | ayumi.blend_launcher | All strategy .name properties verified against maps
2026-05-20 15:54:11 | INFO     | ayumi.risk | Restored risk state from data/risk_state_blend.json
2026-05-20 15:54:11 | INFO     | ayumi.forward_test | BlendForwardTestRunner started — balance=$10000.00
2026-05-20 15:54:11 | INFO     | ayumi.forward_test | Preloaded 99 bars into key 'GBPUSD:60'
2026-05-20 15:54:11 | INFO     | ayumi.blend_launcher | Preloaded 99 60min bars for GBPUSD into engine
2026-05-20 15:54:11 | INFO     | ayumi.forward_test | Preloaded 199 bars into key 'GBPUSD:15'
2026-05-20 15:54:11 | INFO     | ayumi.blend_launcher | Preloaded 199 15min bars for GBPUSD into engine
2026-05-20 15:54:11 | INFO     | ayumi.forward_test | Preloaded 99 bars into key 'USDJPY:60'
2026-05-20 15:54:11 | INFO     | ayumi.blend_launcher | Preloaded 99 60min bars for USDJPY into engine
2026-05-20 15:54:11 | INFO     | ayumi.forward_test | Preloaded 199 bars into key 'USDJPY:15'
2026-05-20 15:54:11 | INFO     | ayumi.blend_launcher | Preloaded 199 15min bars for USDJPY into engine
2026-05-20 15:54:11 | INFO     | ayumi.blend_launcher | === STARTING MULTI-STRATEGY FORWARD TEST ===
2026-05-20 15:54:11 | INFO     | ayumi.blend_launcher | Pipeline: SRMR+ + Killzone + Momentum + SessionRangeMR → Correlation Gate → Blend Runner → Paper
2026-05-20 15:54:11 | INFO     | ayumi.blend_launcher | Startup diagnostic: strategies=['SRMR+', 'Killzone Momentum', 'Donchian Channel Breakout', 'Session-Range Mean Reversion', 'BB+RSI Mean Reversion', 'Session Breakout London', 'Session Breakout NY', 'Session Breakout Asian']
2026-05-20 15:54:11 | INFO     | ayumi.blend_launcher | Startup diagnostic: symbols=['GBPUSD', 'USDJPY']
2026-05-20 15:54:11 | INFO     | ayumi.blend_launcher | Startup diagnostic: bar_period=60m, min_confidence=0.50
2026-05-20 15:54:11 | INFO     | ayumi.blend_launcher | Startup diagnostic: strategy_timeframes={'SRMR+': 60, 'Killzone Momentum': 15, 'Donchian Channel Breakout': 15, 'Session-Range Mean Reversion': 60, 'BB+RSI Mean Reversion': 60, 'Session Breakout London': 15, 'Session Breakout NY': 15, 'Session Breakout Asian': 15}
2026-05-20 15:54:11 | WARNING  | ayumi.forward_test | Credential validation: sender_comp_id is empty — may cause FIX logon failure
2026-05-20 15:54:11 | INFO     | ayumi.forward_test | OpenApiLiveClient constructed for live_mode
2026-05-20 15:54:11 | INFO     | ayumi.openapi_spot_feed | Connected to demo.ctraderapi.com:5035
2026-05-20 15:54:11 | INFO     | ayumi.openapi_spot_feed | Reconnect restore: starting re-authentication...
2026-05-20 15:54:12 | INFO     | ayumi.openapi_spot_feed | Application authenticated
2026-05-20 15:54:13 | INFO     | ayumi.openapi_spot_feed | No token lifetime from server — defaulting to 86400s
2026-05-20 15:54:13 | INFO     | ayumi.openapi_spot_feed | Scheduling proactive token refresh in 69120s (token lifetime=86400s)
2026-05-20 15:54:13 | INFO     | ayumi.openapi_spot_feed | Account authenticated
2026-05-20 15:54:13 | INFO     | ayumi.openapi_spot_feed | Requesting symbol list for account 46877902
2026-05-20 15:54:14 | INFO     | ayumi.openapi_spot_feed | Loaded 830 symbol name mappings from API
2026-05-20 15:54:14 | INFO     | ayumi.openapi_spot_feed | Pre-fetching details for GBPUSD (id=2)
2026-05-20 15:54:15 | INFO     | ayumi.openapi_spot_feed | Fetched symbol details: id=2 digits=5
2026-05-20 15:54:15 | INFO     | ayumi.openapi_spot_feed | Pre-fetching details for USDJPY (id=4)
2026-05-20 15:54:16 | INFO     | ayumi.openapi_spot_feed | Fetched symbol details: id=4 digits=3
2026-05-20 15:54:16 | INFO     | ayumi.openapi_spot_feed | Subscribed to spot events for symbol_id=2
2026-05-20 15:54:16 | INFO     | ayumi.openapi_spot_feed | Subscribed to spot events for symbol_id=4
2026-05-20 15:54:16 | INFO     | ayumi.openapi_spot_feed | OpenApiSpotFeed started: account=46877902 symbols_loaded=2
2026-05-20 15:54:16 | INFO     | ayumi.forward_test | Open API spot feed connected for ['GBPUSD', 'USDJPY']
2026-05-20 15:54:16 | INFO     | ayumi.openapi_live_client | [OpenApiLiveClient] Symbol map set: 830 entries
2026-05-20 15:54:16 | INFO     | ayumi.openapi_live_client | [OpenApiLiveClient] Riding on spot feed's authenticated connection
2026-05-20 15:54:16 | INFO     | ayumi.forward_test | OpenApiLiveClient connected — live mode active
2026-05-20 15:54:16 | INFO     | ayumi.forward_test | Skipping preload for GBPUSD 60m — already has 99 bars
2026-05-20 15:54:16 | INFO     | ayumi.forward_test | Skipping preload for GBPUSD 15m — already has 199 bars
2026-05-20 15:54:16 | INFO     | ayumi.forward_test | Skipping preload for USDJPY 60m — already has 99 bars
2026-05-20 15:54:16 | INFO     | ayumi.forward_test | Skipping preload for USDJPY 15m — already has 199 bars
2026-05-20 15:54:16 | INFO     | ayumi.forward_test | Bar preloading complete
2026-05-20 15:54:16 | INFO     | ayumi.forward_test | Forward test started: symbols=['GBPUSD', 'USDJPY'] strategies=['SRMR+', 'Killzone Momentum', 'Donchian Channel Breakout', 'Session-Range Mean Reversion', 'BB+RSI Mean Reversion', 'Session Breakout London', 'Session Breakout NY', 'Session Breakout Asian'] mode=LIVE eval_interval=1.0s bar_period=60m
2026-05-20 15:54:16 | INFO     | ayumi.forward_test | [B5 Startup] Strategy list: ['SRMR+', 'Killzone Momentum', 'Donchian Channel Breakout', 'Session-Range Mean Reversion', 'BB+RSI Mean Reversion', 'Session Breakout London', 'Session Breakout NY', 'Session Breakout Asian']
2026-05-20 15:54:16 | INFO     | ayumi.forward_test | [B5 Startup] Symbols: ['GBPUSD', 'USDJPY']
2026-05-20 15:54:16 | INFO     | ayumi.forward_test | [B5 Startup] Bar period: 60m
2026-05-20 15:54:16 | INFO     | ayumi.forward_test | [B5 Startup] Min confidence: 0.50
2026-05-20 15:54:16 | INFO     | ayumi.forward_test | [B5 Startup] Min bars for evaluation: 55
2026-05-20 15:54:16 | INFO     | ayumi.forward_test | [B5 Startup] Strategy timeframes: {'SRMR+': 60, 'Killzone Momentum': 15, 'Donchian Channel Breakout': 15, 'Session-Range Mean Reversion': 60, 'BB+RSI Mean Reversion': 60, 'Session Breakout London': 15, 'Session Breakout NY': 15, 'Session Breakout Asian': 15}
2026-05-20 15:54:16 | INFO     | ayumi.forward_test | [B5 Startup] Required timeframes: [15, 60]
2026-05-20 15:54:17 | INFO     | ayumi.orchestrator | Adapted signal: strategy=srmr_plus symbol=GBPUSD dir=SHORT conf=0.61 entry=1.34425 sl=1.34567 sl_dist=0.001422
2026-05-20 15:54:17 | INFO     | ayumi.orchestrator | Signal received: strategy=srmr_plus symbol=GBPUSD direction=SHORT confidence=0.614
2026-05-20 15:54:17 | INFO     | ayumi.orchestrator | Routing: strategy=srmr_plus symbol=GBPUSD → profile=Profile.SWARM
2026-05-20 15:54:17 | INFO     | ayumi.orchestrator | Signal accepted: strategy=srmr_plus symbol=GBPUSD lots=0.1800 risk=$25.00 sl=14.2pips
2026-05-20 15:54:17 | INFO     | ayumi.forward_test | Order accepted: GBPUSD SHORT 0.1800 lots risk=$25.00
2026-05-20 15:54:17 | INFO     | ayumi.blend_launcher | Signal accepted: srmr_plus short GBPUSD @ 1.34425 conf=0.61 lots=0.1800
2026-05-20 15:54:17 | WARNING  | ayumi.blend_launcher | Trade execution failed: Risk:Reward 1.50 below minimum 1.5
2026-05-20 15:54:17 | INFO     | ayumi.orchestrator | Adapted signal: strategy=session_breakout_ny symbol=GBPUSD dir=LONG conf=0.90 entry=1.34425 sl=1.34149 sl_dist=0.002758
2026-05-20 15:54:17 | INFO     | ayumi.orchestrator | Signal received: strategy=session_breakout_ny symbol=GBPUSD direction=LONG confidence=0.900
2026-05-20 15:54:17 | INFO     | ayumi.orchestrator | Routing: strategy=session_breakout_ny symbol=GBPUSD → profile=Profile.SNIPER
2026-05-20 15:54:17 | INFO     | ayumi.orchestrator | Signal accepted: strategy=session_breakout_ny symbol=GBPUSD lots=0.1800 risk=$50.00 sl=27.6pips
2026-05-20 15:54:17 | INFO     | ayumi.forward_test | Order accepted: GBPUSD LONG 0.1800 lots risk=$50.00
2026-05-20 15:54:17 | INFO     | ayumi.blend_launcher | Signal accepted: session_breakout_ny long GBPUSD @ 1.34425 conf=0.90 lots=0.1800
2026-05-20 15:54:17 | ERROR    | ayumi.blend_launcher | Trade execution error: 'int' object has no attribute 'append'
Traceback (most recent call last):
  File "/home/TacoPants/projects/Ayumi/scripts/launch_blend_forward_test.py", line 337, in _route_signal
    exec_result = self._paper_trader.process_signal(
                  ^^^^^^^^^^^^^^^^^^^^^^^^^^^^^^^^^^
  File "/home/TacoPants/projects/Ayumi/src/forex-bot/adapters/ctrader/paper_trader.py", line 117, in process_signal
    trade_result = self._execute_order(
                   ^^^^^^^^^^^^^^^^^^^^
  File "/home/TacoPants/projects/Ayumi/src/forex-bot/adapters/ctrader/paper_trader.py", line 160, in _execute_order
    return self._order_manager.execute_live_order(
           ^^^^^^^^^^^^^^^^^^^^^^^^^^^^^^^^^^^^^^^
  File "/home/TacoPants/projects/Ayumi/src/forex-bot/adapters/ctrader/order_manager.py", line 283, in execute_live_order
    order = self._api_client.send_order(
            ^^^^^^^^^^^^^^^^^^^^^^^^^^^^
  File "/home/TacoPants/projects/Ayumi/src/forex-bot/adapters/ctrader/open_api_live_client.py", line 419, in send_order
    return self.send_market_order(
           ^^^^^^^^^^^^^^^^^^^^^^^
  File "/home/TacoPants/projects/Ayumi/src/forex-bot/adapters/ctrader/open_api_live_client.py", line 466, in send_market_order
    req.symbolId.append(symbol_id)
    ^^^^^^^^^^^^^^^^^^^
AttributeError: 'int' object has no attribute 'append'
2026-05-20 15:54:18 | INFO     | ayumi.orchestrator | Adapted signal: strategy=srmr_plus symbol=GBPUSD dir=SHORT conf=0.61 entry=1.34425 sl=1.34568 sl_dist=0.001422
2026-05-20 15:54:18 | INFO     | ayumi.orchestrator | Signal received: strategy=srmr_plus symbol=GBPUSD direction=SHORT confidence=0.614
2026-05-20 15:54:18 | INFO     | ayumi.orchestrator | Routing: strategy=srmr_plus symbol=GBPUSD → profile=Profile.SWARM
2026-05-20 15:54:18 | INFO     | ayumi.orchestrator | Signal accepted: strategy=srmr_plus symbol=GBPUSD lots=0.1800 risk=$25.00 sl=14.2pips
2026-05-20 15:54:18 | INFO     | ayumi.forward_test | Order accepted: GBPUSD SHORT 0.1800 lots risk=$25.00
2026-05-20 15:54:18 | INFO     | ayumi.blend_launcher | Signal accepted: srmr_plus short GBPUSD @ 1.34425 conf=0.61 lots=0.1800
2026-05-20 15:54:18 | WARNING  | ayumi.blend_launcher | Trade execution failed: Risk:Reward 1.50 below minimum 1.5
2026-05-20 15:54:19 | INFO     | ayumi.orchestrator | Adapted signal: strategy=srmr_plus symbol=GBPUSD dir=SHORT conf=0.61 entry=1.34424 sl=1.34566 sl_dist=0.001422
2026-05-20 15:54:19 | INFO     | ayumi.orchestrator | Signal received: strategy=srmr_plus symbol=GBPUSD direction=SHORT confidence=0.614
2026-05-20 15:54:19 | INFO     | ayumi.orchestrator | Routing: strategy=srmr_plus symbol=GBPUSD → profile=Profile.SWARM
2026-05-20 15:54:19 | INFO     | ayumi.orchestrator | Signal accepted: strategy=srmr_plus symbol=GBPUSD lots=0.1800 risk=$25.00 sl=14.2pips
2026-05-20 15:54:19 | INFO     | ayumi.forward_test | Order accepted: GBPUSD SHORT 0.1800 lots risk=$25.00
2026-05-20 15:54:19 | INFO     | ayumi.blend_launcher | Signal accepted: srmr_plus short GBPUSD @ 1.34424 conf=0.61 lots=0.1800
2026-05-20 15:54:19 | WARNING  | ayumi.blend_launcher | Trade execution failed: Risk:Reward 1.50 below minimum 1.5
2026-05-20 15:54:21 | ERROR    | ayumi.openapi_spot_feed | Send-and-wait failed: [Failure instance: Traceback: <class 'twisted.internet.defer.TimeoutError'>: (10, 'Deferred')
/home/TacoPants/projects/Ayumi/.venv/lib/python3.12/site-packages/twisted/internet/defer.py:798:timeItOut
/home/TacoPants/projects/Ayumi/.venv/lib/python3.12/site-packages/twisted/internet/defer.py:957:cancel
/home/TacoPants/projects/Ayumi/.venv/lib/python3.12/site-packages/twisted/internet/defer.py:916:errback
/home/TacoPants/projects/Ayumi/.venv/lib/python3.12/site-packages/twisted/internet/defer.py:984:_startRunCallbacks
--- <exception caught here> ---
/home/TacoPants/projects/Ayumi/.venv/lib/python3.12/site-packages/twisted/internet/defer.py:1078:_runCallbacks
/home/TacoPants/projects/Ayumi/.venv/lib/python3.12/site-packages/twisted/internet/defer.py:809:convertCancelled
/home/TacoPants/projects/Ayumi/.venv/lib/python3.12/site-packages/twisted/internet/defer.py:293:_cancelledToTimedOutError
]
2026-05-20 15:54:21 | ERROR    | ayumi.openapi_spot_feed | Reconnect restore: application auth failed
2026-05-20 15:54:22 | INFO     | ayumi.orchestrator | Adapted signal: strategy=srmr_plus symbol=GBPUSD dir=SHORT conf=0.61 entry=1.34425 sl=1.34568 sl_dist=0.001422
2026-05-20 15:54:22 | INFO     | ayumi.orchestrator | Signal received: strategy=srmr_plus symbol=GBPUSD direction=SHORT confidence=0.614
2026-05-20 15:54:22 | INFO     | ayumi.orchestrator | Routing: strategy=srmr_plus symbol=GBPUSD → profile=Profile.SWARM
2026-05-20 15:54:22 | INFO     | ayumi.orchestrator | Signal accepted: strategy=srmr_plus symbol=GBPUSD lots=0.1800 risk=$25.00 sl=14.2pips
2026-05-20 15:54:22 | INFO     | ayumi.forward_test | Order accepted: GBPUSD SHORT 0.1800 lots risk=$25.00
2026-05-20 15:54:22 | INFO     | ayumi.blend_launcher | Signal accepted: srmr_plus short GBPUSD @ 1.34425 conf=0.61 lots=0.1800
2026-05-20 15:54:22 | WARNING  | ayumi.blend_launcher | Trade execution failed: Risk:Reward 1.50 below minimum 1.5
2026-05-20 15:54:23 | INFO     | ayumi.orchestrator | Adapted signal: strategy=srmr_plus symbol=GBPUSD dir=SHORT conf=0.61 entry=1.34418 sl=1.34561 sl_dist=0.001422
2026-05-20 15:54:23 | INFO     | ayumi.orchestrator | Signal received: strategy=srmr_plus symbol=GBPUSD direction=SHORT confidence=0.614
2026-05-20 15:54:23 | INFO     | ayumi.orchestrator | Routing: strategy=srmr_plus symbol=GBPUSD → profile=Profile.SWARM
2026-05-20 15:54:23 | INFO     | ayumi.orchestrator | Signal accepted: strategy=srmr_plus symbol=GBPUSD lots=0.1800 risk=$25.00 sl=14.2pips
2026-05-20 15:54:23 | INFO     | ayumi.forward_test | Order accepted: GBPUSD SHORT 0.1800 lots risk=$25.00
2026-05-20 15:54:23 | INFO     | ayumi.blend_launcher | Signal accepted: srmr_plus short GBPUSD @ 1.34418 conf=0.61 lots=0.1800
2026-05-20 15:54:23 | WARNING  | ayumi.blend_launcher | Trade execution failed: Risk:Reward 1.50 below minimum 1.5
2026-05-20 15:54:26 | INFO     | ayumi.orchestrator | Adapted signal: strategy=srmr_plus symbol=GBPUSD dir=SHORT conf=0.61 entry=1.34421 sl=1.34563 sl_dist=0.001422
2026-05-20 15:54:26 | INFO     | ayumi.orchestrator | Signal received: strategy=srmr_plus symbol=GBPUSD direction=SHORT confidence=0.614
2026-05-20 15:54:26 | INFO     | ayumi.orchestrator | Routing: strategy=srmr_plus symbol=GBPUSD → profile=Profile.SWARM
2026-05-20 15:54:26 | INFO     | ayumi.orchestrator | Signal accepted: strategy=srmr_plus symbol=GBPUSD lots=0.1800 risk=$25.00 sl=14.2pips
2026-05-20 15:54:26 | INFO     | ayumi.forward_test | Order accepted: GBPUSD SHORT 0.1800 lots risk=$25.00
2026-05-20 15:54:26 | INFO     | ayumi.blend_launcher | Signal accepted: srmr_plus short GBPUSD @ 1.34421 conf=0.61 lots=0.1800
2026-05-20 15:54:26 | WARNING  | ayumi.blend_launcher | Trade execution failed: Risk:Reward 1.50 below minimum 1.5
2026-05-20 15:54:27 | INFO     | ayumi.orchestrator | Adapted signal: strategy=srmr_plus symbol=GBPUSD dir=SHORT conf=0.61 entry=1.34421 sl=1.34563 sl_dist=0.001422
2026-05-20 15:54:27 | INFO     | ayumi.orchestrator | Signal received: strategy=srmr_plus symbol=GBPUSD direction=SHORT confidence=0.614
2026-05-20 15:54:27 | INFO     | ayumi.orchestrator | Routing: strategy=srmr_plus symbol=GBPUSD → profile=Profile.SWARM
2026-05-20 15:54:27 | INFO     | ayumi.orchestrator | Signal accepted: strategy=srmr_plus symbol=GBPUSD lots=0.1800 risk=$25.00 sl=14.2pips
2026-05-20 15:54:27 | INFO     | ayumi.forward_test | Order accepted: GBPUSD SHORT 0.1800 lots risk=$25.00
2026-05-20 15:54:27 | INFO     | ayumi.blend_launcher | Signal accepted: srmr_plus short GBPUSD @ 1.34421 conf=0.61 lots=0.1800
2026-05-20 15:54:27 | WARNING  | ayumi.blend_launcher | Trade execution failed: Risk:Reward 1.50 below minimum 1.5
2026-05-20 15:54:28 | INFO     | ayumi.orchestrator | Adapted signal: strategy=srmr_plus symbol=GBPUSD dir=SHORT conf=0.61 entry=1.34421 sl=1.34564 sl_dist=0.001422
2026-05-20 15:54:28 | INFO     | ayumi.orchestrator | Signal received: strategy=srmr_plus symbol=GBPUSD direction=SHORT confidence=0.614
2026-05-20 15:54:28 | INFO     | ayumi.orchestrator | Routing: strategy=srmr_plus symbol=GBPUSD → profile=Profile.SWARM
2026-05-20 15:54:28 | INFO     | ayumi.orchestrator | Signal accepted: strategy=srmr_plus symbol=GBPUSD lots=0.1800 risk=$25.00 sl=14.2pips
2026-05-20 15:54:28 | INFO     | ayumi.forward_test | Order accepted: GBPUSD SHORT 0.1800 lots risk=$25.00
2026-05-20 15:54:28 | INFO     | ayumi.blend_launcher | Signal accepted: srmr_plus short GBPUSD @ 1.34421 conf=0.61 lots=0.1800
2026-05-20 15:54:28 | WARNING  | ayumi.blend_launcher | Trade execution failed: Risk:Reward 1.50 below minimum 1.5
2026-05-20 15:54:30 | INFO     | ayumi.orchestrator | Adapted signal: strategy=srmr_plus symbol=GBPUSD dir=SHORT conf=0.61 entry=1.34422 sl=1.34564 sl_dist=0.001422
2026-05-20 15:54:30 | INFO     | ayumi.orchestrator | Signal received: strategy=srmr_plus symbol=GBPUSD direction=SHORT confidence=0.614
2026-05-20 15:54:30 | INFO     | ayumi.orchestrator | Routing: strategy=srmr_plus symbol=GBPUSD → profile=Profile.SWARM
2026-05-20 15:54:30 | INFO     | ayumi.orchestrator | Signal accepted: strategy=srmr_plus symbol=GBPUSD lots=0.1800 risk=$25.00 sl=14.2pips
2026-05-20 15:54:30 | INFO     | ayumi.forward_test | Order accepted: GBPUSD SHORT 0.1800 lots risk=$25.00
2026-05-20 15:54:30 | INFO     | ayumi.blend_launcher | Signal accepted: srmr_plus short GBPUSD @ 1.34422 conf=0.61 lots=0.1800
2026-05-20 15:54:30 | WARNING  | ayumi.blend_launcher | Trade execution failed: Risk:Reward 1.50 below minimum 1.5
2026-05-20 15:54:32 | INFO     | ayumi.orchestrator | Adapted signal: strategy=srmr_plus symbol=GBPUSD dir=SHORT conf=0.61 entry=1.34422 sl=1.34564 sl_dist=0.001422
2026-05-20 15:54:32 | INFO     | ayumi.orchestrator | Signal received: strategy=srmr_plus symbol=GBPUSD direction=SHORT confidence=0.614
2026-05-20 15:54:32 | INFO     | ayumi.orchestrator | Routing: strategy=srmr_plus symbol=GBPUSD → profile=Profile.SWARM
2026-05-20 15:54:32 | INFO     | ayumi.orchestrator | Signal accepted: strategy=srmr_plus symbol=GBPUSD lots=0.1800 risk=$25.00 sl=14.2pips
2026-05-20 15:54:32 | INFO     | ayumi.forward_test | Order accepted: GBPUSD SHORT 0.1800 lots risk=$25.00
2026-05-20 15:54:32 | INFO     | ayumi.blend_launcher | Signal accepted: srmr_plus short GBPUSD @ 1.34422 conf=0.61 lots=0.1800
2026-05-20 15:54:32 | WARNING  | ayumi.blend_launcher | Trade execution failed: Risk:Reward 1.50 below minimum 1.5
2026-05-20 15:54:33 | INFO     | ayumi.orchestrator | Adapted signal: strategy=srmr_plus symbol=GBPUSD dir=SHORT conf=0.61 entry=1.34421 sl=1.34563 sl_dist=0.001422
2026-05-20 15:54:33 | INFO     | ayumi.orchestrator | Signal received: strategy=srmr_plus symbol=GBPUSD direction=SHORT confidence=0.614
2026-05-20 15:54:33 | INFO     | ayumi.orchestrator | Routing: strategy=srmr_plus symbol=GBPUSD → profile=Profile.SWARM
2026-05-20 15:54:33 | INFO     | ayumi.orchestrator | Signal accepted: strategy=srmr_plus symbol=GBPUSD lots=0.1800 risk=$25.00 sl=14.2pips
2026-05-20 15:54:33 | INFO     | ayumi.forward_test | Order accepted: GBPUSD SHORT 0.1800 lots risk=$25.00
2026-05-20 15:54:33 | INFO     | ayumi.blend_launcher | Signal accepted: srmr_plus short GBPUSD @ 1.34421 conf=0.61 lots=0.1800
2026-05-20 15:54:33 | WARNING  | ayumi.blend_launcher | Trade execution failed: Risk:Reward 1.50 below minimum 1.5
2026-05-20 15:54:35 | INFO     | ayumi.orchestrator | Adapted signal: strategy=srmr_plus symbol=GBPUSD dir=SHORT conf=0.61 entry=1.34415 sl=1.34557 sl_dist=0.001422
2026-05-20 15:54:35 | INFO     | ayumi.orchestrator | Signal received: strategy=srmr_plus symbol=GBPUSD direction=SHORT confidence=0.614
2026-05-20 15:54:35 | INFO     | ayumi.orchestrator | Routing: strategy=srmr_plus symbol=GBPUSD → profile=Profile.SWARM
2026-05-20 15:54:35 | INFO     | ayumi.orchestrator | Signal accepted: strategy=srmr_plus symbol=GBPUSD lots=0.1800 risk=$25.00 sl=14.2pips
2026-05-20 15:54:35 | INFO     | ayumi.forward_test | Order accepted: GBPUSD SHORT 0.1800 lots risk=$25.00
2026-05-20 15:54:35 | INFO     | ayumi.blend_launcher | Signal accepted: srmr_plus short GBPUSD @ 1.34415 conf=0.61 lots=0.1800
2026-05-20 15:54:35 | WARNING  | ayumi.blend_launcher | Trade execution failed: Risk:Reward 1.50 below minimum 1.5
2026-05-20 15:54:36 | INFO     | ayumi.orchestrator | Adapted signal: strategy=srmr_plus symbol=GBPUSD dir=SHORT conf=0.61 entry=1.34413 sl=1.34555 sl_dist=0.001422
2026-05-20 15:54:36 | INFO     | ayumi.orchestrator | Signal received: strategy=srmr_plus symbol=GBPUSD direction=SHORT confidence=0.614
2026-05-20 15:54:36 | INFO     | ayumi.orchestrator | Routing: strategy=srmr_plus symbol=GBPUSD → profile=Profile.SWARM
2026-05-20 15:54:36 | INFO     | ayumi.orchestrator | Signal accepted: strategy=srmr_plus symbol=GBPUSD lots=0.1800 risk=$25.00 sl=14.2pips
2026-05-20 15:54:36 | INFO     | ayumi.forward_test | Order accepted: GBPUSD SHORT 0.1800 lots risk=$25.00
2026-05-20 15:54:36 | INFO     | ayumi.blend_launcher | Signal accepted: srmr_plus short GBPUSD @ 1.34413 conf=0.61 lots=0.1800
2026-05-20 15:54:36 | WARNING  | ayumi.blend_launcher | Trade execution failed: Risk:Reward 1.50 below minimum 1.5
2026-05-20 15:54:38 | INFO     | ayumi.orchestrator | Adapted signal: strategy=srmr_plus symbol=GBPUSD dir=SHORT conf=0.61 entry=1.34413 sl=1.34555 sl_dist=0.001422
2026-05-20 15:54:38 | INFO     | ayumi.orchestrator | Signal received: strategy=srmr_plus symbol=GBPUSD direction=SHORT confidence=0.614
2026-05-20 15:54:38 | INFO     | ayumi.orchestrator | Routing: strategy=srmr_plus symbol=GBPUSD → profile=Profile.SWARM
2026-05-20 15:54:38 | INFO     | ayumi.orchestrator | Signal accepted: strategy=srmr_plus symbol=GBPUSD lots=0.1800 risk=$25.00 sl=14.2pips
2026-05-20 15:54:38 | INFO     | ayumi.forward_test | Order accepted: GBPUSD SHORT 0.1800 lots risk=$25.00
2026-05-20 15:54:38 | INFO     | ayumi.blend_launcher | Signal accepted: srmr_plus short GBPUSD @ 1.34413 conf=0.61 lots=0.1800
2026-05-20 15:54:38 | WARNING  | ayumi.blend_launcher | Trade execution failed: Risk:Reward 1.50 below minimum 1.5
2026-05-20 15:54:40 | INFO     | ayumi.orchestrator | Adapted signal: strategy=srmr_plus symbol=GBPUSD dir=SHORT conf=0.61 entry=1.34413 sl=1.34555 sl_dist=0.001422
2026-05-20 15:54:40 | INFO     | ayumi.orchestrator | Signal received: strategy=srmr_plus symbol=GBPUSD direction=SHORT confidence=0.614
2026-05-20 15:54:40 | INFO     | ayumi.orchestrator | Routing: strategy=srmr_plus symbol=GBPUSD → profile=Profile.SWARM
2026-05-20 15:54:40 | INFO     | ayumi.orchestrator | Signal accepted: strategy=srmr_plus symbol=GBPUSD lots=0.1800 risk=$25.00 sl=14.2pips
2026-05-20 15:54:40 | INFO     | ayumi.forward_test | Order accepted: GBPUSD SHORT 0.1800 lots risk=$25.00
2026-05-20 15:54:40 | INFO     | ayumi.blend_launcher | Signal accepted: srmr_plus short GBPUSD @ 1.34413 conf=0.61 lots=0.1800
2026-05-20 15:54:40 | WARNING  | ayumi.blend_launcher | Trade execution failed: Risk:Reward 1.50 below minimum 1.5
2026-05-20 15:54:42 | INFO     | ayumi.orchestrator | Adapted signal: strategy=srmr_plus symbol=GBPUSD dir=SHORT conf=0.61 entry=1.34413 sl=1.34555 sl_dist=0.001422
2026-05-20 15:54:42 | INFO     | ayumi.orchestrator | Signal received: strategy=srmr_plus symbol=GBPUSD direction=SHORT confidence=0.614
2026-05-20 15:54:42 | INFO     | ayumi.orchestrator | Routing: strategy=srmr_plus symbol=GBPUSD → profile=Profile.SWARM
2026-05-20 15:54:42 | INFO     | ayumi.orchestrator | Signal accepted: strategy=srmr_plus symbol=GBPUSD lots=0.1800 risk=$25.00 sl=14.2pips
2026-05-20 15:54:42 | INFO     | ayumi.forward_test | Order accepted: GBPUSD SHORT 0.1800 lots risk=$25.00
2026-05-20 15:54:42 | INFO     | ayumi.blend_launcher | Signal accepted: srmr_plus short GBPUSD @ 1.34413 conf=0.61 lots=0.1800
2026-05-20 15:54:42 | WARNING  | ayumi.blend_launcher | Trade execution failed: Risk:Reward 1.50 below minimum 1.5
2026-05-20 15:54:44 | INFO     | ayumi.orchestrator | Adapted signal: strategy=srmr_plus symbol=GBPUSD dir=SHORT conf=0.61 entry=1.34405 sl=1.34548 sl_dist=0.001422
2026-05-20 15:54:44 | INFO     | ayumi.orchestrator | Signal received: strategy=srmr_plus symbol=GBPUSD direction=SHORT confidence=0.614
2026-05-20 15:54:44 | INFO     | ayumi.orchestrator | Routing: strategy=srmr_plus symbol=GBPUSD → profile=Profile.SWARM
2026-05-20 15:54:44 | INFO     | ayumi.orchestrator | Signal accepted: strategy=srmr_plus symbol=GBPUSD lots=0.1800 risk=$25.00 sl=14.2pips
2026-05-20 15:54:44 | INFO     | ayumi.forward_test | Order accepted: GBPUSD SHORT 0.1800 lots risk=$25.00
2026-05-20 15:54:44 | INFO     | ayumi.blend_launcher | Signal accepted: srmr_plus short GBPUSD @ 1.34405 conf=0.61 lots=0.1800
2026-05-20 15:54:44 | WARNING  | ayumi.blend_launcher | Trade execution failed: Risk:Reward 1.50 below minimum 1.5
2026-05-20 15:54:46 | INFO     | ayumi.orchestrator | Adapted signal: strategy=srmr_plus symbol=GBPUSD dir=SHORT conf=0.61 entry=1.34407 sl=1.34549 sl_dist=0.001422
2026-05-20 15:54:46 | INFO     | ayumi.orchestrator | Signal received: strategy=srmr_plus symbol=GBPUSD direction=SHORT confidence=0.614
2026-05-20 15:54:46 | INFO     | ayumi.orchestrator | Routing: strategy=srmr_plus symbol=GBPUSD → profile=Profile.SWARM
2026-05-20 15:54:46 | INFO     | ayumi.orchestrator | Signal accepted: strategy=srmr_plus symbol=GBPUSD lots=0.1800 risk=$25.00 sl=14.2pips
2026-05-20 15:54:46 | INFO     | ayumi.forward_test | Order accepted: GBPUSD SHORT 0.1800 lots risk=$25.00
2026-05-20 15:54:46 | INFO     | ayumi.blend_launcher | Signal accepted: srmr_plus short GBPUSD @ 1.34407 conf=0.61 lots=0.1800
2026-05-20 15:54:46 | WARNING  | ayumi.blend_launcher | Trade execution failed: Risk:Reward 1.50 below minimum 1.5
2026-05-20 15:54:47 | INFO     | ayumi.orchestrator | Adapted signal: strategy=srmr_plus symbol=GBPUSD dir=SHORT conf=0.61 entry=1.34401 sl=1.34544 sl_dist=0.001422
2026-05-20 15:54:47 | INFO     | ayumi.orchestrator | Signal received: strategy=srmr_plus symbol=GBPUSD direction=SHORT confidence=0.614
2026-05-20 15:54:47 | INFO     | ayumi.orchestrator | Routing: strategy=srmr_plus symbol=GBPUSD → profile=Profile.SWARM
2026-05-20 15:54:47 | WARNING  | ayumi.orchestrator | Signal rejected: strategy=srmr_plus symbol=GBPUSD reason=sizing gate=Trade risk $25.00 exceeds daily remaining $0.00 sl_pips=14.2 risk_avail=0.00
2026-05-20 15:54:47 | INFO     | ayumi.forward_test | Order rejected: GBPUSD — Trade risk $25.00 exceeds daily remaining $0.00
2026-05-20 15:54:47 | INFO     | ayumi.blend_launcher | Signal rejected by blend: srmr_plus short GBPUSD conf=0.61 — Trade risk $25.00 exceeds daily remaining $0.00
2026-05-20 15:54:52 | INFO     | ayumi.orchestrator | Adapted signal: strategy=srmr_plus symbol=GBPUSD dir=SHORT conf=0.61 entry=1.34405 sl=1.34548 sl_dist=0.001422
2026-05-20 15:54:52 | INFO     | ayumi.orchestrator | Signal received: strategy=srmr_plus symbol=GBPUSD direction=SHORT confidence=0.614
2026-05-20 15:54:52 | INFO     | ayumi.orchestrator | Routing: strategy=srmr_plus symbol=GBPUSD → profile=Profile.SWARM
2026-05-20 15:54:52 | WARNING  | ayumi.orchestrator | Signal rejected: strategy=srmr_plus symbol=GBPUSD reason=sizing gate=Trade risk $25.00 exceeds daily remaining $0.00 sl_pips=14.2 risk_avail=0.00
2026-05-20 15:54:52 | INFO     | ayumi.forward_test | Order rejected: GBPUSD — Trade risk $25.00 exceeds daily remaining $0.00
2026-05-20 15:54:52 | INFO     | ayumi.blend_launcher | Signal rejected by blend: srmr_plus short GBPUSD conf=0.61 — Trade risk $25.00 exceeds daily remaining $0.00
2026-05-20 15:54:54 | INFO     | ayumi.orchestrator | Adapted signal: strategy=srmr_plus symbol=GBPUSD dir=SHORT conf=0.61 entry=1.34410 sl=1.34552 sl_dist=0.001422
2026-05-20 15:54:54 | INFO     | ayumi.orchestrator | Signal received: strategy=srmr_plus symbol=GBPUSD direction=SHORT confidence=0.614
2026-05-20 15:54:54 | INFO     | ayumi.orchestrator | Routing: strategy=srmr_plus symbol=GBPUSD → profile=Profile.SWARM
2026-05-20 15:54:54 | WARNING  | ayumi.orchestrator | Signal rejected: strategy=srmr_plus symbol=GBPUSD reason=sizing gate=Trade risk $25.00 exceeds daily remaining $0.00 sl_pips=14.2 risk_avail=0.00
2026-05-20 15:54:54 | INFO     | ayumi.forward_test | Order rejected: GBPUSD — Trade risk $25.00 exceeds daily remaining $0.00
2026-05-20 15:54:54 | INFO     | ayumi.blend_launcher | Signal rejected by blend: srmr_plus short GBPUSD conf=0.61 — Trade risk $25.00 exceeds daily remaining $0.00
2026-05-20 15:54:56 | INFO     | ayumi.orchestrator | Adapted signal: strategy=srmr_plus symbol=GBPUSD dir=SHORT conf=0.61 entry=1.34410 sl=1.34552 sl_dist=0.001422
2026-05-20 15:54:56 | INFO     | ayumi.orchestrator | Signal received: strategy=srmr_plus symbol=GBPUSD direction=SHORT confidence=0.614
2026-05-20 15:54:56 | INFO     | ayumi.orchestrator | Routing: strategy=srmr_plus symbol=GBPUSD → profile=Profile.SWARM
2026-05-20 15:54:56 | WARNING  | ayumi.orchestrator | Signal rejected: strategy=srmr_plus symbol=GBPUSD reason=sizing gate=Trade risk $25.00 exceeds daily remaining $0.00 sl_pips=14.2 risk_avail=0.00
2026-05-20 15:54:56 | INFO     | ayumi.forward_test | Order rejected: GBPUSD — Trade risk $25.00 exceeds daily remaining $0.00
2026-05-20 15:54:56 | INFO     | ayumi.blend_launcher | Signal rejected by blend: srmr_plus short GBPUSD conf=0.61 — Trade risk $25.00 exceeds daily remaining $0.00
2026-05-20 15:54:57 | INFO     | ayumi.orchestrator | Adapted signal: strategy=srmr_plus symbol=GBPUSD dir=SHORT conf=0.61 entry=1.34409 sl=1.34551 sl_dist=0.001422
2026-05-20 15:54:57 | INFO     | ayumi.orchestrator | Signal received: strategy=srmr_plus symbol=GBPUSD direction=SHORT confidence=0.614
2026-05-20 15:54:57 | INFO     | ayumi.orchestrator | Routing: strategy=srmr_plus symbol=GBPUSD → profile=Profile.SWARM
2026-05-20 15:54:57 | WARNING  | ayumi.orchestrator | Signal rejected: strategy=srmr_plus symbol=GBPUSD reason=sizing gate=Trade risk $25.00 exceeds daily remaining $0.00 sl_pips=14.2 risk_avail=0.00
2026-05-20 15:54:57 | INFO     | ayumi.forward_test | Order rejected: GBPUSD — Trade risk $25.00 exceeds daily remaining $0.00
2026-05-20 15:54:57 | INFO     | ayumi.blend_launcher | Signal rejected by blend: srmr_plus short GBPUSD conf=0.61 — Trade risk $25.00 exceeds daily remaining $0.00
2026-05-20 15:54:59 | INFO     | ayumi.orchestrator | Adapted signal: strategy=srmr_plus symbol=GBPUSD dir=SHORT conf=0.61 entry=1.34407 sl=1.34549 sl_dist=0.001422
2026-05-20 15:54:59 | INFO     | ayumi.orchestrator | Signal received: strategy=srmr_plus symbol=GBPUSD direction=SHORT confidence=0.614
2026-05-20 15:54:59 | INFO     | ayumi.orchestrator | Routing: strategy=srmr_plus symbol=GBPUSD → profile=Profile.SWARM
2026-05-20 15:54:59 | WARNING  | ayumi.orchestrator | Signal rejected: strategy=srmr_plus symbol=GBPUSD reason=sizing gate=Trade risk $25.00 exceeds daily remaining $0.00 sl_pips=14.2 risk_avail=0.00
2026-05-20 15:54:59 | INFO     | ayumi.forward_test | Order rejected: GBPUSD — Trade risk $25.00 exceeds daily remaining $0.00
2026-05-20 15:54:59 | INFO     | ayumi.blend_launcher | Signal rejected by blend: srmr_plus short GBPUSD conf=0.61 — Trade risk $25.00 exceeds daily remaining $0.00
2026-05-20 15:55:01 | INFO     | ayumi.orchestrator | Adapted signal: strategy=srmr_plus symbol=GBPUSD dir=SHORT conf=0.61 entry=1.34408 sl=1.34551 sl_dist=0.001422
2026-05-20 15:55:01 | INFO     | ayumi.orchestrator | Signal received: strategy=srmr_plus symbol=GBPUSD direction=SHORT confidence=0.614
2026-05-20 15:55:01 | INFO     | ayumi.orchestrator | Routing: strategy=srmr_plus symbol=GBPUSD → profile=Profile.SWARM
2026-05-20 15:55:01 | WARNING  | ayumi.orchestrator | Signal rejected: strategy=srmr_plus symbol=GBPUSD reason=sizing gate=Trade risk $25.00 exceeds daily remaining $0.00 sl_pips=14.2 risk_avail=0.00
2026-05-20 15:55:01 | INFO     | ayumi.forward_test | Order rejected: GBPUSD — Trade risk $25.00 exceeds daily remaining $0.00
2026-05-20 15:55:01 | INFO     | ayumi.blend_launcher | Signal rejected by blend: srmr_plus short GBPUSD conf=0.61 — Trade risk $25.00 exceeds daily remaining $0.00
2026-05-20 15:55:02 | INFO     | ayumi.orchestrator | Adapted signal: strategy=srmr_plus symbol=GBPUSD dir=SHORT conf=0.61 entry=1.34406 sl=1.34548 sl_dist=0.001422
2026-05-20 15:55:02 | INFO     | ayumi.orchestrator | Signal received: strategy=srmr_plus symbol=GBPUSD direction=SHORT confidence=0.614
2026-05-20 15:55:02 | INFO     | ayumi.orchestrator | Routing: strategy=srmr_plus symbol=GBPUSD → profile=Profile.SWARM
2026-05-20 15:55:02 | WARNING  | ayumi.orchestrator | Signal rejected: strategy=srmr_plus symbol=GBPUSD reason=sizing gate=Trade risk $25.00 exceeds daily remaining $0.00 sl_pips=14.2 risk_avail=0.00
2026-05-20 15:55:02 | INFO     | ayumi.forward_test | Order rejected: GBPUSD — Trade risk $25.00 exceeds daily remaining $0.00
2026-05-20 15:55:02 | INFO     | ayumi.blend_launcher | Signal rejected by blend: srmr_plus short GBPUSD conf=0.61 — Trade risk $25.00 exceeds daily remaining $0.00
2026-05-20 15:55:04 | INFO     | ayumi.orchestrator | Adapted signal: strategy=srmr_plus symbol=GBPUSD dir=SHORT conf=0.61 entry=1.34401 sl=1.34544 sl_dist=0.001422
2026-05-20 15:55:04 | INFO     | ayumi.orchestrator | Signal received: strategy=srmr_plus symbol=GBPUSD direction=SHORT confidence=0.614
2026-05-20 15:55:04 | INFO     | ayumi.orchestrator | Routing: strategy=srmr_plus symbol=GBPUSD → profile=Profile.SWARM
2026-05-20 15:55:04 | WARNING  | ayumi.orchestrator | Signal rejected: strategy=srmr_plus symbol=GBPUSD reason=sizing gate=Trade risk $25.00 exceeds daily remaining $0.00 sl_pips=14.2 risk_avail=0.00
2026-05-20 15:55:04 | INFO     | ayumi.forward_test | Order rejected: GBPUSD — Trade risk $25.00 exceeds daily remaining $0.00
2026-05-20 15:55:04 | INFO     | ayumi.blend_launcher | Signal rejected by blend: srmr_plus short GBPUSD conf=0.61 — Trade risk $25.00 exceeds daily remaining $0.00
2026-05-20 15:55:05 | INFO     | ayumi.orchestrator | Adapted signal: strategy=srmr_plus symbol=GBPUSD dir=SHORT conf=0.61 entry=1.34406 sl=1.34548 sl_dist=0.001422
2026-05-20 15:55:05 | INFO     | ayumi.orchestrator | Signal received: strategy=srmr_plus symbol=GBPUSD direction=SHORT confidence=0.614
2026-05-20 15:55:05 | INFO     | ayumi.orchestrator | Routing: strategy=srmr_plus symbol=GBPUSD → profile=Profile.SWARM
2026-05-20 15:55:05 | WARNING  | ayumi.orchestrator | Signal rejected: strategy=srmr_plus symbol=GBPUSD reason=sizing gate=Trade risk $25.00 exceeds daily remaining $0.00 sl_pips=14.2 risk_avail=0.00
2026-05-20 15:55:05 | INFO     | ayumi.forward_test | Order rejected: GBPUSD — Trade risk $25.00 exceeds daily remaining $0.00
2026-05-20 15:55:05 | INFO     | ayumi.blend_launcher | Signal rejected by blend: srmr_plus short GBPUSD conf=0.61 — Trade risk $25.00 exceeds daily remaining $0.00
2026-05-20 15:55:08 | INFO     | ayumi.orchestrator | Adapted signal: strategy=srmr_plus symbol=GBPUSD dir=SHORT conf=0.61 entry=1.34405 sl=1.34548 sl_dist=0.001422
2026-05-20 15:55:08 | INFO     | ayumi.orchestrator | Signal received: strategy=srmr_plus symbol=GBPUSD direction=SHORT confidence=0.614
2026-05-20 15:55:08 | INFO     | ayumi.orchestrator | Routing: strategy=srmr_plus symbol=GBPUSD → profile=Profile.SWARM
2026-05-20 15:55:08 | WARNING  | ayumi.orchestrator | Signal rejected: strategy=srmr_plus symbol=GBPUSD reason=sizing gate=Trade risk $25.00 exceeds daily remaining $0.00 sl_pips=14.2 risk_avail=0.00
2026-05-20 15:55:08 | INFO     | ayumi.forward_test | Order rejected: GBPUSD — Trade risk $25.00 exceeds daily remaining $0.00
2026-05-20 15:55:08 | INFO     | ayumi.blend_launcher | Signal rejected by blend: srmr_plus short GBPUSD conf=0.61 — Trade risk $25.00 exceeds daily remaining $0.00
2026-05-20 15:55:10 | INFO     | ayumi.orchestrator | Adapted signal: strategy=srmr_plus symbol=GBPUSD dir=SHORT conf=0.61 entry=1.34405 sl=1.34548 sl_dist=0.001422
2026-05-20 15:55:10 | INFO     | ayumi.orchestrator | Signal received: strategy=srmr_plus symbol=GBPUSD direction=SHORT confidence=0.614
2026-05-20 15:55:10 | INFO     | ayumi.orchestrator | Routing: strategy=srmr_plus symbol=GBPUSD → profile=Profile.SWARM
2026-05-20 15:55:10 | WARNING  | ayumi.orchestrator | Signal rejected: strategy=srmr_plus symbol=GBPUSD reason=sizing gate=Trade risk $25.00 exceeds daily remaining $0.00 sl_pips=14.2 risk_avail=0.00
2026-05-20 15:55:10 | INFO     | ayumi.forward_test | Order rejected: GBPUSD — Trade risk $25.00 exceeds daily remaining $0.00
2026-05-20 15:55:10 | INFO     | ayumi.blend_launcher | Signal rejected by blend: srmr_plus short GBPUSD conf=0.61 — Trade risk $25.00 exceeds daily remaining $0.00
2026-05-20 15:55:11 | INFO     | ayumi.orchestrator | Adapted signal: strategy=srmr_plus symbol=GBPUSD dir=SHORT conf=0.61 entry=1.34405 sl=1.34547 sl_dist=0.001422
2026-05-20 15:55:11 | INFO     | ayumi.orchestrator | Signal received: strategy=srmr_plus symbol=GBPUSD direction=SHORT confidence=0.614
2026-05-20 15:55:11 | INFO     | ayumi.orchestrator | Routing: strategy=srmr_plus symbol=GBPUSD → profile=Profile.SWARM
2026-05-20 15:55:11 | WARNING  | ayumi.orchestrator | Signal rejected: strategy=srmr_plus symbol=GBPUSD reason=sizing gate=Trade risk $25.00 exceeds daily remaining $0.00 sl_pips=14.2 risk_avail=0.00
2026-05-20 15:55:11 | INFO     | ayumi.forward_test | Order rejected: GBPUSD — Trade risk $25.00 exceeds daily remaining $0.00
2026-05-20 15:55:11 | INFO     | ayumi.blend_launcher | Signal rejected by blend: srmr_plus short GBPUSD conf=0.61 — Trade risk $25.00 exceeds daily remaining $0.00
2026-05-20 15:55:12 | INFO     | ayumi.orchestrator | Adapted signal: strategy=srmr_plus symbol=GBPUSD dir=SHORT conf=0.61 entry=1.34406 sl=1.34548 sl_dist=0.001422
2026-05-20 15:55:12 | INFO     | ayumi.orchestrator | Signal received: strategy=srmr_plus symbol=GBPUSD direction=SHORT confidence=0.614
2026-05-20 15:55:12 | INFO     | ayumi.orchestrator | Routing: strategy=srmr_plus symbol=GBPUSD → profile=Profile.SWARM
2026-05-20 15:55:12 | WARNING  | ayumi.orchestrator | Signal rejected: strategy=srmr_plus symbol=GBPUSD reason=sizing gate=Trade risk $25.00 exceeds daily remaining $0.00 sl_pips=14.2 risk_avail=0.00
2026-05-20 15:55:12 | INFO     | ayumi.forward_test | Order rejected: GBPUSD — Trade risk $25.00 exceeds daily remaining $0.00
2026-05-20 15:55:12 | INFO     | ayumi.blend_launcher | Signal rejected by blend: srmr_plus short GBPUSD conf=0.61 — Trade risk $25.00 exceeds daily remaining $0.00
2026-05-20 15:55:14 | INFO     | ayumi.orchestrator | Adapted signal: strategy=srmr_plus symbol=GBPUSD dir=SHORT conf=0.61 entry=1.34406 sl=1.34548 sl_dist=0.001422
2026-05-20 15:55:14 | INFO     | ayumi.orchestrator | Signal received: strategy=srmr_plus symbol=GBPUSD direction=SHORT confidence=0.614
2026-05-20 15:55:14 | INFO     | ayumi.orchestrator | Routing: strategy=srmr_plus symbol=GBPUSD → profile=Profile.SWARM
2026-05-20 15:55:14 | WARNING  | ayumi.orchestrator | Signal rejected: strategy=srmr_plus symbol=GBPUSD reason=sizing gate=Trade risk $25.00 exceeds daily remaining $0.00 sl_pips=14.2 risk_avail=0.00
2026-05-20 15:55:14 | INFO     | ayumi.forward_test | Order rejected: GBPUSD — Trade risk $25.00 exceeds daily remaining $0.00
2026-05-20 15:55:14 | INFO     | ayumi.blend_launcher | Signal rejected by blend: srmr_plus short GBPUSD conf=0.61 — Trade risk $25.00 exceeds daily remaining $0.00
2026-05-20 15:55:16 | INFO     | ayumi.forward_test | [B5 Periodic] ticks=122 bars_built=0 signals=34 traded=19 eval_errors=0
2026-05-20 15:55:16 | WARNING  | ayumi.forward_test | [B5 Pipeline] 122 ticks received but 0 bars built — tick-to-bar conversion may be stalled
2026-05-20 15:55:16 | INFO     | ayumi.blend_launcher | [B5 Health] ticks=122 tps=2.26 bars=0 signals=34 trades=0 balance=10000.00 uptime=60s
2026-05-20 15:55:16 | WARNING  | ayumi.blend_launcher | [B5 Pipeline] Ticks received (122) but zero bars built — tick-to-bar pipeline may be stalled
2026-05-20 15:55:17 | INFO     | ayumi.orchestrator | Adapted signal: strategy=srmr_plus symbol=GBPUSD dir=SHORT conf=0.61 entry=1.34405 sl=1.34548 sl_dist=0.001422
2026-05-20 15:55:17 | INFO     | ayumi.orchestrator | Signal received: strategy=srmr_plus symbol=GBPUSD direction=SHORT confidence=0.614
2026-05-20 15:55:17 | INFO     | ayumi.orchestrator | Routing: strategy=srmr_plus symbol=GBPUSD → profile=Profile.SWARM
2026-05-20 15:55:17 | WARNING  | ayumi.orchestrator | Signal rejected: strategy=srmr_plus symbol=GBPUSD reason=sizing gate=Trade risk $25.00 exceeds daily remaining $0.00 sl_pips=14.2 risk_avail=0.00
2026-05-20 15:55:17 | INFO     | ayumi.forward_test | Order rejected: GBPUSD — Trade risk $25.00 exceeds daily remaining $0.00
2026-05-20 15:55:17 | INFO     | ayumi.blend_launcher | Signal rejected by blend: srmr_plus short GBPUSD conf=0.61 — Trade risk $25.00 exceeds daily remaining $0.00
2026-05-20 15:55:21 | INFO     | ayumi.orchestrator | Adapted signal: strategy=srmr_plus symbol=GBPUSD dir=SHORT conf=0.61 entry=1.34405 sl=1.34548 sl_dist=0.001422
2026-05-20 15:55:21 | INFO     | ayumi.orchestrator | Signal received: strategy=srmr_plus symbol=GBPUSD direction=SHORT confidence=0.614
2026-05-20 15:55:21 | INFO     | ayumi.orchestrator | Routing: strategy=srmr_plus symbol=GBPUSD → profile=Profile.SWARM
2026-05-20 15:55:21 | WARNING  | ayumi.orchestrator | Signal rejected: strategy=srmr_plus symbol=GBPUSD reason=sizing gate=Trade risk $25.00 exceeds daily remaining $0.00 sl_pips=14.2 risk_avail=0.00
2026-05-20 15:55:21 | INFO     | ayumi.forward_test | Order rejected: GBPUSD — Trade risk $25.00 exceeds daily remaining $0.00
2026-05-20 15:55:21 | INFO     | ayumi.blend_launcher | Signal rejected by blend: srmr_plus short GBPUSD conf=0.61 — Trade risk $25.00 exceeds daily remaining $0.00
2026-05-20 15:55:27 | INFO     | ayumi.orchestrator | Adapted signal: strategy=srmr_plus symbol=GBPUSD dir=SHORT conf=0.61 entry=1.34410 sl=1.34553 sl_dist=0.001422
2026-05-20 15:55:27 | INFO     | ayumi.orchestrator | Signal received: strategy=srmr_plus symbol=GBPUSD direction=SHORT confidence=0.614
2026-05-20 15:55:27 | INFO     | ayumi.orchestrator | Routing: strategy=srmr_plus symbol=GBPUSD → profile=Profile.SWARM
2026-05-20 15:55:27 | WARNING  | ayumi.orchestrator | Signal rejected: strategy=srmr_plus symbol=GBPUSD reason=sizing gate=Trade risk $25.00 exceeds daily remaining $0.00 sl_pips=14.2 risk_avail=0.00
2026-05-20 15:55:27 | INFO     | ayumi.forward_test | Order rejected: GBPUSD — Trade risk $25.00 exceeds daily remaining $0.00
2026-05-20 15:55:27 | INFO     | ayumi.blend_launcher | Signal rejected by blend: srmr_plus short GBPUSD conf=0.61 — Trade risk $25.00 exceeds daily remaining $0.00
2026-05-20 15:55:29 | INFO     | ayumi.orchestrator | Adapted signal: strategy=srmr_plus symbol=GBPUSD dir=SHORT conf=0.61 entry=1.34405 sl=1.34548 sl_dist=0.001422
2026-05-20 15:55:29 | INFO     | ayumi.orchestrator | Signal received: strategy=srmr_plus symbol=GBPUSD direction=SHORT confidence=0.614
2026-05-20 15:55:29 | INFO     | ayumi.orchestrator | Routing: strategy=srmr_plus symbol=GBPUSD → profile=Profile.SWARM
2026-05-20 15:55:29 | WARNING  | ayumi.orchestrator | Signal rejected: strategy=srmr_plus symbol=GBPUSD reason=sizing gate=Trade risk $25.00 exceeds daily remaining $0.00 sl_pips=14.2 risk_avail=0.00
2026-05-20 15:55:29 | INFO     | ayumi.forward_test | Order rejected: GBPUSD — Trade risk $25.00 exceeds daily remaining $0.00
2026-05-20 15:55:29 | INFO     | ayumi.blend_launcher | Signal rejected by blend: srmr_plus short GBPUSD conf=0.61 — Trade risk $25.00 exceeds daily remaining $0.00
2026-05-20 15:55:31 | INFO     | ayumi.orchestrator | Adapted signal: strategy=srmr_plus symbol=GBPUSD dir=SHORT conf=0.61 entry=1.34417 sl=1.34560 sl_dist=0.001422
2026-05-20 15:55:31 | INFO     | ayumi.orchestrator | Signal received: strategy=srmr_plus symbol=GBPUSD direction=SHORT confidence=0.614
2026-05-20 15:55:31 | INFO     | ayumi.orchestrator | Routing: strategy=srmr_plus symbol=GBPUSD → profile=Profile.SWARM
2026-05-20 15:55:31 | WARNING  | ayumi.orchestrator | Signal rejected: strategy=srmr_plus symbol=GBPUSD reason=sizing gate=Trade risk $25.00 exceeds daily remaining $0.00 sl_pips=14.2 risk_avail=0.00
2026-05-20 15:55:31 | INFO     | ayumi.forward_test | Order rejected: GBPUSD — Trade risk $25.00 exceeds daily remaining $0.00
2026-05-20 15:55:31 | INFO     | ayumi.blend_launcher | Signal rejected by blend: srmr_plus short GBPUSD conf=0.61 — Trade risk $25.00 exceeds daily remaining $0.00
2026-05-20 15:55:32 | INFO     | ayumi.orchestrator | Adapted signal: strategy=srmr_plus symbol=GBPUSD dir=SHORT conf=0.61 entry=1.34415 sl=1.34558 sl_dist=0.001422
2026-05-20 15:55:32 | INFO     | ayumi.orchestrator | Signal received: strategy=srmr_plus symbol=GBPUSD direction=SHORT confidence=0.614
2026-05-20 15:55:32 | INFO     | ayumi.orchestrator | Routing: strategy=srmr_plus symbol=GBPUSD → profile=Profile.SWARM
2026-05-20 15:55:32 | WARNING  | ayumi.orchestrator | Signal rejected: strategy=srmr_plus symbol=GBPUSD reason=sizing gate=Trade risk $25.00 exceeds daily remaining $0.00 sl_pips=14.2 risk_avail=0.00
2026-05-20 15:55:32 | INFO     | ayumi.forward_test | Order rejected: GBPUSD — Trade risk $25.00 exceeds daily remaining $0.00
2026-05-20 15:55:32 | INFO     | ayumi.blend_launcher | Signal rejected by blend: srmr_plus short GBPUSD conf=0.61 — Trade risk $25.00 exceeds daily remaining $0.00
2026-05-20 15:55:35 | INFO     | ayumi.orchestrator | Adapted signal: strategy=srmr_plus symbol=GBPUSD dir=SHORT conf=0.61 entry=1.34416 sl=1.34559 sl_dist=0.001422
2026-05-20 15:55:35 | INFO     | ayumi.orchestrator | Signal received: strategy=srmr_plus symbol=GBPUSD direction=SHORT confidence=0.614
2026-05-20 15:55:35 | INFO     | ayumi.orchestrator | Routing: strategy=srmr_plus symbol=GBPUSD → profile=Profile.SWARM
2026-05-20 15:55:35 | WARNING  | ayumi.orchestrator | Signal rejected: strategy=srmr_plus symbol=GBPUSD reason=sizing gate=Trade risk $25.00 exceeds daily remaining $0.00 sl_pips=14.2 risk_avail=0.00
2026-05-20 15:55:35 | INFO     | ayumi.forward_test | Order rejected: GBPUSD — Trade risk $25.00 exceeds daily remaining $0.00
2026-05-20 15:55:35 | INFO     | ayumi.blend_launcher | Signal rejected by blend: srmr_plus short GBPUSD conf=0.61 — Trade risk $25.00 exceeds daily remaining $0.00
2026-05-20 15:55:37 | INFO     | ayumi.orchestrator | Adapted signal: strategy=srmr_plus symbol=GBPUSD dir=SHORT conf=0.61 entry=1.34415 sl=1.34558 sl_dist=0.001422
2026-05-20 15:55:37 | INFO     | ayumi.orchestrator | Signal received: strategy=srmr_plus symbol=GBPUSD direction=SHORT confidence=0.614
2026-05-20 15:55:37 | INFO     | ayumi.orchestrator | Routing: strategy=srmr_plus symbol=GBPUSD → profile=Profile.SWARM
2026-05-20 15:55:37 | WARNING  | ayumi.orchestrator | Signal rejected: strategy=srmr_plus symbol=GBPUSD reason=sizing gate=Trade risk $25.00 exceeds daily remaining $0.00 sl_pips=14.2 risk_avail=0.00
2026-05-20 15:55:37 | INFO     | ayumi.forward_test | Order rejected: GBPUSD — Trade risk $25.00 exceeds daily remaining $0.00
2026-05-20 15:55:37 | INFO     | ayumi.blend_launcher | Signal rejected by blend: srmr_plus short GBPUSD conf=0.61 — Trade risk $25.00 exceeds daily remaining $0.00
2026-05-20 15:55:38 | INFO     | ayumi.orchestrator | Adapted signal: strategy=srmr_plus symbol=GBPUSD dir=SHORT conf=0.61 entry=1.34416 sl=1.34559 sl_dist=0.001422
2026-05-20 15:55:38 | INFO     | ayumi.orchestrator | Signal received: strategy=srmr_plus symbol=GBPUSD direction=SHORT confidence=0.614
2026-05-20 15:55:38 | INFO     | ayumi.orchestrator | Routing: strategy=srmr_plus symbol=GBPUSD → profile=Profile.SWARM
2026-05-20 15:55:38 | WARNING  | ayumi.orchestrator | Signal rejected: strategy=srmr_plus symbol=GBPUSD reason=sizing gate=Trade risk $25.00 exceeds daily remaining $0.00 sl_pips=14.2 risk_avail=0.00
2026-05-20 15:55:38 | INFO     | ayumi.forward_test | Order rejected: GBPUSD — Trade risk $25.00 exceeds daily remaining $0.00
2026-05-20 15:55:38 | INFO     | ayumi.blend_launcher | Signal rejected by blend: srmr_plus short GBPUSD conf=0.61 — Trade risk $25.00 exceeds daily remaining $0.00
2026-05-20 15:55:39 | INFO     | ayumi.orchestrator | Adapted signal: strategy=srmr_plus symbol=GBPUSD dir=SHORT conf=0.61 entry=1.34417 sl=1.34559 sl_dist=0.001422
2026-05-20 15:55:39 | INFO     | ayumi.orchestrator | Signal received: strategy=srmr_plus symbol=GBPUSD direction=SHORT confidence=0.614
2026-05-20 15:55:39 | INFO     | ayumi.orchestrator | Routing: strategy=srmr_plus symbol=GBPUSD → profile=Profile.SWARM
2026-05-20 15:55:39 | WARNING  | ayumi.orchestrator | Signal rejected: strategy=srmr_plus symbol=GBPUSD reason=sizing gate=Trade risk $25.00 exceeds daily remaining $0.00 sl_pips=14.2 risk_avail=0.00
2026-05-20 15:55:39 | INFO     | ayumi.forward_test | Order rejected: GBPUSD — Trade risk $25.00 exceeds daily remaining $0.00
2026-05-20 15:55:39 | INFO     | ayumi.blend_launcher | Signal rejected by blend: srmr_plus short GBPUSD conf=0.61 — Trade risk $25.00 exceeds daily remaining $0.00
2026-05-20 15:55:41 | INFO     | ayumi.orchestrator | Adapted signal: strategy=srmr_plus symbol=GBPUSD dir=SHORT conf=0.61 entry=1.34417 sl=1.34559 sl_dist=0.001422
2026-05-20 15:55:41 | INFO     | ayumi.orchestrator | Signal received: strategy=srmr_plus symbol=GBPUSD direction=SHORT confidence=0.614
2026-05-20 15:55:41 | INFO     | ayumi.orchestrator | Routing: strategy=srmr_plus symbol=GBPUSD → profile=Profile.SWARM
2026-05-20 15:55:41 | WARNING  | ayumi.orchestrator | Signal rejected: strategy=srmr_plus symbol=GBPUSD reason=sizing gate=Trade risk $25.00 exceeds daily remaining $0.00 sl_pips=14.2 risk_avail=0.00
2026-05-20 15:55:41 | INFO     | ayumi.forward_test | Order rejected: GBPUSD — Trade risk $25.00 exceeds daily remaining $0.00
2026-05-20 15:55:41 | INFO     | ayumi.blend_launcher | Signal rejected by blend: srmr_plus short GBPUSD conf=0.61 — Trade risk $25.00 exceeds daily remaining $0.00
2026-05-20 15:55:42 | INFO     | ayumi.orchestrator | Adapted signal: strategy=srmr_plus symbol=GBPUSD dir=SHORT conf=0.61 entry=1.34416 sl=1.34558 sl_dist=0.001422
2026-05-20 15:55:42 | INFO     | ayumi.orchestrator | Signal received: strategy=srmr_plus symbol=GBPUSD direction=SHORT confidence=0.614
2026-05-20 15:55:42 | INFO     | ayumi.orchestrator | Routing: strategy=srmr_plus symbol=GBPUSD → profile=Profile.SWARM
2026-05-20 15:55:42 | WARNING  | ayumi.orchestrator | Signal rejected: strategy=srmr_plus symbol=GBPUSD reason=sizing gate=Trade risk $25.00 exceeds daily remaining $0.00 sl_pips=14.2 risk_avail=0.00
2026-05-20 15:55:42 | INFO     | ayumi.forward_test | Order rejected: GBPUSD — Trade risk $25.00 exceeds daily remaining $0.00
2026-05-20 15:55:42 | INFO     | ayumi.blend_launcher | Signal rejected by blend: srmr_plus short GBPUSD conf=0.61 — Trade risk $25.00 exceeds daily remaining $0.00
2026-05-20 15:55:44 | INFO     | ayumi.orchestrator | Adapted signal: strategy=srmr_plus symbol=GBPUSD dir=SHORT conf=0.61 entry=1.34414 sl=1.34556 sl_dist=0.001422
2026-05-20 15:55:44 | INFO     | ayumi.orchestrator | Signal received: strategy=srmr_plus symbol=GBPUSD direction=SHORT confidence=0.614
2026-05-20 15:55:44 | INFO     | ayumi.orchestrator | Routing: strategy=srmr_plus symbol=GBPUSD → profile=Profile.SWARM
2026-05-20 15:55:44 | WARNING  | ayumi.orchestrator | Signal rejected: strategy=srmr_plus symbol=GBPUSD reason=sizing gate=Trade risk $25.00 exceeds daily remaining $0.00 sl_pips=14.2 risk_avail=0.00
2026-05-20 15:55:44 | INFO     | ayumi.forward_test | Order rejected: GBPUSD — Trade risk $25.00 exceeds daily remaining $0.00
2026-05-20 15:55:44 | INFO     | ayumi.blend_launcher | Signal rejected by blend: srmr_plus short GBPUSD conf=0.61 — Trade risk $25.00 exceeds daily remaining $0.00
2026-05-20 15:55:45 | INFO     | ayumi.orchestrator | Adapted signal: strategy=srmr_plus symbol=GBPUSD dir=SHORT conf=0.61 entry=1.34408 sl=1.34550 sl_dist=0.001422
2026-05-20 15:55:45 | INFO     | ayumi.orchestrator | Signal received: strategy=srmr_plus symbol=GBPUSD direction=SHORT confidence=0.614
2026-05-20 15:55:45 | INFO     | ayumi.orchestrator | Routing: strategy=srmr_plus symbol=GBPUSD → profile=Profile.SWARM
2026-05-20 15:55:45 | WARNING  | ayumi.orchestrator | Signal rejected: strategy=srmr_plus symbol=GBPUSD reason=sizing gate=Trade risk $25.00 exceeds daily remaining $0.00 sl_pips=14.2 risk_avail=0.00
2026-05-20 15:55:45 | INFO     | ayumi.forward_test | Order rejected: GBPUSD — Trade risk $25.00 exceeds daily remaining $0.00
2026-05-20 15:55:45 | INFO     | ayumi.blend_launcher | Signal rejected by blend: srmr_plus short GBPUSD conf=0.61 — Trade risk $25.00 exceeds daily remaining $0.00
2026-05-20 15:55:47 | INFO     | ayumi.orchestrator | Adapted signal: strategy=srmr_plus symbol=GBPUSD dir=SHORT conf=0.61 entry=1.34406 sl=1.34548 sl_dist=0.001422
2026-05-20 15:55:47 | INFO     | ayumi.orchestrator | Signal received: strategy=srmr_plus symbol=GBPUSD direction=SHORT confidence=0.614
2026-05-20 15:55:47 | INFO     | ayumi.orchestrator | Routing: strategy=srmr_plus symbol=GBPUSD → profile=Profile.SWARM
2026-05-20 15:55:47 | WARNING  | ayumi.orchestrator | Signal rejected: strategy=srmr_plus symbol=GBPUSD reason=sizing gate=Trade risk $25.00 exceeds daily remaining $0.00 sl_pips=14.2 risk_avail=0.00
2026-05-20 15:55:47 | INFO     | ayumi.forward_test | Order rejected: GBPUSD — Trade risk $25.00 exceeds daily remaining $0.00
2026-05-20 15:55:47 | INFO     | ayumi.blend_launcher | Signal rejected by blend: srmr_plus short GBPUSD conf=0.61 — Trade risk $25.00 exceeds daily remaining $0.00
2026-05-20 15:55:48 | INFO     | ayumi.orchestrator | Adapted signal: strategy=srmr_plus symbol=GBPUSD dir=SHORT conf=0.61 entry=1.34407 sl=1.34549 sl_dist=0.001422
2026-05-20 15:55:48 | INFO     | ayumi.orchestrator | Signal received: strategy=srmr_plus symbol=GBPUSD direction=SHORT confidence=0.614
2026-05-20 15:55:48 | INFO     | ayumi.orchestrator | Routing: strategy=srmr_plus symbol=GBPUSD → profile=Profile.SWARM
2026-05-20 15:55:48 | WARNING  | ayumi.orchestrator | Signal rejected: strategy=srmr_plus symbol=GBPUSD reason=sizing gate=Trade risk $25.00 exceeds daily remaining $0.00 sl_pips=14.2 risk_avail=0.00
2026-05-20 15:55:48 | INFO     | ayumi.forward_test | Order rejected: GBPUSD — Trade risk $25.00 exceeds daily remaining $0.00
2026-05-20 15:55:48 | INFO     | ayumi.blend_launcher | Signal rejected by blend: srmr_plus short GBPUSD conf=0.61 — Trade risk $25.00 exceeds daily remaining $0.00
2026-05-20 15:55:49 | INFO     | ayumi.orchestrator | Adapted signal: strategy=srmr_plus symbol=GBPUSD dir=SHORT conf=0.61 entry=1.34405 sl=1.34548 sl_dist=0.001422
2026-05-20 15:55:49 | INFO     | ayumi.orchestrator | Signal received: strategy=srmr_plus symbol=GBPUSD direction=SHORT confidence=0.614
2026-05-20 15:55:49 | INFO     | ayumi.orchestrator | Routing: strategy=srmr_plus symbol=GBPUSD → profile=Profile.SWARM
2026-05-20 15:55:49 | WARNING  | ayumi.orchestrator | Signal rejected: strategy=srmr_plus symbol=GBPUSD reason=sizing gate=Trade risk $25.00 exceeds daily remaining $0.00 sl_pips=14.2 risk_avail=0.00
2026-05-20 15:55:49 | INFO     | ayumi.forward_test | Order rejected: GBPUSD — Trade risk $25.00 exceeds daily remaining $0.00
2026-05-20 15:55:49 | INFO     | ayumi.blend_launcher | Signal rejected by blend: srmr_plus short GBPUSD conf=0.61 — Trade risk $25.00 exceeds daily remaining $0.00
2026-05-20 15:55:53 | INFO     | ayumi.orchestrator | Adapted signal: strategy=srmr_plus symbol=GBPUSD dir=SHORT conf=0.61 entry=1.34407 sl=1.34549 sl_dist=0.001422
2026-05-20 15:55:53 | INFO     | ayumi.orchestrator | Signal received: strategy=srmr_plus symbol=GBPUSD direction=SHORT confidence=0.614
2026-05-20 15:55:53 | INFO     | ayumi.orchestrator | Routing: strategy=srmr_plus symbol=GBPUSD → profile=Profile.SWARM
2026-05-20 15:55:53 | WARNING  | ayumi.orchestrator | Signal rejected: strategy=srmr_plus symbol=GBPUSD reason=sizing gate=Trade risk $25.00 exceeds daily remaining $0.00 sl_pips=14.2 risk_avail=0.00
2026-05-20 15:55:53 | INFO     | ayumi.forward_test | Order rejected: GBPUSD — Trade risk $25.00 exceeds daily remaining $0.00
2026-05-20 15:55:53 | INFO     | ayumi.blend_launcher | Signal rejected by blend: srmr_plus short GBPUSD conf=0.61 — Trade risk $25.00 exceeds daily remaining $0.00
2026-05-20 15:55:54 | INFO     | ayumi.orchestrator | Adapted signal: strategy=srmr_plus symbol=GBPUSD dir=SHORT conf=0.61 entry=1.34403 sl=1.34546 sl_dist=0.001422
2026-05-20 15:55:54 | INFO     | ayumi.orchestrator | Signal received: strategy=srmr_plus symbol=GBPUSD direction=SHORT confidence=0.614
2026-05-20 15:55:54 | INFO     | ayumi.orchestrator | Routing: strategy=srmr_plus symbol=GBPUSD → profile=Profile.SWARM
2026-05-20 15:55:54 | WARNING  | ayumi.orchestrator | Signal rejected: strategy=srmr_plus symbol=GBPUSD reason=sizing gate=Trade risk $25.00 exceeds daily remaining $0.00 sl_pips=14.2 risk_avail=0.00
2026-05-20 15:55:54 | INFO     | ayumi.forward_test | Order rejected: GBPUSD — Trade risk $25.00 exceeds daily remaining $0.00
2026-05-20 15:55:54 | INFO     | ayumi.blend_launcher | Signal rejected by blend: srmr_plus short GBPUSD conf=0.61 — Trade risk $25.00 exceeds daily remaining $0.00
2026-05-20 15:55:55 | INFO     | ayumi.orchestrator | Adapted signal: strategy=srmr_plus symbol=GBPUSD dir=SHORT conf=0.61 entry=1.34404 sl=1.34546 sl_dist=0.001422
2026-05-20 15:55:55 | INFO     | ayumi.orchestrator | Signal received: strategy=srmr_plus symbol=GBPUSD direction=SHORT confidence=0.614
2026-05-20 15:55:55 | INFO     | ayumi.orchestrator | Routing: strategy=srmr_plus symbol=GBPUSD → profile=Profile.SWARM
2026-05-20 15:55:55 | WARNING  | ayumi.orchestrator | Signal rejected: strategy=srmr_plus symbol=GBPUSD reason=sizing gate=Trade risk $25.00 exceeds daily remaining $0.00 sl_pips=14.2 risk_avail=0.00
2026-05-20 15:55:55 | INFO     | ayumi.forward_test | Order rejected: GBPUSD — Trade risk $25.00 exceeds daily remaining $0.00
2026-05-20 15:55:55 | INFO     | ayumi.blend_launcher | Signal rejected by blend: srmr_plus short GBPUSD conf=0.61 — Trade risk $25.00 exceeds daily remaining $0.00
2026-05-20 15:55:56 | INFO     | ayumi.orchestrator | Adapted signal: strategy=srmr_plus symbol=GBPUSD dir=SHORT conf=0.61 entry=1.34404 sl=1.34546 sl_dist=0.001422
2026-05-20 15:55:56 | INFO     | ayumi.orchestrator | Signal received: strategy=srmr_plus symbol=GBPUSD direction=SHORT confidence=0.614
2026-05-20 15:55:56 | INFO     | ayumi.orchestrator | Routing: strategy=srmr_plus symbol=GBPUSD → profile=Profile.SWARM
2026-05-20 15:55:56 | WARNING  | ayumi.orchestrator | Signal rejected: strategy=srmr_plus symbol=GBPUSD reason=sizing gate=Trade risk $25.00 exceeds daily remaining $0.00 sl_pips=14.2 risk_avail=0.00
2026-05-20 15:55:56 | INFO     | ayumi.forward_test | Order rejected: GBPUSD — Trade risk $25.00 exceeds daily remaining $0.00
2026-05-20 15:55:56 | INFO     | ayumi.blend_launcher | Signal rejected by blend: srmr_plus short GBPUSD conf=0.61 — Trade risk $25.00 exceeds daily remaining $0.00
2026-05-20 15:55:58 | INFO     | ayumi.orchestrator | Adapted signal: strategy=srmr_plus symbol=GBPUSD dir=SHORT conf=0.61 entry=1.34404 sl=1.34547 sl_dist=0.001422
2026-05-20 15:55:58 | INFO     | ayumi.orchestrator | Signal received: strategy=srmr_plus symbol=GBPUSD direction=SHORT confidence=0.614
2026-05-20 15:55:58 | INFO     | ayumi.orchestrator | Routing: strategy=srmr_plus symbol=GBPUSD → profile=Profile.SWARM
2026-05-20 15:55:58 | WARNING  | ayumi.orchestrator | Signal rejected: strategy=srmr_plus symbol=GBPUSD reason=sizing gate=Trade risk $25.00 exceeds daily remaining $0.00 sl_pips=14.2 risk_avail=0.00
2026-05-20 15:55:58 | INFO     | ayumi.forward_test | Order rejected: GBPUSD — Trade risk $25.00 exceeds daily remaining $0.00
2026-05-20 15:55:58 | INFO     | ayumi.blend_launcher | Signal rejected by blend: srmr_plus short GBPUSD conf=0.61 — Trade risk $25.00 exceeds daily remaining $0.00
2026-05-20 15:56:00 | INFO     | ayumi.orchestrator | Adapted signal: strategy=srmr_plus symbol=GBPUSD dir=SHORT conf=0.61 entry=1.34403 sl=1.34546 sl_dist=0.001422
2026-05-20 15:56:00 | INFO     | ayumi.orchestrator | Signal received: strategy=srmr_plus symbol=GBPUSD direction=SHORT confidence=0.614
2026-05-20 15:56:00 | INFO     | ayumi.orchestrator | Routing: strategy=srmr_plus symbol=GBPUSD → profile=Profile.SWARM
2026-05-20 15:56:00 | WARNING  | ayumi.orchestrator | Signal rejected: strategy=srmr_plus symbol=GBPUSD reason=sizing gate=Trade risk $25.00 exceeds daily remaining $0.00 sl_pips=14.2 risk_avail=0.00
2026-05-20 15:56:00 | INFO     | ayumi.forward_test | Order rejected: GBPUSD — Trade risk $25.00 exceeds daily remaining $0.00
2026-05-20 15:56:00 | INFO     | ayumi.blend_launcher | Signal rejected by blend: srmr_plus short GBPUSD conf=0.61 — Trade risk $25.00 exceeds daily remaining $0.00
2026-05-20 15:56:03 | INFO     | ayumi.orchestrator | Adapted signal: strategy=srmr_plus symbol=GBPUSD dir=SHORT conf=0.61 entry=1.34398 sl=1.34541 sl_dist=0.001422
2026-05-20 15:56:03 | INFO     | ayumi.orchestrator | Signal received: strategy=srmr_plus symbol=GBPUSD direction=SHORT confidence=0.614
2026-05-20 15:56:03 | INFO     | ayumi.orchestrator | Routing: strategy=srmr_plus symbol=GBPUSD → profile=Profile.SWARM
2026-05-20 15:56:03 | WARNING  | ayumi.orchestrator | Signal rejected: strategy=srmr_plus symbol=GBPUSD reason=sizing gate=Trade risk $25.00 exceeds daily remaining $0.00 sl_pips=14.2 risk_avail=0.00
2026-05-20 15:56:03 | INFO     | ayumi.forward_test | Order rejected: GBPUSD — Trade risk $25.00 exceeds daily remaining $0.00
2026-05-20 15:56:03 | INFO     | ayumi.blend_launcher | Signal rejected by blend: srmr_plus short GBPUSD conf=0.61 — Trade risk $25.00 exceeds daily remaining $0.00
2026-05-20 15:56:04 | INFO     | ayumi.orchestrator | Adapted signal: strategy=srmr_plus symbol=GBPUSD dir=SHORT conf=0.61 entry=1.34399 sl=1.34541 sl_dist=0.001422
2026-05-20 15:56:04 | INFO     | ayumi.orchestrator | Signal received: strategy=srmr_plus symbol=GBPUSD direction=SHORT confidence=0.614
2026-05-20 15:56:04 | INFO     | ayumi.orchestrator | Routing: strategy=srmr_plus symbol=GBPUSD → profile=Profile.SWARM
2026-05-20 15:56:04 | WARNING  | ayumi.orchestrator | Signal rejected: strategy=srmr_plus symbol=GBPUSD reason=sizing gate=Trade risk $25.00 exceeds daily remaining $0.00 sl_pips=14.2 risk_avail=0.00
2026-05-20 15:56:04 | INFO     | ayumi.forward_test | Order rejected: GBPUSD — Trade risk $25.00 exceeds daily remaining $0.00
2026-05-20 15:56:04 | INFO     | ayumi.blend_launcher | Signal rejected by blend: srmr_plus short GBPUSD conf=0.61 — Trade risk $25.00 exceeds daily remaining $0.00
2026-05-20 15:56:05 | INFO     | ayumi.orchestrator | Adapted signal: strategy=srmr_plus symbol=GBPUSD dir=SHORT conf=0.61 entry=1.34405 sl=1.34548 sl_dist=0.001422
2026-05-20 15:56:05 | INFO     | ayumi.orchestrator | Signal received: strategy=srmr_plus symbol=GBPUSD direction=SHORT confidence=0.614
2026-05-20 15:56:05 | INFO     | ayumi.orchestrator | Routing: strategy=srmr_plus symbol=GBPUSD → profile=Profile.SWARM
2026-05-20 15:56:05 | WARNING  | ayumi.orchestrator | Signal rejected: strategy=srmr_plus symbol=GBPUSD reason=sizing gate=Trade risk $25.00 exceeds daily remaining $0.00 sl_pips=14.2 risk_avail=0.00
2026-05-20 15:56:05 | INFO     | ayumi.forward_test | Order rejected: GBPUSD — Trade risk $25.00 exceeds daily remaining $0.00
2026-05-20 15:56:05 | INFO     | ayumi.blend_launcher | Signal rejected by blend: srmr_plus short GBPUSD conf=0.61 — Trade risk $25.00 exceeds daily remaining $0.00
2026-05-20 15:56:07 | INFO     | ayumi.orchestrator | Adapted signal: strategy=srmr_plus symbol=GBPUSD dir=SHORT conf=0.61 entry=1.34410 sl=1.34553 sl_dist=0.001422
2026-05-20 15:56:07 | INFO     | ayumi.orchestrator | Signal received: strategy=srmr_plus symbol=GBPUSD direction=SHORT confidence=0.614
2026-05-20 15:56:07 | INFO     | ayumi.orchestrator | Routing: strategy=srmr_plus symbol=GBPUSD → profile=Profile.SWARM
2026-05-20 15:56:07 | WARNING  | ayumi.orchestrator | Signal rejected: strategy=srmr_plus symbol=GBPUSD reason=sizing gate=Trade risk $25.00 exceeds daily remaining $0.00 sl_pips=14.2 risk_avail=0.00
2026-05-20 15:56:07 | INFO     | ayumi.forward_test | Order rejected: GBPUSD — Trade risk $25.00 exceeds daily remaining $0.00
2026-05-20 15:56:07 | INFO     | ayumi.blend_launcher | Signal rejected by blend: srmr_plus short GBPUSD conf=0.61 — Trade risk $25.00 exceeds daily remaining $0.00
2026-05-20 15:56:10 | INFO     | ayumi.orchestrator | Adapted signal: strategy=srmr_plus symbol=GBPUSD dir=SHORT conf=0.61 entry=1.34413 sl=1.34555 sl_dist=0.001422
2026-05-20 15:56:10 | INFO     | ayumi.orchestrator | Signal received: strategy=srmr_plus symbol=GBPUSD direction=SHORT confidence=0.614
2026-05-20 15:56:10 | INFO     | ayumi.orchestrator | Routing: strategy=srmr_plus symbol=GBPUSD → profile=Profile.SWARM
2026-05-20 15:56:10 | WARNING  | ayumi.orchestrator | Signal rejected: strategy=srmr_plus symbol=GBPUSD reason=sizing gate=Trade risk $25.00 exceeds daily remaining $0.00 sl_pips=14.2 risk_avail=0.00
2026-05-20 15:56:10 | INFO     | ayumi.forward_test | Order rejected: GBPUSD — Trade risk $25.00 exceeds daily remaining $0.00
2026-05-20 15:56:10 | INFO     | ayumi.blend_launcher | Signal rejected by blend: srmr_plus short GBPUSD conf=0.61 — Trade risk $25.00 exceeds daily remaining $0.00
2026-05-20 15:56:12 | INFO     | ayumi.orchestrator | Adapted signal: strategy=srmr_plus symbol=GBPUSD dir=SHORT conf=0.61 entry=1.34413 sl=1.34555 sl_dist=0.001422
2026-05-20 15:56:12 | INFO     | ayumi.orchestrator | Signal received: strategy=srmr_plus symbol=GBPUSD direction=SHORT confidence=0.614
2026-05-20 15:56:12 | INFO     | ayumi.orchestrator | Routing: strategy=srmr_plus symbol=GBPUSD → profile=Profile.SWARM
2026-05-20 15:56:12 | WARNING  | ayumi.orchestrator | Signal rejected: strategy=srmr_plus symbol=GBPUSD reason=sizing gate=Trade risk $25.00 exceeds daily remaining $0.00 sl_pips=14.2 risk_avail=0.00
2026-05-20 15:56:12 | INFO     | ayumi.forward_test | Order rejected: GBPUSD — Trade risk $25.00 exceeds daily remaining $0.00
2026-05-20 15:56:12 | INFO     | ayumi.blend_launcher | Signal rejected by blend: srmr_plus short GBPUSD conf=0.61 — Trade risk $25.00 exceeds daily remaining $0.00
2026-05-20 15:56:13 | INFO     | ayumi.orchestrator | Adapted signal: strategy=srmr_plus symbol=GBPUSD dir=SHORT conf=0.61 entry=1.34414 sl=1.34556 sl_dist=0.001422
2026-05-20 15:56:13 | INFO     | ayumi.orchestrator | Signal received: strategy=srmr_plus symbol=GBPUSD direction=SHORT confidence=0.614
2026-05-20 15:56:13 | INFO     | ayumi.orchestrator | Routing: strategy=srmr_plus symbol=GBPUSD → profile=Profile.SWARM
2026-05-20 15:56:13 | WARNING  | ayumi.orchestrator | Signal rejected: strategy=srmr_plus symbol=GBPUSD reason=sizing gate=Trade risk $25.00 exceeds daily remaining $0.00 sl_pips=14.2 risk_avail=0.00
2026-05-20 15:56:13 | INFO     | ayumi.forward_test | Order rejected: GBPUSD — Trade risk $25.00 exceeds daily remaining $0.00
2026-05-20 15:56:13 | INFO     | ayumi.blend_launcher | Signal rejected by blend: srmr_plus short GBPUSD conf=0.61 — Trade risk $25.00 exceeds daily remaining $0.00
2026-05-20 15:56:15 | INFO     | ayumi.orchestrator | Adapted signal: strategy=srmr_plus symbol=GBPUSD dir=SHORT conf=0.61 entry=1.34415 sl=1.34558 sl_dist=0.001422
2026-05-20 15:56:15 | INFO     | ayumi.orchestrator | Signal received: strategy=srmr_plus symbol=GBPUSD direction=SHORT confidence=0.614
2026-05-20 15:56:15 | INFO     | ayumi.orchestrator | Routing: strategy=srmr_plus symbol=GBPUSD → profile=Profile.SWARM
2026-05-20 15:56:15 | WARNING  | ayumi.orchestrator | Signal rejected: strategy=srmr_plus symbol=GBPUSD reason=sizing gate=Trade risk $25.00 exceeds daily remaining $0.00 sl_pips=14.2 risk_avail=0.00
2026-05-20 15:56:15 | INFO     | ayumi.forward_test | Order rejected: GBPUSD — Trade risk $25.00 exceeds daily remaining $0.00
2026-05-20 15:56:15 | INFO     | ayumi.blend_launcher | Signal rejected by blend: srmr_plus short GBPUSD conf=0.61 — Trade risk $25.00 exceeds daily remaining $0.00
2026-05-20 15:56:16 | INFO     | ayumi.forward_test | [B5 Periodic] ticks=260 bars_built=0 signals=65 traded=19 eval_errors=0
2026-05-20 15:56:16 | WARNING  | ayumi.forward_test | [B5 Pipeline] 260 ticks received but 0 bars built — tick-to-bar conversion may be stalled
2026-05-20 15:56:16 | INFO     | ayumi.blend_launcher | [B5 Health] ticks=260 tps=3.13 bars=0 signals=65 trades=0 balance=10000.00 uptime=120s
2026-05-20 15:56:16 | WARNING  | ayumi.blend_launcher | [B5 Pipeline] Ticks received (260) but zero bars built — tick-to-bar pipeline may be stalled
2026-05-20 15:56:21 | INFO     | ayumi.orchestrator | Adapted signal: strategy=srmr_plus symbol=GBPUSD dir=SHORT conf=0.61 entry=1.34409 sl=1.34552 sl_dist=0.001422
2026-05-20 15:56:21 | INFO     | ayumi.orchestrator | Signal received: strategy=srmr_plus symbol=GBPUSD direction=SHORT confidence=0.614
2026-05-20 15:56:21 | INFO     | ayumi.orchestrator | Routing: strategy=srmr_plus symbol=GBPUSD → profile=Profile.SWARM
2026-05-20 15:56:21 | WARNING  | ayumi.orchestrator | Signal rejected: strategy=srmr_plus symbol=GBPUSD reason=sizing gate=Trade risk $25.00 exceeds daily remaining $0.00 sl_pips=14.2 risk_avail=0.00
2026-05-20 15:56:21 | INFO     | ayumi.forward_test | Order rejected: GBPUSD — Trade risk $25.00 exceeds daily remaining $0.00
2026-05-20 15:56:21 | INFO     | ayumi.blend_launcher | Signal rejected by blend: srmr_plus short GBPUSD conf=0.61 — Trade risk $25.00 exceeds daily remaining $0.00
2026-05-20 15:56:24 | INFO     | ayumi.orchestrator | Adapted signal: strategy=srmr_plus symbol=GBPUSD dir=SHORT conf=0.61 entry=1.34417 sl=1.34559 sl_dist=0.001422
2026-05-20 15:56:24 | INFO     | ayumi.orchestrator | Signal received: strategy=srmr_plus symbol=GBPUSD direction=SHORT confidence=0.614
2026-05-20 15:56:24 | INFO     | ayumi.orchestrator | Routing: strategy=srmr_plus symbol=GBPUSD → profile=Profile.SWARM
2026-05-20 15:56:24 | WARNING  | ayumi.orchestrator | Signal rejected: strategy=srmr_plus symbol=GBPUSD reason=sizing gate=Trade risk $25.00 exceeds daily remaining $0.00 sl_pips=14.2 risk_avail=0.00
2026-05-20 15:56:24 | INFO     | ayumi.forward_test | Order rejected: GBPUSD — Trade risk $25.00 exceeds daily remaining $0.00
2026-05-20 15:56:24 | INFO     | ayumi.blend_launcher | Signal rejected by blend: srmr_plus short GBPUSD conf=0.61 — Trade risk $25.00 exceeds daily remaining $0.00
2026-05-20 15:56:25 | INFO     | ayumi.orchestrator | Adapted signal: strategy=srmr_plus symbol=GBPUSD dir=SHORT conf=0.61 entry=1.34424 sl=1.34567 sl_dist=0.001422
2026-05-20 15:56:25 | INFO     | ayumi.orchestrator | Signal received: strategy=srmr_plus symbol=GBPUSD direction=SHORT confidence=0.614
2026-05-20 15:56:25 | INFO     | ayumi.orchestrator | Routing: strategy=srmr_plus symbol=GBPUSD → profile=Profile.SWARM
2026-05-20 15:56:25 | WARNING  | ayumi.orchestrator | Signal rejected: strategy=srmr_plus symbol=GBPUSD reason=sizing gate=Trade risk $25.00 exceeds daily remaining $0.00 sl_pips=14.2 risk_avail=0.00
2026-05-20 15:56:25 | INFO     | ayumi.forward_test | Order rejected: GBPUSD — Trade risk $25.00 exceeds daily remaining $0.00
2026-05-20 15:56:25 | INFO     | ayumi.blend_launcher | Signal rejected by blend: srmr_plus short GBPUSD conf=0.61 — Trade risk $25.00 exceeds daily remaining $0.00
2026-05-20 15:56:27 | INFO     | ayumi.orchestrator | Adapted signal: strategy=srmr_plus symbol=GBPUSD dir=SHORT conf=0.61 entry=1.34423 sl=1.34565 sl_dist=0.001422
2026-05-20 15:56:27 | INFO     | ayumi.orchestrator | Signal received: strategy=srmr_plus symbol=GBPUSD direction=SHORT confidence=0.614
2026-05-20 15:56:27 | INFO     | ayumi.orchestrator | Routing: strategy=srmr_plus symbol=GBPUSD → profile=Profile.SWARM
2026-05-20 15:56:27 | WARNING  | ayumi.orchestrator | Signal rejected: strategy=srmr_plus symbol=GBPUSD reason=sizing gate=Trade risk $25.00 exceeds daily remaining $0.00 sl_pips=14.2 risk_avail=0.00
2026-05-20 15:56:27 | INFO     | ayumi.forward_test | Order rejected: GBPUSD — Trade risk $25.00 exceeds daily remaining $0.00
2026-05-20 15:56:27 | INFO     | ayumi.blend_launcher | Signal rejected by blend: srmr_plus short GBPUSD conf=0.61 — Trade risk $25.00 exceeds daily remaining $0.00
2026-05-20 15:56:29 | INFO     | ayumi.orchestrator | Adapted signal: strategy=srmr_plus symbol=GBPUSD dir=SHORT conf=0.61 entry=1.34424 sl=1.34567 sl_dist=0.001422
2026-05-20 15:56:29 | INFO     | ayumi.orchestrator | Signal received: strategy=srmr_plus symbol=GBPUSD direction=SHORT confidence=0.614
2026-05-20 15:56:29 | INFO     | ayumi.orchestrator | Routing: strategy=srmr_plus symbol=GBPUSD → profile=Profile.SWARM
2026-05-20 15:56:29 | WARNING  | ayumi.orchestrator | Signal rejected: strategy=srmr_plus symbol=GBPUSD reason=sizing gate=Trade risk $25.00 exceeds daily remaining $0.00 sl_pips=14.2 risk_avail=0.00
2026-05-20 15:56:29 | INFO     | ayumi.forward_test | Order rejected: GBPUSD — Trade risk $25.00 exceeds daily remaining $0.00
2026-05-20 15:56:29 | INFO     | ayumi.blend_launcher | Signal rejected by blend: srmr_plus short GBPUSD conf=0.61 — Trade risk $25.00 exceeds daily remaining $0.00
2026-05-20 15:56:34 | INFO     | ayumi.orchestrator | Adapted signal: strategy=srmr_plus symbol=GBPUSD dir=SHORT conf=0.61 entry=1.34424 sl=1.34567 sl_dist=0.001422
2026-05-20 15:56:34 | INFO     | ayumi.orchestrator | Signal received: strategy=srmr_plus symbol=GBPUSD direction=SHORT confidence=0.614
2026-05-20 15:56:34 | INFO     | ayumi.orchestrator | Routing: strategy=srmr_plus symbol=GBPUSD → profile=Profile.SWARM
2026-05-20 15:56:34 | WARNING  | ayumi.orchestrator | Signal rejected: strategy=srmr_plus symbol=GBPUSD reason=sizing gate=Trade risk $25.00 exceeds daily remaining $0.00 sl_pips=14.2 risk_avail=0.00
2026-05-20 15:56:34 | INFO     | ayumi.forward_test | Order rejected: GBPUSD — Trade risk $25.00 exceeds daily remaining $0.00
2026-05-20 15:56:34 | INFO     | ayumi.blend_launcher | Signal rejected by blend: srmr_plus short GBPUSD conf=0.61 — Trade risk $25.00 exceeds daily remaining $0.00
2026-05-20 15:56:37 | INFO     | ayumi.orchestrator | Adapted signal: strategy=srmr_plus symbol=GBPUSD dir=SHORT conf=0.61 entry=1.34435 sl=1.34577 sl_dist=0.001422
2026-05-20 15:56:37 | INFO     | ayumi.orchestrator | Signal received: strategy=srmr_plus symbol=GBPUSD direction=SHORT confidence=0.613
2026-05-20 15:56:37 | INFO     | ayumi.orchestrator | Routing: strategy=srmr_plus symbol=GBPUSD → profile=Profile.SWARM
2026-05-20 15:56:37 | WARNING  | ayumi.orchestrator | Signal rejected: strategy=srmr_plus symbol=GBPUSD reason=sizing gate=Trade risk $25.00 exceeds daily remaining $0.00 sl_pips=14.2 risk_avail=0.00
2026-05-20 15:56:37 | INFO     | ayumi.forward_test | Order rejected: GBPUSD — Trade risk $25.00 exceeds daily remaining $0.00
2026-05-20 15:56:37 | INFO     | ayumi.blend_launcher | Signal rejected by blend: srmr_plus short GBPUSD conf=0.61 — Trade risk $25.00 exceeds daily remaining $0.00
2026-05-20 15:56:41 | INFO     | ayumi.orchestrator | Adapted signal: strategy=srmr_plus symbol=GBPUSD dir=SHORT conf=0.61 entry=1.34440 sl=1.34582 sl_dist=0.001422
2026-05-20 15:56:41 | INFO     | ayumi.orchestrator | Signal received: strategy=srmr_plus symbol=GBPUSD direction=SHORT confidence=0.613
2026-05-20 15:56:41 | INFO     | ayumi.orchestrator | Routing: strategy=srmr_plus symbol=GBPUSD → profile=Profile.SWARM
2026-05-20 15:56:41 | WARNING  | ayumi.orchestrator | Signal rejected: strategy=srmr_plus symbol=GBPUSD reason=sizing gate=Trade risk $25.00 exceeds daily remaining $0.00 sl_pips=14.2 risk_avail=0.00
2026-05-20 15:56:41 | INFO     | ayumi.forward_test | Order rejected: GBPUSD — Trade risk $25.00 exceeds daily remaining $0.00
2026-05-20 15:56:41 | INFO     | ayumi.blend_launcher | Signal rejected by blend: srmr_plus short GBPUSD conf=0.61 — Trade risk $25.00 exceeds daily remaining $0.00
2026-05-20 15:56:42 | INFO     | ayumi.orchestrator | Adapted signal: strategy=srmr_plus symbol=GBPUSD dir=SHORT conf=0.61 entry=1.34440 sl=1.34582 sl_dist=0.001422
2026-05-20 15:56:42 | INFO     | ayumi.orchestrator | Signal received: strategy=srmr_plus symbol=GBPUSD direction=SHORT confidence=0.613
2026-05-20 15:56:42 | INFO     | ayumi.orchestrator | Routing: strategy=srmr_plus symbol=GBPUSD → profile=Profile.SWARM
2026-05-20 15:56:42 | WARNING  | ayumi.orchestrator | Signal rejected: strategy=srmr_plus symbol=GBPUSD reason=sizing gate=Trade risk $25.00 exceeds daily remaining $0.00 sl_pips=14.2 risk_avail=0.00
2026-05-20 15:56:42 | INFO     | ayumi.forward_test | Order rejected: GBPUSD — Trade risk $25.00 exceeds daily remaining $0.00
2026-05-20 15:56:42 | INFO     | ayumi.blend_launcher | Signal rejected by blend: srmr_plus short GBPUSD conf=0.61 — Trade risk $25.00 exceeds daily remaining $0.00
2026-05-20 15:56:45 | INFO     | ayumi.orchestrator | Adapted signal: strategy=srmr_plus symbol=GBPUSD dir=SHORT conf=0.61 entry=1.34440 sl=1.34582 sl_dist=0.001422
2026-05-20 15:56:45 | INFO     | ayumi.orchestrator | Signal received: strategy=srmr_plus symbol=GBPUSD direction=SHORT confidence=0.613
2026-05-20 15:56:45 | INFO     | ayumi.orchestrator | Routing: strategy=srmr_plus symbol=GBPUSD → profile=Profile.SWARM
2026-05-20 15:56:45 | WARNING  | ayumi.orchestrator | Signal rejected: strategy=srmr_plus symbol=GBPUSD reason=sizing gate=Trade risk $25.00 exceeds daily remaining $0.00 sl_pips=14.2 risk_avail=0.00
2026-05-20 15:56:45 | INFO     | ayumi.forward_test | Order rejected: GBPUSD — Trade risk $25.00 exceeds daily remaining $0.00
2026-05-20 15:56:45 | INFO     | ayumi.blend_launcher | Signal rejected by blend: srmr_plus short GBPUSD conf=0.61 — Trade risk $25.00 exceeds daily remaining $0.00
2026-05-20 15:56:48 | INFO     | ayumi.orchestrator | Adapted signal: strategy=srmr_plus symbol=GBPUSD dir=SHORT conf=0.61 entry=1.34444 sl=1.34586 sl_dist=0.001422
2026-05-20 15:56:48 | INFO     | ayumi.orchestrator | Signal received: strategy=srmr_plus symbol=GBPUSD direction=SHORT confidence=0.613
2026-05-20 15:56:48 | INFO     | ayumi.orchestrator | Routing: strategy=srmr_plus symbol=GBPUSD → profile=Profile.SWARM
2026-05-20 15:56:48 | WARNING  | ayumi.orchestrator | Signal rejected: strategy=srmr_plus symbol=GBPUSD reason=sizing gate=Trade risk $25.00 exceeds daily remaining $0.00 sl_pips=14.2 risk_avail=0.00
2026-05-20 15:56:48 | INFO     | ayumi.forward_test | Order rejected: GBPUSD — Trade risk $25.00 exceeds daily remaining $0.00
2026-05-20 15:56:48 | INFO     | ayumi.blend_launcher | Signal rejected by blend: srmr_plus short GBPUSD conf=0.61 — Trade risk $25.00 exceeds daily remaining $0.00
2026-05-20 15:56:51 | INFO     | ayumi.orchestrator | Adapted signal: strategy=srmr_plus symbol=GBPUSD dir=SHORT conf=0.61 entry=1.34442 sl=1.34585 sl_dist=0.001422
2026-05-20 15:56:51 | INFO     | ayumi.orchestrator | Signal received: strategy=srmr_plus symbol=GBPUSD direction=SHORT confidence=0.613
2026-05-20 15:56:51 | INFO     | ayumi.orchestrator | Routing: strategy=srmr_plus symbol=GBPUSD → profile=Profile.SWARM
2026-05-20 15:56:51 | WARNING  | ayumi.orchestrator | Signal rejected: strategy=srmr_plus symbol=GBPUSD reason=sizing gate=Trade risk $25.00 exceeds daily remaining $0.00 sl_pips=14.2 risk_avail=0.00
2026-05-20 15:56:51 | INFO     | ayumi.forward_test | Order rejected: GBPUSD — Trade risk $25.00 exceeds daily remaining $0.00
2026-05-20 15:56:51 | INFO     | ayumi.blend_launcher | Signal rejected by blend: srmr_plus short GBPUSD conf=0.61 — Trade risk $25.00 exceeds daily remaining $0.00
2026-05-20 15:56:54 | INFO     | ayumi.orchestrator | Adapted signal: strategy=srmr_plus symbol=GBPUSD dir=SHORT conf=0.61 entry=1.34444 sl=1.34586 sl_dist=0.001422
2026-05-20 15:56:54 | INFO     | ayumi.orchestrator | Signal received: strategy=srmr_plus symbol=GBPUSD direction=SHORT confidence=0.613
2026-05-20 15:56:54 | INFO     | ayumi.orchestrator | Routing: strategy=srmr_plus symbol=GBPUSD → profile=Profile.SWARM
2026-05-20 15:56:54 | WARNING  | ayumi.orchestrator | Signal rejected: strategy=srmr_plus symbol=GBPUSD reason=sizing gate=Trade risk $25.00 exceeds daily remaining $0.00 sl_pips=14.2 risk_avail=0.00
2026-05-20 15:56:54 | INFO     | ayumi.forward_test | Order rejected: GBPUSD — Trade risk $25.00 exceeds daily remaining $0.00
2026-05-20 15:56:54 | INFO     | ayumi.blend_launcher | Signal rejected by blend: srmr_plus short GBPUSD conf=0.61 — Trade risk $25.00 exceeds daily remaining $0.00
2026-05-20 15:56:55 | INFO     | ayumi.orchestrator | Adapted signal: strategy=srmr_plus symbol=GBPUSD dir=SHORT conf=0.61 entry=1.34444 sl=1.34586 sl_dist=0.001422
2026-05-20 15:56:55 | INFO     | ayumi.orchestrator | Signal received: strategy=srmr_plus symbol=GBPUSD direction=SHORT confidence=0.613
2026-05-20 15:56:55 | INFO     | ayumi.orchestrator | Routing: strategy=srmr_plus symbol=GBPUSD → profile=Profile.SWARM
2026-05-20 15:56:55 | WARNING  | ayumi.orchestrator | Signal rejected: strategy=srmr_plus symbol=GBPUSD reason=sizing gate=Trade risk $25.00 exceeds daily remaining $0.00 sl_pips=14.2 risk_avail=0.00
2026-05-20 15:56:55 | INFO     | ayumi.forward_test | Order rejected: GBPUSD — Trade risk $25.00 exceeds daily remaining $0.00
2026-05-20 15:56:55 | INFO     | ayumi.blend_launcher | Signal rejected by blend: srmr_plus short GBPUSD conf=0.61 — Trade risk $25.00 exceeds daily remaining $0.00
2026-05-20 15:56:56 | INFO     | ayumi.orchestrator | Adapted signal: strategy=srmr_plus symbol=GBPUSD dir=SHORT conf=0.61 entry=1.34444 sl=1.34586 sl_dist=0.001422
2026-05-20 15:56:56 | INFO     | ayumi.orchestrator | Signal received: strategy=srmr_plus symbol=GBPUSD direction=SHORT confidence=0.613
2026-05-20 15:56:56 | INFO     | ayumi.orchestrator | Routing: strategy=srmr_plus symbol=GBPUSD → profile=Profile.SWARM
2026-05-20 15:56:56 | WARNING  | ayumi.orchestrator | Signal rejected: strategy=srmr_plus symbol=GBPUSD reason=sizing gate=Trade risk $25.00 exceeds daily remaining $0.00 sl_pips=14.2 risk_avail=0.00
2026-05-20 15:56:56 | INFO     | ayumi.forward_test | Order rejected: GBPUSD — Trade risk $25.00 exceeds daily remaining $0.00
2026-05-20 15:56:56 | INFO     | ayumi.blend_launcher | Signal rejected by blend: srmr_plus short GBPUSD conf=0.61 — Trade risk $25.00 exceeds daily remaining $0.00
2026-05-20 15:57:00 | INFO     | ayumi.orchestrator | Adapted signal: strategy=srmr_plus symbol=GBPUSD dir=SHORT conf=0.61 entry=1.34442 sl=1.34585 sl_dist=0.001422
2026-05-20 15:57:00 | INFO     | ayumi.orchestrator | Signal received: strategy=srmr_plus symbol=GBPUSD direction=SHORT confidence=0.613
2026-05-20 15:57:00 | INFO     | ayumi.orchestrator | Routing: strategy=srmr_plus symbol=GBPUSD → profile=Profile.SWARM
2026-05-20 15:57:00 | WARNING  | ayumi.orchestrator | Signal rejected: strategy=srmr_plus symbol=GBPUSD reason=sizing gate=Trade risk $25.00 exceeds daily remaining $0.00 sl_pips=14.2 risk_avail=0.00
2026-05-20 15:57:00 | INFO     | ayumi.forward_test | Order rejected: GBPUSD — Trade risk $25.00 exceeds daily remaining $0.00
2026-05-20 15:57:00 | INFO     | ayumi.blend_launcher | Signal rejected by blend: srmr_plus short GBPUSD conf=0.61 — Trade risk $25.00 exceeds daily remaining $0.00
2026-05-20 15:57:03 | INFO     | ayumi.orchestrator | Adapted signal: strategy=srmr_plus symbol=GBPUSD dir=SHORT conf=0.61 entry=1.34428 sl=1.34570 sl_dist=0.001422
2026-05-20 15:57:03 | INFO     | ayumi.orchestrator | Signal received: strategy=srmr_plus symbol=GBPUSD direction=SHORT confidence=0.613
2026-05-20 15:57:03 | INFO     | ayumi.orchestrator | Routing: strategy=srmr_plus symbol=GBPUSD → profile=Profile.SWARM
2026-05-20 15:57:03 | WARNING  | ayumi.orchestrator | Signal rejected: strategy=srmr_plus symbol=GBPUSD reason=sizing gate=Trade risk $25.00 exceeds daily remaining $0.00 sl_pips=14.2 risk_avail=0.00
2026-05-20 15:57:03 | INFO     | ayumi.forward_test | Order rejected: GBPUSD — Trade risk $25.00 exceeds daily remaining $0.00
2026-05-20 15:57:03 | INFO     | ayumi.blend_launcher | Signal rejected by blend: srmr_plus short GBPUSD conf=0.61 — Trade risk $25.00 exceeds daily remaining $0.00
2026-05-20 15:57:04 | INFO     | ayumi.orchestrator | Adapted signal: strategy=srmr_plus symbol=GBPUSD dir=SHORT conf=0.61 entry=1.34428 sl=1.34571 sl_dist=0.001422
2026-05-20 15:57:04 | INFO     | ayumi.orchestrator | Signal received: strategy=srmr_plus symbol=GBPUSD direction=SHORT confidence=0.613
2026-05-20 15:57:04 | INFO     | ayumi.orchestrator | Routing: strategy=srmr_plus symbol=GBPUSD → profile=Profile.SWARM
2026-05-20 15:57:04 | WARNING  | ayumi.orchestrator | Signal rejected: strategy=srmr_plus symbol=GBPUSD reason=sizing gate=Trade risk $25.00 exceeds daily remaining $0.00 sl_pips=14.2 risk_avail=0.00
2026-05-20 15:57:04 | INFO     | ayumi.forward_test | Order rejected: GBPUSD — Trade risk $25.00 exceeds daily remaining $0.00
2026-05-20 15:57:04 | INFO     | ayumi.blend_launcher | Signal rejected by blend: srmr_plus short GBPUSD conf=0.61 — Trade risk $25.00 exceeds daily remaining $0.00
2026-05-20 15:57:06 | INFO     | ayumi.orchestrator | Adapted signal: strategy=srmr_plus symbol=GBPUSD dir=SHORT conf=0.61 entry=1.34428 sl=1.34570 sl_dist=0.001422
2026-05-20 15:57:06 | INFO     | ayumi.orchestrator | Signal received: strategy=srmr_plus symbol=GBPUSD direction=SHORT confidence=0.613
2026-05-20 15:57:06 | INFO     | ayumi.orchestrator | Routing: strategy=srmr_plus symbol=GBPUSD → profile=Profile.SWARM
2026-05-20 15:57:06 | WARNING  | ayumi.orchestrator | Signal rejected: strategy=srmr_plus symbol=GBPUSD reason=sizing gate=Trade risk $25.00 exceeds daily remaining $0.00 sl_pips=14.2 risk_avail=0.00
2026-05-20 15:57:06 | INFO     | ayumi.forward_test | Order rejected: GBPUSD — Trade risk $25.00 exceeds daily remaining $0.00
2026-05-20 15:57:06 | INFO     | ayumi.blend_launcher | Signal rejected by blend: srmr_plus short GBPUSD conf=0.61 — Trade risk $25.00 exceeds daily remaining $0.00
2026-05-20 15:57:07 | INFO     | ayumi.orchestrator | Adapted signal: strategy=srmr_plus symbol=GBPUSD dir=SHORT conf=0.61 entry=1.34428 sl=1.34570 sl_dist=0.001422
2026-05-20 15:57:07 | INFO     | ayumi.orchestrator | Signal received: strategy=srmr_plus symbol=GBPUSD direction=SHORT confidence=0.613
2026-05-20 15:57:07 | INFO     | ayumi.orchestrator | Routing: strategy=srmr_plus symbol=GBPUSD → profile=Profile.SWARM
2026-05-20 15:57:07 | WARNING  | ayumi.orchestrator | Signal rejected: strategy=srmr_plus symbol=GBPUSD reason=sizing gate=Trade risk $25.00 exceeds daily remaining $0.00 sl_pips=14.2 risk_avail=0.00
2026-05-20 15:57:07 | INFO     | ayumi.forward_test | Order rejected: GBPUSD — Trade risk $25.00 exceeds daily remaining $0.00
2026-05-20 15:57:07 | INFO     | ayumi.blend_launcher | Signal rejected by blend: srmr_plus short GBPUSD conf=0.61 — Trade risk $25.00 exceeds daily remaining $0.00
2026-05-20 15:57:11 | INFO     | ayumi.orchestrator | Adapted signal: strategy=srmr_plus symbol=GBPUSD dir=SHORT conf=0.61 entry=1.34415 sl=1.34557 sl_dist=0.001422
2026-05-20 15:57:11 | INFO     | ayumi.orchestrator | Signal received: strategy=srmr_plus symbol=GBPUSD direction=SHORT confidence=0.613
2026-05-20 15:57:11 | INFO     | ayumi.orchestrator | Routing: strategy=srmr_plus symbol=GBPUSD → profile=Profile.SWARM
2026-05-20 15:57:11 | WARNING  | ayumi.orchestrator | Signal rejected: strategy=srmr_plus symbol=GBPUSD reason=sizing gate=Trade risk $25.00 exceeds daily remaining $0.00 sl_pips=14.2 risk_avail=0.00
2026-05-20 15:57:11 | INFO     | ayumi.forward_test | Order rejected: GBPUSD — Trade risk $25.00 exceeds daily remaining $0.00
2026-05-20 15:57:11 | INFO     | ayumi.blend_launcher | Signal rejected by blend: srmr_plus short GBPUSD conf=0.61 — Trade risk $25.00 exceeds daily remaining $0.00
2026-05-20 15:57:14 | INFO     | ayumi.orchestrator | Adapted signal: strategy=srmr_plus symbol=GBPUSD dir=SHORT conf=0.61 entry=1.34422 sl=1.34564 sl_dist=0.001422
2026-05-20 15:57:14 | INFO     | ayumi.orchestrator | Signal received: strategy=srmr_plus symbol=GBPUSD direction=SHORT confidence=0.613
2026-05-20 15:57:14 | INFO     | ayumi.orchestrator | Routing: strategy=srmr_plus symbol=GBPUSD → profile=Profile.SWARM
2026-05-20 15:57:14 | WARNING  | ayumi.orchestrator | Signal rejected: strategy=srmr_plus symbol=GBPUSD reason=sizing gate=Trade risk $25.00 exceeds daily remaining $0.00 sl_pips=14.2 risk_avail=0.00
2026-05-20 15:57:14 | INFO     | ayumi.forward_test | Order rejected: GBPUSD — Trade risk $25.00 exceeds daily remaining $0.00
2026-05-20 15:57:14 | INFO     | ayumi.blend_launcher | Signal rejected by blend: srmr_plus short GBPUSD conf=0.61 — Trade risk $25.00 exceeds daily remaining $0.00
2026-05-20 15:57:15 | INFO     | ayumi.orchestrator | Adapted signal: strategy=srmr_plus symbol=GBPUSD dir=SHORT conf=0.61 entry=1.34423 sl=1.34565 sl_dist=0.001422
2026-05-20 15:57:15 | INFO     | ayumi.orchestrator | Signal received: strategy=srmr_plus symbol=GBPUSD direction=SHORT confidence=0.613
2026-05-20 15:57:15 | INFO     | ayumi.orchestrator | Routing: strategy=srmr_plus symbol=GBPUSD → profile=Profile.SWARM
2026-05-20 15:57:15 | WARNING  | ayumi.orchestrator | Signal rejected: strategy=srmr_plus symbol=GBPUSD reason=sizing gate=Trade risk $25.00 exceeds daily remaining $0.00 sl_pips=14.2 risk_avail=0.00
2026-05-20 15:57:15 | INFO     | ayumi.forward_test | Order rejected: GBPUSD — Trade risk $25.00 exceeds daily remaining $0.00
2026-05-20 15:57:15 | INFO     | ayumi.blend_launcher | Signal rejected by blend: srmr_plus short GBPUSD conf=0.61 — Trade risk $25.00 exceeds daily remaining $0.00
2026-05-20 15:57:16 | INFO     | ayumi.forward_test | [B5 Periodic] ticks=432 bars_built=0 signals=88 traded=19 eval_errors=0
2026-05-20 15:57:16 | WARNING  | ayumi.forward_test | [B5 Pipeline] 432 ticks received but 0 bars built — tick-to-bar conversion may be stalled
2026-05-20 15:57:16 | INFO     | ayumi.blend_launcher | [B5 Health] ticks=432 tps=3.68 bars=0 signals=88 trades=0 balance=10000.00 uptime=180s
2026-05-20 15:57:16 | WARNING  | ayumi.blend_launcher | [B5 Pipeline] Ticks received (432) but zero bars built — tick-to-bar pipeline may be stalled
2026-05-20 15:57:18 | INFO     | ayumi.orchestrator | Adapted signal: strategy=srmr_plus symbol=GBPUSD dir=SHORT conf=0.61 entry=1.34416 sl=1.34559 sl_dist=0.001422
2026-05-20 15:57:18 | INFO     | ayumi.orchestrator | Signal received: strategy=srmr_plus symbol=GBPUSD direction=SHORT confidence=0.613
2026-05-20 15:57:18 | INFO     | ayumi.orchestrator | Routing: strategy=srmr_plus symbol=GBPUSD → profile=Profile.SWARM
2026-05-20 15:57:18 | WARNING  | ayumi.orchestrator | Signal rejected: strategy=srmr_plus symbol=GBPUSD reason=sizing gate=Trade risk $25.00 exceeds daily remaining $0.00 sl_pips=14.2 risk_avail=0.00
2026-05-20 15:57:18 | INFO     | ayumi.forward_test | Order rejected: GBPUSD — Trade risk $25.00 exceeds daily remaining $0.00
2026-05-20 15:57:18 | INFO     | ayumi.blend_launcher | Signal rejected by blend: srmr_plus short GBPUSD conf=0.61 — Trade risk $25.00 exceeds daily remaining $0.00
2026-05-20 15:57:19 | INFO     | ayumi.orchestrator | Adapted signal: strategy=srmr_plus symbol=GBPUSD dir=SHORT conf=0.61 entry=1.34414 sl=1.34556 sl_dist=0.001422
2026-05-20 15:57:19 | INFO     | ayumi.orchestrator | Signal received: strategy=srmr_plus symbol=GBPUSD direction=SHORT confidence=0.613
2026-05-20 15:57:19 | INFO     | ayumi.orchestrator | Routing: strategy=srmr_plus symbol=GBPUSD → profile=Profile.SWARM
2026-05-20 15:57:19 | WARNING  | ayumi.orchestrator | Signal rejected: strategy=srmr_plus symbol=GBPUSD reason=sizing gate=Trade risk $25.00 exceeds daily remaining $0.00 sl_pips=14.2 risk_avail=0.00
2026-05-20 15:57:19 | INFO     | ayumi.forward_test | Order rejected: GBPUSD — Trade risk $25.00 exceeds daily remaining $0.00
2026-05-20 15:57:19 | INFO     | ayumi.blend_launcher | Signal rejected by blend: srmr_plus short GBPUSD conf=0.61 — Trade risk $25.00 exceeds daily remaining $0.00
2026-05-20 15:57:21 | INFO     | ayumi.orchestrator | Adapted signal: strategy=srmr_plus symbol=GBPUSD dir=SHORT conf=0.61 entry=1.34415 sl=1.34557 sl_dist=0.001422
2026-05-20 15:57:21 | INFO     | ayumi.orchestrator | Signal received: strategy=srmr_plus symbol=GBPUSD direction=SHORT confidence=0.613
2026-05-20 15:57:21 | INFO     | ayumi.orchestrator | Routing: strategy=srmr_plus symbol=GBPUSD → profile=Profile.SWARM
2026-05-20 15:57:21 | WARNING  | ayumi.orchestrator | Signal rejected: strategy=srmr_plus symbol=GBPUSD reason=sizing gate=Trade risk $25.00 exceeds daily remaining $0.00 sl_pips=14.2 risk_avail=0.00
2026-05-20 15:57:21 | INFO     | ayumi.forward_test | Order rejected: GBPUSD — Trade risk $25.00 exceeds daily remaining $0.00
2026-05-20 15:57:21 | INFO     | ayumi.blend_launcher | Signal rejected by blend: srmr_plus short GBPUSD conf=0.61 — Trade risk $25.00 exceeds daily remaining $0.00
2026-05-20 15:57:23 | INFO     | ayumi.orchestrator | Adapted signal: strategy=srmr_plus symbol=GBPUSD dir=SHORT conf=0.61 entry=1.34423 sl=1.34565 sl_dist=0.001422
2026-05-20 15:57:23 | INFO     | ayumi.orchestrator | Signal received: strategy=srmr_plus symbol=GBPUSD direction=SHORT confidence=0.613
2026-05-20 15:57:23 | INFO     | ayumi.orchestrator | Routing: strategy=srmr_plus symbol=GBPUSD → profile=Profile.SWARM
2026-05-20 15:57:23 | WARNING  | ayumi.orchestrator | Signal rejected: strategy=srmr_plus symbol=GBPUSD reason=sizing gate=Trade risk $25.00 exceeds daily remaining $0.00 sl_pips=14.2 risk_avail=0.00
2026-05-20 15:57:23 | INFO     | ayumi.forward_test | Order rejected: GBPUSD — Trade risk $25.00 exceeds daily remaining $0.00
2026-05-20 15:57:23 | INFO     | ayumi.blend_launcher | Signal rejected by blend: srmr_plus short GBPUSD conf=0.61 — Trade risk $25.00 exceeds daily remaining $0.00
2026-05-20 15:57:24 | INFO     | ayumi.orchestrator | Adapted signal: strategy=srmr_plus symbol=GBPUSD dir=SHORT conf=0.61 entry=1.34418 sl=1.34561 sl_dist=0.001422
2026-05-20 15:57:24 | INFO     | ayumi.orchestrator | Signal received: strategy=srmr_plus symbol=GBPUSD direction=SHORT confidence=0.613
2026-05-20 15:57:24 | INFO     | ayumi.orchestrator | Routing: strategy=srmr_plus symbol=GBPUSD → profile=Profile.SWARM
2026-05-20 15:57:24 | WARNING  | ayumi.orchestrator | Signal rejected: strategy=srmr_plus symbol=GBPUSD reason=sizing gate=Trade risk $25.00 exceeds daily remaining $0.00 sl_pips=14.2 risk_avail=0.00
2026-05-20 15:57:24 | INFO     | ayumi.forward_test | Order rejected: GBPUSD — Trade risk $25.00 exceeds daily remaining $0.00
2026-05-20 15:57:24 | INFO     | ayumi.blend_launcher | Signal rejected by blend: srmr_plus short GBPUSD conf=0.61 — Trade risk $25.00 exceeds daily remaining $0.00
2026-05-20 15:57:25 | INFO     | ayumi.orchestrator | Adapted signal: strategy=srmr_plus symbol=GBPUSD dir=SHORT conf=0.61 entry=1.34413 sl=1.34555 sl_dist=0.001422
2026-05-20 15:57:25 | INFO     | ayumi.orchestrator | Signal received: strategy=srmr_plus symbol=GBPUSD direction=SHORT confidence=0.613
2026-05-20 15:57:25 | INFO     | ayumi.orchestrator | Routing: strategy=srmr_plus symbol=GBPUSD → profile=Profile.SWARM
2026-05-20 15:57:25 | WARNING  | ayumi.orchestrator | Signal rejected: strategy=srmr_plus symbol=GBPUSD reason=sizing gate=Trade risk $25.00 exceeds daily remaining $0.00 sl_pips=14.2 risk_avail=0.00
2026-05-20 15:57:25 | INFO     | ayumi.forward_test | Order rejected: GBPUSD — Trade risk $25.00 exceeds daily remaining $0.00
2026-05-20 15:57:25 | INFO     | ayumi.blend_launcher | Signal rejected by blend: srmr_plus short GBPUSD conf=0.61 — Trade risk $25.00 exceeds daily remaining $0.00
2026-05-20 15:57:26 | INFO     | ayumi.orchestrator | Adapted signal: strategy=srmr_plus symbol=GBPUSD dir=SHORT conf=0.61 entry=1.34395 sl=1.34537 sl_dist=0.001422
2026-05-20 15:57:26 | INFO     | ayumi.orchestrator | Signal received: strategy=srmr_plus symbol=GBPUSD direction=SHORT confidence=0.613
2026-05-20 15:57:26 | INFO     | ayumi.orchestrator | Routing: strategy=srmr_plus symbol=GBPUSD → profile=Profile.SWARM
2026-05-20 15:57:26 | WARNING  | ayumi.orchestrator | Signal rejected: strategy=srmr_plus symbol=GBPUSD reason=sizing gate=Trade risk $25.00 exceeds daily remaining $0.00 sl_pips=14.2 risk_avail=0.00
2026-05-20 15:57:26 | INFO     | ayumi.forward_test | Order rejected: GBPUSD — Trade risk $25.00 exceeds daily remaining $0.00
2026-05-20 15:57:26 | INFO     | ayumi.blend_launcher | Signal rejected by blend: srmr_plus short GBPUSD conf=0.61 — Trade risk $25.00 exceeds daily remaining $0.00
2026-05-20 15:57:28 | INFO     | ayumi.orchestrator | Adapted signal: strategy=srmr_plus symbol=GBPUSD dir=SHORT conf=0.61 entry=1.34384 sl=1.34527 sl_dist=0.001422
2026-05-20 15:57:28 | INFO     | ayumi.orchestrator | Signal received: strategy=srmr_plus symbol=GBPUSD direction=SHORT confidence=0.613
2026-05-20 15:57:28 | INFO     | ayumi.orchestrator | Routing: strategy=srmr_plus symbol=GBPUSD → profile=Profile.SWARM
2026-05-20 15:57:28 | WARNING  | ayumi.orchestrator | Signal rejected: strategy=srmr_plus symbol=GBPUSD reason=sizing gate=Trade risk $25.00 exceeds daily remaining $0.00 sl_pips=14.2 risk_avail=0.00
2026-05-20 15:57:28 | INFO     | ayumi.forward_test | Order rejected: GBPUSD — Trade risk $25.00 exceeds daily remaining $0.00
2026-05-20 15:57:28 | INFO     | ayumi.blend_launcher | Signal rejected by blend: srmr_plus short GBPUSD conf=0.61 — Trade risk $25.00 exceeds daily remaining $0.00
2026-05-20 15:57:29 | INFO     | ayumi.orchestrator | Adapted signal: strategy=srmr_plus symbol=GBPUSD dir=SHORT conf=0.61 entry=1.34386 sl=1.34528 sl_dist=0.001422
2026-05-20 15:57:29 | INFO     | ayumi.orchestrator | Signal received: strategy=srmr_plus symbol=GBPUSD direction=SHORT confidence=0.613
2026-05-20 15:57:29 | INFO     | ayumi.orchestrator | Routing: strategy=srmr_plus symbol=GBPUSD → profile=Profile.SWARM
2026-05-20 15:57:29 | WARNING  | ayumi.orchestrator | Signal rejected: strategy=srmr_plus symbol=GBPUSD reason=sizing gate=Trade risk $25.00 exceeds daily remaining $0.00 sl_pips=14.2 risk_avail=0.00
2026-05-20 15:57:29 | INFO     | ayumi.forward_test | Order rejected: GBPUSD — Trade risk $25.00 exceeds daily remaining $0.00
2026-05-20 15:57:29 | INFO     | ayumi.blend_launcher | Signal rejected by blend: srmr_plus short GBPUSD conf=0.61 — Trade risk $25.00 exceeds daily remaining $0.00
2026-05-20 15:57:31 | INFO     | ayumi.orchestrator | Adapted signal: strategy=srmr_plus symbol=GBPUSD dir=SHORT conf=0.61 entry=1.34396 sl=1.34538 sl_dist=0.001422
2026-05-20 15:57:31 | INFO     | ayumi.orchestrator | Signal received: strategy=srmr_plus symbol=GBPUSD direction=SHORT confidence=0.613
2026-05-20 15:57:31 | INFO     | ayumi.orchestrator | Routing: strategy=srmr_plus symbol=GBPUSD → profile=Profile.SWARM
2026-05-20 15:57:31 | WARNING  | ayumi.orchestrator | Signal rejected: strategy=srmr_plus symbol=GBPUSD reason=sizing gate=Trade risk $25.00 exceeds daily remaining $0.00 sl_pips=14.2 risk_avail=0.00
2026-05-20 15:57:31 | INFO     | ayumi.forward_test | Order rejected: GBPUSD — Trade risk $25.00 exceeds daily remaining $0.00
2026-05-20 15:57:31 | INFO     | ayumi.blend_launcher | Signal rejected by blend: srmr_plus short GBPUSD conf=0.61 — Trade risk $25.00 exceeds daily remaining $0.00
2026-05-20 15:57:32 | INFO     | ayumi.orchestrator | Adapted signal: strategy=srmr_plus symbol=GBPUSD dir=SHORT conf=0.61 entry=1.34388 sl=1.34530 sl_dist=0.001422
2026-05-20 15:57:32 | INFO     | ayumi.orchestrator | Signal received: strategy=srmr_plus symbol=GBPUSD direction=SHORT confidence=0.613
2026-05-20 15:57:32 | INFO     | ayumi.orchestrator | Routing: strategy=srmr_plus symbol=GBPUSD → profile=Profile.SWARM
2026-05-20 15:57:32 | WARNING  | ayumi.orchestrator | Signal rejected: strategy=srmr_plus symbol=GBPUSD reason=sizing gate=Trade risk $25.00 exceeds daily remaining $0.00 sl_pips=14.2 risk_avail=0.00
2026-05-20 15:57:32 | INFO     | ayumi.forward_test | Order rejected: GBPUSD — Trade risk $25.00 exceeds daily remaining $0.00
2026-05-20 15:57:32 | INFO     | ayumi.blend_launcher | Signal rejected by blend: srmr_plus short GBPUSD conf=0.61 — Trade risk $25.00 exceeds daily remaining $0.00
2026-05-20 15:58:16 | INFO     | ayumi.forward_test | [B5 Periodic] ticks=516 bars_built=0 signals=99 traded=19 eval_errors=0
2026-05-20 15:58:16 | WARNING  | ayumi.forward_test | [B5 Pipeline] 516 ticks received but 0 bars built — tick-to-bar conversion may be stalled
2026-05-20 15:58:16 | INFO     | ayumi.blend_launcher | [B5 Health] ticks=516 tps=5.45 bars=0 signals=99 trades=0 balance=10000.00 uptime=240s
2026-05-20 15:58:16 | WARNING  | ayumi.blend_launcher | [B5 Pipeline] Ticks received (516) but zero bars built — tick-to-bar pipeline may be stalled
2026-05-20 15:59:16 | INFO     | ayumi.forward_test | [B5 Periodic] ticks=516 bars_built=0 signals=99 traded=19 eval_errors=0
2026-05-20 15:59:16 | WARNING  | ayumi.forward_test | [B5 Pipeline] 516 ticks received but 0 bars built — tick-to-bar conversion may be stalled
2026-05-20 15:59:16 | INFO     | ayumi.blend_launcher | [B5 Health] ticks=516 tps=5.45 bars=0 signals=99 trades=0 balance=10000.00 uptime=300s
2026-05-20 15:59:16 | WARNING  | ayumi.blend_launcher | [B5 Pipeline] Ticks received (516) but zero bars built — tick-to-bar pipeline may be stalled
2026-05-20 16:00:16 | INFO     | ayumi.forward_test | [B5 Periodic] ticks=516 bars_built=0 signals=99 traded=19 eval_errors=0
2026-05-20 16:00:16 | WARNING  | ayumi.forward_test | [B5 Pipeline] 516 ticks received but 0 bars built — tick-to-bar conversion may be stalled
2026-05-20 16:00:16 | INFO     | ayumi.blend_launcher | [B5 Health] ticks=516 tps=5.45 bars=0 signals=99 trades=0 balance=10000.00 uptime=360s
2026-05-20 16:00:16 | WARNING  | ayumi.blend_launcher | [B5 Pipeline] Ticks received (516) but zero bars built — tick-to-bar pipeline may be stalled
2026-05-20 16:01:16 | INFO     | ayumi.forward_test | [B5 Periodic] ticks=516 bars_built=0 signals=99 traded=19 eval_errors=0
2026-05-20 16:01:16 | WARNING  | ayumi.forward_test | [B5 Pipeline] 516 ticks received but 0 bars built — tick-to-bar conversion may be stalled
2026-05-20 16:01:16 | INFO     | ayumi.blend_launcher | [B5 Health] ticks=516 tps=5.45 bars=0 signals=99 trades=0 balance=10000.00 uptime=420s
2026-05-20 16:01:16 | WARNING  | ayumi.blend_launcher | [B5 Pipeline] Ticks received (516) but zero bars built — tick-to-bar pipeline may be stalled
2026-05-20 16:02:03 | INFO     | ayumi.forward_test | Shutdown signal received (sig=15)
2026-05-20 16:02:03 | INFO     | ayumi.openapi_spot_feed | Unsubscribed from spot events for symbol_id=2
2026-05-20 16:02:03 | INFO     | ayumi.openapi_spot_feed | Unsubscribed from spot events for symbol_id=4
2026-05-20 16:02:03 | INFO     | ayumi.openapi_spot_feed | OpenApiSpotFeed stopped
2026-05-20 16:02:03 | INFO     | ayumi.openapi_live_client | [OpenApiLiveClient] Disconnected
2026-05-20 16:02:03 | INFO     | ayumi.forward_test | Forward test stopped: balance=10000.00 trades=0 pnl=0.00 errors=0 reconnects=0
2026-05-20 16:02:16 | INFO     | ayumi.blend_launcher | [B5 Health] ticks=516 tps=5.45 bars=4 signals=99 trades=0 balance=10000.00 uptime=480s
2026-05-20 16:03:27 | INFO     | ayumi.pid_guard | PID 4153776 written to /home/TacoPants/projects/Ayumi/data/forward_test.pid
2026-05-20 16:03:27 | INFO     | ayumi.blend_launcher | === Ayumi Multi-Strategy Forward Test (Blend Pipeline) ===
2026-05-20 16:03:27 | INFO     | ayumi.blend_launcher | Symbols: ['GBPUSD', 'USDJPY']
2026-05-20 16:03:29 | WARNING  | ayumi.blend_launcher | Could not fetch symbol list from OpenAPI: 'CTraderOpenApiClient' object has no attribute 'get_symbols' — using static mapping
2026-05-20 16:03:29 | INFO     | ayumi.blend_launcher | Fetching 100 H1 bars for GBPUSD (id=2)...
2026-05-20 16:03:31 | INFO     | ayumi.blend_launcher | Fetched 99 H1 bars for GBPUSD
2026-05-20 16:03:31 | INFO     | ayumi.blend_launcher | Fetching 200 M15 bars for GBPUSD (id=2)...
2026-05-20 16:03:32 | INFO     | ayumi.blend_launcher | Fetched 199 M15 bars for GBPUSD
2026-05-20 16:03:32 | INFO     | ayumi.blend_launcher | Fetching 100 H1 bars for USDJPY (id=4)...
2026-05-20 16:03:34 | INFO     | ayumi.blend_launcher | Fetched 99 H1 bars for USDJPY
2026-05-20 16:03:34 | INFO     | ayumi.blend_launcher | Fetching 200 M15 bars for USDJPY (id=4)...
2026-05-20 16:03:35 | INFO     | ayumi.blend_launcher | Fetched 199 M15 bars for USDJPY
2026-05-20 16:03:35 | INFO     | ayumi.blend_launcher | Registered 8 strategies: ['SRMR+', 'Killzone Momentum', 'Donchian Channel Breakout', 'Session-Range Mean Reversion', 'BB+RSI Mean Reversion', 'Session Breakout London', 'Session Breakout NY', 'Session Breakout Asian']
2026-05-20 16:03:35 | INFO     | ayumi.blend_launcher | All strategy .name properties verified against maps
2026-05-20 16:03:35 | INFO     | ayumi.risk | Restored risk state from data/risk_state_blend.json
2026-05-20 16:03:35 | INFO     | ayumi.forward_test | BlendForwardTestRunner started — balance=$10000.00
2026-05-20 16:03:35 | INFO     | ayumi.forward_test | Preloaded 99 bars into key 'GBPUSD:60'
2026-05-20 16:03:35 | INFO     | ayumi.blend_launcher | Preloaded 99 60min bars for GBPUSD into engine
2026-05-20 16:03:35 | INFO     | ayumi.forward_test | Preloaded 199 bars into key 'GBPUSD:15'
2026-05-20 16:03:35 | INFO     | ayumi.blend_launcher | Preloaded 199 15min bars for GBPUSD into engine
2026-05-20 16:03:35 | INFO     | ayumi.forward_test | Preloaded 99 bars into key 'USDJPY:60'
2026-05-20 16:03:35 | INFO     | ayumi.blend_launcher | Preloaded 99 60min bars for USDJPY into engine
2026-05-20 16:03:35 | INFO     | ayumi.forward_test | Preloaded 199 bars into key 'USDJPY:15'
2026-05-20 16:03:35 | INFO     | ayumi.blend_launcher | Preloaded 199 15min bars for USDJPY into engine
2026-05-20 16:03:35 | INFO     | ayumi.blend_launcher | === STARTING MULTI-STRATEGY FORWARD TEST ===
2026-05-20 16:03:35 | INFO     | ayumi.blend_launcher | Pipeline: SRMR+ + Killzone + Momentum + SessionRangeMR → Correlation Gate → Blend Runner → Paper
2026-05-20 16:03:35 | INFO     | ayumi.blend_launcher | Startup diagnostic: strategies=['SRMR+', 'Killzone Momentum', 'Donchian Channel Breakout', 'Session-Range Mean Reversion', 'BB+RSI Mean Reversion', 'Session Breakout London', 'Session Breakout NY', 'Session Breakout Asian']
2026-05-20 16:03:35 | INFO     | ayumi.blend_launcher | Startup diagnostic: symbols=['GBPUSD', 'USDJPY']
2026-05-20 16:03:35 | INFO     | ayumi.blend_launcher | Startup diagnostic: bar_period=60m, min_confidence=0.50
2026-05-20 16:03:35 | INFO     | ayumi.blend_launcher | Startup diagnostic: strategy_timeframes={'SRMR+': 60, 'Killzone Momentum': 15, 'Donchian Channel Breakout': 15, 'Session-Range Mean Reversion': 60, 'BB+RSI Mean Reversion': 60, 'Session Breakout London': 15, 'Session Breakout NY': 15, 'Session Breakout Asian': 15}
2026-05-20 16:03:35 | WARNING  | ayumi.forward_test | Credential validation: sender_comp_id is empty — may cause FIX logon failure
2026-05-20 16:03:35 | INFO     | ayumi.forward_test | OpenApiLiveClient constructed for live_mode
2026-05-20 16:03:36 | INFO     | ayumi.openapi_spot_feed | Connected to demo.ctraderapi.com:5035
2026-05-20 16:03:36 | INFO     | ayumi.openapi_spot_feed | Reconnect restore: starting re-authentication...
2026-05-20 16:03:37 | INFO     | ayumi.openapi_spot_feed | Reconnect restore: application authenticated
2026-05-20 16:03:38 | INFO     | ayumi.openapi_spot_feed | Reconnect restore: account authenticated
2026-05-20 16:03:38 | INFO     | ayumi.openapi_spot_feed | Reconnect restore: completed successfully
2026-05-20 16:03:46 | ERROR    | ayumi.openapi_spot_feed | Send-and-wait failed: [Failure instance: Traceback: <class 'twisted.internet.defer.TimeoutError'>: (10, 'Deferred')
/home/TacoPants/projects/Ayumi/.venv/lib/python3.12/site-packages/twisted/internet/defer.py:798:timeItOut
/home/TacoPants/projects/Ayumi/.venv/lib/python3.12/site-packages/twisted/internet/defer.py:957:cancel
/home/TacoPants/projects/Ayumi/.venv/lib/python3.12/site-packages/twisted/internet/defer.py:916:errback
/home/TacoPants/projects/Ayumi/.venv/lib/python3.12/site-packages/twisted/internet/defer.py:984:_startRunCallbacks
--- <exception caught here> ---
/home/TacoPants/projects/Ayumi/.venv/lib/python3.12/site-packages/twisted/internet/defer.py:1078:_runCallbacks
/home/TacoPants/projects/Ayumi/.venv/lib/python3.12/site-packages/twisted/internet/defer.py:809:convertCancelled
/home/TacoPants/projects/Ayumi/.venv/lib/python3.12/site-packages/twisted/internet/defer.py:293:_cancelledToTimedOutError
]
2026-05-20 16:03:46 | ERROR    | ayumi.openapi_spot_feed | Application auth failed
2026-05-20 16:03:46 | ERROR    | ayumi.forward_test | Failed to start market data feed
2026-05-20 16:03:46 | ERROR    | ayumi.blend_launcher | Engine failed to start — FIX connection likely rejected. Check console output for details.
2026-05-20 16:03:46 | ERROR    | ayumi.blend_launcher | Verify: CTRADER_ACCOUNT, CTRADER_PASSWORD, CTRADER_HOST, CTRADER_READONLY_SSL_PORT in .env
2026-05-20 16:03:46 | INFO     | ayumi.risk | Saved risk state to data/risk_state_blend.json
2026-05-20 16:03:46 | INFO     | ayumi.forward_test | BlendForwardTestRunner stopped — balance=$10000.00
2026-05-20 16:03:46 | INFO     | ayumi.pid_guard | PID file /home/TacoPants/projects/Ayumi/data/forward_test.pid removed
2026-05-20 16:04:11 | INFO     | ayumi.pid_guard | PID 4153984 written to /home/TacoPants/projects/Ayumi/data/forward_test.pid
2026-05-20 16:04:11 | INFO     | ayumi.blend_launcher | === Ayumi Multi-Strategy Forward Test (Blend Pipeline) ===
2026-05-20 16:04:11 | INFO     | ayumi.blend_launcher | Symbols: ['GBPUSD', 'USDJPY']
2026-05-20 16:04:13 | WARNING  | ayumi.blend_launcher | Could not fetch symbol list from OpenAPI: 'CTraderOpenApiClient' object has no attribute 'get_symbols' — using static mapping
2026-05-20 16:04:13 | INFO     | ayumi.blend_launcher | Fetching 100 H1 bars for GBPUSD (id=2)...
2026-05-20 16:04:15 | INFO     | ayumi.blend_launcher | Fetched 99 H1 bars for GBPUSD
2026-05-20 16:04:15 | INFO     | ayumi.blend_launcher | Fetching 200 M15 bars for GBPUSD (id=2)...
2026-05-20 16:04:16 | INFO     | ayumi.blend_launcher | Fetched 199 M15 bars for GBPUSD
2026-05-20 16:04:16 | INFO     | ayumi.blend_launcher | Fetching 100 H1 bars for USDJPY (id=4)...
2026-05-20 16:04:18 | INFO     | ayumi.blend_launcher | Fetched 99 H1 bars for USDJPY
2026-05-20 16:04:18 | INFO     | ayumi.blend_launcher | Fetching 200 M15 bars for USDJPY (id=4)...
2026-05-20 16:04:19 | INFO     | ayumi.blend_launcher | Fetched 199 M15 bars for USDJPY
2026-05-20 16:04:19 | INFO     | ayumi.blend_launcher | Registered 8 strategies: ['SRMR+', 'Killzone Momentum', 'Donchian Channel Breakout', 'Session-Range Mean Reversion', 'BB+RSI Mean Reversion', 'Session Breakout London', 'Session Breakout NY', 'Session Breakout Asian']
2026-05-20 16:04:19 | INFO     | ayumi.blend_launcher | All strategy .name properties verified against maps
2026-05-20 16:04:19 | ERROR    | ayumi.risk | Corrupt state file data/risk_state_blend.json: [Errno 13] Permission denied: 'data/risk_state_blend.json'
2026-05-20 16:04:19 | INFO     | ayumi.forward_test | BlendForwardTestRunner started — balance=$10000.00
2026-05-20 16:04:19 | INFO     | ayumi.forward_test | Preloaded 99 bars into key 'GBPUSD:60'
2026-05-20 16:04:19 | INFO     | ayumi.blend_launcher | Preloaded 99 60min bars for GBPUSD into engine
2026-05-20 16:04:19 | INFO     | ayumi.forward_test | Preloaded 199 bars into key 'GBPUSD:15'
2026-05-20 16:04:19 | INFO     | ayumi.blend_launcher | Preloaded 199 15min bars for GBPUSD into engine
2026-05-20 16:04:19 | INFO     | ayumi.forward_test | Preloaded 99 bars into key 'USDJPY:60'
2026-05-20 16:04:19 | INFO     | ayumi.blend_launcher | Preloaded 99 60min bars for USDJPY into engine
2026-05-20 16:04:19 | INFO     | ayumi.forward_test | Preloaded 199 bars into key 'USDJPY:15'
2026-05-20 16:04:19 | INFO     | ayumi.blend_launcher | Preloaded 199 15min bars for USDJPY into engine
2026-05-20 16:04:19 | INFO     | ayumi.blend_launcher | === STARTING MULTI-STRATEGY FORWARD TEST ===
2026-05-20 16:04:19 | INFO     | ayumi.blend_launcher | Pipeline: SRMR+ + Killzone + Momentum + SessionRangeMR → Correlation Gate → Blend Runner → Paper
2026-05-20 16:04:19 | INFO     | ayumi.blend_launcher | Startup diagnostic: strategies=['SRMR+', 'Killzone Momentum', 'Donchian Channel Breakout', 'Session-Range Mean Reversion', 'BB+RSI Mean Reversion', 'Session Breakout London', 'Session Breakout NY', 'Session Breakout Asian']
2026-05-20 16:04:19 | INFO     | ayumi.blend_launcher | Startup diagnostic: symbols=['GBPUSD', 'USDJPY']
2026-05-20 16:04:19 | INFO     | ayumi.blend_launcher | Startup diagnostic: bar_period=60m, min_confidence=0.50
2026-05-20 16:04:19 | INFO     | ayumi.blend_launcher | Startup diagnostic: strategy_timeframes={'SRMR+': 60, 'Killzone Momentum': 15, 'Donchian Channel Breakout': 15, 'Session-Range Mean Reversion': 60, 'BB+RSI Mean Reversion': 60, 'Session Breakout London': 15, 'Session Breakout NY': 15, 'Session Breakout Asian': 15}
2026-05-20 16:04:19 | WARNING  | ayumi.forward_test | Credential validation: sender_comp_id is empty — may cause FIX logon failure
2026-05-20 16:04:19 | INFO     | ayumi.forward_test | OpenApiLiveClient constructed for live_mode
2026-05-20 16:04:19 | INFO     | ayumi.openapi_spot_feed | Connected to demo.ctraderapi.com:5035
2026-05-20 16:04:19 | INFO     | ayumi.openapi_spot_feed | Reconnect restore: starting re-authentication...
2026-05-20 16:04:20 | INFO     | ayumi.openapi_spot_feed | Application authenticated
2026-05-20 16:04:21 | INFO     | ayumi.openapi_spot_feed | No token lifetime from server — defaulting to 86400s
2026-05-20 16:04:21 | INFO     | ayumi.openapi_spot_feed | Scheduling proactive token refresh in 69120s (token lifetime=86400s)
2026-05-20 16:04:21 | INFO     | ayumi.openapi_spot_feed | Account authenticated
2026-05-20 16:04:21 | INFO     | ayumi.openapi_spot_feed | Requesting symbol list for account 46877902
2026-05-20 16:04:22 | INFO     | ayumi.openapi_spot_feed | Loaded 830 symbol name mappings from API
2026-05-20 16:04:22 | INFO     | ayumi.openapi_spot_feed | Pre-fetching details for GBPUSD (id=2)
2026-05-20 16:04:23 | INFO     | ayumi.openapi_spot_feed | Fetched symbol details: id=2 digits=5
2026-05-20 16:04:23 | INFO     | ayumi.openapi_spot_feed | Pre-fetching details for USDJPY (id=4)
2026-05-20 16:04:24 | INFO     | ayumi.openapi_spot_feed | Fetched symbol details: id=4 digits=3
2026-05-20 16:04:24 | INFO     | ayumi.openapi_spot_feed | Subscribed to spot events for symbol_id=2
2026-05-20 16:04:24 | INFO     | ayumi.openapi_spot_feed | Subscribed to spot events for symbol_id=4
2026-05-20 16:04:24 | INFO     | ayumi.openapi_spot_feed | OpenApiSpotFeed started: account=46877902 symbols_loaded=2
2026-05-20 16:04:24 | INFO     | ayumi.forward_test | Open API spot feed connected for ['GBPUSD', 'USDJPY']
2026-05-20 16:04:24 | INFO     | ayumi.openapi_live_client | [OpenApiLiveClient] Symbol map set: 830 entries
2026-05-20 16:04:24 | INFO     | ayumi.openapi_live_client | [OpenApiLiveClient] Riding on spot feed's authenticated connection
2026-05-20 16:04:24 | INFO     | ayumi.forward_test | OpenApiLiveClient connected — live mode active
2026-05-20 16:04:24 | INFO     | ayumi.forward_test | Skipping preload for GBPUSD 60m — already has 99 bars
2026-05-20 16:04:24 | INFO     | ayumi.forward_test | Skipping preload for GBPUSD 15m — already has 199 bars
2026-05-20 16:04:24 | INFO     | ayumi.forward_test | Skipping preload for USDJPY 60m — already has 99 bars
2026-05-20 16:04:24 | INFO     | ayumi.forward_test | Skipping preload for USDJPY 15m — already has 199 bars
2026-05-20 16:04:24 | INFO     | ayumi.forward_test | Bar preloading complete
2026-05-20 16:04:24 | INFO     | ayumi.forward_test | Forward test started: symbols=['GBPUSD', 'USDJPY'] strategies=['SRMR+', 'Killzone Momentum', 'Donchian Channel Breakout', 'Session-Range Mean Reversion', 'BB+RSI Mean Reversion', 'Session Breakout London', 'Session Breakout NY', 'Session Breakout Asian'] mode=LIVE eval_interval=1.0s bar_period=60m
2026-05-20 16:04:24 | INFO     | ayumi.forward_test | [B5 Startup] Strategy list: ['SRMR+', 'Killzone Momentum', 'Donchian Channel Breakout', 'Session-Range Mean Reversion', 'BB+RSI Mean Reversion', 'Session Breakout London', 'Session Breakout NY', 'Session Breakout Asian']
2026-05-20 16:04:24 | INFO     | ayumi.forward_test | [B5 Startup] Symbols: ['GBPUSD', 'USDJPY']
2026-05-20 16:04:24 | INFO     | ayumi.forward_test | [B5 Startup] Bar period: 60m
2026-05-20 16:04:24 | INFO     | ayumi.forward_test | [B5 Startup] Min confidence: 0.50
2026-05-20 16:04:24 | INFO     | ayumi.forward_test | [B5 Startup] Min bars for evaluation: 55
2026-05-20 16:04:24 | INFO     | ayumi.forward_test | [B5 Startup] Strategy timeframes: {'SRMR+': 60, 'Killzone Momentum': 15, 'Donchian Channel Breakout': 15, 'Session-Range Mean Reversion': 60, 'BB+RSI Mean Reversion': 60, 'Session Breakout London': 15, 'Session Breakout NY': 15, 'Session Breakout Asian': 15}
2026-05-20 16:04:24 | INFO     | ayumi.forward_test | [B5 Startup] Required timeframes: [15, 60]
2026-05-20 16:04:29 | ERROR    | ayumi.openapi_spot_feed | Send-and-wait failed: [Failure instance: Traceback: <class 'twisted.internet.defer.TimeoutError'>: (10, 'Deferred')
/home/TacoPants/projects/Ayumi/.venv/lib/python3.12/site-packages/twisted/internet/defer.py:798:timeItOut
/home/TacoPants/projects/Ayumi/.venv/lib/python3.12/site-packages/twisted/internet/defer.py:957:cancel
/home/TacoPants/projects/Ayumi/.venv/lib/python3.12/site-packages/twisted/internet/defer.py:916:errback
/home/TacoPants/projects/Ayumi/.venv/lib/python3.12/site-packages/twisted/internet/defer.py:984:_startRunCallbacks
--- <exception caught here> ---
/home/TacoPants/projects/Ayumi/.venv/lib/python3.12/site-packages/twisted/internet/defer.py:1078:_runCallbacks
/home/TacoPants/projects/Ayumi/.venv/lib/python3.12/site-packages/twisted/internet/defer.py:809:convertCancelled
/home/TacoPants/projects/Ayumi/.venv/lib/python3.12/site-packages/twisted/internet/defer.py:293:_cancelledToTimedOutError
]
2026-05-20 16:04:29 | ERROR    | ayumi.openapi_spot_feed | Reconnect restore: application auth failed
2026-05-20 16:04:32 | INFO     | ayumi.orchestrator | Adapted signal: strategy=session_breakout_ny symbol=GBPUSD dir=SHORT conf=0.90 entry=1.34488 sl=1.34775 sl_dist=0.002872
2026-05-20 16:04:32 | INFO     | ayumi.orchestrator | Signal received: strategy=session_breakout_ny symbol=GBPUSD direction=SHORT confidence=0.900
2026-05-20 16:04:32 | INFO     | ayumi.orchestrator | Routing: strategy=session_breakout_ny symbol=GBPUSD → profile=Profile.SNIPER
2026-05-20 16:04:32 | INFO     | ayumi.orchestrator | Signal accepted: strategy=session_breakout_ny symbol=GBPUSD lots=0.1700 risk=$50.00 sl=28.7pips
2026-05-20 16:04:32 | INFO     | ayumi.forward_test | Order accepted: GBPUSD SHORT 0.1700 lots risk=$50.00
2026-05-20 16:04:32 | INFO     | ayumi.blend_launcher | Signal accepted: session_breakout_ny short GBPUSD @ 1.34488 conf=0.90 lots=0.1700
2026-05-20 16:04:32 | ERROR    | ayumi.blend_launcher | Trade execution error: 'int' object has no attribute 'append'
Traceback (most recent call last):
  File "/home/TacoPants/projects/Ayumi/scripts/launch_blend_forward_test.py", line 337, in _route_signal
    exec_result = self._paper_trader.process_signal(
                  ^^^^^^^^^^^^^^^^^^^^^^^^^^^^^^^^^^
  File "/home/TacoPants/projects/Ayumi/src/forex-bot/adapters/ctrader/paper_trader.py", line 117, in process_signal
    trade_result = self._execute_order(
                   ^^^^^^^^^^^^^^^^^^^^
  File "/home/TacoPants/projects/Ayumi/src/forex-bot/adapters/ctrader/paper_trader.py", line 160, in _execute_order
    return self._order_manager.execute_live_order(
           ^^^^^^^^^^^^^^^^^^^^^^^^^^^^^^^^^^^^^^^
  File "/home/TacoPants/projects/Ayumi/src/forex-bot/adapters/ctrader/order_manager.py", line 283, in execute_live_order
    order = self._api_client.send_order(
            ^^^^^^^^^^^^^^^^^^^^^^^^^^^^
  File "/home/TacoPants/projects/Ayumi/src/forex-bot/adapters/ctrader/open_api_live_client.py", line 419, in send_order
    return self.send_market_order(
           ^^^^^^^^^^^^^^^^^^^^^^^
  File "/home/TacoPants/projects/Ayumi/src/forex-bot/adapters/ctrader/open_api_live_client.py", line 466, in send_market_order
    req.symbolId.append(symbol_id)
    ^^^^^^^^^^^^^^^^^^^
AttributeError: 'int' object has no attribute 'append'
2026-05-20 16:04:38 | WARNING  | ayumi.openapi_spot_feed | Disconnected: [Failure instance: Traceback (failure with no frames): <class 'twisted.internet.error.ConnectionDone'>: Connection was closed cleanly.
]
2026-05-20 16:04:46 | INFO     | ayumi.openapi_spot_feed | Connected to demo.ctraderapi.com:5035
2026-05-20 16:04:46 | INFO     | ayumi.openapi_spot_feed | Reconnect restore: starting re-authentication...
2026-05-20 16:04:47 | INFO     | ayumi.openapi_spot_feed | Account authenticated
2026-05-20 16:04:47 | INFO     | ayumi.openapi_spot_feed | Reconnect restore: application authenticated
2026-05-20 16:04:48 | INFO     | ayumi.openapi_spot_feed | Application authenticated
2026-05-20 16:04:48 | INFO     | ayumi.openapi_spot_feed | Reconnect restore: account authenticated
2026-05-20 16:04:48 | INFO     | ayumi.openapi_spot_feed | Reconnect restore: completed successfully
2026-05-20 16:05:24 | INFO     | ayumi.forward_test | [B5 Periodic] ticks=121 bars_built=0 signals=1 traded=1 eval_errors=0
2026-05-20 16:05:24 | WARNING  | ayumi.forward_test | [B5 Pipeline] 121 ticks received but 0 bars built — tick-to-bar conversion may be stalled
2026-05-20 16:05:24 | INFO     | ayumi.blend_launcher | [B5 Health] ticks=121 tps=2.21 bars=0 signals=1 trades=0 balance=10000.00 uptime=60s
2026-05-20 16:05:24 | WARNING  | ayumi.blend_launcher | [B5 Pipeline] Ticks received (121) but zero bars built — tick-to-bar pipeline may be stalled
2026-05-20 16:06:24 | INFO     | ayumi.forward_test | [B5 Periodic] ticks=242 bars_built=0 signals=1 traded=1 eval_errors=0
2026-05-20 16:06:24 | WARNING  | ayumi.forward_test | [B5 Pipeline] 242 ticks received but 0 bars built — tick-to-bar conversion may be stalled
2026-05-20 16:06:24 | INFO     | ayumi.blend_launcher | [B5 Health] ticks=242 tps=1.34 bars=0 signals=1 trades=0 balance=10000.00 uptime=120s
2026-05-20 16:06:24 | WARNING  | ayumi.blend_launcher | [B5 Pipeline] Ticks received (242) but zero bars built — tick-to-bar pipeline may be stalled
2026-05-20 16:07:24 | INFO     | ayumi.forward_test | [B5 Periodic] ticks=377 bars_built=0 signals=1 traded=1 eval_errors=0
2026-05-20 16:07:24 | WARNING  | ayumi.forward_test | [B5 Pipeline] 377 ticks received but 0 bars built — tick-to-bar conversion may be stalled
2026-05-20 16:07:24 | INFO     | ayumi.blend_launcher | [B5 Health] ticks=377 tps=2.48 bars=0 signals=1 trades=0 balance=10000.00 uptime=180s
2026-05-20 16:07:24 | WARNING  | ayumi.blend_launcher | [B5 Pipeline] Ticks received (377) but zero bars built — tick-to-bar pipeline may be stalled
2026-05-20 16:08:24 | INFO     | ayumi.forward_test | [B5 Periodic] ticks=541 bars_built=0 signals=1 traded=1 eval_errors=0
2026-05-20 16:08:24 | WARNING  | ayumi.forward_test | [B5 Pipeline] 541 ticks received but 0 bars built — tick-to-bar conversion may be stalled
2026-05-20 16:08:24 | INFO     | ayumi.blend_launcher | [B5 Health] ticks=541 tps=3.41 bars=0 signals=1 trades=0 balance=10000.00 uptime=240s
2026-05-20 16:08:24 | WARNING  | ayumi.blend_launcher | [B5 Pipeline] Ticks received (541) but zero bars built — tick-to-bar pipeline may be stalled
2026-05-20 16:09:24 | INFO     | ayumi.forward_test | [B5 Periodic] ticks=711 bars_built=0 signals=1 traded=1 eval_errors=0
2026-05-20 16:09:24 | WARNING  | ayumi.forward_test | [B5 Pipeline] 711 ticks received but 0 bars built — tick-to-bar conversion may be stalled
2026-05-20 16:09:24 | INFO     | ayumi.blend_launcher | [B5 Health] ticks=711 tps=3.11 bars=0 signals=1 trades=0 balance=10000.00 uptime=300s
2026-05-20 16:09:24 | WARNING  | ayumi.blend_launcher | [B5 Pipeline] Ticks received (711) but zero bars built — tick-to-bar pipeline may be stalled
2026-05-20 16:10:24 | INFO     | ayumi.forward_test | [B5 Periodic] ticks=842 bars_built=0 signals=1 traded=1 eval_errors=0
2026-05-20 16:10:24 | WARNING  | ayumi.forward_test | [B5 Pipeline] 842 ticks received but 0 bars built — tick-to-bar conversion may be stalled
2026-05-20 16:10:24 | INFO     | ayumi.blend_launcher | [B5 Health] ticks=842 tps=2.10 bars=0 signals=1 trades=0 balance=10000.00 uptime=360s
2026-05-20 16:10:24 | WARNING  | ayumi.blend_launcher | [B5 Pipeline] Ticks received (842) but zero bars built — tick-to-bar pipeline may be stalled
2026-05-20 16:11:24 | INFO     | ayumi.forward_test | [B5 Periodic] ticks=956 bars_built=0 signals=1 traded=1 eval_errors=0
2026-05-20 16:11:24 | WARNING  | ayumi.forward_test | [B5 Pipeline] 956 ticks received but 0 bars built — tick-to-bar conversion may be stalled
2026-05-20 16:11:24 | INFO     | ayumi.blend_launcher | [B5 Health] ticks=956 tps=2.53 bars=0 signals=1 trades=0 balance=10000.00 uptime=420s
2026-05-20 16:11:24 | WARNING  | ayumi.blend_launcher | [B5 Pipeline] Ticks received (956) but zero bars built — tick-to-bar pipeline may be stalled
2026-05-20 16:12:24 | INFO     | ayumi.forward_test | [B5 Periodic] ticks=1054 bars_built=0 signals=1 traded=1 eval_errors=0
2026-05-20 16:12:24 | WARNING  | ayumi.forward_test | [B5 Pipeline] 1054 ticks received but 0 bars built — tick-to-bar conversion may be stalled
2026-05-20 16:12:24 | INFO     | ayumi.blend_launcher | [B5 Health] ticks=1054 tps=2.45 bars=0 signals=1 trades=0 balance=10000.00 uptime=480s
2026-05-20 16:12:24 | WARNING  | ayumi.blend_launcher | [B5 Pipeline] Ticks received (1054) but zero bars built — tick-to-bar pipeline may be stalled
2026-05-20 16:13:24 | INFO     | ayumi.forward_test | [B5 Periodic] ticks=1195 bars_built=0 signals=1 traded=1 eval_errors=0
2026-05-20 16:13:24 | WARNING  | ayumi.forward_test | [B5 Pipeline] 1195 ticks received but 0 bars built — tick-to-bar conversion may be stalled
2026-05-20 16:13:24 | INFO     | ayumi.blend_launcher | [B5 Health] ticks=1195 tps=1.83 bars=0 signals=1 trades=0 balance=10000.00 uptime=540s
2026-05-20 16:13:24 | WARNING  | ayumi.blend_launcher | [B5 Pipeline] Ticks received (1195) but zero bars built — tick-to-bar pipeline may be stalled
2026-05-20 16:13:56 | INFO     | ayumi.forward_test | Shutdown signal received (sig=15)
2026-05-20 16:13:56 | INFO     | ayumi.openapi_spot_feed | Unsubscribed from spot events for symbol_id=2
2026-05-20 16:13:56 | INFO     | ayumi.openapi_spot_feed | Unsubscribed from spot events for symbol_id=4
2026-05-20 16:13:56 | INFO     | ayumi.openapi_spot_feed | OpenApiSpotFeed stopped
2026-05-20 16:13:56 | INFO     | ayumi.openapi_live_client | [OpenApiLiveClient] Disconnected
2026-05-20 16:13:56 | INFO     | ayumi.forward_test | Forward test stopped: balance=10000.00 trades=0 pnl=0.00 errors=0 reconnects=0
2026-05-20 16:13:56 | WARNING  | ayumi.openapi_spot_feed | Disconnected: [Failure instance: Traceback (failure with no frames): <class 'twisted.internet.error.ConnectionDone'>: Connection was closed cleanly.
]
2026-05-20 16:14:24 | INFO     | ayumi.blend_launcher | [B5 Health] ticks=1250 tps=2.24 bars=4 signals=1 trades=0 balance=10000.00 uptime=600s
2026-05-20 16:15:24 | INFO     | ayumi.blend_launcher | [B5 Health] ticks=1250 tps=2.24 bars=4 signals=1 trades=0 balance=10000.00 uptime=660s
2026-05-20 16:15:28 | INFO     | ayumi.pid_guard | PID 4156147 written to /home/TacoPants/projects/Ayumi/data/forward_test.pid
2026-05-20 16:15:28 | INFO     | ayumi.blend_launcher | === Ayumi Multi-Strategy Forward Test (Blend Pipeline) ===
2026-05-20 16:15:28 | INFO     | ayumi.blend_launcher | Symbols: ['GBPUSD', 'USDJPY']
2026-05-20 16:15:30 | WARNING  | ayumi.blend_launcher | Could not fetch symbol list from OpenAPI: 'CTraderOpenApiClient' object has no attribute 'get_symbols' — using static mapping
2026-05-20 16:15:30 | INFO     | ayumi.blend_launcher | Fetching 100 H1 bars for GBPUSD (id=2)...
2026-05-20 16:15:32 | INFO     | ayumi.blend_launcher | Fetched 99 H1 bars for GBPUSD
2026-05-20 16:15:32 | INFO     | ayumi.blend_launcher | Fetching 200 M15 bars for GBPUSD (id=2)...
2026-05-20 16:15:33 | INFO     | ayumi.blend_launcher | Fetched 199 M15 bars for GBPUSD
2026-05-20 16:15:33 | INFO     | ayumi.blend_launcher | Fetching 100 H1 bars for USDJPY (id=4)...
2026-05-20 16:15:35 | INFO     | ayumi.blend_launcher | Fetched 99 H1 bars for USDJPY
2026-05-20 16:15:35 | INFO     | ayumi.blend_launcher | Fetching 200 M15 bars for USDJPY (id=4)...
2026-05-20 16:15:36 | INFO     | ayumi.blend_launcher | Fetched 199 M15 bars for USDJPY
2026-05-20 16:15:36 | INFO     | ayumi.blend_launcher | Registered 8 strategies: ['SRMR+', 'Killzone Momentum', 'Donchian Channel Breakout', 'Session-Range Mean Reversion', 'BB+RSI Mean Reversion', 'Session Breakout London', 'Session Breakout NY', 'Session Breakout Asian']
2026-05-20 16:15:36 | INFO     | ayumi.blend_launcher | All strategy .name properties verified against maps
2026-05-20 16:15:36 | ERROR    | ayumi.risk | Corrupt state file data/risk_state_blend.json: [Errno 13] Permission denied: 'data/risk_state_blend.json'
2026-05-20 16:15:36 | INFO     | ayumi.forward_test | BlendForwardTestRunner started — balance=$10000.00
2026-05-20 16:15:36 | INFO     | ayumi.forward_test | Preloaded 99 bars into key 'GBPUSD:60'
2026-05-20 16:15:36 | INFO     | ayumi.blend_launcher | Preloaded 99 60min bars for GBPUSD into engine
2026-05-20 16:15:36 | INFO     | ayumi.forward_test | Preloaded 199 bars into key 'GBPUSD:15'
2026-05-20 16:15:36 | INFO     | ayumi.blend_launcher | Preloaded 199 15min bars for GBPUSD into engine
2026-05-20 16:15:36 | INFO     | ayumi.forward_test | Preloaded 99 bars into key 'USDJPY:60'
2026-05-20 16:15:36 | INFO     | ayumi.blend_launcher | Preloaded 99 60min bars for USDJPY into engine
2026-05-20 16:15:36 | INFO     | ayumi.forward_test | Preloaded 199 bars into key 'USDJPY:15'
2026-05-20 16:15:36 | INFO     | ayumi.blend_launcher | Preloaded 199 15min bars for USDJPY into engine
2026-05-20 16:15:36 | INFO     | ayumi.blend_launcher | === STARTING MULTI-STRATEGY FORWARD TEST ===
2026-05-20 16:15:36 | INFO     | ayumi.blend_launcher | Pipeline: SRMR+ + Killzone + Momentum + SessionRangeMR → Correlation Gate → Blend Runner → Paper
2026-05-20 16:15:36 | INFO     | ayumi.blend_launcher | Startup diagnostic: strategies=['SRMR+', 'Killzone Momentum', 'Donchian Channel Breakout', 'Session-Range Mean Reversion', 'BB+RSI Mean Reversion', 'Session Breakout London', 'Session Breakout NY', 'Session Breakout Asian']
2026-05-20 16:15:36 | INFO     | ayumi.blend_launcher | Startup diagnostic: symbols=['GBPUSD', 'USDJPY']
2026-05-20 16:15:36 | INFO     | ayumi.blend_launcher | Startup diagnostic: bar_period=60m, min_confidence=0.50
2026-05-20 16:15:36 | INFO     | ayumi.blend_launcher | Startup diagnostic: strategy_timeframes={'SRMR+': 60, 'Killzone Momentum': 15, 'Donchian Channel Breakout': 15, 'Session-Range Mean Reversion': 60, 'BB+RSI Mean Reversion': 60, 'Session Breakout London': 15, 'Session Breakout NY': 15, 'Session Breakout Asian': 15}
2026-05-20 16:15:36 | WARNING  | ayumi.forward_test | Credential validation: sender_comp_id is empty — may cause FIX logon failure
2026-05-20 16:15:36 | INFO     | ayumi.forward_test | OpenApiLiveClient constructed for live_mode
2026-05-20 16:15:36 | INFO     | ayumi.openapi_spot_feed | Connected to demo.ctraderapi.com:5035
2026-05-20 16:15:36 | INFO     | ayumi.openapi_spot_feed | Reconnect restore: starting re-authentication...
2026-05-20 16:15:37 | INFO     | ayumi.openapi_spot_feed | Application authenticated
2026-05-20 16:15:38 | INFO     | ayumi.openapi_spot_feed | No token lifetime from server — defaulting to 86400s
2026-05-20 16:15:38 | INFO     | ayumi.openapi_spot_feed | Scheduling proactive token refresh in 69120s (token lifetime=86400s)
2026-05-20 16:15:38 | INFO     | ayumi.openapi_spot_feed | Account authenticated
2026-05-20 16:15:38 | INFO     | ayumi.openapi_spot_feed | Requesting symbol list for account 46877902
2026-05-20 16:15:39 | INFO     | ayumi.openapi_spot_feed | Loaded 830 symbol name mappings from API
2026-05-20 16:15:39 | INFO     | ayumi.openapi_spot_feed | Pre-fetching details for GBPUSD (id=2)
2026-05-20 16:15:40 | INFO     | ayumi.openapi_spot_feed | Fetched symbol details: id=2 digits=5
2026-05-20 16:15:40 | INFO     | ayumi.openapi_spot_feed | Pre-fetching details for USDJPY (id=4)
2026-05-20 16:15:41 | INFO     | ayumi.openapi_spot_feed | Fetched symbol details: id=4 digits=3
2026-05-20 16:15:41 | INFO     | ayumi.openapi_spot_feed | Subscribed to spot events for symbol_id=2
2026-05-20 16:15:41 | INFO     | ayumi.openapi_spot_feed | Subscribed to spot events for symbol_id=4
2026-05-20 16:15:41 | INFO     | ayumi.openapi_spot_feed | OpenApiSpotFeed started: account=46877902 symbols_loaded=2
2026-05-20 16:15:41 | INFO     | ayumi.forward_test | Open API spot feed connected for ['GBPUSD', 'USDJPY']
2026-05-20 16:15:41 | INFO     | ayumi.openapi_live_client | [OpenApiLiveClient] Symbol map set: 830 entries
2026-05-20 16:15:41 | INFO     | ayumi.openapi_live_client | [OpenApiLiveClient] Riding on spot feed's authenticated connection
2026-05-20 16:15:41 | INFO     | ayumi.forward_test | OpenApiLiveClient connected — live mode active
2026-05-20 16:15:41 | INFO     | ayumi.forward_test | Skipping preload for GBPUSD 60m — already has 99 bars
2026-05-20 16:15:41 | INFO     | ayumi.forward_test | Skipping preload for GBPUSD 15m — already has 199 bars
2026-05-20 16:15:41 | INFO     | ayumi.forward_test | Skipping preload for USDJPY 60m — already has 99 bars
2026-05-20 16:15:41 | INFO     | ayumi.forward_test | Skipping preload for USDJPY 15m — already has 199 bars
2026-05-20 16:15:41 | INFO     | ayumi.forward_test | Bar preloading complete
2026-05-20 16:15:41 | INFO     | ayumi.forward_test | Forward test started: symbols=['GBPUSD', 'USDJPY'] strategies=['SRMR+', 'Killzone Momentum', 'Donchian Channel Breakout', 'Session-Range Mean Reversion', 'BB+RSI Mean Reversion', 'Session Breakout London', 'Session Breakout NY', 'Session Breakout Asian'] mode=LIVE eval_interval=1.0s bar_period=60m
2026-05-20 16:15:41 | INFO     | ayumi.forward_test | [B5 Startup] Strategy list: ['SRMR+', 'Killzone Momentum', 'Donchian Channel Breakout', 'Session-Range Mean Reversion', 'BB+RSI Mean Reversion', 'Session Breakout London', 'Session Breakout NY', 'Session Breakout Asian']
2026-05-20 16:15:41 | INFO     | ayumi.forward_test | [B5 Startup] Symbols: ['GBPUSD', 'USDJPY']
2026-05-20 16:15:41 | INFO     | ayumi.forward_test | [B5 Startup] Bar period: 60m
2026-05-20 16:15:41 | INFO     | ayumi.forward_test | [B5 Startup] Min confidence: 0.50
2026-05-20 16:15:41 | INFO     | ayumi.forward_test | [B5 Startup] Min bars for evaluation: 55
2026-05-20 16:15:41 | INFO     | ayumi.forward_test | [B5 Startup] Strategy timeframes: {'SRMR+': 60, 'Killzone Momentum': 15, 'Donchian Channel Breakout': 15, 'Session-Range Mean Reversion': 60, 'BB+RSI Mean Reversion': 60, 'Session Breakout London': 15, 'Session Breakout NY': 15, 'Session Breakout Asian': 15}
2026-05-20 16:15:41 | INFO     | ayumi.forward_test | [B5 Startup] Required timeframes: [15, 60]
2026-05-20 16:15:42 | INFO     | ayumi.orchestrator | Adapted signal: strategy=session_breakout_ny symbol=GBPUSD dir=LONG conf=0.90 entry=1.34478 sl=1.34191 sl_dist=0.002866
2026-05-20 16:15:42 | INFO     | ayumi.orchestrator | Signal received: strategy=session_breakout_ny symbol=GBPUSD direction=LONG confidence=0.900
2026-05-20 16:15:42 | INFO     | ayumi.orchestrator | Routing: strategy=session_breakout_ny symbol=GBPUSD → profile=Profile.SNIPER
2026-05-20 16:15:42 | INFO     | ayumi.orchestrator | Signal accepted: strategy=session_breakout_ny symbol=GBPUSD lots=0.1700 risk=$50.00 sl=28.7pips
2026-05-20 16:15:42 | INFO     | ayumi.forward_test | Order accepted: GBPUSD LONG 0.1700 lots risk=$50.00
2026-05-20 16:15:42 | INFO     | ayumi.blend_launcher | Signal accepted: session_breakout_ny long GBPUSD @ 1.34478 conf=0.90 lots=0.1700
2026-05-20 16:15:42 | ERROR    | ayumi.blend_launcher | Trade execution error: 'int' object has no attribute 'append'
Traceback (most recent call last):
  File "/home/TacoPants/projects/Ayumi/scripts/launch_blend_forward_test.py", line 337, in _route_signal
    exec_result = self._paper_trader.process_signal(
                  ^^^^^^^^^^^^^^^^^^^^^^^^^^^^^^^^^^
  File "/home/TacoPants/projects/Ayumi/src/forex-bot/adapters/ctrader/paper_trader.py", line 117, in process_signal
    trade_result = self._execute_order(
                   ^^^^^^^^^^^^^^^^^^^^
  File "/home/TacoPants/projects/Ayumi/src/forex-bot/adapters/ctrader/paper_trader.py", line 160, in _execute_order
    return self._order_manager.execute_live_order(
           ^^^^^^^^^^^^^^^^^^^^^^^^^^^^^^^^^^^^^^^
  File "/home/TacoPants/projects/Ayumi/src/forex-bot/adapters/ctrader/order_manager.py", line 283, in execute_live_order
    order = self._api_client.send_order(
            ^^^^^^^^^^^^^^^^^^^^^^^^^^^^
  File "/home/TacoPants/projects/Ayumi/src/forex-bot/adapters/ctrader/open_api_live_client.py", line 419, in send_order
    return self.send_market_order(
           ^^^^^^^^^^^^^^^^^^^^^^^
  File "/home/TacoPants/projects/Ayumi/src/forex-bot/adapters/ctrader/open_api_live_client.py", line 466, in send_market_order
    req.symbolId.append(symbol_id)
    ^^^^^^^^^^^^^^^^^^^
AttributeError: 'int' object has no attribute 'append'
2026-05-20 16:15:46 | ERROR    | ayumi.openapi_spot_feed | Send-and-wait failed: [Failure instance: Traceback: <class 'twisted.internet.defer.TimeoutError'>: (10, 'Deferred')
/home/TacoPants/projects/Ayumi/.venv/lib/python3.12/site-packages/twisted/internet/defer.py:798:timeItOut
/home/TacoPants/projects/Ayumi/.venv/lib/python3.12/site-packages/twisted/internet/defer.py:957:cancel
/home/TacoPants/projects/Ayumi/.venv/lib/python3.12/site-packages/twisted/internet/defer.py:916:errback
/home/TacoPants/projects/Ayumi/.venv/lib/python3.12/site-packages/twisted/internet/defer.py:984:_startRunCallbacks
--- <exception caught here> ---
/home/TacoPants/projects/Ayumi/.venv/lib/python3.12/site-packages/twisted/internet/defer.py:1078:_runCallbacks
/home/TacoPants/projects/Ayumi/.venv/lib/python3.12/site-packages/twisted/internet/defer.py:809:convertCancelled
/home/TacoPants/projects/Ayumi/.venv/lib/python3.12/site-packages/twisted/internet/defer.py:293:_cancelledToTimedOutError
]
2026-05-20 16:15:46 | ERROR    | ayumi.openapi_spot_feed | Reconnect restore: application auth failed
2026-05-20 16:16:41 | INFO     | ayumi.forward_test | [B5 Periodic] ticks=121 bars_built=0 signals=1 traded=1 eval_errors=0
2026-05-20 16:16:41 | WARNING  | ayumi.forward_test | [B5 Pipeline] 121 ticks received but 0 bars built — tick-to-bar conversion may be stalled
2026-05-20 16:16:41 | INFO     | ayumi.blend_launcher | [B5 Health] ticks=121 tps=2.24 bars=0 signals=1 trades=0 balance=10000.00 uptime=60s
2026-05-20 16:16:41 | WARNING  | ayumi.blend_launcher | [B5 Pipeline] Ticks received (121) but zero bars built — tick-to-bar pipeline may be stalled
