2026-04-27 00:32:41 | INFO     | ayumi.blend_launcher | === Ayumi Multi-Strategy Forward Test (Blend Pipeline) ===
2026-04-27 00:32:44 | INFO     | ayumi.blend_launcher | Fetching 100 H1 bars (symbol_id=2) from OpenAPI...
2026-04-27 00:32:46 | INFO     | ayumi.blend_launcher | Fetched 99 bars
2026-04-27 00:32:46 | INFO     | ayumi.blend_launcher | Registered 3 strategies: ['SRMR+', 'Killzone Momentum', 'Donchian Channel Breakout']
2026-04-27 00:32:46 | WARNING  | ayumi.risk | No state file at data/risk_state_blend.json — starting fresh
2026-04-27 00:32:46 | INFO     | ayumi.forward_test | BlendForwardTestRunner started — balance=$100000.00
2026-04-27 00:32:46 | INFO     | ayumi.blend_launcher | Preloaded 99 H1 bars into engine._bars['GBPUSD']
2026-04-27 00:32:46 | INFO     | ayumi.blend_launcher | === STARTING MULTI-STRATEGY FORWARD TEST ===
2026-04-27 00:32:46 | INFO     | ayumi.blend_launcher | Pipeline: SRMR+ + Killzone + Momentum → Correlation Gate → Blend Runner → Paper
2026-04-27 06:13:34 | INFO     | ayumi.blend_launcher | === Ayumi Multi-Strategy Forward Test (Blend Pipeline) ===
2026-04-27 06:13:37 | INFO     | ayumi.blend_launcher | Fetching 100 H1 bars (symbol_id=2) from OpenAPI...
2026-04-27 06:13:39 | INFO     | ayumi.blend_launcher | Fetched 99 bars
2026-04-27 06:13:39 | INFO     | ayumi.blend_launcher | Registered 3 strategies: ['SRMR+', 'Killzone Momentum', 'Donchian Channel Breakout']
2026-04-27 06:13:39 | WARNING  | ayumi.risk | No state file at data/risk_state_blend.json — starting fresh
2026-04-27 06:13:39 | INFO     | ayumi.forward_test | BlendForwardTestRunner started — balance=$100000.00
2026-04-27 06:13:39 | INFO     | ayumi.blend_launcher | Preloaded 99 H1 bars into engine._bars['GBPUSD']
2026-04-27 06:13:39 | INFO     | ayumi.blend_launcher | === STARTING MULTI-STRATEGY FORWARD TEST ===
2026-04-27 06:13:39 | INFO     | ayumi.blend_launcher | Pipeline: SRMR+ + Killzone + Momentum → Correlation Gate → Blend Runner → Paper
2026-04-27 11:26:01 | INFO     | ayumi.blend_launcher | === Ayumi Multi-Strategy Forward Test (Blend Pipeline) ===
2026-04-27 11:26:04 | INFO     | ayumi.blend_launcher | Fetching 100 H1 bars (symbol_id=2) from OpenAPI...
2026-04-27 11:26:06 | INFO     | ayumi.blend_launcher | Fetched 99 bars
2026-04-27 11:26:06 | INFO     | ayumi.blend_launcher | Registered 3 strategies: ['SRMR+', 'Killzone Momentum', 'Donchian Channel Breakout']
2026-04-27 11:26:06 | WARNING  | ayumi.risk | No state file at data/risk_state_blend.json — starting fresh
2026-04-27 11:26:06 | INFO     | ayumi.forward_test | BlendForwardTestRunner started — balance=$100000.00
2026-04-27 11:26:06 | INFO     | ayumi.blend_launcher | Preloaded 99 H1 bars into engine._bars['GBPUSD']
2026-04-27 11:26:06 | INFO     | ayumi.blend_launcher | === STARTING MULTI-STRATEGY FORWARD TEST ===
2026-04-27 11:26:06 | INFO     | ayumi.blend_launcher | Pipeline: SRMR+ + Killzone + Momentum → Correlation Gate → Blend Runner → Paper
2026-04-27 11:27:28 | INFO     | ayumi.blend_launcher | === Ayumi Multi-Strategy Forward Test (Blend Pipeline) ===
2026-04-27 11:27:31 | INFO     | ayumi.blend_launcher | Fetching 100 H1 bars (symbol_id=2) from OpenAPI...
2026-04-27 11:27:33 | INFO     | ayumi.blend_launcher | Fetched 99 bars
2026-04-27 11:27:33 | INFO     | ayumi.blend_launcher | Registered 3 strategies: ['SRMR+', 'Killzone Momentum', 'Donchian Channel Breakout']
2026-04-27 11:27:33 | WARNING  | ayumi.risk | No state file at data/risk_state_blend.json — starting fresh
2026-04-27 11:27:33 | INFO     | ayumi.forward_test | BlendForwardTestRunner started — balance=$100000.00
2026-04-27 11:27:33 | INFO     | ayumi.blend_launcher | Preloaded 99 H1 bars into engine._bars['GBPUSD']
2026-04-27 11:27:33 | INFO     | ayumi.blend_launcher | === STARTING MULTI-STRATEGY FORWARD TEST ===
2026-04-27 11:27:33 | INFO     | ayumi.blend_launcher | Pipeline: SRMR+ + Killzone + Momentum → Correlation Gate → Blend Runner → Paper
2026-04-27 16:01:43 | INFO     | ayumi.blend_launcher | === Ayumi Multi-Strategy Forward Test (Blend Pipeline) ===
2026-04-27 16:01:45 | INFO     | ayumi.blend_launcher | Fetching 100 H1 bars (symbol_id=2) from OpenAPI...
2026-04-27 16:01:47 | INFO     | ayumi.blend_launcher | Fetched 99 bars
2026-04-27 16:01:47 | INFO     | ayumi.blend_launcher | Registered 3 strategies: ['SRMR+', 'Killzone Momentum', 'Donchian Channel Breakout']
2026-04-27 16:01:47 | WARNING  | ayumi.risk | No state file at data/risk_state_blend.json — starting fresh
2026-04-27 16:01:47 | INFO     | ayumi.forward_test | BlendForwardTestRunner started — balance=$100000.00
2026-04-27 16:01:47 | INFO     | ayumi.blend_launcher | Preloaded 99 H1 bars into engine._bars['GBPUSD']
2026-04-27 16:01:47 | INFO     | ayumi.blend_launcher | === STARTING MULTI-STRATEGY FORWARD TEST ===
2026-04-27 16:01:47 | INFO     | ayumi.blend_launcher | Pipeline: SRMR+ + Killzone + Momentum → Correlation Gate → Blend Runner → Paper
2026-04-27 16:10:23 | INFO     | ayumi.blend_launcher | === Ayumi Multi-Strategy Forward Test (Blend Pipeline) ===
2026-04-27 16:10:26 | INFO     | ayumi.blend_launcher | Fetching 100 H1 bars (symbol_id=2) from OpenAPI...
2026-04-27 16:10:28 | INFO     | ayumi.blend_launcher | Fetched 99 bars
2026-04-27 16:10:28 | INFO     | ayumi.blend_launcher | Registered 3 strategies: ['SRMR+', 'Killzone Momentum', 'Donchian Channel Breakout']
2026-04-27 16:10:28 | WARNING  | ayumi.risk | No state file at data/risk_state_blend.json — starting fresh
2026-04-27 16:10:28 | INFO     | ayumi.forward_test | BlendForwardTestRunner started — balance=$100000.00
2026-04-27 16:10:28 | INFO     | ayumi.blend_launcher | Preloaded 99 H1 bars into engine._bars['GBPUSD']
2026-04-27 16:10:28 | INFO     | ayumi.blend_launcher | === STARTING MULTI-STRATEGY FORWARD TEST ===
2026-04-27 16:10:28 | INFO     | ayumi.blend_launcher | Pipeline: SRMR+ + Killzone + Momentum → Correlation Gate → Blend Runner → Paper
2026-04-27 16:12:43 | INFO     | ayumi.blend_launcher | === Ayumi Multi-Strategy Forward Test (Blend Pipeline) ===
2026-04-27 16:12:45 | INFO     | ayumi.blend_launcher | Fetching 100 H1 bars (symbol_id=2) from OpenAPI...
2026-04-27 16:12:47 | INFO     | ayumi.blend_launcher | Fetched 99 bars
2026-04-27 16:12:47 | INFO     | ayumi.blend_launcher | Registered 3 strategies: ['SRMR+', 'Killzone Momentum', 'Donchian Channel Breakout']
2026-04-27 16:12:47 | WARNING  | ayumi.risk | No state file at data/risk_state_blend.json — starting fresh
2026-04-27 16:12:47 | INFO     | ayumi.forward_test | BlendForwardTestRunner started — balance=$100000.00
2026-04-27 16:12:47 | INFO     | ayumi.blend_launcher | Preloaded 99 H1 bars into engine._bars['GBPUSD']
2026-04-27 16:12:47 | INFO     | ayumi.blend_launcher | === STARTING MULTI-STRATEGY FORWARD TEST ===
2026-04-27 16:12:47 | INFO     | ayumi.blend_launcher | Pipeline: SRMR+ + Killzone + Momentum → Correlation Gate → Blend Runner → Paper
2026-04-27 16:17:50 | INFO     | ayumi.blend_launcher | === Ayumi Multi-Strategy Forward Test (Blend Pipeline) ===
2026-04-27 16:17:53 | INFO     | ayumi.blend_launcher | Fetching 100 H1 bars (symbol_id=2) from OpenAPI...
2026-04-27 16:17:55 | INFO     | ayumi.blend_launcher | Fetched 99 bars
2026-04-27 16:17:55 | INFO     | ayumi.blend_launcher | Registered 3 strategies: ['SRMR+', 'Killzone Momentum', 'Donchian Channel Breakout']
2026-04-27 16:17:55 | WARNING  | ayumi.risk | No state file at data/risk_state_blend.json — starting fresh
2026-04-27 16:17:55 | INFO     | ayumi.forward_test | BlendForwardTestRunner started — balance=$100000.00
2026-04-27 16:17:55 | INFO     | ayumi.blend_launcher | Preloaded 99 H1 bars into engine._bars['GBPUSD']
2026-04-27 16:17:55 | INFO     | ayumi.blend_launcher | === STARTING MULTI-STRATEGY FORWARD TEST ===
2026-04-27 16:17:55 | INFO     | ayumi.blend_launcher | Pipeline: SRMR+ + Killzone + Momentum → Correlation Gate → Blend Runner → Paper
2026-04-27 16:20:32 | INFO     | ayumi.blend_launcher | === Ayumi Multi-Strategy Forward Test (Blend Pipeline) ===
2026-04-27 16:20:35 | INFO     | ayumi.blend_launcher | Fetching 100 H1 bars (symbol_id=2) from OpenAPI...
2026-04-27 16:20:37 | INFO     | ayumi.blend_launcher | Fetched 99 bars
2026-04-27 16:20:37 | INFO     | ayumi.blend_launcher | Registered 3 strategies: ['SRMR+', 'Killzone Momentum', 'Donchian Channel Breakout']
2026-04-27 16:20:37 | WARNING  | ayumi.risk | No state file at data/risk_state_blend.json — starting fresh
2026-04-27 16:20:37 | INFO     | ayumi.forward_test | BlendForwardTestRunner started — balance=$100000.00
2026-04-27 16:20:37 | INFO     | ayumi.blend_launcher | Preloaded 99 H1 bars into engine._bars['GBPUSD']
2026-04-27 16:20:37 | INFO     | ayumi.blend_launcher | === STARTING MULTI-STRATEGY FORWARD TEST ===
2026-04-27 16:20:37 | INFO     | ayumi.blend_launcher | Pipeline: SRMR+ + Killzone + Momentum → Correlation Gate → Blend Runner → Paper
2026-04-27 16:21:55 | INFO     | ayumi.blend_launcher | === Ayumi Multi-Strategy Forward Test (Blend Pipeline) ===
2026-04-27 16:21:57 | INFO     | ayumi.blend_launcher | Fetching 100 H1 bars (symbol_id=2) from OpenAPI...
2026-04-27 16:21:59 | INFO     | ayumi.blend_launcher | Fetched 99 bars
2026-04-27 16:21:59 | INFO     | ayumi.blend_launcher | Registered 3 strategies: ['SRMR+', 'Killzone Momentum', 'Donchian Channel Breakout']
2026-04-27 16:21:59 | WARNING  | ayumi.risk | No state file at data/risk_state_blend.json — starting fresh
2026-04-27 16:21:59 | INFO     | ayumi.forward_test | BlendForwardTestRunner started — balance=$100000.00
2026-04-27 16:21:59 | INFO     | ayumi.blend_launcher | Preloaded 99 H1 bars into engine._bars['GBPUSD']
2026-04-27 16:21:59 | INFO     | ayumi.blend_launcher | === STARTING MULTI-STRATEGY FORWARD TEST ===
2026-04-27 16:21:59 | INFO     | ayumi.blend_launcher | Pipeline: SRMR+ + Killzone + Momentum → Correlation Gate → Blend Runner → Paper
2026-04-27 16:22:48 | INFO     | ayumi.blend_launcher | === Ayumi Multi-Strategy Forward Test (Blend Pipeline) ===
2026-04-27 16:22:50 | INFO     | ayumi.blend_launcher | Fetching 100 H1 bars (symbol_id=2) from OpenAPI...
2026-04-27 16:22:52 | INFO     | ayumi.blend_launcher | Fetched 99 bars
2026-04-27 16:22:52 | INFO     | ayumi.blend_launcher | Registered 3 strategies: ['SRMR+', 'Killzone Momentum', 'Donchian Channel Breakout']
2026-04-27 16:22:52 | WARNING  | ayumi.risk | No state file at data/risk_state_blend.json — starting fresh
2026-04-27 16:22:52 | INFO     | ayumi.forward_test | BlendForwardTestRunner started — balance=$100000.00
2026-04-27 16:22:52 | INFO     | ayumi.blend_launcher | Preloaded 99 H1 bars into engine._bars['GBPUSD']
2026-04-27 16:22:52 | INFO     | ayumi.blend_launcher | === STARTING MULTI-STRATEGY FORWARD TEST ===
2026-04-27 16:22:52 | INFO     | ayumi.blend_launcher | Pipeline: SRMR+ + Killzone + Momentum → Correlation Gate → Blend Runner → Paper
2026-04-27 16:24:34 | INFO     | ayumi.blend_launcher | === Ayumi Multi-Strategy Forward Test (Blend Pipeline) ===
2026-04-27 16:24:36 | INFO     | ayumi.blend_launcher | Fetching 100 H1 bars (symbol_id=2) from OpenAPI...
2026-04-27 16:24:38 | INFO     | ayumi.blend_launcher | Fetched 99 bars
2026-04-27 16:24:38 | INFO     | ayumi.blend_launcher | Registered 3 strategies: ['SRMR+', 'Killzone Momentum', 'Donchian Channel Breakout']
2026-04-27 16:24:38 | WARNING  | ayumi.risk | No state file at data/risk_state_blend.json — starting fresh
2026-04-27 16:24:38 | INFO     | ayumi.forward_test | BlendForwardTestRunner started — balance=$100000.00
2026-04-27 16:24:38 | INFO     | ayumi.blend_launcher | Preloaded 99 H1 bars into engine._bars['GBPUSD']
2026-04-27 16:24:38 | INFO     | ayumi.blend_launcher | === STARTING MULTI-STRATEGY FORWARD TEST ===
2026-04-27 16:24:38 | INFO     | ayumi.blend_launcher | Pipeline: SRMR+ + Killzone + Momentum → Correlation Gate → Blend Runner → Paper
2026-04-27 16:25:39 | INFO     | ayumi.blend_launcher | === Ayumi Multi-Strategy Forward Test (Blend Pipeline) ===
2026-04-27 16:25:42 | INFO     | ayumi.blend_launcher | Fetching 100 H1 bars (symbol_id=2) from OpenAPI...
2026-04-27 16:25:44 | INFO     | ayumi.blend_launcher | Fetched 99 bars
2026-04-27 16:25:44 | INFO     | ayumi.blend_launcher | Registered 3 strategies: ['SRMR+', 'Killzone Momentum', 'Donchian Channel Breakout']
2026-04-27 16:25:44 | WARNING  | ayumi.risk | No state file at data/risk_state_blend.json — starting fresh
2026-04-27 16:25:44 | INFO     | ayumi.forward_test | BlendForwardTestRunner started — balance=$100000.00
2026-04-27 16:25:44 | INFO     | ayumi.blend_launcher | Preloaded 99 H1 bars into engine._bars['GBPUSD']
2026-04-27 16:25:44 | INFO     | ayumi.blend_launcher | === STARTING MULTI-STRATEGY FORWARD TEST ===
2026-04-27 16:25:44 | INFO     | ayumi.blend_launcher | Pipeline: SRMR+ + Killzone + Momentum → Correlation Gate → Blend Runner → Paper
2026-04-27 16:26:30 | INFO     | ayumi.blend_launcher | === Ayumi Multi-Strategy Forward Test (Blend Pipeline) ===
2026-04-27 16:26:33 | INFO     | ayumi.blend_launcher | Fetching 100 H1 bars (symbol_id=2) from OpenAPI...
2026-04-27 16:26:35 | INFO     | ayumi.blend_launcher | Fetched 99 bars
2026-04-27 16:26:35 | INFO     | ayumi.blend_launcher | Registered 3 strategies: ['SRMR+', 'Killzone Momentum', 'Donchian Channel Breakout']
2026-04-27 16:26:35 | WARNING  | ayumi.risk | No state file at data/risk_state_blend.json — starting fresh
2026-04-27 16:26:35 | INFO     | ayumi.forward_test | BlendForwardTestRunner started — balance=$100000.00
2026-04-27 16:26:35 | INFO     | ayumi.blend_launcher | Preloaded 99 H1 bars into engine._bars['GBPUSD']
2026-04-27 16:26:35 | INFO     | ayumi.blend_launcher | === STARTING MULTI-STRATEGY FORWARD TEST ===
2026-04-27 16:26:35 | INFO     | ayumi.blend_launcher | Pipeline: SRMR+ + Killzone + Momentum → Correlation Gate → Blend Runner → Paper
2026-04-27 16:27:13 | INFO     | ayumi.blend_launcher | === Ayumi Multi-Strategy Forward Test (Blend Pipeline) ===
2026-04-27 16:27:15 | INFO     | ayumi.blend_launcher | Fetching 100 H1 bars (symbol_id=2) from OpenAPI...
2026-04-27 16:27:17 | INFO     | ayumi.blend_launcher | Fetched 99 bars
2026-04-27 16:27:17 | INFO     | ayumi.blend_launcher | Registered 3 strategies: ['SRMR+', 'Killzone Momentum', 'Donchian Channel Breakout']
2026-04-27 16:27:17 | WARNING  | ayumi.risk | No state file at data/risk_state_blend.json — starting fresh
2026-04-27 16:27:17 | INFO     | ayumi.forward_test | BlendForwardTestRunner started — balance=$100000.00
2026-04-27 16:27:17 | INFO     | ayumi.blend_launcher | Preloaded 99 H1 bars into engine._bars['GBPUSD']
2026-04-27 16:27:17 | INFO     | ayumi.blend_launcher | === STARTING MULTI-STRATEGY FORWARD TEST ===
2026-04-27 16:27:17 | INFO     | ayumi.blend_launcher | Pipeline: SRMR+ + Killzone + Momentum → Correlation Gate → Blend Runner → Paper
2026-04-27 16:28:08 | INFO     | ayumi.blend_launcher | === Ayumi Multi-Strategy Forward Test (Blend Pipeline) ===
2026-04-27 16:28:11 | INFO     | ayumi.blend_launcher | Fetching 100 H1 bars (symbol_id=2) from OpenAPI...
2026-04-27 16:28:13 | INFO     | ayumi.blend_launcher | Fetched 99 bars
2026-04-27 16:28:13 | INFO     | ayumi.blend_launcher | Registered 3 strategies: ['SRMR+', 'Killzone Momentum', 'Donchian Channel Breakout']
2026-04-27 16:28:13 | WARNING  | ayumi.risk | No state file at data/risk_state_blend.json — starting fresh
2026-04-27 16:28:13 | INFO     | ayumi.forward_test | BlendForwardTestRunner started — balance=$100000.00
2026-04-27 16:28:13 | INFO     | ayumi.blend_launcher | Preloaded 99 H1 bars into engine._bars['GBPUSD']
2026-04-27 16:28:13 | INFO     | ayumi.blend_launcher | === STARTING MULTI-STRATEGY FORWARD TEST ===
2026-04-27 16:28:13 | INFO     | ayumi.blend_launcher | Pipeline: SRMR+ + Killzone + Momentum → Correlation Gate → Blend Runner → Paper
2026-04-27 16:29:59 | INFO     | ayumi.blend_launcher | === Ayumi Multi-Strategy Forward Test (Blend Pipeline) ===
2026-04-27 16:30:01 | INFO     | ayumi.blend_launcher | Fetching 100 H1 bars (symbol_id=2) from OpenAPI...
2026-04-27 16:30:03 | INFO     | ayumi.blend_launcher | Fetched 99 bars
2026-04-27 16:30:03 | INFO     | ayumi.blend_launcher | Registered 3 strategies: ['SRMR+', 'Killzone Momentum', 'Donchian Channel Breakout']
2026-04-27 16:30:03 | WARNING  | ayumi.risk | No state file at data/risk_state_blend.json — starting fresh
2026-04-27 16:30:03 | INFO     | ayumi.forward_test | BlendForwardTestRunner started — balance=$100000.00
2026-04-27 16:30:03 | INFO     | ayumi.blend_launcher | Preloaded 99 H1 bars into engine._bars['GBPUSD']
2026-04-27 16:30:03 | INFO     | ayumi.blend_launcher | === STARTING MULTI-STRATEGY FORWARD TEST ===
2026-04-27 16:30:03 | INFO     | ayumi.blend_launcher | Pipeline: SRMR+ + Killzone + Momentum → Correlation Gate → Blend Runner → Paper
2026-04-27 16:30:47 | INFO     | ayumi.blend_launcher | === Ayumi Multi-Strategy Forward Test (Blend Pipeline) ===
2026-04-27 16:30:50 | INFO     | ayumi.blend_launcher | Fetching 100 H1 bars (symbol_id=2) from OpenAPI...
2026-04-27 16:30:52 | INFO     | ayumi.blend_launcher | Fetched 99 bars
2026-04-27 16:30:52 | INFO     | ayumi.blend_launcher | Registered 3 strategies: ['SRMR+', 'Killzone Momentum', 'Donchian Channel Breakout']
2026-04-27 16:30:52 | WARNING  | ayumi.risk | No state file at data/risk_state_blend.json — starting fresh
2026-04-27 16:30:52 | INFO     | ayumi.forward_test | BlendForwardTestRunner started — balance=$100000.00
2026-04-27 16:30:52 | INFO     | ayumi.blend_launcher | Preloaded 99 H1 bars into engine._bars['GBPUSD']
2026-04-27 16:30:52 | INFO     | ayumi.blend_launcher | === STARTING MULTI-STRATEGY FORWARD TEST ===
2026-04-27 16:30:52 | INFO     | ayumi.blend_launcher | Pipeline: SRMR+ + Killzone + Momentum → Correlation Gate → Blend Runner → Paper
2026-04-27 16:31:17 | INFO     | ayumi.blend_launcher | === Ayumi Multi-Strategy Forward Test (Blend Pipeline) ===
2026-04-27 16:31:20 | INFO     | ayumi.blend_launcher | Fetching 100 H1 bars (symbol_id=2) from OpenAPI...
2026-04-27 16:31:22 | INFO     | ayumi.blend_launcher | Fetched 99 bars
2026-04-27 16:31:22 | INFO     | ayumi.blend_launcher | Registered 3 strategies: ['SRMR+', 'Killzone Momentum', 'Donchian Channel Breakout']
2026-04-27 16:31:22 | WARNING  | ayumi.risk | No state file at data/risk_state_blend.json — starting fresh
2026-04-27 16:31:22 | INFO     | ayumi.forward_test | BlendForwardTestRunner started — balance=$100000.00
2026-04-27 16:31:22 | INFO     | ayumi.blend_launcher | Preloaded 99 H1 bars into engine._bars['GBPUSD']
2026-04-27 16:31:22 | INFO     | ayumi.blend_launcher | === STARTING MULTI-STRATEGY FORWARD TEST ===
2026-04-27 16:31:22 | INFO     | ayumi.blend_launcher | Pipeline: SRMR+ + Killzone + Momentum → Correlation Gate → Blend Runner → Paper
2026-04-27 16:32:30 | INFO     | ayumi.blend_launcher | === Ayumi Multi-Strategy Forward Test (Blend Pipeline) ===
2026-04-27 16:32:33 | INFO     | ayumi.blend_launcher | Fetching 100 H1 bars (symbol_id=2) from OpenAPI...
2026-04-27 16:32:35 | INFO     | ayumi.blend_launcher | Fetched 99 bars
2026-04-27 16:32:35 | INFO     | ayumi.blend_launcher | Registered 3 strategies: ['SRMR+', 'Killzone Momentum', 'Donchian Channel Breakout']
2026-04-27 16:32:35 | WARNING  | ayumi.risk | No state file at data/risk_state_blend.json — starting fresh
2026-04-27 16:32:35 | INFO     | ayumi.forward_test | BlendForwardTestRunner started — balance=$100000.00
2026-04-27 16:32:35 | INFO     | ayumi.blend_launcher | Preloaded 99 H1 bars into engine._bars['GBPUSD']
2026-04-27 16:32:35 | INFO     | ayumi.blend_launcher | === STARTING MULTI-STRATEGY FORWARD TEST ===
2026-04-27 16:32:35 | INFO     | ayumi.blend_launcher | Pipeline: SRMR+ + Killzone + Momentum → Correlation Gate → Blend Runner → Paper
2026-04-27 16:33:46 | INFO     | ayumi.blend_launcher | === Ayumi Multi-Strategy Forward Test (Blend Pipeline) ===
2026-04-27 16:33:49 | INFO     | ayumi.blend_launcher | Fetching 100 H1 bars (symbol_id=2) from OpenAPI...
2026-04-27 16:33:51 | INFO     | ayumi.blend_launcher | Fetched 99 bars
2026-04-27 16:33:51 | INFO     | ayumi.blend_launcher | Registered 3 strategies: ['SRMR+', 'Killzone Momentum', 'Donchian Channel Breakout']
2026-04-27 16:33:51 | WARNING  | ayumi.risk | No state file at data/risk_state_blend.json — starting fresh
2026-04-27 16:33:51 | INFO     | ayumi.forward_test | BlendForwardTestRunner started — balance=$100000.00
2026-04-27 16:33:51 | INFO     | ayumi.blend_launcher | Preloaded 99 H1 bars into engine._bars['GBPUSD']
2026-04-27 16:33:51 | INFO     | ayumi.blend_launcher | === STARTING MULTI-STRATEGY FORWARD TEST ===
2026-04-27 16:33:51 | INFO     | ayumi.blend_launcher | Pipeline: SRMR+ + Killzone + Momentum → Correlation Gate → Blend Runner → Paper
2026-04-27 16:34:35 | INFO     | ayumi.blend_launcher | === Ayumi Multi-Strategy Forward Test (Blend Pipeline) ===
2026-04-27 16:34:37 | INFO     | ayumi.blend_launcher | === Ayumi Multi-Strategy Forward Test (Blend Pipeline) ===
2026-04-27 16:34:38 | INFO     | ayumi.blend_launcher | Fetching 100 H1 bars (symbol_id=2) from OpenAPI...
2026-04-27 16:34:40 | INFO     | ayumi.blend_launcher | Fetching 100 H1 bars (symbol_id=2) from OpenAPI...
2026-04-27 16:34:40 | INFO     | ayumi.blend_launcher | Fetched 99 bars
2026-04-27 16:34:40 | INFO     | ayumi.blend_launcher | Registered 3 strategies: ['SRMR+', 'Killzone Momentum', 'Donchian Channel Breakout']
2026-04-27 16:34:40 | WARNING  | ayumi.risk | No state file at data/risk_state_blend.json — starting fresh
2026-04-27 16:34:40 | INFO     | ayumi.forward_test | BlendForwardTestRunner started — balance=$100000.00
2026-04-27 16:34:40 | INFO     | ayumi.blend_launcher | Preloaded 99 H1 bars into engine._bars['GBPUSD']
2026-04-27 16:34:40 | INFO     | ayumi.blend_launcher | === STARTING MULTI-STRATEGY FORWARD TEST ===
2026-04-27 16:34:40 | INFO     | ayumi.blend_launcher | Pipeline: SRMR+ + Killzone + Momentum → Correlation Gate → Blend Runner → Paper
2026-04-27 16:34:42 | INFO     | ayumi.blend_launcher | Fetched 99 bars
2026-04-27 16:34:42 | INFO     | ayumi.blend_launcher | Registered 3 strategies: ['SRMR+', 'Killzone Momentum', 'Donchian Channel Breakout']
2026-04-27 16:34:42 | WARNING  | ayumi.risk | No state file at data/risk_state_blend.json — starting fresh
2026-04-27 16:34:42 | INFO     | ayumi.forward_test | BlendForwardTestRunner started — balance=$100000.00
2026-04-27 16:34:42 | INFO     | ayumi.blend_launcher | Preloaded 99 H1 bars into engine._bars['GBPUSD']
2026-04-27 16:34:42 | INFO     | ayumi.blend_launcher | === STARTING MULTI-STRATEGY FORWARD TEST ===
2026-04-27 16:34:42 | INFO     | ayumi.blend_launcher | Pipeline: SRMR+ + Killzone + Momentum → Correlation Gate → Blend Runner → Paper
2026-04-27 16:35:23 | INFO     | ayumi.blend_launcher | === Ayumi Multi-Strategy Forward Test (Blend Pipeline) ===
2026-04-27 16:35:26 | INFO     | ayumi.blend_launcher | Fetching 100 H1 bars (symbol_id=2) from OpenAPI...
2026-04-27 16:35:28 | INFO     | ayumi.blend_launcher | Fetched 99 bars
2026-04-27 16:35:28 | INFO     | ayumi.blend_launcher | Registered 3 strategies: ['SRMR+', 'Killzone Momentum', 'Donchian Channel Breakout']
2026-04-27 16:35:28 | WARNING  | ayumi.risk | No state file at data/risk_state_blend.json — starting fresh
2026-04-27 16:35:28 | INFO     | ayumi.forward_test | BlendForwardTestRunner started — balance=$100000.00
2026-04-27 16:35:28 | INFO     | ayumi.blend_launcher | Preloaded 99 H1 bars into engine._bars['GBPUSD']
2026-04-27 16:35:28 | INFO     | ayumi.blend_launcher | === STARTING MULTI-STRATEGY FORWARD TEST ===
2026-04-27 16:35:28 | INFO     | ayumi.blend_launcher | Pipeline: SRMR+ + Killzone + Momentum → Correlation Gate → Blend Runner → Paper
2026-04-27 16:37:29 | INFO     | ayumi.blend_launcher | === Ayumi Multi-Strategy Forward Test (Blend Pipeline) ===
2026-04-27 16:37:32 | INFO     | ayumi.blend_launcher | Fetching 100 H1 bars (symbol_id=2) from OpenAPI...
2026-04-27 16:37:34 | INFO     | ayumi.blend_launcher | Fetched 99 bars
2026-04-27 16:37:34 | INFO     | ayumi.blend_launcher | Registered 3 strategies: ['SRMR+', 'Killzone Momentum', 'Donchian Channel Breakout']
2026-04-27 16:37:34 | WARNING  | ayumi.risk | No state file at data/risk_state_blend.json — starting fresh
2026-04-27 16:37:34 | INFO     | ayumi.forward_test | BlendForwardTestRunner started — balance=$100000.00
2026-04-27 16:37:34 | INFO     | ayumi.blend_launcher | Preloaded 99 H1 bars into engine._bars['GBPUSD']
2026-04-27 16:37:34 | INFO     | ayumi.blend_launcher | === STARTING MULTI-STRATEGY FORWARD TEST ===
2026-04-27 16:37:34 | INFO     | ayumi.blend_launcher | Pipeline: SRMR+ + Killzone + Momentum → Correlation Gate → Blend Runner → Paper
2026-04-27 16:38:34 | INFO     | ayumi.blend_launcher | === Ayumi Multi-Strategy Forward Test (Blend Pipeline) ===
2026-04-27 16:38:37 | INFO     | ayumi.blend_launcher | Fetching 100 H1 bars (symbol_id=2) from OpenAPI...
2026-04-27 16:38:39 | INFO     | ayumi.blend_launcher | Fetched 99 bars
2026-04-27 16:38:39 | INFO     | ayumi.blend_launcher | Registered 3 strategies: ['SRMR+', 'Killzone Momentum', 'Donchian Channel Breakout']
2026-04-27 16:38:39 | WARNING  | ayumi.risk | No state file at data/risk_state_blend.json — starting fresh
2026-04-27 16:38:39 | INFO     | ayumi.forward_test | BlendForwardTestRunner started — balance=$100000.00
2026-04-27 16:38:39 | INFO     | ayumi.blend_launcher | Preloaded 99 H1 bars into engine._bars['GBPUSD']
2026-04-27 16:38:39 | INFO     | ayumi.blend_launcher | === STARTING MULTI-STRATEGY FORWARD TEST ===
2026-04-27 16:38:39 | INFO     | ayumi.blend_launcher | Pipeline: SRMR+ + Killzone + Momentum → Correlation Gate → Blend Runner → Paper
2026-04-27 16:39:28 | INFO     | ayumi.blend_launcher | === Ayumi Multi-Strategy Forward Test (Blend Pipeline) ===
2026-04-27 16:39:31 | INFO     | ayumi.blend_launcher | Fetching 100 H1 bars (symbol_id=2) from OpenAPI...
2026-04-27 16:39:33 | INFO     | ayumi.blend_launcher | Fetched 99 bars
2026-04-27 16:39:33 | INFO     | ayumi.blend_launcher | Registered 3 strategies: ['SRMR+', 'Killzone Momentum', 'Donchian Channel Breakout']
2026-04-27 16:39:33 | WARNING  | ayumi.risk | No state file at data/risk_state_blend.json — starting fresh
2026-04-27 16:39:33 | INFO     | ayumi.forward_test | BlendForwardTestRunner started — balance=$100000.00
2026-04-27 16:39:33 | INFO     | ayumi.blend_launcher | Preloaded 99 H1 bars into engine._bars['GBPUSD']
2026-04-27 16:39:33 | INFO     | ayumi.blend_launcher | === STARTING MULTI-STRATEGY FORWARD TEST ===
2026-04-27 16:39:33 | INFO     | ayumi.blend_launcher | Pipeline: SRMR+ + Killzone + Momentum → Correlation Gate → Blend Runner → Paper
2026-04-27 16:40:56 | INFO     | ayumi.blend_launcher | === Ayumi Multi-Strategy Forward Test (Blend Pipeline) ===
2026-04-27 16:40:59 | INFO     | ayumi.blend_launcher | Fetching 100 H1 bars (symbol_id=2) from OpenAPI...
2026-04-27 16:41:02 | INFO     | ayumi.blend_launcher | Fetched 99 bars
2026-04-27 16:41:02 | INFO     | ayumi.blend_launcher | Registered 3 strategies: ['SRMR+', 'Killzone Momentum', 'Donchian Channel Breakout']
2026-04-27 16:41:02 | WARNING  | ayumi.risk | No state file at data/risk_state_blend.json — starting fresh
2026-04-27 16:41:02 | INFO     | ayumi.forward_test | BlendForwardTestRunner started — balance=$100000.00
2026-04-27 16:41:02 | INFO     | ayumi.blend_launcher | Preloaded 99 H1 bars into engine._bars['GBPUSD']
2026-04-27 16:41:02 | INFO     | ayumi.blend_launcher | === STARTING MULTI-STRATEGY FORWARD TEST ===
2026-04-27 16:41:02 | INFO     | ayumi.blend_launcher | Pipeline: SRMR+ + Killzone + Momentum → Correlation Gate → Blend Runner → Paper
2026-04-27 16:41:42 | INFO     | ayumi.blend_launcher | === Ayumi Multi-Strategy Forward Test (Blend Pipeline) ===
2026-04-27 16:41:45 | INFO     | ayumi.blend_launcher | Fetching 100 H1 bars (symbol_id=2) from OpenAPI...
2026-04-27 16:41:47 | INFO     | ayumi.blend_launcher | Twisted reactor stopped cleanly
2026-04-27 16:41:47 | INFO     | ayumi.blend_launcher | Fetched 99 bars
2026-04-27 16:41:47 | INFO     | ayumi.blend_launcher | Registered 3 strategies: ['SRMR+', 'Killzone Momentum', 'Donchian Channel Breakout']
2026-04-27 16:41:47 | WARNING  | ayumi.risk | No state file at data/risk_state_blend.json — starting fresh
2026-04-27 16:41:47 | INFO     | ayumi.forward_test | BlendForwardTestRunner started — balance=$100000.00
2026-04-27 16:41:47 | INFO     | ayumi.blend_launcher | Preloaded 99 H1 bars into engine._bars['GBPUSD']
2026-04-27 16:41:47 | INFO     | ayumi.blend_launcher | === STARTING MULTI-STRATEGY FORWARD TEST ===
2026-04-27 16:41:47 | INFO     | ayumi.blend_launcher | Pipeline: SRMR+ + Killzone + Momentum → Correlation Gate → Blend Runner → Paper
2026-04-27 16:42:44 | INFO     | ayumi.blend_launcher | === Ayumi Multi-Strategy Forward Test (Blend Pipeline) ===
2026-04-27 16:42:47 | INFO     | ayumi.blend_launcher | Fetching 100 H1 bars (symbol_id=2) from OpenAPI...
2026-04-27 16:42:49 | INFO     | ayumi.blend_launcher | Twisted reactor stopped cleanly
2026-04-27 16:42:49 | INFO     | ayumi.blend_launcher | Fetched 99 bars
2026-04-27 16:42:49 | INFO     | ayumi.blend_launcher | Registered 3 strategies: ['SRMR+', 'Killzone Momentum', 'Donchian Channel Breakout']
2026-04-27 16:42:49 | WARNING  | ayumi.risk | No state file at data/risk_state_blend.json — starting fresh
2026-04-27 16:42:49 | INFO     | ayumi.forward_test | BlendForwardTestRunner started — balance=$100000.00
2026-04-27 16:42:49 | INFO     | ayumi.blend_launcher | Preloaded 99 H1 bars into engine._bars['GBPUSD']
2026-04-27 16:42:49 | INFO     | ayumi.blend_launcher | === STARTING MULTI-STRATEGY FORWARD TEST ===
2026-04-27 16:42:49 | INFO     | ayumi.blend_launcher | Pipeline: SRMR+ + Killzone + Momentum → Correlation Gate → Blend Runner → Paper
2026-04-27 16:43:23 | INFO     | ayumi.blend_launcher | === Ayumi Multi-Strategy Forward Test (Blend Pipeline) ===
2026-04-27 16:43:26 | INFO     | ayumi.blend_launcher | Fetching 100 H1 bars (symbol_id=2) from OpenAPI...
2026-04-27 16:43:28 | INFO     | ayumi.blend_launcher | Twisted reactor stopped cleanly
2026-04-27 16:43:28 | INFO     | ayumi.blend_launcher | Fetched 99 bars
2026-04-27 16:43:28 | INFO     | ayumi.blend_launcher | Registered 3 strategies: ['SRMR+', 'Killzone Momentum', 'Donchian Channel Breakout']
2026-04-27 16:43:28 | WARNING  | ayumi.risk | No state file at data/risk_state_blend.json — starting fresh
2026-04-27 16:43:28 | INFO     | ayumi.forward_test | BlendForwardTestRunner started — balance=$100000.00
2026-04-27 16:43:28 | INFO     | ayumi.blend_launcher | Preloaded 99 H1 bars into engine._bars['GBPUSD']
2026-04-27 16:43:28 | INFO     | ayumi.blend_launcher | === STARTING MULTI-STRATEGY FORWARD TEST ===
2026-04-27 16:43:28 | INFO     | ayumi.blend_launcher | Pipeline: SRMR+ + Killzone + Momentum → Correlation Gate → Blend Runner → Paper
2026-04-27 16:43:36 | INFO     | ayumi.blend_launcher | === Ayumi Multi-Strategy Forward Test (Blend Pipeline) ===
2026-04-27 16:43:39 | INFO     | ayumi.blend_launcher | Fetching 100 H1 bars (symbol_id=2) from OpenAPI...
2026-04-27 16:43:41 | INFO     | ayumi.blend_launcher | Twisted reactor stopped cleanly
2026-04-27 16:43:41 | INFO     | ayumi.blend_launcher | Fetched 99 bars
2026-04-27 16:43:41 | INFO     | ayumi.blend_launcher | Registered 3 strategies: ['SRMR+', 'Killzone Momentum', 'Donchian Channel Breakout']
2026-04-27 16:43:41 | WARNING  | ayumi.risk | No state file at data/risk_state_blend.json — starting fresh
2026-04-27 16:43:41 | INFO     | ayumi.forward_test | BlendForwardTestRunner started — balance=$100000.00
2026-04-27 16:43:41 | INFO     | ayumi.blend_launcher | Preloaded 99 H1 bars into engine._bars['GBPUSD']
2026-04-27 16:43:41 | INFO     | ayumi.blend_launcher | === STARTING MULTI-STRATEGY FORWARD TEST ===
2026-04-27 16:43:41 | INFO     | ayumi.blend_launcher | Pipeline: SRMR+ + Killzone + Momentum → Correlation Gate → Blend Runner → Paper
2026-04-27 16:44:32 | INFO     | ayumi.blend_launcher | === Ayumi Multi-Strategy Forward Test (Blend Pipeline) ===
2026-04-27 16:44:34 | INFO     | ayumi.blend_launcher | Fetching 100 H1 bars (symbol_id=2) from OpenAPI...
2026-04-27 16:44:37 | INFO     | ayumi.blend_launcher | Twisted reactor stopped cleanly
2026-04-27 16:44:37 | INFO     | ayumi.blend_launcher | Fetched 99 bars
2026-04-27 16:44:37 | INFO     | ayumi.blend_launcher | Registered 3 strategies: ['SRMR+', 'Killzone Momentum', 'Donchian Channel Breakout']
2026-04-27 16:44:37 | WARNING  | ayumi.risk | No state file at data/risk_state_blend.json — starting fresh
2026-04-27 16:44:37 | INFO     | ayumi.forward_test | BlendForwardTestRunner started — balance=$100000.00
2026-04-27 16:44:37 | INFO     | ayumi.blend_launcher | Preloaded 99 H1 bars into engine._bars['GBPUSD']
2026-04-27 16:44:37 | INFO     | ayumi.blend_launcher | === STARTING MULTI-STRATEGY FORWARD TEST ===
2026-04-27 16:44:37 | INFO     | ayumi.blend_launcher | Pipeline: SRMR+ + Killzone + Momentum → Correlation Gate → Blend Runner → Paper
2026-04-27 16:44:51 | INFO     | ayumi.blend_launcher | === Ayumi Multi-Strategy Forward Test (Blend Pipeline) ===
2026-04-27 16:44:54 | INFO     | ayumi.blend_launcher | Fetching 100 H1 bars (symbol_id=2) from OpenAPI...
2026-04-27 16:44:56 | INFO     | ayumi.blend_launcher | Twisted reactor stopped cleanly
2026-04-27 16:44:56 | INFO     | ayumi.blend_launcher | Fetched 99 bars
2026-04-27 16:44:56 | INFO     | ayumi.blend_launcher | Registered 3 strategies: ['SRMR+', 'Killzone Momentum', 'Donchian Channel Breakout']
2026-04-27 16:44:56 | WARNING  | ayumi.risk | No state file at data/risk_state_blend.json — starting fresh
2026-04-27 16:44:56 | INFO     | ayumi.forward_test | BlendForwardTestRunner started — balance=$100000.00
2026-04-27 16:44:56 | INFO     | ayumi.blend_launcher | Preloaded 99 H1 bars into engine._bars['GBPUSD']
2026-04-27 16:44:56 | INFO     | ayumi.blend_launcher | === STARTING MULTI-STRATEGY FORWARD TEST ===
2026-04-27 16:44:56 | INFO     | ayumi.blend_launcher | Pipeline: SRMR+ + Killzone + Momentum → Correlation Gate → Blend Runner → Paper
2026-04-27 16:46:21 | INFO     | ayumi.blend_launcher | === Ayumi Multi-Strategy Forward Test (Blend Pipeline) ===
2026-04-27 16:46:23 | INFO     | ayumi.blend_launcher | Fetching 100 H1 bars (symbol_id=2) from OpenAPI...
2026-04-27 16:46:26 | INFO     | ayumi.blend_launcher | Twisted reactor stopped cleanly
2026-04-27 16:46:26 | INFO     | ayumi.blend_launcher | Fetched 99 bars
2026-04-27 16:46:26 | INFO     | ayumi.blend_launcher | Registered 3 strategies: ['SRMR+', 'Killzone Momentum', 'Donchian Channel Breakout']
2026-04-27 16:46:26 | WARNING  | ayumi.risk | No state file at data/risk_state_blend.json — starting fresh
2026-04-27 16:46:26 | INFO     | ayumi.forward_test | BlendForwardTestRunner started — balance=$100000.00
2026-04-27 16:46:26 | INFO     | ayumi.blend_launcher | Preloaded 99 H1 bars into engine._bars['GBPUSD']
2026-04-27 16:46:26 | INFO     | ayumi.blend_launcher | === STARTING MULTI-STRATEGY FORWARD TEST ===
2026-04-27 16:46:26 | INFO     | ayumi.blend_launcher | Pipeline: SRMR+ + Killzone + Momentum → Correlation Gate → Blend Runner → Paper
2026-04-27 16:48:18 | INFO     | ayumi.blend_launcher | === Ayumi Multi-Strategy Forward Test (Blend Pipeline) ===
2026-04-27 16:48:21 | INFO     | ayumi.blend_launcher | Fetching 100 H1 bars (symbol_id=2) from OpenAPI...
2026-04-27 16:48:23 | INFO     | ayumi.blend_launcher | Twisted reactor stopped cleanly
2026-04-27 16:48:23 | INFO     | ayumi.blend_launcher | Fetched 99 bars
2026-04-27 16:48:23 | INFO     | ayumi.blend_launcher | Registered 3 strategies: ['SRMR+', 'Killzone Momentum', 'Donchian Channel Breakout']
2026-04-27 16:48:23 | WARNING  | ayumi.risk | No state file at data/risk_state_blend.json — starting fresh
2026-04-27 16:48:23 | INFO     | ayumi.forward_test | BlendForwardTestRunner started — balance=$100000.00
2026-04-27 16:48:23 | INFO     | ayumi.blend_launcher | Preloaded 99 H1 bars into engine._bars['GBPUSD']
2026-04-27 16:48:23 | INFO     | ayumi.blend_launcher | === STARTING MULTI-STRATEGY FORWARD TEST ===
2026-04-27 16:48:23 | INFO     | ayumi.blend_launcher | Pipeline: SRMR+ + Killzone + Momentum → Correlation Gate → Blend Runner → Paper
2026-04-27 16:50:35 | INFO     | ayumi.blend_launcher | === Ayumi Multi-Strategy Forward Test (Blend Pipeline) ===
2026-04-27 16:50:38 | INFO     | ayumi.blend_launcher | Fetching 100 H1 bars (symbol_id=2) from OpenAPI...
2026-04-27 16:50:40 | INFO     | ayumi.blend_launcher | Twisted reactor stopped cleanly
2026-04-27 16:50:40 | INFO     | ayumi.blend_launcher | Fetched 99 bars
2026-04-27 16:50:40 | INFO     | ayumi.blend_launcher | Registered 3 strategies: ['SRMR+', 'Killzone Momentum', 'Donchian Channel Breakout']
2026-04-27 16:50:40 | WARNING  | ayumi.risk | No state file at data/risk_state_blend.json — starting fresh
2026-04-27 16:50:40 | INFO     | ayumi.forward_test | BlendForwardTestRunner started — balance=$100000.00
2026-04-27 16:50:40 | INFO     | ayumi.blend_launcher | Preloaded 99 H1 bars into engine._bars['GBPUSD']
2026-04-27 16:50:40 | INFO     | ayumi.blend_launcher | === STARTING MULTI-STRATEGY FORWARD TEST ===
2026-04-27 16:50:40 | INFO     | ayumi.blend_launcher | Pipeline: SRMR+ + Killzone + Momentum → Correlation Gate → Blend Runner → Paper
2026-04-27 16:52:49 | INFO     | ayumi.blend_launcher | === Ayumi Multi-Strategy Forward Test (Blend Pipeline) ===
2026-04-27 16:52:52 | INFO     | ayumi.blend_launcher | Fetching 100 H1 bars (symbol_id=2) from OpenAPI...
2026-04-27 16:52:54 | INFO     | ayumi.blend_launcher | Twisted reactor stopped cleanly
2026-04-27 16:52:54 | INFO     | ayumi.blend_launcher | Fetched 99 bars
2026-04-27 16:52:54 | INFO     | ayumi.blend_launcher | Registered 3 strategies: ['SRMR+', 'Killzone Momentum', 'Donchian Channel Breakout']
2026-04-27 16:52:54 | WARNING  | ayumi.risk | No state file at data/risk_state_blend.json — starting fresh
2026-04-27 16:52:54 | INFO     | ayumi.forward_test | BlendForwardTestRunner started — balance=$100000.00
2026-04-27 16:52:54 | INFO     | ayumi.blend_launcher | Preloaded 99 H1 bars into engine._bars['GBPUSD']
2026-04-27 16:52:54 | INFO     | ayumi.blend_launcher | === STARTING MULTI-STRATEGY FORWARD TEST ===
2026-04-27 16:52:54 | INFO     | ayumi.blend_launcher | Pipeline: SRMR+ + Killzone + Momentum → Correlation Gate → Blend Runner → Paper
2026-04-27 16:52:55 | INFO     | ayumi.blend_launcher | === Ayumi Multi-Strategy Forward Test (Blend Pipeline) ===
2026-04-27 16:52:57 | INFO     | ayumi.blend_launcher | Fetching 100 H1 bars (symbol_id=2) from OpenAPI...
2026-04-27 16:53:00 | INFO     | ayumi.blend_launcher | Twisted reactor stopped cleanly
2026-04-27 16:53:00 | INFO     | ayumi.blend_launcher | Fetched 99 bars
2026-04-27 16:53:00 | INFO     | ayumi.blend_launcher | Registered 3 strategies: ['SRMR+', 'Killzone Momentum', 'Donchian Channel Breakout']
2026-04-27 16:53:00 | WARNING  | ayumi.risk | No state file at data/risk_state_blend.json — starting fresh
2026-04-27 16:53:00 | INFO     | ayumi.forward_test | BlendForwardTestRunner started — balance=$100000.00
2026-04-27 16:53:00 | INFO     | ayumi.blend_launcher | Preloaded 99 H1 bars into engine._bars['GBPUSD']
2026-04-27 16:53:00 | INFO     | ayumi.blend_launcher | === STARTING MULTI-STRATEGY FORWARD TEST ===
2026-04-27 16:53:00 | INFO     | ayumi.blend_launcher | Pipeline: SRMR+ + Killzone + Momentum → Correlation Gate → Blend Runner → Paper
2026-04-27 16:54:43 | INFO     | ayumi.blend_launcher | === Ayumi Multi-Strategy Forward Test (Blend Pipeline) ===
2026-04-27 16:54:45 | INFO     | ayumi.blend_launcher | Fetching 100 H1 bars (symbol_id=2) from OpenAPI...
2026-04-27 16:54:47 | INFO     | ayumi.blend_launcher | Twisted reactor stopped cleanly
2026-04-27 16:54:47 | INFO     | ayumi.blend_launcher | Fetched 99 bars
2026-04-27 16:54:47 | INFO     | ayumi.blend_launcher | Registered 3 strategies: ['SRMR+', 'Killzone Momentum', 'Donchian Channel Breakout']
2026-04-27 16:54:47 | WARNING  | ayumi.risk | No state file at data/risk_state_blend.json — starting fresh
2026-04-27 16:54:47 | INFO     | ayumi.forward_test | BlendForwardTestRunner started — balance=$100000.00
2026-04-27 16:54:47 | INFO     | ayumi.blend_launcher | Preloaded 99 H1 bars into engine._bars['GBPUSD']
2026-04-27 16:54:47 | INFO     | ayumi.blend_launcher | === STARTING MULTI-STRATEGY FORWARD TEST ===
2026-04-27 16:54:47 | INFO     | ayumi.blend_launcher | Pipeline: SRMR+ + Killzone + Momentum → Correlation Gate → Blend Runner → Paper
2026-04-27 16:55:49 | INFO     | ayumi.blend_launcher | === Ayumi Multi-Strategy Forward Test (Blend Pipeline) ===
2026-04-27 16:55:52 | INFO     | ayumi.blend_launcher | Fetching 100 H1 bars (symbol_id=2) from OpenAPI...
2026-04-27 16:55:54 | INFO     | ayumi.blend_launcher | Twisted reactor stopped cleanly
2026-04-27 16:55:54 | INFO     | ayumi.blend_launcher | Fetched 99 bars
2026-04-27 16:55:54 | INFO     | ayumi.blend_launcher | Registered 3 strategies: ['SRMR+', 'Killzone Momentum', 'Donchian Channel Breakout']
2026-04-27 16:55:54 | WARNING  | ayumi.risk | No state file at data/risk_state_blend.json — starting fresh
2026-04-27 16:55:54 | INFO     | ayumi.forward_test | BlendForwardTestRunner started — balance=$100000.00
2026-04-27 16:55:54 | INFO     | ayumi.blend_launcher | Preloaded 99 H1 bars into engine._bars['GBPUSD']
2026-04-27 16:55:54 | INFO     | ayumi.blend_launcher | === STARTING MULTI-STRATEGY FORWARD TEST ===
2026-04-27 16:55:54 | INFO     | ayumi.blend_launcher | Pipeline: SRMR+ + Killzone + Momentum → Correlation Gate → Blend Runner → Paper
2026-04-27 16:57:00 | INFO     | ayumi.blend_launcher | === Ayumi Multi-Strategy Forward Test (Blend Pipeline) ===
2026-04-27 16:57:02 | INFO     | ayumi.blend_launcher | Fetching 100 H1 bars (symbol_id=2) from OpenAPI...
2026-04-27 16:57:05 | INFO     | ayumi.blend_launcher | Twisted reactor stopped cleanly
2026-04-27 16:57:05 | INFO     | ayumi.blend_launcher | Fetched 99 bars
2026-04-27 16:57:05 | INFO     | ayumi.blend_launcher | Registered 3 strategies: ['SRMR+', 'Killzone Momentum', 'Donchian Channel Breakout']
2026-04-27 16:57:05 | WARNING  | ayumi.risk | No state file at data/risk_state_blend.json — starting fresh
2026-04-27 16:57:05 | INFO     | ayumi.forward_test | BlendForwardTestRunner started — balance=$100000.00
2026-04-27 16:57:05 | INFO     | ayumi.blend_launcher | Preloaded 99 H1 bars into engine._bars['GBPUSD']
2026-04-27 16:57:05 | INFO     | ayumi.blend_launcher | === STARTING MULTI-STRATEGY FORWARD TEST ===
2026-04-27 16:57:05 | INFO     | ayumi.blend_launcher | Pipeline: SRMR+ + Killzone + Momentum → Correlation Gate → Blend Runner → Paper
2026-04-27 16:59:37 | INFO     | ayumi.blend_launcher | === Ayumi Multi-Strategy Forward Test (Blend Pipeline) ===
2026-04-27 16:59:39 | INFO     | ayumi.blend_launcher | Fetching 100 H1 bars (symbol_id=2) from OpenAPI...
2026-04-27 16:59:41 | INFO     | ayumi.blend_launcher | Twisted reactor stopped cleanly
2026-04-27 16:59:41 | INFO     | ayumi.blend_launcher | Fetched 99 bars
2026-04-27 16:59:41 | INFO     | ayumi.blend_launcher | Registered 3 strategies: ['SRMR+', 'Killzone Momentum', 'Donchian Channel Breakout']
2026-04-27 16:59:41 | WARNING  | ayumi.risk | No state file at data/risk_state_blend.json — starting fresh
2026-04-27 16:59:41 | INFO     | ayumi.forward_test | BlendForwardTestRunner started — balance=$100000.00
2026-04-27 16:59:41 | INFO     | ayumi.blend_launcher | Preloaded 99 H1 bars into engine._bars['GBPUSD']
2026-04-27 16:59:41 | INFO     | ayumi.blend_launcher | === STARTING MULTI-STRATEGY FORWARD TEST ===
2026-04-27 16:59:41 | INFO     | ayumi.blend_launcher | Pipeline: SRMR+ + Killzone + Momentum → Correlation Gate → Blend Runner → Paper
2026-04-27 17:07:21 | INFO     | ayumi.blend_launcher | === Ayumi Multi-Strategy Forward Test (Blend Pipeline) ===
2026-04-27 17:07:24 | INFO     | ayumi.blend_launcher | Fetching 100 H1 bars (symbol_id=2) from OpenAPI...
2026-04-27 17:07:26 | INFO     | ayumi.blend_launcher | Twisted reactor stopped cleanly
2026-04-27 17:07:26 | INFO     | ayumi.blend_launcher | Fetched 99 bars
2026-04-27 17:07:26 | INFO     | ayumi.blend_launcher | Registered 3 strategies: ['SRMR+', 'Killzone Momentum', 'Donchian Channel Breakout']
2026-04-27 17:07:26 | WARNING  | ayumi.risk | No state file at data/risk_state_blend.json — starting fresh
2026-04-27 17:07:26 | INFO     | ayumi.forward_test | BlendForwardTestRunner started — balance=$100000.00
2026-04-27 17:07:26 | INFO     | ayumi.blend_launcher | Preloaded 99 H1 bars into engine._bars['GBPUSD']
2026-04-27 17:07:26 | INFO     | ayumi.blend_launcher | === STARTING MULTI-STRATEGY FORWARD TEST ===
2026-04-27 17:07:26 | INFO     | ayumi.blend_launcher | Pipeline: SRMR+ + Killzone + Momentum → Correlation Gate → Blend Runner → Paper
2026-04-27 17:12:12 | INFO     | ayumi.blend_launcher | === Ayumi Multi-Strategy Forward Test (Blend Pipeline) ===
2026-04-27 17:12:15 | INFO     | ayumi.blend_launcher | Fetching 100 H1 bars (symbol_id=2) from OpenAPI...
2026-04-27 17:12:17 | INFO     | ayumi.blend_launcher | Twisted reactor stopped cleanly
2026-04-27 17:12:17 | INFO     | ayumi.blend_launcher | Fetched 99 bars
2026-04-27 17:12:17 | INFO     | ayumi.blend_launcher | Registered 3 strategies: ['SRMR+', 'Killzone Momentum', 'Donchian Channel Breakout']
2026-04-27 17:12:17 | WARNING  | ayumi.risk | No state file at data/risk_state_blend.json — starting fresh
2026-04-27 17:12:17 | INFO     | ayumi.forward_test | BlendForwardTestRunner started — balance=$100000.00
2026-04-27 17:12:17 | INFO     | ayumi.blend_launcher | Preloaded 99 H1 bars into engine._bars['GBPUSD']
2026-04-27 17:12:17 | INFO     | ayumi.blend_launcher | === STARTING MULTI-STRATEGY FORWARD TEST ===
2026-04-27 17:12:17 | INFO     | ayumi.blend_launcher | Pipeline: SRMR+ + Killzone + Momentum → Correlation Gate → Blend Runner → Paper
2026-04-27 17:17:37 | INFO     | ayumi.blend_launcher | === Ayumi Multi-Strategy Forward Test (Blend Pipeline) ===
2026-04-27 17:17:40 | INFO     | ayumi.blend_launcher | Fetching 100 H1 bars (symbol_id=2) from OpenAPI...
2026-04-27 17:17:42 | INFO     | ayumi.blend_launcher | Twisted reactor stopped cleanly
2026-04-27 17:17:42 | INFO     | ayumi.blend_launcher | Fetched 99 bars
2026-04-27 17:17:42 | INFO     | ayumi.blend_launcher | Registered 3 strategies: ['SRMR+', 'Killzone Momentum', 'Donchian Channel Breakout']
2026-04-27 17:17:42 | WARNING  | ayumi.risk | No state file at data/risk_state_blend.json — starting fresh
2026-04-27 17:17:42 | INFO     | ayumi.forward_test | BlendForwardTestRunner started — balance=$100000.00
2026-04-27 17:17:42 | INFO     | ayumi.blend_launcher | Preloaded 99 H1 bars into engine._bars['GBPUSD']
2026-04-27 17:17:42 | INFO     | ayumi.blend_launcher | === STARTING MULTI-STRATEGY FORWARD TEST ===
2026-04-27 17:17:42 | INFO     | ayumi.blend_launcher | Pipeline: SRMR+ + Killzone + Momentum → Correlation Gate → Blend Runner → Paper
2026-04-27 17:19:22 | INFO     | ayumi.blend_launcher | === Ayumi Multi-Strategy Forward Test (Blend Pipeline) ===
2026-04-27 17:19:25 | INFO     | ayumi.blend_launcher | Fetching 100 H1 bars (symbol_id=2) from OpenAPI...
2026-04-27 17:19:27 | INFO     | ayumi.blend_launcher | Twisted reactor stopped cleanly
2026-04-27 17:19:27 | INFO     | ayumi.blend_launcher | Fetched 99 bars
2026-04-27 17:19:27 | INFO     | ayumi.blend_launcher | Registered 3 strategies: ['SRMR+', 'Killzone Momentum', 'Donchian Channel Breakout']
2026-04-27 17:19:27 | WARNING  | ayumi.risk | No state file at data/risk_state_blend.json — starting fresh
2026-04-27 17:19:27 | INFO     | ayumi.forward_test | BlendForwardTestRunner started — balance=$100000.00
2026-04-27 17:19:27 | INFO     | ayumi.blend_launcher | Preloaded 99 H1 bars into engine._bars['GBPUSD']
2026-04-27 17:19:27 | INFO     | ayumi.blend_launcher | === STARTING MULTI-STRATEGY FORWARD TEST ===
2026-04-27 17:19:27 | INFO     | ayumi.blend_launcher | Pipeline: SRMR+ + Killzone + Momentum → Correlation Gate → Blend Runner → Paper
2026-04-27 17:21:28 | INFO     | ayumi.blend_launcher | === Ayumi Multi-Strategy Forward Test (Blend Pipeline) ===
2026-04-27 17:21:30 | INFO     | ayumi.blend_launcher | Fetching 100 H1 bars (symbol_id=2) from OpenAPI...
2026-04-27 17:21:32 | INFO     | ayumi.blend_launcher | Twisted reactor stopped cleanly
2026-04-27 17:21:32 | INFO     | ayumi.blend_launcher | Fetched 99 bars
2026-04-27 17:21:32 | INFO     | ayumi.blend_launcher | Registered 3 strategies: ['SRMR+', 'Killzone Momentum', 'Donchian Channel Breakout']
2026-04-27 17:21:32 | WARNING  | ayumi.risk | No state file at data/risk_state_blend.json — starting fresh
2026-04-27 17:21:32 | INFO     | ayumi.forward_test | BlendForwardTestRunner started — balance=$100000.00
2026-04-27 17:21:32 | INFO     | ayumi.blend_launcher | Preloaded 99 H1 bars into engine._bars['GBPUSD']
2026-04-27 17:21:32 | INFO     | ayumi.blend_launcher | === STARTING MULTI-STRATEGY FORWARD TEST ===
2026-04-27 17:21:32 | INFO     | ayumi.blend_launcher | Pipeline: SRMR+ + Killzone + Momentum → Correlation Gate → Blend Runner → Paper
2026-04-27 17:25:58 | INFO     | ayumi.blend_launcher | === Ayumi Multi-Strategy Forward Test (Blend Pipeline) ===
2026-04-27 17:26:01 | INFO     | ayumi.blend_launcher | Fetching 100 H1 bars (symbol_id=2) from OpenAPI...
2026-04-27 17:26:03 | INFO     | ayumi.blend_launcher | Twisted reactor stopped cleanly
2026-04-27 17:26:03 | INFO     | ayumi.blend_launcher | Fetched 99 bars
2026-04-27 17:26:03 | INFO     | ayumi.blend_launcher | Registered 3 strategies: ['SRMR+', 'Killzone Momentum', 'Donchian Channel Breakout']
2026-04-27 17:26:03 | WARNING  | ayumi.risk | No state file at data/risk_state_blend.json — starting fresh
2026-04-27 17:26:03 | INFO     | ayumi.forward_test | BlendForwardTestRunner started — balance=$100000.00
2026-04-27 17:26:03 | INFO     | ayumi.blend_launcher | Preloaded 99 H1 bars into engine._bars['GBPUSD']
2026-04-27 17:26:03 | INFO     | ayumi.blend_launcher | === STARTING MULTI-STRATEGY FORWARD TEST ===
2026-04-27 17:26:03 | INFO     | ayumi.blend_launcher | Pipeline: SRMR+ + Killzone + Momentum → Correlation Gate → Blend Runner → Paper
2026-04-27 17:27:41 | INFO     | ayumi.blend_launcher | === Ayumi Multi-Strategy Forward Test (Blend Pipeline) ===
2026-04-27 17:27:44 | INFO     | ayumi.blend_launcher | Fetching 100 H1 bars (symbol_id=2) from OpenAPI...
2026-04-27 17:27:46 | INFO     | ayumi.blend_launcher | Twisted reactor stopped cleanly
2026-04-27 17:27:46 | INFO     | ayumi.blend_launcher | Fetched 99 bars
2026-04-27 17:27:46 | INFO     | ayumi.blend_launcher | Registered 3 strategies: ['SRMR+', 'Killzone Momentum', 'Donchian Channel Breakout']
2026-04-27 17:27:46 | WARNING  | ayumi.risk | No state file at data/risk_state_blend.json — starting fresh
2026-04-27 17:27:46 | INFO     | ayumi.forward_test | BlendForwardTestRunner started — balance=$100000.00
2026-04-27 17:27:46 | INFO     | ayumi.blend_launcher | Preloaded 99 H1 bars into engine._bars['GBPUSD']
2026-04-27 17:27:46 | INFO     | ayumi.blend_launcher | === STARTING MULTI-STRATEGY FORWARD TEST ===
2026-04-27 17:27:46 | INFO     | ayumi.blend_launcher | Pipeline: SRMR+ + Killzone + Momentum → Correlation Gate → Blend Runner → Paper
2026-04-27 17:32:36 | INFO     | ayumi.blend_launcher | === Ayumi Multi-Strategy Forward Test (Blend Pipeline) ===
2026-04-27 17:32:39 | INFO     | ayumi.blend_launcher | Fetching 100 H1 bars (symbol_id=2) from OpenAPI...
2026-04-27 17:32:41 | INFO     | ayumi.blend_launcher | Twisted reactor stopped cleanly
2026-04-27 17:32:41 | INFO     | ayumi.blend_launcher | Fetched 99 bars
2026-04-27 17:32:41 | INFO     | ayumi.blend_launcher | Registered 3 strategies: ['SRMR+', 'Killzone Momentum', 'Donchian Channel Breakout']
2026-04-27 17:32:41 | WARNING  | ayumi.risk | No state file at data/risk_state_blend.json — starting fresh
2026-04-27 17:32:41 | INFO     | ayumi.forward_test | BlendForwardTestRunner started — balance=$100000.00
2026-04-27 17:32:41 | INFO     | ayumi.blend_launcher | Preloaded 99 H1 bars into engine._bars['GBPUSD']
2026-04-27 17:32:41 | INFO     | ayumi.blend_launcher | === STARTING MULTI-STRATEGY FORWARD TEST ===
2026-04-27 17:32:41 | INFO     | ayumi.blend_launcher | Pipeline: SRMR+ + Killzone + Momentum → Correlation Gate → Blend Runner → Paper
2026-04-27 17:36:43 | INFO     | ayumi.blend_launcher | === Ayumi Multi-Strategy Forward Test (Blend Pipeline) ===
2026-04-27 17:36:46 | INFO     | ayumi.blend_launcher | Fetching 100 H1 bars (symbol_id=2) from OpenAPI...
2026-04-27 17:36:48 | INFO     | ayumi.blend_launcher | Twisted reactor stopped cleanly
2026-04-27 17:36:48 | INFO     | ayumi.blend_launcher | Fetched 99 bars
2026-04-27 17:36:48 | INFO     | ayumi.blend_launcher | Registered 3 strategies: ['SRMR+', 'Killzone Momentum', 'Donchian Channel Breakout']
2026-04-27 17:36:48 | WARNING  | ayumi.risk | No state file at data/risk_state_blend.json — starting fresh
2026-04-27 17:36:48 | INFO     | ayumi.forward_test | BlendForwardTestRunner started — balance=$100000.00
2026-04-27 17:36:48 | INFO     | ayumi.blend_launcher | Preloaded 99 H1 bars into engine._bars['GBPUSD']
2026-04-27 17:36:48 | INFO     | ayumi.blend_launcher | === STARTING MULTI-STRATEGY FORWARD TEST ===
2026-04-27 17:36:48 | INFO     | ayumi.blend_launcher | Pipeline: SRMR+ + Killzone + Momentum → Correlation Gate → Blend Runner → Paper
2026-04-27 17:38:09 | INFO     | ayumi.blend_launcher | === Ayumi Multi-Strategy Forward Test (Blend Pipeline) ===
2026-04-27 17:38:09 | INFO     | ayumi.blend_launcher | === Ayumi Multi-Strategy Forward Test (Blend Pipeline) ===
2026-04-27 17:38:12 | INFO     | ayumi.blend_launcher | Fetching 100 H1 bars (symbol_id=2) from OpenAPI...
2026-04-27 17:38:12 | INFO     | ayumi.blend_launcher | Fetching 100 H1 bars (symbol_id=2) from OpenAPI...
Unhandled Error
Traceback (most recent call last):
  File "/usr/lib/python3.12/threading.py", line 1073, in _bootstrap_inner
    self.run()
  File "/usr/lib/python3.12/threading.py", line 1010, in run
    self._target(*self._args, **self._kwargs)
  File "/home/TacoPants/projects/Ayumi/.venv/lib/python3.12/site-packages/twisted/internet/base.py", line 695, in run
    self.mainLoop()
  File "/home/TacoPants/projects/Ayumi/.venv/lib/python3.12/site-packages/twisted/internet/base.py", line 705, in mainLoop
    self.runUntilCurrent()
--- <exception caught here> ---
  File "/home/TacoPants/projects/Ayumi/.venv/lib/python3.12/site-packages/twisted/internet/base.py", line 1063, in runUntilCurrent
    f(*a, **kw)
  File "/home/TacoPants/projects/Ayumi/.venv/lib/python3.12/site-packages/twisted/internet/base.py", line 794, in stop
    raise error.ReactorNotRunning("Can't stop reactor that isn't running.")
twisted.internet.error.ReactorNotRunning: Can't stop reactor that isn't running.

Unhandled Error
Traceback (most recent call last):
  File "/home/TacoPants/projects/Ayumi/.venv/lib/python3.12/site-packages/twisted/internet/base.py", line 504, in fireEvent
    DeferredList(beforeResults).addCallback(self._continueFiring)
  File "/home/TacoPants/projects/Ayumi/.venv/lib/python3.12/site-packages/twisted/internet/defer.py", line 623, in addCallback
    return self.addCallbacks(callback, callbackArgs=args, callbackKeywords=kwargs)
  File "/home/TacoPants/projects/Ayumi/.venv/lib/python3.12/site-packages/twisted/internet/defer.py", line 536, in addCallbacks
    self._runCallbacks()
  File "/home/TacoPants/projects/Ayumi/.venv/lib/python3.12/site-packages/twisted/internet/defer.py", line 1078, in _runCallbacks
    current.result = callback(  # type: ignore[misc]
--- <exception caught here> ---
  File "/home/TacoPants/projects/Ayumi/.venv/lib/python3.12/site-packages/twisted/internet/base.py", line 516, in _continueFiring
    callable(*args, **kwargs)
  File "/home/TacoPants/projects/Ayumi/.venv/lib/python3.12/site-packages/twisted/internet/base.py", line 1180, in _stopThreadPool
    self.threadpool.stop()
  File "/home/TacoPants/projects/Ayumi/.venv/lib/python3.12/site-packages/twisted/python/threadpool.py", line 298, in stop
    self._team.quit()
  File "/home/TacoPants/projects/Ayumi/.venv/lib/python3.12/site-packages/twisted/_threads/_team.py", line 226, in quit
    self._quit.set()
  File "/home/TacoPants/projects/Ayumi/.venv/lib/python3.12/site-packages/twisted/_threads/_convenience.py", line 33, in set
    self.check()
  File "/home/TacoPants/projects/Ayumi/.venv/lib/python3.12/site-packages/twisted/_threads/_convenience.py", line 43, in check
    raise AlreadyQuit()
twisted._threads._ithreads.AlreadyQuit: 

2026-04-27 17:38:14 | INFO     | ayumi.blend_launcher | Twisted reactor stopped cleanly
2026-04-27 17:38:14 | INFO     | ayumi.blend_launcher | Twisted reactor stopped cleanly
2026-04-27 17:38:14 | INFO     | ayumi.blend_launcher | Fetched 99 bars
2026-04-27 17:38:14 | INFO     | ayumi.blend_launcher | Fetched 99 bars
2026-04-27 17:38:14 | INFO     | ayumi.blend_launcher | Registered 3 strategies: ['SRMR+', 'Killzone Momentum', 'Donchian Channel Breakout']
2026-04-27 17:38:14 | INFO     | ayumi.blend_launcher | Registered 3 strategies: ['SRMR+', 'Killzone Momentum', 'Donchian Channel Breakout']
2026-04-27 17:38:14 | WARNING  | ayumi.risk | No state file at data/risk_state_blend.json — starting fresh
2026-04-27 17:38:14 | WARNING  | ayumi.risk | No state file at data/risk_state_blend.json — starting fresh
2026-04-27 17:38:14 | INFO     | ayumi.forward_test | BlendForwardTestRunner started — balance=$100000.00
2026-04-27 17:38:14 | INFO     | ayumi.forward_test | BlendForwardTestRunner started — balance=$100000.00
2026-04-27 17:38:14 | INFO     | ayumi.blend_launcher | Preloaded 99 H1 bars into engine._bars['GBPUSD']
2026-04-27 17:38:14 | INFO     | ayumi.blend_launcher | Preloaded 99 H1 bars into engine._bars['GBPUSD']
2026-04-27 17:38:14 | INFO     | ayumi.blend_launcher | === STARTING MULTI-STRATEGY FORWARD TEST ===
2026-04-27 17:38:14 | INFO     | ayumi.blend_launcher | === STARTING MULTI-STRATEGY FORWARD TEST ===
2026-04-27 17:38:14 | INFO     | ayumi.blend_launcher | Pipeline: SRMR+ + Killzone + Momentum → Correlation Gate → Blend Runner → Paper
2026-04-27 17:38:14 | INFO     | ayumi.blend_launcher | Pipeline: SRMR+ + Killzone + Momentum → Correlation Gate → Blend Runner → Paper
2026-04-27 17:39:02 | INFO     | ayumi.blend_launcher | === Ayumi Multi-Strategy Forward Test (Blend Pipeline) ===
2026-04-27 17:39:02 | INFO     | ayumi.blend_launcher | === Ayumi Multi-Strategy Forward Test (Blend Pipeline) ===
2026-04-27 17:39:05 | INFO     | ayumi.blend_launcher | Fetching 100 H1 bars (symbol_id=2) from OpenAPI...
2026-04-27 17:39:05 | INFO     | ayumi.blend_launcher | Fetching 100 H1 bars (symbol_id=2) from OpenAPI...
2026-04-27 17:39:07 | INFO     | ayumi.blend_launcher | Twisted reactor stopped cleanly
2026-04-27 17:39:07 | INFO     | ayumi.blend_launcher | Twisted reactor stopped cleanly
2026-04-27 17:39:07 | INFO     | ayumi.blend_launcher | Fetched 99 bars
2026-04-27 17:39:07 | INFO     | ayumi.blend_launcher | Fetched 99 bars
2026-04-27 17:39:07 | INFO     | ayumi.blend_launcher | Registered 3 strategies: ['SRMR+', 'Killzone Momentum', 'Donchian Channel Breakout']
2026-04-27 17:39:07 | INFO     | ayumi.blend_launcher | Registered 3 strategies: ['SRMR+', 'Killzone Momentum', 'Donchian Channel Breakout']
2026-04-27 17:39:07 | WARNING  | ayumi.risk | No state file at data/risk_state_blend.json — starting fresh
2026-04-27 17:39:07 | WARNING  | ayumi.risk | No state file at data/risk_state_blend.json — starting fresh
2026-04-27 17:39:07 | INFO     | ayumi.forward_test | BlendForwardTestRunner started — balance=$100000.00
2026-04-27 17:39:07 | INFO     | ayumi.forward_test | BlendForwardTestRunner started — balance=$100000.00
2026-04-27 17:39:07 | INFO     | ayumi.blend_launcher | Preloaded 99 H1 bars into engine._bars['GBPUSD']
2026-04-27 17:39:07 | INFO     | ayumi.blend_launcher | Preloaded 99 H1 bars into engine._bars['GBPUSD']
2026-04-27 17:39:07 | INFO     | ayumi.blend_launcher | === STARTING MULTI-STRATEGY FORWARD TEST ===
2026-04-27 17:39:07 | INFO     | ayumi.blend_launcher | === STARTING MULTI-STRATEGY FORWARD TEST ===
2026-04-27 17:39:07 | INFO     | ayumi.blend_launcher | Pipeline: SRMR+ + Killzone + Momentum → Correlation Gate → Blend Runner → Paper
2026-04-27 17:39:07 | INFO     | ayumi.blend_launcher | Pipeline: SRMR+ + Killzone + Momentum → Correlation Gate → Blend Runner → Paper
Unhandled Error
Traceback (most recent call last):
  File "/home/TacoPants/projects/Ayumi/.venv/lib/python3.12/site-packages/twisted/internet/base.py", line 504, in fireEvent
    DeferredList(beforeResults).addCallback(self._continueFiring)
  File "/home/TacoPants/projects/Ayumi/.venv/lib/python3.12/site-packages/twisted/internet/defer.py", line 623, in addCallback
    return self.addCallbacks(callback, callbackArgs=args, callbackKeywords=kwargs)
  File "/home/TacoPants/projects/Ayumi/.venv/lib/python3.12/site-packages/twisted/internet/defer.py", line 536, in addCallbacks
    self._runCallbacks()
  File "/home/TacoPants/projects/Ayumi/.venv/lib/python3.12/site-packages/twisted/internet/defer.py", line 1078, in _runCallbacks
    current.result = callback(  # type: ignore[misc]
--- <exception caught here> ---
  File "/home/TacoPants/projects/Ayumi/.venv/lib/python3.12/site-packages/twisted/internet/base.py", line 516, in _continueFiring
    callable(*args, **kwargs)
  File "/home/TacoPants/projects/Ayumi/.venv/lib/python3.12/site-packages/twisted/internet/base.py", line 1180, in _stopThreadPool
    self.threadpool.stop()
  File "/home/TacoPants/projects/Ayumi/.venv/lib/python3.12/site-packages/twisted/python/threadpool.py", line 298, in stop
    self._team.quit()
  File "/home/TacoPants/projects/Ayumi/.venv/lib/python3.12/site-packages/twisted/_threads/_team.py", line 226, in quit
    self._quit.set()
  File "/home/TacoPants/projects/Ayumi/.venv/lib/python3.12/site-packages/twisted/_threads/_convenience.py", line 33, in set
    self.check()
  File "/home/TacoPants/projects/Ayumi/.venv/lib/python3.12/site-packages/twisted/_threads/_convenience.py", line 43, in check
    raise AlreadyQuit()
twisted._threads._ithreads.AlreadyQuit: 

2026-04-27 17:39:22 | INFO     | ayumi.blend_launcher | === Ayumi Multi-Strategy Forward Test (Blend Pipeline) ===
2026-04-27 17:39:24 | INFO     | ayumi.blend_launcher | Fetching 100 H1 bars (symbol_id=2) from OpenAPI...
2026-04-27 17:39:27 | INFO     | ayumi.blend_launcher | Twisted reactor stopped cleanly
2026-04-27 17:39:27 | INFO     | ayumi.blend_launcher | Fetched 99 bars
2026-04-27 17:39:27 | INFO     | ayumi.blend_launcher | Registered 3 strategies: ['SRMR+', 'Killzone Momentum', 'Donchian Channel Breakout']
2026-04-27 17:39:27 | WARNING  | ayumi.risk | No state file at data/risk_state_blend.json — starting fresh
2026-04-27 17:39:27 | INFO     | ayumi.forward_test | BlendForwardTestRunner started — balance=$100000.00
2026-04-27 17:39:27 | INFO     | ayumi.blend_launcher | Preloaded 99 H1 bars into engine._bars['GBPUSD']
2026-04-27 17:39:27 | INFO     | ayumi.blend_launcher | === STARTING MULTI-STRATEGY FORWARD TEST ===
2026-04-27 17:39:27 | INFO     | ayumi.blend_launcher | Pipeline: SRMR+ + Killzone + Momentum → Correlation Gate → Blend Runner → Paper
2026-04-27 21:00:20 | INFO     | ayumi.forward_test | TEST: ayumi.forward_test logger works
2026-04-27 21:00:46 | INFO     | ayumi.blend_launcher | === Ayumi Multi-Strategy Forward Test (Blend Pipeline) ===
2026-04-27 21:00:49 | INFO     | ayumi.blend_launcher | Fetching 100 H1 bars (symbol_id=2) from OpenAPI...
2026-04-27 21:00:51 | INFO     | ayumi.blend_launcher | Twisted reactor stopped cleanly
2026-04-27 21:00:51 | INFO     | ayumi.blend_launcher | Fetched 99 bars
2026-04-27 21:00:51 | INFO     | ayumi.blend_launcher | Registered 3 strategies: ['SRMR+', 'Killzone Momentum', 'Donchian Channel Breakout']
2026-04-27 21:00:51 | WARNING  | ayumi.risk | No state file at data/risk_state_blend.json — starting fresh
2026-04-27 21:00:51 | INFO     | ayumi.forward_test | BlendForwardTestRunner started — balance=$10000.00
2026-04-27 21:00:51 | INFO     | ayumi.blend_launcher | Preloaded 99 H1 bars into engine._bars['GBPUSD']
2026-04-27 21:00:51 | INFO     | ayumi.blend_launcher | === STARTING MULTI-STRATEGY FORWARD TEST ===
2026-04-27 21:00:51 | INFO     | ayumi.blend_launcher | Pipeline: SRMR+ + Killzone + Momentum → Correlation Gate → Blend Runner → Paper
2026-04-27 21:00:51 | INFO     | ayumi.forward_test | Market data feed connected for GBPUSD
2026-04-27 21:00:51 | INFO     | ayumi.forward_test | Forward test started: symbol=GBPUSD strategies=['SRMR+', 'Killzone Momentum', 'Donchian Channel Breakout'] mode=PAPER eval_interval=1.0s bar_period=60m
2026-04-27 21:12:27 | INFO     | ayumi.forward_test | Shutdown signal received (sig=15)
2026-04-27 21:12:27 | INFO     | ayumi.forward_test | Forward test stopped: balance=10000.00 trades=0 pnl=0.00 errors=0 reconnects=0
2026-04-27 21:17:52 | INFO     | ayumi.blend_launcher | === Ayumi Multi-Strategy Forward Test (Blend Pipeline) ===
2026-04-27 21:17:55 | INFO     | ayumi.blend_launcher | Fetching 100 H1 bars (symbol_id=2) from OpenAPI...
2026-04-27 21:17:57 | INFO     | ayumi.blend_launcher | Twisted reactor stopped cleanly
2026-04-27 21:17:57 | INFO     | ayumi.blend_launcher | Fetched 99 bars
2026-04-27 21:17:57 | INFO     | ayumi.blend_launcher | Registered 3 strategies: ['SRMR+', 'Killzone Momentum', 'Donchian Channel Breakout']
2026-04-27 21:17:57 | WARNING  | ayumi.risk | No state file at data/risk_state_blend.json — starting fresh
2026-04-27 21:17:57 | INFO     | ayumi.forward_test | BlendForwardTestRunner started — balance=$10000.00
2026-04-27 21:17:57 | INFO     | ayumi.blend_launcher | Preloaded 99 H1 bars into engine._bars['GBPUSD']
2026-04-27 21:17:57 | INFO     | ayumi.blend_launcher | === STARTING MULTI-STRATEGY FORWARD TEST ===
2026-04-27 21:17:57 | INFO     | ayumi.blend_launcher | Pipeline: SRMR+ + Killzone + Momentum → Correlation Gate → Blend Runner → Paper
2026-04-27 21:17:57 | INFO     | ayumi.forward_test | Market data feed connected for GBPUSD
2026-04-27 21:17:57 | INFO     | ayumi.forward_test | Forward test started: symbol=GBPUSD strategies=['SRMR+', 'Killzone Momentum', 'Donchian Channel Breakout'] mode=PAPER eval_interval=1.0s bar_period=60m
2026-04-27 21:38:23 | INFO     | ayumi.forward_test | Shutdown signal received (sig=15)
2026-04-27 21:38:23 | INFO     | ayumi.forward_test | Forward test stopped: balance=10000.00 trades=0 pnl=0.00 errors=0 reconnects=0
2026-04-27 21:38:24 | INFO     | ayumi.forward_test | Shutdown signal received (sig=15)
2026-04-27 22:44:29 | INFO     | ayumi.blend_launcher | === Ayumi Multi-Strategy Forward Test (Blend Pipeline) ===
2026-04-27 22:44:32 | INFO     | ayumi.blend_launcher | Fetching 100 H1 bars (symbol_id=2) from OpenAPI...
2026-04-27 22:44:34 | INFO     | ayumi.blend_launcher | Twisted reactor stopped cleanly
2026-04-27 22:44:34 | INFO     | ayumi.blend_launcher | Fetched 99 bars
2026-04-27 22:44:34 | INFO     | ayumi.blend_launcher | Registered 3 strategies: ['SRMR+', 'Killzone Momentum', 'Donchian Channel Breakout']
2026-04-27 22:44:34 | WARNING  | ayumi.risk | No state file at data/risk_state_blend.json — starting fresh
2026-04-27 22:44:34 | INFO     | ayumi.forward_test | BlendForwardTestRunner started — balance=$10000.00
2026-04-27 22:44:34 | INFO     | ayumi.blend_launcher | Preloaded 99 H1 bars into engine._bars['GBPUSD']
2026-04-27 22:44:34 | INFO     | ayumi.blend_launcher | === STARTING MULTI-STRATEGY FORWARD TEST ===
2026-04-27 22:44:34 | INFO     | ayumi.blend_launcher | Pipeline: SRMR+ + Killzone + Momentum → Correlation Gate → Blend Runner → Paper
2026-04-27 22:44:34 | INFO     | ayumi.forward_test | Market data feed connected for GBPUSD
2026-04-27 22:44:34 | INFO     | ayumi.forward_test | Forward test started: symbol=GBPUSD strategies=['SRMR+', 'Killzone Momentum', 'Donchian Channel Breakout'] mode=PAPER eval_interval=1.0s bar_period=60m
2026-04-27 22:51:24 | WARNING  | ayumi.forward_test | Connection health check failed: connected=True last_tick_ago=401.2s threshold=400.0s — reconnecting
2026-04-27 22:51:24 | INFO     | ayumi.forward_test | Reconnection attempt 1 (backoff=5.0s)
2026-04-27 22:51:24 | INFO     | ayumi.forward_test | Market data feed connected for GBPUSD
2026-04-27 22:51:24 | INFO     | ayumi.forward_test | Reconnection successful — reset consecutive failure counter
2026-04-27 22:58:24 | WARNING  | ayumi.forward_test | Connection health check failed: connected=True last_tick_ago=402.3s threshold=400.0s — reconnecting
2026-04-27 22:58:24 | INFO     | ayumi.forward_test | Reconnection attempt 1 (backoff=5.0s)
2026-04-27 22:58:25 | INFO     | ayumi.forward_test | Market data feed connected for GBPUSD
2026-04-27 22:58:25 | INFO     | ayumi.forward_test | Reconnection successful — reset consecutive failure counter
2026-04-27 23:05:45 | WARNING  | ayumi.forward_test | Connection health check failed: connected=True last_tick_ago=408.0s threshold=400.0s — reconnecting
2026-04-27 23:05:45 | INFO     | ayumi.forward_test | Reconnection attempt 1 (backoff=5.0s)
2026-04-27 23:05:45 | INFO     | ayumi.forward_test | Market data feed connected for GBPUSD
2026-04-27 23:05:45 | INFO     | ayumi.forward_test | Reconnection successful — reset consecutive failure counter
2026-04-27 23:12:45 | WARNING  | ayumi.forward_test | Connection health check failed: connected=True last_tick_ago=404.4s threshold=400.0s — reconnecting
2026-04-27 23:12:45 | INFO     | ayumi.forward_test | Reconnection attempt 1 (backoff=5.0s)
2026-04-27 23:12:45 | INFO     | ayumi.forward_test | Market data feed connected for GBPUSD
2026-04-27 23:12:45 | INFO     | ayumi.forward_test | Reconnection successful — reset consecutive failure counter
2026-04-27 23:20:05 | WARNING  | ayumi.forward_test | Connection health check failed: connected=True last_tick_ago=408.3s threshold=400.0s — reconnecting
2026-04-27 23:20:05 | INFO     | ayumi.forward_test | Reconnection attempt 1 (backoff=5.0s)
2026-04-27 23:20:06 | INFO     | ayumi.forward_test | Market data feed connected for GBPUSD
2026-04-27 23:20:06 | INFO     | ayumi.forward_test | Reconnection successful — reset consecutive failure counter
2026-04-27 23:27:46 | WARNING  | ayumi.forward_test | Connection health check failed: connected=True last_tick_ago=405.8s threshold=400.0s — reconnecting
2026-04-27 23:27:46 | INFO     | ayumi.forward_test | Reconnection attempt 1 (backoff=5.0s)
2026-04-27 23:27:46 | INFO     | ayumi.forward_test | Market data feed connected for GBPUSD
2026-04-27 23:27:46 | INFO     | ayumi.forward_test | Reconnection successful — reset consecutive failure counter
2026-04-27 23:35:36 | WARNING  | ayumi.forward_test | Connection health check failed: connected=True last_tick_ago=408.0s threshold=400.0s — reconnecting
2026-04-27 23:35:36 | INFO     | ayumi.forward_test | Reconnection attempt 1 (backoff=5.0s)
2026-04-27 23:35:36 | INFO     | ayumi.forward_test | Market data feed connected for GBPUSD
2026-04-27 23:35:36 | INFO     | ayumi.forward_test | Reconnection successful — reset consecutive failure counter
2026-04-27 23:43:36 | WARNING  | ayumi.forward_test | Connection health check failed: connected=True last_tick_ago=409.6s threshold=400.0s — reconnecting
2026-04-27 23:43:36 | INFO     | ayumi.forward_test | Reconnection attempt 1 (backoff=5.0s)
2026-04-27 23:43:37 | INFO     | ayumi.forward_test | Market data feed connected for GBPUSD
2026-04-27 23:43:37 | INFO     | ayumi.forward_test | Reconnection successful — reset consecutive failure counter
2026-04-27 23:50:27 | WARNING  | ayumi.forward_test | Connection health check failed: connected=True last_tick_ago=404.6s threshold=400.0s — reconnecting
2026-04-27 23:50:27 | INFO     | ayumi.forward_test | Reconnection attempt 1 (backoff=5.0s)
2026-04-27 23:50:27 | INFO     | ayumi.forward_test | Market data feed connected for GBPUSD
2026-04-27 23:50:27 | INFO     | ayumi.forward_test | Reconnection successful — reset consecutive failure counter
2026-04-27 23:57:47 | WARNING  | ayumi.forward_test | Connection health check failed: connected=True last_tick_ago=408.3s threshold=400.0s — reconnecting
2026-04-27 23:57:47 | INFO     | ayumi.forward_test | Reconnection attempt 1 (backoff=5.0s)
2026-04-27 23:57:47 | INFO     | ayumi.forward_test | Market data feed connected for GBPUSD
2026-04-27 23:57:47 | INFO     | ayumi.forward_test | Reconnection successful — reset consecutive failure counter
2026-04-28 00:04:37 | WARNING  | ayumi.forward_test | Connection health check failed: connected=True last_tick_ago=402.2s threshold=400.0s — reconnecting
2026-04-28 00:04:37 | INFO     | ayumi.forward_test | Reconnection attempt 1 (backoff=5.0s)
2026-04-28 00:04:38 | INFO     | ayumi.forward_test | Market data feed connected for GBPUSD
2026-04-28 00:04:38 | INFO     | ayumi.forward_test | Reconnection successful — reset consecutive failure counter
2026-04-28 00:11:58 | WARNING  | ayumi.forward_test | Connection health check failed: connected=True last_tick_ago=409.0s threshold=400.0s — reconnecting
2026-04-28 00:11:58 | INFO     | ayumi.forward_test | Reconnection attempt 1 (backoff=5.0s)
2026-04-28 00:11:58 | INFO     | ayumi.forward_test | Market data feed connected for GBPUSD
2026-04-28 00:11:58 | INFO     | ayumi.forward_test | Reconnection successful — reset consecutive failure counter
2026-04-28 00:19:18 | WARNING  | ayumi.forward_test | Connection health check failed: connected=True last_tick_ago=400.1s threshold=400.0s — reconnecting
2026-04-28 00:19:18 | INFO     | ayumi.forward_test | Reconnection attempt 1 (backoff=5.0s)
2026-04-28 00:19:18 | INFO     | ayumi.forward_test | Market data feed connected for GBPUSD
2026-04-28 00:19:18 | INFO     | ayumi.forward_test | Reconnection successful — reset consecutive failure counter
2026-04-28 00:26:08 | WARNING  | ayumi.forward_test | Connection health check failed: connected=True last_tick_ago=409.9s threshold=400.0s — reconnecting
2026-04-28 00:26:08 | INFO     | ayumi.forward_test | Reconnection attempt 1 (backoff=5.0s)
2026-04-28 00:26:09 | INFO     | ayumi.forward_test | Market data feed connected for GBPUSD
2026-04-28 00:26:09 | INFO     | ayumi.forward_test | Reconnection successful — reset consecutive failure counter
2026-04-28 00:32:59 | WARNING  | ayumi.forward_test | Connection health check failed: connected=True last_tick_ago=409.9s threshold=400.0s — reconnecting
2026-04-28 00:32:59 | INFO     | ayumi.forward_test | Reconnection attempt 1 (backoff=5.0s)
2026-04-28 00:32:59 | WARNING  | ayumi.forward_test | Reconnection failed — next attempt in 10.0s
2026-04-28 00:33:09 | WARNING  | ayumi.forward_test | Connection health check failed: connected=False last_tick_ago=420.1s threshold=400.0s — reconnecting
2026-04-28 00:33:09 | INFO     | ayumi.forward_test | Reconnection attempt 2 (backoff=10.0s)
2026-04-28 00:33:09 | INFO     | ayumi.forward_test | Market data feed connected for GBPUSD
2026-04-28 00:33:09 | INFO     | ayumi.forward_test | Reconnection successful — reset consecutive failure counter
2026-04-28 00:40:19 | WARNING  | ayumi.forward_test | Connection health check failed: connected=True last_tick_ago=404.7s threshold=400.0s — reconnecting
2026-04-28 00:40:19 | INFO     | ayumi.forward_test | Reconnection attempt 1 (backoff=5.0s)
2026-04-28 00:40:20 | INFO     | ayumi.forward_test | Market data feed connected for GBPUSD
2026-04-28 00:40:20 | INFO     | ayumi.forward_test | Reconnection successful — reset consecutive failure counter
2026-04-28 00:47:10 | WARNING  | ayumi.forward_test | Connection health check failed: connected=True last_tick_ago=409.6s threshold=400.0s — reconnecting
2026-04-28 00:47:10 | INFO     | ayumi.forward_test | Reconnection attempt 1 (backoff=5.0s)
2026-04-28 00:47:10 | INFO     | ayumi.forward_test | Market data feed connected for GBPUSD
2026-04-28 00:47:10 | INFO     | ayumi.forward_test | Reconnection successful — reset consecutive failure counter
2026-04-28 00:54:00 | WARNING  | ayumi.forward_test | Connection health check failed: connected=True last_tick_ago=407.6s threshold=400.0s — reconnecting
2026-04-28 00:54:00 | INFO     | ayumi.forward_test | Reconnection attempt 1 (backoff=5.0s)
2026-04-28 00:54:00 | WARNING  | ayumi.forward_test | Reconnection failed — next attempt in 10.0s
2026-04-28 00:54:10 | WARNING  | ayumi.forward_test | Connection health check failed: connected=False last_tick_ago=417.8s threshold=400.0s — reconnecting
2026-04-28 00:54:10 | INFO     | ayumi.forward_test | Reconnection attempt 2 (backoff=10.0s)
2026-04-28 00:54:10 | INFO     | ayumi.forward_test | Market data feed connected for GBPUSD
2026-04-28 00:54:10 | INFO     | ayumi.forward_test | Reconnection successful — reset consecutive failure counter
2026-04-28 01:01:00 | WARNING  | ayumi.forward_test | Connection health check failed: connected=True last_tick_ago=407.0s threshold=400.0s — reconnecting
2026-04-28 01:01:00 | INFO     | ayumi.forward_test | Reconnection attempt 1 (backoff=5.0s)
2026-04-28 01:01:01 | INFO     | ayumi.forward_test | Market data feed connected for GBPUSD
2026-04-28 01:01:01 | INFO     | ayumi.forward_test | Reconnection successful — reset consecutive failure counter
2026-04-28 01:07:51 | WARNING  | ayumi.forward_test | Connection health check failed: connected=True last_tick_ago=406.5s threshold=400.0s — reconnecting
2026-04-28 01:07:51 | INFO     | ayumi.forward_test | Reconnection attempt 1 (backoff=5.0s)
2026-04-28 01:07:51 | INFO     | ayumi.forward_test | Market data feed connected for GBPUSD
2026-04-28 01:07:51 | INFO     | ayumi.forward_test | Reconnection successful — reset consecutive failure counter
2026-04-28 01:15:11 | WARNING  | ayumi.forward_test | Connection health check failed: connected=True last_tick_ago=408.9s threshold=400.0s — reconnecting
2026-04-28 01:15:11 | INFO     | ayumi.forward_test | Reconnection attempt 1 (backoff=5.0s)
2026-04-28 01:15:11 | INFO     | ayumi.forward_test | Market data feed connected for GBPUSD
2026-04-28 01:15:11 | INFO     | ayumi.forward_test | Reconnection successful — reset consecutive failure counter
2026-04-28 01:22:02 | WARNING  | ayumi.forward_test | Connection health check failed: connected=True last_tick_ago=409.3s threshold=400.0s — reconnecting
2026-04-28 01:22:02 | INFO     | ayumi.forward_test | Reconnection attempt 1 (backoff=5.0s)
2026-04-28 01:22:02 | INFO     | ayumi.forward_test | Market data feed connected for GBPUSD
2026-04-28 01:22:02 | INFO     | ayumi.forward_test | Reconnection successful — reset consecutive failure counter
2026-04-28 01:28:52 | WARNING  | ayumi.forward_test | Connection health check failed: connected=True last_tick_ago=408.8s threshold=400.0s — reconnecting
2026-04-28 01:28:52 | INFO     | ayumi.forward_test | Reconnection attempt 1 (backoff=5.0s)
2026-04-28 01:28:52 | INFO     | ayumi.forward_test | Market data feed connected for GBPUSD
2026-04-28 01:28:52 | INFO     | ayumi.forward_test | Reconnection successful — reset consecutive failure counter
2026-04-28 01:35:42 | WARNING  | ayumi.forward_test | Connection health check failed: connected=True last_tick_ago=409.9s threshold=400.0s — reconnecting
2026-04-28 01:35:42 | INFO     | ayumi.forward_test | Reconnection attempt 1 (backoff=5.0s)
2026-04-28 01:35:43 | INFO     | ayumi.forward_test | Market data feed connected for GBPUSD
2026-04-28 01:35:43 | INFO     | ayumi.forward_test | Reconnection successful — reset consecutive failure counter
2026-04-28 01:42:33 | WARNING  | ayumi.forward_test | Connection health check failed: connected=True last_tick_ago=406.4s threshold=400.0s — reconnecting
2026-04-28 01:42:33 | INFO     | ayumi.forward_test | Reconnection attempt 1 (backoff=5.0s)
2026-04-28 01:42:33 | INFO     | ayumi.forward_test | Market data feed connected for GBPUSD
2026-04-28 01:42:33 | INFO     | ayumi.forward_test | Reconnection successful — reset consecutive failure counter
2026-04-28 01:49:23 | WARNING  | ayumi.forward_test | Connection health check failed: connected=True last_tick_ago=409.9s threshold=400.0s — reconnecting
2026-04-28 01:49:23 | INFO     | ayumi.forward_test | Reconnection attempt 1 (backoff=5.0s)
2026-04-28 01:49:23 | INFO     | ayumi.forward_test | Market data feed connected for GBPUSD
2026-04-28 01:49:23 | INFO     | ayumi.forward_test | Reconnection successful — reset consecutive failure counter
2026-04-28 01:56:13 | WARNING  | ayumi.forward_test | Connection health check failed: connected=True last_tick_ago=406.1s threshold=400.0s — reconnecting
2026-04-28 01:56:13 | INFO     | ayumi.forward_test | Reconnection attempt 1 (backoff=5.0s)
2026-04-28 01:56:14 | INFO     | ayumi.forward_test | Market data feed connected for GBPUSD
2026-04-28 01:56:14 | INFO     | ayumi.forward_test | Reconnection successful — reset consecutive failure counter
2026-04-28 02:03:34 | WARNING  | ayumi.forward_test | Connection health check failed: connected=True last_tick_ago=407.7s threshold=400.0s — reconnecting
2026-04-28 02:03:34 | INFO     | ayumi.forward_test | Reconnection attempt 1 (backoff=5.0s)
2026-04-28 02:03:34 | INFO     | ayumi.forward_test | Market data feed connected for GBPUSD
2026-04-28 02:03:34 | INFO     | ayumi.forward_test | Reconnection successful — reset consecutive failure counter
2026-04-28 02:10:44 | WARNING  | ayumi.forward_test | Connection health check failed: connected=True last_tick_ago=403.3s threshold=400.0s — reconnecting
2026-04-28 02:10:44 | INFO     | ayumi.forward_test | Reconnection attempt 1 (backoff=5.0s)
2026-04-28 02:10:44 | INFO     | ayumi.forward_test | Market data feed connected for GBPUSD
2026-04-28 02:10:44 | INFO     | ayumi.forward_test | Reconnection successful — reset consecutive failure counter
2026-04-28 02:10:54 | WARNING  | ayumi.forward_test | Connection health check failed: connected=True last_tick_ago=413.7s threshold=400.0s — reconnecting
2026-04-28 02:10:54 | INFO     | ayumi.forward_test | Reconnection attempt 1 (backoff=5.0s)
2026-04-28 02:10:54 | INFO     | ayumi.forward_test | Market data feed connected for GBPUSD
2026-04-28 02:10:54 | INFO     | ayumi.forward_test | Reconnection successful — reset consecutive failure counter
2026-04-28 02:17:44 | WARNING  | ayumi.forward_test | Connection health check failed: connected=True last_tick_ago=409.9s threshold=400.0s — reconnecting
2026-04-28 02:17:44 | INFO     | ayumi.forward_test | Reconnection attempt 1 (backoff=5.0s)
2026-04-28 02:17:45 | INFO     | ayumi.forward_test | Market data feed connected for GBPUSD
2026-04-28 02:17:45 | INFO     | ayumi.forward_test | Reconnection successful — reset consecutive failure counter
2026-04-28 02:24:35 | WARNING  | ayumi.forward_test | Connection health check failed: connected=True last_tick_ago=402.7s threshold=400.0s — reconnecting
2026-04-28 02:24:35 | INFO     | ayumi.forward_test | Reconnection attempt 1 (backoff=5.0s)
2026-04-28 02:24:35 | INFO     | ayumi.forward_test | Market data feed connected for GBPUSD
2026-04-28 02:24:35 | INFO     | ayumi.forward_test | Reconnection successful — reset consecutive failure counter
2026-04-28 02:31:25 | WARNING  | ayumi.forward_test | Connection health check failed: connected=True last_tick_ago=404.4s threshold=400.0s — reconnecting
2026-04-28 02:31:25 | INFO     | ayumi.forward_test | Reconnection attempt 1 (backoff=5.0s)
2026-04-28 02:31:26 | INFO     | ayumi.forward_test | Market data feed connected for GBPUSD
2026-04-28 02:31:26 | INFO     | ayumi.forward_test | Reconnection successful — reset consecutive failure counter
2026-04-28 02:38:16 | WARNING  | ayumi.forward_test | Connection health check failed: connected=True last_tick_ago=403.2s threshold=400.0s — reconnecting
2026-04-28 02:38:16 | INFO     | ayumi.forward_test | Reconnection attempt 1 (backoff=5.0s)
2026-04-28 02:38:16 | INFO     | ayumi.forward_test | Market data feed connected for GBPUSD
2026-04-28 02:38:16 | INFO     | ayumi.forward_test | Reconnection successful — reset consecutive failure counter
2026-04-28 02:45:06 | WARNING  | ayumi.forward_test | Connection health check failed: connected=True last_tick_ago=400.8s threshold=400.0s — reconnecting
2026-04-28 02:45:06 | INFO     | ayumi.forward_test | Reconnection attempt 1 (backoff=5.0s)
2026-04-28 02:45:06 | INFO     | ayumi.forward_test | Market data feed connected for GBPUSD
2026-04-28 02:45:06 | INFO     | ayumi.forward_test | Reconnection successful — reset consecutive failure counter
2026-04-28 02:51:56 | WARNING  | ayumi.forward_test | Connection health check failed: connected=True last_tick_ago=409.9s threshold=400.0s — reconnecting
2026-04-28 02:51:56 | INFO     | ayumi.forward_test | Reconnection attempt 1 (backoff=5.0s)
2026-04-28 02:51:57 | INFO     | ayumi.forward_test | Market data feed connected for GBPUSD
2026-04-28 02:51:57 | INFO     | ayumi.forward_test | Reconnection successful — reset consecutive failure counter
2026-04-28 02:58:47 | WARNING  | ayumi.forward_test | Connection health check failed: connected=True last_tick_ago=409.7s threshold=400.0s — reconnecting
2026-04-28 02:58:47 | INFO     | ayumi.forward_test | Reconnection attempt 1 (backoff=5.0s)
2026-04-28 02:58:47 | INFO     | ayumi.forward_test | Market data feed connected for GBPUSD
2026-04-28 02:58:47 | INFO     | ayumi.forward_test | Reconnection successful — reset consecutive failure counter
2026-04-28 03:05:37 | WARNING  | ayumi.forward_test | Connection health check failed: connected=True last_tick_ago=409.2s threshold=400.0s — reconnecting
2026-04-28 03:05:37 | INFO     | ayumi.forward_test | Reconnection attempt 1 (backoff=5.0s)
2026-04-28 03:05:37 | INFO     | ayumi.forward_test | Market data feed connected for GBPUSD
2026-04-28 03:05:37 | INFO     | ayumi.forward_test | Reconnection successful — reset consecutive failure counter
2026-04-28 03:12:27 | WARNING  | ayumi.forward_test | Connection health check failed: connected=True last_tick_ago=401.2s threshold=400.0s — reconnecting
2026-04-28 03:12:27 | INFO     | ayumi.forward_test | Reconnection attempt 1 (backoff=5.0s)
2026-04-28 03:12:28 | INFO     | ayumi.forward_test | Market data feed connected for GBPUSD
2026-04-28 03:12:28 | INFO     | ayumi.forward_test | Reconnection successful — reset consecutive failure counter
2026-04-28 03:19:38 | WARNING  | ayumi.forward_test | Connection health check failed: connected=True last_tick_ago=403.9s threshold=400.0s — reconnecting
2026-04-28 03:19:38 | INFO     | ayumi.forward_test | Reconnection attempt 1 (backoff=5.0s)
2026-04-28 03:19:38 | INFO     | ayumi.forward_test | Market data feed connected for GBPUSD
2026-04-28 03:19:38 | INFO     | ayumi.forward_test | Reconnection successful — reset consecutive failure counter
2026-04-28 03:26:28 | WARNING  | ayumi.forward_test | Connection health check failed: connected=True last_tick_ago=409.8s threshold=400.0s — reconnecting
2026-04-28 03:26:28 | INFO     | ayumi.forward_test | Reconnection attempt 1 (backoff=5.0s)
2026-04-28 03:26:28 | INFO     | ayumi.forward_test | Market data feed connected for GBPUSD
2026-04-28 03:26:28 | INFO     | ayumi.forward_test | Reconnection successful — reset consecutive failure counter
2026-04-28 03:33:18 | WARNING  | ayumi.forward_test | Connection health check failed: connected=True last_tick_ago=401.4s threshold=400.0s — reconnecting
2026-04-28 03:33:18 | INFO     | ayumi.forward_test | Reconnection attempt 1 (backoff=5.0s)
2026-04-28 03:33:19 | INFO     | ayumi.forward_test | Market data feed connected for GBPUSD
2026-04-28 03:33:19 | INFO     | ayumi.forward_test | Reconnection successful — reset consecutive failure counter
2026-04-28 03:40:09 | WARNING  | ayumi.forward_test | Connection health check failed: connected=True last_tick_ago=408.4s threshold=400.0s — reconnecting
2026-04-28 03:40:09 | INFO     | ayumi.forward_test | Reconnection attempt 1 (backoff=5.0s)
2026-04-28 03:40:09 | INFO     | ayumi.forward_test | Market data feed connected for GBPUSD
2026-04-28 03:40:09 | INFO     | ayumi.forward_test | Reconnection successful — reset consecutive failure counter
2026-04-28 03:40:19 | WARNING  | ayumi.forward_test | Connection health check failed: connected=True last_tick_ago=419.1s threshold=400.0s — reconnecting
2026-04-28 03:40:19 | INFO     | ayumi.forward_test | Reconnection attempt 1 (backoff=5.0s)
2026-04-28 03:40:20 | INFO     | ayumi.forward_test | Market data feed connected for GBPUSD
2026-04-28 03:40:20 | INFO     | ayumi.forward_test | Reconnection successful — reset consecutive failure counter
2026-04-28 03:47:10 | WARNING  | ayumi.forward_test | Connection health check failed: connected=True last_tick_ago=407.4s threshold=400.0s — reconnecting
2026-04-28 03:47:10 | INFO     | ayumi.forward_test | Reconnection attempt 1 (backoff=5.0s)
2026-04-28 03:47:10 | INFO     | ayumi.forward_test | Market data feed connected for GBPUSD
2026-04-28 03:47:10 | INFO     | ayumi.forward_test | Reconnection successful — reset consecutive failure counter
2026-04-28 03:54:20 | WARNING  | ayumi.forward_test | Connection health check failed: connected=True last_tick_ago=408.4s threshold=400.0s — reconnecting
2026-04-28 03:54:20 | INFO     | ayumi.forward_test | Reconnection attempt 1 (backoff=5.0s)
2026-04-28 03:54:20 | INFO     | ayumi.forward_test | Market data feed connected for GBPUSD
2026-04-28 03:54:20 | INFO     | ayumi.forward_test | Reconnection successful — reset consecutive failure counter
2026-04-28 04:01:10 | WARNING  | ayumi.forward_test | Connection health check failed: connected=True last_tick_ago=403.3s threshold=400.0s — reconnecting
2026-04-28 04:01:10 | INFO     | ayumi.forward_test | Reconnection attempt 1 (backoff=5.0s)
2026-04-28 04:01:11 | INFO     | ayumi.forward_test | Market data feed connected for GBPUSD
2026-04-28 04:01:11 | INFO     | ayumi.forward_test | Reconnection successful — reset consecutive failure counter
2026-04-28 04:08:11 | WARNING  | ayumi.forward_test | Connection health check failed: connected=True last_tick_ago=403.6s threshold=400.0s — reconnecting
2026-04-28 04:08:11 | INFO     | ayumi.forward_test | Reconnection attempt 1 (backoff=5.0s)
2026-04-28 04:08:11 | INFO     | ayumi.forward_test | Market data feed connected for GBPUSD
2026-04-28 04:08:11 | INFO     | ayumi.forward_test | Reconnection successful — reset consecutive failure counter
2026-04-28 04:15:11 | WARNING  | ayumi.forward_test | Connection health check failed: connected=True last_tick_ago=407.8s threshold=400.0s — reconnecting
2026-04-28 04:15:11 | INFO     | ayumi.forward_test | Reconnection attempt 1 (backoff=5.0s)
2026-04-28 04:15:11 | INFO     | ayumi.forward_test | Market data feed connected for GBPUSD
2026-04-28 04:15:11 | INFO     | ayumi.forward_test | Reconnection successful — reset consecutive failure counter
2026-04-28 04:22:01 | WARNING  | ayumi.forward_test | Connection health check failed: connected=True last_tick_ago=401.0s threshold=400.0s — reconnecting
2026-04-28 04:22:01 | INFO     | ayumi.forward_test | Reconnection attempt 1 (backoff=5.0s)
2026-04-28 04:22:02 | INFO     | ayumi.forward_test | Market data feed connected for GBPUSD
2026-04-28 04:22:02 | INFO     | ayumi.forward_test | Reconnection successful — reset consecutive failure counter
2026-04-28 04:28:52 | WARNING  | ayumi.forward_test | Connection health check failed: connected=True last_tick_ago=402.5s threshold=400.0s — reconnecting
2026-04-28 04:28:52 | INFO     | ayumi.forward_test | Reconnection attempt 1 (backoff=5.0s)
2026-04-28 04:28:52 | INFO     | ayumi.forward_test | Market data feed connected for GBPUSD
2026-04-28 04:28:52 | INFO     | ayumi.forward_test | Reconnection successful — reset consecutive failure counter
2026-04-28 04:35:42 | WARNING  | ayumi.forward_test | Connection health check failed: connected=True last_tick_ago=405.8s threshold=400.0s — reconnecting
2026-04-28 04:35:42 | INFO     | ayumi.forward_test | Reconnection attempt 1 (backoff=5.0s)
2026-04-28 04:35:42 | INFO     | ayumi.forward_test | Market data feed connected for GBPUSD
2026-04-28 04:35:42 | INFO     | ayumi.forward_test | Reconnection successful — reset consecutive failure counter
2026-04-28 04:42:32 | WARNING  | ayumi.forward_test | Connection health check failed: connected=True last_tick_ago=400.6s threshold=400.0s — reconnecting
2026-04-28 04:42:32 | INFO     | ayumi.forward_test | Reconnection attempt 1 (backoff=5.0s)
2026-04-28 04:42:33 | INFO     | ayumi.forward_test | Market data feed connected for GBPUSD
2026-04-28 04:42:33 | INFO     | ayumi.forward_test | Reconnection successful — reset consecutive failure counter
2026-04-28 04:42:43 | WARNING  | ayumi.forward_test | Connection health check failed: connected=True last_tick_ago=410.9s threshold=400.0s — reconnecting
2026-04-28 04:42:43 | INFO     | ayumi.forward_test | Reconnection attempt 1 (backoff=5.0s)
2026-04-28 04:42:43 | INFO     | ayumi.forward_test | Market data feed connected for GBPUSD
2026-04-28 04:42:43 | INFO     | ayumi.forward_test | Reconnection successful — reset consecutive failure counter
2026-04-28 04:49:33 | WARNING  | ayumi.forward_test | Connection health check failed: connected=True last_tick_ago=402.8s threshold=400.0s — reconnecting
2026-04-28 04:49:33 | INFO     | ayumi.forward_test | Reconnection attempt 1 (backoff=5.0s)
2026-04-28 04:49:33 | INFO     | ayumi.forward_test | Market data feed connected for GBPUSD
2026-04-28 04:49:33 | INFO     | ayumi.forward_test | Reconnection successful — reset consecutive failure counter
2026-04-28 04:56:23 | WARNING  | ayumi.forward_test | Connection health check failed: connected=True last_tick_ago=406.8s threshold=400.0s — reconnecting
2026-04-28 04:56:23 | INFO     | ayumi.forward_test | Reconnection attempt 1 (backoff=5.0s)
2026-04-28 04:56:24 | INFO     | ayumi.forward_test | Market data feed connected for GBPUSD
2026-04-28 04:56:24 | INFO     | ayumi.forward_test | Reconnection successful — reset consecutive failure counter
2026-04-28 05:04:04 | WARNING  | ayumi.forward_test | Connection health check failed: connected=True last_tick_ago=408.6s threshold=400.0s — reconnecting
2026-04-28 05:04:04 | INFO     | ayumi.forward_test | Reconnection attempt 1 (backoff=5.0s)
2026-04-28 05:04:04 | INFO     | ayumi.forward_test | Market data feed connected for GBPUSD
2026-04-28 05:04:04 | INFO     | ayumi.forward_test | Reconnection successful — reset consecutive failure counter
2026-04-28 05:10:54 | WARNING  | ayumi.forward_test | Connection health check failed: connected=True last_tick_ago=401.1s threshold=400.0s — reconnecting
2026-04-28 05:10:54 | INFO     | ayumi.forward_test | Reconnection attempt 1 (backoff=5.0s)
2026-04-28 05:10:54 | INFO     | ayumi.forward_test | Market data feed connected for GBPUSD
2026-04-28 05:10:54 | INFO     | ayumi.forward_test | Reconnection successful — reset consecutive failure counter
2026-04-28 05:18:24 | WARNING  | ayumi.forward_test | Connection health check failed: connected=True last_tick_ago=400.4s threshold=400.0s — reconnecting
2026-04-28 05:18:24 | INFO     | ayumi.forward_test | Reconnection attempt 1 (backoff=5.0s)
2026-04-28 05:18:25 | INFO     | ayumi.forward_test | Market data feed connected for GBPUSD
2026-04-28 05:18:25 | INFO     | ayumi.forward_test | Reconnection successful — reset consecutive failure counter
2026-04-28 05:25:35 | WARNING  | ayumi.forward_test | Connection health check failed: connected=True last_tick_ago=402.5s threshold=400.0s — reconnecting
2026-04-28 05:25:35 | INFO     | ayumi.forward_test | Reconnection attempt 1 (backoff=5.0s)
2026-04-28 05:25:35 | INFO     | ayumi.forward_test | Market data feed connected for GBPUSD
2026-04-28 05:25:35 | INFO     | ayumi.forward_test | Reconnection successful — reset consecutive failure counter
2026-04-28 05:32:35 | WARNING  | ayumi.forward_test | Connection health check failed: connected=True last_tick_ago=405.1s threshold=400.0s — reconnecting
2026-04-28 05:32:35 | INFO     | ayumi.forward_test | Reconnection attempt 1 (backoff=5.0s)
2026-04-28 05:32:35 | INFO     | ayumi.forward_test | Market data feed connected for GBPUSD
2026-04-28 05:32:35 | INFO     | ayumi.forward_test | Reconnection successful — reset consecutive failure counter
2026-04-28 05:39:25 | WARNING  | ayumi.forward_test | Connection health check failed: connected=True last_tick_ago=403.4s threshold=400.0s — reconnecting
2026-04-28 05:39:25 | INFO     | ayumi.forward_test | Reconnection attempt 1 (backoff=5.0s)
2026-04-28 05:39:26 | INFO     | ayumi.forward_test | Market data feed connected for GBPUSD
2026-04-28 05:39:26 | INFO     | ayumi.forward_test | Reconnection successful — reset consecutive failure counter
2026-04-28 05:46:46 | WARNING  | ayumi.forward_test | Connection health check failed: connected=True last_tick_ago=404.9s threshold=400.0s — reconnecting
2026-04-28 05:46:46 | INFO     | ayumi.forward_test | Reconnection attempt 1 (backoff=5.0s)
2026-04-28 05:46:46 | INFO     | ayumi.forward_test | Market data feed connected for GBPUSD
2026-04-28 05:46:46 | INFO     | ayumi.forward_test | Reconnection successful — reset consecutive failure counter
2026-04-28 05:53:36 | WARNING  | ayumi.forward_test | Connection health check failed: connected=True last_tick_ago=409.2s threshold=400.0s — reconnecting
2026-04-28 05:53:36 | INFO     | ayumi.forward_test | Reconnection attempt 1 (backoff=5.0s)
2026-04-28 05:53:36 | WARNING  | ayumi.forward_test | Reconnection failed — next attempt in 10.0s
2026-04-28 05:53:46 | WARNING  | ayumi.forward_test | Connection health check failed: connected=False last_tick_ago=419.4s threshold=400.0s — reconnecting
2026-04-28 05:53:46 | INFO     | ayumi.forward_test | Reconnection attempt 2 (backoff=10.0s)
2026-04-28 05:53:47 | INFO     | ayumi.forward_test | Market data feed connected for GBPUSD
2026-04-28 05:53:47 | INFO     | ayumi.forward_test | Reconnection successful — reset consecutive failure counter
2026-04-28 06:00:37 | WARNING  | ayumi.forward_test | Connection health check failed: connected=True last_tick_ago=409.0s threshold=400.0s — reconnecting
2026-04-28 06:00:37 | INFO     | ayumi.forward_test | Reconnection attempt 1 (backoff=5.0s)
2026-04-28 06:00:37 | INFO     | ayumi.forward_test | Market data feed connected for GBPUSD
2026-04-28 06:00:37 | INFO     | ayumi.forward_test | Reconnection successful — reset consecutive failure counter
2026-04-28 06:07:27 | WARNING  | ayumi.forward_test | Connection health check failed: connected=True last_tick_ago=402.4s threshold=400.0s — reconnecting
2026-04-28 06:07:27 | INFO     | ayumi.forward_test | Reconnection attempt 1 (backoff=5.0s)
2026-04-28 06:07:27 | INFO     | ayumi.forward_test | Market data feed connected for GBPUSD
2026-04-28 06:07:27 | INFO     | ayumi.forward_test | Reconnection successful — reset consecutive failure counter
2026-04-28 06:14:27 | WARNING  | ayumi.forward_test | Connection health check failed: connected=True last_tick_ago=400.8s threshold=400.0s — reconnecting
2026-04-28 06:14:27 | INFO     | ayumi.forward_test | Reconnection attempt 1 (backoff=5.0s)
2026-04-28 06:14:28 | INFO     | ayumi.forward_test | Market data feed connected for GBPUSD
2026-04-28 06:14:28 | INFO     | ayumi.forward_test | Reconnection successful — reset consecutive failure counter
2026-04-28 06:21:18 | WARNING  | ayumi.forward_test | Connection health check failed: connected=True last_tick_ago=401.3s threshold=400.0s — reconnecting
2026-04-28 06:21:18 | INFO     | ayumi.forward_test | Reconnection attempt 1 (backoff=5.0s)
2026-04-28 06:21:18 | INFO     | ayumi.forward_test | Market data feed connected for GBPUSD
2026-04-28 06:21:18 | INFO     | ayumi.forward_test | Reconnection successful — reset consecutive failure counter
2026-04-28 06:28:18 | WARNING  | ayumi.forward_test | Connection health check failed: connected=True last_tick_ago=407.1s threshold=400.0s — reconnecting
2026-04-28 06:28:18 | INFO     | ayumi.forward_test | Reconnection attempt 1 (backoff=5.0s)
2026-04-28 06:28:18 | INFO     | ayumi.forward_test | Market data feed connected for GBPUSD
2026-04-28 06:28:18 | INFO     | ayumi.forward_test | Reconnection successful — reset consecutive failure counter
2026-04-28 06:35:08 | WARNING  | ayumi.forward_test | Connection health check failed: connected=True last_tick_ago=402.1s threshold=400.0s — reconnecting
2026-04-28 06:35:08 | INFO     | ayumi.forward_test | Reconnection attempt 1 (backoff=5.0s)
2026-04-28 06:35:09 | INFO     | ayumi.forward_test | Market data feed connected for GBPUSD
2026-04-28 06:35:09 | INFO     | ayumi.forward_test | Reconnection successful — reset consecutive failure counter
2026-04-28 06:41:59 | WARNING  | ayumi.forward_test | Connection health check failed: connected=True last_tick_ago=407.8s threshold=400.0s — reconnecting
2026-04-28 06:41:59 | INFO     | ayumi.forward_test | Reconnection attempt 1 (backoff=5.0s)
2026-04-28 06:41:59 | INFO     | ayumi.forward_test | Market data feed connected for GBPUSD
2026-04-28 06:41:59 | INFO     | ayumi.forward_test | Reconnection successful — reset consecutive failure counter
2026-04-28 06:48:49 | WARNING  | ayumi.forward_test | Connection health check failed: connected=True last_tick_ago=408.9s threshold=400.0s — reconnecting
2026-04-28 06:48:49 | INFO     | ayumi.forward_test | Reconnection attempt 1 (backoff=5.0s)
2026-04-28 06:48:50 | INFO     | ayumi.forward_test | Market data feed connected for GBPUSD
2026-04-28 06:48:50 | INFO     | ayumi.forward_test | Reconnection successful — reset consecutive failure counter
2026-04-28 06:49:00 | WARNING  | ayumi.forward_test | Connection health check failed: connected=True last_tick_ago=419.2s threshold=400.0s — reconnecting
2026-04-28 06:49:00 | INFO     | ayumi.forward_test | Reconnection attempt 1 (backoff=5.0s)
2026-04-28 06:49:00 | INFO     | ayumi.forward_test | Market data feed connected for GBPUSD
2026-04-28 06:49:00 | INFO     | ayumi.forward_test | Reconnection successful — reset consecutive failure counter
2026-04-28 06:55:50 | WARNING  | ayumi.forward_test | Connection health check failed: connected=True last_tick_ago=406.4s threshold=400.0s — reconnecting
2026-04-28 06:55:50 | INFO     | ayumi.forward_test | Reconnection attempt 1 (backoff=5.0s)
2026-04-28 06:55:50 | INFO     | ayumi.forward_test | Market data feed connected for GBPUSD
2026-04-28 06:55:50 | INFO     | ayumi.forward_test | Reconnection successful — reset consecutive failure counter
2026-04-28 07:02:40 | WARNING  | ayumi.forward_test | Connection health check failed: connected=True last_tick_ago=402.5s threshold=400.0s — reconnecting
2026-04-28 07:02:40 | INFO     | ayumi.forward_test | Reconnection attempt 1 (backoff=5.0s)
2026-04-28 07:02:41 | INFO     | ayumi.forward_test | Market data feed connected for GBPUSD
2026-04-28 07:02:41 | INFO     | ayumi.forward_test | Reconnection successful — reset consecutive failure counter
2026-04-28 07:02:41 | INFO     | ayumi.orchestrator | Adapted signal: strategy=unknown symbol=GBPUSD dir=LONG conf=0.56
2026-04-28 07:02:41 | INFO     | ayumi.orchestrator | Signal received: strategy=unknown symbol=GBPUSD direction=LONG confidence=0.560
2026-04-28 07:02:41 | INFO     | ayumi.orchestrator | Routing: strategy=unknown symbol=GBPUSD → profile=Profile.SWARM
2026-04-28 07:02:41 | INFO     | ayumi.orchestrator | Signal accepted: strategy=unknown symbol=GBPUSD lots=0.1400 risk=$25.00 sl=17.5pips
2026-04-28 07:02:41 | INFO     | ayumi.forward_test | Order accepted: GBPUSD LONG 0.1400 lots risk=$25.00
2026-04-28 07:02:41 | INFO     | ayumi.blend_launcher | Signal accepted: unknown long GBPUSD @ 1.35045 conf=0.56 lots=0.1400
2026-04-28 07:02:42 | INFO     | ayumi.blend_launcher | Signal blocked: unknown | long GBPUSD conf=0.56 — correlation_block: unknown already holds GBPUSD/long
2026-04-28 07:02:44 | INFO     | ayumi.blend_launcher | Signal blocked: unknown | long GBPUSD conf=0.56 — correlation_block: unknown already holds GBPUSD/long
2026-04-28 07:02:45 | INFO     | ayumi.blend_launcher | Signal blocked: unknown | long GBPUSD conf=0.56 — correlation_block: unknown already holds GBPUSD/long
2026-04-28 07:02:48 | INFO     | ayumi.blend_launcher | Signal blocked: unknown | long GBPUSD conf=0.56 — correlation_block: unknown already holds GBPUSD/long
2026-04-28 07:02:49 | INFO     | ayumi.blend_launcher | Signal blocked: unknown | long GBPUSD conf=0.56 — correlation_block: unknown already holds GBPUSD/long
2026-04-28 07:09:31 | WARNING  | ayumi.forward_test | Connection health check failed: connected=True last_tick_ago=401.3s threshold=400.0s — reconnecting
2026-04-28 07:09:31 | INFO     | ayumi.forward_test | Reconnection attempt 1 (backoff=5.0s)
2026-04-28 07:09:31 | INFO     | ayumi.forward_test | Market data feed connected for GBPUSD
2026-04-28 07:09:31 | INFO     | ayumi.forward_test | Reconnection successful — reset consecutive failure counter
2026-04-28 07:09:31 | INFO     | ayumi.blend_launcher | Signal blocked: unknown | long GBPUSD conf=0.56 — correlation_block: unknown already holds GBPUSD/long
2026-04-28 07:09:32 | INFO     | ayumi.blend_launcher | Signal blocked: unknown | long GBPUSD conf=0.56 — correlation_block: unknown already holds GBPUSD/long
2026-04-28 07:09:34 | INFO     | ayumi.blend_launcher | Signal blocked: unknown | long GBPUSD conf=0.56 — correlation_block: unknown already holds GBPUSD/long
2026-04-28 07:16:21 | WARNING  | ayumi.forward_test | Connection health check failed: connected=True last_tick_ago=406.7s threshold=400.0s — reconnecting
2026-04-28 07:16:21 | INFO     | ayumi.forward_test | Reconnection attempt 1 (backoff=5.0s)
2026-04-28 07:16:21 | INFO     | ayumi.forward_test | Market data feed connected for GBPUSD
2026-04-28 07:16:21 | INFO     | ayumi.forward_test | Reconnection successful — reset consecutive failure counter
2026-04-28 07:16:21 | INFO     | ayumi.blend_launcher | Signal blocked: unknown | long GBPUSD conf=0.56 — correlation_block: unknown already holds GBPUSD/long
2026-04-28 07:23:11 | WARNING  | ayumi.forward_test | Connection health check failed: connected=True last_tick_ago=409.9s threshold=400.0s — reconnecting
2026-04-28 07:23:11 | INFO     | ayumi.forward_test | Reconnection attempt 1 (backoff=5.0s)
2026-04-28 07:23:12 | INFO     | ayumi.forward_test | Market data feed connected for GBPUSD
2026-04-28 07:23:12 | INFO     | ayumi.forward_test | Reconnection successful — reset consecutive failure counter
2026-04-28 07:23:12 | INFO     | ayumi.blend_launcher | Signal blocked: unknown | long GBPUSD conf=0.56 — correlation_block: unknown already holds GBPUSD/long
2026-04-28 07:23:13 | INFO     | ayumi.blend_launcher | Signal blocked: unknown | long GBPUSD conf=0.56 — correlation_block: unknown already holds GBPUSD/long
2026-04-28 07:30:02 | WARNING  | ayumi.forward_test | Connection health check failed: connected=True last_tick_ago=408.3s threshold=400.0s — reconnecting
2026-04-28 07:30:02 | INFO     | ayumi.forward_test | Reconnection attempt 1 (backoff=5.0s)
2026-04-28 07:30:02 | INFO     | ayumi.forward_test | Market data feed connected for GBPUSD
2026-04-28 07:30:02 | INFO     | ayumi.forward_test | Reconnection successful — reset consecutive failure counter
2026-04-28 07:30:02 | INFO     | ayumi.blend_launcher | Signal blocked: unknown | long GBPUSD conf=0.56 — correlation_block: unknown already holds GBPUSD/long
2026-04-28 07:30:06 | INFO     | ayumi.blend_launcher | Signal blocked: unknown | long GBPUSD conf=0.56 — correlation_block: unknown already holds GBPUSD/long
2026-04-28 07:36:52 | WARNING  | ayumi.forward_test | Connection health check failed: connected=True last_tick_ago=405.4s threshold=400.0s — reconnecting
2026-04-28 07:36:52 | INFO     | ayumi.forward_test | Reconnection attempt 1 (backoff=5.0s)
2026-04-28 07:36:52 | INFO     | ayumi.forward_test | Market data feed connected for GBPUSD
2026-04-28 07:36:52 | INFO     | ayumi.forward_test | Reconnection successful — reset consecutive failure counter
2026-04-28 07:36:52 | INFO     | ayumi.blend_launcher | Signal blocked: unknown | long GBPUSD conf=0.56 — correlation_block: unknown already holds GBPUSD/long
2026-04-28 07:36:54 | INFO     | ayumi.blend_launcher | Signal blocked: unknown | long GBPUSD conf=0.56 — correlation_block: unknown already holds GBPUSD/long
2026-04-28 07:43:42 | WARNING  | ayumi.forward_test | Connection health check failed: connected=True last_tick_ago=408.4s threshold=400.0s — reconnecting
2026-04-28 07:43:42 | INFO     | ayumi.forward_test | Reconnection attempt 1 (backoff=5.0s)
2026-04-28 07:43:43 | INFO     | ayumi.forward_test | Market data feed connected for GBPUSD
2026-04-28 07:43:43 | INFO     | ayumi.forward_test | Reconnection successful — reset consecutive failure counter
2026-04-28 07:43:43 | INFO     | ayumi.blend_launcher | Signal blocked: unknown | long GBPUSD conf=0.56 — correlation_block: unknown already holds GBPUSD/long
2026-04-28 07:43:44 | INFO     | ayumi.blend_launcher | Signal blocked: unknown | long GBPUSD conf=0.56 — correlation_block: unknown already holds GBPUSD/long
2026-04-28 07:50:33 | WARNING  | ayumi.forward_test | Connection health check failed: connected=True last_tick_ago=407.3s threshold=400.0s — reconnecting
2026-04-28 07:50:33 | INFO     | ayumi.forward_test | Reconnection attempt 1 (backoff=5.0s)
2026-04-28 07:50:33 | WARNING  | ayumi.forward_test | Reconnection failed — next attempt in 10.0s
2026-04-28 07:50:43 | WARNING  | ayumi.forward_test | Connection health check failed: connected=False last_tick_ago=417.5s threshold=400.0s — reconnecting
2026-04-28 07:50:43 | INFO     | ayumi.forward_test | Reconnection attempt 2 (backoff=10.0s)
2026-04-28 07:50:43 | INFO     | ayumi.forward_test | Market data feed connected for GBPUSD
2026-04-28 07:50:43 | INFO     | ayumi.forward_test | Reconnection successful — reset consecutive failure counter
2026-04-28 07:50:43 | INFO     | ayumi.blend_launcher | Signal blocked: unknown | long GBPUSD conf=0.56 — correlation_block: unknown already holds GBPUSD/long
2026-04-28 07:57:33 | WARNING  | ayumi.forward_test | Connection health check failed: connected=True last_tick_ago=409.6s threshold=400.0s — reconnecting
2026-04-28 07:57:33 | INFO     | ayumi.forward_test | Reconnection attempt 1 (backoff=5.0s)
2026-04-28 07:57:34 | INFO     | ayumi.forward_test | Market data feed connected for GBPUSD
2026-04-28 07:57:34 | INFO     | ayumi.forward_test | Reconnection successful — reset consecutive failure counter
2026-04-28 07:57:34 | INFO     | ayumi.blend_launcher | Signal blocked: unknown | long GBPUSD conf=0.56 — correlation_block: unknown already holds GBPUSD/long
2026-04-28 07:57:35 | INFO     | ayumi.blend_launcher | Signal blocked: unknown | long GBPUSD conf=0.56 — correlation_block: unknown already holds GBPUSD/long
2026-04-28 07:57:44 | INFO     | ayumi.blend_launcher | Signal blocked: unknown | long GBPUSD conf=0.56 — correlation_block: unknown already holds GBPUSD/long
2026-04-28 08:04:34 | WARNING  | ayumi.forward_test | Connection health check failed: connected=True last_tick_ago=409.2s threshold=400.0s — reconnecting
2026-04-28 08:04:34 | INFO     | ayumi.forward_test | Reconnection attempt 1 (backoff=5.0s)
2026-04-28 08:04:34 | INFO     | ayumi.forward_test | Market data feed connected for GBPUSD
2026-04-28 08:04:34 | INFO     | ayumi.forward_test | Reconnection successful — reset consecutive failure counter
2026-04-28 08:04:34 | INFO     | ayumi.blend_launcher | Signal blocked: unknown | long GBPUSD conf=0.56 — correlation_block: unknown already holds GBPUSD/long
2026-04-28 08:04:35 | INFO     | ayumi.blend_launcher | Signal blocked: unknown | long GBPUSD conf=0.56 — correlation_block: unknown already holds GBPUSD/long
2026-04-28 08:04:37 | INFO     | ayumi.blend_launcher | Signal blocked: unknown | long GBPUSD conf=0.56 — correlation_block: unknown already holds GBPUSD/long
2026-04-28 08:11:24 | WARNING  | ayumi.forward_test | Connection health check failed: connected=True last_tick_ago=407.0s threshold=400.0s — reconnecting
2026-04-28 08:11:24 | INFO     | ayumi.forward_test | Reconnection attempt 1 (backoff=5.0s)
2026-04-28 08:11:24 | INFO     | ayumi.forward_test | Market data feed connected for GBPUSD
2026-04-28 08:11:24 | INFO     | ayumi.forward_test | Reconnection successful — reset consecutive failure counter
2026-04-28 08:11:34 | WARNING  | ayumi.forward_test | Connection health check failed: connected=True last_tick_ago=417.3s threshold=400.0s — reconnecting
2026-04-28 08:11:34 | INFO     | ayumi.forward_test | Reconnection attempt 1 (backoff=5.0s)
2026-04-28 08:11:34 | INFO     | ayumi.forward_test | Market data feed connected for GBPUSD
2026-04-28 08:11:34 | INFO     | ayumi.forward_test | Reconnection successful — reset consecutive failure counter
2026-04-28 08:11:35 | INFO     | ayumi.blend_launcher | Signal blocked: unknown | long GBPUSD conf=0.56 — correlation_block: unknown already holds GBPUSD/long
2026-04-28 08:11:36 | INFO     | ayumi.blend_launcher | Signal blocked: unknown | long GBPUSD conf=0.56 — correlation_block: unknown already holds GBPUSD/long
2026-04-28 08:11:37 | INFO     | ayumi.blend_launcher | Signal blocked: unknown | long GBPUSD conf=0.56 — correlation_block: unknown already holds GBPUSD/long
2026-04-28 08:18:25 | WARNING  | ayumi.forward_test | Connection health check failed: connected=True last_tick_ago=407.1s threshold=400.0s — reconnecting
2026-04-28 08:18:25 | INFO     | ayumi.forward_test | Reconnection attempt 1 (backoff=5.0s)
2026-04-28 08:18:25 | INFO     | ayumi.forward_test | Market data feed connected for GBPUSD
2026-04-28 08:18:25 | INFO     | ayumi.forward_test | Reconnection successful — reset consecutive failure counter
2026-04-28 08:25:15 | WARNING  | ayumi.forward_test | Connection health check failed: connected=True last_tick_ago=408.0s threshold=400.0s — reconnecting
2026-04-28 08:25:15 | INFO     | ayumi.forward_test | Reconnection attempt 1 (backoff=5.0s)
2026-04-28 08:25:15 | INFO     | ayumi.forward_test | Market data feed connected for GBPUSD
2026-04-28 08:25:15 | INFO     | ayumi.forward_test | Reconnection successful — reset consecutive failure counter
2026-04-28 08:25:15 | INFO     | ayumi.blend_launcher | Signal blocked: unknown | long GBPUSD conf=0.56 — correlation_block: unknown already holds GBPUSD/long
2026-04-28 08:32:05 | WARNING  | ayumi.forward_test | Connection health check failed: connected=True last_tick_ago=409.9s threshold=400.0s — reconnecting
2026-04-28 08:32:05 | INFO     | ayumi.forward_test | Reconnection attempt 1 (backoff=5.0s)
2026-04-28 08:32:05 | INFO     | ayumi.forward_test | Market data feed connected for GBPUSD
2026-04-28 08:32:05 | INFO     | ayumi.forward_test | Reconnection successful — reset consecutive failure counter
2026-04-28 08:38:56 | WARNING  | ayumi.forward_test | Connection health check failed: connected=True last_tick_ago=409.7s threshold=400.0s — reconnecting
2026-04-28 08:38:56 | INFO     | ayumi.forward_test | Reconnection attempt 1 (backoff=5.0s)
2026-04-28 08:38:56 | INFO     | ayumi.forward_test | Market data feed connected for GBPUSD
2026-04-28 08:38:56 | INFO     | ayumi.forward_test | Reconnection successful — reset consecutive failure counter
2026-04-28 08:38:56 | INFO     | ayumi.blend_launcher | Signal blocked: unknown | long GBPUSD conf=0.56 — correlation_block: unknown already holds GBPUSD/long
2026-04-28 08:38:58 | INFO     | ayumi.blend_launcher | Signal blocked: unknown | long GBPUSD conf=0.56 — correlation_block: unknown already holds GBPUSD/long
2026-04-28 08:45:46 | WARNING  | ayumi.forward_test | Connection health check failed: connected=True last_tick_ago=407.2s threshold=400.0s — reconnecting
2026-04-28 08:45:46 | INFO     | ayumi.forward_test | Reconnection attempt 1 (backoff=5.0s)
2026-04-28 08:45:46 | INFO     | ayumi.forward_test | Market data feed connected for GBPUSD
2026-04-28 08:45:46 | INFO     | ayumi.forward_test | Reconnection successful — reset consecutive failure counter
2026-04-28 08:45:56 | WARNING  | ayumi.forward_test | Connection health check failed: connected=True last_tick_ago=417.5s threshold=400.0s — reconnecting
2026-04-28 08:45:56 | INFO     | ayumi.forward_test | Reconnection attempt 1 (backoff=5.0s)
2026-04-28 08:45:56 | INFO     | ayumi.forward_test | Market data feed connected for GBPUSD
2026-04-28 08:45:56 | INFO     | ayumi.forward_test | Reconnection successful — reset consecutive failure counter
2026-04-28 08:45:57 | INFO     | ayumi.blend_launcher | Signal blocked: unknown | long GBPUSD conf=0.56 — correlation_block: unknown already holds GBPUSD/long
2026-04-28 08:52:46 | WARNING  | ayumi.forward_test | Connection health check failed: connected=True last_tick_ago=409.5s threshold=400.0s — reconnecting
2026-04-28 08:52:46 | INFO     | ayumi.forward_test | Reconnection attempt 1 (backoff=5.0s)
2026-04-28 08:52:47 | WARNING  | ayumi.forward_test | Reconnection failed — next attempt in 10.0s
2026-04-28 08:52:57 | WARNING  | ayumi.forward_test | Connection health check failed: connected=False last_tick_ago=419.7s threshold=400.0s — reconnecting
2026-04-28 08:52:57 | INFO     | ayumi.forward_test | Reconnection attempt 2 (backoff=10.0s)
2026-04-28 08:52:57 | INFO     | ayumi.forward_test | Market data feed connected for GBPUSD
2026-04-28 08:52:57 | INFO     | ayumi.forward_test | Reconnection successful — reset consecutive failure counter
2026-04-28 08:52:57 | INFO     | ayumi.blend_launcher | Signal blocked: unknown | long GBPUSD conf=0.56 — correlation_block: unknown already holds GBPUSD/long
2026-04-28 08:52:58 | INFO     | ayumi.blend_launcher | Signal blocked: unknown | long GBPUSD conf=0.56 — correlation_block: unknown already holds GBPUSD/long
2026-04-28 08:59:47 | WARNING  | ayumi.forward_test | Connection health check failed: connected=True last_tick_ago=407.8s threshold=400.0s — reconnecting
2026-04-28 08:59:47 | INFO     | ayumi.forward_test | Reconnection attempt 1 (backoff=5.0s)
2026-04-28 08:59:47 | INFO     | ayumi.forward_test | Market data feed connected for GBPUSD
2026-04-28 08:59:47 | INFO     | ayumi.forward_test | Reconnection successful — reset consecutive failure counter
2026-04-28 08:59:47 | INFO     | ayumi.blend_launcher | Signal blocked: unknown | long GBPUSD conf=0.56 — correlation_block: unknown already holds GBPUSD/long
2026-04-28 09:06:37 | WARNING  | ayumi.forward_test | Connection health check failed: connected=True last_tick_ago=409.1s threshold=400.0s — reconnecting
2026-04-28 09:06:37 | INFO     | ayumi.forward_test | Reconnection attempt 1 (backoff=5.0s)
2026-04-28 09:06:38 | INFO     | ayumi.forward_test | Market data feed connected for GBPUSD
2026-04-28 09:06:38 | INFO     | ayumi.forward_test | Reconnection successful — reset consecutive failure counter
2026-04-28 09:06:38 | INFO     | ayumi.blend_launcher | Signal blocked: unknown | long GBPUSD conf=0.56 — correlation_block: unknown already holds GBPUSD/long
2026-04-28 09:13:28 | WARNING  | ayumi.forward_test | Connection health check failed: connected=True last_tick_ago=409.3s threshold=400.0s — reconnecting
2026-04-28 09:13:28 | INFO     | ayumi.forward_test | Reconnection attempt 1 (backoff=5.0s)
2026-04-28 09:13:28 | INFO     | ayumi.forward_test | Market data feed connected for GBPUSD
2026-04-28 09:13:28 | INFO     | ayumi.forward_test | Reconnection successful — reset consecutive failure counter
2026-04-28 09:13:28 | INFO     | ayumi.blend_launcher | Signal blocked: unknown | long GBPUSD conf=0.56 — correlation_block: unknown already holds GBPUSD/long
2026-04-28 09:13:30 | INFO     | ayumi.blend_launcher | Signal blocked: unknown | long GBPUSD conf=0.56 — correlation_block: unknown already holds GBPUSD/long
2026-04-28 09:13:32 | INFO     | ayumi.blend_launcher | Signal blocked: unknown | long GBPUSD conf=0.56 — correlation_block: unknown already holds GBPUSD/long
2026-04-28 09:13:33 | INFO     | ayumi.blend_launcher | Signal blocked: unknown | long GBPUSD conf=0.56 — correlation_block: unknown already holds GBPUSD/long
2026-04-28 09:13:34 | INFO     | ayumi.blend_launcher | Signal blocked: unknown | long GBPUSD conf=0.56 — correlation_block: unknown already holds GBPUSD/long
2026-04-28 09:20:18 | WARNING  | ayumi.forward_test | Connection health check failed: connected=True last_tick_ago=402.8s threshold=400.0s — reconnecting
2026-04-28 09:20:18 | INFO     | ayumi.forward_test | Reconnection attempt 1 (backoff=5.0s)
2026-04-28 09:20:18 | INFO     | ayumi.forward_test | Market data feed connected for GBPUSD
2026-04-28 09:20:18 | INFO     | ayumi.forward_test | Reconnection successful — reset consecutive failure counter
2026-04-28 09:20:18 | INFO     | ayumi.blend_launcher | Signal blocked: unknown | long GBPUSD conf=0.56 — correlation_block: unknown already holds GBPUSD/long
2026-04-28 09:20:19 | INFO     | ayumi.blend_launcher | Signal blocked: unknown | long GBPUSD conf=0.56 — correlation_block: unknown already holds GBPUSD/long
2026-04-28 09:20:21 | INFO     | ayumi.blend_launcher | Signal blocked: unknown | long GBPUSD conf=0.56 — correlation_block: unknown already holds GBPUSD/long
2026-04-28 09:20:22 | INFO     | ayumi.blend_launcher | Signal blocked: unknown | long GBPUSD conf=0.56 — correlation_block: unknown already holds GBPUSD/long
2026-04-28 09:20:24 | INFO     | ayumi.blend_launcher | Signal blocked: unknown | long GBPUSD conf=0.56 — correlation_block: unknown already holds GBPUSD/long
2026-04-28 09:20:25 | INFO     | ayumi.blend_launcher | Signal blocked: unknown | long GBPUSD conf=0.56 — correlation_block: unknown already holds GBPUSD/long
2026-04-28 09:20:33 | INFO     | ayumi.blend_launcher | Signal blocked: unknown | long GBPUSD conf=0.56 — correlation_block: unknown already holds GBPUSD/long
2026-04-28 09:20:34 | INFO     | ayumi.blend_launcher | Signal blocked: unknown | long GBPUSD conf=0.56 — correlation_block: unknown already holds GBPUSD/long
2026-04-28 09:20:37 | INFO     | ayumi.blend_launcher | Signal blocked: unknown | long GBPUSD conf=0.56 — correlation_block: unknown already holds GBPUSD/long
2026-04-28 09:27:18 | WARNING  | ayumi.forward_test | Connection health check failed: connected=True last_tick_ago=400.7s threshold=400.0s — reconnecting
2026-04-28 09:27:18 | INFO     | ayumi.forward_test | Reconnection attempt 1 (backoff=5.0s)
2026-04-28 09:27:19 | INFO     | ayumi.forward_test | Market data feed connected for GBPUSD
2026-04-28 09:27:19 | INFO     | ayumi.forward_test | Reconnection successful — reset consecutive failure counter
2026-04-28 09:27:19 | INFO     | ayumi.blend_launcher | Signal blocked: unknown | long GBPUSD conf=0.55 — correlation_block: unknown already holds GBPUSD/long
2026-04-28 09:34:09 | WARNING  | ayumi.forward_test | Connection health check failed: connected=True last_tick_ago=409.8s threshold=400.0s — reconnecting
2026-04-28 09:34:09 | INFO     | ayumi.forward_test | Reconnection attempt 1 (backoff=5.0s)
2026-04-28 09:34:09 | INFO     | ayumi.forward_test | Market data feed connected for GBPUSD
2026-04-28 09:34:09 | INFO     | ayumi.forward_test | Reconnection successful — reset consecutive failure counter
2026-04-28 09:34:09 | INFO     | ayumi.blend_launcher | Signal blocked: unknown | long GBPUSD conf=0.55 — correlation_block: unknown already holds GBPUSD/long
2026-04-28 09:40:59 | WARNING  | ayumi.forward_test | Connection health check failed: connected=True last_tick_ago=409.8s threshold=400.0s — reconnecting
2026-04-28 09:40:59 | INFO     | ayumi.forward_test | Reconnection attempt 1 (backoff=5.0s)
2026-04-28 09:40:59 | INFO     | ayumi.forward_test | Market data feed connected for GBPUSD
2026-04-28 09:40:59 | INFO     | ayumi.forward_test | Reconnection successful — reset consecutive failure counter
2026-04-28 09:40:59 | INFO     | ayumi.blend_launcher | Signal blocked: unknown | long GBPUSD conf=0.55 — correlation_block: unknown already holds GBPUSD/long
2026-04-28 09:47:49 | WARNING  | ayumi.forward_test | Connection health check failed: connected=True last_tick_ago=409.8s threshold=400.0s — reconnecting
2026-04-28 09:47:49 | INFO     | ayumi.forward_test | Reconnection attempt 1 (backoff=5.0s)
2026-04-28 09:47:50 | INFO     | ayumi.forward_test | Market data feed connected for GBPUSD
2026-04-28 09:47:50 | INFO     | ayumi.forward_test | Reconnection successful — reset consecutive failure counter
2026-04-28 09:47:50 | INFO     | ayumi.blend_launcher | Signal blocked: unknown | long GBPUSD conf=0.55 — correlation_block: unknown already holds GBPUSD/long
2026-04-28 09:47:52 | INFO     | ayumi.blend_launcher | Signal blocked: unknown | long GBPUSD conf=0.55 — correlation_block: unknown already holds GBPUSD/long
2026-04-28 09:47:53 | INFO     | ayumi.blend_launcher | Signal blocked: unknown | long GBPUSD conf=0.55 — correlation_block: unknown already holds GBPUSD/long
2026-04-28 09:54:40 | WARNING  | ayumi.forward_test | Connection health check failed: connected=True last_tick_ago=406.9s threshold=400.0s — reconnecting
2026-04-28 09:54:40 | INFO     | ayumi.forward_test | Reconnection attempt 1 (backoff=5.0s)
2026-04-28 09:54:40 | WARNING  | ayumi.forward_test | Reconnection failed — next attempt in 10.0s
2026-04-28 09:54:50 | WARNING  | ayumi.forward_test | Connection health check failed: connected=False last_tick_ago=417.1s threshold=400.0s — reconnecting
2026-04-28 09:54:50 | INFO     | ayumi.forward_test | Reconnection attempt 2 (backoff=10.0s)
2026-04-28 09:54:50 | INFO     | ayumi.forward_test | Market data feed connected for GBPUSD
2026-04-28 09:54:50 | INFO     | ayumi.forward_test | Reconnection successful — reset consecutive failure counter
2026-04-28 09:54:50 | INFO     | ayumi.blend_launcher | Signal blocked: unknown | long GBPUSD conf=0.55 — correlation_block: unknown already holds GBPUSD/long
2026-04-28 09:54:52 | INFO     | ayumi.blend_launcher | Signal blocked: unknown | long GBPUSD conf=0.55 — correlation_block: unknown already holds GBPUSD/long
2026-04-28 09:54:53 | INFO     | ayumi.blend_launcher | Signal blocked: unknown | long GBPUSD conf=0.55 — correlation_block: unknown already holds GBPUSD/long
2026-04-28 10:01:40 | WARNING  | ayumi.forward_test | Connection health check failed: connected=True last_tick_ago=407.1s threshold=400.0s — reconnecting
2026-04-28 10:01:40 | INFO     | ayumi.forward_test | Reconnection attempt 1 (backoff=5.0s)
2026-04-28 10:01:40 | WARNING  | ayumi.forward_test | Reconnection failed — next attempt in 10.0s
2026-04-28 10:01:50 | WARNING  | ayumi.forward_test | Connection health check failed: connected=False last_tick_ago=417.3s threshold=400.0s — reconnecting
2026-04-28 10:01:50 | INFO     | ayumi.forward_test | Reconnection attempt 2 (backoff=10.0s)
2026-04-28 10:01:51 | INFO     | ayumi.forward_test | Market data feed connected for GBPUSD
2026-04-28 10:01:51 | INFO     | ayumi.forward_test | Reconnection successful — reset consecutive failure counter
2026-04-28 10:08:41 | WARNING  | ayumi.forward_test | Connection health check failed: connected=True last_tick_ago=405.7s threshold=400.0s — reconnecting
2026-04-28 10:08:41 | INFO     | ayumi.forward_test | Reconnection attempt 1 (backoff=5.0s)
2026-04-28 10:08:41 | INFO     | ayumi.forward_test | Market data feed connected for GBPUSD
2026-04-28 10:08:41 | INFO     | ayumi.forward_test | Reconnection successful — reset consecutive failure counter
2026-04-28 10:15:31 | WARNING  | ayumi.forward_test | Connection health check failed: connected=True last_tick_ago=409.3s threshold=400.0s — reconnecting
2026-04-28 10:15:31 | INFO     | ayumi.forward_test | Reconnection attempt 1 (backoff=5.0s)
2026-04-28 10:15:31 | INFO     | ayumi.forward_test | Market data feed connected for GBPUSD
2026-04-28 10:15:31 | INFO     | ayumi.forward_test | Reconnection successful — reset consecutive failure counter
2026-04-28 10:22:21 | WARNING  | ayumi.forward_test | Connection health check failed: connected=True last_tick_ago=408.9s threshold=400.0s — reconnecting
2026-04-28 10:22:21 | INFO     | ayumi.forward_test | Reconnection attempt 1 (backoff=5.0s)
2026-04-28 10:22:22 | INFO     | ayumi.forward_test | Market data feed connected for GBPUSD
2026-04-28 10:22:22 | INFO     | ayumi.forward_test | Reconnection successful — reset consecutive failure counter
2026-04-28 10:29:12 | WARNING  | ayumi.forward_test | Connection health check failed: connected=True last_tick_ago=401.8s threshold=400.0s — reconnecting
2026-04-28 10:29:12 | INFO     | ayumi.forward_test | Reconnection attempt 1 (backoff=5.0s)
2026-04-28 10:29:12 | INFO     | ayumi.forward_test | Market data feed connected for GBPUSD
2026-04-28 10:29:12 | INFO     | ayumi.forward_test | Reconnection successful — reset consecutive failure counter
2026-04-28 10:36:02 | WARNING  | ayumi.forward_test | Connection health check failed: connected=True last_tick_ago=406.7s threshold=400.0s — reconnecting
2026-04-28 10:36:02 | INFO     | ayumi.forward_test | Reconnection attempt 1 (backoff=5.0s)
2026-04-28 10:36:02 | INFO     | ayumi.forward_test | Market data feed connected for GBPUSD
2026-04-28 10:36:02 | INFO     | ayumi.forward_test | Reconnection successful — reset consecutive failure counter
2026-04-28 10:42:52 | WARNING  | ayumi.forward_test | Connection health check failed: connected=True last_tick_ago=409.6s threshold=400.0s — reconnecting
2026-04-28 10:42:52 | INFO     | ayumi.forward_test | Reconnection attempt 1 (backoff=5.0s)
2026-04-28 10:42:53 | INFO     | ayumi.forward_test | Market data feed connected for GBPUSD
2026-04-28 10:42:53 | INFO     | ayumi.forward_test | Reconnection successful — reset consecutive failure counter
2026-04-28 10:49:43 | WARNING  | ayumi.forward_test | Connection health check failed: connected=True last_tick_ago=409.7s threshold=400.0s — reconnecting
2026-04-28 10:49:43 | INFO     | ayumi.forward_test | Reconnection attempt 1 (backoff=5.0s)
2026-04-28 10:49:43 | INFO     | ayumi.forward_test | Market data feed connected for GBPUSD
2026-04-28 10:49:43 | INFO     | ayumi.forward_test | Reconnection successful — reset consecutive failure counter
2026-04-28 10:56:33 | WARNING  | ayumi.forward_test | Connection health check failed: connected=True last_tick_ago=407.5s threshold=400.0s — reconnecting
2026-04-28 10:56:33 | INFO     | ayumi.forward_test | Reconnection attempt 1 (backoff=5.0s)
2026-04-28 10:56:33 | INFO     | ayumi.forward_test | Market data feed connected for GBPUSD
2026-04-28 10:56:33 | INFO     | ayumi.forward_test | Reconnection successful — reset consecutive failure counter
2026-04-28 11:03:33 | WARNING  | ayumi.forward_test | Connection health check failed: connected=True last_tick_ago=409.5s threshold=400.0s — reconnecting
2026-04-28 11:03:33 | INFO     | ayumi.forward_test | Reconnection attempt 1 (backoff=5.0s)
2026-04-28 11:03:34 | INFO     | ayumi.forward_test | Market data feed connected for GBPUSD
2026-04-28 11:03:34 | INFO     | ayumi.forward_test | Reconnection successful — reset consecutive failure counter
2026-04-28 11:10:24 | WARNING  | ayumi.forward_test | Connection health check failed: connected=True last_tick_ago=408.3s threshold=400.0s — reconnecting
2026-04-28 11:10:24 | INFO     | ayumi.forward_test | Reconnection attempt 1 (backoff=5.0s)
2026-04-28 11:10:24 | INFO     | ayumi.forward_test | Market data feed connected for GBPUSD
2026-04-28 11:10:24 | INFO     | ayumi.forward_test | Reconnection successful — reset consecutive failure counter
2026-04-28 11:17:14 | WARNING  | ayumi.forward_test | Connection health check failed: connected=True last_tick_ago=409.4s threshold=400.0s — reconnecting
2026-04-28 11:17:14 | INFO     | ayumi.forward_test | Reconnection attempt 1 (backoff=5.0s)
2026-04-28 11:17:14 | INFO     | ayumi.forward_test | Market data feed connected for GBPUSD
2026-04-28 11:17:14 | INFO     | ayumi.forward_test | Reconnection successful — reset consecutive failure counter
2026-04-28 11:22:07 | INFO     | ayumi.forward_test | Shutdown signal received (sig=15)
2026-04-28 11:22:07 | INFO     | ayumi.forward_test | Forward test stopped: balance=10000.00 trades=0 pnl=0.00 errors=0 reconnects=0
2026-04-28 11:23:35 | INFO     | ayumi.forward_test | Shutdown signal received (sig=15)
