2026-05-13 12:07:39 | INFO     | ayumi.pid_guard | PID 1141 written to /home/TacoPants/projects/Ayumi/data/forward_test.pid
2026-05-13 12:07:39 | INFO     | ayumi.blend_launcher | === Ayumi Multi-Strategy Forward Test (Blend Pipeline) ===
2026-05-13 12:07:39 | INFO     | ayumi.blend_launcher | Symbols: ['GBPUSD', 'USDJPY']
2026-05-13 12:07:51 | WARNING  | ayumi.blend_launcher | Could not fetch symbol list from OpenAPI: 'CTraderOpenApiClient' object has no attribute 'get_symbols' — using static mapping
2026-05-13 12:07:51 | INFO     | ayumi.blend_launcher | Fetching 100 H1 bars for GBPUSD (id=2)...
2026-05-13 12:44:29 | ERROR    | ayumi.pid_guard | Another forward test process is running (PID 1141). Refusing to start. Kill it first or remove /home/TacoPants/projects/Ayumi/data/forward_test.pid.
2026-05-13 12:45:01 | ERROR    | ayumi.pid_guard | Another forward test process is running (PID 1141). Refusing to start. Kill it first or remove /home/TacoPants/projects/Ayumi/data/forward_test.pid.
2026-05-13 12:45:33 | ERROR    | ayumi.pid_guard | Another forward test process is running (PID 1141). Refusing to start. Kill it first or remove /home/TacoPants/projects/Ayumi/data/forward_test.pid.
2026-05-13 12:46:06 | ERROR    | ayumi.pid_guard | Another forward test process is running (PID 1141). Refusing to start. Kill it first or remove /home/TacoPants/projects/Ayumi/data/forward_test.pid.
2026-05-13 12:46:38 | ERROR    | ayumi.pid_guard | Another forward test process is running (PID 1141). Refusing to start. Kill it first or remove /home/TacoPants/projects/Ayumi/data/forward_test.pid.
2026-05-13 12:47:10 | ERROR    | ayumi.pid_guard | Another forward test process is running (PID 1141). Refusing to start. Kill it first or remove /home/TacoPants/projects/Ayumi/data/forward_test.pid.
2026-05-13 12:47:43 | ERROR    | ayumi.pid_guard | Another forward test process is running (PID 1141). Refusing to start. Kill it first or remove /home/TacoPants/projects/Ayumi/data/forward_test.pid.
2026-05-13 12:48:15 | ERROR    | ayumi.pid_guard | Another forward test process is running (PID 1141). Refusing to start. Kill it first or remove /home/TacoPants/projects/Ayumi/data/forward_test.pid.
2026-05-13 12:48:47 | ERROR    | ayumi.pid_guard | Another forward test process is running (PID 1141). Refusing to start. Kill it first or remove /home/TacoPants/projects/Ayumi/data/forward_test.pid.
2026-05-13 12:49:20 | ERROR    | ayumi.pid_guard | Another forward test process is running (PID 1141). Refusing to start. Kill it first or remove /home/TacoPants/projects/Ayumi/data/forward_test.pid.
2026-05-13 12:49:52 | ERROR    | ayumi.pid_guard | Another forward test process is running (PID 1141). Refusing to start. Kill it first or remove /home/TacoPants/projects/Ayumi/data/forward_test.pid.
2026-05-13 12:50:24 | ERROR    | ayumi.pid_guard | Another forward test process is running (PID 1141). Refusing to start. Kill it first or remove /home/TacoPants/projects/Ayumi/data/forward_test.pid.
2026-05-13 12:50:56 | ERROR    | ayumi.pid_guard | Another forward test process is running (PID 1141). Refusing to start. Kill it first or remove /home/TacoPants/projects/Ayumi/data/forward_test.pid.
2026-05-13 12:51:29 | ERROR    | ayumi.pid_guard | Another forward test process is running (PID 1141). Refusing to start. Kill it first or remove /home/TacoPants/projects/Ayumi/data/forward_test.pid.
2026-05-13 12:52:01 | ERROR    | ayumi.pid_guard | Another forward test process is running (PID 1141). Refusing to start. Kill it first or remove /home/TacoPants/projects/Ayumi/data/forward_test.pid.
2026-05-13 12:52:33 | ERROR    | ayumi.pid_guard | Another forward test process is running (PID 1141). Refusing to start. Kill it first or remove /home/TacoPants/projects/Ayumi/data/forward_test.pid.
2026-05-13 12:53:06 | ERROR    | ayumi.pid_guard | Another forward test process is running (PID 1141). Refusing to start. Kill it first or remove /home/TacoPants/projects/Ayumi/data/forward_test.pid.
2026-05-13 12:53:38 | ERROR    | ayumi.pid_guard | Another forward test process is running (PID 1141). Refusing to start. Kill it first or remove /home/TacoPants/projects/Ayumi/data/forward_test.pid.
2026-05-13 12:54:11 | ERROR    | ayumi.pid_guard | Another forward test process is running (PID 1141). Refusing to start. Kill it first or remove /home/TacoPants/projects/Ayumi/data/forward_test.pid.
2026-05-13 12:54:43 | ERROR    | ayumi.pid_guard | Another forward test process is running (PID 1141). Refusing to start. Kill it first or remove /home/TacoPants/projects/Ayumi/data/forward_test.pid.
2026-05-13 12:55:15 | ERROR    | ayumi.pid_guard | Another forward test process is running (PID 1141). Refusing to start. Kill it first or remove /home/TacoPants/projects/Ayumi/data/forward_test.pid.
2026-05-13 12:55:48 | ERROR    | ayumi.pid_guard | Another forward test process is running (PID 1141). Refusing to start. Kill it first or remove /home/TacoPants/projects/Ayumi/data/forward_test.pid.
2026-05-13 12:56:20 | ERROR    | ayumi.pid_guard | Another forward test process is running (PID 1141). Refusing to start. Kill it first or remove /home/TacoPants/projects/Ayumi/data/forward_test.pid.
2026-05-13 12:56:54 | ERROR    | ayumi.pid_guard | Another forward test process is running (PID 1141). Refusing to start. Kill it first or remove /home/TacoPants/projects/Ayumi/data/forward_test.pid.
2026-05-13 12:57:27 | ERROR    | ayumi.pid_guard | Another forward test process is running (PID 1141). Refusing to start. Kill it first or remove /home/TacoPants/projects/Ayumi/data/forward_test.pid.
2026-05-13 12:57:59 | ERROR    | ayumi.pid_guard | Another forward test process is running (PID 1141). Refusing to start. Kill it first or remove /home/TacoPants/projects/Ayumi/data/forward_test.pid.
2026-05-13 12:58:31 | ERROR    | ayumi.pid_guard | Another forward test process is running (PID 1141). Refusing to start. Kill it first or remove /home/TacoPants/projects/Ayumi/data/forward_test.pid.
2026-05-13 12:59:04 | ERROR    | ayumi.pid_guard | Another forward test process is running (PID 1141). Refusing to start. Kill it first or remove /home/TacoPants/projects/Ayumi/data/forward_test.pid.
2026-05-13 12:59:36 | ERROR    | ayumi.pid_guard | Another forward test process is running (PID 1141). Refusing to start. Kill it first or remove /home/TacoPants/projects/Ayumi/data/forward_test.pid.
2026-05-13 13:00:09 | ERROR    | ayumi.pid_guard | Another forward test process is running (PID 1141). Refusing to start. Kill it first or remove /home/TacoPants/projects/Ayumi/data/forward_test.pid.
2026-05-13 13:00:41 | ERROR    | ayumi.pid_guard | Another forward test process is running (PID 1141). Refusing to start. Kill it first or remove /home/TacoPants/projects/Ayumi/data/forward_test.pid.
2026-05-13 13:01:13 | ERROR    | ayumi.pid_guard | Another forward test process is running (PID 1141). Refusing to start. Kill it first or remove /home/TacoPants/projects/Ayumi/data/forward_test.pid.
2026-05-13 13:01:46 | ERROR    | ayumi.pid_guard | Another forward test process is running (PID 1141). Refusing to start. Kill it first or remove /home/TacoPants/projects/Ayumi/data/forward_test.pid.
2026-05-13 13:02:18 | ERROR    | ayumi.pid_guard | Another forward test process is running (PID 1141). Refusing to start. Kill it first or remove /home/TacoPants/projects/Ayumi/data/forward_test.pid.
2026-05-13 13:02:51 | ERROR    | ayumi.pid_guard | Another forward test process is running (PID 1141). Refusing to start. Kill it first or remove /home/TacoPants/projects/Ayumi/data/forward_test.pid.
2026-05-13 13:03:23 | ERROR    | ayumi.pid_guard | Another forward test process is running (PID 1141). Refusing to start. Kill it first or remove /home/TacoPants/projects/Ayumi/data/forward_test.pid.
2026-05-13 13:03:55 | ERROR    | ayumi.pid_guard | Another forward test process is running (PID 1141). Refusing to start. Kill it first or remove /home/TacoPants/projects/Ayumi/data/forward_test.pid.
2026-05-13 13:04:28 | ERROR    | ayumi.pid_guard | Another forward test process is running (PID 1141). Refusing to start. Kill it first or remove /home/TacoPants/projects/Ayumi/data/forward_test.pid.
2026-05-13 13:05:00 | ERROR    | ayumi.pid_guard | Another forward test process is running (PID 1141). Refusing to start. Kill it first or remove /home/TacoPants/projects/Ayumi/data/forward_test.pid.
2026-05-13 13:05:32 | ERROR    | ayumi.pid_guard | Another forward test process is running (PID 1141). Refusing to start. Kill it first or remove /home/TacoPants/projects/Ayumi/data/forward_test.pid.
2026-05-13 13:06:05 | ERROR    | ayumi.pid_guard | Another forward test process is running (PID 1141). Refusing to start. Kill it first or remove /home/TacoPants/projects/Ayumi/data/forward_test.pid.
2026-05-13 13:06:37 | ERROR    | ayumi.pid_guard | Another forward test process is running (PID 1141). Refusing to start. Kill it first or remove /home/TacoPants/projects/Ayumi/data/forward_test.pid.
2026-05-13 13:07:09 | ERROR    | ayumi.pid_guard | Another forward test process is running (PID 1141). Refusing to start. Kill it first or remove /home/TacoPants/projects/Ayumi/data/forward_test.pid.
2026-05-13 13:07:42 | ERROR    | ayumi.pid_guard | Another forward test process is running (PID 1141). Refusing to start. Kill it first or remove /home/TacoPants/projects/Ayumi/data/forward_test.pid.
2026-05-13 13:08:15 | ERROR    | ayumi.pid_guard | Another forward test process is running (PID 1141). Refusing to start. Kill it first or remove /home/TacoPants/projects/Ayumi/data/forward_test.pid.
2026-05-13 13:08:47 | ERROR    | ayumi.pid_guard | Another forward test process is running (PID 1141). Refusing to start. Kill it first or remove /home/TacoPants/projects/Ayumi/data/forward_test.pid.
2026-05-13 13:09:19 | INFO     | ayumi.pid_guard | PID 25070 written to /home/TacoPants/projects/Ayumi/data/forward_test.pid
2026-05-13 13:09:19 | INFO     | ayumi.blend_launcher | === Ayumi Multi-Strategy Forward Test (Blend Pipeline) ===
2026-05-13 13:09:19 | INFO     | ayumi.blend_launcher | Symbols: ['GBPUSD', 'USDJPY']
2026-05-13 13:09:31 | WARNING  | ayumi.blend_launcher | Could not fetch symbol list from OpenAPI: 'CTraderOpenApiClient' object has no attribute 'get_symbols' — using static mapping
2026-05-13 13:09:31 | INFO     | ayumi.blend_launcher | Fetching 100 H1 bars for GBPUSD (id=2)...
2026-05-13 13:12:09 | INFO     | ayumi.pid_guard | PID 26302 written to /home/TacoPants/projects/Ayumi/data/forward_test.pid
2026-05-13 13:12:09 | INFO     | ayumi.blend_launcher | === Ayumi Multi-Strategy Forward Test (Blend Pipeline) ===
2026-05-13 13:12:09 | INFO     | ayumi.blend_launcher | Symbols: ['GBPUSD', 'USDJPY']
2026-05-13 13:12:11 | WARNING  | ayumi.blend_launcher | Could not fetch symbol list from OpenAPI: 'CTraderOpenApiClient' object has no attribute 'get_symbols' — using static mapping
2026-05-13 13:12:11 | INFO     | ayumi.blend_launcher | Fetching 100 H1 bars for GBPUSD (id=2)...
2026-05-13 13:12:11 | ERROR    | ayumi.pid_guard | Another forward test process is running (PID 26302). Refusing to start. Kill it first or remove /home/TacoPants/projects/Ayumi/data/forward_test.pid.
2026-05-13 13:12:13 | INFO     | ayumi.blend_launcher | Fetched 99 H1 bars for GBPUSD
2026-05-13 13:12:13 | INFO     | ayumi.blend_launcher | Fetching 200 M15 bars for GBPUSD (id=2)...
2026-05-13 13:12:15 | INFO     | ayumi.blend_launcher | Fetched 199 M15 bars for GBPUSD
2026-05-13 13:12:15 | INFO     | ayumi.blend_launcher | Fetching 100 H1 bars for USDJPY (id=4)...
2026-05-13 13:12:17 | INFO     | ayumi.blend_launcher | Fetched 99 H1 bars for USDJPY
2026-05-13 13:12:17 | INFO     | ayumi.blend_launcher | Fetching 200 M15 bars for USDJPY (id=4)...
2026-05-13 13:12:19 | INFO     | ayumi.blend_launcher | Fetched 199 M15 bars for USDJPY
2026-05-13 13:12:19 | INFO     | ayumi.blend_launcher | Registered 5 strategies: ['SRMR+', 'Killzone Momentum', 'Donchian Channel Breakout', 'Session-Range Mean Reversion', 'BB+RSI Mean Reversion']
2026-05-13 13:12:19 | INFO     | ayumi.blend_launcher | All strategy .name properties verified against maps
2026-05-13 13:12:19 | INFO     | ayumi.risk | Restored risk state from data/risk_state_blend.json
2026-05-13 13:12:19 | INFO     | ayumi.forward_test | BlendForwardTestRunner started — balance=$10000.00
2026-05-13 13:12:19 | INFO     | ayumi.forward_test | Preloaded 99 bars into key 'GBPUSD:60'
2026-05-13 13:12:19 | INFO     | ayumi.blend_launcher | Preloaded 99 60min bars for GBPUSD into engine
2026-05-13 13:12:19 | INFO     | ayumi.forward_test | Preloaded 199 bars into key 'GBPUSD:15'
2026-05-13 13:12:19 | INFO     | ayumi.blend_launcher | Preloaded 199 15min bars for GBPUSD into engine
2026-05-13 13:12:19 | INFO     | ayumi.forward_test | Preloaded 99 bars into key 'USDJPY:60'
2026-05-13 13:12:19 | INFO     | ayumi.blend_launcher | Preloaded 99 60min bars for USDJPY into engine
2026-05-13 13:12:19 | INFO     | ayumi.forward_test | Preloaded 199 bars into key 'USDJPY:15'
2026-05-13 13:12:19 | INFO     | ayumi.blend_launcher | Preloaded 199 15min bars for USDJPY into engine
2026-05-13 13:12:19 | INFO     | ayumi.blend_launcher | === STARTING MULTI-STRATEGY FORWARD TEST ===
2026-05-13 13:12:19 | INFO     | ayumi.blend_launcher | Pipeline: SRMR+ + Killzone + Momentum + SessionRangeMR → Correlation Gate → Blend Runner → Paper
2026-05-13 13:12:19 | INFO     | ayumi.blend_launcher | Startup diagnostic: strategies=['SRMR+', 'Killzone Momentum', 'Donchian Channel Breakout', 'Session-Range Mean Reversion', 'BB+RSI Mean Reversion']
2026-05-13 13:12:19 | INFO     | ayumi.blend_launcher | Startup diagnostic: symbols=['GBPUSD', 'USDJPY']
2026-05-13 13:12:19 | INFO     | ayumi.blend_launcher | Startup diagnostic: bar_period=60m, min_confidence=0.50
2026-05-13 13:12:19 | INFO     | ayumi.blend_launcher | Startup diagnostic: strategy_timeframes={'SRMR+': 60, 'Killzone Momentum': 15, 'Donchian Channel Breakout': 15, 'Session-Range Mean Reversion': 60, 'BB+RSI Mean Reversion': 60}
2026-05-13 13:12:19 | WARNING  | ayumi.forward_test | Credential validation: sender_comp_id is empty — may cause FIX logon failure
2026-05-13 13:12:19 | INFO     | ayumi.openapi_spot_feed | Connected to demo.ctraderapi.com:5035
2026-05-13 13:12:20 | INFO     | ayumi.openapi_spot_feed | Application authenticated
2026-05-13 13:12:21 | INFO     | ayumi.openapi_spot_feed | No token lifetime from server — defaulting to 86400s
2026-05-13 13:12:21 | INFO     | ayumi.openapi_spot_feed | Scheduling proactive token refresh in 69120s (token lifetime=86400s)
2026-05-13 13:12:21 | INFO     | ayumi.openapi_spot_feed | Account authenticated
2026-05-13 13:12:21 | INFO     | ayumi.openapi_spot_feed | Requesting symbol list for account 46877902
2026-05-13 13:12:22 | INFO     | ayumi.openapi_spot_feed | Loaded 830 symbol name mappings from API
2026-05-13 13:12:22 | INFO     | ayumi.openapi_spot_feed | Pre-fetching details for GBPUSD (id=2)
2026-05-13 13:12:23 | INFO     | ayumi.openapi_spot_feed | Fetched symbol details: id=2 digits=5
2026-05-13 13:12:23 | INFO     | ayumi.openapi_spot_feed | Pre-fetching details for USDJPY (id=4)
2026-05-13 13:12:24 | INFO     | ayumi.openapi_spot_feed | Fetched symbol details: id=4 digits=3
2026-05-13 13:12:24 | INFO     | ayumi.openapi_spot_feed | Subscribed to spot events for symbol_id=2
2026-05-13 13:12:24 | INFO     | ayumi.openapi_spot_feed | Subscribed to spot events for symbol_id=4
2026-05-13 13:12:24 | INFO     | ayumi.openapi_spot_feed | OpenApiSpotFeed started: account=46877902 symbols_loaded=2
2026-05-13 13:12:24 | INFO     | ayumi.forward_test | Open API spot feed connected for ['GBPUSD', 'USDJPY']
2026-05-13 13:12:24 | INFO     | ayumi.forward_test | Forward test started: symbols=['GBPUSD', 'USDJPY'] strategies=['SRMR+', 'Killzone Momentum', 'Donchian Channel Breakout', 'Session-Range Mean Reversion', 'BB+RSI Mean Reversion'] mode=PAPER eval_interval=1.0s bar_period=60m
2026-05-13 13:12:24 | INFO     | ayumi.forward_test | [B5 Startup] Strategy list: ['SRMR+', 'Killzone Momentum', 'Donchian Channel Breakout', 'Session-Range Mean Reversion', 'BB+RSI Mean Reversion']
2026-05-13 13:12:24 | INFO     | ayumi.forward_test | [B5 Startup] Symbols: ['GBPUSD', 'USDJPY']
2026-05-13 13:12:24 | INFO     | ayumi.forward_test | [B5 Startup] Bar period: 60m
2026-05-13 13:12:24 | INFO     | ayumi.forward_test | [B5 Startup] Min confidence: 0.50
2026-05-13 13:12:24 | INFO     | ayumi.forward_test | [B5 Startup] Min bars for evaluation: 50
2026-05-13 13:12:24 | INFO     | ayumi.forward_test | [B5 Startup] Strategy timeframes: {'SRMR+': 60, 'Killzone Momentum': 60, 'Donchian Channel Breakout': 60, 'Session-Range Mean Reversion': 60, 'BB+RSI Mean Reversion': 60}
2026-05-13 13:12:24 | INFO     | ayumi.forward_test | [B5 Startup] Required timeframes: [60]
2026-05-13 13:12:25 | INFO     | ayumi.orchestrator | Adapted signal: strategy=srmr_plus symbol=USDJPY dir=SHORT conf=0.58 entry=157.85150 sl=157.98350 sl_dist=0.132000
2026-05-13 13:12:25 | INFO     | ayumi.orchestrator | Signal received: strategy=srmr_plus symbol=USDJPY direction=SHORT confidence=0.583
2026-05-13 13:12:25 | INFO     | ayumi.orchestrator | Routing: strategy=srmr_plus symbol=USDJPY → profile=Profile.SWARM
2026-05-13 13:12:25 | INFO     | ayumi.orchestrator | Signal accepted: strategy=srmr_plus symbol=USDJPY lots=0.2900 risk=$25.00 sl=13.2pips
2026-05-13 13:12:25 | INFO     | ayumi.forward_test | Order accepted: USDJPY SHORT 0.2900 lots risk=$25.00
2026-05-13 13:12:25 | INFO     | ayumi.blend_launcher | Signal accepted: srmr_plus short USDJPY @ 157.85150 conf=0.58 lots=0.2900
2026-05-13 13:12:25 | INFO     | ayumi.blend_launcher | Trade executed: srmr_plus short 0.2900 lots
2026-05-13 13:12:44 | ERROR    | ayumi.pid_guard | Another forward test process is running (PID 26302). Refusing to start. Kill it first or remove /home/TacoPants/projects/Ayumi/data/forward_test.pid.
2026-05-13 13:13:16 | ERROR    | ayumi.pid_guard | Another forward test process is running (PID 26302). Refusing to start. Kill it first or remove /home/TacoPants/projects/Ayumi/data/forward_test.pid.
2026-05-13 13:13:24 | INFO     | ayumi.forward_test | [B5 Periodic] ticks=95 bars_built=1 signals=1 traded=1 eval_errors=0
2026-05-13 13:13:24 | INFO     | ayumi.blend_launcher | [B5 Health] ticks=95 tps=1.62 bars=1 signals=1 trades=1 balance=10000.00 uptime=60s
2026-05-13 13:13:48 | ERROR    | ayumi.pid_guard | Another forward test process is running (PID 26302). Refusing to start. Kill it first or remove /home/TacoPants/projects/Ayumi/data/forward_test.pid.
2026-05-13 13:14:21 | ERROR    | ayumi.pid_guard | Another forward test process is running (PID 26302). Refusing to start. Kill it first or remove /home/TacoPants/projects/Ayumi/data/forward_test.pid.
2026-05-13 13:14:24 | INFO     | ayumi.forward_test | [B5 Periodic] ticks=175 bars_built=1 signals=1 traded=1 eval_errors=0
2026-05-13 13:14:24 | INFO     | ayumi.blend_launcher | [B5 Health] ticks=175 tps=1.52 bars=1 signals=1 trades=1 balance=10000.00 uptime=120s
2026-05-13 13:14:53 | ERROR    | ayumi.pid_guard | Another forward test process is running (PID 26302). Refusing to start. Kill it first or remove /home/TacoPants/projects/Ayumi/data/forward_test.pid.
2026-05-13 13:15:24 | INFO     | ayumi.forward_test | [B5 Periodic] ticks=277 bars_built=1 signals=1 traded=1 eval_errors=0
2026-05-13 13:15:24 | INFO     | ayumi.blend_launcher | [B5 Health] ticks=277 tps=1.33 bars=1 signals=1 trades=1 balance=10720.97 uptime=180s
2026-05-13 13:15:26 | ERROR    | ayumi.pid_guard | Another forward test process is running (PID 26302). Refusing to start. Kill it first or remove /home/TacoPants/projects/Ayumi/data/forward_test.pid.
2026-05-13 13:15:59 | ERROR    | ayumi.pid_guard | Another forward test process is running (PID 26302). Refusing to start. Kill it first or remove /home/TacoPants/projects/Ayumi/data/forward_test.pid.
2026-05-13 13:16:24 | INFO     | ayumi.forward_test | [B5 Periodic] ticks=368 bars_built=1 signals=1 traded=1 eval_errors=0
2026-05-13 13:16:24 | INFO     | ayumi.blend_launcher | [B5 Health] ticks=368 tps=1.20 bars=1 signals=1 trades=1 balance=10492.97 uptime=240s
2026-05-13 13:16:31 | ERROR    | ayumi.pid_guard | Another forward test process is running (PID 26302). Refusing to start. Kill it first or remove /home/TacoPants/projects/Ayumi/data/forward_test.pid.
2026-05-13 13:17:04 | ERROR    | ayumi.pid_guard | Another forward test process is running (PID 26302). Refusing to start. Kill it first or remove /home/TacoPants/projects/Ayumi/data/forward_test.pid.
2026-05-13 13:17:24 | INFO     | ayumi.forward_test | [B5 Periodic] ticks=458 bars_built=1 signals=1 traded=1 eval_errors=0
2026-05-13 13:17:24 | INFO     | ayumi.blend_launcher | [B5 Health] ticks=458 tps=1.30 bars=1 signals=1 trades=1 balance=10000.00 uptime=300s
2026-05-13 13:17:36 | ERROR    | ayumi.pid_guard | Another forward test process is running (PID 26302). Refusing to start. Kill it first or remove /home/TacoPants/projects/Ayumi/data/forward_test.pid.
2026-05-13 13:18:08 | ERROR    | ayumi.pid_guard | Another forward test process is running (PID 26302). Refusing to start. Kill it first or remove /home/TacoPants/projects/Ayumi/data/forward_test.pid.
2026-05-13 13:18:24 | INFO     | ayumi.forward_test | [B5 Periodic] ticks=522 bars_built=1 signals=1 traded=1 eval_errors=0
2026-05-13 13:18:24 | INFO     | ayumi.blend_launcher | [B5 Health] ticks=522 tps=1.50 bars=1 signals=1 trades=1 balance=10000.00 uptime=360s
2026-05-13 13:18:41 | ERROR    | ayumi.pid_guard | Another forward test process is running (PID 26302). Refusing to start. Kill it first or remove /home/TacoPants/projects/Ayumi/data/forward_test.pid.
2026-05-13 13:19:13 | ERROR    | ayumi.pid_guard | Another forward test process is running (PID 26302). Refusing to start. Kill it first or remove /home/TacoPants/projects/Ayumi/data/forward_test.pid.
2026-05-13 13:19:24 | INFO     | ayumi.forward_test | [B5 Periodic] ticks=581 bars_built=1 signals=1 traded=1 eval_errors=0
2026-05-13 13:19:24 | INFO     | ayumi.blend_launcher | [B5 Health] ticks=581 tps=1.47 bars=1 signals=1 trades=1 balance=10000.00 uptime=420s
2026-05-13 13:19:46 | ERROR    | ayumi.pid_guard | Another forward test process is running (PID 26302). Refusing to start. Kill it first or remove /home/TacoPants/projects/Ayumi/data/forward_test.pid.
2026-05-13 13:20:18 | ERROR    | ayumi.pid_guard | Another forward test process is running (PID 26302). Refusing to start. Kill it first or remove /home/TacoPants/projects/Ayumi/data/forward_test.pid.
2026-05-13 13:20:24 | INFO     | ayumi.forward_test | [B5 Periodic] ticks=672 bars_built=1 signals=1 traded=1 eval_errors=0
2026-05-13 13:20:24 | INFO     | ayumi.blend_launcher | [B5 Health] ticks=672 tps=1.44 bars=1 signals=1 trades=1 balance=10000.00 uptime=480s
2026-05-13 13:20:51 | ERROR    | ayumi.pid_guard | Another forward test process is running (PID 26302). Refusing to start. Kill it first or remove /home/TacoPants/projects/Ayumi/data/forward_test.pid.
2026-05-13 13:21:23 | ERROR    | ayumi.pid_guard | Another forward test process is running (PID 26302). Refusing to start. Kill it first or remove /home/TacoPants/projects/Ayumi/data/forward_test.pid.
2026-05-13 13:21:24 | INFO     | ayumi.forward_test | [B5 Periodic] ticks=788 bars_built=1 signals=1 traded=1 eval_errors=0
2026-05-13 13:21:24 | INFO     | ayumi.blend_launcher | [B5 Health] ticks=788 tps=1.83 bars=1 signals=1 trades=1 balance=10000.00 uptime=540s
2026-05-13 13:21:55 | ERROR    | ayumi.pid_guard | Another forward test process is running (PID 26302). Refusing to start. Kill it first or remove /home/TacoPants/projects/Ayumi/data/forward_test.pid.
2026-05-13 13:22:24 | INFO     | ayumi.forward_test | [B5 Periodic] ticks=879 bars_built=1 signals=1 traded=1 eval_errors=0
2026-05-13 13:22:24 | INFO     | ayumi.blend_launcher | [B5 Health] ticks=879 tps=2.50 bars=1 signals=1 trades=1 balance=10264.97 uptime=600s
2026-05-13 13:22:28 | ERROR    | ayumi.pid_guard | Another forward test process is running (PID 26302). Refusing to start. Kill it first or remove /home/TacoPants/projects/Ayumi/data/forward_test.pid.
2026-05-13 13:23:00 | ERROR    | ayumi.pid_guard | Another forward test process is running (PID 26302). Refusing to start. Kill it first or remove /home/TacoPants/projects/Ayumi/data/forward_test.pid.
2026-05-13 13:23:24 | INFO     | ayumi.forward_test | [B5 Periodic] ticks=966 bars_built=1 signals=1 traded=1 eval_errors=0
2026-05-13 13:23:24 | INFO     | ayumi.blend_launcher | [B5 Health] ticks=966 tps=1.27 bars=1 signals=1 trades=1 balance=10000.00 uptime=660s
2026-05-13 13:23:33 | ERROR    | ayumi.pid_guard | Another forward test process is running (PID 26302). Refusing to start. Kill it first or remove /home/TacoPants/projects/Ayumi/data/forward_test.pid.
2026-05-13 13:24:05 | ERROR    | ayumi.pid_guard | Another forward test process is running (PID 26302). Refusing to start. Kill it first or remove /home/TacoPants/projects/Ayumi/data/forward_test.pid.
2026-05-13 13:24:24 | INFO     | ayumi.forward_test | [B5 Periodic] ticks=1044 bars_built=1 signals=1 traded=1 eval_errors=0
2026-05-13 13:24:24 | INFO     | ayumi.blend_launcher | [B5 Health] ticks=1044 tps=1.43 bars=1 signals=1 trades=1 balance=10000.00 uptime=720s
2026-05-13 13:24:37 | ERROR    | ayumi.pid_guard | Another forward test process is running (PID 26302). Refusing to start. Kill it first or remove /home/TacoPants/projects/Ayumi/data/forward_test.pid.
2026-05-13 13:25:10 | ERROR    | ayumi.pid_guard | Another forward test process is running (PID 26302). Refusing to start. Kill it first or remove /home/TacoPants/projects/Ayumi/data/forward_test.pid.
2026-05-13 13:25:24 | INFO     | ayumi.forward_test | [B5 Periodic] ticks=1137 bars_built=1 signals=1 traded=1 eval_errors=0
2026-05-13 13:25:24 | INFO     | ayumi.blend_launcher | [B5 Health] ticks=1137 tps=1.91 bars=1 signals=1 trades=1 balance=10000.00 uptime=780s
2026-05-13 13:25:42 | ERROR    | ayumi.pid_guard | Another forward test process is running (PID 26302). Refusing to start. Kill it first or remove /home/TacoPants/projects/Ayumi/data/forward_test.pid.
2026-05-13 13:26:15 | ERROR    | ayumi.pid_guard | Another forward test process is running (PID 26302). Refusing to start. Kill it first or remove /home/TacoPants/projects/Ayumi/data/forward_test.pid.
2026-05-13 13:26:24 | INFO     | ayumi.forward_test | [B5 Periodic] ticks=1209 bars_built=1 signals=1 traded=1 eval_errors=0
2026-05-13 13:26:24 | INFO     | ayumi.blend_launcher | [B5 Health] ticks=1209 tps=1.53 bars=1 signals=1 trades=1 balance=10000.00 uptime=840s
2026-05-13 13:26:47 | ERROR    | ayumi.pid_guard | Another forward test process is running (PID 26302). Refusing to start. Kill it first or remove /home/TacoPants/projects/Ayumi/data/forward_test.pid.
2026-05-13 13:27:20 | ERROR    | ayumi.pid_guard | Another forward test process is running (PID 26302). Refusing to start. Kill it first or remove /home/TacoPants/projects/Ayumi/data/forward_test.pid.
2026-05-13 13:27:24 | INFO     | ayumi.forward_test | [B5 Periodic] ticks=1283 bars_built=1 signals=1 traded=1 eval_errors=0
2026-05-13 13:27:24 | INFO     | ayumi.blend_launcher | [B5 Health] ticks=1283 tps=1.50 bars=1 signals=1 trades=1 balance=10000.00 uptime=900s
2026-05-13 13:27:52 | ERROR    | ayumi.pid_guard | Another forward test process is running (PID 26302). Refusing to start. Kill it first or remove /home/TacoPants/projects/Ayumi/data/forward_test.pid.
2026-05-13 13:28:24 | ERROR    | ayumi.pid_guard | Another forward test process is running (PID 26302). Refusing to start. Kill it first or remove /home/TacoPants/projects/Ayumi/data/forward_test.pid.
2026-05-13 13:28:24 | INFO     | ayumi.forward_test | [B5 Periodic] ticks=1369 bars_built=1 signals=1 traded=1 eval_errors=0
2026-05-13 13:28:24 | INFO     | ayumi.blend_launcher | [B5 Health] ticks=1369 tps=1.33 bars=1 signals=1 trades=1 balance=10000.00 uptime=960s
2026-05-13 13:28:56 | ERROR    | ayumi.pid_guard | Another forward test process is running (PID 26302). Refusing to start. Kill it first or remove /home/TacoPants/projects/Ayumi/data/forward_test.pid.
2026-05-13 13:29:24 | INFO     | ayumi.forward_test | [B5 Periodic] ticks=1455 bars_built=1 signals=1 traded=1 eval_errors=0
2026-05-13 13:29:24 | INFO     | ayumi.blend_launcher | [B5 Health] ticks=1455 tps=3.39 bars=1 signals=1 trades=1 balance=10000.00 uptime=1020s
2026-05-13 13:29:29 | ERROR    | ayumi.pid_guard | Another forward test process is running (PID 26302). Refusing to start. Kill it first or remove /home/TacoPants/projects/Ayumi/data/forward_test.pid.
2026-05-13 13:30:01 | ERROR    | ayumi.pid_guard | Another forward test process is running (PID 26302). Refusing to start. Kill it first or remove /home/TacoPants/projects/Ayumi/data/forward_test.pid.
2026-05-13 13:30:24 | INFO     | ayumi.forward_test | [B5 Periodic] ticks=1549 bars_built=1 signals=1 traded=1 eval_errors=0
2026-05-13 13:30:24 | INFO     | ayumi.blend_launcher | [B5 Health] ticks=1549 tps=2.08 bars=1 signals=1 trades=1 balance=10910.97 uptime=1080s
2026-05-13 13:30:33 | ERROR    | ayumi.pid_guard | Another forward test process is running (PID 26302). Refusing to start. Kill it first or remove /home/TacoPants/projects/Ayumi/data/forward_test.pid.
2026-05-13 13:31:05 | ERROR    | ayumi.pid_guard | Another forward test process is running (PID 26302). Refusing to start. Kill it first or remove /home/TacoPants/projects/Ayumi/data/forward_test.pid.
2026-05-13 13:31:24 | INFO     | ayumi.forward_test | [B5 Periodic] ticks=1666 bars_built=1 signals=1 traded=1 eval_errors=0
2026-05-13 13:31:24 | INFO     | ayumi.blend_launcher | [B5 Health] ticks=1667 tps=2.22 bars=1 signals=1 trades=1 balance=10454.97 uptime=1140s
2026-05-13 13:31:38 | ERROR    | ayumi.pid_guard | Another forward test process is running (PID 26302). Refusing to start. Kill it first or remove /home/TacoPants/projects/Ayumi/data/forward_test.pid.
2026-05-13 13:32:10 | ERROR    | ayumi.pid_guard | Another forward test process is running (PID 26302). Refusing to start. Kill it first or remove /home/TacoPants/projects/Ayumi/data/forward_test.pid.
2026-05-13 13:32:24 | INFO     | ayumi.forward_test | [B5 Periodic] ticks=1800 bars_built=1 signals=1 traded=1 eval_errors=0
2026-05-13 13:32:24 | INFO     | ayumi.blend_launcher | [B5 Health] ticks=1800 tps=2.62 bars=1 signals=1 trades=1 balance=10000.00 uptime=1200s
2026-05-13 13:32:42 | ERROR    | ayumi.pid_guard | Another forward test process is running (PID 26302). Refusing to start. Kill it first or remove /home/TacoPants/projects/Ayumi/data/forward_test.pid.
2026-05-13 13:33:15 | ERROR    | ayumi.pid_guard | Another forward test process is running (PID 26302). Refusing to start. Kill it first or remove /home/TacoPants/projects/Ayumi/data/forward_test.pid.
2026-05-13 13:33:24 | INFO     | ayumi.forward_test | [B5 Periodic] ticks=1964 bars_built=1 signals=1 traded=1 eval_errors=0
2026-05-13 13:33:24 | INFO     | ayumi.blend_launcher | [B5 Health] ticks=1965 tps=1.86 bars=1 signals=1 trades=1 balance=10000.00 uptime=1260s
2026-05-13 13:33:47 | ERROR    | ayumi.pid_guard | Another forward test process is running (PID 26302). Refusing to start. Kill it first or remove /home/TacoPants/projects/Ayumi/data/forward_test.pid.
2026-05-13 13:34:19 | ERROR    | ayumi.pid_guard | Another forward test process is running (PID 26302). Refusing to start. Kill it first or remove /home/TacoPants/projects/Ayumi/data/forward_test.pid.
2026-05-13 13:34:24 | INFO     | ayumi.forward_test | [B5 Periodic] ticks=2092 bars_built=1 signals=1 traded=1 eval_errors=0
2026-05-13 13:34:24 | INFO     | ayumi.blend_launcher | [B5 Health] ticks=2092 tps=2.28 bars=1 signals=1 trades=1 balance=10000.00 uptime=1320s
2026-05-13 13:34:51 | ERROR    | ayumi.pid_guard | Another forward test process is running (PID 26302). Refusing to start. Kill it first or remove /home/TacoPants/projects/Ayumi/data/forward_test.pid.
2026-05-13 13:35:24 | ERROR    | ayumi.pid_guard | Another forward test process is running (PID 26302). Refusing to start. Kill it first or remove /home/TacoPants/projects/Ayumi/data/forward_test.pid.
2026-05-13 13:35:24 | INFO     | ayumi.forward_test | [B5 Periodic] ticks=2231 bars_built=1 signals=1 traded=1 eval_errors=0
2026-05-13 13:35:24 | INFO     | ayumi.blend_launcher | [B5 Health] ticks=2232 tps=2.19 bars=1 signals=1 trades=1 balance=11594.97 uptime=1380s
2026-05-13 13:35:56 | ERROR    | ayumi.pid_guard | Another forward test process is running (PID 26302). Refusing to start. Kill it first or remove /home/TacoPants/projects/Ayumi/data/forward_test.pid.
2026-05-13 13:36:24 | INFO     | ayumi.forward_test | [B5 Periodic] ticks=2365 bars_built=1 signals=1 traded=1 eval_errors=0
2026-05-13 13:36:24 | INFO     | ayumi.blend_launcher | [B5 Health] ticks=2365 tps=2.42 bars=1 signals=1 trades=1 balance=10000.00 uptime=1440s
2026-05-13 13:36:29 | ERROR    | ayumi.pid_guard | Another forward test process is running (PID 26302). Refusing to start. Kill it first or remove /home/TacoPants/projects/Ayumi/data/forward_test.pid.
2026-05-13 13:37:01 | ERROR    | ayumi.pid_guard | Another forward test process is running (PID 26302). Refusing to start. Kill it first or remove /home/TacoPants/projects/Ayumi/data/forward_test.pid.
2026-05-13 13:37:24 | INFO     | ayumi.forward_test | [B5 Periodic] ticks=2497 bars_built=1 signals=1 traded=1 eval_errors=0
2026-05-13 13:37:24 | INFO     | ayumi.blend_launcher | [B5 Health] ticks=2497 tps=1.50 bars=1 signals=1 trades=1 balance=10000.00 uptime=1500s
2026-05-13 13:37:34 | ERROR    | ayumi.pid_guard | Another forward test process is running (PID 26302). Refusing to start. Kill it first or remove /home/TacoPants/projects/Ayumi/data/forward_test.pid.
2026-05-13 13:38:06 | ERROR    | ayumi.pid_guard | Another forward test process is running (PID 26302). Refusing to start. Kill it first or remove /home/TacoPants/projects/Ayumi/data/forward_test.pid.
2026-05-13 13:38:24 | INFO     | ayumi.forward_test | [B5 Periodic] ticks=2630 bars_built=1 signals=1 traded=1 eval_errors=0
2026-05-13 13:38:24 | INFO     | ayumi.blend_launcher | [B5 Health] ticks=2631 tps=2.22 bars=1 signals=1 trades=1 balance=10000.00 uptime=1560s
2026-05-13 13:38:39 | ERROR    | ayumi.pid_guard | Another forward test process is running (PID 26302). Refusing to start. Kill it first or remove /home/TacoPants/projects/Ayumi/data/forward_test.pid.
2026-05-13 13:39:11 | ERROR    | ayumi.pid_guard | Another forward test process is running (PID 26302). Refusing to start. Kill it first or remove /home/TacoPants/projects/Ayumi/data/forward_test.pid.
2026-05-13 13:39:24 | INFO     | ayumi.forward_test | [B5 Periodic] ticks=2760 bars_built=1 signals=1 traded=1 eval_errors=0
2026-05-13 13:39:24 | INFO     | ayumi.blend_launcher | [B5 Health] ticks=2760 tps=2.45 bars=1 signals=1 trades=1 balance=11670.97 uptime=1620s
2026-05-13 13:39:43 | ERROR    | ayumi.pid_guard | Another forward test process is running (PID 26302). Refusing to start. Kill it first or remove /home/TacoPants/projects/Ayumi/data/forward_test.pid.
2026-05-13 13:40:16 | ERROR    | ayumi.pid_guard | Another forward test process is running (PID 26302). Refusing to start. Kill it first or remove /home/TacoPants/projects/Ayumi/data/forward_test.pid.
2026-05-13 13:40:24 | INFO     | ayumi.forward_test | [B5 Periodic] ticks=2900 bars_built=1 signals=1 traded=1 eval_errors=0
2026-05-13 13:40:24 | INFO     | ayumi.blend_launcher | [B5 Health] ticks=2901 tps=2.32 bars=1 signals=1 trades=1 balance=10000.00 uptime=1680s
2026-05-13 13:40:49 | ERROR    | ayumi.pid_guard | Another forward test process is running (PID 26302). Refusing to start. Kill it first or remove /home/TacoPants/projects/Ayumi/data/forward_test.pid.
2026-05-13 13:41:21 | ERROR    | ayumi.pid_guard | Another forward test process is running (PID 26302). Refusing to start. Kill it first or remove /home/TacoPants/projects/Ayumi/data/forward_test.pid.
2026-05-13 13:41:24 | INFO     | ayumi.forward_test | [B5 Periodic] ticks=3072 bars_built=1 signals=1 traded=1 eval_errors=0
2026-05-13 13:41:24 | INFO     | ayumi.blend_launcher | [B5 Health] ticks=3072 tps=3.39 bars=1 signals=1 trades=1 balance=10000.00 uptime=1740s
2026-05-13 13:41:53 | ERROR    | ayumi.pid_guard | Another forward test process is running (PID 26302). Refusing to start. Kill it first or remove /home/TacoPants/projects/Ayumi/data/forward_test.pid.
2026-05-13 13:42:24 | INFO     | ayumi.forward_test | [B5 Periodic] ticks=3170 bars_built=1 signals=1 traded=1 eval_errors=0
2026-05-13 13:42:25 | INFO     | ayumi.blend_launcher | [B5 Health] ticks=3170 tps=1.93 bars=1 signals=1 trades=1 balance=10000.00 uptime=1800s
2026-05-13 13:42:26 | ERROR    | ayumi.pid_guard | Another forward test process is running (PID 26302). Refusing to start. Kill it first or remove /home/TacoPants/projects/Ayumi/data/forward_test.pid.
2026-05-13 13:42:58 | ERROR    | ayumi.pid_guard | Another forward test process is running (PID 26302). Refusing to start. Kill it first or remove /home/TacoPants/projects/Ayumi/data/forward_test.pid.
2026-05-13 13:43:24 | INFO     | ayumi.forward_test | [B5 Periodic] ticks=3351 bars_built=1 signals=1 traded=1 eval_errors=0
2026-05-13 13:43:25 | INFO     | ayumi.blend_launcher | [B5 Health] ticks=3352 tps=3.01 bars=1 signals=1 trades=1 balance=12430.97 uptime=1860s
2026-05-13 13:43:31 | ERROR    | ayumi.pid_guard | Another forward test process is running (PID 26302). Refusing to start. Kill it first or remove /home/TacoPants/projects/Ayumi/data/forward_test.pid.
2026-05-13 13:44:03 | ERROR    | ayumi.pid_guard | Another forward test process is running (PID 26302). Refusing to start. Kill it first or remove /home/TacoPants/projects/Ayumi/data/forward_test.pid.
2026-05-13 13:44:24 | INFO     | ayumi.forward_test | [B5 Periodic] ticks=3496 bars_built=1 signals=1 traded=1 eval_errors=0
2026-05-13 13:44:25 | INFO     | ayumi.blend_launcher | [B5 Health] ticks=3496 tps=2.25 bars=1 signals=1 trades=1 balance=12430.97 uptime=1920s
2026-05-13 13:44:35 | ERROR    | ayumi.pid_guard | Another forward test process is running (PID 26302). Refusing to start. Kill it first or remove /home/TacoPants/projects/Ayumi/data/forward_test.pid.
2026-05-13 13:45:08 | ERROR    | ayumi.pid_guard | Another forward test process is running (PID 26302). Refusing to start. Kill it first or remove /home/TacoPants/projects/Ayumi/data/forward_test.pid.
2026-05-13 13:45:24 | INFO     | ayumi.forward_test | [B5 Periodic] ticks=3660 bars_built=1 signals=1 traded=1 eval_errors=0
2026-05-13 13:45:25 | INFO     | ayumi.blend_launcher | [B5 Health] ticks=3661 tps=2.42 bars=1 signals=1 trades=1 balance=10000.00 uptime=1980s
2026-05-13 13:45:40 | ERROR    | ayumi.pid_guard | Another forward test process is running (PID 26302). Refusing to start. Kill it first or remove /home/TacoPants/projects/Ayumi/data/forward_test.pid.
2026-05-13 13:46:12 | ERROR    | ayumi.pid_guard | Another forward test process is running (PID 26302). Refusing to start. Kill it first or remove /home/TacoPants/projects/Ayumi/data/forward_test.pid.
2026-05-13 13:46:24 | INFO     | ayumi.forward_test | [B5 Periodic] ticks=3822 bars_built=1 signals=1 traded=1 eval_errors=0
2026-05-13 13:46:25 | INFO     | ayumi.blend_launcher | [B5 Health] ticks=3823 tps=3.35 bars=1 signals=1 trades=1 balance=10000.00 uptime=2040s
2026-05-13 13:46:44 | ERROR    | ayumi.pid_guard | Another forward test process is running (PID 26302). Refusing to start. Kill it first or remove /home/TacoPants/projects/Ayumi/data/forward_test.pid.
2026-05-13 13:47:17 | ERROR    | ayumi.pid_guard | Another forward test process is running (PID 26302). Refusing to start. Kill it first or remove /home/TacoPants/projects/Ayumi/data/forward_test.pid.
2026-05-13 13:47:24 | INFO     | ayumi.forward_test | [B5 Periodic] ticks=3972 bars_built=1 signals=1 traded=1 eval_errors=0
2026-05-13 13:47:25 | INFO     | ayumi.blend_launcher | [B5 Health] ticks=3972 tps=3.21 bars=1 signals=1 trades=1 balance=12772.97 uptime=2100s
2026-05-13 13:47:49 | ERROR    | ayumi.pid_guard | Another forward test process is running (PID 26302). Refusing to start. Kill it first or remove /home/TacoPants/projects/Ayumi/data/forward_test.pid.
2026-05-13 13:48:22 | ERROR    | ayumi.pid_guard | Another forward test process is running (PID 26302). Refusing to start. Kill it first or remove /home/TacoPants/projects/Ayumi/data/forward_test.pid.
2026-05-13 13:48:24 | INFO     | ayumi.forward_test | [B5 Periodic] ticks=4100 bars_built=1 signals=1 traded=1 eval_errors=0
2026-05-13 13:48:25 | INFO     | ayumi.blend_launcher | [B5 Health] ticks=4101 tps=2.41 bars=1 signals=1 trades=1 balance=12240.97 uptime=2160s
2026-05-13 13:48:54 | ERROR    | ayumi.pid_guard | Another forward test process is running (PID 26302). Refusing to start. Kill it first or remove /home/TacoPants/projects/Ayumi/data/forward_test.pid.
2026-05-13 13:49:24 | INFO     | ayumi.forward_test | [B5 Periodic] ticks=4261 bars_built=1 signals=1 traded=1 eval_errors=0
2026-05-13 13:49:25 | INFO     | ayumi.blend_launcher | [B5 Health] ticks=4261 tps=2.12 bars=1 signals=1 trades=1 balance=10000.00 uptime=2220s
2026-05-13 13:49:26 | ERROR    | ayumi.pid_guard | Another forward test process is running (PID 26302). Refusing to start. Kill it first or remove /home/TacoPants/projects/Ayumi/data/forward_test.pid.
2026-05-13 13:49:58 | ERROR    | ayumi.pid_guard | Another forward test process is running (PID 26302). Refusing to start. Kill it first or remove /home/TacoPants/projects/Ayumi/data/forward_test.pid.
2026-05-13 13:50:24 | INFO     | ayumi.forward_test | [B5 Periodic] ticks=4406 bars_built=1 signals=1 traded=1 eval_errors=0
2026-05-13 13:50:25 | INFO     | ayumi.blend_launcher | [B5 Health] ticks=4407 tps=2.10 bars=1 signals=1 trades=1 balance=10000.00 uptime=2280s
2026-05-13 13:50:31 | ERROR    | ayumi.pid_guard | Another forward test process is running (PID 26302). Refusing to start. Kill it first or remove /home/TacoPants/projects/Ayumi/data/forward_test.pid.
2026-05-13 13:51:03 | ERROR    | ayumi.pid_guard | Another forward test process is running (PID 26302). Refusing to start. Kill it first or remove /home/TacoPants/projects/Ayumi/data/forward_test.pid.
2026-05-13 13:51:24 | INFO     | ayumi.forward_test | [B5 Periodic] ticks=4530 bars_built=1 signals=1 traded=1 eval_errors=0
2026-05-13 13:51:25 | INFO     | ayumi.blend_launcher | [B5 Health] ticks=4530 tps=1.81 bars=1 signals=1 trades=1 balance=10000.00 uptime=2340s
2026-05-13 13:51:35 | ERROR    | ayumi.pid_guard | Another forward test process is running (PID 26302). Refusing to start. Kill it first or remove /home/TacoPants/projects/Ayumi/data/forward_test.pid.
2026-05-13 13:52:07 | ERROR    | ayumi.pid_guard | Another forward test process is running (PID 26302). Refusing to start. Kill it first or remove /home/TacoPants/projects/Ayumi/data/forward_test.pid.
2026-05-13 13:52:24 | INFO     | ayumi.forward_test | [B5 Periodic] ticks=4671 bars_built=1 signals=1 traded=1 eval_errors=0
2026-05-13 13:52:25 | INFO     | ayumi.blend_launcher | [B5 Health] ticks=4672 tps=2.66 bars=1 signals=1 trades=1 balance=10000.00 uptime=2400s
2026-05-13 13:52:40 | ERROR    | ayumi.pid_guard | Another forward test process is running (PID 26302). Refusing to start. Kill it first or remove /home/TacoPants/projects/Ayumi/data/forward_test.pid.
2026-05-13 13:53:12 | ERROR    | ayumi.pid_guard | Another forward test process is running (PID 26302). Refusing to start. Kill it first or remove /home/TacoPants/projects/Ayumi/data/forward_test.pid.
2026-05-13 13:53:24 | INFO     | ayumi.forward_test | [B5 Periodic] ticks=4813 bars_built=1 signals=1 traded=1 eval_errors=0
2026-05-13 13:53:25 | INFO     | ayumi.blend_launcher | [B5 Health] ticks=4815 tps=2.11 bars=1 signals=1 trades=1 balance=12772.97 uptime=2460s
2026-05-13 13:53:44 | ERROR    | ayumi.pid_guard | Another forward test process is running (PID 26302). Refusing to start. Kill it first or remove /home/TacoPants/projects/Ayumi/data/forward_test.pid.
2026-05-13 13:54:17 | ERROR    | ayumi.pid_guard | Another forward test process is running (PID 26302). Refusing to start. Kill it first or remove /home/TacoPants/projects/Ayumi/data/forward_test.pid.
2026-05-13 13:54:24 | INFO     | ayumi.forward_test | [B5 Periodic] ticks=4953 bars_built=1 signals=1 traded=1 eval_errors=0
2026-05-13 13:54:25 | INFO     | ayumi.blend_launcher | [B5 Health] ticks=4953 tps=2.77 bars=1 signals=1 trades=1 balance=10000.00 uptime=2520s
2026-05-13 13:54:49 | ERROR    | ayumi.pid_guard | Another forward test process is running (PID 26302). Refusing to start. Kill it first or remove /home/TacoPants/projects/Ayumi/data/forward_test.pid.
2026-05-13 13:55:22 | ERROR    | ayumi.pid_guard | Another forward test process is running (PID 26302). Refusing to start. Kill it first or remove /home/TacoPants/projects/Ayumi/data/forward_test.pid.
2026-05-13 13:55:24 | INFO     | ayumi.forward_test | [B5 Periodic] ticks=5073 bars_built=1 signals=1 traded=1 eval_errors=0
2026-05-13 13:55:25 | INFO     | ayumi.blend_launcher | [B5 Health] ticks=5073 tps=1.85 bars=1 signals=1 trades=1 balance=10000.00 uptime=2580s
2026-05-13 13:55:54 | ERROR    | ayumi.pid_guard | Another forward test process is running (PID 26302). Refusing to start. Kill it first or remove /home/TacoPants/projects/Ayumi/data/forward_test.pid.
2026-05-13 13:56:24 | INFO     | ayumi.forward_test | [B5 Periodic] ticks=5180 bars_built=1 signals=1 traded=1 eval_errors=0
2026-05-13 13:56:25 | INFO     | ayumi.blend_launcher | [B5 Health] ticks=5180 tps=2.48 bars=1 signals=1 trades=1 balance=10000.00 uptime=2640s
2026-05-13 13:56:26 | ERROR    | ayumi.pid_guard | Another forward test process is running (PID 26302). Refusing to start. Kill it first or remove /home/TacoPants/projects/Ayumi/data/forward_test.pid.
2026-05-13 13:56:58 | ERROR    | ayumi.pid_guard | Another forward test process is running (PID 26302). Refusing to start. Kill it first or remove /home/TacoPants/projects/Ayumi/data/forward_test.pid.
2026-05-13 13:57:24 | INFO     | ayumi.forward_test | [B5 Periodic] ticks=5294 bars_built=1 signals=1 traded=1 eval_errors=0
2026-05-13 13:57:25 | INFO     | ayumi.blend_launcher | [B5 Health] ticks=5294 tps=1.61 bars=1 signals=1 trades=1 balance=10000.00 uptime=2700s
2026-05-13 13:57:31 | ERROR    | ayumi.pid_guard | Another forward test process is running (PID 26302). Refusing to start. Kill it first or remove /home/TacoPants/projects/Ayumi/data/forward_test.pid.
2026-05-13 13:58:03 | ERROR    | ayumi.pid_guard | Another forward test process is running (PID 26302). Refusing to start. Kill it first or remove /home/TacoPants/projects/Ayumi/data/forward_test.pid.
2026-05-13 13:58:24 | INFO     | ayumi.forward_test | [B5 Periodic] ticks=5412 bars_built=1 signals=1 traded=1 eval_errors=0
2026-05-13 13:58:25 | INFO     | ayumi.blend_launcher | [B5 Health] ticks=5413 tps=1.32 bars=1 signals=1 trades=1 balance=10000.00 uptime=2760s
2026-05-13 13:58:35 | ERROR    | ayumi.pid_guard | Another forward test process is running (PID 26302). Refusing to start. Kill it first or remove /home/TacoPants/projects/Ayumi/data/forward_test.pid.
2026-05-13 13:59:08 | ERROR    | ayumi.pid_guard | Another forward test process is running (PID 26302). Refusing to start. Kill it first or remove /home/TacoPants/projects/Ayumi/data/forward_test.pid.
2026-05-13 13:59:24 | INFO     | ayumi.forward_test | [B5 Periodic] ticks=5507 bars_built=1 signals=1 traded=1 eval_errors=0
2026-05-13 13:59:25 | INFO     | ayumi.blend_launcher | [B5 Health] ticks=5509 tps=1.22 bars=1 signals=1 trades=1 balance=13114.97 uptime=2820s
2026-05-13 13:59:40 | ERROR    | ayumi.pid_guard | Another forward test process is running (PID 26302). Refusing to start. Kill it first or remove /home/TacoPants/projects/Ayumi/data/forward_test.pid.
2026-05-13 14:00:12 | ERROR    | ayumi.pid_guard | Another forward test process is running (PID 26302). Refusing to start. Kill it first or remove /home/TacoPants/projects/Ayumi/data/forward_test.pid.
2026-05-13 14:00:24 | INFO     | ayumi.forward_test | [B5 Periodic] ticks=5650 bars_built=1 signals=1 traded=1 eval_errors=0
2026-05-13 14:00:25 | INFO     | ayumi.blend_launcher | [B5 Health] ticks=5652 tps=2.52 bars=1 signals=1 trades=1 balance=10000.00 uptime=2880s
2026-05-13 14:00:45 | ERROR    | ayumi.pid_guard | Another forward test process is running (PID 26302). Refusing to start. Kill it first or remove /home/TacoPants/projects/Ayumi/data/forward_test.pid.
2026-05-13 14:01:17 | ERROR    | ayumi.pid_guard | Another forward test process is running (PID 26302). Refusing to start. Kill it first or remove /home/TacoPants/projects/Ayumi/data/forward_test.pid.
2026-05-13 14:01:24 | INFO     | ayumi.forward_test | [B5 Periodic] ticks=5800 bars_built=1 signals=1 traded=1 eval_errors=0
2026-05-13 14:01:25 | INFO     | ayumi.blend_launcher | [B5 Health] ticks=5800 tps=2.89 bars=1 signals=1 trades=1 balance=12696.97 uptime=2940s
2026-05-13 14:01:49 | ERROR    | ayumi.pid_guard | Another forward test process is running (PID 26302). Refusing to start. Kill it first or remove /home/TacoPants/projects/Ayumi/data/forward_test.pid.
2026-05-13 14:02:22 | ERROR    | ayumi.pid_guard | Another forward test process is running (PID 26302). Refusing to start. Kill it first or remove /home/TacoPants/projects/Ayumi/data/forward_test.pid.
2026-05-13 14:02:24 | INFO     | ayumi.forward_test | [B5 Periodic] ticks=5937 bars_built=1 signals=1 traded=1 eval_errors=0
2026-05-13 14:02:25 | INFO     | ayumi.blend_launcher | [B5 Health] ticks=5937 tps=2.38 bars=1 signals=1 trades=1 balance=10000.00 uptime=3000s
2026-05-13 14:02:54 | ERROR    | ayumi.pid_guard | Another forward test process is running (PID 26302). Refusing to start. Kill it first or remove /home/TacoPants/projects/Ayumi/data/forward_test.pid.
2026-05-13 14:03:24 | INFO     | ayumi.forward_test | [B5 Periodic] ticks=6082 bars_built=1 signals=1 traded=1 eval_errors=0
2026-05-13 14:03:25 | INFO     | ayumi.blend_launcher | [B5 Health] ticks=6082 tps=3.02 bars=1 signals=1 trades=1 balance=12240.97 uptime=3060s
2026-05-13 14:03:27 | ERROR    | ayumi.pid_guard | Another forward test process is running (PID 26302). Refusing to start. Kill it first or remove /home/TacoPants/projects/Ayumi/data/forward_test.pid.
2026-05-13 14:04:00 | ERROR    | ayumi.pid_guard | Another forward test process is running (PID 26302). Refusing to start. Kill it first or remove /home/TacoPants/projects/Ayumi/data/forward_test.pid.
2026-05-13 14:04:24 | INFO     | ayumi.forward_test | [B5 Periodic] ticks=6251 bars_built=1 signals=1 traded=1 eval_errors=0
2026-05-13 14:04:25 | INFO     | ayumi.blend_launcher | [B5 Health] ticks=6252 tps=2.42 bars=1 signals=1 trades=1 balance=12240.97 uptime=3120s
2026-05-13 14:04:32 | ERROR    | ayumi.pid_guard | Another forward test process is running (PID 26302). Refusing to start. Kill it first or remove /home/TacoPants/projects/Ayumi/data/forward_test.pid.
2026-05-13 14:05:05 | ERROR    | ayumi.pid_guard | Another forward test process is running (PID 26302). Refusing to start. Kill it first or remove /home/TacoPants/projects/Ayumi/data/forward_test.pid.
2026-05-13 14:05:24 | INFO     | ayumi.forward_test | [B5 Periodic] ticks=6395 bars_built=1 signals=1 traded=1 eval_errors=0
2026-05-13 14:05:25 | INFO     | ayumi.blend_launcher | [B5 Health] ticks=6396 tps=2.86 bars=1 signals=1 trades=1 balance=12658.97 uptime=3180s
2026-05-13 14:05:37 | ERROR    | ayumi.pid_guard | Another forward test process is running (PID 26302). Refusing to start. Kill it first or remove /home/TacoPants/projects/Ayumi/data/forward_test.pid.
2026-05-13 14:06:10 | ERROR    | ayumi.pid_guard | Another forward test process is running (PID 26302). Refusing to start. Kill it first or remove /home/TacoPants/projects/Ayumi/data/forward_test.pid.
2026-05-13 14:06:24 | INFO     | ayumi.forward_test | [B5 Periodic] ticks=6487 bars_built=1 signals=1 traded=1 eval_errors=0
2026-05-13 14:06:25 | INFO     | ayumi.blend_launcher | [B5 Health] ticks=6487 tps=1.92 bars=1 signals=1 trades=1 balance=10000.00 uptime=3240s
2026-05-13 14:06:43 | ERROR    | ayumi.pid_guard | Another forward test process is running (PID 26302). Refusing to start. Kill it first or remove /home/TacoPants/projects/Ayumi/data/forward_test.pid.
2026-05-13 14:07:15 | ERROR    | ayumi.pid_guard | Another forward test process is running (PID 26302). Refusing to start. Kill it first or remove /home/TacoPants/projects/Ayumi/data/forward_test.pid.
2026-05-13 14:07:24 | INFO     | ayumi.forward_test | [B5 Periodic] ticks=6607 bars_built=1 signals=1 traded=1 eval_errors=0
2026-05-13 14:07:25 | INFO     | ayumi.blend_launcher | [B5 Health] ticks=6608 tps=2.39 bars=1 signals=1 trades=1 balance=12658.97 uptime=3300s
2026-05-13 14:07:49 | ERROR    | ayumi.pid_guard | Another forward test process is running (PID 26302). Refusing to start. Kill it first or remove /home/TacoPants/projects/Ayumi/data/forward_test.pid.
2026-05-13 14:08:22 | ERROR    | ayumi.pid_guard | Another forward test process is running (PID 26302). Refusing to start. Kill it first or remove /home/TacoPants/projects/Ayumi/data/forward_test.pid.
2026-05-13 14:08:24 | INFO     | ayumi.forward_test | [B5 Periodic] ticks=6760 bars_built=1 signals=1 traded=1 eval_errors=0
2026-05-13 14:08:25 | INFO     | ayumi.blend_launcher | [B5 Health] ticks=6760 tps=2.52 bars=1 signals=1 trades=1 balance=10000.00 uptime=3360s
2026-05-13 14:08:55 | ERROR    | ayumi.pid_guard | Another forward test process is running (PID 26302). Refusing to start. Kill it first or remove /home/TacoPants/projects/Ayumi/data/forward_test.pid.
2026-05-13 14:09:24 | INFO     | ayumi.forward_test | [B5 Periodic] ticks=6869 bars_built=1 signals=1 traded=1 eval_errors=0
2026-05-13 14:09:25 | INFO     | ayumi.blend_launcher | [B5 Health] ticks=6870 tps=2.04 bars=1 signals=1 trades=1 balance=10000.00 uptime=3420s
2026-05-13 14:09:28 | ERROR    | ayumi.pid_guard | Another forward test process is running (PID 26302). Refusing to start. Kill it first or remove /home/TacoPants/projects/Ayumi/data/forward_test.pid.
2026-05-13 14:10:01 | ERROR    | ayumi.pid_guard | Another forward test process is running (PID 26302). Refusing to start. Kill it first or remove /home/TacoPants/projects/Ayumi/data/forward_test.pid.
2026-05-13 14:10:24 | INFO     | ayumi.forward_test | [B5 Periodic] ticks=6995 bars_built=1 signals=1 traded=1 eval_errors=0
2026-05-13 14:10:25 | INFO     | ayumi.blend_launcher | [B5 Health] ticks=6996 tps=2.21 bars=1 signals=1 trades=1 balance=10000.00 uptime=3480s
2026-05-13 14:10:33 | ERROR    | ayumi.pid_guard | Another forward test process is running (PID 26302). Refusing to start. Kill it first or remove /home/TacoPants/projects/Ayumi/data/forward_test.pid.
2026-05-13 14:11:06 | ERROR    | ayumi.pid_guard | Another forward test process is running (PID 26302). Refusing to start. Kill it first or remove /home/TacoPants/projects/Ayumi/data/forward_test.pid.
2026-05-13 14:11:24 | INFO     | ayumi.forward_test | [B5 Periodic] ticks=7112 bars_built=1 signals=1 traded=1 eval_errors=0
2026-05-13 14:11:25 | INFO     | ayumi.blend_launcher | [B5 Health] ticks=7114 tps=2.41 bars=1 signals=1 trades=1 balance=10000.00 uptime=3540s
2026-05-13 14:11:39 | ERROR    | ayumi.pid_guard | Another forward test process is running (PID 26302). Refusing to start. Kill it first or remove /home/TacoPants/projects/Ayumi/data/forward_test.pid.
2026-05-13 14:12:12 | ERROR    | ayumi.pid_guard | Another forward test process is running (PID 26302). Refusing to start. Kill it first or remove /home/TacoPants/projects/Ayumi/data/forward_test.pid.
2026-05-13 14:12:24 | INFO     | ayumi.forward_test | [B5 Periodic] ticks=7223 bars_built=1 signals=1 traded=1 eval_errors=0
2026-05-13 14:12:25 | INFO     | ayumi.blend_launcher | [B5 Health] ticks=7223 tps=1.67 bars=1 signals=1 trades=1 balance=10000.00 uptime=3600s
2026-05-13 14:12:44 | ERROR    | ayumi.pid_guard | Another forward test process is running (PID 26302). Refusing to start. Kill it first or remove /home/TacoPants/projects/Ayumi/data/forward_test.pid.
2026-05-13 14:13:17 | ERROR    | ayumi.pid_guard | Another forward test process is running (PID 26302). Refusing to start. Kill it first or remove /home/TacoPants/projects/Ayumi/data/forward_test.pid.
2026-05-13 14:13:24 | INFO     | ayumi.forward_test | [B5 Periodic] ticks=7337 bars_built=1 signals=1 traded=1 eval_errors=0
2026-05-13 14:13:25 | INFO     | ayumi.blend_launcher | [B5 Health] ticks=7338 tps=1.66 bars=1 signals=1 trades=1 balance=10000.00 uptime=3660s
2026-05-13 14:13:49 | ERROR    | ayumi.pid_guard | Another forward test process is running (PID 26302). Refusing to start. Kill it first or remove /home/TacoPants/projects/Ayumi/data/forward_test.pid.
2026-05-13 14:14:21 | ERROR    | ayumi.pid_guard | Another forward test process is running (PID 26302). Refusing to start. Kill it first or remove /home/TacoPants/projects/Ayumi/data/forward_test.pid.
2026-05-13 14:14:24 | INFO     | ayumi.forward_test | [B5 Periodic] ticks=7450 bars_built=1 signals=1 traded=1 eval_errors=0
2026-05-13 14:14:25 | INFO     | ayumi.blend_launcher | [B5 Health] ticks=7450 tps=1.84 bars=1 signals=1 trades=1 balance=10000.00 uptime=3720s
2026-05-13 14:14:53 | ERROR    | ayumi.pid_guard | Another forward test process is running (PID 26302). Refusing to start. Kill it first or remove /home/TacoPants/projects/Ayumi/data/forward_test.pid.
2026-05-13 14:15:24 | INFO     | ayumi.forward_test | [B5 Periodic] ticks=7561 bars_built=1 signals=1 traded=1 eval_errors=0
2026-05-13 14:15:25 | INFO     | ayumi.blend_launcher | [B5 Health] ticks=7562 tps=2.14 bars=1 signals=1 trades=1 balance=12316.97 uptime=3780s
2026-05-13 14:15:26 | ERROR    | ayumi.pid_guard | Another forward test process is running (PID 26302). Refusing to start. Kill it first or remove /home/TacoPants/projects/Ayumi/data/forward_test.pid.
2026-05-13 14:15:58 | ERROR    | ayumi.pid_guard | Another forward test process is running (PID 26302). Refusing to start. Kill it first or remove /home/TacoPants/projects/Ayumi/data/forward_test.pid.
2026-05-13 14:16:24 | INFO     | ayumi.forward_test | [B5 Periodic] ticks=7673 bars_built=1 signals=1 traded=1 eval_errors=0
2026-05-13 14:16:25 | INFO     | ayumi.blend_launcher | [B5 Health] ticks=7675 tps=1.40 bars=1 signals=1 trades=1 balance=11404.97 uptime=3840s
2026-05-13 14:16:30 | ERROR    | ayumi.pid_guard | Another forward test process is running (PID 26302). Refusing to start. Kill it first or remove /home/TacoPants/projects/Ayumi/data/forward_test.pid.
2026-05-13 14:17:03 | ERROR    | ayumi.pid_guard | Another forward test process is running (PID 26302). Refusing to start. Kill it first or remove /home/TacoPants/projects/Ayumi/data/forward_test.pid.
2026-05-13 14:17:24 | INFO     | ayumi.forward_test | [B5 Periodic] ticks=7783 bars_built=1 signals=1 traded=1 eval_errors=0
2026-05-13 14:17:25 | INFO     | ayumi.blend_launcher | [B5 Health] ticks=7783 tps=1.84 bars=1 signals=1 trades=1 balance=10986.97 uptime=3901s
2026-05-13 14:17:35 | ERROR    | ayumi.pid_guard | Another forward test process is running (PID 26302). Refusing to start. Kill it first or remove /home/TacoPants/projects/Ayumi/data/forward_test.pid.
2026-05-13 14:18:07 | ERROR    | ayumi.pid_guard | Another forward test process is running (PID 26302). Refusing to start. Kill it first or remove /home/TacoPants/projects/Ayumi/data/forward_test.pid.
2026-05-13 14:18:24 | INFO     | ayumi.forward_test | [B5 Periodic] ticks=7919 bars_built=1 signals=1 traded=1 eval_errors=0
2026-05-13 14:18:25 | INFO     | ayumi.blend_launcher | [B5 Health] ticks=7920 tps=2.93 bars=1 signals=1 trades=1 balance=10000.00 uptime=3961s
2026-05-13 14:18:39 | ERROR    | ayumi.pid_guard | Another forward test process is running (PID 26302). Refusing to start. Kill it first or remove /home/TacoPants/projects/Ayumi/data/forward_test.pid.
2026-05-13 14:19:12 | ERROR    | ayumi.pid_guard | Another forward test process is running (PID 26302). Refusing to start. Kill it first or remove /home/TacoPants/projects/Ayumi/data/forward_test.pid.
2026-05-13 14:19:24 | INFO     | ayumi.forward_test | [B5 Periodic] ticks=8007 bars_built=1 signals=1 traded=1 eval_errors=0
2026-05-13 14:19:25 | INFO     | ayumi.blend_launcher | [B5 Health] ticks=8008 tps=1.31 bars=1 signals=1 trades=1 balance=10000.00 uptime=4021s
2026-05-13 14:19:44 | ERROR    | ayumi.pid_guard | Another forward test process is running (PID 26302). Refusing to start. Kill it first or remove /home/TacoPants/projects/Ayumi/data/forward_test.pid.
2026-05-13 14:20:16 | ERROR    | ayumi.pid_guard | Another forward test process is running (PID 26302). Refusing to start. Kill it first or remove /home/TacoPants/projects/Ayumi/data/forward_test.pid.
2026-05-13 14:20:24 | INFO     | ayumi.forward_test | [B5 Periodic] ticks=8140 bars_built=1 signals=1 traded=1 eval_errors=0
2026-05-13 14:20:25 | INFO     | ayumi.blend_launcher | [B5 Health] ticks=8143 tps=3.19 bars=1 signals=1 trades=1 balance=10000.00 uptime=4081s
2026-05-13 14:20:49 | ERROR    | ayumi.pid_guard | Another forward test process is running (PID 26302). Refusing to start. Kill it first or remove /home/TacoPants/projects/Ayumi/data/forward_test.pid.
2026-05-13 14:21:21 | ERROR    | ayumi.pid_guard | Another forward test process is running (PID 26302). Refusing to start. Kill it first or remove /home/TacoPants/projects/Ayumi/data/forward_test.pid.
2026-05-13 14:21:24 | INFO     | ayumi.forward_test | [B5 Periodic] ticks=8241 bars_built=1 signals=1 traded=1 eval_errors=0
2026-05-13 14:21:25 | INFO     | ayumi.blend_launcher | [B5 Health] ticks=8244 tps=3.12 bars=1 signals=1 trades=1 balance=9998.97 uptime=4141s
2026-05-13 14:21:53 | ERROR    | ayumi.pid_guard | Another forward test process is running (PID 26302). Refusing to start. Kill it first or remove /home/TacoPants/projects/Ayumi/data/forward_test.pid.
2026-05-13 14:22:24 | INFO     | ayumi.forward_test | [B5 Periodic] ticks=8345 bars_built=1 signals=1 traded=1 eval_errors=0
2026-05-13 14:22:25 | INFO     | ayumi.blend_launcher | [B5 Health] ticks=8346 tps=2.35 bars=1 signals=1 trades=1 balance=10074.97 uptime=4201s
2026-05-13 14:22:26 | ERROR    | ayumi.pid_guard | Another forward test process is running (PID 26302). Refusing to start. Kill it first or remove /home/TacoPants/projects/Ayumi/data/forward_test.pid.
2026-05-13 14:22:58 | ERROR    | ayumi.pid_guard | Another forward test process is running (PID 26302). Refusing to start. Kill it first or remove /home/TacoPants/projects/Ayumi/data/forward_test.pid.
2026-05-13 14:23:24 | INFO     | ayumi.forward_test | [B5 Periodic] ticks=8412 bars_built=1 signals=1 traded=1 eval_errors=0
2026-05-13 14:23:25 | INFO     | ayumi.blend_launcher | [B5 Health] ticks=8412 tps=1.74 bars=1 signals=1 trades=1 balance=10000.00 uptime=4261s
2026-05-13 14:23:30 | ERROR    | ayumi.pid_guard | Another forward test process is running (PID 26302). Refusing to start. Kill it first or remove /home/TacoPants/projects/Ayumi/data/forward_test.pid.
2026-05-13 14:24:02 | ERROR    | ayumi.pid_guard | Another forward test process is running (PID 26302). Refusing to start. Kill it first or remove /home/TacoPants/projects/Ayumi/data/forward_test.pid.
2026-05-13 14:24:24 | INFO     | ayumi.forward_test | [B5 Periodic] ticks=8508 bars_built=1 signals=1 traded=1 eval_errors=0
2026-05-13 14:24:25 | INFO     | ayumi.blend_launcher | [B5 Health] ticks=8508 tps=1.63 bars=1 signals=1 trades=1 balance=10000.00 uptime=4321s
2026-05-13 14:24:35 | ERROR    | ayumi.pid_guard | Another forward test process is running (PID 26302). Refusing to start. Kill it first or remove /home/TacoPants/projects/Ayumi/data/forward_test.pid.
2026-05-13 14:25:07 | ERROR    | ayumi.pid_guard | Another forward test process is running (PID 26302). Refusing to start. Kill it first or remove /home/TacoPants/projects/Ayumi/data/forward_test.pid.
2026-05-13 14:25:24 | INFO     | ayumi.forward_test | [B5 Periodic] ticks=8599 bars_built=1 signals=1 traded=1 eval_errors=0
2026-05-13 14:25:25 | INFO     | ayumi.blend_launcher | [B5 Health] ticks=8601 tps=1.92 bars=1 signals=1 trades=1 balance=10986.97 uptime=4381s
2026-05-13 14:25:39 | ERROR    | ayumi.pid_guard | Another forward test process is running (PID 26302). Refusing to start. Kill it first or remove /home/TacoPants/projects/Ayumi/data/forward_test.pid.
2026-05-13 14:26:12 | ERROR    | ayumi.pid_guard | Another forward test process is running (PID 26302). Refusing to start. Kill it first or remove /home/TacoPants/projects/Ayumi/data/forward_test.pid.
2026-05-13 14:26:24 | INFO     | ayumi.forward_test | [B5 Periodic] ticks=8686 bars_built=1 signals=1 traded=1 eval_errors=0
2026-05-13 14:26:25 | INFO     | ayumi.blend_launcher | [B5 Health] ticks=8690 tps=1.66 bars=1 signals=1 trades=1 balance=10606.97 uptime=4441s
2026-05-13 14:26:44 | ERROR    | ayumi.pid_guard | Another forward test process is running (PID 26302). Refusing to start. Kill it first or remove /home/TacoPants/projects/Ayumi/data/forward_test.pid.
2026-05-13 14:27:16 | ERROR    | ayumi.pid_guard | Another forward test process is running (PID 26302). Refusing to start. Kill it first or remove /home/TacoPants/projects/Ayumi/data/forward_test.pid.
2026-05-13 14:27:24 | INFO     | ayumi.forward_test | [B5 Periodic] ticks=8783 bars_built=1 signals=1 traded=1 eval_errors=0
2026-05-13 14:27:25 | INFO     | ayumi.blend_launcher | [B5 Health] ticks=8783 tps=1.65 bars=1 signals=1 trades=1 balance=10000.00 uptime=4501s
2026-05-13 14:27:48 | ERROR    | ayumi.pid_guard | Another forward test process is running (PID 26302). Refusing to start. Kill it first or remove /home/TacoPants/projects/Ayumi/data/forward_test.pid.
2026-05-13 14:28:21 | ERROR    | ayumi.pid_guard | Another forward test process is running (PID 26302). Refusing to start. Kill it first or remove /home/TacoPants/projects/Ayumi/data/forward_test.pid.
2026-05-13 14:28:24 | INFO     | ayumi.forward_test | [B5 Periodic] ticks=8888 bars_built=1 signals=1 traded=1 eval_errors=0
2026-05-13 14:28:25 | INFO     | ayumi.blend_launcher | [B5 Health] ticks=8889 tps=2.04 bars=1 signals=1 trades=1 balance=10000.00 uptime=4561s
2026-05-13 14:28:53 | ERROR    | ayumi.pid_guard | Another forward test process is running (PID 26302). Refusing to start. Kill it first or remove /home/TacoPants/projects/Ayumi/data/forward_test.pid.
2026-05-13 14:29:24 | INFO     | ayumi.forward_test | [B5 Periodic] ticks=8984 bars_built=1 signals=1 traded=1 eval_errors=0
2026-05-13 14:29:25 | INFO     | ayumi.blend_launcher | [B5 Health] ticks=8984 tps=2.05 bars=1 signals=1 trades=1 balance=10000.00 uptime=4621s
2026-05-13 14:29:25 | ERROR    | ayumi.pid_guard | Another forward test process is running (PID 26302). Refusing to start. Kill it first or remove /home/TacoPants/projects/Ayumi/data/forward_test.pid.
2026-05-13 14:29:58 | ERROR    | ayumi.pid_guard | Another forward test process is running (PID 26302). Refusing to start. Kill it first or remove /home/TacoPants/projects/Ayumi/data/forward_test.pid.
2026-05-13 14:30:24 | INFO     | ayumi.forward_test | [B5 Periodic] ticks=9112 bars_built=1 signals=1 traded=1 eval_errors=0
2026-05-13 14:30:25 | INFO     | ayumi.blend_launcher | [B5 Health] ticks=9112 tps=2.60 bars=1 signals=1 trades=1 balance=11062.97 uptime=4681s
2026-05-13 14:30:30 | ERROR    | ayumi.pid_guard | Another forward test process is running (PID 26302). Refusing to start. Kill it first or remove /home/TacoPants/projects/Ayumi/data/forward_test.pid.
2026-05-13 14:31:02 | ERROR    | ayumi.pid_guard | Another forward test process is running (PID 26302). Refusing to start. Kill it first or remove /home/TacoPants/projects/Ayumi/data/forward_test.pid.
2026-05-13 14:31:24 | INFO     | ayumi.forward_test | [B5 Periodic] ticks=9237 bars_built=1 signals=1 traded=1 eval_errors=0
2026-05-13 14:31:25 | INFO     | ayumi.blend_launcher | [B5 Health] ticks=9238 tps=1.71 bars=1 signals=1 trades=1 balance=10000.00 uptime=4741s
2026-05-13 14:31:34 | ERROR    | ayumi.pid_guard | Another forward test process is running (PID 26302). Refusing to start. Kill it first or remove /home/TacoPants/projects/Ayumi/data/forward_test.pid.
2026-05-13 14:32:07 | ERROR    | ayumi.pid_guard | Another forward test process is running (PID 26302). Refusing to start. Kill it first or remove /home/TacoPants/projects/Ayumi/data/forward_test.pid.
2026-05-13 14:32:24 | INFO     | ayumi.forward_test | [B5 Periodic] ticks=9353 bars_built=1 signals=1 traded=1 eval_errors=0
2026-05-13 14:32:25 | INFO     | ayumi.blend_launcher | [B5 Health] ticks=9353 tps=1.94 bars=1 signals=1 trades=1 balance=10000.00 uptime=4801s
2026-05-13 14:32:39 | ERROR    | ayumi.pid_guard | Another forward test process is running (PID 26302). Refusing to start. Kill it first or remove /home/TacoPants/projects/Ayumi/data/forward_test.pid.
2026-05-13 14:33:11 | ERROR    | ayumi.pid_guard | Another forward test process is running (PID 26302). Refusing to start. Kill it first or remove /home/TacoPants/projects/Ayumi/data/forward_test.pid.
2026-05-13 14:33:24 | INFO     | ayumi.forward_test | [B5 Periodic] ticks=9449 bars_built=1 signals=1 traded=1 eval_errors=0
2026-05-13 14:33:25 | INFO     | ayumi.blend_launcher | [B5 Health] ticks=9449 tps=1.31 bars=1 signals=1 trades=1 balance=10000.00 uptime=4861s
2026-05-13 14:33:43 | ERROR    | ayumi.pid_guard | Another forward test process is running (PID 26302). Refusing to start. Kill it first or remove /home/TacoPants/projects/Ayumi/data/forward_test.pid.
2026-05-13 14:34:16 | ERROR    | ayumi.pid_guard | Another forward test process is running (PID 26302). Refusing to start. Kill it first or remove /home/TacoPants/projects/Ayumi/data/forward_test.pid.
2026-05-13 14:34:24 | INFO     | ayumi.forward_test | [B5 Periodic] ticks=9555 bars_built=1 signals=1 traded=1 eval_errors=0
2026-05-13 14:34:25 | INFO     | ayumi.blend_launcher | [B5 Health] ticks=9555 tps=2.34 bars=1 signals=1 trades=1 balance=10000.00 uptime=4921s
2026-05-13 14:34:48 | ERROR    | ayumi.pid_guard | Another forward test process is running (PID 26302). Refusing to start. Kill it first or remove /home/TacoPants/projects/Ayumi/data/forward_test.pid.
2026-05-13 14:35:21 | ERROR    | ayumi.pid_guard | Another forward test process is running (PID 26302). Refusing to start. Kill it first or remove /home/TacoPants/projects/Ayumi/data/forward_test.pid.
2026-05-13 14:35:24 | INFO     | ayumi.forward_test | [B5 Periodic] ticks=9660 bars_built=1 signals=1 traded=1 eval_errors=0
2026-05-13 14:35:25 | INFO     | ayumi.blend_launcher | [B5 Health] ticks=9662 tps=1.94 bars=1 signals=1 trades=1 balance=10000.00 uptime=4981s
2026-05-13 14:35:53 | ERROR    | ayumi.pid_guard | Another forward test process is running (PID 26302). Refusing to start. Kill it first or remove /home/TacoPants/projects/Ayumi/data/forward_test.pid.
2026-05-13 14:36:24 | INFO     | ayumi.forward_test | [B5 Periodic] ticks=9769 bars_built=1 signals=1 traded=1 eval_errors=0
2026-05-13 14:36:25 | INFO     | ayumi.blend_launcher | [B5 Health] ticks=9770 tps=2.31 bars=1 signals=1 trades=1 balance=10000.00 uptime=5041s
2026-05-13 14:36:26 | ERROR    | ayumi.pid_guard | Another forward test process is running (PID 26302). Refusing to start. Kill it first or remove /home/TacoPants/projects/Ayumi/data/forward_test.pid.
2026-05-13 14:36:58 | ERROR    | ayumi.pid_guard | Another forward test process is running (PID 26302). Refusing to start. Kill it first or remove /home/TacoPants/projects/Ayumi/data/forward_test.pid.
2026-05-13 14:37:24 | INFO     | ayumi.forward_test | [B5 Periodic] ticks=9866 bars_built=1 signals=1 traded=1 eval_errors=0
2026-05-13 14:37:25 | INFO     | ayumi.blend_launcher | [B5 Health] ticks=9868 tps=2.27 bars=1 signals=1 trades=1 balance=10000.00 uptime=5101s
2026-05-13 14:37:30 | ERROR    | ayumi.pid_guard | Another forward test process is running (PID 26302). Refusing to start. Kill it first or remove /home/TacoPants/projects/Ayumi/data/forward_test.pid.
2026-05-13 14:38:03 | ERROR    | ayumi.pid_guard | Another forward test process is running (PID 26302). Refusing to start. Kill it first or remove /home/TacoPants/projects/Ayumi/data/forward_test.pid.
2026-05-13 14:38:24 | INFO     | ayumi.forward_test | [B5 Periodic] ticks=9956 bars_built=1 signals=1 traded=1 eval_errors=0
2026-05-13 14:38:25 | INFO     | ayumi.blend_launcher | [B5 Health] ticks=9958 tps=1.82 bars=1 signals=1 trades=1 balance=10000.00 uptime=5161s
2026-05-13 14:38:35 | ERROR    | ayumi.pid_guard | Another forward test process is running (PID 26302). Refusing to start. Kill it first or remove /home/TacoPants/projects/Ayumi/data/forward_test.pid.
2026-05-13 14:39:08 | ERROR    | ayumi.pid_guard | Another forward test process is running (PID 26302). Refusing to start. Kill it first or remove /home/TacoPants/projects/Ayumi/data/forward_test.pid.
2026-05-13 14:39:24 | INFO     | ayumi.forward_test | [B5 Periodic] ticks=10062 bars_built=1 signals=1 traded=1 eval_errors=0
2026-05-13 14:39:25 | INFO     | ayumi.blend_launcher | [B5 Health] ticks=10062 tps=1.84 bars=1 signals=1 trades=1 balance=10036.97 uptime=5221s
2026-05-13 14:39:40 | ERROR    | ayumi.pid_guard | Another forward test process is running (PID 26302). Refusing to start. Kill it first or remove /home/TacoPants/projects/Ayumi/data/forward_test.pid.
2026-05-13 14:40:13 | ERROR    | ayumi.pid_guard | Another forward test process is running (PID 26302). Refusing to start. Kill it first or remove /home/TacoPants/projects/Ayumi/data/forward_test.pid.
2026-05-13 14:40:24 | INFO     | ayumi.forward_test | [B5 Periodic] ticks=10144 bars_built=1 signals=1 traded=1 eval_errors=0
2026-05-13 14:40:25 | INFO     | ayumi.blend_launcher | [B5 Health] ticks=10147 tps=2.02 bars=1 signals=1 trades=1 balance=9922.97 uptime=5281s
2026-05-13 14:40:45 | ERROR    | ayumi.pid_guard | Another forward test process is running (PID 26302). Refusing to start. Kill it first or remove /home/TacoPants/projects/Ayumi/data/forward_test.pid.
2026-05-13 14:41:17 | ERROR    | ayumi.pid_guard | Another forward test process is running (PID 26302). Refusing to start. Kill it first or remove /home/TacoPants/projects/Ayumi/data/forward_test.pid.
2026-05-13 14:41:24 | INFO     | ayumi.forward_test | [B5 Periodic] ticks=10253 bars_built=1 signals=1 traded=1 eval_errors=0
2026-05-13 14:41:25 | INFO     | ayumi.blend_launcher | [B5 Health] ticks=10256 tps=2.91 bars=1 signals=1 trades=1 balance=10112.97 uptime=5341s
2026-05-13 14:41:49 | ERROR    | ayumi.pid_guard | Another forward test process is running (PID 26302). Refusing to start. Kill it first or remove /home/TacoPants/projects/Ayumi/data/forward_test.pid.
2026-05-13 14:42:22 | ERROR    | ayumi.pid_guard | Another forward test process is running (PID 26302). Refusing to start. Kill it first or remove /home/TacoPants/projects/Ayumi/data/forward_test.pid.
2026-05-13 14:42:24 | INFO     | ayumi.forward_test | [B5 Periodic] ticks=10353 bars_built=1 signals=1 traded=1 eval_errors=0
2026-05-13 14:42:25 | INFO     | ayumi.blend_launcher | [B5 Health] ticks=10354 tps=1.51 bars=1 signals=1 trades=1 balance=10000.00 uptime=5401s
2026-05-13 14:42:54 | ERROR    | ayumi.pid_guard | Another forward test process is running (PID 26302). Refusing to start. Kill it first or remove /home/TacoPants/projects/Ayumi/data/forward_test.pid.
2026-05-13 14:43:24 | INFO     | ayumi.forward_test | [B5 Periodic] ticks=10421 bars_built=1 signals=1 traded=1 eval_errors=0
2026-05-13 14:43:25 | INFO     | ayumi.blend_launcher | [B5 Health] ticks=10421 tps=1.06 bars=1 signals=1 trades=1 balance=10074.97 uptime=5461s
2026-05-13 14:43:26 | ERROR    | ayumi.pid_guard | Another forward test process is running (PID 26302). Refusing to start. Kill it first or remove /home/TacoPants/projects/Ayumi/data/forward_test.pid.
2026-05-13 14:43:59 | ERROR    | ayumi.pid_guard | Another forward test process is running (PID 26302). Refusing to start. Kill it first or remove /home/TacoPants/projects/Ayumi/data/forward_test.pid.
2026-05-13 14:44:24 | INFO     | ayumi.forward_test | [B5 Periodic] ticks=10510 bars_built=1 signals=1 traded=1 eval_errors=0
2026-05-13 14:44:25 | INFO     | ayumi.blend_launcher | [B5 Health] ticks=10510 tps=1.82 bars=1 signals=1 trades=1 balance=10000.00 uptime=5521s
2026-05-13 14:44:31 | ERROR    | ayumi.pid_guard | Another forward test process is running (PID 26302). Refusing to start. Kill it first or remove /home/TacoPants/projects/Ayumi/data/forward_test.pid.
2026-05-13 14:45:03 | ERROR    | ayumi.pid_guard | Another forward test process is running (PID 26302). Refusing to start. Kill it first or remove /home/TacoPants/projects/Ayumi/data/forward_test.pid.
2026-05-13 14:45:24 | INFO     | ayumi.forward_test | [B5 Periodic] ticks=10622 bars_built=1 signals=1 traded=1 eval_errors=0
2026-05-13 14:45:25 | INFO     | ayumi.blend_launcher | [B5 Health] ticks=10624 tps=2.64 bars=1 signals=1 trades=1 balance=10000.00 uptime=5581s
2026-05-13 14:45:36 | ERROR    | ayumi.pid_guard | Another forward test process is running (PID 26302). Refusing to start. Kill it first or remove /home/TacoPants/projects/Ayumi/data/forward_test.pid.
2026-05-13 14:46:08 | ERROR    | ayumi.pid_guard | Another forward test process is running (PID 26302). Refusing to start. Kill it first or remove /home/TacoPants/projects/Ayumi/data/forward_test.pid.
2026-05-13 14:46:24 | INFO     | ayumi.forward_test | [B5 Periodic] ticks=10734 bars_built=1 signals=1 traded=1 eval_errors=0
2026-05-13 14:46:25 | INFO     | ayumi.blend_launcher | [B5 Health] ticks=10735 tps=1.47 bars=1 signals=1 trades=1 balance=9884.97 uptime=5641s
2026-05-13 14:46:40 | ERROR    | ayumi.pid_guard | Another forward test process is running (PID 26302). Refusing to start. Kill it first or remove /home/TacoPants/projects/Ayumi/data/forward_test.pid.
2026-05-13 14:47:13 | ERROR    | ayumi.pid_guard | Another forward test process is running (PID 26302). Refusing to start. Kill it first or remove /home/TacoPants/projects/Ayumi/data/forward_test.pid.
2026-05-13 14:47:24 | INFO     | ayumi.forward_test | [B5 Periodic] ticks=10842 bars_built=1 signals=1 traded=1 eval_errors=0
2026-05-13 14:47:25 | INFO     | ayumi.blend_launcher | [B5 Health] ticks=10844 tps=1.32 bars=1 signals=1 trades=1 balance=10000.00 uptime=5701s
2026-05-13 14:47:45 | ERROR    | ayumi.pid_guard | Another forward test process is running (PID 26302). Refusing to start. Kill it first or remove /home/TacoPants/projects/Ayumi/data/forward_test.pid.
2026-05-13 14:48:17 | ERROR    | ayumi.pid_guard | Another forward test process is running (PID 26302). Refusing to start. Kill it first or remove /home/TacoPants/projects/Ayumi/data/forward_test.pid.
2026-05-13 14:48:24 | INFO     | ayumi.forward_test | [B5 Periodic] ticks=10956 bars_built=1 signals=1 traded=1 eval_errors=0
2026-05-13 14:48:25 | INFO     | ayumi.blend_launcher | [B5 Health] ticks=10958 tps=2.62 bars=1 signals=1 trades=1 balance=10000.00 uptime=5761s
2026-05-13 14:48:49 | ERROR    | ayumi.pid_guard | Another forward test process is running (PID 26302). Refusing to start. Kill it first or remove /home/TacoPants/projects/Ayumi/data/forward_test.pid.
2026-05-13 14:49:22 | ERROR    | ayumi.pid_guard | Another forward test process is running (PID 26302). Refusing to start. Kill it first or remove /home/TacoPants/projects/Ayumi/data/forward_test.pid.
2026-05-13 14:49:24 | INFO     | ayumi.forward_test | [B5 Periodic] ticks=11059 bars_built=1 signals=1 traded=1 eval_errors=0
2026-05-13 14:49:25 | INFO     | ayumi.blend_launcher | [B5 Health] ticks=11061 tps=1.21 bars=1 signals=1 trades=1 balance=9770.97 uptime=5821s
2026-05-13 14:49:54 | ERROR    | ayumi.pid_guard | Another forward test process is running (PID 26302). Refusing to start. Kill it first or remove /home/TacoPants/projects/Ayumi/data/forward_test.pid.
2026-05-13 14:50:24 | INFO     | ayumi.forward_test | [B5 Periodic] ticks=11184 bars_built=1 signals=1 traded=1 eval_errors=0
2026-05-13 14:50:25 | INFO     | ayumi.blend_launcher | [B5 Health] ticks=11185 tps=2.21 bars=1 signals=1 trades=1 balance=9694.97 uptime=5881s
2026-05-13 14:50:26 | ERROR    | ayumi.pid_guard | Another forward test process is running (PID 26302). Refusing to start. Kill it first or remove /home/TacoPants/projects/Ayumi/data/forward_test.pid.
2026-05-13 14:50:58 | ERROR    | ayumi.pid_guard | Another forward test process is running (PID 26302). Refusing to start. Kill it first or remove /home/TacoPants/projects/Ayumi/data/forward_test.pid.
2026-05-13 14:51:24 | INFO     | ayumi.forward_test | [B5 Periodic] ticks=11304 bars_built=1 signals=1 traded=1 eval_errors=0
2026-05-13 14:51:25 | INFO     | ayumi.blend_launcher | [B5 Health] ticks=11304 tps=3.13 bars=1 signals=1 trades=1 balance=10000.00 uptime=5941s
2026-05-13 14:51:31 | ERROR    | ayumi.pid_guard | Another forward test process is running (PID 26302). Refusing to start. Kill it first or remove /home/TacoPants/projects/Ayumi/data/forward_test.pid.
2026-05-13 14:52:03 | ERROR    | ayumi.pid_guard | Another forward test process is running (PID 26302). Refusing to start. Kill it first or remove /home/TacoPants/projects/Ayumi/data/forward_test.pid.
2026-05-13 14:52:24 | INFO     | ayumi.forward_test | [B5 Periodic] ticks=11432 bars_built=1 signals=1 traded=1 eval_errors=0
2026-05-13 14:52:25 | INFO     | ayumi.blend_launcher | [B5 Health] ticks=11432 tps=2.62 bars=1 signals=1 trades=1 balance=10000.00 uptime=6001s
2026-05-13 14:52:35 | ERROR    | ayumi.pid_guard | Another forward test process is running (PID 26302). Refusing to start. Kill it first or remove /home/TacoPants/projects/Ayumi/data/forward_test.pid.
2026-05-13 14:53:08 | ERROR    | ayumi.pid_guard | Another forward test process is running (PID 26302). Refusing to start. Kill it first or remove /home/TacoPants/projects/Ayumi/data/forward_test.pid.
2026-05-13 14:53:24 | INFO     | ayumi.forward_test | [B5 Periodic] ticks=11560 bars_built=1 signals=1 traded=1 eval_errors=0
2026-05-13 14:53:25 | INFO     | ayumi.blend_launcher | [B5 Health] ticks=11563 tps=2.83 bars=1 signals=1 trades=1 balance=10000.00 uptime=6061s
2026-05-13 14:53:40 | ERROR    | ayumi.pid_guard | Another forward test process is running (PID 26302). Refusing to start. Kill it first or remove /home/TacoPants/projects/Ayumi/data/forward_test.pid.
2026-05-13 14:54:13 | ERROR    | ayumi.pid_guard | Another forward test process is running (PID 26302). Refusing to start. Kill it first or remove /home/TacoPants/projects/Ayumi/data/forward_test.pid.
2026-05-13 14:54:24 | INFO     | ayumi.forward_test | [B5 Periodic] ticks=11654 bars_built=1 signals=1 traded=1 eval_errors=0
2026-05-13 14:54:25 | INFO     | ayumi.blend_launcher | [B5 Health] ticks=11655 tps=1.83 bars=1 signals=1 trades=1 balance=10910.97 uptime=6121s
2026-05-13 14:54:45 | ERROR    | ayumi.pid_guard | Another forward test process is running (PID 26302). Refusing to start. Kill it first or remove /home/TacoPants/projects/Ayumi/data/forward_test.pid.
2026-05-13 14:55:17 | ERROR    | ayumi.pid_guard | Another forward test process is running (PID 26302). Refusing to start. Kill it first or remove /home/TacoPants/projects/Ayumi/data/forward_test.pid.
2026-05-13 14:55:24 | INFO     | ayumi.forward_test | [B5 Periodic] ticks=11799 bars_built=1 signals=1 traded=1 eval_errors=0
2026-05-13 14:55:25 | INFO     | ayumi.blend_launcher | [B5 Health] ticks=11799 tps=3.86 bars=1 signals=1 trades=1 balance=10000.00 uptime=6181s
2026-05-13 14:55:50 | ERROR    | ayumi.pid_guard | Another forward test process is running (PID 26302). Refusing to start. Kill it first or remove /home/TacoPants/projects/Ayumi/data/forward_test.pid.
2026-05-13 14:56:22 | ERROR    | ayumi.pid_guard | Another forward test process is running (PID 26302). Refusing to start. Kill it first or remove /home/TacoPants/projects/Ayumi/data/forward_test.pid.
2026-05-13 14:56:24 | INFO     | ayumi.forward_test | [B5 Periodic] ticks=11972 bars_built=1 signals=1 traded=1 eval_errors=0
2026-05-13 14:56:25 | INFO     | ayumi.blend_launcher | [B5 Health] ticks=11975 tps=3.40 bars=1 signals=1 trades=1 balance=10000.00 uptime=6241s
2026-05-13 14:56:54 | ERROR    | ayumi.pid_guard | Another forward test process is running (PID 26302). Refusing to start. Kill it first or remove /home/TacoPants/projects/Ayumi/data/forward_test.pid.
2026-05-13 14:57:24 | INFO     | ayumi.forward_test | [B5 Periodic] ticks=12147 bars_built=1 signals=1 traded=1 eval_errors=0
2026-05-13 14:57:25 | INFO     | ayumi.blend_launcher | [B5 Health] ticks=12148 tps=2.99 bars=1 signals=1 trades=1 balance=9314.97 uptime=6301s
2026-05-13 14:57:27 | ERROR    | ayumi.pid_guard | Another forward test process is running (PID 26302). Refusing to start. Kill it first or remove /home/TacoPants/projects/Ayumi/data/forward_test.pid.
2026-05-13 14:57:59 | ERROR    | ayumi.pid_guard | Another forward test process is running (PID 26302). Refusing to start. Kill it first or remove /home/TacoPants/projects/Ayumi/data/forward_test.pid.
2026-05-13 14:58:24 | INFO     | ayumi.forward_test | [B5 Periodic] ticks=12335 bars_built=1 signals=1 traded=1 eval_errors=0
2026-05-13 14:58:25 | INFO     | ayumi.blend_launcher | [B5 Health] ticks=12336 tps=2.76 bars=1 signals=1 trades=1 balance=10000.00 uptime=6361s
2026-05-13 14:58:32 | ERROR    | ayumi.pid_guard | Another forward test process is running (PID 26302). Refusing to start. Kill it first or remove /home/TacoPants/projects/Ayumi/data/forward_test.pid.
2026-05-13 14:59:04 | ERROR    | ayumi.pid_guard | Another forward test process is running (PID 26302). Refusing to start. Kill it first or remove /home/TacoPants/projects/Ayumi/data/forward_test.pid.
2026-05-13 14:59:24 | INFO     | ayumi.forward_test | [B5 Periodic] ticks=12450 bars_built=1 signals=1 traded=1 eval_errors=0
2026-05-13 14:59:25 | INFO     | ayumi.blend_launcher | [B5 Health] ticks=12453 tps=1.82 bars=1 signals=1 trades=1 balance=9390.97 uptime=6421s
2026-05-13 14:59:36 | ERROR    | ayumi.pid_guard | Another forward test process is running (PID 26302). Refusing to start. Kill it first or remove /home/TacoPants/projects/Ayumi/data/forward_test.pid.
2026-05-13 15:00:08 | ERROR    | ayumi.pid_guard | Another forward test process is running (PID 26302). Refusing to start. Kill it first or remove /home/TacoPants/projects/Ayumi/data/forward_test.pid.
2026-05-13 15:00:24 | INFO     | ayumi.forward_test | [B5 Periodic] ticks=12596 bars_built=1 signals=1 traded=1 eval_errors=0
2026-05-13 15:00:25 | INFO     | ayumi.blend_launcher | [B5 Health] ticks=12599 tps=2.85 bars=1 signals=1 trades=1 balance=10000.00 uptime=6481s
2026-05-13 15:00:41 | ERROR    | ayumi.pid_guard | Another forward test process is running (PID 26302). Refusing to start. Kill it first or remove /home/TacoPants/projects/Ayumi/data/forward_test.pid.
2026-05-13 15:01:13 | ERROR    | ayumi.pid_guard | Another forward test process is running (PID 26302). Refusing to start. Kill it first or remove /home/TacoPants/projects/Ayumi/data/forward_test.pid.
2026-05-13 15:01:24 | INFO     | ayumi.forward_test | [B5 Periodic] ticks=12764 bars_built=1 signals=1 traded=1 eval_errors=0
2026-05-13 15:01:25 | INFO     | ayumi.blend_launcher | [B5 Health] ticks=12766 tps=3.00 bars=1 signals=1 trades=1 balance=9808.97 uptime=6541s
2026-05-13 15:01:45 | ERROR    | ayumi.pid_guard | Another forward test process is running (PID 26302). Refusing to start. Kill it first or remove /home/TacoPants/projects/Ayumi/data/forward_test.pid.
2026-05-13 15:02:17 | ERROR    | ayumi.pid_guard | Another forward test process is running (PID 26302). Refusing to start. Kill it first or remove /home/TacoPants/projects/Ayumi/data/forward_test.pid.
2026-05-13 15:02:24 | INFO     | ayumi.forward_test | [B5 Periodic] ticks=12914 bars_built=1 signals=1 traded=1 eval_errors=0
2026-05-13 15:02:25 | INFO     | ayumi.blend_launcher | [B5 Health] ticks=12918 tps=4.26 bars=1 signals=1 trades=1 balance=10000.00 uptime=6601s
2026-05-13 15:02:50 | ERROR    | ayumi.pid_guard | Another forward test process is running (PID 26302). Refusing to start. Kill it first or remove /home/TacoPants/projects/Ayumi/data/forward_test.pid.
2026-05-13 15:03:22 | ERROR    | ayumi.pid_guard | Another forward test process is running (PID 26302). Refusing to start. Kill it first or remove /home/TacoPants/projects/Ayumi/data/forward_test.pid.
2026-05-13 15:03:24 | INFO     | ayumi.forward_test | [B5 Periodic] ticks=13039 bars_built=1 signals=1 traded=1 eval_errors=0
2026-05-13 15:03:25 | INFO     | ayumi.blend_launcher | [B5 Health] ticks=13042 tps=1.54 bars=1 signals=1 trades=1 balance=10226.97 uptime=6661s
2026-05-13 15:03:55 | ERROR    | ayumi.pid_guard | Another forward test process is running (PID 26302). Refusing to start. Kill it first or remove /home/TacoPants/projects/Ayumi/data/forward_test.pid.
2026-05-13 15:04:24 | INFO     | ayumi.forward_test | [B5 Periodic] ticks=13139 bars_built=1 signals=1 traded=1 eval_errors=0
2026-05-13 15:04:25 | INFO     | ayumi.blend_launcher | [B5 Health] ticks=13140 tps=2.19 bars=1 signals=1 trades=1 balance=9618.97 uptime=6721s
2026-05-13 15:04:27 | ERROR    | ayumi.pid_guard | Another forward test process is running (PID 26302). Refusing to start. Kill it first or remove /home/TacoPants/projects/Ayumi/data/forward_test.pid.
2026-05-13 15:05:00 | ERROR    | ayumi.pid_guard | Another forward test process is running (PID 26302). Refusing to start. Kill it first or remove /home/TacoPants/projects/Ayumi/data/forward_test.pid.
2026-05-13 15:05:24 | INFO     | ayumi.forward_test | [B5 Periodic] ticks=13249 bars_built=1 signals=1 traded=1 eval_errors=0
2026-05-13 15:05:25 | INFO     | ayumi.blend_launcher | [B5 Health] ticks=13250 tps=2.16 bars=1 signals=1 trades=1 balance=9846.97 uptime=6781s
2026-05-13 15:05:32 | ERROR    | ayumi.pid_guard | Another forward test process is running (PID 26302). Refusing to start. Kill it first or remove /home/TacoPants/projects/Ayumi/data/forward_test.pid.
2026-05-13 15:06:05 | ERROR    | ayumi.pid_guard | Another forward test process is running (PID 26302). Refusing to start. Kill it first or remove /home/TacoPants/projects/Ayumi/data/forward_test.pid.
2026-05-13 15:06:24 | INFO     | ayumi.forward_test | [B5 Periodic] ticks=13353 bars_built=1 signals=1 traded=1 eval_errors=0
2026-05-13 15:06:25 | INFO     | ayumi.blend_launcher | [B5 Health] ticks=13353 tps=2.04 bars=1 signals=1 trades=1 balance=10000.00 uptime=6841s
2026-05-13 15:06:37 | ERROR    | ayumi.pid_guard | Another forward test process is running (PID 26302). Refusing to start. Kill it first or remove /home/TacoPants/projects/Ayumi/data/forward_test.pid.
2026-05-13 15:07:10 | ERROR    | ayumi.pid_guard | Another forward test process is running (PID 26302). Refusing to start. Kill it first or remove /home/TacoPants/projects/Ayumi/data/forward_test.pid.
2026-05-13 15:07:24 | INFO     | ayumi.forward_test | [B5 Periodic] ticks=13446 bars_built=1 signals=1 traded=1 eval_errors=0
2026-05-13 15:07:25 | INFO     | ayumi.blend_launcher | [B5 Health] ticks=13447 tps=1.47 bars=1 signals=1 trades=1 balance=10530.97 uptime=6901s
2026-05-13 15:07:43 | ERROR    | ayumi.pid_guard | Another forward test process is running (PID 26302). Refusing to start. Kill it first or remove /home/TacoPants/projects/Ayumi/data/forward_test.pid.
2026-05-13 15:08:15 | ERROR    | ayumi.pid_guard | Another forward test process is running (PID 26302). Refusing to start. Kill it first or remove /home/TacoPants/projects/Ayumi/data/forward_test.pid.
2026-05-13 15:08:24 | INFO     | ayumi.forward_test | [B5 Periodic] ticks=13548 bars_built=1 signals=1 traded=1 eval_errors=0
2026-05-13 15:08:25 | INFO     | ayumi.blend_launcher | [B5 Health] ticks=13548 tps=1.61 bars=1 signals=1 trades=1 balance=10000.00 uptime=6961s
2026-05-13 15:08:48 | ERROR    | ayumi.pid_guard | Another forward test process is running (PID 26302). Refusing to start. Kill it first or remove /home/TacoPants/projects/Ayumi/data/forward_test.pid.
2026-05-13 15:09:20 | ERROR    | ayumi.pid_guard | Another forward test process is running (PID 26302). Refusing to start. Kill it first or remove /home/TacoPants/projects/Ayumi/data/forward_test.pid.
2026-05-13 15:09:24 | INFO     | ayumi.forward_test | [B5 Periodic] ticks=13650 bars_built=1 signals=1 traded=1 eval_errors=0
2026-05-13 15:09:25 | INFO     | ayumi.blend_launcher | [B5 Health] ticks=13653 tps=1.95 bars=1 signals=1 trades=1 balance=10000.00 uptime=7021s
2026-05-13 15:09:53 | ERROR    | ayumi.pid_guard | Another forward test process is running (PID 26302). Refusing to start. Kill it first or remove /home/TacoPants/projects/Ayumi/data/forward_test.pid.
2026-05-13 15:10:24 | INFO     | ayumi.forward_test | [B5 Periodic] ticks=13777 bars_built=1 signals=1 traded=1 eval_errors=0
2026-05-13 15:10:25 | ERROR    | ayumi.pid_guard | Another forward test process is running (PID 26302). Refusing to start. Kill it first or remove /home/TacoPants/projects/Ayumi/data/forward_test.pid.
2026-05-13 15:10:25 | INFO     | ayumi.blend_launcher | [B5 Health] ticks=13777 tps=2.46 bars=1 signals=1 trades=1 balance=10416.97 uptime=7081s
2026-05-13 15:10:58 | ERROR    | ayumi.pid_guard | Another forward test process is running (PID 26302). Refusing to start. Kill it first or remove /home/TacoPants/projects/Ayumi/data/forward_test.pid.
2026-05-13 15:11:24 | INFO     | ayumi.forward_test | [B5 Periodic] ticks=13864 bars_built=1 signals=1 traded=1 eval_errors=0
2026-05-13 15:11:25 | INFO     | ayumi.blend_launcher | [B5 Health] ticks=13865 tps=0.66 bars=1 signals=1 trades=1 balance=9884.97 uptime=7141s
2026-05-13 15:11:30 | ERROR    | ayumi.pid_guard | Another forward test process is running (PID 26302). Refusing to start. Kill it first or remove /home/TacoPants/projects/Ayumi/data/forward_test.pid.
2026-05-13 15:12:03 | ERROR    | ayumi.pid_guard | Another forward test process is running (PID 26302). Refusing to start. Kill it first or remove /home/TacoPants/projects/Ayumi/data/forward_test.pid.
2026-05-13 15:12:24 | INFO     | ayumi.forward_test | [B5 Periodic] ticks=13958 bars_built=1 signals=1 traded=1 eval_errors=0
2026-05-13 15:12:25 | INFO     | ayumi.blend_launcher | [B5 Health] ticks=13959 tps=1.90 bars=1 signals=1 trades=1 balance=10000.00 uptime=7201s
2026-05-13 15:12:35 | ERROR    | ayumi.pid_guard | Another forward test process is running (PID 26302). Refusing to start. Kill it first or remove /home/TacoPants/projects/Ayumi/data/forward_test.pid.
2026-05-13 15:13:08 | ERROR    | ayumi.pid_guard | Another forward test process is running (PID 26302). Refusing to start. Kill it first or remove /home/TacoPants/projects/Ayumi/data/forward_test.pid.
2026-05-13 15:13:24 | INFO     | ayumi.forward_test | [B5 Periodic] ticks=14073 bars_built=1 signals=1 traded=1 eval_errors=0
2026-05-13 15:13:25 | INFO     | ayumi.blend_launcher | [B5 Health] ticks=14073 tps=1.96 bars=1 signals=1 trades=1 balance=9960.97 uptime=7261s
2026-05-13 15:13:40 | ERROR    | ayumi.pid_guard | Another forward test process is running (PID 26302). Refusing to start. Kill it first or remove /home/TacoPants/projects/Ayumi/data/forward_test.pid.
2026-05-13 15:14:12 | ERROR    | ayumi.pid_guard | Another forward test process is running (PID 26302). Refusing to start. Kill it first or remove /home/TacoPants/projects/Ayumi/data/forward_test.pid.
2026-05-13 15:14:24 | INFO     | ayumi.forward_test | [B5 Periodic] ticks=14145 bars_built=1 signals=1 traded=1 eval_errors=0
2026-05-13 15:14:25 | INFO     | ayumi.blend_launcher | [B5 Health] ticks=14145 tps=0.71 bars=1 signals=1 trades=1 balance=10000.00 uptime=7321s
2026-05-13 15:14:45 | ERROR    | ayumi.pid_guard | Another forward test process is running (PID 26302). Refusing to start. Kill it first or remove /home/TacoPants/projects/Ayumi/data/forward_test.pid.
2026-05-13 15:15:17 | ERROR    | ayumi.pid_guard | Another forward test process is running (PID 26302). Refusing to start. Kill it first or remove /home/TacoPants/projects/Ayumi/data/forward_test.pid.
2026-05-13 15:15:24 | INFO     | ayumi.forward_test | [B5 Periodic] ticks=14234 bars_built=1 signals=1 traded=1 eval_errors=0
2026-05-13 15:15:25 | INFO     | ayumi.blend_launcher | [B5 Health] ticks=14237 tps=2.89 bars=1 signals=1 trades=1 balance=9808.97 uptime=7381s
2026-05-13 15:15:49 | ERROR    | ayumi.pid_guard | Another forward test process is running (PID 26302). Refusing to start. Kill it first or remove /home/TacoPants/projects/Ayumi/data/forward_test.pid.
2026-05-13 15:16:22 | ERROR    | ayumi.pid_guard | Another forward test process is running (PID 26302). Refusing to start. Kill it first or remove /home/TacoPants/projects/Ayumi/data/forward_test.pid.
2026-05-13 15:16:24 | INFO     | ayumi.forward_test | [B5 Periodic] ticks=14343 bars_built=1 signals=1 traded=1 eval_errors=0
2026-05-13 15:16:25 | INFO     | ayumi.blend_launcher | [B5 Health] ticks=14344 tps=1.90 bars=1 signals=1 trades=1 balance=10074.97 uptime=7441s
2026-05-13 15:16:54 | ERROR    | ayumi.pid_guard | Another forward test process is running (PID 26302). Refusing to start. Kill it first or remove /home/TacoPants/projects/Ayumi/data/forward_test.pid.
2026-05-13 15:17:24 | INFO     | ayumi.forward_test | [B5 Periodic] ticks=14434 bars_built=1 signals=1 traded=1 eval_errors=0
2026-05-13 15:17:25 | INFO     | ayumi.blend_launcher | [B5 Health] ticks=14435 tps=1.37 bars=1 signals=1 trades=1 balance=9846.97 uptime=7501s
2026-05-13 15:17:26 | ERROR    | ayumi.pid_guard | Another forward test process is running (PID 26302). Refusing to start. Kill it first or remove /home/TacoPants/projects/Ayumi/data/forward_test.pid.
2026-05-13 15:17:59 | ERROR    | ayumi.pid_guard | Another forward test process is running (PID 26302). Refusing to start. Kill it first or remove /home/TacoPants/projects/Ayumi/data/forward_test.pid.
2026-05-13 15:18:24 | INFO     | ayumi.forward_test | [B5 Periodic] ticks=14528 bars_built=1 signals=1 traded=1 eval_errors=0
2026-05-13 15:18:25 | INFO     | ayumi.blend_launcher | [B5 Health] ticks=14528 tps=1.11 bars=1 signals=1 trades=1 balance=9504.97 uptime=7561s
2026-05-13 15:18:31 | ERROR    | ayumi.pid_guard | Another forward test process is running (PID 26302). Refusing to start. Kill it first or remove /home/TacoPants/projects/Ayumi/data/forward_test.pid.
2026-05-13 15:19:03 | ERROR    | ayumi.pid_guard | Another forward test process is running (PID 26302). Refusing to start. Kill it first or remove /home/TacoPants/projects/Ayumi/data/forward_test.pid.
2026-05-13 15:19:24 | INFO     | ayumi.forward_test | [B5 Periodic] ticks=14595 bars_built=1 signals=1 traded=1 eval_errors=0
2026-05-13 15:19:25 | INFO     | ayumi.blend_launcher | [B5 Health] ticks=14595 tps=1.34 bars=1 signals=1 trades=1 balance=9542.97 uptime=7621s
2026-05-13 15:19:36 | ERROR    | ayumi.pid_guard | Another forward test process is running (PID 26302). Refusing to start. Kill it first or remove /home/TacoPants/projects/Ayumi/data/forward_test.pid.
2026-05-13 15:20:08 | ERROR    | ayumi.pid_guard | Another forward test process is running (PID 26302). Refusing to start. Kill it first or remove /home/TacoPants/projects/Ayumi/data/forward_test.pid.
2026-05-13 15:20:24 | INFO     | ayumi.forward_test | [B5 Periodic] ticks=14653 bars_built=1 signals=1 traded=1 eval_errors=0
2026-05-13 15:20:25 | INFO     | ayumi.blend_launcher | [B5 Health] ticks=14655 tps=1.57 bars=1 signals=1 trades=1 balance=10000.00 uptime=7681s
2026-05-13 15:20:41 | ERROR    | ayumi.pid_guard | Another forward test process is running (PID 26302). Refusing to start. Kill it first or remove /home/TacoPants/projects/Ayumi/data/forward_test.pid.
2026-05-13 15:21:13 | ERROR    | ayumi.pid_guard | Another forward test process is running (PID 26302). Refusing to start. Kill it first or remove /home/TacoPants/projects/Ayumi/data/forward_test.pid.
2026-05-13 15:21:24 | INFO     | ayumi.forward_test | [B5 Periodic] ticks=14758 bars_built=1 signals=1 traded=1 eval_errors=0
2026-05-13 15:21:25 | INFO     | ayumi.blend_launcher | [B5 Health] ticks=14760 tps=0.85 bars=1 signals=1 trades=1 balance=9352.97 uptime=7741s
2026-05-13 15:21:45 | ERROR    | ayumi.pid_guard | Another forward test process is running (PID 26302). Refusing to start. Kill it first or remove /home/TacoPants/projects/Ayumi/data/forward_test.pid.
2026-05-13 15:22:17 | ERROR    | ayumi.pid_guard | Another forward test process is running (PID 26302). Refusing to start. Kill it first or remove /home/TacoPants/projects/Ayumi/data/forward_test.pid.
2026-05-13 15:22:24 | INFO     | ayumi.forward_test | [B5 Periodic] ticks=14841 bars_built=1 signals=1 traded=1 eval_errors=0
2026-05-13 15:22:25 | INFO     | ayumi.blend_launcher | [B5 Health] ticks=14841 tps=1.06 bars=1 signals=1 trades=1 balance=10000.00 uptime=7801s
2026-05-13 15:22:50 | ERROR    | ayumi.pid_guard | Another forward test process is running (PID 26302). Refusing to start. Kill it first or remove /home/TacoPants/projects/Ayumi/data/forward_test.pid.
2026-05-13 15:23:22 | ERROR    | ayumi.pid_guard | Another forward test process is running (PID 26302). Refusing to start. Kill it first or remove /home/TacoPants/projects/Ayumi/data/forward_test.pid.
2026-05-13 15:23:24 | INFO     | ayumi.forward_test | [B5 Periodic] ticks=14921 bars_built=1 signals=1 traded=1 eval_errors=0
2026-05-13 15:23:25 | INFO     | ayumi.blend_launcher | [B5 Health] ticks=14923 tps=1.65 bars=1 signals=1 trades=1 balance=10000.00 uptime=7861s
2026-05-13 15:23:54 | ERROR    | ayumi.pid_guard | Another forward test process is running (PID 26302). Refusing to start. Kill it first or remove /home/TacoPants/projects/Ayumi/data/forward_test.pid.
2026-05-13 15:24:24 | INFO     | ayumi.forward_test | [B5 Periodic] ticks=15021 bars_built=1 signals=1 traded=1 eval_errors=0
2026-05-13 15:24:25 | INFO     | ayumi.blend_launcher | [B5 Health] ticks=15021 tps=1.84 bars=1 signals=1 trades=1 balance=10000.00 uptime=7921s
2026-05-13 15:24:27 | ERROR    | ayumi.pid_guard | Another forward test process is running (PID 26302). Refusing to start. Kill it first or remove /home/TacoPants/projects/Ayumi/data/forward_test.pid.
2026-05-13 15:24:59 | ERROR    | ayumi.pid_guard | Another forward test process is running (PID 26302). Refusing to start. Kill it first or remove /home/TacoPants/projects/Ayumi/data/forward_test.pid.
2026-05-13 15:25:24 | INFO     | ayumi.forward_test | [B5 Periodic] ticks=15120 bars_built=1 signals=1 traded=1 eval_errors=0
2026-05-13 15:25:25 | INFO     | ayumi.blend_launcher | [B5 Health] ticks=15121 tps=1.39 bars=1 signals=1 trades=1 balance=10000.00 uptime=7981s
2026-05-13 15:25:31 | ERROR    | ayumi.pid_guard | Another forward test process is running (PID 26302). Refusing to start. Kill it first or remove /home/TacoPants/projects/Ayumi/data/forward_test.pid.
2026-05-13 15:26:03 | ERROR    | ayumi.pid_guard | Another forward test process is running (PID 26302). Refusing to start. Kill it first or remove /home/TacoPants/projects/Ayumi/data/forward_test.pid.
2026-05-13 15:26:24 | INFO     | ayumi.forward_test | [B5 Periodic] ticks=15207 bars_built=1 signals=1 traded=1 eval_errors=0
2026-05-13 15:26:25 | INFO     | ayumi.blend_launcher | [B5 Health] ticks=15210 tps=1.88 bars=1 signals=1 trades=1 balance=10416.97 uptime=8041s
2026-05-13 15:26:36 | ERROR    | ayumi.pid_guard | Another forward test process is running (PID 26302). Refusing to start. Kill it first or remove /home/TacoPants/projects/Ayumi/data/forward_test.pid.
2026-05-13 15:27:08 | ERROR    | ayumi.pid_guard | Another forward test process is running (PID 26302). Refusing to start. Kill it first or remove /home/TacoPants/projects/Ayumi/data/forward_test.pid.
2026-05-13 15:27:24 | INFO     | ayumi.forward_test | [B5 Periodic] ticks=15304 bars_built=1 signals=1 traded=1 eval_errors=0
2026-05-13 15:27:25 | INFO     | ayumi.blend_launcher | [B5 Health] ticks=15305 tps=1.82 bars=1 signals=1 trades=1 balance=10000.00 uptime=8101s
2026-05-13 15:27:40 | ERROR    | ayumi.pid_guard | Another forward test process is running (PID 26302). Refusing to start. Kill it first or remove /home/TacoPants/projects/Ayumi/data/forward_test.pid.
2026-05-13 15:28:13 | ERROR    | ayumi.pid_guard | Another forward test process is running (PID 26302). Refusing to start. Kill it first or remove /home/TacoPants/projects/Ayumi/data/forward_test.pid.
2026-05-13 15:28:24 | INFO     | ayumi.forward_test | [B5 Periodic] ticks=15385 bars_built=1 signals=1 traded=1 eval_errors=0
2026-05-13 15:28:25 | INFO     | ayumi.blend_launcher | [B5 Health] ticks=15386 tps=1.31 bars=1 signals=1 trades=1 balance=10000.00 uptime=8161s
2026-05-13 15:28:45 | ERROR    | ayumi.pid_guard | Another forward test process is running (PID 26302). Refusing to start. Kill it first or remove /home/TacoPants/projects/Ayumi/data/forward_test.pid.
2026-05-13 15:29:17 | ERROR    | ayumi.pid_guard | Another forward test process is running (PID 26302). Refusing to start. Kill it first or remove /home/TacoPants/projects/Ayumi/data/forward_test.pid.
2026-05-13 15:29:24 | INFO     | ayumi.forward_test | [B5 Periodic] ticks=15486 bars_built=1 signals=1 traded=1 eval_errors=0
2026-05-13 15:29:25 | INFO     | ayumi.blend_launcher | [B5 Health] ticks=15486 tps=1.60 bars=1 signals=1 trades=1 balance=10000.00 uptime=8221s
2026-05-13 15:29:49 | ERROR    | ayumi.pid_guard | Another forward test process is running (PID 26302). Refusing to start. Kill it first or remove /home/TacoPants/projects/Ayumi/data/forward_test.pid.
2026-05-13 15:30:22 | ERROR    | ayumi.pid_guard | Another forward test process is running (PID 26302). Refusing to start. Kill it first or remove /home/TacoPants/projects/Ayumi/data/forward_test.pid.
2026-05-13 15:30:24 | INFO     | ayumi.forward_test | [B5 Periodic] ticks=15584 bars_built=1 signals=1 traded=1 eval_errors=0
2026-05-13 15:30:25 | INFO     | ayumi.blend_launcher | [B5 Health] ticks=15587 tps=2.16 bars=1 signals=1 trades=1 balance=9390.97 uptime=8281s
2026-05-13 15:30:54 | ERROR    | ayumi.pid_guard | Another forward test process is running (PID 26302). Refusing to start. Kill it first or remove /home/TacoPants/projects/Ayumi/data/forward_test.pid.
2026-05-13 15:31:24 | INFO     | ayumi.forward_test | [B5 Periodic] ticks=15707 bars_built=1 signals=1 traded=1 eval_errors=0
2026-05-13 15:31:25 | INFO     | ayumi.blend_launcher | [B5 Health] ticks=15711 tps=1.68 bars=1 signals=1 trades=1 balance=10226.97 uptime=8341s
2026-05-13 15:31:26 | ERROR    | ayumi.pid_guard | Another forward test process is running (PID 26302). Refusing to start. Kill it first or remove /home/TacoPants/projects/Ayumi/data/forward_test.pid.
2026-05-13 15:31:59 | ERROR    | ayumi.pid_guard | Another forward test process is running (PID 26302). Refusing to start. Kill it first or remove /home/TacoPants/projects/Ayumi/data/forward_test.pid.
2026-05-13 15:32:24 | INFO     | ayumi.forward_test | [B5 Periodic] ticks=15805 bars_built=1 signals=1 traded=1 eval_errors=0
2026-05-13 15:32:25 | INFO     | ayumi.blend_launcher | [B5 Health] ticks=15807 tps=2.07 bars=1 signals=1 trades=1 balance=10188.97 uptime=8401s
2026-05-13 15:32:31 | ERROR    | ayumi.pid_guard | Another forward test process is running (PID 26302). Refusing to start. Kill it first or remove /home/TacoPants/projects/Ayumi/data/forward_test.pid.
2026-05-13 15:33:03 | ERROR    | ayumi.pid_guard | Another forward test process is running (PID 26302). Refusing to start. Kill it first or remove /home/TacoPants/projects/Ayumi/data/forward_test.pid.
2026-05-13 15:33:24 | INFO     | ayumi.forward_test | [B5 Periodic] ticks=15935 bars_built=1 signals=1 traded=1 eval_errors=0
2026-05-13 15:33:25 | INFO     | ayumi.blend_launcher | [B5 Health] ticks=15938 tps=2.24 bars=1 signals=1 trades=1 balance=10000.00 uptime=8461s
2026-05-13 15:33:36 | ERROR    | ayumi.pid_guard | Another forward test process is running (PID 26302). Refusing to start. Kill it first or remove /home/TacoPants/projects/Ayumi/data/forward_test.pid.
2026-05-13 15:34:08 | ERROR    | ayumi.pid_guard | Another forward test process is running (PID 26302). Refusing to start. Kill it first or remove /home/TacoPants/projects/Ayumi/data/forward_test.pid.
2026-05-13 15:34:24 | INFO     | ayumi.forward_test | [B5 Periodic] ticks=16053 bars_built=1 signals=1 traded=1 eval_errors=0
2026-05-13 15:34:25 | INFO     | ayumi.blend_launcher | [B5 Health] ticks=16054 tps=1.81 bars=1 signals=1 trades=1 balance=10000.00 uptime=8521s
2026-05-13 15:34:41 | ERROR    | ayumi.pid_guard | Another forward test process is running (PID 26302). Refusing to start. Kill it first or remove /home/TacoPants/projects/Ayumi/data/forward_test.pid.
2026-05-13 15:35:13 | ERROR    | ayumi.pid_guard | Another forward test process is running (PID 26302). Refusing to start. Kill it first or remove /home/TacoPants/projects/Ayumi/data/forward_test.pid.
2026-05-13 15:35:24 | INFO     | ayumi.forward_test | [B5 Periodic] ticks=16189 bars_built=1 signals=1 traded=1 eval_errors=0
2026-05-13 15:35:25 | INFO     | ayumi.blend_launcher | [B5 Health] ticks=16190 tps=1.75 bars=1 signals=1 trades=1 balance=10000.00 uptime=8581s
2026-05-13 15:35:46 | ERROR    | ayumi.pid_guard | Another forward test process is running (PID 26302). Refusing to start. Kill it first or remove /home/TacoPants/projects/Ayumi/data/forward_test.pid.
2026-05-13 15:36:18 | ERROR    | ayumi.pid_guard | Another forward test process is running (PID 26302). Refusing to start. Kill it first or remove /home/TacoPants/projects/Ayumi/data/forward_test.pid.
2026-05-13 15:36:24 | INFO     | ayumi.forward_test | [B5 Periodic] ticks=16322 bars_built=1 signals=1 traded=1 eval_errors=0
2026-05-13 15:36:25 | INFO     | ayumi.blend_launcher | [B5 Health] ticks=16325 tps=2.04 bars=1 signals=1 trades=1 balance=11670.97 uptime=8641s
2026-05-13 15:36:51 | ERROR    | ayumi.pid_guard | Another forward test process is running (PID 26302). Refusing to start. Kill it first or remove /home/TacoPants/projects/Ayumi/data/forward_test.pid.
2026-05-13 15:37:23 | ERROR    | ayumi.pid_guard | Another forward test process is running (PID 26302). Refusing to start. Kill it first or remove /home/TacoPants/projects/Ayumi/data/forward_test.pid.
2026-05-13 15:37:24 | INFO     | ayumi.forward_test | [B5 Periodic] ticks=16445 bars_built=1 signals=1 traded=1 eval_errors=0
2026-05-13 15:37:25 | INFO     | ayumi.blend_launcher | [B5 Health] ticks=16446 tps=2.24 bars=1 signals=1 trades=1 balance=10000.00 uptime=8701s
2026-05-13 15:37:56 | ERROR    | ayumi.pid_guard | Another forward test process is running (PID 26302). Refusing to start. Kill it first or remove /home/TacoPants/projects/Ayumi/data/forward_test.pid.
2026-05-13 15:38:24 | INFO     | ayumi.forward_test | [B5 Periodic] ticks=16550 bars_built=1 signals=1 traded=1 eval_errors=0
2026-05-13 15:38:25 | INFO     | ayumi.blend_launcher | [B5 Health] ticks=16552 tps=1.62 bars=1 signals=1 trades=1 balance=10000.00 uptime=8761s
2026-05-13 15:38:28 | ERROR    | ayumi.pid_guard | Another forward test process is running (PID 26302). Refusing to start. Kill it first or remove /home/TacoPants/projects/Ayumi/data/forward_test.pid.
2026-05-13 15:39:01 | ERROR    | ayumi.pid_guard | Another forward test process is running (PID 26302). Refusing to start. Kill it first or remove /home/TacoPants/projects/Ayumi/data/forward_test.pid.
2026-05-13 15:39:24 | INFO     | ayumi.forward_test | [B5 Periodic] ticks=16659 bars_built=1 signals=1 traded=1 eval_errors=0
2026-05-13 15:39:25 | INFO     | ayumi.blend_launcher | [B5 Health] ticks=16659 tps=2.20 bars=1 signals=1 trades=1 balance=10000.00 uptime=8821s
2026-05-13 15:39:33 | ERROR    | ayumi.pid_guard | Another forward test process is running (PID 26302). Refusing to start. Kill it first or remove /home/TacoPants/projects/Ayumi/data/forward_test.pid.
2026-05-13 15:40:06 | ERROR    | ayumi.pid_guard | Another forward test process is running (PID 26302). Refusing to start. Kill it first or remove /home/TacoPants/projects/Ayumi/data/forward_test.pid.
2026-05-13 15:40:24 | INFO     | ayumi.forward_test | [B5 Periodic] ticks=16746 bars_built=1 signals=1 traded=1 eval_errors=0
2026-05-13 15:40:25 | INFO     | ayumi.blend_launcher | [B5 Health] ticks=16750 tps=2.26 bars=1 signals=1 trades=1 balance=10000.00 uptime=8881s
2026-05-13 15:40:39 | ERROR    | ayumi.pid_guard | Another forward test process is running (PID 26302). Refusing to start. Kill it first or remove /home/TacoPants/projects/Ayumi/data/forward_test.pid.
2026-05-13 15:41:11 | ERROR    | ayumi.pid_guard | Another forward test process is running (PID 26302). Refusing to start. Kill it first or remove /home/TacoPants/projects/Ayumi/data/forward_test.pid.
2026-05-13 15:41:24 | INFO     | ayumi.forward_test | [B5 Periodic] ticks=16855 bars_built=1 signals=1 traded=1 eval_errors=0
2026-05-13 15:41:25 | INFO     | ayumi.blend_launcher | [B5 Health] ticks=16856 tps=1.50 bars=1 signals=1 trades=1 balance=10000.00 uptime=8941s
2026-05-13 15:41:44 | ERROR    | ayumi.pid_guard | Another forward test process is running (PID 26302). Refusing to start. Kill it first or remove /home/TacoPants/projects/Ayumi/data/forward_test.pid.
2026-05-13 15:42:16 | ERROR    | ayumi.pid_guard | Another forward test process is running (PID 26302). Refusing to start. Kill it first or remove /home/TacoPants/projects/Ayumi/data/forward_test.pid.
2026-05-13 15:42:24 | INFO     | ayumi.forward_test | [B5 Periodic] ticks=16948 bars_built=1 signals=1 traded=1 eval_errors=0
2026-05-13 15:42:26 | INFO     | ayumi.blend_launcher | [B5 Health] ticks=16949 tps=1.90 bars=1 signals=1 trades=1 balance=12316.97 uptime=9001s
2026-05-13 15:42:48 | ERROR    | ayumi.pid_guard | Another forward test process is running (PID 26302). Refusing to start. Kill it first or remove /home/TacoPants/projects/Ayumi/data/forward_test.pid.
2026-05-13 15:43:21 | ERROR    | ayumi.pid_guard | Another forward test process is running (PID 26302). Refusing to start. Kill it first or remove /home/TacoPants/projects/Ayumi/data/forward_test.pid.
2026-05-13 15:43:24 | INFO     | ayumi.forward_test | [B5 Periodic] ticks=17059 bars_built=1 signals=1 traded=1 eval_errors=0
2026-05-13 15:43:26 | INFO     | ayumi.blend_launcher | [B5 Health] ticks=17061 tps=1.91 bars=1 signals=1 trades=1 balance=10000.00 uptime=9061s
2026-05-13 15:43:53 | ERROR    | ayumi.pid_guard | Another forward test process is running (PID 26302). Refusing to start. Kill it first or remove /home/TacoPants/projects/Ayumi/data/forward_test.pid.
2026-05-13 15:44:24 | INFO     | ayumi.forward_test | [B5 Periodic] ticks=17162 bars_built=1 signals=1 traded=1 eval_errors=0
2026-05-13 15:44:26 | INFO     | ayumi.blend_launcher | [B5 Health] ticks=17164 tps=1.96 bars=1 signals=1 trades=1 balance=10000.00 uptime=9121s
2026-05-13 15:44:26 | ERROR    | ayumi.pid_guard | Another forward test process is running (PID 26302). Refusing to start. Kill it first or remove /home/TacoPants/projects/Ayumi/data/forward_test.pid.
2026-05-13 15:44:58 | ERROR    | ayumi.pid_guard | Another forward test process is running (PID 26302). Refusing to start. Kill it first or remove /home/TacoPants/projects/Ayumi/data/forward_test.pid.
2026-05-13 15:45:24 | INFO     | ayumi.forward_test | [B5 Periodic] ticks=17252 bars_built=1 signals=1 traded=1 eval_errors=0
2026-05-13 15:45:26 | INFO     | ayumi.blend_launcher | [B5 Health] ticks=17254 tps=2.07 bars=1 signals=1 trades=1 balance=10000.00 uptime=9181s
2026-05-13 15:45:31 | ERROR    | ayumi.pid_guard | Another forward test process is running (PID 26302). Refusing to start. Kill it first or remove /home/TacoPants/projects/Ayumi/data/forward_test.pid.
2026-05-13 15:46:03 | ERROR    | ayumi.pid_guard | Another forward test process is running (PID 26302). Refusing to start. Kill it first or remove /home/TacoPants/projects/Ayumi/data/forward_test.pid.
2026-05-13 15:46:24 | INFO     | ayumi.forward_test | [B5 Periodic] ticks=17365 bars_built=1 signals=1 traded=1 eval_errors=0
2026-05-13 15:46:26 | INFO     | ayumi.blend_launcher | [B5 Health] ticks=17366 tps=2.35 bars=1 signals=1 trades=1 balance=10000.00 uptime=9241s
2026-05-13 15:46:35 | ERROR    | ayumi.pid_guard | Another forward test process is running (PID 26302). Refusing to start. Kill it first or remove /home/TacoPants/projects/Ayumi/data/forward_test.pid.
2026-05-13 15:47:08 | ERROR    | ayumi.pid_guard | Another forward test process is running (PID 26302). Refusing to start. Kill it first or remove /home/TacoPants/projects/Ayumi/data/forward_test.pid.
2026-05-13 15:47:24 | INFO     | ayumi.forward_test | [B5 Periodic] ticks=17442 bars_built=1 signals=1 traded=1 eval_errors=0
2026-05-13 15:47:26 | INFO     | ayumi.blend_launcher | [B5 Health] ticks=17443 tps=1.77 bars=1 signals=1 trades=1 balance=10000.00 uptime=9301s
2026-05-13 15:47:40 | ERROR    | ayumi.pid_guard | Another forward test process is running (PID 26302). Refusing to start. Kill it first or remove /home/TacoPants/projects/Ayumi/data/forward_test.pid.
2026-05-13 15:48:13 | ERROR    | ayumi.pid_guard | Another forward test process is running (PID 26302). Refusing to start. Kill it first or remove /home/TacoPants/projects/Ayumi/data/forward_test.pid.
2026-05-13 15:48:24 | INFO     | ayumi.forward_test | [B5 Periodic] ticks=17546 bars_built=1 signals=1 traded=1 eval_errors=0
2026-05-13 15:48:26 | INFO     | ayumi.blend_launcher | [B5 Health] ticks=17547 tps=3.00 bars=1 signals=1 trades=1 balance=10000.00 uptime=9361s
2026-05-13 15:48:45 | ERROR    | ayumi.pid_guard | Another forward test process is running (PID 26302). Refusing to start. Kill it first or remove /home/TacoPants/projects/Ayumi/data/forward_test.pid.
2026-05-13 15:49:18 | ERROR    | ayumi.pid_guard | Another forward test process is running (PID 26302). Refusing to start. Kill it first or remove /home/TacoPants/projects/Ayumi/data/forward_test.pid.
2026-05-13 15:49:24 | INFO     | ayumi.forward_test | [B5 Periodic] ticks=17649 bars_built=1 signals=1 traded=1 eval_errors=0
2026-05-13 15:49:26 | INFO     | ayumi.blend_launcher | [B5 Health] ticks=17650 tps=1.19 bars=1 signals=1 trades=1 balance=10000.00 uptime=9421s
2026-05-13 15:49:50 | ERROR    | ayumi.pid_guard | Another forward test process is running (PID 26302). Refusing to start. Kill it first or remove /home/TacoPants/projects/Ayumi/data/forward_test.pid.
2026-05-13 15:50:23 | ERROR    | ayumi.pid_guard | Another forward test process is running (PID 26302). Refusing to start. Kill it first or remove /home/TacoPants/projects/Ayumi/data/forward_test.pid.
2026-05-13 15:50:24 | INFO     | ayumi.forward_test | [B5 Periodic] ticks=17750 bars_built=1 signals=1 traded=1 eval_errors=0
2026-05-13 15:50:26 | INFO     | ayumi.blend_launcher | [B5 Health] ticks=17752 tps=1.77 bars=1 signals=1 trades=1 balance=11290.97 uptime=9481s
2026-05-13 15:50:55 | ERROR    | ayumi.pid_guard | Another forward test process is running (PID 26302). Refusing to start. Kill it first or remove /home/TacoPants/projects/Ayumi/data/forward_test.pid.
2026-05-13 15:51:24 | INFO     | ayumi.forward_test | [B5 Periodic] ticks=17837 bars_built=1 signals=1 traded=1 eval_errors=0
2026-05-13 15:51:26 | INFO     | ayumi.blend_launcher | [B5 Health] ticks=17838 tps=1.75 bars=1 signals=1 trades=1 balance=10000.00 uptime=9541s
2026-05-13 15:51:28 | ERROR    | ayumi.pid_guard | Another forward test process is running (PID 26302). Refusing to start. Kill it first or remove /home/TacoPants/projects/Ayumi/data/forward_test.pid.
2026-05-13 15:52:00 | ERROR    | ayumi.pid_guard | Another forward test process is running (PID 26302). Refusing to start. Kill it first or remove /home/TacoPants/projects/Ayumi/data/forward_test.pid.
2026-05-13 15:52:24 | INFO     | ayumi.forward_test | [B5 Periodic] ticks=17917 bars_built=1 signals=1 traded=1 eval_errors=0
2026-05-13 15:52:26 | INFO     | ayumi.blend_launcher | [B5 Health] ticks=17918 tps=1.44 bars=1 signals=1 trades=1 balance=10000.00 uptime=9601s
2026-05-13 15:52:32 | ERROR    | ayumi.pid_guard | Another forward test process is running (PID 26302). Refusing to start. Kill it first or remove /home/TacoPants/projects/Ayumi/data/forward_test.pid.
2026-05-13 15:53:05 | ERROR    | ayumi.pid_guard | Another forward test process is running (PID 26302). Refusing to start. Kill it first or remove /home/TacoPants/projects/Ayumi/data/forward_test.pid.
2026-05-13 15:53:24 | INFO     | ayumi.forward_test | [B5 Periodic] ticks=18010 bars_built=1 signals=1 traded=1 eval_errors=0
2026-05-13 15:53:26 | INFO     | ayumi.blend_launcher | [B5 Health] ticks=18010 tps=1.68 bars=1 signals=1 trades=1 balance=10000.00 uptime=9661s
2026-05-13 15:53:37 | ERROR    | ayumi.pid_guard | Another forward test process is running (PID 26302). Refusing to start. Kill it first or remove /home/TacoPants/projects/Ayumi/data/forward_test.pid.
2026-05-13 15:54:10 | ERROR    | ayumi.pid_guard | Another forward test process is running (PID 26302). Refusing to start. Kill it first or remove /home/TacoPants/projects/Ayumi/data/forward_test.pid.
2026-05-13 15:54:24 | INFO     | ayumi.forward_test | [B5 Periodic] ticks=18101 bars_built=1 signals=1 traded=1 eval_errors=0
2026-05-13 15:54:26 | INFO     | ayumi.blend_launcher | [B5 Health] ticks=18104 tps=1.70 bars=1 signals=1 trades=1 balance=10000.00 uptime=9721s
2026-05-13 15:54:42 | ERROR    | ayumi.pid_guard | Another forward test process is running (PID 26302). Refusing to start. Kill it first or remove /home/TacoPants/projects/Ayumi/data/forward_test.pid.
2026-05-13 15:55:15 | ERROR    | ayumi.pid_guard | Another forward test process is running (PID 26302). Refusing to start. Kill it first or remove /home/TacoPants/projects/Ayumi/data/forward_test.pid.
2026-05-13 15:55:24 | INFO     | ayumi.forward_test | [B5 Periodic] ticks=18194 bars_built=1 signals=1 traded=1 eval_errors=0
2026-05-13 15:55:26 | INFO     | ayumi.blend_launcher | [B5 Health] ticks=18196 tps=1.85 bars=1 signals=1 trades=1 balance=10000.00 uptime=9781s
2026-05-13 15:55:47 | ERROR    | ayumi.pid_guard | Another forward test process is running (PID 26302). Refusing to start. Kill it first or remove /home/TacoPants/projects/Ayumi/data/forward_test.pid.
2026-05-13 15:56:19 | ERROR    | ayumi.pid_guard | Another forward test process is running (PID 26302). Refusing to start. Kill it first or remove /home/TacoPants/projects/Ayumi/data/forward_test.pid.
2026-05-13 15:56:24 | INFO     | ayumi.forward_test | [B5 Periodic] ticks=18304 bars_built=1 signals=1 traded=1 eval_errors=0
2026-05-13 15:56:26 | INFO     | ayumi.blend_launcher | [B5 Health] ticks=18305 tps=1.58 bars=1 signals=1 trades=1 balance=10530.97 uptime=9841s
2026-05-13 15:56:51 | ERROR    | ayumi.pid_guard | Another forward test process is running (PID 26302). Refusing to start. Kill it first or remove /home/TacoPants/projects/Ayumi/data/forward_test.pid.
2026-05-13 15:57:24 | ERROR    | ayumi.pid_guard | Another forward test process is running (PID 26302). Refusing to start. Kill it first or remove /home/TacoPants/projects/Ayumi/data/forward_test.pid.
2026-05-13 15:57:24 | INFO     | ayumi.forward_test | [B5 Periodic] ticks=18397 bars_built=1 signals=1 traded=1 eval_errors=0
2026-05-13 15:57:26 | INFO     | ayumi.blend_launcher | [B5 Health] ticks=18401 tps=2.10 bars=1 signals=1 trades=1 balance=10000.00 uptime=9901s
2026-05-13 15:57:56 | ERROR    | ayumi.pid_guard | Another forward test process is running (PID 26302). Refusing to start. Kill it first or remove /home/TacoPants/projects/Ayumi/data/forward_test.pid.
2026-05-13 15:58:24 | INFO     | ayumi.forward_test | [B5 Periodic] ticks=18484 bars_built=1 signals=1 traded=1 eval_errors=0
2026-05-13 15:58:26 | INFO     | ayumi.blend_launcher | [B5 Health] ticks=18485 tps=1.39 bars=1 signals=1 trades=1 balance=10000.00 uptime=9961s
2026-05-13 15:58:28 | ERROR    | ayumi.pid_guard | Another forward test process is running (PID 26302). Refusing to start. Kill it first or remove /home/TacoPants/projects/Ayumi/data/forward_test.pid.
2026-05-13 15:59:01 | ERROR    | ayumi.pid_guard | Another forward test process is running (PID 26302). Refusing to start. Kill it first or remove /home/TacoPants/projects/Ayumi/data/forward_test.pid.
2026-05-13 15:59:24 | INFO     | ayumi.forward_test | [B5 Periodic] ticks=18581 bars_built=1 signals=1 traded=1 eval_errors=0
2026-05-13 15:59:26 | INFO     | ayumi.blend_launcher | [B5 Health] ticks=18582 tps=2.11 bars=1 signals=1 trades=1 balance=10000.00 uptime=10021s
2026-05-13 15:59:33 | ERROR    | ayumi.pid_guard | Another forward test process is running (PID 26302). Refusing to start. Kill it first or remove /home/TacoPants/projects/Ayumi/data/forward_test.pid.
2026-05-13 16:00:05 | ERROR    | ayumi.pid_guard | Another forward test process is running (PID 26302). Refusing to start. Kill it first or remove /home/TacoPants/projects/Ayumi/data/forward_test.pid.
2026-05-13 16:00:24 | INFO     | ayumi.forward_test | [B5 Periodic] ticks=18678 bars_built=1 signals=1 traded=1 eval_errors=0
2026-05-13 16:00:26 | INFO     | ayumi.blend_launcher | [B5 Health] ticks=18678 tps=2.28 bars=1 signals=1 trades=1 balance=10416.97 uptime=10081s
2026-05-13 16:00:38 | ERROR    | ayumi.pid_guard | Another forward test process is running (PID 26302). Refusing to start. Kill it first or remove /home/TacoPants/projects/Ayumi/data/forward_test.pid.
2026-05-13 16:01:10 | ERROR    | ayumi.pid_guard | Another forward test process is running (PID 26302). Refusing to start. Kill it first or remove /home/TacoPants/projects/Ayumi/data/forward_test.pid.
2026-05-13 16:01:24 | INFO     | ayumi.forward_test | [B5 Periodic] ticks=18765 bars_built=1 signals=1 traded=1 eval_errors=0
2026-05-13 16:01:26 | INFO     | ayumi.blend_launcher | [B5 Health] ticks=18766 tps=1.70 bars=1 signals=1 trades=1 balance=10340.97 uptime=10141s
2026-05-13 16:01:42 | ERROR    | ayumi.pid_guard | Another forward test process is running (PID 26302). Refusing to start. Kill it first or remove /home/TacoPants/projects/Ayumi/data/forward_test.pid.
2026-05-13 16:02:15 | ERROR    | ayumi.pid_guard | Another forward test process is running (PID 26302). Refusing to start. Kill it first or remove /home/TacoPants/projects/Ayumi/data/forward_test.pid.
2026-05-13 16:02:24 | INFO     | ayumi.forward_test | [B5 Periodic] ticks=18863 bars_built=1 signals=1 traded=1 eval_errors=0
2026-05-13 16:02:26 | INFO     | ayumi.blend_launcher | [B5 Health] ticks=18864 tps=1.51 bars=1 signals=1 trades=1 balance=10986.97 uptime=10201s
2026-05-13 16:02:47 | ERROR    | ayumi.pid_guard | Another forward test process is running (PID 26302). Refusing to start. Kill it first or remove /home/TacoPants/projects/Ayumi/data/forward_test.pid.
2026-05-13 16:03:20 | ERROR    | ayumi.pid_guard | Another forward test process is running (PID 26302). Refusing to start. Kill it first or remove /home/TacoPants/projects/Ayumi/data/forward_test.pid.
2026-05-13 16:03:24 | INFO     | ayumi.forward_test | [B5 Periodic] ticks=18964 bars_built=1 signals=1 traded=1 eval_errors=0
2026-05-13 16:03:26 | INFO     | ayumi.blend_launcher | [B5 Health] ticks=18969 tps=2.71 bars=1 signals=1 trades=1 balance=11024.97 uptime=10261s
2026-05-13 16:03:52 | ERROR    | ayumi.pid_guard | Another forward test process is running (PID 26302). Refusing to start. Kill it first or remove /home/TacoPants/projects/Ayumi/data/forward_test.pid.
2026-05-13 16:04:25 | INFO     | ayumi.forward_test | [B5 Periodic] ticks=19064 bars_built=1 signals=1 traded=1 eval_errors=0
2026-05-13 16:04:25 | ERROR    | ayumi.pid_guard | Another forward test process is running (PID 26302). Refusing to start. Kill it first or remove /home/TacoPants/projects/Ayumi/data/forward_test.pid.
2026-05-13 16:04:26 | INFO     | ayumi.blend_launcher | [B5 Health] ticks=19065 tps=1.06 bars=1 signals=1 trades=1 balance=10948.97 uptime=10321s
2026-05-13 16:04:57 | ERROR    | ayumi.pid_guard | Another forward test process is running (PID 26302). Refusing to start. Kill it first or remove /home/TacoPants/projects/Ayumi/data/forward_test.pid.
2026-05-13 16:05:25 | INFO     | ayumi.forward_test | [B5 Periodic] ticks=19166 bars_built=1 signals=1 traded=1 eval_errors=0
2026-05-13 16:05:26 | INFO     | ayumi.blend_launcher | [B5 Health] ticks=19167 tps=2.03 bars=1 signals=1 trades=1 balance=10000.00 uptime=10381s
2026-05-13 16:05:30 | ERROR    | ayumi.pid_guard | Another forward test process is running (PID 26302). Refusing to start. Kill it first or remove /home/TacoPants/projects/Ayumi/data/forward_test.pid.
2026-05-13 16:06:02 | ERROR    | ayumi.pid_guard | Another forward test process is running (PID 26302). Refusing to start. Kill it first or remove /home/TacoPants/projects/Ayumi/data/forward_test.pid.
2026-05-13 16:06:25 | INFO     | ayumi.forward_test | [B5 Periodic] ticks=19262 bars_built=1 signals=1 traded=1 eval_errors=0
2026-05-13 16:06:26 | INFO     | ayumi.blend_launcher | [B5 Health] ticks=19266 tps=1.81 bars=1 signals=1 trades=1 balance=10000.00 uptime=10441s
2026-05-13 16:06:35 | ERROR    | ayumi.pid_guard | Another forward test process is running (PID 26302). Refusing to start. Kill it first or remove /home/TacoPants/projects/Ayumi/data/forward_test.pid.
2026-05-13 16:07:08 | ERROR    | ayumi.pid_guard | Another forward test process is running (PID 26302). Refusing to start. Kill it first or remove /home/TacoPants/projects/Ayumi/data/forward_test.pid.
2026-05-13 16:07:25 | INFO     | ayumi.forward_test | [B5 Periodic] ticks=19380 bars_built=1 signals=1 traded=1 eval_errors=0
2026-05-13 16:07:26 | INFO     | ayumi.blend_launcher | [B5 Health] ticks=19381 tps=1.33 bars=1 signals=1 trades=1 balance=10000.00 uptime=10502s
2026-05-13 16:07:40 | ERROR    | ayumi.pid_guard | Another forward test process is running (PID 26302). Refusing to start. Kill it first or remove /home/TacoPants/projects/Ayumi/data/forward_test.pid.
2026-05-13 16:08:13 | ERROR    | ayumi.pid_guard | Another forward test process is running (PID 26302). Refusing to start. Kill it first or remove /home/TacoPants/projects/Ayumi/data/forward_test.pid.
2026-05-13 16:08:25 | INFO     | ayumi.forward_test | [B5 Periodic] ticks=19460 bars_built=1 signals=1 traded=1 eval_errors=0
2026-05-13 16:08:26 | INFO     | ayumi.blend_launcher | [B5 Health] ticks=19461 tps=2.86 bars=1 signals=1 trades=1 balance=10000.00 uptime=10562s
2026-05-13 16:08:45 | ERROR    | ayumi.pid_guard | Another forward test process is running (PID 26302). Refusing to start. Kill it first or remove /home/TacoPants/projects/Ayumi/data/forward_test.pid.
2026-05-13 16:09:17 | ERROR    | ayumi.pid_guard | Another forward test process is running (PID 26302). Refusing to start. Kill it first or remove /home/TacoPants/projects/Ayumi/data/forward_test.pid.
2026-05-13 16:09:25 | INFO     | ayumi.forward_test | [B5 Periodic] ticks=19560 bars_built=1 signals=1 traded=1 eval_errors=0
2026-05-13 16:09:26 | INFO     | ayumi.blend_launcher | [B5 Health] ticks=19563 tps=1.83 bars=1 signals=1 trades=1 balance=10000.00 uptime=10622s
2026-05-13 16:09:50 | ERROR    | ayumi.pid_guard | Another forward test process is running (PID 26302). Refusing to start. Kill it first or remove /home/TacoPants/projects/Ayumi/data/forward_test.pid.
2026-05-13 16:10:22 | ERROR    | ayumi.pid_guard | Another forward test process is running (PID 26302). Refusing to start. Kill it first or remove /home/TacoPants/projects/Ayumi/data/forward_test.pid.
2026-05-13 16:10:25 | INFO     | ayumi.forward_test | [B5 Periodic] ticks=19639 bars_built=1 signals=1 traded=1 eval_errors=0
2026-05-13 16:10:26 | INFO     | ayumi.blend_launcher | [B5 Health] ticks=19641 tps=2.11 bars=1 signals=1 trades=1 balance=10000.00 uptime=10682s
2026-05-13 16:10:55 | ERROR    | ayumi.pid_guard | Another forward test process is running (PID 26302). Refusing to start. Kill it first or remove /home/TacoPants/projects/Ayumi/data/forward_test.pid.
2026-05-13 16:11:25 | INFO     | ayumi.forward_test | [B5 Periodic] ticks=19723 bars_built=1 signals=1 traded=1 eval_errors=0
2026-05-13 16:11:26 | INFO     | ayumi.blend_launcher | [B5 Health] ticks=19725 tps=2.00 bars=1 signals=1 trades=1 balance=10000.00 uptime=10742s
2026-05-13 16:11:27 | ERROR    | ayumi.pid_guard | Another forward test process is running (PID 26302). Refusing to start. Kill it first or remove /home/TacoPants/projects/Ayumi/data/forward_test.pid.
2026-05-13 16:11:59 | ERROR    | ayumi.pid_guard | Another forward test process is running (PID 26302). Refusing to start. Kill it first or remove /home/TacoPants/projects/Ayumi/data/forward_test.pid.
2026-05-13 16:12:25 | INFO     | ayumi.forward_test | [B5 Periodic] ticks=19813 bars_built=1 signals=1 traded=1 eval_errors=0
2026-05-13 16:12:26 | INFO     | ayumi.blend_launcher | [B5 Health] ticks=19817 tps=1.65 bars=1 signals=1 trades=1 balance=10000.00 uptime=10802s
2026-05-13 16:12:31 | ERROR    | ayumi.pid_guard | Another forward test process is running (PID 26302). Refusing to start. Kill it first or remove /home/TacoPants/projects/Ayumi/data/forward_test.pid.
2026-05-13 16:13:04 | ERROR    | ayumi.pid_guard | Another forward test process is running (PID 26302). Refusing to start. Kill it first or remove /home/TacoPants/projects/Ayumi/data/forward_test.pid.
2026-05-13 16:13:25 | INFO     | ayumi.forward_test | [B5 Periodic] ticks=19915 bars_built=1 signals=1 traded=1 eval_errors=0
2026-05-13 16:13:26 | INFO     | ayumi.blend_launcher | [B5 Health] ticks=19915 tps=2.50 bars=1 signals=1 trades=1 balance=10378.97 uptime=10862s
2026-05-13 16:13:36 | ERROR    | ayumi.pid_guard | Another forward test process is running (PID 26302). Refusing to start. Kill it first or remove /home/TacoPants/projects/Ayumi/data/forward_test.pid.
2026-05-13 16:14:08 | ERROR    | ayumi.pid_guard | Another forward test process is running (PID 26302). Refusing to start. Kill it first or remove /home/TacoPants/projects/Ayumi/data/forward_test.pid.
2026-05-13 16:14:25 | INFO     | ayumi.forward_test | [B5 Periodic] ticks=19961 bars_built=1 signals=1 traded=1 eval_errors=0
2026-05-13 16:14:26 | INFO     | ayumi.blend_launcher | [B5 Health] ticks=19964 tps=2.10 bars=1 signals=1 trades=1 balance=9846.97 uptime=10922s
2026-05-13 16:14:40 | ERROR    | ayumi.pid_guard | Another forward test process is running (PID 26302). Refusing to start. Kill it first or remove /home/TacoPants/projects/Ayumi/data/forward_test.pid.
2026-05-13 16:15:13 | ERROR    | ayumi.pid_guard | Another forward test process is running (PID 26302). Refusing to start. Kill it first or remove /home/TacoPants/projects/Ayumi/data/forward_test.pid.
2026-05-13 16:15:25 | INFO     | ayumi.forward_test | [B5 Periodic] ticks=20058 bars_built=1 signals=1 traded=1 eval_errors=0
2026-05-13 16:15:26 | INFO     | ayumi.blend_launcher | [B5 Health] ticks=20059 tps=1.00 bars=1 signals=1 trades=1 balance=10000.00 uptime=10982s
2026-05-13 16:15:45 | ERROR    | ayumi.pid_guard | Another forward test process is running (PID 26302). Refusing to start. Kill it first or remove /home/TacoPants/projects/Ayumi/data/forward_test.pid.
2026-05-13 16:16:17 | ERROR    | ayumi.pid_guard | Another forward test process is running (PID 26302). Refusing to start. Kill it first or remove /home/TacoPants/projects/Ayumi/data/forward_test.pid.
2026-05-13 16:16:25 | INFO     | ayumi.forward_test | [B5 Periodic] ticks=20156 bars_built=1 signals=1 traded=1 eval_errors=0
2026-05-13 16:16:26 | INFO     | ayumi.blend_launcher | [B5 Health] ticks=20159 tps=1.36 bars=1 signals=1 trades=1 balance=10000.00 uptime=11042s
2026-05-13 16:16:50 | ERROR    | ayumi.pid_guard | Another forward test process is running (PID 26302). Refusing to start. Kill it first or remove /home/TacoPants/projects/Ayumi/data/forward_test.pid.
2026-05-13 16:17:22 | ERROR    | ayumi.pid_guard | Another forward test process is running (PID 26302). Refusing to start. Kill it first or remove /home/TacoPants/projects/Ayumi/data/forward_test.pid.
2026-05-13 16:17:25 | INFO     | ayumi.forward_test | [B5 Periodic] ticks=20249 bars_built=1 signals=1 traded=1 eval_errors=0
2026-05-13 16:17:26 | INFO     | ayumi.blend_launcher | [B5 Health] ticks=20252 tps=1.60 bars=1 signals=1 trades=1 balance=9846.97 uptime=11102s
2026-05-13 16:17:55 | ERROR    | ayumi.pid_guard | Another forward test process is running (PID 26302). Refusing to start. Kill it first or remove /home/TacoPants/projects/Ayumi/data/forward_test.pid.
2026-05-13 16:18:25 | INFO     | ayumi.forward_test | [B5 Periodic] ticks=20351 bars_built=1 signals=1 traded=1 eval_errors=0
2026-05-13 16:18:26 | INFO     | ayumi.blend_launcher | [B5 Health] ticks=20352 tps=1.31 bars=1 signals=1 trades=1 balance=10000.00 uptime=11162s
2026-05-13 16:18:27 | ERROR    | ayumi.pid_guard | Another forward test process is running (PID 26302). Refusing to start. Kill it first or remove /home/TacoPants/projects/Ayumi/data/forward_test.pid.
2026-05-13 16:19:00 | ERROR    | ayumi.pid_guard | Another forward test process is running (PID 26302). Refusing to start. Kill it first or remove /home/TacoPants/projects/Ayumi/data/forward_test.pid.
2026-05-13 16:19:25 | INFO     | ayumi.forward_test | [B5 Periodic] ticks=20429 bars_built=1 signals=1 traded=1 eval_errors=0
2026-05-13 16:19:26 | INFO     | ayumi.blend_launcher | [B5 Health] ticks=20431 tps=1.65 bars=1 signals=1 trades=1 balance=10000.00 uptime=11222s
2026-05-13 16:19:32 | ERROR    | ayumi.pid_guard | Another forward test process is running (PID 26302). Refusing to start. Kill it first or remove /home/TacoPants/projects/Ayumi/data/forward_test.pid.
2026-05-13 16:20:05 | ERROR    | ayumi.pid_guard | Another forward test process is running (PID 26302). Refusing to start. Kill it first or remove /home/TacoPants/projects/Ayumi/data/forward_test.pid.
2026-05-13 16:20:25 | INFO     | ayumi.forward_test | [B5 Periodic] ticks=20525 bars_built=1 signals=1 traded=1 eval_errors=0
2026-05-13 16:20:26 | INFO     | ayumi.blend_launcher | [B5 Health] ticks=20525 tps=1.73 bars=1 signals=1 trades=1 balance=10000.00 uptime=11282s
2026-05-13 16:20:37 | ERROR    | ayumi.pid_guard | Another forward test process is running (PID 26302). Refusing to start. Kill it first or remove /home/TacoPants/projects/Ayumi/data/forward_test.pid.
2026-05-13 16:21:09 | ERROR    | ayumi.pid_guard | Another forward test process is running (PID 26302). Refusing to start. Kill it first or remove /home/TacoPants/projects/Ayumi/data/forward_test.pid.
2026-05-13 16:21:25 | INFO     | ayumi.forward_test | [B5 Periodic] ticks=20632 bars_built=1 signals=1 traded=1 eval_errors=0
2026-05-13 16:21:26 | INFO     | ayumi.blend_launcher | [B5 Health] ticks=20636 tps=1.43 bars=1 signals=1 trades=1 balance=10834.97 uptime=11342s
2026-05-13 16:21:42 | ERROR    | ayumi.pid_guard | Another forward test process is running (PID 26302). Refusing to start. Kill it first or remove /home/TacoPants/projects/Ayumi/data/forward_test.pid.
2026-05-13 16:22:14 | ERROR    | ayumi.pid_guard | Another forward test process is running (PID 26302). Refusing to start. Kill it first or remove /home/TacoPants/projects/Ayumi/data/forward_test.pid.
2026-05-13 16:22:25 | INFO     | ayumi.forward_test | [B5 Periodic] ticks=20732 bars_built=1 signals=1 traded=1 eval_errors=0
2026-05-13 16:22:26 | INFO     | ayumi.blend_launcher | [B5 Health] ticks=20735 tps=1.40 bars=1 signals=1 trades=1 balance=10492.97 uptime=11402s
2026-05-13 16:22:46 | ERROR    | ayumi.pid_guard | Another forward test process is running (PID 26302). Refusing to start. Kill it first or remove /home/TacoPants/projects/Ayumi/data/forward_test.pid.
2026-05-13 16:23:18 | ERROR    | ayumi.pid_guard | Another forward test process is running (PID 26302). Refusing to start. Kill it first or remove /home/TacoPants/projects/Ayumi/data/forward_test.pid.
2026-05-13 16:23:25 | INFO     | ayumi.forward_test | [B5 Periodic] ticks=20834 bars_built=1 signals=1 traded=1 eval_errors=0
2026-05-13 16:23:26 | INFO     | ayumi.blend_launcher | [B5 Health] ticks=20835 tps=2.90 bars=1 signals=1 trades=1 balance=10000.00 uptime=11462s
2026-05-13 16:23:51 | ERROR    | ayumi.pid_guard | Another forward test process is running (PID 26302). Refusing to start. Kill it first or remove /home/TacoPants/projects/Ayumi/data/forward_test.pid.
2026-05-13 16:24:23 | ERROR    | ayumi.pid_guard | Another forward test process is running (PID 26302). Refusing to start. Kill it first or remove /home/TacoPants/projects/Ayumi/data/forward_test.pid.
2026-05-13 16:24:25 | INFO     | ayumi.forward_test | [B5 Periodic] ticks=20944 bars_built=1 signals=1 traded=1 eval_errors=0
2026-05-13 16:24:26 | INFO     | ayumi.blend_launcher | [B5 Health] ticks=20948 tps=3.93 bars=1 signals=1 trades=1 balance=10000.00 uptime=11522s
2026-05-13 16:24:55 | ERROR    | ayumi.pid_guard | Another forward test process is running (PID 26302). Refusing to start. Kill it first or remove /home/TacoPants/projects/Ayumi/data/forward_test.pid.
2026-05-13 16:25:25 | INFO     | ayumi.forward_test | [B5 Periodic] ticks=21146 bars_built=1 signals=1 traded=1 eval_errors=0
2026-05-13 16:25:26 | INFO     | ayumi.blend_launcher | [B5 Health] ticks=21147 tps=1.95 bars=1 signals=1 trades=1 balance=10000.00 uptime=11582s
2026-05-13 16:25:28 | ERROR    | ayumi.pid_guard | Another forward test process is running (PID 26302). Refusing to start. Kill it first or remove /home/TacoPants/projects/Ayumi/data/forward_test.pid.
2026-05-13 16:26:00 | ERROR    | ayumi.pid_guard | Another forward test process is running (PID 26302). Refusing to start. Kill it first or remove /home/TacoPants/projects/Ayumi/data/forward_test.pid.
2026-05-13 16:26:25 | INFO     | ayumi.forward_test | [B5 Periodic] ticks=21287 bars_built=1 signals=1 traded=1 eval_errors=0
2026-05-13 16:26:26 | INFO     | ayumi.blend_launcher | [B5 Health] ticks=21290 tps=1.70 bars=1 signals=1 trades=1 balance=10000.00 uptime=11642s
2026-05-13 16:26:32 | ERROR    | ayumi.pid_guard | Another forward test process is running (PID 26302). Refusing to start. Kill it first or remove /home/TacoPants/projects/Ayumi/data/forward_test.pid.
2026-05-13 16:27:05 | ERROR    | ayumi.pid_guard | Another forward test process is running (PID 26302). Refusing to start. Kill it first or remove /home/TacoPants/projects/Ayumi/data/forward_test.pid.
2026-05-13 16:27:25 | INFO     | ayumi.forward_test | [B5 Periodic] ticks=21409 bars_built=1 signals=1 traded=1 eval_errors=0
2026-05-13 16:27:26 | INFO     | ayumi.blend_launcher | [B5 Health] ticks=21414 tps=2.01 bars=1 signals=1 trades=1 balance=10000.00 uptime=11702s
2026-05-13 16:27:37 | ERROR    | ayumi.pid_guard | Another forward test process is running (PID 26302). Refusing to start. Kill it first or remove /home/TacoPants/projects/Ayumi/data/forward_test.pid.
2026-05-13 16:28:10 | ERROR    | ayumi.pid_guard | Another forward test process is running (PID 26302). Refusing to start. Kill it first or remove /home/TacoPants/projects/Ayumi/data/forward_test.pid.
2026-05-13 16:28:25 | INFO     | ayumi.forward_test | [B5 Periodic] ticks=21520 bars_built=1 signals=1 traded=1 eval_errors=0
2026-05-13 16:28:26 | INFO     | ayumi.blend_launcher | [B5 Health] ticks=21523 tps=1.44 bars=1 signals=1 trades=1 balance=13342.97 uptime=11762s
2026-05-13 16:28:42 | ERROR    | ayumi.pid_guard | Another forward test process is running (PID 26302). Refusing to start. Kill it first or remove /home/TacoPants/projects/Ayumi/data/forward_test.pid.
2026-05-13 16:29:14 | ERROR    | ayumi.pid_guard | Another forward test process is running (PID 26302). Refusing to start. Kill it first or remove /home/TacoPants/projects/Ayumi/data/forward_test.pid.
2026-05-13 16:29:25 | INFO     | ayumi.forward_test | [B5 Periodic] ticks=21649 bars_built=1 signals=1 traded=1 eval_errors=0
2026-05-13 16:29:26 | INFO     | ayumi.blend_launcher | [B5 Health] ticks=21652 tps=2.76 bars=1 signals=1 trades=1 balance=13304.97 uptime=11822s
2026-05-13 16:29:47 | ERROR    | ayumi.pid_guard | Another forward test process is running (PID 26302). Refusing to start. Kill it first or remove /home/TacoPants/projects/Ayumi/data/forward_test.pid.
2026-05-13 16:30:19 | ERROR    | ayumi.pid_guard | Another forward test process is running (PID 26302). Refusing to start. Kill it first or remove /home/TacoPants/projects/Ayumi/data/forward_test.pid.
2026-05-13 16:30:25 | INFO     | ayumi.forward_test | [B5 Periodic] ticks=21787 bars_built=1 signals=1 traded=1 eval_errors=0
2026-05-13 16:30:26 | INFO     | ayumi.blend_launcher | [B5 Health] ticks=21791 tps=2.12 bars=1 signals=1 trades=1 balance=10000.00 uptime=11882s
2026-05-13 16:30:52 | ERROR    | ayumi.pid_guard | Another forward test process is running (PID 26302). Refusing to start. Kill it first or remove /home/TacoPants/projects/Ayumi/data/forward_test.pid.
2026-05-13 16:31:24 | ERROR    | ayumi.pid_guard | Another forward test process is running (PID 26302). Refusing to start. Kill it first or remove /home/TacoPants/projects/Ayumi/data/forward_test.pid.
2026-05-13 16:31:25 | INFO     | ayumi.forward_test | [B5 Periodic] ticks=21938 bars_built=1 signals=1 traded=1 eval_errors=0
2026-05-13 16:31:26 | INFO     | ayumi.blend_launcher | [B5 Health] ticks=21940 tps=4.04 bars=1 signals=1 trades=1 balance=10000.00 uptime=11942s
2026-05-13 16:31:56 | ERROR    | ayumi.pid_guard | Another forward test process is running (PID 26302). Refusing to start. Kill it first or remove /home/TacoPants/projects/Ayumi/data/forward_test.pid.
2026-05-13 16:32:25 | INFO     | ayumi.forward_test | [B5 Periodic] ticks=22095 bars_built=1 signals=1 traded=1 eval_errors=0
2026-05-13 16:32:26 | INFO     | ayumi.blend_launcher | [B5 Health] ticks=22100 tps=1.84 bars=1 signals=1 trades=1 balance=12810.97 uptime=12002s
2026-05-13 16:32:28 | ERROR    | ayumi.pid_guard | Another forward test process is running (PID 26302). Refusing to start. Kill it first or remove /home/TacoPants/projects/Ayumi/data/forward_test.pid.
2026-05-13 16:33:01 | ERROR    | ayumi.pid_guard | Another forward test process is running (PID 26302). Refusing to start. Kill it first or remove /home/TacoPants/projects/Ayumi/data/forward_test.pid.
2026-05-13 16:33:25 | INFO     | ayumi.forward_test | [B5 Periodic] ticks=22216 bars_built=1 signals=1 traded=1 eval_errors=0
2026-05-13 16:33:26 | INFO     | ayumi.blend_launcher | [B5 Health] ticks=22218 tps=2.17 bars=1 signals=1 trades=1 balance=10000.00 uptime=12062s
2026-05-13 16:33:33 | ERROR    | ayumi.pid_guard | Another forward test process is running (PID 26302). Refusing to start. Kill it first or remove /home/TacoPants/projects/Ayumi/data/forward_test.pid.
2026-05-13 16:34:06 | ERROR    | ayumi.pid_guard | Another forward test process is running (PID 26302). Refusing to start. Kill it first or remove /home/TacoPants/projects/Ayumi/data/forward_test.pid.
2026-05-13 16:34:25 | INFO     | ayumi.forward_test | [B5 Periodic] ticks=22315 bars_built=1 signals=1 traded=1 eval_errors=0
2026-05-13 16:34:26 | INFO     | ayumi.blend_launcher | [B5 Health] ticks=22319 tps=2.33 bars=1 signals=1 trades=1 balance=10000.00 uptime=12122s
2026-05-13 16:34:39 | ERROR    | ayumi.pid_guard | Another forward test process is running (PID 26302). Refusing to start. Kill it first or remove /home/TacoPants/projects/Ayumi/data/forward_test.pid.
2026-05-13 16:35:11 | ERROR    | ayumi.pid_guard | Another forward test process is running (PID 26302). Refusing to start. Kill it first or remove /home/TacoPants/projects/Ayumi/data/forward_test.pid.
2026-05-13 16:35:25 | INFO     | ayumi.forward_test | [B5 Periodic] ticks=22426 bars_built=1 signals=1 traded=1 eval_errors=0
2026-05-13 16:35:26 | INFO     | ayumi.blend_launcher | [B5 Health] ticks=22428 tps=1.53 bars=1 signals=1 trades=1 balance=10000.00 uptime=12182s
2026-05-13 16:35:44 | ERROR    | ayumi.pid_guard | Another forward test process is running (PID 26302). Refusing to start. Kill it first or remove /home/TacoPants/projects/Ayumi/data/forward_test.pid.
2026-05-13 16:36:16 | ERROR    | ayumi.pid_guard | Another forward test process is running (PID 26302). Refusing to start. Kill it first or remove /home/TacoPants/projects/Ayumi/data/forward_test.pid.
2026-05-13 16:36:25 | INFO     | ayumi.forward_test | [B5 Periodic] ticks=22521 bars_built=1 signals=1 traded=1 eval_errors=0
2026-05-13 16:36:26 | INFO     | ayumi.blend_launcher | [B5 Health] ticks=22524 tps=1.87 bars=1 signals=1 trades=1 balance=10000.00 uptime=12242s
2026-05-13 16:36:49 | ERROR    | ayumi.pid_guard | Another forward test process is running (PID 26302). Refusing to start. Kill it first or remove /home/TacoPants/projects/Ayumi/data/forward_test.pid.
2026-05-13 16:37:21 | ERROR    | ayumi.pid_guard | Another forward test process is running (PID 26302). Refusing to start. Kill it first or remove /home/TacoPants/projects/Ayumi/data/forward_test.pid.
2026-05-13 16:37:25 | INFO     | ayumi.forward_test | [B5 Periodic] ticks=22609 bars_built=1 signals=1 traded=1 eval_errors=0
2026-05-13 16:37:26 | INFO     | ayumi.blend_launcher | [B5 Health] ticks=22613 tps=0.80 bars=1 signals=1 trades=1 balance=10000.00 uptime=12302s
2026-05-13 16:37:54 | ERROR    | ayumi.pid_guard | Another forward test process is running (PID 26302). Refusing to start. Kill it first or remove /home/TacoPants/projects/Ayumi/data/forward_test.pid.
2026-05-13 16:38:25 | INFO     | ayumi.forward_test | [B5 Periodic] ticks=22697 bars_built=1 signals=1 traded=1 eval_errors=0
2026-05-13 16:38:26 | INFO     | ayumi.blend_launcher | [B5 Health] ticks=22699 tps=2.02 bars=1 signals=1 trades=1 balance=10000.00 uptime=12362s
2026-05-13 16:38:26 | ERROR    | ayumi.pid_guard | Another forward test process is running (PID 26302). Refusing to start. Kill it first or remove /home/TacoPants/projects/Ayumi/data/forward_test.pid.
2026-05-13 16:38:59 | ERROR    | ayumi.pid_guard | Another forward test process is running (PID 26302). Refusing to start. Kill it first or remove /home/TacoPants/projects/Ayumi/data/forward_test.pid.
2026-05-13 16:39:25 | INFO     | ayumi.forward_test | [B5 Periodic] ticks=22821 bars_built=1 signals=1 traded=1 eval_errors=0
2026-05-13 16:39:26 | INFO     | ayumi.blend_launcher | [B5 Health] ticks=22823 tps=1.90 bars=1 signals=1 trades=1 balance=10000.00 uptime=12422s
2026-05-13 16:39:31 | ERROR    | ayumi.pid_guard | Another forward test process is running (PID 26302). Refusing to start. Kill it first or remove /home/TacoPants/projects/Ayumi/data/forward_test.pid.
2026-05-13 16:40:04 | ERROR    | ayumi.pid_guard | Another forward test process is running (PID 26302). Refusing to start. Kill it first or remove /home/TacoPants/projects/Ayumi/data/forward_test.pid.
2026-05-13 16:40:25 | INFO     | ayumi.forward_test | [B5 Periodic] ticks=22892 bars_built=1 signals=1 traded=1 eval_errors=0
2026-05-13 16:40:26 | INFO     | ayumi.blend_launcher | [B5 Health] ticks=22895 tps=1.45 bars=1 signals=1 trades=1 balance=11328.97 uptime=12482s
2026-05-13 16:40:37 | ERROR    | ayumi.pid_guard | Another forward test process is running (PID 26302). Refusing to start. Kill it first or remove /home/TacoPants/projects/Ayumi/data/forward_test.pid.
2026-05-13 16:41:09 | ERROR    | ayumi.pid_guard | Another forward test process is running (PID 26302). Refusing to start. Kill it first or remove /home/TacoPants/projects/Ayumi/data/forward_test.pid.
2026-05-13 16:41:25 | INFO     | ayumi.forward_test | [B5 Periodic] ticks=23004 bars_built=1 signals=1 traded=1 eval_errors=0
2026-05-13 16:41:26 | INFO     | ayumi.blend_launcher | [B5 Health] ticks=23005 tps=1.16 bars=1 signals=1 trades=1 balance=10948.97 uptime=12542s
2026-05-13 16:41:42 | ERROR    | ayumi.pid_guard | Another forward test process is running (PID 26302). Refusing to start. Kill it first or remove /home/TacoPants/projects/Ayumi/data/forward_test.pid.
2026-05-13 16:42:14 | ERROR    | ayumi.pid_guard | Another forward test process is running (PID 26302). Refusing to start. Kill it first or remove /home/TacoPants/projects/Ayumi/data/forward_test.pid.
2026-05-13 16:42:25 | INFO     | ayumi.forward_test | [B5 Periodic] ticks=23063 bars_built=1 signals=1 traded=1 eval_errors=0
2026-05-13 16:42:26 | INFO     | ayumi.blend_launcher | [B5 Health] ticks=23063 tps=0.91 bars=1 signals=1 trades=1 balance=10948.97 uptime=12602s
2026-05-13 16:42:47 | ERROR    | ayumi.pid_guard | Another forward test process is running (PID 26302). Refusing to start. Kill it first or remove /home/TacoPants/projects/Ayumi/data/forward_test.pid.
2026-05-13 16:43:19 | ERROR    | ayumi.pid_guard | Another forward test process is running (PID 26302). Refusing to start. Kill it first or remove /home/TacoPants/projects/Ayumi/data/forward_test.pid.
2026-05-13 16:43:25 | INFO     | ayumi.forward_test | [B5 Periodic] ticks=23130 bars_built=1 signals=1 traded=1 eval_errors=0
2026-05-13 16:43:26 | INFO     | ayumi.blend_launcher | [B5 Health] ticks=23131 tps=1.13 bars=1 signals=1 trades=1 balance=10000.00 uptime=12662s
2026-05-13 16:43:51 | ERROR    | ayumi.pid_guard | Another forward test process is running (PID 26302). Refusing to start. Kill it first or remove /home/TacoPants/projects/Ayumi/data/forward_test.pid.
2026-05-13 16:44:24 | ERROR    | ayumi.pid_guard | Another forward test process is running (PID 26302). Refusing to start. Kill it first or remove /home/TacoPants/projects/Ayumi/data/forward_test.pid.
2026-05-13 16:44:25 | INFO     | ayumi.forward_test | [B5 Periodic] ticks=23198 bars_built=1 signals=1 traded=1 eval_errors=0
2026-05-13 16:44:26 | INFO     | ayumi.blend_launcher | [B5 Health] ticks=23199 tps=1.36 bars=1 signals=1 trades=1 balance=10000.00 uptime=12722s
2026-05-13 16:44:56 | ERROR    | ayumi.pid_guard | Another forward test process is running (PID 26302). Refusing to start. Kill it first or remove /home/TacoPants/projects/Ayumi/data/forward_test.pid.
2026-05-13 16:45:25 | INFO     | ayumi.forward_test | [B5 Periodic] ticks=23280 bars_built=1 signals=1 traded=1 eval_errors=0
2026-05-13 16:45:26 | INFO     | ayumi.blend_launcher | [B5 Health] ticks=23281 tps=1.11 bars=1 signals=1 trades=1 balance=10000.00 uptime=12782s
2026-05-13 16:45:28 | ERROR    | ayumi.pid_guard | Another forward test process is running (PID 26302). Refusing to start. Kill it first or remove /home/TacoPants/projects/Ayumi/data/forward_test.pid.
2026-05-13 16:46:01 | ERROR    | ayumi.pid_guard | Another forward test process is running (PID 26302). Refusing to start. Kill it first or remove /home/TacoPants/projects/Ayumi/data/forward_test.pid.
2026-05-13 16:46:25 | INFO     | ayumi.forward_test | [B5 Periodic] ticks=23369 bars_built=1 signals=1 traded=1 eval_errors=0
2026-05-13 16:46:26 | INFO     | ayumi.blend_launcher | [B5 Health] ticks=23369 tps=1.64 bars=1 signals=1 trades=1 balance=10000.00 uptime=12842s
2026-05-13 16:46:33 | ERROR    | ayumi.pid_guard | Another forward test process is running (PID 26302). Refusing to start. Kill it first or remove /home/TacoPants/projects/Ayumi/data/forward_test.pid.
2026-05-13 16:47:05 | ERROR    | ayumi.pid_guard | Another forward test process is running (PID 26302). Refusing to start. Kill it first or remove /home/TacoPants/projects/Ayumi/data/forward_test.pid.
2026-05-13 16:47:25 | INFO     | ayumi.forward_test | [B5 Periodic] ticks=23454 bars_built=1 signals=1 traded=1 eval_errors=0
2026-05-13 16:47:26 | INFO     | ayumi.blend_launcher | [B5 Health] ticks=23455 tps=1.76 bars=1 signals=1 trades=1 balance=10000.00 uptime=12902s
2026-05-13 16:47:37 | ERROR    | ayumi.pid_guard | Another forward test process is running (PID 26302). Refusing to start. Kill it first or remove /home/TacoPants/projects/Ayumi/data/forward_test.pid.
2026-05-13 16:48:10 | ERROR    | ayumi.pid_guard | Another forward test process is running (PID 26302). Refusing to start. Kill it first or remove /home/TacoPants/projects/Ayumi/data/forward_test.pid.
2026-05-13 16:48:25 | INFO     | ayumi.forward_test | [B5 Periodic] ticks=23547 bars_built=1 signals=1 traded=1 eval_errors=0
2026-05-13 16:48:26 | INFO     | ayumi.blend_launcher | [B5 Health] ticks=23551 tps=1.68 bars=1 signals=1 trades=1 balance=11252.97 uptime=12962s
2026-05-13 16:48:42 | ERROR    | ayumi.pid_guard | Another forward test process is running (PID 26302). Refusing to start. Kill it first or remove /home/TacoPants/projects/Ayumi/data/forward_test.pid.
2026-05-13 16:49:15 | ERROR    | ayumi.pid_guard | Another forward test process is running (PID 26302). Refusing to start. Kill it first or remove /home/TacoPants/projects/Ayumi/data/forward_test.pid.
2026-05-13 16:49:25 | INFO     | ayumi.forward_test | [B5 Periodic] ticks=23651 bars_built=1 signals=1 traded=1 eval_errors=0
2026-05-13 16:49:26 | INFO     | ayumi.blend_launcher | [B5 Health] ticks=23659 tps=2.46 bars=1 signals=1 trades=1 balance=10682.97 uptime=13022s
2026-05-13 16:49:47 | ERROR    | ayumi.pid_guard | Another forward test process is running (PID 26302). Refusing to start. Kill it first or remove /home/TacoPants/projects/Ayumi/data/forward_test.pid.
2026-05-13 16:50:19 | ERROR    | ayumi.pid_guard | Another forward test process is running (PID 26302). Refusing to start. Kill it first or remove /home/TacoPants/projects/Ayumi/data/forward_test.pid.
2026-05-13 16:50:25 | INFO     | ayumi.forward_test | [B5 Periodic] ticks=23726 bars_built=1 signals=1 traded=1 eval_errors=0
2026-05-13 16:50:26 | INFO     | ayumi.blend_launcher | [B5 Health] ticks=23729 tps=1.67 bars=1 signals=1 trades=1 balance=10416.97 uptime=13082s
2026-05-13 16:50:52 | ERROR    | ayumi.pid_guard | Another forward test process is running (PID 26302). Refusing to start. Kill it first or remove /home/TacoPants/projects/Ayumi/data/forward_test.pid.
2026-05-13 16:51:24 | ERROR    | ayumi.pid_guard | Another forward test process is running (PID 26302). Refusing to start. Kill it first or remove /home/TacoPants/projects/Ayumi/data/forward_test.pid.
2026-05-13 16:51:25 | INFO     | ayumi.forward_test | [B5 Periodic] ticks=23808 bars_built=1 signals=1 traded=1 eval_errors=0
2026-05-13 16:51:26 | INFO     | ayumi.blend_launcher | [B5 Health] ticks=23811 tps=1.31 bars=1 signals=1 trades=1 balance=10112.97 uptime=13142s
2026-05-13 16:51:56 | ERROR    | ayumi.pid_guard | Another forward test process is running (PID 26302). Refusing to start. Kill it first or remove /home/TacoPants/projects/Ayumi/data/forward_test.pid.
2026-05-13 16:52:25 | INFO     | ayumi.forward_test | [B5 Periodic] ticks=23886 bars_built=1 signals=1 traded=1 eval_errors=0
2026-05-13 16:52:26 | INFO     | ayumi.blend_launcher | [B5 Health] ticks=23887 tps=0.81 bars=1 signals=1 trades=1 balance=10000.00 uptime=13202s
2026-05-13 16:52:29 | ERROR    | ayumi.pid_guard | Another forward test process is running (PID 26302). Refusing to start. Kill it first or remove /home/TacoPants/projects/Ayumi/data/forward_test.pid.
2026-05-13 16:53:01 | ERROR    | ayumi.pid_guard | Another forward test process is running (PID 26302). Refusing to start. Kill it first or remove /home/TacoPants/projects/Ayumi/data/forward_test.pid.
2026-05-13 16:53:25 | INFO     | ayumi.forward_test | [B5 Periodic] ticks=23986 bars_built=1 signals=1 traded=1 eval_errors=0
2026-05-13 16:53:26 | INFO     | ayumi.blend_launcher | [B5 Health] ticks=23988 tps=1.50 bars=1 signals=1 trades=1 balance=10000.00 uptime=13262s
2026-05-13 16:53:33 | ERROR    | ayumi.pid_guard | Another forward test process is running (PID 26302). Refusing to start. Kill it first or remove /home/TacoPants/projects/Ayumi/data/forward_test.pid.
2026-05-13 16:54:05 | ERROR    | ayumi.pid_guard | Another forward test process is running (PID 26302). Refusing to start. Kill it first or remove /home/TacoPants/projects/Ayumi/data/forward_test.pid.
2026-05-13 16:54:25 | INFO     | ayumi.forward_test | [B5 Periodic] ticks=24063 bars_built=1 signals=1 traded=1 eval_errors=0
2026-05-13 16:54:26 | INFO     | ayumi.blend_launcher | [B5 Health] ticks=24067 tps=1.86 bars=1 signals=1 trades=1 balance=10000.00 uptime=13322s
2026-05-13 16:54:37 | ERROR    | ayumi.pid_guard | Another forward test process is running (PID 26302). Refusing to start. Kill it first or remove /home/TacoPants/projects/Ayumi/data/forward_test.pid.
2026-05-13 16:55:10 | ERROR    | ayumi.pid_guard | Another forward test process is running (PID 26302). Refusing to start. Kill it first or remove /home/TacoPants/projects/Ayumi/data/forward_test.pid.
2026-05-13 16:55:25 | INFO     | ayumi.forward_test | [B5 Periodic] ticks=24147 bars_built=1 signals=1 traded=1 eval_errors=0
2026-05-13 16:55:26 | INFO     | ayumi.blend_launcher | [B5 Health] ticks=24150 tps=1.23 bars=1 signals=1 trades=1 balance=10378.97 uptime=13382s
2026-05-13 16:55:42 | ERROR    | ayumi.pid_guard | Another forward test process is running (PID 26302). Refusing to start. Kill it first or remove /home/TacoPants/projects/Ayumi/data/forward_test.pid.
2026-05-13 16:56:14 | ERROR    | ayumi.pid_guard | Another forward test process is running (PID 26302). Refusing to start. Kill it first or remove /home/TacoPants/projects/Ayumi/data/forward_test.pid.
2026-05-13 16:56:25 | INFO     | ayumi.forward_test | [B5 Periodic] ticks=24227 bars_built=1 signals=1 traded=1 eval_errors=0
2026-05-13 16:56:26 | INFO     | ayumi.blend_launcher | [B5 Health] ticks=24231 tps=1.02 bars=1 signals=1 trades=1 balance=9884.97 uptime=13442s
2026-05-13 16:56:47 | ERROR    | ayumi.pid_guard | Another forward test process is running (PID 26302). Refusing to start. Kill it first or remove /home/TacoPants/projects/Ayumi/data/forward_test.pid.
2026-05-13 16:57:19 | ERROR    | ayumi.pid_guard | Another forward test process is running (PID 26302). Refusing to start. Kill it first or remove /home/TacoPants/projects/Ayumi/data/forward_test.pid.
2026-05-13 16:57:25 | INFO     | ayumi.forward_test | [B5 Periodic] ticks=24314 bars_built=1 signals=1 traded=1 eval_errors=0
2026-05-13 16:57:26 | INFO     | ayumi.blend_launcher | [B5 Health] ticks=24317 tps=1.87 bars=1 signals=1 trades=1 balance=10000.00 uptime=13502s
2026-05-13 16:57:51 | ERROR    | ayumi.pid_guard | Another forward test process is running (PID 26302). Refusing to start. Kill it first or remove /home/TacoPants/projects/Ayumi/data/forward_test.pid.
2026-05-13 16:58:23 | ERROR    | ayumi.pid_guard | Another forward test process is running (PID 26302). Refusing to start. Kill it first or remove /home/TacoPants/projects/Ayumi/data/forward_test.pid.
2026-05-13 16:58:25 | INFO     | ayumi.forward_test | [B5 Periodic] ticks=24416 bars_built=1 signals=1 traded=1 eval_errors=0
2026-05-13 16:58:26 | INFO     | ayumi.blend_launcher | [B5 Health] ticks=24418 tps=1.87 bars=1 signals=1 trades=1 balance=9960.97 uptime=13562s
2026-05-13 16:58:56 | ERROR    | ayumi.pid_guard | Another forward test process is running (PID 26302). Refusing to start. Kill it first or remove /home/TacoPants/projects/Ayumi/data/forward_test.pid.
2026-05-13 16:59:25 | INFO     | ayumi.forward_test | [B5 Periodic] ticks=24531 bars_built=1 signals=1 traded=1 eval_errors=0
2026-05-13 16:59:26 | INFO     | ayumi.blend_launcher | [B5 Health] ticks=24535 tps=1.84 bars=1 signals=1 trades=1 balance=9884.97 uptime=13622s
2026-05-13 16:59:28 | ERROR    | ayumi.pid_guard | Another forward test process is running (PID 26302). Refusing to start. Kill it first or remove /home/TacoPants/projects/Ayumi/data/forward_test.pid.
2026-05-13 17:00:00 | ERROR    | ayumi.pid_guard | Another forward test process is running (PID 26302). Refusing to start. Kill it first or remove /home/TacoPants/projects/Ayumi/data/forward_test.pid.
2026-05-13 17:00:25 | INFO     | ayumi.forward_test | [B5 Periodic] ticks=24628 bars_built=1 signals=1 traded=1 eval_errors=0
2026-05-13 17:00:26 | INFO     | ayumi.blend_launcher | [B5 Health] ticks=24630 tps=1.38 bars=1 signals=1 trades=1 balance=10000.00 uptime=13682s
2026-05-13 17:00:33 | ERROR    | ayumi.pid_guard | Another forward test process is running (PID 26302). Refusing to start. Kill it first or remove /home/TacoPants/projects/Ayumi/data/forward_test.pid.
2026-05-13 17:01:05 | ERROR    | ayumi.pid_guard | Another forward test process is running (PID 26302). Refusing to start. Kill it first or remove /home/TacoPants/projects/Ayumi/data/forward_test.pid.
2026-05-13 17:01:25 | INFO     | ayumi.forward_test | [B5 Periodic] ticks=24714 bars_built=1 signals=1 traded=1 eval_errors=0
2026-05-13 17:01:26 | INFO     | ayumi.blend_launcher | [B5 Health] ticks=24718 tps=1.78 bars=1 signals=1 trades=1 balance=9770.97 uptime=13742s
2026-05-13 17:01:38 | ERROR    | ayumi.pid_guard | Another forward test process is running (PID 26302). Refusing to start. Kill it first or remove /home/TacoPants/projects/Ayumi/data/forward_test.pid.
2026-05-13 17:02:10 | ERROR    | ayumi.pid_guard | Another forward test process is running (PID 26302). Refusing to start. Kill it first or remove /home/TacoPants/projects/Ayumi/data/forward_test.pid.
2026-05-13 17:02:25 | INFO     | ayumi.forward_test | [B5 Periodic] ticks=24818 bars_built=1 signals=1 traded=1 eval_errors=0
2026-05-13 17:02:26 | INFO     | ayumi.blend_launcher | [B5 Health] ticks=24820 tps=2.29 bars=1 signals=1 trades=1 balance=9466.97 uptime=13802s
2026-05-13 17:02:42 | ERROR    | ayumi.pid_guard | Another forward test process is running (PID 26302). Refusing to start. Kill it first or remove /home/TacoPants/projects/Ayumi/data/forward_test.pid.
2026-05-13 17:03:15 | ERROR    | ayumi.pid_guard | Another forward test process is running (PID 26302). Refusing to start. Kill it first or remove /home/TacoPants/projects/Ayumi/data/forward_test.pid.
2026-05-13 17:03:25 | INFO     | ayumi.forward_test | [B5 Periodic] ticks=24902 bars_built=1 signals=1 traded=1 eval_errors=0
2026-05-13 17:03:26 | INFO     | ayumi.blend_launcher | [B5 Health] ticks=24906 tps=1.70 bars=1 signals=1 trades=1 balance=10000.00 uptime=13862s
2026-05-13 17:03:47 | ERROR    | ayumi.pid_guard | Another forward test process is running (PID 26302). Refusing to start. Kill it first or remove /home/TacoPants/projects/Ayumi/data/forward_test.pid.
2026-05-13 17:04:19 | ERROR    | ayumi.pid_guard | Another forward test process is running (PID 26302). Refusing to start. Kill it first or remove /home/TacoPants/projects/Ayumi/data/forward_test.pid.
2026-05-13 17:04:25 | INFO     | ayumi.forward_test | [B5 Periodic] ticks=24992 bars_built=1 signals=1 traded=1 eval_errors=0
2026-05-13 17:04:26 | INFO     | ayumi.blend_launcher | [B5 Health] ticks=24992 tps=1.32 bars=1 signals=1 trades=1 balance=10000.00 uptime=13922s
2026-05-13 17:04:52 | ERROR    | ayumi.pid_guard | Another forward test process is running (PID 26302). Refusing to start. Kill it first or remove /home/TacoPants/projects/Ayumi/data/forward_test.pid.
2026-05-13 17:05:25 | INFO     | ayumi.forward_test | [B5 Periodic] ticks=25064 bars_built=1 signals=1 traded=1 eval_errors=0
2026-05-13 17:05:25 | ERROR    | ayumi.pid_guard | Another forward test process is running (PID 26302). Refusing to start. Kill it first or remove /home/TacoPants/projects/Ayumi/data/forward_test.pid.
2026-05-13 17:05:26 | INFO     | ayumi.blend_launcher | [B5 Health] ticks=25065 tps=1.00 bars=1 signals=1 trades=1 balance=10000.00 uptime=13982s
2026-05-13 17:05:57 | ERROR    | ayumi.pid_guard | Another forward test process is running (PID 26302). Refusing to start. Kill it first or remove /home/TacoPants/projects/Ayumi/data/forward_test.pid.
2026-05-13 17:06:25 | INFO     | ayumi.forward_test | [B5 Periodic] ticks=25153 bars_built=1 signals=1 traded=1 eval_errors=0
2026-05-13 17:06:26 | INFO     | ayumi.blend_launcher | [B5 Health] ticks=25155 tps=1.45 bars=1 signals=1 trades=1 balance=10492.97 uptime=14042s
2026-05-13 17:06:30 | ERROR    | ayumi.pid_guard | Another forward test process is running (PID 26302). Refusing to start. Kill it first or remove /home/TacoPants/projects/Ayumi/data/forward_test.pid.
2026-05-13 17:07:03 | ERROR    | ayumi.pid_guard | Another forward test process is running (PID 26302). Refusing to start. Kill it first or remove /home/TacoPants/projects/Ayumi/data/forward_test.pid.
2026-05-13 17:07:25 | INFO     | ayumi.forward_test | [B5 Periodic] ticks=25250 bars_built=1 signals=1 traded=1 eval_errors=0
2026-05-13 17:07:26 | INFO     | ayumi.blend_launcher | [B5 Health] ticks=25251 tps=1.80 bars=1 signals=1 trades=1 balance=10000.00 uptime=14102s
2026-05-13 17:07:36 | ERROR    | ayumi.pid_guard | Another forward test process is running (PID 26302). Refusing to start. Kill it first or remove /home/TacoPants/projects/Ayumi/data/forward_test.pid.
2026-05-13 17:08:09 | ERROR    | ayumi.pid_guard | Another forward test process is running (PID 26302). Refusing to start. Kill it first or remove /home/TacoPants/projects/Ayumi/data/forward_test.pid.
2026-05-13 17:08:25 | INFO     | ayumi.forward_test | [B5 Periodic] ticks=25323 bars_built=1 signals=1 traded=1 eval_errors=0
2026-05-13 17:08:26 | INFO     | ayumi.blend_launcher | [B5 Health] ticks=25325 tps=1.77 bars=1 signals=1 trades=1 balance=10378.97 uptime=14162s
2026-05-13 17:08:41 | ERROR    | ayumi.pid_guard | Another forward test process is running (PID 26302). Refusing to start. Kill it first or remove /home/TacoPants/projects/Ayumi/data/forward_test.pid.
2026-05-13 17:09:14 | ERROR    | ayumi.pid_guard | Another forward test process is running (PID 26302). Refusing to start. Kill it first or remove /home/TacoPants/projects/Ayumi/data/forward_test.pid.
2026-05-13 17:09:25 | INFO     | ayumi.forward_test | [B5 Periodic] ticks=25400 bars_built=1 signals=1 traded=1 eval_errors=0
2026-05-13 17:09:26 | INFO     | ayumi.blend_launcher | [B5 Health] ticks=25401 tps=1.46 bars=1 signals=1 trades=1 balance=10264.97 uptime=14222s
2026-05-13 17:09:46 | ERROR    | ayumi.pid_guard | Another forward test process is running (PID 26302). Refusing to start. Kill it first or remove /home/TacoPants/projects/Ayumi/data/forward_test.pid.
2026-05-13 17:10:19 | ERROR    | ayumi.pid_guard | Another forward test process is running (PID 26302). Refusing to start. Kill it first or remove /home/TacoPants/projects/Ayumi/data/forward_test.pid.
2026-05-13 17:10:25 | INFO     | ayumi.forward_test | [B5 Periodic] ticks=25503 bars_built=1 signals=1 traded=1 eval_errors=0
2026-05-13 17:10:26 | INFO     | ayumi.blend_launcher | [B5 Health] ticks=25505 tps=1.65 bars=1 signals=1 trades=1 balance=10416.97 uptime=14282s
2026-05-13 17:10:51 | ERROR    | ayumi.pid_guard | Another forward test process is running (PID 26302). Refusing to start. Kill it first or remove /home/TacoPants/projects/Ayumi/data/forward_test.pid.
2026-05-13 17:11:24 | ERROR    | ayumi.pid_guard | Another forward test process is running (PID 26302). Refusing to start. Kill it first or remove /home/TacoPants/projects/Ayumi/data/forward_test.pid.
2026-05-13 17:11:25 | INFO     | ayumi.forward_test | [B5 Periodic] ticks=25582 bars_built=1 signals=1 traded=1 eval_errors=0
2026-05-13 17:11:26 | INFO     | ayumi.blend_launcher | [B5 Health] ticks=25583 tps=1.85 bars=1 signals=1 trades=1 balance=10000.00 uptime=14342s
2026-05-13 17:11:56 | ERROR    | ayumi.pid_guard | Another forward test process is running (PID 26302). Refusing to start. Kill it first or remove /home/TacoPants/projects/Ayumi/data/forward_test.pid.
2026-05-13 17:12:25 | INFO     | ayumi.forward_test | [B5 Periodic] ticks=25674 bars_built=1 signals=1 traded=1 eval_errors=0
2026-05-13 17:12:26 | INFO     | ayumi.blend_launcher | [B5 Health] ticks=25676 tps=1.07 bars=1 signals=1 trades=1 balance=10000.00 uptime=14402s
2026-05-13 17:12:29 | ERROR    | ayumi.pid_guard | Another forward test process is running (PID 26302). Refusing to start. Kill it first or remove /home/TacoPants/projects/Ayumi/data/forward_test.pid.
2026-05-13 17:13:02 | ERROR    | ayumi.pid_guard | Another forward test process is running (PID 26302). Refusing to start. Kill it first or remove /home/TacoPants/projects/Ayumi/data/forward_test.pid.
2026-05-13 17:13:25 | INFO     | ayumi.forward_test | [B5 Periodic] ticks=25738 bars_built=1 signals=1 traded=1 eval_errors=0
2026-05-13 17:13:26 | INFO     | ayumi.blend_launcher | [B5 Health] ticks=25740 tps=1.00 bars=1 signals=1 trades=1 balance=10000.00 uptime=14462s
2026-05-13 17:13:34 | ERROR    | ayumi.pid_guard | Another forward test process is running (PID 26302). Refusing to start. Kill it first or remove /home/TacoPants/projects/Ayumi/data/forward_test.pid.
2026-05-13 17:14:06 | ERROR    | ayumi.pid_guard | Another forward test process is running (PID 26302). Refusing to start. Kill it first or remove /home/TacoPants/projects/Ayumi/data/forward_test.pid.
2026-05-13 17:14:25 | INFO     | ayumi.forward_test | [B5 Periodic] ticks=25793 bars_built=1 signals=1 traded=1 eval_errors=0
2026-05-13 17:14:26 | INFO     | ayumi.blend_launcher | [B5 Health] ticks=25796 tps=1.30 bars=1 signals=1 trades=1 balance=10150.97 uptime=14522s
2026-05-13 17:14:39 | ERROR    | ayumi.pid_guard | Another forward test process is running (PID 26302). Refusing to start. Kill it first or remove /home/TacoPants/projects/Ayumi/data/forward_test.pid.
2026-05-13 17:15:11 | ERROR    | ayumi.pid_guard | Another forward test process is running (PID 26302). Refusing to start. Kill it first or remove /home/TacoPants/projects/Ayumi/data/forward_test.pid.
2026-05-13 17:15:25 | INFO     | ayumi.forward_test | [B5 Periodic] ticks=25876 bars_built=1 signals=1 traded=1 eval_errors=0
2026-05-13 17:15:26 | INFO     | ayumi.blend_launcher | [B5 Health] ticks=25879 tps=1.25 bars=1 signals=1 trades=1 balance=10000.00 uptime=14582s
2026-05-13 17:15:43 | ERROR    | ayumi.pid_guard | Another forward test process is running (PID 26302). Refusing to start. Kill it first or remove /home/TacoPants/projects/Ayumi/data/forward_test.pid.
2026-05-13 17:16:16 | ERROR    | ayumi.pid_guard | Another forward test process is running (PID 26302). Refusing to start. Kill it first or remove /home/TacoPants/projects/Ayumi/data/forward_test.pid.
2026-05-13 17:16:25 | INFO     | ayumi.forward_test | [B5 Periodic] ticks=25958 bars_built=1 signals=1 traded=1 eval_errors=0
2026-05-13 17:16:26 | INFO     | ayumi.blend_launcher | [B5 Health] ticks=25962 tps=1.34 bars=1 signals=1 trades=1 balance=10074.97 uptime=14642s
2026-05-13 17:16:48 | ERROR    | ayumi.pid_guard | Another forward test process is running (PID 26302). Refusing to start. Kill it first or remove /home/TacoPants/projects/Ayumi/data/forward_test.pid.
2026-05-13 17:17:20 | ERROR    | ayumi.pid_guard | Another forward test process is running (PID 26302). Refusing to start. Kill it first or remove /home/TacoPants/projects/Ayumi/data/forward_test.pid.
2026-05-13 17:17:25 | INFO     | ayumi.forward_test | [B5 Periodic] ticks=26045 bars_built=1 signals=1 traded=1 eval_errors=0
2026-05-13 17:17:26 | INFO     | ayumi.blend_launcher | [B5 Health] ticks=26045 tps=2.44 bars=1 signals=1 trades=1 balance=10000.00 uptime=14702s
2026-05-13 17:17:53 | ERROR    | ayumi.pid_guard | Another forward test process is running (PID 26302). Refusing to start. Kill it first or remove /home/TacoPants/projects/Ayumi/data/forward_test.pid.
2026-05-13 17:18:25 | INFO     | ayumi.forward_test | [B5 Periodic] ticks=26104 bars_built=1 signals=1 traded=1 eval_errors=0
2026-05-13 17:18:25 | ERROR    | ayumi.pid_guard | Another forward test process is running (PID 26302). Refusing to start. Kill it first or remove /home/TacoPants/projects/Ayumi/data/forward_test.pid.
2026-05-13 17:18:26 | INFO     | ayumi.blend_launcher | [B5 Health] ticks=26104 tps=0.40 bars=1 signals=1 trades=1 balance=10000.00 uptime=14762s
2026-05-13 17:18:58 | ERROR    | ayumi.pid_guard | Another forward test process is running (PID 26302). Refusing to start. Kill it first or remove /home/TacoPants/projects/Ayumi/data/forward_test.pid.
2026-05-13 17:19:25 | INFO     | ayumi.forward_test | [B5 Periodic] ticks=26173 bars_built=1 signals=1 traded=1 eval_errors=0
2026-05-13 17:19:26 | INFO     | ayumi.blend_launcher | [B5 Health] ticks=26173 tps=0.80 bars=1 signals=1 trades=1 balance=10000.00 uptime=14822s
2026-05-13 17:19:30 | ERROR    | ayumi.pid_guard | Another forward test process is running (PID 26302). Refusing to start. Kill it first or remove /home/TacoPants/projects/Ayumi/data/forward_test.pid.
2026-05-13 17:20:02 | ERROR    | ayumi.pid_guard | Another forward test process is running (PID 26302). Refusing to start. Kill it first or remove /home/TacoPants/projects/Ayumi/data/forward_test.pid.
2026-05-13 17:20:25 | INFO     | ayumi.forward_test | [B5 Periodic] ticks=26232 bars_built=1 signals=1 traded=1 eval_errors=0
2026-05-13 17:20:26 | INFO     | ayumi.blend_launcher | [B5 Health] ticks=26232 tps=1.43 bars=1 signals=1 trades=1 balance=10150.97 uptime=14882s
2026-05-13 17:20:34 | ERROR    | ayumi.pid_guard | Another forward test process is running (PID 26302). Refusing to start. Kill it first or remove /home/TacoPants/projects/Ayumi/data/forward_test.pid.
2026-05-13 17:21:07 | ERROR    | ayumi.pid_guard | Another forward test process is running (PID 26302). Refusing to start. Kill it first or remove /home/TacoPants/projects/Ayumi/data/forward_test.pid.
2026-05-13 17:21:25 | INFO     | ayumi.forward_test | [B5 Periodic] ticks=26300 bars_built=1 signals=1 traded=1 eval_errors=0
2026-05-13 17:21:26 | INFO     | ayumi.blend_launcher | [B5 Health] ticks=26301 tps=1.20 bars=1 signals=1 trades=1 balance=10000.00 uptime=14942s
2026-05-13 17:21:39 | ERROR    | ayumi.pid_guard | Another forward test process is running (PID 26302). Refusing to start. Kill it first or remove /home/TacoPants/projects/Ayumi/data/forward_test.pid.
2026-05-13 17:22:12 | ERROR    | ayumi.pid_guard | Another forward test process is running (PID 26302). Refusing to start. Kill it first or remove /home/TacoPants/projects/Ayumi/data/forward_test.pid.
2026-05-13 17:22:25 | INFO     | ayumi.forward_test | [B5 Periodic] ticks=26340 bars_built=1 signals=1 traded=1 eval_errors=0
2026-05-13 17:22:26 | INFO     | ayumi.blend_launcher | [B5 Health] ticks=26345 tps=1.47 bars=1 signals=1 trades=1 balance=10226.97 uptime=15002s
2026-05-13 17:22:44 | ERROR    | ayumi.pid_guard | Another forward test process is running (PID 26302). Refusing to start. Kill it first or remove /home/TacoPants/projects/Ayumi/data/forward_test.pid.
2026-05-13 17:23:16 | ERROR    | ayumi.pid_guard | Another forward test process is running (PID 26302). Refusing to start. Kill it first or remove /home/TacoPants/projects/Ayumi/data/forward_test.pid.
2026-05-13 17:23:25 | INFO     | ayumi.forward_test | [B5 Periodic] ticks=26407 bars_built=1 signals=1 traded=1 eval_errors=0
2026-05-13 17:23:26 | INFO     | ayumi.blend_launcher | [B5 Health] ticks=26410 tps=1.73 bars=1 signals=1 trades=1 balance=10000.00 uptime=15062s
2026-05-13 17:23:48 | ERROR    | ayumi.pid_guard | Another forward test process is running (PID 26302). Refusing to start. Kill it first or remove /home/TacoPants/projects/Ayumi/data/forward_test.pid.
2026-05-13 17:24:21 | ERROR    | ayumi.pid_guard | Another forward test process is running (PID 26302). Refusing to start. Kill it first or remove /home/TacoPants/projects/Ayumi/data/forward_test.pid.
2026-05-13 17:24:25 | INFO     | ayumi.forward_test | [B5 Periodic] ticks=26476 bars_built=1 signals=1 traded=1 eval_errors=0
2026-05-13 17:24:26 | INFO     | ayumi.blend_launcher | [B5 Health] ticks=26477 tps=0.97 bars=1 signals=1 trades=1 balance=10000.00 uptime=15122s
2026-05-13 17:24:53 | ERROR    | ayumi.pid_guard | Another forward test process is running (PID 26302). Refusing to start. Kill it first or remove /home/TacoPants/projects/Ayumi/data/forward_test.pid.
2026-05-13 17:25:25 | INFO     | ayumi.forward_test | [B5 Periodic] ticks=26534 bars_built=1 signals=1 traded=1 eval_errors=0
2026-05-13 17:25:25 | ERROR    | ayumi.pid_guard | Another forward test process is running (PID 26302). Refusing to start. Kill it first or remove /home/TacoPants/projects/Ayumi/data/forward_test.pid.
2026-05-13 17:25:26 | INFO     | ayumi.blend_launcher | [B5 Health] ticks=26535 tps=0.81 bars=1 signals=1 trades=1 balance=10000.00 uptime=15182s
2026-05-13 17:25:57 | ERROR    | ayumi.pid_guard | Another forward test process is running (PID 26302). Refusing to start. Kill it first or remove /home/TacoPants/projects/Ayumi/data/forward_test.pid.
2026-05-13 17:26:25 | INFO     | ayumi.forward_test | [B5 Periodic] ticks=26613 bars_built=1 signals=1 traded=1 eval_errors=0
2026-05-13 17:26:26 | INFO     | ayumi.blend_launcher | [B5 Health] ticks=26616 tps=2.26 bars=1 signals=1 trades=1 balance=10000.00 uptime=15242s
2026-05-13 17:26:30 | ERROR    | ayumi.pid_guard | Another forward test process is running (PID 26302). Refusing to start. Kill it first or remove /home/TacoPants/projects/Ayumi/data/forward_test.pid.
2026-05-13 17:27:02 | ERROR    | ayumi.pid_guard | Another forward test process is running (PID 26302). Refusing to start. Kill it first or remove /home/TacoPants/projects/Ayumi/data/forward_test.pid.
2026-05-13 17:27:25 | INFO     | ayumi.forward_test | [B5 Periodic] ticks=26660 bars_built=1 signals=1 traded=1 eval_errors=0
2026-05-13 17:27:26 | INFO     | ayumi.blend_launcher | [B5 Health] ticks=26662 tps=1.35 bars=1 signals=1 trades=1 balance=10000.00 uptime=15302s
2026-05-13 17:27:34 | ERROR    | ayumi.pid_guard | Another forward test process is running (PID 26302). Refusing to start. Kill it first or remove /home/TacoPants/projects/Ayumi/data/forward_test.pid.
2026-05-13 17:28:06 | ERROR    | ayumi.pid_guard | Another forward test process is running (PID 26302). Refusing to start. Kill it first or remove /home/TacoPants/projects/Ayumi/data/forward_test.pid.
2026-05-13 17:28:25 | INFO     | ayumi.forward_test | [B5 Periodic] ticks=26733 bars_built=1 signals=1 traded=1 eval_errors=0
2026-05-13 17:28:26 | INFO     | ayumi.blend_launcher | [B5 Health] ticks=26734 tps=1.52 bars=1 signals=1 trades=1 balance=9998.97 uptime=15362s
2026-05-13 17:28:39 | ERROR    | ayumi.pid_guard | Another forward test process is running (PID 26302). Refusing to start. Kill it first or remove /home/TacoPants/projects/Ayumi/data/forward_test.pid.
2026-05-13 17:29:11 | ERROR    | ayumi.pid_guard | Another forward test process is running (PID 26302). Refusing to start. Kill it first or remove /home/TacoPants/projects/Ayumi/data/forward_test.pid.
2026-05-13 17:29:25 | INFO     | ayumi.forward_test | [B5 Periodic] ticks=26803 bars_built=1 signals=1 traded=1 eval_errors=0
2026-05-13 17:29:26 | INFO     | ayumi.blend_launcher | [B5 Health] ticks=26806 tps=0.93 bars=1 signals=1 trades=1 balance=10000.00 uptime=15422s
2026-05-13 17:29:43 | ERROR    | ayumi.pid_guard | Another forward test process is running (PID 26302). Refusing to start. Kill it first or remove /home/TacoPants/projects/Ayumi/data/forward_test.pid.
2026-05-13 17:30:16 | ERROR    | ayumi.pid_guard | Another forward test process is running (PID 26302). Refusing to start. Kill it first or remove /home/TacoPants/projects/Ayumi/data/forward_test.pid.
2026-05-13 17:30:25 | INFO     | ayumi.forward_test | [B5 Periodic] ticks=26901 bars_built=1 signals=1 traded=1 eval_errors=0
2026-05-13 17:30:26 | INFO     | ayumi.blend_launcher | [B5 Health] ticks=26907 tps=2.30 bars=1 signals=1 trades=1 balance=10000.00 uptime=15482s
2026-05-13 17:30:48 | ERROR    | ayumi.pid_guard | Another forward test process is running (PID 26302). Refusing to start. Kill it first or remove /home/TacoPants/projects/Ayumi/data/forward_test.pid.
2026-05-13 17:31:20 | ERROR    | ayumi.pid_guard | Another forward test process is running (PID 26302). Refusing to start. Kill it first or remove /home/TacoPants/projects/Ayumi/data/forward_test.pid.
2026-05-13 17:31:25 | INFO     | ayumi.forward_test | [B5 Periodic] ticks=26971 bars_built=1 signals=1 traded=1 eval_errors=0
2026-05-13 17:31:26 | INFO     | ayumi.blend_launcher | [B5 Health] ticks=26973 tps=1.05 bars=1 signals=1 trades=1 balance=9998.97 uptime=15542s
2026-05-13 17:31:52 | ERROR    | ayumi.pid_guard | Another forward test process is running (PID 26302). Refusing to start. Kill it first or remove /home/TacoPants/projects/Ayumi/data/forward_test.pid.
2026-05-13 17:32:25 | INFO     | ayumi.forward_test | [B5 Periodic] ticks=27040 bars_built=1 signals=1 traded=1 eval_errors=0
2026-05-13 17:32:25 | ERROR    | ayumi.pid_guard | Another forward test process is running (PID 26302). Refusing to start. Kill it first or remove /home/TacoPants/projects/Ayumi/data/forward_test.pid.
2026-05-13 17:32:26 | INFO     | ayumi.blend_launcher | [B5 Health] ticks=27040 tps=1.09 bars=1 signals=1 trades=1 balance=9770.97 uptime=15602s
2026-05-13 17:32:57 | ERROR    | ayumi.pid_guard | Another forward test process is running (PID 26302). Refusing to start. Kill it first or remove /home/TacoPants/projects/Ayumi/data/forward_test.pid.
2026-05-13 17:33:25 | INFO     | ayumi.forward_test | [B5 Periodic] ticks=27115 bars_built=1 signals=1 traded=1 eval_errors=0
2026-05-13 17:33:27 | INFO     | ayumi.blend_launcher | [B5 Health] ticks=27117 tps=1.56 bars=1 signals=1 trades=1 balance=10000.00 uptime=15662s
2026-05-13 17:33:29 | ERROR    | ayumi.pid_guard | Another forward test process is running (PID 26302). Refusing to start. Kill it first or remove /home/TacoPants/projects/Ayumi/data/forward_test.pid.
2026-05-13 17:34:02 | ERROR    | ayumi.pid_guard | Another forward test process is running (PID 26302). Refusing to start. Kill it first or remove /home/TacoPants/projects/Ayumi/data/forward_test.pid.
2026-05-13 17:34:25 | INFO     | ayumi.forward_test | [B5 Periodic] ticks=27199 bars_built=1 signals=1 traded=1 eval_errors=0
2026-05-13 17:34:27 | INFO     | ayumi.blend_launcher | [B5 Health] ticks=27204 tps=2.18 bars=1 signals=1 trades=1 balance=9656.97 uptime=15722s
2026-05-13 17:34:34 | ERROR    | ayumi.pid_guard | Another forward test process is running (PID 26302). Refusing to start. Kill it first or remove /home/TacoPants/projects/Ayumi/data/forward_test.pid.
2026-05-13 17:35:07 | ERROR    | ayumi.pid_guard | Another forward test process is running (PID 26302). Refusing to start. Kill it first or remove /home/TacoPants/projects/Ayumi/data/forward_test.pid.
2026-05-13 17:35:25 | INFO     | ayumi.forward_test | [B5 Periodic] ticks=27240 bars_built=1 signals=1 traded=1 eval_errors=0
2026-05-13 17:35:27 | INFO     | ayumi.blend_launcher | [B5 Health] ticks=27241 tps=0.84 bars=1 signals=1 trades=1 balance=10000.00 uptime=15782s
2026-05-13 17:35:40 | ERROR    | ayumi.pid_guard | Another forward test process is running (PID 26302). Refusing to start. Kill it first or remove /home/TacoPants/projects/Ayumi/data/forward_test.pid.
2026-05-13 17:36:12 | ERROR    | ayumi.pid_guard | Another forward test process is running (PID 26302). Refusing to start. Kill it first or remove /home/TacoPants/projects/Ayumi/data/forward_test.pid.
2026-05-13 17:36:25 | INFO     | ayumi.forward_test | [B5 Periodic] ticks=27316 bars_built=1 signals=1 traded=1 eval_errors=0
2026-05-13 17:36:27 | INFO     | ayumi.blend_launcher | [B5 Health] ticks=27317 tps=1.51 bars=1 signals=1 trades=1 balance=10000.00 uptime=15842s
2026-05-13 17:36:45 | ERROR    | ayumi.pid_guard | Another forward test process is running (PID 26302). Refusing to start. Kill it first or remove /home/TacoPants/projects/Ayumi/data/forward_test.pid.
2026-05-13 17:37:17 | ERROR    | ayumi.pid_guard | Another forward test process is running (PID 26302). Refusing to start. Kill it first or remove /home/TacoPants/projects/Ayumi/data/forward_test.pid.
2026-05-13 17:37:25 | INFO     | ayumi.forward_test | [B5 Periodic] ticks=27386 bars_built=1 signals=1 traded=1 eval_errors=0
2026-05-13 17:37:27 | INFO     | ayumi.blend_launcher | [B5 Health] ticks=27388 tps=1.78 bars=1 signals=1 trades=1 balance=10000.00 uptime=15902s
2026-05-13 17:37:50 | ERROR    | ayumi.pid_guard | Another forward test process is running (PID 26302). Refusing to start. Kill it first or remove /home/TacoPants/projects/Ayumi/data/forward_test.pid.
2026-05-13 17:38:23 | ERROR    | ayumi.pid_guard | Another forward test process is running (PID 26302). Refusing to start. Kill it first or remove /home/TacoPants/projects/Ayumi/data/forward_test.pid.
2026-05-13 17:38:25 | INFO     | ayumi.forward_test | [B5 Periodic] ticks=27438 bars_built=1 signals=1 traded=1 eval_errors=0
2026-05-13 17:38:27 | INFO     | ayumi.blend_launcher | [B5 Health] ticks=27441 tps=0.96 bars=1 signals=1 trades=1 balance=9580.97 uptime=15962s
2026-05-13 17:38:56 | ERROR    | ayumi.pid_guard | Another forward test process is running (PID 26302). Refusing to start. Kill it first or remove /home/TacoPants/projects/Ayumi/data/forward_test.pid.
2026-05-13 17:39:25 | INFO     | ayumi.forward_test | [B5 Periodic] ticks=27503 bars_built=1 signals=1 traded=1 eval_errors=0
2026-05-13 17:39:27 | INFO     | ayumi.blend_launcher | [B5 Health] ticks=27506 tps=1.36 bars=1 signals=1 trades=1 balance=10000.00 uptime=16022s
2026-05-13 17:39:28 | ERROR    | ayumi.pid_guard | Another forward test process is running (PID 26302). Refusing to start. Kill it first or remove /home/TacoPants/projects/Ayumi/data/forward_test.pid.
2026-05-13 17:40:01 | ERROR    | ayumi.pid_guard | Another forward test process is running (PID 26302). Refusing to start. Kill it first or remove /home/TacoPants/projects/Ayumi/data/forward_test.pid.
2026-05-13 17:40:25 | INFO     | ayumi.forward_test | [B5 Periodic] ticks=27577 bars_built=1 signals=1 traded=1 eval_errors=0
2026-05-13 17:40:27 | INFO     | ayumi.blend_launcher | [B5 Health] ticks=27579 tps=1.20 bars=1 signals=1 trades=1 balance=9314.97 uptime=16082s
2026-05-13 17:40:34 | ERROR    | ayumi.pid_guard | Another forward test process is running (PID 26302). Refusing to start. Kill it first or remove /home/TacoPants/projects/Ayumi/data/forward_test.pid.
2026-05-13 17:41:06 | ERROR    | ayumi.pid_guard | Another forward test process is running (PID 26302). Refusing to start. Kill it first or remove /home/TacoPants/projects/Ayumi/data/forward_test.pid.
2026-05-13 17:41:25 | INFO     | ayumi.forward_test | [B5 Periodic] ticks=27649 bars_built=1 signals=1 traded=1 eval_errors=0
2026-05-13 17:41:27 | INFO     | ayumi.blend_launcher | [B5 Health] ticks=27649 tps=1.18 bars=1 signals=1 trades=1 balance=10000.00 uptime=16142s
2026-05-13 17:41:39 | ERROR    | ayumi.pid_guard | Another forward test process is running (PID 26302). Refusing to start. Kill it first or remove /home/TacoPants/projects/Ayumi/data/forward_test.pid.
2026-05-13 17:42:11 | ERROR    | ayumi.pid_guard | Another forward test process is running (PID 26302). Refusing to start. Kill it first or remove /home/TacoPants/projects/Ayumi/data/forward_test.pid.
2026-05-13 17:42:25 | INFO     | ayumi.forward_test | [B5 Periodic] ticks=27706 bars_built=1 signals=1 traded=1 eval_errors=0
2026-05-13 17:42:27 | INFO     | ayumi.blend_launcher | [B5 Health] ticks=27707 tps=0.68 bars=1 signals=1 trades=1 balance=10000.00 uptime=16202s
2026-05-13 17:42:44 | ERROR    | ayumi.pid_guard | Another forward test process is running (PID 26302). Refusing to start. Kill it first or remove /home/TacoPants/projects/Ayumi/data/forward_test.pid.
2026-05-13 17:43:17 | ERROR    | ayumi.pid_guard | Another forward test process is running (PID 26302). Refusing to start. Kill it first or remove /home/TacoPants/projects/Ayumi/data/forward_test.pid.
2026-05-13 17:43:25 | INFO     | ayumi.forward_test | [B5 Periodic] ticks=27759 bars_built=1 signals=1 traded=1 eval_errors=0
2026-05-13 17:43:27 | INFO     | ayumi.blend_launcher | [B5 Health] ticks=27761 tps=1.03 bars=1 signals=1 trades=1 balance=10000.00 uptime=16262s
2026-05-13 17:43:50 | ERROR    | ayumi.pid_guard | Another forward test process is running (PID 26302). Refusing to start. Kill it first or remove /home/TacoPants/projects/Ayumi/data/forward_test.pid.
2026-05-13 17:44:22 | ERROR    | ayumi.pid_guard | Another forward test process is running (PID 26302). Refusing to start. Kill it first or remove /home/TacoPants/projects/Ayumi/data/forward_test.pid.
2026-05-13 17:44:25 | INFO     | ayumi.forward_test | [B5 Periodic] ticks=27822 bars_built=1 signals=1 traded=1 eval_errors=0
2026-05-13 17:44:27 | INFO     | ayumi.blend_launcher | [B5 Health] ticks=27823 tps=1.53 bars=1 signals=1 trades=1 balance=10000.00 uptime=16322s
2026-05-13 17:44:55 | ERROR    | ayumi.pid_guard | Another forward test process is running (PID 26302). Refusing to start. Kill it first or remove /home/TacoPants/projects/Ayumi/data/forward_test.pid.
2026-05-13 17:45:25 | INFO     | ayumi.forward_test | [B5 Periodic] ticks=27875 bars_built=1 signals=1 traded=1 eval_errors=0
2026-05-13 17:45:27 | INFO     | ayumi.blend_launcher | [B5 Health] ticks=27877 tps=1.22 bars=1 signals=1 trades=1 balance=10000.00 uptime=16382s
2026-05-13 17:45:27 | ERROR    | ayumi.pid_guard | Another forward test process is running (PID 26302). Refusing to start. Kill it first or remove /home/TacoPants/projects/Ayumi/data/forward_test.pid.
2026-05-13 17:46:00 | ERROR    | ayumi.pid_guard | Another forward test process is running (PID 26302). Refusing to start. Kill it first or remove /home/TacoPants/projects/Ayumi/data/forward_test.pid.
2026-05-13 17:46:25 | INFO     | ayumi.forward_test | [B5 Periodic] ticks=27939 bars_built=1 signals=1 traded=1 eval_errors=0
2026-05-13 17:46:27 | INFO     | ayumi.blend_launcher | [B5 Health] ticks=27942 tps=1.53 bars=1 signals=1 trades=1 balance=10000.00 uptime=16442s
2026-05-13 17:46:32 | ERROR    | ayumi.pid_guard | Another forward test process is running (PID 26302). Refusing to start. Kill it first or remove /home/TacoPants/projects/Ayumi/data/forward_test.pid.
2026-05-13 17:47:04 | ERROR    | ayumi.pid_guard | Another forward test process is running (PID 26302). Refusing to start. Kill it first or remove /home/TacoPants/projects/Ayumi/data/forward_test.pid.
2026-05-13 17:47:25 | INFO     | ayumi.forward_test | [B5 Periodic] ticks=27998 bars_built=1 signals=1 traded=1 eval_errors=0
2026-05-13 17:47:27 | INFO     | ayumi.blend_launcher | [B5 Health] ticks=27999 tps=0.70 bars=1 signals=1 trades=1 balance=10000.00 uptime=16502s
2026-05-13 17:47:37 | ERROR    | ayumi.pid_guard | Another forward test process is running (PID 26302). Refusing to start. Kill it first or remove /home/TacoPants/projects/Ayumi/data/forward_test.pid.
2026-05-13 17:48:09 | ERROR    | ayumi.pid_guard | Another forward test process is running (PID 26302). Refusing to start. Kill it first or remove /home/TacoPants/projects/Ayumi/data/forward_test.pid.
2026-05-13 17:48:25 | INFO     | ayumi.forward_test | [B5 Periodic] ticks=28058 bars_built=1 signals=1 traded=1 eval_errors=0
2026-05-13 17:48:27 | INFO     | ayumi.blend_launcher | [B5 Health] ticks=28061 tps=1.47 bars=1 signals=1 trades=1 balance=8212.97 uptime=16562s
2026-05-13 17:48:42 | ERROR    | ayumi.pid_guard | Another forward test process is running (PID 26302). Refusing to start. Kill it first or remove /home/TacoPants/projects/Ayumi/data/forward_test.pid.
2026-05-13 17:49:15 | ERROR    | ayumi.pid_guard | Another forward test process is running (PID 26302). Refusing to start. Kill it first or remove /home/TacoPants/projects/Ayumi/data/forward_test.pid.
2026-05-13 17:49:25 | INFO     | ayumi.forward_test | [B5 Periodic] ticks=28136 bars_built=1 signals=1 traded=1 eval_errors=0
2026-05-13 17:49:27 | INFO     | ayumi.blend_launcher | [B5 Health] ticks=28138 tps=1.02 bars=1 signals=1 trades=1 balance=10000.00 uptime=16622s
2026-05-13 17:49:47 | ERROR    | ayumi.pid_guard | Another forward test process is running (PID 26302). Refusing to start. Kill it first or remove /home/TacoPants/projects/Ayumi/data/forward_test.pid.
2026-05-13 17:50:19 | ERROR    | ayumi.pid_guard | Another forward test process is running (PID 26302). Refusing to start. Kill it first or remove /home/TacoPants/projects/Ayumi/data/forward_test.pid.
2026-05-13 17:50:25 | INFO     | ayumi.forward_test | [B5 Periodic] ticks=28213 bars_built=1 signals=1 traded=1 eval_errors=0
2026-05-13 17:50:27 | INFO     | ayumi.blend_launcher | [B5 Health] ticks=28214 tps=1.44 bars=1 signals=1 trades=1 balance=10000.00 uptime=16682s
2026-05-13 17:50:52 | ERROR    | ayumi.pid_guard | Another forward test process is running (PID 26302). Refusing to start. Kill it first or remove /home/TacoPants/projects/Ayumi/data/forward_test.pid.
2026-05-13 17:51:24 | ERROR    | ayumi.pid_guard | Another forward test process is running (PID 26302). Refusing to start. Kill it first or remove /home/TacoPants/projects/Ayumi/data/forward_test.pid.
2026-05-13 17:51:25 | INFO     | ayumi.forward_test | [B5 Periodic] ticks=28302 bars_built=1 signals=1 traded=1 eval_errors=0
2026-05-13 17:51:27 | INFO     | ayumi.blend_launcher | [B5 Health] ticks=28307 tps=1.82 bars=1 signals=1 trades=1 balance=8212.97 uptime=16742s
2026-05-13 17:51:56 | ERROR    | ayumi.pid_guard | Another forward test process is running (PID 26302). Refusing to start. Kill it first or remove /home/TacoPants/projects/Ayumi/data/forward_test.pid.
2026-05-13 17:52:25 | INFO     | ayumi.forward_test | [B5 Periodic] ticks=28386 bars_built=1 signals=1 traded=1 eval_errors=0
2026-05-13 17:52:27 | INFO     | ayumi.blend_launcher | [B5 Health] ticks=28388 tps=0.91 bars=1 signals=1 trades=1 balance=10000.00 uptime=16802s
2026-05-13 17:52:28 | ERROR    | ayumi.pid_guard | Another forward test process is running (PID 26302). Refusing to start. Kill it first or remove /home/TacoPants/projects/Ayumi/data/forward_test.pid.
2026-05-13 17:53:01 | ERROR    | ayumi.pid_guard | Another forward test process is running (PID 26302). Refusing to start. Kill it first or remove /home/TacoPants/projects/Ayumi/data/forward_test.pid.
2026-05-13 17:53:25 | INFO     | ayumi.forward_test | [B5 Periodic] ticks=28426 bars_built=1 signals=1 traded=1 eval_errors=0
2026-05-13 17:53:27 | INFO     | ayumi.blend_launcher | [B5 Health] ticks=28426 tps=0.73 bars=1 signals=1 trades=1 balance=10000.00 uptime=16862s
2026-05-13 17:53:33 | ERROR    | ayumi.pid_guard | Another forward test process is running (PID 26302). Refusing to start. Kill it first or remove /home/TacoPants/projects/Ayumi/data/forward_test.pid.
2026-05-13 17:54:06 | ERROR    | ayumi.pid_guard | Another forward test process is running (PID 26302). Refusing to start. Kill it first or remove /home/TacoPants/projects/Ayumi/data/forward_test.pid.
2026-05-13 17:54:25 | INFO     | ayumi.forward_test | [B5 Periodic] ticks=28496 bars_built=1 signals=1 traded=1 eval_errors=0
2026-05-13 17:54:27 | INFO     | ayumi.blend_launcher | [B5 Health] ticks=28497 tps=0.92 bars=1 signals=1 trades=1 balance=10000.00 uptime=16922s
2026-05-13 17:54:38 | ERROR    | ayumi.pid_guard | Another forward test process is running (PID 26302). Refusing to start. Kill it first or remove /home/TacoPants/projects/Ayumi/data/forward_test.pid.
2026-05-13 17:55:11 | ERROR    | ayumi.pid_guard | Another forward test process is running (PID 26302). Refusing to start. Kill it first or remove /home/TacoPants/projects/Ayumi/data/forward_test.pid.
2026-05-13 17:55:25 | INFO     | ayumi.forward_test | [B5 Periodic] ticks=28555 bars_built=1 signals=1 traded=1 eval_errors=0
2026-05-13 17:55:27 | INFO     | ayumi.blend_launcher | [B5 Health] ticks=28556 tps=0.94 bars=1 signals=1 trades=1 balance=7604.97 uptime=16982s
2026-05-13 17:55:43 | ERROR    | ayumi.pid_guard | Another forward test process is running (PID 26302). Refusing to start. Kill it first or remove /home/TacoPants/projects/Ayumi/data/forward_test.pid.
2026-05-13 17:56:16 | ERROR    | ayumi.pid_guard | Another forward test process is running (PID 26302). Refusing to start. Kill it first or remove /home/TacoPants/projects/Ayumi/data/forward_test.pid.
2026-05-13 17:56:25 | INFO     | ayumi.forward_test | [B5 Periodic] ticks=28614 bars_built=1 signals=1 traded=1 eval_errors=0
2026-05-13 17:56:27 | INFO     | ayumi.blend_launcher | [B5 Health] ticks=28614 tps=1.06 bars=1 signals=1 trades=1 balance=10000.00 uptime=17042s
2026-05-13 17:56:48 | ERROR    | ayumi.pid_guard | Another forward test process is running (PID 26302). Refusing to start. Kill it first or remove /home/TacoPants/projects/Ayumi/data/forward_test.pid.
2026-05-13 17:57:20 | ERROR    | ayumi.pid_guard | Another forward test process is running (PID 26302). Refusing to start. Kill it first or remove /home/TacoPants/projects/Ayumi/data/forward_test.pid.
2026-05-13 17:57:25 | INFO     | ayumi.forward_test | [B5 Periodic] ticks=28679 bars_built=1 signals=1 traded=1 eval_errors=0
2026-05-13 17:57:27 | INFO     | ayumi.blend_launcher | [B5 Health] ticks=28681 tps=1.51 bars=1 signals=1 trades=1 balance=7718.97 uptime=17102s
2026-05-13 17:57:53 | ERROR    | ayumi.pid_guard | Another forward test process is running (PID 26302). Refusing to start. Kill it first or remove /home/TacoPants/projects/Ayumi/data/forward_test.pid.
2026-05-13 17:58:25 | INFO     | ayumi.forward_test | [B5 Periodic] ticks=28766 bars_built=1 signals=1 traded=1 eval_errors=0
2026-05-13 17:58:25 | ERROR    | ayumi.pid_guard | Another forward test process is running (PID 26302). Refusing to start. Kill it first or remove /home/TacoPants/projects/Ayumi/data/forward_test.pid.
2026-05-13 17:58:27 | INFO     | ayumi.blend_launcher | [B5 Health] ticks=28767 tps=1.11 bars=1 signals=1 trades=1 balance=10000.00 uptime=17162s
2026-05-13 17:58:58 | ERROR    | ayumi.pid_guard | Another forward test process is running (PID 26302). Refusing to start. Kill it first or remove /home/TacoPants/projects/Ayumi/data/forward_test.pid.
2026-05-13 17:59:25 | INFO     | ayumi.forward_test | [B5 Periodic] ticks=28845 bars_built=1 signals=1 traded=1 eval_errors=0
2026-05-13 17:59:27 | INFO     | ayumi.blend_launcher | [B5 Health] ticks=28847 tps=1.60 bars=1 signals=1 trades=1 balance=10000.00 uptime=17222s
2026-05-13 17:59:30 | ERROR    | ayumi.pid_guard | Another forward test process is running (PID 26302). Refusing to start. Kill it first or remove /home/TacoPants/projects/Ayumi/data/forward_test.pid.
2026-05-13 18:00:03 | ERROR    | ayumi.pid_guard | Another forward test process is running (PID 26302). Refusing to start. Kill it first or remove /home/TacoPants/projects/Ayumi/data/forward_test.pid.
2026-05-13 18:00:25 | INFO     | ayumi.forward_test | [B5 Periodic] ticks=28967 bars_built=1 signals=1 traded=1 eval_errors=0
2026-05-13 18:00:27 | INFO     | ayumi.blend_launcher | [B5 Health] ticks=28970 tps=2.25 bars=1 signals=1 trades=1 balance=10000.00 uptime=17282s
2026-05-13 18:00:35 | ERROR    | ayumi.pid_guard | Another forward test process is running (PID 26302). Refusing to start. Kill it first or remove /home/TacoPants/projects/Ayumi/data/forward_test.pid.
2026-05-13 18:01:08 | ERROR    | ayumi.pid_guard | Another forward test process is running (PID 26302). Refusing to start. Kill it first or remove /home/TacoPants/projects/Ayumi/data/forward_test.pid.
2026-05-13 18:01:25 | INFO     | ayumi.forward_test | [B5 Periodic] ticks=29080 bars_built=1 signals=1 traded=1 eval_errors=0
2026-05-13 18:01:27 | INFO     | ayumi.blend_launcher | [B5 Health] ticks=29085 tps=2.08 bars=1 signals=1 trades=1 balance=10000.00 uptime=17342s
2026-05-13 18:01:40 | ERROR    | ayumi.pid_guard | Another forward test process is running (PID 26302). Refusing to start. Kill it first or remove /home/TacoPants/projects/Ayumi/data/forward_test.pid.
2026-05-13 18:02:13 | ERROR    | ayumi.pid_guard | Another forward test process is running (PID 26302). Refusing to start. Kill it first or remove /home/TacoPants/projects/Ayumi/data/forward_test.pid.
2026-05-13 18:02:25 | INFO     | ayumi.forward_test | [B5 Periodic] ticks=29163 bars_built=1 signals=1 traded=1 eval_errors=0
2026-05-13 18:02:27 | INFO     | ayumi.blend_launcher | [B5 Health] ticks=29168 tps=1.64 bars=1 signals=1 trades=1 balance=10000.00 uptime=17402s
2026-05-13 18:02:46 | ERROR    | ayumi.pid_guard | Another forward test process is running (PID 26302). Refusing to start. Kill it first or remove /home/TacoPants/projects/Ayumi/data/forward_test.pid.
2026-05-13 18:03:18 | ERROR    | ayumi.pid_guard | Another forward test process is running (PID 26302). Refusing to start. Kill it first or remove /home/TacoPants/projects/Ayumi/data/forward_test.pid.
2026-05-13 18:03:25 | INFO     | ayumi.forward_test | [B5 Periodic] ticks=29239 bars_built=1 signals=1 traded=1 eval_errors=0
2026-05-13 18:03:27 | INFO     | ayumi.blend_launcher | [B5 Health] ticks=29243 tps=1.26 bars=1 signals=1 trades=1 balance=7680.97 uptime=17462s
2026-05-13 18:03:51 | ERROR    | ayumi.pid_guard | Another forward test process is running (PID 26302). Refusing to start. Kill it first or remove /home/TacoPants/projects/Ayumi/data/forward_test.pid.
2026-05-13 18:04:23 | ERROR    | ayumi.pid_guard | Another forward test process is running (PID 26302). Refusing to start. Kill it first or remove /home/TacoPants/projects/Ayumi/data/forward_test.pid.
2026-05-13 18:04:25 | INFO     | ayumi.forward_test | [B5 Periodic] ticks=29336 bars_built=1 signals=1 traded=1 eval_errors=0
2026-05-13 18:04:27 | INFO     | ayumi.blend_launcher | [B5 Health] ticks=29341 tps=2.89 bars=1 signals=1 trades=1 balance=8060.97 uptime=17522s
2026-05-13 18:04:55 | ERROR    | ayumi.pid_guard | Another forward test process is running (PID 26302). Refusing to start. Kill it first or remove /home/TacoPants/projects/Ayumi/data/forward_test.pid.
2026-05-13 18:05:25 | INFO     | ayumi.forward_test | [B5 Periodic] ticks=29410 bars_built=1 signals=1 traded=1 eval_errors=0
2026-05-13 18:05:27 | INFO     | ayumi.blend_launcher | [B5 Health] ticks=29415 tps=0.81 bars=1 signals=1 trades=1 balance=8174.97 uptime=17582s
2026-05-13 18:05:28 | ERROR    | ayumi.pid_guard | Another forward test process is running (PID 26302). Refusing to start. Kill it first or remove /home/TacoPants/projects/Ayumi/data/forward_test.pid.
2026-05-13 18:06:01 | ERROR    | ayumi.pid_guard | Another forward test process is running (PID 26302). Refusing to start. Kill it first or remove /home/TacoPants/projects/Ayumi/data/forward_test.pid.
2026-05-13 18:06:25 | INFO     | ayumi.forward_test | [B5 Periodic] ticks=29461 bars_built=1 signals=1 traded=1 eval_errors=0
2026-05-13 18:06:27 | INFO     | ayumi.blend_launcher | [B5 Health] ticks=29463 tps=1.61 bars=1 signals=1 trades=1 balance=10000.00 uptime=17642s
2026-05-13 18:06:33 | ERROR    | ayumi.pid_guard | Another forward test process is running (PID 26302). Refusing to start. Kill it first or remove /home/TacoPants/projects/Ayumi/data/forward_test.pid.
2026-05-13 18:07:06 | ERROR    | ayumi.pid_guard | Another forward test process is running (PID 26302). Refusing to start. Kill it first or remove /home/TacoPants/projects/Ayumi/data/forward_test.pid.
2026-05-13 18:07:25 | INFO     | ayumi.forward_test | [B5 Periodic] ticks=29530 bars_built=1 signals=1 traded=1 eval_errors=0
2026-05-13 18:07:27 | INFO     | ayumi.blend_launcher | [B5 Health] ticks=29532 tps=1.19 bars=1 signals=1 trades=1 balance=8174.97 uptime=17702s
2026-05-13 18:07:38 | ERROR    | ayumi.pid_guard | Another forward test process is running (PID 26302). Refusing to start. Kill it first or remove /home/TacoPants/projects/Ayumi/data/forward_test.pid.
2026-05-13 18:08:11 | ERROR    | ayumi.pid_guard | Another forward test process is running (PID 26302). Refusing to start. Kill it first or remove /home/TacoPants/projects/Ayumi/data/forward_test.pid.
2026-05-13 18:08:25 | INFO     | ayumi.forward_test | [B5 Periodic] ticks=29607 bars_built=1 signals=1 traded=1 eval_errors=0
2026-05-13 18:08:27 | INFO     | ayumi.blend_launcher | [B5 Health] ticks=29610 tps=1.21 bars=1 signals=1 trades=1 balance=10000.00 uptime=17762s
2026-05-13 18:08:44 | ERROR    | ayumi.pid_guard | Another forward test process is running (PID 26302). Refusing to start. Kill it first or remove /home/TacoPants/projects/Ayumi/data/forward_test.pid.
2026-05-13 18:09:16 | ERROR    | ayumi.pid_guard | Another forward test process is running (PID 26302). Refusing to start. Kill it first or remove /home/TacoPants/projects/Ayumi/data/forward_test.pid.
2026-05-13 18:09:25 | INFO     | ayumi.forward_test | [B5 Periodic] ticks=29675 bars_built=1 signals=1 traded=1 eval_errors=0
2026-05-13 18:09:27 | INFO     | ayumi.blend_launcher | [B5 Health] ticks=29677 tps=1.45 bars=1 signals=1 trades=1 balance=10000.00 uptime=17822s
2026-05-13 18:09:49 | ERROR    | ayumi.pid_guard | Another forward test process is running (PID 26302). Refusing to start. Kill it first or remove /home/TacoPants/projects/Ayumi/data/forward_test.pid.
2026-05-13 18:10:21 | ERROR    | ayumi.pid_guard | Another forward test process is running (PID 26302). Refusing to start. Kill it first or remove /home/TacoPants/projects/Ayumi/data/forward_test.pid.
2026-05-13 18:10:25 | INFO     | ayumi.forward_test | [B5 Periodic] ticks=29756 bars_built=1 signals=1 traded=1 eval_errors=0
2026-05-13 18:10:27 | INFO     | ayumi.blend_launcher | [B5 Health] ticks=29761 tps=1.11 bars=1 signals=1 trades=1 balance=10000.00 uptime=17883s
2026-05-13 18:10:53 | ERROR    | ayumi.pid_guard | Another forward test process is running (PID 26302). Refusing to start. Kill it first or remove /home/TacoPants/projects/Ayumi/data/forward_test.pid.
2026-05-13 18:11:25 | INFO     | ayumi.forward_test | [B5 Periodic] ticks=29849 bars_built=1 signals=1 traded=1 eval_errors=0
2026-05-13 18:11:26 | ERROR    | ayumi.pid_guard | Another forward test process is running (PID 26302). Refusing to start. Kill it first or remove /home/TacoPants/projects/Ayumi/data/forward_test.pid.
2026-05-13 18:11:27 | INFO     | ayumi.blend_launcher | [B5 Health] ticks=29851 tps=2.14 bars=1 signals=1 trades=1 balance=7832.97 uptime=17943s
2026-05-13 18:11:58 | ERROR    | ayumi.pid_guard | Another forward test process is running (PID 26302). Refusing to start. Kill it first or remove /home/TacoPants/projects/Ayumi/data/forward_test.pid.
2026-05-13 18:12:25 | INFO     | ayumi.forward_test | [B5 Periodic] ticks=29907 bars_built=1 signals=1 traded=1 eval_errors=0
2026-05-13 18:12:27 | INFO     | ayumi.blend_launcher | [B5 Health] ticks=29907 tps=1.88 bars=1 signals=1 trades=1 balance=7756.97 uptime=18003s
2026-05-13 18:12:31 | ERROR    | ayumi.pid_guard | Another forward test process is running (PID 26302). Refusing to start. Kill it first or remove /home/TacoPants/projects/Ayumi/data/forward_test.pid.
2026-05-13 18:13:04 | ERROR    | ayumi.pid_guard | Another forward test process is running (PID 26302). Refusing to start. Kill it first or remove /home/TacoPants/projects/Ayumi/data/forward_test.pid.
2026-05-13 18:13:25 | INFO     | ayumi.forward_test | [B5 Periodic] ticks=29964 bars_built=1 signals=1 traded=1 eval_errors=0
2026-05-13 18:13:27 | INFO     | ayumi.blend_launcher | [B5 Health] ticks=29969 tps=1.54 bars=1 signals=1 trades=1 balance=10000.00 uptime=18063s
2026-05-13 18:13:36 | ERROR    | ayumi.pid_guard | Another forward test process is running (PID 26302). Refusing to start. Kill it first or remove /home/TacoPants/projects/Ayumi/data/forward_test.pid.
2026-05-13 18:14:08 | ERROR    | ayumi.pid_guard | Another forward test process is running (PID 26302). Refusing to start. Kill it first or remove /home/TacoPants/projects/Ayumi/data/forward_test.pid.
2026-05-13 18:14:25 | INFO     | ayumi.forward_test | [B5 Periodic] ticks=30027 bars_built=1 signals=1 traded=1 eval_errors=0
2026-05-13 18:14:27 | INFO     | ayumi.blend_launcher | [B5 Health] ticks=30032 tps=1.78 bars=1 signals=1 trades=1 balance=7832.97 uptime=18123s
2026-05-13 18:14:41 | ERROR    | ayumi.pid_guard | Another forward test process is running (PID 26302). Refusing to start. Kill it first or remove /home/TacoPants/projects/Ayumi/data/forward_test.pid.
2026-05-13 18:15:13 | ERROR    | ayumi.pid_guard | Another forward test process is running (PID 26302). Refusing to start. Kill it first or remove /home/TacoPants/projects/Ayumi/data/forward_test.pid.
2026-05-13 18:15:25 | INFO     | ayumi.forward_test | [B5 Periodic] ticks=30118 bars_built=1 signals=1 traded=1 eval_errors=0
2026-05-13 18:15:27 | INFO     | ayumi.blend_launcher | [B5 Health] ticks=30125 tps=2.28 bars=1 signals=1 trades=1 balance=8288.97 uptime=18183s
2026-05-13 18:15:46 | ERROR    | ayumi.pid_guard | Another forward test process is running (PID 26302). Refusing to start. Kill it first or remove /home/TacoPants/projects/Ayumi/data/forward_test.pid.
2026-05-13 18:16:18 | ERROR    | ayumi.pid_guard | Another forward test process is running (PID 26302). Refusing to start. Kill it first or remove /home/TacoPants/projects/Ayumi/data/forward_test.pid.
2026-05-13 18:16:25 | INFO     | ayumi.forward_test | [B5 Periodic] ticks=30216 bars_built=1 signals=1 traded=1 eval_errors=0
2026-05-13 18:16:27 | INFO     | ayumi.blend_launcher | [B5 Health] ticks=30219 tps=1.47 bars=1 signals=1 trades=1 balance=10000.00 uptime=18243s
2026-05-13 18:16:51 | ERROR    | ayumi.pid_guard | Another forward test process is running (PID 26302). Refusing to start. Kill it first or remove /home/TacoPants/projects/Ayumi/data/forward_test.pid.
2026-05-13 18:17:23 | ERROR    | ayumi.pid_guard | Another forward test process is running (PID 26302). Refusing to start. Kill it first or remove /home/TacoPants/projects/Ayumi/data/forward_test.pid.
2026-05-13 18:17:25 | INFO     | ayumi.forward_test | [B5 Periodic] ticks=30291 bars_built=1 signals=1 traded=1 eval_errors=0
2026-05-13 18:17:27 | INFO     | ayumi.blend_launcher | [B5 Health] ticks=30292 tps=1.79 bars=1 signals=1 trades=1 balance=8592.97 uptime=18303s
2026-05-13 18:17:56 | ERROR    | ayumi.pid_guard | Another forward test process is running (PID 26302). Refusing to start. Kill it first or remove /home/TacoPants/projects/Ayumi/data/forward_test.pid.
2026-05-13 18:18:25 | INFO     | ayumi.forward_test | [B5 Periodic] ticks=30389 bars_built=1 signals=1 traded=1 eval_errors=0
2026-05-13 18:18:27 | INFO     | ayumi.blend_launcher | [B5 Health] ticks=30391 tps=1.25 bars=1 signals=1 trades=1 balance=10000.00 uptime=18363s
2026-05-13 18:18:28 | ERROR    | ayumi.pid_guard | Another forward test process is running (PID 26302). Refusing to start. Kill it first or remove /home/TacoPants/projects/Ayumi/data/forward_test.pid.
2026-05-13 18:19:01 | ERROR    | ayumi.pid_guard | Another forward test process is running (PID 26302). Refusing to start. Kill it first or remove /home/TacoPants/projects/Ayumi/data/forward_test.pid.
2026-05-13 18:19:25 | INFO     | ayumi.forward_test | [B5 Periodic] ticks=30461 bars_built=1 signals=1 traded=1 eval_errors=0
2026-05-13 18:19:27 | INFO     | ayumi.blend_launcher | [B5 Health] ticks=30466 tps=2.01 bars=1 signals=1 trades=1 balance=8136.97 uptime=18423s
2026-05-13 18:19:33 | ERROR    | ayumi.pid_guard | Another forward test process is running (PID 26302). Refusing to start. Kill it first or remove /home/TacoPants/projects/Ayumi/data/forward_test.pid.
2026-05-13 18:20:06 | ERROR    | ayumi.pid_guard | Another forward test process is running (PID 26302). Refusing to start. Kill it first or remove /home/TacoPants/projects/Ayumi/data/forward_test.pid.
2026-05-13 18:20:25 | INFO     | ayumi.forward_test | [B5 Periodic] ticks=30545 bars_built=1 signals=1 traded=1 eval_errors=0
2026-05-13 18:20:27 | INFO     | ayumi.blend_launcher | [B5 Health] ticks=30547 tps=1.38 bars=1 signals=1 trades=1 balance=10000.00 uptime=18483s
2026-05-13 18:20:38 | ERROR    | ayumi.pid_guard | Another forward test process is running (PID 26302). Refusing to start. Kill it first or remove /home/TacoPants/projects/Ayumi/data/forward_test.pid.
2026-05-13 18:21:11 | ERROR    | ayumi.pid_guard | Another forward test process is running (PID 26302). Refusing to start. Kill it first or remove /home/TacoPants/projects/Ayumi/data/forward_test.pid.
2026-05-13 18:21:25 | INFO     | ayumi.forward_test | [B5 Periodic] ticks=30635 bars_built=1 signals=1 traded=1 eval_errors=0
2026-05-13 18:21:27 | INFO     | ayumi.blend_launcher | [B5 Health] ticks=30641 tps=2.00 bars=1 signals=1 trades=1 balance=8402.97 uptime=18543s
2026-05-13 18:21:43 | ERROR    | ayumi.pid_guard | Another forward test process is running (PID 26302). Refusing to start. Kill it first or remove /home/TacoPants/projects/Ayumi/data/forward_test.pid.
2026-05-13 18:22:16 | ERROR    | ayumi.pid_guard | Another forward test process is running (PID 26302). Refusing to start. Kill it first or remove /home/TacoPants/projects/Ayumi/data/forward_test.pid.
2026-05-13 18:22:25 | INFO     | ayumi.forward_test | [B5 Periodic] ticks=30719 bars_built=1 signals=1 traded=1 eval_errors=0
2026-05-13 18:22:27 | INFO     | ayumi.blend_launcher | [B5 Health] ticks=30722 tps=1.43 bars=1 signals=1 trades=1 balance=10000.00 uptime=18603s
2026-05-13 18:22:48 | ERROR    | ayumi.pid_guard | Another forward test process is running (PID 26302). Refusing to start. Kill it first or remove /home/TacoPants/projects/Ayumi/data/forward_test.pid.
2026-05-13 18:23:21 | ERROR    | ayumi.pid_guard | Another forward test process is running (PID 26302). Refusing to start. Kill it first or remove /home/TacoPants/projects/Ayumi/data/forward_test.pid.
2026-05-13 18:23:25 | INFO     | ayumi.forward_test | [B5 Periodic] ticks=30784 bars_built=1 signals=1 traded=1 eval_errors=0
2026-05-13 18:23:27 | INFO     | ayumi.blend_launcher | [B5 Health] ticks=30786 tps=1.15 bars=1 signals=1 trades=1 balance=8250.97 uptime=18663s
2026-05-13 18:23:53 | ERROR    | ayumi.pid_guard | Another forward test process is running (PID 26302). Refusing to start. Kill it first or remove /home/TacoPants/projects/Ayumi/data/forward_test.pid.
2026-05-13 18:24:25 | INFO     | ayumi.forward_test | [B5 Periodic] ticks=30879 bars_built=1 signals=1 traded=1 eval_errors=0
2026-05-13 18:24:25 | ERROR    | ayumi.pid_guard | Another forward test process is running (PID 26302). Refusing to start. Kill it first or remove /home/TacoPants/projects/Ayumi/data/forward_test.pid.
2026-05-13 18:24:27 | INFO     | ayumi.blend_launcher | [B5 Health] ticks=30884 tps=2.76 bars=1 signals=1 trades=1 balance=10000.00 uptime=18723s
2026-05-13 18:24:57 | ERROR    | ayumi.pid_guard | Another forward test process is running (PID 26302). Refusing to start. Kill it first or remove /home/TacoPants/projects/Ayumi/data/forward_test.pid.
2026-05-13 18:25:25 | INFO     | ayumi.forward_test | [B5 Periodic] ticks=30983 bars_built=1 signals=1 traded=1 eval_errors=0
2026-05-13 18:25:27 | INFO     | ayumi.blend_launcher | [B5 Health] ticks=30986 tps=1.63 bars=1 signals=1 trades=1 balance=7984.97 uptime=18783s
2026-05-13 18:25:30 | ERROR    | ayumi.pid_guard | Another forward test process is running (PID 26302). Refusing to start. Kill it first or remove /home/TacoPants/projects/Ayumi/data/forward_test.pid.
2026-05-13 18:26:02 | ERROR    | ayumi.pid_guard | Another forward test process is running (PID 26302). Refusing to start. Kill it first or remove /home/TacoPants/projects/Ayumi/data/forward_test.pid.
2026-05-13 18:26:25 | INFO     | ayumi.forward_test | [B5 Periodic] ticks=31069 bars_built=1 signals=1 traded=1 eval_errors=0
2026-05-13 18:26:27 | INFO     | ayumi.blend_launcher | [B5 Health] ticks=31072 tps=1.25 bars=1 signals=1 trades=1 balance=10000.00 uptime=18843s
2026-05-13 18:26:35 | ERROR    | ayumi.pid_guard | Another forward test process is running (PID 26302). Refusing to start. Kill it first or remove /home/TacoPants/projects/Ayumi/data/forward_test.pid.
2026-05-13 18:27:07 | ERROR    | ayumi.pid_guard | Another forward test process is running (PID 26302). Refusing to start. Kill it first or remove /home/TacoPants/projects/Ayumi/data/forward_test.pid.
2026-05-13 18:27:25 | INFO     | ayumi.forward_test | [B5 Periodic] ticks=31141 bars_built=1 signals=1 traded=1 eval_errors=0
2026-05-13 18:27:27 | INFO     | ayumi.blend_launcher | [B5 Health] ticks=31144 tps=2.01 bars=1 signals=1 trades=1 balance=10000.00 uptime=18903s
2026-05-13 18:27:39 | ERROR    | ayumi.pid_guard | Another forward test process is running (PID 26302). Refusing to start. Kill it first or remove /home/TacoPants/projects/Ayumi/data/forward_test.pid.
2026-05-13 18:28:12 | ERROR    | ayumi.pid_guard | Another forward test process is running (PID 26302). Refusing to start. Kill it first or remove /home/TacoPants/projects/Ayumi/data/forward_test.pid.
2026-05-13 18:28:25 | INFO     | ayumi.forward_test | [B5 Periodic] ticks=31212 bars_built=1 signals=1 traded=1 eval_errors=0
2026-05-13 18:28:27 | INFO     | ayumi.blend_launcher | [B5 Health] ticks=31215 tps=1.43 bars=1 signals=1 trades=1 balance=8630.97 uptime=18963s
2026-05-13 18:28:44 | ERROR    | ayumi.pid_guard | Another forward test process is running (PID 26302). Refusing to start. Kill it first or remove /home/TacoPants/projects/Ayumi/data/forward_test.pid.
2026-05-13 18:29:17 | ERROR    | ayumi.pid_guard | Another forward test process is running (PID 26302). Refusing to start. Kill it first or remove /home/TacoPants/projects/Ayumi/data/forward_test.pid.
2026-05-13 18:29:25 | INFO     | ayumi.forward_test | [B5 Periodic] ticks=31278 bars_built=1 signals=1 traded=1 eval_errors=0
2026-05-13 18:29:27 | INFO     | ayumi.blend_launcher | [B5 Health] ticks=31279 tps=0.91 bars=1 signals=1 trades=1 balance=10000.00 uptime=19023s
2026-05-13 18:29:49 | ERROR    | ayumi.pid_guard | Another forward test process is running (PID 26302). Refusing to start. Kill it first or remove /home/TacoPants/projects/Ayumi/data/forward_test.pid.
2026-05-13 18:30:21 | ERROR    | ayumi.pid_guard | Another forward test process is running (PID 26302). Refusing to start. Kill it first or remove /home/TacoPants/projects/Ayumi/data/forward_test.pid.
2026-05-13 18:30:25 | INFO     | ayumi.forward_test | [B5 Periodic] ticks=31359 bars_built=1 signals=1 traded=1 eval_errors=0
2026-05-13 18:30:27 | INFO     | ayumi.blend_launcher | [B5 Health] ticks=31365 tps=1.73 bars=1 signals=1 trades=1 balance=10000.00 uptime=19083s
2026-05-13 18:30:53 | ERROR    | ayumi.pid_guard | Another forward test process is running (PID 26302). Refusing to start. Kill it first or remove /home/TacoPants/projects/Ayumi/data/forward_test.pid.
2026-05-13 18:31:25 | INFO     | ayumi.forward_test | [B5 Periodic] ticks=31445 bars_built=1 signals=1 traded=1 eval_errors=0
2026-05-13 18:31:26 | ERROR    | ayumi.pid_guard | Another forward test process is running (PID 26302). Refusing to start. Kill it first or remove /home/TacoPants/projects/Ayumi/data/forward_test.pid.
2026-05-13 18:31:27 | INFO     | ayumi.blend_launcher | [B5 Health] ticks=31450 tps=1.74 bars=1 signals=1 trades=1 balance=8782.97 uptime=19143s
2026-05-13 18:31:58 | ERROR    | ayumi.pid_guard | Another forward test process is running (PID 26302). Refusing to start. Kill it first or remove /home/TacoPants/projects/Ayumi/data/forward_test.pid.
2026-05-13 18:32:25 | INFO     | ayumi.forward_test | [B5 Periodic] ticks=31538 bars_built=1 signals=1 traded=1 eval_errors=0
2026-05-13 18:32:27 | INFO     | ayumi.blend_launcher | [B5 Health] ticks=31545 tps=2.50 bars=1 signals=1 trades=1 balance=10000.00 uptime=19203s
2026-05-13 18:32:30 | ERROR    | ayumi.pid_guard | Another forward test process is running (PID 26302). Refusing to start. Kill it first or remove /home/TacoPants/projects/Ayumi/data/forward_test.pid.
2026-05-13 18:33:03 | ERROR    | ayumi.pid_guard | Another forward test process is running (PID 26302). Refusing to start. Kill it first or remove /home/TacoPants/projects/Ayumi/data/forward_test.pid.
2026-05-13 18:33:25 | INFO     | ayumi.forward_test | [B5 Periodic] ticks=31620 bars_built=1 signals=1 traded=1 eval_errors=0
2026-05-13 18:33:27 | INFO     | ayumi.blend_launcher | [B5 Health] ticks=31624 tps=1.28 bars=1 signals=1 trades=1 balance=10000.00 uptime=19263s
2026-05-13 18:33:36 | ERROR    | ayumi.pid_guard | Another forward test process is running (PID 26302). Refusing to start. Kill it first or remove /home/TacoPants/projects/Ayumi/data/forward_test.pid.
2026-05-13 18:34:08 | ERROR    | ayumi.pid_guard | Another forward test process is running (PID 26302). Refusing to start. Kill it first or remove /home/TacoPants/projects/Ayumi/data/forward_test.pid.
2026-05-13 18:34:25 | INFO     | ayumi.forward_test | [B5 Periodic] ticks=31701 bars_built=1 signals=1 traded=1 eval_errors=0
2026-05-13 18:34:27 | INFO     | ayumi.blend_launcher | [B5 Health] ticks=31706 tps=1.66 bars=1 signals=1 trades=1 balance=10000.00 uptime=19323s
2026-05-13 18:34:41 | ERROR    | ayumi.pid_guard | Another forward test process is running (PID 26302). Refusing to start. Kill it first or remove /home/TacoPants/projects/Ayumi/data/forward_test.pid.
2026-05-13 18:35:14 | ERROR    | ayumi.pid_guard | Another forward test process is running (PID 26302). Refusing to start. Kill it first or remove /home/TacoPants/projects/Ayumi/data/forward_test.pid.
2026-05-13 18:35:25 | INFO     | ayumi.forward_test | [B5 Periodic] ticks=31768 bars_built=1 signals=1 traded=1 eval_errors=0
2026-05-13 18:35:27 | INFO     | ayumi.blend_launcher | [B5 Health] ticks=31771 tps=1.69 bars=1 signals=1 trades=1 balance=10000.00 uptime=19383s
2026-05-13 18:35:47 | ERROR    | ayumi.pid_guard | Another forward test process is running (PID 26302). Refusing to start. Kill it first or remove /home/TacoPants/projects/Ayumi/data/forward_test.pid.
2026-05-13 18:36:19 | ERROR    | ayumi.pid_guard | Another forward test process is running (PID 26302). Refusing to start. Kill it first or remove /home/TacoPants/projects/Ayumi/data/forward_test.pid.
2026-05-13 18:36:25 | INFO     | ayumi.forward_test | [B5 Periodic] ticks=31823 bars_built=1 signals=1 traded=1 eval_errors=0
2026-05-13 18:36:27 | INFO     | ayumi.blend_launcher | [B5 Health] ticks=31824 tps=1.11 bars=1 signals=1 trades=1 balance=8820.97 uptime=19443s
2026-05-13 18:36:52 | ERROR    | ayumi.pid_guard | Another forward test process is running (PID 26302). Refusing to start. Kill it first or remove /home/TacoPants/projects/Ayumi/data/forward_test.pid.
2026-05-13 18:37:24 | ERROR    | ayumi.pid_guard | Another forward test process is running (PID 26302). Refusing to start. Kill it first or remove /home/TacoPants/projects/Ayumi/data/forward_test.pid.
2026-05-13 18:37:25 | INFO     | ayumi.forward_test | [B5 Periodic] ticks=31888 bars_built=1 signals=1 traded=1 eval_errors=0
2026-05-13 18:37:27 | INFO     | ayumi.blend_launcher | [B5 Health] ticks=31890 tps=1.21 bars=1 signals=1 trades=1 balance=10000.00 uptime=19503s
2026-05-13 18:37:57 | ERROR    | ayumi.pid_guard | Another forward test process is running (PID 26302). Refusing to start. Kill it first or remove /home/TacoPants/projects/Ayumi/data/forward_test.pid.
2026-05-13 18:38:25 | INFO     | ayumi.forward_test | [B5 Periodic] ticks=31966 bars_built=1 signals=1 traded=1 eval_errors=0
2026-05-13 18:38:27 | INFO     | ayumi.blend_launcher | [B5 Health] ticks=31969 tps=1.20 bars=1 signals=1 trades=1 balance=9352.97 uptime=19563s
2026-05-13 18:38:30 | ERROR    | ayumi.pid_guard | Another forward test process is running (PID 26302). Refusing to start. Kill it first or remove /home/TacoPants/projects/Ayumi/data/forward_test.pid.
2026-05-13 18:39:02 | ERROR    | ayumi.pid_guard | Another forward test process is running (PID 26302). Refusing to start. Kill it first or remove /home/TacoPants/projects/Ayumi/data/forward_test.pid.
2026-05-13 18:39:25 | INFO     | ayumi.forward_test | [B5 Periodic] ticks=32025 bars_built=1 signals=1 traded=1 eval_errors=0
2026-05-13 18:39:27 | INFO     | ayumi.blend_launcher | [B5 Health] ticks=32027 tps=0.74 bars=1 signals=1 trades=1 balance=10000.00 uptime=19623s
2026-05-13 18:39:35 | ERROR    | ayumi.pid_guard | Another forward test process is running (PID 26302). Refusing to start. Kill it first or remove /home/TacoPants/projects/Ayumi/data/forward_test.pid.
2026-05-13 18:40:07 | ERROR    | ayumi.pid_guard | Another forward test process is running (PID 26302). Refusing to start. Kill it first or remove /home/TacoPants/projects/Ayumi/data/forward_test.pid.
2026-05-13 18:40:25 | INFO     | ayumi.forward_test | [B5 Periodic] ticks=32086 bars_built=1 signals=1 traded=1 eval_errors=0
2026-05-13 18:40:27 | INFO     | ayumi.blend_launcher | [B5 Health] ticks=32090 tps=0.97 bars=1 signals=1 trades=1 balance=10000.00 uptime=19683s
2026-05-13 18:40:40 | ERROR    | ayumi.pid_guard | Another forward test process is running (PID 26302). Refusing to start. Kill it first or remove /home/TacoPants/projects/Ayumi/data/forward_test.pid.
2026-05-13 18:41:13 | ERROR    | ayumi.pid_guard | Another forward test process is running (PID 26302). Refusing to start. Kill it first or remove /home/TacoPants/projects/Ayumi/data/forward_test.pid.
2026-05-13 18:41:25 | INFO     | ayumi.forward_test | [B5 Periodic] ticks=32158 bars_built=1 signals=1 traded=1 eval_errors=0
2026-05-13 18:41:27 | INFO     | ayumi.blend_launcher | [B5 Health] ticks=32162 tps=1.38 bars=1 signals=1 trades=1 balance=9694.97 uptime=19743s
2026-05-13 18:41:45 | ERROR    | ayumi.pid_guard | Another forward test process is running (PID 26302). Refusing to start. Kill it first or remove /home/TacoPants/projects/Ayumi/data/forward_test.pid.
2026-05-13 18:42:17 | ERROR    | ayumi.pid_guard | Another forward test process is running (PID 26302). Refusing to start. Kill it first or remove /home/TacoPants/projects/Ayumi/data/forward_test.pid.
2026-05-13 18:42:25 | INFO     | ayumi.forward_test | [B5 Periodic] ticks=32233 bars_built=1 signals=1 traded=1 eval_errors=0
2026-05-13 18:42:27 | INFO     | ayumi.blend_launcher | [B5 Health] ticks=32235 tps=0.81 bars=1 signals=1 trades=1 balance=10000.00 uptime=19803s
2026-05-13 18:42:49 | ERROR    | ayumi.pid_guard | Another forward test process is running (PID 26302). Refusing to start. Kill it first or remove /home/TacoPants/projects/Ayumi/data/forward_test.pid.
2026-05-13 18:43:22 | ERROR    | ayumi.pid_guard | Another forward test process is running (PID 26302). Refusing to start. Kill it first or remove /home/TacoPants/projects/Ayumi/data/forward_test.pid.
2026-05-13 18:43:25 | INFO     | ayumi.forward_test | [B5 Periodic] ticks=32292 bars_built=1 signals=1 traded=1 eval_errors=0
2026-05-13 18:43:27 | INFO     | ayumi.blend_launcher | [B5 Health] ticks=32293 tps=1.22 bars=1 signals=1 trades=1 balance=10000.00 uptime=19863s
2026-05-13 18:43:55 | ERROR    | ayumi.pid_guard | Another forward test process is running (PID 26302). Refusing to start. Kill it first or remove /home/TacoPants/projects/Ayumi/data/forward_test.pid.
2026-05-13 18:44:25 | INFO     | ayumi.forward_test | [B5 Periodic] ticks=32381 bars_built=1 signals=1 traded=1 eval_errors=0
2026-05-13 18:44:27 | ERROR    | ayumi.pid_guard | Another forward test process is running (PID 26302). Refusing to start. Kill it first or remove /home/TacoPants/projects/Ayumi/data/forward_test.pid.
2026-05-13 18:44:27 | INFO     | ayumi.blend_launcher | [B5 Health] ticks=32384 tps=1.65 bars=1 signals=1 trades=1 balance=10000.00 uptime=19923s
2026-05-13 18:44:59 | ERROR    | ayumi.pid_guard | Another forward test process is running (PID 26302). Refusing to start. Kill it first or remove /home/TacoPants/projects/Ayumi/data/forward_test.pid.
2026-05-13 18:45:25 | INFO     | ayumi.forward_test | [B5 Periodic] ticks=32446 bars_built=1 signals=1 traded=1 eval_errors=0
2026-05-13 18:45:27 | INFO     | ayumi.blend_launcher | [B5 Health] ticks=32451 tps=1.42 bars=1 signals=1 trades=1 balance=10000.00 uptime=19983s
2026-05-13 18:45:32 | ERROR    | ayumi.pid_guard | Another forward test process is running (PID 26302). Refusing to start. Kill it first or remove /home/TacoPants/projects/Ayumi/data/forward_test.pid.
2026-05-13 18:46:04 | ERROR    | ayumi.pid_guard | Another forward test process is running (PID 26302). Refusing to start. Kill it first or remove /home/TacoPants/projects/Ayumi/data/forward_test.pid.
2026-05-13 18:46:25 | INFO     | ayumi.forward_test | [B5 Periodic] ticks=32500 bars_built=1 signals=1 traded=1 eval_errors=0
2026-05-13 18:46:27 | INFO     | ayumi.blend_launcher | [B5 Health] ticks=32502 tps=1.60 bars=1 signals=1 trades=1 balance=10000.00 uptime=20043s
2026-05-13 18:46:37 | ERROR    | ayumi.pid_guard | Another forward test process is running (PID 26302). Refusing to start. Kill it first or remove /home/TacoPants/projects/Ayumi/data/forward_test.pid.
2026-05-13 18:47:10 | ERROR    | ayumi.pid_guard | Another forward test process is running (PID 26302). Refusing to start. Kill it first or remove /home/TacoPants/projects/Ayumi/data/forward_test.pid.
2026-05-13 18:47:25 | INFO     | ayumi.forward_test | [B5 Periodic] ticks=32613 bars_built=1 signals=1 traded=1 eval_errors=0
2026-05-13 18:47:27 | INFO     | ayumi.blend_launcher | [B5 Health] ticks=32619 tps=2.94 bars=1 signals=1 trades=1 balance=8288.97 uptime=20103s
2026-05-13 18:47:42 | ERROR    | ayumi.pid_guard | Another forward test process is running (PID 26302). Refusing to start. Kill it first or remove /home/TacoPants/projects/Ayumi/data/forward_test.pid.
2026-05-13 18:48:15 | ERROR    | ayumi.pid_guard | Another forward test process is running (PID 26302). Refusing to start. Kill it first or remove /home/TacoPants/projects/Ayumi/data/forward_test.pid.
2026-05-13 18:48:25 | INFO     | ayumi.forward_test | [B5 Periodic] ticks=32743 bars_built=1 signals=1 traded=1 eval_errors=0
2026-05-13 18:48:27 | INFO     | ayumi.blend_launcher | [B5 Health] ticks=32747 tps=2.71 bars=1 signals=1 trades=1 balance=10000.00 uptime=20163s
2026-05-13 18:48:47 | ERROR    | ayumi.pid_guard | Another forward test process is running (PID 26302). Refusing to start. Kill it first or remove /home/TacoPants/projects/Ayumi/data/forward_test.pid.
2026-05-13 18:49:19 | ERROR    | ayumi.pid_guard | Another forward test process is running (PID 26302). Refusing to start. Kill it first or remove /home/TacoPants/projects/Ayumi/data/forward_test.pid.
2026-05-13 18:49:25 | INFO     | ayumi.forward_test | [B5 Periodic] ticks=32834 bars_built=1 signals=1 traded=1 eval_errors=0
2026-05-13 18:49:27 | INFO     | ayumi.blend_launcher | [B5 Health] ticks=32838 tps=1.38 bars=1 signals=1 trades=1 balance=10000.00 uptime=20223s
2026-05-13 18:49:51 | ERROR    | ayumi.pid_guard | Another forward test process is running (PID 26302). Refusing to start. Kill it first or remove /home/TacoPants/projects/Ayumi/data/forward_test.pid.
2026-05-13 18:50:23 | ERROR    | ayumi.pid_guard | Another forward test process is running (PID 26302). Refusing to start. Kill it first or remove /home/TacoPants/projects/Ayumi/data/forward_test.pid.
2026-05-13 18:50:25 | INFO     | ayumi.forward_test | [B5 Periodic] ticks=32941 bars_built=1 signals=1 traded=1 eval_errors=0
2026-05-13 18:50:27 | INFO     | ayumi.blend_launcher | [B5 Health] ticks=32944 tps=2.24 bars=1 signals=1 trades=1 balance=10000.00 uptime=20283s
2026-05-13 18:50:56 | ERROR    | ayumi.pid_guard | Another forward test process is running (PID 26302). Refusing to start. Kill it first or remove /home/TacoPants/projects/Ayumi/data/forward_test.pid.
2026-05-13 18:51:25 | INFO     | ayumi.forward_test | [B5 Periodic] ticks=33041 bars_built=1 signals=1 traded=1 eval_errors=0
2026-05-13 18:51:27 | INFO     | ayumi.blend_launcher | [B5 Health] ticks=33046 tps=1.23 bars=1 signals=1 trades=1 balance=10000.00 uptime=20343s
2026-05-13 18:51:28 | ERROR    | ayumi.pid_guard | Another forward test process is running (PID 26302). Refusing to start. Kill it first or remove /home/TacoPants/projects/Ayumi/data/forward_test.pid.
2026-05-13 18:52:00 | ERROR    | ayumi.pid_guard | Another forward test process is running (PID 26302). Refusing to start. Kill it first or remove /home/TacoPants/projects/Ayumi/data/forward_test.pid.
2026-05-13 18:52:25 | INFO     | ayumi.forward_test | [B5 Periodic] ticks=33121 bars_built=1 signals=1 traded=1 eval_errors=0
2026-05-13 18:52:27 | INFO     | ayumi.blend_launcher | [B5 Health] ticks=33125 tps=1.01 bars=1 signals=1 trades=1 balance=8022.97 uptime=20403s
2026-05-13 18:52:33 | ERROR    | ayumi.pid_guard | Another forward test process is running (PID 26302). Refusing to start. Kill it first or remove /home/TacoPants/projects/Ayumi/data/forward_test.pid.
2026-05-13 18:53:05 | ERROR    | ayumi.pid_guard | Another forward test process is running (PID 26302). Refusing to start. Kill it first or remove /home/TacoPants/projects/Ayumi/data/forward_test.pid.
2026-05-13 18:53:25 | INFO     | ayumi.forward_test | [B5 Periodic] ticks=33214 bars_built=1 signals=1 traded=1 eval_errors=0
2026-05-13 18:53:27 | INFO     | ayumi.blend_launcher | [B5 Health] ticks=33218 tps=1.52 bars=1 signals=1 trades=1 balance=10000.00 uptime=20463s
2026-05-13 18:53:38 | ERROR    | ayumi.pid_guard | Another forward test process is running (PID 26302). Refusing to start. Kill it first or remove /home/TacoPants/projects/Ayumi/data/forward_test.pid.
2026-05-13 18:54:10 | ERROR    | ayumi.pid_guard | Another forward test process is running (PID 26302). Refusing to start. Kill it first or remove /home/TacoPants/projects/Ayumi/data/forward_test.pid.
2026-05-13 18:54:25 | INFO     | ayumi.forward_test | [B5 Periodic] ticks=33362 bars_built=1 signals=1 traded=1 eval_errors=0
2026-05-13 18:54:27 | INFO     | ayumi.blend_launcher | [B5 Health] ticks=33367 tps=3.40 bars=1 signals=1 trades=1 balance=9542.97 uptime=20523s
2026-05-13 18:54:42 | ERROR    | ayumi.pid_guard | Another forward test process is running (PID 26302). Refusing to start. Kill it first or remove /home/TacoPants/projects/Ayumi/data/forward_test.pid.
2026-05-13 18:55:15 | ERROR    | ayumi.pid_guard | Another forward test process is running (PID 26302). Refusing to start. Kill it first or remove /home/TacoPants/projects/Ayumi/data/forward_test.pid.
2026-05-13 18:55:25 | INFO     | ayumi.forward_test | [B5 Periodic] ticks=33458 bars_built=1 signals=1 traded=1 eval_errors=0
2026-05-13 18:55:27 | INFO     | ayumi.blend_launcher | [B5 Health] ticks=33461 tps=1.54 bars=1 signals=1 trades=1 balance=10000.00 uptime=20583s
2026-05-13 18:55:48 | ERROR    | ayumi.pid_guard | Another forward test process is running (PID 26302). Refusing to start. Kill it first or remove /home/TacoPants/projects/Ayumi/data/forward_test.pid.
2026-05-13 18:56:20 | ERROR    | ayumi.pid_guard | Another forward test process is running (PID 26302). Refusing to start. Kill it first or remove /home/TacoPants/projects/Ayumi/data/forward_test.pid.
2026-05-13 18:56:25 | INFO     | ayumi.forward_test | [B5 Periodic] ticks=33548 bars_built=1 signals=1 traded=1 eval_errors=0
2026-05-13 18:56:27 | INFO     | ayumi.blend_launcher | [B5 Health] ticks=33553 tps=2.02 bars=1 signals=1 trades=1 balance=8858.97 uptime=20643s
2026-05-13 18:56:53 | ERROR    | ayumi.pid_guard | Another forward test process is running (PID 26302). Refusing to start. Kill it first or remove /home/TacoPants/projects/Ayumi/data/forward_test.pid.
2026-05-13 18:57:25 | INFO     | ayumi.forward_test | [B5 Periodic] ticks=33668 bars_built=1 signals=1 traded=1 eval_errors=0
2026-05-13 18:57:25 | ERROR    | ayumi.pid_guard | Another forward test process is running (PID 26302). Refusing to start. Kill it first or remove /home/TacoPants/projects/Ayumi/data/forward_test.pid.
2026-05-13 18:57:27 | INFO     | ayumi.blend_launcher | [B5 Health] ticks=33675 tps=2.58 bars=1 signals=1 trades=1 balance=10000.00 uptime=20703s
2026-05-13 18:57:58 | ERROR    | ayumi.pid_guard | Another forward test process is running (PID 26302). Refusing to start. Kill it first or remove /home/TacoPants/projects/Ayumi/data/forward_test.pid.
2026-05-13 18:58:25 | INFO     | ayumi.forward_test | [B5 Periodic] ticks=33795 bars_built=1 signals=1 traded=1 eval_errors=0
2026-05-13 18:58:27 | INFO     | ayumi.blend_launcher | [B5 Health] ticks=33798 tps=1.43 bars=1 signals=1 trades=1 balance=8972.97 uptime=20763s
2026-05-13 18:58:31 | ERROR    | ayumi.pid_guard | Another forward test process is running (PID 26302). Refusing to start. Kill it first or remove /home/TacoPants/projects/Ayumi/data/forward_test.pid.
2026-05-13 18:59:04 | ERROR    | ayumi.pid_guard | Another forward test process is running (PID 26302). Refusing to start. Kill it first or remove /home/TacoPants/projects/Ayumi/data/forward_test.pid.
2026-05-13 18:59:25 | INFO     | ayumi.forward_test | [B5 Periodic] ticks=33865 bars_built=1 signals=1 traded=1 eval_errors=0
2026-05-13 18:59:27 | INFO     | ayumi.blend_launcher | [B5 Health] ticks=33872 tps=2.28 bars=1 signals=1 trades=1 balance=8554.97 uptime=20823s
2026-05-13 18:59:37 | ERROR    | ayumi.pid_guard | Another forward test process is running (PID 26302). Refusing to start. Kill it first or remove /home/TacoPants/projects/Ayumi/data/forward_test.pid.
2026-05-13 19:00:10 | ERROR    | ayumi.pid_guard | Another forward test process is running (PID 26302). Refusing to start. Kill it first or remove /home/TacoPants/projects/Ayumi/data/forward_test.pid.
2026-05-13 19:00:25 | INFO     | ayumi.forward_test | [B5 Periodic] ticks=33977 bars_built=1 signals=1 traded=1 eval_errors=0
2026-05-13 19:00:27 | INFO     | ayumi.blend_launcher | [B5 Health] ticks=33987 tps=3.00 bars=1 signals=1 trades=1 balance=10000.00 uptime=20883s
2026-05-13 19:00:42 | ERROR    | ayumi.pid_guard | Another forward test process is running (PID 26302). Refusing to start. Kill it first or remove /home/TacoPants/projects/Ayumi/data/forward_test.pid.
2026-05-13 19:01:15 | ERROR    | ayumi.pid_guard | Another forward test process is running (PID 26302). Refusing to start. Kill it first or remove /home/TacoPants/projects/Ayumi/data/forward_test.pid.
2026-05-13 19:01:25 | INFO     | ayumi.forward_test | [B5 Periodic] ticks=34082 bars_built=1 signals=1 traded=1 eval_errors=0
2026-05-13 19:01:27 | INFO     | ayumi.blend_launcher | [B5 Health] ticks=34086 tps=1.77 bars=1 signals=1 trades=1 balance=10000.00 uptime=20943s
2026-05-13 19:01:47 | ERROR    | ayumi.pid_guard | Another forward test process is running (PID 26302). Refusing to start. Kill it first or remove /home/TacoPants/projects/Ayumi/data/forward_test.pid.
2026-05-13 19:02:19 | ERROR    | ayumi.pid_guard | Another forward test process is running (PID 26302). Refusing to start. Kill it first or remove /home/TacoPants/projects/Ayumi/data/forward_test.pid.
2026-05-13 19:02:25 | INFO     | ayumi.forward_test | [B5 Periodic] ticks=34149 bars_built=1 signals=1 traded=1 eval_errors=0
2026-05-13 19:02:27 | INFO     | ayumi.blend_launcher | [B5 Health] ticks=34155 tps=1.32 bars=1 signals=1 trades=1 balance=10000.00 uptime=21003s
2026-05-13 19:02:52 | ERROR    | ayumi.pid_guard | Another forward test process is running (PID 26302). Refusing to start. Kill it first or remove /home/TacoPants/projects/Ayumi/data/forward_test.pid.
2026-05-13 19:03:24 | ERROR    | ayumi.pid_guard | Another forward test process is running (PID 26302). Refusing to start. Kill it first or remove /home/TacoPants/projects/Ayumi/data/forward_test.pid.
2026-05-13 19:03:25 | INFO     | ayumi.forward_test | [B5 Periodic] ticks=34226 bars_built=1 signals=1 traded=1 eval_errors=0
2026-05-13 19:03:27 | INFO     | ayumi.blend_launcher | [B5 Health] ticks=34238 tps=2.67 bars=1 signals=1 trades=1 balance=10000.00 uptime=21063s
2026-05-13 19:03:57 | ERROR    | ayumi.pid_guard | Another forward test process is running (PID 26302). Refusing to start. Kill it first or remove /home/TacoPants/projects/Ayumi/data/forward_test.pid.
2026-05-13 19:04:25 | INFO     | ayumi.forward_test | [B5 Periodic] ticks=34317 bars_built=1 signals=1 traded=1 eval_errors=0
2026-05-13 19:04:27 | INFO     | ayumi.blend_launcher | [B5 Health] ticks=34319 tps=1.91 bars=1 signals=1 trades=1 balance=10000.00 uptime=21123s
2026-05-13 19:04:30 | ERROR    | ayumi.pid_guard | Another forward test process is running (PID 26302). Refusing to start. Kill it first or remove /home/TacoPants/projects/Ayumi/data/forward_test.pid.
2026-05-13 19:05:03 | ERROR    | ayumi.pid_guard | Another forward test process is running (PID 26302). Refusing to start. Kill it first or remove /home/TacoPants/projects/Ayumi/data/forward_test.pid.
2026-05-13 19:05:25 | INFO     | ayumi.forward_test | [B5 Periodic] ticks=34393 bars_built=1 signals=1 traded=1 eval_errors=0
2026-05-13 19:05:27 | INFO     | ayumi.blend_launcher | [B5 Health] ticks=34397 tps=1.86 bars=1 signals=1 trades=1 balance=10000.00 uptime=21183s
2026-05-13 19:05:35 | ERROR    | ayumi.pid_guard | Another forward test process is running (PID 26302). Refusing to start. Kill it first or remove /home/TacoPants/projects/Ayumi/data/forward_test.pid.
2026-05-13 19:06:08 | ERROR    | ayumi.pid_guard | Another forward test process is running (PID 26302). Refusing to start. Kill it first or remove /home/TacoPants/projects/Ayumi/data/forward_test.pid.
2026-05-13 19:06:25 | INFO     | ayumi.forward_test | [B5 Periodic] ticks=34474 bars_built=1 signals=1 traded=1 eval_errors=0
2026-05-13 19:06:27 | INFO     | ayumi.blend_launcher | [B5 Health] ticks=34474 tps=1.31 bars=1 signals=1 trades=1 balance=8554.97 uptime=21243s
2026-05-13 19:06:40 | ERROR    | ayumi.pid_guard | Another forward test process is running (PID 26302). Refusing to start. Kill it first or remove /home/TacoPants/projects/Ayumi/data/forward_test.pid.
2026-05-13 19:07:13 | ERROR    | ayumi.pid_guard | Another forward test process is running (PID 26302). Refusing to start. Kill it first or remove /home/TacoPants/projects/Ayumi/data/forward_test.pid.
2026-05-13 19:07:25 | INFO     | ayumi.forward_test | [B5 Periodic] ticks=34562 bars_built=1 signals=1 traded=1 eval_errors=0
2026-05-13 19:07:27 | INFO     | ayumi.blend_launcher | [B5 Health] ticks=34564 tps=1.51 bars=1 signals=1 trades=1 balance=10000.00 uptime=21303s
2026-05-13 19:07:45 | ERROR    | ayumi.pid_guard | Another forward test process is running (PID 26302). Refusing to start. Kill it first or remove /home/TacoPants/projects/Ayumi/data/forward_test.pid.
2026-05-13 19:08:18 | ERROR    | ayumi.pid_guard | Another forward test process is running (PID 26302). Refusing to start. Kill it first or remove /home/TacoPants/projects/Ayumi/data/forward_test.pid.
2026-05-13 19:08:25 | INFO     | ayumi.forward_test | [B5 Periodic] ticks=34633 bars_built=1 signals=1 traded=1 eval_errors=0
2026-05-13 19:08:27 | INFO     | ayumi.blend_launcher | [B5 Health] ticks=34633 tps=1.89 bars=1 signals=1 trades=1 balance=8782.97 uptime=21363s
2026-05-13 19:08:50 | ERROR    | ayumi.pid_guard | Another forward test process is running (PID 26302). Refusing to start. Kill it first or remove /home/TacoPants/projects/Ayumi/data/forward_test.pid.
2026-05-13 19:09:24 | ERROR    | ayumi.pid_guard | Another forward test process is running (PID 26302). Refusing to start. Kill it first or remove /home/TacoPants/projects/Ayumi/data/forward_test.pid.
2026-05-13 19:09:25 | INFO     | ayumi.forward_test | [B5 Periodic] ticks=34696 bars_built=1 signals=1 traded=1 eval_errors=0
2026-05-13 19:09:27 | INFO     | ayumi.blend_launcher | [B5 Health] ticks=34699 tps=1.21 bars=1 signals=1 trades=1 balance=10000.00 uptime=21423s
2026-05-13 19:09:57 | ERROR    | ayumi.pid_guard | Another forward test process is running (PID 26302). Refusing to start. Kill it first or remove /home/TacoPants/projects/Ayumi/data/forward_test.pid.
2026-05-13 19:10:25 | INFO     | ayumi.forward_test | [B5 Periodic] ticks=34786 bars_built=1 signals=1 traded=1 eval_errors=0
2026-05-13 19:10:27 | INFO     | ayumi.blend_launcher | [B5 Health] ticks=34788 tps=1.65 bars=1 signals=1 trades=1 balance=10000.00 uptime=21483s
2026-05-13 19:10:30 | ERROR    | ayumi.pid_guard | Another forward test process is running (PID 26302). Refusing to start. Kill it first or remove /home/TacoPants/projects/Ayumi/data/forward_test.pid.
2026-05-13 19:11:02 | ERROR    | ayumi.pid_guard | Another forward test process is running (PID 26302). Refusing to start. Kill it first or remove /home/TacoPants/projects/Ayumi/data/forward_test.pid.
2026-05-13 19:11:25 | INFO     | ayumi.forward_test | [B5 Periodic] ticks=34827 bars_built=1 signals=1 traded=1 eval_errors=0
2026-05-13 19:11:27 | INFO     | ayumi.blend_launcher | [B5 Health] ticks=34829 tps=1.35 bars=1 signals=1 trades=1 balance=8668.97 uptime=21543s
2026-05-13 19:11:35 | ERROR    | ayumi.pid_guard | Another forward test process is running (PID 26302). Refusing to start. Kill it first or remove /home/TacoPants/projects/Ayumi/data/forward_test.pid.
2026-05-13 19:12:07 | ERROR    | ayumi.pid_guard | Another forward test process is running (PID 26302). Refusing to start. Kill it first or remove /home/TacoPants/projects/Ayumi/data/forward_test.pid.
2026-05-13 19:12:25 | INFO     | ayumi.forward_test | [B5 Periodic] ticks=34885 bars_built=1 signals=1 traded=1 eval_errors=0
2026-05-13 19:12:27 | INFO     | ayumi.blend_launcher | [B5 Health] ticks=34890 tps=1.60 bars=1 signals=1 trades=1 balance=8706.97 uptime=21603s
2026-05-13 19:12:40 | ERROR    | ayumi.pid_guard | Another forward test process is running (PID 26302). Refusing to start. Kill it first or remove /home/TacoPants/projects/Ayumi/data/forward_test.pid.
2026-05-13 19:13:12 | ERROR    | ayumi.pid_guard | Another forward test process is running (PID 26302). Refusing to start. Kill it first or remove /home/TacoPants/projects/Ayumi/data/forward_test.pid.
2026-05-13 19:13:25 | INFO     | ayumi.forward_test | [B5 Periodic] ticks=34934 bars_built=1 signals=1 traded=1 eval_errors=0
2026-05-13 19:13:27 | INFO     | ayumi.blend_launcher | [B5 Health] ticks=34939 tps=1.67 bars=1 signals=1 trades=1 balance=10000.00 uptime=21663s
2026-05-13 19:13:45 | ERROR    | ayumi.pid_guard | Another forward test process is running (PID 26302). Refusing to start. Kill it first or remove /home/TacoPants/projects/Ayumi/data/forward_test.pid.
2026-05-13 19:14:18 | ERROR    | ayumi.pid_guard | Another forward test process is running (PID 26302). Refusing to start. Kill it first or remove /home/TacoPants/projects/Ayumi/data/forward_test.pid.
2026-05-13 19:14:25 | INFO     | ayumi.forward_test | [B5 Periodic] ticks=35015 bars_built=1 signals=1 traded=1 eval_errors=0
2026-05-13 19:14:27 | INFO     | ayumi.blend_launcher | [B5 Health] ticks=35016 tps=1.39 bars=1 signals=1 trades=1 balance=10000.00 uptime=21723s
2026-05-13 19:14:50 | ERROR    | ayumi.pid_guard | Another forward test process is running (PID 26302). Refusing to start. Kill it first or remove /home/TacoPants/projects/Ayumi/data/forward_test.pid.
2026-05-13 19:15:23 | ERROR    | ayumi.pid_guard | Another forward test process is running (PID 26302). Refusing to start. Kill it first or remove /home/TacoPants/projects/Ayumi/data/forward_test.pid.
2026-05-13 19:15:25 | INFO     | ayumi.forward_test | [B5 Periodic] ticks=35084 bars_built=1 signals=1 traded=1 eval_errors=0
2026-05-13 19:15:27 | INFO     | ayumi.blend_launcher | [B5 Health] ticks=35092 tps=1.88 bars=1 signals=1 trades=1 balance=9162.97 uptime=21783s
2026-05-13 19:15:55 | ERROR    | ayumi.pid_guard | Another forward test process is running (PID 26302). Refusing to start. Kill it first or remove /home/TacoPants/projects/Ayumi/data/forward_test.pid.
2026-05-13 19:16:25 | INFO     | ayumi.forward_test | [B5 Periodic] ticks=35141 bars_built=1 signals=1 traded=1 eval_errors=0
2026-05-13 19:16:27 | INFO     | ayumi.blend_launcher | [B5 Health] ticks=35141 tps=1.21 bars=1 signals=1 trades=1 balance=10000.00 uptime=21843s
2026-05-13 19:16:28 | ERROR    | ayumi.pid_guard | Another forward test process is running (PID 26302). Refusing to start. Kill it first or remove /home/TacoPants/projects/Ayumi/data/forward_test.pid.
2026-05-13 19:17:01 | ERROR    | ayumi.pid_guard | Another forward test process is running (PID 26302). Refusing to start. Kill it first or remove /home/TacoPants/projects/Ayumi/data/forward_test.pid.
2026-05-13 19:17:25 | INFO     | ayumi.forward_test | [B5 Periodic] ticks=35185 bars_built=1 signals=1 traded=1 eval_errors=0
2026-05-13 19:17:27 | INFO     | ayumi.blend_launcher | [B5 Health] ticks=35188 tps=1.43 bars=1 signals=1 trades=1 balance=10000.00 uptime=21903s
2026-05-13 19:17:34 | ERROR    | ayumi.pid_guard | Another forward test process is running (PID 26302). Refusing to start. Kill it first or remove /home/TacoPants/projects/Ayumi/data/forward_test.pid.
2026-05-13 19:18:07 | ERROR    | ayumi.pid_guard | Another forward test process is running (PID 26302). Refusing to start. Kill it first or remove /home/TacoPants/projects/Ayumi/data/forward_test.pid.
2026-05-13 19:18:25 | INFO     | ayumi.forward_test | [B5 Periodic] ticks=35278 bars_built=1 signals=1 traded=1 eval_errors=0
2026-05-13 19:18:27 | INFO     | ayumi.blend_launcher | [B5 Health] ticks=35278 tps=1.43 bars=1 signals=1 trades=1 balance=9390.97 uptime=21963s
2026-05-13 19:18:40 | ERROR    | ayumi.pid_guard | Another forward test process is running (PID 26302). Refusing to start. Kill it first or remove /home/TacoPants/projects/Ayumi/data/forward_test.pid.
2026-05-13 19:19:12 | ERROR    | ayumi.pid_guard | Another forward test process is running (PID 26302). Refusing to start. Kill it first or remove /home/TacoPants/projects/Ayumi/data/forward_test.pid.
2026-05-13 19:19:25 | INFO     | ayumi.forward_test | [B5 Periodic] ticks=35329 bars_built=1 signals=1 traded=1 eval_errors=0
2026-05-13 19:19:27 | INFO     | ayumi.blend_launcher | [B5 Health] ticks=35331 tps=0.93 bars=1 signals=1 trades=1 balance=10000.00 uptime=22023s
2026-05-13 19:19:45 | ERROR    | ayumi.pid_guard | Another forward test process is running (PID 26302). Refusing to start. Kill it first or remove /home/TacoPants/projects/Ayumi/data/forward_test.pid.
2026-05-13 19:20:18 | ERROR    | ayumi.pid_guard | Another forward test process is running (PID 26302). Refusing to start. Kill it first or remove /home/TacoPants/projects/Ayumi/data/forward_test.pid.
2026-05-13 19:20:25 | INFO     | ayumi.forward_test | [B5 Periodic] ticks=35395 bars_built=1 signals=1 traded=1 eval_errors=0
2026-05-13 19:20:27 | INFO     | ayumi.blend_launcher | [B5 Health] ticks=35399 tps=1.56 bars=1 signals=1 trades=1 balance=10000.00 uptime=22083s
2026-05-13 19:20:50 | ERROR    | ayumi.pid_guard | Another forward test process is running (PID 26302). Refusing to start. Kill it first or remove /home/TacoPants/projects/Ayumi/data/forward_test.pid.
2026-05-13 19:21:23 | ERROR    | ayumi.pid_guard | Another forward test process is running (PID 26302). Refusing to start. Kill it first or remove /home/TacoPants/projects/Ayumi/data/forward_test.pid.
2026-05-13 19:21:25 | INFO     | ayumi.forward_test | [B5 Periodic] ticks=35460 bars_built=1 signals=1 traded=1 eval_errors=0
2026-05-13 19:21:27 | INFO     | ayumi.blend_launcher | [B5 Health] ticks=35464 tps=1.34 bars=1 signals=1 trades=1 balance=10000.00 uptime=22143s
2026-05-13 19:21:55 | ERROR    | ayumi.pid_guard | Another forward test process is running (PID 26302). Refusing to start. Kill it first or remove /home/TacoPants/projects/Ayumi/data/forward_test.pid.
2026-05-13 19:22:25 | INFO     | ayumi.forward_test | [B5 Periodic] ticks=35528 bars_built=1 signals=1 traded=1 eval_errors=0
2026-05-13 19:22:27 | INFO     | ayumi.blend_launcher | [B5 Health] ticks=35531 tps=1.44 bars=1 signals=1 trades=1 balance=10000.00 uptime=22203s
2026-05-13 19:22:28 | ERROR    | ayumi.pid_guard | Another forward test process is running (PID 26302). Refusing to start. Kill it first or remove /home/TacoPants/projects/Ayumi/data/forward_test.pid.
2026-05-13 19:23:01 | ERROR    | ayumi.pid_guard | Another forward test process is running (PID 26302). Refusing to start. Kill it first or remove /home/TacoPants/projects/Ayumi/data/forward_test.pid.
2026-05-13 19:23:25 | INFO     | ayumi.forward_test | [B5 Periodic] ticks=35602 bars_built=1 signals=1 traded=1 eval_errors=0
2026-05-13 19:23:27 | INFO     | ayumi.blend_launcher | [B5 Health] ticks=35606 tps=1.46 bars=1 signals=1 trades=1 balance=9162.97 uptime=22263s
2026-05-13 19:23:33 | ERROR    | ayumi.pid_guard | Another forward test process is running (PID 26302). Refusing to start. Kill it first or remove /home/TacoPants/projects/Ayumi/data/forward_test.pid.
2026-05-13 19:24:06 | ERROR    | ayumi.pid_guard | Another forward test process is running (PID 26302). Refusing to start. Kill it first or remove /home/TacoPants/projects/Ayumi/data/forward_test.pid.
2026-05-13 19:24:25 | INFO     | ayumi.forward_test | [B5 Periodic] ticks=35674 bars_built=1 signals=1 traded=1 eval_errors=0
2026-05-13 19:24:27 | INFO     | ayumi.blend_launcher | [B5 Health] ticks=35674 tps=1.30 bars=1 signals=1 trades=1 balance=10000.00 uptime=22323s
2026-05-13 19:24:38 | ERROR    | ayumi.pid_guard | Another forward test process is running (PID 26302). Refusing to start. Kill it first or remove /home/TacoPants/projects/Ayumi/data/forward_test.pid.
2026-05-13 19:25:10 | ERROR    | ayumi.pid_guard | Another forward test process is running (PID 26302). Refusing to start. Kill it first or remove /home/TacoPants/projects/Ayumi/data/forward_test.pid.
2026-05-13 19:25:25 | INFO     | ayumi.forward_test | [B5 Periodic] ticks=35749 bars_built=1 signals=1 traded=1 eval_errors=0
2026-05-13 19:25:27 | INFO     | ayumi.blend_launcher | [B5 Health] ticks=35754 tps=1.24 bars=1 signals=1 trades=1 balance=10000.00 uptime=22383s
2026-05-13 19:25:43 | ERROR    | ayumi.pid_guard | Another forward test process is running (PID 26302). Refusing to start. Kill it first or remove /home/TacoPants/projects/Ayumi/data/forward_test.pid.
2026-05-13 19:26:16 | ERROR    | ayumi.pid_guard | Another forward test process is running (PID 26302). Refusing to start. Kill it first or remove /home/TacoPants/projects/Ayumi/data/forward_test.pid.
2026-05-13 19:26:25 | INFO     | ayumi.forward_test | [B5 Periodic] ticks=35831 bars_built=1 signals=1 traded=1 eval_errors=0
2026-05-13 19:26:27 | INFO     | ayumi.blend_launcher | [B5 Health] ticks=35834 tps=1.56 bars=1 signals=1 trades=1 balance=10000.00 uptime=22443s
2026-05-13 19:26:48 | ERROR    | ayumi.pid_guard | Another forward test process is running (PID 26302). Refusing to start. Kill it first or remove /home/TacoPants/projects/Ayumi/data/forward_test.pid.
2026-05-13 19:27:20 | ERROR    | ayumi.pid_guard | Another forward test process is running (PID 26302). Refusing to start. Kill it first or remove /home/TacoPants/projects/Ayumi/data/forward_test.pid.
2026-05-13 19:27:25 | INFO     | ayumi.forward_test | [B5 Periodic] ticks=35933 bars_built=1 signals=1 traded=1 eval_errors=0
2026-05-13 19:27:27 | INFO     | ayumi.blend_launcher | [B5 Health] ticks=35938 tps=2.75 bars=1 signals=1 trades=1 balance=10000.00 uptime=22503s
2026-05-13 19:27:52 | ERROR    | ayumi.pid_guard | Another forward test process is running (PID 26302). Refusing to start. Kill it first or remove /home/TacoPants/projects/Ayumi/data/forward_test.pid.
2026-05-13 19:28:25 | ERROR    | ayumi.pid_guard | Another forward test process is running (PID 26302). Refusing to start. Kill it first or remove /home/TacoPants/projects/Ayumi/data/forward_test.pid.
2026-05-13 19:28:25 | INFO     | ayumi.forward_test | [B5 Periodic] ticks=36024 bars_built=1 signals=1 traded=1 eval_errors=0
2026-05-13 19:28:27 | INFO     | ayumi.blend_launcher | [B5 Health] ticks=36027 tps=1.33 bars=1 signals=1 trades=1 balance=9732.97 uptime=22563s
2026-05-13 19:28:57 | ERROR    | ayumi.pid_guard | Another forward test process is running (PID 26302). Refusing to start. Kill it first or remove /home/TacoPants/projects/Ayumi/data/forward_test.pid.
2026-05-13 19:29:25 | INFO     | ayumi.forward_test | [B5 Periodic] ticks=36107 bars_built=1 signals=1 traded=1 eval_errors=0
2026-05-13 19:29:27 | INFO     | ayumi.blend_launcher | [B5 Health] ticks=36111 tps=1.47 bars=1 signals=1 trades=1 balance=10000.00 uptime=22623s
2026-05-13 19:29:29 | ERROR    | ayumi.pid_guard | Another forward test process is running (PID 26302). Refusing to start. Kill it first or remove /home/TacoPants/projects/Ayumi/data/forward_test.pid.
2026-05-13 19:30:01 | ERROR    | ayumi.pid_guard | Another forward test process is running (PID 26302). Refusing to start. Kill it first or remove /home/TacoPants/projects/Ayumi/data/forward_test.pid.
2026-05-13 19:30:25 | INFO     | ayumi.forward_test | [B5 Periodic] ticks=36193 bars_built=1 signals=1 traded=1 eval_errors=0
2026-05-13 19:30:27 | INFO     | ayumi.blend_launcher | [B5 Health] ticks=36193 tps=1.21 bars=1 signals=1 trades=1 balance=9998.97 uptime=22683s
2026-05-13 19:30:34 | ERROR    | ayumi.pid_guard | Another forward test process is running (PID 26302). Refusing to start. Kill it first or remove /home/TacoPants/projects/Ayumi/data/forward_test.pid.
2026-05-13 19:31:06 | ERROR    | ayumi.pid_guard | Another forward test process is running (PID 26302). Refusing to start. Kill it first or remove /home/TacoPants/projects/Ayumi/data/forward_test.pid.
2026-05-13 19:31:25 | INFO     | ayumi.forward_test | [B5 Periodic] ticks=36251 bars_built=1 signals=1 traded=1 eval_errors=0
2026-05-13 19:31:28 | INFO     | ayumi.blend_launcher | [B5 Health] ticks=36252 tps=1.51 bars=1 signals=1 trades=1 balance=10000.00 uptime=22743s
2026-05-13 19:31:39 | ERROR    | ayumi.pid_guard | Another forward test process is running (PID 26302). Refusing to start. Kill it first or remove /home/TacoPants/projects/Ayumi/data/forward_test.pid.
2026-05-13 19:32:11 | ERROR    | ayumi.pid_guard | Another forward test process is running (PID 26302). Refusing to start. Kill it first or remove /home/TacoPants/projects/Ayumi/data/forward_test.pid.
2026-05-13 19:32:25 | INFO     | ayumi.forward_test | [B5 Periodic] ticks=36323 bars_built=1 signals=1 traded=1 eval_errors=0
2026-05-13 19:32:28 | INFO     | ayumi.blend_launcher | [B5 Health] ticks=36325 tps=0.90 bars=1 signals=1 trades=1 balance=9998.97 uptime=22803s
2026-05-13 19:32:43 | ERROR    | ayumi.pid_guard | Another forward test process is running (PID 26302). Refusing to start. Kill it first or remove /home/TacoPants/projects/Ayumi/data/forward_test.pid.
2026-05-13 19:33:16 | ERROR    | ayumi.pid_guard | Another forward test process is running (PID 26302). Refusing to start. Kill it first or remove /home/TacoPants/projects/Ayumi/data/forward_test.pid.
2026-05-13 19:33:25 | INFO     | ayumi.forward_test | [B5 Periodic] ticks=36399 bars_built=1 signals=1 traded=1 eval_errors=0
2026-05-13 19:33:28 | INFO     | ayumi.blend_launcher | [B5 Health] ticks=36403 tps=1.58 bars=1 signals=1 trades=1 balance=10000.00 uptime=22863s
2026-05-13 19:33:48 | ERROR    | ayumi.pid_guard | Another forward test process is running (PID 26302). Refusing to start. Kill it first or remove /home/TacoPants/projects/Ayumi/data/forward_test.pid.
2026-05-13 19:34:21 | ERROR    | ayumi.pid_guard | Another forward test process is running (PID 26302). Refusing to start. Kill it first or remove /home/TacoPants/projects/Ayumi/data/forward_test.pid.
2026-05-13 19:34:25 | INFO     | ayumi.forward_test | [B5 Periodic] ticks=36476 bars_built=1 signals=1 traded=1 eval_errors=0
2026-05-13 19:34:28 | INFO     | ayumi.blend_launcher | [B5 Health] ticks=36479 tps=1.23 bars=1 signals=1 trades=1 balance=10000.00 uptime=22923s
2026-05-13 19:34:53 | ERROR    | ayumi.pid_guard | Another forward test process is running (PID 26302). Refusing to start. Kill it first or remove /home/TacoPants/projects/Ayumi/data/forward_test.pid.
2026-05-13 19:35:25 | INFO     | ayumi.forward_test | [B5 Periodic] ticks=36541 bars_built=1 signals=1 traded=1 eval_errors=0
2026-05-13 19:35:26 | ERROR    | ayumi.pid_guard | Another forward test process is running (PID 26302). Refusing to start. Kill it first or remove /home/TacoPants/projects/Ayumi/data/forward_test.pid.
2026-05-13 19:35:28 | INFO     | ayumi.blend_launcher | [B5 Health] ticks=36546 tps=1.51 bars=1 signals=1 trades=1 balance=10000.00 uptime=22983s
2026-05-13 19:35:58 | ERROR    | ayumi.pid_guard | Another forward test process is running (PID 26302). Refusing to start. Kill it first or remove /home/TacoPants/projects/Ayumi/data/forward_test.pid.
2026-05-13 19:36:25 | INFO     | ayumi.forward_test | [B5 Periodic] ticks=36630 bars_built=1 signals=1 traded=1 eval_errors=0
2026-05-13 19:36:28 | INFO     | ayumi.blend_launcher | [B5 Health] ticks=36634 tps=1.83 bars=1 signals=1 trades=1 balance=10000.00 uptime=23043s
2026-05-13 19:36:31 | ERROR    | ayumi.pid_guard | Another forward test process is running (PID 26302). Refusing to start. Kill it first or remove /home/TacoPants/projects/Ayumi/data/forward_test.pid.
2026-05-13 19:37:03 | ERROR    | ayumi.pid_guard | Another forward test process is running (PID 26302). Refusing to start. Kill it first or remove /home/TacoPants/projects/Ayumi/data/forward_test.pid.
2026-05-13 19:37:25 | INFO     | ayumi.forward_test | [B5 Periodic] ticks=36709 bars_built=1 signals=1 traded=1 eval_errors=0
2026-05-13 19:37:28 | INFO     | ayumi.blend_launcher | [B5 Health] ticks=36711 tps=1.31 bars=1 signals=1 trades=1 balance=9124.97 uptime=23103s
2026-05-13 19:37:36 | ERROR    | ayumi.pid_guard | Another forward test process is running (PID 26302). Refusing to start. Kill it first or remove /home/TacoPants/projects/Ayumi/data/forward_test.pid.
2026-05-13 19:38:10 | ERROR    | ayumi.pid_guard | Another forward test process is running (PID 26302). Refusing to start. Kill it first or remove /home/TacoPants/projects/Ayumi/data/forward_test.pid.
2026-05-13 19:38:25 | INFO     | ayumi.forward_test | [B5 Periodic] ticks=36797 bars_built=1 signals=1 traded=1 eval_errors=0
2026-05-13 19:38:28 | INFO     | ayumi.blend_launcher | [B5 Health] ticks=36799 tps=1.01 bars=1 signals=1 trades=1 balance=10000.00 uptime=23163s
2026-05-13 19:38:44 | ERROR    | ayumi.pid_guard | Another forward test process is running (PID 26302). Refusing to start. Kill it first or remove /home/TacoPants/projects/Ayumi/data/forward_test.pid.
2026-05-13 19:39:18 | ERROR    | ayumi.pid_guard | Another forward test process is running (PID 26302). Refusing to start. Kill it first or remove /home/TacoPants/projects/Ayumi/data/forward_test.pid.
2026-05-13 19:39:25 | INFO     | ayumi.forward_test | [B5 Periodic] ticks=36906 bars_built=1 signals=1 traded=1 eval_errors=0
2026-05-13 19:39:28 | INFO     | ayumi.blend_launcher | [B5 Health] ticks=36908 tps=1.09 bars=1 signals=1 trades=1 balance=9086.97 uptime=23223s
2026-05-13 19:39:50 | ERROR    | ayumi.pid_guard | Another forward test process is running (PID 26302). Refusing to start. Kill it first or remove /home/TacoPants/projects/Ayumi/data/forward_test.pid.
2026-05-13 19:40:23 | ERROR    | ayumi.pid_guard | Another forward test process is running (PID 26302). Refusing to start. Kill it first or remove /home/TacoPants/projects/Ayumi/data/forward_test.pid.
2026-05-13 19:40:25 | INFO     | ayumi.forward_test | [B5 Periodic] ticks=36980 bars_built=1 signals=1 traded=1 eval_errors=0
2026-05-13 19:40:28 | INFO     | ayumi.blend_launcher | [B5 Health] ticks=36982 tps=1.79 bars=1 signals=1 trades=1 balance=8934.97 uptime=23283s
2026-05-13 19:40:56 | ERROR    | ayumi.pid_guard | Another forward test process is running (PID 26302). Refusing to start. Kill it first or remove /home/TacoPants/projects/Ayumi/data/forward_test.pid.
2026-05-13 19:41:25 | INFO     | ayumi.forward_test | [B5 Periodic] ticks=37042 bars_built=1 signals=1 traded=1 eval_errors=0
2026-05-13 19:41:28 | INFO     | ayumi.blend_launcher | [B5 Health] ticks=37048 tps=1.80 bars=1 signals=1 trades=1 balance=10000.00 uptime=23343s
2026-05-13 19:41:30 | ERROR    | ayumi.pid_guard | Another forward test process is running (PID 26302). Refusing to start. Kill it first or remove /home/TacoPants/projects/Ayumi/data/forward_test.pid.
2026-05-13 19:42:02 | ERROR    | ayumi.pid_guard | Another forward test process is running (PID 26302). Refusing to start. Kill it first or remove /home/TacoPants/projects/Ayumi/data/forward_test.pid.
2026-05-13 19:42:25 | INFO     | ayumi.forward_test | [B5 Periodic] ticks=37117 bars_built=1 signals=1 traded=1 eval_errors=0
2026-05-13 19:42:28 | INFO     | ayumi.blend_launcher | [B5 Health] ticks=37119 tps=0.93 bars=1 signals=1 trades=1 balance=10000.00 uptime=23403s
2026-05-13 19:42:35 | ERROR    | ayumi.pid_guard | Another forward test process is running (PID 26302). Refusing to start. Kill it first or remove /home/TacoPants/projects/Ayumi/data/forward_test.pid.
2026-05-13 19:43:08 | ERROR    | ayumi.pid_guard | Another forward test process is running (PID 26302). Refusing to start. Kill it first or remove /home/TacoPants/projects/Ayumi/data/forward_test.pid.
2026-05-13 19:43:25 | INFO     | ayumi.forward_test | [B5 Periodic] ticks=37179 bars_built=1 signals=1 traded=1 eval_errors=0
2026-05-13 19:43:28 | INFO     | ayumi.blend_launcher | [B5 Health] ticks=37182 tps=1.33 bars=1 signals=1 trades=1 balance=10000.00 uptime=23464s
2026-05-13 19:43:41 | ERROR    | ayumi.pid_guard | Another forward test process is running (PID 26302). Refusing to start. Kill it first or remove /home/TacoPants/projects/Ayumi/data/forward_test.pid.
2026-05-13 19:44:13 | ERROR    | ayumi.pid_guard | Another forward test process is running (PID 26302). Refusing to start. Kill it first or remove /home/TacoPants/projects/Ayumi/data/forward_test.pid.
2026-05-13 19:44:25 | INFO     | ayumi.forward_test | [B5 Periodic] ticks=37229 bars_built=1 signals=1 traded=1 eval_errors=0
2026-05-13 19:44:28 | INFO     | ayumi.blend_launcher | [B5 Health] ticks=37231 tps=1.11 bars=1 signals=1 trades=1 balance=10000.00 uptime=23524s
2026-05-13 19:44:46 | ERROR    | ayumi.pid_guard | Another forward test process is running (PID 26302). Refusing to start. Kill it first or remove /home/TacoPants/projects/Ayumi/data/forward_test.pid.
2026-05-13 19:45:19 | ERROR    | ayumi.pid_guard | Another forward test process is running (PID 26302). Refusing to start. Kill it first or remove /home/TacoPants/projects/Ayumi/data/forward_test.pid.
2026-05-13 19:45:25 | INFO     | ayumi.forward_test | [B5 Periodic] ticks=37294 bars_built=1 signals=1 traded=1 eval_errors=0
2026-05-13 19:45:28 | INFO     | ayumi.blend_launcher | [B5 Health] ticks=37296 tps=1.45 bars=1 signals=1 trades=1 balance=10000.00 uptime=23584s
2026-05-13 19:45:51 | ERROR    | ayumi.pid_guard | Another forward test process is running (PID 26302). Refusing to start. Kill it first or remove /home/TacoPants/projects/Ayumi/data/forward_test.pid.
2026-05-13 19:46:24 | ERROR    | ayumi.pid_guard | Another forward test process is running (PID 26302). Refusing to start. Kill it first or remove /home/TacoPants/projects/Ayumi/data/forward_test.pid.
2026-05-13 19:46:25 | INFO     | ayumi.forward_test | [B5 Periodic] ticks=37387 bars_built=1 signals=1 traded=1 eval_errors=0
2026-05-13 19:46:28 | INFO     | ayumi.blend_launcher | [B5 Health] ticks=37390 tps=1.36 bars=1 signals=1 trades=1 balance=10000.00 uptime=23644s
2026-05-13 19:46:56 | ERROR    | ayumi.pid_guard | Another forward test process is running (PID 26302). Refusing to start. Kill it first or remove /home/TacoPants/projects/Ayumi/data/forward_test.pid.
2026-05-13 19:47:25 | INFO     | ayumi.forward_test | [B5 Periodic] ticks=37441 bars_built=1 signals=1 traded=1 eval_errors=0
2026-05-13 19:47:28 | INFO     | ayumi.blend_launcher | [B5 Health] ticks=37445 tps=1.54 bars=1 signals=1 trades=1 balance=9010.97 uptime=23704s
2026-05-13 19:47:29 | ERROR    | ayumi.pid_guard | Another forward test process is running (PID 26302). Refusing to start. Kill it first or remove /home/TacoPants/projects/Ayumi/data/forward_test.pid.
2026-05-13 19:48:01 | ERROR    | ayumi.pid_guard | Another forward test process is running (PID 26302). Refusing to start. Kill it first or remove /home/TacoPants/projects/Ayumi/data/forward_test.pid.
2026-05-13 19:48:25 | INFO     | ayumi.forward_test | [B5 Periodic] ticks=37505 bars_built=1 signals=1 traded=1 eval_errors=0
2026-05-13 19:48:28 | INFO     | ayumi.blend_launcher | [B5 Health] ticks=37507 tps=1.28 bars=1 signals=1 trades=1 balance=10000.00 uptime=23764s
2026-05-13 19:48:34 | ERROR    | ayumi.pid_guard | Another forward test process is running (PID 26302). Refusing to start. Kill it first or remove /home/TacoPants/projects/Ayumi/data/forward_test.pid.
2026-05-13 19:49:06 | ERROR    | ayumi.pid_guard | Another forward test process is running (PID 26302). Refusing to start. Kill it first or remove /home/TacoPants/projects/Ayumi/data/forward_test.pid.
2026-05-13 19:49:25 | INFO     | ayumi.forward_test | [B5 Periodic] ticks=37586 bars_built=1 signals=1 traded=1 eval_errors=0
2026-05-13 19:49:28 | INFO     | ayumi.blend_launcher | [B5 Health] ticks=37586 tps=1.11 bars=1 signals=1 trades=1 balance=10000.00 uptime=23824s
2026-05-13 19:49:38 | ERROR    | ayumi.pid_guard | Another forward test process is running (PID 26302). Refusing to start. Kill it first or remove /home/TacoPants/projects/Ayumi/data/forward_test.pid.
2026-05-13 19:50:11 | ERROR    | ayumi.pid_guard | Another forward test process is running (PID 26302). Refusing to start. Kill it first or remove /home/TacoPants/projects/Ayumi/data/forward_test.pid.
2026-05-13 19:50:25 | INFO     | ayumi.forward_test | [B5 Periodic] ticks=37667 bars_built=1 signals=1 traded=1 eval_errors=0
2026-05-13 19:50:28 | INFO     | ayumi.blend_launcher | [B5 Health] ticks=37670 tps=1.97 bars=1 signals=1 trades=1 balance=10000.00 uptime=23884s
2026-05-13 19:50:43 | ERROR    | ayumi.pid_guard | Another forward test process is running (PID 26302). Refusing to start. Kill it first or remove /home/TacoPants/projects/Ayumi/data/forward_test.pid.
2026-05-13 19:51:16 | ERROR    | ayumi.pid_guard | Another forward test process is running (PID 26302). Refusing to start. Kill it first or remove /home/TacoPants/projects/Ayumi/data/forward_test.pid.
2026-05-13 19:51:25 | INFO     | ayumi.forward_test | [B5 Periodic] ticks=37753 bars_built=1 signals=1 traded=1 eval_errors=0
2026-05-13 19:51:28 | INFO     | ayumi.blend_launcher | [B5 Health] ticks=37757 tps=2.00 bars=1 signals=1 trades=1 balance=10000.00 uptime=23944s
2026-05-13 19:51:48 | ERROR    | ayumi.pid_guard | Another forward test process is running (PID 26302). Refusing to start. Kill it first or remove /home/TacoPants/projects/Ayumi/data/forward_test.pid.
2026-05-13 19:52:20 | ERROR    | ayumi.pid_guard | Another forward test process is running (PID 26302). Refusing to start. Kill it first or remove /home/TacoPants/projects/Ayumi/data/forward_test.pid.
2026-05-13 19:52:25 | INFO     | ayumi.forward_test | [B5 Periodic] ticks=37831 bars_built=1 signals=1 traded=1 eval_errors=0
2026-05-13 19:52:28 | INFO     | ayumi.blend_launcher | [B5 Health] ticks=37837 tps=1.50 bars=1 signals=1 trades=1 balance=10000.00 uptime=24004s
2026-05-13 19:52:52 | ERROR    | ayumi.pid_guard | Another forward test process is running (PID 26302). Refusing to start. Kill it first or remove /home/TacoPants/projects/Ayumi/data/forward_test.pid.
2026-05-13 19:53:25 | ERROR    | ayumi.pid_guard | Another forward test process is running (PID 26302). Refusing to start. Kill it first or remove /home/TacoPants/projects/Ayumi/data/forward_test.pid.
2026-05-13 19:53:25 | INFO     | ayumi.forward_test | [B5 Periodic] ticks=37912 bars_built=1 signals=1 traded=1 eval_errors=0
2026-05-13 19:53:28 | INFO     | ayumi.blend_launcher | [B5 Health] ticks=37915 tps=1.20 bars=1 signals=1 trades=1 balance=10000.00 uptime=24064s
2026-05-13 19:53:57 | ERROR    | ayumi.pid_guard | Another forward test process is running (PID 26302). Refusing to start. Kill it first or remove /home/TacoPants/projects/Ayumi/data/forward_test.pid.
2026-05-13 19:54:25 | INFO     | ayumi.forward_test | [B5 Periodic] ticks=37991 bars_built=1 signals=1 traded=1 eval_errors=0
2026-05-13 19:54:28 | INFO     | ayumi.blend_launcher | [B5 Health] ticks=37995 tps=0.99 bars=1 signals=1 trades=1 balance=10000.00 uptime=24124s
2026-05-13 19:54:30 | ERROR    | ayumi.pid_guard | Another forward test process is running (PID 26302). Refusing to start. Kill it first or remove /home/TacoPants/projects/Ayumi/data/forward_test.pid.
2026-05-13 19:55:02 | ERROR    | ayumi.pid_guard | Another forward test process is running (PID 26302). Refusing to start. Kill it first or remove /home/TacoPants/projects/Ayumi/data/forward_test.pid.
2026-05-13 19:55:25 | INFO     | ayumi.forward_test | [B5 Periodic] ticks=38079 bars_built=1 signals=1 traded=1 eval_errors=0
2026-05-13 19:55:28 | INFO     | ayumi.blend_launcher | [B5 Health] ticks=38080 tps=1.01 bars=1 signals=1 trades=1 balance=8554.97 uptime=24184s
2026-05-13 19:55:35 | ERROR    | ayumi.pid_guard | Another forward test process is running (PID 26302). Refusing to start. Kill it first or remove /home/TacoPants/projects/Ayumi/data/forward_test.pid.
2026-05-13 19:56:07 | ERROR    | ayumi.pid_guard | Another forward test process is running (PID 26302). Refusing to start. Kill it first or remove /home/TacoPants/projects/Ayumi/data/forward_test.pid.
2026-05-13 19:56:25 | INFO     | ayumi.forward_test | [B5 Periodic] ticks=38157 bars_built=1 signals=1 traded=1 eval_errors=0
2026-05-13 19:56:28 | INFO     | ayumi.blend_launcher | [B5 Health] ticks=38165 tps=1.87 bars=1 signals=1 trades=1 balance=8934.97 uptime=24244s
2026-05-13 19:56:40 | ERROR    | ayumi.pid_guard | Another forward test process is running (PID 26302). Refusing to start. Kill it first or remove /home/TacoPants/projects/Ayumi/data/forward_test.pid.
2026-05-13 19:57:12 | ERROR    | ayumi.pid_guard | Another forward test process is running (PID 26302). Refusing to start. Kill it first or remove /home/TacoPants/projects/Ayumi/data/forward_test.pid.
2026-05-13 19:57:25 | INFO     | ayumi.forward_test | [B5 Periodic] ticks=38260 bars_built=1 signals=1 traded=1 eval_errors=0
2026-05-13 19:57:28 | INFO     | ayumi.blend_launcher | [B5 Health] ticks=38265 tps=2.21 bars=1 signals=1 trades=1 balance=10000.00 uptime=24304s
2026-05-13 19:57:45 | ERROR    | ayumi.pid_guard | Another forward test process is running (PID 26302). Refusing to start. Kill it first or remove /home/TacoPants/projects/Ayumi/data/forward_test.pid.
2026-05-13 19:58:18 | ERROR    | ayumi.pid_guard | Another forward test process is running (PID 26302). Refusing to start. Kill it first or remove /home/TacoPants/projects/Ayumi/data/forward_test.pid.
2026-05-13 19:58:25 | INFO     | ayumi.forward_test | [B5 Periodic] ticks=38354 bars_built=1 signals=1 traded=1 eval_errors=0
2026-05-13 19:58:28 | INFO     | ayumi.blend_launcher | [B5 Health] ticks=38358 tps=1.52 bars=1 signals=1 trades=1 balance=10000.00 uptime=24364s
2026-05-13 19:58:51 | ERROR    | ayumi.pid_guard | Another forward test process is running (PID 26302). Refusing to start. Kill it first or remove /home/TacoPants/projects/Ayumi/data/forward_test.pid.
2026-05-13 19:59:23 | ERROR    | ayumi.pid_guard | Another forward test process is running (PID 26302). Refusing to start. Kill it first or remove /home/TacoPants/projects/Ayumi/data/forward_test.pid.
2026-05-13 19:59:25 | INFO     | ayumi.forward_test | [B5 Periodic] ticks=38464 bars_built=1 signals=1 traded=1 eval_errors=0
2026-05-13 19:59:28 | INFO     | ayumi.blend_launcher | [B5 Health] ticks=38468 tps=1.77 bars=1 signals=1 trades=1 balance=9352.97 uptime=24424s
2026-05-13 19:59:56 | ERROR    | ayumi.pid_guard | Another forward test process is running (PID 26302). Refusing to start. Kill it first or remove /home/TacoPants/projects/Ayumi/data/forward_test.pid.
2026-05-13 20:00:25 | INFO     | ayumi.forward_test | [B5 Periodic] ticks=38599 bars_built=1 signals=1 traded=1 eval_errors=0
2026-05-13 20:00:28 | INFO     | ayumi.blend_launcher | [B5 Health] ticks=38603 tps=2.40 bars=1 signals=1 trades=1 balance=9048.97 uptime=24484s
2026-05-13 20:00:29 | ERROR    | ayumi.pid_guard | Another forward test process is running (PID 26302). Refusing to start. Kill it first or remove /home/TacoPants/projects/Ayumi/data/forward_test.pid.
2026-05-13 20:01:01 | ERROR    | ayumi.pid_guard | Another forward test process is running (PID 26302). Refusing to start. Kill it first or remove /home/TacoPants/projects/Ayumi/data/forward_test.pid.
2026-05-13 20:01:25 | INFO     | ayumi.forward_test | [B5 Periodic] ticks=38639 bars_built=1 signals=1 traded=1 eval_errors=0
2026-05-13 20:01:28 | INFO     | ayumi.blend_launcher | [B5 Health] ticks=38639 tps=0.91 bars=1 signals=1 trades=1 balance=10000.00 uptime=24544s
2026-05-13 20:01:33 | ERROR    | ayumi.pid_guard | Another forward test process is running (PID 26302). Refusing to start. Kill it first or remove /home/TacoPants/projects/Ayumi/data/forward_test.pid.
2026-05-13 20:02:06 | ERROR    | ayumi.pid_guard | Another forward test process is running (PID 26302). Refusing to start. Kill it first or remove /home/TacoPants/projects/Ayumi/data/forward_test.pid.
2026-05-13 20:02:25 | INFO     | ayumi.forward_test | [B5 Periodic] ticks=38749 bars_built=1 signals=1 traded=1 eval_errors=0
2026-05-13 20:02:28 | INFO     | ayumi.blend_launcher | [B5 Health] ticks=38755 tps=1.66 bars=1 signals=1 trades=1 balance=9086.97 uptime=24604s
2026-05-13 20:02:38 | ERROR    | ayumi.pid_guard | Another forward test process is running (PID 26302). Refusing to start. Kill it first or remove /home/TacoPants/projects/Ayumi/data/forward_test.pid.
2026-05-13 20:03:11 | ERROR    | ayumi.pid_guard | Another forward test process is running (PID 26302). Refusing to start. Kill it first or remove /home/TacoPants/projects/Ayumi/data/forward_test.pid.
2026-05-13 20:03:25 | INFO     | ayumi.forward_test | [B5 Periodic] ticks=38849 bars_built=1 signals=1 traded=1 eval_errors=0
2026-05-13 20:03:28 | INFO     | ayumi.blend_launcher | [B5 Health] ticks=38849 tps=1.81 bars=1 signals=1 trades=1 balance=8554.97 uptime=24664s
2026-05-13 20:03:43 | ERROR    | ayumi.pid_guard | Another forward test process is running (PID 26302). Refusing to start. Kill it first or remove /home/TacoPants/projects/Ayumi/data/forward_test.pid.
2026-05-13 20:04:16 | ERROR    | ayumi.pid_guard | Another forward test process is running (PID 26302). Refusing to start. Kill it first or remove /home/TacoPants/projects/Ayumi/data/forward_test.pid.
2026-05-13 20:04:25 | INFO     | ayumi.forward_test | [B5 Periodic] ticks=38888 bars_built=1 signals=1 traded=1 eval_errors=0
2026-05-13 20:04:28 | INFO     | ayumi.blend_launcher | [B5 Health] ticks=38888 tps=0.77 bars=1 signals=1 trades=1 balance=10000.00 uptime=24724s
2026-05-13 20:04:49 | ERROR    | ayumi.pid_guard | Another forward test process is running (PID 26302). Refusing to start. Kill it first or remove /home/TacoPants/projects/Ayumi/data/forward_test.pid.
2026-05-13 20:05:22 | ERROR    | ayumi.pid_guard | Another forward test process is running (PID 26302). Refusing to start. Kill it first or remove /home/TacoPants/projects/Ayumi/data/forward_test.pid.
2026-05-13 20:05:25 | INFO     | ayumi.forward_test | [B5 Periodic] ticks=38963 bars_built=1 signals=1 traded=1 eval_errors=0
2026-05-13 20:05:28 | INFO     | ayumi.blend_launcher | [B5 Health] ticks=38966 tps=1.66 bars=1 signals=1 trades=1 balance=10000.00 uptime=24784s
2026-05-13 20:05:55 | ERROR    | ayumi.pid_guard | Another forward test process is running (PID 26302). Refusing to start. Kill it first or remove /home/TacoPants/projects/Ayumi/data/forward_test.pid.
2026-05-13 20:06:25 | INFO     | ayumi.forward_test | [B5 Periodic] ticks=39034 bars_built=1 signals=1 traded=1 eval_errors=0
2026-05-13 20:06:27 | ERROR    | ayumi.pid_guard | Another forward test process is running (PID 26302). Refusing to start. Kill it first or remove /home/TacoPants/projects/Ayumi/data/forward_test.pid.
2026-05-13 20:06:28 | INFO     | ayumi.blend_launcher | [B5 Health] ticks=39043 tps=2.02 bars=1 signals=1 trades=1 balance=10000.00 uptime=24844s
2026-05-13 20:07:00 | ERROR    | ayumi.pid_guard | Another forward test process is running (PID 26302). Refusing to start. Kill it first or remove /home/TacoPants/projects/Ayumi/data/forward_test.pid.
2026-05-13 20:07:25 | INFO     | ayumi.forward_test | [B5 Periodic] ticks=39127 bars_built=1 signals=1 traded=1 eval_errors=0
2026-05-13 20:07:28 | INFO     | ayumi.blend_launcher | [B5 Health] ticks=39131 tps=2.11 bars=1 signals=1 trades=1 balance=10000.00 uptime=24904s
2026-05-13 20:07:33 | ERROR    | ayumi.pid_guard | Another forward test process is running (PID 26302). Refusing to start. Kill it first or remove /home/TacoPants/projects/Ayumi/data/forward_test.pid.
2026-05-13 20:08:06 | ERROR    | ayumi.pid_guard | Another forward test process is running (PID 26302). Refusing to start. Kill it first or remove /home/TacoPants/projects/Ayumi/data/forward_test.pid.
2026-05-13 20:08:25 | INFO     | ayumi.forward_test | [B5 Periodic] ticks=39193 bars_built=1 signals=1 traded=1 eval_errors=0
2026-05-13 20:08:28 | INFO     | ayumi.blend_launcher | [B5 Health] ticks=39197 tps=1.40 bars=1 signals=1 trades=1 balance=8440.97 uptime=24964s
2026-05-13 20:08:39 | ERROR    | ayumi.pid_guard | Another forward test process is running (PID 26302). Refusing to start. Kill it first or remove /home/TacoPants/projects/Ayumi/data/forward_test.pid.
2026-05-13 20:09:11 | ERROR    | ayumi.pid_guard | Another forward test process is running (PID 26302). Refusing to start. Kill it first or remove /home/TacoPants/projects/Ayumi/data/forward_test.pid.
2026-05-13 20:09:25 | INFO     | ayumi.forward_test | [B5 Periodic] ticks=39251 bars_built=1 signals=1 traded=1 eval_errors=0
2026-05-13 20:09:28 | INFO     | ayumi.blend_launcher | [B5 Health] ticks=39253 tps=1.23 bars=1 signals=1 trades=1 balance=10000.00 uptime=25024s
2026-05-13 20:09:45 | ERROR    | ayumi.pid_guard | Another forward test process is running (PID 26302). Refusing to start. Kill it first or remove /home/TacoPants/projects/Ayumi/data/forward_test.pid.
2026-05-13 20:10:17 | ERROR    | ayumi.pid_guard | Another forward test process is running (PID 26302). Refusing to start. Kill it first or remove /home/TacoPants/projects/Ayumi/data/forward_test.pid.
2026-05-13 20:10:25 | INFO     | ayumi.forward_test | [B5 Periodic] ticks=39331 bars_built=1 signals=1 traded=1 eval_errors=0
2026-05-13 20:10:28 | INFO     | ayumi.blend_launcher | [B5 Health] ticks=39335 tps=1.12 bars=1 signals=1 trades=1 balance=10000.00 uptime=25084s
2026-05-13 20:10:49 | ERROR    | ayumi.pid_guard | Another forward test process is running (PID 26302). Refusing to start. Kill it first or remove /home/TacoPants/projects/Ayumi/data/forward_test.pid.
2026-05-13 20:11:22 | ERROR    | ayumi.pid_guard | Another forward test process is running (PID 26302). Refusing to start. Kill it first or remove /home/TacoPants/projects/Ayumi/data/forward_test.pid.
2026-05-13 20:11:25 | INFO     | ayumi.forward_test | [B5 Periodic] ticks=39412 bars_built=1 signals=1 traded=1 eval_errors=0
2026-05-13 20:11:28 | INFO     | ayumi.blend_launcher | [B5 Health] ticks=39416 tps=1.91 bars=1 signals=1 trades=1 balance=10000.00 uptime=25144s
2026-05-13 20:11:55 | ERROR    | ayumi.pid_guard | Another forward test process is running (PID 26302). Refusing to start. Kill it first or remove /home/TacoPants/projects/Ayumi/data/forward_test.pid.
2026-05-13 20:12:25 | INFO     | ayumi.forward_test | [B5 Periodic] ticks=39468 bars_built=1 signals=1 traded=1 eval_errors=0
2026-05-13 20:12:28 | INFO     | ayumi.blend_launcher | [B5 Health] ticks=39472 tps=1.16 bars=1 signals=1 trades=1 balance=10000.00 uptime=25204s
2026-05-13 20:12:28 | ERROR    | ayumi.pid_guard | Another forward test process is running (PID 26302). Refusing to start. Kill it first or remove /home/TacoPants/projects/Ayumi/data/forward_test.pid.
2026-05-13 20:13:01 | ERROR    | ayumi.pid_guard | Another forward test process is running (PID 26302). Refusing to start. Kill it first or remove /home/TacoPants/projects/Ayumi/data/forward_test.pid.
2026-05-13 20:13:25 | INFO     | ayumi.forward_test | [B5 Periodic] ticks=39516 bars_built=1 signals=1 traded=1 eval_errors=0
2026-05-13 20:13:28 | INFO     | ayumi.blend_launcher | [B5 Health] ticks=39520 tps=1.01 bars=1 signals=1 trades=1 balance=10000.00 uptime=25264s
2026-05-13 20:13:34 | ERROR    | ayumi.pid_guard | Another forward test process is running (PID 26302). Refusing to start. Kill it first or remove /home/TacoPants/projects/Ayumi/data/forward_test.pid.
2026-05-13 20:14:06 | ERROR    | ayumi.pid_guard | Another forward test process is running (PID 26302). Refusing to start. Kill it first or remove /home/TacoPants/projects/Ayumi/data/forward_test.pid.
2026-05-13 20:14:25 | INFO     | ayumi.forward_test | [B5 Periodic] ticks=39587 bars_built=1 signals=1 traded=1 eval_errors=0
2026-05-13 20:14:28 | INFO     | ayumi.blend_launcher | [B5 Health] ticks=39592 tps=1.22 bars=1 signals=1 trades=1 balance=10000.00 uptime=25324s
2026-05-13 20:14:39 | ERROR    | ayumi.pid_guard | Another forward test process is running (PID 26302). Refusing to start. Kill it first or remove /home/TacoPants/projects/Ayumi/data/forward_test.pid.
2026-05-13 20:15:12 | ERROR    | ayumi.pid_guard | Another forward test process is running (PID 26302). Refusing to start. Kill it first or remove /home/TacoPants/projects/Ayumi/data/forward_test.pid.
2026-05-13 20:15:25 | INFO     | ayumi.forward_test | [B5 Periodic] ticks=39654 bars_built=1 signals=1 traded=1 eval_errors=0
2026-05-13 20:15:28 | INFO     | ayumi.blend_launcher | [B5 Health] ticks=39655 tps=1.31 bars=1 signals=1 trades=1 balance=10000.00 uptime=25384s
2026-05-13 20:15:45 | ERROR    | ayumi.pid_guard | Another forward test process is running (PID 26302). Refusing to start. Kill it first or remove /home/TacoPants/projects/Ayumi/data/forward_test.pid.
2026-05-13 20:16:18 | ERROR    | ayumi.pid_guard | Another forward test process is running (PID 26302). Refusing to start. Kill it first or remove /home/TacoPants/projects/Ayumi/data/forward_test.pid.
2026-05-13 20:16:25 | INFO     | ayumi.forward_test | [B5 Periodic] ticks=39694 bars_built=1 signals=1 traded=1 eval_errors=0
2026-05-13 20:16:28 | INFO     | ayumi.blend_launcher | [B5 Health] ticks=39696 tps=0.84 bars=1 signals=1 trades=1 balance=10000.00 uptime=25444s
2026-05-13 20:16:50 | ERROR    | ayumi.pid_guard | Another forward test process is running (PID 26302). Refusing to start. Kill it first or remove /home/TacoPants/projects/Ayumi/data/forward_test.pid.
2026-05-13 20:17:23 | ERROR    | ayumi.pid_guard | Another forward test process is running (PID 26302). Refusing to start. Kill it first or remove /home/TacoPants/projects/Ayumi/data/forward_test.pid.
2026-05-13 20:17:25 | INFO     | ayumi.forward_test | [B5 Periodic] ticks=39752 bars_built=1 signals=1 traded=1 eval_errors=0
2026-05-13 20:17:28 | INFO     | ayumi.blend_launcher | [B5 Health] ticks=39753 tps=1.00 bars=1 signals=1 trades=1 balance=9352.97 uptime=25504s
2026-05-13 20:17:55 | ERROR    | ayumi.pid_guard | Another forward test process is running (PID 26302). Refusing to start. Kill it first or remove /home/TacoPants/projects/Ayumi/data/forward_test.pid.
2026-05-13 20:18:25 | INFO     | ayumi.forward_test | [B5 Periodic] ticks=39786 bars_built=1 signals=1 traded=1 eval_errors=0
2026-05-13 20:18:28 | INFO     | ayumi.blend_launcher | [B5 Health] ticks=39787 tps=0.22 bars=1 signals=1 trades=1 balance=10000.00 uptime=25564s
2026-05-13 20:18:28 | ERROR    | ayumi.pid_guard | Another forward test process is running (PID 26302). Refusing to start. Kill it first or remove /home/TacoPants/projects/Ayumi/data/forward_test.pid.
2026-05-13 20:19:00 | ERROR    | ayumi.pid_guard | Another forward test process is running (PID 26302). Refusing to start. Kill it first or remove /home/TacoPants/projects/Ayumi/data/forward_test.pid.
2026-05-13 20:19:25 | INFO     | ayumi.forward_test | [B5 Periodic] ticks=39846 bars_built=1 signals=1 traded=1 eval_errors=0
2026-05-13 20:19:28 | INFO     | ayumi.blend_launcher | [B5 Health] ticks=39849 tps=1.32 bars=1 signals=1 trades=1 balance=10000.00 uptime=25624s
2026-05-13 20:19:33 | ERROR    | ayumi.pid_guard | Another forward test process is running (PID 26302). Refusing to start. Kill it first or remove /home/TacoPants/projects/Ayumi/data/forward_test.pid.
2026-05-13 20:20:06 | ERROR    | ayumi.pid_guard | Another forward test process is running (PID 26302). Refusing to start. Kill it first or remove /home/TacoPants/projects/Ayumi/data/forward_test.pid.
2026-05-13 20:20:25 | INFO     | ayumi.forward_test | [B5 Periodic] ticks=39883 bars_built=1 signals=1 traded=1 eval_errors=0
2026-05-13 20:20:28 | INFO     | ayumi.blend_launcher | [B5 Health] ticks=39886 tps=1.01 bars=1 signals=1 trades=1 balance=10000.00 uptime=25684s
2026-05-13 20:20:39 | ERROR    | ayumi.pid_guard | Another forward test process is running (PID 26302). Refusing to start. Kill it first or remove /home/TacoPants/projects/Ayumi/data/forward_test.pid.
2026-05-13 20:21:12 | ERROR    | ayumi.pid_guard | Another forward test process is running (PID 26302). Refusing to start. Kill it first or remove /home/TacoPants/projects/Ayumi/data/forward_test.pid.
2026-05-13 20:21:25 | INFO     | ayumi.forward_test | [B5 Periodic] ticks=39929 bars_built=1 signals=1 traded=1 eval_errors=0
2026-05-13 20:21:28 | INFO     | ayumi.blend_launcher | [B5 Health] ticks=39930 tps=0.87 bars=1 signals=1 trades=1 balance=10000.00 uptime=25744s
2026-05-13 20:21:45 | ERROR    | ayumi.pid_guard | Another forward test process is running (PID 26302). Refusing to start. Kill it first or remove /home/TacoPants/projects/Ayumi/data/forward_test.pid.
2026-05-13 20:22:17 | ERROR    | ayumi.pid_guard | Another forward test process is running (PID 26302). Refusing to start. Kill it first or remove /home/TacoPants/projects/Ayumi/data/forward_test.pid.
2026-05-13 20:22:25 | INFO     | ayumi.forward_test | [B5 Periodic] ticks=39990 bars_built=1 signals=1 traded=1 eval_errors=0
2026-05-13 20:22:28 | INFO     | ayumi.blend_launcher | [B5 Health] ticks=39995 tps=1.53 bars=1 signals=1 trades=1 balance=10000.00 uptime=25804s
2026-05-13 20:22:50 | ERROR    | ayumi.pid_guard | Another forward test process is running (PID 26302). Refusing to start. Kill it first or remove /home/TacoPants/projects/Ayumi/data/forward_test.pid.
2026-05-13 20:23:23 | ERROR    | ayumi.pid_guard | Another forward test process is running (PID 26302). Refusing to start. Kill it first or remove /home/TacoPants/projects/Ayumi/data/forward_test.pid.
2026-05-13 20:23:25 | INFO     | ayumi.forward_test | [B5 Periodic] ticks=40042 bars_built=1 signals=1 traded=1 eval_errors=0
2026-05-13 20:23:28 | INFO     | ayumi.blend_launcher | [B5 Health] ticks=40044 tps=1.42 bars=1 signals=1 trades=1 balance=10000.00 uptime=25864s
2026-05-13 20:23:55 | ERROR    | ayumi.pid_guard | Another forward test process is running (PID 26302). Refusing to start. Kill it first or remove /home/TacoPants/projects/Ayumi/data/forward_test.pid.
2026-05-13 20:24:25 | INFO     | ayumi.forward_test | [B5 Periodic] ticks=40085 bars_built=1 signals=1 traded=1 eval_errors=0
2026-05-13 20:24:28 | ERROR    | ayumi.pid_guard | Another forward test process is running (PID 26302). Refusing to start. Kill it first or remove /home/TacoPants/projects/Ayumi/data/forward_test.pid.
2026-05-13 20:24:28 | INFO     | ayumi.blend_launcher | [B5 Health] ticks=40088 tps=0.74 bars=1 signals=1 trades=1 balance=10000.00 uptime=25924s
2026-05-13 20:25:01 | ERROR    | ayumi.pid_guard | Another forward test process is running (PID 26302). Refusing to start. Kill it first or remove /home/TacoPants/projects/Ayumi/data/forward_test.pid.
2026-05-13 20:25:25 | INFO     | ayumi.forward_test | [B5 Periodic] ticks=40155 bars_built=1 signals=1 traded=1 eval_errors=0
2026-05-13 20:25:28 | INFO     | ayumi.blend_launcher | [B5 Health] ticks=40155 tps=1.43 bars=1 signals=1 trades=1 balance=10000.00 uptime=25984s
2026-05-13 20:25:33 | ERROR    | ayumi.pid_guard | Another forward test process is running (PID 26302). Refusing to start. Kill it first or remove /home/TacoPants/projects/Ayumi/data/forward_test.pid.
2026-05-13 20:26:06 | ERROR    | ayumi.pid_guard | Another forward test process is running (PID 26302). Refusing to start. Kill it first or remove /home/TacoPants/projects/Ayumi/data/forward_test.pid.
2026-05-13 20:26:25 | INFO     | ayumi.forward_test | [B5 Periodic] ticks=40173 bars_built=1 signals=1 traded=1 eval_errors=0
2026-05-13 20:26:28 | INFO     | ayumi.blend_launcher | [B5 Health] ticks=40175 tps=0.77 bars=1 signals=1 trades=1 balance=10000.00 uptime=26044s
2026-05-13 20:26:38 | ERROR    | ayumi.pid_guard | Another forward test process is running (PID 26302). Refusing to start. Kill it first or remove /home/TacoPants/projects/Ayumi/data/forward_test.pid.
2026-05-13 20:27:11 | ERROR    | ayumi.pid_guard | Another forward test process is running (PID 26302). Refusing to start. Kill it first or remove /home/TacoPants/projects/Ayumi/data/forward_test.pid.
2026-05-13 20:27:25 | INFO     | ayumi.forward_test | [B5 Periodic] ticks=40206 bars_built=1 signals=1 traded=1 eval_errors=0
2026-05-13 20:27:28 | INFO     | ayumi.blend_launcher | [B5 Health] ticks=40208 tps=0.56 bars=1 signals=1 trades=1 balance=9010.97 uptime=26104s
2026-05-13 20:27:44 | ERROR    | ayumi.pid_guard | Another forward test process is running (PID 26302). Refusing to start. Kill it first or remove /home/TacoPants/projects/Ayumi/data/forward_test.pid.
2026-05-13 20:28:17 | ERROR    | ayumi.pid_guard | Another forward test process is running (PID 26302). Refusing to start. Kill it first or remove /home/TacoPants/projects/Ayumi/data/forward_test.pid.
2026-05-13 20:28:25 | INFO     | ayumi.forward_test | [B5 Periodic] ticks=40261 bars_built=1 signals=1 traded=1 eval_errors=0
2026-05-13 20:28:28 | INFO     | ayumi.blend_launcher | [B5 Health] ticks=40262 tps=1.53 bars=1 signals=1 trades=1 balance=10000.00 uptime=26164s
2026-05-13 20:28:50 | ERROR    | ayumi.pid_guard | Another forward test process is running (PID 26302). Refusing to start. Kill it first or remove /home/TacoPants/projects/Ayumi/data/forward_test.pid.
2026-05-13 20:29:22 | ERROR    | ayumi.pid_guard | Another forward test process is running (PID 26302). Refusing to start. Kill it first or remove /home/TacoPants/projects/Ayumi/data/forward_test.pid.
2026-05-13 20:29:25 | INFO     | ayumi.forward_test | [B5 Periodic] ticks=40323 bars_built=1 signals=1 traded=1 eval_errors=0
2026-05-13 20:29:28 | INFO     | ayumi.blend_launcher | [B5 Health] ticks=40324 tps=1.61 bars=1 signals=1 trades=1 balance=10000.00 uptime=26224s
2026-05-13 20:29:55 | ERROR    | ayumi.pid_guard | Another forward test process is running (PID 26302). Refusing to start. Kill it first or remove /home/TacoPants/projects/Ayumi/data/forward_test.pid.
2026-05-13 20:30:25 | INFO     | ayumi.forward_test | [B5 Periodic] ticks=40354 bars_built=1 signals=1 traded=1 eval_errors=0
2026-05-13 20:30:28 | ERROR    | ayumi.pid_guard | Another forward test process is running (PID 26302). Refusing to start. Kill it first or remove /home/TacoPants/projects/Ayumi/data/forward_test.pid.
2026-05-13 20:30:28 | INFO     | ayumi.blend_launcher | [B5 Health] ticks=40354 tps=1.67 bars=1 signals=1 trades=1 balance=10000.00 uptime=26284s
2026-05-13 20:31:00 | ERROR    | ayumi.pid_guard | Another forward test process is running (PID 26302). Refusing to start. Kill it first or remove /home/TacoPants/projects/Ayumi/data/forward_test.pid.
2026-05-13 20:31:25 | INFO     | ayumi.forward_test | [B5 Periodic] ticks=40354 bars_built=1 signals=1 traded=1 eval_errors=0
2026-05-13 20:31:28 | INFO     | ayumi.blend_launcher | [B5 Health] ticks=40354 tps=1.67 bars=1 signals=1 trades=1 balance=10000.00 uptime=26344s
2026-05-13 20:31:33 | ERROR    | ayumi.pid_guard | Another forward test process is running (PID 26302). Refusing to start. Kill it first or remove /home/TacoPants/projects/Ayumi/data/forward_test.pid.
2026-05-13 20:32:06 | ERROR    | ayumi.pid_guard | Another forward test process is running (PID 26302). Refusing to start. Kill it first or remove /home/TacoPants/projects/Ayumi/data/forward_test.pid.
2026-05-13 20:32:25 | INFO     | ayumi.forward_test | [B5 Periodic] ticks=40354 bars_built=1 signals=1 traded=1 eval_errors=0
2026-05-13 20:32:28 | INFO     | ayumi.blend_launcher | [B5 Health] ticks=40354 tps=1.67 bars=1 signals=1 trades=1 balance=10000.00 uptime=26404s
2026-05-13 20:32:38 | ERROR    | ayumi.pid_guard | Another forward test process is running (PID 26302). Refusing to start. Kill it first or remove /home/TacoPants/projects/Ayumi/data/forward_test.pid.
2026-05-13 20:33:11 | ERROR    | ayumi.pid_guard | Another forward test process is running (PID 26302). Refusing to start. Kill it first or remove /home/TacoPants/projects/Ayumi/data/forward_test.pid.
2026-05-13 20:33:25 | INFO     | ayumi.forward_test | [B5 Periodic] ticks=40354 bars_built=1 signals=1 traded=1 eval_errors=0
2026-05-13 20:33:28 | INFO     | ayumi.blend_launcher | [B5 Health] ticks=40354 tps=1.67 bars=1 signals=1 trades=1 balance=10000.00 uptime=26464s
2026-05-13 20:33:44 | ERROR    | ayumi.pid_guard | Another forward test process is running (PID 26302). Refusing to start. Kill it first or remove /home/TacoPants/projects/Ayumi/data/forward_test.pid.
2026-05-13 20:34:17 | ERROR    | ayumi.pid_guard | Another forward test process is running (PID 26302). Refusing to start. Kill it first or remove /home/TacoPants/projects/Ayumi/data/forward_test.pid.
2026-05-13 20:34:25 | INFO     | ayumi.forward_test | [B5 Periodic] ticks=40354 bars_built=1 signals=1 traded=1 eval_errors=0
2026-05-13 20:34:28 | INFO     | ayumi.blend_launcher | [B5 Health] ticks=40354 tps=1.67 bars=1 signals=1 trades=1 balance=10000.00 uptime=26524s
2026-05-13 20:34:50 | ERROR    | ayumi.pid_guard | Another forward test process is running (PID 26302). Refusing to start. Kill it first or remove /home/TacoPants/projects/Ayumi/data/forward_test.pid.
2026-05-13 20:35:23 | ERROR    | ayumi.pid_guard | Another forward test process is running (PID 26302). Refusing to start. Kill it first or remove /home/TacoPants/projects/Ayumi/data/forward_test.pid.
2026-05-13 20:35:25 | INFO     | ayumi.forward_test | [B5 Periodic] ticks=40354 bars_built=1 signals=1 traded=1 eval_errors=0
2026-05-13 20:35:28 | INFO     | ayumi.blend_launcher | [B5 Health] ticks=40354 tps=1.67 bars=1 signals=1 trades=1 balance=10000.00 uptime=26584s
2026-05-13 20:35:56 | ERROR    | ayumi.pid_guard | Another forward test process is running (PID 26302). Refusing to start. Kill it first or remove /home/TacoPants/projects/Ayumi/data/forward_test.pid.
2026-05-13 20:36:25 | INFO     | ayumi.forward_test | [B5 Periodic] ticks=40354 bars_built=1 signals=1 traded=1 eval_errors=0
2026-05-13 20:36:28 | ERROR    | ayumi.pid_guard | Another forward test process is running (PID 26302). Refusing to start. Kill it first or remove /home/TacoPants/projects/Ayumi/data/forward_test.pid.
2026-05-13 20:36:28 | INFO     | ayumi.blend_launcher | [B5 Health] ticks=40354 tps=1.67 bars=1 signals=1 trades=1 balance=10000.00 uptime=26644s
2026-05-13 20:37:00 | ERROR    | ayumi.pid_guard | Another forward test process is running (PID 26302). Refusing to start. Kill it first or remove /home/TacoPants/projects/Ayumi/data/forward_test.pid.
2026-05-13 20:37:25 | INFO     | ayumi.forward_test | [B5 Periodic] ticks=40354 bars_built=1 signals=1 traded=1 eval_errors=0
2026-05-13 20:37:28 | INFO     | ayumi.blend_launcher | [B5 Health] ticks=40354 tps=1.67 bars=1 signals=1 trades=1 balance=10000.00 uptime=26704s
2026-05-13 20:37:33 | ERROR    | ayumi.pid_guard | Another forward test process is running (PID 26302). Refusing to start. Kill it first or remove /home/TacoPants/projects/Ayumi/data/forward_test.pid.
2026-05-13 20:38:06 | ERROR    | ayumi.pid_guard | Another forward test process is running (PID 26302). Refusing to start. Kill it first or remove /home/TacoPants/projects/Ayumi/data/forward_test.pid.
2026-05-13 20:38:25 | INFO     | ayumi.forward_test | [B5 Periodic] ticks=40354 bars_built=1 signals=1 traded=1 eval_errors=0
2026-05-13 20:38:28 | INFO     | ayumi.blend_launcher | [B5 Health] ticks=40354 tps=1.67 bars=1 signals=1 trades=1 balance=10000.00 uptime=26764s
2026-05-13 20:38:39 | ERROR    | ayumi.pid_guard | Another forward test process is running (PID 26302). Refusing to start. Kill it first or remove /home/TacoPants/projects/Ayumi/data/forward_test.pid.
2026-05-13 20:39:11 | ERROR    | ayumi.pid_guard | Another forward test process is running (PID 26302). Refusing to start. Kill it first or remove /home/TacoPants/projects/Ayumi/data/forward_test.pid.
2026-05-13 20:39:25 | INFO     | ayumi.forward_test | [B5 Periodic] ticks=40354 bars_built=1 signals=1 traded=1 eval_errors=0
2026-05-13 20:39:28 | INFO     | ayumi.blend_launcher | [B5 Health] ticks=40354 tps=1.67 bars=1 signals=1 trades=1 balance=10000.00 uptime=26824s
2026-05-13 20:39:45 | ERROR    | ayumi.pid_guard | Another forward test process is running (PID 26302). Refusing to start. Kill it first or remove /home/TacoPants/projects/Ayumi/data/forward_test.pid.
2026-05-13 20:40:18 | ERROR    | ayumi.pid_guard | Another forward test process is running (PID 26302). Refusing to start. Kill it first or remove /home/TacoPants/projects/Ayumi/data/forward_test.pid.
2026-05-13 20:40:25 | INFO     | ayumi.forward_test | [B5 Periodic] ticks=40354 bars_built=1 signals=1 traded=1 eval_errors=0
2026-05-13 20:40:28 | INFO     | ayumi.blend_launcher | [B5 Health] ticks=40354 tps=1.67 bars=1 signals=1 trades=1 balance=10000.00 uptime=26884s
2026-05-13 20:40:50 | ERROR    | ayumi.pid_guard | Another forward test process is running (PID 26302). Refusing to start. Kill it first or remove /home/TacoPants/projects/Ayumi/data/forward_test.pid.
2026-05-13 20:41:23 | ERROR    | ayumi.pid_guard | Another forward test process is running (PID 26302). Refusing to start. Kill it first or remove /home/TacoPants/projects/Ayumi/data/forward_test.pid.
2026-05-13 20:41:25 | INFO     | ayumi.forward_test | [B5 Periodic] ticks=40354 bars_built=1 signals=1 traded=1 eval_errors=0
2026-05-13 20:41:28 | INFO     | ayumi.blend_launcher | [B5 Health] ticks=40354 tps=1.67 bars=1 signals=1 trades=1 balance=10000.00 uptime=26944s
2026-05-13 20:41:56 | ERROR    | ayumi.pid_guard | Another forward test process is running (PID 26302). Refusing to start. Kill it first or remove /home/TacoPants/projects/Ayumi/data/forward_test.pid.
2026-05-13 20:42:25 | INFO     | ayumi.forward_test | [B5 Periodic] ticks=40354 bars_built=1 signals=1 traded=1 eval_errors=0
2026-05-13 20:42:28 | INFO     | ayumi.blend_launcher | [B5 Health] ticks=40354 tps=1.67 bars=1 signals=1 trades=1 balance=10000.00 uptime=27004s
2026-05-13 20:42:28 | ERROR    | ayumi.pid_guard | Another forward test process is running (PID 26302). Refusing to start. Kill it first or remove /home/TacoPants/projects/Ayumi/data/forward_test.pid.
2026-05-13 20:43:01 | ERROR    | ayumi.pid_guard | Another forward test process is running (PID 26302). Refusing to start. Kill it first or remove /home/TacoPants/projects/Ayumi/data/forward_test.pid.
2026-05-13 20:43:25 | INFO     | ayumi.forward_test | [B5 Periodic] ticks=40354 bars_built=1 signals=1 traded=1 eval_errors=0
2026-05-13 20:43:28 | INFO     | ayumi.blend_launcher | [B5 Health] ticks=40354 tps=1.67 bars=1 signals=1 trades=1 balance=10000.00 uptime=27064s
2026-05-13 20:43:34 | ERROR    | ayumi.pid_guard | Another forward test process is running (PID 26302). Refusing to start. Kill it first or remove /home/TacoPants/projects/Ayumi/data/forward_test.pid.
2026-05-13 20:44:08 | ERROR    | ayumi.pid_guard | Another forward test process is running (PID 26302). Refusing to start. Kill it first or remove /home/TacoPants/projects/Ayumi/data/forward_test.pid.
2026-05-13 20:44:25 | INFO     | ayumi.forward_test | [B5 Periodic] ticks=40354 bars_built=1 signals=1 traded=1 eval_errors=0
2026-05-13 20:44:28 | INFO     | ayumi.blend_launcher | [B5 Health] ticks=40354 tps=1.67 bars=1 signals=1 trades=1 balance=10000.00 uptime=27124s
2026-05-13 20:44:42 | ERROR    | ayumi.pid_guard | Another forward test process is running (PID 26302). Refusing to start. Kill it first or remove /home/TacoPants/projects/Ayumi/data/forward_test.pid.
2026-05-13 20:44:55 | WARNING  | ayumi.forward_test | Connection health check failed: connected=True last_tick_ago=901.0s threshold=900.0s — reconnecting
2026-05-13 20:44:55 | INFO     | ayumi.forward_test | Reconnection attempt 1 (backoff=5.0s)
2026-05-13 20:44:55 | INFO     | ayumi.openapi_spot_feed | Unsubscribed from spot events for symbol_id=2
2026-05-13 20:44:55 | INFO     | ayumi.openapi_spot_feed | Unsubscribed from spot events for symbol_id=4
2026-05-13 20:44:55 | INFO     | ayumi.openapi_spot_feed | OpenApiSpotFeed stopped
2026-05-13 20:44:55 | WARNING  | ayumi.openapi_spot_feed | Disconnected: [Failure instance: Traceback (failure with no frames): <class 'twisted.internet.error.ConnectionDone'>: Connection was closed cleanly.
]
2026-05-13 20:44:55 | INFO     | ayumi.openapi_spot_feed | Connected to demo.ctraderapi.com:5035
2026-05-13 20:44:56 | INFO     | ayumi.openapi_spot_feed | Application authenticated
2026-05-13 20:44:57 | INFO     | ayumi.openapi_spot_feed | No token lifetime from server — defaulting to 86400s
2026-05-13 20:44:57 | INFO     | ayumi.openapi_spot_feed | Scheduling proactive token refresh in 69120s (token lifetime=86400s)
2026-05-13 20:44:57 | INFO     | ayumi.openapi_spot_feed | Account authenticated
2026-05-13 20:44:57 | INFO     | ayumi.openapi_spot_feed | Requesting symbol list for account 46877902
2026-05-13 20:44:58 | INFO     | ayumi.openapi_spot_feed | Loaded 830 symbol name mappings from API
2026-05-13 20:44:58 | INFO     | ayumi.openapi_spot_feed | Pre-fetching details for GBPUSD (id=2)
2026-05-13 20:44:59 | INFO     | ayumi.openapi_spot_feed | Fetched symbol details: id=2 digits=5
2026-05-13 20:44:59 | INFO     | ayumi.openapi_spot_feed | Pre-fetching details for USDJPY (id=4)
2026-05-13 20:45:00 | INFO     | ayumi.openapi_spot_feed | Fetched symbol details: id=4 digits=3
2026-05-13 20:45:00 | INFO     | ayumi.openapi_spot_feed | Subscribed to spot events for symbol_id=2
2026-05-13 20:45:00 | INFO     | ayumi.openapi_spot_feed | Subscribed to spot events for symbol_id=4
2026-05-13 20:45:00 | INFO     | ayumi.openapi_spot_feed | OpenApiSpotFeed started: account=46877902 symbols_loaded=2
2026-05-13 20:45:00 | INFO     | ayumi.forward_test | Open API spot feed connected for ['GBPUSD', 'USDJPY']
2026-05-13 20:45:00 | INFO     | ayumi.forward_test | Reconnection successful — reset consecutive failure counter
2026-05-13 20:45:15 | ERROR    | ayumi.pid_guard | Another forward test process is running (PID 26302). Refusing to start. Kill it first or remove /home/TacoPants/projects/Ayumi/data/forward_test.pid.
2026-05-13 20:45:28 | INFO     | ayumi.blend_launcher | [B5 Health] ticks=40355 tps=0.00 bars=2 signals=1 trades=1 balance=10000.00 uptime=27184s
2026-05-13 20:45:30 | INFO     | ayumi.forward_test | [B5 Periodic] ticks=40355 bars_built=2 signals=1 traded=1 eval_errors=0
2026-05-13 20:45:48 | ERROR    | ayumi.pid_guard | Another forward test process is running (PID 26302). Refusing to start. Kill it first or remove /home/TacoPants/projects/Ayumi/data/forward_test.pid.
2026-05-13 20:46:20 | ERROR    | ayumi.pid_guard | Another forward test process is running (PID 26302). Refusing to start. Kill it first or remove /home/TacoPants/projects/Ayumi/data/forward_test.pid.
2026-05-13 20:46:28 | INFO     | ayumi.blend_launcher | [B5 Health] ticks=40355 tps=0.00 bars=2 signals=1 trades=1 balance=10000.00 uptime=27244s
2026-05-13 20:46:30 | INFO     | ayumi.forward_test | [B5 Periodic] ticks=40355 bars_built=2 signals=1 traded=1 eval_errors=0
2026-05-13 20:46:53 | ERROR    | ayumi.pid_guard | Another forward test process is running (PID 26302). Refusing to start. Kill it first or remove /home/TacoPants/projects/Ayumi/data/forward_test.pid.
2026-05-13 20:47:26 | ERROR    | ayumi.pid_guard | Another forward test process is running (PID 26302). Refusing to start. Kill it first or remove /home/TacoPants/projects/Ayumi/data/forward_test.pid.
2026-05-13 20:47:28 | INFO     | ayumi.blend_launcher | [B5 Health] ticks=40355 tps=0.00 bars=2 signals=1 trades=1 balance=10000.00 uptime=27304s
2026-05-13 20:47:30 | INFO     | ayumi.forward_test | [B5 Periodic] ticks=40355 bars_built=2 signals=1 traded=1 eval_errors=0
2026-05-13 20:47:59 | ERROR    | ayumi.pid_guard | Another forward test process is running (PID 26302). Refusing to start. Kill it first or remove /home/TacoPants/projects/Ayumi/data/forward_test.pid.
2026-05-13 20:48:28 | INFO     | ayumi.blend_launcher | [B5 Health] ticks=40355 tps=0.00 bars=2 signals=1 trades=1 balance=10000.00 uptime=27364s
2026-05-13 20:48:30 | INFO     | ayumi.forward_test | [B5 Periodic] ticks=40355 bars_built=2 signals=1 traded=1 eval_errors=0
2026-05-13 20:48:32 | ERROR    | ayumi.pid_guard | Another forward test process is running (PID 26302). Refusing to start. Kill it first or remove /home/TacoPants/projects/Ayumi/data/forward_test.pid.
2026-05-13 20:49:05 | ERROR    | ayumi.pid_guard | Another forward test process is running (PID 26302). Refusing to start. Kill it first or remove /home/TacoPants/projects/Ayumi/data/forward_test.pid.
2026-05-13 20:49:28 | INFO     | ayumi.blend_launcher | [B5 Health] ticks=40355 tps=0.00 bars=2 signals=1 trades=1 balance=10000.00 uptime=27424s
2026-05-13 20:49:30 | INFO     | ayumi.forward_test | [B5 Periodic] ticks=40355 bars_built=2 signals=1 traded=1 eval_errors=0
2026-05-13 20:49:38 | ERROR    | ayumi.pid_guard | Another forward test process is running (PID 26302). Refusing to start. Kill it first or remove /home/TacoPants/projects/Ayumi/data/forward_test.pid.
2026-05-13 20:50:10 | ERROR    | ayumi.pid_guard | Another forward test process is running (PID 26302). Refusing to start. Kill it first or remove /home/TacoPants/projects/Ayumi/data/forward_test.pid.
2026-05-13 20:50:28 | INFO     | ayumi.blend_launcher | [B5 Health] ticks=40355 tps=0.00 bars=2 signals=1 trades=1 balance=10000.00 uptime=27484s
2026-05-13 20:50:30 | INFO     | ayumi.forward_test | [B5 Periodic] ticks=40355 bars_built=2 signals=1 traded=1 eval_errors=0
2026-05-13 20:50:43 | ERROR    | ayumi.pid_guard | Another forward test process is running (PID 26302). Refusing to start. Kill it first or remove /home/TacoPants/projects/Ayumi/data/forward_test.pid.
2026-05-13 20:51:15 | ERROR    | ayumi.pid_guard | Another forward test process is running (PID 26302). Refusing to start. Kill it first or remove /home/TacoPants/projects/Ayumi/data/forward_test.pid.
2026-05-13 20:51:28 | INFO     | ayumi.blend_launcher | [B5 Health] ticks=40355 tps=0.00 bars=2 signals=1 trades=1 balance=10000.00 uptime=27544s
2026-05-13 20:51:30 | INFO     | ayumi.forward_test | [B5 Periodic] ticks=40355 bars_built=2 signals=1 traded=1 eval_errors=0
2026-05-13 20:51:48 | ERROR    | ayumi.pid_guard | Another forward test process is running (PID 26302). Refusing to start. Kill it first or remove /home/TacoPants/projects/Ayumi/data/forward_test.pid.
2026-05-13 20:52:20 | ERROR    | ayumi.pid_guard | Another forward test process is running (PID 26302). Refusing to start. Kill it first or remove /home/TacoPants/projects/Ayumi/data/forward_test.pid.
2026-05-13 20:52:28 | INFO     | ayumi.blend_launcher | [B5 Health] ticks=40355 tps=0.00 bars=2 signals=1 trades=1 balance=10000.00 uptime=27604s
2026-05-13 20:52:30 | INFO     | ayumi.forward_test | [B5 Periodic] ticks=40355 bars_built=2 signals=1 traded=1 eval_errors=0
2026-05-13 20:52:53 | ERROR    | ayumi.pid_guard | Another forward test process is running (PID 26302). Refusing to start. Kill it first or remove /home/TacoPants/projects/Ayumi/data/forward_test.pid.
2026-05-13 20:53:25 | ERROR    | ayumi.pid_guard | Another forward test process is running (PID 26302). Refusing to start. Kill it first or remove /home/TacoPants/projects/Ayumi/data/forward_test.pid.
2026-05-13 20:53:28 | INFO     | ayumi.blend_launcher | [B5 Health] ticks=40355 tps=0.00 bars=2 signals=1 trades=1 balance=10000.00 uptime=27664s
2026-05-13 20:53:30 | INFO     | ayumi.forward_test | [B5 Periodic] ticks=40355 bars_built=2 signals=1 traded=1 eval_errors=0
2026-05-13 20:53:58 | ERROR    | ayumi.pid_guard | Another forward test process is running (PID 26302). Refusing to start. Kill it first or remove /home/TacoPants/projects/Ayumi/data/forward_test.pid.
2026-05-13 20:54:28 | INFO     | ayumi.blend_launcher | [B5 Health] ticks=40355 tps=0.00 bars=2 signals=1 trades=1 balance=10000.00 uptime=27724s
2026-05-13 20:54:30 | INFO     | ayumi.forward_test | [B5 Periodic] ticks=40355 bars_built=2 signals=1 traded=1 eval_errors=0
2026-05-13 20:54:31 | ERROR    | ayumi.pid_guard | Another forward test process is running (PID 26302). Refusing to start. Kill it first or remove /home/TacoPants/projects/Ayumi/data/forward_test.pid.
2026-05-13 20:55:04 | ERROR    | ayumi.pid_guard | Another forward test process is running (PID 26302). Refusing to start. Kill it first or remove /home/TacoPants/projects/Ayumi/data/forward_test.pid.
2026-05-13 20:55:28 | INFO     | ayumi.blend_launcher | [B5 Health] ticks=40355 tps=0.00 bars=2 signals=1 trades=1 balance=10000.00 uptime=27784s
2026-05-13 20:55:30 | INFO     | ayumi.forward_test | [B5 Periodic] ticks=40355 bars_built=2 signals=1 traded=1 eval_errors=0
2026-05-13 20:55:37 | ERROR    | ayumi.pid_guard | Another forward test process is running (PID 26302). Refusing to start. Kill it first or remove /home/TacoPants/projects/Ayumi/data/forward_test.pid.
2026-05-13 20:56:09 | ERROR    | ayumi.pid_guard | Another forward test process is running (PID 26302). Refusing to start. Kill it first or remove /home/TacoPants/projects/Ayumi/data/forward_test.pid.
2026-05-13 20:56:28 | INFO     | ayumi.blend_launcher | [B5 Health] ticks=40355 tps=0.00 bars=2 signals=1 trades=1 balance=10000.00 uptime=27844s
2026-05-13 20:56:30 | INFO     | ayumi.forward_test | [B5 Periodic] ticks=40355 bars_built=2 signals=1 traded=1 eval_errors=0
2026-05-13 20:56:42 | ERROR    | ayumi.pid_guard | Another forward test process is running (PID 26302). Refusing to start. Kill it first or remove /home/TacoPants/projects/Ayumi/data/forward_test.pid.
2026-05-13 20:57:14 | ERROR    | ayumi.pid_guard | Another forward test process is running (PID 26302). Refusing to start. Kill it first or remove /home/TacoPants/projects/Ayumi/data/forward_test.pid.
2026-05-13 20:57:28 | INFO     | ayumi.blend_launcher | [B5 Health] ticks=40355 tps=0.00 bars=2 signals=1 trades=1 balance=10000.00 uptime=27904s
2026-05-13 20:57:30 | INFO     | ayumi.forward_test | [B5 Periodic] ticks=40355 bars_built=2 signals=1 traded=1 eval_errors=0
2026-05-13 20:57:46 | ERROR    | ayumi.pid_guard | Another forward test process is running (PID 26302). Refusing to start. Kill it first or remove /home/TacoPants/projects/Ayumi/data/forward_test.pid.
2026-05-13 20:58:19 | ERROR    | ayumi.pid_guard | Another forward test process is running (PID 26302). Refusing to start. Kill it first or remove /home/TacoPants/projects/Ayumi/data/forward_test.pid.
2026-05-13 20:58:28 | INFO     | ayumi.blend_launcher | [B5 Health] ticks=40355 tps=0.00 bars=2 signals=1 trades=1 balance=10000.00 uptime=27964s
2026-05-13 20:58:30 | INFO     | ayumi.forward_test | [B5 Periodic] ticks=40355 bars_built=2 signals=1 traded=1 eval_errors=0
2026-05-13 20:58:51 | ERROR    | ayumi.pid_guard | Another forward test process is running (PID 26302). Refusing to start. Kill it first or remove /home/TacoPants/projects/Ayumi/data/forward_test.pid.
2026-05-13 20:59:23 | ERROR    | ayumi.pid_guard | Another forward test process is running (PID 26302). Refusing to start. Kill it first or remove /home/TacoPants/projects/Ayumi/data/forward_test.pid.
2026-05-13 20:59:28 | INFO     | ayumi.blend_launcher | [B5 Health] ticks=40355 tps=0.00 bars=2 signals=1 trades=1 balance=10000.00 uptime=28024s
2026-05-13 20:59:30 | INFO     | ayumi.forward_test | [B5 Periodic] ticks=40355 bars_built=2 signals=1 traded=1 eval_errors=0
2026-05-13 20:59:55 | ERROR    | ayumi.pid_guard | Another forward test process is running (PID 26302). Refusing to start. Kill it first or remove /home/TacoPants/projects/Ayumi/data/forward_test.pid.
2026-05-13 21:00:28 | ERROR    | ayumi.pid_guard | Another forward test process is running (PID 26302). Refusing to start. Kill it first or remove /home/TacoPants/projects/Ayumi/data/forward_test.pid.
2026-05-13 21:00:28 | INFO     | ayumi.blend_launcher | [B5 Health] ticks=40360 tps=0.87 bars=3 signals=1 trades=1 balance=9162.97 uptime=28084s
2026-05-13 21:00:30 | INFO     | ayumi.forward_test | [B5 Periodic] ticks=40360 bars_built=3 signals=1 traded=1 eval_errors=0
2026-05-13 21:01:00 | ERROR    | ayumi.pid_guard | Another forward test process is running (PID 26302). Refusing to start. Kill it first or remove /home/TacoPants/projects/Ayumi/data/forward_test.pid.
2026-05-13 21:01:28 | INFO     | ayumi.blend_launcher | [B5 Health] ticks=40363 tps=0.31 bars=3 signals=1 trades=1 balance=9086.97 uptime=28144s
2026-05-13 21:01:30 | INFO     | ayumi.forward_test | [B5 Periodic] ticks=40363 bars_built=3 signals=1 traded=1 eval_errors=0
2026-05-13 21:01:32 | ERROR    | ayumi.pid_guard | Another forward test process is running (PID 26302). Refusing to start. Kill it first or remove /home/TacoPants/projects/Ayumi/data/forward_test.pid.
2026-05-13 21:02:05 | ERROR    | ayumi.pid_guard | Another forward test process is running (PID 26302). Refusing to start. Kill it first or remove /home/TacoPants/projects/Ayumi/data/forward_test.pid.
2026-05-13 21:02:28 | INFO     | ayumi.blend_launcher | [B5 Health] ticks=40364 tps=0.00 bars=3 signals=1 trades=1 balance=10000.00 uptime=28204s
2026-05-13 21:02:30 | INFO     | ayumi.forward_test | [B5 Periodic] ticks=40364 bars_built=3 signals=1 traded=1 eval_errors=0
2026-05-13 21:02:37 | ERROR    | ayumi.pid_guard | Another forward test process is running (PID 26302). Refusing to start. Kill it first or remove /home/TacoPants/projects/Ayumi/data/forward_test.pid.
2026-05-13 21:03:10 | ERROR    | ayumi.pid_guard | Another forward test process is running (PID 26302). Refusing to start. Kill it first or remove /home/TacoPants/projects/Ayumi/data/forward_test.pid.
2026-05-13 21:03:28 | INFO     | ayumi.blend_launcher | [B5 Health] ticks=40365 tps=0.00 bars=3 signals=1 trades=1 balance=9200.97 uptime=28264s
2026-05-13 21:03:30 | INFO     | ayumi.forward_test | [B5 Periodic] ticks=40365 bars_built=3 signals=1 traded=1 eval_errors=0
2026-05-13 21:03:42 | ERROR    | ayumi.pid_guard | Another forward test process is running (PID 26302). Refusing to start. Kill it first or remove /home/TacoPants/projects/Ayumi/data/forward_test.pid.
2026-05-13 21:04:15 | ERROR    | ayumi.pid_guard | Another forward test process is running (PID 26302). Refusing to start. Kill it first or remove /home/TacoPants/projects/Ayumi/data/forward_test.pid.
2026-05-13 21:04:28 | INFO     | ayumi.blend_launcher | [B5 Health] ticks=40367 tps=0.00 bars=3 signals=1 trades=1 balance=9048.97 uptime=28324s
2026-05-13 21:04:30 | INFO     | ayumi.forward_test | [B5 Periodic] ticks=40367 bars_built=3 signals=1 traded=1 eval_errors=0
2026-05-13 21:04:47 | ERROR    | ayumi.pid_guard | Another forward test process is running (PID 26302). Refusing to start. Kill it first or remove /home/TacoPants/projects/Ayumi/data/forward_test.pid.
2026-05-13 21:05:20 | ERROR    | ayumi.pid_guard | Another forward test process is running (PID 26302). Refusing to start. Kill it first or remove /home/TacoPants/projects/Ayumi/data/forward_test.pid.
2026-05-13 21:05:28 | INFO     | ayumi.blend_launcher | [B5 Health] ticks=40368 tps=0.00 bars=3 signals=1 trades=1 balance=9086.97 uptime=28384s
2026-05-13 21:05:30 | INFO     | ayumi.forward_test | [B5 Periodic] ticks=40368 bars_built=3 signals=1 traded=1 eval_errors=0
2026-05-13 21:05:52 | ERROR    | ayumi.pid_guard | Another forward test process is running (PID 26302). Refusing to start. Kill it first or remove /home/TacoPants/projects/Ayumi/data/forward_test.pid.
2026-05-13 21:06:24 | ERROR    | ayumi.pid_guard | Another forward test process is running (PID 26302). Refusing to start. Kill it first or remove /home/TacoPants/projects/Ayumi/data/forward_test.pid.
2026-05-13 21:06:28 | INFO     | ayumi.blend_launcher | [B5 Health] ticks=40371 tps=0.52 bars=3 signals=1 trades=1 balance=10000.00 uptime=28444s
2026-05-13 21:06:30 | INFO     | ayumi.forward_test | [B5 Periodic] ticks=40371 bars_built=3 signals=1 traded=1 eval_errors=0
2026-05-13 21:06:57 | ERROR    | ayumi.pid_guard | Another forward test process is running (PID 26302). Refusing to start. Kill it first or remove /home/TacoPants/projects/Ayumi/data/forward_test.pid.
2026-05-13 21:07:28 | INFO     | ayumi.blend_launcher | [B5 Health] ticks=40371 tps=0.52 bars=3 signals=1 trades=1 balance=10000.00 uptime=28504s
2026-05-13 21:07:29 | ERROR    | ayumi.pid_guard | Another forward test process is running (PID 26302). Refusing to start. Kill it first or remove /home/TacoPants/projects/Ayumi/data/forward_test.pid.
2026-05-13 21:07:30 | INFO     | ayumi.forward_test | [B5 Periodic] ticks=40371 bars_built=3 signals=1 traded=1 eval_errors=0
2026-05-13 21:08:02 | ERROR    | ayumi.pid_guard | Another forward test process is running (PID 26302). Refusing to start. Kill it first or remove /home/TacoPants/projects/Ayumi/data/forward_test.pid.
2026-05-13 21:08:28 | INFO     | ayumi.blend_launcher | [B5 Health] ticks=40371 tps=0.52 bars=3 signals=1 trades=1 balance=10000.00 uptime=28564s
2026-05-13 21:08:30 | INFO     | ayumi.forward_test | [B5 Periodic] ticks=40371 bars_built=3 signals=1 traded=1 eval_errors=0
2026-05-13 21:08:34 | ERROR    | ayumi.pid_guard | Another forward test process is running (PID 26302). Refusing to start. Kill it first or remove /home/TacoPants/projects/Ayumi/data/forward_test.pid.
2026-05-13 21:09:06 | ERROR    | ayumi.pid_guard | Another forward test process is running (PID 26302). Refusing to start. Kill it first or remove /home/TacoPants/projects/Ayumi/data/forward_test.pid.
2026-05-13 21:09:28 | INFO     | ayumi.blend_launcher | [B5 Health] ticks=40371 tps=0.52 bars=3 signals=1 trades=1 balance=10000.00 uptime=28624s
2026-05-13 21:09:30 | INFO     | ayumi.forward_test | [B5 Periodic] ticks=40371 bars_built=3 signals=1 traded=1 eval_errors=0
2026-05-13 21:09:39 | ERROR    | ayumi.pid_guard | Another forward test process is running (PID 26302). Refusing to start. Kill it first or remove /home/TacoPants/projects/Ayumi/data/forward_test.pid.
2026-05-13 21:10:11 | ERROR    | ayumi.pid_guard | Another forward test process is running (PID 26302). Refusing to start. Kill it first or remove /home/TacoPants/projects/Ayumi/data/forward_test.pid.
2026-05-13 21:10:29 | INFO     | ayumi.blend_launcher | [B5 Health] ticks=40372 tps=0.00 bars=3 signals=1 trades=1 balance=10000.00 uptime=28684s
2026-05-13 21:10:30 | INFO     | ayumi.forward_test | [B5 Periodic] ticks=40372 bars_built=3 signals=1 traded=1 eval_errors=0
2026-05-13 21:10:43 | ERROR    | ayumi.pid_guard | Another forward test process is running (PID 26302). Refusing to start. Kill it first or remove /home/TacoPants/projects/Ayumi/data/forward_test.pid.
2026-05-13 21:11:16 | ERROR    | ayumi.pid_guard | Another forward test process is running (PID 26302). Refusing to start. Kill it first or remove /home/TacoPants/projects/Ayumi/data/forward_test.pid.
2026-05-13 21:11:29 | INFO     | ayumi.blend_launcher | [B5 Health] ticks=40372 tps=0.00 bars=3 signals=1 trades=1 balance=10000.00 uptime=28744s
2026-05-13 21:11:30 | INFO     | ayumi.forward_test | [B5 Periodic] ticks=40372 bars_built=3 signals=1 traded=1 eval_errors=0
2026-05-13 21:11:48 | ERROR    | ayumi.pid_guard | Another forward test process is running (PID 26302). Refusing to start. Kill it first or remove /home/TacoPants/projects/Ayumi/data/forward_test.pid.
2026-05-13 21:12:20 | ERROR    | ayumi.pid_guard | Another forward test process is running (PID 26302). Refusing to start. Kill it first or remove /home/TacoPants/projects/Ayumi/data/forward_test.pid.
2026-05-13 21:12:29 | INFO     | ayumi.blend_launcher | [B5 Health] ticks=40377 tps=0.00 bars=3 signals=1 trades=1 balance=10000.00 uptime=28804s
2026-05-13 21:12:30 | INFO     | ayumi.forward_test | [B5 Periodic] ticks=40377 bars_built=3 signals=1 traded=1 eval_errors=0
2026-05-13 21:12:53 | ERROR    | ayumi.pid_guard | Another forward test process is running (PID 26302). Refusing to start. Kill it first or remove /home/TacoPants/projects/Ayumi/data/forward_test.pid.
2026-05-13 21:13:25 | ERROR    | ayumi.pid_guard | Another forward test process is running (PID 26302). Refusing to start. Kill it first or remove /home/TacoPants/projects/Ayumi/data/forward_test.pid.
2026-05-13 21:13:29 | INFO     | ayumi.blend_launcher | [B5 Health] ticks=40385 tps=0.00 bars=3 signals=1 trades=1 balance=10000.00 uptime=28864s
2026-05-13 21:13:30 | INFO     | ayumi.forward_test | [B5 Periodic] ticks=40385 bars_built=3 signals=1 traded=1 eval_errors=0
2026-05-13 21:13:57 | ERROR    | ayumi.pid_guard | Another forward test process is running (PID 26302). Refusing to start. Kill it first or remove /home/TacoPants/projects/Ayumi/data/forward_test.pid.
2026-05-13 21:14:29 | INFO     | ayumi.blend_launcher | [B5 Health] ticks=40387 tps=0.00 bars=3 signals=1 trades=1 balance=10000.00 uptime=28924s
2026-05-13 21:14:30 | ERROR    | ayumi.pid_guard | Another forward test process is running (PID 26302). Refusing to start. Kill it first or remove /home/TacoPants/projects/Ayumi/data/forward_test.pid.
2026-05-13 21:14:30 | INFO     | ayumi.forward_test | [B5 Periodic] ticks=40388 bars_built=3 signals=1 traded=1 eval_errors=0
2026-05-13 21:15:02 | ERROR    | ayumi.pid_guard | Another forward test process is running (PID 26302). Refusing to start. Kill it first or remove /home/TacoPants/projects/Ayumi/data/forward_test.pid.
2026-05-13 21:15:29 | INFO     | ayumi.blend_launcher | [B5 Health] ticks=40389 tps=0.00 bars=3 signals=1 trades=1 balance=10000.00 uptime=28984s
2026-05-13 21:15:30 | INFO     | ayumi.forward_test | [B5 Periodic] ticks=40389 bars_built=3 signals=1 traded=1 eval_errors=0
2026-05-13 21:15:34 | ERROR    | ayumi.pid_guard | Another forward test process is running (PID 26302). Refusing to start. Kill it first or remove /home/TacoPants/projects/Ayumi/data/forward_test.pid.
2026-05-13 21:16:07 | ERROR    | ayumi.pid_guard | Another forward test process is running (PID 26302). Refusing to start. Kill it first or remove /home/TacoPants/projects/Ayumi/data/forward_test.pid.
2026-05-13 21:16:29 | INFO     | ayumi.blend_launcher | [B5 Health] ticks=40391 tps=0.00 bars=3 signals=1 trades=1 balance=10000.00 uptime=29044s
2026-05-13 21:16:30 | INFO     | ayumi.forward_test | [B5 Periodic] ticks=40391 bars_built=3 signals=1 traded=1 eval_errors=0
2026-05-13 21:16:40 | ERROR    | ayumi.pid_guard | Another forward test process is running (PID 26302). Refusing to start. Kill it first or remove /home/TacoPants/projects/Ayumi/data/forward_test.pid.
2026-05-13 21:17:12 | ERROR    | ayumi.pid_guard | Another forward test process is running (PID 26302). Refusing to start. Kill it first or remove /home/TacoPants/projects/Ayumi/data/forward_test.pid.
2026-05-13 21:17:29 | INFO     | ayumi.blend_launcher | [B5 Health] ticks=40395 tps=3.30 bars=3 signals=1 trades=1 balance=10000.00 uptime=29104s
2026-05-13 21:17:30 | INFO     | ayumi.forward_test | [B5 Periodic] ticks=40395 bars_built=3 signals=1 traded=1 eval_errors=0
2026-05-13 21:17:44 | ERROR    | ayumi.pid_guard | Another forward test process is running (PID 26302). Refusing to start. Kill it first or remove /home/TacoPants/projects/Ayumi/data/forward_test.pid.
2026-05-13 21:18:17 | ERROR    | ayumi.pid_guard | Another forward test process is running (PID 26302). Refusing to start. Kill it first or remove /home/TacoPants/projects/Ayumi/data/forward_test.pid.
2026-05-13 21:18:29 | INFO     | ayumi.blend_launcher | [B5 Health] ticks=40395 tps=3.30 bars=3 signals=1 trades=1 balance=10000.00 uptime=29164s
2026-05-13 21:18:30 | INFO     | ayumi.forward_test | [B5 Periodic] ticks=40395 bars_built=3 signals=1 traded=1 eval_errors=0
2026-05-13 21:18:49 | ERROR    | ayumi.pid_guard | Another forward test process is running (PID 26302). Refusing to start. Kill it first or remove /home/TacoPants/projects/Ayumi/data/forward_test.pid.
2026-05-13 21:19:21 | ERROR    | ayumi.pid_guard | Another forward test process is running (PID 26302). Refusing to start. Kill it first or remove /home/TacoPants/projects/Ayumi/data/forward_test.pid.
2026-05-13 21:19:29 | INFO     | ayumi.blend_launcher | [B5 Health] ticks=40395 tps=3.30 bars=3 signals=1 trades=1 balance=10000.00 uptime=29224s
2026-05-13 21:19:30 | INFO     | ayumi.forward_test | [B5 Periodic] ticks=40395 bars_built=3 signals=1 traded=1 eval_errors=0
2026-05-13 21:19:54 | ERROR    | ayumi.pid_guard | Another forward test process is running (PID 26302). Refusing to start. Kill it first or remove /home/TacoPants/projects/Ayumi/data/forward_test.pid.
2026-05-13 21:20:26 | ERROR    | ayumi.pid_guard | Another forward test process is running (PID 26302). Refusing to start. Kill it first or remove /home/TacoPants/projects/Ayumi/data/forward_test.pid.
2026-05-13 21:20:29 | INFO     | ayumi.blend_launcher | [B5 Health] ticks=40397 tps=0.59 bars=3 signals=1 trades=1 balance=8858.97 uptime=29284s
2026-05-13 21:20:30 | INFO     | ayumi.forward_test | [B5 Periodic] ticks=40397 bars_built=3 signals=1 traded=1 eval_errors=0
2026-05-13 21:20:58 | ERROR    | ayumi.pid_guard | Another forward test process is running (PID 26302). Refusing to start. Kill it first or remove /home/TacoPants/projects/Ayumi/data/forward_test.pid.
2026-05-13 21:21:29 | INFO     | ayumi.blend_launcher | [B5 Health] ticks=40413 tps=6.59 bars=3 signals=1 trades=1 balance=9048.97 uptime=29344s
2026-05-13 21:21:30 | INFO     | ayumi.forward_test | [B5 Periodic] ticks=40413 bars_built=3 signals=1 traded=1 eval_errors=0
2026-05-13 21:21:31 | ERROR    | ayumi.pid_guard | Another forward test process is running (PID 26302). Refusing to start. Kill it first or remove /home/TacoPants/projects/Ayumi/data/forward_test.pid.
2026-05-13 21:22:03 | ERROR    | ayumi.pid_guard | Another forward test process is running (PID 26302). Refusing to start. Kill it first or remove /home/TacoPants/projects/Ayumi/data/forward_test.pid.
2026-05-13 21:22:29 | INFO     | ayumi.blend_launcher | [B5 Health] ticks=40430 tps=0.63 bars=3 signals=1 trades=1 balance=9466.97 uptime=29404s
2026-05-13 21:22:30 | INFO     | ayumi.forward_test | [B5 Periodic] ticks=40431 bars_built=3 signals=1 traded=1 eval_errors=0
2026-05-13 21:22:35 | ERROR    | ayumi.pid_guard | Another forward test process is running (PID 26302). Refusing to start. Kill it first or remove /home/TacoPants/projects/Ayumi/data/forward_test.pid.
2026-05-13 21:23:07 | ERROR    | ayumi.pid_guard | Another forward test process is running (PID 26302). Refusing to start. Kill it first or remove /home/TacoPants/projects/Ayumi/data/forward_test.pid.
2026-05-13 21:23:29 | INFO     | ayumi.blend_launcher | [B5 Health] ticks=40433 tps=0.00 bars=3 signals=1 trades=1 balance=10000.00 uptime=29464s
2026-05-13 21:23:30 | INFO     | ayumi.forward_test | [B5 Periodic] ticks=40434 bars_built=3 signals=1 traded=1 eval_errors=0
2026-05-13 21:23:40 | ERROR    | ayumi.pid_guard | Another forward test process is running (PID 26302). Refusing to start. Kill it first or remove /home/TacoPants/projects/Ayumi/data/forward_test.pid.
2026-05-13 21:24:12 | ERROR    | ayumi.pid_guard | Another forward test process is running (PID 26302). Refusing to start. Kill it first or remove /home/TacoPants/projects/Ayumi/data/forward_test.pid.
2026-05-13 21:24:29 | INFO     | ayumi.blend_launcher | [B5 Health] ticks=40439 tps=0.53 bars=3 signals=1 trades=1 balance=8820.97 uptime=29524s
2026-05-13 21:24:30 | INFO     | ayumi.forward_test | [B5 Periodic] ticks=40440 bars_built=3 signals=1 traded=1 eval_errors=0
2026-05-13 21:24:44 | ERROR    | ayumi.pid_guard | Another forward test process is running (PID 26302). Refusing to start. Kill it first or remove /home/TacoPants/projects/Ayumi/data/forward_test.pid.
2026-05-13 21:25:16 | ERROR    | ayumi.pid_guard | Another forward test process is running (PID 26302). Refusing to start. Kill it first or remove /home/TacoPants/projects/Ayumi/data/forward_test.pid.
2026-05-13 21:25:29 | INFO     | ayumi.blend_launcher | [B5 Health] ticks=40461 tps=0.50 bars=3 signals=1 trades=1 balance=10000.00 uptime=29584s
2026-05-13 21:25:30 | INFO     | ayumi.forward_test | [B5 Periodic] ticks=40461 bars_built=3 signals=1 traded=1 eval_errors=0
2026-05-13 21:25:49 | ERROR    | ayumi.pid_guard | Another forward test process is running (PID 26302). Refusing to start. Kill it first or remove /home/TacoPants/projects/Ayumi/data/forward_test.pid.
2026-05-13 21:26:21 | ERROR    | ayumi.pid_guard | Another forward test process is running (PID 26302). Refusing to start. Kill it first or remove /home/TacoPants/projects/Ayumi/data/forward_test.pid.
2026-05-13 21:26:29 | INFO     | ayumi.blend_launcher | [B5 Health] ticks=40478 tps=0.32 bars=3 signals=1 trades=1 balance=9238.97 uptime=29644s
2026-05-13 21:26:30 | INFO     | ayumi.forward_test | [B5 Periodic] ticks=40478 bars_built=3 signals=1 traded=1 eval_errors=0
2026-05-13 21:26:53 | ERROR    | ayumi.pid_guard | Another forward test process is running (PID 26302). Refusing to start. Kill it first or remove /home/TacoPants/projects/Ayumi/data/forward_test.pid.
2026-05-13 21:27:26 | ERROR    | ayumi.pid_guard | Another forward test process is running (PID 26302). Refusing to start. Kill it first or remove /home/TacoPants/projects/Ayumi/data/forward_test.pid.
2026-05-13 21:27:29 | INFO     | ayumi.blend_launcher | [B5 Health] ticks=40486 tps=0.72 bars=3 signals=1 trades=1 balance=10000.00 uptime=29704s
2026-05-13 21:27:30 | INFO     | ayumi.forward_test | [B5 Periodic] ticks=40486 bars_built=3 signals=1 traded=1 eval_errors=0
2026-05-13 21:27:58 | ERROR    | ayumi.pid_guard | Another forward test process is running (PID 26302). Refusing to start. Kill it first or remove /home/TacoPants/projects/Ayumi/data/forward_test.pid.
2026-05-13 21:28:29 | INFO     | ayumi.blend_launcher | [B5 Health] ticks=40512 tps=0.97 bars=3 signals=1 trades=1 balance=10000.00 uptime=29764s
2026-05-13 21:28:30 | INFO     | ayumi.forward_test | [B5 Periodic] ticks=40514 bars_built=3 signals=1 traded=1 eval_errors=0
2026-05-13 21:28:30 | ERROR    | ayumi.pid_guard | Another forward test process is running (PID 26302). Refusing to start. Kill it first or remove /home/TacoPants/projects/Ayumi/data/forward_test.pid.
2026-05-13 21:29:03 | ERROR    | ayumi.pid_guard | Another forward test process is running (PID 26302). Refusing to start. Kill it first or remove /home/TacoPants/projects/Ayumi/data/forward_test.pid.
2026-05-13 21:29:29 | INFO     | ayumi.blend_launcher | [B5 Health] ticks=40530 tps=1.15 bars=3 signals=1 trades=1 balance=10000.00 uptime=29824s
2026-05-13 21:29:30 | INFO     | ayumi.forward_test | [B5 Periodic] ticks=40530 bars_built=3 signals=1 traded=1 eval_errors=0
2026-05-13 21:29:35 | ERROR    | ayumi.pid_guard | Another forward test process is running (PID 26302). Refusing to start. Kill it first or remove /home/TacoPants/projects/Ayumi/data/forward_test.pid.
2026-05-13 21:30:07 | ERROR    | ayumi.pid_guard | Another forward test process is running (PID 26302). Refusing to start. Kill it first or remove /home/TacoPants/projects/Ayumi/data/forward_test.pid.
2026-05-13 21:30:29 | INFO     | ayumi.blend_launcher | [B5 Health] ticks=40558 tps=0.51 bars=3 signals=1 trades=1 balance=10000.00 uptime=29884s
2026-05-13 21:30:30 | INFO     | ayumi.forward_test | [B5 Periodic] ticks=40558 bars_built=3 signals=1 traded=1 eval_errors=0
2026-05-13 21:30:39 | ERROR    | ayumi.pid_guard | Another forward test process is running (PID 26302). Refusing to start. Kill it first or remove /home/TacoPants/projects/Ayumi/data/forward_test.pid.
2026-05-13 21:31:12 | ERROR    | ayumi.pid_guard | Another forward test process is running (PID 26302). Refusing to start. Kill it first or remove /home/TacoPants/projects/Ayumi/data/forward_test.pid.
2026-05-13 21:31:29 | INFO     | ayumi.blend_launcher | [B5 Health] ticks=40568 tps=0.00 bars=3 signals=1 trades=1 balance=10000.00 uptime=29944s
2026-05-13 21:31:30 | INFO     | ayumi.forward_test | [B5 Periodic] ticks=40568 bars_built=3 signals=1 traded=1 eval_errors=0
2026-05-13 21:31:44 | ERROR    | ayumi.pid_guard | Another forward test process is running (PID 26302). Refusing to start. Kill it first or remove /home/TacoPants/projects/Ayumi/data/forward_test.pid.
2026-05-13 21:32:16 | ERROR    | ayumi.pid_guard | Another forward test process is running (PID 26302). Refusing to start. Kill it first or remove /home/TacoPants/projects/Ayumi/data/forward_test.pid.
2026-05-13 21:32:29 | INFO     | ayumi.blend_launcher | [B5 Health] ticks=40578 tps=0.41 bars=3 signals=1 trades=1 balance=10000.00 uptime=30004s
2026-05-13 21:32:30 | INFO     | ayumi.forward_test | [B5 Periodic] ticks=40579 bars_built=3 signals=1 traded=1 eval_errors=0
2026-05-13 21:32:49 | ERROR    | ayumi.pid_guard | Another forward test process is running (PID 26302). Refusing to start. Kill it first or remove /home/TacoPants/projects/Ayumi/data/forward_test.pid.
2026-05-13 21:33:21 | ERROR    | ayumi.pid_guard | Another forward test process is running (PID 26302). Refusing to start. Kill it first or remove /home/TacoPants/projects/Ayumi/data/forward_test.pid.
2026-05-13 21:33:29 | INFO     | ayumi.blend_launcher | [B5 Health] ticks=40605 tps=0.78 bars=3 signals=1 trades=1 balance=10000.00 uptime=30064s
2026-05-13 21:33:30 | INFO     | ayumi.forward_test | [B5 Periodic] ticks=40606 bars_built=3 signals=1 traded=1 eval_errors=0
2026-05-13 21:33:53 | ERROR    | ayumi.pid_guard | Another forward test process is running (PID 26302). Refusing to start. Kill it first or remove /home/TacoPants/projects/Ayumi/data/forward_test.pid.
2026-05-13 21:34:25 | ERROR    | ayumi.pid_guard | Another forward test process is running (PID 26302). Refusing to start. Kill it first or remove /home/TacoPants/projects/Ayumi/data/forward_test.pid.
2026-05-13 21:34:29 | INFO     | ayumi.blend_launcher | [B5 Health] ticks=40629 tps=0.63 bars=3 signals=1 trades=1 balance=10000.00 uptime=30124s
2026-05-13 21:34:30 | INFO     | ayumi.forward_test | [B5 Periodic] ticks=40630 bars_built=3 signals=1 traded=1 eval_errors=0
2026-05-13 21:34:58 | ERROR    | ayumi.pid_guard | Another forward test process is running (PID 26302). Refusing to start. Kill it first or remove /home/TacoPants/projects/Ayumi/data/forward_test.pid.
2026-05-13 21:35:29 | INFO     | ayumi.blend_launcher | [B5 Health] ticks=40635 tps=0.00 bars=3 signals=1 trades=1 balance=10000.00 uptime=30184s
2026-05-13 21:35:30 | INFO     | ayumi.forward_test | [B5 Periodic] ticks=40635 bars_built=3 signals=1 traded=1 eval_errors=0
2026-05-13 21:35:30 | ERROR    | ayumi.pid_guard | Another forward test process is running (PID 26302). Refusing to start. Kill it first or remove /home/TacoPants/projects/Ayumi/data/forward_test.pid.
2026-05-13 21:36:03 | ERROR    | ayumi.pid_guard | Another forward test process is running (PID 26302). Refusing to start. Kill it first or remove /home/TacoPants/projects/Ayumi/data/forward_test.pid.
2026-05-13 21:36:29 | INFO     | ayumi.blend_launcher | [B5 Health] ticks=40639 tps=3.27 bars=3 signals=1 trades=1 balance=10000.00 uptime=30244s
2026-05-13 21:36:30 | INFO     | ayumi.forward_test | [B5 Periodic] ticks=40639 bars_built=3 signals=1 traded=1 eval_errors=0
2026-05-13 21:36:35 | ERROR    | ayumi.pid_guard | Another forward test process is running (PID 26302). Refusing to start. Kill it first or remove /home/TacoPants/projects/Ayumi/data/forward_test.pid.
2026-05-13 21:37:08 | ERROR    | ayumi.pid_guard | Another forward test process is running (PID 26302). Refusing to start. Kill it first or remove /home/TacoPants/projects/Ayumi/data/forward_test.pid.
2026-05-13 21:37:29 | INFO     | ayumi.blend_launcher | [B5 Health] ticks=40641 tps=0.00 bars=3 signals=1 trades=1 balance=10000.00 uptime=30304s
2026-05-13 21:37:30 | INFO     | ayumi.forward_test | [B5 Periodic] ticks=40641 bars_built=3 signals=1 traded=1 eval_errors=0
2026-05-13 21:37:41 | ERROR    | ayumi.pid_guard | Another forward test process is running (PID 26302). Refusing to start. Kill it first or remove /home/TacoPants/projects/Ayumi/data/forward_test.pid.
2026-05-13 21:38:15 | ERROR    | ayumi.pid_guard | Another forward test process is running (PID 26302). Refusing to start. Kill it first or remove /home/TacoPants/projects/Ayumi/data/forward_test.pid.
2026-05-13 21:38:29 | INFO     | ayumi.blend_launcher | [B5 Health] ticks=40642 tps=0.00 bars=3 signals=1 trades=1 balance=10000.00 uptime=30364s
2026-05-13 21:38:30 | INFO     | ayumi.forward_test | [B5 Periodic] ticks=40642 bars_built=3 signals=1 traded=1 eval_errors=0
2026-05-13 21:38:48 | ERROR    | ayumi.pid_guard | Another forward test process is running (PID 26302). Refusing to start. Kill it first or remove /home/TacoPants/projects/Ayumi/data/forward_test.pid.
2026-05-13 21:39:20 | ERROR    | ayumi.pid_guard | Another forward test process is running (PID 26302). Refusing to start. Kill it first or remove /home/TacoPants/projects/Ayumi/data/forward_test.pid.
2026-05-13 21:39:29 | INFO     | ayumi.blend_launcher | [B5 Health] ticks=40654 tps=0.00 bars=3 signals=1 trades=1 balance=10000.00 uptime=30424s
2026-05-13 21:39:30 | INFO     | ayumi.forward_test | [B5 Periodic] ticks=40654 bars_built=3 signals=1 traded=1 eval_errors=0
2026-05-13 21:39:54 | ERROR    | ayumi.pid_guard | Another forward test process is running (PID 26302). Refusing to start. Kill it first or remove /home/TacoPants/projects/Ayumi/data/forward_test.pid.
2026-05-13 21:40:27 | ERROR    | ayumi.pid_guard | Another forward test process is running (PID 26302). Refusing to start. Kill it first or remove /home/TacoPants/projects/Ayumi/data/forward_test.pid.
2026-05-13 21:40:29 | INFO     | ayumi.blend_launcher | [B5 Health] ticks=40676 tps=0.35 bars=3 signals=1 trades=1 balance=10000.00 uptime=30485s
2026-05-13 21:40:30 | INFO     | ayumi.forward_test | [B5 Periodic] ticks=40676 bars_built=3 signals=1 traded=1 eval_errors=0
2026-05-13 21:41:00 | ERROR    | ayumi.pid_guard | Another forward test process is running (PID 26302). Refusing to start. Kill it first or remove /home/TacoPants/projects/Ayumi/data/forward_test.pid.
2026-05-13 21:41:29 | INFO     | ayumi.blend_launcher | [B5 Health] ticks=40683 tps=0.00 bars=3 signals=1 trades=1 balance=10000.00 uptime=30545s
2026-05-13 21:41:30 | INFO     | ayumi.forward_test | [B5 Periodic] ticks=40685 bars_built=3 signals=1 traded=1 eval_errors=0
2026-05-13 21:41:32 | ERROR    | ayumi.pid_guard | Another forward test process is running (PID 26302). Refusing to start. Kill it first or remove /home/TacoPants/projects/Ayumi/data/forward_test.pid.
2026-05-13 21:42:04 | ERROR    | ayumi.pid_guard | Another forward test process is running (PID 26302). Refusing to start. Kill it first or remove /home/TacoPants/projects/Ayumi/data/forward_test.pid.
2026-05-13 21:42:29 | INFO     | ayumi.blend_launcher | [B5 Health] ticks=40689 tps=0.00 bars=3 signals=1 trades=1 balance=10000.00 uptime=30605s
2026-05-13 21:42:30 | INFO     | ayumi.forward_test | [B5 Periodic] ticks=40689 bars_built=3 signals=1 traded=1 eval_errors=0
2026-05-13 21:42:37 | ERROR    | ayumi.pid_guard | Another forward test process is running (PID 26302). Refusing to start. Kill it first or remove /home/TacoPants/projects/Ayumi/data/forward_test.pid.
2026-05-13 21:43:09 | ERROR    | ayumi.pid_guard | Another forward test process is running (PID 26302). Refusing to start. Kill it first or remove /home/TacoPants/projects/Ayumi/data/forward_test.pid.
2026-05-13 21:43:29 | INFO     | ayumi.blend_launcher | [B5 Health] ticks=40700 tps=0.00 bars=3 signals=1 trades=1 balance=10000.00 uptime=30665s
2026-05-13 21:43:30 | INFO     | ayumi.forward_test | [B5 Periodic] ticks=40700 bars_built=3 signals=1 traded=1 eval_errors=0
2026-05-13 21:43:42 | ERROR    | ayumi.pid_guard | Another forward test process is running (PID 26302). Refusing to start. Kill it first or remove /home/TacoPants/projects/Ayumi/data/forward_test.pid.
2026-05-13 21:44:14 | ERROR    | ayumi.pid_guard | Another forward test process is running (PID 26302). Refusing to start. Kill it first or remove /home/TacoPants/projects/Ayumi/data/forward_test.pid.
2026-05-13 21:44:29 | INFO     | ayumi.blend_launcher | [B5 Health] ticks=40709 tps=0.41 bars=3 signals=1 trades=1 balance=10000.00 uptime=30725s
2026-05-13 21:44:30 | INFO     | ayumi.forward_test | [B5 Periodic] ticks=40709 bars_built=3 signals=1 traded=1 eval_errors=0
2026-05-13 21:44:46 | ERROR    | ayumi.pid_guard | Another forward test process is running (PID 26302). Refusing to start. Kill it first or remove /home/TacoPants/projects/Ayumi/data/forward_test.pid.
2026-05-13 21:45:19 | ERROR    | ayumi.pid_guard | Another forward test process is running (PID 26302). Refusing to start. Kill it first or remove /home/TacoPants/projects/Ayumi/data/forward_test.pid.
2026-05-13 21:45:29 | INFO     | ayumi.blend_launcher | [B5 Health] ticks=40719 tps=1.00 bars=3 signals=1 trades=1 balance=10000.00 uptime=30785s
2026-05-13 21:45:30 | INFO     | ayumi.forward_test | [B5 Periodic] ticks=40720 bars_built=3 signals=1 traded=1 eval_errors=0
2026-05-13 21:45:51 | ERROR    | ayumi.pid_guard | Another forward test process is running (PID 26302). Refusing to start. Kill it first or remove /home/TacoPants/projects/Ayumi/data/forward_test.pid.
2026-05-13 21:46:24 | ERROR    | ayumi.pid_guard | Another forward test process is running (PID 26302). Refusing to start. Kill it first or remove /home/TacoPants/projects/Ayumi/data/forward_test.pid.
2026-05-13 21:46:29 | INFO     | ayumi.blend_launcher | [B5 Health] ticks=40730 tps=0.00 bars=3 signals=1 trades=1 balance=10000.00 uptime=30845s
2026-05-13 21:46:30 | INFO     | ayumi.forward_test | [B5 Periodic] ticks=40730 bars_built=3 signals=1 traded=1 eval_errors=0
2026-05-13 21:46:56 | ERROR    | ayumi.pid_guard | Another forward test process is running (PID 26302). Refusing to start. Kill it first or remove /home/TacoPants/projects/Ayumi/data/forward_test.pid.
2026-05-13 21:47:29 | ERROR    | ayumi.pid_guard | Another forward test process is running (PID 26302). Refusing to start. Kill it first or remove /home/TacoPants/projects/Ayumi/data/forward_test.pid.
2026-05-13 21:47:29 | INFO     | ayumi.blend_launcher | [B5 Health] ticks=40748 tps=0.48 bars=3 signals=1 trades=1 balance=10000.00 uptime=30905s
2026-05-13 21:47:30 | INFO     | ayumi.forward_test | [B5 Periodic] ticks=40748 bars_built=3 signals=1 traded=1 eval_errors=0
2026-05-13 21:48:01 | ERROR    | ayumi.pid_guard | Another forward test process is running (PID 26302). Refusing to start. Kill it first or remove /home/TacoPants/projects/Ayumi/data/forward_test.pid.
2026-05-13 21:48:29 | INFO     | ayumi.blend_launcher | [B5 Health] ticks=40772 tps=1.03 bars=3 signals=1 trades=1 balance=10000.00 uptime=30965s
2026-05-13 21:48:30 | INFO     | ayumi.forward_test | [B5 Periodic] ticks=40772 bars_built=3 signals=1 traded=1 eval_errors=0
2026-05-13 21:48:33 | ERROR    | ayumi.pid_guard | Another forward test process is running (PID 26302). Refusing to start. Kill it first or remove /home/TacoPants/projects/Ayumi/data/forward_test.pid.
2026-05-13 21:49:05 | ERROR    | ayumi.pid_guard | Another forward test process is running (PID 26302). Refusing to start. Kill it first or remove /home/TacoPants/projects/Ayumi/data/forward_test.pid.
2026-05-13 21:49:29 | INFO     | ayumi.blend_launcher | [B5 Health] ticks=40793 tps=0.67 bars=3 signals=1 trades=1 balance=10000.00 uptime=31025s
2026-05-13 21:49:30 | INFO     | ayumi.forward_test | [B5 Periodic] ticks=40793 bars_built=3 signals=1 traded=1 eval_errors=0
2026-05-13 21:49:38 | ERROR    | ayumi.pid_guard | Another forward test process is running (PID 26302). Refusing to start. Kill it first or remove /home/TacoPants/projects/Ayumi/data/forward_test.pid.
2026-05-13 21:50:10 | ERROR    | ayumi.pid_guard | Another forward test process is running (PID 26302). Refusing to start. Kill it first or remove /home/TacoPants/projects/Ayumi/data/forward_test.pid.
2026-05-13 21:50:29 | INFO     | ayumi.blend_launcher | [B5 Health] ticks=40855 tps=1.85 bars=3 signals=1 trades=1 balance=10000.00 uptime=31085s
2026-05-13 21:50:30 | INFO     | ayumi.forward_test | [B5 Periodic] ticks=40857 bars_built=3 signals=1 traded=1 eval_errors=0
2026-05-13 21:50:42 | ERROR    | ayumi.pid_guard | Another forward test process is running (PID 26302). Refusing to start. Kill it first or remove /home/TacoPants/projects/Ayumi/data/forward_test.pid.
2026-05-13 21:51:15 | ERROR    | ayumi.pid_guard | Another forward test process is running (PID 26302). Refusing to start. Kill it first or remove /home/TacoPants/projects/Ayumi/data/forward_test.pid.
2026-05-13 21:51:29 | INFO     | ayumi.blend_launcher | [B5 Health] ticks=40893 tps=0.65 bars=3 signals=1 trades=1 balance=10000.00 uptime=31145s
2026-05-13 21:51:30 | INFO     | ayumi.forward_test | [B5 Periodic] ticks=40894 bars_built=3 signals=1 traded=1 eval_errors=0
2026-05-13 21:51:47 | ERROR    | ayumi.pid_guard | Another forward test process is running (PID 26302). Refusing to start. Kill it first or remove /home/TacoPants/projects/Ayumi/data/forward_test.pid.
2026-05-13 21:52:19 | ERROR    | ayumi.pid_guard | Another forward test process is running (PID 26302). Refusing to start. Kill it first or remove /home/TacoPants/projects/Ayumi/data/forward_test.pid.
2026-05-13 21:52:29 | INFO     | ayumi.blend_launcher | [B5 Health] ticks=40909 tps=0.37 bars=3 signals=1 trades=1 balance=10000.00 uptime=31205s
2026-05-13 21:52:30 | INFO     | ayumi.forward_test | [B5 Periodic] ticks=40910 bars_built=3 signals=1 traded=1 eval_errors=0
2026-05-13 21:52:52 | ERROR    | ayumi.pid_guard | Another forward test process is running (PID 26302). Refusing to start. Kill it first or remove /home/TacoPants/projects/Ayumi/data/forward_test.pid.
2026-05-13 21:53:24 | ERROR    | ayumi.pid_guard | Another forward test process is running (PID 26302). Refusing to start. Kill it first or remove /home/TacoPants/projects/Ayumi/data/forward_test.pid.
2026-05-13 21:53:29 | INFO     | ayumi.blend_launcher | [B5 Health] ticks=40926 tps=0.90 bars=3 signals=1 trades=1 balance=10000.00 uptime=31265s
2026-05-13 21:53:30 | INFO     | ayumi.forward_test | [B5 Periodic] ticks=40926 bars_built=3 signals=1 traded=1 eval_errors=0
2026-05-13 21:53:56 | ERROR    | ayumi.pid_guard | Another forward test process is running (PID 26302). Refusing to start. Kill it first or remove /home/TacoPants/projects/Ayumi/data/forward_test.pid.
2026-05-13 21:54:28 | ERROR    | ayumi.pid_guard | Another forward test process is running (PID 26302). Refusing to start. Kill it first or remove /home/TacoPants/projects/Ayumi/data/forward_test.pid.
2026-05-13 21:54:29 | INFO     | ayumi.blend_launcher | [B5 Health] ticks=40937 tps=0.33 bars=3 signals=1 trades=1 balance=10000.00 uptime=31325s
2026-05-13 21:54:30 | INFO     | ayumi.forward_test | [B5 Periodic] ticks=40937 bars_built=3 signals=1 traded=1 eval_errors=0
2026-05-13 21:55:00 | ERROR    | ayumi.pid_guard | Another forward test process is running (PID 26302). Refusing to start. Kill it first or remove /home/TacoPants/projects/Ayumi/data/forward_test.pid.
2026-05-13 21:55:29 | INFO     | ayumi.blend_launcher | [B5 Health] ticks=40963 tps=0.30 bars=3 signals=1 trades=1 balance=10000.00 uptime=31385s
2026-05-13 21:55:30 | INFO     | ayumi.forward_test | [B5 Periodic] ticks=40963 bars_built=3 signals=1 traded=1 eval_errors=0
2026-05-13 21:55:34 | ERROR    | ayumi.pid_guard | Another forward test process is running (PID 26302). Refusing to start. Kill it first or remove /home/TacoPants/projects/Ayumi/data/forward_test.pid.
2026-05-13 21:56:07 | ERROR    | ayumi.pid_guard | Another forward test process is running (PID 26302). Refusing to start. Kill it first or remove /home/TacoPants/projects/Ayumi/data/forward_test.pid.
2026-05-13 21:56:29 | INFO     | ayumi.blend_launcher | [B5 Health] ticks=40987 tps=3.94 bars=3 signals=1 trades=1 balance=10000.00 uptime=31445s
2026-05-13 21:56:30 | INFO     | ayumi.forward_test | [B5 Periodic] ticks=40990 bars_built=3 signals=1 traded=1 eval_errors=0
2026-05-13 21:56:39 | ERROR    | ayumi.pid_guard | Another forward test process is running (PID 26302). Refusing to start. Kill it first or remove /home/TacoPants/projects/Ayumi/data/forward_test.pid.
2026-05-13 21:57:12 | ERROR    | ayumi.pid_guard | Another forward test process is running (PID 26302). Refusing to start. Kill it first or remove /home/TacoPants/projects/Ayumi/data/forward_test.pid.
2026-05-13 21:57:29 | INFO     | ayumi.blend_launcher | [B5 Health] ticks=41006 tps=0.27 bars=3 signals=1 trades=1 balance=10000.00 uptime=31505s
2026-05-13 21:57:30 | INFO     | ayumi.forward_test | [B5 Periodic] ticks=41007 bars_built=3 signals=1 traded=1 eval_errors=0
2026-05-13 21:57:44 | ERROR    | ayumi.pid_guard | Another forward test process is running (PID 26302). Refusing to start. Kill it first or remove /home/TacoPants/projects/Ayumi/data/forward_test.pid.
2026-05-13 21:58:16 | ERROR    | ayumi.pid_guard | Another forward test process is running (PID 26302). Refusing to start. Kill it first or remove /home/TacoPants/projects/Ayumi/data/forward_test.pid.
2026-05-13 21:58:29 | INFO     | ayumi.blend_launcher | [B5 Health] ticks=41026 tps=0.48 bars=3 signals=1 trades=1 balance=10000.00 uptime=31565s
2026-05-13 21:58:30 | INFO     | ayumi.forward_test | [B5 Periodic] ticks=41026 bars_built=3 signals=1 traded=1 eval_errors=0
2026-05-13 21:58:49 | ERROR    | ayumi.pid_guard | Another forward test process is running (PID 26302). Refusing to start. Kill it first or remove /home/TacoPants/projects/Ayumi/data/forward_test.pid.
2026-05-13 21:59:21 | ERROR    | ayumi.pid_guard | Another forward test process is running (PID 26302). Refusing to start. Kill it first or remove /home/TacoPants/projects/Ayumi/data/forward_test.pid.
2026-05-13 21:59:29 | INFO     | ayumi.blend_launcher | [B5 Health] ticks=41037 tps=0.86 bars=3 signals=1 trades=1 balance=10000.00 uptime=31625s
2026-05-13 21:59:30 | INFO     | ayumi.forward_test | [B5 Periodic] ticks=41037 bars_built=3 signals=1 traded=1 eval_errors=0
2026-05-13 21:59:53 | ERROR    | ayumi.pid_guard | Another forward test process is running (PID 26302). Refusing to start. Kill it first or remove /home/TacoPants/projects/Ayumi/data/forward_test.pid.
2026-05-13 22:00:26 | ERROR    | ayumi.pid_guard | Another forward test process is running (PID 26302). Refusing to start. Kill it first or remove /home/TacoPants/projects/Ayumi/data/forward_test.pid.
2026-05-13 22:00:29 | INFO     | ayumi.blend_launcher | [B5 Health] ticks=41074 tps=1.14 bars=3 signals=1 trades=1 balance=10000.00 uptime=31685s
2026-05-13 22:00:30 | INFO     | ayumi.forward_test | [B5 Periodic] ticks=41077 bars_built=3 signals=1 traded=1 eval_errors=0
2026-05-13 22:00:58 | ERROR    | ayumi.pid_guard | Another forward test process is running (PID 26302). Refusing to start. Kill it first or remove /home/TacoPants/projects/Ayumi/data/forward_test.pid.
2026-05-13 22:01:29 | INFO     | ayumi.blend_launcher | [B5 Health] ticks=41117 tps=1.53 bars=3 signals=1 trades=1 balance=10000.00 uptime=31745s
2026-05-13 22:01:30 | ERROR    | ayumi.pid_guard | Another forward test process is running (PID 26302). Refusing to start. Kill it first or remove /home/TacoPants/projects/Ayumi/data/forward_test.pid.
2026-05-13 22:01:30 | INFO     | ayumi.forward_test | [B5 Periodic] ticks=41119 bars_built=3 signals=1 traded=1 eval_errors=0
2026-05-13 22:02:02 | ERROR    | ayumi.pid_guard | Another forward test process is running (PID 26302). Refusing to start. Kill it first or remove /home/TacoPants/projects/Ayumi/data/forward_test.pid.
2026-05-13 22:02:29 | INFO     | ayumi.blend_launcher | [B5 Health] ticks=41148 tps=4.73 bars=3 signals=1 trades=1 balance=10000.00 uptime=31805s
2026-05-13 22:02:30 | INFO     | ayumi.forward_test | [B5 Periodic] ticks=41148 bars_built=3 signals=1 traded=1 eval_errors=0
2026-05-13 22:02:35 | ERROR    | ayumi.pid_guard | Another forward test process is running (PID 26302). Refusing to start. Kill it first or remove /home/TacoPants/projects/Ayumi/data/forward_test.pid.
2026-05-13 22:03:07 | ERROR    | ayumi.pid_guard | Another forward test process is running (PID 26302). Refusing to start. Kill it first or remove /home/TacoPants/projects/Ayumi/data/forward_test.pid.
2026-05-13 22:03:29 | INFO     | ayumi.blend_launcher | [B5 Health] ticks=41175 tps=0.53 bars=3 signals=1 trades=1 balance=10000.00 uptime=31865s
2026-05-13 22:03:30 | INFO     | ayumi.forward_test | [B5 Periodic] ticks=41175 bars_built=3 signals=1 traded=1 eval_errors=0
2026-05-13 22:03:40 | ERROR    | ayumi.pid_guard | Another forward test process is running (PID 26302). Refusing to start. Kill it first or remove /home/TacoPants/projects/Ayumi/data/forward_test.pid.
2026-05-13 22:04:12 | ERROR    | ayumi.pid_guard | Another forward test process is running (PID 26302). Refusing to start. Kill it first or remove /home/TacoPants/projects/Ayumi/data/forward_test.pid.
2026-05-13 22:04:29 | INFO     | ayumi.blend_launcher | [B5 Health] ticks=41198 tps=0.22 bars=3 signals=1 trades=1 balance=10000.00 uptime=31925s
2026-05-13 22:04:30 | INFO     | ayumi.forward_test | [B5 Periodic] ticks=41198 bars_built=3 signals=1 traded=1 eval_errors=0
2026-05-13 22:04:45 | ERROR    | ayumi.pid_guard | Another forward test process is running (PID 26302). Refusing to start. Kill it first or remove /home/TacoPants/projects/Ayumi/data/forward_test.pid.
2026-05-13 22:05:17 | ERROR    | ayumi.pid_guard | Another forward test process is running (PID 26302). Refusing to start. Kill it first or remove /home/TacoPants/projects/Ayumi/data/forward_test.pid.
2026-05-13 22:05:29 | INFO     | ayumi.blend_launcher | [B5 Health] ticks=41222 tps=0.32 bars=3 signals=1 trades=1 balance=10000.00 uptime=31985s
2026-05-13 22:05:30 | INFO     | ayumi.forward_test | [B5 Periodic] ticks=41222 bars_built=3 signals=1 traded=1 eval_errors=0
2026-05-13 22:05:49 | ERROR    | ayumi.pid_guard | Another forward test process is running (PID 26302). Refusing to start. Kill it first or remove /home/TacoPants/projects/Ayumi/data/forward_test.pid.
2026-05-13 22:06:22 | ERROR    | ayumi.pid_guard | Another forward test process is running (PID 26302). Refusing to start. Kill it first or remove /home/TacoPants/projects/Ayumi/data/forward_test.pid.
2026-05-13 22:06:29 | INFO     | ayumi.blend_launcher | [B5 Health] ticks=41244 tps=2.91 bars=3 signals=1 trades=1 balance=10000.00 uptime=32045s
2026-05-13 22:06:30 | INFO     | ayumi.forward_test | [B5 Periodic] ticks=41245 bars_built=3 signals=1 traded=1 eval_errors=0
2026-05-13 22:06:54 | ERROR    | ayumi.pid_guard | Another forward test process is running (PID 26302). Refusing to start. Kill it first or remove /home/TacoPants/projects/Ayumi/data/forward_test.pid.
2026-05-13 22:07:27 | ERROR    | ayumi.pid_guard | Another forward test process is running (PID 26302). Refusing to start. Kill it first or remove /home/TacoPants/projects/Ayumi/data/forward_test.pid.
2026-05-13 22:07:29 | INFO     | ayumi.blend_launcher | [B5 Health] ticks=41264 tps=0.48 bars=3 signals=1 trades=1 balance=10000.00 uptime=32105s
2026-05-13 22:07:30 | INFO     | ayumi.forward_test | [B5 Periodic] ticks=41264 bars_built=3 signals=1 traded=1 eval_errors=0
2026-05-13 22:08:00 | ERROR    | ayumi.pid_guard | Another forward test process is running (PID 26302). Refusing to start. Kill it first or remove /home/TacoPants/projects/Ayumi/data/forward_test.pid.
2026-05-13 22:08:29 | INFO     | ayumi.blend_launcher | [B5 Health] ticks=41276 tps=0.67 bars=3 signals=1 trades=1 balance=10000.00 uptime=32165s
2026-05-13 22:08:30 | INFO     | ayumi.forward_test | [B5 Periodic] ticks=41276 bars_built=3 signals=1 traded=1 eval_errors=0
2026-05-13 22:08:32 | ERROR    | ayumi.pid_guard | Another forward test process is running (PID 26302). Refusing to start. Kill it first or remove /home/TacoPants/projects/Ayumi/data/forward_test.pid.
2026-05-13 22:09:05 | ERROR    | ayumi.pid_guard | Another forward test process is running (PID 26302). Refusing to start. Kill it first or remove /home/TacoPants/projects/Ayumi/data/forward_test.pid.
2026-05-13 22:09:29 | INFO     | ayumi.blend_launcher | [B5 Health] ticks=41292 tps=1.10 bars=3 signals=1 trades=1 balance=10000.00 uptime=32225s
2026-05-13 22:09:30 | INFO     | ayumi.forward_test | [B5 Periodic] ticks=41293 bars_built=3 signals=1 traded=1 eval_errors=0
2026-05-13 22:09:37 | ERROR    | ayumi.pid_guard | Another forward test process is running (PID 26302). Refusing to start. Kill it first or remove /home/TacoPants/projects/Ayumi/data/forward_test.pid.
2026-05-13 22:10:09 | ERROR    | ayumi.pid_guard | Another forward test process is running (PID 26302). Refusing to start. Kill it first or remove /home/TacoPants/projects/Ayumi/data/forward_test.pid.
2026-05-13 22:10:29 | INFO     | ayumi.blend_launcher | [B5 Health] ticks=41313 tps=0.56 bars=3 signals=1 trades=1 balance=10000.00 uptime=32285s
2026-05-13 22:10:30 | INFO     | ayumi.forward_test | [B5 Periodic] ticks=41315 bars_built=3 signals=1 traded=1 eval_errors=0
2026-05-13 22:10:41 | ERROR    | ayumi.pid_guard | Another forward test process is running (PID 26302). Refusing to start. Kill it first or remove /home/TacoPants/projects/Ayumi/data/forward_test.pid.
2026-05-13 22:11:14 | ERROR    | ayumi.pid_guard | Another forward test process is running (PID 26302). Refusing to start. Kill it first or remove /home/TacoPants/projects/Ayumi/data/forward_test.pid.
2026-05-13 22:11:29 | INFO     | ayumi.blend_launcher | [B5 Health] ticks=41350 tps=0.79 bars=3 signals=1 trades=1 balance=10000.00 uptime=32345s
2026-05-13 22:11:30 | INFO     | ayumi.forward_test | [B5 Periodic] ticks=41350 bars_built=3 signals=1 traded=1 eval_errors=0
2026-05-13 22:11:46 | ERROR    | ayumi.pid_guard | Another forward test process is running (PID 26302). Refusing to start. Kill it first or remove /home/TacoPants/projects/Ayumi/data/forward_test.pid.
2026-05-13 22:12:18 | ERROR    | ayumi.pid_guard | Another forward test process is running (PID 26302). Refusing to start. Kill it first or remove /home/TacoPants/projects/Ayumi/data/forward_test.pid.
2026-05-13 22:12:29 | INFO     | ayumi.blend_launcher | [B5 Health] ticks=41377 tps=0.55 bars=3 signals=1 trades=1 balance=10000.00 uptime=32405s
2026-05-13 22:12:30 | INFO     | ayumi.forward_test | [B5 Periodic] ticks=41377 bars_built=3 signals=1 traded=1 eval_errors=0
2026-05-13 22:12:51 | ERROR    | ayumi.pid_guard | Another forward test process is running (PID 26302). Refusing to start. Kill it first or remove /home/TacoPants/projects/Ayumi/data/forward_test.pid.
2026-05-13 22:13:23 | ERROR    | ayumi.pid_guard | Another forward test process is running (PID 26302). Refusing to start. Kill it first or remove /home/TacoPants/projects/Ayumi/data/forward_test.pid.
2026-05-13 22:13:29 | INFO     | ayumi.blend_launcher | [B5 Health] ticks=41404 tps=0.81 bars=3 signals=1 trades=1 balance=10000.00 uptime=32465s
2026-05-13 22:13:30 | INFO     | ayumi.forward_test | [B5 Periodic] ticks=41404 bars_built=3 signals=1 traded=1 eval_errors=0
2026-05-13 22:13:56 | ERROR    | ayumi.pid_guard | Another forward test process is running (PID 26302). Refusing to start. Kill it first or remove /home/TacoPants/projects/Ayumi/data/forward_test.pid.
2026-05-13 22:14:28 | ERROR    | ayumi.pid_guard | Another forward test process is running (PID 26302). Refusing to start. Kill it first or remove /home/TacoPants/projects/Ayumi/data/forward_test.pid.
2026-05-13 22:14:29 | INFO     | ayumi.blend_launcher | [B5 Health] ticks=41439 tps=0.69 bars=3 signals=1 trades=1 balance=10000.00 uptime=32525s
2026-05-13 22:14:30 | INFO     | ayumi.forward_test | [B5 Periodic] ticks=41441 bars_built=3 signals=1 traded=1 eval_errors=0
2026-05-13 22:15:00 | ERROR    | ayumi.pid_guard | Another forward test process is running (PID 26302). Refusing to start. Kill it first or remove /home/TacoPants/projects/Ayumi/data/forward_test.pid.
2026-05-13 22:15:29 | INFO     | ayumi.blend_launcher | [B5 Health] ticks=41475 tps=0.00 bars=3 signals=1 trades=1 balance=10000.00 uptime=32585s
2026-05-13 22:15:30 | INFO     | ayumi.forward_test | [B5 Periodic] ticks=41475 bars_built=3 signals=1 traded=1 eval_errors=0
2026-05-13 22:15:32 | ERROR    | ayumi.pid_guard | Another forward test process is running (PID 26302). Refusing to start. Kill it first or remove /home/TacoPants/projects/Ayumi/data/forward_test.pid.
2026-05-13 22:16:05 | ERROR    | ayumi.pid_guard | Another forward test process is running (PID 26302). Refusing to start. Kill it first or remove /home/TacoPants/projects/Ayumi/data/forward_test.pid.
2026-05-13 22:16:29 | INFO     | ayumi.blend_launcher | [B5 Health] ticks=41526 tps=1.30 bars=3 signals=1 trades=1 balance=10000.00 uptime=32645s
2026-05-13 22:16:30 | INFO     | ayumi.forward_test | [B5 Periodic] ticks=41527 bars_built=3 signals=1 traded=1 eval_errors=0
2026-05-13 22:16:37 | ERROR    | ayumi.pid_guard | Another forward test process is running (PID 26302). Refusing to start. Kill it first or remove /home/TacoPants/projects/Ayumi/data/forward_test.pid.
2026-05-13 22:17:09 | ERROR    | ayumi.pid_guard | Another forward test process is running (PID 26302). Refusing to start. Kill it first or remove /home/TacoPants/projects/Ayumi/data/forward_test.pid.
2026-05-13 22:17:29 | INFO     | ayumi.blend_launcher | [B5 Health] ticks=41568 tps=1.13 bars=3 signals=1 trades=1 balance=10000.00 uptime=32705s
2026-05-13 22:17:30 | INFO     | ayumi.forward_test | [B5 Periodic] ticks=41568 bars_built=3 signals=1 traded=1 eval_errors=0
2026-05-13 22:17:41 | ERROR    | ayumi.pid_guard | Another forward test process is running (PID 26302). Refusing to start. Kill it first or remove /home/TacoPants/projects/Ayumi/data/forward_test.pid.
2026-05-13 22:18:14 | ERROR    | ayumi.pid_guard | Another forward test process is running (PID 26302). Refusing to start. Kill it first or remove /home/TacoPants/projects/Ayumi/data/forward_test.pid.
2026-05-13 22:18:29 | INFO     | ayumi.blend_launcher | [B5 Health] ticks=41589 tps=0.53 bars=3 signals=1 trades=1 balance=10000.00 uptime=32765s
2026-05-13 22:18:30 | INFO     | ayumi.forward_test | [B5 Periodic] ticks=41590 bars_built=3 signals=1 traded=1 eval_errors=0
2026-05-13 22:18:46 | ERROR    | ayumi.pid_guard | Another forward test process is running (PID 26302). Refusing to start. Kill it first or remove /home/TacoPants/projects/Ayumi/data/forward_test.pid.
2026-05-13 22:19:18 | ERROR    | ayumi.pid_guard | Another forward test process is running (PID 26302). Refusing to start. Kill it first or remove /home/TacoPants/projects/Ayumi/data/forward_test.pid.
2026-05-13 22:19:29 | INFO     | ayumi.blend_launcher | [B5 Health] ticks=41625 tps=0.92 bars=3 signals=1 trades=1 balance=10000.00 uptime=32825s
2026-05-13 22:19:30 | INFO     | ayumi.forward_test | [B5 Periodic] ticks=41625 bars_built=3 signals=1 traded=1 eval_errors=0
2026-05-13 22:19:51 | ERROR    | ayumi.pid_guard | Another forward test process is running (PID 26302). Refusing to start. Kill it first or remove /home/TacoPants/projects/Ayumi/data/forward_test.pid.
2026-05-13 22:20:23 | ERROR    | ayumi.pid_guard | Another forward test process is running (PID 26302). Refusing to start. Kill it first or remove /home/TacoPants/projects/Ayumi/data/forward_test.pid.
2026-05-13 22:20:29 | INFO     | ayumi.blend_launcher | [B5 Health] ticks=41640 tps=0.40 bars=3 signals=1 trades=1 balance=10000.00 uptime=32885s
2026-05-13 22:20:30 | INFO     | ayumi.forward_test | [B5 Periodic] ticks=41640 bars_built=3 signals=1 traded=1 eval_errors=0
2026-05-13 22:20:55 | ERROR    | ayumi.pid_guard | Another forward test process is running (PID 26302). Refusing to start. Kill it first or remove /home/TacoPants/projects/Ayumi/data/forward_test.pid.
2026-05-13 22:21:27 | ERROR    | ayumi.pid_guard | Another forward test process is running (PID 26302). Refusing to start. Kill it first or remove /home/TacoPants/projects/Ayumi/data/forward_test.pid.
2026-05-13 22:21:29 | INFO     | ayumi.blend_launcher | [B5 Health] ticks=41648 tps=0.37 bars=3 signals=1 trades=1 balance=10000.00 uptime=32945s
2026-05-13 22:21:30 | INFO     | ayumi.forward_test | [B5 Periodic] ticks=41648 bars_built=3 signals=1 traded=1 eval_errors=0
2026-05-13 22:22:01 | ERROR    | ayumi.pid_guard | Another forward test process is running (PID 26302). Refusing to start. Kill it first or remove /home/TacoPants/projects/Ayumi/data/forward_test.pid.
2026-05-13 22:22:29 | INFO     | ayumi.blend_launcher | [B5 Health] ticks=41668 tps=0.00 bars=3 signals=1 trades=1 balance=10000.00 uptime=33005s
2026-05-13 22:22:30 | INFO     | ayumi.forward_test | [B5 Periodic] ticks=41668 bars_built=3 signals=1 traded=1 eval_errors=0
2026-05-13 22:22:34 | ERROR    | ayumi.pid_guard | Another forward test process is running (PID 26302). Refusing to start. Kill it first or remove /home/TacoPants/projects/Ayumi/data/forward_test.pid.
2026-05-13 22:23:07 | ERROR    | ayumi.pid_guard | Another forward test process is running (PID 26302). Refusing to start. Kill it first or remove /home/TacoPants/projects/Ayumi/data/forward_test.pid.
2026-05-13 22:23:29 | INFO     | ayumi.blend_launcher | [B5 Health] ticks=41685 tps=0.27 bars=3 signals=1 trades=1 balance=10000.00 uptime=33065s
2026-05-13 22:23:30 | INFO     | ayumi.forward_test | [B5 Periodic] ticks=41685 bars_built=3 signals=1 traded=1 eval_errors=0
2026-05-13 22:23:39 | ERROR    | ayumi.pid_guard | Another forward test process is running (PID 26302). Refusing to start. Kill it first or remove /home/TacoPants/projects/Ayumi/data/forward_test.pid.
2026-05-13 22:24:11 | ERROR    | ayumi.pid_guard | Another forward test process is running (PID 26302). Refusing to start. Kill it first or remove /home/TacoPants/projects/Ayumi/data/forward_test.pid.
2026-05-13 22:24:29 | INFO     | ayumi.blend_launcher | [B5 Health] ticks=41707 tps=0.72 bars=3 signals=1 trades=1 balance=10000.00 uptime=33125s
2026-05-13 22:24:30 | INFO     | ayumi.forward_test | [B5 Periodic] ticks=41708 bars_built=3 signals=1 traded=1 eval_errors=0
2026-05-13 22:24:43 | ERROR    | ayumi.pid_guard | Another forward test process is running (PID 26302). Refusing to start. Kill it first or remove /home/TacoPants/projects/Ayumi/data/forward_test.pid.
2026-05-13 22:25:15 | ERROR    | ayumi.pid_guard | Another forward test process is running (PID 26302). Refusing to start. Kill it first or remove /home/TacoPants/projects/Ayumi/data/forward_test.pid.
2026-05-13 22:25:29 | INFO     | ayumi.blend_launcher | [B5 Health] ticks=41723 tps=0.57 bars=3 signals=1 trades=1 balance=10000.00 uptime=33185s
2026-05-13 22:25:30 | INFO     | ayumi.forward_test | [B5 Periodic] ticks=41723 bars_built=3 signals=1 traded=1 eval_errors=0
2026-05-13 22:25:48 | ERROR    | ayumi.pid_guard | Another forward test process is running (PID 26302). Refusing to start. Kill it first or remove /home/TacoPants/projects/Ayumi/data/forward_test.pid.
2026-05-13 22:26:20 | ERROR    | ayumi.pid_guard | Another forward test process is running (PID 26302). Refusing to start. Kill it first or remove /home/TacoPants/projects/Ayumi/data/forward_test.pid.
2026-05-13 22:26:29 | INFO     | ayumi.blend_launcher | [B5 Health] ticks=41733 tps=2.46 bars=3 signals=1 trades=1 balance=10000.00 uptime=33245s
2026-05-13 22:26:30 | INFO     | ayumi.forward_test | [B5 Periodic] ticks=41733 bars_built=3 signals=1 traded=1 eval_errors=0
2026-05-13 22:26:52 | ERROR    | ayumi.pid_guard | Another forward test process is running (PID 26302). Refusing to start. Kill it first or remove /home/TacoPants/projects/Ayumi/data/forward_test.pid.
2026-05-13 22:27:25 | ERROR    | ayumi.pid_guard | Another forward test process is running (PID 26302). Refusing to start. Kill it first or remove /home/TacoPants/projects/Ayumi/data/forward_test.pid.
2026-05-13 22:27:29 | INFO     | ayumi.blend_launcher | [B5 Health] ticks=41747 tps=0.92 bars=3 signals=1 trades=1 balance=10000.00 uptime=33305s
2026-05-13 22:27:30 | INFO     | ayumi.forward_test | [B5 Periodic] ticks=41747 bars_built=3 signals=1 traded=1 eval_errors=0
2026-05-13 22:27:57 | ERROR    | ayumi.pid_guard | Another forward test process is running (PID 26302). Refusing to start. Kill it first or remove /home/TacoPants/projects/Ayumi/data/forward_test.pid.
2026-05-13 22:28:29 | INFO     | ayumi.blend_launcher | [B5 Health] ticks=41767 tps=0.62 bars=3 signals=1 trades=1 balance=10000.00 uptime=33365s
2026-05-13 22:28:29 | ERROR    | ayumi.pid_guard | Another forward test process is running (PID 26302). Refusing to start. Kill it first or remove /home/TacoPants/projects/Ayumi/data/forward_test.pid.
2026-05-13 22:28:30 | INFO     | ayumi.forward_test | [B5 Periodic] ticks=41767 bars_built=3 signals=1 traded=1 eval_errors=0
2026-05-13 22:29:02 | ERROR    | ayumi.pid_guard | Another forward test process is running (PID 26302). Refusing to start. Kill it first or remove /home/TacoPants/projects/Ayumi/data/forward_test.pid.
2026-05-13 22:29:29 | INFO     | ayumi.blend_launcher | [B5 Health] ticks=41785 tps=0.00 bars=3 signals=1 trades=1 balance=10000.00 uptime=33425s
2026-05-13 22:29:30 | INFO     | ayumi.forward_test | [B5 Periodic] ticks=41785 bars_built=3 signals=1 traded=1 eval_errors=0
2026-05-13 22:29:34 | ERROR    | ayumi.pid_guard | Another forward test process is running (PID 26302). Refusing to start. Kill it first or remove /home/TacoPants/projects/Ayumi/data/forward_test.pid.
2026-05-13 22:30:06 | ERROR    | ayumi.pid_guard | Another forward test process is running (PID 26302). Refusing to start. Kill it first or remove /home/TacoPants/projects/Ayumi/data/forward_test.pid.
2026-05-13 22:30:29 | INFO     | ayumi.blend_launcher | [B5 Health] ticks=41815 tps=0.93 bars=3 signals=1 trades=1 balance=10000.00 uptime=33485s
2026-05-13 22:30:30 | INFO     | ayumi.forward_test | [B5 Periodic] ticks=41818 bars_built=3 signals=1 traded=1 eval_errors=0
2026-05-13 22:30:38 | ERROR    | ayumi.pid_guard | Another forward test process is running (PID 26302). Refusing to start. Kill it first or remove /home/TacoPants/projects/Ayumi/data/forward_test.pid.
2026-05-13 22:31:11 | ERROR    | ayumi.pid_guard | Another forward test process is running (PID 26302). Refusing to start. Kill it first or remove /home/TacoPants/projects/Ayumi/data/forward_test.pid.
2026-05-13 22:31:29 | INFO     | ayumi.blend_launcher | [B5 Health] ticks=41852 tps=0.74 bars=3 signals=1 trades=1 balance=10000.00 uptime=33545s
2026-05-13 22:31:30 | INFO     | ayumi.forward_test | [B5 Periodic] ticks=41852 bars_built=3 signals=1 traded=1 eval_errors=0
2026-05-13 22:31:43 | ERROR    | ayumi.pid_guard | Another forward test process is running (PID 26302). Refusing to start. Kill it first or remove /home/TacoPants/projects/Ayumi/data/forward_test.pid.
2026-05-13 22:32:15 | ERROR    | ayumi.pid_guard | Another forward test process is running (PID 26302). Refusing to start. Kill it first or remove /home/TacoPants/projects/Ayumi/data/forward_test.pid.
2026-05-13 22:32:29 | INFO     | ayumi.blend_launcher | [B5 Health] ticks=41867 tps=0.82 bars=3 signals=1 trades=1 balance=10000.00 uptime=33605s
2026-05-13 22:32:30 | INFO     | ayumi.forward_test | [B5 Periodic] ticks=41868 bars_built=3 signals=1 traded=1 eval_errors=0
2026-05-13 22:32:48 | ERROR    | ayumi.pid_guard | Another forward test process is running (PID 26302). Refusing to start. Kill it first or remove /home/TacoPants/projects/Ayumi/data/forward_test.pid.
2026-05-13 22:33:20 | ERROR    | ayumi.pid_guard | Another forward test process is running (PID 26302). Refusing to start. Kill it first or remove /home/TacoPants/projects/Ayumi/data/forward_test.pid.
2026-05-13 22:33:29 | INFO     | ayumi.blend_launcher | [B5 Health] ticks=41879 tps=0.00 bars=3 signals=1 trades=1 balance=10000.00 uptime=33665s
2026-05-13 22:33:30 | INFO     | ayumi.forward_test | [B5 Periodic] ticks=41881 bars_built=3 signals=1 traded=1 eval_errors=0
2026-05-13 22:33:52 | ERROR    | ayumi.pid_guard | Another forward test process is running (PID 26302). Refusing to start. Kill it first or remove /home/TacoPants/projects/Ayumi/data/forward_test.pid.
2026-05-13 22:34:25 | ERROR    | ayumi.pid_guard | Another forward test process is running (PID 26302). Refusing to start. Kill it first or remove /home/TacoPants/projects/Ayumi/data/forward_test.pid.
2026-05-13 22:34:29 | INFO     | ayumi.blend_launcher | [B5 Health] ticks=41901 tps=0.58 bars=3 signals=1 trades=1 balance=10000.00 uptime=33725s
2026-05-13 22:34:30 | INFO     | ayumi.forward_test | [B5 Periodic] ticks=41901 bars_built=3 signals=1 traded=1 eval_errors=0
2026-05-13 22:34:57 | ERROR    | ayumi.pid_guard | Another forward test process is running (PID 26302). Refusing to start. Kill it first or remove /home/TacoPants/projects/Ayumi/data/forward_test.pid.
2026-05-13 22:35:29 | INFO     | ayumi.blend_launcher | [B5 Health] ticks=41913 tps=0.00 bars=3 signals=1 trades=1 balance=10000.00 uptime=33785s
2026-05-13 22:35:30 | ERROR    | ayumi.pid_guard | Another forward test process is running (PID 26302). Refusing to start. Kill it first or remove /home/TacoPants/projects/Ayumi/data/forward_test.pid.
2026-05-13 22:35:30 | INFO     | ayumi.forward_test | [B5 Periodic] ticks=41913 bars_built=3 signals=1 traded=1 eval_errors=0
2026-05-13 22:36:02 | ERROR    | ayumi.pid_guard | Another forward test process is running (PID 26302). Refusing to start. Kill it first or remove /home/TacoPants/projects/Ayumi/data/forward_test.pid.
2026-05-13 22:36:29 | INFO     | ayumi.blend_launcher | [B5 Health] ticks=41928 tps=0.78 bars=3 signals=1 trades=1 balance=10000.00 uptime=33845s
2026-05-13 22:36:30 | INFO     | ayumi.forward_test | [B5 Periodic] ticks=41928 bars_built=3 signals=1 traded=1 eval_errors=0
2026-05-13 22:36:34 | ERROR    | ayumi.pid_guard | Another forward test process is running (PID 26302). Refusing to start. Kill it first or remove /home/TacoPants/projects/Ayumi/data/forward_test.pid.
2026-05-13 22:37:06 | ERROR    | ayumi.pid_guard | Another forward test process is running (PID 26302). Refusing to start. Kill it first or remove /home/TacoPants/projects/Ayumi/data/forward_test.pid.
2026-05-13 22:37:29 | INFO     | ayumi.blend_launcher | [B5 Health] ticks=41945 tps=0.93 bars=3 signals=1 trades=1 balance=10000.00 uptime=33905s
2026-05-13 22:37:30 | INFO     | ayumi.forward_test | [B5 Periodic] ticks=41945 bars_built=3 signals=1 traded=1 eval_errors=0
2026-05-13 22:37:39 | ERROR    | ayumi.pid_guard | Another forward test process is running (PID 26302). Refusing to start. Kill it first or remove /home/TacoPants/projects/Ayumi/data/forward_test.pid.
2026-05-13 22:38:11 | ERROR    | ayumi.pid_guard | Another forward test process is running (PID 26302). Refusing to start. Kill it first or remove /home/TacoPants/projects/Ayumi/data/forward_test.pid.
2026-05-13 22:38:29 | INFO     | ayumi.blend_launcher | [B5 Health] ticks=41962 tps=0.81 bars=3 signals=1 trades=1 balance=10000.00 uptime=33965s
2026-05-13 22:38:30 | INFO     | ayumi.forward_test | [B5 Periodic] ticks=41963 bars_built=3 signals=1 traded=1 eval_errors=0
2026-05-13 22:38:44 | ERROR    | ayumi.pid_guard | Another forward test process is running (PID 26302). Refusing to start. Kill it first or remove /home/TacoPants/projects/Ayumi/data/forward_test.pid.
2026-05-13 22:39:16 | ERROR    | ayumi.pid_guard | Another forward test process is running (PID 26302). Refusing to start. Kill it first or remove /home/TacoPants/projects/Ayumi/data/forward_test.pid.
2026-05-13 22:39:29 | INFO     | ayumi.blend_launcher | [B5 Health] ticks=41975 tps=0.25 bars=3 signals=1 trades=1 balance=10000.00 uptime=34025s
2026-05-13 22:39:30 | INFO     | ayumi.forward_test | [B5 Periodic] ticks=41975 bars_built=3 signals=1 traded=1 eval_errors=0
2026-05-13 22:39:49 | ERROR    | ayumi.pid_guard | Another forward test process is running (PID 26302). Refusing to start. Kill it first or remove /home/TacoPants/projects/Ayumi/data/forward_test.pid.
2026-05-13 22:40:21 | ERROR    | ayumi.pid_guard | Another forward test process is running (PID 26302). Refusing to start. Kill it first or remove /home/TacoPants/projects/Ayumi/data/forward_test.pid.
2026-05-13 22:40:29 | INFO     | ayumi.blend_launcher | [B5 Health] ticks=41982 tps=0.51 bars=3 signals=1 trades=1 balance=10000.00 uptime=34085s
2026-05-13 22:40:30 | INFO     | ayumi.forward_test | [B5 Periodic] ticks=41983 bars_built=3 signals=1 traded=1 eval_errors=0
2026-05-13 22:40:53 | ERROR    | ayumi.pid_guard | Another forward test process is running (PID 26302). Refusing to start. Kill it first or remove /home/TacoPants/projects/Ayumi/data/forward_test.pid.
2026-05-13 22:41:26 | ERROR    | ayumi.pid_guard | Another forward test process is running (PID 26302). Refusing to start. Kill it first or remove /home/TacoPants/projects/Ayumi/data/forward_test.pid.
2026-05-13 22:41:29 | INFO     | ayumi.blend_launcher | [B5 Health] ticks=41995 tps=0.58 bars=3 signals=1 trades=1 balance=10000.00 uptime=34145s
2026-05-13 22:41:30 | INFO     | ayumi.forward_test | [B5 Periodic] ticks=41995 bars_built=3 signals=1 traded=1 eval_errors=0
2026-05-13 22:41:58 | ERROR    | ayumi.pid_guard | Another forward test process is running (PID 26302). Refusing to start. Kill it first or remove /home/TacoPants/projects/Ayumi/data/forward_test.pid.
2026-05-13 22:42:29 | INFO     | ayumi.blend_launcher | [B5 Health] ticks=42008 tps=0.40 bars=3 signals=1 trades=1 balance=10000.00 uptime=34205s
2026-05-13 22:42:30 | ERROR    | ayumi.pid_guard | Another forward test process is running (PID 26302). Refusing to start. Kill it first or remove /home/TacoPants/projects/Ayumi/data/forward_test.pid.
2026-05-13 22:42:30 | INFO     | ayumi.forward_test | [B5 Periodic] ticks=42008 bars_built=3 signals=1 traded=1 eval_errors=0
2026-05-13 22:43:02 | ERROR    | ayumi.pid_guard | Another forward test process is running (PID 26302). Refusing to start. Kill it first or remove /home/TacoPants/projects/Ayumi/data/forward_test.pid.
2026-05-13 22:43:29 | INFO     | ayumi.blend_launcher | [B5 Health] ticks=42016 tps=0.77 bars=3 signals=1 trades=1 balance=10000.00 uptime=34265s
2026-05-13 22:43:30 | INFO     | ayumi.forward_test | [B5 Periodic] ticks=42016 bars_built=3 signals=1 traded=1 eval_errors=0
2026-05-13 22:43:35 | ERROR    | ayumi.pid_guard | Another forward test process is running (PID 26302). Refusing to start. Kill it first or remove /home/TacoPants/projects/Ayumi/data/forward_test.pid.
2026-05-13 22:44:07 | ERROR    | ayumi.pid_guard | Another forward test process is running (PID 26302). Refusing to start. Kill it first or remove /home/TacoPants/projects/Ayumi/data/forward_test.pid.
2026-05-13 22:44:29 | INFO     | ayumi.blend_launcher | [B5 Health] ticks=42035 tps=0.25 bars=3 signals=1 trades=1 balance=10000.00 uptime=34325s
2026-05-13 22:44:30 | INFO     | ayumi.forward_test | [B5 Periodic] ticks=42035 bars_built=3 signals=1 traded=1 eval_errors=0
2026-05-13 22:44:39 | ERROR    | ayumi.pid_guard | Another forward test process is running (PID 26302). Refusing to start. Kill it first or remove /home/TacoPants/projects/Ayumi/data/forward_test.pid.
2026-05-13 22:45:12 | ERROR    | ayumi.pid_guard | Another forward test process is running (PID 26302). Refusing to start. Kill it first or remove /home/TacoPants/projects/Ayumi/data/forward_test.pid.
2026-05-13 22:45:29 | INFO     | ayumi.blend_launcher | [B5 Health] ticks=42058 tps=0.50 bars=3 signals=1 trades=1 balance=10000.00 uptime=34385s
2026-05-13 22:45:30 | INFO     | ayumi.forward_test | [B5 Periodic] ticks=42059 bars_built=3 signals=1 traded=1 eval_errors=0
2026-05-13 22:45:44 | ERROR    | ayumi.pid_guard | Another forward test process is running (PID 26302). Refusing to start. Kill it first or remove /home/TacoPants/projects/Ayumi/data/forward_test.pid.
2026-05-13 22:46:16 | ERROR    | ayumi.pid_guard | Another forward test process is running (PID 26302). Refusing to start. Kill it first or remove /home/TacoPants/projects/Ayumi/data/forward_test.pid.
2026-05-13 22:46:29 | INFO     | ayumi.blend_launcher | [B5 Health] ticks=42084 tps=1.01 bars=3 signals=1 trades=1 balance=10000.00 uptime=34445s
2026-05-13 22:46:30 | INFO     | ayumi.forward_test | [B5 Periodic] ticks=42086 bars_built=3 signals=1 traded=1 eval_errors=0
2026-05-13 22:46:49 | ERROR    | ayumi.pid_guard | Another forward test process is running (PID 26302). Refusing to start. Kill it first or remove /home/TacoPants/projects/Ayumi/data/forward_test.pid.
2026-05-13 22:47:21 | ERROR    | ayumi.pid_guard | Another forward test process is running (PID 26302). Refusing to start. Kill it first or remove /home/TacoPants/projects/Ayumi/data/forward_test.pid.
2026-05-13 22:47:29 | INFO     | ayumi.blend_launcher | [B5 Health] ticks=42129 tps=1.58 bars=3 signals=1 trades=1 balance=10000.00 uptime=34505s
2026-05-13 22:47:30 | INFO     | ayumi.forward_test | [B5 Periodic] ticks=42130 bars_built=3 signals=1 traded=1 eval_errors=0
2026-05-13 22:47:53 | ERROR    | ayumi.pid_guard | Another forward test process is running (PID 26302). Refusing to start. Kill it first or remove /home/TacoPants/projects/Ayumi/data/forward_test.pid.
2026-05-13 22:48:26 | ERROR    | ayumi.pid_guard | Another forward test process is running (PID 26302). Refusing to start. Kill it first or remove /home/TacoPants/projects/Ayumi/data/forward_test.pid.
2026-05-13 22:48:29 | INFO     | ayumi.blend_launcher | [B5 Health] ticks=42155 tps=0.26 bars=3 signals=1 trades=1 balance=10000.00 uptime=34565s
2026-05-13 22:48:30 | INFO     | ayumi.forward_test | [B5 Periodic] ticks=42155 bars_built=3 signals=1 traded=1 eval_errors=0
2026-05-13 22:48:58 | ERROR    | ayumi.pid_guard | Another forward test process is running (PID 26302). Refusing to start. Kill it first or remove /home/TacoPants/projects/Ayumi/data/forward_test.pid.
2026-05-13 22:49:29 | INFO     | ayumi.blend_launcher | [B5 Health] ticks=42169 tps=0.00 bars=3 signals=1 trades=1 balance=10000.00 uptime=34625s
2026-05-13 22:49:30 | INFO     | ayumi.forward_test | [B5 Periodic] ticks=42169 bars_built=3 signals=1 traded=1 eval_errors=0
2026-05-13 22:49:31 | ERROR    | ayumi.pid_guard | Another forward test process is running (PID 26302). Refusing to start. Kill it first or remove /home/TacoPants/projects/Ayumi/data/forward_test.pid.
2026-05-13 22:50:03 | ERROR    | ayumi.pid_guard | Another forward test process is running (PID 26302). Refusing to start. Kill it first or remove /home/TacoPants/projects/Ayumi/data/forward_test.pid.
2026-05-13 22:50:29 | INFO     | ayumi.blend_launcher | [B5 Health] ticks=42197 tps=2.14 bars=3 signals=1 trades=1 balance=10000.00 uptime=34685s
2026-05-13 22:50:30 | INFO     | ayumi.forward_test | [B5 Periodic] ticks=42197 bars_built=3 signals=1 traded=1 eval_errors=0
2026-05-13 22:50:35 | ERROR    | ayumi.pid_guard | Another forward test process is running (PID 26302). Refusing to start. Kill it first or remove /home/TacoPants/projects/Ayumi/data/forward_test.pid.
2026-05-13 22:51:08 | ERROR    | ayumi.pid_guard | Another forward test process is running (PID 26302). Refusing to start. Kill it first or remove /home/TacoPants/projects/Ayumi/data/forward_test.pid.
2026-05-13 22:51:29 | INFO     | ayumi.blend_launcher | [B5 Health] ticks=42224 tps=0.93 bars=3 signals=1 trades=1 balance=10000.00 uptime=34745s
2026-05-13 22:51:30 | INFO     | ayumi.forward_test | [B5 Periodic] ticks=42224 bars_built=3 signals=1 traded=1 eval_errors=0
2026-05-13 22:51:40 | ERROR    | ayumi.pid_guard | Another forward test process is running (PID 26302). Refusing to start. Kill it first or remove /home/TacoPants/projects/Ayumi/data/forward_test.pid.
2026-05-13 22:52:13 | ERROR    | ayumi.pid_guard | Another forward test process is running (PID 26302). Refusing to start. Kill it first or remove /home/TacoPants/projects/Ayumi/data/forward_test.pid.
2026-05-13 22:52:29 | INFO     | ayumi.blend_launcher | [B5 Health] ticks=42261 tps=1.00 bars=3 signals=1 trades=1 balance=10000.00 uptime=34805s
2026-05-13 22:52:30 | INFO     | ayumi.forward_test | [B5 Periodic] ticks=42262 bars_built=3 signals=1 traded=1 eval_errors=0
2026-05-13 22:52:45 | ERROR    | ayumi.pid_guard | Another forward test process is running (PID 26302). Refusing to start. Kill it first or remove /home/TacoPants/projects/Ayumi/data/forward_test.pid.
2026-05-13 22:53:17 | ERROR    | ayumi.pid_guard | Another forward test process is running (PID 26302). Refusing to start. Kill it first or remove /home/TacoPants/projects/Ayumi/data/forward_test.pid.
2026-05-13 22:53:29 | INFO     | ayumi.blend_launcher | [B5 Health] ticks=42295 tps=0.41 bars=3 signals=1 trades=1 balance=10000.00 uptime=34865s
2026-05-13 22:53:30 | INFO     | ayumi.forward_test | [B5 Periodic] ticks=42295 bars_built=3 signals=1 traded=1 eval_errors=0
2026-05-13 22:53:50 | ERROR    | ayumi.pid_guard | Another forward test process is running (PID 26302). Refusing to start. Kill it first or remove /home/TacoPants/projects/Ayumi/data/forward_test.pid.
2026-05-13 22:54:22 | ERROR    | ayumi.pid_guard | Another forward test process is running (PID 26302). Refusing to start. Kill it first or remove /home/TacoPants/projects/Ayumi/data/forward_test.pid.
2026-05-13 22:54:29 | INFO     | ayumi.blend_launcher | [B5 Health] ticks=42311 tps=0.71 bars=3 signals=1 trades=1 balance=10000.00 uptime=34925s
2026-05-13 22:54:30 | INFO     | ayumi.forward_test | [B5 Periodic] ticks=42311 bars_built=3 signals=1 traded=1 eval_errors=0
2026-05-13 22:54:54 | ERROR    | ayumi.pid_guard | Another forward test process is running (PID 26302). Refusing to start. Kill it first or remove /home/TacoPants/projects/Ayumi/data/forward_test.pid.
2026-05-13 22:55:26 | ERROR    | ayumi.pid_guard | Another forward test process is running (PID 26302). Refusing to start. Kill it first or remove /home/TacoPants/projects/Ayumi/data/forward_test.pid.
2026-05-13 22:55:29 | INFO     | ayumi.blend_launcher | [B5 Health] ticks=42330 tps=0.91 bars=3 signals=1 trades=1 balance=10000.00 uptime=34985s
2026-05-13 22:55:30 | INFO     | ayumi.forward_test | [B5 Periodic] ticks=42331 bars_built=3 signals=1 traded=1 eval_errors=0
2026-05-13 22:55:59 | ERROR    | ayumi.pid_guard | Another forward test process is running (PID 26302). Refusing to start. Kill it first or remove /home/TacoPants/projects/Ayumi/data/forward_test.pid.
2026-05-13 22:56:29 | INFO     | ayumi.blend_launcher | [B5 Health] ticks=42351 tps=1.42 bars=3 signals=1 trades=1 balance=10000.00 uptime=35045s
2026-05-13 22:56:30 | INFO     | ayumi.forward_test | [B5 Periodic] ticks=42351 bars_built=3 signals=1 traded=1 eval_errors=0
2026-05-13 22:56:31 | ERROR    | ayumi.pid_guard | Another forward test process is running (PID 26302). Refusing to start. Kill it first or remove /home/TacoPants/projects/Ayumi/data/forward_test.pid.
2026-05-13 22:57:03 | ERROR    | ayumi.pid_guard | Another forward test process is running (PID 26302). Refusing to start. Kill it first or remove /home/TacoPants/projects/Ayumi/data/forward_test.pid.
2026-05-13 22:57:30 | INFO     | ayumi.blend_launcher | [B5 Health] ticks=42369 tps=0.97 bars=3 signals=1 trades=1 balance=10000.00 uptime=35105s
2026-05-13 22:57:30 | INFO     | ayumi.forward_test | [B5 Periodic] ticks=42369 bars_built=3 signals=1 traded=1 eval_errors=0
2026-05-13 22:57:36 | ERROR    | ayumi.pid_guard | Another forward test process is running (PID 26302). Refusing to start. Kill it first or remove /home/TacoPants/projects/Ayumi/data/forward_test.pid.
2026-05-13 22:58:08 | ERROR    | ayumi.pid_guard | Another forward test process is running (PID 26302). Refusing to start. Kill it first or remove /home/TacoPants/projects/Ayumi/data/forward_test.pid.
2026-05-13 22:58:30 | INFO     | ayumi.blend_launcher | [B5 Health] ticks=42402 tps=1.00 bars=3 signals=1 trades=1 balance=10000.00 uptime=35165s
2026-05-13 22:58:30 | INFO     | ayumi.forward_test | [B5 Periodic] ticks=42402 bars_built=3 signals=1 traded=1 eval_errors=0
2026-05-13 22:58:40 | ERROR    | ayumi.pid_guard | Another forward test process is running (PID 26302). Refusing to start. Kill it first or remove /home/TacoPants/projects/Ayumi/data/forward_test.pid.
2026-05-13 22:59:12 | ERROR    | ayumi.pid_guard | Another forward test process is running (PID 26302). Refusing to start. Kill it first or remove /home/TacoPants/projects/Ayumi/data/forward_test.pid.
2026-05-13 22:59:30 | INFO     | ayumi.blend_launcher | [B5 Health] ticks=42433 tps=0.51 bars=3 signals=1 trades=1 balance=10000.00 uptime=35225s
2026-05-13 22:59:30 | INFO     | ayumi.forward_test | [B5 Periodic] ticks=42433 bars_built=3 signals=1 traded=1 eval_errors=0
2026-05-13 22:59:45 | ERROR    | ayumi.pid_guard | Another forward test process is running (PID 26302). Refusing to start. Kill it first or remove /home/TacoPants/projects/Ayumi/data/forward_test.pid.
2026-05-13 23:00:17 | ERROR    | ayumi.pid_guard | Another forward test process is running (PID 26302). Refusing to start. Kill it first or remove /home/TacoPants/projects/Ayumi/data/forward_test.pid.
2026-05-13 23:00:30 | INFO     | ayumi.blend_launcher | [B5 Health] ticks=42472 tps=0.63 bars=3 signals=1 trades=1 balance=10000.00 uptime=35285s
2026-05-13 23:00:30 | INFO     | ayumi.forward_test | [B5 Periodic] ticks=42472 bars_built=3 signals=1 traded=1 eval_errors=0
2026-05-13 23:00:49 | ERROR    | ayumi.pid_guard | Another forward test process is running (PID 26302). Refusing to start. Kill it first or remove /home/TacoPants/projects/Ayumi/data/forward_test.pid.
2026-05-13 23:01:22 | ERROR    | ayumi.pid_guard | Another forward test process is running (PID 26302). Refusing to start. Kill it first or remove /home/TacoPants/projects/Ayumi/data/forward_test.pid.
2026-05-13 23:01:30 | INFO     | ayumi.blend_launcher | [B5 Health] ticks=42500 tps=0.72 bars=3 signals=1 trades=1 balance=10000.00 uptime=35345s
2026-05-13 23:01:30 | INFO     | ayumi.forward_test | [B5 Periodic] ticks=42500 bars_built=3 signals=1 traded=1 eval_errors=0
2026-05-13 23:01:54 | ERROR    | ayumi.pid_guard | Another forward test process is running (PID 26302). Refusing to start. Kill it first or remove /home/TacoPants/projects/Ayumi/data/forward_test.pid.
2026-05-13 23:02:26 | ERROR    | ayumi.pid_guard | Another forward test process is running (PID 26302). Refusing to start. Kill it first or remove /home/TacoPants/projects/Ayumi/data/forward_test.pid.
2026-05-13 23:02:30 | INFO     | ayumi.blend_launcher | [B5 Health] ticks=42515 tps=0.92 bars=3 signals=1 trades=1 balance=10000.00 uptime=35405s
2026-05-13 23:02:30 | INFO     | ayumi.forward_test | [B5 Periodic] ticks=42516 bars_built=3 signals=1 traded=1 eval_errors=0
2026-05-13 23:02:59 | ERROR    | ayumi.pid_guard | Another forward test process is running (PID 26302). Refusing to start. Kill it first or remove /home/TacoPants/projects/Ayumi/data/forward_test.pid.
2026-05-13 23:03:30 | INFO     | ayumi.blend_launcher | [B5 Health] ticks=42558 tps=0.77 bars=3 signals=1 trades=1 balance=10000.00 uptime=35465s
2026-05-13 23:03:30 | INFO     | ayumi.forward_test | [B5 Periodic] ticks=42558 bars_built=3 signals=1 traded=1 eval_errors=0
2026-05-13 23:03:31 | ERROR    | ayumi.pid_guard | Another forward test process is running (PID 26302). Refusing to start. Kill it first or remove /home/TacoPants/projects/Ayumi/data/forward_test.pid.
2026-05-13 23:04:04 | ERROR    | ayumi.pid_guard | Another forward test process is running (PID 26302). Refusing to start. Kill it first or remove /home/TacoPants/projects/Ayumi/data/forward_test.pid.
2026-05-13 23:04:30 | INFO     | ayumi.blend_launcher | [B5 Health] ticks=42581 tps=0.22 bars=3 signals=1 trades=1 balance=10000.00 uptime=35525s
2026-05-13 23:04:30 | INFO     | ayumi.forward_test | [B5 Periodic] ticks=42581 bars_built=3 signals=1 traded=1 eval_errors=0
2026-05-13 23:04:36 | ERROR    | ayumi.pid_guard | Another forward test process is running (PID 26302). Refusing to start. Kill it first or remove /home/TacoPants/projects/Ayumi/data/forward_test.pid.
2026-05-13 23:05:09 | ERROR    | ayumi.pid_guard | Another forward test process is running (PID 26302). Refusing to start. Kill it first or remove /home/TacoPants/projects/Ayumi/data/forward_test.pid.
2026-05-13 23:05:30 | INFO     | ayumi.blend_launcher | [B5 Health] ticks=42603 tps=0.20 bars=3 signals=1 trades=1 balance=10000.00 uptime=35585s
2026-05-13 23:05:30 | INFO     | ayumi.forward_test | [B5 Periodic] ticks=42603 bars_built=3 signals=1 traded=1 eval_errors=0
2026-05-13 23:05:41 | ERROR    | ayumi.pid_guard | Another forward test process is running (PID 26302). Refusing to start. Kill it first or remove /home/TacoPants/projects/Ayumi/data/forward_test.pid.
2026-05-13 23:06:14 | ERROR    | ayumi.pid_guard | Another forward test process is running (PID 26302). Refusing to start. Kill it first or remove /home/TacoPants/projects/Ayumi/data/forward_test.pid.
2026-05-13 23:06:30 | INFO     | ayumi.blend_launcher | [B5 Health] ticks=42628 tps=0.42 bars=3 signals=1 trades=1 balance=10000.00 uptime=35645s
2026-05-13 23:06:30 | INFO     | ayumi.forward_test | [B5 Periodic] ticks=42628 bars_built=3 signals=1 traded=1 eval_errors=0
2026-05-13 23:06:46 | ERROR    | ayumi.pid_guard | Another forward test process is running (PID 26302). Refusing to start. Kill it first or remove /home/TacoPants/projects/Ayumi/data/forward_test.pid.
2026-05-13 23:07:19 | ERROR    | ayumi.pid_guard | Another forward test process is running (PID 26302). Refusing to start. Kill it first or remove /home/TacoPants/projects/Ayumi/data/forward_test.pid.
2026-05-13 23:07:30 | INFO     | ayumi.blend_launcher | [B5 Health] ticks=42654 tps=2.15 bars=3 signals=1 trades=1 balance=10000.00 uptime=35705s
2026-05-13 23:07:30 | INFO     | ayumi.forward_test | [B5 Periodic] ticks=42655 bars_built=3 signals=1 traded=1 eval_errors=0
2026-05-13 23:07:51 | ERROR    | ayumi.pid_guard | Another forward test process is running (PID 26302). Refusing to start. Kill it first or remove /home/TacoPants/projects/Ayumi/data/forward_test.pid.
2026-05-13 23:08:24 | ERROR    | ayumi.pid_guard | Another forward test process is running (PID 26302). Refusing to start. Kill it first or remove /home/TacoPants/projects/Ayumi/data/forward_test.pid.
2026-05-13 23:08:30 | INFO     | ayumi.blend_launcher | [B5 Health] ticks=42687 tps=0.53 bars=3 signals=1 trades=1 balance=10000.00 uptime=35765s
2026-05-13 23:08:30 | INFO     | ayumi.forward_test | [B5 Periodic] ticks=42687 bars_built=3 signals=1 traded=1 eval_errors=0
2026-05-13 23:08:57 | ERROR    | ayumi.pid_guard | Another forward test process is running (PID 26302). Refusing to start. Kill it first or remove /home/TacoPants/projects/Ayumi/data/forward_test.pid.
2026-05-13 23:09:29 | ERROR    | ayumi.pid_guard | Another forward test process is running (PID 26302). Refusing to start. Kill it first or remove /home/TacoPants/projects/Ayumi/data/forward_test.pid.
2026-05-13 23:09:30 | INFO     | ayumi.blend_launcher | [B5 Health] ticks=42723 tps=0.92 bars=3 signals=1 trades=1 balance=10000.00 uptime=35825s
2026-05-13 23:09:30 | INFO     | ayumi.forward_test | [B5 Periodic] ticks=42723 bars_built=3 signals=1 traded=1 eval_errors=0
2026-05-13 23:10:01 | ERROR    | ayumi.pid_guard | Another forward test process is running (PID 26302). Refusing to start. Kill it first or remove /home/TacoPants/projects/Ayumi/data/forward_test.pid.
2026-05-13 23:10:30 | INFO     | ayumi.blend_launcher | [B5 Health] ticks=42758 tps=0.61 bars=3 signals=1 trades=1 balance=10000.00 uptime=35885s
2026-05-13 23:10:30 | INFO     | ayumi.forward_test | [B5 Periodic] ticks=42759 bars_built=3 signals=1 traded=1 eval_errors=0
2026-05-13 23:10:33 | ERROR    | ayumi.pid_guard | Another forward test process is running (PID 26302). Refusing to start. Kill it first or remove /home/TacoPants/projects/Ayumi/data/forward_test.pid.
2026-05-13 23:11:06 | ERROR    | ayumi.pid_guard | Another forward test process is running (PID 26302). Refusing to start. Kill it first or remove /home/TacoPants/projects/Ayumi/data/forward_test.pid.
2026-05-13 23:11:30 | INFO     | ayumi.blend_launcher | [B5 Health] ticks=42791 tps=0.83 bars=3 signals=1 trades=1 balance=10000.00 uptime=35945s
2026-05-13 23:11:30 | INFO     | ayumi.forward_test | [B5 Periodic] ticks=42792 bars_built=3 signals=1 traded=1 eval_errors=0
2026-05-13 23:11:38 | ERROR    | ayumi.pid_guard | Another forward test process is running (PID 26302). Refusing to start. Kill it first or remove /home/TacoPants/projects/Ayumi/data/forward_test.pid.
2026-05-13 23:12:10 | ERROR    | ayumi.pid_guard | Another forward test process is running (PID 26302). Refusing to start. Kill it first or remove /home/TacoPants/projects/Ayumi/data/forward_test.pid.
2026-05-13 23:12:30 | INFO     | ayumi.blend_launcher | [B5 Health] ticks=42813 tps=0.62 bars=3 signals=1 trades=1 balance=10000.00 uptime=36005s
2026-05-13 23:12:30 | INFO     | ayumi.forward_test | [B5 Periodic] ticks=42813 bars_built=3 signals=1 traded=1 eval_errors=0
2026-05-13 23:12:43 | ERROR    | ayumi.pid_guard | Another forward test process is running (PID 26302). Refusing to start. Kill it first or remove /home/TacoPants/projects/Ayumi/data/forward_test.pid.
2026-05-13 23:13:15 | ERROR    | ayumi.pid_guard | Another forward test process is running (PID 26302). Refusing to start. Kill it first or remove /home/TacoPants/projects/Ayumi/data/forward_test.pid.
2026-05-13 23:13:30 | INFO     | ayumi.blend_launcher | [B5 Health] ticks=42841 tps=1.15 bars=3 signals=1 trades=1 balance=10000.00 uptime=36065s
2026-05-13 23:13:30 | INFO     | ayumi.forward_test | [B5 Periodic] ticks=42841 bars_built=3 signals=1 traded=1 eval_errors=0
2026-05-13 23:13:48 | ERROR    | ayumi.pid_guard | Another forward test process is running (PID 26302). Refusing to start. Kill it first or remove /home/TacoPants/projects/Ayumi/data/forward_test.pid.
2026-05-13 23:14:21 | ERROR    | ayumi.pid_guard | Another forward test process is running (PID 26302). Refusing to start. Kill it first or remove /home/TacoPants/projects/Ayumi/data/forward_test.pid.
2026-05-13 23:14:30 | INFO     | ayumi.blend_launcher | [B5 Health] ticks=42873 tps=0.00 bars=3 signals=1 trades=1 balance=10000.00 uptime=36125s
2026-05-13 23:14:30 | INFO     | ayumi.forward_test | [B5 Periodic] ticks=42873 bars_built=3 signals=1 traded=1 eval_errors=0
2026-05-13 23:14:53 | ERROR    | ayumi.pid_guard | Another forward test process is running (PID 26302). Refusing to start. Kill it first or remove /home/TacoPants/projects/Ayumi/data/forward_test.pid.
2026-05-13 23:15:26 | ERROR    | ayumi.pid_guard | Another forward test process is running (PID 26302). Refusing to start. Kill it first or remove /home/TacoPants/projects/Ayumi/data/forward_test.pid.
2026-05-13 23:15:30 | INFO     | ayumi.blend_launcher | [B5 Health] ticks=42900 tps=1.23 bars=3 signals=1 trades=1 balance=10000.00 uptime=36185s
2026-05-13 23:15:30 | INFO     | ayumi.forward_test | [B5 Periodic] ticks=42902 bars_built=3 signals=1 traded=1 eval_errors=0
2026-05-13 23:15:59 | ERROR    | ayumi.pid_guard | Another forward test process is running (PID 26302). Refusing to start. Kill it first or remove /home/TacoPants/projects/Ayumi/data/forward_test.pid.
2026-05-13 23:16:30 | INFO     | ayumi.blend_launcher | [B5 Health] ticks=42939 tps=0.41 bars=3 signals=1 trades=1 balance=10000.00 uptime=36245s
2026-05-13 23:16:30 | INFO     | ayumi.forward_test | [B5 Periodic] ticks=42940 bars_built=3 signals=1 traded=1 eval_errors=0
2026-05-13 23:16:31 | ERROR    | ayumi.pid_guard | Another forward test process is running (PID 26302). Refusing to start. Kill it first or remove /home/TacoPants/projects/Ayumi/data/forward_test.pid.
2026-05-13 23:17:03 | ERROR    | ayumi.pid_guard | Another forward test process is running (PID 26302). Refusing to start. Kill it first or remove /home/TacoPants/projects/Ayumi/data/forward_test.pid.
2026-05-13 23:17:30 | INFO     | ayumi.blend_launcher | [B5 Health] ticks=42979 tps=0.66 bars=3 signals=1 trades=1 balance=10000.00 uptime=36305s
2026-05-13 23:17:30 | INFO     | ayumi.forward_test | [B5 Periodic] ticks=42979 bars_built=3 signals=1 traded=1 eval_errors=0
2026-05-13 23:17:36 | ERROR    | ayumi.pid_guard | Another forward test process is running (PID 26302). Refusing to start. Kill it first or remove /home/TacoPants/projects/Ayumi/data/forward_test.pid.
2026-05-13 23:18:08 | ERROR    | ayumi.pid_guard | Another forward test process is running (PID 26302). Refusing to start. Kill it first or remove /home/TacoPants/projects/Ayumi/data/forward_test.pid.
2026-05-13 23:18:30 | INFO     | ayumi.blend_launcher | [B5 Health] ticks=42994 tps=0.46 bars=3 signals=1 trades=1 balance=10000.00 uptime=36365s
2026-05-13 23:18:30 | INFO     | ayumi.forward_test | [B5 Periodic] ticks=42994 bars_built=3 signals=1 traded=1 eval_errors=0
2026-05-13 23:18:41 | ERROR    | ayumi.pid_guard | Another forward test process is running (PID 26302). Refusing to start. Kill it first or remove /home/TacoPants/projects/Ayumi/data/forward_test.pid.
2026-05-13 23:19:13 | ERROR    | ayumi.pid_guard | Another forward test process is running (PID 26302). Refusing to start. Kill it first or remove /home/TacoPants/projects/Ayumi/data/forward_test.pid.
2026-05-13 23:19:30 | INFO     | ayumi.blend_launcher | [B5 Health] ticks=43026 tps=0.30 bars=3 signals=1 trades=1 balance=10000.00 uptime=36425s
2026-05-13 23:19:30 | INFO     | ayumi.forward_test | [B5 Periodic] ticks=43026 bars_built=3 signals=1 traded=1 eval_errors=0
2026-05-13 23:19:46 | ERROR    | ayumi.pid_guard | Another forward test process is running (PID 26302). Refusing to start. Kill it first or remove /home/TacoPants/projects/Ayumi/data/forward_test.pid.
2026-05-13 23:20:19 | ERROR    | ayumi.pid_guard | Another forward test process is running (PID 26302). Refusing to start. Kill it first or remove /home/TacoPants/projects/Ayumi/data/forward_test.pid.
2026-05-13 23:20:30 | INFO     | ayumi.blend_launcher | [B5 Health] ticks=43049 tps=1.03 bars=3 signals=1 trades=1 balance=10000.00 uptime=36486s
2026-05-13 23:20:30 | INFO     | ayumi.forward_test | [B5 Periodic] ticks=43049 bars_built=3 signals=1 traded=1 eval_errors=0
2026-05-13 23:20:51 | ERROR    | ayumi.pid_guard | Another forward test process is running (PID 26302). Refusing to start. Kill it first or remove /home/TacoPants/projects/Ayumi/data/forward_test.pid.
2026-05-13 23:21:23 | ERROR    | ayumi.pid_guard | Another forward test process is running (PID 26302). Refusing to start. Kill it first or remove /home/TacoPants/projects/Ayumi/data/forward_test.pid.
2026-05-13 23:21:30 | INFO     | ayumi.blend_launcher | [B5 Health] ticks=43074 tps=0.77 bars=3 signals=1 trades=1 balance=10000.00 uptime=36546s
2026-05-13 23:21:30 | INFO     | ayumi.forward_test | [B5 Periodic] ticks=43075 bars_built=3 signals=1 traded=1 eval_errors=0
2026-05-13 23:21:56 | ERROR    | ayumi.pid_guard | Another forward test process is running (PID 26302). Refusing to start. Kill it first or remove /home/TacoPants/projects/Ayumi/data/forward_test.pid.
2026-05-13 23:22:28 | ERROR    | ayumi.pid_guard | Another forward test process is running (PID 26302). Refusing to start. Kill it first or remove /home/TacoPants/projects/Ayumi/data/forward_test.pid.
2026-05-13 23:22:30 | INFO     | ayumi.blend_launcher | [B5 Health] ticks=43110 tps=1.14 bars=3 signals=1 trades=1 balance=10000.00 uptime=36606s
2026-05-13 23:22:30 | INFO     | ayumi.forward_test | [B5 Periodic] ticks=43110 bars_built=3 signals=1 traded=1 eval_errors=0
2026-05-13 23:23:00 | ERROR    | ayumi.pid_guard | Another forward test process is running (PID 26302). Refusing to start. Kill it first or remove /home/TacoPants/projects/Ayumi/data/forward_test.pid.
2026-05-13 23:23:30 | INFO     | ayumi.blend_launcher | [B5 Health] ticks=43140 tps=0.83 bars=3 signals=1 trades=1 balance=10000.00 uptime=36666s
2026-05-13 23:23:30 | INFO     | ayumi.forward_test | [B5 Periodic] ticks=43141 bars_built=3 signals=1 traded=1 eval_errors=0
2026-05-13 23:23:33 | ERROR    | ayumi.pid_guard | Another forward test process is running (PID 26302). Refusing to start. Kill it first or remove /home/TacoPants/projects/Ayumi/data/forward_test.pid.
2026-05-13 23:24:05 | ERROR    | ayumi.pid_guard | Another forward test process is running (PID 26302). Refusing to start. Kill it first or remove /home/TacoPants/projects/Ayumi/data/forward_test.pid.
2026-05-13 23:24:30 | INFO     | ayumi.blend_launcher | [B5 Health] ticks=43181 tps=0.30 bars=3 signals=1 trades=1 balance=10000.00 uptime=36726s
2026-05-13 23:24:30 | INFO     | ayumi.forward_test | [B5 Periodic] ticks=43183 bars_built=3 signals=1 traded=1 eval_errors=0
2026-05-13 23:24:37 | ERROR    | ayumi.pid_guard | Another forward test process is running (PID 26302). Refusing to start. Kill it first or remove /home/TacoPants/projects/Ayumi/data/forward_test.pid.
2026-05-13 23:25:10 | ERROR    | ayumi.pid_guard | Another forward test process is running (PID 26302). Refusing to start. Kill it first or remove /home/TacoPants/projects/Ayumi/data/forward_test.pid.
2026-05-13 23:25:30 | INFO     | ayumi.blend_launcher | [B5 Health] ticks=43225 tps=1.63 bars=3 signals=1 trades=1 balance=10000.00 uptime=36786s
2026-05-13 23:25:30 | INFO     | ayumi.forward_test | [B5 Periodic] ticks=43226 bars_built=3 signals=1 traded=1 eval_errors=0
2026-05-13 23:25:42 | ERROR    | ayumi.pid_guard | Another forward test process is running (PID 26302). Refusing to start. Kill it first or remove /home/TacoPants/projects/Ayumi/data/forward_test.pid.
2026-05-13 23:26:15 | ERROR    | ayumi.pid_guard | Another forward test process is running (PID 26302). Refusing to start. Kill it first or remove /home/TacoPants/projects/Ayumi/data/forward_test.pid.
2026-05-13 23:26:30 | INFO     | ayumi.blend_launcher | [B5 Health] ticks=43250 tps=0.88 bars=3 signals=1 trades=1 balance=10000.00 uptime=36846s
2026-05-13 23:26:30 | INFO     | ayumi.forward_test | [B5 Periodic] ticks=43250 bars_built=3 signals=1 traded=1 eval_errors=0
2026-05-13 23:26:47 | ERROR    | ayumi.pid_guard | Another forward test process is running (PID 26302). Refusing to start. Kill it first or remove /home/TacoPants/projects/Ayumi/data/forward_test.pid.
2026-05-13 23:27:20 | ERROR    | ayumi.pid_guard | Another forward test process is running (PID 26302). Refusing to start. Kill it first or remove /home/TacoPants/projects/Ayumi/data/forward_test.pid.
2026-05-13 23:27:30 | INFO     | ayumi.blend_launcher | [B5 Health] ticks=43272 tps=1.04 bars=3 signals=1 trades=1 balance=10000.00 uptime=36906s
2026-05-13 23:27:30 | INFO     | ayumi.forward_test | [B5 Periodic] ticks=43272 bars_built=3 signals=1 traded=1 eval_errors=0
2026-05-13 23:27:52 | ERROR    | ayumi.pid_guard | Another forward test process is running (PID 26302). Refusing to start. Kill it first or remove /home/TacoPants/projects/Ayumi/data/forward_test.pid.
2026-05-13 23:28:25 | ERROR    | ayumi.pid_guard | Another forward test process is running (PID 26302). Refusing to start. Kill it first or remove /home/TacoPants/projects/Ayumi/data/forward_test.pid.
2026-05-13 23:28:30 | INFO     | ayumi.blend_launcher | [B5 Health] ticks=43288 tps=0.44 bars=3 signals=1 trades=1 balance=10000.00 uptime=36966s
2026-05-13 23:28:30 | INFO     | ayumi.forward_test | [B5 Periodic] ticks=43289 bars_built=3 signals=1 traded=1 eval_errors=0
2026-05-13 23:28:57 | ERROR    | ayumi.pid_guard | Another forward test process is running (PID 26302). Refusing to start. Kill it first or remove /home/TacoPants/projects/Ayumi/data/forward_test.pid.
2026-05-13 23:29:29 | ERROR    | ayumi.pid_guard | Another forward test process is running (PID 26302). Refusing to start. Kill it first or remove /home/TacoPants/projects/Ayumi/data/forward_test.pid.
2026-05-13 23:29:30 | INFO     | ayumi.blend_launcher | [B5 Health] ticks=43298 tps=6.67 bars=3 signals=1 trades=1 balance=10000.00 uptime=37026s
2026-05-13 23:29:30 | INFO     | ayumi.forward_test | [B5 Periodic] ticks=43298 bars_built=3 signals=1 traded=1 eval_errors=0
2026-05-13 23:30:02 | ERROR    | ayumi.pid_guard | Another forward test process is running (PID 26302). Refusing to start. Kill it first or remove /home/TacoPants/projects/Ayumi/data/forward_test.pid.
2026-05-13 23:30:30 | INFO     | ayumi.blend_launcher | [B5 Health] ticks=43321 tps=0.65 bars=3 signals=1 trades=1 balance=10000.00 uptime=37086s
2026-05-13 23:30:30 | INFO     | ayumi.forward_test | [B5 Periodic] ticks=43322 bars_built=3 signals=1 traded=1 eval_errors=0
2026-05-13 23:30:34 | ERROR    | ayumi.pid_guard | Another forward test process is running (PID 26302). Refusing to start. Kill it first or remove /home/TacoPants/projects/Ayumi/data/forward_test.pid.
2026-05-13 23:31:07 | ERROR    | ayumi.pid_guard | Another forward test process is running (PID 26302). Refusing to start. Kill it first or remove /home/TacoPants/projects/Ayumi/data/forward_test.pid.
2026-05-13 23:31:30 | INFO     | ayumi.blend_launcher | [B5 Health] ticks=43375 tps=1.27 bars=3 signals=1 trades=1 balance=10000.00 uptime=37146s
2026-05-13 23:31:30 | INFO     | ayumi.forward_test | [B5 Periodic] ticks=43376 bars_built=3 signals=1 traded=1 eval_errors=0
2026-05-13 23:31:39 | ERROR    | ayumi.pid_guard | Another forward test process is running (PID 26302). Refusing to start. Kill it first or remove /home/TacoPants/projects/Ayumi/data/forward_test.pid.
2026-05-13 23:32:12 | ERROR    | ayumi.pid_guard | Another forward test process is running (PID 26302). Refusing to start. Kill it first or remove /home/TacoPants/projects/Ayumi/data/forward_test.pid.
2026-05-13 23:32:30 | INFO     | ayumi.blend_launcher | [B5 Health] ticks=43415 tps=1.42 bars=3 signals=1 trades=1 balance=10000.00 uptime=37206s
2026-05-13 23:32:30 | INFO     | ayumi.forward_test | [B5 Periodic] ticks=43415 bars_built=3 signals=1 traded=1 eval_errors=0
2026-05-13 23:32:44 | ERROR    | ayumi.pid_guard | Another forward test process is running (PID 26302). Refusing to start. Kill it first or remove /home/TacoPants/projects/Ayumi/data/forward_test.pid.
2026-05-13 23:33:17 | ERROR    | ayumi.pid_guard | Another forward test process is running (PID 26302). Refusing to start. Kill it first or remove /home/TacoPants/projects/Ayumi/data/forward_test.pid.
2026-05-13 23:33:30 | INFO     | ayumi.blend_launcher | [B5 Health] ticks=43441 tps=1.13 bars=3 signals=1 trades=1 balance=10000.00 uptime=37266s
2026-05-13 23:33:30 | INFO     | ayumi.forward_test | [B5 Periodic] ticks=43441 bars_built=3 signals=1 traded=1 eval_errors=0
2026-05-13 23:33:49 | ERROR    | ayumi.pid_guard | Another forward test process is running (PID 26302). Refusing to start. Kill it first or remove /home/TacoPants/projects/Ayumi/data/forward_test.pid.
2026-05-13 23:34:22 | ERROR    | ayumi.pid_guard | Another forward test process is running (PID 26302). Refusing to start. Kill it first or remove /home/TacoPants/projects/Ayumi/data/forward_test.pid.
2026-05-13 23:34:30 | INFO     | ayumi.blend_launcher | [B5 Health] ticks=43467 tps=0.48 bars=3 signals=1 trades=1 balance=10000.00 uptime=37326s
2026-05-13 23:34:30 | INFO     | ayumi.forward_test | [B5 Periodic] ticks=43467 bars_built=3 signals=1 traded=1 eval_errors=0
2026-05-13 23:34:54 | ERROR    | ayumi.pid_guard | Another forward test process is running (PID 26302). Refusing to start. Kill it first or remove /home/TacoPants/projects/Ayumi/data/forward_test.pid.
2026-05-13 23:35:28 | ERROR    | ayumi.pid_guard | Another forward test process is running (PID 26302). Refusing to start. Kill it first or remove /home/TacoPants/projects/Ayumi/data/forward_test.pid.
2026-05-13 23:35:30 | INFO     | ayumi.blend_launcher | [B5 Health] ticks=43491 tps=0.77 bars=3 signals=1 trades=1 balance=10000.00 uptime=37386s
2026-05-13 23:35:30 | INFO     | ayumi.forward_test | [B5 Periodic] ticks=43491 bars_built=3 signals=1 traded=1 eval_errors=0
2026-05-13 23:36:00 | ERROR    | ayumi.pid_guard | Another forward test process is running (PID 26302). Refusing to start. Kill it first or remove /home/TacoPants/projects/Ayumi/data/forward_test.pid.
2026-05-13 23:36:30 | INFO     | ayumi.blend_launcher | [B5 Health] ticks=43512 tps=0.63 bars=3 signals=1 trades=1 balance=10000.00 uptime=37446s
2026-05-13 23:36:30 | INFO     | ayumi.forward_test | [B5 Periodic] ticks=43513 bars_built=3 signals=1 traded=1 eval_errors=0
2026-05-13 23:36:33 | ERROR    | ayumi.pid_guard | Another forward test process is running (PID 26302). Refusing to start. Kill it first or remove /home/TacoPants/projects/Ayumi/data/forward_test.pid.
2026-05-13 23:37:05 | ERROR    | ayumi.pid_guard | Another forward test process is running (PID 26302). Refusing to start. Kill it first or remove /home/TacoPants/projects/Ayumi/data/forward_test.pid.
2026-05-13 23:37:30 | INFO     | ayumi.blend_launcher | [B5 Health] ticks=43532 tps=0.00 bars=3 signals=1 trades=1 balance=10000.00 uptime=37506s
2026-05-13 23:37:30 | INFO     | ayumi.forward_test | [B5 Periodic] ticks=43532 bars_built=3 signals=1 traded=1 eval_errors=0
2026-05-13 23:37:38 | ERROR    | ayumi.pid_guard | Another forward test process is running (PID 26302). Refusing to start. Kill it first or remove /home/TacoPants/projects/Ayumi/data/forward_test.pid.
2026-05-13 23:38:10 | ERROR    | ayumi.pid_guard | Another forward test process is running (PID 26302). Refusing to start. Kill it first or remove /home/TacoPants/projects/Ayumi/data/forward_test.pid.
2026-05-13 23:38:30 | INFO     | ayumi.blend_launcher | [B5 Health] ticks=43552 tps=1.30 bars=3 signals=1 trades=1 balance=10000.00 uptime=37566s
2026-05-13 23:38:30 | INFO     | ayumi.forward_test | [B5 Periodic] ticks=43552 bars_built=3 signals=1 traded=1 eval_errors=0
2026-05-13 23:38:42 | ERROR    | ayumi.pid_guard | Another forward test process is running (PID 26302). Refusing to start. Kill it first or remove /home/TacoPants/projects/Ayumi/data/forward_test.pid.
2026-05-13 23:39:15 | ERROR    | ayumi.pid_guard | Another forward test process is running (PID 26302). Refusing to start. Kill it first or remove /home/TacoPants/projects/Ayumi/data/forward_test.pid.
2026-05-13 23:39:30 | INFO     | ayumi.blend_launcher | [B5 Health] ticks=43571 tps=0.67 bars=3 signals=1 trades=1 balance=10000.00 uptime=37626s
2026-05-13 23:39:30 | INFO     | ayumi.forward_test | [B5 Periodic] ticks=43571 bars_built=3 signals=1 traded=1 eval_errors=0
2026-05-13 23:39:47 | ERROR    | ayumi.pid_guard | Another forward test process is running (PID 26302). Refusing to start. Kill it first or remove /home/TacoPants/projects/Ayumi/data/forward_test.pid.
2026-05-13 23:40:20 | ERROR    | ayumi.pid_guard | Another forward test process is running (PID 26302). Refusing to start. Kill it first or remove /home/TacoPants/projects/Ayumi/data/forward_test.pid.
2026-05-13 23:40:30 | INFO     | ayumi.blend_launcher | [B5 Health] ticks=43596 tps=0.40 bars=3 signals=1 trades=1 balance=10000.00 uptime=37686s
2026-05-13 23:40:30 | INFO     | ayumi.forward_test | [B5 Periodic] ticks=43596 bars_built=3 signals=1 traded=1 eval_errors=0
2026-05-13 23:40:52 | ERROR    | ayumi.pid_guard | Another forward test process is running (PID 26302). Refusing to start. Kill it first or remove /home/TacoPants/projects/Ayumi/data/forward_test.pid.
2026-05-13 23:41:24 | ERROR    | ayumi.pid_guard | Another forward test process is running (PID 26302). Refusing to start. Kill it first or remove /home/TacoPants/projects/Ayumi/data/forward_test.pid.
2026-05-13 23:41:30 | INFO     | ayumi.blend_launcher | [B5 Health] ticks=43617 tps=0.23 bars=3 signals=1 trades=1 balance=10000.00 uptime=37746s
2026-05-13 23:41:30 | INFO     | ayumi.forward_test | [B5 Periodic] ticks=43619 bars_built=3 signals=1 traded=1 eval_errors=0
2026-05-13 23:41:57 | ERROR    | ayumi.pid_guard | Another forward test process is running (PID 26302). Refusing to start. Kill it first or remove /home/TacoPants/projects/Ayumi/data/forward_test.pid.
2026-05-13 23:42:29 | ERROR    | ayumi.pid_guard | Another forward test process is running (PID 26302). Refusing to start. Kill it first or remove /home/TacoPants/projects/Ayumi/data/forward_test.pid.
2026-05-13 23:42:30 | INFO     | ayumi.blend_launcher | [B5 Health] ticks=43636 tps=0.27 bars=3 signals=1 trades=1 balance=10000.00 uptime=37806s
2026-05-13 23:42:30 | INFO     | ayumi.forward_test | [B5 Periodic] ticks=43636 bars_built=3 signals=1 traded=1 eval_errors=0
2026-05-13 23:43:01 | ERROR    | ayumi.pid_guard | Another forward test process is running (PID 26302). Refusing to start. Kill it first or remove /home/TacoPants/projects/Ayumi/data/forward_test.pid.
2026-05-13 23:43:30 | INFO     | ayumi.blend_launcher | [B5 Health] ticks=43664 tps=0.69 bars=3 signals=1 trades=1 balance=10000.00 uptime=37866s
2026-05-13 23:43:30 | INFO     | ayumi.forward_test | [B5 Periodic] ticks=43664 bars_built=3 signals=1 traded=1 eval_errors=0
2026-05-13 23:43:34 | ERROR    | ayumi.pid_guard | Another forward test process is running (PID 26302). Refusing to start. Kill it first or remove /home/TacoPants/projects/Ayumi/data/forward_test.pid.
2026-05-13 23:44:06 | ERROR    | ayumi.pid_guard | Another forward test process is running (PID 26302). Refusing to start. Kill it first or remove /home/TacoPants/projects/Ayumi/data/forward_test.pid.
2026-05-13 23:44:30 | INFO     | ayumi.blend_launcher | [B5 Health] ticks=43689 tps=0.68 bars=3 signals=1 trades=1 balance=10000.00 uptime=37926s
2026-05-13 23:44:30 | INFO     | ayumi.forward_test | [B5 Periodic] ticks=43689 bars_built=3 signals=1 traded=1 eval_errors=0
2026-05-13 23:44:38 | ERROR    | ayumi.pid_guard | Another forward test process is running (PID 26302). Refusing to start. Kill it first or remove /home/TacoPants/projects/Ayumi/data/forward_test.pid.
2026-05-13 23:45:10 | ERROR    | ayumi.pid_guard | Another forward test process is running (PID 26302). Refusing to start. Kill it first or remove /home/TacoPants/projects/Ayumi/data/forward_test.pid.
2026-05-13 23:45:30 | INFO     | ayumi.blend_launcher | [B5 Health] ticks=43720 tps=0.85 bars=3 signals=1 trades=1 balance=10000.00 uptime=37986s
2026-05-13 23:45:30 | INFO     | ayumi.forward_test | [B5 Periodic] ticks=43720 bars_built=3 signals=1 traded=1 eval_errors=0
2026-05-13 23:45:43 | ERROR    | ayumi.pid_guard | Another forward test process is running (PID 26302). Refusing to start. Kill it first or remove /home/TacoPants/projects/Ayumi/data/forward_test.pid.
2026-05-13 23:46:15 | ERROR    | ayumi.pid_guard | Another forward test process is running (PID 26302). Refusing to start. Kill it first or remove /home/TacoPants/projects/Ayumi/data/forward_test.pid.
2026-05-13 23:46:30 | INFO     | ayumi.blend_launcher | [B5 Health] ticks=43748 tps=0.83 bars=3 signals=1 trades=1 balance=10000.00 uptime=38046s
2026-05-13 23:46:30 | INFO     | ayumi.forward_test | [B5 Periodic] ticks=43748 bars_built=3 signals=1 traded=1 eval_errors=0
2026-05-13 23:46:48 | ERROR    | ayumi.pid_guard | Another forward test process is running (PID 26302). Refusing to start. Kill it first or remove /home/TacoPants/projects/Ayumi/data/forward_test.pid.
2026-05-13 23:47:20 | ERROR    | ayumi.pid_guard | Another forward test process is running (PID 26302). Refusing to start. Kill it first or remove /home/TacoPants/projects/Ayumi/data/forward_test.pid.
2026-05-13 23:47:30 | INFO     | ayumi.blend_launcher | [B5 Health] ticks=43779 tps=0.92 bars=3 signals=1 trades=1 balance=10000.00 uptime=38106s
2026-05-13 23:47:30 | INFO     | ayumi.forward_test | [B5 Periodic] ticks=43779 bars_built=3 signals=1 traded=1 eval_errors=0
2026-05-13 23:47:53 | ERROR    | ayumi.pid_guard | Another forward test process is running (PID 26302). Refusing to start. Kill it first or remove /home/TacoPants/projects/Ayumi/data/forward_test.pid.
2026-05-13 23:48:25 | ERROR    | ayumi.pid_guard | Another forward test process is running (PID 26302). Refusing to start. Kill it first or remove /home/TacoPants/projects/Ayumi/data/forward_test.pid.
2026-05-13 23:48:30 | INFO     | ayumi.blend_launcher | [B5 Health] ticks=43805 tps=0.50 bars=3 signals=1 trades=1 balance=10000.00 uptime=38166s
2026-05-13 23:48:30 | INFO     | ayumi.forward_test | [B5 Periodic] ticks=43805 bars_built=3 signals=1 traded=1 eval_errors=0
2026-05-13 23:48:57 | ERROR    | ayumi.pid_guard | Another forward test process is running (PID 26302). Refusing to start. Kill it first or remove /home/TacoPants/projects/Ayumi/data/forward_test.pid.
2026-05-13 23:49:29 | ERROR    | ayumi.pid_guard | Another forward test process is running (PID 26302). Refusing to start. Kill it first or remove /home/TacoPants/projects/Ayumi/data/forward_test.pid.
2026-05-13 23:49:30 | INFO     | ayumi.blend_launcher | [B5 Health] ticks=43841 tps=0.30 bars=3 signals=1 trades=1 balance=10000.00 uptime=38226s
2026-05-13 23:49:30 | INFO     | ayumi.forward_test | [B5 Periodic] ticks=43841 bars_built=3 signals=1 traded=1 eval_errors=0
2026-05-13 23:50:02 | ERROR    | ayumi.pid_guard | Another forward test process is running (PID 26302). Refusing to start. Kill it first or remove /home/TacoPants/projects/Ayumi/data/forward_test.pid.
2026-05-13 23:50:30 | INFO     | ayumi.blend_launcher | [B5 Health] ticks=43863 tps=0.36 bars=3 signals=1 trades=1 balance=10000.00 uptime=38286s
2026-05-13 23:50:30 | INFO     | ayumi.forward_test | [B5 Periodic] ticks=43863 bars_built=3 signals=1 traded=1 eval_errors=0
2026-05-13 23:50:34 | ERROR    | ayumi.pid_guard | Another forward test process is running (PID 26302). Refusing to start. Kill it first or remove /home/TacoPants/projects/Ayumi/data/forward_test.pid.
2026-05-13 23:51:06 | ERROR    | ayumi.pid_guard | Another forward test process is running (PID 26302). Refusing to start. Kill it first or remove /home/TacoPants/projects/Ayumi/data/forward_test.pid.
2026-05-13 23:51:30 | INFO     | ayumi.blend_launcher | [B5 Health] ticks=43883 tps=0.39 bars=3 signals=1 trades=1 balance=10000.00 uptime=38346s
2026-05-13 23:51:30 | INFO     | ayumi.forward_test | [B5 Periodic] ticks=43883 bars_built=3 signals=1 traded=1 eval_errors=0
2026-05-13 23:51:39 | ERROR    | ayumi.pid_guard | Another forward test process is running (PID 26302). Refusing to start. Kill it first or remove /home/TacoPants/projects/Ayumi/data/forward_test.pid.
2026-05-13 23:52:11 | ERROR    | ayumi.pid_guard | Another forward test process is running (PID 26302). Refusing to start. Kill it first or remove /home/TacoPants/projects/Ayumi/data/forward_test.pid.
2026-05-13 23:52:30 | INFO     | ayumi.blend_launcher | [B5 Health] ticks=43905 tps=0.80 bars=3 signals=1 trades=1 balance=10000.00 uptime=38406s
2026-05-13 23:52:30 | INFO     | ayumi.forward_test | [B5 Periodic] ticks=43905 bars_built=3 signals=1 traded=1 eval_errors=0
2026-05-13 23:52:43 | ERROR    | ayumi.pid_guard | Another forward test process is running (PID 26302). Refusing to start. Kill it first or remove /home/TacoPants/projects/Ayumi/data/forward_test.pid.
2026-05-13 23:53:16 | ERROR    | ayumi.pid_guard | Another forward test process is running (PID 26302). Refusing to start. Kill it first or remove /home/TacoPants/projects/Ayumi/data/forward_test.pid.
2026-05-13 23:53:30 | INFO     | ayumi.blend_launcher | [B5 Health] ticks=43939 tps=0.62 bars=3 signals=1 trades=1 balance=10000.00 uptime=38466s
2026-05-13 23:53:30 | INFO     | ayumi.forward_test | [B5 Periodic] ticks=43939 bars_built=3 signals=1 traded=1 eval_errors=0
2026-05-13 23:53:48 | ERROR    | ayumi.pid_guard | Another forward test process is running (PID 26302). Refusing to start. Kill it first or remove /home/TacoPants/projects/Ayumi/data/forward_test.pid.
2026-05-13 23:54:20 | ERROR    | ayumi.pid_guard | Another forward test process is running (PID 26302). Refusing to start. Kill it first or remove /home/TacoPants/projects/Ayumi/data/forward_test.pid.
2026-05-13 23:54:30 | INFO     | ayumi.blend_launcher | [B5 Health] ticks=43961 tps=0.81 bars=3 signals=1 trades=1 balance=10000.00 uptime=38526s
2026-05-13 23:54:30 | INFO     | ayumi.forward_test | [B5 Periodic] ticks=43961 bars_built=3 signals=1 traded=1 eval_errors=0
2026-05-13 23:54:53 | ERROR    | ayumi.pid_guard | Another forward test process is running (PID 26302). Refusing to start. Kill it first or remove /home/TacoPants/projects/Ayumi/data/forward_test.pid.
2026-05-13 23:55:25 | ERROR    | ayumi.pid_guard | Another forward test process is running (PID 26302). Refusing to start. Kill it first or remove /home/TacoPants/projects/Ayumi/data/forward_test.pid.
2026-05-13 23:55:30 | INFO     | ayumi.blend_launcher | [B5 Health] ticks=43990 tps=1.54 bars=3 signals=1 trades=1 balance=10000.00 uptime=38586s
2026-05-13 23:55:30 | INFO     | ayumi.forward_test | [B5 Periodic] ticks=43990 bars_built=3 signals=1 traded=1 eval_errors=0
2026-05-13 23:55:57 | ERROR    | ayumi.pid_guard | Another forward test process is running (PID 26302). Refusing to start. Kill it first or remove /home/TacoPants/projects/Ayumi/data/forward_test.pid.
2026-05-13 23:56:30 | ERROR    | ayumi.pid_guard | Another forward test process is running (PID 26302). Refusing to start. Kill it first or remove /home/TacoPants/projects/Ayumi/data/forward_test.pid.
2026-05-13 23:56:30 | INFO     | ayumi.blend_launcher | [B5 Health] ticks=44023 tps=0.65 bars=3 signals=1 trades=1 balance=10000.00 uptime=38646s
2026-05-13 23:56:30 | INFO     | ayumi.forward_test | [B5 Periodic] ticks=44023 bars_built=3 signals=1 traded=1 eval_errors=0
2026-05-13 23:57:02 | ERROR    | ayumi.pid_guard | Another forward test process is running (PID 26302). Refusing to start. Kill it first or remove /home/TacoPants/projects/Ayumi/data/forward_test.pid.
2026-05-13 23:57:30 | INFO     | ayumi.blend_launcher | [B5 Health] ticks=44069 tps=1.14 bars=3 signals=1 trades=1 balance=10000.00 uptime=38706s
2026-05-13 23:57:30 | INFO     | ayumi.forward_test | [B5 Periodic] ticks=44069 bars_built=3 signals=1 traded=1 eval_errors=0
2026-05-13 23:57:35 | ERROR    | ayumi.pid_guard | Another forward test process is running (PID 26302). Refusing to start. Kill it first or remove /home/TacoPants/projects/Ayumi/data/forward_test.pid.
2026-05-13 23:58:07 | ERROR    | ayumi.pid_guard | Another forward test process is running (PID 26302). Refusing to start. Kill it first or remove /home/TacoPants/projects/Ayumi/data/forward_test.pid.
2026-05-13 23:58:30 | INFO     | ayumi.blend_launcher | [B5 Health] ticks=44122 tps=1.17 bars=3 signals=1 trades=1 balance=10000.00 uptime=38766s
2026-05-13 23:58:30 | INFO     | ayumi.forward_test | [B5 Periodic] ticks=44122 bars_built=3 signals=1 traded=1 eval_errors=0
2026-05-13 23:58:39 | ERROR    | ayumi.pid_guard | Another forward test process is running (PID 26302). Refusing to start. Kill it first or remove /home/TacoPants/projects/Ayumi/data/forward_test.pid.
2026-05-13 23:59:12 | ERROR    | ayumi.pid_guard | Another forward test process is running (PID 26302). Refusing to start. Kill it first or remove /home/TacoPants/projects/Ayumi/data/forward_test.pid.
2026-05-13 23:59:30 | INFO     | ayumi.blend_launcher | [B5 Health] ticks=44148 tps=0.45 bars=3 signals=1 trades=1 balance=10000.00 uptime=38826s
2026-05-13 23:59:30 | INFO     | ayumi.forward_test | [B5 Periodic] ticks=44148 bars_built=3 signals=1 traded=1 eval_errors=0
2026-05-13 23:59:44 | ERROR    | ayumi.pid_guard | Another forward test process is running (PID 26302). Refusing to start. Kill it first or remove /home/TacoPants/projects/Ayumi/data/forward_test.pid.
2026-05-14 00:00:30 | INFO     | ayumi.blend_launcher | [B5 Health] ticks=44209 tps=1.11 bars=3 signals=1 trades=1 balance=10000.00 uptime=38886s
2026-05-14 00:00:30 | INFO     | ayumi.forward_test | [B5 Periodic] ticks=44209 bars_built=3 signals=1 traded=1 eval_errors=0
2026-05-14 00:01:30 | INFO     | ayumi.blend_launcher | [B5 Health] ticks=44296 tps=1.75 bars=3 signals=1 trades=1 balance=10000.00 uptime=38946s
2026-05-14 00:01:30 | INFO     | ayumi.forward_test | [B5 Periodic] ticks=44296 bars_built=3 signals=1 traded=1 eval_errors=0
2026-05-14 00:02:30 | INFO     | ayumi.blend_launcher | [B5 Health] ticks=44389 tps=1.60 bars=3 signals=1 trades=1 balance=10000.00 uptime=39006s
2026-05-14 00:02:30 | INFO     | ayumi.forward_test | [B5 Periodic] ticks=44389 bars_built=3 signals=1 traded=1 eval_errors=0
2026-05-14 00:03:30 | INFO     | ayumi.blend_launcher | [B5 Health] ticks=44480 tps=2.34 bars=3 signals=1 trades=1 balance=10000.00 uptime=39066s
2026-05-14 00:03:30 | INFO     | ayumi.forward_test | [B5 Periodic] ticks=44481 bars_built=3 signals=1 traded=1 eval_errors=0
2026-05-14 00:04:30 | INFO     | ayumi.blend_launcher | [B5 Health] ticks=44542 tps=1.02 bars=3 signals=1 trades=1 balance=10000.00 uptime=39126s
2026-05-14 00:04:30 | INFO     | ayumi.forward_test | [B5 Periodic] ticks=44542 bars_built=3 signals=1 traded=1 eval_errors=0
2026-05-14 00:05:30 | INFO     | ayumi.blend_launcher | [B5 Health] ticks=44619 tps=0.89 bars=3 signals=1 trades=1 balance=10000.00 uptime=39186s
2026-05-14 00:05:30 | INFO     | ayumi.forward_test | [B5 Periodic] ticks=44620 bars_built=3 signals=1 traded=1 eval_errors=0
2026-05-14 00:06:30 | INFO     | ayumi.blend_launcher | [B5 Health] ticks=44689 tps=1.41 bars=3 signals=1 trades=1 balance=10000.00 uptime=39246s
2026-05-14 00:06:30 | INFO     | ayumi.forward_test | [B5 Periodic] ticks=44691 bars_built=3 signals=1 traded=1 eval_errors=0
2026-05-14 00:07:30 | INFO     | ayumi.blend_launcher | [B5 Health] ticks=44757 tps=1.13 bars=3 signals=1 trades=1 balance=10000.00 uptime=39306s
2026-05-14 00:07:30 | INFO     | ayumi.forward_test | [B5 Periodic] ticks=44757 bars_built=3 signals=1 traded=1 eval_errors=0
2026-05-14 00:08:30 | INFO     | ayumi.blend_launcher | [B5 Health] ticks=44822 tps=1.57 bars=3 signals=1 trades=1 balance=10000.00 uptime=39366s
2026-05-14 00:08:30 | INFO     | ayumi.forward_test | [B5 Periodic] ticks=44822 bars_built=3 signals=1 traded=1 eval_errors=0
2026-05-14 00:09:30 | INFO     | ayumi.blend_launcher | [B5 Health] ticks=44884 tps=1.04 bars=3 signals=1 trades=1 balance=10000.00 uptime=39426s
2026-05-14 00:09:30 | INFO     | ayumi.forward_test | [B5 Periodic] ticks=44885 bars_built=3 signals=1 traded=1 eval_errors=0
2026-05-14 00:10:30 | INFO     | ayumi.blend_launcher | [B5 Health] ticks=44925 tps=0.33 bars=3 signals=1 trades=1 balance=10000.00 uptime=39486s
2026-05-14 00:10:30 | INFO     | ayumi.forward_test | [B5 Periodic] ticks=44925 bars_built=3 signals=1 traded=1 eval_errors=0
2026-05-14 00:11:30 | INFO     | ayumi.blend_launcher | [B5 Health] ticks=44969 tps=0.64 bars=3 signals=1 trades=1 balance=10000.00 uptime=39546s
2026-05-14 00:11:30 | INFO     | ayumi.forward_test | [B5 Periodic] ticks=44969 bars_built=3 signals=1 traded=1 eval_errors=0
2026-05-14 00:12:30 | INFO     | ayumi.blend_launcher | [B5 Health] ticks=45010 tps=1.17 bars=3 signals=1 trades=1 balance=10000.00 uptime=39606s
2026-05-14 00:12:30 | INFO     | ayumi.forward_test | [B5 Periodic] ticks=45011 bars_built=3 signals=1 traded=1 eval_errors=0
2026-05-14 00:13:30 | INFO     | ayumi.blend_launcher | [B5 Health] ticks=45055 tps=0.99 bars=3 signals=1 trades=1 balance=10000.00 uptime=39666s
2026-05-14 00:13:30 | INFO     | ayumi.forward_test | [B5 Periodic] ticks=45055 bars_built=3 signals=1 traded=1 eval_errors=0
2026-05-14 00:14:30 | INFO     | ayumi.blend_launcher | [B5 Health] ticks=45106 tps=1.40 bars=3 signals=1 trades=1 balance=10000.00 uptime=39726s
2026-05-14 00:14:30 | INFO     | ayumi.forward_test | [B5 Periodic] ticks=45107 bars_built=3 signals=1 traded=1 eval_errors=0
2026-05-14 00:15:30 | INFO     | ayumi.blend_launcher | [B5 Health] ticks=45181 tps=1.43 bars=3 signals=1 trades=1 balance=10000.00 uptime=39786s
2026-05-14 00:15:30 | INFO     | ayumi.forward_test | [B5 Periodic] ticks=45181 bars_built=3 signals=1 traded=1 eval_errors=0
2026-05-14 00:16:30 | INFO     | ayumi.blend_launcher | [B5 Health] ticks=45229 tps=0.91 bars=3 signals=1 trades=1 balance=10000.00 uptime=39846s
2026-05-14 00:16:30 | INFO     | ayumi.forward_test | [B5 Periodic] ticks=45229 bars_built=3 signals=1 traded=1 eval_errors=0
2026-05-14 00:17:30 | INFO     | ayumi.blend_launcher | [B5 Health] ticks=45313 tps=0.71 bars=3 signals=1 trades=1 balance=10000.00 uptime=39906s
2026-05-14 00:17:30 | INFO     | ayumi.forward_test | [B5 Periodic] ticks=45313 bars_built=3 signals=1 traded=1 eval_errors=0
2026-05-14 00:18:30 | INFO     | ayumi.blend_launcher | [B5 Health] ticks=45379 tps=1.63 bars=3 signals=1 trades=1 balance=10000.00 uptime=39966s
2026-05-14 00:18:30 | INFO     | ayumi.forward_test | [B5 Periodic] ticks=45379 bars_built=3 signals=1 traded=1 eval_errors=0
2026-05-14 00:19:30 | INFO     | ayumi.blend_launcher | [B5 Health] ticks=45446 tps=1.43 bars=3 signals=1 trades=1 balance=10000.00 uptime=40026s
2026-05-14 00:19:30 | INFO     | ayumi.forward_test | [B5 Periodic] ticks=45446 bars_built=3 signals=1 traded=1 eval_errors=0
2026-05-14 00:20:30 | INFO     | ayumi.blend_launcher | [B5 Health] ticks=45519 tps=1.85 bars=3 signals=1 trades=1 balance=10000.00 uptime=40086s
2026-05-14 00:20:30 | INFO     | ayumi.forward_test | [B5 Periodic] ticks=45520 bars_built=3 signals=1 traded=1 eval_errors=0
2026-05-14 00:21:30 | INFO     | ayumi.blend_launcher | [B5 Health] ticks=45630 tps=2.23 bars=3 signals=1 trades=1 balance=10000.00 uptime=40146s
2026-05-14 00:21:30 | INFO     | ayumi.forward_test | [B5 Periodic] ticks=45631 bars_built=3 signals=1 traded=1 eval_errors=0
2026-05-14 00:22:30 | INFO     | ayumi.blend_launcher | [B5 Health] ticks=45695 tps=0.83 bars=3 signals=1 trades=1 balance=10000.00 uptime=40206s
2026-05-14 00:22:30 | INFO     | ayumi.forward_test | [B5 Periodic] ticks=45696 bars_built=3 signals=1 traded=1 eval_errors=0
2026-05-14 00:23:30 | INFO     | ayumi.blend_launcher | [B5 Health] ticks=45745 tps=0.92 bars=3 signals=1 trades=1 balance=10000.00 uptime=40266s
2026-05-14 00:23:31 | INFO     | ayumi.forward_test | [B5 Periodic] ticks=45745 bars_built=3 signals=1 traded=1 eval_errors=0
2026-05-14 00:24:30 | INFO     | ayumi.blend_launcher | [B5 Health] ticks=45787 tps=0.61 bars=3 signals=1 trades=1 balance=10000.00 uptime=40326s
2026-05-14 00:24:31 | INFO     | ayumi.forward_test | [B5 Periodic] ticks=45787 bars_built=3 signals=1 traded=1 eval_errors=0
2026-05-14 00:25:30 | INFO     | ayumi.blend_launcher | [B5 Health] ticks=45828 tps=1.01 bars=3 signals=1 trades=1 balance=10000.00 uptime=40386s
2026-05-14 00:25:31 | INFO     | ayumi.forward_test | [B5 Periodic] ticks=45828 bars_built=3 signals=1 traded=1 eval_errors=0
2026-05-14 00:26:30 | INFO     | ayumi.blend_launcher | [B5 Health] ticks=45899 tps=1.09 bars=3 signals=1 trades=1 balance=10000.00 uptime=40446s
2026-05-14 00:26:31 | INFO     | ayumi.forward_test | [B5 Periodic] ticks=45899 bars_built=3 signals=1 traded=1 eval_errors=0
2026-05-14 00:27:30 | INFO     | ayumi.blend_launcher | [B5 Health] ticks=45965 tps=1.38 bars=3 signals=1 trades=1 balance=10000.00 uptime=40506s
2026-05-14 00:27:31 | INFO     | ayumi.forward_test | [B5 Periodic] ticks=45965 bars_built=3 signals=1 traded=1 eval_errors=0
2026-05-14 00:28:30 | INFO     | ayumi.blend_launcher | [B5 Health] ticks=46025 tps=1.76 bars=3 signals=1 trades=1 balance=10000.00 uptime=40566s
2026-05-14 00:28:31 | INFO     | ayumi.forward_test | [B5 Periodic] ticks=46025 bars_built=3 signals=1 traded=1 eval_errors=0
2026-05-14 00:29:30 | INFO     | ayumi.blend_launcher | [B5 Health] ticks=46069 tps=0.84 bars=3 signals=1 trades=1 balance=10000.00 uptime=40626s
2026-05-14 00:29:31 | INFO     | ayumi.forward_test | [B5 Periodic] ticks=46069 bars_built=3 signals=1 traded=1 eval_errors=0
2026-05-14 00:30:30 | INFO     | ayumi.blend_launcher | [B5 Health] ticks=46127 tps=1.43 bars=3 signals=1 trades=1 balance=10000.00 uptime=40686s
2026-05-14 00:30:31 | INFO     | ayumi.forward_test | [B5 Periodic] ticks=46127 bars_built=3 signals=1 traded=1 eval_errors=0
2026-05-14 00:31:30 | INFO     | ayumi.blend_launcher | [B5 Health] ticks=46180 tps=0.89 bars=3 signals=1 trades=1 balance=10000.00 uptime=40746s
2026-05-14 00:31:31 | INFO     | ayumi.forward_test | [B5 Periodic] ticks=46181 bars_built=3 signals=1 traded=1 eval_errors=0
2026-05-14 00:32:30 | INFO     | ayumi.blend_launcher | [B5 Health] ticks=46237 tps=1.31 bars=3 signals=1 trades=1 balance=10000.00 uptime=40806s
2026-05-14 00:32:31 | INFO     | ayumi.forward_test | [B5 Periodic] ticks=46237 bars_built=3 signals=1 traded=1 eval_errors=0
2026-05-14 00:33:30 | INFO     | ayumi.blend_launcher | [B5 Health] ticks=46287 tps=1.35 bars=3 signals=1 trades=1 balance=10000.00 uptime=40866s
2026-05-14 00:33:31 | INFO     | ayumi.forward_test | [B5 Periodic] ticks=46287 bars_built=3 signals=1 traded=1 eval_errors=0
2026-05-14 00:34:30 | INFO     | ayumi.blend_launcher | [B5 Health] ticks=46340 tps=1.20 bars=3 signals=1 trades=1 balance=10000.00 uptime=40926s
2026-05-14 00:34:31 | INFO     | ayumi.forward_test | [B5 Periodic] ticks=46340 bars_built=3 signals=1 traded=1 eval_errors=0
2026-05-14 00:35:30 | INFO     | ayumi.blend_launcher | [B5 Health] ticks=46397 tps=1.63 bars=3 signals=1 trades=1 balance=10000.00 uptime=40986s
2026-05-14 00:35:31 | INFO     | ayumi.forward_test | [B5 Periodic] ticks=46398 bars_built=3 signals=1 traded=1 eval_errors=0
2026-05-14 00:36:30 | INFO     | ayumi.blend_launcher | [B5 Health] ticks=46473 tps=1.29 bars=3 signals=1 trades=1 balance=10000.00 uptime=41046s
2026-05-14 00:36:31 | INFO     | ayumi.forward_test | [B5 Periodic] ticks=46474 bars_built=3 signals=1 traded=1 eval_errors=0
2026-05-14 00:37:30 | INFO     | ayumi.blend_launcher | [B5 Health] ticks=46554 tps=0.74 bars=3 signals=1 trades=1 balance=10000.00 uptime=41106s
2026-05-14 00:37:31 | INFO     | ayumi.forward_test | [B5 Periodic] ticks=46555 bars_built=3 signals=1 traded=1 eval_errors=0
2026-05-14 00:38:30 | INFO     | ayumi.blend_launcher | [B5 Health] ticks=46609 tps=1.00 bars=3 signals=1 trades=1 balance=10000.00 uptime=41166s
2026-05-14 00:38:31 | INFO     | ayumi.forward_test | [B5 Periodic] ticks=46609 bars_built=3 signals=1 traded=1 eval_errors=0
2026-05-14 00:39:30 | INFO     | ayumi.blend_launcher | [B5 Health] ticks=46668 tps=0.89 bars=3 signals=1 trades=1 balance=10000.00 uptime=41226s
2026-05-14 00:39:31 | INFO     | ayumi.forward_test | [B5 Periodic] ticks=46668 bars_built=3 signals=1 traded=1 eval_errors=0
2026-05-14 00:40:30 | INFO     | ayumi.blend_launcher | [B5 Health] ticks=46712 tps=1.17 bars=3 signals=1 trades=1 balance=10000.00 uptime=41286s
2026-05-14 00:40:31 | INFO     | ayumi.forward_test | [B5 Periodic] ticks=46713 bars_built=3 signals=1 traded=1 eval_errors=0
2026-05-14 00:41:30 | INFO     | ayumi.blend_launcher | [B5 Health] ticks=46738 tps=0.70 bars=3 signals=1 trades=1 balance=10000.00 uptime=41346s
2026-05-14 00:41:31 | INFO     | ayumi.forward_test | [B5 Periodic] ticks=46739 bars_built=3 signals=1 traded=1 eval_errors=0
2026-05-14 00:42:30 | INFO     | ayumi.blend_launcher | [B5 Health] ticks=46782 tps=0.76 bars=3 signals=1 trades=1 balance=10000.00 uptime=41406s
2026-05-14 00:42:31 | INFO     | ayumi.forward_test | [B5 Periodic] ticks=46783 bars_built=3 signals=1 traded=1 eval_errors=0
2026-05-14 00:43:30 | INFO     | ayumi.blend_launcher | [B5 Health] ticks=46835 tps=1.58 bars=3 signals=1 trades=1 balance=10000.00 uptime=41466s
2026-05-14 00:43:31 | INFO     | ayumi.forward_test | [B5 Periodic] ticks=46835 bars_built=3 signals=1 traded=1 eval_errors=0
2026-05-14 00:44:30 | INFO     | ayumi.blend_launcher | [B5 Health] ticks=46891 tps=0.97 bars=3 signals=1 trades=1 balance=10000.00 uptime=41526s
2026-05-14 00:44:31 | INFO     | ayumi.forward_test | [B5 Periodic] ticks=46892 bars_built=3 signals=1 traded=1 eval_errors=0
2026-05-14 00:45:30 | INFO     | ayumi.blend_launcher | [B5 Health] ticks=46925 tps=1.57 bars=3 signals=1 trades=1 balance=10000.00 uptime=41586s
2026-05-14 00:45:31 | INFO     | ayumi.forward_test | [B5 Periodic] ticks=46925 bars_built=3 signals=1 traded=1 eval_errors=0
2026-05-14 00:46:30 | INFO     | ayumi.blend_launcher | [B5 Health] ticks=46982 tps=0.50 bars=3 signals=1 trades=1 balance=10000.00 uptime=41646s
2026-05-14 00:46:31 | INFO     | ayumi.forward_test | [B5 Periodic] ticks=46982 bars_built=3 signals=1 traded=1 eval_errors=0
2026-05-14 00:47:30 | INFO     | ayumi.blend_launcher | [B5 Health] ticks=47035 tps=1.07 bars=3 signals=1 trades=1 balance=10000.00 uptime=41706s
2026-05-14 00:47:31 | INFO     | ayumi.forward_test | [B5 Periodic] ticks=47035 bars_built=3 signals=1 traded=1 eval_errors=0
2026-05-14 00:48:30 | INFO     | ayumi.blend_launcher | [B5 Health] ticks=47091 tps=0.81 bars=3 signals=1 trades=1 balance=10000.00 uptime=41766s
2026-05-14 00:48:31 | INFO     | ayumi.forward_test | [B5 Periodic] ticks=47092 bars_built=3 signals=1 traded=1 eval_errors=0
2026-05-14 00:49:30 | INFO     | ayumi.blend_launcher | [B5 Health] ticks=47161 tps=0.52 bars=3 signals=1 trades=1 balance=10000.00 uptime=41826s
2026-05-14 00:49:31 | INFO     | ayumi.forward_test | [B5 Periodic] ticks=47161 bars_built=3 signals=1 traded=1 eval_errors=0
2026-05-14 00:49:59 | INFO     | ayumi.forward_test | Shutdown signal received (sig=15)
2026-05-14 00:49:59 | INFO     | ayumi.openapi_spot_feed | Unsubscribed from spot events for symbol_id=2
2026-05-14 00:49:59 | INFO     | ayumi.openapi_spot_feed | Unsubscribed from spot events for symbol_id=4
2026-05-14 00:49:59 | INFO     | ayumi.openapi_spot_feed | OpenApiSpotFeed stopped
2026-05-14 00:49:59 | INFO     | ayumi.forward_test | Forward test stopped: balance=10000.00 trades=1 pnl=0.00 errors=0 reconnects=0
2026-05-14 00:49:59 | WARNING  | ayumi.openapi_spot_feed | Disconnected: [Failure instance: Traceback (failure with no frames): <class 'twisted.internet.error.ConnectionDone'>: Connection was closed cleanly.
]
2026-05-14 00:50:30 | INFO     | ayumi.blend_launcher | [B5 Health] ticks=47191 tps=1.35 bars=5 signals=1 trades=1 balance=10000.00 uptime=41886s
2026-05-14 00:50:37 | INFO     | ayumi.forward_test | Shutdown signal received (sig=15)
