2026-05-17 18:20:36 | ERROR    | ayumi.pid_guard | Another forward test process is running (PID 720166). Refusing to start. Kill it first or remove /home/TacoPants/projects/Ayumi/data/forward_test.pid.
2026-05-17 18:21:08 | ERROR    | ayumi.pid_guard | Another forward test process is running (PID 720166). Refusing to start. Kill it first or remove /home/TacoPants/projects/Ayumi/data/forward_test.pid.
2026-05-17 18:21:41 | ERROR    | ayumi.pid_guard | Another forward test process is running (PID 720166). Refusing to start. Kill it first or remove /home/TacoPants/projects/Ayumi/data/forward_test.pid.
2026-05-17 18:22:13 | ERROR    | ayumi.pid_guard | Another forward test process is running (PID 720166). Refusing to start. Kill it first or remove /home/TacoPants/projects/Ayumi/data/forward_test.pid.
2026-05-17 18:22:46 | ERROR    | ayumi.pid_guard | Another forward test process is running (PID 720166). Refusing to start. Kill it first or remove /home/TacoPants/projects/Ayumi/data/forward_test.pid.
2026-05-17 18:23:18 | ERROR    | ayumi.pid_guard | Another forward test process is running (PID 720166). Refusing to start. Kill it first or remove /home/TacoPants/projects/Ayumi/data/forward_test.pid.
2026-05-17 18:23:51 | ERROR    | ayumi.pid_guard | Another forward test process is running (PID 720166). Refusing to start. Kill it first or remove /home/TacoPants/projects/Ayumi/data/forward_test.pid.
2026-05-17 18:24:23 | ERROR    | ayumi.pid_guard | Another forward test process is running (PID 720166). Refusing to start. Kill it first or remove /home/TacoPants/projects/Ayumi/data/forward_test.pid.
2026-05-17 18:24:56 | ERROR    | ayumi.pid_guard | Another forward test process is running (PID 720166). Refusing to start. Kill it first or remove /home/TacoPants/projects/Ayumi/data/forward_test.pid.
2026-05-17 18:25:28 | ERROR    | ayumi.pid_guard | Another forward test process is running (PID 720166). Refusing to start. Kill it first or remove /home/TacoPants/projects/Ayumi/data/forward_test.pid.
2026-05-17 18:26:00 | ERROR    | ayumi.pid_guard | Another forward test process is running (PID 720166). Refusing to start. Kill it first or remove /home/TacoPants/projects/Ayumi/data/forward_test.pid.
2026-05-17 18:26:33 | ERROR    | ayumi.pid_guard | Another forward test process is running (PID 720166). Refusing to start. Kill it first or remove /home/TacoPants/projects/Ayumi/data/forward_test.pid.
2026-05-17 18:27:06 | ERROR    | ayumi.pid_guard | Another forward test process is running (PID 720166). Refusing to start. Kill it first or remove /home/TacoPants/projects/Ayumi/data/forward_test.pid.
2026-05-17 18:27:38 | ERROR    | ayumi.pid_guard | Another forward test process is running (PID 720166). Refusing to start. Kill it first or remove /home/TacoPants/projects/Ayumi/data/forward_test.pid.
2026-05-17 18:28:11 | ERROR    | ayumi.pid_guard | Another forward test process is running (PID 720166). Refusing to start. Kill it first or remove /home/TacoPants/projects/Ayumi/data/forward_test.pid.
2026-05-17 18:28:43 | ERROR    | ayumi.pid_guard | Another forward test process is running (PID 720166). Refusing to start. Kill it first or remove /home/TacoPants/projects/Ayumi/data/forward_test.pid.
2026-05-17 18:29:16 | ERROR    | ayumi.pid_guard | Another forward test process is running (PID 720166). Refusing to start. Kill it first or remove /home/TacoPants/projects/Ayumi/data/forward_test.pid.
2026-05-17 18:29:48 | ERROR    | ayumi.pid_guard | Another forward test process is running (PID 720166). Refusing to start. Kill it first or remove /home/TacoPants/projects/Ayumi/data/forward_test.pid.
2026-05-17 18:30:21 | ERROR    | ayumi.pid_guard | Another forward test process is running (PID 720166). Refusing to start. Kill it first or remove /home/TacoPants/projects/Ayumi/data/forward_test.pid.
2026-05-17 18:30:53 | ERROR    | ayumi.pid_guard | Another forward test process is running (PID 720166). Refusing to start. Kill it first or remove /home/TacoPants/projects/Ayumi/data/forward_test.pid.
2026-05-17 18:31:26 | ERROR    | ayumi.pid_guard | Another forward test process is running (PID 720166). Refusing to start. Kill it first or remove /home/TacoPants/projects/Ayumi/data/forward_test.pid.
2026-05-17 18:31:59 | ERROR    | ayumi.pid_guard | Another forward test process is running (PID 720166). Refusing to start. Kill it first or remove /home/TacoPants/projects/Ayumi/data/forward_test.pid.
2026-05-17 18:32:31 | ERROR    | ayumi.pid_guard | Another forward test process is running (PID 720166). Refusing to start. Kill it first or remove /home/TacoPants/projects/Ayumi/data/forward_test.pid.
2026-05-17 18:33:04 | ERROR    | ayumi.pid_guard | Another forward test process is running (PID 720166). Refusing to start. Kill it first or remove /home/TacoPants/projects/Ayumi/data/forward_test.pid.
2026-05-17 18:33:36 | ERROR    | ayumi.pid_guard | Another forward test process is running (PID 720166). Refusing to start. Kill it first or remove /home/TacoPants/projects/Ayumi/data/forward_test.pid.
2026-05-17 18:34:08 | ERROR    | ayumi.pid_guard | Another forward test process is running (PID 720166). Refusing to start. Kill it first or remove /home/TacoPants/projects/Ayumi/data/forward_test.pid.
2026-05-17 18:34:40 | ERROR    | ayumi.pid_guard | Another forward test process is running (PID 720166). Refusing to start. Kill it first or remove /home/TacoPants/projects/Ayumi/data/forward_test.pid.
2026-05-17 18:35:13 | ERROR    | ayumi.pid_guard | Another forward test process is running (PID 720166). Refusing to start. Kill it first or remove /home/TacoPants/projects/Ayumi/data/forward_test.pid.
2026-05-17 18:35:45 | ERROR    | ayumi.pid_guard | Another forward test process is running (PID 720166). Refusing to start. Kill it first or remove /home/TacoPants/projects/Ayumi/data/forward_test.pid.
2026-05-17 18:36:18 | ERROR    | ayumi.pid_guard | Another forward test process is running (PID 720166). Refusing to start. Kill it first or remove /home/TacoPants/projects/Ayumi/data/forward_test.pid.
2026-05-17 18:36:18 | ERROR    | ayumi.pid_guard | Another forward test process is running (PID 720166). Refusing to start. Kill it first or remove /home/TacoPants/projects/Ayumi/data/forward_test.pid.
2026-05-17 18:36:32 | INFO     | ayumi.pid_guard | PID 3012013 written to /home/TacoPants/projects/Ayumi/data/forward_test.pid
2026-05-17 18:36:32 | INFO     | ayumi.blend_launcher | === Ayumi Multi-Strategy Forward Test (Blend Pipeline) ===
2026-05-17 18:36:32 | INFO     | ayumi.blend_launcher | Symbols: ['GBPUSD', 'USDJPY']
2026-05-17 18:36:34 | WARNING  | ayumi.blend_launcher | Could not fetch symbol list from OpenAPI: 'CTraderOpenApiClient' object has no attribute 'get_symbols' — using static mapping
2026-05-17 18:36:34 | INFO     | ayumi.blend_launcher | Fetching 100 H1 bars for GBPUSD (id=2)...
2026-05-17 18:36:36 | INFO     | ayumi.blend_launcher | Fetched 100 H1 bars for GBPUSD
2026-05-17 18:36:36 | INFO     | ayumi.blend_launcher | Fetching 200 M15 bars for GBPUSD (id=2)...
2026-05-17 18:36:38 | INFO     | ayumi.blend_launcher | Fetched 200 M15 bars for GBPUSD
2026-05-17 18:36:38 | INFO     | ayumi.blend_launcher | Fetching 100 H1 bars for USDJPY (id=4)...
2026-05-17 18:36:40 | INFO     | ayumi.blend_launcher | Fetched 100 H1 bars for USDJPY
2026-05-17 18:36:40 | INFO     | ayumi.blend_launcher | Fetching 200 M15 bars for USDJPY (id=4)...
2026-05-17 18:36:42 | INFO     | ayumi.blend_launcher | Fetched 200 M15 bars for USDJPY
2026-05-17 18:36:42 | INFO     | ayumi.blend_launcher | Registered 5 strategies: ['SRMR+', 'Killzone Momentum', 'Donchian Channel Breakout', 'Session-Range Mean Reversion', 'BB+RSI Mean Reversion']
2026-05-17 18:36:42 | INFO     | ayumi.blend_launcher | All strategy .name properties verified against maps
2026-05-17 18:36:42 | INFO     | ayumi.risk | Restored risk state from data/risk_state_blend.json
2026-05-17 18:36:42 | INFO     | ayumi.forward_test | BlendForwardTestRunner started — balance=$10000.00
2026-05-17 18:36:42 | INFO     | ayumi.forward_test | Preloaded 100 bars into key 'GBPUSD:60'
2026-05-17 18:36:42 | INFO     | ayumi.blend_launcher | Preloaded 100 60min bars for GBPUSD into engine
2026-05-17 18:36:42 | INFO     | ayumi.forward_test | Preloaded 200 bars into key 'GBPUSD:15'
2026-05-17 18:36:42 | INFO     | ayumi.blend_launcher | Preloaded 200 15min bars for GBPUSD into engine
2026-05-17 18:36:42 | INFO     | ayumi.forward_test | Preloaded 100 bars into key 'USDJPY:60'
2026-05-17 18:36:42 | INFO     | ayumi.blend_launcher | Preloaded 100 60min bars for USDJPY into engine
2026-05-17 18:36:42 | INFO     | ayumi.forward_test | Preloaded 200 bars into key 'USDJPY:15'
2026-05-17 18:36:42 | INFO     | ayumi.blend_launcher | Preloaded 200 15min bars for USDJPY into engine
2026-05-17 18:36:42 | INFO     | ayumi.blend_launcher | === STARTING MULTI-STRATEGY FORWARD TEST ===
2026-05-17 18:36:42 | INFO     | ayumi.blend_launcher | Pipeline: SRMR+ + Killzone + Momentum + SessionRangeMR → Correlation Gate → Blend Runner → Paper
2026-05-17 18:36:42 | INFO     | ayumi.blend_launcher | Startup diagnostic: strategies=['SRMR+', 'Killzone Momentum', 'Donchian Channel Breakout', 'Session-Range Mean Reversion', 'BB+RSI Mean Reversion']
2026-05-17 18:36:42 | INFO     | ayumi.blend_launcher | Startup diagnostic: symbols=['GBPUSD', 'USDJPY']
2026-05-17 18:36:42 | INFO     | ayumi.blend_launcher | Startup diagnostic: bar_period=60m, min_confidence=0.50
2026-05-17 18:36:42 | INFO     | ayumi.blend_launcher | Startup diagnostic: strategy_timeframes={'SRMR+': 60, 'Killzone Momentum': 15, 'Donchian Channel Breakout': 15, 'Session-Range Mean Reversion': 60, 'BB+RSI Mean Reversion': 60}
2026-05-17 18:36:42 | WARNING  | ayumi.forward_test | Credential validation: sender_comp_id is empty — may cause FIX logon failure
2026-05-17 18:36:42 | INFO     | ayumi.forward_test | OpenApiLiveClient constructed for live_mode
2026-05-17 18:36:42 | INFO     | ayumi.openapi_spot_feed | Connected to demo.ctraderapi.com:5035
2026-05-17 18:36:43 | INFO     | ayumi.openapi_spot_feed | Application authenticated
2026-05-17 18:36:45 | INFO     | ayumi.openapi_spot_feed | No token lifetime from server — defaulting to 86400s
2026-05-17 18:36:45 | INFO     | ayumi.openapi_spot_feed | Scheduling proactive token refresh in 69120s (token lifetime=86400s)
2026-05-17 18:36:45 | INFO     | ayumi.openapi_spot_feed | Account authenticated
2026-05-17 18:36:45 | INFO     | ayumi.openapi_spot_feed | Requesting symbol list for account 46877902
2026-05-17 18:36:45 | INFO     | ayumi.openapi_spot_feed | Loaded 830 symbol name mappings from API
2026-05-17 18:36:45 | INFO     | ayumi.openapi_spot_feed | Pre-fetching details for GBPUSD (id=2)
2026-05-17 18:36:46 | INFO     | ayumi.openapi_spot_feed | Fetched symbol details: id=2 digits=5
2026-05-17 18:36:46 | INFO     | ayumi.openapi_spot_feed | Pre-fetching details for USDJPY (id=4)
2026-05-17 18:36:47 | INFO     | ayumi.openapi_spot_feed | Fetched symbol details: id=4 digits=3
2026-05-17 18:36:47 | INFO     | ayumi.openapi_spot_feed | Subscribed to spot events for symbol_id=2
2026-05-17 18:36:47 | INFO     | ayumi.openapi_spot_feed | Subscribed to spot events for symbol_id=4
2026-05-17 18:36:47 | INFO     | ayumi.openapi_spot_feed | OpenApiSpotFeed started: account=46877902 symbols_loaded=2
2026-05-17 18:36:47 | INFO     | ayumi.forward_test | Open API spot feed connected for ['GBPUSD', 'USDJPY']
2026-05-17 18:36:47 | INFO     | ayumi.openapi_live_client | [OpenApiLiveClient] Symbol map set: 830 entries
2026-05-17 18:36:47 | INFO     | ayumi.openapi_live_client | [OpenApiLiveClient] Riding on spot feed's authenticated connection
2026-05-17 18:36:47 | INFO     | ayumi.forward_test | OpenApiLiveClient connected — live mode active
2026-05-17 18:36:48 | INFO     | ayumi.openapi_spot_feed | Fetched 50 trendbars for GBPUSD 60m
2026-05-17 18:36:48 | INFO     | ayumi.forward_test | Preloaded 50 bars into key 'GBPUSD:60'
2026-05-17 18:36:48 | INFO     | ayumi.forward_test | Preloaded 50 bars for GBPUSD 60m
2026-05-17 18:36:49 | INFO     | ayumi.openapi_spot_feed | Fetched 50 trendbars for GBPUSD 15m
2026-05-17 18:36:49 | INFO     | ayumi.forward_test | Preloaded 50 bars into key 'GBPUSD:15'
2026-05-17 18:36:49 | INFO     | ayumi.forward_test | Preloaded 50 bars for GBPUSD 15m
2026-05-17 18:36:50 | INFO     | ayumi.openapi_spot_feed | Fetched 50 trendbars for USDJPY 60m
2026-05-17 18:36:50 | INFO     | ayumi.forward_test | Preloaded 50 bars into key 'USDJPY:60'
2026-05-17 18:36:50 | INFO     | ayumi.forward_test | Preloaded 50 bars for USDJPY 60m
2026-05-17 18:36:51 | INFO     | ayumi.openapi_spot_feed | Fetched 50 trendbars for USDJPY 15m
2026-05-17 18:36:51 | INFO     | ayumi.forward_test | Preloaded 50 bars into key 'USDJPY:15'
2026-05-17 18:36:51 | INFO     | ayumi.forward_test | Preloaded 50 bars for USDJPY 15m
2026-05-17 18:36:51 | INFO     | ayumi.forward_test | Bar preloading complete
2026-05-17 18:36:51 | INFO     | ayumi.forward_test | Forward test started: symbols=['GBPUSD', 'USDJPY'] strategies=['SRMR+', 'Killzone Momentum', 'Donchian Channel Breakout', 'Session-Range Mean Reversion', 'BB+RSI Mean Reversion'] mode=LIVE eval_interval=1.0s bar_period=60m
2026-05-17 18:36:51 | INFO     | ayumi.forward_test | [B5 Startup] Strategy list: ['SRMR+', 'Killzone Momentum', 'Donchian Channel Breakout', 'Session-Range Mean Reversion', 'BB+RSI Mean Reversion']
2026-05-17 18:36:51 | INFO     | ayumi.forward_test | [B5 Startup] Symbols: ['GBPUSD', 'USDJPY']
2026-05-17 18:36:51 | INFO     | ayumi.forward_test | [B5 Startup] Bar period: 60m
2026-05-17 18:36:51 | INFO     | ayumi.forward_test | [B5 Startup] Min confidence: 0.50
2026-05-17 18:36:51 | INFO     | ayumi.forward_test | [B5 Startup] Min bars for evaluation: 50
2026-05-17 18:36:51 | INFO     | ayumi.forward_test | [B5 Startup] Strategy timeframes: {'SRMR+': 60, 'Killzone Momentum': 15, 'Donchian Channel Breakout': 15, 'Session-Range Mean Reversion': 60, 'BB+RSI Mean Reversion': 60}
2026-05-17 18:36:51 | INFO     | ayumi.forward_test | [B5 Startup] Required timeframes: [15, 60]
2026-05-17 18:37:17 | INFO     | ayumi.pid_guard | PID 3012228 written to /home/TacoPants/projects/Ayumi/data/forward_test.pid
2026-05-17 18:37:17 | INFO     | ayumi.blend_launcher | === Ayumi Multi-Strategy Forward Test (Blend Pipeline) ===
2026-05-17 18:37:17 | INFO     | ayumi.blend_launcher | Symbols: ['GBPUSD', 'USDJPY']
2026-05-17 18:37:19 | WARNING  | ayumi.blend_launcher | Could not fetch symbol list from OpenAPI: 'CTraderOpenApiClient' object has no attribute 'get_symbols' — using static mapping
2026-05-17 18:37:19 | INFO     | ayumi.blend_launcher | Fetching 100 H1 bars for GBPUSD (id=2)...
2026-05-17 18:37:21 | INFO     | ayumi.blend_launcher | Fetched 100 H1 bars for GBPUSD
2026-05-17 18:37:21 | INFO     | ayumi.blend_launcher | Fetching 200 M15 bars for GBPUSD (id=2)...
2026-05-17 18:37:23 | INFO     | ayumi.blend_launcher | Fetched 200 M15 bars for GBPUSD
2026-05-17 18:37:23 | INFO     | ayumi.blend_launcher | Fetching 100 H1 bars for USDJPY (id=4)...
2026-05-17 18:37:25 | INFO     | ayumi.blend_launcher | Fetched 100 H1 bars for USDJPY
2026-05-17 18:37:25 | INFO     | ayumi.blend_launcher | Fetching 200 M15 bars for USDJPY (id=4)...
2026-05-17 18:37:27 | INFO     | ayumi.blend_launcher | Fetched 200 M15 bars for USDJPY
2026-05-17 18:37:27 | INFO     | ayumi.blend_launcher | Registered 5 strategies: ['SRMR+', 'Killzone Momentum', 'Donchian Channel Breakout', 'Session-Range Mean Reversion', 'BB+RSI Mean Reversion']
2026-05-17 18:37:27 | INFO     | ayumi.blend_launcher | All strategy .name properties verified against maps
2026-05-17 18:37:27 | INFO     | ayumi.risk | Restored risk state from data/risk_state_blend.json
2026-05-17 18:37:27 | INFO     | ayumi.forward_test | BlendForwardTestRunner started — balance=$10000.00
2026-05-17 18:37:27 | INFO     | ayumi.forward_test | Preloaded 100 bars into key 'GBPUSD:60'
2026-05-17 18:37:27 | INFO     | ayumi.blend_launcher | Preloaded 100 60min bars for GBPUSD into engine
2026-05-17 18:37:27 | INFO     | ayumi.forward_test | Preloaded 200 bars into key 'GBPUSD:15'
2026-05-17 18:37:27 | INFO     | ayumi.blend_launcher | Preloaded 200 15min bars for GBPUSD into engine
2026-05-17 18:37:27 | INFO     | ayumi.forward_test | Preloaded 100 bars into key 'USDJPY:60'
2026-05-17 18:37:27 | INFO     | ayumi.blend_launcher | Preloaded 100 60min bars for USDJPY into engine
2026-05-17 18:37:27 | INFO     | ayumi.forward_test | Preloaded 200 bars into key 'USDJPY:15'
2026-05-17 18:37:27 | INFO     | ayumi.blend_launcher | Preloaded 200 15min bars for USDJPY into engine
2026-05-17 18:37:27 | INFO     | ayumi.blend_launcher | === STARTING MULTI-STRATEGY FORWARD TEST ===
2026-05-17 18:37:27 | INFO     | ayumi.blend_launcher | Pipeline: SRMR+ + Killzone + Momentum + SessionRangeMR → Correlation Gate → Blend Runner → Paper
2026-05-17 18:37:27 | INFO     | ayumi.blend_launcher | Startup diagnostic: strategies=['SRMR+', 'Killzone Momentum', 'Donchian Channel Breakout', 'Session-Range Mean Reversion', 'BB+RSI Mean Reversion']
2026-05-17 18:37:27 | INFO     | ayumi.blend_launcher | Startup diagnostic: symbols=['GBPUSD', 'USDJPY']
2026-05-17 18:37:27 | INFO     | ayumi.blend_launcher | Startup diagnostic: bar_period=60m, min_confidence=0.50
2026-05-17 18:37:27 | INFO     | ayumi.blend_launcher | Startup diagnostic: strategy_timeframes={'SRMR+': 60, 'Killzone Momentum': 15, 'Donchian Channel Breakout': 15, 'Session-Range Mean Reversion': 60, 'BB+RSI Mean Reversion': 60}
2026-05-17 18:37:27 | WARNING  | ayumi.forward_test | Credential validation: sender_comp_id is empty — may cause FIX logon failure
2026-05-17 18:37:27 | INFO     | ayumi.forward_test | OpenApiLiveClient constructed for live_mode
2026-05-17 18:37:27 | INFO     | ayumi.openapi_spot_feed | Connected to demo.ctraderapi.com:5035
2026-05-17 18:37:28 | INFO     | ayumi.openapi_spot_feed | Application authenticated
2026-05-17 18:37:29 | INFO     | ayumi.openapi_spot_feed | No token lifetime from server — defaulting to 86400s
2026-05-17 18:37:29 | INFO     | ayumi.openapi_spot_feed | Scheduling proactive token refresh in 69120s (token lifetime=86400s)
2026-05-17 18:37:29 | INFO     | ayumi.openapi_spot_feed | Account authenticated
2026-05-17 18:37:29 | INFO     | ayumi.openapi_spot_feed | Requesting symbol list for account 46877902
2026-05-17 18:37:30 | INFO     | ayumi.openapi_spot_feed | Loaded 830 symbol name mappings from API
2026-05-17 18:37:30 | INFO     | ayumi.openapi_spot_feed | Pre-fetching details for GBPUSD (id=2)
2026-05-17 18:37:31 | INFO     | ayumi.openapi_spot_feed | Fetched symbol details: id=2 digits=5
2026-05-17 18:37:31 | INFO     | ayumi.openapi_spot_feed | Pre-fetching details for USDJPY (id=4)
2026-05-17 18:37:32 | INFO     | ayumi.openapi_spot_feed | Fetched symbol details: id=4 digits=3
2026-05-17 18:37:32 | INFO     | ayumi.openapi_spot_feed | Subscribed to spot events for symbol_id=2
2026-05-17 18:37:32 | INFO     | ayumi.openapi_spot_feed | Subscribed to spot events for symbol_id=4
2026-05-17 18:37:32 | INFO     | ayumi.openapi_spot_feed | OpenApiSpotFeed started: account=46877902 symbols_loaded=2
2026-05-17 18:37:32 | INFO     | ayumi.forward_test | Open API spot feed connected for ['GBPUSD', 'USDJPY']
2026-05-17 18:37:32 | INFO     | ayumi.openapi_live_client | [OpenApiLiveClient] Symbol map set: 830 entries
2026-05-17 18:37:32 | INFO     | ayumi.openapi_live_client | [OpenApiLiveClient] Riding on spot feed's authenticated connection
2026-05-17 18:37:32 | INFO     | ayumi.forward_test | OpenApiLiveClient connected — live mode active
2026-05-17 18:37:33 | INFO     | ayumi.openapi_spot_feed | Fetched 50 trendbars for GBPUSD 60m
2026-05-17 18:37:33 | INFO     | ayumi.forward_test | Preloaded 50 bars into key 'GBPUSD:60'
2026-05-17 18:37:33 | INFO     | ayumi.forward_test | Preloaded 50 bars for GBPUSD 60m
2026-05-17 18:37:34 | INFO     | ayumi.openapi_spot_feed | Fetched 50 trendbars for GBPUSD 15m
2026-05-17 18:37:34 | INFO     | ayumi.forward_test | Preloaded 50 bars into key 'GBPUSD:15'
2026-05-17 18:37:34 | INFO     | ayumi.forward_test | Preloaded 50 bars for GBPUSD 15m
2026-05-17 18:37:35 | INFO     | ayumi.openapi_spot_feed | Fetched 50 trendbars for USDJPY 60m
2026-05-17 18:37:35 | INFO     | ayumi.forward_test | Preloaded 50 bars into key 'USDJPY:60'
2026-05-17 18:37:35 | INFO     | ayumi.forward_test | Preloaded 50 bars for USDJPY 60m
2026-05-17 18:37:36 | INFO     | ayumi.openapi_spot_feed | Fetched 50 trendbars for USDJPY 15m
2026-05-17 18:37:36 | INFO     | ayumi.forward_test | Preloaded 50 bars into key 'USDJPY:15'
2026-05-17 18:37:36 | INFO     | ayumi.forward_test | Preloaded 50 bars for USDJPY 15m
2026-05-17 18:37:36 | INFO     | ayumi.forward_test | Bar preloading complete
2026-05-17 18:37:36 | INFO     | ayumi.forward_test | Forward test started: symbols=['GBPUSD', 'USDJPY'] strategies=['SRMR+', 'Killzone Momentum', 'Donchian Channel Breakout', 'Session-Range Mean Reversion', 'BB+RSI Mean Reversion'] mode=LIVE eval_interval=1.0s bar_period=60m
2026-05-17 18:37:36 | INFO     | ayumi.forward_test | [B5 Startup] Strategy list: ['SRMR+', 'Killzone Momentum', 'Donchian Channel Breakout', 'Session-Range Mean Reversion', 'BB+RSI Mean Reversion']
2026-05-17 18:37:36 | INFO     | ayumi.forward_test | [B5 Startup] Symbols: ['GBPUSD', 'USDJPY']
2026-05-17 18:37:36 | INFO     | ayumi.forward_test | [B5 Startup] Bar period: 60m
2026-05-17 18:37:36 | INFO     | ayumi.forward_test | [B5 Startup] Min confidence: 0.50
2026-05-17 18:37:36 | INFO     | ayumi.forward_test | [B5 Startup] Min bars for evaluation: 50
2026-05-17 18:37:36 | INFO     | ayumi.forward_test | [B5 Startup] Strategy timeframes: {'SRMR+': 60, 'Killzone Momentum': 15, 'Donchian Channel Breakout': 15, 'Session-Range Mean Reversion': 60, 'BB+RSI Mean Reversion': 60}
2026-05-17 18:37:36 | INFO     | ayumi.forward_test | [B5 Startup] Required timeframes: [15, 60]
2026-05-17 18:37:51 | INFO     | ayumi.forward_test | [B5 Periodic] ticks=2 bars_built=0 signals=0 traded=0 eval_errors=0
2026-05-17 18:37:51 | WARNING  | ayumi.forward_test | [B5 Pipeline] 2 ticks received but 0 bars built — tick-to-bar conversion may be stalled
2026-05-17 18:37:51 | INFO     | ayumi.blend_launcher | [B5 Health] ticks=2 tps=1950.84 bars=0 signals=0 trades=0 balance=10000.00 uptime=60s
2026-05-17 18:37:51 | WARNING  | ayumi.blend_launcher | [B5 Pipeline] Ticks received (2) but zero bars built — tick-to-bar pipeline may be stalled
2026-05-17 18:38:36 | INFO     | ayumi.forward_test | [B5 Periodic] ticks=2 bars_built=0 signals=0 traded=0 eval_errors=0
2026-05-17 18:38:36 | WARNING  | ayumi.forward_test | [B5 Pipeline] 2 ticks received but 0 bars built — tick-to-bar conversion may be stalled
2026-05-17 18:38:36 | INFO     | ayumi.blend_launcher | [B5 Health] ticks=2 tps=3874.65 bars=0 signals=0 trades=0 balance=10000.00 uptime=60s
2026-05-17 18:38:36 | WARNING  | ayumi.blend_launcher | [B5 Pipeline] Ticks received (2) but zero bars built — tick-to-bar pipeline may be stalled
2026-05-17 18:38:51 | INFO     | ayumi.forward_test | [B5 Periodic] ticks=2 bars_built=0 signals=0 traded=0 eval_errors=0
2026-05-17 18:38:51 | WARNING  | ayumi.forward_test | [B5 Pipeline] 2 ticks received but 0 bars built — tick-to-bar conversion may be stalled
2026-05-17 18:38:51 | INFO     | ayumi.blend_launcher | [B5 Health] ticks=2 tps=1950.84 bars=0 signals=0 trades=0 balance=10000.00 uptime=120s
2026-05-17 18:38:51 | WARNING  | ayumi.blend_launcher | [B5 Pipeline] Ticks received (2) but zero bars built — tick-to-bar pipeline may be stalled
2026-05-17 18:39:36 | INFO     | ayumi.forward_test | [B5 Periodic] ticks=2 bars_built=0 signals=0 traded=0 eval_errors=0
2026-05-17 18:39:36 | WARNING  | ayumi.forward_test | [B5 Pipeline] 2 ticks received but 0 bars built — tick-to-bar conversion may be stalled
2026-05-17 18:39:36 | INFO     | ayumi.blend_launcher | [B5 Health] ticks=2 tps=3874.65 bars=0 signals=0 trades=0 balance=10000.00 uptime=120s
2026-05-17 18:39:36 | WARNING  | ayumi.blend_launcher | [B5 Pipeline] Ticks received (2) but zero bars built — tick-to-bar pipeline may be stalled
2026-05-17 18:39:51 | INFO     | ayumi.forward_test | [B5 Periodic] ticks=2 bars_built=0 signals=0 traded=0 eval_errors=0
2026-05-17 18:39:51 | WARNING  | ayumi.forward_test | [B5 Pipeline] 2 ticks received but 0 bars built — tick-to-bar conversion may be stalled
2026-05-17 18:39:51 | INFO     | ayumi.blend_launcher | [B5 Health] ticks=2 tps=1950.84 bars=0 signals=0 trades=0 balance=10000.00 uptime=180s
2026-05-17 18:39:51 | WARNING  | ayumi.blend_launcher | [B5 Pipeline] Ticks received (2) but zero bars built — tick-to-bar pipeline may be stalled
2026-05-17 18:40:36 | INFO     | ayumi.forward_test | [B5 Periodic] ticks=2 bars_built=0 signals=0 traded=0 eval_errors=0
2026-05-17 18:40:36 | WARNING  | ayumi.forward_test | [B5 Pipeline] 2 ticks received but 0 bars built — tick-to-bar conversion may be stalled
2026-05-17 18:40:36 | INFO     | ayumi.blend_launcher | [B5 Health] ticks=2 tps=3874.65 bars=0 signals=0 trades=0 balance=10000.00 uptime=180s
2026-05-17 18:40:36 | WARNING  | ayumi.blend_launcher | [B5 Pipeline] Ticks received (2) but zero bars built — tick-to-bar pipeline may be stalled
2026-05-17 18:40:51 | INFO     | ayumi.forward_test | [B5 Periodic] ticks=2 bars_built=0 signals=0 traded=0 eval_errors=0
2026-05-17 18:40:51 | WARNING  | ayumi.forward_test | [B5 Pipeline] 2 ticks received but 0 bars built — tick-to-bar conversion may be stalled
2026-05-17 18:40:51 | INFO     | ayumi.blend_launcher | [B5 Health] ticks=2 tps=1950.84 bars=0 signals=0 trades=0 balance=10000.00 uptime=240s
2026-05-17 18:40:51 | WARNING  | ayumi.blend_launcher | [B5 Pipeline] Ticks received (2) but zero bars built — tick-to-bar pipeline may be stalled
2026-05-17 18:41:36 | INFO     | ayumi.forward_test | [B5 Periodic] ticks=2 bars_built=0 signals=0 traded=0 eval_errors=0
2026-05-17 18:41:36 | WARNING  | ayumi.forward_test | [B5 Pipeline] 2 ticks received but 0 bars built — tick-to-bar conversion may be stalled
2026-05-17 18:41:36 | INFO     | ayumi.blend_launcher | [B5 Health] ticks=2 tps=3874.65 bars=0 signals=0 trades=0 balance=10000.00 uptime=240s
2026-05-17 18:41:36 | WARNING  | ayumi.blend_launcher | [B5 Pipeline] Ticks received (2) but zero bars built — tick-to-bar pipeline may be stalled
2026-05-17 18:41:51 | INFO     | ayumi.forward_test | [B5 Periodic] ticks=2 bars_built=0 signals=0 traded=0 eval_errors=0
2026-05-17 18:41:51 | WARNING  | ayumi.forward_test | [B5 Pipeline] 2 ticks received but 0 bars built — tick-to-bar conversion may be stalled
2026-05-17 18:41:51 | INFO     | ayumi.blend_launcher | [B5 Health] ticks=2 tps=1950.84 bars=0 signals=0 trades=0 balance=10000.00 uptime=300s
2026-05-17 18:41:51 | WARNING  | ayumi.blend_launcher | [B5 Pipeline] Ticks received (2) but zero bars built — tick-to-bar pipeline may be stalled
2026-05-17 18:42:36 | INFO     | ayumi.forward_test | [B5 Periodic] ticks=2 bars_built=0 signals=0 traded=0 eval_errors=0
2026-05-17 18:42:36 | WARNING  | ayumi.forward_test | [B5 Pipeline] 2 ticks received but 0 bars built — tick-to-bar conversion may be stalled
2026-05-17 18:42:36 | INFO     | ayumi.blend_launcher | [B5 Health] ticks=2 tps=3874.65 bars=0 signals=0 trades=0 balance=10000.00 uptime=300s
2026-05-17 18:42:36 | WARNING  | ayumi.blend_launcher | [B5 Pipeline] Ticks received (2) but zero bars built — tick-to-bar pipeline may be stalled
2026-05-17 18:42:51 | INFO     | ayumi.forward_test | [B5 Periodic] ticks=2 bars_built=0 signals=0 traded=0 eval_errors=0
2026-05-17 18:42:51 | WARNING  | ayumi.forward_test | [B5 Pipeline] 2 ticks received but 0 bars built — tick-to-bar conversion may be stalled
2026-05-17 18:42:51 | INFO     | ayumi.blend_launcher | [B5 Health] ticks=2 tps=1950.84 bars=0 signals=0 trades=0 balance=10000.00 uptime=360s
2026-05-17 18:42:51 | WARNING  | ayumi.blend_launcher | [B5 Pipeline] Ticks received (2) but zero bars built — tick-to-bar pipeline may be stalled
2026-05-17 18:43:36 | INFO     | ayumi.forward_test | [B5 Periodic] ticks=2 bars_built=0 signals=0 traded=0 eval_errors=0
2026-05-17 18:43:36 | WARNING  | ayumi.forward_test | [B5 Pipeline] 2 ticks received but 0 bars built — tick-to-bar conversion may be stalled
2026-05-17 18:43:36 | INFO     | ayumi.blend_launcher | [B5 Health] ticks=2 tps=3874.65 bars=0 signals=0 trades=0 balance=10000.00 uptime=360s
2026-05-17 18:43:36 | WARNING  | ayumi.blend_launcher | [B5 Pipeline] Ticks received (2) but zero bars built — tick-to-bar pipeline may be stalled
2026-05-17 18:43:51 | INFO     | ayumi.forward_test | [B5 Periodic] ticks=2 bars_built=0 signals=0 traded=0 eval_errors=0
2026-05-17 18:43:51 | WARNING  | ayumi.forward_test | [B5 Pipeline] 2 ticks received but 0 bars built — tick-to-bar conversion may be stalled
2026-05-17 18:43:51 | INFO     | ayumi.blend_launcher | [B5 Health] ticks=2 tps=1950.84 bars=0 signals=0 trades=0 balance=10000.00 uptime=420s
2026-05-17 18:43:51 | WARNING  | ayumi.blend_launcher | [B5 Pipeline] Ticks received (2) but zero bars built — tick-to-bar pipeline may be stalled
2026-05-17 18:44:36 | INFO     | ayumi.forward_test | [B5 Periodic] ticks=2 bars_built=0 signals=0 traded=0 eval_errors=0
2026-05-17 18:44:36 | WARNING  | ayumi.forward_test | [B5 Pipeline] 2 ticks received but 0 bars built — tick-to-bar conversion may be stalled
2026-05-17 18:44:36 | INFO     | ayumi.blend_launcher | [B5 Health] ticks=2 tps=3874.65 bars=0 signals=0 trades=0 balance=10000.00 uptime=420s
2026-05-17 18:44:36 | WARNING  | ayumi.blend_launcher | [B5 Pipeline] Ticks received (2) but zero bars built — tick-to-bar pipeline may be stalled
2026-05-17 18:44:51 | INFO     | ayumi.forward_test | [B5 Periodic] ticks=2 bars_built=0 signals=0 traded=0 eval_errors=0
2026-05-17 18:44:51 | WARNING  | ayumi.forward_test | [B5 Pipeline] 2 ticks received but 0 bars built — tick-to-bar conversion may be stalled
2026-05-17 18:44:51 | INFO     | ayumi.blend_launcher | [B5 Health] ticks=2 tps=1950.84 bars=0 signals=0 trades=0 balance=10000.00 uptime=480s
2026-05-17 18:44:51 | WARNING  | ayumi.blend_launcher | [B5 Pipeline] Ticks received (2) but zero bars built — tick-to-bar pipeline may be stalled
2026-05-17 18:45:36 | INFO     | ayumi.forward_test | [B5 Periodic] ticks=2 bars_built=0 signals=0 traded=0 eval_errors=0
2026-05-17 18:45:36 | WARNING  | ayumi.forward_test | [B5 Pipeline] 2 ticks received but 0 bars built — tick-to-bar conversion may be stalled
2026-05-17 18:45:36 | INFO     | ayumi.blend_launcher | [B5 Health] ticks=2 tps=3874.65 bars=0 signals=0 trades=0 balance=10000.00 uptime=480s
2026-05-17 18:45:36 | WARNING  | ayumi.blend_launcher | [B5 Pipeline] Ticks received (2) but zero bars built — tick-to-bar pipeline may be stalled
2026-05-17 18:45:51 | INFO     | ayumi.forward_test | [B5 Periodic] ticks=2 bars_built=0 signals=0 traded=0 eval_errors=0
2026-05-17 18:45:51 | WARNING  | ayumi.forward_test | [B5 Pipeline] 2 ticks received but 0 bars built — tick-to-bar conversion may be stalled
2026-05-17 18:45:51 | INFO     | ayumi.blend_launcher | [B5 Health] ticks=2 tps=1950.84 bars=0 signals=0 trades=0 balance=10000.00 uptime=540s
2026-05-17 18:45:51 | WARNING  | ayumi.blend_launcher | [B5 Pipeline] Ticks received (2) but zero bars built — tick-to-bar pipeline may be stalled
2026-05-17 18:46:36 | INFO     | ayumi.forward_test | [B5 Periodic] ticks=2 bars_built=0 signals=0 traded=0 eval_errors=0
2026-05-17 18:46:36 | WARNING  | ayumi.forward_test | [B5 Pipeline] 2 ticks received but 0 bars built — tick-to-bar conversion may be stalled
2026-05-17 18:46:36 | INFO     | ayumi.blend_launcher | [B5 Health] ticks=2 tps=3874.65 bars=0 signals=0 trades=0 balance=10000.00 uptime=540s
2026-05-17 18:46:36 | WARNING  | ayumi.blend_launcher | [B5 Pipeline] Ticks received (2) but zero bars built — tick-to-bar pipeline may be stalled
2026-05-17 18:46:51 | INFO     | ayumi.forward_test | [B5 Periodic] ticks=2 bars_built=0 signals=0 traded=0 eval_errors=0
2026-05-17 18:46:51 | WARNING  | ayumi.forward_test | [B5 Pipeline] 2 ticks received but 0 bars built — tick-to-bar conversion may be stalled
2026-05-17 18:46:51 | INFO     | ayumi.blend_launcher | [B5 Health] ticks=2 tps=1950.84 bars=0 signals=0 trades=0 balance=10000.00 uptime=600s
2026-05-17 18:46:51 | WARNING  | ayumi.blend_launcher | [B5 Pipeline] Ticks received (2) but zero bars built — tick-to-bar pipeline may be stalled
2026-05-17 18:47:36 | INFO     | ayumi.forward_test | [B5 Periodic] ticks=2 bars_built=0 signals=0 traded=0 eval_errors=0
2026-05-17 18:47:36 | WARNING  | ayumi.forward_test | [B5 Pipeline] 2 ticks received but 0 bars built — tick-to-bar conversion may be stalled
2026-05-17 18:47:36 | INFO     | ayumi.blend_launcher | [B5 Health] ticks=2 tps=3874.65 bars=0 signals=0 trades=0 balance=10000.00 uptime=600s
2026-05-17 18:47:36 | WARNING  | ayumi.blend_launcher | [B5 Pipeline] Ticks received (2) but zero bars built — tick-to-bar pipeline may be stalled
2026-05-17 18:47:51 | INFO     | ayumi.forward_test | [B5 Periodic] ticks=2 bars_built=0 signals=0 traded=0 eval_errors=0
2026-05-17 18:47:51 | WARNING  | ayumi.forward_test | [B5 Pipeline] 2 ticks received but 0 bars built — tick-to-bar conversion may be stalled
2026-05-17 18:47:52 | INFO     | ayumi.blend_launcher | [B5 Health] ticks=2 tps=1950.84 bars=0 signals=0 trades=0 balance=10000.00 uptime=660s
2026-05-17 18:47:52 | WARNING  | ayumi.blend_launcher | [B5 Pipeline] Ticks received (2) but zero bars built — tick-to-bar pipeline may be stalled
2026-05-17 18:48:36 | INFO     | ayumi.forward_test | [B5 Periodic] ticks=2 bars_built=0 signals=0 traded=0 eval_errors=0
2026-05-17 18:48:36 | WARNING  | ayumi.forward_test | [B5 Pipeline] 2 ticks received but 0 bars built — tick-to-bar conversion may be stalled
2026-05-17 18:48:36 | INFO     | ayumi.blend_launcher | [B5 Health] ticks=2 tps=3874.65 bars=0 signals=0 trades=0 balance=10000.00 uptime=660s
2026-05-17 18:48:36 | WARNING  | ayumi.blend_launcher | [B5 Pipeline] Ticks received (2) but zero bars built — tick-to-bar pipeline may be stalled
2026-05-17 18:48:51 | INFO     | ayumi.forward_test | [B5 Periodic] ticks=2 bars_built=0 signals=0 traded=0 eval_errors=0
2026-05-17 18:48:51 | WARNING  | ayumi.forward_test | [B5 Pipeline] 2 ticks received but 0 bars built — tick-to-bar conversion may be stalled
2026-05-17 18:48:52 | INFO     | ayumi.blend_launcher | [B5 Health] ticks=2 tps=1950.84 bars=0 signals=0 trades=0 balance=10000.00 uptime=720s
2026-05-17 18:48:52 | WARNING  | ayumi.blend_launcher | [B5 Pipeline] Ticks received (2) but zero bars built — tick-to-bar pipeline may be stalled
2026-05-17 18:49:36 | INFO     | ayumi.forward_test | [B5 Periodic] ticks=2 bars_built=0 signals=0 traded=0 eval_errors=0
2026-05-17 18:49:36 | WARNING  | ayumi.forward_test | [B5 Pipeline] 2 ticks received but 0 bars built — tick-to-bar conversion may be stalled
2026-05-17 18:49:36 | INFO     | ayumi.blend_launcher | [B5 Health] ticks=2 tps=3874.65 bars=0 signals=0 trades=0 balance=10000.00 uptime=720s
2026-05-17 18:49:36 | WARNING  | ayumi.blend_launcher | [B5 Pipeline] Ticks received (2) but zero bars built — tick-to-bar pipeline may be stalled
2026-05-17 18:49:51 | INFO     | ayumi.forward_test | [B5 Periodic] ticks=2 bars_built=0 signals=0 traded=0 eval_errors=0
2026-05-17 18:49:51 | WARNING  | ayumi.forward_test | [B5 Pipeline] 2 ticks received but 0 bars built — tick-to-bar conversion may be stalled
2026-05-17 18:49:52 | INFO     | ayumi.blend_launcher | [B5 Health] ticks=2 tps=1950.84 bars=0 signals=0 trades=0 balance=10000.00 uptime=780s
2026-05-17 18:49:52 | WARNING  | ayumi.blend_launcher | [B5 Pipeline] Ticks received (2) but zero bars built — tick-to-bar pipeline may be stalled
2026-05-17 18:50:36 | INFO     | ayumi.forward_test | [B5 Periodic] ticks=2 bars_built=0 signals=0 traded=0 eval_errors=0
2026-05-17 18:50:36 | WARNING  | ayumi.forward_test | [B5 Pipeline] 2 ticks received but 0 bars built — tick-to-bar conversion may be stalled
2026-05-17 18:50:36 | INFO     | ayumi.blend_launcher | [B5 Health] ticks=2 tps=3874.65 bars=0 signals=0 trades=0 balance=10000.00 uptime=780s
2026-05-17 18:50:36 | WARNING  | ayumi.blend_launcher | [B5 Pipeline] Ticks received (2) but zero bars built — tick-to-bar pipeline may be stalled
2026-05-17 18:50:51 | INFO     | ayumi.forward_test | [B5 Periodic] ticks=2 bars_built=0 signals=0 traded=0 eval_errors=0
2026-05-17 18:50:51 | WARNING  | ayumi.forward_test | [B5 Pipeline] 2 ticks received but 0 bars built — tick-to-bar conversion may be stalled
2026-05-17 18:50:52 | INFO     | ayumi.blend_launcher | [B5 Health] ticks=2 tps=1950.84 bars=0 signals=0 trades=0 balance=10000.00 uptime=840s
2026-05-17 18:50:52 | WARNING  | ayumi.blend_launcher | [B5 Pipeline] Ticks received (2) but zero bars built — tick-to-bar pipeline may be stalled
2026-05-17 18:51:36 | INFO     | ayumi.forward_test | [B5 Periodic] ticks=2 bars_built=0 signals=0 traded=0 eval_errors=0
2026-05-17 18:51:36 | WARNING  | ayumi.forward_test | [B5 Pipeline] 2 ticks received but 0 bars built — tick-to-bar conversion may be stalled
2026-05-17 18:51:36 | INFO     | ayumi.blend_launcher | [B5 Health] ticks=2 tps=3874.65 bars=0 signals=0 trades=0 balance=10000.00 uptime=840s
2026-05-17 18:51:36 | WARNING  | ayumi.blend_launcher | [B5 Pipeline] Ticks received (2) but zero bars built — tick-to-bar pipeline may be stalled
2026-05-17 18:51:51 | INFO     | ayumi.forward_test | [B5 Periodic] ticks=2 bars_built=0 signals=0 traded=0 eval_errors=0
2026-05-17 18:51:51 | WARNING  | ayumi.forward_test | [B5 Pipeline] 2 ticks received but 0 bars built — tick-to-bar conversion may be stalled
2026-05-17 18:51:52 | INFO     | ayumi.blend_launcher | [B5 Health] ticks=2 tps=1950.84 bars=0 signals=0 trades=0 balance=10000.00 uptime=900s
2026-05-17 18:51:52 | WARNING  | ayumi.blend_launcher | [B5 Pipeline] Ticks received (2) but zero bars built — tick-to-bar pipeline may be stalled
2026-05-17 18:52:36 | INFO     | ayumi.forward_test | [B5 Periodic] ticks=2 bars_built=0 signals=0 traded=0 eval_errors=0
2026-05-17 18:52:36 | WARNING  | ayumi.forward_test | [B5 Pipeline] 2 ticks received but 0 bars built — tick-to-bar conversion may be stalled
2026-05-17 18:52:36 | INFO     | ayumi.blend_launcher | [B5 Health] ticks=2 tps=3874.65 bars=0 signals=0 trades=0 balance=10000.00 uptime=900s
2026-05-17 18:52:36 | WARNING  | ayumi.blend_launcher | [B5 Pipeline] Ticks received (2) but zero bars built — tick-to-bar pipeline may be stalled
2026-05-17 18:52:51 | INFO     | ayumi.forward_test | [B5 Periodic] ticks=2 bars_built=0 signals=0 traded=0 eval_errors=0
2026-05-17 18:52:51 | WARNING  | ayumi.forward_test | [B5 Pipeline] 2 ticks received but 0 bars built — tick-to-bar conversion may be stalled
2026-05-17 18:52:52 | INFO     | ayumi.blend_launcher | [B5 Health] ticks=2 tps=1950.84 bars=0 signals=0 trades=0 balance=10000.00 uptime=960s
2026-05-17 18:52:52 | WARNING  | ayumi.blend_launcher | [B5 Pipeline] Ticks received (2) but zero bars built — tick-to-bar pipeline may be stalled
2026-05-17 18:53:36 | INFO     | ayumi.forward_test | [B5 Periodic] ticks=2 bars_built=0 signals=0 traded=0 eval_errors=0
2026-05-17 18:53:36 | WARNING  | ayumi.forward_test | [B5 Pipeline] 2 ticks received but 0 bars built — tick-to-bar conversion may be stalled
2026-05-17 18:53:36 | INFO     | ayumi.blend_launcher | [B5 Health] ticks=2 tps=3874.65 bars=0 signals=0 trades=0 balance=10000.00 uptime=960s
2026-05-17 18:53:36 | WARNING  | ayumi.blend_launcher | [B5 Pipeline] Ticks received (2) but zero bars built — tick-to-bar pipeline may be stalled
2026-05-17 18:53:51 | INFO     | ayumi.forward_test | [B5 Periodic] ticks=2 bars_built=0 signals=0 traded=0 eval_errors=0
2026-05-17 18:53:51 | WARNING  | ayumi.forward_test | [B5 Pipeline] 2 ticks received but 0 bars built — tick-to-bar conversion may be stalled
2026-05-17 18:53:52 | INFO     | ayumi.blend_launcher | [B5 Health] ticks=2 tps=1950.84 bars=0 signals=0 trades=0 balance=10000.00 uptime=1020s
2026-05-17 18:53:52 | WARNING  | ayumi.blend_launcher | [B5 Pipeline] Ticks received (2) but zero bars built — tick-to-bar pipeline may be stalled
2026-05-17 18:54:36 | INFO     | ayumi.forward_test | [B5 Periodic] ticks=2 bars_built=0 signals=0 traded=0 eval_errors=0
2026-05-17 18:54:36 | WARNING  | ayumi.forward_test | [B5 Pipeline] 2 ticks received but 0 bars built — tick-to-bar conversion may be stalled
2026-05-17 18:54:36 | INFO     | ayumi.blend_launcher | [B5 Health] ticks=2 tps=3874.65 bars=0 signals=0 trades=0 balance=10000.00 uptime=1020s
2026-05-17 18:54:36 | WARNING  | ayumi.blend_launcher | [B5 Pipeline] Ticks received (2) but zero bars built — tick-to-bar pipeline may be stalled
2026-05-17 18:54:51 | INFO     | ayumi.forward_test | [B5 Periodic] ticks=2 bars_built=0 signals=0 traded=0 eval_errors=0
2026-05-17 18:54:51 | WARNING  | ayumi.forward_test | [B5 Pipeline] 2 ticks received but 0 bars built — tick-to-bar conversion may be stalled
2026-05-17 18:54:52 | INFO     | ayumi.blend_launcher | [B5 Health] ticks=2 tps=1950.84 bars=0 signals=0 trades=0 balance=10000.00 uptime=1080s
2026-05-17 18:54:52 | WARNING  | ayumi.blend_launcher | [B5 Pipeline] Ticks received (2) but zero bars built — tick-to-bar pipeline may be stalled
2026-05-17 18:55:36 | INFO     | ayumi.forward_test | [B5 Periodic] ticks=2 bars_built=0 signals=0 traded=0 eval_errors=0
2026-05-17 18:55:36 | WARNING  | ayumi.forward_test | [B5 Pipeline] 2 ticks received but 0 bars built — tick-to-bar conversion may be stalled
2026-05-17 18:55:36 | INFO     | ayumi.blend_launcher | [B5 Health] ticks=2 tps=3874.65 bars=0 signals=0 trades=0 balance=10000.00 uptime=1080s
2026-05-17 18:55:36 | WARNING  | ayumi.blend_launcher | [B5 Pipeline] Ticks received (2) but zero bars built — tick-to-bar pipeline may be stalled
2026-05-17 18:55:51 | INFO     | ayumi.forward_test | [B5 Periodic] ticks=2 bars_built=0 signals=0 traded=0 eval_errors=0
2026-05-17 18:55:51 | WARNING  | ayumi.forward_test | [B5 Pipeline] 2 ticks received but 0 bars built — tick-to-bar conversion may be stalled
2026-05-17 18:55:52 | INFO     | ayumi.blend_launcher | [B5 Health] ticks=2 tps=1950.84 bars=0 signals=0 trades=0 balance=10000.00 uptime=1140s
2026-05-17 18:55:52 | WARNING  | ayumi.blend_launcher | [B5 Pipeline] Ticks received (2) but zero bars built — tick-to-bar pipeline may be stalled
2026-05-17 18:56:36 | INFO     | ayumi.forward_test | [B5 Periodic] ticks=2 bars_built=0 signals=0 traded=0 eval_errors=0
2026-05-17 18:56:36 | WARNING  | ayumi.forward_test | [B5 Pipeline] 2 ticks received but 0 bars built — tick-to-bar conversion may be stalled
2026-05-17 18:56:36 | INFO     | ayumi.blend_launcher | [B5 Health] ticks=2 tps=3874.65 bars=0 signals=0 trades=0 balance=10000.00 uptime=1140s
2026-05-17 18:56:36 | WARNING  | ayumi.blend_launcher | [B5 Pipeline] Ticks received (2) but zero bars built — tick-to-bar pipeline may be stalled
2026-05-17 18:56:51 | INFO     | ayumi.forward_test | [B5 Periodic] ticks=2 bars_built=0 signals=0 traded=0 eval_errors=0
2026-05-17 18:56:51 | WARNING  | ayumi.forward_test | [B5 Pipeline] 2 ticks received but 0 bars built — tick-to-bar conversion may be stalled
2026-05-17 18:56:52 | INFO     | ayumi.blend_launcher | [B5 Health] ticks=2 tps=1950.84 bars=0 signals=0 trades=0 balance=10000.00 uptime=1200s
2026-05-17 18:56:52 | WARNING  | ayumi.blend_launcher | [B5 Pipeline] Ticks received (2) but zero bars built — tick-to-bar pipeline may be stalled
2026-05-17 18:57:36 | INFO     | ayumi.forward_test | [B5 Periodic] ticks=2 bars_built=0 signals=0 traded=0 eval_errors=0
2026-05-17 18:57:36 | WARNING  | ayumi.forward_test | [B5 Pipeline] 2 ticks received but 0 bars built — tick-to-bar conversion may be stalled
2026-05-17 18:57:36 | INFO     | ayumi.blend_launcher | [B5 Health] ticks=2 tps=3874.65 bars=0 signals=0 trades=0 balance=10000.00 uptime=1200s
2026-05-17 18:57:36 | WARNING  | ayumi.blend_launcher | [B5 Pipeline] Ticks received (2) but zero bars built — tick-to-bar pipeline may be stalled
2026-05-17 18:57:51 | INFO     | ayumi.forward_test | [B5 Periodic] ticks=2 bars_built=0 signals=0 traded=0 eval_errors=0
2026-05-17 18:57:51 | WARNING  | ayumi.forward_test | [B5 Pipeline] 2 ticks received but 0 bars built — tick-to-bar conversion may be stalled
2026-05-17 18:57:52 | INFO     | ayumi.blend_launcher | [B5 Health] ticks=2 tps=1950.84 bars=0 signals=0 trades=0 balance=10000.00 uptime=1260s
2026-05-17 18:57:52 | WARNING  | ayumi.blend_launcher | [B5 Pipeline] Ticks received (2) but zero bars built — tick-to-bar pipeline may be stalled
2026-05-17 18:58:36 | INFO     | ayumi.forward_test | [B5 Periodic] ticks=2 bars_built=0 signals=0 traded=0 eval_errors=0
2026-05-17 18:58:36 | WARNING  | ayumi.forward_test | [B5 Pipeline] 2 ticks received but 0 bars built — tick-to-bar conversion may be stalled
2026-05-17 18:58:37 | INFO     | ayumi.blend_launcher | [B5 Health] ticks=2 tps=3874.65 bars=0 signals=0 trades=0 balance=10000.00 uptime=1260s
2026-05-17 18:58:37 | WARNING  | ayumi.blend_launcher | [B5 Pipeline] Ticks received (2) but zero bars built — tick-to-bar pipeline may be stalled
2026-05-17 18:58:51 | INFO     | ayumi.forward_test | [B5 Periodic] ticks=2 bars_built=0 signals=0 traded=0 eval_errors=0
2026-05-17 18:58:51 | WARNING  | ayumi.forward_test | [B5 Pipeline] 2 ticks received but 0 bars built — tick-to-bar conversion may be stalled
2026-05-17 18:58:52 | INFO     | ayumi.blend_launcher | [B5 Health] ticks=2 tps=1950.84 bars=0 signals=0 trades=0 balance=10000.00 uptime=1320s
2026-05-17 18:58:52 | WARNING  | ayumi.blend_launcher | [B5 Pipeline] Ticks received (2) but zero bars built — tick-to-bar pipeline may be stalled
2026-05-17 18:59:36 | INFO     | ayumi.forward_test | [B5 Periodic] ticks=2 bars_built=0 signals=0 traded=0 eval_errors=0
2026-05-17 18:59:36 | WARNING  | ayumi.forward_test | [B5 Pipeline] 2 ticks received but 0 bars built — tick-to-bar conversion may be stalled
2026-05-17 18:59:37 | INFO     | ayumi.blend_launcher | [B5 Health] ticks=2 tps=3874.65 bars=0 signals=0 trades=0 balance=10000.00 uptime=1320s
2026-05-17 18:59:37 | WARNING  | ayumi.blend_launcher | [B5 Pipeline] Ticks received (2) but zero bars built — tick-to-bar pipeline may be stalled
2026-05-17 18:59:51 | INFO     | ayumi.forward_test | [B5 Periodic] ticks=2 bars_built=0 signals=0 traded=0 eval_errors=0
2026-05-17 18:59:51 | WARNING  | ayumi.forward_test | [B5 Pipeline] 2 ticks received but 0 bars built — tick-to-bar conversion may be stalled
2026-05-17 18:59:52 | INFO     | ayumi.blend_launcher | [B5 Health] ticks=2 tps=1950.84 bars=0 signals=0 trades=0 balance=10000.00 uptime=1380s
2026-05-17 18:59:52 | WARNING  | ayumi.blend_launcher | [B5 Pipeline] Ticks received (2) but zero bars built — tick-to-bar pipeline may be stalled
2026-05-17 19:00:36 | INFO     | ayumi.forward_test | [B5 Periodic] ticks=2 bars_built=0 signals=0 traded=0 eval_errors=0
2026-05-17 19:00:36 | WARNING  | ayumi.forward_test | [B5 Pipeline] 2 ticks received but 0 bars built — tick-to-bar conversion may be stalled
2026-05-17 19:00:37 | INFO     | ayumi.blend_launcher | [B5 Health] ticks=2 tps=3874.65 bars=0 signals=0 trades=0 balance=10000.00 uptime=1380s
2026-05-17 19:00:37 | WARNING  | ayumi.blend_launcher | [B5 Pipeline] Ticks received (2) but zero bars built — tick-to-bar pipeline may be stalled
2026-05-17 19:00:51 | INFO     | ayumi.forward_test | [B5 Periodic] ticks=2 bars_built=0 signals=0 traded=0 eval_errors=0
2026-05-17 19:00:51 | WARNING  | ayumi.forward_test | [B5 Pipeline] 2 ticks received but 0 bars built — tick-to-bar conversion may be stalled
2026-05-17 19:00:52 | INFO     | ayumi.blend_launcher | [B5 Health] ticks=2 tps=1950.84 bars=0 signals=0 trades=0 balance=10000.00 uptime=1440s
2026-05-17 19:00:52 | WARNING  | ayumi.blend_launcher | [B5 Pipeline] Ticks received (2) but zero bars built — tick-to-bar pipeline may be stalled
2026-05-17 19:01:36 | INFO     | ayumi.forward_test | [B5 Periodic] ticks=2 bars_built=0 signals=0 traded=0 eval_errors=0
2026-05-17 19:01:36 | WARNING  | ayumi.forward_test | [B5 Pipeline] 2 ticks received but 0 bars built — tick-to-bar conversion may be stalled
2026-05-17 19:01:37 | INFO     | ayumi.blend_launcher | [B5 Health] ticks=2 tps=3874.65 bars=0 signals=0 trades=0 balance=10000.00 uptime=1440s
2026-05-17 19:01:37 | WARNING  | ayumi.blend_launcher | [B5 Pipeline] Ticks received (2) but zero bars built — tick-to-bar pipeline may be stalled
2026-05-17 19:01:51 | INFO     | ayumi.forward_test | [B5 Periodic] ticks=2 bars_built=0 signals=0 traded=0 eval_errors=0
2026-05-17 19:01:51 | WARNING  | ayumi.forward_test | [B5 Pipeline] 2 ticks received but 0 bars built — tick-to-bar conversion may be stalled
2026-05-17 19:01:52 | INFO     | ayumi.blend_launcher | [B5 Health] ticks=2 tps=1950.84 bars=0 signals=0 trades=0 balance=10000.00 uptime=1500s
2026-05-17 19:01:52 | WARNING  | ayumi.blend_launcher | [B5 Pipeline] Ticks received (2) but zero bars built — tick-to-bar pipeline may be stalled
2026-05-17 19:02:36 | INFO     | ayumi.forward_test | [B5 Periodic] ticks=2 bars_built=0 signals=0 traded=0 eval_errors=0
2026-05-17 19:02:36 | WARNING  | ayumi.forward_test | [B5 Pipeline] 2 ticks received but 0 bars built — tick-to-bar conversion may be stalled
2026-05-17 19:02:37 | INFO     | ayumi.blend_launcher | [B5 Health] ticks=2 tps=3874.65 bars=0 signals=0 trades=0 balance=10000.00 uptime=1500s
2026-05-17 19:02:37 | WARNING  | ayumi.blend_launcher | [B5 Pipeline] Ticks received (2) but zero bars built — tick-to-bar pipeline may be stalled
2026-05-17 19:02:51 | INFO     | ayumi.forward_test | [B5 Periodic] ticks=2 bars_built=0 signals=0 traded=0 eval_errors=0
2026-05-17 19:02:51 | WARNING  | ayumi.forward_test | [B5 Pipeline] 2 ticks received but 0 bars built — tick-to-bar conversion may be stalled
2026-05-17 19:02:52 | INFO     | ayumi.blend_launcher | [B5 Health] ticks=2 tps=1950.84 bars=0 signals=0 trades=0 balance=10000.00 uptime=1560s
2026-05-17 19:02:52 | WARNING  | ayumi.blend_launcher | [B5 Pipeline] Ticks received (2) but zero bars built — tick-to-bar pipeline may be stalled
2026-05-17 19:03:36 | INFO     | ayumi.forward_test | [B5 Periodic] ticks=2 bars_built=0 signals=0 traded=0 eval_errors=0
2026-05-17 19:03:36 | WARNING  | ayumi.forward_test | [B5 Pipeline] 2 ticks received but 0 bars built — tick-to-bar conversion may be stalled
2026-05-17 19:03:37 | INFO     | ayumi.blend_launcher | [B5 Health] ticks=2 tps=3874.65 bars=0 signals=0 trades=0 balance=10000.00 uptime=1560s
2026-05-17 19:03:37 | WARNING  | ayumi.blend_launcher | [B5 Pipeline] Ticks received (2) but zero bars built — tick-to-bar pipeline may be stalled
2026-05-17 19:03:51 | INFO     | ayumi.forward_test | [B5 Periodic] ticks=2 bars_built=0 signals=0 traded=0 eval_errors=0
2026-05-17 19:03:51 | WARNING  | ayumi.forward_test | [B5 Pipeline] 2 ticks received but 0 bars built — tick-to-bar conversion may be stalled
2026-05-17 19:03:52 | INFO     | ayumi.blend_launcher | [B5 Health] ticks=2 tps=1950.84 bars=0 signals=0 trades=0 balance=10000.00 uptime=1620s
2026-05-17 19:03:52 | WARNING  | ayumi.blend_launcher | [B5 Pipeline] Ticks received (2) but zero bars built — tick-to-bar pipeline may be stalled
2026-05-17 19:04:36 | INFO     | ayumi.forward_test | [B5 Periodic] ticks=2 bars_built=0 signals=0 traded=0 eval_errors=0
2026-05-17 19:04:36 | WARNING  | ayumi.forward_test | [B5 Pipeline] 2 ticks received but 0 bars built — tick-to-bar conversion may be stalled
2026-05-17 19:04:37 | INFO     | ayumi.blend_launcher | [B5 Health] ticks=2 tps=3874.65 bars=0 signals=0 trades=0 balance=10000.00 uptime=1620s
2026-05-17 19:04:37 | WARNING  | ayumi.blend_launcher | [B5 Pipeline] Ticks received (2) but zero bars built — tick-to-bar pipeline may be stalled
2026-05-17 19:04:51 | INFO     | ayumi.forward_test | [B5 Periodic] ticks=2 bars_built=0 signals=0 traded=0 eval_errors=0
2026-05-17 19:04:51 | WARNING  | ayumi.forward_test | [B5 Pipeline] 2 ticks received but 0 bars built — tick-to-bar conversion may be stalled
2026-05-17 19:04:52 | INFO     | ayumi.blend_launcher | [B5 Health] ticks=2 tps=1950.84 bars=0 signals=0 trades=0 balance=10000.00 uptime=1680s
2026-05-17 19:04:52 | WARNING  | ayumi.blend_launcher | [B5 Pipeline] Ticks received (2) but zero bars built — tick-to-bar pipeline may be stalled
2026-05-17 19:05:36 | INFO     | ayumi.forward_test | [B5 Periodic] ticks=2 bars_built=0 signals=0 traded=0 eval_errors=0
2026-05-17 19:05:36 | WARNING  | ayumi.forward_test | [B5 Pipeline] 2 ticks received but 0 bars built — tick-to-bar conversion may be stalled
2026-05-17 19:05:37 | INFO     | ayumi.blend_launcher | [B5 Health] ticks=2 tps=3874.65 bars=0 signals=0 trades=0 balance=10000.00 uptime=1680s
2026-05-17 19:05:37 | WARNING  | ayumi.blend_launcher | [B5 Pipeline] Ticks received (2) but zero bars built — tick-to-bar pipeline may be stalled
2026-05-17 19:05:51 | INFO     | ayumi.forward_test | [B5 Periodic] ticks=2 bars_built=0 signals=0 traded=0 eval_errors=0
2026-05-17 19:05:51 | WARNING  | ayumi.forward_test | [B5 Pipeline] 2 ticks received but 0 bars built — tick-to-bar conversion may be stalled
2026-05-17 19:05:52 | INFO     | ayumi.blend_launcher | [B5 Health] ticks=2 tps=1950.84 bars=0 signals=0 trades=0 balance=10000.00 uptime=1740s
2026-05-17 19:05:52 | WARNING  | ayumi.blend_launcher | [B5 Pipeline] Ticks received (2) but zero bars built — tick-to-bar pipeline may be stalled
2026-05-17 19:06:36 | INFO     | ayumi.forward_test | [B5 Periodic] ticks=2 bars_built=0 signals=0 traded=0 eval_errors=0
2026-05-17 19:06:36 | WARNING  | ayumi.forward_test | [B5 Pipeline] 2 ticks received but 0 bars built — tick-to-bar conversion may be stalled
2026-05-17 19:06:37 | INFO     | ayumi.blend_launcher | [B5 Health] ticks=2 tps=3874.65 bars=0 signals=0 trades=0 balance=10000.00 uptime=1740s
2026-05-17 19:06:37 | WARNING  | ayumi.blend_launcher | [B5 Pipeline] Ticks received (2) but zero bars built — tick-to-bar pipeline may be stalled
2026-05-17 19:06:51 | INFO     | ayumi.forward_test | [B5 Periodic] ticks=2 bars_built=0 signals=0 traded=0 eval_errors=0
2026-05-17 19:06:51 | WARNING  | ayumi.forward_test | [B5 Pipeline] 2 ticks received but 0 bars built — tick-to-bar conversion may be stalled
2026-05-17 19:06:52 | INFO     | ayumi.blend_launcher | [B5 Health] ticks=2 tps=1950.84 bars=0 signals=0 trades=0 balance=10000.00 uptime=1800s
2026-05-17 19:06:52 | WARNING  | ayumi.blend_launcher | [B5 Pipeline] Ticks received (2) but zero bars built — tick-to-bar pipeline may be stalled
2026-05-17 19:07:36 | INFO     | ayumi.forward_test | [B5 Periodic] ticks=2 bars_built=0 signals=0 traded=0 eval_errors=0
2026-05-17 19:07:36 | WARNING  | ayumi.forward_test | [B5 Pipeline] 2 ticks received but 0 bars built — tick-to-bar conversion may be stalled
2026-05-17 19:07:37 | INFO     | ayumi.blend_launcher | [B5 Health] ticks=2 tps=3874.65 bars=0 signals=0 trades=0 balance=10000.00 uptime=1800s
2026-05-17 19:07:37 | WARNING  | ayumi.blend_launcher | [B5 Pipeline] Ticks received (2) but zero bars built — tick-to-bar pipeline may be stalled
2026-05-17 19:07:51 | INFO     | ayumi.forward_test | [B5 Periodic] ticks=2 bars_built=0 signals=0 traded=0 eval_errors=0
2026-05-17 19:07:51 | WARNING  | ayumi.forward_test | [B5 Pipeline] 2 ticks received but 0 bars built — tick-to-bar conversion may be stalled
2026-05-17 19:07:52 | INFO     | ayumi.blend_launcher | [B5 Health] ticks=2 tps=1950.84 bars=0 signals=0 trades=0 balance=10000.00 uptime=1860s
2026-05-17 19:07:52 | WARNING  | ayumi.blend_launcher | [B5 Pipeline] Ticks received (2) but zero bars built — tick-to-bar pipeline may be stalled
2026-05-17 19:08:36 | INFO     | ayumi.forward_test | [B5 Periodic] ticks=2 bars_built=0 signals=0 traded=0 eval_errors=0
2026-05-17 19:08:36 | WARNING  | ayumi.forward_test | [B5 Pipeline] 2 ticks received but 0 bars built — tick-to-bar conversion may be stalled
2026-05-17 19:08:37 | INFO     | ayumi.blend_launcher | [B5 Health] ticks=2 tps=3874.65 bars=0 signals=0 trades=0 balance=10000.00 uptime=1860s
2026-05-17 19:08:37 | WARNING  | ayumi.blend_launcher | [B5 Pipeline] Ticks received (2) but zero bars built — tick-to-bar pipeline may be stalled
2026-05-17 19:08:51 | INFO     | ayumi.forward_test | [B5 Periodic] ticks=2 bars_built=0 signals=0 traded=0 eval_errors=0
2026-05-17 19:08:51 | WARNING  | ayumi.forward_test | [B5 Pipeline] 2 ticks received but 0 bars built — tick-to-bar conversion may be stalled
2026-05-17 19:08:52 | INFO     | ayumi.blend_launcher | [B5 Health] ticks=2 tps=1950.84 bars=0 signals=0 trades=0 balance=10000.00 uptime=1920s
2026-05-17 19:08:52 | WARNING  | ayumi.blend_launcher | [B5 Pipeline] Ticks received (2) but zero bars built — tick-to-bar pipeline may be stalled
2026-05-17 19:09:36 | INFO     | ayumi.forward_test | [B5 Periodic] ticks=2 bars_built=0 signals=0 traded=0 eval_errors=0
2026-05-17 19:09:36 | WARNING  | ayumi.forward_test | [B5 Pipeline] 2 ticks received but 0 bars built — tick-to-bar conversion may be stalled
2026-05-17 19:09:37 | INFO     | ayumi.blend_launcher | [B5 Health] ticks=2 tps=3874.65 bars=0 signals=0 trades=0 balance=10000.00 uptime=1920s
2026-05-17 19:09:37 | WARNING  | ayumi.blend_launcher | [B5 Pipeline] Ticks received (2) but zero bars built — tick-to-bar pipeline may be stalled
2026-05-17 19:09:51 | INFO     | ayumi.forward_test | [B5 Periodic] ticks=2 bars_built=0 signals=0 traded=0 eval_errors=0
2026-05-17 19:09:51 | WARNING  | ayumi.forward_test | [B5 Pipeline] 2 ticks received but 0 bars built — tick-to-bar conversion may be stalled
2026-05-17 19:09:52 | INFO     | ayumi.blend_launcher | [B5 Health] ticks=2 tps=1950.84 bars=0 signals=0 trades=0 balance=10000.00 uptime=1980s
2026-05-17 19:09:52 | WARNING  | ayumi.blend_launcher | [B5 Pipeline] Ticks received (2) but zero bars built — tick-to-bar pipeline may be stalled
2026-05-17 19:10:36 | INFO     | ayumi.forward_test | [B5 Periodic] ticks=2 bars_built=0 signals=0 traded=0 eval_errors=0
2026-05-17 19:10:36 | WARNING  | ayumi.forward_test | [B5 Pipeline] 2 ticks received but 0 bars built — tick-to-bar conversion may be stalled
2026-05-17 19:10:37 | INFO     | ayumi.blend_launcher | [B5 Health] ticks=2 tps=3874.65 bars=0 signals=0 trades=0 balance=10000.00 uptime=1980s
2026-05-17 19:10:37 | WARNING  | ayumi.blend_launcher | [B5 Pipeline] Ticks received (2) but zero bars built — tick-to-bar pipeline may be stalled
2026-05-17 19:10:51 | INFO     | ayumi.forward_test | [B5 Periodic] ticks=2 bars_built=0 signals=0 traded=0 eval_errors=0
2026-05-17 19:10:51 | WARNING  | ayumi.forward_test | [B5 Pipeline] 2 ticks received but 0 bars built — tick-to-bar conversion may be stalled
2026-05-17 19:10:52 | INFO     | ayumi.blend_launcher | [B5 Health] ticks=2 tps=1950.84 bars=0 signals=0 trades=0 balance=10000.00 uptime=2040s
2026-05-17 19:10:52 | WARNING  | ayumi.blend_launcher | [B5 Pipeline] Ticks received (2) but zero bars built — tick-to-bar pipeline may be stalled
2026-05-17 19:11:36 | INFO     | ayumi.forward_test | [B5 Periodic] ticks=2 bars_built=0 signals=0 traded=0 eval_errors=0
2026-05-17 19:11:36 | WARNING  | ayumi.forward_test | [B5 Pipeline] 2 ticks received but 0 bars built — tick-to-bar conversion may be stalled
2026-05-17 19:11:37 | INFO     | ayumi.blend_launcher | [B5 Health] ticks=2 tps=3874.65 bars=0 signals=0 trades=0 balance=10000.00 uptime=2040s
2026-05-17 19:11:37 | WARNING  | ayumi.blend_launcher | [B5 Pipeline] Ticks received (2) but zero bars built — tick-to-bar pipeline may be stalled
2026-05-17 19:11:51 | INFO     | ayumi.forward_test | [B5 Periodic] ticks=2 bars_built=0 signals=0 traded=0 eval_errors=0
2026-05-17 19:11:51 | WARNING  | ayumi.forward_test | [B5 Pipeline] 2 ticks received but 0 bars built — tick-to-bar conversion may be stalled
2026-05-17 19:11:52 | INFO     | ayumi.blend_launcher | [B5 Health] ticks=2 tps=1950.84 bars=0 signals=0 trades=0 balance=10000.00 uptime=2100s
2026-05-17 19:11:52 | WARNING  | ayumi.blend_launcher | [B5 Pipeline] Ticks received (2) but zero bars built — tick-to-bar pipeline may be stalled
2026-05-17 19:12:36 | INFO     | ayumi.forward_test | [B5 Periodic] ticks=2 bars_built=0 signals=0 traded=0 eval_errors=0
2026-05-17 19:12:36 | WARNING  | ayumi.forward_test | [B5 Pipeline] 2 ticks received but 0 bars built — tick-to-bar conversion may be stalled
2026-05-17 19:12:37 | INFO     | ayumi.blend_launcher | [B5 Health] ticks=2 tps=3874.65 bars=0 signals=0 trades=0 balance=10000.00 uptime=2100s
2026-05-17 19:12:37 | WARNING  | ayumi.blend_launcher | [B5 Pipeline] Ticks received (2) but zero bars built — tick-to-bar pipeline may be stalled
2026-05-17 19:12:51 | INFO     | ayumi.forward_test | [B5 Periodic] ticks=2 bars_built=0 signals=0 traded=0 eval_errors=0
2026-05-17 19:12:51 | WARNING  | ayumi.forward_test | [B5 Pipeline] 2 ticks received but 0 bars built — tick-to-bar conversion may be stalled
2026-05-17 19:12:52 | INFO     | ayumi.blend_launcher | [B5 Health] ticks=2 tps=1950.84 bars=0 signals=0 trades=0 balance=10000.00 uptime=2160s
2026-05-17 19:12:52 | WARNING  | ayumi.blend_launcher | [B5 Pipeline] Ticks received (2) but zero bars built — tick-to-bar pipeline may be stalled
2026-05-17 19:13:36 | INFO     | ayumi.forward_test | [B5 Periodic] ticks=2 bars_built=0 signals=0 traded=0 eval_errors=0
2026-05-17 19:13:36 | WARNING  | ayumi.forward_test | [B5 Pipeline] 2 ticks received but 0 bars built — tick-to-bar conversion may be stalled
2026-05-17 19:13:37 | INFO     | ayumi.blend_launcher | [B5 Health] ticks=2 tps=3874.65 bars=0 signals=0 trades=0 balance=10000.00 uptime=2160s
2026-05-17 19:13:37 | WARNING  | ayumi.blend_launcher | [B5 Pipeline] Ticks received (2) but zero bars built — tick-to-bar pipeline may be stalled
2026-05-17 19:13:51 | INFO     | ayumi.forward_test | [B5 Periodic] ticks=2 bars_built=0 signals=0 traded=0 eval_errors=0
2026-05-17 19:13:51 | WARNING  | ayumi.forward_test | [B5 Pipeline] 2 ticks received but 0 bars built — tick-to-bar conversion may be stalled
2026-05-17 19:13:52 | INFO     | ayumi.blend_launcher | [B5 Health] ticks=2 tps=1950.84 bars=0 signals=0 trades=0 balance=10000.00 uptime=2220s
2026-05-17 19:13:52 | WARNING  | ayumi.blend_launcher | [B5 Pipeline] Ticks received (2) but zero bars built — tick-to-bar pipeline may be stalled
2026-05-17 19:14:36 | INFO     | ayumi.forward_test | [B5 Periodic] ticks=2 bars_built=0 signals=0 traded=0 eval_errors=0
2026-05-17 19:14:36 | WARNING  | ayumi.forward_test | [B5 Pipeline] 2 ticks received but 0 bars built — tick-to-bar conversion may be stalled
2026-05-17 19:14:37 | INFO     | ayumi.blend_launcher | [B5 Health] ticks=2 tps=3874.65 bars=0 signals=0 trades=0 balance=10000.00 uptime=2220s
2026-05-17 19:14:37 | WARNING  | ayumi.blend_launcher | [B5 Pipeline] Ticks received (2) but zero bars built — tick-to-bar pipeline may be stalled
2026-05-17 19:14:51 | INFO     | ayumi.forward_test | [B5 Periodic] ticks=2 bars_built=0 signals=0 traded=0 eval_errors=0
2026-05-17 19:14:51 | WARNING  | ayumi.forward_test | [B5 Pipeline] 2 ticks received but 0 bars built — tick-to-bar conversion may be stalled
2026-05-17 19:14:52 | INFO     | ayumi.blend_launcher | [B5 Health] ticks=2 tps=1950.84 bars=0 signals=0 trades=0 balance=10000.00 uptime=2280s
2026-05-17 19:14:52 | WARNING  | ayumi.blend_launcher | [B5 Pipeline] Ticks received (2) but zero bars built — tick-to-bar pipeline may be stalled
2026-05-17 19:15:36 | INFO     | ayumi.forward_test | [B5 Periodic] ticks=2 bars_built=0 signals=0 traded=0 eval_errors=0
2026-05-17 19:15:36 | WARNING  | ayumi.forward_test | [B5 Pipeline] 2 ticks received but 0 bars built — tick-to-bar conversion may be stalled
2026-05-17 19:15:37 | INFO     | ayumi.blend_launcher | [B5 Health] ticks=2 tps=3874.65 bars=0 signals=0 trades=0 balance=10000.00 uptime=2280s
2026-05-17 19:15:37 | WARNING  | ayumi.blend_launcher | [B5 Pipeline] Ticks received (2) but zero bars built — tick-to-bar pipeline may be stalled
2026-05-17 19:15:51 | INFO     | ayumi.forward_test | [B5 Periodic] ticks=2 bars_built=0 signals=0 traded=0 eval_errors=0
2026-05-17 19:15:51 | WARNING  | ayumi.forward_test | [B5 Pipeline] 2 ticks received but 0 bars built — tick-to-bar conversion may be stalled
2026-05-17 19:15:52 | INFO     | ayumi.blend_launcher | [B5 Health] ticks=2 tps=1950.84 bars=0 signals=0 trades=0 balance=10000.00 uptime=2340s
2026-05-17 19:15:52 | WARNING  | ayumi.blend_launcher | [B5 Pipeline] Ticks received (2) but zero bars built — tick-to-bar pipeline may be stalled
2026-05-17 19:16:36 | INFO     | ayumi.forward_test | [B5 Periodic] ticks=2 bars_built=0 signals=0 traded=0 eval_errors=0
2026-05-17 19:16:36 | WARNING  | ayumi.forward_test | [B5 Pipeline] 2 ticks received but 0 bars built — tick-to-bar conversion may be stalled
2026-05-17 19:16:37 | INFO     | ayumi.blend_launcher | [B5 Health] ticks=2 tps=3874.65 bars=0 signals=0 trades=0 balance=10000.00 uptime=2340s
2026-05-17 19:16:37 | WARNING  | ayumi.blend_launcher | [B5 Pipeline] Ticks received (2) but zero bars built — tick-to-bar pipeline may be stalled
2026-05-17 19:16:51 | INFO     | ayumi.forward_test | [B5 Periodic] ticks=2 bars_built=0 signals=0 traded=0 eval_errors=0
2026-05-17 19:16:51 | WARNING  | ayumi.forward_test | [B5 Pipeline] 2 ticks received but 0 bars built — tick-to-bar conversion may be stalled
2026-05-17 19:16:52 | INFO     | ayumi.blend_launcher | [B5 Health] ticks=2 tps=1950.84 bars=0 signals=0 trades=0 balance=10000.00 uptime=2400s
2026-05-17 19:16:52 | WARNING  | ayumi.blend_launcher | [B5 Pipeline] Ticks received (2) but zero bars built — tick-to-bar pipeline may be stalled
2026-05-17 19:17:36 | INFO     | ayumi.forward_test | [B5 Periodic] ticks=2 bars_built=0 signals=0 traded=0 eval_errors=0
2026-05-17 19:17:36 | WARNING  | ayumi.forward_test | [B5 Pipeline] 2 ticks received but 0 bars built — tick-to-bar conversion may be stalled
2026-05-17 19:17:37 | INFO     | ayumi.blend_launcher | [B5 Health] ticks=2 tps=3874.65 bars=0 signals=0 trades=0 balance=10000.00 uptime=2400s
2026-05-17 19:17:37 | WARNING  | ayumi.blend_launcher | [B5 Pipeline] Ticks received (2) but zero bars built — tick-to-bar pipeline may be stalled
2026-05-17 19:17:51 | INFO     | ayumi.forward_test | [B5 Periodic] ticks=2 bars_built=0 signals=0 traded=0 eval_errors=0
2026-05-17 19:17:51 | WARNING  | ayumi.forward_test | [B5 Pipeline] 2 ticks received but 0 bars built — tick-to-bar conversion may be stalled
2026-05-17 19:17:52 | INFO     | ayumi.blend_launcher | [B5 Health] ticks=2 tps=1950.84 bars=0 signals=0 trades=0 balance=10000.00 uptime=2460s
2026-05-17 19:17:52 | WARNING  | ayumi.blend_launcher | [B5 Pipeline] Ticks received (2) but zero bars built — tick-to-bar pipeline may be stalled
2026-05-17 19:18:36 | INFO     | ayumi.forward_test | [B5 Periodic] ticks=2 bars_built=0 signals=0 traded=0 eval_errors=0
2026-05-17 19:18:36 | WARNING  | ayumi.forward_test | [B5 Pipeline] 2 ticks received but 0 bars built — tick-to-bar conversion may be stalled
2026-05-17 19:18:37 | INFO     | ayumi.blend_launcher | [B5 Health] ticks=2 tps=3874.65 bars=0 signals=0 trades=0 balance=10000.00 uptime=2460s
2026-05-17 19:18:37 | WARNING  | ayumi.blend_launcher | [B5 Pipeline] Ticks received (2) but zero bars built — tick-to-bar pipeline may be stalled
2026-05-17 19:18:51 | INFO     | ayumi.forward_test | [B5 Periodic] ticks=2 bars_built=0 signals=0 traded=0 eval_errors=0
2026-05-17 19:18:51 | WARNING  | ayumi.forward_test | [B5 Pipeline] 2 ticks received but 0 bars built — tick-to-bar conversion may be stalled
2026-05-17 19:18:52 | INFO     | ayumi.blend_launcher | [B5 Health] ticks=2 tps=1950.84 bars=0 signals=0 trades=0 balance=10000.00 uptime=2520s
2026-05-17 19:18:52 | WARNING  | ayumi.blend_launcher | [B5 Pipeline] Ticks received (2) but zero bars built — tick-to-bar pipeline may be stalled
2026-05-17 19:19:36 | INFO     | ayumi.forward_test | [B5 Periodic] ticks=2 bars_built=0 signals=0 traded=0 eval_errors=0
2026-05-17 19:19:36 | WARNING  | ayumi.forward_test | [B5 Pipeline] 2 ticks received but 0 bars built — tick-to-bar conversion may be stalled
2026-05-17 19:19:37 | INFO     | ayumi.blend_launcher | [B5 Health] ticks=2 tps=3874.65 bars=0 signals=0 trades=0 balance=10000.00 uptime=2520s
2026-05-17 19:19:37 | WARNING  | ayumi.blend_launcher | [B5 Pipeline] Ticks received (2) but zero bars built — tick-to-bar pipeline may be stalled
2026-05-17 19:19:51 | INFO     | ayumi.forward_test | [B5 Periodic] ticks=2 bars_built=0 signals=0 traded=0 eval_errors=0
2026-05-17 19:19:51 | WARNING  | ayumi.forward_test | [B5 Pipeline] 2 ticks received but 0 bars built — tick-to-bar conversion may be stalled
2026-05-17 19:19:52 | INFO     | ayumi.blend_launcher | [B5 Health] ticks=2 tps=1950.84 bars=0 signals=0 trades=0 balance=10000.00 uptime=2580s
2026-05-17 19:19:52 | WARNING  | ayumi.blend_launcher | [B5 Pipeline] Ticks received (2) but zero bars built — tick-to-bar pipeline may be stalled
2026-05-17 19:20:36 | INFO     | ayumi.forward_test | [B5 Periodic] ticks=2 bars_built=0 signals=0 traded=0 eval_errors=0
2026-05-17 19:20:36 | WARNING  | ayumi.forward_test | [B5 Pipeline] 2 ticks received but 0 bars built — tick-to-bar conversion may be stalled
2026-05-17 19:20:37 | INFO     | ayumi.blend_launcher | [B5 Health] ticks=2 tps=3874.65 bars=0 signals=0 trades=0 balance=10000.00 uptime=2580s
2026-05-17 19:20:37 | WARNING  | ayumi.blend_launcher | [B5 Pipeline] Ticks received (2) but zero bars built — tick-to-bar pipeline may be stalled
2026-05-17 19:20:51 | INFO     | ayumi.forward_test | [B5 Periodic] ticks=2 bars_built=0 signals=0 traded=0 eval_errors=0
2026-05-17 19:20:51 | WARNING  | ayumi.forward_test | [B5 Pipeline] 2 ticks received but 0 bars built — tick-to-bar conversion may be stalled
2026-05-17 19:20:52 | INFO     | ayumi.blend_launcher | [B5 Health] ticks=2 tps=1950.84 bars=0 signals=0 trades=0 balance=10000.00 uptime=2640s
2026-05-17 19:20:52 | WARNING  | ayumi.blend_launcher | [B5 Pipeline] Ticks received (2) but zero bars built — tick-to-bar pipeline may be stalled
2026-05-17 19:21:36 | INFO     | ayumi.forward_test | [B5 Periodic] ticks=2 bars_built=0 signals=0 traded=0 eval_errors=0
2026-05-17 19:21:36 | WARNING  | ayumi.forward_test | [B5 Pipeline] 2 ticks received but 0 bars built — tick-to-bar conversion may be stalled
2026-05-17 19:21:37 | INFO     | ayumi.blend_launcher | [B5 Health] ticks=2 tps=3874.65 bars=0 signals=0 trades=0 balance=10000.00 uptime=2640s
2026-05-17 19:21:37 | WARNING  | ayumi.blend_launcher | [B5 Pipeline] Ticks received (2) but zero bars built — tick-to-bar pipeline may be stalled
2026-05-17 19:21:51 | INFO     | ayumi.forward_test | [B5 Periodic] ticks=2 bars_built=0 signals=0 traded=0 eval_errors=0
2026-05-17 19:21:51 | WARNING  | ayumi.forward_test | [B5 Pipeline] 2 ticks received but 0 bars built — tick-to-bar conversion may be stalled
2026-05-17 19:21:52 | INFO     | ayumi.blend_launcher | [B5 Health] ticks=2 tps=1950.84 bars=0 signals=0 trades=0 balance=10000.00 uptime=2700s
2026-05-17 19:21:52 | WARNING  | ayumi.blend_launcher | [B5 Pipeline] Ticks received (2) but zero bars built — tick-to-bar pipeline may be stalled
2026-05-17 19:22:36 | INFO     | ayumi.forward_test | [B5 Periodic] ticks=2 bars_built=0 signals=0 traded=0 eval_errors=0
2026-05-17 19:22:36 | WARNING  | ayumi.forward_test | [B5 Pipeline] 2 ticks received but 0 bars built — tick-to-bar conversion may be stalled
2026-05-17 19:22:37 | INFO     | ayumi.blend_launcher | [B5 Health] ticks=2 tps=3874.65 bars=0 signals=0 trades=0 balance=10000.00 uptime=2700s
2026-05-17 19:22:37 | WARNING  | ayumi.blend_launcher | [B5 Pipeline] Ticks received (2) but zero bars built — tick-to-bar pipeline may be stalled
2026-05-17 19:22:51 | INFO     | ayumi.forward_test | [B5 Periodic] ticks=2 bars_built=0 signals=0 traded=0 eval_errors=0
2026-05-17 19:22:51 | WARNING  | ayumi.forward_test | [B5 Pipeline] 2 ticks received but 0 bars built — tick-to-bar conversion may be stalled
2026-05-17 19:22:52 | INFO     | ayumi.blend_launcher | [B5 Health] ticks=2 tps=1950.84 bars=0 signals=0 trades=0 balance=10000.00 uptime=2760s
2026-05-17 19:22:52 | WARNING  | ayumi.blend_launcher | [B5 Pipeline] Ticks received (2) but zero bars built — tick-to-bar pipeline may be stalled
2026-05-17 19:23:36 | INFO     | ayumi.forward_test | [B5 Periodic] ticks=2 bars_built=0 signals=0 traded=0 eval_errors=0
2026-05-17 19:23:36 | WARNING  | ayumi.forward_test | [B5 Pipeline] 2 ticks received but 0 bars built — tick-to-bar conversion may be stalled
2026-05-17 19:23:37 | INFO     | ayumi.blend_launcher | [B5 Health] ticks=2 tps=3874.65 bars=0 signals=0 trades=0 balance=10000.00 uptime=2760s
2026-05-17 19:23:37 | WARNING  | ayumi.blend_launcher | [B5 Pipeline] Ticks received (2) but zero bars built — tick-to-bar pipeline may be stalled
2026-05-17 19:23:51 | INFO     | ayumi.forward_test | [B5 Periodic] ticks=2 bars_built=0 signals=0 traded=0 eval_errors=0
2026-05-17 19:23:51 | WARNING  | ayumi.forward_test | [B5 Pipeline] 2 ticks received but 0 bars built — tick-to-bar conversion may be stalled
2026-05-17 19:23:52 | INFO     | ayumi.blend_launcher | [B5 Health] ticks=2 tps=1950.84 bars=0 signals=0 trades=0 balance=10000.00 uptime=2820s
2026-05-17 19:23:52 | WARNING  | ayumi.blend_launcher | [B5 Pipeline] Ticks received (2) but zero bars built — tick-to-bar pipeline may be stalled
2026-05-17 19:24:36 | INFO     | ayumi.forward_test | [B5 Periodic] ticks=2 bars_built=0 signals=0 traded=0 eval_errors=0
2026-05-17 19:24:36 | WARNING  | ayumi.forward_test | [B5 Pipeline] 2 ticks received but 0 bars built — tick-to-bar conversion may be stalled
2026-05-17 19:24:37 | INFO     | ayumi.blend_launcher | [B5 Health] ticks=2 tps=3874.65 bars=0 signals=0 trades=0 balance=10000.00 uptime=2820s
2026-05-17 19:24:37 | WARNING  | ayumi.blend_launcher | [B5 Pipeline] Ticks received (2) but zero bars built — tick-to-bar pipeline may be stalled
2026-05-17 19:24:51 | INFO     | ayumi.forward_test | [B5 Periodic] ticks=2 bars_built=0 signals=0 traded=0 eval_errors=0
2026-05-17 19:24:51 | WARNING  | ayumi.forward_test | [B5 Pipeline] 2 ticks received but 0 bars built — tick-to-bar conversion may be stalled
2026-05-17 19:24:52 | INFO     | ayumi.blend_launcher | [B5 Health] ticks=2 tps=1950.84 bars=0 signals=0 trades=0 balance=10000.00 uptime=2880s
2026-05-17 19:24:52 | WARNING  | ayumi.blend_launcher | [B5 Pipeline] Ticks received (2) but zero bars built — tick-to-bar pipeline may be stalled
2026-05-17 19:25:36 | INFO     | ayumi.forward_test | [B5 Periodic] ticks=2 bars_built=0 signals=0 traded=0 eval_errors=0
2026-05-17 19:25:36 | WARNING  | ayumi.forward_test | [B5 Pipeline] 2 ticks received but 0 bars built — tick-to-bar conversion may be stalled
2026-05-17 19:25:37 | INFO     | ayumi.blend_launcher | [B5 Health] ticks=2 tps=3874.65 bars=0 signals=0 trades=0 balance=10000.00 uptime=2880s
2026-05-17 19:25:37 | WARNING  | ayumi.blend_launcher | [B5 Pipeline] Ticks received (2) but zero bars built — tick-to-bar pipeline may be stalled
2026-05-17 19:25:51 | INFO     | ayumi.forward_test | [B5 Periodic] ticks=2 bars_built=0 signals=0 traded=0 eval_errors=0
2026-05-17 19:25:51 | WARNING  | ayumi.forward_test | [B5 Pipeline] 2 ticks received but 0 bars built — tick-to-bar conversion may be stalled
2026-05-17 19:25:52 | INFO     | ayumi.blend_launcher | [B5 Health] ticks=2 tps=1950.84 bars=0 signals=0 trades=0 balance=10000.00 uptime=2940s
2026-05-17 19:25:52 | WARNING  | ayumi.blend_launcher | [B5 Pipeline] Ticks received (2) but zero bars built — tick-to-bar pipeline may be stalled
2026-05-17 19:26:36 | INFO     | ayumi.forward_test | [B5 Periodic] ticks=2 bars_built=0 signals=0 traded=0 eval_errors=0
2026-05-17 19:26:36 | WARNING  | ayumi.forward_test | [B5 Pipeline] 2 ticks received but 0 bars built — tick-to-bar conversion may be stalled
2026-05-17 19:26:37 | INFO     | ayumi.blend_launcher | [B5 Health] ticks=2 tps=3874.65 bars=0 signals=0 trades=0 balance=10000.00 uptime=2940s
2026-05-17 19:26:37 | WARNING  | ayumi.blend_launcher | [B5 Pipeline] Ticks received (2) but zero bars built — tick-to-bar pipeline may be stalled
2026-05-17 19:26:51 | INFO     | ayumi.forward_test | [B5 Periodic] ticks=2 bars_built=0 signals=0 traded=0 eval_errors=0
2026-05-17 19:26:51 | WARNING  | ayumi.forward_test | [B5 Pipeline] 2 ticks received but 0 bars built — tick-to-bar conversion may be stalled
2026-05-17 19:26:52 | INFO     | ayumi.blend_launcher | [B5 Health] ticks=2 tps=1950.84 bars=0 signals=0 trades=0 balance=10000.00 uptime=3000s
2026-05-17 19:26:52 | WARNING  | ayumi.blend_launcher | [B5 Pipeline] Ticks received (2) but zero bars built — tick-to-bar pipeline may be stalled
2026-05-17 19:27:36 | INFO     | ayumi.forward_test | [B5 Periodic] ticks=2 bars_built=0 signals=0 traded=0 eval_errors=0
2026-05-17 19:27:36 | WARNING  | ayumi.forward_test | [B5 Pipeline] 2 ticks received but 0 bars built — tick-to-bar conversion may be stalled
2026-05-17 19:27:37 | INFO     | ayumi.blend_launcher | [B5 Health] ticks=2 tps=3874.65 bars=0 signals=0 trades=0 balance=10000.00 uptime=3000s
2026-05-17 19:27:37 | WARNING  | ayumi.blend_launcher | [B5 Pipeline] Ticks received (2) but zero bars built — tick-to-bar pipeline may be stalled
2026-05-17 19:27:52 | INFO     | ayumi.forward_test | [B5 Periodic] ticks=2 bars_built=0 signals=0 traded=0 eval_errors=0
2026-05-17 19:27:52 | WARNING  | ayumi.forward_test | [B5 Pipeline] 2 ticks received but 0 bars built — tick-to-bar conversion may be stalled
2026-05-17 19:27:52 | INFO     | ayumi.blend_launcher | [B5 Health] ticks=2 tps=1950.84 bars=0 signals=0 trades=0 balance=10000.00 uptime=3060s
2026-05-17 19:27:52 | WARNING  | ayumi.blend_launcher | [B5 Pipeline] Ticks received (2) but zero bars built — tick-to-bar pipeline may be stalled
2026-05-17 19:28:36 | INFO     | ayumi.forward_test | [B5 Periodic] ticks=2 bars_built=0 signals=0 traded=0 eval_errors=0
2026-05-17 19:28:36 | WARNING  | ayumi.forward_test | [B5 Pipeline] 2 ticks received but 0 bars built — tick-to-bar conversion may be stalled
2026-05-17 19:28:37 | INFO     | ayumi.blend_launcher | [B5 Health] ticks=2 tps=3874.65 bars=0 signals=0 trades=0 balance=10000.00 uptime=3060s
2026-05-17 19:28:37 | WARNING  | ayumi.blend_launcher | [B5 Pipeline] Ticks received (2) but zero bars built — tick-to-bar pipeline may be stalled
2026-05-17 19:28:52 | INFO     | ayumi.forward_test | [B5 Periodic] ticks=2 bars_built=0 signals=0 traded=0 eval_errors=0
2026-05-17 19:28:52 | WARNING  | ayumi.forward_test | [B5 Pipeline] 2 ticks received but 0 bars built — tick-to-bar conversion may be stalled
2026-05-17 19:28:52 | INFO     | ayumi.blend_launcher | [B5 Health] ticks=2 tps=1950.84 bars=0 signals=0 trades=0 balance=10000.00 uptime=3120s
2026-05-17 19:28:52 | WARNING  | ayumi.blend_launcher | [B5 Pipeline] Ticks received (2) but zero bars built — tick-to-bar pipeline may be stalled
2026-05-17 19:29:36 | INFO     | ayumi.forward_test | [B5 Periodic] ticks=2 bars_built=0 signals=0 traded=0 eval_errors=0
2026-05-17 19:29:36 | WARNING  | ayumi.forward_test | [B5 Pipeline] 2 ticks received but 0 bars built — tick-to-bar conversion may be stalled
2026-05-17 19:29:37 | INFO     | ayumi.blend_launcher | [B5 Health] ticks=2 tps=3874.65 bars=0 signals=0 trades=0 balance=10000.00 uptime=3120s
2026-05-17 19:29:37 | WARNING  | ayumi.blend_launcher | [B5 Pipeline] Ticks received (2) but zero bars built — tick-to-bar pipeline may be stalled
2026-05-17 19:29:52 | INFO     | ayumi.forward_test | [B5 Periodic] ticks=2 bars_built=0 signals=0 traded=0 eval_errors=0
2026-05-17 19:29:52 | WARNING  | ayumi.forward_test | [B5 Pipeline] 2 ticks received but 0 bars built — tick-to-bar conversion may be stalled
2026-05-17 19:29:52 | INFO     | ayumi.blend_launcher | [B5 Health] ticks=2 tps=1950.84 bars=0 signals=0 trades=0 balance=10000.00 uptime=3180s
2026-05-17 19:29:52 | WARNING  | ayumi.blend_launcher | [B5 Pipeline] Ticks received (2) but zero bars built — tick-to-bar pipeline may be stalled
2026-05-17 19:30:36 | INFO     | ayumi.forward_test | [B5 Periodic] ticks=2 bars_built=0 signals=0 traded=0 eval_errors=0
2026-05-17 19:30:36 | WARNING  | ayumi.forward_test | [B5 Pipeline] 2 ticks received but 0 bars built — tick-to-bar conversion may be stalled
2026-05-17 19:30:37 | INFO     | ayumi.blend_launcher | [B5 Health] ticks=2 tps=3874.65 bars=0 signals=0 trades=0 balance=10000.00 uptime=3180s
2026-05-17 19:30:37 | WARNING  | ayumi.blend_launcher | [B5 Pipeline] Ticks received (2) but zero bars built — tick-to-bar pipeline may be stalled
2026-05-17 19:30:52 | INFO     | ayumi.forward_test | [B5 Periodic] ticks=2 bars_built=0 signals=0 traded=0 eval_errors=0
2026-05-17 19:30:52 | WARNING  | ayumi.forward_test | [B5 Pipeline] 2 ticks received but 0 bars built — tick-to-bar conversion may be stalled
2026-05-17 19:30:52 | INFO     | ayumi.blend_launcher | [B5 Health] ticks=2 tps=1950.84 bars=0 signals=0 trades=0 balance=10000.00 uptime=3240s
2026-05-17 19:30:52 | WARNING  | ayumi.blend_launcher | [B5 Pipeline] Ticks received (2) but zero bars built — tick-to-bar pipeline may be stalled
2026-05-17 19:31:36 | INFO     | ayumi.forward_test | [B5 Periodic] ticks=2 bars_built=0 signals=0 traded=0 eval_errors=0
2026-05-17 19:31:36 | WARNING  | ayumi.forward_test | [B5 Pipeline] 2 ticks received but 0 bars built — tick-to-bar conversion may be stalled
2026-05-17 19:31:37 | INFO     | ayumi.blend_launcher | [B5 Health] ticks=2 tps=3874.65 bars=0 signals=0 trades=0 balance=10000.00 uptime=3240s
2026-05-17 19:31:37 | WARNING  | ayumi.blend_launcher | [B5 Pipeline] Ticks received (2) but zero bars built — tick-to-bar pipeline may be stalled
2026-05-17 19:31:52 | INFO     | ayumi.forward_test | [B5 Periodic] ticks=2 bars_built=0 signals=0 traded=0 eval_errors=0
2026-05-17 19:31:52 | WARNING  | ayumi.forward_test | [B5 Pipeline] 2 ticks received but 0 bars built — tick-to-bar conversion may be stalled
2026-05-17 19:31:52 | INFO     | ayumi.blend_launcher | [B5 Health] ticks=2 tps=1950.84 bars=0 signals=0 trades=0 balance=10000.00 uptime=3300s
2026-05-17 19:31:52 | WARNING  | ayumi.blend_launcher | [B5 Pipeline] Ticks received (2) but zero bars built — tick-to-bar pipeline may be stalled
2026-05-17 19:32:36 | INFO     | ayumi.forward_test | [B5 Periodic] ticks=2 bars_built=0 signals=0 traded=0 eval_errors=0
2026-05-17 19:32:36 | WARNING  | ayumi.forward_test | [B5 Pipeline] 2 ticks received but 0 bars built — tick-to-bar conversion may be stalled
2026-05-17 19:32:37 | INFO     | ayumi.blend_launcher | [B5 Health] ticks=2 tps=3874.65 bars=0 signals=0 trades=0 balance=10000.00 uptime=3300s
2026-05-17 19:32:37 | WARNING  | ayumi.blend_launcher | [B5 Pipeline] Ticks received (2) but zero bars built — tick-to-bar pipeline may be stalled
2026-05-17 19:32:52 | INFO     | ayumi.forward_test | [B5 Periodic] ticks=2 bars_built=0 signals=0 traded=0 eval_errors=0
2026-05-17 19:32:52 | WARNING  | ayumi.forward_test | [B5 Pipeline] 2 ticks received but 0 bars built — tick-to-bar conversion may be stalled
2026-05-17 19:32:52 | INFO     | ayumi.blend_launcher | [B5 Health] ticks=2 tps=1950.84 bars=0 signals=0 trades=0 balance=10000.00 uptime=3360s
2026-05-17 19:32:52 | WARNING  | ayumi.blend_launcher | [B5 Pipeline] Ticks received (2) but zero bars built — tick-to-bar pipeline may be stalled
2026-05-17 19:33:36 | INFO     | ayumi.forward_test | [B5 Periodic] ticks=2 bars_built=0 signals=0 traded=0 eval_errors=0
2026-05-17 19:33:36 | WARNING  | ayumi.forward_test | [B5 Pipeline] 2 ticks received but 0 bars built — tick-to-bar conversion may be stalled
2026-05-17 19:33:37 | INFO     | ayumi.blend_launcher | [B5 Health] ticks=2 tps=3874.65 bars=0 signals=0 trades=0 balance=10000.00 uptime=3360s
2026-05-17 19:33:37 | WARNING  | ayumi.blend_launcher | [B5 Pipeline] Ticks received (2) but zero bars built — tick-to-bar pipeline may be stalled
2026-05-17 19:33:52 | INFO     | ayumi.forward_test | [B5 Periodic] ticks=2 bars_built=0 signals=0 traded=0 eval_errors=0
2026-05-17 19:33:52 | WARNING  | ayumi.forward_test | [B5 Pipeline] 2 ticks received but 0 bars built — tick-to-bar conversion may be stalled
2026-05-17 19:33:52 | INFO     | ayumi.blend_launcher | [B5 Health] ticks=2 tps=1950.84 bars=0 signals=0 trades=0 balance=10000.00 uptime=3420s
2026-05-17 19:33:52 | WARNING  | ayumi.blend_launcher | [B5 Pipeline] Ticks received (2) but zero bars built — tick-to-bar pipeline may be stalled
2026-05-17 19:34:36 | INFO     | ayumi.forward_test | [B5 Periodic] ticks=2 bars_built=0 signals=0 traded=0 eval_errors=0
2026-05-17 19:34:36 | WARNING  | ayumi.forward_test | [B5 Pipeline] 2 ticks received but 0 bars built — tick-to-bar conversion may be stalled
2026-05-17 19:34:37 | INFO     | ayumi.blend_launcher | [B5 Health] ticks=2 tps=3874.65 bars=0 signals=0 trades=0 balance=10000.00 uptime=3420s
2026-05-17 19:34:37 | WARNING  | ayumi.blend_launcher | [B5 Pipeline] Ticks received (2) but zero bars built — tick-to-bar pipeline may be stalled
2026-05-17 19:34:52 | INFO     | ayumi.forward_test | [B5 Periodic] ticks=2 bars_built=0 signals=0 traded=0 eval_errors=0
2026-05-17 19:34:52 | WARNING  | ayumi.forward_test | [B5 Pipeline] 2 ticks received but 0 bars built — tick-to-bar conversion may be stalled
2026-05-17 19:34:52 | INFO     | ayumi.blend_launcher | [B5 Health] ticks=2 tps=1950.84 bars=0 signals=0 trades=0 balance=10000.00 uptime=3480s
2026-05-17 19:34:52 | WARNING  | ayumi.blend_launcher | [B5 Pipeline] Ticks received (2) but zero bars built — tick-to-bar pipeline may be stalled
2026-05-17 19:35:36 | INFO     | ayumi.forward_test | [B5 Periodic] ticks=2 bars_built=0 signals=0 traded=0 eval_errors=0
2026-05-17 19:35:36 | WARNING  | ayumi.forward_test | [B5 Pipeline] 2 ticks received but 0 bars built — tick-to-bar conversion may be stalled
2026-05-17 19:35:37 | INFO     | ayumi.blend_launcher | [B5 Health] ticks=2 tps=3874.65 bars=0 signals=0 trades=0 balance=10000.00 uptime=3480s
2026-05-17 19:35:37 | WARNING  | ayumi.blend_launcher | [B5 Pipeline] Ticks received (2) but zero bars built — tick-to-bar pipeline may be stalled
2026-05-17 19:35:52 | INFO     | ayumi.forward_test | [B5 Periodic] ticks=2 bars_built=0 signals=0 traded=0 eval_errors=0
2026-05-17 19:35:52 | WARNING  | ayumi.forward_test | [B5 Pipeline] 2 ticks received but 0 bars built — tick-to-bar conversion may be stalled
2026-05-17 19:35:52 | INFO     | ayumi.blend_launcher | [B5 Health] ticks=2 tps=1950.84 bars=0 signals=0 trades=0 balance=10000.00 uptime=3540s
2026-05-17 19:35:52 | WARNING  | ayumi.blend_launcher | [B5 Pipeline] Ticks received (2) but zero bars built — tick-to-bar pipeline may be stalled
2026-05-17 19:36:36 | INFO     | ayumi.forward_test | [B5 Periodic] ticks=2 bars_built=0 signals=0 traded=0 eval_errors=0
2026-05-17 19:36:36 | WARNING  | ayumi.forward_test | [B5 Pipeline] 2 ticks received but 0 bars built — tick-to-bar conversion may be stalled
2026-05-17 19:36:37 | INFO     | ayumi.blend_launcher | [B5 Health] ticks=2 tps=3874.65 bars=0 signals=0 trades=0 balance=10000.00 uptime=3540s
2026-05-17 19:36:37 | WARNING  | ayumi.blend_launcher | [B5 Pipeline] Ticks received (2) but zero bars built — tick-to-bar pipeline may be stalled
2026-05-17 19:36:52 | INFO     | ayumi.forward_test | [B5 Periodic] ticks=2 bars_built=0 signals=0 traded=0 eval_errors=0
2026-05-17 19:36:52 | WARNING  | ayumi.forward_test | [B5 Pipeline] 2 ticks received but 0 bars built — tick-to-bar conversion may be stalled
2026-05-17 19:36:52 | INFO     | ayumi.blend_launcher | [B5 Health] ticks=2 tps=1950.84 bars=0 signals=0 trades=0 balance=10000.00 uptime=3600s
2026-05-17 19:36:52 | WARNING  | ayumi.blend_launcher | [B5 Pipeline] Ticks received (2) but zero bars built — tick-to-bar pipeline may be stalled
2026-05-17 19:37:36 | INFO     | ayumi.forward_test | [B5 Periodic] ticks=2 bars_built=0 signals=0 traded=0 eval_errors=0
2026-05-17 19:37:36 | WARNING  | ayumi.forward_test | [B5 Pipeline] 2 ticks received but 0 bars built — tick-to-bar conversion may be stalled
2026-05-17 19:37:37 | INFO     | ayumi.blend_launcher | [B5 Health] ticks=2 tps=3874.65 bars=0 signals=0 trades=0 balance=10000.00 uptime=3600s
2026-05-17 19:37:37 | WARNING  | ayumi.blend_launcher | [B5 Pipeline] Ticks received (2) but zero bars built — tick-to-bar pipeline may be stalled
2026-05-17 19:37:52 | INFO     | ayumi.forward_test | [B5 Periodic] ticks=2 bars_built=0 signals=0 traded=0 eval_errors=0
2026-05-17 19:37:52 | WARNING  | ayumi.forward_test | [B5 Pipeline] 2 ticks received but 0 bars built — tick-to-bar conversion may be stalled
2026-05-17 19:37:52 | INFO     | ayumi.blend_launcher | [B5 Health] ticks=2 tps=1950.84 bars=0 signals=0 trades=0 balance=10000.00 uptime=3660s
2026-05-17 19:37:52 | WARNING  | ayumi.blend_launcher | [B5 Pipeline] Ticks received (2) but zero bars built — tick-to-bar pipeline may be stalled
2026-05-17 19:38:36 | INFO     | ayumi.forward_test | [B5 Periodic] ticks=2 bars_built=0 signals=0 traded=0 eval_errors=0
2026-05-17 19:38:36 | WARNING  | ayumi.forward_test | [B5 Pipeline] 2 ticks received but 0 bars built — tick-to-bar conversion may be stalled
2026-05-17 19:38:37 | INFO     | ayumi.blend_launcher | [B5 Health] ticks=2 tps=3874.65 bars=0 signals=0 trades=0 balance=10000.00 uptime=3660s
2026-05-17 19:38:37 | WARNING  | ayumi.blend_launcher | [B5 Pipeline] Ticks received (2) but zero bars built — tick-to-bar pipeline may be stalled
2026-05-17 19:38:52 | INFO     | ayumi.forward_test | [B5 Periodic] ticks=2 bars_built=0 signals=0 traded=0 eval_errors=0
2026-05-17 19:38:52 | WARNING  | ayumi.forward_test | [B5 Pipeline] 2 ticks received but 0 bars built — tick-to-bar conversion may be stalled
2026-05-17 19:38:52 | INFO     | ayumi.blend_launcher | [B5 Health] ticks=2 tps=1950.84 bars=0 signals=0 trades=0 balance=10000.00 uptime=3721s
2026-05-17 19:38:52 | WARNING  | ayumi.blend_launcher | [B5 Pipeline] Ticks received (2) but zero bars built — tick-to-bar pipeline may be stalled
2026-05-17 19:39:36 | INFO     | ayumi.forward_test | [B5 Periodic] ticks=2 bars_built=0 signals=0 traded=0 eval_errors=0
2026-05-17 19:39:36 | WARNING  | ayumi.forward_test | [B5 Pipeline] 2 ticks received but 0 bars built — tick-to-bar conversion may be stalled
2026-05-17 19:39:37 | INFO     | ayumi.blend_launcher | [B5 Health] ticks=2 tps=3874.65 bars=0 signals=0 trades=0 balance=10000.00 uptime=3721s
2026-05-17 19:39:37 | WARNING  | ayumi.blend_launcher | [B5 Pipeline] Ticks received (2) but zero bars built — tick-to-bar pipeline may be stalled
2026-05-17 19:39:52 | INFO     | ayumi.forward_test | [B5 Periodic] ticks=2 bars_built=0 signals=0 traded=0 eval_errors=0
2026-05-17 19:39:52 | WARNING  | ayumi.forward_test | [B5 Pipeline] 2 ticks received but 0 bars built — tick-to-bar conversion may be stalled
2026-05-17 19:39:52 | INFO     | ayumi.blend_launcher | [B5 Health] ticks=2 tps=1950.84 bars=0 signals=0 trades=0 balance=10000.00 uptime=3781s
2026-05-17 19:39:52 | WARNING  | ayumi.blend_launcher | [B5 Pipeline] Ticks received (2) but zero bars built — tick-to-bar pipeline may be stalled
2026-05-17 19:40:36 | INFO     | ayumi.forward_test | [B5 Periodic] ticks=2 bars_built=0 signals=0 traded=0 eval_errors=0
2026-05-17 19:40:36 | WARNING  | ayumi.forward_test | [B5 Pipeline] 2 ticks received but 0 bars built — tick-to-bar conversion may be stalled
2026-05-17 19:40:37 | INFO     | ayumi.blend_launcher | [B5 Health] ticks=2 tps=3874.65 bars=0 signals=0 trades=0 balance=10000.00 uptime=3781s
2026-05-17 19:40:37 | WARNING  | ayumi.blend_launcher | [B5 Pipeline] Ticks received (2) but zero bars built — tick-to-bar pipeline may be stalled
2026-05-17 19:40:52 | INFO     | ayumi.forward_test | [B5 Periodic] ticks=2 bars_built=0 signals=0 traded=0 eval_errors=0
2026-05-17 19:40:52 | WARNING  | ayumi.forward_test | [B5 Pipeline] 2 ticks received but 0 bars built — tick-to-bar conversion may be stalled
2026-05-17 19:40:52 | INFO     | ayumi.blend_launcher | [B5 Health] ticks=2 tps=1950.84 bars=0 signals=0 trades=0 balance=10000.00 uptime=3841s
2026-05-17 19:40:52 | WARNING  | ayumi.blend_launcher | [B5 Pipeline] Ticks received (2) but zero bars built — tick-to-bar pipeline may be stalled
2026-05-17 19:41:36 | INFO     | ayumi.forward_test | [B5 Periodic] ticks=2 bars_built=0 signals=0 traded=0 eval_errors=0
2026-05-17 19:41:36 | WARNING  | ayumi.forward_test | [B5 Pipeline] 2 ticks received but 0 bars built — tick-to-bar conversion may be stalled
2026-05-17 19:41:37 | INFO     | ayumi.blend_launcher | [B5 Health] ticks=2 tps=3874.65 bars=0 signals=0 trades=0 balance=10000.00 uptime=3841s
2026-05-17 19:41:37 | WARNING  | ayumi.blend_launcher | [B5 Pipeline] Ticks received (2) but zero bars built — tick-to-bar pipeline may be stalled
2026-05-17 19:41:52 | INFO     | ayumi.forward_test | [B5 Periodic] ticks=2 bars_built=0 signals=0 traded=0 eval_errors=0
2026-05-17 19:41:52 | WARNING  | ayumi.forward_test | [B5 Pipeline] 2 ticks received but 0 bars built — tick-to-bar conversion may be stalled
2026-05-17 19:41:52 | INFO     | ayumi.blend_launcher | [B5 Health] ticks=2 tps=1950.84 bars=0 signals=0 trades=0 balance=10000.00 uptime=3901s
2026-05-17 19:41:52 | WARNING  | ayumi.blend_launcher | [B5 Pipeline] Ticks received (2) but zero bars built — tick-to-bar pipeline may be stalled
2026-05-17 19:42:36 | INFO     | ayumi.forward_test | [B5 Periodic] ticks=2 bars_built=0 signals=0 traded=0 eval_errors=0
2026-05-17 19:42:36 | WARNING  | ayumi.forward_test | [B5 Pipeline] 2 ticks received but 0 bars built — tick-to-bar conversion may be stalled
2026-05-17 19:42:37 | INFO     | ayumi.blend_launcher | [B5 Health] ticks=2 tps=3874.65 bars=0 signals=0 trades=0 balance=10000.00 uptime=3901s
2026-05-17 19:42:37 | WARNING  | ayumi.blend_launcher | [B5 Pipeline] Ticks received (2) but zero bars built — tick-to-bar pipeline may be stalled
2026-05-17 19:42:52 | INFO     | ayumi.forward_test | [B5 Periodic] ticks=2 bars_built=0 signals=0 traded=0 eval_errors=0
2026-05-17 19:42:52 | WARNING  | ayumi.forward_test | [B5 Pipeline] 2 ticks received but 0 bars built — tick-to-bar conversion may be stalled
2026-05-17 19:42:52 | INFO     | ayumi.blend_launcher | [B5 Health] ticks=2 tps=1950.84 bars=0 signals=0 trades=0 balance=10000.00 uptime=3961s
2026-05-17 19:42:52 | WARNING  | ayumi.blend_launcher | [B5 Pipeline] Ticks received (2) but zero bars built — tick-to-bar pipeline may be stalled
2026-05-17 19:43:36 | INFO     | ayumi.forward_test | [B5 Periodic] ticks=2 bars_built=0 signals=0 traded=0 eval_errors=0
2026-05-17 19:43:36 | WARNING  | ayumi.forward_test | [B5 Pipeline] 2 ticks received but 0 bars built — tick-to-bar conversion may be stalled
2026-05-17 19:43:37 | INFO     | ayumi.blend_launcher | [B5 Health] ticks=2 tps=3874.65 bars=0 signals=0 trades=0 balance=10000.00 uptime=3961s
2026-05-17 19:43:37 | WARNING  | ayumi.blend_launcher | [B5 Pipeline] Ticks received (2) but zero bars built — tick-to-bar pipeline may be stalled
2026-05-17 19:43:52 | INFO     | ayumi.forward_test | [B5 Periodic] ticks=2 bars_built=0 signals=0 traded=0 eval_errors=0
2026-05-17 19:43:52 | WARNING  | ayumi.forward_test | [B5 Pipeline] 2 ticks received but 0 bars built — tick-to-bar conversion may be stalled
2026-05-17 19:43:52 | INFO     | ayumi.blend_launcher | [B5 Health] ticks=2 tps=1950.84 bars=0 signals=0 trades=0 balance=10000.00 uptime=4021s
2026-05-17 19:43:52 | WARNING  | ayumi.blend_launcher | [B5 Pipeline] Ticks received (2) but zero bars built — tick-to-bar pipeline may be stalled
2026-05-17 19:44:36 | INFO     | ayumi.forward_test | [B5 Periodic] ticks=2 bars_built=0 signals=0 traded=0 eval_errors=0
2026-05-17 19:44:36 | WARNING  | ayumi.forward_test | [B5 Pipeline] 2 ticks received but 0 bars built — tick-to-bar conversion may be stalled
2026-05-17 19:44:37 | INFO     | ayumi.blend_launcher | [B5 Health] ticks=2 tps=3874.65 bars=0 signals=0 trades=0 balance=10000.00 uptime=4021s
2026-05-17 19:44:37 | WARNING  | ayumi.blend_launcher | [B5 Pipeline] Ticks received (2) but zero bars built — tick-to-bar pipeline may be stalled
2026-05-17 19:44:52 | INFO     | ayumi.forward_test | [B5 Periodic] ticks=2 bars_built=0 signals=0 traded=0 eval_errors=0
2026-05-17 19:44:52 | WARNING  | ayumi.forward_test | [B5 Pipeline] 2 ticks received but 0 bars built — tick-to-bar conversion may be stalled
2026-05-17 19:44:52 | INFO     | ayumi.blend_launcher | [B5 Health] ticks=2 tps=1950.84 bars=0 signals=0 trades=0 balance=10000.00 uptime=4081s
2026-05-17 19:44:52 | WARNING  | ayumi.blend_launcher | [B5 Pipeline] Ticks received (2) but zero bars built — tick-to-bar pipeline may be stalled
2026-05-17 19:45:36 | INFO     | ayumi.forward_test | [B5 Periodic] ticks=2 bars_built=0 signals=0 traded=0 eval_errors=0
2026-05-17 19:45:36 | WARNING  | ayumi.forward_test | [B5 Pipeline] 2 ticks received but 0 bars built — tick-to-bar conversion may be stalled
2026-05-17 19:45:37 | INFO     | ayumi.blend_launcher | [B5 Health] ticks=2 tps=3874.65 bars=0 signals=0 trades=0 balance=10000.00 uptime=4081s
2026-05-17 19:45:37 | WARNING  | ayumi.blend_launcher | [B5 Pipeline] Ticks received (2) but zero bars built — tick-to-bar pipeline may be stalled
2026-05-17 19:45:52 | INFO     | ayumi.forward_test | [B5 Periodic] ticks=2 bars_built=0 signals=0 traded=0 eval_errors=0
2026-05-17 19:45:52 | WARNING  | ayumi.forward_test | [B5 Pipeline] 2 ticks received but 0 bars built — tick-to-bar conversion may be stalled
2026-05-17 19:45:52 | INFO     | ayumi.blend_launcher | [B5 Health] ticks=2 tps=1950.84 bars=0 signals=0 trades=0 balance=10000.00 uptime=4141s
2026-05-17 19:45:52 | WARNING  | ayumi.blend_launcher | [B5 Pipeline] Ticks received (2) but zero bars built — tick-to-bar pipeline may be stalled
2026-05-17 19:46:36 | INFO     | ayumi.forward_test | [B5 Periodic] ticks=2 bars_built=0 signals=0 traded=0 eval_errors=0
2026-05-17 19:46:36 | WARNING  | ayumi.forward_test | [B5 Pipeline] 2 ticks received but 0 bars built — tick-to-bar conversion may be stalled
2026-05-17 19:46:37 | INFO     | ayumi.blend_launcher | [B5 Health] ticks=2 tps=3874.65 bars=0 signals=0 trades=0 balance=10000.00 uptime=4141s
2026-05-17 19:46:37 | WARNING  | ayumi.blend_launcher | [B5 Pipeline] Ticks received (2) but zero bars built — tick-to-bar pipeline may be stalled
2026-05-17 19:46:52 | INFO     | ayumi.forward_test | [B5 Periodic] ticks=2 bars_built=0 signals=0 traded=0 eval_errors=0
2026-05-17 19:46:52 | WARNING  | ayumi.forward_test | [B5 Pipeline] 2 ticks received but 0 bars built — tick-to-bar conversion may be stalled
2026-05-17 19:46:52 | INFO     | ayumi.blend_launcher | [B5 Health] ticks=2 tps=1950.84 bars=0 signals=0 trades=0 balance=10000.00 uptime=4201s
2026-05-17 19:46:52 | WARNING  | ayumi.blend_launcher | [B5 Pipeline] Ticks received (2) but zero bars built — tick-to-bar pipeline may be stalled
2026-05-17 19:47:36 | INFO     | ayumi.forward_test | [B5 Periodic] ticks=2 bars_built=0 signals=0 traded=0 eval_errors=0
2026-05-17 19:47:36 | WARNING  | ayumi.forward_test | [B5 Pipeline] 2 ticks received but 0 bars built — tick-to-bar conversion may be stalled
2026-05-17 19:47:37 | INFO     | ayumi.blend_launcher | [B5 Health] ticks=2 tps=3874.65 bars=0 signals=0 trades=0 balance=10000.00 uptime=4201s
2026-05-17 19:47:37 | WARNING  | ayumi.blend_launcher | [B5 Pipeline] Ticks received (2) but zero bars built — tick-to-bar pipeline may be stalled
2026-05-17 19:47:52 | INFO     | ayumi.forward_test | [B5 Periodic] ticks=2 bars_built=0 signals=0 traded=0 eval_errors=0
2026-05-17 19:47:52 | WARNING  | ayumi.forward_test | [B5 Pipeline] 2 ticks received but 0 bars built — tick-to-bar conversion may be stalled
2026-05-17 19:47:52 | INFO     | ayumi.blend_launcher | [B5 Health] ticks=2 tps=1950.84 bars=0 signals=0 trades=0 balance=10000.00 uptime=4261s
2026-05-17 19:47:52 | WARNING  | ayumi.blend_launcher | [B5 Pipeline] Ticks received (2) but zero bars built — tick-to-bar pipeline may be stalled
2026-05-17 19:48:36 | INFO     | ayumi.forward_test | [B5 Periodic] ticks=2 bars_built=0 signals=0 traded=0 eval_errors=0
2026-05-17 19:48:36 | WARNING  | ayumi.forward_test | [B5 Pipeline] 2 ticks received but 0 bars built — tick-to-bar conversion may be stalled
2026-05-17 19:48:37 | INFO     | ayumi.blend_launcher | [B5 Health] ticks=2 tps=3874.65 bars=0 signals=0 trades=0 balance=10000.00 uptime=4261s
2026-05-17 19:48:37 | WARNING  | ayumi.blend_launcher | [B5 Pipeline] Ticks received (2) but zero bars built — tick-to-bar pipeline may be stalled
2026-05-17 19:48:52 | INFO     | ayumi.forward_test | [B5 Periodic] ticks=2 bars_built=0 signals=0 traded=0 eval_errors=0
2026-05-17 19:48:52 | WARNING  | ayumi.forward_test | [B5 Pipeline] 2 ticks received but 0 bars built — tick-to-bar conversion may be stalled
2026-05-17 19:48:52 | INFO     | ayumi.blend_launcher | [B5 Health] ticks=2 tps=1950.84 bars=0 signals=0 trades=0 balance=10000.00 uptime=4321s
2026-05-17 19:48:52 | WARNING  | ayumi.blend_launcher | [B5 Pipeline] Ticks received (2) but zero bars built — tick-to-bar pipeline may be stalled
2026-05-17 19:49:36 | INFO     | ayumi.forward_test | [B5 Periodic] ticks=2 bars_built=0 signals=0 traded=0 eval_errors=0
2026-05-17 19:49:36 | WARNING  | ayumi.forward_test | [B5 Pipeline] 2 ticks received but 0 bars built — tick-to-bar conversion may be stalled
2026-05-17 19:49:37 | INFO     | ayumi.blend_launcher | [B5 Health] ticks=2 tps=3874.65 bars=0 signals=0 trades=0 balance=10000.00 uptime=4321s
2026-05-17 19:49:37 | WARNING  | ayumi.blend_launcher | [B5 Pipeline] Ticks received (2) but zero bars built — tick-to-bar pipeline may be stalled
2026-05-17 19:49:52 | INFO     | ayumi.forward_test | [B5 Periodic] ticks=2 bars_built=0 signals=0 traded=0 eval_errors=0
2026-05-17 19:49:52 | WARNING  | ayumi.forward_test | [B5 Pipeline] 2 ticks received but 0 bars built — tick-to-bar conversion may be stalled
2026-05-17 19:49:52 | INFO     | ayumi.blend_launcher | [B5 Health] ticks=2 tps=1950.84 bars=0 signals=0 trades=0 balance=10000.00 uptime=4381s
2026-05-17 19:49:52 | WARNING  | ayumi.blend_launcher | [B5 Pipeline] Ticks received (2) but zero bars built — tick-to-bar pipeline may be stalled
2026-05-17 19:50:36 | INFO     | ayumi.forward_test | [B5 Periodic] ticks=2 bars_built=0 signals=0 traded=0 eval_errors=0
2026-05-17 19:50:36 | WARNING  | ayumi.forward_test | [B5 Pipeline] 2 ticks received but 0 bars built — tick-to-bar conversion may be stalled
2026-05-17 19:50:37 | INFO     | ayumi.blend_launcher | [B5 Health] ticks=2 tps=3874.65 bars=0 signals=0 trades=0 balance=10000.00 uptime=4381s
2026-05-17 19:50:37 | WARNING  | ayumi.blend_launcher | [B5 Pipeline] Ticks received (2) but zero bars built — tick-to-bar pipeline may be stalled
2026-05-17 19:50:52 | INFO     | ayumi.forward_test | [B5 Periodic] ticks=2 bars_built=0 signals=0 traded=0 eval_errors=0
2026-05-17 19:50:52 | WARNING  | ayumi.forward_test | [B5 Pipeline] 2 ticks received but 0 bars built — tick-to-bar conversion may be stalled
2026-05-17 19:50:52 | INFO     | ayumi.blend_launcher | [B5 Health] ticks=2 tps=1950.84 bars=0 signals=0 trades=0 balance=10000.00 uptime=4441s
2026-05-17 19:50:52 | WARNING  | ayumi.blend_launcher | [B5 Pipeline] Ticks received (2) but zero bars built — tick-to-bar pipeline may be stalled
2026-05-17 19:51:36 | INFO     | ayumi.forward_test | [B5 Periodic] ticks=2 bars_built=0 signals=0 traded=0 eval_errors=0
2026-05-17 19:51:36 | WARNING  | ayumi.forward_test | [B5 Pipeline] 2 ticks received but 0 bars built — tick-to-bar conversion may be stalled
2026-05-17 19:51:37 | INFO     | ayumi.blend_launcher | [B5 Health] ticks=2 tps=3874.65 bars=0 signals=0 trades=0 balance=10000.00 uptime=4441s
2026-05-17 19:51:37 | WARNING  | ayumi.blend_launcher | [B5 Pipeline] Ticks received (2) but zero bars built — tick-to-bar pipeline may be stalled
2026-05-17 19:51:52 | INFO     | ayumi.forward_test | [B5 Periodic] ticks=2 bars_built=0 signals=0 traded=0 eval_errors=0
2026-05-17 19:51:52 | WARNING  | ayumi.forward_test | [B5 Pipeline] 2 ticks received but 0 bars built — tick-to-bar conversion may be stalled
2026-05-17 19:51:52 | INFO     | ayumi.blend_launcher | [B5 Health] ticks=2 tps=1950.84 bars=0 signals=0 trades=0 balance=10000.00 uptime=4501s
2026-05-17 19:51:52 | WARNING  | ayumi.blend_launcher | [B5 Pipeline] Ticks received (2) but zero bars built — tick-to-bar pipeline may be stalled
2026-05-17 19:52:36 | INFO     | ayumi.forward_test | [B5 Periodic] ticks=2 bars_built=0 signals=0 traded=0 eval_errors=0
2026-05-17 19:52:36 | WARNING  | ayumi.forward_test | [B5 Pipeline] 2 ticks received but 0 bars built — tick-to-bar conversion may be stalled
2026-05-17 19:52:37 | INFO     | ayumi.blend_launcher | [B5 Health] ticks=2 tps=3874.65 bars=0 signals=0 trades=0 balance=10000.00 uptime=4501s
2026-05-17 19:52:37 | WARNING  | ayumi.blend_launcher | [B5 Pipeline] Ticks received (2) but zero bars built — tick-to-bar pipeline may be stalled
2026-05-17 19:52:52 | INFO     | ayumi.forward_test | [B5 Periodic] ticks=2 bars_built=0 signals=0 traded=0 eval_errors=0
2026-05-17 19:52:52 | WARNING  | ayumi.forward_test | [B5 Pipeline] 2 ticks received but 0 bars built — tick-to-bar conversion may be stalled
2026-05-17 19:52:52 | INFO     | ayumi.blend_launcher | [B5 Health] ticks=2 tps=1950.84 bars=0 signals=0 trades=0 balance=10000.00 uptime=4561s
2026-05-17 19:52:52 | WARNING  | ayumi.blend_launcher | [B5 Pipeline] Ticks received (2) but zero bars built — tick-to-bar pipeline may be stalled
2026-05-17 19:53:36 | INFO     | ayumi.forward_test | [B5 Periodic] ticks=2 bars_built=0 signals=0 traded=0 eval_errors=0
2026-05-17 19:53:36 | WARNING  | ayumi.forward_test | [B5 Pipeline] 2 ticks received but 0 bars built — tick-to-bar conversion may be stalled
2026-05-17 19:53:37 | INFO     | ayumi.blend_launcher | [B5 Health] ticks=2 tps=3874.65 bars=0 signals=0 trades=0 balance=10000.00 uptime=4561s
2026-05-17 19:53:37 | WARNING  | ayumi.blend_launcher | [B5 Pipeline] Ticks received (2) but zero bars built — tick-to-bar pipeline may be stalled
2026-05-17 19:53:52 | INFO     | ayumi.forward_test | [B5 Periodic] ticks=2 bars_built=0 signals=0 traded=0 eval_errors=0
2026-05-17 19:53:52 | WARNING  | ayumi.forward_test | [B5 Pipeline] 2 ticks received but 0 bars built — tick-to-bar conversion may be stalled
2026-05-17 19:53:52 | INFO     | ayumi.blend_launcher | [B5 Health] ticks=2 tps=1950.84 bars=0 signals=0 trades=0 balance=10000.00 uptime=4621s
2026-05-17 19:53:52 | WARNING  | ayumi.blend_launcher | [B5 Pipeline] Ticks received (2) but zero bars built — tick-to-bar pipeline may be stalled
2026-05-17 19:54:36 | INFO     | ayumi.forward_test | [B5 Periodic] ticks=2 bars_built=0 signals=0 traded=0 eval_errors=0
2026-05-17 19:54:36 | WARNING  | ayumi.forward_test | [B5 Pipeline] 2 ticks received but 0 bars built — tick-to-bar conversion may be stalled
2026-05-17 19:54:37 | INFO     | ayumi.blend_launcher | [B5 Health] ticks=2 tps=3874.65 bars=0 signals=0 trades=0 balance=10000.00 uptime=4621s
2026-05-17 19:54:37 | WARNING  | ayumi.blend_launcher | [B5 Pipeline] Ticks received (2) but zero bars built — tick-to-bar pipeline may be stalled
2026-05-17 19:54:52 | INFO     | ayumi.forward_test | [B5 Periodic] ticks=2 bars_built=0 signals=0 traded=0 eval_errors=0
2026-05-17 19:54:52 | WARNING  | ayumi.forward_test | [B5 Pipeline] 2 ticks received but 0 bars built — tick-to-bar conversion may be stalled
2026-05-17 19:54:52 | INFO     | ayumi.blend_launcher | [B5 Health] ticks=2 tps=1950.84 bars=0 signals=0 trades=0 balance=10000.00 uptime=4681s
2026-05-17 19:54:52 | WARNING  | ayumi.blend_launcher | [B5 Pipeline] Ticks received (2) but zero bars built — tick-to-bar pipeline may be stalled
2026-05-17 19:55:36 | INFO     | ayumi.forward_test | [B5 Periodic] ticks=2 bars_built=0 signals=0 traded=0 eval_errors=0
2026-05-17 19:55:36 | WARNING  | ayumi.forward_test | [B5 Pipeline] 2 ticks received but 0 bars built — tick-to-bar conversion may be stalled
2026-05-17 19:55:37 | INFO     | ayumi.blend_launcher | [B5 Health] ticks=2 tps=3874.65 bars=0 signals=0 trades=0 balance=10000.00 uptime=4681s
2026-05-17 19:55:37 | WARNING  | ayumi.blend_launcher | [B5 Pipeline] Ticks received (2) but zero bars built — tick-to-bar pipeline may be stalled
2026-05-17 19:55:52 | INFO     | ayumi.forward_test | [B5 Periodic] ticks=2 bars_built=0 signals=0 traded=0 eval_errors=0
2026-05-17 19:55:52 | WARNING  | ayumi.forward_test | [B5 Pipeline] 2 ticks received but 0 bars built — tick-to-bar conversion may be stalled
2026-05-17 19:55:52 | INFO     | ayumi.blend_launcher | [B5 Health] ticks=2 tps=1950.84 bars=0 signals=0 trades=0 balance=10000.00 uptime=4741s
2026-05-17 19:55:52 | WARNING  | ayumi.blend_launcher | [B5 Pipeline] Ticks received (2) but zero bars built — tick-to-bar pipeline may be stalled
2026-05-17 19:56:36 | INFO     | ayumi.forward_test | [B5 Periodic] ticks=2 bars_built=0 signals=0 traded=0 eval_errors=0
2026-05-17 19:56:36 | WARNING  | ayumi.forward_test | [B5 Pipeline] 2 ticks received but 0 bars built — tick-to-bar conversion may be stalled
2026-05-17 19:56:37 | INFO     | ayumi.blend_launcher | [B5 Health] ticks=2 tps=3874.65 bars=0 signals=0 trades=0 balance=10000.00 uptime=4741s
2026-05-17 19:56:37 | WARNING  | ayumi.blend_launcher | [B5 Pipeline] Ticks received (2) but zero bars built — tick-to-bar pipeline may be stalled
2026-05-17 19:56:52 | INFO     | ayumi.forward_test | [B5 Periodic] ticks=2 bars_built=0 signals=0 traded=0 eval_errors=0
2026-05-17 19:56:52 | WARNING  | ayumi.forward_test | [B5 Pipeline] 2 ticks received but 0 bars built — tick-to-bar conversion may be stalled
2026-05-17 19:56:52 | INFO     | ayumi.blend_launcher | [B5 Health] ticks=2 tps=1950.84 bars=0 signals=0 trades=0 balance=10000.00 uptime=4801s
2026-05-17 19:56:52 | WARNING  | ayumi.blend_launcher | [B5 Pipeline] Ticks received (2) but zero bars built — tick-to-bar pipeline may be stalled
2026-05-17 19:57:36 | INFO     | ayumi.forward_test | [B5 Periodic] ticks=2 bars_built=0 signals=0 traded=0 eval_errors=0
2026-05-17 19:57:36 | WARNING  | ayumi.forward_test | [B5 Pipeline] 2 ticks received but 0 bars built — tick-to-bar conversion may be stalled
2026-05-17 19:57:37 | INFO     | ayumi.blend_launcher | [B5 Health] ticks=2 tps=3874.65 bars=0 signals=0 trades=0 balance=10000.00 uptime=4801s
2026-05-17 19:57:37 | WARNING  | ayumi.blend_launcher | [B5 Pipeline] Ticks received (2) but zero bars built — tick-to-bar pipeline may be stalled
2026-05-17 19:57:52 | INFO     | ayumi.forward_test | [B5 Periodic] ticks=2 bars_built=0 signals=0 traded=0 eval_errors=0
2026-05-17 19:57:52 | WARNING  | ayumi.forward_test | [B5 Pipeline] 2 ticks received but 0 bars built — tick-to-bar conversion may be stalled
2026-05-17 19:57:52 | INFO     | ayumi.blend_launcher | [B5 Health] ticks=2 tps=1950.84 bars=0 signals=0 trades=0 balance=10000.00 uptime=4861s
2026-05-17 19:57:52 | WARNING  | ayumi.blend_launcher | [B5 Pipeline] Ticks received (2) but zero bars built — tick-to-bar pipeline may be stalled
2026-05-17 19:58:36 | INFO     | ayumi.forward_test | [B5 Periodic] ticks=2 bars_built=0 signals=0 traded=0 eval_errors=0
2026-05-17 19:58:36 | WARNING  | ayumi.forward_test | [B5 Pipeline] 2 ticks received but 0 bars built — tick-to-bar conversion may be stalled
2026-05-17 19:58:37 | INFO     | ayumi.blend_launcher | [B5 Health] ticks=2 tps=3874.65 bars=0 signals=0 trades=0 balance=10000.00 uptime=4861s
2026-05-17 19:58:37 | WARNING  | ayumi.blend_launcher | [B5 Pipeline] Ticks received (2) but zero bars built — tick-to-bar pipeline may be stalled
2026-05-17 19:58:52 | INFO     | ayumi.forward_test | [B5 Periodic] ticks=2 bars_built=0 signals=0 traded=0 eval_errors=0
2026-05-17 19:58:52 | WARNING  | ayumi.forward_test | [B5 Pipeline] 2 ticks received but 0 bars built — tick-to-bar conversion may be stalled
2026-05-17 19:58:52 | INFO     | ayumi.blend_launcher | [B5 Health] ticks=2 tps=1950.84 bars=0 signals=0 trades=0 balance=10000.00 uptime=4921s
2026-05-17 19:58:52 | WARNING  | ayumi.blend_launcher | [B5 Pipeline] Ticks received (2) but zero bars built — tick-to-bar pipeline may be stalled
2026-05-17 19:59:36 | INFO     | ayumi.forward_test | [B5 Periodic] ticks=2 bars_built=0 signals=0 traded=0 eval_errors=0
2026-05-17 19:59:36 | WARNING  | ayumi.forward_test | [B5 Pipeline] 2 ticks received but 0 bars built — tick-to-bar conversion may be stalled
2026-05-17 19:59:37 | INFO     | ayumi.blend_launcher | [B5 Health] ticks=2 tps=3874.65 bars=0 signals=0 trades=0 balance=10000.00 uptime=4921s
2026-05-17 19:59:37 | WARNING  | ayumi.blend_launcher | [B5 Pipeline] Ticks received (2) but zero bars built — tick-to-bar pipeline may be stalled
2026-05-17 19:59:52 | INFO     | ayumi.forward_test | [B5 Periodic] ticks=2 bars_built=0 signals=0 traded=0 eval_errors=0
2026-05-17 19:59:52 | WARNING  | ayumi.forward_test | [B5 Pipeline] 2 ticks received but 0 bars built — tick-to-bar conversion may be stalled
2026-05-17 19:59:52 | INFO     | ayumi.blend_launcher | [B5 Health] ticks=2 tps=1950.84 bars=0 signals=0 trades=0 balance=10000.00 uptime=4981s
2026-05-17 19:59:52 | WARNING  | ayumi.blend_launcher | [B5 Pipeline] Ticks received (2) but zero bars built — tick-to-bar pipeline may be stalled
2026-05-17 20:00:36 | INFO     | ayumi.forward_test | [B5 Periodic] ticks=2 bars_built=0 signals=0 traded=0 eval_errors=0
2026-05-17 20:00:36 | WARNING  | ayumi.forward_test | [B5 Pipeline] 2 ticks received but 0 bars built — tick-to-bar conversion may be stalled
2026-05-17 20:00:37 | INFO     | ayumi.blend_launcher | [B5 Health] ticks=2 tps=3874.65 bars=0 signals=0 trades=0 balance=10000.00 uptime=4981s
2026-05-17 20:00:37 | WARNING  | ayumi.blend_launcher | [B5 Pipeline] Ticks received (2) but zero bars built — tick-to-bar pipeline may be stalled
2026-05-17 20:00:52 | INFO     | ayumi.forward_test | [B5 Periodic] ticks=2 bars_built=0 signals=0 traded=0 eval_errors=0
2026-05-17 20:00:52 | WARNING  | ayumi.forward_test | [B5 Pipeline] 2 ticks received but 0 bars built — tick-to-bar conversion may be stalled
2026-05-17 20:00:52 | INFO     | ayumi.blend_launcher | [B5 Health] ticks=2 tps=1950.84 bars=0 signals=0 trades=0 balance=10000.00 uptime=5041s
2026-05-17 20:00:52 | WARNING  | ayumi.blend_launcher | [B5 Pipeline] Ticks received (2) but zero bars built — tick-to-bar pipeline may be stalled
2026-05-17 20:01:36 | INFO     | ayumi.forward_test | [B5 Periodic] ticks=2 bars_built=0 signals=0 traded=0 eval_errors=0
2026-05-17 20:01:36 | WARNING  | ayumi.forward_test | [B5 Pipeline] 2 ticks received but 0 bars built — tick-to-bar conversion may be stalled
2026-05-17 20:01:37 | INFO     | ayumi.blend_launcher | [B5 Health] ticks=2 tps=3874.65 bars=0 signals=0 trades=0 balance=10000.00 uptime=5041s
2026-05-17 20:01:37 | WARNING  | ayumi.blend_launcher | [B5 Pipeline] Ticks received (2) but zero bars built — tick-to-bar pipeline may be stalled
2026-05-17 20:01:52 | INFO     | ayumi.forward_test | [B5 Periodic] ticks=2 bars_built=0 signals=0 traded=0 eval_errors=0
2026-05-17 20:01:52 | WARNING  | ayumi.forward_test | [B5 Pipeline] 2 ticks received but 0 bars built — tick-to-bar conversion may be stalled
2026-05-17 20:01:52 | INFO     | ayumi.blend_launcher | [B5 Health] ticks=2 tps=1950.84 bars=0 signals=0 trades=0 balance=10000.00 uptime=5101s
2026-05-17 20:01:52 | WARNING  | ayumi.blend_launcher | [B5 Pipeline] Ticks received (2) but zero bars built — tick-to-bar pipeline may be stalled
2026-05-17 20:02:36 | INFO     | ayumi.forward_test | [B5 Periodic] ticks=2 bars_built=0 signals=0 traded=0 eval_errors=0
2026-05-17 20:02:36 | WARNING  | ayumi.forward_test | [B5 Pipeline] 2 ticks received but 0 bars built — tick-to-bar conversion may be stalled
2026-05-17 20:02:37 | INFO     | ayumi.blend_launcher | [B5 Health] ticks=2 tps=3874.65 bars=0 signals=0 trades=0 balance=10000.00 uptime=5101s
2026-05-17 20:02:37 | WARNING  | ayumi.blend_launcher | [B5 Pipeline] Ticks received (2) but zero bars built — tick-to-bar pipeline may be stalled
2026-05-17 20:02:52 | INFO     | ayumi.forward_test | [B5 Periodic] ticks=2 bars_built=0 signals=0 traded=0 eval_errors=0
2026-05-17 20:02:52 | WARNING  | ayumi.forward_test | [B5 Pipeline] 2 ticks received but 0 bars built — tick-to-bar conversion may be stalled
2026-05-17 20:02:52 | INFO     | ayumi.blend_launcher | [B5 Health] ticks=2 tps=1950.84 bars=0 signals=0 trades=0 balance=10000.00 uptime=5161s
2026-05-17 20:02:52 | WARNING  | ayumi.blend_launcher | [B5 Pipeline] Ticks received (2) but zero bars built — tick-to-bar pipeline may be stalled
2026-05-17 20:02:56 | INFO     | ayumi.forward_test | Shutdown signal received (sig=15)
2026-05-17 20:02:56 | INFO     | ayumi.openapi_spot_feed | Unsubscribed from spot events for symbol_id=2
2026-05-17 20:02:56 | INFO     | ayumi.openapi_spot_feed | Unsubscribed from spot events for symbol_id=4
2026-05-17 20:02:56 | INFO     | ayumi.openapi_spot_feed | OpenApiSpotFeed stopped
2026-05-17 20:02:56 | INFO     | ayumi.openapi_live_client | [OpenApiLiveClient] Disconnected
2026-05-17 20:02:56 | INFO     | ayumi.forward_test | Forward test stopped: balance=10000.00 trades=0 pnl=0.00 errors=0 reconnects=0
2026-05-17 20:02:57 | WARNING  | ayumi.openapi_spot_feed | Disconnected: [Failure instance: Traceback (failure with no frames): <class 'twisted.internet.error.ConnectionDone'>: Connection was closed cleanly.
]
2026-05-17 20:03:11 | INFO     | ayumi.pid_guard | PID 3038270 written to /home/TacoPants/projects/Ayumi/data/forward_test.pid
2026-05-17 20:03:11 | INFO     | ayumi.blend_launcher | === Ayumi Multi-Strategy Forward Test (Blend Pipeline) ===
2026-05-17 20:03:11 | INFO     | ayumi.blend_launcher | Symbols: ['GBPUSD', 'USDJPY']
2026-05-17 20:03:13 | WARNING  | ayumi.blend_launcher | Could not fetch symbol list from OpenAPI: 'CTraderOpenApiClient' object has no attribute 'get_symbols' — using static mapping
2026-05-17 20:03:13 | INFO     | ayumi.blend_launcher | Fetching 100 H1 bars for GBPUSD (id=2)...
2026-05-17 20:03:15 | INFO     | ayumi.blend_launcher | Fetched 100 H1 bars for GBPUSD
2026-05-17 20:03:15 | INFO     | ayumi.blend_launcher | Fetching 200 M15 bars for GBPUSD (id=2)...
2026-05-17 20:03:17 | INFO     | ayumi.blend_launcher | Fetched 200 M15 bars for GBPUSD
2026-05-17 20:03:17 | INFO     | ayumi.blend_launcher | Fetching 100 H1 bars for USDJPY (id=4)...
2026-05-17 20:03:19 | INFO     | ayumi.blend_launcher | Fetched 100 H1 bars for USDJPY
2026-05-17 20:03:19 | INFO     | ayumi.blend_launcher | Fetching 200 M15 bars for USDJPY (id=4)...
2026-05-17 20:03:21 | INFO     | ayumi.blend_launcher | Fetched 200 M15 bars for USDJPY
2026-05-17 20:03:21 | INFO     | ayumi.blend_launcher | Registered 5 strategies: ['SRMR+', 'Killzone Momentum', 'Donchian Channel Breakout', 'Session-Range Mean Reversion', 'BB+RSI Mean Reversion']
2026-05-17 20:03:21 | INFO     | ayumi.blend_launcher | All strategy .name properties verified against maps
2026-05-17 20:03:21 | INFO     | ayumi.risk | Restored risk state from data/risk_state_blend.json
2026-05-17 20:03:21 | INFO     | ayumi.forward_test | BlendForwardTestRunner started — balance=$10000.00
2026-05-17 20:03:52 | INFO     | ayumi.forward_test | [B5 Periodic] ticks=2 bars_built=0 signals=0 traded=0 eval_errors=0
2026-05-17 20:03:52 | WARNING  | ayumi.forward_test | [B5 Pipeline] 2 ticks received but 0 bars built — tick-to-bar conversion may be stalled
2026-05-17 20:03:52 | INFO     | ayumi.blend_launcher | [B5 Health] ticks=2 tps=1950.84 bars=0 signals=0 trades=0 balance=10000.00 uptime=5221s
2026-05-17 20:03:52 | WARNING  | ayumi.blend_launcher | [B5 Pipeline] Ticks received (2) but zero bars built — tick-to-bar pipeline may be stalled
2026-05-17 20:04:52 | INFO     | ayumi.forward_test | [B5 Periodic] ticks=2 bars_built=0 signals=0 traded=0 eval_errors=0
2026-05-17 20:04:52 | WARNING  | ayumi.forward_test | [B5 Pipeline] 2 ticks received but 0 bars built — tick-to-bar conversion may be stalled
2026-05-17 20:04:52 | INFO     | ayumi.blend_launcher | [B5 Health] ticks=2 tps=1950.84 bars=0 signals=0 trades=0 balance=10000.00 uptime=5281s
2026-05-17 20:04:52 | WARNING  | ayumi.blend_launcher | [B5 Pipeline] Ticks received (2) but zero bars built — tick-to-bar pipeline may be stalled
2026-05-17 20:05:52 | INFO     | ayumi.forward_test | [B5 Periodic] ticks=2 bars_built=0 signals=0 traded=0 eval_errors=0
2026-05-17 20:05:52 | WARNING  | ayumi.forward_test | [B5 Pipeline] 2 ticks received but 0 bars built — tick-to-bar conversion may be stalled
2026-05-17 20:05:52 | INFO     | ayumi.blend_launcher | [B5 Health] ticks=2 tps=1950.84 bars=0 signals=0 trades=0 balance=10000.00 uptime=5341s
2026-05-17 20:05:52 | WARNING  | ayumi.blend_launcher | [B5 Pipeline] Ticks received (2) but zero bars built — tick-to-bar pipeline may be stalled
2026-05-17 20:06:15 | INFO     | ayumi.pid_guard | PID 3039398 written to /home/TacoPants/projects/Ayumi/data/forward_test.pid
2026-05-17 20:06:15 | INFO     | ayumi.blend_launcher | === Ayumi Multi-Strategy Forward Test (Blend Pipeline) ===
2026-05-17 20:06:15 | INFO     | ayumi.blend_launcher | Symbols: ['GBPUSD', 'USDJPY']
2026-05-17 20:06:17 | WARNING  | ayumi.blend_launcher | Could not fetch symbol list from OpenAPI: 'CTraderOpenApiClient' object has no attribute 'get_symbols' — using static mapping
2026-05-17 20:06:17 | INFO     | ayumi.blend_launcher | Fetching 100 H1 bars for GBPUSD (id=2)...
2026-05-17 20:06:19 | INFO     | ayumi.blend_launcher | Fetched 100 H1 bars for GBPUSD
2026-05-17 20:06:19 | INFO     | ayumi.blend_launcher | Fetching 200 M15 bars for GBPUSD (id=2)...
2026-05-17 20:06:21 | INFO     | ayumi.blend_launcher | Fetched 200 M15 bars for GBPUSD
2026-05-17 20:06:21 | INFO     | ayumi.blend_launcher | Fetching 100 H1 bars for USDJPY (id=4)...
2026-05-17 20:06:23 | INFO     | ayumi.blend_launcher | Fetched 100 H1 bars for USDJPY
2026-05-17 20:06:23 | INFO     | ayumi.blend_launcher | Fetching 200 M15 bars for USDJPY (id=4)...
2026-05-17 20:06:25 | INFO     | ayumi.blend_launcher | Fetched 200 M15 bars for USDJPY
2026-05-17 20:06:52 | INFO     | ayumi.forward_test | [B5 Periodic] ticks=2 bars_built=0 signals=0 traded=0 eval_errors=0
2026-05-17 20:06:52 | WARNING  | ayumi.forward_test | [B5 Pipeline] 2 ticks received but 0 bars built — tick-to-bar conversion may be stalled
2026-05-17 20:06:52 | INFO     | ayumi.blend_launcher | [B5 Health] ticks=2 tps=1950.84 bars=0 signals=0 trades=0 balance=10000.00 uptime=5401s
2026-05-17 20:06:52 | WARNING  | ayumi.blend_launcher | [B5 Pipeline] Ticks received (2) but zero bars built — tick-to-bar pipeline may be stalled
2026-05-17 20:07:41 | INFO     | ayumi.pid_guard | PID 3039946 written to /home/TacoPants/projects/Ayumi/data/forward_test.pid
2026-05-17 20:07:41 | INFO     | ayumi.blend_launcher | === Ayumi Multi-Strategy Forward Test (Blend Pipeline) ===
2026-05-17 20:07:41 | INFO     | ayumi.blend_launcher | Symbols: ['GBPUSD', 'USDJPY']
2026-05-17 20:07:44 | WARNING  | ayumi.blend_launcher | Could not fetch symbol list from OpenAPI: 'CTraderOpenApiClient' object has no attribute 'get_symbols' — using static mapping
2026-05-17 20:07:44 | INFO     | ayumi.blend_launcher | Fetching 100 H1 bars for GBPUSD (id=2)...
2026-05-17 20:07:46 | INFO     | ayumi.blend_launcher | Fetched 100 H1 bars for GBPUSD
2026-05-17 20:07:46 | INFO     | ayumi.blend_launcher | Fetching 200 M15 bars for GBPUSD (id=2)...
2026-05-17 20:07:48 | INFO     | ayumi.blend_launcher | Fetched 200 M15 bars for GBPUSD
2026-05-17 20:07:48 | INFO     | ayumi.blend_launcher | Fetching 100 H1 bars for USDJPY (id=4)...
2026-05-17 20:07:50 | INFO     | ayumi.blend_launcher | Fetched 100 H1 bars for USDJPY
2026-05-17 20:07:50 | INFO     | ayumi.blend_launcher | Fetching 200 M15 bars for USDJPY (id=4)...
2026-05-17 20:07:52 | INFO     | ayumi.forward_test | [B5 Periodic] ticks=2 bars_built=0 signals=0 traded=0 eval_errors=0
2026-05-17 20:07:52 | WARNING  | ayumi.forward_test | [B5 Pipeline] 2 ticks received but 0 bars built — tick-to-bar conversion may be stalled
2026-05-17 20:07:52 | INFO     | ayumi.blend_launcher | Fetched 200 M15 bars for USDJPY
2026-05-17 20:07:52 | INFO     | ayumi.blend_launcher | [B5 Health] ticks=2 tps=1950.84 bars=0 signals=0 trades=0 balance=10000.00 uptime=5461s
2026-05-17 20:07:52 | WARNING  | ayumi.blend_launcher | [B5 Pipeline] Ticks received (2) but zero bars built — tick-to-bar pipeline may be stalled
2026-05-17 20:08:39 | INFO     | ayumi.pid_guard | PID 3040246 written to /home/TacoPants/projects/Ayumi/data/forward_test.pid
2026-05-17 20:08:39 | INFO     | ayumi.blend_launcher | === Ayumi Multi-Strategy Forward Test (Blend Pipeline) ===
2026-05-17 20:08:39 | INFO     | ayumi.blend_launcher | Symbols: ['GBPUSD', 'USDJPY']
2026-05-17 20:08:41 | WARNING  | ayumi.blend_launcher | Could not fetch symbol list from OpenAPI: 'CTraderOpenApiClient' object has no attribute 'get_symbols' — using static mapping
2026-05-17 20:08:41 | INFO     | ayumi.blend_launcher | Fetching 100 H1 bars for GBPUSD (id=2)...
2026-05-17 20:08:43 | INFO     | ayumi.blend_launcher | Fetched 100 H1 bars for GBPUSD
2026-05-17 20:08:43 | INFO     | ayumi.blend_launcher | Fetching 200 M15 bars for GBPUSD (id=2)...
2026-05-17 20:08:45 | INFO     | ayumi.blend_launcher | Fetched 200 M15 bars for GBPUSD
2026-05-17 20:08:45 | INFO     | ayumi.blend_launcher | Fetching 100 H1 bars for USDJPY (id=4)...
2026-05-17 20:08:47 | INFO     | ayumi.blend_launcher | Fetched 100 H1 bars for USDJPY
2026-05-17 20:08:47 | INFO     | ayumi.blend_launcher | Fetching 200 M15 bars for USDJPY (id=4)...
2026-05-17 20:08:49 | INFO     | ayumi.blend_launcher | Fetched 200 M15 bars for USDJPY
2026-05-17 20:08:52 | INFO     | ayumi.forward_test | [B5 Periodic] ticks=2 bars_built=0 signals=0 traded=0 eval_errors=0
2026-05-17 20:08:52 | WARNING  | ayumi.forward_test | [B5 Pipeline] 2 ticks received but 0 bars built — tick-to-bar conversion may be stalled
2026-05-17 20:08:52 | INFO     | ayumi.blend_launcher | [B5 Health] ticks=2 tps=1950.84 bars=0 signals=0 trades=0 balance=10000.00 uptime=5521s
2026-05-17 20:08:52 | WARNING  | ayumi.blend_launcher | [B5 Pipeline] Ticks received (2) but zero bars built — tick-to-bar pipeline may be stalled
2026-05-17 20:09:40 | INFO     | ayumi.pid_guard | PID 3040511 written to /home/TacoPants/projects/Ayumi/data/forward_test.pid
2026-05-17 20:09:40 | INFO     | ayumi.blend_launcher | === Ayumi Multi-Strategy Forward Test (Blend Pipeline) ===
2026-05-17 20:09:40 | INFO     | ayumi.blend_launcher | Symbols: ['GBPUSD', 'USDJPY']
2026-05-17 20:09:42 | WARNING  | ayumi.blend_launcher | Could not fetch symbol list from OpenAPI: 'CTraderOpenApiClient' object has no attribute 'get_symbols' — using static mapping
2026-05-17 20:09:42 | INFO     | ayumi.blend_launcher | Fetching 100 H1 bars for GBPUSD (id=2)...
2026-05-17 20:09:44 | INFO     | ayumi.blend_launcher | Fetched 100 H1 bars for GBPUSD
2026-05-17 20:09:44 | INFO     | ayumi.blend_launcher | Fetching 200 M15 bars for GBPUSD (id=2)...
2026-05-17 20:09:46 | INFO     | ayumi.blend_launcher | Fetched 200 M15 bars for GBPUSD
2026-05-17 20:09:46 | INFO     | ayumi.blend_launcher | Fetching 100 H1 bars for USDJPY (id=4)...
2026-05-17 20:09:48 | INFO     | ayumi.blend_launcher | Fetched 100 H1 bars for USDJPY
2026-05-17 20:09:48 | INFO     | ayumi.blend_launcher | Fetching 200 M15 bars for USDJPY (id=4)...
2026-05-17 20:09:50 | INFO     | ayumi.blend_launcher | Fetched 200 M15 bars for USDJPY
2026-05-17 20:09:50 | INFO     | ayumi.blend_launcher | Registered 8 strategies: ['SRMR+', 'Killzone Momentum', 'Donchian Channel Breakout', 'Session-Range Mean Reversion', 'BB+RSI Mean Reversion', 'Session Breakout London', 'Session Breakout NY', 'Session Breakout Asian']
2026-05-17 20:09:50 | INFO     | ayumi.blend_launcher | All strategy .name properties verified against maps
2026-05-17 20:09:50 | INFO     | ayumi.risk | Restored risk state from data/risk_state_blend.json
2026-05-17 20:09:50 | INFO     | ayumi.forward_test | BlendForwardTestRunner started — balance=$10000.00
2026-05-17 20:09:50 | INFO     | ayumi.forward_test | Preloaded 100 bars into key 'GBPUSD:60'
2026-05-17 20:09:50 | INFO     | ayumi.blend_launcher | Preloaded 100 60min bars for GBPUSD into engine
2026-05-17 20:09:50 | INFO     | ayumi.forward_test | Preloaded 200 bars into key 'GBPUSD:15'
2026-05-17 20:09:50 | INFO     | ayumi.blend_launcher | Preloaded 200 15min bars for GBPUSD into engine
2026-05-17 20:09:50 | INFO     | ayumi.forward_test | Preloaded 100 bars into key 'USDJPY:60'
2026-05-17 20:09:50 | INFO     | ayumi.blend_launcher | Preloaded 100 60min bars for USDJPY into engine
2026-05-17 20:09:50 | INFO     | ayumi.forward_test | Preloaded 200 bars into key 'USDJPY:15'
2026-05-17 20:09:50 | INFO     | ayumi.blend_launcher | Preloaded 200 15min bars for USDJPY into engine
2026-05-17 20:09:50 | INFO     | ayumi.blend_launcher | === STARTING MULTI-STRATEGY FORWARD TEST ===
2026-05-17 20:09:50 | INFO     | ayumi.blend_launcher | Pipeline: SRMR+ + Killzone + Momentum + SessionRangeMR → Correlation Gate → Blend Runner → Paper
2026-05-17 20:09:50 | INFO     | ayumi.blend_launcher | Startup diagnostic: strategies=['SRMR+', 'Killzone Momentum', 'Donchian Channel Breakout', 'Session-Range Mean Reversion', 'BB+RSI Mean Reversion', 'Session Breakout London', 'Session Breakout NY', 'Session Breakout Asian']
2026-05-17 20:09:50 | INFO     | ayumi.blend_launcher | Startup diagnostic: symbols=['GBPUSD', 'USDJPY']
2026-05-17 20:09:50 | INFO     | ayumi.blend_launcher | Startup diagnostic: bar_period=60m, min_confidence=0.50
2026-05-17 20:09:50 | INFO     | ayumi.blend_launcher | Startup diagnostic: strategy_timeframes={'SRMR+': 60, 'Killzone Momentum': 15, 'Donchian Channel Breakout': 15, 'Session-Range Mean Reversion': 60, 'BB+RSI Mean Reversion': 60, 'Session Breakout London': 15, 'Session Breakout NY': 15, 'Session Breakout Asian': 15}
2026-05-17 20:09:50 | WARNING  | ayumi.forward_test | Credential validation: sender_comp_id is empty — may cause FIX logon failure
2026-05-17 20:09:50 | INFO     | ayumi.openapi_spot_feed | Connected to demo.ctraderapi.com:5035
2026-05-17 20:09:51 | INFO     | ayumi.openapi_spot_feed | Application authenticated
2026-05-17 20:09:52 | INFO     | ayumi.forward_test | [B5 Periodic] ticks=2 bars_built=0 signals=0 traded=0 eval_errors=0
2026-05-17 20:09:52 | WARNING  | ayumi.forward_test | [B5 Pipeline] 2 ticks received but 0 bars built — tick-to-bar conversion may be stalled
2026-05-17 20:09:52 | INFO     | ayumi.blend_launcher | [B5 Health] ticks=2 tps=1950.84 bars=0 signals=0 trades=0 balance=10000.00 uptime=5581s
2026-05-17 20:09:52 | WARNING  | ayumi.blend_launcher | [B5 Pipeline] Ticks received (2) but zero bars built — tick-to-bar pipeline may be stalled
2026-05-17 20:09:52 | INFO     | ayumi.openapi_spot_feed | No token lifetime from server — defaulting to 86400s
2026-05-17 20:09:52 | INFO     | ayumi.openapi_spot_feed | Scheduling proactive token refresh in 69120s (token lifetime=86400s)
2026-05-17 20:09:52 | INFO     | ayumi.openapi_spot_feed | Account authenticated
2026-05-17 20:09:52 | INFO     | ayumi.openapi_spot_feed | Requesting symbol list for account 46877902
2026-05-17 20:09:53 | INFO     | ayumi.openapi_spot_feed | Loaded 830 symbol name mappings from API
2026-05-17 20:09:53 | INFO     | ayumi.openapi_spot_feed | Pre-fetching details for GBPUSD (id=2)
2026-05-17 20:09:54 | INFO     | ayumi.openapi_spot_feed | Fetched symbol details: id=2 digits=5
2026-05-17 20:09:54 | INFO     | ayumi.openapi_spot_feed | Pre-fetching details for USDJPY (id=4)
2026-05-17 20:09:55 | INFO     | ayumi.openapi_spot_feed | Fetched symbol details: id=4 digits=3
2026-05-17 20:09:55 | INFO     | ayumi.openapi_spot_feed | Subscribed to spot events for symbol_id=2
2026-05-17 20:09:55 | INFO     | ayumi.openapi_spot_feed | Subscribed to spot events for symbol_id=4
2026-05-17 20:09:55 | INFO     | ayumi.openapi_spot_feed | OpenApiSpotFeed started: account=46877902 symbols_loaded=2
2026-05-17 20:09:55 | INFO     | ayumi.forward_test | Open API spot feed connected for ['GBPUSD', 'USDJPY']
2026-05-17 20:09:56 | INFO     | ayumi.openapi_spot_feed | Fetched 50 trendbars for GBPUSD 60m
2026-05-17 20:09:56 | INFO     | ayumi.forward_test | Preloaded 50 bars into key 'GBPUSD:60'
2026-05-17 20:09:56 | INFO     | ayumi.forward_test | Preloaded 50 bars for GBPUSD 60m
2026-05-17 20:09:57 | INFO     | ayumi.openapi_spot_feed | Fetched 50 trendbars for GBPUSD 15m
2026-05-17 20:09:57 | INFO     | ayumi.forward_test | Preloaded 50 bars into key 'GBPUSD:15'
2026-05-17 20:09:57 | INFO     | ayumi.forward_test | Preloaded 50 bars for GBPUSD 15m
2026-05-17 20:09:58 | INFO     | ayumi.blend_launcher | Shutdown signal — stopping engine...
2026-05-17 20:09:58 | INFO     | ayumi.risk | Saved risk state to data/risk_state_blend.json
2026-05-17 20:09:58 | INFO     | ayumi.forward_test | BlendForwardTestRunner stopped — balance=$10000.00
2026-05-17 20:09:58 | INFO     | ayumi.pid_guard | PID file /home/TacoPants/projects/Ayumi/data/forward_test.pid removed
2026-05-17 20:10:38 | INFO     | ayumi.pid_guard | PID 3040868 written to /home/TacoPants/projects/Ayumi/data/forward_test.pid
2026-05-17 20:10:38 | INFO     | ayumi.blend_launcher | === Ayumi Multi-Strategy Forward Test (Blend Pipeline) ===
2026-05-17 20:10:38 | INFO     | ayumi.blend_launcher | Symbols: ['GBPUSD', 'USDJPY']
2026-05-17 20:10:41 | WARNING  | ayumi.blend_launcher | Could not fetch symbol list from OpenAPI: 'CTraderOpenApiClient' object has no attribute 'get_symbols' — using static mapping
2026-05-17 20:10:41 | INFO     | ayumi.blend_launcher | Fetching 100 H1 bars for GBPUSD (id=2)...
2026-05-17 20:10:43 | INFO     | ayumi.blend_launcher | Fetched 100 H1 bars for GBPUSD
2026-05-17 20:10:43 | INFO     | ayumi.blend_launcher | Fetching 200 M15 bars for GBPUSD (id=2)...
2026-05-17 20:10:45 | INFO     | ayumi.blend_launcher | Fetched 200 M15 bars for GBPUSD
2026-05-17 20:10:45 | INFO     | ayumi.blend_launcher | Fetching 100 H1 bars for USDJPY (id=4)...
2026-05-17 20:10:47 | INFO     | ayumi.blend_launcher | Fetched 100 H1 bars for USDJPY
2026-05-17 20:10:47 | INFO     | ayumi.blend_launcher | Fetching 200 M15 bars for USDJPY (id=4)...
2026-05-17 20:10:49 | INFO     | ayumi.blend_launcher | Fetched 200 M15 bars for USDJPY
2026-05-17 20:10:49 | INFO     | ayumi.blend_launcher | Registered 8 strategies: ['SRMR+', 'Killzone Momentum', 'Donchian Channel Breakout', 'Session-Range Mean Reversion', 'BB+RSI Mean Reversion', 'Session Breakout London', 'Session Breakout NY', 'Session Breakout Asian']
2026-05-17 20:10:49 | INFO     | ayumi.blend_launcher | All strategy .name properties verified against maps
2026-05-17 20:10:49 | INFO     | ayumi.risk | Restored risk state from data/risk_state_blend.json
2026-05-17 20:10:49 | INFO     | ayumi.forward_test | BlendForwardTestRunner started — balance=$10000.00
2026-05-17 20:10:49 | INFO     | ayumi.forward_test | Preloaded 100 bars into key 'GBPUSD:60'
2026-05-17 20:10:49 | INFO     | ayumi.blend_launcher | Preloaded 100 60min bars for GBPUSD into engine
2026-05-17 20:10:49 | INFO     | ayumi.forward_test | Preloaded 200 bars into key 'GBPUSD:15'
2026-05-17 20:10:49 | INFO     | ayumi.blend_launcher | Preloaded 200 15min bars for GBPUSD into engine
2026-05-17 20:10:49 | INFO     | ayumi.forward_test | Preloaded 100 bars into key 'USDJPY:60'
2026-05-17 20:10:49 | INFO     | ayumi.blend_launcher | Preloaded 100 60min bars for USDJPY into engine
2026-05-17 20:10:49 | INFO     | ayumi.forward_test | Preloaded 200 bars into key 'USDJPY:15'
2026-05-17 20:10:49 | INFO     | ayumi.blend_launcher | Preloaded 200 15min bars for USDJPY into engine
2026-05-17 20:10:49 | INFO     | ayumi.blend_launcher | === STARTING MULTI-STRATEGY FORWARD TEST ===
2026-05-17 20:10:49 | INFO     | ayumi.blend_launcher | Pipeline: SRMR+ + Killzone + Momentum + SessionRangeMR → Correlation Gate → Blend Runner → Paper
2026-05-17 20:10:49 | INFO     | ayumi.blend_launcher | Startup diagnostic: strategies=['SRMR+', 'Killzone Momentum', 'Donchian Channel Breakout', 'Session-Range Mean Reversion', 'BB+RSI Mean Reversion', 'Session Breakout London', 'Session Breakout NY', 'Session Breakout Asian']
2026-05-17 20:10:49 | INFO     | ayumi.blend_launcher | Startup diagnostic: symbols=['GBPUSD', 'USDJPY']
2026-05-17 20:10:49 | INFO     | ayumi.blend_launcher | Startup diagnostic: bar_period=60m, min_confidence=0.50
2026-05-17 20:10:49 | INFO     | ayumi.blend_launcher | Startup diagnostic: strategy_timeframes={'SRMR+': 60, 'Killzone Momentum': 15, 'Donchian Channel Breakout': 15, 'Session-Range Mean Reversion': 60, 'BB+RSI Mean Reversion': 60, 'Session Breakout London': 15, 'Session Breakout NY': 15, 'Session Breakout Asian': 15}
2026-05-17 20:10:49 | WARNING  | ayumi.forward_test | Credential validation: sender_comp_id is empty — may cause FIX logon failure
2026-05-17 20:10:49 | INFO     | ayumi.openapi_spot_feed | Connected to demo.ctraderapi.com:5035
2026-05-17 20:10:50 | INFO     | ayumi.openapi_spot_feed | Application authenticated
2026-05-17 20:10:51 | INFO     | ayumi.openapi_spot_feed | No token lifetime from server — defaulting to 86400s
2026-05-17 20:10:51 | INFO     | ayumi.openapi_spot_feed | Scheduling proactive token refresh in 69120s (token lifetime=86400s)
2026-05-17 20:10:51 | INFO     | ayumi.openapi_spot_feed | Account authenticated
2026-05-17 20:10:51 | INFO     | ayumi.openapi_spot_feed | Requesting symbol list for account 46877902
2026-05-17 20:10:52 | INFO     | ayumi.forward_test | [B5 Periodic] ticks=2 bars_built=0 signals=0 traded=0 eval_errors=0
2026-05-17 20:10:52 | WARNING  | ayumi.forward_test | [B5 Pipeline] 2 ticks received but 0 bars built — tick-to-bar conversion may be stalled
2026-05-17 20:10:52 | INFO     | ayumi.openapi_spot_feed | Loaded 830 symbol name mappings from API
2026-05-17 20:10:52 | INFO     | ayumi.openapi_spot_feed | Pre-fetching details for GBPUSD (id=2)
2026-05-17 20:10:52 | INFO     | ayumi.blend_launcher | [B5 Health] ticks=2 tps=1950.84 bars=0 signals=0 trades=0 balance=10000.00 uptime=5641s
2026-05-17 20:10:52 | WARNING  | ayumi.blend_launcher | [B5 Pipeline] Ticks received (2) but zero bars built — tick-to-bar pipeline may be stalled
2026-05-17 20:10:53 | INFO     | ayumi.openapi_spot_feed | Fetched symbol details: id=2 digits=5
2026-05-17 20:10:53 | INFO     | ayumi.openapi_spot_feed | Pre-fetching details for USDJPY (id=4)
2026-05-17 20:10:54 | INFO     | ayumi.openapi_spot_feed | Fetched symbol details: id=4 digits=3
2026-05-17 20:10:54 | INFO     | ayumi.openapi_spot_feed | Subscribed to spot events for symbol_id=2
2026-05-17 20:10:54 | INFO     | ayumi.openapi_spot_feed | Subscribed to spot events for symbol_id=4
2026-05-17 20:10:54 | INFO     | ayumi.openapi_spot_feed | OpenApiSpotFeed started: account=46877902 symbols_loaded=2
2026-05-17 20:10:54 | INFO     | ayumi.forward_test | Open API spot feed connected for ['GBPUSD', 'USDJPY']
2026-05-17 20:10:55 | INFO     | ayumi.openapi_spot_feed | Fetched 50 trendbars for GBPUSD 60m
2026-05-17 20:10:55 | INFO     | ayumi.forward_test | Preloaded 50 bars into key 'GBPUSD:60'
2026-05-17 20:10:55 | INFO     | ayumi.forward_test | Preloaded 50 bars for GBPUSD 60m
2026-05-17 20:10:56 | INFO     | ayumi.openapi_spot_feed | Fetched 50 trendbars for GBPUSD 15m
2026-05-17 20:10:56 | INFO     | ayumi.forward_test | Preloaded 50 bars into key 'GBPUSD:15'
2026-05-17 20:10:56 | INFO     | ayumi.forward_test | Preloaded 50 bars for GBPUSD 15m
2026-05-17 20:10:57 | INFO     | ayumi.openapi_spot_feed | Fetched 50 trendbars for USDJPY 60m
2026-05-17 20:10:57 | INFO     | ayumi.forward_test | Preloaded 50 bars into key 'USDJPY:60'
2026-05-17 20:10:57 | INFO     | ayumi.forward_test | Preloaded 50 bars for USDJPY 60m
2026-05-17 20:10:58 | INFO     | ayumi.openapi_spot_feed | Fetched 50 trendbars for USDJPY 15m
2026-05-17 20:10:58 | INFO     | ayumi.forward_test | Preloaded 50 bars into key 'USDJPY:15'
2026-05-17 20:10:58 | INFO     | ayumi.forward_test | Preloaded 50 bars for USDJPY 15m
2026-05-17 20:10:58 | INFO     | ayumi.forward_test | Bar preloading complete
2026-05-17 20:10:58 | INFO     | ayumi.forward_test | Forward test started: symbols=['GBPUSD', 'USDJPY'] strategies=['SRMR+', 'Killzone Momentum', 'Donchian Channel Breakout', 'Session-Range Mean Reversion', 'BB+RSI Mean Reversion', 'Session Breakout London', 'Session Breakout NY', 'Session Breakout Asian'] mode=PAPER eval_interval=1.0s bar_period=60m
2026-05-17 20:10:58 | INFO     | ayumi.forward_test | [B5 Startup] Strategy list: ['SRMR+', 'Killzone Momentum', 'Donchian Channel Breakout', 'Session-Range Mean Reversion', 'BB+RSI Mean Reversion', 'Session Breakout London', 'Session Breakout NY', 'Session Breakout Asian']
2026-05-17 20:10:58 | INFO     | ayumi.forward_test | [B5 Startup] Symbols: ['GBPUSD', 'USDJPY']
2026-05-17 20:10:58 | INFO     | ayumi.forward_test | [B5 Startup] Bar period: 60m
2026-05-17 20:10:58 | INFO     | ayumi.forward_test | [B5 Startup] Min confidence: 0.50
2026-05-17 20:10:58 | INFO     | ayumi.forward_test | [B5 Startup] Min bars for evaluation: 50
2026-05-17 20:10:58 | INFO     | ayumi.forward_test | [B5 Startup] Strategy timeframes: {'SRMR+': 60, 'Killzone Momentum': 15, 'Donchian Channel Breakout': 15, 'Session-Range Mean Reversion': 60, 'BB+RSI Mean Reversion': 60, 'Session Breakout London': 15, 'Session Breakout NY': 15, 'Session Breakout Asian': 15}
2026-05-17 20:10:58 | INFO     | ayumi.forward_test | [B5 Startup] Required timeframes: [15, 60]
2026-05-17 20:11:02 | INFO     | ayumi.forward_test | Shutdown signal received (sig=15)
2026-05-17 20:11:02 | INFO     | ayumi.openapi_spot_feed | Unsubscribed from spot events for symbol_id=2
2026-05-17 20:11:02 | INFO     | ayumi.openapi_spot_feed | Unsubscribed from spot events for symbol_id=4
2026-05-17 20:11:02 | INFO     | ayumi.openapi_spot_feed | OpenApiSpotFeed stopped
2026-05-17 20:11:02 | INFO     | ayumi.forward_test | Forward test stopped: balance=10000.00 trades=0 pnl=0.00 errors=0 reconnects=0
2026-05-17 20:11:02 | WARNING  | ayumi.openapi_spot_feed | Disconnected: [Failure instance: Traceback (failure with no frames): <class 'twisted.internet.error.ConnectionDone'>: Connection was closed cleanly.
]
2026-05-17 20:11:27 | INFO     | ayumi.pid_guard | PID 3041078 written to /home/TacoPants/projects/Ayumi/data/forward_test.pid
2026-05-17 20:11:27 | INFO     | ayumi.blend_launcher | === Ayumi Multi-Strategy Forward Test (Blend Pipeline) ===
2026-05-17 20:11:27 | INFO     | ayumi.blend_launcher | Symbols: ['GBPUSD', 'USDJPY']
2026-05-17 20:11:30 | WARNING  | ayumi.blend_launcher | Could not fetch symbol list from OpenAPI: 'CTraderOpenApiClient' object has no attribute 'get_symbols' — using static mapping
2026-05-17 20:11:30 | INFO     | ayumi.blend_launcher | Fetching 100 H1 bars for GBPUSD (id=2)...
2026-05-17 20:11:32 | INFO     | ayumi.blend_launcher | Fetched 100 H1 bars for GBPUSD
2026-05-17 20:11:32 | INFO     | ayumi.blend_launcher | Fetching 200 M15 bars for GBPUSD (id=2)...
2026-05-17 20:11:34 | INFO     | ayumi.blend_launcher | Fetched 200 M15 bars for GBPUSD
2026-05-17 20:11:34 | INFO     | ayumi.blend_launcher | Fetching 100 H1 bars for USDJPY (id=4)...
2026-05-17 20:11:36 | INFO     | ayumi.blend_launcher | Fetched 100 H1 bars for USDJPY
2026-05-17 20:11:36 | INFO     | ayumi.blend_launcher | Fetching 200 M15 bars for USDJPY (id=4)...
2026-05-17 20:11:38 | INFO     | ayumi.blend_launcher | Fetched 200 M15 bars for USDJPY
2026-05-17 20:11:38 | INFO     | ayumi.blend_launcher | Registered 8 strategies: ['SRMR+', 'Killzone Momentum', 'Donchian Channel Breakout', 'Session-Range Mean Reversion', 'BB+RSI Mean Reversion', 'Session Breakout London', 'Session Breakout NY', 'Session Breakout Asian']
2026-05-17 20:11:38 | INFO     | ayumi.blend_launcher | All strategy .name properties verified against maps
2026-05-17 20:11:38 | INFO     | ayumi.risk | Restored risk state from data/risk_state_blend.json
2026-05-17 20:11:38 | INFO     | ayumi.forward_test | BlendForwardTestRunner started — balance=$10000.00
2026-05-17 20:11:38 | INFO     | ayumi.forward_test | Preloaded 100 bars into key 'GBPUSD:60'
2026-05-17 20:11:38 | INFO     | ayumi.blend_launcher | Preloaded 100 60min bars for GBPUSD into engine
2026-05-17 20:11:38 | INFO     | ayumi.forward_test | Preloaded 200 bars into key 'GBPUSD:15'
2026-05-17 20:11:38 | INFO     | ayumi.blend_launcher | Preloaded 200 15min bars for GBPUSD into engine
2026-05-17 20:11:38 | INFO     | ayumi.forward_test | Preloaded 100 bars into key 'USDJPY:60'
2026-05-17 20:11:38 | INFO     | ayumi.blend_launcher | Preloaded 100 60min bars for USDJPY into engine
2026-05-17 20:11:38 | INFO     | ayumi.forward_test | Preloaded 200 bars into key 'USDJPY:15'
2026-05-17 20:11:38 | INFO     | ayumi.blend_launcher | Preloaded 200 15min bars for USDJPY into engine
2026-05-17 20:11:38 | INFO     | ayumi.blend_launcher | === STARTING MULTI-STRATEGY FORWARD TEST ===
2026-05-17 20:11:38 | INFO     | ayumi.blend_launcher | Pipeline: SRMR+ + Killzone + Momentum + SessionRangeMR → Correlation Gate → Blend Runner → Paper
2026-05-17 20:11:38 | INFO     | ayumi.blend_launcher | Startup diagnostic: strategies=['SRMR+', 'Killzone Momentum', 'Donchian Channel Breakout', 'Session-Range Mean Reversion', 'BB+RSI Mean Reversion', 'Session Breakout London', 'Session Breakout NY', 'Session Breakout Asian']
2026-05-17 20:11:38 | INFO     | ayumi.blend_launcher | Startup diagnostic: symbols=['GBPUSD', 'USDJPY']
2026-05-17 20:11:38 | INFO     | ayumi.blend_launcher | Startup diagnostic: bar_period=60m, min_confidence=0.50
2026-05-17 20:11:38 | INFO     | ayumi.blend_launcher | Startup diagnostic: strategy_timeframes={'SRMR+': 60, 'Killzone Momentum': 15, 'Donchian Channel Breakout': 15, 'Session-Range Mean Reversion': 60, 'BB+RSI Mean Reversion': 60, 'Session Breakout London': 15, 'Session Breakout NY': 15, 'Session Breakout Asian': 15}
2026-05-17 20:11:38 | WARNING  | ayumi.forward_test | Credential validation: sender_comp_id is empty — may cause FIX logon failure
2026-05-17 20:11:38 | INFO     | ayumi.openapi_spot_feed | Connected to demo.ctraderapi.com:5035
2026-05-17 20:11:39 | INFO     | ayumi.openapi_spot_feed | Application authenticated
2026-05-17 20:11:40 | INFO     | ayumi.openapi_spot_feed | No token lifetime from server — defaulting to 86400s
2026-05-17 20:11:40 | INFO     | ayumi.openapi_spot_feed | Scheduling proactive token refresh in 69120s (token lifetime=86400s)
2026-05-17 20:11:40 | INFO     | ayumi.openapi_spot_feed | Account authenticated
2026-05-17 20:11:40 | INFO     | ayumi.openapi_spot_feed | Requesting symbol list for account 46877902
2026-05-17 20:11:41 | INFO     | ayumi.openapi_spot_feed | Loaded 830 symbol name mappings from API
2026-05-17 20:11:41 | INFO     | ayumi.openapi_spot_feed | Pre-fetching details for GBPUSD (id=2)
2026-05-17 20:11:42 | INFO     | ayumi.openapi_spot_feed | Fetched symbol details: id=2 digits=5
2026-05-17 20:11:42 | INFO     | ayumi.openapi_spot_feed | Pre-fetching details for USDJPY (id=4)
2026-05-17 20:11:43 | INFO     | ayumi.openapi_spot_feed | Fetched symbol details: id=4 digits=3
2026-05-17 20:11:43 | INFO     | ayumi.openapi_spot_feed | Subscribed to spot events for symbol_id=2
2026-05-17 20:11:43 | INFO     | ayumi.openapi_spot_feed | Subscribed to spot events for symbol_id=4
2026-05-17 20:11:43 | INFO     | ayumi.openapi_spot_feed | OpenApiSpotFeed started: account=46877902 symbols_loaded=2
2026-05-17 20:11:43 | INFO     | ayumi.forward_test | Open API spot feed connected for ['GBPUSD', 'USDJPY']
2026-05-17 20:11:44 | INFO     | ayumi.openapi_spot_feed | Fetched 50 trendbars for GBPUSD 60m
2026-05-17 20:11:44 | INFO     | ayumi.forward_test | Preloaded 50 bars into key 'GBPUSD:60'
2026-05-17 20:11:44 | INFO     | ayumi.forward_test | Preloaded 50 bars for GBPUSD 60m
2026-05-17 20:11:45 | INFO     | ayumi.openapi_spot_feed | Fetched 50 trendbars for GBPUSD 15m
2026-05-17 20:11:45 | INFO     | ayumi.forward_test | Preloaded 50 bars into key 'GBPUSD:15'
2026-05-17 20:11:45 | INFO     | ayumi.forward_test | Preloaded 50 bars for GBPUSD 15m
2026-05-17 20:11:45 | INFO     | ayumi.blend_launcher | Shutdown signal — stopping engine...
2026-05-17 20:11:45 | INFO     | ayumi.risk | Saved risk state to data/risk_state_blend.json
2026-05-17 20:11:45 | INFO     | ayumi.forward_test | BlendForwardTestRunner stopped — balance=$10000.00
2026-05-17 20:11:45 | INFO     | ayumi.pid_guard | PID file /home/TacoPants/projects/Ayumi/data/forward_test.pid removed
2026-05-17 20:11:52 | INFO     | ayumi.forward_test | [B5 Periodic] ticks=2 bars_built=0 signals=0 traded=0 eval_errors=0
2026-05-17 20:11:52 | WARNING  | ayumi.forward_test | [B5 Pipeline] 2 ticks received but 0 bars built — tick-to-bar conversion may be stalled
2026-05-17 20:11:52 | INFO     | ayumi.blend_launcher | [B5 Health] ticks=2 tps=1950.84 bars=0 signals=0 trades=0 balance=10000.00 uptime=5701s
2026-05-17 20:11:52 | WARNING  | ayumi.blend_launcher | [B5 Pipeline] Ticks received (2) but zero bars built — tick-to-bar pipeline may be stalled
2026-05-17 20:11:58 | INFO     | ayumi.blend_launcher | [B5 Health] ticks=2 tps=990.16 bars=4 signals=0 trades=0 balance=10000.00 uptime=60s
2026-05-17 20:12:37 | INFO     | ayumi.pid_guard | PID 3041437 written to /home/TacoPants/projects/Ayumi/data/forward_test.pid
2026-05-17 20:12:37 | INFO     | ayumi.blend_launcher | === Ayumi Multi-Strategy Forward Test (Blend Pipeline) ===
2026-05-17 20:12:37 | INFO     | ayumi.blend_launcher | Symbols: ['GBPUSD', 'USDJPY']
2026-05-17 20:12:39 | WARNING  | ayumi.blend_launcher | Could not fetch symbol list from OpenAPI: 'CTraderOpenApiClient' object has no attribute 'get_symbols' — using static mapping
2026-05-17 20:12:39 | INFO     | ayumi.blend_launcher | Fetching 100 H1 bars for GBPUSD (id=2)...
2026-05-17 20:12:41 | INFO     | ayumi.blend_launcher | Fetched 100 H1 bars for GBPUSD
2026-05-17 20:12:41 | INFO     | ayumi.blend_launcher | Fetching 200 M15 bars for GBPUSD (id=2)...
2026-05-17 20:12:43 | INFO     | ayumi.blend_launcher | Fetched 200 M15 bars for GBPUSD
2026-05-17 20:12:43 | INFO     | ayumi.blend_launcher | Fetching 100 H1 bars for USDJPY (id=4)...
2026-05-17 20:12:45 | INFO     | ayumi.blend_launcher | Fetched 100 H1 bars for USDJPY
2026-05-17 20:12:45 | INFO     | ayumi.blend_launcher | Fetching 200 M15 bars for USDJPY (id=4)...
2026-05-17 20:12:47 | INFO     | ayumi.blend_launcher | Fetched 200 M15 bars for USDJPY
2026-05-17 20:12:47 | INFO     | ayumi.blend_launcher | Registered 8 strategies: ['SRMR+', 'Killzone Momentum', 'Donchian Channel Breakout', 'Session-Range Mean Reversion', 'BB+RSI Mean Reversion', 'Session Breakout London', 'Session Breakout NY', 'Session Breakout Asian']
2026-05-17 20:12:47 | INFO     | ayumi.blend_launcher | All strategy .name properties verified against maps
2026-05-17 20:12:47 | INFO     | ayumi.risk | Restored risk state from data/risk_state_blend.json
2026-05-17 20:12:47 | INFO     | ayumi.forward_test | BlendForwardTestRunner started — balance=$10000.00
2026-05-17 20:12:47 | INFO     | ayumi.forward_test | Preloaded 100 bars into key 'GBPUSD:60'
2026-05-17 20:12:47 | INFO     | ayumi.blend_launcher | Preloaded 100 60min bars for GBPUSD into engine
2026-05-17 20:12:47 | INFO     | ayumi.forward_test | Preloaded 200 bars into key 'GBPUSD:15'
2026-05-17 20:12:47 | INFO     | ayumi.blend_launcher | Preloaded 200 15min bars for GBPUSD into engine
2026-05-17 20:12:47 | INFO     | ayumi.forward_test | Preloaded 100 bars into key 'USDJPY:60'
2026-05-17 20:12:47 | INFO     | ayumi.blend_launcher | Preloaded 100 60min bars for USDJPY into engine
2026-05-17 20:12:47 | INFO     | ayumi.forward_test | Preloaded 200 bars into key 'USDJPY:15'
2026-05-17 20:12:47 | INFO     | ayumi.blend_launcher | Preloaded 200 15min bars for USDJPY into engine
2026-05-17 20:12:47 | INFO     | ayumi.blend_launcher | === STARTING MULTI-STRATEGY FORWARD TEST ===
2026-05-17 20:12:47 | INFO     | ayumi.blend_launcher | Pipeline: SRMR+ + Killzone + Momentum + SessionRangeMR → Correlation Gate → Blend Runner → Paper
2026-05-17 20:12:47 | INFO     | ayumi.blend_launcher | Startup diagnostic: strategies=['SRMR+', 'Killzone Momentum', 'Donchian Channel Breakout', 'Session-Range Mean Reversion', 'BB+RSI Mean Reversion', 'Session Breakout London', 'Session Breakout NY', 'Session Breakout Asian']
2026-05-17 20:12:47 | INFO     | ayumi.blend_launcher | Startup diagnostic: symbols=['GBPUSD', 'USDJPY']
2026-05-17 20:12:47 | INFO     | ayumi.blend_launcher | Startup diagnostic: bar_period=60m, min_confidence=0.50
2026-05-17 20:12:47 | INFO     | ayumi.blend_launcher | Startup diagnostic: strategy_timeframes={'SRMR+': 60, 'Killzone Momentum': 15, 'Donchian Channel Breakout': 15, 'Session-Range Mean Reversion': 60, 'BB+RSI Mean Reversion': 60, 'Session Breakout London': 15, 'Session Breakout NY': 15, 'Session Breakout Asian': 15}
2026-05-17 20:12:47 | WARNING  | ayumi.forward_test | Credential validation: sender_comp_id is empty — may cause FIX logon failure
2026-05-17 20:12:47 | INFO     | ayumi.forward_test | OpenApiLiveClient constructed for live_mode
2026-05-17 20:12:47 | INFO     | ayumi.openapi_spot_feed | Connected to demo.ctraderapi.com:5035
2026-05-17 20:12:49 | INFO     | ayumi.openapi_spot_feed | Application authenticated
2026-05-17 20:12:50 | INFO     | ayumi.openapi_spot_feed | No token lifetime from server — defaulting to 86400s
2026-05-17 20:12:50 | INFO     | ayumi.openapi_spot_feed | Scheduling proactive token refresh in 69120s (token lifetime=86400s)
2026-05-17 20:12:50 | INFO     | ayumi.openapi_spot_feed | Account authenticated
2026-05-17 20:12:50 | INFO     | ayumi.openapi_spot_feed | Requesting symbol list for account 46877902
2026-05-17 20:12:51 | INFO     | ayumi.openapi_spot_feed | Loaded 830 symbol name mappings from API
2026-05-17 20:12:51 | INFO     | ayumi.openapi_spot_feed | Pre-fetching details for GBPUSD (id=2)
2026-05-17 20:12:52 | INFO     | ayumi.openapi_spot_feed | Fetched symbol details: id=2 digits=5
2026-05-17 20:12:52 | INFO     | ayumi.openapi_spot_feed | Pre-fetching details for USDJPY (id=4)
2026-05-17 20:12:52 | INFO     | ayumi.forward_test | [B5 Periodic] ticks=2 bars_built=0 signals=0 traded=0 eval_errors=0
2026-05-17 20:12:52 | WARNING  | ayumi.forward_test | [B5 Pipeline] 2 ticks received but 0 bars built — tick-to-bar conversion may be stalled
2026-05-17 20:12:52 | INFO     | ayumi.blend_launcher | [B5 Health] ticks=2 tps=1950.84 bars=0 signals=0 trades=0 balance=10000.00 uptime=5761s
2026-05-17 20:12:52 | WARNING  | ayumi.blend_launcher | [B5 Pipeline] Ticks received (2) but zero bars built — tick-to-bar pipeline may be stalled
2026-05-17 20:12:53 | INFO     | ayumi.openapi_spot_feed | Fetched symbol details: id=4 digits=3
2026-05-17 20:12:53 | INFO     | ayumi.openapi_spot_feed | Subscribed to spot events for symbol_id=2
2026-05-17 20:12:53 | INFO     | ayumi.openapi_spot_feed | Subscribed to spot events for symbol_id=4
2026-05-17 20:12:53 | INFO     | ayumi.openapi_spot_feed | OpenApiSpotFeed started: account=46877902 symbols_loaded=2
2026-05-17 20:12:53 | INFO     | ayumi.forward_test | Open API spot feed connected for ['GBPUSD', 'USDJPY']
2026-05-17 20:12:53 | INFO     | ayumi.openapi_live_client | [OpenApiLiveClient] Symbol map set: 830 entries
2026-05-17 20:12:53 | INFO     | ayumi.openapi_live_client | [OpenApiLiveClient] Riding on spot feed's authenticated connection
2026-05-17 20:12:53 | INFO     | ayumi.forward_test | OpenApiLiveClient connected — live mode active
2026-05-17 20:12:54 | INFO     | ayumi.openapi_spot_feed | Fetched 50 trendbars for GBPUSD 60m
2026-05-17 20:12:54 | INFO     | ayumi.forward_test | Preloaded 50 bars into key 'GBPUSD:60'
2026-05-17 20:12:54 | INFO     | ayumi.forward_test | Preloaded 50 bars for GBPUSD 60m
2026-05-17 20:12:55 | INFO     | ayumi.openapi_spot_feed | Fetched 50 trendbars for GBPUSD 15m
2026-05-17 20:12:55 | INFO     | ayumi.forward_test | Preloaded 50 bars into key 'GBPUSD:15'
2026-05-17 20:12:55 | INFO     | ayumi.forward_test | Preloaded 50 bars for GBPUSD 15m
2026-05-17 20:12:56 | INFO     | ayumi.openapi_spot_feed | Fetched 50 trendbars for USDJPY 60m
2026-05-17 20:12:56 | INFO     | ayumi.forward_test | Preloaded 50 bars into key 'USDJPY:60'
2026-05-17 20:12:56 | INFO     | ayumi.forward_test | Preloaded 50 bars for USDJPY 60m
2026-05-17 20:12:57 | INFO     | ayumi.openapi_spot_feed | Fetched 50 trendbars for USDJPY 15m
2026-05-17 20:12:57 | INFO     | ayumi.forward_test | Preloaded 50 bars into key 'USDJPY:15'
2026-05-17 20:12:57 | INFO     | ayumi.forward_test | Preloaded 50 bars for USDJPY 15m
2026-05-17 20:12:57 | INFO     | ayumi.forward_test | Bar preloading complete
2026-05-17 20:12:57 | INFO     | ayumi.forward_test | Forward test started: symbols=['GBPUSD', 'USDJPY'] strategies=['SRMR+', 'Killzone Momentum', 'Donchian Channel Breakout', 'Session-Range Mean Reversion', 'BB+RSI Mean Reversion', 'Session Breakout London', 'Session Breakout NY', 'Session Breakout Asian'] mode=LIVE eval_interval=1.0s bar_period=60m
2026-05-17 20:12:57 | INFO     | ayumi.forward_test | [B5 Startup] Strategy list: ['SRMR+', 'Killzone Momentum', 'Donchian Channel Breakout', 'Session-Range Mean Reversion', 'BB+RSI Mean Reversion', 'Session Breakout London', 'Session Breakout NY', 'Session Breakout Asian']
2026-05-17 20:12:57 | INFO     | ayumi.forward_test | [B5 Startup] Symbols: ['GBPUSD', 'USDJPY']
2026-05-17 20:12:57 | INFO     | ayumi.forward_test | [B5 Startup] Bar period: 60m
2026-05-17 20:12:57 | INFO     | ayumi.forward_test | [B5 Startup] Min confidence: 0.50
2026-05-17 20:12:57 | INFO     | ayumi.forward_test | [B5 Startup] Min bars for evaluation: 50
2026-05-17 20:12:57 | INFO     | ayumi.forward_test | [B5 Startup] Strategy timeframes: {'SRMR+': 60, 'Killzone Momentum': 15, 'Donchian Channel Breakout': 15, 'Session-Range Mean Reversion': 60, 'BB+RSI Mean Reversion': 60, 'Session Breakout London': 15, 'Session Breakout NY': 15, 'Session Breakout Asian': 15}
2026-05-17 20:12:57 | INFO     | ayumi.forward_test | [B5 Startup] Required timeframes: [15, 60]
2026-05-17 20:12:58 | INFO     | ayumi.blend_launcher | [B5 Health] ticks=2 tps=990.16 bars=4 signals=0 trades=0 balance=10000.00 uptime=120s
2026-05-17 20:13:52 | INFO     | ayumi.forward_test | [B5 Periodic] ticks=2 bars_built=0 signals=0 traded=0 eval_errors=0
2026-05-17 20:13:52 | WARNING  | ayumi.forward_test | [B5 Pipeline] 2 ticks received but 0 bars built — tick-to-bar conversion may be stalled
2026-05-17 20:13:52 | INFO     | ayumi.blend_launcher | [B5 Health] ticks=2 tps=1950.84 bars=0 signals=0 trades=0 balance=10000.00 uptime=5821s
2026-05-17 20:13:52 | WARNING  | ayumi.blend_launcher | [B5 Pipeline] Ticks received (2) but zero bars built — tick-to-bar pipeline may be stalled
2026-05-17 20:13:57 | INFO     | ayumi.forward_test | [B5 Periodic] ticks=2 bars_built=0 signals=0 traded=0 eval_errors=0
2026-05-17 20:13:57 | WARNING  | ayumi.forward_test | [B5 Pipeline] 2 ticks received but 0 bars built — tick-to-bar conversion may be stalled
2026-05-17 20:13:57 | INFO     | ayumi.blend_launcher | [B5 Health] ticks=2 tps=2030.65 bars=0 signals=0 trades=0 balance=10000.00 uptime=60s
2026-05-17 20:13:57 | WARNING  | ayumi.blend_launcher | [B5 Pipeline] Ticks received (2) but zero bars built — tick-to-bar pipeline may be stalled
2026-05-17 20:13:58 | INFO     | ayumi.blend_launcher | [B5 Health] ticks=2 tps=990.16 bars=4 signals=0 trades=0 balance=10000.00 uptime=180s
2026-05-17 20:14:52 | INFO     | ayumi.forward_test | [B5 Periodic] ticks=2 bars_built=0 signals=0 traded=0 eval_errors=0
2026-05-17 20:14:52 | WARNING  | ayumi.forward_test | [B5 Pipeline] 2 ticks received but 0 bars built — tick-to-bar conversion may be stalled
2026-05-17 20:14:52 | INFO     | ayumi.blend_launcher | [B5 Health] ticks=2 tps=1950.84 bars=0 signals=0 trades=0 balance=10000.00 uptime=5881s
2026-05-17 20:14:52 | WARNING  | ayumi.blend_launcher | [B5 Pipeline] Ticks received (2) but zero bars built — tick-to-bar pipeline may be stalled
2026-05-17 20:14:57 | INFO     | ayumi.forward_test | [B5 Periodic] ticks=2 bars_built=0 signals=0 traded=0 eval_errors=0
2026-05-17 20:14:57 | WARNING  | ayumi.forward_test | [B5 Pipeline] 2 ticks received but 0 bars built — tick-to-bar conversion may be stalled
2026-05-17 20:14:57 | INFO     | ayumi.blend_launcher | [B5 Health] ticks=2 tps=2030.65 bars=0 signals=0 trades=0 balance=10000.00 uptime=120s
2026-05-17 20:14:57 | WARNING  | ayumi.blend_launcher | [B5 Pipeline] Ticks received (2) but zero bars built — tick-to-bar pipeline may be stalled
2026-05-17 20:14:58 | INFO     | ayumi.blend_launcher | [B5 Health] ticks=2 tps=990.16 bars=4 signals=0 trades=0 balance=10000.00 uptime=240s
2026-05-17 20:15:52 | INFO     | ayumi.forward_test | [B5 Periodic] ticks=2 bars_built=0 signals=0 traded=0 eval_errors=0
2026-05-17 20:15:52 | WARNING  | ayumi.forward_test | [B5 Pipeline] 2 ticks received but 0 bars built — tick-to-bar conversion may be stalled
2026-05-17 20:15:52 | INFO     | ayumi.blend_launcher | [B5 Health] ticks=2 tps=1950.84 bars=0 signals=0 trades=0 balance=10000.00 uptime=5941s
2026-05-17 20:15:52 | WARNING  | ayumi.blend_launcher | [B5 Pipeline] Ticks received (2) but zero bars built — tick-to-bar pipeline may be stalled
2026-05-17 20:15:57 | INFO     | ayumi.forward_test | [B5 Periodic] ticks=2 bars_built=0 signals=0 traded=0 eval_errors=0
2026-05-17 20:15:57 | WARNING  | ayumi.forward_test | [B5 Pipeline] 2 ticks received but 0 bars built — tick-to-bar conversion may be stalled
2026-05-17 20:15:57 | INFO     | ayumi.blend_launcher | [B5 Health] ticks=2 tps=2030.65 bars=0 signals=0 trades=0 balance=10000.00 uptime=180s
2026-05-17 20:15:57 | WARNING  | ayumi.blend_launcher | [B5 Pipeline] Ticks received (2) but zero bars built — tick-to-bar pipeline may be stalled
2026-05-17 20:15:58 | INFO     | ayumi.blend_launcher | [B5 Health] ticks=2 tps=990.16 bars=4 signals=0 trades=0 balance=10000.00 uptime=300s
2026-05-17 20:16:52 | INFO     | ayumi.forward_test | [B5 Periodic] ticks=2 bars_built=0 signals=0 traded=0 eval_errors=0
2026-05-17 20:16:52 | WARNING  | ayumi.forward_test | [B5 Pipeline] 2 ticks received but 0 bars built — tick-to-bar conversion may be stalled
2026-05-17 20:16:52 | INFO     | ayumi.blend_launcher | [B5 Health] ticks=2 tps=1950.84 bars=0 signals=0 trades=0 balance=10000.00 uptime=6001s
2026-05-17 20:16:52 | WARNING  | ayumi.blend_launcher | [B5 Pipeline] Ticks received (2) but zero bars built — tick-to-bar pipeline may be stalled
2026-05-17 20:16:57 | INFO     | ayumi.forward_test | [B5 Periodic] ticks=2 bars_built=0 signals=0 traded=0 eval_errors=0
2026-05-17 20:16:57 | WARNING  | ayumi.forward_test | [B5 Pipeline] 2 ticks received but 0 bars built — tick-to-bar conversion may be stalled
2026-05-17 20:16:57 | INFO     | ayumi.blend_launcher | [B5 Health] ticks=2 tps=2030.65 bars=0 signals=0 trades=0 balance=10000.00 uptime=240s
2026-05-17 20:16:57 | WARNING  | ayumi.blend_launcher | [B5 Pipeline] Ticks received (2) but zero bars built — tick-to-bar pipeline may be stalled
2026-05-17 20:16:58 | INFO     | ayumi.blend_launcher | [B5 Health] ticks=2 tps=990.16 bars=4 signals=0 trades=0 balance=10000.00 uptime=360s
2026-05-17 20:17:52 | INFO     | ayumi.forward_test | [B5 Periodic] ticks=2 bars_built=0 signals=0 traded=0 eval_errors=0
2026-05-17 20:17:52 | WARNING  | ayumi.forward_test | [B5 Pipeline] 2 ticks received but 0 bars built — tick-to-bar conversion may be stalled
2026-05-17 20:17:52 | INFO     | ayumi.blend_launcher | [B5 Health] ticks=2 tps=1950.84 bars=0 signals=0 trades=0 balance=10000.00 uptime=6061s
2026-05-17 20:17:52 | WARNING  | ayumi.blend_launcher | [B5 Pipeline] Ticks received (2) but zero bars built — tick-to-bar pipeline may be stalled
2026-05-17 20:17:57 | INFO     | ayumi.forward_test | [B5 Periodic] ticks=2 bars_built=0 signals=0 traded=0 eval_errors=0
2026-05-17 20:17:57 | WARNING  | ayumi.forward_test | [B5 Pipeline] 2 ticks received but 0 bars built — tick-to-bar conversion may be stalled
2026-05-17 20:17:57 | INFO     | ayumi.blend_launcher | [B5 Health] ticks=2 tps=2030.65 bars=0 signals=0 trades=0 balance=10000.00 uptime=300s
2026-05-17 20:17:57 | WARNING  | ayumi.blend_launcher | [B5 Pipeline] Ticks received (2) but zero bars built — tick-to-bar pipeline may be stalled
2026-05-17 20:17:58 | INFO     | ayumi.blend_launcher | [B5 Health] ticks=2 tps=990.16 bars=4 signals=0 trades=0 balance=10000.00 uptime=420s
2026-05-17 20:18:52 | INFO     | ayumi.forward_test | [B5 Periodic] ticks=2 bars_built=0 signals=0 traded=0 eval_errors=0
2026-05-17 20:18:52 | WARNING  | ayumi.forward_test | [B5 Pipeline] 2 ticks received but 0 bars built — tick-to-bar conversion may be stalled
2026-05-17 20:18:52 | INFO     | ayumi.blend_launcher | [B5 Health] ticks=2 tps=1950.84 bars=0 signals=0 trades=0 balance=10000.00 uptime=6121s
2026-05-17 20:18:52 | WARNING  | ayumi.blend_launcher | [B5 Pipeline] Ticks received (2) but zero bars built — tick-to-bar pipeline may be stalled
2026-05-17 20:18:57 | INFO     | ayumi.forward_test | [B5 Periodic] ticks=2 bars_built=0 signals=0 traded=0 eval_errors=0
2026-05-17 20:18:57 | WARNING  | ayumi.forward_test | [B5 Pipeline] 2 ticks received but 0 bars built — tick-to-bar conversion may be stalled
2026-05-17 20:18:57 | INFO     | ayumi.blend_launcher | [B5 Health] ticks=2 tps=2030.65 bars=0 signals=0 trades=0 balance=10000.00 uptime=360s
2026-05-17 20:18:57 | WARNING  | ayumi.blend_launcher | [B5 Pipeline] Ticks received (2) but zero bars built — tick-to-bar pipeline may be stalled
2026-05-17 20:18:58 | INFO     | ayumi.blend_launcher | [B5 Health] ticks=2 tps=990.16 bars=4 signals=0 trades=0 balance=10000.00 uptime=480s
2026-05-17 20:19:52 | INFO     | ayumi.forward_test | [B5 Periodic] ticks=2 bars_built=0 signals=0 traded=0 eval_errors=0
2026-05-17 20:19:52 | WARNING  | ayumi.forward_test | [B5 Pipeline] 2 ticks received but 0 bars built — tick-to-bar conversion may be stalled
2026-05-17 20:19:52 | INFO     | ayumi.blend_launcher | [B5 Health] ticks=2 tps=1950.84 bars=0 signals=0 trades=0 balance=10000.00 uptime=6181s
2026-05-17 20:19:52 | WARNING  | ayumi.blend_launcher | [B5 Pipeline] Ticks received (2) but zero bars built — tick-to-bar pipeline may be stalled
2026-05-17 20:19:57 | INFO     | ayumi.forward_test | [B5 Periodic] ticks=2 bars_built=0 signals=0 traded=0 eval_errors=0
2026-05-17 20:19:57 | WARNING  | ayumi.forward_test | [B5 Pipeline] 2 ticks received but 0 bars built — tick-to-bar conversion may be stalled
2026-05-17 20:19:57 | INFO     | ayumi.blend_launcher | [B5 Health] ticks=2 tps=2030.65 bars=0 signals=0 trades=0 balance=10000.00 uptime=420s
2026-05-17 20:19:57 | WARNING  | ayumi.blend_launcher | [B5 Pipeline] Ticks received (2) but zero bars built — tick-to-bar pipeline may be stalled
2026-05-17 20:19:58 | INFO     | ayumi.blend_launcher | [B5 Health] ticks=2 tps=990.16 bars=4 signals=0 trades=0 balance=10000.00 uptime=540s
2026-05-17 20:20:52 | INFO     | ayumi.forward_test | [B5 Periodic] ticks=2 bars_built=0 signals=0 traded=0 eval_errors=0
2026-05-17 20:20:52 | WARNING  | ayumi.forward_test | [B5 Pipeline] 2 ticks received but 0 bars built — tick-to-bar conversion may be stalled
2026-05-17 20:20:52 | INFO     | ayumi.blend_launcher | [B5 Health] ticks=2 tps=1950.84 bars=0 signals=0 trades=0 balance=10000.00 uptime=6241s
2026-05-17 20:20:52 | WARNING  | ayumi.blend_launcher | [B5 Pipeline] Ticks received (2) but zero bars built — tick-to-bar pipeline may be stalled
2026-05-17 20:20:57 | INFO     | ayumi.forward_test | [B5 Periodic] ticks=2 bars_built=0 signals=0 traded=0 eval_errors=0
2026-05-17 20:20:57 | WARNING  | ayumi.forward_test | [B5 Pipeline] 2 ticks received but 0 bars built — tick-to-bar conversion may be stalled
2026-05-17 20:20:57 | INFO     | ayumi.blend_launcher | [B5 Health] ticks=2 tps=2030.65 bars=0 signals=0 trades=0 balance=10000.00 uptime=480s
2026-05-17 20:20:57 | WARNING  | ayumi.blend_launcher | [B5 Pipeline] Ticks received (2) but zero bars built — tick-to-bar pipeline may be stalled
2026-05-17 20:20:58 | INFO     | ayumi.blend_launcher | [B5 Health] ticks=2 tps=990.16 bars=4 signals=0 trades=0 balance=10000.00 uptime=600s
2026-05-17 20:21:52 | INFO     | ayumi.forward_test | [B5 Periodic] ticks=2 bars_built=0 signals=0 traded=0 eval_errors=0
2026-05-17 20:21:52 | WARNING  | ayumi.forward_test | [B5 Pipeline] 2 ticks received but 0 bars built — tick-to-bar conversion may be stalled
2026-05-17 20:21:52 | INFO     | ayumi.blend_launcher | [B5 Health] ticks=2 tps=1950.84 bars=0 signals=0 trades=0 balance=10000.00 uptime=6301s
2026-05-17 20:21:52 | WARNING  | ayumi.blend_launcher | [B5 Pipeline] Ticks received (2) but zero bars built — tick-to-bar pipeline may be stalled
2026-05-17 20:21:57 | INFO     | ayumi.forward_test | [B5 Periodic] ticks=2 bars_built=0 signals=0 traded=0 eval_errors=0
2026-05-17 20:21:57 | WARNING  | ayumi.forward_test | [B5 Pipeline] 2 ticks received but 0 bars built — tick-to-bar conversion may be stalled
2026-05-17 20:21:57 | INFO     | ayumi.blend_launcher | [B5 Health] ticks=2 tps=2030.65 bars=0 signals=0 trades=0 balance=10000.00 uptime=540s
2026-05-17 20:21:57 | WARNING  | ayumi.blend_launcher | [B5 Pipeline] Ticks received (2) but zero bars built — tick-to-bar pipeline may be stalled
2026-05-17 20:21:58 | INFO     | ayumi.blend_launcher | [B5 Health] ticks=2 tps=990.16 bars=4 signals=0 trades=0 balance=10000.00 uptime=660s
2026-05-17 20:22:52 | INFO     | ayumi.forward_test | [B5 Periodic] ticks=2 bars_built=0 signals=0 traded=0 eval_errors=0
2026-05-17 20:22:52 | WARNING  | ayumi.forward_test | [B5 Pipeline] 2 ticks received but 0 bars built — tick-to-bar conversion may be stalled
2026-05-17 20:22:52 | INFO     | ayumi.blend_launcher | [B5 Health] ticks=2 tps=1950.84 bars=0 signals=0 trades=0 balance=10000.00 uptime=6361s
2026-05-17 20:22:52 | WARNING  | ayumi.blend_launcher | [B5 Pipeline] Ticks received (2) but zero bars built — tick-to-bar pipeline may be stalled
2026-05-17 20:22:57 | INFO     | ayumi.forward_test | [B5 Periodic] ticks=2 bars_built=0 signals=0 traded=0 eval_errors=0
2026-05-17 20:22:57 | WARNING  | ayumi.forward_test | [B5 Pipeline] 2 ticks received but 0 bars built — tick-to-bar conversion may be stalled
2026-05-17 20:22:57 | INFO     | ayumi.blend_launcher | [B5 Health] ticks=2 tps=2030.65 bars=0 signals=0 trades=0 balance=10000.00 uptime=600s
2026-05-17 20:22:57 | WARNING  | ayumi.blend_launcher | [B5 Pipeline] Ticks received (2) but zero bars built — tick-to-bar pipeline may be stalled
2026-05-17 20:22:58 | INFO     | ayumi.blend_launcher | [B5 Health] ticks=2 tps=990.16 bars=4 signals=0 trades=0 balance=10000.00 uptime=720s
2026-05-17 20:23:52 | INFO     | ayumi.forward_test | [B5 Periodic] ticks=2 bars_built=0 signals=0 traded=0 eval_errors=0
2026-05-17 20:23:52 | WARNING  | ayumi.forward_test | [B5 Pipeline] 2 ticks received but 0 bars built — tick-to-bar conversion may be stalled
2026-05-17 20:23:52 | INFO     | ayumi.blend_launcher | [B5 Health] ticks=2 tps=1950.84 bars=0 signals=0 trades=0 balance=10000.00 uptime=6421s
2026-05-17 20:23:52 | WARNING  | ayumi.blend_launcher | [B5 Pipeline] Ticks received (2) but zero bars built — tick-to-bar pipeline may be stalled
2026-05-17 20:23:57 | INFO     | ayumi.forward_test | [B5 Periodic] ticks=2 bars_built=0 signals=0 traded=0 eval_errors=0
2026-05-17 20:23:57 | WARNING  | ayumi.forward_test | [B5 Pipeline] 2 ticks received but 0 bars built — tick-to-bar conversion may be stalled
2026-05-17 20:23:57 | INFO     | ayumi.blend_launcher | [B5 Health] ticks=2 tps=2030.65 bars=0 signals=0 trades=0 balance=10000.00 uptime=660s
2026-05-17 20:23:57 | WARNING  | ayumi.blend_launcher | [B5 Pipeline] Ticks received (2) but zero bars built — tick-to-bar pipeline may be stalled
2026-05-17 20:23:58 | INFO     | ayumi.blend_launcher | [B5 Health] ticks=2 tps=990.16 bars=4 signals=0 trades=0 balance=10000.00 uptime=780s
2026-05-17 20:24:52 | INFO     | ayumi.forward_test | [B5 Periodic] ticks=2 bars_built=0 signals=0 traded=0 eval_errors=0
2026-05-17 20:24:52 | WARNING  | ayumi.forward_test | [B5 Pipeline] 2 ticks received but 0 bars built — tick-to-bar conversion may be stalled
2026-05-17 20:24:52 | INFO     | ayumi.blend_launcher | [B5 Health] ticks=2 tps=1950.84 bars=0 signals=0 trades=0 balance=10000.00 uptime=6481s
2026-05-17 20:24:52 | WARNING  | ayumi.blend_launcher | [B5 Pipeline] Ticks received (2) but zero bars built — tick-to-bar pipeline may be stalled
2026-05-17 20:24:57 | INFO     | ayumi.forward_test | [B5 Periodic] ticks=2 bars_built=0 signals=0 traded=0 eval_errors=0
2026-05-17 20:24:57 | WARNING  | ayumi.forward_test | [B5 Pipeline] 2 ticks received but 0 bars built — tick-to-bar conversion may be stalled
2026-05-17 20:24:57 | INFO     | ayumi.blend_launcher | [B5 Health] ticks=2 tps=2030.65 bars=0 signals=0 trades=0 balance=10000.00 uptime=720s
2026-05-17 20:24:57 | WARNING  | ayumi.blend_launcher | [B5 Pipeline] Ticks received (2) but zero bars built — tick-to-bar pipeline may be stalled
2026-05-17 20:24:58 | INFO     | ayumi.blend_launcher | [B5 Health] ticks=2 tps=990.16 bars=4 signals=0 trades=0 balance=10000.00 uptime=840s
2026-05-17 20:25:52 | INFO     | ayumi.forward_test | [B5 Periodic] ticks=2 bars_built=0 signals=0 traded=0 eval_errors=0
2026-05-17 20:25:52 | WARNING  | ayumi.forward_test | [B5 Pipeline] 2 ticks received but 0 bars built — tick-to-bar conversion may be stalled
2026-05-17 20:25:52 | INFO     | ayumi.blend_launcher | [B5 Health] ticks=2 tps=1950.84 bars=0 signals=0 trades=0 balance=10000.00 uptime=6541s
2026-05-17 20:25:52 | WARNING  | ayumi.blend_launcher | [B5 Pipeline] Ticks received (2) but zero bars built — tick-to-bar pipeline may be stalled
2026-05-17 20:25:57 | INFO     | ayumi.forward_test | [B5 Periodic] ticks=2 bars_built=0 signals=0 traded=0 eval_errors=0
2026-05-17 20:25:57 | WARNING  | ayumi.forward_test | [B5 Pipeline] 2 ticks received but 0 bars built — tick-to-bar conversion may be stalled
2026-05-17 20:25:57 | INFO     | ayumi.blend_launcher | [B5 Health] ticks=2 tps=2030.65 bars=0 signals=0 trades=0 balance=10000.00 uptime=780s
2026-05-17 20:25:57 | WARNING  | ayumi.blend_launcher | [B5 Pipeline] Ticks received (2) but zero bars built — tick-to-bar pipeline may be stalled
2026-05-17 20:25:58 | INFO     | ayumi.blend_launcher | [B5 Health] ticks=2 tps=990.16 bars=4 signals=0 trades=0 balance=10000.00 uptime=900s
2026-05-17 20:26:52 | INFO     | ayumi.forward_test | [B5 Periodic] ticks=2 bars_built=0 signals=0 traded=0 eval_errors=0
2026-05-17 20:26:52 | WARNING  | ayumi.forward_test | [B5 Pipeline] 2 ticks received but 0 bars built — tick-to-bar conversion may be stalled
2026-05-17 20:26:52 | INFO     | ayumi.blend_launcher | [B5 Health] ticks=2 tps=1950.84 bars=0 signals=0 trades=0 balance=10000.00 uptime=6601s
2026-05-17 20:26:52 | WARNING  | ayumi.blend_launcher | [B5 Pipeline] Ticks received (2) but zero bars built — tick-to-bar pipeline may be stalled
2026-05-17 20:26:57 | INFO     | ayumi.forward_test | [B5 Periodic] ticks=2 bars_built=0 signals=0 traded=0 eval_errors=0
2026-05-17 20:26:57 | WARNING  | ayumi.forward_test | [B5 Pipeline] 2 ticks received but 0 bars built — tick-to-bar conversion may be stalled
2026-05-17 20:26:57 | INFO     | ayumi.blend_launcher | [B5 Health] ticks=2 tps=2030.65 bars=0 signals=0 trades=0 balance=10000.00 uptime=840s
2026-05-17 20:26:57 | WARNING  | ayumi.blend_launcher | [B5 Pipeline] Ticks received (2) but zero bars built — tick-to-bar pipeline may be stalled
2026-05-17 20:26:58 | INFO     | ayumi.blend_launcher | [B5 Health] ticks=2 tps=990.16 bars=4 signals=0 trades=0 balance=10000.00 uptime=960s
2026-05-17 20:27:52 | INFO     | ayumi.forward_test | [B5 Periodic] ticks=2 bars_built=0 signals=0 traded=0 eval_errors=0
2026-05-17 20:27:52 | WARNING  | ayumi.forward_test | [B5 Pipeline] 2 ticks received but 0 bars built — tick-to-bar conversion may be stalled
2026-05-17 20:27:52 | INFO     | ayumi.blend_launcher | [B5 Health] ticks=2 tps=1950.84 bars=0 signals=0 trades=0 balance=10000.00 uptime=6661s
2026-05-17 20:27:52 | WARNING  | ayumi.blend_launcher | [B5 Pipeline] Ticks received (2) but zero bars built — tick-to-bar pipeline may be stalled
2026-05-17 20:27:57 | INFO     | ayumi.forward_test | [B5 Periodic] ticks=2 bars_built=0 signals=0 traded=0 eval_errors=0
2026-05-17 20:27:57 | WARNING  | ayumi.forward_test | [B5 Pipeline] 2 ticks received but 0 bars built — tick-to-bar conversion may be stalled
2026-05-17 20:27:57 | INFO     | ayumi.blend_launcher | [B5 Health] ticks=2 tps=2030.65 bars=0 signals=0 trades=0 balance=10000.00 uptime=900s
2026-05-17 20:27:57 | WARNING  | ayumi.blend_launcher | [B5 Pipeline] Ticks received (2) but zero bars built — tick-to-bar pipeline may be stalled
2026-05-17 20:27:58 | INFO     | ayumi.blend_launcher | [B5 Health] ticks=2 tps=990.16 bars=4 signals=0 trades=0 balance=10000.00 uptime=1020s
2026-05-17 20:28:52 | INFO     | ayumi.forward_test | [B5 Periodic] ticks=2 bars_built=0 signals=0 traded=0 eval_errors=0
2026-05-17 20:28:52 | WARNING  | ayumi.forward_test | [B5 Pipeline] 2 ticks received but 0 bars built — tick-to-bar conversion may be stalled
2026-05-17 20:28:52 | INFO     | ayumi.blend_launcher | [B5 Health] ticks=2 tps=1950.84 bars=0 signals=0 trades=0 balance=10000.00 uptime=6721s
2026-05-17 20:28:52 | WARNING  | ayumi.blend_launcher | [B5 Pipeline] Ticks received (2) but zero bars built — tick-to-bar pipeline may be stalled
2026-05-17 20:28:57 | INFO     | ayumi.forward_test | [B5 Periodic] ticks=2 bars_built=0 signals=0 traded=0 eval_errors=0
2026-05-17 20:28:57 | WARNING  | ayumi.forward_test | [B5 Pipeline] 2 ticks received but 0 bars built — tick-to-bar conversion may be stalled
2026-05-17 20:28:57 | INFO     | ayumi.blend_launcher | [B5 Health] ticks=2 tps=2030.65 bars=0 signals=0 trades=0 balance=10000.00 uptime=960s
2026-05-17 20:28:57 | WARNING  | ayumi.blend_launcher | [B5 Pipeline] Ticks received (2) but zero bars built — tick-to-bar pipeline may be stalled
2026-05-17 20:28:58 | INFO     | ayumi.blend_launcher | [B5 Health] ticks=2 tps=990.16 bars=4 signals=0 trades=0 balance=10000.00 uptime=1080s
2026-05-17 20:29:52 | INFO     | ayumi.forward_test | [B5 Periodic] ticks=2 bars_built=0 signals=0 traded=0 eval_errors=0
2026-05-17 20:29:52 | WARNING  | ayumi.forward_test | [B5 Pipeline] 2 ticks received but 0 bars built — tick-to-bar conversion may be stalled
2026-05-17 20:29:52 | INFO     | ayumi.blend_launcher | [B5 Health] ticks=2 tps=1950.84 bars=0 signals=0 trades=0 balance=10000.00 uptime=6781s
2026-05-17 20:29:52 | WARNING  | ayumi.blend_launcher | [B5 Pipeline] Ticks received (2) but zero bars built — tick-to-bar pipeline may be stalled
2026-05-17 20:29:57 | INFO     | ayumi.forward_test | [B5 Periodic] ticks=2 bars_built=0 signals=0 traded=0 eval_errors=0
2026-05-17 20:29:57 | WARNING  | ayumi.forward_test | [B5 Pipeline] 2 ticks received but 0 bars built — tick-to-bar conversion may be stalled
2026-05-17 20:29:57 | INFO     | ayumi.blend_launcher | [B5 Health] ticks=2 tps=2030.65 bars=0 signals=0 trades=0 balance=10000.00 uptime=1020s
2026-05-17 20:29:57 | WARNING  | ayumi.blend_launcher | [B5 Pipeline] Ticks received (2) but zero bars built — tick-to-bar pipeline may be stalled
2026-05-17 20:29:58 | INFO     | ayumi.blend_launcher | [B5 Health] ticks=2 tps=990.16 bars=4 signals=0 trades=0 balance=10000.00 uptime=1140s
2026-05-17 20:30:52 | INFO     | ayumi.forward_test | [B5 Periodic] ticks=2 bars_built=0 signals=0 traded=0 eval_errors=0
2026-05-17 20:30:52 | WARNING  | ayumi.forward_test | [B5 Pipeline] 2 ticks received but 0 bars built — tick-to-bar conversion may be stalled
2026-05-17 20:30:52 | INFO     | ayumi.blend_launcher | [B5 Health] ticks=2 tps=1950.84 bars=0 signals=0 trades=0 balance=10000.00 uptime=6841s
2026-05-17 20:30:52 | WARNING  | ayumi.blend_launcher | [B5 Pipeline] Ticks received (2) but zero bars built — tick-to-bar pipeline may be stalled
2026-05-17 20:30:57 | INFO     | ayumi.forward_test | [B5 Periodic] ticks=2 bars_built=0 signals=0 traded=0 eval_errors=0
2026-05-17 20:30:57 | WARNING  | ayumi.forward_test | [B5 Pipeline] 2 ticks received but 0 bars built — tick-to-bar conversion may be stalled
2026-05-17 20:30:57 | INFO     | ayumi.blend_launcher | [B5 Health] ticks=2 tps=2030.65 bars=0 signals=0 trades=0 balance=10000.00 uptime=1080s
2026-05-17 20:30:57 | WARNING  | ayumi.blend_launcher | [B5 Pipeline] Ticks received (2) but zero bars built — tick-to-bar pipeline may be stalled
2026-05-17 20:30:58 | INFO     | ayumi.blend_launcher | [B5 Health] ticks=2 tps=990.16 bars=4 signals=0 trades=0 balance=10000.00 uptime=1200s
2026-05-17 20:31:52 | INFO     | ayumi.forward_test | [B5 Periodic] ticks=2 bars_built=0 signals=0 traded=0 eval_errors=0
2026-05-17 20:31:52 | WARNING  | ayumi.forward_test | [B5 Pipeline] 2 ticks received but 0 bars built — tick-to-bar conversion may be stalled
2026-05-17 20:31:52 | INFO     | ayumi.blend_launcher | [B5 Health] ticks=2 tps=1950.84 bars=0 signals=0 trades=0 balance=10000.00 uptime=6901s
2026-05-17 20:31:52 | WARNING  | ayumi.blend_launcher | [B5 Pipeline] Ticks received (2) but zero bars built — tick-to-bar pipeline may be stalled
2026-05-17 20:31:57 | INFO     | ayumi.forward_test | [B5 Periodic] ticks=2 bars_built=0 signals=0 traded=0 eval_errors=0
2026-05-17 20:31:57 | WARNING  | ayumi.forward_test | [B5 Pipeline] 2 ticks received but 0 bars built — tick-to-bar conversion may be stalled
2026-05-17 20:31:57 | INFO     | ayumi.blend_launcher | [B5 Health] ticks=2 tps=2030.65 bars=0 signals=0 trades=0 balance=10000.00 uptime=1140s
2026-05-17 20:31:57 | WARNING  | ayumi.blend_launcher | [B5 Pipeline] Ticks received (2) but zero bars built — tick-to-bar pipeline may be stalled
2026-05-17 20:31:58 | INFO     | ayumi.blend_launcher | [B5 Health] ticks=2 tps=990.16 bars=4 signals=0 trades=0 balance=10000.00 uptime=1260s
2026-05-17 20:32:52 | INFO     | ayumi.forward_test | [B5 Periodic] ticks=2 bars_built=0 signals=0 traded=0 eval_errors=0
2026-05-17 20:32:52 | WARNING  | ayumi.forward_test | [B5 Pipeline] 2 ticks received but 0 bars built — tick-to-bar conversion may be stalled
2026-05-17 20:32:52 | INFO     | ayumi.blend_launcher | [B5 Health] ticks=2 tps=1950.84 bars=0 signals=0 trades=0 balance=10000.00 uptime=6961s
2026-05-17 20:32:52 | WARNING  | ayumi.blend_launcher | [B5 Pipeline] Ticks received (2) but zero bars built — tick-to-bar pipeline may be stalled
2026-05-17 20:32:57 | INFO     | ayumi.forward_test | [B5 Periodic] ticks=2 bars_built=0 signals=0 traded=0 eval_errors=0
2026-05-17 20:32:57 | WARNING  | ayumi.forward_test | [B5 Pipeline] 2 ticks received but 0 bars built — tick-to-bar conversion may be stalled
2026-05-17 20:32:57 | INFO     | ayumi.blend_launcher | [B5 Health] ticks=2 tps=2030.65 bars=0 signals=0 trades=0 balance=10000.00 uptime=1200s
2026-05-17 20:32:57 | WARNING  | ayumi.blend_launcher | [B5 Pipeline] Ticks received (2) but zero bars built — tick-to-bar pipeline may be stalled
2026-05-17 20:32:58 | INFO     | ayumi.blend_launcher | [B5 Health] ticks=2 tps=990.16 bars=4 signals=0 trades=0 balance=10000.00 uptime=1320s
2026-05-17 20:33:52 | INFO     | ayumi.forward_test | [B5 Periodic] ticks=2 bars_built=0 signals=0 traded=0 eval_errors=0
2026-05-17 20:33:52 | WARNING  | ayumi.forward_test | [B5 Pipeline] 2 ticks received but 0 bars built — tick-to-bar conversion may be stalled
2026-05-17 20:33:52 | INFO     | ayumi.blend_launcher | [B5 Health] ticks=2 tps=1950.84 bars=0 signals=0 trades=0 balance=10000.00 uptime=7021s
2026-05-17 20:33:52 | WARNING  | ayumi.blend_launcher | [B5 Pipeline] Ticks received (2) but zero bars built — tick-to-bar pipeline may be stalled
2026-05-17 20:33:57 | INFO     | ayumi.forward_test | [B5 Periodic] ticks=2 bars_built=0 signals=0 traded=0 eval_errors=0
2026-05-17 20:33:57 | WARNING  | ayumi.forward_test | [B5 Pipeline] 2 ticks received but 0 bars built — tick-to-bar conversion may be stalled
2026-05-17 20:33:57 | INFO     | ayumi.blend_launcher | [B5 Health] ticks=2 tps=2030.65 bars=0 signals=0 trades=0 balance=10000.00 uptime=1260s
2026-05-17 20:33:57 | WARNING  | ayumi.blend_launcher | [B5 Pipeline] Ticks received (2) but zero bars built — tick-to-bar pipeline may be stalled
2026-05-17 20:33:58 | INFO     | ayumi.blend_launcher | [B5 Health] ticks=2 tps=990.16 bars=4 signals=0 trades=0 balance=10000.00 uptime=1380s
2026-05-17 20:34:52 | INFO     | ayumi.forward_test | [B5 Periodic] ticks=2 bars_built=0 signals=0 traded=0 eval_errors=0
2026-05-17 20:34:52 | WARNING  | ayumi.forward_test | [B5 Pipeline] 2 ticks received but 0 bars built — tick-to-bar conversion may be stalled
2026-05-17 20:34:52 | INFO     | ayumi.blend_launcher | [B5 Health] ticks=2 tps=1950.84 bars=0 signals=0 trades=0 balance=10000.00 uptime=7081s
2026-05-17 20:34:52 | WARNING  | ayumi.blend_launcher | [B5 Pipeline] Ticks received (2) but zero bars built — tick-to-bar pipeline may be stalled
2026-05-17 20:34:57 | INFO     | ayumi.forward_test | [B5 Periodic] ticks=2 bars_built=0 signals=0 traded=0 eval_errors=0
2026-05-17 20:34:57 | WARNING  | ayumi.forward_test | [B5 Pipeline] 2 ticks received but 0 bars built — tick-to-bar conversion may be stalled
2026-05-17 20:34:57 | INFO     | ayumi.blend_launcher | [B5 Health] ticks=2 tps=2030.65 bars=0 signals=0 trades=0 balance=10000.00 uptime=1320s
2026-05-17 20:34:57 | WARNING  | ayumi.blend_launcher | [B5 Pipeline] Ticks received (2) but zero bars built — tick-to-bar pipeline may be stalled
2026-05-17 20:34:58 | INFO     | ayumi.blend_launcher | [B5 Health] ticks=2 tps=990.16 bars=4 signals=0 trades=0 balance=10000.00 uptime=1440s
2026-05-17 20:35:52 | INFO     | ayumi.forward_test | [B5 Periodic] ticks=2 bars_built=0 signals=0 traded=0 eval_errors=0
2026-05-17 20:35:52 | WARNING  | ayumi.forward_test | [B5 Pipeline] 2 ticks received but 0 bars built — tick-to-bar conversion may be stalled
2026-05-17 20:35:52 | INFO     | ayumi.blend_launcher | [B5 Health] ticks=2 tps=1950.84 bars=0 signals=0 trades=0 balance=10000.00 uptime=7141s
2026-05-17 20:35:52 | WARNING  | ayumi.blend_launcher | [B5 Pipeline] Ticks received (2) but zero bars built — tick-to-bar pipeline may be stalled
2026-05-17 20:35:57 | INFO     | ayumi.forward_test | [B5 Periodic] ticks=2 bars_built=0 signals=0 traded=0 eval_errors=0
2026-05-17 20:35:57 | WARNING  | ayumi.forward_test | [B5 Pipeline] 2 ticks received but 0 bars built — tick-to-bar conversion may be stalled
2026-05-17 20:35:57 | INFO     | ayumi.blend_launcher | [B5 Health] ticks=2 tps=2030.65 bars=0 signals=0 trades=0 balance=10000.00 uptime=1380s
2026-05-17 20:35:57 | WARNING  | ayumi.blend_launcher | [B5 Pipeline] Ticks received (2) but zero bars built — tick-to-bar pipeline may be stalled
2026-05-17 20:35:58 | INFO     | ayumi.blend_launcher | [B5 Health] ticks=2 tps=990.16 bars=4 signals=0 trades=0 balance=10000.00 uptime=1500s
2026-05-17 20:36:52 | INFO     | ayumi.forward_test | [B5 Periodic] ticks=2 bars_built=0 signals=0 traded=0 eval_errors=0
2026-05-17 20:36:52 | WARNING  | ayumi.forward_test | [B5 Pipeline] 2 ticks received but 0 bars built — tick-to-bar conversion may be stalled
2026-05-17 20:36:52 | INFO     | ayumi.blend_launcher | [B5 Health] ticks=2 tps=1950.84 bars=0 signals=0 trades=0 balance=10000.00 uptime=7201s
2026-05-17 20:36:52 | WARNING  | ayumi.blend_launcher | [B5 Pipeline] Ticks received (2) but zero bars built — tick-to-bar pipeline may be stalled
2026-05-17 20:36:57 | INFO     | ayumi.forward_test | [B5 Periodic] ticks=2 bars_built=0 signals=0 traded=0 eval_errors=0
2026-05-17 20:36:57 | WARNING  | ayumi.forward_test | [B5 Pipeline] 2 ticks received but 0 bars built — tick-to-bar conversion may be stalled
2026-05-17 20:36:57 | INFO     | ayumi.blend_launcher | [B5 Health] ticks=2 tps=2030.65 bars=0 signals=0 trades=0 balance=10000.00 uptime=1440s
2026-05-17 20:36:57 | WARNING  | ayumi.blend_launcher | [B5 Pipeline] Ticks received (2) but zero bars built — tick-to-bar pipeline may be stalled
2026-05-17 20:36:58 | INFO     | ayumi.blend_launcher | [B5 Health] ticks=2 tps=990.16 bars=4 signals=0 trades=0 balance=10000.00 uptime=1560s
2026-05-17 20:37:52 | INFO     | ayumi.forward_test | [B5 Periodic] ticks=2 bars_built=0 signals=0 traded=0 eval_errors=0
2026-05-17 20:37:52 | WARNING  | ayumi.forward_test | [B5 Pipeline] 2 ticks received but 0 bars built — tick-to-bar conversion may be stalled
2026-05-17 20:37:52 | INFO     | ayumi.blend_launcher | [B5 Health] ticks=2 tps=1950.84 bars=0 signals=0 trades=0 balance=10000.00 uptime=7261s
2026-05-17 20:37:52 | WARNING  | ayumi.blend_launcher | [B5 Pipeline] Ticks received (2) but zero bars built — tick-to-bar pipeline may be stalled
2026-05-17 20:37:57 | INFO     | ayumi.forward_test | [B5 Periodic] ticks=2 bars_built=0 signals=0 traded=0 eval_errors=0
2026-05-17 20:37:57 | WARNING  | ayumi.forward_test | [B5 Pipeline] 2 ticks received but 0 bars built — tick-to-bar conversion may be stalled
2026-05-17 20:37:57 | INFO     | ayumi.blend_launcher | [B5 Health] ticks=2 tps=2030.65 bars=0 signals=0 trades=0 balance=10000.00 uptime=1500s
2026-05-17 20:37:57 | WARNING  | ayumi.blend_launcher | [B5 Pipeline] Ticks received (2) but zero bars built — tick-to-bar pipeline may be stalled
2026-05-17 20:37:58 | INFO     | ayumi.blend_launcher | [B5 Health] ticks=2 tps=990.16 bars=4 signals=0 trades=0 balance=10000.00 uptime=1620s
2026-05-17 20:38:52 | INFO     | ayumi.forward_test | [B5 Periodic] ticks=2 bars_built=0 signals=0 traded=0 eval_errors=0
2026-05-17 20:38:52 | WARNING  | ayumi.forward_test | [B5 Pipeline] 2 ticks received but 0 bars built — tick-to-bar conversion may be stalled
2026-05-17 20:38:53 | INFO     | ayumi.blend_launcher | [B5 Health] ticks=2 tps=1950.84 bars=0 signals=0 trades=0 balance=10000.00 uptime=7321s
2026-05-17 20:38:53 | WARNING  | ayumi.blend_launcher | [B5 Pipeline] Ticks received (2) but zero bars built — tick-to-bar pipeline may be stalled
2026-05-17 20:38:57 | INFO     | ayumi.forward_test | [B5 Periodic] ticks=2 bars_built=0 signals=0 traded=0 eval_errors=0
2026-05-17 20:38:57 | WARNING  | ayumi.forward_test | [B5 Pipeline] 2 ticks received but 0 bars built — tick-to-bar conversion may be stalled
2026-05-17 20:38:57 | INFO     | ayumi.blend_launcher | [B5 Health] ticks=2 tps=2030.65 bars=0 signals=0 trades=0 balance=10000.00 uptime=1560s
2026-05-17 20:38:57 | WARNING  | ayumi.blend_launcher | [B5 Pipeline] Ticks received (2) but zero bars built — tick-to-bar pipeline may be stalled
2026-05-17 20:38:58 | INFO     | ayumi.blend_launcher | [B5 Health] ticks=2 tps=990.16 bars=4 signals=0 trades=0 balance=10000.00 uptime=1680s
2026-05-17 20:39:52 | INFO     | ayumi.forward_test | [B5 Periodic] ticks=2 bars_built=0 signals=0 traded=0 eval_errors=0
2026-05-17 20:39:52 | WARNING  | ayumi.forward_test | [B5 Pipeline] 2 ticks received but 0 bars built — tick-to-bar conversion may be stalled
2026-05-17 20:39:53 | INFO     | ayumi.blend_launcher | [B5 Health] ticks=2 tps=1950.84 bars=0 signals=0 trades=0 balance=10000.00 uptime=7381s
2026-05-17 20:39:53 | WARNING  | ayumi.blend_launcher | [B5 Pipeline] Ticks received (2) but zero bars built — tick-to-bar pipeline may be stalled
2026-05-17 20:39:57 | INFO     | ayumi.forward_test | [B5 Periodic] ticks=2 bars_built=0 signals=0 traded=0 eval_errors=0
2026-05-17 20:39:57 | WARNING  | ayumi.forward_test | [B5 Pipeline] 2 ticks received but 0 bars built — tick-to-bar conversion may be stalled
2026-05-17 20:39:57 | INFO     | ayumi.blend_launcher | [B5 Health] ticks=2 tps=2030.65 bars=0 signals=0 trades=0 balance=10000.00 uptime=1620s
2026-05-17 20:39:57 | WARNING  | ayumi.blend_launcher | [B5 Pipeline] Ticks received (2) but zero bars built — tick-to-bar pipeline may be stalled
2026-05-17 20:39:58 | INFO     | ayumi.blend_launcher | [B5 Health] ticks=2 tps=990.16 bars=4 signals=0 trades=0 balance=10000.00 uptime=1740s
2026-05-17 20:40:52 | INFO     | ayumi.forward_test | [B5 Periodic] ticks=2 bars_built=0 signals=0 traded=0 eval_errors=0
2026-05-17 20:40:52 | WARNING  | ayumi.forward_test | [B5 Pipeline] 2 ticks received but 0 bars built — tick-to-bar conversion may be stalled
2026-05-17 20:40:53 | INFO     | ayumi.blend_launcher | [B5 Health] ticks=2 tps=1950.84 bars=0 signals=0 trades=0 balance=10000.00 uptime=7441s
2026-05-17 20:40:53 | WARNING  | ayumi.blend_launcher | [B5 Pipeline] Ticks received (2) but zero bars built — tick-to-bar pipeline may be stalled
2026-05-17 20:40:57 | INFO     | ayumi.forward_test | [B5 Periodic] ticks=2 bars_built=0 signals=0 traded=0 eval_errors=0
2026-05-17 20:40:57 | WARNING  | ayumi.forward_test | [B5 Pipeline] 2 ticks received but 0 bars built — tick-to-bar conversion may be stalled
2026-05-17 20:40:57 | INFO     | ayumi.blend_launcher | [B5 Health] ticks=2 tps=2030.65 bars=0 signals=0 trades=0 balance=10000.00 uptime=1680s
2026-05-17 20:40:57 | WARNING  | ayumi.blend_launcher | [B5 Pipeline] Ticks received (2) but zero bars built — tick-to-bar pipeline may be stalled
2026-05-17 20:40:58 | INFO     | ayumi.blend_launcher | [B5 Health] ticks=2 tps=990.16 bars=4 signals=0 trades=0 balance=10000.00 uptime=1800s
2026-05-17 20:41:52 | INFO     | ayumi.forward_test | [B5 Periodic] ticks=2 bars_built=0 signals=0 traded=0 eval_errors=0
2026-05-17 20:41:52 | WARNING  | ayumi.forward_test | [B5 Pipeline] 2 ticks received but 0 bars built — tick-to-bar conversion may be stalled
2026-05-17 20:41:53 | INFO     | ayumi.blend_launcher | [B5 Health] ticks=2 tps=1950.84 bars=0 signals=0 trades=0 balance=10000.00 uptime=7501s
2026-05-17 20:41:53 | WARNING  | ayumi.blend_launcher | [B5 Pipeline] Ticks received (2) but zero bars built — tick-to-bar pipeline may be stalled
2026-05-17 20:41:57 | INFO     | ayumi.forward_test | [B5 Periodic] ticks=2 bars_built=0 signals=0 traded=0 eval_errors=0
2026-05-17 20:41:57 | WARNING  | ayumi.forward_test | [B5 Pipeline] 2 ticks received but 0 bars built — tick-to-bar conversion may be stalled
2026-05-17 20:41:57 | INFO     | ayumi.blend_launcher | [B5 Health] ticks=2 tps=2030.65 bars=0 signals=0 trades=0 balance=10000.00 uptime=1740s
2026-05-17 20:41:57 | WARNING  | ayumi.blend_launcher | [B5 Pipeline] Ticks received (2) but zero bars built — tick-to-bar pipeline may be stalled
2026-05-17 20:41:58 | INFO     | ayumi.blend_launcher | [B5 Health] ticks=2 tps=990.16 bars=4 signals=0 trades=0 balance=10000.00 uptime=1860s
2026-05-17 20:42:52 | INFO     | ayumi.forward_test | [B5 Periodic] ticks=2 bars_built=0 signals=0 traded=0 eval_errors=0
2026-05-17 20:42:52 | WARNING  | ayumi.forward_test | [B5 Pipeline] 2 ticks received but 0 bars built — tick-to-bar conversion may be stalled
2026-05-17 20:42:53 | INFO     | ayumi.blend_launcher | [B5 Health] ticks=2 tps=1950.84 bars=0 signals=0 trades=0 balance=10000.00 uptime=7561s
2026-05-17 20:42:53 | WARNING  | ayumi.blend_launcher | [B5 Pipeline] Ticks received (2) but zero bars built — tick-to-bar pipeline may be stalled
2026-05-17 20:42:57 | INFO     | ayumi.forward_test | [B5 Periodic] ticks=2 bars_built=0 signals=0 traded=0 eval_errors=0
2026-05-17 20:42:57 | WARNING  | ayumi.forward_test | [B5 Pipeline] 2 ticks received but 0 bars built — tick-to-bar conversion may be stalled
2026-05-17 20:42:57 | INFO     | ayumi.blend_launcher | [B5 Health] ticks=2 tps=2030.65 bars=0 signals=0 trades=0 balance=10000.00 uptime=1800s
2026-05-17 20:42:57 | WARNING  | ayumi.blend_launcher | [B5 Pipeline] Ticks received (2) but zero bars built — tick-to-bar pipeline may be stalled
2026-05-17 20:42:58 | INFO     | ayumi.blend_launcher | [B5 Health] ticks=2 tps=990.16 bars=4 signals=0 trades=0 balance=10000.00 uptime=1920s
2026-05-17 20:43:52 | INFO     | ayumi.forward_test | [B5 Periodic] ticks=2 bars_built=0 signals=0 traded=0 eval_errors=0
2026-05-17 20:43:52 | WARNING  | ayumi.forward_test | [B5 Pipeline] 2 ticks received but 0 bars built — tick-to-bar conversion may be stalled
2026-05-17 20:43:53 | INFO     | ayumi.blend_launcher | [B5 Health] ticks=2 tps=1950.84 bars=0 signals=0 trades=0 balance=10000.00 uptime=7621s
2026-05-17 20:43:53 | WARNING  | ayumi.blend_launcher | [B5 Pipeline] Ticks received (2) but zero bars built — tick-to-bar pipeline may be stalled
2026-05-17 20:43:57 | INFO     | ayumi.forward_test | [B5 Periodic] ticks=2 bars_built=0 signals=0 traded=0 eval_errors=0
2026-05-17 20:43:57 | WARNING  | ayumi.forward_test | [B5 Pipeline] 2 ticks received but 0 bars built — tick-to-bar conversion may be stalled
2026-05-17 20:43:57 | INFO     | ayumi.blend_launcher | [B5 Health] ticks=2 tps=2030.65 bars=0 signals=0 trades=0 balance=10000.00 uptime=1860s
2026-05-17 20:43:57 | WARNING  | ayumi.blend_launcher | [B5 Pipeline] Ticks received (2) but zero bars built — tick-to-bar pipeline may be stalled
2026-05-17 20:43:58 | INFO     | ayumi.blend_launcher | [B5 Health] ticks=2 tps=990.16 bars=4 signals=0 trades=0 balance=10000.00 uptime=1980s
2026-05-17 20:44:52 | INFO     | ayumi.forward_test | [B5 Periodic] ticks=2 bars_built=0 signals=0 traded=0 eval_errors=0
2026-05-17 20:44:52 | WARNING  | ayumi.forward_test | [B5 Pipeline] 2 ticks received but 0 bars built — tick-to-bar conversion may be stalled
2026-05-17 20:44:53 | INFO     | ayumi.blend_launcher | [B5 Health] ticks=2 tps=1950.84 bars=0 signals=0 trades=0 balance=10000.00 uptime=7681s
2026-05-17 20:44:53 | WARNING  | ayumi.blend_launcher | [B5 Pipeline] Ticks received (2) but zero bars built — tick-to-bar pipeline may be stalled
2026-05-17 20:44:57 | INFO     | ayumi.forward_test | [B5 Periodic] ticks=2 bars_built=0 signals=0 traded=0 eval_errors=0
2026-05-17 20:44:57 | WARNING  | ayumi.forward_test | [B5 Pipeline] 2 ticks received but 0 bars built — tick-to-bar conversion may be stalled
2026-05-17 20:44:57 | INFO     | ayumi.blend_launcher | [B5 Health] ticks=2 tps=2030.65 bars=0 signals=0 trades=0 balance=10000.00 uptime=1920s
2026-05-17 20:44:57 | WARNING  | ayumi.blend_launcher | [B5 Pipeline] Ticks received (2) but zero bars built — tick-to-bar pipeline may be stalled
2026-05-17 20:44:58 | INFO     | ayumi.blend_launcher | [B5 Health] ticks=2 tps=990.16 bars=4 signals=0 trades=0 balance=10000.00 uptime=2040s
2026-05-17 20:45:52 | INFO     | ayumi.forward_test | [B5 Periodic] ticks=2 bars_built=0 signals=0 traded=0 eval_errors=0
2026-05-17 20:45:52 | WARNING  | ayumi.forward_test | [B5 Pipeline] 2 ticks received but 0 bars built — tick-to-bar conversion may be stalled
2026-05-17 20:45:53 | INFO     | ayumi.blend_launcher | [B5 Health] ticks=2 tps=1950.84 bars=0 signals=0 trades=0 balance=10000.00 uptime=7741s
2026-05-17 20:45:53 | WARNING  | ayumi.blend_launcher | [B5 Pipeline] Ticks received (2) but zero bars built — tick-to-bar pipeline may be stalled
2026-05-17 20:45:57 | INFO     | ayumi.forward_test | [B5 Periodic] ticks=2 bars_built=0 signals=0 traded=0 eval_errors=0
2026-05-17 20:45:57 | WARNING  | ayumi.forward_test | [B5 Pipeline] 2 ticks received but 0 bars built — tick-to-bar conversion may be stalled
2026-05-17 20:45:57 | INFO     | ayumi.blend_launcher | [B5 Health] ticks=2 tps=2030.65 bars=0 signals=0 trades=0 balance=10000.00 uptime=1980s
2026-05-17 20:45:57 | WARNING  | ayumi.blend_launcher | [B5 Pipeline] Ticks received (2) but zero bars built — tick-to-bar pipeline may be stalled
2026-05-17 20:45:58 | INFO     | ayumi.blend_launcher | [B5 Health] ticks=2 tps=990.16 bars=4 signals=0 trades=0 balance=10000.00 uptime=2100s
2026-05-17 20:46:52 | INFO     | ayumi.forward_test | [B5 Periodic] ticks=2 bars_built=0 signals=0 traded=0 eval_errors=0
2026-05-17 20:46:52 | WARNING  | ayumi.forward_test | [B5 Pipeline] 2 ticks received but 0 bars built — tick-to-bar conversion may be stalled
2026-05-17 20:46:53 | INFO     | ayumi.blend_launcher | [B5 Health] ticks=2 tps=1950.84 bars=0 signals=0 trades=0 balance=10000.00 uptime=7801s
2026-05-17 20:46:53 | WARNING  | ayumi.blend_launcher | [B5 Pipeline] Ticks received (2) but zero bars built — tick-to-bar pipeline may be stalled
2026-05-17 20:46:57 | INFO     | ayumi.forward_test | [B5 Periodic] ticks=2 bars_built=0 signals=0 traded=0 eval_errors=0
2026-05-17 20:46:57 | WARNING  | ayumi.forward_test | [B5 Pipeline] 2 ticks received but 0 bars built — tick-to-bar conversion may be stalled
2026-05-17 20:46:57 | INFO     | ayumi.blend_launcher | [B5 Health] ticks=2 tps=2030.65 bars=0 signals=0 trades=0 balance=10000.00 uptime=2040s
2026-05-17 20:46:57 | WARNING  | ayumi.blend_launcher | [B5 Pipeline] Ticks received (2) but zero bars built — tick-to-bar pipeline may be stalled
2026-05-17 20:46:58 | INFO     | ayumi.blend_launcher | [B5 Health] ticks=2 tps=990.16 bars=4 signals=0 trades=0 balance=10000.00 uptime=2160s
2026-05-17 20:47:52 | INFO     | ayumi.forward_test | [B5 Periodic] ticks=2 bars_built=0 signals=0 traded=0 eval_errors=0
2026-05-17 20:47:52 | WARNING  | ayumi.forward_test | [B5 Pipeline] 2 ticks received but 0 bars built — tick-to-bar conversion may be stalled
2026-05-17 20:47:53 | INFO     | ayumi.blend_launcher | [B5 Health] ticks=2 tps=1950.84 bars=0 signals=0 trades=0 balance=10000.00 uptime=7861s
2026-05-17 20:47:53 | WARNING  | ayumi.blend_launcher | [B5 Pipeline] Ticks received (2) but zero bars built — tick-to-bar pipeline may be stalled
2026-05-17 20:47:57 | INFO     | ayumi.forward_test | [B5 Periodic] ticks=2 bars_built=0 signals=0 traded=0 eval_errors=0
2026-05-17 20:47:57 | WARNING  | ayumi.forward_test | [B5 Pipeline] 2 ticks received but 0 bars built — tick-to-bar conversion may be stalled
2026-05-17 20:47:57 | INFO     | ayumi.blend_launcher | [B5 Health] ticks=2 tps=2030.65 bars=0 signals=0 trades=0 balance=10000.00 uptime=2100s
2026-05-17 20:47:57 | WARNING  | ayumi.blend_launcher | [B5 Pipeline] Ticks received (2) but zero bars built — tick-to-bar pipeline may be stalled
2026-05-17 20:47:58 | INFO     | ayumi.blend_launcher | [B5 Health] ticks=2 tps=990.16 bars=4 signals=0 trades=0 balance=10000.00 uptime=2220s
2026-05-17 20:48:52 | INFO     | ayumi.forward_test | [B5 Periodic] ticks=2 bars_built=0 signals=0 traded=0 eval_errors=0
2026-05-17 20:48:52 | WARNING  | ayumi.forward_test | [B5 Pipeline] 2 ticks received but 0 bars built — tick-to-bar conversion may be stalled
2026-05-17 20:48:53 | INFO     | ayumi.blend_launcher | [B5 Health] ticks=2 tps=1950.84 bars=0 signals=0 trades=0 balance=10000.00 uptime=7921s
2026-05-17 20:48:53 | WARNING  | ayumi.blend_launcher | [B5 Pipeline] Ticks received (2) but zero bars built — tick-to-bar pipeline may be stalled
2026-05-17 20:48:57 | INFO     | ayumi.forward_test | [B5 Periodic] ticks=2 bars_built=0 signals=0 traded=0 eval_errors=0
2026-05-17 20:48:57 | WARNING  | ayumi.forward_test | [B5 Pipeline] 2 ticks received but 0 bars built — tick-to-bar conversion may be stalled
2026-05-17 20:48:57 | INFO     | ayumi.blend_launcher | [B5 Health] ticks=2 tps=2030.65 bars=0 signals=0 trades=0 balance=10000.00 uptime=2160s
2026-05-17 20:48:57 | WARNING  | ayumi.blend_launcher | [B5 Pipeline] Ticks received (2) but zero bars built — tick-to-bar pipeline may be stalled
2026-05-17 20:48:58 | INFO     | ayumi.blend_launcher | [B5 Health] ticks=2 tps=990.16 bars=4 signals=0 trades=0 balance=10000.00 uptime=2280s
2026-05-17 20:49:52 | INFO     | ayumi.forward_test | [B5 Periodic] ticks=2 bars_built=0 signals=0 traded=0 eval_errors=0
2026-05-17 20:49:52 | WARNING  | ayumi.forward_test | [B5 Pipeline] 2 ticks received but 0 bars built — tick-to-bar conversion may be stalled
2026-05-17 20:49:53 | INFO     | ayumi.blend_launcher | [B5 Health] ticks=2 tps=1950.84 bars=0 signals=0 trades=0 balance=10000.00 uptime=7981s
2026-05-17 20:49:53 | WARNING  | ayumi.blend_launcher | [B5 Pipeline] Ticks received (2) but zero bars built — tick-to-bar pipeline may be stalled
2026-05-17 20:49:57 | INFO     | ayumi.forward_test | [B5 Periodic] ticks=2 bars_built=0 signals=0 traded=0 eval_errors=0
2026-05-17 20:49:57 | WARNING  | ayumi.forward_test | [B5 Pipeline] 2 ticks received but 0 bars built — tick-to-bar conversion may be stalled
2026-05-17 20:49:57 | INFO     | ayumi.blend_launcher | [B5 Health] ticks=2 tps=2030.65 bars=0 signals=0 trades=0 balance=10000.00 uptime=2220s
2026-05-17 20:49:57 | WARNING  | ayumi.blend_launcher | [B5 Pipeline] Ticks received (2) but zero bars built — tick-to-bar pipeline may be stalled
2026-05-17 20:49:58 | INFO     | ayumi.blend_launcher | [B5 Health] ticks=2 tps=990.16 bars=4 signals=0 trades=0 balance=10000.00 uptime=2340s
2026-05-17 20:50:52 | INFO     | ayumi.forward_test | [B5 Periodic] ticks=2 bars_built=0 signals=0 traded=0 eval_errors=0
2026-05-17 20:50:52 | WARNING  | ayumi.forward_test | [B5 Pipeline] 2 ticks received but 0 bars built — tick-to-bar conversion may be stalled
2026-05-17 20:50:53 | INFO     | ayumi.blend_launcher | [B5 Health] ticks=2 tps=1950.84 bars=0 signals=0 trades=0 balance=10000.00 uptime=8041s
2026-05-17 20:50:53 | WARNING  | ayumi.blend_launcher | [B5 Pipeline] Ticks received (2) but zero bars built — tick-to-bar pipeline may be stalled
2026-05-17 20:50:57 | INFO     | ayumi.forward_test | [B5 Periodic] ticks=2 bars_built=0 signals=0 traded=0 eval_errors=0
2026-05-17 20:50:57 | WARNING  | ayumi.forward_test | [B5 Pipeline] 2 ticks received but 0 bars built — tick-to-bar conversion may be stalled
2026-05-17 20:50:57 | INFO     | ayumi.blend_launcher | [B5 Health] ticks=2 tps=2030.65 bars=0 signals=0 trades=0 balance=10000.00 uptime=2280s
2026-05-17 20:50:57 | WARNING  | ayumi.blend_launcher | [B5 Pipeline] Ticks received (2) but zero bars built — tick-to-bar pipeline may be stalled
2026-05-17 20:50:59 | INFO     | ayumi.blend_launcher | [B5 Health] ticks=2 tps=990.16 bars=4 signals=0 trades=0 balance=10000.00 uptime=2400s
2026-05-17 20:51:52 | INFO     | ayumi.forward_test | [B5 Periodic] ticks=2 bars_built=0 signals=0 traded=0 eval_errors=0
2026-05-17 20:51:52 | WARNING  | ayumi.forward_test | [B5 Pipeline] 2 ticks received but 0 bars built — tick-to-bar conversion may be stalled
2026-05-17 20:51:53 | INFO     | ayumi.blend_launcher | [B5 Health] ticks=2 tps=1950.84 bars=0 signals=0 trades=0 balance=10000.00 uptime=8101s
2026-05-17 20:51:53 | WARNING  | ayumi.blend_launcher | [B5 Pipeline] Ticks received (2) but zero bars built — tick-to-bar pipeline may be stalled
2026-05-17 20:51:57 | INFO     | ayumi.forward_test | [B5 Periodic] ticks=2 bars_built=0 signals=0 traded=0 eval_errors=0
2026-05-17 20:51:57 | WARNING  | ayumi.forward_test | [B5 Pipeline] 2 ticks received but 0 bars built — tick-to-bar conversion may be stalled
2026-05-17 20:51:57 | INFO     | ayumi.blend_launcher | [B5 Health] ticks=2 tps=2030.65 bars=0 signals=0 trades=0 balance=10000.00 uptime=2340s
2026-05-17 20:51:57 | WARNING  | ayumi.blend_launcher | [B5 Pipeline] Ticks received (2) but zero bars built — tick-to-bar pipeline may be stalled
2026-05-17 20:51:59 | INFO     | ayumi.blend_launcher | [B5 Health] ticks=2 tps=990.16 bars=4 signals=0 trades=0 balance=10000.00 uptime=2460s
2026-05-17 20:52:52 | INFO     | ayumi.forward_test | [B5 Periodic] ticks=2 bars_built=0 signals=0 traded=0 eval_errors=0
2026-05-17 20:52:52 | WARNING  | ayumi.forward_test | [B5 Pipeline] 2 ticks received but 0 bars built — tick-to-bar conversion may be stalled
2026-05-17 20:52:53 | INFO     | ayumi.blend_launcher | [B5 Health] ticks=2 tps=1950.84 bars=0 signals=0 trades=0 balance=10000.00 uptime=8161s
2026-05-17 20:52:53 | WARNING  | ayumi.blend_launcher | [B5 Pipeline] Ticks received (2) but zero bars built — tick-to-bar pipeline may be stalled
2026-05-17 20:52:57 | INFO     | ayumi.forward_test | [B5 Periodic] ticks=2 bars_built=0 signals=0 traded=0 eval_errors=0
2026-05-17 20:52:57 | WARNING  | ayumi.forward_test | [B5 Pipeline] 2 ticks received but 0 bars built — tick-to-bar conversion may be stalled
2026-05-17 20:52:57 | INFO     | ayumi.blend_launcher | [B5 Health] ticks=2 tps=2030.65 bars=0 signals=0 trades=0 balance=10000.00 uptime=2400s
2026-05-17 20:52:57 | WARNING  | ayumi.blend_launcher | [B5 Pipeline] Ticks received (2) but zero bars built — tick-to-bar pipeline may be stalled
2026-05-17 20:52:59 | INFO     | ayumi.blend_launcher | [B5 Health] ticks=2 tps=990.16 bars=4 signals=0 trades=0 balance=10000.00 uptime=2520s
2026-05-17 20:53:52 | INFO     | ayumi.forward_test | [B5 Periodic] ticks=2 bars_built=0 signals=0 traded=0 eval_errors=0
2026-05-17 20:53:52 | WARNING  | ayumi.forward_test | [B5 Pipeline] 2 ticks received but 0 bars built — tick-to-bar conversion may be stalled
2026-05-17 20:53:53 | INFO     | ayumi.blend_launcher | [B5 Health] ticks=2 tps=1950.84 bars=0 signals=0 trades=0 balance=10000.00 uptime=8221s
2026-05-17 20:53:53 | WARNING  | ayumi.blend_launcher | [B5 Pipeline] Ticks received (2) but zero bars built — tick-to-bar pipeline may be stalled
2026-05-17 20:53:57 | INFO     | ayumi.forward_test | [B5 Periodic] ticks=2 bars_built=0 signals=0 traded=0 eval_errors=0
2026-05-17 20:53:57 | WARNING  | ayumi.forward_test | [B5 Pipeline] 2 ticks received but 0 bars built — tick-to-bar conversion may be stalled
2026-05-17 20:53:57 | INFO     | ayumi.blend_launcher | [B5 Health] ticks=2 tps=2030.65 bars=0 signals=0 trades=0 balance=10000.00 uptime=2460s
2026-05-17 20:53:57 | WARNING  | ayumi.blend_launcher | [B5 Pipeline] Ticks received (2) but zero bars built — tick-to-bar pipeline may be stalled
2026-05-17 20:53:59 | INFO     | ayumi.blend_launcher | [B5 Health] ticks=2 tps=990.16 bars=4 signals=0 trades=0 balance=10000.00 uptime=2580s
2026-05-17 20:54:52 | INFO     | ayumi.forward_test | [B5 Periodic] ticks=2 bars_built=0 signals=0 traded=0 eval_errors=0
2026-05-17 20:54:52 | WARNING  | ayumi.forward_test | [B5 Pipeline] 2 ticks received but 0 bars built — tick-to-bar conversion may be stalled
2026-05-17 20:54:53 | INFO     | ayumi.blend_launcher | [B5 Health] ticks=2 tps=1950.84 bars=0 signals=0 trades=0 balance=10000.00 uptime=8281s
2026-05-17 20:54:53 | WARNING  | ayumi.blend_launcher | [B5 Pipeline] Ticks received (2) but zero bars built — tick-to-bar pipeline may be stalled
2026-05-17 20:54:57 | INFO     | ayumi.forward_test | [B5 Periodic] ticks=2 bars_built=0 signals=0 traded=0 eval_errors=0
2026-05-17 20:54:57 | WARNING  | ayumi.forward_test | [B5 Pipeline] 2 ticks received but 0 bars built — tick-to-bar conversion may be stalled
2026-05-17 20:54:57 | INFO     | ayumi.blend_launcher | [B5 Health] ticks=2 tps=2030.65 bars=0 signals=0 trades=0 balance=10000.00 uptime=2520s
2026-05-17 20:54:57 | WARNING  | ayumi.blend_launcher | [B5 Pipeline] Ticks received (2) but zero bars built — tick-to-bar pipeline may be stalled
2026-05-17 20:54:59 | INFO     | ayumi.blend_launcher | [B5 Health] ticks=2 tps=990.16 bars=4 signals=0 trades=0 balance=10000.00 uptime=2640s
2026-05-17 20:55:52 | INFO     | ayumi.forward_test | [B5 Periodic] ticks=2 bars_built=0 signals=0 traded=0 eval_errors=0
2026-05-17 20:55:52 | WARNING  | ayumi.forward_test | [B5 Pipeline] 2 ticks received but 0 bars built — tick-to-bar conversion may be stalled
2026-05-17 20:55:53 | INFO     | ayumi.blend_launcher | [B5 Health] ticks=2 tps=1950.84 bars=0 signals=0 trades=0 balance=10000.00 uptime=8341s
2026-05-17 20:55:53 | WARNING  | ayumi.blend_launcher | [B5 Pipeline] Ticks received (2) but zero bars built — tick-to-bar pipeline may be stalled
2026-05-17 20:55:57 | INFO     | ayumi.forward_test | [B5 Periodic] ticks=2 bars_built=0 signals=0 traded=0 eval_errors=0
2026-05-17 20:55:57 | WARNING  | ayumi.forward_test | [B5 Pipeline] 2 ticks received but 0 bars built — tick-to-bar conversion may be stalled
2026-05-17 20:55:57 | INFO     | ayumi.blend_launcher | [B5 Health] ticks=2 tps=2030.65 bars=0 signals=0 trades=0 balance=10000.00 uptime=2580s
2026-05-17 20:55:57 | WARNING  | ayumi.blend_launcher | [B5 Pipeline] Ticks received (2) but zero bars built — tick-to-bar pipeline may be stalled
2026-05-17 20:55:59 | INFO     | ayumi.blend_launcher | [B5 Health] ticks=2 tps=990.16 bars=4 signals=0 trades=0 balance=10000.00 uptime=2700s
2026-05-17 20:56:52 | INFO     | ayumi.forward_test | [B5 Periodic] ticks=2 bars_built=0 signals=0 traded=0 eval_errors=0
2026-05-17 20:56:52 | WARNING  | ayumi.forward_test | [B5 Pipeline] 2 ticks received but 0 bars built — tick-to-bar conversion may be stalled
2026-05-17 20:56:53 | INFO     | ayumi.blend_launcher | [B5 Health] ticks=2 tps=1950.84 bars=0 signals=0 trades=0 balance=10000.00 uptime=8401s
2026-05-17 20:56:53 | WARNING  | ayumi.blend_launcher | [B5 Pipeline] Ticks received (2) but zero bars built — tick-to-bar pipeline may be stalled
2026-05-17 20:56:57 | INFO     | ayumi.forward_test | [B5 Periodic] ticks=2 bars_built=0 signals=0 traded=0 eval_errors=0
2026-05-17 20:56:57 | WARNING  | ayumi.forward_test | [B5 Pipeline] 2 ticks received but 0 bars built — tick-to-bar conversion may be stalled
2026-05-17 20:56:57 | INFO     | ayumi.blend_launcher | [B5 Health] ticks=2 tps=2030.65 bars=0 signals=0 trades=0 balance=10000.00 uptime=2640s
2026-05-17 20:56:57 | WARNING  | ayumi.blend_launcher | [B5 Pipeline] Ticks received (2) but zero bars built — tick-to-bar pipeline may be stalled
2026-05-17 20:56:59 | INFO     | ayumi.blend_launcher | [B5 Health] ticks=2 tps=990.16 bars=4 signals=0 trades=0 balance=10000.00 uptime=2760s
2026-05-17 20:57:52 | INFO     | ayumi.forward_test | [B5 Periodic] ticks=2 bars_built=0 signals=0 traded=0 eval_errors=0
2026-05-17 20:57:52 | WARNING  | ayumi.forward_test | [B5 Pipeline] 2 ticks received but 0 bars built — tick-to-bar conversion may be stalled
2026-05-17 20:57:53 | INFO     | ayumi.blend_launcher | [B5 Health] ticks=2 tps=1950.84 bars=0 signals=0 trades=0 balance=10000.00 uptime=8461s
2026-05-17 20:57:53 | WARNING  | ayumi.blend_launcher | [B5 Pipeline] Ticks received (2) but zero bars built — tick-to-bar pipeline may be stalled
2026-05-17 20:57:57 | INFO     | ayumi.forward_test | [B5 Periodic] ticks=2 bars_built=0 signals=0 traded=0 eval_errors=0
2026-05-17 20:57:57 | WARNING  | ayumi.forward_test | [B5 Pipeline] 2 ticks received but 0 bars built — tick-to-bar conversion may be stalled
2026-05-17 20:57:57 | INFO     | ayumi.blend_launcher | [B5 Health] ticks=2 tps=2030.65 bars=0 signals=0 trades=0 balance=10000.00 uptime=2700s
2026-05-17 20:57:57 | WARNING  | ayumi.blend_launcher | [B5 Pipeline] Ticks received (2) but zero bars built — tick-to-bar pipeline may be stalled
2026-05-17 20:57:59 | INFO     | ayumi.blend_launcher | [B5 Health] ticks=2 tps=990.16 bars=4 signals=0 trades=0 balance=10000.00 uptime=2820s
2026-05-17 20:58:52 | INFO     | ayumi.forward_test | [B5 Periodic] ticks=2 bars_built=0 signals=0 traded=0 eval_errors=0
2026-05-17 20:58:52 | WARNING  | ayumi.forward_test | [B5 Pipeline] 2 ticks received but 0 bars built — tick-to-bar conversion may be stalled
2026-05-17 20:58:53 | INFO     | ayumi.blend_launcher | [B5 Health] ticks=2 tps=1950.84 bars=0 signals=0 trades=0 balance=10000.00 uptime=8521s
2026-05-17 20:58:53 | WARNING  | ayumi.blend_launcher | [B5 Pipeline] Ticks received (2) but zero bars built — tick-to-bar pipeline may be stalled
2026-05-17 20:58:57 | INFO     | ayumi.forward_test | [B5 Periodic] ticks=2 bars_built=0 signals=0 traded=0 eval_errors=0
2026-05-17 20:58:57 | WARNING  | ayumi.forward_test | [B5 Pipeline] 2 ticks received but 0 bars built — tick-to-bar conversion may be stalled
2026-05-17 20:58:57 | INFO     | ayumi.blend_launcher | [B5 Health] ticks=2 tps=2030.65 bars=0 signals=0 trades=0 balance=10000.00 uptime=2760s
2026-05-17 20:58:57 | WARNING  | ayumi.blend_launcher | [B5 Pipeline] Ticks received (2) but zero bars built — tick-to-bar pipeline may be stalled
2026-05-17 20:58:59 | INFO     | ayumi.blend_launcher | [B5 Health] ticks=2 tps=990.16 bars=4 signals=0 trades=0 balance=10000.00 uptime=2880s
2026-05-17 20:59:52 | INFO     | ayumi.forward_test | [B5 Periodic] ticks=2 bars_built=0 signals=0 traded=0 eval_errors=0
2026-05-17 20:59:52 | WARNING  | ayumi.forward_test | [B5 Pipeline] 2 ticks received but 0 bars built — tick-to-bar conversion may be stalled
2026-05-17 20:59:53 | INFO     | ayumi.blend_launcher | [B5 Health] ticks=2 tps=1950.84 bars=0 signals=0 trades=0 balance=10000.00 uptime=8581s
2026-05-17 20:59:53 | WARNING  | ayumi.blend_launcher | [B5 Pipeline] Ticks received (2) but zero bars built — tick-to-bar pipeline may be stalled
2026-05-17 20:59:57 | INFO     | ayumi.forward_test | [B5 Periodic] ticks=2 bars_built=0 signals=0 traded=0 eval_errors=0
2026-05-17 20:59:57 | WARNING  | ayumi.forward_test | [B5 Pipeline] 2 ticks received but 0 bars built — tick-to-bar conversion may be stalled
2026-05-17 20:59:57 | INFO     | ayumi.blend_launcher | [B5 Health] ticks=2 tps=2030.65 bars=0 signals=0 trades=0 balance=10000.00 uptime=2820s
2026-05-17 20:59:57 | WARNING  | ayumi.blend_launcher | [B5 Pipeline] Ticks received (2) but zero bars built — tick-to-bar pipeline may be stalled
2026-05-17 20:59:59 | INFO     | ayumi.blend_launcher | [B5 Health] ticks=2 tps=990.16 bars=4 signals=0 trades=0 balance=10000.00 uptime=2940s
2026-05-17 21:00:02 | WARNING  | ayumi.forward_test | Connection health check failed: connected=True last_tick_ago=8593.3s threshold=900.0s — reconnecting
2026-05-17 21:00:02 | INFO     | ayumi.forward_test | Reconnection attempt 1 (backoff=5.0s)
2026-05-17 21:00:02 | INFO     | ayumi.openapi_spot_feed | Unsubscribed from spot events for symbol_id=2
2026-05-17 21:00:02 | INFO     | ayumi.openapi_spot_feed | Unsubscribed from spot events for symbol_id=4
2026-05-17 21:00:02 | INFO     | ayumi.openapi_spot_feed | OpenApiSpotFeed stopped
2026-05-17 21:00:02 | INFO     | ayumi.openapi_spot_feed | Connected to demo.ctraderapi.com:5035
2026-05-17 21:00:02 | WARNING  | ayumi.openapi_spot_feed | Disconnected: [Failure instance: Traceback (failure with no frames): <class 'twisted.internet.error.ConnectionDone'>: Connection was closed cleanly.
]
2026-05-17 21:00:03 | INFO     | ayumi.openapi_spot_feed | Application authenticated
2026-05-17 21:00:04 | INFO     | ayumi.openapi_spot_feed | No token lifetime from server — defaulting to 86400s
2026-05-17 21:00:04 | INFO     | ayumi.openapi_spot_feed | Scheduling proactive token refresh in 69120s (token lifetime=86400s)
2026-05-17 21:00:04 | INFO     | ayumi.openapi_spot_feed | Account authenticated
2026-05-17 21:00:04 | INFO     | ayumi.openapi_spot_feed | Requesting symbol list for account 46877902
2026-05-17 21:00:05 | INFO     | ayumi.openapi_spot_feed | Loaded 830 symbol name mappings from API
2026-05-17 21:00:05 | INFO     | ayumi.openapi_spot_feed | Pre-fetching details for GBPUSD (id=2)
2026-05-17 21:00:06 | INFO     | ayumi.openapi_spot_feed | Fetched symbol details: id=2 digits=5
2026-05-17 21:00:06 | INFO     | ayumi.openapi_spot_feed | Pre-fetching details for USDJPY (id=4)
2026-05-17 21:00:07 | INFO     | ayumi.openapi_spot_feed | Fetched symbol details: id=4 digits=3
2026-05-17 21:00:07 | INFO     | ayumi.openapi_spot_feed | Subscribed to spot events for symbol_id=2
2026-05-17 21:00:07 | INFO     | ayumi.openapi_spot_feed | Subscribed to spot events for symbol_id=4
2026-05-17 21:00:07 | INFO     | ayumi.openapi_spot_feed | OpenApiSpotFeed started: account=46877902 symbols_loaded=2
2026-05-17 21:00:07 | INFO     | ayumi.forward_test | Open API spot feed connected for ['GBPUSD', 'USDJPY']
2026-05-17 21:00:07 | INFO     | ayumi.forward_test | Reconnection successful — reset consecutive failure counter
2026-05-17 21:00:53 | INFO     | ayumi.blend_launcher | [B5 Health] ticks=4 tps=5377.31 bars=2 signals=0 trades=0 balance=10000.00 uptime=8641s
2026-05-17 21:00:57 | INFO     | ayumi.forward_test | [B5 Periodic] ticks=3 bars_built=2 signals=0 traded=0 eval_errors=0
2026-05-17 21:00:57 | INFO     | ayumi.forward_test | [B5 Periodic] ticks=4 bars_built=2 signals=0 traded=0 eval_errors=0
2026-05-17 21:00:57 | INFO     | ayumi.blend_launcher | [B5 Health] ticks=3 tps=0.00 bars=2 signals=0 trades=0 balance=10000.00 uptime=2880s
2026-05-17 21:00:59 | INFO     | ayumi.blend_launcher | [B5 Health] ticks=2 tps=990.16 bars=4 signals=0 trades=0 balance=10000.00 uptime=3000s
2026-05-17 21:01:53 | INFO     | ayumi.blend_launcher | [B5 Health] ticks=4 tps=5377.31 bars=2 signals=0 trades=0 balance=10000.00 uptime=8701s
2026-05-17 21:01:57 | INFO     | ayumi.forward_test | [B5 Periodic] ticks=3 bars_built=2 signals=0 traded=0 eval_errors=0
2026-05-17 21:01:57 | INFO     | ayumi.forward_test | [B5 Periodic] ticks=4 bars_built=2 signals=0 traded=0 eval_errors=0
2026-05-17 21:01:57 | INFO     | ayumi.blend_launcher | [B5 Health] ticks=3 tps=0.00 bars=2 signals=0 trades=0 balance=10000.00 uptime=2940s
2026-05-17 21:01:59 | INFO     | ayumi.blend_launcher | [B5 Health] ticks=2 tps=990.16 bars=4 signals=0 trades=0 balance=10000.00 uptime=3060s
2026-05-17 21:02:53 | INFO     | ayumi.blend_launcher | [B5 Health] ticks=6 tps=29.73 bars=6 signals=0 trades=0 balance=10000.00 uptime=8761s
2026-05-17 21:02:57 | INFO     | ayumi.forward_test | [B5 Periodic] ticks=5 bars_built=4 signals=0 traded=0 eval_errors=0
2026-05-17 21:02:57 | INFO     | ayumi.forward_test | [B5 Periodic] ticks=6 bars_built=6 signals=0 traded=0 eval_errors=0
2026-05-17 21:02:57 | INFO     | ayumi.blend_launcher | [B5 Health] ticks=5 tps=29.75 bars=4 signals=0 trades=0 balance=10000.00 uptime=3000s
2026-05-17 21:02:59 | INFO     | ayumi.blend_launcher | [B5 Health] ticks=2 tps=990.16 bars=4 signals=0 trades=0 balance=10000.00 uptime=3120s
2026-05-17 21:03:53 | INFO     | ayumi.blend_launcher | [B5 Health] ticks=7 tps=0.00 bars=6 signals=0 trades=0 balance=10000.00 uptime=8821s
2026-05-17 21:03:57 | INFO     | ayumi.forward_test | [B5 Periodic] ticks=6 bars_built=4 signals=0 traded=0 eval_errors=0
2026-05-17 21:03:57 | INFO     | ayumi.forward_test | [B5 Periodic] ticks=7 bars_built=6 signals=0 traded=0 eval_errors=0
2026-05-17 21:03:57 | INFO     | ayumi.blend_launcher | [B5 Health] ticks=6 tps=0.00 bars=4 signals=0 trades=0 balance=10000.00 uptime=3060s
2026-05-17 21:03:59 | INFO     | ayumi.blend_launcher | [B5 Health] ticks=2 tps=990.16 bars=4 signals=0 trades=0 balance=10000.00 uptime=3180s
2026-05-17 21:04:53 | INFO     | ayumi.blend_launcher | [B5 Health] ticks=7 tps=0.00 bars=6 signals=0 trades=0 balance=10000.00 uptime=8881s
2026-05-17 21:04:57 | INFO     | ayumi.forward_test | [B5 Periodic] ticks=6 bars_built=4 signals=0 traded=0 eval_errors=0
2026-05-17 21:04:57 | INFO     | ayumi.forward_test | [B5 Periodic] ticks=7 bars_built=6 signals=0 traded=0 eval_errors=0
2026-05-17 21:04:57 | INFO     | ayumi.blend_launcher | [B5 Health] ticks=6 tps=0.00 bars=4 signals=0 trades=0 balance=10000.00 uptime=3120s
2026-05-17 21:04:59 | INFO     | ayumi.blend_launcher | [B5 Health] ticks=2 tps=990.16 bars=4 signals=0 trades=0 balance=10000.00 uptime=3240s
2026-05-17 21:05:53 | INFO     | ayumi.blend_launcher | [B5 Health] ticks=15 tps=0.00 bars=6 signals=0 trades=0 balance=10000.00 uptime=8941s
2026-05-17 21:05:57 | INFO     | ayumi.forward_test | [B5 Periodic] ticks=15 bars_built=4 signals=0 traded=0 eval_errors=0
2026-05-17 21:05:57 | INFO     | ayumi.forward_test | [B5 Periodic] ticks=16 bars_built=6 signals=0 traded=0 eval_errors=0
2026-05-17 21:05:57 | INFO     | ayumi.blend_launcher | [B5 Health] ticks=15 tps=0.44 bars=4 signals=0 trades=0 balance=10000.00 uptime=3180s
2026-05-17 21:05:59 | INFO     | ayumi.blend_launcher | [B5 Health] ticks=2 tps=990.16 bars=4 signals=0 trades=0 balance=10000.00 uptime=3300s
2026-05-17 21:06:53 | INFO     | ayumi.blend_launcher | [B5 Health] ticks=16 tps=0.44 bars=6 signals=0 trades=0 balance=10000.00 uptime=9001s
2026-05-17 21:06:57 | INFO     | ayumi.forward_test | [B5 Periodic] ticks=15 bars_built=4 signals=0 traded=0 eval_errors=0
2026-05-17 21:06:57 | INFO     | ayumi.forward_test | [B5 Periodic] ticks=16 bars_built=6 signals=0 traded=0 eval_errors=0
2026-05-17 21:06:57 | INFO     | ayumi.blend_launcher | [B5 Health] ticks=15 tps=0.44 bars=4 signals=0 trades=0 balance=10000.00 uptime=3240s
2026-05-17 21:06:59 | INFO     | ayumi.blend_launcher | [B5 Health] ticks=2 tps=990.16 bars=4 signals=0 trades=0 balance=10000.00 uptime=3360s
2026-05-17 21:07:53 | INFO     | ayumi.blend_launcher | [B5 Health] ticks=16 tps=0.44 bars=6 signals=0 trades=0 balance=10000.00 uptime=9061s
2026-05-17 21:07:57 | INFO     | ayumi.forward_test | [B5 Periodic] ticks=15 bars_built=4 signals=0 traded=0 eval_errors=0
2026-05-17 21:07:57 | INFO     | ayumi.forward_test | [B5 Periodic] ticks=16 bars_built=6 signals=0 traded=0 eval_errors=0
2026-05-17 21:07:57 | INFO     | ayumi.blend_launcher | [B5 Health] ticks=15 tps=0.44 bars=4 signals=0 trades=0 balance=10000.00 uptime=3300s
2026-05-17 21:07:59 | INFO     | ayumi.blend_launcher | [B5 Health] ticks=2 tps=990.16 bars=4 signals=0 trades=0 balance=10000.00 uptime=3420s
2026-05-17 21:08:53 | INFO     | ayumi.blend_launcher | [B5 Health] ticks=16 tps=0.44 bars=6 signals=0 trades=0 balance=10000.00 uptime=9121s
2026-05-17 21:08:57 | INFO     | ayumi.forward_test | [B5 Periodic] ticks=15 bars_built=4 signals=0 traded=0 eval_errors=0
2026-05-17 21:08:57 | INFO     | ayumi.forward_test | [B5 Periodic] ticks=16 bars_built=6 signals=0 traded=0 eval_errors=0
2026-05-17 21:08:57 | INFO     | ayumi.blend_launcher | [B5 Health] ticks=15 tps=0.44 bars=4 signals=0 trades=0 balance=10000.00 uptime=3360s
2026-05-17 21:08:59 | INFO     | ayumi.blend_launcher | [B5 Health] ticks=2 tps=990.16 bars=4 signals=0 trades=0 balance=10000.00 uptime=3480s
2026-05-17 21:09:53 | INFO     | ayumi.blend_launcher | [B5 Health] ticks=24 tps=0.50 bars=6 signals=0 trades=0 balance=10000.00 uptime=9181s
2026-05-17 21:09:57 | INFO     | ayumi.forward_test | [B5 Periodic] ticks=24 bars_built=4 signals=0 traded=0 eval_errors=0
2026-05-17 21:09:57 | INFO     | ayumi.forward_test | [B5 Periodic] ticks=25 bars_built=6 signals=0 traded=0 eval_errors=0
2026-05-17 21:09:57 | INFO     | ayumi.blend_launcher | [B5 Health] ticks=24 tps=0.32 bars=4 signals=0 trades=0 balance=10000.00 uptime=3420s
2026-05-17 21:09:59 | INFO     | ayumi.blend_launcher | [B5 Health] ticks=2 tps=990.16 bars=4 signals=0 trades=0 balance=10000.00 uptime=3540s
2026-05-17 21:10:53 | INFO     | ayumi.blend_launcher | [B5 Health] ticks=37 tps=0.43 bars=6 signals=0 trades=0 balance=10000.00 uptime=9241s
2026-05-17 21:10:57 | INFO     | ayumi.forward_test | [B5 Periodic] ticks=36 bars_built=4 signals=0 traded=0 eval_errors=0
2026-05-17 21:10:57 | INFO     | ayumi.forward_test | [B5 Periodic] ticks=37 bars_built=6 signals=0 traded=0 eval_errors=0
2026-05-17 21:10:57 | INFO     | ayumi.blend_launcher | [B5 Health] ticks=36 tps=0.43 bars=4 signals=0 trades=0 balance=10000.00 uptime=3480s
2026-05-17 21:10:59 | INFO     | ayumi.blend_launcher | [B5 Health] ticks=2 tps=990.16 bars=4 signals=0 trades=0 balance=10000.00 uptime=3600s
2026-05-17 21:11:53 | INFO     | ayumi.blend_launcher | [B5 Health] ticks=43 tps=1.36 bars=6 signals=0 trades=0 balance=10000.00 uptime=9301s
2026-05-17 21:11:57 | INFO     | ayumi.forward_test | [B5 Periodic] ticks=42 bars_built=4 signals=0 traded=0 eval_errors=0
2026-05-17 21:11:57 | INFO     | ayumi.forward_test | [B5 Periodic] ticks=43 bars_built=6 signals=0 traded=0 eval_errors=0
2026-05-17 21:11:57 | INFO     | ayumi.blend_launcher | [B5 Health] ticks=42 tps=1.36 bars=4 signals=0 trades=0 balance=10000.00 uptime=3540s
2026-05-17 21:11:59 | INFO     | ayumi.blend_launcher | [B5 Health] ticks=2 tps=990.16 bars=4 signals=0 trades=0 balance=10000.00 uptime=3661s
2026-05-17 21:12:53 | INFO     | ayumi.blend_launcher | [B5 Health] ticks=51 tps=0.55 bars=6 signals=0 trades=0 balance=10000.00 uptime=9361s
2026-05-17 21:12:57 | INFO     | ayumi.forward_test | [B5 Periodic] ticks=50 bars_built=4 signals=0 traded=0 eval_errors=0
2026-05-17 21:12:57 | INFO     | ayumi.forward_test | [B5 Periodic] ticks=51 bars_built=6 signals=0 traded=0 eval_errors=0
2026-05-17 21:12:57 | INFO     | ayumi.blend_launcher | [B5 Health] ticks=50 tps=0.55 bars=4 signals=0 trades=0 balance=10000.00 uptime=3600s
2026-05-17 21:12:59 | INFO     | ayumi.blend_launcher | [B5 Health] ticks=2 tps=990.16 bars=4 signals=0 trades=0 balance=10000.00 uptime=3721s
2026-05-17 21:13:53 | INFO     | ayumi.blend_launcher | [B5 Health] ticks=56 tps=0.40 bars=6 signals=0 trades=0 balance=10000.00 uptime=9421s
2026-05-17 21:13:57 | INFO     | ayumi.forward_test | [B5 Periodic] ticks=55 bars_built=4 signals=0 traded=0 eval_errors=0
2026-05-17 21:13:57 | INFO     | ayumi.forward_test | [B5 Periodic] ticks=56 bars_built=6 signals=0 traded=0 eval_errors=0
2026-05-17 21:13:57 | INFO     | ayumi.blend_launcher | [B5 Health] ticks=55 tps=0.40 bars=4 signals=0 trades=0 balance=10000.00 uptime=3660s
2026-05-17 21:13:59 | INFO     | ayumi.blend_launcher | [B5 Health] ticks=2 tps=990.16 bars=4 signals=0 trades=0 balance=10000.00 uptime=3781s
2026-05-17 21:14:53 | INFO     | ayumi.blend_launcher | [B5 Health] ticks=57 tps=0.00 bars=6 signals=0 trades=0 balance=10000.00 uptime=9481s
2026-05-17 21:14:57 | INFO     | ayumi.forward_test | [B5 Periodic] ticks=56 bars_built=4 signals=0 traded=0 eval_errors=0
2026-05-17 21:14:57 | INFO     | ayumi.forward_test | [B5 Periodic] ticks=57 bars_built=6 signals=0 traded=0 eval_errors=0
2026-05-17 21:14:57 | INFO     | ayumi.blend_launcher | [B5 Health] ticks=56 tps=0.00 bars=4 signals=0 trades=0 balance=10000.00 uptime=3720s
2026-05-17 21:14:59 | INFO     | ayumi.blend_launcher | [B5 Health] ticks=2 tps=990.16 bars=4 signals=0 trades=0 balance=10000.00 uptime=3841s
2026-05-17 21:15:53 | INFO     | ayumi.blend_launcher | [B5 Health] ticks=68 tps=0.23 bars=6 signals=0 trades=0 balance=10000.00 uptime=9541s
2026-05-17 21:15:57 | INFO     | ayumi.forward_test | [B5 Periodic] ticks=71 bars_built=4 signals=0 traded=0 eval_errors=0
2026-05-17 21:15:57 | INFO     | ayumi.forward_test | [B5 Periodic] ticks=72 bars_built=6 signals=0 traded=0 eval_errors=0
2026-05-17 21:15:57 | INFO     | ayumi.blend_launcher | [B5 Health] ticks=71 tps=0.77 bars=4 signals=0 trades=0 balance=10000.00 uptime=3781s
2026-05-17 21:15:59 | INFO     | ayumi.blend_launcher | [B5 Health] ticks=2 tps=990.16 bars=4 signals=0 trades=0 balance=10000.00 uptime=3901s
2026-05-17 21:16:53 | INFO     | ayumi.blend_launcher | [B5 Health] ticks=81 tps=0.29 bars=6 signals=0 trades=0 balance=10000.00 uptime=9602s
2026-05-17 21:16:57 | INFO     | ayumi.forward_test | [B5 Periodic] ticks=80 bars_built=4 signals=0 traded=0 eval_errors=0
2026-05-17 21:16:57 | INFO     | ayumi.forward_test | [B5 Periodic] ticks=81 bars_built=6 signals=0 traded=0 eval_errors=0
2026-05-17 21:16:57 | INFO     | ayumi.blend_launcher | [B5 Health] ticks=80 tps=0.29 bars=4 signals=0 trades=0 balance=10000.00 uptime=3841s
2026-05-17 21:16:59 | INFO     | ayumi.blend_launcher | [B5 Health] ticks=2 tps=990.16 bars=4 signals=0 trades=0 balance=10000.00 uptime=3961s
2026-05-17 21:17:53 | INFO     | ayumi.blend_launcher | [B5 Health] ticks=83 tps=0.40 bars=6 signals=0 trades=0 balance=10000.00 uptime=9662s
2026-05-17 21:17:57 | INFO     | ayumi.forward_test | [B5 Periodic] ticks=82 bars_built=4 signals=0 traded=0 eval_errors=0
2026-05-17 21:17:57 | INFO     | ayumi.forward_test | [B5 Periodic] ticks=83 bars_built=6 signals=0 traded=0 eval_errors=0
2026-05-17 21:17:57 | INFO     | ayumi.blend_launcher | [B5 Health] ticks=82 tps=0.40 bars=4 signals=0 trades=0 balance=10000.00 uptime=3901s
2026-05-17 21:17:59 | INFO     | ayumi.blend_launcher | [B5 Health] ticks=2 tps=990.16 bars=4 signals=0 trades=0 balance=10000.00 uptime=4021s
2026-05-17 21:18:53 | INFO     | ayumi.blend_launcher | [B5 Health] ticks=86 tps=0.00 bars=6 signals=0 trades=0 balance=10000.00 uptime=9722s
2026-05-17 21:18:57 | INFO     | ayumi.forward_test | [B5 Periodic] ticks=85 bars_built=4 signals=0 traded=0 eval_errors=0
2026-05-17 21:18:57 | INFO     | ayumi.forward_test | [B5 Periodic] ticks=86 bars_built=6 signals=0 traded=0 eval_errors=0
2026-05-17 21:18:57 | INFO     | ayumi.blend_launcher | [B5 Health] ticks=85 tps=0.00 bars=4 signals=0 trades=0 balance=10000.00 uptime=3961s
2026-05-17 21:18:59 | INFO     | ayumi.blend_launcher | [B5 Health] ticks=2 tps=990.16 bars=4 signals=0 trades=0 balance=10000.00 uptime=4081s
2026-05-17 21:19:53 | INFO     | ayumi.blend_launcher | [B5 Health] ticks=89 tps=0.31 bars=6 signals=0 trades=0 balance=10000.00 uptime=9782s
2026-05-17 21:19:57 | INFO     | ayumi.forward_test | [B5 Periodic] ticks=88 bars_built=4 signals=0 traded=0 eval_errors=0
2026-05-17 21:19:57 | INFO     | ayumi.forward_test | [B5 Periodic] ticks=89 bars_built=6 signals=0 traded=0 eval_errors=0
2026-05-17 21:19:57 | INFO     | ayumi.blend_launcher | [B5 Health] ticks=88 tps=0.31 bars=4 signals=0 trades=0 balance=10000.00 uptime=4021s
2026-05-17 21:19:59 | INFO     | ayumi.blend_launcher | [B5 Health] ticks=2 tps=990.16 bars=4 signals=0 trades=0 balance=10000.00 uptime=4141s
2026-05-17 21:20:53 | INFO     | ayumi.blend_launcher | [B5 Health] ticks=101 tps=0.43 bars=6 signals=0 trades=0 balance=10000.00 uptime=9842s
2026-05-17 21:20:57 | INFO     | ayumi.forward_test | [B5 Periodic] ticks=100 bars_built=4 signals=0 traded=0 eval_errors=0
2026-05-17 21:20:57 | INFO     | ayumi.forward_test | [B5 Periodic] ticks=101 bars_built=6 signals=0 traded=0 eval_errors=0
2026-05-17 21:20:57 | INFO     | ayumi.blend_launcher | [B5 Health] ticks=100 tps=0.43 bars=4 signals=0 trades=0 balance=10000.00 uptime=4081s
2026-05-17 21:20:59 | INFO     | ayumi.blend_launcher | [B5 Health] ticks=2 tps=990.16 bars=4 signals=0 trades=0 balance=10000.00 uptime=4201s
2026-05-17 21:21:53 | INFO     | ayumi.blend_launcher | [B5 Health] ticks=104 tps=0.00 bars=6 signals=0 trades=0 balance=10000.00 uptime=9902s
2026-05-17 21:21:57 | INFO     | ayumi.forward_test | [B5 Periodic] ticks=103 bars_built=4 signals=0 traded=0 eval_errors=0
2026-05-17 21:21:57 | INFO     | ayumi.forward_test | [B5 Periodic] ticks=104 bars_built=6 signals=0 traded=0 eval_errors=0
2026-05-17 21:21:57 | INFO     | ayumi.blend_launcher | [B5 Health] ticks=103 tps=0.00 bars=4 signals=0 trades=0 balance=10000.00 uptime=4141s
2026-05-17 21:21:59 | INFO     | ayumi.blend_launcher | [B5 Health] ticks=2 tps=990.16 bars=4 signals=0 trades=0 balance=10000.00 uptime=4261s
2026-05-17 21:22:53 | INFO     | ayumi.blend_launcher | [B5 Health] ticks=111 tps=0.20 bars=6 signals=0 trades=0 balance=10000.00 uptime=9962s
2026-05-17 21:22:57 | INFO     | ayumi.forward_test | [B5 Periodic] ticks=110 bars_built=4 signals=0 traded=0 eval_errors=0
2026-05-17 21:22:57 | INFO     | ayumi.forward_test | [B5 Periodic] ticks=111 bars_built=6 signals=0 traded=0 eval_errors=0
2026-05-17 21:22:57 | INFO     | ayumi.blend_launcher | [B5 Health] ticks=110 tps=0.20 bars=4 signals=0 trades=0 balance=10000.00 uptime=4201s
2026-05-17 21:22:59 | INFO     | ayumi.blend_launcher | [B5 Health] ticks=2 tps=990.16 bars=4 signals=0 trades=0 balance=10000.00 uptime=4321s
2026-05-17 21:23:53 | INFO     | ayumi.blend_launcher | [B5 Health] ticks=116 tps=0.32 bars=6 signals=0 trades=0 balance=10000.00 uptime=10022s
2026-05-17 21:23:57 | INFO     | ayumi.forward_test | [B5 Periodic] ticks=115 bars_built=4 signals=0 traded=0 eval_errors=0
2026-05-17 21:23:57 | INFO     | ayumi.forward_test | [B5 Periodic] ticks=116 bars_built=6 signals=0 traded=0 eval_errors=0
2026-05-17 21:23:57 | INFO     | ayumi.blend_launcher | [B5 Health] ticks=115 tps=0.32 bars=4 signals=0 trades=0 balance=10000.00 uptime=4261s
2026-05-17 21:23:59 | INFO     | ayumi.blend_launcher | [B5 Health] ticks=2 tps=990.16 bars=4 signals=0 trades=0 balance=10000.00 uptime=4381s
2026-05-17 21:24:53 | INFO     | ayumi.blend_launcher | [B5 Health] ticks=118 tps=0.00 bars=6 signals=0 trades=0 balance=10000.00 uptime=10082s
2026-05-17 21:24:57 | INFO     | ayumi.forward_test | [B5 Periodic] ticks=117 bars_built=4 signals=0 traded=0 eval_errors=0
2026-05-17 21:24:57 | INFO     | ayumi.forward_test | [B5 Periodic] ticks=118 bars_built=6 signals=0 traded=0 eval_errors=0
2026-05-17 21:24:57 | INFO     | ayumi.blend_launcher | [B5 Health] ticks=117 tps=0.00 bars=4 signals=0 trades=0 balance=10000.00 uptime=4321s
2026-05-17 21:24:59 | INFO     | ayumi.blend_launcher | [B5 Health] ticks=2 tps=990.16 bars=4 signals=0 trades=0 balance=10000.00 uptime=4441s
2026-05-17 21:25:53 | INFO     | ayumi.blend_launcher | [B5 Health] ticks=124 tps=0.00 bars=6 signals=0 trades=0 balance=10000.00 uptime=10142s
2026-05-17 21:25:57 | INFO     | ayumi.forward_test | [B5 Periodic] ticks=124 bars_built=4 signals=0 traded=0 eval_errors=0
2026-05-17 21:25:57 | INFO     | ayumi.forward_test | [B5 Periodic] ticks=125 bars_built=6 signals=0 traded=0 eval_errors=0
2026-05-17 21:25:57 | INFO     | ayumi.blend_launcher | [B5 Health] ticks=124 tps=0.00 bars=4 signals=0 trades=0 balance=10000.00 uptime=4381s
2026-05-17 21:25:59 | INFO     | ayumi.blend_launcher | [B5 Health] ticks=2 tps=990.16 bars=4 signals=0 trades=0 balance=10000.00 uptime=4501s
2026-05-17 21:26:53 | INFO     | ayumi.blend_launcher | [B5 Health] ticks=130 tps=6.15 bars=6 signals=0 trades=0 balance=10000.00 uptime=10202s
2026-05-17 21:26:57 | INFO     | ayumi.forward_test | [B5 Periodic] ticks=130 bars_built=4 signals=0 traded=0 eval_errors=0
2026-05-17 21:26:57 | INFO     | ayumi.forward_test | [B5 Periodic] ticks=131 bars_built=6 signals=0 traded=0 eval_errors=0
2026-05-17 21:26:57 | INFO     | ayumi.blend_launcher | [B5 Health] ticks=130 tps=0.00 bars=4 signals=0 trades=0 balance=10000.00 uptime=4441s
2026-05-17 21:26:59 | INFO     | ayumi.blend_launcher | [B5 Health] ticks=2 tps=990.16 bars=4 signals=0 trades=0 balance=10000.00 uptime=4561s
2026-05-17 21:27:53 | INFO     | ayumi.blend_launcher | [B5 Health] ticks=140 tps=0.00 bars=6 signals=0 trades=0 balance=10000.00 uptime=10262s
2026-05-17 21:27:57 | INFO     | ayumi.forward_test | [B5 Periodic] ticks=140 bars_built=4 signals=0 traded=0 eval_errors=0
2026-05-17 21:27:57 | INFO     | ayumi.forward_test | [B5 Periodic] ticks=141 bars_built=6 signals=0 traded=0 eval_errors=0
2026-05-17 21:27:57 | INFO     | ayumi.blend_launcher | [B5 Health] ticks=141 tps=0.67 bars=4 signals=0 trades=0 balance=10000.00 uptime=4501s
2026-05-17 21:27:59 | INFO     | ayumi.blend_launcher | [B5 Health] ticks=2 tps=990.16 bars=4 signals=0 trades=0 balance=10000.00 uptime=4621s
2026-05-17 21:28:53 | INFO     | ayumi.blend_launcher | [B5 Health] ticks=147 tps=0.00 bars=6 signals=0 trades=0 balance=10000.00 uptime=10322s
2026-05-17 21:28:57 | INFO     | ayumi.forward_test | [B5 Periodic] ticks=146 bars_built=4 signals=0 traded=0 eval_errors=0
2026-05-17 21:28:57 | INFO     | ayumi.forward_test | [B5 Periodic] ticks=147 bars_built=6 signals=0 traded=0 eval_errors=0
2026-05-17 21:28:57 | INFO     | ayumi.blend_launcher | [B5 Health] ticks=146 tps=0.00 bars=4 signals=0 trades=0 balance=10000.00 uptime=4561s
2026-05-17 21:28:59 | INFO     | ayumi.blend_launcher | [B5 Health] ticks=2 tps=990.16 bars=4 signals=0 trades=0 balance=10000.00 uptime=4681s
2026-05-17 21:29:53 | INFO     | ayumi.blend_launcher | [B5 Health] ticks=152 tps=0.00 bars=6 signals=0 trades=0 balance=10000.00 uptime=10382s
2026-05-17 21:29:57 | INFO     | ayumi.forward_test | [B5 Periodic] ticks=151 bars_built=4 signals=0 traded=0 eval_errors=0
2026-05-17 21:29:57 | INFO     | ayumi.forward_test | [B5 Periodic] ticks=152 bars_built=6 signals=0 traded=0 eval_errors=0
2026-05-17 21:29:57 | INFO     | ayumi.blend_launcher | [B5 Health] ticks=151 tps=0.00 bars=4 signals=0 trades=0 balance=10000.00 uptime=4621s
2026-05-17 21:29:59 | INFO     | ayumi.blend_launcher | [B5 Health] ticks=2 tps=990.16 bars=4 signals=0 trades=0 balance=10000.00 uptime=4741s
2026-05-17 21:30:53 | INFO     | ayumi.blend_launcher | [B5 Health] ticks=158 tps=0.50 bars=6 signals=0 trades=0 balance=10000.00 uptime=10442s
2026-05-17 21:30:57 | INFO     | ayumi.forward_test | [B5 Periodic] ticks=157 bars_built=4 signals=0 traded=0 eval_errors=0
2026-05-17 21:30:57 | INFO     | ayumi.forward_test | [B5 Periodic] ticks=158 bars_built=6 signals=0 traded=0 eval_errors=0
2026-05-17 21:30:57 | INFO     | ayumi.blend_launcher | [B5 Health] ticks=157 tps=0.50 bars=4 signals=0 trades=0 balance=10000.00 uptime=4681s
2026-05-17 21:30:59 | INFO     | ayumi.blend_launcher | [B5 Health] ticks=2 tps=990.16 bars=4 signals=0 trades=0 balance=10000.00 uptime=4801s
2026-05-17 21:31:53 | INFO     | ayumi.blend_launcher | [B5 Health] ticks=162 tps=0.21 bars=6 signals=0 trades=0 balance=10000.00 uptime=10502s
2026-05-17 21:31:57 | INFO     | ayumi.forward_test | [B5 Periodic] ticks=161 bars_built=4 signals=0 traded=0 eval_errors=0
2026-05-17 21:31:57 | INFO     | ayumi.forward_test | [B5 Periodic] ticks=162 bars_built=6 signals=0 traded=0 eval_errors=0
2026-05-17 21:31:57 | INFO     | ayumi.blend_launcher | [B5 Health] ticks=161 tps=0.21 bars=4 signals=0 trades=0 balance=10000.00 uptime=4741s
2026-05-17 21:31:59 | INFO     | ayumi.blend_launcher | [B5 Health] ticks=2 tps=990.16 bars=4 signals=0 trades=0 balance=10000.00 uptime=4861s
2026-05-17 21:32:53 | INFO     | ayumi.blend_launcher | [B5 Health] ticks=166 tps=0.00 bars=6 signals=0 trades=0 balance=10000.00 uptime=10562s
2026-05-17 21:32:57 | INFO     | ayumi.forward_test | [B5 Periodic] ticks=166 bars_built=4 signals=0 traded=0 eval_errors=0
2026-05-17 21:32:57 | INFO     | ayumi.forward_test | [B5 Periodic] ticks=167 bars_built=6 signals=0 traded=0 eval_errors=0
2026-05-17 21:32:57 | INFO     | ayumi.blend_launcher | [B5 Health] ticks=166 tps=0.62 bars=4 signals=0 trades=0 balance=10000.00 uptime=4801s
2026-05-17 21:32:59 | INFO     | ayumi.blend_launcher | [B5 Health] ticks=2 tps=990.16 bars=4 signals=0 trades=0 balance=10000.00 uptime=4921s
2026-05-17 21:33:53 | INFO     | ayumi.blend_launcher | [B5 Health] ticks=174 tps=0.24 bars=6 signals=0 trades=0 balance=10000.00 uptime=10622s
2026-05-17 21:33:57 | INFO     | ayumi.forward_test | [B5 Periodic] ticks=175 bars_built=4 signals=0 traded=0 eval_errors=0
2026-05-17 21:33:57 | INFO     | ayumi.forward_test | [B5 Periodic] ticks=176 bars_built=6 signals=0 traded=0 eval_errors=0
2026-05-17 21:33:57 | INFO     | ayumi.blend_launcher | [B5 Health] ticks=175 tps=1.22 bars=4 signals=0 trades=0 balance=10000.00 uptime=4861s
2026-05-17 21:33:59 | INFO     | ayumi.blend_launcher | [B5 Health] ticks=2 tps=990.16 bars=4 signals=0 trades=0 balance=10000.00 uptime=4981s
2026-05-17 21:34:53 | INFO     | ayumi.blend_launcher | [B5 Health] ticks=184 tps=1.24 bars=6 signals=0 trades=0 balance=10000.00 uptime=10682s
2026-05-17 21:34:57 | INFO     | ayumi.forward_test | [B5 Periodic] ticks=183 bars_built=4 signals=0 traded=0 eval_errors=0
2026-05-17 21:34:57 | INFO     | ayumi.forward_test | [B5 Periodic] ticks=184 bars_built=6 signals=0 traded=0 eval_errors=0
2026-05-17 21:34:57 | INFO     | ayumi.blend_launcher | [B5 Health] ticks=183 tps=1.24 bars=4 signals=0 trades=0 balance=10000.00 uptime=4921s
2026-05-17 21:34:59 | INFO     | ayumi.blend_launcher | [B5 Health] ticks=2 tps=990.16 bars=4 signals=0 trades=0 balance=10000.00 uptime=5041s
2026-05-17 21:35:53 | INFO     | ayumi.blend_launcher | [B5 Health] ticks=200 tps=0.36 bars=6 signals=0 trades=0 balance=10000.00 uptime=10742s
2026-05-17 21:35:57 | INFO     | ayumi.forward_test | [B5 Periodic] ticks=199 bars_built=4 signals=0 traded=0 eval_errors=0
2026-05-17 21:35:57 | INFO     | ayumi.forward_test | [B5 Periodic] ticks=200 bars_built=6 signals=0 traded=0 eval_errors=0
2026-05-17 21:35:57 | INFO     | ayumi.blend_launcher | [B5 Health] ticks=199 tps=0.36 bars=4 signals=0 trades=0 balance=10000.00 uptime=4981s
2026-05-17 21:35:59 | INFO     | ayumi.blend_launcher | [B5 Health] ticks=2 tps=990.16 bars=4 signals=0 trades=0 balance=10000.00 uptime=5101s
2026-05-17 21:36:53 | INFO     | ayumi.blend_launcher | [B5 Health] ticks=205 tps=0.00 bars=6 signals=0 trades=0 balance=10000.00 uptime=10802s
2026-05-17 21:36:57 | INFO     | ayumi.forward_test | [B5 Periodic] ticks=204 bars_built=4 signals=0 traded=0 eval_errors=0
2026-05-17 21:36:57 | INFO     | ayumi.forward_test | [B5 Periodic] ticks=205 bars_built=6 signals=0 traded=0 eval_errors=0
2026-05-17 21:36:57 | INFO     | ayumi.blend_launcher | [B5 Health] ticks=204 tps=0.00 bars=4 signals=0 trades=0 balance=10000.00 uptime=5041s
2026-05-17 21:36:59 | INFO     | ayumi.blend_launcher | [B5 Health] ticks=2 tps=990.16 bars=4 signals=0 trades=0 balance=10000.00 uptime=5161s
2026-05-17 21:37:53 | INFO     | ayumi.blend_launcher | [B5 Health] ticks=209 tps=0.31 bars=6 signals=0 trades=0 balance=10000.00 uptime=10862s
2026-05-17 21:37:57 | INFO     | ayumi.forward_test | [B5 Periodic] ticks=208 bars_built=4 signals=0 traded=0 eval_errors=0
2026-05-17 21:37:57 | INFO     | ayumi.forward_test | [B5 Periodic] ticks=209 bars_built=6 signals=0 traded=0 eval_errors=0
2026-05-17 21:37:57 | INFO     | ayumi.blend_launcher | [B5 Health] ticks=208 tps=0.31 bars=4 signals=0 trades=0 balance=10000.00 uptime=5101s
2026-05-17 21:37:59 | INFO     | ayumi.blend_launcher | [B5 Health] ticks=2 tps=990.16 bars=4 signals=0 trades=0 balance=10000.00 uptime=5221s
2026-05-17 21:38:53 | INFO     | ayumi.blend_launcher | [B5 Health] ticks=220 tps=0.67 bars=6 signals=0 trades=0 balance=10000.00 uptime=10922s
2026-05-17 21:38:57 | INFO     | ayumi.forward_test | [B5 Periodic] ticks=220 bars_built=4 signals=0 traded=0 eval_errors=0
2026-05-17 21:38:57 | INFO     | ayumi.forward_test | [B5 Periodic] ticks=221 bars_built=6 signals=0 traded=0 eval_errors=0
2026-05-17 21:38:57 | INFO     | ayumi.blend_launcher | [B5 Health] ticks=220 tps=0.00 bars=4 signals=0 trades=0 balance=10000.00 uptime=5161s
2026-05-17 21:38:59 | INFO     | ayumi.blend_launcher | [B5 Health] ticks=2 tps=990.16 bars=4 signals=0 trades=0 balance=10000.00 uptime=5281s
2026-05-17 21:39:53 | INFO     | ayumi.blend_launcher | [B5 Health] ticks=229 tps=0.47 bars=6 signals=0 trades=0 balance=10000.00 uptime=10982s
2026-05-17 21:39:57 | INFO     | ayumi.forward_test | [B5 Periodic] ticks=228 bars_built=4 signals=0 traded=0 eval_errors=0
2026-05-17 21:39:57 | INFO     | ayumi.forward_test | [B5 Periodic] ticks=229 bars_built=6 signals=0 traded=0 eval_errors=0
2026-05-17 21:39:57 | INFO     | ayumi.blend_launcher | [B5 Health] ticks=228 tps=0.47 bars=4 signals=0 trades=0 balance=10000.00 uptime=5221s
2026-05-17 21:39:59 | INFO     | ayumi.blend_launcher | [B5 Health] ticks=2 tps=990.16 bars=4 signals=0 trades=0 balance=10000.00 uptime=5341s
2026-05-17 21:40:53 | INFO     | ayumi.blend_launcher | [B5 Health] ticks=243 tps=1.50 bars=6 signals=0 trades=0 balance=10000.00 uptime=11042s
2026-05-17 21:40:57 | INFO     | ayumi.forward_test | [B5 Periodic] ticks=242 bars_built=4 signals=0 traded=0 eval_errors=0
2026-05-17 21:40:57 | INFO     | ayumi.forward_test | [B5 Periodic] ticks=243 bars_built=6 signals=0 traded=0 eval_errors=0
2026-05-17 21:40:57 | INFO     | ayumi.blend_launcher | [B5 Health] ticks=242 tps=1.50 bars=4 signals=0 trades=0 balance=10000.00 uptime=5281s
2026-05-17 21:40:59 | INFO     | ayumi.blend_launcher | [B5 Health] ticks=2 tps=990.16 bars=4 signals=0 trades=0 balance=10000.00 uptime=5401s
2026-05-17 21:41:53 | INFO     | ayumi.blend_launcher | [B5 Health] ticks=253 tps=0.43 bars=6 signals=0 trades=0 balance=10000.00 uptime=11102s
2026-05-17 21:41:57 | INFO     | ayumi.forward_test | [B5 Periodic] ticks=252 bars_built=4 signals=0 traded=0 eval_errors=0
2026-05-17 21:41:57 | INFO     | ayumi.forward_test | [B5 Periodic] ticks=253 bars_built=6 signals=0 traded=0 eval_errors=0
2026-05-17 21:41:57 | INFO     | ayumi.blend_launcher | [B5 Health] ticks=252 tps=0.43 bars=4 signals=0 trades=0 balance=10000.00 uptime=5341s
2026-05-17 21:41:59 | INFO     | ayumi.blend_launcher | [B5 Health] ticks=2 tps=990.16 bars=4 signals=0 trades=0 balance=10000.00 uptime=5461s
2026-05-17 21:42:53 | INFO     | ayumi.blend_launcher | [B5 Health] ticks=259 tps=0.00 bars=6 signals=0 trades=0 balance=10000.00 uptime=11162s
2026-05-17 21:42:57 | INFO     | ayumi.forward_test | [B5 Periodic] ticks=258 bars_built=4 signals=0 traded=0 eval_errors=0
2026-05-17 21:42:57 | INFO     | ayumi.forward_test | [B5 Periodic] ticks=259 bars_built=6 signals=0 traded=0 eval_errors=0
2026-05-17 21:42:57 | INFO     | ayumi.blend_launcher | [B5 Health] ticks=258 tps=0.00 bars=4 signals=0 trades=0 balance=10000.00 uptime=5401s
2026-05-17 21:42:59 | INFO     | ayumi.blend_launcher | [B5 Health] ticks=2 tps=990.16 bars=4 signals=0 trades=0 balance=10000.00 uptime=5521s
2026-05-17 21:43:53 | INFO     | ayumi.blend_launcher | [B5 Health] ticks=266 tps=0.91 bars=6 signals=0 trades=0 balance=10000.00 uptime=11222s
2026-05-17 21:43:57 | INFO     | ayumi.forward_test | [B5 Periodic] ticks=269 bars_built=4 signals=0 traded=0 eval_errors=0
2026-05-17 21:43:57 | INFO     | ayumi.forward_test | [B5 Periodic] ticks=270 bars_built=6 signals=0 traded=0 eval_errors=0
2026-05-17 21:43:57 | INFO     | ayumi.blend_launcher | [B5 Health] ticks=269 tps=0.83 bars=4 signals=0 trades=0 balance=10000.00 uptime=5461s
2026-05-17 21:43:59 | INFO     | ayumi.blend_launcher | [B5 Health] ticks=2 tps=990.16 bars=4 signals=0 trades=0 balance=10000.00 uptime=5581s
2026-05-17 21:44:53 | INFO     | ayumi.blend_launcher | [B5 Health] ticks=290 tps=1.49 bars=6 signals=0 trades=0 balance=10000.00 uptime=11282s
2026-05-17 21:44:57 | INFO     | ayumi.forward_test | [B5 Periodic] ticks=291 bars_built=4 signals=0 traded=0 eval_errors=0
2026-05-17 21:44:57 | INFO     | ayumi.forward_test | [B5 Periodic] ticks=293 bars_built=6 signals=0 traded=0 eval_errors=0
2026-05-17 21:44:57 | INFO     | ayumi.blend_launcher | [B5 Health] ticks=293 tps=1.16 bars=4 signals=0 trades=0 balance=10000.00 uptime=5521s
2026-05-17 21:44:59 | INFO     | ayumi.blend_launcher | [B5 Health] ticks=2 tps=990.16 bars=4 signals=0 trades=0 balance=10000.00 uptime=5641s
2026-05-17 21:45:53 | INFO     | ayumi.blend_launcher | [B5 Health] ticks=313 tps=0.70 bars=6 signals=0 trades=0 balance=10000.00 uptime=11342s
2026-05-17 21:45:57 | INFO     | ayumi.forward_test | [B5 Periodic] ticks=312 bars_built=4 signals=0 traded=0 eval_errors=0
2026-05-17 21:45:57 | INFO     | ayumi.forward_test | [B5 Periodic] ticks=313 bars_built=6 signals=0 traded=0 eval_errors=0
2026-05-17 21:45:57 | INFO     | ayumi.blend_launcher | [B5 Health] ticks=312 tps=0.70 bars=4 signals=0 trades=0 balance=10000.00 uptime=5581s
2026-05-17 21:45:59 | INFO     | ayumi.blend_launcher | [B5 Health] ticks=2 tps=990.16 bars=4 signals=0 trades=0 balance=10000.00 uptime=5701s
2026-05-17 21:46:53 | INFO     | ayumi.blend_launcher | [B5 Health] ticks=324 tps=0.00 bars=6 signals=0 trades=0 balance=10000.00 uptime=11402s
2026-05-17 21:46:57 | INFO     | ayumi.forward_test | [B5 Periodic] ticks=323 bars_built=4 signals=0 traded=0 eval_errors=0
2026-05-17 21:46:57 | INFO     | ayumi.forward_test | [B5 Periodic] ticks=324 bars_built=6 signals=0 traded=0 eval_errors=0
2026-05-17 21:46:57 | INFO     | ayumi.blend_launcher | [B5 Health] ticks=323 tps=0.00 bars=4 signals=0 trades=0 balance=10000.00 uptime=5641s
2026-05-17 21:46:59 | INFO     | ayumi.blend_launcher | [B5 Health] ticks=2 tps=990.16 bars=4 signals=0 trades=0 balance=10000.00 uptime=5761s
2026-05-17 21:47:53 | INFO     | ayumi.blend_launcher | [B5 Health] ticks=331 tps=0.36 bars=6 signals=0 trades=0 balance=10000.00 uptime=11462s
2026-05-17 21:47:57 | INFO     | ayumi.forward_test | [B5 Periodic] ticks=332 bars_built=4 signals=0 traded=0 eval_errors=0
2026-05-17 21:47:57 | INFO     | ayumi.forward_test | [B5 Periodic] ticks=333 bars_built=6 signals=0 traded=0 eval_errors=0
2026-05-17 21:47:57 | INFO     | ayumi.blend_launcher | [B5 Health] ticks=332 tps=0.54 bars=4 signals=0 trades=0 balance=10000.00 uptime=5701s
2026-05-17 21:47:59 | INFO     | ayumi.blend_launcher | [B5 Health] ticks=2 tps=990.16 bars=4 signals=0 trades=0 balance=10000.00 uptime=5821s
2026-05-17 21:48:53 | INFO     | ayumi.blend_launcher | [B5 Health] ticks=342 tps=1.05 bars=6 signals=0 trades=0 balance=10000.00 uptime=11522s
2026-05-17 21:48:57 | INFO     | ayumi.forward_test | [B5 Periodic] ticks=342 bars_built=4 signals=0 traded=0 eval_errors=0
2026-05-17 21:48:57 | INFO     | ayumi.forward_test | [B5 Periodic] ticks=343 bars_built=6 signals=0 traded=0 eval_errors=0
2026-05-17 21:48:57 | INFO     | ayumi.blend_launcher | [B5 Health] ticks=342 tps=0.00 bars=4 signals=0 trades=0 balance=10000.00 uptime=5761s
2026-05-17 21:48:59 | INFO     | ayumi.blend_launcher | [B5 Health] ticks=2 tps=990.16 bars=4 signals=0 trades=0 balance=10000.00 uptime=5881s
2026-05-17 21:49:53 | INFO     | ayumi.blend_launcher | [B5 Health] ticks=362 tps=0.46 bars=6 signals=0 trades=0 balance=10000.00 uptime=11582s
2026-05-17 21:49:57 | INFO     | ayumi.forward_test | [B5 Periodic] ticks=361 bars_built=4 signals=0 traded=0 eval_errors=0
2026-05-17 21:49:57 | INFO     | ayumi.forward_test | [B5 Periodic] ticks=362 bars_built=6 signals=0 traded=0 eval_errors=0
2026-05-17 21:49:57 | INFO     | ayumi.blend_launcher | [B5 Health] ticks=361 tps=0.46 bars=4 signals=0 trades=0 balance=10000.00 uptime=5821s
2026-05-17 21:49:59 | INFO     | ayumi.blend_launcher | [B5 Health] ticks=2 tps=990.16 bars=4 signals=0 trades=0 balance=10000.00 uptime=5941s
2026-05-17 21:50:53 | INFO     | ayumi.blend_launcher | [B5 Health] ticks=368 tps=6.68 bars=6 signals=0 trades=0 balance=10000.00 uptime=11642s
2026-05-17 21:50:57 | INFO     | ayumi.forward_test | [B5 Periodic] ticks=367 bars_built=4 signals=0 traded=0 eval_errors=0
2026-05-17 21:50:57 | INFO     | ayumi.forward_test | [B5 Periodic] ticks=368 bars_built=6 signals=0 traded=0 eval_errors=0
2026-05-17 21:50:57 | INFO     | ayumi.blend_launcher | [B5 Health] ticks=367 tps=6.68 bars=4 signals=0 trades=0 balance=10000.00 uptime=5881s
2026-05-17 21:50:59 | INFO     | ayumi.blend_launcher | [B5 Health] ticks=2 tps=990.16 bars=4 signals=0 trades=0 balance=10000.00 uptime=6001s
2026-05-17 21:51:53 | INFO     | ayumi.blend_launcher | [B5 Health] ticks=371 tps=0.00 bars=6 signals=0 trades=0 balance=10000.00 uptime=11702s
2026-05-17 21:51:57 | INFO     | ayumi.forward_test | [B5 Periodic] ticks=370 bars_built=4 signals=0 traded=0 eval_errors=0
2026-05-17 21:51:57 | INFO     | ayumi.forward_test | [B5 Periodic] ticks=371 bars_built=6 signals=0 traded=0 eval_errors=0
2026-05-17 21:51:57 | INFO     | ayumi.blend_launcher | [B5 Health] ticks=370 tps=0.00 bars=4 signals=0 trades=0 balance=10000.00 uptime=5941s
2026-05-17 21:51:59 | INFO     | ayumi.blend_launcher | [B5 Health] ticks=2 tps=990.16 bars=4 signals=0 trades=0 balance=10000.00 uptime=6061s
2026-05-17 21:52:53 | INFO     | ayumi.blend_launcher | [B5 Health] ticks=374 tps=6.62 bars=6 signals=0 trades=0 balance=10000.00 uptime=11762s
2026-05-17 21:52:57 | INFO     | ayumi.forward_test | [B5 Periodic] ticks=373 bars_built=4 signals=0 traded=0 eval_errors=0
2026-05-17 21:52:57 | INFO     | ayumi.forward_test | [B5 Periodic] ticks=374 bars_built=6 signals=0 traded=0 eval_errors=0
2026-05-17 21:52:57 | INFO     | ayumi.blend_launcher | [B5 Health] ticks=373 tps=6.63 bars=4 signals=0 trades=0 balance=10000.00 uptime=6001s
2026-05-17 21:52:59 | INFO     | ayumi.blend_launcher | [B5 Health] ticks=2 tps=990.16 bars=4 signals=0 trades=0 balance=10000.00 uptime=6121s
2026-05-17 21:53:53 | INFO     | ayumi.blend_launcher | [B5 Health] ticks=383 tps=0.77 bars=6 signals=0 trades=0 balance=10000.00 uptime=11822s
2026-05-17 21:53:57 | INFO     | ayumi.forward_test | [B5 Periodic] ticks=383 bars_built=4 signals=0 traded=0 eval_errors=0
2026-05-17 21:53:57 | INFO     | ayumi.forward_test | [B5 Periodic] ticks=384 bars_built=6 signals=0 traded=0 eval_errors=0
2026-05-17 21:53:57 | INFO     | ayumi.blend_launcher | [B5 Health] ticks=383 tps=0.34 bars=4 signals=0 trades=0 balance=10000.00 uptime=6061s
2026-05-17 21:53:59 | INFO     | ayumi.blend_launcher | [B5 Health] ticks=2 tps=990.16 bars=4 signals=0 trades=0 balance=10000.00 uptime=6181s
2026-05-17 21:54:53 | INFO     | ayumi.blend_launcher | [B5 Health] ticks=401 tps=0.00 bars=6 signals=0 trades=0 balance=10000.00 uptime=11882s
2026-05-17 21:54:57 | INFO     | ayumi.forward_test | [B5 Periodic] ticks=402 bars_built=4 signals=0 traded=0 eval_errors=0
2026-05-17 21:54:57 | INFO     | ayumi.forward_test | [B5 Periodic] ticks=403 bars_built=6 signals=0 traded=0 eval_errors=0
2026-05-17 21:54:57 | INFO     | ayumi.blend_launcher | [B5 Health] ticks=402 tps=1.19 bars=4 signals=0 trades=0 balance=10000.00 uptime=6121s
2026-05-17 21:54:59 | INFO     | ayumi.blend_launcher | [B5 Health] ticks=2 tps=990.16 bars=4 signals=0 trades=0 balance=10000.00 uptime=6241s
2026-05-17 21:55:53 | INFO     | ayumi.blend_launcher | [B5 Health] ticks=417 tps=0.40 bars=6 signals=0 trades=0 balance=10000.00 uptime=11942s
2026-05-17 21:55:57 | INFO     | ayumi.forward_test | [B5 Periodic] ticks=417 bars_built=4 signals=0 traded=0 eval_errors=0
2026-05-17 21:55:57 | INFO     | ayumi.forward_test | [B5 Periodic] ticks=418 bars_built=6 signals=0 traded=0 eval_errors=0
2026-05-17 21:55:58 | INFO     | ayumi.blend_launcher | [B5 Health] ticks=417 tps=0.32 bars=4 signals=0 trades=0 balance=10000.00 uptime=6181s
2026-05-17 21:55:59 | INFO     | ayumi.blend_launcher | [B5 Health] ticks=2 tps=990.16 bars=4 signals=0 trades=0 balance=10000.00 uptime=6301s
2026-05-17 21:56:53 | INFO     | ayumi.blend_launcher | [B5 Health] ticks=427 tps=0.00 bars=6 signals=0 trades=0 balance=10000.00 uptime=12002s
2026-05-17 21:56:57 | INFO     | ayumi.forward_test | [B5 Periodic] ticks=426 bars_built=4 signals=0 traded=0 eval_errors=0
2026-05-17 21:56:57 | INFO     | ayumi.forward_test | [B5 Periodic] ticks=427 bars_built=6 signals=0 traded=0 eval_errors=0
2026-05-17 21:56:58 | INFO     | ayumi.blend_launcher | [B5 Health] ticks=426 tps=0.00 bars=4 signals=0 trades=0 balance=10000.00 uptime=6241s
2026-05-17 21:56:59 | INFO     | ayumi.blend_launcher | [B5 Health] ticks=2 tps=990.16 bars=4 signals=0 trades=0 balance=10000.00 uptime=6361s
2026-05-17 21:57:53 | INFO     | ayumi.blend_launcher | [B5 Health] ticks=494 tps=1.81 bars=6 signals=0 trades=0 balance=10000.00 uptime=12062s
2026-05-17 21:57:57 | INFO     | ayumi.forward_test | [B5 Periodic] ticks=503 bars_built=4 signals=0 traded=0 eval_errors=0
2026-05-17 21:57:57 | INFO     | ayumi.forward_test | [B5 Periodic] ticks=505 bars_built=6 signals=0 traded=0 eval_errors=0
2026-05-17 21:57:58 | INFO     | ayumi.blend_launcher | [B5 Health] ticks=504 tps=2.04 bars=4 signals=0 trades=0 balance=10000.00 uptime=6301s
2026-05-17 21:57:59 | INFO     | ayumi.blend_launcher | [B5 Health] ticks=2 tps=990.16 bars=4 signals=0 trades=0 balance=10000.00 uptime=6421s
2026-05-17 21:58:53 | INFO     | ayumi.blend_launcher | [B5 Health] ticks=546 tps=0.46 bars=6 signals=0 trades=0 balance=10000.00 uptime=12122s
2026-05-17 21:58:57 | INFO     | ayumi.forward_test | [B5 Periodic] ticks=546 bars_built=4 signals=0 traded=0 eval_errors=0
2026-05-17 21:58:57 | INFO     | ayumi.forward_test | [B5 Periodic] ticks=547 bars_built=6 signals=0 traded=0 eval_errors=0
2026-05-17 21:58:58 | INFO     | ayumi.blend_launcher | [B5 Health] ticks=546 tps=0.40 bars=4 signals=0 trades=0 balance=10000.00 uptime=6361s
2026-05-17 21:58:59 | INFO     | ayumi.blend_launcher | [B5 Health] ticks=2 tps=990.16 bars=4 signals=0 trades=0 balance=10000.00 uptime=6481s
2026-05-17 21:59:53 | INFO     | ayumi.blend_launcher | [B5 Health] ticks=549 tps=0.00 bars=6 signals=0 trades=0 balance=10000.00 uptime=12182s
2026-05-17 21:59:57 | INFO     | ayumi.forward_test | [B5 Periodic] ticks=550 bars_built=4 signals=0 traded=0 eval_errors=0
2026-05-17 21:59:57 | INFO     | ayumi.forward_test | [B5 Periodic] ticks=551 bars_built=6 signals=0 traded=0 eval_errors=0
2026-05-17 21:59:58 | INFO     | ayumi.blend_launcher | [B5 Health] ticks=550 tps=5.02 bars=4 signals=0 trades=0 balance=10000.00 uptime=6421s
2026-05-17 21:59:59 | INFO     | ayumi.blend_launcher | [B5 Health] ticks=2 tps=990.16 bars=4 signals=0 trades=0 balance=10000.00 uptime=6541s
2026-05-17 22:00:53 | INFO     | ayumi.blend_launcher | [B5 Health] ticks=615 tps=0.91 bars=6 signals=0 trades=0 balance=10000.00 uptime=12242s
2026-05-17 22:00:57 | INFO     | ayumi.forward_test | [B5 Periodic] ticks=616 bars_built=4 signals=0 traded=0 eval_errors=0
2026-05-17 22:00:57 | INFO     | ayumi.forward_test | [B5 Periodic] ticks=618 bars_built=6 signals=0 traded=0 eval_errors=0
2026-05-17 22:00:58 | INFO     | ayumi.blend_launcher | [B5 Health] ticks=617 tps=0.90 bars=4 signals=0 trades=0 balance=10000.00 uptime=6481s
2026-05-17 22:00:59 | INFO     | ayumi.blend_launcher | [B5 Health] ticks=2 tps=990.16 bars=4 signals=0 trades=0 balance=10000.00 uptime=6601s
2026-05-17 22:01:53 | INFO     | ayumi.blend_launcher | [B5 Health] ticks=702 tps=0.60 bars=6 signals=0 trades=0 balance=10000.00 uptime=12302s
2026-05-17 22:01:57 | INFO     | ayumi.forward_test | [B5 Periodic] ticks=710 bars_built=4 signals=0 traded=0 eval_errors=0
2026-05-17 22:01:57 | INFO     | ayumi.forward_test | [B5 Periodic] ticks=711 bars_built=6 signals=0 traded=0 eval_errors=0
2026-05-17 22:01:58 | INFO     | ayumi.blend_launcher | [B5 Health] ticks=712 tps=2.64 bars=4 signals=0 trades=0 balance=10000.00 uptime=6541s
2026-05-17 22:01:59 | INFO     | ayumi.blend_launcher | [B5 Health] ticks=2 tps=990.16 bars=4 signals=0 trades=0 balance=10000.00 uptime=6661s
2026-05-17 22:02:53 | INFO     | ayumi.blend_launcher | [B5 Health] ticks=762 tps=1.22 bars=6 signals=0 trades=0 balance=10000.00 uptime=12362s
2026-05-17 22:02:57 | INFO     | ayumi.forward_test | [B5 Periodic] ticks=764 bars_built=4 signals=0 traded=0 eval_errors=0
2026-05-17 22:02:57 | INFO     | ayumi.forward_test | [B5 Periodic] ticks=765 bars_built=6 signals=0 traded=0 eval_errors=0
2026-05-17 22:02:58 | INFO     | ayumi.blend_launcher | [B5 Health] ticks=766 tps=0.88 bars=4 signals=0 trades=0 balance=10000.00 uptime=6601s
2026-05-17 22:02:59 | INFO     | ayumi.blend_launcher | [B5 Health] ticks=2 tps=990.16 bars=4 signals=0 trades=0 balance=10000.00 uptime=6721s
2026-05-17 22:03:53 | INFO     | ayumi.blend_launcher | [B5 Health] ticks=811 tps=0.88 bars=6 signals=0 trades=0 balance=10000.00 uptime=12422s
2026-05-17 22:03:57 | INFO     | ayumi.forward_test | [B5 Periodic] ticks=812 bars_built=4 signals=0 traded=0 eval_errors=0
2026-05-17 22:03:57 | INFO     | ayumi.forward_test | [B5 Periodic] ticks=813 bars_built=6 signals=0 traded=0 eval_errors=0
2026-05-17 22:03:58 | INFO     | ayumi.blend_launcher | [B5 Health] ticks=813 tps=1.06 bars=4 signals=0 trades=0 balance=10000.00 uptime=6661s
2026-05-17 22:03:59 | INFO     | ayumi.blend_launcher | [B5 Health] ticks=2 tps=990.16 bars=4 signals=0 trades=0 balance=10000.00 uptime=6781s
2026-05-17 22:04:53 | INFO     | ayumi.blend_launcher | [B5 Health] ticks=863 tps=0.86 bars=6 signals=0 trades=0 balance=10000.00 uptime=12482s
2026-05-17 22:04:57 | INFO     | ayumi.forward_test | [B5 Periodic] ticks=865 bars_built=4 signals=0 traded=0 eval_errors=0
2026-05-17 22:04:57 | INFO     | ayumi.forward_test | [B5 Periodic] ticks=866 bars_built=6 signals=0 traded=0 eval_errors=0
2026-05-17 22:04:58 | INFO     | ayumi.blend_launcher | [B5 Health] ticks=867 tps=1.20 bars=4 signals=0 trades=0 balance=10000.00 uptime=6721s
2026-05-17 22:04:59 | INFO     | ayumi.blend_launcher | [B5 Health] ticks=2 tps=990.16 bars=4 signals=0 trades=0 balance=10000.00 uptime=6841s
2026-05-17 22:05:53 | INFO     | ayumi.blend_launcher | [B5 Health] ticks=910 tps=1.18 bars=6 signals=0 trades=0 balance=10000.00 uptime=12542s
2026-05-17 22:05:57 | INFO     | ayumi.forward_test | [B5 Periodic] ticks=910 bars_built=4 signals=0 traded=0 eval_errors=0
2026-05-17 22:05:57 | INFO     | ayumi.forward_test | [B5 Periodic] ticks=912 bars_built=6 signals=0 traded=0 eval_errors=0
2026-05-17 22:05:58 | INFO     | ayumi.blend_launcher | [B5 Health] ticks=911 tps=9.53 bars=4 signals=0 trades=0 balance=10000.00 uptime=6781s
2026-05-17 22:05:59 | INFO     | ayumi.blend_launcher | [B5 Health] ticks=2 tps=990.16 bars=4 signals=0 trades=0 balance=10000.00 uptime=6901s
2026-05-17 22:06:53 | INFO     | ayumi.blend_launcher | [B5 Health] ticks=957 tps=1.21 bars=6 signals=0 trades=0 balance=10000.00 uptime=12602s
2026-05-17 22:06:57 | INFO     | ayumi.forward_test | [B5 Periodic] ticks=957 bars_built=4 signals=0 traded=0 eval_errors=0
2026-05-17 22:06:57 | INFO     | ayumi.forward_test | [B5 Periodic] ticks=958 bars_built=6 signals=0 traded=0 eval_errors=0
2026-05-17 22:06:58 | INFO     | ayumi.blend_launcher | [B5 Health] ticks=957 tps=0.72 bars=4 signals=0 trades=0 balance=10000.00 uptime=6841s
2026-05-17 22:06:59 | INFO     | ayumi.blend_launcher | [B5 Health] ticks=2 tps=990.16 bars=4 signals=0 trades=0 balance=10000.00 uptime=6961s
2026-05-17 22:07:53 | INFO     | ayumi.blend_launcher | [B5 Health] ticks=1005 tps=1.83 bars=6 signals=0 trades=0 balance=10000.00 uptime=12662s
2026-05-17 22:07:57 | INFO     | ayumi.forward_test | [B5 Periodic] ticks=1007 bars_built=4 signals=0 traded=0 eval_errors=0
2026-05-17 22:07:57 | INFO     | ayumi.forward_test | [B5 Periodic] ticks=1008 bars_built=6 signals=0 traded=0 eval_errors=0
2026-05-17 22:07:58 | INFO     | ayumi.blend_launcher | [B5 Health] ticks=1007 tps=1.90 bars=4 signals=0 trades=0 balance=10000.00 uptime=6901s
2026-05-17 22:07:59 | INFO     | ayumi.blend_launcher | [B5 Health] ticks=2 tps=990.16 bars=4 signals=0 trades=0 balance=10000.00 uptime=7021s
2026-05-17 22:08:53 | INFO     | ayumi.blend_launcher | [B5 Health] ticks=1071 tps=1.29 bars=6 signals=0 trades=0 balance=10000.00 uptime=12722s
2026-05-17 22:08:57 | INFO     | ayumi.forward_test | [B5 Periodic] ticks=1071 bars_built=4 signals=0 traded=0 eval_errors=0
2026-05-17 22:08:57 | INFO     | ayumi.forward_test | [B5 Periodic] ticks=1072 bars_built=6 signals=0 traded=0 eval_errors=0
2026-05-17 22:08:58 | INFO     | ayumi.blend_launcher | [B5 Health] ticks=1072 tps=0.43 bars=4 signals=0 trades=0 balance=10000.00 uptime=6961s
2026-05-17 22:08:59 | INFO     | ayumi.blend_launcher | [B5 Health] ticks=2 tps=990.16 bars=4 signals=0 trades=0 balance=10000.00 uptime=7081s
2026-05-17 22:09:53 | INFO     | ayumi.blend_launcher | [B5 Health] ticks=1134 tps=1.30 bars=6 signals=0 trades=0 balance=10000.00 uptime=12782s
2026-05-17 22:09:57 | INFO     | ayumi.forward_test | [B5 Periodic] ticks=1137 bars_built=4 signals=0 traded=0 eval_errors=0
2026-05-17 22:09:57 | INFO     | ayumi.forward_test | [B5 Periodic] ticks=1139 bars_built=6 signals=0 traded=0 eval_errors=0
2026-05-17 22:09:58 | INFO     | ayumi.blend_launcher | [B5 Health] ticks=1138 tps=0.67 bars=4 signals=0 trades=0 balance=10000.00 uptime=7021s
2026-05-17 22:09:59 | INFO     | ayumi.blend_launcher | [B5 Health] ticks=2 tps=990.16 bars=4 signals=0 trades=0 balance=10000.00 uptime=7141s
2026-05-17 22:10:53 | INFO     | ayumi.blend_launcher | [B5 Health] ticks=1210 tps=0.85 bars=6 signals=0 trades=0 balance=10000.00 uptime=12842s
2026-05-17 22:10:57 | INFO     | ayumi.forward_test | [B5 Periodic] ticks=1215 bars_built=4 signals=0 traded=0 eval_errors=0
2026-05-17 22:10:57 | INFO     | ayumi.forward_test | [B5 Periodic] ticks=1216 bars_built=6 signals=0 traded=0 eval_errors=0
2026-05-17 22:10:58 | INFO     | ayumi.blend_launcher | [B5 Health] ticks=1217 tps=1.33 bars=4 signals=0 trades=0 balance=10000.00 uptime=7081s
2026-05-17 22:10:59 | INFO     | ayumi.blend_launcher | [B5 Health] ticks=2 tps=990.16 bars=4 signals=0 trades=0 balance=10000.00 uptime=7201s
2026-05-17 22:11:53 | INFO     | ayumi.blend_launcher | [B5 Health] ticks=1259 tps=0.83 bars=6 signals=0 trades=0 balance=10000.00 uptime=12902s
2026-05-17 22:11:57 | INFO     | ayumi.forward_test | [B5 Periodic] ticks=1258 bars_built=4 signals=0 traded=0 eval_errors=0
2026-05-17 22:11:57 | INFO     | ayumi.forward_test | [B5 Periodic] ticks=1259 bars_built=6 signals=0 traded=0 eval_errors=0
2026-05-17 22:11:58 | INFO     | ayumi.blend_launcher | [B5 Health] ticks=1258 tps=0.83 bars=4 signals=0 trades=0 balance=10000.00 uptime=7141s
2026-05-17 22:11:59 | INFO     | ayumi.blend_launcher | [B5 Health] ticks=2 tps=990.16 bars=4 signals=0 trades=0 balance=10000.00 uptime=7261s
2026-05-17 22:12:53 | INFO     | ayumi.blend_launcher | [B5 Health] ticks=1279 tps=0.87 bars=6 signals=0 trades=0 balance=10000.00 uptime=12962s
2026-05-17 22:12:57 | INFO     | ayumi.forward_test | [B5 Periodic] ticks=1282 bars_built=4 signals=0 traded=0 eval_errors=0
2026-05-17 22:12:57 | INFO     | ayumi.forward_test | [B5 Periodic] ticks=1283 bars_built=6 signals=0 traded=0 eval_errors=0
2026-05-17 22:12:58 | INFO     | ayumi.blend_launcher | [B5 Health] ticks=1282 tps=1.08 bars=4 signals=0 trades=0 balance=10000.00 uptime=7201s
2026-05-17 22:12:59 | INFO     | ayumi.blend_launcher | [B5 Health] ticks=2 tps=990.16 bars=4 signals=0 trades=0 balance=10000.00 uptime=7321s
2026-05-17 22:13:53 | INFO     | ayumi.blend_launcher | [B5 Health] ticks=1326 tps=0.80 bars=6 signals=0 trades=0 balance=10000.00 uptime=13022s
2026-05-17 22:13:57 | INFO     | ayumi.forward_test | [B5 Periodic] ticks=1326 bars_built=4 signals=0 traded=0 eval_errors=0
2026-05-17 22:13:57 | INFO     | ayumi.forward_test | [B5 Periodic] ticks=1327 bars_built=6 signals=0 traded=0 eval_errors=0
2026-05-17 22:13:58 | INFO     | ayumi.blend_launcher | [B5 Health] ticks=1327 tps=0.30 bars=4 signals=0 trades=0 balance=10000.00 uptime=7261s
2026-05-17 22:13:59 | INFO     | ayumi.blend_launcher | [B5 Health] ticks=2 tps=990.16 bars=4 signals=0 trades=0 balance=10000.00 uptime=7381s
2026-05-17 22:14:53 | INFO     | ayumi.blend_launcher | [B5 Health] ticks=1339 tps=0.41 bars=6 signals=0 trades=0 balance=10000.00 uptime=13082s
2026-05-17 22:14:57 | INFO     | ayumi.forward_test | [B5 Periodic] ticks=1341 bars_built=4 signals=0 traded=0 eval_errors=0
2026-05-17 22:14:57 | INFO     | ayumi.forward_test | [B5 Periodic] ticks=1342 bars_built=6 signals=0 traded=0 eval_errors=0
2026-05-17 22:14:58 | INFO     | ayumi.blend_launcher | [B5 Health] ticks=1342 tps=0.75 bars=4 signals=0 trades=0 balance=10000.00 uptime=7321s
2026-05-17 22:14:59 | INFO     | ayumi.blend_launcher | [B5 Health] ticks=2 tps=990.16 bars=4 signals=0 trades=0 balance=10000.00 uptime=7441s
2026-05-17 22:15:53 | INFO     | ayumi.blend_launcher | [B5 Health] ticks=1391 tps=1.11 bars=6 signals=0 trades=0 balance=10000.00 uptime=13142s
2026-05-17 22:15:57 | INFO     | ayumi.forward_test | [B5 Periodic] ticks=1390 bars_built=4 signals=0 traded=0 eval_errors=0
2026-05-17 22:15:57 | INFO     | ayumi.forward_test | [B5 Periodic] ticks=1391 bars_built=6 signals=0 traded=0 eval_errors=0
2026-05-17 22:15:58 | INFO     | ayumi.blend_launcher | [B5 Health] ticks=1390 tps=1.11 bars=4 signals=0 trades=0 balance=10000.00 uptime=7381s
2026-05-17 22:15:59 | INFO     | ayumi.blend_launcher | [B5 Health] ticks=2 tps=990.16 bars=4 signals=0 trades=0 balance=10000.00 uptime=7501s
2026-05-17 22:16:53 | INFO     | ayumi.blend_launcher | [B5 Health] ticks=1460 tps=2.47 bars=6 signals=0 trades=0 balance=10000.00 uptime=13202s
2026-05-17 22:16:57 | INFO     | ayumi.forward_test | [B5 Periodic] ticks=1464 bars_built=4 signals=0 traded=0 eval_errors=0
2026-05-17 22:16:57 | INFO     | ayumi.forward_test | [B5 Periodic] ticks=1467 bars_built=6 signals=0 traded=0 eval_errors=0
2026-05-17 22:16:58 | INFO     | ayumi.blend_launcher | [B5 Health] ticks=1469 tps=2.47 bars=4 signals=0 trades=0 balance=10000.00 uptime=7441s
2026-05-17 22:16:59 | INFO     | ayumi.blend_launcher | [B5 Health] ticks=2 tps=990.16 bars=4 signals=0 trades=0 balance=10000.00 uptime=7561s
2026-05-17 22:17:53 | INFO     | ayumi.blend_launcher | [B5 Health] ticks=1532 tps=1.22 bars=6 signals=0 trades=0 balance=10000.00 uptime=13262s
2026-05-17 22:17:57 | INFO     | ayumi.forward_test | [B5 Periodic] ticks=1532 bars_built=4 signals=0 traded=0 eval_errors=0
2026-05-17 22:17:57 | INFO     | ayumi.forward_test | [B5 Periodic] ticks=1533 bars_built=6 signals=0 traded=0 eval_errors=0
2026-05-17 22:17:58 | INFO     | ayumi.blend_launcher | [B5 Health] ticks=1532 tps=1.13 bars=4 signals=0 trades=0 balance=10000.00 uptime=7501s
2026-05-17 22:17:59 | INFO     | ayumi.blend_launcher | [B5 Health] ticks=2 tps=990.16 bars=4 signals=0 trades=0 balance=10000.00 uptime=7621s
2026-05-17 22:18:53 | INFO     | ayumi.blend_launcher | [B5 Health] ticks=1559 tps=0.91 bars=6 signals=0 trades=0 balance=10000.00 uptime=13322s
2026-05-17 22:18:57 | INFO     | ayumi.forward_test | [B5 Periodic] ticks=1559 bars_built=4 signals=0 traded=0 eval_errors=0
2026-05-17 22:18:57 | INFO     | ayumi.forward_test | [B5 Periodic] ticks=1560 bars_built=6 signals=0 traded=0 eval_errors=0
2026-05-17 22:18:58 | INFO     | ayumi.blend_launcher | [B5 Health] ticks=1561 tps=0.57 bars=4 signals=0 trades=0 balance=10000.00 uptime=7561s
2026-05-17 22:18:59 | INFO     | ayumi.blend_launcher | [B5 Health] ticks=2 tps=990.16 bars=4 signals=0 trades=0 balance=10000.00 uptime=7681s
2026-05-17 22:19:53 | INFO     | ayumi.blend_launcher | [B5 Health] ticks=1589 tps=0.78 bars=6 signals=0 trades=0 balance=10000.00 uptime=13382s
2026-05-17 22:19:57 | INFO     | ayumi.forward_test | [B5 Periodic] ticks=1591 bars_built=4 signals=0 traded=0 eval_errors=0
2026-05-17 22:19:57 | INFO     | ayumi.forward_test | [B5 Periodic] ticks=1592 bars_built=6 signals=0 traded=0 eval_errors=0
2026-05-17 22:19:58 | INFO     | ayumi.blend_launcher | [B5 Health] ticks=1594 tps=1.35 bars=4 signals=0 trades=0 balance=10000.00 uptime=7621s
2026-05-17 22:19:59 | INFO     | ayumi.blend_launcher | [B5 Health] ticks=2 tps=990.16 bars=4 signals=0 trades=0 balance=10000.00 uptime=7741s
2026-05-17 22:20:53 | INFO     | ayumi.blend_launcher | [B5 Health] ticks=1635 tps=1.25 bars=6 signals=0 trades=0 balance=10000.00 uptime=13442s
2026-05-17 22:20:57 | INFO     | ayumi.forward_test | [B5 Periodic] ticks=1638 bars_built=4 signals=0 traded=0 eval_errors=0
2026-05-17 22:20:57 | INFO     | ayumi.forward_test | [B5 Periodic] ticks=1639 bars_built=6 signals=0 traded=0 eval_errors=0
2026-05-17 22:20:58 | INFO     | ayumi.blend_launcher | [B5 Health] ticks=1640 tps=1.00 bars=4 signals=0 trades=0 balance=10000.00 uptime=7681s
2026-05-17 22:20:59 | INFO     | ayumi.blend_launcher | [B5 Health] ticks=2 tps=990.16 bars=4 signals=0 trades=0 balance=10000.00 uptime=7801s
2026-05-17 22:21:53 | INFO     | ayumi.blend_launcher | [B5 Health] ticks=1666 tps=0.65 bars=6 signals=0 trades=0 balance=10000.00 uptime=13502s
2026-05-17 22:21:57 | INFO     | ayumi.forward_test | [B5 Periodic] ticks=1670 bars_built=4 signals=0 traded=0 eval_errors=0
2026-05-17 22:21:57 | INFO     | ayumi.forward_test | [B5 Periodic] ticks=1671 bars_built=6 signals=0 traded=0 eval_errors=0
2026-05-17 22:21:58 | INFO     | ayumi.blend_launcher | [B5 Health] ticks=1670 tps=0.72 bars=4 signals=0 trades=0 balance=10000.00 uptime=7741s
2026-05-17 22:21:59 | INFO     | ayumi.blend_launcher | [B5 Health] ticks=2 tps=990.16 bars=4 signals=0 trades=0 balance=10000.00 uptime=7861s
2026-05-17 22:22:53 | INFO     | ayumi.blend_launcher | [B5 Health] ticks=1713 tps=0.74 bars=6 signals=0 trades=0 balance=10000.00 uptime=13562s
2026-05-17 22:22:57 | INFO     | ayumi.forward_test | [B5 Periodic] ticks=1717 bars_built=4 signals=0 traded=0 eval_errors=0
2026-05-17 22:22:57 | INFO     | ayumi.forward_test | [B5 Periodic] ticks=1718 bars_built=6 signals=0 traded=0 eval_errors=0
2026-05-17 22:22:58 | INFO     | ayumi.blend_launcher | [B5 Health] ticks=1717 tps=0.77 bars=4 signals=0 trades=0 balance=10000.00 uptime=7801s
2026-05-17 22:22:59 | INFO     | ayumi.blend_launcher | [B5 Health] ticks=2 tps=990.16 bars=4 signals=0 trades=0 balance=10000.00 uptime=7921s
2026-05-17 22:23:53 | INFO     | ayumi.blend_launcher | [B5 Health] ticks=1757 tps=1.17 bars=6 signals=0 trades=0 balance=10000.00 uptime=13622s
2026-05-17 22:23:57 | INFO     | ayumi.forward_test | [B5 Periodic] ticks=1757 bars_built=4 signals=0 traded=0 eval_errors=0
2026-05-17 22:23:57 | INFO     | ayumi.forward_test | [B5 Periodic] ticks=1758 bars_built=6 signals=0 traded=0 eval_errors=0
2026-05-17 22:23:58 | INFO     | ayumi.blend_launcher | [B5 Health] ticks=1757 tps=1.01 bars=4 signals=0 trades=0 balance=10000.00 uptime=7861s
2026-05-17 22:23:59 | INFO     | ayumi.blend_launcher | [B5 Health] ticks=2 tps=990.16 bars=4 signals=0 trades=0 balance=10000.00 uptime=7981s
2026-05-17 22:24:54 | INFO     | ayumi.blend_launcher | [B5 Health] ticks=1779 tps=0.71 bars=6 signals=0 trades=0 balance=10000.00 uptime=13682s
2026-05-17 22:24:57 | INFO     | ayumi.forward_test | [B5 Periodic] ticks=1780 bars_built=4 signals=0 traded=0 eval_errors=0
2026-05-17 22:24:57 | INFO     | ayumi.forward_test | [B5 Periodic] ticks=1782 bars_built=6 signals=0 traded=0 eval_errors=0
2026-05-17 22:24:58 | INFO     | ayumi.blend_launcher | [B5 Health] ticks=1781 tps=0.74 bars=4 signals=0 trades=0 balance=10000.00 uptime=7921s
2026-05-17 22:24:59 | INFO     | ayumi.blend_launcher | [B5 Health] ticks=2 tps=990.16 bars=4 signals=0 trades=0 balance=10000.00 uptime=8041s
2026-05-17 22:25:54 | INFO     | ayumi.blend_launcher | [B5 Health] ticks=1807 tps=0.52 bars=6 signals=0 trades=0 balance=10000.00 uptime=13742s
2026-05-17 22:25:57 | INFO     | ayumi.forward_test | [B5 Periodic] ticks=1806 bars_built=4 signals=0 traded=0 eval_errors=0
2026-05-17 22:25:57 | INFO     | ayumi.forward_test | [B5 Periodic] ticks=1807 bars_built=6 signals=0 traded=0 eval_errors=0
2026-05-17 22:25:58 | INFO     | ayumi.blend_launcher | [B5 Health] ticks=1806 tps=0.52 bars=4 signals=0 trades=0 balance=10000.00 uptime=7981s
2026-05-17 22:25:59 | INFO     | ayumi.blend_launcher | [B5 Health] ticks=2 tps=990.16 bars=4 signals=0 trades=0 balance=10000.00 uptime=8101s
2026-05-17 22:26:54 | INFO     | ayumi.blend_launcher | [B5 Health] ticks=1842 tps=0.41 bars=6 signals=0 trades=0 balance=10000.00 uptime=13802s
2026-05-17 22:26:57 | INFO     | ayumi.forward_test | [B5 Periodic] ticks=1843 bars_built=4 signals=0 traded=0 eval_errors=0
2026-05-17 22:26:57 | INFO     | ayumi.forward_test | [B5 Periodic] ticks=1844 bars_built=6 signals=0 traded=0 eval_errors=0
2026-05-17 22:26:58 | INFO     | ayumi.blend_launcher | [B5 Health] ticks=1844 tps=0.79 bars=4 signals=0 trades=0 balance=10000.00 uptime=8041s
2026-05-17 22:26:59 | INFO     | ayumi.blend_launcher | [B5 Health] ticks=2 tps=990.16 bars=4 signals=0 trades=0 balance=10000.00 uptime=8161s
2026-05-17 22:27:54 | INFO     | ayumi.blend_launcher | [B5 Health] ticks=1862 tps=0.41 bars=6 signals=0 trades=0 balance=10000.00 uptime=13862s
2026-05-17 22:27:57 | INFO     | ayumi.forward_test | [B5 Periodic] ticks=1863 bars_built=4 signals=0 traded=0 eval_errors=0
2026-05-17 22:27:57 | INFO     | ayumi.forward_test | [B5 Periodic] ticks=1864 bars_built=6 signals=0 traded=0 eval_errors=0
2026-05-17 22:27:58 | INFO     | ayumi.blend_launcher | [B5 Health] ticks=1864 tps=0.79 bars=4 signals=0 trades=0 balance=10000.00 uptime=8101s
2026-05-17 22:27:59 | INFO     | ayumi.blend_launcher | [B5 Health] ticks=2 tps=990.16 bars=4 signals=0 trades=0 balance=10000.00 uptime=8221s
2026-05-17 22:28:54 | INFO     | ayumi.blend_launcher | [B5 Health] ticks=1901 tps=0.66 bars=6 signals=0 trades=0 balance=10000.00 uptime=13922s
2026-05-17 22:28:57 | INFO     | ayumi.forward_test | [B5 Periodic] ticks=1901 bars_built=4 signals=0 traded=0 eval_errors=0
2026-05-17 22:28:57 | INFO     | ayumi.forward_test | [B5 Periodic] ticks=1902 bars_built=6 signals=0 traded=0 eval_errors=0
2026-05-17 22:28:58 | INFO     | ayumi.blend_launcher | [B5 Health] ticks=1902 tps=0.39 bars=4 signals=0 trades=0 balance=10000.00 uptime=8161s
2026-05-17 22:28:59 | INFO     | ayumi.blend_launcher | [B5 Health] ticks=2 tps=990.16 bars=4 signals=0 trades=0 balance=10000.00 uptime=8281s
2026-05-17 22:29:54 | INFO     | ayumi.blend_launcher | [B5 Health] ticks=1923 tps=0.65 bars=6 signals=0 trades=0 balance=10000.00 uptime=13982s
2026-05-17 22:29:57 | INFO     | ayumi.forward_test | [B5 Periodic] ticks=1925 bars_built=4 signals=0 traded=0 eval_errors=0
2026-05-17 22:29:57 | INFO     | ayumi.forward_test | [B5 Periodic] ticks=1926 bars_built=6 signals=0 traded=0 eval_errors=0
2026-05-17 22:29:58 | INFO     | ayumi.blend_launcher | [B5 Health] ticks=1925 tps=0.84 bars=4 signals=0 trades=0 balance=10000.00 uptime=8221s
2026-05-17 22:29:59 | INFO     | ayumi.blend_launcher | [B5 Health] ticks=2 tps=990.16 bars=4 signals=0 trades=0 balance=10000.00 uptime=8341s
2026-05-17 22:30:54 | INFO     | ayumi.blend_launcher | [B5 Health] ticks=1974 tps=1.03 bars=6 signals=0 trades=0 balance=10000.00 uptime=14042s
2026-05-17 22:30:57 | INFO     | ayumi.forward_test | [B5 Periodic] ticks=1975 bars_built=4 signals=0 traded=0 eval_errors=0
2026-05-17 22:30:57 | INFO     | ayumi.forward_test | [B5 Periodic] ticks=1976 bars_built=6 signals=0 traded=0 eval_errors=0
2026-05-17 22:30:58 | INFO     | ayumi.blend_launcher | [B5 Health] ticks=1976 tps=0.69 bars=4 signals=0 trades=0 balance=10000.00 uptime=8281s
2026-05-17 22:31:00 | INFO     | ayumi.blend_launcher | [B5 Health] ticks=2 tps=990.16 bars=4 signals=0 trades=0 balance=10000.00 uptime=8401s
2026-05-17 22:31:54 | INFO     | ayumi.blend_launcher | [B5 Health] ticks=2024 tps=0.83 bars=6 signals=0 trades=0 balance=10000.00 uptime=14102s
2026-05-17 22:31:57 | INFO     | ayumi.forward_test | [B5 Periodic] ticks=2027 bars_built=4 signals=0 traded=0 eval_errors=0
2026-05-17 22:31:57 | INFO     | ayumi.forward_test | [B5 Periodic] ticks=2028 bars_built=6 signals=0 traded=0 eval_errors=0
2026-05-17 22:31:58 | INFO     | ayumi.blend_launcher | [B5 Health] ticks=2027 tps=1.79 bars=4 signals=0 trades=0 balance=10000.00 uptime=8341s
2026-05-17 22:32:00 | INFO     | ayumi.blend_launcher | [B5 Health] ticks=2 tps=990.16 bars=4 signals=0 trades=0 balance=10000.00 uptime=8461s
2026-05-17 22:32:54 | INFO     | ayumi.blend_launcher | [B5 Health] ticks=2075 tps=1.44 bars=6 signals=0 trades=0 balance=10000.00 uptime=14162s
2026-05-17 22:32:57 | INFO     | ayumi.forward_test | [B5 Periodic] ticks=2077 bars_built=4 signals=0 traded=0 eval_errors=0
2026-05-17 22:32:57 | INFO     | ayumi.forward_test | [B5 Periodic] ticks=2078 bars_built=6 signals=0 traded=0 eval_errors=0
2026-05-17 22:32:58 | INFO     | ayumi.blend_launcher | [B5 Health] ticks=2077 tps=1.21 bars=4 signals=0 trades=0 balance=10000.00 uptime=8401s
2026-05-17 22:33:00 | INFO     | ayumi.blend_launcher | [B5 Health] ticks=2 tps=990.16 bars=4 signals=0 trades=0 balance=10000.00 uptime=8521s
2026-05-17 22:33:54 | INFO     | ayumi.blend_launcher | [B5 Health] ticks=2126 tps=2.45 bars=6 signals=0 trades=0 balance=10000.00 uptime=14222s
2026-05-17 22:33:57 | INFO     | ayumi.forward_test | [B5 Periodic] ticks=2127 bars_built=4 signals=0 traded=0 eval_errors=0
2026-05-17 22:33:57 | INFO     | ayumi.forward_test | [B5 Periodic] ticks=2128 bars_built=6 signals=0 traded=0 eval_errors=0
2026-05-17 22:33:58 | INFO     | ayumi.blend_launcher | [B5 Health] ticks=2128 tps=1.42 bars=4 signals=0 trades=0 balance=10000.00 uptime=8461s
2026-05-17 22:34:00 | INFO     | ayumi.blend_launcher | [B5 Health] ticks=2 tps=990.16 bars=4 signals=0 trades=0 balance=10000.00 uptime=8581s
2026-05-17 22:34:54 | INFO     | ayumi.blend_launcher | [B5 Health] ticks=2145 tps=0.34 bars=6 signals=0 trades=0 balance=10000.00 uptime=14282s
2026-05-17 22:34:57 | INFO     | ayumi.forward_test | [B5 Periodic] ticks=2146 bars_built=4 signals=0 traded=0 eval_errors=0
2026-05-17 22:34:57 | INFO     | ayumi.forward_test | [B5 Periodic] ticks=2148 bars_built=6 signals=0 traded=0 eval_errors=0
2026-05-17 22:34:58 | INFO     | ayumi.blend_launcher | [B5 Health] ticks=2147 tps=0.58 bars=4 signals=0 trades=0 balance=10000.00 uptime=8521s
2026-05-17 22:35:00 | INFO     | ayumi.blend_launcher | [B5 Health] ticks=2 tps=990.16 bars=4 signals=0 trades=0 balance=10000.00 uptime=8641s
2026-05-17 22:35:54 | INFO     | ayumi.blend_launcher | [B5 Health] ticks=2196 tps=1.02 bars=6 signals=0 trades=0 balance=10000.00 uptime=14342s
2026-05-17 22:35:57 | INFO     | ayumi.forward_test | [B5 Periodic] ticks=2198 bars_built=4 signals=0 traded=0 eval_errors=0
2026-05-17 22:35:57 | INFO     | ayumi.forward_test | [B5 Periodic] ticks=2199 bars_built=6 signals=0 traded=0 eval_errors=0
2026-05-17 22:35:58 | INFO     | ayumi.blend_launcher | [B5 Health] ticks=2198 tps=1.84 bars=4 signals=0 trades=0 balance=10000.00 uptime=8581s
2026-05-17 22:36:00 | INFO     | ayumi.blend_launcher | [B5 Health] ticks=2 tps=990.16 bars=4 signals=0 trades=0 balance=10000.00 uptime=8701s
2026-05-17 22:36:54 | INFO     | ayumi.blend_launcher | [B5 Health] ticks=2223 tps=0.85 bars=6 signals=0 trades=0 balance=10000.00 uptime=14402s
2026-05-17 22:36:57 | INFO     | ayumi.forward_test | [B5 Periodic] ticks=2223 bars_built=4 signals=0 traded=0 eval_errors=0
2026-05-17 22:36:57 | INFO     | ayumi.forward_test | [B5 Periodic] ticks=2224 bars_built=6 signals=0 traded=0 eval_errors=0
2026-05-17 22:36:58 | INFO     | ayumi.blend_launcher | [B5 Health] ticks=2224 tps=0.75 bars=4 signals=0 trades=0 balance=10000.00 uptime=8641s
2026-05-17 22:37:00 | INFO     | ayumi.blend_launcher | [B5 Health] ticks=2 tps=990.16 bars=4 signals=0 trades=0 balance=10000.00 uptime=8761s
2026-05-17 22:37:54 | INFO     | ayumi.blend_launcher | [B5 Health] ticks=2247 tps=5.68 bars=6 signals=0 trades=0 balance=10000.00 uptime=14462s
2026-05-17 22:37:57 | INFO     | ayumi.forward_test | [B5 Periodic] ticks=2248 bars_built=4 signals=0 traded=0 eval_errors=0
2026-05-17 22:37:57 | INFO     | ayumi.forward_test | [B5 Periodic] ticks=2249 bars_built=6 signals=0 traded=0 eval_errors=0
2026-05-17 22:37:58 | INFO     | ayumi.blend_launcher | [B5 Health] ticks=2249 tps=0.87 bars=4 signals=0 trades=0 balance=10000.00 uptime=8701s
2026-05-17 22:38:00 | INFO     | ayumi.blend_launcher | [B5 Health] ticks=2 tps=990.16 bars=4 signals=0 trades=0 balance=10000.00 uptime=8821s
2026-05-17 22:38:54 | INFO     | ayumi.blend_launcher | [B5 Health] ticks=2279 tps=1.02 bars=6 signals=0 trades=0 balance=10000.00 uptime=14522s
2026-05-17 22:38:57 | INFO     | ayumi.forward_test | [B5 Periodic] ticks=2281 bars_built=4 signals=0 traded=0 eval_errors=0
2026-05-17 22:38:57 | INFO     | ayumi.forward_test | [B5 Periodic] ticks=2283 bars_built=6 signals=0 traded=0 eval_errors=0
2026-05-17 22:38:58 | INFO     | ayumi.blend_launcher | [B5 Health] ticks=2282 tps=1.05 bars=4 signals=0 trades=0 balance=10000.00 uptime=8761s
2026-05-17 22:39:00 | INFO     | ayumi.blend_launcher | [B5 Health] ticks=2 tps=990.16 bars=4 signals=0 trades=0 balance=10000.00 uptime=8881s
2026-05-17 22:39:54 | INFO     | ayumi.blend_launcher | [B5 Health] ticks=2310 tps=1.18 bars=6 signals=0 trades=0 balance=10000.00 uptime=14582s
2026-05-17 22:39:57 | INFO     | ayumi.forward_test | [B5 Periodic] ticks=2311 bars_built=4 signals=0 traded=0 eval_errors=0
2026-05-17 22:39:57 | INFO     | ayumi.forward_test | [B5 Periodic] ticks=2312 bars_built=6 signals=0 traded=0 eval_errors=0
2026-05-17 22:39:58 | INFO     | ayumi.blend_launcher | [B5 Health] ticks=2314 tps=1.01 bars=4 signals=0 trades=0 balance=10000.00 uptime=8821s
2026-05-17 22:40:00 | INFO     | ayumi.blend_launcher | [B5 Health] ticks=2 tps=990.16 bars=4 signals=0 trades=0 balance=10000.00 uptime=8942s
2026-05-17 22:40:54 | INFO     | ayumi.blend_launcher | [B5 Health] ticks=2342 tps=1.43 bars=6 signals=0 trades=0 balance=10000.00 uptime=14642s
2026-05-17 22:40:57 | INFO     | ayumi.forward_test | [B5 Periodic] ticks=2342 bars_built=4 signals=0 traded=0 eval_errors=0
2026-05-17 22:40:57 | INFO     | ayumi.forward_test | [B5 Periodic] ticks=2343 bars_built=6 signals=0 traded=0 eval_errors=0
2026-05-17 22:40:58 | INFO     | ayumi.blend_launcher | [B5 Health] ticks=2342 tps=0.64 bars=4 signals=0 trades=0 balance=10000.00 uptime=8881s
2026-05-17 22:41:00 | INFO     | ayumi.blend_launcher | [B5 Health] ticks=2 tps=990.16 bars=4 signals=0 trades=0 balance=10000.00 uptime=9002s
2026-05-17 22:41:54 | INFO     | ayumi.blend_launcher | [B5 Health] ticks=2369 tps=0.62 bars=6 signals=0 trades=0 balance=10000.00 uptime=14702s
2026-05-17 22:41:57 | INFO     | ayumi.forward_test | [B5 Periodic] ticks=2370 bars_built=4 signals=0 traded=0 eval_errors=0
2026-05-17 22:41:57 | INFO     | ayumi.forward_test | [B5 Periodic] ticks=2371 bars_built=6 signals=0 traded=0 eval_errors=0
2026-05-17 22:41:58 | INFO     | ayumi.blend_launcher | [B5 Health] ticks=2370 tps=0.67 bars=4 signals=0 trades=0 balance=10000.00 uptime=8941s
2026-05-17 22:42:00 | INFO     | ayumi.blend_launcher | [B5 Health] ticks=2 tps=990.16 bars=4 signals=0 trades=0 balance=10000.00 uptime=9062s
2026-05-17 22:42:54 | INFO     | ayumi.blend_launcher | [B5 Health] ticks=2391 tps=0.35 bars=6 signals=0 trades=0 balance=10000.00 uptime=14762s
2026-05-17 22:42:57 | INFO     | ayumi.forward_test | [B5 Periodic] ticks=2390 bars_built=4 signals=0 traded=0 eval_errors=0
2026-05-17 22:42:57 | INFO     | ayumi.forward_test | [B5 Periodic] ticks=2391 bars_built=6 signals=0 traded=0 eval_errors=0
2026-05-17 22:42:58 | INFO     | ayumi.blend_launcher | [B5 Health] ticks=2390 tps=0.35 bars=4 signals=0 trades=0 balance=10000.00 uptime=9001s
2026-05-17 22:43:00 | INFO     | ayumi.blend_launcher | [B5 Health] ticks=2 tps=990.16 bars=4 signals=0 trades=0 balance=10000.00 uptime=9122s
2026-05-17 22:43:54 | INFO     | ayumi.blend_launcher | [B5 Health] ticks=2414 tps=0.87 bars=6 signals=0 trades=0 balance=10000.00 uptime=14822s
2026-05-17 22:43:57 | INFO     | ayumi.forward_test | [B5 Periodic] ticks=2416 bars_built=4 signals=0 traded=0 eval_errors=0
2026-05-17 22:43:57 | INFO     | ayumi.forward_test | [B5 Periodic] ticks=2417 bars_built=6 signals=0 traded=0 eval_errors=0
2026-05-17 22:43:58 | INFO     | ayumi.blend_launcher | [B5 Health] ticks=2418 tps=0.98 bars=4 signals=0 trades=0 balance=10000.00 uptime=9061s
2026-05-17 22:44:00 | INFO     | ayumi.blend_launcher | [B5 Health] ticks=2 tps=990.16 bars=4 signals=0 trades=0 balance=10000.00 uptime=9182s
2026-05-17 22:44:54 | INFO     | ayumi.blend_launcher | [B5 Health] ticks=2435 tps=0.36 bars=6 signals=0 trades=0 balance=10000.00 uptime=14882s
2026-05-17 22:44:57 | INFO     | ayumi.forward_test | [B5 Periodic] ticks=2436 bars_built=4 signals=0 traded=0 eval_errors=0
2026-05-17 22:44:57 | INFO     | ayumi.forward_test | [B5 Periodic] ticks=2437 bars_built=6 signals=0 traded=0 eval_errors=0
2026-05-17 22:44:58 | INFO     | ayumi.blend_launcher | [B5 Health] ticks=2436 tps=6.58 bars=4 signals=0 trades=0 balance=10000.00 uptime=9121s
2026-05-17 22:45:00 | INFO     | ayumi.blend_launcher | [B5 Health] ticks=2 tps=990.16 bars=4 signals=0 trades=0 balance=10000.00 uptime=9242s
2026-05-17 22:45:54 | INFO     | ayumi.blend_launcher | [B5 Health] ticks=2459 tps=0.60 bars=6 signals=0 trades=0 balance=10000.00 uptime=14942s
2026-05-17 22:45:57 | INFO     | ayumi.forward_test | [B5 Periodic] ticks=2459 bars_built=4 signals=0 traded=0 eval_errors=0
2026-05-17 22:45:57 | INFO     | ayumi.forward_test | [B5 Periodic] ticks=2460 bars_built=6 signals=0 traded=0 eval_errors=0
2026-05-17 22:45:58 | INFO     | ayumi.blend_launcher | [B5 Health] ticks=2460 tps=0.50 bars=4 signals=0 trades=0 balance=10000.00 uptime=9181s
2026-05-17 22:46:00 | INFO     | ayumi.blend_launcher | [B5 Health] ticks=2 tps=990.16 bars=4 signals=0 trades=0 balance=10000.00 uptime=9302s
2026-05-17 22:46:54 | INFO     | ayumi.blend_launcher | [B5 Health] ticks=2472 tps=0.61 bars=6 signals=0 trades=0 balance=10000.00 uptime=15002s
2026-05-17 22:46:57 | INFO     | ayumi.forward_test | [B5 Periodic] ticks=2471 bars_built=4 signals=0 traded=0 eval_errors=0
2026-05-17 22:46:57 | INFO     | ayumi.forward_test | [B5 Periodic] ticks=2472 bars_built=6 signals=0 traded=0 eval_errors=0
2026-05-17 22:46:58 | INFO     | ayumi.blend_launcher | [B5 Health] ticks=2471 tps=0.61 bars=4 signals=0 trades=0 balance=10000.00 uptime=9241s
2026-05-17 22:47:00 | INFO     | ayumi.blend_launcher | [B5 Health] ticks=2 tps=990.16 bars=4 signals=0 trades=0 balance=10000.00 uptime=9362s
2026-05-17 22:47:54 | INFO     | ayumi.blend_launcher | [B5 Health] ticks=2488 tps=0.21 bars=6 signals=0 trades=0 balance=10000.00 uptime=15062s
2026-05-17 22:47:57 | INFO     | ayumi.forward_test | [B5 Periodic] ticks=2487 bars_built=4 signals=0 traded=0 eval_errors=0
2026-05-17 22:47:57 | INFO     | ayumi.forward_test | [B5 Periodic] ticks=2488 bars_built=6 signals=0 traded=0 eval_errors=0
2026-05-17 22:47:58 | INFO     | ayumi.blend_launcher | [B5 Health] ticks=2487 tps=0.21 bars=4 signals=0 trades=0 balance=10000.00 uptime=9301s
2026-05-17 22:48:00 | INFO     | ayumi.blend_launcher | [B5 Health] ticks=2 tps=990.16 bars=4 signals=0 trades=0 balance=10000.00 uptime=9422s
2026-05-17 22:48:54 | INFO     | ayumi.blend_launcher | [B5 Health] ticks=2505 tps=2.98 bars=6 signals=0 trades=0 balance=10000.00 uptime=15122s
2026-05-17 22:48:57 | INFO     | ayumi.forward_test | [B5 Periodic] ticks=2504 bars_built=4 signals=0 traded=0 eval_errors=0
2026-05-17 22:48:57 | INFO     | ayumi.forward_test | [B5 Periodic] ticks=2505 bars_built=6 signals=0 traded=0 eval_errors=0
2026-05-17 22:48:58 | INFO     | ayumi.blend_launcher | [B5 Health] ticks=2504 tps=2.98 bars=4 signals=0 trades=0 balance=10000.00 uptime=9361s
2026-05-17 22:49:00 | INFO     | ayumi.blend_launcher | [B5 Health] ticks=2 tps=990.16 bars=4 signals=0 trades=0 balance=10000.00 uptime=9482s
2026-05-17 22:49:54 | INFO     | ayumi.blend_launcher | [B5 Health] ticks=2520 tps=0.79 bars=6 signals=0 trades=0 balance=10000.00 uptime=15182s
2026-05-17 22:49:57 | INFO     | ayumi.forward_test | [B5 Periodic] ticks=2521 bars_built=4 signals=0 traded=0 eval_errors=0
2026-05-17 22:49:57 | INFO     | ayumi.forward_test | [B5 Periodic] ticks=2522 bars_built=6 signals=0 traded=0 eval_errors=0
2026-05-17 22:49:58 | INFO     | ayumi.blend_launcher | [B5 Health] ticks=2521 tps=0.87 bars=4 signals=0 trades=0 balance=10000.00 uptime=9422s
2026-05-17 22:50:00 | INFO     | ayumi.blend_launcher | [B5 Health] ticks=2 tps=990.16 bars=4 signals=0 trades=0 balance=10000.00 uptime=9542s
2026-05-17 22:50:54 | INFO     | ayumi.blend_launcher | [B5 Health] ticks=2547 tps=1.43 bars=6 signals=0 trades=0 balance=10000.00 uptime=15242s
2026-05-17 22:50:57 | INFO     | ayumi.forward_test | [B5 Periodic] ticks=2548 bars_built=4 signals=0 traded=0 eval_errors=0
2026-05-17 22:50:57 | INFO     | ayumi.forward_test | [B5 Periodic] ticks=2549 bars_built=6 signals=0 traded=0 eval_errors=0
2026-05-17 22:50:58 | INFO     | ayumi.blend_launcher | [B5 Health] ticks=2549 tps=0.87 bars=4 signals=0 trades=0 balance=10000.00 uptime=9482s
2026-05-17 22:51:00 | INFO     | ayumi.blend_launcher | [B5 Health] ticks=2 tps=990.16 bars=4 signals=0 trades=0 balance=10000.00 uptime=9602s
2026-05-17 22:51:54 | INFO     | ayumi.blend_launcher | [B5 Health] ticks=2586 tps=1.03 bars=6 signals=0 trades=0 balance=10000.00 uptime=15302s
2026-05-17 22:51:57 | INFO     | ayumi.forward_test | [B5 Periodic] ticks=2588 bars_built=4 signals=0 traded=0 eval_errors=0
2026-05-17 22:51:57 | INFO     | ayumi.forward_test | [B5 Periodic] ticks=2589 bars_built=6 signals=0 traded=0 eval_errors=0
2026-05-17 22:51:58 | INFO     | ayumi.blend_launcher | [B5 Health] ticks=2589 tps=1.05 bars=4 signals=0 trades=0 balance=10000.00 uptime=9542s
2026-05-17 22:52:00 | INFO     | ayumi.blend_launcher | [B5 Health] ticks=2 tps=990.16 bars=4 signals=0 trades=0 balance=10000.00 uptime=9662s
2026-05-17 22:52:54 | INFO     | ayumi.blend_launcher | [B5 Health] ticks=2619 tps=1.17 bars=6 signals=0 trades=0 balance=10000.00 uptime=15362s
2026-05-17 22:52:57 | INFO     | ayumi.forward_test | [B5 Periodic] ticks=2618 bars_built=4 signals=0 traded=0 eval_errors=0
2026-05-17 22:52:57 | INFO     | ayumi.forward_test | [B5 Periodic] ticks=2619 bars_built=6 signals=0 traded=0 eval_errors=0
2026-05-17 22:52:58 | INFO     | ayumi.blend_launcher | [B5 Health] ticks=2619 tps=0.68 bars=4 signals=0 trades=0 balance=10000.00 uptime=9602s
2026-05-17 22:53:00 | INFO     | ayumi.blend_launcher | [B5 Health] ticks=2 tps=990.16 bars=4 signals=0 trades=0 balance=10000.00 uptime=9722s
2026-05-17 22:53:54 | INFO     | ayumi.blend_launcher | [B5 Health] ticks=2655 tps=1.14 bars=6 signals=0 trades=0 balance=10000.00 uptime=15422s
2026-05-17 22:53:57 | INFO     | ayumi.forward_test | [B5 Periodic] ticks=2656 bars_built=4 signals=0 traded=0 eval_errors=0
2026-05-17 22:53:57 | INFO     | ayumi.forward_test | [B5 Periodic] ticks=2657 bars_built=6 signals=0 traded=0 eval_errors=0
2026-05-17 22:53:58 | INFO     | ayumi.blend_launcher | [B5 Health] ticks=2656 tps=0.83 bars=4 signals=0 trades=0 balance=10000.00 uptime=9662s
2026-05-17 22:54:00 | INFO     | ayumi.blend_launcher | [B5 Health] ticks=2 tps=990.16 bars=4 signals=0 trades=0 balance=10000.00 uptime=9782s
2026-05-17 22:54:54 | INFO     | ayumi.blend_launcher | [B5 Health] ticks=2692 tps=0.72 bars=6 signals=0 trades=0 balance=10000.00 uptime=15482s
2026-05-17 22:54:57 | INFO     | ayumi.forward_test | [B5 Periodic] ticks=2692 bars_built=4 signals=0 traded=0 eval_errors=0
2026-05-17 22:54:57 | INFO     | ayumi.forward_test | [B5 Periodic] ticks=2693 bars_built=6 signals=0 traded=0 eval_errors=0
2026-05-17 22:54:58 | INFO     | ayumi.blend_launcher | [B5 Health] ticks=2692 tps=0.92 bars=4 signals=0 trades=0 balance=10000.00 uptime=9722s
2026-05-17 22:55:00 | INFO     | ayumi.blend_launcher | [B5 Health] ticks=2 tps=990.16 bars=4 signals=0 trades=0 balance=10000.00 uptime=9842s
2026-05-17 22:55:54 | INFO     | ayumi.blend_launcher | [B5 Health] ticks=2724 tps=1.23 bars=6 signals=0 trades=0 balance=10000.00 uptime=15542s
2026-05-17 22:55:57 | INFO     | ayumi.forward_test | [B5 Periodic] ticks=2726 bars_built=4 signals=0 traded=0 eval_errors=0
2026-05-17 22:55:57 | INFO     | ayumi.forward_test | [B5 Periodic] ticks=2727 bars_built=6 signals=0 traded=0 eval_errors=0
2026-05-17 22:55:58 | INFO     | ayumi.blend_launcher | [B5 Health] ticks=2726 tps=1.40 bars=4 signals=0 trades=0 balance=10000.00 uptime=9782s
2026-05-17 22:56:00 | INFO     | ayumi.blend_launcher | [B5 Health] ticks=2 tps=990.16 bars=4 signals=0 trades=0 balance=10000.00 uptime=9902s
2026-05-17 22:56:54 | INFO     | ayumi.blend_launcher | [B5 Health] ticks=2765 tps=0.54 bars=6 signals=0 trades=0 balance=10000.00 uptime=15602s
2026-05-17 22:56:57 | INFO     | ayumi.forward_test | [B5 Periodic] ticks=2764 bars_built=4 signals=0 traded=0 eval_errors=0
2026-05-17 22:56:57 | INFO     | ayumi.forward_test | [B5 Periodic] ticks=2765 bars_built=6 signals=0 traded=0 eval_errors=0
2026-05-17 22:56:58 | INFO     | ayumi.blend_launcher | [B5 Health] ticks=2764 tps=0.54 bars=4 signals=0 trades=0 balance=10000.00 uptime=9842s
2026-05-17 22:57:00 | INFO     | ayumi.blend_launcher | [B5 Health] ticks=2 tps=990.16 bars=4 signals=0 trades=0 balance=10000.00 uptime=9962s
2026-05-17 22:57:54 | INFO     | ayumi.blend_launcher | [B5 Health] ticks=2787 tps=1.00 bars=6 signals=0 trades=0 balance=10000.00 uptime=15662s
2026-05-17 22:57:57 | INFO     | ayumi.forward_test | [B5 Periodic] ticks=2786 bars_built=4 signals=0 traded=0 eval_errors=0
2026-05-17 22:57:57 | INFO     | ayumi.forward_test | [B5 Periodic] ticks=2787 bars_built=6 signals=0 traded=0 eval_errors=0
2026-05-17 22:57:58 | INFO     | ayumi.blend_launcher | [B5 Health] ticks=2786 tps=1.00 bars=4 signals=0 trades=0 balance=10000.00 uptime=9902s
2026-05-17 22:58:00 | INFO     | ayumi.blend_launcher | [B5 Health] ticks=2 tps=990.16 bars=4 signals=0 trades=0 balance=10000.00 uptime=10022s
2026-05-17 22:58:54 | INFO     | ayumi.blend_launcher | [B5 Health] ticks=2807 tps=0.56 bars=6 signals=0 trades=0 balance=10000.00 uptime=15722s
2026-05-17 22:58:57 | INFO     | ayumi.forward_test | [B5 Periodic] ticks=2806 bars_built=4 signals=0 traded=0 eval_errors=0
2026-05-17 22:58:57 | INFO     | ayumi.forward_test | [B5 Periodic] ticks=2807 bars_built=6 signals=0 traded=0 eval_errors=0
2026-05-17 22:58:58 | INFO     | ayumi.blend_launcher | [B5 Health] ticks=2807 tps=0.00 bars=4 signals=0 trades=0 balance=10000.00 uptime=9962s
2026-05-17 22:59:00 | INFO     | ayumi.blend_launcher | [B5 Health] ticks=2 tps=990.16 bars=4 signals=0 trades=0 balance=10000.00 uptime=10082s
2026-05-17 22:59:54 | INFO     | ayumi.blend_launcher | [B5 Health] ticks=2839 tps=0.51 bars=6 signals=0 trades=0 balance=10000.00 uptime=15782s
2026-05-17 22:59:57 | INFO     | ayumi.forward_test | [B5 Periodic] ticks=2838 bars_built=4 signals=0 traded=0 eval_errors=0
2026-05-17 22:59:57 | INFO     | ayumi.forward_test | [B5 Periodic] ticks=2839 bars_built=6 signals=0 traded=0 eval_errors=0
2026-05-17 22:59:58 | INFO     | ayumi.blend_launcher | [B5 Health] ticks=2839 tps=0.31 bars=4 signals=0 trades=0 balance=10000.00 uptime=10022s
2026-05-17 23:00:00 | INFO     | ayumi.blend_launcher | [B5 Health] ticks=2 tps=990.16 bars=4 signals=0 trades=0 balance=10000.00 uptime=10142s
2026-05-17 23:00:54 | INFO     | ayumi.blend_launcher | [B5 Health] ticks=2907 tps=1.22 bars=6 signals=0 trades=0 balance=10000.00 uptime=15842s
2026-05-17 23:00:57 | INFO     | ayumi.forward_test | [B5 Periodic] ticks=2908 bars_built=4 signals=0 traded=0 eval_errors=0
2026-05-17 23:00:57 | INFO     | ayumi.forward_test | [B5 Periodic] ticks=2909 bars_built=6 signals=0 traded=0 eval_errors=0
2026-05-17 23:00:58 | INFO     | ayumi.blend_launcher | [B5 Health] ticks=2909 tps=0.84 bars=4 signals=0 trades=0 balance=10000.00 uptime=10082s
2026-05-17 23:01:00 | INFO     | ayumi.blend_launcher | [B5 Health] ticks=2 tps=990.16 bars=4 signals=0 trades=0 balance=10000.00 uptime=10202s
2026-05-17 23:01:54 | INFO     | ayumi.blend_launcher | [B5 Health] ticks=2964 tps=1.63 bars=6 signals=0 trades=0 balance=10000.00 uptime=15902s
2026-05-17 23:01:57 | INFO     | ayumi.forward_test | [B5 Periodic] ticks=2966 bars_built=4 signals=0 traded=0 eval_errors=0
2026-05-17 23:01:57 | INFO     | ayumi.forward_test | [B5 Periodic] ticks=2967 bars_built=6 signals=0 traded=0 eval_errors=0
2026-05-17 23:01:58 | INFO     | ayumi.blend_launcher | [B5 Health] ticks=2966 tps=1.52 bars=4 signals=0 trades=0 balance=10000.00 uptime=10142s
2026-05-17 23:02:00 | INFO     | ayumi.blend_launcher | [B5 Health] ticks=2 tps=990.16 bars=4 signals=0 trades=0 balance=10000.00 uptime=10262s
2026-05-17 23:02:54 | INFO     | ayumi.blend_launcher | [B5 Health] ticks=3008 tps=1.28 bars=6 signals=0 trades=0 balance=10000.00 uptime=15962s
2026-05-17 23:02:57 | INFO     | ayumi.forward_test | [B5 Periodic] ticks=3010 bars_built=4 signals=0 traded=0 eval_errors=0
2026-05-17 23:02:57 | INFO     | ayumi.forward_test | [B5 Periodic] ticks=3012 bars_built=6 signals=0 traded=0 eval_errors=0
2026-05-17 23:02:58 | INFO     | ayumi.blend_launcher | [B5 Health] ticks=3011 tps=1.26 bars=4 signals=0 trades=0 balance=10000.00 uptime=10202s
2026-05-17 23:03:00 | INFO     | ayumi.blend_launcher | [B5 Health] ticks=2 tps=990.16 bars=4 signals=0 trades=0 balance=10000.00 uptime=10322s
2026-05-17 23:03:54 | INFO     | ayumi.blend_launcher | [B5 Health] ticks=3057 tps=0.91 bars=6 signals=0 trades=0 balance=10000.00 uptime=16022s
2026-05-17 23:03:57 | INFO     | ayumi.forward_test | [B5 Periodic] ticks=3058 bars_built=4 signals=0 traded=0 eval_errors=0
2026-05-17 23:03:57 | INFO     | ayumi.forward_test | [B5 Periodic] ticks=3060 bars_built=6 signals=0 traded=0 eval_errors=0
2026-05-17 23:03:58 | INFO     | ayumi.blend_launcher | [B5 Health] ticks=3059 tps=0.92 bars=4 signals=0 trades=0 balance=10000.00 uptime=10262s
2026-05-17 23:04:00 | INFO     | ayumi.blend_launcher | [B5 Health] ticks=2 tps=990.16 bars=4 signals=0 trades=0 balance=10000.00 uptime=10382s
2026-05-17 23:04:54 | INFO     | ayumi.blend_launcher | [B5 Health] ticks=3099 tps=0.64 bars=6 signals=0 trades=0 balance=10000.00 uptime=16082s
2026-05-17 23:04:57 | INFO     | ayumi.forward_test | [B5 Periodic] ticks=3099 bars_built=4 signals=0 traded=0 eval_errors=0
2026-05-17 23:04:57 | INFO     | ayumi.forward_test | [B5 Periodic] ticks=3100 bars_built=6 signals=0 traded=0 eval_errors=0
2026-05-17 23:04:58 | INFO     | ayumi.blend_launcher | [B5 Health] ticks=3100 tps=0.63 bars=4 signals=0 trades=0 balance=10000.00 uptime=10322s
2026-05-17 23:05:00 | INFO     | ayumi.blend_launcher | [B5 Health] ticks=2 tps=990.16 bars=4 signals=0 trades=0 balance=10000.00 uptime=10442s
2026-05-17 23:05:54 | INFO     | ayumi.blend_launcher | [B5 Health] ticks=3145 tps=2.10 bars=6 signals=0 trades=0 balance=10000.00 uptime=16142s
2026-05-17 23:05:57 | INFO     | ayumi.forward_test | [B5 Periodic] ticks=3146 bars_built=4 signals=0 traded=0 eval_errors=0
2026-05-17 23:05:57 | INFO     | ayumi.forward_test | [B5 Periodic] ticks=3147 bars_built=6 signals=0 traded=0 eval_errors=0
2026-05-17 23:05:58 | INFO     | ayumi.blend_launcher | [B5 Health] ticks=3148 tps=1.50 bars=4 signals=0 trades=0 balance=10000.00 uptime=10382s
2026-05-17 23:06:00 | INFO     | ayumi.blend_launcher | [B5 Health] ticks=2 tps=990.16 bars=4 signals=0 trades=0 balance=10000.00 uptime=10502s
2026-05-17 23:06:54 | INFO     | ayumi.blend_launcher | [B5 Health] ticks=3203 tps=1.17 bars=6 signals=0 trades=0 balance=10000.00 uptime=16202s
2026-05-17 23:06:57 | INFO     | ayumi.forward_test | [B5 Periodic] ticks=3203 bars_built=4 signals=0 traded=0 eval_errors=0
2026-05-17 23:06:57 | INFO     | ayumi.forward_test | [B5 Periodic] ticks=3204 bars_built=6 signals=0 traded=0 eval_errors=0
2026-05-17 23:06:58 | INFO     | ayumi.blend_launcher | [B5 Health] ticks=3207 tps=1.18 bars=4 signals=0 trades=0 balance=10000.00 uptime=10442s
2026-05-17 23:07:00 | INFO     | ayumi.blend_launcher | [B5 Health] ticks=2 tps=990.16 bars=4 signals=0 trades=0 balance=10000.00 uptime=10562s
2026-05-17 23:07:54 | INFO     | ayumi.blend_launcher | [B5 Health] ticks=3252 tps=1.03 bars=6 signals=0 trades=0 balance=10000.00 uptime=16262s
2026-05-17 23:07:57 | INFO     | ayumi.forward_test | [B5 Periodic] ticks=3253 bars_built=4 signals=0 traded=0 eval_errors=0
2026-05-17 23:07:57 | INFO     | ayumi.forward_test | [B5 Periodic] ticks=3254 bars_built=6 signals=0 traded=0 eval_errors=0
2026-05-17 23:07:58 | INFO     | ayumi.blend_launcher | [B5 Health] ticks=3255 tps=0.96 bars=4 signals=0 trades=0 balance=10000.00 uptime=10502s
2026-05-17 23:08:00 | INFO     | ayumi.blend_launcher | [B5 Health] ticks=2 tps=990.16 bars=4 signals=0 trades=0 balance=10000.00 uptime=10622s
2026-05-17 23:08:54 | INFO     | ayumi.blend_launcher | [B5 Health] ticks=3289 tps=0.61 bars=6 signals=0 trades=0 balance=10000.00 uptime=16322s
2026-05-17 23:08:57 | INFO     | ayumi.forward_test | [B5 Periodic] ticks=3289 bars_built=4 signals=0 traded=0 eval_errors=0
2026-05-17 23:08:57 | INFO     | ayumi.forward_test | [B5 Periodic] ticks=3290 bars_built=6 signals=0 traded=0 eval_errors=0
2026-05-17 23:08:58 | INFO     | ayumi.blend_launcher | [B5 Health] ticks=3291 tps=0.87 bars=4 signals=0 trades=0 balance=10000.00 uptime=10562s
2026-05-17 23:09:00 | INFO     | ayumi.blend_launcher | [B5 Health] ticks=2 tps=990.16 bars=4 signals=0 trades=0 balance=10000.00 uptime=10682s
2026-05-17 23:09:54 | INFO     | ayumi.blend_launcher | [B5 Health] ticks=3338 tps=0.74 bars=6 signals=0 trades=0 balance=10000.00 uptime=16383s
2026-05-17 23:09:57 | INFO     | ayumi.forward_test | [B5 Periodic] ticks=3339 bars_built=4 signals=0 traded=0 eval_errors=0
2026-05-17 23:09:57 | INFO     | ayumi.forward_test | [B5 Periodic] ticks=3340 bars_built=6 signals=0 traded=0 eval_errors=0
2026-05-17 23:09:58 | INFO     | ayumi.blend_launcher | [B5 Health] ticks=3340 tps=0.77 bars=4 signals=0 trades=0 balance=10000.00 uptime=10622s
2026-05-17 23:10:00 | INFO     | ayumi.blend_launcher | [B5 Health] ticks=2 tps=990.16 bars=4 signals=0 trades=0 balance=10000.00 uptime=10742s
2026-05-17 23:10:54 | INFO     | ayumi.blend_launcher | [B5 Health] ticks=3385 tps=0.89 bars=6 signals=0 trades=0 balance=10000.00 uptime=16443s
2026-05-17 23:10:57 | INFO     | ayumi.forward_test | [B5 Periodic] ticks=3386 bars_built=4 signals=0 traded=0 eval_errors=0
2026-05-17 23:10:57 | INFO     | ayumi.forward_test | [B5 Periodic] ticks=3388 bars_built=6 signals=0 traded=0 eval_errors=0
2026-05-17 23:10:58 | INFO     | ayumi.blend_launcher | [B5 Health] ticks=3388 tps=1.15 bars=4 signals=0 trades=0 balance=10000.00 uptime=10682s
2026-05-17 23:11:00 | INFO     | ayumi.blend_launcher | [B5 Health] ticks=2 tps=990.16 bars=4 signals=0 trades=0 balance=10000.00 uptime=10802s
2026-05-17 23:11:54 | INFO     | ayumi.blend_launcher | [B5 Health] ticks=3425 tps=0.87 bars=6 signals=0 trades=0 balance=10000.00 uptime=16503s
2026-05-17 23:11:57 | INFO     | ayumi.forward_test | [B5 Periodic] ticks=3424 bars_built=4 signals=0 traded=0 eval_errors=0
2026-05-17 23:11:57 | INFO     | ayumi.forward_test | [B5 Periodic] ticks=3425 bars_built=6 signals=0 traded=0 eval_errors=0
2026-05-17 23:11:58 | INFO     | ayumi.blend_launcher | [B5 Health] ticks=3425 tps=0.00 bars=4 signals=0 trades=0 balance=10000.00 uptime=10742s
2026-05-17 23:12:00 | INFO     | ayumi.blend_launcher | [B5 Health] ticks=2 tps=990.16 bars=4 signals=0 trades=0 balance=10000.00 uptime=10862s
2026-05-17 23:12:54 | INFO     | ayumi.blend_launcher | [B5 Health] ticks=3470 tps=1.36 bars=6 signals=0 trades=0 balance=10000.00 uptime=16563s
2026-05-17 23:12:57 | INFO     | ayumi.forward_test | [B5 Periodic] ticks=3470 bars_built=4 signals=0 traded=0 eval_errors=0
2026-05-17 23:12:57 | INFO     | ayumi.forward_test | [B5 Periodic] ticks=3471 bars_built=6 signals=0 traded=0 eval_errors=0
2026-05-17 23:12:58 | INFO     | ayumi.blend_launcher | [B5 Health] ticks=3470 tps=0.97 bars=4 signals=0 trades=0 balance=10000.00 uptime=10802s
2026-05-17 23:13:00 | INFO     | ayumi.blend_launcher | [B5 Health] ticks=2 tps=990.16 bars=4 signals=0 trades=0 balance=10000.00 uptime=10922s
2026-05-17 23:13:54 | INFO     | ayumi.blend_launcher | [B5 Health] ticks=3483 tps=10.89 bars=6 signals=0 trades=0 balance=10000.00 uptime=16623s
2026-05-17 23:13:57 | INFO     | ayumi.forward_test | [B5 Periodic] ticks=3484 bars_built=4 signals=0 traded=0 eval_errors=0
2026-05-17 23:13:57 | INFO     | ayumi.forward_test | [B5 Periodic] ticks=3485 bars_built=6 signals=0 traded=0 eval_errors=0
2026-05-17 23:13:58 | INFO     | ayumi.blend_launcher | [B5 Health] ticks=3484 tps=1.22 bars=4 signals=0 trades=0 balance=10000.00 uptime=10862s
2026-05-17 23:14:00 | INFO     | ayumi.blend_launcher | [B5 Health] ticks=2 tps=990.16 bars=4 signals=0 trades=0 balance=10000.00 uptime=10982s
2026-05-17 23:14:54 | INFO     | ayumi.blend_launcher | [B5 Health] ticks=3504 tps=0.00 bars=6 signals=0 trades=0 balance=10000.00 uptime=16683s
2026-05-17 23:14:57 | INFO     | ayumi.forward_test | [B5 Periodic] ticks=3503 bars_built=4 signals=0 traded=0 eval_errors=0
2026-05-17 23:14:57 | INFO     | ayumi.forward_test | [B5 Periodic] ticks=3504 bars_built=6 signals=0 traded=0 eval_errors=0
2026-05-17 23:14:58 | INFO     | ayumi.blend_launcher | [B5 Health] ticks=3503 tps=0.00 bars=4 signals=0 trades=0 balance=10000.00 uptime=10922s
2026-05-17 23:15:00 | INFO     | ayumi.blend_launcher | [B5 Health] ticks=2 tps=990.16 bars=4 signals=0 trades=0 balance=10000.00 uptime=11042s
2026-05-17 23:15:54 | INFO     | ayumi.blend_launcher | [B5 Health] ticks=3519 tps=0.68 bars=6 signals=0 trades=0 balance=10000.00 uptime=16743s
2026-05-17 23:15:57 | INFO     | ayumi.forward_test | [B5 Periodic] ticks=3519 bars_built=4 signals=0 traded=0 eval_errors=0
2026-05-17 23:15:57 | INFO     | ayumi.forward_test | [B5 Periodic] ticks=3520 bars_built=6 signals=0 traded=0 eval_errors=0
2026-05-17 23:15:58 | INFO     | ayumi.blend_launcher | [B5 Health] ticks=3519 tps=0.57 bars=4 signals=0 trades=0 balance=10000.00 uptime=10982s
2026-05-17 23:16:00 | INFO     | ayumi.blend_launcher | [B5 Health] ticks=2 tps=990.16 bars=4 signals=0 trades=0 balance=10000.00 uptime=11102s
2026-05-17 23:16:02 | INFO     | ayumi.forward_test | Shutdown signal received (sig=15)
2026-05-17 23:16:02 | INFO     | ayumi.blend_launcher | Shutdown signal — stopping engine...
2026-05-17 23:16:02 | INFO     | ayumi.blend_launcher | Shutdown signal — stopping engine...
2026-05-17 23:16:02 | INFO     | ayumi.openapi_spot_feed | Unsubscribed from spot events for symbol_id=2
2026-05-17 23:16:02 | INFO     | ayumi.openapi_spot_feed | Unsubscribed from spot events for symbol_id=4
2026-05-17 23:16:02 | INFO     | ayumi.openapi_spot_feed | OpenApiSpotFeed stopped
2026-05-17 23:16:02 | INFO     | ayumi.risk | Saved risk state to data/risk_state_blend.json
2026-05-17 23:16:02 | INFO     | ayumi.openapi_live_client | [OpenApiLiveClient] Disconnected
2026-05-17 23:16:02 | INFO     | ayumi.risk | Saved risk state to data/risk_state_blend.json
2026-05-17 23:16:02 | INFO     | ayumi.forward_test | BlendForwardTestRunner stopped — balance=$10000.00
2026-05-17 23:16:02 | INFO     | ayumi.forward_test | Shutdown signal received (sig=15)
2026-05-17 23:16:02 | INFO     | ayumi.forward_test | Forward test stopped: balance=10000.00 trades=0 pnl=0.00 errors=0 reconnects=0
2026-05-17 23:16:02 | INFO     | ayumi.forward_test | BlendForwardTestRunner stopped — balance=$10000.00
2026-05-17 23:16:02 | WARNING  | ayumi.openapi_spot_feed | Disconnected: [Failure instance: Traceback (failure with no frames): <class 'twisted.internet.error.ConnectionDone'>: Connection was closed cleanly.
]
2026-05-17 23:16:57 | INFO     | ayumi.forward_test | [B5 Periodic] ticks=3545 bars_built=4 signals=0 traded=0 eval_errors=0
2026-05-17 23:16:58 | INFO     | ayumi.blend_launcher | [B5 Health] ticks=3545 tps=0.69 bars=4 signals=0 trades=0 balance=10000.00 uptime=11042s
2026-05-17 23:17:57 | INFO     | ayumi.forward_test | [B5 Periodic] ticks=3602 bars_built=4 signals=0 traded=0 eval_errors=0
2026-05-17 23:17:58 | INFO     | ayumi.blend_launcher | [B5 Health] ticks=3603 tps=0.60 bars=4 signals=0 trades=0 balance=10000.00 uptime=11102s
2026-05-17 23:18:57 | INFO     | ayumi.forward_test | [B5 Periodic] ticks=3650 bars_built=4 signals=0 traded=0 eval_errors=0
2026-05-17 23:18:58 | INFO     | ayumi.blend_launcher | [B5 Health] ticks=3652 tps=1.80 bars=4 signals=0 trades=0 balance=10000.00 uptime=11162s
2026-05-17 23:19:57 | INFO     | ayumi.forward_test | [B5 Periodic] ticks=3702 bars_built=4 signals=0 traded=0 eval_errors=0
2026-05-17 23:19:58 | INFO     | ayumi.blend_launcher | [B5 Health] ticks=3702 tps=1.41 bars=4 signals=0 trades=0 balance=10000.00 uptime=11222s
2026-05-17 23:20:57 | INFO     | ayumi.forward_test | [B5 Periodic] ticks=3756 bars_built=4 signals=0 traded=0 eval_errors=0
2026-05-17 23:20:58 | INFO     | ayumi.blend_launcher | [B5 Health] ticks=3756 tps=1.71 bars=4 signals=0 trades=0 balance=10000.00 uptime=11282s
2026-05-17 23:21:57 | INFO     | ayumi.forward_test | [B5 Periodic] ticks=3790 bars_built=4 signals=0 traded=0 eval_errors=0
2026-05-17 23:21:58 | INFO     | ayumi.blend_launcher | [B5 Health] ticks=3791 tps=0.86 bars=4 signals=0 trades=0 balance=10000.00 uptime=11342s
2026-05-17 23:22:57 | INFO     | ayumi.forward_test | [B5 Periodic] ticks=3819 bars_built=4 signals=0 traded=0 eval_errors=0
2026-05-17 23:22:58 | INFO     | ayumi.blend_launcher | [B5 Health] ticks=3820 tps=1.00 bars=4 signals=0 trades=0 balance=10000.00 uptime=11402s
2026-05-17 23:23:57 | INFO     | ayumi.forward_test | [B5 Periodic] ticks=3849 bars_built=4 signals=0 traded=0 eval_errors=0
2026-05-17 23:23:58 | INFO     | ayumi.blend_launcher | [B5 Health] ticks=3849 tps=0.78 bars=4 signals=0 trades=0 balance=10000.00 uptime=11462s
2026-05-17 23:24:57 | INFO     | ayumi.forward_test | [B5 Periodic] ticks=3880 bars_built=4 signals=0 traded=0 eval_errors=0
2026-05-17 23:24:58 | INFO     | ayumi.blend_launcher | [B5 Health] ticks=3880 tps=0.62 bars=4 signals=0 trades=0 balance=10000.00 uptime=11522s
2026-05-17 23:25:57 | INFO     | ayumi.forward_test | [B5 Periodic] ticks=3902 bars_built=4 signals=0 traded=0 eval_errors=0
2026-05-17 23:25:58 | INFO     | ayumi.blend_launcher | [B5 Health] ticks=3905 tps=1.64 bars=4 signals=0 trades=0 balance=10000.00 uptime=11582s
2026-05-17 23:26:57 | INFO     | ayumi.forward_test | [B5 Periodic] ticks=3949 bars_built=4 signals=0 traded=0 eval_errors=0
2026-05-17 23:26:58 | INFO     | ayumi.blend_launcher | [B5 Health] ticks=3950 tps=0.33 bars=4 signals=0 trades=0 balance=10000.00 uptime=11642s
2026-05-17 23:27:57 | INFO     | ayumi.forward_test | [B5 Periodic] ticks=3975 bars_built=4 signals=0 traded=0 eval_errors=0
2026-05-17 23:27:58 | INFO     | ayumi.blend_launcher | [B5 Health] ticks=3975 tps=0.91 bars=4 signals=0 trades=0 balance=10000.00 uptime=11702s
2026-05-17 23:28:57 | INFO     | ayumi.forward_test | [B5 Periodic] ticks=4022 bars_built=4 signals=0 traded=0 eval_errors=0
2026-05-17 23:28:58 | INFO     | ayumi.blend_launcher | [B5 Health] ticks=4022 tps=1.50 bars=4 signals=0 trades=0 balance=10000.00 uptime=11762s
2026-05-17 23:29:57 | INFO     | ayumi.forward_test | [B5 Periodic] ticks=4050 bars_built=4 signals=0 traded=0 eval_errors=0
2026-05-17 23:29:58 | INFO     | ayumi.blend_launcher | [B5 Health] ticks=4051 tps=0.60 bars=4 signals=0 trades=0 balance=10000.00 uptime=11822s
2026-05-17 23:30:57 | INFO     | ayumi.forward_test | [B5 Periodic] ticks=4147 bars_built=4 signals=0 traded=0 eval_errors=0
2026-05-17 23:30:58 | INFO     | ayumi.blend_launcher | [B5 Health] ticks=4148 tps=1.56 bars=4 signals=0 trades=0 balance=10000.00 uptime=11882s
2026-05-17 23:31:57 | INFO     | ayumi.forward_test | [B5 Periodic] ticks=4215 bars_built=4 signals=0 traded=0 eval_errors=0
2026-05-17 23:31:58 | INFO     | ayumi.blend_launcher | [B5 Health] ticks=4218 tps=1.46 bars=4 signals=0 trades=0 balance=10000.00 uptime=11942s
2026-05-17 23:32:57 | INFO     | ayumi.forward_test | [B5 Periodic] ticks=4312 bars_built=4 signals=0 traded=0 eval_errors=0
2026-05-17 23:32:58 | INFO     | ayumi.blend_launcher | [B5 Health] ticks=4312 tps=1.71 bars=4 signals=0 trades=0 balance=10000.00 uptime=12002s
2026-05-17 23:33:57 | INFO     | ayumi.forward_test | [B5 Periodic] ticks=4371 bars_built=4 signals=0 traded=0 eval_errors=0
2026-05-17 23:33:58 | INFO     | ayumi.blend_launcher | [B5 Health] ticks=4373 tps=0.79 bars=4 signals=0 trades=0 balance=10000.00 uptime=12062s
2026-05-17 23:34:57 | INFO     | ayumi.forward_test | [B5 Periodic] ticks=4433 bars_built=4 signals=0 traded=0 eval_errors=0
2026-05-17 23:34:58 | INFO     | ayumi.blend_launcher | [B5 Health] ticks=4433 tps=1.54 bars=4 signals=0 trades=0 balance=10000.00 uptime=12122s
2026-05-17 23:35:57 | INFO     | ayumi.forward_test | [B5 Periodic] ticks=4482 bars_built=4 signals=0 traded=0 eval_errors=0
2026-05-17 23:35:59 | INFO     | ayumi.blend_launcher | [B5 Health] ticks=4483 tps=1.04 bars=4 signals=0 trades=0 balance=10000.00 uptime=12182s
2026-05-17 23:36:57 | INFO     | ayumi.forward_test | [B5 Periodic] ticks=4514 bars_built=4 signals=0 traded=0 eval_errors=0
2026-05-17 23:36:59 | INFO     | ayumi.blend_launcher | [B5 Health] ticks=4514 tps=0.82 bars=4 signals=0 trades=0 balance=10000.00 uptime=12242s
2026-05-17 23:37:57 | INFO     | ayumi.forward_test | [B5 Periodic] ticks=4538 bars_built=4 signals=0 traded=0 eval_errors=0
2026-05-17 23:37:59 | INFO     | ayumi.blend_launcher | [B5 Health] ticks=4538 tps=0.85 bars=4 signals=0 trades=0 balance=10000.00 uptime=12302s
2026-05-17 23:38:57 | INFO     | ayumi.forward_test | [B5 Periodic] ticks=4571 bars_built=4 signals=0 traded=0 eval_errors=0
2026-05-17 23:38:59 | INFO     | ayumi.blend_launcher | [B5 Health] ticks=4574 tps=1.32 bars=4 signals=0 trades=0 balance=10000.00 uptime=12362s
2026-05-17 23:39:57 | INFO     | ayumi.forward_test | [B5 Periodic] ticks=4622 bars_built=4 signals=0 traded=0 eval_errors=0
2026-05-17 23:39:59 | INFO     | ayumi.blend_launcher | [B5 Health] ticks=4623 tps=1.21 bars=4 signals=0 trades=0 balance=10000.00 uptime=12422s
2026-05-17 23:40:57 | INFO     | ayumi.forward_test | [B5 Periodic] ticks=4709 bars_built=4 signals=0 traded=0 eval_errors=0
2026-05-17 23:40:59 | INFO     | ayumi.blend_launcher | [B5 Health] ticks=4709 tps=1.84 bars=4 signals=0 trades=0 balance=10000.00 uptime=12482s
2026-05-17 23:41:57 | INFO     | ayumi.forward_test | [B5 Periodic] ticks=4810 bars_built=4 signals=0 traded=0 eval_errors=0
2026-05-17 23:41:59 | INFO     | ayumi.blend_launcher | [B5 Health] ticks=4813 tps=1.68 bars=4 signals=0 trades=0 balance=10000.00 uptime=12542s
2026-05-17 23:42:57 | INFO     | ayumi.forward_test | [B5 Periodic] ticks=4878 bars_built=4 signals=0 traded=0 eval_errors=0
2026-05-17 23:42:59 | INFO     | ayumi.blend_launcher | [B5 Health] ticks=4880 tps=0.51 bars=4 signals=0 trades=0 balance=10000.00 uptime=12602s
2026-05-17 23:43:57 | INFO     | ayumi.forward_test | [B5 Periodic] ticks=4931 bars_built=4 signals=0 traded=0 eval_errors=0
2026-05-17 23:43:59 | INFO     | ayumi.blend_launcher | [B5 Health] ticks=4932 tps=0.82 bars=4 signals=0 trades=0 balance=10000.00 uptime=12662s
2026-05-17 23:44:57 | INFO     | ayumi.forward_test | [B5 Periodic] ticks=4977 bars_built=4 signals=0 traded=0 eval_errors=0
2026-05-17 23:44:59 | INFO     | ayumi.blend_launcher | [B5 Health] ticks=4978 tps=0.89 bars=4 signals=0 trades=0 balance=10000.00 uptime=12722s
2026-05-17 23:45:57 | INFO     | ayumi.forward_test | [B5 Periodic] ticks=5085 bars_built=4 signals=0 traded=0 eval_errors=0
2026-05-17 23:45:59 | INFO     | ayumi.blend_launcher | [B5 Health] ticks=5086 tps=1.65 bars=4 signals=0 trades=0 balance=10000.00 uptime=12782s
2026-05-17 23:46:57 | INFO     | ayumi.forward_test | [B5 Periodic] ticks=5177 bars_built=4 signals=0 traded=0 eval_errors=0
2026-05-17 23:46:59 | INFO     | ayumi.blend_launcher | [B5 Health] ticks=5177 tps=1.81 bars=4 signals=0 trades=0 balance=10000.00 uptime=12842s
2026-05-17 23:47:57 | INFO     | ayumi.forward_test | [B5 Periodic] ticks=5222 bars_built=4 signals=0 traded=0 eval_errors=0
2026-05-17 23:47:59 | INFO     | ayumi.blend_launcher | [B5 Health] ticks=5225 tps=1.79 bars=4 signals=0 trades=0 balance=10000.00 uptime=12902s
2026-05-17 23:48:57 | INFO     | ayumi.forward_test | [B5 Periodic] ticks=5280 bars_built=4 signals=0 traded=0 eval_errors=0
2026-05-17 23:48:59 | INFO     | ayumi.blend_launcher | [B5 Health] ticks=5280 tps=0.60 bars=4 signals=0 trades=0 balance=10000.00 uptime=12962s
2026-05-17 23:49:57 | INFO     | ayumi.forward_test | [B5 Periodic] ticks=5330 bars_built=4 signals=0 traded=0 eval_errors=0
2026-05-17 23:49:59 | INFO     | ayumi.blend_launcher | [B5 Health] ticks=5333 tps=2.84 bars=4 signals=0 trades=0 balance=10000.00 uptime=13022s
2026-05-17 23:50:57 | INFO     | ayumi.forward_test | [B5 Periodic] ticks=5395 bars_built=4 signals=0 traded=0 eval_errors=0
2026-05-17 23:50:59 | INFO     | ayumi.blend_launcher | [B5 Health] ticks=5398 tps=1.28 bars=4 signals=0 trades=0 balance=10000.00 uptime=13082s
2026-05-17 23:51:57 | INFO     | ayumi.forward_test | [B5 Periodic] ticks=5440 bars_built=4 signals=0 traded=0 eval_errors=0
2026-05-17 23:51:59 | INFO     | ayumi.blend_launcher | [B5 Health] ticks=5444 tps=1.30 bars=4 signals=0 trades=0 balance=10000.00 uptime=13142s
2026-05-17 23:52:57 | INFO     | ayumi.forward_test | [B5 Periodic] ticks=5497 bars_built=4 signals=0 traded=0 eval_errors=0
2026-05-17 23:52:59 | INFO     | ayumi.blend_launcher | [B5 Health] ticks=5497 tps=1.00 bars=4 signals=0 trades=0 balance=10000.00 uptime=13202s
2026-05-17 23:53:57 | INFO     | ayumi.forward_test | [B5 Periodic] ticks=5540 bars_built=4 signals=0 traded=0 eval_errors=0
2026-05-17 23:53:59 | INFO     | ayumi.blend_launcher | [B5 Health] ticks=5542 tps=0.88 bars=4 signals=0 trades=0 balance=10000.00 uptime=13262s
2026-05-17 23:54:57 | INFO     | ayumi.forward_test | [B5 Periodic] ticks=5600 bars_built=4 signals=0 traded=0 eval_errors=0
2026-05-17 23:54:59 | INFO     | ayumi.blend_launcher | [B5 Health] ticks=5603 tps=1.51 bars=4 signals=0 trades=0 balance=10000.00 uptime=13322s
2026-05-17 23:55:57 | INFO     | ayumi.forward_test | [B5 Periodic] ticks=5655 bars_built=4 signals=0 traded=0 eval_errors=0
2026-05-17 23:55:59 | INFO     | ayumi.blend_launcher | [B5 Health] ticks=5657 tps=1.56 bars=4 signals=0 trades=0 balance=10000.00 uptime=13382s
2026-05-17 23:56:57 | INFO     | ayumi.forward_test | [B5 Periodic] ticks=5708 bars_built=4 signals=0 traded=0 eval_errors=0
2026-05-17 23:56:59 | INFO     | ayumi.blend_launcher | [B5 Health] ticks=5710 tps=0.92 bars=4 signals=0 trades=0 balance=10000.00 uptime=13442s
2026-05-17 23:57:57 | INFO     | ayumi.forward_test | [B5 Periodic] ticks=5786 bars_built=4 signals=0 traded=0 eval_errors=0
2026-05-17 23:57:59 | INFO     | ayumi.blend_launcher | [B5 Health] ticks=5793 tps=2.86 bars=4 signals=0 trades=0 balance=10000.00 uptime=13502s
2026-05-17 23:58:57 | INFO     | ayumi.forward_test | [B5 Periodic] ticks=5895 bars_built=4 signals=0 traded=0 eval_errors=0
2026-05-17 23:58:59 | INFO     | ayumi.blend_launcher | [B5 Health] ticks=5897 tps=1.54 bars=4 signals=0 trades=0 balance=10000.00 uptime=13562s
2026-05-17 23:59:57 | INFO     | ayumi.forward_test | [B5 Periodic] ticks=5966 bars_built=4 signals=0 traded=0 eval_errors=0
2026-05-17 23:59:59 | INFO     | ayumi.blend_launcher | [B5 Health] ticks=5970 tps=1.52 bars=4 signals=0 trades=0 balance=10000.00 uptime=13622s
2026-05-18 00:00:57 | INFO     | ayumi.forward_test | [B5 Periodic] ticks=6128 bars_built=4 signals=0 traded=0 eval_errors=0
2026-05-18 00:00:59 | INFO     | ayumi.blend_launcher | [B5 Health] ticks=6133 tps=3.61 bars=4 signals=0 trades=0 balance=10000.00 uptime=13682s
2026-05-18 00:01:57 | INFO     | ayumi.forward_test | [B5 Periodic] ticks=6239 bars_built=4 signals=0 traded=0 eval_errors=0
2026-05-18 00:01:59 | INFO     | ayumi.blend_launcher | [B5 Health] ticks=6248 tps=2.74 bars=4 signals=0 trades=0 balance=10000.00 uptime=13742s
2026-05-18 00:02:57 | INFO     | ayumi.forward_test | [B5 Periodic] ticks=6376 bars_built=4 signals=0 traded=0 eval_errors=0
2026-05-18 00:02:59 | INFO     | ayumi.blend_launcher | [B5 Health] ticks=6378 tps=2.92 bars=4 signals=0 trades=0 balance=10000.00 uptime=13802s
2026-05-18 00:03:57 | INFO     | ayumi.forward_test | [B5 Periodic] ticks=6505 bars_built=4 signals=0 traded=0 eval_errors=0
2026-05-18 00:03:59 | INFO     | ayumi.blend_launcher | [B5 Health] ticks=6508 tps=2.46 bars=4 signals=0 trades=0 balance=10000.00 uptime=13862s
2026-05-18 00:04:57 | INFO     | ayumi.forward_test | [B5 Periodic] ticks=6623 bars_built=4 signals=0 traded=0 eval_errors=0
2026-05-18 00:04:59 | INFO     | ayumi.blend_launcher | [B5 Health] ticks=6625 tps=1.91 bars=4 signals=0 trades=0 balance=10000.00 uptime=13922s
2026-05-18 00:05:57 | INFO     | ayumi.forward_test | [B5 Periodic] ticks=6753 bars_built=4 signals=0 traded=0 eval_errors=0
2026-05-18 00:05:59 | INFO     | ayumi.blend_launcher | [B5 Health] ticks=6759 tps=2.69 bars=4 signals=0 trades=0 balance=10000.00 uptime=13982s
2026-05-18 00:06:57 | INFO     | ayumi.forward_test | [B5 Periodic] ticks=6921 bars_built=4 signals=0 traded=0 eval_errors=0
2026-05-18 00:06:59 | INFO     | ayumi.blend_launcher | [B5 Health] ticks=6926 tps=2.31 bars=4 signals=0 trades=0 balance=10000.00 uptime=14042s
2026-05-18 00:07:57 | INFO     | ayumi.forward_test | [B5 Periodic] ticks=7028 bars_built=4 signals=0 traded=0 eval_errors=0
2026-05-18 00:07:59 | INFO     | ayumi.blend_launcher | [B5 Health] ticks=7031 tps=2.10 bars=4 signals=0 trades=0 balance=10000.00 uptime=14102s
2026-05-18 00:08:57 | INFO     | ayumi.forward_test | [B5 Periodic] ticks=7168 bars_built=4 signals=0 traded=0 eval_errors=0
2026-05-18 00:08:59 | INFO     | ayumi.blend_launcher | [B5 Health] ticks=7174 tps=1.82 bars=4 signals=0 trades=0 balance=10000.00 uptime=14162s
2026-05-18 00:09:57 | INFO     | ayumi.forward_test | [B5 Periodic] ticks=7299 bars_built=4 signals=0 traded=0 eval_errors=0
2026-05-18 00:09:59 | INFO     | ayumi.blend_launcher | [B5 Health] ticks=7302 tps=1.95 bars=4 signals=0 trades=0 balance=10000.00 uptime=14222s
2026-05-18 00:10:57 | INFO     | ayumi.forward_test | [B5 Periodic] ticks=7434 bars_built=4 signals=0 traded=0 eval_errors=0
2026-05-18 00:10:59 | INFO     | ayumi.blend_launcher | [B5 Health] ticks=7435 tps=2.14 bars=4 signals=0 trades=0 balance=10000.00 uptime=14282s
2026-05-18 00:11:57 | INFO     | ayumi.forward_test | [B5 Periodic] ticks=7566 bars_built=4 signals=0 traded=0 eval_errors=0
2026-05-18 00:11:59 | INFO     | ayumi.blend_launcher | [B5 Health] ticks=7568 tps=2.56 bars=4 signals=0 trades=0 balance=10000.00 uptime=14342s
2026-05-18 00:12:57 | INFO     | ayumi.forward_test | [B5 Periodic] ticks=7673 bars_built=4 signals=0 traded=0 eval_errors=0
2026-05-18 00:12:59 | INFO     | ayumi.blend_launcher | [B5 Health] ticks=7675 tps=2.77 bars=4 signals=0 trades=0 balance=10000.00 uptime=14402s
2026-05-18 00:13:57 | INFO     | ayumi.forward_test | [B5 Periodic] ticks=7756 bars_built=4 signals=0 traded=0 eval_errors=0
2026-05-18 00:13:59 | INFO     | ayumi.blend_launcher | [B5 Health] ticks=7756 tps=1.84 bars=4 signals=0 trades=0 balance=10000.00 uptime=14462s
2026-05-18 00:14:57 | INFO     | ayumi.forward_test | [B5 Periodic] ticks=7841 bars_built=4 signals=0 traded=0 eval_errors=0
2026-05-18 00:14:59 | INFO     | ayumi.blend_launcher | [B5 Health] ticks=7842 tps=1.15 bars=4 signals=0 trades=0 balance=10000.00 uptime=14522s
2026-05-18 00:15:57 | INFO     | ayumi.forward_test | [B5 Periodic] ticks=7949 bars_built=4 signals=0 traded=0 eval_errors=0
2026-05-18 00:15:59 | INFO     | ayumi.blend_launcher | [B5 Health] ticks=7951 tps=1.26 bars=4 signals=0 trades=0 balance=10000.00 uptime=14582s
2026-05-18 00:16:57 | INFO     | ayumi.forward_test | [B5 Periodic] ticks=8027 bars_built=4 signals=0 traded=0 eval_errors=0
2026-05-18 00:16:59 | INFO     | ayumi.blend_launcher | [B5 Health] ticks=8030 tps=1.33 bars=4 signals=0 trades=0 balance=10000.00 uptime=14642s
2026-05-18 00:17:57 | INFO     | ayumi.forward_test | [B5 Periodic] ticks=8118 bars_built=4 signals=0 traded=0 eval_errors=0
2026-05-18 00:17:59 | INFO     | ayumi.blend_launcher | [B5 Health] ticks=8121 tps=1.72 bars=4 signals=0 trades=0 balance=10000.00 uptime=14702s
2026-05-18 00:18:57 | INFO     | ayumi.forward_test | [B5 Periodic] ticks=8206 bars_built=4 signals=0 traded=0 eval_errors=0
2026-05-18 00:18:59 | INFO     | ayumi.blend_launcher | [B5 Health] ticks=8209 tps=2.29 bars=4 signals=0 trades=0 balance=10000.00 uptime=14762s
2026-05-18 00:19:57 | INFO     | ayumi.forward_test | [B5 Periodic] ticks=8293 bars_built=4 signals=0 traded=0 eval_errors=0
2026-05-18 00:19:59 | INFO     | ayumi.blend_launcher | [B5 Health] ticks=8298 tps=2.19 bars=4 signals=0 trades=0 balance=10000.00 uptime=14822s
2026-05-18 00:20:57 | INFO     | ayumi.forward_test | [B5 Periodic] ticks=8374 bars_built=4 signals=0 traded=0 eval_errors=0
2026-05-18 00:20:59 | INFO     | ayumi.blend_launcher | [B5 Health] ticks=8378 tps=2.22 bars=4 signals=0 trades=0 balance=10000.00 uptime=14882s
2026-05-18 00:21:57 | INFO     | ayumi.forward_test | [B5 Periodic] ticks=8454 bars_built=4 signals=0 traded=0 eval_errors=0
2026-05-18 00:21:59 | INFO     | ayumi.blend_launcher | [B5 Health] ticks=8456 tps=1.92 bars=4 signals=0 trades=0 balance=10000.00 uptime=14942s
2026-05-18 00:22:57 | INFO     | ayumi.forward_test | [B5 Periodic] ticks=8521 bars_built=4 signals=0 traded=0 eval_errors=0
2026-05-18 00:22:59 | INFO     | ayumi.blend_launcher | [B5 Health] ticks=8521 tps=2.12 bars=4 signals=0 trades=0 balance=10000.00 uptime=15002s
2026-05-18 00:23:57 | INFO     | ayumi.forward_test | [B5 Periodic] ticks=8594 bars_built=4 signals=0 traded=0 eval_errors=0
2026-05-18 00:23:59 | INFO     | ayumi.blend_launcher | [B5 Health] ticks=8598 tps=1.24 bars=4 signals=0 trades=0 balance=10000.00 uptime=15062s
2026-05-18 00:24:57 | INFO     | ayumi.forward_test | [B5 Periodic] ticks=8686 bars_built=4 signals=0 traded=0 eval_errors=0
2026-05-18 00:24:59 | INFO     | ayumi.blend_launcher | [B5 Health] ticks=8693 tps=2.23 bars=4 signals=0 trades=0 balance=10000.00 uptime=15122s
2026-05-18 00:25:57 | INFO     | ayumi.forward_test | [B5 Periodic] ticks=8763 bars_built=4 signals=0 traded=0 eval_errors=0
2026-05-18 00:25:59 | INFO     | ayumi.blend_launcher | [B5 Health] ticks=8769 tps=1.98 bars=4 signals=0 trades=0 balance=10000.00 uptime=15182s
2026-05-18 00:26:57 | INFO     | ayumi.forward_test | [B5 Periodic] ticks=8847 bars_built=4 signals=0 traded=0 eval_errors=0
2026-05-18 00:26:59 | INFO     | ayumi.blend_launcher | [B5 Health] ticks=8851 tps=1.33 bars=4 signals=0 trades=0 balance=10000.00 uptime=15242s
2026-05-18 00:27:57 | INFO     | ayumi.forward_test | [B5 Periodic] ticks=8945 bars_built=4 signals=0 traded=0 eval_errors=0
2026-05-18 00:27:59 | INFO     | ayumi.blend_launcher | [B5 Health] ticks=8946 tps=0.45 bars=4 signals=0 trades=0 balance=10000.00 uptime=15302s
2026-05-18 00:28:57 | INFO     | ayumi.forward_test | [B5 Periodic] ticks=9028 bars_built=4 signals=0 traded=0 eval_errors=0
2026-05-18 00:28:59 | INFO     | ayumi.blend_launcher | [B5 Health] ticks=9028 tps=2.21 bars=4 signals=0 trades=0 balance=10000.00 uptime=15362s
2026-05-18 00:29:57 | INFO     | ayumi.forward_test | [B5 Periodic] ticks=9096 bars_built=4 signals=0 traded=0 eval_errors=0
2026-05-18 00:29:59 | INFO     | ayumi.blend_launcher | [B5 Health] ticks=9098 tps=1.29 bars=4 signals=0 trades=0 balance=10000.00 uptime=15422s
2026-05-18 00:30:57 | INFO     | ayumi.forward_test | [B5 Periodic] ticks=9157 bars_built=4 signals=0 traded=0 eval_errors=0
2026-05-18 00:30:59 | INFO     | ayumi.blend_launcher | [B5 Health] ticks=9162 tps=1.82 bars=4 signals=0 trades=0 balance=10000.00 uptime=15482s
2026-05-18 00:31:57 | INFO     | ayumi.forward_test | [B5 Periodic] ticks=9234 bars_built=4 signals=0 traded=0 eval_errors=0
2026-05-18 00:31:59 | INFO     | ayumi.blend_launcher | [B5 Health] ticks=9236 tps=1.07 bars=4 signals=0 trades=0 balance=10000.00 uptime=15542s
2026-05-18 00:32:57 | INFO     | ayumi.forward_test | [B5 Periodic] ticks=9308 bars_built=4 signals=0 traded=0 eval_errors=0
2026-05-18 00:32:59 | INFO     | ayumi.blend_launcher | [B5 Health] ticks=9309 tps=1.30 bars=4 signals=0 trades=0 balance=10000.00 uptime=15602s
2026-05-18 00:33:57 | INFO     | ayumi.forward_test | [B5 Periodic] ticks=9391 bars_built=4 signals=0 traded=0 eval_errors=0
2026-05-18 00:33:59 | INFO     | ayumi.blend_launcher | [B5 Health] ticks=9395 tps=2.14 bars=4 signals=0 trades=0 balance=10000.00 uptime=15662s
2026-05-18 00:34:57 | INFO     | ayumi.forward_test | [B5 Periodic] ticks=9504 bars_built=4 signals=0 traded=0 eval_errors=0
2026-05-18 00:34:59 | INFO     | ayumi.blend_launcher | [B5 Health] ticks=9504 tps=2.42 bars=4 signals=0 trades=0 balance=10000.00 uptime=15722s
2026-05-18 00:35:57 | INFO     | ayumi.forward_test | [B5 Periodic] ticks=9632 bars_built=4 signals=0 traded=0 eval_errors=0
2026-05-18 00:35:59 | INFO     | ayumi.blend_launcher | [B5 Health] ticks=9635 tps=2.00 bars=4 signals=0 trades=0 balance=10000.00 uptime=15782s
2026-05-18 00:36:57 | INFO     | ayumi.forward_test | [B5 Periodic] ticks=9738 bars_built=4 signals=0 traded=0 eval_errors=0
2026-05-18 00:36:59 | INFO     | ayumi.blend_launcher | [B5 Health] ticks=9742 tps=1.25 bars=4 signals=0 trades=0 balance=10000.00 uptime=15842s
2026-05-18 00:37:57 | INFO     | ayumi.forward_test | [B5 Periodic] ticks=9813 bars_built=4 signals=0 traded=0 eval_errors=0
2026-05-18 00:37:59 | INFO     | ayumi.blend_launcher | [B5 Health] ticks=9813 tps=1.44 bars=4 signals=0 trades=0 balance=10000.00 uptime=15902s
2026-05-18 00:38:57 | INFO     | ayumi.forward_test | [B5 Periodic] ticks=9887 bars_built=4 signals=0 traded=0 eval_errors=0
2026-05-18 00:38:59 | INFO     | ayumi.blend_launcher | [B5 Health] ticks=9888 tps=1.88 bars=4 signals=0 trades=0 balance=10000.00 uptime=15962s
2026-05-18 00:39:57 | INFO     | ayumi.forward_test | [B5 Periodic] ticks=9949 bars_built=4 signals=0 traded=0 eval_errors=0
2026-05-18 00:39:59 | INFO     | ayumi.blend_launcher | [B5 Health] ticks=9951 tps=1.51 bars=4 signals=0 trades=0 balance=10000.00 uptime=16022s
2026-05-18 00:40:57 | INFO     | ayumi.forward_test | [B5 Periodic] ticks=10017 bars_built=4 signals=0 traded=0 eval_errors=0
2026-05-18 00:40:59 | INFO     | ayumi.blend_launcher | [B5 Health] ticks=10019 tps=1.66 bars=4 signals=0 trades=0 balance=10000.00 uptime=16082s
2026-05-18 00:41:57 | INFO     | ayumi.forward_test | [B5 Periodic] ticks=10089 bars_built=4 signals=0 traded=0 eval_errors=0
2026-05-18 00:41:59 | INFO     | ayumi.blend_launcher | [B5 Health] ticks=10089 tps=1.72 bars=4 signals=0 trades=0 balance=10000.00 uptime=16142s
2026-05-18 00:42:57 | INFO     | ayumi.forward_test | [B5 Periodic] ticks=10218 bars_built=4 signals=0 traded=0 eval_errors=0
2026-05-18 00:42:59 | INFO     | ayumi.blend_launcher | [B5 Health] ticks=10221 tps=2.04 bars=4 signals=0 trades=0 balance=10000.00 uptime=16203s
2026-05-18 00:43:57 | INFO     | ayumi.forward_test | [B5 Periodic] ticks=10338 bars_built=4 signals=0 traded=0 eval_errors=0
2026-05-18 00:43:59 | INFO     | ayumi.blend_launcher | [B5 Health] ticks=10341 tps=1.82 bars=4 signals=0 trades=0 balance=10000.00 uptime=16263s
2026-05-18 00:44:57 | INFO     | ayumi.forward_test | [B5 Periodic] ticks=10440 bars_built=4 signals=0 traded=0 eval_errors=0
2026-05-18 00:44:59 | INFO     | ayumi.blend_launcher | [B5 Health] ticks=10442 tps=1.86 bars=4 signals=0 trades=0 balance=10000.00 uptime=16323s
2026-05-18 00:45:57 | INFO     | ayumi.forward_test | [B5 Periodic] ticks=10546 bars_built=4 signals=0 traded=0 eval_errors=0
2026-05-18 00:45:59 | INFO     | ayumi.blend_launcher | [B5 Health] ticks=10547 tps=2.04 bars=4 signals=0 trades=0 balance=10000.00 uptime=16383s
2026-05-18 00:46:57 | INFO     | ayumi.forward_test | [B5 Periodic] ticks=10636 bars_built=4 signals=0 traded=0 eval_errors=0
2026-05-18 00:46:59 | INFO     | ayumi.blend_launcher | [B5 Health] ticks=10640 tps=1.25 bars=4 signals=0 trades=0 balance=10000.00 uptime=16443s
2026-05-18 00:47:57 | INFO     | ayumi.forward_test | [B5 Periodic] ticks=10727 bars_built=4 signals=0 traded=0 eval_errors=0
2026-05-18 00:47:59 | INFO     | ayumi.blend_launcher | [B5 Health] ticks=10730 tps=2.69 bars=4 signals=0 trades=0 balance=10000.00 uptime=16503s
2026-05-18 00:48:57 | INFO     | ayumi.forward_test | [B5 Periodic] ticks=10812 bars_built=4 signals=0 traded=0 eval_errors=0
2026-05-18 00:48:59 | INFO     | ayumi.blend_launcher | [B5 Health] ticks=10814 tps=1.34 bars=4 signals=0 trades=0 balance=10000.00 uptime=16563s
2026-05-18 00:49:57 | INFO     | ayumi.forward_test | [B5 Periodic] ticks=10888 bars_built=4 signals=0 traded=0 eval_errors=0
2026-05-18 00:49:59 | INFO     | ayumi.blend_launcher | [B5 Health] ticks=10891 tps=1.61 bars=4 signals=0 trades=0 balance=10000.00 uptime=16623s
2026-05-18 00:50:57 | INFO     | ayumi.forward_test | [B5 Periodic] ticks=10975 bars_built=4 signals=0 traded=0 eval_errors=0
2026-05-18 00:50:59 | INFO     | ayumi.blend_launcher | [B5 Health] ticks=10977 tps=1.37 bars=4 signals=0 trades=0 balance=10000.00 uptime=16683s
2026-05-18 00:51:57 | INFO     | ayumi.forward_test | [B5 Periodic] ticks=11113 bars_built=4 signals=0 traded=0 eval_errors=0
2026-05-18 00:51:59 | INFO     | ayumi.blend_launcher | [B5 Health] ticks=11116 tps=1.58 bars=4 signals=0 trades=0 balance=10000.00 uptime=16743s
2026-05-18 00:52:57 | INFO     | ayumi.forward_test | [B5 Periodic] ticks=11214 bars_built=4 signals=0 traded=0 eval_errors=0
2026-05-18 00:52:59 | INFO     | ayumi.blend_launcher | [B5 Health] ticks=11218 tps=1.91 bars=4 signals=0 trades=0 balance=10000.00 uptime=16803s
2026-05-18 00:53:57 | INFO     | ayumi.forward_test | [B5 Periodic] ticks=11305 bars_built=4 signals=0 traded=0 eval_errors=0
2026-05-18 00:53:59 | INFO     | ayumi.blend_launcher | [B5 Health] ticks=11311 tps=1.99 bars=4 signals=0 trades=0 balance=10000.00 uptime=16863s
2026-05-18 00:54:57 | INFO     | ayumi.forward_test | [B5 Periodic] ticks=11460 bars_built=4 signals=0 traded=0 eval_errors=0
2026-05-18 00:54:59 | INFO     | ayumi.blend_launcher | [B5 Health] ticks=11466 tps=3.64 bars=4 signals=0 trades=0 balance=10000.00 uptime=16923s
2026-05-18 00:55:57 | INFO     | ayumi.forward_test | [B5 Periodic] ticks=11611 bars_built=4 signals=0 traded=0 eval_errors=0
2026-05-18 00:55:59 | INFO     | ayumi.blend_launcher | [B5 Health] ticks=11617 tps=2.15 bars=4 signals=0 trades=0 balance=10000.00 uptime=16983s
2026-05-18 00:56:57 | INFO     | ayumi.forward_test | [B5 Periodic] ticks=11696 bars_built=4 signals=0 traded=0 eval_errors=0
2026-05-18 00:56:59 | INFO     | ayumi.blend_launcher | [B5 Health] ticks=11702 tps=1.58 bars=4 signals=0 trades=0 balance=10000.00 uptime=17043s
2026-05-18 00:57:57 | INFO     | ayumi.forward_test | [B5 Periodic] ticks=11785 bars_built=4 signals=0 traded=0 eval_errors=0
2026-05-18 00:57:59 | INFO     | ayumi.blend_launcher | [B5 Health] ticks=11791 tps=2.73 bars=4 signals=0 trades=0 balance=10000.00 uptime=17103s
2026-05-18 00:58:57 | INFO     | ayumi.forward_test | [B5 Periodic] ticks=11873 bars_built=4 signals=0 traded=0 eval_errors=0
2026-05-18 00:58:59 | INFO     | ayumi.blend_launcher | [B5 Health] ticks=11874 tps=1.49 bars=4 signals=0 trades=0 balance=10000.00 uptime=17163s
2026-05-18 00:59:57 | INFO     | ayumi.forward_test | [B5 Periodic] ticks=11981 bars_built=4 signals=0 traded=0 eval_errors=0
2026-05-18 00:59:59 | INFO     | ayumi.blend_launcher | [B5 Health] ticks=11985 tps=1.79 bars=4 signals=0 trades=0 balance=10000.00 uptime=17223s
2026-05-18 01:00:57 | INFO     | ayumi.forward_test | [B5 Periodic] ticks=12124 bars_built=4 signals=0 traded=0 eval_errors=0
2026-05-18 01:00:59 | INFO     | ayumi.blend_launcher | [B5 Health] ticks=12129 tps=1.74 bars=4 signals=0 trades=0 balance=10000.00 uptime=17283s
2026-05-18 01:01:57 | INFO     | ayumi.forward_test | [B5 Periodic] ticks=12212 bars_built=4 signals=0 traded=0 eval_errors=0
2026-05-18 01:01:59 | INFO     | ayumi.blend_launcher | [B5 Health] ticks=12219 tps=2.10 bars=4 signals=0 trades=0 balance=10000.00 uptime=17343s
2026-05-18 01:02:57 | INFO     | ayumi.forward_test | [B5 Periodic] ticks=12305 bars_built=4 signals=0 traded=0 eval_errors=0
2026-05-18 01:02:59 | INFO     | ayumi.blend_launcher | [B5 Health] ticks=12306 tps=1.62 bars=4 signals=0 trades=0 balance=10000.00 uptime=17403s
2026-05-18 01:03:57 | INFO     | ayumi.forward_test | [B5 Periodic] ticks=12431 bars_built=4 signals=0 traded=0 eval_errors=0
2026-05-18 01:03:59 | INFO     | ayumi.blend_launcher | [B5 Health] ticks=12435 tps=2.57 bars=4 signals=0 trades=0 balance=10000.00 uptime=17463s
2026-05-18 01:04:57 | INFO     | ayumi.forward_test | [B5 Periodic] ticks=12524 bars_built=4 signals=0 traded=0 eval_errors=0
2026-05-18 01:04:59 | INFO     | ayumi.blend_launcher | [B5 Health] ticks=12528 tps=0.86 bars=4 signals=0 trades=0 balance=10000.00 uptime=17523s
2026-05-18 01:05:57 | INFO     | ayumi.forward_test | [B5 Periodic] ticks=12629 bars_built=4 signals=0 traded=0 eval_errors=0
2026-05-18 01:05:59 | INFO     | ayumi.blend_launcher | [B5 Health] ticks=12633 tps=1.80 bars=4 signals=0 trades=0 balance=10000.00 uptime=17583s
2026-05-18 01:06:57 | INFO     | ayumi.forward_test | [B5 Periodic] ticks=12769 bars_built=4 signals=0 traded=0 eval_errors=0
2026-05-18 01:06:59 | INFO     | ayumi.blend_launcher | [B5 Health] ticks=12773 tps=2.73 bars=4 signals=0 trades=0 balance=10000.00 uptime=17643s
2026-05-18 01:07:57 | INFO     | ayumi.forward_test | [B5 Periodic] ticks=12887 bars_built=4 signals=0 traded=0 eval_errors=0
2026-05-18 01:07:59 | INFO     | ayumi.blend_launcher | [B5 Health] ticks=12893 tps=2.21 bars=4 signals=0 trades=0 balance=10000.00 uptime=17703s
2026-05-18 01:08:57 | INFO     | ayumi.forward_test | [B5 Periodic] ticks=12989 bars_built=4 signals=0 traded=0 eval_errors=0
2026-05-18 01:08:59 | INFO     | ayumi.blend_launcher | [B5 Health] ticks=12990 tps=2.62 bars=4 signals=0 trades=0 balance=10000.00 uptime=17763s
2026-05-18 01:09:57 | INFO     | ayumi.forward_test | [B5 Periodic] ticks=13076 bars_built=4 signals=0 traded=0 eval_errors=0
2026-05-18 01:09:59 | INFO     | ayumi.blend_launcher | [B5 Health] ticks=13077 tps=2.42 bars=4 signals=0 trades=0 balance=10000.00 uptime=17823s
2026-05-18 01:10:57 | INFO     | ayumi.forward_test | [B5 Periodic] ticks=13149 bars_built=4 signals=0 traded=0 eval_errors=0
2026-05-18 01:10:59 | INFO     | ayumi.blend_launcher | [B5 Health] ticks=13154 tps=1.67 bars=4 signals=0 trades=0 balance=10000.00 uptime=17883s
2026-05-18 01:11:57 | INFO     | ayumi.forward_test | [B5 Periodic] ticks=13232 bars_built=4 signals=0 traded=0 eval_errors=0
2026-05-18 01:11:59 | INFO     | ayumi.blend_launcher | [B5 Health] ticks=13237 tps=1.32 bars=4 signals=0 trades=0 balance=10000.00 uptime=17943s
2026-05-18 01:12:57 | INFO     | ayumi.forward_test | [B5 Periodic] ticks=13343 bars_built=4 signals=0 traded=0 eval_errors=0
2026-05-18 01:12:59 | INFO     | ayumi.blend_launcher | [B5 Health] ticks=13346 tps=1.72 bars=4 signals=0 trades=0 balance=10000.00 uptime=18003s
2026-05-18 01:13:57 | INFO     | ayumi.forward_test | [B5 Periodic] ticks=13458 bars_built=4 signals=0 traded=0 eval_errors=0
2026-05-18 01:13:59 | INFO     | ayumi.blend_launcher | [B5 Health] ticks=13461 tps=1.72 bars=4 signals=0 trades=0 balance=10000.00 uptime=18063s
2026-05-18 01:14:57 | INFO     | ayumi.forward_test | [B5 Periodic] ticks=13575 bars_built=4 signals=0 traded=0 eval_errors=0
2026-05-18 01:14:59 | INFO     | ayumi.blend_launcher | [B5 Health] ticks=13580 tps=2.40 bars=4 signals=0 trades=0 balance=10000.00 uptime=18123s
2026-05-18 01:15:57 | INFO     | ayumi.forward_test | [B5 Periodic] ticks=13709 bars_built=4 signals=0 traded=0 eval_errors=0
2026-05-18 01:15:59 | INFO     | ayumi.blend_launcher | [B5 Health] ticks=13713 tps=1.20 bars=4 signals=0 trades=0 balance=10000.00 uptime=18183s
2026-05-18 01:16:57 | INFO     | ayumi.forward_test | [B5 Periodic] ticks=13846 bars_built=4 signals=0 traded=0 eval_errors=0
2026-05-18 01:16:59 | INFO     | ayumi.blend_launcher | [B5 Health] ticks=13854 tps=2.50 bars=4 signals=0 trades=0 balance=10000.00 uptime=18243s
2026-05-18 01:17:57 | INFO     | ayumi.forward_test | [B5 Periodic] ticks=13954 bars_built=4 signals=0 traded=0 eval_errors=0
2026-05-18 01:17:59 | INFO     | ayumi.blend_launcher | [B5 Health] ticks=13955 tps=2.12 bars=4 signals=0 trades=0 balance=10000.00 uptime=18303s
2026-05-18 01:18:57 | INFO     | ayumi.forward_test | [B5 Periodic] ticks=14050 bars_built=4 signals=0 traded=0 eval_errors=0
2026-05-18 01:18:59 | INFO     | ayumi.blend_launcher | [B5 Health] ticks=14052 tps=1.62 bars=4 signals=0 trades=0 balance=10000.00 uptime=18363s
2026-05-18 01:19:57 | INFO     | ayumi.forward_test | [B5 Periodic] ticks=14125 bars_built=4 signals=0 traded=0 eval_errors=0
2026-05-18 01:19:59 | INFO     | ayumi.blend_launcher | [B5 Health] ticks=14131 tps=1.34 bars=4 signals=0 trades=0 balance=10000.00 uptime=18423s
2026-05-18 01:20:57 | INFO     | ayumi.forward_test | [B5 Periodic] ticks=14238 bars_built=4 signals=0 traded=0 eval_errors=0
2026-05-18 01:20:59 | INFO     | ayumi.blend_launcher | [B5 Health] ticks=14246 tps=2.39 bars=4 signals=0 trades=0 balance=10000.00 uptime=18483s
2026-05-18 01:21:57 | INFO     | ayumi.forward_test | [B5 Periodic] ticks=14374 bars_built=4 signals=0 traded=0 eval_errors=0
2026-05-18 01:21:59 | INFO     | ayumi.blend_launcher | [B5 Health] ticks=14381 tps=2.12 bars=4 signals=0 trades=0 balance=10000.00 uptime=18543s
2026-05-18 01:22:57 | INFO     | ayumi.forward_test | [B5 Periodic] ticks=14526 bars_built=4 signals=0 traded=0 eval_errors=0
2026-05-18 01:22:59 | INFO     | ayumi.blend_launcher | [B5 Health] ticks=14529 tps=2.04 bars=4 signals=0 trades=0 balance=10000.00 uptime=18603s
2026-05-18 01:23:57 | INFO     | ayumi.forward_test | [B5 Periodic] ticks=14652 bars_built=4 signals=0 traded=0 eval_errors=0
2026-05-18 01:24:00 | INFO     | ayumi.blend_launcher | [B5 Health] ticks=14659 tps=2.32 bars=4 signals=0 trades=0 balance=10000.00 uptime=18663s
2026-05-18 01:24:57 | INFO     | ayumi.forward_test | [B5 Periodic] ticks=14776 bars_built=4 signals=0 traded=0 eval_errors=0
2026-05-18 01:25:00 | INFO     | ayumi.blend_launcher | [B5 Health] ticks=14778 tps=1.71 bars=4 signals=0 trades=0 balance=10000.00 uptime=18723s
2026-05-18 01:25:57 | INFO     | ayumi.forward_test | [B5 Periodic] ticks=14876 bars_built=4 signals=0 traded=0 eval_errors=0
2026-05-18 01:26:00 | INFO     | ayumi.blend_launcher | [B5 Health] ticks=14882 tps=2.41 bars=4 signals=0 trades=0 balance=10000.00 uptime=18783s
2026-05-18 01:26:57 | INFO     | ayumi.forward_test | [B5 Periodic] ticks=14965 bars_built=4 signals=0 traded=0 eval_errors=0
2026-05-18 01:27:00 | INFO     | ayumi.blend_launcher | [B5 Health] ticks=14966 tps=1.98 bars=4 signals=0 trades=0 balance=10000.00 uptime=18843s
2026-05-18 01:27:57 | INFO     | ayumi.forward_test | [B5 Periodic] ticks=15055 bars_built=4 signals=0 traded=0 eval_errors=0
2026-05-18 01:28:00 | INFO     | ayumi.blend_launcher | [B5 Health] ticks=15063 tps=2.00 bars=4 signals=0 trades=0 balance=10000.00 uptime=18903s
2026-05-18 01:28:57 | INFO     | ayumi.forward_test | [B5 Periodic] ticks=15178 bars_built=4 signals=0 traded=0 eval_errors=0
2026-05-18 01:29:00 | INFO     | ayumi.blend_launcher | [B5 Health] ticks=15180 tps=1.85 bars=4 signals=0 trades=0 balance=10000.00 uptime=18963s
2026-05-18 01:29:57 | INFO     | ayumi.forward_test | [B5 Periodic] ticks=15273 bars_built=4 signals=0 traded=0 eval_errors=0
2026-05-18 01:30:00 | INFO     | ayumi.blend_launcher | [B5 Health] ticks=15281 tps=2.38 bars=4 signals=0 trades=0 balance=10000.00 uptime=19023s
2026-05-18 01:30:57 | INFO     | ayumi.forward_test | [B5 Periodic] ticks=15369 bars_built=4 signals=0 traded=0 eval_errors=0
2026-05-18 01:31:00 | INFO     | ayumi.blend_launcher | [B5 Health] ticks=15371 tps=1.14 bars=4 signals=0 trades=0 balance=10000.00 uptime=19083s
2026-05-18 01:31:57 | INFO     | ayumi.forward_test | [B5 Periodic] ticks=15435 bars_built=4 signals=0 traded=0 eval_errors=0
2026-05-18 01:32:00 | INFO     | ayumi.blend_launcher | [B5 Health] ticks=15439 tps=1.33 bars=4 signals=0 trades=0 balance=10000.00 uptime=19143s
2026-05-18 01:32:57 | INFO     | ayumi.forward_test | [B5 Periodic] ticks=15511 bars_built=4 signals=0 traded=0 eval_errors=0
2026-05-18 01:33:00 | INFO     | ayumi.blend_launcher | [B5 Health] ticks=15516 tps=1.42 bars=4 signals=0 trades=0 balance=10000.00 uptime=19203s
2026-05-18 01:33:57 | INFO     | ayumi.forward_test | [B5 Periodic] ticks=15604 bars_built=4 signals=0 traded=0 eval_errors=0
2026-05-18 01:34:00 | INFO     | ayumi.blend_launcher | [B5 Health] ticks=15605 tps=2.16 bars=4 signals=0 trades=0 balance=10000.00 uptime=19263s
2026-05-18 01:34:57 | INFO     | ayumi.forward_test | [B5 Periodic] ticks=15696 bars_built=4 signals=0 traded=0 eval_errors=0
2026-05-18 01:35:00 | INFO     | ayumi.blend_launcher | [B5 Health] ticks=15699 tps=1.18 bars=4 signals=0 trades=0 balance=10000.00 uptime=19323s
2026-05-18 01:35:57 | INFO     | ayumi.forward_test | [B5 Periodic] ticks=15808 bars_built=4 signals=0 traded=0 eval_errors=0
2026-05-18 01:36:00 | INFO     | ayumi.blend_launcher | [B5 Health] ticks=15813 tps=2.32 bars=4 signals=0 trades=0 balance=10000.00 uptime=19383s
2026-05-18 01:36:57 | INFO     | ayumi.forward_test | [B5 Periodic] ticks=15930 bars_built=4 signals=0 traded=0 eval_errors=0
2026-05-18 01:37:00 | INFO     | ayumi.blend_launcher | [B5 Health] ticks=15937 tps=2.17 bars=4 signals=0 trades=0 balance=10000.00 uptime=19443s
2026-05-18 01:37:57 | INFO     | ayumi.forward_test | [B5 Periodic] ticks=16075 bars_built=4 signals=0 traded=0 eval_errors=0
2026-05-18 01:38:00 | INFO     | ayumi.blend_launcher | [B5 Health] ticks=16084 tps=2.71 bars=4 signals=0 trades=0 balance=10000.00 uptime=19503s
2026-05-18 01:38:57 | INFO     | ayumi.forward_test | [B5 Periodic] ticks=16210 bars_built=4 signals=0 traded=0 eval_errors=0
2026-05-18 01:39:00 | INFO     | ayumi.blend_launcher | [B5 Health] ticks=16215 tps=2.53 bars=4 signals=0 trades=0 balance=10000.00 uptime=19563s
2026-05-18 01:39:57 | INFO     | ayumi.forward_test | [B5 Periodic] ticks=16361 bars_built=4 signals=0 traded=0 eval_errors=0
2026-05-18 01:40:00 | INFO     | ayumi.blend_launcher | [B5 Health] ticks=16362 tps=2.62 bars=4 signals=0 trades=0 balance=10000.00 uptime=19623s
2026-05-18 01:40:57 | INFO     | ayumi.forward_test | [B5 Periodic] ticks=16472 bars_built=4 signals=0 traded=0 eval_errors=0
2026-05-18 01:41:00 | INFO     | ayumi.blend_launcher | [B5 Health] ticks=16473 tps=1.70 bars=4 signals=0 trades=0 balance=10000.00 uptime=19683s
2026-05-18 01:41:57 | INFO     | ayumi.forward_test | [B5 Periodic] ticks=16573 bars_built=4 signals=0 traded=0 eval_errors=0
2026-05-18 01:42:00 | INFO     | ayumi.blend_launcher | [B5 Health] ticks=16574 tps=1.52 bars=4 signals=0 trades=0 balance=10000.00 uptime=19743s
2026-05-18 01:42:57 | INFO     | ayumi.forward_test | [B5 Periodic] ticks=16643 bars_built=4 signals=0 traded=0 eval_errors=0
2026-05-18 01:43:00 | INFO     | ayumi.blend_launcher | [B5 Health] ticks=16645 tps=0.81 bars=4 signals=0 trades=0 balance=10000.00 uptime=19803s
2026-05-18 01:43:57 | INFO     | ayumi.forward_test | [B5 Periodic] ticks=16745 bars_built=4 signals=0 traded=0 eval_errors=0
2026-05-18 01:44:00 | INFO     | ayumi.blend_launcher | [B5 Health] ticks=16747 tps=1.76 bars=4 signals=0 trades=0 balance=10000.00 uptime=19863s
2026-05-18 01:44:57 | INFO     | ayumi.forward_test | [B5 Periodic] ticks=16835 bars_built=4 signals=0 traded=0 eval_errors=0
2026-05-18 01:45:00 | INFO     | ayumi.blend_launcher | [B5 Health] ticks=16841 tps=1.29 bars=4 signals=0 trades=0 balance=10000.00 uptime=19923s
2026-05-18 01:45:57 | INFO     | ayumi.forward_test | [B5 Periodic] ticks=16964 bars_built=4 signals=0 traded=0 eval_errors=0
2026-05-18 01:46:00 | INFO     | ayumi.blend_launcher | [B5 Health] ticks=16966 tps=2.35 bars=4 signals=0 trades=0 balance=10000.00 uptime=19983s
2026-05-18 01:46:57 | INFO     | ayumi.forward_test | [B5 Periodic] ticks=17055 bars_built=4 signals=0 traded=0 eval_errors=0
2026-05-18 01:47:00 | INFO     | ayumi.blend_launcher | [B5 Health] ticks=17056 tps=1.18 bars=4 signals=0 trades=0 balance=10000.00 uptime=20043s
2026-05-18 01:47:57 | INFO     | ayumi.forward_test | [B5 Periodic] ticks=17134 bars_built=4 signals=0 traded=0 eval_errors=0
2026-05-18 01:48:00 | INFO     | ayumi.blend_launcher | [B5 Health] ticks=17144 tps=2.29 bars=4 signals=0 trades=0 balance=10000.00 uptime=20103s
2026-05-18 01:48:57 | INFO     | ayumi.forward_test | [B5 Periodic] ticks=17248 bars_built=4 signals=0 traded=0 eval_errors=0
2026-05-18 01:49:00 | INFO     | ayumi.blend_launcher | [B5 Health] ticks=17253 tps=1.84 bars=4 signals=0 trades=0 balance=10000.00 uptime=20163s
2026-05-18 01:49:57 | INFO     | ayumi.forward_test | [B5 Periodic] ticks=17374 bars_built=4 signals=0 traded=0 eval_errors=0
2026-05-18 01:50:00 | INFO     | ayumi.blend_launcher | [B5 Health] ticks=17378 tps=2.09 bars=4 signals=0 trades=0 balance=10000.00 uptime=20223s
2026-05-18 01:50:57 | INFO     | ayumi.forward_test | [B5 Periodic] ticks=17462 bars_built=4 signals=0 traded=0 eval_errors=0
2026-05-18 01:51:00 | INFO     | ayumi.blend_launcher | [B5 Health] ticks=17466 tps=1.23 bars=4 signals=0 trades=0 balance=10000.00 uptime=20283s
2026-05-18 01:51:57 | INFO     | ayumi.forward_test | [B5 Periodic] ticks=17562 bars_built=4 signals=0 traded=0 eval_errors=0
2026-05-18 01:52:00 | INFO     | ayumi.blend_launcher | [B5 Health] ticks=17566 tps=1.86 bars=4 signals=0 trades=0 balance=10000.00 uptime=20343s
2026-05-18 01:52:57 | INFO     | ayumi.forward_test | [B5 Periodic] ticks=17667 bars_built=4 signals=0 traded=0 eval_errors=0
2026-05-18 01:53:00 | INFO     | ayumi.blend_launcher | [B5 Health] ticks=17671 tps=1.86 bars=4 signals=0 trades=0 balance=10000.00 uptime=20403s
2026-05-18 01:53:57 | INFO     | ayumi.forward_test | [B5 Periodic] ticks=17753 bars_built=4 signals=0 traded=0 eval_errors=0
2026-05-18 01:54:00 | INFO     | ayumi.blend_launcher | [B5 Health] ticks=17759 tps=2.00 bars=4 signals=0 trades=0 balance=10000.00 uptime=20463s
2026-05-18 01:54:57 | INFO     | ayumi.forward_test | [B5 Periodic] ticks=17859 bars_built=4 signals=0 traded=0 eval_errors=0
2026-05-18 01:55:00 | INFO     | ayumi.blend_launcher | [B5 Health] ticks=17866 tps=2.40 bars=4 signals=0 trades=0 balance=10000.00 uptime=20523s
2026-05-18 01:55:57 | INFO     | ayumi.forward_test | [B5 Periodic] ticks=17941 bars_built=4 signals=0 traded=0 eval_errors=0
2026-05-18 01:56:00 | INFO     | ayumi.blend_launcher | [B5 Health] ticks=17945 tps=1.42 bars=4 signals=0 trades=0 balance=10000.00 uptime=20583s
2026-05-18 01:56:57 | INFO     | ayumi.forward_test | [B5 Periodic] ticks=18035 bars_built=4 signals=0 traded=0 eval_errors=0
2026-05-18 01:57:00 | INFO     | ayumi.blend_launcher | [B5 Health] ticks=18039 tps=1.93 bars=4 signals=0 trades=0 balance=10000.00 uptime=20643s
2026-05-18 01:57:57 | INFO     | ayumi.forward_test | [B5 Periodic] ticks=18126 bars_built=4 signals=0 traded=0 eval_errors=0
2026-05-18 01:58:00 | INFO     | ayumi.blend_launcher | [B5 Health] ticks=18132 tps=1.11 bars=4 signals=0 trades=0 balance=10000.00 uptime=20703s
2026-05-18 01:58:57 | INFO     | ayumi.forward_test | [B5 Periodic] ticks=18212 bars_built=4 signals=0 traded=0 eval_errors=0
2026-05-18 01:59:00 | INFO     | ayumi.blend_launcher | [B5 Health] ticks=18215 tps=1.72 bars=4 signals=0 trades=0 balance=10000.00 uptime=20763s
2026-05-18 01:59:57 | INFO     | ayumi.forward_test | [B5 Periodic] ticks=18253 bars_built=4 signals=0 traded=0 eval_errors=0
2026-05-18 02:00:00 | INFO     | ayumi.blend_launcher | [B5 Health] ticks=18253 tps=0.94 bars=4 signals=0 trades=0 balance=10000.00 uptime=20823s
2026-05-18 02:00:57 | INFO     | ayumi.forward_test | [B5 Periodic] ticks=18334 bars_built=4 signals=0 traded=0 eval_errors=0
2026-05-18 02:01:00 | INFO     | ayumi.blend_launcher | [B5 Health] ticks=18340 tps=2.00 bars=4 signals=0 trades=0 balance=10000.00 uptime=20883s
2026-05-18 02:01:57 | INFO     | ayumi.forward_test | [B5 Periodic] ticks=18432 bars_built=4 signals=0 traded=0 eval_errors=0
2026-05-18 02:02:00 | INFO     | ayumi.blend_launcher | [B5 Health] ticks=18434 tps=2.65 bars=4 signals=0 trades=0 balance=10000.00 uptime=20943s
2026-05-18 02:02:57 | INFO     | ayumi.forward_test | [B5 Periodic] ticks=18522 bars_built=4 signals=0 traded=0 eval_errors=0
2026-05-18 02:03:00 | INFO     | ayumi.blend_launcher | [B5 Health] ticks=18525 tps=1.20 bars=4 signals=0 trades=0 balance=10000.00 uptime=21003s
2026-05-18 02:03:57 | INFO     | ayumi.forward_test | [B5 Periodic] ticks=18638 bars_built=4 signals=0 traded=0 eval_errors=0
2026-05-18 02:04:00 | INFO     | ayumi.blend_launcher | [B5 Health] ticks=18640 tps=1.30 bars=4 signals=0 trades=0 balance=10000.00 uptime=21063s
2026-05-18 02:04:57 | INFO     | ayumi.forward_test | [B5 Periodic] ticks=18708 bars_built=4 signals=0 traded=0 eval_errors=0
2026-05-18 02:05:00 | INFO     | ayumi.blend_launcher | [B5 Health] ticks=18712 tps=1.62 bars=4 signals=0 trades=0 balance=10000.00 uptime=21123s
2026-05-18 02:05:57 | INFO     | ayumi.forward_test | [B5 Periodic] ticks=18781 bars_built=4 signals=0 traded=0 eval_errors=0
2026-05-18 02:06:00 | INFO     | ayumi.blend_launcher | [B5 Health] ticks=18786 tps=1.38 bars=4 signals=0 trades=0 balance=10000.00 uptime=21183s
2026-05-18 02:06:57 | INFO     | ayumi.forward_test | [B5 Periodic] ticks=18843 bars_built=4 signals=0 traded=0 eval_errors=0
2026-05-18 02:07:00 | INFO     | ayumi.blend_launcher | [B5 Health] ticks=18851 tps=1.31 bars=4 signals=0 trades=0 balance=10000.00 uptime=21243s
2026-05-18 02:07:57 | INFO     | ayumi.forward_test | [B5 Periodic] ticks=18932 bars_built=4 signals=0 traded=0 eval_errors=0
2026-05-18 02:08:00 | INFO     | ayumi.blend_launcher | [B5 Health] ticks=18935 tps=1.33 bars=4 signals=0 trades=0 balance=10000.00 uptime=21303s
2026-05-18 02:08:57 | INFO     | ayumi.forward_test | [B5 Periodic] ticks=19025 bars_built=4 signals=0 traded=0 eval_errors=0
2026-05-18 02:09:00 | INFO     | ayumi.blend_launcher | [B5 Health] ticks=19029 tps=1.51 bars=4 signals=0 trades=0 balance=10000.00 uptime=21363s
2026-05-18 02:09:57 | INFO     | ayumi.forward_test | [B5 Periodic] ticks=19109 bars_built=4 signals=0 traded=0 eval_errors=0
2026-05-18 02:10:00 | INFO     | ayumi.blend_launcher | [B5 Health] ticks=19112 tps=0.91 bars=4 signals=0 trades=0 balance=10000.00 uptime=21423s
2026-05-18 02:10:57 | INFO     | ayumi.forward_test | [B5 Periodic] ticks=19197 bars_built=4 signals=0 traded=0 eval_errors=0
2026-05-18 02:11:00 | INFO     | ayumi.blend_launcher | [B5 Health] ticks=19199 tps=1.23 bars=4 signals=0 trades=0 balance=10000.00 uptime=21483s
2026-05-18 02:11:57 | INFO     | ayumi.forward_test | [B5 Periodic] ticks=19276 bars_built=4 signals=0 traded=0 eval_errors=0
2026-05-18 02:12:00 | INFO     | ayumi.blend_launcher | [B5 Health] ticks=19285 tps=3.33 bars=4 signals=0 trades=0 balance=10000.00 uptime=21543s
2026-05-18 02:12:57 | INFO     | ayumi.forward_test | [B5 Periodic] ticks=19384 bars_built=4 signals=0 traded=0 eval_errors=0
2026-05-18 02:13:00 | INFO     | ayumi.blend_launcher | [B5 Health] ticks=19390 tps=1.82 bars=4 signals=0 trades=0 balance=10000.00 uptime=21603s
2026-05-18 02:13:57 | INFO     | ayumi.forward_test | [B5 Periodic] ticks=19474 bars_built=4 signals=0 traded=0 eval_errors=0
2026-05-18 02:14:00 | INFO     | ayumi.blend_launcher | [B5 Health] ticks=19476 tps=1.60 bars=4 signals=0 trades=0 balance=10000.00 uptime=21663s
2026-05-18 02:14:57 | INFO     | ayumi.forward_test | [B5 Periodic] ticks=19557 bars_built=4 signals=0 traded=0 eval_errors=0
2026-05-18 02:15:00 | INFO     | ayumi.blend_launcher | [B5 Health] ticks=19563 tps=1.51 bars=4 signals=0 trades=0 balance=10000.00 uptime=21723s
2026-05-18 02:15:57 | INFO     | ayumi.forward_test | [B5 Periodic] ticks=19654 bars_built=4 signals=0 traded=0 eval_errors=0
2026-05-18 02:16:00 | INFO     | ayumi.blend_launcher | [B5 Health] ticks=19659 tps=1.35 bars=4 signals=0 trades=0 balance=10000.00 uptime=21783s
2026-05-18 02:16:57 | INFO     | ayumi.forward_test | [B5 Periodic] ticks=19724 bars_built=4 signals=0 traded=0 eval_errors=0
2026-05-18 02:17:00 | INFO     | ayumi.blend_launcher | [B5 Health] ticks=19724 tps=1.66 bars=4 signals=0 trades=0 balance=10000.00 uptime=21843s
2026-05-18 02:17:57 | INFO     | ayumi.forward_test | [B5 Periodic] ticks=19771 bars_built=4 signals=0 traded=0 eval_errors=0
2026-05-18 02:18:00 | INFO     | ayumi.blend_launcher | [B5 Health] ticks=19772 tps=1.12 bars=4 signals=0 trades=0 balance=10000.00 uptime=21903s
2026-05-18 02:18:57 | INFO     | ayumi.forward_test | [B5 Periodic] ticks=19831 bars_built=4 signals=0 traded=0 eval_errors=0
2026-05-18 02:19:00 | INFO     | ayumi.blend_launcher | [B5 Health] ticks=19831 tps=1.46 bars=4 signals=0 trades=0 balance=10000.00 uptime=21963s
2026-05-18 02:19:57 | INFO     | ayumi.forward_test | [B5 Periodic] ticks=19898 bars_built=4 signals=0 traded=0 eval_errors=0
2026-05-18 02:20:00 | INFO     | ayumi.blend_launcher | [B5 Health] ticks=19901 tps=2.45 bars=4 signals=0 trades=0 balance=10000.00 uptime=22023s
2026-05-18 02:20:57 | INFO     | ayumi.forward_test | [B5 Periodic] ticks=19994 bars_built=4 signals=0 traded=0 eval_errors=0
2026-05-18 02:21:00 | INFO     | ayumi.blend_launcher | [B5 Health] ticks=20000 tps=2.21 bars=4 signals=0 trades=0 balance=10000.00 uptime=22084s
2026-05-18 02:21:57 | INFO     | ayumi.forward_test | [B5 Periodic] ticks=20060 bars_built=4 signals=0 traded=0 eval_errors=0
2026-05-18 02:22:00 | INFO     | ayumi.blend_launcher | [B5 Health] ticks=20063 tps=1.45 bars=4 signals=0 trades=0 balance=10000.00 uptime=22144s
2026-05-18 02:22:57 | INFO     | ayumi.forward_test | [B5 Periodic] ticks=20138 bars_built=4 signals=0 traded=0 eval_errors=0
2026-05-18 02:23:00 | INFO     | ayumi.blend_launcher | [B5 Health] ticks=20141 tps=1.40 bars=4 signals=0 trades=0 balance=10000.00 uptime=22204s
2026-05-18 02:23:57 | INFO     | ayumi.forward_test | [B5 Periodic] ticks=20207 bars_built=4 signals=0 traded=0 eval_errors=0
2026-05-18 02:24:00 | INFO     | ayumi.blend_launcher | [B5 Health] ticks=20210 tps=1.42 bars=4 signals=0 trades=0 balance=10000.00 uptime=22264s
2026-05-18 02:24:57 | INFO     | ayumi.forward_test | [B5 Periodic] ticks=20265 bars_built=4 signals=0 traded=0 eval_errors=0
2026-05-18 02:25:00 | INFO     | ayumi.blend_launcher | [B5 Health] ticks=20265 tps=1.18 bars=4 signals=0 trades=0 balance=10000.00 uptime=22324s
2026-05-18 02:25:57 | INFO     | ayumi.forward_test | [B5 Periodic] ticks=20322 bars_built=4 signals=0 traded=0 eval_errors=0
2026-05-18 02:26:00 | INFO     | ayumi.blend_launcher | [B5 Health] ticks=20325 tps=1.48 bars=4 signals=0 trades=0 balance=10000.00 uptime=22384s
2026-05-18 02:26:57 | INFO     | ayumi.forward_test | [B5 Periodic] ticks=20370 bars_built=4 signals=0 traded=0 eval_errors=0
2026-05-18 02:27:00 | INFO     | ayumi.blend_launcher | [B5 Health] ticks=20372 tps=0.73 bars=4 signals=0 trades=0 balance=10000.00 uptime=22444s
2026-05-18 02:27:57 | INFO     | ayumi.forward_test | [B5 Periodic] ticks=20446 bars_built=4 signals=0 traded=0 eval_errors=0
2026-05-18 02:28:00 | INFO     | ayumi.blend_launcher | [B5 Health] ticks=20447 tps=0.90 bars=4 signals=0 trades=0 balance=10000.00 uptime=22504s
2026-05-18 02:28:57 | INFO     | ayumi.forward_test | [B5 Periodic] ticks=20517 bars_built=4 signals=0 traded=0 eval_errors=0
2026-05-18 02:29:00 | INFO     | ayumi.blend_launcher | [B5 Health] ticks=20522 tps=1.40 bars=4 signals=0 trades=0 balance=10000.00 uptime=22564s
2026-05-18 02:29:57 | INFO     | ayumi.forward_test | [B5 Periodic] ticks=20579 bars_built=4 signals=0 traded=0 eval_errors=0
2026-05-18 02:30:00 | INFO     | ayumi.blend_launcher | [B5 Health] ticks=20582 tps=1.59 bars=4 signals=0 trades=0 balance=10000.00 uptime=22624s
2026-05-18 02:30:57 | INFO     | ayumi.forward_test | [B5 Periodic] ticks=20667 bars_built=4 signals=0 traded=0 eval_errors=0
2026-05-18 02:31:00 | INFO     | ayumi.blend_launcher | [B5 Health] ticks=20672 tps=1.81 bars=4 signals=0 trades=0 balance=10000.00 uptime=22684s
2026-05-18 02:31:57 | INFO     | ayumi.forward_test | [B5 Periodic] ticks=20743 bars_built=4 signals=0 traded=0 eval_errors=0
2026-05-18 02:32:00 | INFO     | ayumi.blend_launcher | [B5 Health] ticks=20745 tps=1.45 bars=4 signals=0 trades=0 balance=10000.00 uptime=22744s
2026-05-18 02:32:57 | INFO     | ayumi.forward_test | [B5 Periodic] ticks=20841 bars_built=4 signals=0 traded=0 eval_errors=0
2026-05-18 02:33:00 | INFO     | ayumi.blend_launcher | [B5 Health] ticks=20844 tps=2.34 bars=4 signals=0 trades=0 balance=10000.00 uptime=22804s
2026-05-18 02:33:57 | INFO     | ayumi.forward_test | [B5 Periodic] ticks=20897 bars_built=4 signals=0 traded=0 eval_errors=0
2026-05-18 02:34:00 | INFO     | ayumi.blend_launcher | [B5 Health] ticks=20901 tps=1.74 bars=4 signals=0 trades=0 balance=10000.00 uptime=22864s
2026-05-18 02:34:57 | INFO     | ayumi.forward_test | [B5 Periodic] ticks=20952 bars_built=4 signals=0 traded=0 eval_errors=0
2026-05-18 02:35:00 | INFO     | ayumi.blend_launcher | [B5 Health] ticks=20955 tps=0.81 bars=4 signals=0 trades=0 balance=10000.00 uptime=22924s
2026-05-18 02:35:57 | INFO     | ayumi.forward_test | [B5 Periodic] ticks=21015 bars_built=4 signals=0 traded=0 eval_errors=0
2026-05-18 02:36:00 | INFO     | ayumi.blend_launcher | [B5 Health] ticks=21024 tps=1.53 bars=4 signals=0 trades=0 balance=10000.00 uptime=22984s
2026-05-18 02:36:57 | INFO     | ayumi.forward_test | [B5 Periodic] ticks=21091 bars_built=4 signals=0 traded=0 eval_errors=0
2026-05-18 02:37:00 | INFO     | ayumi.blend_launcher | [B5 Health] ticks=21100 tps=2.31 bars=4 signals=0 trades=0 balance=10000.00 uptime=23044s
2026-05-18 02:37:57 | INFO     | ayumi.forward_test | [B5 Periodic] ticks=21191 bars_built=4 signals=0 traded=0 eval_errors=0
2026-05-18 02:38:00 | INFO     | ayumi.blend_launcher | [B5 Health] ticks=21200 tps=1.98 bars=4 signals=0 trades=0 balance=10000.00 uptime=23104s
2026-05-18 02:38:57 | INFO     | ayumi.forward_test | [B5 Periodic] ticks=21279 bars_built=4 signals=0 traded=0 eval_errors=0
2026-05-18 02:39:00 | INFO     | ayumi.blend_launcher | [B5 Health] ticks=21284 tps=1.41 bars=4 signals=0 trades=0 balance=10000.00 uptime=23164s
2026-05-18 02:39:57 | INFO     | ayumi.forward_test | [B5 Periodic] ticks=21369 bars_built=4 signals=0 traded=0 eval_errors=0
2026-05-18 02:40:00 | INFO     | ayumi.blend_launcher | [B5 Health] ticks=21372 tps=1.99 bars=4 signals=0 trades=0 balance=10000.00 uptime=23224s
2026-05-18 02:40:57 | INFO     | ayumi.forward_test | [B5 Periodic] ticks=21463 bars_built=4 signals=0 traded=0 eval_errors=0
2026-05-18 02:41:00 | INFO     | ayumi.blend_launcher | [B5 Health] ticks=21468 tps=2.23 bars=4 signals=0 trades=0 balance=10000.00 uptime=23284s
2026-05-18 02:41:57 | INFO     | ayumi.forward_test | [B5 Periodic] ticks=21551 bars_built=4 signals=0 traded=0 eval_errors=0
2026-05-18 02:42:00 | INFO     | ayumi.blend_launcher | [B5 Health] ticks=21552 tps=0.72 bars=4 signals=0 trades=0 balance=10000.00 uptime=23344s
2026-05-18 02:42:57 | INFO     | ayumi.forward_test | [B5 Periodic] ticks=21613 bars_built=4 signals=0 traded=0 eval_errors=0
2026-05-18 02:43:00 | INFO     | ayumi.blend_launcher | [B5 Health] ticks=21616 tps=1.30 bars=4 signals=0 trades=0 balance=10000.00 uptime=23404s
2026-05-18 02:43:57 | INFO     | ayumi.forward_test | [B5 Periodic] ticks=21694 bars_built=4 signals=0 traded=0 eval_errors=0
2026-05-18 02:44:00 | INFO     | ayumi.blend_launcher | [B5 Health] ticks=21697 tps=1.33 bars=4 signals=0 trades=0 balance=10000.00 uptime=23464s
2026-05-18 02:44:57 | INFO     | ayumi.forward_test | [B5 Periodic] ticks=21766 bars_built=4 signals=0 traded=0 eval_errors=0
2026-05-18 02:45:00 | INFO     | ayumi.blend_launcher | [B5 Health] ticks=21769 tps=1.31 bars=4 signals=0 trades=0 balance=10000.00 uptime=23524s
2026-05-18 02:45:57 | INFO     | ayumi.forward_test | [B5 Periodic] ticks=21846 bars_built=4 signals=0 traded=0 eval_errors=0
2026-05-18 02:46:00 | INFO     | ayumi.blend_launcher | [B5 Health] ticks=21851 tps=1.61 bars=4 signals=0 trades=0 balance=10000.00 uptime=23584s
2026-05-18 02:46:57 | INFO     | ayumi.forward_test | [B5 Periodic] ticks=21906 bars_built=4 signals=0 traded=0 eval_errors=0
2026-05-18 02:47:00 | INFO     | ayumi.blend_launcher | [B5 Health] ticks=21908 tps=1.04 bars=4 signals=0 trades=0 balance=10000.00 uptime=23644s
2026-05-18 02:47:57 | INFO     | ayumi.forward_test | [B5 Periodic] ticks=21994 bars_built=4 signals=0 traded=0 eval_errors=0
2026-05-18 02:48:00 | INFO     | ayumi.blend_launcher | [B5 Health] ticks=22000 tps=1.71 bars=4 signals=0 trades=0 balance=10000.00 uptime=23704s
2026-05-18 02:48:57 | INFO     | ayumi.forward_test | [B5 Periodic] ticks=22077 bars_built=4 signals=0 traded=0 eval_errors=0
2026-05-18 02:49:00 | INFO     | ayumi.blend_launcher | [B5 Health] ticks=22086 tps=1.53 bars=4 signals=0 trades=0 balance=10000.00 uptime=23764s
2026-05-18 02:49:57 | INFO     | ayumi.forward_test | [B5 Periodic] ticks=22168 bars_built=4 signals=0 traded=0 eval_errors=0
2026-05-18 02:50:00 | INFO     | ayumi.blend_launcher | [B5 Health] ticks=22173 tps=1.98 bars=4 signals=0 trades=0 balance=10000.00 uptime=23824s
2026-05-18 02:50:57 | INFO     | ayumi.forward_test | [B5 Periodic] ticks=22273 bars_built=4 signals=0 traded=0 eval_errors=0
2026-05-18 02:51:00 | INFO     | ayumi.blend_launcher | [B5 Health] ticks=22282 tps=2.10 bars=4 signals=0 trades=0 balance=10000.00 uptime=23884s
2026-05-18 02:51:57 | INFO     | ayumi.forward_test | [B5 Periodic] ticks=22366 bars_built=4 signals=0 traded=0 eval_errors=0
2026-05-18 02:52:00 | INFO     | ayumi.blend_launcher | [B5 Health] ticks=22372 tps=1.18 bars=4 signals=0 trades=0 balance=10000.00 uptime=23944s
2026-05-18 02:52:57 | INFO     | ayumi.forward_test | [B5 Periodic] ticks=22447 bars_built=4 signals=0 traded=0 eval_errors=0
2026-05-18 02:53:00 | INFO     | ayumi.blend_launcher | [B5 Health] ticks=22449 tps=0.85 bars=4 signals=0 trades=0 balance=10000.00 uptime=24004s
2026-05-18 02:53:57 | INFO     | ayumi.forward_test | [B5 Periodic] ticks=22518 bars_built=4 signals=0 traded=0 eval_errors=0
2026-05-18 02:54:00 | INFO     | ayumi.blend_launcher | [B5 Health] ticks=22524 tps=1.78 bars=4 signals=0 trades=0 balance=10000.00 uptime=24064s
2026-05-18 02:54:57 | INFO     | ayumi.forward_test | [B5 Periodic] ticks=22606 bars_built=4 signals=0 traded=0 eval_errors=0
2026-05-18 02:55:00 | INFO     | ayumi.blend_launcher | [B5 Health] ticks=22611 tps=2.42 bars=4 signals=0 trades=0 balance=10000.00 uptime=24124s
2026-05-18 02:55:57 | INFO     | ayumi.forward_test | [B5 Periodic] ticks=22692 bars_built=4 signals=0 traded=0 eval_errors=0
2026-05-18 02:56:00 | INFO     | ayumi.blend_launcher | [B5 Health] ticks=22697 tps=1.95 bars=4 signals=0 trades=0 balance=10000.00 uptime=24184s
2026-05-18 02:56:57 | INFO     | ayumi.forward_test | [B5 Periodic] ticks=22768 bars_built=4 signals=0 traded=0 eval_errors=0
2026-05-18 02:57:00 | INFO     | ayumi.blend_launcher | [B5 Health] ticks=22769 tps=1.92 bars=4 signals=0 trades=0 balance=10000.00 uptime=24244s
2026-05-18 02:57:57 | INFO     | ayumi.forward_test | [B5 Periodic] ticks=22855 bars_built=4 signals=0 traded=0 eval_errors=0
2026-05-18 02:58:00 | INFO     | ayumi.blend_launcher | [B5 Health] ticks=22865 tps=2.42 bars=4 signals=0 trades=0 balance=10000.00 uptime=24304s
2026-05-18 02:58:57 | INFO     | ayumi.forward_test | [B5 Periodic] ticks=22931 bars_built=4 signals=0 traded=0 eval_errors=0
2026-05-18 02:59:00 | INFO     | ayumi.blend_launcher | [B5 Health] ticks=22938 tps=1.44 bars=4 signals=0 trades=0 balance=10000.00 uptime=24364s
2026-05-18 02:59:57 | INFO     | ayumi.forward_test | [B5 Periodic] ticks=23012 bars_built=4 signals=0 traded=0 eval_errors=0
2026-05-18 03:00:00 | INFO     | ayumi.blend_launcher | [B5 Health] ticks=23018 tps=1.25 bars=4 signals=0 trades=0 balance=10000.00 uptime=24424s
2026-05-18 03:00:57 | INFO     | ayumi.forward_test | [B5 Periodic] ticks=23107 bars_built=4 signals=0 traded=0 eval_errors=0
2026-05-18 03:01:00 | INFO     | ayumi.blend_launcher | [B5 Health] ticks=23117 tps=2.58 bars=4 signals=0 trades=0 balance=10000.00 uptime=24484s
2026-05-18 03:01:57 | INFO     | ayumi.forward_test | [B5 Periodic] ticks=23183 bars_built=4 signals=0 traded=0 eval_errors=0
2026-05-18 03:02:00 | INFO     | ayumi.blend_launcher | [B5 Health] ticks=23183 tps=1.58 bars=4 signals=0 trades=0 balance=10000.00 uptime=24544s
2026-05-18 03:02:57 | INFO     | ayumi.forward_test | [B5 Periodic] ticks=23247 bars_built=4 signals=0 traded=0 eval_errors=0
2026-05-18 03:03:00 | INFO     | ayumi.blend_launcher | [B5 Health] ticks=23250 tps=1.17 bars=4 signals=0 trades=0 balance=10000.00 uptime=24604s
2026-05-18 03:03:57 | INFO     | ayumi.forward_test | [B5 Periodic] ticks=23330 bars_built=4 signals=0 traded=0 eval_errors=0
2026-05-18 03:04:00 | INFO     | ayumi.blend_launcher | [B5 Health] ticks=23333 tps=1.22 bars=4 signals=0 trades=0 balance=10000.00 uptime=24664s
2026-05-18 03:04:57 | INFO     | ayumi.forward_test | [B5 Periodic] ticks=23406 bars_built=4 signals=0 traded=0 eval_errors=0
2026-05-18 03:05:00 | INFO     | ayumi.blend_launcher | [B5 Health] ticks=23412 tps=1.81 bars=4 signals=0 trades=0 balance=10000.00 uptime=24724s
2026-05-18 03:05:57 | INFO     | ayumi.forward_test | [B5 Periodic] ticks=23476 bars_built=4 signals=0 traded=0 eval_errors=0
2026-05-18 03:06:00 | INFO     | ayumi.blend_launcher | [B5 Health] ticks=23482 tps=1.52 bars=4 signals=0 trades=0 balance=10000.00 uptime=24784s
2026-05-18 03:06:57 | INFO     | ayumi.forward_test | [B5 Periodic] ticks=23546 bars_built=4 signals=0 traded=0 eval_errors=0
2026-05-18 03:07:00 | INFO     | ayumi.blend_launcher | [B5 Health] ticks=23550 tps=0.94 bars=4 signals=0 trades=0 balance=10000.00 uptime=24844s
2026-05-18 03:07:57 | INFO     | ayumi.forward_test | [B5 Periodic] ticks=23631 bars_built=4 signals=0 traded=0 eval_errors=0
2026-05-18 03:08:01 | INFO     | ayumi.blend_launcher | [B5 Health] ticks=23632 tps=1.16 bars=4 signals=0 trades=0 balance=10000.00 uptime=24904s
2026-05-18 03:08:57 | INFO     | ayumi.forward_test | [B5 Periodic] ticks=23695 bars_built=4 signals=0 traded=0 eval_errors=0
2026-05-18 03:09:01 | INFO     | ayumi.blend_launcher | [B5 Health] ticks=23698 tps=1.47 bars=4 signals=0 trades=0 balance=10000.00 uptime=24964s
2026-05-18 03:09:57 | INFO     | ayumi.forward_test | [B5 Periodic] ticks=23759 bars_built=4 signals=0 traded=0 eval_errors=0
2026-05-18 03:10:01 | INFO     | ayumi.blend_launcher | [B5 Health] ticks=23762 tps=1.44 bars=4 signals=0 trades=0 balance=10000.00 uptime=25024s
2026-05-18 03:10:57 | INFO     | ayumi.forward_test | [B5 Periodic] ticks=23809 bars_built=4 signals=0 traded=0 eval_errors=0
2026-05-18 03:11:01 | INFO     | ayumi.blend_launcher | [B5 Health] ticks=23810 tps=0.47 bars=4 signals=0 trades=0 balance=10000.00 uptime=25084s
2026-05-18 03:11:57 | INFO     | ayumi.forward_test | [B5 Periodic] ticks=23873 bars_built=4 signals=0 traded=0 eval_errors=0
2026-05-18 03:12:01 | INFO     | ayumi.blend_launcher | [B5 Health] ticks=23877 tps=1.65 bars=4 signals=0 trades=0 balance=10000.00 uptime=25144s
2026-05-18 03:12:57 | INFO     | ayumi.forward_test | [B5 Periodic] ticks=23926 bars_built=4 signals=0 traded=0 eval_errors=0
2026-05-18 03:13:01 | INFO     | ayumi.blend_launcher | [B5 Health] ticks=23932 tps=1.84 bars=4 signals=0 trades=0 balance=10000.00 uptime=25204s
2026-05-18 03:13:57 | INFO     | ayumi.forward_test | [B5 Periodic] ticks=23998 bars_built=4 signals=0 traded=0 eval_errors=0
2026-05-18 03:14:01 | INFO     | ayumi.blend_launcher | [B5 Health] ticks=23999 tps=0.73 bars=4 signals=0 trades=0 balance=10000.00 uptime=25264s
2026-05-18 03:14:57 | INFO     | ayumi.forward_test | [B5 Periodic] ticks=24051 bars_built=4 signals=0 traded=0 eval_errors=0
2026-05-18 03:15:01 | INFO     | ayumi.blend_launcher | [B5 Health] ticks=24052 tps=1.24 bars=4 signals=0 trades=0 balance=10000.00 uptime=25324s
2026-05-18 03:15:57 | INFO     | ayumi.forward_test | [B5 Periodic] ticks=24113 bars_built=4 signals=0 traded=0 eval_errors=0
2026-05-18 03:16:01 | INFO     | ayumi.blend_launcher | [B5 Health] ticks=24114 tps=1.26 bars=4 signals=0 trades=0 balance=10000.00 uptime=25384s
2026-05-18 03:16:57 | INFO     | ayumi.forward_test | [B5 Periodic] ticks=24172 bars_built=4 signals=0 traded=0 eval_errors=0
2026-05-18 03:17:01 | INFO     | ayumi.blend_launcher | [B5 Health] ticks=24175 tps=1.07 bars=4 signals=0 trades=0 balance=10000.00 uptime=25444s
2026-05-18 03:17:57 | INFO     | ayumi.forward_test | [B5 Periodic] ticks=24232 bars_built=4 signals=0 traded=0 eval_errors=0
2026-05-18 03:18:01 | INFO     | ayumi.blend_launcher | [B5 Health] ticks=24236 tps=1.00 bars=4 signals=0 trades=0 balance=10000.00 uptime=25504s
2026-05-18 03:18:57 | INFO     | ayumi.forward_test | [B5 Periodic] ticks=24289 bars_built=4 signals=0 traded=0 eval_errors=0
2026-05-18 03:19:01 | INFO     | ayumi.blend_launcher | [B5 Health] ticks=24294 tps=1.39 bars=4 signals=0 trades=0 balance=10000.00 uptime=25564s
2026-05-18 03:19:57 | INFO     | ayumi.forward_test | [B5 Periodic] ticks=24355 bars_built=4 signals=0 traded=0 eval_errors=0
2026-05-18 03:20:01 | INFO     | ayumi.blend_launcher | [B5 Health] ticks=24359 tps=1.88 bars=4 signals=0 trades=0 balance=10000.00 uptime=25624s
2026-05-18 03:20:57 | INFO     | ayumi.forward_test | [B5 Periodic] ticks=24392 bars_built=4 signals=0 traded=0 eval_errors=0
2026-05-18 03:21:01 | INFO     | ayumi.blend_launcher | [B5 Health] ticks=24396 tps=0.98 bars=4 signals=0 trades=0 balance=10000.00 uptime=25684s
2026-05-18 03:21:57 | INFO     | ayumi.forward_test | [B5 Periodic] ticks=24452 bars_built=4 signals=0 traded=0 eval_errors=0
2026-05-18 03:22:01 | INFO     | ayumi.blend_launcher | [B5 Health] ticks=24454 tps=0.92 bars=4 signals=0 trades=0 balance=10000.00 uptime=25744s
2026-05-18 03:22:57 | INFO     | ayumi.forward_test | [B5 Periodic] ticks=24504 bars_built=4 signals=0 traded=0 eval_errors=0
2026-05-18 03:23:01 | INFO     | ayumi.blend_launcher | [B5 Health] ticks=24509 tps=1.45 bars=4 signals=0 trades=0 balance=10000.00 uptime=25804s
2026-05-18 03:23:57 | INFO     | ayumi.forward_test | [B5 Periodic] ticks=24556 bars_built=4 signals=0 traded=0 eval_errors=0
2026-05-18 03:24:01 | INFO     | ayumi.blend_launcher | [B5 Health] ticks=24563 tps=2.15 bars=4 signals=0 trades=0 balance=10000.00 uptime=25864s
2026-05-18 03:24:57 | INFO     | ayumi.forward_test | [B5 Periodic] ticks=24621 bars_built=4 signals=0 traded=0 eval_errors=0
2026-05-18 03:25:01 | INFO     | ayumi.blend_launcher | [B5 Health] ticks=24624 tps=0.82 bars=4 signals=0 trades=0 balance=10000.00 uptime=25924s
2026-05-18 03:25:57 | INFO     | ayumi.forward_test | [B5 Periodic] ticks=24673 bars_built=4 signals=0 traded=0 eval_errors=0
2026-05-18 03:26:01 | INFO     | ayumi.blend_launcher | [B5 Health] ticks=24678 tps=0.92 bars=4 signals=0 trades=0 balance=10000.00 uptime=25984s
2026-05-18 03:26:57 | INFO     | ayumi.forward_test | [B5 Periodic] ticks=24745 bars_built=4 signals=0 traded=0 eval_errors=0
2026-05-18 03:27:01 | INFO     | ayumi.blend_launcher | [B5 Health] ticks=24747 tps=1.25 bars=4 signals=0 trades=0 balance=10000.00 uptime=26044s
2026-05-18 03:27:57 | INFO     | ayumi.forward_test | [B5 Periodic] ticks=24806 bars_built=4 signals=0 traded=0 eval_errors=0
2026-05-18 03:28:01 | INFO     | ayumi.blend_launcher | [B5 Health] ticks=24811 tps=1.54 bars=4 signals=0 trades=0 balance=10000.00 uptime=26104s
2026-05-18 03:28:57 | INFO     | ayumi.forward_test | [B5 Periodic] ticks=24856 bars_built=4 signals=0 traded=0 eval_errors=0
2026-05-18 03:29:01 | INFO     | ayumi.blend_launcher | [B5 Health] ticks=24856 tps=1.37 bars=4 signals=0 trades=0 balance=10000.00 uptime=26164s
2026-05-18 03:29:57 | INFO     | ayumi.forward_test | [B5 Periodic] ticks=24917 bars_built=4 signals=0 traded=0 eval_errors=0
2026-05-18 03:30:01 | INFO     | ayumi.blend_launcher | [B5 Health] ticks=24921 tps=1.17 bars=4 signals=0 trades=0 balance=10000.00 uptime=26224s
2026-05-18 03:30:57 | INFO     | ayumi.forward_test | [B5 Periodic] ticks=25001 bars_built=4 signals=0 traded=0 eval_errors=0
2026-05-18 03:31:01 | INFO     | ayumi.blend_launcher | [B5 Health] ticks=25007 tps=1.89 bars=4 signals=0 trades=0 balance=10000.00 uptime=26284s
2026-05-18 03:31:57 | INFO     | ayumi.forward_test | [B5 Periodic] ticks=25043 bars_built=4 signals=0 traded=0 eval_errors=0
2026-05-18 03:32:01 | INFO     | ayumi.blend_launcher | [B5 Health] ticks=25046 tps=0.92 bars=4 signals=0 trades=0 balance=10000.00 uptime=26344s
2026-05-18 03:32:57 | INFO     | ayumi.forward_test | [B5 Periodic] ticks=25106 bars_built=4 signals=0 traded=0 eval_errors=0
2026-05-18 03:33:01 | INFO     | ayumi.blend_launcher | [B5 Health] ticks=25108 tps=0.81 bars=4 signals=0 trades=0 balance=10000.00 uptime=26404s
2026-05-18 03:33:57 | INFO     | ayumi.forward_test | [B5 Periodic] ticks=25175 bars_built=4 signals=0 traded=0 eval_errors=0
2026-05-18 03:34:01 | INFO     | ayumi.blend_launcher | [B5 Health] ticks=25179 tps=1.34 bars=4 signals=0 trades=0 balance=10000.00 uptime=26464s
2026-05-18 03:34:57 | INFO     | ayumi.forward_test | [B5 Periodic] ticks=25230 bars_built=4 signals=0 traded=0 eval_errors=0
2026-05-18 03:35:01 | INFO     | ayumi.blend_launcher | [B5 Health] ticks=25235 tps=1.77 bars=4 signals=0 trades=0 balance=10000.00 uptime=26524s
2026-05-18 03:35:57 | INFO     | ayumi.forward_test | [B5 Periodic] ticks=25287 bars_built=4 signals=0 traded=0 eval_errors=0
2026-05-18 03:36:01 | INFO     | ayumi.blend_launcher | [B5 Health] ticks=25291 tps=1.41 bars=4 signals=0 trades=0 balance=10000.00 uptime=26584s
2026-05-18 03:36:57 | INFO     | ayumi.forward_test | [B5 Periodic] ticks=25360 bars_built=4 signals=0 traded=0 eval_errors=0
2026-05-18 03:37:01 | INFO     | ayumi.blend_launcher | [B5 Health] ticks=25364 tps=1.42 bars=4 signals=0 trades=0 balance=10000.00 uptime=26644s
2026-05-18 03:37:57 | INFO     | ayumi.forward_test | [B5 Periodic] ticks=25435 bars_built=4 signals=0 traded=0 eval_errors=0
2026-05-18 03:38:01 | INFO     | ayumi.blend_launcher | [B5 Health] ticks=25438 tps=1.06 bars=4 signals=0 trades=0 balance=10000.00 uptime=26704s
2026-05-18 03:38:57 | INFO     | ayumi.forward_test | [B5 Periodic] ticks=25476 bars_built=4 signals=0 traded=0 eval_errors=0
2026-05-18 03:39:01 | INFO     | ayumi.blend_launcher | [B5 Health] ticks=25480 tps=0.81 bars=4 signals=0 trades=0 balance=10000.00 uptime=26764s
2026-05-18 03:39:57 | INFO     | ayumi.forward_test | [B5 Periodic] ticks=25537 bars_built=4 signals=0 traded=0 eval_errors=0
2026-05-18 03:40:01 | INFO     | ayumi.blend_launcher | [B5 Health] ticks=25544 tps=1.69 bars=4 signals=0 trades=0 balance=10000.00 uptime=26824s
2026-05-18 03:40:57 | INFO     | ayumi.forward_test | [B5 Periodic] ticks=25600 bars_built=4 signals=0 traded=0 eval_errors=0
2026-05-18 03:41:01 | INFO     | ayumi.blend_launcher | [B5 Health] ticks=25604 tps=1.61 bars=4 signals=0 trades=0 balance=10000.00 uptime=26884s
2026-05-18 03:41:57 | INFO     | ayumi.forward_test | [B5 Periodic] ticks=25667 bars_built=4 signals=0 traded=0 eval_errors=0
2026-05-18 03:42:01 | INFO     | ayumi.blend_launcher | [B5 Health] ticks=25668 tps=1.67 bars=4 signals=0 trades=0 balance=10000.00 uptime=26944s
2026-05-18 03:42:57 | INFO     | ayumi.forward_test | [B5 Periodic] ticks=25732 bars_built=4 signals=0 traded=0 eval_errors=0
2026-05-18 03:43:01 | INFO     | ayumi.blend_launcher | [B5 Health] ticks=25734 tps=1.07 bars=4 signals=0 trades=0 balance=10000.00 uptime=27004s
2026-05-18 03:43:57 | INFO     | ayumi.forward_test | [B5 Periodic] ticks=25804 bars_built=4 signals=0 traded=0 eval_errors=0
2026-05-18 03:44:01 | INFO     | ayumi.blend_launcher | [B5 Health] ticks=25806 tps=1.71 bars=4 signals=0 trades=0 balance=10000.00 uptime=27064s
2026-05-18 03:44:57 | INFO     | ayumi.forward_test | [B5 Periodic] ticks=25896 bars_built=4 signals=0 traded=0 eval_errors=0
2026-05-18 03:45:01 | INFO     | ayumi.blend_launcher | [B5 Health] ticks=25900 tps=0.92 bars=4 signals=0 trades=0 balance=10000.00 uptime=27124s
2026-05-18 03:45:57 | INFO     | ayumi.forward_test | [B5 Periodic] ticks=25964 bars_built=4 signals=0 traded=0 eval_errors=0
2026-05-18 03:46:01 | INFO     | ayumi.blend_launcher | [B5 Health] ticks=25968 tps=1.55 bars=4 signals=0 trades=0 balance=10000.00 uptime=27184s
2026-05-18 03:46:57 | INFO     | ayumi.forward_test | [B5 Periodic] ticks=26018 bars_built=4 signals=0 traded=0 eval_errors=0
2026-05-18 03:47:01 | INFO     | ayumi.blend_launcher | [B5 Health] ticks=26026 tps=1.29 bars=4 signals=0 trades=0 balance=10000.00 uptime=27244s
2026-05-18 03:47:57 | INFO     | ayumi.forward_test | [B5 Periodic] ticks=26064 bars_built=4 signals=0 traded=0 eval_errors=0
2026-05-18 03:48:01 | INFO     | ayumi.blend_launcher | [B5 Health] ticks=26068 tps=1.03 bars=4 signals=0 trades=0 balance=10000.00 uptime=27304s
2026-05-18 03:48:57 | INFO     | ayumi.forward_test | [B5 Periodic] ticks=26139 bars_built=4 signals=0 traded=0 eval_errors=0
2026-05-18 03:49:01 | INFO     | ayumi.blend_launcher | [B5 Health] ticks=26141 tps=0.98 bars=4 signals=0 trades=0 balance=10000.00 uptime=27364s
2026-05-18 03:49:57 | INFO     | ayumi.forward_test | [B5 Periodic] ticks=26194 bars_built=4 signals=0 traded=0 eval_errors=0
2026-05-18 03:50:01 | INFO     | ayumi.blend_launcher | [B5 Health] ticks=26199 tps=1.53 bars=4 signals=0 trades=0 balance=10000.00 uptime=27424s
2026-05-18 03:50:57 | INFO     | ayumi.forward_test | [B5 Periodic] ticks=26259 bars_built=4 signals=0 traded=0 eval_errors=0
2026-05-18 03:51:01 | INFO     | ayumi.blend_launcher | [B5 Health] ticks=26260 tps=0.58 bars=4 signals=0 trades=0 balance=10000.00 uptime=27484s
2026-05-18 03:51:57 | INFO     | ayumi.forward_test | [B5 Periodic] ticks=26311 bars_built=4 signals=0 traded=0 eval_errors=0
2026-05-18 03:52:01 | INFO     | ayumi.blend_launcher | [B5 Health] ticks=26316 tps=1.05 bars=4 signals=0 trades=0 balance=10000.00 uptime=27544s
2026-05-18 03:52:57 | INFO     | ayumi.forward_test | [B5 Periodic] ticks=26392 bars_built=4 signals=0 traded=0 eval_errors=0
2026-05-18 03:53:01 | INFO     | ayumi.blend_launcher | [B5 Health] ticks=26397 tps=1.57 bars=4 signals=0 trades=0 balance=10000.00 uptime=27604s
2026-05-18 03:53:57 | INFO     | ayumi.forward_test | [B5 Periodic] ticks=26445 bars_built=4 signals=0 traded=0 eval_errors=0
2026-05-18 03:54:01 | INFO     | ayumi.blend_launcher | [B5 Health] ticks=26450 tps=1.13 bars=4 signals=0 trades=0 balance=10000.00 uptime=27664s
2026-05-18 03:54:57 | INFO     | ayumi.forward_test | [B5 Periodic] ticks=26525 bars_built=4 signals=0 traded=0 eval_errors=0
2026-05-18 03:55:01 | INFO     | ayumi.blend_launcher | [B5 Health] ticks=26527 tps=1.07 bars=4 signals=0 trades=0 balance=10000.00 uptime=27724s
2026-05-18 03:55:57 | INFO     | ayumi.forward_test | [B5 Periodic] ticks=26584 bars_built=4 signals=0 traded=0 eval_errors=0
2026-05-18 03:56:01 | INFO     | ayumi.blend_launcher | [B5 Health] ticks=26586 tps=0.91 bars=4 signals=0 trades=0 balance=10000.00 uptime=27784s
2026-05-18 03:56:57 | INFO     | ayumi.forward_test | [B5 Periodic] ticks=26680 bars_built=4 signals=0 traded=0 eval_errors=0
2026-05-18 03:57:01 | INFO     | ayumi.blend_launcher | [B5 Health] ticks=26689 tps=3.60 bars=4 signals=0 trades=0 balance=10000.00 uptime=27844s
2026-05-18 03:57:57 | INFO     | ayumi.forward_test | [B5 Periodic] ticks=26796 bars_built=4 signals=0 traded=0 eval_errors=0
2026-05-18 03:58:01 | INFO     | ayumi.blend_launcher | [B5 Health] ticks=26805 tps=2.15 bars=4 signals=0 trades=0 balance=10000.00 uptime=27904s
2026-05-18 03:58:57 | INFO     | ayumi.forward_test | [B5 Periodic] ticks=26883 bars_built=4 signals=0 traded=0 eval_errors=0
2026-05-18 03:59:01 | INFO     | ayumi.blend_launcher | [B5 Health] ticks=26886 tps=0.88 bars=4 signals=0 trades=0 balance=10000.00 uptime=27964s
2026-05-18 03:59:57 | INFO     | ayumi.forward_test | [B5 Periodic] ticks=26977 bars_built=4 signals=0 traded=0 eval_errors=0
2026-05-18 04:00:01 | INFO     | ayumi.blend_launcher | [B5 Health] ticks=26987 tps=2.00 bars=4 signals=0 trades=0 balance=10000.00 uptime=28024s
2026-05-18 04:00:57 | INFO     | ayumi.forward_test | [B5 Periodic] ticks=27090 bars_built=4 signals=0 traded=0 eval_errors=0
2026-05-18 04:01:01 | INFO     | ayumi.blend_launcher | [B5 Health] ticks=27099 tps=2.90 bars=4 signals=0 trades=0 balance=10000.00 uptime=28084s
2026-05-18 04:01:57 | INFO     | ayumi.forward_test | [B5 Periodic] ticks=27234 bars_built=4 signals=0 traded=0 eval_errors=0
2026-05-18 04:02:01 | INFO     | ayumi.blend_launcher | [B5 Health] ticks=27245 tps=2.58 bars=4 signals=0 trades=0 balance=10000.00 uptime=28144s
2026-05-18 04:02:57 | INFO     | ayumi.forward_test | [B5 Periodic] ticks=27310 bars_built=4 signals=0 traded=0 eval_errors=0
2026-05-18 04:03:01 | INFO     | ayumi.blend_launcher | [B5 Health] ticks=27313 tps=1.56 bars=4 signals=0 trades=0 balance=10000.00 uptime=28204s
2026-05-18 04:03:57 | INFO     | ayumi.forward_test | [B5 Periodic] ticks=27392 bars_built=4 signals=0 traded=0 eval_errors=0
2026-05-18 04:04:01 | INFO     | ayumi.blend_launcher | [B5 Health] ticks=27401 tps=1.71 bars=4 signals=0 trades=0 balance=10000.00 uptime=28264s
2026-05-18 04:04:57 | INFO     | ayumi.forward_test | [B5 Periodic] ticks=27452 bars_built=4 signals=0 traded=0 eval_errors=0
2026-05-18 04:05:01 | INFO     | ayumi.blend_launcher | [B5 Health] ticks=27459 tps=1.14 bars=4 signals=0 trades=0 balance=10000.00 uptime=28324s
2026-05-18 04:05:57 | INFO     | ayumi.forward_test | [B5 Periodic] ticks=27647 bars_built=4 signals=0 traded=0 eval_errors=0
2026-05-18 04:06:01 | INFO     | ayumi.blend_launcher | [B5 Health] ticks=27658 tps=2.52 bars=4 signals=0 trades=0 balance=10000.00 uptime=28384s
2026-05-18 04:06:57 | INFO     | ayumi.forward_test | [B5 Periodic] ticks=27761 bars_built=4 signals=0 traded=0 eval_errors=0
2026-05-18 04:07:01 | INFO     | ayumi.blend_launcher | [B5 Health] ticks=27769 tps=2.75 bars=4 signals=0 trades=0 balance=10000.00 uptime=28445s
2026-05-18 04:07:57 | INFO     | ayumi.forward_test | [B5 Periodic] ticks=27834 bars_built=4 signals=0 traded=0 eval_errors=0
2026-05-18 04:08:01 | INFO     | ayumi.blend_launcher | [B5 Health] ticks=27834 tps=0.92 bars=4 signals=0 trades=0 balance=10000.00 uptime=28505s
2026-05-18 04:08:57 | INFO     | ayumi.forward_test | [B5 Periodic] ticks=27927 bars_built=4 signals=0 traded=0 eval_errors=0
2026-05-18 04:09:01 | INFO     | ayumi.blend_launcher | [B5 Health] ticks=27937 tps=1.56 bars=4 signals=0 trades=0 balance=10000.00 uptime=28565s
2026-05-18 04:09:57 | INFO     | ayumi.forward_test | [B5 Periodic] ticks=28015 bars_built=4 signals=0 traded=0 eval_errors=0
2026-05-18 04:10:01 | INFO     | ayumi.blend_launcher | [B5 Health] ticks=28020 tps=1.27 bars=4 signals=0 trades=0 balance=10000.00 uptime=28625s
2026-05-18 04:10:57 | INFO     | ayumi.forward_test | [B5 Periodic] ticks=28092 bars_built=4 signals=0 traded=0 eval_errors=0
2026-05-18 04:11:01 | INFO     | ayumi.blend_launcher | [B5 Health] ticks=28099 tps=2.01 bars=4 signals=0 trades=0 balance=10000.00 uptime=28685s
2026-05-18 04:11:57 | INFO     | ayumi.forward_test | [B5 Periodic] ticks=28154 bars_built=4 signals=0 traded=0 eval_errors=0
2026-05-18 04:12:01 | INFO     | ayumi.blend_launcher | [B5 Health] ticks=28158 tps=1.42 bars=4 signals=0 trades=0 balance=10000.00 uptime=28745s
2026-05-18 04:12:57 | INFO     | ayumi.forward_test | [B5 Periodic] ticks=28250 bars_built=4 signals=0 traded=0 eval_errors=0
2026-05-18 04:13:01 | INFO     | ayumi.blend_launcher | [B5 Health] ticks=28253 tps=1.23 bars=4 signals=0 trades=0 balance=10000.00 uptime=28805s
2026-05-18 04:13:57 | INFO     | ayumi.forward_test | [B5 Periodic] ticks=28314 bars_built=4 signals=0 traded=0 eval_errors=0
2026-05-18 04:14:01 | INFO     | ayumi.blend_launcher | [B5 Health] ticks=28324 tps=1.84 bars=4 signals=0 trades=0 balance=10000.00 uptime=28865s
2026-05-18 04:14:57 | INFO     | ayumi.forward_test | [B5 Periodic] ticks=28386 bars_built=4 signals=0 traded=0 eval_errors=0
2026-05-18 04:15:01 | INFO     | ayumi.blend_launcher | [B5 Health] ticks=28392 tps=1.46 bars=4 signals=0 trades=0 balance=10000.00 uptime=28925s
2026-05-18 04:15:57 | INFO     | ayumi.forward_test | [B5 Periodic] ticks=28437 bars_built=4 signals=0 traded=0 eval_errors=0
2026-05-18 04:16:01 | INFO     | ayumi.blend_launcher | [B5 Health] ticks=28442 tps=1.49 bars=4 signals=0 trades=0 balance=10000.00 uptime=28985s
2026-05-18 04:16:58 | INFO     | ayumi.forward_test | [B5 Periodic] ticks=28502 bars_built=4 signals=0 traded=0 eval_errors=0
2026-05-18 04:17:01 | INFO     | ayumi.blend_launcher | [B5 Health] ticks=28508 tps=1.41 bars=4 signals=0 trades=0 balance=10000.00 uptime=29045s
2026-05-18 04:17:58 | INFO     | ayumi.forward_test | [B5 Periodic] ticks=28553 bars_built=4 signals=0 traded=0 eval_errors=0
2026-05-18 04:18:01 | INFO     | ayumi.blend_launcher | [B5 Health] ticks=28557 tps=1.03 bars=4 signals=0 trades=0 balance=10000.00 uptime=29105s
2026-05-18 04:18:58 | INFO     | ayumi.forward_test | [B5 Periodic] ticks=28629 bars_built=4 signals=0 traded=0 eval_errors=0
2026-05-18 04:19:01 | INFO     | ayumi.blend_launcher | [B5 Health] ticks=28631 tps=0.84 bars=4 signals=0 trades=0 balance=10000.00 uptime=29165s
2026-05-18 04:19:58 | INFO     | ayumi.forward_test | [B5 Periodic] ticks=28684 bars_built=4 signals=0 traded=0 eval_errors=0
2026-05-18 04:20:01 | INFO     | ayumi.blend_launcher | [B5 Health] ticks=28695 tps=1.70 bars=4 signals=0 trades=0 balance=10000.00 uptime=29225s
2026-05-18 04:20:58 | INFO     | ayumi.forward_test | [B5 Periodic] ticks=28762 bars_built=4 signals=0 traded=0 eval_errors=0
2026-05-18 04:21:01 | INFO     | ayumi.blend_launcher | [B5 Health] ticks=28772 tps=2.39 bars=4 signals=0 trades=0 balance=10000.00 uptime=29285s
2026-05-18 04:21:58 | INFO     | ayumi.forward_test | [B5 Periodic] ticks=28836 bars_built=4 signals=0 traded=0 eval_errors=0
2026-05-18 04:22:01 | INFO     | ayumi.blend_launcher | [B5 Health] ticks=28839 tps=0.97 bars=4 signals=0 trades=0 balance=10000.00 uptime=29345s
2026-05-18 04:22:58 | INFO     | ayumi.forward_test | [B5 Periodic] ticks=28893 bars_built=4 signals=0 traded=0 eval_errors=0
2026-05-18 04:23:01 | INFO     | ayumi.blend_launcher | [B5 Health] ticks=28896 tps=1.10 bars=4 signals=0 trades=0 balance=10000.00 uptime=29405s
2026-05-18 04:23:58 | INFO     | ayumi.forward_test | [B5 Periodic] ticks=28944 bars_built=4 signals=0 traded=0 eval_errors=0
2026-05-18 04:24:01 | INFO     | ayumi.blend_launcher | [B5 Health] ticks=28948 tps=1.00 bars=4 signals=0 trades=0 balance=10000.00 uptime=29465s
2026-05-18 04:24:58 | INFO     | ayumi.forward_test | [B5 Periodic] ticks=28995 bars_built=4 signals=0 traded=0 eval_errors=0
2026-05-18 04:25:01 | INFO     | ayumi.blend_launcher | [B5 Health] ticks=29001 tps=1.16 bars=4 signals=0 trades=0 balance=10000.00 uptime=29525s
2026-05-18 04:25:58 | INFO     | ayumi.forward_test | [B5 Periodic] ticks=29076 bars_built=4 signals=0 traded=0 eval_errors=0
2026-05-18 04:26:01 | INFO     | ayumi.blend_launcher | [B5 Health] ticks=29083 tps=2.21 bars=4 signals=0 trades=0 balance=10000.00 uptime=29585s
2026-05-18 04:26:58 | INFO     | ayumi.forward_test | [B5 Periodic] ticks=29142 bars_built=4 signals=0 traded=0 eval_errors=0
2026-05-18 04:27:01 | INFO     | ayumi.blend_launcher | [B5 Health] ticks=29144 tps=1.46 bars=4 signals=0 trades=0 balance=10000.00 uptime=29645s
2026-05-18 04:27:58 | INFO     | ayumi.forward_test | [B5 Periodic] ticks=29213 bars_built=4 signals=0 traded=0 eval_errors=0
2026-05-18 04:28:01 | INFO     | ayumi.blend_launcher | [B5 Health] ticks=29215 tps=1.21 bars=4 signals=0 trades=0 balance=10000.00 uptime=29705s
2026-05-18 04:28:58 | INFO     | ayumi.forward_test | [B5 Periodic] ticks=29275 bars_built=4 signals=0 traded=0 eval_errors=0
2026-05-18 04:29:01 | INFO     | ayumi.blend_launcher | [B5 Health] ticks=29277 tps=0.93 bars=4 signals=0 trades=0 balance=10000.00 uptime=29765s
2026-05-18 04:29:58 | INFO     | ayumi.forward_test | [B5 Periodic] ticks=29326 bars_built=4 signals=0 traded=0 eval_errors=0
2026-05-18 04:30:01 | INFO     | ayumi.blend_launcher | [B5 Health] ticks=29329 tps=0.72 bars=4 signals=0 trades=0 balance=10000.00 uptime=29825s
2026-05-18 04:30:58 | INFO     | ayumi.forward_test | [B5 Periodic] ticks=29385 bars_built=4 signals=0 traded=0 eval_errors=0
2026-05-18 04:31:01 | INFO     | ayumi.blend_launcher | [B5 Health] ticks=29390 tps=1.90 bars=4 signals=0 trades=0 balance=10000.00 uptime=29885s
2026-05-18 04:31:58 | INFO     | ayumi.forward_test | [B5 Periodic] ticks=29442 bars_built=4 signals=0 traded=0 eval_errors=0
2026-05-18 04:32:01 | INFO     | ayumi.blend_launcher | [B5 Health] ticks=29444 tps=0.83 bars=4 signals=0 trades=0 balance=10000.00 uptime=29945s
2026-05-18 04:32:58 | INFO     | ayumi.forward_test | [B5 Periodic] ticks=29518 bars_built=4 signals=0 traded=0 eval_errors=0
2026-05-18 04:33:01 | INFO     | ayumi.blend_launcher | [B5 Health] ticks=29520 tps=1.78 bars=4 signals=0 trades=0 balance=10000.00 uptime=30005s
2026-05-18 04:33:58 | INFO     | ayumi.forward_test | [B5 Periodic] ticks=29569 bars_built=4 signals=0 traded=0 eval_errors=0
2026-05-18 04:34:01 | INFO     | ayumi.blend_launcher | [B5 Health] ticks=29578 tps=1.89 bars=4 signals=0 trades=0 balance=10000.00 uptime=30065s
2026-05-18 04:34:58 | INFO     | ayumi.forward_test | [B5 Periodic] ticks=29641 bars_built=4 signals=0 traded=0 eval_errors=0
2026-05-18 04:35:01 | INFO     | ayumi.blend_launcher | [B5 Health] ticks=29649 tps=2.36 bars=4 signals=0 trades=0 balance=10000.00 uptime=30125s
2026-05-18 04:35:58 | INFO     | ayumi.forward_test | [B5 Periodic] ticks=29704 bars_built=4 signals=0 traded=0 eval_errors=0
2026-05-18 04:36:01 | INFO     | ayumi.blend_launcher | [B5 Health] ticks=29710 tps=1.32 bars=4 signals=0 trades=0 balance=10000.00 uptime=30185s
2026-05-18 04:36:58 | INFO     | ayumi.forward_test | [B5 Periodic] ticks=29763 bars_built=4 signals=0 traded=0 eval_errors=0
2026-05-18 04:37:01 | INFO     | ayumi.blend_launcher | [B5 Health] ticks=29772 tps=2.25 bars=4 signals=0 trades=0 balance=10000.00 uptime=30245s
2026-05-18 04:37:58 | INFO     | ayumi.forward_test | [B5 Periodic] ticks=29836 bars_built=4 signals=0 traded=0 eval_errors=0
2026-05-18 04:38:01 | INFO     | ayumi.blend_launcher | [B5 Health] ticks=29842 tps=1.56 bars=4 signals=0 trades=0 balance=10000.00 uptime=30305s
2026-05-18 04:38:58 | INFO     | ayumi.forward_test | [B5 Periodic] ticks=29900 bars_built=4 signals=0 traded=0 eval_errors=0
2026-05-18 04:39:01 | INFO     | ayumi.blend_launcher | [B5 Health] ticks=29906 tps=1.57 bars=4 signals=0 trades=0 balance=10000.00 uptime=30365s
2026-05-18 04:39:58 | INFO     | ayumi.forward_test | [B5 Periodic] ticks=29952 bars_built=4 signals=0 traded=0 eval_errors=0
2026-05-18 04:40:01 | INFO     | ayumi.blend_launcher | [B5 Health] ticks=29956 tps=0.81 bars=4 signals=0 trades=0 balance=10000.00 uptime=30425s
2026-05-18 04:40:58 | INFO     | ayumi.forward_test | [B5 Periodic] ticks=29995 bars_built=4 signals=0 traded=0 eval_errors=0
2026-05-18 04:41:01 | INFO     | ayumi.blend_launcher | [B5 Health] ticks=30001 tps=1.01 bars=4 signals=0 trades=0 balance=10000.00 uptime=30485s
2026-05-18 04:41:58 | INFO     | ayumi.forward_test | [B5 Periodic] ticks=30061 bars_built=4 signals=0 traded=0 eval_errors=0
2026-05-18 04:42:01 | INFO     | ayumi.blend_launcher | [B5 Health] ticks=30062 tps=0.71 bars=4 signals=0 trades=0 balance=10000.00 uptime=30545s
2026-05-18 04:42:58 | INFO     | ayumi.forward_test | [B5 Periodic] ticks=30098 bars_built=4 signals=0 traded=0 eval_errors=0
2026-05-18 04:43:01 | INFO     | ayumi.blend_launcher | [B5 Health] ticks=30103 tps=1.08 bars=4 signals=0 trades=0 balance=10000.00 uptime=30605s
2026-05-18 04:43:58 | INFO     | ayumi.forward_test | [B5 Periodic] ticks=30151 bars_built=4 signals=0 traded=0 eval_errors=0
2026-05-18 04:44:01 | INFO     | ayumi.blend_launcher | [B5 Health] ticks=30156 tps=1.34 bars=4 signals=0 trades=0 balance=10000.00 uptime=30665s
2026-05-18 04:44:58 | INFO     | ayumi.forward_test | [B5 Periodic] ticks=30221 bars_built=4 signals=0 traded=0 eval_errors=0
2026-05-18 04:45:01 | INFO     | ayumi.blend_launcher | [B5 Health] ticks=30224 tps=0.43 bars=4 signals=0 trades=0 balance=10000.00 uptime=30725s
2026-05-18 04:45:58 | INFO     | ayumi.forward_test | [B5 Periodic] ticks=30262 bars_built=4 signals=0 traded=0 eval_errors=0
2026-05-18 04:46:02 | INFO     | ayumi.blend_launcher | [B5 Health] ticks=30268 tps=1.28 bars=4 signals=0 trades=0 balance=10000.00 uptime=30785s
2026-05-18 04:46:58 | INFO     | ayumi.forward_test | [B5 Periodic] ticks=30329 bars_built=4 signals=0 traded=0 eval_errors=0
2026-05-18 04:47:02 | INFO     | ayumi.blend_launcher | [B5 Health] ticks=30331 tps=1.44 bars=4 signals=0 trades=0 balance=10000.00 uptime=30845s
2026-05-18 04:47:58 | INFO     | ayumi.forward_test | [B5 Periodic] ticks=30383 bars_built=4 signals=0 traded=0 eval_errors=0
2026-05-18 04:48:02 | INFO     | ayumi.blend_launcher | [B5 Health] ticks=30383 tps=1.04 bars=4 signals=0 trades=0 balance=10000.00 uptime=30905s
2026-05-18 04:48:58 | INFO     | ayumi.forward_test | [B5 Periodic] ticks=30429 bars_built=4 signals=0 traded=0 eval_errors=0
2026-05-18 04:49:02 | INFO     | ayumi.blend_launcher | [B5 Health] ticks=30435 tps=1.17 bars=4 signals=0 trades=0 balance=10000.00 uptime=30965s
2026-05-18 04:49:58 | INFO     | ayumi.forward_test | [B5 Periodic] ticks=30474 bars_built=4 signals=0 traded=0 eval_errors=0
2026-05-18 04:50:02 | INFO     | ayumi.blend_launcher | [B5 Health] ticks=30477 tps=0.61 bars=4 signals=0 trades=0 balance=10000.00 uptime=31025s
2026-05-18 04:50:58 | INFO     | ayumi.forward_test | [B5 Periodic] ticks=30530 bars_built=4 signals=0 traded=0 eval_errors=0
2026-05-18 04:51:02 | INFO     | ayumi.blend_launcher | [B5 Health] ticks=30533 tps=1.27 bars=4 signals=0 trades=0 balance=10000.00 uptime=31085s
2026-05-18 04:51:58 | INFO     | ayumi.forward_test | [B5 Periodic] ticks=30583 bars_built=4 signals=0 traded=0 eval_errors=0
2026-05-18 04:52:02 | INFO     | ayumi.blend_launcher | [B5 Health] ticks=30589 tps=1.17 bars=4 signals=0 trades=0 balance=10000.00 uptime=31145s
2026-05-18 04:52:58 | INFO     | ayumi.forward_test | [B5 Periodic] ticks=30654 bars_built=4 signals=0 traded=0 eval_errors=0
2026-05-18 04:53:02 | INFO     | ayumi.blend_launcher | [B5 Health] ticks=30662 tps=1.54 bars=4 signals=0 trades=0 balance=10000.00 uptime=31205s
2026-05-18 04:53:58 | INFO     | ayumi.forward_test | [B5 Periodic] ticks=30711 bars_built=4 signals=0 traded=0 eval_errors=0
2026-05-18 04:54:02 | INFO     | ayumi.blend_launcher | [B5 Health] ticks=30718 tps=1.39 bars=4 signals=0 trades=0 balance=10000.00 uptime=31265s
2026-05-18 04:54:58 | INFO     | ayumi.forward_test | [B5 Periodic] ticks=30746 bars_built=4 signals=0 traded=0 eval_errors=0
2026-05-18 04:55:02 | INFO     | ayumi.blend_launcher | [B5 Health] ticks=30752 tps=2.00 bars=4 signals=0 trades=0 balance=10000.00 uptime=31325s
2026-05-18 04:55:58 | INFO     | ayumi.forward_test | [B5 Periodic] ticks=30835 bars_built=4 signals=0 traded=0 eval_errors=0
2026-05-18 04:56:02 | INFO     | ayumi.blend_launcher | [B5 Health] ticks=30841 tps=2.04 bars=4 signals=0 trades=0 balance=10000.00 uptime=31385s
2026-05-18 04:56:58 | INFO     | ayumi.forward_test | [B5 Periodic] ticks=30916 bars_built=4 signals=0 traded=0 eval_errors=0
2026-05-18 04:57:02 | INFO     | ayumi.blend_launcher | [B5 Health] ticks=30916 tps=1.03 bars=4 signals=0 trades=0 balance=10000.00 uptime=31445s
2026-05-18 04:57:58 | INFO     | ayumi.forward_test | [B5 Periodic] ticks=30967 bars_built=4 signals=0 traded=0 eval_errors=0
2026-05-18 04:58:02 | INFO     | ayumi.blend_launcher | [B5 Health] ticks=30971 tps=1.32 bars=4 signals=0 trades=0 balance=10000.00 uptime=31505s
2026-05-18 04:58:58 | INFO     | ayumi.forward_test | [B5 Periodic] ticks=31034 bars_built=4 signals=0 traded=0 eval_errors=0
2026-05-18 04:59:02 | INFO     | ayumi.blend_launcher | [B5 Health] ticks=31040 tps=1.27 bars=4 signals=0 trades=0 balance=10000.00 uptime=31565s
2026-05-18 04:59:58 | INFO     | ayumi.forward_test | [B5 Periodic] ticks=31090 bars_built=4 signals=0 traded=0 eval_errors=0
2026-05-18 05:00:02 | INFO     | ayumi.blend_launcher | [B5 Health] ticks=31094 tps=0.93 bars=4 signals=0 trades=0 balance=10000.00 uptime=31625s
2026-05-18 05:00:58 | INFO     | ayumi.forward_test | [B5 Periodic] ticks=31189 bars_built=4 signals=0 traded=0 eval_errors=0
2026-05-18 05:01:02 | INFO     | ayumi.blend_launcher | [B5 Health] ticks=31197 tps=1.59 bars=4 signals=0 trades=0 balance=10000.00 uptime=31685s
2026-05-18 05:01:58 | INFO     | ayumi.forward_test | [B5 Periodic] ticks=31265 bars_built=4 signals=0 traded=0 eval_errors=0
2026-05-18 05:02:02 | INFO     | ayumi.blend_launcher | [B5 Health] ticks=31275 tps=2.42 bars=4 signals=0 trades=0 balance=10000.00 uptime=31745s
2026-05-18 05:02:58 | INFO     | ayumi.forward_test | [B5 Periodic] ticks=31337 bars_built=4 signals=0 traded=0 eval_errors=0
2026-05-18 05:03:02 | INFO     | ayumi.blend_launcher | [B5 Health] ticks=31343 tps=1.31 bars=4 signals=0 trades=0 balance=10000.00 uptime=31805s
2026-05-18 05:03:58 | INFO     | ayumi.forward_test | [B5 Periodic] ticks=31422 bars_built=4 signals=0 traded=0 eval_errors=0
2026-05-18 05:04:02 | INFO     | ayumi.blend_launcher | [B5 Health] ticks=31429 tps=1.42 bars=4 signals=0 trades=0 balance=10000.00 uptime=31865s
2026-05-18 05:04:58 | INFO     | ayumi.forward_test | [B5 Periodic] ticks=31517 bars_built=4 signals=0 traded=0 eval_errors=0
2026-05-18 05:05:02 | INFO     | ayumi.blend_launcher | [B5 Health] ticks=31521 tps=1.45 bars=4 signals=0 trades=0 balance=10000.00 uptime=31925s
2026-05-18 05:05:58 | INFO     | ayumi.forward_test | [B5 Periodic] ticks=31610 bars_built=4 signals=0 traded=0 eval_errors=0
2026-05-18 05:06:02 | INFO     | ayumi.blend_launcher | [B5 Health] ticks=31618 tps=2.79 bars=4 signals=0 trades=0 balance=10000.00 uptime=31985s
2026-05-18 05:06:58 | INFO     | ayumi.forward_test | [B5 Periodic] ticks=31710 bars_built=4 signals=0 traded=0 eval_errors=0
2026-05-18 05:07:02 | INFO     | ayumi.blend_launcher | [B5 Health] ticks=31720 tps=3.03 bars=4 signals=0 trades=0 balance=10000.00 uptime=32045s
2026-05-18 05:07:58 | INFO     | ayumi.forward_test | [B5 Periodic] ticks=31790 bars_built=4 signals=0 traded=0 eval_errors=0
2026-05-18 05:08:02 | INFO     | ayumi.blend_launcher | [B5 Health] ticks=31793 tps=1.13 bars=4 signals=0 trades=0 balance=10000.00 uptime=32105s
2026-05-18 05:08:58 | INFO     | ayumi.forward_test | [B5 Periodic] ticks=31856 bars_built=4 signals=0 traded=0 eval_errors=0
2026-05-18 05:09:02 | INFO     | ayumi.blend_launcher | [B5 Health] ticks=31858 tps=1.04 bars=4 signals=0 trades=0 balance=10000.00 uptime=32165s
2026-05-18 05:09:58 | INFO     | ayumi.forward_test | [B5 Periodic] ticks=31924 bars_built=4 signals=0 traded=0 eval_errors=0
2026-05-18 05:10:02 | INFO     | ayumi.blend_launcher | [B5 Health] ticks=31926 tps=1.04 bars=4 signals=0 trades=0 balance=10000.00 uptime=32225s
2026-05-18 05:10:58 | INFO     | ayumi.forward_test | [B5 Periodic] ticks=31999 bars_built=4 signals=0 traded=0 eval_errors=0
2026-05-18 05:11:02 | INFO     | ayumi.blend_launcher | [B5 Health] ticks=32004 tps=1.64 bars=4 signals=0 trades=0 balance=10000.00 uptime=32285s
2026-05-18 05:11:58 | INFO     | ayumi.forward_test | [B5 Periodic] ticks=32080 bars_built=4 signals=0 traded=0 eval_errors=0
2026-05-18 05:12:02 | INFO     | ayumi.blend_launcher | [B5 Health] ticks=32081 tps=1.22 bars=4 signals=0 trades=0 balance=10000.00 uptime=32345s
2026-05-18 05:12:58 | INFO     | ayumi.forward_test | [B5 Periodic] ticks=32138 bars_built=4 signals=0 traded=0 eval_errors=0
2026-05-18 05:13:02 | INFO     | ayumi.blend_launcher | [B5 Health] ticks=32142 tps=0.84 bars=4 signals=0 trades=0 balance=10000.00 uptime=32405s
2026-05-18 05:13:58 | INFO     | ayumi.forward_test | [B5 Periodic] ticks=32207 bars_built=4 signals=0 traded=0 eval_errors=0
2026-05-18 05:14:02 | INFO     | ayumi.blend_launcher | [B5 Health] ticks=32211 tps=1.64 bars=4 signals=0 trades=0 balance=10000.00 uptime=32465s
2026-05-18 05:14:58 | INFO     | ayumi.forward_test | [B5 Periodic] ticks=32256 bars_built=4 signals=0 traded=0 eval_errors=0
2026-05-18 05:15:02 | INFO     | ayumi.blend_launcher | [B5 Health] ticks=32261 tps=1.00 bars=4 signals=0 trades=0 balance=10000.00 uptime=32525s
2026-05-18 05:15:58 | INFO     | ayumi.forward_test | [B5 Periodic] ticks=32345 bars_built=4 signals=0 traded=0 eval_errors=0
2026-05-18 05:16:02 | INFO     | ayumi.blend_launcher | [B5 Health] ticks=32356 tps=2.76 bars=4 signals=0 trades=0 balance=10000.00 uptime=32585s
2026-05-18 05:16:58 | INFO     | ayumi.forward_test | [B5 Periodic] ticks=32424 bars_built=4 signals=0 traded=0 eval_errors=0
2026-05-18 05:17:02 | INFO     | ayumi.blend_launcher | [B5 Health] ticks=32430 tps=1.32 bars=4 signals=0 trades=0 balance=10000.00 uptime=32645s
2026-05-18 05:17:58 | INFO     | ayumi.forward_test | [B5 Periodic] ticks=32492 bars_built=4 signals=0 traded=0 eval_errors=0
2026-05-18 05:18:02 | INFO     | ayumi.blend_launcher | [B5 Health] ticks=32494 tps=0.71 bars=4 signals=0 trades=0 balance=10000.00 uptime=32705s
2026-05-18 05:18:58 | INFO     | ayumi.forward_test | [B5 Periodic] ticks=32566 bars_built=4 signals=0 traded=0 eval_errors=0
2026-05-18 05:19:02 | INFO     | ayumi.blend_launcher | [B5 Health] ticks=32574 tps=1.77 bars=4 signals=0 trades=0 balance=10000.00 uptime=32765s
2026-05-18 05:19:58 | INFO     | ayumi.forward_test | [B5 Periodic] ticks=32645 bars_built=4 signals=0 traded=0 eval_errors=0
2026-05-18 05:20:02 | INFO     | ayumi.blend_launcher | [B5 Health] ticks=32652 tps=1.81 bars=4 signals=0 trades=0 balance=10000.00 uptime=32825s
2026-05-18 05:20:58 | INFO     | ayumi.forward_test | [B5 Periodic] ticks=32711 bars_built=4 signals=0 traded=0 eval_errors=0
2026-05-18 05:21:02 | INFO     | ayumi.blend_launcher | [B5 Health] ticks=32719 tps=1.61 bars=4 signals=0 trades=0 balance=10000.00 uptime=32885s
2026-05-18 05:21:58 | INFO     | ayumi.forward_test | [B5 Periodic] ticks=32788 bars_built=4 signals=0 traded=0 eval_errors=0
2026-05-18 05:22:02 | INFO     | ayumi.blend_launcher | [B5 Health] ticks=32795 tps=1.90 bars=4 signals=0 trades=0 balance=10000.00 uptime=32945s
2026-05-18 05:22:58 | INFO     | ayumi.forward_test | [B5 Periodic] ticks=32882 bars_built=4 signals=0 traded=0 eval_errors=0
2026-05-18 05:23:02 | INFO     | ayumi.blend_launcher | [B5 Health] ticks=32891 tps=1.61 bars=4 signals=0 trades=0 balance=10000.00 uptime=33005s
2026-05-18 05:23:58 | INFO     | ayumi.forward_test | [B5 Periodic] ticks=32964 bars_built=4 signals=0 traded=0 eval_errors=0
2026-05-18 05:24:02 | INFO     | ayumi.blend_launcher | [B5 Health] ticks=32968 tps=0.84 bars=4 signals=0 trades=0 balance=10000.00 uptime=33065s
2026-05-18 05:24:58 | INFO     | ayumi.forward_test | [B5 Periodic] ticks=33043 bars_built=4 signals=0 traded=0 eval_errors=0
2026-05-18 05:25:02 | INFO     | ayumi.blend_launcher | [B5 Health] ticks=33047 tps=1.56 bars=4 signals=0 trades=0 balance=10000.00 uptime=33125s
2026-05-18 05:25:58 | INFO     | ayumi.forward_test | [B5 Periodic] ticks=33124 bars_built=4 signals=0 traded=0 eval_errors=0
2026-05-18 05:26:02 | INFO     | ayumi.blend_launcher | [B5 Health] ticks=33134 tps=2.21 bars=4 signals=0 trades=0 balance=10000.00 uptime=33185s
2026-05-18 05:26:58 | INFO     | ayumi.forward_test | [B5 Periodic] ticks=33220 bars_built=4 signals=0 traded=0 eval_errors=0
2026-05-18 05:27:02 | INFO     | ayumi.blend_launcher | [B5 Health] ticks=33225 tps=1.60 bars=4 signals=0 trades=0 balance=10000.00 uptime=33245s
2026-05-18 05:27:58 | INFO     | ayumi.forward_test | [B5 Periodic] ticks=33290 bars_built=4 signals=0 traded=0 eval_errors=0
2026-05-18 05:28:02 | INFO     | ayumi.blend_launcher | [B5 Health] ticks=33297 tps=1.32 bars=4 signals=0 trades=0 balance=10000.00 uptime=33305s
2026-05-18 05:28:58 | INFO     | ayumi.forward_test | [B5 Periodic] ticks=33383 bars_built=4 signals=0 traded=0 eval_errors=0
2026-05-18 05:29:02 | INFO     | ayumi.blend_launcher | [B5 Health] ticks=33389 tps=1.65 bars=4 signals=0 trades=0 balance=10000.00 uptime=33365s
2026-05-18 05:29:58 | INFO     | ayumi.forward_test | [B5 Periodic] ticks=33456 bars_built=4 signals=0 traded=0 eval_errors=0
2026-05-18 05:30:02 | INFO     | ayumi.blend_launcher | [B5 Health] ticks=33469 tps=2.14 bars=4 signals=0 trades=0 balance=10000.00 uptime=33425s
2026-05-18 05:30:58 | INFO     | ayumi.forward_test | [B5 Periodic] ticks=33541 bars_built=4 signals=0 traded=0 eval_errors=0
2026-05-18 05:31:02 | INFO     | ayumi.blend_launcher | [B5 Health] ticks=33552 tps=1.82 bars=4 signals=0 trades=0 balance=10000.00 uptime=33485s
2026-05-18 05:31:58 | INFO     | ayumi.forward_test | [B5 Periodic] ticks=33643 bars_built=4 signals=0 traded=0 eval_errors=0
2026-05-18 05:32:02 | INFO     | ayumi.blend_launcher | [B5 Health] ticks=33652 tps=1.77 bars=4 signals=0 trades=0 balance=10000.00 uptime=33545s
2026-05-18 05:32:58 | INFO     | ayumi.forward_test | [B5 Periodic] ticks=33718 bars_built=4 signals=0 traded=0 eval_errors=0
2026-05-18 05:33:02 | INFO     | ayumi.blend_launcher | [B5 Health] ticks=33728 tps=2.01 bars=4 signals=0 trades=0 balance=10000.00 uptime=33605s
2026-05-18 05:33:58 | INFO     | ayumi.forward_test | [B5 Periodic] ticks=33787 bars_built=4 signals=0 traded=0 eval_errors=0
2026-05-18 05:34:02 | INFO     | ayumi.blend_launcher | [B5 Health] ticks=33791 tps=1.39 bars=4 signals=0 trades=0 balance=10000.00 uptime=33665s
2026-05-18 05:34:58 | INFO     | ayumi.forward_test | [B5 Periodic] ticks=33877 bars_built=4 signals=0 traded=0 eval_errors=0
2026-05-18 05:35:02 | INFO     | ayumi.blend_launcher | [B5 Health] ticks=33881 tps=1.79 bars=4 signals=0 trades=0 balance=10000.00 uptime=33726s
2026-05-18 05:35:58 | INFO     | ayumi.forward_test | [B5 Periodic] ticks=33977 bars_built=4 signals=0 traded=0 eval_errors=0
2026-05-18 05:36:02 | INFO     | ayumi.blend_launcher | [B5 Health] ticks=33986 tps=2.18 bars=4 signals=0 trades=0 balance=10000.00 uptime=33786s
2026-05-18 05:36:58 | INFO     | ayumi.forward_test | [B5 Periodic] ticks=34064 bars_built=4 signals=0 traded=0 eval_errors=0
2026-05-18 05:37:02 | INFO     | ayumi.blend_launcher | [B5 Health] ticks=34075 tps=2.39 bars=4 signals=0 trades=0 balance=10000.00 uptime=33846s
2026-05-18 05:37:58 | INFO     | ayumi.forward_test | [B5 Periodic] ticks=34176 bars_built=4 signals=0 traded=0 eval_errors=0
2026-05-18 05:38:02 | INFO     | ayumi.blend_launcher | [B5 Health] ticks=34180 tps=1.21 bars=4 signals=0 trades=0 balance=10000.00 uptime=33906s
2026-05-18 05:38:58 | INFO     | ayumi.forward_test | [B5 Periodic] ticks=34271 bars_built=4 signals=0 traded=0 eval_errors=0
2026-05-18 05:39:02 | INFO     | ayumi.blend_launcher | [B5 Health] ticks=34280 tps=1.47 bars=4 signals=0 trades=0 balance=10000.00 uptime=33966s
2026-05-18 05:39:58 | INFO     | ayumi.forward_test | [B5 Periodic] ticks=34386 bars_built=4 signals=0 traded=0 eval_errors=0
2026-05-18 05:40:02 | INFO     | ayumi.blend_launcher | [B5 Health] ticks=34393 tps=2.00 bars=4 signals=0 trades=0 balance=10000.00 uptime=34026s
2026-05-18 05:40:58 | INFO     | ayumi.forward_test | [B5 Periodic] ticks=34463 bars_built=4 signals=0 traded=0 eval_errors=0
2026-05-18 05:41:02 | INFO     | ayumi.blend_launcher | [B5 Health] ticks=34469 tps=1.62 bars=4 signals=0 trades=0 balance=10000.00 uptime=34086s
2026-05-18 05:41:58 | INFO     | ayumi.forward_test | [B5 Periodic] ticks=34563 bars_built=4 signals=0 traded=0 eval_errors=0
2026-05-18 05:42:02 | INFO     | ayumi.blend_launcher | [B5 Health] ticks=34569 tps=1.88 bars=4 signals=0 trades=0 balance=10000.00 uptime=34146s
2026-05-18 05:42:58 | INFO     | ayumi.forward_test | [B5 Periodic] ticks=34643 bars_built=4 signals=0 traded=0 eval_errors=0
2026-05-18 05:43:02 | INFO     | ayumi.blend_launcher | [B5 Health] ticks=34653 tps=1.30 bars=4 signals=0 trades=0 balance=10000.00 uptime=34206s
2026-05-18 05:43:58 | INFO     | ayumi.forward_test | [B5 Periodic] ticks=34715 bars_built=4 signals=0 traded=0 eval_errors=0
2026-05-18 05:44:02 | INFO     | ayumi.blend_launcher | [B5 Health] ticks=34718 tps=1.21 bars=4 signals=0 trades=0 balance=10000.00 uptime=34266s
2026-05-18 05:44:58 | INFO     | ayumi.forward_test | [B5 Periodic] ticks=34776 bars_built=4 signals=0 traded=0 eval_errors=0
2026-05-18 05:45:02 | INFO     | ayumi.blend_launcher | [B5 Health] ticks=34777 tps=0.94 bars=4 signals=0 trades=0 balance=10000.00 uptime=34326s
2026-05-18 05:45:58 | INFO     | ayumi.forward_test | [B5 Periodic] ticks=34853 bars_built=4 signals=0 traded=0 eval_errors=0
2026-05-18 05:46:02 | INFO     | ayumi.blend_launcher | [B5 Health] ticks=34863 tps=2.53 bars=4 signals=0 trades=0 balance=10000.00 uptime=34386s
2026-05-18 05:46:58 | INFO     | ayumi.forward_test | [B5 Periodic] ticks=34943 bars_built=4 signals=0 traded=0 eval_errors=0
2026-05-18 05:47:02 | INFO     | ayumi.blend_launcher | [B5 Health] ticks=34955 tps=1.92 bars=4 signals=0 trades=0 balance=10000.00 uptime=34446s
2026-05-18 05:47:58 | INFO     | ayumi.forward_test | [B5 Periodic] ticks=35065 bars_built=4 signals=0 traded=0 eval_errors=0
2026-05-18 05:48:02 | INFO     | ayumi.blend_launcher | [B5 Health] ticks=35076 tps=2.12 bars=4 signals=0 trades=0 balance=10000.00 uptime=34506s
2026-05-18 05:48:58 | INFO     | ayumi.forward_test | [B5 Periodic] ticks=35149 bars_built=4 signals=0 traded=0 eval_errors=0
2026-05-18 05:49:02 | INFO     | ayumi.blend_launcher | [B5 Health] ticks=35156 tps=1.20 bars=4 signals=0 trades=0 balance=10000.00 uptime=34566s
2026-05-18 05:49:58 | INFO     | ayumi.forward_test | [B5 Periodic] ticks=35231 bars_built=4 signals=0 traded=0 eval_errors=0
2026-05-18 05:50:02 | INFO     | ayumi.blend_launcher | [B5 Health] ticks=35233 tps=1.31 bars=4 signals=0 trades=0 balance=10000.00 uptime=34626s
2026-05-18 05:50:58 | INFO     | ayumi.forward_test | [B5 Periodic] ticks=35304 bars_built=4 signals=0 traded=0 eval_errors=0
2026-05-18 05:51:02 | INFO     | ayumi.blend_launcher | [B5 Health] ticks=35309 tps=1.35 bars=4 signals=0 trades=0 balance=10000.00 uptime=34686s
2026-05-18 05:51:58 | INFO     | ayumi.forward_test | [B5 Periodic] ticks=35402 bars_built=4 signals=0 traded=0 eval_errors=0
2026-05-18 05:52:02 | INFO     | ayumi.blend_launcher | [B5 Health] ticks=35412 tps=1.73 bars=4 signals=0 trades=0 balance=10000.00 uptime=34746s
2026-05-18 05:52:58 | INFO     | ayumi.forward_test | [B5 Periodic] ticks=35461 bars_built=4 signals=0 traded=0 eval_errors=0
2026-05-18 05:53:02 | INFO     | ayumi.blend_launcher | [B5 Health] ticks=35471 tps=1.81 bars=4 signals=0 trades=0 balance=10000.00 uptime=34806s
2026-05-18 05:53:58 | INFO     | ayumi.forward_test | [B5 Periodic] ticks=35551 bars_built=4 signals=0 traded=0 eval_errors=0
2026-05-18 05:54:02 | INFO     | ayumi.blend_launcher | [B5 Health] ticks=35558 tps=1.01 bars=4 signals=0 trades=0 balance=10000.00 uptime=34866s
2026-05-18 05:54:58 | INFO     | ayumi.forward_test | [B5 Periodic] ticks=35597 bars_built=4 signals=0 traded=0 eval_errors=0
2026-05-18 05:55:02 | INFO     | ayumi.blend_launcher | [B5 Health] ticks=35601 tps=0.90 bars=4 signals=0 trades=0 balance=10000.00 uptime=34926s
2026-05-18 05:55:58 | INFO     | ayumi.forward_test | [B5 Periodic] ticks=35648 bars_built=4 signals=0 traded=0 eval_errors=0
2026-05-18 05:56:02 | INFO     | ayumi.blend_launcher | [B5 Health] ticks=35650 tps=1.14 bars=4 signals=0 trades=0 balance=10000.00 uptime=34986s
2026-05-18 05:56:58 | INFO     | ayumi.forward_test | [B5 Periodic] ticks=35725 bars_built=4 signals=0 traded=0 eval_errors=0
2026-05-18 05:57:02 | INFO     | ayumi.blend_launcher | [B5 Health] ticks=35730 tps=1.63 bars=4 signals=0 trades=0 balance=10000.00 uptime=35046s
2026-05-18 05:57:58 | INFO     | ayumi.forward_test | [B5 Periodic] ticks=35804 bars_built=4 signals=0 traded=0 eval_errors=0
2026-05-18 05:58:02 | INFO     | ayumi.blend_launcher | [B5 Health] ticks=35810 tps=1.28 bars=4 signals=0 trades=0 balance=10000.00 uptime=35106s
2026-05-18 05:58:58 | INFO     | ayumi.forward_test | [B5 Periodic] ticks=35901 bars_built=4 signals=0 traded=0 eval_errors=0
2026-05-18 05:59:02 | INFO     | ayumi.blend_launcher | [B5 Health] ticks=35907 tps=1.31 bars=4 signals=0 trades=0 balance=10000.00 uptime=35166s
2026-05-18 05:59:58 | INFO     | ayumi.forward_test | [B5 Periodic] ticks=35967 bars_built=4 signals=0 traded=0 eval_errors=0
2026-05-18 06:00:02 | INFO     | ayumi.blend_launcher | [B5 Health] ticks=35986 tps=2.87 bars=4 signals=0 trades=0 balance=10000.00 uptime=35226s
2026-05-18 06:00:58 | INFO     | ayumi.forward_test | [B5 Periodic] ticks=36137 bars_built=4 signals=0 traded=0 eval_errors=0
2026-05-18 06:01:02 | INFO     | ayumi.blend_launcher | [B5 Health] ticks=36147 tps=2.00 bars=4 signals=0 trades=0 balance=10000.00 uptime=35286s
2026-05-18 06:01:58 | INFO     | ayumi.forward_test | [B5 Periodic] ticks=36249 bars_built=4 signals=0 traded=0 eval_errors=0
2026-05-18 06:02:02 | INFO     | ayumi.blend_launcher | [B5 Health] ticks=36260 tps=2.72 bars=4 signals=0 trades=0 balance=10000.00 uptime=35346s
2026-05-18 06:02:58 | INFO     | ayumi.forward_test | [B5 Periodic] ticks=36393 bars_built=4 signals=0 traded=0 eval_errors=0
2026-05-18 06:03:02 | INFO     | ayumi.blend_launcher | [B5 Health] ticks=36406 tps=2.82 bars=4 signals=0 trades=0 balance=10000.00 uptime=35406s
2026-05-18 06:03:58 | INFO     | ayumi.forward_test | [B5 Periodic] ticks=36531 bars_built=4 signals=0 traded=0 eval_errors=0
2026-05-18 06:04:02 | INFO     | ayumi.blend_launcher | [B5 Health] ticks=36540 tps=1.91 bars=4 signals=0 trades=0 balance=10000.00 uptime=35466s
2026-05-18 06:04:58 | INFO     | ayumi.forward_test | [B5 Periodic] ticks=36635 bars_built=4 signals=0 traded=0 eval_errors=0
2026-05-18 06:05:02 | INFO     | ayumi.blend_launcher | [B5 Health] ticks=36646 tps=1.92 bars=4 signals=0 trades=0 balance=10000.00 uptime=35526s
2026-05-18 06:05:58 | INFO     | ayumi.forward_test | [B5 Periodic] ticks=36778 bars_built=4 signals=0 traded=0 eval_errors=0
2026-05-18 06:06:02 | INFO     | ayumi.blend_launcher | [B5 Health] ticks=36788 tps=2.34 bars=4 signals=0 trades=0 balance=10000.00 uptime=35586s
2026-05-18 06:06:58 | INFO     | ayumi.forward_test | [B5 Periodic] ticks=36915 bars_built=4 signals=0 traded=0 eval_errors=0
2026-05-18 06:07:02 | INFO     | ayumi.blend_launcher | [B5 Health] ticks=36925 tps=2.35 bars=4 signals=0 trades=0 balance=10000.00 uptime=35646s
2026-05-18 06:07:58 | INFO     | ayumi.forward_test | [B5 Periodic] ticks=37014 bars_built=4 signals=0 traded=0 eval_errors=0
2026-05-18 06:08:02 | INFO     | ayumi.blend_launcher | [B5 Health] ticks=37028 tps=2.55 bars=4 signals=0 trades=0 balance=10000.00 uptime=35706s
2026-05-18 06:08:58 | INFO     | ayumi.forward_test | [B5 Periodic] ticks=37140 bars_built=4 signals=0 traded=0 eval_errors=0
2026-05-18 06:09:02 | INFO     | ayumi.blend_launcher | [B5 Health] ticks=37150 tps=2.27 bars=4 signals=0 trades=0 balance=10000.00 uptime=35766s
2026-05-18 06:09:58 | INFO     | ayumi.forward_test | [B5 Periodic] ticks=37234 bars_built=4 signals=0 traded=0 eval_errors=0
2026-05-18 06:10:02 | INFO     | ayumi.blend_launcher | [B5 Health] ticks=37245 tps=2.50 bars=4 signals=0 trades=0 balance=10000.00 uptime=35826s
2026-05-18 06:10:58 | INFO     | ayumi.forward_test | [B5 Periodic] ticks=37363 bars_built=4 signals=0 traded=0 eval_errors=0
2026-05-18 06:11:02 | INFO     | ayumi.blend_launcher | [B5 Health] ticks=37372 tps=2.40 bars=4 signals=0 trades=0 balance=10000.00 uptime=35886s
2026-05-18 06:11:58 | INFO     | ayumi.forward_test | [B5 Periodic] ticks=37516 bars_built=4 signals=0 traded=0 eval_errors=0
2026-05-18 06:12:02 | INFO     | ayumi.blend_launcher | [B5 Health] ticks=37526 tps=3.00 bars=4 signals=0 trades=0 balance=10000.00 uptime=35946s
2026-05-18 06:12:58 | INFO     | ayumi.forward_test | [B5 Periodic] ticks=37609 bars_built=4 signals=0 traded=0 eval_errors=0
2026-05-18 06:13:02 | INFO     | ayumi.blend_launcher | [B5 Health] ticks=37624 tps=2.16 bars=4 signals=0 trades=0 balance=10000.00 uptime=36006s
2026-05-18 06:13:58 | INFO     | ayumi.forward_test | [B5 Periodic] ticks=37714 bars_built=4 signals=0 traded=0 eval_errors=0
2026-05-18 06:14:02 | INFO     | ayumi.blend_launcher | [B5 Health] ticks=37724 tps=2.02 bars=4 signals=0 trades=0 balance=10000.00 uptime=36066s
2026-05-18 06:14:58 | INFO     | ayumi.forward_test | [B5 Periodic] ticks=37838 bars_built=4 signals=0 traded=0 eval_errors=0
2026-05-18 06:15:02 | INFO     | ayumi.blend_launcher | [B5 Health] ticks=37842 tps=1.65 bars=4 signals=0 trades=0 balance=10000.00 uptime=36126s
2026-05-18 06:15:58 | INFO     | ayumi.forward_test | [B5 Periodic] ticks=37959 bars_built=4 signals=0 traded=0 eval_errors=0
2026-05-18 06:16:03 | INFO     | ayumi.blend_launcher | [B5 Health] ticks=37969 tps=2.27 bars=4 signals=0 trades=0 balance=10000.00 uptime=36186s
2026-05-18 06:16:58 | INFO     | ayumi.forward_test | [B5 Periodic] ticks=38132 bars_built=4 signals=0 traded=0 eval_errors=0
2026-05-18 06:17:03 | INFO     | ayumi.blend_launcher | [B5 Health] ticks=38145 tps=2.28 bars=4 signals=0 trades=0 balance=10000.00 uptime=36246s
2026-05-18 06:17:58 | INFO     | ayumi.forward_test | [B5 Periodic] ticks=38228 bars_built=4 signals=0 traded=0 eval_errors=0
2026-05-18 06:18:03 | INFO     | ayumi.blend_launcher | [B5 Health] ticks=38242 tps=2.32 bars=4 signals=0 trades=0 balance=10000.00 uptime=36306s
2026-05-18 06:18:58 | INFO     | ayumi.forward_test | [B5 Periodic] ticks=38311 bars_built=4 signals=0 traded=0 eval_errors=0
2026-05-18 06:19:03 | INFO     | ayumi.blend_launcher | [B5 Health] ticks=38320 tps=1.59 bars=4 signals=0 trades=0 balance=10000.00 uptime=36366s
2026-05-18 06:19:58 | INFO     | ayumi.forward_test | [B5 Periodic] ticks=38427 bars_built=4 signals=0 traded=0 eval_errors=0
2026-05-18 06:20:03 | INFO     | ayumi.blend_launcher | [B5 Health] ticks=38435 tps=2.45 bars=4 signals=0 trades=0 balance=10000.00 uptime=36426s
2026-05-18 06:20:58 | INFO     | ayumi.forward_test | [B5 Periodic] ticks=38548 bars_built=4 signals=0 traded=0 eval_errors=0
2026-05-18 06:21:03 | INFO     | ayumi.blend_launcher | [B5 Health] ticks=38563 tps=2.65 bars=4 signals=0 trades=0 balance=10000.00 uptime=36486s
2026-05-18 06:21:58 | INFO     | ayumi.forward_test | [B5 Periodic] ticks=38666 bars_built=4 signals=0 traded=0 eval_errors=0
2026-05-18 06:22:03 | INFO     | ayumi.blend_launcher | [B5 Health] ticks=38671 tps=2.13 bars=4 signals=0 trades=0 balance=10000.00 uptime=36546s
2026-05-18 06:22:58 | INFO     | ayumi.forward_test | [B5 Periodic] ticks=38754 bars_built=4 signals=0 traded=0 eval_errors=0
2026-05-18 06:23:03 | INFO     | ayumi.blend_launcher | [B5 Health] ticks=38763 tps=2.27 bars=4 signals=0 trades=0 balance=10000.00 uptime=36606s
2026-05-18 06:23:58 | INFO     | ayumi.forward_test | [B5 Periodic] ticks=38874 bars_built=4 signals=0 traded=0 eval_errors=0
2026-05-18 06:24:03 | INFO     | ayumi.blend_launcher | [B5 Health] ticks=38889 tps=3.36 bars=4 signals=0 trades=0 balance=10000.00 uptime=36666s
2026-05-18 06:24:58 | INFO     | ayumi.forward_test | [B5 Periodic] ticks=38981 bars_built=4 signals=0 traded=0 eval_errors=0
2026-05-18 06:25:03 | INFO     | ayumi.blend_launcher | [B5 Health] ticks=38992 tps=2.16 bars=4 signals=0 trades=0 balance=10000.00 uptime=36726s
2026-05-18 06:25:58 | INFO     | ayumi.forward_test | [B5 Periodic] ticks=39117 bars_built=4 signals=0 traded=0 eval_errors=0
2026-05-18 06:26:03 | INFO     | ayumi.blend_launcher | [B5 Health] ticks=39132 tps=3.53 bars=4 signals=0 trades=0 balance=10000.00 uptime=36786s
2026-05-18 06:26:58 | INFO     | ayumi.forward_test | [B5 Periodic] ticks=39207 bars_built=4 signals=0 traded=0 eval_errors=0
2026-05-18 06:27:03 | INFO     | ayumi.blend_launcher | [B5 Health] ticks=39216 tps=2.00 bars=4 signals=0 trades=0 balance=10000.00 uptime=36846s
2026-05-18 06:27:58 | INFO     | ayumi.forward_test | [B5 Periodic] ticks=39309 bars_built=4 signals=0 traded=0 eval_errors=0
2026-05-18 06:28:03 | INFO     | ayumi.blend_launcher | [B5 Health] ticks=39322 tps=2.09 bars=4 signals=0 trades=0 balance=10000.00 uptime=36906s
2026-05-18 06:28:58 | INFO     | ayumi.forward_test | [B5 Periodic] ticks=39428 bars_built=4 signals=0 traded=0 eval_errors=0
2026-05-18 06:29:03 | INFO     | ayumi.blend_launcher | [B5 Health] ticks=39444 tps=2.71 bars=4 signals=0 trades=0 balance=10000.00 uptime=36966s
2026-05-18 06:29:58 | INFO     | ayumi.forward_test | [B5 Periodic] ticks=39530 bars_built=4 signals=0 traded=0 eval_errors=0
2026-05-18 06:30:03 | INFO     | ayumi.blend_launcher | [B5 Health] ticks=39549 tps=3.31 bars=4 signals=0 trades=0 balance=10000.00 uptime=37026s
2026-05-18 06:30:58 | INFO     | ayumi.forward_test | [B5 Periodic] ticks=39666 bars_built=4 signals=0 traded=0 eval_errors=0
2026-05-18 06:31:03 | INFO     | ayumi.blend_launcher | [B5 Health] ticks=39680 tps=2.96 bars=4 signals=0 trades=0 balance=10000.00 uptime=37086s
2026-05-18 06:31:58 | INFO     | ayumi.forward_test | [B5 Periodic] ticks=39776 bars_built=4 signals=0 traded=0 eval_errors=0
2026-05-18 06:32:03 | INFO     | ayumi.blend_launcher | [B5 Health] ticks=39790 tps=2.59 bars=4 signals=0 trades=0 balance=10000.00 uptime=37146s
2026-05-18 06:32:58 | INFO     | ayumi.forward_test | [B5 Periodic] ticks=39924 bars_built=4 signals=0 traded=0 eval_errors=0
2026-05-18 06:33:03 | INFO     | ayumi.blend_launcher | [B5 Health] ticks=39934 tps=1.74 bars=4 signals=0 trades=0 balance=10000.00 uptime=37206s
2026-05-18 06:33:58 | INFO     | ayumi.forward_test | [B5 Periodic] ticks=40060 bars_built=4 signals=0 traded=0 eval_errors=0
2026-05-18 06:34:03 | INFO     | ayumi.blend_launcher | [B5 Health] ticks=40068 tps=2.10 bars=4 signals=0 trades=0 balance=10000.00 uptime=37266s
2026-05-18 06:34:58 | INFO     | ayumi.forward_test | [B5 Periodic] ticks=40163 bars_built=4 signals=0 traded=0 eval_errors=0
2026-05-18 06:35:03 | INFO     | ayumi.blend_launcher | [B5 Health] ticks=40170 tps=1.72 bars=4 signals=0 trades=0 balance=10000.00 uptime=37326s
2026-05-18 06:35:58 | INFO     | ayumi.forward_test | [B5 Periodic] ticks=40255 bars_built=4 signals=0 traded=0 eval_errors=0
2026-05-18 06:36:03 | INFO     | ayumi.blend_launcher | [B5 Health] ticks=40270 tps=2.94 bars=4 signals=0 trades=0 balance=10000.00 uptime=37386s
2026-05-18 06:36:58 | INFO     | ayumi.forward_test | [B5 Periodic] ticks=40359 bars_built=4 signals=0 traded=0 eval_errors=0
2026-05-18 06:37:03 | INFO     | ayumi.blend_launcher | [B5 Health] ticks=40367 tps=1.31 bars=4 signals=0 trades=0 balance=10000.00 uptime=37446s
2026-05-18 06:37:58 | INFO     | ayumi.forward_test | [B5 Periodic] ticks=40470 bars_built=4 signals=0 traded=0 eval_errors=0
2026-05-18 06:38:03 | INFO     | ayumi.blend_launcher | [B5 Health] ticks=40478 tps=2.55 bars=4 signals=0 trades=0 balance=10000.00 uptime=37506s
2026-05-18 06:38:58 | INFO     | ayumi.forward_test | [B5 Periodic] ticks=40559 bars_built=4 signals=0 traded=0 eval_errors=0
2026-05-18 06:39:03 | INFO     | ayumi.blend_launcher | [B5 Health] ticks=40566 tps=1.50 bars=4 signals=0 trades=0 balance=10000.00 uptime=37566s
2026-05-18 06:39:58 | INFO     | ayumi.forward_test | [B5 Periodic] ticks=40669 bars_built=4 signals=0 traded=0 eval_errors=0
2026-05-18 06:40:03 | INFO     | ayumi.blend_launcher | [B5 Health] ticks=40678 tps=1.97 bars=4 signals=0 trades=0 balance=10000.00 uptime=37626s
2026-05-18 06:40:58 | INFO     | ayumi.forward_test | [B5 Periodic] ticks=40765 bars_built=4 signals=0 traded=0 eval_errors=0
2026-05-18 06:41:03 | INFO     | ayumi.blend_launcher | [B5 Health] ticks=40773 tps=2.04 bars=4 signals=0 trades=0 balance=10000.00 uptime=37686s
2026-05-18 06:41:58 | INFO     | ayumi.forward_test | [B5 Periodic] ticks=40855 bars_built=4 signals=0 traded=0 eval_errors=0
2026-05-18 06:42:03 | INFO     | ayumi.blend_launcher | [B5 Health] ticks=40861 tps=0.78 bars=4 signals=0 trades=0 balance=10000.00 uptime=37746s
2026-05-18 06:42:58 | INFO     | ayumi.forward_test | [B5 Periodic] ticks=40951 bars_built=4 signals=0 traded=0 eval_errors=0
2026-05-18 06:43:03 | INFO     | ayumi.blend_launcher | [B5 Health] ticks=40959 tps=2.30 bars=4 signals=0 trades=0 balance=10000.00 uptime=37806s
2026-05-18 06:43:58 | INFO     | ayumi.forward_test | [B5 Periodic] ticks=41057 bars_built=4 signals=0 traded=0 eval_errors=0
2026-05-18 06:44:03 | INFO     | ayumi.blend_launcher | [B5 Health] ticks=41066 tps=2.40 bars=4 signals=0 trades=0 balance=10000.00 uptime=37866s
2026-05-18 06:44:58 | INFO     | ayumi.forward_test | [B5 Periodic] ticks=41172 bars_built=4 signals=0 traded=0 eval_errors=0
2026-05-18 06:45:03 | INFO     | ayumi.blend_launcher | [B5 Health] ticks=41189 tps=3.01 bars=4 signals=0 trades=0 balance=10000.00 uptime=37926s
2026-05-18 06:45:58 | INFO     | ayumi.forward_test | [B5 Periodic] ticks=41326 bars_built=4 signals=0 traded=0 eval_errors=0
2026-05-18 06:46:03 | INFO     | ayumi.blend_launcher | [B5 Health] ticks=41333 tps=1.66 bars=4 signals=0 trades=0 balance=10000.00 uptime=37986s
2026-05-18 06:46:58 | INFO     | ayumi.forward_test | [B5 Periodic] ticks=41416 bars_built=4 signals=0 traded=0 eval_errors=0
2026-05-18 06:47:03 | INFO     | ayumi.blend_launcher | [B5 Health] ticks=41422 tps=1.32 bars=4 signals=0 trades=0 balance=10000.00 uptime=38046s
2026-05-18 06:47:58 | INFO     | ayumi.forward_test | [B5 Periodic] ticks=41500 bars_built=4 signals=0 traded=0 eval_errors=0
2026-05-18 06:48:03 | INFO     | ayumi.blend_launcher | [B5 Health] ticks=41504 tps=1.44 bars=4 signals=0 trades=0 balance=10000.00 uptime=38106s
2026-05-18 06:48:58 | INFO     | ayumi.forward_test | [B5 Periodic] ticks=41605 bars_built=4 signals=0 traded=0 eval_errors=0
2026-05-18 06:49:03 | INFO     | ayumi.blend_launcher | [B5 Health] ticks=41608 tps=1.82 bars=4 signals=0 trades=0 balance=10000.00 uptime=38166s
2026-05-18 06:49:58 | INFO     | ayumi.forward_test | [B5 Periodic] ticks=41693 bars_built=4 signals=0 traded=0 eval_errors=0
2026-05-18 06:50:03 | INFO     | ayumi.blend_launcher | [B5 Health] ticks=41703 tps=1.71 bars=4 signals=0 trades=0 balance=10000.00 uptime=38226s
2026-05-18 06:50:58 | INFO     | ayumi.forward_test | [B5 Periodic] ticks=41818 bars_built=4 signals=0 traded=0 eval_errors=0
2026-05-18 06:51:03 | INFO     | ayumi.blend_launcher | [B5 Health] ticks=41823 tps=1.62 bars=4 signals=0 trades=0 balance=10000.00 uptime=38286s
2026-05-18 06:51:58 | INFO     | ayumi.forward_test | [B5 Periodic] ticks=41937 bars_built=4 signals=0 traded=0 eval_errors=0
2026-05-18 06:52:03 | INFO     | ayumi.blend_launcher | [B5 Health] ticks=41945 tps=1.72 bars=4 signals=0 trades=0 balance=10000.00 uptime=38346s
2026-05-18 06:52:58 | INFO     | ayumi.forward_test | [B5 Periodic] ticks=42041 bars_built=4 signals=0 traded=0 eval_errors=0
2026-05-18 06:53:03 | INFO     | ayumi.blend_launcher | [B5 Health] ticks=42057 tps=2.90 bars=4 signals=0 trades=0 balance=10000.00 uptime=38406s
2026-05-18 06:53:58 | INFO     | ayumi.forward_test | [B5 Periodic] ticks=42183 bars_built=4 signals=0 traded=0 eval_errors=0
2026-05-18 06:54:03 | INFO     | ayumi.blend_launcher | [B5 Health] ticks=42186 tps=1.43 bars=4 signals=0 trades=0 balance=10000.00 uptime=38466s
2026-05-18 06:54:58 | INFO     | ayumi.forward_test | [B5 Periodic] ticks=42325 bars_built=4 signals=0 traded=0 eval_errors=0
2026-05-18 06:55:03 | INFO     | ayumi.blend_launcher | [B5 Health] ticks=42335 tps=1.95 bars=4 signals=0 trades=0 balance=10000.00 uptime=38526s
2026-05-18 06:55:58 | INFO     | ayumi.forward_test | [B5 Periodic] ticks=42434 bars_built=4 signals=0 traded=0 eval_errors=0
2026-05-18 06:56:03 | INFO     | ayumi.blend_launcher | [B5 Health] ticks=42450 tps=2.51 bars=4 signals=0 trades=0 balance=10000.00 uptime=38586s
2026-05-18 06:56:58 | INFO     | ayumi.forward_test | [B5 Periodic] ticks=42566 bars_built=4 signals=0 traded=0 eval_errors=0
2026-05-18 06:57:03 | INFO     | ayumi.blend_launcher | [B5 Health] ticks=42580 tps=2.42 bars=4 signals=0 trades=0 balance=10000.00 uptime=38646s
2026-05-18 06:57:58 | INFO     | ayumi.forward_test | [B5 Periodic] ticks=42682 bars_built=4 signals=0 traded=0 eval_errors=0
2026-05-18 06:58:03 | INFO     | ayumi.blend_launcher | [B5 Health] ticks=42696 tps=2.22 bars=4 signals=0 trades=0 balance=10000.00 uptime=38706s
2026-05-18 06:58:58 | INFO     | ayumi.forward_test | [B5 Periodic] ticks=42812 bars_built=4 signals=0 traded=0 eval_errors=0
2026-05-18 06:59:03 | INFO     | ayumi.blend_launcher | [B5 Health] ticks=42826 tps=2.54 bars=4 signals=0 trades=0 balance=10000.00 uptime=38766s
2026-05-18 06:59:58 | INFO     | ayumi.forward_test | [B5 Periodic] ticks=42920 bars_built=4 signals=0 traded=0 eval_errors=0
2026-05-18 07:00:03 | INFO     | ayumi.blend_launcher | [B5 Health] ticks=42934 tps=2.50 bars=4 signals=0 trades=0 balance=10000.00 uptime=38826s
2026-05-18 07:00:58 | INFO     | ayumi.forward_test | [B5 Periodic] ticks=43082 bars_built=4 signals=0 traded=0 eval_errors=0
2026-05-18 07:01:03 | INFO     | ayumi.blend_launcher | [B5 Health] ticks=43096 tps=2.44 bars=4 signals=0 trades=0 balance=10000.00 uptime=38886s
2026-05-18 07:01:58 | INFO     | ayumi.forward_test | [B5 Periodic] ticks=43243 bars_built=4 signals=0 traded=0 eval_errors=0
2026-05-18 07:02:03 | INFO     | ayumi.blend_launcher | [B5 Health] ticks=43254 tps=2.45 bars=4 signals=0 trades=0 balance=10000.00 uptime=38946s
2026-05-18 07:02:58 | INFO     | ayumi.forward_test | [B5 Periodic] ticks=43380 bars_built=4 signals=0 traded=0 eval_errors=0
2026-05-18 07:03:03 | INFO     | ayumi.blend_launcher | [B5 Health] ticks=43391 tps=2.57 bars=4 signals=0 trades=0 balance=10000.00 uptime=39006s
2026-05-18 07:03:58 | INFO     | ayumi.forward_test | [B5 Periodic] ticks=43508 bars_built=4 signals=0 traded=0 eval_errors=0
2026-05-18 07:04:03 | INFO     | ayumi.blend_launcher | [B5 Health] ticks=43518 tps=2.26 bars=4 signals=0 trades=0 balance=10000.00 uptime=39066s
2026-05-18 07:04:58 | INFO     | ayumi.forward_test | [B5 Periodic] ticks=43633 bars_built=4 signals=0 traded=0 eval_errors=0
2026-05-18 07:05:03 | INFO     | ayumi.blend_launcher | [B5 Health] ticks=43647 tps=1.95 bars=4 signals=0 trades=0 balance=10000.00 uptime=39126s
2026-05-18 07:05:58 | INFO     | ayumi.forward_test | [B5 Periodic] ticks=43764 bars_built=4 signals=0 traded=0 eval_errors=0
2026-05-18 07:06:03 | INFO     | ayumi.blend_launcher | [B5 Health] ticks=43776 tps=3.00 bars=4 signals=0 trades=0 balance=10000.00 uptime=39186s
2026-05-18 07:06:58 | INFO     | ayumi.forward_test | [B5 Periodic] ticks=43888 bars_built=4 signals=0 traded=0 eval_errors=0
2026-05-18 07:07:03 | INFO     | ayumi.blend_launcher | [B5 Health] ticks=43899 tps=2.56 bars=4 signals=0 trades=0 balance=10000.00 uptime=39246s
2026-05-18 07:07:58 | INFO     | ayumi.forward_test | [B5 Periodic] ticks=43998 bars_built=4 signals=0 traded=0 eval_errors=0
2026-05-18 07:08:03 | INFO     | ayumi.blend_launcher | [B5 Health] ticks=44005 tps=1.70 bars=4 signals=0 trades=0 balance=10000.00 uptime=39306s
2026-05-18 07:08:58 | INFO     | ayumi.forward_test | [B5 Periodic] ticks=44084 bars_built=4 signals=0 traded=0 eval_errors=0
2026-05-18 07:09:03 | INFO     | ayumi.blend_launcher | [B5 Health] ticks=44089 tps=1.04 bars=4 signals=0 trades=0 balance=10000.00 uptime=39366s
2026-05-18 07:09:58 | INFO     | ayumi.forward_test | [B5 Periodic] ticks=44193 bars_built=4 signals=0 traded=0 eval_errors=0
2026-05-18 07:10:03 | INFO     | ayumi.blend_launcher | [B5 Health] ticks=44212 tps=3.19 bars=4 signals=0 trades=0 balance=10000.00 uptime=39426s
2026-05-18 07:10:58 | INFO     | ayumi.forward_test | [B5 Periodic] ticks=44300 bars_built=4 signals=0 traded=0 eval_errors=0
2026-05-18 07:11:03 | INFO     | ayumi.blend_launcher | [B5 Health] ticks=44308 tps=1.98 bars=4 signals=0 trades=0 balance=10000.00 uptime=39486s
2026-05-18 07:11:58 | INFO     | ayumi.forward_test | [B5 Periodic] ticks=44382 bars_built=4 signals=0 traded=0 eval_errors=0
2026-05-18 07:12:03 | INFO     | ayumi.blend_launcher | [B5 Health] ticks=44391 tps=1.70 bars=4 signals=0 trades=0 balance=10000.00 uptime=39547s
2026-05-18 07:12:58 | INFO     | ayumi.forward_test | [B5 Periodic] ticks=44467 bars_built=4 signals=0 traded=0 eval_errors=0
2026-05-18 07:13:03 | INFO     | ayumi.blend_launcher | [B5 Health] ticks=44476 tps=1.76 bars=4 signals=0 trades=0 balance=10000.00 uptime=39607s
2026-05-18 07:13:58 | INFO     | ayumi.forward_test | [B5 Periodic] ticks=44591 bars_built=4 signals=0 traded=0 eval_errors=0
2026-05-18 07:14:03 | INFO     | ayumi.blend_launcher | [B5 Health] ticks=44598 tps=1.61 bars=4 signals=0 trades=0 balance=10000.00 uptime=39667s
2026-05-18 07:14:58 | INFO     | ayumi.forward_test | [B5 Periodic] ticks=44707 bars_built=4 signals=0 traded=0 eval_errors=0
2026-05-18 07:15:03 | INFO     | ayumi.blend_launcher | [B5 Health] ticks=44717 tps=2.35 bars=4 signals=0 trades=0 balance=10000.00 uptime=39727s
2026-05-18 07:15:58 | INFO     | ayumi.forward_test | [B5 Periodic] ticks=44814 bars_built=4 signals=0 traded=0 eval_errors=0
2026-05-18 07:16:03 | INFO     | ayumi.blend_launcher | [B5 Health] ticks=44826 tps=2.47 bars=4 signals=0 trades=0 balance=10000.00 uptime=39787s
2026-05-18 07:16:58 | INFO     | ayumi.forward_test | [B5 Periodic] ticks=44903 bars_built=4 signals=0 traded=0 eval_errors=0
2026-05-18 07:17:03 | INFO     | ayumi.blend_launcher | [B5 Health] ticks=44917 tps=2.37 bars=4 signals=0 trades=0 balance=10000.00 uptime=39847s
2026-05-18 07:17:58 | INFO     | ayumi.forward_test | [B5 Periodic] ticks=44978 bars_built=4 signals=0 traded=0 eval_errors=0
2026-05-18 07:18:03 | INFO     | ayumi.blend_launcher | [B5 Health] ticks=44983 tps=1.04 bars=4 signals=0 trades=0 balance=10000.00 uptime=39907s
2026-05-18 07:18:58 | INFO     | ayumi.forward_test | [B5 Periodic] ticks=45074 bars_built=4 signals=0 traded=0 eval_errors=0
2026-05-18 07:19:03 | INFO     | ayumi.blend_launcher | [B5 Health] ticks=45081 tps=1.41 bars=4 signals=0 trades=0 balance=10000.00 uptime=39967s
2026-05-18 07:19:58 | INFO     | ayumi.forward_test | [B5 Periodic] ticks=45160 bars_built=4 signals=0 traded=0 eval_errors=0
2026-05-18 07:20:03 | INFO     | ayumi.blend_launcher | [B5 Health] ticks=45172 tps=2.32 bars=4 signals=0 trades=0 balance=10000.00 uptime=40027s
2026-05-18 07:20:58 | INFO     | ayumi.forward_test | [B5 Periodic] ticks=45267 bars_built=4 signals=0 traded=0 eval_errors=0
2026-05-18 07:21:03 | INFO     | ayumi.blend_launcher | [B5 Health] ticks=45281 tps=2.91 bars=4 signals=0 trades=0 balance=10000.00 uptime=40087s
2026-05-18 07:21:58 | INFO     | ayumi.forward_test | [B5 Periodic] ticks=45358 bars_built=4 signals=0 traded=0 eval_errors=0
2026-05-18 07:22:03 | INFO     | ayumi.blend_launcher | [B5 Health] ticks=45367 tps=1.79 bars=4 signals=0 trades=0 balance=10000.00 uptime=40147s
2026-05-18 07:22:58 | INFO     | ayumi.forward_test | [B5 Periodic] ticks=45497 bars_built=4 signals=0 traded=0 eval_errors=0
2026-05-18 07:23:03 | INFO     | ayumi.blend_launcher | [B5 Health] ticks=45506 tps=1.49 bars=4 signals=0 trades=0 balance=10000.00 uptime=40207s
2026-05-18 07:23:58 | INFO     | ayumi.forward_test | [B5 Periodic] ticks=45575 bars_built=4 signals=0 traded=0 eval_errors=0
2026-05-18 07:24:03 | INFO     | ayumi.blend_launcher | [B5 Health] ticks=45581 tps=1.35 bars=4 signals=0 trades=0 balance=10000.00 uptime=40267s
2026-05-18 07:24:58 | INFO     | ayumi.forward_test | [B5 Periodic] ticks=45683 bars_built=4 signals=0 traded=0 eval_errors=0
2026-05-18 07:25:03 | INFO     | ayumi.blend_launcher | [B5 Health] ticks=45701 tps=3.91 bars=4 signals=0 trades=0 balance=10000.00 uptime=40327s
2026-05-18 07:25:58 | INFO     | ayumi.forward_test | [B5 Periodic] ticks=45846 bars_built=4 signals=0 traded=0 eval_errors=0
2026-05-18 07:26:03 | INFO     | ayumi.blend_launcher | [B5 Health] ticks=45869 tps=3.88 bars=4 signals=0 trades=0 balance=10000.00 uptime=40387s
2026-05-18 07:26:58 | INFO     | ayumi.forward_test | [B5 Periodic] ticks=46067 bars_built=4 signals=0 traded=0 eval_errors=0
2026-05-18 07:27:03 | INFO     | ayumi.blend_launcher | [B5 Health] ticks=46082 tps=3.30 bars=4 signals=0 trades=0 balance=10000.00 uptime=40447s
2026-05-18 07:27:58 | INFO     | ayumi.forward_test | [B5 Periodic] ticks=46197 bars_built=4 signals=0 traded=0 eval_errors=0
2026-05-18 07:28:03 | INFO     | ayumi.blend_launcher | [B5 Health] ticks=46216 tps=3.28 bars=4 signals=0 trades=0 balance=10000.00 uptime=40507s
2026-05-18 07:28:58 | INFO     | ayumi.forward_test | [B5 Periodic] ticks=46341 bars_built=4 signals=0 traded=0 eval_errors=0
2026-05-18 07:29:03 | INFO     | ayumi.blend_launcher | [B5 Health] ticks=46359 tps=3.01 bars=4 signals=0 trades=0 balance=10000.00 uptime=40567s
2026-05-18 07:29:58 | INFO     | ayumi.forward_test | [B5 Periodic] ticks=46490 bars_built=4 signals=0 traded=0 eval_errors=0
2026-05-18 07:30:03 | INFO     | ayumi.blend_launcher | [B5 Health] ticks=46505 tps=2.31 bars=4 signals=0 trades=0 balance=10000.00 uptime=40627s
2026-05-18 07:30:58 | INFO     | ayumi.forward_test | [B5 Periodic] ticks=46651 bars_built=4 signals=0 traded=0 eval_errors=0
2026-05-18 07:31:03 | INFO     | ayumi.blend_launcher | [B5 Health] ticks=46663 tps=2.94 bars=4 signals=0 trades=0 balance=10000.00 uptime=40687s
2026-05-18 07:31:58 | INFO     | ayumi.forward_test | [B5 Periodic] ticks=46782 bars_built=4 signals=0 traded=0 eval_errors=0
2026-05-18 07:32:03 | INFO     | ayumi.blend_launcher | [B5 Health] ticks=46794 tps=2.27 bars=4 signals=0 trades=0 balance=10000.00 uptime=40747s
2026-05-18 07:32:58 | INFO     | ayumi.forward_test | [B5 Periodic] ticks=46951 bars_built=4 signals=0 traded=0 eval_errors=0
2026-05-18 07:33:03 | INFO     | ayumi.blend_launcher | [B5 Health] ticks=46963 tps=2.72 bars=4 signals=0 trades=0 balance=10000.00 uptime=40807s
2026-05-18 07:33:58 | INFO     | ayumi.forward_test | [B5 Periodic] ticks=47071 bars_built=4 signals=0 traded=0 eval_errors=0
2026-05-18 07:34:03 | INFO     | ayumi.blend_launcher | [B5 Health] ticks=47080 tps=1.72 bars=4 signals=0 trades=0 balance=10000.00 uptime=40867s
2026-05-18 07:34:58 | INFO     | ayumi.forward_test | [B5 Periodic] ticks=47208 bars_built=4 signals=0 traded=0 eval_errors=0
2026-05-18 07:35:03 | INFO     | ayumi.blend_launcher | [B5 Health] ticks=47218 tps=2.53 bars=4 signals=0 trades=0 balance=10000.00 uptime=40927s
2026-05-18 07:35:58 | INFO     | ayumi.forward_test | [B5 Periodic] ticks=47339 bars_built=4 signals=0 traded=0 eval_errors=0
2026-05-18 07:36:03 | INFO     | ayumi.blend_launcher | [B5 Health] ticks=47349 tps=2.32 bars=4 signals=0 trades=0 balance=10000.00 uptime=40987s
2026-05-18 07:36:58 | INFO     | ayumi.forward_test | [B5 Periodic] ticks=47510 bars_built=4 signals=0 traded=0 eval_errors=0
2026-05-18 07:37:03 | INFO     | ayumi.blend_launcher | [B5 Health] ticks=47519 tps=2.22 bars=4 signals=0 trades=0 balance=10000.00 uptime=41047s
2026-05-18 07:37:58 | INFO     | ayumi.forward_test | [B5 Periodic] ticks=47621 bars_built=4 signals=0 traded=0 eval_errors=0
2026-05-18 07:38:03 | INFO     | ayumi.blend_launcher | [B5 Health] ticks=47626 tps=2.11 bars=4 signals=0 trades=0 balance=10000.00 uptime=41107s
2026-05-18 07:38:58 | INFO     | ayumi.forward_test | [B5 Periodic] ticks=47723 bars_built=4 signals=0 traded=0 eval_errors=0
2026-05-18 07:39:03 | INFO     | ayumi.blend_launcher | [B5 Health] ticks=47736 tps=3.40 bars=4 signals=0 trades=0 balance=10000.00 uptime=41167s
2026-05-18 07:39:58 | INFO     | ayumi.forward_test | [B5 Periodic] ticks=47824 bars_built=4 signals=0 traded=0 eval_errors=0
2026-05-18 07:40:03 | INFO     | ayumi.blend_launcher | [B5 Health] ticks=47835 tps=1.91 bars=4 signals=0 trades=0 balance=10000.00 uptime=41227s
2026-05-18 07:40:58 | INFO     | ayumi.forward_test | [B5 Periodic] ticks=47939 bars_built=4 signals=0 traded=0 eval_errors=0
2026-05-18 07:41:03 | INFO     | ayumi.blend_launcher | [B5 Health] ticks=47953 tps=3.38 bars=4 signals=0 trades=0 balance=10000.00 uptime=41287s
2026-05-18 07:41:58 | INFO     | ayumi.forward_test | [B5 Periodic] ticks=48071 bars_built=4 signals=0 traded=0 eval_errors=0
2026-05-18 07:42:03 | INFO     | ayumi.blend_launcher | [B5 Health] ticks=48081 tps=2.12 bars=4 signals=0 trades=0 balance=10000.00 uptime=41347s
2026-05-18 07:42:58 | INFO     | ayumi.forward_test | [B5 Periodic] ticks=48182 bars_built=4 signals=0 traded=0 eval_errors=0
2026-05-18 07:43:03 | INFO     | ayumi.blend_launcher | [B5 Health] ticks=48193 tps=2.19 bars=4 signals=0 trades=0 balance=10000.00 uptime=41407s
2026-05-18 07:43:58 | INFO     | ayumi.forward_test | [B5 Periodic] ticks=48298 bars_built=4 signals=0 traded=0 eval_errors=0
2026-05-18 07:44:04 | INFO     | ayumi.blend_launcher | [B5 Health] ticks=48315 tps=2.37 bars=4 signals=0 trades=0 balance=10000.00 uptime=41467s
2026-05-18 07:44:58 | INFO     | ayumi.forward_test | [B5 Periodic] ticks=48394 bars_built=4 signals=0 traded=0 eval_errors=0
2026-05-18 07:45:04 | INFO     | ayumi.blend_launcher | [B5 Health] ticks=48403 tps=1.52 bars=4 signals=0 trades=0 balance=10000.00 uptime=41527s
2026-05-18 07:45:58 | INFO     | ayumi.forward_test | [B5 Periodic] ticks=48498 bars_built=4 signals=0 traded=0 eval_errors=0
2026-05-18 07:46:04 | INFO     | ayumi.blend_launcher | [B5 Health] ticks=48506 tps=1.67 bars=4 signals=0 trades=0 balance=10000.00 uptime=41587s
2026-05-18 07:46:58 | INFO     | ayumi.forward_test | [B5 Periodic] ticks=48593 bars_built=4 signals=0 traded=0 eval_errors=0
2026-05-18 07:47:04 | INFO     | ayumi.blend_launcher | [B5 Health] ticks=48608 tps=2.56 bars=4 signals=0 trades=0 balance=10000.00 uptime=41647s
2026-05-18 07:47:58 | INFO     | ayumi.forward_test | [B5 Periodic] ticks=48686 bars_built=4 signals=0 traded=0 eval_errors=0
2026-05-18 07:48:04 | INFO     | ayumi.blend_launcher | [B5 Health] ticks=48691 tps=1.51 bars=4 signals=0 trades=0 balance=10000.00 uptime=41707s
2026-05-18 07:48:58 | INFO     | ayumi.forward_test | [B5 Periodic] ticks=48792 bars_built=4 signals=0 traded=0 eval_errors=0
2026-05-18 07:49:04 | INFO     | ayumi.blend_launcher | [B5 Health] ticks=48802 tps=2.24 bars=4 signals=0 trades=0 balance=10000.00 uptime=41767s
2026-05-18 07:49:58 | INFO     | ayumi.forward_test | [B5 Periodic] ticks=48889 bars_built=4 signals=0 traded=0 eval_errors=0
2026-05-18 07:50:04 | INFO     | ayumi.blend_launcher | [B5 Health] ticks=48904 tps=2.90 bars=4 signals=0 trades=0 balance=10000.00 uptime=41827s
2026-05-18 07:50:58 | INFO     | ayumi.forward_test | [B5 Periodic] ticks=49028 bars_built=4 signals=0 traded=0 eval_errors=0
2026-05-18 07:51:04 | INFO     | ayumi.blend_launcher | [B5 Health] ticks=49047 tps=3.38 bars=4 signals=0 trades=0 balance=10000.00 uptime=41887s
2026-05-18 07:51:58 | INFO     | ayumi.forward_test | [B5 Periodic] ticks=49134 bars_built=4 signals=0 traded=0 eval_errors=0
2026-05-18 07:52:04 | INFO     | ayumi.blend_launcher | [B5 Health] ticks=49141 tps=1.45 bars=4 signals=0 trades=0 balance=10000.00 uptime=41947s
2026-05-18 07:52:58 | INFO     | ayumi.forward_test | [B5 Periodic] ticks=49228 bars_built=4 signals=0 traded=0 eval_errors=0
2026-05-18 07:53:04 | INFO     | ayumi.blend_launcher | [B5 Health] ticks=49240 tps=2.08 bars=4 signals=0 trades=0 balance=10000.00 uptime=42007s
2026-05-18 07:53:58 | INFO     | ayumi.forward_test | [B5 Periodic] ticks=49303 bars_built=4 signals=0 traded=0 eval_errors=0
2026-05-18 07:54:04 | INFO     | ayumi.blend_launcher | [B5 Health] ticks=49315 tps=1.94 bars=4 signals=0 trades=0 balance=10000.00 uptime=42067s
2026-05-18 07:54:58 | INFO     | ayumi.forward_test | [B5 Periodic] ticks=49431 bars_built=4 signals=0 traded=0 eval_errors=0
2026-05-18 07:55:04 | INFO     | ayumi.blend_launcher | [B5 Health] ticks=49445 tps=2.42 bars=4 signals=0 trades=0 balance=10000.00 uptime=42127s
2026-05-18 07:55:58 | INFO     | ayumi.forward_test | [B5 Periodic] ticks=49569 bars_built=4 signals=0 traded=0 eval_errors=0
2026-05-18 07:56:04 | INFO     | ayumi.blend_launcher | [B5 Health] ticks=49582 tps=2.10 bars=4 signals=0 trades=0 balance=10000.00 uptime=42187s
2026-05-18 07:56:58 | INFO     | ayumi.forward_test | [B5 Periodic] ticks=49744 bars_built=4 signals=0 traded=0 eval_errors=0
2026-05-18 07:57:04 | INFO     | ayumi.blend_launcher | [B5 Health] ticks=49761 tps=2.50 bars=4 signals=0 trades=0 balance=10000.00 uptime=42247s
2026-05-18 07:57:58 | INFO     | ayumi.forward_test | [B5 Periodic] ticks=49921 bars_built=4 signals=0 traded=0 eval_errors=0
2026-05-18 07:58:04 | INFO     | ayumi.blend_launcher | [B5 Health] ticks=49936 tps=2.56 bars=4 signals=0 trades=0 balance=10000.00 uptime=42307s
2026-05-18 07:58:58 | INFO     | ayumi.forward_test | [B5 Periodic] ticks=50064 bars_built=4 signals=0 traded=0 eval_errors=0
2026-05-18 07:59:04 | INFO     | ayumi.blend_launcher | [B5 Health] ticks=50083 tps=3.37 bars=4 signals=0 trades=0 balance=10000.00 uptime=42367s
2026-05-18 07:59:58 | INFO     | ayumi.forward_test | [B5 Periodic] ticks=50230 bars_built=4 signals=0 traded=0 eval_errors=0
2026-05-18 08:00:04 | INFO     | ayumi.blend_launcher | [B5 Health] ticks=50256 tps=3.60 bars=4 signals=0 trades=0 balance=10000.00 uptime=42427s
2026-05-18 08:00:58 | INFO     | ayumi.forward_test | [B5 Periodic] ticks=50407 bars_built=4 signals=0 traded=0 eval_errors=0
2026-05-18 08:01:04 | INFO     | ayumi.blend_launcher | [B5 Health] ticks=50418 tps=2.80 bars=4 signals=0 trades=0 balance=10000.00 uptime=42487s
2026-05-18 08:01:58 | INFO     | ayumi.forward_test | [B5 Periodic] ticks=50550 bars_built=4 signals=0 traded=0 eval_errors=0
2026-05-18 08:02:04 | INFO     | ayumi.blend_launcher | [B5 Health] ticks=50566 tps=3.51 bars=4 signals=0 trades=0 balance=10000.00 uptime=42547s
2026-05-18 08:02:58 | INFO     | ayumi.forward_test | [B5 Periodic] ticks=50690 bars_built=4 signals=0 traded=0 eval_errors=0
2026-05-18 08:03:04 | INFO     | ayumi.blend_launcher | [B5 Health] ticks=50705 tps=2.37 bars=4 signals=0 trades=0 balance=10000.00 uptime=42607s
2026-05-18 08:03:58 | INFO     | ayumi.forward_test | [B5 Periodic] ticks=50821 bars_built=4 signals=0 traded=0 eval_errors=0
2026-05-18 08:04:04 | INFO     | ayumi.blend_launcher | [B5 Health] ticks=50832 tps=2.85 bars=4 signals=0 trades=0 balance=10000.00 uptime=42667s
2026-05-18 08:04:58 | INFO     | ayumi.forward_test | [B5 Periodic] ticks=50944 bars_built=4 signals=0 traded=0 eval_errors=0
2026-05-18 08:05:04 | INFO     | ayumi.blend_launcher | [B5 Health] ticks=50956 tps=2.42 bars=4 signals=0 trades=0 balance=10000.00 uptime=42727s
2026-05-18 08:05:58 | INFO     | ayumi.forward_test | [B5 Periodic] ticks=51099 bars_built=4 signals=0 traded=0 eval_errors=0
2026-05-18 08:06:04 | INFO     | ayumi.blend_launcher | [B5 Health] ticks=51110 tps=1.95 bars=4 signals=0 trades=0 balance=10000.00 uptime=42787s
2026-05-18 08:06:58 | INFO     | ayumi.forward_test | [B5 Periodic] ticks=51215 bars_built=4 signals=0 traded=0 eval_errors=0
2026-05-18 08:07:04 | INFO     | ayumi.blend_launcher | [B5 Health] ticks=51238 tps=3.10 bars=4 signals=0 trades=0 balance=10000.00 uptime=42847s
2026-05-18 08:07:58 | INFO     | ayumi.forward_test | [B5 Periodic] ticks=51337 bars_built=4 signals=0 traded=0 eval_errors=0
2026-05-18 08:08:04 | INFO     | ayumi.blend_launcher | [B5 Health] ticks=51348 tps=2.43 bars=4 signals=0 trades=0 balance=10000.00 uptime=42907s
2026-05-18 08:08:58 | INFO     | ayumi.forward_test | [B5 Periodic] ticks=51467 bars_built=4 signals=0 traded=0 eval_errors=0
2026-05-18 08:09:04 | INFO     | ayumi.blend_launcher | [B5 Health] ticks=51480 tps=2.90 bars=4 signals=0 trades=0 balance=10000.00 uptime=42967s
2026-05-18 08:09:58 | INFO     | ayumi.forward_test | [B5 Periodic] ticks=51588 bars_built=4 signals=0 traded=0 eval_errors=0
2026-05-18 08:10:04 | INFO     | ayumi.blend_launcher | [B5 Health] ticks=51599 tps=1.76 bars=4 signals=0 trades=0 balance=10000.00 uptime=43027s
2026-05-18 08:10:58 | INFO     | ayumi.forward_test | [B5 Periodic] ticks=51680 bars_built=4 signals=0 traded=0 eval_errors=0
2026-05-18 08:11:04 | INFO     | ayumi.blend_launcher | [B5 Health] ticks=51694 tps=2.02 bars=4 signals=0 trades=0 balance=10000.00 uptime=43087s
2026-05-18 08:11:58 | INFO     | ayumi.forward_test | [B5 Periodic] ticks=51794 bars_built=4 signals=0 traded=0 eval_errors=0
2026-05-18 08:12:04 | INFO     | ayumi.blend_launcher | [B5 Health] ticks=51807 tps=2.12 bars=4 signals=0 trades=0 balance=10000.00 uptime=43147s
2026-05-18 08:12:58 | INFO     | ayumi.forward_test | [B5 Periodic] ticks=51885 bars_built=4 signals=0 traded=0 eval_errors=0
2026-05-18 08:13:04 | INFO     | ayumi.blend_launcher | [B5 Health] ticks=51897 tps=2.07 bars=4 signals=0 trades=0 balance=10000.00 uptime=43207s
2026-05-18 08:13:58 | INFO     | ayumi.forward_test | [B5 Periodic] ticks=51985 bars_built=4 signals=0 traded=0 eval_errors=0
2026-05-18 08:14:04 | INFO     | ayumi.blend_launcher | [B5 Health] ticks=51989 tps=1.20 bars=4 signals=0 trades=0 balance=10000.00 uptime=43267s
2026-05-18 08:14:58 | INFO     | ayumi.forward_test | [B5 Periodic] ticks=52076 bars_built=4 signals=0 traded=0 eval_errors=0
2026-05-18 08:15:04 | INFO     | ayumi.blend_launcher | [B5 Health] ticks=52091 tps=2.04 bars=4 signals=0 trades=0 balance=10000.00 uptime=43327s
2026-05-18 08:15:58 | INFO     | ayumi.forward_test | [B5 Periodic] ticks=52194 bars_built=4 signals=0 traded=0 eval_errors=0
2026-05-18 08:16:04 | INFO     | ayumi.blend_launcher | [B5 Health] ticks=52204 tps=2.16 bars=4 signals=0 trades=0 balance=10000.00 uptime=43387s
2026-05-18 08:16:58 | INFO     | ayumi.forward_test | [B5 Periodic] ticks=52300 bars_built=4 signals=0 traded=0 eval_errors=0
2026-05-18 08:17:04 | INFO     | ayumi.blend_launcher | [B5 Health] ticks=52308 tps=2.10 bars=4 signals=0 trades=0 balance=10000.00 uptime=43447s
2026-05-18 08:17:58 | INFO     | ayumi.forward_test | [B5 Periodic] ticks=52403 bars_built=4 signals=0 traded=0 eval_errors=0
2026-05-18 08:18:04 | INFO     | ayumi.blend_launcher | [B5 Health] ticks=52411 tps=1.13 bars=4 signals=0 trades=0 balance=10000.00 uptime=43507s
2026-05-18 08:18:58 | INFO     | ayumi.forward_test | [B5 Periodic] ticks=52502 bars_built=4 signals=0 traded=0 eval_errors=0
2026-05-18 08:19:04 | INFO     | ayumi.blend_launcher | [B5 Health] ticks=52515 tps=2.62 bars=4 signals=0 trades=0 balance=10000.00 uptime=43567s
2026-05-18 08:19:58 | INFO     | ayumi.forward_test | [B5 Periodic] ticks=52589 bars_built=4 signals=0 traded=0 eval_errors=0
2026-05-18 08:20:04 | INFO     | ayumi.blend_launcher | [B5 Health] ticks=52597 tps=1.99 bars=4 signals=0 trades=0 balance=10000.00 uptime=43627s
2026-05-18 08:20:58 | INFO     | ayumi.forward_test | [B5 Periodic] ticks=52702 bars_built=4 signals=0 traded=0 eval_errors=0
2026-05-18 08:21:04 | INFO     | ayumi.blend_launcher | [B5 Health] ticks=52717 tps=2.93 bars=4 signals=0 trades=0 balance=10000.00 uptime=43687s
2026-05-18 08:21:58 | INFO     | ayumi.forward_test | [B5 Periodic] ticks=52827 bars_built=4 signals=0 traded=0 eval_errors=0
2026-05-18 08:22:04 | INFO     | ayumi.blend_launcher | [B5 Health] ticks=52832 tps=1.40 bars=4 signals=0 trades=0 balance=10000.00 uptime=43747s
2026-05-18 08:22:58 | INFO     | ayumi.forward_test | [B5 Periodic] ticks=52942 bars_built=4 signals=0 traded=0 eval_errors=0
2026-05-18 08:23:04 | INFO     | ayumi.blend_launcher | [B5 Health] ticks=52952 tps=2.13 bars=4 signals=0 trades=0 balance=10000.00 uptime=43807s
2026-05-18 08:23:58 | INFO     | ayumi.forward_test | [B5 Periodic] ticks=53052 bars_built=4 signals=0 traded=0 eval_errors=0
2026-05-18 08:24:04 | INFO     | ayumi.blend_launcher | [B5 Health] ticks=53066 tps=2.74 bars=4 signals=0 trades=0 balance=10000.00 uptime=43867s
2026-05-18 08:24:58 | INFO     | ayumi.forward_test | [B5 Periodic] ticks=53128 bars_built=4 signals=0 traded=0 eval_errors=0
2026-05-18 08:25:04 | INFO     | ayumi.blend_launcher | [B5 Health] ticks=53143 tps=2.65 bars=4 signals=0 trades=0 balance=10000.00 uptime=43927s
2026-05-18 08:25:58 | INFO     | ayumi.forward_test | [B5 Periodic] ticks=53254 bars_built=4 signals=0 traded=0 eval_errors=0
2026-05-18 08:26:04 | INFO     | ayumi.blend_launcher | [B5 Health] ticks=53267 tps=2.07 bars=4 signals=0 trades=0 balance=10000.00 uptime=43987s
2026-05-18 08:26:58 | INFO     | ayumi.forward_test | [B5 Periodic] ticks=53364 bars_built=4 signals=0 traded=0 eval_errors=0
2026-05-18 08:27:04 | INFO     | ayumi.blend_launcher | [B5 Health] ticks=53385 tps=2.55 bars=4 signals=0 trades=0 balance=10000.00 uptime=44047s
2026-05-18 08:27:58 | INFO     | ayumi.forward_test | [B5 Periodic] ticks=53481 bars_built=4 signals=0 traded=0 eval_errors=0
2026-05-18 08:28:04 | INFO     | ayumi.blend_launcher | [B5 Health] ticks=53495 tps=2.45 bars=4 signals=0 trades=0 balance=10000.00 uptime=44107s
2026-05-18 08:28:58 | INFO     | ayumi.forward_test | [B5 Periodic] ticks=53611 bars_built=4 signals=0 traded=0 eval_errors=0
2026-05-18 08:29:04 | INFO     | ayumi.blend_launcher | [B5 Health] ticks=53630 tps=3.08 bars=4 signals=0 trades=0 balance=10000.00 uptime=44167s
2026-05-18 08:29:58 | INFO     | ayumi.forward_test | [B5 Periodic] ticks=53762 bars_built=4 signals=0 traded=0 eval_errors=0
2026-05-18 08:30:04 | INFO     | ayumi.blend_launcher | [B5 Health] ticks=53781 tps=3.19 bars=4 signals=0 trades=0 balance=10000.00 uptime=44227s
2026-05-18 08:30:58 | INFO     | ayumi.forward_test | [B5 Periodic] ticks=53897 bars_built=4 signals=0 traded=0 eval_errors=0
2026-05-18 08:31:04 | INFO     | ayumi.blend_launcher | [B5 Health] ticks=53909 tps=2.45 bars=4 signals=0 trades=0 balance=10000.00 uptime=44287s
2026-05-18 08:31:58 | INFO     | ayumi.forward_test | [B5 Periodic] ticks=53997 bars_built=4 signals=0 traded=0 eval_errors=0
2026-05-18 08:32:04 | INFO     | ayumi.blend_launcher | [B5 Health] ticks=54009 tps=2.20 bars=4 signals=0 trades=0 balance=10000.00 uptime=44347s
2026-05-18 08:32:58 | INFO     | ayumi.forward_test | [B5 Periodic] ticks=54149 bars_built=4 signals=0 traded=0 eval_errors=0
2026-05-18 08:33:04 | INFO     | ayumi.blend_launcher | [B5 Health] ticks=54169 tps=3.46 bars=4 signals=0 trades=0 balance=10000.00 uptime=44407s
2026-05-18 08:33:58 | INFO     | ayumi.forward_test | [B5 Periodic] ticks=54270 bars_built=4 signals=0 traded=0 eval_errors=0
2026-05-18 08:34:04 | INFO     | ayumi.blend_launcher | [B5 Health] ticks=54281 tps=2.29 bars=4 signals=0 trades=0 balance=10000.00 uptime=44467s
2026-05-18 08:34:58 | INFO     | ayumi.forward_test | [B5 Periodic] ticks=54385 bars_built=4 signals=0 traded=0 eval_errors=0
2026-05-18 08:35:04 | INFO     | ayumi.blend_launcher | [B5 Health] ticks=54399 tps=2.14 bars=4 signals=0 trades=0 balance=10000.00 uptime=44527s
2026-05-18 08:35:58 | INFO     | ayumi.forward_test | [B5 Periodic] ticks=54504 bars_built=4 signals=0 traded=0 eval_errors=0
2026-05-18 08:36:04 | INFO     | ayumi.blend_launcher | [B5 Health] ticks=54513 tps=1.43 bars=4 signals=0 trades=0 balance=10000.00 uptime=44587s
2026-05-18 08:36:58 | INFO     | ayumi.forward_test | [B5 Periodic] ticks=54611 bars_built=4 signals=0 traded=0 eval_errors=0
2026-05-18 08:37:04 | INFO     | ayumi.blend_launcher | [B5 Health] ticks=54628 tps=2.74 bars=4 signals=0 trades=0 balance=10000.00 uptime=44647s
2026-05-18 08:37:58 | INFO     | ayumi.forward_test | [B5 Periodic] ticks=54706 bars_built=4 signals=0 traded=0 eval_errors=0
2026-05-18 08:38:04 | INFO     | ayumi.blend_launcher | [B5 Health] ticks=54715 tps=1.47 bars=4 signals=0 trades=0 balance=10000.00 uptime=44708s
2026-05-18 08:38:58 | INFO     | ayumi.forward_test | [B5 Periodic] ticks=54809 bars_built=4 signals=0 traded=0 eval_errors=0
2026-05-18 08:39:04 | INFO     | ayumi.blend_launcher | [B5 Health] ticks=54825 tps=2.33 bars=4 signals=0 trades=0 balance=10000.00 uptime=44768s
2026-05-18 08:39:58 | INFO     | ayumi.forward_test | [B5 Periodic] ticks=54905 bars_built=4 signals=0 traded=0 eval_errors=0
2026-05-18 08:40:04 | INFO     | ayumi.blend_launcher | [B5 Health] ticks=54910 tps=1.33 bars=4 signals=0 trades=0 balance=10000.00 uptime=44828s
2026-05-18 08:40:58 | INFO     | ayumi.forward_test | [B5 Periodic] ticks=54995 bars_built=4 signals=0 traded=0 eval_errors=0
2026-05-18 08:41:04 | INFO     | ayumi.blend_launcher | [B5 Health] ticks=55008 tps=1.72 bars=4 signals=0 trades=0 balance=10000.00 uptime=44888s
2026-05-18 08:41:58 | INFO     | ayumi.forward_test | [B5 Periodic] ticks=55098 bars_built=4 signals=0 traded=0 eval_errors=0
2026-05-18 08:42:04 | INFO     | ayumi.blend_launcher | [B5 Health] ticks=55115 tps=2.40 bars=4 signals=0 trades=0 balance=10000.00 uptime=44948s
2026-05-18 08:42:58 | INFO     | ayumi.forward_test | [B5 Periodic] ticks=55188 bars_built=4 signals=0 traded=0 eval_errors=0
2026-05-18 08:43:04 | INFO     | ayumi.blend_launcher | [B5 Health] ticks=55194 tps=1.57 bars=4 signals=0 trades=0 balance=10000.00 uptime=45008s
2026-05-18 08:43:58 | INFO     | ayumi.forward_test | [B5 Periodic] ticks=55286 bars_built=4 signals=0 traded=0 eval_errors=0
2026-05-18 08:44:04 | INFO     | ayumi.blend_launcher | [B5 Health] ticks=55293 tps=1.40 bars=4 signals=0 trades=0 balance=10000.00 uptime=45068s
2026-05-18 08:44:58 | INFO     | ayumi.forward_test | [B5 Periodic] ticks=55378 bars_built=4 signals=0 traded=0 eval_errors=0
2026-05-18 08:45:04 | INFO     | ayumi.blend_launcher | [B5 Health] ticks=55384 tps=1.56 bars=4 signals=0 trades=0 balance=10000.00 uptime=45128s
2026-05-18 08:45:58 | INFO     | ayumi.forward_test | [B5 Periodic] ticks=55494 bars_built=4 signals=0 traded=0 eval_errors=0
2026-05-18 08:46:04 | INFO     | ayumi.blend_launcher | [B5 Health] ticks=55513 tps=2.97 bars=4 signals=0 trades=0 balance=10000.00 uptime=45188s
2026-05-18 08:46:58 | INFO     | ayumi.forward_test | [B5 Periodic] ticks=55603 bars_built=4 signals=0 traded=0 eval_errors=0
2026-05-18 08:47:04 | INFO     | ayumi.blend_launcher | [B5 Health] ticks=55612 tps=1.54 bars=4 signals=0 trades=0 balance=10000.00 uptime=45248s
2026-05-18 08:47:58 | INFO     | ayumi.forward_test | [B5 Periodic] ticks=55707 bars_built=4 signals=0 traded=0 eval_errors=0
2026-05-18 08:48:04 | INFO     | ayumi.blend_launcher | [B5 Health] ticks=55720 tps=2.06 bars=4 signals=0 trades=0 balance=10000.00 uptime=45308s
2026-05-18 08:48:58 | INFO     | ayumi.forward_test | [B5 Periodic] ticks=55795 bars_built=4 signals=0 traded=0 eval_errors=0
2026-05-18 08:49:04 | INFO     | ayumi.blend_launcher | [B5 Health] ticks=55803 tps=1.34 bars=4 signals=0 trades=0 balance=10000.00 uptime=45368s
2026-05-18 08:49:58 | INFO     | ayumi.forward_test | [B5 Periodic] ticks=55894 bars_built=4 signals=0 traded=0 eval_errors=0
2026-05-18 08:50:04 | INFO     | ayumi.blend_launcher | [B5 Health] ticks=55906 tps=2.11 bars=4 signals=0 trades=0 balance=10000.00 uptime=45428s
2026-05-18 08:50:58 | INFO     | ayumi.forward_test | [B5 Periodic] ticks=56048 bars_built=4 signals=0 traded=0 eval_errors=0
2026-05-18 08:51:04 | INFO     | ayumi.blend_launcher | [B5 Health] ticks=56065 tps=2.97 bars=4 signals=0 trades=0 balance=10000.00 uptime=45488s
2026-05-18 08:51:58 | INFO     | ayumi.forward_test | [B5 Periodic] ticks=56173 bars_built=4 signals=0 traded=0 eval_errors=0
2026-05-18 08:52:04 | INFO     | ayumi.blend_launcher | [B5 Health] ticks=56187 tps=1.88 bars=4 signals=0 trades=0 balance=10000.00 uptime=45548s
2026-05-18 08:52:58 | INFO     | ayumi.forward_test | [B5 Periodic] ticks=56287 bars_built=4 signals=0 traded=0 eval_errors=0
2026-05-18 08:53:04 | INFO     | ayumi.blend_launcher | [B5 Health] ticks=56305 tps=2.44 bars=4 signals=0 trades=0 balance=10000.00 uptime=45608s
2026-05-18 08:53:58 | INFO     | ayumi.forward_test | [B5 Periodic] ticks=56403 bars_built=4 signals=0 traded=0 eval_errors=0
2026-05-18 08:54:04 | INFO     | ayumi.blend_launcher | [B5 Health] ticks=56415 tps=2.23 bars=4 signals=0 trades=0 balance=10000.00 uptime=45668s
2026-05-18 08:54:58 | INFO     | ayumi.forward_test | [B5 Periodic] ticks=56555 bars_built=4 signals=0 traded=0 eval_errors=0
2026-05-18 08:55:04 | INFO     | ayumi.blend_launcher | [B5 Health] ticks=56573 tps=2.96 bars=4 signals=0 trades=0 balance=10000.00 uptime=45728s
2026-05-18 08:55:58 | INFO     | ayumi.forward_test | [B5 Periodic] ticks=56701 bars_built=4 signals=0 traded=0 eval_errors=0
2026-05-18 08:56:04 | INFO     | ayumi.blend_launcher | [B5 Health] ticks=56713 tps=2.37 bars=4 signals=0 trades=0 balance=10000.00 uptime=45788s
2026-05-18 08:56:58 | INFO     | ayumi.forward_test | [B5 Periodic] ticks=56795 bars_built=4 signals=0 traded=0 eval_errors=0
2026-05-18 08:57:04 | INFO     | ayumi.blend_launcher | [B5 Health] ticks=56815 tps=3.30 bars=4 signals=0 trades=0 balance=10000.00 uptime=45848s
2026-05-18 08:57:58 | INFO     | ayumi.forward_test | [B5 Periodic] ticks=56924 bars_built=4 signals=0 traded=0 eval_errors=0
2026-05-18 08:58:04 | INFO     | ayumi.blend_launcher | [B5 Health] ticks=56937 tps=2.10 bars=4 signals=0 trades=0 balance=10000.00 uptime=45908s
2026-05-18 08:58:58 | INFO     | ayumi.forward_test | [B5 Periodic] ticks=57039 bars_built=4 signals=0 traded=0 eval_errors=0
2026-05-18 08:59:04 | INFO     | ayumi.blend_launcher | [B5 Health] ticks=57055 tps=2.82 bars=4 signals=0 trades=0 balance=10000.00 uptime=45968s
2026-05-18 08:59:58 | INFO     | ayumi.forward_test | [B5 Periodic] ticks=57165 bars_built=4 signals=0 traded=0 eval_errors=0
2026-05-18 09:00:04 | INFO     | ayumi.blend_launcher | [B5 Health] ticks=57185 tps=2.95 bars=4 signals=0 trades=0 balance=10000.00 uptime=46028s
2026-05-18 09:00:58 | INFO     | ayumi.forward_test | [B5 Periodic] ticks=57327 bars_built=4 signals=0 traded=0 eval_errors=0
2026-05-18 09:01:04 | INFO     | ayumi.blend_launcher | [B5 Health] ticks=57343 tps=2.04 bars=4 signals=0 trades=0 balance=10000.00 uptime=46088s
2026-05-18 09:01:58 | INFO     | ayumi.forward_test | [B5 Periodic] ticks=57423 bars_built=4 signals=0 traded=0 eval_errors=0
2026-05-18 09:02:04 | INFO     | ayumi.blend_launcher | [B5 Health] ticks=57436 tps=1.95 bars=4 signals=0 trades=0 balance=10000.00 uptime=46148s
2026-05-18 09:02:58 | INFO     | ayumi.forward_test | [B5 Periodic] ticks=57581 bars_built=4 signals=0 traded=0 eval_errors=0
2026-05-18 09:03:04 | INFO     | ayumi.blend_launcher | [B5 Health] ticks=57599 tps=2.80 bars=4 signals=0 trades=0 balance=10000.00 uptime=46208s
2026-05-18 09:03:58 | INFO     | ayumi.forward_test | [B5 Periodic] ticks=57715 bars_built=4 signals=0 traded=0 eval_errors=0
2026-05-18 09:04:04 | INFO     | ayumi.blend_launcher | [B5 Health] ticks=57731 tps=2.69 bars=4 signals=0 trades=0 balance=10000.00 uptime=46268s
2026-05-18 09:04:58 | INFO     | ayumi.forward_test | [B5 Periodic] ticks=57839 bars_built=4 signals=0 traded=0 eval_errors=0
2026-05-18 09:05:04 | INFO     | ayumi.blend_launcher | [B5 Health] ticks=57856 tps=2.78 bars=4 signals=0 trades=0 balance=10000.00 uptime=46328s
2026-05-18 09:05:58 | INFO     | ayumi.forward_test | [B5 Periodic] ticks=57960 bars_built=4 signals=0 traded=0 eval_errors=0
2026-05-18 09:06:04 | INFO     | ayumi.blend_launcher | [B5 Health] ticks=57971 tps=1.80 bars=4 signals=0 trades=0 balance=10000.00 uptime=46388s
2026-05-18 09:06:58 | INFO     | ayumi.forward_test | [B5 Periodic] ticks=58089 bars_built=4 signals=0 traded=0 eval_errors=0
2026-05-18 09:07:04 | INFO     | ayumi.blend_launcher | [B5 Health] ticks=58095 tps=1.65 bars=4 signals=0 trades=0 balance=10000.00 uptime=46448s
2026-05-18 09:07:58 | INFO     | ayumi.forward_test | [B5 Periodic] ticks=58181 bars_built=4 signals=0 traded=0 eval_errors=0
2026-05-18 09:08:04 | INFO     | ayumi.blend_launcher | [B5 Health] ticks=58187 tps=1.67 bars=4 signals=0 trades=0 balance=10000.00 uptime=46508s
2026-05-18 09:08:58 | INFO     | ayumi.forward_test | [B5 Periodic] ticks=58256 bars_built=4 signals=0 traded=0 eval_errors=0
2026-05-18 09:09:04 | INFO     | ayumi.blend_launcher | [B5 Health] ticks=58268 tps=1.72 bars=4 signals=0 trades=0 balance=10000.00 uptime=46568s
2026-05-18 09:09:58 | INFO     | ayumi.forward_test | [B5 Periodic] ticks=58335 bars_built=4 signals=0 traded=0 eval_errors=0
2026-05-18 09:10:04 | INFO     | ayumi.blend_launcher | [B5 Health] ticks=58345 tps=1.30 bars=4 signals=0 trades=0 balance=10000.00 uptime=46628s
2026-05-18 09:10:58 | INFO     | ayumi.forward_test | [B5 Periodic] ticks=58448 bars_built=4 signals=0 traded=0 eval_errors=0
2026-05-18 09:11:04 | INFO     | ayumi.blend_launcher | [B5 Health] ticks=58461 tps=1.86 bars=4 signals=0 trades=0 balance=10000.00 uptime=46688s
2026-05-18 09:11:58 | INFO     | ayumi.forward_test | [B5 Periodic] ticks=58513 bars_built=4 signals=0 traded=0 eval_errors=0
2026-05-18 09:12:04 | INFO     | ayumi.blend_launcher | [B5 Health] ticks=58516 tps=0.92 bars=4 signals=0 trades=0 balance=10000.00 uptime=46748s
2026-05-18 09:12:58 | INFO     | ayumi.forward_test | [B5 Periodic] ticks=58568 bars_built=4 signals=0 traded=0 eval_errors=0
2026-05-18 09:13:04 | INFO     | ayumi.blend_launcher | [B5 Health] ticks=58573 tps=0.74 bars=4 signals=0 trades=0 balance=10000.00 uptime=46808s
2026-05-18 09:13:58 | INFO     | ayumi.forward_test | [B5 Periodic] ticks=58641 bars_built=4 signals=0 traded=0 eval_errors=0
2026-05-18 09:14:04 | INFO     | ayumi.blend_launcher | [B5 Health] ticks=58651 tps=1.28 bars=4 signals=0 trades=0 balance=10000.00 uptime=46868s
2026-05-18 09:14:58 | INFO     | ayumi.forward_test | [B5 Periodic] ticks=58735 bars_built=4 signals=0 traded=0 eval_errors=0
2026-05-18 09:15:04 | INFO     | ayumi.blend_launcher | [B5 Health] ticks=58748 tps=2.12 bars=4 signals=0 trades=0 balance=10000.00 uptime=46928s
2026-05-18 09:15:58 | INFO     | ayumi.forward_test | [B5 Periodic] ticks=58808 bars_built=4 signals=0 traded=0 eval_errors=0
2026-05-18 09:16:04 | INFO     | ayumi.blend_launcher | [B5 Health] ticks=58823 tps=2.30 bars=4 signals=0 trades=0 balance=10000.00 uptime=46988s
2026-05-18 09:16:58 | INFO     | ayumi.forward_test | [B5 Periodic] ticks=58922 bars_built=4 signals=0 traded=0 eval_errors=0
2026-05-18 09:17:04 | INFO     | ayumi.blend_launcher | [B5 Health] ticks=58937 tps=2.81 bars=4 signals=0 trades=0 balance=10000.00 uptime=47048s
2026-05-18 09:17:58 | INFO     | ayumi.forward_test | [B5 Periodic] ticks=59002 bars_built=4 signals=0 traded=0 eval_errors=0
2026-05-18 09:18:04 | INFO     | ayumi.blend_launcher | [B5 Health] ticks=59007 tps=1.14 bars=4 signals=0 trades=0 balance=10000.00 uptime=47108s
2026-05-18 09:18:58 | INFO     | ayumi.forward_test | [B5 Periodic] ticks=59120 bars_built=4 signals=0 traded=0 eval_errors=0
2026-05-18 09:19:04 | INFO     | ayumi.blend_launcher | [B5 Health] ticks=59129 tps=1.62 bars=4 signals=0 trades=0 balance=10000.00 uptime=47168s
2026-05-18 09:19:58 | INFO     | ayumi.forward_test | [B5 Periodic] ticks=59234 bars_built=4 signals=0 traded=0 eval_errors=0
2026-05-18 09:20:04 | INFO     | ayumi.blend_launcher | [B5 Health] ticks=59244 tps=1.79 bars=4 signals=0 trades=0 balance=10000.00 uptime=47228s
2026-05-18 09:20:58 | INFO     | ayumi.forward_test | [B5 Periodic] ticks=59298 bars_built=4 signals=0 traded=0 eval_errors=0
2026-05-18 09:21:04 | INFO     | ayumi.blend_launcher | [B5 Health] ticks=59308 tps=1.70 bars=4 signals=0 trades=0 balance=10000.00 uptime=47288s
2026-05-18 09:21:58 | INFO     | ayumi.forward_test | [B5 Periodic] ticks=59401 bars_built=4 signals=0 traded=0 eval_errors=0
2026-05-18 09:22:04 | INFO     | ayumi.blend_launcher | [B5 Health] ticks=59407 tps=1.14 bars=4 signals=0 trades=0 balance=10000.00 uptime=47348s
2026-05-18 09:22:58 | INFO     | ayumi.forward_test | [B5 Periodic] ticks=59486 bars_built=4 signals=0 traded=0 eval_errors=0
2026-05-18 09:23:04 | INFO     | ayumi.blend_launcher | [B5 Health] ticks=59492 tps=1.22 bars=4 signals=0 trades=0 balance=10000.00 uptime=47408s
2026-05-18 09:23:58 | INFO     | ayumi.forward_test | [B5 Periodic] ticks=59552 bars_built=4 signals=0 traded=0 eval_errors=0
2026-05-18 09:24:05 | INFO     | ayumi.blend_launcher | [B5 Health] ticks=59557 tps=0.78 bars=4 signals=0 trades=0 balance=10000.00 uptime=47468s
2026-05-18 09:24:58 | INFO     | ayumi.forward_test | [B5 Periodic] ticks=59614 bars_built=4 signals=0 traded=0 eval_errors=0
2026-05-18 09:25:05 | INFO     | ayumi.blend_launcher | [B5 Health] ticks=59632 tps=2.10 bars=4 signals=0 trades=0 balance=10000.00 uptime=47528s
2026-05-18 09:25:58 | INFO     | ayumi.forward_test | [B5 Periodic] ticks=59711 bars_built=4 signals=0 traded=0 eval_errors=0
2026-05-18 09:26:05 | INFO     | ayumi.blend_launcher | [B5 Health] ticks=59721 tps=1.50 bars=4 signals=0 trades=0 balance=10000.00 uptime=47588s
2026-05-18 09:26:58 | INFO     | ayumi.forward_test | [B5 Periodic] ticks=59814 bars_built=4 signals=0 traded=0 eval_errors=0
2026-05-18 09:27:05 | INFO     | ayumi.blend_launcher | [B5 Health] ticks=59829 tps=2.50 bars=4 signals=0 trades=0 balance=10000.00 uptime=47648s
2026-05-18 09:27:58 | INFO     | ayumi.forward_test | [B5 Periodic] ticks=59891 bars_built=4 signals=0 traded=0 eval_errors=0
2026-05-18 09:28:05 | INFO     | ayumi.blend_launcher | [B5 Health] ticks=59903 tps=2.27 bars=4 signals=0 trades=0 balance=10000.00 uptime=47708s
2026-05-18 09:28:58 | INFO     | ayumi.forward_test | [B5 Periodic] ticks=59982 bars_built=4 signals=0 traded=0 eval_errors=0
2026-05-18 09:29:05 | INFO     | ayumi.blend_launcher | [B5 Health] ticks=59999 tps=2.70 bars=4 signals=0 trades=0 balance=10000.00 uptime=47768s
2026-05-18 09:29:58 | INFO     | ayumi.forward_test | [B5 Periodic] ticks=60096 bars_built=4 signals=0 traded=0 eval_errors=0
2026-05-18 09:30:05 | INFO     | ayumi.blend_launcher | [B5 Health] ticks=60104 tps=1.50 bars=4 signals=0 trades=0 balance=10000.00 uptime=47828s
2026-05-18 09:30:58 | INFO     | ayumi.forward_test | [B5 Periodic] ticks=60218 bars_built=4 signals=0 traded=0 eval_errors=0
2026-05-18 09:31:05 | INFO     | ayumi.blend_launcher | [B5 Health] ticks=60226 tps=1.72 bars=4 signals=0 trades=0 balance=10000.00 uptime=47888s
2026-05-18 09:31:58 | INFO     | ayumi.forward_test | [B5 Periodic] ticks=60288 bars_built=4 signals=0 traded=0 eval_errors=0
2026-05-18 09:32:05 | INFO     | ayumi.blend_launcher | [B5 Health] ticks=60300 tps=2.46 bars=4 signals=0 trades=0 balance=10000.00 uptime=47948s
2026-05-18 09:32:58 | INFO     | ayumi.forward_test | [B5 Periodic] ticks=60378 bars_built=4 signals=0 traded=0 eval_errors=0
2026-05-18 09:33:05 | INFO     | ayumi.blend_launcher | [B5 Health] ticks=60381 tps=0.75 bars=4 signals=0 trades=0 balance=10000.00 uptime=48008s
2026-05-18 09:33:58 | INFO     | ayumi.forward_test | [B5 Periodic] ticks=60466 bars_built=4 signals=0 traded=0 eval_errors=0
2026-05-18 09:34:05 | INFO     | ayumi.blend_launcher | [B5 Health] ticks=60475 tps=1.51 bars=4 signals=0 trades=0 balance=10000.00 uptime=48068s
2026-05-18 09:34:58 | INFO     | ayumi.forward_test | [B5 Periodic] ticks=60568 bars_built=4 signals=0 traded=0 eval_errors=0
2026-05-18 09:35:05 | INFO     | ayumi.blend_launcher | [B5 Health] ticks=60576 tps=1.71 bars=4 signals=0 trades=0 balance=10000.00 uptime=48128s
2026-05-18 09:35:58 | INFO     | ayumi.forward_test | [B5 Periodic] ticks=60673 bars_built=4 signals=0 traded=0 eval_errors=0
2026-05-18 09:36:05 | INFO     | ayumi.blend_launcher | [B5 Health] ticks=60688 tps=2.32 bars=4 signals=0 trades=0 balance=10000.00 uptime=48188s
2026-05-18 09:36:58 | INFO     | ayumi.forward_test | [B5 Periodic] ticks=60754 bars_built=4 signals=0 traded=0 eval_errors=0
2026-05-18 09:37:05 | INFO     | ayumi.blend_launcher | [B5 Health] ticks=60763 tps=1.74 bars=4 signals=0 trades=0 balance=10000.00 uptime=48248s
2026-05-18 09:37:58 | INFO     | ayumi.forward_test | [B5 Periodic] ticks=60830 bars_built=4 signals=0 traded=0 eval_errors=0
2026-05-18 09:38:05 | INFO     | ayumi.blend_launcher | [B5 Health] ticks=60840 tps=1.81 bars=4 signals=0 trades=0 balance=10000.00 uptime=48308s
2026-05-18 09:38:58 | INFO     | ayumi.forward_test | [B5 Periodic] ticks=60899 bars_built=4 signals=0 traded=0 eval_errors=0
2026-05-18 09:39:05 | INFO     | ayumi.blend_launcher | [B5 Health] ticks=60910 tps=1.54 bars=4 signals=0 trades=0 balance=10000.00 uptime=48368s
2026-05-18 09:39:58 | INFO     | ayumi.forward_test | [B5 Periodic] ticks=60986 bars_built=4 signals=0 traded=0 eval_errors=0
2026-05-18 09:40:05 | INFO     | ayumi.blend_launcher | [B5 Health] ticks=60999 tps=2.34 bars=4 signals=0 trades=0 balance=10000.00 uptime=48428s
2026-05-18 09:40:58 | INFO     | ayumi.forward_test | [B5 Periodic] ticks=61085 bars_built=4 signals=0 traded=0 eval_errors=0
2026-05-18 09:41:05 | INFO     | ayumi.blend_launcher | [B5 Health] ticks=61105 tps=3.03 bars=4 signals=0 trades=0 balance=10000.00 uptime=48488s
2026-05-18 09:41:58 | INFO     | ayumi.forward_test | [B5 Periodic] ticks=61171 bars_built=4 signals=0 traded=0 eval_errors=0
2026-05-18 09:42:05 | INFO     | ayumi.blend_launcher | [B5 Health] ticks=61179 tps=1.63 bars=4 signals=0 trades=0 balance=10000.00 uptime=48548s
2026-05-18 09:42:58 | INFO     | ayumi.forward_test | [B5 Periodic] ticks=61262 bars_built=4 signals=0 traded=0 eval_errors=0
2026-05-18 09:43:05 | INFO     | ayumi.blend_launcher | [B5 Health] ticks=61270 tps=1.32 bars=4 signals=0 trades=0 balance=10000.00 uptime=48608s
2026-05-18 09:43:58 | INFO     | ayumi.forward_test | [B5 Periodic] ticks=61343 bars_built=4 signals=0 traded=0 eval_errors=0
2026-05-18 09:44:05 | INFO     | ayumi.blend_launcher | [B5 Health] ticks=61345 tps=0.82 bars=4 signals=0 trades=0 balance=10000.00 uptime=48668s
2026-05-18 09:44:58 | INFO     | ayumi.forward_test | [B5 Periodic] ticks=61438 bars_built=4 signals=0 traded=0 eval_errors=0
2026-05-18 09:45:05 | INFO     | ayumi.blend_launcher | [B5 Health] ticks=61447 tps=1.51 bars=4 signals=0 trades=0 balance=10000.00 uptime=48728s
2026-05-18 09:45:58 | INFO     | ayumi.forward_test | [B5 Periodic] ticks=61534 bars_built=4 signals=0 traded=0 eval_errors=0
2026-05-18 09:46:05 | INFO     | ayumi.blend_launcher | [B5 Health] ticks=61544 tps=2.00 bars=4 signals=0 trades=0 balance=10000.00 uptime=48788s
2026-05-18 09:46:58 | INFO     | ayumi.forward_test | [B5 Periodic] ticks=61624 bars_built=4 signals=0 traded=0 eval_errors=0
2026-05-18 09:47:05 | INFO     | ayumi.blend_launcher | [B5 Health] ticks=61638 tps=2.11 bars=4 signals=0 trades=0 balance=10000.00 uptime=48848s
2026-05-18 09:47:58 | INFO     | ayumi.forward_test | [B5 Periodic] ticks=61720 bars_built=4 signals=0 traded=0 eval_errors=0
2026-05-18 09:48:05 | INFO     | ayumi.blend_launcher | [B5 Health] ticks=61723 tps=0.93 bars=4 signals=0 trades=0 balance=10000.00 uptime=48908s
2026-05-18 09:48:58 | INFO     | ayumi.forward_test | [B5 Periodic] ticks=61763 bars_built=4 signals=0 traded=0 eval_errors=0
2026-05-18 09:49:05 | INFO     | ayumi.blend_launcher | [B5 Health] ticks=61779 tps=2.03 bars=4 signals=0 trades=0 balance=10000.00 uptime=48968s
2026-05-18 09:49:58 | INFO     | ayumi.forward_test | [B5 Periodic] ticks=61847 bars_built=4 signals=0 traded=0 eval_errors=0
2026-05-18 09:50:05 | INFO     | ayumi.blend_launcher | [B5 Health] ticks=61861 tps=2.04 bars=4 signals=0 trades=0 balance=10000.00 uptime=49028s
2026-05-18 09:50:58 | INFO     | ayumi.forward_test | [B5 Periodic] ticks=61936 bars_built=4 signals=0 traded=0 eval_errors=0
2026-05-18 09:51:05 | INFO     | ayumi.blend_launcher | [B5 Health] ticks=61956 tps=2.45 bars=4 signals=0 trades=0 balance=10000.00 uptime=49088s
2026-05-18 09:51:58 | INFO     | ayumi.forward_test | [B5 Periodic] ticks=62016 bars_built=4 signals=0 traded=0 eval_errors=0
2026-05-18 09:52:05 | INFO     | ayumi.blend_launcher | [B5 Health] ticks=62025 tps=1.69 bars=4 signals=0 trades=0 balance=10000.00 uptime=49148s
2026-05-18 09:52:58 | INFO     | ayumi.forward_test | [B5 Periodic] ticks=62106 bars_built=4 signals=0 traded=0 eval_errors=0
2026-05-18 09:53:05 | INFO     | ayumi.blend_launcher | [B5 Health] ticks=62121 tps=2.89 bars=4 signals=0 trades=0 balance=10000.00 uptime=49208s
2026-05-18 09:53:58 | INFO     | ayumi.forward_test | [B5 Periodic] ticks=62212 bars_built=4 signals=0 traded=0 eval_errors=0
2026-05-18 09:54:05 | INFO     | ayumi.blend_launcher | [B5 Health] ticks=62221 tps=1.31 bars=4 signals=0 trades=0 balance=10000.00 uptime=49268s
2026-05-18 09:54:58 | INFO     | ayumi.forward_test | [B5 Periodic] ticks=62329 bars_built=4 signals=0 traded=0 eval_errors=0
2026-05-18 09:55:05 | INFO     | ayumi.blend_launcher | [B5 Health] ticks=62350 tps=3.15 bars=4 signals=0 trades=0 balance=10000.00 uptime=49328s
2026-05-18 09:55:58 | INFO     | ayumi.forward_test | [B5 Periodic] ticks=62416 bars_built=4 signals=0 traded=0 eval_errors=0
2026-05-18 09:56:05 | INFO     | ayumi.blend_launcher | [B5 Health] ticks=62436 tps=2.55 bars=4 signals=0 trades=0 balance=10000.00 uptime=49388s
2026-05-18 09:56:58 | INFO     | ayumi.forward_test | [B5 Periodic] ticks=62531 bars_built=4 signals=0 traded=0 eval_errors=0
2026-05-18 09:57:05 | INFO     | ayumi.blend_launcher | [B5 Health] ticks=62545 tps=2.33 bars=4 signals=0 trades=0 balance=10000.00 uptime=49448s
2026-05-18 09:57:58 | INFO     | ayumi.forward_test | [B5 Periodic] ticks=62649 bars_built=4 signals=0 traded=0 eval_errors=0
2026-05-18 09:58:05 | INFO     | ayumi.blend_launcher | [B5 Health] ticks=62656 tps=1.20 bars=4 signals=0 trades=0 balance=10000.00 uptime=49508s
2026-05-18 09:58:58 | INFO     | ayumi.forward_test | [B5 Periodic] ticks=62744 bars_built=4 signals=0 traded=0 eval_errors=0
2026-05-18 09:59:05 | INFO     | ayumi.blend_launcher | [B5 Health] ticks=62754 tps=1.52 bars=4 signals=0 trades=0 balance=10000.00 uptime=49568s
2026-05-18 09:59:58 | INFO     | ayumi.forward_test | [B5 Periodic] ticks=62841 bars_built=4 signals=0 traded=0 eval_errors=0
2026-05-18 10:00:05 | INFO     | ayumi.blend_launcher | [B5 Health] ticks=62864 tps=3.32 bars=4 signals=0 trades=0 balance=10000.00 uptime=49628s
2026-05-18 10:00:58 | INFO     | ayumi.forward_test | [B5 Periodic] ticks=62949 bars_built=4 signals=0 traded=0 eval_errors=0
2026-05-18 10:01:05 | INFO     | ayumi.blend_launcher | [B5 Health] ticks=62963 tps=2.19 bars=4 signals=0 trades=0 balance=10000.00 uptime=49688s
2026-05-18 10:01:58 | INFO     | ayumi.forward_test | [B5 Periodic] ticks=63044 bars_built=4 signals=0 traded=0 eval_errors=0
2026-05-18 10:02:05 | INFO     | ayumi.blend_launcher | [B5 Health] ticks=63061 tps=2.50 bars=4 signals=0 trades=0 balance=10000.00 uptime=49748s
2026-05-18 10:02:58 | INFO     | ayumi.forward_test | [B5 Periodic] ticks=63176 bars_built=4 signals=0 traded=0 eval_errors=0
2026-05-18 10:03:05 | INFO     | ayumi.blend_launcher | [B5 Health] ticks=63184 tps=2.00 bars=4 signals=0 trades=0 balance=10000.00 uptime=49808s
2026-05-18 10:03:58 | INFO     | ayumi.forward_test | [B5 Periodic] ticks=63306 bars_built=4 signals=0 traded=0 eval_errors=0
2026-05-18 10:04:05 | INFO     | ayumi.blend_launcher | [B5 Health] ticks=63315 tps=1.30 bars=4 signals=0 trades=0 balance=10000.00 uptime=49868s
2026-05-18 10:04:58 | INFO     | ayumi.forward_test | [B5 Periodic] ticks=63422 bars_built=4 signals=0 traded=0 eval_errors=0
2026-05-18 10:05:05 | INFO     | ayumi.blend_launcher | [B5 Health] ticks=63435 tps=2.36 bars=4 signals=0 trades=0 balance=10000.00 uptime=49928s
2026-05-18 10:05:58 | INFO     | ayumi.forward_test | [B5 Periodic] ticks=63536 bars_built=4 signals=0 traded=0 eval_errors=0
2026-05-18 10:06:05 | INFO     | ayumi.blend_launcher | [B5 Health] ticks=63551 tps=2.73 bars=4 signals=0 trades=0 balance=10000.00 uptime=49988s
2026-05-18 10:06:58 | INFO     | ayumi.forward_test | [B5 Periodic] ticks=63625 bars_built=4 signals=0 traded=0 eval_errors=0
2026-05-18 10:07:05 | INFO     | ayumi.blend_launcher | [B5 Health] ticks=63637 tps=1.90 bars=4 signals=0 trades=0 balance=10000.00 uptime=50048s
2026-05-18 10:07:58 | INFO     | ayumi.forward_test | [B5 Periodic] ticks=63728 bars_built=4 signals=0 traded=0 eval_errors=0
2026-05-18 10:08:05 | INFO     | ayumi.blend_launcher | [B5 Health] ticks=63743 tps=2.10 bars=4 signals=0 trades=0 balance=10000.00 uptime=50108s
2026-05-18 10:08:58 | INFO     | ayumi.forward_test | [B5 Periodic] ticks=63809 bars_built=4 signals=0 traded=0 eval_errors=0
2026-05-18 10:09:05 | INFO     | ayumi.blend_launcher | [B5 Health] ticks=63823 tps=2.14 bars=4 signals=0 trades=0 balance=10000.00 uptime=50168s
2026-05-18 10:09:58 | INFO     | ayumi.forward_test | [B5 Periodic] ticks=63914 bars_built=4 signals=0 traded=0 eval_errors=0
2026-05-18 10:10:05 | INFO     | ayumi.blend_launcher | [B5 Health] ticks=63931 tps=2.57 bars=4 signals=0 trades=0 balance=10000.00 uptime=50228s
2026-05-18 10:10:58 | INFO     | ayumi.forward_test | [B5 Periodic] ticks=64021 bars_built=4 signals=0 traded=0 eval_errors=0
2026-05-18 10:11:05 | INFO     | ayumi.blend_launcher | [B5 Health] ticks=64038 tps=2.71 bars=4 signals=0 trades=0 balance=10000.00 uptime=50288s
2026-05-18 10:11:58 | INFO     | ayumi.forward_test | [B5 Periodic] ticks=64109 bars_built=4 signals=0 traded=0 eval_errors=0
2026-05-18 10:12:05 | INFO     | ayumi.blend_launcher | [B5 Health] ticks=64114 tps=1.06 bars=4 signals=0 trades=0 balance=10000.00 uptime=50348s
2026-05-18 10:12:58 | INFO     | ayumi.forward_test | [B5 Periodic] ticks=64220 bars_built=4 signals=0 traded=0 eval_errors=0
2026-05-18 10:13:05 | INFO     | ayumi.blend_launcher | [B5 Health] ticks=64238 tps=2.86 bars=4 signals=0 trades=0 balance=10000.00 uptime=50408s
2026-05-18 10:13:58 | INFO     | ayumi.forward_test | [B5 Periodic] ticks=64304 bars_built=4 signals=0 traded=0 eval_errors=0
2026-05-18 10:14:05 | INFO     | ayumi.blend_launcher | [B5 Health] ticks=64312 tps=1.21 bars=4 signals=0 trades=0 balance=10000.00 uptime=50468s
2026-05-18 10:14:58 | INFO     | ayumi.forward_test | [B5 Periodic] ticks=64406 bars_built=4 signals=0 traded=0 eval_errors=0
2026-05-18 10:15:05 | INFO     | ayumi.blend_launcher | [B5 Health] ticks=64424 tps=2.56 bars=4 signals=0 trades=0 balance=10000.00 uptime=50528s
2026-05-18 10:15:44 | INFO     | ayumi.forward_test | Shutdown signal received (sig=15)
2026-05-18 10:15:44 | INFO     | ayumi.openapi_spot_feed | Unsubscribed from spot events for symbol_id=2
2026-05-18 10:15:44 | INFO     | ayumi.openapi_spot_feed | Unsubscribed from spot events for symbol_id=4
2026-05-18 10:15:44 | INFO     | ayumi.openapi_spot_feed | OpenApiSpotFeed stopped
2026-05-18 10:15:44 | INFO     | ayumi.openapi_live_client | [OpenApiLiveClient] Disconnected
2026-05-18 10:15:44 | INFO     | ayumi.forward_test | Forward test stopped: balance=10000.00 trades=0 pnl=0.00 errors=0 reconnects=0
2026-05-18 10:15:44 | WARNING  | ayumi.openapi_spot_feed | Disconnected: [Failure instance: Traceback (failure with no frames): <class 'twisted.internet.error.ConnectionDone'>: Connection was closed cleanly.
]
