Running as unit: run-r27759a34fdcf4ee781c4fe56d6080e5f.scope; invocation ID: 9dde12627e8f4665af3fb11f5f0cbdc1
................................s.........................E.E......E.E.E [  0%]
....................................................s................... [  1%]
........................................................................ [  2%]
........................................................................ [  4%]
........................................................................ [  5%]
......F................................................................. [  6%]
........................................................................ [  7%]
........................................................F............... [  8%]
........................................................................ [  9%]
........................................................................ [ 10%]
..............................................................F......... [ 11%]
........................................................................ [ 12%]
..................................................................FFF... [ 13%]
.....................................................................E.. [ 14%]
......................................................FFF............... [ 15%]
.............................................F.......F....F......F.F.... [ 16%]
........................................................................ [ 17%]
..........................F........................FFF.................. [ 18%]
........ssssss.....ssssssss.....................................E.E..... [ 19%]
E....................................................................... [ 20%]
........................................................................ [ 21%]
........................................................................ [ 22%]
FF......E.E.E.E..E...................................................... [ 23%]
........................................................................ [ 24%]
.................................F...........F......F................... [ 25%]
........................................................................ [ 26%]
........................................................................ [ 27%]
........................................................................ [ 28%]
........................................................................ [ 29%]
........................................................................ [ 30%]
........................................................................ [ 31%]
........................................................................ [ 32%]
.....................................................E......E.....FE.E.. [ 33%]
...........sss.......................................................... [ 34%]
........................................................................ [ 35%]
....F................................................................... [ 36%]
........................................................................ [ 37%]
.......................................x..x..........FF.F......xxx...... [ 38%]
..F..................................................................... [ 39%]
..................................................................FFFFFF [ 40%]
........................................................................ [ 41%]
........................................................................ [ 42%]
........................................................................ [ 43%]
............................................................E........... [ 44%]
........................................................................ [ 45%]
.......................................F..F............................. [ 46%]
........................................................................ [ 47%]
........................................................................ [ 48%]
.FFF..................................................s................. [ 49%]
............................................................F...... [ 50%]
.....................................EEEEEE............................F [ 51%]
........................F...F........................................... [ 52%]
...........................................FF........................... [ 53%]
.........................................................ssss........... [ 54%]
........................................................................ [ 55%]
FFF.......FF.....................................F...................... [ 56%]
..............s......................................................... [ 57%]
........................................................................ [ 58%]
........................................................................ [ 59%]
...........................................................E............ [ 60%]
........................................................................ [ 61%]
..F.F................................................................... [ 62%]
..+++++++++++++++++++++++++++++++++++ Timeout ++++++++++++++++++++++++++++++++++++
~~~~~~~~~~~~~~~~~~ Stack of twisted-reactor (139670246651584) ~~~~~~~~~~~~~~~~~~
  File "/usr/lib/python3.12/threading.py", line 1030, in _bootstrap
    self._bootstrap_inner()
  File "/usr/lib/python3.12/threading.py", line 1073, in _bootstrap_inner
    self.run()
  File "/usr/lib/python3.12/threading.py", line 1010, in run
    self._target(*self._args, **self._kwargs)
  File "/usr/lib/python3/dist-packages/twisted/internet/base.py", line 695, in run
    self.mainLoop()
  File "/usr/lib/python3/dist-packages/twisted/internet/base.py", line 708, in mainLoop
    self.doIteration(t)
  File "/usr/lib/python3/dist-packages/twisted/internet/epollreactor.py", line 227, in doPoll
    l = self._poller.poll(timeout, len(self._selectables))
+++++++++++++++++++++++++++++++++++ Timeout ++++++++++++++++++++++++++++++++++++
F....................................................................... [ 64%]
...FF...FFFFFF..F....................................................... [ 65%]
................F.F.............F...s................................... [ 66%]
................F..........FFF.......................................... [ 67%]
........................................................................ [ 68%]
........................................................................ [ 69%]
........................................................................ [ 70%]
..F...FF..........F..................................................... [ 71%]
.............................FF...............Fs.s...........s.......... [ 72%]
........................................................................ [ 73%]
..................sss............+++++++++++++++++++++++++++++++++++ Timeout ++++++++++++++++++++++++++++++++++++
~~~~~~~~~~~~~~~~~~ Stack of twisted-reactor (139670246651584) ~~~~~~~~~~~~~~~~~~
  File "/usr/lib/python3.12/threading.py", line 1030, in _bootstrap
    self._bootstrap_inner()
  File "/usr/lib/python3.12/threading.py", line 1073, in _bootstrap_inner
    self.run()
  File "/usr/lib/python3.12/threading.py", line 1010, in run
    self._target(*self._args, **self._kwargs)
  File "/usr/lib/python3/dist-packages/twisted/internet/base.py", line 695, in run
    self.mainLoop()
  File "/usr/lib/python3/dist-packages/twisted/internet/base.py", line 708, in mainLoop
    self.doIteration(t)
  File "/usr/lib/python3/dist-packages/twisted/internet/epollreactor.py", line 227, in doPoll
    l = self._poller.poll(timeout, len(self._selectables))
+++++++++++++++++++++++++++++++++++ Timeout ++++++++++++++++++++++++++++++++++++
F.....................................F......F..F....F.................. [ 74%]
........................................................................ [ 75%]
....F........FF......................................................... [ 76%]
........................................................................ [ 77%]
...........E.EEEE......................................................F [ 78%]
F...........F.................................F..F...................... [ 79%]
.....................ssssssssssss....................................... [ 80%]
...........ss........................................................... [ 81%]
........................................................................ [ 82%]
...........................................................xXXX..... [ 83%]
.................................................................. [ 84%]
........................................................................ [ 85%]
.....................................................F.................. [ 86%]
........................................................................ [ 87%]
........................................................................ [ 88%]
...................................................................F..FF [ 89%]
..FFFF.......................................................F.F........ [ 90%]
............ssss................................................FFF..... [ 91%]
...............................F....................F.F................. [ 92%]
...........................E........................................FF.. [ 93%]
FF.FF................F.................................................. [ 94%]
........................................................................ [ 96%]
........................................................................ [ 97%]
........................................................................ [ 98%]
........................................................................ [ 99%]
.................................................................        [100%]
==================================== ERRORS ====================================
_ ERROR at teardown of TestPositionMonitoringSLHit.test_loss_calculated_correctly_on_sl_hit _
E   Failed: Test wrote under <repo>/data/ — use tmp_path-based fixtures instead. Violations: modified: data/state/risk_guard_state.json
------------------------------ Captured log setup ------------------------------
WARNING  ayumi.ctrader.kill_switch:kill_switch.py:319 KillSwitch STARTUP: ADMINISTRATIVELY DISABLED — FTMOGuard/RiskGuard activations will be SUPPRESSED (no-op). Pass disabled=False to the KillSwitchManager constructor to enable enforcement. (class default: Craig directive Jun 27 2026-09-08)
WARNING  ayumi.ctrader.kill_switch:kill_switch.py:319 KillSwitch STARTUP: ADMINISTRATIVELY DISABLED — FTMOGuard/RiskGuard activations will be SUPPRESSED (no-op). Pass disabled=False to the KillSwitchManager constructor to enable enforcement. (class default: Craig directive Jun 27 2026-09-08)
---------------------------- Captured log teardown -----------------------------
WARNING  ayumi.ctrader.kill_switch:kill_switch.py:319 KillSwitch STARTUP: ADMINISTRATIVELY DISABLED — FTMOGuard/RiskGuard activations will be SUPPRESSED (no-op). Pass disabled=False to the KillSwitchManager constructor to enable enforcement. (class default: Craig directive Jun 27 2026-09-08)
_ ERROR at teardown of TestPositionMonitoringSLHit.test_short_position_closes_when_sl_hit _
E   Failed: Test wrote under <repo>/data/ — use tmp_path-based fixtures instead. Violations: modified: data/state/risk_guard_state.json
------------------------------ Captured log setup ------------------------------
WARNING  ayumi.ctrader.kill_switch:kill_switch.py:319 KillSwitch STARTUP: ADMINISTRATIVELY DISABLED — FTMOGuard/RiskGuard activations will be SUPPRESSED (no-op). Pass disabled=False to the KillSwitchManager constructor to enable enforcement. (class default: Craig directive Jun 27 2026-09-08)
WARNING  ayumi.ctrader.kill_switch:kill_switch.py:319 KillSwitch STARTUP: ADMINISTRATIVELY DISABLED — FTMOGuard/RiskGuard activations will be SUPPRESSED (no-op). Pass disabled=False to the KillSwitchManager constructor to enable enforcement. (class default: Craig directive Jun 27 2026-09-08)
---------------------------- Captured log teardown -----------------------------
WARNING  ayumi.ctrader.kill_switch:kill_switch.py:319 KillSwitch STARTUP: ADMINISTRATIVELY DISABLED — FTMOGuard/RiskGuard activations will be SUPPRESSED (no-op). Pass disabled=False to the KillSwitchManager constructor to enable enforcement. (class default: Craig directive Jun 27 2026-09-08)
_ ERROR at teardown of TestPositionMonitoringTPHit.test_pnl_calculated_correctly_on_tp_hit _
E   Failed: Test wrote under <repo>/data/ — use tmp_path-based fixtures instead. Violations: modified: data/state/risk_guard_state.json
------------------------------ Captured log setup ------------------------------
WARNING  ayumi.ctrader.kill_switch:kill_switch.py:319 KillSwitch STARTUP: ADMINISTRATIVELY DISABLED — FTMOGuard/RiskGuard activations will be SUPPRESSED (no-op). Pass disabled=False to the KillSwitchManager constructor to enable enforcement. (class default: Craig directive Jun 27 2026-09-08)
WARNING  ayumi.ctrader.kill_switch:kill_switch.py:319 KillSwitch STARTUP: ADMINISTRATIVELY DISABLED — FTMOGuard/RiskGuard activations will be SUPPRESSED (no-op). Pass disabled=False to the KillSwitchManager constructor to enable enforcement. (class default: Craig directive Jun 27 2026-09-08)
---------------------------- Captured log teardown -----------------------------
WARNING  ayumi.ctrader.kill_switch:kill_switch.py:319 KillSwitch STARTUP: ADMINISTRATIVELY DISABLED — FTMOGuard/RiskGuard activations will be SUPPRESSED (no-op). Pass disabled=False to the KillSwitchManager constructor to enable enforcement. (class default: Craig directive Jun 27 2026-09-08)
_ ERROR at teardown of TestPositionMonitoringTPHit.test_position_no_longer_in_open_list_after_tp _
E   Failed: Test wrote under <repo>/data/ — use tmp_path-based fixtures instead. Violations: modified: data/state/risk_guard_state.json
------------------------------ Captured log setup ------------------------------
WARNING  ayumi.ctrader.kill_switch:kill_switch.py:319 KillSwitch STARTUP: ADMINISTRATIVELY DISABLED — FTMOGuard/RiskGuard activations will be SUPPRESSED (no-op). Pass disabled=False to the KillSwitchManager constructor to enable enforcement. (class default: Craig directive Jun 27 2026-09-08)
WARNING  ayumi.ctrader.kill_switch:kill_switch.py:319 KillSwitch STARTUP: ADMINISTRATIVELY DISABLED — FTMOGuard/RiskGuard activations will be SUPPRESSED (no-op). Pass disabled=False to the KillSwitchManager constructor to enable enforcement. (class default: Craig directive Jun 27 2026-09-08)
---------------------------- Captured log teardown -----------------------------
WARNING  ayumi.ctrader.kill_switch:kill_switch.py:319 KillSwitch STARTUP: ADMINISTRATIVELY DISABLED — FTMOGuard/RiskGuard activations will be SUPPRESSED (no-op). Pass disabled=False to the KillSwitchManager constructor to enable enforcement. (class default: Craig directive Jun 27 2026-09-08)
_ ERROR at teardown of TestPositionMonitoringTPHit.test_position_closes_when_tp_hit _
E   Failed: Test wrote under <repo>/data/ — use tmp_path-based fixtures instead. Violations: modified: data/state/risk_guard_state.json
------------------------------ Captured log setup ------------------------------
WARNING  ayumi.ctrader.kill_switch:kill_switch.py:319 KillSwitch STARTUP: ADMINISTRATIVELY DISABLED — FTMOGuard/RiskGuard activations will be SUPPRESSED (no-op). Pass disabled=False to the KillSwitchManager constructor to enable enforcement. (class default: Craig directive Jun 27 2026-09-08)
WARNING  ayumi.ctrader.kill_switch:kill_switch.py:319 KillSwitch STARTUP: ADMINISTRATIVELY DISABLED — FTMOGuard/RiskGuard activations will be SUPPRESSED (no-op). Pass disabled=False to the KillSwitchManager constructor to enable enforcement. (class default: Craig directive Jun 27 2026-09-08)
---------------------------- Captured log teardown -----------------------------
WARNING  ayumi.ctrader.kill_switch:kill_switch.py:319 KillSwitch STARTUP: ADMINISTRATIVELY DISABLED — FTMOGuard/RiskGuard activations will be SUPPRESSED (no-op). Pass disabled=False to the KillSwitchManager constructor to enable enforcement. (class default: Craig directive Jun 27 2026-09-08)
_ ERROR at teardown of TestRootB_PaperTraderNoDoubleCount.test_close_position_balance_matches_recompute _
E   Failed: Test wrote under <repo>/data/ — use tmp_path-based fixtures instead. Violations: modified: data/state/risk_guard_state.json
---------------------------- Captured stderr setup -----------------------------
2026-09-13 18:08:21 | INFO     | adapters.ctrader.risk_guard | No RiskGuard state file at /tmp/pytest-of-root/pytest-3530/test_close_position_balance_ma0/rg_state.json — starting fresh
------------------------------ Captured log setup ------------------------------
INFO     adapters.ctrader.risk_guard:risk_guard.py:733 No RiskGuard state file at /tmp/pytest-of-root/pytest-3530/test_close_position_balance_ma0/rg_state.json — starting fresh
----------------------------- Captured stderr call -----------------------------
2026-09-13 18:08:21 | WARNING  | adapters.ctrader.risk_guard | Stale RiskGuard state (balances ~100000.00 vs starting 10000.00) — resetting to fresh
2026-09-13 18:08:21 | INFO     | ayumi.ctrader.kill_switch | No kill switch state file found — starting INACTIVE
2026-09-13 18:08:21 | INFO     | ayumi.ctrader.kill_switch | No strategy state file found — starting with empty registry
2026-09-13 18:08:21 | WARNING  | ayumi.ctrader.kill_switch | KillSwitch STARTUP: ADMINISTRATIVELY DISABLED — FTMOGuard/RiskGuard activations will be SUPPRESSED (no-op). Pass disabled=False to the KillSwitchManager constructor to enable enforcement. (class default: Craig directive Jun 27 2026-09-08)
2026-09-13 18:08:21 | WARNING  | adapters.ctrader.paper_trader | Signal-stats record_outcome failed (non-fatal): Invalid outcome 'tp'; expected one of ['expired', 'manual_close', 'rejected', 'sl_hit', 'timeout_close', 'tp_hit']
2026-09-13 18:08:21 | INFO     | adapters.ctrader.paper_trader | [PAPER] Closed: <MagicMock name='mock.symbol' id='139670328063616'> @ 1.105, PnL: 50.00
------------------------------ Captured log call -------------------------------
WARNING  adapters.ctrader.risk_guard:risk_guard.py:761 Stale RiskGuard state (balances ~100000.00 vs starting 10000.00) — resetting to fresh
INFO     ayumi.ctrader.kill_switch:kill_switch.py:914 No kill switch state file found — starting INACTIVE
INFO     ayumi.ctrader.kill_switch:kill_switch.py:1045 No strategy state file found — starting with empty registry
WARNING  ayumi.ctrader.kill_switch:kill_switch.py:319 KillSwitch STARTUP: ADMINISTRATIVELY DISABLED — FTMOGuard/RiskGuard activations will be SUPPRESSED (no-op). Pass disabled=False to the KillSwitchManager constructor to enable enforcement. (class default: Craig directive Jun 27 2026-09-08)
WARNING  adapters.ctrader.paper_trader:paper_trader.py:422 Signal-stats record_outcome failed (non-fatal): Invalid outcome 'tp'; expected one of ['expired', 'manual_close', 'rejected', 'sl_hit', 'timeout_close', 'tp_hit']
INFO     adapters.ctrader.paper_trader:paper_trader.py:428 [PAPER] Closed: <MagicMock name='mock.symbol' id='139670328063616'> @ 1.105, PnL: 50.00
_ ERROR at teardown of test_mapping_skips_cancelled_signal_when_synthetic_identity_arrives _
E   Failed: Test wrote under <repo>/data/ — use tmp_path-based fixtures instead. Violations: modified: data/edge_telemetry.jsonl
----------------------------- Captured stderr call -----------------------------
2026-09-13 18:08:55 | INFO     | root | Logging initialized: /tmp/ayumi_pytest_logs/forward_test.log (level=INFO)
2026-09-13 18:08:55 | INFO     | risk.edge_telemetry | EdgeTelemetry: loaded 10 trades from data/edge_telemetry.jsonl
2026-09-13 18:08:55 | INFO     | ayumi.orchestrator | Adapted signal: strategy=srmr_plus symbol=XAUUSD dir=LONG conf=0.65 entry=3355.30000 sl=3350.37000 sl_dist=4.930000
2026-09-13 18:08:55 | INFO     | ayumi.orchestrator | Signal received: strategy=srmr_plus symbol=XAUUSD direction=LONG confidence=0.650
2026-09-13 18:08:55 | INFO     | ayumi.orchestrator | Routing: strategy=srmr_plus symbol=XAUUSD → profile=Profile.SWARM
2026-09-13 18:08:55 | INFO     | ayumi.orchestrator | Signal accepted: strategy=srmr_plus symbol=XAUUSD lots=0.0500 risk=$25.00 sl=49.3pips
2026-09-13 18:08:55 | INFO     | ayumi.forward_test | Order accepted: XAUUSD LONG 0.0500 lots risk=$25.00
2026-09-13 18:08:55 | INFO     | ayumi.orchestrator | Adapted signal: strategy=srmr_plus symbol=XAUUSD dir=LONG conf=0.65 entry=3355.30000 sl=3350.37000 sl_dist=4.930000
2026-09-13 18:08:55 | INFO     | ayumi.orchestrator | Signal received: strategy=srmr_plus symbol=XAUUSD direction=LONG confidence=0.650
2026-09-13 18:08:55 | INFO     | ayumi.orchestrator | Routing: strategy=srmr_plus symbol=XAUUSD → profile=Profile.SWARM
2026-09-13 18:08:55 | INFO     | ayumi.orchestrator | Signal accepted: strategy=srmr_plus symbol=XAUUSD lots=0.0500 risk=$25.00 sl=49.3pips
2026-09-13 18:08:55 | INFO     | ayumi.forward_test | Order accepted: XAUUSD LONG 0.0500 lots risk=$25.00
2026-09-13 18:08:55 | INFO     | ayumi.orchestrator | Adapted signal: strategy=srmr_plus symbol=XAUUSD dir=LONG conf=0.65 entry=3355.30000 sl=3350.37000 sl_dist=4.930000
2026-09-13 18:08:55 | INFO     | ayumi.orchestrator | Adapted signal: strategy=srmr_plus symbol=XAUUSD dir=LONG conf=0.65 entry=3355.30000 sl=3350.37000 sl_dist=4.930000
2026-09-13 18:08:55 | INFO     | ayumi.forward_test | Risk cancelled: signal_id=srmr_plus_1788801600.0 risk=$25.00 freed, daily remaining=$475.00
2026-09-13 18:08:55 | INFO     | ayumi.forward_test | Position closed: signal_id=srmr_plus_1788801660.0 symbol=XAUUSD pnl=0.00 open_risk=0.00
2026-09-13 18:08:55 | INFO     | risk.edge_telemetry | EdgeTelemetry: srmr_plus XAUUSD R=0.00 pnl=$0.00 expectancy=0.455 (5 trades)
2026-09-13 18:08:55 | INFO     | ayumi.risk | Saved risk state to /tmp/pytest-of-root/pytest-3530/test_mapping_skips_cancelled_s0/blend-risk.json
_ ERROR at teardown of test_blend_short_position_is_mirrored_as_short_and_closes_on_take_profit _
E   Failed: Test wrote under <repo>/data/ — use tmp_path-based fixtures instead. Violations: modified: data/edge_telemetry.jsonl
----------------------------- Captured stderr call -----------------------------
2026-09-13 18:08:56 | INFO     | root | Logging initialized: /tmp/ayumi_pytest_logs/forward_test.log (level=INFO)
2026-09-13 18:08:56 | INFO     | risk.edge_telemetry | EdgeTelemetry: loaded 11 trades from data/edge_telemetry.jsonl
2026-09-13 18:08:56 | INFO     | ayumi.orchestrator | Adapted signal: strategy=srmr_plus symbol=XAUUSD dir=SHORT conf=0.65 entry=3355.30000 sl=3360.00000 sl_dist=4.700000
2026-09-13 18:08:56 | INFO     | ayumi.orchestrator | Signal received: strategy=srmr_plus symbol=XAUUSD direction=SHORT confidence=0.650
2026-09-13 18:08:56 | INFO     | ayumi.orchestrator | Routing: strategy=srmr_plus symbol=XAUUSD → profile=Profile.SWARM
2026-09-13 18:08:56 | INFO     | ayumi.orchestrator | Signal accepted: strategy=srmr_plus symbol=XAUUSD lots=0.0500 risk=$25.00 sl=47.0pips
2026-09-13 18:08:56 | INFO     | ayumi.forward_test | Order accepted: XAUUSD SHORT 0.0500 lots risk=$25.00
2026-09-13 18:08:56 | INFO     | ayumi.orchestrator | Adapted signal: strategy=srmr_plus symbol=XAUUSD dir=SHORT conf=0.65 entry=3355.30000 sl=3360.00000 sl_dist=4.700000
2026-09-13 18:08:56 | INFO     | adapters.ctrader.risk_guard | No RiskGuard state file at /tmp/pytest-of-root/pytest-3530/test_blend_short_position_is_m0/paper-risk.json — starting fresh
2026-09-13 18:08:56 | INFO     | ayumi.ctrader.kill_switch | No kill switch state file found — starting INACTIVE
2026-09-13 18:08:56 | INFO     | ayumi.ctrader.kill_switch | No strategy state file found — starting with empty registry
2026-09-13 18:08:56 | WARNING  | ayumi.ctrader.kill_switch | KillSwitch STARTUP: ADMINISTRATIVELY DISABLED — FTMOGuard/RiskGuard activations will be SUPPRESSED (no-op). Pass disabled=False to the KillSwitchManager constructor to enable enforcement. (class default: Craig directive Jun 27 2026-09-08)
2026-09-13 18:08:56 | INFO     | ayumi.forward_test | Mirrored blend position POS_PAPER_SYNTHETIC_SHORT to PaperTrader order manager for signal_id=srmr_plus_1788802200.0
2026-09-13 18:08:56 | INFO     | adapters.ctrader.order_manager | Position POS_PAPER_SYNTHETIC_SHORT closed: tp_hit @ 3340.0, PnL: 76.50
2026-09-13 18:08:56 | INFO     | adapters.ctrader.paper_trader | [PAPER] Auto-closed: XAUUSD PnL: 76.50
2026-09-13 18:08:56 | INFO     | ayumi.forward_test | Position closed: signal_id=srmr_plus_1788802200.0 symbol=XAUUSD pnl=76.50 open_risk=0.00
2026-09-13 18:08:56 | INFO     | risk.edge_telemetry | EdgeTelemetry: srmr_plus XAUUSD R=3.06 pnl=$76.50 expectancy=0.889 (6 trades)
2026-09-13 18:08:56 | INFO     | ayumi.risk | Saved risk state to /tmp/pytest-of-root/pytest-3530/test_blend_short_position_is_m0/blend-risk.json
_ ERROR at teardown of test_blend_accepted_position_is_mirrored_and_closes_on_stop _
E   Failed: Test wrote under <repo>/data/ — use tmp_path-based fixtures instead. Violations: modified: data/edge_telemetry.jsonl
----------------------------- Captured stderr call -----------------------------
2026-09-13 18:08:56 | INFO     | root | Logging initialized: /tmp/ayumi_pytest_logs/forward_test.log (level=INFO)
2026-09-13 18:08:56 | INFO     | risk.edge_telemetry | EdgeTelemetry: loaded 12 trades from data/edge_telemetry.jsonl
2026-09-13 18:08:56 | INFO     | ayumi.orchestrator | Adapted signal: strategy=srmr_plus symbol=XAUUSD dir=LONG conf=0.65 entry=3355.30000 sl=3350.37000 sl_dist=4.930000
2026-09-13 18:08:56 | INFO     | ayumi.orchestrator | Signal received: strategy=srmr_plus symbol=XAUUSD direction=LONG confidence=0.650
2026-09-13 18:08:56 | INFO     | ayumi.orchestrator | Routing: strategy=srmr_plus symbol=XAUUSD → profile=Profile.SWARM
2026-09-13 18:08:56 | INFO     | ayumi.orchestrator | Signal accepted: strategy=srmr_plus symbol=XAUUSD lots=0.0500 risk=$25.00 sl=49.3pips
2026-09-13 18:08:56 | INFO     | ayumi.forward_test | Edge sizing: 1.5x multiplier (high edge, risk=$37.50 lots=0.0750)
2026-09-13 18:08:56 | INFO     | ayumi.forward_test | Order accepted: XAUUSD LONG 0.0750 lots risk=$37.50
2026-09-13 18:08:56 | INFO     | ayumi.orchestrator | Adapted signal: strategy=srmr_plus symbol=XAUUSD dir=LONG conf=0.65 entry=3355.30000 sl=3350.37000 sl_dist=4.930000
2026-09-13 18:08:56 | INFO     | adapters.ctrader.risk_guard | No RiskGuard state file at /tmp/pytest-of-root/pytest-3530/test_blend_accepted_position_i0/paper-risk.json — starting fresh
2026-09-13 18:08:56 | INFO     | ayumi.ctrader.kill_switch | No kill switch state file found — starting INACTIVE
2026-09-13 18:08:56 | INFO     | ayumi.ctrader.kill_switch | No strategy state file found — starting with empty registry
2026-09-13 18:08:56 | WARNING  | ayumi.ctrader.kill_switch | KillSwitch STARTUP: ADMINISTRATIVELY DISABLED — FTMOGuard/RiskGuard activations will be SUPPRESSED (no-op). Pass disabled=False to the KillSwitchManager constructor to enable enforcement. (class default: Craig directive Jun 27 2026-09-08)
2026-09-13 18:08:56 | INFO     | ayumi.forward_test | Mirrored blend position POS_PAPER_SYNTHETIC to PaperTrader order manager for signal_id=srmr_plus_1788801600.0
2026-09-13 18:08:56 | INFO     | adapters.ctrader.order_manager | Position POS_PAPER_SYNTHETIC closed: sl_hit @ 3350.37, PnL: -36.98
2026-09-13 18:08:56 | INFO     | adapters.ctrader.paper_trader | [PAPER] Auto-closed: XAUUSD PnL: -36.98
2026-09-13 18:08:56 | INFO     | ayumi.forward_test | Position closed: signal_id=srmr_plus_1788801600.0 symbol=XAUUSD pnl=-36.98 open_risk=0.00
2026-09-13 18:08:56 | INFO     | risk.edge_telemetry | EdgeTelemetry: srmr_plus XAUUSD R=-0.99 pnl=$-36.98 expectancy=0.621 (7 trades)
2026-09-13 18:08:56 | INFO     | ayumi.risk | Saved risk state to /tmp/pytest-of-root/pytest-3530/test_blend_accepted_position_i0/blend-risk.json
___ ERROR at teardown of TestBlendForwardTestRunner.test_state_save_on_stop ____
E   Failed: Test wrote under <repo>/data/ — use tmp_path-based fixtures instead. Violations: modified: data/signal_stats.jsonl; modified: data/edge_telemetry.jsonl
----------------------------- Captured stderr call -----------------------------
2026-09-13 18:09:09 | WARNING  | ayumi.risk | No state file at /tmp/pytest-of-root/pytest-3530/test_state_save_on_stop0/risk_state.json — starting fresh
_ ERROR at teardown of TestBlendForwardTestRunner.test_state_restore_on_start __
E   Failed: Test wrote under <repo>/data/ — use tmp_path-based fixtures instead. Violations: modified: data/signal_stats.jsonl; modified: data/edge_telemetry.jsonl
----------------------------- Captured stderr call -----------------------------
2026-09-13 18:09:09 | WARNING  | ayumi.risk | No state file at /tmp/pytest-of-root/pytest-3530/test_state_restore_on_start0/risk_state.json — starting fresh
_ ERROR at teardown of TestBlendForwardTestRunner.test_fill_handling_updates_balance _
E   Failed: Test wrote under <repo>/data/ — use tmp_path-based fixtures instead. Violations: modified: data/signal_stats.jsonl; modified: data/edge_telemetry.jsonl
----------------------------- Captured stderr call -----------------------------
2026-09-13 18:09:09 | WARNING  | ayumi.risk | No state file at /tmp/pytest-of-root/pytest-3530/test_fill_handling_updates_bal0/risk_state.json — starting fresh
_ ERROR at teardown of TestBlendForwardTestRunner.test_multiple_signals_in_sequence _
E   Failed: Test wrote under <repo>/data/ — use tmp_path-based fixtures instead. Violations: modified: data/signal_stats.jsonl; modified: data/edge_telemetry.jsonl
----------------------------- Captured stderr call -----------------------------
2026-09-13 18:09:09 | WARNING  | ayumi.risk | No state file at /tmp/pytest-of-root/pytest-3530/test_multiple_signals_in_seque0/risk_state.json — starting fresh
____ ERROR at teardown of TestBlendForwardTestRunner.test_signal_processing ____
E   Failed: Test wrote under <repo>/data/ — use tmp_path-based fixtures instead. Violations: modified: data/signal_stats.jsonl
----------------------------- Captured stderr call -----------------------------
2026-09-13 18:09:09 | WARNING  | ayumi.risk | No state file at /tmp/pytest-of-root/pytest-3530/test_signal_processing0/risk_state.json — starting fresh
___________ ERROR at teardown of TestPaperTrader.test_close_position ___________
E   Failed: Test wrote under <repo>/data/ — use tmp_path-based fixtures instead. Violations: modified: data/state/risk_guard_state.json
---------------------------- Captured stderr setup -----------------------------
2026-09-13 18:10:25 | WARNING  | ayumi.ctrader.kill_switch | KillSwitch STARTUP: ADMINISTRATIVELY DISABLED — FTMOGuard/RiskGuard activations will be SUPPRESSED (no-op). Pass disabled=False to the KillSwitchManager constructor to enable enforcement. (class default: Craig directive Jun 27 2026-09-08)
------------------------------ Captured log setup ------------------------------
WARNING  ayumi.ctrader.kill_switch:kill_switch.py:319 KillSwitch STARTUP: ADMINISTRATIVELY DISABLED — FTMOGuard/RiskGuard activations will be SUPPRESSED (no-op). Pass disabled=False to the KillSwitchManager constructor to enable enforcement. (class default: Craig directive Jun 27 2026-09-08)
----------------------------- Captured stderr call -----------------------------
2026-09-13 18:10:25 | WARNING  | ayumi.ctrader.kill_switch | KillSwitch STARTUP: ADMINISTRATIVELY DISABLED — FTMOGuard/RiskGuard activations will be SUPPRESSED (no-op). Pass disabled=False to the KillSwitchManager constructor to enable enforcement. (class default: Craig directive Jun 27 2026-09-08)
------------------------------ Captured log call -------------------------------
WARNING  ayumi.ctrader.kill_switch:kill_switch.py:319 KillSwitch STARTUP: ADMINISTRATIVELY DISABLED — FTMOGuard/RiskGuard activations will be SUPPRESSED (no-op). Pass disabled=False to the KillSwitchManager constructor to enable enforcement. (class default: Craig directive Jun 27 2026-09-08)
_ ERROR at teardown of TestPaperTrader.test_update_market_prices_with_bid_ask_triggers_stop_loss_for_long _
E   Failed: Test wrote under <repo>/data/ — use tmp_path-based fixtures instead. Violations: modified: data/state/risk_guard_state.json
---------------------------- Captured stderr setup -----------------------------
2026-09-13 18:10:25 | WARNING  | ayumi.ctrader.kill_switch | KillSwitch STARTUP: ADMINISTRATIVELY DISABLED — FTMOGuard/RiskGuard activations will be SUPPRESSED (no-op). Pass disabled=False to the KillSwitchManager constructor to enable enforcement. (class default: Craig directive Jun 27 2026-09-08)
------------------------------ Captured log setup ------------------------------
WARNING  ayumi.ctrader.kill_switch:kill_switch.py:319 KillSwitch STARTUP: ADMINISTRATIVELY DISABLED — FTMOGuard/RiskGuard activations will be SUPPRESSED (no-op). Pass disabled=False to the KillSwitchManager constructor to enable enforcement. (class default: Craig directive Jun 27 2026-09-08)
----------------------------- Captured stderr call -----------------------------
2026-09-13 18:10:25 | WARNING  | ayumi.ctrader.kill_switch | KillSwitch STARTUP: ADMINISTRATIVELY DISABLED — FTMOGuard/RiskGuard activations will be SUPPRESSED (no-op). Pass disabled=False to the KillSwitchManager constructor to enable enforcement. (class default: Craig directive Jun 27 2026-09-08)
------------------------------ Captured log call -------------------------------
WARNING  ayumi.ctrader.kill_switch:kill_switch.py:319 KillSwitch STARTUP: ADMINISTRATIVELY DISABLED — FTMOGuard/RiskGuard activations will be SUPPRESSED (no-op). Pass disabled=False to the KillSwitchManager constructor to enable enforcement. (class default: Craig directive Jun 27 2026-09-08)
_ ERROR at teardown of TestPaperTrader.test_update_market_prices_without_bid_ask_does_not_trigger_stop_loss _
E   Failed: Test wrote under <repo>/data/ — use tmp_path-based fixtures instead. Violations: modified: data/state/risk_guard_state.json
---------------------------- Captured stderr setup -----------------------------
2026-09-13 18:10:26 | WARNING  | ayumi.ctrader.kill_switch | KillSwitch STARTUP: ADMINISTRATIVELY DISABLED — FTMOGuard/RiskGuard activations will be SUPPRESSED (no-op). Pass disabled=False to the KillSwitchManager constructor to enable enforcement. (class default: Craig directive Jun 27 2026-09-08)
------------------------------ Captured log setup ------------------------------
WARNING  ayumi.ctrader.kill_switch:kill_switch.py:319 KillSwitch STARTUP: ADMINISTRATIVELY DISABLED — FTMOGuard/RiskGuard activations will be SUPPRESSED (no-op). Pass disabled=False to the KillSwitchManager constructor to enable enforcement. (class default: Craig directive Jun 27 2026-09-08)
----------------------------- Captured stderr call -----------------------------
2026-09-13 18:10:26 | WARNING  | ayumi.ctrader.kill_switch | KillSwitch STARTUP: ADMINISTRATIVELY DISABLED — FTMOGuard/RiskGuard activations will be SUPPRESSED (no-op). Pass disabled=False to the KillSwitchManager constructor to enable enforcement. (class default: Craig directive Jun 27 2026-09-08)
------------------------------ Captured log call -------------------------------
WARNING  ayumi.ctrader.kill_switch:kill_switch.py:319 KillSwitch STARTUP: ADMINISTRATIVELY DISABLED — FTMOGuard/RiskGuard activations will be SUPPRESSED (no-op). Pass disabled=False to the KillSwitchManager constructor to enable enforcement. (class default: Craig directive Jun 27 2026-09-08)
________ ERROR at teardown of TestPaperTrader.test_close_all_positions _________
E   Failed: Test wrote under <repo>/data/ — use tmp_path-based fixtures instead. Violations: modified: data/state/risk_guard_state.json
---------------------------- Captured stderr setup -----------------------------
2026-09-13 18:10:26 | WARNING  | ayumi.ctrader.kill_switch | KillSwitch STARTUP: ADMINISTRATIVELY DISABLED — FTMOGuard/RiskGuard activations will be SUPPRESSED (no-op). Pass disabled=False to the KillSwitchManager constructor to enable enforcement. (class default: Craig directive Jun 27 2026-09-08)
------------------------------ Captured log setup ------------------------------
WARNING  ayumi.ctrader.kill_switch:kill_switch.py:319 KillSwitch STARTUP: ADMINISTRATIVELY DISABLED — FTMOGuard/RiskGuard activations will be SUPPRESSED (no-op). Pass disabled=False to the KillSwitchManager constructor to enable enforcement. (class default: Craig directive Jun 27 2026-09-08)
----------------------------- Captured stderr call -----------------------------
2026-09-13 18:10:26 | WARNING  | ayumi.ctrader.kill_switch | KillSwitch STARTUP: ADMINISTRATIVELY DISABLED — FTMOGuard/RiskGuard activations will be SUPPRESSED (no-op). Pass disabled=False to the KillSwitchManager constructor to enable enforcement. (class default: Craig directive Jun 27 2026-09-08)
------------------------------ Captured log call -------------------------------
WARNING  ayumi.ctrader.kill_switch:kill_switch.py:319 KillSwitch STARTUP: ADMINISTRATIVELY DISABLED — FTMOGuard/RiskGuard activations will be SUPPRESSED (no-op). Pass disabled=False to the KillSwitchManager constructor to enable enforcement. (class default: Craig directive Jun 27 2026-09-08)
_ ERROR at teardown of TestLiveModeBlock.test_paper_mode_ignores_validation_flag _
E   Failed: Test wrote under <repo>/data/ — use tmp_path-based fixtures instead. Violations: modified: data/heartbeat_trading.json
----------------------------- Captured stderr call -----------------------------
2026-09-13 18:11:50 | WARNING  | ayumi.ctrader.kill_switch | KillSwitch STARTUP: ADMINISTRATIVELY DISABLED — FTMOGuard/RiskGuard activations will be SUPPRESSED (no-op). Pass disabled=False to the KillSwitchManager constructor to enable enforcement. (class default: Craig directive Jun 27 2026-09-08)
------------------------------ Captured log call -------------------------------
WARNING  ayumi.ctrader.kill_switch:kill_switch.py:319 KillSwitch STARTUP: ADMINISTRATIVELY DISABLED — FTMOGuard/RiskGuard activations will be SUPPRESSED (no-op). Pass disabled=False to the KillSwitchManager constructor to enable enforcement. (class default: Craig directive Jun 27 2026-09-08)
INFO     ayumi.forward_test:forward_test_engine.py:567 STARTUP: Kill switch CLEAR — enforcement active
INFO     ayumi.forward_test:forward_test_engine.py:751 Forward test started: symbols=['GBPUSD'] strategies=[] mode=PAPER eval_interval=1.0s bar_period=60m
INFO     ayumi.forward_test:forward_test_engine.py:761 [B5 Startup] Strategy list: []
INFO     ayumi.forward_test:forward_test_engine.py:762 [B5 Startup] Symbols: ['GBPUSD']
INFO     ayumi.forward_test:forward_test_engine.py:763 [B5 Startup] Bar period: 60m
INFO     ayumi.forward_test:forward_test_engine.py:764 [B5 Startup] Min confidence: 0.50
INFO     ayumi.forward_test:forward_test_engine.py:765 [B5 Startup] Min bars for evaluation: 50
INFO     ayumi.forward_test:forward_test_engine.py:769 [B5 Startup] Strategy timeframes: {}
INFO     ayumi.forward_test:forward_test_engine.py:773 [B5 Startup] Required timeframes: [60]
_ ERROR at setup of TestConfluenceEngine.test_take_profit_levels_decreasing_for_short _
E   AttributeError: 'ICTMarketState' object has no attribute 'calculate_atr'
_ ERROR at setup of TestConfluenceEngine.test_evaluate_returns_signal_or_none __
E   AttributeError: 'ICTMarketState' object has no attribute 'calculate_atr'
_ ERROR at setup of TestConfluenceEngine.test_confidence_below_threshold_returns_none _
E   AttributeError: 'ICTMarketState' object has no attribute 'calculate_atr'
____ ERROR at setup of TestConfluenceEngine.test_signal_has_required_fields ____
E   AttributeError: 'ICTMarketState' object has no attribute 'calculate_atr'
_ ERROR at setup of TestConfluenceEngine.test_take_profit_levels_increasing_for_long _
E   AttributeError: 'ICTMarketState' object has no attribute 'calculate_atr'
_____ ERROR at setup of TestConfluenceEngine.test_risk_reward_calculation ______
E   AttributeError: 'ICTMarketState' object has no attribute 'calculate_atr'
_ ERROR at teardown of TestExecuteSignalLiveWorksWithoutPaperTrader.test_outcome_filled_when_paper_trader_is_none _
E   Failed: Test wrote under <repo>/data/ — use tmp_path-based fixtures instead. Violations: modified: data/state/risk_guard_state.json
---------------------------- Captured stderr setup -----------------------------
2026-09-13 18:13:43 | INFO     | ayumi.ctrader.kill_switch | No kill switch state file found — starting INACTIVE
2026-09-13 18:13:43 | INFO     | ayumi.ctrader.kill_switch | No strategy state file found — starting with empty registry
2026-09-13 18:13:43 | WARNING  | ayumi.ctrader.kill_switch | KillSwitch STARTUP: ADMINISTRATIVELY DISABLED — FTMOGuard/RiskGuard activations will be SUPPRESSED (no-op). Pass disabled=False to the KillSwitchManager constructor to enable enforcement. (class default: Craig directive Jun 27 2026-09-08)
2026-09-13 18:13:43 | INFO     | ayumi.forward_test | STARTUP: Kill switch CLEAR — enforcement active
2026-09-13 18:13:43 | INFO     | ayumi.forward_test | ConfidenceEngine initialised for live-fire gating (min_confidence=0.55)
2026-09-13 18:13:43 | INFO     | ayumi.forward_test | KillCriteriaChecker initialised for live-fire gating (max_spread_bps=2.0)
2026-09-13 18:13:43 | INFO     | ayumi.forward_test | BehavioralPolicy initialised for live-fire sizing
2026-09-13 18:13:43 | INFO     | ayumi.ctrader.kill_switch | No kill switch state file found — starting INACTIVE
2026-09-13 18:13:43 | INFO     | ayumi.ctrader.kill_switch | No strategy state file found — starting with empty registry
2026-09-13 18:13:43 | WARNING  | ayumi.ctrader.kill_switch | KillSwitch STARTUP: ADMINISTRATIVELY DISABLED — FTMOGuard/RiskGuard activations will be SUPPRESSED (no-op). Pass disabled=False to the KillSwitchManager constructor to enable enforcement. (class default: Craig directive Jun 27 2026-09-08)
------------------------------ Captured log setup ------------------------------
INFO     ayumi.ctrader.kill_switch:kill_switch.py:914 No kill switch state file found — starting INACTIVE
INFO     ayumi.ctrader.kill_switch:kill_switch.py:1045 No strategy state file found — starting with empty registry
WARNING  ayumi.ctrader.kill_switch:kill_switch.py:319 KillSwitch STARTUP: ADMINISTRATIVELY DISABLED — FTMOGuard/RiskGuard activations will be SUPPRESSED (no-op). Pass disabled=False to the KillSwitchManager constructor to enable enforcement. (class default: Craig directive Jun 27 2026-09-08)
INFO     ayumi.forward_test:forward_test_engine.py:567 STARTUP: Kill switch CLEAR — enforcement active
INFO     ayumi.forward_test:forward_test_engine.py:600 ConfidenceEngine initialised for live-fire gating (min_confidence=0.55)
INFO     ayumi.forward_test:forward_test_engine.py:611 KillCriteriaChecker initialised for live-fire gating (max_spread_bps=2.0)
INFO     ayumi.forward_test:forward_test_engine.py:620 BehavioralPolicy initialised for live-fire sizing
INFO     ayumi.ctrader.kill_switch:kill_switch.py:914 No kill switch state file found — starting INACTIVE
INFO     ayumi.ctrader.kill_switch:kill_switch.py:1045 No strategy state file found — starting with empty registry
WARNING  ayumi.ctrader.kill_switch:kill_switch.py:319 KillSwitch STARTUP: ADMINISTRATIVELY DISABLED — FTMOGuard/RiskGuard activations will be SUPPRESSED (no-op). Pass disabled=False to the KillSwitchManager constructor to enable enforcement. (class default: Craig directive Jun 27 2026-09-08)
----------------------------- Captured stderr call -----------------------------
2026-09-13 18:13:43 | INFO     | ayumi.openapi_spot_feed | [Startup] token refresh ENABLED (was disabled by default)
2026-09-13 18:13:43 | INFO     | ayumi.openapi_spot_feed | [Startup] refresh_owner=TokenLifecycle wired=True refresh_enabled=True
2026-09-13 18:13:43 | INFO     | ayumi.forward_test | OpenApiSpotFeed + cTraderAPIClient constructed for live_mode
2026-09-13 18:13:43 | WARNING  | adapters.ctrader.risk_guard | Stale RiskGuard state (balances ~100000.00 vs starting 10000.00) — resetting to fresh
2026-09-13 18:13:43 | INFO     | ayumi.ctrader.kill_switch | No kill switch state file found — starting INACTIVE
2026-09-13 18:13:43 | INFO     | ayumi.ctrader.kill_switch | No strategy state file found — starting with empty registry
2026-09-13 18:13:43 | WARNING  | ayumi.ctrader.kill_switch | KillSwitch STARTUP: ADMINISTRATIVELY DISABLED — FTMOGuard/RiskGuard activations will be SUPPRESSED (no-op). Pass disabled=False to the KillSwitchManager constructor to enable enforcement. (class default: Craig directive Jun 27 2026-09-08)
2026-09-13 18:13:43 | INFO     | ayumi.forward_test | SL/TP attached inline on MARKET order ord_filled (position ord_filled): sl=1.09500 tp=1.10500
2026-09-13 18:13:43 | WARNING  | ayumi.forward_test | No OrderManager available — TP2/TP3 cannot be stored on Position ord_filled (non-fatal)
2026-09-13 18:13:43 | INFO     | ayumi.forward_test | Live order FILLED: long EURUSD unit_test lots=0.10 raw_volume=10000 order_id=ord_filled
------------------------------ Captured log call -------------------------------
INFO     ayumi.openapi_spot_feed:open_api_spot_feed.py:439 [Startup] token refresh ENABLED (was disabled by default)
INFO     ayumi.openapi_spot_feed:open_api_spot_feed.py:446 [Startup] refresh_owner=TokenLifecycle wired=True refresh_enabled=True
INFO     ayumi.forward_test:forward_test_engine.py:1027 OpenApiSpotFeed + cTraderAPIClient constructed for live_mode
WARNING  adapters.ctrader.risk_guard:risk_guard.py:761 Stale RiskGuard state (balances ~100000.00 vs starting 10000.00) — resetting to fresh
INFO     ayumi.ctrader.kill_switch:kill_switch.py:914 No kill switch state file found — starting INACTIVE
INFO     ayumi.ctrader.kill_switch:kill_switch.py:1045 No strategy state file found — starting with empty registry
WARNING  ayumi.ctrader.kill_switch:kill_switch.py:319 KillSwitch STARTUP: ADMINISTRATIVELY DISABLED — FTMOGuard/RiskGuard activations will be SUPPRESSED (no-op). Pass disabled=False to the KillSwitchManager constructor to enable enforcement. (class default: Craig directive Jun 27 2026-09-08)
INFO     ayumi.forward_test:forward_test_engine.py:1668 SL/TP attached inline on MARKET order ord_filled (position ord_filled): sl=1.09500 tp=1.10500
WARNING  ayumi.forward_test:forward_test_engine.py:1695 No OrderManager available — TP2/TP3 cannot be stored on Position ord_filled (non-fatal)
INFO     ayumi.forward_test:forward_test_engine.py:1772 Live order FILLED: long EURUSD unit_test lots=0.10 raw_volume=10000 order_id=ord_filled
_______ ERROR at setup of test_engine_start_succeeds_after_two_failures ________
E   AttributeError: 'NoneType' object has no attribute '__dict__'. Did you mean: '__dir__'?
_____ ERROR at setup of test_engine_start_final_exception_terminates_loop ______
E   AttributeError: 'NoneType' object has no attribute '__dict__'. Did you mean: '__dir__'?
__________ ERROR at setup of test_engine_start_exhausts_retry_budget ___________
E   AttributeError: 'NoneType' object has no attribute '__dict__'. Did you mean: '__dir__'?
_______ ERROR at setup of test_engine_start_raises_treated_as_transient ________
E   AttributeError: 'NoneType' object has no attribute '__dict__'. Did you mean: '__dir__'?
__________ ERROR at setup of test_engine_start_succeeds_first_attempt __________
E   AttributeError: 'NoneType' object has no attribute '__dict__'. Did you mean: '__dir__'?
____________ ERROR at teardown of test_on_fill_records_outcome_line ____________
E   Failed: Test wrote under <repo>/data/ — use tmp_path-based fixtures instead. Violations: modified: data/edge_telemetry.jsonl
----------------------------- Captured stderr call -----------------------------
2026-09-13 18:19:01 | INFO     | root | Logging initialized: /tmp/ayumi_pytest_logs/forward_test.log (level=INFO)
2026-09-13 18:19:01 | INFO     | risk.edge_telemetry | EdgeTelemetry: loaded 19 trades from data/edge_telemetry.jsonl
2026-09-13 18:19:01 | INFO     | ayumi.orchestrator | Adapted signal: strategy=srmr_plus symbol=XAUUSD dir=LONG conf=0.65 entry=2000.00000 sl=1995.00000 sl_dist=5.000000
2026-09-13 18:19:01 | INFO     | ayumi.orchestrator | Signal received: strategy=srmr_plus symbol=XAUUSD direction=LONG confidence=0.650
2026-09-13 18:19:01 | INFO     | ayumi.orchestrator | Routing: strategy=srmr_plus symbol=XAUUSD → profile=Profile.SWARM
2026-09-13 18:19:01 | INFO     | ayumi.orchestrator | Signal accepted: strategy=srmr_plus symbol=XAUUSD lots=0.0500 risk=$25.00 sl=50.0pips
2026-09-13 18:19:01 | INFO     | ayumi.forward_test | Edge sizing: 1.5x multiplier (high edge, risk=$37.50 lots=0.0750)
2026-09-13 18:19:01 | INFO     | ayumi.forward_test | Order accepted: XAUUSD LONG 0.0750 lots risk=$37.50
2026-09-13 18:19:01 | INFO     | ayumi.orchestrator | Adapted signal: strategy=srmr_plus symbol=XAUUSD dir=LONG conf=0.65 entry=2000.00000 sl=1995.00000 sl_dist=5.000000
2026-09-13 18:19:01 | INFO     | ayumi.forward_test | Position closed: signal_id=srmr_plus_1787141700.0 symbol=XAUUSD pnl=5.00 open_risk=0.00
2026-09-13 18:19:01 | INFO     | risk.edge_telemetry | EdgeTelemetry: srmr_plus XAUUSD R=0.13 pnl=$5.00 expectancy=0.560 (8 trades)
2026-09-13 18:19:01 | INFO     | ayumi.risk | Saved risk state to /dev/null
=================================== FAILURES ===================================
E   TypeError: BacktestEngine.__init__() missing 1 required positional argument: 'strategies'
------------------------------ Captured log call -------------------------------
WARNING  crisis_replay:crisis_replay.py:192 No data files found for USDCHF in /tmp/pytest-of-root/pytest-3530/test_with_synthetic_data0
WARNING  crisis_replay:crisis_replay.py:192 No data files found for GBPUSD in /tmp/pytest-of-root/pytest-3530/test_with_synthetic_data0
/home/TacoPants/projects/Ayumi/.worktrees/reina-3e83f2c6-113-triage/src/forex-bot/backtest/crisis_replay.py:409: TypeError: BacktestEngine.__init__() missing 1 required positional argument: 'strategies'
E   Failed: Negative demonstration: write to a tmp_path-based PROJECT_ROOT/data/signal_stats.jsonl succeeded (which is expected — it must never reach <repo>/data/). If this test ever PASSes, the negative-test contract is broken.
/home/TacoPants/projects/Ayumi/.worktrees/reina-3e83f2c6-113-triage/tests/unit/risk/test_risk_lifecycle.py:338: Failed: Negative demonstration: write to a tmp_path-based PROJECT_ROOT/data/signal_stats.jsonl succeeded (which is expected — it must never reach <repo>/data/). If this test ever PASSes, the negative-test contract is broken.
E   assert True is False
     +  where True = <[AttributeError("'TestCanaryStrategy' object has no attribute '_initialized'") raised in repr()] TestCanaryStrategy object at 0x7f07886bdc40>.enabled
/home/TacoPants/projects/Ayumi/.worktrees/reina-3e83f2c6-113-triage/tests/unit/strategies/test_canary_disable.py:137: assert True is False
E   assert 1 == 0
     +  where 1 = CompletedProcess(args=['/usr/bin/python3', '-m', 'backtest.dsr', '--pnls', '0.01', '-0.005', '0.008', '--name', 'small...hon3: Error while finding module specification for 'backtest.dsr' (ModuleNotFoundError: No module named 'backtest')\n").returncode
/home/TacoPants/projects/Ayumi/.worktrees/reina-3e83f2c6-113-triage/tests/test_dsr.py:313: assert 1 == 0
E   AssertionError: stderr: /usr/bin/python3: Error while finding module specification for 'backtest.dsr' (ModuleNotFoundError: No module named 'backtest')
      
    assert 1 == 0
     +  where 1 = CompletedProcess(args=['/usr/bin/python3', '-m', 'backtest.dsr', '--pnls', '0.01', '-0.005', '0.008', '0.002', '0.002'...hon3: Error while finding module specification for 'backtest.dsr' (ModuleNotFoundError: No module named 'backtest')\n").returncode
/home/TacoPants/projects/Ayumi/.worktrees/reina-3e83f2c6-113-triage/tests/test_dsr.py:265: AssertionError: stderr: /usr/bin/python3: Error while finding module specification for 'backtest.dsr' (ModuleNotFoundError: No module named 'backtest')
E   AssertionError: stderr: /usr/bin/python3: Error while finding module specification for 'backtest.dsr' (ModuleNotFoundError: No module named 'backtest')
      
    assert 1 == 0
     +  where 1 = CompletedProcess(args=['/usr/bin/python3', '-m', 'backtest.dsr', '--input', '/tmp/pytest-of-root/pytest-3530/test_cli_...hon3: Error while finding module specification for 'backtest.dsr' (ModuleNotFoundError: No module named 'backtest')\n").returncode
/home/TacoPants/projects/Ayumi/.worktrees/reina-3e83f2c6-113-triage/tests/test_dsr.py:290: AssertionError: stderr: /usr/bin/python3: Error while finding module specification for 'backtest.dsr' (ModuleNotFoundError: No module named 'backtest')
E   AssertionError: stderr: /usr/bin/python3: Error while finding module specification for 'backtest.bootstrap_ci' (ModuleNotFoundError: No module named 'backtest')
      
    assert 1 == 0
     +  where 1 = CompletedProcess(args=['/usr/bin/python3', '-m', 'backtest.bootstrap_ci', '/tmp/pytest-of-root/pytest-3530/test_cli_em...or while finding module specification for 'backtest.bootstrap_ci' (ModuleNotFoundError: No module named 'backtest')\n").returncode
/home/TacoPants/projects/Ayumi/.worktrees/reina-3e83f2c6-113-triage/tests/test_bootstrap_ci.py:331: AssertionError: stderr: /usr/bin/python3: Error while finding module specification for 'backtest.bootstrap_ci' (ModuleNotFoundError: No module named 'backtest')
E   assert 1 == 2
     +  where 1 = CompletedProcess(args=['/usr/bin/python3', '-m', 'backtest.bootstrap_ci', '/tmp/pytest-of-root/pytest-3530/test_cli_fi...or while finding module specification for 'backtest.bootstrap_ci' (ModuleNotFoundError: No module named 'backtest')\n").returncode
/home/TacoPants/projects/Ayumi/.worktrees/reina-3e83f2c6-113-triage/tests/test_bootstrap_ci.py:311: assert 1 == 2
E   AssertionError: stderr: /usr/bin/python3: Error while finding module specification for 'backtest.bootstrap_ci' (ModuleNotFoundError: No module named 'backtest')
      
    assert 1 == 0
     +  where 1 = CompletedProcess(args=['/usr/bin/python3', '-m', 'backtest.bootstrap_ci', '/tmp/pytest-of-root/pytest-3530/test_cli_ba...or while finding module specification for 'backtest.bootstrap_ci' (ModuleNotFoundError: No module named 'backtest')\n").returncode
/home/TacoPants/projects/Ayumi/.worktrees/reina-3e83f2c6-113-triage/tests/test_bootstrap_ci.py:290: AssertionError: stderr: /usr/bin/python3: Error while finding module specification for 'backtest.bootstrap_ci' (ModuleNotFoundError: No module named 'backtest')
E   assert 100000.0 == 101000.0
     +  where 100000.0 = <adapters.ctrader.risk_guard.RiskGuard object at 0x7f07884cefc0>._peak_balance
----------------------------- Captured stderr call -----------------------------
2026-09-13 18:08:30 | INFO     | adapters.ctrader.risk_guard | No RiskGuard state file at /tmp/pytest-of-root/pytest-3530/test_record_trade_updates_peak0/risk_guard_state.json — starting fresh
------------------------------ Captured log call -------------------------------
INFO     adapters.ctrader.risk_guard:risk_guard.py:733 No RiskGuard state file at /tmp/pytest-of-root/pytest-3530/test_record_trade_updates_peak0/risk_guard_state.json — starting fresh
/home/TacoPants/projects/Ayumi/.worktrees/reina-3e83f2c6-113-triage/tests/integration/test_ctrader_risk_guard.py:189: assert 100000.0 == 101000.0
E   assert 100000.0 == (100000.0 + 500.0)
     +  where 100000.0 = <adapters.ctrader.risk_guard.RiskGuard object at 0x7f07884cf1a0>._current_balance
----------------------------- Captured stderr call -----------------------------
2026-09-13 18:08:31 | INFO     | adapters.ctrader.risk_guard | No RiskGuard state file at /tmp/pytest-of-root/pytest-3530/test_record_trade_updates_bala0/risk_guard_state.json — starting fresh
------------------------------ Captured log call -------------------------------
INFO     adapters.ctrader.risk_guard:risk_guard.py:733 No RiskGuard state file at /tmp/pytest-of-root/pytest-3530/test_record_trade_updates_bala0/risk_guard_state.json — starting fresh
/home/TacoPants/projects/Ayumi/.worktrees/reina-3e83f2c6-113-triage/tests/integration/test_ctrader_risk_guard.py:183: assert 100000.0 == (100000.0 + 500.0)
E   assert 0.03 == 0.05
     +  where 0.03 = FTMOProfile(risk_per_trade_pct=0.005, daily_loss_limit_pct=0.03, total_drawdown_limit_pct=0.1, max_trades_per_day=10, max_positions=3, min_risk_reward=1.5, best_day_rule_max_pct=0.5, best_day_enforce_pct=0.4).daily_loss_limit_pct
/home/TacoPants/projects/Ayumi/.worktrees/reina-3e83f2c6-113-triage/tests/integration/test_ctrader_risk_guard.py:18: assert 0.03 == 0.05
E   Failed: DID NOT RAISE <class 'ValueError'>
/home/TacoPants/projects/Ayumi/.worktrees/reina-3e83f2c6-113-triage/tests/integration/test_ctrader_risk_guard.py:41: Failed: DID NOT RAISE <class 'ValueError'>
E   assert 100000.0 == 94000.0
     +  where 100000.0 = <adapters.ctrader.risk_guard.RiskGuard object at 0x7f07884c7d40>._current_balance
----------------------------- Captured stderr call -----------------------------
2026-09-13 18:08:32 | INFO     | adapters.ctrader.risk_guard | No RiskGuard state file at /tmp/pytest-of-root/pytest-3530/test_daily_loss_still_triggers0/risk_guard_state.json — starting fresh
------------------------------ Captured log call -------------------------------
INFO     adapters.ctrader.risk_guard:risk_guard.py:733 No RiskGuard state file at /tmp/pytest-of-root/pytest-3530/test_daily_loss_still_triggers0/risk_guard_state.json — starting fresh
/home/TacoPants/projects/Ayumi/.worktrees/reina-3e83f2c6-113-triage/tests/integration/test_ctrader_risk_guard.py:271: assert 100000.0 == 94000.0
E   AssertionError: <backtest.stat_arb.StatArbStrategy object at 0x7f078847f140> is not an instance of <class 'backtest.strategies.isignal_strategy.ISignalStrategy'>
/usr/lib/python3.12/unittest/case.py:715: AssertionError: <backtest.stat_arb.StatArbStrategy object at 0x7f078847f140> is not an instance of <class 'backtest.strategies.isignal_strategy.ISignalStrategy'>
E   AssertionError: TradeOutcome should be the same enum class after fix
    assert <enum 'TradeOutcome'> is <enum 'TradeOutcome'>
     +  where <enum 'TradeOutcome'> = type(<TradeOutcome.WIN: 'win'>)
     +    where <TradeOutcome.WIN: 'win'> = <enum 'TradeOutcome'>.WIN
     +      where <enum 'TradeOutcome'> = core_types.TradeOutcome
     +  and   <enum 'TradeOutcome'> = type(<TradeOutcome.WIN: 'win'>)
     +    where <TradeOutcome.WIN: 'win'> = <enum 'TradeOutcome'>.WIN
     +      where <enum 'TradeOutcome'> = backtest_types.TradeOutcome
/home/TacoPants/projects/Ayumi/.worktrees/reina-3e83f2c6-113-triage/tests/unit/core/test_type_identity_parity.py:54: AssertionError: TradeOutcome should be the same enum class after fix
E   AssertionError: Cross-module TradeOutcome equality should hold after fix
    assert <TradeOutcome.WIN: 'win'> == <TradeOutcome.WIN: 'win'>
     +  where <TradeOutcome.WIN: 'win'> = <enum 'TradeOutcome'>.WIN
     +    where <enum 'TradeOutcome'> = core_types.TradeOutcome
     +  and   <TradeOutcome.WIN: 'win'> = <enum 'TradeOutcome'>.WIN
     +    where <enum 'TradeOutcome'> = backtest_types.TradeOutcome
/home/TacoPants/projects/Ayumi/.worktrees/reina-3e83f2c6-113-triage/tests/unit/core/test_type_identity_parity.py:59: AssertionError: Cross-module TradeOutcome equality should hold after fix
E   AssertionError: TradeOutcome members should share identity after fix
    assert <TradeOutcome.WIN: 'win'> is <TradeOutcome.WIN: 'win'>
     +  where <TradeOutcome.WIN: 'win'> = <enum 'TradeOutcome'>.WIN
     +    where <enum 'TradeOutcome'> = core_types.TradeOutcome
     +  and   <TradeOutcome.WIN: 'win'> = <enum 'TradeOutcome'>.WIN
     +    where <enum 'TradeOutcome'> = backtest_types.TradeOutcome
/home/TacoPants/projects/Ayumi/.worktrees/reina-3e83f2c6-113-triage/tests/unit/core/test_type_identity_parity.py:49: AssertionError: TradeOutcome members should share identity after fix
E   TypeError: BacktestEngine.__init__() missing 1 required positional argument: 'strategies'
/home/TacoPants/projects/Ayumi/.worktrees/reina-3e83f2c6-113-triage/tests/e2e/test_backtest_engine_close_all.py:138: TypeError: BacktestEngine.__init__() missing 1 required positional argument: 'strategies'
E   TypeError: BacktestEngine.__init__() missing 1 required positional argument: 'strategies'
/home/TacoPants/projects/Ayumi/.worktrees/reina-3e83f2c6-113-triage/tests/e2e/test_backtest_engine_close_all.py:51: TypeError: BacktestEngine.__init__() missing 1 required positional argument: 'strategies'
E   AssertionError: assert 0.00019999999999997797 < 0.0001
     +  where 0.00019999999999997797 = abs((1.105 - 1.1052))
     +    where 1.105 = Position(position_id='POS_PAPER_20260913180917767985', symbol='EURUSD', direction=<TradeDirection.SHORT: 'short'>, vol..._in_trade_sec=0.0, high_water_mark=0.0, low_water_mark=0.0, take_profit_2=None, take_profit_3=None, tp_levels_fired=[]).closed_price
/home/TacoPants/projects/Ayumi/.worktrees/reina-3e83f2c6-113-triage/tests/integration/test_ctrader_order_manager.py:283: AssertionError: assert 0.00019999999999997797 < 0.0001
E   AssertionError: assert 0.00019999999999997797 < 0.0001
     +  where 0.00019999999999997797 = abs((1.095 - 1.0948))
     +    where 1.095 = Position(position_id='POS_PAPER_20260913180918291015', symbol='EURUSD', direction=<TradeDirection.LONG: 'long'>, volum..._in_trade_sec=0.0, high_water_mark=0.0, low_water_mark=0.0, take_profit_2=None, take_profit_3=None, tp_levels_fired=[]).closed_price
/home/TacoPants/projects/Ayumi/.worktrees/reina-3e83f2c6-113-triage/tests/integration/test_ctrader_order_manager.py:268: AssertionError: assert 0.00019999999999997797 < 0.0001
E   AssertionError: assert <PositionStatus.CLOSED: 'closed'> == <PositionStatus.OPEN: 'open'>
     +  where <PositionStatus.CLOSED: 'closed'> = Position(position_id='POS_PAPER_20260913180918678600', symbol='EURUSD', direction=<TradeDirection.LONG: 'long'>, volum..._in_trade_sec=0.0, high_water_mark=0.0, low_water_mark=0.0, take_profit_2=None, take_profit_3=None, tp_levels_fired=[]).status
     +  and   <PositionStatus.OPEN: 'open'> = PositionStatus.OPEN
/home/TacoPants/projects/Ayumi/.worktrees/reina-3e83f2c6-113-triage/tests/integration/test_ctrader_order_manager.py:297: AssertionError: assert <PositionStatus.CLOSED: 'closed'> == <PositionStatus.OPEN: 'open'>
E   assert 0 == 1
     +  where 0 = len([])
---------------------------- Captured stderr setup -----------------------------
2026-09-13 18:10:26 | WARNING  | ayumi.ctrader.kill_switch | KillSwitch STARTUP: ADMINISTRATIVELY DISABLED — FTMOGuard/RiskGuard activations will be SUPPRESSED (no-op). Pass disabled=False to the KillSwitchManager constructor to enable enforcement. (class default: Craig directive Jun 27 2026-09-08)
------------------------------ Captured log setup ------------------------------
WARNING  ayumi.ctrader.kill_switch:kill_switch.py:319 KillSwitch STARTUP: ADMINISTRATIVELY DISABLED — FTMOGuard/RiskGuard activations will be SUPPRESSED (no-op). Pass disabled=False to the KillSwitchManager constructor to enable enforcement. (class default: Craig directive Jun 27 2026-09-08)
----------------------------- Captured stderr call -----------------------------
2026-09-13 18:10:26 | WARNING  | ayumi.ctrader.kill_switch | KillSwitch STARTUP: ADMINISTRATIVELY DISABLED — FTMOGuard/RiskGuard activations will be SUPPRESSED (no-op). Pass disabled=False to the KillSwitchManager constructor to enable enforcement. (class default: Craig directive Jun 27 2026-09-08)
------------------------------ Captured log call -------------------------------
WARNING  ayumi.ctrader.kill_switch:kill_switch.py:319 KillSwitch STARTUP: ADMINISTRATIVELY DISABLED — FTMOGuard/RiskGuard activations will be SUPPRESSED (no-op). Pass disabled=False to the KillSwitchManager constructor to enable enforcement. (class default: Craig directive Jun 27 2026-09-08)
/home/TacoPants/projects/Ayumi/.worktrees/reina-3e83f2c6-113-triage/tests/integration/test_ctrader_paper_trader.py:372: assert 0 == 1
E   assert 0 == 5
     +  where 0 = <adapters.ctrader.risk_guard.RiskGuard object at 0x7f078897eab0>._daily_trade_count
/home/TacoPants/projects/Ayumi/.worktrees/reina-3e83f2c6-113-triage/tests/unit/risk/test_live_balance_persistence.py:254: assert 0 == 5
E   AssertionError: assert False
     +  where False = exists()
     +    where exists = PosixPath('/tmp/pytest-of-root/pytest-3530/test_heartbeat_atomic_write0/heartbeat_trading.json').exists
----------------------------- Captured stderr call -----------------------------
2026-09-13 18:10:45 | WARNING  | ayumi.ctrader.kill_switch | KillSwitch STARTUP: ENABLED — FTMOGuard/RiskGuard activations will HALT the eval loop on breach. (explicit disabled=False override applied)
2026-09-13 18:10:45 | WARNING  | ayumi.forward_test | Failed to write heartbeat: 'ForwardTestEngine' object has no attribute '_last_bar_built_at'
------------------------------ Captured log call -------------------------------
WARNING  ayumi.ctrader.kill_switch:kill_switch.py:326 KillSwitch STARTUP: ENABLED — FTMOGuard/RiskGuard activations will HALT the eval loop on breach. (explicit disabled=False override applied)
WARNING  ayumi.forward_test:forward_test_engine.py:2923 Failed to write heartbeat: 'ForwardTestEngine' object has no attribute '_last_bar_built_at'
/home/TacoPants/projects/Ayumi/.worktrees/reina-3e83f2c6-113-triage/tests/unit/risk/test_kill_switch_auto.py:601: AssertionError: assert False
E   FileNotFoundError: [Errno 2] No such file or directory: '/tmp/pytest-of-root/pytest-3530/test_heartbeat_multiple_writes0/heartbeat_trading.json'
----------------------------- Captured stderr call -----------------------------
2026-09-13 18:10:45 | WARNING  | ayumi.ctrader.kill_switch | KillSwitch STARTUP: ENABLED — FTMOGuard/RiskGuard activations will HALT the eval loop on breach. (explicit disabled=False override applied)
2026-09-13 18:10:45 | WARNING  | ayumi.forward_test | Failed to write heartbeat: 'ForwardTestEngine' object has no attribute '_last_bar_built_at'
2026-09-13 18:10:45 | WARNING  | ayumi.forward_test | Failed to write heartbeat: 'ForwardTestEngine' object has no attribute '_last_bar_built_at'
2026-09-13 18:10:45 | WARNING  | ayumi.forward_test | Failed to write heartbeat: 'ForwardTestEngine' object has no attribute '_last_bar_built_at'
2026-09-13 18:10:45 | WARNING  | ayumi.forward_test | Failed to write heartbeat: 'ForwardTestEngine' object has no attribute '_last_bar_built_at'
2026-09-13 18:10:45 | WARNING  | ayumi.forward_test | Failed to write heartbeat: 'ForwardTestEngine' object has no attribute '_last_bar_built_at'
2026-09-13 18:10:45 | WARNING  | ayumi.forward_test | Failed to write heartbeat: 'ForwardTestEngine' object has no attribute '_last_bar_built_at'
2026-09-13 18:10:45 | WARNING  | ayumi.forward_test | Failed to write heartbeat: 'ForwardTestEngine' object has no attribute '_last_bar_built_at'
2026-09-13 18:10:45 | WARNING  | ayumi.forward_test | Failed to write heartbeat: 'ForwardTestEngine' object has no attribute '_last_bar_built_at'
2026-09-13 18:10:45 | WARNING  | ayumi.forward_test | Failed to write heartbeat: 'ForwardTestEngine' object has no attribute '_last_bar_built_at'
2026-09-13 18:10:45 | WARNING  | ayumi.forward_test | Failed to write heartbeat: 'ForwardTestEngine' object has no attribute '_last_bar_built_at'
2026-09-13 18:10:45 | WARNING  | ayumi.forward_test | Failed to write heartbeat: 'ForwardTestEngine' object has no attribute '_last_bar_built_at'
2026-09-13 18:10:45 | WARNING  | ayumi.forward_test | Failed to write heartbeat: 'ForwardTestEngine' object has no attribute '_last_bar_built_at'
2026-09-13 18:10:45 | WARNING  | ayumi.forward_test | Failed to write heartbeat: 'ForwardTestEngine' object has no attribute '_last_bar_built_at'
2026-09-13 18:10:45 | WARNING  | ayumi.forward_test | Failed to write heartbeat: 'ForwardTestEngine' object has no attribute '_last_bar_built_at'
2026-09-13 18:10:45 | WARNING  | ayumi.forward_test | Failed to write heartbeat: 'ForwardTestEngine' object has no attribute '_last_bar_built_at'
2026-09-13 18:10:45 | WARNING  | ayumi.forward_test | Failed to write heartbeat: 'ForwardTestEngine' object has no attribute '_last_bar_built_at'
2026-09-13 18:10:45 | WARNING  | ayumi.forward_test | Failed to write heartbeat: 'ForwardTestEngine' object has no attribute '_last_bar_built_at'
2026-09-13 18:10:45 | WARNING  | ayumi.forward_test | Failed to write heartbeat: 'ForwardTestEngine' object has no attribute '_last_bar_built_at'
2026-09-13 18:10:45 | WARNING  | ayumi.forward_test | Failed to write heartbeat: 'ForwardTestEngine' object has no attribute '_last_bar_built_at'
2026-09-13 18:10:45 | WARNING  | ayumi.forward_test | Failed to write heartbeat: 'ForwardTestEngine' object has no attribute '_last_bar_built_at'
------------------------------ Captured log call -------------------------------
WARNING  ayumi.ctrader.kill_switch:kill_switch.py:326 KillSwitch STARTUP: ENABLED — FTMOGuard/RiskGuard activations will HALT the eval loop on breach. (explicit disabled=False override applied)
WARNING  ayumi.forward_test:forward_test_engine.py:2923 Failed to write heartbeat: 'ForwardTestEngine' object has no attribute '_last_bar_built_at'
WARNING  ayumi.forward_test:forward_test_engine.py:2923 Failed to write heartbeat: 'ForwardTestEngine' object has no attribute '_last_bar_built_at'
WARNING  ayumi.forward_test:forward_test_engine.py:2923 Failed to write heartbeat: 'ForwardTestEngine' object has no attribute '_last_bar_built_at'
WARNING  ayumi.forward_test:forward_test_engine.py:2923 Failed to write heartbeat: 'ForwardTestEngine' object has no attribute '_last_bar_built_at'
WARNING  ayumi.forward_test:forward_test_engine.py:2923 Failed to write heartbeat: 'ForwardTestEngine' object has no attribute '_last_bar_built_at'
WARNING  ayumi.forward_test:forward_test_engine.py:2923 Failed to write heartbeat: 'ForwardTestEngine' object has no attribute '_last_bar_built_at'
WARNING  ayumi.forward_test:forward_test_engine.py:2923 Failed to write heartbeat: 'ForwardTestEngine' object has no attribute '_last_bar_built_at'
WARNING  ayumi.forward_test:forward_test_engine.py:2923 Failed to write heartbeat: 'ForwardTestEngine' object has no attribute '_last_bar_built_at'
WARNING  ayumi.forward_test:forward_test_engine.py:2923 Failed to write heartbeat: 'ForwardTestEngine' object has no attribute '_last_bar_built_at'
WARNING  ayumi.forward_test:forward_test_engine.py:2923 Failed to write heartbeat: 'ForwardTestEngine' object has no attribute '_last_bar_built_at'
WARNING  ayumi.forward_test:forward_test_engine.py:2923 Failed to write heartbeat: 'ForwardTestEngine' object has no attribute '_last_bar_built_at'
WARNING  ayumi.forward_test:forward_test_engine.py:2923 Failed to write heartbeat: 'ForwardTestEngine' object has no attribute '_last_bar_built_at'
WARNING  ayumi.forward_test:forward_test_engine.py:2923 Failed to write heartbeat: 'ForwardTestEngine' object has no attribute '_last_bar_built_at'
WARNING  ayumi.forward_test:forward_test_engine.py:2923 Failed to write heartbeat: 'ForwardTestEngine' object has no attribute '_last_bar_built_at'
WARNING  ayumi.forward_test:forward_test_engine.py:2923 Failed to write heartbeat: 'ForwardTestEngine' object has no attribute '_last_bar_built_at'
WARNING  ayumi.forward_test:forward_test_engine.py:2923 Failed to write heartbeat: 'ForwardTestEngine' object has no attribute '_last_bar_built_at'
WARNING  ayumi.forward_test:forward_test_engine.py:2923 Failed to write heartbeat: 'ForwardTestEngine' object has no attribute '_last_bar_built_at'
WARNING  ayumi.forward_test:forward_test_engine.py:2923 Failed to write heartbeat: 'ForwardTestEngine' object has no attribute '_last_bar_built_at'
WARNING  ayumi.forward_test:forward_test_engine.py:2923 Failed to write heartbeat: 'ForwardTestEngine' object has no attribute '_last_bar_built_at'
WARNING  ayumi.forward_test:forward_test_engine.py:2923 Failed to write heartbeat: 'ForwardTestEngine' object has no attribute '_last_bar_built_at'
/usr/lib/python3.12/pathlib.py:1015: FileNotFoundError: [Errno 2] No such file or directory: '/tmp/pytest-of-root/pytest-3530/test_heartbeat_multiple_writes0/heartbeat_trading.json'
E   FileNotFoundError: [Errno 2] No such file or directory: '/tmp/pytest-of-root/pytest-3530/test_heartbeat_engine_not_runn0/heartbeat_trading.json'
----------------------------- Captured stderr call -----------------------------
2026-09-13 18:10:45 | WARNING  | ayumi.ctrader.kill_switch | KillSwitch STARTUP: ENABLED — FTMOGuard/RiskGuard activations will HALT the eval loop on breach. (explicit disabled=False override applied)
2026-09-13 18:10:45 | WARNING  | ayumi.forward_test | Failed to write heartbeat: 'ForwardTestEngine' object has no attribute '_last_bar_built_at'
------------------------------ Captured log call -------------------------------
WARNING  ayumi.ctrader.kill_switch:kill_switch.py:326 KillSwitch STARTUP: ENABLED — FTMOGuard/RiskGuard activations will HALT the eval loop on breach. (explicit disabled=False override applied)
WARNING  ayumi.forward_test:forward_test_engine.py:2923 Failed to write heartbeat: 'ForwardTestEngine' object has no attribute '_last_bar_built_at'
/usr/lib/python3.12/pathlib.py:1015: FileNotFoundError: [Errno 2] No such file or directory: '/tmp/pytest-of-root/pytest-3530/test_heartbeat_engine_not_runn0/heartbeat_trading.json'
E   ValueError: Timeframe 30 not in allowed whitelist {240, 60, 15}
/home/TacoPants/projects/Ayumi/.worktrees/reina-3e83f2c6-113-triage/src/forex-bot/adapters/ctrader/forward_test_engine.py:446: ValueError: Timeframe 30 not in allowed whitelist {240, 60, 15}
concurrent.futures.process._RemoteTraceback: 
"""
Traceback (most recent call last):
  File "/usr/lib/python3.12/multiprocessing/queues.py", line 264, in _feed
    obj = _ForkingPickler.dumps(obj)
          ^^^^^^^^^^^^^^^^^^^^^^^^^^
  File "/usr/lib/python3.12/multiprocessing/reduction.py", line 51, in dumps
    cls(buf, protocol).dump(obj)
_pickle.PicklingError: Can't pickle <function _worker_entry at 0x7f07a533fe20>: it's not the same object as backtest.parameter_sweep.sweep_runner._worker_entry
"""

The above exception was the direct cause of the following exception:
E   _pickle.PicklingError: Can't pickle <function _worker_entry at 0x7f07a533fe20>: it's not the same object as backtest.parameter_sweep.sweep_runner._worker_entry
/usr/lib/python3.12/multiprocessing/reduction.py:51: _pickle.PicklingError: Can't pickle <function _worker_entry at 0x7f07a533fe20>: it's not the same object as backtest.parameter_sweep.sweep_runner._worker_entry
concurrent.futures.process._RemoteTraceback: 
"""
Traceback (most recent call last):
  File "/usr/lib/python3.12/multiprocessing/queues.py", line 264, in _feed
    obj = _ForkingPickler.dumps(obj)
          ^^^^^^^^^^^^^^^^^^^^^^^^^^
  File "/usr/lib/python3.12/multiprocessing/reduction.py", line 51, in dumps
    cls(buf, protocol).dump(obj)
_pickle.PicklingError: Can't pickle <function _worker_entry at 0x7f07a533fe20>: it's not the same object as backtest.parameter_sweep.sweep_runner._worker_entry
"""

The above exception was the direct cause of the following exception:
E   _pickle.PicklingError: Can't pickle <function _worker_entry at 0x7f07a533fe20>: it's not the same object as backtest.parameter_sweep.sweep_runner._worker_entry
/usr/lib/python3.12/multiprocessing/reduction.py:51: _pickle.PicklingError: Can't pickle <function _worker_entry at 0x7f07a533fe20>: it's not the same object as backtest.parameter_sweep.sweep_runner._worker_entry
concurrent.futures.process._RemoteTraceback: 
"""
Traceback (most recent call last):
  File "/usr/lib/python3.12/multiprocessing/queues.py", line 264, in _feed
    obj = _ForkingPickler.dumps(obj)
          ^^^^^^^^^^^^^^^^^^^^^^^^^^
  File "/usr/lib/python3.12/multiprocessing/reduction.py", line 51, in dumps
    cls(buf, protocol).dump(obj)
_pickle.PicklingError: Can't pickle <function _worker_entry at 0x7f07a533fe20>: it's not the same object as backtest.parameter_sweep.sweep_runner._worker_entry
"""

The above exception was the direct cause of the following exception:
E   _pickle.PicklingError: Can't pickle <function _worker_entry at 0x7f07a533fe20>: it's not the same object as backtest.parameter_sweep.sweep_runner._worker_entry
/usr/lib/python3.12/multiprocessing/reduction.py:51: _pickle.PicklingError: Can't pickle <function _worker_entry at 0x7f07a533fe20>: it's not the same object as backtest.parameter_sweep.sweep_runner._worker_entry
concurrent.futures.process._RemoteTraceback: 
"""
Traceback (most recent call last):
  File "/usr/lib/python3.12/multiprocessing/queues.py", line 264, in _feed
    obj = _ForkingPickler.dumps(obj)
          ^^^^^^^^^^^^^^^^^^^^^^^^^^
  File "/usr/lib/python3.12/multiprocessing/reduction.py", line 51, in dumps
    cls(buf, protocol).dump(obj)
_pickle.PicklingError: Can't pickle <function _worker_entry at 0x7f07a533fe20>: it's not the same object as backtest.parameter_sweep.sweep_runner._worker_entry
"""

The above exception was the direct cause of the following exception:
E   _pickle.PicklingError: Can't pickle <function _worker_entry at 0x7f07a533fe20>: it's not the same object as backtest.parameter_sweep.sweep_runner._worker_entry
/usr/lib/python3.12/multiprocessing/reduction.py:51: _pickle.PicklingError: Can't pickle <function _worker_entry at 0x7f07a533fe20>: it's not the same object as backtest.parameter_sweep.sweep_runner._worker_entry
concurrent.futures.process._RemoteTraceback: 
"""
Traceback (most recent call last):
  File "/usr/lib/python3.12/multiprocessing/queues.py", line 264, in _feed
    obj = _ForkingPickler.dumps(obj)
          ^^^^^^^^^^^^^^^^^^^^^^^^^^
  File "/usr/lib/python3.12/multiprocessing/reduction.py", line 51, in dumps
    cls(buf, protocol).dump(obj)
_pickle.PicklingError: Can't pickle <function _worker_entry at 0x7f07a533fe20>: it's not the same object as backtest.parameter_sweep.sweep_runner._worker_entry
"""

The above exception was the direct cause of the following exception:
E   _pickle.PicklingError: Can't pickle <function _worker_entry at 0x7f07a533fe20>: it's not the same object as backtest.parameter_sweep.sweep_runner._worker_entry
/usr/lib/python3.12/multiprocessing/reduction.py:51: _pickle.PicklingError: Can't pickle <function _worker_entry at 0x7f07a533fe20>: it's not the same object as backtest.parameter_sweep.sweep_runner._worker_entry
concurrent.futures.process._RemoteTraceback: 
"""
Traceback (most recent call last):
  File "/usr/lib/python3.12/multiprocessing/queues.py", line 264, in _feed
    obj = _ForkingPickler.dumps(obj)
          ^^^^^^^^^^^^^^^^^^^^^^^^^^
  File "/usr/lib/python3.12/multiprocessing/reduction.py", line 51, in dumps
    cls(buf, protocol).dump(obj)
_pickle.PicklingError: Can't pickle <function _worker_entry at 0x7f07a533fe20>: it's not the same object as backtest.parameter_sweep.sweep_runner._worker_entry
"""

The above exception was the direct cause of the following exception:
E   _pickle.PicklingError: Can't pickle <function _worker_entry at 0x7f07a533fe20>: it's not the same object as backtest.parameter_sweep.sweep_runner._worker_entry
/usr/lib/python3.12/multiprocessing/reduction.py:51: _pickle.PicklingError: Can't pickle <function _worker_entry at 0x7f07a533fe20>: it's not the same object as backtest.parameter_sweep.sweep_runner._worker_entry
E   assert 0.0 < 0.0
/home/TacoPants/projects/Ayumi/.worktrees/reina-3e83f2c6-113-triage/tests/strategies/test_kelly_criterion.py:144: assert 0.0 < 0.0
E   assert 0.0 == 0.39999999999999997 ± 4.0e-07
      
      comparison failed
      Obtained: 0.0
      Expected: 0.39999999999999997 ± 4.0e-07
/home/TacoPants/projects/Ayumi/.worktrees/reina-3e83f2c6-113-triage/tests/strategies/test_kelly_criterion.py:110: assert 0.0 == 0.39999999999999997 ± 4.0e-07
E   FileNotFoundError: [Errno 2] No such file or directory: '/home/TacoPants/projects/Ayumi/.worktrees/reina-3e83f2c6-113-triage/tests/strategies/../../data/forex/historical/GBPUSD_H1.csv'
/home/TacoPants/projects/Ayumi/.worktrees/reina-3e83f2c6-113-triage/src/forex-bot/backtest/data_loader.py:171: FileNotFoundError: [Errno 2] No such file or directory: '/home/TacoPants/projects/Ayumi/.worktrees/reina-3e83f2c6-113-triage/tests/strategies/../../data/forex/historical/GBPUSD_H1.csv'
E   FileNotFoundError: [Errno 2] No such file or directory: '/home/TacoPants/projects/Ayumi/.worktrees/reina-3e83f2c6-113-triage/tests/strategies/../../data/forex/historical/GBPJPY_H1.csv'
/home/TacoPants/projects/Ayumi/.worktrees/reina-3e83f2c6-113-triage/src/forex-bot/backtest/data_loader.py:171: FileNotFoundError: [Errno 2] No such file or directory: '/home/TacoPants/projects/Ayumi/.worktrees/reina-3e83f2c6-113-triage/tests/strategies/../../data/forex/historical/GBPJPY_H1.csv'
E   FileNotFoundError: [Errno 2] No such file or directory: '/home/TacoPants/projects/Ayumi/.worktrees/reina-3e83f2c6-113-triage/tests/strategies/../../data/forex/historical/EURUSD_H1.csv'
/home/TacoPants/projects/Ayumi/.worktrees/reina-3e83f2c6-113-triage/src/forex-bot/backtest/data_loader.py:171: FileNotFoundError: [Errno 2] No such file or directory: '/home/TacoPants/projects/Ayumi/.worktrees/reina-3e83f2c6-113-triage/tests/strategies/../../data/forex/historical/EURUSD_H1.csv'
E   AssertionError: Trade should be suppressed when Kelly=0
    assert SimulatedTrade(entry_bar_index=30, exit_bar_index=None, direction=<TradeDirection.LONG: 'long'>, entry_price=1.1, stop...e(2026, 1, 1, 12, 30, tzinfo=datetime.timezone.utc), confidence_score=0.8, confluence_count=1, rationale='test signal') is None
/home/TacoPants/projects/Ayumi/.worktrees/reina-3e83f2c6-113-triage/tests/strategies/test_kelly_backtest_integration.py:208: AssertionError: Trade should be suppressed when Kelly=0
E   AssertionError: assert '# Walk-Forward Haircut-Ratio Analysis (Proxy)' in '# Walk-Forward Haircut-Ratio Analysis\n\n**Date:** 2026-07-17\n**Data source:** `test.duckdb`\n**Method:** Proxy hair... 15m) suggest data quality or parameter search issues.\n\n---\n*Generated by `scripts/quant/walk_forward_analysis.py`*'
/home/TacoPants/projects/Ayumi/.worktrees/reina-3e83f2c6-113-triage/tests/unit/quant/test_walk_forward_analysis.py:328: AssertionError: assert '# Walk-Forward Haircut-Ratio Analysis (Proxy)' in '# Walk-Forward Haircut-Ratio Analysis\n\n**Date:** 2026-07-17\n**Data source:** `test.duckdb`\n**Method:** Proxy hair... 15m) suggest data quality or parameter search issues.\n\n---\n*Generated by `scripts/quant/walk_forward_analysis.py`*'
E   AssertionError: <backtest.ict_smc.strategy_adapter.ICTSMCStrategy object at 0x7f07b7c009e0> is not an instance of <class 'backtest.ict_smc.strategy_adapter.ICTSMCStrategy'>
/usr/lib/python3.12/unittest/case.py:715: AssertionError: <backtest.ict_smc.strategy_adapter.ICTSMCStrategy object at 0x7f07b7c009e0> is not an instance of <class 'backtest.ict_smc.strategy_adapter.ICTSMCStrategy'>
E   AssertionError: <backtest.ict_smc.strategy_adapter.ICTSMCStrategy object at 0x7f07b7bf5670> is not an instance of <class 'backtest.ict_smc.strategy_adapter.ICTSMCStrategy'>
/usr/lib/python3.12/unittest/case.py:715: AssertionError: <backtest.ict_smc.strategy_adapter.ICTSMCStrategy object at 0x7f07b7bf5670> is not an instance of <class 'backtest.ict_smc.strategy_adapter.ICTSMCStrategy'>
E   AssertionError: 2-day card should not be flagged
    assert 'fresh' not in {'fresh': StaleCard(card_id='fresh', title='Fresh card', status='ready', board_id='default', age_days=69.134, updated_... card', status='ready', board_id='default', age_days=71.134, updated_at=1783177200000, level='auto_create', labels=[])}
/home/TacoPants/projects/Ayumi/.worktrees/reina-3e83f2c6-113-triage/tests/unit/monitoring/test_drift_detector.py:194: AssertionError: 2-day card should not be flagged
E   AssertionError: assert ([StaleCard(card_id='warn-only', title='Warn only', status='ready', board_id='default', age_days=71.134, updated_at=1783177200000, level='auto_create', labels=[])] and 'auto_create' == 'warn'
      
      - warn
      + auto_create)
/home/TacoPants/projects/Ayumi/.worktrees/reina-3e83f2c6-113-triage/tests/unit/monitoring/test_drift_detector.py:240: AssertionError: assert ([StaleCard(card_id='warn-only', title='Warn only', status='ready', board_id='default', age_days=71.134, updated_at=1783177200000, level='auto_create', labels=[])] and 'auto_create' == 'warn'
E   assert 0.1 == 0.01
     +  where 0.1 = SymbolInfo(pip_size=0.1, pip_value_per_lot=10.0, lot_size=100, contract_size=100.0).pip_size
/home/TacoPants/projects/Ayumi/.worktrees/reina-3e83f2c6-113-triage/tests/integration/test_xauusd_pip_calculation.py:27: assert 0.1 == 0.01
E   assert 0.1 == 0.01
     +  where 0.1 = SymbolInfo(pip_size=0.1, pip_value_per_lot=10.0, lot_size=100, contract_size=100.0).pip_size
/home/TacoPants/projects/Ayumi/.worktrees/reina-3e83f2c6-113-triage/tests/integration/test_xauusd_pip_calculation.py:54: assert 0.1 == 0.01
E   assert 10.0 == 1.0
     +  where 10.0 = SymbolInfo(pip_size=0.1, pip_value_per_lot=10.0, lot_size=100, contract_size=100.0).pip_value_per_lot
/home/TacoPants/projects/Ayumi/.worktrees/reina-3e83f2c6-113-triage/tests/integration/test_xauusd_pip_calculation.py:44: assert 10.0 == 1.0
E   AssertionError: 224999.99999999482 not less than 224999.99999999482
/usr/lib/python3.12/unittest/case.py:715: AssertionError: 224999.99999999482 not less than 224999.99999999482
E   AssertionError: 0 not greater than 0
/usr/lib/python3.12/unittest/case.py:715: AssertionError: 0 not greater than 0
E   AssertionError: Expected no drift for stable data, but got alerts: [DriftResult(feature='feature_c', psi=0.0492650751610145, ks_statistic=0.075, ks_pvalue=0.046216714722432224, psi_threshold=0.2, ks_alpha=0.05)]
    assert not True
     +  where True = DriftReport(results=[DriftResult(feature='feature_a', psi=0.018064628035340903, ks_statistic=0.043, ks_pvalue=0.563945...ure_c', psi=0.0492650751610145, ks_statistic=0.075, ks_pvalue=0.046216714722432224, psi_threshold=0.2, ks_alpha=0.05)]).has_drift
/home/TacoPants/projects/Ayumi/.worktrees/reina-3e83f2c6-113-triage/tests/unit/srf/test_drift_monitor.py:333: AssertionError: Expected no drift for stable data, but got alerts: [DriftResult(feature='feature_c', psi=0.0492650751610145, ks_statistic=0.075, ks_pvalue=0.046216714722432224, psi_threshold=0.2, ks_alpha=0.05)]
E   _duckdb.IOException: IO Error: Cannot open database "/home/TacoPants/projects/Ayumi/.worktrees/reina-3e83f2c6-113-triage/data/ayumi_market.duckdb" in read-only mode: database does not exist
/home/TacoPants/projects/Ayumi/.worktrees/reina-3e83f2c6-113-triage/tests/strategies/test_london_breakout_retest.py:31: _duckdb.IOException: IO Error: Cannot open database "/home/TacoPants/projects/Ayumi/.worktrees/reina-3e83f2c6-113-triage/data/ayumi_market.duckdb" in read-only mode: database does not exist
E   _duckdb.IOException: IO Error: Cannot open database "/home/TacoPants/projects/Ayumi/.worktrees/reina-3e83f2c6-113-triage/data/ayumi_market.duckdb" in read-only mode: database does not exist
/home/TacoPants/projects/Ayumi/.worktrees/reina-3e83f2c6-113-triage/tests/strategies/test_london_breakout_retest.py:31: _duckdb.IOException: IO Error: Cannot open database "/home/TacoPants/projects/Ayumi/.worktrees/reina-3e83f2c6-113-triage/data/ayumi_market.duckdb" in read-only mode: database does not exist
E   Failed: Timeout (>30.0s) from pytest-timeout.
/home/TacoPants/projects/Ayumi/.worktrees/reina-3e83f2c6-113-triage/src/forex-bot/stress/regime_generator.py:286: Failed: Timeout (>30.0s) from pytest-timeout.
E   ImportError: cannot import name 'TradeSignal' from 'adapters.ctrader.models' (/home/TacoPants/projects/Ayumi/.worktrees/reina-3e83f2c6-113-triage/src/forex-bot/adapters/ctrader/models.py)
/home/TacoPants/projects/Ayumi/.worktrees/reina-3e83f2c6-113-triage/scripts/live_trading_execution.py:34: ImportError: cannot import name 'TradeSignal' from 'adapters.ctrader.models' (/home/TacoPants/projects/Ayumi/.worktrees/reina-3e83f2c6-113-triage/src/forex-bot/adapters/ctrader/models.py)
E   ImportError: cannot import name 'TradeSignal' from 'adapters.ctrader.models' (/home/TacoPants/projects/Ayumi/.worktrees/reina-3e83f2c6-113-triage/src/forex-bot/adapters/ctrader/models.py)
/home/TacoPants/projects/Ayumi/.worktrees/reina-3e83f2c6-113-triage/scripts/live_trading_execution.py:34: ImportError: cannot import name 'TradeSignal' from 'adapters.ctrader.models' (/home/TacoPants/projects/Ayumi/.worktrees/reina-3e83f2c6-113-triage/src/forex-bot/adapters/ctrader/models.py)
E   ImportError: cannot import name 'TradeSignal' from 'adapters.ctrader.models' (/home/TacoPants/projects/Ayumi/.worktrees/reina-3e83f2c6-113-triage/src/forex-bot/adapters/ctrader/models.py)
/home/TacoPants/projects/Ayumi/.worktrees/reina-3e83f2c6-113-triage/scripts/live_trading_execution.py:34: ImportError: cannot import name 'TradeSignal' from 'adapters.ctrader.models' (/home/TacoPants/projects/Ayumi/.worktrees/reina-3e83f2c6-113-triage/src/forex-bot/adapters/ctrader/models.py)
E   ImportError: cannot import name 'TradeSignal' from 'adapters.ctrader.models' (/home/TacoPants/projects/Ayumi/.worktrees/reina-3e83f2c6-113-triage/src/forex-bot/adapters/ctrader/models.py)
/home/TacoPants/projects/Ayumi/.worktrees/reina-3e83f2c6-113-triage/scripts/live_trading_execution.py:34: ImportError: cannot import name 'TradeSignal' from 'adapters.ctrader.models' (/home/TacoPants/projects/Ayumi/.worktrees/reina-3e83f2c6-113-triage/src/forex-bot/adapters/ctrader/models.py)
E   ImportError: cannot import name 'TradeSignal' from 'adapters.ctrader.models' (/home/TacoPants/projects/Ayumi/.worktrees/reina-3e83f2c6-113-triage/src/forex-bot/adapters/ctrader/models.py)
/home/TacoPants/projects/Ayumi/.worktrees/reina-3e83f2c6-113-triage/scripts/live_trading_execution.py:34: ImportError: cannot import name 'TradeSignal' from 'adapters.ctrader.models' (/home/TacoPants/projects/Ayumi/.worktrees/reina-3e83f2c6-113-triage/src/forex-bot/adapters/ctrader/models.py)
E   ImportError: cannot import name 'TradeSignal' from 'adapters.ctrader.models' (/home/TacoPants/projects/Ayumi/.worktrees/reina-3e83f2c6-113-triage/src/forex-bot/adapters/ctrader/models.py)
/home/TacoPants/projects/Ayumi/.worktrees/reina-3e83f2c6-113-triage/scripts/live_trading_execution.py:34: ImportError: cannot import name 'TradeSignal' from 'adapters.ctrader.models' (/home/TacoPants/projects/Ayumi/.worktrees/reina-3e83f2c6-113-triage/src/forex-bot/adapters/ctrader/models.py)
E   ImportError: cannot import name 'TradeSignal' from 'adapters.ctrader.models' (/home/TacoPants/projects/Ayumi/.worktrees/reina-3e83f2c6-113-triage/src/forex-bot/adapters/ctrader/models.py)
/home/TacoPants/projects/Ayumi/.worktrees/reina-3e83f2c6-113-triage/scripts/live_trading_execution.py:34: ImportError: cannot import name 'TradeSignal' from 'adapters.ctrader.models' (/home/TacoPants/projects/Ayumi/.worktrees/reina-3e83f2c6-113-triage/src/forex-bot/adapters/ctrader/models.py)
E   ImportError: cannot import name 'TradeSignal' from 'adapters.ctrader.models' (/home/TacoPants/projects/Ayumi/.worktrees/reina-3e83f2c6-113-triage/src/forex-bot/adapters/ctrader/models.py)
/home/TacoPants/projects/Ayumi/.worktrees/reina-3e83f2c6-113-triage/scripts/live_trading_execution.py:34: ImportError: cannot import name 'TradeSignal' from 'adapters.ctrader.models' (/home/TacoPants/projects/Ayumi/.worktrees/reina-3e83f2c6-113-triage/src/forex-bot/adapters/ctrader/models.py)
E   ImportError: cannot import name 'TradeSignal' from 'adapters.ctrader.models' (/home/TacoPants/projects/Ayumi/.worktrees/reina-3e83f2c6-113-triage/src/forex-bot/adapters/ctrader/models.py)
/home/TacoPants/projects/Ayumi/.worktrees/reina-3e83f2c6-113-triage/scripts/live_trading_execution.py:34: ImportError: cannot import name 'TradeSignal' from 'adapters.ctrader.models' (/home/TacoPants/projects/Ayumi/.worktrees/reina-3e83f2c6-113-triage/src/forex-bot/adapters/ctrader/models.py)
E   ValueError: Bar integrity fail: high=1.27 < max(open=1.28, close=1.26)
/home/TacoPants/projects/Ayumi/.worktrees/reina-3e83f2c6-113-triage/src/forex-bot/adapters/ctrader/bar_builder.py:247: ValueError: Bar integrity fail: high=1.27 < max(open=1.28, close=1.26)
E   ValueError: Bar integrity fail: low=1.25 > min(open=1.24, close=1.26)
/home/TacoPants/projects/Ayumi/.worktrees/reina-3e83f2c6-113-triage/src/forex-bot/adapters/ctrader/bar_builder.py:251: ValueError: Bar integrity fail: low=1.25 > min(open=1.24, close=1.26)
E   TypeError: Object of type MagicMock is not JSON serializable
----------------------------- Captured stderr call -----------------------------
2026-09-13 18:15:09 | INFO     | ayumi.ctrader.kill_switch | No kill switch state file found — starting INACTIVE
2026-09-13 18:15:09 | INFO     | ayumi.ctrader.kill_switch | No strategy state file found — starting with empty registry
2026-09-13 18:15:09 | WARNING  | ayumi.ctrader.kill_switch | KillSwitch STARTUP: ADMINISTRATIVELY DISABLED — FTMOGuard/RiskGuard activations will be SUPPRESSED (no-op). Pass disabled=False to the KillSwitchManager constructor to enable enforcement. (class default: Craig directive Jun 27 2026-09-08)
2026-09-13 18:15:09 | INFO     | ayumi.forward_test | STARTUP: Kill switch CLEAR — enforcement active
2026-09-13 18:15:09 | INFO     | ayumi.connection_state | [market_feed_mock] State transition: disconnected → connecting (reason: test_setup)
2026-09-13 18:15:09 | INFO     | ayumi.connection_state | [market_feed_mock] State transition: connecting → connected (reason: test_setup)
2026-09-13 18:15:09 | INFO     | ayumi.connection_state | [market_feed_mock] State transition: connected → app_authenticating (reason: test_setup)
2026-09-13 18:15:09 | INFO     | ayumi.connection_state | [market_feed_mock] State transition: app_authenticating → acct_authenticating (reason: test_setup)
2026-09-13 18:15:09 | INFO     | ayumi.connection_state | [market_feed_mock] State transition: acct_authenticating → authenticated (reason: test_setup)
2026-09-13 18:15:09 | INFO     | ayumi.connection_state | [market_feed_mock] State transition: authenticated → reconnecting (reason: test)
2026-09-13 18:15:09 | INFO     | ayumi.forward_test | Reconnection attempt 1 (backoff=1.0s)
------------------------------ Captured log call -------------------------------
INFO     ayumi.ctrader.kill_switch:kill_switch.py:914 No kill switch state file found — starting INACTIVE
INFO     ayumi.ctrader.kill_switch:kill_switch.py:1045 No strategy state file found — starting with empty registry
WARNING  ayumi.ctrader.kill_switch:kill_switch.py:319 KillSwitch STARTUP: ADMINISTRATIVELY DISABLED — FTMOGuard/RiskGuard activations will be SUPPRESSED (no-op). Pass disabled=False to the KillSwitchManager constructor to enable enforcement. (class default: Craig directive Jun 27 2026-09-08)
INFO     ayumi.forward_test:forward_test_engine.py:567 STARTUP: Kill switch CLEAR — enforcement active
INFO     ayumi.connection_state:connection_state.py:186 [market_feed_mock] State transition: disconnected → connecting (reason: test_setup)
INFO     ayumi.connection_state:connection_state.py:186 [market_feed_mock] State transition: connecting → connected (reason: test_setup)
INFO     ayumi.connection_state:connection_state.py:186 [market_feed_mock] State transition: connected → app_authenticating (reason: test_setup)
INFO     ayumi.connection_state:connection_state.py:186 [market_feed_mock] State transition: app_authenticating → acct_authenticating (reason: test_setup)
INFO     ayumi.connection_state:connection_state.py:186 [market_feed_mock] State transition: acct_authenticating → authenticated (reason: test_setup)
INFO     ayumi.connection_state:connection_state.py:186 [market_feed_mock] State transition: authenticated → reconnecting (reason: test)
INFO     ayumi.forward_test:forward_test_engine.py:3391 Reconnection attempt 1 (backoff=1.0s)
/usr/lib/python3.12/json/encoder.py:180: TypeError: Object of type MagicMock is not JSON serializable
E   AssertionError: 0.1 != 0.0001
/usr/lib/python3.12/unittest/case.py:878: AssertionError: 0.1 != 0.0001
E   TypeError: EngineCore._calculate_metrics() takes 3 positional arguments but 4 were given
/home/TacoPants/projects/Ayumi/.worktrees/reina-3e83f2c6-113-triage/src/forex-bot/backtest/portfolio_blend.py:1095: TypeError: EngineCore._calculate_metrics() takes 3 positional arguments but 4 were given
E   TypeError: EngineCore._calculate_metrics() takes 3 positional arguments but 4 were given
/home/TacoPants/projects/Ayumi/.worktrees/reina-3e83f2c6-113-triage/src/forex-bot/backtest/portfolio_blend.py:1095: TypeError: EngineCore._calculate_metrics() takes 3 positional arguments but 4 were given
E   TypeError: EngineCore._calculate_metrics() takes 3 positional arguments but 4 were given
/home/TacoPants/projects/Ayumi/.worktrees/reina-3e83f2c6-113-triage/src/forex-bot/backtest/portfolio_blend.py:1095: TypeError: EngineCore._calculate_metrics() takes 3 positional arguments but 4 were given
E   TypeError: 'NoneType' object is not iterable
/home/TacoPants/projects/Ayumi/.worktrees/reina-3e83f2c6-113-triage/tests/strategies/ict/test_order_block.py:104: TypeError: 'NoneType' object is not iterable
E   TypeError: 'NoneType' object is not iterable
/home/TacoPants/projects/Ayumi/.worktrees/reina-3e83f2c6-113-triage/tests/strategies/ict/test_order_block.py:112: TypeError: 'NoneType' object is not iterable
E   assert None == []
/home/TacoPants/projects/Ayumi/.worktrees/reina-3e83f2c6-113-triage/tests/strategies/ict/test_order_block.py:135: assert None == []
E   assert False
     +  where False = isinstance(<[AttributeError("'BBRSIMeanReversion' object has no attribute '_initialized'") raised in repr()] BBRSIMeanReversion object at 0x7f07b86045c0>, <class 'backtest.strategies.isignal_strategy.ISignalStrategy'>)
/home/TacoPants/projects/Ayumi/.worktrees/reina-3e83f2c6-113-triage/tests/strategies/test_bb_rsi_reversion.py:143: assert False
E   AssertionError: assert 0 == 1
     +  where 0 = len([])
     +    where [] = <DualTFSqueezeProStrategy name='Dual-TF Squeeze Pro' initialized=False>._h1_bars
/home/TacoPants/projects/Ayumi/.worktrees/reina-3e83f2c6-113-triage/tests/unit/strategies/test_dual_tf_squeeze_pro.py:296: AssertionError: assert 0 == 1
E   AssertionError: assert 1 == 2
     +  where 1 = len([Bar(time=datetime.datetime(2026, 1, 1, 6, 0, tzinfo=datetime.timezone.utc), open=1.0, high=1.01, low=0.99, close=1.005, volume=100, period=BarPeriod(minutes=60), spread_pips=0.0)])
     +    where [Bar(time=datetime.datetime(2026, 1, 1, 6, 0, tzinfo=datetime.timezone.utc), open=1.0, high=1.01, low=0.99, close=1.005, volume=100, period=BarPeriod(minutes=60), spread_pips=0.0)] = <DualTFSqueezeProStrategy name='Dual-TF Squeeze Pro' initialized=False>._h1_bars
/home/TacoPants/projects/Ayumi/.worktrees/reina-3e83f2c6-113-triage/tests/unit/strategies/test_dual_tf_squeeze_pro.py:330: AssertionError: assert 1 == 2
E   AssertionError: assert 1 == 0
     +  where 1 = len([1.0])
     +    where [1.0] = <DualTFSqueezeProStrategy name='Dual-TF Squeeze Pro' initialized=False>._h1_closes
/home/TacoPants/projects/Ayumi/.worktrees/reina-3e83f2c6-113-triage/tests/unit/strategies/test_dual_tf_squeeze_pro.py:238: AssertionError: assert 1 == 0
E   Failed: Timeout (>30.0s) from pytest-timeout.
----------------------------- Captured stderr call -----------------------------
2026-09-13 18:16:21 | INFO     | ayumi.connection_manager | [ConnectionManager] Registered market_data connection
2026-09-13 18:16:21 | INFO     | ayumi.connection_state | [market_data] State transition: disconnected → connecting (reason: test_setup)
2026-09-13 18:16:21 | INFO     | ayumi.connection_manager | [ConnectionManager] market_data: disconnected → connecting (reason: test_setup)
2026-09-13 18:16:21 | INFO     | ayumi.connection_state | [market_data] State transition: connecting → connected (reason: test_setup)
2026-09-13 18:16:21 | INFO     | ayumi.connection_manager | [ConnectionManager] market_data: connecting → connected (reason: test_setup)
2026-09-13 18:16:21 | INFO     | ayumi.connection_state | [market_data] State transition: connected → app_authenticating (reason: test_setup)
2026-09-13 18:16:21 | INFO     | ayumi.connection_manager | [ConnectionManager] market_data: connected → app_authenticating (reason: test_setup)
2026-09-13 18:16:21 | INFO     | ayumi.connection_state | [market_data] State transition: app_authenticating → acct_authenticating (reason: test_setup)
2026-09-13 18:16:21 | INFO     | ayumi.connection_manager | [ConnectionManager] market_data: app_authenticating → acct_authenticating (reason: test_setup)
2026-09-13 18:16:21 | INFO     | ayumi.connection_state | [market_data] State transition: acct_authenticating → authenticated (reason: test_setup)
2026-09-13 18:16:21 | INFO     | ayumi.connection_manager | [ConnectionManager] market_data: acct_authenticating → authenticated (reason: test_setup)
2026-09-13 18:16:21 | INFO     | ayumi.connection.watchdog | [Watchdog] Registered market_data for monitoring
Exception ignored in sys.unraisablehook
------------------------------ Captured log call -------------------------------
INFO     ayumi.connection_manager:connection_manager.py:320 [ConnectionManager] Registered market_data connection
INFO     ayumi.connection_state:connection_state.py:186 [market_data] State transition: disconnected → connecting (reason: test_setup)
INFO     ayumi.connection_manager:connection_manager.py:441 [ConnectionManager] market_data: disconnected → connecting (reason: test_setup)
INFO     ayumi.connection_state:connection_state.py:186 [market_data] State transition: connecting → connected (reason: test_setup)
INFO     ayumi.connection_manager:connection_manager.py:441 [ConnectionManager] market_data: connecting → connected (reason: test_setup)
INFO     ayumi.connection_state:connection_state.py:186 [market_data] State transition: connected → app_authenticating (reason: test_setup)
INFO     ayumi.connection_manager:connection_manager.py:441 [ConnectionManager] market_data: connected → app_authenticating (reason: test_setup)
INFO     ayumi.connection_state:connection_state.py:186 [market_data] State transition: app_authenticating → acct_authenticating (reason: test_setup)
INFO     ayumi.connection_manager:connection_manager.py:441 [ConnectionManager] market_data: app_authenticating → acct_authenticating (reason: test_setup)
INFO     ayumi.connection_state:connection_state.py:186 [market_data] State transition: acct_authenticating → authenticated (reason: test_setup)
INFO     ayumi.connection_manager:connection_manager.py:441 [ConnectionManager] market_data: acct_authenticating → authenticated (reason: test_setup)
INFO     ayumi.connection.watchdog:connection_watchdog.py:110 [Watchdog] Registered market_data for monitoring
/usr/lib/python3.12/threading.py:355: Failed: Timeout (>30.0s) from pytest-timeout.
E   assert 1 == 0
----------------------------- Captured stdout call -----------------------------
{
  "status": "failed",
  "total_combos": 16,
  "successes": 0,
  "failures": 16,
  "strategies": [
    "alpha",
    "beta"
  ],
  "pairs": [
    "GBPUSD",
    "EURUSD",
    "USDJPY",
    "XAUUSD"
  ],
  "timeframes": [
    "M15",
    "H1"
  ],
  "trials_per_combo": 50,
  "started_at": "2026-09-13T18:16:54.380576+00:00",
  "completed_at": "2026-09-13T18:16:54.381152+00:00",
  "failure_sample": [
    "alpha/GBPUSD/M15: no data file",
    "alpha/GBPUSD/H1: no data file",
    "alpha/EURUSD/M15: no data file",
    "alpha/EURUSD/H1: no data file",
    "alpha/USDJPY/M15: no data file",
    "alpha/USDJPY/H1: no data file",
    "alpha/XAUUSD/M15: no data file",
    "alpha/XAUUSD/H1: no data file",
    "beta/GBPUSD/M15: no data file",
    "beta/GBPUSD/H1: no data file"
  ]
}
----------------------------- Captured stderr call -----------------------------
2026-09-13 18:16:54 | INFO     | srf.weekly_sweep | Weekly sweep started: 2 strategies × 4 pairs × 2 timeframes = 16 combos
2026-09-13 18:16:54 | WARNING  | srf.weekly_sweep | research.duckdb not found at /home/TacoPants/projects/Ayumi/.worktrees/reina-3e83f2c6-113-triage/data/research/research.duckdb — cron_runs row not written
2026-09-13 18:16:54 | INFO     | srf.weekly_sweep | Weekly sweep done: 0/16 succeeded, exit_code=1
------------------------------ Captured log call -------------------------------
INFO     srf.weekly_sweep:weekly_sweep.py:85 Weekly sweep started: 2 strategies × 4 pairs × 2 timeframes = 16 combos
WARNING  srf.weekly_sweep:weekly_sweep.py:168 research.duckdb not found at /home/TacoPants/projects/Ayumi/.worktrees/reina-3e83f2c6-113-triage/data/research/research.duckdb — cron_runs row not written
INFO     srf.weekly_sweep:weekly_sweep.py:186 Weekly sweep done: 0/16 succeeded, exit_code=1
/home/TacoPants/projects/Ayumi/.worktrees/reina-3e83f2c6-113-triage/tests/unit/srf/test_weekly_sweep.py:348: assert 1 == 0
E   AssertionError: Default grid expects these data files to exist: ['GBPUSD_M15 -> /home/TacoPants/projects/Ayumi/.worktrees/reina-3e83f2c6-113-triage/data/forex/historical/GBPUSD_M15.csv', 'GBPUSD_H1 -> /home/TacoPants/projects/Ayumi/.worktrees/reina-3e83f2c6-113-triage/data/forex/historical/GBPUSD_H1.csv', 'EURUSD_M15 -> /home/TacoPants/projects/Ayumi/.worktrees/reina-3e83f2c6-113-triage/data/forex/historical/EURUSD_M15.csv', 'EURUSD_H1 -> /home/TacoPants/projects/Ayumi/.worktrees/reina-3e83f2c6-113-triage/data/forex/historical/EURUSD_H1.csv', 'USDJPY_M15 -> /home/TacoPants/projects/Ayumi/.worktrees/reina-3e83f2c6-113-triage/data/forex/historical/USDJPY_M15.csv', 'USDJPY_H1 -> /home/TacoPants/projects/Ayumi/.worktrees/reina-3e83f2c6-113-triage/data/forex/historical/USDJPY_H1.csv', 'XAUUSD_M15 -> /home/TacoPants/projects/Ayumi/.worktrees/reina-3e83f2c6-113-triage/data/forex/historical/XAUUSD_M15.csv', 'XAUUSD_H1 -> /home/TacoPants/projects/Ayumi/.worktrees/reina-3e83f2c6-113-triage/data/forex/historical/XAUUSD_H1.csv']
    assert ['GBPUSD_M15 ..._H1.csv', ...] == []
      
      Left contains 8 more items, first extra item: 'GBPUSD_M15 -> /home/TacoPants/projects/Ayumi/.worktrees/reina-3e83f2c6-113-triage/data/forex/historical/GBPUSD_M15.csv'
      Use -v to get more diff
/home/TacoPants/projects/Ayumi/.worktrees/reina-3e83f2c6-113-triage/tests/unit/srf/test_weekly_sweep.py:138: AssertionError: Default grid expects these data files to exist: ['GBPUSD_M15 -> /home/TacoPants/projects/Ayumi/.worktrees/reina-3e83f2c6-113-triage/data/forex/historical/GBPUSD_M15.csv', 'GBPUSD_H1 -> /home/TacoPants/projects/Ayumi/.worktrees/reina-3e83f2c6-113-triage/data/forex/historical/GBPUSD_H1.csv', 'EURUSD_M15 -> /home/TacoPants/projects/Ayumi/.worktrees/reina-3e83f2c6-113-triage/data/forex/historical/EURUSD_M15.csv', 'EURUSD_H1 -> /home/TacoPants/projects/Ayumi/.worktrees/reina-3e83f2c6-113-triage/data/forex/historical/EURUSD_H1.csv', 'USDJPY_M15 -> /home/TacoPants/projects/Ayumi/.worktrees/reina-3e83f2c6-113-triage/data/forex/historical/USDJPY_M15.csv', 'USDJPY_H1 -> /home/TacoPants/projects/Ayumi/.worktrees/reina-3e83f2c6-113-triage/data/forex/historical/USDJPY_H1.csv', 'XAUUSD_M15 -> /home/TacoPants/projects/Ayumi/.worktrees/reina-3e83f2c6-113-triage/data/forex/historical/XAUUSD_M15.csv', 'XAUUSD_H1 -> /home/TacoPants/projects/Ayumi/.worktrees/reina-3e83f2c6-113-triage/data/forex/historical/XAUUSD_H1.csv']
E   assert 0 == 4
----------------------------- Captured stderr call -----------------------------
2026-09-13 18:16:55 | INFO     | srf.weekly_sweep | Weekly sweep started: 2 strategies × 2 pairs × 1 timeframes = 4 combos
2026-09-13 18:16:55 | WARNING  | srf.weekly_sweep | research.duckdb not found at /home/TacoPants/projects/Ayumi/.worktrees/reina-3e83f2c6-113-triage/data/research/research.duckdb — cron_runs row not written
2026-09-13 18:16:55 | INFO     | srf.weekly_sweep | Weekly sweep done: 0/4 succeeded, exit_code=1
------------------------------ Captured log call -------------------------------
INFO     srf.weekly_sweep:weekly_sweep.py:85 Weekly sweep started: 2 strategies × 2 pairs × 1 timeframes = 4 combos
WARNING  srf.weekly_sweep:weekly_sweep.py:168 research.duckdb not found at /home/TacoPants/projects/Ayumi/.worktrees/reina-3e83f2c6-113-triage/data/research/research.duckdb — cron_runs row not written
INFO     srf.weekly_sweep:weekly_sweep.py:186 Weekly sweep done: 0/4 succeeded, exit_code=1
/home/TacoPants/projects/Ayumi/.worktrees/reina-3e83f2c6-113-triage/tests/unit/srf/test_weekly_sweep.py:210: assert 0 == 4
E   assert 0 == 1
----------------------------- Captured stderr call -----------------------------
2026-09-13 18:16:55 | INFO     | srf.weekly_sweep | Weekly sweep started: 2 strategies × 2 pairs × 1 timeframes = 4 combos
2026-09-13 18:16:55 | WARNING  | srf.weekly_sweep | research.duckdb not found at /home/TacoPants/projects/Ayumi/.worktrees/reina-3e83f2c6-113-triage/data/research/research.duckdb — cron_runs row not written
2026-09-13 18:16:55 | INFO     | srf.weekly_sweep | Weekly sweep done: 0/4 succeeded, exit_code=1
------------------------------ Captured log call -------------------------------
INFO     srf.weekly_sweep:weekly_sweep.py:85 Weekly sweep started: 2 strategies × 2 pairs × 1 timeframes = 4 combos
WARNING  srf.weekly_sweep:weekly_sweep.py:168 research.duckdb not found at /home/TacoPants/projects/Ayumi/.worktrees/reina-3e83f2c6-113-triage/data/research/research.duckdb — cron_runs row not written
INFO     srf.weekly_sweep:weekly_sweep.py:186 Weekly sweep done: 0/4 succeeded, exit_code=1
/home/TacoPants/projects/Ayumi/.worktrees/reina-3e83f2c6-113-triage/tests/unit/srf/test_weekly_sweep.py:241: assert 0 == 1
E   ValueError: Bar integrity fail: high=0.95 < max(open=1.0, close=1.05)
----------------------------- Captured stderr call -----------------------------
2026-09-13 18:17:02 | INFO     | ayumi.ctrader.kill_switch | No kill switch state file found — starting INACTIVE
2026-09-13 18:17:02 | INFO     | ayumi.ctrader.kill_switch | No strategy state file found — starting with empty registry
2026-09-13 18:17:02 | WARNING  | ayumi.ctrader.kill_switch | KillSwitch STARTUP: ADMINISTRATIVELY DISABLED — FTMOGuard/RiskGuard activations will be SUPPRESSED (no-op). Pass disabled=False to the KillSwitchManager constructor to enable enforcement. (class default: Craig directive Jun 27 2026-09-08)
2026-09-13 18:17:02 | INFO     | ayumi.forward_test | STARTUP: Kill switch CLEAR — enforcement active
------------------------------ Captured log call -------------------------------
INFO     ayumi.ctrader.kill_switch:kill_switch.py:914 No kill switch state file found — starting INACTIVE
INFO     ayumi.ctrader.kill_switch:kill_switch.py:1045 No strategy state file found — starting with empty registry
WARNING  ayumi.ctrader.kill_switch:kill_switch.py:319 KillSwitch STARTUP: ADMINISTRATIVELY DISABLED — FTMOGuard/RiskGuard activations will be SUPPRESSED (no-op). Pass disabled=False to the KillSwitchManager constructor to enable enforcement. (class default: Craig directive Jun 27 2026-09-08)
INFO     ayumi.forward_test:forward_test_engine.py:567 STARTUP: Kill switch CLEAR — enforcement active
/home/TacoPants/projects/Ayumi/.worktrees/reina-3e83f2c6-113-triage/src/forex-bot/adapters/ctrader/forward_test_engine.py:1223: ValueError: Bar integrity fail: high=0.95 < max(open=1.0, close=1.05)
E   ValueError: strategy_timeframes key 'WrongName' does not match any registered strategy .name property. Registered: ['ActualName']
/home/TacoPants/projects/Ayumi/.worktrees/reina-3e83f2c6-113-triage/src/forex-bot/adapters/ctrader/forward_test_engine.py:456: ValueError: strategy_timeframes key 'WrongName' does not match any registered strategy .name property. Registered: ['ActualName']
E   ValueError: Timeframe 30 not in allowed whitelist {240, 60, 15}
/home/TacoPants/projects/Ayumi/.worktrees/reina-3e83f2c6-113-triage/src/forex-bot/adapters/ctrader/forward_test_engine.py:446: ValueError: Timeframe 30 not in allowed whitelist {240, 60, 15}
E   assert True is False
/home/TacoPants/projects/Ayumi/.worktrees/reina-3e83f2c6-113-triage/tests/e2e/test_multi_strategy_forward.py:37: assert True is False
E   assert True is False
/home/TacoPants/projects/Ayumi/.worktrees/reina-3e83f2c6-113-triage/tests/e2e/test_multi_strategy_forward.py:17: assert True is False
E   AssertionError: assert 6 == 9
     +  where 6 = len({'Donchian ATR Trailing Trend v2': 'donchian_atr_trend_v2', 'Dual-TF Squeeze Pro': 'dual_tf_squeeze_pro', 'Killzone Momentum': 'killzone_momentum', 'London Breakout Retest': 'london_breakout_retest', ...})
/home/TacoPants/projects/Ayumi/.worktrees/reina-3e83f2c6-113-triage/tests/e2e/test_multi_strategy_forward.py:134: AssertionError: assert 6 == 9
E   AssertionError: expected call not found.
    Expected: cancel_risk(1.0)
      Actual: cancel_risk(<MagicMock name='mock.make_signal_id()' id='139671123684736'>, 1.0)
----------------------------- Captured stderr call -----------------------------
2026-09-13 18:17:34 | INFO     | ayumi.ctrader.kill_switch | No kill switch state file found — starting INACTIVE
2026-09-13 18:17:34 | INFO     | ayumi.ctrader.kill_switch | No strategy state file found — starting with empty registry
2026-09-13 18:17:34 | WARNING  | ayumi.ctrader.kill_switch | KillSwitch STARTUP: ADMINISTRATIVELY DISABLED — FTMOGuard/RiskGuard activations will be SUPPRESSED (no-op). Pass disabled=False to the KillSwitchManager constructor to enable enforcement. (class default: Craig directive Jun 27 2026-09-08)
2026-09-13 18:17:34 | INFO     | ayumi.forward_test | STARTUP: Kill switch CLEAR — enforcement active
2026-09-13 18:17:34 | INFO     | ayumi.forward_test | ConfidenceEngine initialised for live-fire gating (min_confidence=0.55)
2026-09-13 18:17:34 | INFO     | ayumi.forward_test | KillCriteriaChecker initialised for live-fire gating (max_spread_bps=2.0)
2026-09-13 18:17:34 | INFO     | ayumi.forward_test | BehavioralPolicy initialised for live-fire sizing
2026-09-13 18:17:34 | INFO     | ayumi.blend_launcher | Signal accepted: test_strat long EURUSD @ 1.10000 conf=0.80 lots=0.1000
2026-09-13 18:17:34 | WARNING  | ayumi.blend_launcher | Live execution failed: test_strat long 0.1000 lots status=rejected reason=INVALID_PRICE
------------------------------ Captured log call -------------------------------
INFO     ayumi.ctrader.kill_switch:kill_switch.py:914 No kill switch state file found — starting INACTIVE
INFO     ayumi.ctrader.kill_switch:kill_switch.py:1045 No strategy state file found — starting with empty registry
WARNING  ayumi.ctrader.kill_switch:kill_switch.py:319 KillSwitch STARTUP: ADMINISTRATIVELY DISABLED — FTMOGuard/RiskGuard activations will be SUPPRESSED (no-op). Pass disabled=False to the KillSwitchManager constructor to enable enforcement. (class default: Craig directive Jun 27 2026-09-08)
INFO     ayumi.forward_test:forward_test_engine.py:567 STARTUP: Kill switch CLEAR — enforcement active
INFO     ayumi.forward_test:forward_test_engine.py:600 ConfidenceEngine initialised for live-fire gating (min_confidence=0.55)
INFO     ayumi.forward_test:forward_test_engine.py:611 KillCriteriaChecker initialised for live-fire gating (max_spread_bps=2.0)
INFO     ayumi.forward_test:forward_test_engine.py:620 BehavioralPolicy initialised for live-fire sizing
INFO     ayumi.blend_launcher:launch_blend_forward_test.py:1239 Signal accepted: test_strat long EURUSD @ 1.10000 conf=0.80 lots=0.1000
WARNING  ayumi.blend_launcher:launch_blend_forward_test.py:1421 Live execution failed: test_strat long 0.1000 lots status=rejected reason=INVALID_PRICE
/usr/lib/python3.12/unittest/mock.py:944: AssertionError: expected call not found.
E   AssertionError: expected call not found.
    Expected: cancel_risk(1.0)
      Actual: cancel_risk(<MagicMock name='mock.make_signal_id()' id='139671132280624'>, 1.0)
----------------------------- Captured stderr call -----------------------------
2026-09-13 18:17:34 | INFO     | ayumi.ctrader.kill_switch | No kill switch state file found — starting INACTIVE
2026-09-13 18:17:34 | INFO     | ayumi.ctrader.kill_switch | No strategy state file found — starting with empty registry
2026-09-13 18:17:34 | WARNING  | ayumi.ctrader.kill_switch | KillSwitch STARTUP: ADMINISTRATIVELY DISABLED — FTMOGuard/RiskGuard activations will be SUPPRESSED (no-op). Pass disabled=False to the KillSwitchManager constructor to enable enforcement. (class default: Craig directive Jun 27 2026-09-08)
2026-09-13 18:17:34 | INFO     | ayumi.forward_test | STARTUP: Kill switch CLEAR — enforcement active
2026-09-13 18:17:34 | INFO     | ayumi.forward_test | ConfidenceEngine initialised for live-fire gating (min_confidence=0.55)
2026-09-13 18:17:34 | INFO     | ayumi.forward_test | KillCriteriaChecker initialised for live-fire gating (max_spread_bps=2.0)
2026-09-13 18:17:34 | INFO     | ayumi.forward_test | BehavioralPolicy initialised for live-fire sizing
2026-09-13 18:17:34 | INFO     | ayumi.blend_launcher | Signal accepted: test_strat long EURUSD @ 1.10000 conf=0.80 lots=0.1000
2026-09-13 18:17:34 | WARNING  | ayumi.blend_launcher | Live execution skipped (pre-flight): test_strat long 0.1000 lots
------------------------------ Captured log call -------------------------------
INFO     ayumi.ctrader.kill_switch:kill_switch.py:914 No kill switch state file found — starting INACTIVE
INFO     ayumi.ctrader.kill_switch:kill_switch.py:1045 No strategy state file found — starting with empty registry
WARNING  ayumi.ctrader.kill_switch:kill_switch.py:319 KillSwitch STARTUP: ADMINISTRATIVELY DISABLED — FTMOGuard/RiskGuard activations will be SUPPRESSED (no-op). Pass disabled=False to the KillSwitchManager constructor to enable enforcement. (class default: Craig directive Jun 27 2026-09-08)
INFO     ayumi.forward_test:forward_test_engine.py:567 STARTUP: Kill switch CLEAR — enforcement active
INFO     ayumi.forward_test:forward_test_engine.py:600 ConfidenceEngine initialised for live-fire gating (min_confidence=0.55)
INFO     ayumi.forward_test:forward_test_engine.py:611 KillCriteriaChecker initialised for live-fire gating (max_spread_bps=2.0)
INFO     ayumi.forward_test:forward_test_engine.py:620 BehavioralPolicy initialised for live-fire sizing
INFO     ayumi.blend_launcher:launch_blend_forward_test.py:1239 Signal accepted: test_strat long EURUSD @ 1.10000 conf=0.80 lots=0.1000
WARNING  ayumi.blend_launcher:launch_blend_forward_test.py:1298 Live execution skipped (pre-flight): test_strat long 0.1000 lots
/usr/lib/python3.12/unittest/mock.py:944: AssertionError: expected call not found.
E   AssertionError: <DonchianATRTrendV2Strategy name='Donchian ATR Trailing Trend v2' initialized=False> is not an instance of <class 'backtest.strategies.isignal_strategy.ISignalStrategy'>
/usr/lib/python3.12/unittest/case.py:715: AssertionError: <DonchianATRTrendV2Strategy name='Donchian ATR Trailing Trend v2' initialized=False> is not an instance of <class 'backtest.strategies.isignal_strategy.ISignalStrategy'>
E   TypeError: Object of type MagicMock is not JSON serializable
----------------------------- Captured stderr call -----------------------------
2026-09-13 18:18:42 | INFO     | ayumi.ctrader.kill_switch | No kill switch state file found — starting INACTIVE
2026-09-13 18:18:42 | INFO     | ayumi.ctrader.kill_switch | No strategy state file found — starting with empty registry
2026-09-13 18:18:42 | WARNING  | ayumi.ctrader.kill_switch | KillSwitch STARTUP: ADMINISTRATIVELY DISABLED — FTMOGuard/RiskGuard activations will be SUPPRESSED (no-op). Pass disabled=False to the KillSwitchManager constructor to enable enforcement. (class default: Craig directive Jun 27 2026-09-08)
2026-09-13 18:18:42 | INFO     | ayumi.forward_test | STARTUP: Kill switch CLEAR — enforcement active
2026-09-13 18:18:42 | WARNING  | ayumi.forward_test | Connection health check failed: connected=False last_tick_ago=infs threshold=30.0s — reconnecting
2026-09-13 18:18:42 | INFO     | ayumi.forward_test | Reconnection attempt 1 (backoff=0.0s)
------------------------------ Captured log call -------------------------------
INFO     ayumi.ctrader.kill_switch:kill_switch.py:914 No kill switch state file found — starting INACTIVE
INFO     ayumi.ctrader.kill_switch:kill_switch.py:1045 No strategy state file found — starting with empty registry
WARNING  ayumi.ctrader.kill_switch:kill_switch.py:319 KillSwitch STARTUP: ADMINISTRATIVELY DISABLED — FTMOGuard/RiskGuard activations will be SUPPRESSED (no-op). Pass disabled=False to the KillSwitchManager constructor to enable enforcement. (class default: Craig directive Jun 27 2026-09-08)
INFO     ayumi.forward_test:forward_test_engine.py:567 STARTUP: Kill switch CLEAR — enforcement active
WARNING  ayumi.forward_test:forward_test_engine.py:3357 Connection health check failed: connected=False last_tick_ago=infs threshold=30.0s — reconnecting
INFO     ayumi.forward_test:forward_test_engine.py:3391 Reconnection attempt 1 (backoff=0.0s)
/usr/lib/python3.12/json/encoder.py:180: TypeError: Object of type MagicMock is not JSON serializable
E   TypeError: Object of type MagicMock is not JSON serializable
----------------------------- Captured stderr call -----------------------------
2026-09-13 18:18:42 | INFO     | ayumi.ctrader.kill_switch | No kill switch state file found — starting INACTIVE
2026-09-13 18:18:42 | INFO     | ayumi.ctrader.kill_switch | No strategy state file found — starting with empty registry
2026-09-13 18:18:42 | WARNING  | ayumi.ctrader.kill_switch | KillSwitch STARTUP: ADMINISTRATIVELY DISABLED — FTMOGuard/RiskGuard activations will be SUPPRESSED (no-op). Pass disabled=False to the KillSwitchManager constructor to enable enforcement. (class default: Craig directive Jun 27 2026-09-08)
2026-09-13 18:18:42 | INFO     | ayumi.forward_test | STARTUP: Kill switch CLEAR — enforcement active
2026-09-13 18:18:42 | WARNING  | ayumi.forward_test | Connection health check failed: connected=False last_tick_ago=infs threshold=30.0s — reconnecting
2026-09-13 18:18:42 | INFO     | ayumi.forward_test | Reconnection attempt 1 (backoff=0.0s)
------------------------------ Captured log call -------------------------------
INFO     ayumi.ctrader.kill_switch:kill_switch.py:914 No kill switch state file found — starting INACTIVE
INFO     ayumi.ctrader.kill_switch:kill_switch.py:1045 No strategy state file found — starting with empty registry
WARNING  ayumi.ctrader.kill_switch:kill_switch.py:319 KillSwitch STARTUP: ADMINISTRATIVELY DISABLED — FTMOGuard/RiskGuard activations will be SUPPRESSED (no-op). Pass disabled=False to the KillSwitchManager constructor to enable enforcement. (class default: Craig directive Jun 27 2026-09-08)
INFO     ayumi.forward_test:forward_test_engine.py:567 STARTUP: Kill switch CLEAR — enforcement active
WARNING  ayumi.forward_test:forward_test_engine.py:3357 Connection health check failed: connected=False last_tick_ago=infs threshold=30.0s — reconnecting
INFO     ayumi.forward_test:forward_test_engine.py:3391 Reconnection attempt 1 (backoff=0.0s)
/usr/lib/python3.12/json/encoder.py:180: TypeError: Object of type MagicMock is not JSON serializable
E   TypeError: Object of type MagicMock is not JSON serializable
----------------------------- Captured stderr call -----------------------------
2026-09-13 18:18:42 | INFO     | ayumi.ctrader.kill_switch | No kill switch state file found — starting INACTIVE
2026-09-13 18:18:42 | INFO     | ayumi.ctrader.kill_switch | No strategy state file found — starting with empty registry
2026-09-13 18:18:42 | WARNING  | ayumi.ctrader.kill_switch | KillSwitch STARTUP: ADMINISTRATIVELY DISABLED — FTMOGuard/RiskGuard activations will be SUPPRESSED (no-op). Pass disabled=False to the KillSwitchManager constructor to enable enforcement. (class default: Craig directive Jun 27 2026-09-08)
2026-09-13 18:18:42 | INFO     | ayumi.forward_test | STARTUP: Kill switch CLEAR — enforcement active
2026-09-13 18:18:42 | WARNING  | ayumi.forward_test | Connection health check failed: connected=False last_tick_ago=infs threshold=60.0s — reconnecting
2026-09-13 18:18:42 | INFO     | ayumi.forward_test | Reconnection attempt 4 (backoff=0.0s)
------------------------------ Captured log call -------------------------------
INFO     ayumi.ctrader.kill_switch:kill_switch.py:914 No kill switch state file found — starting INACTIVE
INFO     ayumi.ctrader.kill_switch:kill_switch.py:1045 No strategy state file found — starting with empty registry
WARNING  ayumi.ctrader.kill_switch:kill_switch.py:319 KillSwitch STARTUP: ADMINISTRATIVELY DISABLED — FTMOGuard/RiskGuard activations will be SUPPRESSED (no-op). Pass disabled=False to the KillSwitchManager constructor to enable enforcement. (class default: Craig directive Jun 27 2026-09-08)
INFO     ayumi.forward_test:forward_test_engine.py:567 STARTUP: Kill switch CLEAR — enforcement active
WARNING  ayumi.forward_test:forward_test_engine.py:3357 Connection health check failed: connected=False last_tick_ago=infs threshold=60.0s — reconnecting
INFO     ayumi.forward_test:forward_test_engine.py:3391 Reconnection attempt 4 (backoff=0.0s)
/usr/lib/python3.12/json/encoder.py:180: TypeError: Object of type MagicMock is not JSON serializable
E   TypeError: Object of type MagicMock is not JSON serializable
----------------------------- Captured stderr call -----------------------------
2026-09-13 18:18:42 | INFO     | ayumi.ctrader.kill_switch | No kill switch state file found — starting INACTIVE
2026-09-13 18:18:42 | INFO     | ayumi.ctrader.kill_switch | No strategy state file found — starting with empty registry
2026-09-13 18:18:42 | WARNING  | ayumi.ctrader.kill_switch | KillSwitch STARTUP: ADMINISTRATIVELY DISABLED — FTMOGuard/RiskGuard activations will be SUPPRESSED (no-op). Pass disabled=False to the KillSwitchManager constructor to enable enforcement. (class default: Craig directive Jun 27 2026-09-08)
2026-09-13 18:18:42 | INFO     | ayumi.forward_test | STARTUP: Kill switch CLEAR — enforcement active
2026-09-13 18:18:42 | INFO     | ayumi.forward_test | Reconnection attempt 1 (backoff=0.0s)
------------------------------ Captured log call -------------------------------
INFO     ayumi.ctrader.kill_switch:kill_switch.py:914 No kill switch state file found — starting INACTIVE
INFO     ayumi.ctrader.kill_switch:kill_switch.py:1045 No strategy state file found — starting with empty registry
WARNING  ayumi.ctrader.kill_switch:kill_switch.py:319 KillSwitch STARTUP: ADMINISTRATIVELY DISABLED — FTMOGuard/RiskGuard activations will be SUPPRESSED (no-op). Pass disabled=False to the KillSwitchManager constructor to enable enforcement. (class default: Craig directive Jun 27 2026-09-08)
INFO     ayumi.forward_test:forward_test_engine.py:567 STARTUP: Kill switch CLEAR — enforcement active
INFO     ayumi.forward_test:forward_test_engine.py:3391 Reconnection attempt 1 (backoff=0.0s)
/usr/lib/python3.12/json/encoder.py:180: TypeError: Object of type MagicMock is not JSON serializable
E   TypeError: Object of type MagicMock is not JSON serializable
----------------------------- Captured stderr call -----------------------------
2026-09-13 18:18:42 | INFO     | ayumi.ctrader.kill_switch | No kill switch state file found — starting INACTIVE
2026-09-13 18:18:42 | INFO     | ayumi.ctrader.kill_switch | No strategy state file found — starting with empty registry
2026-09-13 18:18:42 | WARNING  | ayumi.ctrader.kill_switch | KillSwitch STARTUP: ADMINISTRATIVELY DISABLED — FTMOGuard/RiskGuard activations will be SUPPRESSED (no-op). Pass disabled=False to the KillSwitchManager constructor to enable enforcement. (class default: Craig directive Jun 27 2026-09-08)
2026-09-13 18:18:42 | INFO     | ayumi.forward_test | STARTUP: Kill switch CLEAR — enforcement active
2026-09-13 18:18:42 | INFO     | ayumi.forward_test | Reconnection attempt 1 (backoff=0.0s)
------------------------------ Captured log call -------------------------------
INFO     ayumi.ctrader.kill_switch:kill_switch.py:914 No kill switch state file found — starting INACTIVE
INFO     ayumi.ctrader.kill_switch:kill_switch.py:1045 No strategy state file found — starting with empty registry
WARNING  ayumi.ctrader.kill_switch:kill_switch.py:319 KillSwitch STARTUP: ADMINISTRATIVELY DISABLED — FTMOGuard/RiskGuard activations will be SUPPRESSED (no-op). Pass disabled=False to the KillSwitchManager constructor to enable enforcement. (class default: Craig directive Jun 27 2026-09-08)
INFO     ayumi.forward_test:forward_test_engine.py:567 STARTUP: Kill switch CLEAR — enforcement active
INFO     ayumi.forward_test:forward_test_engine.py:3391 Reconnection attempt 1 (backoff=0.0s)
/usr/lib/python3.12/json/encoder.py:180: TypeError: Object of type MagicMock is not JSON serializable
E   TypeError: Object of type MagicMock is not JSON serializable
----------------------------- Captured stderr call -----------------------------
2026-09-13 18:18:42 | INFO     | ayumi.ctrader.kill_switch | No kill switch state file found — starting INACTIVE
2026-09-13 18:18:42 | INFO     | ayumi.ctrader.kill_switch | No strategy state file found — starting with empty registry
2026-09-13 18:18:42 | WARNING  | ayumi.ctrader.kill_switch | KillSwitch STARTUP: ADMINISTRATIVELY DISABLED — FTMOGuard/RiskGuard activations will be SUPPRESSED (no-op). Pass disabled=False to the KillSwitchManager constructor to enable enforcement. (class default: Craig directive Jun 27 2026-09-08)
2026-09-13 18:18:42 | INFO     | ayumi.forward_test | STARTUP: Kill switch CLEAR — enforcement active
2026-09-13 18:18:42 | INFO     | ayumi.forward_test | Reconnection attempt 1 (backoff=0.0s)
------------------------------ Captured log call -------------------------------
INFO     ayumi.ctrader.kill_switch:kill_switch.py:914 No kill switch state file found — starting INACTIVE
INFO     ayumi.ctrader.kill_switch:kill_switch.py:1045 No strategy state file found — starting with empty registry
WARNING  ayumi.ctrader.kill_switch:kill_switch.py:319 KillSwitch STARTUP: ADMINISTRATIVELY DISABLED — FTMOGuard/RiskGuard activations will be SUPPRESSED (no-op). Pass disabled=False to the KillSwitchManager constructor to enable enforcement. (class default: Craig directive Jun 27 2026-09-08)
INFO     ayumi.forward_test:forward_test_engine.py:567 STARTUP: Kill switch CLEAR — enforcement active
INFO     ayumi.forward_test:forward_test_engine.py:3391 Reconnection attempt 1 (backoff=0.0s)
/usr/lib/python3.12/json/encoder.py:180: TypeError: Object of type MagicMock is not JSON serializable
E   TypeError: Object of type MagicMock is not JSON serializable
----------------------------- Captured stderr call -----------------------------
2026-09-13 18:18:42 | INFO     | ayumi.ctrader.kill_switch | No kill switch state file found — starting INACTIVE
2026-09-13 18:18:42 | INFO     | ayumi.ctrader.kill_switch | No strategy state file found — starting with empty registry
2026-09-13 18:18:42 | WARNING  | ayumi.ctrader.kill_switch | KillSwitch STARTUP: ADMINISTRATIVELY DISABLED — FTMOGuard/RiskGuard activations will be SUPPRESSED (no-op). Pass disabled=False to the KillSwitchManager constructor to enable enforcement. (class default: Craig directive Jun 27 2026-09-08)
2026-09-13 18:18:42 | INFO     | ayumi.forward_test | STARTUP: Kill switch CLEAR — enforcement active
2026-09-13 18:18:42 | INFO     | ayumi.forward_test | Reconnection attempt 1 (backoff=0.0s)
------------------------------ Captured log call -------------------------------
INFO     ayumi.ctrader.kill_switch:kill_switch.py:914 No kill switch state file found — starting INACTIVE
INFO     ayumi.ctrader.kill_switch:kill_switch.py:1045 No strategy state file found — starting with empty registry
WARNING  ayumi.ctrader.kill_switch:kill_switch.py:319 KillSwitch STARTUP: ADMINISTRATIVELY DISABLED — FTMOGuard/RiskGuard activations will be SUPPRESSED (no-op). Pass disabled=False to the KillSwitchManager constructor to enable enforcement. (class default: Craig directive Jun 27 2026-09-08)
INFO     ayumi.forward_test:forward_test_engine.py:567 STARTUP: Kill switch CLEAR — enforcement active
INFO     ayumi.forward_test:forward_test_engine.py:3391 Reconnection attempt 1 (backoff=0.0s)
/usr/lib/python3.12/json/encoder.py:180: TypeError: Object of type MagicMock is not JSON serializable
E   AssertionError: True is not false
----------------------------- Captured stderr call -----------------------------
2026-09-13 18:18:47 | INFO     | ayumi.connection_manager | [ConnectionManager] Registered market_data connection
------------------------------ Captured log call -------------------------------
INFO     ayumi.connection_manager:connection_manager.py:320 [ConnectionManager] Registered market_data connection
/usr/lib/python3.12/unittest/case.py:721: AssertionError: True is not false
E   AssertionError: True is not false
----------------------------- Captured stderr call -----------------------------
2026-09-13 18:18:47 | INFO     | ayumi.connection_manager | [ConnectionManager] Registered market_data connection
------------------------------ Captured log call -------------------------------
INFO     ayumi.connection_manager:connection_manager.py:320 [ConnectionManager] Registered market_data connection
/usr/lib/python3.12/unittest/case.py:721: AssertionError: True is not false
E   assert 1 == 0
     +  where 1 = CompletedProcess(args=['/usr/bin/python3', '-m', 'backtest.correlation', '--input', '/tmp/pytest-of-root/pytest-3530/t...ror while finding module specification for 'backtest.correlation' (ModuleNotFoundError: No module named 'backtest')\n").returncode
/home/TacoPants/projects/Ayumi/.worktrees/reina-3e83f2c6-113-triage/tests/test_correlation.py:246: assert 1 == 0
E   assert 1 == 2
     +  where 1 = CompletedProcess(args=['/usr/bin/python3', '-m', 'backtest.correlation', '--input', '/nonexistent/path.json'], returnc...ror while finding module specification for 'backtest.correlation' (ModuleNotFoundError: No module named 'backtest')\n").returncode
/home/TacoPants/projects/Ayumi/.worktrees/reina-3e83f2c6-113-triage/tests/test_correlation.py:265: assert 1 == 2
E   AssertionError: stderr: /usr/bin/python3: Error while finding module specification for 'backtest.correlation' (ModuleNotFoundError: No module named 'backtest')
      
    assert 1 == 0
     +  where 1 = CompletedProcess(args=['/usr/bin/python3', '-m', 'backtest.correlation', '--input', '/tmp/pytest-of-root/pytest-3530/t...ror while finding module specification for 'backtest.correlation' (ModuleNotFoundError: No module named 'backtest')\n").returncode
/home/TacoPants/projects/Ayumi/.worktrees/reina-3e83f2c6-113-triage/tests/test_correlation.py:219: AssertionError: stderr: /usr/bin/python3: Error while finding module specification for 'backtest.correlation' (ModuleNotFoundError: No module named 'backtest')
E   AssertionError: assert 'low_wr' not in {'good': StrategyEquityCurve(strategy_name='Good', pair='EURUSD', timeframe='H1', equity_curve=[100, 101, 102], return...=[0.01, 0.01], total_pnl=100.0, win_rate=30.0, profit_factor=1.2, sharpe_ratio=1.0, max_drawdown=0.05, trade_count=10)}
/home/TacoPants/projects/Ayumi/.worktrees/reina-3e83f2c6-113-triage/tests/e2e/test_portfolio_blend.py:507: AssertionError: assert 'low_wr' not in {'good': StrategyEquityCurve(strategy_name='Good', pair='EURUSD', timeframe='H1', equity_curve=[100, 101, 102], return...=[0.01, 0.01], total_pnl=100.0, win_rate=30.0, profit_factor=1.2, sharpe_ratio=1.0, max_drawdown=0.05, trade_count=10)}
E   AssertionError: assert 'WR 30.0% < 45.0%' in 'PF 0.50 < 1.0'
     +  where 'PF 0.50 < 1.0' = FilteredStrategy(key='bad', reason='PF 0.50 < 1.0').reason
/home/TacoPants/projects/Ayumi/.worktrees/reina-3e83f2c6-113-triage/tests/e2e/test_portfolio_blend.py:530: AssertionError: assert 'WR 30.0% < 45.0%' in 'PF 0.50 < 1.0'
E   AssertionError: assert None is not None
     +  where None = PortfolioBlendResult(individual_results={}, correlation=CorrelationResult(matrix={}, average_correlation=0.0), weights...walk_forward=None, ftmo_passed=False, ftmo_criteria={'win_rate': False, 'profit_factor': False, 'sharpe_ratio': False}).walk_forward
/home/TacoPants/projects/Ayumi/.worktrees/reina-3e83f2c6-113-triage/tests/e2e/test_portfolio_blend.py:713: AssertionError: assert None is not None
E   TypeError: 'NoneType' object is not iterable
/home/TacoPants/projects/Ayumi/.worktrees/reina-3e83f2c6-113-triage/tests/strategies/ict/test_fvg.py:112: TypeError: 'NoneType' object is not iterable
E   AttributeError: 'FVGDetector' object has no attribute 'get_all_unfilled'. Did you mean: 'get_nearest_unfilled'?
/home/TacoPants/projects/Ayumi/.worktrees/reina-3e83f2c6-113-triage/tests/strategies/ict/test_fvg.py:241: AttributeError: 'FVGDetector' object has no attribute 'get_all_unfilled'. Did you mean: 'get_nearest_unfilled'?
E   assert None == []
/home/TacoPants/projects/Ayumi/.worktrees/reina-3e83f2c6-113-triage/tests/strategies/ict/test_fvg.py:137: assert None == []
E   TypeError: 'NoneType' object is not iterable
/home/TacoPants/projects/Ayumi/.worktrees/reina-3e83f2c6-113-triage/tests/strategies/ict/test_fvg.py:120: TypeError: 'NoneType' object is not iterable
E   FileNotFoundError: [Errno 2] No such file or directory: 'data/forex/historical/GBPJPY_H1.csv'
/home/TacoPants/projects/Ayumi/.worktrees/reina-3e83f2c6-113-triage/src/forex-bot/backtest/data_loader.py:171: FileNotFoundError: [Errno 2] No such file or directory: 'data/forex/historical/GBPJPY_H1.csv'
E   FileNotFoundError: [Errno 2] No such file or directory: 'data/forex/historical/EURUSD_H1.csv'
/home/TacoPants/projects/Ayumi/.worktrees/reina-3e83f2c6-113-triage/src/forex-bot/backtest/data_loader.py:171: FileNotFoundError: [Errno 2] No such file or directory: 'data/forex/historical/EURUSD_H1.csv'
E   assert 0.0 >= 0.1
----------------------------- Captured stderr call -----------------------------
2026-09-13 18:19:13 | INFO     | adapters.ctrader.risk_guard | No RiskGuard state file at /tmp/pytest-of-root/pytest-3530/test_circuit_breaker_via_drawd0/risk_guard_state.json — starting fresh
------------------------------ Captured log call -------------------------------
INFO     adapters.ctrader.risk_guard:risk_guard.py:733 No RiskGuard state file at /tmp/pytest-of-root/pytest-3530/test_circuit_breaker_via_drawd0/risk_guard_state.json — starting fresh
/home/TacoPants/projects/Ayumi/.worktrees/reina-3e83f2c6-113-triage/tests/e2e/test_portfolio_risk_guard.py:62: assert 0.0 >= 0.1
=============================== warnings summary ===============================
<string>:11
tests/unit/risk/test_risk_guard_best_day.py::TestCustomEnforcePct::test_profile_default_is_40
  <string>:11: UserWarning: risk_per_trade_pct (0.005) * max_trades_per_day (10) = 0.0500 exceeds daily_loss_limit_pct (0.03). The runtime circuit breaker enforces the daily limit dynamically.

tests/integration/srf/test_weekly_sweep_e2e.py:103
  /home/TacoPants/projects/Ayumi/.worktrees/reina-3e83f2c6-113-triage/tests/integration/srf/test_weekly_sweep_e2e.py:103: PytestUnknownMarkWarning: Unknown pytest.mark.integration - is this a typo?  You can register custom marks to avoid this warning - for details, see https://docs.pytest.org/en/stable/how-to/mark.html
    @pytest.mark.integration

tests/integration/srf/test_weekly_sweep_e2e.py:193
  /home/TacoPants/projects/Ayumi/.worktrees/reina-3e83f2c6-113-triage/tests/integration/srf/test_weekly_sweep_e2e.py:193: PytestUnknownMarkWarning: Unknown pytest.mark.integration - is this a typo?  You can register custom marks to avoid this warning - for details, see https://docs.pytest.org/en/stable/how-to/mark.html
    @pytest.mark.integration

tests/integration/test_forward_test_execution_chain.py: 10 warnings
tests/e2e/test_live_market_data_integration.py: 20 warnings
tests/test_signal_engine/test_paper_sltp_integration.py: 3 warnings
tests/integration/test_ctrader_order_manager.py: 24 warnings
tests/integration/test_ctrader_paper_trader.py: 11 warnings
tests/unit/adapters/ctrader/test_blend_unit_mix.py: 8 warnings
tests/unit/execution/test_position_monitor.py: 27 warnings
tests/unit/execution/test_position_monitor_tp_ratchet.py: 24 warnings
tests/test_adapters_ctrader/test_paper_trader.py: 15 warnings
tests/integration/test_signal_router.py: 7 warnings
  /home/TacoPants/projects/Ayumi/.worktrees/reina-3e83f2c6-113-triage/src/forex-bot/adapters/ctrader/order_manager.py:212: DeprecationWarning: datetime.datetime.utcnow() is deprecated and scheduled for removal in a future version. Use timezone-aware objects to represent datetimes in UTC: datetime.datetime.now(datetime.UTC).
    order_id=f"PAPER_{datetime.utcnow().strftime('%Y%m%d%H%M%S%f')}",

tests/integration/test_forward_test_execution_chain.py: 10 warnings
tests/e2e/test_live_market_data_integration.py: 20 warnings
tests/test_signal_engine/test_paper_sltp_integration.py: 3 warnings
tests/integration/test_ctrader_order_manager.py: 24 warnings
tests/integration/test_ctrader_paper_trader.py: 11 warnings
tests/unit/adapters/ctrader/test_blend_unit_mix.py: 8 warnings
tests/unit/execution/test_position_monitor.py: 27 warnings
tests/unit/execution/test_position_monitor_tp_ratchet.py: 24 warnings
tests/test_adapters_ctrader/test_paper_trader.py: 15 warnings
tests/integration/test_signal_router.py: 7 warnings
  /home/TacoPants/projects/Ayumi/.worktrees/reina-3e83f2c6-113-triage/src/forex-bot/adapters/ctrader/order_manager.py:221: DeprecationWarning: datetime.datetime.utcnow() is deprecated and scheduled for removal in a future version. Use timezone-aware objects to represent datetimes in UTC: datetime.datetime.now(datetime.UTC).
    filled_at=datetime.utcnow(),

tests/integration/test_forward_test_execution_chain.py: 14 warnings
tests/e2e/test_live_market_data_integration.py: 20 warnings
tests/unit/ctrader/test_execution_event_race.py: 11 warnings
tests/integration/test_trade_journal.py: 4 warnings
tests/integration/test_ctrader_execution_v2.py: 17 warnings
tests/test_signal_engine/test_paper_sltp_integration.py: 3 warnings
tests/integration/test_ctrader_order_manager.py: 27 warnings
tests/unit/ctrader/test_preemptive_reconnect_guard.py: 4 warnings
tests/integration/test_open_api_spot_feed.py: 5 warnings
tests/integration/test_ctrader_paper_trader.py: 11 warnings
tests/unit/adapters/ctrader/test_blend_unit_mix.py: 8 warnings
tests/unit/ctrader/test_tp_sl_submission.py: 11 warnings
tests/integration/test_trade_execution.py: 6 warnings
tests/integration/ctrader/test_p5a_integration.py: 1 warning
tests/unit/ctrader/test_timeout_race_errorcode.py: 4 warnings
tests/e2e/test_forward_test_engine_wiring.py: 2 warnings
tests/integration/ctrader/test_open_api_volume_decoder.py: 9 warnings
tests/unit/execution/test_position_monitor.py: 27 warnings
tests/e2e/test_forward_test_live_execution_outcomes.py: 11 warnings
tests/unit/execution/test_position_monitor_tp_ratchet.py: 24 warnings
tests/test_adapters_ctrader/test_paper_trader.py: 15 warnings
tests/integration/test_ctrader_models.py: 2 warnings
tests/integration/test_signal_router.py: 7 warnings
  <string>:12: DeprecationWarning: datetime.datetime.utcnow() is deprecated and scheduled for removal in a future version. Use timezone-aware objects to represent datetimes in UTC: datetime.datetime.now(datetime.UTC).

tests/integration/test_forward_test_execution_chain.py: 10 warnings
tests/e2e/test_live_market_data_integration.py: 16 warnings
tests/test_signal_engine/test_paper_sltp_integration.py: 3 warnings
tests/integration/test_ctrader_paper_trader.py: 14 warnings
tests/unit/adapters/ctrader/test_blend_unit_mix.py: 3 warnings
tests/test_adapters_ctrader/test_paper_trader.py: 9 warnings
  <string>:9: DeprecationWarning: datetime.datetime.utcnow() is deprecated and scheduled for removal in a future version. Use timezone-aware objects to represent datetimes in UTC: datetime.datetime.now(datetime.UTC).

tests/integration/test_forward_test_execution_chain.py: 7 warnings
tests/e2e/test_live_market_data_integration.py: 1 warning
tests/unit/forward_test/test_blend_position_close.py: 3 warnings
tests/test_signal_engine/test_paper_sltp_integration.py: 3 warnings
tests/integration/test_ctrader_paper_trader.py: 4 warnings
tests/test_adapters_ctrader/test_paper_trader.py: 9 warnings
  /home/TacoPants/projects/Ayumi/.worktrees/reina-3e83f2c6-113-triage/src/forex-bot/adapters/ctrader/paper_trader.py:364: DeprecationWarning: datetime.datetime.utcnow() is deprecated and scheduled for removal in a future version. Use timezone-aware objects to represent datetimes in UTC: datetime.datetime.now(datetime.UTC).
    self._last_update = datetime.utcnow()

tests/integration/test_forward_test_execution_chain.py: 5 warnings
tests/unit/backtest/test_close_path_fidelity.py: 3 warnings
tests/e2e/test_live_market_data_integration.py: 9 warnings
tests/unit/forward_test/test_blend_position_close.py: 3 warnings
tests/test_signal_engine/test_paper_sltp_integration.py: 3 warnings
tests/integration/test_ctrader_order_manager.py: 6 warnings
tests/integration/test_ctrader_paper_trader.py: 4 warnings
tests/unit/adapters/ctrader/test_blend_unit_mix.py: 5 warnings
tests/test_adapters_ctrader/test_paper_trader.py: 14 warnings
  /home/TacoPants/projects/Ayumi/.worktrees/reina-3e83f2c6-113-triage/src/forex-bot/adapters/ctrader/order_manager.py:709: DeprecationWarning: datetime.datetime.utcnow() is deprecated and scheduled for removal in a future version. Use timezone-aware objects to represent datetimes in UTC: datetime.datetime.now(datetime.UTC).
    position.closed_at = datetime.utcnow()

tests/unit/backtest/test_close_path_fidelity.py: 4 warnings
tests/integration/ctrader/test_signal_adapter_strategy_id.py: 12 warnings
tests/integration/test_ctrader_risk_guard.py: 2 warnings
tests/e2e/test_live_market_data_integration.py: 16 warnings
tests/unit/forward_test/test_blend_position_close.py: 4 warnings
tests/integration/test_trade_journal.py: 7 warnings
tests/unit/execution/test_late_fill_positionid.py: 4 warnings
tests/test_signal_engine/test_paper_sltp_integration.py: 3 warnings
tests/integration/test_ctrader_paper_trader.py: 14 warnings
tests/integration/test_trade_execution.py: 1 warning
tests/unit/adapters/ctrader/test_preflight_seed.py: 5 warnings
tests/unit/test_per_symbol_atrisk_slot.py: 3 warnings
tests/unit/execution/test_position_monitor.py: 4 warnings
tests/integration/ctrader/test_signal_adapter_price_sanity.py: 11 warnings
tests/test_b5_health_warning.py: 3 warnings
tests/e2e/test_multi_strategy_forward.py: 2 warnings
tests/test_adapters_ctrader/test_paper_trader.py: 21 warnings
tests/integration/test_signals_traded_counter.py: 5 warnings
tests/unit/ctrader/test_position_tp_levels.py: 12 warnings
tests/test_max_dd_breaker.py: 4 warnings
tests/integration/test_ctrader_models.py: 3 warnings
tests/integration/test_signal_router.py: 7 warnings
tests/e2e/test_portfolio_risk_guard.py: 1 warning
  <string>:13: DeprecationWarning: datetime.datetime.utcnow() is deprecated and scheduled for removal in a future version. Use timezone-aware objects to represent datetimes in UTC: datetime.datetime.now(datetime.UTC).

tests/integration/ctrader/test_signal_adapter_strategy_id.py::TestStrategyIdPropagation::test_strategy_id_set_in_non_blend_mode
  /home/TacoPants/projects/Ayumi/.worktrees/reina-3e83f2c6-113-triage/src/forex-bot/adapters/ctrader/signal_adapter.py:240: DeprecationWarning: datetime.datetime.utcnow() is deprecated and scheduled for removal in a future version. Use timezone-aware objects to represent datetimes in UTC: datetime.datetime.now(datetime.UTC).
    self._last_signal_time = datetime.utcnow()

tests/integration/test_ctrader_risk_guard.py::TestFTMOProfile::test_exceeds_daily_limit_raises
  <string>:11: UserWarning: risk_per_trade_pct (0.01) * max_trades_per_day (10) = 0.1000 exceeds daily_loss_limit_pct (0.05). The runtime circuit breaker enforces the daily limit dynamically.

tests/unit/ctrader/test_execution_event_race.py::TestTerminalOnlyStateMachine::test_double_filled_re_emission_dedupes_callback
tests/unit/ctrader/test_execution_event_race.py::TestTerminalOnlyStateMachine::test_filled_after_accept_fires_on_order_filled_once_with_filled_price
tests/unit/ctrader/test_execution_event_race.py::TestLateFillRegistryUpgrade::test_late_filled_upgrade_fires_on_order_filled_once
tests/integration/test_ctrader_execution_v2.py::TestCallbacks::test_order_filled_callback
tests/integration/test_open_api_spot_feed.py::TestExecutionEventClientMsgIdFallback::test_empty_client_order_id_falls_back_to_client_msg_id
tests/integration/test_open_api_spot_feed.py::TestExecutionEventClientMsgIdFallback::test_direct_client_order_id_match_still_works
  /home/TacoPants/projects/Ayumi/.worktrees/reina-3e83f2c6-113-triage/src/forex-bot/adapters/ctrader/open_api_spot_feed.py:2161: DeprecationWarning: datetime.datetime.utcnow() is deprecated and scheduled for removal in a future version. Use timezone-aware objects to represent datetimes in UTC: datetime.datetime.now(datetime.UTC).
    order.filled_at = datetime.utcnow()

tests/unit/analytics/test_statistical_validation.py: 9 warnings
tests/regression/test_statistical_validation_regression.py: 8 warnings
  /usr/local/lib/python3.12/dist-packages/scipy/stats/_axis_nan_policy.py:592: RuntimeWarning: Precision loss occurred in moment calculation due to catastrophic cancellation. This occurs when the data are nearly identical. Results may be unreliable.
    res = hypotest_fun_out(*samples, **kwds)

tests/integration/test_ctrader_order_manager.py::TestOrderManagerTP2TP3Wiring::test_execute_live_order_stashes_tp2_tp3_on_order_for_async_callback
tests/integration/test_ctrader_order_manager.py::TestOrderManagerTP2TP3Wiring::test_execute_live_order_backward_compat_no_tp2_tp3
  /home/TacoPants/projects/Ayumi/.worktrees/reina-3e83f2c6-113-triage/src/forex-bot/adapters/ctrader/order_manager.py:364: DeprecationWarning: datetime.datetime.utcnow() is deprecated and scheduled for removal in a future version. Use timezone-aware objects to represent datetimes in UTC: datetime.datetime.now(datetime.UTC).
    self._pending_order_timestamps[order.order_id] = datetime.utcnow()

tests/integration/test_ctrader_order_manager.py::TestOrderManager::test_execute_market_order
  /home/TacoPants/projects/Ayumi/.worktrees/reina-3e83f2c6-113-triage/src/forex-bot/adapters/ctrader/order_manager.py:143: DeprecationWarning: datetime.datetime.utcnow() is deprecated and scheduled for removal in a future version. Use timezone-aware objects to represent datetimes in UTC: datetime.datetime.now(datetime.UTC).
    order_id=f"ORD_{datetime.utcnow().strftime('%Y%m%d%H%M%S%f')}",

tests/integration/test_ctrader_order_manager.py::TestOrderManager::test_execute_market_order
  /home/TacoPants/projects/Ayumi/.worktrees/reina-3e83f2c6-113-triage/src/forex-bot/adapters/ctrader/order_manager.py:160: DeprecationWarning: datetime.datetime.utcnow() is deprecated and scheduled for removal in a future version. Use timezone-aware objects to represent datetimes in UTC: datetime.datetime.now(datetime.UTC).
    order.filled_at = datetime.utcnow()

tests/test_walk_forward_quality.py::TestProfitFactorZeroLoss::test_compute_metrics_zero_loss_all_wins
  /home/TacoPants/projects/Ayumi/.worktrees/reina-3e83f2c6-113-triage/tests/test_walk_forward_quality.py:50: DeprecationWarning: _compute_metrics called without bars_in_window; using the legacy Sharpe formula (per-trade dollar PnL annualised as if daily). This is the pre-fix Sharpe-inflation bug. Pass bars_in_window=<bars for this window> to receive the fixed returns-based Sharpe. Card 2bd35527.
    metrics = _compute_metrics(0, trades, initial_balance=10000.0)

tests/e2e/test_walk_forward.py::TestComputeMetrics::test_fewer_than_min_trades_fails_go_nogo
  /home/TacoPants/projects/Ayumi/.worktrees/reina-3e83f2c6-113-triage/tests/e2e/test_walk_forward.py:176: DeprecationWarning: _compute_metrics called without bars_in_window; using the legacy Sharpe formula (per-trade dollar PnL annualised as if daily). This is the pre-fix Sharpe-inflation bug. Pass bars_in_window=<bars for this window> to receive the fixed returns-based Sharpe. Card 2bd35527.
    m = _compute_metrics(0, trades)

tests/e2e/test_walk_forward.py::TestComputeMetrics::test_mixed_trades
  /home/TacoPants/projects/Ayumi/.worktrees/reina-3e83f2c6-113-triage/tests/e2e/test_walk_forward.py:211: DeprecationWarning: _compute_metrics called without bars_in_window; using the legacy Sharpe formula (per-trade dollar PnL annualised as if daily). This is the pre-fix Sharpe-inflation bug. Pass bars_in_window=<bars for this window> to receive the fixed returns-based Sharpe. Card 2bd35527.
    m = _compute_metrics(0, trades)

tests/e2e/test_walk_forward.py::TestComputeMetrics::test_max_drawdown
  /home/TacoPants/projects/Ayumi/.worktrees/reina-3e83f2c6-113-triage/tests/e2e/test_walk_forward.py:219: DeprecationWarning: _compute_metrics called without bars_in_window; using the legacy Sharpe formula (per-trade dollar PnL annualised as if daily). This is the pre-fix Sharpe-inflation bug. Pass bars_in_window=<bars for this window> to receive the fixed returns-based Sharpe. Card 2bd35527.
    m = _compute_metrics(0, trades, initial_balance=10000.0)

tests/e2e/test_walk_forward.py::TestComputeMetrics::test_exactly_min_trades_can_pass
  /home/TacoPants/projects/Ayumi/.worktrees/reina-3e83f2c6-113-triage/tests/e2e/test_walk_forward.py:194: DeprecationWarning: _compute_metrics called without bars_in_window; using the legacy Sharpe formula (per-trade dollar PnL annualised as if daily). This is the pre-fix Sharpe-inflation bug. Pass bars_in_window=<bars for this window> to receive the fixed returns-based Sharpe. Card 2bd35527.
    m = _compute_metrics(0, trades)

tests/e2e/test_walk_forward.py::TestComputeMetrics::test_profit_factor_no_losses
  /home/TacoPants/projects/Ayumi/.worktrees/reina-3e83f2c6-113-triage/tests/e2e/test_walk_forward.py:253: DeprecationWarning: _compute_metrics called without bars_in_window; using the legacy Sharpe formula (per-trade dollar PnL annualised as if daily). This is the pre-fix Sharpe-inflation bug. Pass bars_in_window=<bars for this window> to receive the fixed returns-based Sharpe. Card 2bd35527.
    m = _compute_metrics(0, trades)

tests/e2e/test_walk_forward.py::TestComputeMetrics::test_max_drawdown_with_custom_balance
  /home/TacoPants/projects/Ayumi/.worktrees/reina-3e83f2c6-113-triage/tests/e2e/test_walk_forward.py:229: DeprecationWarning: _compute_metrics called without bars_in_window; using the legacy Sharpe formula (per-trade dollar PnL annualised as if daily). This is the pre-fix Sharpe-inflation bug. Pass bars_in_window=<bars for this window> to receive the fixed returns-based Sharpe. Card 2bd35527.
    m = _compute_metrics(0, trades, initial_balance=1000.0)

tests/e2e/test_walk_forward.py::TestComputeMetrics::test_all_wins
  /home/TacoPants/projects/Ayumi/.worktrees/reina-3e83f2c6-113-triage/tests/e2e/test_walk_forward.py:167: DeprecationWarning: _compute_metrics called without bars_in_window; using the legacy Sharpe formula (per-trade dollar PnL annualised as if daily). This is the pre-fix Sharpe-inflation bug. Pass bars_in_window=<bars for this window> to receive the fixed returns-based Sharpe. Card 2bd35527.
    m = _compute_metrics(0, trades)

tests/e2e/test_walk_forward.py::TestComputeMetrics::test_max_drawdown_never_exceeds_one
  /home/TacoPants/projects/Ayumi/.worktrees/reina-3e83f2c6-113-triage/tests/e2e/test_walk_forward.py:237: DeprecationWarning: _compute_metrics called without bars_in_window; using the legacy Sharpe formula (per-trade dollar PnL annualised as if daily). This is the pre-fix Sharpe-inflation bug. Pass bars_in_window=<bars for this window> to receive the fixed returns-based Sharpe. Card 2bd35527.
    m = _compute_metrics(0, trades, initial_balance=10000.0)

tests/e2e/test_walk_forward.py::TestComputeMetrics::test_all_losses
  /home/TacoPants/projects/Ayumi/.worktrees/reina-3e83f2c6-113-triage/tests/e2e/test_walk_forward.py:202: DeprecationWarning: _compute_metrics called without bars_in_window; using the legacy Sharpe formula (per-trade dollar PnL annualised as if daily). This is the pre-fix Sharpe-inflation bug. Pass bars_in_window=<bars for this window> to receive the fixed returns-based Sharpe. Card 2bd35527.
    m = _compute_metrics(0, trades)

tests/e2e/test_walk_forward.py::TestComputeMetrics::test_balance_floor_prevents_negative
  /home/TacoPants/projects/Ayumi/.worktrees/reina-3e83f2c6-113-triage/tests/e2e/test_walk_forward.py:245: DeprecationWarning: _compute_metrics called without bars_in_window; using the legacy Sharpe formula (per-trade dollar PnL annualised as if daily). This is the pre-fix Sharpe-inflation bug. Pass bars_in_window=<bars for this window> to receive the fixed returns-based Sharpe. Card 2bd35527.
    m = _compute_metrics(0, trades, initial_balance=10000.0)

tests/unit/ctrader/test_tp_sl_submission.py: 11 warnings
  /home/TacoPants/projects/Ayumi/.worktrees/reina-3e83f2c6-113-triage/tests/unit/ctrader/test_tp_sl_submission.py:105: DeprecationWarning: datetime.datetime.utcnow() is deprecated and scheduled for removal in a future version. Use timezone-aware objects to represent datetimes in UTC: datetime.datetime.now(datetime.UTC).
    filled_at=datetime.utcnow(),

tests/unit/ctrader/test_tp_sl_submission.py: 11 warnings
  /home/TacoPants/projects/Ayumi/.worktrees/reina-3e83f2c6-113-triage/tests/unit/ctrader/test_tp_sl_submission.py:123: DeprecationWarning: datetime.datetime.utcnow() is deprecated and scheduled for removal in a future version. Use timezone-aware objects to represent datetimes in UTC: datetime.datetime.now(datetime.UTC).
    opened_at=datetime.utcnow(),

tests/unit/core/test_sweep_runner.py: 42 warnings
  /usr/lib/python3.12/multiprocessing/popen_fork.py:66: DeprecationWarning: This process (pid=1947759) is multi-threaded, use of fork() may lead to deadlocks in the child.
    self.pid = os.fork()

tests/strategies/test_signal_validator.py: 41 warnings
  /home/TacoPants/projects/Ayumi/.worktrees/reina-3e83f2c6-113-triage/tests/strategies/test_signal_validator.py:35: DeprecationWarning: datetime.datetime.utcnow() is deprecated and scheduled for removal in a future version. Use timezone-aware objects to represent datetimes in UTC: datetime.datetime.now(datetime.UTC).
    signal_time=signal_time or datetime.utcnow(),

tests/tournament/test_harness.py::test_scorecard_runs_unmodified_strategies
  /home/TacoPants/projects/Ayumi/.worktrees/reina-3e83f2c6-113-triage/src/tournament/harness.py:97: DeprecationWarning: BBRSIMeanReversion is deprecated (PF < 0.3 across all symbols). Use Dual-timeframe Squeeze Pro instead. See docs/research/strategy-optimization-research.md §A.6.
    return cls(config=None)

tests/strategies/test_srmr_plus.py::TestPipValue::test_gbpusd_pip
  /home/TacoPants/projects/Ayumi/.worktrees/reina-3e83f2c6-113-triage/tests/strategies/test_srmr_plus.py:189: DeprecationWarning: _pip_value_for_price is deprecated and mis-classifies XAUUSD; use utils.pip_value.pip_value_for_symbol instead.
    self.assertEqual(_pip_value_for_price(1.2600), 0.0001)

tests/strategies/test_srmr_plus.py::TestPipValue::test_usdjpy_pip
  /home/TacoPants/projects/Ayumi/.worktrees/reina-3e83f2c6-113-triage/tests/strategies/test_srmr_plus.py:192: DeprecationWarning: _pip_value_for_price is deprecated and mis-classifies XAUUSD; use utils.pip_value.pip_value_for_symbol instead.
    self.assertEqual(_pip_value_for_price(150.0), 0.01)

tests/strategies/test_bb_rsi_reversion.py::TestBBRSIMeanReversion::test_long_signal_when_price_at_lower_bb_rsi_oversold
  /home/TacoPants/projects/Ayumi/.worktrees/reina-3e83f2c6-113-triage/tests/strategies/test_bb_rsi_reversion.py:155: DeprecationWarning: BBRSIMeanReversion is deprecated (PF < 0.3 across all symbols). Use Dual-timeframe Squeeze Pro instead. See docs/research/strategy-optimization-research.md §A.6.
    strat = BBRSIMeanReversion(config=cfg)

tests/strategies/test_bb_rsi_reversion.py::TestBBRSIMeanReversion::test_returns_none_when_adx_high
  /home/TacoPants/projects/Ayumi/.worktrees/reina-3e83f2c6-113-triage/tests/strategies/test_bb_rsi_reversion.py:133: DeprecationWarning: BBRSIMeanReversion is deprecated (PF < 0.3 across all symbols). Use Dual-timeframe Squeeze Pro instead. See docs/research/strategy-optimization-research.md §A.6.
    strat = BBRSIMeanReversion(config=cfg)

tests/strategies/test_bb_rsi_reversion.py::TestBBRSIMeanReversion::test_custom_config
  /home/TacoPants/projects/Ayumi/.worktrees/reina-3e83f2c6-113-triage/tests/strategies/test_bb_rsi_reversion.py:108: DeprecationWarning: BBRSIMeanReversion is deprecated (PF < 0.3 across all symbols). Use Dual-timeframe Squeeze Pro instead. See docs/research/strategy-optimization-research.md §A.6.
    strat = BBRSIMeanReversion(config=cfg)

tests/strategies/test_bb_rsi_reversion.py::TestBBRSIMeanReversion::test_returns_none_in_ranging_flat_market
  /home/TacoPants/projects/Ayumi/.worktrees/reina-3e83f2c6-113-triage/tests/strategies/test_bb_rsi_reversion.py:125: DeprecationWarning: BBRSIMeanReversion is deprecated (PF < 0.3 across all symbols). Use Dual-timeframe Squeeze Pro instead. See docs/research/strategy-optimization-research.md §A.6.
    strat = BBRSIMeanReversion()

tests/strategies/test_bb_rsi_reversion.py::TestBBRSIMeanReversion::test_confidence_in_range
  /home/TacoPants/projects/Ayumi/.worktrees/reina-3e83f2c6-113-triage/tests/strategies/test_bb_rsi_reversion.py:237: DeprecationWarning: BBRSIMeanReversion is deprecated (PF < 0.3 across all symbols). Use Dual-timeframe Squeeze Pro instead. See docs/research/strategy-optimization-research.md §A.6.
    strat = BBRSIMeanReversion(config=cfg)

tests/strategies/test_bb_rsi_reversion.py::TestBBRSIMeanReversion::test_strategy_name
  /home/TacoPants/projects/Ayumi/.worktrees/reina-3e83f2c6-113-triage/tests/strategies/test_bb_rsi_reversion.py:103: DeprecationWarning: BBRSIMeanReversion is deprecated (PF < 0.3 across all symbols). Use Dual-timeframe Squeeze Pro instead. See docs/research/strategy-optimization-research.md §A.6.
    strat = BBRSIMeanReversion()

tests/strategies/test_bb_rsi_reversion.py::TestBBRSIMeanReversion::test_returns_none_outside_trading_hours
  /home/TacoPants/projects/Ayumi/.worktrees/reina-3e83f2c6-113-triage/tests/strategies/test_bb_rsi_reversion.py:118: DeprecationWarning: BBRSIMeanReversion is deprecated (PF < 0.3 across all symbols). Use Dual-timeframe Squeeze Pro instead. See docs/research/strategy-optimization-research.md §A.6.
    strat = BBRSIMeanReversion()

tests/strategies/test_bb_rsi_reversion.py::TestBBRSIMeanReversion::test_no_signal_without_bb_touch
  /home/TacoPants/projects/Ayumi/.worktrees/reina-3e83f2c6-113-triage/tests/strategies/test_bb_rsi_reversion.py:257: DeprecationWarning: BBRSIMeanReversion is deprecated (PF < 0.3 across all symbols). Use Dual-timeframe Squeeze Pro instead. See docs/research/strategy-optimization-research.md §A.6.
    strat = BBRSIMeanReversion(config=cfg)

tests/strategies/test_bb_rsi_reversion.py::TestBBRSIMeanReversion::test_short_signal_when_price_at_upper_bb_rsi_overbought
  /home/TacoPants/projects/Ayumi/.worktrees/reina-3e83f2c6-113-triage/tests/strategies/test_bb_rsi_reversion.py:184: DeprecationWarning: BBRSIMeanReversion is deprecated (PF < 0.3 across all symbols). Use Dual-timeframe Squeeze Pro instead. See docs/research/strategy-optimization-research.md §A.6.
    strat = BBRSIMeanReversion(config=cfg)

tests/strategies/test_bb_rsi_reversion.py::TestBBRSIMeanReversion::test_xauusd_pip_value
  /home/TacoPants/projects/Ayumi/.worktrees/reina-3e83f2c6-113-triage/tests/strategies/test_bb_rsi_reversion.py:269: DeprecationWarning: BBRSIMeanReversion is deprecated (PF < 0.3 across all symbols). Use Dual-timeframe Squeeze Pro instead. See docs/research/strategy-optimization-research.md §A.6.
    strat = BBRSIMeanReversion(config=cfg)

tests/strategies/test_bb_rsi_reversion.py::TestBBRSIMeanReversion::test_implements_isignalstrategy
  /home/TacoPants/projects/Ayumi/.worktrees/reina-3e83f2c6-113-triage/tests/strategies/test_bb_rsi_reversion.py:142: DeprecationWarning: BBRSIMeanReversion is deprecated (PF < 0.3 across all symbols). Use Dual-timeframe Squeeze Pro instead. See docs/research/strategy-optimization-research.md §A.6.
    strat = BBRSIMeanReversion()

tests/strategies/test_bb_rsi_reversion.py::TestBBRSIMeanReversion::test_signal_has_valid_sl_tp
  /home/TacoPants/projects/Ayumi/.worktrees/reina-3e83f2c6-113-triage/tests/strategies/test_bb_rsi_reversion.py:212: DeprecationWarning: BBRSIMeanReversion is deprecated (PF < 0.3 across all symbols). Use Dual-timeframe Squeeze Pro instead. See docs/research/strategy-optimization-research.md §A.6.
    strat = BBRSIMeanReversion(config=cfg)

tests/strategies/test_bb_rsi_reversion.py::TestBBRSIMeanReversion::test_returns_none_on_insufficient_bars
  /home/TacoPants/projects/Ayumi/.worktrees/reina-3e83f2c6-113-triage/tests/strategies/test_bb_rsi_reversion.py:112: DeprecationWarning: BBRSIMeanReversion is deprecated (PF < 0.3 across all symbols). Use Dual-timeframe Squeeze Pro instead. See docs/research/strategy-optimization-research.md §A.6.
    strat = BBRSIMeanReversion()

tests/strategies/test_bb_rsi_reversion.py::TestConfidenceFormula::test_confidence_bounded
tests/strategies/test_bb_rsi_reversion.py::TestConfidenceFormula::test_confidence_bounded
tests/strategies/test_bb_rsi_reversion.py::TestConfidenceFormula::test_confidence_bounded
tests/strategies/test_bb_rsi_reversion.py::TestConfidenceFormula::test_confidence_bounded
tests/strategies/test_bb_rsi_reversion.py::TestConfidenceFormula::test_confidence_bounded
tests/strategies/test_bb_rsi_reversion.py::TestConfidenceFormula::test_confidence_bounded
tests/strategies/test_bb_rsi_reversion.py::TestConfidenceFormula::test_confidence_bounded
tests/strategies/test_bb_rsi_reversion.py::TestConfidenceFormula::test_moderate_distance_higher_than_extreme
tests/strategies/test_bb_rsi_reversion.py::TestConfidenceFormula::test_moderate_distance_higher_than_extreme
  /home/TacoPants/projects/Ayumi/.worktrees/reina-3e83f2c6-113-triage/tests/strategies/test_bb_rsi_reversion.py:285: DeprecationWarning: BBRSIMeanReversion is deprecated (PF < 0.3 across all symbols). Use Dual-timeframe Squeeze Pro instead. See docs/research/strategy-optimization-research.md §A.6.
    strat = BBRSIMeanReversion(config=cfg)

tests/integration/test_ctrader_models.py::TestMarketDataSnapshot::test_market_data_mid
tests/integration/test_ctrader_models.py::TestMarketDataSnapshot::test_market_data_spread
  <string>:7: DeprecationWarning: datetime.datetime.utcnow() is deprecated and scheduled for removal in a future version. Use timezone-aware objects to represent datetimes in UTC: datetime.datetime.now(datetime.UTC).

-- Docs: https://docs.pytest.org/en/stable/how-to/capture-warnings.html
=========================== short test summary info ============================
FAILED tests/unit/backtest/test_crisis_replay.py::TestRunCrisisReplay::test_with_synthetic_data
FAILED tests/unit/risk/test_risk_lifecycle.py::TestRepoDataWriteGuard::test_negative_unisolated_signal_stats_write_is_caught
FAILED tests/unit/strategies/test_canary_disable.py::TestCanaryEnvGating::test_env_var_not_set_means_disabled
FAILED tests/test_dsr.py::TestDSRCLI::test_cli_insufficient_trades - assert 1...
FAILED tests/test_dsr.py::TestDSRCLI::test_cli_inline_pnls - AssertionError: ...
FAILED tests/test_dsr.py::TestDSRCLI::test_cli_input_file - AssertionError: s...
FAILED tests/test_bootstrap_ci.py::TestCLI::test_cli_empty_input - AssertionE...
FAILED tests/test_bootstrap_ci.py::TestCLI::test_cli_file_not_found - assert ...
FAILED tests/test_bootstrap_ci.py::TestCLI::test_cli_basic - AssertionError: ...
FAILED tests/integration/test_ctrader_risk_guard.py::TestRiskGuard::test_record_trade_updates_peak_balance
FAILED tests/integration/test_ctrader_risk_guard.py::TestRiskGuard::test_record_trade_updates_balance
FAILED tests/integration/test_ctrader_risk_guard.py::TestFTMOProfile::test_default_challenge_profile
FAILED tests/integration/test_ctrader_risk_guard.py::TestFTMOProfile::test_exceeds_daily_limit_raises
FAILED tests/integration/test_ctrader_risk_guard.py::TestDailyLossNoTradesGuard::test_daily_loss_still_triggers_after_trades
FAILED tests/strategies/test_stat_arb_strategy.py::TestStatArbStrategyIntegration::test_strategy_implements_interface
FAILED tests/unit/core/test_type_identity_parity.py::TestTradeOutcomeParity::test_classes_are_same_type
FAILED tests/unit/core/test_type_identity_parity.py::TestTradeOutcomeParity::test_equality_holds
FAILED tests/unit/core/test_type_identity_parity.py::TestTradeOutcomeParity::test_members_are_identical
FAILED tests/e2e/test_backtest_engine_close_all.py::TestCloseAllOpenTradesExitPrice::test_single_trade_closed_at_last_bar_close
FAILED tests/e2e/test_backtest_engine_close_all.py::TestCloseAllOpenTradesExitPrice::test_multiple_trades_closed_at_last_bar_close
FAILED tests/integration/test_ctrader_order_manager.py::TestOrderManager::test_stop_loss_triggers_with_real_ask_for_short
FAILED tests/integration/test_ctrader_order_manager.py::TestOrderManager::test_stop_loss_triggers_with_real_bid_for_long
FAILED tests/integration/test_ctrader_order_manager.py::TestOrderManager::test_stop_loss_does_not_trigger_with_zero_bid_ask
FAILED tests/integration/test_ctrader_paper_trader.py::TestPaperTrader::test_update_market_prices_without_bid_ask_does_not_trigger_stop_loss
FAILED tests/unit/risk/test_live_balance_persistence.py::TestStartupSanityGate::test_sanity_gate_allows_balance_near_zero
FAILED tests/unit/risk/test_kill_switch_auto.py::TestHeartbeatAtomicWrite::test_heartbeat_atomic_write
FAILED tests/unit/risk/test_kill_switch_auto.py::TestHeartbeatAtomicWrite::test_heartbeat_multiple_writes
FAILED tests/unit/risk/test_kill_switch_auto.py::TestHeartbeatAtomicWrite::test_heartbeat_engine_not_running
FAILED tests/e2e/test_multi_symbol_engine.py::TestAllowedTimeframes::test_invalid_tf_rejected
FAILED tests/unit/core/test_sweep_runner.py::TestSweepRunner::test_sequential_run_produces_9_results
FAILED tests/unit/core/test_sweep_runner.py::TestSweepRunner::test_parallel_run_produces_9_results
FAILED tests/unit/core/test_sweep_runner.py::TestSweepRunner::test_all_grid_points_produce_results
FAILED tests/unit/core/test_sweep_runner.py::TestSweepRunner::test_sequential_and_parallel_produce_identical_results
FAILED tests/unit/core/test_sweep_runner.py::TestSweepRunner::test_to_csv_produces_parseable_file
FAILED tests/unit/core/test_sweep_runner.py::TestSweepRunner::test_to_json_produces_parseable_file
FAILED tests/strategies/test_kelly_criterion.py::test_compute_kelly_multiplier_extreme_high_win_rate
FAILED tests/strategies/test_kelly_criterion.py::test_compute_kelly_multiplier_with_known_trades
FAILED tests/strategies/test_regime_switching_router.py::TestRegimeSwitchingRouterWalkForward::test_walk_forward_gbp_usd_h1
FAILED tests/strategies/test_regime_switching_router.py::TestRegimeSwitchingRouterWalkForward::test_walk_forward_gbp_jpy_h1
FAILED tests/strategies/test_regime_switching_router.py::TestRegimeSwitchingRouterWalkForward::test_walk_forward_eur_usd_h1
FAILED tests/strategies/test_kelly_backtest_integration.py::TestKellySuppression::test_zero_edge_skips_trade
FAILED tests/unit/quant/test_walk_forward_analysis.py::TestEdgeCases::test_report_generation
FAILED tests/strategies/test_amalgamation_ict_only.py::TestAmalgamationICTOnly::test_no_indicator_strategies_loaded
FAILED tests/strategies/test_amalgamation_ict_only.py::TestAmalgamationICTOnly::test_ict_smc_strategy_default_when_empty
FAILED tests/unit/monitoring/test_drift_detector.py::test_check_card_staleness_warns_and_auto_creates
FAILED tests/unit/monitoring/test_drift_detector.py::test_auto_create_stale_card_noop_for_warn
FAILED tests/integration/test_xauusd_pip_calculation.py::TestSymbolInfo::test_xauusd_metadata
FAILED tests/integration/test_xauusd_pip_calculation.py::TestSymbolInfo::test_xauusd_not_treated_as_jpy_pair
FAILED tests/integration/test_xauusd_pip_calculation.py::TestSymbolInfo::test_case_insensitive_lookup
FAILED tests/e2e/test_vaps_engine.py::TestVAPSBacktestEngine::test_vaps_modifies_lot_size
FAILED tests/e2e/test_vaps_engine.py::TestVAPSBacktestEngine::test_atr_history_populated
FAILED tests/unit/srf/test_drift_monitor.py::TestDriftMonitor::test_check_drift_stable
FAILED tests/strategies/test_london_breakout_retest.py::test_smoke_produces_signals
FAILED tests/strategies/test_london_breakout_retest.py::test_no_signals_outside_london
FAILED tests/unit/stress/test_regime_generator.py::TestBootstrapSyntheticReturns::test_synthetic_returns_match_gmm_distribution
FAILED tests/e2e/test_live_trading_execution.py::TestSignalEvaluation::test_evaluate_strategy_returns_none_insufficient_bars
FAILED tests/e2e/test_live_trading_execution.py::TestSignalEvaluation::test_evaluate_strategy_handles_low_confidence
FAILED tests/e2e/test_live_trading_execution.py::TestLiveTradingExecutorConfig::test_execution_config_custom
FAILED tests/e2e/test_live_trading_execution.py::TestLiveTradingExecutorConfig::test_execution_config_defaults
FAILED tests/e2e/test_live_trading_execution.py::TestLiveTradingExecutorUnit::test_executor_calculate_atr
FAILED tests/e2e/test_live_trading_execution.py::TestLiveTradingExecutorUnit::test_create_strategy_config_returns_valid_config
FAILED tests/e2e/test_live_trading_execution.py::TestLiveTradingExecutorUnit::test_executor_initializes_with_defaults
FAILED tests/e2e/test_live_trading_execution.py::TestLiveTradingExecutorUnit::test_executor_calculate_atr_insufficient_bars
FAILED tests/e2e/test_live_trading_execution.py::TestTradeSignalCreation::test_trade_signal_from_strategy_signal
FAILED tests/integration/test_bar_builder.py::TestBarIntegrity::test_integrity_assertion_fails_high
FAILED tests/integration/test_bar_builder.py::TestBarIntegrity::test_integrity_assertion_fails_low
FAILED tests/integration/test_reconnect_logic.py::TestReconnectLogic::test_reconnect_recovers_to_authenticated
FAILED tests/strategies/test_grid_strategy.py::TestGridMultiPairSupport::test_xauusd_pip_size
FAILED tests/e2e/test_portfolio_backtest.py::TestInventoryStrategies::test_inventory_records_signals
FAILED tests/e2e/test_portfolio_backtest.py::TestInventoryStrategies::test_inventory_skips_never_signal
FAILED tests/e2e/test_portfolio_backtest.py::TestInventoryStrategies::test_inventory_runs_all_strategies
FAILED tests/strategies/ict/test_order_block.py::TestOrderBlockDetector::test_detects_bullish_order_block
FAILED tests/strategies/ict/test_order_block.py::TestOrderBlockDetector::test_detects_bearish_order_block
FAILED tests/strategies/ict/test_order_block.py::TestOrderBlockDetector::test_empty_bars_returns_empty
FAILED tests/strategies/test_bb_rsi_reversion.py::TestBBRSIMeanReversion::test_implements_isignalstrategy
FAILED tests/unit/strategies/test_dual_tf_squeeze_pro.py::TestH1Aggregation::test_h1_bars_built_from_m15
FAILED tests/unit/strategies/test_dual_tf_squeeze_pro.py::TestH1Aggregation::test_new_hour_creates_new_h1_bar
FAILED tests/unit/strategies/test_dual_tf_squeeze_pro.py::TestDualTFSqueezeProBasics::test_reset_clears_state
FAILED tests/integration/test_connection_manager_wiring.py::TestWatchdogWiringDegraded::test_watchdog_marks_silence_as_degraded
FAILED tests/unit/srf/test_weekly_sweep.py::TestMainExitCode::test_main_returns_zero_when_sweep_succeeds
FAILED tests/unit/srf/test_weekly_sweep.py::TestResolveDataPath::test_default_pairs_resolve_to_existing_files
FAILED tests/unit/srf/test_weekly_sweep.py::TestWeeklySweepMockedRunner::test_total_combos_is_cartesian_product
FAILED tests/unit/srf/test_weekly_sweep.py::TestWeeklySweepMockedRunner::test_status_ok_when_any_success
FAILED tests/e2e/test_multitf_forward_test.py::TestBarIntegrityAssertion::test_invalid_bar_fails
FAILED tests/e2e/test_multitf_forward_test.py::TestStartupAssertions::test_strategy_name_mismatch_fails
FAILED tests/e2e/test_multitf_forward_test.py::TestStartupAssertions::test_invalid_timeframe_fails
FAILED tests/e2e/test_multi_strategy_forward.py::TestCorrelationGate::test_case_insensitive
FAILED tests/e2e/test_multi_strategy_forward.py::TestCorrelationGate::test_blocks_duplicate_symbol_direction
FAILED tests/e2e/test_multi_strategy_forward.py::TestStrategyRegistration::test_strategy_id_map_complete
FAILED tests/integration/test_signals_traded_counter.py::TestSignalsTradedCounter::test_signals_traded_does_not_increment_on_rejected_or_timeout
FAILED tests/integration/test_signals_traded_counter.py::TestSignalsTradedCounter::test_signals_traded_does_not_increment_when_live_execution_returns_none
FAILED tests/strategies/test_donchian_atr_trend_v2.py::TestDonchianATRTrendV2::test_implements_isignalstrategy
FAILED tests/e2e/test_forward_test_engine_reconnect.py::TestMarketClosedSuppressesReconnect::test_reconnect_still_fires_when_market_open_and_disconnected
FAILED tests/e2e/test_forward_test_engine_reconnect.py::TestMarketClosedSuppressesReconnect::test_reconnect_fires_when_market_closed_and_feed_disconnected
FAILED tests/e2e/test_forward_test_engine_reconnect.py::TestCheckConnectionHealthResetsCounter::test_unhealthy_connection_does_not_reset_counter
FAILED tests/e2e/test_forward_test_engine_reconnect.py::TestReconnectCircuitBreaker::test_custom_max_reconnect_attempts
FAILED tests/e2e/test_forward_test_engine_reconnect.py::TestReconnectCircuitBreaker::test_reconnect_counter_resets_on_successful_reconnect
FAILED tests/e2e/test_forward_test_engine_reconnect.py::TestReconnectCircuitBreaker::test_reconnect_does_not_trip_below_max
FAILED tests/e2e/test_forward_test_engine_reconnect.py::TestReconnectCircuitBreaker::test_reconnect_stops_engine_after_max_attempts
FAILED tests/integration/test_connection_manager.py::TestDataAvailable::test_subscribing_not_available
FAILED tests/integration/test_connection_manager.py::TestDataAvailable::test_disconnected_not_available
FAILED tests/test_correlation.py::TestCorrelationCLI::test_cli_output_file - ...
FAILED tests/test_correlation.py::TestCorrelationCLI::test_cli_missing_file
FAILED tests/test_correlation.py::TestCorrelationCLI::test_cli_basic - Assert...
FAILED tests/e2e/test_portfolio_blend.py::test_filter_strategies_removes_low_wr
FAILED tests/e2e/test_portfolio_blend.py::test_filter_strategies_multiple_reasons
FAILED tests/e2e/test_portfolio_blend.py::test_walk_forward_data_map_no_collision_for_duplicate_strategy_names
FAILED tests/strategies/ict/test_fvg.py::TestFVGDetector::test_detects_bullish_fvg
FAILED tests/strategies/ict/test_fvg.py::TestFVGDetector::test_get_all_unfilled
FAILED tests/strategies/ict/test_fvg.py::TestFVGDetector::test_empty_bars_returns_empty
FAILED tests/strategies/ict/test_fvg.py::TestFVGDetector::test_detects_bearish_fvg
FAILED tests/e2e/test_grid_backtest.py::test_grid_backtest_gbpjpy - FileNotFo...
FAILED tests/e2e/test_grid_backtest.py::test_grid_backtest_eurusd - FileNotFo...
FAILED tests/e2e/test_portfolio_risk_guard.py::TestPortfolioRiskGuard::test_circuit_breaker_via_drawdown
ERROR tests/integration/test_forward_test_execution_chain.py::TestPositionMonitoringSLHit::test_loss_calculated_correctly_on_sl_hit
ERROR tests/integration/test_forward_test_execution_chain.py::TestPositionMonitoringSLHit::test_short_position_closes_when_sl_hit
ERROR tests/integration/test_forward_test_execution_chain.py::TestPositionMonitoringTPHit::test_pnl_calculated_correctly_on_tp_hit
ERROR tests/integration/test_forward_test_execution_chain.py::TestPositionMonitoringTPHit::test_position_no_longer_in_open_list_after_tp
ERROR tests/integration/test_forward_test_execution_chain.py::TestPositionMonitoringTPHit::test_position_closes_when_tp_hit
ERROR tests/unit/forward_test/test_pnl_drift.py::TestRootB_PaperTraderNoDoubleCount::test_close_position_balance_matches_recompute
ERROR tests/unit/forward_test/test_blend_position_close.py::test_mapping_skips_cancelled_signal_when_synthetic_identity_arrives
ERROR tests/unit/forward_test/test_blend_position_close.py::test_blend_short_position_is_mirrored_as_short_and_closes_on_take_profit
ERROR tests/unit/forward_test/test_blend_position_close.py::test_blend_accepted_position_is_mirrored_and_closes_on_stop
ERROR tests/unit/core/test_blend_runner.py::TestBlendForwardTestRunner::test_state_save_on_stop
ERROR tests/unit/core/test_blend_runner.py::TestBlendForwardTestRunner::test_state_restore_on_start
ERROR tests/unit/core/test_blend_runner.py::TestBlendForwardTestRunner::test_fill_handling_updates_balance
ERROR tests/unit/core/test_blend_runner.py::TestBlendForwardTestRunner::test_multiple_signals_in_sequence
ERROR tests/unit/core/test_blend_runner.py::TestBlendForwardTestRunner::test_signal_processing
ERROR tests/integration/test_ctrader_paper_trader.py::TestPaperTrader::test_close_position
ERROR tests/integration/test_ctrader_paper_trader.py::TestPaperTrader::test_update_market_prices_with_bid_ask_triggers_stop_loss_for_long
ERROR tests/integration/test_ctrader_paper_trader.py::TestPaperTrader::test_update_market_prices_without_bid_ask_does_not_trigger_stop_loss
ERROR tests/integration/test_ctrader_paper_trader.py::TestPaperTrader::test_close_all_positions
ERROR tests/unit/adapters/ctrader/test_preflight_seed.py::TestLiveModeBlock::test_paper_mode_ignores_validation_flag
ERROR tests/strategies/ict/test_confluence.py::TestConfluenceEngine::test_take_profit_levels_decreasing_for_short
ERROR tests/strategies/ict/test_confluence.py::TestConfluenceEngine::test_evaluate_returns_signal_or_none
ERROR tests/strategies/ict/test_confluence.py::TestConfluenceEngine::test_confidence_below_threshold_returns_none
ERROR tests/strategies/ict/test_confluence.py::TestConfluenceEngine::test_signal_has_required_fields
ERROR tests/strategies/ict/test_confluence.py::TestConfluenceEngine::test_take_profit_levels_increasing_for_long
ERROR tests/strategies/ict/test_confluence.py::TestConfluenceEngine::test_risk_reward_calculation
ERROR tests/e2e/test_forward_test_engine_wiring.py::TestExecuteSignalLiveWorksWithoutPaperTrader::test_outcome_filled_when_paper_trader_is_none
ERROR tests/integration/test_launch_blend_forward_test_startup_retry.py::test_engine_start_succeeds_after_two_failures
ERROR tests/integration/test_launch_blend_forward_test_startup_retry.py::test_engine_start_final_exception_terminates_loop
ERROR tests/integration/test_launch_blend_forward_test_startup_retry.py::test_engine_start_exhausts_retry_budget
ERROR tests/integration/test_launch_blend_forward_test_startup_retry.py::test_engine_start_raises_treated_as_transient
ERROR tests/integration/test_launch_blend_forward_test_startup_retry.py::test_engine_start_succeeds_first_attempt
ERROR tests/unit/test_blend_runner_signal_stats_wiring.py::test_on_fill_records_outcome_line
114 failed, 6864 passed, 59 skipped, 5 deselected, 6 xfailed, 3 xpassed, 999 warnings, 32 errors, 15 subtests passed in 756.76s (0:12:36)
